-3.482328899,-6.477901253,16.0981094,1.233852734,-6.228596002,8.876617134,1
-4.278348713,-4.959411201,16.76513555,-5.711104833,-0.706087789,23.36893926,1
-5.659817314,-2.896051015,18.10101103,-12.1552396,3.436152587,35.49518665,1
-4.146948017,3.867905927,17.40879085,-9.938995493,5.83648113,28.61479853,1
-3.296830118,3.344914226,11.21194796,-8.502324286,6.834304501,24.13490118,1
-0.951344262,9.384170184,8.403744648,-6.304356413,13.72117272,16.28842873,1
0.110939263,10.66966894,3.711576017,-3.29382427,14.37504635,10.99475013,1
0.939654226,6.542821135,-0.414839271,-1.723537273,14.65107395,8.107039353,2
1.195359277,9.384210387,-3.785339758,-0.680662301,13.91621697,5.70932745,2
1.442860855,8.257208532,-6.765539972,0.230242171,12.50351569,4.040417877,2
1.751238382,7.663031664,-9.463799883,1.122572808,11.94423648,2.12501693,2
2.027121612,8.713386658,-11.62429362,2.304006057,11.52816034,-0.500645167,3
2.815028332,5.860793684,-14.10507279,3.889830587,9.709157715,-3.543464883,3
3.258582862,4.42077867,-16.11489545,5.671427967,8.222163052,-7.404940256,3
3.073240062,0.850764678,-17.930292,8.005104657,6.187254364,-12.46539718,3
1.753567842,-1.066745866,-18.65544626,11.46983926,2.011902923,-18.53849519,3
-1.302103521,-9.069229056,-10.85462923,15.23004913,-9.002449864,-22.94166323,4
-2.633952452,-14.34733222,-1.200340544,18.0634772,-11.3415089,-23.51914091,4
-3.079893524,-10.0589835,7.717131946,15.09171929,-11.71928448,-15.29167583,4
-1.956021906,-6.711435709,14.54008184,9.891499797,-6.903252482,-2.946717083,4
-1.20830929,-4.416788959,19.99297046,3.857611587,-2.93223898,11.3477713,1
-1.721236992,-3.485977911,20.59715979,-2.399360021,0.952105057,26.57228726,1
-3.319351464,-3.23317132,20.71249552,-9.373020968,7.106825408,38.08268493,1
-3.151445846,5.133746762,21.95877113,-9.401721714,7.678223956,39.10281869,1
-2.148582333,6.606062124,18.73949068,-6.893866403,10.53004935,30.28385927,1
0.35708945,11.51409883,14.58191267,-4.543819163,14.66447011,22.79503643,1
1.317797211,12.39370286,9.632060827,-1.64045475,14.90725056,17.29083716,1
2.325730782,9.028814721,4.463056101,1.044582926,9.178230871,14.78149631,2
2.971013862,5.997733758,0.249966721,1.930586891,10.16412843,11.28565107,2
3.258381712,4.092827842,-2.71578716,2.880601123,8.211902671,9.054520741,2
3.258819812,3.173226355,-5.582832127,3.593925179,7.167595785,6.75307616,2
2.992498602,4.178126728,-8.129606776,4.309485997,6.094916786,4.152443554,3
3.085746022,4.930345974,-10.419182,5.094193167,5.066741685,1.445451484,3
3.406374172,2.597729371,-12.55323916,6.214249417,3.805495022,-2.641978762,3
3.356447502,-0.0245952469,-14.3163989,7.889717637,2.166411597,-7.448267023,3
2.822006602,-3.067275001,-15.87387251,10.45299358,-0.284368903,-12.84763649,3
1.015031479,-6.953951498,-15.32276168,13.82839586,-4.811264265,-19.64388743,4
-2.755497544,-7.807529187,-5.389996596,16.09543948,-12.26507093,-21.99075186,4
-2.396810105,-10.90130765,4.125085274,13.98146922,-8.294661286,-20.05968752,4
-1.348205797,-4.851481405,12.90595673,8.359309787,-4.359224437,-11.20559756,4
-0.752319957,-1.527555786,19.42089483,1.890718553,-0.267735466,1.091890833,1
-0.661138408,1.781134101,24.5669497,-3.967992402,2.147233972,15.58041796,1
-1.804742252,0.913685846,23.59930465,-9.981718665,5.718267843,29.75848424,1
-3.377551968,2.187384537,24.31441354,-14.5971045,9.672727192,38.54762132,1
-3.316622553,11.39995191,23.71736058,-12.27950264,9.305194693,34.76464385,1
-2.078991225,10.98065226,17.52802943,-8.815391882,12.16682986,26.54650583,1
0.775307407,16.18999725,12.63174556,-7.138947567,19.7083832,18.41934824,1
2.380333102,16.46119713,8.012010215,-3.882351788,15.90097054,13.89094167,2
2.843247412,10.19746957,3.074640699,-1.567930862,12.77655021,11.45542669,2
2.905978562,9.374652321,-0.53098676,-0.335510956,12.52086369,8.403613505,2
3.101716342,8.514506817,-3.401690538,0.886708737,11.01522474,6.017885828,2
3.310539462,7.486346245,-5.921090059,2.029356835,10.22898757,3.077686984,3
3.541033402,8.325183482,-8.631113811,3.393650183,9.499401477,0.201750761,3
3.985005692,5.992085999,-11.42547405,4.898600227,7.352033628,-2.655333153,3
4.230697012,4.108906107,-14.01754487,6.773468227,4.925249039,-6.528436002,3
3.572780302,0.902916437,-16.25558997,9.142189157,2.182601312,-11.97427926,3
1.873388882,-1.502773849,-16.4515079,12.25772004,-2.956409274,-18.38730843,4
-0.921862434,-8.866418896,-10.89623358,15.46595658,-12.35487685,-23.75449038,4
-3.507315738,-13.38336217,-0.964061504,17.59360562,-15.28928233,-25.82579015,4
-2.542875078,-9.424999406,7.317643225,13.35156693,-12.51722932,-14.71130599,4
-2.085774833,-6.44208182,13.94854784,7.784324517,-9.64252645,-0.0254097041,4
-2.11341584,-3.72389676,18.2945452,1.582645099,-3.694604638,14.94911721,1
-2.58728555,-2.666832527,19.43647571,-5.260347255,0.874658752,29.06397567,1
-3.94672578,-1.499276941,19.59459426,-11.13778177,3.623048677,40.71117069,1
-2.443561277,5.376399981,19.47270761,-8.931650701,3.907165545,35.03297376,1
-1.284128207,3.27402361,13.20755695,-5.944779259,9.617172815,26.81226751,1
-0.696884434,11.11100124,10.07124573,-3.769770371,14.59830366,19.77049365,1
-1.201881479,13.27848025,4.88457576,-1.717488821,14.22500681,14.933088,1
-0.543002978,8.873506192,0.349497407,-0.118697611,13.20496419,12.34975538,2
0.20162648,10.92936208,-2.270572227,0.995529314,12.50663715,8.995338627,2
0.687671084,7.981673704,-4.860632031,1.987544886,10.29262913,6.772252855,2
1.007961708,6.930584965,-7.684399503,2.637814513,9.178920096,4.806651349,2
1.231900862,7.86868616,-10.23839792,3.653543989,8.206263503,1.995972865,3
1.905680172,5.687994782,-12.92464032,4.860935337,5.981655078,-1.384227379,3
2.449663602,2.746761835,-15.10320455,6.231615987,4.007676176,-5.412106789,3
2.429240232,-0.490252562,-16.7818106,7.900489807,2.180092918,-10.53127661,3
0.997516419,-3.621328669,-17.33835015,10.96523357,-2.532581151,-17.08444486,3
-1.75859334,-10.54505011,-11.97319468,14.05744409,-10.68061878,-22.91344804,4
-4.668061469,-13.57236326,-1.632154887,15.64846087,-15.15900726,-25.54614265,4
-4.231548455,-13.22416803,7.882654874,11.69250164,-12.95224242,-20.63931036,4
-3.467813209,-8.435247266,14.74151884,4.975613277,-9.6538409,-6.905103862,4
-3.47203628,-3.882109288,19.60511484,-1.740084974,-3.178674783,7.899915027,1
-3.924012657,-1.577451676,21.43360196,-8.435795802,2.034008847,22.36890109,1
-5.48550891,-2.703575867,20.84975825,-13.9694047,4.620493516,35.11159809,1
-5.019618519,2.030232916,20.4062465,-12.37464519,6.067031545,32.51394165,1
-4.151429153,3.410053674,14.92322758,-8.831324566,6.88493894,22.90056025,1
-3.96163766,3.48510101,11.11741893,-6.920391441,9.439226616,15.56658221,1
-1.402996825,7.285023098,7.052248087,-3.4768589,17.82543361,7.179727454,1
1.030789082,5.403100937,1.616582719,0.0906757902,11.85377727,5.060441078,2
1.483216666,6.312497721,-1.622421252,1.064115059,11.84095469,2.603782034,2
1.701050012,5.571244969,-4.672904309,1.743708082,10.19579966,1.006422895,2
1.994108462,4.23303058,-7.830262014,2.28319263,8.909580691,-0.283789011,2
1.883637632,3.80150339,-10.57294962,3.00511144,7.624150142,-2.311056728,3
2.577571032,3.67473531,-12.94137491,4.341145177,5.973881526,-5.47194616,3
3.219372602,0.739900895,-15.24103917,5.492843307,4.4151577,-8.974417841,3
3.426496272,-1.53696052,-17.11183729,6.899373447,3.021491578,-13.09028292,3
2.963490822,-4.636151069,-18.80620106,8.730409497,1.399177373,-18.33094991,3
1.669341832,-6.068787255,-19.88013827,11.21411763,-1.429813014,-24.80895731,4
-1.622741582,-11.75978863,-11.0483979,13.86643508,-12.07505778,-29.51020718,4
-1.760994253,-15.74762159,-1.031813489,14.54949228,-10.5305102,-28.89958934,4
-1.525664356,-7.708383008,8.986810518,10.4718621,-6.945718937,-20.17977692,4
-0.167206701,-4.06435074,16.04548719,4.773712317,-3.342979605,-7.227996603,1
0.332419667,-1.121482975,20.90962274,-0.973180203,-0.635411761,7.671556344,1
-0.755169541,-0.414647479,21.61407332,-7.286686052,4.244305139,22.51055385,1
-2.201105602,-1.85141671,20.33600699,-13.1280616,7.922196572,34.67232078,1
-2.643437663,3.878438236,21.47268312,-15.8468289,8.346137039,39.71626638,1
-0.938523647,8.746000958,19.33359406,-12.91887355,9.322629091,32.33506744,1
-0.188509067,11.33865248,12.94686676,-11.21816441,12.29637803,27.0417539,1
0.793811681,11.13692699,8.112403907,-8.150976741,9.628162293,21.96490714,2
1.536842258,6.721371943,3.09697277,-5.67835654,7.002031591,19.10606468,2
1.806318652,7.44311919,-0.316393505,-4.147038357,7.080070342,15.67487566,2
2.278291482,6.440006933,-3.261169547,-2.771543075,5.804473358,12.62502366,2
2.456779782,4.780488557,-5.939722593,-1.803489707,4.751993967,9.80005511,2
2.605766352,3.9924479,-8.47567982,-0.753422677,4.336763022,6.373215887,3
2.966087162,3.772285561,-11.18479202,0.595345884,3.120557485,2.751252251,3
3.398813732,2.316745989,-13.68723071,1.924849334,2.461362565,-1.715240647,3
3.351366102,-1.174401237,-15.4992491,4.266012147,0.234765161,-7.277250943,3
2.138259772,-4.498361582,-17.03335841,7.082094397,-3.099562426,-13.90964949,3
0.0191649606,-9.488431626,-16.4782858,10.80311943,-8.976506446,-20.93031183,4
-3.327411017,-12.72212243,-9.128658434,13.40172831,-17.01347173,-26.97186245,4
-5.463196915,-16.11284847,1.493099838,13.72015909,-16.37328168,-29.46600383,4
-4.572089212,-8.329477216,10.72298281,8.493998237,-13.74523251,-18.36585951,4
-3.733532575,-4.65345312,16.97671685,2.883389092,-11.90618178,-2.901621119,4
-3.799929067,-1.291259315,21.15288658,-2.576026032,-6.56488534,13.32956581,1
-4.641333602,-1.291109936,21.64182412,-8.870116559,-2.818060035,28.1031936,1
-5.146327249,5.30229684,22.87379016,-12.04441105,2.867851446,32.20589674,1
-4.401018835,14.3080968,21.81123753,-10.39417589,5.236633419,25.67078533,1
-3.527902698,12.81930288,15.39979929,-8.166917912,3.96184257,22.12711685,1
-2.607818636,12.05080088,11.7452547,-5.812469164,6.480931759,15.68193188,1
-0.812836368,10.95135856,6.647785213,-2.473849534,2.272552945,13.00365281,1
-0.151470823,6.855345414,2.460347281,-0.883930619,2.495084394,10.14708005,2
0.159873148,9.30634253,-0.882266405,0.0426909952,2.250629524,7.526152621,2
0.419158186,7.462200585,-4.080277702,0.876699832,1.236301785,5.408154381,2
0.490199333,6.894946778,-6.894251436,1.547632741,0.313839687,3.171249974,2
0.662910356,8.15176949,-9.356143928,2.292604296,0.421002603,0.282268535,3
1.009648276,8.236002808,-11.73226277,3.292562082,-0.24026057,-2.9108632,3
1.487790778,6.535056833,-13.90699607,4.448949047,-0.829663843,-6.856736945,3
1.270212421,2.365458526,-15.30783922,6.470313667,-2.661697665,-12.04328457,3
0.296409289,-1.693614098,-16.51913399,9.255638827,-6.263925691,-18.23426425,3
-2.330608972,-5.695053617,-14.45526935,12.6538596,-12.98737516,-24.48213453,4
-5.905177898,-5.81301376,-5.052838551,14.47980343,-20.33505615,-27.4363908,4
-5.745254612,-1.151445685,4.377211344,10.62774416,-18.53090326,-18.84561467,4
-4.192053615,1.990700131,11.13100499,6.025111977,-14.82410749,-6.041788629,4
-3.635532261,3.591148297,16.34042578,1.123600349,-10.69156426,8.727886468,1
-3.710295804,5.665068969,18.77584183,-4.583840118,-5.603688059,23.6938144,1
-5.232061734,6.193822209,19.99124276,-9.762743532,-0.678173974,32.68059473,1
-5.268449665,12.419138,20.80267072,-9.168038446,2.166841483,30.85612799,1
-4.040836942,14.78805087,17.52007642,-6.661985845,4.459072604,22.36594294,1
-4.244185538,15.00498862,12.62083338,-4.398560569,5.037448002,15.77854952,1
-2.40773737,17.73652989,8.116547407,-1.588596303,5.944737318,11.68582051,1
-1.561574149,12.29427333,3.152503869,0.947033792,0.467912097,9.983954089,2
-1.13110778,10.81092125,-0.40305851,1.603950266,2.215596213,7.164037171,2
-0.837445043,10.03161224,-3.922840881,2.352705896,0.888638081,5.202731196,2
-0.356768243,9.538974547,-6.74259406,3.048740771,0.745292622,2.785485598,2
0.0012207056,8.593625175,-9.410061996,4.017849017,-0.170038002,0.209211438,3
0.520677481,8.104702757,-11.82985756,4.935785217,-0.683546787,-2.703492493,3
1.035124368,6.118752087,-14.19095871,6.083539167,-1.577379586,-6.15573075,3
1.341735033,3.779794164,-16.07697397,7.661222217,-2.584880204,-10.41884461,3
0.547056468,-1.334469322,-16.94265516,11.37484265,-5.90948401,-16.65597746,3
-1.864318559,-7.599928601,-14.33712746,15.72287919,-13.86300317,-22.99269304,4
-5.49109997,-7.80050288,-4.122824329,18.29027373,-22.98254631,-26.00765866,4
-5.097364562,-13.20292865,5.553641685,15.33702968,-17.88026387,-23.13012024,4
-3.794463458,-7.703611867,12.18216769,8.596947377,-13.43450988,-10.70201272,4
-3.825600657,-4.984755626,16.26616437,2.9314554,-12.21322505,3.788923686,1
-3.583012856,-2.627682653,17.77062222,-2.021469328,-8.497523713,18.10285614,1
-4.62530076,-2.441682177,16.35982073,-7.289707719,-3.393542977,30.45720854,1
-4.799539023,4.644857571,17.73003117,-8.613351179,-0.5674476,32.62397991,1
-3.216514262,7.013269006,16.14703203,-6.732006897,-0.435691764,26.70587641,1
-1.987387222,3.601305226,10.88219779,-5.76390092,-1.214034034,22.87626883,1
-0.308296841,7.529262502,7.593790161,-3.9180627,5.991675241,15.78576779,1
1.429364177,2.679022601,2.936968253,-0.49068363,1.020917173,13.27556886,2
1.845908752,-1.43920737,-1.07792208,1.02724404,0.686172216,10.58358411,2
2.025724872,2.002311467,-4.171304883,1.890038275,0.658329435,7.797644464,2
2.074128222,2.438222997,-6.96842485,2.712058878,-0.333792615,5.852209132,2
2.276339212,0.539551824,-9.751823775,3.427415039,-1.731206669,4.219694261,2
2.230443782,1.452661535,-11.94472661,4.125007447,-2.559315971,1.936980627,3
2.164687882,1.604479306,-14.04353945,4.898876497,-3.712001402,-0.550276358,3
2.286497252,0.0317861601,-16.06332866,5.760447537,-4.7797081,-3.613706735,3
2.236463552,-1.057048383,-17.88506265,6.889778627,-5.607035996,-7.546108287,3
1.509697598,-4.238643865,-19.30606552,9.005554817,-7.805549114,-13.01609721,3
0.1706224,-7.474371252,-19.24924389,11.98146626,-12.29379278,-19.05781271,4
-2.504831023,-12.46490247,-14.32046165,14.53316217,-19.78944689,-24.24226453,4
-5.502309947,-14.39517282,-4.768855087,15.67696861,-22.69878664,-27.07604006,4
-5.228544129,-14.37338886,3.785889532,11.80409002,-20.49437918,-21.49591038,4
-4.677061909,-9.798234866,10.77537272,5.032749787,-15.73637766,-7.905114502,4
-4.653221799,-5.832376721,16.18676059,-1.342948172,-10.62901383,6.687350944,1
-4.804283954,-4.033054513,18.06941369,-7.756556929,-5.152315978,21.00033834,1
-5.899682355,-2.785989585,18.56886,-13.24249661,-0.96548337,33.01455743,1
-5.70385736,4.528602034,19.16592708,-12.08447886,-2.311837616,34.4381598,1
-4.425546041,3.670036799,16.14089005,-9.164043008,-1.573286286,26.83086653,1
-4.237776611,4.481163495,11.06023666,-8.473708665,3.475275219,19.96570232,1
-1.444594437,9.854868791,6.454896238,-6.801131252,9.729477232,11.70769221,1
0.0983266806,9.320590356,1.814603247,-3.388211494,8.168143995,7.526835448,2
0.288602961,5.472804754,-2.293612748,-2.125697291,7.995423678,5.221038122,2
0.623947064,6.916092153,-5.892967953,-0.873852449,6.537050445,3.012707041,2
0.810799,5.316475728,-8.537767346,0.316360292,5.270977639,0.7896985,2
1.010321364,3.462379719,-10.92742948,1.379911393,4.234852944,-1.359611791,3
1.109930551,2.747735805,-13.27277666,2.404519914,2.469468865,-3.440021895,3
1.410677611,1.139354916,-15.49771781,3.555143835,1.077802144,-6.428566622,3
1.700785482,-1.295139544,-17.35279849,5.096766987,-0.399591681,-10.27605673,3
1.516527292,-4.90777243,-18.84670029,7.053604217,-1.680466528,-15.26631777,3
-0.484107399,-8.740686686,-17.3545044,10.99702127,-6.915669063,-21.03189443,4
-3.742783954,-11.92620126,-10.06902766,14.11299096,-16.42691454,-24.46757238,4
-4.947026858,-13.79667258,-0.811095152,14.21673246,-16.7761026,-25.1021692,4
-4.629442717,-7.955213603,7.070737113,9.581607847,-13.50690686,-18.64571176,4
-4.20239782,-4.299085278,13.46240979,2.909760279,-10.42869435,-4.645422656,4
-4.227341713,-2.522597399,17.1978167,-2.23795063,-8.573602667,10.81664757,1
-5.050854011,-1.102171684,18.15683567,-8.59627123,-1.789281651,23.91507352,1
-6.105364405,1.95729333,19.84963721,-12.86326462,1.380397875,32.87354121,1
-4.404542416,4.790752333,18.01340724,-10.38386489,3.868867721,24.83415285,1
-4.193801847,7.287252799,11.60037418,-8.517389595,6.195327811,19.46045245,1
-2.131155985,9.680328623,7.622970233,-5.121877665,10.78828741,12.1130146,1
-0.236076223,7.661336896,2.607614123,-2.356216231,6.477799026,9.715764044,2
0.116538699,8.580672007,-0.789290731,-1.14151771,5.567747844,6.978872525,2
0.490900404,6.226967514,-3.759903606,-0.0689827058,4.227689993,4.798653541,2
0.889070024,4.747218486,-6.559468947,0.624278352,4.747616968,2.324765286,2
1.026872206,5.354602421,-9.244322851,1.554037174,4.354029315,-0.447018302,3
1.540649556,4.008140623,-11.97293194,2.964176974,2.818311526,-3.675620222,3
1.916173022,2.254620547,-14.32372495,4.417117957,1.699970098,-7.752505855,3
1.680142602,-0.475503066,-15.93883613,6.545856457,-0.467620082,-12.62691874,3
0.937441396,-4.368988763,-17.33852825,9.248280717,-3.386670665,-18.61151829,3
-1.966749073,-8.128698316,-12.16111583,12.01765483,-11.03107526,-25.27838566,4
-5.243638418,-8.713570106,-2.271764399,11.99058394,-12.30177271,-27.67267306,4
-4.82180701,-8.188970826,6.102031113,6.888946567,-8.074660478,-22.48186011,4
-4.197960702,-6.181586933,11.99350669,1.760825764,-5.517499553,-11.78723882,4
-4.439260307,-3.784344863,17.53072828,-2.975318477,-2.744357323,2.38692013,1
-5.06767836,-2.997029868,20.0754119,-8.171026501,1.451110033,16.40420196,1
-6.32722615,-3.21961373,19.57204473,-13.28328214,3.236608468,29.66834277,1
-7.24598863,1.032707796,21.03164594,-15.94525363,4.226370565,35.53576697,1
-5.876715542,1.183057394,16.21372925,-12.1396692,9.027983757,25.37895179,1
-4.519101798,3.655153628,13.86865727,-9.824104305,14.10707791,16.73076697,1
-3.94724871,3.737092383,9.002990928,-5.07592769,13.39770322,11.29752501,1
-2.576670497,-1.917290012,3.741327529,-1.952152985,9.586393135,8.849554798,2
-2.139721771,-0.0748330389,-0.456563458,-0.738925396,6.94460368,6.921069044,2
-1.54098207,0.749628995,-3.701164595,0.0352046262,5.299336645,5.153898535,2
-1.173447798,-0.992914073,-6.926256952,0.759928969,3.993144759,3.236040815,2
-1.100545966,-0.440480329,-9.589714955,1.734997256,3.18276675,0.591690615,3
-0.430383436,-1.725562711,-12.26454514,2.978880429,1.671645676,-2.808843713,3
0.100284585,-3.304973664,-14.72847654,4.454209307,0.289203907,-7.043488004,3
0.0520148166,-5.8554354,-16.73744946,6.118597007,-0.752398929,-12.28592599,3
-0.74860126,-7.115807191,-18.24111401,8.857281627,-4.079082432,-18.50382537,3
-3.994528511,-13.01928175,-11.02209164,11.00540101,-14.10928424,-23.79090259,4
-5.294140504,-16.64845156,-1.208882256,12.0450934,-12.59074905,-25.4366388,4
-5.201317094,-8.386155716,8.868953382,7.860798987,-8.905106913,-17.52789452,4
-4.534385,-4.89866659,15.56476084,2.298367634,-5.988406661,-4.78800252,4
-4.569504288,-3.289772905,18.64225201,-3.130907442,-2.212554,11.52725268,1
-5.558991713,-3.767976046,18.57839317,-8.658715978,1.065645296,25.8941944,1
-6.308722387,-1.079841856,21.09361245,-12.18652,4.54566585,34.22015382,1
-6.059445091,4.065822076,21.27547141,-10.57968373,6.92492111,31.03531384,1
-5.567116582,5.558986659,15.20140736,-9.046166752,9.01168955,25.57876369,1
-1.809213737,9.072395011,10.80727027,-6.22866695,17.8802164,16.71342437,1
0.0132488836,6.386667255,5.381450462,-2.793909064,12.42156706,13.48221299,2
0.0332303796,1.998741962,0.829421363,-1.2164322,12.47608714,10.74250217,2
0.412519099,1.59893074,-2.303200827,-0.130575959,11.14025632,8.306824404,2
0.732345165,0.356411196,-5.313832646,0.63822065,9.611748538,6.131544009,2
0.865449627,-0.631864972,-8.170679746,1.504983599,8.237390569,3.679160801,3
0.935250844,0.364462728,-10.69301929,2.680891822,7.138773545,0.672175632,3
1.259787914,-2.017596201,-13.03773298,4.055418297,5.81713478,-3.070861553,3
1.498624571,-4.210797203,-15.00727202,5.847096857,4.014799376,-7.216921818,3
1.270903488,-7.029118188,-16.82971107,7.915023617,1.914061118,-12.05865153,3
0.0988699196,-8.037741346,-17.8088086,11.07667213,-2.244354664,-18.15574685,4
-3.684035448,-9.656218236,-9.483952741,13.30332065,-11.82378712,-21.93761971,4
-3.919554004,-12.41158568,-1.013639452,12.63474743,-9.69855845,-20.37409953,4
-3.052451259,-2.650399157,5.834821069,7.854263957,-6.960672486,-9.551461571,4
-3.441343992,0.431382467,11.77647569,1.806976908,-4.063274656,3.749962303,1
-3.72196839,1.772243904,15.98175534,-4.290661161,-0.0124115795,16.50578303,1
-4.740805254,3.05213506,18.12958476,-9.153375619,3.240268451,27.6577764,1
-6.12941891,6.329895482,20.70183885,-12.66586322,5.275357078,33.92580787,1
-5.643462332,7.859937146,20.83966515,-11.33379022,4.807674915,32.70423586,1
-4.933340284,8.903929941,15.02245837,-9.785947143,7.202158142,27.39284838,1
-2.666581901,11.58365389,10.68318497,-7.480071511,13.85000413,19.47086398,1
-1.302391101,9.200342354,5.307166889,-4.491839785,8.951264923,16.2925899,2
-0.671241675,5.197466035,1.009816762,-2.467551018,6.989091365,13.8929426,2
-0.317117759,5.183960879,-1.973617379,-1.045928579,5.009625513,11.42650162,2
0.0298457866,2.898907883,-4.840303565,0.00995236124,3.249431513,9.139014318,2
0.252395958,1.70288463,-7.226306954,0.895763157,2.361309171,6.511197182,3
0.495723268,1.415715562,-9.7544981,1.837649509,1.617930734,3.737563864,3
0.965601178,0.187607617,-12.60337462,3.077829825,0.365645903,0.0800660159,3
1.234518135,-1.217342061,-15.10385804,4.517411067,-0.517517558,-4.542830601,3
1.351817027,-3.493935381,-17.37300423,6.061455017,-2.130461413,-9.570575722,3
0.380151676,-5.26369171,-19.66329938,7.817402947,-4.128644107,-15.61756195,4
-2.265232903,-11.16158353,-15.24002856,10.40426168,-11.41082535,-21.28079829,4
-3.65656762,-15.29863073,-5.817799109,11.66985196,-9.5245754,-23.80967883,4
-4.136763374,-8.576083646,4.231773969,7.648071427,-6.800996691,-17.06930922,4
-3.57688777,-5.608697584,11.9203983,2.324000349,-6.167546699,-4.702496444,4
-3.291880981,-3.725093451,17.10922203,-3.650835907,0.134291324,10.27850508,1
-3.626939527,-3.049917741,18.54538227,-9.702098362,3.309371748,24.95373983,1
-4.564046315,-1.817188576,19.19613191,-14.6456328,6.083529406,37.45464066,1
-3.915258051,4.374360794,20.57540178,-14.50689825,7.121396612,40.23028966,1
-2.90786737,3.465239251,14.34475609,-12.35709514,10.05318386,34.53521967,1
-1.620851785,10.34404091,11.29881795,-9.797400325,15.15841711,26.35486657,1
-1.20639441,12.46906504,6.484229797,-6.033445479,17.55901355,19.89173086,1
0.192372202,8.925920337,1.311049025,-2.555269616,9.879147804,17.57863615,2
0.177346872,5.330823753,-3.142872986,-1.301286506,10.04405567,14.43563714,2
0.362975313,5.34340583,-6.307454906,-0.0897031958,8.786093966,11.63534455,2
0.83156156,3.505437952,-9.10458011,0.864683763,7.675099217,8.57728172,2
1.032215722,3.23651572,-11.80751766,2.052972557,6.250991486,5.479396236,3
1.472132792,3.420712057,-14.0836465,3.409271253,4.563958055,2.200236163,3
1.769167192,2.14005323,-16.27765169,5.007081617,3.002652102,-2.056536411,3
1.804967902,-1.866098257,-18.13261937,6.986149027,0.636009659,-7.100118263,3
1.086425893,-4.583252467,-19.85887364,9.597820237,-2.606224737,-13.23045553,3
-0.912036084,-7.091222768,-18.48605215,13.08403217,-8.988150612,-19.57461673,4
-3.482731258,-11.46098156,-8.036406112,14.85365776,-11.82037562,-22.07400917,4
-3.647909053,-9.936460356,1.696168233,11.07361987,-10.58248484,-15.28421623,4
-2.905779887,-7.550563652,9.338274577,5.759982837,-7.932586262,-2.817553612,4
-2.564627236,-4.931078454,15.4884438,-0.289538587,-2.497823332,11.5524689,1
-3.285289391,-3.702537759,16.9605847,-6.404166721,2.051639137,25.28695311,1
-4.458222337,-2.758622796,17.98670582,-11.82963774,4.745754476,35.63877126,1
-4.294650929,2.681111169,19.32749189,-12.53584776,5.256788564,38.64241281,1
-2.732078852,4.296215345,17.21431819,-9.200085832,5.033204216,30.65312338,1
-2.086330245,8.188865185,14.10672936,-7.008348134,11.28879657,23.09158279,1
-1.543717325,9.504499565,9.681042361,-3.527300103,11.3410688,17.31475737,1
-0.280445188,5.365592287,4.806871957,-1.196754796,6.489442681,15.30255141,2
-0.0570652914,5.55919507,1.01495663,-0.270131945,6.542241872,12.75824678,2
0.288862328,2.474852383,-1.906723966,0.878789254,4.79303346,10.54946021,2
0.54968374,0.291667832,-4.708723145,1.749261694,3.638019899,7.834784223,2
0.603783139,0.769907344,-7.604468689,2.672834638,3.17809084,4.567681467,3
0.967781532,0.936372936,-9.939160104,3.860627747,2.536011884,0.927665078,3
1.365699936,-0.56401479,-12.40596885,5.382362617,0.924939509,-3.063966944,3
1.32047968,-3.43349199,-14.65207672,7.161660667,-0.987053631,-7.329685366,3
0.751199051,-5.02638268,-16.87165961,8.926446897,-2.91960602,-12.24006962,3
-0.457531755,-6.076978704,-18.84988085,10.70349477,-6.474744109,-18.07898801,4
-2.82635235,-7.399916436,-17.53579513,13.33590843,-13.29821396,-23.51690685,4
-5.689650072,-9.886436126,-8.174704783,13.04171628,-14.09149886,-25.57337527,4
-6.198416228,-7.926492478,0.609722128,9.409445647,-11.98949934,-19.2382322,4
-5.663760858,-6.821325993,7.844730072,5.224882827,-11.05103877,-6.97260572,4
-5.287593418,-5.56707656,14.50042708,0.358084768,-8.560873534,8.044430667,1
-5.464907269,-4.801285692,16.58674484,-5.251337024,-4.460086958,23.0896238,1
-5.910322374,-3.716298908,18.93062528,-10.43695085,-0.74052091,32.14256154,1
-5.207165189,2.64160712,19.55530058,-8.971337613,1.136501177,30.35908347,1
-4.292989788,3.162557711,13.71293281,-6.636043364,2.645948852,24.79158666,1
-2.527870067,5.100965347,9.24880861,-2.450070436,5.841290893,17.95537664,1
-0.983961943,1.831381897,3.654243427,0.550433737,-0.379818058,15.152432,1
-0.957669101,1.515978908,-0.227040458,1.178532935,2.112483881,11.48789604,2
-0.739869642,2.48969549,-3.957461192,1.985284034,1.3291773,8.985808627,2
-0.338561098,1.822482801,-7.150469707,2.603415002,0.980820495,6.415649537,2
-0.218685973,2.49312264,-9.600648376,3.36260053,0.57020655,3.696417189,2
0.241078543,2.018408513,-12.04528887,4.235775987,-0.641185867,1.202895324,3
0.669420357,0.0725632061,-14.30097076,5.193168407,-1.636124203,-1.974177129,3
0.801157727,-1.563811887,-16.31393422,6.441884817,-2.792785557,-6.646618241,3
0.35062374,-3.366840098,-18.45363547,8.039451437,-4.50942961,-11.77283637,3
-1.022762808,-3.596640211,-19.56989768,9.906035547,-7.090835746,-17.64068347,3
-3.358261444,-10.11864421,-16.34778083,12.80544055,-13.55531061,-23.36244432,4
-3.491309607,-11.78492994,-6.993999706,12.95904294,-9.294271553,-23.84149852,4
-3.160713659,-5.448595024,3.122711528,9.185129897,-6.246436817,-14.75262114,4
-2.590870564,-2.480178887,10.55074785,4.600918697,-4.670084693,-1.338581048,4
-2.349692682,-1.03072565,16.33985136,0.121443646,-1.866182671,14.784885,1
-3.66102291,-2.299235639,15.79209233,-7.513534202,3.631097757,30.06477895,1
-4.800056636,4.346393276,17.63040453,-12.23397813,8.901115837,35.17921683,1
-2.160009142,15.73205381,16.17806784,-10.42636339,13.70336073,25.55970462,1
-1.936451321,15.28552613,10.33851174,-7.163365992,13.48319913,21.63335424,1
0.685049951,15.05383707,6.91264687,-3.239595271,17.45664997,13.01444671,1
1.010974981,12.48731882,1.904296046,-1.26355358,14.55877398,10.54112448,1
1.403597785,15.18259861,-1.505431105,-0.333078556,13.62975384,7.927822374,2
1.834237492,13.02294313,-4.989207213,0.717122718,11.33368554,6.065802412,2
2.181209762,10.85587203,-8.086732557,1.46848022,9.272037478,4.186923614,2
2.225450862,10.09002782,-10.75113139,2.254864427,7.196593091,2.058335329,2
2.496786272,8.52567047,-13.1164003,3.134096302,5.888078016,-0.596761483,3
2.886553882,6.575394631,-15.50649428,3.997809767,4.575345757,-3.964129405,3
3.152101632,5.403270619,-17.49412061,5.028809317,3.82342488,-8.277041744,3
3.122206112,2.587366057,-19.2048227,6.627475957,1.856342011,-13.13170962,3
1.430293906,-0.846893857,-19.829615,9.128387827,-2.374808645,-19.64670906,3
-1.499029439,-4.761400655,-14.03454362,11.35919155,-9.4587442,-25.68093049,4
-3.602355457,-9.129358616,-4.379858696,12.42552123,-8.592659129,-28.35051071,4
-3.383242545,-7.636433083,4.801734792,8.361497357,-5.898956321,-21.98655639,4
-2.778050267,-4.236497045,11.89495546,3.157872285,-5.160816848,-6.249342641,4
-3.231497952,-1.687236717,16.54005312,-1.892246219,-1.219299957,10.37364179,1
-4.472007938,-0.677334216,17.88809888,-8.788157089,4.366995929,25.94072605,1
-5.693347021,-0.309855513,19.32322153,-14.56406647,9.009448801,37.18229684,1
-4.373500011,4.560671566,16.5775232,-11.85174793,12.02693224,27.87146332,1
-4.35501859,2.125462438,12.02375978,-9.561385081,14.26185259,20.55608879,1
-1.790635232,7.12304576,8.463342978,-5.099030189,18.40862397,13.26100009,1
1.005153793,2.740326633,2.756002107,-1.844608017,13.09240021,11.13322772,2
1.555611184,5.016167425,-0.561653161,-0.922000822,13.39083866,8.011493941,2
1.842740442,3.29934191,-3.923588864,0.0349148212,11.37705553,6.110250646,2
2.058028922,3.329442979,-6.989162506,0.416434619,11.06992751,4.234438547,2
2.039260732,4.932140375,-9.910785532,1.182401115,9.56835016,2.351109529,3
2.848232182,3.77063822,-12.06254356,2.509944316,8.240527679,-1.40983946,3
3.489300562,2.049965228,-13.87205408,4.113653847,6.983257402,-6.167698432,3
3.382317692,-1.968202548,-15.31937889,6.050552637,5.099538797,-11.26201465,3
2.360414672,-4.546585715,-16.58108303,9.132420297,1.769862553,-17.15020403,3
-0.341871001,-10.89597901,-11.41920747,12.73982878,-7.074521194,-23.16864111,4
-3.522387592,-12.98253369,-1.002475844,15.2570533,-13.79586147,-25.03618659,4
-2.571866854,-16.52170876,7.405906162,13.03474611,-10.70479728,-21.71475886,4
-1.230730381,-11.54691328,14.66635067,8.577404927,-7.517447723,-10.69357639,4
-0.175589629,-8.217233996,19.9024024,3.307569311,-4.891262131,4.225964221,1
-1.012051657,-6.850250097,20.50106387,-2.929486827,-0.383168857,19.9240736,1
-2.55202892,-7.639053606,20.20393321,-8.356663154,3.977460141,29.91921921,1
-1.630906609,1.594857646,19.71802745,-6.500971028,3.719942936,26.65974036,1
-0.739950875,1.328132631,13.4691913,-5.083486926,4.124908159,21.34898077,1
1.452979239,3.10831068,9.000570768,-1.570299775,6.247441024,15.20926555,1
2.839045382,0.774610173,3.398325045,1.102223233,0.618784901,12.86027896,1
3.015795642,-1.504510961,-0.788659274,1.983481164,1.522678248,10.17496639,2
3.118950542,1.977518903,-4.260985687,2.636995588,0.619321457,7.882035809,2
3.115055152,0.58071159,-7.510229414,3.33488694,-0.663813887,6.061243056,2
2.961905042,1.630715839,-10.045268,4.004727347,-0.876458197,3.30895634,2
3.087939962,2.444474019,-12.3864561,4.894708907,-1.620144271,0.327066435,3
3.639889982,1.04110784,-14.68499498,5.897615597,-2.512108611,-3.182899626,3
3.952753252,-1.62590561,-16.5651718,7.021990117,-3.13192234,-7.442861856,3
3.301010912,-6.018190015,-17.76961149,9.862792627,-5.577505699,-13.29061147,3
1.701765892,-8.837554786,-17.58483166,13.23191597,-10.27090563,-19.58615278,3
-1.538784282,-14.15209924,-11.38009171,15.8229018,-19.48970213,-24.85790028,4
-3.551108538,-16.99871934,-1.408471172,16.72975556,-19.33351944,-26.63036911,4
-2.565438686,-12.47665952,6.420362267,10.95102299,-15.25707528,-16.9138832,4
-2.225085335,-8.483449556,13.09825939,3.825935737,-11.32830545,-3.112273381,4
-2.274452381,-4.69209968,17.23735363,-2.713585819,-6.713064807,11.67181739,1
-3.296631485,-3.858103698,17.5033781,-8.498538319,-2.367499828,25.48545496,1
-3.119277514,-0.189069174,19.07977674,-9.839346007,-2.743905157,31.58496945,1
-1.596967652,2.116058244,18.39933405,-7.098356918,-3.723640521,26.42344021,1
0.0393200996,0.703774273,12.35903655,-5.461179749,-0.627701733,21.0312072,1
0.958627799,8.345490921,9.834774281,-3.101588367,6.32476144,13.15235323,1
2.489133692,3.764969641,4.320772872,0.313861368,-0.0847823575,10.80416316,1
2.039967442,1.354741934,-0.0196472551,1.636855364,0.452153984,7.692428631,2
2.381989822,3.63734356,-3.661248843,2.461451478,-0.243423123,5.288430353,2
2.429550582,1.872697836,-6.750855789,3.031197274,-1.899543642,3.70007041,2
2.432291682,-0.340822697,-9.738160818,3.404904525,-2.272638903,1.876862959,2
2.627079312,0.726957316,-12.13311884,4.273835697,-2.491804005,-0.911457215,3
2.813159092,-0.0743431659,-14.73822697,5.335541927,-3.651864978,-3.803851717,3
2.875365602,-1.405614344,-17.09773579,6.349981697,-4.165686674,-7.580822891,3
2.796431512,-2.827538041,-18.85758933,7.975386627,-5.329026325,-11.8142389,3
2.207056192,-6.640912151,-20.49343167,10.58424582,-8.394508514,-17.28401305,3
0.459488419,-9.420231816,-18.77183719,13.9759383,-14.13087539,-22.98478786,4
-2.568557396,-13.72727268,-11.63151135,16.48619933,-22.4352701,-27.35478369,4
-4.117964949,-18.7214893,-1.851641893,18.07754303,-22.42557503,-27.88783776,4
-4.138471666,-12.25790408,7.819018418,13.83876738,-19.18494598,-20.75977349,4
-3.587425542,-7.311353945,13.51973481,5.483588067,-12.58398376,-7.07832239,4
-3.013146878,-1.969105573,17.61648808,-2.011729633,-7.335153558,7.573067563,1
-3.8769653,-0.113341083,18.49112867,-7.960591775,-3.046442264,22.16714418,1
-5.94617719,1.825751315,19.79609449,-12.70905151,-1.020785204,34.13967202,1
-4.057036803,4.253025265,18.80576268,-9.718647756,-0.98418825,27.85764998,1
-2.562585166,3.476972924,13.13785941,-8.471659102,4.004662188,21.51473046,1
-1.087445813,11.31067181,9.230232002,-6.89408585,11.81186928,13.86069709,1
-0.665495433,12.91877553,3.791351604,-3.923639312,6.523783792,9.412514161,1
-0.210417725,9.776002948,-0.249360323,-2.260691373,7.579182204,6.457443599,2
-0.115276545,12.41037553,-3.563082249,-1.173408029,6.863163762,3.693767032,2
0.299509273,11.25821777,-6.520996155,-0.232907283,5.942428185,1.72245505,2
0.638613679,9.734532159,-9.388162143,0.655800347,4.930141193,-0.238732186,2
0.866234007,8.985067428,-12.09896271,1.588474009,3.994189114,-2.392116223,3
1.309009892,9.221182308,-14.79520481,3.125018519,2.878766014,-5.753861074,3
1.935052412,6.037009792,-17.29355858,4.853093637,1.284618642,-9.927405981,3
2.116018792,1.939076147,-19.24182891,6.822814787,-0.606087625,-14.94185575,3
0.879527293,-1.105283632,-20.55165219,9.677081147,-4.095281859,-21.20290987,3
-2.388454702,-7.931543059,-13.16432277,12.3112502,-14.11946196,-26.20201004,4
-3.445928442,-12.03698383,-3.025380695,13.80038134,-13.38903229,-27.2934088,4
-3.53551951,-4.129054636,7.169723149,9.662742917,-10.38405902,-18.77055263,4
-2.623383554,-0.636591878,14.09387675,3.789282407,-7.528031717,-4.551532779,4
-2.569830393,2.030463733,16.71379882,-3.442246979,-0.917579971,11.12247848,1
-3.331877052,2.686569736,16.87830832,-9.43755069,2.937922677,25.11691828,1
-4.165507409,6.115783265,19.27423563,-12.84312376,4.320652903,31.4867919,1
-2.518955915,10.86301748,18.11174628,-10.35559788,4.635348751,25.94472095,1
-2.215901456,12.37310878,14.23295893,-8.3722503,11.36685822,17.30986944,1
0.568334448,16.50136854,10.43235321,-4.495442633,14.28997243,11.51755711,1
2.504229682,9.446754232,5.023988188,-0.750331894,5.582661559,10.0352616,1
2.628768732,6.08944703,0.950213494,0.273390131,5.84797794,7.429064594,2
2.785432902,3.780709194,-2.39491538,1.127148868,3.708855095,6.078836527,2
2.679571262,1.7876827,-5.250067883,1.649652873,2.940330681,4.019798514,2
2.463379182,1.207400514,-7.800128771,2.477389459,2.712585317,1.022922259,2
2.696376022,1.414425525,-10.07141795,3.55671075,2.061572986,-1.942260931,3
2.868506892,-0.133476694,-12.43871908,4.882661757,0.63487052,-5.307961262,3
2.788032522,-2.750841888,-14.45520371,6.548461037,-1.411223175,-9.372452008,3
2.100856352,-5.492351988,-16.87386837,8.504167547,-3.524776616,-14.56409592,3
0.10936641,-4.952459892,-17.0489053,11.44665958,-7.447813984,-20.32025585,3
-3.718429101,-8.402981906,-8.605635903,13.80766939,-16.87822101,-24.36105799,4
-4.163801681,-12.25868298,0.230688278,13.97052832,-13.71314224,-24.91318237,4
-4.054167661,-5.158367636,9.219901013,8.450409077,-8.977904868,-17.74930268,4
-3.196182399,-0.165897311,15.90428454,1.376860218,-5.485750692,-5.154935213,4
-3.153021364,3.914436642,20.87049687,-4.976890935,-2.275587895,9.448720259,1
-4.511889327,4.020721538,21.15579185,-10.65770621,2.493851057,24.41142898,1
-4.956268289,3.513609584,23.33433192,-13.56760297,4.69525374,32.69683193,1
-4.261579819,8.761558629,22.80505999,-11.15460329,4.433721843,28.14687911,1
-3.824708364,10.2361069,15.88585858,-8.736277285,7.26729996,21.81791212,1
-2.04437882,12.63290195,11.48093683,-6.250386848,6.408170284,17.24159506,1
-0.941729924,10.03922226,6.368389687,-4.012764971,2.596429085,15.0141118,2
-0.418004251,7.493205818,2.26868032,-2.771181201,1.806947629,12.16572729,2
-0.0436109494,7.199604923,-1.011287805,-1.518539213,0.865215502,9.237543808,2
0.277598878,5.956543193,-4.390144019,-0.660373823,-0.0897117455,6.850174562,2
0.260998578,6.437014629,-7.778003791,0.312788073,-0.588581889,3.921852069,3
0.692017158,7.051111557,-10.39743375,1.48286669,-0.678470835,0.127683243,3
1.453099206,4.533733974,-13.26554724,2.814193482,-1.659060835,-4.276286152,3
1.801540012,2.296973923,-15.19442595,4.568961767,-2.327954358,-9.243401684,3
0.932719452,0.538132166,-16.9033526,7.175579287,-4.844257482,-15.82826189,3
-1.035867381,-4.141071494,-14.52092084,10.8572388,-11.07451764,-22.21141463,4
-4.737446042,-7.310632263,-5.610921235,13.11704816,-19.02406748,-25.88223187,4
-4.34608634,-9.964393976,2.914205485,10.32476895,-14.53215932,-22.67609301,4
-3.609166871,-6.282264468,9.975340101,4.502085097,-12.27183087,-7.921174268,4
-3.506832976,-2.953602467,14.79707008,-0.333550396,-9.44042326,8.598063467,1
-4.218804381,-2.067387008,16.16421727,-6.429915312,-2.466551568,23.97676159,1
-5.404970712,-1.729116072,17.38076602,-11.51893057,1.850900391,33.54961132,1
-3.411987617,3.700217128,15.65311579,-8.639784612,3.468809776,23.86532656,1
-4.251826666,4.789024084,10.34444162,-6.119446409,4.994300859,16.06521346,1
-1.387694317,8.509519106,7.171013731,-1.916442148,10.43782917,8.914977957,1
0.412292687,3.582546076,1.3833994,1.002630295,4.616330888,6.614174202,2
0.784784264,6.395130972,-2.22089968,1.536717915,5.534645405,3.983841673,2
1.207034187,5.5327661,-5.625313249,2.129414816,4.549900181,2.562868981,2
1.579442139,4.34904869,-8.857755846,2.515141557,4.075804104,1.067514526,2
1.907736562,5.002223353,-11.69746209,3.282557581,3.133384758,-0.81278704,3
2.666162842,3.90420714,-13.98522636,4.403336387,1.689056945,-3.775183669,3
2.909799472,2.147519459,-16.08927826,5.538071267,0.698872285,-7.272886011,3
2.926474562,-0.304430293,-17.68431529,7.086694847,-0.791601236,-11.53280717,3
2.436914672,-3.457041605,-19.03792138,9.341642817,-2.832742527,-16.96576939,3
0.0882698076,-8.529310376,-16.7196728,12.84701649,-8.340124149,-23.05283834,4
-3.346748393,-11.13303668,-8.917726113,14.82330436,-16.41802387,-27.21028426,4
-3.391635842,-13.0357748,-0.397353097,13.17312842,-13.34499402,-26.87556415,4
-3.063555428,-5.445779995,7.731724202,8.590052217,-10.24454015,-18.52147243,4
-2.877037116,-2.394100625,14.08980126,2.756129311,-7.730388714,-2.900574906,1
-2.871541751,-0.146085443,17.26331845,-2.55244623,-3.753208912,13.45571367,1
-4.437483252,-0.40774958,17.36522985,-8.363784161,-0.173044181,28.18735274,1
-5.02081681,-1.353229574,19.13788043,-12.63746944,4.064132938,37.09566502,1
-4.89115032,3.695494096,19.34623451,-10.36400148,4.427815154,33.08435746,1
-4.334315048,3.491684456,13.37045301,-8.502793021,9.048923753,25.79219672,1
-1.007346713,6.748775666,9.361752765,-3.607684456,15.03860569,17.28400094,1
0.340711457,2.532480818,3.319753487,0.0667151872,8.237091319,14.51532825,2
0.504776664,-0.282291175,-1.169576123,1.270198862,9.18641003,11.24940156,2
0.660147365,-0.772512921,-4.473555409,2.196151881,7.507447476,9.140337216,2
0.897789985,-1.878522994,-7.728331471,2.717604677,6.33813691,7.066260446,2
1.123934723,-1.340454698,-10.42500441,3.461408695,5.151572724,4.786474829,3
1.425260169,-1.232794366,-12.70521059,4.428982517,4.063617141,2.139035872,3
1.808295972,-2.274068824,-14.94177068,5.701125227,2.89301004,-1.634928328,3
1.910094572,-4.367125887,-16.56979199,7.492453057,1.258695598,-5.84218798,3
1.754429442,-8.580448726,-18.03867485,9.788039707,-0.877185541,-10.87921684,3
0.619461663,-9.260086026,-19.1705285,12.82576024,-4.462972407,-16.972632,4
-3.393535018,-11.26091919,-10.3492239,15.57928577,-15.36473457,-20.42870251,4
-3.210865635,-16.05013054,-1.186794973,14.07410409,-13.3363043,-17.59002877,4
-1.918031351,-10.62472926,7.11090075,8.782183277,-9.095980641,-7.99719046,4
-1.356076362,-5.99709551,13.26154002,2.226953277,-5.088009643,5.64411826,1
-1.831071605,-3.6302427,15.17569146,-3.781797946,-0.980366157,21.37954,1
-3.467235575,-4.075849026,14.93419539,-10.04805164,3.538352164,34.7846818,1
-3.39649374,0.0231040231,16.52288645,-11.86813143,5.368763195,39.14628963,1
-1.700667165,5.710392718,15.62843165,-9.157979323,5.712576949,30.91408935,1
-0.632316259,4.849393792,9.701972931,-7.217335621,7.363190573,25.3715541,1
1.261046929,8.787985796,5.161715987,-4.081302912,7.930316315,19.48155913,1
2.761433262,5.902720606,0.432264244,-1.785718583,4.625457622,16.70740364,2
2.688923242,4.908004222,-3.234288318,-0.827208906,5.493010708,13.16365985,2
2.849121692,6.291204941,-6.633820825,0.103667174,5.131361087,10.52018738,2
3.066442482,4.359742248,-9.615334273,0.933706208,3.924518666,8.035901649,2
3.158352782,4.261698897,-12.11961671,1.86765855,3.239307908,5.232045764,3
3.318288442,5.057154372,-14.53834596,2.950416371,2.39207779,2.259065175,3
3.625763932,3.803570077,-16.85970722,4.198617197,1.106777447,-1.087599527,3
3.822324392,2.250129616,-19.01950737,5.707784957,-0.188721803,-5.57238808,3
3.220300062,-2.418342689,-20.36069269,8.128998327,-2.99132267,-11.32485308,3
1.408752708,-5.156664604,-19.8154944,11.3144658,-7.922135939,-18.15070481,4
-1.864875156,-10.17093161,-13.47943677,13.99352943,-16.28801875,-23.72899256,4
-4.630333213,-13.03931715,-3.299117835,14.8754384,-17.61929533,-25.96934205,4
-3.360818028,-9.508664736,4.453129019,9.064941037,-14.04585813,-14.52911075,4
-3.001464722,-5.971937451,10.44996817,2.466963765,-9.79361223,-0.00508115309,4
-2.74100603,-2.10220196,13.94837051,-3.680099368,-3.973938203,14.90255718,1
-3.820230694,-1.863489027,14.36047285,-9.361397969,-0.50556624,28.46761381,1
-3.712599656,2.609493873,16.03717958,-10.98329285,1.952205768,31.80054021,1
-2.742244739,6.012432923,14.85943512,-8.587047386,1.95866469,26.5867301,1
-1.767015333,7.098723198,8.532529507,-7.2721696,2.723172215,22.47679032,1
0.243931565,9.118629714,5.06380577,-5.524832131,9.254327034,15.02586022,1
1.012330816,3.919542931,0.497687288,-2.524817132,3.591836055,12.75139895,1
1.221084361,2.986884451,-2.951593991,-1.18738328,3.413068765,9.593357533,2
1.434625279,3.734702146,-6.144523542,-0.274781599,2.650886934,7.068581095,2
1.450979512,2.589566742,-9.136037245,0.560027811,1.204692479,5.071766457,2
1.52587366,2.054432817,-11.75993747,1.56599189,-0.292883365,2.522976295,2
1.739936442,2.350357053,-14.28205291,2.655971833,-1.305033885,-0.386881409,3
2.062252372,1.379291492,-17.0169675,3.689393995,-2.659084301,-3.451512075,3
2.300502612,-0.177747579,-19.06321463,4.806037797,-3.793850174,-7.275263886,3
1.813946492,-2.934784995,-21.0825375,6.466394807,-6.035903438,-12.76487273,3
0.0437913716,-5.10751291,-20.48885399,9.253961917,-9.61862887,-19.5724724,3
-3.033186755,-10.48807152,-14.27237391,12.34681806,-16.4663999,-25.3025762,4
-4.436115944,-15.7830773,-4.452696923,13.91608668,-16.31978886,-27.35007846,4
-3.170304415,-12.43489948,3.983613524,8.327986247,-12.87516173,-15.93519111,4
-2.630135949,-8.458812726,11.19615911,2.008955794,-10.26425167,-1.683704863,4
-2.319346502,-4.452999975,15.53905757,-4.186271855,-3.708118719,12.7913133,1
-3.201015423,-2.876101275,16.36864349,-10.6372924,2.452475099,27.41322236,1
-2.463145626,0.404155485,18.05219734,-12.16022666,3.680048765,34.13824968,1
-0.747120926,3.19418897,16.7591614,-9.120120371,4.030490147,26.97615832,1
-0.151625197,4.113781381,11.28857539,-8.388438796,9.206954188,20.75619269,1
2.337285182,8.11615939,7.018049748,-5.164738168,16.25029059,12.5614573,1
2.790584452,4.291652965,1.719714695,-2.683878748,12.42462853,10.27458546,2
2.829425392,5.404043156,-2.31576514,-1.716565638,11.81932455,7.484921063,2
2.852326582,5.517159884,-5.640490177,-0.743683301,10.47360095,5.167448082,2
2.807178282,3.562081649,-8.591802862,0.0357235342,8.856371581,3.184633237,2
2.634335812,5.062213152,-11.10907728,0.990388681,7.603214078,0.905728101,3
2.911336962,5.509515412,-13.41726645,2.232581733,5.855960823,-1.65694449,3
3.199113082,3.25691164,-15.49670345,3.475859227,4.24977983,-4.923500937,3
3.230728612,1.12612649,-16.98230137,5.180099737,2.669688463,-9.122296833,3
2.557447742,-3.297308469,-18.06123652,8.172109427,-0.813228668,-15.18307002,3
0.448314951,-7.155597783,-16.50295513,11.87333059,-6.555403775,-21.90476054,4
-3.680199237,-7.549012623,-7.790748966,13.89463137,-15.29587213,-25.91194357,4
-3.628375135,-11.72853156,1.557773395,12.86271604,-11.25381117,-25.04136584,4
-3.206402558,-8.884726946,8.815499164,7.327796567,-8.8423351,-12.07109905,4
-3.12581995,-6.478392208,14.55813217,1.801059295,-5.733026226,3.91762702,1
-3.037569265,-4.652906272,16.63820956,-2.984394621,-3.449014854,19.50815715,1
-4.334414889,-5.620032101,16.7674071,-7.499522095,-1.028593255,32.40183442,1
-4.425766432,0.988971465,16.38602422,-8.467275763,4.03119677,31.75432978,1
-3.150694592,5.55440231,10.74303567,-6.4106672,6.010322319,24.76432951,1
-3.525740694,4.735348153,6.146425424,-4.119397037,7.443862741,18.72809959,1
-1.277110515,4.73653093,2.262332531,-1.199457494,8.949476597,13.31482797,1
-0.640653085,0.865321615,-1.596380792,0.354183495,8.539623758,10.05155963,2
-0.120634197,2.425787787,-4.510475098,1.428683193,7.717366497,6.709177605,2
0.488215521,0.366993656,-6.998914671,2.411373446,6.174277932,4.024479537,2
0.914375439,-0.490344551,-9.512107679,3.044977586,5.826886211,1.510096151,2
1.020231105,0.142618649,-11.99380498,3.756540747,4.889673412,-1.061127585,3
1.446523967,-0.556067252,-14.63132818,4.794803917,3.66379649,-4.536844138,3
1.974206782,-1.224663656,-16.93819191,5.883190997,2.78744028,-8.732004091,3
1.933080272,-3.952782199,-18.4665369,7.613988467,1.066618259,-13.6752679,3
1.047748604,-6.68011597,-19.98379383,9.606122947,-1.092520631,-19.33084522,3
-1.476689838,-12.07402392,-16.05424425,12.97059823,-9.136623465,-26.01197617,4
-4.758165286,-13.59512489,-4.814708477,13.91910428,-11.01792559,-29.15422579,4
-4.344098344,-12.3419407,5.036442181,9.859169827,-8.705253158,-22.82089607,4
-3.135438198,-8.685823756,12.68062655,4.474593527,-6.389663379,-9.965388791,4
-3.003347958,-3.674304415,17.13946989,-1.746053548,0.0602491095,5.539546417,1
-3.576238276,-2.857397314,18.19020432,-7.676946228,5.055111424,19.77725565,1
-4.880234259,-2.956948208,17.72513211,-13.38165221,6.513090447,31.18167546,1
-4.003734702,4.42241771,18.15857902,-12.70283623,6.29811599,32.66251791,1
-2.62153173,4.821469646,12.47817251,-10.7554217,8.21260545,27.36676078,1
0.620252659,6.274875826,8.512165572,-8.378481947,13.3889909,19.79714878,1
1.34577374,5.565378033,3.475675338,-5.462393471,10.7132198,15.75223966,2
1.922732482,1.540369538,-1.111722285,-3.297928283,8.05320353,13.56559193,2
2.032478652,2.857211717,-4.505398126,-2.05668976,6.118205072,11.63554632,2
2.305449832,0.378429552,-7.46554163,-1.073584854,4.581377621,9.782477583,2
2.488130472,-0.542734762,-10.16938917,-0.220545989,3.373088512,7.541425045,3
2.554113012,-0.412006811,-12.66243559,0.891867698,3.325288361,3.752509042,3
3.180553812,-2.84086859,-15.22463901,2.361012062,2.287686159,-0.750360933,3
3.252617352,-4.305448527,-17.15610949,4.310687237,0.842289141,-5.87798684,3
2.706558122,-8.174099646,-18.72689155,6.711098787,-1.57592965,-11.92894423,3
1.333769097,-11.89519359,-19.08825288,10.50843125,-6.445408942,-18.84212698,4
-2.798747664,-12.96749128,-8.238296259,13.05718351,-14.06253699,-23.20118876,4
-2.084583647,-17.11412293,1.773159351,10.57328213,-9.75804457,-20.04343382,4
-0.776164752,-11.58517863,10.71211803,5.183440687,-6.713295542,-9.003904992,4
0.335311912,-6.441523622,17.1125908,-1.302899066,-4.260659719,5.921860025,1
0.181837214,-2.333593269,18.66525748,-7.828887075,1.752622537,21.14646789,1
-0.746440132,-2.409628165,17.9263684,-12.77069573,4.20791831,34.39293678,1
-1.139432418,-0.601676446,19.80404756,-15.06966784,5.551179896,38.88386026,1
0.268385735,5.662233159,18.89068402,-12.59811721,6.820400602,31.92888675,1
0.224073044,7.47962476,15.35407852,-10.06743434,11.18391732,23.63608813,1
1.358843616,8.852361165,10.97136024,-7.766081163,13.00234806,17.75924145,1
2.178833792,6.687101305,5.59396543,-5.099472198,7.378967355,15.37835125,2
2.375718122,3.55316908,1.389702232,-3.919759594,7.704163856,11.91467714,2
2.318385662,3.161930063,-2.124110106,-2.586379902,7.114119039,8.749021624,2
2.496747182,3.362406461,-5.72257971,-1.569286667,6.284830294,6.130700066,2
2.527399352,4.949546752,-8.968558071,-0.538440874,5.38734218,3.524889842,3
2.764672202,5.100200376,-12.06877483,1.00743126,3.597093493,0.311881518,3
3.581053932,2.457012205,-14.85688596,2.618063566,1.369074258,-3.452899208,3
3.622076192,-0.966277604,-17.13217695,4.319042207,-0.143673873,-9.11884094,3
2.228922852,-2.37955105,-18.9518764,6.969746027,-3.172724966,-16.20950936,3
-0.377878719,-9.385110796,-14.87145529,11.04379235,-10.92096199,-22.87182498,4
-4.25789575,-13.97259319,-4.562760542,14.19446666,-19.38267808,-26.3739803,4
-3.826727901,-5.545257105,6.080623602,10.18018325,-16.44297232,-18.15089145,4
-2.880235198,-3.038444325,13.10647785,4.899877397,-12.60736559,-5.149902563,4
-2.450841941,-1.171672661,18.64127584,-0.468295509,-8.501422317,9.96254827,1
-2.093114047,0.411638439,21.14544733,-5.934509534,-3.514410234,24.3697673,1
-3.52992709,1.682756426,21.75457518,-11.42184963,-0.117182002,34.22846498,1
-3.072143934,8.996489998,21.60382348,-10.71167924,2.440971032,34.18673222,1
-2.273125455,10.40011226,17.48626313,-7.125129492,5.541376213,23.45265633,1
-2.79272511,11.44065502,12.91704703,-5.336701,7.175320218,17.27482744,1
-0.815831422,14.16235373,8.88521463,-1.86911673,15.59119777,8.554234789,1
-0.0300945444,10.42750919,3.890499163,0.430463263,11.22730012,7.424306329,2
0.733793207,6.974561613,-0.0831552881,1.388238121,11.50957697,5.428174354,2
1.145951815,8.868441115,-3.127556024,2.405350661,10.32260002,3.596768264,2
1.566543262,7.382620745,-5.775071438,3.472473995,8.222966415,1.747503658,2
1.690041432,6.434111137,-8.344596587,4.362338087,6.484538532,-0.434858122,3
2.043917942,5.715736578,-10.96687542,5.362154737,4.886608344,-2.825316346,3
2.530721102,3.255495148,-13.45866612,6.541258197,3.320191084,-6.130545858,3
2.907351902,1.666211075,-15.78574733,7.807013177,1.75641304,-10.30042864,3
2.226315282,-1.448300902,-17.77307452,9.505445707,-0.80675235,-15.26327429,3
0.717899063,-2.840623435,-19.14573728,11.4251024,-4.305234216,-21.19842562,4
-2.052788996,-8.641457236,-15.71480328,14.06318716,-10.99924377,-27.21705716,4
-5.87194281,-9.858034786,-6.23831886,15.04586266,-15.0659813,-30.892792,4
-5.902931309,-11.76281788,2.795053816,12.47272311,-11.02895307,-27.93910656,4
-4.946438867,-8.860156676,10.52506055,6.921967247,-10.09541024,-15.20238434,4
-4.436668028,-5.763510977,16.69432591,1.245320756,-6.776867669,-0.00867305709,1
-4.024160387,-3.557896873,19.81897709,-4.763100387,-0.903753479,15.35666477,1
-4.108888701,-2.899566821,20.27753522,-10.85817885,3.039759268,28.84646022,1
-3.186742816,6.185723224,20.58454649,-9.866814339,4.932929802,27.29147982,1
-1.675935254,5.479049405,15.89110527,-6.469379265,9.626454872,18.1248941,1
-0.0032139434,7.272107539,13.64700702,-3.1664715,12.89483799,9.648471909,1
0.184732357,9.754582938,8.66613093,-0.346320988,13.29008177,5.102986776,1
0.324679783,8.931790539,3.944462224,1.332578015,10.8268828,3.6762083,2
0.829038489,8.589731974,-0.0257515721,2.228144506,8.294073749,2.873793797,2
1.088468148,6.733633128,-3.636656716,2.492207887,5.833773924,2.410715527,2
1.318590221,6.620117094,-6.65832596,2.719708132,3.844090727,1.665854608,2
1.510385235,5.913971335,-9.121670433,3.629771506,2.096696316,-0.316482973,3
1.956921082,3.08617636,-11.65213198,4.713044077,0.30759578,-3.07873295,3
1.831983322,1.947996606,-14.58906111,5.737712017,-0.591656591,-6.777742624,3
1.793162272,-0.543117441,-17.00695838,7.371189117,-2.474948463,-11.32669635,3
0.201684114,-4.694958303,-17.37946333,10.16442205,-5.542462024,-18.09630037,3
-2.48175202,-8.639081906,-13.22408904,13.5541412,-11.92445819,-24.15149029,4
-4.53103281,-13.32728795,-3.425969467,15.27974969,-11.58975544,-26.86501244,4
-4.298149439,-9.544435916,6.304966172,11.73820551,-9.62132423,-21.02245334,4
-3.714355885,-6.858719611,12.97845513,6.426501377,-9.14648917,-6.238599454,4
-3.62206173,-4.367722845,17.74672755,1.065233836,-4.746309549,9.190102538,1
-3.835289648,-3.044728729,19.03210834,-6.267103646,2.165838116,24.08421503,1
-5.049901324,-0.928201826,18.74418608,-14.1194598,8.936430204,36.13707289,1
-5.084737611,8.93622486,19.61792782,-14.67758627,11.58166808,37.67776145,1
-5.035349525,6.631891379,13.95526373,-11.36977795,11.23837048,32.3902705,1
-2.957155127,9.969650919,10.87954888,-7.623160767,14.3387296,24.20253773,1
-1.579013853,6.690556378,4.683103745,-4.334047281,10.57791348,21.07582667,1
-1.137974685,5.492556758,0.725896069,-2.748688201,9.134693681,18.05085293,2
-0.731112763,4.212116069,-2.658769692,-1.814408629,6.990704909,15.65246772,2
-0.53303012,2.424951421,-5.827549958,-1.141623521,5.604200224,13.28456093,2
-0.268867328,4.009048948,-8.404586055,-0.611980601,4.729665633,10.80706418,2
-0.153529558,3.091921584,-11.1963095,0.169282652,3.748650819,7.800442327,3
0.401334079,1.678689721,-13.89568709,1.035779685,3.304864379,3.4751094,3
0.517245723,1.054839484,-16.33587744,2.000836227,2.92473966,-1.520313827,3
0.559549221,-1.609094311,-18.29732298,3.551264079,1.773640637,-7.214720666,3
-0.41269026,-3.750411039,-19.76648849,5.742333737,-0.118603971,-13.80648671,3
-2.906619745,-10.20279927,-13.67800039,8.723568327,-7.409529204,-19.96959803,4
-4.774757916,-13.23451299,-4.089244579,10.08218747,-8.114321915,-22.50834395,4
-4.68743627,-11.82897244,5.858223209,7.080688627,-4.050554996,-16.74676633,4
-3.461390448,-8.977635306,13.64460812,2.56742351,-4.793726873,-3.107531652,4
-3.180426078,-7.580020917,17.23006908,-2.414948701,-0.224431619,13.33723318,1
-4.044281445,-7.520127537,17.71362805,-9.985628029,6.135532863,28.63339255,1
-5.118627013,-4.136207466,19.80582647,-16.73013528,12.65016481,37.44908749,1
-5.109252542,6.009592738,20.43163706,-15.61377533,14.61155531,35.22724856,1
-4.569510345,5.032753801,16.00047721,-11.30574734,15.98182499,26.29304293,1
-2.456078909,5.23262789,12.70617711,-7.927383855,19.64408998,18.86883365,1
-1.10360591,4.626747568,6.46680679,-4.932878679,15.88258632,15.83356568,1
-0.288206195,0.882391602,1.82375155,-3.313996939,15.01192175,13.02670203,2
0.16714368,4.127067777,-1.644310106,-2.640439931,15.63540642,10.2813808,2
0.554105362,6.475545305,-5.101659925,-1.756917846,14.52056067,8.26116732,2
0.742027346,6.225846608,-7.813374634,-0.49927976,12.25193046,5.979584209,2
1.044374695,5.313408092,-10.57355295,0.850824432,9.957150651,3.527656815,3
1.64294259,2.577859761,-12.97571493,2.334561812,7.719383369,0.24145266,3
1.952201712,1.000903431,-15.38639234,3.954159817,6.426999711,-4.202209448,3
1.490804959,-2.63455155,-17.38581145,6.611234317,4.089744301,-10.12037142,3
-0.38695899,-3.686887081,-17.3273465,9.786239367,0.498481046,-16.71022542,3
-3.455264983,-10.74939154,-11.76968903,13.67394,-8.213459931,-22.52484882,4
-5.974130889,-15.12735417,-1.958471885,16.57341117,-11.20241548,-25.17688239,4
-4.806870328,-10.07396045,7.406715824,12.25672707,-8.906044193,-15.21726487,4
-3.099688631,-5.811996409,14.45948477,6.150312387,-3.522147332,-0.794464956,4
-2.406661944,-2.506500238,18.71956723,0.458338731,-2.005438631,15.49374913,1
-2.851009297,-1.81976294,19.43844957,-5.084594322,0.744689824,30.72749307,1
-3.375702968,4.882567156,21.99254633,-7.32169318,3.119078131,34.61861354,1
-1.832228392,10.06026616,20.68487277,-5.449438704,7.54028208,26.09457479,1
-0.784617919,10.35999487,14.60604577,-4.178893186,7.314064169,21.49016868,1
1.386881643,13.27523199,10.27947812,-1.242662562,13.74004789,12.7946531,1
2.313824902,10.75198936,5.08868875,0.906360767,8.047281523,10.80453022,2
2.661859882,7.769655085,1.086697702,1.490426007,9.145551621,7.784662287,2
2.770176092,7.953768154,-2.549942221,2.251539593,7.905853142,5.824674283,2
2.849088712,6.231957107,-6.128635666,2.847865867,6.872033953,3.708670896,2
2.769878542,6.948314396,-9.314402127,3.730710835,5.97654957,1.084711161,3
3.191537252,7.496837729,-12.30219932,4.932581587,5.058401975,-2.706045432,3
3.885257562,5.953289664,-15.0249463,6.181375307,4.134961211,-7.347230145,3
4.153337472,2.796102766,-16.73298585,7.793418657,3.239354438,-12.77652269,3
2.560690622,0.924299371,-16.03802632,11.38667384,-1.18266728,-19.50687126,3
-0.0677104124,-6.910282645,-10.64676206,15.20643901,-11.72926333,-24.52201659,4
-2.461413295,-11.78504983,-1.606523189,17.78510422,-15.12858524,-26.42115768,4
-2.468572317,-8.348473076,7.855953894,14.04766847,-11.89264064,-20.64276146,4
-2.023263366,-4.03691951,13.82497006,7.270829557,-7.642990783,-7.037970382,4
-2.029642156,-1.14650158,17.82585533,1.320137748,-5.81428793,8.104020923,1
-2.558139713,-0.913384311,19.05244039,-3.945612706,-3.431108767,22.95062597,1
-4.050607677,-1.310861905,18.54265724,-9.522205137,1.27597202,35.31222685,1
-3.390542924,5.497910823,18.51458805,-7.583180791,4.323576799,29.67607621,1
-2.777921485,6.366365712,12.91481529,-5.50515434,5.579338971,24.39643165,1
-0.142863545,7.216526882,8.90597663,-1.953090661,11.07964959,15.48240062,1
1.786682872,3.112830629,2.836529158,1.085093516,8.064971439,12.05665594,2
2.260927482,2.790492615,-0.873302242,2.100583702,8.059900627,9.18921764,2
2.266202662,3.791004932,-4.192596549,2.945156412,6.892372667,6.936621553,2
2.460875862,2.669522778,-7.184032257,3.768519887,6.132654832,4.463613587,2
2.547507582,1.856492132,-9.668782062,4.389764057,5.327527067,1.88140102,3
2.827678082,2.018775047,-12.3146228,5.206000997,4.093012262,-0.595780331,3
3.292760802,0.364968636,-15.03556755,6.454378657,2.540511805,-3.683567005,3
3.412653502,-1.415613023,-17.50635177,7.973149137,1.271376469,-8.252666999,3
2.780676032,-4.246038907,-19.73034761,10.15647749,-0.872780828,-13.93990986,3
0.112124357,-9.223230586,-15.63053722,13.85864483,-9.37425083,-20.28506963,4
-3.689028618,-12.82585449,-5.860522238,16.65569057,-19.38009008,-22.79334293,4
-3.56858105,-16.38317731,3.635025569,15.21603102,-16.94272194,-19.63134472,4
-2.239046958,-10.76174971,12.08570373,10.75525991,-12.4070074,-9.628446633,4
-1.67606073,-7.685843642,17.65715604,5.113165557,-8.608654567,5.785013482,1
-1.407020635,-5.090333708,20.57954876,-0.733809527,-2.895431838,20.80147038,1
-2.770782044,-4.66105459,19.98623907,-6.515530083,1.012841285,33.8170803,1
-4.541965571,-2.207833435,21.66027331,-11.71619393,5.982442077,41.90687196,1
-3.906039079,4.785995747,21.20720702,-9.95421003,8.289515549,35.89005958,1
-3.467479538,4.582715478,16.55319757,-7.286209085,10.15531958,27.20675177,1
-0.570468247,5.839572354,12.32586317,-2.887041011,15.1366809,19.51742021,1
1.446024953,3.77161323,6.54934701,0.400198561,9.501502816,17.00666739,2
1.842113332,0.485261424,2.027081223,1.82336989,8.415457544,14.30770763,2
2.080291082,-0.943040401,-1.535677723,2.503699503,7.123950157,12.02486679,2
2.434092682,-1.896387393,-4.510348465,3.196361235,6.385415154,9.568783325,2
2.468823932,-1.717267446,-7.367351669,4.000389997,5.434688242,6.882190703,3
2.829616272,-0.260858509,-10.12577221,5.196127737,4.119684402,3.772473186,3
3.198708682,-1.665916792,-12.83971193,6.536045267,3.237489848,-0.871270748,3
3.301379402,-3.589950829,-15.19715553,8.164734557,1.533064619,-6.024304183,3
2.643367082,-6.12881324,-17.250618,10.29684688,-0.488555457,-12.1392481,3
0.870373886,-7.023196528,-17.05591674,13.49018999,-5.172527367,-18.60312858,4
-2.855471244,-11.14207755,-7.097736179,16.43241979,-14.10286452,-22.16464346,4
-2.469413474,-13.7028584,2.173879018,14.50363684,-11.98174696,-18.32633364,4
-0.970040959,-9.252818406,10.81405793,9.651151417,-7.995013513,-8.053252871,4
0.0273979836,-4.474096374,17.46518737,3.609565737,-5.180280795,5.979632642,1
0.159210434,-0.683001774,21.87380289,-2.165347414,-0.666285541,20.98590255,1
-1.386488708,-0.494961434,21.45402194,-8.692804265,3.911457682,35.09219109,1
-3.080405789,1.054723757,23.81381496,-13.10848503,8.163851952,43.98409671,1
-3.076074731,9.560707927,23.71079234,-11.29559361,8.984325106,39.57200726,1
-2.955796586,8.969087963,16.90051039,-8.523871727,7.989568081,33.19659117,1
-2.961564928,7.41909724,12.8100069,-6.085089037,10.67658241,25.5598606,1
-0.482437451,6.566063819,7.5503337,-2.955715073,5.474826466,22.45604417,2
0.177285962,2.332358656,3.0175371,-1.624003936,5.786899791,19.0809389,2
0.581965438,5.269052625,-0.409532386,-0.503665791,4.633739911,16.02838505,2
0.902680771,3.312245812,-3.38897454,0.467241044,3.526349927,13.24559405,2
1.003337344,2.972454691,-6.352759824,1.445469963,2.708115893,10.27094861,3
1.176913615,3.146523706,-9.315815317,2.556210725,1.732052521,6.90186581,3
1.896989482,1.992990865,-12.14308467,3.874779467,0.591050469,2.520295017,3
2.338720702,0.0810862021,-14.83645425,5.438309667,-0.504973211,-2.722413262,3
1.54022898,-2.226396027,-17.01522448,7.987335597,-1.982636484,-9.972222391,3
-0.748051085,-3.603824113,-14.17797786,12.14464092,-7.895044134,-17.3475753,4
-4.257268002,-9.779156766,-5.1825202,15.5385566,-18.88380499,-21.41154138,4
-3.767529789,-14.30373222,3.801983799,14.03503315,-17.31817916,-17.99429397,4
-2.475707252,-9.808612376,11.46494508,7.932549327,-11.94143716,-4.792897158,4
-1.869994657,-6.259807833,16.3307599,2.280013399,-8.531022756,10.79500333,1
-1.926088309,-4.56676853,18.05254291,-3.781366091,-4.046239515,25.98795485,1
-3.032042127,-5.71384587,17.50305242,-9.772969834,0.560321226,38.3589391,1
-2.330505169,2.339724124,18.40295954,-8.2557138,2.20562828,35.94127107,1
-1.486389854,2.723866363,14.05221769,-4.626898546,5.269697896,25.53652529,1
-1.340463421,3.056177251,9.905254401,-3.763558045,9.453036578,18.67019476,1
1.364426077,8.356755494,5.036355077,-0.398888642,19.5037976,10.05893015,1
3.549992582,3.538075676,-0.642583109,3.043259871,10.47045603,8.597588231,2
3.870695372,4.544554811,-4.153725305,3.827950547,9.332255388,6.237478304,2
3.813884622,3.239406264,-6.902815944,4.674306717,7.794299421,4.057843457,2
3.740904262,1.118204779,-9.558859358,5.273833297,6.126992913,2.085180325,2
3.586248502,0.713135319,-11.83783737,5.971915587,4.761950101,-0.416692132,3
3.729253882,-0.0192166569,-14.07026902,7.101883677,4.053014801,-4.178246456,3
4.100374182,-1.550772129,-16.59992455,8.391737657,2.916873921,-8.543777403,3
3.877115242,-4.640619493,-18.49699251,10.12958823,1.035633387,-13.33438937,3
2.838396702,-6.407247482,-20.37386816,12.26143367,-1.477129307,-19.03749128,3
0.0940648926,-11.77322341,-15.19901472,15.38796875,-10.01574633,-24.14528337,4
-2.745284144,-15.47159589,-5.775481797,16.88193201,-12.35042702,-26.19759806,4
-2.910789103,-13.77686407,3.123946835,12.89186227,-10.88679612,-20.31007686,4
-2.269300286,-10.43263922,10.47640351,7.291963667,-7.870881962,-8.343720924,4
-2.511490672,-5.771814434,14.66747891,0.774148525,-2.346258924,7.333791955,1
-3.378663386,-4.869014639,15.40082298,-5.855771498,2.75163291,22.61846902,1
-4.505780866,-3.668356415,16.98247979,-10.52768049,6.723895558,32.72728079,1
-3.598525488,2.812591522,17.94906091,-9.964634503,7.486620735,32.37796978,1
-2.010245209,1.604306429,12.15811856,-8.023628252,7.329461511,27.89248629,1
0.901169237,3.129575951,8.182649438,-3.014677341,11.92358679,19.50484629,1
2.943048812,-1.947322674,2.429507893,0.00768393324,7.581405645,16.50218034,2
2.860701682,-3.473553111,-1.540423728,0.955730584,7.663944688,13.58771211,2
3.073294932,-4.09923382,-4.584324237,1.803809134,6.022509504,11.2146553,2
3.168236042,-5.431721695,-7.596947146,2.430277937,5.416280933,8.576378333,2
3.079672282,-4.097074643,-10.19538209,3.218616803,4.312581859,5.795449692,3
3.198536762,-3.843226128,-12.7170353,4.276503197,3.172456422,2.50664074,3
3.356352982,-5.370201693,-15.03378853,5.633575457,1.929730789,-2.086481371,3
3.195937372,-7.937703618,-16.8420836,7.333436927,0.207131407,-7.315868313,3
2.143451832,-10.0166821,-18.09157676,9.982599587,-3.286826354,-14.01678158,3
-0.190061022,-13.36499321,-15.3392272,13.75469835,-10.13604876,-20.2665363,4
-1.401586869,-18.07583181,-5.456550794,14.26919637,-8.345209712,-20.88307202,4
-1.411683192,-10.48901078,4.095646587,9.481644537,-5.753546923,-13.8881887,4
-0.858355015,-6.266087049,10.99890149,3.372615011,-2.411210534,-2.017065944,4
-0.501486642,-2.29276128,16.28248787,-3.169182624,1.952309031,11.73410065,1
-0.204608086,1.169061391,18.91638443,-9.489724589,7.713589684,25.49947655,1
-1.263691719,0.998106122,19.78139886,-13.23512433,9.594537142,35.75003839,1
-0.791523977,6.443104184,20.83894665,-12.37859,8.482070028,36.77153542,1
-0.0679676704,5.614372253,18.30600257,-9.249761539,8.613757133,28.25932433,1
-0.382445113,5.617434838,14.23128404,-7.973197981,13.0855264,20.35394442,1
-0.0699715044,6.194986153,9.192997573,-5.086972118,10.88697775,15.28781883,1
0.727804842,2.554167345,4.112182339,-2.563988581,6.860636855,12.92924774,2
0.771797931,0.0975981581,0.110187639,-1.535438774,6.799862791,9.928507455,2
0.891903041,2.794837682,-3.263698555,-0.669715983,5.503268761,7.70625997,2
1.080681435,1.767019078,-6.686648306,0.0348398142,3.83858981,5.892937314,2
1.124052529,1.73992185,-9.270835104,1.065558418,3.506170434,2.70854681,3
1.703028612,1.274011098,-11.66989259,2.608828116,2.26407037,-0.72946919,3
1.933870072,-0.156467785,-14.43281197,4.203119667,1.443079377,-5.012565987,3
2.234122712,-3.066385744,-16.35920927,6.414832397,-0.28558658,-9.789192191,3
1.265116936,-5.476415061,-17.87309439,9.480931207,-3.867172341,-16.6285951,3
-1.387715326,-10.27515647,-14.97204957,13.17393196,-12.81444491,-22.56277521,4
-5.559118949,-11.78472451,-5.430175988,15.20791242,-21.35305964,-25.4785737,4
-5.865283441,-14.40400085,3.687673903,13.68816567,-16.35736027,-22.80138051,4
-5.015053456,-11.19925083,11.3362222,7.967382357,-13.50136648,-9.261193655,4
-4.511246333,-7.862900206,16.70761949,2.089557939,-8.586698205,6.437307503,1
-4.076498646,-5.118275764,18.78186675,-3.961905633,-2.695594287,21.91048624,1
-5.065796943,-5.441672963,18.24052524,-9.350676106,0.294671389,35.80905904,1
-4.632198604,1.699611064,18.79340317,-7.920021093,2.749021719,32.57292877,1
-3.784264835,2.503420119,14.23246742,-4.103947871,5.338626608,22.35370015,1
-3.99289312,3.176915111,10.02707882,-2.822155043,6.515887174,14.80101183,1
-0.958360499,5.571356965,5.951433981,0.469800879,15.476369,6.25538264,1
-0.481235823,1.348767183,0.608297823,2.433326602,11.57790952,4.434693542,2
0.0452923196,2.420293385,-3.007627087,2.905562369,11.83090307,1.670582803,2
0.199284927,2.896047777,-6.208332874,3.591432664,10.09451194,-0.00559538809,2
0.706343602,0.966576892,-9.235925459,4.082644927,8.789058549,-1.664041183,2
1.00257012,0.698535615,-11.79570472,4.914406247,7.43349175,-4.006760317,3
1.54773196,-1.153433181,-14.18138111,6.053617957,6.258565197,-7.156096749,3
1.863189692,-2.661313674,-16.59204408,7.369001737,5.123375061,-11.14596307,3
1.866047052,-4.69737034,-18.58747605,8.960846777,3.39998227,-15.52029933,3
0.517679768,-5.476330268,-18.98225247,11.92228421,-0.352507333,-21.92350171,3
-2.210667563,-12.95430598,-14.32466893,15.60783785,-9.414357,-27.25467454,4
-4.708240639,-16.38206996,-4.465824531,17.97062887,-14.82405388,-28.91481346,4
-4.362492404,-16.29798595,4.611097098,14.75606638,-13.40948594,-22.61197164,4
-3.260916499,-11.06109086,11.43708395,8.391070157,-8.245492903,-9.460618764,4
-2.687530013,-7.541013341,16.34097213,2.537319258,-4.502501868,5.164074443,1
-2.584103757,-5.509255659,18.45299742,-2.50965156,-1.712490418,20.20108885,1
-3.687947868,-6.004390472,17.67179964,-7.835017515,2.810678874,33.21902991,1
-3.054970717,0.166210313,18.29001619,-6.789637192,5.095266169,31.05006135,1
-2.546152813,2.444730619,14.2679958,-3.780790508,7.256945991,20.89769189,1
-3.002777061,2.703820618,9.674354078,-1.72034092,10.45508318,13.33896459,1
-0.454904687,6.422483686,5.397658967,1.726379961,15.58531177,7.208134853,1
0.873578482,4.0111008,0.187930123,4.256794367,8.798371804,5.92841794,2
1.085404918,6.559353241,-3.344996096,4.777207787,7.949334859,3.547373614,2
1.425001602,5.441917771,-6.442278073,5.559776537,6.356871517,1.723676547,2
1.518971708,2.940395146,-9.171021083,6.205466767,5.167100808,-0.494883597,2
1.62073172,2.62183282,-11.67641466,6.905480707,4.007105414,-3.089056758,3
1.967199652,1.511896944,-14.1965172,7.927979517,2.741829798,-6.521656934,3
2.248394412,0.0152667531,-16.6856676,9.138719237,1.441209723,-10.52600584,3
2.236604152,-2.58694699,-18.49172001,10.90790776,-0.243127733,-15.05643625,3
1.857026102,-7.27379476,-20.04459031,13.11574123,-2.60607923,-20.75819104,3
0.358744391,-9.926477806,-20.33705194,16.25172573,-7.463129082,-26.98032397,4
-3.671054476,-8.766106456,-10.26360347,17.62488312,-14.1164527,-30.23288028,4
-3.481244937,-12.88973266,-0.0388322421,14.32355494,-12.58801341,-25.25039973,4
-2.269652203,-7.331333377,8.419067965,9.040229107,-9.318291779,-14.02883463,4
-1.76874844,-3.266303892,14.77411934,2.477139942,-4.900966628,0.246558072,1
-1.652619708,-0.343603158,17.20571022,-3.434153944,-0.277999315,15.0970838,1
-2.54242924,-0.78661987,16.71830594,-8.639726297,1.913624219,27.80706363,1
-2.695312219,3.878514797,18.51022552,-9.749811463,6.056177076,29.95464221,1
-1.458394353,7.656797651,16.99117141,-7.528244801,7.373980042,23.18959417,1
-1.041102588,8.763189506,13.81267704,-5.007256782,11.77745235,15.76825348,1
-0.591373612,14.33942457,9.030624812,-2.545590753,12.47790071,11.82421299,1
0.115178429,9.151116285,3.504901895,-0.231771805,5.869424291,10.53950985,2
0.177201014,6.471190965,-0.410369308,0.0454175872,6.303329148,8.433449048,2
0.401085264,4.437113348,-3.712615467,0.834048722,4.228438359,6.840010844,2
0.632248754,3.590961578,-6.116901754,1.265366174,3.650597738,4.453758908,2
0.822037152,2.454687579,-8.342803949,2.0232507,3.180909112,1.296506395,3
1.202125327,1.691406386,-10.82214835,3.045214875,2.263968603,-1.983518076,3
1.459120515,1.644893296,-13.58512511,4.266382297,1.516993336,-6.411468715,3
1.56030674,-2.002685786,-15.70280763,5.838690197,-0.32675332,-11.00314321,3
0.698747477,-4.735286142,-17.87534189,7.448705207,-2.313718234,-16.43532268,3
-1.411565703,-7.191635166,-17.67523458,10.24732233,-7.014465009,-22.43125947,4
-4.286008955,-8.910893986,-8.189333792,11.60260288,-10.34175374,-26.41211251,4
-4.090932693,-10.71541394,0.342229083,9.087237587,-7.108997782,-22.59132433,4
-3.721795489,-4.127340594,8.818037272,5.094518517,-5.936438521,-12.08925203,4
-3.010618795,-1.135171738,15.31798073,0.594332284,-5.126816753,2.079733976,1
-2.8757273,0.579376745,19.93990074,-3.630754464,-1.990685999,17.24701963,1
-3.757433005,0.431911242,20.08064209,-9.877039401,3.163529416,30.98875766,1
-3.983702726,7.043775674,22.07138879,-13.36426851,8.941322007,35.64815991,1
-1.256732358,12.71307694,20.36072126,-9.985500466,11.83260727,25.31663777,1
-3.026649048,12.37170344,15.73251594,-6.462619256,13.23478644,16.94917475,1
-1.731900282,9.41157232,8.171080687,-3.004682814,7.493951727,14.43177852,1
-1.037025232,5.960194765,3.538266227,-1.724917969,6.881829808,11.86022162,2
-0.700810533,8.145618015,-0.166587233,-0.920371688,5.813350909,9.704436472,2
-0.440625698,5.40995871,-3.378409671,-0.115553952,3.486740976,7.811191443,2
-0.307151867,5.746207729,-5.818858604,0.466993558,2.708835259,5.248462778,2
0.0257518116,3.976886495,-8.225593896,1.369242667,1.571295807,2.226729657,3
0.564969841,2.315304865,-10.7716771,2.402493052,0.846071272,-1.403435457,3
0.899705998,0.999324291,-13.58810699,3.524936724,0.35333298,-5.70076877,3
0.808827967,-2.830736387,-15.81338045,5.347674907,-1.168288673,-11.01721233,3
-0.532301413,-4.148951182,-17.42190923,7.794816467,-3.646345335,-17.55712224,3
-3.08649235,-10.30518507,-14.52888012,11.50967346,-11.19188764,-23.64443468,4
-6.064480798,-13.73852486,-4.801778697,14.18546566,-16.37310775,-27.15142418,4
-5.434237054,-5.930918032,4.999356346,11.00971022,-15.16366045,-19.17475031,4
-3.979267339,-2.858084968,12.24461721,6.588343187,-12.63919794,-6.487083555,4
-3.093375846,-1.300085262,17.78386856,2.238262019,-9.67658484,8.345854767,1
-2.635701789,-0.60993422,20.20031298,-2.800166445,-4.49782913,23.24029371,1
-3.46697234,1.36049505,21.47198652,-7.973004926,1.684375804,33.89622456,1
-3.018254855,11.58404763,22.83471569,-7.165503618,5.069476833,31.25351766,1
-1.858163036,12.78940678,17.96497676,-3.870919437,7.138461627,22.56063378,1
-1.676608396,7.901189967,13.67354515,-1.974972023,9.21778486,15.14447825,1
-0.831851118,7.168265439,7.705477858,0.401038342,4.621615838,13.03216769,1
-0.163287169,5.299408448,3.547527391,1.246983355,4.37828912,10.1553604,2
0.0360739756,6.688916266,0.0621114709,1.91467089,2.946293456,8.00874422,2
0.32328707,4.872128529,-3.153175982,2.365539009,1.737663484,6.098739246,2
0.438319435,5.675526208,-5.948531747,3.067195565,0.800938749,3.394675319,2
0.717722773,4.121906419,-8.42927787,3.963576757,0.292263968,0.0947770719,3
1.13986833,1.973052819,-11.05051395,4.875608897,-0.630328801,-3.436822181,3
1.362173688,0.717600593,-13.608385,5.810220337,-0.748295582,-7.53372491,3
0.907897779,-2.452872062,-15.8248877,7.745940757,-2.338267541,-13.0184278,3
-0.700948485,-3.619356992,-16.29868894,10.67024458,-6.271496368,-19.32572894,3
-3.265518126,-11.18445343,-12.09496499,13.95203006,-14.59583108,-25.03762409,4
-5.936311553,-12.99791408,-2.682287064,15.94330038,-18.70557739,-28.17476274,4
-5.335273787,-5.279253948,6.290936479,12.25822181,-16.7065069,-18.3790887,4
-4.451501002,-1.740717334,13.202764,7.598612567,-12.95358076,-4.999158192,4
-3.918321678,0.562610833,17.95643297,2.515186632,-7.0011953,9.359910612,1
-3.985601969,0.998375558,19.48247422,-3.447758084,-2.182883115,23.52721545,1
-5.231654232,6.458753945,22.42063828,-8.17163395,5.30296252,30.44613007,1
-4.92484528,12.3827061,22.52305621,-7.205169685,7.228099731,25.66272771,1
-4.343464584,11.01379938,16.01361825,-4.812006857,4.705572332,21.03577269,1
-1.890102033,10.78156582,11.89194487,-1.978105748,7.44197899,13.43080286,1
-1.010583804,10.80038669,6.680617108,0.162173584,4.429683412,11.02723165,2
-0.655228927,9.48482501,2.550149622,1.010258643,3.537737444,8.660933659,2
-0.0150518014,8.032387875,-1.034245622,1.714716274,1.263415292,7.155999976,2
0.200487283,6.461920549,-3.849833409,2.201947424,0.722147834,4.956301972,2
0.725845778,7.771770342,-6.40264184,2.974355825,1.5433159,1.383371968,3
1.358065572,7.0591925,-9.152343432,4.099801987,1.579872195,-2.414411053,3
2.059890522,5.911202233,-12.17652,5.508114657,0.760708691,-6.543604336,3
2.348958472,3.332436929,-15.02814864,7.275252087,-0.882305545,-11.10482121,3
1.200119643,0.851027829,-17.49742904,9.178177717,-3.009432101,-17.40954954,3
-0.758557261,-4.428201813,-15.62716669,12.60428998,-8.860454838,-23.56210057,4
-3.379974386,-10.77437487,-8.209767795,15.69807287,-15.57529528,-28.60181939,4
-3.398360121,-16.69745151,1.125801302,17.51805071,-14.3710986,-27.83626137,4
-2.979441551,-9.744261156,10.24747331,14.93992691,-14.64054553,-18.80072937,4
-2.106488818,-7.950532591,16.3007003,9.879726547,-11.47561408,-3.152710354,1
-1.420009049,-5.921419116,20.03361355,4.535038467,-8.863929907,13.2949958,1
-1.824283488,-6.194515159,20.03314994,-1.658251385,-3.994381396,28.62470073,1
-3.14548148,-3.314130491,23.01940592,-7.87202195,2.804737621,38.40606008,1
-2.211551614,1.195677389,19.79663883,-6.041921522,6.397040258,29.34188991,1
-1.796386827,2.884641046,13.77663298,-3.860091563,7.941501003,22.69620746,1
1.513370007,6.113204676,9.025239572,0.311551636,12.65323557,14.80283235,1
3.561586362,0.715399519,3.05283242,3.194847582,7.252259104,12.41573455,2
3.516455902,3.91680669,-0.500711281,3.715852825,7.028401412,9.499090059,2
3.582048682,1.986445256,-3.8616475,4.466192307,4.974850738,7.358940321,2
3.703472452,0.825488558,-6.591507308,4.861214337,4.65339266,4.714393085,2
3.710199372,1.196951838,-9.178411244,5.339297277,3.688767759,2.093998692,3
3.871460422,0.167364016,-11.75882291,6.192560007,2.552995727,-1.107809043,3
4.078847112,-1.183120245,-14.54774169,7.191437467,1.471795677,-5.177526297,3
3.991100122,-3.305479355,-16.91716837,8.379596987,-0.0451565195,-9.693570095,3
3.448619952,-6.594509058,-19.18597968,9.917072287,-2.026115995,-14.85139355,3
1.099673968,-9.543246056,-16.72596826,13.37852594,-8.644491516,-21.54153011,4
-2.601363123,-14.38418374,-7.610819409,15.98281529,-16.60472469,-25.47301988,4
-2.325726167,-15.34361163,1.859602533,13.40281712,-13.47980341,-22.80264543,4
-1.311055336,-6.912946562,11.04128609,8.744189167,-9.58428829,-12.95190374,4
-1.03498288,-3.815915779,16.60225489,2.837149721,-5.956791887,2.36698972,1
-1.116630366,-1.831472258,19.4294133,-2.875555,-0.298993999,17.49918255,1
-2.349789074,-1.511043881,19.25370892,-8.734899251,3.498354731,31.27020061,1
-3.753996931,2.298243439,21.34051238,-14.3170839,8.397035324,39.30377745,1
-3.255797216,7.965561065,21.39751865,-12.12500091,8.363391894,34.43792719,1
-2.955435267,4.285466375,16.30097227,-9.62760341,11.78851148,27.18678682,1
0.245999462,7.715886609,12.22019559,-6.261636535,18.56393997,18.80237413,1
2.265961622,4.419112038,5.661293994,-2.866952148,13.76460889,15.50966922,2
2.510817752,0.220377548,0.600797712,-0.688176722,12.636456,12.66130771,2
2.883280582,0.806573073,-3.070766617,0.277854562,11.92696079,9.709303868,2
3.136127092,0.199268128,-6.367199537,0.949031775,11.15487821,7.598184997,2
3.206612652,0.258840152,-9.282127934,1.823375124,10.1921593,5.043363475,3
3.345028292,0.872333923,-11.96208216,2.870769667,9.088964919,2.175550794,3
3.713844492,-0.311953622,-14.41441272,4.269690497,7.584729568,-1.311211447,3
3.674199252,-2.358408974,-17.02497778,6.164144807,5.274919133,-6.074001398,3
3.152350642,-6.285275138,-19.29918788,8.520381167,2.456855657,-11.93288679,3
1.677522972,-9.360936206,-20.40162766,11.63218757,-2.187906791,-18.98737389,4
-0.93212318,-14.6831296,-15.18026348,14.96012503,-11.35825208,-25.08190547,4
0.0395020046,-20.17937326,-4.389031328,14.22044314,-10.34366586,-21.57918402,4
1.338777471,-12.56438139,5.808425119,10.82634368,-8.093765349,-10.80176967,4
2.471011602,-8.153691616,13.30698275,5.608278217,-4.115279956,3.354921437,1
2.606653982,-4.881509141,17.99078506,0.0936509802,-0.909403895,19.24285637,1
2.252654682,-2.627022081,19.83148788,-6.384677456,4.480882764,34.23251781,1
0.153927789,2.22647578,22.69477563,-10.50011512,9.759651293,41.11260727,1
0.500523334,7.966514415,22.14008625,-8.674251873,10.04260747,35.91839156,1
0.926875373,6.806144016,16.94751191,-5.382273085,12.16084647,28.3498329,1
2.061090772,10.78224961,13.21306641,-3.236435113,17.97922171,20.13755705,1
3.144809182,6.999243031,7.225804369,-0.175297921,10.90728483,17.60580224,2
3.055287072,4.913899042,3.008682267,0.858174007,11.77067967,13.86051781,2
3.175739142,8.916836828,-0.433208599,1.751843621,11.20447355,10.44102338,2
3.192485132,7.171565722,-3.702178681,2.382689006,10.20375641,7.917684779,2
3.254334492,7.831220923,-6.382815928,3.045479418,9.905959827,4.856284635,3
3.606703492,7.350707653,-8.85366644,4.069934287,9.165615043,1.576961883,3
4.033486052,4.889324332,-11.07822097,5.475721127,7.845137491,-2.068518465,3
4.384799572,1.804386243,-13.77485579,6.783528217,6.221211518,-5.957970359,3
3.897154192,-0.825893077,-16.44692689,9.180403117,3.809436926,-11.85868252,3
2.026142952,-1.414337819,-15.43432145,12.8656507,-1.097727783,-19.44103139,4
-1.435697793,-9.989741066,-7.282432702,16.06709098,-11.32600184,-24.6670926,4
-1.023857312,-13.32391158,1.658977006,16.13053586,-9.39212678,-24.7602053,4
0.439518002,-8.760458516,9.513611026,10.79910679,-5.959928471,-11.79632231,4
1.201144226,-5.048428453,15.52918218,5.492910897,-4.982381109,4.198356507,4
0.784670801,-3.493859639,18.55832572,0.761151637,-3.018440996,20.16747758,1
-0.827577097,-4.161431676,18.0817049,-5.67619396,2.835488197,35.09694232,1
-2.225585758,-4.330063165,20.39680255,-11.74709231,7.720203046,45.03460013,1
0.272184929,2.209362505,19.3166982,-8.996639925,8.90582913,36.05446455,1
-0.55021572,3.410628175,14.64520113,-6.686023774,11.01860428,28.07968267,1
1.936332352,6.933766809,9.934117871,-2.915519543,18.2474817,19.05500005,1
4.185496572,3.509594266,4.415635603,0.450066727,11.37365011,16.25795138,2
4.070938042,4.410142594,0.737604949,1.21632716,11.10548681,13.05589648,2
3.867476912,4.779694664,-2.634908769,2.051413431,9.440661868,10.75322587,2
3.944489432,3.318173207,-5.89216592,2.622522438,7.529079622,8.62133034,2
3.945955962,1.733252522,-8.622450853,3.31092524,6.191467708,5.887145673,3
3.643343312,1.506691256,-11.29468886,4.230181637,5.330356915,2.593360341,3
3.942074012,-0.0953982679,-13.81629818,5.431323897,3.895982315,-1.42227547,3
4.026647592,-2.111745497,-16.00833735,6.972492727,2.543567255,-5.878321349,3
3.601559122,-5.971223979,-17.91064084,9.002417617,0.638946823,-11.21052429,3
2.390542282,-7.227534389,-18.88393703,12.13300867,-2.787756488,-17.60125481,4
-1.318539797,-11.49950847,-10.41805697,14.92617146,-12.59854201,-21.31342917,4
-1.314174615,-13.21993874,-1.186575025,13.57824918,-9.89735928,-19.31867629,4
-0.620666567,-5.896605803,7.786625686,9.331889557,-6.481442059,-11.83505895,4
0.0813353966,-1.483411984,14.26878171,2.841205868,-1.22410446,-0.0697880031,1
0.0844665436,2.001714598,19.25256183,-3.096770459,1.503964797,14.38112043,1
-1.638160627,1.603696666,18.99151367,-8.929791733,6.23893561,29.12205042,1
-2.970979288,0.635048207,20.80978155,-14.19878132,10.24642076,39.08858719,1
-2.436833843,6.979374425,20.4945389,-11.49087286,10.68742767,35.1243592,1
-2.249891172,7.726047886,14.65062744,-8.858429327,12.60027012,27.59458102,1
-0.339133969,10.55249232,10.48805034,-3.846290041,13.13390079,20.50733905,1
0.533783798,6.300156156,5.098907655,-1.441829685,10.25569005,17.26754659,2
0.753824533,6.324633166,0.955186988,-0.526570234,10.76761906,13.88353378,2
0.975434271,8.220592583,-2.629677672,0.344499881,9.563878264,11.39585032,2
1.240730821,6.622971186,-6.334806931,1.016305259,8.523442627,9.280728489,2
1.238912657,7.417683252,-9.247870578,1.859446735,7.793135908,6.431095271,3
1.515367873,8.966312366,-12.02939617,3.044067075,7.247465882,2.895763824,3
2.147843852,7.399117658,-14.50664993,4.555385167,5.910306803,-1.148997116,3
2.159984532,2.870771819,-16.21018642,6.790854247,4.076076832,-6.837775898,3
1.431740514,-0.221827596,-17.69403711,9.850353867,1.345997092,-13.39447797,3
-0.566851142,-2.275143938,-15.81792864,13.79348503,-5.281313963,-19.84816333,4
-4.10077927,-6.526812558,-6.661065757,16.65686111,-15.42050341,-23.62465766,4
-3.138928208,-5.025006392,2.722191291,12.36951345,-12.11737331,-17.28873094,4
-1.873625798,-1.915784518,10.12414908,6.428609377,-8.243502837,-5.18330438,4
-1.554967196,0.854916784,15.56104634,0.795010049,-6.548060912,9.531969931,1
-1.823298722,3.211285656,18.2285007,-4.484732825,-3.619907992,24.4013419,1
-3.596562716,1.757003434,17.81308929,-11.27246007,2.547857279,35.40835359,1
-3.511937387,8.911924551,17.70337462,-11.45962807,4.205328486,34.79558331,1
-2.04999376,12.07342893,13.59437728,-8.152705985,5.346599594,24.31194462,1
-2.602498317,9.334379099,9.616298822,-5.422183114,6.569534685,16.75246584,1
-1.249433501,7.237078938,3.790185649,-2.238116129,2.128889802,14.12518996,2
-0.736470776,5.198835717,-0.61006506,-0.798151597,1.706116639,11.38782544,2
-0.422306952,7.615124074,-3.993684214,0.00814650424,1.966518863,8.409952124,2
0.0050172436,6.388720389,-7.073072456,0.968580674,1.248346214,6.075469134,2
0.358327254,4.91185162,-10.08758026,1.734362949,0.735378612,3.615312411,3
0.496410331,5.777731564,-13.01460952,2.553107619,0.139081575,0.814643125,3
0.978661145,5.351932853,-15.41182721,3.741741577,0.0470188945,-3.137841553,3
1.675384582,3.6122542,-17.87400993,5.156974197,-0.522841155,-7.808035657,3
1.554371563,1.124548758,-19.45865174,7.094990537,-1.17381682,-13.70900027,3
-0.397069589,-2.693299635,-17.44034071,11.59798365,-7.09169499,-20.5663953,4
-3.935097329,-6.739427347,-7.790421851,14.8705301,-17.71552471,-24.63835974,4
-3.163343491,-8.981355216,1.091672867,12.37486725,-13.41311626,-22.21852377,4
-2.195468179,-1.480976438,10.28113189,7.750877267,-8.580189364,-13.83731571,4
-1.638299343,0.911239759,15.26574113,2.244776108,-6.413806086,1.92913547,1
-1.708483914,2.848199373,17.82129087,-2.92719349,-3.028484074,17.39878518,1
-2.924468822,1.131949992,17.09115393,-8.930200651,1.281841959,31.40184377,1
-4.213776595,2.909999187,19.82042116,-12.66533743,5.512713485,39.02253192,1
-2.910782925,3.627556351,15.24030597,-8.986365765,8.577544911,28.22297142,1
-3.06700334,4.015275492,11.98705219,-6.82940376,13.65417536,20.05571098,1
-1.099075087,6.983468888,7.988944239,-2.655180828,16.40403712,13.46673144,1
-0.184132568,2.28101784,2.86780531,0.0154534732,11.16467614,11.31960464,2
-0.104113706,6.062969917,-0.642399917,0.858189461,10.0026372,8.42365882,2
0.242393433,4.50647767,-3.804370163,1.812456125,8.497529216,6.093747227,2
0.534055665,3.121355012,-6.824061259,2.631580363,7.277667953,3.689024937,2
0.669638787,3.218178065,-9.569671844,3.523042659,6.590716748,0.836369648,3
1.130677599,2.198561026,-12.28653676,4.912280357,4.656061547,-2.610393332,3
1.36450883,-0.0749175779,-14.86476877,6.397834117,3.074354817,-6.71838336,3
1.092371765,-3.225583142,-16.69847219,8.230726737,1.128224029,-11.73164751,3
0.36955879,-6.280402432,-17.93546002,11.37132495,-2.210130567,-17.89473564,3
-2.770351404,-12.16127598,-10.59775619,14.45795886,-13.46419815,-22.68800557,4
-3.919191135,-15.35804417,-1.063009028,14.63063529,-12.08700183,-23.10964065,4
-3.25973486,-10.07406143,7.912577834,9.721204617,-8.864302587,-16.83406578,4
-2.364560223,-5.284093008,14.59216988,3.276700467,-4.052347636,-6.028812157,4
-1.986620949,-1.312610971,19.97560553,-3.566313357,-0.247568408,7.452557789,1
-3.185491387,-0.336038863,20.66288178,-9.036966242,3.460502272,22.22286322,1
-4.31425765,-1.491823548,20.38948878,-13.56236426,5.697816302,32.97682218,1
-3.984225241,2.318695976,20.35492869,-13.39382052,7.042923691,32.98578084,1
-3.054300895,3.647947444,15.93472334,-10.26446143,10.20035704,23.06203561,1
-0.737022336,4.449584731,11.35128329,-7.804746295,16.46525315,15.30329258,1
-0.408418147,4.050152563,5.978956233,-4.396025768,12.20339657,11.3274348,1
0.208239987,0.495823883,1.129243519,-2.372511134,10.4929218,8.629661358,2
0.572657913,4.004085807,-2.280688431,-1.596336002,11.23676532,5.809997688,2
0.979412529,1.479446272,-5.567960678,-0.503131129,9.158578716,4.024265471,2
1.236502791,-0.380149694,-8.288060284,0.475688184,7.823161393,1.755765182,2
1.348208715,0.462202904,-10.93736502,1.460817739,7.007812387,-0.906951849,3
1.856463582,1.643602199,-14.07679395,2.785632723,4.580092882,-3.181738185,3
2.364411502,-0.477517215,-16.83301904,4.094728897,3.022206832,-6.659465067,3
2.456826752,-3.636741241,-18.85249896,5.848085377,1.270205959,-11.86332626,3
1.230433088,-5.594392347,-20.52195197,8.264634957,-0.931989662,-18.5398789,3
-0.80074951,-9.238063526,-18.27546994,12.24295439,-8.059194799,-25.19799925,4
-4.426738241,-12.5585865,-8.348159977,15.17499064,-16.65407638,-28.69027197,4
-4.057593733,-5.41639445,2.438354725,11.25532005,-13.93920097,-19.96670229,4
-2.884474213,-2.064631335,10.21194898,5.492752847,-8.875825143,-6.432250864,4
-2.024658125,1.092759894,15.78717465,-0.509071757,-3.961295424,8.933062719,1
-1.846668417,4.171748373,18.27897458,-6.669012012,1.247702479,24.42753839,1
-2.946865283,2.841697247,20.25688054,-12.37625713,6.923229031,34.87901808,1
-2.671086438,11.64658769,21.27800873,-10.66368757,8.963914033,32.38044678,1
-1.778472478,11.90959878,16.66608009,-6.344144913,11.13350567,21.69790579,1
-2.487235001,11.57682498,12.73438684,-4.304068198,15.12035714,13.62713205,1
-0.827756511,13.61463586,7.70365095,-1.201239145,11.42339275,10.58592364,1
-0.54142557,7.125952662,2.467472057,1.101052834,6.39107,9.337134816,2
-0.127207882,5.353727724,-1.298798459,1.608864521,7.48540766,6.911989343,2
0.133879344,5.024575477,-4.535256892,2.455647877,6.16057308,5.165774881,2
0.51257586,3.737846122,-8.090496325,3.025771511,4.704930503,3.685734806,2
0.53332835,4.899702491,-11.00846657,4.050019337,4.014111872,0.81590903,3
1.167154312,4.919490733,-13.30582123,5.274315147,3.051370384,-2.643926334,3
1.937039382,1.49284221,-15.44019749,6.615102817,1.763877187,-6.647411917,3
1.5913687,-1.271629667,-17.1991852,8.300236597,0.0888317615,-11.34343152,3
0.727787174,-3.231267546,-18.88041168,10.69224478,-2.598225253,-16.92482016,3
-1.164872836,-6.78788589,-17.5762592,14.08634348,-8.393069471,-22.60924349,4
-4.364327563,-11.99944057,-10.03196626,16.34603104,-17.76143972,-26.94905124,4
-4.196438283,-8.250386156,-0.663197772,12.64715066,-15.35444996,-21.18645419,4
-3.320249915,-5.25900417,6.79425677,7.641845557,-12.82153989,-9.941379761,4
-2.901946296,-2.888050117,12.99233298,2.039528097,-10.2384594,4.307314586,1
-2.710551546,-0.489660886,16.65751266,-3.401704359,-5.78755289,19.5918359,1
-3.731657573,-1.76707106,16.85399884,-8.772805383,-2.443499276,31.71513906,1
-3.096828149,4.047196305,17.60890413,-7.827303703,-1.496700663,31.59066842,1
-2.191397791,5.030960379,12.81464334,-4.434995988,4.465283033,21.25905863,1
-2.042785771,8.115319329,9.666162828,-2.846541664,10.97938002,12.4613668,1
-0.580129194,2.80571853,3.70368626,0.169343625,3.82572679,10.02901943,1
-0.434096167,-0.688950639,-1.257673808,1.200742872,4.019659135,7.756518121,2
0.0049230736,3.523783929,-4.555917568,1.819783496,3.554751986,5.26142391,2
0.163530709,2.58460516,-7.479492786,2.684624291,2.284653792,3.406104592,2
0.39724565,0.12754446,-10.47101787,3.367493888,1.14691482,1.282653986,2
0.734954064,1.072444621,-12.9439303,4.497644147,0.546673508,-1.814674469,3
1.333798316,0.275473566,-15.46495879,5.860684127,-0.78885327,-5.111691878,3
1.716331492,-1.555409298,-17.84023593,7.198066117,-1.713579786,-8.933654016,3
1.809712912,-4.01413894,-19.65109069,9.047902347,-3.415548013,-13.24439797,3
0.620978702,-5.247858717,-20.51852693,11.86608471,-6.978134642,-19.49973461,3
-2.228336056,-11.873958,-15.5930391,15.50016287,-15.16407706,-25.17099565,4
-5.554256813,-14.0090976,-5.074446877,17.76217891,-20.162687,-27.76052593,4
-5.230418732,-17.43474877,4.580030522,14.79612903,-18.94096725,-21.94857544,4
-4.14286937,-12.77055608,11.80937788,8.486639087,-13.55145889,-8.752992272,4
-3.558257677,-8.283858596,17.13953995,1.887568661,-8.797938865,6.418201012,1
-3.20840197,-5.229699358,19.35554063,-3.99378567,-4.900268712,21.91745893,1
-4.203553029,-5.95463094,18.73810754,-9.25382075,-0.241087344,34.57431105,1
-2.801387177,0.339886868,18.53340094,-7.164879635,2.287382836,27.92275561,1
-2.306595091,0.765316583,12.31052825,-5.702185494,2.074331597,23.95133924,1
0.0941283336,5.253914504,8.571502495,-4.056067122,8.45053661,16.65673618,1
0.66714108,8.224913842,4.174382639,-1.539105035,9.132639404,11.909297,2
0.755316768,5.836752864,-0.114783622,-0.619002669,10.25611232,9.479612409,2
1.227665569,9.974814232,-3.259446529,0.40858691,7.848379658,7.517557861,2
1.558000492,6.901019562,-6.133316962,1.468120495,5.689787625,5.504427304,2
1.865339122,4.067078163,-8.436133203,2.317609703,5.275590577,2.567357722,3
1.891401692,4.5091324,-11.27149969,3.388955223,4.855080223,-0.839114538,3
2.365285852,3.636933558,-13.93270283,4.950338637,3.380122542,-4.732609828,3
2.715434262,1.135203753,-16.26269824,6.743358797,2.116923104,-9.349641821,3
2.476045732,-2.999739647,-18.18023092,8.866183997,0.0786497385,-14.64111844,3
0.0130945666,-5.391259455,-16.29283412,12.90170093,-6.712020882,-20.95602448,4
-3.739887904,-9.459924186,-6.872594801,15.36268999,-16.55143591,-24.81784804,4
-4.080052004,-15.63696017,2.831397589,15.46305362,-13.71459613,-24.10492722,4
-4.365287449,-7.986892536,12.1589262,11.17594176,-10.82551798,-15.79164131,4
-3.554102218,-2.91805852,17.81700521,4.023793727,-7.169366418,-0.41055533,1
-3.421080591,0.42950153,19.87416114,-2.449633056,-2.186623633,15.25314125,1
-4.611001643,-0.930598395,18.41879769,-8.356574815,1.464900045,29.03577881,1
-4.956044075,3.502511063,20.23312522,-10.35035508,3.819221755,33.0072346,1
-4.280741713,2.05112389,14.96800665,-6.994951886,5.554357673,25.39425616,1
-3.991137644,5.002650476,11.97089927,-5.489676569,11.30415066,18.12144555,1
-1.898472699,8.411711011,7.078779863,-1.592913618,12.83014153,12.64534833,1
0.25216284,5.401434561,1.928979577,1.201284347,7.81600546,10.55666404,2
0.480604165,3.719627901,-1.885679338,2.224607892,8.832971751,7.376106117,2
0.860569309,2.786573677,-4.760077478,3.344724879,7.351363087,4.901307965,2
1.432360681,0.50163509,-7.679798437,4.087933897,5.981611187,3.063473231,2
1.473200911,1.605464674,-10.48890626,4.943689447,5.044259256,0.581356333,3
1.904276222,2.22019784,-13.0455907,6.166428017,4.007497005,-2.700786016,3
2.203475312,-0.0119727489,-15.11793289,7.672652847,2.661729624,-6.889317839,3
1.842942072,-2.859275657,-16.81594499,9.617257957,0.318772772,-11.87754569,3
0.952054549,-5.509783059,-18.1709513,12.5647692,-3.996056707,-17.97898117,3
-1.473766611,-10.84180046,-15.07617118,16.37439398,-11.80145671,-24.04826624,4
-3.204221493,-15.57683851,-4.251979444,16.70194763,-9.48396674,-24.7896345,4
-2.623598571,-7.048536307,5.99715241,11.47289149,-7.28308235,-15.74383434,4
-1.572647023,-3.044138046,12.91370204,5.408070367,-4.924977955,-2.058632707,4
-1.625747502,0.490940946,17.08766018,0.0470451142,-0.408729176,12.9191221,1
-3.058218679,-1.179626156,15.78341053,-5.839653219,2.919423319,26.71165629,1
-3.007648379,3.832463234,17.4792368,-8.212368996,5.570453337,29.96618115,1
-1.190609171,10.485198,15.76802415,-6.052153226,8.565463844,22.20995136,1
-0.722702702,11.86193462,9.343222585,-4.250133456,8.901331332,17.64039676,1
0.616261359,14.38484292,5.171035312,-1.654971733,10.43871778,12.71765517,1
1.595858736,10.33997371,0.136993153,0.673879896,3.776736151,11.31865752,2
2.010007812,9.775106338,-3.226717262,1.324241263,5.948261849,8.207699937,2
2.438420612,10.1549916,-5.950726663,2.595363068,4.294845129,5.344975551,2
2.642246622,8.99718019,-9.122247062,3.259208674,3.474759277,3.416664742,2
2.396198682,9.6874886,-11.99241754,4.064609567,3.399975016,0.557899379,3
2.722976212,11.52196772,-14.38465862,5.279014787,3.46118974,-3.149882445,3
3.503329502,9.394501839,-16.74036412,6.804270897,1.803792182,-6.981847378,3
3.469939092,5.502167861,-18.39235382,8.847631247,0.162904323,-12.09369127,3
2.913208252,2.099672801,-19.63628536,11.90683986,-2.798189437,-18.45771967,3
0.744654473,-2.65983533,-17.28206103,16.13778808,-9.75174313,-24.84353063,4
-3.251160808,-5.824006144,-7.477043953,18.78992903,-18.79373619,-28.12741602,4
-3.144815804,1.023781222,2.572271106,13.83173831,-14.49166385,-19.62824524,4
-2.120032192,3.745162283,9.636295566,7.205551317,-10.91025201,-5.83370013,4
-2.093288839,6.506927051,14.2247922,1.497031272,-7.875426088,10.20839775,1
-2.652412107,6.552215085,15.60336838,-4.014680624,-4.204708366,25.78624009,1
-3.463223238,9.895161884,18.03064223,-7.779265593,0.247759879,30.73815431,1
-1.645829826,17.25388881,17.02958227,-5.375548819,3.601220837,22.30532038,1
-1.815361912,18.7020587,12.14737128,-3.288759859,7.141669098,15.04685114,1
0.180354451,19.87365582,7.504533131,0.801480488,10.1074026,9.216599631,1
0.408503748,16.06053459,2.890775131,1.87020444,10.6612716,6.33984903,2
0.623786397,17.66686308,-0.778877835,2.853455438,8.604160756,3.754695008,2
0.932838314,15.00473175,-3.801825992,3.481126645,7.361959469,1.579244096,2
1.160178198,13.10351872,-6.723831766,4.068927257,6.570676166,-0.773957452,2
1.486462838,12.91355295,-9.610574865,4.999929317,5.82792847,-3.656428958,3
1.962868342,10.58919413,-12.52842603,6.280101197,4.360663183,-7.357564644,3
2.300969502,8.396789235,-14.97219745,7.838530077,3.178664433,-11.67654456,3
2.047337802,4.084626061,-17.20570852,9.870186847,1.339488185,-16.90792391,3
-0.123455429,0.69693284,-15.48308509,13.80656304,-5.95546784,-23.05289973,3
-3.714065966,-4.133177026,-7.192421055,16.39987338,-15.92361049,-27.38766546,4
-4.259560385,-10.23629699,2.157877506,17.4454943,-14.82389361,-28.18332275,4
-3.913717486,-3.280561742,11.68273704,12.78394484,-11.22085222,-19.96711122,4
-3.286903418,0.0612931611,17.4502974,6.396343507,-8.894471719,-3.624757693,4
-3.420126938,2.008884357,20.2311854,0.727591927,-5.292017036,12.85368071,1
-4.587261629,0.608544907,20.34650573,-5.535708734,0.33839581,27.3438761,1
-6.274457437,2.974496445,22.98354199,-10.74552544,4.648074299,34.00884646,1
-5.521764863,5.161082706,17.76784431,-7.234754904,7.423987105,23.96584463,1
-6.084177707,4.149581635,13.13360579,-4.606711135,8.485350228,16.20538098,1
-3.734051022,7.93902582,9.278906083,-1.214467748,10.69752259,10.97224342,1
-2.626698965,4.405696654,3.919309892,1.043981984,5.445726223,9.047122827,2
-2.305205761,8.455628282,0.297433968,1.208808871,6.948806758,6.428765148,2
-1.781125687,7.285766274,-3.011156704,1.876498197,5.763711966,4.544634062,2
-1.297622579,6.26259932,-5.848044365,2.411807905,5.664083691,2.266097467,2
-0.715460731,6.619333805,-8.565307222,3.123863208,5.426897073,-0.179504814,3
-0.113582221,7.333319704,-11.38133643,4.195369037,4.847027718,-2.959613337,3
0.698457588,6.401927549,-13.9588961,5.763856197,4.036689373,-7.817741248,3
1.106956228,1.159668916,-16.07608644,8.044328417,2.240993201,-13.16176397,3
-0.0017529214,-0.0468022719,-17.31534786,11.0545075,-0.0278816525,-20.06919082,4
-1.985000925,-5.773225503,-14.24199841,15.35187362,-8.152224438,-26.23336252,4
-2.173181399,-8.475918146,-4.949813284,15.76189217,-6.545674914,-24.10903635,4
-1.16297811,-3.411506017,4.127325591,12.31810191,-2.706222973,-13.7798525,4
-0.116718662,-0.759990556,10.46028711,7.404751417,0.264369755,0.146041117,1
0.634430581,1.539589561,14.6106885,2.839096021,2.911924416,16.02334375,1
-0.627296167,-0.431210344,13.77863759,-4.14728799,8.175616202,30.33897002,1
-0.815455322,7.345493292,16.76031963,-7.039965727,13.7512774,32.94358607,1
0.437160122,14.18078721,14.29124878,-5.044988557,18.61475595,21.91741844,1
-0.393497573,14.75664191,9.454197679,-1.969421717,15.1676255,16.34071566,1
0.545544368,17.29126498,5.03487677,-0.398435404,18.79448471,11.31185385,1
1.62262962,15.80097606,0.605248842,2.335381739,12.05988124,9.376544132,2
1.489156598,10.75692667,-3.645763739,3.381231662,11.5871023,6.968701163,2
1.788559612,13.57082266,-6.59779803,3.889109117,10.72091686,4.778216859,2
1.740644702,11.47636409,-9.709309993,4.451838477,8.959932913,2.932998003,2
1.954136042,10.74264224,-12.14836628,4.818986097,7.789440103,0.702264513,3
2.064817942,9.842608724,-14.6099273,5.620689937,6.959895216,-2.326482436,3
2.590990272,8.717055666,-17.17249747,6.709945987,5.611159157,-5.772966591,3
2.861872692,6.558121231,-19.47584644,7.821667547,4.155026223,-9.53151207,3
2.386949462,2.137178533,-21.36399713,9.733226027,1.391494343,-14.76892822,3
0.720553786,0.468709687,-22.662815,11.97233599,-2.1075481,-21.30101755,4
-1.978781532,-5.617114246,-17.68613864,14.88225419,-9.71701303,-27.45204743,4
-5.100908848,-8.448682966,-7.42268075,16.49606501,-13.62930725,-30.40716179,4
-4.549292226,0.148014768,2.942476593,12.1963374,-11.3408348,-21.59863753,4
-3.680927328,3.249270367,10.61371166,7.014746097,-8.491559455,-8.219704048,4
-3.310170975,5.788013204,15.86128075,1.660878269,-3.730197019,7.566460579,1
-3.162234555,7.057297259,17.99807877,-4.840010335,2.330506292,23.31630404,1
-3.159529979,7.584817604,21.15407926,-8.313934437,6.64658736,33.31362203,1
-2.209784336,17.1488277,21.47008568,-6.087501688,8.192682942,28.41456286,1
-1.284618188,17.12166867,15.74842987,-3.271888447,10.39410684,21.18601981,1
-0.672507246,18.74831988,12.41391469,-1.181488921,14.71370843,12.67570847,1
0.42179007,15.33430143,6.288442596,1.658442566,8.438992296,10.86121579,2
0.29844807,11.90909829,1.688788753,2.594385383,7.837863283,8.553906547,2
0.646562261,12.77739067,-2.085397469,3.207630692,6.814927687,6.315849769,2
0.871678283,11.49305693,-5.693341302,3.659258359,5.27794088,4.598015664,2
0.95796197,10.21336252,-8.721182725,4.526531197,4.369512835,1.864001815,3
1.363970249,10.48871956,-11.08648612,5.559368267,3.971732425,-1.495188929,3
2.047529382,8.061457165,-13.69814294,6.892525307,2.510574294,-5.20888036,3
2.278790862,5.516548187,-15.68776813,8.728974257,1.382962224,-9.819740421,3
1.493638223,1.129640268,-16.67763261,12.44013481,-2.414541377,-16.41376889,3
-0.759819445,-4.926694014,-13.96716947,16.98505047,-10.63831253,-22.67535617,4
-5.098264872,-6.560455124,-3.914042823,19.32473773,-20.2116788,-25.98367299,4
-3.91799138,-9.486077206,5.110564241,14.69780059,-14.82239162,-20.6822838,4
-3.401167657,-4.942508558,10.93595493,7.899496987,-13.55744022,-5.869912419,4
-3.483242026,-1.61613363,14.55768958,2.728433586,-10.44613545,10.07867889,1
-4.564807981,-1.562051025,14.99767464,-2.711952593,-5.579377012,24.83993885,1
-5.767191055,-3.579273892,16.33735719,-7.559728384,-0.455770118,33.56931412,1
-3.783408461,2.302808186,13.94748031,-4.673102319,2.264497329,23.26286492,1
-4.459988961,2.880585375,9.835648071,-2.397600617,3.919058118,16.25348981,1
-1.813769084,5.598303217,5.206718756,0.572168757,11.32155975,8.275903212,1
0.166445713,3.437273242,-0.165916081,3.39478737,6.796049063,5.670998946,2
0.547492371,3.231896756,-3.749317834,4.036886147,7.821800942,3.105051288,2
0.848100302,3.761107336,-6.995117072,4.820465907,6.133829166,1.375219652,2
1.280632543,2.359442988,-10.0892059,5.509817987,4.545320573,-0.385043885,2
1.547417745,1.558652543,-12.51892725,6.051472367,4.02632246,-2.640164424,3
1.759581212,1.70655009,-14.97921165,6.684522657,3.488959221,-5.165699732,3
2.377151292,0.901078682,-17.57684781,7.720910047,2.597660262,-8.914606982,3
2.588443132,-0.403792851,-19.79327384,9.174608737,1.819522874,-13.50325587,3
2.462127082,-3.743153637,-21.17150389,11.3199502,0.0931709675,-19.24106076,3
1.156412186,-7.241114089,-21.20284412,14.70199158,-4.533803029,-25.65733263,4
-1.470468139,-14.55402778,-15.8637523,18.69433936,-13.34230773,-31.32556939,4
-1.901259804,-18.4130916,-5.58731243,18.16702338,-11.42468425,-29.66295781,4
-1.053797712,-10.51572773,3.901872504,13.44757185,-7.823898491,-19.39339669,4
-0.0176265954,-5.451135827,10.72734253,6.972062157,-3.258492116,-4.535793834,1
0.369443473,-1.748423732,14.92939954,1.444642823,-0.670666996,11.71138417,1
-0.694230754,-3.689437966,13.99513953,-3.942462255,4.067300609,24.15104224,1
-1.670773964,1.799471722,16.47843866,-7.058084669,9.352630138,28.83191858,1
0.0994622836,8.277598784,15.21484528,-4.858278677,11.99063988,22.06148508,1
0.52907662,9.457319429,10.65939749,-3.386311444,16.29868772,15.43927554,1
0.771278849,9.94134045,6.053331281,0.260761554,12.21556165,10.98567484,1
1.202355317,4.936547751,0.508852678,2.828976002,6.826688305,9.139152657,2
1.528874283,4.082219284,-3.245635907,3.365357018,8.446988595,6.184991085,2
1.886289572,6.715745287,-6.647906576,4.192656117,6.705896864,4.090729762,2
2.067947082,4.247023535,-9.54505648,4.742577187,5.226672366,2.348383709,2
1.972040552,3.972040949,-12.19249509,5.350076707,4.150218761,0.345949203,3
2.198779272,4.606547019,-14.5453849,6.371517487,3.39517969,-2.543867783,3
2.844380132,3.087752853,-16.6914476,7.606600047,2.314780957,-6.163953877,3
3.166814462,1.270970923,-18.61136593,9.084628777,1.056367996,-10.14341032,3
2.612433602,-2.350774138,-20.11025319,11.54279223,-1.74186008,-15.67229183,3
0.605022543,-4.12491957,-19.40850608,14.91429931,-7.100222215,-22.02635914,4
-2.497566553,-10.26433992,-12.61465734,17.69477161,-16.468819,-27.1357621,4
-3.948281188,-14.29191499,-2.30238782,18.07991102,-15.11853335,-27.85791568,4
-3.105136863,-10.56398089,5.360132488,12.09655194,-12.51852935,-14.79666695,4
-3.024193198,-7.457240322,11.15785102,6.318456757,-11.5813895,1.059560788,4
-3.021038288,-4.791180092,13.88497739,0.512718191,-5.679099687,17.16647202,1
-4.786856608,-4.920302451,13.99324955,-6.934149949,0.929194758,31.52241481,1
-4.626228303,2.337539912,13.41199957,-5.05732383,2.462073052,26.60983389,1
-4.762656571,3.324327969,6.797361608,-3.090593717,1.300862418,22.63299712,1
-3.976264902,5.656025156,3.871751384,-1.296609412,4.643876541,15.53598233,1
-2.605287731,7.205103317,0.280787218,1.704795564,4.859049734,10.80836142,1
-2.050743552,6.97496258,-3.529385519,2.598977589,6.218531186,7.600489429,2
-1.460776936,9.488207577,-6.772615285,3.420043477,5.522054748,5.005781448,2
-0.884384336,7.817993269,-9.806684102,4.139970837,4.321068981,3.034485186,2
-0.47068705,7.473445036,-12.45646118,4.513017887,4.266188943,0.898472353,2
-0.0208415994,6.861252391,-14.84630658,5.546734727,3.269154793,-2.207620242,3
0.831354008,5.033741559,-16.98718247,6.759021447,2.430412331,-6.230570473,3
1.346932889,3.00831127,-18.93553096,8.215738457,1.50123753,-10.8434596,3
1.114186405,-0.262122363,-20.51613173,10.14336454,-0.0643217595,-16.16086539,3
-1.154303799,-5.459443887,-17.82696743,14.26908186,-7.629982124,-22.82088417,4
-4.612236703,-10.23395822,-8.665470916,17.21673026,-17.71610127,-27.17025838,4
-4.172900943,-13.85174251,1.074778909,15.83740223,-14.52081156,-24.83195113,4
-3.079197884,-6.564762559,9.938008961,11.1732579,-10.71646819,-14.88336584,4
-2.410353677,-3.412913966,14.32655874,5.375800157,-7.090264675,1.345074921,1
-2.21172393,-0.550207058,16.530491,0.0476715632,-4.021013786,17.49995651,1
-3.602071956,-1.581283202,15.55507485,-5.514222241,1.211243542,32.38602775,1
-4.846271531,2.121811692,18.75886308,-9.962995059,5.264917151,38.55782684,1
-4.917213414,3.82647607,13.83509758,-6.437108697,8.650361545,28.20376627,1
-4.009000742,3.486485676,10.45775859,-4.890168553,10.79417316,20.10530809,1
-1.118954122,5.173829664,6.475270815,-0.63209154,16.11193524,12.43822915,1
0.460880984,1.732112733,1.506819218,1.992264543,9.200309513,10.61585222,2
0.718947256,5.235883024,-1.900375687,2.321851935,9.602134263,7.908774763,2
0.879249363,4.464387889,-5.16174393,3.146058696,7.606527096,5.995840815,2
1.198491667,2.398042152,-8.030479461,3.729844944,6.529610403,3.786737387,2
1.437345322,1.69358311,-10.83215435,4.304929887,5.338031075,1.596286043,3
1.382493599,3.085387066,-13.69580758,5.201195687,4.66808313,-1.554740426,3
2.045971982,1.861825374,-16.16937584,6.647574937,3.535112107,-6.086602199,3
2.072195532,-1.068726581,-17.9265879,8.466195207,1.681670327,-10.94032896,3
1.547355683,-4.401553608,-19.93845022,10.52801724,-1.250151442,-16.31898008,3
0.0742018626,-5.326929014,-20.47276366,13.20165754,-5.087824861,-22.68657629,4
-3.691699645,-8.168946006,-11.51402734,15.28698042,-14.34057453,-27.05562202,4
-4.054869216,-13.37651795,-1.704056978,15.03017484,-11.37199956,-26.41705328,4
-3.81523647,-6.081237374,8.223725726,10.93962831,-8.867892315,-17.15006573,4
-3.042842082,-3.104912844,15.04200646,5.880583847,-6.601318694,-2.433049304,1
-2.713627738,-0.741578777,18.46496539,1.163321896,-3.308096959,13.96780391,1
-3.986859821,-2.258391314,17.891108,-4.342558701,1.076560746,29.30089325,1
-5.147396869,-2.800264757,20.63584682,-9.399086447,5.697796312,36.21892995,1
-4.479008151,7.305747021,20.83707741,-7.203333677,9.203573375,28.67501177,1
-3.939567649,7.232470027,16.89708871,-5.591607933,11.16235698,20.37152996,1
-1.807046758,10.15661354,12.93346785,-1.675294485,14.67098965,13.68102631,2
-0.296159485,7.233405638,7.774038603,0.773592824,8.51180681,11.55869104,2
0.0886793136,5.486470913,3.263930784,1.227721011,9.480990007,9.070869385,2
0.261205579,3.476766245,-0.45683826,1.832090906,7.719767486,7.292881314,2
0.452798692,2.838175042,-3.680063175,2.330555283,6.826709941,5.203977759,3
0.616023723,2.020621601,-6.597081875,3.172076814,5.918778473,2.41362527,3
0.936508541,2.482659861,-8.945204305,4.341274927,5.898958394,-1.6514038,3
1.259473614,0.346650726,-12.04594808,5.814332977,4.332198037,-6.215715403,3
1.12083465,-2.207102037,-14.24943298,7.913698427,2.799391672,-12.21885658,3
0.0286066456,-3.937950351,-15.05627419,11.46981727,-0.934858607,-19.79067095,4
-2.549187402,-8.736517736,-11.2284796,15.42324697,-9.3503307,-26.80048661,4
-1.790176037,-12.82978444,-1.532963718,13.28946095,-5.895521518,-24.4365825,4
-1.30757383,-4.944746423,7.817435976,8.216510097,-2.519603428,-14.14766551,4
-0.649264897,-0.438550539,13.57984686,2.147129434,-0.841666863,0.678362549,1
-0.752547293,3.035175621,17.30562131,-2.950434324,1.924088991,16.87664989,1
-2.576646863,1.980285793,16.58273123,-9.110874128,5.148049018,32.00396996,1
-3.029795704,0.0746720421,19.60884944,-12.18455768,7.933134638,38.93874678,1
-2.439170296,6.745557021,21.07747874,-9.808949243,9.022444896,34.3619022,1
-1.648081779,5.255390808,17.03441876,-5.802843703,11.78228556,25.38419644,1
0.86176153,10.03032795,11.63233908,-2.799630152,16.34976729,18.31668338,1
2.696100342,7.986562986,5.20658012,-0.875080471,11.47703112,16.02268432,2
2.980007872,4.199799444,0.0132649479,0.405612598,8.758346859,14.36430872,2
3.069101432,5.697155881,-3.80680977,0.947276119,8.167222266,11.91238003,2
2.999906082,5.291007439,-6.942571094,1.945910113,6.721506087,9.238612387,2
3.255093902,3.443536575,-9.39337049,2.733994198,7.057220207,5.377945436,3
3.243825122,3.724523585,-12.05912849,3.608358114,6.794899707,1.704052291,3
3.474688802,4.311565779,-14.83644341,4.842036397,5.878111699,-2.14739091,3
3.758074222,4.042812036,-17.42201604,6.366932707,4.869515272,-6.781732993,3
3.486568272,-1.107946519,-19.26605913,8.598208027,2.2094722,-12.34767954,3
2.435029662,-3.095128836,-20.24300244,11.80875899,-2.206097948,-19.13674332,4
-0.476259668,-7.880022068,-15.18942102,14.88280869,-10.6903022,-25.4316567,4
-4.616105769,-8.531250966,-4.467628138,16.01974626,-15.18494823,-28.72791659,4
-4.103005722,0.241688935,5.777165246,10.68708608,-12.56224224,-18.50681292,4
-3.333234688,3.699440878,12.82923307,4.506531157,-9.62450749,-3.267842804,4
-3.25929594,7.078606847,17.36929859,-0.715830575,-5.833460114,13.18735895,1
-4.531772127,7.121942226,17.79610943,-6.154504812,-0.912358421,28.14707211,1
-4.400168518,10.26984511,18.17675501,-6.26509109,0.506464427,27.5992464,1
-3.392003879,12.25714525,12.34714696,-3.28741431,4.02885045,18.61229935,1
-3.569048868,11.60968198,8.809386371,-1.461741361,8.060018651,11.4214077,1
-2.143123476,12.79896777,4.55920194,1.566308965,8.302132857,6.913482313,1
-1.786554532,8.394912941,0.119812585,3.051645742,6.342484071,5.084717561,2
-1.33746736,9.035024491,-3.146915167,3.539754065,7.171267271,2.302626113,2
-0.724895949,8.710086824,-6.20642909,4.402389497,6.236930042,-0.242708588,2
-0.278368655,7.442695529,-8.504485427,5.043957587,5.581475719,-2.685909682,2
0.288099465,6.123209531,-11.10791084,5.509149757,5.295029633,-4.646693007,3
0.608078482,6.028076285,-13.66750888,6.438277837,4.705864005,-7.80751463,3
1.227103792,5.17371363,-16.04755207,7.711730677,3.573413522,-11.75099729,3
1.615589817,2.496433823,-18.00194011,9.188378727,2.428760254,-16.07998284,3
1.144815462,-1.785742561,-19.50424403,11.24590026,0.505785558,-21.25366118,3
-1.298522291,-6.796449916,-15.9903651,15.31126214,-8.062089709,-27.46489527,4
-5.120588411,-8.629353796,-5.556670601,17.47481111,-15.52628139,-31.10909695,4
-3.856905178,-11.97559856,3.22768132,13.77744496,-12.01857596,-26.59756886,4
-2.688904033,-6.60983026,10.5867955,7.893890287,-8.26388973,-14.70466862,4
-2.480086784,-2.282822892,14.58690293,1.531595717,-3.653446815,1.497237053,1
-3.272314689,-1.222721025,15.10793588,-5.057733601,2.024763654,17.4524708,1
-4.227045272,-1.472406229,17.09559434,-8.97395525,4.311840178,27.96565922,1
-3.144221647,3.223964943,17.8481818,-7.415337785,3.899933105,25.68124133,1
-3.097986303,3.740280872,13.31550463,-5.638314551,7.016615779,17.89453153,1
-0.505172392,8.091820635,9.213027501,-1.536669436,12.48742869,10.66344611,1
0.803238262,3.661924799,3.476250554,1.284662531,6.447556313,8.809093457,2
0.811027882,2.33724981,-0.637327592,1.821250303,7.651962009,6.117818925,2
1.087524678,1.685922434,-3.990859636,2.67556479,5.708813375,4.36817397,2
1.451818625,-0.658986095,-6.781845947,3.258193007,4.603453909,2.355438813,2
1.494869,-1.88811959,-9.656864795,3.997101497,3.27153802,-0.0736282191,3
1.846054182,-1.270947066,-12.21904148,5.130468457,2.069548772,-3.250543468,3
2.131162372,-3.415403784,-14.1996608,6.777154257,0.68951406,-7.480769828,3
1.881631952,-7.09762148,-16.08560622,8.727409297,-1.468418928,-12.39770913,3
0.847161235,-8.934262986,-17.71217475,11.3911201,-5.061410931,-18.916785,4
-1.866873925,-12.59891326,-13.18148534,14.79336329,-12.67277888,-25.32138601,4
-1.798000995,-17.13014897,-3.378688859,11.81346953,-8.235744795,-22.39713301,4
-0.928452571,-10.41800253,5.601627029,5.923667387,-5.122217405,-11.73882354,4
-0.710071703,-5.204800872,12.20666406,-0.575598128,-3.510774878,3.049588155,1
-0.864529619,-1.16695551,16.27366806,-5.63398507,-0.365116242,18.88537928,1
-2.287451312,-3.782602036,15.75753664,-11.2829483,3.601940211,32.06745796,1
-2.165368362,0.0215879301,17.54942143,-13.05144008,7.029092813,34.25605526,1
-0.699201496,6.463967497,15.88430342,-10.093383,8.848805626,25.61902659,1
-0.0467241714,7.734941005,9.835388141,-8.005413884,9.393717443,20.3566503,1
1.961996492,8.97929655,6.340454109,-5.80006052,15.83232527,12.71493118,1
2.417873582,4.796102728,0.94516903,-3.307144584,10.08778284,10.66840706,2
2.466575102,4.252914683,-2.933093,-2.487008903,11.78584823,7.548126137,2
2.702840802,4.589986283,-6.228058233,-1.33184387,9.379851282,5.578702352,2
2.850212232,1.557815608,-9.363641798,-0.31248295,7.577529598,3.546761399,2
2.797254302,2.069355976,-12.14259726,0.884892371,6.98480168,0.461472542,3
3.245442942,2.831211703,-14.7922885,2.322701713,5.673187126,-2.811374756,3
3.700215412,0.56422862,-17.12294571,3.797537187,4.825453638,-7.138738171,3
3.665431132,-2.085645757,-18.99043316,5.662629297,3.292323421,-11.81220779,3
2.545623392,-4.343458496,-20.38665881,8.714121377,0.0509988115,-18.43695416,3
0.217219932,-7.805813538,-17.69201599,12.91798723,-7.9841054,-24.87825792,4
-3.662300776,-9.646019336,-7.802194606,15.43305028,-17.54301369,-29.28243657,4
-3.959832405,-14.61934355,1.997087981,14.60893481,-13.28859263,-27.96046429,4
-2.714598107,-8.357756706,10.76152885,9.707870797,-9.73434508,-17.50669961,4
-2.315360024,-5.8357249,15.92894226,4.224366217,-8.302451216,-1.06375881,1
-2.406533527,-2.853032513,18.65440145,-0.668687831,-4.454920767,15.20721805,1
-3.822444951,-3.774418261,17.87747612,-6.179473304,0.25622957,30.07168946,1
-4.982261868,-1.150436353,20.30421758,-9.946172397,4.392940194,33.73331094,1
-4.815865741,0.324700519,13.33971187,-7.310980584,3.905221009,28.91073969,1
-4.322543042,2.411604991,9.824751321,-5.165738882,6.021194797,21.6906233,1
-3.284662768,4.299561704,5.376835476,-2.698722062,6.765593728,17.03964348,1
-2.334717745,0.784626452,0.481883418,-0.482718693,0.987471354,15.0011418,2
-1.896633169,4.959042835,-2.540195752,0.457022077,0.559039722,12.01154396,2
-1.374317604,3.013478255,-5.486721088,1.459261445,-0.470824932,9.294067426,2
-0.833852895,2.652408305,-8.339763011,2.099717747,-0.129789502,6.452506484,2
-0.504408392,3.010729742,-10.97825111,2.948817183,-0.592274452,3.433348077,3
0.241185334,1.421486344,-13.41118667,4.387856987,-1.049981678,-0.911652507,3
0.865718818,-0.213799003,-15.8903706,5.873280217,-1.933369084,-5.467003884,3
0.902719954,-2.927759482,-17.70051643,7.904732967,-3.795868402,-10.43160124,3
0.183810111,-6.134588667,-19.4082121,10.38308814,-6.5950937,-16.43196852,3
-2.645983847,-11.42990227,-13.52434675,13.70890067,-14.49702294,-22.89850366,4
-6.00829228,-12.84442333,-2.589092053,14.95902074,-16.31991336,-26.01844578,4
-4.714631327,-15.51342145,6.684034617,10.73154561,-13.5016236,-19.83016046,4
-3.155015805,-10.24614509,15.05194194,5.541506937,-9.251033668,-8.458312975,4
-2.182715606,-5.51004171,21.34421767,-0.176396059,-7.280884325,7.073178364,1
-2.926254977,-3.388978147,22.61542735,-5.191233967,-3.150181555,22.85513655,1
-4.191604606,-6.335308783,21.31240183,-10.12247396,-1.07108033,36.00774867,1
-3.246688883,-1.241876123,21.40402077,-8.890421082,3.089458822,33.62891069,1
-2.785490678,3.066957548,16.46301656,-6.11882376,9.826741444,22.52583973,1
-0.30044168,4.697671358,11.03356585,-2.954967676,15.15831353,15.17652113,1
1.603600939,3.042311105,5.396317926,-0.838014002,10.93733739,12.2524947,1
1.720216152,1.654660832,0.563179062,0.311619193,10.73383936,10.17994941,2
1.900268102,5.482358414,-3.020502811,1.400314228,9.462262304,7.351742732,2
2.226053522,4.292982058,-5.993375979,2.121100867,8.596328706,4.434476134,2
2.248500302,4.335382345,-8.694223268,2.847115356,7.599513068,1.55961425,2
2.510387812,4.287602052,-11.14423163,3.684312291,7.277548479,-1.893505125,3
3.160536932,3.068224247,-13.64732415,4.858904757,6.105820608,-5.85097553,3
3.835910572,0.973068586,-15.88016655,6.207365867,5.669505133,-10.75282512,3
3.409828832,-3.621699128,-16.93350101,9.362967537,2.993142175,-17.38544696,3
1.445871448,-5.563441555,-15.1709816,13.61747471,-2.406260845,-23.8375904,3
-1.564435625,-13.3173779,-8.364427541,17.40475757,-12.38394106,-28.84596264,4
-3.537340263,-17.98164592,1.243967692,19.05153495,-13.14187821,-29.95348041,4
-2.719956494,-17.08015394,10.00578247,14.81640359,-8.627613495,-22.75749272,4
-1.747171557,-12.5915354,15.22239812,8.470824317,-7.251381189,-6.436129522,4
-1.560425291,-9.268352666,17.55079508,2.572641368,-4.424463979,10.08179304,1
-2.367823507,-8.600843076,17.8048572,-4.817104785,2.745878619,24.38041755,1
-3.907947931,-2.782246343,19.90204374,-9.841247487,6.98524668,30.45004998,1
-3.738975133,-1.605190015,13.63675701,-7.67482272,7.833774822,24.46486212,1
-1.687065582,-1.531454965,9.634561115,-5.691164483,10.7484889,17.40455078,1
0.0141958606,-1.731734686,4.463903494,-3.117421283,8.837194984,13.53478126,1
0.691753619,-3.546182165,0.261686463,-1.089232277,7.043877101,10.71962575,2
1.278509239,-2.047692593,-2.537937416,-0.0350024338,6.360225725,8.152817,2
1.654211152,-2.656430876,-5.725511885,0.886020955,5.15881242,6.250816976,2
1.848991112,-1.604291422,-8.495455601,1.748075294,5.248073943,3.770303681,2
2.128444342,-0.870493433,-10.96535845,2.897229717,4.823394572,0.580557618,3
2.872501622,-1.631868208,-13.6325849,4.392775557,3.335598598,-2.952368944,3
3.036642922,-3.324667424,-16.09536806,6.192789777,1.719160102,-7.940608598,3
2.639748392,-6.675529487,-17.66368324,8.653952887,-1.030824714,-14.06341345,3
1.343827942,-11.48213358,-18.01379759,12.21502556,-6.048048022,-21.2851649,4
-1.496916312,-15.61321279,-11.98229585,15.14291963,-13.72631201,-28.12119015,4
-0.673295139,-20.44640054,-2.401616159,12.19987294,-10.49970486,-22.79885556,4
0.382807158,-14.2112563,6.494723304,7.182460937,-8.397101166,-10.40175215,4
1.503766541,-9.390357826,13.16777921,1.889696451,-6.994649627,5.508094796,1
1.104844046,-5.704870626,16.49818142,-3.38829938,-3.393195052,21.39194645,1
-0.717493212,-6.761958206,15.67090014,-9.901205366,3.219262733,32.29238875,1
-0.28287209,1.904734063,16.1536462,-10.75283258,8.12518586,31.41160407,1
0.130903967,3.246035015,11.80281594,-6.925184997,10.19739035,21.98820531,1
-0.778659546,1.728395704,7.727792276,-4.2785525,11.15220247,15.23913967,1
0.896243433,1.16041734,1.922307441,-2.006385893,7.886434954,12.3477927,1
1.09765359,-0.309356422,-2.177025974,-0.330671751,7.204057259,9.696838534,2
1.531820265,1.683227232,-5.310114538,0.782951118,5.935786076,6.912502017,2
1.528435654,0.117824902,-8.001304108,1.620423295,4.905553413,4.37599593,2
1.771637262,1.347970025,-10.40900425,2.235486127,4.825038638,1.701139974,2
2.134109292,0.670648507,-13.13877707,3.036010046,4.639993822,-1.399591805,3
2.765045642,0.424356928,-15.60688709,4.358111227,3.847107889,-4.955594234,3
3.332056952,-1.033755726,-18.20587891,5.900108627,3.009977997,-9.602315791,3
3.193091332,-3.494658045,-19.9199131,8.035116267,1.72269609,-15.38249165,3
0.625342986,-7.80700213,-17.51891122,12.60753679,-5.445216522,-22.44833015,3
-2.705563411,-12.91396178,-8.725660916,16.01204587,-15.90056737,-27.39019012,4
-3.116543283,-17.43710416,1.394016792,16.83158305,-14.48992301,-27.72225694,4
-3.251917261,-9.647487916,11.18070004,12.26662618,-10.78544157,-19.36817629,4
-1.582391199,-5.159472575,18.60666178,6.036880797,-6.037657214,-6.613775815,4
-1.447599367,-1.396772818,21.889934,0.18688912,-2.88196338,9.563548155,1
-1.939981234,-0.469359014,22.29462718,-5.696992712,0.347926761,25.18337289,1
-2.743033697,-3.379768076,20.68366813,-10.37874216,2.418830334,37.74283605,1
-2.785998943,2.045270738,21.87271258,-12.16288816,2.534484263,41.22242865,1
-1.31369911,4.62663618,19.20739763,-9.256222342,4.604594863,32.51829682,1
-0.709132281,11.22220322,15.79074038,-7.384681827,10.56870992,24.06543234,1
-1.102566642,11.73040046,10.14577744,-4.308783052,9.19612477,18.17106437,1
-0.49634755,8.989841349,4.640834053,-2.247238209,6.990518755,15.10771169,2
-0.122814237,10.56476311,0.710220168,-1.45736383,6.499089271,12.1017383,2
0.0773888886,9.182088422,-2.849755434,-0.510794013,5.038792568,9.751912183,2
0.273001949,7.241231103,-5.846659308,0.589223591,4.123085627,6.960513205,2
0.536346053,7.823335108,-8.584377258,1.739318283,3.557070962,3.836259165,3
0.876422675,7.393005775,-11.48559166,3.301308283,1.819918742,0.631291607,3
1.12482014,5.015295405,-14.02358133,5.378017597,0.0836069555,-4.152661847,3
0.864314165,0.130539793,-15.8693329,7.852986047,-2.321477956,-9.923051141,3
-0.418836132,-2.580506602,-16.17334757,11.52382282,-6.879661804,-16.82178791,3
-2.93223371,-9.265025976,-11.57594921,15.95752757,-15.43808707,-22.84124132,4
-6.821288585,-9.693961716,-0.841055711,18.98250904,-22.35551207,-25.90878375,4
-5.985808014,-1.85761005,9.205382306,14.05002687,-17.81310929,-16.88747656,4
-4.697087818,2.174909142,15.70991031,7.043059817,-11.82548352,-3.915097074,4
-4.415643965,5.899694345,19.66904108,0.254850349,-7.667129308,11.28037885,1
-4.638301135,8.008590153,20.51137982,-5.770546724,-4.334817888,26.78843075,1
-5.383897608,11.92925994,22.68866042,-8.949444094,-0.661653693,30.27438903,1
-4.054891428,15.12976156,20.14208393,-6.13724793,1.312058412,20.97767848,1
-3.916585132,13.18563919,15.84004378,-4.03563856,4.983659292,12.76951685,1
-1.06831794,16.72008768,11.82106461,0.312339664,10.42589359,4.86576616,1
-0.634201818,13.28314353,6.439511164,1.756132135,9.607492178,2.814675214,2
-0.304344388,14.42457477,2.061486831,2.189009581,9.088241263,1.03073258,2
-0.239347683,14.49679321,-1.726532776,2.5842675,8.379278328,-0.262055398,2
0.145269369,13.11989071,-5.041935579,3.035748868,7.449741049,-1.427464125,2
0.299210224,12.66411509,-7.839991683,3.684831274,6.827086384,-3.487065482,3
0.871785624,11.86995369,-10.56714468,4.825117277,5.287817879,-6.459633135,3
1.416024677,9.17991373,-13.32685503,6.091834887,4.226754956,-10.47994098,3
1.56521681,6.404732966,-15.54877216,8.083726837,2.627300979,-15.65014669,3
-0.280635463,3.242990496,-14.18585181,12.17217181,-2.086672698,-22.89028801,4
-3.296258916,-4.520520671,-6.612942421,15.98252104,-11.79409008,-28.17093666,4
-4.511194362,-10.46977626,3.303126695,17.04835946,-13.06825956,-27.62416577,4
-3.966678171,-2.759246236,12.31930524,13.17759141,-9.77422577,-18.91884339,4
-3.371682223,-0.355334924,17.02518952,7.401138337,-8.330794811,-3.280022646,1
-2.997217157,1.355133238,19.4716556,2.570974201,-7.021570354,12.65045778,1
-3.87498701,0.0380855501,18.90428077,-3.525739327,-0.248389436,25.94639307,1
-5.129234178,4.991261755,21.58554134,-8.288745067,4.580302019,32.08494062,1
-4.488353313,6.675012572,16.0426334,-5.190744205,6.541063216,23.11043658,1
-4.431102024,6.734689512,11.84655203,-3.134861599,7.383740176,16.43434038,1
-2.41757863,7.564844912,7.423470726,-0.424057385,9.739157513,10.89671739,2
-0.56941667,5.014021146,2.604883854,2.4356042,3.866784821,8.894557462,2
-0.421100841,9.12269598,-0.68753512,3.222106188,5.298317434,5.314576714,2
-0.0077629184,7.162856909,-3.722390533,4.316024897,3.681751044,2.730110377,2
0.270383212,4.957089088,-6.422076825,4.972156377,3.670480089,0.17085242,3
0.521480173,5.356101066,-9.249489273,5.499144227,2.996841247,-2.093140489,3
0.972296513,5.062060385,-12.33837011,6.576941907,1.89369888,-5.296032677,3
1.52489305,2.734776377,-14.8258074,7.987398517,0.77942588,-9.618096701,3
1.557722216,-0.801964468,-16.65956385,9.868299017,-0.3820093,-14.7271896,3
0.506093058,-3.150304083,-17.99693573,13.02795091,-3.193881382,-21.12689243,4
-2.756451616,-8.976673286,-10.04924902,16.57744604,-13.03683771,-26.41704395,4
-3.209815348,-13.46408679,-0.0266844961,16.73680807,-11.45947657,-25.84985162,4
-2.741580362,-5.688751486,9.921534371,12.16063676,-7.502274753,-16.94562999,4
-1.348664992,-1.314918528,16.29152104,5.601025487,-3.676043393,-3.072414563,1
-1.472475342,1.171788146,18.17728791,0.13654097,-1.814535996,13.370064,1
-3.014762955,-0.558999518,16.94763363,-6.556176272,4.690674158,27.47000623,1
-3.929636816,5.156252436,18.64713698,-10.21838087,7.972936543,31.55482457,1
-2.452916851,10.8530719,16.34281888,-7.677722562,9.657192096,22.09279594,1
-0.0630321904,11.85270088,11.78099053,-5.13061164,17.00649226,14.16519304,1
0.630480954,11.73473116,6.589303999,-2.266033925,13.1291148,10.40449461,2
0.966912529,7.642354789,1.891583376,-0.38814451,10.645103,8.073772342,2
1.165708654,10.15834337,-1.602252746,0.620441598,10.69954593,5.104034849,2
1.527892731,8.2751239,-4.67739401,1.605584505,8.829684729,2.823351603,2
1.914180832,6.485204244,-7.571702274,2.389003115,7.806252417,0.409021687,3
1.964382402,6.215505201,-10.4519226,3.485006243,6.54496942,-2.472483946,3
2.485669272,5.208372522,-13.26582469,4.765458267,5.131852971,-5.902508919,3
2.548335102,3.023058122,-15.30594734,6.539222467,3.73027002,-10.94008098,3
2.125116912,-1.033626787,-17.05529719,8.906802497,1.435962615,-16.55716682,3
0.689847648,-3.730472553,-17.46687505,11.99394796,-2.655067471,-23.32996554,4
-2.204680606,-9.948223806,-11.03040258,15.09418741,-12.26686875,-29.1502203,4
-1.215771739,-14.49457485,-1.242977501,11.15941253,-8.523833127,-24.36885894,4
0.0862511236,-9.460025956,7.543657088,5.233712777,-4.055412533,-12.09554271,4
0.8068015,-5.689536799,13.36660878,-0.944465634,-3.123874351,4.847455644,1
0.0499295696,-1.770138131,15.93851159,-6.301696257,-0.271625453,20.77431765,1
-1.163312914,-3.913884575,18.17508639,-12.04974314,5.312577519,29.90000873,1
-1.163093185,4.06323028,18.52112488,-9.88755431,7.010591104,24.24716395,1
-1.237890272,3.38695453,12.45650702,-6.253827335,8.401361602,17.22983458,1
-1.841776034,6.219723831,9.11875278,-4.76401976,11.42018774,11.27484644,1
-0.173158959,5.818793762,4.178868464,-2.188549373,7.602021578,8.534303119,2
0.128172777,0.188326358,-0.465237479,-0.174143494,5.982995946,6.514582854,2
0.32196971,5.716343485,-3.385918703,0.746501156,6.946942029,3.543537081,2
0.649181035,5.767404909,-6.343445765,1.861521154,6.199566073,1.079339857,2
1.030092051,5.311482773,-9.213727032,2.827456077,5.708966957,-1.631726265,3
1.482565015,4.428274125,-12.16039488,4.144260187,4.507236649,-4.761343725,3
2.056578532,3.267786618,-14.96538961,5.591401697,3.380763759,-8.513231083,3
2.405466752,1.547068805,-17.62899404,7.262716417,2.217360355,-13.31526914,3
1.496334635,-3.597668659,-18.55953186,10.8602235,-1.734800527,-20.40393373,3
-0.83577803,-9.108810266,-14.86476541,15.187623,-10.17269888,-26.98887677,4
-4.457499436,-10.80805784,-4.511802716,18.0064285,-17.28887803,-30.90348122,4
-3.220594781,-14.90553615,4.750899862,14.44233825,-14.23961821,-25.47103676,4
-2.16107532,-10.22421157,11.43466793,7.883190317,-10.31549761,-10.78151481,4
-1.880823674,-6.452647873,15.33536855,1.703883231,-5.843184311,5.131201235,1
-2.413546175,-3.533602653,16.76631464,-4.37412867,-2.305767408,21.03959023,1
-3.383456326,-5.879438237,15.57239289,-9.937227382,1.970421099,34.77631162,1
-3.036536924,0.0446090571,18.22470409,-12.44451195,6.350675055,37.68063411,1
-1.489811496,0.271705635,12.50373307,-10.7637582,8.949679642,31.81131413,1
0.2741071,5.592135336,9.46788131,-8.457304581,13.92906688,23.55497889,1
0.653111607,5.844501618,4.736235271,-4.680261066,10.97872259,18.57599232,2
0.923001428,2.569724226,-0.239697272,-2.002458652,7.414305188,15.79721471,2
1.026308685,4.747893469,-3.953896128,-1.036295463,5.716603592,13.54455733,2
1.351374681,3.4915949,-7.19035011,-0.289992421,4.47215615,11.46140578,2
1.378115928,3.177380308,-9.8321442,0.543820456,3.864540735,8.674443999,3
1.448813102,4.28631837,-12.60543347,1.664088526,2.927431523,5.75451054,3
1.894887202,2.553430782,-15.17383149,3.378001088,2.459623842,0.689168251,3
1.916045842,1.218470281,-17.29487427,5.602702637,0.621066532,-4.661320401,3
0.993080171,-3.341610157,-18.74138652,8.569185927,-2.376312666,-11.10987599,3
-0.902447063,-6.13605257,-16.97391835,12.85550337,-9.184478824,-17.87869476,4
-3.819970167,-9.716643906,-5.625830832,15.06518694,-11.98753077,-20.56747494,4
-2.833684285,-9.877262166,4.042688924,11.05779431,-9.86902638,-13.81715242,4
-1.828659927,-6.909107163,11.69494635,5.654787207,-6.940234905,-1.799159291,4
-1.051986204,-3.045413244,17.22031303,-0.343678763,-5.10562703,13.35591452,1
-0.966130403,0.413752847,19.02475004,-5.762871562,-1.250653024,28.7288404,1
-2.287566735,2.217201338,21.34501004,-9.829384413,2.917603416,34.16022804,1
-1.178025989,8.64578072,20.28214959,-7.379119802,6.087312328,27.12237225,1
-1.721237466,10.46314274,14.56233415,-4.462032152,6.355536628,21.68264903,1
0.641873444,11.99877086,9.870553621,-1.603232138,10.53076756,14.95198626,1
0.854380387,8.93079557,5.198621968,-0.105260124,9.435330689,12.47024131,2
1.096265611,10.35111245,1.588824929,0.915208059,7.602078268,9.609156136,2
1.403366074,7.649190082,-1.349355259,1.782316072,6.078913082,6.904040504,2
1.783356922,6.991283031,-4.309830984,2.362003742,6.021348778,4.050690563,2
2.045724882,6.974738445,-7.215651499,3.406617166,5.623812031,0.438868677,3
2.641188872,5.835723426,-10.22534716,4.778599377,4.413221208,-3.740484438,3
2.932148312,3.580756957,-12.77534854,6.391072207,3.46522588,-8.717150919,3
2.507287432,-0.404948109,-14.68100693,8.399245347,1.568153563,-14.51223803,3
-0.0028978834,-4.070072408,-12.75717694,12.62361094,-5.838050373,-21.46684726,4
-3.873551764,-6.236937018,-3.014290555,15.34162011,-14.18861741,-25.90983867,4
-3.159448979,-11.04576992,6.085352633,13.29659484,-9.76614474,-23.01085324,4
-1.725917576,-5.593015841,14.5429006,7.696175137,-6.475992602,-11.35444336,4
-1.48393062,-3.123823609,18.97040581,2.464339743,-3.849561442,5.241786414,1
-1.438498779,-1.007114354,20.63010876,-2.861995278,0.739227683,21.14297585,1
-2.87421993,-3.469254432,19.14937183,-8.061107471,2.253181186,35.30062973,1
-2.976693041,0.99402825,20.33300383,-10.61652616,7.646683342,36.75868355,1
-2.767020921,2.639992399,13.53649726,-8.934579209,7.736893464,30.884318,1
-0.80719855,5.741929233,9.26962756,-6.775524966,14.93405147,22.05155778,1
0.745386094,4.141766374,3.591253884,-3.570901718,10.30696627,18.49118977,2
0.797671972,1.069734636,-1.307652072,-1.813695998,8.879399443,15.48348822,2
1.013446827,3.261119538,-4.749666829,-0.458484102,7.439471626,12.30105837,2
1.544986208,1.668985766,-7.472873531,0.626703685,6.100242985,9.361084039,2
1.922214162,0.374221633,-10.10521487,1.547363911,5.315603465,6.355220906,3
2.022059972,0.393594543,-12.70029026,2.738394393,4.065970364,2.877479966,3
2.478497032,-0.951750053,-15.23668403,4.255705297,3.104323021,-1.938964179,3
2.457686602,-3.881417396,-17.0630622,6.402403017,1.223793108,-7.253454321,3
1.849138442,-8.263452566,-18.47797608,9.230395747,-1.808355753,-13.47116302,3
-0.110565747,-10.74143617,-16.80365295,13.37482131,-8.234775643,-20.6440523,4
-2.937585887,-13.43658222,-5.928089711,14.82947891,-10.01783292,-23.14683572,4
-2.107591268,-14.44826551,3.558942681,10.35115729,-5.913586003,-18.03162657,4
-0.718201621,-8.934430626,11.50197421,4.665336247,-2.738650927,-6.92985639,4
-0.280554146,-5.187232399,16.98973693,-1.016386009,-1.976285915,7.958233673,1
-0.198231481,-1.738629979,20.22727925,-5.486288868,0.173414603,23.68257107,1
-1.495652132,-2.69332825,18.95505908,-10.37348429,3.92659652,36.85333604,1
-2.390713854,2.1997525,20.81941037,-13.70371972,8.884320229,40.97148738,1
-0.663013486,10.06097276,19.34025687,-11.24261855,10.73524185,33.89798534,1
-0.176804925,9.879844663,13.64798661,-8.810118397,13.38555911,27.06098363,1
-0.13948308,14.20122204,10.02007218,-6.959177117,17.18208245,20.54492288,1
1.576756645,8.38761855,4.457747616,-3.937305856,10.23406493,18.11976389,2
1.609686213,8.087941724,0.29219085,-2.764709781,11.58286027,14.81934569,2
1.730375602,11.61998885,-3.149175513,-1.47275268,9.450849007,11.63445739,2
2.204312412,8.7574746,-5.730215004,-0.254973262,7.944411826,8.442341864,2
2.621068582,6.294408562,-8.369219014,0.555698096,6.814701696,5.670636261,3
2.611341062,5.334293009,-11.13691962,1.588269442,5.879736514,2.226040411,3
2.925602042,5.164855057,-13.73337208,2.832764511,5.14422226,-2.040359413,3
3.165759152,3.791506878,-16.14985715,4.307175327,4.038367125,-6.970255514,3
3.065435712,-0.339049105,-17.91628724,6.475357407,1.846190836,-12.17722811,3
0.86163932,-3.939918362,-15.86030646,10.1300853,-3.088627155,-18.71463185,4
-1.938275043,-11.0932378,-8.916487283,13.4102812,-11.70909018,-24.11166433,4
-3.997606475,-15.83425797,0.687119499,15.17009085,-12.53331467,-25.88403911,4
-3.325097749,-10.61662598,9.592475775,11.23881833,-9.42758999,-19.38710949,4
-2.228972387,-6.828455165,16.68175658,5.524512467,-6.436144072,-7.432662156,4
-1.886185831,-3.431948024,20.18720568,0.336707107,-3.451202411,8.018643996,1
-2.338589668,-2.317398244,20.84729484,-4.933066551,1.428053205,22.92047798,1
-3.42712533,-3.359586043,20.28870782,-11.84409395,8.172669064,34.48980972,1
-2.964114068,5.433788088,20.79963432,-12.37650934,11.39413867,35.29632308,1
-2.609726218,1.972166548,14.63435972,-9.850816662,10.74664869,29.59613944,1
0.0655421626,5.416101557,10.78179245,-7.077788346,15.79680039,21.39461433,1
0.618560952,6.155772119,4.536080672,-3.745204722,13.44508166,17.25663107,2
0.807750367,1.71433372,-0.312578736,-1.784426171,11.45210564,14.27814378,2
0.969721602,4.493574948,-3.976832516,-0.778813624,10.29370559,11.50548936,2
1.324797037,3.463443242,-7.117915929,0.116129167,9.144660389,8.96152671,2
1.760070302,3.15751861,-9.723695945,0.807272779,8.185161763,6.450566296,3
1.818814992,3.868895336,-12.46033558,1.804094055,6.40846528,3.913338416,3
2.293451202,1.562170226,-14.67657856,3.328090917,5.445806896,-0.740569843,3
2.564829852,-0.645538122,-16.60001999,5.224242637,4.189683831,-6.204606023,3
1.891191692,-4.975485369,-18.16329572,8.108573597,1.84311493,-12.4424187,3
0.144816499,-7.891543464,-17.46561743,11.90234477,-3.92845136,-19.75380909,4
-3.43196722,-9.322843116,-6.296618045,14.25554262,-8.709343384,-22.59320277,4
-2.431205517,-12.6199652,3.928172698,10.40318251,-5.715484481,-17.04663768,4
-1.06197378,-9.082341676,12.2057871,5.515656877,-3.225985714,-4.072836831,4
-0.658073013,-7.30488473,17.65666936,0.876790783,-2.891842352,11.93260426,1
-1.242586176,-8.162437296,18.34689982,-5.340592343,2.503332967,27.39024628,1
-2.490889789,-7.514276628,20.04371867,-11.19442447,7.265627948,35.64662199,1
-1.618451373,3.207091002,19.49224762,-9.9159283,11.67913466,30.78243603,1
-0.937916195,5.277206491,13.34602752,-7.1252499,8.475422509,26.12962729,1
0.702651572,6.698458776,9.12483746,-5.183331608,10.3455145,21.19561028,1
1.353766094,6.30907773,4.048459734,-2.965508936,6.367339455,18.8174958,2
1.845267882,5.255619954,0.0704818559,-2.092115942,5.556866851,16.49883906,2
2.319175302,6.258064867,-3.614240417,-1.043623062,3.263346376,14.47418767,2
2.559076882,4.803113362,-6.302092928,-0.343533268,3.052817658,11.24868901,2
2.545934702,4.432322365,-8.808001165,0.512143439,1.955965101,8.069767688,3
2.614611112,2.872220181,-11.52080984,1.565431769,1.173411143,4.176915626,3
2.852663282,1.977447748,-14.26512292,2.643527249,0.954901358,-0.63770046,3
2.498045612,-0.538928843,-16.44582311,4.466527737,-0.58154634,-6.603152418,3
1.486525384,-4.695512749,-18.25308594,6.816560287,-3.770838152,-13.37778525,3
-0.999920735,-9.160644186,-15.10974514,10.49328123,-10.74203134,-20.48671835,4
-4.70831002,-9.438920016,-5.013027792,12.45343054,-16.70604101,-25.1748177,4
-4.348152812,-2.923520939,4.976204033,8.049333297,-13.2129221,-18.34507515,4
-3.068199834,0.558008483,12.14995652,2.411545988,-10.23083856,-5.191869891,4
-2.62507918,2.381867653,17.05909109,-2.373420021,-10.07345274,10.70711427,1
-2.566448574,4.521603193,19.537126,-7.115582412,-4.03538766,25.94204723,1
-3.181690613,5.802306949,20.79584807,-11.18889888,1.330425801,33.90030949,1
-2.143578779,12.71621369,20.43730578,-10.05033666,6.338458457,29.44734226,1
-1.015100043,13.16489423,14.00554433,-7.005038554,5.78914633,24.80645118,1
1.279189931,14.01898099,9.142887003,-4.418275661,9.808033242,16.35647108,1
1.939459712,11.88441793,4.273950433,-2.413677387,6.277612635,14.89590835,2
1.901588782,10.69895028,0.498352419,-1.243418326,4.638516594,12.92892412,2
2.129437262,8.056835312,-2.399132492,-0.177660213,3.328656541,10.37027269,2
2.213805162,5.789885539,-5.556504015,0.611089761,2.74234024,7.501859665,2
2.380100512,5.64393409,-8.49291963,1.514885124,2.378969972,4.307095633,3
2.735244902,5.693749203,-11.23766565,2.794953551,2.379996509,0.0904815469,3
3.298235902,2.968208457,-14.3058864,4.355769227,1.240023971,-4.91903324,3
3.285648522,0.568626676,-16.76606137,6.106038647,-0.0214335215,-10.12196156,3
1.577631775,-0.0639168069,-17.72993125,9.031805387,-3.741909563,-17.05841239,3
-1.109454256,-8.163477496,-11.93794429,12.50072636,-12.02529489,-23.15286094,4
-3.148736274,-13.06344813,-2.287136379,14.78268122,-14.7109498,-25.51714573,4
-2.721730693,-8.717124576,7.473964609,11.27101475,-11.9075066,-18.40831953,4
-1.835753689,-5.677474581,13.18721134,6.262914637,-11.74576754,-2.162979493,4
-1.835962041,-2.992180655,16.1438194,1.071242991,-6.441240112,14.22029105,1
-2.889668926,-4.372900445,16.10304472,-6.279367106,1.059581869,29.46193991,1
-4.317836295,-0.847177621,18.77196893,-12.25387525,6.680797336,35.84993799,1
-4.024327098,0.812858457,13.58459304,-8.734808529,5.362649346,29.0035752,1
-2.845426089,-0.35762288,10.51314217,-5.326631836,9.447549302,19.5193922,1
-1.486976476,-0.377527282,4.076801091,-2.909738269,10.01507188,15.8909239,1
-0.477737913,-0.740849355,-0.458338535,-1.080341398,8.001024743,13.68431973,2
0.0177667676,1.222705169,-3.762925457,-0.104673131,7.132372841,11.13162319,2
0.368756615,1.756559329,-7.309338944,0.734956081,6.286497831,8.838995141,2
0.86229845,3.301718874,-10.44853573,1.498066896,5.307441472,6.670791465,2
1.265594126,3.306333218,-13.25669785,2.701247516,3.459313071,3.75514097,3
2.019632952,1.157429357,-16.04545299,4.154418317,2.56348703,-1.372259009,3
1.909983892,-0.628551197,-18.17084434,6.253072647,0.966023775,-7.711094301,3
1.029632836,-6.370744329,-18.88480798,9.939656897,-2.854005933,-15.50833414,3
-1.252724088,-13.66929385,-15.31439937,14.3061275,-11.75945479,-22.26000926,4
-1.079790313,-17.31078276,-5.248068253,15.25411177,-9.59520105,-22.87143464,4
-1.192793319,-10.67081951,4.419699442,12.02666441,-7.881296692,-14.58779028,4
0.0754477026,-7.376322546,11.54524279,7.856484147,-5.574149724,-1.165606561,4
0.69438012,-6.010938013,16.52007212,4.052174017,-3.529463051,14.44691252,1
0.0079088716,-5.594242704,16.60530355,-1.405351131,2.070143396,29.22975277,1
-1.007889383,-7.060863975,16.33629888,-7.08871394,9.083397367,39.2483856,1
-0.246404929,4.874734856,17.43534945,-7.401733159,15.89884278,35.68403272,1
0.809223833,6.164734118,11.41857165,-4.923254245,12.00417095,30.04851124,1
0.837982099,0.775495109,7.200180767,-2.359272065,13.0340758,21.83094589,1
2.166236162,0.297370045,1.349076074,0.230009171,7.360449071,19.38911668,1
2.543251292,-2.660472747,-2.670717633,0.943044337,6.770926482,16.95377217,2
2.670216932,-2.869205092,-5.924650068,1.777544359,4.650691996,14.38292916,2
2.789413282,-4.646851411,-8.329961654,2.482712441,3.146324178,11.39781674,2
2.822866702,-4.250915187,-10.90153593,3.012827745,2.391077718,8.365152068,2
3.009114252,-4.828966619,-13.46165549,4.022023687,1.429694388,4.566318077,3
3.387878922,-5.879004206,-16.17597227,5.094660177,0.699780944,-0.0873852161,3
3.498598802,-6.674912162,-18.63608968,6.422308867,0.30696714,-5.36397185,3
2.012156452,-7.761233195,-20.8347153,8.385234997,-1.9323554,-12.51829714,3
-0.53185559,-10.77110228,-18.77599062,11.89774051,-9.244772067,-19.29972994,3
-3.88825473,-14.45276063,-10.04246025,13.91000153,-16.68163674,-24.50767167,4
-3.898881271,-18.91198028,-0.0491466121,13.93556469,-12.47236739,-24.72937922,4
-2.575162053,-15.79372163,8.405948166,9.235298777,-10.37494889,-10.9608536,4
-1.709654796,-12.95546394,14.61681572,4.879782777,-10.32291982,5.995195206,4
-2.318589508,-10.60001188,17.71429882,0.648883301,-7.629321955,21.84733459,1
-3.13623272,-12.03230277,17.43816234,-5.57601384,-2.476563232,36.66743365,1
-2.454734611,-2.060867506,17.83317107,-3.632139259,1.693522326,31.34240452,1
-1.473388044,0.859350219,13.04765472,-0.32172266,7.897824282,20.54912718,1
-1.312413511,2.481299915,9.872083271,0.596112374,12.04268132,12.46622028,1
0.81000124,6.581018572,6.066306198,3.897982957,19.79795327,4.274258121,1
2.955170492,1.443329425,0.0938162529,6.712196757,13.53992538,2.166309381,2
2.809449312,0.996728076,-4.121913114,6.600883157,12.92757604,0.423087949,2
2.608146782,1.696789425,-7.906718741,6.867855437,10.70255441,-0.856961923,2
2.811353722,-0.126292538,-10.9414585,7.206853687,9.534838741,-2.696411967,2
3.021695962,-0.0773143019,-12.9228007,7.709052837,8.9771045,-5.549091105,3
3.532261852,-0.262989457,-15.24453585,8.703077607,7.6346271,-8.798187642,3
3.721995352,-2.956859449,-17.53631248,9.925940087,6.343787785,-12.89572372,3
3.288428802,-5.622372071,-19.41265081,11.72186,4.441103261,-18.12422205,3
1.873287222,-8.747648066,-20.74214861,14.5343397,0.821501314,-24.42644355,3
-1.262697356,-14.67005273,-12.45877821,17.27646737,-9.69166168,-29.89715801,4
-2.784369718,-18.39589639,-1.758299362,18.70013227,-10.08893234,-30.79169732,4
-2.910573846,-10.96655505,7.93111923,14.79136568,-7.791541056,-21.61392137,4
-1.378009604,-6.581907682,14.37903286,9.063331137,-3.766173204,-6.829310051,4
-1.108008959,-3.105090968,16.68981743,3.593973283,-1.269968978,9.857758058,1
-2.422691932,-4.547998579,15.63051607,-2.771004129,3.601389704,24.92993399,1
-3.600126208,-1.929284371,18.60041158,-7.283632935,7.618664129,31.21909717,1
-1.489704369,7.196150961,18.91925633,-5.263851317,9.426815483,24.90071907,1
-1.711620829,8.305710745,14.73656379,-3.740644347,12.37242313,17.04859546,1
0.189424706,11.93533891,10.33543706,0.0611241232,15.37560554,10.96980618,1
1.683582192,7.926262975,4.725262132,2.731246062,8.006768576,9.519197887,2
1.810884872,6.34681025,0.715639232,3.116037395,8.432653633,6.885007316,2
1.880229072,5.592892797,-2.434907241,3.646643858,6.933397274,4.820671236,2
2.023041422,4.344662833,-5.328185947,4.094525207,6.390055635,2.481446809,2
2.107382262,4.054382824,-7.997337367,4.702492367,5.546811674,-0.0780133911,3
2.343191062,4.41679731,-10.52102812,5.670726147,4.803666597,-3.324678604,3
2.877565522,2.39626658,-12.8362093,6.902756017,4.016019457,-7.811345484,3
2.680272332,-0.72305839,-14.84271024,8.449456377,2.590224369,-12.55278427,3
1.804409882,-2.988121563,-16.63016605,10.44382283,0.512196422,-18.26653879,3
0.0915000456,-3.601695815,-16.36211326,13.31069917,-3.415874623,-24.94245472,4
-2.959775203,-10.11095304,-8.407611482,16.19259228,-12.89966474,-31.0347291,4
-1.60629862,-12.11549915,0.614005928,11.59224704,-9.8952589,-24.75182425,4
-0.611146725,-8.232725676,8.945460442,5.316999587,-6.178474966,-11.50834506,4
0.0658968946,-5.002088057,14.25445262,-0.0649186708,-4.542969153,5.019424904,1
-0.0794751654,-2.529147729,16.36274481,-4.98618303,-2.065234321,20.935091,1
-1.692087973,-5.433605949,18.15148752,-11.27932778,1.500900368,31.73861662,1
-1.242693798,2.914146938,18.14689828,-8.973084395,2.443725164,28.55787945,1
-1.758846684,3.321489914,12.34108907,-6.54777275,2.804620906,21.91108528,1
-1.910590088,3.298491696,8.83650543,-4.882365912,5.811812212,14.43837369,1
-0.374583614,3.657467074,4.388853519,-2.169053888,7.393380331,9.471274108,2
-0.0954043764,0.460999751,-0.0419289721,-0.437052488,5.762109433,7.20031497,2
0.0538404216,1.807880266,-3.499292351,0.409314844,4.910076849,4.514934252,2
-0.121542444,0.523941737,-6.881075285,1.293960746,3.793636876,1.851397753,2
-0.0744073724,0.339355443,-9.714367808,2.005280162,3.520271831,-0.933774414,3
0.0992991126,1.317652837,-12.58274496,3.073117778,2.397456407,-4.069095017,3
0.4390204,0.669127184,-15.20378075,4.244784887,1.793285666,-8.312092075,3
0.420354878,0.0300406991,-17.57520003,5.747966707,0.667171886,-13.0879854,3
-0.0570446164,-3.17961215,-19.29602137,7.453295167,-0.871901755,-18.64172634,3
-2.285542293,-8.044935196,-15.56622072,11.44867341,-8.94079861,-25.45712877,4
-6.337398879,-8.340217326,-4.72750941,13.95657691,-13.83047985,-29.1659826,4
-4.860385763,-11.82995913,3.895572302,10.03278363,-9.23164787,-24.37068071,4
-3.217271919,-4.951767301,12.72019492,4.538059977,-4.633699084,-14.06668269,4
-2.942763279,-2.647009248,17.75462725,-0.860201286,-3.104725083,2.493535267,1
-2.685132886,-1.14149447,19.69415142,-6.022248898,1.015359346,18.34963318,1
-3.905582512,-1.976123031,18.74671602,-11.61464209,5.765749132,31.25764042,1
-5.201051153,0.743868968,21.06173204,-16.63433093,11.67761336,38.82662205,1
-5.139620222,7.141708557,20.23785135,-15.06872941,12.93540791,35.36274342,1
-6.651280974,6.518827489,14.21395599,-12.78698132,13.46261758,28.55852984,1
-3.824649248,11.30737377,9.921855711,-10.96323199,19.60900426,21.17458256,1
-2.626958955,10.57968684,5.471094908,-6.817902842,16.41404213,16.08334221,2
-2.273659682,5.308824306,0.686731931,-4.157889939,12.58964009,13.14100778,2
-1.850477758,7.40751109,-2.789261397,-2.754866085,10.98018243,9.975482598,2
-1.54077677,4.93696587,-5.946565876,-1.465536671,9.196855454,7.220688908,2
-1.266636474,3.920684229,-8.799969015,-0.38184079,8.088920743,4.263774038,3
-1.128063027,4.334023007,-11.51876438,0.817566488,7.065038127,1.058292276,3
-0.742708021,2.747537966,-14.1415178,2.395856299,5.864428903,-2.882239476,3
-0.670530348,2.390370792,-16.39732043,4.095903697,4.978416099,-7.334132699,3
-0.783852498,-1.213851487,-18.00508519,6.450197197,2.937628605,-12.98978218,3
-1.97559485,-5.321031357,-17.18409332,10.46766793,-2.580846477,-19.7822426,4
-5.343798793,-5.607386465,-6.420355812,12.84373706,-6.001577032,-23.21285135,4
-4.2011842,-7.31604095,1.935937876,8.973022777,-4.435702541,-18.73608106,4
-2.752978968,-2.469199397,9.785454931,3.629250366,-2.980216995,-9.572289221,4
-1.859503812,2.11524005,15.82554787,-3.134394619,1.410909859,3.279482141,1
-2.304207358,4.570357382,17.64330387,-9.059837129,4.322573047,18.69648474,1
-3.793339161,4.2082626,16.77176938,-15.28843899,10.38948881,32.53012106,1
-4.512983204,6.613045473,18.93820105,-20.00636347,12.75535212,39.62286824,1
-2.938680314,11.76947692,18.61764953,-16.0044325,8.45786395,33.12791183,1
-3.714462914,9.717290947,10.51025548,-13.93296738,8.448572529,28.37803386,1
-2.444473351,11.6600984,5.899991285,-9.660854601,6.710854615,21.99726154,2
-0.832482306,8.262504696,1.659413252,-6.710452154,6.728874046,17.19270454,2
-0.0938418074,6.928388725,-2.478932363,-4.703151725,4.779263765,13.66256583,2
0.238585544,8.336516187,-6.405968964,-3.39724939,4.4784865,10.12284186,2
0.326846482,9.219344894,-9.801667638,-2.327365173,4.476439508,6.792707047,3
0.666157943,8.932077738,-12.81883658,-1.215376167,4.307632779,3.409170163,3
1.115999149,8.288997019,-15.80050779,0.264298683,3.130576645,-0.518017235,3
1.819675882,6.849344864,-18.51504409,1.941690115,2.2641,-5.676167552,3
1.967423902,5.007708101,-20.5198879,4.235562927,1.121738701,-11.66526171,3
0.639775365,-0.313157569,-18.75782799,8.597387847,-5.126390454,-19.77627996,4
-2.468056517,-5.715772745,-8.925277672,11.9922699,-13.08022832,-25.27257785,4
-2.159871831,-6.525287981,1.320644743,10.39527588,-8.415005193,-24.15255615,4
-1.079009475,-3.719232761,10.39833919,6.300013367,-8.183116003,-12.83010847,4
-1.140902664,-3.380708144,16.12633627,1.788896334,-6.259147398,3.709704701,1
-1.198269643,-3.346848247,18.27319687,-3.279881197,-2.10357017,19.00829764,1
-1.903579241,-3.690702033,16.24853038,-8.45029716,1.94090409,31.72888182,1
-3.135671542,-0.310721064,16.10904809,-12.48092491,6.546597144,37.31513155,1
-1.733987176,-0.0247282289,10.64254085,-10.43073526,4.676405779,31.83567918,1
-2.313025543,-2.756958466,7.488945175,-8.102252746,9.987148428,24.15790955,1
-0.322162107,-0.91000282,3.138959158,-5.062090206,12.49891176,17.60534678,1
0.810917747,-3.056103477,-1.557647057,-2.021669471,7.753699408,14.29421249,2
1.055135864,0.00738770514,-5.183558364,-0.983723414,6.908599996,11.09880907,2
1.059936946,-0.617922399,-8.790467985,0.0989034442,6.017688886,8.06921976,2
1.122043281,-0.857808682,-11.60971968,1.040017914,5.464424927,4.889175581,2
1.328621142,0.463173048,-14.25536045,2.024666744,4.111225613,2.122298257,3
1.432839661,0.117636866,-16.85194192,3.272042969,2.876920946,-1.770778955,3
1.545670987,-0.0489412789,-19.12947009,4.722821987,2.110901553,-6.869721006,3
1.065540888,-1.8601935,-20.86433762,6.714932117,0.244383569,-12.90578291,3
-0.497937598,-4.851913501,-21.30956301,9.757022837,-4.607508425,-19.98683409,3
-4.492824523,-6.756280509,-11.99782765,11.50632214,-9.90894501,-25.49872965,4
-4.732808658,-7.576533803,-1.442097541,10.57972845,-3.838873415,-26.61554998,4
-4.107305933,-1.79382814,8.313658435,5.572427177,-3.893485247,-19.67363166,4
-4.176687018,1.009663135,15.84382344,0.727706012,-5.601054041,-7.676191973,4
-3.951971872,2.708750273,19.71823999,-3.716170295,0.242696793,6.834811142,1
-4.561450485,2.811573989,19.81778137,-7.970569518,2.73321344,21.83606932,1
-5.252942317,2.242614958,16.9067681,-12.11090899,3.958901148,36.03204643,1
-4.61642517,5.080843486,17.24249549,-14.10812244,5.966575302,39.37814281,1
-5.530835571,7.430804529,10.47235359,-12.31359696,7.237560947,33.27264149,1
-4.13613541,7.503364436,6.800846601,-10.99502055,13.56968098,24.65592708,1
-2.182048707,6.898164609,1.882724238,-7.562380868,7.601407206,20.44221274,1
-1.696285698,3.464885694,-2.303935818,-5.825951759,8.218092457,17.29656395,2
-1.242147885,3.268639041,-6.126633072,-4.472282438,7.354680051,14.15057069,2
-1.060961969,3.08218863,-9.305079329,-3.35923118,6.710398753,10.66848254,2
-0.812099151,3.915195414,-12.10821237,-2.201918434,5.72609642,7.569058324,2
-0.364364913,3.522738716,-14.67023854,-0.895440741,4.284335628,4.301374037,3
0.212668975,2.738600071,-16.952714,0.559431336,2.832131343,0.120895238,3
0.135724184,0.931138396,-18.82135014,2.744116098,1.748156268,-5.954542516,3
-0.532754333,-0.497879671,-20.16202528,5.261915817,-0.612312485,-12.87620739,3
-1.928598853,-6.085163996,-19.8080783,8.889348867,-6.046199696,-20.53933594,3
-5.284464564,-12.4242931,-12.50144448,11.10938964,-14.01764019,-26.94757731,4
-7.805438066,-14.18336041,-1.176809451,11.47772014,-10.52272026,-29.94149524,4
-6.596934521,-8.764257986,8.093778703,6.220724297,-9.72197307,-19.51869632,4
-6.102395765,-5.296359609,14.49037268,0.960273848,-9.176013646,-5.159575409,4
-6.02996726,-2.070130435,18.92775485,-3.46695445,-4.935837811,10.19540068,1
-6.641747102,-1.515117348,20.32251036,-8.023184252,-2.111157216,25.1561877,1
-7.491852537,-3.030743133,21.60907679,-12.5589527,0.84552952,35.70775079,1
-6.189025776,4.626615097,21.2239153,-10.02386572,0.959800464,32.17075549,1
-5.437921516,4.579742553,15.64593949,-6.734421828,4.121369939,24.78459208,1
-3.656873202,4.823514018,12.8028813,-5.095109671,8.337746304,16.15076399,1
-2.77806316,6.835580644,6.970474011,-2.58401398,5.066463571,12.16940283,1
-2.039417111,3.241966728,1.7457685,-0.594525655,2.146735774,10.00789316,2
-1.448697777,6.826253167,-1.554296773,0.217390353,2.96208067,7.514243251,2
-0.968955718,4.385106268,-4.877435919,1.164698582,1.701758936,5.574344179,2
-0.583528448,2.413329062,-7.408543334,2.109441037,0.820519212,2.747958364,2
-0.0066305574,0.631017529,-9.8756963,3.399478523,-0.63615078,-0.242608424,3
0.510853841,-1.841410918,-12.25126938,4.777389257,-2.14997733,-3.862511068,3
0.590329676,-3.128170786,-14.59635909,6.235962197,-3.554319945,-8.079717878,3
-0.213047093,-5.751237888,-16.99490642,8.009854597,-5.477684909,-13.77871715,3
-1.734510719,-8.238798476,-18.29753176,10.59262792,-10.06036112,-20.23321561,3
-4.470706437,-12.38682052,-14.02824651,12.63968996,-16.47604877,-26.47959253,4
-7.032241349,-14.57301054,-3.777428398,13.88342418,-17.74541328,-29.53229043,4
-6.088156148,-9.562660766,5.564619928,9.481595817,-15.16015626,-18.66277222,4
-5.229376685,-6.208682633,12.81331292,3.971099437,-11.91569909,-4.539182882,4
-4.72850421,-2.07071101,18.03291444,-1.628668912,-6.727761693,10.92789162,1
-4.984437055,0.0693267221,19.85050954,-7.971025289,0.221992974,26.13504001,1
-5.159135906,1.831123795,22.1487983,-10.25316028,0.277517671,33.70870531,1
-3.937646553,6.068042354,21.66839734,-7.853288843,1.360587834,28.31006765,1
-2.398813654,5.891564102,15.56577194,-5.663303212,6.35870953,22.31817017,1
-0.386967188,14.6831666,12.04148616,-3.578641867,13.30982022,15.10058761,1
1.657315762,7.670928893,6.604852513,-0.392904283,6.287567688,12.37273633,1
1.667615902,6.588910282,2.612434658,0.187831675,8.241983611,9.284050908,2
1.772116192,11.8268826,-1.097708419,0.824636617,7.805175823,6.953258501,2
2.062038062,8.896261112,-4.301065052,1.677276288,6.299087168,5.007661917,2
2.285401082,7.611782041,-6.936751837,2.708850499,5.793068117,2.226116765,2
2.811120272,8.025717078,-9.617904678,3.994633307,5.231082753,-0.759284873,3
3.340859272,6.449226879,-12.355968,5.538936297,3.549354869,-4.015240654,3
3.588254072,4.219387183,-14.75086581,7.277245017,2.172319689,-7.961237105,3
2.869841762,-1.117210736,-16.98686556,10.19580339,-0.222717745,-13.90040809,3
0.692190399,-3.998852996,-15.69472882,14.60569914,-6.084300549,-20.24962971,3
-2.31921614,-11.3201956,-9.224122136,18.95498995,-16.37138449,-24.60348393,4
-5.274141776,-13.82418003,0.718397806,21.67852918,-19.09794276,-26.39450315,4
-4.837410132,-13.86738559,9.999213821,18.28763534,-16.5875498,-20.63721376,4
-4.039694526,-9.878007586,16.53649999,11.46969855,-13.53427884,-7.381471031,4
-3.516934242,-6.850199416,21.14912478,5.460219597,-12.26229186,8.327769392,1
-2.850387307,-3.81238803,23.25856015,-0.15056665,-8.944237301,24.02804848,1
-3.820666192,-4.151761915,21.99214346,-6.046751376,-3.623915724,38.70617397,1
-5.234912065,-4.072173554,23.84006536,-11.64947029,1.036112955,48.91450183,1
-2.650000173,3.345028805,22.74738674,-9.125910691,3.576799505,39.50295455,1
-2.444212432,2.628090817,15.91389648,-7.060694921,6.857570671,32.26677332,1
0.495951793,7.636164305,10.58923782,-4.212021773,16.52397755,22.35010205,1
2.826969862,5.570448848,4.565175112,-0.973127588,11.36571821,18.85523418,2
3.222559942,4.72501802,0.476070872,-0.310409898,11.36380869,15.4791183,2
3.248178632,4.255499933,-3.12727187,0.630033781,10.01098487,12.89450951,2
3.407730012,3.113214621,-5.994846263,1.485905505,8.818754502,10.14935056,2
3.447618752,2.096457496,-8.614138149,2.342680826,7.768218293,7.168163918,3
3.815716342,1.671409781,-11.02068326,3.757107637,6.612726193,2.971415095,3
4.203559322,-0.753020184,-13.55764797,5.328298767,5.192714969,-1.75428707,3
3.770926802,-3.562011924,-15.66966879,7.364933047,3.03764124,-6.93278226,3
2.734154522,-6.830366646,-17.37149701,10.01204519,0.469045299,-13.41326357,3
0.267313742,-14.39403583,-12.94842046,14.6961648,-8.686524007,-20.23924834,4
-3.656198122,-14.08672031,-1.526636798,17.19678898,-12.65845678,-22.43807712,4
-2.522125469,-16.09568125,7.610264382,14.20595687,-8.570545583,-20.52607046,4
-1.691363553,-12.46240764,14.74365879,9.618720817,-7.850202791,-10.87470393,4
-1.469507602,-9.930936046,19.01752618,4.208075497,-5.709489644,3.870861023,1
-1.165237849,-6.599175255,20.97168792,-1.639579096,-0.819307393,18.91805991,1
-2.005814995,-7.027325404,19.20148528,-7.580383939,1.809888904,33.34623155,1
-3.031575762,-5.070734198,21.53855128,-11.40190929,3.787102766,43.17286038,1
-1.503551426,-2.158210814,18.66899068,-8.494122417,5.691719474,34.32684617,1
-0.197197362,-1.133540508,12.76163914,-7.543915713,11.80609208,27.71723039,1
3.314416082,4.876409841,7.685418937,-5.103367133,19.5330569,19.08718384,1
3.684231852,1.228055235,2.894481628,-1.715048863,13.85802228,14.23068621,2
3.263554682,-0.284368349,-1.22493101,-0.75567632,14.46722365,10.59039695,2
3.415647842,3.557809403,-4.612229902,0.0741818482,13.51138127,7.625696539,2
3.256835652,1.651316894,-7.749695906,0.929982357,11.55779894,5.429692001,2
3.144622292,0.0641502021,-10.7107153,1.777253697,10.04184382,2.983265854,3
3.039217782,-0.325940093,-13.27332397,2.586252125,9.185860765,0.0747338209,3
3.371815802,-1.350755326,-15.79575601,3.903361747,7.355438831,-3.356219458,3
3.594843462,-2.598430049,-17.99651161,5.671660557,6.160758579,-8.033554582,3
3.640431722,-6.003527066,-19.78576795,7.651667887,4.705103926,-13.34365874,3
3.031374552,-8.583441056,-21.08402039,10.7514858,2.086560451,-19.4276269,4
1.178979567,-10.08890458,-18.86452365,15.13017136,-3.786288482,-25.75625332,4
-1.897894941,-13.62970574,-8.323182315,17.7773802,-10.5269979,-26.86375836,4
-1.66209623,-8.599806066,1.418128248,13.73099987,-6.819252374,-19.33993322,4
-0.773083566,-4.835650272,8.654149765,7.585724997,-1.712775386,-7.361238464,4
-6.39E-05,-1.601665588,13.72183387,1.238029519,0.128203444,7.555433075,1
-1.27462326,-0.675813572,14.25944999,-5.145922902,6.77167713,21.91720625,1
-3.58528074,2.106050949,17.23516111,-10.5668841,12.70845163,31.09564709,1
-3.526225183,9.346529389,17.64835312,-10.87846748,14.08688895,31.57576526,1
-2.077755817,11.92988634,14.4290603,-8.025123771,13.49505771,23.41771503,1
-1.895812523,11.3886656,8.184314765,-6.147306167,13.5194255,18.10692501,1
0.759302486,17.31898881,4.920055425,-2.228093709,14.77055923,12.56124098,1
1.500109407,10.36462597,-0.522826697,0.400827691,8.028219053,10.5679361,2
2.173315202,9.173794977,-3.933483764,1.012838187,10.53092288,7.291773596,2
2.338769672,8.607861363,-7.241798839,2.064324935,8.905987965,5.220326846,2
2.435834552,8.269010544,-10.09134319,2.718039852,8.421480379,2.666831837,2
2.572276992,7.820593401,-12.76977478,3.65702075,7.341177369,-0.362660055,3
3.137930602,7.36511059,-15.06372294,4.920313447,6.033680068,-3.65884222,3
3.713944812,4.136869893,-17.4556848,6.379018837,4.321554791,-7.543105075,3
3.279908982,1.2375137,-19.75798178,8.576724737,2.009613909,-12.95765852,3
1.844957152,0.425822318,-20.09145457,12.05689526,-1.783487139,-19.78797311,3
-1.074109594,-8.595221746,-14.70898648,15.83103941,-12.22291867,-25.18019501,4
-3.000953756,-13.1034957,-4.674122983,18.03028746,-15.39390294,-26.62124025,4
-1.760528629,-7.772081661,3.612193745,12.76094447,-10.28847072,-16.63812118,4
-1.069253513,-3.372387116,9.837628171,6.080790977,-5.729006727,-2.950328751,4
-0.636069893,-0.345425669,14.13237867,0.366521364,-4.051734302,12.27075029,1
-1.117210717,-0.99097952,14.77191331,-5.094934779,0.610318469,26.99062516,1
-2.040884195,4.26413475,18.22189382,-8.3361954,2.473901091,35.22732097,1
-1.263308128,7.258346328,18.65776886,-6.69988947,3.231189964,30.87074735,1
-0.641657042,6.075535281,13.25927751,-4.825897049,7.122560912,25.26397862,1
0.304103713,10.50749837,10.33864614,-2.946256063,12.38332385,17.63556458,1
1.965138702,5.504092741,4.9696611,-0.0331541328,5.257477316,14.98159102,1
1.934536672,3.469895666,0.23234801,1.335280465,5.273260118,12.29923653,2
2.164213742,7.133717002,-2.601128602,2.332992322,3.332486339,9.736380185,2
2.478775672,3.623014473,-5.585410206,3.202667398,1.519058431,7.589225863,2
2.404799622,2.777709868,-8.295929784,3.963568937,1.311821533,4.320228586,2
2.712142392,3.511826904,-10.98694214,5.020639557,0.577164469,1.026631484,3
3.093353182,1.724060399,-13.66716786,6.353604007,-0.801573943,-2.581529946,3
3.392624442,0.553363958,-16.06710147,7.782077787,-1.517352739,-6.795707229,3
2.985468372,-2.704763872,-18.31178282,9.875524367,-4.111264675,-11.8620518,3
1.63574767,-3.787297664,-19.39853721,12.67012412,-8.289175397,-18.7035936,3
-1.141548682,-8.471000116,-14.58719193,16.01592091,-15.58808113,-25.05650915,4
-4.487063172,-12.64165447,-4.175311093,18.22002039,-16.77170817,-26.94022406,4
-3.501056829,-7.433192125,4.459007218,12.57076302,-13.19633131,-14.63063147,4
-3.284565237,-3.355074041,10.94024812,6.136939367,-11.42579889,0.729008813,4
-3.405523348,0.684039214,14.77131293,-0.103023091,-6.227536085,16.20427279,1
-4.405722378,1.66324141,15.36229641,-7.132307825,0.151223187,30.83743548,1
-4.858006661,6.209609741,17.1357062,-10.00399851,5.325930519,34.209295,1
-4.143886754,10.34674173,14.38043239,-7.350637519,8.067149462,24.8709824,1
-3.182706153,8.161677502,10.79026602,-5.174998485,14.08349609,17.21401317,1
-0.509870821,12.16973492,7.208330193,-0.76277729,15.94610699,11.04200141,1
-0.104164648,8.118576741,2.625280462,1.143407019,15.22230539,8.211812437,2
0.313374676,11.38289202,-1.037021803,2.089535644,14.41151584,5.570847612,2
0.568129884,10.47445484,-4.801136111,2.817605161,12.83593502,3.441567076,2
0.910110889,11.15799348,-8.183100212,3.40688053,11.90135971,1.242295319,2
1.402680976,12.08611343,-10.98427626,4.323366767,10.41072107,-1.090956282,3
2.003253612,10.93917192,-13.77295731,5.572583187,7.739602992,-3.574300348,3
2.414721442,8.21038866,-16.12626716,6.905376587,6.540276973,-7.868385405,3
2.625554132,4.54366029,-18.16891113,8.591977257,4.378931024,-12.80876645,3
1.775605802,-0.123628691,-19.64941702,11.16963452,1.43641253,-18.94196278,3
-0.625352532,-7.062971777,-14.35334525,15.13316996,-8.182480945,-25.03398706,4
-3.420844729,-10.68007437,-3.758503363,17.97489209,-12.94222119,-27.15957365,4
-2.298617625,-13.2570258,6.20865834,14.54696544,-10.19482165,-20.72364598,4
-0.576913106,-9.623786086,14.17438755,10.32893214,-7.015341658,-8.387638262,4
0.344764333,-8.147845096,19.80655317,6.304547407,-6.251707858,7.651355098,1
-0.164470099,-7.391359265,20.55351256,0.40434696,-1.117608685,23.39567157,1
-1.598695912,-9.225765206,20.40793936,-6.045531953,5.109770483,34.85111643,1
-1.059021107,1.889156115,21.11226906,-5.516005716,8.409451434,33.0716042,1
-0.755150351,1.879935936,16.30847498,-2.138572564,12.2517851,23.25353352,1
1.911136122,3.91525864,11.27353553,0.640982829,19.26775697,15.44059992,1
3.373172592,4.23407992,5.471156266,2.521341614,16.34485427,12.16559484,2
3.584190982,0.141269107,0.344559292,4.175966487,12.29746559,10.61528069,2
3.731800662,2.285315918,-3.136972672,4.848170227,11.4188085,7.874961188,2
4.014838312,1.898636681,-5.948781207,5.353924477,10.04501928,5.446164941,2
4.124476952,1.613127795,-8.864624995,5.728404357,9.458043803,3.086086482,3
3.945842412,2.463793817,-11.40139046,6.358645867,9.011604182,0.0630753309,3
4.327200472,2.227420877,-13.91356954,7.396877677,8.154645386,-3.583185769,3
4.604257662,0.123923436,-16.0779176,8.914885597,6.929788494,-8.627214167,3
4.278158342,-4.130452506,-17.72932526,10.95047625,4.68099555,-13.96373701,3
2.795601012,-6.084273157,-18.9399301,13.59760611,0.886829897,-20.7563672,4
0.417147008,-11.43600998,-15.55170062,17.40505731,-7.892614165,-26.90113283,4
-0.0977932484,-16.87444034,-5.659661652,17.30986943,-4.187001462,-26.15688963,4
-0.118266163,-8.252718156,4.903640187,12.88861441,-1.021159516,-15.98594806,4
0.725867734,-4.594109026,11.97085488,7.063423017,0.43554247,-1.293559887,1
1.039201249,-2.280350168,16.94728071,1.870795599,2.574750996,15.03310782,1
-0.282653721,-2.61019092,16.44441542,-5.271098383,6.227226909,30.06637014,1
-0.670077648,3.387613753,18.15482534,-7.11607544,11.13649789,32.3211716,1
1.440320684,10.18951277,15.58205202,-5.03021318,15.42664153,22.37960044,1
0.316861996,13.8380586,10.01922091,-2.608775845,13.16707032,16.4598833,1
1.545926107,14.99750344,5.626692921,-0.410052574,11.26918333,12.63025724,1
1.795936302,9.573133088,0.763157818,1.425980876,6.192759371,10.84504902,2
2.113116282,10.31882847,-2.383528438,2.183839528,5.484549741,7.956156892,2
2.153843272,7.862890266,-5.211606776,2.996169847,4.296436518,5.378526614,2
2.238112352,7.954009896,-7.782053036,3.305102304,4.988218216,2.437732762,2
2.451005622,8.254270684,-10.43002828,3.996750027,4.408099771,-0.605156031,3
2.963956442,6.429449168,-13.18326761,4.867382727,3.655146376,-3.958069683,3
3.333740152,5.2747741,-15.45377261,6.024557027,3.111649219,-8.395552879,3
2.931411102,0.812212894,-17.40509491,8.026789507,1.201833429,-13.75659524,3
1.395468298,-0.752610481,-17.77949502,11.34606777,-1.830375882,-20.22495157,3
-1.560396667,-7.823857701,-12.58479804,14.97873512,-10.93955801,-25.76406135,4
-3.252429016,-13.9201505,-3.795384334,16.3334416,-11.67132781,-26.5516765,4
-1.714496561,-8.262380876,3.994138591,10.57753048,-8.404165109,-14.71888516,4
-1.168772767,-5.418732887,9.896683591,4.605770467,-7.1696368,-0.347406646,4
-0.792688317,-3.979629921,13.80214597,-1.223568949,-2.960246678,14.268104,1
-0.898057474,-3.448815368,15.90362571,-6.943105099,0.0239038185,28.45014771,1
-2.689835278,0.165260574,18.24876668,-11.49852725,5.425947242,37.54798037,1
-1.514865449,3.667724751,17.23946637,-9.134302992,6.398344017,29.98161046,1
-0.643882113,0.168592744,11.50763591,-7.191723781,6.174448753,25.53491747,1
1.988834952,4.060753701,8.084135637,-4.734367933,13.20461082,16.87856546,1
3.644495042,4.079530003,2.817721847,-1.514117607,11.05344357,12.68292839,2
4.089182142,3.293911301,-1.000657007,-0.811212158,12.50088579,9.556663482,2
4.186530102,4.171248586,-4.496931092,0.0793827422,10.99654747,7.69340401,2
4.278533722,2.890900535,-7.57087466,0.978554724,9.159504295,6.017015603,2
4.003939422,2.605859542,-10.36770236,1.694513814,7.949693172,3.80852043,3
4.401880032,2.791377795,-12.84883118,3.051797926,6.133192379,0.778212249,3
5.096771552,-0.279164755,-15.12521481,4.483636547,4.516413037,-3.152032413,3
5.169747792,-2.322787745,-17.27574812,6.209189997,2.285166682,-7.58437417,3
4.418409112,-5.110047347,-18.95646038,8.278378257,0.0298072285,-13.05932241,3
1.938773882,-11.5300453,-15.27856889,12.62386163,-7.527080165,-19.4618121,4
-1.849177956,-14.78430051,-6.280996922,15.39748548,-16.90017257,-23.30468605,4
-1.691553435,-16.98427783,2.632964752,13.87384073,-11.61670636,-21.517557,4
-0.86221445,-8.277918726,12.45024933,8.751420087,-5.409126995,-12.96293773,4
-0.578607208,-5.928971121,18.67001057,2.271705293,-5.769303888,3.360018938,1
-1.428070836,-3.767719168,21.50113027,-3.30335545,-2.963376869,19.38371928,1
-1.772215775,-4.258516089,20.47926639,-9.45571978,2.743916272,33.34149359,1
-3.250782258,0.0882643991,21.0671937,-13.36426592,3.543727382,39.037829,1
-3.17327081,1.899989204,15.11844809,-10.68783943,5.880427945,32.08524913,1
-2.689036927,-0.465809839,11.82445064,-8.661999922,7.70041782,25.68266542,1
-1.810652182,0.0433665271,7.624338831,-6.709439767,11.71805593,19.16544185,1
-0.173367016,-0.989100828,3.136891432,-3.796711353,6.236402523,16.2822268,2
0.294374565,1.881208635,0.192796391,-2.683435809,5.910298206,12.9146787,2
0.431157469,1.03953096,-2.741916668,-1.511508923,4.456048405,9.945185941,2
0.508867994,0.317221706,-5.403114587,-0.791885328,4.692887394,7.006596879,2
0.575558775,1.594486616,-7.941224676,-0.0351690188,5.381706935,3.976200148,3
0.996032283,2.634120888,-10.8485482,1.075109962,4.832098442,0.448700758,3
1.720930402,0.700344204,-13.45682097,2.410631674,3.854845639,-3.825169782,3
2.512876872,-2.012532751,-15.40801634,4.042165197,2.753461434,-8.809733939,3
2.277238262,-6.38361976,-16.72554128,6.305583277,1.071607775,-14.55458674,3
0.843489487,-7.33244295,-16.37031619,9.985271927,-1.762878556,-21.90777682,4
-3.100149131,-11.21562061,-8.180835433,13.12538747,-12.29504558,-25.73694295,4
-4.318414739,-13.22325077,0.78528807,12.02186031,-7.323809961,-24.78189436,4
-3.559454949,-5.243554412,9.45378187,6.519829007,-2.802882362,-16.51394203,4
-2.925902526,-1.055167831,15.67342042,0.0915227702,-1.064779906,-3.642870524,1
-2.471184393,1.538307628,19.64237741,-5.178679644,0.23581623,11.19960619,1
-3.475091665,1.448117724,19.62566165,-10.38789857,3.754464247,25.39118373,1
-4.394765586,3.899977194,20.66155943,-13.60990722,6.555275531,33.75932864,1
-3.522553266,6.66855085,18.24745236,-10.25438679,7.095527048,26.57720313,1
-3.515265245,9.31747688,11.4501299,-8.564227475,9.149333295,22.53046848,1
-2.767863993,9.513075715,6.009279346,-5.729923507,6.597093017,17.51089344,2
-1.525725998,5.040817494,1.600653663,-3.331477456,5.462711756,14.05888367,2
-1.369291333,7.980490146,-2.022259923,-1.871491199,6.465000857,10.12678919,2
-0.981145699,8.647085642,-5.42222108,-0.605897206,5.177293394,6.867426263,2
-0.595918221,8.038950373,-8.07779984,0.261396728,4.484034177,3.713469783,3
-0.0206972314,6.335932172,-10.70006357,1.399058349,3.125620339,0.18320702,3
0.867251764,5.10687918,-13.01451632,2.526231746,2.867930453,-4.083312878,3
1.832495442,1.912409931,-14.96420854,4.057852027,2.220215551,-8.793280756,3
1.997786962,-0.65089308,-16.49639502,6.159316287,1.434365538,-14.24217491,3
-0.791655435,-6.018109222,-12.49238948,12.06234338,-6.421090594,-21.0603877,4
-4.5081399,-12.01043318,-3.14572806,16.98302554,-19.55422492,-23.83905623,4
-4.392479304,-13.74379372,6.343445278,15.05912571,-15.14154684,-21.35403579,4
-2.430644243,-6.563679461,14.19509776,8.459822337,-7.371825154,-11.50174048,4
-1.948068138,-3.291698682,18.49673148,2.102406486,-8.052250465,5.000267529,1
-2.396939885,-2.453507209,18.99070936,-3.584318426,-4.306442452,20.91718085,1
-3.853709029,-2.682171043,18.11042931,-10.01194377,2.648096901,33.46083801,1
-3.930162927,4.358930771,18.62757025,-12.02659931,6.553091074,34.00353594,1
-3.676297338,4.065238333,11.72006721,-9.989596876,4.442568232,30.61971207,1
-0.85360799,7.063954905,8.294657698,-8.662383428,12.93751496,23.11399087,1
0.540568856,8.234275268,3.635916466,-5.529129634,9.044903041,17.84979666,2
1.332372445,1.778481226,-0.873499965,-3.111470251,7.099978404,14.65238777,2
1.277401019,2.574175273,-4.916481128,-1.983202113,5.479365203,12.13948398,2
1.190245675,2.619201862,-8.238285018,-0.869777699,4.294073043,9.132542776,2
1.531957486,2.307146101,-10.82973557,0.177615318,3.544569619,5.881781722,3
1.773439692,2.525522889,-13.22614651,1.340102967,2.607430234,2.138330537,3
2.518257512,0.561066778,-15.35875605,2.814338017,1.737759698,-2.766585877,3
2.675659262,-1.298343501,-16.79472369,4.929704997,0.834804665,-8.703210411,3
1.860198482,-5.155643545,-17.31416304,8.654762277,-2.701010651,-15.63914394,3
-0.704219491,-12.51194286,-13.38804761,13.50572611,-11.19471728,-22.21242956,4
-1.658257356,-15.60094455,-3.579253649,13.96987475,-8.478137729,-23.217363,4
-1.266696696,-7.570758543,6.307692809,9.322509397,-4.175611458,-15.65526191,4
-0.529092648,-3.516466867,13.24624492,3.316724139,-1.106375185,-2.261432299,4
-0.335718365,-1.519729574,18.44809159,-2.181830421,0.293786524,13.27987516,1
-0.858765067,0.404629625,20.57343634,-7.698908842,3.165426975,28.65775152,1
-1.999436698,1.112940022,21.25060023,-13.23181503,8.690272992,37.68494719,1
-0.79689571,7.68394358,19.31223421,-10.25506091,8.496474242,32.55146378,1
-0.454459407,9.062252783,12.04077513,-8.659231725,10.54847996,28.78583542,1
2.475869602,14.48788736,9.167684203,-6.621915173,16.29152292,21.10545765,1
4.404302102,12.42263432,4.185374523,-3.141190268,9.294196185,18.00355229,2
4.574018352,7.153977744,0.271001906,-1.610145998,10.36741465,14.00041126,2
4.670100492,9.97643978,-2.916658639,-0.585580789,10.52040252,10.47395823,2
4.532436222,10.30447438,-6.156566111,0.219792406,9.538889283,7.930594038,2
4.631722232,10.86844595,-9.355912049,1.074557052,8.634687689,5.708778939,3
5.222243092,9.605574448,-11.92278085,2.558629668,7.160027679,1.930894063,3
5.955616042,6.746056985,-14.34538424,3.991283157,5.917968158,-2.431526151,3
6.024335292,3.902336081,-16.24916125,5.868100157,4.523320361,-7.486457396,3
5.239214442,1.421573779,-17.80895397,8.270432357,2.589647534,-13.10735464,3
3.667266262,-0.796849369,-17.22325507,11.94339725,-0.870177206,-20.50857196,4
-0.20440872,-5.989656964,-8.167621267,15.9385139,-13.14081709,-24.85500537,4
-0.890479598,-10.31490323,1.155766514,15.94973163,-11.44592115,-23.25851013,4
0.31635629,-3.6421395,10.07779893,11.29615558,-5.990545036,-14.29798809,4
1.436178142,1.254101583,16.47585843,4.859384157,-1.374127666,-0.375117884,1
1.264676646,3.39672723,18.65460127,-1.243759953,1.986080559,15.89175542,1
-0.56806638,2.223924864,18.0222042,-7.833202809,7.093981801,30.17074845,1
-1.994891199,6.58527546,20.17378588,-12.60436055,11.61552094,34.06036571,1
-0.558201205,13.00912014,17.13578381,-9.745445665,11.35048565,25.49369506,1
2.489647122,16.29230361,13.21920778,-8.626849163,17.30456855,18.64306731,1
4.196148762,14.61273809,7.935874132,-5.397064428,13.91889491,14.72048071,2
4.343157172,8.394847115,3.23343598,-2.8270705,10.19286236,12.07052345,2
4.273468572,12.1642068,0.0888436859,-1.860369118,10.98355979,8.736769378,2
4.332493342,11.04546034,-3.324382768,-0.730106375,9.545719869,6.150537931,2
4.526256152,9.513771088,-6.495525744,0.198421569,8.5601106,3.350714494,3
4.506238512,9.851065723,-9.297791441,1.304917053,7.536844,-0.208582157,3
4.935552352,9.17895079,-12.00603152,2.551964971,6.571255622,-4.394460652,3
5.237078302,6.794739846,-14.37155759,3.944819227,5.771845788,-9.229209482,3
4.262805762,3.01006974,-15.29363091,7.192091117,2.859342145,-15.62823244,3
2.545809602,-3.48608307,-13.56485818,11.85466217,-3.208359359,-23.158883,4
-0.988109922,-6.45837762,-5.541136448,14.7146236,-13.58631821,-28.36790411,4
-1.863067281,-8.206996466,3.949512586,13.29951099,-8.697411662,-27.83811214,4
-1.008157574,-4.484805491,10.78578879,6.979175347,-5.637274339,-15.12932341,4
-0.670842048,-2.210448597,15.84085748,1.425464239,-5.28572025,1.233842806,1
-0.911797186,-0.320593572,18.24968957,-3.054898338,-3.713303543,17.39596607,1
-1.991398383,-0.957829989,18.02462696,-8.553879418,1.236163423,32.33599453,1
-1.169360332,6.553148735,17.28621904,-8.596669968,6.050160687,29.96275152,1
-0.706314189,10.20846243,12.16378252,-6.139240059,8.064736278,22.61702365,1
0.0330529366,8.518675325,8.206819459,-4.010182197,9.558240887,16.20203188,1
0.647791555,9.857044469,4.454323704,-1.019866957,15.78397847,9.273856922,1
0.804282203,4.283051673,-0.312520357,1.05554351,13.29252687,6.753490028,2
1.004725543,8.989665218,-3.247117745,1.946297655,12.84678594,3.75099583,2
1.43649823,8.334391323,-6.149606335,2.861513085,11.33929959,1.35673868,2
1.822776032,7.009006278,-8.991777515,3.656546122,9.951315219,-0.876675299,2
1.774123602,7.574936648,-11.97574365,4.590057357,8.513126793,-3.67994046,3
2.515419962,6.516055515,-14.62189329,5.752372347,8.070587383,-7.819129705,3
3.098186242,4.055864051,-17.11563579,7.180252387,6.48165422,-12.29978809,3
2.951598132,1.413114595,-18.98260574,8.920483067,4.253095988,-16.88709466,3
1.240990899,0.40670658,-19.15843918,11.70871464,-0.342212889,-23.111906,3
-1.415237711,-6.598952685,-13.68472244,14.54042826,-8.388970284,-29.2016639,4
-4.278017676,-9.496736436,-3.719026324,17.03380685,-10.05420378,-31.9092572,4
-3.86987837,-11.57007952,5.700182759,13.5126734,-8.935271789,-25.45219446,4
-2.408473152,-7.151107255,13.19585331,7.490390977,-5.116080836,-10.07298204,4
-1.981481363,-4.092712104,18.10544098,1.876575506,-2.072042824,6.82526263,1
-2.862298266,-3.431352496,18.92887719,-4.462025479,1.888919194,22.62336116,1
-4.133301859,-5.125213666,19.69423393,-10.31742497,7.142223549,34.63423602,1
-2.777929607,0.803871352,14.69616084,-7.568656096,10.6294616,23.47068124,1
-2.815642751,1.011339112,10.25892149,-5.48015104,12.54359436,15.97193267,1
-1.442740879,3.769789699,5.931750968,-2.397114936,17.46334636,9.815220418,1
0.552061454,3.717605297,0.94057025,0.323773426,10.25561859,8.243085144,2
0.954196521,6.83332825,-2.142663783,1.097262668,9.317669268,5.476404698,2
1.194053646,5.144726079,-5.097685418,1.789598805,7.779669508,3.44019623,2
1.538001069,3.783119194,-8.066952267,2.336526489,6.930395807,1.599635,2
1.551598749,3.931729368,-10.61193948,3.147856947,6.123499023,-1.257063214,3
2.379404682,1.90006192,-13.26045172,4.393137677,5.394466556,-5.587767828,3
2.816054052,1.555849012,-15.4598699,5.788810147,4.367686905,-10.01799525,3
2.727073642,-2.480316982,-17.76097253,7.363329547,2.254901718,-14.42205685,3
1.515868336,-2.857737117,-19.62069774,9.095118077,1.011811369,-20.37372863,3
-1.590389615,-11.47923998,-13.29434195,12.29666328,-9.206280982,-26.1336237,4
-3.820388039,-16.916346,-3.621785421,15.22718967,-12.55577954,-28.42951488,4
-4.228326935,-13.25497567,7.016961735,11.7283071,-9.246929917,-21.70974307,4
-2.871735208,-9.621869436,15.10391391,5.759609477,-4.973824931,-8.565471673,4
-2.6614457,-6.247645294,18.48111915,0.0463818992,-1.608739297,8.234627792,1
-3.848668084,-5.992366467,18.03783701,-6.526223376,2.418420572,23.94097078,1
-4.874654137,-7.665029631,20.05876083,-10.89718977,5.551089615,34.83738693,1
-3.345847008,0.677496508,19.89225055,-8.236838966,8.461927457,28.4970264,1
-3.750407831,4.838522576,13.25308554,-6.90999183,11.91788487,21.80303337,1
-1.699244079,6.675268497,8.779162889,-4.250937427,17.15354795,14.48686473,1
-0.0836165014,4.298588921,3.56286736,-0.878379453,10.32659744,11.64201046,1
-0.162630204,-1.08091497,-1.203060296,0.784494825,8.969278117,9.125419215,2
-0.0437781004,5.580763625,-4.326045689,1.355135715,9.132824233,6.145826363,2
0.478111579,3.788437527,-6.864738698,2.176714622,8.208368861,3.380085635,2
0.945659146,2.617451984,-9.355871388,2.902585361,8.079720044,0.302171127,2
1.216867824,3.551247223,-12.01562674,3.993961057,7.548671456,-3.110806713,3
1.891625842,2.573027576,-14.59063449,5.470259177,6.710959754,-7.544342319,3
1.904056112,-2.434358171,-16.36420245,7.783256837,4.443134213,-12.47452748,3
1.002235941,-5.681257124,-17.82511172,10.47316981,1.720946652,-18.52567274,3
-1.280324153,-7.546531567,-15.63598935,14.20836335,-3.571292575,-25.19018173,3
-4.529383636,-13.11202002,-7.988041469,17.3199039,-14.1044369,-29.82339893,4
-5.894508818,-18.05489836,1.290872363,18.91756802,-14.88149282,-29.94787988,4
-4.892867821,-13.99058457,9.368153679,13.46379949,-10.22317621,-17.33568471,4
-3.504932642,-9.321143436,15.32415267,7.329960017,-7.10542851,-1.496943913,4
-2.958873057,-5.420121901,18.42624913,1.885038288,-4.699285476,14.84296494,1
-4.004542159,-5.201333607,18.10376172,-4.256424921,-0.558338319,30.11907765,1
-3.353436928,1.724131062,18.94667877,-4.258125993,1.952539908,29.82930294,1
-2.500839021,5.37892272,14.853098,-1.974871602,6.142229729,20.214869,1
-1.433044363,6.656462172,9.970030771,-1.091467421,9.53165218,14.23193898,1
1.448242484,10.33038171,5.587162433,0.934960354,16.77140634,7.279536735,1
2.466061622,5.549606896,0.770904414,3.864096527,9.711048054,5.57446181,2
2.853359192,5.251908877,-3.14468939,4.440375247,10.30760936,2.835985188,2
2.955168452,7.674676058,-6.569426669,5.104305577,8.513432103,1.169864475,2
3.209791942,4.65377242,-9.549171981,5.706633167,5.676256213,0.0642170529,2
3.083256632,5.112268007,-11.72099562,6.306006217,4.204460966,-2.515195236,3
3.474579012,3.976291695,-13.65506364,7.174811627,2.90497835,-5.889292051,3
3.728169262,1.515549844,-15.71653552,8.130602037,1.958318368,-9.60996523,3
3.717890452,-0.566933801,-17.48435456,9.496533307,0.678409124,-13.72866031,3
3.139553182,-3.634903111,-18.93641225,11.52803224,-1.56969797,-18.53983937,3
0.699466729,-7.280975449,-15.55039862,15.55416452,-7.998244431,-25.24167236,4
-3.560137427,-8.691924276,-5.872524436,18.02922838,-16.80720051,-29.315724,4
-3.20370217,-13.35334492,3.428102848,16.54832621,-13.76595476,-27.33146313,4
-2.302241386,-7.137920362,12.19971317,10.53007252,-9.79121193,-16.26448807,4
-2.212971506,-3.205188865,17.27051455,3.453749238,-6.120938325,0.839657409,1
-3.392138527,0.168515148,18.49153137,-3.423142941,-2.283806531,17.02744378,1
-4.550167862,-1.624111839,17.15250827,-8.047293459,2.214966355,28.71718276,1
-4.454619518,3.296712721,17.50551621,-9.761199186,4.283030455,28.19532205,1
-4.616127983,8.024327674,12.32409904,-7.43209948,8.362222177,21.14993231,1
-3.073852956,10.86016176,8.365639403,-3.987538463,13.19905459,14.41918225,1
-0.539731345,7.780881343,3.317330302,-0.619711225,7.13917779,11.92344793,2
-0.351128197,3.296723144,-1.198166933,1.170863937,6.93261627,9.376612997,2
0.0313288296,3.474019495,-4.671151486,2.284581535,5.210643628,6.993600813,2
0.534917691,2.179459319,-7.748157036,3.143500604,4.248482386,4.520360197,2
0.910353386,2.113092878,-10.82004192,3.875968297,3.849640865,1.637920082,3
1.061174389,2.710671904,-13.6646155,4.997850027,2.97111952,-2.192329654,3
1.478841208,0.0760272021,-16.29717339,6.580154147,1.808556984,-7.420785896,3
1.057202892,-3.260795903,-18.01477286,8.622707567,-0.0695695475,-13.36484347,3
-0.191814959,-6.3783911,-18.11602887,11.91610343,-4.383454887,-20.68919585,4
-2.775623564,-13.81254005,-12.67292448,15.62888155,-13.17343567,-27.02161891,4
-1.739609824,-17.10048621,-3.047281992,12.18630025,-11.13716637,-21.2816162,4
-0.564912165,-13.05757879,5.391407402,7.156360847,-7.317177344,-8.497016833,4
0.38528958,-9.550076036,11.50448454,1.657672737,-4.508824977,7.35140879,1
0.450091723,-5.318742119,14.63621024,-4.053742335,0.340938611,23.07800011,1
-0.150439874,-7.185266058,13.82733303,-8.740649628,1.781481317,35.28527702,1
-0.493323999,-0.989939417,14.60991034,-8.851250224,3.918993646,37.13921114,1
1.33337239,2.407925748,11.26309079,-6.127403276,9.628230858,26.56806091,1
1.102005457,4.088995855,7.426357975,-5.24634323,12.62132358,19.42744698,1
1.423633393,6.251203981,2.526620154,-2.679208005,9.727309914,14.91685549,2
1.761078212,0.314429862,-2.489238225,-0.561332631,6.826503387,12.71356588,2
2.005028392,3.985996431,-5.179304198,0.288655508,7.165315853,9.451195896,2
2.056269282,1.949305855,-7.794073447,1.241754891,5.542435733,6.801564323,2
2.338619112,1.224390878,-10.25996865,2.245058948,4.492114923,3.636497863,3
2.790838132,0.200963946,-12.95176059,3.626104923,3.197249988,0.0178656829,3
3.435146402,-1.61761745,-15.7588783,5.128835537,1.69959045,-4.411239981,3
3.656037792,-2.641785608,-18.00673827,7.146169857,0.00687532352,-9.583649472,3
2.302396662,-5.225986248,-19.51469028,9.992298787,-3.94541833,-16.92320534,3
-0.494956164,-9.696318086,-15.38123636,13.77817054,-11.27231089,-24.26027258,4
-5.000153611,-10.59288688,-5.02991534,16.0450071,-18.69141657,-28.9684352,4
-5.181776535,-16.16220399,5.714414692,14.32771086,-15.24835208,-26.03969892,4
-3.877850207,-10.6505301,15.65990299,9.337667337,-11.77711911,-15.11444091,4
-3.341784805,-8.199269666,21.05826469,3.874787617,-10.13325598,2.112023739,1
-3.523589382,-6.335259837,22.15636282,-1.967559831,-4.618301869,18.21697376,1
-4.283147001,-8.387433866,19.87044206,-8.550610139,1.902055415,32.55916211,1
-3.262732735,-0.109634906,20.01868569,-9.326253958,6.788432688,32.73091275,1
-3.228153335,3.010878287,13.23320513,-6.930600273,8.045151718,27.43616659,1
-0.648223339,6.572956643,9.020850393,-4.663594829,16.42824148,18.90488473,1
0.935734608,4.952963108,3.489803366,-1.416659688,9.040047361,15.93283479,2
0.608066029,1.056238932,-1.347860147,0.0711525032,8.456908277,13.16073486,2
0.932545863,1.026242621,-4.750004288,1.093546535,7.182073784,10.17224259,2
1.358586936,0.396688988,-7.628161097,1.780660848,6.235608783,7.490569035,2
1.683378562,0.728516976,-10.39692065,2.292407643,6.774320196,4.542905935,3
1.523598791,1.346202205,-12.95363327,3.077304806,6.731086635,1.138947473,3
2.199745672,2.673698665,-15.17302661,4.363934977,6.105548831,-2.824219957,3
2.510504202,0.588830396,-17.11630126,6.376926617,4.903331364,-8.056240991,3
2.092232492,-3.80161117,-18.62162637,9.108230307,2.295227609,-13.6728255,3
0.816063038,-6.617266254,-18.69330779,12.83493284,-1.300897949,-20.54250977,4
-1.759850228,-14.80277654,-13.43266062,16.98161648,-10.38693347,-26.51642401,4
-0.77655652,-18.53587389,-4.406253364,15.3086446,-8.967687676,-22.18568218,4
0.431803198,-13.27994284,4.418437248,10.97943134,-5.818925389,-11.09410421,4
1.536161689,-8.817203276,10.63111829,5.590963397,-2.461405071,3.08708286,1
1.898069592,-5.063729285,14.22700218,0.472840906,-0.827987302,19.12855247,1
0.532219639,-6.430282034,13.63649439,-6.341608643,6.18966936,33.01005531,1
0.441921349,1.920270448,14.93962569,-7.360905444,9.136915743,33.52448324,1
1.146766692,6.168273171,10.69713883,-4.632758255,11.6424413,22.72226052,1
0.90470012,6.457636285,6.806851475,-2.50144415,14.41598697,14.93298749,1
2.730779692,1.345364527,0.93615397,0.590321516,6.444536684,12.44800909,1
2.682120382,-1.912171776,-3.536574179,1.578915482,6.929909591,9.793013941,2
2.777196612,3.050751839,-6.664596992,2.287577729,6.372887264,7.09629332,2
3.151191872,1.266677857,-9.213463225,3.044477133,5.248632384,4.999823542,2
3.365237912,1.37050259,-11.75483666,3.699448462,4.462811849,2.634531097,2
3.742672482,1.813274841,-13.99465882,4.789112287,3.082931227,-0.346664282,3
4.173517242,-0.151004553,-16.14329682,5.942938327,1.876333085,-4.037278494,3
4.316535292,-1.709742871,-17.81578,7.425466947,0.679247462,-8.169098116,3
3.512462532,-4.417704959,-19.54031009,9.523752287,-1.611134168,-13.76194388,3
1.647621511,-4.728101003,-19.32965737,12.25085349,-5.016517586,-20.0744832,3
-1.172171129,-11.13273212,-13.84827055,15.31996285,-13.65650488,-25.43066741,4
-3.700598453,-15.10426795,-4.000076755,16.56851078,-15.7904165,-27.11716959,4
-2.57803961,-9.371394166,4.750486351,11.64864869,-12.16021324,-16.61697901,4
-2.12908082,-5.738798937,11.01655212,6.206181097,-10.90019761,-1.743933886,4
-1.988002832,-2.805630201,15.32942049,1.177148761,-7.046462414,14.16601362,1
-2.697528512,-2.7098692,16.22580214,-4.977335829,-2.331001396,29.48619868,1
-2.727065057,0.531252953,18.46801169,-6.967601216,2.289059951,34.14209588,1
-1.147836768,7.316953876,16.76246114,-4.814415914,5.446045481,25.07886265,1
-0.380718093,8.677432386,11.60309457,-2.923601469,8.552470175,19.31123784,1
2.473781182,10.06457372,6.956948078,0.0446499652,17.34807611,10.99053455,1
2.137869852,4.133846495,1.428146063,1.743295319,14.51339643,8.594836542,2
2.414907152,8.1458457,-2.32311077,2.308138714,15.11271276,5.815189722,2
2.500557992,8.379476293,-5.861437591,3.122807451,13.10156739,4.110579163,2
2.772857582,6.03440013,-9.088938323,3.875000457,10.98095056,2.415617957,2
2.851595632,5.120021121,-11.64636613,4.663655887,10.13734014,-0.402313652,3
3.309160762,4.411203376,-14.07156741,5.915056627,8.653761453,-4.109173074,3
3.672364792,1.561042156,-16.39798592,7.530530677,6.867915508,-8.524401175,3
3.329449552,-2.148133093,-18.2788953,9.691514677,4.65046955,-14.09212841,3
2.171910962,-4.828547561,-18.95006159,13.55955361,0.752989726,-21.01448387,4
-1.520950482,-9.333695006,-9.844590369,17.08188977,-9.89131345,-25.24205028,4
-1.207371119,-13.39106321,0.0285527529,15.30304861,-7.479134695,-22.35127457,4
0.280369344,-7.771216313,8.144802968,10.36772242,-3.308702909,-11.71085184,4
0.843740551,-3.950736571,14.23409136,4.335115977,-0.487137564,1.825531362,1
0.35765169,-0.917414603,16.29056168,-2.280272001,5.041557393,16.91399924,1
-0.512533158,-2.145121192,15.37546941,-8.933860527,10.40501978,29.31694226,1
-2.160033669,4.173576203,16.62995789,-13.15105995,13.72503639,34.10853181,1
-0.835278439,11.80893806,14.45895336,-11.09846826,15.05765472,27.50965227,1
-0.953769374,9.96180585,10.03765391,-8.528328101,15.33543527,20.60576005,1
0.727070225,11.21863882,6.02887252,-5.721693306,17.13144088,15.62009775,2
2.256756912,9.740743325,1.570294114,-3.132054801,12.46312107,13.51109506,2
2.945770202,9.839743704,-1.531089119,-1.768994998,13.06677547,10.57380198,2
3.437934022,7.300753679,-4.364000861,-0.52447839,11.41284326,8.134702842,2
3.775866392,6.891532234,-6.681175761,0.59729175,11.00156071,5.147587474,3
4.301904332,5.272156432,-9.164887654,1.987763277,10.04385636,1.889532829,3
4.683426422,2.515948603,-12.02234795,3.539538937,8.19284142,-1.931269266,3
4.381478512,-0.461659848,-13.97007594,5.759684157,5.831022735,-7.206027244,3
3.376482342,-4.489660541,-15.65142451,8.542100427,2.269942851,-13.97468967,3
1.143494827,-8.657752956,-14.14224686,12.54606577,-4.969857297,-20.67868994,4
-2.217668477,-11.73094769,-5.796819246,15.08981281,-13.73755542,-25.56539093,4
-1.810052743,-8.869601096,3.364768864,11.25019346,-11.92880682,-18.72313478,4
-1.213901065,-6.30530539,10.82920031,6.524584137,-9.96711087,-6.566542507,4
-0.824447762,-3.890571331,16.67567462,1.068517448,-6.687220151,8.302861362,1
-0.320278576,0.0373736491,19.56759184,-5.353076157,-0.825902853,23.89449347,1
-1.802971842,-1.718899979,20.44584096,-11.00791009,3.815379598,34.96976919,1
-0.601300605,5.470091953,19.96504762,-8.322469533,3.436290882,31.3372717,1
-0.689327578,5.801929342,13.84665751,-5.685202476,4.354938293,24.52393198,1
-0.502409316,9.72072727,11.07553989,-4.16784305,10.8320124,16.35112855,1
1.454518668,5.468401593,5.204591285,-1.246239586,4.237806267,14.26903851,2
1.794919782,5.139234179,1.127502568,-0.514083808,5.50113928,10.87112811,2
1.858349502,5.115612409,-2.424373776,0.643269094,4.350192323,8.279554757,2
2.219646552,3.308369404,-5.683416703,1.513180305,3.494713994,5.744448218,2
2.313042612,3.566863922,-8.646835855,2.794353133,2.979046342,2.076496537,3
2.981006782,2.395402583,-11.38702504,4.431700527,1.449895876,-1.995392959,3
3.173846732,0.0445370751,-13.81569946,6.101527287,0.199610117,-6.58399974,3
2.905110342,-3.295202945,-15.80263828,7.961161297,-1.548932,-11.69194285,3
0.767382806,-5.506554321,-14.85383375,11.59962344,-7.563088015,-18.31061122,3
-2.495781643,-10.94309006,-7.497709569,14.26608258,-17.80158045,-23.21489002,4
-3.954063064,-15.07499058,1.888359118,15.44863535,-16.91139909,-23.8962723,4
-3.798479256,-8.512538076,11.326954,11.53101757,-13.44117,-15.50766043,4
-3.109132219,-5.754428414,17.19118971,5.764409067,-10.57883373,-0.322386606,4
-2.845140863,-2.558975109,21.2182925,0.296241468,-6.350146472,15.30676091,1
-3.622542923,-2.499140597,21.33590657,-5.478033894,-2.697767833,30.55267857,1
-4.98163881,-5.560524483,22.3737091,-10.39705919,0.793318366,40.57806733,1
-4.116915492,-0.292525975,18.45735891,-7.340612225,5.093744421,28.99575522,1
-3.352696044,1.805256897,13.97244192,-5.793958176,7.837165308,21.28184258,1
-0.549087667,4.49562885,9.346384633,-1.81231682,13.2525702,14.04381241,1
1.659231962,-0.796865381,3.778746104,0.838709604,6.346796998,11.64106157,2
1.729011992,2.405145578,0.244500918,1.618410785,7.209075373,7.992043849,2
1.723716902,2.663335791,-3.546421447,2.342383117,5.86646839,5.677317849,2
1.811650442,2.001706377,-7.074644398,2.82749356,5.623556265,3.2584803,2
1.887898682,2.502229,-9.929110731,3.623251294,4.889322546,0.2803733,3
2.551752342,0.863638028,-12.20136853,5.160937067,3.449885156,-3.680044848,3
2.887774192,-2.613372086,-14.45533297,6.810109587,2.029158626,-7.924528836,3
2.554712522,-5.639503525,-16.37281349,8.993160727,0.0358388185,-13.08924247,3
1.399432123,-7.880522037,-17.96975611,11.77070023,-2.50769722,-19.13662672,3
-0.685966384,-11.20647682,-16.51726826,15.26793716,-8.32134953,-25.98289066,4
-3.483472831,-13.31056642,-5.954399442,16.2630755,-9.43566881,-28.50615214,4
-3.136002401,-11.50569041,3.824421761,12.00682868,-8.123554499,-21.3542243,4
-1.988112941,-7.214589779,12.06061036,6.504285877,-4.969647449,-9.480325853,4
-1.245761647,-3.473065405,18.6271071,0.646215926,-1.79457524,5.378108482,1
-1.369814264,-0.362063344,22.20111099,-4.379460787,0.657709657,20.6803368,1
-2.387807496,-1.749605252,21.07804445,-9.703793776,5.471617063,33.01440596,1
-3.094152673,3.130712326,22.20465716,-12.20889116,6.941222853,36.98015629,1
-1.604770981,10.06457235,21.24874946,-9.474070639,8.661851532,30.04829065,1
-0.0305600774,8.852049547,15.30805203,-7.896801329,9.536826279,24.72305505,1
1.818659222,12.4485923,9.786404611,-4.491028333,9.947041413,18.60805259,1
2.864516752,7.752437165,4.825901828,-1.547390749,6.569496747,15.6220484,2
2.865761832,5.645375895,0.589189679,-0.387833664,6.215249438,12.37695352,2
2.894741362,5.871427548,-3.049829774,0.747888782,4.841977232,9.75738012,2
3.126476812,4.26382722,-5.991984723,1.554861108,3.522347982,7.09725208,2
3.097752862,4.162094229,-8.764448162,2.431982401,2.406847973,4.285464145,3
3.181167552,4.206061985,-11.36137973,3.409951752,0.835973851,1.333380123,3
3.052522172,2.82211954,-13.90199236,4.620287627,-0.462756582,-2.447737176,3
2.698303902,-2.184098443,-15.50681048,7.045246377,-3.002144189,-8.097162757,3
1.392114075,-6.624978787,-16.36540492,10.18305474,-7.37097586,-14.74274015,3
-0.931226576,-9.417753416,-13.85010938,13.92471834,-13.03390806,-21.45087802,4
-4.879029779,-7.584683806,-4.524329926,15.39076237,-18.7732078,-25.90136627,4
-4.570342879,-12.71307118,4.035356712,13.18955249,-14.81172171,-23.70875076,4
-3.208372472,-8.224155746,11.9190595,7.143106387,-11.13645708,-11.30357003,4
-2.807783354,-5.089940202,17.41642443,1.200233188,-9.77619924,5.385708516,1
-2.892230021,-2.897382628,19.31339531,-3.74428989,-6.811231238,21.27752802,1
-3.397848774,-5.160462444,18.6286706,-8.474688979,-2.173669626,33.7813338,1
-2.075953126,2.484054249,17.90209758,-6.372894301,2.266772235,27.98904741,1
-1.056681936,4.999103448,11.31054344,-4.932456088,2.896481733,23.03430889,1
1.008850489,6.474224186,7.142895721,-2.018690953,12.16909456,14.12302769,1
2.394525652,1.303254663,2.164258221,1.85425546,4.118918792,10.97850554,1
2.376201862,5.290424228,-1.412895278,2.225113667,4.623078779,7.998968451,2
2.306916972,4.755783635,-4.99557976,2.814716387,3.046002891,6.311627223,2
2.612685032,1.765966336,-8.033085579,3.410636997,1.965985281,4.208624654,2
2.655160672,1.773210316,-10.48540692,4.072565527,1.887107186,1.513372827,2
3.011272302,2.05515746,-13.06020058,4.968064647,0.948103624,-1.416685514,3
3.239394742,1.640745835,-15.6571059,6.050138787,0.0861276785,-4.634312123,3
3.390577292,-0.268094424,-17.81324401,7.566914757,-0.996394934,-8.418311625,3
3.196641102,-2.878185558,-19.29306346,9.453832167,-1.977148376,-13.40583998,3
2.444616492,-3.801907381,-20.2886136,12.3190992,-4.50883985,-19.58063061,3
-0.709192492,-11.93626432,-15.34431812,14.36005571,-12.88981632,-23.64922051,4
-2.87635782,-13.09330828,-7.354751155,14.43032757,-11.82369931,-24.30431289,4
-3.412812242,-10.46612483,0.51947659,10.6738766,-10.0272953,-17.6117101,4
-3.036166146,-8.021406186,7.578069022,6.092579557,-8.399502044,-6.273527681,4
-2.561851758,-5.893801233,12.6169661,1.135514856,-3.56466007,8.603621793,1
-3.119775246,-4.814676468,14.6028843,-4.111758709,0.616660482,23.00891222,1
-3.190863816,-1.806568095,16.89512157,-8.856977066,5.320984946,29.36155046,1
-2.506802405,4.050007122,15.39280391,-6.348824114,6.253524898,22.97237811,1
-1.907012673,2.026533871,11.89468024,-2.040486031,11.05478882,11.65710122,1
-1.100899296,9.794226552,7.781886678,0.227534155,10.90970603,6.753354886,1
-1.204580734,8.637550704,3.010000892,1.772711955,9.380810163,4.035978371,2
-1.604999061,11.72602088,-0.893415114,2.597900642,8.619520513,1.519852953,2
-1.172202255,9.783952438,-4.436904228,2.862229921,7.322178357,-0.0600853621,2
-0.81526604,9.727651174,-7.313093414,3.102893092,5.882800931,-1.669286738,2
-0.569484711,9.666571366,-10.09640472,3.752074477,5.181856547,-4.179550781,3
-0.129598397,8.569367056,-12.85745658,4.784171247,4.072557851,-7.523273858,3
-0.0829322604,5.85479705,-14.85413024,7.114020587,2.484632865,-13.17704027,3
-0.792309628,1.480637097,-15.58236341,10.75846129,-2.005475802,-20.08148575,3
-3.160196414,-4.733652403,-11.83555387,14.64048405,-10.87676054,-26.14899287,4
-6.754268137,-5.813240495,-2.382146869,17.21625885,-18.46168911,-28.71061424,4
-6.21471693,-11.68032146,6.136919096,14.51920216,-14.75691595,-24.48140053,4
-5.060105422,-7.588951402,12.49849013,9.165521057,-10.75789056,-10.42205544,4
-4.834997175,-5.467646017,16.90958666,4.433574867,-8.925076899,5.763791414,1
-5.30453407,-5.253214286,18.32496804,-0.193454417,-5.917669551,21.51129015,1
-5.441008583,-7.987278296,17.27792414,-5.246918185,-1.690943343,33.45697807,1
-5.281005626,-0.286377396,17.52789626,-6.020089162,4.4351815,32.14324261,1
-4.416163791,4.581131043,14.74609583,-3.896801698,7.441021351,22.97271789,1
-3.967241454,4.418507116,10.66472349,-2.159108372,6.724560355,16.65526834,1
-1.237865845,6.277134035,6.545578505,1.586882527,11.26866026,9.610662365,2
0.584652551,2.070186691,1.344065113,3.691264891,5.966269406,7.712594902,2
0.814792563,6.177299023,-1.807658073,4.024979227,6.471851986,5.148337997,2
1.188398516,4.63223828,-4.564946201,4.562471597,5.889020117,2.953183988,2
1.733879782,4.300884169,-7.376671613,4.961159557,5.761365543,0.840842301,3
1.909565242,4.465456224,-9.926862537,5.707413717,4.887029648,-1.734990642,3
2.510913562,3.19376953,-12.59166394,6.988712427,3.649900622,-5.368994989,3
2.797440122,1.696917608,-14.68312785,8.480642837,2.591164808,-9.746906921,3
2.472743102,-2.18948682,-16.31706036,10.35178281,0.581124271,-14.72592092,3
1.287036466,-4.474315038,-17.00816521,12.97331842,-2.564652953,-21.09143368,4
-2.491763813,-7.615723095,-7.995343569,15.63776444,-11.92753074,-24.73284504,4
-3.013023772,-11.54304292,0.695946498,15.11026537,-9.242714841,-23.12592485,4
-2.833768925,-4.620945647,9.524235472,10.92559435,-5.163102664,-14.19439958,4
-2.160538245,-0.771613421,15.60617016,5.292775447,-3.106433849,-0.58225711,1
-2.515607737,0.800056611,17.42728104,-0.921534042,1.705672413,14.95304376,1
-3.689476334,-0.88616486,16.35026676,-8.1006828,6.290420537,28.45024181,1
-4.045836777,5.094269259,18.35638538,-10.69177128,9.691056774,33.22474478,1
-2.797983467,10.71565123,16.23093554,-8.861874414,11.85850858,27.22828926,1
-2.287518405,12.51796205,12.71947256,-7.3125407,14.92892493,19.83408863,1
-0.180099712,15.26737454,8.553974994,-4.609397294,17.87096996,14.11436758,1
0.744552434,11.58873853,3.787454043,-1.609376272,10.85823479,12.16349554,2
1.492776815,7.261984549,-0.147205893,-0.676254964,12.44156884,8.899187822,2
1.596242223,6.569184841,-3.419894782,0.391321471,10.70317044,6.442949878,2
1.993975062,5.398458523,-6.241596114,1.320848889,9.606940231,3.846116507,2
2.188490012,5.351006293,-9.030591366,2.204264656,7.918977507,1.416360988,3
2.245171472,5.968254958,-11.75175694,3.368422734,6.664760093,-1.515328764,3
2.728806302,4.263453679,-14.41149564,4.734447577,5.5885583,-5.25751133,3
2.655440192,1.161147848,-16.35666542,6.809247337,4.17760685,-10.99421663,3
1.56910122,-2.641201905,-16.79137537,10.45217171,0.509097802,-17.68811221,3
-1.15021199,-9.519458496,-12.42394855,15.02965451,-7.717756514,-23.6054674,4
-4.390357629,-12.99650178,-2.365493776,17.88457309,-14.93366129,-25.20466498,4
-2.995401528,-6.297669722,6.174343039,11.92038849,-9.42953599,-15.81146964,4
-2.187968254,-1.608522168,12.18777068,4.546920407,-7.094607881,-2.702016544,4
-1.707283617,1.984090682,16.23116945,-1.925794729,-5.166006474,12.4442851,1
-2.083914588,2.646692702,17.00824542,-8.100292071,-0.0300720005,27.72556343,1
-2.68338459,3.458381548,19.31524701,-10.31241979,-0.633159425,36.81593195,1
-1.722914744,5.551376701,19.48622511,-8.224594929,0.327405445,32.78607998,1
-2.171047048,6.621490057,15.01429421,-5.376142962,3.051819195,23.36210738,1
-1.146081552,8.750449183,11.744959,-4.356238462,5.955993423,15.61512086,1
0.126072215,2.812889739,5.819997613,-1.114412341,0.398465818,12.8796,2
-0.0773583954,-1.395018517,0.773507627,-0.0600332868,1.546677442,9.776790449,2
0.0702148286,3.583410098,-2.885458979,0.764272051,0.462447564,7.226660719,2
0.367622846,2.598626165,-5.961001379,1.558753535,-0.672390542,5.059615309,2
0.486722642,1.926308456,-8.633160656,2.40929603,-1.350386117,2.158955422,3
0.747080158,3.425150545,-11.29327718,3.523846219,-1.868509002,-1.315798873,3
1.278079725,1.964892114,-14.12094892,4.782894797,-2.308693151,-5.406247794,3
1.566389457,0.203331703,-16.4640207,6.490952107,-3.431501572,-9.929752611,3
0.840034751,-3.002701952,-18.02323622,9.482556457,-6.472502327,-17.06150462,3
-1.500510711,-8.313166376,-14.95843788,13.27379906,-12.97375633,-24.05379517,4
-5.6382455,-9.518334476,-4.721566246,15.71702016,-20.29947552,-27.55847216,4
-4.947834599,-13.76335745,5.154316198,13.17965833,-16.65188191,-23.88756203,4
-3.759473352,-9.740022266,12.69347222,6.963983137,-12.67998807,-9.335403549,4
-3.192371757,-6.728648097,17.82600515,1.074991569,-10.70067952,7.393128872,1
-3.284562671,-3.098730117,19.79465829,-5.096187315,-5.032554713,23.15425695,1
-4.551420245,-4.535594676,18.34844445,-11.96679255,1.622557223,36.24169819,1
-3.199622477,3.354342816,17.69624304,-9.748909385,4.588489921,28.30290704,1
-3.058386519,4.679250942,11.49509026,-6.947249576,3.944988487,24.10259533,1
-0.588353419,6.376857793,7.651200604,-4.514750715,10.22871156,16.81503285,1
0.53175757,6.399321439,2.273895184,-1.972396763,6.988297775,13.78383577,2
1.167175913,5.3841952,-1.431095544,-1.065311846,8.886165731,10.65046891,2
1.493004973,6.435887152,-4.183593845,0.23074631,7.708057838,7.64708818,2
1.847788442,5.00313464,-6.979417044,1.19009935,6.492904147,5.210775674,2
2.160102532,5.142848889,-9.624016237,1.908180576,6.380075093,2.662372834,3
2.506224542,5.341019088,-12.26532083,3.132344802,6.238828894,-1.170498052,3
3.205818542,4.330221043,-14.929374,4.603642977,5.153104094,-5.245074687,3
3.755061232,2.332711477,-17.30276373,6.092899027,4.020842035,-9.711023909,3
3.464379922,-1.249378842,-19.4660049,7.864184517,1.708113886,-14.57217135,3
1.343389082,-4.935523103,-17.4799977,11.68678077,-4.890618417,-21.04256457,4
-1.974163758,-9.940842186,-8.84971667,14.6426086,-14.23567991,-25.89117134,4
-1.796481212,-13.36313284,0.470394647,14.21715123,-11.38916966,-24.01313736,4
-1.254360572,-6.013092682,10.35297233,11.01151743,-8.024644274,-15.64125564,4
-0.307453284,-4.482146943,16.97898606,6.214026767,-6.086654276,1.61950684,1
-0.454347372,-2.379326486,20.63595094,0.821888722,-0.933498456,17.75652177,1
-0.687045474,-4.566858732,19.92770722,-7.182542922,5.756744705,30.2004772,1
-0.882242218,3.028581072,19.03659195,-7.257492073,9.299413823,27.21475003,1
-2.430670617,3.667885899,13.88463877,-5.340243525,6.884427468,21.61354385,1
-0.227008677,6.346764831,9.434171067,-2.132702238,13.03886899,14.19298601,1
0.35797073,4.595465945,3.511633398,0.467657038,8.197408405,11.6464129,2
0.902382014,2.868280242,-1.093503111,1.717060007,8.264181665,9.38831853,2
1.289657038,1.924590484,-4.995501282,2.734619909,6.644266609,6.754204759,2
1.464460918,0.992171618,-7.771745185,3.508111898,5.869905778,3.576823738,2
1.610002945,1.577293964,-10.47850605,4.284393807,4.716308916,0.477656769,3
1.735142062,1.250617657,-13.2216354,5.204845047,3.183330601,-2.611966497,3
1.687724622,1.054981226,-15.74792928,6.247165227,2.663596742,-7.037745544,3
1.643394252,-0.496838467,-17.99600538,7.877773827,0.76953999,-12.03319811,3
0.729238636,-4.578676593,-19.4828011,9.976911127,-2.956734829,-18.80647646,3
-1.48885789,-6.61159776,-17.19817388,13.00332876,-8.155537285,-26.09345388,4
-5.087432586,-7.723895861,-7.949464463,14.47025115,-14.75633167,-31.23460514,4
-4.506394296,-6.901133572,1.886724801,9.552884047,-11.40455142,-24.24975717,4
-3.029377919,-4.115809427,10.31413395,4.217553847,-8.411056943,-10.60881779,4
-2.781506418,-2.521126808,16.7007807,-1.283024064,-8.601127663,6.324312019,1
-2.594972573,-0.451106206,19.40082526,-6.429465081,-4.379504496,22.15502453,1
-3.228722501,-4.583605409,22.08204457,-11.94815979,1.756750697,31.75359302,1
-0.748096525,9.102532549,21.96808778,-9.42750601,6.427083673,21.04282077,1
-1.754908814,8.496534933,17.71356348,-6.210166876,6.417880881,13.20642408,1
0.170809986,12.00943152,14.03603648,-3.256430813,13.08301062,6.381881883,1
0.337492496,9.288952639,8.503325259,-1.52168528,11.24473715,4.154599448,2
0.721311046,10.94175526,4.265119396,-0.729873588,10.85880346,1.744496834,2
0.850166822,9.359696522,0.0634264029,0.330266124,8.338817408,0.387358435,2
1.285544756,7.972526891,-3.39433888,0.98362667,7.854478791,-1.459589654,2
1.661285332,6.776498973,-6.491885374,2.269473324,6.996857756,-4.508026724,3
2.399993822,5.636979125,-9.418564418,3.801915077,5.964600132,-8.311175451,3
2.652515182,3.299584306,-12.3245777,5.448668497,4.390089286,-12.5089634,3
2.499676032,0.430897036,-14.87053076,7.095003067,2.506316903,-16.99324481,3
0.963528778,-0.272152533,-16.86727512,9.239638247,-0.762811561,-23.11478449,3
-1.46552293,-5.093808495,-13.29211903,12.30859166,-8.186139782,-29.0752116,4
-4.803356392,-7.802487702,-3.494537476,15.08088586,-12.34661514,-32.27085486,4
-4.213990556,-11.8040751,6.287552532,12.65149754,-11.70378968,-26.71809624,4
-2.678524842,-8.062276036,14.18059347,7.619087347,-8.367955057,-10.84320947,4
-1.739729717,-5.113936535,18.93368326,3.847120727,-7.064755305,6.105180216,1
-3.005337751,-4.94985156,20.06082531,-1.52503232,-2.043622949,21.95015912,1
-3.945163796,-8.258982356,19.82662869,-8.660420477,5.34921306,35.29232255,1
-3.722110732,1.665476173,15.4060485,-6.367223265,10.02110011,26.1477476,1
-3.791237656,-1.176296708,11.3939659,-3.849303601,7.729002213,19.0235703,1
-1.580456814,0.76544001,6.830973308,-1.809228794,15.79292815,11.24561953,1
1.086909779,1.910209323,1.938705072,0.461616976,8.767960658,9.489462233,1
1.576910218,2.677955813,-1.444950044,1.085067703,9.123427314,6.726574064,2
1.660990442,1.282734149,-4.668913168,1.990290977,7.739634545,4.138594372,2
1.961127292,0.68565568,-7.418238896,2.660250037,6.406196021,1.534328544,2
2.086751902,-0.137791161,-9.950822455,3.168376091,5.944364391,-1.098574173,2
2.411323962,0.409634467,-12.24451517,4.177379297,6.055995603,-5.039252553,3
2.837451262,-0.832942972,-15.00678042,5.525010367,4.964789324,-9.191769518,3
2.956687482,-1.968298057,-17.35824269,6.971666257,4.007209998,-13.75740692,3
2.591820472,-5.258950511,-19.26157198,8.789055047,1.715237567,-18.54883306,3
1.217063939,-5.797700027,-20.19807759,11.17059745,-0.550204137,-25.00868172,3
-1.998883998,-11.810334,-12.50842532,13.7661436,-10.89906088,-29.90455154,4
-3.903767807,-15.80282353,-2.535367835,15.23853786,-10.65644775,-30.9371903,4
-3.484230939,-9.185038786,7.64819905,11.10859736,-6.936300856,-23.00909027,4
-2.290325198,-5.760774693,14.83674157,5.620326377,-3.881047296,-9.751913751,4
-1.857117583,-2.12780749,18.11461508,0.329425584,-0.0581148175,7.125428039,1
-2.880141537,-1.473671954,18.24405332,-5.718211336,4.826237603,22.90398455,1
-4.122167958,-3.931762573,17.65974296,-11.13519343,8.212923068,35.76483065,1
-2.669669611,3.294007574,17.42739144,-9.400107569,11.86539576,31.27888888,1
-2.025003873,5.706654899,12.87343235,-6.963882919,13.36925169,24.18573135,1
-0.38767127,6.910703556,8.197232347,-4.125982984,19.65284709,15.80199137,1
1.517083305,4.524656641,2.987530483,-1.427641971,15.68017023,12.5680299,1
1.404389539,0.373688349,-1.428015961,0.201949539,13.80046413,10.10489646,2
1.709311242,5.306008824,-4.276578892,0.947110532,14.09701145,7.038190405,2
2.051005692,3.398453368,-7.319668117,1.92489368,12.80913367,4.268493946,2
2.329724562,2.778371704,-9.910326404,2.95624154,11.64930888,1.348310488,2
2.627053872,2.394858562,-12.4952414,4.320788887,10.62658498,-2.054792641,3
3.165299422,1.563946914,-14.96948549,5.768855277,9.438979968,-6.015670306,3
3.394818272,-2.476223225,-17.04621422,7.794192187,6.825165823,-10.43492748,3
3.041660262,-6.054679305,-19.08956386,9.941984367,3.770077555,-15.18387738,3
1.578509347,-6.928060341,-20.13660898,12.87282491,0.0466406815,-21.53894677,3
-0.710276108,-12.33860863,-16.82941644,16.67928196,-7.787510827,-27.3357334,4
-4.365500186,-14.48273726,-7.510837355,19.48839439,-16.24361798,-31.04943881,4
-3.974017146,-7.514291609,2.935061862,15.07879029,-13.00362545,-22.51252073,4
-2.908660117,-4.00856196,10.5178694,8.631688627,-8.460115249,-9.301580704,4
-2.422281983,-0.126579479,15.13589534,2.193544816,-4.051473956,6.504851358,1
-2.516428529,1.918179628,16.77602659,-3.754420143,-0.516462626,22.32381,1
-2.753457355,0.461657261,19.50941864,-6.130272947,1.201927775,31.02576418,1
-1.723357076,5.764256561,19.03346259,-3.646157834,2.907288171,25.02743348,1
-1.047416323,5.846471315,13.62292964,-2.033064239,8.241317253,18.68399845,1
-0.0811994144,13.33864806,10.94287026,-0.820032749,14.09631981,11.62552957,1
0.857875536,10.54057235,5.468982609,1.480786257,8.140946668,9.829737386,2
1.116421194,8.295701931,1.397529362,2.089045471,8.155268115,7.033271663,2
1.451018356,9.60587091,-2.111328796,2.845459106,6.404856397,4.797357005,2
1.492630716,7.333936602,-5.4225414,3.487061953,4.109772449,3.134673033,2
1.783363562,6.927521865,-7.814845459,4.256767017,3.840164224,-0.00971718309,3
2.069572942,6.044403877,-10.54363558,5.429853087,2.959776321,-3.590144426,3
2.312810342,4.972414685,-13.6317086,6.679054907,2.154090026,-7.677561943,3
2.461732512,4.274200144,-16.40300285,8.304394137,0.99256545,-12.2151207,3
1.708876392,0.94618714,-18.17182691,10.99465157,-2.68018062,-18.39491313,3
-0.710586024,-4.93280069,-14.92301111,15.13498202,-10.63880157,-24.80915161,4
-4.71100016,-6.9516076,-5.026702267,17.58418893,-17.92083412,-28.89646099,4
-4.261260844,-10.47661939,4.055442402,14.29296069,-14.36054804,-24.45795585,4
-3.005342995,-6.685145948,11.8429668,7.575651437,-9.57720139,-11.361262,4
-2.521611099,-3.61188663,17.56482945,1.591703418,-8.938842609,5.516546932,1
-2.406635114,-0.701456396,19.8817887,-3.225817453,-4.684305274,21.39984831,1
-4.587466198,-1.145017229,19.16055592,-9.059377927,-0.0987886705,36.24908059,1
-4.503397327,-1.858220334,21.95924236,-12.77915085,4.67943331,43.68780717,1
-4.755607469,0.44828742,15.52674417,-10.519804,4.598738734,37.1502336,1
-2.989675025,4.849243489,11.50034661,-8.380727946,13.58320372,27.01298297,1
-1.753957834,2.529357577,5.596774263,-5.311011286,7.236553477,23.93625504,2
-1.507661814,0.159836933,0.610513941,-4.150805866,7.636586825,20.63862875,2
-1.011663316,-0.515631386,-2.863994216,-2.721421124,6.39976081,16.94474407,2
-0.415832757,-1.956256957,-5.874375541,-1.588744487,6.215013032,12.92311572,2
-0.0952250094,-1.528363502,-8.904338631,-0.410103824,5.277366829,8.967610218,3
0.351037925,-0.969381975,-11.71766699,1.071782032,4.799619715,4.083492175,3
0.622712608,-3.302848369,-14.48840357,3.00505697,3.106742148,-1.454701848,3
0.438605998,-6.747021438,-16.83238779,5.035488367,1.373079531,-7.253714786,3
-0.479565976,-8.099352286,-18.53004373,7.395666217,-1.153705026,-14.2080206,3
-2.549425533,-11.35542931,-15.85792662,10.97756384,-8.46615113,-21.0120657,4
-6.180280752,-13.40412458,-6.342321952,13.38252478,-15.40584124,-25.2174378,4
-5.675614989,-6.418977671,3.821866018,9.473256237,-12.45135947,-16.60572186,4
-4.607758622,-3.164364868,11.31713659,4.798264537,-10.03791394,-3.148523233,4
-4.125501037,-1.545198518,16.18562048,0.92731987,-6.974944245,12.83151056,1
-3.837559792,0.562116276,18.057917,-3.805720318,-1.578685943,28.23857733,1
-4.150503419,-2.466110073,19.10647452,-8.448176822,1.808250924,39.30571316,1
-2.589865366,3.047960705,18.43621462,-6.514504497,5.40284412,34.79289439,1
-2.456041287,4.928263975,11.75226941,-5.079251326,6.416481434,30.20979388,1
-0.954559125,10.4144222,8.740505804,-3.427494964,11.90848419,22.25094267,1
1.114755492,4.511085619,3.138800116,0.0280474522,2.054850056,19.89154181,2
1.160875277,1.035030049,-1.273680271,0.63800211,4.743292592,16.01483089,2
1.350023852,6.778627665,-4.901687722,1.318514771,4.263063034,12.84449872,2
1.516427253,5.296242523,-8.295483592,2.207546258,3.024833583,10.27346234,2
1.624313384,6.225013869,-11.05556705,3.072970761,3.066761505,6.455690935,3
2.069392502,7.480251816,-13.89672789,4.393659057,1.990359476,2.248205954,3
2.791465622,4.565883321,-16.49778302,5.688466397,1.093807592,-2.709560703,3
3.026944522,2.819761944,-18.37467873,7.595357307,-0.297704815,-8.055838187,3
2.466768622,-1.525684404,-19.85668946,9.941365577,-3.158278838,-13.92775548,3
0.235886139,-8.294274966,-16.0739957,14.30524141,-11.09570771,-20.78779662,4
-3.619021138,-11.25652647,-5.399418152,17.03446883,-17.0948061,-23.84994934,4
-2.896654089,-14.31202535,4.054685634,14.34179685,-14.41282882,-18.81463103,4
-1.945147957,-9.544667746,12.41247707,9.234607217,-9.8967829,-7.952456635,4
-1.631767072,-6.644359627,16.78844357,3.396470703,-6.605576255,8.004560408,1
-1.989969332,-4.429082321,18.04183863,-2.385430699,-2.917196563,23.72588174,1
-3.263624288,-6.922751177,16.50609145,-7.727327941,-0.296456909,37.88326411,1
-3.699863538,-3.187312373,18.59345903,-10.96807545,1.503971046,42.99184858,1
-2.416916704,4.689848834,15.52075543,-8.347316464,5.83760351,32.59200364,1
0.138013908,8.916486183,12.42060657,-6.737605301,12.11533193,24.5932963,1
0.996755342,5.024973989,6.996046802,-3.542901363,6.6540078,20.45965541,2
1.028702392,-0.412251409,1.969351955,-1.5580407,6.050376131,17.26022026,2
1.061053083,4.894592217,-1.25635927,-0.791180914,6.568861112,13.42418583,2
1.362995448,3.158859665,-4.284977594,0.333548216,4.731989647,10.33757883,2
1.39593401,3.219961749,-7.238609767,1.181900295,3.488066388,7.533382483,3
1.45504034,3.400268766,-10.22098207,2.344073212,2.372314727,3.776779229,3
1.913126662,2.405056355,-12.94163758,3.445981696,1.954555213,-0.636773754,3
1.794020332,-0.497780618,-14.95617586,4.997195287,0.364946813,-5.953092121,3
0.812440505,-2.822213796,-17.09983291,7.050418727,-2.797055386,-12.1889013,3
-1.603297789,-7.044226353,-14.95395557,10.64982634,-8.019664684,-19.58285854,4
-5.09359078,-8.816792176,-6.224876559,13.02893735,-15.2268415,-24.91343174,4
-4.812161611,-2.837111469,4.205349887,8.954934197,-12.84628384,-17.13858821,4
-3.860621007,-0.323325972,11.95529918,3.825426027,-9.41719328,-4.603352309,4
-3.093219183,2.048159947,18.04684791,-1.828436665,-8.637259848,11.59060621,1
-3.128287055,4.919909933,20.47199996,-6.719328568,-3.226158484,27.07846102,1
-3.519196437,2.028185805,21.31421679,-10.36892445,0.472678324,36.81246882,1
-1.953465498,8.041904265,20.70287946,-7.824425593,4.729407683,29.3709731,1
-2.658285827,10.95457679,13.41687951,-6.214980839,4.80192176,25.18953939,1
-1.107873916,13.512716,10.03597253,-4.844428096,10.05333214,17.49394938,1
0.489617921,10.02629832,4.807888915,-2.173322412,3.243090548,15.37123291,2
0.832736739,6.385391221,0.442709379,-1.157292261,3.734235145,12.17127608,2
1.204677746,8.46912331,-2.934943972,-0.0534312408,2.822497353,8.81953837,2
1.322429256,6.519051989,-5.892525751,0.955715381,1.573249896,5.784857124,2
1.379863882,6.859587041,-8.716664573,1.751640857,1.347583747,2.636312002,3
1.620817201,7.026953409,-11.62913474,3.00536798,0.750669329,-1.350827702,3
2.292621582,5.768806627,-14.67534615,4.485429577,-0.167991573,-6.055407468,3
2.478124212,2.726448356,-16.99623211,6.337526157,-1.634314494,-11.2221027,3
1.34223449,-0.0383668559,-18.1284012,9.119575407,-5.095806599,-18.30995047,3
-1.424893628,-6.019155713,-13.51299589,12.85646684,-12.07312602,-25.36699337,4
-5.228301634,-7.57483914,-2.896868327,14.75962047,-15.56976703,-29.87048352,4
-3.905451757,-10.50495276,5.905054247,10.34048452,-11.76667104,-24.69105932,4
-2.59769605,-5.365066434,13.15194846,4.107492287,-9.38538395,-9.465708105,4
-2.525947039,-2.066812229,17.36602677,-1.119686078,-7.183467128,7.393000502,1
-2.53585852,-0.623905963,18.48645132,-6.521636827,-1.710551535,23.15413694,1
-3.720329635,-4.724293556,17.48204166,-11.759156,1.369065714,37.18880314,1
-1.880237061,3.565855915,16.14516226,-9.294020516,4.876519346,27.75883345,1
-0.772379905,6.316942534,10.55560443,-7.749831551,6.661036663,22.50119137,1
1.17828243,8.297842556,5.699995608,-4.396840266,13.44742663,14.6369039,1
3.069997152,5.687873367,0.488961488,-1.531853703,5.952292527,12.60333544,2
3.155715572,8.810924225,-3.144029398,-0.955943547,6.587431753,9.146976244,2
3.006375472,8.400241934,-6.277740297,0.147226467,5.21327408,6.240485745,2
3.016266352,6.462602363,-9.066369234,1.019629798,3.841656357,3.617097203,2
2.987266982,5.803964373,-11.65606212,1.858581189,3.159853459,0.678724332,3
3.340135202,6.394703812,-14.35779374,3.233992744,2.748439715,-3.625022862,3
3.701322672,4.877709067,-17.10814221,4.859605747,1.549710614,-8.368304267,3
3.586000032,0.591996882,-19.00242211,6.737012447,0.314781536,-13.71174912,3
2.673025972,-2.778914705,-20.51608311,9.573023037,-3.368475569,-19.89692282,4
0.333844546,-5.827051184,-18.04050529,13.56947567,-9.67693388,-26.54268988,4
-0.815925599,-13.22556909,-7.560261557,14.98761861,-9.38424621,-26.47942071,4
-0.931702841,-8.520997026,2.516326351,10.87699422,-6.945971702,-18.12280738,4
0.276326736,-5.544282994,9.952548431,5.604967247,-3.947209648,-4.160038463,1
1.223914387,-2.511522643,14.92080022,0.241554004,-2.593562482,12.35324894,1
1.353327851,1.390715515,15.97938531,-5.854502997,2.828387175,27.79145254,1
0.20324691,3.065987967,19.12972048,-9.791370622,8.494385176,36.27055744,1
0.541664521,9.028035754,19.08975641,-7.885983135,10.43725171,30.93163018,1
0.380715873,8.923096857,12.65085532,-5.786752874,9.533670924,25.37603202,1
0.593833985,11.95125354,9.542343708,-3.927009262,12.82001559,17.59131123,2
2.148586182,6.555830213,4.168576862,-0.897902148,5.402981465,14.9258143,2
2.676755422,4.427828672,-0.146040098,-0.239585242,7.493963791,10.89456236,2
2.563067982,7.707419496,-3.869316659,0.729030011,6.678191884,7.79979092,2
2.948023672,6.032939212,-7.224029237,1.653459179,5.395479602,5.054520194,3
2.981085012,6.486581913,-10.25751804,2.483928192,4.197270644,1.981835255,3
3.293129152,7.020462471,-13.55545007,3.666635206,3.222108051,-1.920972034,3
3.328557962,6.068708786,-16.40472476,5.202986627,2.260762069,-7.032487632,3
2.958852142,2.578168898,-18.34579348,7.226917617,0.906524889,-13.2010039,3
0.94378895,-1.570251275,-16.06515473,10.95788557,-6.648829243,-20.47691498,4
-2.856871264,-3.130468033,-5.38320548,13.5628098,-13.85137584,-23.53794906,4
-2.441416731,-6.989188542,4.031596481,10.44000949,-11.45307837,-17.12720117,4
-1.192219607,-4.038192522,12.10478882,6.396472227,-6.347910277,-5.089411984,4
-0.777355766,-1.629992631,15.48403121,2.077260762,-3.423350595,11.48438151,1
-1.630271313,-2.072706531,15.53091498,-4.337487251,1.544492129,26.97915199,1
-1.926482782,-2.439907607,19.00648383,-8.56882084,5.123474567,35.24888061,1
-0.69938578,7.044113445,18.99739143,-6.018830003,9.342161676,28.19031625,1
-0.369258244,7.453779526,14.98296214,-4.452927945,9.509743725,20.69474064,1
1.691256462,8.795416009,10.37307216,-1.133281362,13.95049933,13.93153727,1
4.017967612,4.094208943,4.773361377,1.544565893,5.454534321,12.45649107,2
4.242638162,-0.0793993579,0.320526055,2.210264253,5.645739227,9.874456104,2
4.004653482,-0.97324063,-2.903141273,2.871365895,4.262854204,7.418302419,2
4.057337372,-1.655903855,-5.884648577,3.205311592,4.051328355,4.965095675,2
3.775785542,-1.56942972,-8.485286112,3.848818517,3.47458752,1.667761352,3
4.003805532,-0.822503507,-11.10237912,4.882564137,3.59849659,-2.587624153,3
4.093797532,-2.689191849,-13.38070534,6.574198447,1.868581497,-7.448115074,3
3.289821462,-6.263220186,-15.24893931,8.485512687,-0.877223524,-12.77745898,3
1.639647575,-7.491083024,-15.86355191,10.77307143,-4.431218773,-19.64881092,4
-1.112570703,-12.66480393,-11.38665702,14.200651,-11.34551068,-26.44484155,4
-1.137509539,-17.38993533,-2.452723282,12.9342358,-6.797198539,-25.79785674,4
-0.724717436,-9.674418836,7.37975616,7.605759867,-2.917529504,-16.49766907,4
0.681433017,-4.043717941,14.51077292,0.646309129,-0.787016377,-1.409867514,1
1.039879374,0.466898817,19.20561045,-5.271953208,0.46271364,14.92437231,1
-0.791142752,-0.534531021,18.60489231,-11.86438457,6.412366948,30.19518505,1
-0.144103892,0.533939282,20.22382002,-12.39746577,5.419652227,33.26066729,1
1.46266478,5.507484113,16.0441118,-9.364762675,11.06595969,21.07938128,1
0.32781729,8.768938934,11.47441174,-6.381482982,15.92743649,12.59339724,1
1.782169112,0.978458098,4.940718625,-2.767896309,7.955932207,10.59154169,2
1.527047399,-1.691927174,0.481457998,-1.531362753,7.68775258,7.820978546,2
1.765372332,0.954924901,-3.287141652,-0.708621989,7.005395595,5.250162119,2
1.808870682,0.150207003,-6.605747148,0.274138233,4.354812721,3.381668241,2
1.924539612,0.0381328191,-9.368054418,1.397559284,2.955141202,0.447198552,3
2.153377422,-0.65573744,-11.69720424,2.674835299,1.762326482,-3.008997144,3
2.274929742,-1.773820433,-13.8747167,4.034854917,0.603458897,-6.707579855,3
1.921168742,-4.268001137,-15.92784871,5.886980177,-0.980640595,-11.15679334,3
0.989922259,-5.047595994,-16.58915856,9.445903427,-5.329585434,-17.45267431,3
-1.52280416,-10.19959733,-12.78623986,13.25592357,-12.07611474,-23.17922476,4
-5.051616882,-13.22059198,-4.293158903,15.32926952,-17.30506952,-27.0145246,4
-4.719772914,-15.21193239,3.281411945,12.82360904,-15.11951962,-21.91772051,4
-4.202903936,-10.95421804,9.107175486,6.660419767,-11.11228509,-8.965048237,4
-4.159766243,-7.1654269,12.848468,0.653604047,-8.545116779,6.954578021,1
-4.630050117,-6.851886783,14.20737345,-5.044099328,-5.005142989,22.74425758,1
-5.572382388,-7.38577388,16.50300838,-10.54569876,1.417713037,33.44986714,1
-4.231601769,0.894861473,15.78667484,-8.755114146,5.298502197,25.3386849,1
-3.424152979,1.249887358,10.00488591,-5.579563704,2.763515544,20.30168615,1
-1.616753785,-0.76612672,7.011516812,-3.846557795,4.614569345,14.17651,1
-0.623404742,1.307851942,2.719435461,-0.54652022,5.657671595,9.358085756,2
0.524816915,0.249685731,-2.023370409,1.769771242,2.772469381,6.738854605,2
0.872101302,1.529857398,-5.922448168,2.431735313,2.369884678,4.669132514,2
1.381550427,1.86639085,-9.013356522,3.087855669,1.853935706,2.818101163,2
1.820579392,2.150218838,-11.60352052,3.813515267,1.266772328,0.425471404,3
2.164467212,1.992375465,-14.02406065,4.979696087,0.221627065,-2.571844115,3
2.699549822,-0.0863821389,-16.82395203,6.319299767,-0.811105888,-6.506510156,3
2.564510152,-1.037386625,-18.89518291,8.190087857,-1.697130763,-11.75907237,3
1.911257722,-4.289800923,-19.97773149,11.09690007,-4.206819416,-18.36244281,3
0.0259887586,-7.802339602,-18.11338083,15.02344757,-9.41910688,-25.13344288,4
-3.449181464,-14.15832011,-9.616704208,18.05063031,-20.06724609,-29.88012591,4
-2.182058372,-15.90731305,-0.600809737,13.51310004,-15.45427518,-23.4096334,4
-0.710334569,-7.969436594,7.909075413,7.484829377,-10.03397492,-10.41993273,4
-0.136605294,-4.671003573,12.77492745,1.965750011,-9.145341087,6.500899879,1
-0.476416464,-2.674103641,14.63929971,-2.824465493,-6.996304963,22.32011578,1
-1.389157548,-5.010827788,17.74078277,-7.378317226,-1.166522314,31.85627879,1
-0.53281549,2.375097673,17.86922707,-5.25104337,2.030661621,24.6083083,1
-0.398306774,3.465735513,10.96043138,-3.041230014,2.725910147,20.95400416,1
1.010931549,6.700674251,7.538780437,-1.519673805,7.573552205,14.34280149,1
2.124773382,1.996766097,2.256214184,0.382143441,2.546994366,12.33434079,2
2.045532152,3.13885699,-1.433717687,0.872187427,3.663609601,9.227293452,2
2.414014342,2.238646318,-4.929613219,1.876703418,1.650803665,6.947383202,2
2.559327952,-0.30417279,-7.621733152,2.688167952,0.914939078,4.060415737,2
2.466696562,1.051793804,-10.50614684,3.742342461,0.392385231,0.412694621,3
2.793354742,0.731017541,-13.29118673,4.886831537,-0.0499545845,-3.914462771,3
2.664128902,-1.499071931,-15.2089588,6.652197127,-1.741022453,-8.826158358,3
1.782860282,-5.48486475,-16.5106343,9.063085987,-4.343717711,-14.89478717,3
-0.863942799,-10.63323334,-12.40934088,12.96558107,-12.22880484,-21.50163236,4
-4.917454352,-9.596722486,-2.366241578,14.7493755,-18.02449379,-25.66172058,4
-4.337051541,-12.36391064,5.672964906,12.85019618,-14.66706871,-24.2243013,4
-3.806853005,-7.657321606,13.18530861,8.289634327,-11.92708041,-15.08516988,4
-3.26646912,-4.258509165,18.47158875,2.927271772,-8.891123125,-1.714547892,1
-2.714079467,-1.088424157,20.48116151,-2.032831166,-4.228917184,13.8358586,1
-3.944565479,-1.034424967,19.40500244,-6.912402957,0.0165108985,27.98991557,1
-3.869569569,1.831881412,20.60874801,-9.4596573,2.941469231,31.35443882,1
-1.357652591,10.11391921,18.31728847,-6.64007281,6.83729775,21.11271437,1
0.856617675,12.31800021,13.56085212,-4.178398604,15.80168967,11.34455046,1
1.462938985,8.465308898,7.78092237,-0.626285516,7.967515425,8.042165687,2
1.175949716,4.088583458,2.887903253,0.424129949,8.707390295,4.923984191,2
0.972216342,9.578744433,-0.732388911,1.156812892,8.404195366,2.021723642,2
1.356434977,9.046051568,-4.439346757,1.851232526,6.724997592,-0.111435777,2
1.51993746,8.058784435,-7.506111787,2.909727775,5.90117406,-3.045484195,3
1.588852043,7.974727881,-10.31162617,4.163557827,4.771370182,-6.183394608,3
2.041206892,5.806007549,-13.02439355,5.629311207,3.242754435,-9.908762341,3
1.598850802,1.342140091,-14.32325538,9.285972757,-0.163726149,-16.98227626,3
-0.546220997,-6.012012205,-11.7655753,13.62993252,-8.779407203,-23.58782436,4
-4.740620264,-7.073938857,-2.604813311,15.93920255,-17.93487063,-27.25794186,4
-4.783671108,-9.800728116,6.397639039,14.02613882,-12.79563775,-25.90982032,4
-3.301020489,-5.173096098,12.67071054,8.115962327,-8.660052486,-13.1949445,4
-2.623695171,-1.945951196,17.39842036,2.272671519,-7.384526279,2.566938546,1
-2.380876976,0.359811032,19.54044572,-1.845118564,-4.513674687,18.37504423,1
-3.309203955,-0.306324693,19.25072102,-6.219840934,-0.0142693565,32.4357404,1
-3.673930437,0.745301606,21.58557498,-9.916359995,4.338237319,39.07468298,1
-2.611719026,5.36881633,18.30118418,-7.625835801,7.485989207,29.56514802,1
-2.921520198,4.493299252,13.88603947,-6.202173539,6.997568614,22.87512821,1
-0.620833501,6.539281871,9.864137311,-3.040838324,10.32435106,16.04745857,2
0.507849247,4.102413543,4.148051986,-0.279531004,5.40083341,13.71940134,2
0.695802464,5.333418958,0.373199905,0.477108164,4.736730879,10.84205905,2
1.101990437,4.178077745,-2.689487232,1.203361773,3.386700702,8.603052209,2
1.377922457,2.544127567,-5.833915916,1.708983071,2.765809751,6.294243913,3
1.339357045,4.058378059,-8.937045259,2.400236679,2.674099475,3.45277877,3
1.890904862,3.529939704,-11.56048965,3.735913856,2.292820224,-1.001271899,3
2.462672322,2.236209237,-14.24509829,5.301530907,1.437671645,-6.01669832,3
2.287920062,-1.78017605,-15.91797916,7.643394867,-0.178386831,-12.10034827,3
0.957783984,-4.709056884,-15.84977467,11.24592052,-4.373429003,-19.56464238,4
-2.888490849,-8.336854696,-6.200093571,14.31836704,-12.07776787,-23.86325436,4
-2.24646692,-12.11291772,2.409087618,11.75931123,-9.033490321,-19.29099265,4
-1.087447879,-6.369157271,10.81589981,6.708990167,-4.777261374,-8.727617497,4
-0.153394125,-2.459653364,16.64734547,0.760603778,-1.840218539,5.289070613,1
-0.0654423564,-1.089022462,17.38490902,-4.540244257,0.235555022,21.18718165,1
-1.36753449,-3.550300329,16.45569129,-10.37117987,5.703788634,35.08863781,1
-0.0417234894,4.948029471,17.04430308,-9.042965634,8.673727181,33.21865944,1
-0.185056068,8.285146844,12.19292286,-6.603170322,11.70263668,23.66569292,1
1.924561072,9.537888475,7.760702418,-3.691896732,19.45223145,14.7138027,1
3.052930922,6.341541059,1.91284186,-0.493322025,13.36671651,11.74440194,2
2.731468592,1.387329312,-2.594167123,0.887190027,12.76117344,8.825270397,2
2.845683792,4.491346873,-5.909707727,1.590222536,12.78513973,5.798163258,2
2.671327872,5.449671832,-9.370497629,2.489876921,11.4654478,3.595968998,2
2.811810222,4.618561261,-12.13360888,3.305131377,10.41992465,0.85864722,3
3.139841922,5.094250402,-14.69646515,4.509873857,8.445085022,-2.118192723,3
3.549335402,2.986401286,-17.19628023,5.924271707,6.612723433,-5.742150179,3
3.532818022,0.810145905,-19.24178087,7.671269447,5.190228861,-10.77724792,3
2.332236982,-2.751795205,-19.96251471,10.85127089,0.794182345,-17.94621165,3
-0.142709968,-8.114854196,-17.15640793,14.62045971,-6.61527702,-25.0949841,4
-4.034063821,-9.143688496,-7.729120192,16.83345314,-15.27535475,-29.64946245,4
-4.78919634,-12.39336635,2.013250882,16.02495726,-11.39754892,-29.29948953,4
-4.001076822,-3.99284859,11.84256921,11.10521668,-8.354839796,-18.63188886,4
-3.487287881,-2.889465561,16.56955688,5.902274687,-6.153457176,-1.179403922,1
-3.636771155,0.391164565,18.85147474,0.704776592,-3.55944864,15.13983176,1
-4.579198327,-3.195156473,17.80541915,-5.792973748,1.862799354,30.03451898,1
-5.497522467,0.0641488581,20.35208746,-9.907694064,9.209430546,32.86061844,1
-5.318939059,1.791016951,13.24985807,-7.836284422,7.043191405,27.81968834,1
-5.016878314,0.607020663,9.568887318,-5.996093022,8.759168328,20.42125784,1
-4.177179554,3.305864036,4.903184351,-3.79886859,7.976261981,16.56867144,2
-3.699609307,1.073047512,0.551172195,-1.668696702,4.199522161,14.15750724,2
-2.913881104,0.135966292,-3.086862278,-0.881221705,4.838505448,10.72861168,2
-2.442064223,-1.765803632,-6.448309118,0.0203882792,3.319426665,8.161714607,2
-2.035237258,-0.186528793,-9.125002123,0.496234425,3.575626875,5.371026104,3
-1.813345437,0.408773341,-11.99350312,1.241607755,2.286784951,2.698941469,3
-1.224926677,0.0672755121,-14.52624114,2.279690767,1.518456029,-1.029518532,3
-1.095029175,-1.354675314,-16.55483759,3.780671587,0.375962132,-6.107180973,3
-1.770800667,-4.082773547,-18.19307717,5.784449097,-1.997989077,-12.33891879,3
-3.348800354,-6.805617983,-16.96645558,8.980498757,-6.47292527,-19.8457955,4
-6.442828497,-11.13088926,-9.507560291,11.04857391,-14.77222519,-25.92069974,4
-5.20631075,-11.11549103,-0.224590178,7.041412487,-10.55812309,-21.48420078,4
-4.077117551,-4.605679133,8.121227301,2.095590503,-6.932294393,-11.08053222,4
-3.350755196,-0.18414282,14.22744844,-3.172464736,-4.743059136,2.680055215,1
-3.0824574,2.329280129,18.351639,-7.560112415,-1.783904445,18.32781128,1
-4.214951373,1.734599319,18.799432,-12.25169522,1.175815335,33.37704597,1
-4.583294801,5.722495462,20.55271915,-15.4874668,6.066260496,36.78820888,1
-3.04117053,12.72156783,18.22914454,-12.86255255,8.938094807,27.30186645,1
-2.635572383,14.19112604,11.78766163,-10.24908872,8.394872519,22.00145584,1
-0.293897436,15.4001037,7.612793386,-7.238038044,14.5920421,13.8985021,2
1.253581373,17.09413248,3.195636395,-4.914757628,15.51058688,9.867573954,2
1.993501122,13.56429111,-1.259783995,-3.855849189,15.34909773,7.122785798,2
2.181093052,14.05759605,-4.55391673,-2.614050477,13.2291821,4.93220405,2
2.602837832,11.19284561,-7.745346407,-1.450614508,11.57808758,2.611547051,3
2.883876442,11.26784025,-10.59985732,-0.494053287,10.75818593,-0.0502605321,3
3.327915732,10.15778045,-13.36836545,1.001742019,8.764304318,-3.782523606,3
3.832949892,7.648748855,-15.81358103,2.719039668,7.102888497,-8.788242306,3
3.348946372,2.657612854,-17.48368822,5.053697577,4.584539228,-14.57323732,3
2.097751262,-1.603267812,-18.31590098,8.663394057,0.613865705,-21.8909405,4
-1.26344994,-4.999144936,-9.290955981,11.50362928,-8.618683944,-26.82090844,4
-1.633213546,-8.792831206,0.140334946,11.61085479,-6.76520242,-26.54283077,4
-1.637170704,-1.069784481,9.287421904,8.607684297,-4.401077737,-17.78770511,4
-0.648452899,1.408910231,15.18261505,4.422172017,-1.859068232,-4.20885096,1
-0.251605849,3.381518061,18.07289231,-0.137059665,1.149255097,11.49053401,1
-1.43130937,3.165367013,18.01431201,-6.378340576,7.054211695,25.55488917,1
-2.988694693,4.949613087,20.13263154,-12.7780421,15.10693501,31.88432813,1
-2.148418803,13.82538897,19.38016668,-10.77854434,15.79973313,25.44962503,1
-2.163537435,7.441697454,15.4396615,-7.659014795,16.8437981,17.1117503,1
-0.920510482,8.995717019,9.740069221,-4.820562362,16.08936857,12.8989451,1
-0.874506737,8.152294495,4.871493328,-3.15236847,13.71959584,10.29009136,2
-0.764939507,9.719159172,0.48280137,-2.412344816,12.71060254,8.098940845,2
-0.395278069,7.406073361,-3.292342908,-1.53324186,11.06197728,5.916829615,2
-0.190250752,7.830420657,-6.088075728,-0.761539412,10.72718175,2.959864799,2
0.289020843,7.953953222,-8.997831096,0.343378539,8.509317689,0.27637369,3
0.69536661,5.536245898,-11.94017657,1.568090002,6.842647523,-3.189562221,3
0.391294275,4.189879282,-14.31545383,3.244542394,5.194580857,-8.699298113,3
-0.658404664,-0.299405004,-16.09352615,5.823142887,2.321646387,-15.10450831,3
-2.400219755,-5.08352393,-15.38307699,9.237210607,-3.258053582,-22.25897685,3
-5.166587435,-8.872213476,-8.019815663,11.54884637,-11.47210876,-28.52844034,4
-5.988555568,-11.70991534,2.073776793,12.53825703,-10.65971966,-30.59093294,4
-3.859727709,-6.766755705,10.30324026,8.193208927,-7.31437231,-18.65411489,4
-2.772009076,-3.274427676,16.15763138,3.57721507,-6.279440745,-3.426913141,4
-2.111739917,-1.267122758,19.92370087,-0.328973126,-4.822632744,12.4326642,1
-2.430746659,-1.169700401,20.97645455,-5.299604961,0.0997151005,27.46336617,1
-3.407980978,3.463253287,23.05987857,-8.771423039,5.01948903,32.44566671,1
-2.148507264,10.8279621,21.90027419,-6.847005065,8.636481949,25.86712977,1
-2.138784869,10.56113702,15.2252492,-5.212284198,6.056038965,21.39425704,1
-0.523350265,10.73686315,10.26331579,-2.993570003,9.665649514,13.69541621,1
0.26818014,9.712036126,4.720917839,-0.707210152,4.493450022,11.54681212,2
0.717605974,9.798004302,0.605779526,0.0131977172,4.842096246,8.717533833,2
1.108963402,9.865461252,-2.924548108,0.942010594,3.613356331,6.430081219,2
1.526995896,7.836900147,-6.301032625,1.692634708,2.593755901,4.107273607,2
1.691315082,7.734009925,-8.946584103,2.523036757,2.199825957,0.708828177,3
2.130045292,6.494402516,-11.72189602,3.619751139,1.438151839,-2.979474124,3
2.457759242,4.919756317,-14.39102938,4.793579747,0.742953861,-7.438448011,3
2.082161172,3.247453881,-16.46617829,6.392659657,-0.489619233,-12.41526376,3
0.621376292,-0.0365621109,-17.44162452,9.100090617,-4.280942331,-19.05439286,3
-1.787386685,-5.919617506,-13.75258327,12.55761206,-11.86116565,-25.50069897,4
-5.145988726,-8.182632566,-4.762468829,15.04547309,-19.3492228,-29.71732933,4
-4.481665328,-11.51822432,4.319361124,12.34023528,-16.22443719,-26.28286797,4
-2.944170738,-4.172563042,12.90032648,8.151627067,-12.28533883,-16.11663903,4
-2.479322572,-2.215067541,18.3025144,2.79079878,-9.335332619,0.27156582,1
-2.37951738,-1.278089414,20.13434656,-2.54337904,-5.920242892,16.49633732,1
-4.124516508,-1.702487134,19.25908382,-8.886782032,-0.73470778,31.02902572,1
-3.930019971,3.444473875,20.82051977,-10.61706242,2.331048512,33.22264441,1
-3.562914864,3.575394841,14.75620674,-7.764345994,3.030085752,26.93078593,1
-2.188052769,9.037871773,11.45052663,-5.94969971,8.259759358,18.96239109,1
-1.806206999,14.65533182,6.9668015,-2.816225816,8.56734906,14.18057651,2
-1.398060326,7.475033027,1.335533384,-0.0963637958,1.934317427,12.44841471,2
-0.963338227,12.18145813,-2.389825763,0.646363601,2.341292075,9.357285838,2
-0.466517971,9.933073933,-5.578598926,1.615414422,1.422389722,6.779830016,2
0.170810687,8.069487493,-8.589571992,2.57998723,0.797756677,4.201794185,3
0.231198201,8.374151138,-11.18447769,3.803130707,-0.286889171,1.250687078,3
0.660679972,5.480562228,-13.7023347,5.293342797,-1.409201825,-3.070925764,3
0.629073605,2.621876052,-15.86354705,7.040686797,-2.94472181,-8.109561404,3
-0.306962362,0.0243047681,-17.56119697,9.891199597,-5.445209366,-14.82138682,3
-2.611576552,-4.342794873,-14.71324054,13.84706939,-12.32279187,-21.32522561,4
-4.462167066,-9.601279746,-4.309047988,15.75725624,-13.94003674,-22.70233421,4
-3.571658879,-6.23733678,5.913996944,12.12203953,-11.48629653,-15.13055028,4
-2.608492972,-2.847524765,13.69277711,7.168802747,-8.198397586,-2.669918308,4
-1.886847113,-0.895828506,19.12830981,1.980242182,-6.186510646,12.51800368,1
-1.506232988,2.185468788,22.24947058,-3.061256331,-3.283882976,27.94548105,1
-3.028938149,-0.892813571,21.70241409,-9.128054426,2.865482605,38.73119192,1
-2.682747615,6.465417406,21.77609218,-7.68209069,5.766390254,35.26110855,1
-2.872688883,4.678081537,17.11733179,-3.430002544,7.330053905,24.24996015,1
-2.585347953,5.4215935,12.82793792,-2.938634541,11.19944748,17.82501824,1
-0.550429809,4.595291177,6.814091994,-0.169576657,4.945901533,15.86552221,2
0.0059351236,1.925370054,2.171275488,0.627091034,5.381320336,12.97213815,2
0.372596422,3.91551485,-1.407824981,1.531334765,4.801437985,10.22887913,2
0.823171607,2.540057422,-4.50555841,2.332004977,3.308614306,7.985586079,2
1.034306097,1.618233042,-6.98786091,3.219129021,2.740987526,4.493095362,3
1.644457018,0.944177901,-9.663699516,4.511923707,2.065774351,0.643358118,3
1.978949522,-0.0922984369,-12.56368759,5.779660007,1.497105244,-3.918856909,3
1.989171592,-1.31312547,-14.90085521,7.549980327,0.269574638,-8.850631339,3
0.732129464,-3.607324748,-16.63584841,10.28339279,-2.948306606,-16.21406788,3
-1.79063566,-8.038496926,-12.92426403,13.93557417,-10.87556368,-23.06334465,4
-5.559801524,-9.854613366,-2.63256766,16.36054622,-17.24612554,-26.81827191,4
-4.810919365,-13.92326781,6.801838467,14.71410085,-13.08802247,-23.88050861,4
-3.649353264,-9.811042356,14.44831065,9.112292677,-10.2059609,-10.52139894,4
-3.06210215,-7.238602373,19.66031138,3.500669719,-8.811411517,5.50352588,1
-2.858293765,-4.079640198,21.82246793,-2.260696678,-2.538612555,21.38767498,1
-4.602421583,-5.586257169,20.11757536,-8.131758561,1.898766521,35.9327227,1
-3.291013488,0.773188233,19.66610077,-5.305741907,4.532799047,29.53048865,1
-2.990345634,2.503068739,13.20904877,-3.531951704,6.440028474,23.97620697,1
-1.269800339,10.35944301,9.662858496,-2.357433667,14.1378569,16.5582921,1
-1.677396822,9.230540914,3.732386198,0.631575707,6.49346478,13.26217797,2
-1.271179058,11.60637577,-0.0953738731,1.109850961,7.706802573,10.00333077,2
-0.938594774,12.39255204,-3.565649044,1.993592527,6.796210999,7.254174633,2
-0.481631733,10.21536137,-6.497070456,2.718470939,5.070204568,4.982023235,2
-0.156243491,7.70804478,-9.296752059,3.331088341,4.430110879,2.433611971,3
-0.0407874224,7.271810283,-11.62756373,4.050349887,4.102394384,-0.763980619,3
0.648793968,5.162760565,-14.22137883,5.395323577,2.782734638,-4.914197064,3
0.857870125,3.366852475,-16.33240796,7.060528987,1.815721025,-9.911307511,3
0.369867958,-0.215012801,-18.28215845,9.071808007,-0.533251903,-15.36887315,3
-1.165704009,-1.502356424,-18.28007651,12.12039543,-4.836321099,-21.94535007,4
-5.031186529,-4.399653936,-8.146333911,14.52843931,-11.11478166,-25.74077758,4
-4.659942821,-7.498239026,1.299844317,12.29296988,-7.815307091,-22.70080689,4
-3.44611775,-4.17137499,9.935831771,7.117008327,-4.291554514,-11.11176933,4
-2.896933384,-2.785168015,16.05603823,2.309315881,-4.647003993,4.761352901,1
-3.918322811,-1.779284828,16.3756261,-3.959607347,1.031816195,20.69382056,1
-4.767913991,-4.216485365,17.43337329,-10.09954597,5.558113859,30.79332781,1
-3.831671726,6.221636971,16.59984471,-7.581525475,8.062189398,22.5456499,1
-4.189702175,6.942639787,9.590406817,-4.197768367,6.989879861,17.7396632,1
-2.754165399,8.722865181,4.842836571,-2.478230464,7.443722297,13.94195379,1
-1.994226747,5.906411313,-0.197653984,-0.294960117,1.606549766,12.4081149,2
-1.116373556,3.667207689,-4.055157654,0.22227815,2.199769639,9.832209658,2
-0.824166783,3.149334993,-7.458369264,1.185162735,0.757612826,7.322678685,2
-0.307598256,1.90819898,-10.08271419,1.881213613,0.443487017,4.539924612,2
-0.107285849,3.254241405,-12.75425699,2.512080464,0.242199307,1.566803805,3
0.306483035,3.333969009,-15.3616431,3.470430641,0.226869735,-2.321897548,3
1.094651783,2.334628998,-17.91699669,4.826337407,-0.418277642,-7.299526158,3
1.369571464,-0.0480426829,-20.03826192,6.592164477,-1.648265417,-12.52827523,3
-0.0423373254,-2.28204968,-19.78475964,9.892587397,-5.837516041,-20.09782655,4
-3.221989887,-8.513136326,-12.09966435,12.4392137,-14.59094592,-26.0798299,4
-3.481132364,-12.69296837,-2.314151455,11.85918329,-10.97326808,-25.55495653,4
-3.544092947,-4.132874352,7.833158286,8.051574147,-8.463827478,-16.02868716,4
-2.772959855,-2.046832531,13.83942133,3.297776517,-7.186175175,1.235443692,1
-2.778710701,0.438350962,15.65684235,-2.00235244,-2.697056621,17.39746273,1
-4.337781551,-0.913881107,14.86744776,-7.79039583,0.302244956,32.50726699,1
-4.557560602,-1.518452498,16.82506611,-10.96047883,6.57079948,37.41748853,1
-4.406893368,1.384829849,9.968851781,-8.992388576,7.704596656,31.69444383,1
-3.721646111,3.713653048,7.472547214,-7.226438295,11.3613546,23.82917388,1
-2.407975524,5.749795827,3.791200794,-4.711191386,11.79533978,18.55368436,2
-1.29754954,0.693541539,-1.129663236,-2.387016327,5.896886123,16.22985109,2
-0.857946888,5.300557845,-4.547503021,-1.614367195,5.339069292,13.09270722,2
-0.426102576,3.858770205,-7.811372536,-0.588533758,3.863894345,10.410144,2
0.0575964376,1.898411222,-10.41968935,0.252794475,3.438930455,7.273894518,3
0.346885268,1.455958117,-12.67888324,1.302602582,2.367604294,3.94545706,3
0.748470409,0.361824192,-15.31253483,2.67447423,1.508083666,-0.604744011,3
0.696744062,-1.465739761,-17.36047245,4.407046387,-0.101631407,-5.519822885,3
0.0821411906,-5.434331133,-18.92241998,6.674524677,-2.335214105,-11.73416916,3
-1.757060352,-9.270217126,-17.83557307,10.25469449,-7.737896218,-19.23720422,4
-4.875741248,-10.82136906,-6.575929502,11.76248033,-9.94569966,-23.13841115,4
-3.691080167,-13.37422045,2.765525328,7.597081917,-6.807770522,-18.58403414,4
-2.385360016,-9.309661196,10.34595935,2.441733361,-3.389845909,-6.904394361,4
-1.77509859,-6.422169461,15.79573463,-3.037108556,-1.784893034,8.225920357,1
-2.294836019,-4.678326604,17.38048996,-8.86308655,2.538347357,23.93283024,1
-3.358404726,-5.850923604,16.54792078,-14.77816227,6.573669615,36.77884825,1
-3.176035649,-0.739852605,18.0693012,-15.64407846,12.19153604,39.96158578,1
-1.557146691,4.770610096,16.59931803,-12.30811685,12.33752472,30.83737095,1
-1.275483475,8.783373294,12.75094742,-10.17033336,17.18972974,22.91713472,1
-0.188620199,12.1022585,8.062356774,-5.781085514,21.36989824,16.30428723,2
1.044543997,5.311196138,2.920047106,-2.558254622,11.46106699,14.09908359,2
1.292923582,2.140181203,-1.102185581,-1.813200182,13.57884887,10.2815944,2
1.394995812,6.936137301,-4.658904959,-0.95571935,13.00270847,7.174575664,2
1.614599059,4.927420743,-7.768993659,0.145945952,11.90727048,4.186886994,3
1.892424202,5.214122018,-10.12973001,1.467454307,10.8021871,0.814054134,3
2.378162722,3.749649504,-12.83496808,2.959723639,8.890377443,-2.72165639,3
2.516373012,1.966764677,-15.11771801,4.731342697,7.493444986,-7.257516637,3
1.515083815,-3.114399654,-15.96339767,8.367986287,3.354251204,-13.63688682,3
-0.534630732,-9.366299356,-13.44149193,13.07917142,-4.674377906,-20.02114617,4
-4.138705179,-11.11782537,-3.873100859,16.29800304,-13.76827689,-23.87528885,4
-3.716290544,-14.46448292,4.907441901,15.26508699,-9.72732107,-21.05660703,4
-2.348331036,-10.06370237,11.04060299,9.262825587,-7.113725707,-7.794421674,4
-2.134367712,-6.58024679,15.12093754,3.454641082,-3.873074169,7.848819652,1
-2.399747226,-4.811707984,15.98668552,-2.651919126,-0.527994638,23.58028036,1
-4.225882399,-6.378449358,16.16575058,-9.145214604,3.908124937,36.12539894,1
-2.776565917,2.925879855,13.77909873,-7.157221517,6.147092599,27.73969394,1
-1.158352129,4.985991156,7.609947655,-5.670687389,7.201683203,24.56449344,1
0.849227751,10.92536004,3.943994458,-4.123477222,11.04615499,18.02320997,1
2.294965552,7.30340632,-0.302357072,-1.114361781,5.604768196,14.04312771,2
2.422201052,8.13577561,-3.704519183,-0.32820692,7.39651107,10.01569817,2
2.678740382,10.0608469,-6.49278912,0.657105492,7.10465074,6.814728378,2
3.173387782,8.660315305,-8.853661906,1.554428102,6.284422413,4.247831563,2
3.406850412,7.480107551,-11.51184052,2.341673913,5.872242003,1.526682051,3
3.419974322,7.039341207,-14.03073659,3.427844029,4.947970926,-1.923299891,3
3.880272062,5.354214717,-16.74277319,4.861029167,3.325901347,-6.028338849,3
3.902310682,3.54186852,-18.62408394,6.654896687,2.194381921,-11.15258958,3
3.354683542,-0.0657954849,-20.08687712,8.888782677,-0.180733525,-17.09906365,3
1.657570202,-2.390040489,-19.04044825,12.3093972,-4.048294077,-24.76740849,4
-2.447846939,-3.454321066,-7.998895398,13.29896338,-7.193183628,-28.61255977,4
-1.759011548,-4.740381892,1.609047323,8.043599707,-2.340517167,-23.38737837,4
-1.380759586,-2.065929361,10.16331291,2.163793458,-0.0533581465,-11.08905036,4
-1.20992098,-0.421914898,16.10479662,-2.93336508,-2.415750094,5.875344594,1
-2.593468273,-2.217328974,15.08308584,-7.846695561,0.0576043645,21.73528675,1
-2.658588485,-5.516603746,17.40515475,-11.54210444,5.452486688,29.48611914,1
-1.232333213,3.966060662,17.26785743,-9.141267161,8.682171671,22.34179197,1
-1.569353271,6.739272705,10.30036245,-7.357676978,9.288596001,18.02442432,1
0.319946526,8.796985402,6.533757846,-3.33135213,14.03481859,11.61587043,1
2.866569172,4.57897049,1.672263799,-0.495003444,5.941655866,9.97667258,1
2.856256412,1.408439484,-2.330324463,0.262252832,6.837761198,7.413529691,2
3.040826862,5.129480875,-5.249286748,0.958784346,5.443332392,4.897055384,2
3.310735252,3.492201623,-8.000067462,1.428671294,4.444167105,2.849391138,2
3.247663562,3.015524874,-10.76348917,1.970784657,3.564192527,0.605225999,2
3.230918072,4.060494593,-13.50346279,2.796985736,3.203443958,-2.603964559,3
3.491430962,3.989384091,-16.18277189,3.933482717,2.604417893,-6.485875477,3
3.796078142,2.424343069,-18.59327279,5.138046757,2.082140528,-11.14373465,3
3.009001322,-0.185699968,-20.36155888,6.945668417,0.316836082,-16.9060108,3
1.377109997,0.0370191771,-19.52920849,9.866442297,-3.103797639,-23.64318398,3
-1.579049882,-8.117293286,-13.22768384,13.13549026,-11.97857956,-29.47483606,4
-3.852006527,-13.72956598,-3.518240486,15.04730039,-13.30282618,-31.18961206,4
-2.586970052,-7.093773683,6.737262791,9.701457847,-8.898782484,-19.29825742,4
-1.612412274,-4.062953044,13.6006611,3.988396197,-8.578276258,-1.934016043,4
-1.563582795,-1.012887914,16.72108673,-1.196259146,-6.08468869,14.43434803,1
-2.998114332,-2.045630751,16.2970226,-7.561303441,-0.761787601,29.7370634,1
-1.576576602,4.721074818,15.45700891,-5.227904619,2.267485387,23.91452299,1
-1.132715877,6.87541123,9.176135372,-3.791974548,4.236266142,19.00997955,1
-0.710301754,10.22711894,6.039032652,-1.758612333,9.288568009,11.79816432,1
-0.515560815,11.73489982,2.205144844,0.956966341,7.916375635,7.321341507,1
-0.458668077,10.32869512,-2.150027633,1.538233653,8.633751239,4.734376407,2
0.122518518,13.72678079,-5.564519026,2.403026417,6.754834022,2.554252093,2
0.52678994,9.924926432,-8.377726603,3.284036553,4.621739472,0.665074567,2
1.115344686,7.272605591,-11.18162953,3.880198197,3.353204815,-1.367840415,2
1.582632268,8.154663852,-13.56208458,4.949153767,3.099573036,-5.051576451,3
2.101950572,5.74226753,-15.68772431,6.219717017,2.448698166,-9.329454243,3
1.844387852,2.959427153,-17.34069332,7.840191677,1.409554403,-13.96609736,3
1.111855224,1.326336757,-19.08075567,10.23284509,-0.987481191,-19.89033289,3
-1.762463765,-6.304941685,-12.73342465,13.89825144,-10.68400743,-25.52523684,4
-4.110402842,-11.97212444,-2.884796276,15.41618581,-12.92948464,-27.50906913,4
-3.910367993,-6.952785957,6.782594527,11.1281516,-9.4522607,-20.42006873,4
-3.117375691,-3.328143883,13.97782097,5.476184907,-6.095620282,-7.999020326,4
-2.880663151,0.474274465,17.09356014,0.112215228,-3.107516165,8.764200795,1
-4.188717428,0.0510262011,16.88763866,-6.135360409,1.251168555,24.43606638,1
-4.428135282,0.275718174,19.79059141,-10.3822653,7.806134666,32.15809155,1
-3.183208248,9.836260413,19.01718142,-8.266548047,12.92752338,23.52602213,1
-2.947673493,8.25663524,14.74615716,-6.213073587,13.9951651,16.63412155,1
-1.687868686,9.923001849,9.697695461,-3.548230811,12.2475116,12.71914276,1
-0.922347881,4.868739121,4.788168204,-1.399607111,8.370019453,10.59833535,2
-0.366108095,5.17366527,0.637359174,-0.502494392,9.065311535,7.145353434,2
0.182727075,3.156013347,-2.432591724,0.710728403,7.470228919,4.295167819,2
0.740534272,2.64708297,-5.288271572,1.569790563,7.031511513,1.671271004,2
0.991321468,3.088700905,-8.241653531,2.782706129,5.699471266,-1.112108268,3
1.639040243,2.13960154,-10.96798864,4.218155997,4.694061084,-5.015149324,3
1.620727878,-1.169642902,-13.08767454,6.314647567,2.834705649,-10.35934158,3
0.883881639,-5.041779061,-14.62033839,9.428495377,-0.555640072,-16.85515818,3
-1.07059813,-8.701559456,-12.92397559,13.64595385,-7.324883998,-23.59762889,4
-4.486793612,-12.70272807,-4.544613685,16.26263486,-17.3846727,-28.43684923,4
-4.847373085,-18.13865937,4.971061238,15.6735925,-14.31278498,-27.06760691,4
-3.38541047,-13.98047883,12.41932991,10.01428448,-10.33224355,-13.56706567,4
-2.405561199,-10.44269376,17.83296449,4.531196017,-9.79771363,3.122054379,1
-2.410892666,-7.844528505,19.24088089,-0.432497878,-6.095724299,19.1612472,1
-3.3188874,-9.086167346,18.12775008,-6.337149796,0.876957094,32.09191421,1
-2.535097332,0.0979124831,16.95744863,-4.272196519,3.595395065,25.84386866,1
-2.815614224,0.360281805,9.783168201,-2.502116139,2.184070038,22.27403057,1
-0.690702275,2.747860064,5.711482033,-0.769789329,7.564686929,15.01263138,1
-0.0814949474,3.546505324,1.020744035,1.389177822,5.023226533,11.27673075,1
0.564543073,0.507763801,-3.650212964,2.865681654,1.817727825,9.37549683,2
0.905267479,3.516059487,-6.650634719,3.716074302,0.998973501,6.221670574,2
1.266525968,1.441915128,-8.907850489,4.540905167,0.296108371,3.122173115,2
1.817351632,-0.1097636,-11.3320299,5.050272377,0.317998935,0.482752649,2
1.904156212,-0.0628548769,-13.88647425,5.607440627,-0.611236341,-1.784161577,3
2.153195872,0.0510353501,-16.31385336,6.450199997,-1.235595485,-4.940114354,3
2.432712322,-1.576487609,-18.41133991,7.864934387,-2.065672113,-9.462177257,3
2.046327272,-5.515020388,-20.04295568,9.644035917,-3.992076938,-14.50592195,3
1.092031286,-6.998720291,-21.42032827,12.01014864,-7.440636504,-20.8624124,3
-1.439263786,-10.2395296,-19.05327003,15.51861858,-12.91922616,-28.29568166,4
-2.069775722,-15.86066066,-8.558748455,15.43498372,-10.06553863,-29.22842194,4
-2.328432926,-8.753332616,1.691126882,10.17019633,-7.723973477,-20.92579199,4
-1.361766295,-5.65619103,9.643505591,4.083891137,-4.969106552,-7.746629047,4
-0.926426857,-2.301233792,15.39879044,-1.824720585,-4.703272927,9.00016035,1
-0.77175616,0.425023111,17.71520683,-6.657243187,-0.641042324,24.65666398,1
-0.823850497,-2.881373607,19.28874205,-10.07842297,3.486035803,31.83881304,1
-0.4126041,4.971399364,18.33392453,-6.929471727,5.705296217,24.37640952,1
-0.999687267,8.579189804,11.19966989,-5.122985637,9.482282844,18.54176521,1
1.199225251,12.04746548,7.145038738,-3.573683528,16.01893612,11.40116252,1
2.402632982,6.70289948,1.849363691,-0.999713067,10.02581279,9.341822548,2
2.553157912,5.66105517,-2.088758589,-0.285097308,11.9976237,6.01932198,2
2.811602212,8.437164833,-5.549955515,0.737641623,10.75950137,3.564807492,2
3.197761982,7.063862259,-8.489280991,1.749426991,9.012396687,1.480695202,2
3.534442572,4.614199893,-11.31174994,2.615868055,8.010845031,-0.727509603,3
3.687774612,5.748804303,-13.9693392,3.764653257,6.80627766,-3.985534087,3
3.913080482,4.846064897,-16.43503352,5.174420597,5.778977013,-7.928994211,3
4.033317622,2.47323845,-18.38406312,7.071067957,4.03575025,-12.30613912,3
3.266061612,-2.356783961,-19.53167687,9.662309427,1.225346141,-17.70315867,3
0.395042661,-8.397733986,-14.7444462,13.42744491,-7.370004008,-24.17882453,4
-3.038589399,-10.32954011,-3.994005203,15.01179354,-10.73424701,-26.81059754,4
-2.175693646,-12.04070687,4.457642691,11.07195203,-8.435572894,-20.05168273,4
-1.171287263,-8.057004436,11.46100978,6.240724497,-5.862365648,-7.696837742,4
-0.826331546,-4.373884184,15.01279838,1.113082406,-3.021074303,9.046710035,1
-2.217467422,-4.084629526,14.94681351,-4.222634386,0.238734165,24.70018309,1
-2.59863291,-6.60221381,17.91204707,-7.641384803,3.362311441,33.69992407,1
-1.346650939,5.257828089,18.20914871,-5.941038755,8.435748614,24.73998387,1
-1.262969566,9.036712279,14.56988921,-4.500403932,11.03261997,17.26141643,1
-0.896647084,12.11210971,10.5233338,-1.810965814,11.84513831,12.63852281,1
0.760605402,8.090035151,5.112025799,0.637813566,4.351501837,11.13788535,2
1.167044781,7.188353822,1.152225484,0.968161215,6.318218183,8.221981069,2
1.420363394,4.088843195,-1.811671146,1.838775632,4.99436999,5.647906155,2
1.831036792,3.766044279,-4.821024336,2.433165647,4.539020793,3.138099525,2
2.003873852,2.86920788,-7.514253393,3.471656019,3.78002742,-0.428216632,3
2.535007302,2.164373013,-9.969060435,4.744533207,3.08534884,-4.351940026,3
2.395282162,0.203064344,-12.27597024,6.355250237,1.552754576,-8.841763365,3
1.991465762,-2.921492223,-14.62789582,8.237605557,-0.990694629,-14.14146972,3
0.259920644,-4.136444182,-14.36949975,11.26152687,-5.142289581,-20.71540262,3
-2.550986569,-10.71767872,-9.133553827,14.53412303,-12.85866059,-26.56232847,4
-6.227437053,-13.18489359,0.217950812,16.12837869,-17.31445876,-29.69755677,4
-5.444526441,-5.877749989,9.06941201,10.76977127,-12.21114693,-20.0714601,4
-4.465724002,-1.15583961,15.75167207,4.206833817,-8.791617286,-5.937618995,4
-4.047847759,1.856952167,19.85560547,-1.128636698,-6.681007921,10.69139631,1
-4.560187369,2.190568485,20.74341591,-6.090420469,-2.847149693,26.23779343,1
-5.211528299,2.744360507,22.31898096,-8.839704203,2.252556484,30.41674171,1
-3.704499332,10.05255752,20.07164691,-6.361981404,4.739876172,20.14020111,1
-3.190647312,10.67117623,16.13976767,-4.600388585,9.582563815,12.04269045,1
-0.75422344,13.51250997,11.83355103,-1.050107808,9.765787122,6.816314136,1
-0.823353803,10.77116376,6.865436942,-0.518475657,11.65021866,3.715355806,2
-0.562641471,13.54042278,2.59031658,0.287992474,10.9021136,1.32341897,2
0.140053167,11.80557124,-1.139744848,1.012153847,9.594745924,-0.272539585,2
0.587886493,10.37042698,-4.979127845,1.783543317,7.986553254,-1.929500773,2
1.069645587,11.28872603,-7.898992168,3.068969423,7.242026438,-5.790750395,3
1.641732973,8.799942483,-10.74995727,4.505650577,5.867968586,-10.20229905,3
1.534335038,5.910918631,-12.58233775,6.506932417,4.540650963,-15.38163972,3
0.829438718,1.60711403,-13.97355755,9.615215557,1.320376336,-21.74121864,3
-2.053315871,-5.342586311,-7.96568028,13.32480581,-8.169269882,-27.02167399,4
-4.499045027,-9.689097936,1.313267862,15.56304378,-11.58578548,-27.52972458,4
-4.340763177,-4.496032214,9.832152331,12.28915827,-9.205843976,-19.35805183,4
-3.283815303,-0.532146145,15.8066202,6.551671097,-3.644476591,-6.230291355,4
-2.881294774,1.393482366,17.54067185,0.747140578,-1.208846092,10.21313553,1
-3.515278738,0.526933291,16.86009682,-4.542896839,3.232360025,24.56529726,1
-3.138915522,3.494741238,18.88269392,-5.841223224,4.229849293,30.20069368,1
-1.622777724,9.768621876,18.32535074,-3.891009925,6.870567633,22.85487266,1
-1.115311057,12.8664044,14.93979303,-2.42390139,10.97004794,15.23379314,1
-0.909600192,14.31163198,10.52791875,-0.326124478,10.46441028,10.30928246,1
0.504613256,10.15281653,5.28270855,2.360764967,2.801881455,8.700511338,2
0.477207018,7.436485261,1.170731751,2.857593014,4.20340264,5.493771903,2
0.570794329,6.073693505,-2.310943302,3.585826038,2.636264729,3.369509317,2
1.063600301,4.065494629,-5.461638675,4.062005447,1.604777817,1.257878617,2
1.150800111,2.988230224,-8.398269954,4.862824637,1.048736817,-1.751906829,3
1.614289281,3.864606995,-10.98278176,6.057051877,0.291471235,-5.359974593,3
1.779879182,1.976883703,-13.50085568,8.014452147,-1.088535572,-10.14328866,3
1.324237581,-2.8998001,-15.13476971,10.45884206,-3.659701344,-15.8023149,3
0.214296851,-6.414916773,-15.58992222,13.94363547,-8.589220333,-22.60041576,4
-2.593640063,-12.02278562,-10.55565695,17.31281632,-16.27440018,-28.84715345,4
-2.198799915,-17.24916756,-1.203954667,15.07488627,-12.28138507,-25.77034763,4
-1.794399424,-9.264163926,7.939754063,9.257861197,-9.136431055,-14.84176389,4
-1.464010807,-4.479736196,14.35929003,2.615534868,-7.701243927,1.104323292,1
-1.492891518,-0.37485333,17.82520652,-2.831408885,-4.287238644,17.27487881,1
-2.425882576,-2.276149323,17.01832203,-7.910322858,0.571940608,29.5554827,1
-1.806525793,2.044885547,16.78054267,-8.04666898,2.771807799,28.57870065,1
-1.023842514,8.19858111,14.24856375,-5.633987123,5.115550175,20.23877243,1
0.215517714,9.766405978,9.635822218,-5.184401645,8.36270078,14.74900475,1
0.805462775,9.27662986,5.104839014,-2.522951411,7.44268676,10.1883517,1
1.115601142,3.315244674,0.104412127,-0.226997656,2.535414105,8.209460893,2
1.548599358,6.494912588,-3.182174617,0.361315188,5.190583098,4.773920566,2
1.688663622,6.572771958,-6.216544556,1.534194952,4.141811029,2.343365781,2
2.072432152,4.895172623,-9.053861074,2.457861887,3.954556872,-0.453470634,2
2.082528582,5.107977463,-11.64883864,3.502691716,3.752174946,-3.642412756,3
2.574765312,5.825488231,-14.15136498,4.844577217,2.914271709,-7.011171649,3
3.115918362,3.67698636,-16.51033794,6.526763717,1.705739664,-11.27273363,3
2.413355912,-1.399291471,-18.12912289,9.312884077,-0.85064974,-17.13837013,3
0.735306963,-3.75692303,-17.94328911,13.16633372,-6.111564599,-24.14850486,3
-2.531232974,-9.427569746,-10.99101566,15.87533476,-15.94834859,-29.47389822,4
-4.277282303,-13.16391512,-0.844056615,16.6660228,-14.92798413,-30.2380412,4
-2.662196816,-7.783864035,7.81378855,11.29873789,-10.99928117,-18.18114673,4
-1.657409488,-3.557249289,14.25592985,5.316283767,-8.645602611,-1.766318892,4
-1.530151287,-0.0811518159,17.40869726,0.60546107,-6.313034707,14.5911274,1
-2.278425706,-0.982826281,17.07497068,-4.293385989,-1.71386823,29.88363578,1
-1.614528094,4.783363714,17.80952932,-4.56338517,2.385701081,29.5798837,1
-1.04352352,9.855265864,14.4545735,-2.559770475,5.96157467,19.96976706,1
-0.414326291,10.68441783,10.03057896,-0.933958721,6.818136891,14.46125326,1
2.052447302,11.21222927,5.706850271,1.602265108,13.16266201,7.155168633,1
1.891488062,9.965222357,0.682131104,4.316096907,8.04243756,3.877674093,2
2.032077282,8.920596902,-3.045889021,4.824702197,8.423283756,1.230790617,2
2.148115702,9.844375675,-6.437322186,5.363276757,6.438362854,-0.55533607,2
2.382265992,7.745661755,-9.593554466,5.684496987,4.450544944,-1.933612412,2
2.619053522,6.151144832,-12.00041049,6.142260047,3.294980366,-3.939399781,3
2.823537212,6.82954997,-14.42292692,6.962121367,2.490816044,-7.060835816,3
3.025635672,5.638395859,-16.94551753,8.085240757,1.589994558,-10.62278352,3
2.926984272,3.354552986,-18.91644679,9.770029857,-0.0161125595,-14.80865695,3
2.287386172,0.307446734,-20.30010457,11.96253696,-2.996347307,-20.147557,3
-0.262126836,-4.149115497,-15.81600357,14.80951483,-10.25588495,-25.92317019,4
-3.952487764,-5.586637638,-6.682611176,16.19659659,-14.29899595,-29.24653844,4
-3.849657285,-10.50088932,1.593402175,13.16408951,-12.90818066,-23.97958568,4
-2.908625658,-6.517100947,9.401641442,8.971018787,-10.64678833,-11.78376683,4
-2.917465024,-3.80148241,13.86534412,4.123088807,-6.038167687,4.741569319,1
-3.637507711,-3.032423198,14.7701198,-1.928642468,-1.911381615,20.66241063,1
-4.851088064,-1.326976075,17.25511854,-7.058383011,4.552946582,27.29546918,1
-3.886582373,7.528278479,16.83950008,-5.193833722,7.165676066,21.02193253,1
-3.720490678,8.241202821,13.61077879,-2.942048058,11.60953192,13.53260268,1
-2.874295071,11.50697204,8.678454914,-0.508044067,11.25895651,9.202140913,1
-2.359358512,8.889240821,3.398680437,1.133700067,9.068063169,6.723695934,2
-1.82827593,11.97423926,-0.757531287,1.644850043,9.275841914,4.067854985,2
-1.283091911,10.02296464,-4.101747454,2.641282435,7.632283517,1.645518403,2
-0.813634778,9.9059025,-6.818459281,3.316046249,7.102549411,-1.058201524,2
-0.417954629,9.710531561,-9.629502982,4.290103537,5.963076334,-3.951473173,3
0.0294511326,7.951833935,-12.28584823,5.544962467,5.111371012,-7.61204192,3
0.145732048,6.477011384,-14.82587875,7.772630357,3.040569268,-12.68732787,3
-0.0237124174,1.66895203,-16.56177959,10.8362609,0.556222614,-19.18854176,3
-1.329514754,-2.142616033,-16.09502655,14.61735444,-4.428723521,-26.37663604,4
-4.214266918,-8.127970536,-9.09072592,17.67047883,-15.00787012,-30.79998979,4
-4.780840351,-13.71371941,-0.234741287,16.91229392,-13.76014891,-29.10205688,4
-3.227345158,-8.091244346,8.376977741,10.87481476,-5.716773652,-15.58380342,4
-1.848998075,-3.812828717,15.32336523,3.793928717,-1.843369785,1.673218687,1
-1.156433578,-1.742159442,18.2268308,-2.485222258,-1.831201891,17.80673675,1
-1.990630044,-3.177438731,18.90726017,-10.1084476,6.013714263,32.88989556,1
-1.515839071,5.329895485,21.12937101,-7.743826239,7.337758673,31.08508172,1
-2.525318891,7.966632482,16.16700792,-4.058433325,11.21906827,20.04927696,1
-1.556264977,12.41157453,12.65275301,0.137050267,7.715495989,14.81423845,1
-1.126640962,9.312253654,5.731904112,1.988625696,4.877121589,11.64955086,2
-0.890886856,7.476667567,-0.0658296091,2.66962069,4.849618497,8.50811005,2
-0.0739381724,5.333915867,-4.728134308,3.529797491,2.975665278,6.053987746,2
0.787178003,2.763925399,-8.713381104,4.684647187,1.545082597,2.708113754,3
1.418385046,1.96511367,-12.17144753,6.336019247,-0.386422816,-1.121774592,3
1.837631232,-0.0721326469,-15.60852534,7.993625637,-1.207709129,-6.193430779,3
1.394124306,-4.047510441,-18.39218491,11.14171283,-5.03423797,-13.26444921,3
-0.624866825,-10.23071346,-17.7834164,14.62228165,-12.2316326,-21.62252439,4
-5.408205547,-6.656911906,-8.010827406,16.06625655,-13.88461464,-26.93504579,4
-5.974534638,-14.70573064,2.640476715,12.8147441,-10.29007346,-24.79930978,4
-5.566710307,-8.767835296,12.59138268,4.384175227,-6.466125776,-8.317200287,4
-5.381138956,-7.725116356,16.40386201,-1.116322912,-6.383965203,8.466735676,1
-5.683989527,-4.446563243,16.49765262,-7.433423915,-1.934159521,24.15796748,1
-7.010701252,-4.95078241,17.33983252,-12.70148562,-0.979294503,32.98339928,1
-7.256634358,-3.030538436,11.63176684,-9.03853866,3.471305412,21.76092456,1
-4.087104622,-2.028548827,7.500327251,-5.261900698,6.811098746,12.5272344,1
-2.25293579,-10.57886555,-0.681488329,-2.291421264,0.831828362,9.396204663,2
-1.432248663,-8.921038906,-5.96830287,-0.958751644,2.068552041,5.226261164,2
-0.252726229,-10.05633295,-10.58111139,0.645776911,-0.141909163,1.710261498,2
0.850997792,-10.7282976,-14.60949138,2.111571301,-1.663574338,-1.944393915,3
1.631531861,-12.27492279,-18.27626597,3.821682847,-3.538671365,-6.589965127,3
2.156607292,-13.59369965,-21.42566655,5.890342277,-4.324606401,-13.73202507,3
0.99992641,-16.68727698,-23.11038319,9.945752017,-9.117953396,-23.4817266,3
-3.970652803,-11.51891474,-11.61163564,12.15463437,-9.93801822,-29.23100632,4
-4.598286719,-15.16430501,0.492017675,6.476569207,-3.476140119,-26.4177959,4
-2.100518684,-5.796606289,11.9989043,-1.858752791,-0.908914582,-11.83352899,4
-2.13316027,-3.012162603,19.67657463,-8.447893481,-0.886058041,5.179334626,1
-4.01787791,-2.227436175,19.94969525,-15.7951795,4.239951563,21.08458993,1
-7.032086825,-3.125475858,21.75773558,-20.66687427,7.099555978,29.26024853,1
-5.649917545,2.283504179,21.12795414,-16.42425256,2.648246357,22.24139178,1
-7.417935047,4.297519962,14.24691044,-10.95530945,9.600518264,10.8311507,1
-5.252176336,12.65248593,12.11681,-6.338625984,10.99155354,2.523611087,2
-3.832404684,9.827556661,6.035019225,-4.330201013,11.01648722,-1.981208897,2
-3.174624926,13.12316467,-0.340745392,-2.861818104,9.450340428,-5.100491215,2
-1.624373153,10.01278239,-6.070949874,-1.14878986,6.403652995,-7.786223964,2
-0.751724169,7.490342328,-10.69893068,0.509834226,4.42256519,-11.02279087,3
-0.0506272104,4.744693431,-15.71752124,2.159816048,1.470252054,-14.77482704,3
0.207957822,1.709901257,-20.31152968,3.967617847,-0.860699753,-20.22023768,3
-0.565061186,-1.414409008,-24.35958646,6.417683437,-3.742734988,-28.20692173,3
-3.717636121,-1.895993569,-20.50427254,7.637342767,-9.92152591,-35.95080097,4
-6.041103344,-4.842666174,-6.858063081,5.587755287,-8.428271963,-33.55692068,4
-4.895807982,-1.869491752,6.498251253,0.0108858842,-6.486355862,-21.77767847,4
-4.07094528,0.529640312,17.32055417,-6.154593573,-3.583578528,-4.241585638,1
-4.078618601,1.780161546,24.06068353,-11.21732664,-2.997669913,12.27701083,1
-5.305700754,2.003541607,24.13133019,-17.97403238,2.661688606,27.58110034,1
-6.626244922,5.195094461,26.03866427,-19.61039369,4.715073682,32.16333864,1
-3.414309661,9.566658738,23.998185,-13.18449111,2.830508381,18.36519174,1
-3.619208069,7.68868114,16.99633912,-7.817194782,11.25357981,3.619604523,2
-1.89944446,-8.888720626,7.061818532,-3.94026405,4.56288583,-0.174258239,2
-1.315354403,-6.486596226,-0.512786543,-2.36117039,6.183047597,-4.818346895,2
0.21070866,-6.10598881,-7.098541306,-0.183037614,3.709185937,-8.488540366,2
1.594205291,-8.266966646,-13.75323478,1.3039335,1.962627104,-11.85124361,3
2.246880592,-12.42706258,-19.01305837,3.772940667,-1.114145991,-16.4970579,3
2.022598992,-15.58765214,-24.51109412,6.237170667,-5.381383383,-23.0557163,3
-0.0368117564,-17.47704113,-25.59757228,8.431197147,-10.06818018,-32.32456984,3
-4.206757863,-12.21702882,-14.50959965,11.06253523,-6.029200795,-38.56109312,4
-2.307677989,-8.651993946,-0.586096353,5.623456697,-4.089495558,-27.57116199,4
-1.819696455,-4.30826227,11.28055922,-1.99818951,-3.467669403,-9.850114221,4
-0.308482339,-3.793305284,17.72647718,-9.439539406,2.041487285,7.033620825,1
-1.126855096,-2.730728857,21.94671829,-17.41417572,4.573840895,22.81815437,1
-1.834330552,2.481188151,18.32241424,-8.729685601,3.263224446,5.994024687,1
-4.358391558,4.727706338,9.342655094,-3.307205439,9.50093282,-6.632362294,1
-1.843955849,15.13039714,2.894600748,1.551148888,2.797186887,-10.72636136,2
-0.0197280764,2.418157611,-6.693545803,3.862996977,2.151097454,-14.46491378,2
0.978923121,5.153067088,-13.40142826,5.919529297,0.511440433,-18.08971095,2
2.338731172,2.62167272,-18.85055223,8.230099677,-2.03325693,-21.5872972,3
3.089959532,-7.471169407,-24.61149413,10.59438822,-5.577057992,-26.12973518,3
2.914601402,-11.614033,-29.85531697,13.5701747,-9.122600953,-34.13103744,3
-1.929298214,-7.118190081,-17.09887567,17.53786081,-4.703114929,-40.6612242,4
-2.671951426,-7.787228274,-1.815203528,12.50720628,-2.668445946,-31.94458026,4
-0.922961089,-4.72963895,12.70837951,3.298950576,-1.959825402,-14.42607271,4
0.409172413,-1.33019928,22.90633672,-5.459814331,0.189796878,2.755576301,1
-2.361284469,1.120249331,24.16177597,-14.46542749,3.057279971,18.81862837,1
-5.07753623,4.054396986,24.9659321,-10.64095025,1.323857315,15.01474883,1
-4.950137534,8.850899416,14.25029736,-9.013540899,5.262414233,4.02383166,1
1.457256999,11.10392902,10.48084869,-4.758216299,10.69891806,-4.296498652,1
6.085040612,-1.245836179,0.582090068,-1.042191499,0.370701935,-6.661052227,2
5.931253762,4.704369861,-6.56171699,0.155007173,1.84854665,-10.67222049,2
7.039176622,4.968339775,-13.08695048,2.08190616,0.454091185,-14.68748565,2
8.118182452,0.988161422,-17.85669039,4.850938057,-2.525960052,-19.0498044,3
8.316317332,-6.814318786,-22.3009992,8.352142217,-5.663168236,-25.49640925,3
4.924777422,-12.42251029,-22.96561632,11.91051228,-12.2667838,-34.99876076,3
0.243063146,-3.929198049,-13.49490433,12.75170394,-10.85578543,-40.57391509,4
-1.678140661,-4.701048076,-1.247780753,8.184639997,-8.523369977,-35.04435326,4
-0.540724161,-1.549835656,10.91676308,0.263629759,-5.375719123,-19.97197391,4
-0.0629738504,1.601359024,19.21473817,-6.548623497,-3.52524857,-2.429263623,1
-0.620665339,1.247287302,22.77929375,-12.1887039,-0.981647959,13.97134313,1
-3.984693638,2.200747218,22.55686155,-18.01392794,-0.29939849,27.30843986,1
-4.261732855,1.083953099,21.07436462,-13.23572223,-2.355199543,19.03978669,1
0.536718446,9.52644285,16.67636304,-8.766114086,5.219847353,8.040142531,1
3.263440142,-7.17060486,5.536805367,-4.741474724,-1.613970601,4.161636824,2
3.846184322,-3.976333177,-1.594794879,-3.243832656,-1.405637765,0.0419128579,2
4.451587482,0.109683806,-7.809102934,-1.733921439,-2.867380685,-3.808606501,2
5.103009702,-3.748884305,-12.56780507,0.948757317,-5.113623265,-8.980016807,3
5.142797262,-10.3548539,-17.08871815,4.323036677,-7.849905678,-15.67391496,3
3.819518462,-12.98526438,-21.80654257,7.002289347,-11.82564184,-23.91287349,3
0.710804786,-14.16689797,-19.64928181,8.525124987,-18.1025605,-32.63964797,4
-1.077434883,-19.43349661,-7.755481367,6.164916147,-16.96479632,-26.86320382,4
0.439595798,-15.51884232,4.833734307,0.518185325,-12.10379275,-12.43371998,4
1.862331812,-11.70506967,15.48922943,-5.483129407,-9.242595275,4.618218564,1
2.001838992,-8.789280136,21.28762299,-11.50649571,-5.646781916,20.56000486,1
-1.990887617,-8.562245386,22.2833688,-17.83359999,-0.965324812,29.64203077,1
0.0728806136,1.784288179,21.16388763,-12.11743371,-2.052409177,17.8095819,1
-5.143314565,9.371553441,12.99403759,-8.509895648,7.64620849,5.187819887,1
-3.882125407,25.2361763,10.61966566,-4.443822645,1.367693232,0.00936649791,2
-2.888316023,24.69441811,3.797403261,-3.216395181,1.864208246,-3.690519052,2
-2.093814926,27.84815253,-2.330361927,-1.962086703,0.773710246,-6.547519723,2
-0.788271974,22.43353733,-7.719437593,-0.202333183,-0.650109965,-9.725157227,2
0.285249902,18.37279417,-12.19241127,2.009097176,-2.148623258,-13.65406195,3
1.011719433,13.02074109,-15.80445465,4.556371597,-4.177412684,-18.4353283,3
0.0174923676,9.750630713,-19.91298598,7.510509127,-8.129486298,-26.01021957,3
-3.124332105,8.505399348,-15.86088971,9.155726327,-14.94804355,-33.79330185,3
-5.309598778,6.260406841,-5.882659431,10.09778658,-10.55560193,-36.95397232,4
-5.229676721,9.354130671,6.061596974,6.021891867,-8.600357539,-26.88922873,4
-4.210224303,11.0737188,15.06607403,0.322881051,-6.597567413,-8.89617633,4
-3.889448425,12.6003916,20.72164682,-5.616544728,-3.31551742,7.925453385,1
-5.334482369,11.63305505,22.02941482,-13.11538079,4.409470317,23.65192492,1
-5.600634047,13.00509685,23.08713548,-12.9729573,3.943523399,26.6208666,1
-9.5802122,14.83965268,15.75518571,-9.200445911,11.98667229,14.25991826,1
-8.007810778,29.20436703,13.14492383,-4.598173595,6.571970752,7.873428686,1
-6.52585831,15.86692276,4.308525789,-2.17456481,4.763705747,3.663050038,2
-5.816403136,19.26058449,-1.688602831,-1.311935734,5.892962733,0.218522902,2
-4.522817332,15.11137079,-6.609343271,0.283797433,4.265497957,-3.131887973,2
-3.230996261,11.63114261,-11.16154258,1.753786685,2.889522594,-6.53140063,3
-2.227920738,7.4451758,-15.14667033,3.882072267,0.937543761,-10.85946379,3
-2.057062708,4.022477777,-18.98957211,6.057565407,-1.170971886,-16.10132183,3
-2.441717336,2.485581246,-22.84553883,8.623893027,-4.760977189,-23.16456827,3
-6.12875864,2.89549366,-15.64712418,9.872275687,-9.92874268,-28.10748188,4
-6.512576156,-2.71502467,-5.079313905,7.770068657,-7.00103048,-26.21430024,4
-5.62417836,1.58987933,5.620051757,3.501997964,-4.084117194,-15.70583499,4
-4.270588205,5.828099452,14.46502391,-1.701654774,-1.189220701,0.0541145969,1
-3.979161646,5.794399059,19.79961618,-6.064358904,0.850130652,16.29304308,1
-4.468654212,3.466623762,21.98250572,-11.62470494,4.909929528,31.47474966,1
-5.343014581,0.428612513,25.47415646,-16.63330784,8.502762789,41.43961104,1
-5.829147962,5.811345907,25.5228156,-13.75547733,9.662772947,36.74415655,1
-3.821463501,10.1939503,19.01030578,-8.990267234,11.81666828,24.02166638,1
0.48241479,19.57170371,15.74406742,-3.303462846,16.97150083,14.48979408,2
3.690005742,2.220667663,6.711632213,0.763892868,5.78390495,11.19970109,2
3.196433682,-0.354260221,-0.100083268,1.787380215,5.968567616,7.791510968,2
2.906358572,7.487469099,-5.573761313,2.138253716,6.105445187,4.566961911,2
3.518310712,6.372194297,-10.27782124,3.324590775,5.158044325,1.275679541,3
4.500700862,2.875803987,-14.58473018,4.779399287,3.574948862,-2.17534578,3
4.965144602,0.0828870031,-18.76869701,6.485200647,2.222076086,-7.243975202,3
5.020364922,1.770785556,-21.97941888,9.048522707,1.292557092,-14.08467287,3
4.562370462,-2.54809131,-23.99912286,12.8113983,-2.364453602,-22.15987018,4
1.738583332,-10.58675308,-21.04694183,16.77732326,-9.9929557,-29.9398098,4
2.011316812,-18.19643849,-9.761509063,15.65260341,-7.486739466,-27.77037709,4
1.42785554,-10.00820254,1.858601676,11.01042436,-4.278427591,-17.47899289,4
2.843869542,-5.989434903,9.663979807,5.500232647,-0.367039122,-2.09832189,1
2.283691662,-3.870440106,14.80350716,0.269801224,0.733655809,14.28073918,1
1.741108882,-4.816982169,16.06592714,-7.118038642,7.188203706,28.49027249,1
1.129542382,4.185516758,19.31543291,-8.218413538,9.300548014,31.95285393,1
3.995986002,9.594861166,18.13436687,-4.875645455,11.53564352,21.20576381,1
1.137050575,7.05939638,12.95174534,-0.925477877,15.26931978,10.18183128,1
2.668358042,-0.19162608,4.896327233,2.063685819,8.209399335,8.161641723,2
2.393291342,-2.014947258,-1.424178595,3.125237456,6.529472549,6.184064661,2
2.472898882,-5.296602189,-7.038150166,3.665179064,4.738875516,3.929427816,2
2.596000762,-4.838496267,-11.74969029,4.444149587,4.210256401,1.369575335,2
2.755294972,-3.384021649,-15.75166146,5.458508187,2.835393967,-1.542677199,3
3.623447852,-4.736250726,-19.10267721,7.183675007,0.570537809,-5.388877512,3
4.390376872,-7.071837545,-22.36864491,9.057296607,-0.623988192,-10.63820635,3
4.374735202,-8.200365716,-25.41254711,11.22915038,-2.293081948,-17.03142777,3
3.463558662,-12.0374688,-27.48043797,14.04936897,-5.048583874,-24.24223999,3
1.18218545,-16.10308776,-26.24819718,17.44842232,-12.5013445,-31.27566105,4
-0.469850059,-22.06866,-15.24402933,18.90062867,-12.21402067,-33.14886732,4
-0.343911002,-14.2571553,-3.355893935,15.14073487,-10.20892084,-24.45639289,4
1.207320603,-10.35217356,5.852415791,10.01381689,-5.154950263,-10.08128116,4
1.370596946,-7.8110622,13.24827166,4.423470517,-2.2295778,6.637199762,1
0.557648074,-6.924013785,15.31229853,-2.936270602,3.973337642,22.44754197,1
-1.412348729,-7.087133254,18.8915072,-9.249127662,9.630359707,31.98236288,1
-1.254851404,2.778914411,19.44024981,-7.691966836,10.91315723,28.09831657,1
-0.456923773,3.452851676,13.15337043,-2.453772252,9.368142103,18.6467443,1
1.057458657,11.67902809,10.3548697,1.487236196,8.942953324,12.08194243,1
1.677029772,6.680313974,3.594053393,3.707877838,4.601605443,9.219315045,2
2.027283042,4.478146207,-1.770447758,4.209390427,5.16325078,6.289240184,2
2.645802712,8.975859663,-5.988982113,4.815839837,3.973703716,3.649763186,2
3.034312732,6.971936068,-9.346263258,5.663942107,3.045878816,0.0953357809,3
3.294711112,4.257057347,-12.58679602,6.872571787,1.069316085,-3.527693635,3
3.159666972,2.02191882,-15.43754265,8.226032057,-0.261493883,-7.637555057,3
2.716020042,-0.267378436,-18.76132513,9.665720007,-1.764446076,-12.83932998,3
1.093765614,-2.799036735,-20.61304434,12.35774984,-6.711555835,-20.57489486,4
-2.016800835,-5.865731402,-14.41977138,13.92382323,-14.21797601,-27.13330974,4
-2.617163283,-10.66694219,-4.346119166,13.4920143,-12.08191363,-26.42014445,4
-2.617162564,-4.462004174,5.646881139,9.194644507,-9.39797427,-16.2509387,4
-2.087177258,-2.088797256,12.35775042,3.886114137,-7.231993972,0.0769675689,1
-2.254797877,-0.221763401,16.5291603,-2.191912351,-2.387728314,15.40643081,1
-2.686183766,-0.239585303,18.98606492,-8.28649945,2.37907734,27.47886608,1
-3.598607644,4.638287821,21.07241172,-12.66753759,6.732726071,33.51466301,1
-1.599546674,5.573138562,15.95928155,-8.314890202,6.626635352,23.6806617,1
-0.262604356,2.319008268,11.18549462,-6.092865577,11.75080528,15.10578973,1
1.084651699,0.888544351,5.283545647,-3.310182384,7.990587406,10.17570485,2
2.188726992,0.962846266,-0.345920566,-1.378222305,7.475772538,6.9677949,2
3.180689242,1.748063259,-5.287516695,0.162221749,6.41829603,3.612595498,2
3.953098542,0.710411288,-9.62576238,1.789634403,4.90564148,0.199168664,2
4.886320562,-0.0461019049,-13.11880301,3.573852854,3.683195318,-3.424163535,3
5.855146782,-1.63551168,-16.62831447,5.402347087,1.90852626,-6.972037546,3
6.546818372,-3.334034156,-19.94063456,7.367105287,1.088827633,-12.47195029,3
6.728543022,-5.28606078,-23.0551902,10.2629254,-1.219278677,-19.72777387,3
5.320403672,-12.56333722,-23.07118296,14.15684469,-7.398444349,-28.96493764,4
1.467762419,-12.75469072,-12.49935621,17.23696995,-13.37499615,-34.58423183,4
1.668720502,-6.25240232,0.0142555249,12.49362886,-10.002878,-24.45472115,4
2.255449802,-2.156784552,10.1515373,6.235693607,-6.087856054,-8.51857328,4
1.878618462,-0.159161276,16.82543467,-0.0449708298,-4.252613886,8.278472904,1
1.654967102,1.399954365,19.94949741,-6.925546458,2.051710607,23.98196139,1
-0.33729591,3.73474677,22.35161024,-11.44287202,1.730322973,33.7591152,1
-0.751958135,8.350894084,22.46646947,-9.408606584,-2.425568092,33.39925189,1
0.974353946,8.464880223,16.74054298,-6.748311195,2.101805571,24.03221679,1
-0.584181301,10.44352794,11.03871099,-4.363533427,6.093029534,15.26011354,1
0.861496791,6.656744873,5.196982187,-2.173751059,1.822981331,11.09037157,2
1.172457459,4.634925487,-0.561952244,-0.479193461,-1.338577558,7.84774827,2
1.318135323,4.097760404,-5.188977061,0.513465277,-1.603156079,3.606755675,2
1.419559575,2.835607785,-9.252502845,1.841842325,-2.404832632,-0.513102708,2
1.704618842,0.595160589,-12.88209964,2.902439032,-2.756455698,-4.508288998,3
2.091818972,-0.198552787,-16.59129917,4.264528687,-4.017999327,-8.682956268,3
2.557125472,-0.842244452,-20.17077307,5.865269457,-4.43298164,-14.13803959,3
2.330030322,-2.918250654,-23.05278878,8.030857487,-5.373283251,-21.49997054,3
0.989702113,-7.787178377,-23.28848166,11.69955149,-10.24885874,-30.53731701,4
-1.497181295,-11.88314309,-12.1516616,13.66809102,-10.68137912,-33.62833371,4
-1.527379407,-8.532070556,-1.112059335,8.760727927,-4.713507393,-24.58228223,4
0.880231653,-3.06663837,7.462899438,1.486175262,1.405749761,-9.879593031,4
0.870094343,1.575074942,13.44061711,-4.300004639,2.846010872,7.00606121,1
-0.414425678,2.542957305,16.62510645,-11.07790342,7.690304221,19.3159481,1
-1.930726006,4.869893976,18.23434566,-14.35284083,9.137157048,25.14557752,1
-1.654543542,9.545752223,16.8266331,-11.75510515,5.744787298,21.71507842,1
-1.043184187,6.912653443,10.3905295,-9.102975472,8.435391767,15.48348008,1
0.480557327,7.715824783,5.393179194,-5.563541216,6.495876183,9.948157407,1
1.171463083,5.86148664,-0.344752515,-3.058704877,4.451663147,6.753074919,2
1.52383512,5.721801178,-5.421528551,-1.516639472,4.261124309,3.382549065,2
2.187052282,5.436237746,-9.964632816,0.222060864,3.139250134,0.418219708,2
2.795667012,3.139727529,-14.12801886,1.794913793,2.036273757,-2.900985482,2
3.336842892,2.257341575,-17.86935268,3.764059637,0.370316271,-6.907603659,3
3.825401282,1.629097951,-21.27869653,5.577190387,-0.775411687,-11.21514807,3
4.175857532,0.137255121,-24.60316858,7.464503737,-1.944895645,-16.29030174,3
4.070867242,-2.215110485,-27.53984028,9.878635767,-4.075362143,-22.53310516,3
1.644654173,-6.95944562,-24.61791412,13.05946973,-11.73503141,-30.82469072,4
-2.556282923,-9.061382926,-13.563919,15.04825139,-15.70916261,-35.28131607,4
-3.011750953,-12.71875057,-2.142793657,11.35438901,-12.91176047,-29.03933545,4
-1.022584592,-4.210125497,8.931636427,5.309203827,-7.956501845,-15.94289463,4
-0.885992188,-0.497311261,17.24659612,-1.151547672,-6.681579528,1.33750581,1
-1.265925411,2.203393263,22.9231272,-7.275620532,-2.365879873,17.49288018,1
-2.242998525,0.936918558,24.84703216,-13.35911531,3.675042754,32.59647236,1
-3.711776715,1.179434464,26.5354143,-18.39636189,6.801896378,39.95461081,1
-2.876579236,11.30798319,24.81873229,-14.47292335,7.98323306,29.85085038,1
-0.354307555,6.695027153,19.47560878,-10.78852572,13.57837308,19.98666092,1
1.219952651,8.740222553,15.28947793,-7.289856852,11.36810298,14.79642882,2
2.378300872,7.047179613,8.663870311,-4.933400493,8.143910441,11.63290071,2
3.159238922,6.163225283,3.329911055,-3.705888615,7.136812687,8.443866766,2
3.721448242,2.290029304,-1.082593816,-1.925986935,4.722549762,4.944885219,2
4.409974752,1.040762678,-4.97437471,0.0415227132,2.831040567,0.446839679,3
4.651840672,-1.51794653,-8.900873568,2.002135396,1.389011932,-4.439844127,3
4.751796942,-2.987194524,-12.70485803,3.913583477,0.0930194335,-9.685890586,3
4.022204852,-6.428076115,-16.54679284,6.570319427,-2.425927094,-17.13253566,3
2.331303622,-10.40390779,-18.39913948,9.573147907,-8.728694014,-25.0172517,4
-1.343126034,-12.72217392,-11.36900784,11.51919264,-15.5688384,-30.90001386,4
-1.960028724,-18.94560735,0.489868217,11.72921633,-13.54500151,-29.106162,4
-0.620975854,-13.84727864,10.48492362,6.795096807,-10.26513003,-15.43068238,4
-0.628745732,-11.17845916,17.9830054,1.307510858,-7.726789654,1.4825849,1
-0.391630715,-7.910517385,23.20628159,-5.068050748,-1.662688188,16.66440889,1
-0.890672369,-6.788509552,24.47348561,-11.14526249,3.105591458,30.19671802,1
-0.73385909,0.22240549,25.04277142,-11.58111698,4.145606559,32.40826391,1
0.732491169,2.168448299,18.90424119,-7.475530509,4.266062629,22.42426649,1
-0.182462212,0.564502181,13.48771664,-4.815419968,9.380499614,13.5899545,1
0.703104018,5.783416515,9.535953741,-1.64751064,7.114709608,7.616134449,2
0.785461431,3.37340643,4.104985086,-1.093873058,9.095741416,3.741888283,2
1.396912015,5.70886228,0.00411788194,-0.147126147,8.039093134,0.700520265,2
1.673511622,3.830213681,-4.316537045,1.041470579,5.640097092,-1.975452311,2
2.108433862,0.441202373,-7.822934468,2.545578655,3.940184662,-5.538170599,3
2.433084452,-2.024828781,-11.17456321,4.099781227,2.772646476,-9.954242321,3
2.075980802,-4.535947056,-14.20616234,6.098181237,1.544525912,-15.69511502,3
1.005512008,-5.510190711,-17.01009272,9.018499067,-0.804672477,-23.32472595,3
-0.612669582,-11.37464974,-17.05903842,12.18877299,-6.877713701,-31.48480414,4
-1.384913096,-16.58362338,-6.344172342,12.08400308,-4.3801009,-32.62516495,4
-3.766372992,-14.03915003,2.30071436,8.158442517,-3.116486589,-24.6303841,4
-3.451148531,-19.09203829,10.10661473,3.178143536,-2.818777693,-10.29411206,4
-1.027567267,-24.66234842,15.44233224,-0.502884586,-3.972452478,6.503293445,1
1.407605291,-25.75430744,17.53935032,-5.554084553,0.138062805,22.32235351,1
2.161339292,-17.58860949,21.6724331,-11.16851321,5.782516805,33.81389989,1
0.901532323,-7.45610448,22.67143837,-14.06452581,11.22439952,37.78621107,1
0.643642386,-0.95853295,19.50957173,-9.914481542,8.957773232,28.6844129,1
1.492810452,7.997904176,14.73263389,-3.53321419,17.08971925,17.77261583,1
1.945457552,8.000264272,5.993041573,0.477077015,9.664917349,13.03845826,2
1.949912802,10.54560223,-0.76692361,1.901203701,10.85754817,8.52658404,2
2.014676052,14.68604862,-6.471865641,3.499344592,9.227739872,4.726677557,2
2.335993272,12.05704819,-9.950197607,5.022248767,7.499892973,0.504601976,3
2.219655592,7.06650595,-13.70821844,6.133577847,4.272230465,-3.239943101,3
1.641008697,4.550112949,-17.50668535,7.354348947,2.994164451,-8.569075169,3
0.654986111,2.309803032,-20.36246871,9.244177757,1.370152418,-15.62102982,3
-1.501155148,1.174981406,-15.02543806,10.86195922,-4.636856122,-24.1048302,4
-2.2756559,-0.335973672,-5.267002057,10.71591714,1.320451817,-28.96070016,4
-2.078344959,3.886066474,5.520082103,6.509379167,4.022930774,-22.44277773,4
-1.660428257,5.809656525,14.39192762,1.634454258,0.870634559,-8.362176813,4
0.263609813,6.655828648,19.50726463,-4.764876253,4.633558848,8.424687309,1
-0.0759316434,5.687581009,20.32188938,-11.08285981,5.506544975,24.11865663,1
-1.62321004,6.402126547,22.36646863,-16.64778301,6.316735603,36.94462929,1
-1.3441997,11.31648643,22.27422778,-12.94845284,6.041032269,32.34313469,1
-1.545290092,12.90782031,16.63780636,-9.407014668,13.69778179,21.06945995,1
0.648413602,18.79834817,10.89646935,-4.878217305,13.57682776,14.46216485,1
1.701913652,11.71886396,3.336956496,-1.583533382,6.869984524,11.00449411,2
2.253202672,8.562816824,-2.472742572,-0.509043406,9.617470774,6.473047586,2
2.483988302,11.58661374,-7.606182801,1.107433814,8.215421468,2.591761456,2
3.342485582,8.57130027,-11.43832932,3.162564016,6.174494515,-1.221114468,3
3.730838822,4.625768489,-15.99701319,5.298473397,3.111103712,-5.183120582,3
3.916584842,1.929524603,-19.81187291,7.418012407,1.820218332,-10.92069539,3
3.217526672,0.966485477,-23.87954509,9.729869677,-0.800248523,-17.73759338,3
0.245359421,-4.12902937,-19.90150519,12.20165626,-7.083187432,-26.51771715,4
-1.390388293,-7.094731518,-8.649915282,13.72077087,-2.87545188,-29.79393392,4
-1.463798567,-2.428197727,2.87001057,8.860145337,-4.143156113,-20.37464931,4
-1.483255694,-0.560922523,13.01409248,2.312754021,-1.059641541,-4.740390602,4
-1.597310219,-3.754949651,16.82637044,-3.222262503,-2.045218062,11.81068015,1
-2.481283227,-4.78450984,19.06375316,-11.18344353,3.120494903,27.28420723,1
-4.47993059,8.453268541,21.47783474,-12.93109469,10.43988247,27.76311992,1
-4.038777697,8.171172664,16.58616582,-8.905008759,9.986145469,17.31313751,1
-1.113016507,17.52763207,11.43927022,-2.677379142,15.38581914,7.420309558,1
0.443583588,13.16093172,3.624378284,0.114406356,12.41613343,3.791767228,2
1.208918768,13.83248888,-2.372912967,1.478201205,14.32918205,0.889706326,2
1.954229762,16.77397851,-7.248108555,3.059177837,13.79757244,-1.734508058,2
3.187956412,13.80887288,-11.07922864,5.070191167,11.55664027,-4.872831861,3
4.255432282,9.736433317,-14.68427199,7.488211067,9.400010655,-8.906046699,3
4.811343252,6.390565828,-18.22051159,10.21223392,8.33299058,-15.52479105,3
3.561300852,3.841686718,-19.67331952,14.26492222,6.026122594,-23.77792852,3
0.48330597,-2.598339229,-11.05471947,18.16552233,-3.843399708,-29.5486541,4
1.001179308,-7.394217204,-0.0885195271,18.07645602,-0.0412963435,-28.87741868,4
2.947637552,1.223734088,11.4208964,12.81056442,3.360785702,-15.808904,4
4.453952162,1.822589664,17.77770827,6.776374397,0.381237992,1.462773085,1
3.811302932,2.263744664,19.00444768,-2.406970738,7.567031619,17.60999203,1
1.580305811,9.649922073,22.62392059,-8.576466901,12.48990692,26.55078676,1
2.671483462,16.44694678,22.70267317,-5.99965289,11.00118454,20.80654284,1
2.830830492,11.61614857,15.57754767,-2.147174393,10.76174065,12.50422132,1
4.199215052,14.64133313,9.937523771,2.492605932,10.48126115,6.387503712,1
4.014721352,12.06044405,3.166128815,4.648290517,8.086189156,3.048228648,2
3.319704902,11.99550791,-2.177963243,5.593230977,6.695915812,0.370905613,2
3.311183552,9.51733433,-6.336687382,6.311248987,4.748947955,-1.812234277,2
3.035492782,7.351498608,-10.016045,6.873742557,3.409546619,-4.447798995,3
2.704238242,4.67995742,-13.96299728,8.169508787,1.303012649,-7.879359536,3
2.646876072,1.932998598,-17.49106058,9.732085927,0.76214747,-13.39371423,3
2.026507592,-0.16275495,-20.56442472,11.79444299,-1.672212095,-19.77940067,3
-0.535326751,-10.21637697,-19.02149258,15.0517156,-8.670262692,-28.29149042,4
-2.422245409,-14.57341007,-8.959186702,16.61177712,-11.34834323,-33.20708724,4
-1.816039761,-17.5416127,3.021451674,13.57906215,-7.539937691,-27.362408,4
0.470790082,-10.88165441,14.18633778,8.717728347,-6.650756715,-12.93568997,4
3.871362832,-12.1480877,17.85027541,3.928011877,-7.439718052,4.148928914,1
4.181573892,-13.18852306,20.34782979,-3.13770908,-3.215724747,20.12126792,1
2.557286412,-2.231848794,23.04885484,-9.052504992,8.463991421,28.34275482,1
3.372765362,9.331246499,20.53743942,-5.540198433,8.855639018,19.79318013,1
5.419633332,14.65194832,15.82322321,0.453963556,16.12350988,8.462358261,1
5.484504262,11.82896935,7.900738189,3.525676631,11.24861604,4.465467468,2
5.132886372,10.72112073,1.928525073,5.296709277,10.09998707,1.318876902,2
4.713263182,11.75318213,-3.580366279,6.377255497,9.199488807,-1.852832095,2
4.250923762,10.33187943,-8.301452408,7.812633457,7.76653734,-5.501516214,2
3.652784962,8.595811054,-12.1548925,9.455565787,5.709634425,-9.050243183,3
3.559993842,6.080188404,-16.34307322,11.29601678,3.791611514,-13.63800888,3
2.945742692,2.374821129,-19.40077574,13.86650963,2.290522646,-21.00815534,3
0.982196935,-7.010039346,-16.17675509,17.94901355,-6.173505961,-28.49551442,3
0.183607004,-12.10282278,-6.803312727,20.43356564,-9.33401403,-31.12589805,4
0.582411194,-7.068518128,3.680963601,16.68712009,-4.665822492,-23.56549197,4
3.559477842,-4.43124227,12.16540721,11.36515197,-2.355426393,-9.219075991,4
5.506769902,-5.283655952,16.48990706,5.549240657,0.170128449,7.623575838,1
5.939490322,-4.651055887,18.18891129,-2.32039681,5.089788524,23.36970086,1
4.961211082,3.283154808,21.41146395,-8.424500428,10.94284259,34.87899058,1
3.934863192,13.76548748,23.0746665,-10.29216564,15.44924321,37.54864048,1
5.317300652,15.96131406,19.71617809,-7.383612011,15.90070857,28.74096086,1
7.117865282,24.18475403,15.67780124,-5.341923471,20.3108291,19.4904387,1
6.915712042,17.33524094,10.02528995,-2.070694525,16.04000831,14.20386603,2
5.614099792,14.46075136,4.313117376,0.0438235782,14.89137072,10.1788861,2
4.517430622,13.83671715,-0.639738777,1.681427973,12.84943544,6.044910216,2
3.690841342,10.01975819,-4.800756779,3.346031243,10.00613585,2.48058014,2
2.872369562,8.110295112,-8.917869528,4.939018107,8.54898051,-1.756694387,3
2.066453872,8.038282865,-13.01728059,6.600154937,7.396798423,-6.411008682,3
1.604572698,6.4257085,-16.61386786,8.848532367,5.439466269,-11.67624561,3
0.494759083,2.928814425,-19.06683477,12.03334877,1.589463841,-19.98125727,3
-0.937681814,-2.826427668,-14.88008502,15.80157531,-6.465831289,-28.29096056,4
-1.409617258,-2.808288819,-3.436850078,16.44755708,-3.674658784,-31.6548843,4
-1.130108242,-2.424265615,5.946106762,11.42828122,-3.506013442,-22.11742429,4
0.323793173,-1.883449754,13.50076915,6.553490257,-2.622164359,-4.435036243,4
2.568665232,-0.811599134,17.23516883,2.774405813,-2.852349863,12.09615467,1
2.906069502,-2.977517326,17.3776559,-2.515988094,1.68592109,27.55109617,1
2.333398152,5.081190562,20.78167136,-7.409304545,9.594417347,33.46496815,1
2.735293132,8.446891496,16.33716022,-5.424057844,10.49510491,26.27170771,1
0.394044678,7.605920541,10.02580725,-3.488586115,16.59974739,18.2066474,1
0.0216728056,8.774235942,5.030346847,-0.475604541,16.50742026,12.23276816,1
0.339129093,6.484422257,0.0789764879,1.62397682,13.75280276,7.649668081,2
0.145669451,7.026887409,-4.685142891,3.360369036,11.64243856,3.223385887,2
-0.559716037,5.214421727,-9.061115504,4.950932327,9.454891144,-1.012577851,2
-1.112386335,2.833011582,-13.28729793,6.218399547,8.03213401,-5.116310553,3
-1.613677628,3.206893789,-17.57063416,7.405832897,6.4899111,-9.010987686,3
-1.692915756,1.153870816,-20.72574117,9.556060447,4.241940507,-15.55236778,3
-2.367015243,-3.498364771,-22.82656809,12.64017623,0.757991112,-24.34064839,3
-4.035838979,-12.20432327,-20.07291478,16.56708122,-6.050085373,-33.73496046,4
-4.449619336,-9.107018636,-8.668107657,17.52433017,-6.817058156,-38.07662093,4
-3.01653238,-2.708595148,2.575840996,11.86125719,-6.338031277,-28.23532135,4
-1.646943034,-2.46169593,11.07660168,5.689692157,-5.219638791,-12.88849909,4
0.243434538,-0.40150499,17.75385179,0.296424403,-3.603343841,4.193047475,1
1.227932985,0.798872385,19.92340104,-5.804198299,0.411615359,20.16251418,1
1.160389493,3.307404887,21.56576352,-10.51721453,2.662153526,28.39423011,1
4.310430422,8.477881634,19.18269266,-6.589671017,-1.049750932,20.75822228,1
0.609969377,4.560286832,13.65068551,-4.116377017,5.10267825,11.45719189,1
-0.73112782,15.04043586,7.913584359,-1.86867646,11.29612973,3.782426873,1
-1.08339375,13.79602637,2.048816675,0.11199002,11.68667761,0.930644604,2
-1.190698398,12.60332751,-3.530987744,1.762044478,8.192398441,-1.480664901,2
-1.44747926,10.93991559,-8.273666721,3.059797766,6.502650965,-4.445773498,2
-1.449620743,9.254661898,-12.43736981,4.438961507,4.909005341,-7.62265605,3
-1.361719134,6.793996272,-16.20482873,6.249379867,3.49610202,-12.33018571,3
-1.100726352,4.406110085,-19.21788737,8.376549657,2.182138467,-18.12548755,3
-1.572974436,-0.172750945,-21.59519907,11.18181547,-0.37993451,-24.95165083,3
-2.867320327,-7.500299801,-21.89151445,14.52268275,-6.08078012,-32.87070557,4
-3.294094534,-7.253868325,-10.76120286,16.58408957,-6.081821684,-36.89312337,4
-2.808948398,-5.050070117,0.0994611939,12.35860075,-4.699470973,-30.78959301,4
-0.960141904,1.097143456,9.801545581,7.527053527,-3.750837172,-18.1131614,4
1.263514841,2.393667668,17.78866942,2.406066434,0.339289567,-1.679414542,1
2.253624092,2.462863688,20.80134444,-1.963297141,0.253564022,14.67237391,1
1.418452552,1.547555058,20.34310324,-7.900907983,6.663371972,29.95959281,1
1.247111654,7.023340225,22.70866317,-12.33536194,11.70766416,35.576094,1
3.148253062,18.71354434,20.24721115,-9.028547051,15.17135766,24.42224921,1
4.615181382,22.28546747,14.4790064,-6.796319884,24.56521998,14.94923392,1
5.262410122,16.35135421,8.267268656,-2.947109343,14.94506534,10.39243311,2
4.255692642,12.3801193,2.34619539,-0.854012432,13.38094183,6.939941947,2
3.592174972,11.90793419,-2.429432114,0.549485362,11.36829972,3.467346598,2
2.962914362,9.834316439,-6.858383582,1.955486918,9.312842121,-0.337465164,2
2.587707852,7.987093631,-10.55543396,3.560027853,7.673828732,-4.523396828,3
2.004967432,5.22897237,-14.58598236,5.161434387,5.708891563,-8.973248703,3
1.569441026,2.992149592,-17.88076505,6.938227797,4.30898072,-14.44022852,3
0.0436887046,-1.37097708,-20.22691311,9.240094497,0.827620603,-21.80881109,3
-1.845660191,-7.17262026,-19.36607582,12.37756354,-7.056879247,-29.52120574,4
-3.53700209,-6.081764622,-8.841751886,14.27315275,-12.597706,-32.9724251,4
-2.745965722,-6.247563956,2.349923442,12.58875851,-7.537227176,-32.4458499,4
-1.660722178,-1.594957756,13.62608077,8.203666347,-5.135754804,-22.57575949,4
1.269660114,0.0268384851,20.44381638,2.197210039,-2.006492726,-4.863531915,1
3.416692802,2.754513438,24.10716778,-4.027161729,1.940764305,11.69555585,1
4.097741362,1.929989081,25.1895572,-10.21386293,5.234667568,27.176578,1
3.219002732,6.38994898,27.64589778,-15.15090145,7.093718903,38.45689897,1
3.256277242,13.92373239,28.03000467,-16.46193734,9.401459313,41.1509055,1
3.579710842,14.05537986,20.72742422,-12.92818845,7.01757898,36.25967023,1
4.096664292,13.31667269,15.57267917,-10.17435419,11.07520239,26.9959892,2
4.149318362,10.13607442,10.34970804,-6.754413461,10.47082824,20.12106823,2
3.502660202,8.656636098,4.059607769,-4.226683969,5.5184028,15.91450299,2
3.392820742,10.29497416,-1.027742286,-2.28522306,2.765450499,12.19389586,2
2.853528252,6.314213362,-5.688517223,-0.530260696,1.369912007,7.877077084,3
2.567399622,4.971338708,-9.93757452,0.965408337,0.776510981,3.665467499,3
2.208505362,4.128652955,-14.4111762,2.912065816,-1.165058568,-0.141811946,3
2.282261842,1.56361773,-17.85194666,5.153193937,-2.00221097,-6.003947745,3
2.220086252,-1.685279319,-20.85760883,7.950259977,-4.283918078,-12.86080467,3
1.011588902,-8.851274696,-21.9226639,11.61228029,-8.749108273,-21.68474304,4
-0.670069901,-14.64772355,-16.18305459,14.83819908,-16.99061958,-29.8919863,4
-1.002469098,-14.71728256,-4.920231566,10.12536151,-14.40979929,-23.21806584,4
0.970126878,-6.992482612,5.967459323,4.401589937,-11.63589635,-9.584192509,4
3.306533662,-3.939944238,13.98266756,-0.879008082,-9.285474975,7.282229927,1
5.295128712,-2.147598212,18.73920574,-4.9957566,-7.476499428,23.05057799,1
4.695069632,-2.813907216,18.59701253,-10.53924637,-3.391175828,35.66246824,1
3.871319762,6.924934062,20.2124796,-13.17969376,1.770274102,40.28680677,1
5.154082752,13.07582934,18.74552102,-11.02639352,3.62042695,32.79147395,1
4.501614882,12.24840645,10.8786514,-8.776353637,1.662586449,28.79266297,1
4.132527502,10.32448259,5.849522327,-5.940657007,4.586176648,22.40327466,2
4.227053512,10.208652,0.534379374,-2.84651485,0.713744186,18.04614145,2
3.483940682,6.438153747,-4.342338428,-1.47919644,0.695033873,13.83260484,2
3.281442612,6.656799037,-8.867785616,0.25259585,-0.841880056,9.833782381,2
2.828377462,4.073202347,-12.92774069,1.934722828,-2.613017201,5.559354826,3
2.394377932,3.119612481,-16.92553485,3.575881673,-4.209737999,1.48870451,3
2.411329852,1.121942422,-20.53440927,5.351096347,-5.735288175,-3.074405204,3
2.320883182,-0.308570264,-23.9614784,7.147827827,-6.203374013,-8.945292523,3
2.054034092,-2.202757337,-26.84952644,9.463367477,-7.23057479,-16.08004222,3
0.321395744,-8.956076536,-25.85455924,12.81677182,-13.17086859,-25.0907657,4
-1.569145054,-8.911401036,-15.84310421,15.25050757,-15.95777558,-30.36574148,4
-0.80191625,-11.34918732,-4.137000442,12.81553993,-13.35330066,-28.07917187,4
1.431804266,-1.957177408,8.052724274,8.142992107,-9.97911804,-16.02772493,4
4.687357892,1.44902139,15.2685747,1.521591043,-8.011734615,1.258198317,1
5.463998092,1.823600157,18.26799457,-4.809296841,-4.897393355,17.41873593,1
4.141166122,1.757056478,19.59742145,-11.41297425,1.560170972,32.52715522,1
3.929159202,9.046581297,20.55816845,-10.31446138,2.347641866,31.64747754,1
3.203453712,8.798377271,12.672629,-8.647709759,6.41425465,23.7951994,1
5.227071902,13.20357372,7.210799895,-5.585943445,12.36734497,14.82345354,1
5.847378362,5.016097917,0.202177039,-2.651488596,6.190749283,10.69902794,2
4.864168482,2.041618923,-5.447144898,-0.542371746,4.823542487,7.490823441,2
4.319982212,1.341489713,-9.750162853,0.866665621,4.287424378,3.882525631,2
3.909572402,-0.242890626,-13.51176938,2.216751339,2.906047871,0.435133944,2
3.583996502,-2.872504027,-17.39604163,3.65080091,0.983788906,-2.904047238,3
3.309915982,-4.891334383,-20.85209458,5.205071187,-0.69957746,-7.097227302,3
3.141099402,-8.303615966,-23.63362571,7.304365687,-3.148047824,-13.4418328,3
1.632234858,-13.91965285,-25.89332769,9.650443917,-6.485160903,-21.08601817,3
-0.267154402,-18.77915519,-25.38926975,12.56599229,-12.65081136,-29.57413643,4
-2.796884262,-16.93167236,-15.55215157,14.43639967,-17.6953262,-34.75938518,4
-2.043601836,-12.40354676,-3.491964294,9.601702707,-15.43668526,-27.31061441,4
-0.687187079,-8.615765716,6.225883195,4.370979277,-12.79908026,-13.21807414,4
1.516712348,-4.617119356,14.13933035,-1.94921703,-9.75254576,3.884929134,1
3.495669062,0.325212289,18.2449192,-8.762442708,-4.918028555,19.87445563,1
2.453968762,1.079422927,20.7326752,-13.64148618,-3.941257995,32.91415858,1
2.913082492,3.790724311,20.8938259,-15.25146027,-1.564785238,36.40363781,1
3.560359662,10.90562892,17.6589412,-12.73479493,3.661043337,27.69086756,1
4.423783192,15.1915159,9.766451611,-10.33578139,5.40101357,22.20767575,1
6.804060162,19.30715227,4.816188542,-7.309649252,9.650805566,13.94278133,2
6.562732312,14.70588515,-0.839475188,-4.130850344,2.983992597,10.41809343,2
5.967070392,12.13817816,-5.407205558,-2.509049693,4.650819186,6.431960219,2
5.666488532,11.23172936,-9.192276499,-0.872632323,3.264162261,3.285989474,2
5.409814362,8.742682889,-12.99020376,0.593669171,2.076560957,0.28920353,3
4.876297872,6.886063703,-16.59352089,2.40657611,0.432815875,-3.371282753,3
4.922401322,4.363536851,-19.97218118,4.510740477,-0.93354461,-8.152442027,3
4.576582942,-0.537397798,-22.77523556,6.863358357,-2.854679498,-14.38463857,3
3.132711452,-5.208171442,-24.98353395,10.13966825,-5.586533423,-22.22523345,3
0.510282852,-10.39094519,-20.1309439,13.67802376,-15.01692146,-29.89213917,4
0.214783303,-10.15698963,-8.141710252,14.86756917,-10.24299623,-33.70961964,4
1.349165266,-5.361125527,3.810542269,8.795820407,-8.283268502,-23.04547376,4
3.328599172,-3.800106582,12.45145595,2.570508344,-5.807397053,-7.075904008,4
4.783786212,1.609084653,17.16065759,-2.584918172,-3.891569565,9.627218395,1
4.096318262,0.364910637,18.27855796,-6.904522631,-0.0306991395,25.24289793,1
4.046673552,-0.513153583,22.29695672,-10.7084579,3.815740997,32.1350511,1
4.269971932,4.903573913,21.42842054,-8.989730079,8.639617537,26.34662986,1
3.280679302,7.900362115,14.43840825,-7.797647583,11.65683997,17.98512575,1
5.018631252,14.0562983,8.315243649,-4.91887714,18.56750069,10.18835531,1
6.296238232,9.109443428,2.338892947,-2.087455732,11.1249685,6.816702399,2
5.519244042,7.550314979,-3.288605557,0.0882549462,10.88640646,3.680949415,2
5.280600092,5.78125802,-7.054150583,1.79200872,8.496746966,1.068728572,2
5.282500392,3.132969883,-10.39771583,3.214471082,6.877088806,-1.893476336,2
5.024003362,-0.19872702,-14.00639866,4.895992617,4.885046572,-5.01201324,3
5.205528532,-1.521900292,-17.0925488,6.951831137,3.2457153,-9.446942133,3
4.742929732,-5.472927629,-19.84515737,9.496197827,0.527475599,-15.48459274,3
3.139216762,-11.39792716,-22.01225465,13.03124576,-3.471128936,-23.37179189,3
0.492522779,-16.45438692,-19.01856038,17.30521952,-12.33193017,-31.24469041,4
-1.857684054,-14.94054705,-8.190029006,19.11891308,-15.85841226,-36.07680009,4
-1.269855603,-3.533539187,3.185714097,12.42318705,-12.95642261,-23.62885057,4
1.078769628,0.9339287,10.90568509,5.509219717,-10.13756634,-6.314468723,4
2.532411742,5.993191262,15.97579648,-0.384401772,-6.294241886,10.33908107,1
1.810220182,6.131033576,17.1022909,-6.129265585,-2.717028442,25.90841538,1
3.016566262,11.41918049,16.44032218,-5.546107519,1.951510026,23.74303148,1
3.474815342,16.6402086,7.903966745,-2.823855822,4.357101197,17.02873096,1
3.644943702,15.4630106,3.593022909,0.0216726972,10.07159175,8.327637151,1
4.131821542,12.52265639,-0.608127169,4.282826867,7.14390069,3.399750697,1
3.691441812,10.366301,-5.748222687,5.624586277,8.309428635,0.400028772,2
3.755079692,12.45808676,-9.588578031,6.656467537,6.459573457,-2.268301485,2
3.741062072,8.78204304,-12.89727829,7.645507597,5.149370894,-4.730626475,2
3.618185182,5.673150626,-16.4450538,8.682909157,3.647306378,-7.290433937,3
3.337408492,4.547845529,-19.91980665,9.994504837,1.772155828,-10.69239588,3
3.659037052,0.298509996,-23.05310296,11.89523608,0.0285227925,-16.6529359,3
2.553056632,-5.929715187,-25.27510017,14.77192749,-3.494536643,-24.00064493,3
0.505801187,-11.12213785,-23.51687722,18.39067006,-11.11602415,-32.20016448,4
-1.794109473,-12.49162725,-12.74566397,20.89017854,-16.60368344,-37.01377889,4
-1.191545188,-2.101864448,-0.154425108,15.79028577,-13.52104991,-25.3417767,4
1.270694293,1.645056563,8.373585553,9.272027527,-10.4399298,-7.771334955,4
2.861349632,7.57344974,13.45804544,2.996340888,-6.083691796,8.9770629,1
2.589116242,9.021537429,15.13042238,-4.053427893,0.451105502,24.63507027,1
2.988767362,16.33928999,15.00959269,-1.519252943,2.855038184,20.62884653,1
2.188684732,18.70779448,6.188887615,1.112197096,6.598044711,13.26593941,1
1.331415635,18.33128424,2.162952752,3.189865635,13.17793264,4.851542266,1
2.516283112,17.50244922,-2.134338547,6.640266807,13.63322523,-0.535489342,2
1.914350882,13.20046997,-7.457696703,8.015308267,13.29096987,-3.186126839,2
1.929275302,16.95150987,-11.26076727,8.903961207,11.46895971,-5.619990012,2
1.817561622,14.10299619,-14.61557312,9.811748467,9.756132602,-8.027522181,2
1.780672902,10.30843779,-18.00876381,10.76722666,7.752983029,-10.52467984,3
2.237427392,7.705157863,-21.47161629,12.27293696,5.821635605,-15.20222137,3
2.150851922,3.525939624,-24.45123256,14.21060387,3.278916172,-21.25956339,3
0.677647702,-3.371360441,-26.40984895,17.21123326,-1.008093791,-28.96301287,3
-1.751666761,-9.780874516,-22.61526619,20.76057383,-9.335351468,-36.85833639,4
-0.844901752,-13.41772564,-11.15222976,19.1852962,-6.024071937,-34.48583804,4
0.260122459,-2.306058413,1.106785425,13.73197884,-3.263646628,-21.69840559,4
2.436124052,1.889767088,9.736467011,7.636310777,-0.741547742,-5.371487572,1
4.112334302,6.364763241,15.7270985,1.919118006,0.991993344,11.22067022,1
2.833294492,4.299864904,15.30317545,-5.11714349,5.776190203,26.73260941,1
4.524873842,7.010118354,16.58770254,-7.272153697,10.05569752,32.26018403,1
7.819957862,17.22298808,13.99774615,-4.039171493,15.93115716,19.44069885,1
6.891112402,19.87072639,8.644354903,-1.69417603,20.23896088,10.38588056,1
9.450005742,22.0500495,3.813835315,2.233142325,27.398036,3.101237335,2
8.287384092,18.29938188,-2.239997157,4.013321827,25.51491053,0.86203429,2
8.289232142,19.14056048,-6.549654706,5.232059517,22.90104454,-1.617327381,2
7.978035492,15.31754899,-10.09693138,6.475760427,21.03502047,-4.11855656,2
7.933961612,12.07026362,-13.36756867,7.724917957,18.52952971,-6.66705167,3
8.028357692,10.26373585,-16.71882672,9.538467117,15.91347218,-10.71657236,3
8.363967462,6.313817704,-19.68749442,11.57518326,13.23874972,-15.94289797,3
7.569081252,0.634730901,-22.14549476,13.77682722,9.830185408,-21.93562757,3
5.716305642,-4.760057011,-23.56579064,16.8260622,3.916123634,-28.92848384,4
2.509435192,-4.43523008,-12.79387645,18.74645011,-1.745031706,-32.97211836,4
3.557507342,-4.460866398,-1.96478965,14.45717195,0.105994431,-26.20147988,4
5.344988552,-1.322310574,7.922846719,9.071766487,2.68389042,-11.84537606,4
7.729366212,2.17318926,16.32782139,2.156446814,3.295881189,5.168258847,1
8.082951462,4.667250519,17.65938528,-6.99036904,11.52970919,21.07423523,1
5.953335132,5.468588744,20.92882993,-13.25833447,12.48420853,35.94466628,1
7.822759852,13.69515919,21.19592272,-10.17107535,18.71515534,25.22528496,1
6.818232762,19.61092063,12.18952204,-6.739923863,16.12476242,20.86771139,1
6.497999462,18.02971382,6.883321549,-2.402646619,10.2678005,16.24199436,1
5.633363982,13.10034122,0.474183952,0.171080383,7.05663101,13.45175367,2
5.598390132,15.06529023,-4.096121304,1.437804906,6.075119488,10.0221153,2
5.293498672,11.69336363,-8.147350049,2.823226062,4.741269353,6.710459132,2
5.070545102,8.833522956,-12.33765498,4.483528977,3.158485588,2.740204126,3
5.241589632,6.499119599,-16.14587842,6.450984947,1.692158686,-2.758219963,3
5.440241482,3.372955418,-19.44540032,8.622150527,0.571635282,-9.550715806,3
4.426416782,-1.58071072,-22.04284163,11.56143172,-2.477163326,-17.27984598,3
1.654197462,-9.676889236,-15.32186572,15.62711281,-11.87553938,-25.56674026,4
2.355617802,-12.73986165,-3.141070442,16.74589211,-6.272487327,-28.01229003,4
3.281580472,-4.685340991,8.590424426,10.58811618,-4.099386169,-19.25587047,4
5.090999322,-2.386007472,17.24946352,4.251581957,-2.303201298,-3.767464621,4
6.485587652,2.26007106,21.60457163,-1.418601041,-0.772470452,12.72026459,1
5.216448642,3.941826426,21.47153308,-7.194481836,2.349388527,28.13457394,1
5.005465222,-1.191926732,24.17489957,-10.54790259,6.339891674,38.10579489,1
5.432079642,6.88762245,23.7304774,-7.317225614,13.69207532,26.93378412,1
5.760884232,15.8085892,15.16405379,-4.980842471,15.31095502,22.03185306,1
5.348059492,13.13481891,9.801786281,-1.246350137,16.74496606,16.22964644,1
6.197417612,11.14325181,3.845877926,1.011691745,9.178696251,13.2504682,2
6.049725602,10.14412125,-1.170436307,2.687611785,9.166185717,9.911420388,2
6.194771012,9.035197962,-5.10467871,4.264356557,6.015311712,7.028673785,2
6.259841202,4.590574637,-8.462907279,5.743912427,4.047088909,3.536890579,2
5.920330522,3.327133491,-12.20798503,7.356124227,2.95852084,-0.800446597,3
6.171154352,1.47589208,-15.75245598,9.303455287,1.41679892,-5.798151849,3
6.098187872,-1.870111676,-18.97825025,11.40861915,-0.218762281,-11.91440818,3
4.952617862,-7.580151174,-21.56785866,14.22410745,-3.869270281,-18.97655549,3
1.540656813,-13.80357229,-16.69276755,17.50598635,-12.89389231,-26.16851685,4
-0.306080028,-15.20809881,-5.6292182,19.80579805,-14.83456426,-29.94231836,4
-0.730225119,-11.08871813,5.518710689,15.25483024,-12.46166409,-22.28015431,4
1.794367702,-7.620486143,14.66134991,9.266150937,-8.762074178,-9.159841526,4
4.130757152,-3.8132965,21.16929297,2.746467844,-6.531198671,7.678953892,1
5.352422902,-1.578187292,23.04942754,-3.193784634,-3.239065104,23.42147357,1
3.486008682,-3.595849736,22.09564288,-8.419476379,2.636181513,38.13908962,1
4.594678162,2.82921706,21.04103422,-4.758144463,8.381748129,30.37081996,1
3.939390152,4.581207011,16.09932338,-2.29382188,13.70904764,19.73715767,1
3.753434032,4.054493099,10.86690079,1.89356981,12.30486689,13.83499918,1
3.458388312,0.312623907,4.038973159,4.132957627,6.104026582,11.29434782,2
3.335039852,0.750756073,-0.475325612,5.067738337,7.047178727,7.915261879,2
3.342904822,-2.210278653,-4.617741979,6.195974077,5.789617695,4.496888313,2
3.324925782,-4.303515079,-8.728391655,7.470797447,4.16590088,0.864461086,3
3.320038172,-4.939236799,-12.58185172,9.192609137,2.104499117,-3.796588579,3
3.659188892,-7.893417614,-16.0468481,11.08941942,0.572183969,-9.609531233,3
1.856320952,-13.13482218,-18.44334975,14.47057474,-3.873882576,-18.03071651,3
-0.780363564,-18.82326088,-12.85227554,17.76620992,-12.68611113,-26.35713954,4
-1.436387963,-20.30033588,-1.320025551,19.77936897,-10.70292701,-30.71321725,4
-0.974832012,-17.42696562,9.661599177,14.8516323,-8.660108395,-22.94722029,4
1.336207855,-13.8411303,17.24705877,9.184245857,-7.292688054,-5.216272828,4
3.313008412,-9.089528766,22.47702161,3.620589211,-4.055783189,11.36577984,1
3.683909232,-6.428958469,23.98442518,-2.872284173,0.82359343,26.86827178,1
2.396502192,-9.074059006,23.50322985,-8.271395488,3.621004815,41.36148691,1
5.119863382,3.961679397,21.39684993,-6.046738791,10.23427461,29.70134883,1
5.952288882,5.13975902,12.91679008,-3.815918081,9.538616981,26.20670815,1
8.753104292,13.65943549,8.370884347,-1.991103416,14.41459354,18.4811557,1
8.176765992,11.17376449,3.53780391,1.69676265,11.27270031,13.38695144,2
7.732323732,8.892140976,-1.202153448,3.219799949,11.07717108,9.754405818,2
7.485199642,8.80846703,-4.84375829,4.785738907,8.496774788,6.364314519,2
7.230819202,4.802791221,-8.079399656,5.942764797,7.336070581,2.590938556,2
6.812199242,2.455630518,-11.70540079,7.178938857,6.075596058,-1.057474316,3
6.341360322,1.117599819,-15.1842444,8.868591097,4.720853271,-5.774695439,3
5.803324012,-2.994342455,-18.48627134,10.90371878,1.7640215,-11.13699001,3
4.197630182,-7.786294006,-21.06916661,13.14212399,-1.407109904,-18.17276114,3
1.895784652,-12.75949798,-21.58350987,16.20784553,-8.761172823,-25.42450345,4
1.188218083,-15.12159741,-9.717761792,17.81731122,-8.249453294,-28.66758486,4
0.529200571,-9.826186256,1.144011945,13.30142817,-7.555478707,-20.95976459,4
2.026072502,-5.173054946,10.94796496,7.602346127,-5.663431208,-6.322049731,4
3.560595692,-2.974589551,19.0054901,3.784779127,-6.808734309,10.33199362,1
4.302311042,-1.870940908,21.38114489,-0.593381414,2.11970246,24.23732965,1
3.258262232,-2.528439365,19.87932788,-6.651471917,9.135690394,34.67586075,1
3.065489722,7.711370586,19.97682576,-6.873748124,11.30502619,36.24710862,1
5.906229582,11.65536425,15.96071939,-3.212218366,9.183652504,26.77215222,1
5.619046112,27.17162595,10.12637288,-0.642409283,18.35688847,16.25505901,1
6.605237252,19.42779718,3.912404126,1.896688498,11.42825033,10.96504303,2
5.584608522,19.96255642,-2.012245019,2.987987161,13.94106265,6.375566879,2
5.728145852,19.87340804,-7.41259402,4.543189417,11.28945073,2.564205437,2
5.621436192,17.1376569,-12.11465745,6.248474457,8.610794227,-0.878321089,2
5.918541382,15.17953794,-15.82514354,7.936118937,6.850594075,-4.891950096,3
6.210708232,12.63563177,-19.96014344,9.640550597,4.350657046,-8.622420096,3
6.135166632,9.486457753,-23.32128495,11.56929279,3.138514003,-14.98644177,3
4.372764602,1.573764237,-23.60903636,14.9236767,-3.177834045,-24.01571243,3
2.289491682,-1.371312998,-14.58370302,16.57452718,-4.227666495,-29.78784527,4
1.957631082,1.292912071,-2.79021498,14.41198163,1.395044163,-30.77543132,4
1.928014532,2.286118288,7.532629743,9.705037547,-2.57311926,-21.40797949,4
2.782474882,2.762660752,16.66684067,2.978463883,-0.544501535,-3.771779257,4
3.402492372,4.110195273,20.74149182,-3.791489317,0.16293206,12.71623086,1
2.795514992,5.285063064,20.19177984,-9.986083199,4.852589357,28.13080282,1
1.060300048,5.411886356,20.95637603,-16.37342965,11.84960069,39.04551279,1
3.031718202,5.961096482,17.51675008,-10.63510407,8.487765694,28.68801404,1
1.066052011,-0.180804554,13.02502201,-7.717634769,19.2237417,19.13248489,1
1.917521772,4.559131248,7.311766179,-3.603303471,17.99299955,12.77298775,1
2.255098242,-0.623255018,1.30537861,-0.40453609,14.59131509,8.854078299,2
2.315887232,-0.205156211,-4.42818398,1.19967351,12.29373991,5.724264454,2
2.233144382,0.685904933,-9.122882556,2.61897611,10.96282679,2.611950017,2
2.400664192,-0.518531157,-13.5591237,4.307477707,8.855784422,-0.50734945,3
2.566218462,-1.428983308,-17.67922827,6.236724817,6.953471223,-4.281876409,3
2.873979712,-3.535832413,-21.00806611,8.721849657,4.897348236,-10.6726823,3
1.865303402,-9.187593796,-23.35227623,12.2258512,0.60282256,-18.04167207,3
-0.456061294,-16.76866431,-22.76082829,15.78087606,-8.11094443,-26.39172041,4
-2.504105951,-13.27386758,-12.15705286,17.15836234,-9.294096255,-29.8152176,4
-1.473351505,-9.569992646,0.347187843,12.73753367,-9.8210615,-21.61296561,4
-0.181877922,-9.586179836,9.660615161,8.694423027,-9.74399805,-7.08819343,4
2.296584402,-7.715819582,17.27892138,2.842280926,-6.213392242,9.615729065,1
3.752401382,-5.384592169,19.50422584,-3.03914098,-3.975593079,25.23215661,1
3.162876612,-6.458060863,22.45339141,-9.677099939,2.873960099,38.20915319,1
4.278178882,2.415840779,22.84126938,-6.49417515,9.009357923,30.47059478,1
4.450642522,5.450911136,13.58569204,-4.357904107,7.528186713,25.52218359,1
5.757777352,13.76009215,8.489598519,-2.800297465,14.58743726,16.15587522,1
6.406117552,12.8046744,2.014628618,-0.292572231,7.646416013,12.83628956,2
6.157418152,11.01689195,-2.92269679,1.251200581,8.547266708,9.240587735,2
5.772421582,9.905785246,-7.102474424,2.757548932,6.584076322,5.966401227,2
5.652398572,6.924898208,-10.77618289,4.135528697,5.194739235,2.421586869,2
5.436874852,5.008307149,-14.43572516,5.901130107,3.559087538,-1.781547923,3
5.444992292,2.228050463,-17.94095919,7.855767197,1.574941461,-6.48242457,3
4.912662512,-1.597565496,-20.87625458,9.949880057,-0.715142347,-12.23028,3
3.131999642,-6.587244702,-23.25090121,12.78732265,-4.948255188,-19.69157877,3
0.10579591,-6.184190079,-13.98364329,14.47891102,-10.25482654,-24.44982312,4
1.009351533,-8.430477066,-2.214817183,14.50965576,-3.15640823,-26.15051181,4
1.708547242,-2.531578084,9.394783271,9.080600247,-1.910373239,-16.87852548,4
3.574680222,-0.674460372,17.64432409,3.233615425,-1.498465664,-2.115112463,4
5.531413352,3.220929497,21.55847944,-2.630567325,3.794570805,14.26504174,1
4.801728932,1.946323472,21.23323647,-7.7483856,5.219877333,29.57877966,1
4.286939712,0.287299853,21.73532099,-11.8415987,1.743289044,42.32544374,1
4.873085262,5.278888759,19.80414064,-9.543949325,9.118562481,33.32300339,1
5.306331352,13.20190485,11.16551237,-7.948222871,10.74909464,25.93285271,1
5.622957762,11.83926952,6.298011501,-5.351712108,6.711365588,20.3420877,1
4.656345412,10.95029409,-0.0337802481,-3.56449824,5.155292426,17.01271931,2
4.611467152,14.27661864,-4.426473655,-2.43604171,4.274717521,13.42326951,2
4.385232952,10.77225685,-8.461162139,-1.105380919,2.855425264,10.14847083,2
4.075876582,8.247558847,-11.87852796,0.360178906,1.490288533,5.841634818,2
3.774242972,7.197537976,-15.16331269,2.047719413,-0.170422068,1.050762206,3
3.851364952,3.272898503,-18.11503496,3.805698057,-1.955471604,-4.385355891,3
3.087510822,-0.783660779,-20.79610837,5.558003437,-3.686891854,-10.63829461,3
0.42282478,-6.450687227,-22.11252665,7.863798457,-10.3411885,-18.36715104,3
-2.486605022,-9.239411096,-15.52460134,9.594296817,-14.28139164,-25.87247184,4
-1.821571703,-11.34887864,-3.368356737,9.311241057,-8.039407669,-27.81333277,4
-0.902308306,-6.102391865,8.621817753,4.331389297,-7.647693749,-17.60508201,4
1.946412232,-2.499338025,17.04834172,-2.371176198,-3.751893656,-0.216466249,4
3.528838302,2.302136999,20.72612323,-8.712379268,0.927891143,16.04007818,1
2.485971962,1.714190374,19.96680873,-13.78392683,1.740631516,31.23825382,1
2.696139582,-1.810246955,22.47359277,-17.06200148,4.911466986,38.75783365,1
2.745102912,3.279654674,13.70090847,-14.07827848,4.60108933,31.92729406,1
5.280365862,7.721284472,8.619665621,-11.2987424,13.03107808,23.03308892,1
6.324865992,3.051264825,2.436237855,-8.108589591,3.817627321,19.54392301,1
5.219672592,0.630877863,-3.441977252,-6.027649276,4.594722378,15.88554544,2
4.915098662,-0.208374224,-7.516421991,-4.062318632,3.557921235,11.99446681,2
4.726217912,-2.082262387,-11.32361658,-2.255734935,2.214104314,7.988654919,2
4.534732912,-2.923194968,-15.06126417,-0.245398987,0.436731538,3.795113126,3
4.647777152,-4.755937555,-18.350436,2.025956253,-1.325758056,-1.361711296,3
3.802767652,-9.283693606,-20.99979254,4.841347387,-3.993735069,-8.550599476,3
1.895184702,-14.41074355,-22.47729372,8.216516067,-9.65600253,-16.50974758,3
-0.880127274,-19.44291646,-17.3487828,10.97805985,-17.75999179,-23.98698146,4
-1.180472761,-19.51966999,-5.390674409,11.92019118,-10.64631617,-27.5600833,4
-0.282582656,-14.93332355,4.928617589,6.668164587,-9.77394409,-15.94823948,4
1.904412742,-11.83517674,13.72572108,0.203378999,-7.446395898,0.426518329,4
3.916243072,-7.276259312,18.35295617,-6.25080075,-0.69572431,16.64120178,1
3.980146602,-3.71052734,20.57837195,-12.17054427,1.676080116,31.80024177,1
3.812398692,-6.033916872,20.55933028,-16.48001237,4.867509428,44.85974507,1
5.413412182,1.440470988,18.25618688,-12.68332299,10.32276933,32.67730952,1
3.167518042,3.442316519,12.04093117,-9.2629573,10.03907954,23.94537504,1
4.351560182,5.400757005,6.54969606,-5.616250013,17.48670018,15.79285339,1
5.038303512,1.747074125,0.168239338,-2.51988295,9.038172067,12.66776861,2
4.606459962,2.147945312,-4.193399608,-0.983094775,7.02762383,9.43669243,2
4.283694202,1.341552737,-7.941762022,0.388573683,5.644179329,6.49097528,2
3.973994562,-0.677448907,-11.41976504,1.729552043,3.843169937,3.220959707,3
3.569222002,-1.774746883,-14.52530419,3.201280783,2.094842062,-0.405388584,3
3.514653732,-4.895709452,-17.51806677,5.150888557,-0.00954566648,-5.611601336,3
2.682817232,-8.545131366,-20.27426478,7.056021827,-1.894972598,-11.94961255,3
0.6146962,-13.2955817,-22.67568583,9.364624097,-5.994152456,-18.84307161,4
-2.23321613,-19.05849091,-21.69963001,12.22576485,-13.76433882,-26.3640983,4
-1.733691096,-24.20183168,-10.25199853,14.67264564,-11.25051171,-25.76260334,4
-0.721801429,-18.8482243,1.354844931,11.7929983,-11.03667502,-14.04575565,4
2.517498712,-13.86700093,10.48594381,5.042248397,-5.211571643,0.236699141,1
5.962642722,-8.375114216,16.93690425,-2.914584459,3.368007433,16.19700983,1
4.903880012,-5.714861684,17.0079125,-7.649330291,6.36732884,31.38496857,1
5.043058482,-1.8529222,19.92240644,-10.82760384,8.351818061,37.00701953,1
6.544082682,5.037334512,18.1380633,-8.056547718,13.63834948,28.61259448,1
4.888175552,10.42003095,11.84307778,-4.822665437,16.64156791,18.6487166,1
5.853404072,2.136117066,4.573604175,-1.988567115,6.144017465,15.79616229,2
5.373461132,0.534772551,-0.749368274,-0.642335302,7.723329146,12.75232177,2
5.573461702,3.76184704,-4.766158256,0.721056045,5.712452633,9.928502985,2
5.321850552,-0.445257413,-8.284013306,2.173505458,4.501554696,6.748111126,2
5.080659872,-2.723936238,-11.47449367,3.890512347,3.53489415,2.615465688,3
4.762784512,-3.439646675,-14.95545596,5.815116487,1.636763076,-1.58439685,3
4.717433792,-6.839150817,-17.96442064,7.786280937,-0.576879306,-6.365660785,3
3.943388572,-10.34863556,-20.90116883,9.903792447,-3.145593246,-12.05654632,3
1.373979756,-16.26466023,-21.23174095,12.7402619,-11.35057878,-19.58379347,4
-1.306801554,-14.36431795,-12.38253777,14.04053005,-15.52159952,-25.45670807,4
-0.882987836,-17.72859649,-0.931036911,12.62509696,-13.10595731,-25.16909786,4
0.445053124,-11.54671297,9.771446591,7.649043157,-11.39395938,-14.12865955,4
3.012339722,-7.063200151,16.85652623,0.706642706,-7.367013907,3.033626627,1
4.036114682,-3.268946996,20.21400312,-5.882622914,-3.394616515,19.07857646,1
3.222979672,-3.487238965,20.58723877,-11.70464353,-0.145258269,34.07893321,1
4.087506422,-1.888278712,23.41771526,-14.27517917,4.045903093,39.01051238,1
4.844091512,2.623074296,14.54680846,-12.22341174,4.429646952,31.7239381,1
7.375321892,7.953836168,8.489602236,-9.727057861,14.26604271,22.26977428,1
8.335089012,3.39185937,1.774226692,-5.943840744,5.356640566,18.39916306,2
7.546056552,0.688031257,-4.770184003,-3.385933115,3.931979014,15.45407725,2
7.237050122,1.997282627,-9.171912524,-1.79872193,3.03220254,11.813613,2
7.224329492,-1.078185431,-12.30260013,0.00503345424,1.762845233,8.011303722,2
7.209953502,-3.814846906,-15.90101259,1.71569541,0.608910929,4.119277675,3
6.963558632,-3.98319406,-19.47575648,3.853911477,-1.340125257,-0.368230742,3
7.162855242,-6.744310679,-22.26443987,6.042165507,-2.390887622,-6.4898071,3
5.479577782,-13.31768819,-24.43446762,9.179713507,-6.229296874,-13.96223965,3
3.098742472,-19.37519458,-23.85948796,12.94646567,-13.89774763,-21.79258485,3
0.312625793,-21.2330722,-15.86987115,15.11347101,-21.47722892,-28.03032423,4
0.114931161,-23.55560988,-4.849961684,16.96107805,-17.24035871,-31.0530919,4
0.944379646,-17.8059801,6.529363011,12.7184963,-15.32426243,-23.46215972,4
3.755822902,-12.79327009,15.6285563,6.504532477,-12.08253232,-5.728979994,4
5.558208452,-6.979387195,19.94167073,-0.0876840728,-6.878269622,10.88645204,1
4.746809992,-5.811208161,19.47283935,-8.505762253,-0.667251259,26.42015023,1
5.983999132,-4.233304595,23.79445843,-11.82249031,2.505872041,35.50162927,1
5.240247352,-4.275067336,16.48003728,-6.064048521,3.386745931,25.69671719,1
1.939697232,1.769039557,11.68724815,-4.224001415,9.951191964,16.21672464,1
1.810913762,7.648134379,6.736606273,-0.282482614,10.02100907,10.5700864,1
3.279971822,4.165035896,1.496330793,2.309675069,4.061244625,7.403555792,2
3.267083392,-0.274450561,-4.120520183,4.115667707,2.314613751,5.126646111,2
3.126884062,-0.577924838,-7.925781416,5.227904467,1.283206032,2.820152214,2
3.241184752,-2.661701946,-11.48578781,6.405814077,0.0129767425,0.19691763,2
3.202509312,-4.793597471,-14.66699817,8.037518197,-1.371250654,-3.652765668,3
3.517522502,-6.66252137,-17.92471725,9.868465387,-2.727447252,-7.953166529,3
3.053557912,-8.763921466,-21.20876382,11.97558776,-4.81988072,-13.67480928,3
1.806195962,-14.01868806,-23.86673981,14.81674892,-8.455945622,-21.20845948,3
-0.175051057,-20.14678549,-23.6615142,18.09282695,-15.38835287,-29.1983581,4
-2.700346416,-20.82293449,-14.05112234,19.84282634,-19.19914343,-34.45972894,4
-2.279684436,-15.16577994,-1.72208975,15.16030444,-17.12671319,-25.64664587,4
-0.861209413,-11.03872359,8.481545033,8.550440267,-13.82326702,-10.71969008,4
1.293421538,-7.546427653,14.76199672,1.208615228,-9.112152507,6.220657974,1
1.865841342,-4.703694308,17.99705272,-6.228424412,-2.844609322,22.05811879,1
0.981410267,-0.181402777,20.03751975,-10.96100877,-1.901002391,32.58587483,1
2.729480002,6.764937239,18.57003086,-8.299980013,3.035777758,23.67909237,1
3.222810862,9.308247039,9.799158371,-6.291516003,2.827150366,18.49384005,1
5.259573282,17.92260943,5.051408578,-3.978697462,10.25851978,9.847863265,1
5.755574242,14.12276392,-1.486319833,-1.424552506,2.900464639,7.54841296,2
5.438462632,13.14025779,-5.822693174,-0.0430181138,4.000027951,4.712716332,2
5.331737752,12.22072349,-9.368620946,1.564477249,1.942471331,2.040277038,2
5.362594632,7.833453146,-11.90386661,3.094636762,0.676508134,-1.23998958,2
5.061133522,6.50243495,-15.20537979,4.865916397,-0.253715842,-4.825257582,3
4.855791412,5.278436505,-18.49957356,6.728011087,-1.527199831,-8.793521068,3
4.703554362,2.637552169,-21.74271765,8.855312427,-2.52405961,-13.98758972,3
3.929419342,-1.368702722,-24.57504399,11.58619542,-5.133393709,-20.05645738,3
1.443869774,-7.428284061,-23.8414039,15.22260096,-13.45433761,-27.68922246,4
-1.165465745,-7.123956232,-13.01379653,17.24837429,-17.59419312,-32.81688291,4
-0.131461976,-11.19753436,-1.133271196,14.79658603,-16.53422926,-29.35050095,4
1.259410227,-2.9632838,10.13322486,10.24540336,-13.47201205,-17.21131813,4
4.264423692,0.917205237,17.13365646,3.819422457,-10.96380558,0.151661962,1
5.704878262,4.243558108,19.83383121,-2.249791774,-5.633197806,16.38423971,1
4.559085662,3.219272727,20.03114866,-8.019242305,-2.643410175,31.560009,1
5.027675602,7.068290488,21.05008495,-8.267706607,3.962950152,30.2560286,1
4.076970152,10.65480023,15.05129254,-5.466118428,5.85214482,21.24363546,1
5.836592642,12.43872096,10.38728343,-1.292237495,9.319064241,14.7541442,1
6.747525842,6.170142574,3.274179571,1.127737564,1.145983287,12.3602821,2
6.229736772,4.047382691,-1.796805211,2.218930894,2.130789468,9.139290461,2
5.810229622,1.531348571,-5.337607574,3.373690148,1.301090928,5.811597476,2
5.629630632,-1.326030608,-8.64987577,4.531252507,0.113640466,2.440774261,2
5.261610532,-2.179440831,-12.17019119,5.802200777,-0.856927813,-1.019048355,3
5.009440572,-3.518699349,-15.5626473,7.355980167,-2.228727578,-5.342400281,3
4.575999182,-7.50910328,-18.77993728,9.303320597,-4.326310979,-11.54842929,3
2.784471942,-12.27782952,-21.59007954,11.72588797,-7.320480137,-19.1658781,3
0.28504967,-16.94570148,-20.70655625,14.99408097,-13.73672493,-27.2266691,4
-2.593058656,-15.20765001,-11.23291346,17.02430109,-18.74481495,-32.82353125,4
-1.29226576,-18.82448474,-0.0320916391,15.2407652,-15.50440673,-30.6089107,4
1.233652168,-15.2301182,9.224568672,9.062763427,-12.17793278,-16.15312269,4
4.410712532,-9.434413456,16.82506973,1.632946421,-7.95590281,1.140964471,1
5.356858642,-5.001993397,19.51404232,-6.537040578,0.27633267,17.3091345,1
3.979907132,-5.322530251,19.87076016,-13.4554013,4.829960423,32.42468929,1
4.490177642,-2.271424373,17.73314495,-10.23858654,3.809633446,26.78976816,1
4.654303032,-1.332267297,8.328820285,-8.425776249,1.364127771,21.98562669,1
6.470712772,4.12537028,2.784712773,-6.825858189,9.478348514,13.31199561,1
6.923129592,4.377861647,-1.92707684,-3.351227254,4.800644014,8.798704249,2
6.854850572,1.06098124,-7.321049715,-0.593554179,-1.082010061,6.357452196,2
6.562035622,2.054882664,-10.98748189,0.820305494,-1.856520631,2.923276063,2
6.595744782,-0.878304017,-13.97364298,2.281194516,-2.926314275,-0.356362942,2
6.407218842,-3.514729779,-17.36938627,3.781084027,-4.107757356,-3.438378355,3
6.002978972,-4.182433199,-20.98711372,5.522077547,-5.640940307,-7.324576692,3
5.776055232,-7.58225597,-23.91582004,7.571427987,-7.080267125,-13.4795405,3
4.721989562,-12.15399469,-26.27586258,10.26718462,-9.58619152,-20.322072,3
2.394946742,-18.27484474,-26.21529319,13.79376135,-16.56621116,-28.3567638,4
-0.629962075,-18.14203901,-16.10733719,15.97365285,-23.66996749,-34.18602258,4
0.0199942966,-12.15278244,-3.378202371,10.58438889,-19.98225145,-26.19591835,4
1.835623272,-8.597394036,6.79417474,3.647083829,-15.4716716,-11.27542259,4
4.347644042,-3.523583208,13.55253995,-3.202658807,-11.60939692,5.701105966,1
4.534956712,1.315765533,16.27972757,-9.605957951,-6.268547601,21.57239178,1
3.588513822,3.432024859,18.41312482,-13.29163635,-2.795824974,27.68824441,1
4.946809772,11.48422019,17.88088878,-10.73070366,1.344381906,19.88958294,1
5.058358062,13.72177512,9.596453397,-8.265966186,-0.177189463,15.32655273,1
6.409374582,16.1553892,4.21320332,-6.140507328,8.794356442,6.276328641,1
6.336793542,14.2095626,-1.929214549,-3.510191241,2.131147816,4.219830935,2
5.939622172,11.07663171,-6.468715009,-1.775812829,2.645510686,1.217382317,2
5.958718742,11.49049484,-9.987485229,-0.313295399,1.549843536,-1.610456011,2
5.718285252,8.193349996,-13.20514657,1.115100814,0.477825166,-4.483171458,2
5.418502462,5.499286625,-16.35140884,2.574678826,-0.600396262,-7.357609202,3
5.484440432,2.846010848,-19.77712407,4.619221887,-1.820514178,-12.06600323,3
5.178523592,-1.159907822,-22.8168916,6.921563797,-3.417669572,-18.18199144,3
3.531053782,-6.972808963,-25.32149465,10.05252325,-6.880280298,-25.77138918,3
0.826563728,-12.88112295,-23.10775262,14.0619652,-15.55588777,-33.53674105,4
1.22821224,-16.29378324,-10.81345433,15.63430953,-12.08102422,-35.69934561,4
1.312145707,-10.93000519,1.741396604,11.26899297,-10.61754787,-25.31991256,4
3.666518772,-8.026429266,10.99187062,5.754384997,-6.588499253,-10.37300193,4
6.592802192,-3.875913007,17.30906192,-0.75521786,-0.40479014,6.544775282,1
5.347975502,-2.175155828,18.52260209,-9.351367405,4.900489998,22.36113471,1
5.279427572,4.188213609,21.36331869,-13.48426427,10.5910279,30.27884463,1
5.978281842,9.099683656,19.83385333,-9.778799148,11.92602086,22.28271538,1
6.675347862,10.46579185,11.59512528,-7.924397359,14.99899576,15.21098892,1
7.109971732,10.51659514,6.121489769,-4.131384377,7.916441393,11.28087693,1
6.392752232,6.780189385,-0.120826937,-1.821612017,6.968856306,8.468415424,2
6.527386112,8.956434347,-4.287812761,-0.138059209,5.850008135,5.246487372,2
6.472950712,6.631910339,-7.619253142,1.647483784,5.398061269,1.931826688,2
6.430503282,5.064703085,-11.26776115,3.602386079,3.880799385,-1.059747414,2
6.641655562,2.420348998,-14.47260335,5.879534447,2.164294347,-5.143024493,3
6.999000082,-1.42821721,-17.27557859,8.340230167,0.409535917,-9.685653065,3
6.474773102,-5.712672547,-20.07140545,10.88410997,-2.22488788,-14.77047955,3
4.051498172,-11.83366018,-21.55918125,14.77633058,-9.180003105,-21.71523005,3
0.784630498,-14.48750021,-14.37000804,17.18282538,-17.85788088,-28.01562338,4
0.949597049,-18.92260314,-3.447249203,18.75613462,-14.40351793,-29.61330701,4
1.635298339,-13.01912257,7.816414501,13.81554191,-12.40587773,-19.80444402,4
4.488186642,-7.944037785,15.17679307,5.526943077,-7.312687529,-2.272640625,4
6.110768632,-2.334598115,18.48567529,-3.270578472,0.539912302,14.11776932,1
4.992691772,0.0277590861,20.14614049,-10.3201398,3.76905138,29.44109528,1
5.175758762,5.502154817,21.40395619,-11.66901351,2.80090602,34.18983258,1
5.676222982,8.106815389,12.67557772,-9.65330458,3.748005293,28.27111344,1
8.344509712,12.43981293,7.057591147,-6.717301422,12.06217002,19.20019191,1
9.012694192,9.956058398,1.974238738,-3.384345141,5.56321249,15.19216035,1
8.033018722,6.34803642,-3.7442582,-1.062113387,2.282325312,12.15138338,2
7.772775302,7.722421661,-7.697198588,0.130421818,1.662304932,8.600271798,2
7.584609112,4.19226681,-11.06843748,1.671491223,0.316234072,4.943586136,2
7.300411552,1.092112014,-14.54255646,3.133092214,-0.502121006,1.28307043,2
6.875274012,0.204950269,-18.02494075,4.899384717,-2.256138157,-2.788821079,3
6.596527282,-1.873170859,-21.32183386,6.766254347,-3.525419274,-7.899963795,3
5.241686192,-6.33677741,-24.14977234,9.349524957,-6.637294928,-14.74762441,3
2.635436502,-12.18020475,-25.74008815,12.48483667,-12.39865676,-22.66889552,3
-0.504470275,-15.68568475,-20.64452817,15.10657909,-19.37438713,-30.59301928,4
-2.923879157,-15.06380621,-9.389267851,17.13394546,-17.10130305,-35.62054072,4
-2.361507688,-10.36125007,2.678975244,12.1852185,-15.13912558,-28.60346982,4
0.577245757,-6.07859546,11.97619405,4.433900777,-10.73970749,-11.46689195,4
2.692864872,-0.681500941,17.00392964,-3.119737781,-5.142554189,5.52210206,1
2.377956372,-2.183846697,18.51201326,-10.42697545,-0.24606843,21.40504178,1
1.462171297,0.329131793,21.38769191,-15.17033211,0.519421965,32.60464156,1
2.483553962,7.026167044,16.74527729,-10.70043926,3.230341229,20.82468684,1
1.715866122,8.166164999,11.99333446,-7.815969271,6.431843671,11.39316617,1
2.291082052,10.77669805,7.308370681,-3.80649799,7.528990554,5.652269864,1
2.183132032,7.263763915,0.87205732,-0.84881495,0.611396276,3.77001473,2
2.307217552,8.328191973,-3.441029088,0.582159968,-1.038288376,1.19322191,2
2.296564712,5.737108536,-7.337218327,1.853413936,-2.053070577,-1.584863054,2
2.103321132,2.850295902,-11.22015481,3.293733598,-2.973970729,-4.810415408,3
2.084087772,1.769692906,-14.96404149,5.028209347,-4.514409393,-8.599837836,3
1.962791852,-2.063334969,-18.16268538,7.148455687,-6.492491002,-14.6042249,3
0.377654789,-7.295381891,-21.15010399,9.626377127,-9.48023997,-21.76493859,3
-2.093223646,-11.45167681,-20.71792121,12.61700474,-15.49560179,-29.54327111,4
-4.968488314,-10.18356466,-11.52616388,14.4195193,-20.29530427,-34.74344365,4
-4.040546155,-4.432296096,0.399568108,10.05630131,-17.09650718,-25.30839255,4
-1.508557193,-1.273745281,9.882935431,3.837836947,-12.76138367,-10.34733076,4
0.763718013,2.547411707,16.80330107,-2.483412357,-10.99433288,6.568775159,1
2.307410052,5.218771907,20.60730434,-7.96545867,-5.588721963,22.3835721,1
1.48115446,6.443656262,22.40531413,-11.97996771,-4.99843332,31.19836127,1
3.301990302,13.97940687,20.12901428,-8.618804429,-1.551776012,21.71831335,1
2.164617522,18.19779844,13.07657396,-6.035260425,4.402865801,13.7942292,1
3.632999742,18.96015722,7.964949029,-1.107083418,5.544687452,7.286066079,1
2.743787892,16.79646246,2.20213883,0.173812848,7.106890308,3.849051136,2
2.923262862,18.81184792,-2.52884391,1.488043193,5.739146854,0.595070346,2
2.697662622,16.04487428,-6.280274297,2.942215905,4.340246497,-2.540940051,2
2.875670202,13.04329316,-10.14261528,4.288801577,2.870494431,-5.364004629,3
2.976523632,10.76810554,-13.88860563,6.191449067,1.545106475,-9.943903831,3
3.140846542,6.018437727,-17.34054915,8.541437467,-0.777307622,-16.05201817,3
1.871410452,-0.549892736,-20.07899869,11.45170075,-3.905177433,-23.31715663,3
-0.407635172,-5.745863898,-18.98092867,15.2116014,-11.66632681,-31.448422,4
-0.328959932,-8.731473136,-7.481314799,16.00775163,-8.055769576,-33.81105983,4
0.287988901,-1.905000632,4.715535638,10.58000821,-5.587755379,-24.58572241,4
1.311309924,1.482900078,14.29739839,3.748289887,-1.935837744,-10.23745687,4
3.975681562,5.277076517,20.92043,-3.467159673,1.819064722,6.671495793,1
3.361686212,5.115833945,22.8276941,-9.526903279,5.946415465,22.47960519,1
2.301389952,6.781540486,25.769601,-13.28826063,6.853138446,31.19774183,1
2.944284082,10.06634388,23.97909698,-11.01066977,9.196409861,25.58160533,1
3.669996172,12.13295461,15.0264417,-7.342069614,12.38848257,19.54928846,1
5.695526352,16.44572924,10.21056852,-3.898899568,17.93126743,12.29292457,1
6.244604642,9.75087503,4.285167859,-1.475616247,8.704764437,9.992739598,2
5.878767122,7.910078016,-0.412548923,-0.126023474,9.903280805,6.583158134,2
5.699666522,6.504532469,-4.153244025,1.399952444,7.800150892,3.634469915,2
5.402089302,3.263773652,-7.878888761,2.77840055,6.622214927,0.0775612279,2
4.954509072,2.418511968,-11.36396532,4.461986717,4.990486163,-3.935218119,3
4.989560192,0.0179615221,-14.68274694,6.420911067,3.061664977,-8.639429716,3
4.739703972,-3.907154071,-17.97818372,8.683938247,0.638033076,-14.16092509,3
2.433362912,-9.293342056,-20.70641303,11.67333769,-5.154915144,-21.33609499,3
-0.556297354,-13.26095021,-18.09079065,14.98816529,-12.35190377,-29.27347723,4
-2.88938228,-13.5742759,-6.969503435,16.62041284,-12.86854104,-34.23640462,4
-2.447472581,-14.49404496,3.731228626,12.40249334,-11.97815273,-29.38964885,4
-1.245068207,-7.991766186,14.20915537,6.488747747,-8.755089439,-16.98863713,4
1.100949851,-3.329416576,20.43907755,-0.537058351,-3.46595698,0.359845499,1
1.484734684,-0.229753473,22.33347292,-8.504177532,1.724203373,16.57886963,1
0.564020483,0.0360668741,23.05847375,-15.63024227,2.201481734,31.74196771,1
0.950972511,4.444985414,23.1258231,-12.62896747,2.708782046,31.50647522,1
1.081764351,5.749055405,16.22845533,-9.906534662,6.070900033,21.77241957,1
3.941384412,7.202669942,10.09405274,-6.113619679,14.95952118,12.91895406,1
5.669104252,1.230276808,2.668240232,-3.434886847,5.924504428,10.43645093,2
5.133111372,-1.66710599,-3.201237339,-1.627428322,5.529299009,7.585087762,2
4.747746202,-3.154955288,-7.08522252,-0.0921182488,4.370558271,4.403780038,2
4.817120072,-6.217849683,-10.5981282,1.491751648,2.559583013,0.906061239,2
4.889924692,-8.252335626,-14.03531434,2.962074202,1.186388049,-2.502522291,3
4.601851672,-7.701636919,-17.50452861,4.781223937,-0.168931774,-6.937413434,3
4.455716342,-11.10778321,-20.62718317,6.920530297,-2.22080912,-12.81111597,3
3.132962602,-15.56076071,-23.7397583,9.193250147,-5.247250388,-20.13426542,3
0.851754239,-19.58525002,-25.03738617,12.18227381,-11.57147672,-27.92240071,3
-2.183451616,-21.88244746,-16.59458061,14.15663901,-18.49724854,-34.07150439,4
-2.00058755,-24.78507994,-4.374636369,15.00408701,-12.92155469,-35.09809783,4
-0.295305798,-19.0448135,6.766616527,7.709999137,-9.310736572,-21.52674006,4
2.296836102,-14.28523629,15.42021677,-0.0802722308,-6.337825816,-3.882808021,4
3.338384412,-9.261832676,18.14005309,-7.974312078,-0.339813121,12.61243053,1
1.967177522,-8.500373536,17.49843859,-14.4355121,2.313797103,28.03376032,1
3.037638562,-0.23558666,16.54245811,-10.568279,2.620566827,20.19720645,1
2.613360412,2.222077558,7.570299751,-8.173223991,2.987334128,15.40602912,1
4.246739402,9.883162214,2.969148052,-6.271856696,11.51890813,6.448481749,1
5.510524762,9.097695662,-1.890746338,-2.868062943,4.279465423,3.332727821,2
5.330066292,7.662018269,-6.177444677,-1.297182575,5.516741099,0.0885199719,2
5.342157182,6.647635002,-9.906906083,0.356201333,3.203481236,-2.539661549,2
5.300810132,2.7399217,-13.26491732,1.973468634,1.403915856,-5.463143848,2
4.831511392,0.249404094,-16.72716653,3.614588492,-0.00331554248,-8.856416708,3
4.799567652,-3.427525527,-20.19000983,5.795078297,-1.819609329,-14.32057196,3
3.631751582,-7.137762958,-23.3250863,8.462438137,-4.09333635,-21.29511002,3
1.452677133,-12.94146044,-24.19323881,12.21578657,-10.93028473,-29.22323962,3
-1.38720637,-16.50615799,-17.3710061,15.75209517,-18.9041259,-35.7615102,4
-0.806166119,-11.47376369,-4.67632693,11.14516204,-16.25137915,-33.27266518,4
0.228287605,-6.254909165,6.792027904,5.979852567,-15.84011514,-21.55861949,4
1.652859732,-4.419634343,15.50953887,-1.028220201,-12.65420783,-5.381369753,1
2.981706042,-1.889743453,20.6221502,-7.183667346,-8.956486977,11.21143141,1
2.223309682,-2.556448599,18.81162233,-12.84697545,-4.586558685,26.72397208,1
1.016589296,0.0756585541,18.75412146,-15.39926823,-4.277085178,32.38274255,1
3.809423652,9.934831097,13.50333582,-11.60588456,4.484047157,19.73111199,1
2.471128432,11.89725175,7.931793235,-8.031650485,9.346370567,11.38009291,1
3.519210982,2.523257187,1.27111148,-4.379176373,-1.569805096,7.877705441,2
2.524158432,-0.641091598,-4.167164007,-2.648821464,0.805261451,4.109116141,2
2.451201412,4.318055556,-8.451192745,-1.280962672,0.680258497,0.929597824,2
2.371073272,2.100304122,-12.15978025,0.180133684,-0.395744318,-1.57403073,2
2.267849612,0.371154371,-15.68156085,1.974266612,-1.565110935,-4.82860052,3
2.662091142,-1.175881774,-19.43798168,3.951604057,-3.455062331,-8.998805453,3
2.964604092,-3.427855535,-22.56042685,6.003361087,-4.758543903,-14.00466894,3
2.116424052,-8.330661086,-25.47313066,8.434140137,-7.293432633,-20.37144131,3
-0.612196771,-11.74055877,-23.58578604,11.45172341,-14.01194509,-28.92992337,4
-3.196452268,-10.43724792,-12.44202785,13.55362005,-13.70227079,-34.56540488,4
-1.979062161,-12.3217065,0.628135226,11.01405343,-10.35702612,-33.53080189,4
-0.561284097,-5.531702566,12.59256637,5.508592497,-10.72587994,-21.36682334,4
1.800318112,-2.264819611,19.78306188,-0.822585585,-8.540502675,-3.733302542,1
2.589082932,0.791859177,21.96603577,-7.126524262,-3.458559098,12.75220258,1
1.666009812,-1.212216751,20.48574458,-12.60530128,-2.176958255,28.16443263,1
2.360203942,2.749972443,20.15037155,-12.65701863,0.826729065,28.00539039,1
2.100729012,10.06674479,13.50731613,-10.62715369,3.565821778,21.42983165,1
4.934243362,13.48188451,7.925580301,-7.127566589,12.28772159,13.24389032,1
6.700141972,7.004327508,1.871283589,-4.369907248,3.140547828,10.15958391,2
6.197358712,4.329063221,-3.171945107,-2.58303468,3.70095326,7.012824844,2
5.670684342,0.814690824,-6.629180596,-1.196610435,2.743201836,3.48233704,2
5.415227122,-1.282265328,-9.942795332,0.126373905,1.653095514,-0.0179768571,2
4.889305522,-1.940836115,-13.58655915,1.712410329,0.184937998,-3.682306275,3
4.860553022,-4.323312212,-16.95286562,3.587586419,-1.220418901,-8.426825345,3
4.120403512,-7.927049776,-19.88791832,5.819504707,-3.334970272,-14.62923747,3
2.419135502,-13.30832248,-22.60655489,8.551832807,-7.1387379,-22.0257479,3
0.0299248866,-17.27083865,-20.0470327,11.52201736,-14.10325668,-30.52371471,4
-1.791472701,-13.8203376,-8.604174179,12.91749288,-11.52266111,-35.57362956,4
-0.651644867,-7.002305291,3.35037117,7.612955427,-10.63346845,-25.44974042,4
0.672262219,-4.93558429,12.93468508,1.229214462,-9.66060491,-10.12035831,4
2.574569232,-1.807348899,19.6365009,-5.047869112,-8.253876754,6.78097075,1
3.913940572,1.387433056,21.05266602,-11.0280471,-1.863396962,22.58195287,1
3.595530872,0.0603352291,23.03774774,-14.91717797,-0.0905947835,30.67304124,1
7.636572412,12.14425534,21.52791677,-11.66976716,6.259662953,17.78999266,1
6.675459332,11.76888563,15.47169013,-8.152965527,6.99747731,9.532565981,1
8.119381262,12.10489759,10.03575003,-3.665082149,12.20230872,2.805149522,1
6.915735542,8.79556807,3.676186063,-1.496433305,10.09553389,0.626449573,2
6.638328242,10.64589498,-0.865157704,-0.328272833,9.382086769,-2.412262668,2
5.914065082,8.242672481,-5.112331186,1.028082784,7.898007689,-4.846340381,2
5.667598032,6.014784587,-9.032828735,2.314512097,6.309382665,-7.469643254,3
5.325915002,4.756472398,-12.91613922,4.195689037,4.051806894,-11.08395205,3
5.315427712,0.826346987,-16.44033506,6.162513077,2.506956132,-15.81995336,3
4.647985272,-2.827545965,-19.93029627,8.211395047,-0.445315921,-21.40643488,3
2.810544892,-8.040138596,-23.16225074,10.34344982,-4.69996923,-27.68620222,4
0.0392174366,-10.1189053,-14.88275086,12.23785456,-10.05995793,-33.98976092,4
0.422586721,-11.88004476,-2.664481975,11.58599685,-8.243773687,-33.13320236,4
1.796759552,-6.172306937,8.714119915,7.643684737,-7.619707618,-22.15739977,4
3.732152052,-3.422511514,18.63319474,1.948860337,-4.333696916,-5.577081907,1
5.086063602,-0.556696238,21.08474486,-4.889165243,0.823053249,11.02846093,1
3.899595452,-0.820933519,20.63338509,-11.95702947,3.755106958,26.55291374,1
5.211810002,0.149953723,23.02276312,-11.81551367,5.533160035,29.20185874,1
7.357002162,10.92220087,19.36317344,-9.476845878,12.19131709,16.81145786,1
9.685888572,15.89196566,13.38678586,-6.752999887,20.94820437,7.84138738,1
10.56526363,12.38227583,6.439506697,-3.597526832,15.70853886,4.268877631,2
9.536663492,8.391289455,0.120854762,-1.201314712,11.98569903,2.947067084,2
8.913285862,7.456584171,-4.384227335,0.0241249372,10.55265113,0.590247884,2
8.394071002,5.971784487,-8.246329234,1.266144202,9.086737454,-1.907678852,2
8.192277962,1.76981551,-11.39257268,2.745690982,7.126174883,-5.082908936,3
7.754276392,0.0358565601,-14.78250753,4.541178557,5.218747298,-8.676770376,3
7.666655632,-2.772340279,-18.18767854,6.502397777,3.351061283,-12.9466207,3
7.091014202,-5.801533272,-21.31056068,8.576338847,1.209591933,-18.01683335,3
4.504933182,-8.814810636,-24.12681546,11.5121454,-3.841733125,-25.72774887,3
1.49862094,-13.43594502,-19.48398001,14.6064993,-11.54045447,-33.40156788,4
-0.790427206,-15.622378,-7.320302867,17.14971728,-12.12283482,-37.37800011,4
-0.655538171,-11.35681674,4.45081933,12.71057663,-10.72716859,-29.63804719,4
1.834886602,-6.272732518,12.56476715,4.186951717,-7.045134138,-11.6542866,4
3.546762982,1.004613335,15.71240066,-4.538728679,0.252114933,5.34690759,1
3.230899742,3.542964612,18.32132409,-11.71931146,7.115509231,20.78031061,1
2.890897032,10.06503863,20.85675659,-14.5889022,3.649121153,30.09485627,1
3.852542952,13.56870298,16.95273959,-10.90341104,5.514540618,20.3523684,1
3.300208622,16.40269312,9.622800251,-9.081590576,8.824128839,13.04223054,1
5.517699932,25.01413329,3.942295188,-5.416888696,18.48022376,4.801343491,1
7.206870062,17.31539884,-2.220731748,-2.584833804,7.324043834,2.922829851,2
6.706362782,12.07539997,-7.301040178,-0.812849059,7.202304312,0.46725411,2
6.458977792,9.475796025,-10.64790339,0.552702747,6.18895711,-2.556623495,2
6.335483672,4.491874806,-13.65815927,2.031510528,3.941705071,-5.64440439,2
6.051646402,2.392447118,-16.90655546,3.512886129,3.035831631,-9.219591529,3
5.768903442,0.968626249,-20.28321399,5.324984627,1.389238676,-13.49781201,3
5.342145562,-3.50763637,-23.10426514,7.627075337,-0.91408708,-19.42422266,3
3.530541322,-9.286899886,-25.65026033,10.45729319,-4.625621489,-26.68439328,3
0.513160247,-13.3796005,-24.05834775,13.42412374,-11.48205678,-34.43351815,4
-2.396190306,-11.31442682,-13.37556215,15.39115173,-16.18493319,-38.87275075,4
-1.381402315,-5.44781117,-1.183891957,10.2225986,-12.74014503,-27.96683754,4
1.163233114,-1.555077366,8.604227592,3.180200895,-7.741918401,-12.22969958,4
3.558593452,2.576458273,15.15584056,-3.879054412,-2.968762666,4.808956388,1
5.087220462,6.292485642,18.70152522,-10.44445011,1.125085356,20.73832486,1
4.331320542,6.526078291,21.27628002,-14.62141839,3.302848269,32.69757984,1
4.626487602,8.523661732,19.67797544,-10.93579711,5.417309192,25.99287042,1
4.033700352,13.47573453,10.04322278,-8.856561615,4.364207122,21.46512115,1
6.137873192,22.47095029,5.411210297,-6.439332794,15.49729067,11.66904704,1
5.586759362,18.75248492,-0.952253966,-3.976323144,10.70240603,8.99323999,2
5.532467922,17.15415016,-5.357173186,-2.513097765,11.03673706,5.27570438,2
5.460849462,13.97008197,-8.65525324,-0.677734699,9.981871862,1.42418986,2
5.473366512,9.123214158,-11.62188878,1.15883799,8.306255724,-2.218794973,3
4.779747032,7.95260619,-15.54525692,3.252841523,5.984240306,-6.206745012,3
4.789419682,5.160470713,-18.97279205,5.509036627,4.146190367,-11.42319218,3
4.189501812,0.10235081,-22.03611603,8.284425937,0.819969844,-17.65752269,3
2.321809262,-5.934289659,-24.61787621,11.33609479,-3.957139801,-24.73667644,4
-0.73161726,-7.238204835,-15.87654377,13.65711582,-11.5663913,-30.35557657,4
0.398317508,-11.49011271,-4.374395676,13.82033901,-8.446628027,-30.25914603,4
1.196898726,-5.540036899,7.252619404,9.212014677,-5.575174528,-20.08935137,4
3.398339022,-2.696301028,16.21035167,2.741552979,-1.502373097,-4.382272965,1
5.022832582,0.950242776,20.09269485,-4.225566233,2.831779686,12.14548284,1
4.424606552,1.687603183,21.28544475,-11.08927424,6.055753206,27.59721287,1
3.353224282,2.403283739,23.94181843,-15.56947201,7.396928921,37.48917603,1
3.756276262,6.70726043,22.94682339,-12.92431772,11.1924299,31.070547,1
3.046793222,7.511882781,17.38979612,-9.966092837,14.7537423,21.42696026,1
4.850636072,9.159183948,12.06044403,-6.281059078,21.0584636,13.96937595,2
5.342961522,5.864308842,5.542241959,-3.397710148,12.09427674,11.3469604,2
5.023407102,2.666721367,0.637514661,-1.744663825,12.29577124,7.987794322,2
4.663065532,0.520715883,-3.503343144,-0.282684208,10.41586643,5.036568696,2
4.563608882,-1.03705075,-7.170467945,1.128321223,8.872431272,1.591033329,3
4.278898982,-2.183456132,-10.69918213,2.906420085,7.511933266,-2.608692914,3
4.494032402,-3.8979625,-14.21621597,4.940789627,5.199411593,-7.117138178,3
3.763340462,-7.328226427,-17.37413945,7.526676537,2.400171723,-13.42865825,3
1.840442992,-12.37148565,-19.76320506,10.44687727,-3.222886887,-20.78511551,3
-0.660600647,-14.83037187,-16.39836628,13.14070128,-9.70572981,-28.2114962,4
-2.483732451,-15.30825246,-5.224343584,15.14555276,-9.113640884,-32.59089212,4
-0.733584909,-8.685413446,5.498371865,9.881230427,-6.098924288,-20.66940308,4
1.682448172,-4.745314315,14.38156491,2.503926058,-1.710889325,-4.498884379,4
3.979433752,0.812337322,19.22438863,-5.573753732,4.758267382,12.03646331,1
4.114722522,2.837692284,21.27783488,-12.86328247,9.793472776,27.49529097,1
4.116033682,4.747082771,21.0965295,-13.03728168,9.041576564,31.02513337,1
4.685490432,10.19387599,17.91301964,-10.15465218,11.92981177,21.12869998,1
4.582090292,11.07846906,13.064687,-7.734868638,12.66107074,13.14018411,1
5.787286712,12.21690571,8.306993471,-4.189633111,18.61128877,4.646057304,1
4.624704762,10.04369976,2.312801792,-2.211344643,16.87801759,1.995839184,2
3.786164422,12.04125256,-2.107990835,-1.013031741,14.79565359,-0.543926865,2
3.354877372,8.449964309,-6.100403821,0.180778393,11.8912122,-2.542337595,2
3.051009982,5.701444668,-9.73802336,1.20596943,9.755517218,-5.228717209,2
2.870240342,4.260379716,-12.85867688,2.581648772,7.56763331,-8.385919302,3
2.696272502,1.814918516,-15.86805335,4.053036757,6.034789705,-11.95448246,3
2.476509582,-0.261723303,-18.77786771,5.530952567,4.632039634,-16.06309414,3
1.820045662,-2.852361009,-21.51661913,7.335346167,2.47224166,-20.89017824,3
0.467719383,-6.980023658,-23.95239338,9.389828207,-0.55575308,-27.03815315,3
-2.248434622,-8.058898296,-16.76486768,11.05375823,-6.831761214,-33.46089187,4
-3.0050801,-12.10935741,-5.488504768,12.88652107,-3.57618748,-36.68939722,4
-2.362916306,-6.434870802,6.029745995,8.853578947,-1.864232266,-27.74953155,4
-0.630568505,-2.968620211,16.14543978,2.89223076,1.450894478,-13.16399642,4
1.863197692,0.284380657,22.26569305,-2.623390995,3.708773756,3.935486165,1
1.11255248,-0.380817879,22.9181173,-9.214904616,8.544581363,19.92172119,1
0.278157064,0.505288294,25.25958094,-13.54146018,8.538088268,29.17394871,1
2.695376752,12.55527305,25.36641662,-10.99307182,15.09150906,16.92742263,1
3.232651132,14.12854164,19.79441819,-9.033290435,20.6222284,9.308788257,1
2.679447792,11.54378453,13.0896002,-5.577369121,14.34381602,5.661606223,1
1.754465192,8.339531153,6.989676923,-3.64036018,12.65045322,3.107694295,2
1.427138018,9.922021444,2.06025433,-2.475672283,11.23472511,0.23626164,2
1.146453184,8.368602014,-2.683346174,-0.908979851,9.429859291,-2.976226596,2
1.095638591,7.067811801,-7.115634994,0.748932765,7.636699511,-6.240338783,3
1.184229512,5.433979232,-11.12475619,2.636668016,5.698021467,-9.820438181,3
1.233773534,2.038903768,-14.87237018,4.780490037,3.64316722,-14.37743248,3
1.006407374,-1.321402652,-18.23493456,7.221841037,1.240288334,-20.37025581,3
-1.26003302,-6.873450299,-19.3634483,10.13208551,-5.665249524,-27.72728475,4
-3.471305899,-6.328579567,-10.22411,12.15101625,-11.39552154,-32.7705108,4
-2.645306903,-10.96753339,1.972493897,10.92813714,-8.79799243,-31.08286956,4
-0.941761308,-6.227677987,13.42670542,6.619369207,-6.789786029,-20.01554464,4
1.885189222,-2.936842464,20.56686865,-0.714454235,-1.981263826,-2.469997717,1
2.870587662,2.054048463,23.98130672,-8.74999377,5.505363304,13.84584085,1
2.489967782,3.805841171,25.06195611,-14.97393246,8.690379252,26.84242113,1
2.715769832,6.081354574,26.088642,-15.53355032,6.323487577,32.09710918,1
3.340626792,4.922023119,18.84539712,-10.87460757,10.8763143,22.23022677,1
3.356075322,7.47007866,13.4818774,-7.801971376,14.60821216,13.85359559,1
3.259752782,6.004268643,8.342872112,-4.061135613,15.42139607,7.962945895,2
3.128971402,1.76392532,2.106435888,-1.551294127,8.476744575,5.462359662,2
3.223267982,4.925878004,-2.006871877,-0.0870025218,6.644308639,2.623892996,2
3.230959182,0.894819909,-5.697910797,1.382292084,4.50251518,0.0313170979,2
3.047911502,-2.467991218,-9.238551377,2.760896542,2.796197801,-3.008882675,3
2.623461252,-4.120759798,-12.36937086,4.444132177,0.765854887,-6.778501707,3
2.192371802,-8.075940726,-15.91277232,6.231365457,-1.451189093,-11.82957515,3
1.200255504,-11.32460125,-19.09435337,8.577761717,-4.293290896,-18.292755,3
-1.104137185,-16.51398481,-21.92475567,11.30932973,-9.81187968,-25.69712104,4
-4.106877085,-18.60830635,-16.72443221,12.84481527,-16.50501154,-33.18468272,4
-4.032738237,-18.43094243,-4.739419714,8.451000027,-15.96845653,-27.73534946,4
-1.527582987,-9.903090686,6.704730517,2.524305402,-12.02367184,-14.9031142,4
1.735864682,-5.039316555,15.38024119,-5.12505102,-6.636479988,2.309592198,1
3.900725932,1.272103099,19.68269988,-11.64061959,-2.95304221,18.40167969,1
3.223561872,1.20570139,21.05959776,-17.2700615,1.43333522,31.84820406,1
3.104077362,4.730828912,22.0826066,-18.24742932,3.428110421,35.37231199,1
4.483978042,11.07026647,18.38438724,-13.795755,4.774457034,24.8918557,1
3.477772482,12.46106676,12.41857525,-11.42154585,9.069014114,15.60731414,1
3.517571512,8.053182016,6.516317152,-7.152997948,4.91714789,10.97886065,2
3.290035492,5.015086643,0.450454625,-4.688229206,1.997703763,8.196492471,2
2.658093682,4.740763896,-4.037342777,-3.061433308,1.224353373,5.332014211,2
2.504394652,3.320520013,-8.01292539,-1.514223217,-0.405632696,2.921749617,2
2.356728422,-0.0745478379,-11.44059848,0.140376602,-1.762110169,-0.618063625,3
2.289208032,-1.782308365,-14.55074175,2.133793209,-2.938384813,-4.889538584,3
2.533544142,-4.771151726,-17.98441273,4.205549637,-4.205965492,-9.849014671,3
2.285135782,-7.843067235,-21.15927134,6.434985557,-6.014386631,-15.52819279,3
0.128166527,-12.4852462,-22.61595897,9.323441917,-11.79991111,-23.13390168,3
-2.978146632,-14.51154634,-16.03648466,11.20428386,-17.63743059,-29.66926241,4
-2.939246526,-19.76415092,-4.476736734,13.60739873,-14.17705495,-32.18895749,4
-1.934303501,-15.16039764,6.95130515,9.766439747,-13.12697112,-23.46360976,4
1.145020294,-9.898223206,15.15925761,1.897419829,-9.005080749,-5.693579428,4
3.262914642,-4.80727491,19.66683811,-4.737084494,-4.471552964,10.91954789,1
3.400148322,-5.386357908,20.79442915,-11.72544284,0.877456487,26.45109139,1
2.611032682,-2.147812301,23.46886225,-16.00130402,2.571655466,35.26928901,1
2.937234672,3.152317576,17.93447249,-12.07981506,5.2895334,24.27201248,1
1.122261019,2.012811985,12.98043504,-8.870600314,9.210313682,14.06024323,1
2.816954002,3.77473994,8.284851082,-5.576765942,14.16329516,7.247665786,1
3.472476362,1.318179251,1.599196969,-3.140110666,6.961798209,5.1756137,2
3.753025592,5.257190153,-2.899313353,-1.511782428,3.195969912,3.065607369,2
3.373566552,0.447583268,-6.542681428,-0.0629775388,1.23596101,0.432353096,2
3.125106832,-2.837433763,-9.98858749,1.236866524,0.285705597,-3.182318523,3
2.747288202,-3.442440321,-13.53946637,2.859880434,-0.439268162,-7.296783912,3
2.653347332,-5.839907847,-17.14030348,5.008045197,-2.046378861,-12.54657314,3
1.922288962,-10.29907974,-19.8873195,7.823005017,-4.710653825,-19.14685442,3
-0.521001612,-15.03170156,-21.8808052,11.04627532,-10.05256223,-26.70472799,4
-3.428092322,-17.39190245,-16.81844696,13.5615018,-17.39958349,-33.97519512,4
-2.231880974,-21.10097818,-4.925164677,10.37967871,-15.02211254,-30.61171943,4
-0.456406761,-11.03484633,7.261235223,5.065523247,-12.11744837,-19.26413079,4
2.116421162,-7.323259046,16.59739276,-1.916302139,-7.19055762,-3.645547053,1
4.341939922,-2.04927765,22.64749217,-8.813130396,-2.265543138,12.83424482,1
4.334915452,1.469708912,25.21966124,-14.92616697,1.417443913,28.24113358,1
2.819854082,4.595185308,26.95580596,-18.28782934,2.133740662,36.09044557,1
3.436941322,10.03845664,25.15215005,-15.32960138,4.240372153,28.43617967,1
3.836033082,11.7313737,15.34230327,-13.21465043,3.16604263,23.55415557,1
5.791645632,18.65266414,8.741072,-10.95476624,12.87360451,14.04278607,2
5.608779602,14.2385482,2.093267935,-7.905223596,6.880612763,11.40019335,2
5.483515802,10.80918394,-2.82136172,-5.850437595,6.206597165,7.711722859,2
5.533300202,10.37370816,-6.701766179,-3.997972066,4.81650357,3.95890677,2
5.457157202,6.729058035,-9.775216944,-2.141933418,3.207960118,0.397763875,3
5.335804192,2.760412752,-13.09809162,-0.563689517,1.569532391,-2.774078176,3
5.094698482,0.880998818,-16.3605988,1.425894191,-0.0809394495,-7.294604617,3
4.869786472,-3.80860596,-19.24430686,3.744406769,-2.009898769,-13.03925428,3
3.682000992,-9.094418176,-21.87868205,6.786672677,-5.03616343,-19.94819985,3
1.225970436,-13.49717667,-23.53688574,9.746606757,-10.63205458,-27.71516952,4
-1.53011147,-10.21189048,-12.15441565,10.77785151,-10.63779267,-32.84362424,4
-1.461308143,-9.320033276,-0.205166546,6.097894777,-8.033467153,-27.96038769,4
-0.171115338,-2.025592905,11.24180813,0.242440721,-5.549023544,-16.07114946,4
1.817888202,1.186874583,19.6631627,-6.791453752,-3.550179468,1.217600899,1
1.614581919,1.297384958,20.81384147,-13.05647482,0.0584904515,17.38078158,1
0.883102862,1.418085336,22.61827305,-17.68029748,0.268704403,31.27226016,1
0.959702065,5.463344055,21.84653701,-15.73367479,3.076412696,28.41990795,1
1.805678012,8.504651865,14.22332304,-11.63887474,8.08451986,20.14346528,1
3.803571462,11.67926035,8.928758194,-7.64675047,15.13784983,12.62291376,1
5.357972642,6.165944346,2.469403946,-4.733597279,5.07893759,9.642613791,2
5.264435282,3.894446173,-2.919728798,-3.05666072,6.546789654,6.283642477,2
5.438254632,7.172006223,-6.788265392,-1.35131233,4.687513275,3.180110389,2
5.549596952,3.21177607,-10.00906995,0.386061922,2.880738193,-0.0402536791,2
5.520573392,-0.612319415,-13.47963919,2.225896003,1.457329072,-3.398652388,3
5.390621372,-1.807734908,-16.66763549,4.291159457,0.0183080445,-7.404659519,3
5.399266582,-3.983803021,-19.81695978,6.516511937,-1.68217106,-12.07621441,3
4.913623802,-8.024393036,-22.50246643,9.215879587,-4.415357658,-18.07530877,3
2.327242232,-14.27700668,-22.8027965,12.48506193,-11.49906531,-25.5703241,4
-0.440932411,-13.45576961,-14.34900985,13.84913168,-17.13960755,-31.47916712,4
0.0169099956,-15.34487553,-2.460532722,10.68980922,-13.62124189,-30.46071666,4
2.347823242,-6.960321771,8.41007267,4.827961867,-10.93791704,-18.54976093,4
4.007430502,-3.990840177,14.98426004,-1.9272975,-7.38570984,-1.099642632,1
5.083146662,0.308214467,18.87241779,-7.513597843,-2.398319598,15.21440026,1
5.971606752,-1.040512227,21.25474932,-12.87180732,4.805515447,28.4253686,1
5.011104812,3.243787592,23.58281233,-16.40695349,6.2419946,36.63173822,1
6.068167902,8.308137497,22.3081998,-14.39173567,5.928440554,33.68626493,1
5.408840062,7.317254285,16.51360117,-11.33598895,7.816830183,24.45501946,1
6.336197502,9.795300327,10.95817096,-7.617896949,12.97874912,16.61701159,2
6.895719492,6.061150391,4.717864188,-5.061269879,5.3040215,13.02451511,2
6.304704112,5.41225732,-0.731225951,-3.336675084,6.242136192,9.261586939,2
5.904654842,2.888327151,-4.659293402,-1.664753951,4.632171905,5.96715849,2
5.664760902,-0.610726773,-7.981450007,-0.114099484,2.914929806,2.222619271,3
5.354058322,-3.63908878,-11.41415251,1.491566403,1.232001286,-1.415722231,3
5.095869622,-5.034813274,-14.90202349,3.203299829,-0.871842915,-5.215550251,3
4.856476902,-8.308610386,-18.32673231,5.163206967,-2.810902591,-10.78710097,3
3.363587422,-13.60742408,-21.31489501,7.586595377,-6.224106114,-17.97578815,3
0.694835394,-17.26833884,-20.80592184,10.33153179,-12.19614925,-25.84236113,4
-1.852820527,-15.72882611,-11.48276883,12.21578493,-16.3563266,-31.36642814,4
-1.365146492,-10.62733336,0.385997066,8.049186707,-14.28767812,-22.23815825,4
1.243002313,-7.250730909,9.720242891,1.421475133,-9.40327736,-6.298299656,4
3.717112552,-2.389763213,16.92140822,-4.789645963,-6.135259289,10.35419746,1
4.922991622,1.610346142,20.93875612,-10.42205361,-1.026126091,25.92254764,1
3.353252772,4.382449645,22.73803546,-15.67733724,0.450270749,37.61879392,1
3.493545752,7.023251491,22.54064109,-13.55961545,2.336194073,35.25278936,1
2.957133052,9.500570125,15.17721515,-9.125048215,5.789127609,24.72647031,1
2.132287862,9.298308752,9.328809634,-7.270988379,10.49396586,15.7924425,1
3.274949322,4.355248311,2.958149312,-4.144376992,3.063957781,12.28045099,2
2.855089472,1.006064161,-2.459325854,-1.74782873,1.396658893,9.018463088,2
3.078975612,3.849794788,-6.237633898,-0.410812818,0.0783135085,5.485053159,2
2.933141492,2.438382874,-9.325407036,0.905219601,-0.687795751,2.194597278,2
2.742660892,-0.649908076,-12.78137764,2.263722812,-1.537641852,-1.463774912,3
2.448352312,-0.914037343,-16.25126543,4.023036597,-2.629685949,-5.588300048,3
2.527355382,-3.407569096,-19.63681011,5.823280507,-3.807095618,-10.40840654,3
2.001194932,-5.840586144,-22.85161226,7.860471967,-5.815828434,-16.07103413,3
-0.670253454,-12.29398595,-24.91238377,10.4698587,-11.25466519,-23.32251694,4
-3.525407291,-13.97511006,-17.64447731,11.88714383,-16.5599482,-29.84162439,4
-2.202160927,-17.29121526,-5.598572636,10.60594469,-13.09372523,-29.56805119,4
-0.303948564,-11.31960125,5.524015946,5.939166627,-10.25897611,-17.82945393,4
2.558467032,-6.150519772,13.19556517,-1.341928797,-6.16833539,-0.426230624,1
3.243732312,-1.152564149,16.681614,-9.209460548,0.681916711,15.84397034,1
2.324729092,1.217774334,19.74748813,-15.06870662,1.929393675,29.52853781,1
2.737122572,2.681285265,18.98036128,-13.66960546,2.773292903,29.53748332,1
2.900640212,7.446980288,11.56510563,-11.07661482,4.639604729,21.39640138,1
4.652903472,9.98065562,6.747585499,-7.092783801,11.34947879,13.12223613,1
6.127174322,2.741109393,0.877766223,-3.900288237,2.994538851,9.990715615,2
5.425261892,0.576353188,-4.321317538,-1.917988878,2.830319534,6.795842642,2
5.054652482,-1.093814142,-8.259537406,-0.34786753,0.539468359,4.18596859,2
4.781683682,-3.968535627,-11.57330407,1.133940126,-0.642107373,0.586201166,2
4.321843672,-4.801402902,-14.75775745,2.710507498,-1.052860196,-3.563007477,3
4.200891902,-6.579418258,-18.41487931,4.602659687,-2.924503891,-7.767924075,3
3.589619112,-9.396517396,-21.47230578,6.869323677,-4.824300805,-13.7619005,3
2.154868782,-14.69801621,-24.46727502,9.637115607,-8.064700465,-21.16868458,3
-0.552413092,-18.88894237,-23.53948547,12.78002936,-15.2724222,-28.92225743,4
-2.776972423,-17.93732231,-13.00621232,15.46649671,-20.33947764,-33.51764027,4
-1.517850154,-12.2708411,-0.383109511,10.76093476,-16.56311657,-22.92112735,4
1.679895462,-7.801775981,8.373372769,1.959921489,-8.121686308,-5.826171404,4
4.606869642,0.730950376,13.50056317,-6.843790674,-3.165357086,10.7955882,1
4.741542862,6.293675876,16.43031356,-13.89963629,2.206398637,26.335202,1
3.607306772,10.23857358,19.16882828,-16.37892611,-0.801805088,35.92587078,1
4.425453882,10.27585752,20.02734168,-13.50871622,1.608694783,28.55352052,1
4.798435682,12.0382554,11.82668068,-10.37038682,5.578874837,21.93283881,1
6.409759862,20.35716371,6.291776346,-8.385579717,14.39671086,13.56811825,1
5.990950102,14.31513953,0.247982942,-5.604133009,6.605329464,11.51174499,2
5.525894202,11.59952154,-4.042851722,-3.943536636,5.834497014,8.439377264,2
5.389138602,8.789500449,-7.135926937,-2.166541178,3.706682647,5.282421299,2
5.374535192,4.035531036,-9.884578919,-0.591662264,2.476363671,1.792567697,2
4.878084902,2.102903912,-13.0543023,1.196590089,1.639067972,-2.228054294,3
4.865460772,-0.26368809,-16.60625934,3.309990839,-0.566777182,-6.500013691,3
4.577490342,-3.591308654,-19.9751496,5.415937207,-2.478014193,-11.92734244,3
3.546818652,-7.932129759,-23.12371766,7.972380137,-5.48323999,-18.81033044,3
0.783684417,-12.98077584,-20.37456054,11.22367511,-12.82425619,-26.86347335,4
-1.563623216,-11.50830814,-9.925147666,13.24703803,-17.28726128,-32.27635821,4
-1.003880047,-16.07677082,0.746975258,11.3209941,-15.2528758,-29.48840011,4
0.487996986,-5.936894562,11.9064573,6.562959857,-12.33815503,-17.20811585,4
3.035599782,-1.829035109,20.23437319,-0.466684347,-8.45239428,0.154655757,1
3.316279292,1.814690251,23.031695,-9.005622705,-1.090845505,16.38703859,1
3.227514692,2.051716921,25.4159315,-16.07321259,3.006408744,31.23728365,1
2.993033902,2.74965262,25.19668349,-13.76977854,3.007812948,30.64473449,1
3.494041582,7.57894528,21.68265824,-9.746211907,5.411192917,19.86906287,1
5.330854872,13.86806245,15.42661584,-7.452857312,12.5079341,11.7762901,1
4.521840442,13.04667971,9.258983016,-3.17645349,9.232878961,7.542290205,2
3.962191542,8.03094806,2.56305633,-0.681491834,3.879244967,5.613479499,2
3.589479852,8.865621889,-2.282817432,0.344205586,4.019525813,2.826269063,2
3.632933782,4.694299109,-5.788501436,1.933444948,2.126599397,-0.131149765,2
3.588125362,1.173533022,-9.238307569,3.312923256,1.099484909,-3.527837539,3
3.536796752,-0.0591727509,-12.69498165,5.207082217,-0.527338756,-7.290492537,3
3.702889862,-3.07973315,-16.11088954,7.027594077,-2.051229654,-11.65655579,3
2.983471452,-7.022719687,-19.37046941,9.400135277,-4.842842092,-17.84042728,3
1.321949789,-12.96305036,-22.29515082,11.92964844,-8.96517679,-24.54855519,3
-1.312230787,-17.79939819,-20.07627731,14.47329368,-15.06920566,-32.30162816,4
-3.684018148,-15.82248323,-8.944439223,15.91306057,-16.15449003,-37.60186529,4
-2.192989953,-10.3532915,3.243855287,10.941497,-12.67393424,-27.0166139,4
0.785952939,-6.471996262,12.554962,3.453441601,-6.667732658,-9.991294251,4
3.760695692,-1.603612908,19.05847865,-4.672644562,-3.475488635,6.901632204,1
4.853965432,3.376971848,22.70622307,-12.3749902,4.3344197,22.69475876,1
4.282627922,4.657193361,24.44606395,-13.95466633,1.642655059,30.89622217,1
5.285790002,7.334745838,24.07190469,-11.09228082,0.325182283,25.88483479,1
5.216820252,6.413194944,17.72687091,-7.405453109,2.41644142,15.78313751,1
4.657622172,10.24451322,12.45206648,-5.88338656,5.259660081,7.393111618,1
4.541135212,6.566550975,6.766178331,-1.759825771,1.694551741,2.79130734,1
3.642967192,1.689580639,0.806735028,0.626019535,-2.744616058,0.324426048,2
2.833075982,0.894651415,-3.450937973,1.902365349,-2.071269658,-2.620117398,2
2.977432322,0.942727055,-7.339031522,3.047932016,-4.039530016,-4.733698981,2
2.411042462,-1.287237838,-10.70378626,4.023550087,-5.230454501,-7.009190937,2
1.940634892,-3.986447272,-13.99004906,5.174069937,-5.892339656,-10.22233683,3
1.760629722,-4.760033895,-17.26352814,6.767749857,-7.028700327,-13.95098668,3
1.733407962,-7.216758559,-20.61197921,8.458840247,-8.465595036,-17.97581121,3
1.192378282,-9.892029706,-23.96892981,10.13768457,-9.93510508,-22.90735064,3
-1.111998272,-13.69747787,-25.89636124,12.24714787,-15.42911496,-30.50203219,3
-4.36257907,-15.49137471,-18.19285812,13.28099987,-20.38166092,-37.23172612,4
-3.485508351,-19.78065495,-5.157577258,13.11008849,-14.64354755,-38.27957031,4
-1.888194682,-12.04906687,7.432873976,7.337533437,-11.70392489,-26.69801329,4
0.4082998,-8.041971716,16.18217559,-0.227323183,-9.77028073,-8.717409815,4
1.919996752,-3.138431648,19.58802587,-7.079635635,-3.004908537,8.092581455,1
2.300625462,-2.65443532,21.94612008,-13.48782082,1.587998104,22.73032159,1
2.145363822,-1.185689977,24.10996268,-16.85620207,1.888376186,32.06940855,1
2.869941482,1.972593035,19.67774709,-12.78368825,4.014458865,21.6251711,1
1.944477872,3.672567713,14.79449289,-9.54901335,5.764699534,12.64320799,1
2.830152232,6.440052101,9.274987875,-6.379394585,10.62461011,5.698374613,1
2.796381692,3.531813476,3.174065653,-3.825913141,3.169208567,2.929479009,2
2.058494702,4.416510785,-1.475652309,-2.396321937,1.255645424,0.342836868,2
1.738692742,2.118340406,-5.716359308,-1.030994167,0.174468371,-2.108683353,2
1.636406546,0.340829407,-9.609453039,0.272267168,-0.92224958,-4.827766013,2
1.541276313,-1.612027568,-13.00371769,1.947649702,-2.102538699,-8.256940859,3
1.707646012,-4.772392754,-16.50135018,4.004702757,-3.851703064,-12.624656,3
1.326245851,-8.005160006,-19.86067919,6.162278027,-6.755575064,-18.06998082,3
-0.526896864,-13.55072394,-23.06637029,8.241474337,-11.53321031,-24.40007222,3
-3.653147544,-18.02595328,-20.85738852,9.937450307,-16.65545269,-32.38831628,4
-2.832197881,-20.91590905,-8.325148343,9.316149217,-12.68431979,-33.55876494,4
-1.989196246,-15.29939177,3.92266553,4.778542407,-11.30723285,-23.13739515,4
-0.607514608,-10.59987613,13.98182394,-1.673986206,-8.079668816,-6.130183875,4
1.54599762,-6.508812109,20.91945034,-7.920011628,-5.945374806,10.51136821,1
2.400990302,-5.500412872,23.72482153,-14.66488867,-0.373256836,25.18435693,1
1.656559092,-2.968207432,25.9700553,-19.18300346,0.264416782,36.53626527,1
2.930030262,2.525901206,25.18325677,-16.84350536,0.988228471,33.55925806,1
3.307486462,4.490856673,16.38565719,-12.96752007,0.737568071,28.00246362,1
3.976770012,6.832538011,11.48030001,-9.324506064,7.754628451,19.52719736,1
4.208593052,4.256374786,4.287592221,-6.379113326,-0.385643261,16.08994919,2
3.824309942,3.113535812,-1.752380316,-3.998503663,-0.920878031,12.88889782,2
4.273184902,7.365808375,-6.051067091,-2.478203238,-2.014829709,9.493916889,2
4.157884552,4.2994482,-9.567722314,-0.680378033,-2.686389876,6.140156015,2
4.089330462,0.112477968,-12.55045153,1.143949114,-3.088227733,1.89758267,3
4.064479252,-1.705309676,-15.9355358,3.252829725,-4.825870405,-2.155704912,3
3.820212062,-4.286403808,-19.44942086,5.316303917,-6.268591131,-6.771624326,3
3.318163022,-7.476801866,-22.63916992,7.740652597,-8.317242598,-12.95265353,3
0.476037908,-13.05726082,-24.00497375,10.71546794,-15.08930346,-20.69127139,4
-2.402583619,-16.08989842,-17.08125234,13.09576917,-21.55458539,-26.78762426,4
-1.369001298,-20.3516365,-4.372654799,12.2733187,-18.41139124,-25.56052273,4
0.943858774,-14.25130848,7.685387207,7.991216087,-15.1926903,-14.96994807,4
3.833815392,-7.733043713,15.43377911,0.0410752922,-9.4387463,2.247109493,1
4.917357682,-2.259530158,19.1640246,-7.188822415,-4.319681655,18.34326487,1
4.355304122,-1.422972047,20.85979929,-12.67844472,-1.5634276,33.21218283,1
3.434961812,2.474458745,22.34781773,-14.24929222,-2.821182648,38.97306462,1
3.689641192,6.280573211,16.12993036,-10.72945894,2.586777119,27.6273685,1
3.036650442,8.709882453,11.43245363,-8.612496265,6.486326063,18.07781022,1
4.614159272,11.18517945,6.234152679,-5.248542102,12.89368,11.16559838,2
4.934125722,6.960694766,-0.0537451651,-2.556093967,4.541024139,8.456506121,2
4.929774032,9.53695683,-4.404408932,-1.068108957,2.79643688,5.348602239,2
4.613277982,6.5562402,-8.294005837,0.287735947,1.508652934,2.545853861,2
4.583124512,3.765607,-11.76695771,1.64322655,0.0672839185,-0.602421731,3
4.343834372,1.169569988,-14.85138329,3.230844032,-1.22511167,-4.408508697,3
4.253736772,-2.650216063,-18.2053799,5.096570727,-2.923615124,-9.501623145,3
3.501932872,-6.401622178,-21.12693733,7.303760247,-5.338056668,-15.97927169,3
1.144052242,-12.13204938,-23.2845945,9.832665467,-9.60001089,-23.50643963,4
-1.692626477,-14.39641753,-18.46562315,11.87257982,-16.37746845,-31.05814435,4
-1.062893193,-13.87586034,-7.191286088,7.462091597,-14.28111817,-26.02044555,4
1.103874802,-3.608568097,4.189470147,1.867006521,-10.58675385,-13.21392765,4
3.412699232,0.906501147,13.27758415,-4.305071888,-7.499476619,3.888805663,1
5.019866612,6.089738879,18.33284923,-10.3917236,-3.021749979,19.87807978,1
4.930956682,5.493622169,20.76173314,-16.13177946,1.678051355,33.48726785,1
4.832933992,8.575178704,22.01771752,-17.06752184,0.438243697,39.19398096,1
5.567810742,14.05636569,20.80973311,-14.16489913,1.534195078,31.64710942,1
6.107322442,14.90059438,11.95761837,-11.67377325,-0.774594301,28.64965357,1
6.350939372,14.99943978,7.697676132,-9.477947097,3.886692901,20.00509598,1
7.055532982,10.21718342,1.847461678,-6.675053258,-3.626747534,16.48458054,2
6.756606652,7.910417171,-3.233455837,-4.876190174,-2.616325574,12.98017873,2
6.308758542,9.87400209,-7.092991717,-3.247091341,-4.665329578,9.769989893,2
5.877649582,6.059229124,-10.34064763,-1.741438318,-5.618816576,6.447429347,2
5.190988842,3.594506291,-13.57107941,-0.29208633,-6.209224142,2.234521766,3
4.671718812,2.712811373,-16.82564156,1.407620335,-7.023454152,-2.166043975,3
4.367552882,0.20071361,-20.13008188,3.161575197,-8.244126866,-6.704797645,3
3.865632462,-3.727855913,-23.2223696,4.765080797,-10.04048309,-11.61861179,3
2.632456292,-7.861105073,-26.03237354,6.648641457,-12.96810964,-17.71405651,3
-0.398974691,-10.76364089,-22.74715045,8.070324707,-17.06312799,-25.94089272,4
-2.780548292,-10.36286684,-11.55467622,10.03026628,-15.40741956,-31.91452044,4
-2.68050356,-8.216933486,0.636165887,6.725183807,-15.81652382,-26.73017091,4
-0.731280883,-3.497704592,11.5917623,1.007207844,-10.76155996,-14.86589063,4
2.017891502,1.24906226,18.76098759,-6.77484391,-7.518857563,2.344392361,1
3.209227192,3.271813288,21.89215481,-13.70851837,-1.548759613,18.43421422,1
2.261177962,4.759053328,24.53634794,-19.69258625,0.211505649,32.00776385,1
2.233157572,9.013967731,24.80302122,-18.27805685,0.0471759285,33.52820511,1
2.506971472,7.459565032,16.39028795,-15.00853415,-2.884528394,29.72878913,1
4.706567072,16.34528276,9.919013951,-12.29211418,4.908264298,19.99423919,1
5.977171932,9.979826531,3.006766329,-8.469057786,-1.221801706,15.82970701,2
5.045116592,7.343302974,-3.690903522,-5.368755217,-4.145396104,12.78219247,2
5.469646252,8.676734074,-8.00395198,-3.431916866,-4.896797885,9.177098252,2
5.284895272,6.468767383,-11.81914277,-1.657930959,-6.075124027,5.730714766,2
5.353074462,2.917909343,-15.35763653,0.150069391,-7.03368508,1.890307015,3
4.997098852,1.451434703,-18.51923152,2.091197599,-8.096236115,-2.396951828,3
4.672246032,-2.922647014,-21.44320435,4.446365717,-9.67075594,-8.681492982,3
3.269333492,-9.039012416,-24.00247079,7.373392427,-12.88570711,-16.35545448,3
0.801426292,-14.13877875,-23.1854082,10.46798207,-20.7938336,-24.20483171,4
-1.598693769,-12.0331201,-12.90019448,12.14069594,-21.21932513,-29.87474842,4
0.393844113,-5.193855706,-1.215813161,6.722818427,-17.75721794,-18.55676156,4
2.872574142,-0.914330698,8.145231149,-0.0211968338,-12.66332696,-1.545771753,4
4.842731462,4.36311221,13.97570817,-6.259590085,-9.47810906,14.797316,1
4.742505312,6.408629851,17.26741859,-11.70142752,-6.018954618,30.07640064,1
4.549463242,4.972188144,20.20723755,-15.03213176,-3.984052313,36.90073521,1
6.854005992,12.93354982,19.17573416,-11.49610173,0.649752221,26.11612959,1
5.590683732,15.542657,12.21118504,-8.864807896,3.916443747,17.51780238,1
7.170794182,19.36969524,5.900726047,-5.295679154,12.45905442,8.955734636,1
6.296629622,16.17897322,-0.462321882,-2.715894552,10.35940623,5.934041482,2
5.977572312,15.31095198,-5.163384981,-1.004915958,8.84299202,2.36103485,2
5.820847992,13.11711149,-8.907705245,0.592683978,7.644349762,-0.939121027,2
5.976323942,9.759764021,-12.49468139,2.083789976,5.691265905,-3.806369347,2
5.582752432,8.924713383,-15.95790234,3.862765427,3.95821985,-7.575726032,3
5.598757322,6.06680615,-19.37595722,5.921299637,2.17408954,-12.19491724,3
5.319670642,2.118924482,-22.41949064,8.134400517,0.101795374,-18.05813356,3
4.181571982,-4.02168454,-24.9827487,10.96039829,-3.86214173,-25.01633515,3
1.927958922,-10.51452627,-24.83500306,14.19796159,-11.30820147,-32.69325679,4
1.552580385,-13.08040053,-13.26619553,15.88463492,-8.615526067,-35.70749112,4
1.980474582,-7.400312796,-0.646034947,11.10814036,-6.47714125,-26.00851083,4
4.207890152,-4.101182497,8.865669058,4.627481807,-2.668973225,-9.786927081,4
6.129855852,0.274097938,15.8726279,-1.820179186,-0.121515063,7.092694223,1
5.645325802,1.791595554,18.04047632,-7.979697503,4.169428414,22.87338185,1
3.868620852,2.161256003,19.57743727,-12.38219984,7.274526285,35.2648469,1
4.231661202,5.750336104,19.69657631,-11.97557852,7.727221741,33.75940255,1
4.748389922,8.960714167,12.21234034,-7.911862887,12.61632285,24.18811938,1
3.665365412,7.471866668,7.236950175,-4.763396114,16.51657084,15.0432713,1
4.834877012,5.458074218,1.03029412,-2.01709968,7.155672842,12.60128021,2
4.705856612,2.483132932,-3.975567345,-0.555264747,7.688128431,9.241415653,2
4.879782262,3.706808142,-7.797716192,0.85014166,5.98452073,5.962704895,2
5.121360782,1.459809416,-10.68905075,2.234582417,4.116153506,2.86615943,2
4.724839702,-0.215720532,-13.79447873,3.575580617,2.4459174,-0.586588157,3
4.707291312,-1.941608924,-16.97588542,5.310581757,0.636564643,-4.885940979,3
4.664560012,-6.01233627,-20.04404659,7.009119717,-0.95614734,-10.00062337,3
4.133369092,-10.16672948,-22.27518469,9.438991387,-3.133600785,-16.7492719,3
1.488013464,-14.31440493,-23.38802058,11.95653745,-8.468906732,-24.68774891,3
-1.60451009,-12.97167596,-14.90755762,13.6570132,-14.21533114,-30.06793891,4
-1.085815088,-16.45890714,-3.607075361,14.09988819,-11.88820938,-31.48134431,4
-0.643109249,-10.58966028,7.847794447,9.413262697,-10.11293747,-21.78034218,4
1.779947832,-7.63472984,16.47819252,3.103049089,-8.672786943,-4.119899588,4
4.236982072,-2.718463187,21.34395946,-3.677001948,-0.572196548,12.39077461,1
3.464413942,-2.117267293,21.85125309,-10.60721951,4.157870103,27.82653513,1
3.746978182,-0.409809166,23.81116556,-13.31327702,4.4841572,34.7129054,1
3.773224442,3.604448079,14.0925961,-11.14929314,3.839004269,28.48942761,1
5.898328982,10.25315278,7.890120709,-8.757638232,14.63822203,18.18537794,1
6.579241932,3.357964066,0.225330218,-5.635567642,4.245269072,15.98734756,1
6.494608422,2.058045242,-4.87018248,-3.766792014,5.601000129,12.81632114,2
6.459691672,-0.453147769,-8.215365525,-1.883584194,4.57070839,9.196587366,2
6.587483992,-3.87572208,-11.5628037,-0.0509587698,2.424340738,5.701251342,2
6.404462922,-6.372634439,-15.01814842,1.76666323,1.514436026,1.722194162,3
6.422105332,-6.364028154,-18.14075074,4.094282767,0.751190048,-3.288747081,3
6.767914812,-9.626787056,-21.40228864,6.479974237,-1.211579449,-8.629602968,3
5.578742782,-14.96048136,-23.99849153,9.725116327,-4.766655182,-16.07696813,3
3.083169642,-19.81083267,-23.30536764,13.60586881,-11.96706611,-23.71648822,4
-0.0451565864,-18.78826619,-13.67544574,15.39019779,-16.61353113,-29.20411811,4
0.832960591,-20.39924641,-2.845092814,12.94116868,-14.20527907,-27.55643892,4
1.63155694,-16.33678117,6.428806,6.560716117,-10.24713459,-13.60336323,4
3.845925712,-12.01825211,13.95750641,-0.926247666,-5.382901123,3.524723966,1
5.482506072,-6.734146793,18.70674199,-8.698652468,-0.354538721,19.53770132,1
4.575204952,-7.245400226,19.95843076,-15.27114393,3.49609674,34.50816713,1
4.605644732,-6.57051576,19.06283172,-12.40053628,6.508934036,28.45497755,1
3.928781112,-2.257988858,10.34381906,-10.20656865,6.963789022,23.08098472,1
5.721396482,7.967193871,4.596007746,-7.824631684,12.11369256,14.22328915,1
5.370250492,6.805785825,-1.141185434,-4.466273894,6.955962147,9.986441612,2
4.981367512,7.005463788,-5.748381149,-2.942341768,7.444298617,6.109373711,2
4.787675672,6.571260168,-9.412395769,-1.344273798,5.976109027,3.030101586,2
4.645337002,2.897500362,-12.86916021,0.227736032,3.887752255,-0.0771815661,2
4.588757792,0.478680116,-16.07852314,1.792768904,2.191656182,-3.16545192,3
4.627752622,-2.193440198,-19.32630245,3.784406127,0.725689025,-8.071770349,3
4.341350232,-5.359663073,-22.36512131,5.908143207,-1.332277797,-13.87062811,3
3.178034042,-9.490486206,-24.98556323,8.486682367,-3.440540099,-21.30361284,3
0.865579138,-14.52062659,-25.2494031,11.90963344,-9.73188907,-29.29675398,4
-0.27211884,-16.52518028,-12.84696687,14.30507343,-8.344361883,-33.51459802,4
-0.226108135,-12.53810578,-1.324499904,10.68145006,-6.781927824,-24.90460794,4
1.922937862,-8.697357606,8.34909417,4.759052157,-3.996004797,-9.620153631,4
4.327449492,-4.837940534,14.86715014,-1.383753518,-0.439272766,7.248610024,1
3.818205862,-4.908884297,17.34185816,-8.25713838,3.976169484,23.01914688,1
3.698253872,-3.766228447,20.53362748,-11.99834471,4.87556312,32.10895881,1
4.360971642,1.092394448,19.56283113,-9.759532558,7.820446444,26.93864765,1
4.519601132,4.2250509,10.97766272,-7.475741546,6.422638789,22.83460549,1
5.241101182,4.474529581,5.722047115,-3.272353671,8.621580761,16.33094242,1
4.857646122,1.355501597,-0.452044253,-0.304245463,2.629245287,13.43606648,2
4.674492592,1.520102055,-4.675449193,1.315786541,3.16879776,9.386070983,2
4.369152662,-0.861197887,-8.223548344,2.902866696,1.831439595,6.190329759,2
4.506884612,-3.212635034,-11.66880144,4.309631987,0.22997832,3.269203125,3
4.118579352,-4.581982558,-14.92104665,6.199499117,-1.883632522,-0.505820688,3
4.371469042,-8.150998216,-18.23176486,8.242992907,-3.267068981,-5.587279013,3
3.767965772,-10.85336332,-21.6845694,10.5468374,-5.60302254,-11.8608119,3
1.446906171,-15.15452149,-21.9209255,14.13915077,-12.33671701,-20.22781662,4
-1.888810286,-16.98419224,-13.23348298,16.47686004,-19.3711175,-25.99472764,4
-1.700790035,-19.5734156,-2.090170373,14.78459584,-15.54753211,-24.84755919,4
-0.548487921,-10.18390608,9.629034228,9.301381087,-11.99920345,-15.21783602,4
2.245905002,-5.29688264,18.24380065,1.117924897,-9.73986821,2.01536008,1
3.886815582,-0.45334672,22.60073179,-5.812531409,-3.870048962,18.12660331,1
2.638352552,-0.358737331,22.76940762,-12.49990568,-0.330457878,33.18893748,1
2.840586382,-2.463738334,25.15283873,-15.36884373,-5.196085953,42.37462607,1
1.437713229,6.378600739,15.26844132,-12.57581863,-3.731826119,35.25596745,1
2.482046542,13.23661025,10.34243894,-10.59842716,3.831020301,25.00312616,1
1.860984932,12.77720935,4.530145777,-6.812124452,-1.68253672,20.21695486,2
1.512815131,7.531165361,-2.070503801,-4.388919505,-4.875648688,17.31197224,2
1.881210042,8.188767458,-6.297815464,-2.783100031,-5.81395292,13.32852399,2
2.076609292,4.562686444,-9.838142769,-1.00019415,-6.98174228,9.024759634,2
2.294056622,0.862734259,-13.2756333,0.657696432,-7.646833771,4.692237534,3
2.231609842,-1.344638082,-17.04116854,2.648725802,-9.182066216,0.193255722,3
2.228859612,-2.766557944,-20.427938,4.745569207,-9.67410513,-5.610724813,3
1.151914716,-7.215711347,-23.60414876,7.244327997,-12.03698854,-13.22532591,3
-1.129462571,-11.40600206,-24.51026086,10.35278404,-17.66188125,-21.94605957,4
-3.621927381,-12.12520149,-16.31038961,11.97935359,-23.98997668,-29.08029441,4
-2.597870962,-15.84883915,-4.270376626,10.14229837,-20.45279006,-27.72081849,4
-1.238650236,-11.11504231,6.214397898,4.567925877,-16.49321817,-12.05681851,4
1.302155197,-8.759703366,13.25290122,-1.188914245,-13.20170955,4.970582179,1
2.562440042,-6.140474288,17.37100011,-6.529733539,-9.72315391,20.88942814,1
1.870082662,-9.035821046,17.77385831,-12.58330922,-5.357453292,35.7718909,1
4.034153052,5.02064097,17.24300805,-9.961699912,0.29957147,25.43926724,1
3.975144502,9.225742373,7.489123616,-8.344736619,-1.01291406,22.47492886,1
7.142105422,17.78785834,1.691229819,-6.665157957,7.968337515,13.78831697,1
6.978607192,14.39564011,-3.333819457,-2.248805076,5.663851631,9.296665871,2
6.579884212,9.766439143,-9.084732478,0.419214328,-0.53875141,7.200490524,2
6.674022812,11.41398409,-12.39891639,1.97128446,-2.449329488,4.288104021,2
6.737197332,8.452626193,-15.2738157,3.360220187,-3.817295048,1.3328679,2
6.695924442,5.434222234,-18.10012789,4.628928087,-4.521015528,-1.962438196,3
6.390111102,4.032906318,-20.94360105,6.247668197,-5.547972966,-6.009794791,3
6.248748742,0.572584345,-23.99633633,8.387863767,-7.067361445,-12.12518663,3
4.834096382,-5.039191459,-26.3675282,11.06573311,-9.87959986,-19.56004816,3
2.091463132,-9.897690376,-25.67911588,14.49114717,-16.58123719,-27.28970325,4
-1.071639947,-11.2897753,-17.45728818,16.27794219,-23.85190168,-32.36489461,4
-0.581179842,-6.967034752,-4.811629281,10.39252727,-20.44539714,-26.9530384,4
1.873111452,-3.093609041,5.171444537,4.095548787,-14.47166957,-13.37352932,4
3.347060892,0.771026149,13.25685476,-3.430101178,-12.88434139,3.739594731,1
3.928334652,3.091630105,15.97051017,-9.61643379,-8.405718201,19.7385831,1
3.599550432,2.227773361,19.01860513,-13.29795323,-6.853694046,28.08482215,1
4.002956832,9.321249661,18.59099436,-10.01936672,-4.368075837,20.30256177,1
4.173967062,11.38272496,10.83998331,-7.948137306,-2.219618728,13.09699442,1
6.462723042,13.3452557,5.5923378,-5.530942753,8.349185273,3.998705482,1
5.918772332,10.08481381,-0.983587589,-2.771928738,2.550417582,2.0318793,2
5.771339902,8.315159893,-5.571241259,-1.725867517,3.997119024,-1.371520228,2
5.507839462,8.517402507,-9.640179079,-0.448892606,2.789117976,-4.192736165,2
5.476567432,5.823103592,-13.24304642,0.913329039,1.72085759,-7.113897957,2
5.435907122,3.499419974,-16.80804741,2.370645367,0.490680703,-9.853323941,3
5.425709462,1.084128915,-20.26810855,4.328137367,-0.857095282,-14.28996136,3
5.309880772,-2.428594405,-23.30471986,6.413991747,-2.618797861,-19.63779538,3
4.119768702,-7.193303518,-26.13072078,8.622831817,-5.597473367,-25.89760466,3
1.908425602,-11.82960439,-27.72717245,11.15576366,-10.72766746,-33.38254483,4
-0.310941694,-12.018063,-15.94176043,12.82840356,-10.39091121,-38.20113774,4
0.0400901126,-12.4008816,-3.731534945,8.705864517,-8.662455711,-33.16232313,4
1.261344547,-5.046929491,7.800976453,3.371537938,-4.478563084,-20.27479249,4
3.560413752,-2.656503123,16.64452894,-2.732592141,-4.393677495,-2.712367456,1
4.499829672,-2.764166012,19.68698879,-8.239642358,0.00453490752,13.70667054,1
4.202384092,-5.299669337,22.05354125,-13.60025385,4.627018481,27.52839831,1
2.613497982,0.495238798,23.07045146,-17.14757976,10.20919735,31.88011951,1
3.698008572,10.02261453,20.42401626,-13.17133169,10.23241491,24.22826554,1
3.162192242,11.5809624,10.43521943,-10.4677296,9.669498692,18.43654528,1
3.275684332,7.099245893,5.258629221,-6.050676033,4.146374608,13.86082551,2
3.045021372,5.470817414,-0.79836827,-3.564789136,1.929781894,10.70257808,2
2.805533682,5.58703744,-5.084162693,-2.375715612,2.614710128,7.393807964,2
2.728165712,4.280577451,-9.166433259,-0.814537365,0.945366695,4.659570554,2
2.854516872,0.659093087,-12.59748763,0.764707667,-0.430024421,1.239076042,3
2.805252342,-1.299583019,-15.82106064,2.671284121,-2.09634816,-2.927802208,3
3.162023182,-4.249818354,-19.08063477,4.790004037,-3.833994626,-8.156059838,3
2.765409862,-7.178351019,-21.96011064,6.999767647,-5.24343964,-14.26682474,3
0.16987436,-11.19375023,-24.25525303,10.13656322,-10.20843147,-22.30930158,3
-2.904881482,-13.35231256,-19.90754274,12.90622096,-16.57821963,-30.40535132,4
-5.316031794,-13.28418092,-8.080871644,14.42714919,-14.33319904,-34.80235397,4
-4.103699376,-13.50807734,4.987490646,10.10118407,-10.29768439,-30.0354783,4
-2.721445457,-11.81650571,14.88543401,2.619159423,-8.816697155,-14.05885837,4
-0.978173549,-7.960648539,20.86618831,-4.438339123,-5.819822717,3.098883455,1
-1.084381184,-3.643051526,21.91619336,-11.62595438,-0.40638044,19.1395848,1
-2.287850305,-4.484194832,21.62031249,-16.91660458,-0.334781284,34.13596965,1
-1.124646917,-2.357399191,21.26869219,-16.33696414,3.422180685,34.87909274,1
-0.894486391,1.346056846,14.83346797,-13.45557839,6.428406001,26.43346314,1
1.258834092,3.409680133,8.853463159,-9.312893291,13.41421889,19.45459734,1
2.402730032,-1.339250797,2.060754573,-6.371236825,3.853958983,17.04032174,2
2.238834152,-3.898479992,-3.153258488,-4.654241628,5.335003738,13.35370748,2
2.398532952,-6.251356274,-6.708568102,-2.969557113,4.210767469,9.365201609,2
2.676481382,-8.749073726,-10.12529615,-1.342398515,2.957067873,5.395958687,2
2.626390062,-9.267231116,-13.52074665,0.576189577,1.278846569,1.168059724,3
2.859205022,-11.00583537,-16.83819031,2.647031188,-0.543435275,-4.078006192,3
1.935930522,-15.98997097,-19.70520964,5.380761207,-3.873789076,-11.57036635,3
-0.457584225,-20.34911183,-20.61531611,8.637365297,-10.22832553,-19.96820122,3
-3.281880231,-20.71803896,-13.17615818,10.54896594,-17.12431961,-26.72655022,4
-2.552156843,-24.78575417,-3.048366499,11.25081217,-13.056103,-27.57021593,4
-0.292405222,-20.82066884,6.012268629,6.213231597,-9.182708779,-13.37931483,4
2.225042032,-15.28982495,13.95849778,0.608058717,-7.909414962,3.734185878,4
3.318948152,-9.762427586,18.79061862,-5.260029643,-3.342911456,19.73352639,1
1.663401052,-7.54531674,19.1527111,-13.14268443,3.214118592,34.69124317,1
3.026330462,2.523414048,20.43695689,-9.338261464,4.925567665,26.74809156,1
2.075784112,6.09984367,12.22353598,-5.311639005,6.817160325,18.16226518,1
1.771247812,9.755363795,8.568156527,-3.28265502,13.33112556,9.338696445,1
1.505909607,7.85566331,3.101351134,0.523569108,6.818595783,5.952821112,1
1.222579941,5.117026228,-2.199283903,1.748967048,7.249316856,3.298986904,2
1.554736075,7.173562275,-6.535433913,2.967105461,4.941971677,0.717593876,2
1.399357821,4.928851176,-10.16956645,4.060737797,4.098629994,-2.182510976,2
1.613213323,2.332084633,-13.57902274,5.279368737,2.521921942,-5.198287312,3
1.852385662,1.413369335,-16.79531814,6.790197347,0.637585515,-8.503501898,3
2.001481082,-0.921245432,-20.18666926,8.585624557,-0.53994724,-14.35571182,3
1.391341366,-5.398149169,-22.77111696,11.05392352,-3.753305658,-20.98821566,3
-0.454118409,-12.86482352,-24.48446824,13.99383187,-8.980714305,-28.28961497,4
-2.957768384,-18.00856978,-21.10133808,16.95244632,-15.86455247,-36.04897215,4
-1.864199363,-18.28599361,-9.327579447,14.20699981,-12.65420574,-34.04954175,4
-0.392307879,-10.42670667,2.193748503,8.934242437,-10.57723465,-22.30478638,4
1.519702434,-6.970281948,11.65368781,2.628889661,-6.818534788,-6.039221638,1
3.307729612,-2.571130547,18.26356489,-3.502886843,-2.170563578,10.59640842,1
1.848614812,-2.18466594,18.37784211,-9.421226956,0.43782665,26.14898965,1
1.732715062,-3.74064453,20.75809991,-11.69984486,-1.360993732,32.98016565,1
5.457932932,6.15489205,19.09170641,-8.902301245,5.640699921,21.21947282,1
5.312190852,10.6388098,13.14342327,-6.765216647,11.75491717,11.58095247,1
6.553797892,12.53006652,7.369808253,-3.979490438,18.43418513,4.058069254,2
5.951267072,8.723173455,0.999530508,-1.40343882,13.36365651,2.295497794,2
5.874238072,10.13316554,-3.652164009,-0.302924142,12.11309238,-0.800219082,2
5.241443622,6.77090653,-7.716898357,1.053767991,10.44078264,-3.707802936,2
5.082973802,3.987655988,-11.4559068,2.316173348,9.516607049,-7.261052699,3
4.861805352,3.416138219,-15.20182973,4.243932447,7.210166738,-11.6931076,3
4.689308552,-0.54941208,-18.54741527,6.269207097,5.261011441,-17.60240487,3
3.411448332,-5.776210268,-21.36226487,8.791953647,1.796149607,-24.62901931,3
1.066909199,-10.99899166,-21.41396832,12.05446267,-5.659667198,-31.9402497,4
0.107832069,-12.73412626,-9.793206327,13.58763054,-2.727264238,-35.76595068,4
0.764392559,-8.477788276,1.715222506,8.831040437,-1.571753186,-28.86905308,4
2.204725962,-4.453852156,11.54804915,3.548665731,0.77115434,-15.28848309,4
4.252138952,-1.184126064,19.5749503,-1.796606072,1.533500877,1.949312429,1
5.013900352,-0.230323315,21.51368303,-7.250350646,6.405626272,18.06485564,1
3.107933882,-3.139406614,20.03601979,-12.96494839,10.99482867,33.13120983,1
3.959088962,1.468797901,19.8675131,-12.32071214,13.87510832,32.8509688,1
3.001460332,6.384956477,9.907993071,-10.83875314,12.79588916,27.80172623,1
4.440195862,6.036350657,5.325017745,-7.027366811,16.75497881,20.73229068,1
5.309916682,1.885809155,-1.391456304,-4.160498541,8.129577979,17.82703681,2
4.855919632,0.690177741,-5.904872305,-2.271527001,8.184376005,13.73058285,2
4.939112582,0.731200549,-9.603898887,-0.423082286,6.093316177,9.529786185,2
5.045201522,-2.947790412,-12.35032463,1.262304313,4.490060461,5.269189585,2
4.500156772,-2.822409268,-15.77824031,3.108172946,2.93555237,1.081332963,3
4.333820112,-4.261865599,-19.27703399,5.168150557,1.69831607,-4.247996941,3
4.100826622,-6.471874674,-22.44572031,7.295677417,0.0752226635,-10.25804868,3
2.922870502,-12.10385083,-25.35297765,9.652255397,-3.141926386,-17.25021136,3
-0.25512094,-15.18067799,-20.1832791,12.37148722,-11.18224447,-24.86500578,4
-0.0736228924,-17.42339483,-8.867647638,13.52042714,-6.626680249,-27.41336252,4
0.250037543,-11.65427517,3.08368601,9.339423437,-4.925238208,-19.28949855,4
2.323877692,-8.461650736,12.98586899,2.838315152,-1.774415556,-4.687509288,4
4.071470642,-4.089581355,17.23559503,-4.374018965,2.598806656,11.86011867,1
2.228847102,-5.207127513,16.83465868,-10.82771755,6.535322035,27.3304271,1
3.320021972,-1.198436294,17.81086357,-9.247256807,8.959882678,27.02451642,1
1.560096837,5.95170423,8.985107911,-7.150795747,10.16861188,19.81196538,1
3.895347022,9.112216191,4.412049007,-2.995385287,14.70704004,12.81814524,1
4.632156642,4.333759701,-1.759209117,-0.110377279,6.446929963,10.34617883,1
4.337023542,1.035148381,-6.354977828,1.346034665,6.935623994,6.920044169,2
4.691423952,2.766352289,-9.92535959,2.751834901,5.360480327,3.447750838,2
4.552868142,-0.229048601,-13.1967361,4.170916517,3.791524233,0.0356186759,2
4.417372422,-2.333055479,-16.44884747,5.906398527,1.931323062,-3.345601033,3
4.182416272,-4.962191006,-19.39634893,8.047950547,0.0397401885,-7.718153656,3
4.088919912,-8.141375056,-22.47680108,9.948254007,-1.117248443,-13.03240045,3
3.242544732,-10.4127297,-25.48485295,12.3909217,-3.805754177,-19.13265918,3
0.804197098,-15.29292451,-24.85340975,15.67293934,-12.21760329,-26.53400132,4
-1.199732467,-15.30160345,-14.90117327,17.4781622,-18.69301775,-31.03701361,4
-1.162372297,-17.82354324,-3.692997147,14.55543825,-15.84390865,-28.35110034,4
0.251906392,-10.1478457,7.435170633,9.766138867,-13.35165177,-16.29436735,4
2.592852362,-4.905542075,14.38922951,2.930285707,-8.843101432,1.008915421,1
3.162133482,0.0436461621,18.56547232,-3.703413852,-4.111502919,17.18568239,1
2.640343232,-1.980263323,17.89218761,-9.196433363,-0.462811565,32.30927443,1
3.226400712,1.778112457,20.50026216,-11.42213434,2.193839316,37.29844794,1
5.188920312,11.37445631,19.29818651,-8.60641134,8.926348917,25.82882153,1
6.909429472,11.75700889,13.3588124,-4.339346258,17.33005181,16.53642706,1
6.782934452,9.274494371,5.792969415,-1.30574603,9.428660668,14.33101131,2
5.975744432,6.503586826,0.428360817,0.160440764,8.907641384,10.89628367,2
6.004410212,6.730389784,-3.843918171,1.670250194,7.67300104,7.255024248,2
6.011838232,4.545823499,-7.938885186,3.288890879,6.283799285,3.319351242,3
5.593106142,4.199233725,-11.81940685,5.419059387,4.633869654,-1.405161159,3
6.038087112,0.377409152,-15.53322042,7.821817097,2.925954427,-7.505919331,3
5.531716082,-5.631938572,-18.4832119,10.80426263,-0.317843419,-14.67179334,3
3.059569502,-10.46525823,-16.10123944,15.13133178,-9.84388585,-22.7485031,4
1.530184216,-9.820159586,-5.571416295,16.88240858,-12.7475555,-27.54664422,4
1.508528019,-9.597535856,5.080017718,13.05522717,-10.58404069,-22.65460892,4
3.042969552,-4.439736824,14.90090831,7.656289317,-7.361339527,-8.806086069,4
4.861465792,-0.936484763,21.11261658,3.037004854,-5.452625681,8.009678395,1
5.611869682,1.200738981,23.86865566,-2.084717536,-1.297402313,23.73066653,1
3.971453322,0.372070277,22.78703003,-8.096379791,5.077282736,36.82379447,1
3.491346992,8.617520934,22.45084534,-10.42052093,10.15927083,37.11675419,1
1.682021572,13.0081665,14.92289554,-7.824979213,11.75433439,28.75889503,1
4.673429032,14.30061693,9.797859031,-4.254008898,20.49745111,17.9843066,1
5.329779952,3.393285989,2.671968502,-0.9497963,10.31958108,14.56555066,2
4.636071142,3.003515331,-3.046256656,0.236420006,11.72837407,10.89700316,2
4.602446922,0.273312674,-7.205572394,1.960826645,10.32101979,7.145925013,2
4.781118152,-2.606471255,-10.78862554,3.577437575,8.59203127,3.36239279,2
4.690367062,-4.043594773,-14.38228934,5.564147437,5.995607406,-0.662580397,3
4.648737602,-6.337849646,-17.54579203,7.608772137,4.096219365,-5.534654157,3
3.573690982,-10.06772582,-21.1679293,10.07212293,0.384828561,-12.15384314,3
1.546911432,-13.35857288,-23.29212199,12.54546925,-5.33252705,-20.07361028,3
-1.311524751,-13.36851312,-16.21513465,13.96868781,-10.81127274,-26.19924795,4
-1.073171342,-16.4191332,-4.121718515,13.93827618,-6.635004663,-27.08469381,4
0.64574085,-10.86440677,7.647791949,8.801726427,-4.996598955,-15.66622247,4
1.942800542,-9.011163096,16.59022765,3.185984055,-4.43591929,1.116348062,4
3.187702102,-6.642293727,21.43777312,-2.642315139,-0.477521258,17.28612072,1
2.609112922,-5.807991857,21.52122987,-9.622013732,4.646726169,32.40317381,1
3.462941002,0.35627973,21.6886602,-10.73023606,6.716908408,34.85403008,1
5.752290842,8.648455311,16.55180096,-7.506066521,12.93689371,22.07329755,1
5.269493402,7.311067384,11.00729483,-4.20172791,15.36092446,13.09047175,1
6.658421492,5.53821493,5.568452591,-0.112647595,17.35643629,6.851643589,1
6.988349092,4.245364302,-1.278112316,2.585675589,9.321700483,4.575399611,2
6.913340492,6.464944122,-5.634994709,3.667881108,7.755126067,1.277110741,2
6.246672102,4.92301152,-9.580075919,4.835596027,7.183618434,-2.221194767,2
6.256209252,3.236589407,-13.06864035,6.076796157,6.11784358,-5.815597914,3
5.982003432,2.216270417,-16.72148853,7.608724607,4.333680388,-9.462092734,3
6.151822762,-1.100449014,-20.21400711,9.614612827,2.309535901,-15.04079462,3
5.412046122,-5.146466516,-23.24420653,11.94687833,-0.51961468,-21.71313662,3
3.551187582,-12.38812764,-24.20405139,15.38794185,-8.37650525,-29.35874439,4
1.134469258,-16.89285325,-15.56913353,17.41685855,-16.83698307,-35.08601387,4
1.464911185,-12.55252603,-2.683806445,12.62256624,-14.08089405,-28.30739209,4
3.137792922,-8.880712276,7.640554631,7.193185187,-10.82226144,-14.36354075,4
5.301783172,-4.896109233,15.9446984,0.629150163,-9.321029801,2.814037172,1
6.324524022,0.291380171,19.66949642,-5.30885668,-4.280161151,18.8732832,1
4.690361662,-1.704947757,20.1507007,-11.39919986,0.537827486,33.88700539,1
4.111794052,4.98046999,19.54706449,-7.982963083,5.62378698,26.22171726,1
2.757290192,10.20841953,10.85166055,-5.753739386,3.376573674,21.35223696,1
3.582596512,13.4727746,5.906245077,-4.255759779,11.51325776,13.00495108,1
3.100487592,9.963128591,-0.57984839,-1.764539887,5.064441166,10.80593171,2
2.600095422,6.783799756,-5.358196642,-0.457231743,5.367469497,7.583316747,2
2.493385682,7.876991954,-9.235865236,0.652213074,4.590800154,4.316690999,2
2.368291222,6.204882841,-12.5705088,1.851354363,3.591010561,0.90411492,2
2.103819432,4.7434596,-16.11223957,3.080211623,2.765089913,-2.604179677,3
2.509733422,3.36227994,-19.55551253,5.063530187,1.460968686,-7.450678425,3
2.681597872,0.54464522,-22.6375234,7.207802377,0.464275192,-13.56464993,3
1.857306472,-4.174222192,-25.23625716,9.758849427,-2.244741228,-20.9514933,3
-0.268332373,-10.31291626,-25.43311187,13.13772014,-9.85719524,-28.45793918,4
-0.95818884,-12.74340127,-13.13643461,14.71212215,-4.779433166,-31.92473744,4
-0.366833104,-7.044027043,-1.049739581,9.957325467,-3.876257441,-24.33467532,4
0.524279269,-5.867169338,8.604973041,5.066044437,-3.239505065,-10.90775119,4
2.400457802,-3.799347906,16.79963885,-0.587624709,-2.969549941,6.044840428,1
1.838848832,-2.873965467,16.97842803,-6.56413361,2.272732158,21.8937477,1
0.644244116,-4.229599004,17.59261212,-13.08038593,5.925002542,36.60701365,1
0.927128882,2.799494698,16.5609618,-8.373531552,10.40294111,28.68963913,1
-0.881154851,9.872140833,7.870720837,-5.89983315,17.60732907,19.70918901,1
0.161657889,6.727544592,1.464851363,-2.271410288,7.462645947,16.50745169,1
-0.24227494,5.383589032,-4.664040232,-0.645000473,7.360691761,13.37309649,2
0.194190047,9.800499351,-8.741873376,0.697206056,6.542668901,9.982851699,2
0.524753307,7.291879797,-12.43302648,2.182003936,5.297588641,6.785510467,2
1.11940111,3.364078511,-15.53468626,3.877099207,3.360198028,3.28770317,3
1.298832192,2.720406114,-18.63309722,5.820954697,1.496785552,-0.987713973,3
1.819242372,-0.103123662,-21.74734566,7.797699527,-0.286537554,-5.87537638,3
1.809066322,-3.311060832,-24.68715576,9.802212217,-1.710869967,-12.10084731,3
0.72517904,-8.014344056,-27.1047662,12.53303955,-5.004955335,-19.83879359,4
-1.784715949,-11.5645413,-19.52624009,14.62712288,-13.56075876,-27.23538999,4
-0.643837892,-14.08589707,-7.209309912,11.96700281,-8.721696657,-26.30894941,4
0.633367329,-4.631448295,5.096491743,6.493378227,-6.331523943,-16.00393177,4
2.440355602,-1.979982368,14.41563079,-0.0991055508,-3.607706639,0.122125508,1
3.368748772,1.288623623,17.74873587,-5.831747603,0.501910618,16.3566262,1
1.750192582,0.207370691,17.62234925,-11.42859594,3.198075372,31.53419325,1
1.988394292,0.109456307,19.63456026,-14.73037234,7.191936703,35.99268248,1
4.687661062,11.05321983,16.16873461,-10.96464202,11.4324205,23.37077376,1
6.336992872,17.71567064,10.19021194,-8.21396976,20.59683969,13.19036011,1
7.365849652,11.44477744,3.338787641,-4.919671406,10.8148304,10.31467805,2
5.959432352,8.936893596,-2.45414266,-2.878456537,9.519602392,7.411141453,2
5.958861092,11.67457282,-6.79108499,-1.453924294,8.202900879,4.104564381,2
5.839614442,7.137588052,-10.11303388,0.34427131,6.004340055,0.400821529,2
5.790219412,3.961909629,-13.02002791,2.187819545,4.504728013,-3.736814833,3
5.603969292,2.045996494,-16.15897066,4.415004357,2.496269703,-8.229929188,3
5.482992312,-1.826378227,-19.0597792,6.556794797,0.478996188,-13.12889083,3
4.513571372,-5.432240763,-21.77222973,9.074725937,-1.982129238,-19.46426645,3
2.079398042,-11.40906301,-19.69766915,13.25412152,-10.26981501,-27.19866721,4
-0.113350663,-10.28528623,-9.36782394,14.95704259,-13.20039249,-31.36634422,4
0.183093893,-7.810617684,1.161719937,10.73565671,-10.74712248,-25.93257436,4
1.383117256,-4.137577772,10.66451004,5.667043197,-8.485359725,-13.19833576,4
3.406037642,-0.672375623,16.64836624,-0.262185227,-5.200609287,3.903382457,1
3.377491222,1.216685518,18.40410935,-6.399952511,-2.47193979,19.89170757,1
2.356895832,-1.018697579,17.80937868,-12.11776065,2.823379139,34.65236487,1
3.087073382,6.377531295,18.4226119,-12.7436212,5.940114504,34.966491,1
2.139029592,7.595024221,12.03360186,-9.644671866,6.149873359,26.34579488,1
3.935413122,9.147008861,7.247668844,-5.735191497,13.50896422,17.26511575,1
4.806704952,3.361948958,0.194922415,-3.257923029,5.101349638,14.1405414,2
4.349209592,0.129090094,-4.750095702,-1.818620043,5.173490602,10.31836632,2
3.730267522,-2.531694677,-8.685732299,-0.508287761,4.494386712,5.92298336,2
3.319010872,-2.883418168,-12.68055047,0.657628491,4.224573765,1.732298468,2
2.964331062,-2.983758522,-16.34227364,2.287557477,2.757385422,-2.627623157,3
3.182595242,-5.670368349,-19.7869617,4.079592197,1.100111563,-7.907709543,3
1.810603352,-10.41724287,-22.41133978,6.822377837,-1.981106232,-16.15756185,3
-0.373586391,-14.84017491,-21.54686801,10.0422478,-8.903912237,-24.41569689,3
-2.764263456,-16.02820266,-13.68397054,12.27117325,-16.03166582,-31.49246278,4
-1.660443965,-17.09865173,-2.501891915,10.92225554,-11.4315852,-32.01641031,4
-0.505801495,-11.75350225,7.590088582,5.329390427,-7.798561012,-18.18176042,4
2.018584872,-8.264341786,14.49978898,-0.717429605,-4.754722654,-0.755600495,4
3.540184492,-2.840181724,18.61966008,-7.049572705,0.724977738,15.53604382,1
2.610821702,-2.470970141,18.80413464,-12.534353,2.709245549,30.7670342,1
3.860412712,2.172195823,18.52608736,-10.3460778,6.069346539,28.51828879,1
4.008417312,7.93513982,12.12338676,-7.759852992,9.208704133,20.78728078,1
4.793496582,9.992482623,6.822485367,-5.644495766,16.16152623,11.42525062,1
4.910059152,6.486397404,1.102265168,-2.328732833,8.82049871,7.330830618,1
4.545672782,3.41371226,-3.728971273,-0.956381171,9.311125719,3.751823812,2
4.598896852,4.251957565,-8.015699503,0.275464026,7.87239634,0.965115513,2
4.290034532,2.438357212,-11.81323749,1.557247776,5.481272722,-1.578574999,2
3.987372682,-0.683708034,-15.19764034,2.775450278,4.036576169,-4.728044105,3
3.794815762,-2.751160813,-18.25739633,4.519329867,2.148996873,-8.880953821,3
3.614795092,-6.485564191,-21.15768589,6.428824047,0.422553167,-14.31221916,3
2.566829312,-10.48646207,-23.64712721,8.850281787,-2.115363854,-20.79903965,3
0.16849992,-15.80690461,-24.77445535,11.67189267,-7.869622082,-27.88625745,4
-1.10262923,-16.72437139,-13.00246359,13.22102675,-5.980964398,-31.68184063,4
-0.791449055,-10.89496282,-1.012407482,8.816129617,-5.280699225,-23.51104896,4
0.603151333,-6.017774329,9.45943853,2.89198892,-1.827089454,-10.15761455,4
3.148720862,-2.131643621,17.2219724,-4.009425082,3.048750947,6.746140051,1
3.001822972,-1.509047481,18.84500392,-10.23503063,7.155648639,22.5493898,1
1.809486532,0.0599686331,21.15908475,-14.82846104,6.800493302,35.19788314,1
2.065682992,5.222819941,21.16035079,-15.66726071,7.200603778,38.45970623,1
4.067510662,12.09249731,18.50416065,-12.54138633,13.9995494,26.91050342,1
4.164779412,14.74046594,11.01808304,-10.39984025,15.26561866,18.73381939,1
3.911002032,14.1404411,5.851229697,-5.869487384,9.375183619,14.23560339,2
3.490462342,7.594180641,-0.0282817171,-3.041742397,3.543395126,11.62317412,2
3.388370882,4.338112189,-4.408418762,-2.110735518,5.300958855,8.056780629,2
3.162292482,5.641689491,-8.325073405,-0.756550032,3.488518581,5.201894898,2
3.135707142,3.028316526,-11.81487745,0.756334906,1.79953948,1.887653843,3
2.880381312,2.058313167,-14.9925441,2.599381468,0.483277097,-2.084024356,3
2.499620522,0.358719292,-18.17443119,4.487840907,-0.436353555,-6.86156937,3
2.176928112,-2.539539303,-21.23211397,6.683997327,-2.35906192,-12.24549112,3
0.878356635,-6.826645452,-23.83144865,9.407230367,-4.961753368,-18.79384852,3
-2.071161001,-10.42883484,-21.36801448,12.19903875,-12.11618333,-25.66143533,4
-3.69070074,-7.925449177,-11.06651352,13.22559204,-7.70793535,-30.37424056,4
-3.697797592,-5.376428095,-0.37273369,9.958846407,-7.980538412,-27.50497893,4
-3.222628197,-3.780140218,9.030776886,5.997795527,-8.678455072,-18.51137971,4
-1.149200686,-2.617589701,17.70634739,0.687286968,-6.143079364,-2.159492245,1
0.897519827,-1.657882642,22.89846133,-3.78723715,-4.025093509,14.22355127,1
1.810128982,-2.534888104,24.08437785,-7.038135119,-4.414778693,29.53999039,1
0.946709703,-4.142571578,23.74966044,-9.360640232,-9.142153745,41.72144557,1
3.199207722,11.97503495,17.16235225,-6.450147912,3.194598778,27.42569913,1
3.497051172,12.37411835,10.9408237,-3.196672609,2.726285378,18.62787125,1
2.268499672,4.336507685,5.595219268,-0.576714966,1.164416872,13.27874274,2
1.898269312,4.065136709,-0.362495527,1.339707652,-0.306198299,9.479891781,2
2.219714512,4.035447238,-4.479475048,2.488129715,-1.425763733,5.619411108,2
2.338438122,0.982258247,-8.345310032,3.667086255,-3.061533364,2.16722271,2
2.163826742,-1.551780453,-11.87700996,4.922273067,-3.885485948,-1.694009895,3
2.201748972,-3.631760148,-15.17629798,6.429031297,-5.419728649,-6.14329225,3
1.815002732,-7.949582771,-18.05366246,8.440693607,-7.293173307,-12.66027148,3
-0.0103554484,-12.46363102,-19.60723663,11.91581257,-10.88543902,-20.64690581,3
-2.799196212,-20.01619226,-16.27490379,16.70198993,-20.74520991,-27.54733283,4
-4.512898857,-18.9241283,-5.915568539,20.95851355,-21.25532672,-30.87920356,4
-1.094334407,-11.22744204,5.063745024,13.67115177,-13.54901179,-20.90596904,4
2.216406192,-5.511527431,14.26481332,4.777032077,-4.538389328,-6.719784745,4
4.700656182,-1.040454022,20.37339276,-0.695398499,-6.871544201,9.96015281,1
5.424276542,-0.207266925,21.41723455,-3.522732687,-7.563678261,25.55415693,1
4.032505032,-2.489518994,19.08655021,-7.288549783,-4.444234665,40.13292641,1
5.100628272,9.671000284,17.9765131,-4.784160319,2.642955173,27.6616833,1
3.465183652,18.81656583,9.341138641,-3.634413234,5.975582798,20.6078223,1
4.926876332,23.72040282,4.146370678,-3.005064194,13.90531096,11.11939154,1
3.757229102,18.34206321,-1.013186523,-0.192938444,8.737730374,6.096176981,2
2.703467212,16.33831494,-6.474108046,1.19434277,8.141490831,2.666593318,2
2.751953482,15.86920511,-10.5975143,1.981686484,7.308397484,-0.806440943,2
2.624926342,12.99827008,-14.16785745,2.973574108,5.089593109,-3.933660208,2
2.753528462,9.439050023,-17.35128101,3.793597357,3.579499447,-7.401673558,3
2.428710042,7.387586118,-20.49782038,4.836401857,1.643198301,-11.51512601,3
2.186630122,4.782240824,-23.27410403,5.862972807,-0.0383948815,-16.39938651,3
0.55066076,-0.41616092,-25.64810946,7.556343537,-2.730083251,-24.12520417,3
-1.562428993,-4.940848925,-24.40353397,10.35788707,-8.535714474,-32.49145469,4
-4.281515741,-2.629351123,-14.64449904,13.70123487,-13.99069371,-37.54538509,4
-2.870797253,-6.172505964,-3.577209826,10.28580374,-11.54259622,-34.21570924,4
-0.494436677,-2.944370309,6.235097764,5.139189167,-6.578624933,-16.88710138,4
1.452534852,1.342185787,12.57040874,-1.107837869,0.0519728615,0.454770848,1
2.327023392,3.360860907,14.54992062,-7.270022501,3.683421039,16.66761494,1
1.158254297,2.045852325,14.57566249,-11.39636585,5.24808751,30.64873701,1
2.918652602,8.412074847,15.33286559,-9.06462141,6.411374333,24.28801887,1
2.910909462,7.103487317,8.592674538,-6.541956535,10.88347675,18.83414171,1
2.756148932,14.2013994,4.585580127,-5.280253119,16.43831373,11.28955743,1
1.961276622,12.77170599,-0.729728015,-2.187879461,13.42990855,6.445999221,2
1.47147355,8.604864361,-5.321988071,-0.863937665,12.60120435,3.181892009,2
1.166543957,10.16163636,-9.696235839,0.0410174042,11.04811492,0.281786917,2
0.58741697,8.429200936,-13.31631528,1.127958233,8.597263583,-2.390766232,2
0.469186541,7.244668181,-16.46875105,2.098934497,6.817082707,-5.213673643,3
0.41825805,5.076290766,-19.39757201,3.497441068,4.597979122,-9.266421512,3
0.413858583,1.914608685,-21.96037754,4.998614127,2.345527902,-14.06561734,3
-0.540451838,-3.233692237,-24.5560093,6.787497937,-0.414937039,-20.39216222,3
-3.383691381,-8.139701226,-26.842087,8.436572807,-6.239667003,-27.39659426,4
-6.441175303,-8.698524706,-16.50904642,9.368828537,-5.713790781,-32.97891663,4
-7.827866261,-8.054205536,-6.344573885,8.246118467,-13.8757523,-22.96931653,4
-6.192722748,-4.893801559,2.794560805,3.333623806,-7.605539548,-7.414486864,4
-2.597739538,0.792229801,9.743282091,-2.6011449,-0.869839019,8.928215557,1
-0.370783081,4.735679881,12.61068321,-5.566667494,3.494162028,24.44784206,1
0.608503303,7.400671977,16.00218995,-6.927982246,5.952305381,33.44513669,1
3.738346612,12.16309895,17.09219667,-3.682140956,8.19329224,28.84795623,1
5.621839512,11.05932578,12.09514393,-0.0923008518,11.30762094,18.41079296,1
6.866135582,13.30368148,6.636142134,5.082760777,14.79090176,10.12040017,1
7.667821282,0.275254845,-1.076152524,7.884909017,6.905311546,6.750687894,2
6.913290032,-1.652471327,-6.051667191,8.295776927,9.115546172,3.040074265,2
6.796974482,1.483053621,-11.04002137,8.752414607,8.062078866,0.419906526,2
6.817374962,-1.295682139,-14.69728781,9.930341807,5.609432294,-2.347568814,3
6.708794002,-3.8637083,-18.29178797,11.14333974,3.651242654,-5.714200708,3
6.467211202,-6.038544314,-21.78985858,12.69062533,1.107767108,-10.38107257,3
6.165857222,-9.431272046,-24.83766621,14.29860542,-0.817122281,-16.72646278,3
4.285228052,-16.33337643,-26.92162589,16.85193446,-5.69129961,-24.33810251,4
1.857973542,-17.90897499,-16.55410138,19.29764239,-10.40212635,-29.32332673,4
1.394764151,-19.15351105,-4.985489717,15.70263621,-12.2780283,-22.23790342,4
3.522724522,-14.54828642,4.810220991,11.9155067,-13.94736129,-4.718538331,4
5.011963502,-10.73958647,12.11398896,8.810049007,-12.87100493,11.83110975,1
6.255731902,-6.611114522,14.44408734,2.87338984,-4.085821003,27.30330677,1
5.908044762,-3.928615033,17.48029679,1.293397967,-0.888816718,36.46884968,1
7.484381672,0.263073776,18.77606946,2.922665552,0.612416675,34.43252114,1
9.277970742,3.125870556,15.42077273,5.634973687,6.607954694,24.82536243,1
8.996280402,13.68003455,11.89400608,7.276629597,12.50124732,15.6226359,1
6.439640572,14.73602188,6.958712317,10.74508089,9.11188858,10.14779235,2
5.653310302,9.549212257,0.918685613,12.7638395,1.924844746,7.403138907,2
4.281893812,7.266065502,-3.598602167,12.6345447,2.973682742,3.942607463,2
3.939528832,4.940329546,-7.558045138,12.9264297,1.237755328,1.364512244,2
3.940821602,1.704052604,-11.06003631,13.65826753,-0.0588205475,-2.008849953,3
3.663378502,1.267299179,-14.55407375,14.61366081,-1.610730406,-5.952850464,3
3.599203312,-0.326158798,-18.29399502,15.73335165,-2.920540141,-10.84359723,3
2.338669302,-6.205758109,-21.2430625,17.59970982,-6.181071129,-18.41305622,3
0.0232427156,-11.69065008,-21.45551178,19.86808776,-13.56208893,-26.77369528,4
-2.597912191,-11.9254081,-10.90890239,21.23428938,-13.75208214,-33.20024027,4
-2.998515918,-15.22892605,0.601134042,17.21318937,-15.81172265,-27.70618408,4
-1.109055582,-12.28438776,9.611429403,12.18628761,-13.76511911,-9.659944484,4
0.976277863,-8.593274726,14.85918284,8.322116537,-11.6401615,7.211409721,1
1.124793729,-4.685996296,17.59567659,4.658358447,-4.334329644,22.98436847,1
2.098602322,-5.648484299,19.36425165,1.045371644,0.440495282,35.79726457,1
4.485220292,1.773491498,20.00142591,3.083680726,7.334838601,27.98327204,1
5.635131892,6.445799129,12.19931973,4.422546567,10.48320118,21.5392901,1
4.110920232,8.540499572,8.180438407,6.096446227,15.61159917,13.5329838,1
3.757334592,8.413160426,3.374161251,9.244368067,15.62036081,7.989542693,2
4.451472042,2.906845113,-2.188613905,10.80302921,9.124195173,4.882734458,2
4.487483812,5.484769243,-6.31137856,11.56979454,6.045096975,1.81874996,2
3.943979432,1.985555947,-9.804132546,12.12123737,4.925791331,-1.135660053,2
3.800937892,-0.385813848,-13.42066439,12.73910028,3.520735868,-4.313468061,3
3.430777202,-0.932377418,-16.75356453,13.82933768,1.36672988,-7.880433975,3
3.504431552,-4.720619475,-19.99564214,15.37262026,-1.18099962,-13.35647241,3
2.519778602,-9.348029136,-22.97051929,17.34988369,-3.985060882,-20.15436538,3
0.197528097,-15.0470688,-24.16424916,19.71201239,-9.85948956,-28.21686356,4
-2.410138246,-14.52488135,-15.49963674,21.14797981,-15.94304455,-34.74018715,4
-2.683889334,-12.5599854,-3.904307692,15.97467868,-15.29356762,-27.70890535,4
-1.063761892,-5.096830603,6.601337702,9.011288607,-10.80511855,-13.36294362,4
1.963853072,1.393670452,14.68952005,0.816916322,-3.398679396,3.749491258,1
2.793628442,6.517872636,19.07420047,-6.227556816,-0.664140111,19.74783532,1
1.742002912,5.763249122,20.05907723,-9.84857103,0.229399683,33.47924838,1
3.014878382,6.954175857,19.9715225,-8.040787454,4.071323937,29.08399301,1
2.776856412,11.58473905,11.14964021,-5.362751134,7.214101257,22.90859273,1
2.856327542,13.24652542,6.883192774,-2.762705295,10.34995942,14.24490817,1
4.292590892,9.444148548,1.450089619,-0.0974883378,1.747664675,10.53415425,2
3.751344032,5.344436454,-3.592539685,1.237881782,2.744956249,7.031706612,2
3.854295392,7.029532689,-7.595590716,2.506678664,0.808349751,4.163091199,2
3.840275592,4.076459252,-11.0658319,3.596510739,-0.665906057,1.378913296,2
3.437751532,2.46650955,-14.31461627,5.040570007,-1.823644483,-2.51494029,3
3.443399892,1.404932179,-17.67425304,6.681187637,-3.39377399,-7.023528775,3
3.384605532,-2.07503259,-20.99894443,8.373443247,-5.22179292,-12.34425552,3
1.999461932,-7.177671257,-24.1747365,10.45968191,-7.951529743,-19.34315189,3
-0.600844762,-9.644884066,-18.49960766,12.95945389,-13.91591524,-27.39538187,4
-1.908809809,-8.312110786,-6.219216502,14.22856375,-6.678485874,-31.9997703,4
-1.350435412,-3.067628332,5.613337425,8.569952517,-7.172585758,-23.00461078,4
-0.716654807,-1.798480053,14.85909124,3.263349175,-8.605079979,-7.512055015,4
1.627247186,3.042302816,19.6425138,-2.050432992,-6.132595825,9.219462636,1
1.282373757,3.642964692,20.5268127,-6.438610627,-2.41590119,24.86168877,1
0.494540091,-0.166486307,22.62907947,-10.08611749,-2.503053093,35.11105659,1
2.296162132,9.146180393,23.00104906,-7.185514699,4.048969214,25.47611368,1
2.253446502,8.928248249,17.33668006,-5.141325254,7.93925339,16.04475601,1
3.569020792,10.02090542,12.46378135,-1.762953386,13.45182335,9.217220751,1
4.236178522,5.015899763,5.840344178,0.714489329,4.429033973,7.114296684,2
3.745294652,3.134682196,0.747826062,1.579763806,6.147813727,3.729194485,2
3.619161962,-0.660055593,-3.230836943,2.879450218,4.804263841,0.335495366,2
3.658696642,-2.634177519,-6.798480565,4.216711147,3.711600718,-3.255982428,2
3.445814652,-3.489842074,-10.57840703,5.900534617,1.758255238,-7.117796008,3
3.351100292,-5.037340887,-14.19122069,7.520431057,0.666211228,-11.84080947,3
2.274108542,-9.680390156,-17.57031524,9.868833807,-2.731471377,-18.29084028,3
-0.0167499554,-15.30365085,-19.16479473,12.63108658,-8.861857541,-25.72413989,3
-2.586624047,-17.85029261,-12.86066954,14.93982053,-15.31285611,-31.84747969,4
-3.059984958,-15.32915206,-0.812292892,15.50431874,-8.363466273,-33.30745222,4
-1.732270151,-10.7195894,9.57748278,9.764637367,-5.034000837,-20.86048815,4
0.445791223,-8.836534216,18.29494649,3.238826115,-3.678641084,-4.518583297,4
2.138331612,-6.156175423,23.60569908,-2.039086827,-3.552949845,12.01804687,1
1.918633472,-4.252822773,23.19088365,-7.018585834,-0.0295328865,27.47807352,1
2.879006102,0.665294941,22.94413876,-6.809166284,4.456587843,27.09102487,1
6.479428412,14.10507504,17.89591257,-3.894912312,12.77727166,14.3234613,1
5.879752532,14.09974659,13.08544986,-1.225026007,16.52846042,5.278441299,1
6.995995382,14.46977759,8.695953389,2.949407031,17.63386069,-0.614213784,1
5.969298182,11.01939888,2.67296186,3.864880967,17.73050845,-3.055580084,2
6.128520452,12.2878444,-1.624750602,4.885659927,15.43220791,-5.72394334,2
5.856667242,8.234957268,-5.50060634,6.134031497,13.43503144,-8.492766395,2
5.692913182,5.061347931,-9.059059315,7.248478117,11.58625759,-11.45335986,2
5.349582042,3.808484028,-12.7946307,8.753795717,9.68847008,-15.32389228,3
5.157746582,0.857988139,-16.27110625,10.4586374,7.576476794,-19.74411938,3
4.168273942,-3.512723815,-19.60618537,12.33660226,4.088521798,-25.04382891,3
2.042186502,-8.553055236,-22.70923579,14.18121403,-0.613791787,-31.34010648,3
-0.867368952,-8.381632846,-13.86814967,15.78106085,-4.7914148,-35.80986642,4
-0.997181706,-5.971295425,-1.191911382,15.47222036,1.044328629,-36.72229184,4
-0.522993366,-1.819969786,11.28738327,10.5273705,3.068900127,-30.84296992,4
0.933602298,-0.821790729,20.28194894,4.685039267,4.56082235,-15.10832522,4
2.208444072,0.747682296,23.10051193,-0.822132036,5.48424082,2.117741275,1
0.835301793,1.669593587,21.13409615,-6.970134754,8.647286778,18.22231906,1
1.765869352,-1.220627777,23.47895488,-10.10073627,8.257107755,23.87976267,1
6.175375572,12.21875082,19.31878852,-7.284615054,17.82445165,9.394545506,1
7.208297142,13.59289452,13.2275714,-4.859457911,27.53335117,0.679855861,1
8.246986902,7.052479304,6.1550572,-1.921636349,16.86363876,-1.636150097,1
6.861683342,3.617597851,-0.48929271,0.0326757172,14.07291561,-3.392585895,2
6.733329742,4.294054448,-4.892066788,1.015354791,13.06078794,-6.086195679,2
6.497600142,1.385955002,-8.695277543,2.284731357,11.00094055,-8.524967383,2
6.288641742,-0.928496879,-12.3869807,3.569317177,9.410473929,-11.21723035,3
6.011827722,-1.667220584,-15.76532292,5.408537517,7.28975726,-14.99783424,3
6.183679012,-5.667398199,-18.73248941,7.476704117,4.744340895,-19.63350089,3
4.094763422,-13.16621385,-20.58111888,10.71159253,-0.919574186,-26.78716272,3
0.980051085,-20.5046509,-18.64370923,13.96237388,-10.51521992,-33.73933862,4
-1.342787933,-20.81725819,-9.055516983,16.87833289,-14.05268905,-37.9187881,4
-1.210680932,-20.911328,1.536147502,13.10605442,-16.36942369,-30.76152911,4
1.072500315,-14.52273211,10.08820529,7.430122837,-9.170942855,-14.33431549,4
3.880569432,-8.951895076,15.31783297,2.307499048,-4.421974142,2.841359742,1
4.315847562,-3.609135588,17.98721378,-0.831068635,-2.36636887,18.89882695,1
5.144986842,-5.593915911,18.62314187,-3.116108561,2.321063451,31.5957424,1
6.952796172,-0.999262789,18.85060311,-0.928065889,9.024428605,25.12419643,1
8.514759592,3.361824379,11.86599482,0.842848017,11.7637752,18.93291075,1
8.854465362,7.986355923,7.686523465,2.830763943,19.03205573,9.98466397,1
8.845719442,5.918206453,2.726137714,5.529187047,13.05485896,5.853398651,2
8.132221292,0.361236434,-2.178037041,6.357669537,13.64482403,2.515616791,2
8.073638922,1.780673771,-6.60895092,7.325929457,11.64877805,-0.237299586,2
7.595180832,0.186078818,-10.43896616,8.445231637,9.693276025,-3.135338245,3
7.444902162,-1.411493014,-13.91184639,9.647628067,8.203838389,-6.560454955,3
7.322288652,-3.048107411,-17.37866813,11.40057249,5.999256064,-10.98050387,3
7.268255852,-7.19133836,-20.49262874,13.40397466,3.512028024,-16.54628089,3
5.690868502,-12.56289112,-22.90516536,16.27035776,-0.53485193,-24.05640239,4
3.442805362,-19.38926403,-21.36680014,20.12831251,-10.58519483,-30.9678118,4
3.762042492,-23.30308262,-9.443635194,18.83261631,-12.10645154,-27.65658144,4
3.864297342,-18.46396309,1.457412877,15.7794918,-15.67344191,-16.34541911,4
5.732139732,-13.61007803,10.72240178,10.41329934,-9.55043933,-1.137889556,1
8.467318212,-6.507711266,16.7223572,3.902378617,-2.101508677,15.17864337,1
8.133103192,-5.522728851,17.02936067,0.336125722,0.144261216,30.43290201,1
9.513915572,-2.866881026,18.04703053,-0.221366211,2.78920463,33.87927876,1
10.43875946,4.757457356,17.41892277,1.372905088,11.89942511,23.7960352,1
12.32710193,7.135426059,10.5334833,1.88785333,13.41397993,17.67433036,1
10.79835541,7.898761999,5.400166236,6.015093737,9.450611721,12.22336856,2
9.918492792,0.598060393,-0.511570534,8.323912827,5.025549216,9.115101987,2
8.602187762,-2.001862509,-4.831434551,8.957532687,5.248159777,5.296748748,2
8.287007672,-1.337548417,-8.738430497,9.690965567,3.970631692,2.254984027,2
7.748464782,-3.70963052,-12.21870797,10.34038943,1.947771446,-0.176483677,3
6.948946872,-4.000063345,-15.55684478,11.29522685,0.489734916,-3.544391345,3
6.600832032,-4.928232288,-18.60811623,12.64685614,-1.32537925,-7.305471916,3
6.402537502,-8.805511416,-21.65246547,14.27904412,-3.518033883,-12.20352482,3
5.234669532,-13.07210687,-24.40622768,16.3538293,-6.084014447,-18.67514154,3
2.487812342,-19.67310274,-25.82139817,19.61030326,-12.43820387,-26.11570739,4
0.769153177,-19.02110455,-14.31205184,21.41399718,-13.10866508,-30.70456359,4
0.723034172,-20.28959719,-2.608271703,17.02853663,-13.63017493,-25.39136444,4
2.497362662,-15.88309987,8.471627673,12.11051408,-14.50267898,-10.61265547,4
4.587315242,-11.26677851,17.10710849,7.813678747,-11.74160399,6.32072419,1
5.186687652,-4.683538876,19.98881897,5.311536677,-8.722192342,22.15167028,1
5.060591592,-8.420286376,19.19306614,3.664701784,-7.755544957,35.68237688,1
5.309770182,-5.443175149,21.1179181,2.398767361,-1.997528732,38.97126864,1
6.048372272,3.877749854,20.21488025,2.012462668,9.802056654,31.6137369,1
5.142973932,7.191662985,15.44616476,3.30980726,15.10841374,21.51904383,1
5.349039482,7.005113931,9.658232247,7.176586127,20.79747494,13.78575348,2
5.500462752,4.356620535,3.40669276,9.644232157,9.961805705,11.09134932,2
4.677425912,0.277686854,-1.773253668,9.932116817,12.59691177,7.176619991,2
4.018737492,-1.966598974,-6.486820604,10.73323043,10.79028537,4.045747079,2
3.743672322,-2.605452058,-10.20557775,11.55321709,9.247805951,0.179933884,3
3.629069482,-2.996580414,-13.41053047,12.57413234,7.725282101,-3.871299493,3
3.555703722,-4.159456808,-16.86280295,13.89167339,5.728186192,-8.334300005,3
3.572051002,-8.685316406,-20.09578187,15.34844456,4.004160696,-13.98543248,3
1.318383866,-13.61489144,-22.49739867,17.82448401,-0.182544212,-21.80334021,3
-1.276821534,-17.40794037,-19.60573324,20.77709267,-9.65928066,-29.41376973,4
-2.948076081,-15.76546169,-8.295913277,20.67049079,-11.16531903,-30.46296256,4
-2.298199263,-12.12934819,4.347361571,17.34820468,-6.479229801,-29.32440674,4
-0.474697379,-9.398526256,13.44953474,11.47258407,-3.647448567,-15.42957916,4
1.774972732,-7.232425697,21.20760329,5.221021747,-4.785916444,1.817402306,1
3.307465462,-4.897403159,24.07567421,0.673359904,-2.102126573,17.94153341,1
2.330668772,-4.75486599,21.78102734,-4.963044783,3.673271928,33.0159164,1
3.186233452,-1.436733732,19.87071318,-1.777577179,10.68944391,25.56131845,1
2.221799812,4.768789462,10.08135475,-1.71714415,12.68361478,19.88496998,1
3.384959062,8.558650478,4.669515809,0.0197087142,17.80336383,11.27657483,1
4.861312112,7.127768145,-1.101271963,2.773489944,9.471310282,7.601616176,2
5.291351042,6.050315829,-5.331086602,3.904066017,7.972481683,4.572217639,2
5.089895612,2.504845691,-8.730206076,5.139354117,6.805181302,1.394835334,2
5.072422422,0.290402834,-11.58417681,6.365248677,5.316512741,-2.040602372,2
5.005422862,-0.802851097,-14.51162236,7.730379457,3.347094357,-5.462981848,3
4.943778672,-4.391903011,-17.63143884,9.553010457,1.367809221,-10.31806917,3
4.398383092,-7.655402197,-20.66834498,11.35433483,-0.295358279,-16.10529068,3
2.901044752,-11.45844593,-23.83039437,13.57631741,-2.954919394,-23.22937349,3
0.700997022,-16.94210592,-21.18374455,17.69559544,-12.22334716,-30.43900497,4
1.304038841,-15.94487625,-7.168453323,17.69374774,-8.472217457,-35.07968579,4
3.058919612,-11.27337234,4.981703144,14.73562994,-10.6858577,-29.64854097,4
4.357320322,-9.838054616,14.75485354,9.125962977,-8.998301307,-17.50733919,4
5.810105032,-8.264717346,23.29171104,1.716866684,-5.475016915,-0.807063372,1
7.094795002,-5.670263344,24.23695193,-6.182912391,-0.824610644,15.48793139,1
5.942952952,-1.311045087,20.01104552,-13.17797251,4.109643848,30.72205409,1
5.614635612,2.903447403,16.74422654,-14.02289797,3.08703865,32.44441629,1
7.693865712,9.283375664,8.365906181,-13.9853041,2.441450169,26.74910291,1
9.002443102,6.237708544,3.446226404,-9.904492493,-6.480432695,20.84939334,1
7.715974392,4.346484886,-2.804707087,-7.824847295,-3.516946224,16.36295298,2
7.383984682,6.038437399,-7.425790133,-5.637706738,-4.790073512,12.42638867,2
6.985195332,4.077237326,-11.11768912,-3.71465096,-5.288404325,8.875751199,2
6.668993232,2.600354007,-14.52899697,-1.719105388,-6.529152107,4.870324902,3
6.500037082,1.461020758,-17.86424584,0.578158822,-7.569912749,-0.287954946,3
6.491092302,-3.299625125,-20.72406932,3.108821402,-8.863787208,-6.7574843,3
5.099902092,-7.868549005,-23.35846665,6.049415417,-11.18058133,-14.43998101,3
2.311154872,-9.800037886,-16.4162375,9.936019817,-19.56181683,-22.52929919,4
0.785294308,-7.493058311,-1.92454953,11.31355428,-11.96128609,-30.6418219,4
1.418114103,-1.141099134,9.854404631,7.853895547,-11.2451995,-30.06183936,4
2.115532942,1.519065572,19.83782296,3.309662938,-10.69742594,-20.4696442,4
3.881160342,3.017598779,28.73666196,-4.087833255,-6.861362372,-3.714097373,1
4.784296472,4.760801232,30.73010984,-11.04296135,-2.450511603,12.77015741,1
4.409719682,6.197295553,25.33740715,-17.04211908,0.855100653,28.18121852,1
2.729849112,10.25227944,21.23704856,-18.30652145,-1.342421624,34.2189731,1
2.634063382,14.25436677,13.72951075,-15.5914556,0.672631076,26.05473862,1
4.230828432,10.94467206,7.643060928,-11.7542673,10.05724329,15.5073627,1
5.243820042,6.331527239,1.038926458,-8.037752556,1.643878826,11.91757023,2
4.902407932,3.97623324,-3.84282396,-6.12334998,2.059331424,8.474564762,2
4.540009812,1.225419256,-7.326914604,-4.295336674,0.824999873,4.763478274,2
4.276207832,-0.350411002,-10.84097311,-2.635508483,-0.430299446,1.305919909,2
3.873118262,-1.781428188,-14.47344882,-0.838369568,-2.223761856,-2.245918554,3
3.529054062,-2.852549407,-17.76016004,1.111479132,-3.678435088,-6.575326148,3
2.780719952,-6.590782777,-20.63619734,4.065879397,-6.212614534,-13.56038684,3
0.470289991,-13.7572877,-22.333072,7.477626527,-12.28673372,-21.01803992,3
-2.283284274,-16.43887682,-16.05960722,11.31346839,-18.81377521,-27.56647902,4
-3.233859517,-11.77445114,-1.420767432,11.55923733,-10.55066301,-32.64699628,4
-1.049432207,-8.734935296,9.814278581,6.922286437,-8.978700003,-24.71089547,4
1.087153804,-6.520643486,19.29764345,0.336151627,-7.221982634,-13.14248791,4
2.275506112,-4.788767659,25.83504697,-6.914446895,-4.618509989,3.042649909,1
3.191783222,-2.31978127,24.21760596,-15.59041577,1.2506801,19.08701229,1
3.734985792,-2.03014682,22.60612603,-17.41225948,-3.130284188,29.08599014,1
9.271468802,6.975195208,18.08753877,-13.78981857,5.959014682,17.90963014,1
7.421606202,0.86164614,12.38592859,-9.772397831,8.313310269,9.429837838,1
8.129510622,-0.485858359,7.8969359,-6.109411826,6.789041105,4.287639085,1
7.553537732,-4.166576689,2.621847967,-4.313101685,6.809917556,1.226634989,2
7.220202392,-2.691771842,-1.618892588,-2.478270037,5.123748612,-2.060761492,2
6.628923452,-5.265267589,-5.318302594,-0.762893574,3.428643708,-5.305001412,2
6.152135152,-6.391208293,-9.208502563,0.917794066,1.917906296,-8.577936491,3
5.915004022,-7.919689314,-13.04262634,3.096532609,0.306842035,-13.51136253,3
5.301907272,-12.24345877,-16.18357478,5.298332377,-1.443217567,-19.40808207,3
3.755183152,-15.91966096,-18.95264469,7.987601637,-4.535184447,-26.45224326,3
1.476679004,-21.28126038,-19.60627247,11.51804745,-12.66261615,-33.63633018,4
0.122368766,-16.67360768,-5.69715818,11.91937727,-6.658641538,-37.883084,4
1.271211291,-11.20612532,6.736693747,8.653231747,-5.934124974,-36.38214676,4
2.558345982,-9.265069236,16.1417705,4.052488677,-3.87593652,-24.79199629,4
4.072123712,-7.719598305,24.42640797,-1.779572806,-3.178606981,-7.229532048,1
4.858022482,-4.516903657,24.25370067,-8.218399661,3.14569886,9.48359218,1
2.189827462,-2.315956256,18.85000882,-15.2215087,4.066377039,25.10862238,1
1.464607599,4.122144984,15.59867681,-10.86649992,8.533692947,16.72241618,1
-2.430558134,7.762873682,8.382224578,-7.152648232,9.010706357,8.677544326,1
-1.512873729,-0.447885969,1.224321405,-3.646807796,-1.267701505,6.128944641,1
-2.430159405,-2.660828555,-4.433431861,-2.578060974,0.300915528,3.251550864,2
-1.976920483,0.381895636,-8.782081838,-1.139309769,-1.512336522,0.535658731,2
-2.24907353,-2.203457334,-12.43187419,0.185407818,-2.514137607,-2.507076755,2
-2.074354838,-2.757847905,-15.57632565,1.833165998,-3.806358315,-6.255721263,2
-1.821604093,-3.420686603,-18.72368306,3.68011547,-4.936467327,-10.59130148,3
-1.589778824,-8.012524606,-21.47341271,5.593582057,-5.97412673,-16.24202185,3
-2.404703405,-12.15540981,-23.97657157,8.166275077,-8.469612382,-22.67323959,3
-4.711326711,-15.58501802,-21.57521487,11.93095767,-15.56404923,-30.44459199,3
-6.369087034,-11.32983633,-8.67586624,12.35259232,-13.33985517,-34.55542114,4
-5.291348829,-6.411918128,4.32791796,9.686078287,-11.6021987,-35.53660183,4
-3.28241784,-3.707121073,14.41036328,5.138792007,-8.103104836,-26.18799691,4
-1.655112842,-2.149476581,22.35472728,-1.907904824,-8.233254956,-8.24059763,4
0.436962295,-0.375349797,24.81929669,-7.017637143,-4.984289098,8.538351181,1
-0.677797994,-1.233035478,20.47799118,-12.40217527,0.810367071,24.22492051,1
-2.034397245,-0.418106259,18.69622018,-15.67086663,1.012360562,30.89923278,1
-2.756797027,5.445925265,10.31151631,-14.25243056,4.317532945,23.9197027,1
-1.164705544,4.831622154,4.706872365,-10.42493234,12.83899809,13.15866569,1
0.347079301,-1.829811613,-1.872500295,-7.205738176,2.376917595,9.771950427,1
0.103928235,-5.205972738,-6.985910857,-5.245665422,3.722659195,5.989313067,2
-0.0429264134,-8.191465056,-10.52068001,-3.271143835,2.810184928,2.038688879,2
0.0641588316,-9.418960876,-14.13824535,-1.564249334,1.129108682,-1.491317146,2
-0.18888514,-9.879598066,-17.64744869,0.209836451,-0.592527519,-5.072640311,3
-0.265515764,-11.02748842,-21.10799561,2.164458262,-2.359533633,-9.866217051,3
-1.918170618,-13.66775178,-24.20218218,4.653934307,-4.227070418,-18.11025517,3
-3.705622976,-17.09029402,-24.02677523,8.268298717,-10.78560114,-26.8835018,3
-6.198255426,-16.9442071,-13.8521879,12.27568524,-15.94360165,-33.21349096,4
-5.777356056,-13.28300972,0.244581983,11.45248477,-11.35372472,-37.27866041,4
-4.064112812,-12.69536581,10.66588518,6.748474817,-9.69868332,-25.07333644,4
-1.809737981,-10.52622375,20.02079122,0.0991500582,-7.699886824,-7.1985062,4
0.546717047,-8.597146246,23.98040093,-5.54556807,-5.371271135,9.512598117,1
1.478191279,-7.728459235,22.44496209,-10.58735318,-0.479763165,25.13573991,1
-0.516470641,-6.858212841,19.99720116,-13.59968117,2.787945535,29.42766301,1
4.815989102,8.540136758,13.86231327,-11.20148105,3.120470632,22.76745568,1
4.625116802,6.555143137,9.425716683,-7.890503788,9.040640739,14.3325035,1
6.422565052,5.109162805,4.582076795,-4.512459583,6.221295433,9.067319409,1
5.997954562,1.300120337,-0.709658113,-2.952738021,8.449240269,5.751265915,2
6.223359822,3.298188941,-4.981359722,-1.299852326,6.282325439,3.197973936,2
6.216533302,-1.430072402,-8.925781926,0.497749953,3.602821523,0.322153817,2
6.194256652,-2.31545209,-12.09186517,1.9811288,3.012066985,-3.139808696,3
6.356217872,-4.057127758,-15.32302433,4.009180137,1.469839219,-7.572449563,3
6.476839012,-9.376927416,-18.45607699,6.357695487,-0.498987493,-13.43411422,3
5.219693802,-11.46850138,-21.36379653,8.887098707,-2.251221827,-20.92879708,3
2.655605752,-14.7401744,-21.59818784,13.19444195,-9.79421188,-29.00793175,4
2.559686512,-15.11862568,-5.982352002,15.61650414,-4.228811964,-36.09219123,4
4.954035592,-10.82824296,6.829681921,12.55619839,-5.644341869,-34.60254703,4
5.509168052,-9.926060966,17.31648952,7.520058467,-5.150766623,-22.90920885,4
6.231808282,-7.640679083,26.66508343,-0.456529117,-1.851150681,-5.603929071,1
6.487685582,-7.215235092,25.81465757,-7.111628436,-0.366738197,11.00336163,1
4.978997992,-4.269390714,19.54938171,-12.45726478,2.17289261,26.52944851,1
2.946160422,-3.14601682,13.56931518,-15.71541571,5.892261019,30.96955065,1
4.617974092,6.306985551,8.664526023,-11.30987343,11.54256906,18.72235246,1
6.120844372,7.737190851,3.960843196,-6.723750556,19.60905211,9.216602727,1
7.167250262,1.362932908,-2.016630071,-3.672006356,9.9365521,5.311671802,2
6.091157342,-1.144728645,-6.904590347,-2.423301774,11.936526,2.108499692,2
6.035816642,2.216026933,-10.93639212,-0.787003191,9.410450707,-0.402341533,2
6.154448792,-1.167235167,-14.9545562,1.005522678,5.859224075,-2.706503166,2
5.800937972,-2.734815149,-18.43147592,2.703699387,4.090407974,-6.293649277,3
6.308384142,-3.522336308,-21.89214006,4.830243047,2.393535804,-11.4378801,3
6.528480302,-8.765194406,-24.88759184,7.198816167,0.793229332,-18.12822331,3
3.963128002,-12.53274224,-25.7523664,11.1779795,-4.852367208,-26.95444102,3
1.173386999,-13.7070807,-16.4359982,15.50207646,-11.82169369,-33.61707469,4
0.310692439,-16.31494918,-1.40211158,18.07341537,-7.004954882,-41.07578565,4
2.398465102,-11.40974231,10.42577949,15.41542494,-5.292296631,-40.08472949,4
3.878444952,-9.498146576,19.56783294,7.506458097,-4.825117935,-23.60535658,4
5.322173302,-6.785144872,25.85965822,-0.173207648,-5.005262592,-5.826097944,1
5.928837682,-4.924786899,25.26581481,-6.336139252,-1.659985272,10.79565688,1
2.472692162,-1.395916522,17.57198346,-13.95402631,3.891919482,26.3352662,1
3.417854892,7.20752637,13.9121179,-10.33967054,6.974851206,15.04940397,1
1.39824069,3.150112981,7.661291042,-7.287456522,7.813625323,6.718074705,1
2.627434702,1.971014489,2.715959073,-3.195667861,12.63699985,-0.300956981,1
2.510997782,1.537245654,-3.565413716,-0.53405238,6.532752176,-2.478602131,2
2.291376082,3.992739927,-8.02223265,0.749770313,5.010162527,-5.115487009,2
2.552955722,1.205585208,-12.00064277,2.194389843,2.462158844,-7.759513628,2
2.441864392,-1.105071134,-15.47218582,3.462505531,1.48919396,-11.09219351,3
2.399597032,-1.621696041,-19.18809695,5.047412727,-0.262342462,-15.27681201,3
1.869336552,-7.107999737,-21.822158,6.995045497,-1.518376839,-22.276515,3
-0.449310483,-11.30927657,-23.62212573,10.03727777,-5.893407569,-29.90183577,3
-3.080926754,-13.98632864,-18.88201088,13.77204078,-14.35659967,-37.59795391,4
-5.728471767,-10.11586683,-6.001538856,14.07679349,-12.96253084,-41.2525068,4
-3.839100454,-5.624180155,6.042347589,10.09401295,-7.817205633,-39.11845053,4
-2.45122458,-2.945832856,16.75426082,3.486159923,-5.299157834,-27.50264383,4
-1.525240828,-2.436129199,26.8462699,-3.123628014,-6.174623774,-9.65393325,1
1.18522128,-2.171702568,30.03666719,-8.632538962,-4.85825354,7.217029599,1
-0.185876633,-3.244734094,23.76275498,-14.03214295,-4.515196994,22.98962247,1
-2.64092845,-0.140153362,20.92919021,-14.38137739,1.390480356,22.43136458,1
0.0766044616,12.10930794,10.72372346,-13.6339982,-1.264096938,18.933193,1
2.225810822,13.52633962,3.767033181,-10.84066995,11.20647166,8.51617006,1
1.25237913,11.21970365,-3.019372934,-8.424404213,7.071413528,6.307888881,2
1.565210525,14.00496105,-7.052785634,-6.510657682,4.964398638,2.710543226,2
1.965957062,9.534311958,-10.20322135,-4.784088901,4.35006816,-1.169670531,2
2.397237742,5.352237223,-13.75105419,-2.936475416,1.734770777,-4.167940498,2
2.461687192,5.536278664,-17.21046277,-0.742742923,-0.180275215,-8.695571652,3
2.936689702,0.692110677,-20.17444172,1.485492264,-1.920973197,-14.66889078,3
1.984528762,-4.921486325,-22.61117057,4.198979177,-4.27701127,-22.00371168,3
-0.16528736,-10.26100856,-23.36486943,7.595107077,-10.37979204,-30.29946394,3
-3.164081892,-7.926998103,-9.468844912,9.617279727,-2.301185538,-39.01525964,4
-1.699453133,-2.539204972,2.509708255,6.625186697,0.90331118,-41.0963646,4
-0.407663848,0.527886866,13.11236125,1.179955047,1.599435933,-35.13592153,4
0.744890276,1.993098979,21.56988732,-5.385984293,0.0240065805,-20.34268959,4
1.788135652,3.425504554,28.59514117,-12.34898454,-2.432332395,-2.775844169,1
1.768560552,5.51269285,26.45080948,-17.27119409,2.435228128,13.64732642,1
0.884005693,5.008285127,22.26206918,-22.32147224,6.872641355,28.73802633,1
1.051939906,11.2432324,19.56693515,-17.57177818,7.940097062,19.49017874,1
1.31871279,11.97407467,10.22551397,-15.62228645,6.944281586,14.28607609,1
2.494473172,12.41991089,5.428648314,-10.39728295,5.840444378,8.414953829,1
2.894325482,8.5263121,-0.604152047,-7.070116989,0.934169661,5.734934974,2
2.846442882,7.807823814,-4.680563454,-5.342391157,0.953759501,2.269265026,2
2.811115042,7.816101764,-8.458304233,-3.658602135,0.643751709,-0.670268616,2
3.084554402,3.691252081,-11.76459411,-1.794855561,-0.918135744,-3.634989914,2
2.996968312,2.4327164,-14.93709042,0.206336845,-2.278996742,-7.277916726,3
3.235956112,-0.0502184949,-18.05453914,2.426923869,-3.899947191,-11.88967447,3
3.001422462,-5.453560823,-21.38576476,4.586884637,-4.877931797,-18.40655942,3
0.804277124,-8.856557916,-21.04850808,8.702816337,-12.50273512,-27.20472218,3
-2.507979604,-6.681038274,-9.93085976,12.42660739,-15.57801614,-33.28432068,4
-3.164281119,-5.031107277,3.621036093,11.43314542,-12.50205647,-36.99420482,4
-1.326116949,-1.684063042,15.18845784,6.882386387,-11.68718518,-30.47232488,4
-0.0333014314,0.435272643,24.34776992,-0.999041911,-8.290840112,-14.51246461,4
1.407804525,2.200067203,30.4863537,-8.096651956,-6.481551035,2.67480887,1
1.741809522,4.916392719,30.50076068,-13.3627613,-4.771676117,18.74311924,1
-0.8849363,5.145200731,23.62442947,-17.9363444,-2.749928202,33.76531565,1
-0.858136564,6.088275875,19.67433588,-19.04467802,0.132116129,36.30978168,1
-2.613273661,14.47914472,13.11889678,-16.26615724,3.454859663,27.27181937,1
-1.422426687,10.96209435,7.991602114,-12.32891534,10.44501806,18.57987385,1
0.305812439,7.060587476,1.406002706,-8.680290153,0.744776195,14.30327683,2
-0.118929676,4.701041985,-3.89850032,-6.746904149,3.225453829,10.5638876,2
0.177878097,7.385177135,-8.176178325,-4.861903591,1.228756025,7.359017539,2
0.604374058,3.259076824,-11.78594466,-3.073299039,-1.275718132,4.118915533,2
0.81485202,2.322230429,-14.89794302,-1.361900371,-2.768767808,0.463908898,3
1.144744029,1.158784227,-18.09194949,0.471530638,-3.933645731,-3.915756588,3
1.578825153,-3.273234057,-20.98016188,2.482130757,-5.419056135,-9.390631835,3
-0.0419121354,-6.785396955,-24.12042057,5.037351737,-8.567090564,-16.81576964,3
-2.69856162,-9.704818376,-21.67542603,8.487179867,-15.08744693,-25.43735761,3
-5.775815075,-6.763784758,-9.036780727,11.46008348,-10.62880846,-32.56582501,4
-5.122144716,-4.894386604,4.550287466,9.944427307,-10.30544222,-34.99628287,4
-4.04412797,-3.55995293,14.51345077,4.542876177,-10.74669642,-22.63407739,4
-2.415909596,-1.547966879,23.40428095,-3.114217977,-6.542843388,-5.945239784,4
-0.117841228,1.570323582,27.90009366,-10.8554388,-1.519926887,10.68427167,1
0.537020256,1.970781036,27.13416968,-16.57076862,-0.22148793,26.23113263,1
-0.104933538,1.906576197,26.9138225,-19.6058168,1.745422586,33.26657045,1
4.404514712,13.3224323,23.0063724,-15.85149368,9.241256526,20.38404884,1
4.611470022,9.799725749,16.6100098,-12.3276849,13.03241645,11.80028269,1
5.659781622,7.422286779,10.59828792,-8.528638084,9.673544786,7.25875027,1
5.548582062,4.438179655,5.198491373,-6.570355885,10.01823456,3.999347402,2
5.580222632,3.668451091,0.963847477,-4.530453055,7.501315687,0.210067414,2
5.978855362,-0.0706368999,-2.238124468,-2.795713163,6.238030305,-3.220755949,2
5.879665332,-4.053562654,-6.063119493,-1.149076797,4.050664979,-5.968765946,2
5.822199062,-4.566479813,-9.45282689,1.068856219,2.695133308,-10.39902407,3
5.947784732,-8.880569406,-12.6943692,3.639097929,0.322682941,-15.82136039,3
4.439974272,-13.25850733,-15.76808696,6.393176897,-2.223633273,-22.46225582,3
2.391068742,-16.17721175,-18.12114566,9.085176307,-7.41800963,-29.40642195,3
-0.894854633,-12.75370359,-5.698997654,10.97358305,-4.363183966,-37.49242147,4
0.579493579,-7.810140923,4.997995341,10.17356339,-4.473067964,-39.95132125,4
1.173557795,-6.663375577,16.00042426,7.251548927,-5.753983201,-32.5062671,4
2.239559082,-5.91909498,24.61463892,0.773617852,-4.035348273,-17.8449969,4
3.822271582,-2.679145229,28.16291459,-6.12051488,-2.277108501,-0.440761681,1
3.310651062,-1.654832593,24.69866426,-11.42338849,0.705780221,15.83038531,1
2.978867252,-3.613364223,17.55485342,-16.24691248,6.048032783,30.51322161,1
3.723686162,1.773735199,13.37207894,-12.70232733,12.50478306,21.19003455,1
4.666380132,-0.228699841,8.237241752,-9.492320871,17.06794386,12.05460648,1
5.322196542,-2.947153972,3.085533165,-6.401892239,10.38812756,7.704636066,1
4.345859392,-3.275802974,-2.512591986,-4.89946479,9.715236021,5.140897314,2
4.046516992,0.309127747,-6.827847628,-3.256929754,7.569711016,2.236932452,2
3.781564182,-4.067077655,-10.31528953,-1.780935237,4.940503386,-0.631454159,2
3.573597342,-6.481993216,-13.43760034,-0.387623069,3.773405392,-4.383000223,2
3.104491932,-6.054995171,-16.8364531,1.326250721,2.834282184,-8.874278352,3
3.068755302,-8.361350646,-20.18986009,3.180870516,2.119219173,-14.56774203,3
1.447378195,-12.07770435,-22.69959424,5.888289367,-1.442599055,-21.97371983,3
-1.214339802,-16.56836713,-20.99430851,9.770482587,-10.10168002,-29.48116643,3
-3.765353743,-14.37059397,-9.563787487,11.76179453,-8.588750005,-34.64564582,4
-3.234128803,-10.39216508,2.838676056,10.18626258,-8.073354759,-36.14398327,4
-1.00150354,-8.501617676,12.70266932,4.520117567,-5.272396504,-22.68831499,4
0.9456976,-6.734152781,21.16948336,-2.309970574,-4.386797349,-4.968759578,4
3.126735932,-4.525447201,23.84930118,-8.463926816,-3.958205509,11.59717894,1
3.246510022,-2.580243552,20.8546331,-14.39853233,3.438081692,27.08460584,1
4.054370542,5.007055437,19.31209169,-14.04243352,6.292770058,28.43780053,1
7.174450262,12.40586345,12.53933409,-10.86538326,9.124028974,20.66782587,1
5.644893292,5.696363033,7.182543882,-7.705927469,13.22730129,12.67851908,1
6.044779452,3.971513443,2.236591204,-3.845678105,6.749843116,8.253656691,1
5.606518062,4.041299847,-2.107217517,-2.10137903,5.858340222,4.794874114,2
5.495805962,2.920410433,-5.909939397,-0.330570177,4.308628734,1.559782577,2
5.434521632,-0.562354148,-9.370714216,1.354753963,2.063094501,-1.553601282,2
5.115463432,-3.378791988,-12.70849948,2.771907466,0.540925547,-4.802050534,3
4.947314062,-3.966435262,-16.11011626,4.834405847,-1.258646538,-9.254622517,3
4.805509782,-8.803381296,-19.62505304,6.874882407,-2.712574511,-15.21985731,3
3.349714432,-11.61178845,-22.81429523,9.303062677,-5.612129077,-22.23071888,3
1.240659139,-16.19288565,-23.26370048,13.14721762,-12.77935117,-29.51331422,4
-0.994341716,-14.66676499,-8.840800913,17.62970796,-6.728040191,-38.5996731,4
-0.0956551774,-12.29377741,2.87930702,14.77311368,-9.64531963,-37.20854512,4
1.262090122,-9.985377536,13.17626565,10.49068665,-8.090078294,-28.00490618,4
2.955130232,-8.388044486,21.92268745,3.028007242,-3.7010576,-13.26019065,1
4.699872322,-6.685591504,23.73489809,-4.492713023,-1.688910062,3.845554578,1
4.280624652,-3.94608919,20.47548359,-11.25260193,4.120184379,19.83764452,1
2.929533682,0.0296770121,14.5483728,-17.23513095,10.11086952,31.48648546,1
3.168938112,8.53434736,10.01793705,-12.58660432,12.40049808,20.34855171,1
3.940125642,5.530491228,5.003617518,-8.374329887,17.18800522,11.61609815,1
4.509610502,-1.668676852,-1.720244242,-4.732328472,8.46735734,7.894696546,2
3.729723942,-3.259241892,-6.530146217,-3.235778569,11.16300203,4.416567107,2
3.789379372,-1.898642617,-11.08005101,-1.302702023,7.718710893,2.099181194,2
3.668323872,-5.205254154,-14.60805149,0.422566799,5.311764159,-1.262406368,2
3.677339112,-5.105259479,-17.31379493,2.241646161,3.446963056,-5.051354263,3
3.385260672,-5.909818189,-20.43048894,3.972098197,1.904237245,-9.051091512,3
3.441016712,-10.0842968,-23.37059858,6.019540747,0.248862708,-14.5194606,3
1.447213372,-13.59162198,-25.81928478,9.273300647,-3.62183108,-22.39051773,3
-0.977565432,-16.68384445,-22.09295254,14.16495803,-13.45778773,-30.41472143,3
-2.485018516,-14.70356077,-7.465138295,15.8324217,-7.883848349,-36.9141646,4
-1.56627204,-9.847134286,4.841424282,14.01671024,-8.165363662,-37.31362123,4
0.29997871,-7.609607522,14.35300299,6.759089207,-5.875982243,-22.03489185,4
2.247384552,-4.055949158,21.83966209,-1.258853194,-3.19920729,-4.357877009,4
3.508715912,-1.671925211,23.07613274,-8.340541853,0.707981255,12.16829051,1
2.712035362,2.012235588,18.84136059,-16.61521196,7.580439775,27.61853567,1
2.249847402,11.56552155,16.56165062,-12.35821534,9.317567298,19.54228387,1
1.083122552,12.93550289,8.268232408,-10.97812286,8.248464048,15.07637008,1
2.305513272,12.92883242,2.811019217,-7.738808262,14.67570261,6.415459666,1
3.044499802,9.623479138,-4.034342517,-4.654755541,7.088681695,3.064430445,1
3.054888862,9.308907748,-8.434803553,-2.705293604,5.197106118,0.196311153,2
3.082482952,7.120878678,-12.04313017,-0.917022433,4.047078182,-2.701645165,2
3.286101062,4.02725108,-15.21785754,0.905823267,2.659990883,-6.113770556,2
3.218176002,2.357423452,-18.49981473,2.847915991,1.046310718,-9.561542455,3
3.427364392,-2.536584493,-21.75287723,5.025171897,-0.961501045,-14.61272581,3
2.801879762,-6.635134971,-24.79961556,7.646791717,-3.46941172,-21.18081325,3
0.596367162,-11.36439935,-26.34762387,11.03004914,-9.94613896,-28.15674927,3
-2.393403018,-12.53334212,-18.08873069,14.02763953,-12.99762688,-34.44060091,4
-1.491548611,-8.192225066,-4.514349745,12.16352731,-12.37251919,-34.54909495,4
0.185062933,-7.619611132,6.080185761,7.313387737,-10.39783029,-24.04338233,4
1.574202851,-6.479289605,15.3695549,0.183726898,-9.78998835,-7.033811929,4
3.128210532,-4.62642645,21.760362,-6.635245278,-9.92406086,9.666570104,1
1.308750843,-1.557061541,17.5551243,-13.24769912,-3.100496512,25.27968768,1
1.869741832,-2.487321182,16.36895569,-16.71019275,-2.264903307,35.88529858,1
3.788461942,5.872265494,13.77585595,-12.79321612,5.657422448,24.14358904,1
3.012808492,12.04401016,6.483865148,-12.02555321,9.948635686,18.13485757,1
5.875852932,14.68669151,1.853607089,-8.84073276,15.29561711,9.141213126,1
5.613495552,14.60425768,-3.77607325,-5.888589366,11.54253908,6.436263506,2
5.340899932,12.68838733,-8.123809939,-4.205003351,10.98870234,3.227924426,2
5.171484752,9.91277809,-11.63069072,-2.504862636,9.397542364,0.82202451,2
5.296221262,6.424796308,-15.10247734,-0.770866902,7.05266006,-2.027758094,2
5.427738072,5.329035394,-18.01842382,1.437344236,5.591092968,-6.153811888,3
5.487114302,2.19212513,-21.13692728,3.640372427,3.309748686,-10.3360877,3
4.886973802,-1.075338627,-24.82577343,5.472979947,0.563001581,-14.84908026,3
3.758170702,-3.271769994,-28.05143962,7.502678407,-2.193668884,-20.53254564,3
1.52616236,-8.678959206,-30.13826245,10.03899815,-7.390989459,-27.22137091,3
-1.46105978,-8.973196866,-17.39270583,11.72076585,-4.342889974,-33.37190778,4
-0.388936804,-8.906545136,-3.118580953,12.33887244,-2.670426201,-36.35338333,4
0.795180666,-6.930923617,8.600025531,8.148366137,-3.312218644,-31.2754228,4
1.808826542,-6.164257474,17.97915905,2.811095301,-1.839972908,-17.56749374,4
3.370407692,-4.140175949,25.499948,-5.373505928,-1.347712069,-0.181325131,1
3.567201642,-1.36919876,24.52520505,-11.28231636,2.846731534,16.07293146,1
2.870524852,-0.898562264,21.75227019,-17.43377749,5.16771467,31.26896822,1
2.930486722,5.758694991,19.28702152,-13.14435047,11.19103242,25.70779923,1
2.539013282,14.10942946,10.86435073,-12.18594083,15.21089485,17.41172752,1
2.342899642,14.76840931,5.600217632,-8.998129061,18.95861668,8.880407545,1
3.350653292,9.701183939,-1.409347852,-5.910568758,10.02583707,6.773582741,2
2.815596202,5.725802096,-6.637351481,-3.9950805,9.244408516,4.140322633,2
2.989899452,7.185400869,-10.21418481,-2.365727755,7.267123732,1.281134431,2
3.165769172,3.127441121,-13.33264715,-0.829538323,5.616257164,-1.604001901,2
2.997396452,0.422449639,-16.43236229,0.75863062,4.621728326,-5.17252506,3
3.121120732,-1.184550454,-19.74700886,2.911471875,3.069575627,-9.673496593,3
3.262122012,-4.571925036,-22.95811355,5.127306687,1.176406754,-14.73825289,3
2.447719792,-7.852016244,-25.62438911,7.657837197,-0.86272325,-21.22713913,3
0.544909606,-11.64722663,-27.86475269,10.43290485,-4.898970034,-28.15734247,3
-3.077790056,-8.930408136,-18.45605954,12.41834324,-6.646379118,-32.90186555,4
-3.064191892,-8.388214856,-4.231915187,12.99898193,-1.017198623,-37.25355719,4
-1.289665066,-5.289511979,8.226249311,9.700299257,-2.219121665,-33.95132454,4
-0.145254097,-4.72656612,19.00112076,4.819294537,0.105334191,-21.77039903,4
1.849019652,-4.292657582,24.63842749,-1.952288533,0.00603120352,-4.11060377,1
2.834289352,-4.644970697,24.79812048,-7.464939577,2.16277189,12.39946523,1
1.486463752,-3.772319757,19.7623094,-13.60415753,6.113270493,27.83465995,1
-0.652781298,-2.595377223,17.8368941,-15.93628795,9.034198322,32.06064399,1
-2.239493711,7.267817641,10.16130351,-13.58862079,12.54876266,23.93857807,1
-0.870325577,5.269296454,4.449713281,-10.03928098,18.33691588,15.02653971,1
0.990352588,0.0198138491,-1.515877393,-6.976324551,9.398417983,11.34834483,2
0.0337760856,-1.089599578,-6.816418365,-4.787305242,9.689494087,8.14803433,2
0.227261467,1.960602948,-10.72183688,-2.848088572,7.287358196,4.646457671,2
0.452356922,-1.039958126,-14.10825241,-1.033136165,5.730045007,0.760907223,2
0.632995402,-2.786691022,-17.29009274,0.691967484,4.730591633,-2.983933116,3
0.589780371,-3.804286371,-20.61843625,2.596822457,2.714382535,-6.628516598,3
1.002374118,-6.647582789,-23.6357167,4.799366297,0.868676776,-11.70773279,3
-0.255491786,-10.40994481,-26.20472999,7.466482727,-1.798122531,-19.10371049,3
-2.145231001,-14.85818726,-26.59185283,10.77803253,-8.893774078,-26.65793575,3
-5.114464026,-13.40008622,-16.56567618,13.60526902,-11.4008409,-32.69564628,4
-4.484478867,-12.2182111,-2.0150853,14.43149238,-5.822236533,-40.11301817,4
-3.076937911,-11.80072122,7.413889528,8.588802997,-4.683283548,-28.16523349,4
-1.857394579,-9.618298666,15.95382403,0.579888598,-4.256250846,-10.08910786,4
-0.264750004,-6.382887799,22.08655229,-6.980131092,-2.500517379,6.810186665,1
-0.380648287,-4.185130104,20.675901,-13.42211323,2.036702849,22.60926671,1
1.240527,2.542051853,18.13122013,-11.35187484,5.396879098,19.10050637,1
0.418164829,8.523308903,9.101820348,-10.9879934,6.725815966,13.99776894,1
1.749908882,8.785512543,3.607721797,-8.252688854,14.62557562,4.992827671,1
3.112173322,4.151508754,-2.317456179,-5.18087726,5.099700171,2.181949262,1
3.009874782,4.875658618,-6.512795641,-3.572671869,5.046282062,-0.645604811,2
3.211762832,4.773332579,-10.09326773,-1.801443154,3.610036999,-3.470370794,2
3.366731152,1.097416061,-13.07158407,-0.0884076898,2.130703495,-6.571678622,2
3.368062542,-0.970262967,-16.21809783,1.449523739,1.428167128,-9.568929347,3
3.416990962,-1.904949674,-19.38079432,3.570299313,-0.895077721,-13.55221194,3
3.704629462,-6.148433634,-22.19155471,5.839105857,-3.036273917,-18.74591743,3
2.572335632,-12.14717409,-24.39712332,8.749468477,-6.338940691,-25.45966586,3
0.408092696,-18.32310578,-24.90987617,12.11259441,-12.74855563,-33.04116631,4
-0.515543315,-11.83181281,-10.98330073,12.05897764,-6.194596916,-39.30107163,4
-0.26394321,-6.836510361,1.41422479,9.020672027,-7.353499337,-38.5770519,4
0.373608032,-5.629452784,11.04263351,4.335409007,-5.102569213,-26.19580345,4
1.666032962,-3.576114279,19.35377224,-2.679845874,-4.333824766,-9.016299137,1
1.966834932,-1.642052211,20.80175522,-8.355236276,-1.480289093,7.813151074,1
0.537400134,-0.501477664,17.2490128,-14.00783547,4.24469109,23.54693395,1
0.730880046,-0.314824488,17.6329908,-16.6489609,5.681422753,31.43065677,1
2.624403732,7.333602539,15.03756667,-12.05548436,7.755767507,20.95101539,1
0.12993881,11.78796833,8.909170321,-9.041568743,9.638439362,12.41527398,1
2.055632402,9.395328721,3.044654246,-6.005321221,-0.235291814,8.941356045,2
1.382362561,6.599169668,-2.935259475,-4.153699641,0.844408185,6.314983063,2
1.413543538,9.01667765,-7.150478718,-2.436037385,-1.182544731,3.296830717,2
1.696510952,6.336067443,-10.41078327,-0.899244146,-1.339562466,0.0564500359,2
2.073311412,3.367543427,-13.46578228,0.802738119,-2.022302789,-3.701138439,3
1.999904102,2.407244127,-16.74905474,2.709322158,-3.250679856,-7.703843745,3
2.333110552,-0.437124045,-19.65167949,4.786822627,-4.965825288,-12.21386276,3
2.131030522,-5.062768569,-22.793988,6.723605397,-6.791831614,-17.71424414,3
0.220029208,-10.13430925,-24.26494817,9.671254137,-11.46130816,-25.11256358,3
-2.481489251,-10.54142041,-17.60493989,13.08364317,-18.24424739,-31.25833486,4
-4.110574403,-9.461713126,-3.873307702,15.23824075,-11.55949059,-37.90749789,4
-3.334846857,-5.715452695,7.668930399,12.77973317,-10.70863002,-36.68809327,4
-1.786581603,-4.073251046,16.97606176,5.514230937,-10.00902815,-20.4641282,4
-0.106160049,-1.563427625,24.01230367,-2.245838885,-9.94605268,-2.889376619,1
1.046136431,2.090324376,24.91708815,-8.559935854,-0.890352741,13.54118541,1
-0.461937858,0.352883652,21.03482894,-15.51001373,1.720123751,28.90204939,1
0.716501472,-0.665461887,19.12789522,-11.48590266,7.517382259,17.4510657,1
-0.931541454,4.134339333,11.66826512,-8.731096478,9.860125296,10.44902402,1
1.305154444,7.338663515,6.410405082,-5.118518841,18.48268058,3.066392578,1
3.335634062,2.623021924,0.30127063,-2.472782076,8.848245968,0.523984267,2
3.467636692,3.8857702,-3.848988727,-0.939060364,7.117786908,-2.238346038,2
3.405774292,0.767323296,-7.538314043,0.529579051,6.024012111,-4.91223092,2
3.489997142,-2.010512332,-10.7092939,1.986050422,4.389008886,-7.819829866,2
3.369557862,-3.313085083,-14.01804658,3.465418613,3.159964523,-10.87638836,3
3.596209462,-5.317636233,-16.99018956,5.372001237,1.423333613,-14.88879216,3
3.369514252,-10.14062255,-19.93373984,7.510098427,-0.800752185,-19.66368153,3
2.048931452,-14.80210092,-21.68379799,10.64595519,-3.369792228,-26.50295079,3
-0.0817324034,-20.54193196,-21.70066054,14.08429409,-10.46742966,-33.47064984,4
-2.011592989,-17.91608664,-8.367965078,16.22093214,-1.961414723,-41.56027209,4
-0.857434407,-13.70534129,3.810117359,11.21541709,-4.367967359,-39.03364998,4
-0.0188217584,-10.75668,14.40013058,5.626314387,-4.122395596,-27.93497069,4
1.498330844,-7.929953378,23.04054829,-1.889719619,-0.289710802,-12.05983648,1
1.618322644,-6.723730384,24.28973334,-7.1143814,-0.605190231,4.967760691,1
0.821531646,-5.333280389,20.42447568,-12.03068507,4.046558177,20.88679034,1
0.0458193276,-6.09915213,19.05150034,-16.17739853,6.134455522,29.99969522,1
2.776685102,8.518629144,16.55048655,-12.5976026,11.80525518,17.23598348,1
4.796298562,9.966276477,10.20835717,-10.59693787,18.41170717,9.028036155,1
5.731249162,8.064765626,4.864245762,-7.114715807,10.81292149,5.127434413,2
4.694008302,5.158536447,-1.336948961,-4.897315141,9.708055916,2.450843692,2
4.711746432,8.057762551,-5.303564063,-3.023455352,7.311665447,-0.64207251,2
4.798365192,3.56004858,-8.719873236,-1.201556186,5.459216879,-3.802841292,2
4.648873412,0.989315207,-11.9738678,0.505703397,4.089468649,-7.012144008,3
4.348678342,0.0879843361,-15.16353525,2.413744241,2.84167929,-10.76600979,3
4.489233372,-2.401244451,-18.36458913,4.537806857,1.094477636,-15.09902079,3
3.408676572,-6.122666055,-21.67761603,7.117643777,-1.738517386,-21.19834767,3
1.073755298,-9.702638796,-24.43023755,9.800226987,-6.584497199,-28.56404925,3
-2.042462272,-10.15176126,-18.86414098,12.73234924,-12.12478556,-35.77605169,4
-4.176470362,-9.713833786,-4.824528617,15.40552949,-4.109896528,-43.00430058,4
-3.468971699,-6.050003611,6.789075331,10.20623798,-5.203355955,-33.53807275,4
-2.27903963,-3.92805895,17.01278922,2.027450118,-3.512125164,-18.89357091,4
-0.614240722,-1.814621624,24.31883457,-6.034110265,-2.514629357,-1.421069151,1
-0.0989216224,-0.847586488,25.50714959,-11.64609616,-2.418526532,14.91389994,1
-1.015377567,0.36693149,19.62647552,-15.94997158,0.200046653,28.61431539,1
0.688347786,5.074187625,16.44827193,-12.34623908,4.482472756,19.97702551,1
-1.307046095,13.4525984,10.16743473,-10.1438855,8.346024161,12.52989479,1
0.0466160026,15.59081262,5.811451007,-5.850733541,14.04569495,5.202028153,1
-0.443704436,11.83399832,0.189339208,-3.953545261,13.15256193,2.269744855,2
-0.355230355,12.78118913,-3.997839725,-2.263815051,10.80262419,-1.030924833,2
-0.328644014,8.767212067,-7.620353104,-0.719856105,9.679554214,-4.390888538,2
-0.156267057,4.931611839,-11.28369066,0.908855785,7.966002391,-7.674162342,2
-0.28270497,4.389038989,-15.17145909,2.724587914,6.096782441,-11.4241677,3
-0.0765626404,2.373295673,-18.67498737,4.666984067,4.465982261,-16.27511024,3
-0.24494584,-2.005172032,-21.65587508,6.822668607,2.319975546,-22.37436142,3
-1.718635831,-6.842151189,-24.22613103,9.271136197,-1.18388389,-28.72174622,3
-4.166782543,-6.663403198,-17.96005374,12.23720776,-4.497873792,-34.79298051,4
-4.589422616,-3.700834606,-3.919696572,14.73599434,-1.007809073,-41.68886054,4
-3.896762292,-2.013959287,7.109484755,12.96285595,-3.775462044,-39.82938609,4
-1.967697178,-2.453033689,16.30203992,8.612516437,-1.318389506,-29.18603725,4
-0.273497424,-0.414268323,23.89128647,0.94726842,-0.529776846,-11.04345305,1
0.975126741,2.283016582,25.82616933,-5.798230558,1.934041721,5.917973327,1
-0.473190225,3.880825007,20.93204425,-12.70508624,7.704955643,21.77514018,1
-0.903840434,6.970027104,21.07723496,-14.30946535,10.14625217,23.80232545,1
-3.663320514,10.86940141,14.47864171,-9.964660561,11.70789062,15.88511787,1
-1.801110792,7.966346568,9.686511664,-5.688143949,13.80612631,8.815152683,1
-1.538830578,7.978708482,2.826157104,-2.821541228,8.20094846,6.256104006,2
-1.41482201,4.571442501,-2.168472538,-1.555686485,8.741348173,3.204532029,2
-1.010301094,6.640153169,-6.247844996,-0.128361822,7.126627081,0.308913441,2
-0.691224115,3.247017026,-9.591253322,1.43452253,5.626468463,-3.165598113,2
-0.487294397,1.928492637,-13.32595262,3.081921113,3.092481581,-6.092039406,3
-0.607578918,-0.0765671759,-17.15973744,4.766608447,1.880791322,-10.5217225,3
-0.542211891,-3.363222616,-20.24424129,6.758351427,0.141013183,-16.55049518,3
-2.608986349,-10.79349934,-21.83798722,9.985370007,-5.884817641,-23.6609912,3
-4.969365209,-13.33028377,-15.93749442,13.66241767,-12.96822475,-30.76453982,4
-6.392769198,-10.43981625,-2.101829978,16.59244132,-6.623978785,-37.77466993,4
-5.049241927,-6.637824512,9.412497687,13.5897941,-6.215140001,-37.53050162,4
-2.440655148,-4.089683364,18.33044407,6.496561067,-3.922092755,-22.8277384,4
-0.0242499794,-1.09897274,25.35301586,-1.201299381,-4.567829815,-5.099105947,1
1.874725752,2.335296565,26.77500483,-6.643633658,-2.663661272,11.47531867,1
0.829280431,5.343821543,23.23769714,-12.15980933,2.917824185,26.97067918,1
2.628480992,11.49930617,22.07893366,-9.526531908,8.542733383,21.67444555,1
1.747049672,17.29973999,12.34896338,-9.178669887,8.957070051,16.23028708,1
2.696241392,16.48988238,7.284708927,-6.089786437,12.50198773,7.780850854,1
3.397372252,14.76268429,2.465718623,-2.082924964,9.112580787,2.627792146,2
3.307798512,12.01693585,-3.56740106,0.425780047,4.866981107,0.258479815,2
3.187300202,13.58650942,-7.810507299,1.86069696,3.274026161,-2.663888863,2
3.329456692,9.904552612,-11.10135363,3.337795371,1.575169552,-5.713890602,2
3.485703352,5.514095975,-14.42034438,4.769889177,-0.0826231665,-8.716819658,3
3.373987612,4.062379755,-17.46414705,6.411737977,-1.351351428,-12.15804158,3
3.331633202,0.644345718,-21.09110305,8.353497287,-3.061007658,-17.36850427,3
2.415351262,-2.531788553,-24.29963822,10.6605783,-5.278253039,-23.86744764,3
0.39792264,-7.164112837,-26.15040486,13.58735205,-10.92047132,-30.89497022,4
-2.45822857,-8.753536556,-18.4815231,16.93303812,-17.40930561,-37.21264546,4
-1.293866955,-5.480547987,-5.838224287,15.82251914,-17.18392279,-36.09013599,4
0.972875013,-4.632473638,5.203109069,12.18156342,-16.56939186,-25.74983255,4
2.828788782,-3.988624075,14.77260027,5.887817227,-13.48948756,-10.69446607,1
5.231446862,-0.742232395,22.93726347,-1.806670948,-9.83126383,6.2442398,1
5.468508652,4.010909546,25.20794186,-9.032998439,-4.601211334,22.08016534,1
5.049386792,4.798850596,22.4471824,-12.6084574,-1.841032979,31.48095169,1
6.578807902,7.050444788,19.17226248,-9.555063988,4.604807478,21.45897849,1
3.310817912,10.95153745,12.69818757,-5.953414332,4.382939975,13.22742951,1
4.393143432,10.76160371,8.346321122,-2.646348425,9.848389037,6.500364142,2
3.493186082,7.761755521,2.422088033,-1.16142817,10.37094047,3.254075879,2
3.449031822,9.923270269,-1.90101475,0.21589007,8.091829292,0.0830372359,2
3.285065962,5.353277805,-5.604409169,1.492611636,6.69820852,-3.000762869,2
3.378140832,1.442412404,-9.076631288,2.892346039,4.281208115,-6.104828629,3
2.975901342,0.0575943061,-12.768342,4.496491597,2.233657702,-9.895909391,3
2.888435142,-2.809138869,-16.51077631,6.123357167,0.75005491,-14.61885685,3
2.289593062,-6.530826937,-20.11784433,7.960211637,-0.635469042,-21.13985483,3
0.643940156,-11.2390667,-22.36702634,11.09358624,-4.060165546,-29.16402222,3
-2.118952637,-9.448851246,-11.26238135,13.74182986,-6.712047191,-35.16424254,4
-2.314306869,-5.824624289,1.885457197,12.82317726,-3.421053971,-40.09284044,4
-1.049046564,-2.551088544,12.52130096,9.360106507,-3.326537182,-37.55893624,4
0.198908428,-1.889263863,21.31284721,4.775927817,-1.251352338,-26.60991114,4
1.608008572,-0.100288867,29.18135318,-2.352446582,1.044370373,-10.52451072,1
2.948218872,2.288962256,30.82895178,-9.651523576,4.669820572,6.403130351,1
0.54343753,4.84750849,24.98327594,-16.21860357,9.227489894,22.22871146,1
0.498602509,7.380050324,24.25625051,-17.25250476,8.595888028,26.36915433,1
3.012235582,15.21892281,16.39022412,-15.21452387,7.536019497,21.02366892,1
4.085191152,13.27396273,11.72000796,-9.533269785,13.00530291,13.69366846,1
5.107664352,6.76474211,4.458546716,-5.669785174,2.281062356,10.5880269,2
4.701604152,5.336905156,-0.437715678,-4.342674226,4.994017254,6.595797367,2
4.689045432,7.52714437,-5.120512528,-2.401609154,3.049071607,3.087989442,2
4.894861292,3.651081605,-8.569600744,-0.505455825,1.948985996,-0.550066852,2
4.777333532,0.755040047,-11.95358137,1.501694958,0.508255082,-4.478771628,3
4.571096482,-0.107196676,-15.6387914,3.557979207,-0.980735984,-8.704037729,3
4.352954342,-3.069992927,-19.333425,5.618474877,-2.583390605,-13.8557517,3
3.293687512,-5.321338387,-22.93752758,7.878609707,-4.952926957,-20.22824556,3
0.555973861,-9.276339396,-18.81766445,11.99928346,-11.93259456,-28.17715535,3
-3.020755826,-8.992263086,-5.81025143,15.80151694,-5.068169973,-36.9675439,4
-2.546451303,-5.926753134,6.809280568,15.15408172,-5.604523254,-39.51674311,4
-1.472210158,-3.92359789,17.39973769,10.84188502,-5.559581792,-31.27843113,4
0.115722227,-1.784622319,26.08577058,1.823011652,-2.492630483,-13.40642506,4
1.446294931,0.147545099,29.01275516,-5.772740339,-2.158051181,3.708840636,1
2.042538002,1.649439974,24.32989269,-9.981165134,0.71973216,19.70983123,1
1.683541752,-1.782368279,20.66666311,-14.67059611,5.072135995,30.03731306,1
3.492194742,8.038327128,12.47852051,-14.20141738,5.292210268,24.76246268,1
4.994845562,11.21846003,6.987108714,-10.33104673,14.71929204,14.2157728,1
6.627158602,5.961144989,0.627341847,-7.174589324,4.428846155,11.51125398,1
5.674144752,4.000009921,-5.332285447,-5.204623561,5.567982966,8.542232935,2
5.789501162,0.322285866,-8.772553418,-3.257112533,3.988994523,4.793461708,2
6.163084762,-4.801821065,-11.83536365,-1.220325751,2.043914935,1.115897638,2
5.855702002,-6.931973306,-14.98239094,0.727567799,1.146856599,-2.878055001,2
5.572304792,-6.325674659,-18.22305357,2.831767424,0.248595855,-7.008852274,3
5.596440442,-8.092370426,-21.79712465,5.005604317,-0.635391151,-12.38666223,3
4.134849112,-13.79120232,-24.39742439,8.450545457,-4.176321784,-20.31461703,3
1.651819792,-19.37879341,-23.38725897,13.17771398,-14.043234,-27.56947004,3
-1.536304859,-18.17772505,-12.78889388,15.98779872,-20.20905744,-32.32147032,4
-1.843600989,-16.12402537,1.36680112,17.02001428,-13.70036701,-37.07304632,4
-1.464808956,-12.89421803,13.26327382,13.49431502,-14.21216351,-34.63491211,4
0.536893861,-9.970548736,21.98465952,5.043345117,-10.36036248,-18.55604191,4
1.489869249,-5.903568569,27.47987951,-3.007436455,-8.479420461,-1.105514695,1
1.612895461,-2.32885682,26.2495749,-9.782066668,-4.956638114,15.20891049,1
1.592311588,-1.20267637,20.63249682,-14.34240204,-0.293786863,30.46119861,1
4.636746552,6.715150002,16.66062698,-10.50159572,4.863202172,19.22461243,1
3.499895732,3.332529119,11.35738851,-7.041475399,8.658256433,10.4183072,1
4.774554112,5.6934947,6.516138721,-3.819040965,14.01772134,4.655444955,1
4.882415802,6.919758472,0.0216310739,-0.553577405,4.088358547,3.278664942,2
4.929114362,8.386562328,-4.102972001,1.021592386,1.616759421,-0.247132073,2
5.080061012,3.953372152,-7.108189927,2.460932801,1.136430996,-4.135457815,2
5.228630992,-0.146992095,-10.41694454,3.968492107,-0.0889765455,-7.431884286,2
4.902612212,-1.623041843,-13.89821235,5.589002807,-1.506302788,-10.39598048,3
4.900808892,-4.271580125,-17.22734091,7.513793447,-3.328060561,-14.94332008,3
4.075585462,-8.084321686,-20.60944036,9.909318637,-5.253738319,-21.4844207,3
2.377732002,-13.85321634,-22.98655655,13.21878853,-9.86688896,-29.50552693,3
-0.362934006,-15.31908252,-17.96943176,17.16216433,-19.49643859,-36.8638581,4
-0.0884868484,-13.08740734,-4.941743002,15.4098861,-12.9675841,-39.79283342,4
1.603571184,-7.776908938,7.268087958,9.416575777,-12.50139122,-33.39571501,4
2.507963062,-5.084076484,16.95049971,2.000977013,-10.63354785,-18.89955876,4
4.355826702,-1.640699828,24.74538481,-5.997268393,-8.280334908,-1.426667167,1
5.163488362,0.0913627731,26.58393247,-12.00901714,-5.913432924,14.90866638,1
3.810550282,-0.250331932,22.21019491,-17.1584993,-4.092029956,30.18050165,1
4.305521252,3.814637442,19.86613186,-13.21531629,-0.503714313,23.68387128,1
4.273548992,9.27693655,11.13555085,-11.10887071,2.317525459,17.27293568,1
5.634930012,10.05632002,5.808561307,-8.76206743,11.05612287,8.078609262,1
5.189078862,7.38948444,-0.220164061,-6.655470968,8.606736997,5.32164347,2
4.804540332,9.80570688,-4.348893481,-4.897619202,7.048960075,2.13421344,2
4.256785522,6.121046677,-8.074714962,-3.132021389,5.376534084,-0.849675256,2
4.065563502,1.950586655,-11.49091472,-1.369612641,3.69626423,-4.216968715,2
3.478002322,1.756069631,-14.88388449,0.523428408,2.573415192,-8.343546924,3
3.204365292,-0.417572071,-18.62716896,2.50978814,0.534727907,-12.93559824,3
2.744397272,-3.984023539,-22.08055643,4.486036867,-1.074699234,-19.14646733,3
1.258876164,-8.288349746,-24.96191692,7.091099257,-4.200095594,-26.27819289,3
-0.648491737,-14.61666262,-25.01073273,11.21933315,-11.51388454,-33.91816253,4
-1.389097463,-10.99374926,-10.08616718,14.32529976,-2.529462392,-42.33429088,4
0.156667741,-5.609947049,2.502794003,10.26623909,-3.917542941,-40.0140736,4
1.667859002,-3.61251604,12.27043871,4.675850247,-2.55092604,-28.30469204,4
3.330508222,-1.215638185,21.02964002,-3.422034748,-0.933038414,-11.81291792,1
4.736893852,0.711275139,26.28354877,-10.43690037,0.86909722,5.19860383,1
3.836411942,4.323726168,21.83002637,-19.05838314,10.20912952,21.10260463,1
3.331321412,6.790530633,21.77320685,-21.992572,7.56504365,30.21685696,1
5.258201322,16.61983543,18.78505447,-17.78285113,8.773685597,19.42384176,1
1.870552292,13.83463839,12.34512912,-13.19303966,10.53892609,10.78735345,1
2.638353292,7.355473971,5.200425485,-9.43699572,0.837040769,7.168583711,2
2.448189832,2.763907704,-0.207065716,-7.404177787,1.989481891,4.009921788,2
2.510315502,4.151594179,-4.432015324,-5.402873582,0.165638209,0.80755582,2
2.374184722,0.934878051,-8.013347722,-3.488152546,-0.945902728,-2.65223242,2
2.288639882,-0.186922857,-11.4211251,-1.188468115,-1.860404671,-6.768922773,3
2.100382592,-1.726931467,-15.16136518,0.981862198,-3.321349282,-10.8922775,3
1.941766322,-5.411787385,-18.93625504,3.207590293,-5.061696162,-15.69241498,3
1.029543774,-8.696307996,-22.13060443,6.001683127,-7.471050172,-21.90212104,3
-1.470364305,-11.2553861,-20.2760978,9.833777277,-14.43380225,-29.61638811,3
-5.008054838,-9.020053576,-9.530104979,12.05292988,-14.3842557,-35.72226139,4
-4.157506299,-9.064593516,3.630621619,13.30555901,-11.95573588,-40.30259897,4
-3.125403551,-8.774931236,13.34123132,10.84125014,-12.91539785,-33.46002724,4
-1.179998586,-7.738704197,22.22890502,5.432969457,-11.00818329,-20.82232914,4
0.979492296,-4.317705428,27.89647494,-3.008256731,-7.676905701,-3.224257188,1
0.635563864,-2.049260391,25.88405607,-10.19609241,-3.964971598,13.22810696,1
0.749637218,-1.748925771,25.05914637,-15.78795214,-0.996869003,24.84631374,1
4.469318802,12.69590623,23.5448705,-12.1694358,5.77846282,12.37390183,1
4.783317102,16.28359671,17.02304906,-8.798917585,12.25375664,4.33348467,1
4.895575342,10.72085874,9.090499012,-5.568857997,4.456852517,2.04832986,1
3.954463582,9.645913011,2.940493023,-4.016853125,4.93255444,-0.550981259,2
3.982102842,10.74151775,-1.765543961,-2.243031744,3.330860049,-3.466844247,2
4.143046522,6.861821912,-5.537859444,-0.431708271,2.574030348,-7.02336379,2
4.314373732,5.779332062,-9.275184548,1.405238349,1.769615865,-10.441223,2
4.162119142,4.921792183,-13.11589457,3.555222471,-0.563441085,-13.88740154,3
4.187663382,0.912855128,-16.86401396,5.521026887,-2.008985649,-18.23227035,3
2.911169922,-3.939259464,-20.42920993,8.123775527,-5.19177195,-25.5392463,3
0.42585082,-9.129642156,-19.71017435,12.12666336,-13.51388224,-33.21590022,3
-2.878656761,-10.36907443,-9.110797398,14.79755303,-13.97920844,-40.00434837,4
-1.40131793,-8.364297966,4.801464554,13.74410664,-7.029721184,-44.24927984,4
0.0041785516,-3.555008758,16.81953659,10.50420161,-3.536251897,-42.51418078,4
0.743483239,-3.196380075,24.95971418,3.39081961,-5.353504806,-24.25887106,4
2.224914362,-1.688378227,29.16650707,-4.164945476,-8.057281947,-6.437065909,1
2.243958362,1.100797238,27.89096768,-10.13654366,-3.333630189,10.22446547,1
1.986091042,0.0188582471,22.85099139,-16.6889348,0.170044387,25.80126174,1
3.786967752,8.781526325,15.68293049,-15.69993022,-0.536968532,20.38297662,1
4.555668582,7.547233629,10.16369901,-12.35933902,4.885695446,10.89626991,1
5.296675532,8.131767336,4.745009001,-9.003279405,-1.396879898,6.716086057,1
4.377134192,5.313563266,-1.194109761,-6.955484844,-0.964261993,4.11041108,2
4.184037442,2.778177098,-5.118366932,-5.021638733,-1.602890599,0.367047859,2
4.287130862,-1.08822145,-8.298380523,-2.962857847,-2.413525133,-3.583615298,2
4.224070042,-2.895887196,-11.66475264,-0.943738155,-3.134131078,-7.08186861,3
3.718576622,-3.870113927,-15.45469665,1.09989392,-4.551390517,-10.65387122,3
3.266854552,-5.52249556,-19.12356597,3.422245786,-5.900719024,-16.51459805,3
2.038885352,-11.30817074,-22.237672,6.361806077,-9.330319578,-23.03833854,3
0.0340452946,-17.07976928,-23.3782821,9.585335797,-16.43925296,-30.30312385,4
-2.884842719,-17.41418496,-15.57446917,11.63042482,-17.40454581,-36.46760249,4
-1.928145092,-11.4241343,-2.536306161,6.994303087,-18.36808883,-34.40565143,4
-1.334735923,-8.615545096,7.678117546,1.435633453,-16.29214589,-23.2362418,4
0.0579818006,-6.041464108,16.47900471,-6.203443945,-13.19552207,-6.258854688,1
1.217970062,-4.417277482,21.24239748,-11.77808012,-12.63849357,10.3910744,1
-0.0271099474,-4.69839574,17.35648702,-17.32208015,-8.727715762,25.95702373,1
0.735093378,-3.773092775,16.21056932,-17.05380121,-4.047836115,26.35495188,1
4.634039062,8.881271142,10.45383386,-14.03236577,-1.020694515,17.28212058,1
6.086689612,7.510844541,6.505377565,-10.88179965,5.07222515,8.316177372,1
6.161279882,2.025524143,-0.947567562,-7.290134816,-4.551910171,6.375229701,2
5.728348172,-0.432390956,-5.951818566,-5.856538944,-1.766629321,3.281629475,2
5.867991212,3.502870187,-9.7724618,-4.035465335,-3.718463542,0.525532786,2
5.826682852,0.254379594,-12.68176027,-2.310599465,-4.49468018,-2.604460311,2
5.713558022,-1.312869528,-15.37284238,-0.482956122,-4.989890587,-6.242456615,3
5.378320212,-1.682352148,-18.27267708,1.585811418,-5.814462245,-10.02358381,3
5.162758742,-4.628032538,-21.34581868,3.721059249,-7.201265515,-14.54003369,3
4.454591742,-8.851688056,-24.23527724,6.057040027,-8.847462697,-20.3191185,3
2.811536252,-14.05405038,-26.38776056,9.118120407,-11.96153832,-27.5880829,3
-0.0939661964,-15.8833441,-21.0275104,13.36373287,-20.08828106,-35.08714224,4
-1.46374006,-12.34585091,-6.39256825,14.87027304,-16.45642392,-43.15695742,4
-0.441609829,-8.637822036,4.677901332,11.88686225,-14.91024991,-41.79099633,4
0.784679894,-7.563831067,14.26370435,5.861648427,-11.25439936,-31.22408439,4
1.995704742,-4.60373563,21.10151948,-1.939417826,-9.52784171,-12.94881483,1
2.875063792,-1.62376484,22.59664937,-8.995673696,-7.181049731,4.136658537,1
1.162982096,-0.534548119,17.18758965,-14.45210237,-1.735113611,20.1097964,1
0.99535905,2.50783045,17.93617465,-16.12801455,0.407329576,24.92810822,1
-0.35692087,5.846359344,11.1620979,-11.76514912,1.230615524,16.24271667,1
1.229927108,3.477948313,5.895964912,-7.344094405,7.471015106,8.973636608,1
1.947544982,-2.056744711,-0.822414094,-4.137224295,-2.002824221,6.019820008,2
1.143227992,-4.48482215,-6.583348108,-2.881080534,0.48686041,3.042739044,2
1.301736334,-6.950523548,-10.54516701,-1.356539678,-0.903880225,0.264942214,2
1.633706111,-11.23059808,-13.59191378,0.521245811,-3.397164157,-3.016965178,2
1.761772402,-13.7602839,-16.2143037,2.411386797,-4.459539393,-6.975799458,3
1.539271038,-14.60833842,-19.52675553,4.346358147,-6.005582654,-11.07724166,3
1.413211829,-16.98418109,-22.51427775,6.430529577,-7.279111999,-16.15094279,3
-0.221081905,-19.73384101,-25.18014325,9.550244027,-9.91067156,-24.2828489,3
-2.399163641,-24.57989393,-23.99434652,13.76027286,-17.35335723,-32.1967683,3
-5.201859571,-21.38717677,-13.28046158,15.65624231,-19.02555448,-38.52903214,4
-4.189185219,-18.08293725,-0.548110217,15.00982108,-14.42278421,-42.99865953,4
-2.595729791,-14.72410646,9.19563706,7.727777527,-11.52286614,-30.68171011,4
-1.134327157,-10.99684381,16.52880737,-0.636352575,-8.561405314,-12.90120384,4
-0.250865547,-7.653305801,21.22935313,-7.722309126,-7.83867736,4.181169852,1
-0.245478244,-6.968256259,19.24866031,-13.32869436,-5.949054074,20.15140984,1
-0.121729094,-5.44615426,18.65010651,-15.40855086,-4.428819004,25.64402187,1
3.010951912,5.957650325,14.70944757,-11.37366076,0.517063758,15.08017195,1
2.190550172,2.526991575,9.898814161,-7.776299103,5.450396391,7.596702455,1
3.674628752,0.714928397,5.473395316,-2.980145678,1.390569405,1.793524312,1
3.340506812,-1.206652979,0.426622137,-1.708932179,3.660323382,-1.532765846,2
3.346029032,0.881601322,-4.093399637,-0.140997069,1.666606197,-3.985359448,2
3.111283052,-1.033446468,-8.045464499,1.392410862,0.310321199,-6.704948902,2
3.144146332,-3.776994278,-11.19783121,2.963078231,-0.117735208,-10.15247894,2
3.023374942,-4.534414842,-14.74697262,4.904352127,-1.66878971,-13.94230124,3
2.934804842,-7.070399944,-18.3119127,6.900538457,-3.094525537,-18.70678883,3
2.140718922,-9.240116176,-21.36958556,9.394103637,-5.331940506,-24.65517819,3
0.673141458,-14.28258304,-23.7871168,12.36111021,-9.4353472,-31.07113256,3
-1.585509686,-17.70682045,-21.24808937,16.24806903,-17.99179618,-38.10153533,4
-1.428659791,-14.19167568,-6.805416048,16.30370512,-13.97091465,-41.11632901,4
-0.166917915,-12.15062186,4.457334535,12.24250188,-14.995082,-34.91467748,4
0.936186681,-11.21549496,14.04706656,7.419506597,-11.38139225,-23.14638071,4
2.845649672,-9.055775216,22.06624334,0.400656145,-6.448280935,-6.43263402,1
2.891833152,-5.993580945,21.83758292,-5.721156934,-5.428012275,10.22860883,1
0.969050029,-3.972167181,17.23790081,-11.91181423,1.121715378,25.80513534,1
0.266186742,-0.434784154,17.07572962,-13.98705798,3.398045355,28.73820218,1
3.223607782,10.50268844,11.69033195,-13.04779367,4.804463858,22.1392729,1
3.919213812,7.878317995,6.979397999,-8.147359271,8.32717404,13.94439689,1
3.949147972,8.413481229,0.504897486,-5.388872287,4.21565741,10.78517897,2
3.915045122,5.54912091,-4.325694143,-3.632518397,4.116976156,7.61557245,2
3.835478802,7.895913937,-8.625230588,-2.31833601,2.718881037,4.6036434,2
3.243525572,5.557484429,-12.37911192,-0.91487208,1.289121509,1.44110313,2
3.096912672,4.087048869,-15.38891433,0.85120921,0.0383753125,-2.802506213,3
2.604700542,3.234878843,-18.6959945,2.516715706,-1.0852452,-7.034086165,3
2.377488282,-0.0234831929,-22.09324378,4.367343667,-2.58622511,-12.1981601,3
1.742372222,-2.684765619,-25.35425459,6.235572127,-4.124588834,-18.36763251,3
-0.518338368,-6.773172183,-26.07142498,9.263670997,-10.28298983,-26.4034033,3
-3.285531552,-7.420962406,-15.93607921,12.16565688,-9.92153977,-32.77408627,4
-1.418611848,-6.878195962,-1.473664727,11.2562391,-9.151984648,-35.30622111,4
-0.140139447,-4.259271335,11.06569649,8.558780927,-10.95281383,-29.94625792,4
1.627303664,-2.865851826,20.11890167,1.341582629,-5.455531955,-15.24850248,4
3.366602302,-1.417615058,25.19716165,-5.615852361,-5.274259067,1.986690131,1
3.420096142,0.774774132,23.84774728,-10.29195687,-4.293171219,18.0997999,1
1.667066812,1.301530976,18.1660043,-15.47921771,0.846536098,33.16387908,1
5.514774542,15.147421,14.03533184,-12.08445047,10.76918251,20.1857218,1
4.699249932,12.89319819,8.643234114,-7.988811552,11.1895665,11.80113208,1
5.156231062,10.25773686,4.063127001,-4.463302776,8.809475638,6.484187272,1
4.114703022,7.844518997,-1.830604991,-2.538722846,8.083892131,4.048085243,2
4.270490822,7.363636673,-5.570372523,-0.855670146,6.214447648,0.944562571,2
4.254706942,3.460469332,-8.832717375,0.724762686,4.194020541,-2.23853979,2
3.953848362,0.195367701,-12.10072364,2.165049852,2.943894767,-5.855158856,2
3.394918632,-0.248465589,-15.54190916,3.862242317,1.364382045,-9.861176311,3
3.064105822,-3.974938205,-18.74813165,5.750440637,-0.0795152625,-15.61059152,3
1.674496122,-7.855172815,-21.57673586,8.413752697,-3.327816774,-22.45296351,3
-0.469540042,-14.21168731,-21.93187109,11.9621512,-10.06658547,-29.91083125,3
-3.425181304,-14.48397768,-13.39769463,14.64971176,-12.54597451,-36.57371329,4
-1.979316673,-7.794102986,-1.246803476,11.4650903,-11.61648527,-37.68376836,4
-0.50986468,-3.951271601,9.733531131,6.562570937,-11.26557336,-30.82989926,4
0.995050084,-1.641614529,18.56054144,-0.602151815,-8.734122233,-17.90795462,4
2.210757062,-0.0197609699,24.6780369,-7.499103409,-7.096145908,-1.328125151,1
2.370296972,1.514881263,22.02131521,-12.66603156,-5.005021711,15.0007929,1
0.852506942,0.304655781,16.34771527,-16.75499003,-4.689166144,27.87251045,1
0.614200039,4.867451418,12.84752424,-12.68310508,1.169722794,17.35729173,1
-2.605712313,7.258623969,6.835383395,-8.966717175,1.46305967,9.703220509,1
-1.637881622,4.140134007,1.503243788,-5.690963759,-2.87411359,4.085757756,1
-2.313577238,2.883666681,-4.277970026,-3.799706809,-1.736360829,0.648479963,2
-2.51960575,3.416176981,-8.846350884,-1.932734197,-3.551584855,-2.30672993,2
-2.549301585,1.693745624,-12.64246078,-0.361652868,-4.333202232,-5.305478398,2
-2.480206549,0.25034473,-16.00367347,1.208969122,-5.526862468,-8.526725065,2
-2.498559686,-1.155212459,-19.27321378,2.722040561,-6.556383715,-12.08314094,3
-2.440715445,-2.75784784,-22.43966529,4.418733397,-7.648022235,-16.302089,3
-2.254513476,-6.244953294,-25.49732186,6.132121037,-8.953699424,-21.38878833,3
-3.049009509,-10.04942275,-28.42098065,8.447228907,-11.04012905,-28.08693704,3
-5.067816644,-14.34381286,-24.78007702,12.23385337,-18.20761995,-35.74177023,4
-6.560806955,-9.805353756,-9.261567333,16.16684675,-14.17964127,-45.36140383,4
-5.95636484,-7.476173055,2.459112156,14.24690973,-17.12786731,-41.91477313,4
-4.123185607,-6.592052515,13.54686338,9.543758647,-14.35929769,-31.56232682,4
-1.498396325,-3.442400876,21.32641093,1.399160254,-10.08714227,-13.26503627,1
-0.147674397,-1.106268764,24.49023396,-5.532220957,-8.742548433,3.841024433,1
-0.891579801,0.55325054,20.83991065,-11.29162087,-4.313036035,19.83340931,1
-0.814180304,-0.00279267586,20.64241247,-14.25313105,-2.273463785,28.86439195,1
-0.377734797,6.303090076,11.51906235,-11.59880531,1.887372796,20.17307144,1
1.607832553,3.578608541,5.897890305,-7.679325178,8.281710071,10.74076028,1
2.536782262,-4.791871689,-0.819123936,-4.335394501,-1.797245251,7.298870825,2
1.531680811,-4.672596336,-6.258903777,-3.23423545,2.488553007,3.249577925,2
1.830798852,-4.601816145,-10.44450115,-1.569976975,1.195481609,0.546231874,2
2.217234712,-6.654589162,-14.25925103,0.0311315292,-0.565245122,-2.07946275,2
2.297376752,-8.550372946,-17.5584173,1.715755828,-1.820930783,-5.23456829,3
2.239680872,-9.445551626,-20.80720359,3.521175359,-3.27351779,-8.847364985,3
2.320845102,-10.13194871,-23.78636582,5.499130497,-4.287318507,-13.39022437,3
1.214566412,-12.96661271,-27.03201805,8.013401007,-7.589003337,-20.03988857,3
-0.771376421,-17.46496896,-28.96318217,10.78369807,-13.54768519,-27.22620081,3
-3.319936686,-19.39306935,-23.08160711,13.99253215,-18.44738308,-34.53474016,4
-3.995895397,-14.16974486,-8.160942862,16.21312702,-11.50998931,-41.92526328,4
-2.779605686,-10.88636856,2.753454141,12.73598585,-12.90398283,-33.69902643,4
-0.969962427,-9.430052796,11.86204307,5.457437177,-9.187517056,-19.38478572,4
0.389072915,-6.387201567,18.90886713,-2.756400782,-6.165507287,-1.880303829,1
0.932949433,-3.527551471,18.98560284,-10.11709553,-3.733633601,14.48456336,1
1.09074333,-5.807719197,18.90783442,-13.28024195,-3.087788532,23.55979447,1
4.749474472,4.856685319,16.46634112,-9.703295177,5.947583041,10.83934114,1
3.159243162,4.282234299,11.54480356,-5.637012931,8.028938214,2.495008798,1
4.658238542,4.220529477,6.496147062,-1.832979075,7.700374591,-2.88910439,1
4.254119032,0.212047358,0.817537768,-0.436278636,8.609136581,-5.486349521,2
4.356623492,3.053330901,-3.526768566,0.910220626,7.258826282,-8.139510706,2
4.227446952,0.617411562,-7.296179697,2.262934491,6.04361382,-10.60901252,2
4.258672182,-2.631474989,-10.78492038,3.583212049,4.538961366,-13.35533692,2
4.124448452,-3.911005172,-14.01225683,5.101152807,2.708081667,-16.14340134,3
4.098801032,-5.861231366,-17.12633778,7.005053737,1.676389521,-20.90515576,3
3.431589902,-10.34484369,-19.85240798,9.241475027,-0.0143184235,-27.01341255,3
1.607776819,-14.13769975,-22.05032566,12.12553445,-3.670685989,-33.34934843,3
-0.882092925,-19.73154134,-21.60175466,15.4238365,-11.53303177,-39.81121712,4
-1.561793346,-16.7874169,-7.557759118,16.13166354,-3.575543178,-47.16866046,4
-0.452316461,-12.93228131,4.865102053,12.19590316,-4.796675139,-45.50724811,4
0.0728256156,-11.63234733,14.81869714,7.297462197,-4.119371245,-34.37106386,4
1.106677728,-9.855767396,23.00668462,0.33523447,-3.452386692,-18.04065368,1
2.176039772,-8.201307396,25.58328426,-5.184286116,-3.411461014,-0.623680386,1
1.469598935,-7.35789444,22.9043834,-10.55705281,0.33271902,15.65937538,1
0.470397275,-6.291732878,19.33793406,-15.73152515,3.682635605,27.61798865,1
0.698041675,1.878436123,16.22570273,-12.56918104,6.773232117,22.28358612,1
1.106567392,-0.636461453,11.90346054,-8.985876526,8.699009494,13.97749013,1
2.429256362,-1.693711221,6.585584822,-4.404030741,8.181783469,7.856250373,2
2.270587372,-2.114395382,0.0438392829,-1.731794438,2.168906799,5.093892856,2
2.102876882,-3.645146556,-4.745311313,-0.5875507,4.139138378,1.506541354,2
2.049399772,-1.846661114,-8.850139221,0.864164435,2.278161114,-1.617780736,2
2.073413342,-4.218877118,-12.34996608,2.257129653,0.856729369,-5.138219825,3
1.786416072,-5.209293,-15.62690667,3.887232577,-0.481598649,-8.839245594,3
1.489294616,-5.877438592,-19.10078342,5.497635747,-1.641402148,-12.71704838,3
1.465333449,-7.905277801,-22.50346839,7.363306347,-2.978023937,-17.73018486,3
-0.0451970444,-12.09488164,-25.41789361,10.08254668,-6.62770644,-25.07034538,3
-2.323639879,-15.65111672,-21.91041529,13.78505688,-13.55446663,-33.25784079,4
-4.805910701,-13.09284763,-6.801256546,18.15151543,-9.70425786,-42.18783554,4
-3.370986024,-10.1542599,5.731795581,15.72884576,-11.76417475,-39.54436051,4
-1.322669176,-7.682657961,15.42233587,8.263893437,-5.446660094,-26.04861097,4
0.504376859,-5.418657912,23.15726838,-0.114775131,-4.106157755,-8.110286289,1
2.481688902,-4.267648944,25.30534176,-6.928221331,-4.759282925,8.66017871,1
2.015125942,-4.244094142,21.93077049,-13.20718671,1.838798154,24.33881656,1
2.641390962,3.888132477,19.99381945,-12.11901971,2.671707545,23.87848832,1
5.337384662,10.79552974,12.4986757,-11.39127615,-1.651766528,19.86241328,1
8.161344912,10.44389269,7.744055901,-9.098606082,7.327366931,9.649638188,1
8.865792752,5.788348181,1.904729682,-5.625021401,0.0160974915,5.644989276,2
7.488879482,5.01019088,-4.474827126,-3.46039927,-2.872356949,3.113517511,2
7.283930012,7.567904199,-8.483022446,-1.604589475,-4.450206828,-0.579844946,2
7.036692602,3.874458904,-11.63720133,-0.0518915018,-4.425281878,-4.374487415,2
6.867142842,1.768537258,-15.01915712,1.513464894,-5.607483586,-7.616609044,3
6.121525732,0.572593447,-18.09401005,3.326590649,-6.678446367,-11.47367608,3
5.853108132,-2.830334156,-21.38441964,5.448840987,-8.497758758,-16.46991032,3
4.758759922,-7.909131518,-24.63644356,7.690217357,-10.68837783,-22.67866873,3
2.317564492,-11.12245841,-27.22375187,10.07375992,-14.43312403,-29.76868461,3
-0.621840151,-10.76140543,-21.64218219,13.30397866,-20.06940804,-36.95888468,4
-0.390638475,-7.698436112,-8.083319318,11.24558096,-19.4974913,-40.83981804,4
0.640604526,-4.213003737,3.549723798,7.398943737,-16.34715822,-36.92015161,4
1.448743824,-2.511162172,13.26212335,1.519384026,-13.58669935,-25.14049942,4
2.111385982,-1.820644426,21.52164795,-5.690528682,-12.85370184,-8.13996839,1
3.313522772,-2.242998814,21.13671469,-10.44770148,-9.64168529,8.632429038,1
3.075926032,-1.365793711,16.8583335,-14.98407276,-5.380629697,24.31287351,1
1.657234572,1.511158635,13.3626487,-16.21457611,-3.843757241,30.73658392,1
2.493064332,7.514827645,8.423133971,-11.64838642,1.411729323,19.85459803,1
2.106227062,11.42592018,2.882323647,-6.766540279,8.121148443,10.71273183,1
3.152734232,1.855120207,-3.209707903,-2.716612722,-2.352168527,6.372637012,2
1.942625562,0.127528495,-8.227616686,-1.705941949,1.916113368,2.156154732,2
2.011836882,5.363467413,-12.46783022,-0.163036785,-0.0862380005,-0.443719065,2
1.912132792,3.645886259,-16.02170955,1.540189145,-1.614507832,-3.714755736,2
1.969918272,2.191621933,-19.0645714,3.332203531,-3.066129377,-7.2452011,3
1.863505852,1.071448264,-22.32656278,5.147124527,-4.619442934,-10.86518132,3
1.974127692,-2.014772988,-25.35035625,6.987434447,-5.678238651,-15.89656075,3
0.876017296,-9.330680306,-27.94383664,9.811611867,-9.073646477,-23.31536799,3
-0.489354605,-14.99309984,-26.34317031,14.48891231,-16.7402025,-31.46959825,3
-3.599671344,-14.57476048,-13.34947475,16.52668904,-17.31983042,-36.0382161,4
-3.069795615,-10.23832598,-1.046254131,14.03645217,-15.13232612,-37.9252121,4
-1.241259784,-8.282294916,8.991688121,8.113186607,-13.63758702,-26.39553419,4
0.0847741986,-5.911207369,17.23766979,-0.11808293,-10.96213874,-9.44988915,4
1.930955102,-2.411497519,20.08803174,-8.347420798,-6.1606307,7.407789578,1
2.198118262,-1.203940893,18.07932239,-16.30375162,0.324041345,23.16796318,1
2.751871672,2.068779155,16.53318758,-17.92368542,0.615314489,29.09649096,1
6.566703692,11.06853105,12.36924408,-13.86114685,4.867724694,17.20270146,1
4.051513662,5.006380201,6.909781906,-9.38062328,8.633675608,9.073413557,1
5.257973572,3.858919528,2.383918521,-4.861491393,6.676780572,2.834845599,1
4.597251872,0.0200111031,-2.87249219,-2.941286753,7.899542074,-0.263699218,2
4.541816382,1.598754314,-7.176734464,-1.208183607,6.460325472,-3.090977104,2
4.189979932,0.610062702,-10.75024086,0.420034588,5.127225502,-6.031217232,2
4.143178152,-1.834676113,-14.29325618,2.133480564,3.679750219,-9.121272069,2
3.989651482,-3.276846522,-17.76057853,4.278273037,2.324524786,-13.36913736,3
3.859531072,-5.821688872,-21.07964977,6.601322027,0.295584134,-18.37558292,3
2.943650162,-9.762493076,-24.15531686,9.289704437,-2.805277853,-24.73346206,3
0.897290835,-14.96317601,-25.97027923,12.37675665,-9.71118305,-31.39018898,3
-1.7579198,-11.21935552,-11.0011246,14.95437487,-5.091451927,-39.38130967,4
-0.684848098,-7.849906853,1.045397214,13.92995846,-7.01607109,-39.91320105,4
0.728640803,-7.177389738,11.97584108,10.0406807,-4.4404086,-30.9745521,4
2.896491642,-4.925919834,20.8729345,2.654485567,-1.159224424,-14.99639921,4
4.152319622,-2.108257793,23.55765444,-5.085799219,0.21656249,2.222380436,1
3.608284082,2.738785147,20.79456368,-11.86717709,3.178663872,18.32014578,1
2.354609462,2.452719981,15.72386113,-18.54481866,8.204949328,33.36987952,1
3.641742582,11.84570165,14.59582062,-15.29617497,11.0314234,28.2674822,1
2.894019272,17.02604712,5.162297319,-13.43324302,11.32893617,21.88943691,1
4.056627602,12.81170804,0.670232897,-8.438175508,7.794865876,16.11637039,1
3.768664812,9.586499024,-5.008568016,-5.944373943,6.560152869,12.50183014,2
3.622135832,10.98846544,-8.934330864,-3.851844535,5.254329686,8.538982709,2
3.814958862,7.382271504,-11.99107906,-2.044062417,4.671290731,4.661776394,2
3.698198492,4.062513182,-15.12101475,-0.0827733138,3.119884956,0.834833277,2
3.530925182,1.854444747,-18.02681367,2.155642576,1.194631824,-3.341489871,3
3.526533912,-0.849625754,-20.9306909,4.436082897,-0.790550412,-8.079885303,3
3.289473702,-5.740477458,-23.88293878,6.609283597,-2.660893468,-13.808676,3
1.807208872,-9.775975826,-26.64149292,9.135221717,-5.514142147,-20.76885691,3
-0.824788125,-11.78196543,-24.19131178,12.67787613,-12.84221897,-28.04331084,4
-3.618223753,-9.966835826,-10.30605412,14.98654412,-7.765821324,-36.47435454,4
-2.649542752,-6.554755069,1.326660325,11.85002892,-8.94909036,-34.828203,4
-1.427028892,-3.830227921,11.82553392,6.394450637,-6.059328925,-26.2191185,4
0.239421685,-1.078932935,20.04596614,-2.527597908,-3.5240993,-8.834447079,1
0.873010687,0.940408204,22.32109905,-10.86083663,-1.304425414,7.983163806,1
-0.898967172,6.411514383,19.38718028,-17.79820696,-0.228632759,23.70587815,1
-0.449551107,3.62881332,14.73443968,-21.40303441,-0.862999829,37.3440156,1
-0.494310129,11.75363022,6.592266365,-19.67697545,-0.665808712,31.24974833,1
1.041381113,15.83579388,2.0811141,-16.52698039,7.32228256,20.83701914,1
2.171618652,13.72301964,-3.389034307,-12.90853066,1.678784071,15.3823122,2
1.842465022,11.57295552,-9.250098141,-10.56824166,2.084016907,12.81890706,2
2.211750092,11.46376099,-12.72686624,-8.482636527,0.854038693,9.491067688,2
2.383642992,6.377733759,-15.61021697,-6.388271717,-1.068736375,5.801719476,2
2.617857342,3.194900603,-18.41959509,-4.225119463,-2.302073471,1.548397206,3
2.409656742,1.963215713,-21.27157522,-1.819837592,-2.860062146,-3.260494267,3
2.797646272,-0.569619002,-24.05410862,0.806346491,-4.092012117,-8.701537194,3
1.63648398,-5.025208306,-26.86311035,3.802963907,-6.261506321,-16.28578017,3
-0.472294877,-8.521161336,-27.33303634,7.693267217,-12.17498684,-24.39847699,3
-3.371132375,-8.939417836,-18.30268025,11.61143082,-15.79711992,-31.14605488,4
-3.861963866,-9.116860776,-3.426413272,13.43917929,-11.92955177,-37.38430189,4
-2.609193467,-7.733527382,6.811687447,8.616258057,-10.0219482,-27.9799757,4
-0.688455232,-6.130807311,15.93720372,0.983549001,-6.42804649,-12.06018822,4
1.290519223,-3.659881873,21.83756251,-6.968325818,-5.146338034,4.96743185,1
2.237643832,-1.990573909,20.3422903,-13.83923656,-0.447791375,20.88648291,1
1.476031656,2.402269189,20.60534932,-15.41348783,1.410669505,25.77542531,1
5.702248432,10.51355862,15.41583519,-12.20628416,6.680705452,16.56697343,1
3.541857972,5.743706675,9.830049521,-8.061486816,9.638700002,8.354401022,1
3.944053332,5.770138194,4.420167143,-4.843674257,4.811975153,4.062045122,1
3.823855432,3.807034008,-0.692146945,-2.946981329,5.035575936,0.815059162,2
4.037321642,3.833884528,-4.6595148,-1.058535366,3.881163127,-2.905987898,2
4.305435652,0.398937338,-8.117257557,0.756635433,2.926083745,-6.51143916,2
4.346484662,-2.453759198,-11.86894397,2.457107988,1.270244557,-9.447543321,3
4.306878462,-3.647505167,-15.63019641,4.632985037,0.399713529,-14.07451153,3
4.672182142,-7.008144881,-19.23945955,7.114734957,-1.67577395,-19.84565746,3
3.009993552,-11.11707831,-22.07481929,10.03691954,-3.432357558,-27.54082362,3
1.013952585,-13.9640989,-20.75492254,14.4581527,-12.31108083,-34.97441439,4
0.684668627,-13.17863129,-6.010570426,15.28050714,-7.675567494,-39.54184846,4
2.193273972,-9.785933726,6.444182649,11.44188384,-7.094454481,-35.28647252,4
3.030961532,-8.638189326,16.5254443,5.442163027,-4.424281938,-23.73685928,4
4.322738452,-6.304529619,25.0712053,-2.488055168,-2.522505085,-6.249546017,1
4.477399912,-4.559901614,25.17590056,-9.833437775,2.595305099,10.39977704,1
3.246615092,-1.448177445,20.54017752,-17.74716359,8.351480227,25.96515979,1
3.203115762,1.63977445,19.53021172,-19.40574558,7.881218368,32.14867914,1
5.115990652,9.710801789,14.64464177,-15.00333309,10.4535939,21.41913902,1
1.901016202,8.668335718,7.986509858,-11.49301984,14.0267481,12.91053863,1
2.805911382,3.908843588,1.458363095,-7.96189651,4.205576101,9.545441227,2
2.515928922,0.560906745,-3.594242249,-6.098129372,5.596673891,5.914144537,2
2.434070282,3.905985784,-7.754638039,-4.425736698,4.283541745,2.560486939,2
2.138990622,1.973348604,-11.48522901,-2.848812711,3.754267728,-0.588244622,2
2.137303232,0.163553924,-14.76581682,-0.884801548,2.486081389,-4.227368161,3
2.301128592,-1.507553955,-18.10303242,1.273209387,0.730738202,-8.423801486,3
2.531277572,-4.376200879,-21.30146083,3.531130219,-0.549220023,-13.7874751,3
2.208510972,-7.976991877,-24.46103476,6.117894747,-2.41838671,-20.30994872,3
-0.0279096014,-10.63157758,-24.33036689,9.946396677,-10.68164394,-28.31860771,3
-3.037634819,-9.850481096,-14.50904022,12.7696616,-14.34288534,-34.58993487,4
-3.180132888,-10.42806249,-0.0848943291,13.14861406,-9.54529073,-37.51197999,4
-1.442761304,-7.242750634,12.07099598,9.355901977,-10.43041803,-30.63502235,4
0.0598073346,-5.569164161,21.20528006,1.644739996,-5.083375348,-14.40131595,4
1.816219902,-3.139274381,27.41334916,-6.429653971,-0.949211483,2.778721292,1
1.647294896,-1.251533804,26.75312337,-13.37537092,0.701488534,18.84026653,1
0.602748523,-0.734416902,22.07183767,-18.9668758,2.311776329,33.85613825,1
-0.221801684,4.331140603,21.6168121,-21.58813733,6.180055139,39.35704219,1
0.441814881,7.357249314,11.66857517,-18.07231886,1.073353117,36.200861,1
3.299884952,9.687156838,6.346619953,-14.6627086,7.064710932,26.77957946,1
4.845354962,8.378505956,1.104415411,-10.79409511,1.316785319,22.12560964,2
4.126559822,4.823021971,-4.533610545,-8.246254437,0.507299286,18.29965022,2
4.143491602,2.267418021,-7.907659701,-6.070918244,-0.848015808,13.97473841,2
4.330684412,-1.846863224,-11.06105079,-4.000449302,-2.689285653,9.955734944,2
4.061635582,-4.387449192,-14.24805826,-1.801522669,-4.218952885,5.822876087,3
3.809606242,-5.601335265,-17.28767962,0.571639413,-5.76675158,1.069484239,3
3.359905052,-10.56976437,-20.5128655,3.281540368,-6.717076758,-6.416762405,3
1.685796912,-14.24515915,-23.35621829,7.090058177,-9.53970253,-14.86500948,3
-0.801204977,-16.48868081,-19.08144337,12.27584558,-18.46983386,-22.80993077,4
-3.512729463,-16.06536009,-7.53356232,15.24199997,-16.58495563,-30.12584587,4
-0.7871158,-13.00179476,5.018357052,10.68715097,-16.6049697,-23.75459161,4
0.622103637,-9.825252616,14.70766145,4.057570167,-13.7601743,-11.75918862,4
2.406480062,-6.44772149,22.64508772,-3.930523467,-9.82355742,4.879783028,1
4.132303982,-3.187760407,26.00568476,-11.60220812,-6.028988462,20.80454039,1
2.876302622,-1.236761837,20.92900582,-16.33710087,-3.711800964,35.6925297,1
3.245335782,2.048525804,19.84703538,-17.23166047,1.993553755,35.04735062,1
5.922871782,12.66637226,16.00180156,-13.15953802,8.260278802,21.9838244,1
3.504732192,10.80762429,10.13199788,-9.878041986,8.469487022,13.15633198,1
3.969445942,11.44414024,4.761068633,-6.103869977,14.76064325,5.193622048,2
2.815937822,9.09126996,-1.333571048,-4.35560435,13.91881507,2.628951293,2
2.629610732,9.394479713,-6.326102663,-2.880600524,11.65061799,0.221813888,2
2.310376342,6.90583656,-10.0170769,-1.336719409,9.553435141,-2.627635522,2
2.295544212,3.284800243,-13.32966925,0.385300327,7.479042103,-5.894077521,3
2.256345742,2.345782441,-16.68587823,2.531154501,5.896335153,-10.08531584,3
1.909258392,-0.916287181,-20.34015762,4.562636597,4.435047119,-15.48535921,3
1.200814626,-2.053666792,-23.42870264,7.305266477,1.643350604,-22.12726809,3
-0.963046843,-10.08527793,-24.48829474,10.84834601,-5.468732338,-29.09721695,3
-4.087227727,-4.167058073,-8.792085971,14.21241366,0.134939098,-38.23599748,4
-2.617632625,0.327250078,3.377349011,12.02086396,-0.199742818,-39.58751151,4
-0.563724631,0.926355971,13.41439197,6.497042487,1.198017759,-30.62188589,4
1.638097341,2.301551091,22.14183382,-1.294726616,1.516334606,-15.90646964,4
3.217747552,6.153195236,24.86662935,-8.797272744,2.323547413,1.371559378,1
1.300568131,7.273534665,21.68155262,-15.48503643,4.014993636,17.52471672,1
1.836263162,4.038341603,22.62482988,-17.24022838,5.165179398,24.77282755,1
4.810674982,12.59495556,16.98495431,-13.73329554,11.80308675,15.13493042,1
5.634421022,12.15547402,11.36506108,-8.865718147,13.04228165,8.324408634,1
6.119925582,9.448335617,4.326880621,-5.674522932,5.724522602,5.877279004,1
5.827770312,7.450408066,-0.729689588,-3.917950094,6.432605127,2.580659096,2
5.749840772,7.164560538,-4.917137267,-2.208682241,4.949814728,-0.420374145,2
5.646685742,3.255975784,-8.932795846,-0.419463279,2.502100781,-3.598556646,2
5.454879102,1.291647862,-12.38849839,1.595996782,1.158476829,-7.633769134,3
5.301388552,-0.395782515,-16.25152624,3.781742157,-0.00876134348,-12.60879618,3
4.674099842,-4.334691487,-19.81586787,6.143077837,-1.791918031,-18.95617709,3
1.972678762,-9.565391726,-20.97109636,9.402702707,-9.259509136,-26.02975918,3
-1.881555418,-7.558300765,-10.61646026,12.00258088,-7.217779137,-34.46920726,4
-1.05623779,-6.006228401,1.619098318,10.12527044,-6.970453741,-37.69663877,4
0.752469042,-3.65070193,12.91849684,5.121230897,-4.169276659,-31.31578867,4
1.914927002,-2.199548571,21.79842623,-2.646035547,-3.960482347,-13.03454878,4
3.923589282,-0.776809528,27.13341402,-9.10643481,-4.233674581,4.056506226,1
4.048109312,0.238392068,25.48906173,-13.68393454,-0.484642144,20.03486234,1
3.206874612,-2.528849791,24.22097794,-15.28568131,-3.651930617,29.93438159,1
0.921350972,4.532569199,14.82292505,-14.59764404,5.443017403,19.61026848,1
2.292854502,7.365260018,9.259349023,-8.828401415,11.98833054,12.31168822,1
3.271083742,-1.592983592,0.923277366,-5.324724468,-0.159320291,10.08727099,1
2.861409662,-3.077214576,-3.897796339,-4.416946003,4.002954245,6.455468303,2
2.921964972,-4.431536678,-8.177506998,-2.971724545,2.649038625,3.575691279,2
3.031228642,-8.790174426,-12.16567632,-1.424891109,0.578605849,-0.211835609,2
3.116987522,-10.0005468,-15.47945022,0.39972652,-0.940297318,-4.889737315,3
3.415216792,-11.14900688,-18.70811714,2.217312648,-1.815924472,-10.4253787,3
2.347958542,-14.91732407,-21.65704564,4.480823647,-4.638254124,-17.84672846,3
0.0110655556,-20.57961815,-23.09821407,7.474152337,-10.68920427,-25.79769969,3
-2.968414552,-20.42044171,-16.13319202,10.11961761,-15.25197041,-33.44560629,4
-4.819615284,-19.33384857,-2.244553714,11.53337951,-7.792951134,-40.40685425,4
-3.519895654,-15.93480479,9.068959488,6.608036127,-7.943790257,-31.9143937,4
-1.916369585,-13.02527383,18.10513577,-0.10565788,-5.073284448,-18.4728223,4
-0.0859372614,-10.54457744,25.32317683,-7.084603835,-3.599634815,-1.027713031,1
1.441545304,-9.342475116,26.72276988,-13.78850197,0.103648642,15.28164694,1
0.375624712,-6.19952731,24.06207095,-16.62967473,-4.442051109,26.29428961,1
2.127867522,0.617077047,20.01841668,-11.97933928,1.167298085,13.1325554,1
-1.287448435,-0.183526942,14.58995272,-8.38128845,3.921471239,3.329113191,1
0.295905772,-0.464111813,8.824483913,-3.303852181,6.671176536,-2.552861567,1
0.166851614,-1.557417529,2.773753002,-2.472506625,9.551808714,-4.838708201,2
0.396873413,1.343931255,-2.117627135,-0.859329986,6.643056537,-6.838149306,2
0.646192505,-0.115438285,-6.074146676,0.51272486,5.856853558,-9.370023433,2
0.765534355,-3.145249903,-10.10189927,2.059700477,3.503072858,-11.67696065,3
1.008236771,-3.933368845,-13.94243089,4.092570577,2.739998439,-16.47965617,3
1.136790585,-7.754221622,-17.74353099,6.402377597,0.716294569,-22.38131287,3
-0.102507596,-11.64520582,-20.94251599,9.197092727,-2.139762875,-30.24468661,3
-2.526230887,-15.78305303,-20.22731495,12.97463436,-11.35198555,-37.56880315,4
-2.696559723,-18.35908178,-5.322107074,13.85482901,-8.003788758,-40.65702293,4
-1.274289535,-16.03032117,6.566780232,10.83570326,-9.68813871,-34.59951637,4
0.213337246,-13.66641136,16.87003486,4.422452027,-7.433232036,-21.73812446,4
2.376490182,-11.03271225,25.89900765,-3.51836807,-3.069590082,-4.080430418,1
2.447754142,-8.645977136,25.50575492,-9.319471234,-0.972390546,12.42767417,1
0.908033344,-5.969580411,21.83799409,-15.58382061,2.373583848,27.86103237,1
1.593460372,2.85513443,20.2239812,-14.34837542,7.083231276,25.84667998,1
2.286417312,8.844817411,11.28085796,-12.65642435,8.67490862,20.42792147,1
3.656966182,8.595344599,6.351706729,-8.337283034,12.97481025,13.35227677,1
4.414759142,5.772291692,-0.336738324,-5.157145994,5.905326217,10.6905641,2
4.296698892,4.140846493,-5.140848161,-3.058250583,5.617664329,7.514203065,2
4.528058152,6.090565965,-8.815606798,-1.356275623,3.932126705,4.096111419,2
4.510903422,2.979576104,-12.15128556,0.290027971,2.268904457,0.834489966,2
4.372179322,1.78724171,-15.41880934,2.096377832,1.70141519,-3.558374374,3
4.927443442,-0.931328397,-18.7497719,4.377199597,-0.219406501,-8.626369839,3
5.056147132,-4.972958489,-22.15395086,6.459363117,-1.614830166,-14.90718457,3
4.079746222,-7.718811152,-25.67923028,8.603657857,-4.251569746,-21.31652731,3
1.523314987,-10.85015467,-22.4825634,12.87233317,-11.79496233,-29.92325221,3
-2.102484887,-13.13638804,-10.32582507,16.52136663,-11.42647035,-36.14574133,4
-2.042611265,-13.22337831,3.001941866,14.85898742,-10.25694111,-36.77801309,4
-0.215384305,-9.096120526,14.90024187,10.2704629,-10.12219446,-28.16368065,4
1.259431041,-7.5929413,24.53876389,2.658208203,-6.360833759,-14.27736594,4
3.083277782,-4.915562844,27.01661221,-5.674391747,-2.25079039,2.894601637,1
2.414629512,-2.807870358,24.68745691,-12.67673,0.137815404,18.94860258,1
2.499305012,-0.247311452,20.66318876,-15.74972618,-1.555046261,32.54181086,1
4.311969542,3.088297787,18.15062795,-13.03124512,4.069499386,24.123675,1
3.786845742,3.310455936,12.45832144,-9.255435653,7.074311398,14.47091928,1
3.020734912,2.961343941,6.4233389,-6.595178222,1.550271583,10.13400678,1
2.034293372,1.650987247,0.144482576,-4.942082956,2.114372845,7.459292882,2
2.164095262,3.393754838,-4.465452508,-3.623605435,1.495352763,4.307036555,2
2.057955442,0.361481071,-8.326239953,-1.777535159,-0.44582937,0.85535259,2
2.024290882,-1.990581417,-12.10803081,0.315910226,-2.171722197,-2.97361928,3
1.777247892,-3.225409708,-16.2605194,2.442936832,-3.723660743,-7.604337696,3
1.735533182,-5.085167161,-20.13272958,4.592417687,-4.58348223,-13.76294294,3
-0.414960273,-10.30724144,-22.75943199,7.912267147,-10.37772464,-21.66139747,3
-3.112391173,-12.66408681,-17.38406822,11.71633516,-16.15236559,-30.07281642,4
-4.972596526,-10.92514117,-2.596912324,14.8937563,-9.85860888,-38.85750871,4
-3.920707268,-7.080625237,8.213033197,11.96196412,-11.06258762,-36.02802378,4
-1.841071625,-4.301000125,17.55825359,3.593868664,-6.356364546,-19.94488294,4
0.207975906,-1.553825283,24.34300908,-4.518511439,-4.093859424,-2.403936391,1
0.927555367,0.0628095361,24.86267493,-11.34725292,-1.042859889,13.99502145,1
-0.0805637764,0.913576546,21.10614777,-18.77896651,4.749505968,29.32633881,1
1.32984319,8.168608456,17.16205251,-15.0789715,6.578055172,21.70713286,1
0.825021361,10.45811075,8.162470313,-13.53019045,6.082186348,18.11306064,1
3.470885162,19.00506281,3.665816991,-11.16134973,12.89583107,9.2991525,1
4.676403392,13.36399042,-1.752033395,-8.000506682,5.38793101,6.158740569,2
4.021755182,10.63529368,-6.931401383,-5.624109443,4.006929214,3.224272657,2
4.149321602,9.352335288,-10.52535033,-3.65326178,1.514802798,0.376542703,2
4.327690862,4.868686902,-13.48596711,-1.871322566,-0.469865571,-2.643912738,2
3.881513102,1.786085806,-16.56328285,-0.175592698,-1.509733537,-5.908798317,3
3.825984892,0.778740964,-19.72734821,1.920847919,-2.816681187,-10.1224234,3
3.478532092,-3.225210157,-22.95115711,4.197202837,-3.490178367,-16.74095272,3
1.750010542,-7.542678789,-25.41423636,7.573081467,-6.42950806,-24.52201904,3
-0.824121721,-10.81214913,-21.04719914,12.85904897,-16.56149722,-31.96389523,4
-3.588791823,-9.599083936,-6.947913683,16.04254095,-12.63075388,-39.86153755,4
-1.743851863,-7.414959184,3.957545525,11.46040866,-10.01042382,-32.66621104,4
0.0385926406,-4.005103456,13.28725643,3.770683537,-5.519229074,-20.55206378,4
1.979173952,-0.441237577,21.20192135,-5.087338491,-2.259699684,-3.403720902,1
2.424495312,1.837093688,24.07582595,-12.4373438,-1.394405943,13.06032708,1
0.793901566,4.613309785,20.34718078,-17.79884881,-0.0350968765,28.45249694,1
2.028167902,11.77598855,18.45471679,-17.19753337,5.111010828,25.40871051,1
2.945149902,21.93935059,10.32415438,-15.78152954,5.214808657,21.07595138,1
3.607724042,17.23774527,5.625174953,-11.50579343,6.30972991,13.10924776,1
4.060268832,14.20320676,1.347354312,-7.512399195,2.017626323,7.962942435,2
3.747233722,15.048803,-3.161582095,-5.992310707,2.670013428,4.619447409,2
3.525110652,13.75467494,-7.130602089,-4.244850883,0.91014608,1.570617174,2
3.356191752,9.723513501,-10.68972721,-2.632516305,-0.750047733,-1.6393362,2
2.979719802,6.895557439,-14.09959154,-0.845506302,-2.001152555,-5.480237021,3
3.108071842,5.258038185,-17.52687149,1.330807974,-2.593633597,-10.7077234,3
2.945938972,1.031011493,-20.93516714,3.564613978,-3.845909408,-16.26344406,3
1.804427832,-2.845318933,-24.0068296,6.474043887,-6.218187144,-23.01066187,3
-0.574068371,-7.403090198,-25.91242208,9.858649567,-12.14789897,-29.74130395,3
-3.930202809,-10.18941331,-20.86375697,13.44261937,-19.62573257,-35.40889783,4
-3.499507511,-6.996293357,-8.07579562,10.71805438,-19.15671005,-37.61800031,4
-2.005590567,-4.282259951,3.51404101,5.446440947,-13.8147474,-31.29293386,4
-0.231437756,-1.182650947,13.81090236,-1.695287628,-8.678511042,-19.44104614,4
1.232998513,0.817117282,22.19513499,-9.428055537,-6.986040709,-1.932901462,1
1.672261422,0.227503964,21.11616758,-14.10034877,-6.079773259,14.43539005,1
0.0220958886,0.67366132,15.30579461,-18.63534926,-2.70080031,29.73803758,1
1.037395682,7.747617383,14.61028356,-17.82708561,5.087978205,25.86599575,1
0.680756801,12.87190672,4.142671482,-16.06611162,5.611501478,21.04003933,1
1.116236516,9.407340174,-0.556695711,-11.29054052,0.00785639152,15.46482657,1
0.960100793,5.948787569,-6.597189536,-8.498782691,-1.884663951,12.03426557,2
1.055032262,8.810969488,-10.39667806,-6.754537397,-0.862985843,8.022882389,2
1.255045301,5.858642855,-13.76601647,-4.850661784,-1.471451751,4.649656343,2
1.327794422,2.098160366,-17.01484128,-2.616747695,-2.457536507,0.757440478,2
1.592005894,1.480280102,-20.09288389,-0.155741692,-3.228921308,-3.772962062,3
2.006405812,-0.608848032,-23.29140478,2.397865601,-3.844784206,-8.889571851,3
2.137526592,-2.818265193,-26.59212949,5.121491957,-5.28928956,-14.80009351,3
1.21802299,-8.882318346,-29.28556603,8.202253867,-8.598757589,-22.01411715,3
-1.483897324,-12.30696479,-23.29011852,11.7157447,-13.9701596,-29.03812292,4
-2.316146045,-11.07257679,-7.588469514,14.30262159,-6.951226,-36.21330073,4
-0.919139077,-7.269126135,6.13775911,11.8300242,-9.276803469,-33.40546303,4
0.0024669566,-6.830618886,16.00849892,6.740330047,-6.847014052,-23.35716546,4
1.508299467,-4.7209345,21.82971028,-0.890450976,-6.415707457,-5.594065097,1
1.45031845,-3.17675939,21.44210556,-6.761314596,-6.83999187,11.01258342,1
0.0271922306,0.454373951,16.16334575,-12.23952972,-3.33652301,26.53806992,1
-0.960555834,-1.293285347,15.46862896,-15.35539392,3.747095525,30.2683155,1
-2.366795007,5.347450068,9.136831663,-11.41933198,5.184930294,21.81192915,1
-1.194975053,1.737967533,4.430711978,-6.196260484,9.171131908,14.18672732,1
-0.395978568,1.635275643,-1.828187918,-3.016932134,3.394351284,11.04749546,2
-0.579825953,0.578144525,-6.640003007,-1.221286336,4.622196352,7.627856229,2
-0.325530896,-3.215554899,-10.19331856,0.457952144,3.003951368,4.615624159,2
-0.214451378,-4.575274925,-13.42142115,1.918093316,1.891405406,1.123484935,2
-0.169214833,-4.031013374,-16.49995886,3.73219487,0.696815449,-2.82675489,3
0.256533172,-5.792129072,-19.50820775,5.703365627,-0.633088327,-7.286234034,3
-0.0582090024,-9.113976026,-22.366304,7.997710147,-3.143505234,-12.94996897,3
-1.483954989,-13.85620111,-25.1699532,10.55544544,-7.450482943,-19.47332355,3
-3.987613536,-18.83208984,-23.35003041,13.74486704,-15.51725996,-26.57681554,4
-6.793686415,-18.16331953,-11.94247248,16.18523515,-11.33611267,-33.15873266,4
-5.823905588,-15.57163238,0.185203219,11.55059952,-13.12140589,-25.50869724,4
-3.664570583,-12.26255248,9.898593421,4.472407367,-10.43088603,-12.58350444,4
-1.258883798,-8.347356766,17.5326987,-3.533256489,-5.521410314,3.574181917,1
0.475099282,-2.868121546,21.27133375,-10.63823537,-2.160907725,19.58393935,1
-0.573598542,-2.472752401,17.76848608,-16.68460407,5.573350023,34.55139487,1
1.287132966,7.071521512,18.65359589,-16.97142083,8.293493872,36.23853105,1
1.31010933,10.04985352,13.84099185,-11.17628214,9.76862847,24.48127519,1
0.88902535,6.94435139,8.717846441,-8.329378137,14.77913864,14.57576032,1
3.222268192,3.238354506,2.33629842,-4.212969405,6.152733137,11.4583878,2
3.042269852,-1.851089816,-2.935886828,-1.603339233,5.238016419,8.375089394,2
3.218206982,0.251304508,-6.974238115,-0.118274587,4.571599613,5.536733338,2
3.077712772,-0.514558645,-10.67020305,1.475742188,3.584980984,3.36397689,2
2.989578692,-4.041416623,-14.28846463,3.432388174,1.984592504,0.211115206,3
3.560846772,-5.840598046,-16.71202422,5.922266497,0.115370248,-3.70952787,3
3.971739992,-10.83368328,-19.66871717,8.492932297,-2.333505838,-8.074281912,3
3.780200822,-15.4122909,-22.49798548,11.57821353,-5.103760688,-13.80343741,3
1.656530122,-21.63940043,-21.78433491,16.61038412,-14.31126609,-21.10370585,3
-1.041652986,-22.56805456,-11.61517218,20.19188859,-18.68044087,-27.62818964,4
-0.992729413,-21.25223591,1.612755641,21.12673079,-16.5553536,-29.67876015,4
0.153211434,-19.41262504,13.26324109,17.23084917,-18.15632127,-22.05113953,4
1.639295743,-17.93517273,22.96015827,10.32276785,-14.19079028,-7.269852632,4
3.685770982,-12.86636803,24.77982776,1.760884142,-7.858840699,9.445896635,1
3.887365442,-12.31727346,23.33688416,-2.753733303,-6.040920386,25.07338098,1
2.282728862,-7.762732314,24.14606705,-6.43252478,-2.180189182,31.41429992,1
4.495433472,-1.692729575,21.77978209,-4.16963392,7.774603477,21.35792301,1
5.359074552,3.553930662,16.10948933,-1.198243325,11.06967252,13.37782891,1
5.222748802,-1.005709429,10.23813848,3.032063872,11.43175034,6.660343428,1
5.256230962,-3.257337895,3.284749599,5.796357667,6.075031572,3.364896827,2
3.983184982,-1.178129903,-2.134617098,6.901992517,5.704795585,-0.304598336,2
3.969217922,-3.003784092,-6.615048101,8.005681397,3.479130371,-2.763638364,2
3.955663482,-5.791411477,-10.86388573,9.271463757,2.046565748,-5.845392309,3
4.027431392,-5.244963702,-14.96127608,10.85021589,0.663556978,-9.880854521,3
4.437750332,-7.412327326,-18.85350071,12.68977301,-0.252909484,-15.83512132,3
2.795791292,-10.83532206,-20.51891485,16.37453376,-4.216105566,-24.71675221,3
0.636868669,-16.76088795,-16.48697473,21.09941097,-15.57054381,-32.75640136,4
-2.37043949,-15.65426022,-3.471360193,23.80006523,-10.44516755,-39.53552508,4
-1.27189466,-11.609644,8.68992973,19.27316945,-9.118988023,-35.54431137,4
0.324354682,-8.072231486,20.42554087,13.40136902,-10.0879971,-24.59879346,4
2.736579892,-3.628160666,27.92613767,4.516866027,-5.240581319,-7.301730562,1
3.516544232,0.68701846,29.73194865,-3.04366403,-0.951641427,9.416094091,1
2.505770722,2.581454697,25.74881186,-8.794212724,4.39967182,25.0455187,1
1.935318632,4.678393967,24.374907,-12.46171025,5.783596929,33.58219923,1
3.151401672,9.134261548,17.297871,-8.605757411,7.640686641,24.48240191,1
3.278013902,4.637491875,13.23067151,-5.695237276,11.01500639,15.86675755,1
3.821562962,5.945916876,8.137823091,-1.243185904,7.809828276,9.920045129,2
3.030343452,1.004050866,1.885927502,1.022597259,5.903092195,6.864876961,2
3.124603942,1.639063772,-2.603434672,2.429089698,4.147314669,4.058283507,2
3.109909682,-0.944689579,-6.440409268,3.870673487,2.049870043,1.322155567,2
3.028620142,-3.802297604,-9.76879733,5.393741167,0.88022946,-2.079741472,3
2.939211842,-4.146302062,-13.56097982,7.242830587,-0.382639179,-5.834352251,3
3.178482892,-7.650798426,-16.98656944,9.570563267,-2.445935256,-10.72387304,3
2.610428032,-12.09687863,-20.22142475,12.4719407,-5.77809484,-16.57159847,3
0.993557968,-17.9095162,-22.72910391,15.73676274,-11.66741646,-22.87854139,3
-1.619739637,-21.19746293,-19.45876517,19.51273099,-20.59114838,-29.23979228,4
-4.852165517,-18.09432261,-6.027647392,22.78954823,-17.13814896,-36.19620455,4
-3.08988085,-15.69190184,5.721902425,18.54152793,-17.256755,-29.62047951,4
-1.594816807,-14.0026954,16.11940184,11.80739616,-12.12541078,-17.10758221,4
0.419820411,-11.24726502,23.92319469,3.562612547,-7.866567082,0.248644244,1
1.829936132,-9.278695296,24.83725747,-3.383951964,-6.258746827,16.47490804,1
1.372525733,-11.11738438,22.12894331,-8.023568317,-3.472115687,29.8471977,1
2.320271832,-3.151605765,20.20988612,-4.91352595,3.666524096,19.20739226,1
0.915013833,3.291229203,12.0509849,-2.343223247,2.637005053,13.52847175,1
3.598232122,4.171224631,6.437402437,0.345347629,12.16939982,4.598787169,1
3.202525392,2.409073927,0.172034974,2.47443138,7.698959803,2.347024009,2
3.547339862,1.021423487,-4.72480277,3.459571233,6.733247824,-0.456011036,2
3.597014222,-0.0116378689,-8.735101732,4.552434437,5.336682578,-2.959831058,2
3.580869692,-3.708825473,-12.23198719,5.801638747,3.018257292,-5.842547526,2
3.450540602,-4.943547625,-15.6825083,7.290883037,1.140350385,-9.444074446,3
3.454362932,-5.895725133,-19.15326186,8.854534667,0.00955840152,-13.92821734,3
3.369026142,-8.320234816,-22.72588044,10.20164713,-0.954233701,-19.28817818,3
2.634587462,-11.37616366,-26.10166946,11.9562722,-4.035318806,-24.91261438,3
0.299398663,-14.49539923,-23.21227944,14.7733589,-11.2118172,-32.7001001,3
-3.028665499,-13.55960941,-11.39596046,16.83136,-6.856486763,-40.21056264,4
-2.298042757,-13.62500667,1.887731222,15.51983784,-6.169256893,-41.77525755,4
-1.164971531,-11.76737344,12.26514014,10.75914581,-6.939895338,-32.80776817,4
1.113743727,-8.122337826,20.9318025,2.35611001,-3.262532635,-14.77311431,4
3.090623172,-3.322344062,24.73375391,-5.015068701,-0.408707085,2.431128557,1
3.370203952,0.36297093,23.08966401,-12.21927735,3.705231871,18.51530353,1
0.9081473,-1.662356418,21.09961591,-17.06648487,2.928499353,33.55233169,1
1.208620245,3.982174225,17.33873348,-13.21273888,8.14293162,19.82965515,1
1.980276062,-2.70790015,11.73653759,-11.25149907,10.95953555,8.947467085,1
3.476057542,-1.657873591,6.019250611,-7.174822681,14.88420081,2.214929635,1
4.758228352,-2.683394549,0.0617451089,-4.638100895,10.14065509,0.0677015849,2
4.365480492,-1.691587819,-4.664496237,-3.444218707,8.998097182,-2.038577341,2
3.972473472,-2.723854537,-8.427388487,-1.880531682,6.510837302,-3.786198137,2
3.536010802,-5.027537371,-12.20110404,-0.446959405,4.648437812,-5.982312019,2
3.039053412,-6.926430997,-15.78128905,1.188324336,2.85662434,-8.854020193,3
2.967343962,-8.210457126,-19.5535689,3.391670188,1.09354854,-13.6000955,3
2.809902722,-11.29936163,-23.10360276,5.515147337,-0.357551646,-19.47663369,3
1.474095605,-15.62959798,-26.09121215,8.232024277,-3.291218723,-26.61765979,3
-0.825276768,-19.00835906,-26.50956733,11.6387721,-11.06551728,-33.73385629,4
-3.127935674,-17.52146336,-10.92962127,14.37967183,-6.1951907,-40.43245564,4
-2.225943845,-14.49025622,0.720841548,11.21958497,-6.003015848,-38.77895473,4
-1.116441364,-12.11137541,10.63529452,5.578056857,-3.088989302,-26.77099835,4
0.201963125,-9.690674326,19.77761542,-2.578565544,-1.121160308,-9.37175558,1
0.865806336,-7.537342851,19.91302764,-8.378765597,1.378676259,7.480836326,1
-1.423269489,-5.22816583,15.86928565,-14.49325904,6.669173199,23.23625428,1
0.808683756,0.988260339,15.03824462,-12.4640499,10.39234811,20.37113445,1
2.639027572,9.241774876,7.071497546,-11.54893725,8.982567728,15.05702714,1
3.758632282,9.388161341,2.452156002,-6.875228045,11.03521258,9.066174,1
3.897368632,9.512103098,-3.977444997,-4.170753192,4.291679992,7.120108497,2
3.521923312,8.129912325,-8.541052723,-2.61191981,4.540213461,4.190106752,2
3.337317332,5.337657703,-12.04411441,-0.921618156,3.351492293,0.673019714,2
3.373346242,3.438472586,-15.24510309,0.700857775,1.926740736,-2.664264135,2
2.647567002,1.975856718,-18.47561594,2.503309351,1.180858781,-6.667915759,3
2.686778272,1.525878061,-21.5936599,4.433786277,0.260019432,-11.13163248,3
2.711019092,-1.05795701,-24.99398736,6.652336677,-2.352749289,-15.86154936,3
2.465957542,-5.317840702,-28.04329923,9.074143977,-4.774057549,-22.23558106,3
-0.0946845044,-11.18737193,-27.41615717,12.64461666,-12.14286638,-29.80942591,3
-3.096088754,-11.78123088,-16.5435731,15.20876972,-8.312536391,-39.49937523,4
-2.002455198,-9.406858846,-3.950943686,14.39875913,-8.938671356,-40.19245987,4
-0.734152583,-8.834143346,6.52296853,11.19570636,-11.30026074,-33.24480325,4
1.677943812,-6.31387934,15.78003373,3.192408675,-6.875097264,-16.74184816,4
3.850052882,-2.656326944,22.46896226,-5.508755962,-2.541831745,0.590567481,1
5.023435132,1.938805171,22.06407814,-12.94656089,1.615615084,16.79457065,1
3.976644922,1.969565999,19.84873719,-18.39412303,2.315533127,31.94362569,1
5.834689492,4.051207476,16.24727492,-14.45046533,6.62513843,21.0516017,1
3.982077892,6.427472272,9.001510584,-10.81670365,9.050805526,12.84756806,1
4.692379342,8.824866031,3.367911237,-6.533889311,12.21113114,6.262455723,1
5.656447262,4.451057309,-2.443803114,-3.457749672,5.446672359,3.014271601,2
5.371121202,6.532075903,-6.480911842,-1.648802682,4.252084415,-1.072477359,2
5.351233632,3.233396186,-9.905507387,0.0185324652,2.780124782,-4.269796691,2
5.368900312,0.249312043,-13.07684847,1.504301455,0.915734472,-7.136270985,2
4.916526942,-1.97027802,-16.43958303,3.042849012,-0.459714284,-10.20156923,3
4.662981502,-4.27633152,-19.9196591,4.912370977,-2.107217107,-14.86736405,3
3.873606552,-8.085783516,-23.13740493,6.839986617,-4.516695035,-20.63258888,3
1.965385342,-12.588481,-25.94399972,8.879034907,-8.157100722,-26.80329439,3
-0.870127996,-16.22533282,-25.52952673,11.21597622,-14.50944063,-34.06088726,4
-2.654286723,-14.41546777,-10.98792134,13.31682971,-9.49735338,-41.48673053,4
-2.459644133,-11.4310051,1.094497088,10.22792512,-11.10930132,-37.56716737,4
-1.519204482,-8.874791606,11.30201826,4.659402187,-9.56653375,-27.14361737,4
-0.314649352,-6.871931753,20.15059316,-3.011735467,-5.712702179,-11.44666343,1
0.891950491,-4.165498101,22.39656267,-9.381767622,-3.827874991,5.541013619,1
0.797603733,-2.130976519,19.83025993,-15.10313591,1.728574439,21.42272212,1
0.807250301,-2.203811332,18.77909258,-18.54566406,0.263946922,33.89770365,1
3.031574802,5.456334605,16.77712117,-14.65174505,6.431183385,21.50904432,1
4.017837982,7.522072701,11.10469694,-10.300551,11.78166137,14.23486404,1
4.862405282,7.200763773,4.615935424,-7.367609595,5.156424857,11.03041011,2
4.847325032,5.657616551,-0.55680771,-5.183415027,5.447007496,7.728608966,2
4.987205232,5.635015305,-4.593088063,-3.130493108,3.030999221,4.618423684,2
5.322124552,1.425169083,-7.780477407,-1.233079996,1.413529787,0.886193504,2
5.161382302,-1.605104715,-11.12046582,0.802070642,0.286807723,-2.943792827,3
5.106969182,-2.665353585,-14.47844542,3.113016311,-1.107796631,-7.220315317,3
5.081430562,-6.084968405,-17.96997066,5.543717507,-3.390116016,-12.24510838,3
3.482005162,-10.4785153,-21.21431485,8.312875307,-6.623552596,-19.40791524,3
0.538812862,-14.74794993,-22.05895483,11.89217991,-13.89778027,-26.26979643,3
-3.053190849,-13.97155171,-13.85128411,14.8256947,-18.1091003,-31.81421603,4
-2.158548747,-13.8337994,-0.641192155,14.77475444,-15.1360807,-35.83687036,4
-0.836373719,-10.47941065,9.242725594,8.396620617,-11.43820883,-25.53987767,4
1.025570976,-7.051840526,18.27801979,-0.352787257,-6.962837816,-10.39685223,4
2.454364342,-3.498732331,24.23807489,-8.020468984,-5.607569197,6.522477742,1
3.164785232,-2.19456351,23.5729762,-13.82499973,-1.685643994,22.34028883,1
1.645934657,0.932543826,24.3285422,-16.40948319,1.421160582,28.26657395,1
5.132423252,9.665032783,20.8457046,-12.11968677,6.372622078,15.83772294,1
3.975719442,4.204868643,15.25509897,-8.667967509,4.915591862,7.576763638,1
4.333277342,4.587784903,10.34436969,-5.077381225,6.673723538,1.528517731,1
3.928955842,3.143227919,4.644702951,-3.187328035,7.386567647,-1.517265548,2
3.898154402,3.233659902,-0.408220253,-1.508242035,5.038497725,-3.846195235,2
3.572328462,1.322938901,-4.629511265,0.0456338992,3.564513141,-6.171023391,2
3.477821512,-1.422027571,-8.662902084,1.656298344,1.377854747,-8.640531949,2
3.365128802,-2.409258907,-12.49479712,3.693079866,-0.283483232,-12.52630477,3
3.119205232,-4.09764035,-16.66531898,5.784019647,-1.896265831,-17.22453062,3
2.721902602,-7.204960264,-20.34626883,8.212190757,-3.944961714,-23.4392944,3
0.81514972,-13.56009623,-23.30278906,11.03312407,-8.95723696,-30.17381986,3
-2.74567084,-11.95007457,-12.88277679,13.69821836,-6.963995051,-38.0916427,4
-1.765748033,-10.88147606,0.98150386,12.64084403,-6.981048038,-42.2514896,4
-0.696637029,-8.340674276,12.8081903,9.147423967,-7.047654753,-38.8151023,4
0.211973311,-6.076551287,22.71652734,2.718917,-4.330361824,-28.96496423,4
1.060435921,-3.540612801,31.83326228,-5.502399699,-1.866965321,-13.19115627,1
2.667263482,-2.32461447,34.0622093,-11.60150076,-2.270990477,3.910094538,1
1.980002582,-1.686474891,30.60082379,-15.50942512,-1.204789393,19.89798266,1
1.887834792,-5.361050362,27.88682625,-17.60029221,-1.042964174,27.907012,1
4.994986352,7.505474688,24.41323163,-14.01677024,11.99484975,14.18629413,1
5.996474412,12.3102524,17.77626503,-11.20597251,21.27116735,5.188450599,1
7.261083672,7.754233985,10.2859191,-7.595686204,9.562743161,3.294172075,2
6.653732142,3.984086145,3.995501406,-5.888381217,11.2284323,0.844719436,2
6.619383302,7.133124033,-0.720113081,-3.911255878,7.577225588,-1.63202485,2
6.679161202,2.400068185,-4.484991252,-2.105069594,5.138760296,-4.630492652,2
6.365001812,-0.700629481,-8.325631839,-0.242626681,4.398835912,-8.432125506,3
6.442831122,-0.874036427,-11.96590126,2.111497868,2.935203538,-12.79836951,3
6.630829072,-4.144536083,-15.45957435,4.598958097,0.992668319,-17.95174632,3
4.995599782,-9.810809206,-18.72331124,7.483764557,-2.327423633,-25.25910416,3
2.279208182,-13.69356744,-17.94745036,11.06141672,-10.29907642,-32.62468083,4
-1.110694605,-9.738354166,-6.033316014,14.20547985,-5.436925084,-43.03683922,4
0.0031898376,-4.9339822,5.759319515,12.56125419,-7.583928254,-42.80423269,4
1.590434967,-2.354213843,15.64128627,5.694922517,-3.775726063,-29.3103319,4
3.012255652,-0.0486941059,23.91628739,-2.432055426,-1.947465338,-11.1596556,1
4.608737382,1.88668621,27.90838636,-9.207885848,-1.159123766,5.809336048,1
4.919619412,2.499005254,26.03277939,-14.6480151,3.214273521,21.67357564,1
3.862700042,3.979933904,25.28511063,-16.41746749,5.02306676,26.38213162,1
6.046551052,13.31570754,20.81215079,-12.50762758,11.09653153,15.3932283,1
3.428134442,11.30491325,13.90895054,-9.151351162,12.61070729,7.490523117,1
4.124332682,12.38440065,8.764492752,-5.101134556,16.80437706,0.410274302,2
3.973523042,9.120949316,3.058904107,-2.988004329,16.24722251,-2.248788874,2
4.270625872,9.252353582,-0.923691623,-1.140100966,13.44050291,-5.083919835,2
4.349703932,5.324570564,-4.23771855,0.470770426,11.13738413,-7.822885514,2
4.116173042,2.117418816,-7.849085166,1.940507887,9.361207357,-10.71284878,3
3.942549482,0.628553639,-11.46723229,3.835106547,6.959582673,-14.70609736,3
3.652576252,-3.15004953,-15.28692368,5.780702527,4.440629103,-19.51572937,3
2.739738142,-6.340419886,-19.00347192,7.865866177,1.627707552,-25.3443981,3
0.725529141,-10.5762715,-22.15917254,10.23648315,-2.900985727,-32.14761506,3
-2.546334683,-9.414325706,-12.28697469,12.7229708,-1.486805407,-39.91508057,4
-1.987681307,-8.285310766,1.46152743,11.44199343,-0.350958632,-43.13913373,4
-0.731268052,-5.217149237,12.97731721,6.485843477,-0.317240338,-36.16752278,4
0.58341838,-2.548413364,22.46138452,-1.027538222,1.539178296,-21.79886762,4
2.128417862,-1.241542568,26.62717988,-6.834839301,0.63077364,-4.137218941,1
2.014169982,1.079454484,25.76183701,-11.67496831,5.691310443,12.37458282,1
1.29194216,-0.657242802,20.9434258,-18.23200643,11.26330741,27.81139749,1
3.677432882,5.910791155,18.81445504,-15.79448307,14.00689869,25.62791976,1
4.672311962,7.449243452,13.91091213,-13.17441605,19.64051653,16.75938018,1
6.096145412,7.509675389,8.567644483,-8.275672112,19.67854492,10.31993711,1
5.589968182,5.958834369,1.904309182,-5.471578524,14.41872152,7.727492396,2
5.295062442,6.503728339,-2.659762111,-3.85090444,14.61938671,4.293527904,2
5.097835742,2.740984526,-6.450849599,-1.712874453,13.07596952,0.349991678,2
4.991928762,-0.0143462379,-10.01151277,0.310796142,11.51630947,-3.393925026,2
4.582475912,-0.885600648,-13.87084328,2.545940762,9.501879766,-7.110660695,3
4.557308022,-2.64337627,-17.58868717,4.868026267,7.54657555,-11.46856354,3
3.449470832,-6.954021228,-20.88169636,7.955355747,4.431606164,-18.18770486,3
1.498330462,-11.45589535,-23.60864952,11.46306564,-1.475202431,-25.08780028,3
-1.742386267,-15.20423282,-19.56132262,15.59276859,-8.757280312,-32.543009,4
-4.122428206,-12.21610197,-4.868850147,19.63341803,-2.133854586,-42.43894392,4
-3.381691715,-9.817888366,6.663696109,15.15675445,-2.540372354,-35.61225931,4
-1.166778287,-8.030293876,15.49287673,7.048561297,0.42886021,-21.00408264,4
0.14248571,-5.224604164,22.4250112,-1.625996643,1.232366325,-3.394177773,1
1.233890832,-2.733203468,24.28746827,-8.439900395,0.562983476,13.06924891,1
0.804357948,-4.909617777,19.15873962,-13.22818401,2.740088661,28.46083792,1
0.572662683,3.149708146,17.95807264,-14.07381413,9.911388785,26.96722264,1
2.832128032,15.63450412,10.72262107,-11.90849653,15.8399536,20.46819364,1
1.158107708,10.58440476,5.08823226,-7.897825343,14.54390456,12.96574067,1
1.849108892,6.347872362,0.795698288,-3.870607257,15.62949607,6.792154142,2
1.482837465,4.815051736,-4.103496223,-2.223032854,15.6604377,3.683828032,2
1.611288529,7.464445581,-7.976921012,-0.427415848,11.92185465,0.759985509,2
1.554549782,2.529018564,-10.92960428,0.981091286,10.26646563,-2.384774731,2
1.655980332,-0.796141146,-13.93145437,2.427042134,8.634906133,-5.585071592,3
1.268009712,-2.454439415,-17.18887999,4.023234597,7.17215283,-9.110477364,3
1.396539208,-4.324157111,-20.79402059,6.007743317,4.943840451,-13.66749947,3
0.758231794,-7.956151876,-24.033818,8.137233607,2.30478718,-19.65786527,3
-0.782259358,-12.91680728,-26.24610746,11.05742096,-2.694160015,-27.07915519,3
-3.453294031,-18.31048893,-25.2025085,14.66616375,-10.13976761,-34.44693836,4
-2.247991366,-14.45851631,-10.18151435,15.37414462,-4.501206623,-41.62065374,4
-1.02529479,-10.86278691,2.002878995,12.31868997,-6.907314408,-38.54372463,4
1.439532143,-9.876896276,12.12493533,5.646467467,-5.241246094,-26.98917684,4
3.292880092,-7.231623594,20.41975259,-2.34870916,-1.722652956,-9.518608629,1
3.598036122,-3.499421061,20.51683595,-8.400305579,-2.787254192,7.343544023,1
0.32045759,-0.321138028,15.13936932,-13.27560689,-1.384451912,23.10790028,1
0.251396473,-1.075561466,15.77741966,-15.01321267,3.432768619,25.46356301,1
1.908909052,10.49421109,7.953780779,-14.15515961,3.844509158,20.48350259,1
3.260325212,7.58429026,2.862746639,-10.4884695,0.722207032,15.28774611,1
2.881153872,4.806199577,-3.068567941,-8.143810613,-0.168772176,12.18511511,2
3.259308602,6.915754288,-6.812675546,-6.081438889,-1.44579953,8.594554549,2
3.361510962,2.131285008,-9.914668436,-4.18413189,-2.264674525,5.089736242,2
3.149102192,-0.132846593,-12.69400926,-2.388492447,-2.850430002,1.204632129,2
2.940091302,-0.772868719,-15.65897198,-0.383917888,-3.940452623,-2.725558743,3
2.695017352,-2.852894865,-18.7761135,1.625751082,-5.191471639,-7.005361662,3
2.208605362,-6.215099777,-21.9461194,3.598956249,-6.508565601,-12.48969382,3
0.0963549816,-13.44083261,-24.11004905,6.762947007,-11.58242402,-19.12894426,3
-2.776919114,-18.00815295,-21.83262274,10.2861995,-19.70553648,-26.45751257,3
-7.154909596,-11.29000544,-8.862871603,12.83799575,-14.96710276,-34.9406377,4
-5.926669993,-5.618198114,3.374253401,10.88245447,-15.02191364,-37.70623686,4
-4.06512499,-3.10564316,13.07423495,4.107041557,-11.16507822,-26.60804766,4
-2.571140189,-0.590766408,21.72696489,-4.675027824,-8.517980225,-9.663468267,4
-0.713974142,2.244172423,26.38611875,-11.82537863,-8.348428978,7.208115351,1
-0.851786716,4.731625561,23.76720543,-16.86015655,-4.228194168,22.98128858,1
0.662970963,12.85170001,21.25571269,-13.87367993,1.25547334,20.42483083,1
-0.105398626,23.41987909,11.42088851,-13.09726579,2.881848479,15.30541311,1
0.69816111,27.39121856,6.020188006,-9.552596446,11.5280751,6.741349749,1
2.086678752,20.07168424,-1.30977547,-5.98090976,1.996236996,3.585170563,1
2.664078612,23.69972807,-5.660622817,-3.913320514,0.646803865,0.764111895,2
2.813476922,19.3240925,-9.586650842,-1.868581234,-0.479174978,-1.68205253,2
3.245708232,13.67317747,-12.99879129,0.0455205272,-2.632050309,-4.54215946,2
3.419328192,10.89454904,-16.12073854,2.029218088,-3.655824088,-7.994398831,3
3.713768402,7.85823006,-19.62256613,4.438091867,-4.721724405,-12.64693075,3
3.889201552,3.322345832,-23.13681555,6.821268147,-6.103176834,-18.28104355,3
3.024039732,-1.325035133,-26.3125008,9.604109627,-9.301542881,-25.07522445,3
0.69975546,-7.739126818,-25.37733148,13.60102192,-17.03025123,-32.09017754,4
-1.419564041,-6.344161752,-9.914808765,18.23228495,-10.52138819,-40.18523437,4
0.331833867,-4.02375553,2.962509616,15.68018051,-12.30160884,-36.52971467,4
1.998017382,-3.067371942,13.61018916,10.37211099,-10.09858168,-27.05039215,4
3.425091902,-2.057520559,22.62340373,2.927582165,-6.755494072,-12.05141815,1
5.213743342,0.0985464011,25.072468,-4.331790153,-7.020069572,4.975630958,1
4.759053702,2.125668642,22.32897245,-10.25328632,-4.689519218,20.89414822,1
2.319329262,2.2848315,15.94243874,-16.85470145,-0.878026842,35.77630368,1
1.462992065,8.233660835,15.44737503,-18.85500522,2.554191281,38.77794518,1
5.794365902,19.88430776,10.96520214,-14.86991794,12.2519167,27.00735472,1
6.320618042,17.63163803,5.7128813,-10.42455036,20.32834597,18.46872422,1
6.589091552,16.73609749,-1.040765211,-7.053885932,11.19562598,15.85438581,2
6.578819292,13.36119261,-5.855664377,-4.885645734,10.38919995,12.24647104,2
6.806144272,12.14415247,-9.343814585,-2.67776625,6.711667787,8.564992509,2
6.873134762,8.238704375,-12.34211454,-0.917612609,4.614166094,4.857952907,2
6.189215722,6.011571527,-15.51873511,0.748809322,3.275592332,0.998866372,3
5.861256932,5.591410486,-18.465696,2.681752798,2.154302108,-3.30883542,3
5.860123422,3.057803521,-21.59978366,4.661210367,0.402677741,-7.988758737,3
5.381729852,-1.490398251,-24.55615454,6.655841557,-1.626809121,-13.60278275,3
3.428967712,-7.53708965,-27.16607469,9.128084617,-6.698611971,-20.24258215,3
0.47830085,-13.34955867,-26.76094978,11.98227332,-13.08481081,-27.34665615,4
-3.865748855,-5.887650134,-14.23427689,15.10612128,-7.442766585,-38.00806191,4
-2.528292124,-3.047608578,-1.920638973,14.12546972,-9.76018457,-42.41127215,4
-1.243636727,-1.692343522,9.2580405,10.45294125,-10.40631384,-37.96511112,4
0.0105297246,0.397728935,18.64201822,1.937717015,-6.114352546,-21.63416501,4
1.220794324,2.477892131,25.63685465,-6.488046872,-5.251424583,-3.983239159,1
2.674627442,3.213647158,26.53670528,-11.87080404,-6.689785112,12.51853788,1
0.349746213,2.279758423,20.94216037,-14.52241243,-6.690914343,27.94598047,1
3.150232042,6.159643452,20.32921679,-10.73793531,2.833845589,14.35137229,1
0.0537992646,9.598183758,15.52126838,-6.235241592,6.707375239,3.91127659,1
0.910572843,6.488311246,10.58079272,-1.929827856,9.896588294,-2.24701801,1
1.730441692,8.235033739,3.874309935,0.913623425,4.630874276,-5.025639849,2
1.790121922,7.893136756,-1.208923744,2.000875084,1.900437698,-6.333417975,2
1.605014614,5.208187704,-5.556899557,3.006414612,1.439886949,-7.64794479,2
1.486099447,3.544425979,-9.432559281,4.237061967,-0.390892474,-9.546449275,2
1.48370463,0.746721936,-12.91234956,5.775515957,-1.947011746,-12.27204729,3
1.814258322,-1.528100031,-16.06724332,7.574914977,-3.388410125,-15.4743585,3
2.128258652,-4.686975374,-19.5944087,9.594428577,-4.6376198,-20.52901649,3
1.467148522,-7.888050752,-22.64060801,12.29557013,-7.592149947,-26.28277531,3
-0.531264817,-14.6258813,-24.84972393,15.31259442,-13.15872641,-32.61462137,3
-2.983201933,-18.75047488,-20.28847082,18.71682668,-20.49028466,-39.2683684,4
-5.190074403,-12.72508354,-6.483457488,21.40769091,-13.4943953,-47.0153044,4
-3.095846307,-9.689242676,5.519284883,17.52828699,-13.8611524,-39.49530218,4
-1.005837556,-7.420272059,15.05080703,10.95250863,-9.124722942,-25.80058745,4
0.920784121,-5.174844542,22.50197029,3.280452049,-6.532477835,-7.878410136,1
2.312192762,-2.728406655,22.8896658,-4.082856544,-5.088501682,8.87695876,1
1.353502169,-1.406837314,20.59127004,-8.754954041,-1.858504556,20.66916824,1
0.883399535,4.897570689,17.50224615,-5.787036868,3.917424414,11.76881641,1
-0.665737263,10.54318278,8.804864546,-3.178243064,3.884849676,5.396489744,1
1.490572092,14.34006657,3.814386793,-0.592764521,14.66518814,-2.843829798,1
1.296654518,11.58755964,-2.654727274,1.4180836,10.1892208,-4.147621469,2
1.41884877,11.46102304,-6.751616355,2.982112513,8.013830822,-6.493058657,2
1.648820018,8.51299399,-10.19137046,4.306232537,5.915992802,-9.248068593,2
1.5975851,4.805703127,-13.30684776,5.312682117,3.945295377,-11.74771998,2
1.566573772,1.713791492,-16.73457798,6.307251827,2.376583225,-14.44673186,3
1.782457162,-0.245004532,-19.76778532,8.116239407,0.686980058,-18.90072061,3
1.840241082,-4.231479388,-22.53099925,10.00017605,-0.856860115,-24.1520242,3
0.698693193,-8.602644986,-25.06116895,12.32323434,-4.304892746,-29.90286495,3
-1.604834843,-13.47054705,-27.41618326,14.18560441,-9.35830668,-36.0934021,3
-5.497855823,-9.871089936,-14.06652779,16.65290968,-3.208351579,-47.04962561,4
-3.627472212,-5.918866723,-1.450886658,15.00431821,-4.42905068,-48.95436022,4
-2.306521694,-3.482104421,10.11742273,10.62090878,-4.46063738,-40.93360153,4
-0.474530699,-0.914902971,19.47276988,3.55605636,-1.259595907,-26.87404639,4
1.848640952,0.872228537,24.84095171,-3.881322929,-1.085758564,-8.881982427,1
2.574158402,0.0773648661,23.52962926,-8.641543615,1.002487975,7.938723207,1
0.549371002,0.424518425,16.96757354,-13.77333387,4.664937563,23.66433082,1
-0.347700028,3.573834298,15.65127381,-15.30617878,6.733437459,26.89273844,1
-3.014740475,10.05217532,9.422324516,-11.50594129,8.939463938,17.72926399,1
-2.001405542,7.298686137,5.479929019,-6.625918341,12.00372364,10.85116818,1
-1.950099428,9.409385656,-1.044471312,-3.834856577,5.618343102,8.06717921,2
-1.815706821,8.922984834,-5.25960581,-2.214444961,5.470064417,5.022371741,2
-1.27382463,4.527887007,-8.08173699,-0.534126004,4.314186687,1.550938564,2
-0.805964247,-0.0837374759,-10.94017615,1.075540207,3.138193983,-2.112715772,2
-0.813114833,-1.676160778,-13.98256452,2.801941037,1.415894765,-5.500598043,3
-0.702080713,-2.844535722,-17.15172604,4.728373657,-0.332359691,-9.51827466,3
-0.996633086,-5.697168431,-20.59537274,6.875591137,-2.817651801,-14.64479391,3
-1.738911922,-10.33202956,-23.88287232,9.064313267,-6.336214168,-20.68229907,3
-4.162890129,-14.79180178,-25.39817724,11.53572028,-12.5781202,-27.46717302,3
-8.049806886,-12.59097784,-15.08016504,12.90844864,-12.38911267,-33.88880285,4
-7.003214436,-9.044810696,-2.179981537,11.97501059,-12.15777273,-36.30912527,4
-5.895616119,-7.802762041,7.786236419,7.842962587,-12.00109863,-29.61279979,4
-4.586939112,-6.354480224,17.37481319,1.198378031,-10.31980506,-16.60866415,4
-3.095738234,-3.911212705,25.35019327,-7.371476787,-7.892147352,0.715080654,1
-1.378265549,-3.214979159,24.59629976,-13.67920221,-5.472038547,16.91097749,1
-3.238617586,-5.407214874,16.37434874,-17.79011591,-3.190117399,32.05245397,1
-4.290909423,-1.137144447,13.61102465,-12.93955785,2.39087317,22.80737369,1
-6.477216385,15.41163843,4.314631357,-11.80175938,7.523581379,15.13723249,1
-5.651222008,9.661289532,-0.27672185,-6.813070469,9.200335627,9.193808416,1
-5.212789317,9.25484956,-6.348854185,-4.122079735,3.695835085,6.276818367,2
-4.951912034,9.103354996,-10.52064813,-2.601681279,6.229758943,3.001373792,2
-3.962464183,10.49803308,-14.42630466,-0.510708255,1.027930502,0.90178932,2
-3.331979797,5.924397126,-17.15679491,0.861995017,0.0266470435,-2.062461487,2
-3.072851644,2.795416637,-20.13221514,2.513884972,-1.397710072,-5.814720328,3
-2.784400214,1.751665769,-23.23926514,4.382578617,-2.619067011,-10.31908246,3
-2.437242135,-1.278505992,-26.21009506,6.331771607,-3.909423431,-15.50274097,3
-2.757905774,-4.825166566,-28.86879898,8.891671487,-6.700759118,-21.81519598,3
-5.04848801,-9.748263346,-27.59882087,12.48197118,-13.27655962,-29.27882226,3
-8.321935343,-7.014507653,-15.68467439,15.81468553,-11.73971929,-36.54065084,4
-6.342198194,-5.241538514,-1.862489361,14.77449244,-13.19425565,-37.55798769,4
-4.079084723,-3.309318982,9.774837031,11.33587808,-12.43664062,-31.90241351,4
-2.105367105,-0.731511548,19.18825073,2.734362062,-7.584833259,-16.9670356,4
-0.588468979,1.944207256,24.84019661,-5.984168842,-5.982937416,0.380040682,1
-0.0445286994,3.904813466,24.27348467,-12.35290818,-4.801236285,16.59775002,1
-1.848661414,7.675920408,18.26451107,-16.9068036,-1.280990591,31.75961891,1
-0.938561882,12.14177584,14.8754637,-13.5417808,2.520685564,24.58946695,1
-1.189406139,19.56037157,6.727089365,-11.79952439,7.184496565,16.75860057,1
0.0378845226,17.60098598,2.110302013,-8.216657195,16.90412501,8.251920493,1
1.041725597,12.39256144,-4.729176541,-5.048347042,6.034833374,6.34446183,2
1.445260747,14.18404608,-8.830087836,-3.072267248,2.606019243,3.4729052,2
1.565230695,9.445437842,-11.56629384,-1.503986902,2.294240702,-0.256272527,2
1.871105192,5.76535785,-14.666267,0.122627695,0.410322817,-3.422786986,2
1.428399207,3.437486435,-18.06807824,1.734736693,-0.608369632,-6.963796741,3
1.613541904,0.768934124,-21.26282185,3.891084597,-1.717203149,-12.27301443,3
1.219393504,-3.716182743,-24.40206288,6.236360937,-3.664804639,-18.51311273,3
-0.368009179,-8.242589116,-27.24801599,8.763232727,-7.570281609,-25.42083165,3
-2.830574918,-11.07707537,-23.00050735,12.28887862,-12.61872797,-33.30884406,4
-2.001089989,-8.583143906,-8.545072215,11.86069339,-13.09514543,-37.15471902,4
-1.145141714,-5.304857329,3.824844685,9.365281537,-13.47349091,-32.40953487,4
0.185065394,-3.196158714,14.05825805,2.409494481,-8.537292296,-21.05467283,4
1.448538692,-2.0045726,22.112469,-5.582067855,-6.499368255,-3.688833612,1
2.011853132,-1.735459548,20.18157002,-10.0130126,-7.360770489,12.7937764,1
0.409614221,-1.628408139,12.6905942,-15.22191081,-1.75163866,28.19733935,1
1.596380283,10.05633319,11.38402605,-13.70256683,4.135052069,23.48434671,1
2.958705962,18.29963028,4.361498869,-11.02994423,7.75697475,14.81844425,1
3.450524312,15.38570009,-1.088728966,-7.82202522,3.334390002,9.313503838,1
2.933800472,14.45756553,-7.264955152,-5.801961397,4.534846361,6.443358709,2
2.934011832,17.26348933,-11.56784197,-3.80016332,1.10434656,4.059088622,2
2.741984452,12.5652986,-15.42767355,-2.163135576,-0.227750628,1.388473375,2
3.100390782,10.09920311,-18.50126234,-0.463805331,-1.555079124,-2.266093917,2
2.787262842,8.621668561,-21.8014176,1.435332292,-2.661385849,-6.433752175,3
2.819862862,6.940814328,-25.19616645,3.543124037,-4.163563858,-11.11586641,3
3.053989692,2.942984961,-28.13992842,5.572300987,-4.891927806,-17.3503369,3
0.859382473,-3.597477476,-29.64282521,8.683814707,-10.64870443,-24.48376239,3
-1.742696221,-6.04793302,-23.83670854,11.36476815,-13.68922179,-31.83822558,4
-2.655947014,-2.940659702,-7.648962473,13.59600558,-7.5190698,-39.06604668,4
-1.545271624,-0.367978719,5.273561558,11.19772405,-9.43763277,-36.16636064,4
-0.232724464,1.44811744,15.15437063,4.179758467,-6.787763026,-22.72214984,4
1.103645588,3.192668478,22.90327185,-3.754698667,-4.508099583,-5.536336743,1
2.017239552,4.922983048,25.20397874,-10.85171791,-5.249298902,11.06655342,1
1.220306079,7.536541203,22.45986858,-16.25933265,-2.834854242,26.58852625,1
0.43949351,11.18644318,21.83354919,-18.24028288,-1.69518708,30.5265867,1
4.013467152,20.45885133,16.36737881,-15.99047203,3.166105463,23.0597109,1
5.078856192,19.09215171,10.36102241,-12.71739208,7.585241147,14.41400342,1
5.379993162,17.66591502,4.495862028,-8.920789208,2.690045939,9.444020092,2
4.831530172,14.67651658,-0.567735932,-7.075557136,1.740987675,6.458586156,2
4.658520882,14.79640755,-4.85364432,-5.368338754,0.653048088,3.355585434,2
4.346770202,10.01246827,-8.50239764,-3.692297837,-0.914908357,-0.130019236,2
4.294727772,8.432298747,-12.01791005,-1.947553643,-2.004281632,-3.800961978,3
4.328526622,6.234285351,-15.89016358,0.282627113,-2.976041863,-8.922702731,3
4.386450402,3.243578862,-19.50535022,2.773918805,-4.612209825,-15.06153873,3
3.253477272,-2.259961163,-22.5300288,5.471572417,-7.310107473,-22.62262624,3
0.674843669,-6.900545141,-23.71766707,8.926906927,-13.74192874,-30.20256527,3
-3.240430716,-4.409805592,-9.287564123,11.5865703,-8.182273145,-38.61472533,4
-2.592878724,0.287067654,3.613986422,10.68703797,-5.825232328,-41.72823183,4
-0.854003402,2.399767335,13.73645449,6.765005517,-4.892217034,-36.626185,4
0.197472479,2.751688304,22.75187947,1.315141424,-5.084881243,-23.39045629,4
1.213772159,3.289314009,30.27784905,-5.998200002,-5.748296537,-5.625188561,1
1.828630372,4.007011467,29.31639344,-12.19217897,-1.480443154,10.98348622,1
-0.39994638,6.04988407,23.68641392,-19.06721193,0.802875528,26.51086707,1
-0.481214136,6.692661748,23.38257268,-20.27378142,4.215066871,31.42404905,1
4.090977862,17.25352806,18.82386632,-15.93406546,9.550380845,20.94235434,1
5.546201402,16.58476313,13.37532161,-11.04688842,10.91438125,14.11186963,1
5.560612272,16.56750497,5.901784417,-7.669483153,4.537833268,11.2993764,2
5.376892902,13.77677417,0.646320566,-5.93353182,5.255125577,8.050099891,2
5.416730922,12.67274885,-3.793133765,-4.162083245,3.754619982,4.831564065,2
5.567720842,10.03971877,-7.739911918,-2.473180799,2.341372741,0.971712028,2
5.230553422,9.51476416,-11.18237909,-0.483457596,0.899931084,-3.265179856,3
5.221804212,7.218958959,-14.85421932,1.643457122,-0.983611814,-7.456703718,3
5.138622112,1.830624272,-18.09378905,3.959726377,-2.673499352,-13.70638023,3
2.752168932,-3.589867218,-21.11698554,6.853863627,-7.496854257,-20.89127467,3
-0.116685902,-5.945947494,-17.36946373,10.37964107,-14.00989813,-28.8601001,4
-2.993971543,-5.844420902,-3.859294751,12.36805045,-6.380906724,-37.63731854,4
-1.695886459,-0.67863896,7.925416681,8.630626657,-6.588906446,-36.82392732,4
-0.350188493,1.845619417,17.90328995,1.768862299,-4.906811619,-24.39985569,4
0.834386533,3.301037572,25.59342777,-5.425006635,-3.866199629,-8.668942166,1
1.856407462,3.952903373,29.43262784,-11.16456456,-4.026320771,8.137893659,1
2.708079152,4.412324971,28.48646323,-16.08987569,-1.04031634,23.85053444,1
1.011835902,4.069956159,26.50169547,-18.03020091,-2.356963379,32.38305704,1
4.402019582,13.31145541,23.05817728,-13.4953148,3.284027627,18.47921176,1
2.764870282,12.35544346,17.07468108,-10.17705714,9.490579305,9.694613133,1
3.583722642,15.88135628,11.64017783,-5.715845979,15.70681418,2.906976192,2
2.993258632,11.25228655,5.657466436,-3.783729368,16.70030415,-0.214642726,2
2.840587412,13.34400878,0.876864468,-1.933194821,12.91388968,-2.923421577,2
3.036112072,9.215407076,-3.026256267,-0.487253257,11.3464036,-5.912816583,2
3.022211942,4.720805072,-6.825769307,1.028960965,9.409097287,-9.19038714,3
2.979911152,3.587962887,-10.86270266,2.934724705,7.921769594,-13.27381362,3
2.939370912,2.003855868,-14.78234951,4.846055387,6.573493088,-17.90648554,3
2.697820802,-0.826170976,-18.55012573,6.871369057,4.387632889,-23.1047988,3
1.841180792,-5.545199508,-21.83170192,9.412033467,1.320371524,-29.42201377,3
-1.338410423,-7.824146748,-17.4381257,11.92984449,-5.014201851,-36.13410455,4
-5.355568398,-5.388512532,-2.887855844,15.594541,0.471960905,-45.67604149,4
-4.254904218,-1.387383902,8.70446747,13.48188888,-1.737870281,-44.78285381,4
-3.982380144,0.0311569631,18.97981175,9.347104247,-1.829428392,-37.07639424,4
-2.825581567,1.346914095,27.51926517,0.634660295,-0.104534603,-18.79612089,1
-1.728697529,2.382798155,31.14914199,-6.603086536,-1.510417139,-1.32996353,1
-1.343478439,1.685292024,28.57528035,-10.70976862,-0.0447108905,14.99907421,1
-2.488852703,-1.423011621,21.96239003,-15.08503368,1.047416765,30.26502355,1
1.39249424,10.9651034,17.94963548,-12.15253349,5.155962959,22.44562781,1
2.879852462,8.969259134,13.54049007,-8.286907021,10.33514995,12.53406127,1
3.302795402,4.70178217,7.829437905,-4.76434273,10.68345678,6.374671117,2
3.302825512,6.23847972,1.408871434,-1.74827365,4.226575514,3.934274823,2
3.777704002,9.860138792,-3.00671574,-0.0372096258,1.895486205,0.650407052,2
3.349947992,6.226572436,-6.590440702,1.448214764,1.510757036,-2.614872455,2
3.338464282,2.879236926,-10.11122018,2.957631243,-0.0663495315,-5.748034932,3
3.185173772,1.084474243,-13.58954346,4.616634397,-1.269578755,-8.890302081,3
2.940038502,0.131251228,-17.18066318,6.389656847,-2.947305824,-12.30582511,3
2.974613122,-3.567788471,-20.66911626,8.337820777,-4.467128743,-17.94873427,3
1.985213832,-8.247900486,-24.06705048,10.40949064,-7.459083953,-24.50427627,3
-0.161666658,-12.122142,-25.97915315,12.71335142,-13.11429313,-31.59365336,4
-3.441335448,-10.33801296,-17.1208837,14.82400791,-12.58093106,-38.71620102,4
-2.507515765,-6.294793056,-3.936842476,11.34541368,-12.43098026,-36.34295065,4
-1.059306813,-3.326916903,7.377073889,5.829804047,-10.59404633,-27.37696297,4
0.110340009,-1.40609839,16.82986619,-1.789381657,-8.289101988,-11.97178118,1
1.787963472,0.0727688061,23.26865208,-7.906201538,-8.574035923,5.050083227,1
0.7725053,-0.217548111,20.05846694,-11.42438616,-5.588986099,20.96375334,1
-0.607982575,-5.415288077,21.6488227,-16.40182386,1.380010142,28.98882989,1
1.118890204,11.41201978,20.54631455,-12.98424402,9.154940517,16.04506054,1
-0.260306913,15.50052913,13.2680241,-9.527399137,11.80731079,8.560860947,1
1.351543533,9.084768339,6.781472128,-6.125239316,6.364550007,4.10108498,2
1.356915456,8.90908069,0.516552741,-3.648405789,3.174543564,1.461014855,2
1.320214392,11.72307646,-3.881173903,-1.940295116,2.007677972,-1.785513024,2
1.418523056,7.824180536,-7.578337938,-0.278817867,0.662963745,-4.789385972,2
1.616229661,4.876990036,-11.27918023,1.222336227,-0.696525289,-7.712433217,3
1.297902198,4.336979882,-14.8617685,2.979413159,-2.392189016,-10.7963486,3
1.698666932,2.333069823,-18.24985837,4.943465437,-3.721654703,-15.18649235,3
1.655114292,-2.412327809,-21.73377079,6.760774927,-5.447364256,-20.73921232,3
-0.279043772,-6.924776205,-24.60889956,9.106977097,-9.63017982,-27.75035557,3
-2.76776645,-9.471535126,-20.26697432,12.60179981,-15.4852782,-35.3242836,4
-5.387022377,-7.483965667,-6.062022558,16.27738682,-9.92984247,-43.21176689,4
-4.309642385,-4.000078577,5.506480942,13.80139374,-11.4331673,-41.43593247,4
-2.401380773,-2.537603567,15.25440681,7.670907447,-8.484500118,-27.37496593,4
-0.680933231,-1.257761919,23.47214231,1.0464651,-6.763434158,-9.350290018,1
0.729817269,0.249694269,25.96926489,-3.153916493,-5.869672501,7.500904391,1
-0.378677125,0.724209265,22.27877821,-7.109147949,-2.176055735,23.25501583,1
0.86884739,10.54066175,19.79017919,-8.172352058,7.981123611,20.11498988,1
2.448908442,20.61954252,10.3607115,-6.991761026,11.67401939,13.36668226,1
3.389162422,15.99839845,4.273047352,-3.909653888,18.20954251,4.94522963,1
4.678977292,9.5974113,-2.063008066,-0.982507872,8.875018974,1.773365013,2
4.835778092,11.6846174,-6.459687559,0.837647328,6.791646181,-1.129413124,2
4.830875372,7.291023245,-9.996926897,2.281016046,5.532343284,-3.792047656,2
4.910235042,2.653485746,-13.29891016,3.849462517,3.083460498,-6.611145954,2
4.515538202,0.631524888,-16.29253995,5.393779327,1.863913558,-10.02951687,3
4.395387162,-2.212472209,-19.79560018,7.134087797,0.118280356,-14.18397897,3
4.023281542,-4.823132824,-23.27474251,8.846528247,-1.808251138,-19.24118637,3
2.999882242,-8.572647216,-26.56264425,10.68341675,-4.775124914,-25.65446983,3
0.757140285,-12.36862524,-27.93279046,13.14130386,-10.93090973,-32.65555349,4
-2.931033838,-11.19678141,-12.35158044,17.57152845,-7.996066806,-41.44644242,4
-1.73589063,-8.684129066,-0.455060191,15.23181855,-9.311370692,-38.06693739,4
-0.878333135,-8.027832766,11.09163011,9.273943017,-5.455276499,-28.26153432,4
0.505532492,-5.678278819,20.90807317,1.191614228,0.366565975,-12.44858596,1
2.195673592,-4.664346115,21.88432248,-6.08288933,1.53523251,4.60432042,1
-0.0563024984,-2.169187416,16.17344774,-13.11724392,6.994847625,20.54701155,1
1.270071866,5.359064257,15.09710025,-12.34835366,8.404524483,19.84826446,1
2.022329052,9.212320526,6.858300525,-11.07370805,8.470727963,14.69982509,1
2.720147412,7.28787307,1.957299298,-6.934597492,4.666763401,9.084888109,1
2.438232072,8.344771058,-4.549856355,-4.024595059,0.548679006,6.220189415,2
2.287422722,7.91178651,-9.00814908,-2.535875236,0.84171858,2.942471156,2
2.520450832,8.137806884,-12.97005564,-0.815755024,-0.293969792,0.0738479309,2
2.748241942,4.953634459,-15.926484,0.883275278,-2.309394435,-2.916966713,2
2.602581632,2.074615886,-18.96908826,2.853161355,-4.265628815,-6.760618493,3
2.655649162,0.208557747,-21.77337317,4.837850787,-5.124438593,-11.38072253,3
2.377436222,-3.372331996,-24.89576646,6.683394557,-6.301852127,-16.60950609,3
1.377245102,-6.182655683,-27.26303928,8.927346157,-8.000147697,-22.75205511,3
-1.488026489,-12.11260962,-26.32459717,12.37078201,-15.64271565,-29.45135315,3
-5.150730306,-11.39900455,-16.32525738,14.83305685,-13.16107375,-36.98904496,4
-3.551298699,-9.386283286,-3.186557572,14.36241795,-10.88719067,-41.54452748,4
-2.513959108,-7.157898212,8.77836999,10.82695171,-12.70071717,-37.01571764,4
-0.971950057,-5.187839119,18.48712913,5.180686627,-11.03596369,-25.68432911,4
0.0683298386,-2.220008001,24.27512133,-2.308818678,-8.548766734,-7.769720702,1
0.206418152,0.695669272,25.76629231,-8.174264091,-8.085645103,8.978572059,1
-0.808892839,2.875147895,22.22760079,-12.22733309,-4.905397201,24.63648118,1
-0.776116332,-0.373701908,22.95303716,-15.58439674,0.576165446,31.68434366,1
-0.86269618,10.60251064,14.72680738,-13.39623314,4.359751017,23.89821072,1
-1.083710234,9.417550694,9.285221369,-9.365196726,6.248444269,15.44924633,1
1.281108364,3.682429322,3.798554157,-4.921574978,5.38412077,10.09198611,1
2.192089452,6.228734492,-2.282098949,-2.251407176,1.702627749,7.346992246,2
2.589276472,6.248423948,-6.80110869,-0.539376207,2.940773289,4.461327363,2
3.064416372,0.971455556,-9.844746691,1.325938376,1.74889398,1.288680951,2
3.564750402,-3.245214354,-12.39965853,3.051435108,0.340561399,-1.96202514,2
3.788131552,-6.226733291,-14.77482392,4.742080857,-0.967638871,-5.02891222,3
3.697953022,-7.646216325,-17.49553846,6.503459267,-2.817512034,-7.777916294,3
3.674740252,-9.649797816,-20.60338045,8.329475257,-4.663676508,-11.31354399,3
3.086794612,-11.83139185,-23.72942616,10.44291499,-6.863008204,-16.52037577,3
1.790578502,-16.09321485,-26.87497399,12.44458966,-10.32582386,-22.10347683,3
-1.373797365,-18.78266451,-27.26614486,14.85238878,-15.27037215,-28.90410796,4
-5.502893738,-14.28801027,-14.80542603,18.47831061,-10.79734096,-38.72551623,4
-3.549729046,-12.04498274,-2.96720387,15.76167397,-10.73718392,-36.59802526,4
-2.532359861,-10.59419934,7.192323277,9.691816607,-8.784025535,-26.98511205,4
-1.556887085,-8.612515916,16.92288099,1.304127501,-7.120448555,-10.27824462,1
0.283917396,-6.507522018,23.56621431,-6.923924876,-6.064862974,6.633363495,1
-1.059794317,-5.978030751,19.00995657,-12.44668769,-4.309597201,22.44395546,1
-1.440333226,-7.794181672,19.46009055,-15.31611022,2.489678758,28.21447984,1
1.344570608,1.293366871,16.68461985,-11.07762872,10.21571023,16.22959803,1
0.364436332,1.460522443,11.60234335,-6.732626884,10.64878242,7.889481853,1
2.006145552,-7.205685347,4.017736783,-3.312742822,4.186211312,4.038169472,2
1.286923679,-6.979924615,-1.616740144,-2.164417126,5.921793244,1.661972319,2
1.871687442,-3.777205385,-6.248606268,-0.757066207,3.220064581,0.219806232,2
1.544675903,-7.632066912,-9.993302973,0.536805267,1.774067193,-1.428975585,2
1.35319641,-8.993832836,-13.39685007,2.199932323,0.507643585,-4.544970868,3
1.599859535,-8.628807806,-16.93793005,4.223176047,-0.313238943,-8.633306787,3
1.999840392,-10.03048658,-20.71090367,6.242848157,-1.862492855,-13.06393909,3
2.214835112,-13.07490869,-23.74997961,8.430544537,-3.98093943,-18.44986901,3
0.387288039,-22.56952764,-25.30373871,12.24110367,-11.13564618,-25.07758989,3
-2.80245353,-24.75488926,-18.08585263,15.57807528,-13.47440605,-32.81211506,4
-2.2410335,-22.37630351,-3.522718665,18.38884539,-12.44175538,-40.40667875,4
-1.222439113,-20.58321715,7.783111318,14.43726329,-12.44987711,-35.24662598,4
0.912496029,-16.57781669,17.63762892,5.473398337,-7.912615913,-17.76000406,4
2.159903002,-12.93351898,23.9229949,-3.07576148,-6.448325773,-0.361302226,1
2.614319782,-9.460915126,22.7211058,-9.103368916,-5.368449549,15.90467162,1
1.62900558,-10.53324547,17.93128233,-12.83915265,-2.329339613,31.1116628,1
4.250342162,-2.821066863,12.07195868,-8.793720546,6.320384237,19.24115259,1
2.111957862,2.82141462,6.358663072,-5.212331904,10.3374679,10.9856102,1
2.612709442,-0.121940056,1.629764535,-1.502008367,13.04249082,4.845570981,1
3.241295842,-0.462165492,-4.611688196,1.104973826,7.370303056,2.526083808,2
3.466860422,2.294862131,-8.538454305,2.705282062,4.393966319,-0.238938239,2
3.687673922,-1.783952937,-11.16798041,3.900896817,3.170559672,-3.351943642,2
3.781856132,-6.351715612,-13.8473473,5.119999957,1.785403083,-6.595072021,2
3.448203822,-7.312053297,-17.16091259,6.463880317,0.655,-9.671762714,3
3.595229432,-8.396630216,-20.54038292,8.286015887,-0.49898509,-14.09141162,3
3.307999972,-11.71431619,-23.48476223,10.21800731,-1.792263816,-19.97669293,3
2.101193892,-16.71739514,-26.18628952,12.77473986,-6.255261607,-26.04555874,3
-0.60110341,-21.27653693,-26.4822257,15.07809503,-13.6498274,-32.43655865,4
-1.9537551,-16.42928305,-11.25622381,15.77862896,-9.66277674,-37.67287695,4
-0.987639699,-14.32401134,1.74816271,12.0233082,-11.0578222,-33.01068432,4
0.714776509,-11.81290261,12.30949841,5.522804837,-8.14302895,-20.6595337,4
1.706834942,-10.61316365,20.42640025,-1.493261833,-5.747316548,-4.02424461,1
1.549501705,-6.330002988,20.1520119,-7.46395746,-5.233626177,12.48020205,1
0.361317054,-5.319337219,16.51938096,-13.74480038,-2.266375386,27.91014047,1
1.826402242,-4.213537461,19.86900509,-14.44652803,-0.158883596,33.73308524,1
7.024212582,10.02716929,17.19804257,-13.17336662,9.908195985,22.39176738,1
5.270985192,14.72936564,12.12157984,-10.34346888,13.53473926,12.13849714,1
5.193045192,19.93257565,6.606219362,-6.108352085,15.13554999,6.694286922,1
5.943716912,17.95144155,0.45254744,-3.321183719,8.676908025,5.320370369,2
5.719657972,12.99239543,-4.640870063,-1.538512429,6.878627624,3.424457193,2
5.806222592,13.00437276,-8.529973524,0.0476332622,4.956520664,1.356436168,2
5.987485992,8.575520984,-11.68854628,1.644756494,2.767153632,-1.90712506,2
5.771505012,5.376759298,-14.76913607,3.353967187,1.763901504,-5.822482204,3
5.620249242,3.882823616,-18.15530941,5.356219317,-0.0373086685,-10.35018086,3
5.466919932,0.744700332,-21.67567639,7.192353707,-1.355180693,-15.39373065,3
4.370395382,-5.159912886,-25.07116093,9.368897267,-4.001870661,-22.3157863,3
1.845705622,-7.497719856,-26.10230161,12.31072279,-9.99640106,-29.28289924,3
-1.618295644,-4.679515923,-17.50373888,14.26480449,-11.1114394,-37.06053928,4
-2.912174463,-6.359171679,-3.134468433,16.59284306,-7.232030547,-44.86081377,4
-2.394275092,-3.184448417,7.241087653,12.315127,-6.068349323,-37.58091565,4
-1.583260992,-2.299595202,16.04559202,4.720754577,-4.177256006,-24.05057189,4
-0.33430238,-0.72828497,23.45980612,-4.004909231,-3.143907991,-6.242327881,1
0.979871906,0.959276783,25.25340362,-11.75569427,-1.603643826,10.40652524,1
-1.100066519,-0.491441425,19.82138315,-17.20578428,0.523782961,25.97146866,1
-0.27993018,3.090532986,18.98040338,-14.40194517,3.191204939,21.92244659,1
-0.503121942,6.258008477,11.19509948,-12.24606061,6.471251238,14.89454006,1
0.955160242,5.703587485,4.994998674,-8.103640708,13.54318498,6.463024484,1
0.946601939,4.396990182,-1.11040048,-5.346509868,10.68750197,4.065056439,2
0.997212051,1.58749073,-5.842783356,-3.494566285,7.835444939,1.281797248,2
1.168206872,1.939146816,-9.985933149,-2.009061104,6.397421096,-1.465794848,2
0.924247749,0.233403417,-13.0800159,-0.539305525,4.171863264,-4.118947162,2
0.455269275,-1.401025409,-16.65662426,1.054306617,1.839865602,-7.498901637,3
0.170305215,-1.472705955,-19.85782608,2.767188681,1.289877739,-12.30737213,3
0.177578163,-4.315309423,-23.09102172,4.538428227,-0.237085878,-17.44999825,3
-0.509519795,-7.116395415,-25.95676396,6.456116427,-2.146938719,-22.87969312,3
-2.864028234,-10.98184953,-26.12359866,9.050140897,-8.689399541,-29.91191798,3
-5.168066375,-9.683727026,-16.92412602,11.19563845,-8.097416133,-35.8758648,4
-5.277166012,-8.681217496,-3.18019324,9.800513477,-5.958489761,-36.49987797,4
-4.113557518,-5.706490079,8.560802559,4.439127457,-5.51300752,-26.32760713,4
-2.016896171,-4.118019409,15.69142091,-3.146143814,-3.060532705,-8.371118642,4
-0.757587496,-0.202585407,19.48833935,-10.34238716,1.314464705,8.41632763,1
0.722725214,-0.162547938,20.93103839,-16.66083985,5.036572873,23.33548412,1
-0.0152619544,5.430035819,22.5748547,-19.87132147,4.980807445,33.31665224,1
1.412251922,7.418013216,20.24927074,-16.07189739,6.075068579,24.17006815,1
1.381882332,8.30401588,12.18515967,-13.26637983,7.436841819,16.67247689,1
3.203717442,12.06637472,5.967788827,-9.363503405,17.12315356,8.053187939,1
4.567197022,7.385666137,-0.682250525,-6.28642838,8.093803405,5.007801243,2
4.622000002,9.286060282,-5.294489547,-4.407068151,7.486835421,1.599901544,2
4.430842862,6.407111387,-9.448500282,-2.277533073,5.336383558,-1.420726796,2
4.369850022,2.495188959,-12.87658878,-0.437638035,3.125762806,-4.480137991,2
4.022255422,-0.39116428,-16.68002441,1.392740763,0.470466808,-7.488386972,3
3.870640852,-2.199011162,-20.20206457,3.696027079,-0.810924764,-12.70980747,3
3.694127652,-7.046715737,-23.77544378,6.056485997,-2.916869828,-19.04316154,3
1.900905982,-10.93309756,-26.00107754,9.080846257,-6.411091294,-26.61573324,3
-0.944813936,-15.85193324,-22.40894121,13.51564664,-15.99939367,-34.02610475,4
0.465234904,-12.3780765,-10.33895238,11.92527269,-14.65334417,-36.10618575,4
1.662287582,-10.22412754,0.789264398,7.355885167,-13.52158798,-28.05365577,4
3.371493122,-7.300942084,10.98586175,-0.905057045,-9.046180868,-13.19301433,4
5.446259412,-3.949669999,18.59736175,-9.825734152,-5.566966328,3.908357446,1
4.725595802,-1.631673207,16.77361808,-17.97688996,-0.677122241,19.89635866,1
4.619584632,0.990394458,18.47451647,-20.35414965,-0.172650974,28.40517933,1
8.150398102,7.550004733,14.24130549,-16.07377309,6.463090792,15.97276829,1
5.621509942,8.411519628,7.83294987,-11.76112931,10.1231899,6.512414196,1
7.279086342,4.60652704,0.838956755,-8.472327848,0.657483703,4.514058732,1
7.077364462,1.884713762,-4.200641451,-6.436251999,2.586541013,2.100918741,2
7.186302032,4.423881363,-7.748856831,-4.252094635,-0.929705892,-0.166540006,2
7.674584102,-1.662644048,-10.38508554,-2.517098937,-2.679230638,-2.809408498,2
7.101406732,-5.443575839,-13.66924864,-0.362093823,-3.129715012,-6.899474756,2
7.005626562,-4.826889708,-16.773375,2.205941264,-3.38199115,-11.80111132,3
6.871378592,-8.227472336,-20.35589617,4.722518917,-4.505455562,-16.98017407,3
5.795176642,-11.50054019,-23.6882923,7.522788427,-6.808965416,-22.97938178,3
2.940799222,-14.73734479,-22.39994571,11.49476757,-15.39980882,-30.12680931,3
-0.625292935,-13.88464767,-10.45074523,15.18729269,-10.55575583,-38.22600996,4
0.521561534,-10.80709032,2.245398012,12.90992256,-9.013760293,-38.45661349,4
1.870912602,-8.293979806,12.41276011,7.515477597,-8.125981577,-29.67488263,4
3.719024332,-5.398604056,20.89993856,-1.421936655,-5.692139306,-11.50047256,4
4.982396762,-3.291252718,23.70061959,-9.530625425,-1.604769106,5.490707691,1
3.355642912,-1.027545858,20.77126231,-17.43426326,2.901452973,21.37569131,1
2.078679852,2.308692649,21.06997174,-19.94271435,1.920749838,29.76286929,1
-1.426814392,7.397164934,12.94895268,-15.99658456,4.089925045,21.63492929,1
-0.427453096,11.19372828,7.550593432,-12.16133289,13.75869666,11.87498697,1
0.82424035,7.04070931,0.534749762,-8.293146717,4.376182085,8.525154234,1
0.600688059,4.276649681,-4.931084726,-6.129162097,5.12436348,5.604509348,2
1.069692788,7.511942002,-8.855931594,-4.501439368,3.54892454,2.980802268,2
1.597570323,3.61054359,-12.20636973,-2.656829679,0.248177466,0.917823169,2
1.490564034,-1.210075622,-15.25076353,-0.684455786,-1.142918487,-3.087075854,2
1.772490732,-2.996397108,-18.2439794,1.775423012,-2.756372682,-8.15098544,3
1.652109572,-6.335848381,-21.77297805,3.966374977,-3.596218854,-13.92134082,3
0.0434891476,-9.265165776,-25.7770491,6.111544377,-6.320028613,-20.52599631,3
-2.449840489,-9.993605756,-25.95608069,9.518756887,-12.49692658,-28.02835467,3
-5.912338819,-10.71733793,-16.62098609,13.01806346,-15.45387317,-34.58679942,4
-6.90678932,-13.44782884,-2.341472374,15.78936828,-10.14585449,-40.36907821,4
-5.449330927,-9.163900646,8.767747559,12.28666809,-10.11122395,-37.01501059,4
-4.053479888,-6.270500663,17.02433505,2.500697538,-6.306867403,-21.26597051,4
-2.540385016,-1.462919228,23.27909685,-6.616873113,-4.999768951,-3.639015654,1
-1.75760816,2.494730116,25.17336954,-12.98813084,-3.949628113,12.840351,1
-3.081656878,2.755035288,22.50277773,-17.72567815,-1.498601326,28.24684222,1
2.081537632,14.38437077,22.69124183,-14.6947734,7.208300004,15.32058362,1
1.448801213,12.73067197,16.26075796,-10.78334251,10.29039496,5.564433109,1
2.238596212,15.79257159,9.818281821,-7.880560832,14.20100623,0.665444319,1
3.248173392,16.68022823,2.732784932,-5.137953422,9.224281029,-0.429714991,2
3.873138052,18.96246123,-2.07893868,-3.005538151,6.383045868,-2.508080374,2
4.212042442,13.33409649,-5.7235625,-1.101855671,3.803279582,-5.133608694,2
4.689318592,9.622875919,-9.267996806,0.733520148,1.822110389,-8.335249061,3
4.635836462,7.394537998,-12.59806495,2.959521773,0.744287242,-12.67253404,3
4.491958932,2.746784319,-16.27956273,5.436475597,-0.917526104,-18.21805652,3
3.954620362,-1.035117337,-19.97370599,8.283644157,-3.943383202,-24.25290198,3
1.941287042,-5.95958966,-22.83626574,11.29215054,-10.59836589,-31.29307948,4
-1.134552915,-7.723793698,-15.26344225,14.3163871,-14.62067007,-38.03236769,4
-0.678739933,-4.396152864,-2.297185747,11.79421639,-15.63978855,-34.23487992,4
0.0896277266,-2.999285556,8.702359287,6.356676197,-13.18366918,-23.00208243,4
1.568427377,-1.478783408,18.11705041,-1.265021938,-9.173323184,-6.688637284,1
2.538188842,0.362443754,23.62962293,-8.856425404,-5.976403792,9.989272442,1
1.459980126,0.259400521,20.06413789,-16.16569007,-1.487566947,25.58138075,1
2.871419162,5.837924719,20.40590384,-13.98637215,1.086788167,26.25211752,1
1.842047922,8.169889058,11.69879266,-11.10950483,4.879350029,19.27810419,1
1.01330679,6.891969994,7.303709209,-7.878027998,10.96713841,10.55722669,1
2.903841192,4.339256295,0.700309619,-4.871338227,3.211281835,8.083443885,2
2.668577852,2.231883314,-4.40327777,-3.079635914,3.493397528,5.12102402,2
2.847485562,5.716527503,-8.304372542,-1.371798333,1.150933221,1.914369303,2
2.979976252,2.459022456,-11.01221993,0.313762168,0.305057841,-1.430219181,2
2.815752132,-0.730946703,-14.47807798,1.843392058,-1.592407099,-4.264501555,3
2.269822442,-0.851219218,-17.61895315,3.64894593,-2.523926853,-8.142612724,3
2.333626462,-1.991344908,-21.0118165,5.629013477,-3.36996552,-12.97573346,3
2.186150432,-5.831343174,-24.40283737,7.644579867,-4.34718806,-18.66344234,3
0.688296395,-9.653302966,-26.69093992,10.67383036,-8.921011236,-25.83207861,3
-2.423191114,-15.30812947,-22.44244636,15.08489041,-16.20659732,-33.32227821,4
-5.555128534,-15.3346933,-9.094240099,17.82097726,-10.88632936,-40.59802256,4
-3.63283581,-11.08438457,2.773994704,14.04494654,-9.57960878,-37.54942468,4
-1.766153599,-8.172744726,12.920354,6.431336267,-8.177657111,-22.97457289,4
0.72107765,-4.776635587,21.06752205,-2.059986596,-4.956152763,-5.236380903,1
1.838392312,-1.328439345,22.80576743,-11.25565026,0.379205965,11.34698088,1
0.304070839,-1.502199799,20.71797312,-20.35480704,3.974945449,26.85069672,1
0.867885802,4.095147783,19.36214937,-16.38532524,5.328904191,20.23160076,1
0.876930357,4.86071659,10.73938223,-13.34929585,4.282054361,15.22956795,1
3.434478052,14.47839737,4.806872387,-10.7220244,10.61486191,7.222282096,1
4.908600612,10.94103074,-1.45068844,-7.4363013,4.299040431,4.516596422,2
5.177111852,11.03142615,-5.936406324,-5.58638768,5.125259759,1.713874204,2
5.181279312,8.963712074,-9.755569432,-3.260367992,2.556351722,-0.824422733,2
5.537339572,4.066773834,-12.74891747,-1.268072749,0.732855355,-3.671819594,2
5.648191522,0.597789775,-16.19260635,0.703294249,-0.785659285,-6.500732061,3
6.039915662,-0.793631336,-19.19354637,3.36985455,-2.060274326,-11.44422301,3
6.151327072,-5.347388624,-22.57181399,5.855360087,-3.479894383,-16.962922,3
5.269028272,-8.695706506,-26.10863181,8.504390867,-5.82682739,-22.96871664,3
3.767161362,-10.88229474,-28.53750965,12.08712159,-10.81145607,-29.64496842,3
-0.0315443474,-10.90940644,-15.99252956,15.7972097,-11.34741993,-35.61288372,4
0.0728130556,-13.02339915,-1.214012247,16.29247726,-9.86762929,-38.58704319,4
1.35203844,-9.688988276,9.527259048,13.13551207,-7.985486991,-33.64479735,4
2.274296262,-7.868062469,18.56936091,5.553294277,-5.333797146,-20.371208,4
3.394798052,-5.609873207,23.10725581,-3.144614951,-4.195351162,-2.802505907,1
3.194626602,-3.283131343,21.24619922,-9.999224534,-0.575970315,13.62240047,1
1.590386727,-3.694214947,18.00178459,-16.30028211,1.116988668,28.97797701,1
2.406726702,1.142831587,17.40741825,-12.24905984,4.747148515,21.62881014,1
1.511420305,0.752550096,10.82422794,-9.710803027,8.534857192,12.85025932,1
3.258760142,4.536160834,5.159878948,-5.93907498,15.03385075,5.412128647,1
5.022974382,0.297023425,-2.181130048,-2.644366848,6.948662557,2.958898661,2
4.508185622,-2.664273737,-7.480083552,-0.902282219,5.471017688,0.536240772,2
4.308543692,-4.803949114,-10.9176116,0.516279069,3.592868285,-2.665975033,2
4.328032022,-7.642264672,-14.30618254,1.977093262,1.215119105,-5.792830286,2
3.823717522,-8.871739756,-17.53672827,3.537510871,-0.427180114,-9.579388173,3
3.827583042,-10.2898885,-20.99852309,5.338072087,-2.229786301,-14.16995723,3
2.917259022,-13.35517207,-24.28510788,7.505697007,-4.185243039,-21.89637876,3
0.798112059,-17.36132844,-25.09075899,10.92843932,-10.57215331,-30.3709789,3
-1.878457125,-20.87470592,-17.40145763,14.66727217,-16.89094287,-38.11602673,4
-3.560213227,-17.26855426,-1.437467992,16.65668074,-9.9485849,-46.88818235,4
-1.870615813,-13.10443631,9.840885251,14.24639442,-10.94156651,-45.17896848,4
-0.0724678674,-10.29672104,18.36337984,6.647484557,-7.346901753,-30.85991024,4
1.149657391,-6.248738832,25.02717292,-1.777444191,-4.012590035,-12.60834993,1
2.480468542,-3.865502993,27.07039571,-9.904214486,0.856027244,4.454957755,1
1.325551383,-1.177973267,23.14579817,-17.77508612,4.836466072,20.40737301,1
1.251652527,1.272002199,18.90698721,-13.56079274,7.621968825,12.74447024,1
-1.754950782,5.769832732,10.95211943,-10.84176922,8.437984399,5.867053373,1
0.293953683,14.67913234,5.270006769,-9.02793554,16.34945769,-1.962330744,1
1.812598332,12.78620285,-0.201619108,-5.533123126,7.382895997,-4.333810406,2
2.235485212,12.9526685,-4.006710568,-3.585583739,6.235602001,-6.924419301,2
2.413780142,8.937461525,-7.449832483,-1.759870227,5.126245428,-9.359283103,2
2.691232622,4.467412104,-10.67922363,-0.102688809,2.98443984,-11.53082229,2
2.575609242,1.283779094,-13.89804351,1.520612294,1.897999428,-14.32690492,3
2.953291272,-1.271379986,-17.46758848,3.876668397,0.0493159025,-18.72114297,3
2.699410672,-4.262194475,-20.87477664,6.252685617,-1.830505761,-23.55746789,3
1.865515602,-9.272110326,-24.04325468,9.226026147,-6.282073145,-28.63970828,3
-0.577555727,-15.29696429,-26.78441771,11.54782746,-12.00596334,-34.74062214,3
-5.319271115,-7.16139892,-13.46744882,14.31153605,-5.236599925,-45.35775064,4
-4.948146705,-2.748811596,-0.732361208,14.537952,-7.871992139,-46.35140711,4
-4.843079557,-3.482274053,10.27458241,12.09523381,-10.10881498,-38.75293455,4
-3.578588502,-3.050397959,19.54618542,5.472825317,-7.150504519,-24.26463544,4
-0.925179769,0.36488588,25.54487376,-4.582307886,-3.730631415,-6.442455004,1
-0.144741492,3.335296503,25.18510744,-12.33970865,-0.974977376,10.21942723,1
-2.047651476,2.653761505,20.07145113,-18.28126481,1.126918472,25.79655151,1
-1.504079767,4.650625868,19.91851911,-17.95997635,3.211678137,26.73789193,1
-3.597639585,10.90687142,13.95515004,-14.1265398,8.237801048,17.14342427,1
-3.791595862,9.114493866,8.613472671,-9.400253572,5.650034591,10.97551144,1
-2.444065638,10.44933882,1.570154385,-6.038657307,-1.157649458,7.806924529,2
-2.076844802,7.847316462,-3.553307325,-4.212680909,1.002332703,4.591802798,2
-1.790155985,3.791960146,-7.379601906,-2.54134597,0.142786683,1.633185898,2
-1.234539393,-1.263490752,-10.79486282,-0.774179286,-1.961173976,-1.646902775,2
-1.138288735,-2.007723755,-13.94505935,1.27778531,-2.70228917,-5.823083812,3
-0.614183899,-3.66313887,-17.37643952,3.538885168,-4.311079384,-10.45455473,3
-0.915948837,-6.593110616,-20.96241534,5.925965957,-5.640290361,-17.15427893,3
-2.912694568,-11.24464468,-24.3074786,8.691596117,-10.39516786,-24.7430331,3
-5.456453255,-13.54989859,-20.78487278,12.1240549,-18.52802371,-32.21621725,4
-7.837582886,-13.34969399,-7.877870771,14.18913383,-14.64856194,-36.71586217,4
-6.234092629,-10.02980275,4.391487417,9.183773687,-13.82507442,-29.20925535,4
-4.261636048,-7.436663386,14.37045303,3.284871659,-11.33113502,-14.59623805,4
-2.471735496,-4.976585414,22.51907773,-3.94560763,-9.328380428,2.596489435,1
-1.177847832,-1.233242954,26.04682426,-10.05069491,-5.841224334,18.66989872,1
-1.96346313,-0.639334119,23.84935154,-16.936004,1.649839737,33.6968621,1
-1.155661415,8.483579758,23.57612893,-16.94617997,5.7852275,36.11664134,1
2.411894862,18.60350124,21.27873845,-13.69233913,13.01159614,22.61494445,1
2.576221262,19.56892496,13.56533396,-11.002501,14.0573731,16.15737138,1
6.304141192,26.85614644,8.074691659,-8.831005958,21.94622418,7.637183056,2
8.557031972,19.99017018,1.441959524,-5.997214993,14.61850244,4.932797807,2
8.662520932,20.55537182,-2.903262838,-4.043799855,12.3325683,2.445209147,2
8.319571052,15.96820785,-6.519054989,-1.995036174,9.343608275,0.0147680399,2
8.329754402,11.14572909,-9.623275818,-0.26492665,6.868623559,-2.918059371,3
8.080987992,8.168059749,-12.94660509,1.605368571,5.149823698,-6.306657893,3
8.191144012,5.965891081,-16.93075347,4.146144847,3.393416552,-11.45153192,3
7.838649592,1.577544569,-20.80800574,6.766878457,1.133457345,-17.43715482,3
6.551952772,-3.528447154,-24.41246782,9.526935547,-2.458060996,-24.48942889,3
3.653769842,-5.897466829,-23.47384198,12.67702248,-10.01838069,-32.15346732,4
1.00635886,-6.994666363,-9.258295215,16.27817343,-3.731574705,-39.06174823,4
1.758400182,-4.567834588,3.175440162,14.12498763,-4.406106561,-37.14085163,4
2.911495542,-2.565730458,14.46043779,10.37699133,-4.404417642,-27.97092543,4
4.334729822,-2.309754228,23.88172373,3.523224168,-1.41515586,-11.53515358,1
6.034854422,-0.922556999,30.17780564,-3.545945749,-0.104166424,5.458284553,1
5.216762882,-0.213771252,26.58833798,-10.07441698,3.214091873,21.34537906,1
4.029732942,1.137303237,28.27312574,-13.0133476,1.96319184,30.46965444,1
7.056049242,12.21233508,27.20674762,-10.43824681,12.41117258,15.82213866,1
5.722452012,16.10171578,19.9175315,-7.40941739,10.62011551,7.752928822,1
5.408986902,12.24309422,13.14459697,-3.895800909,6.105502388,3.861332781,2
5.132817672,8.077884866,6.15050044,-1.730509411,3.27310091,1.582578463,2
4.938703202,10.47760178,1.343263663,-0.20140267,1.260883449,-1.444372653,2
4.656891902,7.418260553,-2.283754387,1.053312561,0.660672885,-4.859872273,2
4.320412002,3.829925114,-6.144521734,2.513436307,-0.570020313,-8.368416549,3
3.953187572,2.704418978,-9.801620755,4.335468857,-2.288324497,-12.48548853,3
3.781731052,0.0324317591,-13.63189944,6.052787247,-3.744258191,-16.91616396,3
3.179369282,-3.978562525,-17.47954181,7.733303567,-5.503265539,-22.1074257,3
1.872159122,-7.929590045,-21.2679182,9.599950967,-9.006922392,-28.00826631,3
-1.178815399,-10.8361112,-16.25638897,11.80502102,-14.12078317,-35.75762826,4
-3.589587685,-8.500918646,-2.076607974,13.59483399,-5.968495799,-42.49235804,4
-2.624757833,-5.081953903,9.215540448,9.090597947,-7.311494877,-36.85081191,4
-2.251236941,-1.520002852,20.00845801,3.257863392,-7.659081698,-23.6963232,4
-0.870873461,1.323775784,26.46829209,-4.140234078,-3.80674698,-5.911142258,1
-0.509713148,3.943172857,28.12115892,-10.76511852,-0.367637961,10.7161493,1
0.592363692,0.855758178,28.19368579,-15.46957268,1.045523637,26.2241787,1
1.139893116,4.125016748,28.62209896,-17.17560414,3.078461327,32.34613136,1
2.352627372,6.707576037,22.36875547,-13.07683216,6.442340333,21.32707138,1
1.554223678,7.133191641,15.23159343,-9.998906068,5.003619615,13.436406,1
3.063835192,14.03346793,7.735552875,-8.363625927,15.212926,5.096344095,1
4.783122042,11.82196579,2.57180284,-4.324460381,9.976605508,1.42041945,2
3.816548912,6.26657651,-3.704655125,-1.583892045,4.510973529,-0.755548946,2
3.827835012,5.869550012,-7.470929091,0.234189225,2.092823383,-3.933268503,2
4.075314802,1.737815213,-10.20621503,1.813206422,1.038105533,-7.184247107,2
3.906834802,-2.438347525,-13.51791792,3.178161018,0.0947708705,-10.1907909,3
3.448816802,-2.861216709,-17.07595115,4.829760647,-1.0022222,-13.37660873,3
3.389173072,-6.511465656,-20.60251385,6.870539627,-3.235783919,-18.05871597,3
2.460701052,-11.11814791,-23.66007064,9.400827227,-6.009384878,-24.1352276,3
0.362833932,-14.58002011,-25.89917614,12.14089841,-10.82169247,-31.65791652,3
-3.254469016,-12.41136213,-20.12767367,14.45025322,-14.592032,-39.31619912,4
-1.862931833,-5.674629182,-7.627543102,12.09470427,-13.76328412,-42.04329687,4
-1.282709016,-1.89279504,3.67879727,6.794559947,-12.83848615,-34.45409911,4
-0.885795796,-1.032925903,12.84883533,-1.211287285,-11.23777903,-19.47975241,4
0.558160326,1.828315826,20.10609316,-9.934207003,-10.41630721,-1.969087795,1
0.0549011396,3.272939588,18.63612668,-17.67249249,-5.011075269,14.4015596,1
0.345358856,0.121374821,19.99821104,-22.89681671,-4.527435879,29.70640963,1
1.081326089,5.967668567,20.45155747,-18.49709552,0.744248806,17.15699722,1
-1.832728578,2.405724074,13.36619732,-14.23331279,1.53367898,8.197213238,1
-1.568389914,2.575463069,7.314824934,-10.34844798,-1.539009664,2.943038503,1
-1.886511514,2.049194638,0.681892752,-7.583254925,-2.661263738,0.660490681,2
-1.577941516,6.010648849,-3.93223424,-6.158887918,-3.333951724,-1.618988442,2
-1.534833165,3.089636325,-8.152085025,-4.290314631,-4.206727257,-3.759004672,2
-1.260086412,-1.218742379,-11.66606568,-2.208117123,-5.596872878,-6.803771624,2
-1.088163435,-2.77402833,-15.31933023,0.145322351,-7.056453356,-10.24834483,3
-0.988031416,-4.592143724,-18.78442257,2.543728554,-7.616346359,-14.93394282,3
-0.989785841,-7.834659118,-22.26085143,5.057686357,-9.165981296,-20.45641451,3
-1.953047648,-13.28651854,-24.82052982,8.388968147,-12.5618136,-27.56196499,3
-4.450008166,-14.29058691,-17.69817764,12.81566521,-19.99630836,-33.98437735,4
-6.606088922,-11.45084848,-4.310652577,15.98509366,-17.15771704,-41.06899809,4
-5.518384666,-9.313059146,6.244792715,12.9097319,-16.20415233,-37.85165365,4
-3.493679287,-7.882183046,15.72808787,7.333505177,-11.54714522,-26.43454976,4
-1.706092203,-4.706156357,22.90468603,-0.284236662,-9.60632338,-8.471098862,1
-1.06405802,-1.362883093,23.36798767,-6.524379728,-7.275780253,8.322856539,1
-1.655419127,-5.078890658,20.73198395,-12.17746272,-2.674533085,24.02345547,1
-1.575974223,-1.418791373,20.60856748,-14.91242108,3.651228116,28.29689583,1
-4.400970775,6.84440747,11.43576345,-12.11930867,6.971857152,19.74086935,1
-2.257285422,10.27114934,5.55378043,-10.29382742,12.68648614,10.6098843,1
-1.417937018,3.950470505,0.149609735,-5.871704332,7.432853241,6.151315528,2
-1.24964506,0.649990819,-5.553907675,-3.150606668,3.068126351,3.505916838,2
-1.0729381,2.246330959,-9.288201151,-1.612492181,1.860008541,0.412359615,2
-0.673787268,-0.686405464,-12.51016225,-0.0751742798,0.396758224,-2.504132707,2
-0.657753983,-3.035314576,-15.86161003,1.493684743,-0.712444901,-5.775635021,3
-0.390438201,-3.663697761,-18.94469735,3.569365294,-2.377766579,-9.776895701,3
-0.101782771,-7.192163096,-21.86530915,5.705612307,-3.971425074,-14.47828583,3
-0.700161005,-10.41441801,-24.89081995,8.279455687,-6.861542207,-20.84402609,3
-2.797382158,-14.79382389,-26.30325036,10.98524447,-12.20547655,-27.98692632,3
-5.925819808,-13.30017675,-17.96280617,14.03244213,-16.07050037,-33.42253385,4
-5.375632341,-12.9890735,-2.805676131,13.64521902,-13.28781995,-36.67986185,4
-3.944346251,-10.26834169,8.19220437,7.498574967,-10.83531522,-25.12844341,4
-1.751412903,-7.915475712,17.52685988,-0.941033476,-6.133457714,-9.192143487,4
0.0747372236,-4.415416449,24.01960965,-10.4355466,0.740849089,7.648754924,1
0.505464559,-1.580823062,23.44870352,-21.52276297,7.501395889,23.39324068,1
1.25385669,5.845048647,23.33269498,-21.63665317,4.975480227,31.49856606,1
4.762394262,10.76935124,19.79101153,-17.18536013,11.51795272,18.24636446,1
3.966547122,9.813934672,14.87505138,-12.99455921,13.97525451,8.686666909,1
5.541133632,9.411464616,8.938532915,-8.546115544,20.31426733,2.133531293,1
5.076057042,6.202983,2.679211263,-6.269300756,16.83298424,0.408338423,2
5.156839062,8.825595025,-1.813119863,-4.637421471,16.05939052,-2.067314437,2
4.862316322,5.306072083,-5.544588347,-2.407952813,12.23820957,-4.249668351,2
5.203379612,-0.186210169,-8.60645277,-0.633576007,9.723785858,-6.977878874,2
4.768239502,-0.0990583749,-12.2949981,1.64964013,8.4722706,-10.93861808,3
4.783628402,-0.455177959,-15.8397646,4.223296937,6.647576518,-15.63937775,3
4.445354592,-4.66191788,-19.3822365,6.807715187,4.186188752,-21.18595814,3
3.038835532,-9.181390546,-22.90170157,9.319244467,0.230025281,-27.51931916,3
-0.3026712,-7.036877012,-17.01142938,11.69954858,-5.508544431,-35.01788825,4
-3.461401298,-7.224934463,-2.899714573,15.94448903,1.300739352,-44.40053411,4
-2.660882401,-3.266669771,8.058591328,13.43354457,-0.875628619,-42.7425112,4
-2.492632495,-1.723792743,18.78527007,8.063620857,-0.59863916,-31.76148758,4
-1.047876032,-0.45620373,26.36583325,0.423180719,0.376069573,-13.45123083,1
0.0052942456,0.45368518,28.47339881,-5.930570097,1.473088517,3.666951913,1
-0.962153364,-0.302505352,24.99290831,-12.69022913,5.258382009,19.67066963,1
-1.031157667,-0.342389412,25.41959906,-15.79910265,5.705246175,29.08924669,1
-1.627640957,4.956428969,16.49584732,-12.75256167,7.331501795,21.62952098,1
0.60271656,7.832553619,10.57649451,-9.765285687,16.09086551,12.36216579,1
2.097782522,4.812795718,4.699789524,-6.482742322,8.339689307,8.74418392,2
1.570780148,2.264314709,-1.003927146,-4.321386925,7.372496303,6.226015097,2
1.943845282,1.469220805,-5.264417901,-2.526745714,4.903152962,3.832053126,2
2.157518462,-1.908634471,-8.738409948,-0.913514822,2.92438653,0.974059749,2
2.146180852,-5.495234032,-12.14219613,0.749660094,1.196635559,-2.462792625,3
2.024816062,-6.123902046,-15.66661164,2.654235975,0.275265781,-6.892323049,3
1.707703422,-8.466997946,-19.31572396,4.911156487,-1.755363433,-12.88866715,3
0.553922664,-13.53694958,-22.3621854,7.671826097,-5.843267509,-19.92910939,3
-1.940352473,-17.68773367,-23.87417206,10.67248067,-12.76447353,-27.25674427,3
-5.332705877,-16.61960879,-18.22407498,13.66354793,-17.73602338,-34.43762865,4
-3.506850181,-13.15190088,-6.059969812,10.391138,-18.42863973,-34.5274414,4
-2.606018119,-9.079960516,5.056894862,4.254685797,-18.35941802,-27.77823114,4
-1.099738894,-5.450444259,13.82180511,-4.831542126,-12.54931188,-15.06589033,4
-0.14054638,-1.220772787,20.62530814,-14.17657835,-9.210087596,2.10724623,1
-0.234728514,0.567397317,20.05633811,-18.7741679,-9.86123474,18.21250729,1
-0.268141408,-2.212820164,18.89160776,-21.84060589,-6.632443781,33.26924875,1
0.94337786,-2.176515192,19.87595443,-16.12781408,-7.954568821,24.87776276,1
-0.287798695,-0.213370156,12.9353568,-11.0437455,-6.29134875,14.98815815,1
1.177326673,6.081883504,7.741035194,-6.398952741,-5.213248393,8.074439734,1
2.343417072,-1.740784967,0.149529079,-3.723995279,-10.05900968,4.987933028,2
1.23815238,-1.610041699,-5.310100741,-2.675555205,-8.133115284,1.990115355,2
1.707875482,3.188670725,-10.34325704,-1.841901033,-7.623541899,-0.923793901,2
1.671670612,-0.405436034,-14.41940819,-0.530549766,-9.132971947,-3.483089339,2
1.382019562,-2.735881229,-18.16561322,0.977059015,-10.44528744,-6.596980181,3
1.242356221,-3.297332037,-21.73497991,2.60904019,-10.75574431,-11.18104745,3
1.682003312,-5.31532641,-24.60555962,4.548031457,-10.94068761,-17.40829415,3
-0.476926052,-11.65043427,-26.54816821,7.261809867,-15.31323426,-24.77338473,3
-3.436556802,-12.47640637,-22.18926368,9.973253577,-21.10282251,-33.12723831,4
-6.365925916,-8.227906326,-7.740450288,11.17153685,-12.13636059,-42.24057611,4
-4.523963944,-2.512565487,5.106073594,8.120475157,-12.21453204,-41.34405719,4
-3.478930794,-0.969609959,14.96103063,1.402689089,-8.799252357,-27.80365888,4
-2.579916401,0.55733265,21.78225582,-6.013706309,-7.50274273,-9.751073271,1
-1.835792432,1.768301389,23.02941774,-12.28813543,-6.764498207,7.1262138,1
-2.23137574,1.900563101,20.74278517,-17.1209259,-3.904210704,22.90471916,1
-1.665412003,7.653376019,17.89423652,-13.3490689,-0.774164302,17.30744905,1
-0.499518575,11.82714632,8.867847727,-12.31971341,0.753380706,12.18584656,1
1.104560395,12.28850865,3.519118576,-8.959776421,5.334065173,4.430363825,1
2.117435872,11.77261724,-1.56632264,-5.553344659,-0.172044793,0.0189632459,2
1.598094677,9.208620284,-7.202829186,-3.155963813,-2.255508612,-2.455181525,2
1.886928432,8.656810675,-10.91768785,-1.272787024,-2.938718375,-5.39757487,2
2.133116052,4.481697687,-14.04250328,0.591101827,-3.709571965,-8.248243929,2
2.335460322,1.402436165,-17.2047823,2.396228624,-4.957740881,-11.08120897,3
2.118326152,0.650539806,-20.43238492,4.492622667,-5.974147071,-14.68490061,3
2.043478302,-3.125024405,-23.92619761,6.838969507,-7.354031131,-20.10586682,3
1.030259859,-7.869724998,-27.42749018,9.494992087,-10.25886816,-26.63670285,3
-1.574002968,-10.66292115,-27.37886848,12.75295692,-17.42953868,-33.66523284,4
-4.945007063,-10.35562781,-17.96306539,15.75659471,-19.29943199,-40.36631304,4
-3.714609943,-6.254636695,-5.324214712,13.4744465,-19.31656922,-39.79298213,4
-2.657697413,-3.386729142,5.96478972,8.500217607,-16.69756874,-31.00272756,4
-1.315443361,-1.43767804,15.10967978,0.102686417,-12.29056682,-15.00088528,1
-0.180281636,1.852742798,20.81407102,-9.14089237,-9.58509599,2.218186422,1
-0.969251184,4.458066834,18.31155536,-17.05996934,-3.487431188,18.31622481,1
0.124000479,5.965927784,20.25853126,-18.36195261,-3.183453647,24.93016977,1
4.608113352,14.80583638,18.92814874,-14.38164632,3.095967543,12.57548142,1
2.797110652,16.24549826,12.24545583,-11.07323671,8.04866072,4.384353197,1
2.898608292,15.26287737,6.089724571,-7.540634101,4.31240763,0.228771136,1
2.770974002,12.94053981,-0.27370702,-4.566837597,2.136662833,-1.452880182,2
2.971527502,12.78204627,-4.569320514,-2.839166322,1.327443539,-3.808353366,2
2.930042952,11.07918351,-8.442717228,-1.18920427,0.667765339,-5.915108,2
3.157990002,7.0920709,-11.7798242,0.56145793,-0.896182207,-8.39233702,2
3.007508422,4.663917187,-15.0094435,2.719188662,-1.932633746,-11.88398973,3
3.360548962,2.059563682,-18.13708289,5.060790737,-3.168338758,-16.16706401,3
3.162607272,-2.677464963,-21.47237198,7.286204257,-5.094977669,-20.93522518,3
1.0071222,-7.882940509,-24.57512198,9.847544887,-10.2191433,-27.14831598,3
-1.99498539,-11.71537732,-22.65832462,12.95341367,-16.90165517,-33.77398902,3
-5.676838134,-9.825110026,-9.992444716,14.44444736,-16.71677309,-38.24771573,4
-5.34799973,-7.849290742,2.903339133,12.24275836,-13.30640199,-40.57151267,4
-4.097326573,-5.791502452,12.96230142,6.307126337,-10.18511547,-30.09790196,4
-2.472101918,-4.098652753,21.91587157,-1.679901282,-8.726854808,-14.22848,4
-0.496213921,-2.008381731,27.26755174,-9.499600935,-7.991368581,2.940304904,1
1.401699483,0.152930078,28.10395386,-15.48052528,-6.439498222,18.99133037,1
-0.0997211204,1.653977663,24.25412511,-19.98130152,-5.878260413,33.99736721,1
0.888740091,3.145217647,22.89507749,-17.06431661,0.287024694,28.77464496,1
0.383827,12.62374834,14.30307232,-15.18710246,3.734786896,21.91803654,1
2.061526712,15.51280179,8.936260239,-11.9643384,9.358165777,12.38106157,1
2.155779632,17.80547401,3.817522084,-7.819894864,5.920611705,7.309482994,2
2.302507532,15.78450587,-1.334036749,-6.179452641,7.137965359,4.310031062,2
2.794827172,16.01256617,-5.578996457,-4.185364161,4.080393932,1.730366778,2
3.439372442,10.80324625,-8.532325819,-2.388154376,2.575901992,-1.042952125,2
3.657505182,5.701610052,-12.00665005,-0.705466908,0.867858584,-3.893009795,3
3.654310422,4.275932199,-15.46041732,1.304274617,-0.304300987,-7.954749051,3
3.665231402,1.882605943,-19.02311596,3.402220664,-2.085104796,-12.70622318,3
3.288507902,-2.56872065,-21.70119722,5.891579497,-4.292869829,-18.99659723,3
1.811769712,-8.621204686,-24.13538547,8.728490407,-8.506641015,-25.85297108,3
-1.133448605,-6.249411033,-15.60626595,11.38319012,-12.62439537,-33.42575371,4
-3.047488853,-2.550855602,-1.284036268,13.19400887,-7.179715813,-40.79112222,4
-2.638002419,-0.0850121719,10.22523004,9.625335747,-8.36140633,-36.62677011,4
-1.621875908,1.062474353,20.01413615,2.974979869,-5.309733308,-23.99400364,4
0.0562666106,2.756633145,25.64757953,-4.238304404,-4.584622734,-6.189442457,1
1.143847553,5.107408237,25.26125842,-10.44205508,0.133481626,10.45596761,1
1.00379563,1.947177216,23.06227855,-16.03677641,0.83998906,26.01769212,1
1.240423647,4.692881264,22.92970463,-15.28493856,2.877863916,27.55905992,1
-1.49226066,9.620669176,16.25024431,-13.60900266,8.827239776,17.80235232,1
-0.493108887,16.38482899,9.705634641,-10.19393648,18.60780521,8.507496862,1
0.767826077,9.534497221,2.352793485,-7.155184003,8.453121224,6.5083966,2
0.478407838,7.90895298,-3.442503008,-5.615138344,9.699809758,3.903328733,2
0.790964041,7.427849378,-7.836791778,-3.318539307,6.303591527,1.47084187,2
0.99972503,3.048134712,-11.07923658,-1.593658002,4.897745793,-1.599001971,2
1.198868451,-0.430527617,-14.60132961,0.18333582,3.247156936,-4.85393285,3
1.306070652,-0.899177624,-18.17326814,2.318000162,1.417925996,-8.505914955,3
1.715244282,-4.637427061,-21.4396429,4.559558117,-0.738752518,-13.73758277,3
1.285169019,-9.535990266,-24.21471133,7.309838997,-4.421965507,-19.68563624,3
-0.849414896,-15.5848911,-26.70033277,9.939179657,-10.41348455,-26.27562018,3
-3.697374925,-13.62101956,-20.14154771,12.7127472,-12.02539318,-34.08662396,4
-2.627676716,-10.02865404,-7.185531762,10.5696582,-13.97542103,-34.18091048,4
-1.311218995,-5.98819,4.25842813,5.859048947,-11.32069501,-27.37230444,4
0.28709382,-3.518602258,13.83577782,-2.434083092,-5.965362128,-13.46697946,4
1.784330042,-0.380296995,20.89914148,-11.40174232,-4.786792042,3.652228587,1
0.159650932,1.656144911,17.616227,-17.71579827,-0.614815869,19.65690486,1
0.341464399,0.64136519,19.2498504,-19.6555707,-1.920918448,27.33691584,1
4.551145852,9.671462804,17.28726616,-15.99486595,6.252200414,13.84603529,1
3.137242632,8.352409445,11.60298768,-11.4052307,7.37842751,5.366055987,1
4.567634872,4.064990616,4.756940056,-8.162448166,-1.128259082,3.256565409,1
4.122723742,0.755068372,-0.70810513,-6.254828547,-0.564117899,0.945161688,2
4.141395382,3.592291423,-4.657049353,-4.36014091,-2.524701871,-1.600209979,2
4.177229522,-0.654934906,-7.780669905,-2.654370442,-3.616559242,-4.427895591,2
3.907243722,-2.820621779,-11.69235367,-0.970245771,-4.808198796,-7.358086089,2
3.446218872,-3.1987351,-15.56692748,1.017494237,-4.915435859,-11.52205998,3
3.532775652,-3.611339609,-19.04371571,3.414749417,-5.668362203,-16.64379092,3
3.082222482,-6.994698771,-22.06367925,6.012071047,-7.31849364,-22.59237959,3
1.831504222,-12.64777119,-24.58900735,9.127239757,-10.50876637,-29.46747606,3
-1.591836045,-12.39950719,-15.30516531,12.41610067,-10.26623106,-35.87411348,4
-1.097808034,-10.77414763,-3.335563673,10.43835598,-10.46118867,-36.32737402,4
-0.214737149,-8.419147316,7.233885307,6.003522527,-9.052506425,-28.10894862,4
1.794491042,-5.365617615,16.31303994,-2.569223061,-4.444365457,-12.47630417,4
2.733640252,-1.884043243,18.23118181,-9.789615305,-4.514691531,4.578406786,1
0.5117087,0.283081363,14.75837428,-16.0377608,-0.3480126,20.522785,1
2.130915532,0.981920371,16.75488291,-16.88177322,2.085594259,24.69630805,1
4.830837692,9.110181207,13.21626264,-14.1005187,7.538684148,13.89861855,1
5.663701872,9.99280834,7.201970427,-9.398775006,13.5829789,6.077820822,1
5.200082982,5.799261679,-0.204932008,-5.474507814,5.43131597,2.914672892,1
4.922116392,3.387226597,-6.638869325,-3.48757116,7.127062947,0.467575489,2
4.438232472,2.719695421,-11.5065411,-1.823707457,4.816252782,-1.646358796,2
4.366824422,1.904391738,-15.54570063,-0.182238184,4.14997575,-3.607269284,2
4.650242632,0.651919518,-18.69753539,1.787478506,2.362302029,-6.674332476,2
4.666856442,-0.890547161,-21.69930687,4.091887837,0.859396438,-10.59423576,3
4.995809712,-3.822708951,-24.61939605,6.570122427,-0.936074161,-15.11277354,3
4.985952022,-8.235388376,-27.31112894,9.025097717,-3.16450499,-20.4567096,3
3.758814542,-13.66314547,-29.99749204,11.85718239,-7.248088226,-26.50227161,3
0.83882734,-16.94840021,-24.8626792,15.50624458,-16.09942543,-33.68459159,4
-1.826484828,-13.34256084,-9.855862065,18.1672158,-6.893951502,-42.83714259,4
-0.842826573,-8.706864756,1.956159257,14.59861809,-7.861788352,-40.91781136,4
0.196994132,-7.073062215,12.00675144,7.995023017,-7.187588609,-28.76216251,4
1.61416619,-4.030675639,19.34913147,-0.643799266,-6.324823964,-10.64717432,1
2.535252972,-1.13122681,21.18782701,-6.693143598,-7.27259227,6.288452661,1
1.54366213,-0.508693568,19.06281292,-11.75707431,-1.813742473,22.12149976,1
1.089988201,0.0628793521,20.56103101,-15.69261979,2.547635628,29.86407606,1
1.41041169,2.412201927,11.77279153,-13.29922497,0.336283114,23.84650537,1
4.366851312,6.223859687,5.916550291,-10.57040851,9.400066274,13.1811309,1
5.933754452,2.121211916,-0.369545119,-7.115245597,2.594605402,9.201376954,1
5.629877832,1.977177943,-6.477854229,-4.396634718,2.518511592,6.163691462,2
6.382408962,4.435323229,-11.00682488,-2.569279061,1.693373048,3.741004465,2
6.362247452,2.710616197,-14.5957204,-0.572802755,-0.0471177205,1.351371437,2
6.842090732,-0.989457903,-17.48604763,1.286740749,-1.047949813,-1.734039533,2
7.056249282,-2.731034582,-20.45692012,3.31976651,-2.900044979,-4.809312256,3
7.356799702,-4.340352559,-23.13155842,5.525410917,-4.002235325,-8.798482063,3
7.321381712,-7.491972248,-26.01353636,7.820910217,-5.60139614,-13.73642447,3
6.730469452,-11.97223456,-28.4933088,10.720465,-8.933758097,-19.98804033,3
4.470354962,-18.02892203,-30.53695965,13.39002013,-14.37524067,-26.0303387,3
1.171250918,-21.23260231,-26.1880792,15.67467632,-20.84131417,-32.90115348,4
0.941001366,-21.02445671,-11.89615876,14.03960468,-19.60322845,-33.35822465,4
1.518980499,-17.88092245,0.35416818,8.932717507,-19.03782008,-25.32763949,4
2.331028622,-15.39454397,9.804231731,0.881544618,-15.08443861,-10.33949596,4
3.284420832,-11.66187935,16.13119134,-6.224753915,-13.69762202,6.576099874,1
3.282666972,-12.23229648,17.18647415,-11.58491612,-8.762229399,22.39041994,1
1.266390302,-9.256850306,18.72240979,-15.97125407,-6.038115351,31.35079467,1
2.006469542,-1.663533135,17.65594795,-13.90939958,-2.313664038,27.44230098,1
2.655649882,0.137071235,9.883855931,-10.63372203,-3.868779214,21.14778074,1
3.623173972,1.379871092,5.259735368,-6.663824017,-1.923695043,14.14696303,1
3.643572652,0.553447891,-1.042706592,-3.470943315,-6.494861876,10.98747154,2
3.665623522,-0.8370732,-5.78843732,-2.047574144,-4.618717478,7.501207953,2
4.027475382,0.317155674,-9.837771012,-0.499315283,-5.339800771,4.595072172,2
3.919231042,-0.949203332,-13.21915804,0.851287927,-5.856482934,1.185730649,2
3.889062742,-0.974800161,-16.25225269,2.2858213,-6.459729635,-2.321526795,3
3.788836232,-1.143271793,-19.23142809,3.975647747,-7.349044483,-6.111556996,3
3.950441452,-3.522538354,-22.12939889,5.821196817,-7.891875406,-10.8161376,3
3.895392772,-6.398582197,-24.84515688,7.818787507,-8.894084326,-16.47010159,3
2.065722742,-10.75581696,-26.29085918,11.00805972,-15.02409995,-23.4601651,3
-0.723672203,-14.51943342,-20.99602564,13.20291571,-22.26352023,-30.52463428,4
-2.677304942,-15.50929572,-9.123821746,14.66578485,-15.72041679,-34.38984694,4
-2.46824943,-8.846049156,3.286257687,10.32527697,-15.02433908,-26.94675655,4
-1.22326585,-7.899566064,12.11677326,3.865783757,-11.62729494,-10.44851896,4
0.431905725,-4.754693517,18.11287273,-2.752327995,-6.298691427,5.442020959,1
0.878619627,-2.543728765,19.52193744,-9.038417467,-0.947950117,19.95430041,1
-0.248006411,-0.86314381,19.32282467,-13.75495257,-1.114280474,32.55319452,1
1.614376139,4.99260861,17.5223825,-10.64032859,0.771180347,24.70354189,1
0.955429463,7.29367652,10.80008061,-9.194753878,5.267756185,17.75385467,1
1.004968161,12.09535519,5.108991508,-5.995051405,16.30227849,8.290793257,1
2.203638152,6.604620218,-0.911441855,-3.26840686,7.863805942,6.33510692,1
2.385496572,4.956736573,-5.176463671,-2.181578854,7.994021363,4.362202649,2
2.615119902,6.103809793,-8.930859977,-0.799436019,4.798760737,2.825699998,2
2.519352932,3.645621975,-11.37937006,0.332784428,3.342370851,0.571653027,2
2.480981442,2.213229892,-13.71913588,1.216452314,2.566910355,-1.86992881,2
2.423749772,2.372155907,-15.65226004,2.134976939,2.03714078,-4.813171643,3
2.559985572,0.825479738,-17.63685359,3.270366677,0.383544481,-7.56728063,3
2.560195282,-1.167373984,-19.46144609,4.291107967,-0.603105558,-10.55832475,3
2.291673722,-2.928660024,-21.00085372,5.363113927,-1.599529669,-13.79025005,3
1.787314302,-6.801512486,-22.5140486,6.624608037,-3.404290465,-18.24028819,3
0.0477019626,-8.802469896,-24.08022332,8.040405377,-5.793895211,-23.55843054,4
-2.120559927,-9.751271466,-21.39893051,9.973982607,-10.23826564,-29.82525057,4
-4.325479457,-11.30388731,-12.55424046,11.65898968,-14.81846884,-34.38419654,4
-3.897362209,-4.083938972,-1.407465657,7.778483957,-12.63784811,-26.0712462,4
-2.752059117,-2.302086505,6.529087384,1.953190747,-7.990498263,-11.17178146,4
-1.458299316,1.61631881,12.8164495,-3.57878163,-5.057843628,4.40970811,1
-0.850278876,3.447770195,17.26098644,-9.011866581,0.685970245,17.02323556,1
-1.128229056,4.86096983,18.27400732,-13.04865049,2.510851656,26.2262447,1
-1.650840663,10.10116967,19.13812652,-15.00567468,3.875192386,31.2339527,1
-1.151977795,13.54883757,17.50170082,-13.20188865,2.495321925,29.80169161,1
0.356494894,12.58382822,12.73031398,-9.938000333,4.189492662,23.66102584,1
0.291544768,18.17408093,7.646695772,-8.175058485,10.54422093,16.25468988,1
1.932535772,19.77642249,2.588071779,-5.40582747,6.881928233,11.44004497,2
1.922931132,15.36216089,-2.266384468,-3.129809317,5.211436014,8.707621343,2
2.150880252,16.66874618,-5.64498834,-1.826997055,4.845269632,6.196303244,2
2.297430412,14.18633536,-8.02132006,-0.524563385,3.492146773,3.735233592,2
2.463745162,10.22094835,-9.903196208,0.552508805,2.995521062,0.912352482,2
2.547706562,8.611311331,-11.67944236,1.538597482,2.381222732,-1.8648314,3
2.554179442,6.838744197,-13.52680871,2.780365938,1.407566662,-4.722476066,3
2.673479732,3.595598314,-15.61153168,4.293454207,-0.395776602,-7.87786719,3
2.476062342,0.679327092,-17.94746398,5.743796907,-2.237183486,-11.253009,3
1.897610282,-1.413286666,-20.40102838,7.196077097,-3.752077675,-15.66259609,3
1.048860525,-3.811730331,-22.83144948,8.877162987,-5.513556175,-21.46247473,4
-0.645158923,-6.534836121,-22.73683895,11.01802755,-10.46692275,-27.75051457,4
-2.244288514,-8.335101616,-12.59904484,12.92513889,-13.13383148,-31.49433712,4
-2.18114335,-2.597880751,-2.244081684,9.454933297,-10.81751521,-25.70454063,4
-1.828556323,-0.397196689,5.979893366,3.517019315,-6.481398306,-12.67421041,4
-0.448889022,2.761409484,13.00733852,-2.982025577,-4.244032225,2.787039887,1
-0.422662281,4.855573644,16.57965079,-9.304818138,0.905390279,15.2941166,1
-1.037402825,5.796643093,17.81981703,-14.01940731,2.743802032,26.47880091,1
-1.319561733,9.262789877,18.97328282,-16.45712358,2.535308671,33.54083115,1
-1.392119352,10.60586154,17.95108616,-15.09578068,2.377145295,32.59913259,1
-1.365082441,12.45108291,11.22074209,-13.40235743,2.987748119,27.19276317,1
0.230279938,18.20991702,6.855291609,-11.67662864,9.585124446,18.94952243,1
0.945923787,18.35209524,1.549671396,-7.954240973,9.583406646,12.5820687,2
1.171418341,15.54104431,-3.423445174,-5.093091148,5.609647813,9.433064562,2
1.391669662,17.8666472,-6.233491138,-3.734483337,4.830125993,6.604806069,2
1.424728234,15.93507704,-8.915725697,-2.506546512,3.656306276,4.768321925,2
1.544544817,13.34098871,-11.31257031,-1.567169748,2.316018187,3.175576895,2
1.416155441,10.92373363,-13.22008105,-0.554343169,1.357534723,0.782522423,3
1.776438842,8.437354279,-15.06797659,0.954317957,-0.254299916,-2.189361479,3
1.861436672,5.277390144,-16.85616449,2.453172514,-1.330057141,-5.597585769,3
1.730794412,2.421500504,-18.9898699,3.861895977,-2.767911762,-9.013895044,3
1.459645901,0.301890733,-21.46994335,5.406893437,-4.33617018,-13.08944039,3
0.0528004086,-1.914665252,-23.16916208,7.485101177,-7.177208913,-19.4740747,4
-2.295600756,-4.928170888,-19.31783734,9.691759487,-12.43403352,-25.85580488,4
-3.369550488,-7.850289586,-9.03308569,12.02396947,-14.27798433,-29.59830787,4
-3.035954047,-4.796045289,0.805106489,9.467760417,-11.90853727,-23.64733861,4
-1.533970051,-3.661729139,8.656719804,3.773887087,-12.47192095,-7.98627871,4
0.206001361,-1.045083763,15.82182338,-1.646148916,-7.415160904,6.362621471,1
1.136809156,1.583497968,20.70946107,-7.547286311,-0.757419927,18.41786586,1
0.842243386,2.252808732,22.23657277,-12.42795549,1.845892201,28.77432572,1
0.229592126,4.470485298,22.40908865,-16.25922575,2.22534444,37.76114937,1
-0.437547005,9.559776905,21.91919229,-17.11663539,3.831790297,39.29991521,1
1.123754338,13.20759791,17.46767903,-13.61625885,5.491602144,30.73634489,1
-0.0461497874,10.64057812,12.28127464,-11.14346706,6.691189215,23.42469279,1
0.155022628,16.21131312,8.004234672,-9.50022975,13.53969112,15.32792476,2
0.42902791,13.41098934,2.526459225,-6.47336121,8.830531115,12.41539965,2
0.776091391,12.50164479,-1.253585709,-5.233011618,10.65912595,9.334367478,2
0.990290999,13.57027521,-4.537691165,-3.650717681,7.568510922,7.338058907,2
0.945669572,11.32286703,-7.194232096,-2.466480663,6.577515743,5.175681939,2
0.831434201,9.028059378,-9.235256656,-1.489479217,5.857667915,2.494459986,3
0.614367436,7.929708197,-11.35897215,-0.497108481,5.324259389,-0.383738865,3
0.713926194,6.230325179,-13.41495707,0.878683031,3.837630994,-3.390956301,3
0.94359724,3.230935817,-15.46722562,2.389415612,2.017144744,-6.47408919,3
0.693399514,0.921537751,-18.20793032,3.745168795,0.259548731,-10.07572666,3
0.416277335,-1.227078065,-20.93958027,5.030538187,-1.055794911,-14.98217248,3
-0.259042137,-3.28299705,-23.86889768,6.352427377,-2.419117947,-20.64008502,4
-2.005499062,-4.379046106,-24.63508728,7.826674657,-5.721731011,-26.64787984,4
-4.396723468,-7.863919516,-19.86379379,9.620187987,-10.70575132,-32.77068496,4
-4.05486502,-9.976013846,-9.081562101,9.701518467,-9.5011875,-31.21863295,4
-3.856459093,-5.358825036,0.916744993,5.352902527,-6.755289588,-20.59099423,4
-2.397914348,-3.447281869,9.763441621,-0.345270955,-6.230116858,-5.794996986,1
-0.442254137,0.520845167,17.00103426,-6.693199143,1.174010323,7.977617835,1
-0.0449237354,1.873266898,20.09628004,-12.38148489,5.186894603,20.12044091,1
0.0076539516,3.584178469,21.14475197,-15.47668299,4.586887622,29.56338016,1
-0.526323494,6.494011343,21.23784822,-17.42563718,5.502151965,35.21561056,1
-0.648537406,7.755578292,18.9213262,-16.60026669,5.041559546,34.8597677,1
-1.64991048,6.21853029,11.66488606,-14.56103915,5.323229118,28.65156383,1
-1.769009655,12.3324656,6.884083172,-13.30923149,11.92054775,20.74498606,1
-1.094070372,12.1281269,2.276446379,-9.84215609,9.729298718,14.61330098,2
-0.481450547,7.452835399,-2.911375982,-6.767198041,5.580638814,10.84975424,2
-0.41932795,6.95225312,-6.630948062,-5.455067678,8.242690309,7.141488624,2
-0.432775365,5.458564237,-9.400555344,-3.963618504,6.800504837,5.069891944,2
-0.161231825,2.85264314,-11.19363094,-2.664636318,4.914776435,3.249393897,2
-0.102572112,-0.105162276,-12.42690865,-1.672250586,3.650012298,1.381021559,2
-0.222571682,-0.833910207,-13.94994035,-0.852258367,2.431330084,-0.501809228,3
-0.112234773,-2.433621845,-15.46819035,0.191510541,0.597098342,-2.596839307,3
-0.0637188484,-4.476554911,-16.78279112,1.21600287,-0.822674278,-5.232483622,3
-0.282112064,-6.363636076,-18.55718841,2.348140066,-2.171868821,-7.933961678,3
-0.737619891,-7.118555075,-20.50663768,3.392165958,-2.807873114,-11.01388545,3
-1.202711985,-8.357787276,-22.60086752,4.717901997,-4.082957238,-14.92445371,3
-2.079095723,-9.770653446,-24.91538873,6.084483667,-5.29886993,-20.54787767,4
-3.877429518,-9.320781486,-24.2445274,7.438091107,-8.636026443,-26.37441765,4
-6.459211131,-13.24686679,-17.92410495,9.012523797,-14.23100304,-30.86447435,4
-7.032117891,-14.90767763,-8.206928238,10.79588863,-13.39099027,-32.71229652,4
-6.728293954,-11.16796702,1.720528796,6.785309867,-11.67086632,-23.16609592,4
-5.302821273,-9.876105596,10.43095254,1.105142699,-8.386845685,-9.693061659,4
-3.396954803,-6.341285067,18.13123021,-4.821633284,-3.605975168,4.194752614,1
-2.147636341,-3.940599859,23.4884042,-10.62977895,1.898774756,17.56882274,1
-1.058133165,-3.089467832,26.29838585,-16.0761814,5.163622571,30.12533264,1
-1.065754486,1.351572687,26.53825998,-19.22687577,6.941369201,38.11870622,1
-1.607334609,4.109230981,24.02368386,-18.69898612,5.89682954,39.55720429,1
-0.121867064,6.649107916,18.14968592,-15.1363218,8.924732482,32.14761794,1
2.493752622,1.398207392,15.02689765,-12.29088292,13.57245458,24.02088306,1
3.978456382,3.251806026,8.666241074,-8.889609544,8.446412551,19.07563917,2
3.884827612,0.967871313,3.207454424,-6.897892492,9.726817107,14.79805821,2
4.149458582,4.577027906,-0.155486843,-5.015479598,8.415996563,11.23606631,2
4.410272002,2.19787503,-2.938878521,-3.463242473,6.7007644,8.288438072,2
4.114683362,-1.106719267,-5.374166798,-2.330450597,5.103658168,5.845637097,3
3.970959102,-2.565486966,-7.661338473,-1.222731065,3.901599554,2.821781637,3
4.076003882,-4.629637386,-9.922788675,0.391036364,1.760547361,-0.416480281,3
4.163282282,-7.732124399,-12.39016657,1.932523364,0.322647185,-4.382691012,3
3.615056092,-8.588683966,-15.42557466,3.548493429,-1.0310771,-9.693553137,3
2.748370772,-11.13937098,-18.77149463,5.321517547,-3.118715686,-16.09016089,4
1.110102429,-10.94808356,-19.05643972,7.024807297,-6.088189612,-23.22069248,4
-1.334452299,-14.81988208,-14.08259201,9.097519887,-11.46558445,-28.98249626,4
-1.755224357,-11.72415373,-3.368783313,7.384009057,-10.23837442,-25.21589599,4
-1.730376477,-7.500786612,5.302930351,3.425187922,-8.86655005,-15.59100147,4
-1.221865148,-5.364856202,12.89300903,-1.881745933,-6.784838216,-2.622561643,1
-0.407706961,-1.953863565,20.11709195,-7.492370204,-1.966704029,9.307366919,1
0.887901117,1.820178169,26.32646788,-13.68046626,4.958691537,19.12645679,1
1.200619692,2.564480444,27.61554231,-18.35257473,6.713023834,29.81179699,1
0.968458109,5.166680762,27.54863017,-21.16880189,7.72927984,37.4709354,1
0.34709304,6.740166702,25.07109276,-21.1741095,5.138857446,41.38943602,1
1.021852609,7.134354901,20.8360805,-17.19698459,0.81519747,35.37303161,1
3.050411442,14.51188932,17.00990223,-16.27474163,8.155526104,27.54145823,1
3.396188462,15.00260961,11.26619526,-13.13812662,7.70497555,21.59016303,2
3.421927442,13.03596963,4.773376709,-10.76451187,8.221040754,17.31278885,2
3.553279062,13.90888074,0.703003527,-8.174887115,6.996331596,12.59813712,2
3.428223172,12.42869276,-2.399036593,-6.338976653,5.959141172,9.470935311,2
3.344588192,11.42336068,-5.621979469,-4.931542353,5.017788374,6.77382502,2
3.283782892,10.82720003,-8.267533358,-3.687263465,3.568497207,4.197670256,3
3.382405052,9.326608408,-10.51832666,-2.501640575,1.851959422,1.772345918,3
3.616664232,7.488100944,-12.66430719,-1.116541782,0.254129274,-1.341962361,3
3.926072542,5.125061109,-14.88366205,0.309014821,-1.13586405,-4.843105472,3
4.136857642,1.8608628,-17.146779,1.790773361,-2.35887039,-8.860374228,3
4.300143782,-1.455566562,-19.48061126,3.461668836,-3.743652733,-13.67557461,3
4.234745652,-4.273457197,-21.7345236,5.207066337,-4.571376924,-19.41159824,4
2.120225202,-6.072432973,-19.92467829,7.742834967,-9.339717433,-26.45304698,4
-0.289758244,-10.5984229,-11.37713388,10.86751325,-14.99269223,-31.31200373,4
-0.335979751,-12.41228697,-0.870257511,10.53683188,-15.5425425,-28.26446734,4
-0.145740519,-8.103886376,8.839825305,6.983696447,-12.80714867,-17.96674449,4
1.631504647,-5.028164819,16.12811181,1.240446248,-8.275436519,-2.996883315,1
2.983099592,-1.445873804,22.46854028,-5.598148928,-0.840968518,10.75648201,1
3.400810832,-0.509302857,24.3813109,-12.17828428,4.070012376,23.7490531,1
3.403897132,2.271655231,25.2739924,-16.92981296,4.9772042,34.99920048,1
2.984086232,4.191074998,22.96590172,-13.7977371,2.37670865,30.97288636,1
2.343254082,4.685654579,15.42826146,-11.78748394,0.566894617,30.90866039,1
6.793649592,10.85666982,14.52410834,-10.32434575,8.630200547,23.05481179,1
5.578463572,11.42244077,9.246717312,-7.678937735,13.49975369,16.63466333,2
5.236126402,8.089990105,3.383570675,-5.53656258,12.16234633,12.97445912,2
4.917070222,10.96774289,-0.977790071,-3.680689764,11.4991155,9.384166338,2
4.750909552,11.13835563,-3.844737065,-2.108064658,9.914461936,6.714063399,2
4.732657322,8.364318826,-6.622388117,-1.052572986,7.883123069,4.463664448,2
4.454823072,7.256529151,-8.75676981,-0.274414476,6.270135122,2.007115029,3
4.300378522,5.52845391,-10.82222982,0.495302629,4.625068728,-0.664515343,3
4.204666082,2.914009062,-13.35820692,1.507467408,2.964913488,-3.788556922,3
4.026274662,0.618787078,-16.1776063,2.473107553,1.351746512,-7.243665358,3
3.823734472,-1.276666882,-19.52970018,3.443432431,0.0576834415,-12.08315725,3
3.228572212,-1.319190783,-22.71571284,4.054052007,-0.488035645,-18.07583913,4
1.60523435,-2.395073609,-22.34551518,5.792175337,-3.280587336,-25.47098215,4
-1.556015533,-12.52886663,-13.77546806,8.886394087,-8.820900567,-32.52970851,4
-1.099585668,-7.641665033,-1.608426279,6.837941247,-6.188830918,-27.59190668,4
0.21176098,-3.594677978,9.031366437,0.913445454,-2.391982517,-15.18822948,4
2.279152402,-0.210021057,16.29923553,-5.754352291,1.836671478,1.061549298,1
3.551826582,2.684072873,21.22334363,-12.21454627,5.622632768,17.23488959,1
2.935623632,2.637504757,21.74494702,-16.66022716,8.309765782,30.21149764,1
2.250759592,7.318133223,22.32448235,-18.39950735,9.343760051,34.58722004,1
3.432398362,12.53346535,20.55114377,-15.13101842,10.65068016,26.51623362,1
2.948643742,14.51396201,13.25068388,-13.51080026,12.29074026,22.30011816,1
2.634467652,12.4564488,7.910663414,-9.762877691,15.330533,15.7160168,1
4.144282942,12.10247725,2.371427915,-6.771560445,11.22550122,12.37589392,2
4.177942272,9.515018211,-2.399881867,-4.969891279,11.83522403,9.890996663,2
4.359415252,12.16687869,-5.462333876,-3.407707804,8.707776545,8.27518502,2
4.455561192,8.842586427,-7.536142662,-2.092763656,6.365084207,6.030438907,2
4.091955632,5.832570398,-9.370629726,-1.132642164,5.136532504,3.64722294,2
3.879178872,4.77635927,-11.18949546,-0.176417347,3.828025506,1.172301692,3
3.666347022,3.531121798,-12.81096931,0.925672801,2.595270364,-1.862211367,3
3.574163072,0.366721936,-14.89510939,2.292281826,0.918748549,-5.553001519,3
3.146247382,-1.848591071,-17.53050681,3.724890986,-0.705745828,-9.556338934,3
2.530123942,-2.950605788,-20.72150553,4.934591217,-1.885725788,-14.1404613,3
1.361046498,-2.694407839,-23.81899919,6.233421337,-2.76834695,-19.73893051,4
-1.074017055,-7.616154976,-18.53657913,9.587995667,-8.430422721,-26.09248995,4
-3.18564164,-13.19350193,-8.877378753,12.93626642,-14.10236326,-30.17522481,4
-2.357875657,-12.52674873,1.066905313,11.76359214,-13.37006656,-26.32054213,4
-1.797087293,-9.148675946,10.33496614,7.246453947,-9.125558008,-16.12305153,4
-0.262013154,-5.255405828,17.05652617,0.252280989,-3.121389327,-0.654824259,1
0.733040302,-2.279698897,21.91841715,-6.751458394,2.198330079,13.89675735,1
0.878020437,-1.231224639,24.02048505,-12.39820161,5.402449048,27.57249593,1
0.147804295,1.461132997,24.70270958,-16.23637603,7.073253291,38.23298137,1
0.927428886,4.961186867,21.61522816,-13.08189387,6.156224699,31.87271916,1
1.298668798,8.513514476,13.13436202,-11.84343494,1.796628903,31.01379297,1
5.502159962,14.94543651,10.37534513,-9.395660993,7.859611035,22.42691654,1
5.167770712,10.66588488,5.253316934,-5.747268018,10.06235438,15.80525446,2
4.782632602,8.170960577,0.430978147,-3.909466544,10.27940972,12.83731463,2
5.032026092,12.54895583,-2.773554688,-2.646295725,8.912744884,10.56923953,2
4.978087312,9.39698079,-5.697933509,-1.219990136,5.732177334,8.9509947,2
5.249028552,4.577633196,-7.698785954,-0.00575227276,3.290649439,6.422838571,2
4.908767462,3.228607857,-9.40049474,0.913863514,2.976021871,3.128946776,3
4.712351612,1.828332184,-11.39175973,1.943978425,2.018776195,0.247686505,3
4.625580792,-1.18000879,-13.18732325,3.356546925,0.406608643,-3.020679834,3
4.429720182,-4.352108922,-15.28868438,4.810765077,-1.70111688,-6.370808192,3
3.577548772,-5.882710295,-18.17114967,6.173784507,-3.203724229,-11.32275772,3
2.378525912,-7.824276264,-21.18136237,7.605521287,-4.809174548,-17.26610042,4
0.347600201,-9.442742876,-21.13656156,9.474527387,-8.601405249,-23.92618608,4
-2.354773081,-12.8448111,-14.68717815,11.46374892,-13.8266035,-29.81838969,4
-2.421028888,-12.54845289,-4.865330953,9.119846257,-13.24388683,-25.08293469,4
-2.328495796,-8.790477576,4.400022866,4.751978487,-10.51906756,-13.72574417,4
-0.419078274,-5.630319643,11.7270195,-0.721304528,-7.876277943,0.873636193,1
1.415698749,-1.489768724,18.51789019,-5.697189687,-3.486772087,15.06990539,1
1.405469676,-2.295266011,20.61087526,-9.835033927,-0.0108769435,26.88212121,1
1.102353683,0.00691268214,21.32633156,-13.60662972,2.215509875,35.83964671,1
0.763837508,4.658134682,21.26306495,-14.91538612,4.671465486,38.09260296,1
1.24457227,10.29946684,17.35395391,-11.68796018,6.126109252,29.93645265,1
3.270055342,16.27189251,12.99501407,-10.36292833,12.6771175,21.48478397,1
3.830017102,14.34083281,7.353250635,-6.774248447,10.80864495,14.97263906,2
4.614293342,10.67284799,2.253133088,-3.792729019,7.531965206,11.55574342,2
4.547814282,11.5828824,-1.851843883,-2.867964078,9.234002312,8.897743728,2
4.316286752,7.750731519,-5.31157696,-1.471930439,7.110370224,6.491767043,2
4.319873102,3.598845273,-7.332615772,-0.233342926,5.833794002,3.238091201,2
4.075369992,1.950451478,-9.398903649,0.793973865,4.634367746,0.358169164,3
3.816982722,0.489841258,-11.84575105,1.874114048,3.062020658,-2.335748064,3
3.730389622,-0.952169778,-14.3290004,3.315072869,1.63475658,-5.906798741,3
3.280382002,-3.099498833,-16.62624131,4.765037277,0.270611017,-9.665571886,3
2.702216152,-5.62111788,-19.12111933,6.217957217,-1.660374078,-13.63958241,3
2.021123682,-8.210033726,-21.67857792,7.469494357,-3.437331792,-18.46947515,3
-0.257734788,-8.871069926,-21.70819796,8.690215167,-7.280132153,-24.66577273,4
-3.158123407,-11.16743738,-15.18037209,9.520027687,-10.46495509,-30.72291278,4
-3.498413192,-12.99939053,-4.361814078,10.43439677,-8.500214316,-32.67482194,4
-3.678464599,-7.23715674,5.985862257,6.819881647,-7.616563966,-26.26179506,4
-2.257833422,-5.776027647,14.46131168,1.404194504,-6.579839858,-10.27604778,4
-0.587957956,-2.2980329,20.53424981,-3.145812194,-3.026749458,4.521439252,1
0.133272873,-0.889743743,24.48874343,-7.277404975,0.765399941,17.12868595,1
-0.352755182,-1.450189682,25.47079147,-11.56370353,3.730512737,28.28085559,1
-0.904495038,4.522758024,25.77149931,-14.05996845,4.971241671,33.38179422,1
-0.454222381,7.378439334,22.93779042,-11.74306372,2.582730795,31.13318698,1
0.888124118,8.967869705,16.749542,-9.697201832,0.341277938,28.51439984,1
2.480837922,6.812474445,13.08808651,-7.308193628,6.424006971,20.66542915,1
2.770812652,8.449679007,8.355194967,-4.342576092,7.644350283,14.98099133,2
3.598218832,3.529582049,3.610059415,-2.024518031,5.583978031,10.51053653,2
3.037110082,5.519097383,-0.380603321,-0.96502819,7.303065331,6.527822294,2
2.480246002,6.622604696,-3.541736223,-0.0529950018,4.978313151,4.619857488,2
3.008677852,2.503434366,-6.381333849,0.720188167,1.591460798,3.309966066,2
2.852519242,-1.744428406,-8.374946987,1.507108882,0.693560084,0.49788366,3
2.531190212,-2.376387388,-10.84623828,2.357040016,-0.162771534,-2.282615602,3
2.339559522,-3.135089624,-13.48396704,3.124318296,-1.377107972,-5.081768337,3
1.945331362,-3.298517978,-16.10494075,3.953898977,-1.791666552,-8.50980444,3
1.539019487,-3.244180324,-18.66355993,5.026500317,-2.522459054,-12.6017769,3
0.675865881,-4.701874496,-20.636383,6.246331077,-3.389951612,-18.2100205,3
-1.257620615,-4.763298626,-19.57851757,8.069715667,-7.502070701,-23.9006756,4
-3.633956737,-13.13557174,-14.78923078,9.670082197,-12.78493246,-29.72500131,4
-5.188011454,-16.7397859,-7.069750541,11.42702852,-14.02836994,-33.73813755,4
-4.879076775,-13.58164869,1.610453396,9.144624457,-12.90749985,-30.50384083,4
-3.998182226,-12.27619439,10.70206265,3.880577137,-10.79615687,-18.22400567,4
-2.921317843,-10.74230951,18.35538431,-0.806810527,-8.27986885,-2.927451565,1
-1.439214775,-10.02254926,22.4656389,-4.85276019,-5.895612521,13.16435271,1
-0.797170737,-10.26557311,23.5361861,-8.872726839,-3.683965901,27.84840208,1
-1.242491251,-4.230313738,21.73760474,-10.36053665,-1.171755382,29.54824133,1
0.738280587,3.776839376,17.06694558,-7.555316849,3.133918935,19.575603,1
0.822818207,3.033775542,13.28995507,-5.844182906,7.363918527,12.85297431,1
0.528826341,1.168850401,8.052182724,-2.764268901,6.561083457,7.057271553,1
0.351328824,-0.875167093,3.864209745,-1.524991272,9.14440276,3.157321518,2
0.547982056,1.384227781,-0.26071841,-0.505969991,7.755767464,0.793767753,2
0.682161807,0.817297851,-3.690923345,0.406475624,6.549428607,-1.316567739,2
0.569684023,-0.930147447,-6.499946643,1.198919172,5.589513851,-3.551772034,2
0.476946646,-1.107983326,-8.979066029,2.02172773,4.198368405,-5.664303663,2
0.506972621,-2.2865269,-11.14677939,2.939979634,2.667817736,-8.144450046,3
0.514678859,-3.699279939,-13.17386229,3.909214807,1.511590365,-10.9191041,3
0.358467322,-5.595241692,-15.06350988,4.834720247,0.239406644,-13.78282763,3
0.0450360956,-7.046896763,-16.72135506,5.917031677,-1.135720426,-17.05069351,3
-0.941390152,-10.36056551,-18.30057324,7.165311877,-3.523510216,-21.51446415,3
-2.854523161,-11.74834401,-18.07973547,8.514117997,-7.400933138,-26.64825291,4
-5.705059327,-13.44164653,-12.04096066,9.328076387,-11.47444462,-31.70063366,4
-6.13732306,-14.72767819,-1.983598137,9.650451857,-10.09565933,-32.9223105,4
-5.363756182,-12.43367471,6.632206871,4.519869367,-7.934424063,-20.0052055,4
-3.758899694,-10.47627833,13.73490287,-0.615443881,-7.265926245,-4.736235719,4
-1.907852057,-7.457203953,19.44684143,-4.726999784,-2.276897012,7.64174269,1
-1.262616575,-5.162185004,22.54130399,-8.065230196,1.66908966,17.45800964,1
-1.614056337,-4.131684915,21.16710829,-10.83644732,2.699809002,26.00090394,1
-2.306700946,0.446250326,20.42527743,-12.85305524,3.370368049,30.99050001,1
-1.69758691,3.581237022,17.78912813,-11.64141559,3.604376958,29.3515647,1
-0.805270243,3.899949465,12.43626139,-11.17772087,2.629071196,27.68522045,1
-1.126880513,3.569083397,8.188370864,-8.541326273,6.382318766,20.70582301,1
-0.771404816,5.758186116,3.310548404,-5.985674867,3.177247753,16.46118779,2
-0.812097804,3.062722929,-0.92337206,-4.058839719,2.298295223,12.67170994,2
-0.830769999,4.139389234,-4.165894218,-2.819223344,2.922972211,8.770321609,2
-1.154197066,4.249406877,-6.96684338,-2.016448913,2.688906375,5.812853679,2
-1.272786695,4.972150219,-9.407618557,-1.366769633,1.957975961,3.769145436,2
-1.42289537,4.774631913,-11.31298643,-0.757400359,1.560734457,1.526195221,3
-1.483261779,5.291320858,-12.98354161,-0.102766946,1.383070126,-1.121575849,3
-1.164188822,4.156601799,-14.536396,0.839556178,0.53549271,-3.992840171,3
-1.089406262,2.437126354,-15.84857888,1.985274104,-0.555423813,-7.393919077,3
-1.325462867,-0.69528957,-16.84039155,3.350947306,-2.225504458,-11.45224538,3
-2.354290846,-4.705596468,-17.77955401,4.538799227,-4.068487841,-15.96161347,3
-4.167490847,-7.242357862,-17.75158248,6.099828817,-7.463395613,-20.87825418,4
-6.553561146,-10.3699511,-11.80371056,7.496643997,-13.24746748,-26.05992003,4
-7.413878203,-10.56254214,-3.338336858,7.200149157,-10.02123937,-28.36507998,4
-7.292326219,-5.828688437,5.140659752,2.905604306,-6.471093879,-22.54953329,4
-5.49386315,-1.575385103,12.2952615,-2.698804975,-5.134428795,-10.89385164,4
-3.93169681,0.885065663,16.51593986,-6.870427307,-1.308375407,3.687060313,1
-3.348912402,0.745514039,18.31110021,-9.792446764,1.32534246,16.62628686,1
-3.187526235,-0.0907705279,18.36118793,-13.17143768,2.536393485,27.96315662,1
-3.119596778,4.369619023,19.49430938,-15.1552373,3.781352162,32.76241699,1
-2.613028618,7.584950902,16.05003228,-12.85941319,5.358517712,24.8246373,1
-2.600382743,9.406805669,9.701244831,-11.21323912,4.396166653,21.40261511,1
-1.530081016,13.41973008,6.652144818,-9.594268266,11.04142328,14.82429417,1
-1.276505273,15.77366748,2.026825624,-6.847876427,6.529183587,11.43394438,2
-1.384648601,13.47867341,-1.204614198,-5.425688731,6.084676928,8.90407701,2
-1.34816396,14.28550975,-3.197493701,-4.257520626,5.351714771,6.029294835,2
-0.961393806,12.33476023,-5.089437356,-3.186763463,4.701737586,3.250775875,2
-0.818851071,9.716284032,-6.740488423,-2.304926342,4.063280891,0.965577756,2
-0.973180872,9.417525692,-8.682406895,-1.467586152,3.75696303,-1.36555295,3
-0.814969588,8.322130838,-10.73433014,-0.322165376,2.722549446,-3.92440024,3
-0.718715877,6.292222372,-12.68197025,0.888754651,1.671040584,-6.867005462,3
-0.617801165,3.68865107,-14.71490407,2.044183891,0.342779095,-10.03427393,3
-0.886051343,0.256205308,-16.39395483,3.430857089,-1.551181192,-14.04239494,3
-1.990177149,-2.412358487,-17.13866476,4.950769497,-4.243225239,-19.08746172,4
-4.00937334,-5.850927869,-14.34404562,7.948768847,-9.72881402,-24.04497574,4
-6.149437775,-9.822114336,-7.235687485,10.33137319,-16.30864121,-28.46466151,4
-6.083880747,-5.20054057,1.766753907,6.142420057,-12.01934729,-22.41464387,4
-4.737614954,-2.572125715,9.163859429,0.282577099,-10.70194411,-10.33561042,4
-3.585291623,-0.843995106,14.09256107,-4.858502716,-4.710381772,4.103656169,1
-2.577528095,1.02494674,17.29321737,-9.433908816,-1.822893267,17.09424004,1
-3.01720852,1.204113821,16.73653772,-12.40162484,-1.145976573,27.8920178,1
-3.302597457,3.161245839,16.65965814,-14.68091494,1.742905828,32.14009628,1
-2.349994695,6.235207366,14.14697353,-12.28881462,4.181946216,26.78397696,1
-2.287914904,9.489020801,7.988144946,-11.70449207,4.254339528,25.09554862,1
-2.837347437,8.392448255,4.387473201,-9.267750709,7.765181381,18.34634107,1
-2.16189696,6.393227914,0.0109214609,-6.708516118,5.1033796,15.0267014,2
-2.136401678,3.953450673,-3.485148783,-4.926845972,3.457284519,12.19190171,2
-2.092698031,4.870798994,-5.821294301,-3.837348208,3.526689085,9.492982169,2
-1.999685609,5.175094331,-7.636791626,-2.932030114,3.667571046,6.532176098,2
-1.928623255,4.302255255,-9.327138635,-2.155190752,3.558875604,3.822742074,2
-1.906394135,3.44749862,-11.17913485,-1.320645098,3.104099168,1.242019778,3
-1.700341119,3.978070488,-12.78687876,-0.311450667,3.012219878,-1.882962248,3
-1.400911357,1.659767272,-14.51942972,0.923110351,1.662207138,-4.945062545,3
-1.287868726,-0.85927215,-16.07411599,2.165709859,0.232199437,-8.033808298,3
-1.496600143,-2.880028892,-17.54944074,3.457051064,-1.338657036,-11.66205154,3
-2.39855402,-4.682799216,-19.12541104,4.444280097,-2.960229462,-15.53737536,3
-3.975917484,-6.197831738,-16.87497891,6.636318637,-7.120690173,-20.81591847,4
-5.930902109,-10.70671699,-10.30816152,8.729853107,-12.4934498,-25.99766899,4
-5.769800776,-9.278488566,-1.221918324,8.876598677,-9.4290635,-26.95435301,4
-5.239704905,-4.72707647,7.225585571,5.026239757,-6.487192192,-19.31734142,4
-3.718423889,-3.304691013,13.40104423,0.117736599,-5.024805992,-5.005602225,4
-1.980279989,-0.973054039,17.92027374,-4.992743198,0.811231015,9.113480711,1
-1.41576247,-0.306677619,19.60264777,-9.586728478,3.070521915,23.0698348,1
-1.717495367,-0.155058479,19.35655717,-14.01971027,4.120767475,36.43049648,1
-1.671261943,2.028645412,20.45219473,-16.1325615,6.314102079,39.74717516,1
-1.496411585,5.291082888,13.6360074,-14.50127959,4.966680003,36.03163641,1
0.20187489,7.214594305,10.58803134,-12.83662673,8.170871908,29.17443771,1
-0.101858221,7.089633909,5.497853275,-9.953152946,5.963468784,23.35723414,1
0.163539101,1.823464352,1.305807844,-7.168991764,1.88066946,19.67262144,2
-0.14316195,5.149923918,-1.708817479,-6.245948647,1.909170383,16.20554063,2
-0.179059272,4.538003745,-4.572378321,-5.217596594,1.623884802,13.10673567,2
-0.27570111,3.241725691,-6.73541936,-4.198080015,1.476381791,9.980694643,2
-0.359593993,2.841457319,-8.954829447,-3.296098867,1.071254349,7.211157171,2
-0.35954565,2.693249031,-10.83255466,-2.123028083,0.401433044,4.064127994,3
-0.130022572,0.800823048,-12.55276605,-0.884271357,-0.737876754,0.754421553,3
-0.122071838,-2.15353714,-14.20171436,0.368211165,-1.645557134,-2.935358951,3
-0.500578805,-4.268349068,-15.66284299,1.850089419,-2.726105148,-6.982455933,3
-1.662086328,-6.898148788,-16.912617,3.51414294,-4.557855672,-12.31231386,3
-3.427964527,-8.934041316,-16.07582592,5.382287317,-8.338136072,-18.02433933,4
-5.495115801,-12.28180799,-10.82515189,7.351331727,-14.02105191,-23.56068675,4
-6.09900004,-12.39959971,-1.864196186,7.952903237,-11.69118067,-25.41959641,4
-5.383559153,-9.813605936,6.064839012,3.41464245,-10.05787956,-15.8047853,4
-3.5916456,-7.22460778,12.32480781,-2.002866855,-7.633366539,-2.665965057,4
-1.856291735,-3.267357766,17.20964449,-7.348808971,-0.89337083,10.92131485,1
-1.718072292,-2.12130354,19.18961637,-11.71688557,0.239106962,25.64063003,1
-1.690676113,0.624531593,19.85206786,-13.75415604,1.375838475,30.61891206,1
-0.766523519,5.822649779,17.30191402,-11.08959899,4.201868105,23.33229001,1
-1.133869729,9.951695209,10.31034678,-9.254663504,4.341509761,19.96719271,1
0.0833481116,15.18580964,6.862473713,-8.549985398,10.73601162,14.16579034,1
0.704249706,10.43165295,2.012361447,-5.970921799,7.739235385,11.25888956,1
1.164028614,8.286757546,-1.407878149,-3.941235714,6.360622659,8.144869245,2
1.291877132,7.989673549,-3.949794804,-2.449995645,5.865001847,5.12828309,2
1.303617113,7.721865065,-6.39427073,-1.395587994,6.156143477,2.151130365,2
1.394562337,6.750275828,-8.066169952,-0.644768315,5.29931926,0.0716342009,2
1.453757969,5.180329541,-9.877574255,0.219592531,4.173929262,-2.097485632,2
1.730133612,4.056313417,-11.80946717,1.356995547,2.879414619,-4.712492477,3
1.965170892,2.069682504,-13.57435926,2.39750044,1.920014487,-7.563556475,3
2.077121202,-0.411969114,-15.28941792,3.595768369,0.577033875,-10.65070719,3
1.816207922,-3.480093163,-16.77509995,4.963880047,-1.132501813,-14.4766381,3
0.837157239,-5.767820971,-18.16952165,6.462465727,-3.067009143,-19.01162962,3
-0.795892433,-6.038499259,-17.68502134,8.447116047,-6.187867581,-23.81563161,4
-2.848634757,-11.49057041,-12.81684995,11.39183225,-12.40019187,-28.84331485,4
-2.841511566,-10.74345358,-3.467442906,11.21973721,-9.91805529,-28.92779194,4
-2.776737596,-7.439757489,5.017972225,6.815988977,-7.740567286,-21.88699439,4
-1.73618098,-4.71622423,11.92426147,1.240119422,-3.463211476,-10.66237369,4
-0.560216437,-0.575083382,18.27115062,-5.288013618,2.348148554,0.529845195,1
0.0360253706,1.336949246,19.27552671,-10.67786908,6.182270236,12.95091987,1
-1.00693536,3.530805578,17.48015066,-14.97573808,7.386562473,24.32342213,1
-0.35677502,4.306293323,15.13706929,-15.95396101,5.391153703,28.64885899,1
0.627559846,5.61690922,10.42177886,-13.99456027,0.243425252,25.90918661,1
0.194288268,8.581660778,6.232520552,-11.4340579,5.345571326,19.2426084,1
-0.0582869754,10.09822018,1.150232907,-8.087573993,0.797353631,15.93167322,1
0.250963983,7.610450894,-2.650482552,-5.803855973,-0.0344429425,11.88510292,2
0.696543607,8.168020447,-5.588337641,-3.998133174,1.065956924,8.003136843,2
0.676013412,7.774855306,-8.119852697,-2.691936885,0.948816878,4.986837362,2
0.554995218,6.903627607,-10.83921639,-1.552239099,-0.269839961,2.635801417,2
0.875479603,5.932658268,-12.88532951,-0.451474305,-0.994408176,0.17457386,3
1.287354533,5.000564515,-14.69243389,0.861741587,-2.267353723,-2.485535513,3
1.903879392,3.375651898,-16.46682487,2.292117446,-3.095326994,-5.775136564,3
2.195653742,-0.0587680549,-18.24887853,3.827058617,-3.731311662,-10.26419437,3
2.024874462,-2.225518265,-20.12452274,5.457770637,-4.368111035,-15.5140112,3
0.750606763,-4.961989398,-21.36197782,7.881849937,-7.003917788,-21.24111025,4
-1.549843893,-8.740709956,-18.54373631,10.48885147,-12.71160862,-26.30974569,4
-3.075173561,-7.48418686,-9.62267087,10.1957369,-12.29635349,-27.36085115,4
-3.843063293,-2.313970628,-0.634700151,6.696597317,-5.484739312,-22.16004008,4
-3.942562015,-2.546255116,7.066271532,2.471591984,-7.804463278,-11.54547856,4
-2.87776273,-2.009914865,14.81622742,-2.955052969,-4.085714761,0.469160407,1
-1.969706461,0.846387574,18.93834551,-8.662693485,-0.563872079,13.46986744,1
-1.886688124,2.783098988,19.51284766,-13.02172335,0.987234932,26.7442449,1
-2.067858127,5.174371,19.77228902,-16.10255806,0.863795792,37.66230213,1
-1.671485787,5.584072289,18.77804329,-15.29875383,-0.390055661,37.3920452,1
-2.641030034,7.523774956,13.9285283,-13.02587205,2.516668365,30.4353507,1
-2.248071656,10.70909514,9.911310521,-11.47714258,9.3622709,23.05885466,1
-1.345248113,10.11125572,4.579584215,-8.440281366,3.712123836,18.80606525,2
-1.243776677,6.807047548,0.0107179019,-6.482784504,4.66347732,15.01641466,2
-1.440477508,6.572026166,-3.172414704,-5.093803215,4.200861703,11.72134209,2
-1.237935516,5.671322589,-5.538854622,-3.79475369,2.96320488,9.066468982,2
-1.0346721,3.111154683,-7.223728334,-2.741706948,1.813078549,6.545199452,2
-1.02395262,1.588388893,-8.696091735,-1.912190014,1.04628427,4.050487685,3
-0.985618816,-0.313069068,-10.21266906,-0.758188593,-0.280542704,1.18771071,3
-0.996967713,-2.947550962,-11.66329344,0.407605966,-1.444991792,-1.754921636,3
-1.334409885,-5.060339819,-13.28670361,1.481111166,-2.320543787,-4.849199767,3
-1.856015895,-5.917990228,-15.48739291,2.35409319,-3.400360725,-7.809579431,3
-2.460388944,-6.359692627,-18.18953174,3.151862349,-4.512198388,-12.11800611,3
-3.883721673,-6.993175546,-19.58822887,4.431651687,-6.87388049,-17.07874895,4
-6.009118109,-10.82542524,-16.31773157,6.646864127,-11.80921645,-22.54602474,4
-7.351418806,-12.89074459,-7.901699707,8.831105837,-16.24144731,-26.01077978,4
-6.808256684,-8.409136676,0.811309256,5.156562167,-13.67016153,-16.89590879,4
-5.654739695,-6.375994845,8.494632329,0.636442062,-12.15736661,-4.389883376,4
-4.439230785,-3.354154991,15.10652788,-5.150047669,-5.341390014,7.115186454,1
-2.838437045,1.25710302,20.41425672,-11.78617837,3.104583042,16.97616522,1
-2.531471017,3.581327428,22.70912245,-16.34915477,5.96806922,26.95709922,1
-2.498306202,6.595157339,22.63132961,-18.27607678,6.148192606,34.18170534,1
-2.361999015,8.550493838,21.2636905,-18.60233319,5.009260667,37.47243294,1
-1.321124813,9.341408965,17.89942453,-16.61803388,3.776591527,35.73534868,1
-0.148837004,10.13546981,12.43308209,-15.5099656,2.953489946,32.19109288,1
-0.000583868395,12.69825918,8.052778213,-11.88421537,8.784196706,24.2001084,1
1.173648075,9.600142154,2.976160553,-8.626143513,2.4802708,19.71903994,2
1.30583738,7.762701308,-1.103369535,-6.857215221,5.360063743,15.67226216,2
1.4562427,10.69156428,-4.570604864,-5.29385191,4.448275979,12.56595589,2
1.616227517,8.670811895,-6.859427822,-4.113902011,3.075798872,10.02547144,2
1.779704402,5.695324256,-8.60286798,-2.912424103,1.530912011,7.653363341,2
1.666800892,3.989913804,-10.09620894,-1.981889097,0.78894512,5.217139,3
1.454952922,2.984625251,-11.61948376,-0.950009846,-0.646297757,2.87892496,3
1.461539749,0.362444072,-13.22687133,0.491526924,-1.813756757,-0.509585312,3
1.2138813,-1.883386161,-15.18459338,1.929614022,-2.974748064,-4.134955096,3
0.749391628,-3.78432134,-17.47729228,3.30387798,-3.750706551,-8.499827553,3
0.0777170006,-5.767630447,-19.79556722,5.067992317,-5.539096407,-13.77162811,3
-1.998621678,-8.302800936,-17.90433319,7.623246057,-10.76796181,-20.47196055,4
-4.35602116,-12.64633171,-10.3967958,10.07075337,-17.63826072,-26.09333668,4
-4.394805391,-14.25782634,-0.12162994,11.1707985,-15.61231616,-26.18002169,4
-4.810547513,-7.971098642,9.486566627,7.223231677,-11.68128029,-17.39040188,4
-3.392705648,-5.1056845,16.09547458,0.342826005,-7.048523272,-1.607206709,4
-2.204261879,-1.616197589,20.86992901,-6.402064271,-1.686714394,12.88518285,1
-2.414427044,-0.191700695,22.90366387,-11.74571578,2.000808451,25.46746881,1
-2.798664212,1.259264804,22.98754916,-15.23546262,2.032415343,34.82306458,1
-1.569918861,5.383408743,19.56817393,-12.56138978,2.558669867,29.16362615,1
-1.295868115,9.181435905,12.62228211,-11.51775037,3.715254819,25.52517952,1
0.230416425,15.42781573,8.528180457,-10.66970953,12.85558595,18.70925819,1
0.248677044,18.01013637,3.495117936,-8.898866791,10.43905256,12.5551354,1
0.532976311,14.53043121,-0.744361604,-7.035193745,11.15213052,9.757565313,2
0.446105696,17.16074451,-4.069070252,-5.774161086,10.14041667,7.164480442,2
0.203461475,15.76885669,-6.962749792,-4.551020129,8.631305716,4.781939452,2
0.246822125,13.18807353,-8.902615757,-3.317110368,7.443464887,1.879489205,2
0.116493169,11.91524894,-10.77082596,-2.275788687,6.752673485,-0.887643617,3
0.448141176,8.717110708,-12.39919201,-0.842312211,5.593262127,-3.941030909,3
0.762171159,5.067559865,-14.24340973,0.749171893,3.70616069,-7.101103769,3
0.999132069,2.102644823,-16.38876735,2.371650906,1.751679262,-10.68327831,3
0.203413233,-0.130316565,-19.06798573,3.578058917,0.210048307,-15.26307428,3
-1.579608633,-1.26174502,-20.2381285,5.336740567,-2.249958768,-20.75418403,4
-3.673714966,-5.083181464,-16.75842702,8.784958627,-8.107213016,-26.75802747,4
-5.910137966,-9.226044246,-7.639178145,12.00619979,-13.86576096,-31.85044846,4
-5.786151252,-3.412937909,2.225984019,7.601913517,-10.79150435,-25.0728658,4
-4.571027598,-0.245749048,10.71971953,0.816063366,-7.821033814,-12.91514504,4
-2.468921607,3.345561739,17.54785744,-6.30683369,-6.040840969,3.278040253,1
-1.110148735,6.997609518,21.56862766,-11.74410525,-1.788711101,19.30707774,1
-1.729304878,4.508053703,21.55664179,-16.46727638,0.428250375,31.7683014,1
-0.54832424,10.80835068,20.98266906,-13.33898819,-0.0934137435,29.32423251,1
-0.356181426,12.25146886,16.21016093,-10.31005646,1.66647646,23.8881838,1
1.238565697,13.10442537,13.59908718,-7.975522888,4.315135332,18.35354592,1
2.262585092,11.80972783,7.715340271,-5.761684739,2.339881922,14.24367564,1
2.161457402,10.16271646,2.909540619,-3.836517941,2.065298244,11.38584509,2
2.446893152,11.13278465,-0.956042565,-2.22493886,1.1052563,9.102991526,2
2.040710072,10.12787838,-3.923249782,-1.123591877,0.869328643,6.759151571,2
1.983829692,7.986368688,-6.15140024,-0.149578173,0.346267288,4.228158887,2
2.113936752,5.579962028,-8.162963246,0.907054561,-0.800378508,1.6702161,3
2.074144042,4.594337643,-9.943727339,2.075696856,-2.055657167,-0.776328251,3
2.213272422,0.654402959,-11.75160742,3.244748296,-4.007549275,-3.272208627,3
2.063697832,-2.147373523,-13.76216194,4.677932797,-5.244265912,-6.920375914,3
1.323841082,-4.221360182,-15.75805003,6.077912367,-5.940517968,-11.68256763,3
-0.120356551,-6.126545703,-17.39104268,8.112433977,-8.000594257,-17.18078234,4
-2.110287421,-8.615997566,-16.00504039,11.10725159,-12.47117262,-23.07652923,4
-3.779930636,-11.93380627,-6.328859576,13.42429646,-16.483308,-26.51022316,4
-3.996291676,-8.135877446,2.373641435,9.984675217,-14.20671694,-20.84225746,4
-2.721861637,-5.009396008,9.777429651,3.318872128,-12.0088027,-9.221730666,4
-1.117143433,-0.996689951,15.45346333,-3.977399021,-4.323826421,3.665332402,1
-0.488120294,1.142963286,18.70956378,-9.524106528,-0.505346436,15.79435695,1
-0.425563468,2.085333738,19.76586362,-14.30985244,2.385538346,26.83968187,1
-0.821068063,5.989300847,19.82505161,-16.90200969,5.127454209,33.9929562,1
-0.415466573,7.840533275,17.15794405,-16.50064325,2.657744378,34.9247007,1
-1.235318201,2.866713632,12.56589611,-14.0784846,6.107625043,28.3591119,1
-1.269153647,6.932399555,8.188369714,-11.1057167,11.85964434,21.91599319,1
-0.478738872,7.497356877,2.89381152,-7.709580308,6.033000105,18.84327498,2
0.252269322,4.608200157,-0.510798459,-5.665047974,5.679904997,14.98414666,2
0.202052001,4.181056775,-2.754980987,-4.313906874,4.280887889,11.76369386,2
0.326964096,2.523567498,-4.853554587,-3.302063608,3.356905878,8.894466984,2
0.28082453,1.213896373,-6.815005597,-2.515537979,2.807493446,6.429595689,2
0.127916955,0.460863695,-8.794789352,-1.764323875,1.788203984,4.086454767,3
0.308816204,-0.502423623,-10.73409449,-0.620942567,0.898356094,0.828442235,3
0.500786604,-3.010832215,-12.69814122,0.608435689,-0.391521344,-2.652077307,3
0.493497712,-5.743363148,-14.63862845,1.837249158,-1.672424897,-6.442442329,3
0.19760083,-7.282232443,-16.60030338,3.175803203,-2.964310313,-10.63324589,3
-1.198605844,-8.344412266,-17.42595318,5.002396627,-5.032879018,-16.21070334,4
-3.201287989,-12.72795063,-14.19291432,8.097866017,-10.40844681,-22.12887658,4
-5.400916023,-16.3194629,-6.366722097,11.14081907,-16.73243059,-27.03938025,4
-5.828642189,-10.3902524,3.162278136,9.261498387,-11.34464943,-25.32451495,4
-4.272992544,-6.776261869,10.18789068,2.38945738,-10.02100465,-12.43316823,4
-3.015317502,-4.044267581,15.9454834,-3.823588632,-4.961386808,2.764533239,1
-2.31884303,-1.379372206,18.98129997,-9.532301682,-2.461378297,18.82700218,1
-2.702845945,-1.914895168,18.60926539,-13.7671645,-2.122376473,33.84373746,1
-2.146917374,3.561302401,17.9544879,-13.88629087,1.85626693,34.06149699,1
-1.922225061,8.771377069,15.11610567,-11.02338984,4.106629577,24.68661306,1
-1.425562153,7.945540243,10.06144017,-10.08137075,3.299790752,19.08409953,1
-0.291178521,11.90160728,5.640334855,-8.812754143,8.065367308,13.50310957,1
0.0233005386,13.12851193,1.127082304,-5.645372026,11.11848571,8.29142577,2
0.157366572,7.709094954,-3.03968793,-3.823145102,9.809448937,5.869788614,2
0.347276046,9.569557731,-5.999887843,-2.586455795,8.556330298,3.68279946,2
0.357431911,7.33028659,-8.453945318,-1.433757052,7.433968737,1.338679072,2
0.48464576,4.443562851,-10.47951582,-0.436073365,5.905356905,-0.785277381,2
0.170450373,3.806600858,-12.39606169,0.2602252,5.250131043,-3.131066814,3
0.0142978016,3.338264321,-14.24346344,1.184379781,3.731075809,-5.533248543,3
0.143486192,0.834124091,-16.2542104,2.330496701,1.662716888,-8.586681169,3
0.0571377376,-2.334497327,-18.37644158,3.4635881,0.0975721375,-12.12975625,3
-0.61417176,-4.055064856,-20.52640627,4.572581067,-1.468989884,-16.81207581,3
-2.107036973,-6.113631337,-22.11370302,6.024122957,-4.110257221,-22.02749882,4
-4.127565799,-9.557598296,-19.91210627,8.501234037,-9.022364074,-28.11782069,4
-6.282287155,-12.72966495,-11.34849237,11.34109903,-15.82252769,-32.82220013,4
-6.477295391,-5.688093687,-1.010373691,7.882627247,-11.61157209,-26.36629906,4
-4.587849666,-3.092012085,6.109572055,2.145424607,-6.995771005,-13.56060981,4
-3.018110059,-0.445402438,12.43418048,-3.653376145,-3.199038212,0.223356918,1
-1.41645659,2.859889983,17.10377699,-9.746693177,3.724134351,12.35096417,1
-1.537343541,3.63385694,17.48926316,-13.50069517,4.797392128,23.34380342,1
-2.394921602,5.508301773,17.23075767,-15.66670795,3.771734903,30.17780138,1
-1.336506136,8.032592587,14.68883939,-14.70352475,4.147499574,28.93499955,1
-0.740885288,12.16130938,9.419101785,-13.202532,3.084183496,27.07970859,1
-0.423453828,12.36001421,5.58867481,-10.82224066,8.795616263,20.95283919,1
0.875166258,11.87423686,1.10709775,-8.371411964,5.136399714,16.69758594,2
1.021324214,8.333558451,-3.577925227,-6.28379163,3.381859936,13.60449639,2
1.186278884,7.152768893,-6.688851459,-4.459240655,2.221365399,10.5687353,2
0.988330208,5.40860043,-8.853675488,-3.373363856,1.562597101,7.394842069,2
1.002447671,4.936798236,-10.61977036,-2.373083322,1.489119632,4.288008304,2
0.810506709,4.657638283,-12.32651611,-1.397195379,1.234658043,1.39337647,3
0.681229145,3.890013325,-14.07314402,-0.332353257,0.567112816,-1.459827561,3
0.777925044,0.966992093,-15.82576518,1.1340399,-0.900874864,-4.927468478,3
0.544473733,-1.992722632,-17.86462793,2.697686437,-2.715358212,-8.713740611,3
-0.0189891604,-4.505931151,-19.83184697,4.071119517,-3.839506544,-13.48583668,3
-1.239665676,-6.328514923,-21.52148355,6.097214197,-6.390518362,-19.08619484,4
-3.701610652,-11.95343312,-14.46440471,9.146241677,-13.56368848,-24.70838312,4
-4.037809591,-13.66219239,-4.130056592,10.62734804,-12.75519974,-26.46227394,4
-3.705906887,-6.201288427,5.806160478,6.979906077,-8.696752966,-20.2118143,4
-2.492105359,-2.698587664,13.49311688,0.655260654,-7.128264761,-7.503817373,4
-0.951022372,1.750780893,18.27258615,-6.717441092,0.131183093,6.609526657,1
-0.477355671,3.795505538,20.06166328,-12.51094024,4.607337247,19.99129111,1
-0.98522073,4.519984248,19.94165434,-16.46595125,6.040327349,32.36624637,1
-1.349753064,6.634761725,20.41010707,-18.20397187,2.840136714,38.89199413,1
-0.889367058,10.2221772,16.23466206,-15.22934835,5.178933888,30.89539661,1
-1.022217992,9.648587588,11.12555198,-13.26298202,7.81746751,24.27374416,1
-0.700378351,12.58182808,6.766795476,-10.57179121,13.88334873,17.49707653,1
0.270067031,10.83934959,1.731680694,-7.243198148,6.644446462,13.80655431,2
0.290216578,11.37495572,-1.626078638,-5.672090428,7.008025932,10.07764875,2
0.0010969746,10.48988367,-4.529795499,-4.413871445,6.0848131,6.658068994,2
-0.117704599,9.566072651,-7.267813447,-3.410917936,5.610625577,3.773545813,2
-0.0961513614,8.042284141,-9.425740371,-2.444948672,4.712824221,1.232285891,3
-0.377004784,8.028840577,-11.585235,-1.434082967,3.896818627,-1.575661097,3
-0.206446394,6.423338114,-13.83361541,-0.117989918,1.675611422,-4.179440704,3
-0.230276348,3.027429552,-15.95101475,1.149176188,-0.0935253145,-7.390550614,3
-0.459681014,0.320505249,-18.00208815,2.552891571,-1.371974614,-11.87377931,3
-2.07833657,-3.373470988,-19.32109815,4.587428847,-5.032340305,-17.51749765,4
-4.307860053,-6.809072586,-16.08835709,7.384572347,-10.44668619,-23.772296,4
-6.283950496,-10.35478822,-7.203964135,10.10093805,-15.94911326,-28.73773217,4
-6.072545446,-10.19371879,1.879361733,10.12861796,-13.74256659,-27.73434448,4
-4.619729268,-6.93773365,9.438512548,3.944685207,-9.9233251,-14.61259542,4
-3.009667852,-4.016909647,14.99902375,-1.9891363,-6.287663742,0.0693579279,1
-1.892355039,-1.451149641,18.58621028,-7.687143032,-1.229206434,13.57491775,1
-1.656916999,-0.136242426,19.98283684,-12.33369942,3.372270945,25.13527962,1
-2.150075872,2.92987532,20.07607938,-14.40134491,1.089349842,32.28328858,1
-1.174656108,4.703624205,17.58187362,-13.70879345,4.523620353,30.50803328,1
-0.0993241684,8.644255836,13.32333091,-11.23345421,7.046865309,23.74073314,1
0.381478309,8.419264642,10.37270072,-9.116461899,11.06383904,16.63766194,1
1.296391475,4.099181055,4.778974577,-5.844370522,2.591894872,13.59814423,2
1.076869555,1.94982015,0.551278052,-4.260520886,4.951323973,10.28960874,2
1.029591736,5.081292207,-2.399819782,-3.145361616,4.486856322,7.43638138,2
0.978438024,3.417844621,-5.188591172,-2.11671161,3.656256562,5.253198754,2
0.848658245,1.528411688,-7.250916131,-1.250895143,2.575251914,3.090457597,2
0.631463534,1.133392247,-9.178478437,-0.417108373,2.283854554,0.508732945,3
0.749777479,0.199336208,-11.11714238,0.857113957,0.814368426,-2.132401736,3
0.834560015,-3.314394655,-12.99962669,2.241597493,-1.004992752,-5.320816924,3
0.393772328,-5.617380475,-15.06651734,3.681976763,-2.630903425,-9.641764096,3
-0.56618427,-8.046600506,-17.25713159,5.011196657,-4.241857622,-14.6330871,3
-2.401423438,-9.899442276,-17.98389143,6.877244027,-7.452624829,-20.46472498,4
-4.64319188,-12.98468176,-13.506541,9.710085427,-12.82364234,-26.51373879,4
-4.919580073,-12.71597359,-3.924477561,10.56837088,-10.54540207,-27.6384869,4
-4.79302758,-6.408430819,5.318862506,6.102721177,-6.436610531,-19.25757418,4
-2.604446185,-1.939066612,12.77975395,-0.698774132,-4.379980844,-6.04496143,4
-0.595603462,1.886662548,18.29708,-6.948188573,1.52136372,8.455705917,1
-0.287630455,2.597330796,19.75027976,-11.45410594,4.247518672,22.0674537,1
-0.870432292,4.443890368,20.20287956,-14.35536712,4.34296174,31.67321353,1
-0.730334593,6.922243153,18.96354035,-15.22099353,5.980421714,32.6223692,1
0.0935461586,12.32626874,14.85048372,-11.85446199,7.086593128,24.40462468,1
2.111512742,16.68208881,11.23468209,-10.30947721,12.54986999,17.36313621,1
2.188603612,14.67415637,6.645303346,-6.445625505,11.45709158,11.69600269,1
2.796620642,9.291202179,1.684656727,-3.365794805,5.208626966,8.830686086,2
2.958251532,8.433509394,-1.809118653,-2.168318309,6.768866902,6.079891256,2
2.906207082,6.520526064,-4.642804318,-1.117347865,5.946160938,3.451063513,2
2.811357342,4.550291752,-6.892157414,-0.170562762,4.760777458,0.973515194,2
2.365551552,3.186655178,-8.883309542,0.612758084,4.336033974,-1.702845801,3
1.990492822,3.36168001,-10.72496116,1.374883802,3.761619243,-4.356459683,3
1.988539152,-0.0390477609,-12.74920715,2.582110511,2.099563634,-7.338487966,3
1.671801472,-2.596498857,-15.01816897,3.793691527,0.663433944,-10.92755955,3
1.017063454,-4.324347557,-17.13543827,5.055536967,-0.791949839,-15.12388981,3
0.157592333,-6.859107754,-19.26188931,6.387222867,-2.923965518,-19.57551601,4
-2.285548074,-9.826877766,-16.10850221,8.672311507,-7.812970418,-25.33025693,4
-4.282534155,-10.87389231,-7.696157944,10.55034456,-12.78154173,-30.45255014,4
-3.9843694,-10.94973146,1.143540309,9.790297127,-9.56826264,-28.9068771,4
-3.470178066,-6.593001476,9.590524951,5.290863357,-6.740015114,-19.20957075,4
-1.982640939,-3.625082222,15.42028793,-1.188065607,0.514024285,-3.697357113,1
-1.194452295,-0.78680859,18.85140171,-7.933622946,5.38099628,10.91968572,1
-1.627319169,1.374943283,20.51388528,-12.50502453,7.579208178,23.14067894,1
-2.434335958,2.872428639,20.83332467,-15.00408052,5.426219401,29.79964982,1
-1.753830769,6.143013893,15.06620122,-11.76293292,7.243494296,21.98074952,1
-1.691820715,6.893970668,10.31429805,-9.92936078,10.49168108,15.63797758,1
-1.932864407,7.472854094,6.02276201,-6.501528287,13.85572622,9.654005625,1
0.100800885,5.744106243,1.723030438,-3.935128376,8.436563951,6.30124653,2
0.353004255,8.647925975,-1.149877988,-2.588827184,7.607605267,4.019609148,2
0.458651327,6.914201622,-3.889888989,-1.502532574,6.265874417,2.150266419,2
0.55791704,4.121125267,-6.085938704,-0.475536045,4.89079643,0.166193933,2
0.57671104,2.355779071,-7.73767849,0.23127899,4.042839183,-2.02646682,2
0.648919064,1.146935345,-9.584376706,1.215432619,2.893453028,-4.434500797,3
0.870901416,-2.467727894,-11.38336616,2.502082312,0.913402806,-7.066238044,3
0.848457204,-5.072697818,-13.68959256,3.695031641,-0.637231146,-10.02781395,3
0.595016089,-6.436679857,-15.92465016,4.918596767,-2.223506344,-13.53219959,3
-0.304033216,-9.351982126,-18.10807352,6.082867627,-3.735317329,-18.10731966,3
-2.199552878,-10.60276782,-18.45756841,7.870204067,-6.725742679,-23.73412886,4
-4.383931771,-13.17233459,-14.40038811,10.76903314,-12.06411368,-29.65820771,4
-6.271623126,-15.45093223,-5.448068445,13.1776362,-15.92194954,-33.38760338,4
-6.325764603,-9.284713806,3.982877294,9.168457927,-12.61696893,-25.59948458,4
-4.934942251,-6.251324755,12.04781723,3.457810944,-10.90849398,-12.70414394,4
-3.007826049,-2.432442033,18.13234924,-2.844657552,-4.352141424,1.60570528,1
-1.802219589,1.981221235,21.48971454,-10.40275891,4.014526266,16.46956946,1
-0.662188793,2.500462215,21.40587691,-12.52608121,6.599227574,27.07804129,1
-0.391604054,7.471147962,19.01533395,-8.48861373,1.04651305,21.44550228,1
-1.128569318,6.221335167,13.06953945,-7.583965853,5.099487078,16.46477392,1
0.478713867,14.47141767,9.652137812,-7.450986533,13.42997284,10.16918399,1
1.054007288,9.901358269,4.22751284,-4.578393891,9.378143281,8.12249903,1
1.338030265,6.443425581,0.336225523,-2.894177031,8.315527095,5.537516123,2
0.979203509,8.129988735,-2.277019592,-1.599254831,8.073110175,2.482559969,2
1.132495956,7.225209557,-4.527906581,-0.522251208,7.085026269,-0.488244751,2
1.216203782,4.593182751,-6.583574323,0.401685195,6.533799772,-2.781349967,2
1.020777219,4.429277502,-8.521800806,1.234673755,5.998095497,-5.196862318,3
1.183283974,3.122693292,-10.64626835,2.389933962,4.753203153,-7.712408134,3
1.413690311,-0.217275259,-12.61007246,3.793337117,3.1189785,-10.77596023,3
1.143815086,-2.713452465,-14.81259331,5.189812787,1.571777171,-14.60317405,3
0.636700006,-4.439647463,-17.44839581,6.603653847,-0.210467737,-18.92081459,3
-0.980318833,-5.920342934,-17.87163421,8.786735077,-3.869463033,-24.6814231,4
-3.084632518,-11.38060326,-12.51099945,12.29197607,-10.16467648,-30.2617005,4
-3.206686153,-11.66435552,-2.758808276,13.24542353,-9.69420335,-29.82964838,4
-3.369470714,-7.109108689,7.099559038,9.929206367,-5.995476031,-21.11733388,4
-1.770770882,-4.593863265,15.32070799,4.360263057,-4.377347971,-7.319223498,1
-0.2696959,-2.557282005,21.33074197,-1.018475606,-1.603928552,8.434641478,1
-0.262089252,-2.405170522,19.83816687,-6.761298295,0.774352984,24.12796274,1
-0.28179992,-1.246206231,21.15477596,-9.76294149,4.036906124,34.08187577,1
0.558079545,6.276096407,21.15582581,-7.992025192,6.889861428,28.3390649,1
1.085985973,8.515955655,15.54999706,-5.364350509,12.55121744,21.62456008,1
1.509984741,11.81499797,10.2803222,-4.17633392,16.79942419,15.04768417,1
2.167149742,13.20350673,5.416310018,-1.422064081,17.27226233,9.896374669,2
2.548079042,8.29776769,0.530212227,1.353560286,10.56126266,8.05321854,2
2.726387732,6.815821277,-2.977810973,2.195109974,11.88428572,5.602386184,2
2.624866882,5.52274295,-6.008597854,2.954055771,10.30187476,3.894245334,2
2.525981812,3.527564803,-8.269863291,3.834954387,8.317335981,1.815010653,2
2.387837682,1.646386496,-9.942836554,4.396739097,7.54928701,-0.647914302,3
2.133517562,0.998810654,-11.7756099,4.899597547,6.484044171,-2.808931548,3
2.234507802,-1.616275242,-13.47714113,5.861456137,4.804686486,-5.619019111,3
2.169480732,-5.083327807,-15.4205564,6.975270437,2.654013403,-8.582427802,3
1.870765322,-7.454432991,-17.40881059,8.063261097,0.974660582,-12.24747262,3
1.402749488,-8.225756716,-19.60836104,9.004423107,-0.121502447,-16.6961274,3
-0.337158053,-9.287107226,-18.90004948,10.97209632,-3.923380436,-21.59425382,4
-2.981042969,-15.52208462,-13.25490366,13.83736241,-10.18925496,-26.30958907,4
-4.422633016,-14.68982324,-4.328482671,14.68622513,-11.71294386,-28.45196644,4
-4.760567521,-9.254635956,4.487171102,10.90168993,-8.587116336,-22.86818824,4
-3.764205486,-6.752693024,11.80849402,3.992404377,-5.918112951,-10.31457914,4
-2.108514337,-2.953323203,17.51869325,-2.972207268,3.322882866,2.19659808,1
-1.298719765,0.40249319,21.17827055,-8.427894755,5.229410017,15.70274321,1
-0.914175223,1.427344,21.5006493,-12.35020911,5.742732079,28.76370251,1
-1.364295892,3.210997084,21.43249104,-15.33270445,6.463536842,38.15752277,1
-0.514539485,5.438313875,18.91057529,-12.48292423,5.628423288,33.67822943,1
0.446290539,7.374094977,12.65321287,-11.31077952,4.475150076,30.99160039,1
1.870577512,9.98404102,9.276823581,-9.894571341,8.590511137,24.53902167,1
2.180414522,10.32002474,4.306283276,-7.049155661,6.049817242,18.97293905,2
2.166096162,5.390912601,0.170952391,-5.13702669,6.169484194,14.95784756,2
1.887469312,6.76552242,-3.09115749,-3.793936591,6.017113071,11.28064788,2
1.620028363,6.572444222,-5.847834255,-2.768758547,5.771843931,8.09716237,2
1.510566551,6.649229602,-8.464776306,-1.792939177,4.992689986,5.475085966,2
1.373958489,6.048973564,-10.59096956,-0.941247769,4.342244952,2.907985309,3
1.283000379,5.749063722,-12.61102462,0.117255416,3.168895886,0.228368476,3
1.438866126,3.788821688,-14.65652458,1.411326028,1.709838516,-2.869860352,3
1.444016743,1.691952319,-16.87432778,2.665354028,0.160004051,-6.236264857,3
1.245182831,-0.329000172,-18.90999314,3.914728917,-1.377839995,-10.16233643,3
-0.171045375,-2.561603648,-20.75501367,5.139885407,-4.271407435,-15.49726408,4
-2.31662191,-4.810284582,-17.23768717,7.397899147,-8.398659061,-21.68391249,4
-4.332446581,-10.46897749,-8.715072053,10.06422339,-14.24502431,-26.21658348,4
-3.447403505,-10.89006314,0.887839392,9.929387387,-13.65543162,-25.39471776,4
-2.867339698,-8.926370656,8.7201587,4.202479977,-10.00229882,-12.85642841,4
-1.795552533,-5.070421981,15.85679358,-1.503249294,-6.08880469,-0.581600858,1
-0.449326355,-1.164508177,21.28505353,-7.498626669,1.8534918,9.16852981,1
-0.0386211834,0.87182849,23.26195973,-12.46740041,5.687035144,18.49101249,1
-0.520908799,4.646680297,21.87859595,-15.57736997,8.010360605,27.21749022,1
-0.593307987,9.23872302,20.57039375,-16.8805092,5.605287885,32.29527116,1
1.468382248,9.112616924,16.89313971,-12.99863787,2.027115137,25.55516224,1
0.144414485,6.060185516,12.76834671,-10.67284743,5.288574511,18.6339742,1
1.694153092,3.41907001,8.420356594,-7.029717856,3.49730543,13.33709912,1
1.462146281,0.208817712,3.187187715,-4.405585451,0.688677062,10.04506205,2
2.002719772,-0.804618882,-0.522127866,-2.899512146,2.758257996,6.818338687,2
1.643335621,0.417532539,-3.791269398,-1.632554814,2.543856439,4.190112066,2
1.662493222,-0.438625612,-6.183977816,-0.710342121,2.02949552,2.022573181,2
1.629242922,-1.784923505,-8.000698202,0.175672541,1.096123046,0.216687295,2
1.398978504,-2.311428075,-9.566522185,0.707967555,0.767409392,-1.432884876,3
1.01830237,-2.609443203,-11.11136748,1.159911051,0.0383935045,-2.629356087,3
0.988248563,-3.050478962,-13.0354543,1.701640432,-1.519845394,-3.456365982,3
0.740607609,-3.606846013,-14.95646457,2.625333486,-2.515197156,-5.714683152,3
0.372991841,-4.076824009,-17.10010283,3.767541987,-3.533167517,-8.902335009,3
0.243886112,-6.057481251,-19.29690299,5.009731547,-4.471452721,-13.26975555,3
-0.0645689264,-8.852432956,-21.36011971,6.622057867,-5.266198557,-18.87275727,4
-2.081973661,-11.84142763,-17.69014946,9.790894497,-10.24908019,-25.38602292,4
-4.619217685,-13.29770202,-8.322983652,12.2765895,-14.08550808,-29.08857851,4
-4.328935752,-12.93857947,1.452089943,13.4173032,-11.7996209,-30.3298093,4
-4.329746927,-10.85244756,10.11591518,10.8424046,-14.82232991,-23.6527167,4
-3.502497433,-9.381948906,17.58686029,4.837505607,-10.82252274,-12.19492424,4
-2.105740086,-6.478823423,23.58545559,-1.582105557,-4.156034914,0.652751298,1
-1.395467203,-2.169285843,25.77866789,-8.093392998,0.0732240055,15.8414139,1
-1.468050114,-0.311913006,24.48775589,-13.09695737,0.324698698,31.05252342,1
-2.28245575,-1.098726176,22.5189416,-17.12805846,3.001604953,44.37180608,1
-0.116755422,6.487983996,20.19699781,-13.77644655,4.898252903,34.53131408,1
-1.512364409,10.12667856,13.42871731,-11.34637334,8.370153544,28.04498058,1
-0.120499964,15.03647646,9.319366264,-9.659130256,14.96580002,20.81467019,1
0.163992406,13.94481329,3.818555147,-6.53399978,9.606490957,15.88146879,2
0.447844532,11.91292981,-0.39181426,-4.392652461,8.770903903,11.82922632,2
0.372476815,13.0352859,-3.813981014,-3.061764733,8.890243889,8.6870154,2
0.246384849,12.46829264,-6.868809191,-1.786727609,7.294637977,6.144256279,2
0.312282983,11.41617567,-9.309012927,-0.820701659,6.371640311,3.530112909,2
0.225872674,11.13539399,-11.47014653,-0.0263464998,5.058718571,1.567965376,3
0.180354116,10.15813334,-13.45531525,0.790798634,3.482586334,-0.349387974,3
0.325553638,7.396255738,-15.40015148,1.81501783,1.73140857,-2.593915521,3
0.45335278,4.118800351,-17.13492426,2.957827194,0.147387249,-5.380251915,3
0.268351271,1.507716267,-19.07365414,4.403234287,-1.120917783,-9.740046281,3
-0.285082184,-0.951753463,-21.22938803,5.602547507,-2.402515011,-14.7895424,3
-1.911131209,-2.676413349,-21.4452111,7.864712687,-6.043471944,-20.88517576,4
-4.626390794,-5.465485719,-14.34591091,11.03609381,-10.76663688,-26.81045563,4
-4.442930222,-4.497195876,-2.647873695,10.24491878,-10.1625996,-29.15268261,4
-3.51542812,-2.856821784,6.665339397,7.528861857,-9.203503596,-24.86140915,4
-2.241011863,-0.921408233,14.8904193,1.843996434,-7.992930943,-15.71656214,4
-1.20354408,1.29828047,21.6442193,-4.436852516,-5.130153388,-3.504377361,1
-0.583300356,3.715191486,23.50634853,-10.46078387,-2.225270109,12.59270134,1
-1.555144668,3.880641671,19.67719133,-14.82494009,-2.329799943,28.01531558,1
-2.027610548,3.904686847,15.68754629,-17.5325746,1.076731958,37.9893337,1
-1.017943831,7.300789476,13.44676647,-17.94001865,4.954388433,36.98302662,1
-2.559027605,5.490856548,8.844502028,-15.62531633,4.681946253,30.63360952,1
-2.298564502,6.00661318,5.055457534,-14.19891826,8.226043887,24.89128102,1
-1.537988338,7.395279211,0.406436054,-11.86154309,4.788683272,19.59631443,2
-1.568509974,5.101860745,-4.152504657,-9.922706648,5.736506771,16.14562575,2
-1.792746442,5.623571114,-7.304006118,-8.286923648,5.908360685,12.47553667,2
-1.604523177,4.5615952,-9.508253875,-6.799856893,5.54003497,8.937097328,2
-1.440474959,3.155499473,-11.37776435,-5.416558255,4.502288093,5.954863854,2
-1.322869752,2.594448487,-13.10221675,-4.208254742,3.71489044,3.391297033,3
-1.099672308,1.282149537,-14.83708634,-2.796488169,2.078228812,0.453716943,3
-1.024619693,-0.61824577,-16.25684961,-1.269507342,0.836706498,-2.843460702,3
-1.207773056,-3.905398464,-17.91895979,0.211208145,-0.506775117,-6.530965489,3
-1.590598861,-6.053678416,-19.71922554,1.546845758,-2.196414273,-10.19694871,3
-2.795383773,-8.578173276,-21.2274462,3.150175434,-4.374084148,-15.33292764,3
-4.81778866,-10.72423299,-18.97526669,6.489415077,-9.172157221,-21.68226688,4
-8.101785133,-7.403906843,-8.499731207,9.957956647,-11.79769412,-28.08861767,4
-6.722493021,-7.780162317,2.392018846,12.83411316,-12.53071681,-34.96997118,4
-4.981990093,-7.166823453,9.586987769,10.06522125,-10.95153687,-31.39967368,4
-3.750178635,-5.138068761,16.97911943,4.571366007,-7.35075924,-22.15897078,4
-2.536971769,-2.428287756,23.86515726,-2.687238421,-4.662410073,-7.846010664,1
-0.790808705,-0.0742354259,28.3220243,-9.98190376,-1.719930197,8.907248891,1
-0.750268853,1.228514975,27.46852953,-16.14302467,0.331124109,24.56980144,1
-0.782403773,3.822821485,24.41158478,-17.67954514,-0.3521031,31.40097116,1
0.0071172906,6.357006309,20.95115625,-14.23739156,2.753315731,21.90127532,1
-1.68265862,2.74785927,15.11178977,-12.07036508,4.805702553,16.20244058,1
-1.083873313,4.842905606,10.76670053,-8.786763057,10.95043976,8.682662923,1
-1.04610877,1.690954111,5.653962843,-6.932375253,10.46594688,5.121444446,2
-0.746555599,2.859908514,1.864516193,-5.253850118,10.83901754,1.494052907,2
-1.094836883,4.035212206,-1.37870835,-3.893716925,9.144850554,-0.965361049,2
-0.986819815,2.61023873,-4.285119003,-2.863532881,7.637970226,-2.825072654,2
-1.007031219,1.487149927,-6.338711834,-1.985851435,6.247572186,-4.665533886,2
-1.141162422,0.914016042,-8.485601571,-1.235842872,4.876169277,-6.397100941,3
-1.126986916,-0.873005273,-10.39039853,-0.267932205,3.226985141,-8.656188992,3
-1.06158023,-2.818362126,-12.15280718,0.827201602,1.775570142,-11.27633059,3
-1.618829981,-5.489911268,-14.31208221,1.877859725,0.129069075,-14.69496224,3
-2.226723892,-7.337344096,-16.31041452,2.92419062,-1.358580554,-18.86655608,3
-3.524204864,-9.834891386,-18.54422223,3.841306257,-3.269925225,-23.29803653,3
-5.886590652,-11.87678177,-18.12523102,5.706032337,-7.083888021,-28.89138882,4
-8.488069232,-9.939746876,-7.565462193,7.352002727,-5.892101884,-34.39477195,4
-8.309497276,-6.703773305,2.896907667,6.950185687,-4.732705801,-39.01931466,4
-6.871482048,-3.896528759,11.13586347,4.395482147,-4.689388991,-35.09945801,4
-5.990017012,-2.527222008,19.22784594,-0.362680884,-2.962577543,-26.02220191,4
-4.781985768,-0.232293755,24.17884625,-7.573246257,-0.245999494,-9.128181145,1
-3.930260696,1.042997293,24.57608274,-13.27675626,2.262922273,7.708553051,1
-4.653408211,1.598485292,20.94947593,-18.71722576,5.74844161,23.4491457,1
-5.346363792,2.57477765,19.39777963,-22.4877255,6.242873714,32.80401909,1
-3.71383071,8.225085158,15.39205278,-19.48355786,5.497625466,26.64372299,1
-3.319077173,3.01314298,12.44879791,-16.36850684,9.446084633,19.47086435,1
-2.482127275,4.215226668,7.903558096,-13.58192508,13.27556675,12.82856697,1
-1.532276592,4.243317645,3.489822853,-10.17259541,9.417073958,7.931006431,2
-1.375912161,4.18513987,0.119425742,-8.051653735,10.2637422,3.673665864,2
-1.676265836,4.354267128,-3.037008232,-6.224262984,9.242810913,0.64220317,2
-1.748945684,3.586524682,-6.214442853,-5.051788084,8.152745936,-1.03159492,2
-1.959944919,2.590113753,-9.161668088,-4.20201205,6.411935824,-2.020740253,2
-2.11896091,2.764239488,-11.50326111,-3.234209801,5.342259837,-3.861412812,3
-1.975561539,1.710100748,-13.47882335,-1.867976219,3.473486517,-6.128129122,3
-1.887194958,-1.506609704,-15.35557058,-0.429757596,1.905688766,-9.067830033,3
-2.098134286,-4.530786885,-17.29093451,1.008207613,0.0773662575,-12.16284451,3
-2.750819411,-7.122142479,-19.25924389,2.647101582,-1.639375416,-16.77198102,3
-4.234220062,-8.575221136,-21.29113641,4.160918627,-4.141896664,-21.94630429,4
-6.72124755,-10.27543162,-18.24355875,6.238288137,-9.340529479,-27.70961637,4
-8.552634046,-9.971013726,-8.594494526,7.946463997,-11.42661013,-29.998768,4
-8.536254952,-6.548230156,1.45256871,4.446736667,-11.24104513,-25.04742371,4
-7.545412852,-5.75829853,9.699130261,-0.411620794,-9.77761733,-13.60164802,4
-5.625171249,-3.723890426,16.77501025,-6.509856876,-3.703181373,0.38069238,1
-4.911769679,-0.675534766,19.85119517,-12.82152328,0.349073399,15.14599278,1
-5.105603935,3.205520595,18.98045902,-17.47504672,0.556760466,27.84136421,1
-5.293275943,6.865195519,18.82454603,-19.20747236,-1.130593713,35.30145716,1
-3.864868071,6.498238476,16.15055328,-15.04496264,-0.0219114475,27.01310428,1
-5.501243751,4.619855557,10.46776057,-12.77419927,4.28390575,20.0213367,1
-3.972372869,4.008669078,5.476309715,-8.863132711,1.161805987,14.94010905,1
-3.216570337,0.681055269,0.401531295,-6.162354022,0.280453368,11.95200117,2
-2.621235703,0.967051032,-2.889497983,-4.699860072,1.54413316,9.315390453,2
-2.577259779,0.750636245,-6.093920824,-3.127937958,-0.993290996,7.062527277,2
-2.084641686,-1.343639804,-7.86435023,-1.811836484,-2.312502876,4.403998505,2
-1.754728598,-3.219116664,-9.491701805,-0.89483979,-2.327906991,1.817223137,2
-1.79150446,-3.102396435,-11.44275616,-0.0529412668,-1.927559248,-0.958273539,3
-1.591441124,-2.604354873,-13.22903914,0.991936242,-1.934745537,-4.057229771,3
-1.394965343,-4.431529895,-15.15532762,2.504732969,-2.573273203,-7.976153992,3
-1.427844497,-6.173524174,-17.52493435,3.989075787,-3.537792034,-11.58927597,3
-1.55842086,-7.457890544,-19.77454248,5.540694467,-5.129440434,-15.77928194,3
-2.546253624,-10.24958663,-21.55731679,7.332036197,-7.158378042,-21.03959239,4
-4.92859804,-11.60932423,-13.91328283,10.94390508,-13.13019424,-26.68312126,4
-6.680991571,-13.99166718,-2.828530438,14.45175646,-12.0370034,-31.81518833,4
-6.271380728,-13.23967084,6.068780834,13.05127407,-10.84362048,-31.71015771,4
-5.200500316,-11.23427111,14.14742808,8.746835517,-9.43636571,-24.06254005,4
-3.254108356,-8.569669706,20.62823153,1.676836508,-6.971352861,-8.349116835,1
-2.521722684,-5.593760522,22.9821823,-4.688993771,-3.374395235,8.436897029,1
-2.898974459,-3.881002091,20.77710441,-10.53607385,-1.31993649,24.13007145,1
-3.133946398,-6.314985823,19.26096877,-15.48839458,-1.315520899,37.86675531,1
-3.286068754,-0.67550695,15.89397129,-12.40496087,3.311444126,26.2558216,1
-2.405074242,0.949014089,11.85459323,-11.52002055,4.883439861,18.87774566,1
-1.433914647,2.320250544,6.677983071,-9.138502413,10.86168679,12.74146254,1
-0.610421502,2.102660271,1.507089315,-6.677586098,6.990474408,8.770464619,2
-0.399831443,3.857745318,-1.997974134,-5.485035376,7.646437223,6.129388702,2
-0.439880136,3.369687786,-5.128315263,-4.167468882,5.255123324,4.077490344,2
-0.643221088,1.910556684,-7.829850607,-3.175093447,4.004460679,2.220273881,2
-0.969917674,0.831033276,-10.24871309,-2.357097676,3.273315522,0.0861089429,2
-0.970367852,1.429129927,-12.32383303,-1.306751247,2.630500802,-2.749538456,3
-0.658857747,-0.185791424,-14.23554181,0.133175606,1.373884906,-5.658363483,3
-0.433193357,-2.760510986,-16.08984561,1.452038426,0.186662306,-8.586924842,3
-0.568921009,-4.846733906,-17.96051719,2.863851715,-1.331558972,-11.72516918,3
-1.19996818,-7.76670391,-19.70244637,4.499157987,-3.403111874,-16.46313466,3
-2.910995577,-11.02109258,-20.10311303,6.531161557,-7.049457945,-22.02860403,4
-5.252705789,-13.41540647,-16.00933308,9.508723877,-12.72984537,-28.39949249,4
-7.401231069,-9.363066996,-4.242239877,10.55644921,-8.895573271,-33.00457095,4
-6.410771358,-7.210202498,5.19911166,7.230521087,-10.40464187,-30.4870946,4
-5.439097806,-5.245678875,12.79843289,3.220101191,-9.9562956,-21.83976268,4
-4.258489707,-3.485049847,19.2508325,-2.595021305,-7.228948673,-9.967036211,1
-3.207394884,-1.506252505,24.35779189,-7.858701627,-5.422234633,4.66082456,1
-3.014492257,-0.772876794,25.67867449,-12.15285225,-5.043453979,20.59983703,1
-3.597584553,-2.45504141,21.1517798,-15.94689858,-1.996693697,35.50115338,1
-3.475639795,-1.663869231,21.26329331,-18.65947167,0.662961754,39.24093109,1
-2.397529019,6.179177884,18.9441213,-14.91559891,4.624180807,30.81382122,1
-3.285532157,10.10967485,12.67017045,-13.13853881,5.830570083,26.37155908,1
-1.628718787,13.44105667,9.247973663,-12.08861704,10.75225403,20.25403696,1
-1.145203896,12.80790962,3.81538879,-8.797369563,5.651866499,17.31236747,2
-0.644987417,10.05481801,-0.357024866,-6.903051507,5.599256259,14.1718025,2
-0.741097715,10.06184524,-3.318527147,-5.387864716,4.306320911,11.03999948,2
-0.700317318,8.761583137,-5.517998932,-4.096989357,3.061301549,7.803635843,2
-0.844979473,7.573789014,-7.34132112,-3.236855714,3.115756415,4.8365842,2
-1.061683199,7.71055243,-9.21730079,-2.41285214,2.807051353,2.253931551,3
-1.232986172,7.163886081,-11.2234727,-1.494973136,2.319762127,-0.515227287,3
-1.132366286,6.089049391,-12.94455908,-0.256872269,1.814526923,-3.858101102,3
-1.399401981,2.952826291,-15.22315442,1.090364525,-0.0520673475,-7.332027075,3
-1.481166123,0.273110713,-17.2242603,2.456682245,-1.753925185,-11.49869093,3
-2.315082772,-2.814282914,-19.06329671,3.850772747,-3.257564841,-16.41134022,3
-4.085138487,-5.849685963,-19.32229039,5.918531727,-6.88010737,-21.49639059,4
-6.658861141,-6.794030743,-10.91181491,8.516262767,-10.34677685,-27.30190827,4
-6.999226078,-6.505663474,0.209987536,9.599792537,-7.026273727,-31.24282337,4
-6.123848829,-4.888011733,9.493604146,6.480688017,-6.853007598,-28.7436833,4
-4.815710788,-2.601312183,16.93602225,1.437757779,-4.861159221,-19.34509066,4
-3.470051757,-0.138144283,22.61687842,-5.036683822,-2.80278985,-3.956674443,1
-2.993814992,2.541163796,23.9924905,-10.76228346,0.664337986,12.54337312,1
-4.054593917,2.872455043,20.41877914,-16.32870601,2.522416891,27.96919883,1
-3.874583739,-0.338469835,20.30929644,-19.79376575,2.019385884,40.57875782,1
-2.681589789,8.764359818,16.93116958,-17.65391647,12.06386033,29.61827589,1
-1.874222047,8.141635636,12.96135627,-14.97984781,10.47820231,23.4388873,1
-0.937126437,6.934101329,8.337049879,-11.85700362,13.7631554,17.2505306,1
0.684018404,5.579181592,3.53597453,-8.945416892,10.55092139,13.23780319,2
0.944942188,7.657783463,-0.0371028071,-7.532701951,10.75355368,10.64016763,2
0.623131327,7.567547894,-3.15006686,-6.031159884,8.360125817,8.300062531,2
0.507542798,5.588752743,-5.778732037,-4.672077945,6.98480061,5.748719689,2
0.444679753,3.84309353,-7.791708848,-3.520687193,6.275193038,3.117114032,2
0.351139978,3.368407525,-9.549952844,-2.380181783,5.900866402,0.339442134,3
0.41419176,2.446298282,-11.32237452,-1.152995486,4.763135268,-2.22411249,3
0.523305851,-0.205903971,-13.02758458,0.420469079,3.175451003,-5.034524601,3
0.374976652,-2.559770348,-14.94265004,1.934707913,1.348404891,-8.186488049,3
-0.0408572974,-5.616213574,-16.91681774,3.299699541,-0.700929497,-11.99552607,3
-1.059937841,-7.786229374,-19.16876389,4.707948157,-2.927781241,-16.5420433,3
-3.092509477,-8.848379446,-18.93113972,6.780996197,-7.079923654,-21.57338417,4
-5.611647125,-9.449975296,-13.23678278,9.492450447,-11.76839382,-26.78479667,4
-5.380433538,-10.03276966,-2.990801953,10.20099207,-9.7043893,-29.82656521,4
-4.718728199,-6.799183914,6.38844727,6.759624887,-10.1246732,-26.41032412,4
-4.007715435,-5.369052205,14.21581161,1.447201778,-8.439876282,-16.50699838,4
-2.819465102,-2.939772913,21.27132147,-5.283161228,-5.663733076,-2.286830442,1
-2.222664878,0.258699107,21.48035386,-11.18990619,-0.989616372,14.10450332,1
-1.833598661,-0.455988107,19.506665,-15.30393771,0.738219978,29.42869295,1
-1.88709479,-0.0701374039,19.60954998,-18.29579539,-0.105124614,37.26526159,1
-0.630772967,2.322117787,17.65384682,-15.19797131,5.733975835,29.73418583,1
0.798070222,3.648662954,14.4674756,-12.34355173,7.390150178,22.33379979,1
0.128193469,-0.362821407,9.38152623,-7.935504547,9.446133562,15.5423663,1
1.344705418,-3.289107208,4.299364513,-5.012989664,4.779467086,12.34914936,2
1.020710163,-2.162995334,0.302071457,-3.724168492,7.118665643,9.321107488,2
1.201599383,-3.597201838,-2.91294382,-2.528195645,5.380110062,7.488084854,2
1.142724194,-5.444178298,-5.5391653,-1.439391231,3.752754873,5.610486858,2
0.997778352,-7.604532686,-7.637277657,-0.471639763,2.707191034,3.471175062,2
0.677991396,-7.27233906,-9.650948221,0.419199301,2.506544961,0.921785235,3
0.7485727,-8.583515666,-11.4922939,1.815801629,1.633011664,-2.497259395,3
0.658096675,-10.20371328,-13.44323818,3.186051025,0.322623883,-5.878981078,3
0.255122872,-11.53415159,-15.69185095,4.417917647,-1.348990324,-8.898480852,3
-0.208042392,-13.07549933,-17.6867813,5.558657097,-3.294735324,-12.24591948,3
-1.471545052,-15.35940793,-19.04022684,7.282270867,-6.119135892,-16.82481219,3
-3.431622449,-15.87387494,-17.45794553,10.04403984,-10.98390288,-22.17599998,4
-5.772220237,-11.9083415,-9.117189305,12.7422352,-14.10789895,-28.40069837,4
-5.773441599,-14.65119678,0.690218878,15.25979975,-16.68081611,-31.85532868,4
-4.950052525,-14.11007876,8.935748635,11.4508368,-13.63389076,-24.84894383,4
-3.351764949,-10.8415145,16.57392789,5.146549417,-5.883347615,-14.19095039,4
-1.690639548,-7.296492589,23.11828669,-2.248842919,-0.336626205,-0.00931140709,1
-1.148952472,-3.374299005,23.7122233,-10.19938852,4.227105402,16.23374637,1
-1.294705636,-1.503543195,22.41825807,-15.09018237,1.46384792,29.71064693,1
-1.822373496,2.070810863,20.52904241,-15.81707217,0.246926496,34.20043648,1
-0.289130058,5.864958174,17.79822073,-13.31275697,4.819356696,25.48010538,1
-2.007799453,2.974292345,12.27439208,-11.44335323,5.381229974,20.11501473,1
-1.718155196,6.444875283,7.943162606,-10.09152964,10.12007464,14.57220943,1
-1.196531773,2.095877067,2.776327125,-7.275014406,6.400459013,11.65722718,2
-0.919967991,2.19588472,-0.815342636,-5.453979334,4.862640342,8.536148227,2
-0.963406531,2.70562056,-3.609915838,-4.114096155,4.403946365,5.090266712,2
-0.88828469,1.630959594,-6.077016006,-2.96923002,3.470462618,2.350530653,2
-0.908950676,0.997302447,-8.032326975,-2.113972867,2.823753497,-0.0573552121,2
-1.129933602,1.3550964,-10.15836228,-1.347675778,2.144642029,-2.412289098,3
-1.133873827,0.394188863,-12.22495998,-0.365033743,0.989196315,-5.129983858,3
-0.991526146,-1.546744168,-14.23151936,0.819868282,-0.192849669,-8.242949955,3
-1.088420481,-3.974248802,-16.47450864,1.921171077,-1.790671265,-11.21086681,3
-1.516269539,-6.257620521,-18.55209846,2.980080089,-3.338112197,-15.63164152,3
-2.62059206,-8.621813106,-20.48548783,4.121048147,-5.350058992,-20.46645007,3
-4.810838808,-10.30309569,-19.63662516,6.059452357,-9.273968867,-26.25060761,4
-7.196747726,-10.17817421,-12.07342946,8.584430587,-12.89622226,-32.13651967,4
-6.997938052,-6.694716618,-1.817257749,8.045256247,-12.87028595,-36.46104919,4
-5.676106528,-4.431457378,6.637216079,5.423232697,-10.20555244,-33.51936285,4
-4.414503064,-2.473001349,14.32967194,-0.0331537108,-6.306641157,-24.92396373,4
-3.242485824,-0.125972085,20.96550357,-6.831548885,-3.803987601,-11.18349969,1
-2.441318075,2.407008859,21.3638225,-13.18286986,0.994424377,5.787044309,1
-3.170504875,2.723688999,17.39202402,-19.90995821,7.180165529,21.65273518,1
-4.001726894,5.793354746,16.44644851,-23.70612081,5.302005483,33.00757245,1
-3.438225093,6.994739114,15.19288511,-19.71813008,5.918883049,25.85352777,1
-3.287912281,3.221386785,11.03821814,-15.92321564,5.487784113,19.1826259,1
-2.180300097,2.186162978,6.533652295,-12.46079927,9.190021423,12.73592117,1
-0.628721199,4.199065498,1.976148808,-9.137373898,6.353500232,8.472227846,2
-0.0786833944,0.726435755,-2.113278859,-6.626363811,5.928875283,5.699073246,2
0.179741391,3.372801224,-4.966898858,-5.129687247,5.760876364,3.129807718,2
0.477469353,1.988469936,-8.020676379,-4.057779405,4.389370238,1.641253262,2
0.342058408,-0.388056625,-10.46486492,-3.084466141,3.48763119,-0.103050911,2
0.216456691,-1.011463514,-12.20851774,-2.027991541,2.885004513,-2.596074142,3
0.706502841,-2.532063761,-13.79444472,-0.357824656,1.247237621,-5.427470189,3
0.639627364,-5.190462976,-15.64120628,1.403282965,-0.0916788435,-8.712300256,3
0.236365874,-6.940168668,-17.62055901,3.085001223,-1.46114544,-12.4026658,3
-0.238989276,-9.279792746,-19.394555,4.935884327,-3.317135582,-16.98178448,3
-1.951485644,-12.78038655,-19.78546435,7.285658837,-7.162297458,-22.0619824,4
-4.877204592,-10.98270866,-9.877069927,9.275823797,-9.40360113,-26.55861524,4
-3.677050376,-11.04699308,-0.278477143,10.11320766,-5.22957138,-29.52371534,4
-2.314625798,-6.720190443,9.247046926,6.076045397,-5.258214678,-26.44458577,4
-1.258457691,-3.590508697,17.05072717,0.269697536,-4.246878949,-18.41756918,4
-0.963457819,-1.432985485,22.34711619,-6.721267986,-0.777128683,-4.140070342,1
-0.721439633,-1.095783596,22.93562822,-13.28788826,3.529179176,12.37191706,1
-1.72204011,-2.473306866,19.83702799,-18.31189062,2.578637317,27.80890528,1
-3.792965811,0.56167923,19.81310342,-19.55869398,-0.81838244,37.17895679,1
-1.898473782,5.686403329,16.45535987,-16.61408828,2.466901436,28.61637901,1
-2.157852643,2.859516229,12.08935713,-14.42097564,4.057124221,21.89772764,1
-2.206629764,5.227435061,7.572485467,-12.37809435,9.158341877,14.99312323,1
-1.260310661,5.065450712,2.888241672,-8.877265836,5.681643109,10.00629841,2
-1.031251967,5.680428609,-0.743000042,-7.049271772,7.119693934,6.55560108,2
-1.253213266,6.74412697,-4.179059337,-5.331843748,5.25739177,4.072133053,2
-1.178595308,5.637013702,-6.999019609,-4.233860335,4.776971473,1.661935585,2
-1.208176364,4.167857625,-9.428759283,-3.199909637,3.74270961,-0.465681525,2
-1.346596869,2.952302038,-11.38093123,-2.370364121,3.422492899,-2.837741739,3
-1.031454313,2.100496364,-13.44840086,-1.178089666,2.125242536,-5.331042432,3
-0.792956558,0.286397478,-15.32166497,0.273825703,0.924369505,-8.397142813,3
-0.792510007,-1.389727796,-17.37546535,1.731549817,-0.343359656,-11.88848264,3
-1.003192312,-3.108722175,-19.32386697,3.154471367,-1.450571624,-15.86181698,3
-2.318738822,-5.406223326,-20.2836357,4.984440397,-4.712926371,-21.05168565,3
-4.291709011,-8.771572446,-16.42446884,7.959385997,-10.68003889,-27.23682946,4
-6.69651428,-7.200115688,-5.03814368,10.29113189,-11.03183688,-31.54060275,4
-5.521959981,-6.989618725,5.039646735,9.135694817,-7.290230817,-33.38066564,4
-5.043762365,-5.574407711,12.7139215,4.440459807,-6.383530833,-23.71942586,4
-3.567027169,-4.912447683,19.49418493,-1.539546446,-4.513641138,-9.576074746,4
-2.311106636,-3.06125798,23.19154579,-6.183012227,-3.573131991,7.191471526,1
-2.155694482,-1.953456978,22.68895453,-10.17101152,-1.016479862,22.96572834,1
-3.373856557,-2.109871332,21.43528297,-14.50883293,-0.880822129,33.72745139,1
-3.582878746,3.330839577,19.1218017,-13.50778339,2.434355511,32.50041512,1
-2.208703741,10.23329238,13.64938981,-12.18844981,2.805298659,28.83248425,1
0.0863054746,12.30443194,11.21099339,-10.43843675,6.62406242,21.54295681,1
1.033846668,11.57690078,6.563055528,-7.343533148,2.526567904,16.57376514,1
1.040033765,8.90097273,2.092051324,-5.587575973,3.444837427,13.12663862,2
0.947967099,11.79000216,-1.35324463,-4.129223208,2.274282328,10.35295606,2
0.824144747,9.790620797,-4.448074298,-2.901415853,1.885256873,7.511995806,2
0.588677752,7.736136384,-6.924681851,-1.99841962,1.47933864,4.878842352,2
0.409270479,8.95408872,-9.271344371,-1.188981581,1.758478699,2.039622075,2
0.547017172,8.365702702,-11.46373927,-0.0676595878,0.769238154,-0.965923831,3
0.930109133,5.812410295,-13.33508289,1.287623593,-0.491868248,-4.254123449,3
0.659927913,3.326503493,-15.46556727,2.694246401,-2.140754651,-8.21089302,3
0.177362029,0.663189813,-17.35651705,4.145886177,-3.922200375,-12.86820507,3
-1.062554937,-3.062534019,-19.10896025,5.626697797,-6.265172688,-18.23409554,3
-2.991641472,-3.889814075,-17.28875259,7.939941467,-10.66395983,-24.70797776,4
-5.006236218,-4.961257976,-5.027588497,10.91966366,-8.681792672,-32.07168545,4
-4.757316286,-3.468492031,3.892191212,9.212196727,-9.198454191,-32.77697024,4
-4.539503239,-2.53335725,12.37381054,5.822786607,-8.052781974,-25.27844901,4
-3.834198303,-0.863381632,19.44543093,-0.311786581,-2.969311787,-13.95621341,4
-2.667178765,0.97006616,23.58654354,-6.474636816,-1.692740892,3.194845802,1
-2.832304951,2.325527582,22.26400438,-12.11605712,0.708210681,19.2292996,1
-3.284703958,-1.254108214,18.60861287,-19.27618776,5.473133366,34.21984364,1
-2.592049636,4.394639504,18.48535261,-18.51610652,4.023999665,36.99946197,1
-3.114727856,3.92030505,12.97639346,-15.66371618,2.444203072,31.61506681,1
-1.756626968,6.32545706,8.765857065,-13.93778831,7.41051992,24.8611275,1
-0.689103194,7.572665621,4.522976922,-10.39800209,6.361265272,19.51348644,1
-0.0914241974,3.998616331,0.120715343,-7.486035007,3.256906004,16.73427211,2
-0.227050704,5.22644527,-3.232497918,-6.014353242,2.263492208,13.72224064,2
-0.733826971,4.235027387,-6.00381469,-4.72143389,1.49022257,10.52880888,2
-0.916540642,3.386634388,-8.295690558,-3.608553111,0.768786125,7.624742521,2
-1.248788139,2.753911144,-10.62859392,-2.825915597,0.521484818,5.144187915,2
-1.376617362,2.759917383,-12.59851576,-1.714748141,0.232169329,1.664823999,3
-1.102733714,1.667317011,-14.4968119,-0.290975652,-0.686511028,-1.839351748,3
-0.841217274,-1.143779984,-16.38824681,1.106661836,-1.998376767,-5.291721461,3
-0.946903932,-4.068892664,-18.20621197,2.425228228,-2.871180354,-9.092028816,3
-1.126672924,-6.085332352,-19.85565277,4.045380647,-3.672756336,-13.99844247,3
-2.630875659,-8.869530136,-19.89269083,6.819202507,-7.564801277,-20.06262993,3
-4.680878692,-10.15420899,-14.90761306,10.32289797,-14.36250405,-26.15769002,4
-7.179059978,-7.905134372,-3.474010146,12.42725698,-15.99646347,-28.54638841,4
-6.765335013,-6.657313831,6.494994783,10.79697643,-13.05816732,-28.813116,4
-5.978200736,-5.170853345,14.43363831,4.929642157,-10.67922518,-18.10118435,4
-4.710837431,-2.608446245,19.63914369,-2.558916979,-7.050479279,-4.026077648,4
-4.133952135,1.100923188,21.05414335,-9.098500419,-2.834442352,12.2614281,1
-3.849434331,1.822513207,18.94329638,-15.08368304,-0.0328258275,27.70560961,1
-3.04799143,2.633221982,20.29680694,-18.07497906,0.869283314,34.45928503,1
-1.539759991,8.169455927,18.48659865,-14.84997001,2.060355153,26.38271996,1
-2.028625345,10.10127518,11.81030075,-13.12685316,0.924801322,23.00678159,1
-0.122339361,14.89451107,8.239939157,-11.48263913,5.60409748,16.25448397,1
0.790605059,12.1625319,2.955434622,-8.566119472,1.72350866,12.89023216,1
1.011807053,9.807098106,-1.033835859,-6.761362566,2.689093631,10.02018193,2
0.709484869,11.56276128,-4.017833444,-5.335369881,1.925865176,7.430861248,2
0.694569314,9.403333951,-6.661032268,-4.155697221,1.370775088,4.717059962,2
0.533103329,6.798878703,-8.723359314,-3.286277692,1.430485437,1.986720056,2
0.174526606,6.980131545,-10.68072589,-2.415843174,1.413789409,-0.591692024,3
0.120429962,6.642447885,-12.73119694,-1.239979352,0.427618063,-3.344965442,3
0.311254047,4.677687,-14.58906583,0.143943014,-0.74866257,-6.440529931,3
0.145437866,1.619938428,-16.76208704,1.591744933,-2.294403858,-9.873485601,3
-0.378138378,0.0189200331,-18.84479617,2.963667014,-3.63520282,-14.24622554,3
-1.64348142,-2.188154077,-20.42385357,4.589494667,-6.075836024,-19.32570581,4
-3.483586567,-4.179516187,-17.2082288,7.454055607,-9.93858704,-25.27701446,4
-4.25816617,-4.224780777,-6.928201121,9.165533037,-7.504952478,-29.81467482,4
-3.385906345,-2.197327164,1.940476097,6.159637227,-6.589736979,-28.47692642,4
-2.957367755,-0.361970579,9.611380465,1.776868554,-5.233923511,-21.03434184,4
-2.418148013,0.916299212,16.47988672,-4.217978144,-3.962902212,-9.14252605,1
-2.265204422,1.994125845,19.10391202,-8.823164133,-3.311071498,7.695142059,1
-2.227519635,2.882572184,17.62120896,-13.4772205,-0.493822296,23.43660782,1
-3.092815126,-1.301063778,14.27006959,-16.98983973,-1.340402305,36.08346728,1
-1.746074956,-1.318157481,13.43784265,-13.83647118,2.526236561,26.72843979,1
-1.252436163,-0.86971879,10.52942781,-11.65282963,2.81917559,20.83752605,1
-1.408340091,-1.875523041,6.7762223,-8.982026539,6.084202825,13.94929441,1
-0.599426296,-3.201785319,1.921791253,-6.215392838,2.80317297,9.696509109,2
-0.854468299,-5.151494375,-1.865577581,-4.360028827,2.369283718,6.185514079,2
-1.646235791,-3.386566338,-4.738304197,-3.28508148,1.730190939,3.478284276,2
-2.014920301,-2.649983651,-7.650998696,-2.404294027,0.520764743,1.479774573,2
-2.136084495,-2.889697908,-10.0924327,-1.616612294,0.0616228955,-0.511310047,2
-2.339264068,-3.083010035,-12.27458469,-0.764976278,-0.511671462,-2.574429145,3
-2.410999926,-3.070021642,-14.26201873,0.251751871,-0.999461548,-4.944801669,3
-2.130868424,-5.755982434,-16.23927182,1.72631095,-2.523907724,-8.295328138,3
-2.104909703,-8.658976526,-18.25320038,3.578727015,-4.122456277,-12.62428462,3
-2.831162821,-10.05372414,-19.81712896,5.671151177,-5.251357504,-18.74465622,3
-3.94872468,-12.96649657,-20.16512911,8.304855937,-8.492762905,-25.01592227,4
-6.320228657,-10.75933785,-9.399042022,10.4208919,-11.24001725,-29.80651587,4
-6.003643735,-9.139928956,1.297937172,9.224224357,-6.063286998,-30.27730621,4
-5.5864737,-8.109244666,10.08405381,4.759657457,-6.343622446,-22.18206101,4
-4.537831847,-6.352423728,16.77625239,-2.786380304,-3.894192256,-9.557886008,4
-3.308114851,-0.356356561,19.46740978,-10.61599995,0.872839518,5.511730547,1
-2.786293148,3.028075221,19.30711307,-16.05882913,5.788970131,18.95850893,1
-3.004759251,4.077691619,18.42113497,-19.21909719,5.879922423,29.20625828,1
-3.275064116,3.914067731,17.45475365,-20.70436414,3.355263312,34.87130799,1
-2.275576762,7.497314256,12.39734074,-18.31350283,3.003149851,30.8071266,1
-1.365995468,8.094535325,9.401694832,-15.80212838,5.002515234,24.19618795,1
-0.668120256,6.682444598,5.784991023,-12.10172613,9.273284078,17.22290717,1
-0.0077323424,4.146352108,0.955853538,-8.735616103,3.996492402,13.31280935,2
0.352864889,6.678348544,-2.033008069,-6.861709731,4.307953886,10.37849139,2
0.461997972,6.015598686,-4.608235263,-5.189275332,3.566487459,7.647627388,2
0.576940376,4.436361825,-6.577710296,-3.823908824,1.920115975,5.485461142,2
0.404754426,2.029113994,-8.370287173,-2.816647678,1.178638963,3.399985935,2
0.291958919,1.75994576,-10.32282472,-1.675784574,0.324005948,0.695291687,3
0.401083591,-1.315965251,-12.19692106,-0.204878238,-0.90612716,-2.597248561,3
0.257234633,-4.193608461,-14.13626385,1.294939015,-2.626391246,-6.14978435,3
-0.322793878,-6.587868706,-16.26475525,2.720457068,-4.378206825,-9.839590641,3
-1.832642184,-9.252922546,-17.38444518,4.751039007,-6.481881551,-16.11443534,3
-3.625166095,-9.704501316,-15.15993705,7.843998017,-11.12385343,-22.49683838,4
-6.414602677,-8.621663136,-5.495065903,10.28309392,-14.50546893,-26.83701029,4
-6.242872047,-7.893437714,3.180470462,10.36696336,-10.48456747,-28.42798004,4
-5.522534841,-5.907281078,11.40493879,4.574315027,-8.602493061,-19.1234534,4
-3.76677358,-3.095763788,18.79444662,-2.781338939,-5.398530311,-6.490783647,4
-2.510763063,0.0224635101,24.10993257,-9.411246617,-0.927447222,8.58031744,1
-2.356260194,2.780225614,23.35929917,-16.9148614,5.109234413,24.26415459,1
-1.775212084,3.832070304,23.01714981,-20.17635709,0.783529377,34.86286524,1
-1.078510666,4.275516781,19.93807745,-16.61089037,2.527553475,26.98900659,1
-3.494323092,4.193387671,14.57544197,-13.70819395,6.193036251,19.40176801,1
-3.198300329,6.717851548,10.04374061,-10.10338572,10.18364142,12.2101426,1
-3.022381073,4.483437606,5.168308779,-7.95317392,10.15835554,9.104723914,1
-2.76701781,7.419661582,1.442766082,-6.426740902,9.637017092,6.661926804,2
-2.974817889,7.291284559,-1.98906761,-5.212274934,7.925241202,4.855499828,2
-2.936631203,6.217094394,-4.692821969,-4.109161609,6.28368251,2.908888686,2
-2.979410079,5.514835351,-6.706957299,-3.136973498,5.548691778,0.444286466,2
-2.930990315,5.350531322,-8.940141314,-2.13618839,4.991192109,-2.022282538,3
-2.710882588,4.464283745,-10.91120998,-0.913462856,4.051265361,-5.054947583,3
-2.463878245,3.134558857,-12.95760307,0.497879052,2.909774618,-8.261709116,3
-2.682473276,-0.138630261,-15.12160366,2.030423326,0.931642025,-12.31519603,3
-3.162508343,-3.79973463,-17.19736956,3.53968521,-1.273346942,-17.21492056,3
-4.624570087,-6.128243914,-17.56145159,5.633657747,-4.599890525,-22.75826763,4
-6.617294291,-8.316581766,-13.67288082,8.832073967,-10.4685639,-28.63114017,4
-8.765889435,-7.462187029,-4.037768012,11.26445983,-13.5064047,-32.69214618,4
-8.039245593,-6.158267586,5.045558025,8.115457977,-12.04003382,-30.79552679,4
-6.662534949,-3.863871599,12.86796285,3.31428787,-10.02390951,-21.80823638,4
-4.769473349,-1.709412949,19.85277427,-3.670250555,-7.284710058,-9.057400485,1
-3.124330995,1.865926454,25.11376314,-10.26811506,-3.031568695,5.780453522,1
-2.274231206,5.980873219,26.26472945,-17.46957827,3.959677059,21.64458666,1
-2.630342804,6.765234474,24.55821957,-21.03023571,2.663216556,34.36937114,1
-2.509778047,6.584095951,21.97635371,-21.03562386,3.388808693,35.8065941,1
-2.059799611,10.24633555,16.79394233,-18.28990687,5.658605775,30.35482163,1
-0.847864986,10.34569903,13.44997117,-15.61218219,7.381278489,24.02466283,1
0.374077907,9.144179328,8.343342135,-12.36025355,1.375814546,19.5808453,2
0.469909005,5.706236527,3.668517004,-10.33580151,2.278105824,15.73379942,2
0.226211794,9.326287357,0.228371631,-8.60209544,1.830716915,12.40394305,2
0.255176964,9.221302548,-2.653026522,-7.085568992,1.718922103,9.089211816,2
0.354278661,6.60435974,-4.990199192,-5.76165205,1.343204466,6.224728335,2
0.0431069556,6.294617328,-7.270082909,-4.655554541,1.220928789,3.516932342,3
0.0735622006,5.958350133,-9.166595056,-3.36467191,0.658585521,0.530939735,3
0.442277864,3.540428078,-11.06430941,-1.74755248,-0.627602782,-2.704210211,3
0.274388656,-0.229564806,-13.0560316,-0.0285881218,-2.292984275,-6.383892802,3
-0.130426246,-2.373274507,-15.23994946,1.508429037,-4.000940928,-10.4409208,3
-0.97181542,-4.81700403,-17.53649503,2.941903037,-5.725852473,-15.11050435,3
-2.628654466,-7.688245624,-18.13430185,4.858726847,-9.373467,-20.33835908,4
-5.052821254,-6.646770423,-8.078595135,7.221471907,-11.40574592,-25.95104854,4
-4.609140167,-6.469815016,1.557881522,7.763449197,-8.738509111,-28.84692529,4
-3.767674653,-5.731678847,10.26896017,4.437066137,-9.098492898,-22.60761121,4
-2.898042252,-4.069049299,18.08309894,-1.520864138,-6.432952966,-11.77367278,4
-1.837667269,0.0836019461,22.16290002,-9.5197976,0.793148122,4.0665462,1
-1.912256845,2.607905801,21.74962962,-16.60904685,3.521512754,20.04424867,1
-2.005335482,3.19413207,20.45578413,-20.82773539,2.124931881,33.74344964,1
-2.183748101,3.433241824,18.42909303,-21.26900343,1.261342024,36.79150837,1
-2.965466566,8.948683583,11.30553051,-18.88161489,1.308308707,32.12299325,1
-0.965405761,13.35452528,8.580144849,-16.06155613,3.442353873,24.85567172,1
-1.032708203,12.21590195,4.048351888,-12.31694526,8.15195867,18.14145267,1
0.439687332,9.232634895,-0.404966011,-9.123088086,2.203111891,14.86098076,2
0.499457839,6.107321413,-4.237051875,-7.391345384,3.709677284,11.74143048,2
0.442088212,5.377936378,-6.74527926,-5.937252532,2.291408714,9.022167954,2
0.442097767,2.373443023,-8.849308486,-4.745216894,0.875571664,6.687563593,2
0.313460009,-0.411106733,-10.87546458,-3.86622609,-0.00552400648,4.636081922,2
-0.0675732174,-0.413621364,-12.91127051,-2.954557577,-0.309206152,2.438515131,3
-0.181904075,-0.824760804,-14.68787711,-1.842962278,-0.878722914,-0.19414596,3
0.0171789916,-2.972934133,-16.72383178,-0.438658015,-2.465667269,-3.411395423,3
-0.193566671,-5.174470818,-18.71416076,0.934321539,-4.174302469,-6.867713492,3
-0.404002959,-7.09757443,-20.31165718,2.455836277,-5.785606148,-11.02288285,3
-1.314007883,-11.18727458,-21.96608246,3.919023907,-7.699802355,-16.12744176,3
-3.850089026,-10.2120476,-18.71015352,6.456196377,-12.37374451,-22.87208966,4
-6.836975382,-8.100271766,-8.651725834,8.299197117,-13.16214782,-28.54930057,4
-5.813712315,-8.738154906,1.58135427,7.997639737,-9.35387193,-31.27850382,4
-4.675273771,-6.19980158,10.40216675,3.934296987,-9.75177577,-24.87194315,4
-3.045204899,-3.875879467,17.18143991,-2.617743099,-7.03973076,-10.14195183,4
-2.425264082,-1.036675756,20.89625307,-8.835605275,-1.391398605,6.312258113,1
-3.095394714,0.551257527,18.76886333,-16.893767,5.307297433,22.14375538,1
-2.629145228,-0.339435357,15.65791809,-23.60029438,6.33510252,36.6107702,1
-0.277457903,4.889155245,12.40082118,-19.40859031,6.934391701,26.3342973,1
-1.737110295,3.312225677,8.000265878,-16.7335339,8.3857541,19.81835984,1
-1.465585734,5.943727408,3.397446978,-12.85775433,10.49314858,13.95760506,1
-0.836725998,3.380725974,-1.549936102,-9.969428115,6.469599156,11.4511915,1
-0.795680266,5.909917092,-4.670703354,-8.468687446,4.986883819,9.399521956,2
-0.804990498,4.730454493,-7.188944535,-7.030881871,3.901206179,7.261384169,2
-0.777435103,1.157167297,-9.112097459,-5.610190803,1.994624532,4.920218058,2
-0.876346728,-1.078314558,-10.92593969,-4.466270337,1.879609232,2.038070915,2
-0.931565891,-0.7249635,-12.80845445,-3.049130098,1.990135566,-1.295696255,3
-0.826231158,-2.100800024,-14.71444103,-1.241950675,1.352381759,-4.892238683,3
-0.846963445,-4.851848003,-16.66025272,0.537477509,0.521703446,-8.532786221,3
-1.063538006,-8.014373986,-18.11082858,2.72110803,-1.48821369,-12.75091576,3
-2.938419653,-11.67434116,-19.50223198,5.183781257,-6.26306917,-17.25620126,3
-5.690609903,-12.61846282,-17.55211256,8.411486317,-14.01872817,-22.40893389,4
-9.050402412,-9.655625216,-7.780674657,9.384615007,-13.18707163,-27.78201546,4
-7.653061435,-8.694681666,1.711236382,8.546979457,-10.61446617,-30.49610375,4
-6.462425529,-5.779179022,9.845590161,3.074978757,-9.127756278,-21.69768357,4
-4.663354862,-3.199022422,16.89206678,-4.133391638,-6.650549335,-7.578171237,4
-3.26602337,-0.735187409,19.89903937,-10.47112914,-3.406276544,9.157650856,1
-3.065826847,1.444562041,17.93988712,-16.40221399,1.220211407,24.8039012,1
-3.190594925,3.245968962,18.24809058,-18.34256961,-4.429838292,33.96129918,1
-2.620793256,2.661146642,16.33085687,-15.45727047,-2.983178525,28.03063642,1
-2.735295151,5.062345082,10.52357352,-14.12774291,-1.348076978,24.55833934,1
-0.994598508,9.830478794,7.338483392,-12.11537652,1.973182336,18.12226136,1
0.257758974,8.507530001,2.263665818,-9.200876384,-2.631646972,15.24735707,1
0.549910961,4.44594723,-1.868818968,-7.546522432,-2.488686088,12.95946885,2
0.446539964,6.312225085,-5.187375981,-6.116102873,-3.991180053,10.39485518,2
0.552057936,3.349723654,-7.459886427,-4.586584607,-5.442048999,7.451329339,2
0.4798396,0.556251552,-9.279469875,-3.546558072,-5.51696047,4.62394008,2
0.189302266,0.638279363,-11.35461001,-2.694941003,-5.144927109,2.063078735,2
0.0458301086,1.002559231,-13.12676345,-1.660349175,-5.213353773,-0.821804775,3
0.317506877,-0.792710141,-14.8555646,-0.348896762,-6.213118499,-3.6807963,3
-0.148726435,-2.707531755,-17.4985036,0.765415925,-7.441347252,-6.885130313,3
-0.429633939,-3.725313649,-19.69271136,1.944769602,-8.401858564,-11.24778202,3
-1.233662052,-7.416660538,-21.53048375,3.292714895,-10.35881244,-16.37097832,3
-3.381583388,-8.616119906,-19.42944188,6.191037657,-14.72106117,-22.60058207,4
-5.375758345,-9.893951666,-7.402432441,7.893349027,-12.53287434,-28.83141436,4
-4.632400994,-6.239753403,1.910874788,5.900606867,-10.28349838,-31.03114099,4
-3.955320697,-3.320164044,10.41618453,0.645102823,-8.109537309,-25.95943744,4
-3.267186853,-0.538498054,17.99473743,-6.489512437,-5.93405901,-14.36289207,4
-2.467887902,1.377609886,20.78587701,-12.32169255,-3.442747765,2.81464362,1
-2.068817109,1.91677697,19.08340243,-18.26740187,2.793949907,18.87385016,1
-2.373233617,0.474750378,16.98959691,-23.89307597,2.336819257,33.88753545,1
-2.333482733,0.0917042661,14.40228444,-21.15404862,4.274760704,32.06694493,1
-3.73676538,-1.570752258,9.967786391,-18.01170137,6.546483263,24.26484375,1
-3.586884566,0.496006235,5.70427346,-14.68700054,10.34768126,16.8167132,1
-2.57256016,-1.161976299,0.410011036,-11.39745412,6.021174691,12.89978104,1
-2.951965963,-3.363694711,-3.922664771,-9.190808582,5.953958351,9.79118727,2
-3.042920313,-1.545286644,-7.070254962,-7.695062394,4.532132174,7.197900291,2
-3.11255529,-2.03176157,-10.06954833,-6.411931162,3.074226114,5.176275157,2
-3.168219338,-3.244537352,-12.62969286,-5.186011735,2.451823525,2.901319578,2
-3.332514838,-2.490875959,-14.62132667,-3.923179009,2.620960461,-0.137477978,3
-2.778805566,-4.323948814,-16.37451835,-2.110256014,0.910480265,-3.103606906,3
-2.589964031,-6.745982851,-18.10446702,-0.425792673,-0.427373518,-6.333597425,3
-2.525175576,-9.016789546,-19.91947757,1.425173273,-1.913069086,-10.20167488,3
-3.034326182,-11.13578363,-21.13451915,3.4029929,-3.319921076,-15.14859807,3
-4.584702685,-14.76489079,-19.30462868,6.904090297,-9.130861472,-21.23178292,4
-6.694761363,-12.85738492,-9.901395596,10.09430188,-14.70156953,-26.59855213,4
-7.057624315,-11.5424588,1.607619639,12.28556572,-12.7744286,-30.68310961,4
-6.743695812,-10.63450822,9.898227621,9.658184777,-13.12000989,-25.99963951,4
-5.134929534,-8.255319746,17.46381137,3.167616243,-7.916251724,-14.43723301,4
-3.383541368,-5.110631306,23.37306341,-3.39063744,-3.569343597,-0.400989254,1
-2.375004872,-2.605292387,25.27810646,-9.635170307,-0.5683868,15.86756839,1
-3.745781932,-1.100010024,21.49055933,-15.26652863,3.949338627,31.07697514,1
-3.021619397,2.039780527,18.83124934,-15.40774614,4.944356379,32.74344795,1
-1.577193058,9.004431618,14.62498081,-13.64285198,5.784690657,28.18002942,1
-0.774174214,6.409058592,12.3674484,-11.45939821,7.512565765,21.75403349,1
-1.084894626,7.324985619,7.924859031,-8.871720474,8.876616086,16.52970104,1
-0.63926848,4.170882799,3.228105062,-6.387939639,6.362992461,13.17435354,2
-0.552963527,4.71148046,-0.164492854,-5.345873032,6.574525816,10.39359089,2
-0.84430971,5.383279261,-3.118164851,-4.009551086,4.824208995,7.651313038,2
-0.918005894,3.872527824,-5.181669445,-2.888379253,4.005918842,4.894847215,2
-1.279960319,3.745109401,-7.45455141,-2.220179989,4.039605027,2.510560487,2
-1.46188781,4.200674565,-9.664892613,-1.324778852,3.640951248,-0.133744932,3
-1.131788753,2.85830941,-11.77404806,-0.0783868328,2.630978498,-2.996305473,3
-1.075010144,0.709268148,-13.77022726,1.272627682,1.68477236,-6.348517409,3
-1.026895112,-1.942598326,-16.2031877,2.594793462,-0.00300440448,-9.761634801,3
-1.465206898,-3.469136337,-19.01965785,3.529877285,-1.007701868,-13.76912766,3
-2.729316002,-2.912449103,-21.26334704,4.667337107,-2.565884235,-18.93132635,3
-4.358657878,-3.482272822,-19.62971195,7.205461797,-6.485784384,-24.55415982,4
-7.104811437,-4.199276336,-8.608406815,9.982165467,-10.10826274,-29.13590079,4
-6.943279637,-2.92897204,0.964215127,10.95982806,-6.467515048,-31.07490198,4
-5.907135255,-4.017770573,9.678677852,7.206797057,-5.519009857,-27.23267544,4
-5.11130166,-2.399171663,17.54167727,0.880791126,-3.530067083,-15.89397685,4
-4.12985498,0.587774555,20.55006759,-6.993364858,2.5513829,1.383238832,1
-3.971270377,1.140613602,19.16196182,-13.17123157,2.155244562,17.53563579,1
-4.070369569,-0.756030885,19.85154572,-16.79367563,0.953411685,28.0324823,1
-3.816316641,-0.938248603,17.67991537,-14.30425893,6.581042568,21.51277758,1
-3.473998782,-1.112080126,13.81583096,-11.35205826,5.980174418,15.95695484,1
-3.022340319,-1.341153013,9.033573397,-8.517552358,10.16245831,10.07043202,1
-2.296599721,-4.213182751,3.789787166,-5.270048032,3.33070769,6.531119407,1
-2.066632811,-6.286787073,0.0715388779,-3.756371737,5.601307157,2.815429092,2
-2.035418694,-5.829781099,-3.175654777,-2.744070134,4.821831642,0.672319392,2
-2.240184976,-5.755685638,-6.500525123,-1.990891974,3.222875418,-0.575776063,2
-2.56374375,-6.276996789,-9.39584595,-1.25346959,2.2450882,-2.451413872,2
-2.685436743,-4.475053347,-11.30843744,-0.414548158,2.462453843,-5.323520344,3
-2.272202615,-6.314548554,-13.55546701,0.930536359,0.989784149,-8.531671476,3
-2.247969967,-7.92997683,-15.96366623,2.158744652,-0.212168321,-11.94968123,3
-2.363399059,-9.403477796,-18.15249676,3.675546855,-2.103278478,-15.9210181,3
-2.72960003,-12.44302389,-20.16405593,5.076214227,-4.086342911,-20.49906516,3
-4.974838077,-12.65562133,-16.88388539,7.655271247,-8.875333637,-26.57266537,4
-7.479710062,-12.7540433,-8.10912947,9.817571527,-12.48181659,-31.49436663,4
-7.374733775,-14.2701119,1.731494187,11.3726907,-9.58408726,-34.00252818,4
-6.499744678,-12.06500583,10.74419431,8.092962917,-9.45688671,-27.31282393,4
-4.662978298,-9.508246086,17.30301461,0.975630067,-5.681222494,-12.27888313,4
-3.380906968,-3.649448444,20.96918291,-6.799398789,2.606571022,4.186796659,1
-3.304857968,-1.777667241,20.56905677,-13.83627946,5.78460851,20.15667032,1
-2.964049056,1.626282098,21.28872574,-17.29969378,3.179727996,33.70848126,1
-0.80811505,5.556658445,19.25102004,-14.20413518,6.822123003,23.7635139,1
-1.472266818,6.749114165,12.99781864,-12.71330303,10.22936974,17.46163546,1
-0.186824317,12.36011308,8.042319437,-11.11836458,14.56466346,11.53029914,1
0.0294670606,10.67130889,3.153640613,-7.433315645,11.28385665,7.311817574,1
0.114454501,7.256133109,-0.768067633,-5.849333779,11.56344485,4.642522724,2
-0.171169545,10.84978502,-3.67896746,-4.556230363,10.16434462,2.345195535,2
-0.197296169,8.513257998,-6.182798626,-3.304099999,8.624370246,0.424428274,2
-0.0414177914,5.692072332,-8.540507932,-2.148886406,6.643245758,-1.389170429,2
-0.504648532,5.654810237,-10.41937852,-1.190574848,6.424267996,-3.920154737,2
-0.321806359,4.97475378,-12.12178592,-0.00706095476,5.536080006,-6.492494151,3
0.0150316206,2.316387552,-13.79581259,1.426233389,3.961652106,-9.227672624,3
0.158576691,-0.524549005,-15.70208975,2.784592397,1.999974524,-11.69189568,3
0.0747227206,-3.362819627,-17.963581,3.950208447,-0.110157861,-14.16705089,3
-0.446236494,-4.554006387,-20.70319182,4.929669437,-1.918999063,-17.69004407,3
-1.776684817,-6.189679272,-22.41606978,6.034111487,-4.049661421,-22.05804944,4
-3.898193805,-9.576541136,-18.17220341,9.149832087,-9.37400513,-27.55728977,4
-6.315704215,-11.68839867,-9.168534654,11.45920927,-12.26803284,-32.86440623,4
-5.800234998,-8.294373806,-0.219070791,7.355775027,-12.04755593,-25.78586906,4
-5.16434631,-6.84140481,7.780183708,0.752842518,-11.62288262,-11.99624527,4
-3.030566674,-3.770390023,14.06308357,-5.956156665,-3.935215853,2.872007238,1
-1.788710328,0.224733164,17.81054478,-11.70484458,2.4681507,16.82492533,1
-2.43173792,1.558186706,17.04435126,-15.60256389,1.503736419,28.82239538,1
-2.238669845,1.220833432,16.62954029,-16.6641542,2.997222835,32.12924379,1
-0.540736391,6.777990888,13.81930314,-13.29009362,3.397086084,23.83482531,1
-1.819832189,5.009048203,8.596738563,-11.21106557,5.050926316,17.19054455,1
-1.687463352,3.764556284,4.055917997,-7.609885083,4.06439396,11.70005035,1
-0.932399749,-1.037777589,-0.257821572,-5.149643755,1.246164562,8.739599503,2
-1.252687233,0.145909254,-3.54367384,-4.185215138,2.785725596,5.832312132,2
-1.271980837,2.295614436,-6.491923796,-3.030255101,1.1474683,3.772435902,2
-1.297468928,-1.069980695,-8.799208738,-2.011085831,-0.366250227,1.536225339,2
-1.509052269,-2.215235611,-10.61057288,-1.18790883,-0.0931178075,-1.145477993,2
-1.564802916,-2.318347593,-12.47984337,-0.172951626,-0.504842761,-3.730574008,3
-1.369067983,-3.647569292,-14.36748747,1.119151047,-1.554354495,-6.519898531,3
-1.477145558,-5.735148959,-16.40443263,2.588896184,-2.776440748,-10.14686583,3
-1.649215701,-9.112362916,-18.15925585,4.301211147,-5.048968818,-14.42630836,3
-2.753326864,-13.41113512,-19.42183998,6.127551517,-7.240601067,-19.63016176,3
-4.845525056,-15.87733834,-18.56374576,8.612333417,-11.19093709,-25.620757,4
-7.100529063,-12.65614077,-8.727439735,10.77441313,-10.99240319,-30.92132948,4
-6.619894509,-10.79105259,-0.26713887,8.894111737,-8.974448541,-31.68312915,4
-5.693714108,-8.103152496,7.605108253,3.551999823,-9.76213288,-24.89657146,4
-4.007274634,-4.342522006,14.7994364,-5.06479063,-2.041133301,-12.7786404,4
-3.377349838,0.0241320741,18.02311422,-11.72981708,1.453396854,3.368901673,1
-2.630483463,-0.593327462,18.14609191,-16.53587481,4.465608679,17.67044288,1
-2.703127939,1.915442673,17.59796157,-18.77002213,2.308698767,28.29013981,1
-2.969725106,2.418601191,15.81295763,-20.05703468,2.427052372,31.80101681,1
-3.62129704,6.689294802,8.962037728,-17.20664479,3.266864151,25.67373449,1
-3.811726296,8.089643123,4.6780732,-14.91783314,6.422278725,19.87731514,1
-2.64070602,5.924865553,0.116205889,-11.7279975,1.172153658,15.62651789,1
-2.321281132,2.443193753,-4.354300876,-9.220187078,-0.379928186,12.30811634,2
-2.438394531,4.505424314,-7.337692486,-7.228803087,-2.772716422,9.440698194,2
-2.175354331,2.364384655,-9.474182011,-5.810127684,-2.782497281,6.474355332,2
-2.13060482,0.53012531,-11.57538859,-4.543915312,-3.269471934,3.814382575,2
-2.145393101,0.811046081,-13.52887035,-3.442095027,-3.037302272,0.95257257,3
-1.618803157,0.179608067,-15.50567403,-1.780198599,-4.222447091,-2.129226674,3
-1.312264222,-2.353335415,-17.58226403,-0.176828016,-5.314539472,-5.628786136,3
-1.367415546,-5.141586469,-19.28424737,1.696175608,-6.97727543,-9.47321099,3
-1.760709586,-8.519197496,-20.71200844,3.497902839,-8.85163861,-14.06572557,3
-3.90014661,-11.09278647,-19.47835283,6.605391017,-13.68553307,-20.46974944,4
-6.666217056,-9.880325416,-11.0736116,9.517522637,-18.64132489,-26.29541543,4
-7.888251836,-11.86014992,0.360224639,11.01469021,-14.16539417,-30.96942944,4
-6.714093199,-8.855287856,9.552600506,7.928639697,-12.83046391,-30.66067775,4
-6.065895545,-5.005457088,17.58772086,2.447721655,-11.11007637,-24.023139,4
-4.340821053,-0.702931533,23.29320395,-5.482254436,-7.172641729,-12.28592394,1
-3.742825176,1.875062456,26.38858521,-11.60054843,-4.916598205,2.465090585,1
-3.427146954,1.945239282,24.76987593,-16.88987243,-3.976180258,18.54705449,1
-4.74780328,1.816138798,19.77812365,-21.4652906,-1.241296164,33.58201553,1
-4.839063606,5.693424841,18.03545977,-17.29337489,-0.837185507,27.61942131,1
-4.752025741,4.832040478,12.50065622,-15.07590607,-3.918937061,23.3280068,1
-2.793604798,6.336415811,10.36453821,-12.24781155,1.530688769,16.08391939,1
-1.89549791,8.015541291,5.240233354,-8.349159992,1.72502604,10.41016454,2
-1.790488768,6.093509933,0.624382387,-6.091128296,2.15854077,8.158049283,2
-1.587511326,7.227669232,-3.154515647,-4.566216212,0.696716385,6.499590953,2
-1.487155528,7.221066893,-6.355095778,-3.405326222,0.739712709,4.285010088,2
-1.515026128,6.000449757,-9.048784878,-2.075139259,-0.494139489,2.25583421,2
-1.509789796,5.473227723,-11.27553754,-0.801750687,0.00884965052,-0.820909124,3
-1.042958375,5.375210813,-13.38563153,0.851167685,-0.631044406,-3.837414563,3
-0.569763426,3.425897116,-15.38815194,2.627442183,-1.959932298,-6.757867415,3
-0.418941495,0.0234720711,-17.51809001,4.384931357,-3.863915608,-9.655079622,3
-0.608247772,-4.065915055,-19.25902072,6.457650807,-6.487844101,-13.85925112,3
-2.169547298,-8.461270626,-20.01290485,8.819613977,-10.29595617,-18.53874524,4
-4.123421564,-11.32026282,-16.11473928,12.34456945,-16.26268182,-23.50615431,4
-5.925751912,-13.29326483,-6.721989251,15.26551979,-20.43328573,-26.94813734,4
-5.2955993,-10.31182679,2.513739031,12.49578878,-20.8608921,-22.16957314,4
-3.939559153,-8.242728756,10.32663223,7.295198647,-18.7726623,-12.50607846,4
-1.677895418,-4.815737974,17.17887164,0.197517724,-11.45696034,-1.102929636,1
0.0997583406,0.863721004,21.27532173,-7.109620263,-4.156101766,12.4888851,1
0.161791427,2.073617389,20.65658253,-12.39478929,0.00908651352,26.76441163,1
-0.186022389,4.523000539,21.36111581,-15.28447861,-0.499692746,36.70761339,1
-0.378571742,3.11345702,20.16110953,-15.54721373,-1.371222538,37.62355494,1
-0.441362862,4.435173011,16.22638613,-13.46180538,0.223505655,31.34717571,1
0.874317749,6.348842617,12.88608597,-11.20122824,0.176113858,25.29513724,1
1.174012907,6.17544143,7.709873267,-9.078386685,0.368239222,20.17603701,1
1.385651319,0.618115619,2.856745824,-6.943249236,-3.585228986,17.74310489,2
1.07140795,-1.213716339,-0.679064769,-5.663863984,-2.276009895,14.23574405,2
0.959914005,-1.891154406,-3.028024811,-4.602379199,-3.254418047,10.70887104,2
0.769748751,-3.063413763,-5.00054035,-3.737654778,-3.743947952,7.579001865,2
0.346094887,-4.071934005,-6.849107256,-3.145791062,-3.304060811,4.647436456,2
-0.218360466,-3.632464324,-8.686599936,-2.5055367,-3.219147586,1.742318691,3
-0.356153706,-4.76635966,-10.77947674,-1.404299726,-3.380167967,-1.866740064,3
-0.489943086,-5.952100146,-13.0182272,-0.185016416,-4.301095283,-5.453423955,3
-0.906091568,-7.282671286,-15.52100761,0.938495193,-5.530125076,-8.810573424,3
-1.492835788,-8.690529476,-17.9363458,1.802100295,-6.997528052,-12.32367432,3
-3.131152104,-9.760364366,-20.47259043,2.491265227,-8.646558579,-17.33957265,3
-5.168949976,-8.354507716,-19.12339171,4.097184257,-11.6535112,-23.49568606,4
-7.426739531,-9.778514916,-11.01047754,6.002869437,-12.45552544,-29.96477646,4
-8.289813682,-9.707117346,-1.164248312,8.927902337,-6.176944179,-35.82196726,4
-7.704432948,-8.068792246,7.683819198,4.701177607,-7.218283284,-27.41193512,4
-6.501511846,-6.916611845,15.77503989,-2.7600899,-3.925127718,-14.42988883,4
-4.159977756,-4.39750749,22.50253985,-10.33710801,1.474733908,0.420473604,1
-2.924561608,-2.134297819,25.09606685,-16.48454104,3.380883852,16.63555059,1
-2.302541064,-2.299303602,25.10725302,-20.5985833,3.498475786,31.34941378,1
-2.252988105,-3.860236437,23.71352484,-21.91705062,5.421386608,34.14007535,1
-0.902312939,3.436376277,20.47437663,-18.21590576,7.731211163,25.8841199,1
-2.157371891,7.255861826,13.0765933,-15.87728158,9.103378499,20.49173281,1
-1.558476504,11.57621136,8.763172637,-14.22089621,13.72357543,14.6939303,1
-1.172915289,8.787079371,3.725241958,-10.89911025,8.393482998,11.40842858,2
-1.052861115,6.953895174,0.0961324509,-9.077073078,9.144865329,8.064632177,2
-1.301727775,9.15260713,-2.870533697,-7.410414317,7.769610964,5.170492258,2
-1.238355776,6.8192851,-5.426003858,-5.955079998,6.476440807,2.410632021,2
-1.18109638,5.073482668,-7.496217415,-4.799633326,6.003082073,-0.243062211,2
-1.339658003,5.052154774,-9.649705101,-3.585300596,5.903764378,-3.029960401,3
-1.264379186,5.160365401,-11.77822741,-2.066569438,4.711703689,-5.776980938,3
-0.968000389,2.907644302,-13.95791551,-0.366572177,2.826364377,-8.584570982,3
-0.972052327,-0.152586289,-16.05728829,1.304207861,1.055821225,-11.68273544,3
-1.436783054,-2.544196539,-18.10790001,3.029132519,-0.552761886,-16.15474592,3
-2.368459953,-5.434263974,-20.22220039,5.128031957,-3.36245796,-21.70651671,4
-4.420646181,-6.889445491,-17.52435675,8.376751207,-8.756873451,-27.95780678,4
-6.933782866,-7.224688737,-6.752871124,11.3484002,-13.04857479,-32.03980115,4
-5.986173615,-5.083885002,3.319332724,8.240623777,-12.39630833,-28.96177009,4
-5.032705743,-3.11474236,11.86953996,3.017052576,-9.43162696,-18.71898442,4
-3.322245443,-1.554437645,19.05793367,-3.413182906,-7.253521615,-4.871380556,1
-2.341044719,1.085946815,22.6441221,-9.180404222,-4.151786983,11.68821819,1
-3.052917875,1.680858578,19.58635517,-15.72649869,-1.200827545,27.16971805,1
-2.649535159,2.378600137,19.06813733,-18.45242731,-4.00955839,36.65290888,1
-2.947436941,0.220556813,17.00264442,-14.92717332,-2.412936777,31.43760386,1
-3.024281694,3.196390217,12.22848216,-14.06329757,-3.039207006,28.85512563,1
-1.927872495,2.664466217,10.1274685,-12.04767625,1.266353376,22.77260831,1
-1.487963034,3.346847947,5.100057551,-9.636275882,-2.255337602,18.42619931,2
-1.390611307,0.515813458,0.721320379,-7.619789598,-2.016673326,15.07106151,2
-1.278735958,2.667761719,-3.0619019,-6.302815919,-2.590759212,12.56268945,2
-1.670849533,3.149259928,-6.291856725,-5.208673398,-3.444367744,10.22706027,2
-1.561591133,1.748189671,-8.259009347,-4.032282154,-3.85298579,6.922922961,2
-1.75895925,1.442673191,-10.13037799,-3.119240101,-3.32354674,3.73157745,3
-1.871952307,1.602591826,-12.15806774,-2.08533684,-2.962686829,0.487728213,3
-1.8255972,1.390000874,-14.07013772,-0.909632027,-2.856785105,-2.982033651,3
-1.818519497,-0.503508254,-16.3221435,0.700142627,-4.353692389,-6.912843091,3
-1.986742873,-3.832403509,-18.13497485,2.506614406,-5.454624842,-11.73016281,3
-2.485250797,-6.722049805,-19.81388876,4.463201537,-7.341195479,-17.10457947,3
-3.793716091,-9.295418106,-20.21922098,6.829841917,-10.32286408,-23.37036594,4
-6.044181555,-8.226298606,-11.10264777,9.380163797,-14.73861385,-28.88500019,4
-5.677519813,-6.357548846,0.270990676,9.695174507,-13.78806747,-32.49486165,4
-5.198632007,-4.449033234,8.835379991,6.680128807,-11.97652703,-28.78768088,4
-4.249746071,-2.893751117,16.34946014,0.989921385,-8.822114922,-18.33767877,4
-2.930502888,0.554051022,20.14973109,-6.251582913,-0.651701304,-1.207338415,1
-2.702479608,2.07964791,19.51238204,-12.72361189,1.083440985,15.11371592,1
-2.808683149,1.652714337,17.89778434,-16.43380908,1.188183366,27.94579586,1
-3.031652035,0.291457611,16.23432501,-17.35982218,0.245508825,30.408691,1
-3.957347276,4.094159872,9.351501992,-15.24978608,-0.833482414,26.35589615,1
-3.072386165,9.00529604,5.659089791,-13.9034676,3.380630171,19.89964728,1
-2.494385807,9.360296653,1.344788482,-10.71460298,3.505689202,14.69918555,1
-2.201374957,5.271507426,-3.32590683,-8.063655802,0.253950529,12.13902825,2
-2.482756941,6.956881296,-6.528243021,-6.60552917,-1.596973745,9.555806403,2
-2.313189405,5.585577327,-8.589777798,-5.2924999,-2.903208748,6.314742026,2
-2.250028854,3.815786284,-10.50666726,-3.997899081,-3.417093958,3.120771671,2
-2.237173918,2.537718684,-12.32607802,-3.012092998,-3.514563256,0.204777552,2
-2.473011873,2.652173974,-14.07025093,-2.24394896,-2.753340477,-2.729989457,3
-2.378087882,1.47718118,-16.10121545,-0.952616298,-3.603318166,-5.801516451,3
-2.196956639,-0.434421384,-18.07595164,0.368390758,-4.778435082,-9.281041617,3
-2.365874154,-3.686851506,-20.07858646,1.674423618,-6.38915023,-12.79083187,3
-2.830758356,-6.208974466,-21.72633059,2.989802319,-7.579593198,-17.18325008,3
-4.474854243,-7.645508245,-21.90781381,4.640750537,-10.06443361,-23.61974847,3
-6.503154251,-8.596120446,-17.09354,7.570023147,-14.46422572,-29.98589116,4
-8.654710039,-6.392356177,-5.757036123,9.454751367,-15.10709259,-34.84581303,4
-7.965106761,-3.980398741,3.943867501,8.055246217,-11.48710389,-35.73308548,4
-6.734783895,-1.778120553,13.07876699,4.475917727,-10.919111,-29.20886975,4
-4.923445323,0.128291599,20.46062953,-3.280628574,-7.158518483,-14.62518317,4
-3.453053151,2.875686917,25.19626663,-10.39659083,-1.470663608,1.91328096,1
-2.844806027,4.025128101,24.93022495,-17.67114941,2.732281358,18.03116997,1
-3.511464588,5.298914729,23.52716041,-22.44206906,0.791036289,32.59059423,1
-3.411517876,2.482850295,21.57369788,-19.22530372,-0.122305385,27.25034581,1
-3.062771549,2.572068834,15.42955409,-17.23670592,-0.979661648,24.70652729,1
-1.560531738,8.753034035,12.86880439,-15.04527824,2.42539736,18.54094349,1
-1.621871554,9.161710858,8.155652783,-11.33255862,5.459761226,12.0664762,1
-1.458184001,6.254598137,3.366883846,-9.031293679,5.645162079,8.908819328,2
-1.568407038,10.0108084,-0.452975071,-7.505699441,4.200723164,6.531427193,2
-1.792153501,9.048151723,-3.941195459,-5.987040545,2.370009145,4.512462394,2
-2.031632166,7.238700469,-6.665379658,-4.833983457,1.080185099,2.308539293,2
-2.269924227,6.742621863,-8.915178301,-3.829507584,0.828504994,-0.74282645,3
-2.339717227,6.048368749,-11.1779481,-2.736448611,0.474001023,-3.684942537,3
-2.363243161,4.691509248,-13.58447151,-1.481100806,-0.249323802,-6.825428325,3
-2.338547153,2.89002209,-16.06032117,-0.186285262,-1.348253439,-10.59145008,3
-2.500730062,0.688748958,-18.28011196,1.324739145,-2.840057702,-15.3485878,3
-3.561821727,-2.91197901,-19.90089971,3.125316464,-5.218712636,-21.09738412,4
-5.350050616,-4.544782832,-18.9361175,5.291466317,-9.52221262,-27.28551324,4
-7.653170883,-7.081086346,-11.81738218,7.958334137,-14.6154402,-32.96993818,4
-7.749491474,-5.44832392,-1.171575222,5.775593367,-11.06471302,-32.85976399,4
-6.299754536,-2.302104909,8.069863251,0.73982471,-8.198644979,-26.77394638,4
-5.229510398,-0.859277976,15.98743596,-5.253567928,-6.21604755,-14.94853938,1
-4.293515311,0.302853691,22.01664805,-10.94319247,-4.712702762,0.738265249,1
-4.228087162,1.452904033,19.70753745,-15.78158794,-0.118383488,16.93265268,1
-4.888631566,0.601361163,17.63121266,-19.55197836,-2.268422464,30.77482686,1
-4.032446934,1.866087875,16.28660843,-19.20210204,-0.317259593,32.68796514,1
-2.619069059,9.22649704,13.70035995,-16.26879104,5.184481028,23.55300558,1
-1.03395742,14.23910728,9.983105771,-14.41456001,10.19988542,16.62358547,1
-0.881723437,13.63397337,5.154834891,-10.70863011,7.326923496,11.3021263,2
-0.484590664,10.47642757,0.154630002,-8.065025667,5.108403116,8.118732576,2
-0.203216562,13.24003988,-3.446660404,-6.783636964,7.106308306,5.507172791,2
-0.0563901444,10.89740563,-6.448413349,-5.400897606,5.901522105,3.773938291,2
-0.124758761,8.801660646,-8.715317636,-4.164308049,3.815537725,1.976717465,2
0.0164630216,5.709869142,-10.5470446,-3.131905262,2.739561076,-0.133146943,3
-0.0521782924,4.341271411,-12.27441966,-2.086746634,2.246731641,-2.657490057,3
0.15733389,3.003660566,-14.13868151,-0.755977961,1.332992155,-5.583235337,3
0.267772632,-0.10504104,-16.01915953,0.87856255,0.0908140205,-9.284594358,3
0.0158770096,-3.032214845,-17.99824449,2.604376401,-1.583093086,-13.06336763,3
-0.399923208,-6.203931345,-19.96520853,4.256078897,-3.691417544,-17.53837711,3
-1.936539217,-8.212004636,-21.08786588,6.110192827,-6.620129255,-22.95188733,4
-4.501133023,-8.166597486,-11.71556141,8.957209657,-10.40472785,-28.37207346,4
-4.623850478,-8.548829616,-0.832004362,9.804905817,-7.294531891,-31.46547574,4
-3.797818538,-6.225954659,8.596439595,6.270612907,-5.665838982,-28.64636626,4
-3.02655813,-3.859103325,17.1090557,0.857406187,-3.442329487,-18.82098228,4
-1.602671885,-2.071523675,22.0241512,-6.028273764,0.493104961,-1.353206345,1
-0.821836122,-0.0918688719,22.37639621,-13.78541344,5.817414424,14.9773446,1
-1.190051599,0.783372803,20.59918112,-19.32141393,6.233843715,29.67598098,1
-1.8194036,3.491596542,21.02581952,-20.80448998,3.526700428,36.357008,1
-1.674645032,2.743261347,17.60005061,-16.9587172,5.058853401,26.88830774,1
-1.602392432,3.708602303,12.27687829,-15.82002503,6.192736902,20.14407691,1
-1.066450611,8.314530802,6.914326601,-13.83954176,9.965804611,13.70829011,1
-1.000018036,9.219155769,1.928218162,-9.91127103,10.7022424,8.189695326,2
-0.535579147,5.605465042,-2.908610839,-6.97039411,6.058602838,5.63461033,2
-0.743120507,9.327443947,-6.522564697,-5.51042768,4.268362358,3.663601233,2
-0.643597185,7.58077258,-9.706526594,-4.149981496,2.668683092,1.894922141,2
-1.05023885,5.41087829,-12.51084254,-3.096159685,1.258582937,-0.0720296631,2
-1.402094242,4.134761799,-14.56336148,-2.237109231,1.000255443,-2.658466295,3
-1.496100741,4.310149111,-16.44052963,-1.340109225,1.046835262,-5.635805376,3
-1.188112843,2.474382147,-18.31717913,0.173514946,-0.131512678,-8.834552969,3
-0.983622743,0.21076194,-20.15460072,1.548362741,-1.375202993,-12.23383729,3
-1.182856224,-2.564118484,-22.00452214,2.973773131,-3.120062584,-15.96812405,3
-1.74214451,-5.517460616,-23.91629684,4.379399057,-5.238592517,-20.31710337,3
-3.950342129,-5.506911888,-21.54667978,6.426650007,-9.118101965,-27.00058332,4
-6.693276422,-5.684804556,-11.95227963,8.474230137,-10.78056943,-32.71051226,4
-6.106535377,-5.254075812,-0.0335751131,8.756330407,-5.494176943,-35.96402859,4
-5.375702747,-1.715688284,9.801843541,5.038474507,-5.017331935,-33.04774649,4
-4.421249232,-0.553431738,17.29323602,-2.226202065,-4.00628081,-19.51947476,4
-3.372472425,1.236988577,22.68311189,-8.964770451,-0.429508258,-2.911221245,1
-2.728244896,4.310064105,24.19100588,-16.22227792,4.687142974,13.52076296,1
-3.164570199,4.559968537,22.57629067,-21.58472722,4.136559889,28.88295652,1
-3.349964899,1.677273638,20.84814978,-20.48808593,4.649008769,28.62696815,1
-2.913335434,5.213919799,17.17814465,-17.9876256,9.207536321,20.80146451,1
-2.293535877,5.427827906,12.98313927,-15.57197292,10.34451123,15.11065376,1
-2.13529401,6.519395849,8.417516066,-13.31160247,12.48084465,9.944813862,1
-1.17772459,5.034516269,3.297284237,-10.25415464,9.45342231,6.929259692,2
-0.798077106,4.911417121,-0.599999842,-8.465662774,9.453324992,4.880917402,2
-0.844980903,5.608445526,-3.402632293,-7.20289441,7.936295801,3.492935131,2
-1.199271924,4.57228962,-5.994489487,-5.964719705,6.060069177,2.046801382,2
-1.224526615,2.966815492,-7.357636712,-4.826526841,5.121582947,-0.208193402,2
-1.409566366,1.498646974,-9.183877042,-3.867736614,4.812427027,-2.630296426,3
-1.508550157,1.147288591,-11.25232632,-2.741889744,4.507503874,-5.611456304,3
-1.407871302,0.604228382,-13.07782917,-1.305883648,3.957688525,-9.054181345,3
-1.52832378,-2.466476071,-15.34874147,0.0381225842,1.636157593,-12.1396536,3
-1.922566247,-4.293190174,-18.0519598,1.073594519,-0.430917284,-15.48519134,3
-3.158389468,-4.338504694,-20.26030251,2.018307765,-2.141389672,-20.00965615,3
-4.804500356,-5.152252495,-20.17215181,4.009665927,-6.352676739,-25.20018763,4
-6.87988437,-4.583838345,-9.93857238,6.247384347,-7.528606301,-29.91719333,4
-6.43447633,-3.872126274,0.0882108579,5.536012847,-3.963417789,-31.53313457,4
-5.1205196,-2.762198315,9.098123691,1.892709176,-3.502288372,-24.95999136,4
-4.18714992,-2.596249221,16.74808339,-4.101235238,-2.398144621,-12.11025803,4
-2.639027188,0.105504344,20.35948294,-11.69624074,2.904787569,4.920621795,1
-2.450841816,1.41443433,19.3970439,-18.55885786,5.484748157,20.84272038,1
-2.798932265,1.409298427,19.1588752,-22.16184748,1.620870171,33.81590832,1
-2.916241025,1.307639345,15.89836222,-20.09134363,4.270511381,30.21531863,1
-3.070119273,0.78990242,11.50504407,-17.38872512,5.837188959,24.10335502,1
-2.808667822,1.794995035,6.641266951,-14.30376149,8.729400541,17.65467846,1
-2.185748455,0.260562469,1.521937399,-10.71730045,3.916177982,14.18834063,1
-1.768786624,-3.418087019,-2.136084566,-8.822659939,3.612483258,10.81058516,2
-1.876669529,-2.24831194,-4.773643097,-7.477541632,3.132361704,7.387991672,2
-1.898552654,-2.340329819,-7.212166782,-6.295495349,2.475875218,4.475318992,2
-1.872817496,-3.60404539,-9.394081456,-5.190901909,1.778682234,1.788036227,2
-1.925747137,-3.443886599,-11.47566765,-3.970964179,1.079195703,-1.158910435,3
-1.594257816,-6.226206631,-13.25682772,-2.307915425,-0.357062303,-4.802604503,3
-1.623102896,-9.034015466,-15.46989287,-0.704460949,-2.572028564,-8.081922329,3
-2.248600016,-10.48133582,-17.90942047,0.548236096,-3.801869095,-12.06366761,3
-3.015168833,-10.67213901,-20.42009925,1.662256225,-4.983927733,-16.68273788,3
-4.999919644,-11.73415897,-18.02924982,4.579805197,-10.19727957,-23.33957633,4
-7.319377726,-10.267352,-7.337148972,7.056076657,-12.6880281,-28.60041184,4
-6.949168261,-10.3955938,4.459905246,8.439809947,-6.815019399,-32.50000232,4
-5.46014191,-6.984408019,14.28490825,4.491724637,-5.958629169,-28.0831916,4
-4.041235289,-5.122998114,21.82616784,-2.236677229,-3.259585574,-15.02714469,4
-2.709241642,-2.753944747,25.97619734,-8.561304768,0.817930149,1.191781876,1
-2.69877589,0.0991397801,24.66050442,-15.04786741,4.310104349,17.35664348,1
-4.1125491,-1.822584327,20.33500071,-20.39339511,4.083084684,32.46910524,1
-2.096419677,3.59842959,18.41601089,-16.69061538,8.031745856,21.77532845,1
-3.609510137,-1.003843996,12.56983288,-13.71269307,5.148940414,17.04184464,1
-2.981142904,2.170912292,8.481629414,-12.77440308,10.88489462,11.81435116,1
-2.035560421,5.453889924,3.727765747,-9.133034271,8.821668983,7.243093912,1
-1.190282318,2.764329937,0.172004326,-7.275970983,8.840846403,4.746656381,2
-1.539974172,3.781446714,-2.841821354,-6.079728993,8.033250963,2.477319033,2
-1.430295607,4.113450056,-5.057427511,-4.817322783,7.232536457,-0.181710212,2
-1.095796164,2.779743813,-6.908747996,-3.48858957,5.797504975,-2.551893221,2
-1.059738921,2.239679148,-8.805936104,-2.41126861,5.627131293,-5.330534629,3
-0.931158429,1.499336597,-10.91339537,-0.987846631,4.3080426,-8.211396966,3
-0.797538018,-0.927798437,-13.16230197,0.494896491,2.362556573,-11.1674603,3
-0.840503268,-4.253409197,-15.23996012,1.986408397,0.356471867,-14.50476631,3
-1.568111538,-7.10471875,-16.93300796,3.855666997,-1.651131996,-19.90716097,3
-3.005328466,-9.230477426,-16.14605,6.538525297,-5.010201315,-26.16880494,4
-4.888398619,-12.65778924,-10.5495675,10.58253136,-12.21611471,-31.66565862,4
-5.55910147,-10.05250273,0.877966787,11.09990147,-10.34449229,-35.24747289,4
-4.862915658,-8.840713256,9.505160734,6.116352587,-10.60786716,-26.84951075,4
-3.789358169,-6.298166488,17.31687196,-1.491189597,-6.611237942,-14.54284374,4
-2.210508925,-1.834490833,22.79858964,-9.370858883,1.427656008,-0.39839639,1
-1.82670446,0.214668764,23.09942207,-16.01581596,4.980468999,15.41004327,1
-3.323578539,3.319532196,20.54249455,-18.74675068,1.640663302,26.72129072,1
-3.490673848,-0.152460677,16.06388428,-18.10011416,0.776315497,26.72872202,1
-2.603312567,4.947728037,11.10447335,-17.03165356,-1.579990311,24.25015583,1
-1.857168705,8.49050106,7.624270839,-15.43770115,2.632555805,17.83165835,1
-0.957939537,8.002828693,3.228718361,-12.29696973,-2.860594007,13.48257717,1
-1.061987553,5.688234322,-0.689930474,-10.98295277,0.460788804,9.830891581,2
-1.555135793,8.087065247,-4.142855863,-9.187246243,-2.426317867,7.412840209,2
-1.477749403,7.994213619,-6.396445481,-7.789582938,-2.398052659,4.269568609,2
-1.516663193,6.275729869,-8.471031175,-6.571326893,-2.56534273,1.292690773,2
-1.711989252,5.338188708,-10.7344046,-5.307711344,-2.42123477,-1.909599247,3
-1.697903444,4.22376351,-12.95572452,-3.815424869,-3.108059525,-5.543163364,3
-1.690695145,2.109505135,-15.405453,-2.174920007,-4.667087246,-9.486046523,3
-2.454346169,-0.172580015,-17.85116273,-0.599992302,-6.289025245,-14.58684846,3
-3.952578115,-0.70471379,-18.85813352,0.955350846,-8.187334754,-21.73180545,3
-6.202635106,-2.896465467,-15.0555133,4.120087977,-13.65704767,-29.0905922,4
-8.33749645,0.373692863,-3.271044872,5.940338827,-12.17937919,-35.08516231,4
-6.854941698,2.993849532,6.253109202,2.065572528,-9.78364071,-31.04741622,4
-6.566129606,4.156459463,15.29578196,-2.76740133,-10.3457898,-20.72348388,4
-5.833190977,4.530606433,22.66940486,-8.430634337,-9.47957219,-5.510072489,1
-4.29313976,4.71896563,26.74764813,-13.8106006,-5.170459594,11.09110776,1
-5.192834601,2.971321948,23.22255229,-20.52264975,-4.125100656,26.611482,1
-4.606921023,6.150532217,22.06775504,-21.5450572,-7.561522887,34.15313553,1
-2.941069064,8.612646233,19.71707085,-17.64262642,-2.269630313,23.37008628,1
-5.169559364,2.511204865,13.5537303,-14.58931318,-1.325707303,16.95971116,1
-4.301542332,7.115616067,7.966489188,-11.66872154,-4.721857698,12.10264337,1
-4.035916031,1.64410576,2.759888736,-9.380340365,-4.848623677,9.293305858,2
-4.024014866,2.023865116,-1.066149165,-7.645260513,-5.748950919,6.666867924,2
-3.734236803,3.918190506,-3.808134324,-6.116025494,-5.751231026,3.852800764,2
-3.403223148,2.459609084,-6.020930832,-4.739497521,-6.353879485,1.226908154,2
-3.200054812,1.186884474,-8.158707113,-3.621467082,-6.148889806,-1.319421694,3
-3.164092247,1.335640519,-10.05846088,-2.428206882,-5.516668143,-4.479802295,3
-2.81208285,0.26225411,-12.0962965,-0.953514908,-5.959250626,-7.727981826,3
-2.951880604,-2.530383125,-14.51058353,0.490236878,-7.014762488,-11.44219746,3
-3.317518583,-4.73440634,-16.72745728,2.271631377,-8.722275625,-16.13749082,3
-4.794323784,-7.145612453,-17.87166097,3.918174867,-11.04977285,-22.02119077,4
-6.446680652,-9.064562876,-15.70732355,6.591996587,-14.39101112,-27.95546113,4
-7.590620967,-7.441248662,-4.575310382,8.029785287,-11.85128619,-32.38083163,4
-6.478059296,-4.468272224,3.688678661,5.770370467,-11.74983172,-30.39719175,4
-5.566576718,-4.071544615,11.23633035,2.790308677,-12.83366421,-22.7933304,4
-4.084116335,-1.569779576,18.14209675,-2.992858892,-8.67076799,-12.08985532,1
-2.987252827,2.308400087,22.10033765,-9.83549339,-3.044895207,3.275236502,1
-3.305387738,3.622427288,20.29639164,-15.92369313,1.227756241,19.30445653,1
-4.044381818,1.256745763,17.18682913,-20.81831357,0.423072961,33.49239871,1
-4.432770731,0.908718523,13.58233775,-18.14336879,0.679089823,30.79799981,1
-5.351687221,-0.857592982,8.907172065,-15.58147931,1.220435789,24.32375262,1
-5.237732592,0.102766604,4.589526617,-12.87693205,6.403018963,17.45591238,1
-4.29325492,0.746289629,-0.00184202406,-9.789171844,2.587142788,13.28527249,2
-4.064427656,-2.705199222,-3.620760949,-7.950486026,2.255731557,10.21267638,2
-4.067558249,-0.712601706,-6.516805203,-6.757517307,1.791421208,7.556682625,2
-4.246318729,-1.525979142,-9.046484385,-5.578637534,0.908814444,4.967310177,2
-4.302675858,-2.492038342,-11.21378218,-4.525681579,0.447257392,2.188392091,2
-4.394603629,-3.030124613,-13.3557122,-3.384318545,0.450863534,-0.872039552,3
-4.112487836,-3.362809283,-15.73320621,-1.991424276,-0.332049705,-4.204597742,3
-3.955033908,-4.636946514,-18.33589507,-0.590865564,-1.765340017,-7.964419377,3
-3.764120813,-7.340103258,-20.39263536,1.002626414,-3.850375217,-12.16143743,3
-4.079858802,-11.2962946,-21.78201172,2.784438184,-6.215408335,-17.12928682,3
-5.994797155,-12.1209841,-19.24686512,5.856419497,-10.69790161,-24.20061097,4
-8.356276221,-9.804958986,-9.058127838,8.416471047,-13.67809491,-30.38389913,4
-7.376158075,-9.864460126,2.041836221,9.220395387,-9.316674884,-33.89170567,4
-5.478856593,-7.975982665,11.19427092,6.248180717,-8.480204035,-28.77483177,4
-3.724448852,-6.159789006,18.65064158,-0.299530768,-5.288673159,-15.15022874,4
-2.128467143,-3.5076661,22.90161282,-7.065185819,-0.50138703,2.065154802,1
-2.073855844,-1.173245414,20.91337683,-14.56756027,5.757399113,18.17315619,1
-1.796302317,0.116118497,19.40426386,-17.78021266,2.679439708,30.4528963,1
-1.427046794,-4.056786335,15.10406528,-14.66628463,4.137609487,23.67676818,1
-3.409392723,-2.783341098,7.775769761,-13.00628711,3.190172942,19.82283757,1
-2.998199875,3.660850279,3.843217586,-12.02408342,8.730295876,13.58479189,1
-2.907826977,4.826725988,-0.615123314,-8.644650153,5.687769682,8.580876839,1
-2.620681938,3.760003599,-4.101231167,-7.031972606,7.196947215,5.031748819,2
-2.690487597,6.594314531,-6.870130671,-5.381235938,5.870030986,2.200455088,2
-2.757735438,7.046178736,-9.305281319,-4.276559951,5.646755137,-0.428628231,2
-2.958192553,6.400211441,-11.85259794,-3.385860709,4.574244832,-2.346628532,2
-2.910657432,6.014352967,-13.78952233,-2.3867534,3.882993685,-4.812794801,3
-2.759425391,5.101279112,-15.70365959,-1.176523952,2.781267041,-7.738291676,3
-2.717876967,3.444974287,-18.10760308,-0.0202502148,1.336021701,-10.91837453,3
-2.785825172,1.461884605,-20.06595731,1.302144096,-0.152719535,-15.14659522,3
-3.434468596,-3.586906635,-21.74929302,3.124060661,-3.019752471,-21.20805543,3
-5.328839663,-8.210639686,-20.13965183,5.431853307,-8.006332665,-28.07840644,4
-7.189782953,-9.064854826,-12.19501982,7.399160877,-11.7429036,-34.16370933,4
-7.173717587,-7.249296629,-1.566847037,8.795327337,-7.023184854,-36.54676267,4
-6.027700009,-5.118811747,7.685920822,4.142119877,-7.03936457,-26.9312264,4
-4.233089926,-3.625722503,15.60315781,-2.41401294,-3.970447258,-13.20462246,4
-2.108281602,0.0266929211,20.55072843,-9.115518787,1.691645063,1.305199705,1
-1.307939584,2.958026554,22.14678552,-15.19049052,6.187899458,15.95020948,1
-2.15561753,5.685603814,20.99000289,-18.18824397,3.3789425,28.30662404,1
-2.406202547,6.270141268,19.66514599,-19.13613332,1.24708219,31.90136446,1
-1.177676112,9.201305394,15.95742039,-15.50129882,4.41975075,22.9393087,1
-2.306029298,10.36012862,9.189482562,-12.90280284,6.045257565,17.5270446,1
-0.10054792,17.29519361,6.0251855,-11.35811205,11.04932531,11.22587471,1
0.92223979,13.85607375,1.26236674,-7.681793111,4.342623528,8.800450627,2
1.372296983,8.684332454,-2.50789949,-5.93411283,4.878909709,6.351137591,2
0.947164328,12.24560069,-5.231023207,-4.667775794,4.61436174,4.225197812,2
0.794585328,9.915554507,-7.605496871,-3.501267263,3.059708404,1.958020446,2
0.732406128,7.19579518,-9.394242141,-2.516501543,2.072179118,-0.25890848,2
0.450757635,5.978810159,-11.1092493,-1.752807072,2.068343749,-2.654861294,3
0.120887112,6.378359064,-12.85863373,-0.800910419,1.713587379,-5.288218252,3
0.0946211856,4.904151682,-14.72261042,0.460052709,0.590178762,-8.272170047,3
-0.0963310184,1.570392289,-16.99670921,1.773032334,-1.141571044,-11.66435776,3
-0.691587246,-1.288535388,-18.87191847,3.057652633,-2.246486661,-15.8499723,3
-1.460679713,-4.527579087,-20.12833843,4.921243767,-3.780146684,-21.41810819,4
-2.991814341,-6.686513141,-18.34905336,7.763213047,-7.948818834,-27.68072427,4
-5.147958865,-4.882743747,-7.132472716,9.835536057,-8.771983503,-32.19352003,4
-4.666791485,-2.622215845,1.419194362,7.458559347,-5.379662401,-31.13799962,4
-3.737629421,-1.42229891,9.539282034,1.987880571,-5.973222265,-21.7767454,4
-2.646435673,0.23991388,16.55901028,-5.177530703,-1.746852988,-7.820468941,1
-1.758406813,4.530259591,19.79181215,-13.13807549,3.696961686,7.521974598,1
-1.514304672,5.659401346,19.81404469,-20.45816613,7.794440712,22.47452192,1
-2.589946202,7.667215467,18.46441968,-24.92197292,6.222989143,34.53233973,1
-2.734768575,4.502752987,16.11338599,-21.00681699,2.982594258,33.02839105,1
-4.513263783,1.450929588,10.11859852,-19.00207304,4.006775131,27.76941211,1
-3.213620697,7.724753841,6.473102692,-17.62504835,10.07587256,21.38952059,1
-2.761032538,9.537506854,2.205643531,-13.74586507,7.418110524,16.09702895,2
-2.746698277,6.617352471,-2.24542555,-10.76793,5.078417842,12.91190794,2
-2.370205608,4.085994455,-6.209022748,-8.816845823,3.197516118,10.34294011,2
-2.421548943,4.810932635,-8.368329428,-7.358857214,3.026539306,6.761547516,2
-2.430806595,4.623910265,-10.29268222,-6.032545937,2.899476351,3.346759988,2
-2.629699692,4.345749113,-12.2452336,-4.860631686,3.193447889,0.249656788,3
-2.703388606,4.870988605,-13.94897292,-3.627923252,2.964621406,-2.741179521,3
-2.41316208,2.638100552,-15.77474654,-1.958895686,1.327134882,-5.667436732,3
-2.325114792,-0.612701169,-17.79259225,-0.364752804,-0.466501589,-8.791109302,3
-2.427077444,-3.346388348,-19.68055791,1.187196201,-1.966537739,-12.56724113,3
-3.03251832,-5.538016063,-21.35471206,2.682810343,-3.393750555,-17.48830609,3
-4.673412899,-8.427881876,-18.09686262,5.820515987,-9.145246753,-23.98541033,4
-6.56013922,-9.358850736,-9.033030459,8.827456317,-13.97492726,-29.85388998,4
-7.096672818,-7.406433002,1.817443675,10.46591092,-8.914689264,-33.32467676,4
-6.178195183,-5.536919021,11.23532348,6.862258447,-8.266315305,-27.10080632,4
-4.445312811,-4.112970094,18.34828156,-0.763049581,-5.329611582,-10.44352784,4
-3.273276549,-0.268396986,21.20233398,-8.900726895,1.807769401,6.478840903,1
-3.377088207,2.445716472,20.50788031,-16.4157236,5.137153277,22.29949294,1
-3.979290658,5.092901722,19.68032124,-20.37430703,1.763801628,36.93220229,1
-1.602288116,11.38989203,18.6736849,-17.94036212,8.147309097,25.38111846,1
-2.8609496,13.42695868,11.55804028,-15.85610874,6.863821889,21.60447888,1
0.243933341,20.06599942,7.723960069,-14.12858283,12.44938715,15.85095773,1
0.882195668,20.71318771,3.026377709,-10.54110902,9.509446144,11.02931821,1
1.039320204,15.51771599,-0.702767499,-8.243687023,9.248408059,7.593477702,2
1.028262969,17.78920665,-3.259794062,-6.48376367,9.811014166,4.424538097,2
1.019415722,15.72012375,-6.272719374,-5.095712045,8.440074451,2.369390382,2
1.065782058,14.31126105,-9.000580433,-4.040420585,7.015337477,0.941766487,2
0.963098374,12.28532261,-10.90214915,-2.821871588,6.012175773,-1.443445008,2
1.007667445,10.24127619,-12.7881996,-1.331981214,4.570168122,-4.313125817,3
1.132781387,6.799459741,-14.66123219,0.306283543,2.664737749,-7.38340864,3
1.063485376,3.358202468,-16.87028491,1.910409423,0.714479006,-10.69984468,3
0.73495027,0.475268098,-19.17642119,3.360429487,-1.024866559,-14.63681877,3
-0.86164298,-1.343786953,-20.74133901,5.196858007,-4.297551792,-20.25165016,3
-2.787418443,-4.880733706,-17.48865334,8.306985947,-9.73688702,-26.72332456,4
-4.566459568,-3.974852219,-6.836217918,10.46112955,-12.03756855,-31.0466214,4
-4.425147082,0.814899861,3.905010532,8.337473667,-8.685467285,-31.21862205,4
-4.104286586,1.263545137,12.72852197,2.594500483,-8.443420467,-18.960797,4
-2.8849138,2.321744846,19.69310596,-3.954753182,-5.391871742,-2.785783323,4
