6,2.376854268959505e-11,9.190147254312109e-11,1.706688176200677e-12,2.0674747247539926e-07,1.0021992125075485e-08,1.4979958384842007e-09,0.9999997615814209
6,6.478134001453029e-12,9.110441567816707e-11,4.547175624317751e-13,1.6800601088107214e-07,6.113458184131559e-09,3.8007119673721945e-10,0.9999998807907104
6,5.667469098191713e-12,6.085762449536958e-11,2.5196666042677507e-13,9.523757427132296e-08,5.093246713272492e-09,3.1874650141539007e-10,0.9999998807907104
6,1.976549479643097e-11,1.7914912608940625e-10,8.034961042867328e-13,9.748789153718462e-08,9.722935345735095e-09,7.633216281277555e-10,0.9999998807907104
6,5.881142794983418e-12,6.045087347361644e-11,2.535257160457549e-13,3.2015009310271125e-08,3.008104210167062e-09,3.465740472385903e-10,1.0
6,2.5598950043059787e-11,1.4829142080952096e-10,5.921084477757133e-13,9.270902268099235e-08,7.777479993364977e-09,7.036140559080195e-10,0.9999998807907104
6,1.5362461303070063e-10,1.0601199917914528e-09,3.338319854925831e-12,1.0374934618084808e-06,3.3314570657694276e-08,1.2076161182150713e-09,0.999998927116394
6,1.1083060857952631e-10,7.135648738554323e-10,3.009417584923235e-12,5.896052925891127e-07,1.5315380963443204e-08,2.2153128220736562e-09,0.9999994039535522
6,2.8227248663470483e-11,7.236678617461578e-11,7.959519003099269e-13,5.7788213325693505e-08,3.2432561081208178e-09,1.2965063467262894e-09,1.0
6,1.0031406261212794e-10,2.1660544191615116e-10,4.052998388293094e-12,6.00697205754841e-07,9.500363162828762e-09,2.4894322159241256e-09,0.9999994039535522
6,1.0611045375696904e-10,6.538974361980365e-10,5.920742195131279e-12,1.2378366136545083e-06,2.3571356422280587e-08,5.020019511192686e-09,0.9999988079071045
6,1.7966524101797887e-10,3.6004618730878235e-10,6.622748790346966e-12,1.5619178839187953e-06,2.021470102420153e-08,6.12477091266328e-09,0.9999984502792358
6,7.743145707950205e-11,9.2304629217832e-11,1.3837878325845265e-12,3.4973731999343727e-07,9.650986676490447e-09,1.7644068428523951e-09,0.9999996423721313
6,1.4193603757595152e-11,7.250189337781876e-11,1.2360433856994923e-12,1.2199929244616214e-07,3.2591864762565592e-09,7.789396905266699e-10,0.9999998807907104
6,1.736825093467953e-12,1.6385734782908834e-11,6.157514819207788e-14,1.7597468371377545e-08,1.0671079575530484e-09,1.0596717947564116e-10,1.0
6,1.3251658884799733e-12,2.88635868678222e-11,2.752541575744283e-13,4.9296410509214184e-08,3.796553627033461e-10,2.792656939032412e-10,1.0
6,9.425036272270315e-12,4.396849551113746e-11,6.396409010095416e-13,1.2211197031319898e-07,2.691036726787388e-09,7.44836248234293e-10,0.9999998807907104
6,5.77666005308064e-11,5.358286592205275e-10,1.5210316730088214e-12,5.972560757072642e-07,3.14794128541962e-08,1.130636140267427e-09,0.9999994039535522
6,4.300660088468744e-12,1.609414164438494e-11,1.8587436006588937e-13,3.039955487338375e-08,2.859926073739416e-09,3.286307614924766e-10,1.0
6,3.9210513308463035e-11,1.1042427389140741e-10,9.270914114525852e-13,2.020985675699194e-06,4.822145527327848e-08,1.883123434964773e-09,0.9999979734420776
6,1.536739138718879e-11,4.126599756348881e-11,7.166836026549495e-13,1.2458728804176644e-07,8.009210183956839e-09,1.1248890707804549e-09,0.9999998807907104
6,2.059584967850636e-11,1.1332672578134861e-09,5.2476885684105135e-12,1.2123974784117308e-06,1.0365705627179977e-08,1.6265134794579694e-09,0.9999988079071045
6,1.1003668679357426e-12,4.4188857434290796e-11,1.7028509136617076e-13,1.4704162332179749e-08,1.7561148091260748e-09,3.4950417560075664e-10,1.0
6,2.50309929034076e-12,1.2715455077749738e-10,4.861576636053244e-13,8.16805112435759e-09,4.115082052891239e-09,9.092357977635857e-10,1.0
6,7.000309620169842e-13,8.411038358857592e-12,1.8461863710971665e-13,2.237147800343564e-09,1.4385713731357441e-09,5.200013752926225e-10,1.0
6,4.859632227877109e-12,6.7882500835725335e-12,2.2649478050463384e-13,2.2468045202117537e-08,1.4909496970361147e-09,3.580764296184924e-10,1.0
6,1.5577027515090158e-12,1.5145822963857913e-12,4.205939795661612e-13,6.881391012569793e-09,4.991084767702603e-10,9.158865332814514e-10,1.0
6,6.278906561352215e-11,5.3688206658186743e-11,3.169388362866954e-12,5.410201993072405e-07,4.4889141292969725e-08,7.250773759182039e-09,0.9999994039535522
6,4.107813481729616e-12,9.853959011610347e-13,3.52152091124755e-13,5.993901908141197e-08,2.4926880559661413e-09,3.803157788695444e-09,0.9999998807907104
6,1.2803785809367696e-12,1.090259610023181e-12,9.549181107307292e-13,5.83676715848469e-08,1.6921432310912365e-10,7.344575503331896e-10,1.0
6,4.25629757133672e-12,1.0741474550102215e-11,4.8686228659722275e-11,4.064598613240378e-07,3.384396651817667e-10,3.390342673270652e-09,0.9999996423721313
6,2.463424646562129e-12,6.540729763360176e-11,3.854159214000674e-10,1.140261360887962e-06,6.462657631267632e-10,1.416113448726719e-08,0.9999988079071045
6,4.662516032982733e-12,9.226496650027727e-11,7.632977583327261e-10,2.8319075227045687e-06,1.7741035029938956e-10,8.02383670617246e-09,0.9999971389770508
6,9.263308002604997e-12,3.6822830895566483e-10,1.4677509208027573e-10,3.1153595045907423e-06,1.226839185797246e-09,3.844587315171566e-09,0.9999969005584717
6,1.3827328171345243e-11,4.764152627956264e-09,5.441372241676845e-09,2.438326191622764e-06,2.399385756746142e-08,5.8106049749540034e-08,0.9999974966049194
6,1.2564989196675591e-12,1.1508615171962333e-09,1.0088756219328587e-10,9.01290434285329e-07,4.588224022938903e-09,8.401337958652277e-10,0.9999990463256836
6,9.544123304172647e-12,6.362846360907781e-10,7.733461440673217e-12,1.1385279208298016e-07,9.114135224308484e-09,1.1201482796874274e-10,0.9999998807907104
6,1.0258234366122831e-11,7.882509089895962e-10,3.20796271491286e-11,6.699266918985813e-08,4.7010049186724245e-09,5.997509155974967e-10,0.9999998807907104
6,4.570577423479438e-12,3.712442575576347e-10,5.7016232013484824e-12,4.240984452508201e-08,2.5291091443335745e-09,3.1177405102056355e-10,1.0
6,2.7674949137912463e-11,1.0776189940386871e-09,1.1919038889543487e-12,5.572295069811162e-09,4.05990041585369e-09,3.6388444341062254e-11,1.0
6,4.673438372404526e-11,1.5132226138803162e-08,5.58582216939052e-12,2.1332928756834235e-09,2.1255567972389144e-08,6.454531353838888e-11,1.0
6,2.582001834561254e-10,1.4655692659459874e-08,1.3201152410796668e-12,3.5673072829034425e-10,1.5949780163282412e-07,3.1973521052997e-11,0.9999998807907104
6,2.263886855757846e-09,1.920890753126514e-07,6.070241531652698e-12,3.2616745415658954e-10,1.087289774659439e-06,7.196311602175598e-11,0.9999986886978149
6,6.934605334407706e-09,3.105584255536087e-06,1.9416452820553154e-11,1.7254610240602375e-10,3.098957449765294e-06,1.4612715204531668e-10,0.9999938011169434
6,1.6083818721313037e-09,3.497840225463733e-06,1.1752872980386186e-11,1.7695432619202478e-10,2.1219480004219804e-06,1.3553178024316992e-10,0.9999943971633911
6,7.432756077285774e-10,5.210990252635384e-07,8.877224476344647e-12,1.7547621689040227e-10,4.790379989572102e-06,1.5028181477028113e-10,0.9999947547912598
6,7.613203817369296e-11,1.7861358614368328e-08,1.1248677770497872e-12,1.2592722697934988e-10,4.026258011435857e-07,4.6576589807223456e-11,0.9999996423721313
6,4.0235641207697626e-11,9.417520985266492e-09,4.247681850352847e-14,1.5381827755955868e-10,7.69445804849056e-08,6.7853366154946304e-12,0.9999998807907104
6,2.020352288245597e-11,8.573883825135908e-09,2.4196192399401732e-14,2.535007967430225e-11,8.711732135679995e-08,2.94154544472347e-12,0.9999998807907104
6,4.7133089098316816e-11,1.879948463567871e-08,1.6038902248428216e-13,3.030849182739104e-11,1.0343760692421711e-07,2.542023709584118e-11,0.9999998807907104
6,1.1440913320892587e-12,9.967714431624586e-10,4.5289797980701055e-14,3.226242537013313e-11,4.912480644492234e-09,6.215800877479305e-12,1.0
6,3.7120580914651313e-11,4.057493008247093e-09,1.0705265206202227e-13,1.532533822068416e-10,4.387851504361606e-08,1.2221355871755435e-11,1.0
6,5.074640360702709e-12,3.015813154760849e-09,3.2779622793259813e-14,1.7899294893486406e-11,1.7839737154190516e-07,4.473291962542314e-12,0.9999998807907104
6,2.7842247604659143e-11,5.313074868951162e-09,6.187204340448588e-14,2.9229337700220626e-11,1.8503195065022737e-07,1.2163517588981154e-11,0.9999997615814209
6,2.042054546291805e-11,3.399673209614207e-09,1.686269532211529e-13,7.231197585166882e-11,4.76759367984414e-07,4.7957290916222917e-11,0.9999995231628418
6,1.1882612081792754e-11,2.2816544209547374e-09,2.7637871917278456e-14,3.775532109173696e-10,1.1706404023925643e-07,7.821756263515223e-12,0.9999998807907104
6,2.259844394947308e-11,1.2506228941333575e-08,5.199089246686432e-14,1.210452849065291e-10,3.0955177976466075e-07,1.0665143247712283e-11,0.9999996423721313
6,2.379762185922285e-11,1.2934343374126911e-08,2.2155405426395845e-14,5.859747409520111e-11,8.817651320214281e-08,3.599968847328716e-12,0.9999998807907104
6,1.8110832278317446e-11,2.413836241998979e-08,1.7533962834177103e-13,1.6248952183772758e-10,3.247163817832188e-07,8.857749603241594e-12,0.9999996423721313
6,1.7204987434737973e-11,2.8806436347394992e-08,4.423762720614892e-14,6.760296766827878e-10,1.8113446458301041e-06,8.565029761820053e-12,0.9999982118606567
6,3.532654724303086e-11,2.0910325915224348e-08,7.166903314846824e-15,5.030195704414098e-10,1.227126517733268e-06,1.871652789350864e-12,0.9999988079071045
6,5.156957638696724e-10,1.5404262398988067e-07,1.9747805821146436e-12,3.2090685664343255e-08,2.0160493932053214e-06,4.295536842890968e-11,0.9999977350234985
6,1.501863411412785e-09,6.136883712315466e-08,4.3656931368596386e-12,3.346827881500758e-08,2.145950702470145e-06,8.942308699078083e-11,0.9999977350234985
6,1.3271499454958757e-09,2.7277316405616148e-08,2.8464682000350905e-11,1.2465168452990838e-08,6.985986829022295e-07,2.192557108093851e-10,0.9999992847442627
6,1.3201108262084205e-10,8.890772562608618e-08,1.114748484493111e-11,2.3648318858704442e-09,4.578020025292062e-07,2.387209041554428e-10,0.9999994039535522
6,6.619287756803871e-11,2.4669581932812434e-08,1.3397175079379875e-12,1.8299712856162387e-09,4.0663820755071356e-07,9.94313520408241e-11,0.9999996423721313
6,3.2916414038908215e-10,3.409639504070583e-08,2.6654145470622614e-13,4.7125618962695626e-09,1.3789874628855614e-06,2.0702264555416683e-11,0.9999985694885254
6,6.25211687976801e-11,2.612488891884368e-09,1.4519265509934515e-13,2.550637256959476e-09,5.96737947944348e-08,1.9126887573772677e-11,0.9999998807907104
6,3.86547703568052e-11,4.106722961694231e-09,9.479851799387706e-14,3.5522833563561562e-09,6.257256046637849e-08,2.1411624209766167e-11,0.9999998807907104
6,1.7220029568942863e-10,1.2970759577513036e-08,5.32550403515436e-13,1.761273793476903e-09,4.060344238610014e-08,2.778183585960825e-11,1.0
6,1.2849940556058925e-10,4.500350758718241e-09,1.21015415570358e-12,2.609426452693242e-09,5.599345875850759e-09,2.2525424234198788e-11,1.0
6,4.747091053580732e-10,5.3434527913509555e-09,2.681558967931874e-12,5.243280476463497e-09,1.635247848241761e-08,7.829492609801036e-11,1.0
6,1.6128560292871796e-11,3.9403061369291947e-10,5.294842594428563e-14,2.6884755532918803e-10,3.210817445253866e-10,3.659577415410231e-12,1.0
6,3.0717744320396534e-11,7.828779846619227e-10,2.496084935965648e-13,4.768161421253581e-10,1.361045831593799e-09,2.2118537904014524e-11,1.0
6,1.9275230825517575e-13,7.708989696597612e-11,4.951305682186595e-15,4.167324905296477e-12,2.1352936779850396e-11,2.926637014330491e-12,1.0
6,6.596307159344172e-13,1.329085591583734e-10,4.8273555393666106e-15,6.150387837910998e-11,9.294968961182093e-11,4.664619385197355e-12,1.0
6,7.194489145059824e-13,4.9826170966937866e-11,7.196828141840372e-15,1.7024727114178795e-11,3.723338044131497e-12,1.1986527222174193e-11,1.0
6,6.729721814535683e-12,3.97857941036861e-10,1.8648728665904973e-13,1.9057554145884836e-11,8.112814586791472e-11,1.2242889861624473e-11,1.0
6,1.4333461528792668e-08,5.6467527542736207e-08,3.9813877195093994e-10,7.383921030168494e-09,1.5314306267555367e-08,3.914583768249713e-09,0.9999998807907104
6,9.164194403332715e-10,3.011364713145781e-09,4.337651071661952e-11,1.0918927983993854e-09,1.5848721224287488e-09,1.7336239110932183e-09,1.0
6,1.1313663764514481e-12,9.914934324950497e-12,2.303376165203961e-14,2.2231765040015006e-11,7.59877230582795e-11,3.3386674501423297e-12,1.0
6,7.560342109302898e-12,9.954272649215223e-12,6.816894596549383e-13,8.538613149866592e-10,2.0768747832633494e-10,7.570057081185411e-11,1.0
6,3.646151523067909e-12,8.07146276898818e-12,1.7661741481215382e-14,1.942554728184831e-10,3.4314135977098204e-09,1.0209474758660075e-11,1.0
6,3.863758271660522e-12,2.074657529105295e-10,1.900305406738953e-13,2.700384360565522e-09,2.1473578470931898e-08,1.4834858341750135e-10,1.0
6,7.58697965563826e-12,9.392954469777948e-11,6.643593010793869e-13,1.5178612811084236e-09,3.8364046162087106e-08,3.3983438285645207e-10,1.0
6,4.858520807893285e-10,5.6732054609653915e-09,4.1752164225972166e-11,1.0566330388428469e-07,6.930358154022542e-07,2.6299453725897592e-09,0.9999991655349731
6,5.781358159947288e-15,1.650908403039164e-11,2.839068938980966e-15,1.1803508691288211e-11,4.340924508738908e-09,7.96726833812711e-12,1.0
6,2.576537073972762e-13,3.6380523593670944e-11,2.6732876505443544e-14,4.45314590757917e-10,2.6969092914441717e-07,5.0496450770820545e-11,0.9999997615814209
6,2.2623920098441275e-11,1.2703941010272501e-08,4.8423553361542915e-11,9.032913794726483e-08,8.029954301491671e-07,7.642392496620687e-09,0.9999990463256836
6,5.649445321276314e-12,1.6317004691845938e-10,7.635072261924503e-12,1.1031049851339958e-08,7.528052492489223e-08,4.250861440624476e-09,0.9999998807907104
6,2.476535643225475e-10,1.982226471852755e-08,5.857815899013019e-10,1.089749048333033e-06,8.729835826670751e-06,1.0525180726972394e-07,0.9999901056289673
6,7.047698796086577e-12,1.7820487308028987e-09,1.0216624421466314e-11,1.7209115910077344e-08,1.908499370983918e-06,2.581502478449238e-08,0.9999980926513672
6,1.4980109167006539e-12,6.53739840039691e-10,7.20876049825625e-13,2.9930238287789734e-09,3.268526427291363e-08,6.569874089201733e-10,1.0
6,2.02002368825116e-12,3.462215403260416e-08,5.937839803182854e-11,2.8866875112498747e-08,3.139606130631023e-09,1.8653529831880178e-09,0.9999998807907104
6,2.97100169986686e-12,1.8335251095180638e-09,8.09176250310406e-12,3.5678080934076206e-08,1.2374253843816518e-09,1.0982151854577182e-09,1.0
6,2.50589528150158e-06,8.548879577574553e-07,8.685294119459286e-07,0.0036644376814365387,0.0031559797935187817,0.11077073216438293,0.882404625415802
5,3.0222958002923406e-07,1.2529278059503213e-08,1.9213005941765005e-07,0.00041154291830025613,0.0005283895297907293,0.9406182169914246,0.058441415429115295
5,3.26570308573082e-08,2.6847291056952827e-10,3.037809221950738e-07,8.681473264005035e-05,5.417244665295584e-06,0.9980410933494568,0.0018663614755496383
5,7.103633237193208e-08,2.8479557254157406e-11,2.3366968804339194e-08,6.596450475626625e-06,1.7048563677235506e-05,0.9968758821487427,0.0031003321055322886
5,4.417308048232371e-07,1.5643497608408552e-09,4.8967169874458705e-08,4.516562330536544e-05,0.00012590966071002185,0.99839848279953,0.0014299529138952494
5,6.038688411535986e-07,5.832341276601483e-09,2.84125036387195e-07,0.0001431648706784472,0.00018336666107643396,0.9989792704582214,0.0006932438700459898
5,4.2883056039499934e-07,8.266038964421796e-10,9.824340452269098e-08,0.0004987476277165115,7.159214146668091e-05,0.9993601441383362,6.909503281349316e-05
5,5.704117711502477e-07,1.279909178641958e-09,5.295414240436003e-08,0.003975673113018274,0.0004495491157285869,0.9955030083656311,7.121510134311393e-05
5,2.829232812473492e-07,2.921353436935448e-11,1.0352718682327122e-09,0.0004143420374020934,0.00025486762751825154,0.9993294477462769,1.083031179405225e-06
5,1.267964648832276e-07,4.999891820012259e-11,5.605613750958582e-09,0.00031316489912569523,4.2204665078315884e-05,0.9996368885040283,7.538802947237855e-06
5,2.3233887702645006e-08,7.622618682090465e-12,9.723649663229139e-11,0.00043441925663501024,0.0007131966995075345,0.9988466501235962,5.697079814126482e-06
5,2.473389271173687e-09,1.8536179535733055e-12,1.8889854958015206e-11,0.00024502069572918117,0.00012811142369173467,0.9996262788772583,5.270056249173649e-07
5,1.4274530002467145e-08,3.634196416024693e-11,1.591016485225083e-10,0.00019856572907883674,0.00023216854606289417,0.9995688796043396,3.747013863630855e-07
5,8.690955155543634e-08,1.5591290480898579e-09,1.371760038892944e-09,0.0016643746057525277,0.0020031144376844168,0.9963275790214539,4.820743924938142e-06
5,6.504534688644981e-09,8.262713846463043e-10,1.1426029900007961e-08,0.001875867135822773,0.00012671368313021958,0.9979829788208008,1.4340853340399917e-05
5,7.995088679990658e-08,4.0988523686280587e-10,1.359504064879502e-08,0.0009009324130602181,7.881950295995921e-05,0.9990190267562866,1.1332940630381927e-06
5,3.3843034543679096e-06,1.3354857220093663e-09,8.527190402674023e-07,0.001551950117573142,0.00011541843559825793,0.9983273148536682,1.0088117505802074e-06
5,5.508736578008211e-09,2.3119482717159912e-10,5.1720906668606403e-08,0.0001609883620403707,1.2258524293429218e-05,0.9998121857643127,1.4467011169472244e-05
5,2.6853728130049603e-08,4.679452936251494e-10,7.877559937696788e-08,0.0004611574113368988,6.163824582472444e-05,0.9994738698005676,3.140863782391534e-06
5,5.601325980819638e-08,3.181221258641287e-11,1.644086289331881e-08,0.00012807565508410335,1.5266332411556505e-05,0.9998552799224854,1.255766278518422e-06
5,1.008980277106275e-07,5.704925976068864e-10,5.350891640887312e-08,0.0007288617198355496,1.8809631001204252e-05,0.9992508292198181,1.343631197414652e-06
5,3.286765704046957e-08,2.0163749836488165e-10,1.1950017153594672e-07,0.0005656013381667435,3.7580566640826873e-06,0.999428927898407,1.51754534272186e-06
5,7.987311789747764e-08,1.4444742624242224e-10,2.8053602818545187e-07,0.0008559824782423675,1.923721811181167e-06,0.9991405010223389,1.2211697821840062e-06
5,4.582931296681636e-07,5.463431484997727e-09,1.7375588186041568e-06,0.0026293969713151455,3.964203642681241e-05,0.9973215460777283,7.2837979132600594e-06
5,2.3020256776362658e-06,4.6032411660235084e-08,9.238739039574284e-06,0.012164072133600712,9.896622214000672e-05,0.987558901309967,0.00016655308718327433
5,7.249220175253868e-07,2.4105741402991043e-08,6.273300823522732e-05,0.07341254502534866,0.00011373290180927143,0.9263542890548706,5.597854033112526e-05
5,2.610413041281845e-08,4.970290845562886e-09,7.100386937963776e-06,0.0210756566375494,3.785481385421008e-05,0.9786754250526428,0.00020382020738907158
5,1.290398245146207e-06,2.982957880703907e-07,2.4948540158220567e-05,0.13835026323795319,0.0002046770678134635,0.8611636757850647,0.00025485132937319577
3,8.863175082751695e-09,4.727666258474983e-09,1.3902673678956035e-08,0.9999961853027344,4.822148298444517e-07,3.6492079402705713e-07,2.9366497074079234e-06
3,3.980587592877782e-08,1.3658993047727108e-08,1.7965806620168223e-09,0.9999980926513672,1.5498112588829827e-06,4.913663786965117e-08,1.9408282980748481e-07
3,2.1522963322695432e-07,6.776002692276961e-08,8.224897207753656e-09,0.9999964237213135,1.9887281723640626e-06,3.081249531078356e-07,9.671936140875914e-07
3,9.292528346804829e-08,6.060166146681922e-09,4.3654146963945095e-09,0.9999972581863403,2.2146796254673973e-06,2.641343144205166e-08,4.5159364958635706e-07
3,1.416344819205051e-08,3.501930523341912e-09,1.847394043297257e-10,0.9999924898147583,7.397798526653787e-06,5.082114729049181e-10,5.977587846928145e-08
3,3.850608720767923e-08,1.7142488539789724e-09,3.6508146505909167e-10,0.9999953508377075,4.564271421259036e-06,1.2486290890123541e-09,2.8647075822618717e-08
3,5.15446920701379e-08,6.459319301654887e-09,3.791055525059761e-10,0.9999889135360718,1.083476763596991e-05,4.4559439471569817e-10,2.4783273033790465e-07
3,6.399610619212126e-09,2.5733468689281835e-09,8.165146510308308e-12,0.999992847442627,6.7510741246223915e-06,1.1422979749597939e-11,4.115535148230265e-07
3,1.2367225465936826e-08,3.3786131670154873e-09,5.552914725259761e-11,0.999988317489624,1.0592509170237463e-05,3.84381033946557e-11,1.0183698577748146e-06
3,7.78496467290779e-09,1.4467995690381485e-09,1.2700264451215304e-10,0.9999985694885254,7.252435807458824e-07,1.7621869241590815e-11,6.506697900476865e-07
3,8.097163828324483e-08,1.6853221040946664e-08,2.7864996421378407e-10,0.9999918937683105,5.8425957831786945e-06,1.5674612996452453e-10,2.238534989373875e-06
3,5.28577459135704e-07,7.318453754123766e-08,2.450784464258504e-09,0.9999741315841675,7.817439836799167e-06,9.93244375635527e-10,1.7398417185177095e-05
3,5.863554086715794e-09,1.0933415062197582e-08,5.028924499050902e-10,0.9999768733978271,2.0020333977299742e-05,1.4390670599606636e-10,3.098833985859528e-06
3,3.211187049600994e-08,9.463887451488517e-09,2.520251785043115e-10,0.9999711513519287,2.863309782696888e-05,2.6559521248969986e-10,2.1925676207956712e-07
3,8.621462654900824e-08,1.2121798009800955e-09,1.913927211161237e-10,0.9996949434280396,0.000304913119180128,1.3448616442701677e-08,5.07305486507903e-08
3,9.73835145856583e-09,2.4630100736722227e-10,1.0356095148100763e-10,0.9999476671218872,5.22807749803178e-05,7.487246378445889e-09,1.0895728763671286e-08
3,8.044986343769267e-10,3.866796466356348e-11,2.6084330875808526e-11,0.9999978542327881,2.090091584250331e-06,1.2665282156376634e-09,1.3530869757971686e-08
3,1.1102168073762186e-08,8.65174598629892e-11,1.07076125743788e-10,0.9999946355819702,5.403820523497416e-06,2.1833033991836004e-10,1.3668920439968701e-09
3,1.2818563988048481e-09,3.954383001603112e-11,3.4999097370258525e-11,1.0,4.8831306997954016e-08,1.2224589829995525e-12,8.563894038360331e-10
3,2.3104152271913314e-11,2.821146528192431e-12,3.762610015223267e-12,1.0,3.0745621604211237e-09,4.094506309525181e-13,3.518257352119747e-10
3,8.894834868655721e-11,1.4458311934847923e-12,1.1731729303299243e-11,1.0,2.0951300694349584e-09,1.553433163353768e-12,3.7596276786233673e-11
3,5.513621204045194e-08,5.066789349195133e-11,2.1897982094287727e-08,0.9999998807907104,3.906940193587616e-08,2.486472361340475e-09,4.065570657907358e-10
3,2.466210169416172e-08,2.3368298962545e-10,1.8604456863968721e-09,0.9999996423721313,3.7245428075038944e-07,4.689162946824865e-10,3.5714271540143727e-09
3,6.606743152559602e-09,6.041327160755117e-11,1.0628220081798645e-08,0.9999995231628418,7.492438669487456e-08,4.730325020574355e-09,3.9797222939341736e-07
3,2.005962507212189e-09,2.983429059355558e-10,6.674201191714246e-09,0.9999997615814209,1.2906766322373642e-08,2.026512707642425e-10,1.586343074677643e-07
3,3.933256387256279e-09,5.839799754880914e-10,8.087681080404252e-10,0.9999997615814209,5.626819188364607e-08,1.4526128910841152e-10,1.2460522214041703e-07
3,3.658304947862234e-08,2.8460316325862323e-09,2.4164552581140697e-09,0.9999992847442627,8.546046359469983e-08,4.622153770839077e-10,5.774583655693277e-07
3,2.891915040770243e-10,1.5303220496365455e-11,6.422621101620507e-09,1.0,7.100493526479568e-09,7.17466711042114e-11,1.7557665321632498e-09
3,5.970201222282867e-09,5.570100283791568e-11,9.174828674574087e-10,1.0,2.3929979775516586e-08,1.232198648670746e-10,2.644409136109971e-09
3,6.267154795125407e-09,6.29351362690933e-11,2.403836851794239e-10,0.9999998807907104,5.394894486698831e-08,1.3874340565322996e-10,9.776343290468503e-09
3,1.9975544829353709e-10,5.7567652034240524e-11,2.0219569074608756e-10,0.9999998807907104,5.51978729390612e-08,2.278581316683681e-11,1.1675936661958985e-08
3,2.338111260158371e-09,7.930491680019358e-11,8.510057936117477e-11,0.9999998807907104,1.1924309717414872e-07,1.0560191610053948e-11,3.509467205731198e-08
3,6.291160037363852e-09,4.2835893165893424e-10,3.260528305681909e-11,0.9999967813491821,3.040937372134067e-06,7.97840890576218e-11,1.3213588090366102e-07
3,4.46804149234481e-09,1.3514293017991008e-09,4.185572374804103e-11,0.999998927116394,8.369721058443247e-07,3.4158081918533867e-10,2.1391234383827396e-07
3,9.037347536988705e-10,2.907496465809345e-10,3.82876022553269e-12,0.9999948740005493,8.537328994862037e-07,3.2632785362807226e-11,4.221782546665054e-06
3,1.2848365704698494e-09,2.467311910336889e-10,1.19529091485715e-11,0.9999970197677612,3.566176758340589e-07,4.4177776020726256e-11,2.6387897378299385e-06
3,1.9483921143148564e-09,4.469753733804538e-11,3.2334968036451528e-12,0.9999977350234985,2.2847577838547295e-06,5.886844484104259e-11,1.6692520699024271e-09
3,1.5622310112206605e-09,1.7060203250096606e-10,2.569717659148263e-12,0.9999964237213135,3.505026597849792e-06,3.3302284541125715e-12,1.1636989150076715e-08
3,1.4617294041840978e-09,2.7864463514326587e-10,1.218617828174784e-11,0.9999995231628418,4.3619252210191917e-07,2.7826408711961736e-12,5.657585333551651e-08
3,2.8438981725109613e-10,5.790504881142411e-11,1.387432161346902e-12,0.9999995231628418,4.148735683884297e-07,4.768452343054119e-13,2.4629146722077166e-08
3,1.1983336545284828e-09,6.277100367269028e-11,1.3494586524609442e-11,0.9999997615814209,2.2194011251031043e-07,1.3627586038789108e-11,1.7096892790391394e-08
3,2.468291959711877e-10,2.4183021904433666e-11,1.0672344952222801e-11,0.9999994039535522,5.354948484637134e-07,1.657555516454412e-11,2.5890589672172837e-09
3,9.041783988195107e-10,9.298432683546576e-12,2.147011735065263e-12,0.9999935626983643,6.4238879531330895e-06,4.417399779299558e-11,4.6282763732641286e-10
3,7.843546367958254e-10,1.1685545760198313e-11,1.1245978107088384e-12,0.9999961853027344,3.829828528978396e-06,7.422717995808625e-11,1.396602139491776e-10
3,1.9997056788234602e-10,2.2508427413581167e-11,1.5775568785320049e-12,0.9999890327453613,1.093061473511625e-05,2.5693286387351577e-10,1.4280379656561593e-10
3,8.161134545936477e-10,2.319387390481431e-11,1.7481086023174441e-12,0.9999924898147583,7.47047533877776e-06,2.451019942562027e-10,9.740153822379582e-11
3,5.341218023424688e-10,4.3751162415173184e-11,1.5927759328474012e-12,0.9999903440475464,9.657171176513657e-06,3.10408088122216e-10,2.7136728975030167e-10
3,7.074820590480257e-11,1.8017958002339296e-12,1.0146634780213576e-13,0.9999723434448242,2.7645040972856805e-05,3.1972960390369565e-10,3.3813021826922807e-11
3,6.639180177847592e-11,6.871055916075897e-13,1.68102727918229e-12,0.9999982118606567,1.8331401179239037e-06,2.1652836468266656e-10,6.264484764262335e-11
3,1.5904833006175068e-09,6.219892222797396e-12,3.173311266535528e-11,0.999954104423523,4.5854903873987496e-05,2.5710850337645752e-08,7.510576049973849e-10
3,2.9038954574289733e-10,6.438142120118728e-13,1.3669237963753744e-10,0.9999991655349731,7.971599416123354e-07,9.028616743123052e-10,8.325297118361163e-10
3,7.605398255616791e-11,2.78332153332006e-12,1.8107050581139816e-10,0.9999980926513672,1.9349301965121413e-06,5.158503624258515e-10,5.674808956079858e-10
3,1.1357997181660195e-10,4.6732793145248114e-14,1.4429583396202705e-11,0.9999998807907104,9.726296923417976e-08,5.3797682454670426e-12,1.0520350562925884e-10
3,1.526447995781055e-10,1.2307166462159624e-13,1.65930691409244e-09,0.9999997615814209,1.938445279847656e-07,1.5951070464481631e-09,2.175073454679932e-09
3,1.2434858698284756e-10,1.4960913367542683e-12,2.904456397612165e-10,0.9999995231628418,5.324537823980791e-07,5.908459055348203e-09,1.7484068637330097e-09
3,5.53757734111926e-11,4.0324861505514065e-13,1.4078225696323443e-08,0.9999996423721313,3.5287450828036526e-07,3.716079177706888e-08,5.331743491154839e-09
3,1.596505913581403e-11,4.376957238490242e-13,8.844981413957953e-10,1.0,4.941068709740648e-08,6.495363691350065e-10,1.421656903310975e-09
3,3.022858352519364e-11,3.78393849457051e-13,1.432870662398944e-11,0.9999996423721313,3.655009095382411e-07,4.780654205838175e-10,1.5837314792932489e-10
3,1.7281772800997741e-12,6.853097733391933e-13,7.613860236732606e-11,1.0,4.982187817859085e-08,1.1083934464695133e-10,1.438157037902954e-09
3,1.6110475800634738e-11,6.200784243709512e-12,4.0139280788054066e-11,0.9999996423721313,3.5685403076968214e-07,1.6746663777933435e-10,2.1380470727194734e-08
3,2.0633304786965567e-10,2.6018980373021527e-11,4.2668926725220047e-10,0.9999994039535522,5.792228421341861e-07,1.3110536656313343e-08,1.0435460495727966e-08
3,2.531898024571433e-10,3.7145658077220034e-11,1.2342068339554757e-11,0.9999886751174927,1.133171645051334e-05,1.4250044477748247e-09,4.8745771863423215e-09
3,1.2460416032311628e-09,5.785627185672659e-11,6.4895116190510915e-12,0.9999617338180542,3.825690146186389e-05,1.5893369953445813e-09,4.535179787268362e-09
3,4.078259951967311e-09,4.5744040499950955e-11,2.6071925868231816e-11,0.9999818801879883,1.8069818906951696e-05,4.049608981482322e-10,2.6859166002424217e-09
3,4.0627386871383564e-11,2.5727421495286285e-12,7.355876433141895e-13,0.9999997615814209,2.6721986046140955e-07,1.0160648364343494e-12,3.766073841671158e-10
3,9.354567120922752e-11,1.1978413053115311e-11,3.775000602911083e-13,0.9999998807907104,1.424085809276221e-07,1.225170681053156e-13,8.391287664721858e-10
3,3.871239787067715e-11,6.965860527285983e-11,1.2085586871546372e-11,1.0,2.1110237113930452e-08,5.028148172348326e-14,1.1485321138593463e-08
3,1.8409171756439413e-11,4.014610865965551e-11,1.0463718086439755e-10,1.0,4.9925441558684724e-09,3.1808574058132116e-14,9.863155625566833e-09
3,5.850280815344888e-10,4.8159708859740746e-11,2.4826835032243366e-11,1.0,4.0599495321202994e-08,6.41639654819573e-14,3.0547695484273163e-09
3,3.5795959529849597e-09,1.0556102519876376e-10,1.513525242635705e-11,0.9999992847442627,6.931700795576035e-07,7.326104241485443e-13,5.985038020739353e-10
3,4.1342529399912564e-09,1.5512516618465533e-11,5.8648984106735025e-12,0.9999978542327881,2.1670225578418467e-06,9.724695007595763e-13,7.299711529684672e-11
3,1.8383985889158794e-08,2.0352303176096598e-10,2.8315056896377477e-11,0.9999970197677612,2.9528166578529635e-06,2.34842180424355e-11,1.2040628494247585e-09
3,1.2659588044527936e-08,6.500464749814583e-11,8.558630887334218e-11,0.9999978542327881,2.176667976527824e-06,2.4186489616662143e-11,2.1371695524408096e-09
3,3.4995206732446604e-08,4.5242395940725544e-10,7.391174339232975e-10,0.9999979734420776,2.0308857529016677e-06,9.558502600537366e-11,1.1949747857897819e-08
3,2.815875088657549e-09,3.781776281019944e-11,3.444312196565491e-11,0.9999973773956299,2.655158368725097e-06,9.38577948000896e-12,1.2991963060926537e-09
3,1.117660519689423e-09,2.6175586004262286e-11,8.251519606483626e-11,0.9999979734420776,2.0039351511513814e-06,5.6872988957179516e-11,1.550250483539628e-09
3,1.9780340920760864e-08,3.8281464109779506e-10,2.4913536511572687e-11,0.9998564720153809,0.00014348229160532355,3.137227144733856e-10,9.997361161140361e-09
3,3.330466791240383e-09,8.24665162546534e-12,4.627149900217342e-13,0.9999881982803345,1.1750930752896238e-05,2.673837019850911e-11,3.218810634697533e-11
3,5.196974406374011e-09,1.2990056946771134e-11,4.289763531374613e-13,0.9999316930770874,6.833927182015032e-05,1.854440906390309e-10,1.8898689904678356e-11
3,6.9153469617333485e-09,1.8168048445885154e-12,3.8592816686529655e-14,0.9998564720153809,0.0001434487639926374,3.522611716211266e-11,7.238917581683935e-13
3,6.625942572391352e-10,1.5533693038458085e-12,1.0615499703770827e-14,0.999998927116394,1.0356369557484868e-06,2.314169255529519e-12,6.777656777826047e-13
3,3.6189365393290984e-10,1.5716133906426566e-13,1.1672768346116013e-15,0.9999990463256836,9.186566671814944e-07,7.242408170578252e-13,9.021848887532866e-14
3,8.037517318371101e-10,2.4061999680073665e-13,3.283355507507739e-14,0.9999997615814209,2.923299575741112e-07,5.204859546831253e-12,3.559008150038137e-14
3,2.191156804609573e-11,3.631974278620054e-14,1.3090515576087789e-14,1.0,1.4839909745489877e-08,2.8454672564579356e-14,9.515286914516322e-14
3,1.236691413337987e-13,1.0483913982447818e-14,5.735223689911915e-17,1.0,1.0838849956451568e-10,1.966719927247411e-18,3.038340385492708e-14
3,1.9417109521809028e-13,7.394995396202073e-14,2.3383227540802473e-15,1.0,8.638110782221986e-10,1.3468326787155808e-16,2.6576325775490295e-12
3,6.010100403464058e-12,1.4093301178852435e-12,1.3204175166453558e-12,1.0,9.288468882928669e-10,4.287581252629966e-15,2.2086161025058892e-11
3,6.41451572847701e-13,6.70647077368608e-14,2.911290186789067e-14,1.0,1.2724965525734433e-10,2.9128774841805745e-15,9.83184887670685e-12
3,4.183882840874675e-12,2.0672688821193885e-12,2.738089431835594e-13,1.0,5.440065065087651e-10,9.286815870620472e-15,5.583031866679411e-12
3,3.853748483523267e-12,1.076978350250668e-12,4.819041826286015e-14,1.0,2.3391373282777295e-09,5.307641008151691e-15,4.6117701671399836e-12
3,1.3130239083503081e-12,7.639862592383195e-13,2.788036897974789e-14,1.0,6.964149812382914e-10,5.777761552174128e-16,2.55646870860049e-12
3,1.79927427124138e-11,7.289938509617844e-13,4.992003338477602e-12,1.0,3.9241847105131455e-08,3.4480120039530326e-13,4.8507422037435965e-12
3,1.877794968130342e-11,9.726383110378323e-13,7.572382391268784e-14,0.9999997615814209,1.9769888126575097e-07,1.275964248403363e-14,9.217650948079026e-12
3,5.989370457926135e-12,1.6764566080837429e-12,4.0247392549784544e-13,0.9999991655349731,8.629684771221946e-07,1.3404319429595468e-13,3.011278726372524e-11
3,2.198225629301831e-11,1.9538337961422236e-11,8.714795378395035e-13,0.9999973773956299,2.65922039943689e-06,6.928956648895312e-13,2.9677235668934543e-10
3,3.156221728417563e-09,2.3104879121049748e-10,1.237265932069187e-12,0.9994513392448425,0.000548665935639292,5.3389268700465564e-11,1.7690284792593047e-09
3,1.0862501120811885e-08,7.433705873083341e-10,2.531169718267279e-10,0.9999642372131348,3.580218617571518e-05,4.324338942485184e-10,7.201591323280354e-09
3,1.3243211860469728e-08,1.0471637446052284e-10,6.551858361403262e-11,0.9999935626983643,6.35029482509708e-06,2.6956312182413456e-10,1.851606334923872e-08
3,2.153286216000083e-09,3.71305286864243e-12,5.4835502458217e-12,0.9999995231628418,4.2077800799233955e-07,1.2015271590171128e-11,5.551552550997485e-09
3,7.384018729794661e-09,2.7290456353079584e-11,1.2850445534062782e-11,0.9999635219573975,3.641277726273984e-05,2.709043822601842e-10,3.713185037224065e-10
3,8.997864142656908e-07,2.7497623969474638e-11,7.275139934925789e-10,0.999957799911499,4.1299663280369714e-05,1.1314092773773154e-08,3.9290746656206466e-08
3,2.7956062353950983e-08,2.2934539684049682e-11,2.55260673709401e-10,0.9999845027923584,1.5406087186420336e-05,2.194429304935852e-09,4.012472842873649e-08
3,6.737516144994515e-08,1.2933340509668767e-10,1.9849075716393827e-09,0.9999805688858032,1.9373583199921995e-05,4.3649567293968516e-10,2.2076584116348386e-08
3,2.6529752616966107e-08,4.582035445510613e-11,2.830340684045751e-10,0.9999949932098389,4.959015768690733e-06,1.9310331111910273e-11,2.0321706539760953e-09
3,9.785873089640518e-08,1.1665548527162173e-09,7.834915827231725e-09,0.9999876022338867,1.2327212061791215e-05,7.495267601020927e-11,8.37641334072714e-09
3,3.2579683395539405e-09,1.6860726356759947e-11,2.7034527394498298e-11,0.9999922513961792,7.741623448964674e-06,2.806178466679965e-12,3.7173007727542284e-11
3,4.440070089373194e-09,2.3806016186123102e-11,3.0264180050920686e-11,0.9999940395355225,6.0071142797823995e-06,2.6371110156686584e-12,6.001124597254659e-10
3,2.8206781355066823e-09,3.563559863861698e-11,1.357988582695313e-10,0.9999946355819702,5.395890184445307e-06,3.4274215410246e-11,4.770592254565997e-10
3,3.0072269674441543e-10,7.527310372235085e-12,4.795723713979516e-12,0.9999969005584717,3.0587352739530616e-06,7.742009073760658e-13,2.595453019171856e-11
3,1.0199829869605992e-09,1.3035202084399344e-10,8.228164677381855e-11,0.9999865293502808,1.3501270586857572e-05,9.794843755517313e-12,1.6231546662304197e-10
3,2.928963516168892e-09,3.073494583838432e-12,1.1497134841387258e-11,0.9999041557312012,9.584835061104968e-05,4.2954705764541856e-11,2.3864021869712815e-11
3,1.2854341202572783e-10,2.369336823092316e-13,1.9637835465841774e-14,0.9999934434890747,6.609738193219528e-06,2.5105641849286486e-13,1.202490797908018e-13
3,2.073175485450829e-11,1.3360772449337588e-13,1.6574300254739577e-13,0.9999991655349731,7.97499069449259e-07,8.770200142288118e-14,6.345912293911904e-13
3,1.742808952709396e-10,4.597353314012009e-13,3.520491732335318e-13,0.9999440908432007,5.5911899835336953e-05,3.995960506930629e-11,8.194730159206964e-13
3,1.0000655858988239e-09,4.1075045383205666e-13,1.2129174617805938e-12,0.999976634979248,2.3422797312377952e-05,2.5734888178807758e-11,2.3239637211153186e-12
3,7.194654871867101e-10,2.2971498835067106e-12,4.956699655757346e-13,0.9999033212661743,9.66283114394173e-05,1.4002991474693083e-11,3.170492514359413e-12
3,1.6872756664065847e-11,2.6111087575962644e-13,2.2995139321337066e-13,0.9999998807907104,1.486405238892985e-07,1.0242381690505308e-14,4.196339456474796e-13
3,1.9344406718829754e-12,3.9734671309537076e-14,1.3068674831542837e-12,0.9999998807907104,8.627251446569062e-08,1.6801444675633437e-13,2.601137350215915e-13
3,4.683644531239262e-12,3.5047539957006046e-14,2.35588187846858e-10,1.0,4.20897592334768e-08,7.333016030335038e-13,2.037976775184913e-12
3,7.419097210496425e-14,5.589287933443219e-15,5.225144969478457e-11,1.0,1.6988746409651867e-08,3.950662767846641e-13,8.409749676155376e-13
3,1.7010074989179391e-12,3.980075275432371e-13,1.0590937155052771e-10,0.9999997615814209,2.2430371870996169e-07,4.078007462965383e-12,1.4583671076318083e-11
3,4.119856886197759e-11,2.2025302588712936e-12,9.76628555804382e-10,0.9999991655349731,8.37981076529104e-07,1.1981542147321278e-10,9.031850267682273e-11
3,2.8811373425918774e-11,4.2675780444201283e-13,1.381885383899828e-09,0.9999994039535522,5.711675044040021e-07,8.424475700374856e-11,3.3887538608556866e-11
3,1.963499779433775e-10,1.2025749319966028e-11,1.7390561879437882e-07,0.9999994039535522,4.592091329413961e-07,1.7399600649170566e-09,3.907530410351967e-10
3,1.6308152744892723e-12,5.99913673425545e-13,1.260491017118781e-10,1.0,5.048109930072542e-09,2.791141883590198e-12,9.152185086180875e-12
3,5.185477915115033e-12,4.116079439092646e-12,4.43172787356616e-09,0.9999997615814209,2.5415610593881865e-07,5.282092541136763e-10,5.828594273893373e-10
3,4.7852250162350174e-08,9.989545995958693e-11,1.3739432347392722e-07,0.9999127388000488,8.689016249263659e-05,1.3286928890465788e-07,3.2870319799371828e-09
3,1.1819550893577002e-10,1.3960018037384447e-11,6.873247571093088e-08,0.9999997615814209,1.3602802084733412e-07,1.753590606057287e-09,1.2353812195442515e-08
3,7.77255095840701e-08,5.457684304488453e-10,4.6593515889981063e-07,0.9999394416809082,5.984198651276529e-05,6.933596807812137e-08,4.978741330319281e-08
3,3.002390371875663e-07,3.823559524551712e-10,4.666208042181097e-07,0.9999393224716187,5.965115633443929e-05,7.176719662993492e-08,9.89746240520617e-08
3,5.409387160426604e-09,7.062164047999531e-11,2.7853811701561426e-08,0.9999918937683105,8.059699212026317e-06,1.6081693754443904e-09,4.894250338338679e-09
3,2.092633843986391e-09,7.932474122007704e-11,2.1347348777567277e-08,0.9999904632568359,9.557270459481515e-06,4.804174835726371e-10,2.6091380167514444e-09
3,1.3445986546400945e-08,6.364573451600464e-11,5.6770912415515795e-09,0.9999876022338867,1.2388081813696772e-05,1.1143425765469672e-10,1.6953666248653576e-09
3,1.4028467276716583e-09,2.4048161031964277e-11,2.5367945521992397e-09,0.9999995231628418,5.122106472299492e-07,1.529611290060351e-12,3.74769326683122e-10
3,2.7390216830736058e-11,3.0611338117103593e-12,7.500194215692702e-11,0.9999998807907104,6.268903263162429e-08,1.3724839915561695e-14,1.5090897281799798e-11
3,9.694522962178098e-10,5.0675011062373265e-12,4.811088194500712e-10,0.9999997615814209,2.414572293218953e-07,3.5687715261266406e-13,2.295764793547317e-11
3,4.489981719757452e-10,4.298329921159638e-12,2.2028866231149635e-10,0.9999997615814209,2.7520428602656466e-07,6.221202210072302e-14,9.907295470124033e-12
3,1.752567091450885e-09,6.178682999263829e-12,9.731443428862008e-10,0.999997615814209,2.3477191462006886e-06,1.0782130396846945e-12,3.487107824717839e-11
3,2.2711041935963294e-09,2.8873932324952056e-12,7.799669243802043e-11,0.9999887943267822,1.121476998378057e-05,1.0840928849065179e-12,8.085547856251374e-12
3,1.4731948994040067e-09,2.7207571265397412e-11,7.754726305542192e-10,0.9999945163726807,5.468603831104701e-06,1.5289065586482353e-12,1.7218097780880015e-10
3,7.128022172508963e-09,2.1708265393605153e-11,3.8848355088383357e-10,0.9999823570251465,1.7693777408567257e-05,7.821142171404727e-12,1.1237494268456771e-10
3,3.0089639113661804e-10,6.106691541329923e-12,6.6302813933605265e-12,0.9999983310699463,1.6578962913627038e-06,6.63195694650294e-14,5.759480045663956e-11
3,1.1365252072792487e-09,6.13612936503638e-12,7.861533472819371e-12,0.9999951124191284,4.893558980256785e-06,2.313329378316603e-13,7.335700796806677e-11
3,3.507280854631034e-10,4.821995667342316e-12,3.059529019022733e-11,0.999997615814209,2.389108885836322e-06,4.664312013881455e-13,5.3045220993475084e-11
3,2.146386679502399e-10,8.919533406141766e-13,2.020025422974636e-12,0.9999988079071045,1.2124992281314917e-06,4.433800399853034e-14,2.98237753937336e-11
3,1.983898045843091e-10,2.7527177585973117e-12,9.206987386031762e-13,0.9999986886978149,1.3049119615970994e-06,8.572523150596287e-15,4.172544688235691e-12
3,1.0807884448515992e-10,2.2214784807690624e-13,4.611199931007365e-15,0.9999961853027344,3.846989329758799e-06,1.6134495337536726e-15,2.6718571474217134e-13
3,6.198442870086751e-10,2.4972066515333013e-12,1.05945241186782e-13,0.9999966621398926,3.3817025268945144e-06,5.837049729196311e-15,2.36823885155224e-12
3,1.5482727599991364e-10,3.2755140830578733e-13,9.86222618870082e-14,0.9999998807907104,1.403373346420267e-07,3.3096218933229764e-16,1.420577793852934e-13
3,1.0222461765962976e-09,3.7140741870889116e-12,5.160134125548055e-11,0.9999998807907104,1.5868577918354276e-07,6.109549037470671e-14,5.9823305163797524e-12
3,7.147132191631655e-11,4.314493369777378e-13,1.6938377783715097e-11,1.0,2.395034393032347e-08,1.4065566541891263e-15,4.655488776601768e-13
3,9.388170102431204e-11,6.272416397043457e-13,1.1722148859222292e-12,0.9999998807907104,1.1874978866899255e-07,1.1368849748267617e-15,2.321247848883351e-13
3,1.0259296190362477e-10,2.830733694322851e-13,3.7062835439583e-12,1.0,2.7832262716742662e-08,8.504260553618827e-16,1.5623616224542947e-13
3,3.8408667912825933e-10,2.593331582464997e-12,3.101602974453499e-09,1.0,3.2683018957868626e-08,5.349466393944277e-14,1.3048997646314398e-12
3,5.419238391368708e-10,1.7024099144280491e-12,2.2393406573506525e-10,0.9999998807907104,1.369723321431593e-07,1.8959027327670325e-13,3.666388807138654e-12
3,7.63672389214598e-11,7.055701942842996e-12,3.002053006184724e-08,1.0,1.084492051717234e-08,3.97814290190035e-12,6.665062252109166e-11
3,3.156929606618064e-09,9.521683788649149e-12,3.779402124592934e-09,0.9999996423721313,3.684838532080903e-07,4.919249903256873e-12,3.508095550164292e-11
3,3.119394964556932e-09,4.165673014866478e-11,1.3875014026609733e-08,0.9999997615814209,1.7436268251458387e-07,1.710009564503956e-11,1.274629013447992e-10
3,8.345539015408576e-08,8.231779841105791e-11,1.3763449047132781e-08,0.9999984502792358,1.41710063417122e-06,8.066036033538282e-11,4.565191003003122e-10
3,1.1955329171087214e-07,4.0313447025042137e-10,3.2866265087250213e-07,0.9999972581863403,2.2702176920574857e-06,3.994635733306495e-10,2.4257462705179478e-09
3,8.687016439523632e-09,4.3205750088759487e-10,2.416475375355276e-08,0.999991774559021,8.21273079054663e-06,1.0409368506048011e-10,2.6130260177836817e-09
3,4.061641334374144e-08,3.9509664984116455e-10,4.4984695080074744e-08,0.9999265670776367,7.338355499086902e-05,1.0717208231980635e-09,2.128300202741684e-09
3,6.392499418694797e-09,3.16149245671582e-10,1.8777434718231234e-07,0.999993085861206,6.738995580235496e-06,5.96717120160406e-11,1.5221743865367898e-08
3,1.4053720853723917e-08,8.351409008788835e-10,6.6257568320793325e-09,0.9999703168869019,2.9628348784171976e-05,1.2174345732918201e-11,1.0729729993386172e-08
3,2.6655597729074998e-09,4.596141800483622e-10,1.2864513898591667e-08,0.9999957084655762,4.281217115931213e-06,1.413324839105723e-11,1.7564767418321026e-08
3,3.1943099276787734e-09,4.955967233821745e-11,1.670364402350799e-10,0.9999967813491821,3.20523940899875e-06,1.034174807422461e-12,9.765759312330147e-10
3,1.3311278301841867e-08,1.4070335174753978e-10,1.870992027974694e-09,0.9999932050704956,6.782045147701865e-06,4.410298948959168e-12,1.4628329658705752e-09
3,3.468331755129839e-08,1.919175041109611e-09,1.4779637957929026e-08,0.9999834299087524,1.6484602383570746e-05,4.6590314939365385e-11,1.9289119634890994e-08
3,1.5361147021053512e-08,1.7593670964544117e-09,1.4626791333682831e-08,0.9999829530715942,1.7041464161593467e-05,5.1895390762446425e-11,1.9043852717004484e-08
3,1.6140099035055755e-08,4.0026790215641483e-10,3.3004945443337874e-09,0.9999545812606812,4.5448687160387635e-05,6.25408752563672e-11,3.374802437505764e-09
3,5.09360820188931e-09,8.250058969316854e-11,4.973233380667352e-09,0.9999812841415405,1.8703063688008115e-05,3.770444026440778e-11,7.128568291214776e-10
3,7.972011495382958e-09,1.0459292459907843e-10,3.846192253575964e-09,0.9999889135360718,1.1127654943265952e-05,4.296039565754306e-11,3.9705830290337474e-10
3,1.1975332370184333e-07,7.051386557987982e-11,2.06696153526309e-08,0.9999790191650391,2.0839908756897785e-05,1.8637600351922856e-09,6.735764168652736e-10
3,7.866971074577123e-09,8.912685867112913e-11,4.6547381060690896e-08,0.9999926090240479,7.3609721766842995e-06,1.0102141345669224e-08,9.182364202331428e-09
3,1.3107074536833352e-08,1.085863621241856e-10,1.1272958566621583e-08,0.9999755620956421,2.4353388653253205e-05,1.1888229289880314e-09,7.812661628747719e-09
3,1.205968835904514e-08,4.707626996558467e-11,7.31346483373585e-10,0.9999876022338867,1.237587184732547e-05,9.070191819837703e-11,1.7218545478314695e-09
3,2.7685338466199028e-08,4.9079323938272523e-11,1.6546044534493376e-09,0.9999693632125854,3.060721428482793e-05,2.0349422147347695e-09,3.2309688258180813e-09
3,1.7165109333916462e-09,6.520766565598635e-12,1.8685239119853314e-11,0.9999788999557495,2.109770866809413e-05,9.831346153843512e-11,5.131724822859951e-09
3,1.0094538538396591e-07,9.55932555335437e-11,5.166532979217209e-09,0.99996018409729,3.9754198951413855e-05,2.3292509254702054e-08,8.341682011803186e-09
3,4.5875853516008647e-07,3.567583173325062e-10,8.98190233300511e-09,0.999974250793457,2.5095499950111844e-05,7.09075891336397e-08,6.60592069934296e-09
3,6.747745828761254e-07,1.8685117897376813e-09,3.7654896090089096e-08,0.9998664855957031,0.0001314424880547449,1.2755244824802503e-06,2.6956975318626064e-08
3,2.1249022097435954e-08,9.050236116081578e-10,1.1095103502611892e-08,0.9999914169311523,8.381652151001617e-06,1.3062359194293549e-08,1.717672404311088e-07
3,1.8307593219191176e-09,1.6161008642434638e-10,2.6518820472887228e-09,0.9999971389770508,2.715734353841981e-06,6.197798274598654e-09,1.9464761180643109e-07
3,3.2997415910784866e-09,1.373074709487554e-10,1.5900324112916309e-10,0.9998847246170044,0.00011526758316904306,2.5047297569358307e-09,1.4509851986588274e-08
3,1.88987584692768e-07,2.0829176161640817e-09,3.982516716405371e-08,0.999754011631012,0.0002450557076372206,4.6028580413803866e-07,2.1629524837862846e-07
3,8.86392683696613e-08,1.3433848478072719e-09,1.6981013928329958e-08,0.9991482496261597,0.0008506388985551894,1.0003799388869083e-06,8.641979576395897e-08
3,2.8562823217725963e-09,1.7887789860449033e-10,5.558447924158827e-09,0.9999762773513794,2.3733855414320715e-05,2.508703822456937e-08,3.081476762645252e-08
3,4.395423136571708e-09,3.5544949206212095e-09,5.3940407696018156e-09,0.9999032020568848,9.62612175499089e-05,2.7079172681965247e-08,4.731633964638604e-07
3,6.770364393560158e-07,2.817989930292697e-08,1.2023273932015854e-08,0.976017415523529,0.023980265483260155,2.1562442498179735e-07,1.3990764955451596e-06
4,7.339726693089688e-08,2.179003999458473e-08,2.5666077336367055e-12,1.3317825278136297e-06,0.9999985694885254,5.643673972599572e-09,4.8268384844618595e-09
4,2.4486059402306637e-08,4.571531764252512e-10,8.328621538093717e-14,4.459449343130473e-08,0.9999998807907104,1.7369791716070893e-10,6.511445604928667e-08
4,1.2527420767405317e-10,5.412392539358435e-13,2.905572155882751e-17,6.957415199515538e-11,1.0,9.357591741407378e-13,2.7617041098437767e-08
4,5.544464443119068e-09,7.775394911258005e-11,2.491635505775039e-14,1.8913707933165824e-08,0.9999997615814209,1.0452944065875158e-10,2.6275330355929327e-07
4,4.7974513250892414e-11,1.999273802066881e-10,5.430601856193952e-17,4.607517145593931e-11,1.0,4.988973643926808e-13,2.349031635873189e-09
4,8.57144008548083e-11,2.3114389569034444e-10,1.0246358377843768e-16,2.5923490784562908e-11,1.0,6.5850220241914226e-12,3.430896677869555e-09
4,1.330802967824951e-10,3.5536509845890407e-10,3.6405428427386546e-16,8.026438541586245e-11,1.0,9.191529481977767e-12,3.105073531628477e-08
4,6.993857715187346e-10,2.3351245381775243e-09,1.497899628429846e-15,7.329234441577626e-10,0.9999996423721313,3.688313543470656e-12,3.4351518252151436e-07
4,9.369098379063967e-12,2.211708594046513e-09,2.1105955043737604e-17,1.4227894036544786e-11,1.0,4.483110592284033e-14,3.014406146917281e-08
4,3.407090581886152e-11,2.0736734551718428e-09,1.1576717754660356e-17,1.7313289690790157e-11,1.0,2.862734870120662e-14,1.0024116647855408e-08
4,6.72537858736888e-10,6.738234858971737e-09,9.00074256290483e-16,2.2201065430493827e-09,1.0,2.684029214161665e-13,1.0085235757628652e-08
4,1.3683550958987212e-09,2.309872471073504e-08,7.637698626490868e-15,3.75370623473259e-09,1.0,2.324634408579218e-12,4.150167853822495e-08
4,7.62102914109164e-09,6.601206337109033e-08,6.380624652767286e-14,5.4119301040600476e-08,0.9999997615814209,6.472994883155447e-12,6.746801517465428e-08
4,1.9350487878710965e-09,8.297657005940096e-10,1.0923310418011855e-15,1.2498906354352357e-09,1.0,3.23827986994929e-13,1.1168896030255837e-08
4,4.304813797095797e-11,6.214407322069349e-10,1.5925106145997503e-17,2.494925446794305e-11,0.9999997615814209,1.5991943080645617e-14,2.2500151430904225e-07
4,2.992927017331226e-10,1.241667657581047e-09,4.416291350036605e-16,9.326146521715373e-10,0.9999949932098389,1.0186107362588574e-14,4.955119948135689e-06
4,6.166535615470536e-10,1.9401991124823326e-09,2.4147736714983747e-16,8.94658958028316e-10,0.9999990463256836,3.073712820183226e-14,1.006386924018443e-06
4,3.1950082579612626e-09,1.477485689349578e-09,2.2297538825494538e-15,1.4476248644257339e-08,0.9999998807907104,1.2104836718488526e-13,8.506257387352889e-08
4,1.9370800519169507e-09,1.0031087072093214e-10,1.2882342776800382e-16,2.0000044287371566e-08,1.0,5.1633763047511175e-14,6.126684493068524e-09
4,5.623288057421405e-09,5.839790317985205e-10,2.003639707829339e-15,5.0033282406047874e-08,1.0,5.250024590411351e-13,4.205356773923086e-08
4,8.673577411855149e-09,2.0768278208294078e-09,8.503193503863523e-15,7.451097872035461e-08,0.9999998807907104,7.004769485806361e-13,4.2304410641236245e-08
4,3.4038294405291936e-09,5.709688277732994e-09,4.768561711948269e-15,6.781783667975105e-08,0.9999986886978149,2.8895578963426816e-13,1.2376239055811311e-06
4,8.332419199064134e-10,3.0791389438178385e-09,2.9301398038873803e-15,6.154253107126806e-09,0.9999997615814209,1.3819390510400043e-12,2.927626781001891e-07
4,1.6172493899624385e-10,9.805595918566112e-11,1.5140938925297233e-16,7.964950921035552e-10,0.9999998807907104,2.537985555224609e-13,1.583394606541333e-07
4,1.5019583354813903e-09,2.42527026239614e-10,4.99605972674596e-16,1.0573302233751747e-09,0.9999998807907104,2.3645451915910165e-12,1.1712478453773656e-07
4,1.4517571866878853e-10,5.659184492551317e-12,1.0854259862017766e-18,2.4714177371265578e-09,1.0,2.0818756942442458e-14,5.704601235834161e-09
4,6.602871721606007e-11,6.2107528321642125e-12,2.1700033884926504e-19,4.004214293473751e-09,1.0,8.976676451049204e-15,3.0951008422874793e-10
4,2.1534945701673358e-11,1.733873634945926e-11,3.300665452551903e-19,3.4734717324624853e-09,1.0,6.5406744927663015e-15,3.690178385085119e-09
4,1.2569184582034154e-10,1.335484084430405e-10,5.532871737433987e-18,7.720414529899244e-09,0.9999998807907104,4.1320357644378594e-14,9.232327613517555e-08
4,4.3604543586983624e-11,8.009077775983364e-12,3.892086084218878e-20,6.270763353022346e-10,1.0,2.074557117821732e-15,4.761886529536241e-08
4,1.4652681845639393e-10,9.530876955710088e-12,1.8964604467880755e-19,5.72501157591887e-10,0.9999957084655762,8.908343762095358e-15,4.283218004275113e-06
4,9.968356695644331e-11,9.787868215579976e-14,2.774003498571997e-20,2.444203728302341e-10,1.0,2.629128604278788e-14,4.032367328932196e-08
4,1.0412512518875872e-10,1.8388274843766927e-13,1.6859619478862818e-20,5.981547201994175e-11,1.0,9.101948388783379e-15,1.1810011635304818e-08
4,7.155098041833341e-11,1.0907879417418331e-12,6.575130088448159e-20,6.372305461077588e-11,1.0,5.114521731342447e-15,4.9209980090836325e-08
4,6.221165249620242e-11,2.972057669414774e-11,2.7109758901871506e-19,4.543591197725405e-11,1.0,8.344359579660291e-15,5.246611589626582e-09
4,2.965605094829016e-09,1.0679656270440319e-08,2.1795884885972158e-16,2.3335449128580876e-09,1.0,5.196833089728126e-13,5.374526157453374e-09
4,7.848220684447682e-11,8.762727765621037e-10,6.234534723067299e-19,1.0356148230639128e-11,0.9999896287918091,2.2027799912891985e-14,1.0324869435862638e-05
4,3.8295405041521846e-11,1.4102086165479477e-09,1.873002431796684e-18,6.841075622654458e-11,0.9999960660934448,3.37383353405437e-14,3.930945240426809e-06
4,7.054226092151339e-10,2.0153745339257512e-08,5.90501342942251e-16,6.141646302637582e-09,0.9999996423721313,5.5809749183177715e-12,3.8206499652915227e-07
4,4.022335886588735e-08,1.3524953601518064e-06,1.703912652520432e-14,6.689462850317796e-08,0.9999982118606567,3.111359087037968e-11,4.168019813732826e-07
4,3.278907589887581e-09,1.3776229934592266e-08,1.4942518810424953e-16,1.235637148155888e-09,0.9999996423721313,1.4158444382184054e-12,3.62120175623204e-07
4,5.5901350215492585e-09,1.0326412791528128e-07,7.569097533971861e-16,8.197719836289252e-09,0.9999997615814209,3.154992976941995e-12,6.948181408006349e-08
4,5.6361617595257485e-08,4.284430588086252e-08,2.2876900891087007e-15,2.3517570113540387e-08,0.9999974966049194,3.418277813582726e-11,2.3812835934222676e-06
4,1.2814266092675552e-08,3.9764586290402804e-08,2.6314797983337766e-15,3.941638127002989e-09,0.9999979734420776,6.288855287223116e-12,1.984137043109513e-06
4,9.784628929310202e-08,4.079807354173681e-07,4.7314061034971905e-14,1.6863706875369644e-08,0.999988317489624,4.289388982892106e-11,1.1119088412669953e-05
4,2.6867054359058784e-08,7.848585426017962e-08,2.2810749735488814e-14,7.522555023342647e-09,0.999996542930603,2.5274487364113085e-11,3.344096057844581e-06
4,2.6101764305508368e-08,2.983182980642596e-07,1.2334415173259616e-13,2.0956241186809166e-08,0.9999911785125732,8.215594871074927e-11,8.44169426272856e-06
4,4.083230464857479e-08,4.700878832863964e-07,2.622067873155748e-13,8.65820393158856e-09,0.9999902248382568,2.2340462813019712e-10,9.344942554889712e-06
4,3.931918968191894e-08,6.247461215025396e-07,2.0491441388766768e-13,2.9541142865241454e-08,0.9999986886978149,1.188591308709519e-10,7.197644436018891e-07
4,1.768719926076301e-08,7.850790950669762e-08,1.4561103516518015e-13,2.5846436102483494e-08,0.9999876022338867,4.025878935776106e-11,1.2275440894882195e-05
4,3.802757220228159e-08,4.6607800641140784e-07,1.2697686868970437e-12,7.10405174686457e-08,0.999968409538269,4.230085726142363e-10,3.101467154920101e-05
4,2.0299955494351707e-08,4.188525508652674e-07,2.0657145698849133e-12,1.9115428528948541e-07,0.9997361302375793,2.026597778481687e-09,0.0002632235991768539
4,6.009016395580602e-09,3.884729267156217e-07,1.3844281894926508e-13,1.7402660645871038e-08,0.9997132420539856,9.328975092426361e-11,0.000286332331597805
4,4.739231940220634e-08,5.93235654378077e-06,4.0708124371402477e-11,1.3755467875853356e-07,0.9966501593589783,6.436942534548962e-09,0.003343795659020543
4,1.7908320160131552e-08,1.2687402204392129e-06,4.413229851008005e-11,4.08878207736052e-07,0.9957451224327087,1.9009933183156136e-08,0.004253200255334377
4,2.830435903433681e-07,3.5313340049469844e-05,9.672748713107637e-11,5.169545715943968e-07,0.9939306974411011,3.3085563178048005e-09,0.006033319514244795
4,4.2057470750478387e-07,5.175148544367403e-06,6.148130893279813e-10,1.1020180863852147e-05,0.9521074891090393,1.7078566827422037e-07,0.04787568002939224
6,4.5040718532618484e-07,5.730093107558787e-06,3.7756286985768384e-08,7.006507303231047e-07,0.0010715953540056944,8.63001787365647e-07,0.9989206790924072
6,1.9267025308522534e-08,1.6206902841986448e-07,6.266571705992874e-10,7.093514220457564e-09,8.459445962216705e-05,1.5126214236715896e-07,0.9999150037765503
6,2.9467683848594106e-09,8.106805227114933e-10,1.8517664068795625e-09,5.458886320752754e-08,1.0845292308658827e-05,1.3173435320368299e-07,0.9999889135360718
6,3.887572042060583e-09,1.483170669613898e-10,3.726762301536901e-11,9.82226122658858e-09,2.1519108486245386e-05,4.5566487472115114e-08,0.9999784231185913
6,3.596036890485266e-08,2.2123032294985023e-09,2.722840841684615e-09,1.17353096129591e-07,2.801987466227729e-05,6.194955517457856e-07,0.9999712705612183
6,7.940407442674768e-08,1.6613579845170534e-08,7.178758032466703e-09,3.4837248108487984e-07,3.076799475820735e-05,5.739042876484746e-07,0.9999681711196899
6,1.7444148170397966e-07,1.5782630313765367e-08,7.6866033538181e-09,1.5998563185348758e-06,7.977322820806876e-05,8.488754019708722e-07,0.9999175071716309
6,7.106809363222055e-08,1.2239102176181405e-08,2.242091134974089e-08,1.1800947277151863e-06,1.0064017260447145e-05,2.1196294710534858e-06,0.9999865293502808
6,1.3448291724671435e-07,1.969747698282731e-09,9.410539902887649e-09,1.1191503972440842e-06,1.3305400898389053e-05,2.380604655627394e-06,0.9999830722808838
6,2.488193118210802e-08,7.851745031928203e-09,2.312831481887656e-09,1.246328565684962e-06,1.0909020602412056e-05,3.228667821986164e-07,0.9999874830245972
6,1.416933859132996e-08,8.963757380797688e-08,4.216492988096121e-10,1.346694489257061e-08,7.434554390783887e-06,4.9919187006253196e-08,0.9999924898147583
6,9.859799199318786e-09,1.2352019496120192e-07,2.476015226182682e-10,1.3136435272897984e-09,4.4977623474551365e-06,3.803592107942677e-08,0.9999953508377075
6,2.752053163135315e-08,8.58227693356639e-08,1.9112125215769993e-09,3.0852516097468197e-09,1.1765795534302015e-05,2.5686486537779274e-07,0.9999878406524658
6,7.097971632674671e-08,3.3702278301461774e-07,1.4570474604624906e-08,8.1563520382133e-09,1.2996571967960335e-05,8.096314445538155e-07,0.9999856948852539
6,2.8295099596675755e-10,1.3601812121066814e-08,7.609657348695009e-11,1.8250405353636978e-10,1.0018947023127112e-06,3.34928285106173e-09,0.9999990463256836
6,4.7120765067631964e-09,5.090125299034298e-08,2.970479140440574e-10,1.4229238620711016e-10,7.009530236246064e-06,2.6514468842719907e-08,0.999992847442627
6,5.397830182829466e-09,3.772755690079066e-07,5.315479723044803e-10,3.134521808778601e-10,1.7722697521094233e-05,6.362058257991521e-08,0.9999817609786987
6,2.5459412356099165e-08,7.383208412647946e-06,3.0597642197705e-09,1.8349823882601868e-09,9.616144234314561e-05,3.8801002233412873e-07,0.9998960494995117
6,1.284925730260511e-07,1.179276114271488e-05,9.574813830681705e-09,4.0199736872637e-09,5.914910798310302e-05,7.405952260342019e-07,0.9999282360076904
6,6.003660502074126e-08,9.19461490411777e-06,1.1296864776966231e-08,1.6653630696694677e-09,2.6526682631811127e-05,7.344528967223596e-07,0.9999635219573975
6,1.0276185946622718e-07,3.7435827834997326e-05,1.8030823056847112e-08,4.954633148201992e-09,6.154139555292204e-05,7.872270089137601e-07,0.9999001026153564
6,2.650687846994515e-08,2.4000162738957442e-05,1.1400357102786529e-08,3.258275427242552e-08,4.722283119917847e-05,1.0166461379412794e-06,0.9999277591705322
6,2.2145922429217535e-08,0.00012854782107751817,1.1508738850807276e-08,3.548973026568092e-08,5.7453307817922905e-05,1.0991921044478659e-06,0.99981290102005
6,6.3901670621646645e-09,3.768919123103842e-05,1.2846105512664963e-08,5.74523575380681e-08,1.611198968021199e-05,1.430903125765326e-06,0.9999446868896484
6,1.718081232837676e-09,7.567524789919844e-06,1.0815051076917825e-09,8.276753504787848e-09,3.0921351026336197e-06,2.2878613492594013e-07,0.9999891519546509
6,1.4073013865356643e-08,1.5502409951295704e-05,7.72021913064691e-09,1.9704312848034533e-08,5.59266982236295e-06,4.98543840876664e-07,0.9999784231185913
6,3.4552996019954207e-09,5.326882728695637e-06,5.577972306269885e-09,1.3602367232579127e-08,2.096083790092962e-06,4.076415791587351e-07,0.9999921321868896
6,4.7209676168336046e-09,1.2280085002203123e-06,1.8115058342260681e-09,3.3593339221482665e-09,1.3744887610300793e-06,1.358273920004649e-07,0.9999972581863403
6,7.072028740395808e-09,1.126123152062064e-06,1.6506708222507882e-09,5.364325872392328e-09,2.61491845776618e-06,1.1113354503322626e-07,0.9999961853027344
6,7.889630060375907e-10,7.087401172611862e-07,7.360160259040072e-10,2.634447993088429e-09,4.564158757602854e-07,4.6634486494667726e-08,0.9999988079071045
6,3.5090472194632127e-10,1.3688608646589273e-07,2.0335474970600842e-10,1.9301822362649546e-09,3.432646167311759e-07,1.8845934590672186e-08,0.9999995231628418
6,9.382507271116225e-11,2.0887412688352924e-08,2.288527874150237e-11,2.175586377717309e-09,8.111269949040434e-07,7.1505699139606804e-09,0.9999991655349731
6,8.307648319272332e-11,2.3122623815652332e-08,8.759320525852932e-12,6.317564693603117e-09,5.339082235877868e-06,2.5886959242882313e-09,0.9999946355819702
6,2.341363769531313e-10,3.486729127644139e-08,9.35322565925878e-12,7.569010307406643e-09,3.418649430386722e-05,2.103113683205038e-09,0.9999657869338989
6,4.84785211973815e-10,5.340663733477413e-08,2.8966612095060462e-11,2.008272659281829e-08,9.518852311884984e-05,6.1942002638204485e-09,0.9999046325683594
6,2.554944256161207e-09,1.2325951104230626e-07,1.9193856573562762e-11,2.3569795359890122e-07,0.0011901685502380133,5.425503157852063e-09,0.9988094568252563
6,2.007568111750402e-09,1.3157631428839522e-07,6.918592782012567e-11,6.342671099446306e-08,7.348816870944574e-05,5.715430351216355e-09,0.9999262094497681
6,1.5524981300529817e-09,1.597455110413648e-07,3.067948672885734e-11,4.153490706926277e-08,1.0177300282521173e-05,1.676133010164449e-09,0.9999896287918091
6,4.128804409475606e-09,5.355032612897048e-07,2.371613738727518e-10,4.1755317425895555e-08,9.987849807657767e-06,1.0994658516949585e-08,0.99998939037323
6,7.145504632433131e-09,5.354732479645463e-07,3.3053745851496785e-10,5.734529295864377e-08,6.918343387951609e-06,1.2254965930935668e-08,0.9999924898147583
6,1.3634444961940773e-10,8.387783623220457e-08,2.2367310369315885e-13,5.614061993064468e-10,9.50331298099627e-07,8.913489391026985e-11,0.999998927116394
6,3.18090016548922e-08,7.202000347206194e-07,2.1481523504451872e-10,2.674912025213416e-07,1.8968790982398787e-06,1.6445014239252487e-08,0.9999971389770508
6,1.6625820720150841e-09,1.966666047792387e-07,1.1198593441452687e-10,2.483222374394245e-07,8.180929711443241e-08,3.017468941379775e-09,0.9999994039535522
6,1.5683796483756396e-09,5.538568643714825e-07,5.1235887060796514e-11,2.032568744425589e-07,6.98987463465528e-08,6.465375790298822e-09,0.9999991655349731
6,4.479443205251954e-10,1.476442150760704e-07,2.944172249746968e-12,4.080879278944849e-08,4.150032495431333e-08,9.450461524451725e-10,0.9999997615814209
6,7.079676289656334e-10,1.0376186310168123e-07,2.3667751786193847e-11,6.386720485807018e-08,1.6790403734034953e-08,4.893943916783883e-09,0.9999998807907104
6,6.829293242027745e-10,1.2278833594336902e-07,4.331845646077248e-11,6.219311643462788e-08,1.1788539033830148e-08,2.40387567629341e-08,0.9999997615814209
6,3.1255749100012054e-09,5.524673269974301e-07,5.653273960071203e-10,1.836155547607632e-07,2.666572207488116e-08,1.5307864487112965e-07,0.9999991655349731
6,2.4066121318000455e-10,2.1787876391954342e-07,6.210659764249726e-11,1.435285668094366e-08,4.657957131115609e-09,1.7146236430676254e-08,0.9999997615814209
6,9.926768296253385e-10,2.9441173410305055e-07,3.0192626176983595e-11,3.176652541014846e-08,3.964809991430229e-08,7.932237977570367e-09,0.9999996423721313
6,8.766426473627575e-10,2.5967872829824046e-07,6.129723898601336e-12,2.2586108983091435e-08,1.5814218556897686e-07,3.6897966904092527e-09,0.9999996423721313
6,3.9322342604286575e-10,1.2048046471591078e-07,4.228608348894047e-12,1.9578889620675e-08,7.893002162973062e-08,2.2643429353763622e-09,0.9999997615814209
6,1.255908918529336e-11,2.0354402607836164e-08,8.497004234117936e-14,5.1073620888075766e-09,8.255672412360582e-08,7.706816851360543e-10,0.9999998807907104
6,6.058475943149233e-11,1.0060684729751301e-07,2.913092293430064e-12,2.5104048617663466e-08,7.587846795331643e-08,1.7669666840802734e-09,0.9999997615814209
6,4.0203165241337047e-08,2.864744601538405e-06,4.512855866778409e-09,6.8745903263334185e-06,1.8847139244826394e-06,9.541484047304039e-08,0.9999881982803345
6,7.031307518445828e-07,1.2285028788028285e-05,7.7126912856329e-08,2.712137393245939e-05,3.292436986157554e-06,4.794542292074766e-07,0.9999558925628662
6,5.554764470616647e-07,2.365895670664031e-05,1.0921385751316848e-07,1.4304874639492482e-05,5.758674888056703e-06,5.318525495567883e-07,0.9999550580978394
6,1.2767604573582503e-07,6.726175342919305e-06,2.1394473748159726e-08,1.2583071111293975e-05,3.117080950687523e-06,2.873637470202084e-07,0.9999772310256958
6,1.2139643956743384e-07,6.255710104596801e-06,2.4946363197386745e-08,6.5811286731332075e-06,5.143819635122782e-06,4.236796939949272e-07,0.9999815225601196
6,2.693885825522102e-08,1.7128526224041707e-06,1.1600232774355845e-08,9.680622497398872e-06,9.16127305572445e-07,1.0831250563114736e-07,0.9999876022338867
6,1.174890407185103e-09,4.284442809421307e-07,3.5855993174571665e-10,3.9225363934747293e-07,2.562059080446488e-07,2.2135431265724037e-08,0.999998927116394
6,7.769132004398216e-10,4.873420493822778e-07,7.438356597333495e-10,2.9557324410234287e-07,8.159886419889517e-07,4.955235866077601e-08,0.9999983310699463
6,6.672514762939841e-10,3.320127461847733e-07,4.900673200580741e-10,1.512029257355607e-07,2.407672923254722e-07,4.166559364193745e-08,0.9999992847442627
6,4.1495581970529827e-10,2.3259126180619205e-07,8.541695822872342e-11,3.315876426768227e-07,4.350548010734201e-07,4.439831613467504e-08,0.999998927116394
6,3.634647444128447e-11,3.781604718255949e-08,2.5684634974432186e-11,5.213803433434805e-08,2.8093278814367295e-08,3.032189255236517e-08,0.9999998807907104
6,2.401231991022712e-12,9.582151960785268e-09,3.3146131239031318e-12,3.772635537302449e-08,8.501339188171642e-09,1.1520446818735763e-08,1.0
6,1.1899509155810506e-11,3.821488903099635e-09,1.5882437509259772e-12,1.6915711853471294e-07,1.035731767018433e-08,2.199097126620586e-09,0.9999998807907104
6,4.263490949174553e-11,1.4664741643244383e-09,1.0416396911683279e-11,3.6541203485285223e-07,9.044379467582075e-09,3.787384983411357e-08,0.9999996423721313
6,5.971173000496321e-10,2.398707010797807e-09,1.0333246758253978e-10,5.056052145846479e-07,1.3039437085637928e-08,1.542527883202638e-07,0.9999992847442627
6,2.8069936999775003e-11,2.744816179900411e-11,7.078791545989116e-12,6.253963391600337e-08,8.226568315450322e-10,6.372496130779837e-08,0.9999998807907104
6,1.3381785263222312e-11,7.885629649262427e-12,2.4106758256259297e-12,1.8118019085022752e-08,8.54688930740366e-10,9.496169184330938e-08,0.9999998807907104
6,8.64485635854173e-11,8.244826349423917e-11,8.56123245213114e-12,1.8445288674229232e-07,2.2711374114692262e-08,8.20472962459462e-07,0.9999990463256836
6,1.376179465523153e-11,1.9440573283124873e-12,7.763191673705594e-13,1.712424335664764e-08,2.7611126718340984e-09,1.2687698358604393e-07,0.9999998807907104
6,3.263891587557133e-11,1.0398893551810673e-10,1.3268246093836589e-12,8.88224889195044e-08,4.516931184639361e-08,2.187448302493067e-07,0.9999996423721313
6,1.12615021474749e-11,1.0966388908073554e-09,3.205245313955829e-12,9.469689388197366e-08,3.297732220630678e-08,6.395241314294253e-08,0.9999998807907104
6,5.857531040071029e-12,7.29005855681919e-10,4.20566836564773e-12,1.4801442205225612e-07,2.639838747597878e-08,3.630613321092824e-08,0.9999997615814209
6,4.757637426383576e-12,2.4829072131637986e-10,3.9052615308232674e-13,1.1081092488041122e-08,5.548964665536005e-08,3.8451126727068186e-09,1.0
6,3.2767663582511375e-11,9.67418478658999e-10,2.425526359622898e-12,2.87101578066995e-08,2.1345969969388534e-07,3.2053367959861134e-08,0.9999996423721313
6,5.72975000778797e-12,5.642494804725118e-10,2.887557814384989e-12,1.8241880894720452e-08,2.9435049953008274e-08,5.038587325145727e-09,1.0
6,1.2313899899751846e-10,5.031863370419387e-09,8.91426238380788e-11,9.08629829154961e-08,1.4664199454728077e-07,4.311821655278436e-08,0.9999997615814209
6,1.693724674400876e-11,1.9844468290841633e-09,1.061123411361109e-11,1.8527876122220732e-08,1.0398034433478642e-08,4.717991775038399e-09,1.0
6,9.238975695602392e-10,9.520991106626298e-09,2.9824104297304643e-10,1.6455136631066125e-07,9.329557570936231e-09,4.5784389612890664e-08,0.9999997615814209
6,6.66163346707549e-10,5.145230907999121e-09,2.2703140756252793e-10,1.1396446097933222e-07,7.10741643317192e-09,4.059708658132877e-08,0.9999998807907104
6,2.1645190084740307e-09,2.864969950167051e-08,4.594153502068821e-09,5.485237011271238e-07,9.13093867183079e-09,9.019057500836425e-08,0.9999992847442627
6,2.7858733098184985e-09,1.7085865167132397e-08,9.379489407379538e-10,6.089121029617672e-07,1.2414463235188578e-08,5.862693086555737e-08,0.9999992847442627
6,5.8066329522432625e-09,7.564200643628283e-08,8.765254300158176e-09,8.814729426376289e-07,4.2294605151482756e-08,1.5579308865198982e-07,0.999998927116394
6,9.005816647977838e-10,1.8764408693527912e-08,4.535306574737774e-10,8.091329561921157e-08,1.0151860863061302e-07,4.0576182414042705e-08,0.9999997615814209
6,2.0641333087212388e-09,1.4369311429618392e-07,8.79501182993181e-09,4.072013553013676e-07,4.3594022258730547e-07,1.6203159702854464e-07,0.9999988079071045
6,5.734955177416623e-09,5.711945405550978e-08,9.590494620681511e-09,8.830688216221461e-07,3.254983198530681e-07,1.6669993385676207e-07,0.9999985694885254
6,3.5679244003716803e-09,4.710112122552346e-08,9.03468233559579e-09,8.358146033060621e-07,2.119406019573944e-07,1.0454345300558998e-07,0.9999988079071045
6,4.68292205013654e-09,4.775888129415762e-08,2.619860994812484e-09,8.152445616360637e-07,3.0249609039856296e-07,4.4455589431890985e-08,0.9999986886978149
6,1.531784921127155e-09,6.565113608303363e-08,2.328855774891281e-09,4.168181533259485e-07,5.983686719446268e-07,5.222955223871395e-08,0.999998927116394
6,6.509612848759616e-10,5.1543487700200785e-08,1.3822233357885239e-09,7.13075166913768e-07,1.2286336641409434e-06,5.89112332249897e-08,0.9999979734420776
6,1.2411698058212295e-10,1.7716736522288556e-08,1.322100762202183e-10,4.021576671675575e-07,7.027795163594419e-07,2.3521684155980438e-08,0.9999988079071045
6,1.0116928995940189e-11,1.0499066060987161e-09,4.4142333018026836e-12,6.917476724765947e-08,8.715502985978674e-08,1.0922341919794576e-09,0.9999997615814209
6,9.295295652980706e-13,8.066591838939985e-10,1.152854114255808e-11,5.335196817668475e-08,3.5137340148594376e-08,1.8131388612729893e-09,1.0
6,7.272148920371702e-13,1.3503968776529263e-10,2.0754509222342676e-12,8.02128941046476e-09,2.0451691895573276e-08,5.503981159726834e-10,1.0
6,4.5001762732921335e-14,4.218193502825152e-12,8.688987978558091e-14,4.875652659386276e-10,1.1220419260382641e-08,1.270578225964769e-10,1.0
6,4.6265837433953974e-14,1.3549265008572231e-11,2.93453927607476e-13,3.9868436330081636e-10,1.2876259347649466e-07,1.7841460253631425e-10,0.9999998807907104
6,5.6138188546286504e-15,5.790284050843919e-12,7.694541618447071e-13,1.54768253768367e-10,1.9417159435874964e-08,5.201273300947662e-10,1.0
6,6.169105618058016e-14,4.842726913922846e-12,2.7873151920224104e-13,7.323658346436446e-11,1.776565383693196e-08,1.2013198769089684e-10,1.0
6,4.2824674606175075e-14,1.8674053622880216e-11,7.662505352445947e-11,2.677467969558478e-10,2.530768927755389e-09,2.5558484217924615e-09,1.0
6,3.0986403221945624e-13,3.83715975660337e-11,3.8049900036307704e-11,3.611265730896207e-10,6.6131633502664044e-09,2.103442309220327e-09,1.0
6,7.807905255501069e-13,1.1532703264593991e-10,7.117370581788407e-10,7.871722162988704e-10,7.48996598076701e-09,2.6132928709898806e-08,1.0
6,8.124065656311963e-12,3.832444583906636e-09,2.8593536427479194e-08,3.4536122850425954e-09,2.4118895325386802e-08,3.5530283071238955e-07,0.9999996423721313
6,7.35161497650294e-12,1.5331568237186843e-09,6.080120584783799e-08,2.5460871189153522e-09,1.676825434060447e-08,2.0360832309052057e-07,0.9999996423721313
6,4.810411509230395e-13,7.16569859005034e-10,1.7312718370021685e-08,8.275338747587568e-10,3.2268550054226353e-09,1.0220678348105139e-07,0.9999998807907104
6,2.7512790223144235e-13,3.1981656434254546e-08,2.509661044314271e-06,1.2226609058529903e-08,7.420213332665071e-09,3.567129169823602e-07,0.9999971389770508
6,8.4015091975434e-13,2.5858984287197018e-08,4.3764924129163774e-08,6.402110397374372e-09,1.1569243341114088e-08,1.3105119656131592e-08,1.0
6,1.8868913864104192e-13,4.156233579521995e-09,1.1570854496767424e-08,1.0751333157088538e-08,4.329687275372862e-09,5.469804165159076e-09,1.0
6,1.2182916893192786e-13,1.914856362361661e-08,2.7953932502100542e-08,3.4737048792976566e-08,4.639356010471829e-09,5.003518666057971e-08,0.9999998807907104
6,3.939974431779736e-14,6.725150658581924e-09,2.6912276851476236e-08,2.1190112775570924e-08,4.2235509534194193e-10,3.298512041283175e-08,0.9999998807907104
6,3.5052551003922e-14,1.2437507912466117e-08,1.8583360406054794e-09,1.9312299315288328e-08,4.215599536117054e-10,4.667325015361712e-08,0.9999998807907104
6,4.1527610343539134e-13,2.9279709323759562e-08,2.775127256882115e-07,2.744690164036001e-07,5.11214348630773e-10,1.710706897029013e-06,0.9999977350234985
6,2.8438316697181054e-13,5.8484271647785135e-08,2.6780841722029436e-07,4.514022577950527e-07,2.990307723660379e-10,5.395601192503818e-07,0.9999986886978149
6,5.34794387593851e-12,5.783058298902688e-08,1.8435764559399104e-07,4.780004587701114e-07,4.16859519125623e-10,6.729119377268944e-07,0.9999985694885254
6,1.1184148746012923e-10,4.44410034106113e-07,5.867141226190142e-07,7.57477664592443e-06,6.088858306441125e-09,9.616637726139743e-07,0.9999904632568359
6,5.112919809757699e-11,2.4026775236052345e-07,1.804168618946278e-07,8.326979354933428e-07,3.9912495530813885e-09,1.1358383744664025e-06,0.9999974966049194
6,1.9505574933020853e-10,1.843579013893759e-07,3.025388650712557e-07,5.141081373949419e-07,5.6396833869598595e-09,1.9502545001159888e-06,0.9999970197677612
6,3.156585548502733e-10,2.5301105210928654e-07,2.201176840799235e-07,5.512599727808265e-07,5.069327624340758e-09,8.885924103196885e-07,0.9999980926513672
6,1.4036881657020217e-09,3.47030066905063e-07,2.755736829840316e-07,2.0241080278537993e-07,2.3424071571298555e-08,8.843933869684406e-07,0.9999983310699463
6,1.7063964824481914e-11,4.7462169305845237e-08,1.916953040748126e-09,3.1648902165670734e-08,3.409876603299722e-09,2.1570947694726783e-08,0.9999998807907104
6,8.380519889161775e-11,1.2525975812138768e-08,8.765538989097266e-11,2.759070305557998e-09,9.946298007434962e-09,3.4573703899809516e-09,1.0
6,6.232849739801205e-12,1.3319394476241087e-08,2.0419554935813267e-10,7.632056764350637e-09,1.6154077187024996e-08,4.255120700236148e-09,1.0
6,2.4955040746517387e-13,2.056574688324986e-09,3.2685777695551366e-11,4.7042769679706e-10,1.1691114742973241e-08,1.3957266453701322e-09,1.0
6,8.700691941010072e-15,2.1800785621195473e-09,5.232176150671286e-11,9.22500964506412e-11,1.070408828240943e-08,1.723656883889646e-09,1.0
6,1.975513131782813e-15,2.7986449269157276e-10,1.343866532811655e-12,2.1655414007143436e-12,1.3162511081077355e-08,2.970444168415298e-10,1.0
6,9.299041097148193e-16,4.0741099383012624e-10,6.204983358723548e-13,1.130270573315717e-12,1.2881338662396047e-08,2.427621714762296e-10,1.0
6,4.287516031093027e-15,6.037182559426313e-11,2.3703963596653777e-13,5.517984615240057e-13,3.789944713616933e-08,6.92463586471348e-11,1.0
6,2.7213529586527733e-15,8.371828924547131e-11,1.5078836616833069e-12,1.989962231455089e-12,9.280805457478891e-09,5.500672140001939e-11,1.0
6,1.4733100502128168e-16,3.496000017255696e-11,8.121472515765921e-14,1.3425847618982883e-13,5.3620650142249815e-09,3.2766421520502576e-11,1.0
6,5.313127981704886e-16,6.274732122779625e-11,4.1174838061666663e-13,2.916540056338568e-12,1.7006707153655043e-08,5.632835864410879e-11,1.0
6,2.426069438185162e-15,2.508429575165394e-11,3.5889230498055424e-13,1.2534680758624628e-11,1.1788002574064649e-08,1.230932439311161e-10,1.0
6,2.0952265216797497e-16,6.618264096480697e-12,3.8610672818684133e-13,1.1776859869250256e-11,2.893715267404673e-09,3.9524475359264954e-10,1.0
6,3.339972672009874e-16,9.838995937427875e-12,7.19362042806912e-14,1.5355995988675097e-11,7.587829919941669e-09,1.5845690037874505e-10,1.0
6,1.01256383157588e-15,7.962343349758594e-13,1.0320436454221149e-13,7.283784686507033e-12,3.2501096258741313e-10,1.14854625810068e-10,1.0
6,1.7233622230552852e-15,5.28468544966354e-13,2.1527942731421057e-13,6.371305392993687e-12,6.885654268984354e-10,9.920274324226597e-11,1.0
6,1.7437174412173427e-14,6.36717133011e-13,4.36475210358403e-13,1.3454445023375339e-11,2.1976298558712415e-09,1.915099329119485e-10,1.0
6,1.0992036342011464e-14,1.1967743419535881e-12,7.325522567019904e-13,2.286684036567621e-11,4.1590392241275254e-10,6.219871839796554e-11,1.0
6,3.841736143480245e-15,3.6281420576211865e-12,1.4487794644524321e-12,3.1280495554897314e-11,5.76904690685609e-10,3.617812993628178e-11,1.0
6,3.489530950165961e-15,3.1937972232165546e-12,8.702464096566054e-12,3.7944376807264035e-11,1.1601787308634925e-09,1.6682109860166605e-10,1.0
6,6.5608910516348935e-15,3.082735347374743e-13,8.853373763273442e-13,1.3554668672199899e-11,9.681086488022572e-11,2.5685224780414018e-11,1.0
6,1.609095614998196e-14,7.889989117777774e-13,2.1068833255723923e-13,2.2417456779777467e-11,1.0386647097959667e-10,9.849153610741457e-12,1.0
6,6.267112073439843e-15,1.996367914730568e-12,1.944198491435345e-12,1.5212718584844964e-10,1.194991883224361e-10,8.341322077498603e-11,1.0
6,4.227490194252904e-15,2.4010305462590642e-12,1.713172464133661e-12,6.908386085413554e-10,1.7764610962811567e-11,2.7595042570438544e-11,1.0
6,1.5488496173544225e-13,5.1363715364294293e-11,6.255120119785795e-12,1.763654822184435e-08,6.320692857997301e-10,6.58909524164919e-11,1.0
6,1.7444236972887633e-13,1.1890412265902484e-11,1.7937394191508416e-12,2.36749575499573e-09,4.5793868697074913e-10,1.6966927862682724e-11,1.0
6,2.0098701349058334e-12,1.8490753372901736e-10,1.767464299917698e-11,3.598938480564584e-09,3.82114695440805e-09,1.1163412555470487e-10,1.0
6,7.04321323485857e-11,1.5391578012113882e-09,2.559783773836699e-10,1.2132974624989856e-08,6.437144151050234e-08,8.107188254058428e-10,0.9999998807907104
6,1.6607911712540613e-09,1.678120575832054e-08,3.2245950354337083e-09,5.5106216478861825e-08,6.376094461302273e-07,8.642262017133362e-09,0.9999992847442627
6,4.4174947033681633e-10,1.0050399623651174e-07,6.439237143496257e-09,2.3873612420288737e-08,5.63118362606474e-07,6.063276547507712e-09,0.9999992847442627
6,1.101273960912863e-09,1.8861280182136397e-07,1.3259251474551093e-08,3.2158599339027205e-08,1.19384094432462e-06,2.3171631724494546e-08,0.9999985694885254
6,7.614436192682206e-09,3.279411657786113e-06,1.162834024626136e-07,7.671832946698487e-08,4.013052148366114e-06,2.9269894952221875e-08,0.9999924898147583
6,1.8416033142898414e-08,9.405977834830992e-06,4.286595967073481e-08,4.561673350167439e-08,6.499665687442757e-06,2.904845786133592e-08,0.9999839067459106
6,8.199651091445048e-08,9.86588293017121e-06,3.434362483289988e-08,1.8593301120972683e-08,1.6487065295223147e-05,2.837336232630605e-08,0.9999735355377197
6,4.250783902648436e-08,8.189639629563317e-06,2.4396884512611905e-08,2.4711932056220576e-08,6.596649473067373e-05,3.610842469470299e-08,0.9999257326126099
6,2.4519561492297726e-08,1.1695940429490292e-06,1.0264626482126005e-08,4.44116459163979e-08,2.5886871299007908e-05,3.1529655331041795e-08,0.999972939491272
6,1.1290999246682532e-08,2.017634948003888e-08,1.9192664124645376e-10,7.326076634228684e-09,4.667023858928587e-06,9.90273196777025e-09,0.9999953508377075
6,6.761523962950378e-08,1.3900670126076875e-07,1.0716394438503585e-09,4.47767796174503e-08,1.1674556844809558e-05,1.6498741928216987e-08,0.9999879598617554
6,1.2108577251979113e-08,3.569255113688996e-08,1.3076408011958307e-10,6.838551058763187e-08,4.3983222894894425e-06,1.1052440740400016e-08,0.9999954700469971
6,2.9451863170493198e-09,6.747412850671708e-09,1.4430317184233044e-11,1.1426839918726728e-08,6.825985678915458e-07,2.9544697799366304e-09,0.9999992847442627
6,6.598558144332856e-09,3.1187415316935585e-08,7.575744198629053e-11,3.839668138994057e-08,2.1683988506993046e-06,5.3664219734628205e-09,0.9999977350234985
6,7.982496441627518e-09,1.9387750072041854e-08,1.9979778248524482e-11,2.7365995691752687e-08,1.2779640883309185e-06,9.502725273335955e-10,0.9999986886978149
6,9.787762600410588e-09,4.05618720833445e-08,6.130722318697934e-11,1.3665457210265686e-08,1.8980300637849723e-06,2.6877333691999183e-09,0.9999980926513672
6,2.972778467835724e-09,6.176475775276913e-09,2.7790547640904606e-12,3.358751499149548e-09,7.247538746923965e-07,2.0442297854472713e-10,0.9999992847442627
6,1.919106651371294e-09,2.4240494056471107e-09,5.731580032634909e-13,2.6919233508948537e-09,6.232456826182897e-07,6.553283610211125e-11,0.9999994039535522
6,2.0447139537083103e-09,1.2974873397908482e-09,4.5393994552861416e-13,1.2477315847192472e-09,8.148508641170338e-07,5.789199675199086e-11,0.9999991655349731
6,1.026828222450149e-08,2.1243264924919458e-08,1.2606933726122538e-11,9.204287998443306e-09,2.926952902271296e-06,1.54728826973205e-10,0.9999970197677612
6,1.1168953539808513e-09,7.984435890229236e-10,8.092266006592963e-13,4.608695924890327e-10,2.1745363198988343e-07,2.4340829699043276e-11,0.9999997615814209
6,4.6643582329863875e-09,4.656340202302545e-09,9.567328179693746e-11,6.107419459056018e-09,3.1820599133425276e-07,2.1486247503421652e-10,0.9999996423721313
6,1.2320815478972236e-09,1.201102772796503e-09,1.7712605687725258e-11,1.5597682034851346e-09,8.851959876210458e-08,6.525509993471346e-11,0.9999998807907104
6,1.0283872420302487e-08,7.941139301692601e-09,1.6439802297263384e-10,2.8699360665740414e-09,2.7911696065530123e-07,2.135766841160347e-10,0.9999997615814209
6,1.7157686826863028e-08,1.4514289325973095e-08,7.953200875654431e-10,1.7215602277076414e-09,2.1108149894644157e-07,4.354371585524319e-10,0.9999997615814209
6,3.977230544904842e-09,2.5287917537752946e-08,7.634031740089142e-10,2.0685535506714814e-09,9.751076390784874e-08,4.6463671798946393e-10,0.9999998807907104
6,3.6271979864110904e-10,5.757892385105379e-09,3.9051037403758926e-10,1.458462656200865e-10,3.6999622921030095e-08,5.198426689112523e-10,1.0
6,2.1481257050925961e-10,2.204464610855439e-09,1.4795663305644524e-10,2.4688723287979997e-10,1.4310517215676555e-08,2.289006761913015e-10,1.0
6,2.2754383099954367e-10,1.54067048008244e-09,6.43726608476336e-12,3.06002029271113e-11,1.2238081126270117e-07,1.0241835851632075e-10,0.9999998807907104
6,3.018008412625228e-11,4.633304850898412e-10,3.291076178940644e-13,9.884910598390029e-12,6.360110660352802e-08,8.984705340830956e-12,0.9999998807907104
6,3.054282868286684e-11,1.609372857203084e-09,6.910708442130209e-13,1.6460012519647904e-10,4.364088823649581e-08,3.893378675012826e-12,1.0
6,8.797731987364443e-11,7.941701518632271e-09,1.4603686315783904e-11,1.95928659962874e-08,4.298181810469259e-09,8.297382919630891e-11,1.0
6,1.9324039257639924e-08,1.1281985479172363e-07,5.718825413225659e-09,6.243646453185647e-07,2.2158120671633696e-08,1.707961061470087e-08,0.9999992847442627
6,3.802670123231877e-10,5.737337271938259e-09,2.023240776305446e-11,4.9195407747504305e-09,4.6189668756468905e-10,3.036011997359367e-10,1.0
6,1.2493107937050496e-10,2.4638919793318337e-09,1.7254576240022246e-11,1.5402064068581467e-09,4.931215991099691e-10,5.840057326622627e-10,1.0
6,8.096769088528077e-11,2.4659887465361408e-09,1.5804805381103293e-12,2.4962887312796056e-10,4.179247170554845e-09,8.272478535520378e-11,1.0
6,1.609042933614635e-11,4.645164697336668e-09,4.596104313109306e-12,3.383673202739246e-11,2.813922650446443e-09,9.543547202506275e-11,1.0
6,1.1372434244316665e-10,8.567247355983909e-09,3.2028498776759395e-12,8.853381222584389e-11,1.0312103881915391e-07,6.371283362005542e-11,0.9999998807907104
6,9.275369805550326e-09,7.642648824912612e-08,6.937287966302108e-10,5.6395261793795726e-09,2.0283813739752077e-07,3.4911646906721217e-09,0.9999996423721313
6,3.217522429044273e-11,2.7062945662237325e-08,1.0658044542408152e-12,7.07141428746283e-11,8.710648202736593e-09,4.127670774622949e-11,1.0
6,4.364458239258795e-10,2.4770109519067773e-08,3.3018227908743203e-12,1.479899258693962e-10,1.2169925867056008e-07,9.543746348761317e-11,0.9999998807907104
6,1.5256111041139775e-08,2.0821651105507044e-06,1.190656107041832e-08,2.765550632943814e-08,2.1442349407152506e-07,8.085260461143662e-09,0.999997615814209
6,4.236946793412244e-08,2.2833542061562184e-06,1.0589145560402358e-08,2.4005618826095088e-08,2.729424579683837e-07,3.5889209382133913e-09,0.9999973773956299
6,1.4546125726155879e-07,1.307143975282088e-06,6.330424628941955e-09,8.720964217445726e-08,1.6073131519078743e-06,4.998874203465675e-09,0.9999967813491821
6,1.9849493160251086e-09,6.251300987969444e-08,1.2302817098408525e-10,1.6990878037859147e-08,3.1927260124575696e-07,1.7017617870429547e-10,0.9999995231628418
6,2.955986289077117e-10,2.0592683114273314e-08,2.6110317033478658e-11,2.6219038051777943e-09,1.534160674054874e-07,6.206089808724613e-11,0.9999998807907104
6,3.0911478932083014e-10,1.490890788602428e-08,1.5598144303963224e-11,5.584847584394481e-10,3.593219943809345e-08,8.174932952798031e-11,1.0
6,1.1608637662252619e-11,1.0697959185179684e-09,1.0668681649922407e-12,7.809299040761886e-11,8.886309466049624e-10,1.1622063554594941e-11,1.0
6,7.343093689528291e-13,2.102434615292026e-10,2.3282882512156572e-14,6.751114858122298e-12,9.200181588786549e-11,7.412594843492215e-13,1.0
6,1.0053027204096066e-12,1.3232148710073943e-10,2.2123198184422627e-13,3.494220190969344e-11,4.5641854878875066e-11,2.072472185185581e-12,1.0
6,2.6701354343718064e-13,6.853693307329323e-11,5.408898714798259e-15,2.4469766490842204e-12,4.088922256340055e-11,1.4751315945658872e-13,1.0
6,2.5207930361148545e-12,1.3641197893488055e-10,1.7120576874599114e-13,2.2865837695507096e-11,4.407833473218936e-11,2.0914418200762563e-12,1.0
6,5.114042002374308e-12,1.0649175985477655e-10,6.40326685988693e-14,1.9921318067384064e-11,3.9647677502197e-11,1.9201081696840205e-12,1.0
6,9.022000269261199e-13,7.5954216874341e-12,3.646354441668885e-15,1.1612667424887313e-11,1.827227822173705e-12,5.219618953635624e-14,1.0
6,3.4975722405100607e-12,9.814878076941369e-11,8.097776599659892e-14,1.0985661165474614e-11,1.6457869789210378e-11,5.095345261170448e-13,1.0
6,6.262960527796124e-13,1.5557891086537268e-10,1.168424081446351e-13,3.3120979917034e-12,5.403720439861592e-12,1.5133205018974527e-12,1.0
6,2.0172757561609522e-11,9.805747186453218e-11,3.4547807323259683e-12,1.2448384337226948e-11,9.226694061559293e-12,3.9383503402934394e-11,1.0
6,9.31926584513132e-12,1.0550589915614417e-11,6.399850809891972e-13,7.900248163994483e-12,1.0657820112558447e-12,1.42919183432344e-11,1.0
6,1.3104950284670291e-11,1.2944734260195156e-12,3.278789728871495e-13,1.5638470336407084e-12,2.9532333609832984e-12,2.1995818361153496e-11,1.0
6,1.4075067500396443e-11,6.520117562178185e-13,3.100674014419602e-13,1.5590551852989742e-12,7.991799496481766e-13,1.3244438532011849e-11,1.0
6,5.6331904418893686e-11,6.045314856345518e-12,5.275188922834739e-13,7.97687870618402e-12,2.5338854278689205e-12,1.5410717840724786e-11,1.0
6,7.594204778915703e-12,9.79676409440522e-13,6.250546141870622e-14,6.886050974222457e-13,5.053735750194799e-13,1.5065238553185756e-12,1.0
6,6.331231979656016e-12,2.2650322589745642e-11,4.2197826179493636e-14,2.5016913453995704e-12,3.9724261206852685e-12,1.0510353438270004e-12,1.0
6,2.7851710521220596e-11,4.6089082550437865e-10,5.88932277511417e-13,6.7644557490142976e-12,7.140850410980448e-11,8.188004961551254e-12,1.0
6,1.0841634881519902e-11,1.2541964133916395e-09,2.7004456613563543e-13,3.533263091826111e-12,6.526407192453121e-11,4.1722719029690936e-12,1.0
6,6.140382798579258e-13,3.9758560332892046e-10,1.2448627232394902e-14,3.174162050822299e-13,1.0342852442557504e-11,6.327872253963918e-13,1.0
6,7.190600198603292e-11,2.0833596181546454e-08,7.164567875604655e-13,2.376912468932124e-12,6.643717798127113e-10,1.5863978533592338e-11,1.0
6,7.985011957201138e-11,5.799853930454901e-09,5.042778260938574e-13,2.8218352134123936e-12,1.5796752794727809e-09,2.458922301884492e-11,1.0
6,2.6251925980269597e-12,9.89800515854844e-12,3.158149426585213e-15,3.317677621343662e-14,2.5514913098989567e-11,2.432337317670452e-12,1.0
6,1.077426776269208e-11,1.768119262113288e-10,1.8124453133927304e-15,4.410071957681831e-14,5.257555155124827e-11,4.793869836684783e-13,1.0
6,7.634047838322999e-10,1.4256873015483507e-08,3.949592660302398e-13,8.398016982345824e-13,3.3651277320245754e-09,2.212427810399653e-11,1.0
6,5.555005344604069e-10,6.259879725689643e-09,1.5609318308393294e-13,5.712287739177702e-13,3.7678998809909103e-10,2.9787979808487686e-12,1.0
6,4.123472674422146e-09,5.0014680397225675e-08,2.6809132171179417e-13,9.851365600013762e-13,7.771728149919e-09,3.3297260348258417e-12,1.0
6,1.4164545802941575e-07,9.575646799930837e-07,1.3548630099780024e-11,1.0313153976648781e-11,7.357753872838657e-08,5.522426266280078e-11,0.9999988079071045
6,4.108667539526323e-08,1.6499559762905847e-07,1.5802421220525997e-12,1.2052612597193701e-12,4.8384340090024125e-08,1.0000494356232625e-11,0.9999997615814209
6,4.0123644851064455e-08,3.620749282617908e-07,8.514790435232289e-12,3.875743042475177e-12,4.6287151889146116e-08,5.922420887038982e-11,0.9999995231628418
6,4.474963066769533e-09,2.930827136538028e-08,2.6497757438757874e-13,3.753676785633181e-13,3.803044279493406e-08,9.556347033146118e-12,1.0
6,1.3243416363550864e-09,1.1885170181358262e-08,2.4946711363327267e-13,5.371666111052276e-13,4.127315023083611e-08,1.0334117242494223e-11,1.0
6,9.2636465165441e-10,2.4442514678924e-09,6.646099686216655e-14,5.308536813256048e-13,1.3096898676678848e-08,2.991232695565005e-12,1.0
6,4.670571152054492e-10,3.052952113336005e-09,8.814615839536702e-14,2.9840509945845695e-13,8.983246146954116e-09,2.1723714407201333e-12,1.0
6,3.2993416887450167e-09,9.091461805610379e-09,3.8965415638005096e-13,1.0715484489304261e-12,3.3360834095219616e-08,8.662173409113016e-12,1.0
6,1.1582832609713378e-10,1.0521997856338672e-10,2.926115296245091e-14,1.934129939540341e-13,2.2761776907742615e-09,1.4223924772391316e-12,1.0
6,2.2882602757068327e-10,4.38507985478509e-09,6.192553522917088e-14,3.809415619320661e-13,2.353755412798364e-08,3.4970186468807896e-12,1.0
6,2.2654696174573274e-10,1.1291626522691445e-09,6.222509351316505e-14,1.095625434995029e-12,3.5700187250853332e-09,2.351094362598727e-12,1.0
6,4.010929435804833e-11,1.4505255330199418e-10,2.7610529693741087e-14,1.1425866763142833e-12,5.748945208772227e-10,1.39746666929369e-12,1.0
6,4.059439590031744e-11,2.972885132512815e-11,1.8513055332985105e-14,4.758106343823176e-13,2.6091565019648044e-10,1.5999619164264178e-12,1.0
6,2.011312123795239e-12,1.2027958490312685e-11,1.3212980446634763e-14,2.3140557937721684e-13,1.6334995855959988e-11,3.7459670239846365e-13,1.0
6,1.6049210571633665e-10,9.001933226615577e-11,1.1541155943255166e-13,3.898951907860271e-12,2.6208776815472845e-10,6.975439106535197e-13,1.0
6,2.2727666970645544e-10,4.343578621779365e-11,3.1138725495663544e-13,6.266452634573483e-12,6.225144844052011e-10,3.1866781349115803e-12,1.0
6,5.679072143105479e-11,7.07944076625e-12,1.0135850356729134e-13,1.7252987233318251e-12,5.516043177777874e-11,2.544098612333734e-12,1.0
6,7.607531271602852e-11,2.7867105324708152e-12,4.787747889117844e-13,4.442927796499685e-12,1.0614654988305716e-11,5.031069744837469e-12,1.0
6,2.550028244119318e-10,1.55487758085604e-11,2.247091401841317e-12,7.215821690165214e-12,2.4498451878240957e-11,1.27412802530813e-11,1.0
6,3.08112951818984e-10,1.838636361217727e-11,5.780305704569666e-13,2.804482557641763e-12,1.5170869768765805e-11,2.390661670362282e-12,1.0
6,2.2620141870710597e-11,1.7077632710749135e-12,1.0699120490389666e-13,3.7335908561857145e-13,2.6563805408802432e-12,8.591432686805289e-13,1.0
6,2.3012158845148178e-10,1.42454437135342e-10,2.4770582720406997e-12,1.077198660132117e-11,6.514715850114428e-11,3.340897003489829e-12,1.0
6,1.9366948322829813e-10,6.951419301293171e-11,3.3010738240135673e-12,4.501940920748071e-12,2.0293598745890762e-10,1.1694598414657698e-11,1.0
6,2.1066713911527257e-12,1.1972401152068879e-12,2.1962092517854859e-13,4.2213384480668803e-13,1.2947129262794177e-12,1.2127907185466302e-12,1.0
6,2.907209195601723e-12,2.0218790183768043e-11,3.0348840844920955e-13,1.6331031579136512e-12,3.941296247700343e-11,8.100592137176565e-13,1.0
6,8.28300210538313e-13,1.0213282043008975e-13,2.058704599752336e-14,8.340195396285e-14,3.1608359592899538e-12,5.210539573592687e-13,1.0
6,5.26727641537994e-13,2.863653866987115e-13,2.188779934275448e-15,6.21383912206841e-14,5.274668722632381e-12,4.7613361820950106e-14,1.0
6,5.038790999029041e-12,3.9252151876056907e-13,2.4589703577905346e-14,2.685679369868188e-12,1.8423469347328414e-11,3.549524769160678e-14,1.0
6,9.151168321383518e-13,1.5130001201554832e-12,4.105260057711438e-16,7.166331330438203e-13,3.812850729589812e-11,9.369400947703056e-16,1.0
6,8.196708936591968e-12,9.278525864298004e-12,1.9816351047607407e-14,5.499851876006323e-12,5.616529116792002e-11,7.51225186115638e-14,1.0
6,1.791067849588046e-10,4.25760315891921e-10,8.173520996308803e-13,3.178484905830281e-11,1.4504544232352146e-09,1.7180415076700761e-12,1.0
6,7.249301419570697e-12,1.5232993755276425e-09,4.9811890723283625e-12,1.1360137656957203e-11,8.210231799976597e-11,3.772383013606051e-12,1.0
6,1.2810624956671735e-12,5.7888982496479e-10,2.4853414465342283e-11,6.2877879986045215e-12,6.631648702404291e-11,3.212567711852188e-11,1.0
6,1.2445415357997813e-11,4.1720352866869703e-11,1.3233832432679726e-11,9.588134106119917e-12,5.711497941263133e-11,3.570442119044115e-12,1.0
6,1.842560175616126e-12,9.26156503919251e-13,8.456335458262298e-12,4.082094037793915e-12,4.433066327219626e-12,1.7922175245613237e-12,1.0
6,2.8299107848739347e-11,5.723214870773097e-13,3.4702665185903925e-09,3.131626902241891e-10,8.114966337791074e-11,3.4482521005241296e-11,1.0
6,7.56296284279423e-13,9.72363533549743e-14,2.043407630603067e-11,1.905402918778165e-11,1.044568685021341e-11,3.10710929641439e-13,1.0
6,4.301977440945848e-08,3.011344507086733e-09,1.749680632201489e-05,4.1721790466908715e-07,1.0895067248384294e-07,3.411461113600467e-09,0.9999818801879883
2,0.0002952664508484304,1.1621343219303526e-05,0.995044469833374,0.0004352914111223072,1.6414912806794746e-06,1.1203881911114877e-07,0.004211507271975279
2,1.4272932276071515e-06,2.2148892497853012e-08,0.9999603033065796,4.13525958720129e-06,6.223512372116602e-09,3.376690926870651e-08,3.4055105061270297e-05
2,2.4924743158294405e-08,1.1057756488241921e-08,0.9999842643737793,9.294384653912857e-06,5.145019965624442e-10,3.481581911657372e-09,6.411006324924529e-06
2,8.230869639191951e-07,1.9547073293324502e-08,0.999987006187439,1.0328190910513513e-05,1.0548651951935994e-09,3.575253204601836e-09,1.8183616248279577e-06
2,2.1267766214805306e-08,3.5155409694453965e-09,0.9999958276748657,3.6412718600331573e-06,9.16653003502077e-11,1.1547233169650895e-09,5.13017312187003e-07
2,1.3787305306323105e-06,1.1724328885520663e-07,0.9996349811553955,0.000358816992957145,1.0993508325896073e-08,6.449582534706622e-10,4.607674327417044e-06
2,6.789572921661602e-07,4.9439940141837724e-08,0.9999109506607056,8.491719199810177e-05,3.422238936678923e-09,8.96529128713297e-10,3.2841858228493948e-06
2,8.666312965033285e-07,2.3824635775326897e-07,0.9996322393417358,0.00034944736398756504,1.641964786358585e-08,2.153678124727776e-09,1.7224414477823302e-05
2,3.04057472533259e-08,3.1235160236064985e-08,0.9999672174453735,2.9154232834116556e-05,7.62195473402727e-10,3.005006243839148e-09,3.56663326783746e-06
2,1.7574150490418106e-07,6.121699414052273e-08,0.9999313354492188,5.2445862820604816e-05,5.48747447481901e-09,2.2287883538751885e-08,1.584100209583994e-05
2,3.0077147439300234e-09,6.606117874952133e-09,0.9999849796295166,1.2648752999666613e-05,2.3995319620162547e-10,1.6836034788525467e-09,2.3860138753661886e-06
2,2.0462890049088855e-08,2.747569505245906e-09,0.9999866485595703,1.1305431144137401e-05,4.691588784133671e-10,4.836651523731916e-09,2.0710876924567856e-06
2,8.215920388465747e-07,2.17760938170386e-08,0.9997054934501648,0.0002906572772189975,2.290313005914868e-08,2.5912237688885398e-08,2.958488948934246e-06
2,1.5216641031656764e-06,2.4044405577683392e-08,0.9987192153930664,0.0012709597358480096,8.447181443216323e-08,6.760844684094991e-08,8.219702067435719e-06
2,1.1642139696732556e-07,7.54147588821752e-09,0.9989159107208252,0.0010736053809523582,3.547900107037094e-08,3.865124398316766e-08,1.0326165465812664e-05
2,1.7491711901129747e-07,5.683250536847595e-10,0.9999758005142212,2.083111940009985e-05,5.537979408387628e-09,3.7027200505690416e-07,2.709036380110774e-06
2,8.457120515004135e-08,5.016544402103307e-10,0.9999954700469971,2.8601466510735918e-06,1.1714046399546874e-09,7.898119491756006e-08,1.456633981433697e-06
2,2.7559677207023014e-08,1.2414983485697917e-09,0.9999921321868896,6.0301367739157286e-06,6.77692235662164e-10,6.00487481960954e-08,1.787395603969344e-06
2,2.4534855924684962e-08,1.3761014550084383e-09,0.9999765157699585,1.8557017028797418e-05,8.817536700789219e-10,1.3331593606835668e-07,4.7919011194608174e-06
2,4.7558494919996974e-09,2.506873597596382e-09,0.9999926090240479,5.7635388657217845e-06,2.961986489413704e-10,1.5615547743763614e-09,1.7122715689765755e-06
2,8.641934390318795e-10,1.9054269273510727e-09,0.9999963045120239,2.66359097622626e-06,7.706873333956921e-11,7.058509332580343e-10,1.0277101409883471e-06
2,4.8054720203083434e-09,8.220800151725882e-10,0.999996542930603,2.569799562479602e-06,9.124323518960864e-11,1.3265870624223908e-09,7.857733521632326e-07
2,4.411392140468706e-08,2.425648126802571e-09,0.9999872446060181,1.0038190339400899e-05,3.5111266671883357e-10,1.2455718678694438e-09,2.780535396595951e-06
2,9.546852197672706e-07,1.2777657154572353e-08,0.9999788999557495,1.5349642126238905e-05,4.168435818741045e-09,8.666184214689565e-09,4.766943220602116e-06
2,3.6103026559430873e-06,6.569850796722676e-08,0.9999229907989502,4.7373399866046384e-05,1.6377999401129273e-08,1.3269937149118505e-08,2.600801599328406e-05
2,3.0759686069359304e-06,3.1617605600331444e-07,0.9998607635498047,5.8955902204615995e-05,2.468022763935096e-08,4.42428209623813e-08,7.681199349462986e-05
2,5.892972694709897e-06,3.140184787753242e-07,0.9999160766601562,4.807409641216509e-05,3.558110250878599e-08,1.4455610930497187e-08,2.9592096325359307e-05
2,5.002279408472532e-07,1.0654562032641479e-07,0.9999433755874634,4.711385918199085e-05,2.838364432378171e-09,2.5684874227493992e-09,8.939354302128777e-06
2,4.850493951380486e-06,2.2498700502637803e-07,0.9999476671218872,3.603544973884709e-05,5.009815673417961e-09,8.048700372853546e-09,1.1210608136025257e-05
2,1.7634847893077676e-07,2.1322005494539553e-08,0.9999946355819702,4.154244834353449e-06,2.7848176542555336e-10,1.879181033004329e-09,1.1156754453622852e-06
2,2.1434293273614458e-07,6.831577792354437e-08,0.9999823570251465,1.3986536032462027e-05,4.0202657869414793e-10,9.843694748212783e-10,3.3786307085392764e-06
2,4.916049078929063e-07,2.0141639467397e-08,0.9999880790710449,8.765874554228503e-06,1.241440700239238e-10,1.08760633832361e-09,2.6576292384561384e-06
2,8.540702367554331e-09,1.592265874705845e-08,0.999994158744812,5.023566700401716e-06,6.348624403962333e-11,2.9356689301707206e-10,8.272700142697431e-07
2,1.2033655183429914e-09,4.5692658545704035e-09,0.9999994039535522,4.765342964674346e-07,5.515037645315024e-12,3.35056010714041e-10,1.0212917089802431e-07
2,8.157351238935462e-09,4.807089837299827e-09,0.9999994039535522,4.159201694164949e-07,6.828737228459225e-12,7.156557013665577e-10,6.450796519175128e-08
2,4.4284126943239244e-07,2.9413580904247283e-08,0.9999990463256836,3.1846718684391817e-07,9.926694882755882e-12,5.5246460739510894e-09,1.7538421559493145e-07
2,1.6649173630867153e-06,2.016500921797615e-08,0.999997615814209,4.6630901806565817e-07,9.786138045753123e-12,9.259813360529279e-09,2.324036074696778e-07
2,3.265106215621927e-06,7.365745346987751e-08,0.999995231628418,7.009322757767222e-07,1.092519824608118e-11,1.3716468849622743e-08,6.789950930397026e-07
2,7.479489028128228e-08,1.4316300145367222e-08,0.9999996423721313,1.2479213751248608e-07,1.714050993154026e-12,1.2871633536803984e-08,1.0337742395449823e-07
2,7.269346679095179e-05,1.1716777237325005e-07,0.9999223947525024,1.770722633409605e-06,5.803373337442963e-10,2.5812246917666926e-07,2.770426817733096e-06
2,4.165275640843902e-06,1.0517128146148025e-07,0.9999876022338867,5.21181073054322e-06,5.642833977859141e-10,2.93492888658875e-07,2.5780557280086214e-06
2,0.00014648688375018537,1.9179817911663122e-07,0.9998469352722168,2.6866189273277996e-06,9.269209289008984e-10,3.3642695029811875e-07,3.352366547915153e-06
2,1.679533852438908e-06,2.214213594697867e-07,0.9999933242797852,1.2364091617200756e-06,8.253889932641201e-11,2.8867250989605964e-07,3.1796782877790974e-06
2,4.834386345464736e-06,2.2282256395556033e-06,0.9999840259552002,3.3014596283464925e-06,2.6501162375680565e-10,2.278290367030422e-06,3.3476055705250474e-06
2,6.3282650444307365e-06,4.770974555867724e-06,0.9999754428863525,2.419814563836553e-06,2.8930022266671074e-10,1.898466734928661e-06,9.184225746139418e-06
2,1.7105253391491715e-07,2.8182153073430527e-06,0.99998939037323,2.3593311198055744e-06,5.309904599348769e-11,5.872558972441766e-07,4.755614099849481e-06
2,0.0050108591094613075,2.048585520242341e-05,0.9947983026504517,0.00010097867925651371,7.573425442330972e-09,2.07620450964896e-06,6.718885560985655e-05
0,0.9992709755897522,3.614124750583869e-07,0.0007256249664351344,2.6937145776173566e-06,9.295148650778629e-09,1.0272717787529473e-07,1.7680044095413905e-07
0,0.9992111921310425,6.225271249604702e-07,0.0007865661173127592,1.1863943427670165e-06,1.2467847199104654e-08,1.586096374239787e-07,1.5807130182565743e-07
0,0.9996516704559326,7.386568654510484e-07,0.0003438822168391198,3.2736325010773726e-06,5.658984036926995e-08,2.517869859275379e-07,1.1805678923337837e-07
0,0.9993707537651062,2.0559991753543727e-06,0.000622276624199003,3.989633114542812e-06,9.001981027267902e-08,5.741129598391126e-07,1.8380228539172094e-07
0,0.999932050704956,1.7971897250390612e-06,5.6863344070734456e-05,8.708632776688319e-06,1.3248923380615452e-07,1.8648263733211934e-07,2.4257317932097067e-07
0,0.9999654293060303,8.874582704265777e-07,3.0251288990257308e-05,3.2570223993388936e-06,6.197463164880901e-08,7.431141568758903e-08,7.486026731839956e-08
0,0.9999840259552002,7.052270234453317e-07,8.561750291846693e-06,6.525970547954785e-06,8.563162623431708e-08,4.04377082929841e-08,4.66327314541104e-08
0,0.9999932050704956,4.880111532656883e-07,3.7193776734056883e-06,2.657424829521915e-06,1.5668732089579862e-08,9.924456811916116e-09,3.0983432708353575e-08
0,0.9999905824661255,2.504017970750283e-07,8.029866876313463e-06,1.1165257092216052e-06,8.832393483260148e-09,2.065157111985627e-08,1.6178899997498775e-08
0,0.9999938011169434,7.388882039549571e-08,5.566054824157618e-06,5.194175969336357e-07,4.301197620293351e-09,4.244389018026595e-08,2.863980608225347e-09
0,0.9999947547912598,1.1295338708805502e-07,3.0185126433934784e-06,2.1258256310829893e-06,1.966247076268246e-08,2.425028888808356e-08,3.431624762129104e-09
0,0.9999920129776001,1.1891918205719776e-07,5.929786652814073e-07,7.236411420308286e-06,3.7689083853820193e-08,7.075223962260679e-09,8.69762484256853e-10
0,0.9999967813491821,8.849535504396044e-08,3.794415022184694e-07,2.820411509674159e-06,7.677672719808015e-09,3.283497918005196e-09,9.464288242000407e-10
0,0.9999771118164062,2.1488295942617697e-07,2.973105665660114e-06,1.9516901375027373e-05,6.553510445428401e-08,1.1135203870082933e-08,2.15794559998983e-09
0,0.9999947547912598,1.363888344485531e-07,6.378175498866767e-07,4.548851393337827e-06,5.22921368428797e-08,4.993460755997603e-09,2.2466417615163436e-09
0,0.9999629259109497,2.4344578264390293e-07,1.9392891772440635e-05,1.7117889001383446e-05,1.5339357162247325e-07,1.9737943546260794e-07,8.933840334179877e-09
0,0.9999738931655884,1.5521260365858325e-07,2.353394665988162e-05,2.0100865185668226e-06,5.876627540146728e-08,3.371631294157851e-07,1.0848960840803556e-08
0,0.9998672008514404,3.511457009608421e-07,0.0001292134984396398,2.712167088247952e-06,3.3952787248381355e-08,4.245781042300223e-07,1.0913075954022133e-07
0,0.9998888969421387,1.4356837709783576e-06,0.00010528588609304279,2.666489308467135e-06,8.006539076177432e-08,6.951662498977385e-07,8.727765816729516e-07
0,0.9999886751174927,7.664779673177691e-07,6.807379691053939e-07,4.357840452939854e-07,1.6819519998989563e-07,3.523721048281914e-08,9.30659552977886e-06
0,0.9999845027923584,1.6360422705474775e-07,1.4649647710029967e-05,4.546442937680695e-07,3.6719578488941806e-09,6.99169291351609e-08,1.8991620720498759e-07
0,0.999996542930603,4.876475223625221e-09,3.3787205211410765e-06,6.696089371871494e-08,3.0356772651174424e-10,2.5100328926441762e-08,6.728678725309578e-10
0,0.9999978542327881,1.8542756663464388e-08,1.970508947124472e-06,7.510181632142121e-08,4.0270609069636976e-09,2.8153944953146492e-08,2.215055916465758e-09
0,0.9999507665634155,8.065775887189375e-07,4.64943987026345e-05,1.456515974496142e-06,1.4408965398615692e-07,1.6007815872853826e-07,2.7563231697058654e-07
0,0.9999991655349731,8.1830648923642e-08,5.836075160914334e-07,1.7625228565520956e-07,2.4984267987804287e-09,1.449623532323585e-09,4.099569039794915e-08
0,0.9999289512634277,4.91333082663914e-07,7.020077464403585e-05,2.524691069538676e-07,4.322432189951542e-09,6.019459419803752e-08,8.609375434787125e-09
0,0.9999520778656006,3.316717425150273e-07,4.570693272398785e-05,1.3272310752654448e-06,1.0665125671494025e-07,4.025121995709924e-07,3.165318318565369e-08
0,0.9999504089355469,1.9389892713661538e-07,4.664071093429811e-05,1.4244765225157607e-06,1.3061058723451424e-07,1.1201292409168673e-06,4.629150041068897e-08
0,0.9999637603759766,1.954323778363687e-07,3.088665835093707e-05,4.036465270473855e-06,2.2705106061948754e-07,4.155861859089782e-07,4.208733059840597e-07
0,0.9999362230300903,2.0123611932376662e-07,6.212676817085594e-05,9.304913533014769e-07,1.6001104441443204e-08,1.6736764507641055e-07,3.165906719004852e-07
0,0.9998793601989746,1.6503720416949363e-06,0.00010241092240903527,5.95598976360634e-06,2.194534772570478e-06,7.280591489688959e-07,7.764246220176574e-06
0,0.9998366832733154,8.899152135199984e-07,0.0001541648671263829,3.927530997316353e-06,5.308567665451847e-07,1.3535841389966663e-06,2.4068053789960686e-06
0,0.9999951124191284,1.2710628993772843e-08,4.681854079535697e-06,1.675378342724798e-07,2.5016018145862517e-09,6.533296925681498e-08,1.2720208886207729e-08
0,0.9999947547912598,1.3380256014272618e-08,4.437324150785571e-06,3.7427838606163277e-07,6.834540045019821e-09,8.183294397667851e-08,2.8890156045235926e-07
0,0.9999837875366211,4.327470382037291e-09,1.4975691556173842e-05,4.023322901502979e-07,3.2002631655814184e-09,2.525874549519358e-07,5.426363145488722e-07
0,0.9999871253967285,5.814066561526943e-09,1.1321189049340319e-05,9.591454954716028e-07,6.431536192508247e-09,2.2061165338982391e-07,3.481256669601862e-07
0,0.999990701675415,9.685697577310748e-09,6.919267889315961e-06,1.4434663171414286e-06,4.5037204188247415e-08,7.352549005190667e-07,2.1041932996013202e-07
0,0.9999895095825195,1.9057919686815694e-09,8.064284884312656e-06,1.0678526223273366e-06,2.9051557604020672e-08,1.3626701047542156e-06,2.507349883273946e-08
0,0.999993085861206,9.951669488472703e-10,3.7099182463862235e-06,3.002122355155734e-07,3.255935254742326e-08,2.8728159122692887e-06,2.3494184375749683e-09
0,0.9999867677688599,2.5659743219108577e-09,5.571974725171458e-06,7.77178797761735e-07,2.68436252781612e-07,6.566605861735297e-06,4.293888355988429e-09
0,0.9999747276306152,2.772369001036168e-08,1.886399695649743e-05,2.135009026460466e-06,3.025661499123089e-07,3.962205482821446e-06,1.9102555981476144e-08
0,0.9999936819076538,1.885454903316486e-09,3.5016694255318725e-06,4.610851078723499e-07,6.000327346100676e-08,2.22735707211541e-06,1.7852626044145836e-09
0,0.9999921321868896,3.4025087192190995e-09,4.7157395783870015e-06,1.5061287967910175e-06,6.333176116868344e-08,1.4708521121065132e-06,4.0012664292987665e-09
0,0.9999837875366211,1.0993143062520971e-09,4.701621946878731e-06,8.747811079956591e-07,1.1610144667884015e-07,1.0465470040799119e-05,1.942895799800226e-08
0,0.9999867677688599,1.621107914573372e-09,3.780822908083792e-06,7.419627650051552e-07,1.46408410728327e-07,8.556868124287575e-06,1.522156090061344e-08
0,0.99992835521698,1.642231950427231e-08,3.838133125100285e-05,2.427383151371032e-06,2.8231906412656826e-07,3.052055762964301e-05,3.094262623903887e-08
0,0.9999865293502808,2.1963652230283515e-08,1.044919372361619e-05,8.602804655311047e-07,3.9901802750819115e-08,2.0803954612347297e-06,5.5000271004246315e-09
0,0.9997071623802185,1.384472170684603e-06,0.00028185194241814315,6.698916422465118e-06,3.4663040082705265e-07,2.322622322026291e-06,2.691311067337665e-07
0,0.9993970394134521,5.169055839360226e-06,0.0005802566302008927,1.4054877283342648e-05,2.1675336370208242e-07,1.7814696775531047e-06,1.5236701074172743e-06
0,0.9996228218078613,3.860474862449337e-06,0.0003627362893894315,5.5024884204613045e-06,1.5574103429116803e-07,1.2771706678904593e-06,3.6721025935548823e-06
0,0.9998852014541626,1.713427081995178e-06,0.00010553300671745092,6.5434346652182285e-06,1.8966044024182338e-07,3.289105166004447e-07,4.1288788565907453e-07
0,0.9996519088745117,9.331709406978916e-06,0.0003081626782659441,2.7066496841143817e-05,1.4079305401537567e-06,1.008420667858445e-06,1.0879031151489471e-06
0,0.9999079704284668,1.7825420854933327e-06,7.659514812985435e-05,1.2386859452817589e-05,4.4652205133388634e-07,7.253424314512813e-07,9.313878734928949e-08
0,0.9999221563339233,6.066750756872352e-06,6.114855204941705e-05,9.295562449551653e-06,4.2072619521604793e-07,4.413430190197687e-07,3.673553692351561e-07
0,0.9992901086807251,4.4323565816739574e-05,0.00057203508913517,8.256972796516493e-05,1.3243503644844168e-06,2.2783383428759407e-06,7.415218988171546e-06
0,0.9964052438735962,2.529263474571053e-05,0.003521677805110812,4.200993134872988e-05,1.5496519267799158e-07,2.8995534648856847e-06,2.760663619483239e-06
0,0.99836665391922,5.955474989605136e-06,0.0016098496271297336,1.5738154615974054e-05,7.717445527077871e-08,1.3068489579382003e-06,4.010286716038536e-07
0,0.998651921749115,1.985281642191694e-06,0.0013327515916898847,1.2106045687687583e-05,4.013290677562509e-08,1.1321583315293537e-06,1.1652489462221638e-07
0,0.9995193481445312,2.062145540548954e-06,0.00047386737423948944,3.6753131098521408e-06,3.090585209974961e-08,8.684800718583574e-07,2.1026281160629878e-07
0,0.9998663663864136,4.5769266421302746e-07,0.00013118550123181194,1.7222182577825151e-06,1.073465316636657e-08,2.21014175849632e-07,1.9653088045856748e-08
0,0.9998482465744019,7.049645205370325e-07,0.00014473407645709813,6.021873559802771e-06,1.2896591350397557e-08,1.8564303161383577e-07,8.13164149349177e-08
0,0.9993851184844971,4.389508831081912e-06,0.0005891523906029761,1.7849355572252534e-05,6.684673081736037e-08,4.312738042244746e-07,2.959956191261881e-06
0,0.9997847676277161,5.255587325336819e-07,0.00020376394968479872,1.0193582966167014e-05,6.572012978267594e-08,3.2093231538965483e-07,3.0226445346670516e-07
0,0.9999480247497559,8.936506645795816e-08,4.4813594286097214e-05,6.803965334256645e-06,2.862141812443042e-08,2.057441008673777e-07,1.0292876773121407e-08
0,0.9999892711639404,1.7214847503055353e-07,7.96793756308034e-06,2.5890562938002404e-06,1.4749198307129063e-08,3.301126838550772e-08,1.6455835805118113e-08
0,0.9999086856842041,1.6479260693813558e-06,5.6917135225376114e-05,3.201732397428714e-05,5.23525010009962e-08,6.589785783717161e-08,6.753618890797952e-07
0,0.9999732971191406,7.677170970055158e-07,1.9778162823058665e-06,2.3158556359703653e-05,5.813310508528957e-07,8.98566696605485e-08,1.729461160948631e-07
0,0.9999516010284424,6.288702479650965e-06,3.4262761801073793e-06,3.57605422323104e-05,1.8827300891643972e-06,6.931777107865855e-08,9.50220226059173e-07
0,0.9999574422836304,3.9486812966060825e-06,1.1227152754145209e-05,2.5919722247635946e-05,5.990975182612601e-07,1.494288426329149e-07,7.304047926481871e-07
0,0.9999910593032837,1.01531134077959e-06,3.29706324464496e-07,4.730021828436293e-06,2.146665110558388e-06,6.854636325215324e-08,6.066483706490544e-07
0,0.9999759197235107,1.1725035165000008e-06,1.4878190086164977e-05,7.734611244814005e-06,5.0503416559877223e-08,1.290134434839274e-07,9.366105047092788e-08
0,0.9999731779098511,3.69449344361783e-06,1.065846754499944e-05,1.2053531463607214e-05,1.036176939805955e-07,1.4086239730204397e-07,1.977217181092783e-07
0,0.9999566078186035,4.393854396766983e-06,3.213210220565088e-05,6.172158464323729e-06,7.133186841201677e-08,2.6219831283924577e-07,2.777758538741182e-07
0,0.9999330043792725,1.0260797353112139e-05,5.040359974373132e-05,5.808391051687067e-06,3.071304277568743e-08,1.7995641599100054e-07,4.020449182462471e-07
0,0.9998981952667236,1.1445027666923124e-05,8.243564661825076e-05,7.243616892083082e-06,3.227839684427636e-08,2.2445597380738036e-07,3.608906524732447e-07
0,0.9998340606689453,7.752501005597878e-06,0.00015146117948461324,5.775917543360265e-06,2.0916932186310078e-08,5.240765972303052e-07,4.252476060173649e-07
0,0.9999707937240601,2.1205769371590577e-06,2.2974400053499267e-05,3.7122283629287267e-06,1.4829714345410139e-08,2.6522621965341386e-07,1.4572157169823186e-07
0,0.9999861717224121,1.2519795973275905e-06,8.137628356053028e-06,4.159141099080443e-06,3.1986306936460096e-08,1.3943130738880427e-07,1.4392692548881314e-07
0,0.9999895095825195,8.332600600624573e-07,5.432437433228188e-07,8.784206329437438e-06,2.881317868741462e-07,2.581638192111768e-08,4.7697998439844014e-08
0,0.9999918937683105,6.880974865453027e-07,1.310385300712369e-06,5.908789262321079e-06,1.1999586035926768e-07,5.1519677413125464e-08,2.67753073046606e-08
0,0.9999721050262451,3.6081805774301756e-06,1.9043345673708245e-05,4.603179604600882e-06,8.14230318724185e-08,2.502792426639644e-07,2.1845049502644542e-07
0,0.9999815225601196,9.65851882028801e-07,8.042501576710492e-06,9.221071195497643e-06,7.307627214458989e-08,1.0800797412002794e-07,2.1550029316586006e-08
0,0.9999833106994629,7.431987683048646e-07,1.111753772420343e-05,4.745446403831011e-06,2.609862193025947e-08,1.0759487878431173e-07,5.106147060729427e-09
0,0.9999693632125854,1.2847146990679903e-06,2.4979164663818665e-05,4.18252648159978e-06,1.6112101874909968e-08,1.2239200941621675e-07,2.5575953799261697e-08
0,0.9999885559082031,8.793454071565066e-07,6.524674518004758e-06,3.011340368175297e-06,4.558206967431033e-08,4.449730184319378e-08,9.326811891696707e-07
0,0.9998704195022583,4.720096512755845e-06,1.812163532122213e-06,8.83726079337066e-06,9.908741276376531e-07,9.871236272829265e-08,0.0001130928794736974
0,0.9999946355819702,8.478211270812608e-07,9.556785016684444e-07,3.2940156415861566e-06,8.197416434541083e-08,2.532871867799713e-08,1.4952921389976837e-07
0,0.999916672706604,1.4615988220612053e-05,5.2296782087069005e-06,1.3350707376957871e-05,3.672973036827898e-07,9.730423755627271e-08,4.972329406882636e-05
0,0.999984622001648,6.582592504855711e-06,1.2088727316950099e-06,4.763921424455475e-06,9.402897660493181e-08,2.3464890475111133e-08,2.7693524771166267e-06
0,0.9999891519546509,1.3979718005430186e-06,4.8719471124059055e-06,4.441677447175607e-06,3.19060333708876e-08,2.3833333528955336e-08,9.949857115998384e-08
0,0.9999967813491821,1.573651218222949e-07,2.749882014541072e-06,3.3049525427486515e-07,3.7807756925190006e-09,2.6162817690078555e-08,2.195042148045445e-09
0,0.9999933242797852,1.7719588640829897e-07,4.4117641664342955e-06,1.992267925743363e-06,3.293467543130646e-08,5.6832043071608496e-08,5.775672384800146e-09
0,0.9999995231628418,1.6128760549349863e-08,1.5968525701737235e-07,3.556010597094428e-07,5.976259487283642e-09,1.3253802499946232e-08,2.5606475273498575e-10
0,0.9999932050704956,8.84322659544523e-08,2.509931391614373e-06,4.1971588871092536e-06,1.2324782083794616e-08,1.743700828171768e-08,5.63411450826834e-09
0,0.9999990463256836,4.8572001531965725e-08,5.3675883293635707e-08,7.092108944561915e-07,2.0975713255211303e-07,7.953365965818193e-09,1.399387938860741e-09
0,0.9999997615814209,6.091525062146275e-10,3.626170297366116e-08,2.445027575959102e-07,1.2056822207284768e-08,6.5595076037539e-09,2.028795575981235e-09
0,0.9999936819076538,1.3435455414878561e-08,1.1214475534870871e-06,4.081979113834677e-06,3.5518178265192546e-07,6.888340067234822e-07,1.5732045000049766e-08
0,0.9999949932098389,2.2093109564025326e-09,3.400014634280524e-07,3.8128086998767685e-06,2.0579319937041873e-07,6.112915684752807e-07,1.1939003563554706e-08
0,0.9999998807907104,1.2784560736445183e-11,1.5666623554011494e-08,1.2132136362197343e-07,3.813632076798967e-09,2.5120669988609734e-08,4.820404964078762e-09
0,0.9999988079071045,2.2034392366254707e-10,2.2963608614645636e-07,3.640413126504427e-07,3.00349825010926e-08,5.579914272857422e-07,1.9613557000752735e-08
0,0.9999990463256836,1.995794196574252e-09,3.702689639339951e-07,1.8769972598420281e-07,5.051565921121437e-08,4.4260943354856863e-07,6.09654549066363e-09
0,0.9999984502792358,2.020347666942257e-09,9.879597655526595e-07,2.8948616659363324e-07,1.8802541745799317e-08,3.345670336329931e-07,1.786212067145243e-08
0,0.9999990463256836,9.622651564455964e-10,5.635926640934485e-07,1.622201182271965e-07,3.2928946236410184e-09,1.5180756918198313e-07,7.82671150112435e-10
0,0.9999983310699463,1.5233838634998165e-09,1.4045673424334382e-06,9.09106958602024e-08,3.0320908006586933e-09,1.847280799438522e-07,1.3644043672655926e-09
0,0.9999991655349731,2.1757970425362316e-10,3.1628709962205903e-07,2.1904511982029362e-07,5.077771536576847e-09,2.119408861744887e-07,6.847745703808528e-10
0,0.9999985694885254,3.365641099151162e-10,6.002860573062208e-07,3.501837966268795e-07,8.150423447261801e-09,4.3911751390623976e-07,1.4254019076176405e-09
0,0.9999948740005493,2.4883323179736294e-10,3.7696833032896393e-07,4.5406835624817177e-07,1.0949520401482005e-07,4.211303348711226e-06,7.521820943878765e-10
0,0.9999960660934448,7.498967002916856e-10,4.7181984541566635e-07,5.132939122631797e-07,1.4273149417931563e-07,2.864368070731871e-06,8.488711955578765e-10
0,0.9999946355819702,1.3673275844894306e-09,9.95379878077074e-07,2.814125252825761e-07,9.589748373173279e-08,3.9701899368083104e-06,1.523183579266174e-09
0,0.9999943971633911,1.4113828328277123e-08,2.022696435233229e-06,5.934094247095345e-07,2.2005538369285205e-07,2.701501443880261e-06,1.4078098686809426e-08
0,0.9999938011169434,3.421806482606371e-08,1.9215053725929465e-06,6.918890562701563e-07,2.7704172111953085e-07,3.2697162168915384e-06,1.4439180517911154e-08
0,0.9999949932098389,1.532957583094685e-08,1.1949016425205627e-06,4.7111967660384835e-07,1.82420606620326e-07,3.059310074604582e-06,4.245743756570164e-09
0,0.9999971389770508,1.6319581241930337e-09,3.184854335813725e-07,2.5790924951252236e-07,5.87719028999345e-08,2.2357328361977125e-06,3.498141554203471e-09
0,0.9999959468841553,3.3319220715810616e-09,4.154149166879506e-07,3.833318658053031e-07,2.522583315567317e-07,3.0407579743041424e-06,6.48430864558236e-10
0,0.9999958276748657,5.785080414710819e-09,4.224736755986669e-07,9.429787155568192e-07,4.380764551115135e-07,2.239970399386948e-06,5.580383932723976e-10
0,0.9999912977218628,1.4379478940895751e-08,2.4570833829784533e-06,5.278299113342655e-07,2.726561660892912e-07,5.375266482587904e-06,1.4840008333294463e-08
0,0.9999853372573853,1.4331995998873026e-06,7.490853477065684e-06,4.481694759306265e-06,3.954940837047616e-07,8.688493835506961e-07,7.78706379378491e-08
0,0.9999678134918213,1.6256435628747568e-06,2.6758163585327566e-05,3.040388492081547e-06,6.199570634635165e-08,6.231446150195552e-07,1.2141990168856864e-07
0,0.999971866607666,7.887466608735849e-07,2.340875107620377e-05,3.3247908959310735e-06,5.856183804553439e-08,3.9119106531870784e-07,1.546906531757486e-07
0,0.9999672174453735,9.544428394292481e-07,2.443852645228617e-05,5.898436029383447e-06,2.0770019659721584e-07,5.31105342815863e-07,6.55068674859649e-07
0,0.99994957447052,2.619411361592938e-06,3.6933055525878444e-05,8.638244253234006e-06,2.2457243176177144e-07,4.992773483536439e-07,1.4620015917898854e-06
0,0.999925971031189,9.23530024010688e-06,5.060495823272504e-05,1.151395554188639e-05,3.7220209492261347e-07,6.917496762071096e-07,1.5998880371626e-06
0,0.999929666519165,1.518008843959251e-06,5.9945239627268165e-05,6.947462225070922e-06,2.3455557141005556e-07,1.1838014870590996e-06,4.5957796146467444e-07
0,0.9999861717224121,3.129059678030899e-07,8.59027113619959e-06,3.3149506180052413e-06,3.1557311785945785e-07,7.842837135285663e-07,4.260198807060078e-07
0,0.9999486207962036,1.746490852383431e-06,2.5837998691713437e-05,2.2708532924298197e-05,3.8782175693086174e-07,4.5301106865736074e-07,2.747368057498534e-07
0,0.9999737739562988,4.2108507614102564e-07,1.7874539480544627e-05,6.483930519607384e-06,2.7878249397872423e-07,5.432998477772344e-07,6.741844345015124e-07
0,0.9999772310256958,4.493074357014848e-07,1.6115294783958234e-05,4.310335043555824e-06,3.199030800260516e-07,7.299130402316223e-07,8.451423241240263e-07
0,0.9999310970306396,4.292973869723937e-07,5.8122062910115346e-05,6.670940820185933e-06,2.839003911958571e-07,2.3877928470028564e-06,9.584782674210146e-07
0,0.9996926784515381,1.462652335249004e-06,0.00027611214318312705,1.6750618669902906e-05,3.799108014845842e-07,3.3488906865386525e-06,9.311864232586231e-06
0,0.9999442100524902,3.280211728906579e-07,4.386307773529552e-05,7.718156666669529e-06,3.345373613683478e-07,2.0129139102209592e-06,1.49713355312997e-06
0,0.9999901056289673,8.298469111878148e-08,1.447163640477811e-06,7.6140440796734765e-06,5.226843313721474e-07,1.2738433952108608e-07,1.1490132578728662e-07
0,0.9999969005584717,3.102163148582804e-08,2.6544495312919025e-07,2.676081749086734e-06,1.562206506378061e-07,3.944012405554531e-08,1.723323705959956e-08
0,0.9999837875366211,8.377408278192888e-08,2.531542122596875e-07,1.19786791401566e-05,3.380978569111903e-06,2.0707172154743603e-07,3.205996961241908e-07
0,0.9999648332595825,1.070321104634786e-06,3.587450919440016e-06,2.3363532818621024e-05,3.44119166584278e-06,3.306246583179018e-07,3.3337687455059495e-06
0,0.9998786449432373,4.415210696606664e-06,4.851466292166151e-05,4.736506525659934e-05,3.612319005696918e-06,3.2322307106369408e-06,1.4138687220111024e-05
0,0.9999716281890869,1.1221696922802948e-06,7.85213728704548e-07,2.3674878320889547e-05,2.196169361923239e-06,2.906967893068213e-07,3.5931947195422254e-07
0,0.9999734163284302,1.2239081570442067e-06,4.251256200404896e-07,2.4363953343709e-05,4.2200596794828016e-07,4.530626895871137e-08,4.664727626391141e-08
0,0.9999727010726929,3.271908553870162e-06,1.080250513041392e-05,1.2295140550122596e-05,1.7462805601553555e-07,2.4197143488891015e-07,4.868724658990686e-07
0,0.9999916553497314,1.1665413239825284e-06,3.574941047190805e-06,3.3063936371036107e-06,3.954906802050573e-08,1.3190405923069193e-07,8.048735367083282e-08
0,0.9999936819076538,5.823594619869255e-07,1.4918855413270649e-06,3.884557372657582e-06,6.941118613212893e-08,1.3869407666788902e-07,3.985591590094373e-08
0,0.9999865293502808,1.4884712982166093e-06,4.504316166276112e-06,6.97867699273047e-06,1.0527492833034557e-07,2.2877746630456386e-07,1.1407515643213628e-07
0,0.9999898672103882,2.427923845971236e-06,2.3624099867447512e-06,4.876761977357091e-06,8.464723322276768e-08,1.511523350927746e-07,9.279371937509495e-08
0,0.9999885559082031,1.7323937981927884e-06,4.790695129486267e-07,8.98283178685233e-06,2.474061489010637e-07,5.444576345325913e-08,3.529942915747597e-08
0,0.9999686479568481,3.0393125598493498e-06,5.224787855695467e-07,2.7125262931804173e-05,4.896849077340448e-07,8.472975565609886e-08,8.872051893149546e-08
0,0.9999836683273315,2.4900020889617736e-06,2.9870823254896095e-06,1.0126257620868273e-05,2.798763603095722e-07,3.4189031339337816e-07,1.3967331824460416e-07
0,0.9999914169311523,7.232056873363035e-07,2.6927941689791624e-06,4.48282071374706e-06,1.2868022736256535e-07,5.642638143399381e-07,5.4612740996162756e-08
0,0.999962329864502,1.4330109934235225e-06,4.9983186727331486e-06,2.903607855841983e-05,5.38022106866265e-07,8.673937941239274e-07,6.811357025071629e-07
0,0.9999940395355225,3.328403295199678e-07,3.519207893987186e-07,4.7164767238427885e-06,4.1609607137615967e-07,1.416280355215349e-07,5.25234042925149e-08
0,0.9999973773956299,1.9161203113071679e-07,6.161479859656538e-07,1.5688924577261787e-06,9.962434432964073e-08,1.8980384197675448e-07,1.7428503085170632e-08
0,0.9999974966049194,3.1455346771736004e-08,1.1607834693450059e-07,2.180752289859811e-06,9.140894263737209e-08,8.834852138761562e-08,1.711932595682697e-09
0,0.9999959468841553,5.2289902185975734e-08,4.206463088962664e-08,3.823149199888576e-06,1.265780866788191e-07,3.0291193553466655e-08,9.941453216200102e-10
0,0.999991774559021,3.391761538296123e-07,3.4033871543215355e-07,6.877585292386357e-06,3.900755984886928e-07,1.7019833364884107e-07,1.276008561035269e-07
0,0.9999903440475464,9.904525768433814e-07,1.0142841944116299e-07,4.6541285882995e-06,1.0542568134042085e-06,1.8733024376160756e-07,2.5881283818307566e-06
0,0.9999887943267822,1.5745448536108597e-06,7.992156980662912e-08,4.911290034215199e-06,2.1614712295559e-06,2.426519358778023e-07,2.314576704520732e-06
0,0.9999970197677612,5.029374392506725e-07,5.532399072194494e-08,1.5688276562286774e-06,7.333520102292823e-07,8.876382651124004e-08,9.111176524356779e-08
0,0.9999686479568481,1.2444185813365038e-05,1.7556865827828005e-07,2.403104417680879e-06,1.2651772749450174e-06,9.886846896733914e-08,1.4946544069971424e-05
0,0.9999823570251465,1.2677606719080359e-05,8.426686122220417e-07,1.7893361246024142e-06,2.2063542814976245e-07,6.477811353988727e-08,2.024818286372465e-06
0,0.9999939203262329,3.319262759760022e-06,3.885247679136228e-08,2.025156391027849e-06,1.1376821618114263e-07,5.4703237495346e-09,5.891326964047039e-07
0,0.9999890327453613,7.941232979646884e-06,4.3942327465629205e-07,2.2365227323462022e-06,5.8639411548710996e-08,1.0685326401471684e-08,3.593727058159857e-07
0,0.9999740123748779,1.7632484741625376e-05,1.2874157562237087e-07,1.9266710751253413e-06,3.419959000439121e-07,1.531595650305917e-08,5.997033895255299e-06
0,0.999936580657959,4.470641215448268e-05,5.589172360487282e-06,1.2658300875045825e-05,9.854675653286904e-08,4.832704902923979e-08,2.6921779294752923e-07
0,0.9999773502349854,1.4214323527994566e-05,5.872057613487414e-07,7.745363291178364e-06,1.117446686293988e-07,1.6809059033562335e-08,1.6400052871290427e-08
0,0.9999359846115112,5.062520722276531e-05,2.719454244015651e-07,1.0451137313793879e-05,1.042447479449038e-06,1.5109137052604638e-08,1.4694167020934401e-06
0,0.9999091625213623,6.783619755879045e-05,2.7681520009537053e-07,2.2120182620710693e-05,3.618830533014261e-07,1.0927816873618212e-08,1.8628639963935711e-07
0,0.9984551668167114,0.001518250908702612,1.6705361360891402e-07,2.5260407710447907e-05,6.059477186681761e-07,3.882827392942545e-09,5.367364792618901e-07
0,0.9999370574951172,4.459702904568985e-05,5.685944870492676e-07,1.758151120156981e-05,1.578195281126682e-07,1.298167529029115e-08,8.234977144638833e-08
0,0.9998108744621277,9.038871212396771e-05,3.0113394586805953e-06,9.404461889062077e-05,1.1253260936427978e-06,1.21365644645266e-07,5.959499276286806e-07
0,0.9999867677688599,1.2376930271784659e-06,1.761777411957155e-06,8.797897862677928e-06,4.4606858295992424e-07,9.260525644094741e-07,1.6471430441811208e-08
0,0.9998738765716553,5.3643503633793443e-05,1.21754619613057e-05,5.3549920266959816e-05,2.600010475362069e-06,3.3704664019751363e-06,7.395260013254301e-07
0,0.9999501705169678,7.314879894693149e-06,2.9702341635129414e-06,3.396900137886405e-05,2.6270831767760683e-06,2.675420546438545e-06,2.519219606256229e-07
0,0.9996873140335083,0.00024291459703817964,3.237436203562538e-06,4.107147469767369e-05,7.417543656629277e-06,6.372360417117306e-07,1.7460119124734774e-05
0,0.9966824650764465,0.0015449363272637129,5.0586873840074986e-05,0.0001397879677824676,4.168365194345824e-06,2.1726443719671806e-06,0.0015758681111037731
0,0.999983549118042,7.468207058991538e-06,1.184842290058441e-06,3.537285465426976e-06,1.021139226509149e-07,2.1704174457681802e-07,3.933633706765249e-06
0,0.9997178912162781,3.5891367588192225e-05,4.027646718895994e-05,7.879157055867836e-05,9.208329743159993e-07,2.571132199591375e-06,0.0001236332900589332
0,0.9998689889907837,3.7012086977483705e-05,1.3886246051697526e-05,5.2221152145648375e-05,1.6274715335384826e-06,4.273466856830055e-06,2.196500099671539e-05
0,0.9998629093170166,4.646318484446965e-05,1.4210351764631923e-05,3.8102607504697517e-05,3.529590685502626e-06,1.1802601875388063e-05,2.290943666594103e-05
0,0.9998623132705688,0.00010941218351945281,2.025013600359671e-06,1.1259214261372108e-05,1.0037290849140845e-05,4.600102784024784e-06,3.349610437908268e-07
0,0.9999637603759766,2.1490122890099883e-05,6.645362304880109e-07,4.265552888682578e-06,6.648991984548047e-06,2.7889896045962814e-06,4.5414432747747924e-07
0,0.9999129772186279,7.515000470448285e-05,7.404906909869169e-07,2.591215206848574e-06,6.258168923523044e-06,1.994537569771637e-06,2.6588628543322557e-07
0,0.9998364448547363,0.00012554794375319034,1.5004168290033704e-06,8.243271622632165e-06,1.944251016539056e-05,8.35124865261605e-06,3.5276914900350675e-07
0,0.9998857975006104,9.05168562894687e-05,1.5354047491200618e-06,3.6862104479951086e-06,8.806679943518247e-06,9.383526048623025e-06,2.494084867521451e-07
0,0.9998997449874878,7.665641169296578e-05,2.8248589387658285e-06,3.595242105802754e-06,6.3447109823755454e-06,9.712468454381451e-06,1.0753383321571164e-06
0,0.9997590184211731,0.00020763883367180824,4.540957434073789e-06,2.9069610718579497e-06,6.935745659575332e-06,1.6256273738690652e-05,2.7247212983638747e-06
0,0.9742709994316101,0.025463609024882317,1.0194882634095848e-05,1.1262419320701156e-05,0.00010005771036958322,2.228889752586838e-05,0.00012145736400270835
0,0.9725737571716309,0.027248943224549294,7.319946234929375e-06,1.2417045581969433e-05,7.984211697475985e-05,1.1704806638590526e-05,6.596105959033594e-05
1,1.4445264184814732e-07,0.9999061822891235,2.143884375582772e-10,1.3964965184243283e-08,6.095505256098477e-08,1.4219485311439684e-10,9.354468784295022e-05
1,1.9769964637816884e-05,0.9999349117279053,8.12104250513812e-09,1.721036682056365e-07,2.452224521221069e-07,8.163217879442186e-10,4.489389539230615e-05
1,4.1098959968621784e-07,0.9999958276748657,1.9001355155978672e-08,4.467723613288399e-08,2.0175630055518923e-08,3.9166644927313143e-10,3.733527819349547e-06
1,8.478353663576854e-08,0.9999985694885254,1.97769814413995e-10,3.1529063804214275e-09,1.3082773975270356e-08,9.563390010458583e-12,1.3298331396072172e-06
1,5.0474231102271006e-05,0.9999343156814575,2.754153172190854e-08,1.4150563742987288e-07,3.786886964007863e-07,2.0697785152457016e-10,1.4671002645627595e-05
1,1.393711136188358e-05,0.9999814033508301,7.095906973120236e-09,3.392552372361024e-08,2.904313873841602e-07,1.2675965832542602e-10,4.410639121488202e-06
1,6.924865942892211e-07,0.9999978542327881,2.4187623015592408e-09,1.6825474347115232e-08,4.3108101976940816e-08,2.0908639403183216e-11,1.4655439599664533e-06
1,5.492878329960149e-08,0.9999996423721313,1.7275628705348822e-09,1.3360602624246098e-09,4.6555497235090115e-09,1.1169280778045021e-11,2.6520658025219745e-07
1,1.9438256515513785e-07,0.9999992847442627,2.8995033041212537e-09,2.437968715796046e-09,8.858368261144278e-09,1.9856699617903928e-11,5.619815510726767e-07
1,7.1953674130043055e-09,0.9999998807907104,7.170510851750578e-10,5.499877220316307e-10,1.22185928042029e-09,2.724005266144247e-12,8.669447026932176e-08
1,2.189938896890453e-09,0.9999998807907104,2.474793980855594e-10,1.1879604244757758e-10,4.131563424714102e-10,7.638316520085231e-13,7.628334941500725e-08
1,1.606245447760557e-08,0.9999998807907104,6.597297708132999e-10,4.5186082653358994e-10,1.0526397531407383e-09,6.840938406027508e-13,5.486629106599139e-08
1,1.4870765063790259e-08,0.9999998807907104,5.310857087437171e-09,7.017711967094442e-10,9.544551815565683e-10,4.8781959374744055e-12,1.47308071518637e-07
1,4.462408220717862e-09,0.9999998807907104,2.156834488786785e-09,1.6689270798675437e-10,5.233026234563454e-10,4.658173152760625e-12,9.508801923630017e-08
1,5.902091315679314e-11,1.0,3.4304321605560517e-09,1.8632828613363017e-10,1.4303790096814595e-10,2.054438867291064e-12,4.830661382015933e-08
1,2.139052129868091e-11,1.0,6.135955077368749e-10,4.649042609217169e-11,6.855210149536717e-11,9.515201127019424e-13,2.0603371453375985e-08
1,7.533818568994377e-10,0.9999998807907104,1.6523369339438432e-09,9.789544175298204e-11,3.821159222372472e-10,1.364516247388814e-12,1.3120131825417047e-07
1,4.95323000393455e-08,0.9999996423721313,6.24696613882314e-11,2.654027553283811e-10,5.5102424845188125e-09,3.568008518847754e-13,2.8983373567825765e-07
1,1.2450116173567949e-06,0.9999964237213135,1.2721044218011457e-09,2.7302471394818895e-09,4.207355885910147e-08,5.5380426806916905e-12,2.2402302874979796e-06
1,1.4465925346485164e-07,0.9999992847442627,3.81781099789702e-11,3.956208138866657e-10,1.4034867490408942e-08,4.098675608979474e-13,5.604657644653344e-07
1,2.2123400356122147e-07,0.9999994039535522,3.6100428202345825e-11,4.1251677074249926e-10,2.3418245120865322e-08,1.2568158319625766e-12,3.536526662628603e-07
1,3.1676149774284568e-06,0.9999964237213135,1.4769163669825502e-10,4.771240291745471e-09,1.3677539811851602e-07,1.4469598479463497e-12,3.0282186003205425e-07
1,1.058788825503143e-06,0.9999988079071045,4.6750641552462113e-11,9.85230896866085e-10,3.1819190837723e-08,3.0908801451449974e-13,8.247761940083365e-08
1,5.016266300117422e-07,0.9999994039535522,8.693439024209937e-11,8.747583768453637e-10,1.0813126394282335e-08,3.621445591323047e-13,9.54743484271603e-08
1,9.998366294894367e-07,0.9999988079071045,2.2161850132818017e-10,7.484598496532158e-10,9.941601319951587e-09,8.687788986480594e-13,1.3461348657983763e-07
1,1.484737595092156e-06,0.9999983310699463,2.2988694281522726e-10,1.0805996097928983e-09,3.8478081165749245e-08,3.111452718737584e-12,9.451991189735054e-08
1,2.4622869432278094e-07,0.9999996423721313,6.887973524882796e-11,6.133870078528503e-10,2.7295595117493576e-08,1.072946852892498e-12,7.478048047460106e-08
1,3.765065912375576e-07,0.9999995231628418,1.2985444663993206e-10,7.647874555871681e-10,5.9513510564102035e-08,2.8777804791935147e-12,6.407265829011521e-08
1,3.709971565513115e-07,0.9999992847442627,1.924548992393582e-10,9.982605853053883e-10,1.0158848340324766e-07,4.274080221688958e-12,1.9796404160388192e-07
1,1.0191380539481543e-07,0.9999997615814209,7.796229634093876e-11,2.148260319634332e-10,2.0284405266579597e-08,1.2784992248909832e-12,9.277127333007229e-08
1,3.5031870737611825e-08,0.9999998807907104,2.670351786915326e-11,7.014001879301901e-11,1.0998633115377743e-08,1.018070827293882e-12,1.0493252489141014e-07
1,1.7127663909377588e-07,0.9999997615814209,6.584006256860064e-11,2.0971595293683976e-10,1.3853832747656725e-08,5.380424404621831e-12,6.366470017837855e-08
1,5.4569472496268645e-08,0.9999998807907104,1.270293939481526e-11,3.327164377342484e-10,9.305140658000255e-09,9.740827935922347e-13,2.6643675710147363e-08
1,5.616226417259895e-08,0.9999998807907104,1.2945232559513631e-11,1.934206406151162e-10,3.500226775088322e-09,5.495087349559336e-13,1.978932751001139e-08
1,6.43348627704654e-08,0.9999998807907104,3.165452969189353e-11,2.040693586335962e-10,7.502219290245193e-09,1.7449568266020288e-12,1.0245211257142728e-07
1,2.4855899027897976e-07,0.9999996423721313,6.013781833624776e-11,1.0784287907128487e-09,3.3233423124556793e-08,2.5810532097020333e-12,1.2240786873007892e-07
1,9.289485092267569e-08,0.9999996423721313,2.0028302627483896e-10,2.0592980654043913e-09,8.276667351481137e-09,7.828172138291123e-12,2.390708004895714e-07
1,8.855266742102685e-08,0.9999995231628418,1.5375603568124063e-10,1.2045457964404704e-09,6.284844644710574e-09,5.512198770346588e-12,3.8440330740741047e-07
1,6.62138077700547e-08,0.9999995231628418,1.152218737088262e-10,9.26743681795017e-11,1.2006143856879703e-09,1.1784734429629018e-12,3.503976131469244e-07
1,4.5657941427634796e-08,0.9999998807907104,5.1394478950417266e-11,7.140454894027926e-11,7.354975517515072e-10,1.161591764615999e-12,5.476194786524502e-08
1,6.16522513041673e-08,0.9999990463256836,1.4505152287624945e-11,7.398160556393307e-11,2.799893206173465e-09,1.2896321380587161e-12,8.361983532267914e-07
1,5.860904206400619e-09,0.9999998807907104,4.442416757805684e-13,1.8079663200581964e-12,4.699245437222999e-10,1.9078800496917514e-14,5.399485658585945e-08
1,5.231153732410121e-09,1.0,3.6100134925658167e-13,1.975418092992065e-12,3.0888142044105393e-10,2.2652447747976458e-14,1.380198355604989e-08
1,8.818017427358882e-09,1.0,4.7075932561868594e-12,7.989577749389909e-12,2.489864425747612e-10,2.289082009880594e-13,1.1500994823165911e-08
1,1.7051554612734776e-09,1.0,2.1428801929516267e-13,1.770219604582679e-12,5.102900324516213e-10,3.109159116146745e-14,5.370655387082479e-08
1,1.7080883374376299e-09,1.0,2.534407362794755e-12,5.537703542252137e-12,9.99154647907119e-10,1.58981904247249e-13,3.3158659817900116e-08
1,3.9209785418492515e-10,1.0,2.6856422359437804e-13,1.2590383379959547e-12,1.9104914872336565e-10,1.4615423061799075e-14,3.916936552883499e-09
1,1.11737015473512e-10,1.0,7.748425653267971e-14,3.1577670166205163e-13,1.274007149776324e-10,3.947479736615472e-15,7.883908526018502e-10
1,1.1471238403615303e-09,1.0,1.3664724733686295e-12,1.0685931306486651e-12,7.996355244621611e-10,7.590648487369733e-14,2.4952901966912577e-09
1,2.4233376416660235e-10,1.0,2.6806985450877896e-13,1.0778865864105591e-12,6.388750084518335e-10,3.854817805020935e-14,2.6030833044643487e-09
1,3.0366489878197456e-10,1.0,3.6871596270984797e-13,1.0258151749917288e-12,7.483993424983737e-10,2.7688792149935595e-14,4.209632198381996e-09
1,1.4668215531088435e-09,1.0,2.851533462480682e-12,6.136604679268798e-12,2.346957961307794e-09,9.769999886151057e-14,8.40155855996727e-09
1,1.6431105365199983e-08,0.9999997615814209,8.261518552599156e-11,1.4444404006219713e-10,4.838710410126623e-08,1.3957509193557316e-12,1.9810522644547746e-07
1,1.204310393632113e-07,0.9999955892562866,5.911622302789965e-10,8.061711298523733e-10,4.974623379894183e-07,4.377593079696318e-11,3.766180725506274e-06
6,4.081261431565508e-05,0.16835655272006989,5.584672067016072e-07,4.2833906377381936e-07,3.971434125560336e-05,2.046376579301068e-07,0.8315616846084595
6,6.662175110250246e-06,0.0005846890271641314,4.177651291570328e-08,2.8275541907873958e-08,5.548485546569282e-07,1.6191100371543143e-07,0.9994078874588013
6,2.367719247331479e-07,4.666390850616153e-06,9.280596291461052e-10,1.8838328674775084e-09,5.4013245431860923e-08,3.208803178722519e-08,0.9999951124191284
6,4.2002528743978473e-07,4.992105004930636e-06,2.980955760012449e-10,7.241571231553223e-10,1.3942435828084854e-07,1.5780260653741607e-08,0.9999943971633911
6,3.0529708539006606e-08,3.795832981268177e-08,1.375946578896503e-10,5.1408793888541027e-11,9.539024681259889e-09,2.4635260942318382e-08,0.9999998807907104
6,5.4780738167892196e-08,1.943639205137515e-07,3.096428391469175e-10,4.2498290997450283e-10,2.3870660115221654e-08,1.9474084567150385e-08,0.9999996423721313
6,1.6569110528052988e-08,5.604592345775927e-09,8.244047111638508e-11,5.6550979177227845e-11,1.6423840065726836e-08,1.5537949593635858e-08,1.0
6,7.717913419469369e-09,6.125703055914755e-09,5.254457979830818e-11,1.7886669576028247e-11,2.077688954216228e-08,1.1899369489754008e-08,1.0
6,1.2535201321384193e-08,2.5143143123074196e-09,5.284237283853521e-11,1.3403575992165795e-11,1.6232279520522752e-08,1.3581008317942178e-08,1.0
6,2.0869013894753152e-07,6.342519043300854e-08,2.2763502194322882e-09,4.0443851045957047e-10,9.709759751785896e-08,8.783975147252931e-08,0.9999995231628418
6,1.911508888952085e-06,2.0403430767146347e-07,2.0358310592882845e-08,7.924204403764179e-09,1.5941085962367652e-07,4.954396786160942e-07,0.9999972581863403
6,1.8909953496404341e-06,3.834272206404421e-07,1.7291807097308265e-08,5.017088966496885e-09,2.8968230481041246e-07,8.33851117931772e-07,0.9999966621398926
6,8.415018442065048e-07,5.228871486906428e-07,1.4736190045994135e-08,9.078997997846727e-09,2.935856855401653e-07,6.175093290039513e-07,0.999997615814209
6,1.0677111959012109e-06,7.866654527788342e-07,2.298807899592248e-08,7.012760150360009e-09,9.881591722660232e-07,1.7722439906719956e-06,0.9999953508377075
6,5.529538498194597e-07,4.2191015836579027e-07,4.162965971943322e-09,1.6592396345771476e-09,1.2019778523608693e-06,5.113236056786263e-07,0.9999972581863403
6,2.244713499521822e-07,3.759141122827714e-07,2.308264024364348e-09,3.806436832398674e-10,9.81371158559341e-07,2.5055945229723875e-07,0.9999982118606567
6,3.8994862450181245e-08,9.005034229403464e-08,2.5645477408353656e-10,1.258285281524607e-10,3.3910825436578307e-07,5.192969609879583e-08,0.9999995231628418
6,6.465577406800094e-09,4.643412765403809e-08,8.290786113196447e-11,9.57012316615824e-11,3.343121690591033e-08,2.038186863728697e-08,0.9999998807907104
6,4.136517794961492e-09,6.234737615073982e-09,5.318515419738823e-11,1.3982547064639306e-10,2.2970432667079876e-08,1.7245753269889974e-08,1.0
6,5.173027006755149e-10,2.9496745046486694e-09,1.019976290927982e-11,1.0654295501399957e-10,2.6220339233162804e-09,5.790613322176341e-09,1.0
6,4.000990927455206e-10,8.151133989997561e-09,8.4853530452067e-12,7.783082511814143e-11,2.298997214822407e-09,4.228260852556787e-09,1.0
6,2.52259463318083e-10,2.7021360704537756e-09,7.384084316219841e-11,1.5262126284998345e-10,6.720364820189673e-10,8.079360291901594e-09,1.0
6,9.542768797388135e-10,1.2503555968379487e-09,6.652818573815722e-11,3.4706357232572316e-10,5.281620141239785e-10,1.2945105432038417e-08,1.0
6,4.141460063777913e-09,9.145567858581671e-09,1.5681857201688132e-10,9.428121616750218e-10,1.3244830787684236e-09,1.0899956492949059e-08,1.0
6,9.76420722054172e-10,4.216175142346401e-08,4.612282777927135e-11,1.4288991101452098e-09,2.284750832970417e-09,4.920704288480238e-09,1.0
6,5.209285780516382e-10,8.085604186192086e-09,1.4042809449998916e-11,9.84225367872682e-10,8.094750980625065e-10,1.2858724085518247e-09,1.0
6,2.9637110543490053e-09,1.3626284989243231e-08,8.099244608317235e-10,8.610332002945142e-09,9.86061632346491e-09,1.3855817826424754e-08,1.0
6,4.109269369223512e-09,9.866489847354387e-08,1.919846226439148e-10,5.638236988403378e-09,4.781571760759107e-08,5.050353912849914e-09,0.9999998807907104
6,7.967097204186757e-09,7.522223199885048e-08,6.32457419769139e-10,6.113935580032148e-09,8.94938665396694e-08,3.544447579884036e-08,0.9999997615814209
6,7.60114176046045e-08,7.821302574484434e-07,8.513898563933253e-08,1.9584776111969404e-07,5.382611902859935e-07,8.231081665144302e-07,0.9999974966049194
6,1.5958225674239657e-07,1.5261488215401187e-06,1.11742188835251e-07,5.656976327372831e-07,1.2354396972114046e-07,3.9879495261629927e-07,0.9999971389770508
6,1.6485414278122335e-07,1.7974906540985103e-06,5.32969082200907e-08,2.0717176596463105e-07,6.901804283643287e-08,2.2973675584125886e-07,0.9999974966049194
6,2.2191114723568717e-08,2.698415642043983e-07,8.293953079885341e-09,2.2634246477082343e-07,2.308474833512264e-08,1.0996787835892974e-07,0.9999994039535522
6,1.0925086613156054e-08,9.577609034749912e-07,1.1290066659341846e-08,1.2409515193212428e-07,5.534086255920556e-08,1.3149490030173183e-07,0.9999986886978149
6,4.989152424528243e-10,3.739679499403792e-08,5.452103768455174e-10,2.418832956152528e-08,9.620406693500172e-09,9.901492958874769e-09,0.9999998807907104
6,3.0417388052761396e-10,6.446860822961753e-09,1.4159218242326688e-10,9.416714519261404e-09,1.6513014955421568e-08,4.521516494548905e-09,1.0
6,2.032225256132225e-11,4.1847192377986175e-09,4.4719641184576275e-11,1.9224637437531555e-09,1.4008374016327707e-08,1.755110279333394e-09,1.0
6,8.977883540761677e-13,1.8154808212322848e-10,2.4781297348376585e-13,1.6030121674504016e-10,7.78803133094641e-10,2.570865395568056e-11,1.0
6,2.327646755895252e-12,2.0929641353362172e-10,1.4937304052085182e-13,7.751068537009687e-11,3.2052325238396406e-09,3.473680024179693e-11,1.0
6,2.9476998641454755e-13,2.5797315672537735e-11,7.307739482986797e-14,2.9299732778875764e-11,9.764351133201288e-11,1.72457916003399e-11,1.0
6,1.3933307632663094e-12,1.0014818141446113e-10,4.4470205512806005e-13,1.88156448754917e-10,2.393068243566887e-10,4.239425130392327e-11,1.0
6,2.7044921749146134e-13,3.1303217396666527e-12,7.394413823380488e-15,1.0212045618851473e-11,3.528456693491222e-11,6.734460211710314e-12,1.0
6,1.8611879344567622e-13,1.7619600440124672e-12,5.274036670035271e-15,3.692749231398729e-12,1.3936105741629845e-11,4.858316006439711e-12,1.0
6,1.0657392936902488e-12,7.020249399164458e-12,4.16523877834387e-14,5.0312642940752994e-11,2.6457797064338706e-10,6.247777989409897e-11,1.0
6,2.566639392340142e-13,1.1749212713851875e-12,6.2872744221998105e-15,1.1898671284371609e-11,1.326213999730541e-10,8.636190720889836e-12,1.0
6,1.6707686937515037e-13,3.4338506430670046e-12,1.553185680655371e-14,6.900784110808189e-11,2.764626305662432e-10,9.439807442668258e-12,1.0
6,7.777119741389157e-14,2.83659402390557e-12,2.4302110481324093e-14,3.7094889659972097e-11,6.094417331903301e-11,1.0185473992008198e-11,1.0
6,4.213021262151201e-13,9.832355415961835e-12,8.953151805005111e-14,1.8364677834004084e-10,7.041740524016404e-10,3.036068618733623e-11,1.0
6,9.707907221156997e-13,2.7499362162397567e-11,9.614201389217605e-14,2.652131014801995e-10,2.8706321764104814e-09,1.4359655825524342e-11,1.0
6,4.587178076623233e-13,9.221821223315274e-12,2.423777866779331e-13,1.109703440249632e-09,2.0723321669802175e-10,1.200991563143905e-11,1.0
6,1.7960125574256747e-12,3.483524666642035e-12,2.3921326819885923e-14,6.22603524291776e-10,2.372173013576173e-10,3.208922060363162e-12,1.0
6,2.961779476187698e-12,2.9558200505264143e-12,3.274088289438419e-14,2.0929641353362172e-10,9.698866709761944e-11,1.111091687405752e-11,1.0
6,8.152843634576246e-13,5.2022110577643055e-12,2.6590139595369933e-14,1.7560637666225176e-10,8.765087960993512e-11,9.900422495712213e-12,1.0
6,3.039782661695689e-11,1.2334964993865327e-10,2.053255785880448e-12,3.6108265266676653e-09,3.0340743251144886e-09,3.998000264182622e-10,1.0
6,1.5879781864458486e-11,6.916544420532134e-11,2.8958307106419223e-12,1.35351263530481e-09,8.464073331104771e-10,2.483101502193108e-10,1.0
6,6.816569877998724e-13,8.152940995931335e-12,4.4480215409363477e-13,1.2866083753948487e-09,6.629865406670987e-11,9.475186607543762e-11,1.0
6,2.542963669499576e-12,4.0840428261468276e-11,1.0269362400380788e-13,6.247912742729511e-10,9.2815272134672e-10,5.449481838004644e-11,1.0
6,8.710231429349957e-13,3.520685479263541e-11,1.015921613327364e-12,1.3922223374152054e-09,1.8836004977984544e-10,6.980507283316228e-10,1.0
6,4.6137234657739334e-12,1.4470465103944008e-10,2.0493433339208167e-12,2.0515141585519814e-08,6.737113089627655e-10,5.634471778037664e-10,1.0
6,1.8282100280268138e-13,6.361217802508534e-11,8.783997631372532e-15,4.683846088759935e-10,5.4743175270655087e-11,7.631332198110297e-12,1.0
6,4.18503800407935e-13,1.0492257757066525e-10,8.364374121170963e-15,1.1633734947613661e-10,9.598239564256872e-11,5.382501735984313e-11,1.0
6,5.726428446012344e-12,9.669336442641452e-10,1.8278742302852043e-14,1.2300147012034301e-10,1.3451995073410217e-09,1.0809981382253753e-11,1.0
6,2.061644854400163e-13,4.809153075768791e-10,1.1089234643258316e-15,5.901436457567133e-12,8.59593674018555e-10,7.851287979129817e-13,1.0
6,1.6724019087990816e-12,1.1099172692041748e-09,1.9562953687546347e-12,1.6400125701920842e-10,4.909377349093802e-10,9.770947245746342e-11,1.0
6,2.304537311849375e-13,1.1554038281680334e-10,2.605865013789038e-13,6.189741774687008e-11,1.0122071930629417e-10,2.6770530237030243e-11,1.0
6,3.0942713669102062e-12,1.0186605725603926e-10,3.010268900469071e-12,1.089884432703414e-10,1.9819793029007826e-10,3.782849034017488e-10,1.0
6,3.329018172237852e-10,4.932476094232641e-10,2.2907745145239744e-11,3.4213427646534456e-09,1.994612697231446e-09,1.1780758590873575e-09,1.0
6,3.018764405116059e-10,1.257945747568101e-09,2.0118771232313648e-11,1.1506414487882921e-08,1.4928477343190139e-09,4.474841885926395e-10,1.0
6,7.171770399772015e-10,3.395760339586218e-09,2.9000790657818243e-10,5.3182802162154985e-08,1.1481838591009819e-08,1.5035092060244892e-09,1.0
6,1.3003567667091431e-10,1.6062540186823071e-09,7.768937160257394e-10,3.2816632966614634e-08,1.972529473093232e-09,9.90711956916357e-10,1.0
6,4.1613518186878196e-12,1.3469633186602437e-09,4.081698867786088e-11,2.415802669020195e-09,1.339484967388671e-09,1.3366284468130374e-10,1.0
6,5.6824964872470574e-11,9.738229778122331e-09,8.051646155360359e-11,8.76675176897379e-09,1.4802537862124154e-08,2.9221111641497544e-10,1.0
6,1.0202914034473931e-11,2.0980213122356872e-09,2.5376980031244223e-11,2.219513683954233e-09,3.3752327599501086e-09,1.0518827475713977e-10,1.0
6,1.7223741877181453e-10,8.08754752057439e-09,3.502270251587447e-09,5.337038189168197e-08,1.0158927032932752e-08,4.404139719582645e-09,0.9999998807907104
6,3.75585812451007e-11,2.2837398638841933e-09,2.348904959426079e-10,1.0875929490339331e-08,9.058897521008191e-10,8.211442081851317e-10,1.0
6,3.0225091873781196e-10,4.272035614150127e-09,1.4456706942667097e-09,2.782886632246573e-08,2.4612147875302526e-09,2.326669301666584e-09,1.0
6,2.6770201611014954e-09,3.0426108299508314e-09,9.833265313119455e-10,9.33228339050629e-09,3.101898959911864e-09,8.888280333962939e-09,1.0
6,5.7387065766079104e-08,2.6790482721139597e-08,5.980570705332866e-09,7.226591236531021e-08,2.143420729794343e-08,3.898847467098676e-08,0.9999997615814209
6,1.067698818246754e-08,7.685711622684721e-09,3.941224679948618e-09,4.8605588887085105e-08,7.1212711283408225e-09,6.582548195410709e-08,0.9999998807907104
6,4.828385513633293e-08,1.4050081098559986e-09,7.86431275656696e-09,3.0843306575434326e-08,6.510063599307614e-09,1.2547405958684976e-07,0.9999998807907104
6,2.4204854298659484e-07,1.2893222045562425e-09,3.5970151301967235e-09,2.09518198346359e-08,6.2309064574606055e-09,1.912825240424354e-07,0.9999995231628418
6,2.434459247524501e-07,1.1079920314571723e-09,3.529024406034864e-09,2.947222910165692e-08,3.823463767815838e-09,1.3329231762782e-07,0.9999996423721313
6,2.6950035092454527e-08,6.822391263039407e-11,9.600349404337294e-10,2.0226536889822455e-08,1.0009113537989833e-09,1.6375917510913496e-08,1.0
6,1.400789670924496e-07,3.4752100502855043e-11,2.175737146004053e-09,2.9669354972838846e-08,3.137911930295445e-09,1.0101930314476704e-07,0.9999997615814209
6,1.1924660725526337e-07,1.1918799280863368e-10,1.862089704651737e-09,6.176985589689821e-09,3.325801412046303e-09,1.1862119464467469e-07,0.9999997615814209
6,7.209519736761649e-08,2.961136197354719e-11,6.053557655150144e-10,4.586949930995843e-09,1.539891769652968e-09,1.204985125013991e-07,0.9999997615814209
6,1.6388651147281053e-07,3.574884832602265e-11,2.9676976431858293e-09,1.859683429472625e-08,1.7797958662413293e-09,3.306030009753158e-07,0.9999995231628418
6,1.3289043181430316e-06,3.183592001132496e-10,9.697996183888336e-09,1.1562387669528107e-07,2.4635852469145902e-08,1.5539621927018743e-06,0.9999970197677612
6,4.056027762544545e-07,2.460575632134976e-10,7.204941976368673e-09,1.2655955572427047e-07,1.2589186582090406e-08,1.0404049817225314e-06,0.9999983310699463
6,7.143659104258404e-07,4.1406217343720186e-10,1.7283889874875058e-08,1.6039432182424207e-07,8.533068474037009e-09,7.630443974449008e-07,0.9999983310699463
6,3.688352592234878e-07,1.9241887250220913e-10,5.323783636157486e-09,7.323452422269838e-08,4.650550611273729e-09,4.856179316448106e-07,0.9999990463256836
6,2.578097451078065e-07,1.0292280361312578e-09,1.2691883988225072e-08,1.4755377719666285e-07,6.1711187271384915e-09,1.9680770435570594e-07,0.9999994039535522
6,9.606200279677068e-08,1.9386763305817567e-09,7.3253683119389734e-09,1.3013956845497887e-07,1.7625537696019933e-09,3.200706544248533e-08,0.9999997615814209
6,6.031102373071917e-08,3.703080286854288e-09,9.576248238829521e-09,7.808473867498833e-08,1.8477819274664853e-09,1.9480921764625236e-08,0.9999997615814209
6,3.1628932362082196e-08,1.3297354328756228e-09,1.8345710506295632e-09,4.5094868283968026e-08,5.14555231756475e-10,1.0389826776702193e-08,1.0
6,2.036806812100167e-08,1.6234752209243197e-08,6.102227168014451e-09,1.781154850277744e-07,6.460325607804407e-09,1.3094497930410398e-08,0.9999997615814209
