6,2.185430308943026e-11,5.663768343211473e-10,8.089216796403065e-12,2.2194090121274712e-08,1.2235508606295298e-08,2.5668012160195985e-09,1.0
6,4.1086053829964e-12,1.6608993347322354e-10,1.7852746191093782e-12,1.1653645159981352e-08,2.0950381429685194e-09,3.6790864799129963e-10,1.0
6,1.0271091702845903e-12,1.6746254383193104e-10,6.83189019679703e-13,7.577893867960483e-09,1.9263874939667858e-09,3.8679429104071517e-10,1.0
6,2.7000556738349113e-12,2.1535984107146078e-10,8.164608312349886e-13,8.008371743528642e-09,2.1882229361835925e-09,2.5079954779627656e-10,1.0
6,3.3643138188516053e-12,2.351616956719482e-10,5.401233930599214e-13,1.5865335711851003e-08,4.380657170344193e-09,1.384573983242987e-10,1.0
6,1.755476666809308e-11,1.3439351853605785e-09,1.867500511870679e-12,2.916334373992413e-08,1.1986545978004415e-08,4.5305353912894475e-10,1.0
6,3.688077621077923e-11,1.5229971728203395e-09,1.6755404572479926e-12,4.9411063685056433e-08,1.527990889371722e-08,8.698672893103776e-10,1.0
6,1.935785212681118e-11,6.80804357333642e-10,5.414911683106205e-13,2.9751758390261784e-08,6.712951083898133e-09,3.655890312703747e-10,1.0
6,2.160533904560502e-11,5.811300329838787e-10,3.57685425332252e-13,1.2156163187171387e-08,1.5537239050900098e-08,4.406465747841537e-10,1.0
6,6.614187929993021e-12,4.639973683051579e-10,1.0958129613132875e-13,4.015013210789675e-09,7.614041841463859e-09,2.419873745829193e-10,1.0
6,1.864821491670554e-11,1.0281202555972868e-09,4.475398187892693e-13,1.318263542771092e-08,1.1007175615418419e-08,3.934831072083256e-10,1.0
6,2.6899871219399074e-11,1.5699522792900211e-09,1.1766144699179582e-12,4.3732462984280573e-08,1.631039303617854e-08,6.594769730305927e-10,1.0
6,5.797901395099281e-11,2.4179924729139657e-09,1.3597049918281923e-12,3.7110726935907223e-08,4.1808277728705434e-08,9.184669136352852e-10,1.0
6,5.905863298405478e-11,2.2626334139630444e-09,8.933538587704848e-13,2.9491241448909022e-08,9.364666908595609e-08,6.310393318997853e-10,0.9999998807907104
6,5.984809869907792e-11,2.5135324932534786e-09,1.3360126806943873e-12,3.4276606442062985e-08,9.188391203451829e-08,9.463251293695407e-10,0.9999998807907104
6,4.297144237663808e-11,1.6820781434390142e-09,4.806724679742858e-13,8.333250534064973e-09,7.675797775164028e-08,4.379017148892217e-10,0.9999998807907104
6,5.040080505724909e-11,2.241324459362204e-09,4.630514721659651e-13,8.386123795389722e-09,9.913308218756356e-08,4.858256019701912e-10,0.9999998807907104
6,2.2366036106502563e-11,1.23619403602504e-09,2.656536286522321e-13,5.437080563552854e-09,5.7575984868663e-08,2.8995256196040486e-10,1.0
6,3.681807983491048e-11,1.4977415974115615e-09,6.136530628260417e-13,1.4243608070785285e-08,6.919641748481808e-08,4.720004942448952e-10,0.9999998807907104
6,6.295362842134722e-11,2.5965476435629853e-09,8.905026238972824e-13,3.808822057749239e-08,1.2882952660220326e-07,6.826559317829606e-10,0.9999998807907104
6,2.1581614967347562e-11,1.0515140980160709e-09,7.167711519803777e-13,3.23671933699643e-08,1.8188064387913983e-08,3.287511374239216e-10,1.0
6,2.6403995309620676e-11,1.1746384975808155e-09,7.279475958653359e-13,1.3303830037614262e-08,2.0214503848592358e-08,4.7906145717036e-10,1.0
6,2.182760049096455e-11,1.4379074597670183e-09,4.804286851158024e-13,1.052945641788483e-08,1.5788597096388912e-08,3.7161124177842453e-10,1.0
6,3.617667970745586e-11,3.782331337021105e-09,5.11599009683783e-13,1.2333377874540474e-08,3.466358577952633e-08,4.484368154589191e-10,1.0
6,9.05074140633566e-11,7.607190433134292e-09,3.1636407903101738e-12,2.5418920301945036e-08,5.353166798727216e-08,1.878893707285556e-09,1.0
6,3.649715599185477e-11,6.113412442942945e-09,1.73759715383498e-12,9.978086801254449e-09,2.284285649523099e-08,9.339490292248342e-10,1.0
6,2.1568899444268652e-11,2.7946194247618905e-09,1.329246500196557e-12,1.0321466348273134e-08,1.432119400845977e-08,6.865576995807032e-10,1.0
6,1.999715150413639e-11,3.6036849060394616e-09,1.663357711116642e-12,1.5207744397116585e-08,2.1185748266816518e-08,6.056747325899892e-10,1.0
6,9.964206543200405e-12,9.43385924934148e-10,1.8194645822530026e-13,2.6041211409477683e-09,5.161215810289832e-08,3.352850774795968e-10,1.0
6,6.581255072163339e-12,5.78620484859016e-10,3.3954748192809026e-13,5.7284581522765166e-09,1.3144121346897464e-08,3.014426208647336e-10,1.0
6,1.5759751142985223e-11,8.159685704889341e-10,3.0718185156999867e-13,1.5782937623498583e-08,1.5834379141210775e-08,6.66061816811947e-10,1.0
6,1.549489529739656e-11,8.095955017495271e-10,9.314067122819306e-14,2.9007235724520797e-08,5.4896755585787105e-08,1.033928845317611e-10,1.0
6,5.420120255394956e-11,2.0952919399519487e-09,3.381775924831548e-13,1.4552874461060128e-07,7.975081643962767e-07,1.4306067441793857e-10,0.9999990463256836
6,1.4815671259271745e-11,1.3011904886894854e-09,1.1060217412067752e-13,9.598244865571814e-09,4.938388542541361e-07,1.7361073689770024e-10,0.9999995231628418
6,2.8112789873802058e-11,1.2117544301304406e-08,2.6391228612199225e-12,3.1509454601064135e-08,5.067981874162797e-07,2.290609701915969e-09,0.9999995231628418
6,7.097055148425069e-12,3.2150098139283045e-09,1.714795975571795e-13,1.5324436164476651e-09,2.9556071012848406e-07,7.886749031627005e-10,0.9999997615814209
6,6.163770882583464e-12,2.4060211600840375e-09,6.567278188276959e-14,2.1130968086424673e-09,2.1057059029772063e-07,1.6543195979767944e-10,0.9999997615814209
6,2.2005583466544465e-10,2.1125922344822357e-08,2.7446027221766922e-12,1.1884455197730404e-08,1.1031030453523272e-06,8.101012638483951e-10,0.999998927116394
6,1.1340350880573169e-10,7.993260275895864e-09,9.755401781524897e-13,3.4674199067552536e-09,5.095951678413257e-07,6.379188288718751e-10,0.9999995231628418
6,8.897056008594362e-11,6.656226680945565e-09,8.710866229721947e-12,1.6184113604822414e-08,1.2379646818772017e-07,1.1407983446787284e-09,0.9999998807907104
6,2.9639235510359185e-10,1.2920904346458428e-08,7.341050510534242e-12,9.463651196028877e-09,1.8438301196965767e-07,3.2916911418823247e-09,0.9999997615814209
6,4.349863802488585e-10,2.7425379300893837e-08,1.540090555085527e-10,2.618372434426419e-07,1.1854879744532809e-07,5.372546407755863e-09,0.9999996423721313
6,7.394568291019255e-11,3.760305400390962e-09,1.6009974596054022e-11,4.467784009420939e-08,5.957462789751844e-08,1.653254311229091e-09,0.9999998807907104
6,1.3136958534887277e-11,6.735327851004058e-10,5.55706652569099e-12,1.30053425806409e-08,1.0844795284015163e-08,7.582748318135657e-10,1.0
6,3.2383245390787962e-12,1.1151924939056812e-09,4.70682130424005e-12,1.2373622126915507e-08,3.4963303363610976e-09,4.685525856196193e-10,1.0
6,3.626218682967197e-12,8.407517460007341e-10,1.692197076907931e-11,1.923866044251099e-08,2.3744510802004015e-09,8.715030364037091e-10,1.0
6,2.0813168896682832e-13,1.0274022604894739e-10,2.1289636449161459e-13,2.696759482390121e-10,2.6487184667800534e-10,2.2783426187333866e-11,1.0
6,1.5135427633428122e-12,1.4187693242462274e-09,4.4522021486193e-11,7.20270021403735e-09,1.2203635324503637e-10,1.5139571540867536e-10,1.0
6,1.2433647861298525e-11,1.2452415987240784e-08,2.0721739601992084e-10,5.1645021592605644e-09,3.780138868592076e-09,1.4259532443716694e-09,1.0
6,4.849752110319683e-12,8.054173328275738e-09,5.961168624696311e-12,7.674572088944842e-11,8.971671405788584e-09,6.238465993790854e-11,1.0
6,1.520594414272658e-12,4.476958803678599e-10,3.743636260364336e-14,1.993004719591518e-12,2.8025459730685043e-09,1.6219071224954362e-11,1.0
6,9.168486282684629e-12,2.5349830679033403e-08,3.6343480308564935e-12,6.485086079255353e-11,2.3317749509033092e-08,4.193482228131984e-10,1.0
6,4.620627665208321e-12,1.7338926738830196e-08,5.49685210543549e-12,7.070038998691075e-11,6.8461614155523876e-09,3.107120116752071e-10,1.0
6,1.886834655531744e-12,3.877858034684323e-09,8.393016370875778e-14,4.640818545426084e-12,3.4852064345614053e-08,1.5531111119404528e-11,1.0
6,4.123191371663282e-12,3.652888214134009e-09,1.2852427455634086e-12,3.583980681676202e-11,4.160263245012175e-09,1.4197241993141319e-10,1.0
6,5.143410697350248e-11,2.4638133311327692e-08,3.8162265014740626e-11,4.543481146868089e-10,1.6412910142094006e-08,1.1121275012015985e-09,1.0
6,1.1875046085352281e-11,4.694249433612185e-09,8.22982144672163e-13,2.738755576492391e-11,2.0903012654116537e-08,6.556113291145138e-11,1.0
6,7.494803389018756e-11,1.600596988282632e-08,1.6035456382873514e-12,2.92273392987763e-11,4.62241764864757e-08,5.399735519828752e-11,1.0
6,2.3741000484966968e-11,2.9143423230237886e-09,6.234189596845963e-13,5.661648580512768e-11,5.197358987629741e-09,4.291680899548567e-11,1.0
6,6.645779759839598e-11,1.643003399998122e-09,6.08759136849768e-13,5.5889685240950726e-11,1.4053467722874302e-08,4.1983617971030895e-11,1.0
6,3.316885308080053e-11,3.2055200716030186e-09,1.4960057389927506e-13,2.0007755868745036e-11,5.695547855566474e-08,5.730178831431232e-11,1.0
6,2.2849784130779538e-12,2.102423568572931e-09,2.486306245521458e-13,1.15613123241598e-10,2.0090197949684807e-08,1.1202937189036533e-10,1.0
6,1.255068531741399e-11,6.339781477571194e-10,1.1122551447570461e-12,4.809300180319553e-10,7.75753949966429e-09,3.124097647244639e-10,1.0
6,1.9266452582628046e-12,7.693602199765337e-09,2.5310436797647273e-13,6.13183323561195e-11,8.648027005619952e-08,1.427563345313132e-10,0.9999998807907104
6,1.2430529695850456e-13,9.885035012757726e-10,8.201407353811488e-14,1.2504688257086727e-11,1.6932427016058682e-08,2.7749966213796995e-10,1.0
6,4.064001218884172e-11,2.3915232461035885e-08,2.6748266795939557e-11,5.647575185285802e-10,3.4422618000462535e-07,5.6588671526469625e-09,0.9999996423721313
6,2.597916022931135e-12,1.7314999212203475e-08,1.0729724400637686e-11,8.72610386726258e-11,4.9998152285013475e-09,5.746470854717245e-09,1.0
6,5.692408350244094e-12,1.8474556995329294e-08,3.217226181642663e-12,1.1246269193687652e-10,1.1511199993208265e-08,9.592313610085057e-10,1.0
6,1.0274703310386712e-10,1.7698325791570824e-06,5.697913061514237e-12,1.4542897441849334e-10,5.432942202787672e-07,5.663571833736114e-10,0.999997615814209
6,3.5546413035270064e-11,2.8890462999697775e-07,1.0525586478793425e-12,2.1655026730127425e-11,9.244375860362197e-07,3.264270242997469e-10,0.9999988079071045
6,5.233138575255758e-12,1.5571160361105285e-07,2.0009405102879713e-13,6.451767505660788e-12,4.7541266212647315e-07,1.693259421564619e-10,0.9999994039535522
6,1.3400546948136305e-12,8.367287307464721e-08,3.1828237419782857e-13,3.9470645502026613e-11,3.610738872339425e-07,8.846376964299907e-10,0.9999995231628418
6,2.6362618685271677e-11,2.609338309866871e-07,2.976218447039991e-12,2.1356197366095842e-10,2.7630659360511345e-07,9.68407909418545e-10,0.9999995231628418
6,7.325243927061575e-13,8.962845576832024e-09,1.3640168638681671e-12,6.588392331696724e-11,7.724878514636657e-09,1.7871512048017735e-09,1.0
6,4.100377155868973e-12,5.7584852442005285e-09,1.0218041690546187e-12,2.0939346090376176e-10,8.966881459571141e-09,1.6615464559777138e-09,1.0
6,2.9711928989199776e-13,3.098009671020918e-08,2.0198207689725578e-11,8.09563083237208e-10,9.80367675929017e-10,9.889320473632779e-09,1.0
6,1.3500364021146183e-11,1.0716024689827464e-06,1.4919142310443334e-10,3.866273079466964e-09,1.3940474730134156e-07,1.045691746526245e-07,0.9999986886978149
6,7.621393099954688e-12,2.224373929493595e-07,5.911180572804042e-11,2.8672162422083147e-09,1.96970319166212e-07,4.711553458491835e-08,0.9999995231628418
6,8.891213459927272e-11,5.409501113717852e-08,1.6764443999672807e-11,3.7119169959964893e-09,8.892095593182603e-07,2.5779968382266816e-08,0.9999990463256836
6,2.158813572350482e-09,1.2409631722221093e-07,2.6191426805155515e-10,1.1461207094498604e-07,1.8862783690565266e-06,1.6274302083729708e-07,0.9999977350234985
6,4.083734683746343e-09,2.3084635358827654e-07,3.1026775593190337e-10,1.310299158063799e-08,2.0555399160571142e-08,2.2252791609389533e-08,0.9999997615814209
6,7.523380252116851e-10,2.258698117429958e-08,5.5036319251966503e-11,4.038022360930427e-09,2.658525133369949e-08,7.050183992163284e-09,1.0
6,2.2861927906348e-09,2.3981866092981363e-07,4.241010875816187e-10,2.06437231753398e-08,9.507711240530625e-08,1.5069430148173524e-08,0.9999996423721313
6,1.0975339387320204e-10,9.621420815619786e-08,9.070320189374925e-11,9.307608905828602e-09,1.4872097331419809e-08,2.4686674038321144e-08,0.9999998807907104
6,4.48841961861457e-12,6.955597209312714e-11,7.311131951584504e-13,3.2565442009691026e-10,2.1388462112525986e-09,2.535484489030182e-09,1.0
6,1.361808582567292e-10,1.280485495414041e-09,9.06608399464659e-11,3.157279993004636e-09,1.9556716246427186e-09,2.2137607302852302e-08,1.0
6,6.3178480225190015e-09,1.7642989291744016e-07,3.794455949446274e-08,5.490426602250409e-08,1.8337497920128953e-07,7.768687737552682e-08,0.9999994039535522
6,2.549468691714907e-10,7.132063828407809e-09,3.52380867540969e-11,8.249619320999102e-10,1.0353214463520999e-07,2.961229927933573e-09,0.9999998807907104
6,1.2852732211854345e-08,1.3972759838054571e-08,1.9367305537087987e-09,4.900657657458396e-08,9.586885880707996e-07,1.254196035915811e-07,0.9999988079071045
6,1.308694947965705e-07,2.9890119890296774e-07,3.773369616766331e-09,6.361109683439281e-08,2.6350824100518366e-06,1.1050352810570985e-07,0.9999967813491821
6,1.1388559428837652e-08,1.4392067981816581e-08,1.3104126672658367e-08,1.2988623154797097e-07,1.2361585959297372e-06,6.49923990181378e-08,0.9999985694885254
6,1.4216123389587665e-08,5.5831097967029564e-08,4.4184296221772e-09,2.392480382695794e-07,2.8838035177614074e-06,3.793859804090971e-08,0.9999967813491821
6,1.8834065418360524e-09,2.93378299431879e-09,4.101388673127815e-10,8.30743118740429e-08,3.879139853779634e-07,4.0491032748946054e-09,0.9999995231628418
6,1.3526704756294805e-10,1.5490646265714503e-10,7.922479339228516e-11,3.399916437274442e-08,3.774823653657222e-08,1.346131206503287e-09,1.0
6,9.78023079190038e-11,6.046808054271935e-10,1.240350044895422e-10,1.1697453317083273e-07,1.9144692942063557e-08,4.2616590256727704e-09,0.9999998807907104
6,7.426169922053472e-12,7.733513829322192e-10,3.914692181528068e-11,1.64963935844753e-08,1.100723290292649e-09,6.714103051308484e-09,1.0
6,2.2200361340929398e-11,9.758304164719789e-10,6.404060615139429e-10,3.5886507987470395e-08,5.502825972669712e-10,5.675529024529169e-08,0.9999998807907104
6,2.1094508084740227e-11,4.034586553736119e-10,7.104753591002932e-11,7.710806215754928e-09,2.835893464503414e-10,2.3111635272243802e-08,1.0
6,1.0380718853952864e-11,3.751262911411146e-10,3.0098412651113904e-10,2.67638782247559e-08,8.468836742991925e-10,4.266899367166843e-08,0.9999998807907104
6,1.6158820158665432e-12,3.4315869590351156e-11,3.456925024014623e-11,6.989903322818236e-09,1.6945074510221758e-10,2.9155946990044868e-08,1.0
6,1.1978134413156982e-12,1.169196683914464e-11,5.48139875503062e-12,2.2212798267418066e-09,1.9771803638768404e-10,4.728694324995786e-09,1.0
6,1.4138641429503607e-12,2.895799398883181e-11,1.1452469181327807e-11,1.1981814651562672e-08,6.537498320469126e-10,1.3224542350087631e-08,1.0
6,1.2857335855709362e-11,1.2541070959493084e-10,3.980376098167149e-11,1.684429307147184e-08,1.2444668628930344e-09,7.797700618539238e-08,0.9999998807907104
6,6.009812873047915e-12,2.632304652028239e-10,1.0588817322965127e-10,5.0471303580934546e-08,7.44905859217937e-10,1.0351496371185931e-07,0.9999998807907104
6,3.2803670804021356e-12,7.366977167189148e-11,2.788444822265923e-11,2.2711521552309932e-08,6.157092058423075e-10,8.04106861096443e-08,0.9999998807907104
6,2.407136989734937e-13,9.88347858416061e-12,4.302596039867934e-12,5.138199643539565e-09,8.206944152044926e-11,2.0452940674431375e-08,1.0
6,2.2577102134439114e-13,2.0637793557432005e-11,1.3985554034312564e-11,1.415396866377705e-08,2.493252826418768e-10,4.204979831001765e-08,1.0
6,5.872314760109118e-14,1.0635807555850474e-12,2.313976375963034e-13,3.671755344214489e-09,1.3512128915760258e-11,2.5210709075906834e-09,1.0
6,6.42033897834543e-14,7.563944045760329e-13,4.802253429983527e-13,1.3811622068260476e-08,1.0679681097802707e-11,1.8596054696118358e-09,1.0
6,3.0459315625286365e-13,1.3104943562616822e-12,4.1530242244312843e-13,2.1705286457063266e-08,7.490587317082742e-11,1.926045767319806e-09,1.0
6,2.764895788449212e-13,1.4663854982707725e-12,5.794301670414281e-13,7.659140521809604e-08,1.7791439155256938e-10,7.590537087764915e-09,0.9999998807907104
6,6.794537805651646e-14,2.1007527314931274e-12,2.5025486782674633e-13,5.63779884998894e-08,2.3204234367302234e-10,1.1013454148667279e-08,0.9999998807907104
6,7.541858847506799e-13,6.744884598758327e-12,3.7474385573832425e-13,6.54983551839905e-08,5.166498895370353e-10,2.5786812685169025e-09,0.9999998807907104
6,4.395045091754035e-12,4.4918898461920875e-11,1.4842170461409898e-12,6.654973105924e-08,5.971213745681325e-09,8.962776298915287e-09,0.9999998807907104
6,4.138294741606874e-12,5.852844597864504e-11,2.862382423099441e-12,9.462810623972473e-08,5.0480903901473084e-09,5.401831870699425e-09,0.9999998807907104
6,9.275566426047988e-13,1.0727617578976112e-11,6.415360321969377e-13,2.0649165932695723e-08,9.42741884557563e-10,2.8413800201576578e-09,1.0
6,1.2337122642924747e-11,1.5468412661867603e-10,2.7577712249232667e-12,1.201343309276126e-07,6.9007244363206155e-09,5.7168656475425905e-09,0.9999998807907104
6,3.873343052546163e-12,3.0070855527863927e-11,1.4925065306911622e-12,4.2441158143446955e-08,4.676053433350091e-10,2.094251216888665e-09,1.0
6,2.480394904226524e-13,2.629634010542503e-11,2.775464970697361e-12,3.0897542302454895e-08,5.065244404467428e-11,1.217314138379777e-09,1.0
6,4.48798929877231e-13,2.5983932019912892e-11,5.80069672850847e-12,4.858502222759853e-08,4.468962352954797e-11,2.46674614068354e-09,1.0
6,7.1219124347932095e-12,2.8223853809627997e-11,4.8584292838826926e-11,1.4127367364835663e-07,7.71861116688477e-11,1.3182005709211353e-08,0.9999998807907104
6,2.550603229057452e-13,1.0832479011013696e-11,1.4962526009854038e-11,1.3645375496196266e-08,1.466780863434991e-11,5.786803924934247e-09,1.0
6,3.660016734130522e-12,9.743992938904267e-12,4.646382237294411e-11,6.360438220553988e-08,6.361666055054727e-11,5.4567284024642504e-08,0.9999998807907104
6,1.1694990679003703e-12,2.889966391195209e-11,2.7312169886828386e-11,1.8233798471101181e-07,5.927428686769431e-11,5.132461566859092e-08,0.9999997615814209
6,5.1813366964970076e-12,5.117886149597073e-12,1.7316013802958635e-13,2.5183615193213882e-08,1.0049184401283995e-10,2.539269239321129e-09,1.0
6,1.988880848208252e-12,3.0110957130458083e-12,1.8503391364683291e-13,7.280865244041479e-09,2.2713582403799393e-10,7.243949884383483e-09,1.0
6,1.4187222230344076e-10,6.577278999220226e-11,1.1711761768729012e-11,2.0553549973101326e-07,4.5039283413927933e-10,2.5696236249928006e-08,0.9999997615814209
6,4.678734136231988e-11,1.1584248005291897e-09,3.519676564089913e-11,2.956844298296346e-07,1.6450371620457815e-10,4.156406774313837e-09,0.9999996423721313
6,5.547440111441926e-12,9.247841381565536e-11,1.8337568876564125e-12,9.812268331188534e-09,1.4495907252332074e-10,1.147758443842406e-09,1.0
6,2.287856536165034e-12,8.142564400515084e-11,3.2207426287587937e-13,3.2268492322629072e-09,2.268210896883005e-10,5.571569317019964e-10,1.0
6,1.8269829822181033e-13,6.824889958734204e-11,1.6878622252029102e-14,3.458542618961502e-10,2.3739835097735806e-10,1.0749497125761565e-10,1.0
6,2.6478685563602333e-11,2.0396986322168686e-09,4.421387735098481e-12,1.794410309230443e-08,2.4792552455465966e-09,1.8406041135676787e-08,1.0
6,4.106904746836726e-11,6.752913606078437e-08,4.3636066981989075e-10,4.037097411924151e-08,7.381273547935052e-08,4.862617402068281e-07,0.9999992847442627
6,5.8417453097092675e-09,3.346500534462393e-07,3.672688819733594e-09,1.1719610029103933e-06,4.740201404729305e-07,1.3853962173016043e-06,0.9999966621398926
6,3.858394936884224e-09,6.742586720065447e-07,3.961410044439617e-08,1.447355998607236e-06,6.175296221044846e-07,6.786096037103562e-06,0.9999904632568359
6,7.492892528659922e-09,3.627436910846882e-07,9.549074064807428e-08,3.9092176962185476e-07,9.364195534544706e-07,8.236057510657702e-06,0.9999899864196777
6,3.13415071673262e-10,2.3648688340927038e-07,1.999265819563334e-08,3.5893367567041423e-07,5.112897838444042e-07,1.1622728379734326e-05,0.9999873638153076
6,3.223309119615436e-10,7.414095648528019e-08,2.177946711867662e-08,3.9078872760001104e-07,7.059227158379144e-08,7.434657618432539e-06,0.9999920129776001
6,9.06961866720124e-11,6.71532873752767e-08,7.624395337302303e-09,4.106518929347658e-07,4.8664354324046144e-08,7.736807106084598e-07,0.9999988079071045
6,2.0691544477813295e-08,2.2405113213608274e-06,3.2370664371228486e-07,4.468879524210934e-06,6.376280907716136e-07,5.697666438209126e-06,0.9999865293502808
6,1.2097438002456329e-06,1.623854404897429e-05,3.078812369494699e-06,2.0606723410310224e-05,2.0489382222876884e-05,3.082815601374023e-05,0.9999074935913086
6,2.7171176952833775e-07,1.9901979612768628e-05,5.677974058926338e-06,4.756601356348256e-06,6.699840014334768e-06,7.279869896592572e-05,0.9998898506164551
6,9.164524250593331e-09,1.6173671610886231e-06,1.0780359716022758e-08,2.897780859711929e-07,3.4204251733171986e-06,1.238314098372939e-06,0.9999934434890747
6,3.2681686690239076e-08,1.9088017779722577e-06,1.0457799248797528e-07,1.6765544614827377e-06,4.448911568033509e-06,6.009678145346697e-06,0.9999858140945435
6,1.8527401834944612e-09,6.077665375414654e-07,3.486599675639468e-09,1.8926779432604235e-07,8.367464943148661e-06,7.554686476396455e-07,0.9999901056289673
6,1.9684755159232736e-07,3.3446165161876706e-06,1.021800528633321e-07,5.099873305880465e-06,5.165116454008967e-05,2.2009453459759243e-05,0.9999176263809204
6,4.022129189706902e-07,2.4848352495610015e-06,2.0169120773516624e-07,1.3654153917741496e-05,5.910895924898796e-05,3.790177288465202e-05,0.9998862743377686
6,2.9150723435122927e-07,4.12695953855291e-06,1.5611861670095095e-07,4.753647590405308e-05,0.0003677716013044119,6.5792424720712e-05,0.9995143413543701
6,3.744140713024535e-07,3.8951939131948166e-06,3.8837040960970626e-07,0.00020101937116123736,0.0003749535244423896,0.00019201078976038843,0.9992274045944214
6,1.2150599104643334e-06,7.576054940727772e-06,3.986370984421228e-07,0.0017017035279422998,0.0010966829722747207,0.0015945249469950795,0.9955978989601135
5,8.027856529224664e-05,1.2773979278790648e-06,1.7096131159632932e-06,0.030788440257310867,0.002888065529987216,0.963003933429718,0.0032362770289182663
5,7.444249604304787e-06,1.3781348684460681e-07,1.076239257713496e-07,0.006763089913874865,0.004859480541199446,0.9871076941490173,0.0012619971530511975
5,1.7836160623119213e-05,5.200258001991642e-09,1.2157464368556248e-07,0.0008662763866595924,0.00022291728237178177,0.9984301924705505,0.00046261012903414667
5,6.114198640716495e-06,4.731558433945793e-08,1.256445045783039e-07,0.0019088322296738625,0.0019215564243495464,0.9958850741386414,0.0002782877127174288
5,1.550099295855034e-05,5.948535530819754e-08,5.121158324072894e-07,0.0052519310265779495,0.0009838524274528027,0.9918256998062134,0.001922427210956812
5,1.5072897440404631e-05,9.115364463241349e-09,6.573999655756779e-08,0.0022522793151438236,0.0006833037477917969,0.9970377683639526,1.1456515494501218e-05
5,7.577394626423484e-06,8.840725373993052e-10,2.897929185508019e-08,0.0016877757152542472,0.0003964365168940276,0.9978939890861511,1.419640193489613e-05
5,4.644727232516743e-05,2.460837089657275e-09,2.344019236488748e-07,0.0024412188213318586,0.00033935936517082155,0.9970546960830688,0.00011805092799477279
5,2.484400965840905e-06,3.591210384623622e-10,2.0167529868331258e-08,0.0004209392354823649,0.0005887263687327504,0.9989787340164185,9.082328688236885e-06
5,1.3033201184953214e-06,3.948898499861464e-11,6.4091638662944206e-09,0.0001116576386266388,9.195293387165293e-05,0.9997946619987488,3.73570571809978e-07
5,2.2747140064893756e-06,1.63184587370635e-11,7.486537612066968e-09,7.46947989682667e-05,1.9893430362571962e-05,0.999902606010437,4.2027443214465166e-07
5,1.054626636687317e-06,4.161416003456431e-11,2.2968542623402755e-08,0.00014726682275068015,1.6956346371443942e-05,0.9998337030410767,9.385547059537203e-07
5,1.331050862063421e-05,1.0026821595232605e-09,4.559857558206204e-08,0.0002734492009039968,8.927117596613243e-05,0.9996143579483032,9.488987416261807e-06
5,2.1543050024774857e-05,4.010871079707101e-10,2.5961142569030926e-08,0.0001693215745035559,5.3259438573149964e-05,0.9997504353523254,5.377827619668096e-06
5,2.1216694221948273e-05,1.873281807451832e-10,1.3227190898135177e-08,0.0002484094293322414,9.869130735751241e-05,0.9996299743652344,1.678616285971657e-06
5,4.9397756811231375e-05,4.320680480063288e-10,2.5244910162314227e-08,0.000352751201717183,0.00014138699043542147,0.9994556307792664,7.247805910992611e-07
5,7.772194294375367e-06,6.403052393855191e-11,6.663730900413611e-09,0.0001709367788862437,7.329839718295261e-05,0.9997476935386658,3.4243930713273585e-07
5,1.9332160263729747e-06,1.7657536890980374e-11,1.944966854239283e-09,7.416787411784753e-05,5.852118556504138e-05,0.9998651742935181,2.3176154684279027e-07
5,3.1195286283036694e-06,2.4925101912987024e-11,1.2619544298431151e-09,0.00015448193880729377,0.00019232428167015314,0.9996492862701416,7.80076277351327e-07
5,1.1066065326303942e-06,7.348733427336995e-11,6.644098049513047e-10,0.0001520365767646581,0.00015166150114964694,0.9996949434280396,2.748169549704471e-07
5,1.5499841765631572e-06,1.0790164768625932e-11,2.8861457668227786e-10,0.00016123420209623873,8.311648707604036e-05,0.999754011631012,6.016856701762663e-08
5,8.940484690356243e-07,8.155633113293703e-11,1.253578907345343e-09,0.0009530616225674748,0.0006181838107295334,0.9984272718429565,6.359262556543399e-07
5,2.434320833799575e-07,4.823628996231122e-11,2.4380772956078545e-09,0.001031372812576592,0.0002532796352170408,0.9987133741378784,1.692756882221147e-06
5,3.737564213679434e-07,3.6644778877992223e-10,4.373667816803817e-10,0.0007879957556724548,0.002173659158870578,0.9970347881317139,3.182230102538597e-06
5,1.8276706441611168e-06,2.81707168703349e-09,8.527833550431296e-09,0.0028372667729854584,0.0023500488605350256,0.9947920441627502,1.8821809135260992e-05
5,1.2080965916538844e-06,2.652218888954394e-09,3.4296545603496043e-09,0.0004965090192854404,0.0006248785648494959,0.9988736510276794,3.750692485482432e-06
5,1.5249077023327118e-06,2.0337218575861016e-09,7.499894039142418e-09,0.0020593225490301847,0.001009818515740335,0.9969195127487183,9.816221790970303e-06
5,1.501496740274888e-06,6.6160836809103785e-09,6.250257200690612e-09,0.003603101009503007,0.0025671334005892277,0.993806004524231,2.2338903363561258e-05
5,3.3067999538616277e-07,1.8406640656110085e-09,7.26996285393966e-09,0.0011335116578266025,0.0002793365274555981,0.998584508895874,2.302288976352429e-06
5,1.0766475355694638e-07,1.942765726070661e-09,8.602119017098175e-09,0.001109754084609449,0.00032661156728863716,0.9985602498054504,3.30235343426466e-06
5,1.1223952469663345e-06,4.2590128646047276e-10,1.1238059371976306e-08,0.0135343037545681,0.0008841531234793365,0.9855740666389465,6.361871783155948e-06
5,8.448791533055555e-08,1.4318876813412817e-11,6.602624003093638e-10,0.0002151297521777451,8.392878953600302e-05,0.999700665473938,2.3461190323814662e-07
5,5.118456769537261e-08,7.300817589372954e-11,1.0037414233110553e-09,0.0006463250028900802,0.00022529685520567,0.9991274476051331,7.967286705934384e-07
5,1.4368904288630802e-08,2.0693757471490493e-11,4.139252829382656e-10,0.000989211956039071,0.00014995058882050216,0.9988596439361572,1.1719196209014626e-06
5,6.932909712986657e-08,1.6608084352220942e-10,8.588763034111935e-10,0.003565604565665126,0.000428136030677706,0.9960030913352966,3.156909997414914e-06
5,1.7770777560599527e-07,4.2908617631232104e-11,3.0220012603443536e-10,0.0011204140027984977,0.0005830521695315838,0.9982960820198059,2.3406877858178632e-07
5,1.1401549500078545e-06,3.1534114208753294e-10,1.967740193009604e-09,0.003941488917917013,0.0029865144751966,0.9930670261383057,3.9169913179648574e-06
5,5.895224148844136e-06,1.2741371291369319e-09,7.130805812494145e-08,0.006480150856077671,0.0009342391858808696,0.9925382733345032,4.1337239963468164e-05
5,1.761127236932225e-06,1.472449384642971e-10,1.2505876334500954e-08,0.0028574266470968723,0.004686552565544844,0.9924526810646057,1.639514152884658e-06
5,1.3524106179829687e-05,3.1420366308765324e-10,1.594387981640466e-07,0.0037964002694934607,0.0005462909466587007,0.9956415891647339,1.970650146176922e-06
5,3.75658055418171e-06,2.6975649491944864e-10,2.0562014313441068e-08,0.004225714597851038,0.002502903575077653,0.9932641983032227,3.3987757888098713e-06
5,1.2754760064126458e-05,2.7724154083585972e-09,7.479389552145221e-08,0.022854654118418694,0.021960657089948654,0.9551113247871399,6.053238394088112e-05
5,7.096770787029527e-06,7.687321890159637e-09,3.8086316322960556e-08,0.02720472402870655,0.1580006331205368,0.8147059679031372,8.155345858540386e-05
5,9.296933967561927e-06,2.5915973811407866e-09,7.255731588884373e-07,0.007265981286764145,0.0041094375774264336,0.9885938167572021,2.0747022063005716e-05
5,2.1773428215965396e-06,5.58473480793964e-08,5.143390922057733e-07,0.20225097239017487,0.03257768228650093,0.7648261785507202,0.0003423895104788244
3,8.995961309210543e-08,8.190021105747292e-09,1.1146195078026722e-08,0.9996916055679321,0.0002948952023871243,1.071067430302719e-07,1.3354603652260266e-05
3,1.5922349660968393e-08,3.878388721290094e-09,1.1731260407543687e-10,0.999875545501709,0.00012347919982858002,6.170942867811391e-09,9.520762773718161e-07
3,8.307451793143628e-08,2.1043136122500528e-09,1.0905732983346184e-09,0.9999619722366333,3.345480945426971e-05,4.830376454378893e-08,4.493607775657438e-06
3,2.6357329829806986e-07,2.279555655348986e-09,1.347123246286941e-10,0.9998960494995117,0.0001032311120070517,3.20981357049277e-08,3.8929874790483154e-07
3,4.881308655058092e-07,9.290743285816916e-09,8.126693762378068e-11,0.999407172203064,0.0005921285483054817,2.2080133277313507e-08,2.0249306942332623e-07
3,4.839765210817859e-07,6.824049325615533e-09,2.661834919148731e-10,0.9998148083686829,0.00018439632549416274,3.179525620566892e-08,3.07991456338641e-07
3,4.201958248017945e-08,2.1118649051743432e-09,1.6010956449541425e-11,0.9998953342437744,0.0001045797616825439,3.789327462921932e-10,2.6353124127354022e-08
3,2.8186999401214052e-08,6.738759550373175e-10,4.244635892769466e-11,0.9999829530715942,1.696639992587734e-05,1.5458012647684427e-09,3.880235510678176e-08
3,1.045345001671194e-07,4.092948202583102e-09,1.3907179574612627e-10,0.999968409538269,3.091335383942351e-05,4.177035162200582e-09,5.251812922324461e-07
3,2.7371127586661714e-08,3.389479530380157e-10,3.9291211950676086e-10,0.9999973773956299,2.5408266992599238e-06,8.614756685787484e-10,5.650347745245199e-08
3,4.864142422178475e-09,2.4979296409100016e-10,6.395913243473217e-10,0.9999972581863403,2.5550214104441693e-06,2.3260107173683764e-09,1.7901844273637835e-07
3,1.203248056746986e-09,2.3542898186512673e-10,9.938403398856988e-12,0.9999991655349731,6.273489248087571e-07,1.888822848128413e-10,1.7406851782197919e-07
3,1.1314365444548002e-08,8.354259645182438e-11,7.513499371281096e-12,0.9999990463256836,9.70779751696682e-07,1.0685489160167094e-09,1.6060511143223266e-08
3,8.783681421098422e-11,4.057649615613057e-12,1.787393068839252e-13,1.0,2.101705920409813e-09,1.4364434663440007e-13,1.9119514860221898e-08
3,1.0130261907104199e-10,3.627292910479696e-11,4.112345013129737e-12,1.0,5.4649236247428234e-09,5.7173267856147625e-12,1.958860806894336e-08
3,5.619266445384963e-13,4.981262255975005e-13,7.088418258393778e-14,1.0,9.469789397087425e-10,3.7593924284359814e-14,4.695850375213695e-10
3,3.301231250169012e-12,6.755017552262377e-12,1.2005084426558454e-11,1.0,2.2576276959007657e-10,1.752454951986504e-12,3.128215197989448e-08
3,1.673236879997167e-13,1.3131991154213818e-12,2.8865619963736044e-11,0.9999998807907104,7.399672888319664e-12,3.0902631663462174e-14,7.820533198810153e-08
3,1.9444979480753855e-12,1.0816927215051564e-11,5.462240104670002e-10,0.9999995231628418,2.1915361886337692e-11,1.119154335177397e-11,4.5471355747395137e-07
3,5.730097386164035e-12,5.328139318638847e-11,7.129011270201602e-10,0.9999996423721313,6.999219259729017e-11,2.0540239648036973e-11,3.7075358250149293e-07
3,4.126388120084812e-10,6.2898547481538e-10,5.1402892359275754e-11,0.9999995231628418,4.757224836282603e-09,5.5653079367168345e-11,4.5212209442979656e-07
3,1.3525787477888795e-12,1.205226057843234e-10,3.934284809829075e-13,1.0,2.368656604190278e-09,7.558589306755695e-14,2.4221387562306518e-08
3,9.528657377022576e-12,2.852889036120132e-10,4.060950523337298e-13,0.9999992847442627,5.1760295605163265e-08,2.1914299801889525e-12,6.528774747494026e-07
3,2.142351053502356e-11,1.9730637124126815e-09,2.0149327085300373e-12,0.9999998807907104,3.9213858826769865e-08,5.925626200657674e-13,1.0908842540402475e-07
3,4.794801355956224e-08,3.4758942391022174e-09,2.4791509123378574e-11,0.9999990463256836,9.28244389797328e-07,4.351767557420061e-11,1.1333956884129748e-08
3,1.4669999659489008e-09,6.373898631117925e-10,7.009726458138965e-13,0.9999996423721313,3.8582541606047016e-07,5.122432968247825e-13,1.0031591557435604e-08
3,5.3970882873954906e-08,1.010433181569681e-09,5.212551744404603e-12,0.9999963045120239,3.5854468478646595e-06,3.0919843074794784e-11,2.7503641586434924e-09
3,1.3218904193479375e-08,1.5174572709497625e-09,1.209848887739895e-11,0.9999531507492065,4.684049781644717e-05,1.1969956970059314e-10,2.36630732786125e-08
3,1.8634947807072422e-08,2.4875308479721525e-09,9.776410930806279e-11,0.9999716281890869,2.8236740035936236e-05,4.526675423388582e-10,5.8132261671062224e-08
3,1.2172929331200066e-08,1.1615595152392189e-09,2.0204050238392668e-11,0.9999725818634033,2.7359479645383544e-05,3.805364356956886e-11,2.4570770307263956e-08
3,1.5540379649792158e-08,7.025697801310571e-09,1.9730240011228695e-11,0.9996986389160156,0.00030103613971732557,7.512109267970857e-10,3.729573450073076e-07
3,7.604326945909179e-09,5.997141450109211e-09,5.282950292506694e-12,0.9999476671218872,5.219488957663998e-05,1.1615965134215145e-10,1.3868728387933515e-07
3,4.083867466420088e-08,6.536587715544329e-09,1.2775955293697905e-10,0.9999479055404663,5.179040090297349e-05,1.7803830631990536e-09,2.971169124066364e-07
3,3.9527577655462665e-08,5.058419905168421e-09,2.39777253607798e-10,0.999945878982544,5.37167361471802e-05,2.1812871509041543e-09,3.9280780583794694e-07
3,6.057316426222314e-08,8.460071754257115e-09,1.6521087276011315e-10,0.9999899864196777,9.929372026817873e-06,6.092999438322977e-10,7.130487489348525e-08
3,7.356279585479797e-09,1.7679129271641614e-09,1.4167843981338635e-11,0.9999991655349731,7.848415179978474e-07,7.387228849464744e-12,1.0841167963349108e-08
3,8.021728170604092e-09,9.798323263865427e-10,1.3801787403927568e-12,0.9999992847442627,6.67330766646046e-07,8.468995903870846e-13,5.6234586764958294e-08
3,1.6595834040344926e-08,3.8983163919148467e-10,4.7760207247393716e-12,0.9999960660934448,3.868293333653128e-06,1.5096576766460146e-10,6.701209542825382e-08
3,1.6002259239922267e-10,1.4429446353048103e-11,1.0932950372929615e-13,0.9999998807907104,1.0451326915017489e-07,4.77100760428676e-14,1.8667634549274226e-08
3,3.554272987038587e-10,9.115131566206358e-11,1.889974938704131e-12,0.9999996423721313,3.9120413930504583e-07,2.8930805234111956e-12,1.2690362538592126e-08
3,4.399408268240812e-11,1.0818766889297837e-11,5.810859063891394e-13,0.9999998807907104,8.70874146130518e-08,1.999881597131159e-12,2.921956010482063e-09
3,3.502570802838001e-11,5.4827243439747875e-11,2.022382261657185e-11,0.9999990463256836,9.757669339194308e-09,9.835740728825204e-12,8.925953238758666e-07
3,1.4825540101126577e-11,9.002085188392073e-11,3.5629259959035764e-11,0.9999997615814209,4.403310072120803e-08,7.485015385277904e-11,1.6839496197462722e-07
3,2.9614624554724633e-12,2.1685231388346438e-10,2.9059821216037562e-09,0.9999997615814209,8.753950453410653e-09,3.407384097098287e-10,2.2070872773838346e-07
3,5.373986672330133e-11,1.9160745212687402e-10,1.5825489807497206e-09,0.9999998807907104,1.2074727884225922e-08,1.8218770936329065e-10,6.507659122689802e-08
3,2.63600752337112e-10,2.0160036140470794e-10,1.2327402210132732e-08,0.9999998807907104,7.320564598956025e-09,3.7030292721063063e-10,4.698855704532434e-08
3,3.3783788266905646e-11,6.687805864658003e-11,2.081269601106328e-09,1.0,9.565169101222182e-09,8.207777235647029e-10,2.9628759889988032e-08
3,2.7475730024484335e-10,1.0761538188353015e-10,5.986140916292015e-09,0.9999998807907104,3.4476915544701114e-08,2.606834526019952e-09,5.069194486395645e-08
3,9.30351018446629e-10,4.4340286997623934e-10,8.447845090131523e-08,0.9999986886978149,5.5585971381333366e-08,4.535849029707606e-09,1.1766152283598785e-06
3,1.6001520941610892e-10,2.3670813573128946e-11,2.0670425371349666e-09,0.9999995231628418,1.3876016780045575e-08,2.006972366075388e-09,4.5286003569344757e-07
3,1.7919958572587547e-10,2.4601820580727463e-11,1.7732826318450634e-09,0.9999991655349731,5.330342673914856e-07,2.874477367242889e-08,2.632517634992837e-07
3,2.0696611091608474e-10,1.2811213895291829e-11,7.995681339245664e-10,0.9999996423721313,1.6478786335483164e-07,3.903719125730731e-09,1.6826813009629404e-07
3,8.30587057465415e-11,4.112915791363442e-13,2.518617085722763e-11,1.0,2.2370805652371928e-08,8.635470116757915e-11,8.470506074331752e-09
3,3.231728469901829e-12,1.386739030898032e-13,1.0988992701910227e-11,1.0,7.363739840116068e-09,4.869218916958573e-11,1.3363971040902811e-09
3,4.372706016719796e-11,3.1651238704619167e-13,4.744644260812336e-11,1.0,2.9545576651912597e-08,8.548521335249859e-10,1.5252014762268118e-08
3,7.255267220340755e-11,9.605549455881171e-14,6.1459752218051555e-12,1.0,1.1440348224311947e-08,1.7078106984147468e-10,2.5934394631832447e-09
3,1.2896789192140545e-10,4.082138815343639e-13,8.73505868331792e-12,1.0,2.3704023632831195e-08,5.167760663837839e-10,7.71343966476934e-09
3,1.7241294503200777e-10,1.4881340246446911e-13,5.0296714709796575e-11,1.0,3.391942726693742e-08,1.4249390556386743e-09,1.0831235464081601e-08
3,9.163719089100297e-11,2.292201530581378e-13,2.7674050551151907e-11,1.0,5.55707524441118e-09,3.1121358962105106e-11,3.4614959787404587e-08
3,2.4308696722208367e-10,9.425674894454963e-14,1.3388091850419226e-11,1.0,1.3788459263253117e-08,6.55292183363021e-12,1.2090948242615696e-09
3,2.0923253407634235e-10,1.7012275919589537e-13,1.0510523701379171e-10,0.9999998807907104,7.475526331290894e-08,4.858568061760771e-11,3.52540752146524e-08
3,1.4291570704649814e-10,6.718406213301886e-13,7.122201439724307e-11,0.9999998807907104,6.03101142360174e-08,8.256951372631605e-11,4.322062707728946e-09
3,1.8045076067077503e-12,5.618194711537461e-13,2.105111224226519e-10,1.0,1.5532281016916727e-09,2.0974749714852692e-11,2.23014051670134e-08
3,2.663882670006501e-09,2.156402443762029e-12,1.9693020825162222e-10,0.9999995231628418,4.653223584227817e-07,5.661878965668166e-09,6.293245036204098e-08
3,3.151240657306431e-10,1.5728917734242343e-12,1.1665304278096755e-09,0.9999990463256836,8.855798228069034e-07,9.239450093900814e-09,7.973491200630178e-09
3,1.3860008973853866e-10,6.159562877111613e-13,1.1413202327670291e-10,0.9999963045120239,3.6379451557877474e-06,8.971872689222948e-10,4.39283986963801e-09
3,5.225811450237927e-10,6.465227658791761e-13,1.0701251690337088e-10,0.9999973773956299,2.5657118385424837e-06,2.2591346571232407e-09,9.239593090626386e-09
3,9.59553148049963e-09,7.831184485607157e-12,2.337346982628219e-09,0.9999877214431763,1.2241084732522722e-05,5.0132085149812156e-09,4.6567844691480786e-08
3,4.956442811732131e-09,1.8300569393225885e-12,1.4491225108770323e-08,0.9999791383743286,2.0732843040605076e-05,9.912403697853733e-08,1.5741992598350407e-08
3,8.931346218155056e-10,1.5029432776439422e-12,1.1449360903803552e-10,0.9999874830245972,1.24623775263899e-05,9.175466497701734e-10,4.102422934693095e-08
3,5.0587791733391896e-09,1.0177193289495623e-12,1.6654614354294495e-09,0.999988317489624,1.1701068615366239e-05,5.029263228095715e-09,1.4412878890368575e-08
3,7.614122526922174e-11,5.294192601673631e-12,4.312309884180188e-11,0.9999982118606567,1.7763760524758254e-06,2.394927312021622e-10,3.35345546886856e-08
3,9.581101467759368e-10,1.643420989572153e-11,2.0424646696159954e-10,0.9999938011169434,6.044004749128362e-06,8.623982084010606e-10,1.7663430185166362e-07
3,2.4220394578833293e-08,5.119006607490206e-11,1.0572567266109445e-09,0.9999876022338867,1.2134789358242415e-05,4.86637796726086e-09,2.646409882345324e-07
3,1.3470089488265558e-09,5.784952031295809e-11,1.5267687114572936e-09,0.9999823570251465,1.5619812984368764e-05,8.95974761050411e-09,2.0460715859371703e-06
3,4.670438948778388e-12,5.1001091370961316e-12,2.4436650619685807e-11,0.9999994039535522,5.35087451680738e-07,4.509563208965339e-11,6.501477400888689e-08
3,9.240432863322212e-10,5.833868110816098e-12,1.275703293002195e-10,0.9999991655349731,7.552586680503737e-07,2.920247654802921e-10,9.266263845120193e-08
3,1.3921412633788322e-10,5.855720422442978e-12,7.1935699584579904e-12,0.9999995231628418,3.8051339856792765e-07,6.510287968441997e-12,5.047397877433468e-08
3,1.903775748157699e-10,2.0228426572677094e-11,2.924773964685379e-11,0.9999996423721313,3.82182719249613e-07,1.2762630362261884e-11,1.3137976928589978e-08
3,5.09323083708324e-10,1.521276576932351e-10,4.5305492690772553e-10,0.9999992847442627,7.283721856765624e-07,1.3287754230262294e-10,2.576576818569265e-08
3,3.085833533145177e-10,1.396463361613698e-10,1.2798351267662156e-10,0.9999997615814209,2.004008479161712e-07,1.01316446551869e-11,6.344323111306949e-08
3,3.994232375403861e-11,1.2904045887385251e-10,3.686654280465884e-12,0.9999998807907104,1.522548558341441e-07,8.91754863853976e-14,1.4286351657233354e-08
3,2.975517401915262e-11,2.088856310145104e-10,3.874872211290237e-12,0.9999998807907104,1.9372729198607885e-08,2.0832180720590544e-14,9.002357614917855e-08
3,1.5588074722076156e-13,3.4409065874374534e-11,9.73391939967927e-13,0.9999998807907104,2.1539197092579343e-09,2.0232006631967564e-16,1.0215824630677162e-07
3,6.074437827741086e-12,1.0153254625944186e-10,1.8823616710489377e-12,0.9999992847442627,2.7595431717486463e-08,1.2915159215457178e-15,7.324073294512345e-07
3,1.1188553339022689e-12,1.1637499991445921e-11,1.986903141472894e-14,0.9999998807907104,3.6229351962902e-08,6.047651130762174e-17,9.785357946157092e-08
3,5.180988017078336e-13,7.135482742864907e-12,1.7902990017120562e-14,1.0,1.732117738129091e-08,6.0169750550275836e-18,2.494314754741822e-09
3,4.505841012802936e-12,2.2009961561653135e-11,2.4362931377169827e-12,1.0,3.5877206983059295e-08,3.9222008853376147e-16,1.2064577781245589e-08
3,7.053049984329096e-12,1.489752071703876e-10,4.573821356379515e-12,0.9999998807907104,7.581222405406152e-08,4.172981082998248e-15,1.2611870658929547e-08
3,5.916301303032778e-12,1.7921433434486822e-11,1.9556937720741768e-13,1.0,3.9330942058768414e-08,1.9928602077239033e-16,3.632258660513088e-10
3,3.4154695131155544e-12,4.769557578748751e-12,1.0029196711395377e-13,1.0,1.6786692924597446e-08,9.817769632700443e-17,5.7759914906529986e-11
3,5.782108819518683e-11,1.9034558651487288e-11,3.378294866074327e-11,1.0,5.6335430542731046e-08,6.617600754486516e-14,4.903023542723872e-10
3,4.627437322213268e-10,9.701207892565122e-11,1.838940943965639e-10,0.9999991655349731,8.066273835538595e-07,2.750053006497777e-12,7.051482509012885e-09
3,2.399479226422585e-11,5.0241769078418486e-11,3.146074289972489e-09,0.9999998807907104,7.600841200883224e-08,1.4759462749203145e-11,3.0345095325401417e-08
3,6.537621000113347e-10,8.150669375539543e-12,1.9873162837580338e-10,0.9999997615814209,2.0194410410567798e-07,1.06429734816893e-11,6.275578101622159e-08
3,6.4193437232518136e-09,1.0596376207039349e-11,8.265841136556595e-12,0.9999988079071045,1.111934807340731e-06,5.438901932997009e-12,1.624839818248347e-08
3,6.2944462975167426e-09,4.303400951560787e-12,2.256270691114448e-11,0.9999963045120239,3.6230396744940663e-06,1.2416355443800597e-10,3.144708671243279e-08
3,2.255810649387513e-09,1.934853492702171e-11,3.837755200436499e-12,0.9999992847442627,6.82732036239031e-07,4.628279964141724e-12,7.392950251983166e-09
3,3.3224212270255293e-10,4.0166307779809785e-12,1.1472730317846347e-12,1.0,4.112149554202915e-08,7.436480359453157e-14,2.2278650035900682e-09
3,1.5941363507021578e-10,6.543055160179723e-12,1.0994772800532182e-12,1.0,2.5715854334862343e-08,3.60420481166409e-14,3.1080817919360015e-09
3,1.0319201005845602e-12,6.670550071509462e-13,1.4375954853623751e-12,1.0,7.64792229546174e-10,9.763245857187888e-16,4.398119368698161e-10
3,2.4006458713282663e-12,6.417896596111472e-12,4.092823649437527e-11,1.0,1.0333304878429317e-08,2.9185289303563025e-14,1.5740457826041165e-08
3,2.0389217657984515e-12,1.1526166306119467e-11,7.047601434731487e-13,1.0,1.4363293665553556e-08,7.995721030328658e-16,1.0290251317712773e-08
3,6.306018641294431e-12,9.53104435652552e-12,1.1429211049795995e-10,0.9999998807907104,1.948775363302957e-09,2.8336287851739306e-13,6.738725488730779e-08
3,3.6356565002483576e-13,2.8847501644391205e-12,1.8471973896230093e-13,1.0,2.21654516963099e-08,1.3774985113072097e-14,1.5217407778322922e-08
3,1.0534576544429797e-09,1.9838027054408514e-10,4.492087057883509e-08,0.9999964237213135,2.923266038123984e-06,5.9810756347644656e-09,6.258861162677931e-07
3,2.646638984360461e-11,1.411153832675538e-10,2.059112214070069e-09,0.9999990463256836,2.0376515408315754e-07,6.515579742405464e-11,7.403624522339669e-07
3,1.1152270773528983e-10,2.72252997923772e-10,2.5868018838082207e-09,0.9999932050704956,6.702439918626624e-07,1.4261712644181301e-10,6.091097020544112e-06
3,5.740047015478922e-08,2.4463128744933726e-10,6.092016064940253e-07,0.9999986886978149,4.804240347766608e-07,6.326983825744037e-09,1.5212984294521448e-07
3,8.507731763529591e-08,6.574885635934891e-10,2.9537790879885506e-08,0.9999977350234985,2.0826298623433104e-06,2.0098026021209137e-10,1.0570099462370308e-08
3,1.0942619610432303e-06,1.1601047900100525e-09,1.1553048295809276e-08,0.9999858140945435,1.3125679288350511e-05,1.4314040230889447e-10,3.286664052026822e-09
3,2.5111750456829895e-09,2.3610309887733827e-11,4.963515709555111e-10,0.9999998807907104,1.330996468595913e-07,7.402689572444388e-13,9.934815470291625e-11
3,3.601554112719896e-07,1.2970732821138142e-10,5.41136302434353e-10,0.999998927116394,7.448913379448641e-07,1.4399492015426674e-11,2.755148054145451e-10
3,2.8127395967914026e-09,4.7426944316253383e-11,3.713556198658985e-11,0.9999990463256836,1.0094628350998391e-06,3.0259510717424443e-13,1.597818127807571e-10
3,2.281617206278952e-08,5.955604065466247e-11,1.15163902719706e-11,0.9999983310699463,1.6565750229347032e-06,5.938308113469237e-14,4.8174606664952435e-11
3,1.831068985325146e-08,3.720151617314649e-11,3.554143090944706e-11,0.9999997615814209,2.732874406774499e-07,1.0091821584130856e-14,3.757547745175671e-11
3,3.918611568565211e-08,1.0639082670405031e-10,9.83573889001832e-10,0.9999997615814209,1.6795871715657995e-07,1.3845864830098337e-14,1.9247775595587768e-10
3,1.516552439184693e-10,3.3715790576094307e-12,1.854694002545454e-11,1.0,5.2486237578364126e-09,5.719801734571477e-16,4.1197011080296164e-12
3,1.0202394484792876e-10,1.1228023719112024e-11,1.632804291773482e-08,1.0,5.944679859481994e-09,1.3027970663262532e-14,8.135019741173366e-11
3,4.641000084237845e-10,5.441504885572712e-11,3.150698590914658e-09,1.0,4.25505000123394e-08,3.058392238804706e-15,4.194817826430608e-10
3,2.34662955733711e-08,2.3750129640731643e-10,3.030249118296524e-08,0.9999986886978149,1.246415195055306e-06,1.3352562328386441e-13,2.681861399622676e-09
3,1.2689041817282032e-08,1.6205952135806e-09,4.38667946411897e-09,0.9999947547912598,5.220189905230654e-06,9.9653857214832e-13,1.2578221131320788e-08
3,9.346855733838311e-08,8.064685808051308e-09,1.5624239324552036e-07,0.9999939203262329,5.701899226551177e-06,6.840474020552989e-11,1.1411037803554791e-07
3,6.802735015298822e-07,3.5289044575392836e-08,1.8886900079451152e-06,0.9999727010726929,2.2984568204265088e-05,8.814123320100009e-10,1.740752736623108e-06
3,6.158838345982076e-07,4.637958639364115e-08,1.4346627494887798e-06,0.9999785423278809,1.8046215700451285e-05,2.022728873285473e-09,1.3596982171293348e-06
3,2.2210132044619968e-07,2.1755916179699852e-08,1.053982600751624e-06,0.9999762773513794,2.0618148482753895e-05,1.905352320363818e-09,1.8536310335548478e-06
3,1.6487324216996058e-07,1.524439241507025e-08,4.541395242085855e-07,0.999994158744812,4.634900960809318e-06,1.0766121327776546e-09,5.833898057971965e-07
3,9.230710418250965e-08,4.2718979464950735e-09,1.4731793385180936e-07,0.9999943971633911,5.1598335630842485e-06,3.970846984557852e-10,1.8293739856289903e-07
3,1.7695428766728583e-07,3.6708147632680266e-09,1.3587613523213804e-07,0.9999822378158569,1.7364707673550583e-05,2.608389948477452e-09,9.648743315437969e-08
3,1.1323468243062962e-06,3.433286543952363e-09,1.4679456228350318e-07,0.9998742341995239,0.0001243561418959871,1.4816239790604868e-08,6.426925835967268e-08
3,5.62966022243927e-07,1.2023825268769883e-09,2.2787656916989363e-07,0.9999642372131348,3.488578659016639e-05,3.388316827113158e-08,1.2177363828413945e-07
3,8.689666231020965e-08,6.235760796613476e-10,1.686820212398743e-07,0.9999758005142212,2.3892083845566958e-05,1.8261873790947902e-08,9.687369839639359e-08
3,2.7500948363012867e-07,2.0303536629739938e-10,5.785158307958227e-08,0.9999134540557861,8.584630995756015e-05,2.291627367867477e-07,1.2805921301151102e-07
3,2.2082089401465055e-07,8.955664682064324e-11,2.8584562272726544e-08,0.9999089241027832,9.065320045920089e-05,6.112416173209567e-08,2.7764990306877735e-08
3,4.107023983124236e-07,1.1293598695116813e-10,2.878029476960364e-07,0.999972939491272,2.6145924493903294e-05,9.646372234328737e-08,9.745794216087234e-08
3,3.103033066054195e-07,7.004365837337545e-11,1.8636502829849633e-07,0.9999639987945557,3.53286559402477e-05,1.4629397071530548e-07,1.027491691729665e-08
3,1.4630805935667013e-06,1.528051574162248e-10,4.916059879178647e-07,0.9999549388885498,4.234777588862926e-05,5.967467586742714e-07,1.3869953363609966e-07
3,3.206100700481329e-07,2.438607128729675e-11,3.8058772133808816e-08,0.9999779462814331,2.139249954780098e-05,1.1582131520526673e-07,2.2957456735639425e-07
3,1.8614109364989417e-07,7.606485753763881e-12,1.768334456642151e-08,0.9999775886535645,2.2059675757191144e-05,8.239458537673272e-08,3.124448255675816e-08
3,7.467832006113895e-07,5.836299499240027e-11,2.2756614370678108e-08,0.9995419979095459,0.0004557041102088988,1.567694994264457e-06,6.342302327766447e-08
3,1.5887351310084341e-06,5.973167793715817e-11,8.301385179265708e-08,0.9992583394050598,0.0007265631575137377,1.2685715773841366e-05,7.850076713111775e-07
3,2.5107163992288406e-07,1.0882615641971682e-10,2.575368363011421e-08,0.9992691874504089,0.0007273156079463661,3.0805551887169713e-06,9.864453431873699e-08
3,1.748429241388294e-07,3.280618832146587e-11,1.7937495044861862e-08,0.9993820190429688,0.0006121617625467479,5.4848451327416115e-06,8.812606466790385e-08
3,3.161521178185467e-08,1.048940587167202e-10,5.049918527788577e-08,0.9999265670776367,7.298029231606051e-05,2.853567480087804e-07,7.55207807401348e-08
3,1.8449286187660618e-07,3.609725629516447e-09,3.4346768984505616e-08,0.9996626377105713,0.00033591376268304884,8.024542808016122e-07,3.791736844505067e-07
3,2.9904359166721406e-07,4.5994677511096427e-10,7.811585156503043e-09,0.9995061159133911,0.0004930553259328008,4.552653081191238e-07,7.25148794344932e-08
3,2.7678204617131996e-08,1.173961206024643e-10,5.500257138635334e-09,0.9999043941497803,9.551987750455737e-05,2.763287820783944e-09,6.194732549147375e-08
3,7.700094784013345e-08,5.951888287780704e-11,2.502143381377664e-09,0.9985741376876831,0.00142572820186615,5.681333803408961e-08,1.2029762963550183e-08
3,2.822452245254681e-07,1.4275199945734673e-11,1.8222172215587307e-08,0.9924020767211914,0.007597194518893957,4.0935799461294664e-07,1.9816006613382342e-08
3,1.0918715531715861e-07,6.249819411996427e-11,2.889008143824867e-08,0.9908850789070129,0.009113342501223087,1.3851373523721122e-06,7.915058830576527e-09
3,6.979484101776734e-09,1.7323526294021896e-11,2.325822379134479e-08,0.9989207983016968,0.001079077715985477,1.615438662838642e-07,2.8887196634741485e-08
3,7.53220419369427e-09,1.5407347273010963e-11,9.183728777450995e-10,0.9992284774780273,0.0007714622770436108,4.020786370517726e-09,1.93953986205031e-09
3,4.177273069672083e-07,2.0638346587276146e-10,1.9327669065205555e-07,0.9979683756828308,0.002029641065746546,1.3004457741772057e-06,7.399840029620464e-08
3,5.3664013677234834e-08,9.359557573418442e-11,3.5063985048822133e-09,0.999289870262146,0.0007099632057361305,1.4467867970324733e-07,1.696383300497928e-08
3,1.8612876795387479e-09,2.1543202985419008e-11,1.9054666733353542e-09,0.9998416900634766,0.00015815107326488942,6.175034172883898e-08,5.0184773670025606e-08
3,3.275986770745476e-08,7.120631168033853e-11,7.4190653620576086e-09,0.999594509601593,0.00040528326644562185,1.4694295202843932e-07,3.947842941443014e-08
3,5.912017968512373e-07,2.1620116807952172e-09,5.8530652324861876e-08,0.9950815439224243,0.0049081770703196526,9.253475582227111e-06,3.4790508607329684e-07
3,4.9767066911954316e-08,7.581818506352533e-11,5.579930739685324e-09,0.9995269775390625,0.0004725663166027516,2.9305738280527294e-07,1.7872345381420018e-07
3,4.8939831742700335e-08,6.658457674113549e-10,5.100254885093136e-09,0.9972227811813354,0.0027762039098888636,7.730516244919272e-07,1.8660097111933283e-07
3,1.0464562194556493e-07,3.0150268393036583e-10,1.705535268570202e-08,0.9992648959159851,0.0007343956385739148,4.59504633454344e-07,7.500441512320322e-08
3,2.110745214167764e-07,3.798716341485431e-10,1.0005927464362685e-07,0.990413248538971,0.009584644809365273,1.7625033024160075e-06,5.784992040958059e-08
3,2.7377421929486445e-07,1.1609483513419505e-10,1.5162184396899647e-08,0.9946905970573425,0.005307863000780344,1.0433833494971623e-06,1.464087944214043e-07
3,2.793397735345593e-09,3.4637414464411265e-11,7.454424577613139e-11,0.993922233581543,0.006077729165554047,4.8151744813651476e-09,2.0152706170506463e-08
3,1.0809309891612884e-08,7.128789225596677e-11,4.202537429165432e-09,0.9996122717857361,0.0003877314447890967,4.379620932581929e-08,7.918252720173768e-09
3,4.161734956653618e-09,3.375424939555671e-11,5.744251296846414e-09,0.9997987151145935,0.00020125614537391812,1.929441051373715e-09,3.8335676855183465e-09
3,7.476740893075373e-10,1.0802390232322878e-11,9.88235626664391e-09,0.9999727010726929,2.7287327611702494e-05,1.2570856855464996e-10,3.0168226250459895e-10
3,1.3374211738081954e-09,4.2867365906973376e-11,4.008278509104457e-08,0.9999419450759888,5.801868610433303e-05,1.0174869280454857e-10,3.85485376952488e-09
3,1.1025317811497182e-11,2.4635508476950063e-12,5.7124109886785845e-09,0.9999909400939941,9.034021786646917e-06,1.1104629368818841e-11,5.81429682178225e-10
3,4.064293623873283e-10,4.310436382826133e-11,2.142849009345582e-09,0.999941349029541,5.8659075875766575e-05,3.1193107125071506e-11,3.3050873149420568e-09
3,5.22650678291825e-09,1.4181626706299966e-10,5.2067491651541786e-08,0.9999829530715942,1.6937588952714577e-05,1.9963247721577204e-10,1.6729510221580313e-08
3,2.607087212780357e-09,5.874203901079511e-11,3.1807914080417277e-09,0.999972939491272,2.704161852307152e-05,8.885399360725188e-12,1.9615247204285424e-09
3,2.0395253541583003e-10,3.04045920385132e-11,2.2059749860137146e-11,0.9999955892562866,4.425701717991615e-06,1.0517781578404245e-13,3.947180804431127e-09
3,3.450630614576511e-10,1.2629913608008803e-11,1.8844387161820464e-10,0.9999985694885254,1.4140658777250792e-06,7.585402575158162e-13,9.07324171350865e-09
3,6.204091129724532e-10,4.910009551717387e-11,6.038680666620166e-10,0.9999977350234985,2.320343583050999e-06,2.983886575325112e-12,1.744483002497077e-09
3,5.012253390113131e-10,5.330478072829159e-11,7.718213568264076e-11,0.999994158744812,5.8548075685394e-06,1.1238428807361367e-12,6.043475719863522e-10
3,3.800160630618166e-09,2.2767912555288206e-10,1.7086107528818673e-10,0.9999877214431763,1.2318434528424405e-05,9.251722651870686e-13,3.718477470382453e-10
3,5.452090334756576e-09,1.53531146129815e-10,9.05855460087146e-11,0.9999701976776123,2.979007149406243e-05,9.43808182649053e-13,2.528193487894015e-10
3,3.6397146407907144e-10,1.6179155237772136e-11,1.500176718960411e-11,0.9999945163726807,5.4818251555843744e-06,1.4636803867453668e-13,7.595368778368083e-11
3,5.885636422675589e-10,2.6112906975628292e-11,3.96070086450262e-11,0.999984622001648,1.535691808385309e-05,1.44738658992144e-13,3.5118405405931696e-10
3,1.3580799818058154e-09,1.5099831107701078e-11,3.1618704182667656e-11,0.9999852180480957,1.478081594541436e-05,2.836307035590513e-13,1.2396483839438588e-10
3,3.742911314219555e-09,6.137612119927471e-12,2.7953205722353047e-11,0.9999849796295166,1.5018214980955236e-05,2.901408497138491e-13,7.076070979161742e-11
3,2.4229651618412618e-09,1.2351323956660831e-11,1.2556913842054485e-11,0.9999659061431885,3.412558726267889e-05,2.107993413071746e-13,2.843759394632883e-10
3,1.0414025197746923e-08,1.1511921624296484e-11,1.4553237087655546e-11,0.9999154806137085,8.449621236650273e-05,1.7126911867892947e-12,4.962774635686173e-10
3,2.5143112036829507e-09,6.2384199368825666e-12,3.2094383574376995e-12,0.9999586343765259,4.1355466237291694e-05,2.9650408647427517e-13,2.625627493202387e-10
3,5.738172159652777e-10,2.16575433802102e-12,1.3635554274235573e-12,0.9999896287918091,1.0349308467993978e-05,6.726847675891587e-14,2.0235838005255857e-10
3,1.2566120366486189e-10,2.382609734508101e-12,6.673147819914738e-13,0.9999926090240479,7.335869668168016e-06,3.251691044247121e-14,2.4994814551426714e-10
3,8.751899760461868e-10,4.004951318498096e-12,2.5360577353417124e-12,0.9999529123306274,4.7080349759198725e-05,6.194368477353829e-13,1.7306639454872652e-10
3,4.815754392484273e-11,7.396148580737782e-13,3.961299170629484e-12,0.9999436140060425,5.6365763157373294e-05,1.1809637469328838e-12,1.7508579308600503e-10
3,1.0752291418336668e-11,1.837192724341019e-12,1.2336264822165877e-11,0.9999799728393555,2.0008295905427076e-05,1.1016335684389117e-13,4.197681757744931e-09
3,6.067658528396969e-12,2.817403428612142e-13,1.574478611723884e-12,0.999996542930603,3.4512956972321263e-06,3.2653691863892675e-15,5.653873480504501e-10
3,4.740730811386706e-12,1.1232161034602228e-13,8.175047444547445e-12,0.9999994039535522,5.500963879967458e-07,8.51165959817133e-15,6.79256234592529e-11
3,1.307350061541257e-10,3.547437300507883e-12,1.7314049499672635e-11,0.9999961853027344,3.841614670818672e-06,1.7905459287568398e-13,3.7666639252087464e-10
3,3.118200836427221e-11,6.82909837620288e-13,1.3513230465167503e-11,0.9999957084655762,4.274318143870914e-06,3.580079280447214e-14,4.540637588146268e-10
3,8.858438288461556e-11,2.010683937056501e-12,2.2924594167417212e-10,0.9999947547912598,5.247302397037856e-06,5.521600971586382e-12,4.1897346703123617e-10
3,5.6514566360021945e-09,2.8018856679246085e-10,1.682639982902856e-08,0.9994903802871704,0.0005093500367365777,2.226169026897651e-09,1.9318122213007882e-07
3,1.045125930243529e-10,2.926556913473988e-11,4.03286570804795e-10,0.9999185800552368,8.14324666862376e-05,3.581611396352713e-11,4.161924138657014e-09
3,1.8852630567778306e-09,5.07368203006564e-10,8.045274668688762e-09,0.9999263286590576,7.359056326095015e-05,6.778592964717944e-11,6.076277969668809e-08
3,1.3842088719684398e-07,2.2735568983023313e-09,2.982990565669752e-07,0.9997997879981995,0.00019978694035671651,3.689636374204497e-09,3.719009100677795e-08
3,7.625433227076428e-07,9.07350905521298e-09,9.037484716145627e-08,0.999640941619873,0.0003580701886676252,4.3603959332116915e-10,9.245699317261824e-08
3,2.0969031311324215e-07,3.2519058557056724e-09,3.3341316374446706e-09,0.997714638710022,0.0022851801477372646,1.2825807083061136e-10,2.4286309852072918e-08
3,3.9881203406366694e-07,5.776735534368527e-09,5.702120997597149e-09,0.998717188835144,0.001282358542084694,2.850644442720096e-10,1.6736306562847858e-08
3,2.9975805659887556e-07,5.673888026080931e-09,1.925368531274785e-09,0.9990860223770142,0.0009137049783021212,6.114718453797963e-11,1.841325847351527e-08
3,3.098444381066656e-07,1.245636482849477e-08,6.6412533250570505e-09,0.9964305758476257,0.003569134045392275,1.736257804196839e-10,3.1073085438038106e-08
3,4.32434859476416e-07,3.913136481514812e-09,7.243049493510512e-10,0.9797292947769165,0.020270243287086487,4.1075684520386346e-10,4.586951707352682e-09
3,2.686092841486243e-07,6.850974010319533e-09,3.420873861958995e-10,0.977978527545929,0.022021187469363213,1.1244374320540373e-09,4.260288566371173e-09
3,7.209629870885692e-07,9.195955996688099e-09,5.146208792439211e-09,0.9768064022064209,0.02319280058145523,1.1854602632865863e-07,3.584680996482348e-08
3,8.142674801092653e-07,5.67990232624993e-09,9.415026980263974e-09,0.9862068295478821,0.013792297802865505,7.113889921583905e-08,1.6515473433287298e-08
3,6.176261990731291e-07,3.532173664666516e-09,4.5026959938354594e-10,0.9911028146743774,0.008896528743207455,2.951263899930723e-09,3.948263493924742e-09
3,4.363939751783619e-06,1.0619928048072325e-08,8.224950498458838e-09,0.9726324677467346,0.027362998574972153,9.714536020055675e-08,1.0880173206828658e-08
3,7.472247034456814e-07,1.3005335475213542e-08,5.92659565867848e-09,0.9731467962265015,0.026852406561374664,2.2942661104252693e-08,4.2474741945852656e-08
3,2.100767204638032e-07,7.717416039554337e-09,9.643578380291729e-09,0.9851035475730896,0.014896174892783165,3.710798424094719e-08,7.62890550731754e-08
3,8.657593753014226e-06,2.2606822369652946e-07,9.465617267778725e-07,0.9674363732337952,0.03255075588822365,1.1885514368259464e-06,1.84280554549332e-06
3,4.952617473463761e-06,1.253110610832664e-07,2.560327629907988e-07,0.9644412994384766,0.0355508029460907,2.0874475126220204e-07,2.3534319097961998e-06
3,5.863734713784652e-06,1.163453404728898e-07,1.8077477648148488e-07,0.9252849817276001,0.07470635324716568,1.635834223634447e-07,2.3123552637116518e-06
3,6.820268367846438e-07,1.3197026760281005e-07,1.722665246006727e-07,0.9755275249481201,0.024463603273034096,3.215918553678421e-08,7.876556992414407e-06
3,9.080082463697181e-08,1.7285709930092708e-07,6.086270332161803e-07,0.9912552833557129,0.008740108460187912,1.1164815560960051e-07,3.6985873066441854e-06
3,3.9520455175079405e-07,5.599392807198456e-07,4.096962697985873e-07,0.9772112369537354,0.022781191393733025,3.230680079013837e-08,6.1420896599884145e-06
3,4.444970329586795e-07,4.2079977902176324e-06,1.7479558209743118e-06,0.9739061594009399,0.026043659076094627,2.1244640890927258e-07,4.361758328741416e-05
4,2.491512987035094e-07,1.618117977386646e-07,1.7408913199901122e-09,0.00028988337726332247,0.9997066855430603,7.462124784751722e-08,2.973980372189544e-06
4,9.915406451455056e-08,3.1942768430326396e-09,1.7148433714697653e-11,2.0740470063174143e-05,0.99997878074646,2.6817939868806207e-08,3.573775018139713e-07
4,6.18354363268736e-08,4.83073026025238e-10,4.547759738238177e-12,7.673168624933169e-07,0.9999982118606567,7.488324627047405e-09,7.786915148244589e-07
4,3.244283064418596e-09,1.3256418532336944e-11,1.5740320085202465e-14,4.002162512506402e-08,1.0,1.6787378431804e-10,3.6852210172355626e-08
4,6.179273093209758e-09,6.7663266482831386e-12,3.619360263969543e-14,4.4529816278782164e-08,1.0,5.126393975984911e-09,5.118755908029016e-08
4,5.703089556163832e-09,6.434930713283826e-13,5.801949107378567e-15,2.08179447014345e-08,1.0,1.3080989624825179e-09,8.194564138364058e-09
4,3.8284767023277766e-10,9.534258148605201e-13,5.791818593329405e-16,1.7041703603837277e-09,1.0,8.250056193759292e-11,1.0131141259250853e-08
4,1.353385320479461e-10,1.722797760299235e-14,1.7712082621269285e-17,1.626263151921492e-10,1.0,1.151206630023438e-10,4.5500547773968947e-10
4,6.260243712308267e-11,1.8207134137491164e-14,1.624279644077707e-17,8.020164393718332e-11,1.0,1.4966758388190726e-10,1.969473029106439e-09
4,1.6763061772007148e-10,8.459940782851519e-14,7.454874611639026e-17,1.168040386634317e-10,1.0,5.761536248094501e-10,2.728408832197715e-09
4,3.037124163274285e-10,7.33634209154968e-14,1.1843438338147262e-16,2.083592187673844e-10,1.0,1.2200500609793608e-09,8.872015344607576e-10
4,1.0291595353706384e-10,1.174582214260797e-13,1.1262140802270317e-16,2.9278685031997043e-10,1.0,2.678964827751429e-10,1.2161909257457637e-09
4,2.2581529701692915e-10,2.8428539904090666e-13,2.1602687258615293e-16,7.672936730429569e-10,1.0,2.852787450713379e-10,7.06775027392581e-10
4,3.109793811351125e-10,5.272674115895659e-13,2.3124902079526817e-16,1.3733622017397806e-09,1.0,1.7776313754325201e-10,9.040031501150736e-10
4,1.77975509330075e-10,1.3447870204560952e-12,1.5026839616835138e-16,1.1311739323005554e-09,1.0,3.0589486499366103e-10,7.119434486391185e-10
4,2.5180024731952244e-11,2.8637519872837247e-13,1.0913012846566183e-17,2.60122090534054e-10,1.0,1.142585071695068e-11,1.2565015694576687e-10
4,2.6892330376449003e-11,1.0980893792996924e-13,6.229562126814937e-18,1.9026076547579152e-10,1.0,5.110482783482473e-12,2.3444055724519686e-11
4,6.401965763069839e-12,4.2210382595903734e-14,3.4005215070271737e-18,5.4499391111129114e-11,1.0,1.7696264592581556e-11,8.365412529354188e-11
4,3.873187794795063e-12,3.602406188022572e-13,5.8976261275259826e-18,1.4533856756981933e-11,1.0,2.920666486438961e-11,1.518978415271377e-10
4,9.37062520677337e-14,1.4468505197097817e-14,8.542666376721087e-22,1.3685244344002756e-13,1.0,2.466556384866144e-14,3.4792548616463526e-12
4,1.4999650759200782e-14,2.3697711815876682e-14,8.920558265790326e-22,1.0332012175884916e-14,1.0,4.4945404548742823e-14,1.7689412434851448e-11
4,1.1184285919271786e-12,5.70622989506421e-14,1.8367116401797218e-19,1.4654546022854764e-12,1.0,1.4862966543280343e-12,7.127284179508919e-11
4,1.650479449291642e-12,1.2484828709052875e-12,2.475424578535312e-19,2.9672074259440295e-12,1.0,5.439870559217908e-13,9.620654967124054e-11
4,1.9743935219390663e-12,7.249070094195176e-11,9.726355669819554e-19,9.747618510969058e-12,1.0,2.8522282734429194e-13,5.688441939710742e-10
4,6.530696122775126e-13,4.2415355949732e-11,2.4600803781724533e-19,5.064939353344178e-13,1.0,1.108727909829299e-13,1.344086508758835e-09
4,3.843985026119601e-12,1.1081862510975427e-10,6.012864794563808e-19,1.1059110441649644e-12,1.0,1.1666671318258381e-13,3.295957728965959e-09
4,1.007566426125539e-11,3.4714451313533345e-09,2.6244650817462003e-17,5.7889808398325915e-12,1.0,1.1054596908005587e-12,4.197597824884269e-09
4,1.115885075314571e-11,6.302794730572714e-09,5.669509153328253e-17,6.160093702495262e-12,1.0,4.840307408354727e-12,4.157755917333361e-09
4,2.368516353098288e-13,3.8299449722778434e-10,2.1093455879392834e-19,6.571414419564992e-14,1.0,2.2770240554192966e-13,6.064761137736241e-09
4,4.640826785362595e-12,6.598411772529289e-08,1.4269403233937887e-17,3.636219580646638e-12,0.9999998807907104,6.3653981174569e-13,7.907390298100836e-09
4,1.1158456293290306e-13,2.612162569581855e-11,5.169371210978954e-20,2.1129831486387494e-14,1.0,5.1017607564755874e-14,3.07904568508377e-09
4,9.173969906222518e-14,2.6287114845979787e-11,4.92742023557234e-20,1.4507163780810503e-14,1.0,4.711037671621156e-14,4.3733523469313695e-09
4,3.7267660745604614e-14,6.107319077547357e-12,2.293666987004556e-20,7.270365848255095e-15,1.0,1.7182102298569056e-14,6.032251143039957e-09
4,4.995248464000068e-13,1.690200583659429e-11,1.02130222133363e-18,1.781634057949552e-13,1.0,5.383656844978879e-13,4.551845567135615e-09
4,9.630265335180965e-13,8.279807950373197e-10,1.7014635775218155e-18,1.1308269858706366e-12,1.0,7.429250763841752e-14,9.18695075569076e-09
4,1.33183763496858e-12,7.274743474283696e-09,7.980568239559544e-18,2.6255280501791267e-12,1.0,2.205216938959767e-13,2.1905334435246004e-08
4,4.789238883945446e-12,9.743927886773918e-10,8.576152342668137e-18,1.7031676416423558e-11,1.0,1.095001757859702e-14,1.244315672721541e-08
4,5.762846796986132e-13,2.7261964907765446e-10,9.37610878690082e-19,7.984821029198563e-13,1.0,4.3443989521823635e-15,3.8189629236740075e-08
4,1.9013501710574143e-12,2.25889928984202e-09,5.821715349121685e-18,2.9041053416223317e-12,0.9999998807907104,7.016797218132101e-15,7.49225534946163e-08
4,6.640644197725143e-12,1.3460494940886747e-08,4.7145175556072063e-17,7.884280034398117e-11,0.9999998807907104,1.3274005782352646e-14,9.141020029801439e-08
4,4.78138969389752e-12,1.1791263077043368e-08,3.0720346440974125e-17,3.006645488135007e-10,1.0,8.760974428833213e-15,3.639204138039531e-08
4,1.0175725713434947e-11,1.45273100216059e-08,1.2664725785144217e-17,7.840465499064919e-10,1.0,9.189761988491127e-15,1.275136440881397e-08
4,7.782857691651657e-11,2.081669947529008e-07,8.117017207166658e-16,1.6161004978698656e-08,0.9999996423721313,5.645215740181231e-14,9.060234162916458e-08
4,1.9462924327751097e-10,2.1899488444887538e-07,5.410730529425815e-16,9.753822638458587e-09,0.9999996423721313,3.811650973149783e-14,6.082591141876037e-08
4,6.336213220770048e-10,2.5005184056681173e-07,1.0283913833491554e-15,3.068522502758242e-08,0.9999996423721313,6.173764976894272e-14,7.753295250267911e-08
4,2.0606080730622978e-10,3.2881905553949764e-07,1.58133533834971e-16,1.6249392942313534e-08,0.9999990463256836,8.19298462759058e-15,6.389520876837196e-07
4,1.3191951975244365e-09,1.2966391693680634e-07,7.723123063891767e-16,5.257970769889653e-08,0.9999992847442627,5.833284159525998e-14,5.078726985630055e-07
4,8.812653939926918e-10,9.049412597050832e-08,1.7175418361582272e-15,3.219831157252884e-08,0.9999966621398926,4.908192992661431e-13,3.186500862284447e-06
4,7.531043566544326e-10,4.849519541494374e-08,5.834203063218826e-16,1.6231714639047823e-08,0.999997615814209,4.270485332545648e-13,2.2636006633547368e-06
4,5.772048949914677e-10,6.492886672759823e-09,9.912068884275978e-17,9.019416324917984e-09,0.9999995231628418,3.9521982691734237e-13,4.6596761649198015e-07
4,4.0912260246273036e-09,1.2197088494758646e-07,1.5431947152842697e-15,3.597833853064003e-08,0.9999977350234985,3.0848476984673967e-12,2.1127291347511346e-06
4,2.084654893153015e-09,4.2656399301677084e-08,1.1773195484018239e-16,2.723618592881394e-07,0.9999984502792358,1.6191641939982543e-13,1.1655573644020478e-06
4,1.2532916926488724e-09,4.192780167500132e-08,4.837154360607583e-17,3.8329406493176066e-07,0.9999994039535522,7.173772752049057e-15,8.95575311687935e-08
4,3.737699483252754e-09,1.6360848231755654e-09,5.4495618284504025e-18,6.27529061603127e-07,0.9999991655349731,1.4610470248398242e-15,2.9758359687548364e-07
4,1.1102554431374756e-09,4.8358669499370954e-12,1.4019570132022437e-19,1.8015656744196917e-09,0.9999995231628418,1.1146698417191232e-15,4.754195117584459e-07
4,5.4166837681890456e-11,5.298926987300223e-13,2.706447318671493e-21,1.6925618892549288e-11,1.0,2.5298033596262444e-17,4.960435973089261e-08
4,4.2769388031160815e-10,3.4377394594192756e-13,9.481555186449665e-20,5.935421858865864e-12,0.9999994039535522,2.346219854005736e-15,6.551791216224956e-07
4,2.574430002511008e-09,1.125006476865309e-10,2.0204538279930393e-17,4.891371682691492e-11,0.9999806880950928,1.4498612136175024e-14,1.9267254174337722e-05
4,5.1155156499671506e-11,5.6301054096596914e-11,1.7328543321357728e-19,6.6418715145843965e-12,0.9999977350234985,1.1136684634870114e-16,2.308176135557005e-06
4,9.347917995228272e-10,4.107020501464831e-09,1.5300580813053027e-16,9.767223696499627e-10,0.9999979734420776,8.425522276666198e-15,1.981397190320422e-06
4,3.3227109952349565e-09,6.24566069973298e-08,2.7990032217846536e-15,6.879729674835744e-09,0.9999970197677612,3.4496443380863454e-14,2.8640677101066103e-06
4,3.3831890622337824e-09,2.555219680289156e-07,2.652623604169728e-14,1.805062654902656e-09,0.9999912977218628,3.4391150409256166e-13,8.486179467581678e-06
4,1.201965971198149e-09,6.315474365692353e-07,1.6985338874262487e-15,9.351341034857796e-09,0.9999992847442627,2.964187733158277e-14,1.3676861954081687e-07
4,6.909659650000677e-11,1.5963244948125066e-07,6.075606526744016e-17,2.416359556889347e-09,0.9999997615814209,3.624387065698318e-15,1.1910284314353703e-07
4,1.522369341699914e-09,2.515229766686389e-07,1.0413777960349268e-14,9.941893530651669e-09,0.9999939203262329,6.586250642093283e-12,5.850692559761228e-06
4,4.3154421702773504e-10,2.4084803040835823e-09,3.1809599709152123e-16,6.75116940129783e-09,0.9999798536300659,6.914280953340679e-11,2.0131228666286916e-05
4,2.6741106551320115e-10,6.859878709519762e-08,1.735798678424228e-16,8.717727095763905e-10,0.9995922446250916,9.771914180611851e-12,0.0004077055782545358
4,2.9766796666441664e-11,6.5705130225524044e-09,1.8441993824821283e-18,1.1290474805081274e-10,0.9999861717224121,1.365960431787619e-13,1.385957239108393e-05
4,2.0354398722055578e-10,4.5787336944158596e-07,1.043185065235858e-16,2.8017625997023288e-09,0.9999169111251831,2.96555792075881e-12,8.258236630354077e-05
4,4.4531958676152783e-10,3.845030107640923e-07,4.257815456072266e-16,1.2257693526862568e-08,0.9999842643737793,1.4369238438005638e-11,1.531953785161022e-05
4,2.41671765932594e-10,5.217458237893879e-06,5.506251493678867e-16,3.2677398564828763e-08,0.9999939203262329,4.758533844739787e-12,8.326544502779143e-07
4,6.582154266077112e-11,1.0740857305790996e-06,2.1452542727780588e-16,9.124491384682187e-09,0.9999986886978149,3.4616756076216726e-12,2.2234259233755438e-07
4,2.926028516703205e-11,3.5532340803001716e-07,9.369354360890957e-17,1.1558048962356793e-09,0.9999994039535522,5.448132721873333e-13,2.0791119936802716e-07
4,4.964400418527859e-12,1.3975645085650967e-09,2.6504421925750606e-17,4.6562145805673083e-10,0.9999998807907104,1.4602926073220557e-12,9.854998239688939e-08
4,3.727800620273447e-12,2.2717017156281827e-09,1.5832190602150647e-17,9.016750679435859e-10,1.0,4.7356372295803695e-12,8.767621295646677e-09
4,8.033370843540943e-12,1.9907051562739753e-09,1.1168486751572573e-16,8.934028516982551e-10,0.9999997615814209,1.6080392226114348e-11,2.530621543428424e-07
4,5.680235795613164e-12,6.970217736324003e-10,1.6951540671480264e-16,4.534742026329752e-10,0.9999992847442627,5.608132708223579e-11,6.620314820793283e-07
4,4.376608016970485e-12,2.9864014039482356e-10,7.338233542590679e-17,4.1204670231387297e-10,0.9999998807907104,5.077034279099557e-11,1.178127462253542e-07
4,1.221896750447371e-10,1.3916557684012787e-08,6.7134980131263854e-15,9.50463352467068e-09,0.9999986886978149,5.345216491647875e-10,1.366391529700195e-06
4,4.9647619349002525e-11,2.5897282540654487e-08,9.726442275629688e-16,4.581205637066432e-09,0.9999997615814209,2.5606660888910504e-11,2.2834717583464226e-07
4,3.9352406749904034e-11,1.211830191749641e-09,7.528292780529069e-16,4.7745056797054986e-09,0.9999996423721313,2.4979917440104416e-11,3.4092127521034854e-07
4,6.015905135159372e-11,3.768461542819068e-09,1.6295067373347724e-15,9.249702337399412e-09,0.9999998807907104,2.395007456246212e-11,9.728171335154912e-08
4,2.3239660196239242e-11,4.827787591921151e-08,3.0749087989410137e-16,7.757032793875851e-10,1.0,1.1206393452090069e-11,3.239103207874905e-08
4,8.688588737371106e-11,8.219004854481682e-08,1.2470747497812448e-15,3.2666496174726944e-09,0.9999945163726807,4.679344065006141e-11,5.381361916079186e-06
4,1.013077816081065e-10,5.437101791017085e-08,1.7873496329897168e-15,1.8371684173956737e-09,0.9999995231628418,1.198735138929763e-10,5.27571614838962e-07
4,1.64734093033303e-08,1.1133283805975225e-06,3.702342946110271e-11,5.63251489893446e-07,0.9995576739311218,3.9020928710442604e-08,0.00044062905362807214
6,2.910601324401796e-07,2.4204230157920392e-06,4.379993185921194e-07,8.179136784747243e-05,0.10439290851354599,6.776882946724072e-05,0.8954543471336365
6,3.9692130826551875e-07,1.2298917226871708e-06,1.319659048704125e-07,6.048141585779376e-06,0.020452862605452538,8.415470801992342e-05,0.9794552326202393
6,4.1057923283460696e-08,1.5841399090277264e-06,7.608575174344878e-07,1.814948336686939e-05,0.009267224930226803,0.0001774511329131201,0.9905348420143127
6,4.186550484064355e-08,8.51400301371541e-08,1.2330811216543225e-07,3.942750936403172e-06,0.0004757129354402423,7.658030517632142e-05,0.9994434714317322
6,1.382153236306749e-08,2.9929785316795687e-09,1.2202037158459689e-09,1.609979562999797e-07,8.853570761857554e-05,2.7517248781805392e-06,0.9999085664749146
6,4.538263986830771e-09,1.7592037826474893e-09,5.765982136196612e-10,1.418181216905623e-08,1.0642194865795318e-05,2.0373081497382373e-06,0.9999873638153076
6,2.803640164472654e-08,3.8965897175557984e-09,1.4381041246736004e-08,9.575545618645265e-07,2.9961103791720234e-05,5.033903653384186e-05,0.9999186992645264
6,7.195355977707152e-10,1.7423317996700938e-11,1.54227325355194e-10,1.9943298568136925e-08,2.203229541919427e-06,9.65087792792474e-07,0.9999969005584717
6,1.653138625989925e-09,4.249886900731248e-11,9.173747872459614e-10,1.9362128966804448e-07,6.864857482469233e-07,5.619698981718102e-07,0.9999985694885254
6,4.758563321161091e-08,9.196413075507337e-10,7.186850670137801e-09,9.707270010039792e-07,1.2991355106350966e-05,8.956118108471856e-06,0.9999771118164062
6,2.589022862764523e-08,9.600739758752752e-09,2.5360364919180256e-09,1.2873277910330216e-07,1.5187217286438681e-05,3.5815917271975195e-06,0.9999810457229614
6,1.4672392190107075e-08,2.706325652468422e-08,7.945899049843774e-09,3.9679341057308193e-07,1.5115640508156503e-06,3.7719808005931554e-06,0.9999942779541016
6,1.1934271348934544e-08,5.3235700292475485e-09,6.643714911547249e-09,1.4444277951497497e-07,1.1558514643184026e-06,3.4175066048192093e-06,0.999995231628418
6,3.1661184785036767e-09,5.856833684703133e-09,1.5434077349496533e-09,1.5273226239287396e-08,1.8574367288692883e-07,5.043920623393205e-07,0.9999992847442627
6,1.369245694604615e-08,2.2030245361293055e-07,3.1087510343752456e-09,2.2707016711365213e-08,1.3013565194341936e-06,5.844360657647485e-07,0.9999978542327881
6,1.0086362856043252e-09,1.0638468950219249e-07,7.278970204360746e-10,1.7024803788956433e-09,1.5748659620840044e-07,8.034857046368415e-08,0.9999996423721313
6,1.803775440123445e-08,6.723602155034314e-07,8.696208197989108e-09,6.655674411604195e-08,1.998790594370803e-06,6.552828040184977e-07,0.999996542930603
6,3.697122963330912e-08,4.232144419802353e-06,1.5031730526970932e-08,8.110205129696624e-08,1.0382553227827884e-05,1.4757941926291096e-06,0.9999837875366211
6,1.9960481267844443e-07,2.2163565517985262e-05,2.871270794457814e-07,5.942867460362322e-07,5.1053822971880436e-05,5.571332167164655e-06,0.999920129776001
6,1.6199514618620015e-08,1.3237133316579275e-05,1.532051996377959e-08,1.6962808047082945e-07,6.027121344232e-06,2.9207427587607526e-07,0.9999802112579346
6,1.1910675112858371e-08,3.813428702414967e-05,2.013254096766559e-08,1.701034761936171e-07,1.4430396731768269e-05,9.229672741639661e-07,0.9999463558197021
6,2.2149055922682237e-09,6.0797465266659856e-05,4.726481250827419e-08,3.3120232956207474e-07,4.165286100032972e-06,2.7133414732816163e-06,0.9999319314956665
6,1.6192777119172774e-09,1.1277848898316734e-05,8.96359519941825e-09,1.1811455635779566e-07,1.348464820694062e-06,1.0207453442490078e-06,0.9999862909317017
6,2.009759692001012e-09,8.085985427896958e-06,9.179705884321265e-09,1.6506579925135156e-07,6.423538820854446e-07,1.8633731997397263e-06,0.9999892711639404
6,6.843864364114438e-10,4.3822210500366054e-06,4.478561077547738e-09,3.3152559808513615e-07,5.238400717644254e-07,1.89124455118872e-06,0.9999929666519165
6,2.1332541635943336e-11,1.139493178925477e-06,7.656328904204202e-10,3.9273448493304386e-08,1.1489193951774723e-07,5.640264930661942e-07,0.9999980926513672
6,5.404221514737628e-11,5.2244968173909e-07,1.588373876870719e-10,3.283274807586167e-08,2.9869349305045034e-07,3.186725052728434e-07,0.9999988079071045
6,4.864560421147246e-10,1.767464937074692e-06,1.5830621258317024e-09,4.1101353076555824e-07,5.096448489894101e-07,1.3756580301560462e-06,0.9999959468841553
6,1.1692069534774419e-09,1.8117227682523662e-06,2.099334484029214e-09,6.110242338763783e-07,3.7925721585452266e-07,8.688672323842184e-07,0.9999963045120239
6,2.102221452471298e-10,1.1440725984357414e-06,6.3247220793982706e-09,1.8881107735069236e-06,1.131444378188462e-07,9.991452998292516e-07,0.9999958276748657
6,5.281613341123759e-11,1.9899906078535423e-07,1.4588399932513596e-10,4.6456932523142314e-07,4.4855674730115425e-08,9.019470326165901e-08,0.9999992847442627
6,7.192690887336539e-11,1.86765475973516e-07,1.1430116575450455e-10,5.76200022806006e-07,2.951582018795307e-07,6.876349090134681e-08,0.999998927116394
6,2.220839311062317e-11,8.499650760995792e-08,2.263695654536324e-11,2.523763100725773e-07,4.567513371966925e-07,2.643419705350425e-08,0.9999991655349731
6,1.2477405220145954e-10,2.296440584359516e-07,6.525023299452926e-10,1.0293022114638006e-06,1.0311335927326581e-06,2.9787696576022427e-07,0.9999973773956299
6,5.2720109527948367e-11,1.5993117585821892e-07,1.6469450803136e-10,4.0164420056498784e-07,2.723114107539004e-07,9.399806799592625e-08,0.9999991655349731
6,4.701956532460194e-11,1.7521288953048497e-07,5.350643539347999e-11,3.1778159836903797e-07,1.29514489799476e-07,6.658612505816563e-08,0.9999992847442627
6,6.046454309460714e-11,1.7214702552337258e-07,8.83667236606378e-11,3.6136444236944953e-07,2.8735820478686946e-07,1.498995203519371e-07,0.9999990463256836
6,5.1935400424696354e-11,1.4187223484896094e-07,1.8167767290577785e-10,6.472267273238685e-07,6.075825922380318e-07,2.437448074488202e-07,0.9999983310699463
6,6.648130396885721e-12,7.721047978748175e-08,3.256223415903925e-11,2.583686580237554e-07,2.152022261725506e-06,8.68960512434569e-08,0.9999973773956299
6,1.713912757377034e-12,1.28950423672336e-08,1.2928510258886083e-12,1.3875030013821288e-08,2.8510091851785546e-06,7.1676922175356594e-09,0.9999971389770508
6,1.1400681614037733e-11,1.265024796026637e-08,6.5335636206809156e-12,7.284655545447549e-09,1.35813625092851e-05,1.7925900763771097e-08,0.9999864101409912
6,4.1169914699601406e-11,9.08769592911085e-09,3.384853161647605e-11,2.7278417746856576e-08,1.3640979886986315e-05,4.8325397017379146e-08,0.9999862909317017
6,5.207397447276607e-12,3.791225999805192e-09,2.4058962287687446e-12,8.193711487081146e-09,2.9436366730806185e-06,6.2911738041293574e-09,0.9999970197677612
6,2.1386620772945175e-12,5.721466411756637e-09,1.4647915042367843e-12,1.3225189832155593e-08,2.473386530255084e-06,3.9906482562912515e-09,0.9999974966049194
6,9.953933293935235e-13,7.082968433991255e-09,4.423151298352246e-13,1.5047360690800815e-08,3.112366130153532e-06,1.7786238037942326e-09,0.9999969005584717
6,1.0502949204793666e-11,2.114478370174311e-08,2.277982056458905e-12,6.264222207619241e-08,1.4695611753268167e-05,5.815253167895662e-09,0.9999852180480957
6,1.7093961662828505e-11,1.3649456676034788e-08,4.08756795772236e-13,1.2278808014798415e-07,2.12642098631477e-05,8.636278914231355e-10,0.9999786615371704
6,4.118527133917249e-12,1.2354557377136643e-08,3.1310281515921357e-13,9.378871368426189e-08,2.591987367850379e-06,1.1524168286314307e-09,0.9999972581863403
6,1.9724374911156417e-11,3.0135904438566286e-08,2.0910395810702642e-12,6.289442353590857e-07,2.8699994345515734e-06,3.384193814071068e-09,0.9999964237213135
6,1.5195029956505124e-10,1.059432861438836e-07,7.750828624752959e-12,4.6583036237279885e-06,1.0496407412574627e-05,8.450092181533364e-09,0.9999847412109375
6,1.182623998730037e-10,6.593147361400042e-08,1.821606017068933e-12,4.194086159259314e-06,1.3961367585579865e-05,3.823541483427562e-09,0.9999817609786987
6,9.480949358930957e-10,1.1363433571887072e-07,3.867140635493982e-11,1.8399803593638353e-05,1.0960076906485483e-05,3.495555134236383e-08,0.9999704360961914
6,2.694202416719804e-09,1.0467634581345919e-07,1.5253551199911897e-10,7.772879143885802e-06,4.644041382562136e-06,7.226432785500947e-08,0.9999873638153076
6,1.7810592112255108e-08,4.273514946362411e-07,3.776351675810474e-09,2.3396216420223936e-05,2.2177439404913457e-06,1.5687260201957542e-06,0.9999723434448242
6,2.446380209519816e-09,1.1739597027826676e-07,1.0892229340697668e-09,2.4062867396423826e-06,1.9149723584632738e-07,1.8453556549502537e-07,0.9999970197677612
6,3.5407874410253726e-09,2.2854570147501363e-07,4.4505699126062837e-10,2.313510094609228e-06,2.2483747841306467e-07,5.2764857372267215e-08,0.9999971389770508
6,9.011361101762816e-10,2.5873777076412807e-07,6.885780279297649e-10,5.259888666842016e-07,4.752183357936701e-08,5.8076782494254076e-08,0.9999991655349731
6,7.480961405903486e-10,1.2231397761297558e-07,1.4018297633811017e-09,5.250631716080534e-07,2.2917944875189278e-08,1.2783199565546965e-07,0.9999991655349731
6,3.2677555106275236e-10,1.127862248040401e-07,1.648712277813047e-10,1.0475912404217524e-07,2.918893216019569e-08,1.410056427175732e-07,0.9999996423721313
6,3.2083530710630415e-12,8.778397564412899e-09,2.2675596209748017e-12,3.6408405179599868e-09,5.405274894343393e-09,7.393308187886305e-09,1.0
6,4.121839154713758e-12,9.38719679766109e-09,6.874824320934891e-11,3.0043942889079744e-09,2.5271222892087053e-09,2.6200755343097626e-08,1.0
6,5.715625021884829e-12,1.492258938640134e-08,2.959459760587535e-11,2.7373430189214787e-09,3.109174073756549e-08,5.765026500625936e-08,0.9999998807907104
6,5.2947368711642184e-12,2.5794301805603936e-08,4.854844304347239e-11,4.28810942310065e-09,5.74889575943871e-08,3.798751890826679e-08,0.9999998807907104
6,2.277885866042162e-11,4.6717065771417765e-08,1.0410086681567066e-10,6.178081157770521e-09,1.1524725351819143e-07,7.607656726804635e-08,0.9999997615814209
6,5.393555393973237e-12,7.415722080850173e-08,7.206813618099162e-11,1.7869332680220396e-08,6.905308680416056e-08,1.1889061113379285e-07,0.9999996423721313
6,8.471213314154014e-11,8.986770438923486e-08,1.8209092567111895e-10,9.183721516592414e-08,1.3417285060768336e-07,8.767887038629851e-07,0.9999988079071045
6,6.713779532319109e-10,5.040880068918341e-07,9.319809368690812e-10,4.3501708546500595e-07,3.7406624642244424e-07,6.246092993933416e-07,0.9999980926513672
6,1.2664920223670606e-09,1.5971095308486838e-06,3.2359206425525144e-09,1.10795997443347e-06,4.179042889518314e-07,8.180102213373175e-07,0.9999959468841553
6,8.284601338282016e-10,7.161958706092264e-07,8.608812329669036e-09,9.789674777493929e-07,2.3340810173522186e-07,1.0156815051232115e-06,0.9999970197677612
6,8.030128562097616e-09,1.1620904842857271e-06,2.1639207758994417e-08,3.6251126402930822e-06,7.927951060082705e-07,3.107362772425404e-06,0.9999912977218628
6,2.643798513446427e-09,7.792091309966054e-07,1.5592929614172135e-08,9.315734814663301e-07,2.783176853426994e-07,2.0433717509149574e-06,0.9999960660934448
6,4.3196474175388744e-10,4.0649732113706705e-07,3.503621170963811e-09,2.2428800150464667e-07,2.808015437949507e-07,8.156440003403986e-07,0.9999983310699463
6,6.606808850007084e-11,1.6750816200783447e-07,1.2327389109501041e-09,7.921985911707452e-08,1.6987300455184595e-07,4.114972682600637e-07,0.9999991655349731
6,9.050422737633124e-12,4.5489208844173845e-08,4.213474361081104e-11,3.903212864031502e-09,2.2311151326448453e-07,4.216857618644099e-08,0.9999996423721313
6,4.038491763225238e-11,6.251143247482105e-08,1.0908234038264908e-10,5.570036876179074e-09,7.762098448438337e-07,6.113036477017886e-08,0.9999990463256836
6,3.363543818468706e-11,2.2455783010855157e-08,2.62982847304416e-11,3.68934616190586e-09,5.12355711634882e-07,2.0156896596290608e-08,0.9999995231628418
6,2.082349223608837e-11,1.845030972447148e-08,5.460025487291631e-11,3.8766563292824685e-09,9.436932941753184e-07,8.228531100940017e-08,0.999998927116394
6,1.9530863037964252e-10,3.7205680314400524e-08,3.2245509040684794e-10,2.2139497346529424e-08,2.5099049594246026e-07,1.888462577426253e-07,0.9999995231628418
6,7.010786950978343e-10,9.678707613147708e-08,2.6807158715058677e-09,1.1385873222025111e-07,2.558420533205208e-07,8.488228218084259e-07,0.9999986886978149
6,3.1731062222206674e-10,7.953419611794743e-08,9.891499841430118e-10,5.384273649156057e-08,1.005206939908021e-07,2.663052214302297e-07,0.9999995231628418
6,1.3165925016878077e-09,4.646508955374884e-07,7.296257376054882e-09,4.2051439663737256e-07,2.84962226260177e-07,2.2824508505436825e-06,0.999996542930603
6,7.964132686666403e-10,3.071503158480482e-07,3.695256989288964e-09,1.7101015714615642e-07,2.804139569434483e-07,1.066753497980244e-06,0.9999982118606567
6,3.84869393299514e-11,4.143639742437699e-08,2.1107907088868672e-10,2.91489197223882e-08,3.7789575912938744e-07,2.3531939064014296e-07,0.9999992847442627
6,8.282761629341273e-12,2.5263020120291912e-08,1.9033597614681597e-11,6.469643043516271e-09,8.179737278624089e-07,9.520426402787052e-08,0.9999990463256836
6,9.816971888176873e-12,2.6382592110962833e-08,1.1844533166771587e-11,7.189237205551535e-09,1.7032209598255577e-06,1.1394416077337155e-07,0.9999982118606567
6,1.224844878300324e-11,3.134462289722251e-08,1.7992158110602396e-11,1.395046123064958e-08,3.505179620333365e-06,2.9658514222319354e-07,0.9999961853027344
6,3.5003339202838157e-12,1.527058124395353e-08,2.878851454099496e-12,3.6934020286594205e-09,4.029071533295792e-06,1.0147038409513698e-07,0.9999958276748657
6,3.655073205904857e-12,8.02798272303562e-09,1.1800386189031453e-11,4.033998468599975e-09,1.227332290909544e-06,1.5459833946351864e-07,0.9999986886978149
6,3.612813824147021e-12,2.1630659929883223e-08,6.657046441871373e-12,2.1437445152372447e-09,3.076830125792185e-06,7.889998698829004e-08,0.9999967813491821
6,1.0153351683722667e-12,1.4245408408442017e-08,2.263058447235511e-12,9.761922381557042e-10,3.2184284464165103e-06,7.985742911387206e-08,0.9999966621398926
6,1.4125637508646816e-12,1.0168612618599582e-08,2.4387414830628895e-12,1.830225304644273e-09,2.6154075385420583e-06,7.361083476098429e-08,0.9999972581863403
6,7.112231810435521e-13,7.247281885724988e-09,1.3938520476708405e-12,6.972724064802094e-10,1.6361093457817333e-06,4.0857411676142874e-08,0.9999983310699463
6,9.144444370560306e-14,1.2365233836852951e-10,5.2339039948844784e-14,1.578370212307334e-10,6.642709848847517e-08,3.6387086677081015e-09,0.9999998807907104
6,1.8420319794227452e-13,2.1992971332984723e-10,2.895320430889442e-13,1.448203890141997e-09,1.2383377168134757e-07,1.2065915200309973e-07,0.9999997615814209
6,2.609017602656083e-13,7.196993001556962e-11,1.7056526276006817e-13,2.3375310576057018e-09,8.428123265957765e-08,8.724168765184004e-08,0.9999997615814209
6,5.188512922256472e-13,4.1183140231382254e-10,2.433807007925365e-13,4.602874970061066e-09,1.475245738902231e-07,2.0869428851710836e-08,0.9999998807907104
6,9.050919193807905e-13,1.8211680774538053e-10,1.3268848368143404e-13,9.293415814681794e-09,2.3556198414098617e-07,5.075682985022922e-09,0.9999997615814209
6,4.9286781253488066e-12,4.082105764524613e-09,3.1360625901699635e-12,1.602963983771133e-08,5.532382942874392e-07,6.399310414906267e-09,0.9999994039535522
6,8.637804881084232e-12,1.635845681136061e-09,2.234397779646291e-12,9.681390800153622e-09,1.7263943163925433e-07,8.703335274695689e-10,0.9999998807907104
6,6.861144985492729e-11,7.757580355871596e-09,7.921870798233144e-11,2.335276860776503e-08,4.3603697008620657e-07,8.802284234832314e-09,0.9999995231628418
6,1.893330076052635e-10,3.370596601826037e-08,6.65510924147128e-10,1.978582808703777e-08,1.4268795212046825e-06,2.4305993662210312e-08,0.9999984502792358
6,2.5534050429598665e-09,3.2244503245237865e-07,2.1886148005023642e-08,6.709581867880843e-08,3.5288010735712305e-07,1.172665378135207e-07,0.9999991655349731
6,4.667915498579589e-10,1.8331768103507784e-07,5.5661852904620446e-09,1.6110131895175073e-08,7.859695472234307e-08,1.5326401481274843e-08,0.9999996423721313
6,2.727997161500184e-09,9.975540393725169e-08,1.3068691684381406e-09,3.683119587094552e-08,1.5459761470992817e-07,2.2920001452320093e-09,0.9999997615814209
6,6.967643351174502e-09,9.259075284262508e-08,2.4413144839030565e-09,7.024947734635134e-08,4.6781093487879843e-07,5.037604111635119e-09,0.9999994039535522
6,3.817015592488815e-09,2.1058877308632873e-08,5.944300607296782e-10,4.640357786911409e-08,1.0079931200834835e-07,6.561757248668698e-10,0.9999997615814209
6,7.920323952248509e-09,2.977104962553767e-08,3.262057290953635e-10,3.67595532679843e-07,1.8591182424643193e-06,7.62884866389868e-10,0.9999977350234985
6,9.105699527722777e-10,7.340612118156287e-09,2.261401899072979e-10,3.1435675396096485e-08,4.4772150431526825e-07,9.879357332209793e-10,0.9999995231628418
6,3.4476077548362127e-10,1.9614385671218315e-09,4.126157401862507e-11,2.0736377948082918e-08,4.2253850551787764e-07,3.453307362288882e-10,0.9999995231628418
6,2.3347514893634624e-11,2.592620007568769e-10,1.9191776640115066e-11,6.053500367642073e-09,7.91218155882234e-07,3.57640667081327e-10,0.9999991655349731
6,9.299127440298705e-12,1.4543674597966572e-10,9.704626425383056e-13,1.0631316937903534e-09,4.139561497140676e-06,7.585287259415097e-11,0.9999958276748657
6,4.926941146732311e-11,3.6942723879995754e-10,1.3604829936231244e-11,1.9498076486712534e-09,2.360692451475188e-05,2.070470905835009e-09,0.999976396560669
6,8.608044138602722e-11,5.240799461070367e-10,1.1779538282297164e-11,2.3328023956992183e-09,5.6890228734118864e-05,1.7104134775181024e-09,0.9999431371688843
6,6.745098923843784e-11,4.3899170409922306e-10,6.759329901351308e-11,3.1275593226354204e-09,1.651204365771264e-05,4.782658713509136e-09,0.9999834299087524
6,3.0698159292352756e-11,1.6666067137460772e-10,5.58541234096932e-12,2.216118122344568e-10,2.372012022533454e-05,1.4912271417699685e-09,0.9999762773513794
6,6.372469826126936e-12,1.269807314852045e-10,2.352170107994267e-12,2.586491576472838e-10,6.112894425314153e-06,8.071052159941416e-10,0.9999939203262329
6,1.691420441207736e-12,4.758561253370708e-11,1.0416087480383251e-12,2.13904713386448e-10,8.394351880269824e-07,4.5683817839758945e-10,0.9999991655349731
6,1.6366099014203384e-12,5.4723302278514296e-11,4.821073011293531e-13,5.280991755007847e-10,7.698786816945358e-07,2.883194516467569e-10,0.9999992847442627
6,1.1953910951378877e-11,3.968449180380418e-10,3.870111262710418e-12,5.343926190448656e-09,6.905869213369442e-06,1.924435277800285e-09,0.999993085861206
6,3.927211333909497e-11,1.9474077905812237e-09,4.487907614980635e-11,1.5517246154672648e-08,1.5334177078329958e-05,1.0318906618067558e-08,0.999984622001648
6,6.561707427410468e-11,3.649372359859626e-09,3.1213651108252805e-10,1.0702709118959319e-07,9.066024176718201e-06,2.714500091371974e-08,0.9999908208847046
6,9.87803033813961e-11,9.599468775434161e-09,4.1712308607166904e-10,5.500404043345952e-08,8.220761628763285e-06,2.931590792343286e-08,0.9999916553497314
6,2.9362616504879924e-11,2.5850637186408676e-09,2.030444423706257e-10,1.9236020776247642e-08,1.7453836562708602e-06,8.793866079770396e-09,0.9999982118606567
6,3.274556667487438e-11,2.1406385553035534e-09,8.427102765606875e-11,3.982320251338933e-08,1.5375162547570653e-06,4.7880148734691375e-09,0.9999984502792358
6,1.82525557168578e-11,2.550080591134929e-09,1.5736674463529e-10,1.1557631296454929e-08,9.527379916107748e-07,4.51258586053882e-09,0.9999990463256836
6,2.0951339621544385e-11,1.4615529897454849e-09,1.3238043994334703e-10,2.321892456080832e-09,9.231312674273795e-07,2.622491779291636e-09,0.9999990463256836
6,3.858802860579047e-11,1.9144281715455236e-09,1.377487984788317e-10,1.141557959272177e-09,1.98676730178704e-06,3.5332683445687962e-09,0.9999979734420776
6,7.494720122291909e-11,1.8500716514324722e-09,6.401535412869919e-10,5.742065711800137e-10,1.5005597333583864e-06,7.032914250970634e-09,0.9999984502792358
6,2.3237614957261066e-11,7.605270302413203e-10,1.6376030531617403e-09,2.453353076248277e-10,2.882763112665998e-07,9.72816494027029e-09,0.9999997615814209
6,1.2665772293821154e-12,4.268946307561805e-10,7.970317184025077e-10,6.097978788588421e-10,4.3005620398162137e-08,2.6857656099110727e-09,1.0
6,1.5218971916031165e-12,1.7182989753283806e-10,2.8216928793511897e-10,3.993983477279528e-10,2.7469051033790493e-08,2.745081273403116e-09,1.0
6,1.0367273310446165e-13,6.866755497547672e-10,1.7741331737042287e-09,1.5384704621368428e-10,6.502891558568535e-09,6.354700321509199e-09,1.0
6,2.794411024190785e-13,4.884438964403159e-10,8.069838686175501e-10,4.92247353989228e-11,4.529650254880835e-08,4.950499565836708e-09,1.0
6,2.82048337593363e-13,4.137628573097629e-10,5.081232656856116e-10,1.5279069676132906e-11,2.609681715171064e-08,6.2437579551044564e-09,1.0
6,6.56046939863375e-14,3.5344868698494736e-10,5.033243821728206e-10,1.9162676653805555e-11,1.1503539454338352e-08,5.963634031047604e-09,1.0
6,1.778093189179486e-13,1.5826993882139817e-10,5.028542027218919e-10,1.049421868848377e-10,1.3256842734676866e-08,2.553836031538026e-09,1.0
6,5.378144761133963e-13,3.972074058555819e-10,2.9675404356055424e-09,3.382087387926447e-10,2.841365009942365e-08,1.9207677226518172e-08,1.0
6,8.379227352120835e-14,2.1820003581751735e-09,5.371266986742285e-09,3.5600886127973297e-10,5.514757006608306e-08,8.275157625803331e-08,0.9999998807907104
6,1.3974392823468129e-11,8.285474528690884e-09,3.202443821237466e-08,3.5513518792384957e-09,1.64133084012974e-07,8.935883784033649e-07,0.999998927116394
6,7.712536338744247e-12,1.180517994470165e-08,7.170757498897729e-08,1.2993650599923967e-08,5.485242482450303e-08,8.909810276236385e-07,0.999998927116394
6,1.0734615973895245e-10,1.0120936977386918e-08,1.4776829537765934e-08,6.932200591336368e-08,1.7605627533612278e-07,3.890031052833365e-07,0.9999994039535522
6,1.648283614631707e-12,8.529384420974395e-10,1.4464291986371336e-09,2.298765977570838e-08,6.425672438581387e-09,1.831614149239158e-08,1.0
6,4.2804767976661884e-13,1.2040549668412837e-09,1.1312860648260425e-09,4.778734741250901e-09,8.57334558901357e-09,3.151842165038943e-08,1.0
6,3.700296972585122e-14,6.835576549235611e-10,1.225278434269228e-09,5.159264571119593e-09,1.9421928509899544e-09,2.597644055413184e-08,1.0
6,3.3374155218937607e-14,2.110897456830685e-09,1.0820639495534579e-08,2.0518491350429713e-09,3.1411693246496952e-09,1.8593108563891292e-07,0.9999997615814209
6,1.022364904865701e-13,8.903035531027115e-10,2.495823103743078e-09,1.3686290989411987e-09,2.4096820094854365e-09,7.32474418896345e-08,0.9999998807907104
6,3.2888344554237586e-14,2.8388340567175874e-09,9.484756313682396e-10,7.533877410814682e-10,2.5572528539186123e-09,2.9819762659144544e-08,1.0
6,5.715864413724514e-12,6.12586559256556e-09,2.3396682369281052e-09,1.9465353773284733e-09,2.556575751100354e-08,9.976340464845634e-08,0.9999998807907104
6,1.5971385455490483e-12,9.45839850885477e-10,4.344235804421004e-10,6.601477697820712e-10,4.244907092498806e-09,1.3702780243818324e-08,1.0
6,9.112185832271802e-13,3.0641407189335723e-09,8.029354070515637e-09,1.879921995850964e-09,1.144475447745208e-08,2.0314442394919752e-07,0.9999997615814209
6,8.342756146291139e-14,3.559620098680938e-10,3.757435473872306e-10,1.0475758455141815e-10,2.3290311901291716e-09,7.86487177606432e-08,0.9999998807907104
6,1.7929105736950307e-13,7.122870071540888e-10,5.05527564254038e-10,1.41129233299786e-10,5.947673020756383e-09,9.601932760006093e-08,0.9999998807907104
6,1.5478689564894094e-13,1.8880468299897757e-09,4.138040576862068e-09,3.7587472023759005e-10,5.7183378032732435e-09,1.0174541387186764e-07,0.9999998807907104
6,2.044627835096069e-11,2.3958097727927452e-09,1.0106047110269856e-09,2.0073015472021893e-10,5.9171146205017067e-08,2.832615031422847e-08,1.0
6,3.3049988527183993e-12,5.121885693348815e-10,5.767616384488861e-10,2.9777560972554795e-10,1.5907209771626185e-08,1.0926122229193425e-08,1.0
6,5.609353259661276e-12,1.035056040876725e-09,2.022868539341971e-09,1.8372781074305067e-09,3.3914254515821085e-08,5.5794874498360514e-08,1.0
6,2.7012918811519793e-12,4.783565210608742e-10,1.943881444699258e-10,8.359911651822927e-10,6.495927351579667e-08,3.2829902352204954e-08,0.9999998807907104
6,1.2306991363508768e-11,2.8484536951367545e-10,1.3508602569878292e-10,1.7640739979896125e-09,1.1629545326741209e-07,7.670147539329264e-08,0.9999997615814209
6,1.167591414177882e-12,1.1912823505433323e-10,1.7995804846293595e-10,8.112601701526501e-10,4.331704772653211e-08,1.0518560600303317e-07,0.9999998807907104
6,2.5415910695492094e-12,2.8739502444530274e-10,9.345578477759631e-11,1.7783907679813638e-10,3.900893830177665e-08,1.2695311113475327e-07,0.9999998807907104
6,6.634716105506644e-13,1.5814438647510087e-10,6.550000819505186e-11,6.326092427677565e-11,1.2970505736120685e-07,5.701775762645411e-08,0.9999998807907104
6,3.846358561515606e-12,5.714373974008424e-10,7.424638681641227e-11,1.0028191471667114e-10,7.087870699251653e-07,4.664812536248064e-08,0.9999992847442627
6,1.852641521096765e-12,6.060280055564249e-10,7.448185818104136e-11,4.592914937262549e-11,3.5956159649686015e-07,6.851517753148073e-08,0.9999995231628418
6,4.710104376838553e-13,7.676550506374724e-10,2.4605121759502246e-11,3.9675960433749324e-11,1.8453553707331594e-07,1.0760890845062931e-08,0.9999997615814209
6,3.0587750214638998e-12,2.3792376957487704e-09,1.1486975814989364e-09,3.095253220397609e-10,3.386061280252761e-07,4.539897702215967e-08,0.9999996423721313
6,2.754485441819332e-12,1.2697282114615405e-09,1.8569742965546254e-10,3.032664744329061e-11,2.2700120894114661e-07,4.302497558228424e-08,0.9999997615814209
6,3.441705254125793e-12,5.567468153166999e-10,3.255287706060983e-11,8.638562955243234e-12,1.4429406292038038e-07,3.8476213326532616e-09,0.9999998807907104
6,3.76273109892189e-11,2.3301536256070676e-09,6.177222622305578e-11,6.025249049690373e-11,7.78292871927988e-07,7.903117271723659e-09,0.9999991655349731
6,1.3599960567434177e-11,6.905368499232623e-10,4.5277009919075795e-10,6.486160913921069e-11,9.225198027706938e-08,1.5903658834304224e-08,0.9999998807907104
6,3.3538063819171793e-12,6.146204101220576e-10,2.3426099948764545e-10,2.479058798521283e-11,4.844501688694436e-08,5.126032043278883e-09,1.0
6,4.095867308512302e-12,7.253347922286935e-10,2.2970324253801522e-10,2.795634730656804e-11,4.482850712861364e-08,5.863376451031854e-09,1.0
6,2.7154979653776223e-12,5.021085769385536e-10,6.824056597576345e-11,1.8796193768100267e-11,3.143029658758678e-08,4.449430601738413e-09,1.0
6,1.964551568298112e-12,2.0070030359864433e-10,3.147325802754786e-11,1.7493033063753494e-11,3.202423215498129e-08,3.277745852514613e-09,1.0
6,1.2761119201273874e-12,1.1150899648093571e-10,5.286140015298146e-12,4.467213057801622e-12,2.0774274744894683e-08,8.721666167055275e-10,1.0
6,2.1589209640935497e-13,8.620474126197486e-12,1.6945120437025785e-12,4.1245600684858275e-12,5.148588666514797e-09,1.3384218733314412e-10,1.0
6,2.533095227444295e-14,4.962820085441244e-12,9.636995194906017e-12,1.0453998777748552e-11,1.5041947687421953e-09,1.949830435998834e-10,1.0
6,5.031291850428766e-15,1.5897236652073765e-11,6.2045364505880496e-12,7.170480875728913e-11,1.136108096488897e-09,2.6303628719581695e-10,1.0
6,3.148275436464128e-14,7.589743937497229e-12,1.1460941787624912e-12,8.67595162379331e-11,6.395528551195184e-10,7.677119356896966e-11,1.0
6,1.8863156750568294e-13,2.4846730575789344e-11,1.9499326198851863e-12,8.214511848514405e-10,1.0733501865090034e-09,6.491248510931413e-11,1.0
6,1.3187457311054918e-13,4.0760509550930024e-11,3.528446523674844e-13,2.95736241051614e-10,4.702491729347003e-10,1.89300693176353e-11,1.0
6,1.4338246302064706e-12,1.9244256188599707e-10,6.912214724208443e-12,4.1929886229752356e-09,3.4630924794498696e-09,4.260996763760794e-11,1.0
6,1.2913218671445348e-12,2.360983075710976e-10,5.123964447184548e-11,4.0455211403056524e-10,8.02774824393282e-09,3.868806386364554e-10,1.0
6,9.373905297815899e-12,8.9707929973315e-10,1.976622060473332e-10,5.742358255567126e-10,8.130750472901127e-08,8.100618509310209e-10,0.9999998807907104
6,1.506239924453645e-11,4.066635472810276e-09,4.722129909318085e-10,2.1775601322104876e-09,1.0311376286153973e-07,7.247676903077149e-10,0.9999998807907104
6,1.2567331723889463e-11,8.867384160282654e-09,3.8552519510126615e-10,4.799460384674603e-09,8.903011661232085e-08,3.8923278489200186e-10,0.9999998807907104
6,6.01822536250296e-10,5.8795027513269815e-08,3.7034395550250565e-09,3.7567644994851435e-08,3.5629287253868824e-07,2.739817706043368e-09,0.9999995231628418
6,7.961006076584454e-09,4.6059793135100335e-07,2.3279707050960496e-08,3.1118125320972467e-07,1.2255723049747758e-06,7.864596973661264e-09,0.9999979734420776
6,6.8725367619038025e-09,4.364302697013045e-07,5.425849991524956e-09,9.734370820524418e-08,1.4490254898191779e-06,2.93410851170961e-09,0.9999979734420776
6,3.3411481581424596e-08,1.85116596185253e-06,1.7875931845878767e-08,4.5604693355016934e-07,4.616971182258567e-06,4.790245533570214e-09,0.999993085861206
6,3.6282685744737364e-09,3.078591817029519e-06,8.33604474337335e-08,1.523466437447496e-07,5.357701866159914e-06,2.4609361659599926e-08,0.9999912977218628
6,8.73787708854934e-09,2.4238390778918983e-06,1.4580924023732678e-08,1.9153227981405507e-07,8.155149771482684e-06,1.191764020802566e-08,0.9999892711639404
6,1.3415243138581445e-08,7.0077671807666775e-06,9.713791371268599e-08,7.092560849741858e-07,2.7490132197272032e-05,1.8413525992855284e-07,0.9999644756317139
6,2.1205444067362578e-09,4.459553224478441e-07,5.247756895698785e-09,5.284796884552634e-07,7.577420547022484e-06,4.197259073634996e-08,0.9999912977218628
6,1.2083787304106863e-08,1.881355160548992e-06,2.5270038506164383e-08,2.5751962766662473e-06,1.2303994481044356e-05,1.4453719643370277e-07,0.9999830722808838
6,6.121998907815396e-09,4.71923300437993e-07,2.4539824394764764e-08,2.5891872610372957e-06,8.87160410911747e-07,1.0901291602749552e-07,0.9999959468841553
6,1.4719168106580582e-08,4.2556837342999643e-07,1.2342434629886156e-08,1.104706029764202e-06,5.38317351583828e-07,9.055759875309377e-08,0.9999977350234985
6,4.1713793308417735e-08,8.497720500599826e-07,1.4531348568880276e-08,6.542950359289534e-07,7.558836045973294e-07,9.244077148196084e-08,0.999997615814209
6,8.555052666281426e-09,4.378557605377864e-07,1.3943388665893508e-08,7.849382654967485e-07,3.0446375376413926e-07,6.667985275043975e-08,0.9999983310699463
6,7.357777498384621e-09,3.7621734350068436e-07,1.1220961049218658e-08,7.650929774172255e-07,1.0956539853168579e-07,4.517263363368329e-08,0.9999986886978149
6,6.737355118247024e-09,5.419418016572308e-07,5.818629578158152e-09,4.179654240488162e-07,4.695062472137579e-08,2.4228201667142457e-08,0.9999990463256836
6,8.513431737355859e-09,5.415384976004134e-07,1.0194706412391952e-08,8.384201919398038e-07,3.8112951017410523e-08,2.2431915880360975e-08,0.9999985694885254
6,6.58702425937463e-09,3.844244815809361e-07,1.758993173339718e-09,2.186696832495727e-07,6.993289503043343e-08,8.541657159355509e-09,0.9999992847442627
6,5.351508125528426e-09,2.5228376898667193e-07,5.799858926458512e-10,1.6147653525422356e-07,9.178351945138274e-08,2.2628872109464737e-09,0.9999995231628418
6,4.188398516902225e-09,1.936154063741924e-07,1.5437076616997558e-10,1.0681694817549214e-07,1.577542860786707e-07,1.9942201223699385e-09,0.9999995231628418
6,5.790298907015767e-09,2.8210490654601017e-07,8.572446918986287e-11,1.8877199181588367e-07,2.9453150318659027e-07,1.3761615180740705e-09,0.9999991655349731
6,3.5640974616057974e-09,2.4886941218937864e-07,6.988385564676847e-11,1.0480626144726557e-07,2.5099552658502944e-07,1.6805766778205111e-09,0.9999994039535522
6,4.059936387079688e-09,2.8473999691414065e-07,2.8347560410146855e-10,6.397641527655651e-08,3.7155342624828336e-07,7.162336057575658e-09,0.9999992847442627
6,3.849371488229281e-09,1.6925118018207286e-07,2.7574292849052995e-10,3.668210979412834e-08,9.435302672500256e-07,9.016657642746395e-09,0.9999988079071045
6,3.3161864365638394e-09,3.0844384468764474e-07,3.7377786976655614e-10,1.8501566501072375e-08,1.6942150296017644e-06,1.1638893404608552e-08,0.9999979734420776
6,8.866898881798591e-10,4.428415323332047e-08,8.468664658423108e-11,6.650587636158889e-09,8.822620429782546e-07,5.392079671651118e-09,0.9999991655349731
6,1.107773761610531e-09,4.503431583202655e-08,8.380012829489747e-12,9.276885926112755e-09,8.978759069577791e-07,2.482327121633432e-10,0.9999990463256836
6,2.6163444744042863e-09,5.8125831259303595e-08,3.4994566272539274e-11,1.404500427071298e-08,1.5381643834189163e-06,6.055143053629308e-10,0.9999983310699463
6,3.457148178842573e-10,8.25663803993848e-09,1.504656642337121e-11,5.859458696022557e-09,8.237055908466573e-07,1.7213482028655136e-10,0.9999991655349731
6,1.695136031543143e-09,1.797686266513665e-08,1.1172768960010515e-10,6.386623674359271e-09,1.3922491461926256e-06,1.1088364670897022e-09,0.9999985694885254
6,5.314855222593451e-10,2.7166722205151927e-09,2.1035359218379845e-11,8.656843575316486e-10,3.713268483807042e-07,2.845037816445739e-10,0.9999996423721313
6,3.532490272517563e-11,4.2593412130642605e-10,2.5845814204117357e-12,2.4058185998931947e-10,3.431664197250939e-08,8.569021187065928e-11,1.0
6,6.355046489048277e-10,3.0556372987433633e-09,1.3006933204107174e-11,1.2516939706941344e-09,2.6098294370058284e-07,1.8429133219477478e-10,0.9999997615814209
6,4.638852413307859e-09,3.8402706792339814e-08,1.62729663077954e-10,9.325469285670351e-09,1.8417563296679873e-06,1.392328807803267e-09,0.9999982118606567
6,9.253473542969459e-10,1.2024625739570638e-08,3.945733670351892e-11,6.464135005046501e-09,1.5627283289632032e-07,1.6318124629322028e-10,0.9999998807907104
6,4.489348004454996e-09,1.685412485130655e-07,1.088588767739207e-11,9.418377189263083e-09,5.97148357428523e-07,1.0475791761832554e-10,0.9999992847442627
6,5.413432813128338e-09,8.607130297377807e-08,1.2490600220793624e-10,6.081975101324133e-08,3.7511350114982633e-07,1.4476539966779e-09,0.9999995231628418
6,5.235042621620778e-09,2.7631983812170802e-08,4.4361864875996915e-11,4.904100237013154e-08,6.350122134790581e-07,4.3220910184160743e-10,0.9999992847442627
6,2.0299016634250933e-10,4.242445950097817e-09,3.4351536372378977e-12,3.5216625171585747e-09,6.527835694214446e-08,2.0791893207139367e-10,0.9999998807907104
6,1.4976103690500508e-09,1.4228594302778674e-08,6.714714340105843e-10,1.3785619756845335e-08,5.051609619499686e-08,7.802681167845549e-09,1.0
6,7.676304925041677e-09,5.3135234878709525e-08,7.819779268558591e-10,4.821188426262779e-08,1.38711442332351e-07,6.684520936772742e-09,0.9999997615814209
6,2.741364291125592e-08,3.790354128341278e-07,1.1872196559181702e-08,6.970583967813582e-07,7.667434687164132e-08,2.8398931206652378e-08,0.9999988079071045
6,2.23847635538732e-07,7.090259259712184e-07,9.740547035619329e-09,1.2987998161406722e-06,1.6397984836657997e-07,3.4031717888183266e-08,0.999997615814209
6,1.0765030644677154e-08,2.454497121107124e-07,1.3825632194652826e-08,6.015804387971002e-07,9.924307597941606e-09,1.0130107419570322e-08,0.9999991655349731
6,2.4906052331630235e-08,1.1350012130151299e-07,2.4020403444069416e-08,8.651239227219776e-07,1.0252664495169483e-08,4.176161283453439e-08,0.999998927116394
6,7.486607778162124e-09,8.69453202767545e-08,1.206952138232964e-08,1.624250103304803e-07,4.072284731648779e-09,6.094912663456853e-08,0.9999996423721313
6,7.051362271859318e-10,6.374331462666305e-08,3.730065700757734e-10,1.450773190470045e-08,1.2915503111443627e-09,4.598881719886094e-09,0.9999998807907104
6,5.244797374182042e-10,4.750981119627795e-08,1.0937875050132106e-09,3.390161928962243e-09,5.918586731823439e-10,1.627884671506763e-08,0.9999998807907104
6,3.9471734214480136e-10,4.708509138140471e-08,3.6072533848852117e-09,8.51126724654705e-09,3.5039806611791846e-09,2.908778995447392e-08,0.9999998807907104
6,6.59581222972605e-10,1.9942719120535912e-07,6.768542171187164e-09,2.010867028445773e-08,2.1632375890590083e-08,1.8924389166841138e-08,0.9999997615814209
6,6.842248545524399e-09,1.0563417163211852e-06,7.898248810533914e-08,1.7061243795524206e-07,8.097198467282851e-09,2.992741343632588e-08,0.9999985694885254
6,5.600837766905897e-07,1.2864567906945013e-05,6.125439711013314e-08,3.7979947364874533e-07,9.328878718406486e-07,1.3461092684963205e-08,0.9999850988388062
6,3.861644472635817e-06,1.290800628339639e-05,1.1510361019873017e-07,1.510133188276086e-06,5.456464350572787e-06,3.833299544453439e-08,0.9999761581420898
6,3.4738806675704836e-07,7.095653018041048e-06,1.243059557509696e-07,1.4030615602678154e-06,2.70605966079529e-07,2.0426396574180217e-08,0.9999908208847046
6,1.2384090197770092e-08,9.921030823534238e-07,2.758605255337443e-08,1.1718901049562191e-07,1.0165762631686448e-07,1.1376815933772377e-08,0.9999988079071045
6,2.107794633277038e-10,1.1604143423937785e-07,1.094213164520852e-09,1.1581142267402811e-08,1.6933126012474986e-09,1.1716490000424074e-09,0.9999998807907104
6,4.574740308793679e-10,4.2809003275579016e-07,1.160937346256219e-09,2.8003539487286844e-09,5.2716462306534595e-09,3.193922681887784e-09,0.9999995231628418
6,2.0436695391534698e-10,8.412433771809447e-08,3.6800246877577436e-11,1.6076844022716585e-10,4.215692328557452e-08,4.0507941445611095e-10,0.9999998807907104
6,5.389651225318204e-11,8.191238975996384e-08,1.9601852085937566e-10,2.692606138054998e-10,2.182745317824697e-09,1.1645195918674744e-09,0.9999998807907104
6,6.358161774855375e-10,3.398224919237691e-07,1.118043879699826e-09,1.5926230334528668e-09,6.117889306267443e-09,3.7786160866915e-09,0.9999996423721313
6,2.090830264478427e-08,4.441065811988665e-06,2.2309121217034544e-09,6.976468847064154e-10,7.73667423459301e-08,1.5007718401349734e-09,0.9999954700469971
6,9.5685512846444e-09,1.644393523747567e-05,3.254072211689163e-08,4.31686775215212e-09,5.286163684559142e-08,1.1110876663167346e-08,0.9999834299087524
6,1.1568747737555896e-08,2.6859725039685145e-06,2.575279367533767e-08,6.300192811892202e-09,1.0842739150973557e-08,2.2297092172607336e-08,0.9999972581863403
6,2.1568746433331398e-07,6.904273050167831e-06,9.373119169708843e-09,2.591788783590232e-09,1.1906134744776864e-07,5.0968447240506976e-09,0.9999927282333374
6,5.877047737357088e-09,1.791222075553378e-06,1.4350725940914799e-08,1.5192865854274373e-09,2.1616049394879155e-08,2.127442000343649e-09,0.9999982118606567
6,6.159109489090042e-08,1.535097112537187e-06,6.033748611855572e-09,9.946787837833426e-10,3.385725477755841e-08,2.6646060913293468e-09,0.9999983310699463
6,8.540941820456283e-08,1.0736505373643013e-06,7.091119247348843e-09,1.4924131930271756e-09,2.0063636085865255e-08,5.68970781600342e-09,0.9999988079071045
6,6.55821636996734e-08,1.0142836117665865e-06,1.5516568030449207e-09,3.0471353218430863e-10,1.3630142348119989e-08,3.772477441543742e-09,0.9999988079071045
6,4.531003572338932e-09,2.1831699825725082e-07,1.2129466875343553e-10,7.909613242151892e-11,2.8774562732536424e-09,4.328428726552147e-10,0.9999997615814209
6,8.152284181051073e-09,1.30768725625785e-07,5.834857041975283e-10,5.150402326847825e-10,1.7078208847109977e-09,1.3411363131154985e-09,0.9999998807907104
6,6.822996567734663e-08,4.030687250633491e-07,7.747122388046535e-10,4.1874856360202273e-10,4.126628283529499e-08,1.4908920764611366e-09,0.9999995231628418
6,7.142436864171486e-09,1.5189212376753858e-07,8.43443537235089e-10,7.117600953066017e-10,1.8533564016820492e-08,3.4055738229454846e-09,0.9999998807907104
6,1.4091309452624046e-08,2.2297838597751252e-07,3.0635680658974707e-09,1.6241062938959772e-09,5.599462227223739e-09,1.4554652594256368e-08,0.9999997615814209
6,6.232860272348262e-08,9.922993626787502e-08,7.371983579140817e-10,1.4923491331586547e-09,8.05970401529521e-09,2.488915518128465e-09,0.9999997615814209
6,3.6392865609968794e-08,2.3084217559699027e-07,1.0957230678343421e-09,1.0407869011075377e-09,1.1161163548933928e-08,3.7452161372186765e-09,0.9999997615814209
6,4.776155915209301e-09,4.714198098554334e-08,2.9466815099077337e-10,6.959940401785047e-10,3.0220670410585626e-09,9.616549778712624e-10,1.0
6,4.796934405248976e-09,1.5947118470194255e-07,1.054130560618205e-09,1.6929185830960591e-09,1.5055405810926459e-09,2.2486981166025544e-09,0.9999998807907104
6,8.309440358011955e-10,1.4571099882232375e-08,5.311672629515485e-11,2.0861769256530494e-10,4.832499400642121e-10,2.7669158630949653e-10,1.0
6,8.002977169851988e-10,1.844423991315125e-08,2.4458952224692965e-11,8.770523196588442e-11,1.8775145882443667e-09,2.0778335996229913e-10,1.0
6,8.204885659779393e-09,2.3497676693295944e-08,1.1881208690500689e-11,7.151386427484141e-11,3.765401768163201e-09,6.116417927692908e-10,1.0
6,1.7400349605622978e-08,2.3077717514752294e-08,2.945904284401557e-11,6.634394422722067e-11,4.206638148929187e-09,5.905540501061068e-10,1.0
6,3.6346929910280323e-09,1.7348620318102803e-08,9.115374254020647e-12,5.465282740257926e-11,5.468177022294185e-09,3.758532929332148e-10,1.0
6,1.1125029786285268e-09,2.4088000483146743e-09,3.3607287959480647e-12,2.2103228969339028e-11,7.415547620404084e-10,2.1230628366453175e-10,1.0
6,9.206206352807556e-10,1.2603473820149702e-09,2.695506795200031e-12,2.0850819335005433e-11,8.021575625960509e-10,2.3791421610575014e-10,1.0
6,2.3938398485690016e-10,1.2875921162613935e-10,5.220876357105164e-13,8.287999626876985e-12,1.8011327151956635e-10,4.928025695849492e-11,1.0
6,4.083297311385792e-10,4.468734549067932e-10,2.3739901103964067e-12,2.0155837068824844e-11,2.9533267498216276e-10,1.3829427880640566e-10,1.0
6,1.997666254638375e-09,5.08901087936664e-10,2.2927053051208235e-12,5.914397444017894e-11,2.001785626148944e-09,3.8958117287712923e-10,1.0
6,2.2233999530385518e-08,9.741447115629853e-08,1.7228331608554193e-11,9.01930752306157e-11,1.413969297203721e-08,3.056953579161359e-10,0.9999998807907104
6,1.599174237476575e-09,4.444309809059632e-08,3.530280928698559e-11,3.650836577495653e-11,1.1635671315346485e-09,1.55729734663268e-10,1.0
6,1.4423516825345928e-09,1.4269637915731437e-07,2.1864848473440723e-11,3.45469035323287e-11,1.9385471006216903e-09,6.081701808824391e-11,0.9999998807907104
6,2.5988403096199875e-10,2.6233360372884817e-08,4.754478061252954e-13,1.0681793990996447e-12,6.066759872247474e-10,3.295902396491246e-12,1.0
6,6.907500266217781e-11,3.473155629762914e-08,1.2153396778541437e-13,2.0016326378498317e-13,5.005489911447114e-10,1.3989841186543006e-12,1.0
6,3.9902442461325904e-10,2.9386450250967755e-07,6.408937508299573e-13,4.0712675201601267e-13,2.4050532676511693e-09,5.2324217007793106e-12,0.9999997615814209
6,4.004443443506034e-09,2.0117822714382783e-06,1.9534502054135983e-12,2.4937588886247974e-12,4.988205759559605e-08,7.37727934296828e-12,0.9999979734420776
6,3.895690170452326e-08,2.726789352891501e-05,8.555876146454366e-11,1.8271944721148792e-11,1.0145657824978116e-06,3.3074684657741216e-10,0.9999716281890869
6,7.1492989306420895e-09,9.496322491031606e-06,2.6353689196179086e-12,3.1449560837504276e-12,1.160572992375819e-06,1.7330383655922432e-11,0.9999892711639404
6,3.2420805951005605e-07,4.6516281145159155e-05,1.4551168603382791e-10,2.6204509048777247e-11,3.0501596484100446e-06,1.653395337308794e-10,0.9999501705169678
6,4.811482412492296e-08,9.651203981775325e-06,5.248779275796034e-12,2.0540010664538144e-12,1.1939869182242546e-06,2.0745351617112995e-11,0.9999891519546509
6,2.1799436922265159e-07,3.322213888168335e-05,1.2404630274354123e-11,6.6373152633747434e-12,1.035411605698755e-05,4.6683514692835715e-11,0.9999561309814453
6,1.784402847704314e-09,3.7884879589000775e-07,4.0353103616854596e-14,3.122205456413535e-13,1.3459717820296646e-06,1.0606395319315287e-12,0.9999983310699463
6,9.115346810695257e-10,4.391550945115341e-08,3.534312328478534e-13,9.70925596865957e-13,2.4584647917436087e-07,7.591581009658288e-12,0.9999997615814209
6,7.884803365776349e-10,1.5831652433462295e-07,6.314600806221066e-14,8.879526888078138e-13,7.992745736373763e-07,1.5198362316934388e-12,0.9999990463256836
6,2.5594861785549483e-09,4.1248594584430975e-07,2.6822568146601944e-13,1.5254361359143265e-12,1.894642451816253e-07,4.3745280835227884e-12,0.9999994039535522
6,1.4232600653585337e-09,3.952247595861991e-08,4.243519869263218e-14,2.774701312897171e-13,1.2310515273838973e-07,1.3568758746793086e-12,0.9999998807907104
6,8.456577105242502e-10,1.7506050653537386e-07,1.1877008742006232e-14,4.4923865517333683e-13,8.969703344519075e-07,8.286927459348614e-13,0.999998927116394
6,3.084809144238143e-11,5.76428726972722e-09,1.7069456922160924e-16,1.3296609703583075e-14,5.862998975203482e-08,2.7103414456351727e-14,1.0
6,1.1665510224467823e-10,1.327128185124593e-09,8.59063303264594e-16,2.2572140554247277e-14,2.141222843476953e-08,1.6781045411758122e-13,1.0
6,3.51856677127671e-09,4.948999787757202e-08,9.627185896079245e-15,6.76001003221613e-14,2.012018995856124e-07,1.3367158942234614e-12,0.9999997615814209
6,3.680911409009724e-10,9.794381972128008e-11,6.612348303180592e-15,1.340693777784202e-13,7.448992533909404e-09,1.4054404341712345e-12,1.0
6,6.542684449772906e-11,1.567416335612748e-11,3.578010741286724e-15,9.329464826547673e-14,1.1028162827386723e-09,7.587902203266828e-13,1.0
6,5.252453680326674e-11,1.7127649992731975e-11,3.588330567199597e-15,1.1163820383538678e-13,1.3023009337587155e-09,5.491441719754353e-13,1.0
6,2.752817244988659e-11,7.817018560229982e-11,2.6240873182866147e-15,8.406890770551803e-14,1.7208874325547185e-09,3.032922491711526e-13,1.0
6,3.3185860743439877e-12,1.3880952810796376e-11,7.0867080353458e-16,6.276637467151486e-14,3.2481883849300175e-10,1.0931784855594193e-13,1.0
6,2.2364018189419133e-12,1.090617873789057e-11,1.0485428265599272e-15,1.41318936262326e-13,3.173210305629226e-10,3.8796255704548477e-13,1.0
6,1.0366487399396385e-12,1.2975212267465897e-12,1.53778513936663e-16,1.825017696373884e-14,9.243679433001972e-11,1.6481569798179607e-13,1.0
6,5.92380745151333e-13,8.093302503869859e-13,8.080622848401101e-17,5.378796010885789e-15,2.0577940740285072e-10,1.006171125692186e-13,1.0
6,1.2585917551211079e-12,3.5541621729029416e-12,1.1620044780314169e-15,2.0095883778662588e-14,2.4550059207761876e-10,4.76990083715656e-13,1.0
6,6.742287284033921e-12,7.0947331343163e-11,5.122527463243421e-15,4.838715352332122e-14,1.1567647950627702e-09,9.600866109071848e-13,1.0
6,8.618994407072478e-12,2.1977661010530447e-11,3.4086958431524044e-15,5.648125467761639e-14,1.2394592019404627e-09,1.0428261986578091e-12,1.0
6,7.764148352018552e-11,1.5698646549378026e-10,9.574508747682911e-14,7.332330814562027e-13,2.840404578208222e-09,6.139577995306622e-12,1.0
6,9.634887332410358e-11,5.503036359932878e-10,4.3852942110955695e-14,3.8900512585454683e-13,6.029686527853073e-09,3.6021331317054317e-12,1.0
6,6.887516251774528e-11,8.049297339773887e-11,1.7961137134883676e-14,1.5857912314017064e-13,5.609532838235509e-09,3.2341208704156355e-12,1.0
6,1.5495604799298235e-11,7.733019953548581e-12,1.0197976835278448e-14,1.6661350847168438e-13,4.868302427851745e-10,2.1292245310639e-12,1.0
6,8.947425265970477e-12,6.067722821585797e-13,9.856166853809342e-15,1.0030305985743102e-13,2.1231641444963145e-10,1.6215969539379316e-12,1.0
6,1.1319426299061242e-12,5.64701931049516e-13,9.094342879949983e-16,7.007970287788764e-15,2.2712022540449794e-10,3.064795596127712e-13,1.0
6,1.6394105040520857e-12,5.915810240763805e-14,2.5700758388884706e-15,1.2775913986950386e-14,2.943176535818992e-10,7.670626829027472e-13,1.0
6,2.202641281173756e-12,6.658474227712319e-13,2.5283876300816925e-15,9.88965447078563e-14,4.965390876243703e-10,1.3649166161460585e-13,1.0
6,3.8891057041468e-11,1.527121068489734e-10,4.0487317681412935e-14,9.457505091570173e-12,9.85709514012001e-10,9.216681237655955e-13,1.0
6,4.183972959759252e-11,1.7445860034381866e-10,1.172641492372048e-13,9.58498905245797e-12,1.0531098215693646e-09,1.5053203909071167e-12,1.0
6,4.030100558827243e-11,5.0907583704074e-10,1.587258834567437e-13,2.8594743760324004e-12,2.5785782398202173e-09,2.1453596277948295e-12,1.0
6,3.2500102609134274e-10,1.1463101579067825e-09,5.481377938348908e-12,1.9175326257392378e-11,5.2671591532771345e-08,7.958115416650813e-11,1.0
6,7.823641040571871e-11,5.213040416007786e-11,3.656130953544334e-12,1.4823048387693771e-12,2.4416699773155415e-09,3.8168673083260884e-11,1.0
6,5.040534843355794e-14,1.6823959488997814e-13,1.0640432515619951e-16,2.961548844362754e-15,1.5810242004477004e-11,1.699128779840929e-14,1.0
6,8.750145790228925e-13,8.19586043997178e-13,6.634586136771217e-14,1.9632619098139403e-13,2.2895818921342403e-11,1.4952419727723432e-12,1.0
6,3.135717813879113e-12,4.393090708917913e-13,7.9153677156555e-14,1.8031589676253956e-12,8.997087797002479e-12,3.908257181425845e-13,1.0
6,4.853848985068854e-13,1.086895981203262e-12,9.320780197739475e-15,8.570837724437841e-14,8.81985456890888e-12,2.8532021580443545e-13,1.0
6,8.369584864574564e-13,4.695218606270979e-12,5.311613507971019e-14,8.581491094984683e-13,3.359467912189551e-11,8.001957386635783e-13,1.0
6,1.2576216652272765e-13,7.335104745820331e-12,3.6010304709909596e-14,8.802014699786989e-14,1.0606040351524015e-10,6.032457519622447e-13,1.0
6,1.1042500464367166e-12,3.403070533702923e-11,6.951323197612602e-12,4.189152930794693e-12,3.183443231247196e-10,3.302498899349082e-11,1.0
6,1.879137290217159e-09,1.6613569187029498e-08,6.276788155901158e-08,7.098403531635711e-10,1.0125634553048712e-08,7.1920469579822566e-09,0.9999998807907104
6,1.280774486467351e-09,8.786502121438389e-07,1.9457183952908963e-05,3.6015375570741526e-08,3.617896737750925e-08,3.201185094781067e-08,0.9999796152114868
6,3.503760837020309e-08,1.4694105630042031e-06,0.00015686314145568758,1.0572988173862541e-07,1.1265131405480133e-07,8.534222928346935e-08,0.9998413324356079
2,3.0003873689565808e-05,5.501334271684755e-06,0.9997621178627014,2.9649297630385263e-06,6.066260027637327e-08,1.750279807311017e-06,0.00019762845477089286
2,1.4960282896936405e-06,9.501416570856236e-06,0.999702513217926,3.989336619270034e-06,2.34989325775814e-08,5.456170129036764e-07,0.00028184716938994825
2,9.374244882565108e-07,1.0006663615058642e-05,0.9994252920150757,4.378121502668364e-06,1.4331018149960073e-08,2.5866042960842606e-06,0.0005568997585214674
2,0.00016680518456269056,0.0001821840851334855,0.9712436199188232,0.00022373812680598348,8.402041203225963e-06,1.501840688433731e-05,0.028160197660326958
2,0.00012693247117567807,1.771037932485342e-05,0.995938777923584,4.441388227860443e-05,1.5305765828088624e-06,1.3301184480951633e-05,0.0038573946803808212
2,5.4606207413598895e-06,3.035582267330028e-06,0.9995036125183105,2.0155481252004392e-05,4.2339099337596053e-08,7.186702646322374e-07,0.0004669847839977592
2,2.4084135930024786e-07,1.1766716170313885e-06,0.9998119473457336,3.3851159969344735e-05,6.625591630893268e-09,2.0390157828842348e-07,0.000152555774548091
2,6.396119545115653e-08,5.757216285928735e-07,0.999933123588562,8.043753950914834e-06,1.3172021251506294e-09,8.26145267751599e-08,5.810871516587213e-05
2,4.784323550666159e-07,3.3649143915681634e-07,0.9999470710754395,9.768256859388202e-06,2.02692884698763e-09,1.5162258648615534e-07,4.222658390062861e-05
2,3.9848991661983746e-08,1.778027751697664e-07,0.9999802112579346,7.3527212407498155e-06,5.143644954408444e-10,4.3084408929416895e-08,1.219403748109471e-05
2,7.080914521395698e-09,3.4317977792852616e-08,0.9999949932098389,3.0172877814038657e-06,4.7223745747171364e-11,8.649480243150265e-09,1.894284537229396e-06
2,5.341431474903402e-08,1.9363140424388803e-08,0.9999911785125732,6.7647001742443535e-06,1.7409873542817422e-10,6.180396638910679e-09,2.0748118458868703e-06
2,3.010875957443204e-07,2.6255728258206545e-08,0.9999902248382568,6.949891030672006e-06,4.571705791711622e-10,3.030471873444185e-08,2.3569493805553066e-06
2,7.483723862833358e-09,3.042280383169782e-08,0.9999901056289673,8.026005161809735e-06,1.0196924554728426e-10,2.850015867750244e-08,1.8222661992695066e-06
2,1.9279307039710147e-08,1.5331245606375887e-08,0.9999933242797852,4.6861205191817135e-06,1.1364011814896102e-10,3.011673399555548e-08,1.9342676296218997e-06
2,7.904080803200486e-07,8.910601145828423e-09,0.9999904632568359,6.044509063940495e-06,5.406468051027957e-10,2.7800323820770245e-08,2.672154778338154e-06
2,8.737736152397702e-07,1.3018890854255005e-08,0.9999864101409912,1.0965123692585621e-05,7.785103672830473e-10,1.6523188151040813e-08,1.836047317738121e-06
2,2.3225869227871954e-08,1.272876559710312e-08,0.9999923706054688,6.540180493175285e-06,1.308003566569127e-10,4.3146339834265746e-09,1.0895416835410288e-06
2,5.883305220777402e-07,4.9552578929024094e-08,0.9999855756759644,1.1886275387951173e-05,8.060124234710031e-10,1.3302979162688189e-08,1.949555326064001e-06
2,1.2638361113204155e-05,1.0493278068679501e-07,0.999966025352478,1.937736669788137e-05,2.3179043129317733e-09,3.4334924237100495e-08,1.8233957916891086e-06
2,2.189297219956643e-06,1.4718634133714659e-07,0.9999475479125977,4.8154299292946234e-05,1.4929146807673987e-09,1.901791435443556e-08,2.053516482192208e-06
2,3.273757329225191e-06,1.696114821925221e-07,0.9999538660049438,4.1196086385753006e-05,3.6131193592581212e-09,4.9837826310294986e-08,1.6024921478674514e-06
2,4.005628682079987e-07,3.837513773419232e-08,0.9999935626983643,5.3604635468218476e-06,6.267578123164697e-10,2.432025070220334e-08,6.961307121855498e-07
2,1.8397644225842669e-06,2.254300390802655e-08,0.999992847442627,5.049637366028037e-06,1.3522694075618347e-09,4.832893907291691e-08,2.59328515994639e-07
2,1.8769104315197183e-07,3.3854339331895744e-09,0.9999985694885254,1.0070036751130829e-06,1.8048786076807488e-10,9.2071461565979e-09,8.926191696900787e-08
2,5.72988163582977e-08,3.736476905658037e-09,0.9999980926513672,1.8205072365162778e-06,2.4020632705124e-10,8.361321413019596e-09,7.568740301167054e-08
2,3.294893076599692e-06,1.1110802056180091e-08,0.9999881982803345,8.1708039942896e-06,2.1380786030533727e-09,1.4427235406344607e-08,2.3588073361224815e-07
2,1.4913129234628286e-05,1.0923987936450885e-08,0.9999744892120361,1.0054464837594423e-05,4.011144749682671e-09,1.511803020548541e-07,3.3688695566524984e-07
2,6.428866072383244e-06,2.9056461681165047e-09,0.9999890327453613,4.191421339783119e-06,3.6531335734224513e-09,9.554367608188841e-08,2.6661803076422075e-07
2,1.2980586689081974e-05,2.1943240557931176e-09,0.9999823570251465,4.3338686737115495e-06,1.3756922268015614e-09,1.1681418499165375e-07,2.8561197495946544e-07
2,1.2390372603476862e-06,1.2705435314952496e-10,0.9999974966049194,8.79745016391098e-07,8.376008914234845e-11,2.8846388389069944e-08,3.9620255165573326e-07
2,5.9659214457497e-05,6.663566365361362e-10,0.9999294281005859,4.943151907355059e-06,1.4687224769716067e-09,2.9092967679389403e-07,5.5589275689271744e-06
2,1.0072872100863606e-05,7.899044196513216e-10,0.9999858140945435,2.950672524093534e-06,1.4656987845640401e-09,2.9374660925896023e-07,7.83352732014464e-07
2,3.074089818255743e-06,5.980542172601133e-10,0.9999955892562866,7.46306000110053e-07,1.5486856241864189e-10,8.830033948470373e-08,5.034511332269176e-07
2,3.059660957660526e-05,1.3930609998880072e-09,0.9999632835388184,5.5543891903653275e-06,6.594141233051687e-09,1.2538298221898003e-07,3.6748889442606014e-07
2,6.68583670631051e-05,1.391361781344358e-08,0.9999227523803711,9.485155715083238e-06,8.69238281353546e-09,9.493662389559177e-08,8.319625521835405e-07
2,9.228454473486636e-06,3.7936366936719423e-08,0.9999836683273315,5.029352450947044e-06,2.009537647396087e-09,2.5409779169649482e-08,2.045161409114371e-06
2,2.492463181624771e-06,9.550172208605545e-09,0.9999948740005493,2.265367584186606e-06,3.3580110914144257e-10,4.843928813613729e-09,3.0802047490396944e-07
2,1.6711734133423306e-05,2.3203149623896024e-08,0.99997878074646,4.144195372646209e-06,1.0560019525485131e-09,5.478886677678929e-09,3.854474073250458e-07
2,6.615625807171455e-06,5.644006506599908e-08,0.9999845027923584,8.33215017337352e-06,9.1295099258204e-10,4.246007101471605e-09,4.3046171072091965e-07
2,9.579458719599643e-07,3.037503759628635e-08,0.9999905824661255,8.250858627434354e-06,1.7309900735007488e-10,3.851102103880066e-09,1.408768213195799e-07
2,7.077516056597233e-05,8.456217415186984e-08,0.9999077320098877,2.0847030100412667e-05,2.8093194437417424e-09,1.2545908312233678e-08,5.153114557288063e-07
2,1.965519186342135e-05,5.4094162038609284e-08,0.9999681711196899,1.1789364180003759e-05,5.484116494258728e-10,1.9532691908352717e-08,2.6994976565219986e-07
2,0.00030271278228610754,3.600657976221555e-07,0.9995803236961365,0.00011597610864555463,7.873242502398625e-09,3.2426942908614365e-08,6.284271876211278e-07
2,2.6112722935067723e-06,1.0666779459711506e-08,0.9999951124191284,2.1097516764712054e-06,7.924284145532923e-11,9.091972508201707e-09,8.357234548839187e-08
2,6.725780110627966e-08,7.121743639260103e-09,0.9999918937683105,7.954975444590673e-06,1.0755125956496414e-11,2.397587017810565e-09,3.68271102502149e-08
2,1.4880816578966005e-09,2.6909467987223934e-09,0.999995231628418,4.733349214802729e-06,1.4793998274684195e-12,7.455718820104096e-10,1.0770369485157971e-08
2,2.9040124971402292e-08,1.0393986782375464e-09,0.9999964237213135,3.6187100249662763e-06,8.525538781889441e-12,1.7590585654758684e-09,1.6459059892781625e-08
2,5.510861100788134e-09,9.559983915607972e-09,0.9999974966049194,2.536495685490081e-06,2.0145293419537857e-11,1.1840430858001127e-08,3.1260718458270276e-08
2,5.4077478495173636e-08,1.6350335840797925e-07,0.9999839067459106,1.5750470993225463e-05,5.131473579389478e-10,7.665594381478513e-08,1.330250540831912e-07
2,1.748362876696774e-08,2.318604686024628e-08,0.999992847442627,6.6842494561569765e-06,1.1712111835926464e-10,2.8769810000994767e-07,9.068488537877784e-08
2,2.4567947548348457e-05,2.9647703740920406e-06,0.9998713731765747,9.051952656591311e-05,1.1503618502217705e-08,5.330210797183099e-07,1.0066072718473151e-05
2,0.0023332438431680202,1.2513328329077922e-06,0.9975849390029907,7.367088255705312e-05,3.872739995358643e-08,1.4597076187783387e-06,5.437843810796039e-06
0,0.999660849571228,1.4096318636802607e-06,0.0002739722258411348,6.105654028942809e-05,1.6093405292849638e-06,6.709961297701739e-08,9.60623765422497e-07
0,0.9999920129776001,8.590058797608435e-08,6.851009402453201e-06,9.982918527384754e-07,5.522640122990197e-08,2.961987810579103e-08,3.592094444115901e-08
0,0.9999704360961914,1.476202982075847e-07,2.5996030672104098e-05,3.3157207326439675e-06,1.2216148093102674e-07,3.653966729189051e-08,3.6971933070617524e-08
0,0.99994957447052,2.9594145871669753e-06,1.8009641280514188e-05,2.622935062390752e-05,2.9784184789605206e-06,2.620193129132531e-08,2.5031965833477443e-07
0,0.9999839067459106,2.312913665036831e-07,1.4230272427084856e-05,1.5805504745003418e-06,6.464985347065522e-08,2.053203473906251e-08,1.0304717967812849e-08
0,0.9999427795410156,4.2152285573138215e-07,5.487946327775717e-05,1.8344201180298114e-06,4.882321036348003e-08,6.111677919307112e-08,6.638416749638054e-08
0,0.9994975328445435,2.8508377454272704e-06,0.0004896367900073528,8.939963663578965e-06,4.286552268695232e-07,2.691791678444133e-07,2.979177793349663e-07
0,0.9999277591705322,3.1471665806748206e-06,5.654609776684083e-05,1.1682307558658067e-05,5.899741495341004e-07,1.184638804829774e-07,2.2459364856786124e-07
0,0.9998887777328491,5.22258176260948e-07,0.00010828049562405795,2.0840084289375227e-06,9.380824650406794e-08,1.0175682518820395e-07,5.9037752464519144e-08
0,0.9999611377716064,3.128641026250989e-07,3.719047526828945e-05,1.3442746649161563e-06,5.076332243447723e-08,4.749283988303432e-08,1.3725815151133247e-08
0,0.9999570846557617,2.750080909663666e-07,3.9499176637036726e-05,2.8489380383689422e-06,9.20878946431003e-08,7.941167012859296e-08,4.079732107697964e-08
0,0.9999878406524658,1.852303341820516e-07,9.967148798750713e-06,1.7878448943520198e-06,9.96104745354387e-08,2.2939332211535657e-08,1.2143038574663478e-08
0,0.999988317489624,1.618564624550345e-07,9.153423889074475e-06,2.2967408312979387e-06,4.4310787927770434e-08,1.5772128492130832e-08,7.986053596198417e-09
0,0.9999552965164185,3.7738863056802074e-07,3.4247095754835755e-05,9.808382856135722e-06,1.5994353930182115e-07,4.145227805452123e-08,4.096333228176263e-08
0,0.9999457597732544,1.133732098423934e-06,3.8767386286053807e-05,1.3565329027187545e-05,6.245474537536211e-07,8.13826943613094e-08,4.539150921800683e-08
0,0.9999582767486572,2.800492211463279e-07,3.147954703308642e-05,9.700790542410687e-06,1.9540222240266303e-07,6.354184023393827e-08,6.012438102942497e-09
0,0.9998786449432373,1.8417837281958782e-06,9.896857955027372e-05,1.972026984731201e-05,6.13569397955871e-07,8.527415218395618e-08,1.1151561807309918e-07
0,0.9999550580978394,2.4529848019483325e-07,4.342986721894704e-05,1.1807420605691732e-06,3.213243360278284e-08,9.029432845863994e-08,7.885287978126598e-09
0,0.9999781847000122,2.253288471365522e-07,1.927906123455614e-05,2.2581084522244055e-06,3.847216945018772e-08,4.59038886901908e-08,5.959853499604151e-09
0,0.9999657869338989,1.1353728268659324e-07,3.143391222693026e-05,2.5526105673634447e-06,5.021474436261997e-08,1.3088579464692884e-07,4.2630747820737724e-09
0,0.9998539686203003,1.415753843048151e-07,0.0001421263295924291,3.619222979978076e-06,3.7012714670936475e-08,2.0351713203581312e-07,9.40778122071606e-09
0,0.999984622001648,1.3249643870949512e-07,1.3482690519595053e-05,1.7457510921303765e-06,3.010539018077907e-08,3.962323802397805e-08,3.428417105766357e-09
0,0.9999933242797852,4.675759157635184e-08,2.627167816626752e-07,6.231721272342838e-06,8.908575210853087e-08,7.72747643651428e-10,4.245402918101604e-10
0,0.9999895095825195,1.6527880575267773e-07,1.5682232969993493e-06,8.491150765621569e-06,1.9088369640485325e-07,5.729611451954497e-09,1.1036612734827145e-09
0,0.9999973773956299,8.220988689799924e-08,4.380473228593473e-08,2.570524429756915e-06,4.3371414903958794e-08,4.6351936178190556e-10,1.0089663132761828e-10
0,0.9999986886978149,6.283379860860805e-08,5.298458916058735e-08,1.189053932648676e-06,4.3886238643153774e-08,3.380741520064845e-10,1.344455796692401e-10
0,0.9999997615814209,1.7960466891508986e-08,5.5338805537985536e-08,1.9018463603970304e-07,3.006353832546438e-09,5.406941006036448e-10,6.753950176907608e-11
0,1.0,8.29857871309514e-09,1.390917159227456e-08,1.9186368049872726e-08,1.246181824399173e-09,1.7404456764680276e-09,4.227498559550291e-11
0,0.9999998807907104,3.9170057419823934e-08,7.297635562508731e-08,1.081847411654735e-08,1.6298535854275542e-09,5.979658990185044e-09,6.902837329514355e-11
0,0.9999990463256836,5.8726072893477976e-08,8.1663540640875e-07,5.374943867764159e-08,2.7510382860640448e-09,7.58089413466223e-09,3.769491940808223e-10
0,0.9999998807907104,3.954597982414043e-09,9.309157178449823e-08,4.468685421699092e-09,2.249324504433048e-09,5.439434680454269e-09,4.301170183906855e-11
0,0.9999998807907104,1.4973188244837843e-09,8.396019524070653e-08,1.7295382903625978e-09,1.3023678802071004e-09,1.002369476310605e-08,8.339603313478605e-11
0,0.9999998807907104,1.191098886188513e-09,6.89455745828127e-08,4.3082604150868065e-09,9.122518740412033e-09,1.1817265388458509e-08,5.517802881271905e-10
0,1.0,3.694819339372657e-09,2.8698508458546712e-08,9.700226399900203e-09,1.5844982215185155e-08,5.628803645407743e-09,3.223242783789715e-10
0,0.9999992847442627,3.725886088545849e-08,5.581539994636842e-07,1.4141653181809488e-08,2.117232078546749e-08,2.2404693211797166e-08,6.365492577486975e-09
0,0.9999998807907104,4.324107738540306e-09,8.907598214591417e-08,1.5583328405455177e-08,5.166363781228256e-09,4.209760096074433e-09,3.619125554799041e-10
0,0.9999998807907104,7.705776461364167e-09,8.178655974688809e-08,1.767055479717783e-08,1.4896569311417807e-08,1.3487841066250894e-08,9.615411800112383e-10
0,0.9999983310699463,1.3193651682286145e-07,1.3094754649500828e-06,2.944404009497248e-08,1.6260521817912377e-07,7.464685580771402e-08,7.227404452692099e-09
0,0.9999995231628418,2.8310148891819154e-08,2.7319774176248757e-07,4.7361144339674865e-08,1.4264000469665916e-07,4.9577185023963466e-08,2.6703077526946117e-09
0,0.999998927116394,2.3616674837967366e-08,9.657589998823823e-07,3.2378579817304853e-08,1.062874055435259e-08,3.678889726188572e-08,4.933091157788283e-10
0,0.9999992847442627,7.568139004376917e-09,5.534619731406565e-07,2.7672912850107423e-08,4.214570026306319e-09,5.61092328155155e-08,4.5213555122103344e-10
0,0.9999992847442627,6.856767598151237e-09,6.108198249421548e-07,2.9698442816084025e-08,8.010551333370586e-09,5.7176176682105506e-08,2.5024080030355833e-10
0,0.9999994039535522,1.4366436040802455e-08,5.101299507259682e-07,4.200288117317541e-08,1.4522286484464075e-08,5.97083840148116e-08,5.880808617853006e-10
0,0.9999990463256836,5.4930402448860605e-09,8.226534760069626e-07,4.901191275052952e-08,1.2938749627267043e-08,9.607512652110017e-08,4.3632725210684953e-10
0,0.9999997615814209,3.8651618017304656e-10,1.3720882918732968e-07,4.6434479372692294e-08,4.245027884763886e-09,4.576867240757565e-08,4.059965211244965e-11
0,1.0,1.9716220323040545e-10,4.110659901357394e-08,1.950182060284078e-08,3.6845098083659877e-09,3.467886244834517e-08,5.038233719112384e-12
0,0.9999997615814209,4.523091345909336e-10,8.069013546219139e-08,3.406484694323808e-08,4.088488658737788e-09,4.834522115970685e-08,1.006749805049223e-11
0,0.9999998807907104,9.092751551698086e-11,1.4097253142608679e-08,3.608941412380773e-08,5.653344903322477e-09,7.400563362125467e-08,1.689433141993657e-11
0,0.9999997615814209,9.505037867896249e-10,1.775658091673904e-07,1.0262030514240905e-07,7.054203887690846e-09,3.3395842535810516e-08,3.942876303231202e-10
0,0.9999997615814209,2.0017879021061447e-10,5.596528751539154e-08,7.484084818543124e-08,1.859680409665998e-08,1.1816425171673473e-07,3.09426950728664e-09
0,0.9999997615814209,2.955060918186092e-10,1.066921555548106e-07,1.0081834744823936e-07,9.30906374208007e-09,7.73424275735124e-08,4.676667386682709e-10
0,0.9999988079071045,2.4158044453770344e-09,3.520819120694796e-07,4.1970082520492724e-07,1.2582478348122095e-07,3.3219089345948305e-07,6.5263310311536316e-09
0,0.9999997615814209,5.1537989154137875e-11,3.217870414573554e-08,1.2662179926792305e-07,1.1186802595375411e-08,1.5735899694391264e-07,3.3576558200465456e-10
0,0.9999996423721313,3.9102433097015776e-11,9.897776465095376e-08,1.5166830280577415e-07,1.554224127175985e-08,1.0400972172419642e-07,2.0213291040960257e-09
0,0.9999995231628418,7.103855698131767e-11,7.728269224571704e-08,2.5371889478265075e-07,2.6289194821060846e-08,6.028352572684526e-08,2.94342350493082e-09
0,0.9999995231628418,1.4391235599042762e-11,4.0062928974293754e-08,2.4318114810739644e-07,2.915904673272962e-08,1.977521861817877e-07,1.4326506647677206e-09
0,0.9999995231628418,8.465109689603789e-12,7.939199520023976e-09,2.9252007038849115e-07,6.020722054245198e-08,9.926208832666816e-08,2.404959564827891e-10
0,0.9999986886978149,8.801140372050043e-12,3.6104432776795647e-09,3.984002319157298e-07,7.748339498903078e-07,1.4822754224042e-07,6.699303334301021e-10
0,0.9999872446060181,1.183293601991764e-10,2.524090447764138e-08,6.60971863908344e-07,1.0742243830463849e-05,1.3801123941448168e-06,6.471788438489057e-09
0,0.9999951124191284,6.804128926951591e-10,1.646120573184362e-08,1.1299312063783873e-06,3.568127567632473e-06,1.70044302194583e-07,1.488663414761504e-09
0,0.9999895095825195,9.58599422062889e-10,4.412530074660026e-08,1.2598494549820316e-06,8.475657523376867e-06,7.086057962624182e-07,3.081921606806759e-09
0,0.9999963045120239,5.6120962044214906e-11,2.711129543087054e-09,3.5307061807543505e-07,2.9733300834777765e-06,3.0326634714583633e-07,5.140157743888096e-10
0,0.9999940395355225,2.4899600159500324e-09,5.952442094780963e-08,1.7751527821019408e-06,2.8101612770115025e-06,1.2286160426810966e-06,1.0424318075408223e-09
0,0.9999943971633911,5.140226577715623e-10,6.711162825467909e-08,2.1078717509226408e-06,1.957479071279522e-06,1.433183911103697e-06,2.972384116617377e-09
0,0.9999728202819824,1.7041654198912681e-10,1.6570934846527052e-08,3.256064928791602e-06,2.2594909751205705e-05,1.3089426147416816e-06,1.4376443147057216e-08
0,0.9999912977218628,8.721606770123458e-10,1.1057039017714487e-07,1.820368311200582e-06,5.021095603296999e-06,1.7015144067045185e-06,1.0106020909006475e-08
0,0.9999979734420776,1.9340773427245495e-10,3.658551150920175e-08,6.565210810549615e-07,8.834709319671674e-07,5.051914513387601e-07,4.186411217688146e-09
0,0.9999873638153076,2.2870807470098953e-09,1.5019008969829883e-07,3.3793658076319844e-06,8.199077456083614e-06,9.443818385079794e-07,1.743760513761572e-08
0,0.9999939203262329,2.7784292644383868e-09,2.106660019762785e-07,3.863510301016504e-06,1.6344818050129106e-06,2.6919545348391694e-07,6.974453015118343e-09
0,0.9999969005584717,6.355138082447809e-10,8.332609979788685e-08,1.0205195621892926e-06,1.3901677675676183e-06,5.843490953338915e-07,3.5738501047433147e-09
0,0.9999949932098389,9.345149543094067e-09,9.029135412674805e-07,3.3288399663433665e-06,5.224501933298598e-07,2.637791851611837e-07,8.23279577844005e-09
0,0.9999921321868896,3.7078173420468374e-08,1.6724449096727767e-06,5.237304776528617e-06,7.048803922771185e-07,2.421610361125204e-07,1.5081566218100306e-08
0,0.9999933242797852,5.300300287558457e-08,1.7713125544105424e-06,4.36497157352278e-06,3.302867526144837e-07,1.4249853563796933e-07,1.2208665189916701e-08
0,0.9999951124191284,1.496915658094622e-08,3.877403003116342e-07,4.212513431411935e-06,2.4989529379126907e-07,4.264884978510963e-08,3.984188978733982e-09
0,0.9999992847442627,8.228246528574346e-09,6.328125579102561e-08,5.443873760668794e-07,2.7752040665518507e-08,7.283651459744078e-09,6.129166618684678e-10
0,0.9999992847442627,8.231181958251454e-09,1.8010885227681683e-08,5.554019253395381e-07,1.5539205833192682e-07,4.353915006305442e-09,2.6210020820371938e-09
0,0.999996542930603,1.1049459125445082e-08,9.280318380433528e-08,2.8897381980641512e-06,3.0924039151614124e-07,2.0425424906989065e-08,2.3569310947380018e-09
0,0.9999911785125732,4.673154307965888e-08,1.7057351442417712e-06,6.9158209043962415e-06,8.490476943734393e-08,4.913826501251606e-08,9.30465215986942e-09
0,0.9999990463256836,5.377873701917224e-09,3.135601644999042e-08,8.641205226922466e-07,1.0852695453422712e-07,1.2870152055199924e-08,1.4010724525004292e-10
0,0.9999794960021973,4.440075684897238e-08,5.69662610416799e-08,1.9881494154105894e-05,4.2503293684603705e-07,1.1282983436444738e-08,7.2090537983626746e-09
0,0.9999736547470093,4.835020490645547e-07,4.1265232653131534e-07,2.4446886527584866e-05,9.013895123644033e-07,2.0651535592719483e-08,8.635025494641013e-08
0,0.9999933242797852,5.07628250545622e-08,5.835281058352848e-08,6.434567239921307e-06,1.3890051775433676e-07,9.304901738005356e-09,2.3830648565592583e-09
0,0.99998939037323,3.0391043015498553e-09,1.0153724971928568e-08,1.0623821253830101e-05,5.186018015024274e-08,2.9462021711168518e-09,1.0872872914513554e-11
0,0.9999570846557617,7.340556607005055e-08,1.1909877173366112e-07,4.240108683006838e-05,3.7744689507235307e-07,7.707256166611387e-09,2.838067780785991e-09
0,0.999997615814209,1.2474447252941445e-08,3.362631417758166e-08,2.235548436146928e-06,7.20962844980022e-08,7.292717540963167e-09,2.909845975285208e-10
0,0.999997615814209,5.5292161960096564e-08,2.4960223754533217e-07,1.6733970369386952e-06,3.2943378869276785e-07,4.858712898681006e-08,1.0051393495302818e-08
0,0.999969482421875,6.135323928901926e-06,2.0480913462961325e-06,2.921353598139831e-06,1.628708741918672e-05,2.1132889571617852e-07,2.823321665346157e-06
0,0.9999780654907227,2.2170568172441563e-06,7.58223541197367e-06,9.196966857416555e-06,2.356871164010954e-06,2.3450787978163135e-07,2.8237187166268995e-07
0,0.999996542930603,3.093896623340697e-07,4.6776764861533593e-07,1.8997944835064118e-06,6.967272270230751e-07,6.955822584586713e-08,3.017438743313505e-08
0,0.9999338388442993,4.3795976125693414e-06,2.5487024686299264e-06,5.145706018083729e-05,7.097285561030731e-06,7.467507856517841e-08,5.774618330178782e-07
0,0.9999393224716187,4.80511198475142e-06,3.6773556075786473e-06,3.259349978179671e-05,1.8837461539078504e-05,8.74419754381961e-08,6.799653533562378e-07
0,0.9998989105224609,2.2721796995028853e-06,2.590731583040906e-06,9.47283988352865e-05,1.4003020396557986e-06,2.9616895602657678e-08,5.861064522605375e-08
0,0.9998561143875122,8.022198016988114e-06,2.0899260562146083e-05,0.00011184034519828856,2.1048285816505086e-06,1.0224161428595835e-07,9.042711326401331e-07
0,0.9997954964637756,1.4398775419977028e-05,0.00015837786486372352,2.4917842893046327e-05,3.6373430702951737e-06,8.802461479717749e-07,2.2956562588660745e-06
0,0.9997974038124084,2.677759766811505e-05,0.00014623632887378335,1.9270024495199323e-05,5.155015969648957e-06,1.0444691724842414e-06,4.219459697196726e-06
0,0.9993866682052612,2.4596844014013186e-05,0.0005641972529701889,1.4100297448749188e-05,3.548404492903501e-06,2.101790869346587e-06,4.773488853970775e-06
0,0.9996222257614136,2.393457543803379e-05,0.0003298339433968067,1.0810981621034443e-05,2.5724118586367695e-06,1.117939177674998e-06,9.434983439859934e-06
0,0.9997860789299011,1.7185484466608614e-05,0.00018615880981087685,7.863752216508146e-06,7.413435128000856e-07,4.077795665580197e-07,1.522444222246122e-06
0,0.9995946288108826,8.764900485402904e-06,0.00038981903344392776,3.449365749474964e-06,3.8091070564405527e-07,7.860735991016554e-07,2.24117184188799e-06
0,0.9987888932228088,1.04764385469025e-05,0.0011948016472160816,2.530804977141088e-06,1.0289013374631395e-07,1.0368213452238706e-06,2.201701363446773e-06
0,0.9988961219787598,1.0478683179826476e-05,0.0010882570641115308,2.7131040951644536e-06,8.240191817776576e-08,6.055935273252544e-07,1.704268697722e-06
0,0.9967023730278015,2.947260691144038e-05,0.0032470987644046545,1.0748361091827974e-05,1.87412553032118e-07,1.5132941371120978e-06,8.599188731750473e-06
2,0.23784099519252777,0.0025726475287228823,0.7556933760643005,0.00029199838172644377,3.61907609658374e-06,6.038348510628566e-05,0.0035370292607694864
0,0.9988783001899719,5.255612268229015e-05,0.0010277681285515428,2.6016647098003887e-05,9.548092521072249e-07,2.3690379293839214e-06,1.1943591744056903e-05
0,0.9994137287139893,1.2782516932929866e-05,0.0005358236958272755,3.425767499720678e-05,5.585511644312646e-07,6.264335183914227e-07,2.243556764369714e-06
0,0.999902606010437,5.712976872018771e-06,4.584103953675367e-05,4.49999060947448e-05,4.6172428369573026e-07,1.2144673178227094e-07,3.1481843620895233e-07
0,0.9999455213546753,7.449734312103828e-06,3.562176425475627e-05,7.123503110051388e-06,3.138662350465893e-06,2.761834423381515e-07,8.422174460065435e-07
0,0.9997490048408508,1.1556742720131297e-05,0.0002291981945745647,5.679004971170798e-06,1.3752002132605412e-06,2.107792852257262e-06,1.0708098443501513e-06
0,0.9998776912689209,7.843717867217492e-06,0.00010966791887767613,1.2073161315129255e-06,6.884777121740626e-07,1.8025313011094113e-06,1.045888893713709e-06
0,0.9996316432952881,3.7988727854099125e-05,0.00032330662361346185,2.143799065379426e-06,5.9804966667798e-07,1.931809492816683e-06,2.414041773590725e-06
0,0.9998321533203125,2.7709209462045692e-05,0.00013396020221989602,1.50642506469012e-06,5.23025107668218e-07,8.818287824396975e-07,3.2738894333306234e-06
0,0.9999414682388306,7.967753845150582e-06,4.761655873153359e-05,8.412764600507217e-07,3.4787117897394637e-07,6.414288691303227e-07,1.1519443887664238e-06
0,0.9999908208847046,1.714193217594584e-06,6.664077773166355e-06,3.1860673743722145e-07,7.521052225456515e-08,2.561210123985802e-07,1.8245793853566283e-07
0,0.9999873638153076,3.744561354324105e-06,7.880443263275083e-06,3.8806061297691485e-07,1.0310343157016177e-07,2.5786539481487125e-07,2.076507001902428e-07
0,0.9999324083328247,4.2776013287948444e-05,1.831365625548642e-05,1.3265798770589754e-06,1.7243387446796987e-06,5.337769266589021e-07,2.975834831886459e-06
0,0.9999923706054688,3.7589991279673995e-06,2.8889437544421526e-06,3.943026172237296e-07,3.292957444500644e-07,1.0911070802421818e-07,1.4753656785160274e-07
0,0.9999991655349731,1.0028225005953573e-07,5.735101353820937e-07,1.440247672235273e-07,1.820679251807178e-08,2.658670084088044e-08,1.5492325200483492e-09
0,0.9999988079071045,5.2836945485523756e-08,9.679340564616723e-07,2.1103238623254583e-07,7.490514875030385e-09,1.6760276722038725e-08,1.5200758429756434e-09
0,0.9999948740005493,3.085476407704846e-07,3.5470950479066232e-06,9.206401614392234e-07,7.15149681695948e-08,9.0280877884652e-08,1.8936314916118135e-07
0,0.9999960660934448,4.7418171789104235e-07,2.875968448279309e-06,3.2288156148752023e-07,1.075884483725531e-07,1.5071827874635346e-07,4.4311644131767025e-08
0,0.9999951124191284,3.260697667428758e-07,3.7873935525567504e-06,4.0832253489497816e-07,7.10008336568535e-08,2.0314617188432749e-07,4.990960533746147e-08
0,0.9999967813491821,2.535237513257016e-07,2.310973286512308e-06,4.3720498865695845e-07,5.653136625483057e-08,8.70356657856064e-08,1.543896388511712e-08
0,0.9999933242797852,6.938565206837666e-07,5.056067948316922e-06,5.758490715379594e-07,7.27868183503233e-08,1.0442730058457528e-07,5.734457175776697e-08
0,0.9999825954437256,1.2247426184330834e-06,1.428037830919493e-05,1.0830726751009934e-06,1.0863659838378226e-07,2.427286744932644e-07,5.163314540368447e-07
0,0.9999858140945435,2.4184275844163494e-06,9.402676369063556e-06,1.2838025895689498e-06,1.1429994373202135e-07,1.4550030869031616e-07,7.996383146746666e-07
0,0.9999879598617554,4.613959390553646e-06,4.626618192560272e-06,6.795893909838924e-07,2.2714903025189415e-07,3.4145362093340736e-08,1.8462093294147053e-06
0,0.9999922513961792,1.068334313458763e-06,5.291905381454853e-06,1.0834188515218557e-06,1.5307452372326225e-07,1.047799287334783e-07,7.709794402899206e-08
0,0.9999923706054688,1.2012581009912537e-06,5.5042023632267956e-06,5.59155012069823e-07,1.739684165613653e-07,9.866923988965937e-08,1.1959399159877648e-07
0,0.9999868869781494,3.1636934636480873e-06,8.030403478187509e-06,7.564704560536484e-07,4.2602587768669764e-07,1.5963131261287344e-07,5.160462137610011e-07
0,0.9999696016311646,2.4922503598645562e-06,2.433044573990628e-05,2.6485549824428745e-06,2.8256209816390765e-07,2.344477394444766e-07,4.968999292032095e-07
0,0.9999969005584717,1.4170340989494434e-07,1.7921150856636814e-06,3.250126212606119e-07,4.337776715601649e-08,9.560748992498702e-08,7.651120199625439e-07
0,0.9999790191650391,1.2150775319241802e-06,9.639571544539649e-06,3.696943394970731e-06,2.602768347514939e-07,2.0707763326299755e-07,6.009717253618874e-06
0,0.9999730587005615,2.0380330170155503e-06,1.4847572856524494e-05,2.863275540221366e-06,4.798078521162097e-07,4.5810219262421015e-07,6.2918725234339945e-06
0,0.9999839067459106,4.211279360788467e-07,7.875553819758352e-06,4.218544745526742e-06,3.7762842453048506e-07,6.054418122403149e-07,2.6381260340713197e-06
0,0.9999823570251465,4.7294861360569485e-07,9.434936146135442e-06,4.996702955395449e-06,3.4017585903711733e-07,4.951058940605435e-07,1.8573211946204538e-06
0,0.9999748468399048,4.781750817528518e-07,6.288686108746333e-06,1.4958457541069947e-05,4.812558813682699e-07,2.5708081352604495e-07,2.709175760173821e-06
0,0.9999809265136719,4.051078974498523e-07,5.49710466657416e-06,1.148457158706151e-05,2.3549532102151716e-07,1.1269025179672099e-07,1.2431818277036655e-06
0,0.9999810457229614,3.6884651422042225e-07,6.395859600161202e-06,9.437245353183243e-06,3.2313798215000133e-07,2.2784085729199433e-07,2.149388592442847e-06
0,0.99997878074646,2.7859516649186844e-07,8.473998605040833e-06,9.534635864838492e-06,3.5687313015841937e-07,5.029814360568707e-07,2.0631798633985454e-06
0,0.9999825954437256,2.83575957382709e-07,7.152275884436676e-06,7.689513040531892e-06,3.613309331740311e-07,5.196897063797223e-07,1.3966845244794968e-06
0,0.9999861717224121,1.9810327955838147e-07,3.6781411836273037e-06,6.594408660021145e-06,4.437237066667876e-07,3.546869322690327e-07,2.5509762053843588e-06
0,0.9999868869781494,1.2571005925110512e-07,3.1897868666419527e-06,5.340069037629291e-06,5.516024543794629e-07,3.0686720720041194e-07,3.6349315450934228e-06
0,0.9999799728393555,1.5671191988531064e-07,5.251976290310267e-06,5.159887678019004e-06,3.8461399753941805e-07,3.055320689782093e-07,8.80531661096029e-06
0,0.9999920129776001,2.51736658185564e-08,2.503168161638314e-06,2.2374745185516076e-06,1.879656679193431e-07,2.933067548838153e-07,2.686296511456021e-06
0,0.9999964237213135,1.6639168265442095e-08,1.989338898056303e-06,9.81082052931015e-07,1.0862047616910786e-07,2.389264466273744e-07,2.8794261197617743e-07
0,0.9999970197677612,3.1285818380411e-08,1.4080324035603553e-06,1.040882921188313e-06,1.1292380008853797e-07,1.483534504131967e-07,2.2412348243960878e-07
0,0.9999948740005493,3.294622175076256e-08,2.207784973506932e-06,1.8188060266766115e-06,2.154903313567047e-07,3.1964614777280076e-07,5.06928756749403e-07
0,0.999997615814209,1.6252036161290562e-08,7.873322260820714e-07,1.1377605915185995e-06,1.4396013625628257e-07,2.776477003862965e-07,4.0341195273185804e-08
0,0.999998927116394,2.918639108173693e-09,3.052160195693432e-07,4.138451004109811e-07,5.546292314306811e-08,3.2810919492476387e-07,3.162284878399646e-09
0,0.9999973773956299,4.39752554370898e-08,6.725891239511839e-07,1.1819806786661502e-06,2.3729397469196556e-07,4.792523782271019e-07,1.5978505629732354e-08
0,0.9999914169311523,1.554978581452815e-07,5.791052899439819e-06,1.2852307236244087e-06,3.919171547295264e-07,9.358995498587319e-07,5.191729357534314e-08
0,0.9999959468841553,4.130164654725377e-08,2.7387775389797753e-06,5.285093038764899e-07,1.1869700955458029e-07,6.373575160978362e-07,2.5351566179665497e-08
0,0.9999977350234985,1.0115149606804152e-08,1.2785249055013992e-06,2.967726118185965e-07,6.488198778242804e-08,5.717873250432604e-07,3.2669543514884936e-08
0,0.9999967813491821,3.4803193216248474e-08,1.4606436025133007e-06,1.1292943327134708e-06,1.1293649038179865e-07,4.350426365817839e-07,7.768431231625073e-08
0,0.9999974966049194,1.7502358673482377e-08,5.938211415923433e-07,1.1160201438542572e-06,2.1076904488381842e-07,5.425935682978889e-07,4.341236703453433e-09
0,0.9999918937683105,6.290341048043047e-08,4.368379904917674e-06,2.1192488475207938e-06,3.0047394261600857e-07,1.0965063665935304e-06,3.0931605721207234e-08
0,0.9999805688858032,4.1521798266330734e-07,1.0322403795726132e-05,7.913238732726313e-06,1.4668140124740603e-07,2.431971779515152e-07,4.2365945773781277e-07
0,0.9999808073043823,2.9296088541741483e-06,9.189203638015897e-07,9.15023065317655e-06,1.2283491059861262e-06,1.6341772379746544e-07,4.846599040320143e-06
0,0.9999755620956421,3.2143730095413048e-06,1.2479188626457471e-05,6.6658130890573375e-06,4.925076950712537e-07,3.9548302765979315e-07,1.283250753658649e-06
0,0.9999707937240601,3.052664169445052e-06,7.167008334363345e-06,1.6613983461866155e-05,7.405871542687237e-07,1.999138277142265e-07,1.4272633279688307e-06
0,0.9999898672103882,9.051566394191468e-07,4.523051302385284e-06,3.829146862699417e-06,9.414504376081823e-08,1.0584022902548895e-07,6.038389415152778e-07
0,0.999984622001648,8.788783816271462e-07,2.6780323878483614e-06,1.061415059666615e-05,1.9196751566141756e-07,7.655342670886967e-08,8.43986356358073e-07
0,0.9999778270721436,1.0986021834469284e-06,4.251187874615425e-06,1.5862950021983124e-05,3.998489717105258e-07,1.3566797463226976e-07,5.688866622222122e-07
0,0.9999935626983643,5.075299327472749e-07,5.250252002042544e-07,4.596242433763109e-06,3.2434829222438566e-07,4.032110467733219e-08,4.7016749249451095e-07
0,0.9999418258666992,1.8840947859644075e-06,1.128104258896201e-06,4.6568617108277977e-05,1.808729052754643e-06,1.7055459977655119e-07,6.61186822981108e-06
0,0.9999773502349854,8.078137625489035e-07,1.5937287400902278e-07,1.5455687389476225e-05,1.005883405014174e-06,1.9144188456721167e-08,5.1496635933290236e-06
0,0.9999539852142334,4.181373242317932e-06,1.094605067919474e-06,3.3135118428617716e-05,3.3327726214338327e-06,6.192736634602625e-08,4.177411483397009e-06
0,0.9999725818634033,2.933493078671745e-06,4.085721684532473e-06,1.0973916687362362e-05,2.6064267331094015e-06,3.897189913004695e-07,6.359088274621172e-06
0,0.9999934434890747,1.4318668490886921e-06,1.1882315220645978e-06,1.5866517060203478e-06,9.20712636798271e-07,2.6379913720120385e-07,1.0217654562438838e-06
0,0.9999867677688599,3.1748095352668315e-06,3.5717202990781516e-06,2.7099599719804246e-06,1.194362084788736e-06,4.788781780007412e-07,2.1226237549853977e-06
0,0.9999262094497681,1.4914683561073616e-05,5.475587840919616e-06,2.5832934625213966e-05,6.028784810041543e-06,5.226384587331268e-07,2.0945362848578952e-05
0,0.9998934268951416,2.7032530852011405e-05,3.0686842364957556e-05,3.0420809707720764e-05,5.706581305275904e-06,1.67048824550875e-06,1.1023141269106418e-05
0,0.9999741315841675,7.513894161093049e-06,4.163317044003634e-06,8.38999949337449e-06,3.3878759495564736e-06,3.136721602459147e-07,2.164502802770585e-06
0,0.9999728202819824,3.67161919712089e-06,1.5225167544485885e-06,2.0961666450602934e-05,5.493797061717487e-07,1.434095793229062e-07,3.1462744232158e-07
0,0.999969482421875,7.20428488421021e-06,6.5306817305099685e-06,6.889656106068287e-06,1.3802550711261574e-06,5.498701511896797e-07,7.862465281505138e-06
0,0.9999903440475464,2.3954455627972493e-06,1.3150790891813813e-06,5.029789008403895e-06,3.4428532558195e-07,2.589383996109973e-07,3.8461942608591926e-07
0,0.9999613761901855,8.649005394545384e-06,5.443873305921443e-06,1.2851681276515592e-05,2.3993450213311007e-06,9.055072496266803e-07,8.367727787117474e-06
0,0.9999816417694092,6.514414053526707e-06,2.8301087695581373e-06,5.9863828028028365e-06,1.0446317446621833e-06,4.357095235718589e-07,1.4389493117050733e-06
0,0.9999645948410034,1.2109462659282144e-06,3.1537692848360166e-06,2.6729103410616517e-05,1.7119901940532145e-06,1.0825740446307464e-06,1.5730313407402718e-06
0,0.9999730587005615,4.013406396552455e-06,4.417037871462526e-06,1.5073192116688006e-05,1.8871209022108815e-06,4.2468781202842365e-07,1.0743018492576084e-06
0,0.9999628067016602,3.4947322546940995e-06,9.033527021529153e-06,2.155639958800748e-05,1.08002507204219e-06,4.826228519050346e-07,1.6200947356992401e-06
0,0.9998809099197388,1.5418043403769843e-05,3.469234798103571e-05,5.2262083045206964e-05,1.949823627001024e-06,1.1516231097630225e-06,1.3753666280535981e-05
0,0.9998670816421509,1.39914473038516e-05,5.059160685050301e-05,4.637059828382917e-05,1.6096832951006945e-06,2.002020892177825e-06,1.8313159671379253e-05
0,0.9999042749404907,1.0508092600503005e-05,3.1523570214631036e-05,3.319919778732583e-05,1.202539124278701e-06,2.949424469989026e-06,1.634030559216626e-05
0,0.9999361038208008,5.2582759053620975e-06,8.933511708164588e-06,3.6573957913788036e-05,2.7579010293266037e-06,1.5804085933268652e-06,8.771272405283526e-06
0,0.9999440908432007,1.6462368876091205e-05,9.552899427944794e-06,2.3384938685921952e-05,1.7206217535203905e-06,6.964328918002138e-07,4.211334271531086e-06
0,0.9999499320983887,9.325772225565743e-06,1.2289736332604662e-05,2.0697270883829333e-05,8.593478355578554e-07,1.468141363147879e-06,5.478016191773349e-06
0,0.9999456405639648,3.986362116847886e-06,2.3502352632931434e-05,1.4559774172084872e-05,4.198462590920826e-07,1.4757631561224116e-06,1.0308939636161085e-05
0,0.9998562335968018,1.0870733603951521e-05,7.968036516103894e-05,2.41451634792611e-05,7.959499157550454e-07,4.2609635784174316e-06,2.3930340830702335e-05
0,0.9998891353607178,1.230151337949792e-05,5.7645946071716025e-05,1.4588750673283357e-05,5.015057809032442e-07,3.0001460800122004e-06,2.2809406800661236e-05
0,0.9999089241027832,6.349539034999907e-06,3.164187364745885e-05,3.531842594384216e-05,7.448925316566601e-07,1.5952597323121154e-06,1.5433817679877393e-05
0,0.9997851252555847,1.0117895726580173e-05,3.9905695302877575e-05,0.00014404264220502228,9.65074718806136e-07,2.385195784881944e-06,1.7566184396855533e-05
0,0.999966025352478,1.4891066939526354e-06,1.8005016499955673e-06,2.729526568145957e-05,8.34270963423478e-07,2.0564912972531602e-07,2.357780203965376e-06
0,0.9999756813049316,1.388542955282901e-06,1.701038399914978e-06,1.7879041479318403e-05,1.499800305282406e-06,4.0395380551672133e-07,1.3748641549682361e-06
0,0.9998599290847778,2.2223484847927466e-05,2.869652962544933e-05,3.934027336072177e-05,1.0937784281850327e-05,3.826280135399429e-06,3.49838228430599e-05
0,0.999908447265625,1.3240109183243476e-05,1.029912345984485e-05,2.0608611521311104e-05,1.257384519703919e-05,3.472142452665139e-06,3.139122054562904e-05
0,0.9998428821563721,1.3266630048747174e-05,1.983616857614834e-05,2.7079802748630755e-05,8.21120192995295e-06,8.499911018589046e-06,8.020542009035125e-05
0,0.9997946619987488,2.0269175365683623e-05,1.5157071175053716e-05,1.2568410056701396e-05,3.302065124444198e-06,5.253010840533534e-06,0.00014876038767397404
0,0.9999712705612183,3.5343521176400827e-06,4.721824552689213e-06,5.927648089709692e-06,7.892563189670909e-07,2.6398065529065207e-06,1.1053371054003946e-05
0,0.9999502897262573,3.524738758642343e-06,6.8319659476401284e-06,9.269160727853887e-06,5.173261570234899e-07,2.2663082290819148e-06,2.738181319728028e-05
0,0.9998680353164673,9.607858373783529e-06,2.0095030777156353e-05,7.057861239445629e-06,9.839750418905169e-07,2.6395391614641994e-06,9.15609925868921e-05
0,0.9997974038124084,9.371857231599279e-06,4.81201677757781e-05,4.573174919642042e-06,1.0890778412431246e-06,7.506198926421348e-06,0.00013200937246438116
0,0.9999611377716064,6.564345767401392e-06,1.4975666999816895e-05,2.9712186915276106e-06,7.719424388596963e-07,4.406135303725023e-06,9.18347268452635e-06
0,0.9999154806137085,2.527292599552311e-05,3.2821295462781563e-05,9.375754416396376e-06,1.3402145668806043e-06,3.4524214242992457e-06,1.2269289072719403e-05
0,0.999941349029541,3.388167169759981e-05,1.3342891179490834e-05,3.757481408683816e-06,6.023711875968729e-07,6.695620982100081e-07,6.399925496225478e-06
0,0.9999808073043823,6.916857273608912e-06,5.399264409788884e-06,1.9769861410168232e-06,2.531172071940091e-07,5.588968292613572e-07,4.102485945622902e-06
0,0.9999433755874634,1.8062473827740178e-05,2.7851361664943397e-05,2.838945420080563e-06,9.298016721004387e-07,2.7220730771659873e-06,4.189935225440422e-06
0,0.9998739957809448,5.5689750297460705e-05,4.2663479689508677e-05,6.895123533467995e-06,1.6140754723892314e-06,2.563971975177992e-06,1.644070835027378e-05
0,0.9999877214431763,7.908572115411516e-06,1.9522740331012756e-06,1.6400177855757647e-06,8.331453216214868e-08,1.403345493145025e-07,5.374686224968173e-07
0,0.9999313354492188,4.0621122025186196e-05,5.376902663556393e-06,1.4334018487716094e-05,3.6997667507421284e-07,4.3800852722597483e-07,7.475662187061971e-06
0,0.9998238682746887,0.00012990101822651923,1.0056306564365514e-05,2.117582698701881e-05,1.0700795201046276e-06,7.030835149635095e-07,1.336251079919748e-05
0,0.9996539354324341,0.0002594282559584826,1.626591620151885e-05,2.7735964977182448e-05,1.658957216932322e-06,4.6597537561865465e-07,4.045967216370627e-05
0,0.9992519021034241,0.000489114667288959,0.00013586362183559686,4.439738768269308e-05,3.7300997064448893e-06,2.578772182459943e-06,7.250456837937236e-05
0,0.9998067021369934,0.00012383863213472068,1.0081119398819283e-05,3.384336378076114e-05,5.846624389960198e-06,7.256010121636791e-07,1.8974251361214556e-05
0,0.999841570854187,0.00012942748435307294,1.2949346455570776e-05,9.793434401217382e-06,1.2950846439707675e-06,5.294547804624017e-07,4.430475655681221e-06
0,0.9997653365135193,0.00020031616440974176,1.0688668226066511e-05,1.638809590076562e-05,9.353533414468984e-07,3.483014836547227e-07,6.001904239383293e-06
0,0.9999628067016602,2.7970379960606806e-05,1.785724521141674e-06,5.287442036205903e-06,1.2236471036430885e-07,1.0891805857227155e-07,1.8668546317712753e-06
0,0.9998927116394043,1.0826185643963981e-05,1.6726328340155305e-06,2.7781547942140605e-06,4.8341153302544626e-08,5.190900154161682e-08,9.185231465380639e-05
0,0.999894380569458,7.208458100649295e-06,3.893701796187088e-05,9.65293020271929e-06,2.0800915478957904e-07,5.124692506797146e-06,4.4454496674006805e-05
0,0.9999785423278809,3.7520705973292934e-06,6.5641097535262816e-06,4.327862825448392e-06,1.0945895212444157e-07,1.0187816315010423e-06,5.6595768000988755e-06
0,0.9999709129333496,3.0869580314174527e-06,1.8301720047020353e-05,2.0674833649536595e-06,7.275770741443921e-08,1.2408751217662939e-06,4.1925927689590026e-06
0,0.9999858140945435,1.2336744248386822e-06,4.157537205173867e-06,2.6575344236334786e-06,5.328968200046802e-08,9.898833468469093e-07,5.191953277972061e-06
0,0.9999938011169434,7.702857942604169e-07,2.253183083666954e-06,9.372978411192889e-07,1.5708119249779884e-08,5.344526243789005e-07,1.6523026715731248e-06
0,0.999993085861206,3.730671949142561e-07,1.5277371403499274e-06,1.1309822411931236e-06,2.213462479971895e-08,5.435052798929974e-07,3.4116410461138003e-06
0,0.9999876022338867,2.984855655085994e-06,1.9591839190979954e-06,2.4783182652754476e-06,4.644720164037608e-08,4.193284439679701e-07,4.5758820306218695e-06
0,0.999981164932251,2.3085101474862313e-06,5.439828782982659e-06,2.4379285150644137e-06,4.8776488625890124e-08,9.489596095590969e-07,7.660670235054567e-06
0,0.9999889135360718,1.5365649232990108e-06,1.907686737467884e-06,3.353270813022391e-06,5.108068634740448e-08,7.982457645994145e-07,3.499709464449552e-06
0,0.9999923706054688,2.9636421459144913e-06,4.7332741814898327e-07,2.998319132530014e-06,6.835205113020493e-08,1.8637689436218352e-07,8.277238521259278e-07
0,0.9999974966049194,9.860987120191567e-07,6.153318281576503e-07,5.560289650929917e-07,2.1186503218473263e-08,2.4673070697645016e-07,1.4304485773664055e-07
0,0.9999954700469971,5.187066562939435e-07,1.2679071232923889e-06,4.287158219540288e-07,5.00710513051672e-08,9.066562256521138e-07,1.3748860965279164e-06
0,0.9999958276748657,1.0902168696702574e-06,9.919335752783809e-07,5.414688644123089e-07,5.8785278866935187e-08,4.933912123306072e-07,1.0169956112804357e-06
0,0.9999830722808838,2.060062797681894e-06,1.3775490970147075e-06,1.3458359262585873e-06,1.4869387143789936e-07,8.237134920818789e-07,1.1220663509448059e-05
0,0.9999892711639404,7.657828291485202e-07,9.488016985415015e-07,2.2509111659019254e-06,3.572013440589217e-07,4.331910531618632e-06,2.0719623989862157e-06
0,0.9999884366989136,8.327364753313304e-07,5.263635785013321e-07,1.090244040824473e-06,7.596822229061218e-07,7.994037332537118e-06,4.360537388947705e-07
0,0.9999969005584717,6.219055848077915e-08,3.4430350126513076e-08,1.1621125395322451e-06,2.1584763487680902e-07,1.5810006743777194e-06,2.4799158282462486e-08
0,0.9999940395355225,2.049570895223951e-07,7.703061299935143e-08,1.3155695341993123e-06,5.054367306911445e-07,3.844571438094135e-06,3.319902219800497e-08
0,0.9998917579650879,2.2234853531699628e-05,3.824815394182224e-06,1.7534031940158457e-05,1.3715829481952824e-05,4.3795160308945924e-05,7.194654699560488e-06
0,0.9998154044151306,5.6053861044347286e-05,7.396552064165007e-06,1.9325971152284183e-05,2.3680977392359637e-05,6.132235284894705e-05,1.676833926467225e-05
0,0.999536395072937,0.0002701093617361039,1.306213926000055e-05,5.51083758182358e-05,2.3438620701199397e-05,3.617905895225704e-05,6.575624138349667e-05
0,0.9997217059135437,0.0002112395886797458,5.257394150248729e-06,1.6577547285123728e-05,1.14692284114426e-05,2.1965766791254282e-05,1.1785054084612057e-05
0,0.9999667406082153,2.255296567454934e-05,5.64774325084727e-07,3.289874030087958e-06,2.0179491002636496e-06,4.0214458749687765e-06,7.49469734273589e-07
0,0.9999370574951172,4.552036625682376e-05,2.0299951302149566e-06,3.4762938412313815e-06,3.88952730645542e-06,6.94466552886297e-06,1.122394223784795e-06
0,0.9999717473983765,1.0465166269568726e-05,1.855660229921341e-06,2.853675823644153e-06,1.8891909121521167e-06,7.879521945142187e-06,3.211278226444847e-06
0,0.9998594522476196,8.307366078952327e-05,3.7027532471256563e-06,1.0273760381096508e-05,1.8560933312983252e-05,1.8375631043454632e-05,6.493411547126016e-06
0,0.999887228012085,4.0528557292418554e-05,3.81675954486127e-06,1.1998215086350683e-05,2.7475532988319173e-05,2.4169825337594375e-05,4.806378456123639e-06
0,0.9997609257698059,0.0001691903598839417,8.806092409940902e-06,7.086536243150476e-06,8.25291317596566e-06,1.246979991265107e-05,3.327367448946461e-05
1,9.203280205838382e-05,0.9995166063308716,4.917965270578861e-07,3.0900107503839536e-06,2.192199985984189e-07,6.64083898982426e-09,0.000387615233194083
1,0.0006871275836601853,0.9990376234054565,1.7336653854727047e-06,1.975930717890151e-05,8.277549454760447e-07,2.504533291869393e-08,0.0002530001802369952
1,0.0008311586570926011,0.999090313911438,5.435749699245207e-06,5.526929726329399e-06,2.0132240763359732e-07,1.0509013037562909e-07,6.729872256983072e-05
1,0.00042790555744431913,0.9995242357254028,6.181044227560051e-06,6.944055712665431e-06,1.593105309893872e-07,4.880742565660512e-08,3.4626929846126586e-05
1,1.30212283693254e-05,0.9999728202819824,3.9020028452796396e-07,1.7738432234182255e-07,2.1815178996575924e-08,4.965741595697182e-09,1.3629353816213552e-05
1,6.296205810940592e-06,0.9998661279678345,3.027477646355692e-07,6.327201731437526e-07,1.812617078655876e-08,2.1143786721466995e-09,0.00012662462540902197
1,3.6324941902421415e-05,0.9996198415756226,1.4478906678050407e-06,2.977663598358049e-06,1.8685908287352504e-07,1.6335352626128952e-08,0.00033915191306732595
1,5.5997734307311475e-06,0.9998507499694824,6.672129160278928e-08,2.697904051274236e-07,1.9607634271778807e-07,1.2443192032307593e-09,0.0001431373239029199
1,6.099622623878531e-06,0.9995504021644592,3.396503700514586e-07,6.357224719977239e-07,2.2941733845982526e-07,1.9132793127596415e-09,0.000442352524260059
1,2.2592486857320182e-05,0.9999265670776367,3.7298175215028095e-08,3.325155262245971e-07,9.166905812207915e-08,4.192550473458567e-10,5.038088420405984e-05
1,3.5493794712238014e-06,0.9999606609344482,2.1144265005546004e-08,6.484024339670214e-08,6.831000831653e-08,2.4562629707958195e-10,3.563344580470584e-05
1,3.733559239549322e-08,0.9999908208847046,1.8748501418031083e-08,5.045506057399507e-08,4.6302615075433096e-09,9.959656016578222e-11,9.124146345129702e-06
1,2.2705355373631164e-09,0.9999996423721313,4.6387066410247257e-10,1.3651637598144362e-09,4.4146830635583e-10,1.1447834867561735e-11,3.6745879583577334e-07
1,8.804463824674258e-10,0.9999996423721313,4.587690505264419e-10,1.1364631458121721e-09,4.769497019552205e-10,1.1076231945517101e-11,3.29174412172506e-07
1,7.23962972903891e-11,0.9999995231628418,6.335197921814029e-10,2.1754129608808626e-09,9.155559643758693e-10,2.3244526095589357e-11,4.2119071963497845e-07
1,8.931924644350886e-12,0.9999998807907104,2.2799987592359017e-11,2.0140433765192256e-10,2.6419419429934976e-10,1.910380057271177e-12,9.131819211916081e-08
1,8.597206280214209e-12,0.9999998807907104,1.9744667012489003e-10,2.0931634203691374e-10,4.737158998402435e-10,6.039344371822075e-12,1.1952522527280962e-07
1,5.37122168964288e-09,0.9999991655349731,4.820150945050727e-10,1.5832272159954641e-09,6.838912547380005e-09,2.5765086245077562e-11,8.191275924218644e-07
1,1.426241851731902e-06,0.9999643564224243,1.498896562424079e-10,1.0183027754351315e-08,2.3715084296327404e-07,1.1182486360505894e-11,3.398328408366069e-05
1,3.469441071501933e-05,0.9999260902404785,4.719062363101045e-10,3.369127341557032e-07,4.436765721038682e-06,6.557766829562439e-11,3.4366032195976004e-05
1,1.6344496600595448e-07,0.9999996423721313,8.794020373015243e-11,3.0228944347676645e-10,9.11743658349451e-09,4.795370697752155e-12,1.3442630120152899e-07
1,1.4249746982386569e-07,0.9999991655349731,2.5779685677851383e-11,3.4675708970866026e-09,2.4493655104151912e-08,1.3844392212497558e-12,6.256312303776213e-07
1,1.0910832237698287e-08,0.9999996423721313,5.014037796069459e-11,5.575117589806666e-10,8.879888824253612e-09,3.760542224839902e-12,3.848471976652945e-07
1,7.408791802276937e-09,0.9999997615814209,2.7095076182703792e-11,3.08048253572224e-10,6.08857808614971e-09,1.5327453932803548e-12,2.2930343845928292e-07
1,2.1208421685514622e-08,0.9999996423721313,1.0683452039694785e-10,1.3506443741206908e-09,1.1232105912029056e-08,3.118884057268234e-12,2.784198329663923e-07
1,1.5092258820459392e-07,0.9999983310699463,9.089412555951526e-10,3.9407148655357105e-09,6.232435367792277e-08,1.864153276187608e-11,1.4879807395118405e-06
1,2.0519061649793002e-07,0.9999979734420776,3.6306024853161034e-10,7.3773187558856534e-09,2.826652405474306e-07,3.701544279421931e-11,1.5294619970518397e-06
1,1.5836893680898356e-06,0.9999871253967285,1.0311312914623727e-09,1.7415631603512338e-08,1.5695601405241177e-06,7.512582916868737e-11,9.712169230624568e-06
1,5.474581712405779e-07,0.999996542930603,6.783690831291267e-10,6.219892600967114e-09,9.274709356077437e-08,1.276098497704492e-11,2.8201498025737237e-06
1,1.3482394933816977e-07,0.999998927116394,3.047339047768105e-10,1.8737240647936915e-09,3.0345127299824526e-08,6.714188233170049e-12,8.802775255389861e-07
1,4.378736093713087e-07,0.9999961853027344,6.625747728250531e-10,1.3697187384309473e-08,7.516015898545447e-08,6.850579565426118e-12,3.325493480588193e-06
1,7.275262419170758e-07,0.9999958276748657,1.4339111009675776e-09,1.0000775318985689e-08,1.5966942612521962e-07,2.8913994462587134e-11,3.3165067634399747e-06
1,5.833524596710049e-07,0.9999940395355225,9.42576239282289e-10,4.543499798614903e-09,2.412162416476349e-07,4.8161533788837474e-11,5.178154879104113e-06
1,1.2219846894367947e-06,0.9999607801437378,2.060066561782037e-09,1.849678454846071e-08,6.523662818835874e-07,6.92023174875267e-11,3.733086123247631e-05
1,1.1778288353525568e-06,0.9999585151672363,2.1019594953486376e-09,1.5942877240604503e-08,6.037168986949837e-07,5.941729053215994e-11,3.972832200815901e-05
1,1.0709360367400222e-06,0.999976396560669,1.891996781466787e-09,1.7112741446112523e-08,4.3043442587986647e-07,3.586200433836062e-11,2.2133172024041414e-05
1,5.827207019137859e-07,0.999992847442627,1.114871972518472e-09,4.376133233563451e-09,1.7269270813358162e-07,1.5804912933958803e-11,6.398216555680847e-06
1,2.0838128875766415e-06,0.9999847412109375,4.1919490101349766e-09,1.0053085475192347e-08,3.9921314964885823e-07,5.59973525882107e-11,1.2723809049930423e-05
1,1.1730553524103016e-06,0.9999849796295166,2.415858624260636e-09,1.1015158563054683e-08,4.243463536113268e-07,3.973573206583758e-11,1.3437511370284483e-05
1,1.103305294236634e-06,0.9999878406524658,2.2847141956106043e-09,8.20427015213454e-09,3.255618707953545e-07,4.242730125558758e-11,1.0708119589253329e-05
1,5.841899337610812e-07,0.9999943971633911,1.2989768150006853e-09,3.035406148654829e-09,1.4425074823520845e-07,2.4024520220433665e-11,4.854853159486083e-06
1,5.044238378104637e-07,0.9999946355819702,5.945212100399999e-10,4.760587035690378e-09,1.7004032315526274e-07,7.059177027646246e-12,4.639820872398559e-06
1,2.6831423838302726e-07,0.9999974966049194,2.9776123233737906e-10,9.88650050715023e-10,8.471038626112204e-08,5.383748568482671e-12,2.1845344235771336e-06
1,1.4526135316828004e-07,0.9999986886978149,2.0699866820628188e-10,1.88037807546948e-10,4.870798875344917e-08,4.607974592174546e-12,1.059056330632302e-06
1,7.370667276518361e-08,0.9999995231628418,1.0104898862106637e-10,6.350898279494643e-11,2.490616068939744e-08,2.385226998552481e-12,4.020509720703558e-07
1,3.848604279710344e-08,0.9999992847442627,1.3606990534320573e-10,6.14511844188037e-11,1.579807751284079e-08,5.296106869029371e-12,6.622916544074542e-07
1,2.9941045198711436e-08,0.9999980926513672,8.616389268745195e-10,8.592309502786222e-11,1.1856279513722257e-08,2.259112688585141e-11,1.8481237020750996e-06
1,1.137919696247991e-07,0.9999977350234985,1.6586454432143682e-09,7.884773389754685e-11,1.4502167466901028e-08,3.2079800621476195e-11,2.175607505705557e-06
1,1.5757642302105523e-08,0.9999982118606567,5.055672547271683e-10,4.246441739907958e-11,5.858659335444827e-09,1.506162729258964e-11,1.7737148709784378e-06
1,4.354465588107814e-08,0.9999973773956299,6.453373391224204e-10,8.429585501845693e-11,6.6669589848800115e-09,1.3169513222999196e-11,2.5168114916596096e-06
1,6.143302044847587e-08,0.9999978542327881,1.5197293423696578e-09,8.072618962184919e-11,7.926884038056414e-09,2.7307794914221972e-11,2.0831030269619077e-06
1,5.738168340485572e-08,0.9999974966049194,8.987795507842122e-10,4.77854457392457e-11,1.2558358797321034e-08,2.469698751061955e-11,2.420791133772582e-06
1,5.7232607986179573e-08,0.9999977350234985,4.995264202278804e-10,3.793408642760454e-11,1.7716379474563837e-08,2.2543768934957242e-11,2.220136593678035e-06
1,1.8556395531277303e-08,0.9999988079071045,4.039586998239031e-10,4.361838321087497e-11,3.773032108966845e-09,1.2766320119095287e-11,1.1665764532153844e-06
1,4.1894608671100286e-08,0.9999971389770508,1.1972521862801955e-09,1.492506673805849e-10,6.353094494926381e-09,4.6993641616976944e-11,2.846230472641764e-06
1,8.060176526214491e-08,0.9999948740005493,1.228016577314861e-09,7.00364627403971e-11,1.7925676942809332e-08,5.238290357034714e-11,5.008043444831856e-06
1,1.37381960030325e-07,0.9999915361404419,1.6157197801902612e-09,6.694551857311382e-11,3.881571686292773e-08,5.3744543537792566e-11,8.290729965665378e-06
1,1.0068874445323672e-07,0.9999971389770508,1.36274602713371e-09,6.424225734713573e-11,1.670067106829265e-08,3.2699523644375006e-11,2.7058817977376748e-06
1,3.111109592168759e-08,0.999992847442627,2.8223574588537303e-09,1.443931918476693e-10,1.4274757376142588e-08,4.1509712334075743e-11,7.149976681830594e-06
1,2.9552744251759577e-08,0.999987006187439,1.0652819737444474e-09,1.946238170624781e-10,2.6456069335267784e-08,1.0575178233107607e-10,1.2949129995831754e-05
1,6.625512469327077e-06,0.9998852014541626,1.281159427435341e-07,1.788248549239313e-09,1.2076975508534815e-07,1.4103858081426779e-09,0.00010785352787934244
1,1.0943911547656171e-05,0.9999096393585205,3.8903979771021113e-07,3.755515454173519e-09,1.0056093913135555e-07,1.934748583565238e-09,7.894223381299525e-05
1,6.898104061292543e-07,0.9998059868812561,3.2386541448659045e-08,1.110849634500255e-09,2.2994436221779324e-07,1.3032807055779472e-09,0.0001930492726387456
1,4.169177998392115e-07,0.9950214624404907,2.4622313077315994e-08,2.3247896940858936e-09,1.742536937854311e-06,4.930599928343327e-09,0.0049763950519263744
1,3.190309030287608e-07,0.9996047616004944,1.6111696865550584e-08,1.065535104594062e-09,1.8797587131302862e-07,9.82482428746323e-10,0.00039468827890232205
1,3.7640606365130225e-07,0.9997105002403259,1.0571580055795948e-08,4.0401015866109447e-10,2.2616855233081878e-07,7.164499549183745e-10,0.00028889396344311535
1,2.6805369088833686e-06,0.9990573525428772,5.010314296782781e-08,2.705651036549739e-09,9.266515803574293e-07,1.764416168725802e-09,0.0009389916667714715
1,1.0167555046791676e-06,0.9991850256919861,1.850543185355491e-08,2.043064828427532e-09,1.0765288607217371e-06,1.6239100064652234e-09,0.0008128678891807795
1,3.739045837392041e-07,0.9993762373924255,1.60139670413173e-08,2.7255318002517015e-09,4.820583967557468e-07,2.492768436113124e-09,0.0006229509599506855
1,3.451907559792744e-07,0.999394416809082,1.0824779295148801e-08,2.279098909596655e-09,4.6973522671578394e-07,1.5234747907655333e-09,0.0006047169445082545
1,2.463502539740148e-07,0.9992662072181702,6.708587907411356e-09,1.4796606162548187e-09,4.567522751131037e-07,1.102427593657751e-09,0.0007330646039918065
1,1.7970151588997396e-07,0.9986376166343689,4.916597351467544e-09,2.1744357425745875e-09,6.319680778688053e-07,1.2123330117574938e-09,0.0013616051292046905
1,1.682060144503339e-07,0.9991663694381714,3.981965424060263e-09,1.0881437972898311e-09,4.05528254532328e-07,6.910003680360433e-10,0.0008331162971444428
1,1.1814869083082158e-07,0.9991626739501953,2.3441253382827654e-09,9.335408002186796e-10,4.360041714335239e-07,5.84522596991377e-10,0.0008368383278138936
1,1.0307938680398365e-07,0.997527539730072,3.1606546269102864e-09,1.8622183795002911e-09,1.0423165122119826e-06,1.574513741608996e-09,0.002471357583999634
1,1.7967339260849258e-07,0.9984423518180847,9.028537917288304e-09,3.51471562964889e-09,1.1153637160532526e-06,4.270672704365097e-09,0.0015563666820526123
1,3.6071020304007106e-07,0.9976670742034912,1.6405945046926718e-08,6.0439111493337805e-09,1.509564299340127e-06,5.870195884938312e-09,0.0023310515098273754
1,2.3968584628164535e-07,0.9922745823860168,1.1502156560538879e-08,8.182614585905412e-09,2.9067243758618133e-06,7.995321738007988e-09,0.00772221339866519
1,1.90678079547979e-07,0.988521933555603,1.0349149981436767e-08,6.045847822377937e-09,4.312767487135716e-06,1.2247659775255215e-08,0.01147352997213602
1,8.461208267362963e-07,0.9431540369987488,5.226236510225135e-08,5.545025416608951e-08,1.8075288608088158e-05,6.95411870310636e-08,0.05682695284485817
6,2.94260296129778e-08,2.6100094601133605e-06,6.161972043727815e-10,3.0812210560782205e-09,5.773792395302735e-07,4.8824350784570925e-08,0.9999967813491821
6,2.1183060638918505e-08,2.3709021661488805e-06,6.144205699776251e-10,2.134882493010082e-09,4.0822251889949257e-07,3.3482365324744023e-08,0.9999971389770508
6,4.442264867066115e-08,3.880906206177315e-06,1.5495077443361538e-09,5.662472268852525e-09,3.922553162283293e-07,8.757341873888436e-08,0.9999955892562866
6,1.2601329757444546e-08,6.142862503111246e-07,3.7028499710878293e-10,1.980066999252017e-09,8.804737916534577e-08,5.690385762591177e-08,0.9999991655349731
6,1.2161026852197665e-08,1.2709443808489596e-07,3.1006772149844153e-10,1.188119269635024e-09,1.6785475054348353e-07,7.533981971619141e-08,0.9999995231628418
6,2.9379956245634276e-08,1.687848367737388e-07,4.741297909838238e-10,1.659851367463716e-09,6.825015930189693e-08,4.742279458014309e-08,0.9999996423721313
6,8.890081915069459e-08,9.086352292797528e-06,1.6808373581866931e-09,4.369133499437794e-09,2.608635156775563e-07,7.425207115829835e-08,0.9999904632568359
6,4.143515752730309e-08,1.3870651400793577e-06,4.866110292489623e-10,1.3993196601447266e-09,5.155516760169121e-07,4.882357274027527e-08,0.9999979734420776
6,9.120388888561592e-09,6.464217108259618e-07,9.431058711761864e-11,3.157853978308367e-10,1.522396217978894e-07,1.26231487485029e-08,0.9999991655349731
6,1.761356749341303e-08,9.230096793544362e-07,1.4218037858171328e-10,1.4218533017640311e-09,1.4546169779805496e-07,1.5708051748219987e-08,0.999998927116394
6,1.424593243370964e-08,6.20708306087181e-06,1.0671978578624675e-10,2.8021478470918737e-09,4.703014724327659e-07,2.0367936670595554e-08,0.9999933242797852
6,4.969763711670794e-09,1.3493279311660444e-06,1.659060666625578e-10,6.90038648443192e-09,3.4892188693902426e-08,4.9059959650321616e-08,0.9999985694885254
6,3.8892694620429324e-10,3.8345174857568054e-07,6.095578208853425e-11,2.3776054902668875e-08,7.217633157807768e-09,4.88785101282474e-09,0.9999996423721313
6,7.689026304547042e-09,3.827864020422567e-06,4.414187626533561e-10,2.7743697117443844e-08,3.082855215552627e-08,1.1384253539858946e-08,0.9999961853027344
6,6.9996852758436034e-09,3.510154556352063e-06,2.5993568408821943e-10,8.567447196128342e-09,8.027796205567483e-09,3.282087934763922e-09,0.9999964237213135
6,6.637843608103822e-09,1.8413451243759482e-06,1.9773851445137325e-09,4.071294057439445e-08,4.90879026315838e-09,1.2716874664420175e-08,0.9999980926513672
6,9.855344318410175e-10,2.650951103078114e-07,1.1695722168525435e-09,1.7286089004642236e-08,3.6310614515144835e-09,1.3285595734657818e-08,0.9999997615814209
6,2.7234933752673385e-10,2.3792811987277673e-07,1.1405886651827402e-10,3.48050699372493e-09,5.733933328144758e-09,2.591149517172653e-09,0.9999997615814209
6,5.837704625255569e-11,1.956967388139219e-08,4.122853534266335e-12,8.949055940732364e-10,4.558900368323293e-09,2.918880137592339e-10,1.0
6,1.1300415048154377e-09,7.494870146729227e-08,3.52859907959413e-10,6.9534538127413725e-09,6.919759698575945e-08,5.3711430858527365e-09,0.9999997615814209
6,4.970467093468045e-11,1.2568952545422007e-09,3.666690215342605e-12,1.7394226337064111e-10,1.1884920603222326e-08,5.896589466702906e-11,1.0
6,1.266992804074829e-12,4.8802090840682766e-11,3.935288306702346e-14,1.0014774599886866e-11,1.7626148318683477e-09,5.884441371672988e-12,1.0
6,1.1358247242049258e-12,1.2400899751519034e-10,3.578574069018625e-13,8.833107856265343e-11,4.516456986181083e-09,1.3831900902427918e-11,1.0
6,1.2253997187620935e-13,6.765822711113367e-12,3.7621185192734247e-14,1.2406381477703121e-11,4.004871545504329e-09,2.553140424771394e-12,1.0
6,9.994633023762897e-14,2.9494785520195466e-12,1.1149303255262276e-14,3.223042709457613e-12,6.162547805388385e-09,6.438957982253524e-13,1.0
6,2.2420972278216697e-14,8.374103277128397e-13,5.855515725072813e-14,4.2965114972759455e-12,2.7502746746677076e-09,3.269087257840031e-12,1.0
6,2.942315690745924e-15,2.673646623107401e-13,2.3992504692509596e-15,1.5573113978928355e-11,2.4205071280647417e-09,5.80382584439848e-13,1.0
6,6.643066800045717e-15,3.389935630381674e-13,7.375087919655934e-15,9.838189291011545e-12,3.881624799362271e-09,1.360446911374824e-12,1.0
6,3.622248985132859e-13,6.7126972383424466e-12,8.715483304673477e-13,1.3257865638660604e-10,1.7282204112234467e-08,4.693009175715801e-11,1.0
6,1.9608107997524937e-13,6.38934044561168e-12,5.05856749717648e-13,8.35974969803921e-11,9.772390896500838e-09,3.9644725002840886e-11,1.0
6,3.77870396648175e-13,7.94732595704728e-12,4.995562882630089e-13,1.8147089386744142e-10,9.631277109178882e-09,3.68921733440164e-11,1.0
6,4.2005261709264843e-14,5.696285890893771e-12,1.59009734361764e-14,6.214239539614752e-11,3.819674798677397e-09,7.928566657378067e-12,1.0
6,7.506852534337402e-14,7.286814381057827e-12,1.3261961820875637e-14,3.586777749808867e-11,2.2859756310111834e-09,5.5552437649986075e-12,1.0
6,1.4209735276458912e-13,7.872120490193257e-12,6.212428981617821e-14,4.151998536650048e-11,9.377622234296723e-09,2.7317386200320648e-11,1.0
6,5.216456606949027e-13,1.946069347336099e-11,1.6344266435056043e-13,5.1081368301897356e-11,3.063149378590424e-08,1.196732157815461e-10,1.0
6,5.929380250679905e-13,1.826274027838526e-11,1.2226729502982925e-13,2.0425074825913825e-11,1.324587373119357e-08,5.681066034268767e-11,1.0
6,1.645067437307246e-12,2.6807726177802138e-11,2.547136763661473e-13,4.793472563324741e-11,1.4314994523090263e-08,2.9613686503005e-11,1.0
6,1.4504549904897912e-12,2.6709022146742534e-11,1.2334594066618076e-13,8.817890861934075e-11,9.502706177499931e-09,1.5178192036557903e-11,1.0
6,7.106183046515224e-13,3.246644272869581e-11,2.893830466053904e-13,3.301012588274865e-11,1.5248030393877343e-08,7.99757135516721e-11,1.0
6,1.2639709157796775e-12,5.537558606105719e-11,4.468344097507959e-13,4.125663699561244e-11,1.104599878232193e-08,1.0107641112977461e-10,1.0
6,2.191444074817195e-12,7.326815543162724e-11,9.30178785558955e-13,2.2273698510599793e-11,4.436541356511725e-09,1.4310856666366334e-10,1.0
6,1.621195712397938e-11,1.403874516636705e-10,3.181613176042597e-12,5.3093935498127465e-11,1.9564149411621656e-08,2.3497384593618165e-10,1.0
6,8.413701159393216e-12,3.255946207092464e-11,1.97131547197138e-12,4.342071147078741e-11,6.894029347392916e-09,1.5131863817519076e-10,1.0
6,4.557867538251825e-12,1.9084909000377515e-11,1.5480263555398e-12,3.6988277024585514e-11,4.946949960782376e-09,1.643068459067365e-10,1.0
6,2.1641828953922193e-12,3.6924768798130003e-11,7.231097231413797e-13,2.6268619224278922e-11,5.8093756472032965e-09,1.7720355738326532e-10,1.0
6,2.5726348135135524e-12,7.040756172527196e-11,5.999880496945775e-13,9.044753140896589e-11,7.617470210163901e-09,1.475468774936317e-10,1.0
6,5.133408888940982e-13,1.3713793121927775e-11,1.0349887450984002e-13,2.988097963507741e-11,3.256713787536114e-09,4.295030303635983e-11,1.0
6,6.299885201184463e-13,1.190850196230997e-11,7.132686233096361e-14,9.085593388746815e-11,7.022082026963972e-09,4.1847709325582017e-11,1.0
6,1.2354919604745662e-12,8.003686255420028e-12,3.4544083901948824e-14,5.890844756439861e-11,3.7765643945419924e-09,1.2230426740811318e-11,1.0
6,2.064093037115744e-12,7.354268236059447e-12,3.493928237008337e-14,2.617500660662131e-10,5.658243207307123e-09,1.0852187204424268e-11,1.0
6,3.3692133284690673e-12,1.2487121579807248e-11,3.797663409872004e-13,2.600377690953337e-10,7.663126133650167e-09,5.4001268734449326e-11,1.0
6,1.657938218137256e-12,4.482892789620108e-12,5.125667075565714e-14,1.4805091874681153e-10,4.534116637699981e-09,9.41418557692808e-12,1.0
6,3.143166933325392e-12,1.85787010775762e-11,2.1543551176946701e-13,2.2051319104043898e-10,2.611748328718022e-08,7.697764647929262e-11,1.0
6,8.073860048411763e-13,4.6375004530974095e-12,3.174578181168626e-14,1.1160538465615488e-10,4.570392952985003e-09,9.163486809626864e-12,1.0
6,1.6340939018588685e-12,1.4921003668733057e-11,9.034066490764062e-14,2.448538316546234e-10,7.8407982329054e-09,1.845498233399301e-11,1.0
6,3.2415303080624014e-13,3.552359578370967e-12,6.118362499990147e-15,1.9007431739659353e-10,1.4792030933463707e-09,6.49354593533491e-13,1.0
6,7.251777303651785e-12,1.0748282472383686e-11,2.9850584894533516e-13,2.536447274437137e-09,1.4657147495711342e-08,2.38328280721678e-11,1.0
6,1.3544918225222302e-12,1.6560103982543595e-12,3.830048528764146e-13,5.823194704213108e-10,1.817293648898044e-09,6.15886300292523e-11,1.0
6,8.644068967555985e-12,4.794586169060144e-12,1.4029871014953343e-12,2.4459163583401278e-09,1.2344839817046704e-08,3.98904270726419e-10,1.0
6,1.7108906305574045e-11,1.3270680127713819e-12,4.888980388063902e-13,1.0983806086883874e-09,8.536305884376816e-09,7.644917476845592e-10,1.0
6,6.079979727145746e-13,1.5285583671205416e-13,5.878433726120083e-14,1.2277194018361914e-11,1.6512148592884301e-10,6.839798172286748e-11,1.0
6,1.3189123187692942e-12,9.66605810150123e-13,5.766101029806847e-13,1.7485068948275284e-10,5.025001595382328e-11,3.8603717444907204e-11,1.0
6,1.6270992799632955e-12,3.1142781495990812e-12,5.994698552662381e-13,3.35106054016876e-10,4.935607478273596e-11,2.1307330899666965e-11,1.0
6,1.4791747199923572e-13,7.307618594444565e-13,2.2279441543059976e-14,2.1457577034644792e-11,1.5298783073713906e-11,3.954494717794965e-12,1.0
6,9.244283127613634e-14,1.3066955286897275e-12,1.0123871955602243e-13,1.119838666241435e-10,1.1918369069441326e-10,1.401786846322306e-11,1.0
6,5.609323227261098e-15,1.0388696196697578e-12,1.98864735171788e-14,2.2274293520752053e-11,2.0820218812889202e-11,2.0625740698720918e-12,1.0
6,4.195231367973198e-15,3.3688084873778612e-12,7.688856028373239e-15,1.0633481074828754e-11,7.839041221702203e-11,3.506441014280992e-13,1.0
6,1.023493356039351e-12,3.8047648365235887e-11,3.836980104303389e-13,1.7316195352612418e-11,1.7760191095561595e-09,3.1648857146127085e-11,1.0
6,6.072098661553949e-13,8.419259733827289e-11,1.0490399374911766e-13,1.8829457090752122e-11,1.364154345040447e-09,9.103402927312931e-12,1.0
6,1.2350191182231018e-11,7.955963665651211e-10,8.034628518061027e-12,1.4809413417804507e-10,3.805088688579872e-09,1.0692955548785577e-10,1.0
6,1.50462350911873e-11,6.176418265724237e-10,3.6182320160838e-12,3.646806814860959e-11,5.662065039047093e-09,1.7972276444844226e-10,1.0
6,3.373506196613363e-10,2.0436445424820704e-08,3.015173666298665e-10,3.6883748832927665e-10,3.5926579045053586e-08,2.8135631602310696e-09,1.0
6,1.4183167140746633e-10,1.478910505170461e-08,1.3430402623360038e-10,7.976487526040188e-11,2.1852587295256853e-08,2.724087844185874e-09,1.0
6,2.8951213648653606e-10,5.8808713454538974e-09,3.0343203644145333e-11,2.451374936374151e-10,1.2245384262143943e-08,6.947897257525426e-10,1.0
6,8.417866403931384e-10,2.993236236648045e-08,9.329497591137326e-11,1.9992395239309957e-10,1.6970384209002987e-08,1.499968815821262e-09,1.0
6,1.4251568813961057e-08,8.353990210707707e-08,9.178607318638399e-10,9.45022726739353e-10,1.5207457693122706e-07,1.591540055301266e-08,0.9999997615814209
6,4.2408284883777014e-08,1.2331024379363953e-07,1.4976866413718426e-09,9.307173365336041e-10,4.752920972350694e-07,1.702753493759701e-08,0.9999994039535522
6,4.74638675029837e-08,2.018982172558026e-07,4.970033273821173e-09,3.991744712550371e-09,2.617078678213147e-07,1.3361369788356114e-08,0.9999994039535522
6,5.538724394682504e-07,2.1513243098070234e-07,1.4539128123658429e-08,1.928187387534308e-08,5.42753582521982e-07,4.1660801031184747e-08,0.9999986886978149
6,1.2792058612376422e-07,8.679304386305375e-08,6.875628066893569e-09,1.0800429883772722e-08,2.5240987611141463e-07,2.8737053625604858e-08,0.9999995231628418
6,9.070692641444111e-09,2.9079577856805372e-08,2.5363213751461444e-09,2.843488333681421e-09,7.360456777405489e-08,8.142230001340067e-09,0.9999998807907104
6,1.5604802783286686e-08,2.0960662538982433e-08,1.2318018827173205e-09,9.756964125529066e-10,1.0126971972113097e-07,1.0103024195018406e-08,0.9999998807907104
6,3.367940593079766e-08,5.191089158529394e-08,4.544201015477256e-09,1.656309311925952e-09,1.4693145544697472e-07,2.655189845768291e-08,0.9999996423721313
6,2.1166474795109025e-08,5.928092861040568e-08,3.85977028116713e-09,2.502267060222607e-09,1.8330140960642893e-07,2.1403074867976102e-08,0.9999996423721313
6,4.056192715040652e-09,3.035412632357293e-08,2.0059895966539898e-09,7.646389632576245e-10,5.967914518123507e-08,1.0563915076033936e-08,0.9999998807907104
6,1.8782918331794463e-08,5.4825996187446435e-08,1.183155462491925e-09,1.9833938935676088e-09,3.724510406755144e-07,1.0368006009287e-08,0.9999995231628418
6,1.4785210389334225e-08,2.6831807886651404e-08,2.6361499649851794e-09,2.687400080247926e-09,1.1237086994242418e-07,1.7851213840458513e-08,0.9999998807907104
