6,3.099534864881015e-11,1.3313505853318475e-10,3.3581193381593266e-12,4.341345061220636e-07,1.3770599105455972e-09,3.19945892002238e-09,0.9999995231628418
6,1.0485525642200955e-10,2.1112168957504451e-10,1.1572237959556197e-11,9.030145520227961e-07,2.163812684585764e-09,6.277844910584918e-09,0.9999990463256836
6,8.391147221509243e-10,1.06772524155474e-09,1.2340335697746951e-10,3.349515736772446e-06,1.0245113202245193e-08,5.962819926708107e-08,0.999996542930603
6,8.861566341833438e-11,1.0564577684890608e-10,1.4222748846715039e-11,1.1386520100131747e-06,1.506176738885756e-09,8.535986140145724e-09,0.9999988079071045
6,1.3262931031210456e-10,2.9988464489427713e-10,1.6476407044274666e-11,1.463387434341712e-06,3.353032740349704e-09,7.284813641206256e-09,0.9999985694885254
6,4.964255673201023e-10,2.5581461393642257e-09,6.530194440745873e-11,1.118405180022819e-05,1.4896575528666745e-08,1.491818402143963e-08,0.9999887943267822
6,4.1710679354878266e-10,2.578884217285804e-09,2.106416083225149e-11,1.1033838745788671e-05,2.7564739824015305e-08,7.824471737194472e-09,0.9999889135360718
6,4.4025474238429396e-11,2.1699009256082036e-10,3.147539954367895e-12,2.0368759123812197e-07,1.5740626579940908e-09,1.3880010474309756e-09,0.9999997615814209
6,1.058193116465489e-10,4.168615730382186e-10,6.115127501593598e-12,2.647103372055426e-07,3.0777824733263515e-09,2.953890687606986e-09,0.9999997615814209
6,7.261701795435727e-10,2.41315234461581e-09,4.812688442212831e-11,9.330183274869341e-07,1.6301514804695216e-08,1.4982411755681824e-08,0.9999990463256836
6,1.9748461546620355e-11,6.16438636247274e-11,1.0022889636307486e-12,9.637399500661559e-08,1.0345544421141994e-09,6.239552208242571e-10,0.9999998807907104
6,1.8330162041002573e-11,5.2127909627719404e-11,1.3096222240341349e-12,1.1238586949957607e-07,1.1864733640010172e-09,1.5382068951907968e-09,0.9999998807907104
6,8.507908266786046e-11,2.4633858841660583e-10,8.807775689345654e-12,9.314917974734271e-07,2.222243722371786e-09,3.5969998091189836e-09,0.9999990463256836
6,2.149300008802424e-11,1.7931590934328057e-10,2.764443188252308e-12,3.382743329893856e-07,1.9058368216917643e-09,1.3651482166920914e-09,0.9999996423721313
6,2.370949790664323e-11,2.3659274539511443e-10,1.4673282120597486e-12,1.9095850234407408e-07,3.610074905679994e-09,1.3263256049000915e-09,0.9999997615814209
6,1.4442932093350347e-11,1.6831423754748442e-10,7.221862430989434e-12,4.7644488176956656e-07,1.5360807070763371e-09,2.4876383175609362e-09,0.9999995231628418
6,2.4681170301965594e-11,3.0586733146265033e-10,1.0444806478049351e-11,3.4886951993939874e-07,9.007623091861205e-09,4.751711912831524e-09,0.9999996423721313
6,5.463902334051918e-12,7.970522852840389e-11,1.164344228671288e-12,3.2064423294286826e-07,9.871489403678879e-09,1.333138044401494e-09,0.9999996423721313
6,1.7109256719716193e-12,3.1295292746147396e-11,3.0453330829294245e-13,4.115563001505507e-08,1.6709058581199088e-09,5.564093075172138e-10,1.0
6,2.642260867567747e-13,5.604369832795664e-12,5.614592449819378e-14,4.166059497379138e-09,2.514121133501135e-10,2.1473638145419471e-10,1.0
6,2.1633946804128223e-12,1.5919722137769377e-11,3.7437669067261203e-13,1.8454938910394958e-08,6.456628010020893e-10,7.613050745369776e-10,1.0
6,3.5118576883347297e-12,1.542918744157351e-11,3.2515122864139323e-13,2.6243919037938213e-08,5.296671434784628e-10,4.688905375083152e-10,1.0
6,1.73297071137668e-11,1.1493876683754678e-10,1.4654628422219873e-12,8.281789831698916e-08,2.318969016812389e-09,1.044073605349638e-09,0.9999998807907104
6,6.514787407457812e-12,3.3901461499175056e-11,8.090354558162871e-13,3.129265735424269e-08,1.1212626382928192e-09,1.9150674379631027e-09,1.0
6,5.862543089873995e-11,1.2988120128010205e-11,1.6223889636249322e-12,4.5816282323585256e-08,2.110471131189229e-09,9.00760976918491e-09,1.0
6,2.735742882231662e-11,7.125104759669876e-12,1.5915977303465612e-12,7.853119399214847e-08,1.0148385465313936e-09,6.5354686107355064e-09,0.9999998807907104
6,4.597551072488271e-12,1.1183220148536233e-12,3.8618850413570105e-13,2.0872654715731187e-08,8.788893224309646e-11,7.773042765002458e-10,1.0
6,1.6680766143362113e-11,2.5923128661037298e-12,1.045291565977824e-12,2.852948277620726e-08,6.424504817026389e-10,1.3463649084499707e-09,1.0
6,1.750211087170328e-11,5.23753566558649e-12,2.235685378146335e-12,5.553379978096018e-08,9.1519847256194e-10,1.065897592411602e-09,1.0
6,1.106244783277699e-11,2.388706203323987e-12,2.7558413450562425e-12,6.993733592253193e-08,2.62113220017568e-10,3.7239875072536677e-10,0.9999998807907104
6,1.59016029510628e-11,7.505499693971629e-12,1.7581169159397447e-11,1.1684419831681225e-07,3.8126921064751684e-10,1.4915582102759117e-09,0.9999998807907104
6,1.0301767078280122e-10,1.3371968810016455e-10,5.739344069444208e-11,1.1977923008998914e-07,4.825298827171309e-09,1.140100547303291e-08,0.9999998807907104
6,1.571529364974289e-11,2.2005017252801906e-10,5.2890060386889814e-11,8.602883383446169e-08,1.4110910218079198e-09,5.246501011413329e-09,0.9999998807907104
6,1.952843615982136e-11,1.4404103465537332e-09,3.554779734460389e-11,3.7261665397636534e-07,2.2132562449428406e-09,1.0895015445377965e-10,0.9999996423721313
6,1.489481628313971e-11,3.689824557007171e-10,1.2565960641822138e-12,2.3395847037477324e-08,2.205915450304019e-09,3.4371221147022624e-11,1.0
6,2.8084827866092787e-11,5.10784692320243e-10,8.716214599038818e-13,3.029888873129494e-08,1.774282054611831e-09,3.143798069094039e-11,1.0
6,5.2541269945916014e-11,1.2066135868238348e-09,1.1444973658028545e-12,6.6921255204022145e-09,3.825179284433489e-09,3.888171382082639e-11,1.0
6,4.414335216806897e-12,3.73457398339383e-09,3.612148557693984e-13,8.75207795125732e-10,2.8711359956190563e-09,1.7818737804708995e-11,1.0
6,2.681804431303725e-12,9.067990802691384e-10,9.207698080555826e-14,7.854606548507448e-11,2.3863693243697526e-09,9.961869870678264e-12,1.0
6,9.401499544148262e-12,2.7033475458182465e-09,3.0832118542295506e-13,5.402829295064748e-10,8.853763056038133e-09,4.148284146743286e-12,1.0
6,5.780927472831543e-11,1.1668762311956016e-07,1.7025200693687736e-12,8.668725182126025e-10,8.812521912204829e-08,6.291073564868022e-12,0.9999997615814209
6,1.877575650510721e-09,1.9092924219421548e-07,9.43439076861452e-12,4.448054147232483e-10,1.543476287224621e-06,1.9694949837667508e-10,0.9999982118606567
6,7.071465635277718e-10,2.7296533744447515e-07,3.2997004434376365e-11,4.281584420340323e-09,5.611182132270187e-07,2.2395996168711463e-10,0.9999991655349731
6,1.27412080885847e-09,2.230188442808867e-07,6.036748358140276e-12,1.0889031898386747e-09,2.6237012207275257e-06,8.572560716846311e-11,0.9999971389770508
6,8.344113178182511e-10,9.787677868189348e-08,1.2918937837905209e-12,4.961075994458497e-10,3.308232862764271e-06,1.0222304946960747e-10,0.999996542930603
6,1.3571813672896837e-09,1.1715489023345071e-07,3.354562721352705e-12,7.001124124883518e-10,3.3065771276596934e-06,7.354666875514226e-11,0.999996542930603
6,1.3669702869645306e-10,8.269528173343588e-09,2.172666479236321e-13,6.280712755435403e-11,1.110817834160116e-06,2.918363467552254e-11,0.999998927116394
6,6.054119983112116e-10,3.836832362935638e-08,4.743551905439514e-12,1.9076785984228906e-10,9.931342219715589e-07,1.0786332244050456e-10,0.9999990463256836
6,3.1362154540026665e-10,4.664534092313488e-09,2.428182438105053e-12,6.049699630139571e-10,6.856049026282562e-07,1.3759215121422752e-11,0.9999992847442627
6,1.0381571990958349e-10,1.2679443051055728e-09,2.3739335692531116e-13,5.7407981146617715e-11,4.3938979388258304e-07,1.2665290691216136e-11,0.9999995231628418
6,3.694900774231513e-10,7.466044671389227e-09,2.55378129667555e-13,3.2394063126384154e-11,3.500042566884076e-07,9.596583076809662e-12,0.9999996423721313
6,3.2078395495460654e-10,4.624627436555784e-08,9.146305132538834e-14,1.164428709704568e-11,8.695551514392719e-07,8.859823465157124e-12,0.9999991655349731
6,5.577515671539857e-10,3.32298077410087e-06,2.8495635077908574e-14,3.1274150478523277e-13,3.04760778817581e-05,3.053612918080262e-12,0.9999661445617676
6,8.870641443614602e-10,1.5455567563549266e-06,7.114218881967144e-14,6.652898718040312e-13,3.119395114481449e-05,6.898777989844396e-12,0.9999672174453735
6,1.1122914811423357e-09,4.273053093584167e-07,9.588720876335666e-13,1.8937088008819103e-11,2.7359499199519632e-06,2.2746315248012294e-11,0.9999967813491821
6,4.6388642926942225e-11,2.7180151462857793e-09,4.8649591435434916e-14,2.080576683161084e-11,1.2420375128385786e-07,3.1097485697628713e-12,0.9999998807907104
6,7.483189762291786e-11,5.075606601678828e-09,4.327382636254429e-13,3.8239003630202717e-10,1.3343250770958548e-07,1.04802113168323e-11,0.9999998807907104
6,1.723904114077357e-12,1.7947209274282727e-09,1.304620338626536e-13,2.9034771809044457e-10,8.238162152451878e-09,3.759955454624153e-12,1.0
6,2.286147660068849e-11,8.770363990606711e-09,4.3352582808353635e-12,7.284073788582646e-09,4.729878710918456e-08,1.4569411649345554e-11,1.0
6,4.57057225400348e-10,8.784575733500333e-09,6.67801144244029e-12,4.3239340996592546e-09,2.395768206042703e-07,5.587475274126952e-11,0.9999997615814209
6,6.468287017113994e-10,2.0696790059560044e-08,8.934594600620849e-13,2.2162950585880026e-08,2.877089002595312e-07,2.0561680830200046e-11,0.9999997615814209
6,9.376503046221174e-11,1.6282449166737933e-08,3.712185420168268e-11,1.644035485526274e-08,1.575282482235707e-07,2.6478391701445503e-10,0.9999998807907104
6,5.906247019238364e-11,1.1025912405315808e-09,1.3797619297095665e-11,9.547084234284853e-10,1.3965102851898337e-08,1.504500968252387e-10,1.0
6,3.0213779395049656e-11,3.160943284896689e-09,1.657667232646265e-11,6.107965799806436e-10,1.300229257594765e-08,1.8419649139289618e-10,1.0
6,3.1042468595643413e-10,3.6857252805333474e-09,8.277887923735516e-12,1.294880203062121e-09,1.218890446352816e-07,9.716232679535253e-11,0.9999998807907104
6,8.270097107132557e-11,9.152072433238345e-10,3.1099493640052156e-13,3.063753972742944e-10,4.3331841226290635e-08,1.6103660072097625e-11,1.0
6,2.894495927663332e-11,5.34533094870282e-12,7.86119928105223e-15,1.0576319334210105e-11,9.731267347490302e-09,1.1926208284829265e-11,1.0
6,1.6090405396962382e-10,2.252104232269847e-11,1.2189008754149439e-13,9.450802640476041e-11,7.49446815717647e-09,6.559553594742695e-11,1.0
6,3.8905320631776874e-10,9.819770552255136e-10,3.7185882086239463e-13,5.73771696821268e-10,3.76510911337391e-08,3.629708339447646e-11,1.0
6,2.994059861149978e-11,2.9009404253765858e-11,3.9705509659229005e-14,1.0022647642382587e-11,5.349446441371697e-10,4.0685708274645904e-11,1.0
6,1.4122315296349885e-11,2.0401491607202615e-10,1.4334738365935629e-13,6.325477641677679e-11,1.1728021331869343e-10,2.002894725072757e-11,1.0
6,2.7874456215437604e-11,6.705509064675041e-11,3.174208874803623e-14,6.098717017510857e-12,2.575347435307407e-10,6.006860286955629e-11,1.0
6,1.804648769830608e-12,1.0643916303898493e-10,1.2449386173915642e-14,1.1519281622324185e-12,1.7560301823760227e-10,2.3534689821969046e-11,1.0
6,2.120760706804392e-13,2.2746216368774164e-11,1.1126789458337435e-13,2.540461981406783e-12,2.4197651261187447e-12,9.330458627943017e-11,1.0
6,2.9370763091583763e-13,3.16500187169666e-10,8.915763770713306e-14,2.9873215446479806e-12,2.507936740225869e-11,4.1250735466347166e-11,1.0
6,1.6433496924372903e-11,1.6348102871432957e-09,2.0462928226883115e-12,5.3252149218030453e-11,9.315308246993226e-11,3.839021045504154e-10,1.0
6,7.305855920236581e-11,5.195750496511664e-10,4.376859118193632e-12,6.244528782950454e-10,2.0842479131477631e-10,1.224934931265409e-09,1.0
6,1.9792519012629128e-10,2.5471178499714142e-09,7.358467307705396e-11,5.619556819880245e-09,5.821285120610753e-10,4.3431773733004775e-09,1.0
6,2.9970477488650005e-11,1.5230139371880114e-10,6.327673801598266e-11,1.5287838550648303e-08,1.3548582256106556e-09,7.624651132687177e-09,1.0
6,6.239644911865128e-11,4.033750222731669e-09,2.547145827591635e-10,2.1105929448594907e-08,7.438514249002992e-09,1.2764260759468016e-08,1.0
6,1.693168868999173e-11,7.822689718217646e-10,1.6056673352027317e-11,1.5746914883152385e-08,2.2793285481270686e-08,1.0516625348344633e-09,1.0
6,2.7197858548655418e-11,1.866430482388992e-10,8.224049913296838e-12,9.713894399965284e-08,5.174719319711585e-08,1.6486599863085871e-09,0.9999998807907104
6,1.0850613810231557e-11,8.269923634784959e-11,1.26471359426783e-12,4.5179668006767315e-08,5.733609498292935e-08,5.891399035284905e-10,1.0
6,1.0978054403032456e-11,2.891655526138237e-10,2.850267591392175e-11,1.1399001209611015e-07,4.1524558014316426e-08,4.177564960627933e-09,0.9999998807907104
6,1.6499443955195203e-12,3.9839559429211135e-10,1.7786267250685661e-12,1.9006328955128993e-08,5.213098219769563e-08,3.856863162177149e-10,1.0
6,3.888472877022764e-12,9.543564549741035e-11,2.2997542759028988e-10,8.523505812263465e-08,1.8147657598888145e-08,3.4195679621262798e-09,0.9999998807907104
6,3.560289563164787e-11,2.7016868742180122e-09,5.630119148669621e-10,2.392537226114655e-07,1.4827972449893423e-07,7.728841566745359e-09,0.9999996423721313
6,3.840232576379776e-10,1.1627300011696207e-08,1.1613066064342092e-09,5.146908961251029e-07,4.398162900542957e-07,5.6546795690337603e-08,0.999998927116394
6,1.5291214960910793e-09,6.4800733667880195e-09,2.6047872747625433e-09,1.2639386568480404e-06,5.311729296408885e-07,4.566309286246906e-08,0.9999982118606567
6,2.0231094577383146e-09,3.81831064544258e-08,1.1489070805836832e-09,3.009928946084983e-07,6.375557290994038e-07,1.3590924652362446e-07,0.999998927116394
6,5.7564938926724096e-11,7.173788674208481e-09,1.118757886331423e-08,1.0150101843464654e-06,1.3526750386461117e-08,3.877715926137171e-07,0.9999985694885254
6,1.694829346310378e-11,1.4466882136687786e-09,5.939549546640777e-11,4.9513037225779044e-08,4.895775873592356e-08,2.0739145156767336e-07,0.9999997615814209
6,6.379618500140793e-10,3.0584857313442626e-08,7.253837530640794e-09,6.905704594828421e-07,1.3733678372318536e-07,8.684870635988773e-07,0.9999983310699463
5,1.3558382079281728e-06,9.401024385624623e-07,6.196897447807714e-05,0.0013827899238094687,0.0004438674368429929,0.8688088059425354,0.1293003112077713
5,2.146825721638379e-07,2.298745371831501e-08,7.869408364058472e-06,0.00035367452073842287,7.802530308254063e-05,0.9923794269561768,0.007180751767009497
5,2.388281572507367e-08,4.980086829031727e-11,9.471111894754358e-08,2.2074256776249968e-05,0.0001010784981190227,0.9997610449790955,0.00011565299791982397
5,6.204907094797818e-07,1.7829744625164068e-10,2.1877639255762915e-07,0.00011668381921481341,0.00040379841811954975,0.9993792772293091,9.944572229869664e-05
5,7.848253176234721e-07,2.4489212879785782e-09,7.354605600085051e-07,0.0006826567114330828,0.001756226527504623,0.997298538684845,0.0002610683732200414
5,4.118504875805229e-06,1.5620589266518436e-08,6.207459364304668e-07,0.0020435506012290716,0.00350446836091578,0.9942830204963684,0.0001642636489123106
5,1.3737585504713934e-06,3.674554438504174e-09,9.701221870273002e-08,0.0021569274831563234,0.0009249704889953136,0.9967998266220093,0.00011680016905302182
5,3.02793978335103e-06,1.1196775950850224e-08,1.5901258620942826e-07,0.004316213075071573,0.0006024842150509357,0.9850863218307495,0.009991753846406937
5,1.6286188042613503e-07,4.309770873511809e-10,1.0822211571337448e-08,0.0008912664488889277,0.00023353005235549062,0.9988009929656982,7.41236362955533e-05
5,2.3314717267908236e-08,1.3206493190698332e-11,4.947807052957387e-09,0.00023233970568981022,1.4007106074132025e-05,0.9997478127479553,5.903539658902446e-06
5,1.745019062582287e-08,1.070960195526105e-10,5.363574473449262e-09,0.00019731125212274492,3.2713916880311444e-05,0.9997474551200867,2.2415244529838674e-05
5,1.0995284682735473e-09,5.863384864440713e-12,2.0192424121656671e-10,0.00014386507973540574,6.593560829060152e-05,0.9997894167900085,8.257709964709647e-07
5,1.3944607246685337e-08,2.6652036133612e-10,2.0466470740387877e-09,0.00027726456755772233,0.0005388761055655777,0.9991763234138489,7.485642981919227e-06
5,4.098863470858305e-08,4.448786061761467e-10,4.71775152277587e-09,0.0011054754722863436,0.0017344076186418533,0.9971569776535034,3.1128968203120166e-06
5,6.626465420822569e-08,8.689921005000656e-10,1.1685413525697186e-08,0.0008803759119473398,0.001974512590095401,0.9970446228981018,0.00010036979074357077
5,2.739938622653426e-07,2.1620445017633827e-11,7.98438648530464e-09,0.0003914794942829758,0.003955601714551449,0.9956501126289368,2.608178874652367e-06
5,5.063722596787557e-07,4.3109707470456726e-10,3.216489830037972e-08,0.001446679001674056,0.0013591827591881156,0.9968120455741882,0.0003816463577095419
5,1.6117299139750685e-07,1.2566998830454423e-10,1.890119172287541e-08,0.0005403065006248653,4.791671017301269e-05,0.9993836879730225,2.7872669306816533e-05
5,6.983173648222873e-07,2.0527730557051704e-11,1.3735133030934321e-08,0.00010246820602333173,5.352696916816058e-06,0.9998902082443237,1.1641648143267957e-06
5,1.0966724630634417e-06,4.3420417261685884e-10,1.534486671062041e-08,0.0002374781615799293,8.310787234222516e-05,0.9996570348739624,2.122218575095758e-05
5,4.2389902432660165e-07,4.408976517211727e-10,2.1840907749037797e-08,0.0001456184108974412,1.7785334421205334e-05,0.9998182654380798,1.7940647012437694e-05
5,3.890331967681959e-08,1.0817220452707943e-09,5.449814377556095e-09,0.0014490997418761253,7.82873248681426e-05,0.9983333945274353,0.00013917546311859041
5,3.0723626309736574e-07,4.722615187802148e-08,1.90886453310668e-06,0.012335279956459999,4.737521885544993e-05,0.987381637096405,0.0002334584714844823
5,9.398622324852113e-08,1.6561417126581546e-08,8.310783172760239e-09,0.00046683792606927454,0.00037680979585275054,0.9991239905357361,3.2246527553070337e-05
5,6.955531262065051e-08,3.4072474619506465e-08,6.211712921810886e-09,0.0021495770197361708,0.0008348298724740744,0.996358335018158,0.00065715576056391
5,1.2032030838327046e-07,2.0560646873946098e-07,3.0332552114487044e-07,0.017348065972328186,0.0003364326839800924,0.9804691672325134,0.0018456840189173818
5,2.2823903691460146e-06,6.507030292368654e-08,1.0005188414652366e-05,0.03883090242743492,0.00028894332353957,0.9607633948326111,0.0001042721705744043
5,4.7764810773287536e-08,1.4704707673729445e-08,7.195618763944367e-06,0.22470620274543762,0.0007827847148291767,0.7742958068847656,0.0002079510741168633
3,7.786079549987335e-06,9.28337797745371e-08,1.2548198355943896e-05,0.5215951204299927,0.000900311570148915,0.4774470031261444,3.714399645105004e-05
3,1.4102209888733341e-07,2.3061230081111717e-07,9.466390906709421e-07,0.9998093247413635,8.968541806098074e-05,6.210016726981848e-05,3.7618236092384905e-05
3,7.717737275925174e-07,4.047055313094461e-07,3.882335875005083e-07,0.9998121857643127,7.085991092026234e-05,0.00010472466237843037,1.0708136869652662e-05
3,8.693726982755834e-08,4.246919615980005e-08,8.091513015173746e-10,0.9998555183410645,0.00014200323494151235,1.0221089041806408e-06,1.2430033393684425e-06
3,7.072833341226215e-08,7.369171584059586e-08,2.748478111769259e-09,0.9999854564666748,1.014183544612024e-05,1.794922468434379e-07,4.099094894627342e-06
3,2.0859870275558023e-08,3.9128227768969737e-08,3.879299104170286e-09,0.9999977350234985,1.7440016790715163e-06,1.5278651233074925e-08,5.374375859901193e-07
3,4.898295102861994e-09,9.715408921806556e-09,3.8885430986290714e-10,0.9999978542327881,1.9681253888848005e-06,8.670246187669761e-10,1.6479479825193266e-07
3,1.0290992058514803e-08,8.213744351337482e-09,2.5280458282317397e-10,0.9999842643737793,1.565270940773189e-05,1.8094380438427038e-09,7.966795578795427e-08
3,1.4419511806806895e-08,5.834797889292531e-08,1.4793132274704135e-09,0.9999352693557739,6.353380740620196e-05,5.353430587717867e-09,1.0061911552838865e-06
3,7.535093971000606e-08,8.600834888738973e-08,1.3476594840078349e-10,0.9997676014900208,0.0002126613981090486,3.826019501218525e-09,1.95509783225134e-05
3,5.086711851731707e-08,1.3527308340144373e-07,1.6093676391548684e-10,0.999919056892395,5.126830001245253e-05,2.912255991915913e-09,2.9455486583174206e-05
3,1.3948547916697862e-07,5.150964739186747e-07,3.2405051086925596e-08,0.9997957348823547,7.0681071520084515e-06,1.2612358091246278e-07,0.0001964092516573146
3,7.085017017516293e-08,3.07579199443353e-07,9.44954425818878e-09,0.9999650716781616,2.4125369236571714e-05,4.3064531496384006e-08,1.0405980901850853e-05
3,9.582879556546686e-08,1.0704936492800243e-08,8.065605072715698e-09,0.9998294115066528,0.00016747663903515786,2.2738404368283227e-06,6.715001177326485e-07
3,1.7966229393096e-08,4.2141212741597656e-10,5.3617936479621875e-11,0.9998971223831177,0.00010259113332722336,8.476976631754951e-08,1.2928235548770317e-07
3,2.1965753660424525e-08,1.6998205065732463e-09,7.923000905525612e-13,0.7082736492156982,0.29172101616859436,4.376563992991578e-06,9.054343763637007e-07
3,4.092386518550484e-08,4.668372910465735e-10,1.5196599534306188e-10,0.9989385008811951,0.0010584890842437744,2.871497144951718e-06,8.339221579944933e-08
3,2.497780116073045e-08,1.6937273805694986e-10,4.388184607351242e-11,0.9999935626983643,6.35828200756805e-06,4.539140618931015e-09,6.86157335394455e-08
3,7.533511592328068e-08,5.626545895864865e-10,8.569249476675367e-11,0.9999961853027344,3.699398121170816e-06,7.328245787974197e-10,2.844432689386167e-09
3,1.6811425140872416e-08,3.198823983474597e-10,2.678342880813034e-09,0.9999998807907104,2.3644055602289882e-08,3.5501748762989394e-10,2.1298745878084446e-08
3,1.0598765953773182e-07,2.237832807949758e-09,2.027293222184312e-09,0.9999971389770508,3.804943560226093e-07,5.726504825886991e-10,2.321984766240348e-06
3,3.5397063058439926e-09,1.3033978341070451e-09,1.2187325801327198e-12,0.9999949932098389,3.1467391181649873e-06,1.1275255360453096e-13,1.876623628049856e-06
3,1.6572186678498468e-10,4.216215918062538e-11,1.1533816436648525e-11,0.9999997615814209,2.1579182885034243e-07,5.434582471541827e-12,6.01149778844956e-08
3,5.353246290695779e-09,3.3374631946969657e-09,1.7376993177720124e-09,0.9999963045120239,4.190131335235492e-07,5.385969004123581e-09,3.218402753191185e-06
3,2.382784600740706e-07,3.2308169473083126e-09,2.693575362755496e-09,0.9999967813491821,1.959994278877275e-06,2.461240633522266e-08,1.0243808219456696e-06
3,1.5294541810817464e-07,1.4788562596734778e-09,5.265727853753788e-10,0.9999924898147583,7.250804173963843e-06,1.4341341447732248e-08,7.713296668043768e-08
3,1.8730991868665114e-08,7.829751430543652e-11,1.1245583457497599e-11,0.9999910593032837,8.91169020178495e-06,3.134319470632363e-09,2.9205443397017916e-08
3,1.0763124613788477e-08,3.044064444956973e-10,3.81943391844497e-12,0.9998487234115601,0.00015116338909137994,9.186643112890636e-10,4.069195469469378e-08
3,9.410356049954771e-09,3.4030780970972785e-10,6.6707425173950785e-12,0.9999673366546631,3.255378032918088e-05,3.8798750323643105e-10,9.551536095386837e-08
3,4.820522869763977e-10,2.1021182017300077e-10,4.995537403879036e-12,0.9999963045120239,3.3139033348561497e-06,2.705843327177604e-10,3.952514475713542e-07
3,1.48264800436948e-09,4.676726783614527e-10,2.4632153955428393e-11,0.9999991655349731,7.027563242445467e-07,4.851076762513173e-10,7.287753334139779e-08
3,9.502873155042835e-09,1.1865644022890365e-09,1.0135670948374642e-11,0.999996542930603,3.3250155411224114e-06,1.0593129706748527e-09,7.331666296295225e-08
3,7.166632176591747e-09,1.743108990481801e-10,3.710243917653955e-12,0.9999998807907104,9.937502909451723e-08,2.6290318880239916e-11,3.24495275094705e-08
3,5.283260939847878e-09,2.9070308660283928e-11,1.989368522345436e-12,0.9999991655349731,1.613247668785789e-08,1.4356796133874195e-11,8.298786724481033e-07
3,2.3409626237480552e-08,3.3177880581769514e-11,4.705588783210368e-12,0.9999994039535522,4.966546498508251e-07,1.6418864878797734e-10,1.1268568300693005e-07
3,1.3714651636576036e-08,1.9408022064459907e-11,4.280618394469915e-12,0.9999943971633911,5.506623438122915e-06,9.535529033044554e-10,3.403439663429708e-08
3,2.1468722355422187e-09,4.035729389562093e-11,1.7010330860892098e-12,0.9999938011169434,6.156732069939608e-06,1.0649394560635628e-10,4.3634185153962335e-09
3,7.095380727406564e-09,1.61683045424299e-11,2.095696012560655e-12,0.999993085861206,6.837564342276892e-06,2.685694167059438e-10,1.0598798283467659e-08
3,3.4413318417136907e-08,1.1278963873984083e-10,9.024534591839384e-12,0.999933123588562,6.662031955784187e-05,8.367409543019733e-10,1.897927432992219e-07
3,3.206176435455177e-09,3.737703480055643e-10,1.0204552047116122e-12,0.9999682903289795,3.151906275888905e-05,9.161435499116521e-11,2.0292348779094027e-07
3,3.4601047027571497e-10,4.982212559179189e-12,6.14790390904979e-13,0.9999823570251465,1.769197297107894e-05,2.323530604031454e-11,5.416377124589644e-09
3,2.166309576168146e-09,1.6881124319592655e-12,1.7082810047173297e-13,0.9999984502792358,1.5265802630892722e-06,1.8638299237316858e-11,3.537894144312048e-10
3,1.5883843129671504e-09,6.548843065057319e-12,1.9749784761161765e-13,0.9999915361404419,8.488366802339442e-06,1.6714009343221647e-10,7.119425188273354e-11
3,1.349576361775462e-08,9.520032331900019e-12,3.988032994117763e-12,0.9996926784515381,0.00030733257881365716,2.4220039307465413e-08,1.0144126649791474e-09
3,1.2576045982370943e-08,4.190108329749087e-12,1.7518152727047376e-12,0.9997875094413757,0.00021237520559225231,6.423256593279802e-08,3.7341063574558575e-10
3,7.214330244309508e-10,2.940939321498942e-13,1.9344430029176463e-14,0.9998800754547119,0.00011986252502538264,4.3744022293346063e-10,3.6810228476458207e-11
3,3.878612708785312e-11,3.198479756874248e-14,1.6289928000940259e-15,0.9998675584793091,0.0001324303593719378,5.118561130501575e-10,2.4065578089343953e-12
3,2.0580656970303757e-11,1.0601765233937688e-13,2.0679154054273688e-14,0.9999856948852539,1.4295574146672152e-05,3.1425273494534167e-09,4.177053234549755e-12
3,6.805767321232947e-12,1.5483332660697763e-13,4.650145489482581e-14,0.9999946355819702,5.371369752538158e-06,2.9629547704246306e-09,1.118367811553389e-11
3,1.7710111155366803e-11,3.497117417698703e-13,1.889531554225693e-13,0.9999924898147583,7.515458491980098e-06,2.613940175422158e-09,1.3601674474228442e-11
3,9.189690024571928e-13,2.7031001609690956e-14,2.6527091544974006e-14,0.9999988079071045,1.1678588407448842e-06,3.779589835550823e-11,1.1590171530850846e-11
3,1.4109302268194845e-11,3.0715982871337005e-14,1.0205895915708918e-13,0.9999936819076538,6.3220768424798734e-06,5.4785134762092014e-11,1.9677802789996868e-11
3,4.19010702870648e-12,1.1409536510020857e-13,2.9431402519090877e-13,0.9999969005584717,3.049513907171786e-06,5.0849242351491686e-12,1.7422919010301463e-11
3,1.911027325968151e-12,6.705608155332596e-14,3.751846720128661e-14,0.9999991655349731,8.898255714484549e-07,1.518633038332523e-13,1.1811245557991068e-11
3,1.5528375026802044e-12,1.6066888217005498e-13,3.875079510745616e-12,0.9999998807907104,7.716886329944828e-08,3.040805454657125e-13,3.1924587973186647e-11
3,1.3432892222598608e-13,3.322084564361637e-14,3.0738845496758316e-11,1.0,9.316414306681509e-10,7.927773021387807e-14,2.3438287768962063e-11
3,1.6628216165104348e-11,1.7101287833748424e-12,5.3839058211657687e-11,0.9999995231628418,4.415064154272841e-07,8.211339247443661e-11,3.834666806312725e-09
3,3.015136057493706e-11,1.4548077152676253e-11,2.044720469329686e-11,0.9999995231628418,4.909269932795723e-07,3.749616450665627e-10,4.313364332375613e-09
3,1.3120576847214238e-10,5.101645234734109e-12,1.2751236698471669e-11,0.9999991655349731,8.527356953891285e-07,3.361569078652593e-10,2.3933002246678825e-09
3,2.1327616755995038e-11,6.30094175620155e-13,1.4684168594611413e-13,0.9999998807907104,9.931704170185185e-08,4.337716644209344e-11,8.641784510210471e-10
3,7.924229328271082e-11,2.854900994428422e-12,4.85566491528755e-12,0.9999996423721313,4.106612720988778e-07,1.6172189143404125e-09,1.0112309878351766e-09
3,8.5581916553501e-11,5.6958621846847635e-12,7.60404586519492e-12,1.0,5.637702926719612e-08,6.033939459193505e-10,2.6679620734881837e-09
3,7.638917276509005e-10,1.0207553552410431e-11,1.315780470689809e-11,0.9999967813491821,3.210176828361e-06,7.38527516919163e-10,2.7599416085877237e-08
3,1.4087138122675924e-09,7.350887260004768e-12,1.82350228666861e-12,0.9999959468841553,4.060184892296093e-06,9.366277892164376e-11,1.5340198000757255e-09
3,2.8166047272293326e-10,1.2041586477939958e-11,4.937391641368638e-12,0.9999995231628418,4.985519694855611e-07,6.6332742250374555e-12,1.2684504113735784e-08
3,3.632346090576277e-10,2.8328898254992296e-11,1.221078576793544e-12,0.9999992847442627,6.444194582400087e-07,1.3310823797352267e-12,1.922368042528433e-08
3,3.1875568851091884e-09,5.4780752850591696e-11,7.920325853505439e-12,0.9999995231628418,4.229283661061345e-07,3.3121472144820308e-12,1.3674837262556139e-08
3,8.883631608114229e-10,1.1421078492668268e-11,1.4764048273871455e-12,1.0,3.3359622619855145e-08,6.569584828398922e-14,2.4591593206224616e-09
3,9.844703177663838e-12,4.079043092880541e-12,2.713582396979275e-12,1.0,1.7253639628123096e-09,5.183839096097476e-15,1.6190188079079348e-09
3,3.7124900376106496e-11,5.699861589658628e-12,1.6544727827333405e-12,1.0,5.217720921990576e-09,3.721947473530121e-15,5.25550269969699e-10
3,5.431674554579047e-11,5.9242849341500925e-12,4.252134668675245e-13,1.0,1.612310995824373e-08,1.924149053861312e-15,6.333195079477605e-10
3,7.172450133818842e-11,1.0772274565418183e-11,7.273618556416506e-13,1.0,2.1470588862371187e-08,7.870291332708057e-15,2.3634219026291703e-09
3,3.2620084411405514e-10,8.306883653164121e-11,1.2143027035282916e-11,0.9999998807907104,8.2691464342588e-08,1.2518682108737106e-13,2.1416475703972537e-08
3,9.739316297885381e-11,1.8764779660673803e-11,8.475126525055166e-13,1.0,1.2798707871297665e-08,5.023486865336291e-15,1.557871498469865e-09
3,6.276441172348157e-12,5.467362673705622e-13,1.6632386386130488e-14,1.0,5.196315600031198e-10,9.031416669949563e-17,2.837046153558731e-10
3,3.856529678936127e-11,6.570017533485961e-12,4.2294542434290205e-13,1.0,1.632019674957519e-08,6.629653016886408e-14,1.6738948005468046e-09
3,3.9494666217998464e-12,4.226615260040367e-13,4.3721092284759733e-13,1.0,8.646038884840834e-10,1.2880930825816869e-14,5.474213096712255e-11
3,9.60636691721417e-12,7.920880883702588e-14,2.3406352810811937e-14,1.0,2.4488912231390714e-08,5.992683562924817e-14,9.527846393797557e-12
3,1.1238220423703815e-11,1.4637769485013538e-14,1.9175018039890564e-16,0.9999998807907104,7.403075841239115e-08,4.418775221214869e-15,1.5569948217004914e-13
3,1.1033096311563462e-11,8.983257388829602e-14,5.4678185807191526e-14,1.0,2.7607598429568725e-09,1.3384965065563886e-13,5.401275130281769e-13
3,4.1851174218884846e-13,1.551657972031703e-14,1.3577988119430322e-14,1.0,1.296438928433119e-10,1.2390913583742546e-15,2.442560693635687e-12
3,3.348574333940889e-14,4.047183508380743e-16,2.3505648683273545e-16,1.0,1.707125760197492e-11,3.0087100390985686e-18,3.778801171982777e-15
3,6.949013304884122e-13,9.339965493994785e-15,2.2298392211188896e-15,1.0,1.7041044964027918e-10,1.6396884968772427e-16,9.064012154768111e-14
3,5.385929115891974e-12,7.902240568445542e-15,2.1897831177465285e-14,1.0,6.076301684032615e-10,1.1675547884732428e-14,3.8261641034306737e-13
3,4.948530821224928e-11,1.9893314155260827e-13,2.897253156787169e-14,1.0,3.906521328644885e-09,2.293600964535514e-13,9.325245436953011e-11
3,4.7067877373407896e-11,6.978317229622277e-12,4.032576054628428e-15,1.0,4.489516314265529e-08,5.509208168060376e-15,1.1795531218439237e-09
3,1.6687583259678007e-10,4.708310998025045e-12,4.892303142461918e-12,0.9999998807907104,8.014808372536208e-08,6.8245214167317325e-12,8.797499950752297e-10
3,1.160029364233317e-10,1.362469165266944e-12,1.959977102491961e-12,0.9999995231628418,5.120162427374453e-07,4.001427661437518e-12,7.010842600907452e-11
3,1.582209710471183e-11,3.9216533124185327e-13,5.472996730294943e-13,1.0,2.9569310555643824e-08,1.5327733724726685e-14,2.3423537415245832e-11
3,1.6242587786916007e-12,1.640266562982426e-13,4.299998670933419e-14,0.9999998807907104,1.5306956413496664e-07,1.00533230896452e-14,1.3209288263899e-12
3,1.9976680032396388e-11,4.087273054731444e-13,4.2620549830282156e-14,0.9999980926513672,1.9628421341622015e-06,4.619477475781113e-14,7.657197792498849e-12
3,5.877427988743023e-10,3.2132965992887064e-12,1.8963786704156993e-12,0.9999833106994629,1.665548734308686e-05,4.689099369209471e-12,4.212970944328376e-11
3,2.8768460946793084e-09,3.143652352322057e-11,2.596154899132258e-13,0.9998677968978882,0.0001321676973020658,1.8968869443941605e-12,3.218307842445256e-10
3,7.148930780687124e-09,4.553048042754693e-12,8.707132237439907e-13,0.9999988079071045,1.146190243161982e-06,1.7903260254512054e-12,1.2888436151659022e-10
3,1.6894663446009872e-08,8.309078425305927e-11,1.7948206809670353e-10,0.999998927116394,1.0979099442920415e-06,2.8414496450190896e-11,1.74934644547875e-09
3,1.1398613608548658e-08,4.996278564484147e-12,2.4067626364088213e-11,0.9999997615814209,2.1194887267483864e-07,2.9388813431452387e-12,1.0125704719143869e-09
3,4.606511438964844e-08,1.2634888794937904e-11,6.243477956857646e-10,0.9999995231628418,4.380383984425862e-07,1.897938334272098e-10,3.745015408895824e-09
3,8.678970431219568e-09,2.2934758259207655e-11,5.244396583670152e-10,0.9999997615814209,5.4950273664644556e-08,3.314077137717142e-11,1.5896098659595737e-07
3,2.7270621316688448e-08,4.495273511068154e-12,8.766307124652428e-11,0.9999998807907104,1.2478456312692288e-07,8.02991007020637e-12,2.9485998087608323e-09
3,7.253492384506899e-08,1.2082911060584678e-11,4.06407618669391e-09,0.9999998807907104,4.856685720255882e-08,8.306186988216169e-11,2.1359078061777836e-08
3,1.6442417427597888e-09,4.833038483309515e-12,2.728526848905233e-10,1.0,2.2897996387882813e-08,2.82338041834862e-12,7.524245226875337e-09
3,5.974252759166632e-10,6.213679744349054e-12,1.780882663560135e-10,1.0,2.95976363418049e-08,3.621675713234157e-13,7.52625073374702e-10
3,6.716469602707775e-10,1.0667243130479953e-11,6.803292373902536e-10,1.0,4.5390251557364536e-08,4.665420393762387e-12,3.5537135456564783e-09
3,2.0591495175636965e-09,5.5647379065826286e-11,5.963027849276159e-10,1.0,1.9397504047447e-08,5.510604125791296e-12,1.3768564954830254e-08
3,2.600780479866671e-09,4.420799490367777e-11,1.1605932215275061e-08,1.0,1.6177448713960985e-08,4.2903715302688994e-11,1.8791947997698344e-09
3,2.4411717092220897e-09,3.831791481334612e-11,1.1648490172433412e-08,1.0,3.504163359480117e-08,3.518129676471915e-10,3.6075911147293027e-09
3,1.3541443877329584e-07,1.9297383135885582e-11,5.267230540617618e-10,0.9999994039535522,4.2291497948099277e-07,2.632398743429576e-10,2.0760584362733425e-09
3,7.75416442166943e-09,8.583227878444788e-12,3.036995654959185e-10,0.9999996423721313,4.0037360804490163e-07,2.2822878309458616e-10,3.5626572802982537e-09
3,5.74868937175399e-11,5.968685289937936e-13,1.2963121895359642e-11,0.9999998807907104,8.030569631500839e-08,3.0499847439302563e-12,1.2528565684899462e-10
3,8.775141030481493e-11,2.2698000163440257e-13,1.5365634112307625e-11,1.0,1.6608534991746637e-08,2.4529300032133383e-12,6.351482534361352e-11
3,9.01019606147635e-11,1.364609515880702e-13,5.227292665561933e-13,1.0,1.1359851725956105e-08,1.832231469409834e-13,9.036350660796e-12
3,1.9186201238863276e-10,2.520205181696933e-13,7.235043185220558e-13,1.0,5.7368584549521984e-08,8.645185262112776e-13,1.8988146124887528e-11
3,6.148491160651304e-10,3.4668346752392276e-12,1.4159307678163896e-13,0.9999963045120239,3.6477001685852883e-06,2.2715770237047295e-12,3.811456983360273e-10
3,5.152503076977233e-11,2.0774302959304658e-13,3.5189968885900036e-13,1.0,3.398956849309798e-08,8.926126032976836e-14,1.5386214437945744e-12
3,3.9065917167846465e-11,9.9021528823795e-13,1.917944752669043e-12,0.9999998807907104,1.1375326636198224e-07,1.3494472195490353e-13,8.604527507172222e-11
3,4.166439138142408e-10,3.8412637870868793e-13,2.3829965778432438e-11,1.0,3.9824556097300956e-08,4.092446867498545e-12,5.6834717487852515e-11
3,4.112984119952756e-10,3.3900454058516383e-13,9.298767311705092e-10,0.9999998807907104,8.062415446374871e-08,2.3182890069445294e-12,2.8804736373899686e-11
3,7.01975422234824e-10,3.153009808538193e-13,1.635225843621413e-10,0.9999990463256836,9.882174936137744e-07,2.640619944926925e-10,3.0664096262178475e-11
3,4.901840218451969e-12,1.8562413636887508e-14,7.931244203063237e-12,1.0,1.3327424497333595e-08,3.92613648840176e-13,1.3399019307275273e-12
3,2.8858630762851334e-11,1.806468521861962e-14,2.7553908807376182e-11,0.9999998807907104,6.564092558392076e-08,5.076341365491122e-13,1.7756266292370815e-12
3,1.1079318885942602e-11,3.502521894478e-14,1.16536766348041e-10,0.9999998807907104,6.73314985988327e-08,6.039202883438566e-13,3.532218354612704e-12
3,5.597191113371203e-12,4.0316396597052384e-14,1.6766714683313921e-09,1.0,2.474588889356255e-08,2.577413759849434e-12,1.094182904004537e-11
3,2.530705089931473e-10,5.098456379304395e-13,1.8197086504301296e-08,1.0,4.0840259174501625e-08,2.917926664181003e-11,2.526368003685775e-11
3,3.8053829531925487e-10,1.304613318417469e-12,8.785652738652061e-08,0.9999997615814209,1.6483046749726782e-07,1.399802718182741e-09,3.046156105135367e-10
3,3.060115938424701e-09,6.549533051319889e-12,2.6084363113909603e-08,0.9999995231628418,3.8848745020914066e-07,7.117570977044352e-10,3.8450134742795683e-10
3,3.96672161784295e-09,3.847951905028291e-12,9.426179836680149e-09,0.9999995231628418,4.148625123434613e-07,7.629051279600674e-10,2.991656644635299e-10
3,3.819535354665504e-09,9.374899944888937e-13,1.9152775199149374e-10,0.9999958276748657,4.1928255996026564e-06,1.3787158081868256e-09,6.066523672298985e-11
3,3.132557824248039e-10,3.480143256906487e-12,2.3900390000441973e-10,0.9999997615814209,2.5057562424990465e-07,2.58980805550868e-11,3.9093731030170886e-10
3,3.855034513833289e-09,2.014185172816152e-11,1.5148124421493492e-10,0.9999983310699463,1.6459611060781754e-06,1.0703445768589503e-10,2.4542384791104155e-10
3,5.574672279351489e-09,5.00466265651589e-11,3.0998501543422208e-09,0.9999935626983643,6.3762804529687855e-06,1.3558440481453715e-10,1.419645401234959e-09
3,8.741806389878093e-09,1.2506674862411415e-10,1.9031650921874643e-08,0.9999905824661255,9.417689398105722e-06,3.700580120113983e-10,7.730731610422481e-09
3,2.2466091209594197e-08,5.947195513833492e-11,5.626489052446004e-09,0.9999969005584717,3.0697551665070932e-06,8.620895664002148e-11,2.4680184562697605e-09
3,9.093811037530486e-09,9.527787586671721e-11,4.128684893967005e-10,0.9999990463256836,8.888628713066282e-07,9.34506725475126e-12,2.3784647584790264e-09
3,1.0735732303146506e-09,1.1372434244316665e-10,1.6107261358033753e-10,0.9999998807907104,5.108942602305433e-08,2.585112300005493e-13,9.383543719820864e-09
3,1.5021904831158395e-09,1.6151925283369728e-11,4.926070662492066e-11,1.0,2.0703746272943135e-08,4.579420948892278e-14,1.1455773135660152e-10
3,5.727152529999557e-09,4.1533016609252016e-11,3.779201604436899e-11,0.9999990463256836,9.370551765641721e-07,1.8344047526645813e-13,1.5912336726042753e-10
3,8.770982162786822e-09,7.633707554965952e-11,9.918311727474816e-10,0.9999998807907104,7.795380696506982e-08,1.341583772242541e-13,1.7245773697993627e-09
3,1.1757144147139797e-09,1.9761539626905744e-11,2.6377078299333334e-10,1.0,1.9307179854877177e-08,1.6876724898227252e-14,2.3414395422527434e-10
3,7.91075294159782e-09,1.160288601309567e-10,2.7336782837394935e-10,0.9999997615814209,1.978205261821131e-07,1.5788282139994614e-13,5.348302911656333e-10
3,1.5342072057222822e-09,4.603870756847428e-11,3.848755342206189e-11,0.9999998807907104,1.1284574696901473e-07,1.956054370940482e-14,8.762282566188162e-10
3,2.6329877167441396e-10,1.2453673075424332e-12,5.999880496945775e-13,1.0,1.5717148471594555e-08,4.704783095635335e-16,3.2236345537395295e-11
3,1.2547797245687775e-09,9.805159288667209e-12,5.738719222048161e-11,0.9999996423721313,3.359149900461489e-07,6.326241071795413e-13,2.2001327426579564e-09
3,9.284523705410663e-10,4.788526346277688e-13,2.6149642347317315e-12,0.9999985694885254,1.419013074155373e-06,1.0695560105980495e-12,1.251252573775119e-10
3,1.652388503803337e-10,7.379212258601386e-13,3.702297149410505e-11,0.9999990463256836,9.351768426313356e-07,2.3944700389133544e-12,8.287712183197016e-11
3,4.4341758043131563e-10,3.2854987719148354e-13,1.3830618508098302e-12,0.9999994039535522,6.393363491952186e-07,2.0625372069982273e-12,7.403366981961756e-12
3,4.824735055919405e-10,2.855629280132735e-14,9.388927217071283e-14,0.9999980926513672,1.8720891148404917e-06,1.2398994591461543e-12,1.6367047691104308e-12
3,1.3506048709976959e-11,3.830945367248699e-14,1.458310333385046e-13,1.0,3.6071799769388235e-08,2.2151889392631793e-15,5.14405575427479e-12
3,3.1082445645091994e-11,9.693631395626609e-15,1.0219512647962389e-14,1.0,2.7066804353381713e-09,2.6989381375278195e-16,3.001903413346607e-12
3,5.0601714658704555e-12,3.569204139734121e-15,1.16753251150673e-14,1.0,1.3214045413434405e-09,6.07051175591518e-17,1.398019747926929e-14
3,1.5688473853359142e-09,1.0247452842879201e-12,5.7699869188132524e-12,0.9999998807907104,9.92914763742192e-08,4.1931691815598124e-14,9.49605411665333e-13
3,2.557558609339594e-10,4.023493344051943e-12,1.5731692207601733e-12,1.0,2.2155813184099316e-08,1.2626155173744037e-14,1.9517158722504035e-11
3,3.6918518242501364e-10,5.205099372351807e-12,2.638968253990126e-12,1.0,2.870292670209551e-09,6.361629515408635e-15,1.2894667104912383e-11
3,2.2655739506660666e-09,2.87988573960396e-11,2.4486440652893293e-11,0.9999997615814209,1.8573561533230531e-07,1.488647394373363e-13,7.336187213269341e-10
3,4.710722922851573e-10,2.175386780434163e-11,1.442843483578926e-10,0.9999998807907104,7.355026099276074e-08,1.2797704519382225e-12,3.149759342235825e-10
3,1.2943886851246589e-08,2.4343593547221376e-12,1.0916041681685584e-10,0.9999992847442627,6.712037929901271e-07,9.628146804135929e-13,1.5716304993529384e-11
3,1.6774672317865225e-08,2.4032375048332888e-11,3.0315819299353564e-10,0.999998927116394,1.0283991969117778e-06,7.355560930309701e-13,9.31581339846943e-11
3,1.198608678976143e-08,3.6978885231686576e-11,8.988621513772443e-10,0.9999940395355225,5.903946203034138e-06,1.1152145179549322e-11,3.093182099345171e-10
3,3.515563307132652e-08,3.401214032638933e-11,4.849966261932792e-11,0.9999940395355225,5.912550477660261e-06,8.84785560789636e-12,4.854876500814953e-09
3,8.265361728376774e-09,6.653087802899194e-11,5.423040488894415e-12,0.9999889135360718,1.1057930350943934e-05,7.683549109460674e-12,5.093051536064763e-10
3,4.122216523683164e-08,6.389102025217142e-10,1.13030895754207e-09,0.9999903440475464,9.636720278649591e-06,3.6715358531225206e-10,4.9368260590654245e-09
3,2.864454131668026e-07,4.0747019092179926e-09,1.3537370113780867e-09,0.9999750852584839,2.4649636543472297e-05,1.1541377853419021e-09,3.561484263059356e-08
3,2.1345538669947928e-08,4.1687006624435696e-10,9.457018501635162e-10,0.9999990463256836,8.974272986961296e-07,3.17242347842861e-12,1.1093029606001892e-08
3,2.906102167798963e-07,2.9729905204334273e-09,6.618049752660227e-08,0.9999980926513672,1.4571561450793524e-06,4.774341477720156e-10,6.799525209544299e-08
3,2.2856069392673817e-07,1.0876335387877134e-09,1.088144019334436e-09,0.9999711513519287,2.8561780709424056e-05,4.8742471170371e-10,9.778360521295326e-08
3,8.664348456477455e-07,4.164431854913886e-10,3.062830344902068e-08,0.999977707862854,2.10911275644321e-05,1.1148662437676649e-08,2.6814140596798097e-07
3,1.3424464384570456e-07,1.430639717803217e-09,2.462871862007887e-07,0.9999948740005493,3.578674068194232e-06,2.7239865474371072e-08,1.1721029977707076e-06
3,4.1500990732856735e-07,4.37707231570883e-10,5.979446626724894e-08,0.9999961853027344,2.2225335669645574e-06,1.4303203954568744e-08,1.1477426369310706e-06
3,3.1119358823161747e-07,8.82245054789621e-10,9.379913024076814e-08,0.9999899864196777,2.8353465495456476e-06,1.742033362006623e-08,6.807450517953839e-06
3,1.0516157544770977e-07,5.125952440288017e-10,7.346783803541257e-08,0.9999945163726807,3.739261842383712e-07,1.8177238603200863e-09,4.9098612180387136e-06
3,1.866442644882227e-08,1.0058021082670621e-10,7.644656463412502e-09,0.9999996423721313,2.6573596301204816e-07,1.412409494916389e-10,1.2588243336608684e-08
3,7.704333171432154e-08,3.1089780749837814e-10,5.992306739699416e-08,0.999998927116394,8.372019806301978e-07,3.6702513250830293e-10,4.667516151357631e-08
3,2.617208565425244e-07,1.0961115348706585e-09,1.9537740314490293e-08,0.9999957084655762,4.016805633000331e-06,3.1832964042521894e-10,2.0903760500345925e-08
3,4.231357664252755e-08,5.346024734009802e-10,1.2612143551749e-09,0.9999953508377075,4.563867150864098e-06,2.5644000811730905e-10,3.730885111963289e-08
3,2.9194484607586446e-09,4.549989551794198e-11,4.0602962769753503e-08,0.9999996423721313,2.986137133120792e-07,1.2074442556908593e-09,2.0390833466166214e-09
3,2.7666896329492374e-08,1.2111336933351424e-10,1.6279358305837377e-07,0.9999992847442627,4.7569199068675516e-07,1.1220775419928941e-08,5.853070028649654e-09
3,7.314756356180396e-09,1.0219529389399185e-10,5.529920521496479e-09,0.9999996423721313,3.776465860028111e-07,5.148672599375459e-10,2.9024920245035446e-09
3,2.7020155557444525e-10,3.483676454946183e-12,7.637303983676347e-11,0.9999997615814209,2.802615028940636e-07,1.9912460569315726e-11,2.2156755596913769e-10
3,5.357134180705714e-10,5.283346243140086e-12,2.62540489348595e-10,0.9999997615814209,2.5357383037771797e-07,5.000552749656606e-11,2.0308697779025664e-10
3,1.8276409274875505e-09,1.2344509095485456e-11,2.280425431822053e-10,0.9999995231628418,4.5714543261965446e-07,9.049545834916017e-11,9.859003197165706e-11
3,1.7560347620459993e-10,4.852003781391501e-12,1.1543340588948681e-10,0.9999988079071045,1.1450016472736024e-06,1.8309360971802136e-10,4.347303420026982e-11
3,1.1530325999542512e-10,2.623855776748285e-12,1.9359151781639383e-10,0.9999998807907104,8.52950634566696e-08,8.295974324168398e-11,5.066296687727956e-11
3,9.538434486699998e-10,5.981224543427643e-11,8.088419378715628e-10,0.9999995231628418,4.294152233796922e-07,2.7160369439616083e-11,6.579572997544858e-11
3,8.936655304658814e-10,6.2497893145441186e-12,8.07774291899932e-09,1.0,5.0268305074041564e-08,1.0270945899337747e-10,4.7387205270865707e-11
3,1.4084122756941042e-09,2.7563829690935293e-11,2.55223344680644e-08,0.9999994039535522,6.026067467246321e-07,5.976574235511123e-10,1.9076647206350827e-10
3,6.138739516714509e-10,4.5140741838922693e-11,1.3711816126971144e-09,0.9999997615814209,2.4886878691177117e-07,9.966739239475331e-11,8.236977211417695e-10
3,7.676972946235594e-11,3.695471012532536e-11,2.2607440364197373e-09,1.0,4.4743682536818596e-08,4.1251443233525364e-11,7.661442036344113e-10
3,5.429478533436338e-10,7.589527617479774e-11,9.5862606741548e-09,0.9999995231628418,4.1786319115999504e-07,1.4117655655621064e-10,6.571750366113349e-10
3,1.9648515703352132e-08,1.2242919178451217e-10,4.146281096240045e-09,0.9999923706054688,7.6250989877735265e-06,5.125658231186492e-10,3.7063579982898887e-10
3,1.1536430122305319e-07,4.3501774404930416e-10,1.0271791417437726e-08,0.9999363422393799,6.349135946948081e-05,7.118116318594048e-09,2.4660433695089523e-09
4,3.104533448095026e-07,4.469314873745134e-08,9.925314042869005e-12,0.012276924215257168,0.9877212643623352,8.325570455269826e-09,1.4696202015329618e-06
4,2.847737050615251e-07,2.0869995509542605e-08,8.810194934705251e-11,0.013032124377787113,0.9869672656059265,3.988614594163664e-08,3.3875105032166175e-07
4,1.8472019291948527e-06,4.763775905303191e-06,4.858233282334368e-08,0.2487569898366928,0.751181423664093,6.715556537528755e-07,5.419541776063852e-05
4,1.8999726307811216e-06,2.8551289688039105e-07,5.694364979547117e-09,0.0031584117095917463,0.9968299269676208,1.6605163466465456e-07,9.318261618318502e-06
4,6.138623831475343e-08,2.1497815083648675e-08,2.449851953245652e-11,4.339573024481069e-06,0.9999951124191284,1.9695687303311615e-09,3.1601956607119064e-07
4,9.255298039079207e-08,2.3872788190715255e-09,7.39106150414448e-13,1.978178261197172e-07,0.9999995231628418,3.501986756138109e-10,9.921003396584638e-08
4,2.099002216482404e-08,1.9843098275629245e-09,3.277050397536285e-13,2.2442424807422867e-08,0.9999996423721313,1.1931261534314785e-10,3.309677367724362e-07
4,2.661649789459375e-10,1.4454772448435627e-11,2.2555174484313774e-16,5.364357846815437e-10,0.9999949932098389,2.8426390473283714e-13,4.983640792488586e-06
4,1.8238281995763828e-09,1.2429019619064618e-11,3.628915462653017e-16,4.8630499627222434e-09,0.9999710321426392,9.166817695541174e-13,2.895909346989356e-05
4,7.332402685022998e-09,5.932467295188815e-10,6.568632763366208e-14,1.512632081812626e-07,0.9999371767044067,3.93296124834297e-11,6.26862165518105e-05
4,1.9287991204208765e-09,1.5957361820806426e-10,4.402270784237619e-15,3.36693943836508e-08,0.9999960660934448,1.5474328632705814e-12,3.881378233927535e-06
4,1.549050998583823e-09,8.476543772450995e-11,3.2948546150414265e-15,1.4424465177853563e-08,0.9999983310699463,6.440322992788683e-13,1.6735369854359305e-06
4,4.896212768557007e-09,5.137990588544028e-10,4.649502760882204e-15,5.710112205292717e-08,0.9999979734420776,6.724636581086074e-13,1.9992012312286533e-06
4,1.4946133219950752e-08,6.332028790190236e-10,3.055986665234504e-15,7.696739601215086e-08,0.999998927116394,3.252587814969038e-13,1.0125248763870331e-06
4,1.8139518331850013e-08,6.906867855427379e-10,2.8226102417828677e-15,3.573854101546203e-08,0.9999995231628418,5.836036948841938e-13,4.42331185013245e-07
4,8.617249136477767e-08,9.717494586780617e-10,7.698244541560605e-15,5.061482966084441e-08,0.9999995231628418,1.9413296924869483e-12,2.9813250534971303e-07
4,1.5047512125221374e-09,1.1594634974354534e-10,1.1314329943222002e-16,8.437202603239768e-10,0.9999998807907104,5.0806591328804093e-14,1.5507045247886708e-07
4,1.5130948716191028e-09,4.4805614080045686e-11,2.92754538167461e-17,3.866755526882315e-10,1.0,1.8400659143082143e-13,2.4783675556250273e-08
4,2.479070948524509e-09,1.0996120680673016e-11,1.1550911373909926e-17,1.4426710936987774e-09,1.0,7.262030061495894e-13,1.0220166934971076e-08
4,2.522090536416499e-09,3.07240725916369e-11,1.564887579788032e-17,9.201716721918274e-09,1.0,2.0929850734485722e-13,1.4669537584666159e-08
4,4.2573430891756914e-10,8.629896385177471e-13,5.262631107529877e-19,1.0675481831867728e-08,1.0,8.635984044850706e-14,6.694573229104606e-10
4,8.085291880455259e-10,4.0246809791116833e-13,2.9025463705610628e-18,3.5152623922840576e-08,1.0,1.9041049119372655e-12,5.075401210419273e-10
4,2.4624599248568302e-08,1.152380708219214e-12,2.581864783891352e-17,1.6181883211174863e-07,0.9999998807907104,1.4535296577466994e-11,2.7478899156108127e-08
4,4.2176608872068755e-09,6.426982427157335e-13,2.3798221969625184e-18,3.128078063241446e-08,1.0,1.7315023113223527e-13,2.5080026944124256e-08
4,1.1955625822679394e-08,6.918298806014508e-14,2.1118739947285224e-18,2.6773726347073534e-08,0.9999996423721313,6.856010984629402e-13,3.217110702280479e-07
4,6.483750342178851e-11,4.3504188153385e-15,1.330209984120551e-20,3.932302539144672e-10,1.0,8.748550996595834e-15,2.3959984218890895e-08
4,6.774752980831522e-10,1.6011868260180353e-15,5.023454935337466e-20,8.150649044580405e-10,1.0,8.516248145053196e-14,5.843592720822244e-09
4,1.3568730139468244e-08,4.285924642532385e-13,1.651595794882168e-17,2.085461137113498e-09,0.9999996423721313,4.913077865549564e-13,3.294520638519316e-07
4,1.1924723430922768e-08,7.876008005502921e-12,2.798561123525746e-16,4.94459806432701e-10,0.9999997615814209,2.3003001413390844e-12,2.59078177577976e-07
4,1.0429993757554712e-08,1.7342416391841198e-10,4.870209689025284e-16,5.188996454741357e-10,1.0,1.1941385380520586e-12,3.646207602514551e-08
4,1.0364198388401746e-09,1.6472328709382644e-11,2.062630443938138e-16,4.000863806918886e-10,0.9999988079071045,6.463513751997496e-12,1.1341567187628243e-06
4,8.217907243590616e-09,1.0111325839112784e-11,9.249430377427509e-16,3.3525540121814856e-09,0.9999988079071045,2.5677812653945864e-10,1.2410587260092143e-06
4,1.2902757084987115e-08,5.067972153049993e-10,4.6443976933091026e-15,2.3925812442371353e-09,0.9999942779541016,5.423858584485686e-11,5.716983650927432e-06
4,1.0001195427378207e-08,7.29217530803794e-09,1.7698626377936517e-14,3.0717608012764686e-08,0.9999977350234985,3.323958469581001e-11,2.259382426927914e-06
4,6.277345310223836e-10,5.399782398995967e-09,1.1711935149597051e-16,2.7758768617047735e-09,1.0,7.648902670097379e-13,9.960896996119573e-09
4,1.3765529827125533e-09,3.847722584993107e-09,6.575993754963556e-16,9.536340606075555e-10,0.9999918937683105,4.1903095576723e-12,8.060659638431389e-06
4,4.11256140253613e-09,1.0195868327400603e-07,1.6735409097680897e-15,2.946187072083717e-09,0.9999995231628418,6.0897285478200835e-12,3.0135265660646837e-07
4,1.4052935481956297e-09,3.114542579396584e-08,1.0785866087430044e-16,2.788087538618811e-10,0.999998927116394,6.52184209415374e-12,1.0410506092739524e-06
4,4.959039845431334e-10,5.605599184832499e-08,4.806953334698782e-17,2.1638226765929858e-09,0.9999998807907104,1.0528308910448536e-12,7.455747663698276e-08
4,8.453949207343214e-10,4.357258092113625e-07,4.623047063203255e-16,1.2366478951975068e-09,0.9999990463256836,3.949259322344467e-12,4.685657586378511e-07
4,1.3893822981003723e-08,7.226908564916812e-07,2.770163655754776e-14,2.525378794970834e-09,0.9999964237213135,8.70612401615567e-11,2.9161490147089353e-06
4,1.9036207277167705e-08,1.0525955076445825e-06,5.134841120010836e-14,1.46708964976483e-08,0.9999972581863403,9.811819412508527e-11,1.6797488342490396e-06
4,1.3018325972780076e-08,2.925013120602671e-07,6.737744585351424e-14,1.2057725484737603e-08,0.9999926090240479,8.718287203279829e-11,7.035929684207076e-06
4,6.959018250540794e-09,1.0241467407468008e-07,1.4150834638185922e-13,1.0013629925254008e-08,0.9999699592590332,4.678577664174455e-11,2.9880375223001465e-05
4,3.968812833932134e-08,8.668300779390847e-07,7.547603167457062e-12,6.230720828170888e-08,0.9992885589599609,9.746398133003709e-10,0.0007104502874426544
6,1.4539714356942568e-06,4.173157503828406e-05,4.567612510442132e-09,5.476430487760808e-06,0.00403045816347003,2.388483189008639e-08,0.9959207773208618
6,1.407702177047554e-09,3.5998394309899595e-07,5.2767967079203615e-11,2.0748653906110803e-09,6.7470127760316245e-06,2.047143787820005e-09,0.999992847442627
6,3.2538396976811157e-10,6.348501724318112e-09,1.2113196730390019e-11,2.259050724262579e-10,3.1102147204364883e-06,1.7363245563561946e-10,0.9999969005584717
6,1.1253213472173229e-07,4.385358067793277e-07,1.5516819473759824e-07,6.1522456462626e-07,2.173766915802844e-05,2.151078035694809e-07,0.9999767541885376
6,3.4754052080643305e-07,8.439305929641705e-07,5.439834893650186e-08,3.3927452136595093e-07,3.5992939956486225e-05,1.3906188200962788e-07,0.999962329864502
6,1.3975868284887838e-07,5.648107759270715e-08,4.123117403054266e-09,5.462380769927222e-08,1.3612635484605562e-05,2.1426721730222198e-08,0.9999861717224121
6,5.346889793145237e-07,3.768294050132681e-07,9.28600911720423e-08,1.7936058327450155e-07,1.6384004993597046e-05,3.5110798535242793e-07,0.9999819993972778
6,1.359378813958756e-07,2.7146677439304767e-07,4.7327020524789987e-08,1.363720940616986e-07,3.4516158393671503e-06,4.537794495718117e-08,0.9999959468841553
6,9.582659110662917e-09,3.462904130113742e-10,6.74288236357512e-10,3.7204457292716597e-09,4.341871147062193e-07,3.808666271254424e-09,0.9999995231628418
6,4.1374988768438925e-08,3.3147768974117753e-09,1.6758819887385812e-09,1.772003059841154e-07,1.526502728665946e-06,4.6624477612056126e-09,0.9999982118606567
6,1.4361583566824265e-07,3.4929811931760923e-08,6.87908119356706e-10,7.369972365722788e-08,2.5813851607381366e-05,1.5399644226476994e-08,0.9999738931655884
6,4.144158083363436e-08,1.1282616618757402e-08,2.8796365292294013e-10,4.0987846006146356e-08,7.188801828306168e-05,1.2608005306447012e-08,0.9999279975891113
6,5.4223264100983215e-08,2.125936982011467e-09,9.309150672542899e-10,1.0853949561351328e-07,3.020344774995465e-05,2.342375537978114e-08,0.9999696016311646
6,3.340273480034739e-08,1.9241110926770943e-09,4.3161745288955444e-09,3.3296240076197137e-07,5.062152922619134e-06,6.603828239803988e-08,0.9999945163726807
6,2.703599761844089e-07,1.2516598424383574e-08,1.7598859258782795e-08,5.765803621216037e-07,2.6557312594377436e-05,4.5939762571833853e-07,0.9999721050262451
6,1.255228028185229e-07,1.275811722933895e-08,2.6253209384208276e-08,9.790597488290587e-08,2.041289917542599e-06,4.598282430379186e-07,0.9999972581863403
6,1.6545159908787355e-08,8.061218359500799e-10,2.7795412638198513e-09,1.3979537527575303e-08,6.118861506365647e-07,1.1588067394541213e-07,0.9999992847442627
6,1.2354314549156697e-07,8.584815525125578e-09,2.176921753971328e-08,5.1882000917657933e-08,3.1752422273712e-06,3.9969273757378687e-07,0.9999961853027344
6,5.238413223196403e-07,1.3075616323021677e-07,6.850176248462958e-08,7.114935840490944e-08,9.965037861547899e-06,4.596248288635252e-07,0.9999886751174927
6,3.5824836430720097e-09,5.070056818823332e-09,1.9485009439268453e-10,3.037584073162236e-10,1.1497340892674401e-06,4.48708581402002e-09,0.9999988079071045
6,6.378605199586218e-09,2.657497555347277e-09,3.4194463927050833e-10,5.132041458466574e-10,7.790956146891403e-07,6.199406765716731e-09,0.9999991655349731
6,5.031691685530859e-08,3.6523307045399633e-08,7.286376391135718e-09,4.687464638664096e-09,4.2987021515727974e-06,7.692736403441813e-08,0.9999955892562866
6,1.9588062727393662e-08,1.102225297699988e-07,4.150684240755709e-09,1.5896569616202783e-09,8.235913924181659e-07,7.638765708861683e-08,0.999998927116394
6,1.1452181070126244e-07,1.1859464166263933e-06,1.3517196251200403e-08,6.319524015196976e-09,8.444598279311322e-06,2.6580130452202866e-07,0.9999899864196777
6,4.532405171175924e-07,9.4248598543345e-06,1.7219336712059885e-07,8.366710346763284e-08,2.156874143111054e-05,1.6168336287591956e-06,0.9999667406082153
6,2.225630453267513e-07,1.528559732832946e-05,7.504218046960887e-08,7.854504247006844e-08,2.083918843709398e-05,8.790987067186506e-07,0.999962568283081
6,1.4090264244259743e-07,2.8257351004867814e-05,4.976877789886203e-07,1.0529038263484836e-06,2.8010457754135132e-05,3.742292847164208e-06,0.9999383687973022
6,2.3688626171747273e-08,1.0344824659114238e-05,5.24433652060452e-08,1.6377966005620692e-07,1.170978521258803e-05,1.954389290403924e-06,0.9999758005142212
6,2.8457849410301606e-08,8.907453775464091e-06,6.357854687166764e-08,7.849214398447657e-07,8.32464502309449e-06,1.0339761047362117e-06,0.9999808073043823
6,8.578157739691505e-09,1.3924880022386787e-06,6.7626233501982824e-09,7.930113099519076e-08,1.5963811392794014e-06,4.215527269479935e-07,0.999996542930603
6,1.4376739798649396e-09,1.3626191730509163e-06,3.0724449651131636e-09,9.210199891640514e-08,3.251539624216093e-07,3.495749751891708e-07,0.9999978542327881
6,2.8752575875756747e-09,4.465347274162923e-07,3.971137640945699e-09,4.536652227216109e-07,1.7192823520417733e-07,5.982404900350957e-07,0.9999983310699463
6,2.1455697662986495e-08,1.0817822158060153e-06,1.382517833548036e-08,4.042906880385999e-07,5.165998686607054e-07,1.1064056479881401e-06,0.9999967813491821
6,2.4305419898951186e-08,1.5449923012056388e-06,2.3006599292330066e-08,7.889528887972119e-07,4.276338643194322e-07,1.375852093588037e-06,0.9999958276748657
6,4.603902592492659e-09,5.216592739998305e-07,3.417840899189173e-09,4.2130665178774507e-07,4.295125677344913e-07,3.774311210236192e-07,0.9999982118606567
6,2.4439006374166183e-09,6.16681532505936e-08,6.345247105521423e-10,2.2571842350771476e-07,4.8869484459146406e-08,1.4271374482177634e-07,0.9999995231628418
6,1.2450196429369953e-09,2.659152897876993e-08,4.360670713410286e-10,3.5273652088108065e-07,4.785484719604938e-08,1.1512626940657356e-07,0.9999995231628418
6,3.90534653227359e-11,1.0886489931749566e-08,1.9074132898144747e-11,7.343600572085052e-08,1.3640018892147054e-07,6.32783923038005e-08,0.9999997615814209
6,8.720038580101175e-12,6.23965901169754e-09,2.6877634232841396e-12,1.1396672938701613e-08,5.436553465187899e-07,8.106260551699052e-09,0.9999994039535522
6,7.370989235644387e-12,4.7714552309230385e-09,1.0497125087563508e-12,1.5663511376828865e-08,5.330863359631621e-07,3.86981025002342e-09,0.9999995231628418
6,1.3728628477094329e-11,3.345160592971297e-09,1.7698377485775296e-12,2.839966306567021e-08,2.8575126975738385e-07,1.351913248015535e-08,0.9999997615814209
6,4.986340784718379e-10,3.332124265398306e-08,9.266794970264058e-11,5.271618306323944e-07,4.997864948563802e-07,4.866166491979129e-08,0.999998927116394
6,7.755174835644141e-10,3.183133401307714e-08,3.517278482356723e-11,9.098443456423411e-07,1.2719584674414364e-07,1.1827220980364928e-08,0.999998927116394
6,7.399799106799776e-10,1.616481348776233e-08,1.5135418959810742e-11,1.1119569762740866e-06,4.5642220669606104e-08,6.37086960963984e-09,0.9999988079071045
6,8.664891026910482e-10,4.73189913918759e-08,1.4642146869969785e-11,1.839759875110758e-06,9.643191134500739e-08,1.1497243157521098e-08,0.9999979734420776
6,1.5599712632763385e-09,5.413791370756371e-08,6.205015667948288e-11,1.3471149031829555e-06,7.334296014960273e-08,7.522271516791079e-08,0.9999984502792358
6,9.407883361234326e-10,5.655121526615403e-08,4.692779845272277e-11,9.961637488231645e-07,8.146466257130669e-08,3.158343631071148e-08,0.9999988079071045
6,9.772939124630398e-10,2.2856124815007206e-07,2.4093346762121826e-10,5.88198099649162e-06,1.6419640758158494e-07,4.2059077998146677e-08,0.9999936819076538
6,1.8351765662671937e-09,3.4777775681504863e-07,9.561530733837031e-11,1.2909046063214191e-06,2.901259108512022e-07,3.924663971588416e-08,0.9999980926513672
6,7.15408787765881e-10,5.690213455977755e-08,6.601685170748439e-11,3.492762914447667e-07,4.95921277376965e-08,2.477633742614671e-08,0.9999995231628418
6,1.8128812229178948e-08,8.065460974648886e-07,1.5018329913019102e-09,6.094795480748871e-06,2.633246651839727e-07,9.089978192378112e-08,0.9999927282333374
6,9.310147319752105e-09,7.84427584221703e-07,8.037901455537622e-10,1.0402387715657824e-06,1.0097904379335887e-07,4.475656112390425e-08,0.9999979734420776
6,3.2214733103330673e-09,1.9689767327690788e-07,1.8970554294117647e-10,2.132785965613948e-07,2.313765001815682e-08,5.9299103405408005e-09,0.9999996423721313
6,1.1873102501169797e-10,7.961011050383604e-08,1.1899191701414402e-11,1.3627141193239822e-08,1.229912172107106e-09,1.869128407605558e-09,0.9999998807907104
6,1.5010495624245834e-10,1.6860467155765946e-07,9.337946214882376e-12,2.8258313022888615e-08,8.452137656433933e-09,4.4949710620301175e-09,0.9999997615814209
6,6.106643402753464e-12,1.9693990438440778e-08,4.981183922368043e-14,1.4255969738030672e-09,1.4240886248018114e-09,1.301955071530969e-10,1.0
6,2.186831410400103e-10,4.4014848299411824e-07,1.1307364766732775e-11,2.436915025327835e-08,5.749891940354246e-08,5.228796506884237e-09,0.9999995231628418
6,2.2091929674505906e-10,2.4628144501548377e-07,2.177289598614962e-12,5.28693320234197e-08,3.0392649819077633e-07,1.479884881305793e-09,0.9999992847442627
6,1.0800527583398889e-08,2.592832743175677e-06,5.354137133650738e-10,9.880413927021436e-07,1.1610260344241397e-06,2.060311743434795e-08,0.999995231628418
6,1.1224809526311219e-07,6.755660706403432e-06,6.110509787049523e-08,1.0231970009044744e-05,3.0515327580360463e-06,1.0079905905513442e-06,0.9999786615371704
6,2.784585673154538e-09,1.4981748108766624e-06,1.5472856329523665e-09,7.92615651334927e-07,9.406522849531029e-07,9.955076052392542e-08,0.9999966621398926
6,5.228704580417798e-08,3.5884995668311603e-06,3.970964446153857e-09,5.690783837053459e-06,5.273338956612861e-06,1.2106553981539037e-07,0.9999852180480957
6,1.957180984391016e-06,2.4601762561360374e-05,3.283852834101708e-08,0.00018335881759412587,2.610470801300835e-05,1.0771616416604957e-06,0.9997629523277283
6,2.7132213631375635e-07,3.7847680687264074e-06,9.648751131408062e-09,9.260517799702939e-06,4.811997314391192e-06,1.49264522519843e-07,0.9999816417694092
6,5.404332910075027e-07,7.39898496249225e-06,1.9924316418951094e-08,5.8239998907083645e-05,7.805984751030337e-06,1.6647017275772669e-07,0.9999258518218994
6,2.0370444886452788e-08,1.1904262464668136e-06,1.8674679580499287e-09,5.339767540135654e-06,1.0764824764919467e-06,6.533217344895093e-08,0.9999923706054688
6,6.074913461162623e-09,3.956299394758389e-07,3.518934310609012e-10,2.9347397685342003e-06,7.65692277582275e-07,1.9790872940461668e-08,0.9999959468841553
6,8.270996332271352e-09,4.840421752305701e-07,4.952380727729633e-10,2.717480583669385e-06,3.450488065936952e-06,7.413822089574751e-08,0.9999933242797852
6,4.5501696854799434e-10,6.919790962456318e-08,2.8954748321208257e-11,3.307474116809317e-07,1.0553419542702613e-06,5.163519833928376e-09,0.9999985694885254
6,4.708698986277682e-10,1.1126476096023907e-07,5.049642301524493e-11,4.3637712110466964e-07,3.903980541508645e-06,1.4369311962525444e-08,0.9999954700469971
6,5.263060473548187e-11,1.150443207365015e-08,3.550196811877293e-12,1.0516449577835374e-07,5.121700041854638e-07,3.1262614719196335e-09,0.9999994039535522
6,4.60358105802694e-11,2.3988835806676434e-08,1.7508654248654665e-11,5.040175210524467e-08,4.4085712858077386e-08,1.2124599990670504e-08,0.9999998807907104
6,3.487195254781028e-11,3.5674943887897825e-08,1.4237526956006885e-11,3.2706335417742594e-08,9.296576308770454e-08,2.4178731905522e-08,0.9999997615814209
6,2.2803553489936235e-10,3.579120289032289e-08,7.157659187573273e-11,1.913461744607048e-07,1.218304248595814e-07,2.3994374487301684e-07,0.9999994039535522
6,1.742114785763249e-10,9.076937423913023e-09,1.096491040325498e-11,2.1247871018204023e-07,9.205755446828334e-08,5.11556272897451e-08,0.9999996423721313
6,1.0499703190225418e-10,2.834137369234213e-09,2.7345621426977385e-12,6.021505782882741e-08,4.7783174750293256e-08,3.404575110721453e-08,0.9999998807907104
6,9.744907658593149e-11,1.4400564074534827e-09,1.4620714361424092e-11,7.92846179820117e-08,7.65422925042003e-09,8.570422949105705e-08,0.9999998807907104
6,4.351646820666133e-11,1.661012299924991e-11,4.573112721839578e-13,1.4806008863388342e-08,3.74612429965282e-09,6.25861673597683e-08,0.9999998807907104
6,3.849445068260238e-11,2.1867310046053134e-11,8.569533971325427e-13,2.485563044274386e-08,2.012427779973791e-09,5.1033431702762755e-08,0.9999998807907104
6,4.0736461426327253e-10,1.3323098180251236e-10,1.2049710187977958e-11,2.802408403113077e-07,1.2298356466544647e-07,2.764905048024957e-06,0.9999967813491821
6,6.94199309148047e-10,9.029507697100314e-10,4.917005344551306e-11,8.625698342257238e-07,5.256000008557749e-07,5.679507012246177e-06,0.9999929666519165
6,6.30705383752872e-12,1.2962830808760373e-10,5.298926445199137e-13,7.752661446147613e-08,1.8958894898446488e-08,1.4243934032265315e-08,0.9999998807907104
6,1.7761144117944827e-12,5.351412368792552e-11,2.0374313672820443e-13,1.217185285895539e-07,1.7866883084138863e-08,5.330849539575411e-09,0.9999998807907104
6,3.2065357313815213e-12,1.9595049194354175e-10,5.7690844289248755e-12,4.219907978608717e-08,4.443250389840614e-08,6.913850114642628e-08,0.9999998807907104
6,3.925964371306878e-13,9.39699880408984e-12,3.054932337914068e-13,2.411976618432732e-09,3.1826132840251375e-09,3.0781648341360324e-09,1.0
6,1.4746743756677283e-11,9.284884666671545e-11,3.4042824982594144e-12,1.1562866220060641e-08,6.94241961696207e-08,6.816414099830581e-09,0.9999998807907104
6,1.187650117140393e-10,2.0398891464878943e-09,2.411964898640928e-11,4.356027538676699e-09,1.2050024622567435e-07,9.91585746845658e-09,0.9999998807907104
6,5.509683265181309e-10,3.166719508840288e-08,1.4113278323790723e-09,1.0137864769887983e-08,7.895773279642526e-08,4.2849062964478435e-08,0.9999997615814209
6,3.552275140705774e-10,5.1255626409840715e-09,2.949256672213352e-10,2.447885893985813e-09,7.384597822124306e-09,2.377865016001124e-08,1.0
6,7.025400261539971e-10,1.4594853325888835e-08,2.932647180653447e-10,1.684882455776915e-08,2.517343311581044e-08,1.5605131409301976e-08,1.0
6,2.0668893263575683e-09,2.7194632323812584e-08,1.2072465249701736e-09,4.613661630514798e-08,4.490517824251583e-08,3.768909451196123e-08,0.9999998807907104
6,2.0820213109118413e-08,3.849212077966513e-07,8.304755994004154e-09,9.498405120211828e-07,1.8821224045950657e-07,7.189995443468433e-08,0.9999983310699463
6,4.24101642693131e-09,2.2816929856617207e-07,1.5114206775024286e-08,2.76853847935854e-06,9.571677850317428e-08,4.534830821967262e-08,0.9999967813491821
6,4.276287768334441e-09,1.648028700174109e-07,1.662620796594183e-08,3.68866835742665e-06,3.073762684380199e-07,3.0763581548853836e-07,0.9999954700469971
6,5.420110582576854e-09,3.8868373053446703e-07,3.285828853449857e-08,3.357775995027623e-06,1.0676990314095747e-06,7.833467634554836e-07,0.9999943971633911
6,6.939125940519375e-10,4.613703552536208e-08,1.4994501196241572e-09,2.3071656869433355e-06,1.4830358452400105e-07,5.362801047681387e-08,0.9999974966049194
6,2.4449056668096603e-10,2.6071971248597947e-08,3.53634510563694e-10,3.3597345350244723e-07,4.57333669601212e-07,5.1710358661694045e-08,0.9999991655349731
6,7.027365495071436e-11,1.0504199288163818e-08,1.7109760830358312e-10,1.193614167505075e-07,1.1009088751734453e-07,4.199150360761905e-09,0.9999997615814209
6,2.0623154226018237e-11,2.782412744650742e-09,7.513161967565019e-12,1.9735388434583e-08,1.6744647268751578e-07,1.0298334407465859e-09,0.9999998807907104
6,1.84652224066717e-11,6.710811462085076e-09,9.128390404677944e-11,8.16817831150729e-08,1.370751618878785e-07,5.578919104465285e-09,0.9999997615814209
6,3.5657785318193858e-12,2.812483357317319e-09,1.8003546570222184e-11,3.9695291320640536e-07,6.64213786194523e-08,1.3210007532293844e-09,0.9999995231628418
6,9.784608019647312e-13,9.369913733792146e-10,1.1979763535341359e-11,1.61224977546226e-06,6.764186366581271e-08,1.1034071573101656e-10,0.9999982118606567
6,4.623987824581288e-12,7.691722814229252e-10,4.504656196668844e-12,1.3313403997017303e-06,4.1488735291750345e-07,8.62771798448847e-11,0.9999983310699463
6,1.0207772127568404e-12,6.103479943675438e-10,2.9231343040558855e-11,3.773679395635554e-07,3.6153544158423756e-08,2.412618715919024e-10,0.9999996423721313
6,8.942654695096378e-14,1.3189412062519779e-10,1.190782611404373e-10,1.453065578971291e-07,5.042326112203455e-09,6.890488180033572e-10,0.9999998807907104
6,2.008424351308824e-13,1.497832413654976e-10,4.4967363166392715e-10,5.081159670794477e-08,3.386433578000947e-09,9.93512494495974e-10,1.0
6,8.056934026196005e-14,1.1660970800075887e-10,4.2841752367905883e-10,3.163259432170662e-09,1.6839757366327035e-09,1.0479122014572795e-09,1.0
6,1.007902311958575e-12,1.7795693807443058e-09,1.1095071528188782e-08,4.254073981968531e-09,2.268226140245133e-08,1.578688291203889e-08,1.0
6,1.0538738935347847e-12,1.5233923011948036e-09,1.611997291206535e-08,1.377817193670694e-09,1.69629412738459e-08,8.788650696089917e-09,1.0
6,7.030714985895026e-12,3.02692843012764e-10,2.8256150752525855e-09,4.784861395989992e-10,1.2168364094122808e-08,1.5718638612938207e-09,1.0
6,5.952340616927065e-12,3.794186353989204e-10,1.181841735586886e-08,3.484737498560264e-10,7.033958304702992e-09,5.4921129866158935e-09,1.0
6,2.9269428135532405e-13,2.717905067672888e-10,1.210669253737251e-08,2.605377025233224e-10,3.8990921602533035e-09,4.612085380273356e-09,1.0
6,4.87588702052788e-13,8.3698020736378e-11,1.406834426731507e-09,4.151959331899491e-11,4.505031014900851e-09,7.81244935410541e-09,1.0
6,5.616884520974648e-14,3.1362476504703807e-10,4.24987289804335e-09,2.6042143441706855e-10,6.156132936752101e-09,1.8931650913600606e-08,1.0
6,1.2265917990507413e-14,1.4993674357643982e-10,1.800769533488733e-09,1.5610117365394416e-10,5.273808612038522e-10,2.2593571458173756e-08,1.0
6,1.6915329271831314e-14,3.299408801726855e-10,1.849220665484097e-09,2.8983532240900445e-10,1.6095629273849e-09,9.650091925550441e-08,0.9999998807907104
6,8.755297783427304e-14,2.443219793146767e-10,9.680707790948873e-09,1.0933083771647034e-08,1.443859920513546e-09,6.03969070311905e-08,0.9999998807907104
6,1.234661786871094e-13,3.7614789061279907e-10,1.7100184379614802e-08,1.3345277771747988e-08,1.2344735234037785e-09,2.9691446457036363e-07,0.9999996423721313
6,1.898318402969966e-14,1.2803971216612808e-09,4.753635707288595e-08,5.850976236843053e-08,3.921478419766089e-10,2.449286284900154e-07,0.9999996423721313
6,4.711192620416988e-17,5.823325155418502e-11,6.864178821695821e-13,8.62501806087046e-11,5.763465225905318e-12,1.786107650669777e-10,1.0
6,3.0780673318617658e-15,8.937042772494408e-11,3.491535185973227e-11,1.6751532383452172e-09,3.6779058965041855e-11,1.3052801062229946e-09,1.0
6,3.839278341858515e-13,1.7346615810431842e-10,3.5312739399273596e-09,1.553154760358666e-08,1.3064849202493178e-10,4.6490931993048434e-08,0.9999998807907104
6,4.154307106651878e-12,3.542835580461201e-09,5.979932637956153e-08,7.884197827934258e-08,1.1042932124283311e-09,4.1607566458878864e-07,0.9999994039535522
6,2.822292096207879e-12,2.151053779542167e-09,2.807072618793427e-08,3.040569396262072e-08,1.345566102983753e-09,1.9085544522567943e-07,0.9999997615814209
6,6.592644724405516e-13,2.008148314303071e-09,6.449014477993842e-08,4.932215702524445e-08,8.642425108895679e-10,1.5891095017650514e-07,0.9999996423721313
6,1.5342517837788061e-12,1.8357960707149346e-09,1.3452718938822272e-08,4.352965277121257e-08,6.648990802382571e-10,7.197251505886015e-08,0.9999998807907104
6,4.2827639221490466e-13,8.353139291372713e-10,1.2585096298423082e-09,1.2401124571681521e-08,8.130059958588731e-10,2.1776735081857623e-08,1.0
6,7.514104898194429e-13,4.126523567293816e-10,2.04946656867655e-10,2.6115078988198093e-09,7.413539226952537e-10,1.3991391156764621e-08,1.0
6,4.0769254291972423e-13,3.360680900232893e-10,1.6071420583241292e-10,1.0508124370645078e-09,4.000334508091896e-10,5.727879059946872e-09,1.0
6,2.1264110264263003e-13,3.112909374713979e-10,2.023787137872546e-09,7.288211145706214e-10,1.967520590895333e-09,2.0696047542401175e-08,1.0
6,4.0956777899725516e-13,1.641132924001809e-10,3.0613767076914655e-10,1.014832884393968e-09,2.146459898710873e-09,3.911740265039043e-09,1.0
6,3.513828725532661e-15,3.471494272599962e-11,6.224049747816096e-11,2.9673352663905916e-10,1.027034346456901e-09,1.6442887051937305e-09,1.0
6,8.11235047914376e-15,3.3034248947405587e-11,3.931927279967641e-14,4.5479266186365663e-11,4.779746376470939e-09,1.069301158035385e-11,1.0
6,2.6116543569285793e-15,7.648327110532094e-11,6.122428681653441e-14,5.9192698485810435e-12,2.14186020031093e-08,4.911641579563586e-11,1.0
6,7.31521031358158e-15,1.1435906388523875e-10,3.435237120805179e-13,1.5660686289442616e-11,1.3634037543397426e-07,8.023575553961493e-11,0.9999998807907104
6,7.99984248089176e-15,1.3265125109462872e-10,2.518941001963815e-13,1.0296576091750609e-11,1.4249783930608828e-07,5.688079868226836e-11,0.9999998807907104
6,1.1657523023614856e-14,1.3971901760556626e-11,1.263453910585596e-14,1.20330915370781e-12,2.5509015344482577e-08,2.915155096483435e-12,1.0
6,5.544184276034874e-15,6.276752121531226e-12,7.871792275090592e-15,2.694940082724473e-13,1.778209579583745e-08,5.8151647559789854e-12,1.0
6,1.5440063507246582e-13,5.094679886297193e-11,1.9083652301639387e-13,7.500090826173533e-12,3.875449650081464e-08,1.8475056554057012e-11,1.0
6,3.0807311996589037e-13,3.323065780880263e-11,8.023113423627493e-12,6.992657147764092e-11,2.631424145249639e-08,7.833645537802525e-11,1.0
6,7.313499307028126e-14,8.424958647390568e-12,5.180394958489987e-13,1.1935720641009784e-11,1.1688952028521271e-08,5.148199921922725e-11,1.0
6,1.9741815875193996e-13,9.890701972714577e-12,2.276165367298688e-12,5.785010318004602e-11,4.5629628964150015e-09,1.1296898833057512e-10,1.0
6,4.238923021458469e-15,2.330685557744294e-12,4.886348758340736e-14,3.755798623494844e-12,8.153431818591628e-10,1.1449607754954183e-11,1.0
6,1.4061870937142392e-14,3.104905655498813e-13,7.574822523783234e-15,2.5061281175298156e-12,1.0267910133254787e-10,2.772861584440789e-12,1.0
6,2.0165516392139926e-12,3.819530629278756e-12,1.6675856659084665e-12,3.932535408424087e-10,3.187102359802907e-09,8.302116633052137e-11,1.0
6,4.800183688036253e-13,1.2486543916889747e-12,3.7914987989495774e-12,9.037268849931834e-11,5.044864526126958e-10,8.779325877394939e-11,1.0
6,9.554575013115407e-13,3.8324105174070144e-12,6.002309760333446e-12,6.619441106359147e-11,2.3011939576100815e-10,2.5069385456433224e-10,1.0
6,4.526537835964489e-13,1.128732524113829e-12,2.0164323769750192e-12,2.9118058658683665e-11,3.5959703964527634e-11,7.619554986959542e-11,1.0
6,1.2367934367624178e-12,2.654984045113995e-11,5.8007994241382477e-11,1.078385367114798e-10,3.1086375140709777e-10,1.7999145507374692e-09,1.0
6,3.2754658360611977e-12,3.6745047976571854e-11,3.307613072323079e-10,1.1440139807694649e-10,6.821614384477925e-10,6.823842824132953e-09,1.0
6,5.698731417314029e-12,2.956176622936901e-11,9.673246648134182e-10,3.2241959102563555e-10,5.187709706255816e-10,2.1873842737107907e-09,1.0
6,3.6293186338187677e-12,1.4221553101823048e-10,5.024029636757632e-09,8.962738884399357e-10,4.509895235038641e-10,2.085621009229044e-09,1.0
6,6.9564562443780176e-12,9.51196788001596e-10,1.2329944176769914e-08,2.413090172126431e-09,4.384918539379612e-10,3.968327444425768e-09,1.0
6,2.5869811848266977e-10,1.0133011096868927e-09,1.330966803436695e-08,4.535967601526636e-09,4.4863552872698165e-09,8.257700301328441e-09,1.0
6,1.281853956314194e-09,2.4157751354891843e-09,1.0486766122141944e-08,2.4772510709425433e-09,1.3267568377273165e-08,3.6546790038727295e-09,1.0
6,5.279165105065431e-09,8.307240229044055e-09,5.258733892787859e-09,2.849015023898005e-09,6.484649617277682e-08,3.1035081171637557e-09,0.9999998807907104
6,4.75626260598716e-10,3.2934628357850215e-09,2.2689984613410985e-10,7.568039528393911e-10,7.180150696228793e-09,6.59465329566622e-11,1.0
6,1.1277916378560349e-09,1.2428805540309895e-08,6.645251016124121e-10,2.7062455054682744e-10,1.5378352813399943e-08,3.2622265999648903e-10,1.0
6,2.6526887353384154e-09,5.216509535443947e-08,4.026107780497057e-10,1.174616071075718e-09,3.474699283856353e-08,2.269439774993387e-10,1.0
6,4.227741356999104e-08,3.9842075238993857e-07,1.3681993316083663e-09,1.0263926375486676e-09,9.404102456755936e-07,1.4370693524057288e-09,0.9999986886978149
6,1.5936866759602708e-07,7.106851853677654e-07,2.8942466201442585e-09,9.801124356556556e-09,6.245425993256504e-06,3.914638391222525e-09,0.999992847442627
6,3.5870672832061246e-07,4.060695573571138e-06,1.8566720383361712e-09,3.369601131453237e-08,0.0001591007167007774,1.0817057471967928e-08,0.9998364448547363
6,5.42068733011547e-07,2.5958156584238168e-06,2.4216839644708443e-09,1.2876772359504685e-07,7.143662514863536e-05,2.005091204182463e-08,0.9999252557754517
6,1.055889356393891e-06,3.115120307484176e-06,3.4237888080212997e-09,5.718482611882791e-07,0.00011982276919297874,5.733234686999822e-08,0.9998754262924194
6,3.744502521385584e-07,1.8990255057360628e-06,1.2748541777796163e-08,9.781192602531519e-07,1.3837983715347946e-05,2.0576557346885238e-07,0.9999827146530151
6,5.400556446488736e-08,4.495584278174647e-07,3.8618028774806135e-09,6.266490686357429e-07,9.142863177658e-07,1.4686227700622112e-07,0.9999978542327881
6,6.584753720062508e-08,6.557696110576217e-07,6.080450365431034e-09,1.0745143299573101e-06,7.378686177617055e-07,1.7109924499436602e-07,0.9999972581863403
6,4.7615653642196776e-08,9.095934672131989e-08,2.153745626287673e-09,4.428160025327088e-07,1.1037825942139534e-07,4.6814719212306954e-08,0.9999992847442627
6,1.7729533396959596e-08,3.621007493848083e-08,3.549064653274314e-10,9.422268476555473e-08,2.3148912120518617e-08,1.3929931874656631e-08,0.9999998807907104
6,3.829230710294951e-09,1.2176165853361454e-08,6.058269164110897e-11,1.1477240491331031e-08,2.2665611609795633e-08,2.3815949212746546e-09,1.0
6,2.058167858365323e-09,8.23442292130494e-09,2.2742571714751136e-11,6.562399956777654e-09,1.6856121831665405e-08,1.0412517514879482e-09,1.0
6,2.2711893477023182e-10,1.3899671413852843e-09,3.590456653778523e-13,4.327604663512119e-10,9.906291786876409e-09,5.8390743629122e-11,1.0
6,3.6790723245694323e-10,2.0880328577277396e-09,2.1162512389184818e-13,2.0961962721166572e-10,1.3939369658544365e-08,2.5803368122745418e-11,1.0
6,7.901140852695221e-11,3.1988685034178843e-09,9.557941460860975e-14,1.282936812341262e-10,6.052120138377859e-09,2.3727419334873545e-11,1.0
6,5.18445564257064e-10,1.3974108981074096e-08,2.276108988785719e-12,2.621848960160378e-09,1.1220762097252646e-08,9.464962841265745e-11,1.0
6,4.399074438055095e-10,1.4644792045714894e-08,3.3574763114033526e-14,1.180679720658162e-10,2.9246351118672465e-07,5.983996284597559e-12,0.9999997615814209
6,1.709833663543492e-11,6.68287480909413e-10,3.2925610615784986e-15,3.437364629044204e-11,3.272743498428099e-08,4.628669951663167e-13,1.0
6,2.806667398491669e-11,3.0673867890129713e-09,6.280706528726801e-15,8.939037704491781e-11,5.189576057773593e-08,4.99083901376457e-13,1.0
6,3.3809503807713526e-11,3.5424387867522e-09,1.9542793286962158e-14,1.0254287002853246e-10,1.1223742291122107e-07,9.158134320341738e-13,0.9999998807907104
6,6.968956661745906e-11,3.1620530638321043e-09,1.5656780613746563e-14,2.2061795446060017e-10,4.523675301015828e-08,5.399884640995556e-13,1.0
6,2.3400778537130407e-10,2.3478130550813603e-09,7.244194393657422e-14,1.175499142469505e-09,1.1061073834639501e-08,1.4404582127786059e-12,1.0
6,2.0727709826307006e-10,2.3104751445401916e-09,7.234680519593861e-14,1.3918984853589222e-09,1.3909252416510753e-08,1.3946974001047274e-12,1.0
6,2.6524460405852324e-09,1.9169723586287546e-08,5.665805498378251e-12,1.98365679437984e-08,1.1262014432134038e-08,1.5790682997285366e-11,1.0
6,3.009089644123719e-10,3.1090423568969072e-09,1.2427714022808511e-12,2.4089836792029473e-09,1.868201815469206e-09,1.2494793394379755e-11,1.0
6,3.954485183754741e-09,6.271367425370045e-08,1.2538056703981226e-10,4.1961584429373033e-08,4.406467191131469e-09,2.9818136848547283e-10,0.9999998807907104
6,8.481143254357448e-08,6.905227678544179e-08,1.0059980626309084e-09,4.329519640577928e-07,1.3937632381555431e-08,2.2809873989615426e-09,0.9999994039535522
6,4.7797277247241254e-09,1.4032599970903448e-08,5.961554166988847e-12,9.282721435965868e-08,9.773415854397172e-09,9.256306658655955e-12,0.9999998807907104
6,8.393469030920642e-09,1.7319390366310472e-08,5.763173827055823e-10,4.690564026077482e-08,8.933454864745727e-09,2.6258124563582896e-09,0.9999998807907104
6,5.034571159967527e-08,1.726602505414121e-07,1.1386195319929016e-09,2.5554962235219136e-07,7.834085380409306e-08,2.3567132689805703e-09,0.9999994039535522
6,7.297889376145505e-11,2.4892637284779084e-08,1.0630554596324782e-12,1.2317386000049169e-09,1.084210676793873e-08,4.38797609358943e-12,1.0
6,5.277148718008107e-10,5.081925280592259e-08,2.4670623616912524e-12,4.383915175321107e-10,1.2879127098130994e-08,1.0977094233588502e-11,1.0
6,3.483792143654796e-10,6.087450401537353e-07,1.282723656025747e-13,9.51801398113572e-12,5.01778529837793e-08,2.1771278356508272e-12,0.9999994039535522
6,1.242756453301297e-10,1.535028559374041e-06,1.0880138207481488e-13,2.111443181754269e-12,1.9101806358889917e-08,9.469602185729897e-12,0.9999984502792358
6,1.2570611218620797e-10,9.741268058860442e-07,3.9744947513253165e-14,2.143819627029031e-12,1.5664879171595203e-08,2.9608728663310657e-12,0.9999990463256836
6,2.2055969897682992e-11,3.242998332098068e-07,1.0592368928047206e-14,4.848120602890527e-13,9.404486966957393e-09,4.09517661751832e-13,0.9999996423721313
6,8.190345290870482e-09,6.918225153640378e-06,2.121017944611836e-11,2.330153604790386e-11,5.52260303265939e-07,2.967188439395585e-10,0.9999924898147583
6,9.917935361869468e-10,3.4203794712084346e-06,3.818671507477278e-12,8.409530884156968e-12,2.0062216776750574e-07,5.0852537458734304e-11,0.9999963045120239
6,1.575076846727086e-09,3.4736411180347204e-05,9.98861826584374e-11,5.886358761530985e-11,4.690272419338726e-07,9.297071446034977e-11,0.9999648332595825
6,3.627769729064312e-07,7.261884456966072e-05,3.5627050198883126e-09,5.606319297690732e-10,3.641029024947784e-06,5.559709914670918e-10,0.9999233484268188
6,5.5904013862573265e-08,2.616022902657278e-05,2.15907181022601e-09,6.90557444560369e-10,1.4191491573001258e-06,3.101948142791855e-10,0.9999724626541138
6,6.521599402731226e-07,4.3871976231457666e-05,9.772467279844932e-09,2.1139936023928385e-08,1.069868631020654e-05,7.416057767883899e-10,0.999944806098938
6,3.5394867836657795e-07,1.962576607184019e-05,1.3723000513721217e-09,2.9437861037706625e-09,7.969890248205047e-06,1.7687949716016504e-10,0.9999719858169556
6,3.007747011452011e-07,1.5257879567798227e-05,1.0418977902659776e-09,3.4365437162620083e-09,3.003744041052414e-06,9.441888243477692e-11,0.9999814033508301
6,3.2771637847872626e-08,7.952347914397251e-06,1.6773220312682469e-10,7.176047533974383e-10,3.590598396385758e-07,1.6283066908706623e-11,0.9999916553497314
6,7.070993746083332e-08,1.6645482219246333e-06,8.651445532192881e-11,2.112976460466598e-09,2.1249903170428297e-07,2.406051746728366e-11,0.9999980926513672
6,4.4831791057298176e-10,8.645866245160505e-08,3.509870172280216e-11,4.040446310860091e-10,2.4190947023328135e-09,4.1257552929607755e-12,0.9999998807907104
6,3.992153829734946e-11,2.1940124383945658e-08,5.057238482153448e-12,2.885335026459046e-11,6.421980724979903e-10,2.080448660568557e-12,1.0
6,1.1804273704341117e-11,5.825374849166565e-09,9.770633466795603e-14,8.158910829933474e-13,5.375641043414703e-10,2.4013679499751417e-13,1.0
6,1.870090471367547e-10,3.748763788280485e-08,1.6181356927123802e-13,2.1989778054010145e-11,2.3461568243732245e-09,2.05878418696806e-13,1.0
6,7.967611459491764e-09,5.598434427156462e-07,2.4158635161808384e-11,4.629007246959027e-11,1.3476417315416711e-08,2.2819161490938988e-11,0.9999994039535522
6,6.685944953233047e-08,1.351220930700947e-06,7.727409684354924e-11,1.3616507921199172e-10,3.5935915576601474e-08,5.101498737336563e-11,0.9999985694885254
6,8.065786971656053e-08,1.4661139857707894e-06,1.504733837531802e-10,2.537811627512099e-10,4.586019031194155e-08,1.20547474780075e-10,0.9999984502792358
6,1.2884444799965422e-07,4.903747594653396e-07,4.1480378160096976e-11,1.236775126756129e-10,6.879080416410943e-08,1.879558036987916e-10,0.9999992847442627
6,1.770385722466017e-07,9.131032641107595e-08,1.9766104031315734e-10,1.6254687873473728e-10,1.231111657062911e-08,9.791376598400348e-10,0.9999996423721313
6,2.740545994583954e-07,6.136907586551388e-07,1.1171630287520884e-09,3.186654273790168e-10,9.534306677494442e-09,2.2189616810663892e-09,0.9999991655349731
6,3.7627327031941604e-08,5.7325490132598134e-08,1.1254874116017888e-10,4.263435438023322e-11,1.677119332299526e-09,3.947460136544123e-10,1.0
6,6.408755748310568e-09,6.493276316632546e-08,2.238519439257125e-11,1.953671079080177e-11,1.36695155195099e-09,1.0497900465589183e-10,0.9999998807907104
6,4.62202720541427e-08,6.295684329415963e-07,4.320935623192135e-11,9.800150968519716e-11,4.393834185378864e-09,1.6448704898142097e-10,0.9999994039535522
6,2.649947816735221e-09,1.241501657034405e-08,1.9956980946284064e-12,8.812187091145063e-12,7.135336765884404e-11,1.1935607883983845e-11,1.0
6,6.323285228759801e-10,3.885143318171913e-09,2.1770794802339344e-12,4.634926990820798e-12,4.9034790117197247e-11,5.9178590847142054e-12,1.0
6,5.732029295657526e-10,7.71665786825082e-10,1.7990699262369209e-13,4.211360427053279e-12,3.860408173683716e-11,1.6403613493573554e-12,1.0
6,1.0565673336238035e-11,1.4020970148798106e-11,3.5709337810124146e-15,1.7196143055515922e-13,3.4011482866191933e-12,6.985357930110181e-13,1.0
6,1.050590951040542e-11,1.0687812614096348e-11,1.1332787532296502e-14,1.1987619013761885e-12,9.149898720639538e-12,1.0039843305678642e-12,1.0
6,5.5737961988933105e-12,4.771149621218829e-12,2.0028144859804767e-15,6.478354094494043e-13,1.497725901633551e-11,5.539676248104974e-13,1.0
6,2.606986328201888e-11,5.4278841837840375e-11,2.372086800258872e-14,9.047831928121752e-13,6.831349375069351e-11,4.423977677248114e-12,1.0
6,5.962291207625703e-13,1.568651632199991e-11,6.849210055451943e-15,2.6846179359413247e-13,2.8790241024534424e-11,1.8549584611393666e-12,1.0
6,2.3217009911813413e-12,5.567325680327917e-12,3.443079663338535e-15,2.022988032516007e-13,1.681287747912208e-11,1.1682754373285031e-12,1.0
6,1.9100641207581148e-11,1.2435190030468668e-11,3.185861947516133e-13,3.1128884192543893e-12,1.4159590167039937e-11,2.2485803150007477e-11,1.0
6,6.016995929281066e-11,2.626186768051042e-10,1.7188215911331794e-12,5.28744062422426e-12,4.32955282736458e-10,4.944398362960456e-11,1.0
6,3.072860577102432e-10,1.1472724992245276e-09,5.299061536789829e-12,5.121919815359588e-12,3.8045711026057916e-10,8.068710977138238e-11,1.0
6,2.62184128574372e-11,7.488434317082238e-10,1.6529683437987996e-12,4.0166997332391485e-12,5.649222409309651e-11,1.8691017483751793e-11,1.0
6,2.947172887679539e-12,6.461946949753994e-11,6.492378114069872e-14,1.4669026356019937e-13,1.780406204410223e-11,4.9562073195508205e-12,1.0
6,6.5639299551278896e-12,6.30883817409611e-11,3.588373427066728e-14,3.484240619546636e-13,2.1166771460578993e-11,1.003149820155702e-12,1.0
6,5.5433574397412144e-12,2.247757015239049e-11,9.015734664906405e-14,3.5354258041096764e-13,3.702017858930873e-11,1.704879726976971e-12,1.0
6,1.0825972063255307e-11,4.935456557331186e-11,7.065987335172497e-13,7.823215274378736e-13,2.4599636563871208e-11,5.741192677516382e-12,1.0
6,2.279338003063902e-11,3.657504854537308e-12,1.2428087530456933e-13,1.2592136534872456e-12,7.631700132959551e-11,8.33782912504355e-13,1.0
6,2.55474558175095e-10,1.479699002215895e-10,8.77565468210273e-12,2.933110004876838e-11,2.107240354431994e-10,4.491417220781058e-12,1.0
6,1.0979512854447648e-09,1.6254847468033518e-10,1.7887795411564156e-11,9.28910212638634e-11,2.9731195283488887e-10,6.442057391004008e-12,1.0
6,1.2540073424105458e-09,6.560266219146627e-11,8.549751184805388e-12,2.0448785720272866e-10,8.756415037503018e-11,1.1629774834126527e-12,1.0
6,8.769205361858212e-10,1.1257616366888712e-11,6.881485398874121e-12,4.826610638941631e-11,4.26433818812022e-11,1.3421451450223998e-12,1.0
6,4.089973585502671e-12,2.178992426218277e-14,1.8765752366205375e-14,3.7110847164387173e-13,1.0840616598839503e-12,1.5542051695106862e-14,1.0
6,1.1723280679554193e-10,2.2523381272045173e-13,2.9192113136511377e-12,8.83091429842997e-12,3.982090698850804e-12,5.423490974897083e-13,1.0
6,3.776821910772554e-10,5.5723658245196775e-14,1.3021705241866854e-11,1.1494508470044629e-11,1.1879322395560998e-12,1.0866825017954995e-12,1.0
6,5.0401731677141015e-09,6.569112116251719e-13,1.1590153281559878e-09,1.0088650054251858e-10,5.01557692947352e-12,3.8581558087225076e-11,1.0
6,5.742551323351108e-08,1.4540566667387012e-11,1.739865673755503e-08,1.1062566418473807e-09,8.576281351757586e-11,4.0489792074716036e-10,1.0
6,1.5203246448436403e-06,2.456412850904144e-10,7.279978945007315e-06,2.0493995833703593e-08,2.0092307817520805e-09,2.8569962395863513e-08,0.9999911785125732
6,4.7354606635963137e-07,1.805701282941996e-10,5.0179087338619865e-06,2.4259257713765692e-08,1.231872825968594e-09,9.703041037312232e-09,0.9999945163726807
6,9.83627842288115e-07,1.362349955069675e-10,9.933039109455422e-06,1.2417936900988025e-08,8.885585045526057e-10,1.9548981100570018e-08,0.9999891519546509
6,2.5340759179925954e-07,5.3268127755967676e-12,5.394496724875353e-07,1.4281784643799256e-09,2.5646737511486606e-10,3.944779614073468e-09,0.9999991655349731
6,8.902329682314303e-07,1.0193691724058596e-10,1.8962317653858918e-06,1.7887465730836993e-08,4.740527415059148e-10,4.947634746343965e-09,0.9999972581863403
6,8.393058124056552e-07,5.348231926771696e-11,6.142993811408815e-07,1.2349061329075539e-08,1.217214773419073e-09,3.792627545351479e-09,0.9999985694885254
6,5.33104753230873e-07,9.816701618259316e-11,6.804268650739687e-07,7.820432301741675e-09,6.167252264432932e-10,3.4132434656442e-09,0.9999988079071045
6,6.454821743773209e-08,5.383484977250497e-11,3.644531716417987e-07,1.030980856242536e-09,1.6635648414364823e-10,3.907056012053545e-09,0.9999995231628418
6,3.521785174598335e-08,2.565671416640547e-12,1.0233922864699707e-07,1.0011289575118099e-09,1.213157491131156e-10,6.180921996445932e-09,0.9999998807907104
6,7.9902989114089e-08,1.0727867379156653e-11,1.264387606170203e-06,4.825512878170457e-09,8.016164954049998e-10,4.893211524858998e-08,0.9999985694885254
6,1.701353780081405e-10,1.9423156659426066e-12,1.14220055635883e-09,8.665863165946419e-11,3.471567130985953e-11,8.376780519236959e-11,1.0
6,5.597157937131669e-08,2.972629434272456e-11,2.2343262173762923e-07,5.9815055131196004e-09,4.489067340074371e-09,9.937400236026406e-09,0.9999996423721313
6,2.157154987969534e-08,5.07125071103065e-12,2.465744046276086e-06,5.153254534207008e-08,6.016593889768274e-10,1.074691713398579e-08,0.9999973773956299
6,5.771933597742418e-09,8.98578607355649e-12,4.7781814060954275e-08,2.0246297083303944e-08,1.6757412124590587e-09,6.187498430287874e-11,1.0
6,3.1190902638478235e-10,3.2688628279903265e-12,1.6192659435532164e-09,1.0770257574677089e-08,9.262493549933026e-11,1.1538918692072242e-12,1.0
6,1.0951809771564402e-11,6.44038262390817e-13,2.2258781189749e-12,6.808326125096187e-11,3.206708856784424e-11,5.854175380137078e-14,1.0
6,9.547971441259406e-11,4.009330714649373e-11,7.401600998768743e-10,1.2386887071613728e-09,4.8314279660344184e-11,1.1097065107101844e-11,1.0
6,1.5139478212744528e-11,4.268392583828273e-10,4.676276033066529e-10,8.385113159370405e-10,3.858089542285725e-11,6.095356424457021e-12,1.0
6,9.790340760318372e-10,3.325804742715377e-09,1.108840478991624e-06,1.1174684999559759e-07,5.623128074283557e-10,5.911607869890645e-10,0.9999988079071045
6,3.9596115275486454e-10,6.704080135477852e-08,9.142106023318775e-07,4.8130988972161504e-08,3.2543423511555147e-10,1.4206579246334172e-09,0.999998927116394
2,3.613914941524854e-06,4.715996510640252e-06,0.9897728562355042,4.505091055762023e-05,4.653960061773432e-08,2.3600657073075126e-07,0.010173441842198372
2,4.3498707213984744e-07,6.987229426158592e-07,0.9997679591178894,2.8662740078289062e-05,3.9060021883585705e-09,1.3337045245975787e-08,0.00020220997976139188
2,6.825613962924137e-10,8.710670407197085e-09,0.9999949932098389,1.92293578038516e-06,3.498584061345511e-11,5.06701169911139e-09,3.1582958399667405e-06
2,8.446328791933411e-08,5.010549486428317e-08,0.9998781681060791,5.3297902923077345e-05,8.024531039652061e-10,1.7764032023137588e-08,6.834103260189295e-05
2,4.5804732451415475e-08,1.1336542371509495e-07,0.9996507167816162,0.00010972649761242792,5.593555618688129e-10,1.0451399745647905e-08,0.00023942529514897615
2,6.869968842693197e-07,4.93073173402081e-08,0.9982220530509949,0.0011063491692766547,1.2009333527629451e-09,4.002420173065957e-09,0.0006707535358145833
2,1.1061955973445947e-07,5.198366181957681e-09,0.9999285936355591,5.7810302678262815e-05,2.7062174723369026e-10,1.0360510671603151e-08,1.3438586393021978e-05
2,1.0488795609830959e-08,4.577279888451358e-09,0.999968409538269,2.0506309738266282e-05,4.9792198142384336e-11,3.97608168611896e-09,1.1144717063871212e-05
2,1.7677995174381067e-06,1.9460365763279697e-07,0.9981955885887146,0.001616330468095839,5.507219569267363e-09,2.5517523649654095e-09,0.00018611346604302526
2,6.0931924963369966e-06,2.700823813484021e-07,0.9975345134735107,0.0023583846632391214,1.9654317284789613e-08,5.856030771411724e-09,0.00010071969154523686
2,7.889005004813043e-09,7.011168534631906e-09,0.9999552965164185,3.689134246087633e-05,8.997479150618659e-11,7.355644426887409e-10,7.805856512277387e-06
2,1.10022380095387e-09,4.961351773857814e-09,0.9998608827590942,0.00011378199997125193,2.2152919776363689e-10,5.287943416476537e-09,2.5314238882856444e-05
2,6.663368079529164e-09,2.5292545835498004e-09,0.9999850988388062,6.68171196593903e-06,3.126525149887982e-10,1.2323177145390218e-08,8.260362847067881e-06
2,4.7043574369354246e-08,3.515846946910983e-09,0.9999665021896362,1.542027348477859e-05,1.4464442976702685e-09,5.385502888088922e-08,1.7940570614882745e-05
2,1.785071646054348e-08,1.6981297479290447e-09,0.9999223947525024,6.874548125779256e-05,8.646406923773498e-10,2.7874248686998726e-08,8.772130968282e-06
2,3.248548239298543e-07,3.620581523477995e-08,0.9977295994758606,0.0021719164215028286,4.3786656078736996e-08,1.1644875286265233e-08,9.811862400965765e-05
2,4.980456225212038e-08,2.8448494671096114e-09,0.9999538660049438,3.813253715634346e-05,1.4198923148356357e-09,7.864655593436964e-09,7.969912985572591e-06
2,4.0758317254585563e-07,6.083442638527004e-10,0.9999823570251465,1.3053381735517178e-05,3.700514339399774e-10,4.2262371380275e-08,4.132240519538755e-06
2,2.3519023173435016e-08,6.058931689700842e-10,0.9999867677688599,7.168236606958089e-06,2.1390003657195678e-10,2.836643453463239e-08,6.123564162408002e-06
2,1.121269388448809e-08,2.2681723166328993e-09,0.9999749660491943,5.190728188608773e-06,2.1215927625828357e-10,3.7465042623807676e-08,1.984772097785026e-05
2,1.6018911708215455e-07,1.4107595092127667e-08,0.9999207258224487,1.2136904842918739e-05,2.5042656837115373e-09,5.657171797679439e-08,6.698484503431246e-05
2,1.62138960035918e-08,4.0674721368816336e-09,0.9999940395355225,4.180081305094063e-06,1.820022188514514e-10,1.6331020979976074e-09,1.837497848100611e-06
2,7.590583095407055e-08,6.116023687496863e-09,0.9999921321868896,5.59740965400124e-06,1.3308179558357836e-10,8.494395742353333e-10,2.0891034182568546e-06
2,3.27160876167909e-08,2.687027045311652e-09,0.999996542930603,2.641490254973178e-06,1.1282863532358078e-10,1.4406669190947241e-09,8.85834424479981e-07
2,1.2933603557030438e-06,2.8213641201091377e-08,0.9999874830245972,3.275453764217673e-06,1.189581100291548e-09,1.4724380825725802e-08,7.89643672760576e-06
2,3.1366256735054776e-05,8.622886298326193e-07,0.9998672008514404,5.445803617476486e-05,3.403902937293424e-08,4.007971199371241e-08,4.611934855347499e-05
2,0.00179641495924443,4.708030246547423e-06,0.99783855676651,0.00022003409685567021,9.123617132900108e-07,2.2129832188966247e-07,0.00013912850408814847
2,0.00018960688612423837,9.163300092041027e-07,0.9996366500854492,6.821526767453179e-05,3.967773309909717e-08,6.66354011968906e-08,0.00010446331725688651
2,8.024231647141278e-05,7.733683560218196e-07,0.9998601675033569,3.842577643808909e-05,5.57600232653499e-09,4.926827656959176e-08,2.0322728232713416e-05
2,1.0573938880042988e-06,4.359943517329157e-08,0.9999938011169434,4.008712039649254e-06,2.3944507487883016e-10,1.2808667015917763e-08,1.0929816198768094e-06
2,3.4159615580620084e-08,2.5985880114376414e-08,0.9999971389770508,2.6461132165422896e-06,2.2860015963521718e-11,2.4915498553212956e-09,2.773722940219159e-07
2,1.45279318530811e-06,1.3774388207821175e-07,0.999988317489624,9.186341230815742e-06,5.111042145067302e-10,1.0291132390705116e-08,9.59706540015759e-07
2,1.7204287772187854e-08,3.020754135718562e-08,0.9999979734420776,1.7759876982381684e-06,3.0530068056977555e-11,2.149208366830635e-09,2.508051579752646e-07
2,5.5381196517600983e-08,3.565395445548347e-08,0.9999948740005493,4.703822469309671e-06,5.076679354676372e-11,1.7487457038001253e-09,3.34086621478491e-07
2,2.13273597182706e-06,2.499392621757579e-07,0.9999785423278809,1.7564258087077178e-05,5.845593453734921e-10,4.1839909314944634e-09,1.5017080841062125e-06
2,1.2071433630467254e-08,3.779109292167959e-08,0.9999940395355225,5.451745892059989e-06,3.3650911918092774e-11,1.199937149642949e-09,4.788601586369623e-07
2,3.4949976940312766e-11,4.370530604091982e-09,0.9999992847442627,7.574832920909103e-07,1.1264906108615635e-12,4.677022102939077e-10,3.788590419162574e-08
2,1.040965022514051e-10,2.3629704859473577e-09,0.9999997615814209,2.6101577077497495e-07,7.358991345983446e-13,1.1647969255790258e-09,3.838716366999506e-08
2,4.9853133532451466e-06,8.106819109343633e-07,0.9999605417251587,2.426430546620395e-05,1.3914346341792339e-09,3.93324697256503e-08,9.32305192691274e-06
2,9.997530696637114e-07,1.2282211514502706e-07,0.9999887943267822,8.046295079111587e-06,3.698174821931133e-10,1.1514100783927006e-08,1.9885726487700595e-06
2,3.993115005318515e-10,3.237427677049709e-07,0.9999922513961792,2.0087302345928038e-06,7.147226560588749e-11,1.1835351187983179e-07,5.221302217250923e-06
2,9.922453045874136e-07,2.7572292538025067e-07,0.9999160766601562,4.040615385747515e-05,9.535387590631217e-09,8.835308449306467e-07,4.130809975322336e-05
2,9.794597417567275e-07,1.7042427771229995e-06,0.9998615980148315,7.623073179274797e-05,2.617340832955506e-08,1.45545175200823e-06,5.8065674238605425e-05
0,0.9680379033088684,1.3984941688249819e-05,0.03169918805360794,0.00021299645595718175,1.209334186569322e-06,5.539894232242659e-07,3.41317972925026e-05
0,0.995827853679657,1.9337099729455076e-05,0.003421500325202942,0.0007154837367124856,3.411687657717266e-06,1.8647149602202262e-07,1.2168975445092656e-05
0,0.9827247262001038,1.805018837330863e-05,0.01639539562165737,0.0008366983965970576,5.9472026805451605e-06,9.847490218817256e-07,1.8071819795295596e-05
0,0.9850534796714783,8.454329872620292e-06,0.014912310987710953,1.831765621318482e-05,2.2430315027577308e-07,6.391545070982829e-07,6.642458629357861e-06
2,0.013759138993918896,5.564933599089272e-05,0.9857813715934753,0.00017533257778268307,3.05587320781342e-07,1.7883878626889782e-06,0.00022640913084615022
0,0.9995869994163513,5.012143901694799e-06,0.0003955771680921316,1.0770795597636607e-05,1.2514898628523952e-07,1.048046129881186e-07,1.4828054872850771e-06
0,0.9995480179786682,3.800894319283543e-06,0.0004330509400460869,1.4387197552423459e-05,2.5939070269487274e-07,1.2778322400208708e-07,2.864356076770491e-07
0,0.9995347261428833,6.371749805111904e-06,0.0004468880360946059,1.0955040124827065e-05,9.469329143030336e-08,8.464905221217123e-08,9.053038070305774e-07
0,0.9999028444290161,5.3075136747793294e-06,6.228445272427052e-05,2.850953933375422e-05,5.546216925722547e-07,4.1949348883463244e-08,3.8076953501331445e-07
0,0.9997062087059021,6.826306616858346e-06,0.00025647497386671603,2.959979792649392e-05,1.5940292996674543e-07,3.678584548083563e-08,6.494939270851319e-07
0,0.9997337460517883,3.657145725810551e-06,0.00022747420007362962,3.409892815398052e-05,2.648974657404324e-07,1.4715865859216137e-07,6.042222366886563e-07
0,0.9995185136795044,5.882540335733211e-06,0.00031542062060907483,0.0001580797543283552,1.2034264500471181e-06,1.7463682411289483e-07,7.264815735652519e-07
0,0.999556839466095,6.838753961346811e-06,0.0003146587696392089,0.00011983189324382693,1.0973011512760422e-06,2.473517213275045e-07,5.278693606669549e-07
0,0.999764621257782,4.98055442221812e-06,1.6486152162542567e-05,0.000211562160984613,1.4742469147677184e-06,7.753232722507164e-08,7.419075700454414e-07
0,0.9993133544921875,2.717059942369815e-06,5.1008391892537475e-05,0.0006294255726970732,3.117900632787496e-06,1.9382345328722295e-07,2.1355131707423425e-07
0,0.9997854828834534,1.3169066050977563e-06,7.540685601270525e-06,0.00020398071501404047,1.5264224657585146e-06,5.5116192498871897e-08,7.361756360069194e-08
0,0.9999827146530151,1.7931999707343493e-07,4.603245542966761e-06,1.235166382684838e-05,7.848147731692734e-08,3.6385372936820204e-08,1.8046306671237744e-09
0,0.9999911785125732,1.5164344802087726e-07,7.695800377405249e-06,9.251430128642824e-07,2.8767184190314765e-09,2.7769022636903173e-08,4.769768580104028e-09
0,0.9999918937683105,1.0887200119213958e-07,6.990997462708037e-06,9.690569413578487e-07,2.9816891178313654e-09,9.90931159350339e-09,5.621976661984718e-09
0,0.9999819993972778,4.204443484923104e-06,2.7461071567813633e-06,3.910542091034586e-06,5.641234110953519e-07,1.1355466789098045e-08,6.587404186575441e-06
0,0.9999450445175171,7.92222999734804e-06,1.7386342960890033e-06,1.4870389577481546e-06,6.274507882153557e-07,2.5218906074542247e-08,4.3254796764813364e-05
0,0.9999651908874512,2.869217496481724e-06,1.3992440699439612e-06,1.280105834666756e-06,8.630790944152977e-07,3.598698228302055e-08,2.844817026925739e-05
0,0.9999951124191284,4.4005838617522386e-07,8.326213105647184e-07,3.1058681315698777e-07,4.529999486635461e-08,2.0198909211899263e-08,3.398356966499705e-06
0,0.999998927116394,1.4071591181163967e-07,4.906173671770375e-07,6.958772047482853e-08,4.984431978272141e-09,1.106821656549073e-08,3.949088238641707e-07
0,0.9999773502349854,1.890516330149694e-07,2.2015303329681046e-05,2.539732975037623e-07,1.1945370248511722e-09,1.9852052446367452e-08,1.2993376685699332e-07
0,0.9999996423721313,4.312715518040022e-09,3.731343838353496e-07,3.298750428371022e-08,3.298011030938852e-10,7.471557594840306e-09,9.633159825384041e-10
0,0.9999966621398926,4.67804071035971e-08,2.6605580387695227e-06,4.4784707142753177e-07,1.1866714721975313e-08,4.744183357274778e-08,4.989512447650668e-08
0,0.9999485015869141,2.96042628633586e-07,4.5733278966508806e-05,5.1392462410149164e-06,9.736409012361946e-09,1.8819117997281865e-07,1.91145474559562e-07
0,0.9999992847442627,2.6763148142094906e-08,4.239996371779853e-07,1.8284549696545582e-07,3.988159580359252e-09,1.047030995238174e-08,2.2587167691767718e-09
0,0.9999904632568359,4.008325902304932e-07,8.21795310912421e-06,7.63109653689753e-07,1.090394974312403e-08,2.333185378233793e-08,1.123372328493133e-07
0,0.9999971389770508,2.5316700202893117e-07,1.5622748605892411e-06,1.0389887847850332e-06,6.3684417739295895e-09,3.901848621978843e-09,1.2828317075275208e-08
0,0.9999933242797852,8.41749425717353e-09,6.266412128752563e-06,2.506203600205481e-07,4.474856929448379e-09,1.0966014230007204e-07,7.35398852924618e-10
0,0.9999986886978149,3.37869354716247e-09,7.324362627514347e-07,5.246675414127822e-07,2.3209100419308015e-08,1.2609179123046488e-07,3.9057018730304094e-10
0,0.9999959468841553,2.5056341446116903e-09,3.0889759727870114e-06,1.209375994903894e-07,9.694360869616503e-09,8.182715873772395e-07,3.0169176046257462e-09
0,0.9999986886978149,1.5841305156527596e-08,6.284780056375894e-07,2.2259676768499048e-07,4.341716319800071e-08,5.755922316552642e-08,4.240139617195382e-07
0,0.9999947547912598,2.4929901698556023e-08,2.6187158255197573e-06,2.756386265900801e-07,1.6834947302868386e-07,4.797257702193747e-07,1.710599008220015e-06
0,0.9999876022338867,9.89148052354949e-09,1.1691802683344577e-05,1.9925006711218884e-07,5.1409880796882135e-09,2.456852712384716e-07,1.8360486819801736e-07
0,0.9999978542327881,2.7334348118301932e-09,1.4619341754951165e-06,1.371529521065895e-07,1.7747700198356142e-08,1.8962860792726133e-07,3.624422504344693e-07
0,0.9999943971633911,1.1137324396059967e-09,2.702032361412421e-06,4.90784998419258e-07,1.2952022565571042e-08,2.956067532977613e-07,2.067312834697077e-06
0,0.9999858140945435,1.2185187303614953e-09,8.52982964261173e-07,4.362672427760117e-07,2.99813045501196e-08,1.5143770326631056e-07,1.275299109693151e-05
0,0.9999945163726807,8.158333453245348e-10,7.79029619479843e-07,1.3647468222188763e-07,2.713179547697564e-08,1.1176257430633996e-07,4.510598046181258e-06
0,0.9999912977218628,1.2976256735797165e-09,5.548779427044792e-06,6.337868398986757e-07,2.9202331219835287e-08,1.0659141480573453e-06,1.4412154314413783e-06
0,0.9999920129776001,3.20655213492671e-09,2.2590832031710306e-06,7.033808060441515e-07,9.427408542705962e-08,7.003707764852152e-07,4.1956491259043105e-06
0,0.9999927282333374,6.139730057697079e-09,3.7846332361368695e-06,1.3159065019863192e-06,3.548455538293638e-07,9.307569257543946e-07,8.381483098673925e-07
0,0.9999951124191284,1.1279946976472388e-09,1.8548029174780822e-06,4.286747810056113e-07,7.387298950334298e-08,2.4766616206761682e-06,9.950157142668559e-09
0,0.9999896287918091,5.513593581696341e-09,3.59246996595175e-06,1.5668273363189655e-06,3.5076192261840333e-07,4.712194368039491e-06,1.4300334783001745e-07
0,0.999987006187439,1.731137366789426e-08,5.067553502158262e-06,4.203750449960353e-06,3.6677985804089985e-07,3.220792223146418e-06,1.3213761462793627e-07
0,0.9999746084213257,3.1549799217600594e-08,1.1199455002497416e-05,7.73061219661031e-06,2.1898711111134617e-07,6.029202722857008e-06,8.541142193507767e-08
0,0.999990701675415,7.94235521794917e-09,1.4159764987198287e-06,4.764677214552648e-06,5.456483336274687e-07,2.4613059395051096e-06,1.8021006908952586e-08
0,0.9999945163726807,1.973512020470025e-09,2.403420921837096e-06,9.181681548398046e-07,5.062172192538128e-08,2.1794962776766624e-06,3.771641221561595e-09
0,0.9999833106994629,6.152546916382562e-08,1.4968972209317144e-05,7.235482257783588e-07,3.1466239391875206e-08,8.248684935097117e-07,1.2998851772749731e-08
0,0.9999804496765137,1.0906591541015587e-07,1.864274963736534e-05,4.77805826903932e-07,8.70117844442575e-09,2.2871500959809055e-07,2.2775585861722902e-08
0,0.9998224377632141,3.893081157002598e-06,0.00016787297499831766,2.5860831556201447e-06,9.529298949928489e-08,1.2935649920109427e-06,1.8409760969007039e-06
0,0.9997196793556213,2.315605115654762e-06,0.00027267716359347105,3.693338612720254e-06,9.61762438578262e-08,1.0041301266028313e-06,4.991483137928299e-07
0,0.9998297691345215,1.9873102701239986e-06,0.0001653213839745149,1.4901565918989945e-06,6.258782292434262e-08,5.898308472751523e-07,7.326121931328089e-07
0,0.9999325275421143,1.270062512048753e-06,6.416843825718388e-05,1.6539497664780356e-06,6.455386625248138e-08,2.1263369376356422e-07,1.281773620576132e-07
0,0.9999126195907593,8.544238880858757e-06,7.307079067686573e-05,3.6592336982721463e-06,3.3285797940152406e-07,3.3301961366305477e-07,1.4512140751321567e-06
0,0.9997939467430115,2.0989446056773886e-06,0.00019939214689657092,3.998683041572804e-06,8.726816247417446e-08,2.843165987087559e-07,1.5578757484036032e-07
0,0.9999347925186157,1.7543341073178453e-06,5.904269346501678e-05,3.450730218901299e-06,2.183654999043938e-07,1.3379256813550455e-07,5.68759730867896e-07
0,0.9998784065246582,2.2764622826798586e-06,0.00011147897748742253,7.463157544407295e-06,4.143225851294119e-08,1.1121333898245211e-07,2.5968537897824717e-07
0,0.9997625946998596,1.2142897958256071e-06,0.0002245491778012365,1.1213099242013413e-05,3.627931732808065e-08,2.699673871120467e-07,8.937355033822314e-08
0,0.9999644756317139,3.767462715131842e-07,3.406262112548575e-05,1.0648574289007229e-06,1.3451756153415317e-08,4.3794599946522794e-08,2.570807566826261e-08
0,0.9999721050262451,4.329521345880494e-07,2.6952076950692572e-05,4.809893425772316e-07,1.0313562448516223e-08,9.334537764971174e-08,1.664765214570707e-08
0,0.9998725652694702,7.40528605547297e-07,0.0001245973980985582,1.8798740484271548e-06,1.0392744442810908e-08,1.1732674920494901e-07,3.812145621395757e-08
0,0.9996412992477417,7.375271593446087e-07,0.0003563458740245551,1.4090196600591298e-06,6.113982653488392e-09,1.7474624769420188e-07,4.0476621165908e-08
0,0.9999085664749146,5.364382786865463e-07,8.738991164136678e-05,3.4615991353348363e-06,4.532457076322771e-09,5.1112834853483946e-08,3.079669852468214e-08
0,0.999936580657959,2.907373470861785e-07,5.805789987789467e-05,5.027902716392418e-06,6.1546154839220435e-09,3.643091517346875e-08,1.2201081922569301e-08
0,0.9999816417694092,2.452187004564621e-07,1.4510450455418322e-05,3.525881311361445e-06,1.1574305958106379e-08,2.597046311336726e-08,2.9469111595403774e-08
0,0.9999759197235107,2.0723169313896506e-07,2.1587356968666427e-05,2.191097337345127e-06,1.7348964931329647e-08,5.9443696187599926e-08,2.2938008825690304e-08
0,0.9999758005142212,1.8299375597052858e-06,5.218030310061295e-06,1.5770752725075e-05,1.0313020766261616e-06,5.6972137230104636e-08,3.157947219278867e-07
0,0.9999716281890869,1.1692511634464609e-06,1.3857473959433264e-06,2.4460176064167172e-05,1.3387848412094172e-06,4.3916621450534876e-08,7.371108523557268e-08
0,0.9999505281448364,2.9235168312879978e-06,5.189333933230955e-06,4.066892506671138e-05,5.069498456578003e-07,2.2340747918292436e-08,1.3674709009592334e-07
0,0.9999476671218872,5.249773494142573e-06,1.7245985191038926e-06,4.027443355880678e-05,4.192679625703022e-06,1.9528380690303493e-08,9.434567687094386e-07
0,0.9999762773513794,3.027463208127301e-06,1.136013088398613e-05,9.067568498721812e-06,1.0511413250924306e-07,6.048851020068469e-08,5.840147920821437e-08
0,0.9999579191207886,6.878913609398296e-06,2.6459934815648012e-05,8.121195605781395e-06,1.6920584755553136e-07,1.1803856381220612e-07,3.1960996693669586e-07
0,0.9999220371246338,6.697532171529019e-06,2.1345413188100792e-05,4.900204294244759e-05,4.452127200238465e-07,1.1611520278620446e-07,4.0234698417407344e-07
0,0.9999611377716064,3.315341928100679e-06,2.1044806999270804e-05,1.4054041457711719e-05,1.5647376017113857e-07,1.4539392623191816e-07,2.3178090202691237e-07
0,0.9999498128890991,3.6538669974106597e-06,3.3416621590731665e-05,1.2478699318307918e-05,1.2478913902214117e-07,2.6173182732236455e-07,2.0242318043983687e-07
0,0.9999579191207886,2.8506442504294682e-06,2.5267368982895277e-05,1.3142122952558566e-05,1.2683028671744978e-07,3.130230936676526e-07,3.936871166843048e-07
0,0.9999535083770752,3.058007678191643e-06,3.053879481740296e-05,1.2567518751893658e-05,4.837195177742615e-08,1.1510869057929085e-07,2.1140957073839672e-07
0,0.9999819993972778,1.994720605580369e-06,8.238567716034595e-06,7.606717190355994e-06,5.849010165093205e-08,1.287101980551597e-07,4.5115221780633874e-08
0,0.9999922513961792,1.3887182603866677e-06,3.7385636915132636e-06,2.4184919311665e-06,3.960691685733764e-08,7.83846871854621e-08,5.771187261416344e-08
0,0.9999644756317139,2.6923930818156805e-06,2.2898788301972672e-05,8.884503586159553e-06,1.7928235251929436e-07,4.5708625862062036e-07,3.079538544170646e-07
0,0.999984860420227,9.364612196804956e-07,6.339396350085735e-06,7.262506642291555e-06,2.6628961791175243e-07,3.484134936115879e-07,1.381673442324427e-08
0,0.9999805688858032,9.225949497704278e-07,1.5191410966508556e-05,2.8041265522915637e-06,9.763953556785054e-08,2.682030242340261e-07,3.370491796772512e-08
0,0.999985933303833,3.6730418173647195e-07,8.63479363033548e-06,4.954400083079236e-06,3.974401607820255e-08,4.727043290131405e-08,9.40242106395317e-09
0,0.9999707937240601,1.19030516998464e-06,1.4611133337893989e-05,1.3209012649895158e-05,1.3763443007519527e-07,3.514730551046341e-08,3.126149650256593e-08
0,0.9999403953552246,1.2863595202361466e-06,2.151960325136315e-05,3.6127748899161816e-05,1.549169752479429e-07,1.364230541867073e-07,4.697082545135345e-07
0,0.9999514818191528,1.9741983123822138e-06,2.495453827577876e-06,4.343990804045461e-05,4.7605769282199617e-07,1.5035602984880825e-08,1.6596747798303113e-07
0,0.9999867677688599,1.205135617965425e-06,1.712350581328792e-07,1.0640696018526796e-05,4.282838688141055e-07,4.482446858133926e-09,8.20058460249129e-07
0,0.9999781847000122,2.2094395717431325e-06,1.3682359849553904e-06,1.2309087651374284e-05,4.825990345125319e-07,2.98520639319122e-08,5.428680651675677e-06
0,0.9999638795852661,9.002780643641017e-06,4.903391186417139e-07,4.453007477422943e-06,1.1666802492982242e-06,2.384318875670033e-08,2.0962137568858452e-05
0,0.9997082352638245,1.2848098776885308e-05,9.286943054576113e-07,1.5890769645920955e-05,6.473877078860824e-07,8.365376658048262e-08,0.00026136747328564525
0,0.9998962879180908,8.11838708614232e-06,4.053459178976482e-06,7.142770755308447e-06,4.005769937975856e-07,3.314606544790877e-07,8.372119918931276e-05
0,0.9999659061431885,8.537810572306626e-06,6.834232522123784e-07,4.162584446021356e-06,3.510066051148897e-07,1.63625671234513e-07,2.0222058083163574e-05
0,0.9999908208847046,1.4817289866186911e-06,7.01712394857168e-07,3.7715396956627956e-06,1.6503867072970024e-07,1.6932651192291814e-07,3.024298393938807e-06
0,0.9999954700469971,2.7785876000052667e-07,9.983334159358037e-09,1.0896478670474607e-06,7.227577043522615e-07,9.719498983429276e-09,2.381978447374422e-06
0,0.9999969005584717,8.581241672800388e-08,1.9327496829646407e-06,1.0725401580202742e-06,9.293088076844924e-09,3.307707174826646e-08,2.0729048699763553e-08
0,0.9999984502792358,1.1076975781065812e-08,2.1888354240218177e-07,1.2799556543541257e-06,5.361637356315896e-09,4.717453538916061e-09,6.437254729263486e-09
0,0.9999973773956299,5.9288140619173646e-08,2.858852496956388e-07,2.157866902052774e-06,8.245513605231736e-09,2.4231014972286857e-09,7.520125677729084e-08
0,0.9999995231628418,5.655683477101547e-09,3.756207718197402e-07,9.971333270186733e-08,1.0976136666229763e-09,5.9650080430628805e-09,9.717643356665917e-10
0,0.9999979734420776,6.301594623892015e-08,6.648309067713853e-07,8.670194802107289e-07,2.7383899237065634e-07,9.018150848305595e-08,8.90397942043819e-08
0,0.9999940395355225,2.604340743062039e-08,2.691206873350893e-06,1.1316609516143217e-06,5.06754361140338e-07,1.326226424680499e-06,2.3597119991336513e-07
0,0.9999659061431885,4.955273524842596e-08,9.507527465757448e-06,3.988659955211915e-06,5.344506917026592e-06,5.092469109513331e-06,1.002516637527151e-05
0,0.999992847442627,1.3490601524779322e-08,3.070205366384471e-06,1.0889915529332939e-06,1.7550995323745155e-07,3.6268073699829984e-07,2.5529109279887052e-06
0,0.9999997615814209,9.538454470714441e-10,8.986607724636997e-08,1.1834920599085308e-07,2.804454446447835e-09,6.207503844279927e-09,7.930680112622213e-09
0,0.9999973773956299,1.5656997476298784e-08,7.669373189855833e-07,1.7666029634710867e-06,9.64700852534861e-09,5.410059245036791e-08,8.701198339622351e-08
0,0.9999936819076538,1.9647792726118496e-08,3.1081972338142805e-06,2.79797131952364e-06,2.0060204164451534e-08,1.9831099962175358e-07,2.821585098899959e-07
0,0.9999942779541016,5.082398057965065e-09,1.8466682831785874e-06,3.026995273103239e-06,4.9517296929479926e-08,4.900716703559738e-07,3.5277875554129423e-07
0,0.9999829530715942,1.5492524596538715e-08,6.6300854086875916e-06,7.829527930880431e-06,9.091692731999501e-08,5.87220199577132e-07,1.8684900169319008e-06
0,0.9999940395355225,1.4861255559495135e-09,2.0133845737291267e-06,1.601018084329553e-06,1.0237729242135174e-07,2.148252406186657e-06,1.5353489857261593e-07
0,0.9999938011169434,9.945736456629106e-10,9.857160421233857e-07,1.1876655889864196e-06,1.980324526584809e-07,3.760607114600134e-06,2.667967180514097e-08
0,0.9999938011169434,3.1398328381726515e-09,5.221138508204604e-07,1.312697918365302e-06,5.661894988406857e-07,3.6990084026911063e-06,2.813520261213398e-08
0,0.9999964237213135,2.965187206882547e-09,6.556721814376942e-07,8.808506208879407e-07,1.3964992717774294e-07,1.872144935077813e-06,2.3173913898943965e-09
0,0.9999821186065674,8.478936663891545e-09,1.219043838318612e-06,3.6587377962860046e-06,9.732755188451847e-07,1.1729977813956793e-05,3.12130396196153e-07
0,0.9999803304672241,1.446428541385103e-07,7.293958333320916e-06,1.5462641158592305e-06,8.793197707746003e-07,9.530832357995678e-06,3.344263461713126e-07
0,0.9999536275863647,2.25748749471677e-07,2.0883786419290118e-05,7.490430107282009e-06,1.0230556881651864e-06,1.4437217942031566e-05,2.267669287903118e-06
0,0.9999940395355225,1.0287796392560722e-08,9.021346158988308e-07,9.408580012859602e-07,9.408422840806452e-08,3.967704742535716e-06,4.388073904237899e-09
0,0.9999901056289673,6.719023559753623e-08,3.2839666346262675e-06,2.142125140380813e-06,2.8311382038737065e-07,4.1564530874893535e-06,6.102985850020559e-08
0,0.9999890327453613,5.842239048092779e-08,6.633825705648633e-06,1.0316836096535553e-06,1.302063310504309e-07,3.0537562452082057e-06,2.63405670608563e-08
0,0.9999969005584717,1.8172855220655038e-08,1.569809114698728e-06,8.534300945939322e-07,2.2092908835702474e-08,7.257197012222605e-07,2.8836852905556043e-08
0,0.9999730587005615,1.1873386256411322e-06,2.050730472547002e-05,3.7652087030437542e-06,6.640226501986035e-08,8.888659976946656e-07,4.3839369823217567e-07
0,0.9999666213989258,2.8535362162074307e-06,2.0242217942723073e-05,8.408199391851667e-06,9.750901597271877e-08,7.325216984099825e-07,1.0103179874931811e-06
0,0.9999821186065674,1.0805774763866793e-06,1.3276717254484538e-05,2.6942254862660775e-06,4.560595101565923e-08,4.81419590414589e-07,2.788877111470356e-07
0,0.9999517202377319,4.502222509472631e-06,3.527785884216428e-05,3.8016751204850152e-06,6.220625436981209e-08,7.97359405169118e-07,3.766974714380922e-06
0,0.9999377727508545,9.154577128356323e-06,4.263731898390688e-05,6.313691756076878e-06,1.0051123666698913e-07,3.1779904929862823e-07,3.688061497086892e-06
0,0.9999724626541138,2.4928897346399026e-06,1.792374678188935e-05,4.450901997188339e-06,2.443641164973087e-07,8.006433063201257e-07,1.6705995449228794e-06
0,0.999915361404419,4.309484666009666e-06,6.925813795533031e-05,5.320914624462603e-06,2.1433531571801723e-07,9.67768414739112e-07,4.520528818829916e-06
0,0.9998962879180908,2.3114862415241078e-06,9.285200212616473e-05,6.5182452999579255e-06,1.0397259586625296e-07,8.35583875868906e-07,1.0881929028982995e-06
0,0.9999744892120361,9.538946414977545e-07,1.908968624775298e-05,3.857471710944083e-06,2.3780458491273748e-07,4.158344495408528e-07,9.49256445892388e-07
0,0.9999847412109375,4.313576766890037e-07,8.889845048543066e-06,4.147774689045036e-06,8.904405035536911e-08,2.2219218465124868e-07,1.4599213500332553e-06
0,0.999992847442627,1.681997474634045e-07,4.453196197573561e-06,1.7539725831738906e-06,5.8104451028384574e-08,1.2346359312687127e-07,6.282789968281577e-07
0,0.9999947547912598,1.988972258004651e-07,1.5906384760455694e-06,2.7803600914921844e-06,1.2185890341243066e-07,8.406455975773497e-08,4.431891511558206e-07
0,0.9999959468841553,5.585694040632916e-08,1.7844183730630903e-06,1.0699533277147566e-06,1.9145959129218681e-07,1.3736489279381203e-07,6.626514164054242e-07
0,0.9999960660934448,8.101228843315766e-08,1.6367189346055966e-06,1.0848322062884108e-06,1.6284056414406223e-07,9.971565617661327e-08,8.652806968711957e-07
0,0.9999825954437256,1.584731421644392e-07,4.451859695109306e-06,5.226677330938401e-06,4.5967900064169953e-07,3.4832535789064423e-07,6.7522996687330306e-06
0,0.9999769926071167,7.125676404484693e-08,1.7769590954230807e-07,2.2251770133152604e-05,2.2313795966510952e-07,2.2089224671617558e-08,2.9170894322305685e-07
0,0.9999778270721436,3.5021432154280774e-07,1.6733160919102374e-06,1.9829802113235928e-05,6.96785562581681e-08,2.2977811653390745e-08,2.5626405886214343e-07
0,0.9999748468399048,2.114430344590801e-06,2.559820359238074e-06,1.959907604032196e-05,1.5798767094565846e-07,3.855857855228351e-08,8.035451060095511e-07
0,0.9999589920043945,9.026003908729763e-07,2.554847071678523e-07,3.899003058904782e-05,3.2439149322271987e-07,1.989899978127596e-08,4.2908428099508455e-07
0,0.9999735355377197,1.6892624898900976e-06,2.2051295900382684e-07,2.3423102902597748e-05,6.3116448245637e-07,3.743162935165856e-08,4.638114603494614e-07
0,0.9998551607131958,1.3298214298629318e-06,5.56417383279495e-08,0.0001407403324265033,2.5916783670254517e-06,2.190830450388148e-08,1.1865132876209827e-07
0,0.9997238516807556,8.371302101295441e-06,1.2849137647208408e-06,0.000265593669610098,4.0139005363926117e-07,6.977335686997321e-08,5.385286954151525e-07
0,0.9998866319656372,6.561766440427164e-06,8.383663043787237e-07,0.00010409576498204842,3.609807777138485e-07,6.135558550113274e-08,1.3740549320573336e-06
0,0.999833345413208,1.0839211427082773e-05,1.8203446643383359e-06,0.00015043839812278748,7.410534408336389e-07,1.173849355495804e-07,2.6558775516605237e-06
0,0.9999227523803711,7.834076313883997e-06,3.463807843218092e-06,6.483485776698217e-05,3.667472014967643e-07,2.0649551402129873e-07,5.625229846373259e-07
0,0.999775230884552,2.7530049919732846e-05,3.626889883889817e-05,0.00015538294974248856,7.864270514801319e-07,6.395454192897887e-07,4.183034889138071e-06
0,0.9999502897262573,5.067367510491749e-06,1.0149413355975412e-05,3.275161361671053e-05,2.0419096813384385e-07,7.52268761061714e-07,6.57587577279628e-07
0,0.9999443292617798,6.552064860443352e-06,6.836787179054227e-06,4.0462356992065907e-05,3.274926427820901e-07,5.899535722164728e-07,9.59205067374569e-07
0,0.9998694658279419,3.6665249353973195e-05,2.2197958969627507e-05,6.543529161717743e-05,6.484147547780594e-07,1.5547142311334028e-06,4.058215836266754e-06
0,0.9999628067016602,6.723102615069365e-06,2.621825387905119e-06,2.6305953724659048e-05,3.9836163523432333e-07,3.568480053672829e-07,8.035377163650992e-07
0,0.9999269247055054,1.0752327398222405e-05,5.0029248086502776e-06,4.793457264895551e-05,7.718564347669599e-07,1.3621522612083936e-06,7.255066975631053e-06
0,0.999964714050293,7.658856702619232e-06,5.101835085952189e-06,1.9957469703513198e-05,1.4112396229393198e-07,4.7569776029376953e-07,1.94405060938152e-06
0,0.9999738931655884,4.365585937193828e-06,4.2462843339308165e-06,1.3209746612119488e-05,1.4636630396580586e-07,3.72316833363584e-07,3.7189581689744955e-06
0,0.9999748468399048,1.1945847973038326e-06,3.2075891454041994e-07,2.259176835650578e-05,2.4341645143977075e-07,7.767149412529761e-08,7.4858149901047e-07
0,0.9999866485595703,9.808629783947254e-07,5.632460897686542e-07,1.098369375540642e-05,2.8198141421853506e-07,7.182208605627238e-08,4.6395601316362445e-07
0,0.9999963045120239,3.920196434137324e-07,3.031758240013005e-07,2.7574965315579902e-06,4.8361656013184984e-08,4.4674703048031006e-08,1.5404519615458412e-07
0,0.9999971389770508,3.741547232039011e-07,2.661659266323113e-07,2.251143769171904e-06,3.618526278614809e-08,3.013420268871414e-08,1.5597024116686953e-08
0,0.9999806880950928,4.012182216683868e-06,6.164250976326002e-07,1.4044696399651002e-05,2.0229821018347138e-07,2.157871925589916e-08,3.0126625460979994e-07
0,0.9999622106552124,2.1234434825601056e-05,1.943919642144465e-06,1.2298083674977534e-05,1.6948466452504363e-07,9.866362660204686e-08,2.1400885543698678e-06
0,0.9999157190322876,4.697993063018657e-05,2.0828496417379938e-05,1.1677377187879756e-05,4.7372870426443114e-07,5.949090109425015e-07,3.7431934742926387e-06
0,0.999982476234436,5.7409888540860265e-06,2.60851902567083e-06,8.751116183702834e-06,1.7877491131912393e-07,1.3382039298903692e-07,1.3224330075445323e-07
0,0.9999246597290039,6.204730743775144e-05,6.854746175122273e-07,8.104523658403195e-06,7.072042649269861e-07,1.6883424436286987e-08,3.716258106578607e-06
0,0.9999347925186157,4.674953015637584e-05,2.590440431049501e-07,1.6894362488528714e-05,3.2829004226186953e-07,7.196298668077361e-09,9.267218388231413e-07
0,0.9999744892120361,1.2733013136312366e-05,4.249209837325907e-07,1.1006753993569873e-05,1.891661298714098e-07,6.272233399329252e-09,1.1690918881868129e-06
0,0.9999449253082275,1.575860005686991e-05,8.809622613625834e-07,3.6129324143985286e-05,3.3226456253032666e-07,1.179137765205951e-08,2.028962171607418e-06
0,0.9999594688415527,2.7058873456553556e-05,3.8199647178771556e-07,1.0109088179888204e-05,2.257670814742596e-07,2.8830591247697157e-09,2.7513351597008295e-06
0,0.9999808073043823,8.837957466312218e-06,6.148118245619116e-07,8.900056855054572e-06,7.33078238113194e-08,4.940019504573456e-09,6.573624204975204e-07
0,0.9999929666519165,1.2282304169275449e-06,1.0311403286777931e-07,3.6067006021767156e-06,7.867922846571673e-08,3.602951492709394e-09,1.968639708138653e-06
0,0.9999709129333496,1.4559954024662147e-06,1.576151902327183e-07,1.57537215272896e-05,1.0150598939162592e-07,5.36420108332436e-09,1.168183189292904e-05
0,0.999993085861206,2.33816808759002e-06,6.792387097220853e-08,4.393318704387639e-06,3.005085602580948e-08,3.834108142086734e-09,4.639050033006242e-09
0,0.9999881982803345,4.160538082942367e-06,2.2219272466372786e-07,6.971384664211655e-06,4.080966391484253e-07,7.356005937708687e-08,1.8262902301557915e-08
0,0.9999778270721436,4.159145646553952e-06,1.074663131817033e-07,1.5830170013941824e-05,1.7962181573238922e-06,1.2123379633521836e-07,9.761040331568438e-08
0,0.9999970197677612,4.064339975684561e-07,8.556400388215479e-08,1.9294900539534865e-06,1.4523286040457606e-07,4.375008302304195e-07,3.5492051519980805e-09
0,0.9999817609786987,4.557663487503305e-06,9.071497970580822e-07,9.771008080861066e-06,6.106268415351224e-07,8.643240221317683e-07,1.5666222452637157e-06
0,0.9999731779098511,1.545154759696743e-06,5.522496167031932e-07,1.1523198736540508e-05,1.5864986835367745e-06,1.661501414673694e-06,9.95760547084501e-06
0,0.9999942779541016,7.235561270135804e-07,4.3582886632975715e-07,2.338097147003282e-06,2.510494994112378e-07,6.327601909106306e-07,1.3792656545774662e-06
0,0.999970555305481,1.9866654383804416e-06,1.6594461840213626e-06,6.633190878346795e-06,9.393269806423632e-07,4.301760327507509e-06,1.3993670108902734e-05
0,0.9999630451202393,8.899936574380263e-07,1.8595644633023767e-06,8.552339750167448e-06,8.407524205722439e-07,7.098325113474857e-06,1.7633536117500626e-05
0,0.9999644756317139,3.082831199208158e-06,2.5072322387131862e-06,5.627887730952352e-06,7.816502716195828e-07,5.132515525474446e-06,1.8332120816921815e-05
0,0.9999750852584839,2.7684202450473094e-06,4.743662884720834e-07,5.452198365674121e-06,4.61562876807875e-06,7.916425602161326e-06,3.6394499147718307e-06
0,0.9999804496765137,3.427309593462269e-06,2.4696851141925436e-07,7.784747140249237e-06,3.4837926250474993e-06,4.0986442400026135e-06,6.330441806312592e-07
0,0.9999752044677734,9.343340025225189e-06,1.577323359924776e-06,7.3019737101276405e-06,1.133335217673448e-06,4.089108188054524e-06,1.2514943819041946e-06
0,0.9999673366546631,1.6890855476958677e-05,2.1264506813167827e-06,7.076240763126407e-06,1.3603755633084802e-06,3.7926051845715847e-06,1.508592731624958e-06
0,0.9999748468399048,1.3935877177573275e-05,2.7143455554323737e-06,4.024213922093622e-06,5.247466106084175e-07,2.679587623788393e-06,1.352734784632048e-06
0,0.9999909400939941,4.341240128269419e-06,6.022993943588517e-07,2.037066906268592e-06,2.749554823822109e-07,1.5334646832343424e-06,3.7973396160850825e-07
0,0.9999715089797974,2.372586641286034e-05,3.9933047446538694e-07,2.7262490220891777e-06,4.521322978234821e-07,6.820350222369598e-07,4.0538080270380306e-07
0,0.9999443292617798,5.3190826292848215e-05,4.1529642658133525e-07,1.3970574173072237e-06,1.9880015145190555e-07,3.2428189911115624e-07,6.984866729453643e-08
0,0.9984742999076843,0.001518598641268909,2.2322003587760264e-06,1.6523633803444682e-06,8.838771918817656e-07,5.313780775395571e-07,1.759663177836046e-06
1,0.0015956065617501736,0.997661828994751,2.3414472707372624e-06,2.5922599888872355e-06,3.5732080050365767e-07,1.368843811633269e-07,0.0007370931562036276
1,4.80549670101027e-06,0.9999172687530518,3.483823434180522e-07,7.625991429449641e-07,2.3895799117212846e-08,1.7182372857860173e-08,7.681194983888417e-05
1,5.601096972895903e-07,0.99986732006073,3.107543989244732e-06,1.368631046716473e-06,1.0233791591929275e-08,9.408791612486311e-08,0.000127499908558093
1,5.998227152304025e-06,0.999915361404419,2.0846161987719825e-06,1.751165996211057e-06,4.985653845324123e-08,3.76241438004854e-08,7.47504091123119e-05
1,0.0011937078088521957,0.9983637928962708,9.685612167231739e-05,1.52307284224662e-05,1.7645415937295184e-06,6.090443775974563e-07,0.00032809158437885344
1,0.002726364880800247,0.9968777894973755,5.595690163318068e-05,1.650661761232186e-05,1.435234025848331e-06,1.594283247641215e-07,0.0003218684869352728
1,4.6180463186829e-07,0.9998887777328491,6.358221980917733e-06,4.0388943034486147e-07,6.490335380249235e-09,7.509273203254452e-09,0.00010397454752819613
1,3.300880280221463e-07,0.9999960660934448,4.896306222690328e-07,5.6581267671163005e-08,3.6871665720639157e-09,2.027024104123143e-09,3.134656935799285e-06
1,1.6009806813599425e-06,0.9999868869781494,7.32205123199492e-08,1.274919583238443e-07,7.97742583102945e-09,6.331275503868028e-10,1.1254980563535355e-05
1,1.199748476210516e-05,0.9999731779098511,9.163574077319936e-08,1.1961986956521287e-07,6.92612545094562e-08,4.528115382651521e-10,1.449739374947967e-05
1,1.2881057955382857e-05,0.9999737739562988,9.018122426596165e-08,3.6508787104594376e-08,3.552206351287168e-08,4.117947649540099e-10,1.3272036994749215e-05
1,2.578656506102561e-07,0.9999988079071045,4.241141127181436e-08,4.361850880485463e-09,3.2442608599581035e-09,9.509810994234869e-11,8.657122521071869e-07
1,8.192855283084555e-09,0.9999994039535522,1.8677670965416837e-08,3.1545153156287142e-09,1.3680724331166516e-09,6.053807455330684e-11,5.80673031436163e-07
1,1.5759031579687388e-10,0.9999996423721313,1.3627033723651039e-08,1.7610818359159452e-09,5.107601563913988e-10,4.318217658449974e-11,3.850590246656793e-07
1,9.572349579656247e-10,0.9999994039535522,2.838956403294901e-09,1.4540433301846178e-09,6.454358714158559e-10,1.0328338011234006e-11,5.637556910187413e-07
1,2.8456514922226006e-09,0.9999992847442627,3.4034419726935994e-09,1.8753050223807577e-09,2.0788715193731377e-09,2.3597150275445067e-11,6.696449759147072e-07
1,7.680077906968563e-09,0.999998927116394,1.22379162359465e-09,4.170791767510451e-10,4.712383816496413e-09,2.654636926946452e-11,1.018450575429597e-06
1,5.640541419354994e-12,1.0,5.069303310456519e-11,1.0052501192570062e-10,1.1625106433044152e-10,1.1023078066649261e-12,8.870006951156029e-09
1,2.6740412550907422e-08,0.9999982118606567,1.5014310628114202e-10,2.155609246656809e-09,3.645267421248377e-09,1.6573346427878333e-12,1.7549691619933583e-06
1,2.972047923321952e-07,0.9999909400939941,1.9122604888455186e-10,1.559165352382763e-09,3.367397027886909e-08,9.079719615057158e-12,8.745933882892132e-06
1,9.162513379123993e-07,0.9999865293502808,1.7944699892691318e-10,4.05421296534314e-09,1.043411756995738e-07,4.7241880546389226e-12,1.2459061508707236e-05
1,1.9551657715055626e-06,0.9999886751174927,3.2716609976723987e-10,7.239502775036044e-09,1.417231914047079e-07,1.2567839130506187e-11,9.278661309508607e-06
1,9.326114422947285e-07,0.9999977350234985,5.656098853168423e-11,3.5187273095260707e-09,9.288882552027644e-08,4.372076485570364e-12,1.2959121704625431e-06
1,2.0219752627781418e-07,0.9999988079071045,6.345008546349007e-11,5.31745703025166e-10,1.8979497085069852e-08,6.540776600894027e-12,9.70378778220038e-07
1,2.2635977359186654e-07,0.9999996423721313,3.859427707975094e-11,1.7950993469462162e-10,1.695811668867009e-08,3.2568630951856914e-12,1.683467871771427e-07
1,1.6162563554189546e-07,0.9999992847442627,5.481627651793275e-11,5.13852627115341e-10,1.1951061473780555e-08,3.765522182258563e-12,5.974736154712446e-07
1,2.1592022392269428e-07,0.9999994039535522,1.0183821841369678e-10,4.460327107658202e-10,1.2035449969971523e-08,6.09807343510127e-12,3.991657138158189e-07
1,7.453086254827213e-07,0.9999982118606567,3.078104993115005e-10,1.2528720283455641e-09,2.839474433358191e-08,2.1265511920831592e-11,9.92492232398945e-07
1,6.373098813128308e-07,0.9999985694885254,3.7365194271998803e-10,9.090663222188766e-10,2.106821384018076e-08,2.0120200644457853e-11,8.100466288851749e-07
1,6.373234668899386e-07,0.9999988079071045,2.1109386461048985e-10,4.2131351185581423e-10,1.5191897517752295e-08,1.008347745579119e-11,5.568846290771035e-07
1,7.496112743865524e-07,0.9999982118606567,2.5187196772691323e-10,8.10242872795186e-10,4.1233654712868884e-08,1.836922454423462e-11,9.462907542001631e-07
1,9.783864243217977e-07,0.9999973773956299,3.2759231438639347e-10,1.5545725817744938e-09,8.44305105829335e-08,3.9430226445036354e-11,1.5061237945701578e-06
1,1.1490288187587794e-07,0.9999988079071045,5.814849643459574e-11,8.706214638110055e-10,4.5297049666714884e-08,1.9577835880246752e-11,9.90580929283169e-07
1,5.408398919826141e-07,0.9999978542327881,3.322154218388107e-10,2.1029404884131964e-09,5.230037203318716e-08,5.523284954400687e-11,1.5662172927477513e-06
1,2.8292245701777574e-07,0.9999977350234985,7.760325715366889e-11,1.7320896938954888e-09,1.2444837160785482e-08,1.5296911307083327e-11,2.011114247579826e-06
1,1.2411156831149128e-06,0.9999922513961792,1.0997258659273257e-10,1.763560497636263e-08,2.746801612829586e-07,5.330274416293079e-11,6.2680846895091236e-06
1,5.06097705965658e-07,0.9999659061431885,7.684222182169353e-12,3.98736466067362e-09,6.931357461326115e-07,9.07433329866425e-12,3.2844684028532356e-05
1,3.179446537160402e-07,0.9999982118606567,4.077966575533054e-10,6.348630954278178e-09,9.510721987737725e-09,1.0110586846912017e-11,1.43076670156006e-06
1,2.133875796062057e-06,0.9999970197677612,1.205066824105927e-09,2.42197772948316e-09,1.0781199932807795e-08,1.846105213143545e-11,8.235357427111012e-07
1,1.3425544693745906e-06,0.999997615814209,1.4060559383466398e-09,2.4503044038226562e-09,9.505892073491395e-09,2.6540209266401327e-11,1.025493929773802e-06
1,9.600751127436524e-07,0.9999973773956299,1.0217167389914295e-10,1.9888977131898855e-09,1.6611499731311596e-08,7.342041905000762e-12,1.704501869426167e-06
1,3.82705252377491e-07,0.9999954700469971,7.574876143001674e-11,2.266636212056028e-09,1.4956063054683e-08,5.109660090873991e-12,4.1489270188321825e-06
1,5.829797373735346e-07,0.9999394416809082,4.6543238013674326e-11,9.238700360292285e-10,4.124995456322722e-08,1.1161708710072382e-11,5.995777974021621e-05
1,1.2017201811431732e-07,0.9999959468841553,2.5273024992222837e-11,1.3646866969807547e-10,6.220600479167615e-09,1.945347962578614e-12,3.969843419326935e-06
1,1.9356178881935193e-08,0.9999997615814209,4.063712907842465e-12,1.0414093198907182e-11,1.408052896501033e-09,2.643964149180722e-13,1.8045962235646584e-07
1,4.2618392370741276e-08,0.9999997615814209,2.3288908995722224e-11,1.682394154545186e-11,2.055703607339865e-09,1.0223926739938438e-12,1.421517055177901e-07
1,5.869799313273916e-09,1.0,2.036228390761563e-12,1.7999254430661749e-12,5.069064057394712e-10,9.593502614492141e-14,2.238279961375156e-08
1,8.088533398620257e-09,0.9999997615814209,1.6078542577208088e-12,2.203392850119723e-12,2.91633783788825e-09,1.7793243007463433e-13,2.3486458644583763e-07
1,7.511239630275668e-09,1.0,1.8397683550219757e-12,1.28948067501522e-12,1.0843569375751372e-09,5.78908530271191e-14,2.293073109171928e-08
1,8.87174955721548e-09,1.0,4.449330660849515e-12,2.457191134591641e-12,2.342476879135802e-09,1.1193862948111893e-13,1.2033575025327536e-08
1,1.5702933069405844e-06,0.9999915361404419,2.7757832143926464e-10,1.3612549976116384e-09,1.0736615507767056e-07,2.4491424513439775e-11,6.776202098990325e-06
1,2.1534258110023075e-07,0.9999994039535522,5.570904154650336e-11,4.812600318260252e-10,8.242609084163632e-08,3.970189194762996e-12,2.997798560500087e-07
1,2.1741364264471486e-09,1.0,2.0288469255308472e-12,3.2627581192379296e-12,4.298312816786165e-09,1.7738555849883264e-13,6.339228697527233e-09
1,4.709271195224574e-09,1.0,4.792428173056029e-12,4.871102219500267e-12,3.990285435406804e-09,1.4879097303202582e-13,1.5129224095744576e-08
1,6.968452481714849e-08,0.9999948740005493,4.514641993580426e-09,9.563327907358143e-10,6.055150691963718e-08,1.3846196411648748e-10,5.0139401537308e-06
1,9.379739651649288e-08,0.9999943971633911,8.669670537031493e-10,1.7816174091578318e-09,2.5633551103965146e-07,3.0411576035227483e-11,5.224989763519261e-06
1,1.807017042665393e-07,0.9999899864196777,7.010917180139131e-09,8.374207993711025e-10,1.2304666086038196e-07,1.1848734493558055e-10,9.745282113726716e-06
1,1.7344711977784755e-07,0.9999306201934814,3.2183335996194273e-09,8.29449042782926e-09,9.090302341974166e-07,3.403478887609168e-10,6.831053178757429e-05
1,6.839407546976872e-07,0.9996471405029297,2.469915827418845e-08,4.312455814670102e-08,6.200432835612446e-06,3.1426619084840013e-09,0.0003459018189460039
6,2.099539415212348e-06,0.00033165901550091803,3.961938332963655e-08,2.9965093517603236e-08,1.6599271930317627e-06,1.9640880566385022e-07,0.999664306640625
6,1.4277432569542725e-07,3.044186996703502e-06,1.71307112939445e-09,2.5948905246764298e-09,5.78432661768602e-08,8.114019678373552e-09,0.9999966621398926
6,2.0898779595768247e-08,3.2314397913069115e-07,4.971510980666949e-10,5.520801038549905e-10,2.4076747706658352e-08,3.7195662105915517e-09,0.9999996423721313
6,1.6285930826143158e-07,1.2048682265231037e-06,8.09651901079178e-09,4.35543201504629e-09,5.7465317837568364e-08,2.8861498080345882e-08,0.9999985694885254
6,2.836487453805603e-07,1.404062732035527e-05,3.945696214202599e-09,3.122261116317304e-09,5.131909119882039e-08,1.8765145881616263e-08,0.9999855756759644
6,7.965535075982189e-08,2.2830749912827741e-07,2.9520583200159933e-10,5.7031029204734907e-11,4.338400927395014e-08,4.169574197021575e-08,0.9999996423721313
6,1.3875251170247793e-07,5.349158413991972e-07,4.342253667743989e-09,2.2087134343706794e-09,4.491516136795326e-08,1.385198089565165e-07,0.9999990463256836
6,6.710774158591448e-08,3.4506720680838043e-07,8.195696898916083e-10,8.929426087433967e-10,7.14302359483554e-08,5.7612759007952263e-08,0.9999995231628418
6,3.642001544790219e-08,1.7134238916582945e-08,5.663367552699583e-10,5.058844454453038e-10,2.4321561653550816e-08,5.2578027265326455e-08,0.9999997615814209
6,2.3671664450830576e-07,3.30019133798487e-07,9.173839465859146e-10,1.087552048417706e-09,1.3574423007867154e-07,2.8546830321829475e-07,0.9999990463256836
6,2.622925194373238e-06,7.887799142736185e-07,7.024270498590113e-09,3.1539717504358578e-09,5.108798859509989e-07,3.0126179808576126e-06,0.999993085861206
6,4.322122549638152e-06,1.681526737229433e-05,2.9413802948852208e-08,2.3758994771583275e-08,1.4224386859496008e-06,3.359761194587918e-06,0.9999741315841675
6,1.1663149734886247e-06,6.099501661083195e-06,6.838799304631493e-09,1.0588705023906186e-08,3.882484634232242e-06,2.4167025003407616e-06,0.9999864101409912
6,8.72114810590574e-07,1.0211932021775283e-05,1.3376832974643094e-08,1.741914701369751e-08,8.854782208800316e-06,2.756449930529925e-06,0.9999772310256958
6,1.084259565686807e-06,5.653686821460724e-05,3.128412728869989e-08,3.9373354354665935e-08,9.53462949837558e-06,3.304151960037416e-06,0.9999295473098755
6,5.130147542331542e-07,1.2573705134855118e-05,5.019146431806121e-09,4.233200900927159e-09,1.2966781923751114e-06,5.807649472444609e-07,0.9999850988388062
6,2.977697199924023e-08,4.687594991992228e-05,8.159547482122775e-10,2.677327026745502e-09,2.840646686763648e-07,2.1519535664538125e-07,0.9999525547027588
6,2.4026272527066794e-08,8.379413884540554e-06,4.5182940722199305e-10,1.0854278587046906e-09,3.5848032098328986e-08,9.025594494005418e-08,0.9999914169311523
6,8.800230766325967e-09,1.1807836699517793e-06,2.2261069376749987e-10,4.722079949281976e-10,2.227566042733997e-08,4.653027119161379e-08,0.9999988079071045
6,4.195721992061863e-09,4.782662585967046e-07,2.2012103251256576e-10,7.097344933981731e-10,8.135428331002004e-09,1.389217096914308e-08,0.9999995231628418
6,1.6823266335563858e-08,1.7650988866080297e-06,8.682032315299182e-10,1.8443214733210311e-09,1.5382962459398186e-08,2.0806753653346277e-08,0.9999982118606567
6,3.9010831187624717e-07,2.0035662601003423e-05,9.854715266044423e-09,9.036435599796278e-09,1.7948002550838282e-07,1.550434518549082e-07,0.9999792575836182
6,2.4408995713542936e-08,4.988370164937805e-06,2.7883377828885614e-09,1.8262314993577888e-09,5.084749332695537e-08,8.499758763491627e-08,0.9999947547912598
6,6.0373629651167e-08,9.999732242249593e-08,1.9028474351756586e-09,8.10466582734648e-10,6.245176109587192e-08,9.040434179041767e-08,0.9999996423721313
6,1.3844477564362023e-07,5.530982321033662e-07,5.736021080338105e-08,3.2465095500811e-08,3.9795736483938526e-08,3.902436276348453e-07,0.999998927116394
6,1.003050300596442e-07,4.909189215140941e-07,2.8081730274465144e-09,6.420693754449758e-09,6.53445795251173e-08,6.650641637406807e-08,0.9999992847442627
6,1.283348609604218e-07,4.582137478337245e-07,2.6240890349527035e-08,1.390194537265188e-08,5.2931376615106274e-08,2.0832436575801694e-07,0.9999990463256836
6,1.421772140020039e-06,7.216878202598309e-06,1.8420368519400654e-07,1.1152355483545762e-07,2.7575299554882804e-07,8.555461477044446e-07,0.9999898672103882
6,5.201795829634648e-07,5.2517814765451476e-05,3.1171612135949545e-07,3.7800009522470646e-07,4.727367297618912e-07,1.4340309917315608e-06,0.9999443292617798
6,3.0398791750485543e-06,0.0002105893800035119,1.3067501640762202e-06,1.2019257837891928e-06,3.747842356460751e-07,2.102508460666286e-06,0.9997813105583191
6,6.464284041385326e-08,7.302768062800169e-05,2.838090722434572e-07,5.182424160921073e-07,1.3527711928418285e-07,8.075266464402375e-07,0.9999251365661621
6,2.0137541412168503e-07,1.9183042240911163e-05,1.4610455423280655e-07,4.829279873774794e-07,2.7321758011567e-07,1.0926337381533813e-06,0.9999786615371704
6,8.24840782343017e-08,2.7650179617921822e-05,1.1562375590301599e-07,5.018569595449662e-07,1.4972232520449325e-07,1.180620415652811e-06,0.9999703168869019
6,3.1852586346303724e-08,1.039770995703293e-05,1.7501246674100912e-08,1.6505570954450377e-07,8.5074319144951e-08,1.8061385276268993e-07,0.9999891519546509
6,4.408958975687938e-09,1.1614388313319068e-06,1.0483807155736713e-09,3.031416895282746e-08,7.860164075168541e-09,6.580519595900114e-08,0.9999986886978149
6,9.307293602489608e-09,1.2008600833723904e-06,1.1222757834161712e-08,3.40241541607611e-08,1.1294092772118347e-08,2.1617512402372085e-07,0.9999985694885254
6,5.632683763856505e-10,7.782268198752718e-07,5.028204963508642e-09,5.983556761179898e-09,2.4969164513777287e-09,3.466772113824845e-08,0.9999991655349731
6,6.886952674811653e-10,3.184525212418521e-07,2.963048695292514e-09,5.516517243009389e-10,9.430748626471086e-09,1.6824348136879053e-08,0.9999996423721313
6,5.3080366491098374e-11,4.133184106080989e-08,3.957612709770686e-11,4.034530695640193e-11,5.21098764139083e-09,8.103664406178268e-10,1.0
6,1.0202589467711576e-10,4.582423684951209e-08,1.0124216048845724e-10,9.124111188807404e-11,3.3473568361586103e-09,2.2883837047515954e-09,1.0
6,6.582626804751968e-11,2.543798238718864e-08,3.0476433876547304e-11,8.41157143938176e-11,2.010490662840425e-09,7.819616620885483e-10,1.0
6,3.235227016840092e-11,1.3924700503764598e-08,1.7115205086515317e-11,1.514170872018994e-10,5.384568346755714e-10,5.908357136874542e-10,1.0
6,2.792385211947135e-10,1.9729895939235575e-08,3.849430843527735e-11,1.4680978654979526e-09,7.345009600534524e-10,1.1497720553421686e-09,1.0
6,1.1436387253871416e-10,9.297296266197463e-10,8.241182909707323e-12,1.7732738610831689e-09,2.8876709357028574e-10,3.0491739688720543e-10,1.0
6,9.096638720063055e-11,3.661305425506356e-10,1.1836220371874706e-11,1.4939244286082953e-09,1.4960907512850952e-10,5.234574440571294e-10,1.0
6,1.2074354849289648e-09,2.1159689556071726e-09,2.0489691540670485e-11,1.0993810306558771e-08,4.680541509927139e-10,4.787307772424754e-10,1.0
6,3.8657302359190737e-10,2.385058817111485e-09,6.054812033695622e-12,5.00398433800342e-09,6.864490087465924e-10,1.7552667652687148e-10,1.0
6,1.9717535937324726e-10,3.6301133210514536e-09,6.284598709493938e-12,3.5521550145745096e-09,9.580246596030406e-10,1.4205665810340662e-10,1.0
6,1.476242218745316e-11,2.7366264809813856e-10,3.191871409107677e-13,5.840113392885371e-10,4.2930259347429e-10,3.2000308652913034e-11,1.0
6,1.20398179273562e-12,3.431187972635641e-11,4.8725468646849956e-14,2.8241589622446384e-10,5.112737316848026e-11,4.114047644221408e-12,1.0
6,6.572649542679887e-12,2.4487203931222723e-10,4.113747374429738e-13,1.2945147176424143e-09,2.4861390723884824e-10,3.964956835078581e-11,1.0
6,4.9832889550960324e-12,3.674170412359956e-10,2.288031092714804e-12,9.168386883029456e-11,6.72686684133339e-10,3.6461131336373853e-10,1.0
6,4.6939739421769655e-12,7.010742542057358e-10,2.8293318209138274e-12,2.608539495518869e-10,6.737383428934152e-10,1.0746996348398596e-10,1.0
6,1.79061507375039e-12,3.510111298843377e-11,5.365921465841361e-13,1.4206208431843947e-10,2.507573315657652e-11,1.3208717106194534e-11,1.0
6,9.839034101344346e-12,1.5956969079411465e-10,2.6924766236002817e-11,3.901003520212498e-09,3.6018188431796716e-11,4.3710712133160357e-11,1.0
6,9.781948862030987e-11,9.199005446269837e-11,4.170965059880488e-13,9.325588079533986e-10,1.7615854608354908e-10,1.1378678381468443e-11,1.0
6,6.396232848926431e-11,1.5073359227457672e-10,9.674081197577622e-13,3.418692828827119e-10,3.1737654171415386e-11,4.0086732544519776e-11,1.0
6,6.229967652870982e-10,1.7842051169836282e-09,9.257825409059173e-12,2.6143534004319235e-09,1.1640816088842598e-10,5.874901259916854e-11,1.0
6,7.111671251891494e-10,7.441604554792036e-10,1.2562810514094025e-10,5.838044270234377e-09,8.902183851189349e-11,4.564623123926026e-10,1.0
6,2.0754323606930747e-11,3.40668777909503e-11,9.389720988586814e-13,2.542825672247062e-10,2.2004295954780595e-11,7.864140588731416e-11,1.0
6,6.060525969964203e-10,1.9694770259093275e-09,2.742828013324594e-11,5.0002921803127265e-09,1.4943034587489024e-09,3.2857686016463106e-10,1.0
6,1.5602973080230953e-10,2.7095266030841003e-09,5.259539331836649e-12,1.719732467542201e-09,1.4580405771624783e-09,7.232649201771579e-11,1.0
6,2.379792363171873e-08,4.9100453480832584e-08,8.483692082172922e-10,1.4551133631357516e-07,9.249104238051586e-08,3.463896947053513e-09,0.9999996423721313
6,2.1236581937422727e-10,2.0396364597274896e-09,1.128173336001348e-11,6.357815607316297e-09,2.7329660756691965e-09,8.828392183968248e-11,1.0
6,8.849473154270981e-09,5.397948310559286e-09,6.171761712803203e-11,3.268961989988384e-08,1.9788845406765176e-07,1.524935622221335e-09,0.9999997615814209
6,3.4282408023500466e-09,2.333736093262928e-09,2.0662617450373233e-10,1.3074186178130276e-08,2.626540229755392e-08,8.174375065728157e-10,1.0
6,4.333147174406804e-09,1.4813915427680513e-08,2.704753365723178e-10,4.2417674706030084e-08,3.467615954377834e-07,8.203830392794487e-10,0.9999996423721313
6,5.9559241982753974e-09,6.626456272584846e-09,7.361934950544935e-10,3.19946821036865e-07,1.7084965975300292e-07,5.708166161966233e-10,0.9999995231628418
6,3.285022742716137e-08,1.763817714106608e-08,1.2499989932024391e-09,3.31450110024889e-07,6.585898404409818e-07,3.858840358361704e-09,0.999998927116394
6,6.1351007607513e-10,3.2351439305244867e-09,3.6769448596984944e-11,1.2140500160739975e-08,3.6828460281412845e-08,2.142552524286856e-10,1.0
6,8.011358243464883e-11,7.222038522769481e-10,1.0028863156597012e-11,5.594584795431956e-09,7.888620423557313e-09,6.726132151246844e-11,1.0
6,1.506176953991467e-11,3.33087918358288e-10,6.613440264174875e-13,7.037940230603112e-10,3.815699312070819e-09,4.844620798277743e-12,1.0
6,4.3964061557932865e-11,3.636265177853204e-10,8.528216110734177e-13,4.181501811473254e-10,9.643923881696992e-09,1.0714979251091883e-11,1.0
6,4.379884302463388e-11,1.7568141386092861e-10,2.4098071628453344e-12,1.3451738611891528e-09,3.2535101279762557e-09,1.8169278581670056e-11,1.0
6,7.479423330680746e-11,3.7269939912043526e-10,7.883340247955006e-13,9.953580182298083e-10,8.655844929705836e-09,5.200068240590605e-12,1.0
6,1.8536726320572683e-10,2.2087065509879267e-09,1.2746552945086531e-11,3.6118248392114083e-09,5.993078389110451e-08,5.809578859650166e-11,0.9999998807907104
6,7.207918151230785e-10,5.676759951001031e-09,7.146545161207385e-11,3.015538396766715e-08,1.5575788836486026e-07,1.7596743506764767e-10,0.9999998807907104
6,2.2994911530460627e-10,2.487677175366798e-09,2.8699210976451672e-12,1.0442255948817092e-08,1.7057979562196124e-07,4.328179481483119e-11,0.9999998807907104
6,2.6790053508918277e-10,2.8442368460446232e-09,1.646213720896128e-11,2.0165709102570872e-08,1.1450776327137646e-07,6.071760316750385e-10,0.9999998807907104
6,1.549016470647757e-11,1.0626252100465194e-09,2.1919456267421866e-12,4.981844980989081e-08,1.6925007173540507e-07,3.6477404430357296e-10,0.9999998807907104
6,2.719340586043728e-10,2.443942825891554e-09,9.096560310561941e-12,1.9278719776139042e-07,2.045428118435666e-06,8.958684349913426e-10,0.9999977350234985
6,2.727021386483841e-10,5.210427644897209e-09,1.6656663548442197e-10,2.9887885943935544e-07,3.2624592449792544e-07,1.4455517671763118e-08,0.9999992847442627
6,4.08283601371906e-10,2.4550481647622746e-09,7.316339201146604e-11,2.0893030239221844e-07,1.9615413293649908e-07,1.7105694638530622e-08,0.9999995231628418
6,4.295568345469292e-09,1.4780760615451527e-08,9.011336121744762e-10,1.30938678921666e-06,2.4227205130955554e-07,6.231758220565098e-08,0.9999983310699463
6,7.708839788733712e-09,2.4983060065153495e-09,4.463762137696392e-10,1.1153425703014364e-06,2.2615066086473234e-07,1.0310812115221779e-07,0.9999985694885254
6,6.125021378977635e-09,2.87084400696358e-09,3.605440668241755e-10,1.7969165355680161e-06,4.6136045739331166e-07,1.8248927347030985e-07,0.9999974966049194
6,7.894971076893853e-08,4.223050797946826e-09,1.4415366678122155e-09,1.7766473092706292e-06,3.811790350027877e-07,4.0910066445576376e-07,0.9999973773956299
6,1.5649517592919437e-07,5.19277021382436e-09,2.3303283747111436e-09,1.4220452158042463e-06,2.300332226923274e-07,3.6871909969704575e-07,0.9999978542327881
6,8.561050179878293e-08,1.173276142907298e-08,1.1106061625909547e-09,8.702839977559051e-07,2.689550626655546e-07,1.0192593435931485e-07,0.9999986886978149
6,4.8239510164194144e-08,8.767607972970382e-09,1.2546250705014472e-09,1.2642501587833976e-06,1.801655002964253e-07,9.641081533118268e-08,0.9999984502792358
6,1.1584247516793766e-07,6.980447775362109e-09,2.2502613106212266e-09,4.352166797616519e-06,5.314168447512202e-07,2.7467743279885326e-07,0.9999947547912598
6,4.5001485204920755e-08,1.8802994716793364e-09,8.534284390293578e-10,2.431930397506221e-06,5.218384444560797e-07,5.166370442566404e-07,0.9999964237213135
6,5.178617090706439e-09,1.780831315745246e-10,5.587816667707024e-11,1.4172668727496784e-07,3.450915286862255e-08,2.5611587517460066e-08,0.9999998807907104
6,6.94416080193605e-10,4.568645114999548e-11,3.1899619664516043e-12,3.826012928698219e-08,1.4336278830739957e-08,2.086719241845003e-09,1.0
6,5.693263194217479e-09,5.201143404853781e-10,3.7180945822168354e-11,8.609726620534275e-08,5.726285934315456e-08,3.2489888557307722e-09,0.9999997615814209
6,3.948207094595091e-09,4.884708748598143e-10,7.533254575697867e-11,1.3117504238380207e-07,1.847057440329536e-08,7.871681084736792e-09,0.9999998807907104
6,6.33436840757895e-08,7.465399853856525e-09,1.230075374891726e-09,6.190782073645096e-07,4.071733172850145e-08,3.3326717385762095e-08,0.9999991655349731
6,3.356474209681437e-08,1.4698008365954252e-09,7.214587260939709e-10,2.8083374559173535e-07,1.5672837250235716e-08,3.121705205444414e-08,0.9999996423721313
