// General information: 
//  MT Manager version: 2022.2.0 
//  XDA version: 2022.2.0 build 7381 rev 124627 built on 2023-07-19
// Device information: 
//  DeviceId: 00B4BB4F
//  ProductCode: MTW2-3A7G6
//  Firmware Version: 4.6.0
//  Hardware Version: 2.0.0
// Device settings: 
//  Filter Profile: human(46.1)
//  Option Flags: Orientation Smoother Disabled, Position/Velocity Smoother Disabled, Continuous Zero Rotation Update Disabled, AHS Disabled, ICC Disabled
// Coordinate system: ENU
PacketCounter	Acc_X	Acc_Y	Acc_Z	Gyr_X	Gyr_Y	Gyr_Z	Roll	Pitch	Yaw
59431	8.626699	-4.177216	1.838571	0.012305	0.009308	-0.009340	-65.610603	-62.651695	81.249513
59432	8.652048	-4.188491	1.808156	0.012870	0.008437	-0.014692	-65.588409	-62.657722	81.232887
59433	8.658043	-4.184882	1.775654	0.017603	0.012034	-0.016915	-65.558917	-62.663784	81.211051
59434	8.680193	-4.144521	1.836172	0.023782	0.019012	-0.014941	-65.519668	-62.667424	81.182266
59435	8.621275	-4.141827	1.829289	0.022122	0.019810	-0.007453	-65.484082	-62.666689	81.156482
59436	8.608989	-4.113469	1.848724	0.017124	0.015740	-0.006838	-65.455667	-62.666867	81.135599
59437	8.648367	-4.099857	1.857482	0.012221	0.006702	0.003753	-65.444137	-62.663399	81.130508
59438	8.568534	-4.168496	1.841824	0.006759	0.012340	0.000646	-65.428539	-62.660482	81.117367
59439	8.593552	-4.180607	1.811315	0.013355	0.004955	-0.006949	-65.413194	-62.663000	81.108711
59440	8.626085	-4.179139	1.800539	0.020483	0.012556	-0.012555	-65.383425	-62.666904	81.088470
59441	8.658643	-4.177190	1.790777	0.028142	0.021100	-0.014952	-65.339644	-62.669725	81.057338
59442	8.628176	-4.164862	1.859548	0.027958	0.023468	-0.011832	-65.294921	-62.670628	81.025086
59443	8.666085	-4.161049	1.816635	0.033025	0.024141	-0.011747	-65.246764	-62.671026	80.992176
59444	8.686487	-4.089731	1.827472	0.031029	0.027864	-0.006575	-65.198297	-62.668114	80.957690
59445	8.687561	-4.078401	1.884156	0.023737	0.021068	0.011427	-65.169350	-62.657175	80.940409
59446	8.652567	-4.090940	1.845347	0.010453	0.018963	0.023103	-65.155460	-62.640957	80.931573
59447	8.610802	-4.190469	1.834952	0.007596	0.010622	0.023988	-65.152128	-62.625996	80.932716
59448	8.635201	-4.162770	1.807167	0.011949	0.012719	0.023987	-65.144077	-62.610822	80.931418
59449	8.636068	-4.111515	1.864373	0.009552	0.008717	0.027370	-65.143122	-62.594557	80.936498
59450	8.614834	-4.141387	1.860367	0.001946	0.004590	0.025227	-65.149530	-62.580695	80.945031
59451	8.548614	-4.186005	1.883049	0.005445	0.008657	0.019701	-65.147426	-62.568428	80.946166
59452	8.560705	-4.172407	1.869171	0.005287	0.002968	0.010251	-65.146589	-62.562743	80.948695
59453	8.567682	-4.159768	1.889026	0.003377	0.003048	-0.001692	-65.141371	-62.562942	80.944983
59454	8.540761	-4.199654	1.864943	0.001978	-0.002162	-0.014439	-65.136113	-62.571328	80.940394
59455	8.606215	-4.197300	1.840851	0.011116	0.001697	-0.025223	-65.116889	-62.584077	80.925896
59456	8.595154	-4.167052	1.858520	0.013174	0.002376	-0.034941	-65.091115	-62.602022	80.905425
59457	8.641787	-4.148434	1.832714	0.014333	0.006851	-0.041630	-65.057199	-62.622039	80.876459
59458	8.576636	-4.198326	1.803107	0.019857	0.019658	-0.044309	-65.005805	-62.640659	80.831457
59459	8.574336	-4.184162	1.893461	0.034254	0.021814	-0.058136	-64.937618	-62.665590	80.776764
59460	8.683551	-3.985517	1.941719	0.025720	0.007712	-0.038167	-64.897604	-62.683882	80.748370
59461	8.587094	-4.067586	1.974299	0.016709	-0.009168	-0.029960	-64.883718	-62.701689	80.743495
59462	8.643885	-4.130744	1.874334	0.003990	-0.012147	-0.023629	-64.882917	-62.717262	80.745225
59463	8.663122	-4.154252	1.822199	0.006205	-0.019810	-0.022646	-64.889199	-62.733857	80.756269
59464	8.634055	-4.099067	1.888961	0.003013	-0.011201	-0.025328	-64.887208	-62.750081	80.756031
59465	8.620932	-4.122876	1.849333	0.006333	-0.012557	-0.022475	-64.886211	-62.764821	80.758965
59466	8.603920	-4.137119	1.896945	0.001318	-0.015074	-0.031128	-64.886353	-62.784995	80.760034
59467	8.625505	-4.106299	1.900756	0.011311	-0.013177	-0.036399	-64.876550	-62.807104	80.756270
59468	8.602490	-4.048360	1.933387	0.005358	-0.024097	-0.032202	-64.882982	-62.830030	80.767010
59469	8.627488	-4.111518	1.844039	0.001010	-0.026204	-0.032202	-64.894242	-62.853125	80.780288
59470	8.605866	-4.084850	1.926534	0.001993	-0.033397	-0.034525	-64.910954	-62.879515	80.800409
59471	8.672407	-4.081377	1.898904	-0.005578	-0.039098	-0.027383	-64.941405	-62.903231	80.830998
59472	8.710201	-4.130210	1.793170	-0.006482	-0.041545	-0.028369	-64.974251	-62.928392	80.863777
59473	8.654629	-4.115683	1.833760	-0.006514	-0.027510	-0.029625	-64.992509	-62.950447	80.880057
59474	8.618759	-4.115380	1.876759	-0.007983	-0.041560	-0.033288	-65.024000	-62.978154	80.910336
59475	8.638821	-4.138040	1.822190	-0.007751	-0.033292	-0.036954	-65.045460	-63.005401	80.929405
59476	8.635938	-4.094235	1.855187	-0.006267	-0.037984	-0.045357	-65.066703	-63.038502	80.949271
59477	8.611811	-4.088985	1.829669	-0.011135	-0.041056	-0.048573	-65.092618	-63.073650	80.971150
59478	8.609226	-4.086572	1.859685	-0.003337	-0.045528	-0.053603	-65.116099	-63.112848	80.995396
59479	8.639286	-4.041326	1.879150	-0.007893	-0.055925	-0.049951	-65.154896	-63.152279	81.033781
59480	8.746193	-4.022895	1.855867	-0.019141	-0.061795	-0.043421	-65.209177	-63.190079	81.082378
59481	8.880953	-4.111791	1.707751	-0.020325	-0.068841	-0.023609	-65.281174	-63.218867	81.149952
59482	8.698446	-4.089509	1.849076	-0.027527	-0.037716	-0.020963	-65.326339	-63.239166	81.182933
59483	8.743158	-4.041754	1.765991	-0.024844	-0.051690	-0.016982	-65.386589	-63.260343	81.234422
59484	8.648014	-4.084537	1.795411	-0.030602	-0.046561	-0.021696	-65.442453	-63.283103	81.277397
59485	8.674883	-4.053413	1.760553	-0.029791	-0.051383	-0.020914	-65.503544	-63.306207	81.326634
59486	8.666011	-4.055952	1.823025	-0.032855	-0.049569	-0.022159	-65.563774	-63.329883	81.373032
59487	8.692781	-4.067160	1.785131	-0.036751	-0.058009	-0.019139	-65.636776	-63.353576	81.431111
59488	8.705067	-4.062311	1.710713	-0.034943	-0.053119	-0.017178	-65.704438	-63.375439	81.484468
59489	8.676490	-4.092977	1.768237	-0.041965	-0.047523	-0.025183	-65.766881	-63.399754	81.527370
59490	8.685550	-4.078791	1.781603	-0.039625	-0.052341	-0.019502	-65.835518	-63.422595	81.578795
59491	8.692595	-4.075638	1.741287	-0.042501	-0.052905	-0.023883	-65.904707	-63.447440	81.628877
59492	8.682132	-4.088937	1.749796	-0.043022	-0.049450	-0.031654	-65.966786	-63.475908	81.670773
59493	8.652292	-4.045311	1.758662	-0.039033	-0.055075	-0.033501	-66.032002	-63.506238	81.718609
59494	8.667091	-4.070282	1.734772	-0.042182	-0.060535	-0.034958	-66.103946	-63.538970	81.772042
59495	8.671912	-4.098972	1.778300	-0.044322	-0.068774	-0.043323	-66.182337	-63.577562	81.831176
59496	8.724709	-4.035906	1.711300	-0.046017	-0.077087	-0.044636	-66.269797	-63.619125	81.899444
59497	8.715282	-4.047974	1.717761	-0.049819	-0.067614	-0.041896	-66.351191	-63.656619	81.958373
59498	8.723326	-4.043016	1.675239	-0.054488	-0.077512	-0.043745	-66.444832	-63.697721	82.028076
59499	8.701682	-4.027943	1.698184	-0.057723	-0.079588	-0.045914	-66.542075	-63.739974	82.099587
59500	8.746672	-4.042816	1.746052	-0.063026	-0.085224	-0.043089	-66.649657	-63.782379	82.179327
59501	8.772324	-4.020591	1.652701	-0.074562	-0.090083	-0.047469	-66.767628	-63.827705	82.263134
59502	8.731571	-4.075565	1.666359	-0.079332	-0.092171	-0.054563	-66.887375	-63.877577	82.345955
59503	8.742913	-4.059103	1.673706	-0.088846	-0.105189	-0.059674	-67.024945	-63.932561	82.442399
59504	8.771725	-4.025059	1.630981	-0.103801	-0.109768	-0.063066	-67.174685	-63.990670	82.542921
59505	8.734344	-4.045025	1.556859	-0.102141	-0.116835	-0.074772	-67.326678	-64.055989	82.646837
59506	8.778555	-4.026045	1.549760	-0.100575	-0.100723	-0.078697	-67.458754	-64.120148	82.729667
59507	8.766009	-3.996200	1.589064	-0.101683	-0.090165	-0.077009	-67.581509	-64.180591	82.801271
59508	8.779982	-4.028832	1.505925	-0.097550	-0.091162	-0.065561	-67.708273	-64.235545	82.880043
59509	8.794065	-4.001425	1.567598	-0.095357	-0.077487	-0.065534	-67.819485	-64.287017	82.942786
59510	8.770788	-4.038145	1.532927	-0.093167	-0.075539	-0.061272	-67.929209	-64.336185	83.005367
59511	8.806088	-3.990667	1.512882	-0.091578	-0.070082	-0.064744	-68.031083	-64.385539	83.060099
59512	8.790124	-4.014454	1.498594	-0.088436	-0.064629	-0.063296	-68.125697	-64.433353	83.108881
59513	8.793564	-4.010186	1.489818	-0.083338	-0.056620	-0.062982	-68.209217	-64.478820	83.148458
59514	8.853406	-4.015511	1.436778	-0.072861	-0.040834	-0.073162	-68.264423	-64.526770	83.163429
59515	8.832362	-3.998639	1.463545	-0.070099	-0.025142	-0.073664	-68.300756	-64.571212	83.159112
59516	8.845339	-4.029368	1.387930	-0.057561	-0.010187	-0.084310	-68.308047	-64.618598	83.130732
59517	8.897322	-4.002664	1.324527	-0.051624	0.024844	-0.095157	-68.268057	-64.663884	83.053668
59518	8.830119	-3.950504	1.477816	-0.048915	0.065081	-0.107859	-68.174895	-64.707782	82.919664
59519	8.910744	-4.006881	1.434139	-0.056929	0.066411	-0.125498	-68.076856	-64.760232	82.775102
59520	8.834784	-4.016385	1.513913	-0.050121	0.094095	-0.156814	-67.928383	-64.823691	82.579320
59521	8.907905	-3.954640	1.462266	-0.060873	0.071338	-0.170536	-67.805075	-64.898698	82.404495
59522	8.871478	-4.040788	1.488524	-0.053175	0.103239	-0.192217	-67.629680	-64.978524	82.177296
59523	8.814036	-3.891216	1.584502	-0.057074	0.086145	-0.203875	-67.469668	-65.067529	81.964606
59524	8.816619	-4.012579	1.559917	-0.067828	0.089635	-0.221248	-67.301725	-65.165148	81.736694
59525	8.890118	-3.860065	1.514948	-0.058000	0.068663	-0.241839	-67.141159	-65.277562	81.523148
59526	8.952657	-3.858024	1.421220	-0.081866	0.109873	-0.244905	-66.943194	-65.382563	81.253740
59527	8.873939	-3.820633	1.539983	-0.080181	0.116305	-0.252386	-66.731689	-65.489194	80.970573
59528	8.946771	-3.888450	1.460185	-0.092604	0.106432	-0.268444	-66.527962	-65.606545	80.688545
59529	9.087172	-3.732833	1.304028	-0.114930	0.112588	-0.295684	-66.314231	-65.735904	80.381607
59530	9.187596	-3.744884	0.970376	-0.168751	0.158430	-0.305303	-66.069533	-65.859655	80.007382
59531	9.000672	-3.544816	0.843112	-0.248505	0.170724	-0.314730	-65.848769	-65.984401	79.609504
59532	7.985765	-3.052566	-0.437012	-0.491231	0.054485	-0.277443	-65.920345	-66.117090	79.379912
59533	9.418954	-3.163209	-1.934194	-1.018181	-0.058573	-0.301901	-66.416215	-66.288828	79.284126
59534	9.612587	-3.750581	-3.090519	-1.645766	0.252072	-0.343030	-66.878998	-66.412372	78.759988
59535	9.533200	-4.686741	-3.306828	-2.338583	0.552885	-0.439930	-67.325641	-66.521386	77.785445
59536	9.149943	-6.237161	-2.379874	-2.975098	1.049553	-0.535228	-67.479428	-66.573786	76.095035
59537	7.720035	-7.861676	-1.688519	-3.451296	1.366297	-0.568542	-67.502677	-66.575149	73.964920
59538	7.559982	-8.592646	-1.178096	-3.754430	1.723989	-0.611827	-67.241837	-66.519015	71.335813
59539	7.439843	-8.677293	-0.383063	-3.947541	1.863815	-0.645381	-66.916138	-66.443676	68.513390
59540	7.682379	-7.646523	0.053567	-3.975262	1.839307	-0.681725	-66.623133	-66.387279	65.708499
59541	7.842136	-7.691663	0.167283	-3.989566	1.893402	-0.676591	-66.288705	-66.309199	62.847247
59542	7.476252	-6.844686	1.059533	-3.862748	1.834506	-0.664602	-65.965187	-66.232356	60.076341
59543	7.850083	-6.572383	1.816447	-3.650375	1.792614	-0.691351	-65.568827	-66.171831	57.356474
59544	7.223364	-6.760714	2.236679	-3.407665	1.702514	-0.729346	-65.121114	-66.145050	54.732462
59545	6.840240	-6.737943	3.289524	-3.040938	1.536812	-0.840560	-64.599605	-66.206773	52.256874
59546	6.878836	-6.828579	3.309959	-2.767532	1.045688	-0.672141	-64.580122	-66.297907	50.503284
59547	8.812891	-5.697493	3.648773	-2.276198	1.196764	-0.472103	-64.216507	-66.245199	48.680567
59548	9.121731	-3.959246	4.160761	-2.128932	1.534542	-0.257908	-63.506968	-65.990850	46.570661
59549	7.256461	-3.067429	5.539167	-1.920320	1.355548	-0.292699	-62.893901	-65.790003	44.692663
59550	6.887817	-4.000342	3.365474	-1.650635	0.610848	-0.355756	-62.940179	-65.812507	43.706604
59551	8.616052	-3.431625	4.121367	-1.307932	0.388148	-0.382670	-63.029720	-65.906438	42.982639
59552	8.261571	-3.536618	3.707583	-1.160982	0.379691	-0.266865	-63.106258	-65.944588	42.337958
59553	9.476331	-2.090059	4.717437	-0.917150	0.335932	-0.269774	-63.094117	-65.994937	41.748489
59554	8.440499	-2.066948	4.722029	-0.853949	0.317035	-0.268201	-63.063256	-66.050073	41.179284
59555	9.676222	-0.907478	4.748679	-0.696685	0.133981	-0.293503	-63.139873	-66.164929	40.825789
59556	8.806325	-1.262244	4.815786	-0.577437	0.129594	-0.235203	-63.182902	-66.252015	40.511297
59557	10.422092	0.761075	5.050295	-0.427273	0.012256	-0.264456	-63.260946	-66.383811	40.328622
59558	10.078605	1.075850	4.721206	-0.356646	0.040601	-0.184635	-63.309147	-66.468213	40.158320
59559	10.500754	1.822890	4.265388	-0.295509	-0.029667	-0.144678	-63.430365	-66.549813	40.105485
59560	10.174660	1.275565	4.603607	-0.126387	-0.039376	-0.066491	-63.510568	-66.594338	40.114031
59561	6.772689	-3.536912	2.392365	-0.169952	-0.136486	0.283407	-63.936822	-66.483473	40.472334
59562	9.567716	-2.976968	1.497113	0.038867	-0.593740	0.279918	-64.779375	-66.486461	41.415534
59563	9.787403	-4.698073	0.354796	-0.153232	-0.078458	0.185548	-65.065571	-66.409313	41.631762
59564	8.502242	-3.571458	2.169672	-0.023732	-0.171362	0.088596	-65.332492	-66.404773	41.908249
59565	9.198058	-3.714595	1.156025	-0.048853	-0.217729	0.130728	-65.693065	-66.388380	42.270973
59566	9.300946	-3.781178	1.038806	-0.016904	-0.099999	0.128792	-65.891824	-66.344923	42.477413
59567	9.190720	-3.793407	1.159006	0.009352	0.003616	0.119621	-65.947700	-66.281573	42.544041
59568	8.961153	-3.880450	1.386072	0.030474	0.045171	0.109434	-65.935124	-66.214120	42.549435
59569	9.002078	-3.747443	1.369370	0.055367	0.056932	0.095141	-65.888198	-66.151108	42.532560
59570	8.966505	-3.712227	1.429037	0.062897	0.100581	0.104668	-65.789359	-66.073156	42.463932
59571	8.875206	-3.731179	1.516110	0.072300	0.111588	0.106485	-65.675114	-65.991325	42.383974
59572	8.764204	-3.740136	1.701309	0.065003	0.100052	0.106271	-65.577656	-65.912559	42.318094
59573	8.639283	-3.822598	1.783771	0.042701	0.033427	0.085773	-65.561524	-65.859954	42.326954
59574	8.780414	-3.656422	1.711903	0.023085	-0.022803	0.076150	-65.615513	-65.825977	42.400679
59575	8.795058	-3.781818	1.610056	-0.003112	-0.029623	0.072625	-65.691777	-65.795109	42.482057
59576	8.826661	-3.778316	1.629756	-0.010465	-0.058899	0.066887	-65.801676	-65.774383	42.596043
59577	8.896710	-3.849327	1.474494	-0.018088	-0.066991	0.063231	-65.924641	-65.757050	42.719251
59578	8.928382	-3.844613	1.467941	-0.011672	-0.054079	0.052676	-66.021921	-65.742451	42.818669
59579	8.938571	-3.827761	1.463573	-0.007530	-0.037301	0.049325	-66.096914	-65.725317	42.895915
59580	8.946193	-3.864060	1.411086	0.001003	-0.024929	0.040546	-66.146625	-65.710208	42.951138
59581	8.903646	-3.845530	1.484541	0.006158	-0.003938	0.033706	-66.166906	-65.693473	42.976969
59582	8.871582	-3.803943	1.510395	0.011568	-0.004143	0.026544	-66.179173	-65.680870	42.997762
59583	8.849594	-3.795244	1.535568	0.011632	-0.004186	0.031878	-66.195647	-65.665140	43.022856
59584	8.847290	-3.797188	1.486583	0.011387	-0.009695	0.033571	-66.218000	-65.650132	43.054609
59585	8.857262	-3.833839	1.534444	0.016645	-0.006573	0.035355	-66.236106	-65.633117	43.084648
59586	8.855534	-3.836229	1.509695	0.009530	-0.012558	0.031756	-66.261845	-65.619711	43.118958
59587	8.865560	-3.816751	1.484616	0.011558	-0.013042	0.026394	-66.285753	-65.608870	43.152168
59588	8.855452	-3.786070	1.509074	0.013608	-0.013540	0.022812	-66.305694	-65.600372	43.182683
59589	8.831020	-3.830721	1.483861	0.009466	-0.012515	0.026413	-66.330181	-65.589384	43.215211
59590	8.864429	-3.823864	1.530956	0.007929	-0.018820	0.029883	-66.363018	-65.578377	43.256320
59591	8.862371	-3.825578	1.480929	0.007651	-0.015405	0.028155	-66.392734	-65.567119	43.293449
59592	8.841271	-3.817145	1.529212	0.005814	-0.018280	0.028123	-66.425206	-65.556894	43.332833
59593	8.870717	-3.863259	1.477628	0.009172	-0.017998	0.024542	-66.455192	-65.548104	43.371216
59594	8.882295	-3.843905	1.501120	0.003607	-0.008775	0.017613	-66.472612	-65.541209	43.392681
59595	8.859516	-3.833636	1.477168	0.013628	-0.004648	0.022924	-66.483806	-65.530200	43.413221
59596	8.858041	-3.835124	1.453107	0.011811	0.001374	0.023027	-66.487506	-65.518137	43.424780
59597	8.858402	-3.837617	1.502549	0.013099	0.002169	0.021249	-66.490304	-65.506444	43.435758
59598	8.869118	-3.817813	1.503468	0.014156	0.006354	0.021300	-66.486040	-65.494150	43.440044
59599	8.855377	-3.840270	1.455748	0.014156	0.006354	0.021298	-66.483450	-65.481469	43.445762
59600	8.834782	-3.831482	1.530857	0.012616	0.008962	0.023124	-66.477978	-65.467621	43.447751
59601	8.876835	-3.856324	1.530464	0.010179	0.004034	0.017740	-66.478578	-65.457334	43.454465
59602	8.854791	-3.845785	1.531822	0.004573	0.004374	0.008908	-66.475874	-65.452003	43.454432
59603	8.832295	-3.834532	1.508799	0.007195	0.005936	0.008909	-66.471593	-65.445916	43.453896
59604	8.820924	-3.856894	1.533917	0.003748	0.005709	0.005381	-66.466063	-65.442132	43.450235
59605	8.831026	-3.835234	1.485621	0.004021	0.002294	0.007105	-66.466909	-65.437818	43.453332
59606	8.830700	-3.835856	1.485952	0.006916	0.000442	0.008831	-66.467346	-65.433427	43.458227
59607	8.852968	-3.848906	1.534517	0.006687	0.003832	0.010657	-66.466702	-65.426891	43.461358
59608	8.840319	-3.870778	1.510677	0.009538	0.002004	0.008831	-66.463840	-65.422143	43.464278
59609	8.841053	-3.816595	1.487825	0.011151	0.008267	0.010682	-66.455582	-65.414571	43.461843
59610	8.850480	-3.850225	1.488147	0.011335	0.004900	0.005303	-66.446602	-65.411013	43.459167
59611	8.808451	-3.828025	1.539178	0.009265	0.005418	0.007104	-66.440936	-65.405969	43.458388
59612	8.841094	-3.818728	1.539695	0.012190	0.012463	0.008953	-66.424620	-65.398761	43.448184
59613	8.818483	-3.807621	1.517082	0.010913	0.002749	0.014156	-66.424623	-65.390620	43.454673
59614	8.848477	-3.853262	1.492192	0.012018	0.006910	0.017755	-66.419184	-65.380061	43.456322
59615	8.839106	-3.822121	1.542684	0.010685	0.006141	0.015978	-66.416366	-65.370182	43.459559
59616	8.826121	-3.844625	1.519203	0.006523	0.007191	0.017802	-66.413778	-65.359534	43.460883
59617	8.836457	-3.824155	1.495694	0.008572	0.006682	0.014225	-66.410695	-65.350446	43.462491
59618	8.824093	-3.846868	1.496697	0.012018	0.006909	0.017750	-66.405257	-65.339890	43.464143
59619	8.834312	-3.881932	1.545790	0.007282	0.005891	0.015999	-66.404732	-65.330048	43.467746
59620	8.856274	-3.840090	1.522329	0.009147	0.008751	0.017796	-66.398857	-65.319045	43.467107
59621	8.865304	-3.874477	1.522809	0.009104	0.008774	0.014245	-66.393143	-65.309457	43.466144
59622	8.821748	-3.852204	1.525394	0.008836	0.012188	0.012516	-66.380895	-65.300438	43.458293
59623	8.821054	-3.853218	1.526843	0.013039	0.011113	0.014241	-66.370288	-65.290308	43.454420
59624	8.810538	-3.821269	1.528882	0.009657	0.010854	0.016039	-66.360862	-65.279745	43.450192
59625	8.820147	-3.855849	1.553899	0.011195	0.008242	0.014216	-66.354605	-65.270283	43.449938
59626	8.818800	-3.856814	1.530780	0.008899	0.012156	0.017834	-66.345037	-65.258477	43.445075
59627	8.828913	-3.836802	1.507806	0.013163	0.011048	0.024883	-66.339804	-65.242766	43.447184
59628	8.816594	-3.860667	1.533771	0.014516	0.011807	0.028428	-66.332706	-65.225481	43.448586
59629	8.837341	-3.874855	1.559090	0.013184	0.011038	0.026651	-66.328383	-65.208839	43.451705
59630	8.814732	-3.865311	1.561099	0.012650	0.008947	0.026626	-66.324710	-65.193158	43.455702
59631	8.813028	-3.867197	1.537808	0.010803	0.006077	0.026603	-66.327376	-65.177677	43.465013
59632	8.800841	-3.890902	1.563108	0.012319	0.003473	0.023007	-66.328296	-65.165153	43.473862
59633	8.811529	-3.871505	1.563831	0.008178	0.004521	0.026600	-66.334236	-65.150024	43.485121
59634	8.839962	-3.917519	1.490186	0.009431	0.005329	0.021276	-66.333836	-65.137982	43.490693
59635	8.809077	-3.874956	1.540915	0.006805	0.003773	0.021276	-66.338781	-65.125812	43.499983
59636	8.819953	-3.855141	1.541745	0.009148	0.008751	0.017769	-66.332925	-65.114823	43.499364
59637	8.807399	-3.878061	1.542696	0.008097	0.004560	0.019499	-66.335372	-65.103400	43.506714
59638	8.828002	-3.891327	1.542789	0.005987	0.005105	0.017748	-66.335439	-65.093260	43.510627
59639	8.794234	-3.902224	1.543924	0.006946	0.000417	0.012363	-66.339711	-65.086529	43.519256
59640	8.805535	-3.881742	1.544076	0.004300	-0.001128	0.010592	-66.344240	-65.081578	43.527024
59641	8.805786	-3.882735	1.568329	0.001098	-0.004754	0.007027	-66.355083	-65.078827	43.539198
59642	8.825791	-3.894639	1.518885	0.001949	0.002821	0.008884	-66.355649	-65.073865	43.541112
59643	8.793376	-3.905551	1.568579	0.003503	0.000194	0.008840	-66.360440	-65.069020	43.548127
59644	8.838057	-3.874965	1.567924	0.005774	-0.003717	0.003455	-66.363512	-65.068408	43.555222
59645	8.803641	-3.884524	1.519702	0.000080	-0.000037	0.007091	-66.369678	-65.064527	43.561586
59646	8.837052	-3.875717	1.543601	0.004796	0.000981	0.007065	-66.369788	-65.060941	43.564796
59647	8.835610	-3.875823	1.495223	0.006666	0.003839	0.008856	-66.368700	-65.055239	43.567316
59648	8.823979	-3.898169	1.520354	0.005113	0.006465	0.008900	-66.363344	-65.049430	43.564699
59649	8.781346	-3.875533	1.546686	0.005870	0.005161	0.007105	-66.360386	-65.044340	43.564646
59650	8.802955	-3.888052	1.571048	0.008199	0.001221	0.007039	-66.358261	-65.040713	43.567542
59651	8.790345	-3.909657	1.547265	0.002983	0.007020	0.005376	-66.354028	-65.036096	43.564254
59652	8.792702	-3.855925	1.572580	0.004278	-0.001118	0.008817	-66.357663	-65.032074	43.571027
59653	8.834513	-3.880069	1.547196	0.004078	0.002267	0.012403	-66.361648	-65.024855	43.577490
59654	8.800765	-3.890779	1.548518	0.007800	0.007992	0.014211	-66.355657	-65.015908	43.575870
59655	8.779358	-3.880228	1.574274	0.007462	0.002516	0.010604	-66.356556	-65.009571	43.581063
59656	8.799826	-3.892452	1.549653	0.002706	0.001518	0.007086	-66.357263	-65.005851	43.583612
59657	8.820831	-3.904923	1.549440	0.007462	0.002516	0.010604	-66.358179	-64.999509	43.588820
59658	8.819910	-3.905374	1.525469	0.004019	0.002294	0.007084	-66.357257	-64.995612	43.590402
59659	8.832340	-3.885226	1.574729	0.008795	0.003283	0.012373	-66.357441	-64.988159	43.595639
59660	8.785845	-3.916555	1.527319	0.007204	0.005928	0.008871	-66.351487	-64.982489	43.593682
59661	8.798213	-3.896396	1.576927	0.006448	0.007233	0.010663	-66.347754	-64.975020	43.593107
59662	8.818512	-3.908846	1.552742	0.008019	0.004597	0.012393	-66.344566	-64.967807	43.594718
59663	8.796576	-3.898103	1.553894	0.008276	0.001185	0.014124	-66.348307	-64.959907	43.603542
59664	8.805606	-3.932414	1.553620	0.004334	-0.001143	0.014129	-66.354530	-64.953101	43.613210
59665	8.796184	-3.900242	1.578736	0.006865	0.000450	0.005265	-66.355564	-64.950012	43.618150
59666	8.827967	-3.890904	1.529313	0.002462	-0.004000	0.012340	-66.365182	-64.944801	43.630382
59667	8.815836	-3.913026	1.529406	0.001911	0.002841	0.005332	-66.366424	-64.941123	43.632412
59668	8.804364	-3.934983	1.554155	0.002667	0.001535	0.003539	-66.365383	-64.939260	43.633009
59669	8.773219	-3.890371	1.555528	0.001911	0.002841	0.005332	-66.366650	-64.935575	43.635060
59670	8.806693	-3.881455	1.579480	0.002147	-0.000563	0.005292	-66.369122	-64.933274	43.639206
59671	8.805451	-3.881356	1.530802	0.002667	0.001535	0.003539	-66.370558	-64.930825	43.641919
59672	8.805853	-3.881830	1.555319	0.004993	-0.002407	0.003476	-66.372577	-64.929900	43.647365
59673	8.782021	-3.924955	1.555775	0.005873	0.005159	0.007096	-66.369878	-64.924748	43.647534
59674	8.814946	-3.915817	1.555423	-0.001276	-0.000792	0.003545	-66.373708	-64.923416	43.651015
59675	8.804738	-3.882720	1.531440	0.002903	-0.001869	0.003499	-66.378853	-64.921759	43.657960
59676	8.815293	-3.916532	1.579634	0.001570	-0.002636	0.001730	-66.382230	-64.921803	43.662741
59677	8.804663	-3.882963	1.531260	0.002089	-0.000539	-0.000023	-66.384642	-64.921685	43.666149
59678	8.805159	-3.883234	1.555743	0.001334	0.000767	0.001769	-66.384355	-64.920927	43.666735
59679	8.781999	-3.926329	1.580399	0.001334	0.000767	0.001769	-66.386636	-64.919565	43.669515
59680	8.814107	-3.916278	1.531042	0.004160	-0.001070	-0.001818	-66.385032	-64.921112	43.670434
59681	8.815111	-3.916838	1.579891	0.000058	-0.000024	0.005315	-66.390692	-64.918064	43.676133
59682	8.793591	-3.905398	1.580437	0.002903	-0.001869	0.003499	-66.393311	-64.917002	43.680920
59683	8.814343	-3.917187	1.555390	0.000794	-0.001322	0.001751	-66.398274	-64.916116	43.686311
59684	8.792909	-3.905594	1.555834	0.001589	-0.002644	0.003501	-66.402516	-64.915231	43.692059
59685	8.792818	-3.905860	1.555681	0.003678	-0.003183	0.003478	-66.408782	-64.913859	43.700708
59686	8.802303	-3.939230	1.555066	0.000794	-0.001322	0.001751	-66.411138	-64.913589	43.703871
59687	8.803968	-3.884619	1.531051	0.000019	-0.000008	0.001771	-66.415124	-64.912379	43.707683
59688	8.813465	-3.917926	1.530522	0.002884	-0.001861	0.001727	-66.416876	-64.912244	43.711500
59689	8.803912	-3.884808	1.530897	-0.000539	-0.002090	-0.000018	-66.422666	-64.912447	43.716944
59690	8.813986	-3.918207	1.554844	-0.000236	0.003404	0.000039	-66.419473	-64.911992	43.713328
59691	8.826298	-3.897049	1.579387	0.001314	0.000775	-0.000003	-66.421018	-64.911525	43.715252
59692	8.792564	-3.906368	1.555843	0.001854	0.002865	0.000016	-66.417221	-64.911206	43.712292
59693	8.814394	-3.918530	1.579696	0.000274	-0.003419	0.003504	-66.425801	-64.909855	43.721322
59694	8.803692	-3.885228	1.531093	0.000274	-0.003419	0.003504	-66.431664	-64.909144	43.728028
59695	8.814206	-3.919153	1.579200	-0.001276	-0.000791	0.003545	-66.438223	-64.907163	43.733841
59696	8.791655	-3.907253	1.530780	-0.002590	-0.001566	0.003548	-66.443669	-64.906004	43.738275
59697	8.824870	-3.897810	1.529606	-0.002177	-0.008350	-0.001845	-66.456608	-64.908579	43.750558
59698	8.801788	-3.940920	1.553701	0.000834	-0.001338	0.005293	-66.460689	-64.906451	43.755650
59699	8.825427	-3.898210	1.553440	-0.003462	-0.000212	-0.005288	-66.463578	-64.908966	43.756017
59700	8.792397	-3.907548	1.553821	0.001010	-0.004718	-0.000060	-66.468734	-64.910422	43.762409
59701	8.792480	-3.907453	1.553591	0.000755	-0.001306	-0.001792	-66.472162	-64.911347	43.766035
59702	8.792587	-3.907287	1.553403	0.000216	-0.003396	-0.001811	-66.475436	-64.913420	43.769845
59703	8.825331	-3.897358	1.528099	-0.000559	-0.002082	-0.001790	-66.480509	-64.914515	43.774452
59704	8.792277	-3.906768	1.528441	-0.001098	-0.004171	-0.001808	-66.485408	-64.916764	43.779225
59705	8.804220	-3.885192	1.528148	-0.002129	0.000555	-0.003519	-66.487602	-64.918161	43.779654
59706	8.847094	-3.908613	1.526602	-0.002952	-0.007036	-0.001824	-66.496773	-64.921073	43.787971
59707	8.814704	-3.918098	1.551046	-0.000363	-0.005470	-0.005372	-66.503840	-64.924817	43.794891
59708	8.793088	-3.905622	1.526709	-0.002452	-0.004931	-0.005349	-66.508643	-64.929099	43.798701
59709	8.805157	-3.883807	1.526269	-0.000599	-0.002066	-0.005333	-66.512066	-64.932040	43.801445
59710	8.827260	-3.895455	1.549929	-0.001354	-0.000759	-0.003540	-66.512439	-64.934419	43.801058
59711	8.772929	-3.892851	1.550949	-0.001913	-0.002841	-0.005331	-66.517509	-64.937532	43.804784
59712	8.805795	-3.882726	1.525338	-0.005061	-0.006490	-0.003573	-66.526430	-64.941236	43.811490
59713	8.816240	-3.915639	1.548520	-0.003806	-0.005690	-0.008890	-66.534074	-64.946866	43.816854
59714	8.795214	-3.903359	1.548400	-0.005060	-0.006490	-0.003573	-66.543000	-64.950569	43.823566
59715	8.828581	-3.893645	1.546951	-0.007130	-0.005959	-0.001778	-66.556347	-64.952517	43.833118
59716	8.828215	-3.893257	1.521877	-0.002432	-0.004939	-0.003579	-66.562023	-64.955868	43.837904
59717	8.795753	-3.902878	1.546548	-0.004738	-0.001004	-0.001742	-66.568466	-64.956664	43.841344
59718	8.795903	-3.902699	1.546146	-0.002432	-0.004939	-0.003579	-66.574144	-64.960015	43.846132
59719	8.796074	-3.902507	1.545660	-0.003187	-0.003633	-0.001786	-66.582655	-64.961426	43.852831
59720	8.807406	-3.880874	1.520740	-0.003167	-0.003641	-0.000014	-66.589034	-64.962607	43.857928
59721	8.828984	-3.892324	1.519799	-0.002730	-0.001510	-0.008854	-66.591469	-64.967247	43.858206
59722	8.797161	-3.902011	1.568896	-0.002391	-0.004955	-0.000036	-66.598874	-64.968738	43.864925
59723	8.807323	-3.879972	1.495284	-0.001314	-0.000776	0.000002	-66.604008	-64.968550	43.869072
59724	8.796681	-3.901842	1.543884	-0.003167	-0.003641	-0.000014	-66.610389	-64.969730	43.874171
59725	8.796772	-3.901812	1.543440	-0.003187	-0.003633	-0.001786	-66.618964	-64.971129	43.880927
59726	8.818276	-3.913491	1.542349	-0.002412	-0.004947	-0.001808	-66.625512	-64.973548	43.886686
59727	8.842049	-3.870540	1.541681	-0.002432	-0.004938	-0.003580	-66.634273	-64.976182	43.894120
59728	8.797244	-3.901301	1.542040	-0.002649	-0.001543	-0.001767	-66.637143	-64.977805	43.895672
59729	8.797529	-3.900868	1.541510	-0.002257	-0.008317	-0.008937	-66.647023	-64.984020	43.904447
59730	8.818722	-3.911936	1.515494	-0.006137	-0.010670	-0.003615	-66.661284	-64.988688	43.916363
59731	8.809373	-3.878577	1.515200	-0.000322	-0.005485	-0.001834	-66.670347	-64.990517	43.925455
59732	8.831481	-3.890382	1.538582	-0.001894	-0.002849	-0.003561	-66.673387	-64.993380	43.927672
59733	8.831658	-3.890086	1.538317	-0.000580	-0.002073	-0.003564	-66.677929	-64.995341	43.931608
59734	8.809907	-3.877770	1.514158	-0.002432	-0.004938	-0.003581	-66.683627	-64.998689	43.936417
59735	8.820804	-3.911189	1.562013	0.000217	-0.003395	-0.001814	-66.690076	-65.000027	43.942956
59736	8.809538	-3.877301	1.489154	0.000796	-0.001322	0.001750	-66.692437	-64.999749	43.946124
59737	8.810696	-3.877768	1.537923	-0.000021	0.000009	-0.001772	-66.695221	-65.000290	43.948465
59738	8.810614	-3.877864	1.538154	-0.001747	0.006014	0.003631	-66.691675	-64.997358	43.943507
59739	8.840790	-3.922880	1.512996	0.003984	0.002311	0.003536	-66.692163	-64.994581	43.945843
59740	8.785548	-3.920619	1.490249	0.003963	0.002319	0.001764	-66.688608	-64.993470	43.944485
59741	8.798373	-3.899824	1.539333	0.001873	0.002857	0.001789	-66.688864	-64.991483	43.945225
59742	8.798260	-3.899980	1.539581	-0.001530	0.002619	0.001816	-66.688144	-64.990276	43.943522
59743	8.798164	-3.900139	1.539726	0.001335	0.000767	0.001769	-66.691072	-64.988768	43.946866
59744	8.830570	-3.890619	1.514946	0.000363	0.005468	0.005377	-66.687785	-64.985042	43.943527
59745	8.819234	-3.912387	1.539670	-0.000021	0.000009	-0.001772	-66.690643	-64.985566	43.945933
59746	8.809555	-3.879341	1.540494	0.004543	0.004392	0.005328	-66.686151	-64.982110	43.943907
59747	8.800324	-3.846731	1.565900	0.003983	0.002310	0.003536	-66.686713	-64.979316	43.946308
59748	8.784895	-3.922601	1.517234	0.003012	0.007011	0.007143	-66.681029	-64.974310	43.941998
59749	8.797514	-3.902109	1.566669	0.003747	0.005714	0.003577	-66.677926	-64.970718	43.940200
59750	8.796704	-3.902215	1.542809	0.003228	0.003616	0.005329	-66.675064	-64.967437	43.939143
59751	8.808300	-3.881179	1.543037	0.003445	0.000221	0.003516	-66.678308	-64.965118	43.944155
59752	8.817660	-3.914705	1.542786	0.001139	0.004154	0.005354	-66.676049	-64.961701	43.942441
59753	8.775324	-3.891710	1.568416	0.001053	-0.004735	0.003480	-66.686240	-64.960522	43.953605
59754	8.829279	-3.893882	1.542364	-0.003943	-0.002327	0.000008	-66.691597	-64.961387	43.957084
59755	8.808006	-3.881968	1.542730	-0.001355	-0.000759	-0.003541	-66.695294	-64.962996	43.959555
59756	8.816429	-3.914702	1.493408	-0.001510	0.002611	0.003587	-66.695431	-64.960859	43.958811
59757	8.806719	-3.881765	1.494191	0.001874	0.002857	0.001788	-66.695810	-64.958840	43.959658
59758	8.807652	-3.882517	1.543371	0.001139	0.004154	0.005354	-66.693549	-64.955424	43.957942
59759	8.795593	-3.904346	1.543748	0.000600	0.002065	0.005334	-66.697288	-64.951718	43.961688
59760	8.794849	-3.904511	1.519385	-0.001274	-0.000792	0.003546	-66.701102	-64.950373	43.965152
59761	8.828429	-3.895492	1.543162	0.000580	0.002073	0.003562	-66.703999	-64.947593	43.967952
59762	8.795071	-3.905417	1.544013	0.003465	0.000212	0.005288	-66.704812	-64.945104	43.971099
59763	8.794888	-3.905701	1.544338	0.000323	0.005485	0.001832	-66.703190	-64.942458	43.968745
59764	8.806572	-3.884495	1.544559	-0.000755	0.001306	0.001793	-66.703494	-64.941560	43.968663
59765	8.816065	-3.917750	1.544173	0.000539	0.002090	0.000019	-66.704706	-64.940634	43.969570
59766	8.794687	-3.905942	1.544876	0.000000	0.000000	-0.000000	-66.705178	-64.940976	43.970151
59767	8.795251	-3.906182	1.569222	-0.001314	-0.000775	0.000003	-66.710682	-64.940703	43.974621
59768	8.794732	-3.905969	1.544551	-0.001078	-0.004179	-0.000039	-66.716458	-64.942011	43.980375
59769	8.794266	-3.905776	1.519513	-0.004246	-0.007820	-0.000053	-66.731557	-64.943357	43.993580
59770	8.817967	-3.863064	1.518802	0.000236	-0.003404	-0.000041	-66.735708	-64.944491	43.998369
59771	8.815828	-3.917478	1.518012	-0.003984	-0.002309	-0.003535	-66.742785	-64.946420	44.002882
59772	8.827733	-3.896003	1.517644	-0.002629	-0.001551	0.000005	-66.746513	-64.947109	44.005394
59773	8.827768	-3.895952	1.517567	-0.000796	0.001323	-0.001750	-66.748557	-64.947274	44.006362
59774	8.796313	-3.906145	1.591503	-0.000000	0.000000	-0.000000	-66.749030	-64.947615	44.006944
59775	8.816612	-3.917429	1.541862	-0.003188	-0.003632	-0.001786	-66.758018	-64.948915	44.014062
59776	8.807756	-3.884374	1.566320	-0.002413	-0.004946	-0.001808	-66.764571	-64.951326	44.019828
59777	8.807263	-3.884164	1.541444	-0.001058	-0.004188	0.001732	-66.774678	-64.950895	44.029526
59778	8.806779	-3.883821	1.516841	-0.005016	0.002417	-0.005243	-66.772766	-64.953451	44.024304
59779	8.828223	-3.895488	1.516113	0.002346	-0.003951	0.001705	-66.780658	-64.952978	44.033706
59780	8.817017	-3.917100	1.540382	-0.003424	-0.000228	-0.001744	-66.782507	-64.954289	44.033641
59781	8.807505	-3.883870	1.540804	0.000775	-0.001314	-0.000022	-66.787507	-64.954127	44.038855
59782	8.817144	-3.916880	1.540219	-0.000041	0.000017	-0.003543	-66.786273	-64.956330	44.037526
59783	8.795323	-3.904619	1.516363	-0.001335	-0.000767	-0.001769	-66.791034	-64.956961	44.041138
59784	8.807723	-3.883423	1.540684	-0.000775	0.001314	0.000022	-66.790481	-64.956993	44.040097
59785	8.808427	-3.883460	1.564809	-0.003768	-0.005705	-0.005349	-66.800486	-64.960622	44.047957
59786	8.817597	-3.916185	1.539388	0.000236	-0.003404	-0.000042	-66.804641	-64.961752	44.052752
59787	8.829402	-3.894881	1.539132	0.000796	-0.001323	0.001749	-66.810532	-64.960649	44.058954
59788	8.807467	-3.882928	1.515134	-0.001853	-0.002865	-0.000017	-66.815289	-64.961645	44.063092
59789	8.817654	-3.916357	1.538627	-0.001078	-0.004179	-0.000040	-66.824623	-64.962126	44.071907
59790	8.796395	-3.904475	1.538848	0.000991	-0.004709	-0.001836	-66.828954	-64.964495	44.077373
59791	8.817837	-3.916197	1.537985	-0.001314	-0.000776	0.000002	-66.834618	-64.964182	44.081985
59792	8.796548	-3.904252	1.538541	-0.000042	0.000017	-0.003543	-66.833386	-64.966384	44.080659
59793	8.807811	-3.882564	1.514066	0.000021	-0.000009	0.001772	-66.838286	-64.964962	44.085269
59794	8.809026	-3.882911	1.562802	-0.003466	-0.000211	-0.005288	-66.838433	-64.968135	44.083299
59795	8.808534	-3.882538	1.538276	0.000796	-0.001323	0.001749	-66.844370	-64.967019	44.089541
59796	8.829268	-3.894247	1.513211	0.000021	-0.000009	0.001772	-66.845696	-64.966427	44.091078
59797	8.764109	-3.913867	1.563248	0.000216	-0.003395	-0.001814	-66.852597	-64.967653	44.098015
59798	8.817548	-3.915636	1.512766	-0.003146	-0.003649	0.001757	-66.859838	-64.967889	44.104077
59799	8.808637	-3.882652	1.537397	-0.000581	-0.002072	-0.003563	-66.864871	-64.969733	44.108446
59800	8.797030	-3.903734	1.537098	-0.002434	-0.004938	-0.003581	-66.870586	-64.973070	44.113274
59801	8.818468	-3.915470	1.536213	0.000021	-0.000009	0.001772	-66.875528	-64.971636	44.117921
59802	8.808367	-3.881992	1.512299	-0.001356	-0.000758	-0.003541	-66.875928	-64.974011	44.117565
59803	8.808504	-3.881681	1.512299	0.001272	0.000793	-0.003546	-66.876698	-64.975196	44.118397
59804	8.785560	-3.924438	1.536987	-0.001572	0.002637	-0.001727	-66.874265	-64.975851	44.114777
59805	8.809773	-3.881778	1.561402	0.001293	0.000784	-0.001774	-66.875899	-64.976101	44.116573
59806	8.809853	-3.881615	1.561359	-0.000560	-0.002081	-0.001792	-66.878179	-64.977852	44.118795
59807	8.830762	-3.893025	1.536025	-0.001098	-0.004171	-0.001812	-66.886763	-64.979234	44.126748
59808	8.797058	-3.902465	1.511838	-0.002350	-0.004973	0.003506	-66.895887	-64.978843	44.135391
59809	8.830294	-3.892824	1.510882	-0.000063	0.000026	-0.005315	-66.897464	-64.981124	44.136263
59810	8.808926	-3.881002	1.511581	0.003467	0.000211	0.005288	-66.898261	-64.978629	44.139394
59811	8.797698	-3.902664	1.535988	0.000195	-0.003386	-0.003586	-66.904390	-64.980765	44.145450
59812	8.830369	-3.892692	1.510787	-0.000775	0.001314	0.000023	-66.903836	-64.980796	44.144407
59813	8.819798	-3.914390	1.559669	0.000733	-0.001297	-0.003566	-66.907318	-64.982449	44.147881
59814	8.810285	-3.881157	1.560060	-0.002607	-0.001560	0.001777	-66.911904	-64.982202	44.151352
59815	8.775967	-3.890351	1.511676	0.000237	-0.003404	-0.000043	-66.919751	-64.982468	44.159327
59816	8.809845	-3.880868	1.534979	-0.002434	-0.004938	-0.003581	-66.925474	-64.985803	44.164164
59817	8.830716	-3.892380	1.509563	-0.002607	-0.001560	0.001777	-66.933755	-64.984693	44.170818
59818	8.830719	-3.892475	1.509298	0.000237	-0.003404	-0.000043	-66.937919	-64.985818	44.175622
59819	8.809976	-3.880882	1.534194	-0.004976	0.002399	-0.001698	-66.941423	-64.985650	44.175505
59820	8.809401	-3.880677	1.509652	0.000258	-0.003413	0.001729	-66.946438	-64.985842	44.181261
59821	8.830731	-3.892633	1.508819	-0.001293	-0.000785	0.001774	-66.953108	-64.984557	44.186964
59822	8.831269	-3.892961	1.533268	0.000539	0.002090	0.000020	-66.950924	-64.984416	44.184953
59823	8.818855	-3.914171	1.508931	-0.000518	-0.002099	0.001751	-66.958633	-64.983435	44.192291
59824	8.809166	-3.881232	1.509592	0.001120	0.004162	0.003584	-66.955487	-64.980950	44.189586
59825	8.809663	-3.881627	1.534101	-0.000539	-0.002090	-0.000020	-66.962358	-64.980901	44.195983
59826	8.819284	-3.914749	1.533363	-0.003425	-0.000228	-0.001744	-66.964216	-64.982209	44.195927
59827	8.830532	-3.893138	1.508683	0.002347	-0.003951	0.001703	-66.972373	-64.981665	44.205566
59828	8.797892	-3.903109	1.533743	-0.001530	0.002619	0.001817	-66.971637	-64.980457	44.203847
59829	8.797898	-3.903119	1.533683	0.000215	-0.003395	-0.001815	-66.978707	-64.981641	44.210936
59830	8.819356	-3.914772	1.532892	-0.002111	0.000547	-0.001746	-66.978935	-64.982777	44.209912
59831	8.809254	-3.881285	1.508944	0.001551	-0.002628	-0.000046	-66.985230	-64.982852	44.216990
59832	8.851363	-3.904699	1.483340	-0.000215	0.003395	0.001815	-66.982864	-64.981472	44.214302
59833	8.797961	-3.902954	1.533743	0.002607	0.001560	-0.001777	-66.983004	-64.981522	44.215252
59834	8.831133	-3.893300	1.533192	-0.002865	0.001852	0.000048	-66.983051	-64.981419	44.213551
59835	8.797861	-3.903130	1.533871	0.000839	-0.001341	0.005292	-66.990881	-64.978388	44.221868
59836	8.842098	-3.872237	1.508760	0.000560	0.002081	0.001792	-66.989544	-64.977314	44.220806
59837	8.797631	-3.903583	1.534033	0.000021	-0.000009	0.001772	-66.994655	-64.975841	44.225604
59838	8.840259	-3.927411	1.532779	0.000042	-0.000018	0.003543	-66.996825	-64.974313	44.228085
59839	8.830579	-3.894482	1.533381	-0.000754	0.001305	0.001794	-67.000913	-64.972530	44.231261
59840	8.809694	-3.883077	1.558619	0.001874	0.002856	0.001789	-66.997946	-64.971284	44.229231
59841	8.809072	-3.882901	1.534273	-0.000539	-0.002090	-0.000020	-67.004877	-64.971216	44.235680
59842	8.829834	-3.894443	1.509403	0.002392	0.004955	0.000038	-66.998403	-64.970424	44.230106
59843	8.809002	-3.882793	1.534947	0.000281	0.005502	-0.001709	-66.995488	-64.969547	44.226208
59844	8.829778	-3.894245	1.510242	0.003404	0.000237	-0.000028	-66.993732	-64.969845	44.226481
59845	8.797150	-3.904102	1.535476	0.001335	0.000767	0.001769	-66.997234	-64.968193	44.230326
59846	8.807692	-3.882395	1.486801	-0.000215	0.003395	0.001814	-66.994868	-64.966813	44.227638
59847	8.830085	-3.894830	1.535341	0.001099	0.004171	0.001812	-66.994692	-64.964375	44.227276
59848	8.786603	-3.871285	1.512443	0.001377	0.000749	0.005312	-66.996078	-64.961742	44.229736
59849	8.817860	-3.916948	1.535940	0.001141	0.004153	0.005355	-66.997602	-64.957439	44.231278
59850	8.808074	-3.884061	1.537065	0.002952	0.007036	0.001829	-66.989320	-64.955235	44.224063
59851	8.829766	-3.896442	1.561399	0.004026	0.002292	0.007079	-66.992123	-64.950438	44.228843
59852	8.796311	-3.906526	1.562410	-0.000174	0.003378	0.005357	-66.991452	-64.947193	44.228052
59853	8.828752	-3.897031	1.537421	0.000796	-0.001323	0.001749	-66.997626	-64.946014	44.234476
59854	8.795479	-3.906828	1.538106	-0.000734	0.001297	0.003565	-66.998765	-64.944180	44.235328
59855	8.849333	-3.909066	1.512398	0.000796	-0.001323	0.001749	-67.004947	-64.942997	44.241802
59856	8.807093	-3.885835	1.538201	0.001099	0.004171	0.001811	-67.000953	-64.941445	44.238149
59857	8.815890	-3.919056	1.513571	0.002691	0.001525	0.005309	-67.004546	-64.937748	44.242933
59858	8.785427	-3.874448	1.539507	0.000283	0.005502	-0.001709	-66.997834	-64.937754	44.235762
59859	8.839270	-3.876520	1.514317	0.002434	0.004937	0.003580	-66.996902	-64.934202	44.235410
59860	8.794734	-3.907904	1.539635	-0.000519	-0.002098	0.001752	-67.000877	-64.934085	44.239530
59861	8.805878	-3.886543	1.515101	-0.000734	0.001297	0.003565	-67.005861	-64.931356	44.243696
59862	8.827108	-3.898590	1.514634	0.000560	0.002081	0.001791	-67.004524	-64.930281	44.242635
59863	8.806232	-3.887170	1.539755	0.000021	-0.000009	0.001771	-67.009699	-64.928791	44.247484
59864	8.793857	-3.908309	1.515357	-0.001335	-0.000767	-0.001769	-67.010955	-64.930232	44.248087
59865	8.826944	-3.898932	1.514703	-0.001488	0.002603	0.005358	-67.015766	-64.926263	44.251581
59866	8.806024	-3.887597	1.539867	0.001314	0.000775	-0.000002	-67.014611	-64.926426	44.251197
59867	8.826235	-3.898912	1.490562	0.001314	0.000775	-0.000002	-67.017323	-64.925694	44.254153
59868	8.806547	-3.887808	1.564598	-0.000235	0.003404	0.000042	-67.014114	-64.925246	44.250521
59869	8.805351	-3.887414	1.515930	0.000021	-0.000009	0.001771	-67.019301	-64.923753	44.255388
59870	8.793508	-3.908841	1.516014	0.002089	-0.000539	-0.000025	-67.019174	-64.924223	44.256628
59871	8.827315	-3.899368	1.539742	-0.002130	0.000556	-0.003518	-67.022433	-64.925393	44.257990
59872	8.804923	-3.886892	1.491447	-0.003424	-0.000227	-0.001744	-67.024291	-64.926700	44.257935
59873	8.805730	-3.886696	1.515572	-0.001182	-0.004136	-0.008897	-67.029736	-64.931755	44.262343
59874	8.827359	-3.898023	1.514626	0.002304	-0.003934	-0.001838	-67.032447	-64.933940	44.266854
59875	8.794968	-3.907422	1.539523	-0.001397	-0.000741	-0.007083	-67.035060	-64.937280	44.267978
59876	8.785645	-3.873794	1.539908	-0.000581	-0.002072	-0.003563	-67.036501	-64.939959	44.269262
59877	8.828505	-3.897094	1.538680	0.000498	0.002107	-0.003523	-67.036516	-64.940784	44.268681
59878	8.807200	-3.885113	1.539414	0.002089	-0.000539	-0.000025	-67.036389	-64.941253	44.269922
59879	8.807239	-3.885018	1.539430	-0.000021	0.000009	-0.001771	-67.039915	-64.941624	44.272906
59880	8.807239	-3.885018	1.539430	0.000021	-0.000009	0.001771	-67.041234	-64.941027	44.274434
59881	8.816273	-3.917811	1.514563	-0.001612	0.002654	-0.005270	-67.041013	-64.942649	44.272323
59882	8.829339	-3.896715	1.563129	-0.002393	-0.004955	-0.000037	-67.048431	-64.944111	44.279058
59883	8.795046	-3.905891	1.514690	0.000796	-0.001323	0.001749	-67.054671	-64.942918	44.285571
59884	8.818589	-3.863281	1.514633	0.002649	0.001542	0.001767	-67.052731	-64.941976	44.285164
59885	8.816184	-3.918021	1.514538	0.002434	0.004937	0.003580	-67.051849	-64.938420	44.284832
59886	8.785609	-3.873621	1.540546	0.004005	0.002300	0.005307	-67.049968	-64.935441	44.285349
59887	8.815130	-3.918559	1.490962	0.001140	0.004153	0.005354	-67.051560	-64.931121	44.286942
59888	8.772709	-3.895617	1.517016	0.003230	0.003614	0.005329	-67.048651	-64.927837	44.285834
59889	8.827029	-3.898128	1.516276	0.003728	0.005721	0.001806	-67.045311	-64.925039	44.283618
59890	8.805496	-3.886530	1.517355	-0.000195	0.003387	0.003584	-67.043788	-64.922726	44.281874
59891	8.805849	-3.887109	1.542102	0.006094	0.001761	0.005282	-67.045218	-64.918978	44.286430
59892	8.814566	-3.920445	1.517680	0.003769	0.005704	0.005348	-67.039655	-64.915216	44.282733
59893	8.805943	-3.888032	1.567439	-0.001529	0.002620	0.001815	-67.042836	-64.913105	44.284406
59894	8.814759	-3.921292	1.542642	0.001376	0.000750	0.005311	-67.044211	-64.910470	44.286854
59895	8.825852	-3.899993	1.518330	0.000560	0.002081	0.001791	-67.046783	-64.908491	44.289145
59896	8.792521	-3.909757	1.519369	0.002434	0.004937	0.003579	-67.042006	-64.905834	44.285470
59897	8.816034	-3.867233	1.519412	0.001570	-0.002637	0.001728	-67.049287	-64.904939	44.293620
59898	8.805711	-3.889715	1.592691	0.003505	0.000194	0.008829	-67.051744	-64.900572	44.298611
59899	8.825138	-3.901347	1.519006	0.001355	0.000758	0.003540	-67.056186	-64.897966	44.303478
59900	8.792379	-3.911311	1.544425	0.004504	0.004406	0.001783	-67.049966	-64.896375	44.299518
59901	8.791681	-3.911254	1.520378	0.003444	0.000219	0.003515	-67.053815	-64.893902	44.305070
59902	8.825298	-3.902126	1.544311	0.002649	0.001542	0.001766	-67.051875	-64.892960	44.304664
59903	8.791478	-3.911565	1.520753	0.001335	0.000767	0.001769	-67.055468	-64.891281	44.308608
59904	8.803223	-3.890322	1.520819	0.003424	0.000227	0.001744	-67.054554	-64.890644	44.309825
59905	8.803694	-3.890759	1.545199	-0.000499	-0.002106	0.003523	-67.063283	-64.888684	44.318255
59906	8.812607	-3.923862	1.520224	0.001315	0.000775	-0.000003	-67.062129	-64.888846	44.317871
59907	8.803567	-3.891063	1.545157	-0.001274	-0.000791	0.003545	-67.069821	-64.886580	44.324590
59908	8.802969	-3.890931	1.520733	-0.000795	0.001323	-0.001749	-67.068427	-64.887542	44.322607
59909	8.791157	-3.912311	1.520686	-0.001834	-0.002873	0.001755	-67.077943	-64.886685	44.331082
59910	8.815374	-3.869924	1.544624	-0.001855	-0.002864	-0.000017	-67.082695	-64.887666	44.335216
59911	8.813094	-3.924553	1.543860	0.000255	-0.003412	0.001730	-67.091617	-64.886944	44.344338
59912	8.803556	-3.891530	1.544039	-0.001060	-0.004187	0.001733	-67.098236	-64.887297	44.351037
59913	8.812507	-3.924632	1.518812	0.001570	-0.002637	0.001727	-67.105509	-64.886395	44.359229
59914	8.803005	-3.891531	1.518991	-0.002395	-0.004954	-0.000036	-67.112915	-64.887851	44.365953
59915	8.836228	-3.882089	1.517801	-0.000285	-0.005502	0.001711	-67.124480	-64.887596	44.377688
59916	8.804200	-3.892152	1.567002	0.000775	-0.001315	-0.000022	-67.125979	-64.888234	44.379893
59917	8.824990	-3.903815	1.541802	0.000255	-0.003412	0.001730	-67.134883	-64.887504	44.389038
59918	8.824422	-3.903671	1.517190	-0.001315	-0.000775	0.000003	-67.136983	-64.888008	44.390585
59919	8.824439	-3.903674	1.517087	0.000775	-0.001315	-0.000022	-67.142399	-64.887740	44.396105
59920	8.813196	-3.925153	1.541748	0.003149	0.003647	-0.001757	-67.136125	-64.888189	44.391228
59921	8.803115	-3.891624	1.518111	0.002089	-0.000540	-0.000025	-67.139916	-64.887750	44.395797
59922	8.824353	-3.903550	1.517908	0.005065	0.006487	0.003572	-67.131877	-64.884753	44.390183
59923	8.783132	-3.880755	1.593085	0.002955	0.007035	0.001826	-67.127514	-64.881652	44.386229
59924	8.802577	-3.892265	1.519588	0.000856	-0.001347	0.007062	-67.132367	-64.878557	44.392191
59925	8.824282	-3.904756	1.543470	0.002670	0.001533	0.003536	-67.135167	-64.875772	44.396100
59926	8.802749	-3.893213	1.544395	0.001121	0.004162	0.003580	-67.132011	-64.873288	44.393383
59927	8.801400	-3.893135	1.495950	0.001916	0.002840	0.005329	-67.134627	-64.869267	44.396636
59928	8.823643	-3.905780	1.544532	0.001121	0.004162	0.003580	-67.131472	-64.866784	44.393920
59929	8.811002	-3.927268	1.520732	0.003771	0.005704	0.005345	-67.129797	-64.862114	44.393647
59930	8.800600	-3.894241	1.497777	0.008256	0.010117	0.005355	-67.116701	-64.857366	44.384465
59931	8.800875	-3.894672	1.523276	0.005586	0.008584	0.001819	-67.109132	-64.853927	44.378852
59932	8.789282	-3.916542	1.548792	0.006961	0.009334	0.007128	-67.098505	-64.848417	44.371578
59933	8.821484	-3.907316	1.524875	0.008276	0.010109	0.007124	-67.090160	-64.841829	44.366690
59934	8.800221	-3.896190	1.551285	0.009357	0.014287	0.007160	-67.072620	-64.835195	44.353294
59935	8.799755	-3.896597	1.552906	0.009337	0.014295	0.005389	-67.058144	-64.828590	44.342208
59936	8.799314	-3.896972	1.554460	0.012994	0.011117	0.007093	-67.042061	-64.822697	44.332724
59937	8.798259	-3.897371	1.531460	0.009629	0.010868	0.010660	-67.033784	-64.814073	44.328761
59938	8.798268	-3.898162	1.557395	0.015624	0.012665	0.007085	-67.014465	-64.807836	44.317365
59939	8.818436	-3.910545	1.534201	0.009976	0.016347	0.014254	-67.001569	-64.796095	44.308438
59940	8.796836	-3.899873	1.561193	0.015990	0.018136	0.012449	-66.978481	-64.785801	44.293106
59941	8.817433	-3.912565	1.562716	0.016223	0.014732	0.012410	-66.962963	-64.775382	44.285545
59942	8.794925	-3.901224	1.540771	0.014096	0.015287	0.008890	-66.942481	-64.767599	44.271891
59943	8.783472	-3.923588	1.591611	0.013341	0.016595	0.010679	-66.925728	-64.757677	44.261076
59944	8.804931	-3.881123	1.520328	0.018079	0.017595	0.012418	-66.902087	-64.747512	44.246450
59945	8.801770	-3.936493	1.522315	0.016532	0.020225	0.012454	-66.880313	-64.735841	44.231866
59946	8.793084	-3.904601	1.598138	0.014115	0.015280	0.010654	-66.860715	-64.727122	44.219197
59947	8.758212	-3.914520	1.551726	0.013591	0.013185	0.012407	-66.848494	-64.717058	44.213379
59948	8.812169	-3.917568	1.552186	0.012995	0.011114	0.007080	-66.832496	-64.711157	44.203980
59949	8.800373	-3.939457	1.578084	0.007484	0.011431	0.005357	-66.822365	-64.705194	44.196665
59950	8.811845	-3.918523	1.579221	0.011137	0.008252	0.007067	-66.810625	-64.699944	44.190798
59951	8.789630	-3.906890	1.556550	0.007484	0.011431	0.005355	-66.800487	-64.693981	44.183367
59952	8.777471	-3.928401	1.557816	0.009768	0.007496	0.001760	-66.787845	-64.691696	44.175634
59953	8.789494	-3.907545	1.583211	0.009065	0.008789	0.008857	-66.781424	-64.684481	44.173426
59954	8.788624	-3.907782	1.559988	0.010328	0.009579	0.003543	-66.767000	-64.680785	44.164076
59955	8.788857	-3.908046	1.585506	0.005591	0.008580	0.001802	-66.759429	-64.677341	44.158125
59956	8.809366	-3.920049	1.561802	0.008817	0.012199	0.007118	-66.744671	-64.671168	44.147446
59957	8.808930	-3.920433	1.563299	0.012204	0.012435	0.005322	-66.730709	-64.664987	44.138953
59958	8.820340	-3.899480	1.564900	0.009902	0.016376	0.007143	-66.710711	-64.657853	44.123164
59959	8.754289	-3.919202	1.616766	0.011235	0.017144	0.008908	-66.693817	-64.648725	44.110704
59960	8.774582	-3.931518	1.593553	0.013783	0.009793	0.008824	-66.679729	-64.642195	44.103913
59961	8.795437	-3.943937	1.594331	0.006958	0.009338	0.007103	-66.673108	-64.635783	44.100234
59962	8.752837	-3.920807	1.620727	0.007731	0.008022	0.007086	-66.663629	-64.630569	44.094706
59963	8.794249	-3.944696	1.571745	0.002435	0.004940	0.003561	-66.662753	-64.627022	44.094111
59964	8.762820	-3.899726	1.548748	0.003751	0.005713	0.003557	-66.656430	-64.624187	44.089552
59965	8.818060	-3.902681	1.597057	0.006069	0.001766	0.003507	-66.656990	-64.621384	44.093200
59966	8.805977	-3.924219	1.597701	0.005839	0.005170	0.003536	-66.650064	-64.618683	44.089297
59967	8.751247	-3.922009	1.599231	0.001892	0.002852	0.003548	-66.651830	-64.615619	44.091522
59968	8.763017	-3.900887	1.599303	0.002105	-0.000548	0.001749	-66.652528	-64.615157	44.093689
59969	8.784670	-3.913120	1.623374	0.000576	0.002079	0.003552	-66.655890	-64.612265	44.096774
59970	8.783608	-3.913224	1.574530	0.002367	-0.003962	0.005258	-66.661900	-64.610731	44.104988
59971	8.792482	-3.946592	1.549599	0.000789	-0.001321	0.001753	-66.668045	-64.609548	44.111662
59972	8.795348	-3.892335	1.574209	0.000016	-0.000005	0.001769	-66.669347	-64.608952	44.113173
59973	8.762562	-3.901950	1.599202	0.002088	-0.000543	-0.000021	-66.673019	-64.608527	44.117760
59974	8.771527	-3.935093	1.574315	0.000246	-0.003409	0.001740	-66.677948	-64.608718	44.123432
59975	8.792834	-3.947147	1.573506	-0.001070	-0.004182	0.001744	-66.688297	-64.608190	44.133330
59976	8.783912	-3.914147	1.597814	-0.000314	-0.005493	-0.000042	-66.695006	-64.609791	44.140617
59977	8.795457	-3.892731	1.572621	-0.004262	-0.007811	-0.000030	-66.710363	-64.611022	44.153945
59978	8.805996	-3.926041	1.620377	-0.004541	-0.004392	-0.005309	-66.715762	-64.615144	44.157101
59979	8.783898	-3.913745	1.571613	0.002334	-0.003952	0.001719	-66.723905	-64.614586	44.166623
59980	8.805712	-3.925845	1.595164	-0.002403	-0.004950	-0.000022	-66.731222	-64.616050	44.173258
59981	8.783985	-3.913944	1.570632	-0.003702	-0.005727	0.001751	-66.744786	-64.615872	44.184920
59982	8.784086	-3.913994	1.569942	-0.002963	-0.007033	-0.001804	-66.753887	-64.618745	44.193175
59983	8.794167	-3.947251	1.593136	-0.005594	-0.008579	-0.001797	-66.770012	-64.621073	44.206724
59984	8.784871	-3.914102	1.592645	-0.002929	-0.007043	0.001734	-66.780794	-64.622084	44.216861
59985	8.784465	-3.914112	1.567528	-0.005807	-0.005179	0.000003	-66.794134	-64.622696	44.227228
59986	8.785049	-3.914319	1.591127	-0.003489	-0.009127	-0.000049	-66.806704	-64.625114	44.238988
59987	8.817417	-3.904696	1.540951	-0.006579	-0.003863	0.000020	-66.819009	-64.625422	44.247448
59988	8.806556	-3.926282	1.589417	-0.001876	-0.002856	-0.001779	-66.822872	-64.627335	44.250594
59989	8.805654	-3.926032	1.540274	-0.001842	-0.002866	0.001760	-66.832191	-64.626508	44.258722
59990	8.773405	-3.935759	1.589564	-0.000790	0.001321	-0.001752	-66.830806	-64.627465	44.256747
59991	8.797165	-3.893121	1.589491	0.000561	0.002083	0.001783	-66.833264	-64.625518	44.258575
59992	8.805936	-3.926404	1.565180	0.002980	0.007028	0.003575	-66.825913	-64.622382	44.252388
59993	8.772521	-3.936012	1.566460	0.003736	0.005717	0.001788	-66.822501	-64.619608	44.249838
59994	8.784198	-3.914939	1.566958	0.004542	0.004391	0.005310	-66.818009	-64.616153	44.247807
59995	8.805335	-3.927015	1.567028	0.002403	0.004950	0.000023	-66.815391	-64.614471	44.245886
59996	8.783913	-3.915171	1.567973	0.001104	0.004172	0.001796	-66.811443	-64.612915	44.242276
59997	8.793251	-3.948436	1.567932	0.002632	0.001545	-0.000008	-66.812474	-64.612026	44.244503
59998	8.783253	-3.915212	1.544212	0.001121	0.004167	0.003565	-66.809363	-64.609540	44.241831
59999	8.771621	-3.936944	1.569158	0.003209	0.003624	0.003544	-66.809431	-64.606314	44.243125
60000	8.805049	-3.927993	1.593534	0.003769	0.005707	0.005326	-66.803932	-64.602553	44.239489
60001	8.804392	-3.927950	1.569980	0.004790	0.009904	-0.001725	-66.793605	-64.600677	44.230433
60002	8.804209	-3.928035	1.570792	0.004542	0.004392	0.005309	-66.789118	-64.597221	44.228406
60003	8.771262	-3.937674	1.596631	0.004017	0.011219	-0.001709	-66.777750	-64.595041	44.217300
60004	8.804372	-3.928206	1.596749	0.002648	0.001540	0.001761	-66.775823	-64.594097	44.216907
60005	8.782545	-3.916127	1.573246	0.003703	0.005726	-0.001752	-66.770750	-64.593182	44.213069
60006	8.771015	-3.937525	1.598354	0.002420	0.004945	0.001791	-66.765195	-64.591453	44.208514
60007	8.772956	-3.882891	1.574627	0.003948	0.002317	-0.000012	-66.764562	-64.590397	44.209365
60008	8.804203	-3.927867	1.598511	0.000494	0.002102	-0.005295	-66.759889	-64.593042	44.204565
60009	8.803808	-3.927478	1.574426	0.003175	0.003633	0.000005	-66.758239	-64.591686	44.203589
60010	8.803752	-3.927456	1.574793	-0.000229	0.003404	0.000029	-66.755070	-64.591232	44.199996
60011	8.803604	-3.927576	1.575324	0.005068	0.006485	0.003552	-66.750856	-64.587354	44.197825
60012	8.803399	-3.927759	1.576017	0.001647	0.006261	0.001807	-66.744296	-64.585318	44.191667
60013	8.803711	-3.927938	1.601042	0.001631	0.006265	0.000037	-66.740610	-64.583347	44.187531
60014	8.781851	-3.915891	1.577698	0.001631	0.006265	0.000037	-66.733213	-64.582241	44.180435
60015	8.781330	-3.915674	1.553945	0.000842	0.007586	-0.001716	-66.727708	-64.580892	44.174264
60016	8.803039	-3.927516	1.578624	0.002931	0.007042	-0.001736	-66.717861	-64.580543	44.165282
60017	8.760375	-3.903614	1.579985	0.000544	0.002088	0.000012	-66.719428	-64.579530	44.166711
60018	8.781743	-3.915297	1.579770	-0.002365	0.003961	-0.005259	-66.714349	-64.581732	44.159648
60019	8.803506	-3.927273	1.603803	-0.001284	-0.000781	0.003542	-66.721820	-64.579514	44.166405
60020	8.770316	-3.936707	1.604192	-0.000576	-0.002079	-0.003551	-66.723220	-64.582185	44.167650
60021	8.794264	-3.893782	1.603859	-0.002120	0.000552	-0.003519	-66.726325	-64.583389	44.168843
60022	8.803385	-3.926602	1.578973	-0.002664	-0.001536	-0.003531	-66.728330	-64.585926	44.169433
60023	8.749444	-3.924037	1.604117	0.000213	-0.003400	-0.001798	-66.735260	-64.587109	44.176455
60024	8.782369	-3.914183	1.579052	-0.000821	0.001329	-0.005292	-66.732196	-64.589925	44.172602
60025	8.782030	-3.913938	1.554360	-0.003703	-0.005727	0.001752	-66.745665	-64.589774	44.184435
60026	8.782559	-3.914025	1.578386	-0.001348	-0.000763	-0.003535	-66.746059	-64.592138	44.184077
60027	8.782773	-3.913683	1.578045	-0.004539	-0.004393	-0.005309	-66.755134	-64.595396	44.190455
60028	8.804383	-3.925186	1.576928	-0.005082	-0.006481	-0.005322	-66.763157	-64.599994	44.196173
60029	8.783366	-3.912912	1.576653	-0.005855	-0.005165	-0.005306	-66.773837	-64.603424	44.203435
60030	8.795144	-3.891001	1.551414	-0.005099	-0.006476	-0.007092	-66.781027	-64.608953	44.208220
60031	8.772651	-3.933359	1.599630	-0.004326	-0.007792	-0.007109	-66.792939	-64.613946	44.217711
60032	8.784474	-3.911429	1.574161	-0.004853	-0.009886	-0.005353	-66.804606	-64.619327	44.227607
60033	8.785335	-3.911130	1.597376	-0.009589	-0.010884	-0.007095	-66.822910	-64.624994	44.240662
60034	8.840320	-3.913030	1.595155	-0.009835	-0.007474	-0.008835	-66.833108	-64.631663	44.245772
60035	8.806554	-3.921835	1.545810	-0.004047	-0.011211	-0.001832	-66.851138	-64.634633	44.262415
60036	8.785461	-3.909724	1.545553	-0.006858	-0.000446	-0.005260	-66.853525	-64.637835	44.260768
60037	8.807506	-3.921374	1.568953	-0.005083	-0.006481	-0.005325	-66.865251	-64.641581	44.269873
60038	8.798781	-3.888010	1.593051	-0.006612	-0.003855	-0.003521	-66.872115	-64.644634	44.273337
60039	8.807980	-3.920856	1.567584	-0.005066	-0.006486	-0.003556	-66.884650	-64.647458	44.282816
60040	8.808268	-3.920565	1.566694	-0.007714	-0.008027	-0.005319	-66.895936	-64.652396	44.290474
60041	8.819456	-3.898651	1.517136	-0.004754	-0.000993	-0.003511	-66.902204	-64.653950	44.293720
60042	8.796809	-3.941383	1.565714	-0.006612	-0.003855	-0.003522	-66.909074	-64.657002	44.297189
60043	8.798946	-3.886449	1.541232	-0.001349	-0.000762	-0.003536	-66.913135	-64.658523	44.300135
60044	8.797622	-3.941026	1.589463	-0.005296	-0.003082	-0.003526	-66.918390	-64.661403	44.302652
60045	8.799296	-3.885933	1.540533	-0.001892	-0.002851	-0.003550	-66.925089	-64.663411	44.308001
60046	8.799967	-3.885748	1.564644	-0.004771	-0.000988	-0.005282	-66.926880	-64.666746	44.307019
60047	8.809141	-3.918470	1.539590	-0.002665	-0.001536	-0.003533	-66.932558	-64.668441	44.311229
60048	8.821619	-3.897024	1.563810	-0.002896	0.001869	-0.003501	-66.930939	-64.670196	44.307662
60049	8.809886	-3.918073	1.563827	-0.000576	-0.002078	-0.003554	-66.936000	-64.672033	44.312130
60050	8.789168	-3.906073	1.588645	-0.002896	0.001869	-0.003501	-66.934381	-64.673788	44.308563
60051	8.800811	-3.884182	1.563784	-0.005099	-0.006475	-0.007098	-66.945254	-64.678476	44.316920
60052	8.789666	-3.905261	1.587885	-0.002123	0.000553	-0.003519	-66.944649	-64.680536	44.314965
60053	8.810727	-3.916637	1.562689	-0.004540	-0.004392	-0.005314	-66.953723	-64.683829	44.321249
60054	8.768314	-3.892482	1.563325	-0.001367	-0.000756	-0.005307	-66.953297	-64.687126	44.319971
60055	8.811175	-3.915935	1.561918	-0.002958	-0.007034	-0.001810	-66.966055	-64.689165	44.331126
60056	8.790034	-3.903825	1.561948	-0.005544	0.000327	-0.005265	-66.966836	-64.692197	44.328536
60057	8.823399	-3.894094	1.561066	-0.001101	-0.004172	-0.001799	-66.975303	-64.693580	44.336205
60058	8.789801	-3.903346	1.536976	-0.001315	-0.000774	0.000003	-66.977385	-64.694080	44.337735
60059	8.811223	-3.915041	1.536397	0.002828	-0.001845	-0.003579	-66.980194	-64.695891	44.341733
60060	8.790939	-3.903339	1.585563	-0.002631	-0.001547	0.000007	-66.983895	-64.696563	44.344219
60061	8.811864	-3.914999	1.560378	-0.001874	-0.002857	-0.001781	-66.991363	-64.697655	44.350155
60062	8.790623	-3.902995	1.560710	-0.000017	0.000006	-0.001770	-66.990993	-64.698917	44.349794
60063	8.812061	-3.914651	1.560138	-0.003439	-0.000220	-0.003516	-66.995648	-64.700335	44.352312
60064	8.791304	-3.902848	1.584744	-0.003172	-0.003636	-0.000008	-67.001984	-64.701482	44.357369
60065	8.790839	-3.902707	1.560215	0.000542	0.002089	0.000015	-67.003399	-64.700516	44.358603
60066	8.812663	-3.914780	1.583931	-0.006576	-0.003868	0.000016	-67.011956	-64.701701	44.363960
60067	8.823554	-3.893252	1.534768	-0.000756	0.001309	0.001788	-67.015831	-64.699986	44.366843
60068	8.791732	-3.903329	1.608650	-0.002862	0.001857	0.000039	-67.015883	-64.699879	44.365146
60069	8.790761	-3.903024	1.559858	0.000000	-0.000000	-0.000000	-67.019923	-64.699380	44.369616
60070	8.790324	-3.902792	1.535390	-0.001333	-0.000768	-0.001767	-67.021172	-64.700812	44.370214
60071	8.812141	-3.914829	1.559241	0.000017	-0.000006	0.001770	-67.026008	-64.699397	44.374521
60072	8.823952	-3.893565	1.559256	0.000542	0.002089	0.000015	-67.023839	-64.699250	44.372525
60073	8.790267	-3.902856	1.535552	0.002089	-0.000542	-0.000021	-67.027216	-64.698903	44.376254
60074	8.802580	-3.881783	1.559777	0.004444	-0.004499	0.003465	-67.031795	-64.698410	44.384195
60075	8.833249	-3.927294	1.558495	-0.002330	-0.004975	0.007054	-67.046032	-64.695334	44.397262
60076	8.811773	-3.915732	1.559053	0.003714	0.005725	0.000023	-67.037992	-64.694370	44.390783
60077	8.810660	-3.915533	1.510809	0.000345	0.005481	0.003588	-67.037380	-64.690789	44.388998
60078	8.822748	-3.894704	1.535718	0.005855	0.005165	0.005312	-67.031240	-64.687160	44.385976
60079	8.822945	-3.895197	1.560880	0.002203	0.008344	0.003599	-67.026394	-64.682908	44.382263
60080	8.822570	-3.895686	1.561779	0.005658	0.008558	0.008884	-67.018276	-64.676635	44.376928
60081	8.788910	-3.905792	1.563358	0.002779	0.010421	0.007152	-67.012424	-64.670063	44.371226
60082	8.842973	-3.908772	1.563485	0.004637	0.013283	0.007163	-66.998819	-64.663640	44.359173
60083	8.799355	-3.885410	1.541515	0.007268	0.014830	0.007156	-66.985537	-64.656084	44.348546
60084	8.807773	-3.919048	1.518509	0.008369	0.019002	0.008953	-66.964289	-64.647433	44.330400
60085	8.787190	-3.908211	1.594313	0.008895	0.021096	0.007195	-66.943113	-64.638434	44.312608
60086	8.795644	-3.941698	1.571460	0.006478	0.016151	0.005399	-66.924462	-64.632290	44.296135
60087	8.806614	-3.920575	1.548657	0.008566	0.015608	0.005379	-66.908726	-64.625514	44.282357
60088	8.818567	-3.899515	1.574776	0.006972	0.018256	0.000102	-66.884958	-64.621684	44.260533
60089	8.784563	-3.908958	1.552583	0.005935	0.014062	0.005383	-66.872454	-64.615225	44.249942
60090	8.784675	-3.909193	1.578588	0.003553	0.018030	-0.001648	-66.850080	-64.612362	44.227489
60091	8.818054	-3.899851	1.603986	0.002499	0.013842	0.001865	-66.838144	-64.607816	44.215082
60092	8.784600	-3.909338	1.605787	0.003256	0.012532	0.000078	-66.822871	-64.605278	44.200300
60093	8.805226	-3.921186	1.582165	0.003287	0.012522	0.003617	-66.812777	-64.600103	44.190594
60094	8.762735	-3.897687	1.608621	0.001941	0.011759	0.000080	-66.799122	-64.597736	44.176769
60095	8.762107	-3.897602	1.585215	0.001413	0.009665	0.001837	-66.792370	-64.594147	44.168741
60096	8.804515	-3.921456	1.585448	0.007449	0.011442	0.001809	-66.776739	-64.590939	44.156220
60097	8.792504	-3.942650	1.586570	0.000052	0.008907	-0.003470	-66.769085	-64.590328	44.145860
60098	8.807187	-3.866619	1.612206	0.000365	0.014400	-0.003430	-66.751745	-64.589207	44.126954
60099	8.762096	-3.896985	1.613792	0.002899	0.007054	-0.005274	-66.743642	-64.589958	44.118278
60100	8.804450	-3.920128	1.589089	-0.001048	0.004735	-0.005266	-66.736946	-64.591988	44.110260
60101	8.783284	-3.907828	1.589665	-0.004221	0.001100	-0.005273	-66.739526	-64.594054	44.110763
60102	8.838027	-3.909785	1.588719	-0.005009	0.002421	-0.007028	-66.736824	-64.597534	44.104654
60103	8.805047	-3.918763	1.589148	-0.003448	-0.000216	-0.005289	-66.740464	-64.599936	44.106141
60104	8.804890	-3.918074	1.564712	-0.005797	0.003741	-0.008783	-66.735911	-64.604041	44.097484
60105	8.816850	-3.896492	1.564777	-0.001532	0.002626	0.001801	-66.738598	-64.602056	44.098892
60106	8.771706	-3.927228	1.565862	-0.000722	0.010223	-0.003456	-66.726490	-64.601890	44.085091
60107	8.817565	-3.896385	1.615063	-0.004371	0.013401	-0.005178	-66.715613	-64.601151	44.070217
60108	8.783965	-3.905349	1.591993	0.000825	0.007592	-0.003487	-66.705521	-64.601595	44.059628
60109	8.783995	-3.904993	1.592701	-0.004140	0.009997	-0.005207	-66.698160	-64.601639	44.047753
60110	8.805362	-3.916518	1.592935	-0.000491	0.006819	-0.003485	-66.689679	-64.602255	44.038114
60111	8.805097	-3.915856	1.569088	-0.002622	0.007377	-0.008778	-66.682795	-64.604773	44.029593
60112	8.805263	-3.915206	1.569780	-0.002839	0.010775	-0.006980	-66.669602	-64.606330	44.013248
60113	8.794660	-3.936471	1.643781	-0.000505	0.006824	-0.005255	-66.663719	-64.607121	44.006404
60114	8.817664	-3.892980	1.595860	-0.001214	0.017042	-0.006944	-66.642665	-64.607233	43.982389
60115	8.775010	-3.868751	1.597816	-0.002825	0.010770	-0.005212	-66.633700	-64.607107	43.969947
60116	8.827106	-3.925379	1.597635	0.001921	0.011765	-0.001693	-66.619212	-64.605652	43.955188
60117	8.772186	-3.922530	1.574926	-0.000505	0.006824	-0.005257	-66.613286	-64.606441	43.948115
60118	8.817349	-3.891183	1.575147	-0.000750	0.010234	-0.007000	-66.599482	-64.608123	43.932419
60119	8.763747	-3.888393	1.625515	0.002331	0.004978	-0.008828	-66.592239	-64.611199	43.926106
60120	8.772745	-3.920502	1.576859	0.000242	0.005520	-0.008812	-66.582215	-64.614905	43.915224
60121	8.742894	-3.874954	1.627073	0.002099	0.008383	-0.008802	-66.571357	-64.617207	43.904352
60122	8.722177	-3.862512	1.652258	0.002809	-0.001835	-0.007112	-66.568823	-64.621693	43.903390
60123	8.827766	-3.920443	1.552496	0.002255	-0.003919	-0.008895	-66.571458	-64.626848	43.907710
60124	8.764501	-3.884218	1.577933	0.002796	-0.001830	-0.008883	-66.568075	-64.632263	43.905799
60125	8.795679	-3.928400	1.577429	0.007282	0.002582	-0.008877	-66.560551	-64.635937	43.900465
60126	8.743881	-3.870416	1.579112	0.013522	0.000970	-0.012467	-66.546190	-64.642598	43.893206
60127	8.820961	-3.883639	1.627170	0.013769	-0.002439	-0.010724	-66.539682	-64.648399	43.893674
60128	8.821076	-3.882246	1.603138	0.015070	-0.001660	-0.012498	-66.527328	-64.655675	43.889619
60129	8.842464	-3.892757	1.578985	0.016178	0.002508	-0.008934	-66.514746	-64.659394	43.884865
60130	8.809915	-3.901252	1.605170	0.019642	0.011644	-0.010662	-66.485885	-64.662665	43.865444
60131	8.758200	-3.843603	1.632114	0.015984	0.005899	-0.003598	-66.472258	-64.662802	43.860258
60132	8.768169	-3.876304	1.657183	0.019082	0.000640	-0.003653	-66.459307	-64.664904	43.858086
60133	8.800692	-3.866258	1.608236	0.015659	-0.008508	0.003389	-66.465213	-64.664680	43.873776
60134	8.812834	-3.845158	1.632550	0.013349	-0.004568	0.005200	-66.465603	-64.663322	43.882730
60135	8.789334	-3.888499	1.656946	0.006815	-0.008452	0.010527	-66.479924	-64.659333	43.902078
60136	8.830738	-3.912588	1.582192	0.007270	-0.015256	0.008707	-66.497344	-64.658575	43.926023
60137	8.830255	-3.913086	1.556890	0.004159	-0.009993	0.006990	-66.513199	-64.656786	43.946099
60138	8.842378	-3.892179	1.580890	0.011247	-0.004025	0.003442	-66.513338	-64.656225	43.953443
60139	8.830065	-3.913501	1.556931	0.008677	0.003327	0.001736	-66.509296	-64.654179	43.953278
60140	8.830603	-3.913742	1.606832	0.015032	0.010599	0.003513	-66.491079	-64.650241	43.942711
60141	8.746132	-3.866486	1.683073	0.014991	0.010609	-0.001800	-66.473596	-64.648388	43.931213
60142	8.736486	-3.833322	1.684017	0.008643	-0.005580	0.006991	-66.478662	-64.646320	43.942359
60143	8.787869	-3.890585	1.633209	-0.002724	-0.019356	0.006978	-66.508777	-64.646702	43.972597
60144	8.799847	-3.869772	1.631118	-0.006696	-0.021672	0.003447	-66.538770	-64.650166	44.001601
60145	8.842379	-3.893950	1.603323	-0.008058	-0.031350	0.006932	-66.585234	-64.653278	44.047407
60146	8.788301	-3.892596	1.626075	-0.008188	-0.019055	0.010553	-66.616607	-64.652393	44.076990
60147	8.862916	-3.907582	1.549353	-0.009270	-0.023233	0.010531	-66.656386	-64.651743	44.113721
60148	8.809060	-3.906400	1.597321	-0.006811	-0.009381	0.008836	-66.675398	-64.649551	44.130501
60149	8.850847	-3.930613	1.546432	-0.003745	-0.014634	0.005237	-66.699964	-64.649736	44.153887
60150	8.778571	-3.862516	1.620228	-0.003157	-0.003640	0.001768	-66.707122	-64.649959	44.159866
60151	8.788066	-3.896077	1.618995	-0.003745	-0.014634	0.005236	-66.731681	-64.650127	44.184073
60152	8.874995	-3.889298	1.567273	-0.005834	-0.014093	0.005254	-66.753652	-64.650877	44.204746
60153	8.799892	-3.875954	1.616125	-0.011003	-0.008294	0.007102	-66.776233	-64.648640	44.221601
60154	8.842006	-3.900580	1.589200	-0.008714	-0.021149	0.012303	-66.811054	-64.647263	44.254669
60155	8.841737	-3.901956	1.587318	-0.016976	-0.010089	0.014213	-66.842416	-64.641671	44.278015
60156	8.850020	-3.936373	1.536476	-0.016760	-0.013489	0.012414	-66.873372	-64.638495	44.301706
60157	8.828424	-3.925711	1.535346	-0.017253	-0.006673	0.008927	-66.898599	-64.634918	44.318161
60158	8.807738	-3.915035	1.583412	-0.013865	-0.006437	0.007133	-66.917541	-64.632932	44.330393
60159	8.776701	-3.870894	1.583267	-0.014854	-0.001722	0.008946	-66.935883	-64.628224	44.341106
60160	8.798242	-3.883827	1.606177	-0.013634	-0.009841	0.007102	-66.958457	-64.627014	44.357504
60161	8.755251	-3.861354	1.605825	-0.018737	-0.004061	0.016034	-66.984902	-64.619099	44.373815
60162	8.785671	-3.907992	1.603199	-0.019704	-0.020530	0.012367	-67.025311	-64.617498	44.406105
60163	8.827628	-3.933113	1.575579	-0.022238	-0.013184	0.014212	-67.063015	-64.612564	44.433484
60164	8.815521	-3.955977	1.573069	-0.024195	-0.024937	0.012356	-67.110881	-64.611932	44.471182
60165	8.898942	-4.004050	1.471001	-0.023091	-0.011841	0.005377	-67.143320	-64.611360	44.490503
60166	8.869038	-3.959755	1.519682	-0.019042	0.008295	-0.001559	-67.144737	-64.610662	44.480053
60167	8.794089	-3.945457	1.570724	-0.011146	0.021859	-0.010348	-67.125518	-64.610891	44.450278
60168	8.715428	-3.789176	1.671959	-0.020291	0.016424	-0.003253	-67.117814	-64.609275	44.428941
60169	8.808327	-3.869682	1.571311	-0.023634	-0.013933	0.005350	-67.152963	-64.609187	44.452018
60170	8.820469	-3.849759	1.593701	-0.031611	-0.006295	0.012550	-67.184420	-64.604285	44.466850
60171	8.807181	-3.872648	1.543044	-0.034178	-0.007867	0.019629	-67.225593	-64.595285	44.491710
60172	8.836639	-3.920036	1.516249	-0.032186	0.003870	0.025029	-67.251874	-64.581528	44.500450
60173	8.835533	-3.922710	1.515782	-0.018782	0.008184	0.026745	-67.269538	-64.565201	44.508266
60174	8.825568	-3.892825	1.565897	-0.022193	0.029131	0.032270	-67.265381	-64.542023	44.489640
60175	8.745513	-3.936291	1.568191	-0.023566	0.019447	0.035718	-67.277449	-64.518474	44.487885
60176	8.779624	-3.875758	1.568841	-0.019950	0.016278	0.033890	-67.287027	-64.497285	44.485893
60177	8.766344	-3.901025	1.593953	-0.027680	0.020504	0.042815	-67.303495	-64.469783	44.484383
60178	8.764456	-3.905178	1.594167	-0.023371	0.007113	0.042651	-67.329201	-64.445989	44.498093
60179	8.783139	-3.920609	1.544867	-0.023852	0.013939	0.039177	-67.349080	-64.421857	44.503969
60180	8.784140	-3.870752	1.570166	-0.023186	0.015957	0.053331	-67.369767	-64.390460	44.512237
60181	8.704165	-3.916322	1.620265	-0.027892	0.014953	0.055103	-67.398080	-64.357686	44.524837
60182	8.746612	-3.890824	1.595283	-0.028749	0.007364	0.056787	-67.432916	-64.326348	44.545270
60183	8.732214	-3.917815	1.594462	-0.037380	0.004034	0.062087	-67.481808	-64.292258	44.576289
60184	8.774567	-3.893174	1.568257	-0.034822	-0.003344	0.065515	-67.535699	-64.258632	44.614022
60185	8.697869	-3.885948	1.665689	-0.051738	0.004452	0.065664	-67.593719	-64.222537	44.645875
60186	8.689338	-3.805593	1.688043	-0.065389	-0.026582	0.075966	-67.695045	-64.188398	44.716862
60187	8.857516	-3.323310	1.856428	-0.130617	-0.029579	0.104442	-67.852403	-64.139070	44.807947
60188	8.533111	-3.995592	1.744205	-0.210390	-0.074416	0.120020	-68.108001	-64.091627	44.958122
60189	9.000861	-3.715166	1.504970	-0.235417	-0.089026	0.125020	-68.398249	-64.043659	45.130736
60190	8.445202	-4.258710	1.611398	-0.274965	-0.048312	0.114944	-68.658584	-63.992823	45.245144
60191	8.910804	-4.031990	1.394871	-0.213006	-0.112719	0.101111	-68.950048	-63.961798	45.433359
60192	8.755425	-4.070125	1.479052	-0.271708	-0.026605	0.090261	-69.173103	-63.919261	45.508422
60193	8.967545	-3.336681	1.772693	-0.342434	-0.047698	0.068601	-69.453098	-63.891787	45.601786
60194	8.851594	-3.592065	1.704763	-0.555695	0.080232	0.026988	-69.695123	-63.861567	45.516793
60195	9.087377	-3.623761	1.586509	-0.642295	0.068366	-0.021940	-69.982632	-63.859543	45.428375
60196	9.484228	-3.180713	1.540328	-0.801257	0.276524	-0.101304	-70.098381	-63.860328	45.045980
60197	8.727768	-3.762704	1.522558	-0.980527	0.373120	-0.135682	-70.199776	-63.860591	44.534016
60198	8.828369	-4.259948	1.287560	-1.018205	0.346971	-0.163232	-70.337789	-63.881819	44.038006
60199	8.781016	-4.132872	1.117104	-0.985542	0.421770	-0.189847	-70.366838	-63.902640	43.446020
60200	8.354252	-4.852077	1.249157	-0.901419	0.354856	-0.162234	-70.428923	-63.922306	42.940148
60201	8.061955	-5.092852	1.409898	-0.767872	0.297129	-0.132129	-70.492470	-63.936483	42.521192
60202	7.644239	-6.044563	0.877896	-0.306665	-0.167108	-0.031020	-70.841540	-63.985260	42.714203
60203	9.836303	-4.305641	0.069673	-0.077241	-0.085089	-0.015307	-70.977710	-64.009166	42.815826
60204	8.378130	-4.612360	1.558866	-0.050896	0.066965	-0.022836	-70.924218	-64.009318	42.723934
60205	9.169695	-4.223585	0.837340	0.039247	-0.021968	-0.056631	-70.907824	-64.043773	42.730035
60206	8.719526	-4.374282	1.318482	0.034637	0.111414	-0.087238	-70.730787	-64.070316	42.555290
60207	8.905785	-4.176656	1.224101	0.071240	0.055927	-0.106723	-70.589540	-64.117084	42.442953
60208	8.798092	-4.219581	1.277720	0.065403	0.103048	-0.125886	-70.388035	-64.165659	42.260731
60209	8.869050	-4.180360	1.219607	0.084389	0.117310	-0.153092	-70.151140	-64.225223	42.050613
60210	8.833219	-4.097175	1.339870	0.098004	0.148460	-0.154880	-69.866830	-64.279848	41.797367
60211	8.732579	-3.976442	1.439845	0.093190	0.138237	-0.148570	-69.601310	-64.331972	41.561271
60212	8.746733	-3.697896	1.553991	0.105887	0.122207	-0.138426	-69.346595	-64.382012	41.346086
60213	8.565442	-3.925279	1.616116	0.043272	0.094267	-0.104446	-69.175711	-64.418577	41.183408
60214	8.662027	-3.743628	1.615488	0.047818	0.028582	-0.084240	-69.080853	-64.458157	41.108689
60215	8.648845	-3.866684	1.605987	0.016992	0.007580	-0.063072	-69.039104	-64.490089	41.072542
60216	8.803965	-3.875535	1.457940	0.005995	-0.031857	-0.042099	-69.053811	-64.519458	41.092701
60217	8.780560	-3.969126	1.446388	-0.003673	-0.021933	-0.034852	-69.069077	-64.542336	41.106618
60218	8.848540	-3.944796	1.421749	-0.002958	-0.032547	-0.026429	-69.096503	-64.563455	41.135175
60219	8.836285	-4.018556	1.411678	-0.002450	-0.030872	-0.017459	-69.128663	-64.578847	41.168572
60220	8.880354	-4.040230	1.406830	-0.003759	-0.031566	-0.019311	-69.158586	-64.595940	41.199377
60221	8.893523	-4.012506	1.357426	-0.003218	-0.029312	-0.022751	-69.187234	-64.613833	41.228392
60222	8.916512	-4.015292	1.281432	0.004163	-0.017850	-0.022011	-69.196046	-64.629570	41.240846
60223	8.886515	-3.963671	1.237416	0.019264	0.019949	-0.030507	-69.152885	-64.641585	41.204635
60224	8.680973	-3.909269	1.588512	0.026716	0.049355	-0.032514	-69.068295	-64.649223	41.128028
60225	8.779874	-3.920055	1.467809	0.019940	-0.008275	-0.026435	-69.058306	-64.664811	41.128960
60226	8.847590	-3.886824	1.349241	0.015024	0.011715	-0.022132	-69.027363	-64.674567	41.104310
60227	8.659811	-3.946851	1.614806	0.011957	0.034735	-0.021195	-68.975561	-64.678527	41.053925
60228	8.803533	-3.923170	1.446753	0.005982	-0.024207	-0.015126	-68.993423	-64.691907	41.077535
60229	8.814133	-3.954722	1.442977	-0.000211	0.004138	-0.015823	-68.985474	-64.699272	41.067961
60230	8.803496	-3.969990	1.392181	0.004210	-0.009050	-0.019837	-68.985169	-64.712058	41.070352
60231	8.849065	-3.936964	1.395080	0.001364	0.001763	-0.021218	-68.976644	-64.722797	41.061142
60232	8.859578	-3.970170	1.417150	0.008206	0.011227	-0.022369	-68.949970	-64.732766	41.036904
60233	8.851073	-3.923670	1.300367	0.019492	0.016310	-0.025362	-68.912738	-64.742725	41.007438
60234	8.761071	-4.003892	1.516501	0.013556	0.050059	-0.024044	-68.838223	-64.745555	40.933697
60235	8.830023	-3.920442	1.453991	0.016617	0.009591	-0.032867	-68.806896	-64.760890	40.908942
60236	8.832701	-3.860808	1.437741	0.014604	0.045676	-0.031338	-68.733463	-64.768467	40.837073
60237	8.810396	-3.896394	1.389054	0.022667	0.028851	-0.024726	-68.680346	-64.775434	40.792069
60238	8.733883	-3.890175	1.491149	0.011413	0.050103	-0.013470	-68.611578	-64.772486	40.723340
60239	8.766816	-3.881217	1.519820	0.019182	0.010175	-0.011421	-68.587468	-64.776226	40.708197
60240	8.821455	-3.881846	1.522276	0.008202	0.028351	-0.007411	-68.547863	-64.774560	40.669673
60241	8.776988	-3.910148	1.496790	0.011042	0.008653	-0.006401	-68.532343	-64.775938	40.658875
60242	8.831910	-3.906773	1.450004	0.006078	0.019831	-0.004292	-68.504990	-64.774383	40.632550
60243	8.831862	-3.904301	1.427806	0.010775	0.020619	0.001224	-68.479473	-64.769181	40.610533
60244	8.831946	-3.899809	1.381192	0.012598	0.014599	0.001019	-68.456683	-64.765885	40.593379
60245	8.709356	-3.933590	1.551474	0.007379	0.037905	0.007195	-68.416261	-64.753857	40.552730
60246	8.861882	-3.951399	1.454714	0.010193	-0.008219	0.001745	-68.420971	-64.754977	40.564455
60247	8.819808	-3.878614	1.511238	0.001088	0.030687	0.004905	-68.391300	-64.745680	40.531708
60248	8.817879	-3.931033	1.484232	0.017555	0.012068	0.004623	-68.370167	-64.740988	40.519524
60249	8.817442	-3.929386	1.462311	0.007868	0.030866	0.012235	-68.339716	-64.727739	40.490208
60250	8.805116	-3.951545	1.462808	0.012312	0.017677	0.008253	-68.316909	-64.719923	40.472847
60251	8.815506	-3.935266	1.515885	0.010218	0.026937	0.012136	-68.289540	-64.707549	40.448425
60252	8.793743	-3.920092	1.470365	0.007595	0.016648	0.008058	-68.270535	-64.700048	40.432278
60253	8.814598	-3.932320	1.471538	0.007859	0.022058	0.010072	-68.249112	-64.689801	40.412936
60254	8.770425	-3.914452	1.523764	0.006266	0.015709	0.011532	-68.233507	-64.680646	40.399706
60255	8.824339	-3.916999	1.525726	0.004964	0.015009	0.009681	-68.221509	-64.672101	40.388955
60256	8.824045	-3.915491	1.502806	0.007322	0.011158	0.007815	-68.208763	-64.665889	40.379554
60257	8.811548	-3.940057	1.526417	0.005710	0.013381	0.016750	-68.201343	-64.653931	40.374344
60258	8.789886	-3.925200	1.479772	0.005473	0.008209	0.009411	-68.193695	-64.647496	40.369411
60259	8.810748	-3.937728	1.480109	0.008596	0.011619	0.014988	-68.185808	-64.636850	40.365514
60260	8.810059	-3.938784	1.481400	0.005210	0.011530	0.011317	-68.175449	-64.628694	40.357414
60261	8.831184	-3.949085	1.457562	0.006521	0.012309	0.011391	-68.166366	-64.619815	40.350877
60262	8.786742	-3.933476	1.533493	0.005729	0.013540	0.013194	-68.154311	-64.610231	40.341228
60263	8.798109	-3.908880	1.488376	0.007030	0.014240	0.015042	-68.144417	-64.598999	40.334118
60264	8.806378	-3.949587	1.559954	0.005719	0.013461	0.014966	-68.133269	-64.588488	40.325464
60265	8.806476	-3.944309	1.487991	0.001508	0.005635	0.014506	-68.135927	-64.579377	40.328749
60266	8.827310	-3.957047	1.487942	0.005452	0.008051	0.012954	-68.130089	-64.571090	40.325805
60267	8.783621	-3.935100	1.490638	0.006491	0.012071	0.016708	-68.123679	-64.559436	40.322211
60268	8.794455	-3.914928	1.494064	0.007823	0.013008	0.013233	-68.111075	-64.549942	40.313278
60269	8.791928	-3.970484	1.490583	0.006491	0.012072	0.016706	-68.104668	-64.538292	40.309690
60270	8.780998	-3.940979	1.518878	0.004659	0.009283	0.014753	-68.098730	-64.528784	40.306131
60271	8.823529	-3.963142	1.494138	0.007294	0.010918	0.013127	-68.091545	-64.519283	40.302187
60272	8.779935	-3.940907	1.496994	0.008616	0.011775	0.011426	-68.079076	-64.511010	40.293904
60273	8.790928	-3.920389	1.500487	0.012022	0.012021	0.011545	-68.067248	-64.502115	40.287823
60274	8.833379	-3.942533	1.476393	0.010175	0.017808	0.017051	-68.049706	-64.489559	40.274906
60275	8.777636	-3.944088	1.502094	0.013842	0.014730	0.015267	-68.035499	-64.478108	40.267340
60276	8.798340	-3.956690	1.503170	0.011771	0.015421	0.011671	-68.017309	-64.468920	40.254717
60277	8.776148	-3.946017	1.505718	0.009666	0.015876	0.013396	-68.003392	-64.458216	40.244826
60278	8.796867	-3.958579	1.506814	0.010990	0.016732	0.011695	-67.984224	-64.448730	40.230621
60279	8.785966	-3.928672	1.535871	0.012290	0.017432	0.013541	-67.967156	-64.437614	40.218895
60280	8.783649	-3.981973	1.508636	0.009653	0.015799	0.015164	-67.951374	-64.426483	40.207591
60281	8.784054	-3.932923	1.563812	0.010458	0.014643	0.011589	-67.937587	-64.417002	40.198348
60282	8.781772	-3.986140	1.536550	0.012278	0.017354	0.015309	-67.918663	-64.405456	40.185227
60283	8.771807	-3.949977	1.492666	0.010197	0.017966	0.013486	-67.902204	-64.394250	40.172850
60284	8.770580	-3.953300	1.518998	0.009391	0.019123	0.017057	-67.883789	-64.381392	40.158456
60285	8.747529	-3.947168	1.570270	0.011745	0.015265	0.015204	-67.870226	-64.369855	40.150274
60286	8.790588	-3.965390	1.497637	0.010407	0.014333	0.018674	-67.857282	-64.357169	40.142590
60287	8.789304	-3.968898	1.523711	0.013825	0.014653	0.017022	-67.844031	-64.344800	40.136077
60288	8.821396	-3.960662	1.527109	0.011990	0.020524	0.020741	-67.824295	-64.329677	40.121862
60289	8.753743	-3.983715	1.550841	0.013031	0.015888	0.018816	-67.810959	-64.316089	40.114747
60290	8.807678	-3.984950	1.529244	0.012797	0.019366	0.017164	-67.790462	-64.303111	40.100198
60291	8.763615	-3.963161	1.533435	0.018046	0.031132	0.023120	-67.759417	-64.283934	40.076625
60292	8.783715	-3.976550	1.535940	0.020632	0.023794	0.022919	-67.732194	-64.266938	40.059589
60293	8.760248	-3.970719	1.588120	0.016461	0.024944	0.021043	-67.707992	-64.250198	40.042577
60294	8.759581	-3.969979	1.566282	0.013590	0.018130	0.015355	-67.687668	-64.238437	40.028718
60295	8.747055	-3.992341	1.566319	0.017256	0.015045	0.013584	-67.670547	-64.227799	40.020105
60296	8.758034	-3.971797	1.570322	0.013100	0.016270	0.009937	-67.650130	-64.219310	40.005827
60297	8.766780	-4.007550	1.593533	0.013057	0.007379	0.009598	-67.642033	-64.212454	40.004546
60298	8.757413	-3.970867	1.548853	0.010749	0.011469	0.006122	-67.626523	-64.207030	39.994220
60299	8.756252	-3.975223	1.598851	0.012337	0.008995	0.002531	-67.613873	-64.203564	39.987428
60300	8.756434	-3.973257	1.575540	0.009941	0.003966	0.004036	-67.606114	-64.200881	39.985197
60301	8.756239	-3.973369	1.576345	0.011269	0.004818	0.002337	-67.598560	-64.198429	39.983399
60302	8.756476	-3.971389	1.552805	0.012812	0.002117	0.004063	-67.591197	-64.196135	39.983435
60303	8.765959	-4.004655	1.550899	0.012018	0.003354	0.005857	-67.586398	-64.192139	39.985163
60304	8.767289	-3.952597	1.580563	0.013591	0.000804	0.004039	-67.580017	-64.190145	39.986785
60305	8.766648	-3.954932	1.605419	0.005207	0.002878	0.005609	-67.579524	-64.186386	39.988953
60306	8.733725	-3.962817	1.580144	0.008093	0.001102	0.003864	-67.575887	-64.184419	39.990124
60307	8.776380	-3.986497	1.579219	0.007544	-0.001061	0.005541	-67.578322	-64.181558	39.997056
60308	8.745052	-3.942224	1.582400	0.005146	-0.006088	0.007049	-67.585683	-64.179475	40.008568
60309	8.776054	-3.987409	1.578730	0.004627	-0.008102	0.005181	-67.597320	-64.178343	40.023848
60310	8.742905	-3.997363	1.576645	0.000702	-0.010354	0.003190	-67.610153	-64.179234	40.038612
60311	8.755129	-3.974163	1.553304	0.000961	-0.013681	0.001300	-67.628242	-64.181372	40.058757
60312	8.776659	-3.986062	1.551539	-0.001925	-0.011905	0.003044	-67.644216	-64.182674	40.075338
60313	8.765391	-4.005562	1.524447	-0.001084	-0.004252	0.001581	-67.653270	-64.182605	40.084139
60314	8.787978	-3.967227	1.576648	0.001772	-0.006177	0.003380	-67.661005	-64.182479	40.093919
60315	8.766470	-3.955963	1.576679	-0.000885	-0.007877	0.006778	-67.676250	-64.180446	40.109689
60316	8.776078	-3.989539	1.573208	-0.003497	-0.009353	0.004861	-67.691147	-64.180224	40.124073
60317	8.764730	-4.009192	1.546112	0.000458	-0.006952	0.003306	-67.703038	-64.179828	40.136998
60318	8.744460	-3.947607	1.599469	-0.000335	-0.005714	0.005101	-67.712245	-64.178686	40.147073
60319	8.754547	-3.978950	1.571656	-0.001147	-0.013217	0.003019	-67.731771	-64.179801	40.167443
60320	8.754992	-3.977268	1.546108	-0.003253	-0.012754	0.004741	-67.750202	-64.180374	40.185908
60321	8.809500	-3.979969	1.545474	-0.001725	-0.015530	0.008237	-67.774936	-64.179217	40.211805
60322	8.786392	-4.021111	1.516055	-0.005040	-0.006652	0.003134	-67.786982	-64.179315	40.222040
60323	8.785984	-4.023494	1.539629	-0.000856	-0.007728	0.003232	-67.800417	-64.179122	40.235731
60324	8.798549	-3.998034	1.492640	0.002120	-0.000388	-0.003495	-67.798528	-64.181380	40.235043
60325	8.754982	-3.978538	1.542895	0.004476	0.004414	0.000313	-67.794285	-64.180102	40.232698
60326	8.766631	-3.957180	1.545390	0.003162	0.003639	0.000241	-67.789056	-64.179506	40.228961
60327	8.809014	-3.982565	1.568953	0.001620	0.006340	-0.001484	-67.783529	-64.178769	40.223305
60328	8.787505	-3.970833	1.570189	0.004462	0.004339	0.002084	-67.777613	-64.177042	40.219633
60329	8.787684	-3.968977	1.546565	0.004204	0.007666	0.003975	-67.771581	-64.173124	40.215020
60330	8.753874	-3.980904	1.570459	0.007610	0.007903	0.004096	-67.760859	-64.169557	40.208013
60331	8.732185	-3.969381	1.572161	0.003976	0.011142	0.002321	-67.750416	-64.165763	40.198448
60332	8.763458	-4.012361	1.545105	0.002827	-0.002075	0.005341	-67.753925	-64.163700	40.204206
60333	8.763309	-4.012630	1.545248	0.003926	0.002251	0.001988	-67.753100	-64.162011	40.205337
60334	8.774900	-3.991514	1.547467	0.001285	0.000626	0.003615	-67.753760	-64.160277	40.206949
60335	8.775138	-3.989756	1.523309	0.002598	0.001401	0.003688	-67.755371	-64.157875	40.209746
60336	8.774561	-3.992003	1.548128	0.004997	0.006427	0.002179	-67.746909	-64.155644	40.203586
60337	8.785623	-3.972991	1.575257	0.006282	0.007053	0.005794	-67.741149	-64.150896	40.200611
60338	8.729940	-3.975364	1.624007	0.007060	0.005740	0.005771	-67.733869	-64.146910	40.197078
60339	8.742492	-3.948554	1.553566	0.003853	0.001879	0.010845	-67.737439	-64.140610	40.202985
60340	8.761121	-4.017318	1.572808	0.004917	-0.002613	0.005390	-67.740356	-64.138638	40.209418
60341	8.784708	-3.973207	1.552598	0.003868	0.001954	0.009073	-67.743019	-64.133262	40.214268
60342	8.772198	-3.997286	1.575181	0.005424	-0.000673	0.009027	-67.745150	-64.128940	40.220150
60343	8.793550	-4.007838	1.550585	0.006466	0.003355	0.012759	-67.746426	-64.121306	40.225140
60344	8.761590	-3.965986	1.578623	0.003090	0.003267	0.009095	-67.745613	-64.116093	40.226265
60345	8.782476	-3.978608	1.578624	0.006224	0.006756	0.012876	-67.743353	-64.107660	40.227213
60346	8.749627	-3.985000	1.529299	0.004404	0.004042	0.009166	-67.740974	-64.102242	40.227434
60347	8.769741	-4.001538	1.578065	0.005477	0.008218	0.009355	-67.735960	-64.095361	40.224790
60348	8.748259	-3.988472	1.555332	0.009660	0.007139	0.009453	-67.727318	-64.089118	40.221397
60349	8.747775	-3.989170	1.556264	0.006254	0.006905	0.009331	-67.723285	-64.082536	40.220308
60350	8.758683	-3.970531	1.583322	0.005732	0.004890	0.007465	-67.718464	-64.077835	40.218659
60351	8.746494	-3.992564	1.581934	0.004388	0.003969	0.010935	-67.719417	-64.071043	40.221958
60352	8.757692	-3.972293	1.584384	0.005135	0.002508	0.014454	-67.720658	-64.063155	40.226670
60353	8.723649	-3.984823	1.607574	0.004107	-0.001447	0.008953	-67.726770	-64.058591	40.235501
60354	8.756726	-3.974423	1.584383	0.003718	-0.007378	0.019367	-67.741782	-64.050242	40.254625
60355	8.744371	-3.997142	1.582109	0.002747	-0.002442	0.014193	-67.752071	-64.043118	40.267136
60356	8.700634	-3.976936	1.607414	0.010007	-0.008926	0.017743	-67.764423	-64.035963	40.287311
60357	8.745340	-3.945712	1.585860	0.008109	-0.012007	0.022888	-67.785913	-64.026295	40.315872
60358	8.763862	-4.013784	1.579623	0.007257	-0.019657	0.024352	-67.814436	-64.017951	40.352287
60359	8.773534	-4.044863	1.527290	0.006004	-0.011539	0.024604	-67.837306	-64.007261	40.380938
60360	8.729562	-4.025289	1.552311	0.009186	-0.007832	0.023067	-67.851246	-63.997031	40.402363
60361	8.762376	-4.015585	1.528889	0.006571	-0.009305	0.021153	-67.869808	-63.987679	40.426773
60362	8.771317	-4.050186	1.525920	0.006378	-0.005684	0.015958	-67.879850	-63.980754	40.442075
60363	8.782106	-4.032199	1.552285	0.010086	0.000037	0.016286	-67.884052	-63.971966	40.452775
60364	8.760182	-4.021471	1.553286	0.005948	0.001339	0.010879	-67.884454	-63.966221	40.457075
60365	8.737918	-4.012536	1.578792	0.007027	0.005514	0.011065	-67.882143	-63.959028	40.458360
60366	8.737867	-4.011299	1.555045	0.008053	0.000870	0.009157	-67.881087	-63.954298	40.462380
60367	8.737507	-4.011918	1.555472	0.005202	0.002800	0.007361	-67.881142	-63.949648	40.465714
60368	8.736807	-4.014394	1.580215	0.005992	0.001557	0.005569	-67.878935	-63.946675	40.467140
60369	8.736575	-4.014842	1.580361	0.007764	-0.004547	0.007179	-67.885384	-63.943714	40.478719
60370	8.746288	-4.046406	1.553587	0.001811	0.002642	0.005472	-67.884352	-63.940558	40.478785
60371	8.757922	-4.025461	1.555687	0.007018	-0.003087	0.003662	-67.888111	-63.939153	40.486897
60372	8.723829	-4.039155	1.602992	0.002837	-0.002002	0.003565	-67.890691	-63.938011	40.491638
60373	8.790874	-4.016496	1.556990	0.004152	-0.001230	0.003635	-67.894061	-63.936220	40.497408
60374	8.736147	-4.014490	1.556473	0.003902	0.002100	0.005519	-67.892439	-63.933156	40.498151
60375	8.779064	-4.036445	1.531244	0.006782	0.000315	0.003776	-67.892662	-63.930953	40.502323
60376	8.735726	-4.015143	1.557154	0.003126	0.003415	0.005541	-67.890067	-63.927593	40.501489
60377	8.768225	-4.008092	1.583254	0.005217	0.002872	0.005589	-67.889231	-63.923880	40.503580
60378	8.756115	-4.029808	1.581786	0.000261	0.005273	0.005515	-67.886252	-63.920133	40.500490
60379	8.777581	-4.040087	1.557360	0.004442	0.004187	0.005611	-67.884428	-63.916130	40.500714
60380	8.755973	-4.028637	1.558435	0.001051	0.004030	0.003723	-67.881556	-63.913603	40.498247
60381	8.755413	-4.030848	1.583019	0.001300	0.000700	0.001840	-67.883612	-63.912348	40.500896
60382	8.756147	-4.026954	1.534663	0.000305	0.005489	0.000206	-67.878036	-63.911373	40.494943
60383	8.756471	-4.024969	1.510845	0.002396	0.004946	0.000254	-67.874188	-63.910053	40.491569
60384	8.733731	-4.019182	1.585044	0.000831	0.007505	0.002067	-67.866948	-63.907654	40.484098
60385	8.767140	-4.007891	1.562718	0.003696	0.005646	0.002094	-67.862384	-63.905206	40.480612
60386	8.776538	-4.041036	1.560771	0.002396	0.004946	0.000254	-67.856223	-63.904321	40.475340
60387	8.733742	-4.017383	1.562492	0.002396	0.004946	0.000254	-67.852367	-63.903010	40.471618
60388	8.743140	-4.050528	1.560547	0.003696	0.005646	0.002094	-67.845514	-63.900998	40.466405
60389	8.754407	-4.031286	1.587460	0.003711	0.005718	0.000324	-67.840068	-63.899470	40.462182
60390	8.733792	-4.015490	1.540023	0.001621	0.006262	0.000275	-67.832938	-63.898289	40.455337
60391	8.754191	-4.031346	1.588498	0.000525	0.002015	0.001861	-67.834009	-63.896762	40.455708
60392	8.732782	-4.019526	1.589393	0.001096	0.004246	-0.001586	-67.828542	-63.897004	40.450378
60393	8.765926	-4.010075	1.590947	-0.000015	-0.000072	0.001769	-67.832127	-63.895956	40.454238
60394	8.754035	-4.031429	1.589150	-0.000235	0.003402	0.000113	-67.829086	-63.895479	40.450762
60395	8.767090	-4.004206	1.518423	0.003946	0.002316	0.000211	-67.827175	-63.894745	40.451357
60396	8.753853	-4.031547	1.589853	0.001050	0.004031	0.003722	-67.824310	-63.892217	40.448896
60397	8.744563	-3.996773	1.568357	0.002600	0.001400	0.003679	-67.825665	-63.889861	40.451133
60398	8.732088	-4.020399	1.590997	-0.000281	0.003187	0.005420	-67.825226	-63.886614	40.450524
60399	8.753636	-4.030645	1.566353	-0.000266	0.003259	0.003651	-67.826164	-63.883866	40.450659
60400	8.774405	-4.044685	1.590336	0.000525	0.002015	0.001861	-67.824961	-63.882761	40.449714
60401	8.732022	-4.019229	1.567351	-0.001566	0.002559	0.001811	-67.826580	-63.881127	40.450502
60402	8.786924	-4.019715	1.543936	0.001315	0.000772	0.000070	-67.825480	-63.881241	40.450176
60403	8.731036	-4.023283	1.616439	-0.001784	0.006033	0.000155	-67.822712	-63.879759	40.444545
60404	8.720071	-4.040425	1.566273	0.006068	0.001916	-0.003278	-67.816174	-63.881402	40.441196
60405	8.743851	-3.997543	1.570364	0.000031	0.000143	-0.003538	-67.817136	-63.883143	40.441749
60406	8.774797	-4.042302	1.567272	-0.000000	0.000000	0.000000	-67.817594	-63.883461	40.442319
60407	8.731693	-4.020556	1.592765	0.000016	0.000072	-0.001769	-67.819368	-63.884276	40.443725
60408	8.764915	-4.010961	1.594275	-0.000219	0.003474	-0.001657	-67.815461	-63.884721	40.439294
60409	8.753020	-4.032236	1.592685	0.001065	0.004103	0.001952	-67.813939	-63.882694	40.437792
60410	8.765623	-4.007162	1.546120	0.000759	-0.001387	0.001748	-67.816234	-63.882385	40.440893
60411	8.753214	-4.030654	1.568686	-0.001816	0.005889	0.003693	-67.815223	-63.879056	40.437911
60412	8.764887	-4.009561	1.571052	0.001081	0.004174	0.000183	-67.810626	-63.878373	40.433541
60413	8.731220	-4.020989	1.594265	-0.000775	0.001315	0.000021	-67.812328	-63.877978	40.434532
60414	8.731608	-4.019033	1.570162	-0.001009	0.004718	0.000133	-67.808319	-63.877204	40.429484
60415	8.743438	-3.997630	1.572441	-0.000203	0.003546	-0.003426	-67.805722	-63.878143	40.426555
60416	8.731245	-4.020650	1.594983	0.000016	0.000072	-0.001769	-67.805313	-63.879384	40.426169
60417	8.753156	-4.030200	1.570176	-0.001502	0.002846	-0.005266	-67.803430	-63.881476	40.422032
60418	8.731486	-4.020081	1.595099	-0.003390	-0.000157	-0.001889	-67.805166	-63.882830	40.421863
60419	8.765712	-4.006331	1.547772	-0.002802	0.002146	-0.007106	-67.803922	-63.886042	40.417912
60420	8.741789	-4.050491	1.568194	-0.001299	-0.000700	-0.001840	-67.805071	-63.887487	40.418422
60421	8.765513	-4.007816	1.572011	-0.002074	0.000615	-0.001819	-67.807380	-63.888220	40.419186
60422	8.720658	-4.038272	1.568553	-0.004673	-0.000785	-0.005499	-67.808938	-63.891625	40.418000
60423	8.787235	-4.018942	1.571157	-0.002043	0.000759	-0.005358	-67.809533	-63.894200	40.417267
60424	8.711516	-4.004427	1.570841	-0.005464	0.000458	-0.003709	-67.810989	-63.896386	40.415462
60425	8.788038	-4.016281	1.546530	-0.002583	-0.001328	-0.005449	-67.814100	-63.899463	40.417246
60426	8.690153	-3.993757	1.595476	-0.002802	0.002146	-0.007106	-67.810702	-63.903086	40.411734
60427	8.732722	-4.018950	1.618107	-0.006074	-0.010522	-0.004118	-67.826451	-63.907467	40.424884
60428	8.734401	-4.012574	1.544168	-0.004962	-0.006203	-0.007474	-67.833175	-63.913091	40.429265
60429	8.755304	-4.027783	1.591400	-0.005502	-0.008290	-0.007566	-67.844545	-63.918801	40.438058
60430	8.777580	-4.036942	1.565500	-0.004711	-0.009533	-0.009357	-67.853910	-63.926143	40.445540
60431	8.744490	-4.047585	1.587690	-0.004391	-0.003971	-0.010922	-67.858542	-63.932706	40.447752
60432	8.790358	-4.014018	1.566265	-0.001777	-0.002498	-0.009011	-67.858753	-63.938346	40.446914
60433	8.747688	-3.991544	1.591257	0.000026	-0.008458	-0.010937	-67.865676	-63.945887	40.454080
60434	8.736774	-4.009896	1.564774	-0.000143	0.003836	-0.010505	-67.857414	-63.950951	40.444853
60435	8.758504	-4.020933	1.564098	-0.002331	-0.004658	-0.007334	-67.863119	-63.955748	40.449771
60436	8.748956	-3.989016	1.590621	-0.002522	-0.001039	-0.012530	-67.860616	-63.962940	40.445438
60437	8.759403	-4.019262	1.563362	-0.001555	-0.005973	-0.007356	-67.867311	-63.968039	40.451871
60438	8.717116	-3.994934	1.563934	-0.005706	-0.004745	-0.010995	-67.871338	-63.975216	40.452775
60439	8.772550	-3.994417	1.539798	-0.002316	-0.004586	-0.009105	-67.876206	-63.980952	40.456342
60440	8.727618	-4.026451	1.560208	-0.004946	-0.006132	-0.009247	-67.882081	-63.987501	40.459787
60441	8.772983	-3.995000	1.562935	-0.003107	-0.003344	-0.007314	-67.886798	-63.992023	40.462066
60442	8.773011	-3.996227	1.586727	-0.000748	-0.007142	-0.010920	-67.890633	-63.999677	40.465915
60443	8.762161	-4.014616	1.559839	-0.006483	-0.003431	-0.010975	-67.895785	-64.006152	40.467508
60444	8.731187	-3.971140	1.586652	-0.007067	-0.005736	-0.005758	-67.903996	-64.010762	40.472199
60445	8.741164	-4.003642	1.583398	-0.003631	-0.005358	-0.009179	-67.910344	-64.016687	40.477146
60446	8.775162	-3.991462	1.559738	-0.004960	-0.006204	-0.007480	-67.917102	-64.022312	40.481562
60447	8.742421	-4.000333	1.557697	-0.005722	-0.004817	-0.009228	-67.924113	-64.028175	40.484998
60448	8.776025	-3.990092	1.558390	-0.005722	-0.004817	-0.009229	-67.929027	-64.034429	40.486877
60449	8.743258	-3.999052	1.556288	-0.006290	-0.007051	-0.005781	-67.940271	-64.038947	40.494118
60450	8.776821	-3.989032	1.556619	-0.006036	-0.010380	-0.007668	-67.952127	-64.045568	40.503519
60451	8.765947	-4.007677	1.529170	-0.008113	-0.009766	-0.009487	-67.965689	-64.052627	40.512467
60452	8.765678	-4.010936	1.576774	-0.010428	-0.005751	-0.011191	-67.973463	-64.060123	40.514527
60453	8.800179	-3.996525	1.528567	-0.006246	-0.006831	-0.011095	-67.982144	-64.067411	40.519630
60454	8.745777	-3.995449	1.551379	-0.007023	-0.005517	-0.011073	-67.987770	-64.074794	40.521470
60455	8.767685	-4.006339	1.550049	-0.005709	-0.004743	-0.011002	-67.993868	-64.081585	40.523834
60456	8.789617	-4.017210	1.548631	-0.005469	-0.008145	-0.011120	-68.001460	-64.089557	40.528851
60457	8.780491	-3.983297	1.550599	-0.008817	0.000512	-0.010912	-68.003652	-64.095174	40.524927
60458	8.747389	-3.994109	1.573058	-0.007037	-0.005591	-0.009304	-68.010154	-64.101634	40.527733
60459	8.770071	-4.000964	1.523091	-0.008563	-0.002816	-0.012801	-68.014994	-64.108950	40.527953
60460	8.813375	-4.023518	1.521306	-0.005172	-0.002655	-0.010911	-68.016507	-64.115632	40.526402
60461	8.761041	-3.968000	1.549342	-0.007716	0.004835	-0.014267	-68.011864	-64.122076	40.517558
60462	8.761607	-3.966820	1.549164	-0.002274	-0.004361	-0.014429	-68.012028	-64.130994	40.516352
60463	8.728703	-3.977239	1.571636	-0.008549	-0.002743	-0.014575	-68.015952	-64.139247	40.514920
60464	8.774168	-3.945292	1.574392	-0.009341	-0.001503	-0.012781	-68.017762	-64.146677	40.511044
60465	8.772748	-3.998571	1.568840	-0.007824	-0.012947	-0.014931	-68.032323	-64.157307	40.522245
60466	8.785616	-3.974066	1.545245	-0.011713	-0.006380	-0.014815	-68.039947	-64.166863	40.523319
60467	8.741529	-4.003639	1.540916	-0.013764	-0.005619	-0.020179	-68.047516	-64.178734	40.521485
60468	8.799236	-3.948163	1.520838	-0.009649	-0.007067	-0.011227	-68.056306	-64.186529	40.525169
60469	8.754492	-3.980279	1.541188	-0.005951	-0.001341	-0.010893	-68.058914	-64.192531	40.524870
60470	8.723519	-3.936720	1.568179	-0.008335	-0.006292	-0.011156	-68.066136	-64.200123	40.527647
60471	8.776557	-3.992421	1.563190	-0.010198	-0.009230	-0.009553	-68.080267	-64.207096	40.536393
60472	8.767766	-3.956656	1.540286	-0.010198	-0.009230	-0.009554	-68.092506	-64.214464	40.543555
60473	8.777971	-3.989002	1.536491	-0.008885	-0.008454	-0.009483	-68.105047	-64.221228	40.551438
60474	8.799777	-4.000175	1.534969	-0.008620	-0.003114	-0.005723	-68.111352	-64.225252	40.553015
60475	8.778293	-3.990143	1.559257	-0.007063	-0.005740	-0.005772	-68.121628	-64.229486	40.559284
60476	8.791133	-3.964052	1.512038	-0.003861	-0.001877	-0.010847	-68.121580	-64.235969	40.556834
60477	8.758074	-3.974936	1.534607	-0.006501	-0.003502	-0.009220	-68.127612	-64.241532	40.560984
60478	8.770155	-3.952977	1.536125	-0.005979	-0.001489	-0.007352	-68.129897	-64.246074	40.559778
60479	8.791881	-3.964193	1.534938	-0.005749	-0.004965	-0.005701	-68.138652	-64.250106	40.565769
60480	8.759437	-3.971291	1.508666	-0.008606	-0.003040	-0.007497	-68.144090	-64.255057	40.566392
60481	8.771093	-3.951622	1.534253	-0.004204	-0.007666	-0.003979	-68.155701	-64.258734	40.577509
60482	8.783028	-3.930105	1.535422	-0.007088	-0.005891	-0.002230	-68.165747	-64.261491	40.584213
60483	8.780874	-3.986430	1.554210	-0.005531	-0.008517	-0.002280	-68.179616	-64.264427	40.596572
60484	8.793610	-3.960614	1.506635	-0.006271	-0.006978	-0.007572	-68.188038	-64.270255	40.601992
60485	8.772475	-3.948572	1.506567	-0.003683	-0.005653	-0.002111	-68.197934	-64.272480	40.613113
60486	8.793807	-3.962058	1.529408	-0.005505	-0.008366	-0.005825	-68.208226	-64.277674	40.621096
60487	8.772358	-3.952093	1.553462	-0.005518	-0.008442	-0.004053	-68.221325	-64.281584	40.630738
60488	8.782713	-3.982825	1.525370	-0.003193	-0.012455	-0.002357	-68.236349	-64.285800	40.645442
60489	8.804410	-3.994319	1.523609	-0.008389	-0.006592	-0.004076	-68.249077	-64.289304	40.654954
60490	8.816387	-3.972748	1.524641	-0.007610	-0.007904	-0.004101	-68.260839	-64.293480	40.663231
60491	8.783563	-3.981981	1.522683	-0.003890	-0.002025	-0.007306	-68.264482	-64.297729	40.665126
60492	8.795234	-3.962195	1.548593	-0.000252	-0.005263	-0.005538	-68.268479	-64.302108	40.669462
60493	8.784133	-3.981071	1.521769	-0.004449	-0.004265	-0.003859	-68.276405	-64.305006	40.674840
60494	8.784766	-3.978533	1.496937	-0.000240	-0.005187	-0.007311	-68.279533	-64.310311	40.678219
60495	8.775433	-3.944826	1.499133	-0.004412	-0.004037	-0.009177	-68.284834	-64.315996	40.680763
60496	8.784911	-3.981344	1.544407	-0.004179	-0.007514	-0.007528	-68.292703	-64.321910	40.686899
60497	8.785958	-3.976576	1.495140	-0.003112	-0.003337	-0.007332	-68.297355	-64.326452	40.691146
60498	8.754508	-3.935389	1.546718	-0.004413	-0.004037	-0.009178	-68.300785	-64.332508	40.692206
60499	8.786716	-3.975399	1.493818	-0.006050	-0.010531	-0.004155	-68.316465	-64.336868	40.707142
60500	8.798436	-3.955661	1.519308	-0.007285	-0.002188	-0.009199	-68.319486	-64.342543	40.705924
60501	8.810794	-3.931665	1.496466	-0.004437	-0.004189	-0.005633	-68.326463	-64.346351	40.711418
60502	8.777597	-3.943077	1.518963	-0.004449	-0.004265	-0.003861	-68.332515	-64.349624	40.715365
60503	8.787568	-3.975824	1.515643	-0.005762	-0.005041	-0.003934	-68.342134	-64.352746	40.721961
60504	8.799849	-3.952037	1.492665	-0.003657	-0.005501	-0.005660	-68.348315	-64.357237	40.726553
60505	8.799758	-3.953781	1.516542	-0.004695	-0.000864	-0.003737	-68.352696	-64.359341	40.729903
60506	8.799930	-3.953516	1.516238	-0.003915	-0.002176	-0.003763	-68.356173	-64.362119	40.731333
60507	8.799751	-3.955434	1.540192	-0.006020	-0.001717	-0.002037	-68.363037	-64.363515	40.735521
60508	8.778731	-3.941570	1.516323	-0.003394	-0.000164	-0.001892	-68.364808	-64.364871	40.735389
60509	8.800521	-3.951105	1.491170	-0.004185	0.001072	-0.000093	-68.368260	-64.364674	40.734252
60510	8.788538	-3.974526	1.513425	-0.004174	0.001148	-0.001865	-68.369032	-64.365739	40.732517
60511	8.800260	-3.953159	1.515254	-0.004719	-0.001017	-0.000192	-68.375103	-64.366015	40.735226
60512	8.800396	-3.952972	1.514946	-0.003904	-0.002100	-0.005536	-68.377711	-64.369721	40.735699
60513	8.779062	-3.941123	1.515568	-0.003652	0.003160	0.000006	-68.378723	-64.369018	40.734483
60514	8.778939	-3.941405	1.515546	-0.003441	-0.000470	0.005199	-68.383981	-64.366662	40.738189
60515	8.800224	-3.953436	1.514736	-0.004977	0.002308	0.001706	-68.387311	-64.365244	40.737109
60516	8.788467	-3.974998	1.512593	-0.004730	-0.001093	0.001580	-68.392407	-64.364947	40.739815
60517	8.788062	-3.977317	1.536835	-0.003664	0.003084	0.001779	-68.394113	-64.363300	40.738927
60518	8.788276	-3.975505	1.512371	-0.006055	-0.001946	0.003280	-68.401662	-64.362277	40.743512
60519	8.799857	-3.954388	1.514383	-0.003898	0.006562	0.000132	-68.398978	-64.360767	40.738893
60520	8.809791	-3.985413	1.487827	-0.000504	0.006725	0.002024	-68.393169	-64.358584	40.732190
60521	8.778165	-3.942971	1.515958	-0.003652	0.003161	0.000006	-68.394102	-64.357884	40.730789
60522	8.766408	-3.964362	1.514242	-0.001806	0.006026	0.000178	-68.389005	-64.356831	40.724048
60523	8.756281	-3.933431	1.541656	-0.002327	0.004014	-0.001694	-68.387408	-64.356850	40.720352
60524	8.799137	-3.956819	1.540139	-0.006044	-0.001870	0.001506	-68.394084	-64.356756	40.723977
60525	8.778021	-3.943173	1.516263	-0.003406	-0.000240	-0.000120	-68.398456	-64.356841	40.725399
60526	8.788058	-3.974184	1.489147	-0.002884	0.001771	0.001752	-68.399390	-64.355848	40.724662
60527	8.778236	-3.941302	1.491974	-0.003652	0.003161	0.000006	-68.400249	-64.355133	40.723819
60528	8.799581	-3.953095	1.491440	-0.002351	0.003860	0.001852	-68.398603	-64.353646	40.720560
60529	8.778058	-3.941555	1.492354	-0.003652	0.003161	0.000005	-68.399421	-64.352934	40.719161
60530	8.787054	-3.978834	1.538668	0.000821	0.007578	0.000325	-68.391163	-64.351475	40.710582
60531	8.777227	-3.945764	1.542008	0.000299	0.005567	-0.001547	-68.386434	-64.351111	40.704410
60532	8.777461	-3.943746	1.518015	-0.001584	0.002471	0.003598	-68.386659	-64.348987	40.703713
60533	8.787072	-3.977023	1.515373	-0.002884	0.001771	0.001751	-68.389436	-64.347633	40.706681
60534	8.808370	-3.988868	1.514978	0.001588	0.006189	0.002072	-68.383049	-64.345537	40.700665
60535	8.777061	-3.944286	1.518927	-0.001026	0.004713	0.000152	-68.380759	-64.344466	40.695595
60536	8.776924	-3.944386	1.519458	0.000808	0.007501	0.002097	-68.373376	-64.342079	40.687979
60537	8.798255	-3.956154	1.519070	-0.002093	0.000536	-0.000048	-68.376141	-64.341953	40.689756
60538	8.798310	-3.955941	1.519311	0.000325	0.005721	-0.005092	-68.367849	-64.343771	40.680824
60539	8.786926	-3.975191	1.493136	-0.003443	-0.000471	0.005196	-68.374928	-64.341080	40.686565
60540	8.764981	-3.966052	1.518074	-0.000025	-0.000154	0.003545	-68.377148	-64.339538	40.689073
60541	8.776550	-3.944966	1.520112	-0.002885	0.001772	0.001751	-68.379751	-64.338192	40.690189
60542	8.798154	-3.954862	1.495172	-0.001597	0.002393	0.005370	-68.380847	-64.335140	40.690451
60543	8.818665	-3.971194	1.543351	-0.001051	0.004559	0.003697	-68.380302	-64.332215	40.687632
60544	8.764651	-3.965203	1.494331	-0.000792	0.001235	0.001798	-68.380652	-64.331310	40.687579
60545	8.785290	-3.981294	1.542375	-0.001572	0.002548	0.001824	-68.381764	-64.329803	40.686281
60546	8.775809	-3.946262	1.521022	-0.000246	0.003401	0.000126	-68.378667	-64.329332	40.682749
60547	8.797186	-3.957858	1.520825	0.002927	0.007119	-0.001400	-68.370669	-64.328566	40.674624
60548	8.785757	-3.977077	1.494989	-0.000259	0.003324	0.001898	-68.368443	-64.327167	40.672052
60549	8.785670	-3.977156	1.495292	0.001847	0.002865	0.000173	-68.366549	-64.326426	40.672931
60550	8.775558	-3.946190	1.522660	-0.000233	0.003478	-0.001647	-68.362581	-64.326882	40.668440
60551	8.797361	-3.955606	1.497869	-0.001546	0.002702	-0.001721	-68.361906	-64.327202	40.666941
60552	8.763947	-3.967168	1.521124	0.001872	0.003019	-0.003372	-68.356482	-64.328674	40.662174
60553	8.818629	-3.968852	1.521814	-0.000508	-0.001934	-0.003645	-68.359630	-64.331012	40.666005
60554	8.764590	-3.964361	1.496921	-0.002300	0.004169	-0.005240	-68.354500	-64.333235	40.658911
60555	8.785805	-3.977776	1.520738	0.001339	0.000930	-0.003471	-68.353389	-64.334904	40.656604
60556	8.754768	-3.932704	1.524362	0.000572	0.002320	-0.005218	-68.348670	-64.337506	40.651793
60557	8.797870	-3.955486	1.523035	0.000831	-0.001004	-0.007116	-68.348382	-64.341502	40.651470
60558	8.798084	-3.955025	1.522997	-0.002067	0.000690	-0.003593	-68.347696	-64.343583	40.649455
60559	8.776852	-3.942906	1.523707	0.000051	0.000309	-0.007091	-68.346431	-64.347286	40.648128
60560	8.854609	-3.947343	1.426145	0.001870	-0.005640	-0.009040	-68.348111	-64.353606	40.651240
60561	8.699768	-3.936722	1.621845	0.002199	0.026059	0.002870	-68.321357	-64.346552	40.622704
60562	8.842249	-3.972281	1.474362	0.006017	-0.015602	-0.009293	-68.331592	-64.355115	40.637943
60563	8.709916	-3.968793	1.619315	-0.012231	0.008936	-0.005384	-68.328525	-64.356098	40.626192
60564	8.868076	-3.874141	1.482732	0.003951	-0.006252	-0.007219	-68.330491	-64.361579	40.630945
60565	8.764457	-4.015587	1.517891	-0.001768	0.006257	-0.005142	-68.324472	-64.362964	40.624737
60566	8.800069	-3.948971	1.499468	-0.001312	-0.009436	-0.005742	-68.333638	-64.368331	40.634131
60567	8.790239	-3.917620	1.526034	-0.001274	-0.000545	-0.005393	-68.334904	-64.371308	40.635973
60568	8.778831	-3.938443	1.523848	-0.002574	-0.001244	-0.007240	-68.335045	-64.375740	40.634554
60569	8.766944	-3.961616	1.546131	0.000533	0.002089	0.000100	-68.334611	-64.375243	40.634162
60570	8.788849	-3.971010	1.520830	-0.004978	-0.006353	-0.003967	-68.343245	-64.379012	40.640635
60571	8.833799	-3.939741	1.523772	0.000793	-0.001235	-0.001799	-68.345566	-64.380237	40.643318
60572	8.779735	-3.935430	1.498642	-0.001820	-0.002711	-0.003720	-68.348457	-64.383105	40.645428
60573	8.801074	-3.948798	1.521879	0.001846	-0.005793	-0.005496	-68.353597	-64.387238	40.653548
60574	8.768570	-3.955887	1.496030	0.000038	0.000232	-0.005319	-68.351450	-64.390335	40.651252
60575	8.822992	-3.959479	1.520941	0.000818	-0.001080	-0.005345	-68.352079	-64.393419	40.652522
60576	8.758848	-3.924058	1.523211	0.001883	0.003097	-0.005146	-68.345766	-64.395818	40.646779
60577	8.813633	-3.925443	1.523910	-0.000481	-0.001780	-0.007192	-68.347015	-64.400018	40.648260
60578	8.802274	-3.946086	1.521972	0.001908	0.003252	-0.008692	-68.338949	-64.404272	40.640588
60579	8.780982	-3.933963	1.523026	0.001857	0.002943	-0.001600	-68.335963	-64.404528	40.636483
60580	8.781063	-3.933708	1.523217	0.002118	-0.000380	-0.003498	-68.334105	-64.406785	40.635829
60581	8.803002	-3.942902	1.498223	0.000025	0.000154	-0.003546	-68.334409	-64.408661	40.634728
60582	8.780967	-3.935263	1.547537	0.000793	-0.001235	-0.001799	-68.335011	-64.410193	40.635960
60583	8.802879	-3.944541	1.522479	0.000025	0.000154	-0.003547	-68.335429	-64.412062	40.636356
60584	8.802972	-3.944313	1.522533	-0.000768	0.001389	-0.001748	-68.334031	-64.413012	40.634378
60585	8.791777	-3.963320	1.496134	-0.000507	-0.001935	-0.003646	-68.337014	-64.415382	40.636952
60586	8.802881	-3.945887	1.546775	0.001338	0.000932	-0.003473	-68.334155	-64.417347	40.634693
60587	8.781934	-3.931739	1.523284	-0.000742	0.001543	-0.005294	-68.332551	-64.419825	40.632884
60588	8.782032	-3.931441	1.523485	-0.000236	0.003478	-0.001648	-68.328567	-64.420280	40.628378
60589	8.803516	-3.942922	1.522990	0.001325	0.000854	-0.001699	-68.328299	-64.420987	40.631233
60590	8.792311	-3.961917	1.496711	0.000026	0.000154	-0.003547	-68.327023	-64.423156	40.629896
60591	8.803444	-3.944404	1.547357	0.000819	-0.001080	-0.005346	-68.327482	-64.426214	40.632915
60592	8.804002	-3.941891	1.522851	-0.001819	-0.002712	-0.003720	-68.330375	-64.429082	40.635028
60593	8.782835	-3.929704	1.523336	0.001625	-0.002237	-0.008919	-68.329953	-64.434314	40.634459
60594	8.816240	-3.919420	1.524335	-0.002350	-0.004801	-0.003820	-68.335433	-64.437677	40.639102
60595	8.783659	-3.926716	1.498504	0.001338	0.000932	-0.003473	-68.334145	-64.439325	40.639433
60596	8.793266	-3.961523	1.520039	-0.002599	-0.001400	-0.003695	-68.336038	-64.441902	40.639942
60597	8.783592	-3.928312	1.522566	-0.000519	-0.002012	-0.001873	-68.339686	-64.443308	40.644339
60598	8.817141	-3.916221	1.499580	0.000557	0.002244	-0.003447	-68.335823	-64.444982	40.640471
60599	8.805238	-3.939458	1.521999	0.002106	-0.000457	-0.001725	-68.336343	-64.446015	40.641113
60600	8.795064	-3.908576	1.549177	0.000519	0.002012	0.001873	-68.335112	-64.444905	40.640140
60601	8.761889	-3.918327	1.548245	-0.000486	0.006879	-0.001523	-68.329129	-64.444311	40.631661
60602	8.771987	-3.949280	1.521329	0.000224	-0.003555	0.003422	-68.334951	-64.443554	40.638319
60603	8.762005	-3.916756	1.523841	-0.001363	-0.001086	0.007020	-68.342301	-64.440091	40.645613
60604	8.826583	-3.949988	1.496967	-0.000839	-0.007733	0.003222	-68.353296	-64.440323	40.657328
60605	8.804723	-3.940799	1.521510	-0.002650	-0.001709	0.003399	-68.360226	-64.438866	40.664610
60606	8.816636	-3.917648	1.498821	-0.002401	-0.005110	0.003274	-68.369217	-64.438515	40.673112
60607	8.795085	-3.906348	1.499236	-0.002118	0.000380	0.003499	-68.373621	-64.436626	40.674587
60608	8.804096	-3.943914	1.544895	-0.001088	-0.004333	0.003347	-68.381026	-64.436071	40.682165
60609	8.804325	-3.942165	1.520268	0.001524	-0.002855	0.005268	-68.387858	-64.433870	40.693205
60610	8.826271	-3.949923	1.471079	0.002351	0.004801	0.003820	-68.383330	-64.431135	40.689740
60611	8.793426	-3.914132	1.572170	-0.004460	0.004315	0.003576	-68.384717	-64.428344	40.689004
60612	8.803996	-3.941174	1.496929	0.002870	0.006812	0.005693	-68.378481	-64.424186	40.683974
60613	8.781548	-3.934248	1.546827	0.001026	0.003946	0.005519	-68.377930	-64.420436	40.684040
60614	8.803401	-3.942187	1.497761	0.000481	0.001780	0.007193	-68.379325	-64.416541	40.685953
60615	8.781606	-3.931173	1.498849	0.001545	0.005958	0.007392	-68.377108	-64.411406	40.683000
60616	8.780796	-3.934085	1.523787	0.000739	0.007115	0.010964	-68.374084	-64.404376	40.680177
60617	8.791730	-3.915563	1.550455	-0.000039	-0.000232	0.005319	-68.378697	-64.401613	40.685492
60618	8.813208	-3.925810	1.525423	-0.002950	0.001384	0.010616	-68.384005	-64.395979	40.689564
60619	8.780040	-3.934420	1.499507	-0.000374	-0.006031	0.012186	-68.398242	-64.390773	40.705356
60620	8.779274	-3.937569	1.523556	-0.002950	0.001384	0.010615	-68.403543	-64.385139	40.709421
60621	8.822095	-3.959700	1.497762	0.000703	-0.001776	0.010612	-68.411885	-64.379914	40.718874
60622	8.778355	-3.939511	1.523832	0.004134	0.007279	0.012857	-68.407561	-64.371843	40.716767
60623	8.798926	-3.954200	1.548051	0.003094	0.003256	0.009112	-68.408168	-64.366333	40.719644
60624	8.777768	-3.939065	1.500609	0.001534	0.005880	0.009162	-68.405265	-64.360524	40.717460
60625	8.798264	-3.953928	1.524807	0.003575	0.005036	0.016301	-68.406930	-64.350852	40.720210
60626	8.764892	-3.962573	1.499879	0.001288	0.009281	0.009286	-68.400452	-64.344260	40.713904
60627	8.775296	-3.946408	1.551325	0.002821	0.006502	0.012780	-68.399316	-64.336124	40.714839
60628	8.807755	-3.937987	1.553218	0.000168	0.004796	0.016177	-68.401481	-64.326807	40.717408
60629	8.796435	-3.954375	1.478774	0.002794	0.006348	0.016324	-68.401993	-64.316848	40.717639
60630	8.794946	-3.959993	1.528202	0.005420	0.007900	0.016471	-68.397837	-64.306720	40.716535
60631	8.784363	-3.928507	1.531872	0.004614	0.009059	0.020039	-68.395939	-64.294177	40.717291
60632	8.793241	-3.963050	1.530091	0.005420	0.007900	0.016468	-68.391785	-64.284050	40.716189
60633	8.749557	-3.941213	1.532288	0.001988	0.007508	0.019888	-68.392984	-64.271947	40.716752
60634	8.791511	-3.966211	1.531838	0.005941	0.009911	0.018337	-68.387129	-64.260401	40.714093
60635	8.769623	-3.953949	1.509067	0.000687	0.006810	0.018040	-68.389060	-64.249409	40.716179
60636	8.811697	-3.978741	1.508476	0.005434	0.007976	0.014692	-68.384042	-64.240211	40.714126
60637	8.789121	-3.970529	1.534367	0.003314	0.008361	0.018186	-68.382903	-64.228790	40.716499
60638	8.755077	-3.981835	1.533824	0.004064	0.006894	0.021703	-68.382931	-64.216087	40.719177
60639	8.765544	-3.964338	1.560712	-0.001162	0.003948	0.017863	-68.388997	-64.205822	40.722810
60640	8.753504	-3.985048	1.534455	-0.002219	-0.000152	0.015893	-68.397847	-64.197700	40.731288
60641	8.730808	-3.978755	1.583558	-0.004804	-0.001471	0.010430	-68.408690	-64.192536	40.738020
60642	8.731042	-3.977327	1.558365	-0.008741	-0.012379	0.002778	-68.429022	-64.193977	40.755102
60643	8.743195	-3.954512	1.534338	-0.010391	-0.018873	0.007794	-68.461197	-64.193854	40.784018
60644	8.821831	-3.910851	1.488548	-0.006491	-0.016780	0.013329	-68.489680	-64.190589	40.811586
60645	8.830885	-3.945625	1.484844	-0.001506	-0.001852	0.024721	-68.505235	-64.177896	40.824784
60646	8.741029	-3.961767	1.555588	-0.004403	-0.000153	0.028237	-68.520643	-64.163186	40.839161
60647	8.794966	-3.964257	1.531267	-0.002890	-0.011593	0.026067	-68.548200	-64.151706	40.871295
60648	8.760907	-3.976259	1.528792	-0.007864	-0.009277	0.027762	-68.575388	-64.139155	40.896560
60649	8.769234	-4.013999	1.548967	-0.012345	-0.013686	0.027438	-68.611232	-64.127416	40.929140
60650	8.801952	-4.004774	1.524256	-0.011541	-0.014845	0.023868	-68.644922	-64.118092	40.959296
60651	8.791918	-3.972092	1.500717	-0.010566	-0.019792	0.029025	-68.687058	-64.106757	41.000069
60652	8.757823	-3.984380	1.497506	-0.018094	-0.010052	0.029153	-68.721445	-64.093596	41.026832
60653	8.853777	-4.015321	1.518760	-0.011446	-0.027601	0.033999	-68.774871	-64.081271	41.076662
60654	8.941531	-4.003220	1.421844	-0.014424	0.003940	0.044007	-68.798046	-64.057260	41.093304
60655	8.874436	-3.977226	1.472606	-0.004375	0.003622	0.067368	-68.826998	-64.020546	41.123791
60656	8.861307	-3.953373	1.500084	-0.005017	0.009416	0.090603	-68.858441	-63.970496	41.155638
60657	8.866311	-3.996328	1.497755	-0.012899	0.008569	0.129259	-68.912849	-63.899790	41.202157
60658	9.007853	-3.934797	1.336720	0.028245	0.024956	0.147168	-68.931741	-63.816278	41.241289
60659	8.881846	-3.872501	1.517560	0.013452	0.053135	0.200806	-68.952122	-63.698059	41.271166
60660	9.074236	-3.254974	1.849255	-0.012759	0.002526	0.333997	-69.095233	-63.519166	41.422826
60661	8.919588	-3.967163	1.516563	-0.055339	-0.003408	0.439729	-69.311153	-63.284522	41.623241
60662	9.072058	-3.670769	1.644215	-0.075432	-0.016844	0.531407	-69.583773	-63.003123	41.880436
60663	9.243405	-3.972428	1.572651	-0.095550	0.003163	0.625724	-69.878934	-62.666338	42.147614
60664	9.674621	-3.887490	1.643417	-0.101563	0.079250	0.708182	-70.121946	-62.269824	42.356097
60665	9.833644	-3.813449	2.137938	-0.089625	0.227628	0.816372	-70.242952	-61.785865	42.428153
60666	10.438620	-3.519963	2.401031	-0.230265	0.226121	0.941923	-70.484650	-61.234334	42.553102
60667	11.817438	-4.584500	2.285338	-0.392800	0.168773	1.261675	-70.975925	-60.520354	42.853602
60668	11.757871	-4.242069	1.340738	-0.363985	0.308002	1.536075	-71.387909	-59.630667	43.088380
60669	10.839012	-4.521669	1.580186	-0.448811	0.555462	1.766751	-71.679022	-58.570292	43.122248
60670	10.131864	-5.052297	1.634424	-0.446666	0.605101	1.953560	-71.966967	-57.398986	43.160067
60671	9.340905	-5.437880	1.472419	-0.420574	0.644002	2.073529	-72.230996	-56.155500	43.185646
60672	7.037031	-4.952333	1.447508	-0.368654	0.499172	2.060273	-72.565544	-54.944124	43.335247
60673	6.656198	-5.083620	1.105310	-0.411821	-0.131808	2.148061	-73.405926	-53.789638	44.078439
60674	9.471818	-4.165037	1.447062	-0.140768	-0.682667	2.038398	-74.424700	-52.776050	45.248755
60675	10.773858	-3.126051	0.566027	0.032968	-0.737387	1.843918	-75.292415	-51.866894	46.368463
60676	10.145330	-2.341093	1.733875	0.173084	-0.606051	1.770024	-75.931107	-50.971093	47.312383
60677	10.858554	-1.930194	1.319321	0.530213	-0.498167	1.550173	-76.225320	-50.178184	48.085989
60678	11.977195	-2.747348	1.242668	0.654648	-0.394018	1.158996	-76.297963	-49.587010	48.671530
60679	13.309921	-1.699829	0.823885	0.840218	-0.319339	0.474631	-76.101346	-49.367350	49.045573
60680	12.688978	-1.190492	0.606944	0.845852	-0.128707	-0.098862	-75.684344	-49.440536	49.134717
60681	10.991335	-0.964828	0.331305	0.864107	-0.007362	-0.535591	-75.104153	-49.739715	49.022251
60682	9.251750	-1.051801	0.012525	0.840517	0.021467	-0.732272	-74.477847	-50.141636	48.833235
60683	8.153697	-1.118267	-0.301942	0.803786	-0.030609	-0.805657	-73.886783	-50.592004	48.662961
60684	7.761845	-1.197141	-0.520018	0.743596	-0.151024	-0.829446	-73.398653	-51.072663	48.582960
60685	8.057343	-1.290677	-0.599931	0.656472	-0.306962	-0.867490	-73.054803	-51.600984	48.623421
60686	8.625307	-1.365691	-0.536098	0.550038	-0.416689	-0.936689	-72.830249	-52.184382	48.738625
60687	9.062713	-1.500820	-0.466078	0.436504	-0.464929	-1.025202	-72.686037	-52.826231	48.871094
60688	9.369526	-1.664624	-0.357936	0.318690	-0.460589	-1.109856	-72.586672	-53.512203	48.975146
60689	9.512938	-1.825456	-0.328745	0.199811	-0.440577	-1.197852	-72.521569	-54.244738	49.035191
60690	9.465751	-1.907955	-0.300303	0.078735	-0.410581	-1.274219	-72.483634	-55.012055	49.044058
60691	9.397957	-2.055639	-0.322974	-0.047218	-0.403959	-1.342810	-72.496569	-55.817725	49.025738
60692	9.375471	-2.230311	-0.300544	-0.168938	-0.428395	-1.402076	-72.583425	-56.657982	49.013844
60693	9.674096	-2.513784	-0.215518	-0.287983	-0.475897	-1.479467	-72.762186	-57.550875	49.028983
60694	9.946938	-2.753763	-0.092437	-0.388532	-0.523099	-1.576745	-73.018303	-58.502769	49.068534
60695	10.195018	-2.950829	0.094294	-0.469619	-0.548467	-1.695688	-73.321681	-59.526322	49.107239
60696	10.231886	-3.240572	0.175051	-0.533225	-0.529401	-1.791052	-73.625709	-60.596696	49.105574
60697	9.967971	-3.434670	0.312503	-0.564473	-0.526910	-1.855235	-73.938501	-61.704421	49.092094
60698	9.783922	-3.618414	0.398708	-0.592603	-0.530847	-1.885834	-74.272084	-62.827196	49.085416
60699	9.689926	-3.828338	0.526580	-0.607517	-0.555699	-1.912756	-74.648743	-63.971161	49.116019
60700	9.666460	-3.990608	0.626107	-0.603456	-0.579774	-1.913972	-75.066905	-65.116765	49.196253
60701	9.668281	-4.080923	0.726149	-0.591246	-0.599360	-1.911834	-75.528163	-66.266268	49.329318
60702	9.766531	-4.278118	0.859611	-0.571627	-0.610077	-1.893420	-76.025269	-67.404025	49.513815
60703	9.850178	-4.406044	0.923840	-0.541446	-0.602485	-1.863082	-76.541642	-68.525691	49.734882
60704	9.943328	-4.538598	1.012876	-0.507252	-0.569277	-1.825207	-77.038455	-69.618597	49.955660
60705	9.935262	-4.574709	1.170271	-0.476696	-0.544394	-1.774316	-77.538118	-70.681653	50.195224
60706	10.117947	-4.722457	1.256050	-0.441255	-0.513223	-1.738564	-78.016500	-71.717721	50.433537
60707	10.296296	-4.889238	1.319039	-0.406782	-0.455901	-1.712918	-78.426066	-72.734449	50.617664
60708	10.351086	-4.940069	1.263135	-0.371060	-0.388213	-1.730266	-78.711158	-73.750499	50.693415
60709	10.124149	-4.984476	1.219001	-0.353426	-0.351816	-1.757482	-78.926708	-74.779968	50.705837
60710	9.860198	-4.991394	1.138338	-0.342487	-0.349123	-1.789899	-79.128570	-75.825091	50.711707
60711	9.607622	-5.060787	1.053228	-0.335364	-0.353488	-1.793360	-79.355060	-76.874753	50.745988
60712	9.535672	-5.145285	0.948630	-0.317950	-0.331574	-1.754742	-79.550813	-77.898193	50.759952
60713	9.277557	-5.182168	0.852428	-0.291955	-0.302210	-1.686067	-79.706227	-78.881863	50.746869
60714	8.942384	-5.034942	0.742749	-0.268733	-0.276145	-1.602790	-79.822006	-79.813952	50.708057
60715	8.419548	-4.864914	0.716048	-0.260449	-0.280207	-1.505173	-80.019500	-80.693197	50.756143
60716	8.031773	-4.710959	0.771620	-0.260956	-0.314839	-1.405069	-80.433690	-81.517436	51.024081
60717	7.885013	-4.541043	0.894033	-0.268715	-0.356116	-1.282453	-81.186356	-82.277252	51.628002
60718	7.866175	-4.592341	1.022035	-0.280821	-0.389069	-1.165017	-82.313995	-82.970108	52.602842
60719	7.977898	-4.714158	1.245225	-0.271201	-0.398196	-1.071775	-83.772309	-83.608975	53.914010
60720	8.153118	-4.779055	1.463562	-0.251582	-0.410452	-1.001967	-85.615601	-84.202643	55.622839
60721	8.516864	-4.973249	1.586039	-0.223567	-0.401244	-0.986967	-87.800137	-84.781848	57.688158
60722	8.813078	-5.137490	1.577103	-0.172612	-0.300583	-0.989085	-89.758199	-85.352373	59.554260
60723	8.526938	-5.281605	1.410496	-0.113496	-0.130507	-0.972091	-90.857259	-85.910010	60.590764
60724	7.728046	-5.353969	1.285634	-0.056788	0.021529	-0.885927	-90.822053	-86.417928	60.522921
60725	6.817276	-5.297276	1.033288	-0.017185	0.113610	-0.740866	-89.783929	-86.843587	59.472728
60726	6.116412	-5.254279	0.871169	0.007624	0.111339	-0.573548	-88.470267	-87.171421	58.161704
60727	6.050356	-5.255743	0.814741	0.007591	0.060855	-0.404059	-87.585094	-87.402212	57.279575
60728	6.213451	-5.188124	0.895934	-0.004494	0.009192	-0.259824	-87.326101	-87.550913	57.017805
60729	6.518999	-5.055877	1.055621	-0.019847	0.001677	-0.148061	-87.243458	-87.635982	56.923481
60730	6.706145	-4.867273	1.241780	-0.036321	0.029644	-0.049841	-86.823265	-87.663837	56.482159
60731	6.740061	-4.783513	1.370485	-0.073553	0.084848	0.028271	-85.730552	-87.644673	55.346212
60732	6.812725	-4.681464	1.445062	-0.098503	0.088002	0.086816	-84.687047	-87.591118	54.245370
60733	6.860890	-4.633821	1.567847	-0.119967	0.107106	0.124713	-83.520786	-87.513701	53.009195
60734	20.663290	-3.125767	-0.102128	0.433054	-0.299741	0.869318	-87.676538	-87.030135	57.418075
60735	4.975342	7.162872	-3.909370	0.361249	2.245571	1.348142	-69.237522	-86.002758	39.153586
60736	8.410157	-0.016143	0.376847	0.544254	1.226796	1.672088	-65.435312	-84.847640	35.652303
60737	7.515797	1.077432	-0.182587	0.361604	1.577032	1.746847	-61.662113	-83.548777	32.068056
60738	7.679095	-1.578616	0.454233	-0.066793	0.938304	1.885339	-61.993645	-82.343048	32.363590
60739	10.804129	-2.155220	0.782241	-0.304998	0.656540	1.701352	-62.986374	-81.305077	33.189766
60740	11.384836	-3.225301	1.858503	-0.243026	0.806487	1.613132	-63.167055	-80.272104	33.231792
60741	9.530663	-2.309859	2.592598	-0.008019	0.887057	1.587712	-62.950221	-79.231184	33.006623
60742	9.060678	-2.105393	2.685815	-0.058020	0.622224	1.716350	-63.604672	-78.192829	33.640111
60743	12.191928	-3.433121	2.435174	-0.041524	0.449144	1.798766	-64.631501	-77.153451	34.666644
60744	11.591020	-4.119314	0.585805	0.113013	0.683191	1.734024	-64.861298	-76.088209	34.969452
60745	10.289095	-2.878398	1.134817	-0.000783	0.555242	1.596743	-65.244657	-75.124674	35.364627
60746	10.745232	-3.483759	1.302646	-0.226365	0.406207	1.509383	-65.907085	-74.241336	35.917012
60747	10.805411	-3.898628	1.646482	-0.213734	0.391252	1.380168	-66.427411	-73.427519	36.331103
60748	10.432283	-4.154014	1.820612	-0.231248	0.317953	1.272224	-66.958191	-72.686310	36.747503
60749	10.159264	-3.790661	1.713384	-0.176889	0.257252	1.144688	-67.434237	-72.024631	37.140557
60750	9.889031	-3.541514	1.413496	-0.160711	0.209304	1.066772	-67.894399	-71.414013	37.528251
60751	9.934849	-3.657035	1.229665	-0.126690	0.229381	1.008155	-68.243865	-70.829097	37.820738
60752	10.216868	-3.904534	1.792439	-0.078882	0.283569	0.958588	-68.436143	-70.258993	37.976780
60753	11.410077	-4.902600	1.389794	-0.008388	0.318746	0.839440	-68.462016	-69.744540	37.999071
60754	10.478012	-4.280516	1.090584	0.084619	0.413489	0.594692	-68.161588	-69.340688	37.730225
60755	9.672134	-3.615384	1.162168	0.050794	0.453440	0.461137	-67.762425	-68.998244	37.334149
60756	9.556773	-3.499827	1.155484	0.039455	0.482437	0.408323	-67.311473	-68.676743	36.874884
60757	9.086229	-3.572315	1.589621	0.035245	0.491388	0.369182	-66.843842	-68.372223	36.393914
60758	8.759826	-3.652645	1.840994	0.053616	0.348661	0.309319	-66.529632	-68.130727	36.088755
60759	8.804750	-3.544907	1.885304	0.041036	0.215836	0.267469	-66.379017	-67.940787	35.951558
60760	8.791647	-3.436884	1.744933	0.040776	0.098670	0.249331	-66.369616	-67.787571	35.966688
60761	9.106580	-3.481163	1.410432	0.018670	0.048689	0.241479	-66.433830	-67.649553	36.047509
60762	8.914202	-3.331089	1.583917	0.027157	0.092268	0.240595	-66.434943	-67.502386	36.065601
60763	8.909952	-3.511876	1.544966	0.002001	0.028807	0.246364	-66.534994	-67.366304	36.175053
60764	8.956768	-3.588579	1.566026	0.004238	0.024570	0.218890	-66.621424	-67.245949	36.271424
60765	8.881885	-3.582414	1.617750	0.003472	-0.013056	0.203890	-66.747787	-67.141558	36.410529
60766	9.100055	-3.676727	1.388658	-0.005539	-0.038009	0.192845	-66.901794	-67.048874	36.574330
60767	9.049660	-3.671885	1.389131	0.006086	0.009073	0.161665	-66.974573	-66.961534	36.657048
60768	8.964480	-3.634296	1.492580	0.008547	-0.013977	0.149557	-67.066035	-66.886091	36.761844
60769	9.059492	-3.597945	1.377740	0.016701	0.002532	0.140001	-67.128372	-66.811551	36.839915
60770	9.020755	-3.627595	1.425702	0.021393	0.018262	0.137456	-67.165449	-66.735232	36.893658
60771	8.938607	-3.632368	1.451815	0.020498	0.014523	0.129924	-67.204934	-66.663306	36.949300
60772	8.922533	-3.727854	1.516390	0.022981	0.006397	0.109704	-67.240796	-66.604252	37.002767
60773	8.906881	-3.592892	1.509852	0.020210	-0.019772	0.095440	-67.304123	-66.558103	37.084263
60774	8.926026	-3.551862	1.466403	0.015595	-0.015843	0.102608	-67.367189	-66.507669	37.162813
60775	8.922582	-3.618071	1.482709	0.001176	-0.015780	0.101862	-67.439216	-66.457173	37.241965
60776	8.920336	-3.677808	1.449789	0.004656	-0.029282	0.092241	-67.519021	-66.415097	37.331998
60777	8.938536	-3.588237	1.460353	0.004053	-0.022269	0.088975	-67.590199	-66.372761	37.412076
60778	8.890500	-3.638424	1.525898	-0.006269	-0.023852	0.099149	-67.672538	-66.325746	37.498100
60779	8.899094	-3.676591	1.494342	-0.001623	-0.051382	0.095999	-67.785009	-66.285912	37.619778
60780	8.986435	-3.712760	1.365050	-0.000237	-0.050020	0.087114	-67.888873	-66.250815	37.733144
60781	8.971846	-3.693903	1.413927	0.001854	-0.026812	0.081302	-67.961844	-66.213326	37.813906
60782	8.914480	-3.646934	1.417694	0.013854	-0.023023	0.082077	-68.022098	-66.174985	37.888496
60783	8.966092	-3.654772	1.417424	0.013895	-0.018426	0.096692	-68.085071	-66.127452	37.965919
60784	8.974710	-3.743617	1.357892	0.023232	-0.007022	0.092365	-68.125252	-66.080163	38.024483
60785	8.992059	-3.714548	1.413124	0.026672	0.007424	0.096906	-68.149578	-66.026958	38.067685
60786	8.978016	-3.794883	1.381616	0.029032	0.022406	0.079870	-68.144964	-65.980020	38.080899
60787	8.930352	-3.785048	1.435186	0.033897	0.024490	0.064040	-68.128918	-65.940651	38.084456
60788	8.939158	-3.765281	1.417716	0.034684	0.032628	0.055536	-68.097289	-65.904471	38.071637
60789	8.860012	-3.706884	1.452919	0.037077	0.038163	0.046967	-68.055107	-65.871252	38.048557
60790	8.890616	-3.645924	1.466309	0.037819	0.036535	0.052281	-68.015642	-65.835958	38.029111
60791	8.876297	-3.942038	1.434492	0.012247	0.041399	0.036938	-67.979225	-65.807362	37.996744
60792	8.775697	-3.556689	1.607000	0.036046	0.034501	0.003624	-67.920048	-65.798332	37.954566
60793	8.830311	-3.711497	1.518921	0.005791	0.023935	0.021309	-67.900593	-65.781776	37.936736
60794	8.794794	-3.733172	1.590332	0.005254	-0.010957	0.030163	-67.925466	-65.768438	37.967370
60795	8.927625	-3.732792	1.469410	-0.003559	-0.019905	0.029247	-67.966859	-65.757101	38.010394
60796	8.926098	-3.792470	1.484804	-0.010029	-0.023653	0.025138	-68.012999	-65.749142	38.054753
60797	8.904891	-3.777638	1.434948	-0.001859	-0.021964	0.020243	-68.051491	-65.743005	38.095671
60798	8.925718	-3.793306	1.456381	-0.003419	-0.019143	0.016731	-68.084486	-65.738525	38.129770
60799	8.958765	-3.781158	1.432403	-0.002078	-0.018132	0.013262	-68.115244	-65.735261	38.162070
60800	8.904552	-3.778567	1.405857	-0.001567	-0.006609	0.004945	-68.126794	-65.734358	38.173811
60801	8.870307	-3.744411	1.482688	-0.004784	-0.001512	0.006859	-68.136463	-65.730946	38.181277
60802	8.892536	-3.752957	1.456746	-0.004359	-0.013574	0.002638	-68.156734	-65.732753	38.200830
60803	8.914875	-3.761393	1.430367	-0.003876	-0.011589	0.004562	-68.176677	-65.732709	38.220138
60804	8.871293	-3.739785	1.431291	0.001837	-0.006326	0.005123	-68.186023	-65.731645	38.231601
60805	8.847302	-3.741241	1.528341	-0.003411	-0.009713	0.008272	-68.205236	-65.729227	38.250400
60806	8.925072	-3.744983	1.453821	-0.005639	-0.033008	0.015858	-68.255406	-65.728117	38.301948
60807	8.948176	-3.748471	1.377906	-0.003675	-0.015530	0.013318	-68.283992	-65.724237	38.330865
60808	8.925441	-3.741804	1.402245	0.004015	-0.002110	0.018005	-68.293158	-65.715414	38.343501
60809	8.901945	-3.738277	1.451951	0.003929	0.006774	0.018485	-68.293485	-65.704057	38.346197
60810	8.891109	-3.755393	1.401670	0.010461	0.010843	0.017227	-68.283311	-65.692902	38.341667
60811	8.889254	-3.762638	1.451796	0.011992	0.017233	0.015854	-68.265468	-65.680730	38.329493
60812	8.876874	-3.788375	1.474797	0.013379	0.009140	0.015479	-68.254823	-65.670866	38.326280
60813	8.909552	-3.775939	1.453978	0.011820	0.011962	0.011971	-68.241477	-65.661877	38.318933
60814	8.909480	-3.773706	1.431554	0.016272	0.016647	0.008852	-68.217247	-65.653944	38.302629
60815	8.897353	-3.798556	1.455213	0.015239	0.021671	0.003695	-68.186660	-65.647290	38.278505
60816	8.853426	-3.776283	1.459962	0.022821	0.030141	-0.000863	-68.138280	-65.641640	38.239809
60817	8.897439	-3.741039	1.443900	0.017569	0.026758	0.002283	-68.099751	-65.634637	38.208431
60818	8.863753	-3.805513	1.438624	0.022022	0.031443	-0.000840	-68.050352	-65.628672	38.168109
60819	8.841410	-3.742814	1.473969	0.020425	0.034048	-0.000783	-68.000231	-65.621715	38.125798
60820	8.863651	-3.696348	1.459397	0.027233	0.034610	-0.000428	-67.944377	-65.614820	38.081662
60821	8.906095	-3.772525	1.455527	0.020278	0.042612	0.005028	-67.887129	-65.602903	38.031426
60822	8.827540	-3.715757	1.538803	0.021033	0.041096	0.008562	-67.831589	-65.589801	37.983728
60823	8.860302	-3.754128	1.489580	0.017479	0.026333	0.009402	-67.797149	-65.579049	37.956770
60824	8.881320	-3.765778	1.491665	0.014874	0.024750	0.009189	-67.764612	-65.569129	37.930452
60825	8.881230	-3.763391	1.470298	0.015400	0.026951	0.007534	-67.729798	-65.559223	37.901770
60826	8.824128	-3.771974	1.544571	0.011996	0.026670	0.007349	-67.695839	-65.549848	37.872074
60827	8.880105	-3.764188	1.475045	0.013275	0.004306	0.004460	-67.687208	-65.546484	37.870815
60828	8.834850	-3.696565	1.557491	0.007382	0.026024	-0.000084	-67.653116	-65.541180	37.838067
60829	8.868530	-3.785671	1.475357	0.011807	-0.001763	0.000491	-67.650496	-65.541244	37.842488
60830	8.911607	-3.756546	1.505663	0.003721	0.020041	0.003007	-67.626966	-65.535599	37.819036
60831	8.780286	-3.744519	1.505709	0.016302	0.016869	0.005256	-67.602359	-65.529075	37.802131
60832	8.964794	-3.654687	1.573481	0.023813	0.034219	0.001138	-67.549950	-65.521311	37.759596
60833	8.657062	-3.720810	1.584192	0.002107	-0.000637	0.037701	-67.569430	-65.501431	37.782196
60834	8.897153	-3.731358	1.540742	0.004057	0.002882	0.027223	-67.577313	-65.486699	37.793471
60835	8.830416	-3.754784	1.536605	0.004594	-0.004122	0.030473	-67.595891	-65.471404	37.816655
60836	8.884894	-3.806304	1.482368	0.007111	-0.016706	0.026370	-67.624317	-65.461397	37.852438
60837	8.894548	-3.789838	1.508649	0.002060	-0.005386	0.024904	-67.643102	-65.449321	37.874259
60838	8.894554	-3.788852	1.483420	0.006192	-0.020471	0.018963	-67.672844	-65.444047	37.910915
60839	8.994596	-3.801987	1.385174	0.003196	-0.009874	0.021145	-67.694356	-65.434934	37.936452
60840	8.803990	-3.810632	1.551274	0.000779	0.003133	0.018107	-67.699391	-65.424971	37.942536
60841	8.893888	-3.736729	1.464001	0.008239	-0.011993	0.017701	-67.718808	-65.418140	37.968949
60842	8.903318	-3.825102	1.453847	0.006284	0.002898	0.018363	-67.721070	-65.408091	37.975453
60843	8.892055	-3.793754	1.458136	0.005269	0.007913	0.013196	-67.716976	-65.399326	37.974139
60844	8.857937	-3.807971	1.481595	0.007345	0.016497	0.010152	-67.698990	-65.390675	37.959043
60845	8.856062	-3.814321	1.531939	0.010000	0.018287	0.006792	-67.677156	-65.383048	37.941196
60846	8.845008	-3.782077	1.537224	0.010577	0.011493	0.006474	-67.661380	-65.377431	37.930566
60847	8.855742	-3.760974	1.541346	0.005870	0.010428	0.006188	-67.650725	-65.371833	37.922414
60848	8.877089	-3.772662	1.541376	0.000919	0.003767	0.007397	-67.649860	-65.367409	37.922098
60849	8.867460	-3.786517	1.466261	-0.000745	0.006060	0.012802	-67.651183	-65.359258	37.922954
60850	8.909062	-3.815326	1.514221	0.006378	0.012520	0.006318	-67.636568	-65.353499	37.910952
60851	8.865860	-3.790723	1.492674	0.005846	0.010323	0.007970	-67.626903	-65.346981	37.903874
60852	8.854327	-3.812680	1.491030	0.012194	0.008989	0.004636	-67.612244	-65.342880	37.895488
60853	8.832903	-3.747433	1.499663	0.007467	0.017021	0.001224	-67.590724	-65.338473	37.876386
60854	8.830712	-3.807388	1.543153	0.009610	0.007515	0.002643	-67.578305	-65.335748	37.868837
60855	8.853459	-3.761668	1.525422	0.003574	0.005557	0.004036	-67.573583	-65.332355	37.865763
60856	8.840694	-3.789193	1.571847	0.005386	0.008439	0.004269	-67.563297	-65.328565	37.857897
60857	8.874630	-3.773570	1.525978	0.002001	-0.000932	0.007213	-67.568464	-65.324909	37.864717
60858	8.885487	-3.804012	1.498884	0.008453	0.011902	0.008174	-67.554292	-65.318294	37.854507
60859	8.862535	-3.796508	1.525121	0.000004	0.013752	0.011427	-67.545690	-65.309196	37.844913
60860	8.861280	-3.800167	1.550640	0.006353	0.012417	0.008094	-67.532103	-65.302509	37.834022
60861	8.817357	-3.778647	1.553015	0.000578	0.006959	0.011115	-67.530853	-65.295063	37.832883
60862	8.827338	-3.760986	1.580393	0.001923	-0.001244	0.012563	-67.537658	-65.289001	37.841643
60863	8.838824	-3.789176	1.527942	-0.005131	-0.007386	0.013695	-67.557399	-65.283329	37.860012
60864	8.860174	-3.801526	1.526336	-0.001416	-0.010406	0.011939	-67.576349	-65.279598	37.880038
60865	8.816533	-3.780141	1.526775	-0.006360	-0.007862	0.008240	-67.594737	-65.276915	37.896143
60866	8.882778	-3.757387	1.505873	-0.001366	-0.010197	0.008371	-67.611718	-65.275023	37.914033
60867	8.848316	-3.825692	1.520870	-0.008262	-0.001961	0.010230	-67.625337	-65.269997	37.923691
60868	8.882204	-3.759203	1.504722	-0.001938	-0.003403	0.008681	-67.634971	-65.266456	37.933131
60869	8.836493	-3.797596	1.547896	-0.007727	0.000237	0.008576	-67.644965	-65.261828	37.939135
60870	8.858605	-3.806922	1.521989	-0.007144	-0.015654	0.011388	-67.672943	-65.259519	37.965490
60871	8.903131	-3.773213	1.501454	-0.009255	-0.006041	0.008185	-67.690837	-65.256463	37.979229
60872	8.813475	-3.792112	1.569583	-0.008970	-0.009439	0.008028	-67.711118	-65.254575	37.995959
60873	8.869304	-3.788098	1.520940	-0.011009	-0.017810	0.007505	-67.743223	-65.254432	38.024240
60874	8.891549	-3.797351	1.494331	-0.010299	-0.010332	0.009705	-67.766077	-65.251843	38.042964
60875	8.946533	-3.796552	1.469932	-0.015567	-0.013694	0.012852	-67.798561	-65.247963	38.068790
60876	9.045318	-3.815657	1.420260	-0.016243	0.001778	0.017177	-67.814384	-65.238782	38.076023
60877	9.078461	-3.801939	1.374523	-0.017075	0.025717	0.029078	-67.810010	-65.217766	38.060304
60878	8.899128	-3.784195	1.497547	-0.016008	0.043754	0.038980	-67.787708	-65.187931	38.025690
60879	8.841682	-3.790071	1.523422	-0.015007	0.038736	0.044131	-67.774339	-65.156113	38.001355
60880	8.816821	-3.786585	1.550730	-0.021480	0.030455	0.059472	-67.780096	-65.118286	37.994191
60881	8.835829	-3.803214	1.551941	-0.017232	0.029630	0.056054	-67.784038	-65.082119	37.987521
60882	8.877786	-3.825761	1.503664	-0.016088	0.020685	0.069949	-67.802729	-65.040850	37.998025
60883	8.940415	-3.863021	1.479116	-0.009300	0.030212	0.068969	-67.807452	-64.997709	37.997226
60884	8.971254	-3.904561	1.406385	-0.002890	0.069904	0.067698	-67.761596	-64.946972	37.944848
60885	9.012140	-3.978573	1.333194	0.016993	0.087384	0.065988	-67.685245	-64.892997	37.871163
60886	9.170084	-3.942523	1.428596	0.038687	0.139363	0.074998	-67.541125	-64.823170	37.736503
60887	9.137425	-4.090860	1.158042	0.093132	0.188828	0.101588	-67.324869	-64.727900	37.556293
60888	8.836984	-3.789319	1.674220	0.079124	0.240513	0.113844	-67.065039	-64.614677	37.319042
60889	8.820035	-3.862549	1.591351	0.104701	0.209138	0.122459	-66.832789	-64.503206	37.128128
60890	8.844743	-3.759844	1.677627	0.082518	0.223490	0.141310	-66.606936	-64.378545	36.930240
60891	8.767879	-3.693966	1.804149	0.079157	0.210355	0.151016	-66.405220	-64.251164	36.756577
60892	8.870795	-3.447089	1.907443	-0.024514	0.198888	0.213971	-66.305638	-64.093479	36.630396
60893	8.853456	-4.147621	1.822192	-0.008331	0.206249	0.227422	-66.197864	-63.926654	36.505030
60894	8.959383	-3.890029	1.583098	-0.016154	0.216369	0.257358	-66.098157	-63.741985	36.383683
60895	8.814815	-4.053580	1.704466	-0.011730	0.269979	0.273698	-65.949916	-63.535881	36.210575
60896	8.622803	-4.196654	1.654248	0.028605	0.228649	0.306055	-65.838065	-63.322634	36.103898
60897	8.855582	-3.720432	1.894207	0.037666	0.210578	0.360509	-65.767857	-63.084813	36.049252
60898	8.700410	-4.051326	1.968580	-0.014493	0.187688	0.387748	-65.763128	-62.838412	36.034678
60899	8.880746	-3.879568	1.920173	-0.032741	0.154381	0.423746	-65.820075	-62.580750	36.077478
60900	8.942721	-4.170962	1.982043	-0.061444	0.140395	0.445527	-65.915029	-62.315227	36.144928
60901	9.413598	-4.336080	1.691082	-0.052927	0.137104	0.478888	-66.022661	-62.032690	36.232170
60902	10.108343	-4.504887	1.815799	-0.041289	0.214298	0.534675	-66.069484	-61.703201	36.258497
60903	10.270463	-5.010719	1.412173	-0.009356	0.345299	0.642678	-66.018749	-61.286435	36.194470
60904	10.062973	-5.265023	1.447919	0.088461	0.495929	0.707541	-65.798714	-60.800692	36.000985
60905	9.621079	-4.948243	1.643175	0.164598	0.607536	0.772227	-65.467873	-60.254125	35.729060
60906	9.947417	-4.817010	2.041100	0.222948	0.645169	0.857074	-65.114807	-59.653825	35.468820
60907	9.803705	-4.908357	1.962813	0.210174	0.736392	0.930118	-64.732417	-58.992431	35.163963
60908	8.801142	-4.606584	2.059996	0.262894	0.757485	0.996942	-64.342095	-58.290447	34.883333
60909	8.799500	-4.633142	2.248944	0.257868	0.728100	1.059330	-64.018379	-57.562536	34.675371
60910	8.583665	-4.505934	2.324667	0.243599	0.687283	1.115322	-63.766821	-56.815749	34.542195
60911	8.452266	-4.558533	2.413702	0.227759	0.679064	1.166167	-63.558942	-56.044493	34.448998
60912	8.060667	-4.748985	2.255260	0.220083	0.698119	1.196894	-63.357916	-55.252594	34.358309
60913	7.886339	-4.919380	2.472627	0.221583	0.670393	1.222797	-63.192466	-54.454274	34.310883
60914	7.690131	-4.801175	2.533128	0.225251	0.640545	1.235217	-63.053444	-53.657416	34.298643
60915	7.566761	-5.133922	2.441899	0.217960	0.615605	1.244992	-62.942644	-52.861898	34.315842
60916	7.357628	-4.954322	2.744508	0.235205	0.602867	1.238523	-62.828906	-52.073170	34.342421
60917	7.410889	-4.925964	2.978864	0.212178	0.582211	1.212941	-62.735350	-51.302775	34.377728
60918	7.647603	-4.933257	3.293413	0.186835	0.587551	1.171898	-62.639584	-50.552053	34.392330
60919	7.212656	-4.903628	3.135870	0.117950	0.621886	1.158205	-62.559948	-49.799120	34.376238
60920	6.647446	-5.073193	3.106129	0.078351	0.566813	1.137336	-62.529592	-49.071473	34.395439
60921	6.662385	-5.177553	3.235323	0.025868	0.495912	1.114054	-62.563771	-48.374255	34.460245
60922	7.052734	-5.401604	3.455831	-0.022168	0.439000	1.082963	-62.645834	-47.707951	34.553587
60923	6.797355	-5.539675	3.437721	-0.131181	0.365796	1.074025	-62.825833	-47.065128	34.695656
60924	6.978739	-5.542751	3.583023	-0.173945	0.235045	1.057518	-63.091100	-46.464564	34.923029
60925	7.274706	-5.312717	3.433081	-0.262787	0.254277	1.060576	-63.391960	-45.856562	35.131029
60926	6.821230	-5.664254	3.360286	-0.318448	0.232008	1.090015	-63.736679	-45.238486	35.358407
60927	7.110636	-6.015190	3.173378	-0.354376	0.190137	1.120334	-64.124280	-44.614206	35.619385
60928	7.047024	-5.919035	3.202945	-0.364132	0.206173	1.160620	-64.510378	-43.964049	35.873598
60929	7.393557	-6.178946	3.260251	-0.388341	0.213097	1.200681	-64.908547	-43.290086	36.127831
60930	7.445014	-6.458588	3.249930	-0.413943	0.253002	1.252769	-65.304660	-42.578298	36.361237
60931	6.999270	-6.611342	3.078841	-0.427318	0.264435	1.285171	-65.702107	-41.845629	36.587995
60932	6.835930	-6.745021	3.049270	-0.440327	0.244850	1.317988	-66.113828	-41.099314	36.828801
60933	6.808158	-6.899311	2.949202	-0.441088	0.231686	1.350440	-66.530056	-40.337621	37.079032
60934	6.899110	-6.981546	2.883134	-0.434985	0.229592	1.398154	-66.943201	-39.550030	37.334409
60935	6.727987	-7.117195	2.825808	-0.431465	0.238274	1.459762	-67.353033	-38.726511	37.591604
60936	6.548195	-7.174894	2.671444	-0.412751	0.236218	1.532989	-67.755706	-37.863354	37.859837
60937	6.480090	-7.456075	2.711309	-0.407577	0.240856	1.603850	-68.155863	-36.960047	38.133617
60938	6.614875	-7.625181	2.687741	-0.367518	0.224695	1.671319	-68.539437	-36.022828	38.424590
60939	6.902461	-7.549788	2.851934	-0.341836	0.260406	1.742215	-68.895406	-35.038792	38.699545
60940	7.174453	-7.965264	2.841945	-0.334364	0.327615	1.827419	-69.223901	-33.994133	38.941246
60941	7.190894	-7.931791	2.875304	-0.287897	0.391984	1.896772	-69.503655	-32.898242	39.148907
60942	7.202399	-8.253113	2.670578	-0.295212	0.477684	1.997721	-69.762601	-31.730242	39.316975
60943	6.949525	-8.683218	2.598257	-0.256854	0.509224	2.092617	-69.994004	-30.504433	39.479239
60944	6.789905	-8.531496	2.385326	-0.191769	0.530403	2.187998	-70.185060	-29.222548	39.642356
60945	7.015570	-8.642137	2.514530	-0.163562	0.576428	2.346913	-70.357176	-27.845732	39.805595
60946	7.215842	-8.928840	2.568885	-0.116716	0.603553	2.498506	-70.502828	-26.381360	39.978538
60947	7.514017	-8.984247	2.730034	-0.084163	0.644022	2.670475	-70.628865	-24.816206	40.157539
60948	7.701116	-9.091615	2.870261	-0.075137	0.676922	2.842612	-70.748773	-23.151186	40.346719
60949	7.419411	-8.792213	2.636832	-0.077716	0.617489	3.028499	-70.890555	-21.396714	40.601921
60950	6.772238	-8.715692	2.137323	-0.103635	0.496542	3.247799	-71.075946	-19.545014	40.962315
60951	6.270331	-9.075939	1.751312	-0.116268	0.267972	3.486129	-71.310745	-17.605530	41.488416
60952	5.775681	-9.152810	1.849303	-0.086675	0.068377	3.750574	-71.553152	-15.556268	42.163889
60953	-0.042827	-9.443930	2.400203	-0.196924	0.170851	4.493167	-71.849274	-13.082200	42.902167
60954	-1.280724	-10.486273	1.493413	-0.516582	-1.054036	4.536524	-72.435417	-10.793566	44.304571
60955	-1.408526	-9.385300	0.739770	-0.546579	-2.042029	4.688502	-73.076008	-8.575369	46.245934
60956	3.062030	-10.399633	0.022563	-0.488047	-3.015809	4.809174	-73.677645	-6.429351	48.711165
60957	4.736921	-8.830102	1.185284	-0.298615	-2.880193	4.970079	-74.069716	-4.152424	51.097438
60958	5.636466	-9.567827	1.451776	0.029499	-2.760767	5.112759	-74.172920	-1.767546	53.423595
60959	8.720376	-10.817055	3.285625	0.389106	-2.391357	4.702943	-73.974518	0.447101	55.480400
60960	13.187608	-18.035666	3.277280	0.783367	-1.844076	3.450632	-73.491402	2.048865	57.049088
60961	14.534300	-13.334451	4.945448	1.488423	-1.470405	1.671445	-72.594350	2.717940	58.134744
60962	11.923081	-10.966650	4.079909	1.479193	-0.946845	0.158987	-71.721304	2.638136	58.679933
60963	9.016635	-9.638532	3.554592	1.615235	-0.619934	-1.218351	-70.792379	1.861066	58.791396
60964	5.992309	-10.123887	2.970910	1.578167	-0.337813	-2.028642	-69.892735	0.701076	58.582889
60965	2.948417	-9.297787	2.968116	1.541424	-0.324831	-2.411421	-69.010593	-0.660262	58.271434
60966	1.730133	-7.994626	2.784459	1.379522	-0.434365	-2.507260	-68.213087	-2.088946	57.979463
60967	1.643718	-7.822960	2.672313	1.165308	-0.450807	-2.412403	-67.532696	-3.469043	57.696999
60968	1.977026	-7.953709	2.860501	1.027746	-0.401501	-2.266005	-66.922900	-4.755523	57.406081
60969	2.472125	-7.944376	3.056803	0.888253	-0.349045	-2.178873	-66.385692	-5.983450	57.092843
60970	2.953555	-7.808127	3.289497	0.743299	-0.312778	-2.238316	-65.918702	-7.229197	56.736127
60971	3.418853	-7.678386	3.509734	0.578553	-0.310749	-2.441753	-65.530855	-8.580304	56.318546
60972	3.860764	-7.483396	3.799493	0.395929	-0.310314	-2.725363	-65.223664	-10.074247	55.823291
60973	4.313718	-7.508735	4.002250	0.220401	-0.300989	-3.047813	-64.986844	-11.733578	55.233243
60974	4.405424	-7.474263	4.054343	0.064790	-0.267719	-3.384519	-64.796267	-13.554964	54.532554
60975	3.498238	-7.352659	4.105735	-0.077284	-0.288040	-3.646969	-64.648767	-15.517806	53.764247
60976	1.993188	-7.531715	4.033084	-0.182176	-0.416442	-3.767152	-64.542116	-17.570231	53.023406
60977	1.014060	-7.656720	4.127982	-0.250723	-0.680482	-3.741639	-64.494401	-19.676140	52.420858
60978	0.997718	-7.671860	4.232304	-0.301747	-1.000438	-3.608105	-64.526432	-21.789227	52.023122
60979	1.968415	-7.579970	4.253170	-0.328110	-1.238070	-3.478955	-64.624643	-23.896825	51.789111
60980	3.217093	-7.352337	4.225227	-0.352529	-1.302144	-3.394142	-64.753724	-25.974136	51.616284
60981	4.144385	-7.218914	4.157759	-0.398816	-1.205231	-3.333438	-64.887495	-27.999124	51.405178
60982	4.653785	-7.115208	4.111408	-0.468528	-1.005383	-3.280212	-65.004300	-29.945980	51.092219
60983	4.726329	-7.071400	3.825624	-0.531178	-0.748839	-3.218214	-65.076808	-31.801491	50.638409
60984	4.055675	-6.853663	3.534022	-0.570098	-0.521023	-3.132177	-65.092262	-33.555178	50.062166
60985	3.347421	-6.515013	3.009331	-0.605196	-0.397208	-3.006924	-65.084394	-35.216350	49.432485
60986	2.926046	-6.051774	2.611558	-0.637693	-0.341373	-2.834521	-65.081729	-36.771991	48.806363
60987	2.947672	-5.753325	2.294064	-0.675444	-0.354972	-2.674525	-65.115789	-38.250258	48.225131
60988	3.325214	-5.602800	2.013483	-0.680954	-0.414270	-2.558588	-65.182008	-39.680568	47.710091
60989	3.593920	-5.322957	1.905985	-0.660135	-0.481957	-2.492227	-65.265214	-41.095429	47.253269
60990	3.926800	-5.130225	1.790666	-0.650636	-0.551309	-2.434377	-65.374114	-42.495040	46.857400
60991	4.205981	-5.178663	1.737105	-0.624345	-0.581633	-2.361890	-65.489044	-43.866944	46.501149
60992	4.386574	-5.223787	1.793998	-0.567648	-0.599672	-2.299917	-65.585258	-45.209015	46.174690
60993	4.714644	-5.202756	1.812938	-0.488300	-0.616918	-2.271304	-65.643840	-46.542785	45.865157
60994	5.066619	-5.259725	1.766012	-0.404446	-0.597867	-2.259133	-65.636192	-47.863558	45.539002
60995	5.237132	-5.119494	1.621415	-0.316114	-0.576532	-2.258574	-65.553665	-49.181026	45.185767
60996	5.444124	-4.839047	1.331612	-0.272570	-0.554096	-2.273238	-65.411881	-50.498135	44.795981
60997	5.508582	-4.301687	0.949607	-0.298301	-0.545187	-2.290185	-65.256205	-51.823477	44.375394
60998	5.438266	-3.860260	0.514201	-0.388950	-0.540121	-2.280942	-65.131070	-53.139949	43.936738
60999	5.224492	-3.584547	0.317576	-0.533430	-0.596018	-2.241166	-65.123210	-54.451116	43.546931
61000	5.160858	-3.886552	0.356861	-0.724336	-0.704825	-2.179537	-65.313748	-55.754502	43.273296
61001	5.406730	-4.791922	0.791608	-0.861749	-0.889161	-2.129240	-65.746069	-57.078459	43.198224
61002	6.108739	-5.453230	1.287737	-0.924509	-0.983053	-2.069557	-66.328585	-58.391106	43.260708
61003	6.717630	-5.986067	1.799534	-0.930595	-0.960884	-2.002753	-66.947255	-59.665319	43.359064
61004	6.863719	-6.420210	2.137267	-0.876998	-0.844791	-1.917616	-67.486555	-60.866061	43.401497
61005	6.867048	-6.520120	2.191314	-0.781487	-0.740108	-1.827315	-67.927215	-61.998006	43.392151
61006	6.639637	-6.347470	2.238481	-0.700013	-0.682806	-1.738984	-68.312837	-63.068706	43.374777
61007	7.046464	-6.244698	2.201115	-0.628408	-0.693722	-1.669776	-68.713915	-64.106731	43.419407
61008	7.804187	-6.247162	2.181089	-0.606032	-0.666976	-1.638609	-69.101010	-65.120520	43.463576
61009	7.846127	-6.492012	2.293076	-0.615136	-0.614267	-1.613658	-69.460180	-66.111866	43.469863
61010	7.536198	-6.917532	2.471733	-0.598288	-0.623255	-1.568373	-69.855406	-67.078880	43.527040
61011	7.448695	-7.384705	2.693506	-0.532318	-0.639519	-1.484458	-70.294909	-68.005256	43.671587
61012	7.736360	-7.598606	2.827490	-0.420710	-0.644634	-1.373205	-70.753969	-68.870477	43.906045
61013	7.897061	-7.670062	2.909763	-0.292085	-0.589871	-1.261038	-71.144818	-69.665381	44.144143
61014	8.018853	-7.563745	2.921874	-0.147230	-0.550964	-1.155308	-71.468955	-70.393884	44.399311
61015	8.290232	-7.356160	2.727335	0.003253	-0.502849	-1.071695	-71.696844	-71.068867	44.641962
61016	8.592055	-7.026077	2.452867	0.128793	-0.468847	-1.015759	-71.840787	-71.705981	44.871766
61017	9.217928	-6.743695	2.037572	0.187474	-0.430613	-0.999594	-71.909784	-72.328168	45.056622
61018	9.321316	-6.401012	1.561320	0.155710	-0.381464	-1.009762	-71.911338	-72.946286	45.151778
61019	8.824245	-6.170839	1.116099	0.061351	-0.387601	-1.026186	-71.975479	-73.575054	45.254936
61020	8.090319	-6.058142	0.847182	-0.088412	-0.433965	-0.986618	-72.244972	-74.189692	45.482774
61021	7.517317	-6.031200	0.651694	-0.239533	-0.490960	-0.896877	-72.796192	-74.765065	45.911958
61022	29.953905	-23.016100	13.006666	-1.092875	0.141746	-0.153729	-73.042522	-74.825700	45.518390
61023	-8.196817	-13.804106	-7.031950	1.076428	5.084583	1.802867	-64.362062	-72.800102	37.124249
61024	0.864620	-5.144164	18.026936	-0.941025	1.995414	0.755082	-62.300876	-71.900449	34.395608
61025	11.560938	-8.968111	2.208443	0.695405	-3.036827	0.106766	-66.897953	-72.591931	39.640596
61026	17.413315	-3.228866	-0.992993	-0.458901	-0.061780	-0.814832	-66.671811	-73.035274	39.128720
61027	7.114259	-3.400404	7.218946	-1.194145	0.973413	0.241303	-65.883705	-72.683897	37.588061
61028	3.360363	-5.777940	2.142637	-0.072373	-0.887707	0.266380	-67.621306	-72.744748	39.364465
61029	7.557675	-3.581930	0.867558	0.269787	-0.545259	0.157026	-68.511424	-72.777337	40.458521
61030	8.613688	-2.725027	2.121431	0.186796	0.219819	0.633178	-68.455826	-72.393956	40.512472
61031	8.952949	-2.183106	1.075395	0.538785	0.069768	0.634604	-68.449839	-72.040373	40.830626
61032	11.584604	-0.212844	0.335659	0.620373	0.037960	0.476174	-68.340750	-71.779020	41.089848
61033	12.111502	0.521896	0.314711	0.484895	0.191927	0.505518	-68.081332	-71.468645	41.109453
61034	8.229652	-1.688746	-0.639760	0.261565	0.444225	0.630681	-67.638778	-71.038330	40.800425
61035	8.232445	-0.581650	-0.164576	0.199951	0.136219	0.729565	-67.774736	-70.621505	41.065782
61036	9.260085	-1.333459	-1.103403	-0.112486	0.360723	0.874185	-67.833834	-70.079989	41.060152
61037	8.774369	-2.584621	0.529695	-0.276180	0.550436	0.972313	-67.773052	-69.444709	40.826763
61038	10.959622	-4.261915	2.814449	-0.241293	0.586652	1.080633	-67.711482	-68.744686	40.612916
61039	11.880550	-6.664957	2.285180	0.042560	0.755010	1.060042	-67.267440	-68.017656	40.161548
61040	10.076417	-5.676150	2.229307	0.063441	0.481677	0.538240	-66.902629	-67.626466	39.806901
61041	8.372733	-4.175403	2.286993	0.093732	0.266531	0.241085	-66.643280	-67.438879	39.584421
61042	8.440599	-3.618678	2.124226	0.011564	0.049942	0.166122	-66.664687	-67.340475	39.614842
61043	9.071357	-3.727342	1.459627	0.000681	-0.005833	0.124137	-66.740790	-67.275997	39.697842
61044	8.877382	-3.407361	1.558058	0.002615	0.032266	0.100288	-66.753427	-67.216228	39.713224
61045	8.948747	-3.316953	1.542414	-0.005180	-0.002401	0.127633	-66.829765	-67.149079	39.792912
61046	9.121137	-3.512901	1.381903	-0.022516	-0.001060	0.139807	-66.919056	-67.075972	39.875884
61047	8.951542	-3.478194	1.459183	-0.019737	0.034755	0.142893	-66.964649	-66.992365	39.913205
61048	8.979017	-3.538479	1.505982	-0.016400	0.006036	0.149071	-67.045528	-66.912711	39.990943
61049	9.017649	-3.571470	1.480237	-0.012990	0.006681	0.140123	-67.119757	-66.836794	40.063647
61050	8.979646	-3.596925	1.504668	-0.009856	0.024907	0.137198	-67.166497	-66.759136	40.108411
61051	8.919930	-3.607531	1.481736	-0.002928	0.016699	0.135221	-67.219303	-66.683527	40.164151
61052	8.892602	-3.559772	1.560877	-0.000029	0.014842	0.136964	-67.271988	-66.608191	40.221575
61053	8.931206	-3.648296	1.555916	-0.004007	-0.002009	0.138000	-67.348926	-66.535200	40.303005
61054	8.882925	-3.746551	1.548229	-0.006637	-0.017063	0.112232	-67.430904	-66.479917	40.388300
61055	8.891098	-3.621386	1.506571	-0.005279	-0.038744	0.089936	-67.528095	-66.440325	40.491098
61056	8.910219	-3.642127	1.526260	-0.011775	-0.042601	0.086021	-67.630149	-66.404392	40.595141
61057	8.908014	-3.647931	1.497067	-0.016872	-0.054481	0.080062	-67.747499	-66.373305	40.712747
61058	8.971780	-3.626607	1.396430	-0.005667	-0.049405	0.080491	-67.850953	-66.341619	40.822190
61059	9.002042	-3.623686	1.393644	-0.006955	-0.027257	0.090196	-67.934052	-66.299116	40.908662
61060	8.955066	-3.667597	1.438080	0.001782	-0.009197	0.085667	-67.986594	-66.255913	40.967223
61061	8.919364	-3.683647	1.412504	0.013801	-0.005169	0.078919	-68.025154	-66.214594	41.018076
61062	8.916841	-3.639694	1.465632	0.012419	0.002928	0.079161	-68.053490	-66.172218	41.056880
61063	8.935648	-3.656047	1.441138	0.021098	-0.002698	0.084513	-68.087316	-66.127375	41.107159
61064	9.051936	-3.742671	1.314691	0.031957	0.014640	0.085376	-68.093169	-66.079178	41.133643
61065	9.015539	-3.763285	1.367074	0.038736	0.056926	0.069144	-68.037941	-66.029745	41.097571
61066	8.849152	-3.668639	1.527690	0.035783	0.067763	0.065852	-67.968840	-65.980536	41.044430
61067	8.834067	-3.751409	1.552486	0.035472	0.039254	0.057664	-67.931361	-65.940971	41.025715
61068	8.919310	-3.740555	1.485273	0.034982	0.037483	0.048634	-67.890757	-65.907392	41.003249
61069	8.853094	-3.603882	1.524578	0.037802	0.044367	0.054287	-67.844434	-65.868501	40.976297
61070	8.893368	-3.633154	1.552564	0.035421	0.038682	0.073670	-67.814413	-65.821366	40.965692
61071	8.932178	-3.766846	1.499350	0.025740	0.040135	0.068097	-67.786842	-65.776055	40.951702
61072	8.852128	-3.815666	1.524853	0.024222	0.043507	0.046719	-67.744732	-65.742163	40.920796
61073	8.796148	-3.766790	1.580754	0.014449	0.022128	0.027890	-67.725607	-65.722070	40.908965
61074	8.873260	-3.668839	1.541041	0.031072	-0.005392	0.030957	-67.729555	-65.707144	40.932883
61075	8.916179	-3.638226	1.520470	0.015739	0.013399	0.045477	-67.728410	-65.679619	40.941590
61076	8.780989	-3.744762	1.611308	0.003470	0.004137	0.046644	-67.744477	-65.654306	40.961461
61077	8.779376	-3.750457	1.634249	0.002880	-0.039021	0.045199	-67.811914	-65.638284	41.037365
61078	8.854713	-3.812198	1.503913	0.003533	-0.063353	0.037257	-67.902413	-65.632511	41.138989
61079	8.823931	-3.667251	1.582293	-0.002496	-0.056059	0.030198	-67.985619	-65.628025	41.228836
61080	8.781145	-3.594283	1.581107	-0.005099	-0.085439	0.061256	-68.118198	-65.614085	41.371242
61081	8.900840	-3.571630	1.429144	0.006868	-0.091952	0.098747	-68.270097	-65.580615	41.542440
61082	8.926354	-3.793699	1.480727	-0.015507	-0.061251	0.109917	-68.402414	-65.535356	41.678078
61083	8.899605	-3.895512	1.394602	0.012294	-0.074491	0.101141	-68.530936	-65.496607	41.827114
61084	9.071182	-3.934769	1.313889	0.028286	-0.067644	0.078523	-68.630382	-65.469192	41.954283
61085	8.843835	-3.753296	1.519413	0.007532	-0.011976	0.065689	-68.671751	-65.436122	42.004576
61086	8.882548	-3.885259	1.435195	0.028265	-0.049242	0.061290	-68.741446	-65.413961	42.099076
61087	8.959798	-3.792121	1.415166	0.019090	-0.027686	0.051124	-68.787669	-65.391887	42.162011
61088	8.847736	-3.847834	1.410283	0.015158	-0.012008	0.044442	-68.813597	-65.370947	42.200141
61089	8.945495	-3.819388	1.387403	0.029830	-0.024382	0.038984	-68.844187	-65.354648	42.252664
61090	8.955601	-3.800791	1.389811	0.030610	0.018955	0.035129	-68.820939	-65.332269	42.246437
61091	8.889014	-3.773055	1.443861	0.035836	0.021601	0.049564	-68.799326	-65.300805	42.245309
61092	8.906831	-3.842942	1.442839	0.025626	0.029720	0.049607	-68.773018	-65.268459	42.232567
61093	8.838489	-3.869724	1.494009	0.027212	0.036419	0.037394	-68.733770	-65.240419	42.206577
61094	8.869890	-3.862225	1.498062	0.026161	0.014752	0.027746	-68.714730	-65.222851	42.202170
61095	8.858765	-3.829309	1.478573	0.012831	0.028472	0.017230	-68.683919	-65.207216	42.176389
61096	8.889376	-3.874870	1.478294	0.024868	0.014448	0.013467	-68.659569	-65.197331	42.165317
61097	8.813903	-3.809968	1.509499	0.007339	0.028863	0.013556	-68.629855	-65.183564	42.137272
61098	8.813086	-3.814104	1.559844	0.010197	0.000469	0.009134	-68.628109	-65.178906	42.141840
61099	8.833119	-3.877129	1.506515	-0.003413	-0.009148	-0.000371	-68.642134	-65.180501	42.155196
61100	8.791922	-3.800960	1.534614	-0.010474	-0.014853	-0.009607	-68.661457	-65.189040	42.169930
61101	8.845826	-3.853055	1.479635	-0.012330	-0.035572	-0.008547	-68.707430	-65.200496	42.212853
61102	8.912879	-3.829154	1.429280	-0.015979	-0.023415	-0.011789	-68.738858	-65.211971	42.237442
61103	8.836039	-3.872742	1.472395	-0.019633	-0.020031	-0.018877	-68.766470	-65.225697	42.255523
61104	8.871731	-3.806794	1.474083	-0.010737	-0.028877	-0.020763	-68.797238	-65.243087	42.282688
61105	8.783905	-3.867912	1.466490	-0.028795	-0.025270	-0.026372	-68.832863	-65.261893	42.303808
61106	8.798573	-3.794436	1.540790	-0.019109	-0.043952	-0.039259	-68.877718	-65.292268	42.341191
61107	8.823692	-3.745479	1.489783	-0.026452	-0.055814	-0.029146	-68.946378	-65.318837	42.400142
61108	8.890107	-3.774577	1.433113	-0.031950	-0.046776	-0.025406	-69.008304	-65.342351	42.448198
61109	8.835702	-3.827396	1.448684	-0.033782	-0.040698	-0.027027	-69.064724	-65.364637	42.489038
61110	8.860393	-3.780856	1.421696	-0.030380	-0.058284	-0.025798	-69.139222	-65.390668	42.551895
61111	8.959600	-3.798318	1.341442	-0.025668	-0.039518	-0.023277	-69.191473	-65.410669	42.593249
61112	8.829082	-3.843293	1.432264	-0.040078	-0.021155	-0.031835	-69.225583	-65.432334	42.605562
61113	8.908268	-3.797621	1.406442	-0.017287	-0.050255	-0.030634	-69.282509	-65.458431	42.657317
61114	8.942778	-3.785423	1.403399	-0.026988	-0.013565	-0.024183	-69.303696	-65.474450	42.663665
61115	8.813258	-3.773006	1.451177	-0.024891	-0.014151	-0.022385	-69.326352	-65.488800	42.672949
61116	8.890402	-3.780618	1.398943	-0.013100	-0.024873	-0.022539	-69.353650	-65.506221	42.694755
61117	8.880152	-3.802082	1.419357	-0.029872	-0.011736	-0.024184	-69.375557	-65.521046	42.700078
61118	8.871047	-3.763866	1.370704	-0.017557	-0.020363	-0.024256	-69.399394	-65.538471	42.715270
61119	8.859600	-3.841273	1.412014	-0.021241	-0.008208	-0.027453	-69.410779	-65.554338	42.714464
61120	8.777391	-3.691957	1.518534	-0.013612	-0.027090	-0.019087	-69.442634	-65.570340	42.740941
61121	8.886063	-3.742694	1.437205	-0.016190	-0.046826	-0.009180	-69.504873	-65.584161	42.799168
61122	8.906959	-3.804708	1.379429	-0.018553	-0.034205	-0.003418	-69.554984	-65.593158	42.842580
61123	8.896007	-3.822397	1.325615	-0.013852	-0.032963	-0.008631	-69.599823	-65.603872	42.883161
61124	8.908375	-3.801661	1.348743	-0.010225	-0.017995	-0.016913	-69.620088	-65.616856	42.899034
61125	8.876518	-3.813865	1.394937	-0.008921	-0.017145	-0.018640	-69.639020	-65.629777	42.914264
61126	8.857344	-3.748193	1.422156	-0.008658	-0.020480	-0.020545	-69.659776	-65.645203	42.931657
61127	8.868347	-3.777945	1.392967	-0.008894	-0.026230	-0.013640	-69.691715	-65.657241	42.961177
61128	8.836477	-3.790717	1.438117	-0.012542	-0.032116	-0.010372	-69.733046	-65.669503	42.998707
61129	8.838231	-3.730195	1.365329	0.001628	-0.046809	-0.008883	-69.785582	-65.683045	43.057443
61130	8.904896	-3.707634	1.338003	-0.011198	-0.040480	-0.003542	-69.839175	-65.693261	43.109266
61131	8.947183	-3.785199	1.328481	-0.006981	-0.033083	0.009294	-69.888332	-65.694278	43.158872
61132	8.925801	-3.776523	1.351001	-0.004900	-0.024713	0.009652	-69.925334	-65.694256	43.196446
61133	8.925105	-3.772289	1.276007	0.008468	-0.020449	0.015408	-69.953248	-65.689476	43.232454
61134	8.989339	-3.809881	1.297131	0.016844	0.003816	0.025407	-69.950639	-65.675358	43.240237
61135	8.922821	-3.837283	1.370944	0.019684	0.019963	0.020731	-69.926319	-65.659775	43.225972
61136	8.847449	-3.775014	1.427047	0.022038	0.007345	0.014940	-69.911995	-65.650597	43.224165
61137	8.879691	-3.764115	1.404303	0.024144	-0.002067	0.014617	-69.908676	-65.642636	43.235755
61138	8.867554	-3.784885	1.379100	0.016548	-0.001287	0.014507	-69.907572	-65.635391	43.245007
61139	8.899811	-3.774321	1.355441	0.015002	-0.007756	0.019577	-69.918390	-65.625881	43.266368
61140	8.889423	-3.746398	1.406449	0.007923	-0.004818	0.017777	-69.927830	-65.617569	43.281772
61141	8.887442	-3.802460	1.402215	0.006891	-0.009130	0.021157	-69.945583	-65.607479	43.305647
61142	8.886482	-3.800632	1.352876	0.001379	-0.008743	0.017508	-69.963292	-65.600078	43.326015
61143	8.940206	-3.799798	1.303252	0.012887	-0.007045	0.014214	-69.972102	-65.593312	43.343846
61144	8.939719	-3.802810	1.328432	0.016817	0.012964	0.018603	-69.955679	-65.581059	43.336447
61145	8.862883	-3.793146	1.356207	0.013665	0.018258	0.016963	-69.935244	-65.567848	43.322646
61146	8.860998	-3.852315	1.402886	0.019168	0.009105	0.016715	-69.921252	-65.557369	43.319396
61147	8.883050	-3.806732	1.358257	0.009188	0.005238	0.007485	-69.914719	-65.551817	43.318045
61148	8.840129	-3.789593	1.433761	0.004737	0.000793	0.007238	-69.914738	-65.548073	43.321104
61149	8.893959	-3.786486	1.359912	0.007895	-0.013455	0.010323	-69.932288	-65.544670	43.345397
61150	8.948042	-3.787076	1.334606	0.005019	-0.002795	0.012451	-69.938641	-65.538825	43.355590
61151	8.914480	-3.798170	1.334743	0.009469	0.010540	0.013028	-69.928066	-65.529252	43.349973
61152	8.859799	-3.802837	1.409686	0.005005	0.015113	0.009556	-69.912001	-65.521443	43.335528
61153	8.913748	-3.803265	1.385775	0.006838	0.000206	0.009033	-69.913431	-65.516055	43.341444
61154	8.901814	-3.823354	1.360960	-0.000791	0.019153	-0.001083	-69.891326	-65.513173	43.316711
61155	8.870110	-3.780799	1.390036	0.001845	0.011642	0.004027	-69.879949	-65.508228	43.305409
61156	8.858389	-3.802466	1.389598	0.001309	0.009675	0.000382	-69.868477	-65.506422	43.293683
61157	8.879489	-3.810429	1.341007	0.001042	0.013137	-0.001275	-69.853503	-65.504034	43.277921
61158	8.836906	-3.794192	1.441443	-0.000273	0.012416	-0.003107	-69.838194	-65.503560	43.260982
61159	8.869780	-3.782161	1.418381	-0.001844	0.006141	-0.003368	-69.832226	-65.503678	43.253299
61160	8.869762	-3.780079	1.394214	-0.001325	-0.000596	-0.005388	-69.831891	-65.507000	43.252152
61161	8.858545	-3.803195	1.416588	-0.010469	-0.006334	0.001356	-69.847633	-65.507043	43.262897
61162	8.913158	-3.802795	1.390849	-0.005515	-0.008439	-0.005755	-69.858803	-65.512111	43.271754
61163	8.858800	-3.801224	1.390381	-0.009165	-0.005488	-0.000370	-69.872049	-65.512916	43.280578
61164	8.859005	-3.801126	1.389337	-0.005247	-0.011901	-0.004099	-69.887880	-65.517773	43.294724
61165	8.880977	-3.812052	1.387085	-0.006573	-0.012497	-0.009489	-69.903983	-65.524863	43.308316
61166	8.848699	-3.823008	1.409417	-0.008412	-0.015309	-0.011409	-69.922511	-65.534321	43.323433
61167	8.903673	-3.819857	1.358615	-0.004233	-0.016231	-0.014931	-69.939355	-65.545072	43.339311
61168	8.883480	-3.812057	1.431353	-0.007664	-0.007348	-0.021786	-69.943568	-65.558547	43.339171
61169	8.894211	-3.837683	1.354338	-0.003749	-0.022588	-0.027634	-69.962199	-65.577381	43.357314
61170	8.854010	-3.759640	1.382609	-0.013455	-0.012262	-0.030985	-69.971595	-65.596773	43.359221
61171	8.865855	-3.793689	1.426400	-0.013948	-0.032326	-0.026411	-70.008216	-65.616855	43.390696
61172	8.878282	-3.764791	1.350962	-0.013155	-0.042525	-0.026791	-70.055276	-65.639908	43.434140
61173	8.868605	-3.787998	1.394188	-0.024920	-0.032062	-0.019478	-70.100978	-65.656186	43.468671
61174	8.892779	-3.743612	1.392583	-0.021492	-0.049644	-0.018318	-70.165105	-65.676029	43.525591
61175	8.968169	-3.804388	1.309022	-0.023309	-0.043822	-0.012788	-70.226905	-65.690956	43.578794
61176	8.957784	-3.824915	1.303221	-0.022027	-0.034018	-0.015956	-70.273859	-65.706451	43.616520
61177	8.928806	-3.728661	1.355987	-0.021507	-0.023099	-0.013743	-70.309575	-65.717857	43.642223
61178	8.938871	-3.755688	1.277660	-0.015964	-0.023679	-0.004765	-70.345556	-65.725299	43.671717
61179	8.961934	-3.712708	1.279033	-0.015969	0.002799	0.001623	-70.353719	-65.723419	43.670671
61180	8.927254	-3.777986	1.275182	-0.005468	0.017649	0.011297	-70.341118	-65.714226	43.653465
61181	8.959917	-3.772698	1.326221	0.003452	0.026352	0.017136	-70.316638	-65.699441	43.628809
61182	8.892793	-3.794476	1.328472	-0.000493	0.041777	0.017670	-70.275139	-65.682144	43.583017
61183	8.903360	-3.776200	1.357462	0.001868	0.029030	0.015425	-70.247712	-65.667754	43.554123
61184	8.902142	-3.775759	1.335991	0.005007	0.032693	0.015619	-70.213114	-65.653301	43.519352
61185	8.956327	-3.720816	1.294655	0.008433	0.050413	0.025272	-70.160772	-65.629439	43.467228
61186	8.877663	-3.772308	1.395109	0.000866	0.068589	0.036518	-70.094986	-65.596708	43.395597
61187	8.931989	-3.663082	1.335585	0.027105	0.057157	0.049007	-70.034409	-65.558704	43.346148
61188	8.959967	-3.709275	1.291070	0.013821	0.096202	0.076941	-69.946377	-65.498727	43.258183
61189	8.834298	-3.798045	1.417522	0.011994	0.102090	0.080643	-69.855606	-65.434807	43.165976
61190	8.864255	-3.741056	1.430562	0.026418	0.074630	0.094087	-69.793945	-65.369766	43.114863
61191	8.879213	-3.810086	1.360338	0.013602	0.080931	0.101140	-69.736700	-65.298933	43.060464
61192	8.928691	-3.818848	1.343504	0.029051	0.075743	0.106545	-69.678191	-65.226932	43.014425
61193	9.043613	-3.799874	1.208094	0.047967	0.106114	0.120418	-69.581029	-65.140673	42.937669
61194	8.949451	-3.825904	1.319071	0.044704	0.167666	0.134888	-69.420471	-65.034948	42.788935
61195	8.877184	-3.808356	1.411646	0.069302	0.167477	0.153028	-69.256351	-64.918650	42.651635
61196	8.868589	-3.824779	1.477978	0.073995	0.168137	0.163641	-69.093640	-64.797077	42.518782
61197	8.902349	-3.863826	1.518317	0.073135	0.160073	0.177377	-68.949031	-64.668958	42.405205
61198	9.079718	-3.844877	1.562059	0.062690	0.131770	0.202654	-68.853299	-64.533763	42.339047
61199	9.729858	-4.092642	0.807758	0.123929	0.099389	0.296843	-68.801317	-64.354219	42.360124
61200	9.500549	-3.677940	1.350421	0.089939	0.346774	0.361553	-68.523151	-64.089280	42.108499
61201	9.369915	-3.184653	1.906771	0.084114	0.302544	0.426601	-68.330716	-63.797907	41.947892
61202	8.637576	-4.168456	1.350218	-0.098634	0.358684	0.674850	-68.290964	-63.362983	41.840457
61203	9.447202	-3.517228	1.999978	0.184510	0.146771	0.684510	-68.318944	-62.967179	41.990231
61204	9.064649	-3.886611	1.579209	-0.135845	0.316374	0.830834	-68.410826	-62.458163	42.006094
61205	9.015682	-3.946831	2.141093	-0.031686	0.252776	0.903881	-68.535295	-61.922994	42.126223
61206	8.706967	-4.746598	2.058420	-0.206313	0.333981	0.873101	-68.662055	-61.387724	42.135995
61207	9.676787	-4.440596	2.307526	-0.114505	0.242362	0.857678	-68.817490	-60.879133	42.238512
61208	11.371338	-4.518098	1.709594	-0.163722	0.321030	1.107770	-69.012168	-60.221061	42.354406
61209	10.032291	-5.185027	1.902964	-0.252475	0.546937	1.291211	-69.109438	-59.417907	42.299511
61210	9.357724	-4.633749	1.981593	-0.232590	0.375273	1.398632	-69.381118	-58.592667	42.461034
61211	9.741546	-4.969095	1.696228	-0.211521	0.347973	1.515503	-69.691480	-57.709254	42.683629
61212	9.107317	-5.052284	1.624036	-0.245907	0.464471	1.614565	-69.940565	-56.749470	42.812348
61213	8.704044	-5.335951	1.868267	-0.190404	0.416819	1.668780	-70.202560	-55.769036	42.996078
61214	9.032331	-5.048865	1.957004	-0.166065	0.399626	1.720069	-70.465449	-54.764240	43.200238
61215	8.568880	-5.118455	2.063551	-0.199330	0.445830	1.786003	-70.718328	-53.714081	43.370959
61216	8.151590	-5.195395	2.215862	-0.215844	0.366779	1.839466	-71.038279	-52.649755	43.616192
61217	8.096362	-5.255761	2.170914	-0.217303	0.334236	1.885899	-71.378032	-51.565027	43.888760
61218	7.995856	-5.326627	2.413591	-0.257982	0.321151	1.928231	-71.742224	-50.459050	44.167186
61219	8.152652	-5.411293	2.480344	-0.275460	0.305644	1.963205	-72.117498	-49.335311	44.451286
61220	9.215179	-5.957042	3.243393	-0.299761	0.367982	1.969041	-72.452054	-48.196769	44.667824
61221	10.119957	-7.455493	3.407422	-0.429913	0.446563	1.929872	-72.793407	-47.065082	44.796301
61222	7.198732	-5.702615	2.262701	-0.468396	0.345549	1.976090	-73.211281	-45.924738	45.002469
61223	8.373658	-6.590913	2.023251	-0.515937	0.313293	1.984843	-73.661501	-44.783564	45.219655
61224	7.902578	-6.895341	2.089173	-0.543039	0.402280	2.013938	-74.069394	-43.611348	45.358493
61225	7.986338	-7.091907	2.012102	-0.500815	0.390133	2.026557	-74.450044	-42.433214	45.495683
61226	7.385671	-6.963105	2.199349	-0.547087	0.443032	2.053121	-74.823604	-41.231931	45.585849
61227	6.339901	-6.863330	2.016133	-0.586885	0.376926	2.080321	-75.245430	-40.024797	45.717085
61228	5.360423	-7.171297	1.529889	-0.657431	0.145371	2.129324	-75.806709	-38.822965	46.007808
61229	5.694033	-7.425081	1.220024	-0.611283	-0.129272	2.138610	-76.445601	-37.651256	46.473981
61230	5.874127	-7.205995	1.401877	-0.607766	-0.224318	2.208300	-77.106988	-36.449207	46.993768
61231	5.518656	-7.529055	1.292030	-0.607851	-0.333632	2.298834	-77.797050	-35.205167	47.577390
61232	5.570700	-7.693647	1.082081	-0.569569	-0.435534	2.366686	-78.483867	-33.929635	48.212750
61233	5.475486	-8.321364	1.118651	-0.554137	-0.465731	2.471004	-79.153642	-32.592567	48.854678
61234	4.373466	-10.174626	1.613849	-0.588816	-0.319075	2.739869	-79.780984	-31.082853	49.404381
61235	3.822854	-12.925171	3.084548	-0.441759	-0.244477	2.815112	-80.278405	-29.518550	49.888157
61236	5.511423	-13.578639	3.099011	0.109430	-0.521789	2.276248	-80.498778	-28.282819	50.473944
61237	7.009843	-11.949329	3.321120	0.240798	-0.346892	1.789105	-80.553449	-27.304266	50.886842
61238	6.267978	-12.224624	3.615612	0.377534	-0.092135	1.251947	-80.424003	-26.605788	51.078586
61239	6.117621	-11.976802	3.319742	0.517656	-0.041560	0.721409	-80.173876	-26.202223	51.183063
61240	5.341770	-12.046004	3.285077	0.598145	0.196435	0.366806	-79.794896	-25.975941	51.100708
61241	4.436307	-12.119328	2.848406	0.707542	0.301031	0.222161	-79.318484	-25.819327	50.938283
61242	3.788990	-11.927950	2.481276	0.746860	0.450217	0.314551	-78.785222	-25.593651	50.695541
61243	2.920807	-12.089942	2.082031	0.747815	0.572802	0.575509	-78.235330	-25.204859	50.412727
61244	2.403309	-11.971819	1.709648	0.747359	0.633792	0.935496	-77.694209	-24.605187	50.144724
61245	2.085218	-12.029364	1.383004	0.681181	0.670728	1.378570	-77.212677	-23.750226	49.922184
61246	2.193457	-12.333130	1.242704	0.621488	0.607780	1.786919	-76.809825	-22.674595	49.803692
61247	2.492678	-12.438408	1.225728	0.564531	0.500561	2.082153	-76.485169	-21.446939	49.800518
61248	3.197605	-12.449624	1.312969	0.500385	0.349556	2.250396	-76.240064	-20.146961	49.917832
61249	4.070294	-12.393217	1.505474	0.454971	0.218228	2.287305	-76.047857	-18.843803	50.122673
61250	5.057097	-12.426044	1.736658	0.399479	0.142685	2.204470	-75.893702	-17.598865	50.361836
61251	5.691589	-12.359559	2.092485	0.381517	0.151454	2.012581	-75.736312	-16.458839	50.570052
61252	6.024471	-11.991717	2.309352	0.373885	0.229743	1.789268	-75.558297	-15.433308	50.702033
61253	6.016566	-11.888496	2.409620	0.351845	0.397116	1.605300	-75.360028	-14.485238	50.713706
61254	5.465123	-11.662394	2.548938	0.354484	0.513173	1.460164	-75.139102	-13.601614	50.640487
61255	5.052442	-11.454946	2.512407	0.336310	0.581150	1.349383	-74.918343	-12.768257	50.515789
61256	4.831488	-11.237149	2.733512	0.326613	0.597565	1.253043	-74.699994	-11.985968	50.370415
61257	5.191004	-11.287277	3.034293	0.324269	0.533678	1.081234	-74.487886	-11.307225	50.237948
61258	6.219117	-11.004070	3.169008	0.374212	0.459657	0.761826	-74.246896	-10.816193	50.099671
61259	7.337310	-10.363982	3.230541	0.430969	0.407221	0.272049	-73.966122	-10.602367	49.915134
61260	8.104767	-9.830602	3.435891	0.473395	0.396470	-0.369967	-73.642637	-10.742857	49.633278
61261	7.935066	-9.716602	3.482978	0.478136	0.389752	-1.090831	-73.292911	-11.278886	49.234283
61262	6.141179	-8.897925	3.355934	0.512791	0.374541	-1.637753	-72.900109	-12.114606	48.746276
61263	5.318179	-7.967856	3.007311	0.496780	0.262395	-1.712230	-72.518961	-13.007418	48.300665
61264	4.123764	-8.046642	2.818087	0.501470	0.361810	-1.531811	-72.121144	-13.780967	47.823926
61265	2.914743	-7.610301	2.942518	0.561823	0.263587	-1.303272	-71.705273	-14.444904	47.436989
61266	2.739773	-7.125621	2.668566	0.626151	0.057452	-1.118131	-71.284811	-15.042272	47.194745
61267	3.074273	-6.657950	2.575450	0.656286	-0.074050	-0.981858	-70.870202	-15.589255	47.047321
61268	3.679408	-6.105670	2.390441	0.695035	-0.188969	-0.913137	-70.451810	-16.119079	46.973698
61269	4.564598	-5.538690	2.271178	0.709575	-0.173647	-0.880445	-70.023017	-16.628637	46.893594
61270	5.307636	-5.188134	2.207024	0.703705	-0.034728	-0.868139	-69.573439	-17.102622	46.733900
61271	5.510366	-5.141484	2.035640	0.676453	0.167174	-0.898358	-69.101579	-17.551842	46.449774
61272	5.071069	-4.825114	1.781053	0.653238	0.331716	-0.988750	-68.604935	-18.011951	46.049272
61273	4.117530	-4.207002	1.355998	0.595928	0.378047	-1.068595	-68.122927	-18.502884	45.599482
61274	3.625570	-3.679468	1.048831	0.510333	0.335412	-1.124496	-67.687726	-19.027890	45.155749
61275	3.334548	-3.172237	0.759777	0.379051	0.243029	-1.173489	-67.335672	-19.597720	44.746803
61276	3.387350	-2.634564	0.603013	0.212479	0.107988	-1.241304	-67.093522	-20.229790	44.393447
61277	3.847731	-2.363536	0.478108	0.034088	0.017418	-1.320425	-66.960053	-20.924465	44.068081
61278	3.857539	-2.091502	0.424300	-0.134353	-0.044653	-1.427455	-66.921324	-21.687330	43.749775
61279	3.810750	-1.963805	0.388216	-0.288617	-0.134289	-1.528250	-66.976580	-22.525404	43.455944
61280	4.001976	-2.197407	0.468758	-0.414144	-0.204356	-1.597551	-67.108300	-23.414224	43.185551
61281	4.021066	-2.470158	0.696960	-0.489135	-0.248344	-1.681542	-67.281688	-24.359962	42.920361
61282	4.179035	-3.028919	0.970122	-0.515198	-0.341228	-1.780576	-67.478724	-25.377194	42.687076
61283	4.358491	-3.431173	1.175201	-0.466151	-0.360274	-1.849725	-67.642430	-26.438194	42.449183
61284	4.160346	-3.531342	1.332959	-0.363991	-0.348548	-1.882491	-67.736695	-27.512169	42.197339
61285	4.156005	-3.543656	1.340629	-0.255798	-0.344018	-1.887458	-67.762718	-28.590516	41.939763
61286	4.495448	-3.707015	1.370572	-0.141095	-0.389386	-1.930861	-67.725143	-29.699215	41.696726
61287	4.894549	-3.477081	1.127265	-0.048117	-0.448119	-2.033059	-67.633495	-30.877253	41.459132
61288	4.986011	-3.300141	0.979881	0.010227	-0.503004	-2.153988	-67.502381	-32.128305	41.219538
61289	5.129429	-3.285665	0.819336	0.011991	-0.583441	-2.258569	-67.375002	-33.454722	40.995802
61290	4.848556	-3.430885	0.775036	0.012836	-0.631903	-2.322644	-67.246197	-34.822487	40.779494
61291	4.688786	-3.579165	0.882788	0.024088	-0.757786	-2.351652	-67.145825	-36.236148	40.629252
61292	5.297996	-3.788533	0.863490	0.073120	-0.836159	-2.380704	-67.036592	-37.679414	40.517346
61293	5.856843	-4.000428	0.944647	0.111773	-0.856108	-2.410779	-66.902617	-39.145933	40.403478
61294	6.170349	-4.188836	0.912261	0.160314	-0.881070	-2.468411	-66.733431	-40.645080	40.283004
61295	6.200694	-4.355844	0.865435	0.190976	-0.912826	-2.501451	-66.546989	-42.171796	40.165193
61296	5.992739	-4.654135	0.990163	0.216840	-0.984865	-2.512215	-66.369312	-43.717095	40.086849
61297	6.265028	-5.044114	1.099913	0.262392	-1.075209	-2.506980	-66.206463	-45.283665	40.067578
61298	6.547936	-5.321262	1.304347	0.317152	-1.138769	-2.507684	-66.040583	-46.861921	40.089646
61299	6.940493	-5.282577	1.255062	0.373046	-1.195267	-2.524778	-65.867345	-48.465780	40.142965
61300	7.329963	-5.173016	1.099552	0.352588	-1.194478	-2.535423	-65.698384	-50.071686	40.186667
61301	6.973827	-5.436711	1.072452	0.280915	-1.194856	-2.508195	-65.576581	-51.667021	40.235619
61302	6.795442	-5.676054	1.120639	0.217481	-1.278075	-2.436532	-65.568583	-53.241242	40.382750
61303	7.089246	-5.739034	1.245105	0.140998	-1.345336	-2.343136	-65.693473	-54.785995	40.635357
61304	7.753799	-5.762091	1.340498	0.040257	-1.360158	-2.264002	-65.932155	-56.288926	40.952855
61305	8.202719	-5.907844	1.369234	-0.134649	-1.277457	-2.173378	-66.264858	-57.727684	41.255930
61306	7.728987	-6.404676	1.508128	-0.342731	-1.202226	-2.055241	-66.725022	-59.082592	41.565654
61307	7.382322	-6.902838	1.801207	-0.495236	-1.200506	-1.899234	-67.369156	-60.356497	41.981353
61308	7.462943	-7.516003	2.492200	-0.577472	-1.209903	-1.741912	-68.176054	-61.542937	42.525902
61309	8.401113	-8.007502	3.026954	-0.563778	-1.227815	-1.642983	-69.091840	-62.679287	43.194983
61310	8.967760	-8.336831	3.520807	-0.546831	-1.110624	-1.565733	-69.964980	-63.742609	43.822138
61311	9.044510	-8.506307	3.902225	-0.447663	-1.021855	-1.538451	-70.753850	-64.772624	44.411732
61312	9.077193	-8.228101	3.865122	-0.313252	-0.965152	-1.544529	-71.447725	-65.789295	44.978042
61313	8.706202	-7.844226	3.742391	-0.185308	-0.862369	-1.523573	-72.002213	-66.775798	45.466457
61314	8.184698	-7.286906	3.515253	-0.072653	-0.825887	-1.480026	-72.502844	-67.727980	45.964211
61315	8.348905	-6.952273	3.190623	0.010865	-0.805552	-1.422621	-72.997627	-68.645564	46.502780
61316	8.641815	-6.470141	2.825945	0.001172	-0.719475	-1.353979	-73.444206	-69.507610	46.981643
61317	8.229621	-6.415290	2.717595	-0.085251	-0.607223	-1.265757	-73.851248	-70.303402	47.362133
61318	7.978462	-6.620245	2.686145	-0.143243	-0.579217	-1.169666	-74.320093	-71.039175	47.772051
61319	7.856408	-7.013077	2.831741	-0.193364	-0.521015	-1.041145	-74.817516	-71.695251	48.179287
61320	7.780980	-7.336417	3.082030	-0.135223	-0.496613	-0.930879	-75.318785	-72.284199	48.624960
61321	7.664005	-7.275682	3.202167	-0.024789	-0.451083	-0.831842	-75.754390	-72.811463	49.066076
61322	7.381410	-7.078090	3.312254	0.128524	-0.394644	-0.732055	-76.066065	-73.273607	49.468952
61323	7.345492	-6.580148	3.044198	0.281121	-0.344852	-0.641590	-76.259195	-73.678570	49.837967
61324	7.114495	-5.990035	2.737691	0.381234	-0.242552	-0.563082	-76.243155	-74.025253	50.048722
61325	6.482575	-5.178034	2.221417	0.446784	-0.152042	-0.490022	-76.052046	-74.319108	50.115867
61326	13.425286	-9.845384	5.905021	0.319361	-0.031398	-0.325607	-75.769851	-74.504713	50.012915
61327	12.934651	-20.509942	2.731178	0.960580	3.481337	1.802616	-69.746489	-72.925200	44.312029
61328	-6.197940	0.680612	7.881484	0.777447	2.961269	1.519729	-65.448750	-71.472998	40.266607
61329	17.050719	-6.405709	2.315700	0.005893	-2.737194	0.578854	-70.195465	-71.757436	45.271978
61330	18.425093	-5.227266	-2.505489	-0.100790	1.025121	0.312335	-68.791096	-71.384339	43.730892
61331	4.580979	-3.189692	6.648361	-1.007617	2.173487	0.888773	-66.599786	-70.439626	40.801338
61332	4.106694	-3.702100	3.134175	0.572303	-1.102032	0.529463	-68.239361	-70.402286	42.889589
61333	11.330900	0.451010	-1.782182	0.388551	-0.643379	0.565662	-69.307161	-70.232691	44.260299
61334	8.566487	-0.885202	0.638199	-0.426358	1.056849	1.349147	-68.768399	-69.294506	43.425814
61335	12.890085	-6.614371	2.198724	-0.025455	0.295496	1.327484	-69.084206	-68.523245	43.748766
61336	13.190477	-5.574232	0.188446	0.113229	0.738927	1.002878	-68.552519	-67.834789	43.245989
61337	7.961689	-6.161660	2.541773	-0.046047	1.088610	0.554300	-67.467739	-67.306007	42.043970
61338	7.287632	-2.932518	3.873698	0.254921	-0.027609	0.301735	-67.514725	-67.152670	42.253386
61339	9.217169	-4.230520	0.837795	0.004973	-0.090640	0.292022	-67.777627	-67.016796	42.542066
61340	8.955211	-4.103091	1.701953	-0.015373	0.084101	0.125795	-67.746229	-66.932163	42.498433
61341	8.885659	-3.635080	1.578536	0.036216	-0.074054	0.052204	-67.845890	-66.919588	42.629463
61342	8.950052	-3.396589	1.510951	-0.032604	-0.032214	0.052658	-67.931872	-66.898901	42.702680
61343	8.764339	-3.451242	1.627093	-0.020179	-0.078871	0.073032	-68.079955	-66.876107	42.851269
61344	9.118995	-3.542265	1.267379	-0.010716	-0.123529	0.084422	-68.282537	-66.857823	43.064942
61345	9.127331	-3.581921	1.233978	-0.020661	-0.025791	0.086925	-68.371062	-66.816081	43.148509
61346	8.952039	-3.674044	1.425077	-0.010017	-0.022596	0.078114	-68.443870	-66.779544	43.221534
61347	8.982348	-3.613062	1.376260	0.008893	-0.035765	0.067139	-68.517649	-66.750360	43.307523
61348	8.937650	-3.543268	1.402387	0.002181	-0.021838	0.062080	-68.574308	-66.722146	43.370610
61349	8.903853	-3.563193	1.473090	0.004714	-0.034841	0.070679	-68.650677	-66.690807	43.456848
61350	8.988445	-3.557558	1.420148	0.001477	-0.044316	0.082901	-68.745267	-66.656091	43.560833
61351	8.952542	-3.573404	1.367357	-0.009016	-0.041788	0.082870	-68.843436	-66.619577	43.662295
61352	8.950778	-3.583389	1.412193	-0.011379	-0.037965	0.086510	-68.938664	-66.581482	43.759006
61353	8.958451	-3.622974	1.381873	-0.010518	-0.048161	0.086203	-69.046506	-66.544362	43.870131
61354	8.966174	-3.662298	1.351367	-0.008240	-0.043049	0.080970	-69.142971	-66.510135	43.970205
61355	8.963744	-3.669651	1.347531	-0.004614	-0.037269	0.081130	-69.231012	-66.473368	44.063484
61356	8.973367	-3.600457	1.347619	-0.001554	-0.033420	0.074088	-69.308053	-66.440756	44.146602
61357	8.873867	-3.643301	1.442597	-0.017052	-0.019731	0.077936	-69.379683	-66.402060	44.214247
61358	8.892391	-3.659311	1.389284	-0.010336	-0.051346	0.077051	-69.484650	-66.371372	44.322397
61359	8.934463	-3.634495	1.384640	-0.009455	-0.061670	0.082088	-69.604732	-66.338753	44.447723
61360	8.962495	-3.681559	1.278934	-0.003706	-0.056453	0.084024	-69.714740	-66.305164	44.565578
61361	8.972211	-3.669817	1.324145	0.000411	-0.039693	0.084505	-69.802712	-66.266707	44.662072
61362	8.851944	-3.533986	1.330462	0.005957	-0.022439	0.097499	-69.871027	-66.219007	44.740495
61363	8.925088	-3.500533	1.304971	0.015139	-0.023124	0.127808	-69.949020	-66.153896	44.835377
61364	8.920310	-3.571381	1.374914	-0.005300	0.004536	0.162333	-70.018980	-66.065921	44.908625
61365	8.886585	-3.847216	1.362370	-0.012060	-0.013830	0.163465	-70.115881	-65.979700	45.007263
61366	8.870292	-3.883112	1.383176	0.003128	-0.044749	0.132279	-70.226293	-65.917406	45.130188
61367	8.920099	-3.892485	1.328692	0.004935	-0.062343	0.101447	-70.343880	-65.873853	45.262256
61368	8.940645	-3.798860	1.254494	0.006415	-0.058624	0.065928	-70.439661	-65.849847	45.371295
61369	8.943115	-3.699546	1.328411	-0.008162	-0.037337	0.073599	-70.522104	-65.816362	45.456681
61370	9.032225	-3.832938	1.170492	0.012571	-0.039309	0.078936	-70.596208	-65.781514	45.545875
61371	9.018382	-3.918047	1.239121	0.003393	0.005927	0.048218	-70.608970	-65.753448	45.562146
61372	8.889904	-3.856684	1.343561	0.017549	0.006191	0.025149	-70.602668	-65.738981	45.566315
61373	8.964771	-3.812168	1.247186	0.022392	-0.004814	0.014165	-70.603036	-65.731361	45.580931
61374	8.901834	-3.782807	1.349045	0.015012	0.019471	0.005965	-70.574177	-65.724734	45.558763
61375	8.848467	-3.727251	1.354172	0.016601	-0.001059	0.010698	-70.571905	-65.718280	45.566841
61376	8.956029	-3.729225	1.303562	0.022973	-0.002846	0.019558	-70.570968	-65.708558	45.580307
61377	8.898424	-3.840300	1.349822	0.011194	0.016876	0.016537	-70.552785	-65.695538	45.567529
61378	8.906355	-3.870502	1.276606	0.018602	0.007553	0.000285	-70.533769	-65.694246	45.558412
61379	8.901194	-3.731127	1.358647	0.010665	0.029827	-0.011544	-70.488553	-65.693914	45.515634
61380	8.824466	-3.774012	1.409211	0.001037	0.013159	-0.003172	-70.471435	-65.693411	45.497558
61381	8.953772	-3.727285	1.262702	0.023298	-0.009237	0.001596	-70.471245	-65.693457	45.512128
61382	8.975335	-3.740321	1.287961	0.010388	0.036101	0.011745	-70.427689	-65.680498	45.470918
61383	8.799599	-3.816785	1.388660	0.008769	0.020972	0.009524	-70.403112	-65.670481	45.449588
61384	8.940905	-3.809362	1.363147	0.014432	-0.000369	0.003600	-70.397368	-65.668913	45.452412
61385	8.876268	-3.774801	1.366838	0.001074	0.013078	0.000376	-70.382742	-65.665347	45.437163
61386	8.885674	-3.806723	1.341007	0.011247	-0.012879	0.001454	-70.392841	-65.667344	45.455373
61387	8.855387	-3.764241	1.391634	-0.009208	-0.005396	-0.003744	-70.404401	-65.669557	45.462397
61388	8.930805	-3.774892	1.339426	0.000183	-0.021109	-0.004158	-70.428289	-65.676159	45.488782
61389	8.897728	-3.783268	1.313398	-0.009790	-0.016302	-0.007614	-70.451567	-65.682557	45.508298
61390	8.908769	-3.816610	1.334120	-0.009588	-0.019582	-0.013043	-70.475489	-65.693656	45.528574
61391	8.899640	-3.782435	1.333771	-0.015376	-0.015829	-0.016514	-70.497659	-65.704767	45.543359
61392	8.877485	-3.823768	1.330487	-0.016505	-0.010916	-0.025270	-70.510030	-65.720807	45.546609
61393	8.881424	-3.769077	1.379819	-0.018178	-0.016989	-0.034349	-70.527670	-65.741773	45.554659
61394	8.872529	-3.732273	1.354347	-0.028385	-0.026695	-0.032894	-70.562574	-65.764942	45.575157
61395	8.926191	-3.783178	1.298564	-0.025839	-0.024964	-0.039959	-70.591860	-65.790461	45.591162
61396	8.929020	-3.782355	1.344056	-0.034195	-0.022904	-0.038155	-70.623407	-65.815742	45.604322
61397	8.898243	-3.732639	1.294435	-0.026595	-0.032631	-0.036650	-70.663860	-65.840926	45.632085
61398	8.921395	-3.741298	1.290341	-0.036524	-0.010128	-0.036014	-70.682330	-65.862621	45.629447
61399	8.848411	-3.729220	1.363178	-0.040174	-0.015923	-0.034431	-70.711437	-65.883437	45.636241
61400	8.912435	-3.756332	1.259242	-0.037320	-0.026607	-0.036537	-70.750107	-65.908532	45.655234
61401	8.925230	-3.788870	1.302799	-0.044404	-0.014792	-0.037987	-70.778832	-65.931060	45.658953
61402	8.940543	-3.710637	1.327798	-0.052680	-0.006861	-0.052024	-70.795923	-65.960804	45.644669
61403	8.877653	-3.729367	1.374180	-0.054231	-0.013183	-0.050464	-70.823100	-65.989785	45.640526
61404	8.867922	-3.689430	1.298762	-0.050961	-0.036465	-0.040521	-70.880098	-66.018873	45.671009
61405	8.914024	-3.712110	1.340098	-0.062682	-0.034777	-0.035183	-70.944953	-66.043635	45.702805
61406	8.912755	-3.760722	1.258075	-0.052134	-0.055305	-0.030488	-71.030049	-66.070774	45.763284
61407	8.976821	-3.787759	1.151132	-0.047195	-0.039821	-0.031761	-71.093841	-66.094591	45.803612
61408	9.012296	-3.832511	1.216876	-0.047262	-0.015896	-0.055925	-71.117523	-66.128157	45.799950
61409	8.910692	-3.721222	1.319702	-0.051087	-0.012438	-0.068315	-71.134842	-66.166703	45.787001
61410	8.924903	-3.694384	1.316463	-0.043385	-0.040028	-0.063898	-71.182671	-66.209059	45.812163
61411	8.914135	-3.707677	1.237869	-0.046352	-0.026336	-0.047414	-71.223209	-66.238846	45.827560
61412	8.875731	-3.686501	1.332689	-0.038971	-0.050381	-0.048237	-71.288073	-66.274593	45.874082
61413	9.057046	-3.741543	1.122969	-0.037032	-0.056584	-0.041333	-71.363380	-66.306620	45.933278
61414	9.030926	-3.644758	1.222098	-0.045577	-0.009955	-0.043299	-71.384335	-66.332250	45.927700
61415	8.943588	-3.706020	1.218748	-0.018289	-0.013905	-0.020173	-71.405063	-66.344969	45.939006
61416	8.913254	-3.661558	1.244964	-0.014912	-0.004740	-0.019838	-71.411796	-66.356907	45.937082
61417	8.890632	-3.702072	1.217418	-0.006923	-0.017988	-0.013153	-71.434029	-66.366562	45.957136
61418	8.913458	-3.768774	1.260266	-0.007413	-0.014146	-0.029075	-71.444307	-66.385233	45.963772
61419	8.893716	-3.753754	1.259409	-0.016679	-0.022283	-0.057950	-71.458827	-66.420003	45.969303
61420	8.929834	-3.681979	1.234404	-0.030482	-0.031830	-0.074413	-71.485469	-66.466522	45.979368
61421	8.945279	-3.599655	1.234046	-0.029910	-0.038677	-0.072898	-71.521891	-66.512393	46.000514
61422	8.991592	-3.560952	1.205521	-0.034366	-0.040244	-0.055134	-71.569520	-66.549955	46.031026
61423	9.114129	-3.886957	1.007320	-0.054255	-0.031024	-0.051294	-71.619541	-66.582698	46.051778
61424	8.945246	-3.446511	1.280365	-0.007789	0.027790	-0.057927	-71.565479	-66.609459	45.988060
61425	8.769478	-3.738615	1.342328	-0.025031	-0.008635	-0.032546	-71.578492	-66.627969	45.986721
61426	9.082342	-3.585550	1.093868	0.018757	-0.063145	-0.013033	-71.642368	-66.646766	46.068061
61427	9.081288	-3.693249	1.086463	-0.013239	0.033600	-0.014854	-71.602869	-66.648032	46.016884
61428	8.814631	-3.699245	1.290766	0.012141	-0.008154	-0.014567	-71.600678	-66.657724	46.022128
61429	9.085427	-3.584342	1.141984	0.020350	-0.015793	-0.011260	-71.605652	-66.665962	46.040349
61430	8.933984	-3.727785	1.236612	-0.003355	0.020307	-0.024265	-71.572394	-66.675777	46.002090
61431	8.882104	-3.615563	1.244374	0.018322	-0.027065	-0.029556	-71.585074	-66.696013	46.027431
61432	8.990991	-3.611805	1.190638	0.002671	-0.018993	-0.022148	-71.598816	-66.711787	46.044112
61433	8.949220	-3.645002	1.237303	0.001985	-0.017891	-0.014962	-71.615448	-66.722432	46.063560
61434	8.917924	-3.655558	1.259700	-0.011291	-0.031314	-0.015494	-71.655609	-66.736808	46.100288
61435	8.951079	-3.642497	1.231219	0.002475	-0.048067	-0.012528	-71.711216	-66.751556	46.162461
61436	8.963164	-3.564321	1.206523	-0.003652	-0.046840	-0.001775	-71.772509	-66.761227	46.226945
61437	9.005401	-3.640072	1.172225	-0.003001	-0.044997	0.007226	-71.835708	-66.764629	46.293957
61438	9.036857	-3.627806	1.119003	0.001819	-0.044123	0.014408	-71.897215	-66.764949	46.362080
61439	9.079243	-3.650103	1.088894	0.000924	-0.025036	0.015130	-71.936138	-66.760454	46.405118
61440	8.981745	-3.685760	1.137472	0.001133	-0.010700	0.017463	-71.956885	-66.753137	46.428458
61441	8.983580	-3.635794	1.188082	0.015189	-0.022063	0.024187	-71.987580	-66.743172	46.471435
61442	8.981284	-3.690776	1.159999	0.015826	-0.005481	0.021244	-71.994818	-66.732863	46.489238
61443	8.918137	-3.662902	1.236651	0.006913	-0.014325	0.017326	-72.017575	-66.725263	46.518417
61444	9.014003	-3.628942	1.160647	0.023284	-0.029500	0.020326	-72.050563	-66.719694	46.568905
61445	9.012484	-3.629632	1.135350	0.014673	-0.006522	0.030127	-72.064196	-66.703734	46.592995
61446	8.947951	-3.657512	1.209249	0.027200	-0.015384	0.040506	-72.085265	-66.684661	46.632959
61447	9.019447	-3.612044	1.087077	0.043906	-0.016427	0.052961	-72.103926	-66.657998	46.680771
61448	8.986985	-3.630875	1.162553	0.036387	0.025383	0.054526	-72.073886	-66.624093	46.670812
61449	8.910195	-3.681374	1.239042	0.027888	0.018787	0.045339	-72.054145	-66.595394	46.666802
61450	8.952634	-3.653240	1.240814	0.033067	-0.010368	0.049596	-72.069059	-66.570484	46.703755
61451	8.896305	-3.656550	1.243024	0.015259	-0.001602	0.051700	-72.084749	-66.541916	46.730478
61452	8.926526	-3.705105	1.238614	0.023524	-0.035880	0.052200	-72.138092	-66.520064	46.803378
61453	9.041202	-3.738906	1.132793	0.025832	-0.039698	0.048474	-72.194061	-66.499926	46.880637
61454	8.963718	-3.730386	1.134195	0.014358	-0.017790	0.040364	-72.224990	-66.481314	46.923391
61455	8.972903	-3.766308	1.130460	0.017387	-0.031665	0.030920	-72.268511	-66.469314	46.981812
61456	9.069386	-3.735085	1.078218	0.028509	-0.026469	0.023960	-72.295539	-66.461147	47.029162
61457	8.952754	-3.706960	1.181524	0.019179	0.003724	0.019733	-72.289173	-66.449074	47.034290
61458	8.940809	-3.729840	1.181050	0.028331	-0.017341	0.015374	-72.301398	-66.443998	47.065388
61459	9.014207	-3.738870	1.104599	0.032285	-0.009154	0.003181	-72.297022	-66.443206	47.080878
61460	9.005560	-3.708395	1.156837	0.018282	0.019932	0.000700	-72.262478	-66.439641	47.054673
61461	8.896494	-3.705497	1.162954	0.024892	0.011907	-0.012090	-72.229869	-66.443515	47.034740
61462	8.858126	-3.632169	1.267566	0.013406	0.010257	-0.010350	-72.205796	-66.447662	47.016911
61463	8.859147	-3.632829	1.292385	0.006827	-0.008349	-0.000314	-72.213597	-66.448657	47.029770
61464	8.932105	-3.640111	1.190463	0.007418	-0.024088	0.000897	-72.240461	-66.452675	47.063764
61465	8.909490	-3.683513	1.187374	-0.001442	-0.015314	0.004797	-72.263751	-66.452101	47.088354
61466	8.953834	-3.652056	1.186156	0.006152	-0.016075	0.004755	-72.282861	-66.452604	47.113098
61467	8.974190	-3.718353	1.181107	0.003548	-0.008805	0.006807	-72.295937	-66.449800	47.129663
61468	8.983623	-3.694962	1.132604	0.007532	-0.006531	0.010448	-72.304575	-66.445529	47.143848
61469	8.964219	-3.688299	1.207195	0.001745	0.006007	0.010915	-72.301775	-66.437908	47.141966
61470	8.939411	-3.729650	1.157427	0.005592	-0.000383	0.005325	-72.301777	-66.435363	47.145518
61471	8.983829	-3.642556	1.136263	0.004566	0.004276	0.007279	-72.298072	-66.430033	47.144412
61472	8.950969	-3.710584	1.183667	0.004879	0.009678	0.011040	-72.288179	-66.422615	47.136721
61473	9.003425	-3.709712	1.134233	0.005762	0.014095	0.002281	-72.269520	-66.418309	47.120043
61474	8.908942	-3.635892	1.216424	-0.007951	0.025031	0.013400	-72.248748	-66.406921	47.092460
61475	8.928806	-3.647640	1.192164	0.005881	0.008052	0.023459	-72.246053	-66.392120	47.093273
61476	8.989811	-3.680426	1.116514	-0.000537	0.021670	0.032873	-72.233056	-66.370689	47.078805
61477	9.020215	-3.672390	1.094251	0.018771	0.031074	0.045651	-72.203172	-66.339763	47.057997
61478	8.988470	-3.636382	1.175829	0.013163	0.069979	0.059511	-72.133009	-66.295320	46.989671
61479	9.003487	-3.648765	1.084139	0.045462	0.063738	0.080605	-72.061561	-66.239580	46.940144
61480	9.139620	-3.646579	1.041238	0.046833	0.120700	0.105703	-71.928640	-66.160901	46.824250
61481	8.917229	-3.822199	1.224972	0.039084	0.157275	0.097965	-71.753724	-66.078939	46.657505
61482	8.970612	-3.668247	1.245874	0.065570	0.125024	0.100342	-71.604377	-66.002142	46.535241
61483	9.047464	-3.774160	1.179607	0.052212	0.141329	0.118574	-71.451918	-65.911513	46.401107
61484	8.954310	-3.793697	1.221657	0.057392	0.162382	0.113804	-71.269356	-65.820290	46.237145
61485	9.075226	-3.754260	1.043197	0.100727	0.170181	0.124657	-71.059189	-65.720689	46.070008
61486	9.164847	-3.789029	1.039043	0.105575	0.263142	0.145056	-70.744458	-65.593122	45.791011
61487	8.995195	-3.803169	1.219502	0.118123	0.316493	0.156964	-70.368375	-65.447459	45.452170
61488	9.149784	-3.706790	1.109281	0.193236	0.312387	0.188717	-69.971010	-65.285329	45.136876
61489	8.872909	-3.677758	1.592737	0.124111	0.398564	0.211272	-69.528532	-65.092256	44.727749
61490	8.652734	-3.972933	1.666790	0.126941	0.282922	0.220407	-69.226306	-64.917277	44.474594
61491	9.262845	-3.653808	1.409692	0.173529	0.194992	0.230843	-69.006436	-64.753415	44.341528
61492	9.900153	-4.242809	0.925275	0.138855	0.291568	0.311823	-68.734507	-64.526855	44.128697
61493	9.456722	-3.548022	1.311024	0.209536	0.398450	0.412891	-68.353315	-64.222755	43.839053
61494	9.723355	-3.282560	1.639562	0.197386	0.466614	0.458664	-67.931862	-63.879629	43.496177
61495	8.512731	-3.735539	1.813871	-0.049511	0.566380	0.714588	-67.667601	-63.377604	43.169520
61496	9.549790	-4.184312	1.684191	0.262532	0.255078	0.704563	-67.554461	-62.948998	43.211355
61497	9.184062	-3.563395	1.934932	-0.009394	0.463010	0.902233	-67.469478	-62.369586	43.109578
61498	8.671705	-4.609335	2.498650	-0.074415	0.505941	0.824944	-67.350010	-61.822154	42.926203
61499	10.020537	-4.142959	2.023402	0.029627	0.255880	0.885552	-67.444332	-61.297093	43.052745
61500	11.376083	-4.625691	1.875785	-0.099311	0.573983	1.082534	-67.383863	-60.598425	42.918539
61501	10.205578	-5.169358	1.737846	-0.108669	0.637757	1.232912	-67.333149	-59.805580	42.788299
61502	9.709349	-4.823667	1.892125	-0.067930	0.628441	1.315330	-67.302135	-58.971706	42.707098
61503	9.358784	-5.221392	2.024316	-0.098121	0.633136	1.420702	-67.325510	-58.080603	42.668498
61504	9.463321	-4.736279	2.298889	-0.087015	0.485831	1.529700	-67.501293	-57.164777	42.817657
61505	9.277769	-4.618971	2.124937	-0.135155	0.554235	1.644282	-67.679422	-56.172624	42.938061
61506	8.812710	-4.853789	2.407814	-0.181187	0.516355	1.730157	-67.930735	-55.143323	43.116750
61507	9.048896	-4.625618	2.455199	-0.198301	0.462822	1.828213	-68.249097	-54.072466	43.367781
61508	8.834911	-5.019875	2.444992	-0.264297	0.469416	1.939638	-68.614972	-52.940388	43.634568
61509	8.711989	-5.335518	2.319051	-0.251210	0.443014	2.028314	-68.997487	-51.765088	43.935766
61510	8.835041	-5.597793	2.558374	-0.272013	0.433144	2.095878	-69.395211	-50.554692	44.246333
61511	9.777291	-6.584525	2.388455	-0.195443	0.471864	2.124616	-69.712257	-49.319687	44.514150
61512	9.597950	-5.576281	2.620139	-0.141254	0.628218	2.151628	-69.893340	-48.038733	44.647554
61513	8.346657	-6.052316	2.790570	-0.203759	0.756466	2.243843	-70.046626	-46.682602	44.697096
61514	8.023564	-6.732705	2.935458	-0.383046	0.510940	2.299658	-70.442307	-45.343896	44.942042
61515	8.185219	-6.276292	2.346493	-0.285397	0.336183	2.333769	-70.864629	-44.018665	45.309969
61516	8.530442	-7.009032	2.331707	-0.364187	0.537199	2.326237	-71.207561	-42.658445	45.505651
61517	6.970163	-6.468715	2.516174	-0.326700	0.553077	2.337695	-71.510185	-41.288348	45.678115
61518	6.452948	-6.818756	2.102306	-0.367551	0.463129	2.355548	-71.868519	-39.923984	45.905156
61519	6.702163	-7.032023	2.065708	-0.342008	0.402846	2.333445	-72.222207	-38.581334	46.154276
61520	6.952525	-7.435713	2.022931	-0.347432	0.379245	2.338277	-72.575654	-37.238905	46.405589
61521	5.822121	-7.100852	1.869436	-0.316377	0.305170	2.420173	-72.938239	-35.863152	46.709815
61522	5.020989	-7.007614	1.818456	-0.356461	0.136497	2.531226	-73.385817	-34.452672	47.132438
61523	4.452592	-7.339300	1.872824	-0.390363	-0.088104	2.619909	-73.924399	-33.026853	47.699104
61524	4.398630	-7.822313	2.040835	-0.426603	-0.307108	2.721792	-74.543924	-31.574122	48.401063
61525	3.696458	-9.636678	2.170236	-0.604303	-0.310575	3.065669	-75.264959	-29.924910	49.133657
61526	1.507881	-11.644682	2.401058	-0.670787	-0.301735	3.390317	-76.009498	-28.086251	49.876431
61527	1.293935	-12.358454	2.846600	-0.505209	-0.613046	3.514405	-76.717923	-26.212225	50.793992
61528	3.279007	-13.706985	2.877911	-0.532798	-0.649393	3.478666	-77.405426	-24.353237	51.688878
61529	4.576090	-14.066801	3.253386	-0.355329	-0.628184	3.047449	-77.925077	-22.724032	52.479759
61530	5.000064	-13.286331	3.354023	-0.223852	-0.523467	2.372973	-78.286272	-21.455677	53.099243
61531	4.602521	-12.615006	3.688798	-0.133591	-0.342410	1.666593	-78.510659	-20.559335	53.511319
61532	3.946073	-13.105193	3.861060	0.013507	-0.174204	1.090524	-78.584903	-19.967028	53.748174
61533	2.624638	-13.430923	4.099711	0.198322	0.019023	0.756299	-78.498520	-19.539695	53.828783
61534	1.462441	-13.606331	4.170058	0.389324	0.129111	0.764780	-78.281026	-19.095849	53.845778
61535	0.533380	-13.765304	4.079056	0.586697	0.165673	1.036782	-77.954914	-18.494275	53.877365
61536	-0.042093	-13.526396	3.703028	0.755513	0.161566	1.443247	-77.549818	-17.666805	53.967060
61537	0.214060	-13.269189	3.188195	0.838844	0.149704	1.893687	-77.116636	-16.588298	54.129009
61538	0.696417	-12.947338	2.785622	0.825139	0.144908	2.240914	-76.703896	-15.319178	54.347647
61539	1.648578	-12.392187	2.436522	0.735731	0.109598	2.438169	-76.351260	-13.944617	54.621509
61540	2.804873	-12.101579	2.370786	0.570095	0.168540	2.499667	-76.082835	-12.530920	54.875996
61541	3.610500	-11.924097	2.437649	0.413233	0.309189	2.443524	-75.881010	-11.128196	55.047496
61542	4.040779	-11.760406	2.587498	0.266391	0.507821	2.348296	-75.737181	-9.752725	55.096372
61543	4.026232	-11.833530	2.799918	0.149346	0.724541	2.245245	-75.638096	-8.402268	55.011672
61544	3.547127	-11.754087	2.904034	0.074162	0.875424	2.149891	-75.571172	-7.084722	54.830732
61545	3.112841	-11.637475	2.928671	0.019360	0.942908	2.089079	-75.534700	-5.789691	54.605335
61546	2.810606	-11.478891	2.963267	-0.003907	0.936604	2.030079	-75.516249	-4.529605	54.375836
61547	2.759489	-11.291881	2.910638	-0.004391	0.911599	1.995296	-75.503707	-3.291087	54.156213
61548	2.771310	-11.147792	2.995854	0.011391	0.863776	1.966077	-75.487910	-2.076835	53.959293
61549	2.596446	-10.902448	3.088746	0.055802	0.808839	1.921763	-75.451414	-0.893918	53.787380
61550	2.681959	-10.770913	3.067922	0.109215	0.725298	1.870529	-75.388042	0.247638	53.655291
61551	2.904460	-10.476132	3.116849	0.189003	0.666792	1.787747	-75.281188	1.335836	53.545467
61552	3.091542	-10.263948	3.069871	0.252432	0.665063	1.673808	-75.140482	2.360077	53.422076
61553	3.018191	-9.853720	3.027324	0.334497	0.683342	1.527451	-74.956247	3.306864	53.269821
61554	3.083440	-9.242634	2.819066	0.391197	0.705532	1.395119	-74.743902	4.183794	53.088446
61555	3.070276	-8.913903	2.617781	0.409223	0.758909	1.272323	-74.527433	5.001835	52.861936
61556	3.088630	-8.605723	2.472719	0.426525	0.795355	1.126924	-74.307948	5.745914	52.595550
61557	3.334370	-8.363903	2.488462	0.433761	0.825537	0.915545	-74.092404	6.378991	52.281782
61558	3.761767	-8.198977	2.457988	0.458698	0.850010	0.605963	-73.872667	6.846803	51.907272
61559	4.067678	-7.710701	2.328643	0.485696	0.894222	0.197815	-73.650462	7.098016	51.443839
61560	4.154625	-7.107162	1.991530	0.500425	0.931438	-0.280030	-73.433030	7.095057	50.882565
61561	3.911094	-6.670529	1.675470	0.483716	0.943272	-0.773440	-73.234375	6.824180	50.233060
61562	3.408877	-6.637017	1.451167	0.449500	0.893618	-1.276670	-73.057337	6.272275	49.526648
61563	2.932274	-6.460844	1.136887	0.438511	0.748123	-1.700730	-72.877338	5.464366	48.827756
61564	2.503659	-6.110292	0.943376	0.397900	0.592889	-1.967506	-72.706569	4.487727	48.167565
61565	1.996399	-5.437840	0.815154	0.338640	0.436102	-2.025009	-72.552976	3.452929	47.581268
61566	2.038279	-4.784785	0.732881	0.272783	0.320156	-1.917616	-72.422725	2.460037	47.075340
61567	2.461268	-4.669967	0.752529	0.192974	0.391008	-1.762637	-72.330290	1.563076	46.555651
61568	3.044314	-4.771868	1.019994	0.165659	0.482304	-1.693457	-72.246458	0.722558	45.997402
61569	3.864243	-4.888597	1.070759	0.175999	0.569838	-1.777488	-72.148641	-0.149816	45.375017
61570	4.356158	-4.605962	1.043552	0.199556	0.638298	-2.010214	-72.026389	-1.133579	44.673032
61571	4.253727	-4.408219	0.891296	0.204622	0.666559	-2.343471	-71.885734	-2.294879	43.893434
61572	3.813367	-4.321443	0.849655	0.204951	0.536124	-2.712451	-71.727738	-3.675716	43.115626
61573	3.057794	-4.490604	0.768157	0.210186	0.251703	-3.096280	-71.552483	-5.317300	42.417519
61574	2.257650	-4.584863	0.842195	0.259865	-0.258032	-3.504867	-71.348561	-7.268457	41.916125
61575	1.980608	-4.558008	0.801541	0.359763	-0.928823	-3.891023	-71.110756	-9.553978	41.699965
61576	2.565111	-4.565180	0.717586	0.471358	-1.430173	-4.104707	-70.842191	-12.044753	41.708475
61577	3.006925	-4.616461	0.956792	0.573745	-1.629686	-4.104071	-70.537946	-14.576277	41.814582
61578	3.587651	-4.480133	0.991567	0.664036	-1.591919	-3.966791	-70.184389	-17.023720	41.913774
61579	4.119538	-4.250039	0.977379	0.669531	-1.356573	-3.778775	-69.797393	-19.327829	41.902346
61580	4.336817	-3.994379	0.760525	0.637825	-1.105014	-3.645609	-69.381669	-21.506575	41.758517
61581	4.246947	-3.792274	0.558852	0.521396	-0.949354	-3.578835	-68.991586	-23.620570	41.519702
61582	4.136297	-3.694224	0.332321	0.385456	-0.947397	-3.558391	-68.665057	-25.718122	41.266728
61583	3.936247	-3.904008	0.233478	0.226323	-1.081534	-3.572437	-68.449048	-27.854062	41.074200
61584	4.068261	-4.293010	0.371834	0.119200	-1.287081	-3.582402	-68.342061	-30.034267	40.994386
61585	4.210112	-4.719969	0.694309	0.069406	-1.420829	-3.533284	-68.308034	-32.220597	41.004306
61586	4.474179	-4.982645	0.982701	0.104615	-1.482881	-3.428497	-68.289615	-34.360233	41.080042
61587	5.089905	-5.169506	1.244806	0.138674	-1.468986	-3.318378	-68.266346	-36.442483	41.175723
61588	5.732849	-5.235039	1.447784	0.171767	-1.457343	-3.259843	-68.232003	-38.486999	41.281138
61589	6.610848	-5.456406	1.479247	0.167644	-1.383134	-3.231460	-68.176561	-40.504941	41.343636
61590	6.609402	-5.830934	1.765607	0.143961	-1.259020	-3.182981	-68.085539	-42.466429	41.330835
61591	6.645740	-6.371475	2.084676	0.180969	-1.121876	-3.089876	-67.919221	-44.353348	41.238349
61592	6.667803	-7.060244	2.506760	0.298016	-0.972391	-2.971471	-67.619140	-46.140426	41.056342
61593	6.856307	-7.255269	2.620122	0.476077	-0.920731	-2.896875	-67.185602	-47.880136	40.835292
61594	7.282393	-7.132378	2.469236	0.562357	-0.926357	-2.878254	-66.683755	-49.605685	40.596456
61595	7.125513	-6.910701	2.289746	0.550696	-0.941001	-2.852982	-66.176052	-51.324087	40.346078
61596	6.796769	-6.850220	2.233574	0.509991	-0.980887	-2.773786	-65.710717	-53.004731	40.126973
61597	6.671985	-6.867448	2.251420	0.466909	-1.026255	-2.659556	-65.312405	-54.639618	39.963765
61598	7.086491	-6.841534	2.227036	0.434026	-1.073098	-2.544693	-64.984414	-56.221333	39.867534
61599	7.621227	-6.804437	2.176606	0.335340	-1.081197	-2.447501	-64.740021	-57.758213	39.804059
61600	8.004403	-6.662201	2.175670	0.222987	-1.055250	-2.366352	-64.556891	-59.242672	39.739192
61601	8.120269	-6.467764	2.170173	0.062222	-1.034601	-2.278190	-64.477192	-60.680076	39.687168
61602	8.245895	-6.618614	2.315101	-0.120038	-1.038646	-2.204343	-64.534523	-62.076566	39.674181
61603	8.213525	-7.060342	2.626907	-0.254257	-1.028434	-2.100441	-64.714649	-63.420280	39.711811
61604	7.930222	-7.509408	2.898588	-0.334320	-1.025984	-1.959049	-65.020677	-64.686462	39.839157
61605	7.997419	-7.719346	3.116661	-0.330244	-1.028591	-1.789822	-65.441500	-65.868023	40.093078
61606	8.485267	-7.707370	3.129600	-0.324549	-1.006036	-1.628308	-65.951733	-66.955860	40.446953
61607	8.537618	-7.737014	3.235665	-0.289304	-0.931265	-1.489480	-66.467250	-67.955057	40.824686
61608	8.845568	-7.728965	3.202462	-0.208904	-0.929558	-1.404048	-67.021877	-68.904773	41.292405
61609	8.931180	-7.537493	3.089345	-0.149336	-0.863141	-1.317594	-67.547719	-69.794710	41.762056
61610	8.195698	-7.377584	3.083591	-0.063052	-0.784759	-1.172430	-68.035298	-70.586903	42.241942
61611	7.996531	-7.047096	2.894628	0.033910	-0.799611	-1.025417	-68.624175	-71.304196	42.884764
61612	7.923578	-6.683031	2.614414	0.099319	-0.757082	-0.865716	-69.249538	-71.923294	43.603775
61613	8.116761	-6.156609	2.382497	0.133060	-0.771201	-0.780738	-69.982715	-72.498166	44.453190
61614	8.415987	-5.492774	1.974021	0.077912	-0.771292	-0.749088	-70.817327	-73.051056	45.373770
61615	7.702869	-5.131368	1.736119	-0.070290	-0.676968	-0.660736	-71.680339	-73.535486	46.232205
61616	6.616977	-4.862767	1.604558	-0.170811	-0.649364	-0.556483	-72.659032	-73.953245	47.149752
61617	5.746205	-4.411570	1.402968	-0.265751	-0.642266	-0.422751	-73.809266	-74.292236	48.186810
61618	4.852469	-3.895366	1.315732	-0.324734	-0.630793	-0.298209	-75.080984	-74.554054	49.313908
61619	3.994676	-3.170290	1.151802	-0.338427	-0.650240	-0.196770	-76.495145	-74.755397	50.578844
61620	4.695671	-3.172368	1.609142	-0.335294	-0.660086	-0.126798	-77.989912	-74.910050	51.928561
61621	29.456283	-29.412591	11.827715	-0.126496	2.997959	1.930062	-73.172110	-73.410244	46.845562
61622	-8.028101	8.030763	3.381152	2.275001	3.781321	2.207524	-66.800502	-71.478655	41.531225
61623	15.892017	-0.484600	5.845203	-1.867352	-0.624083	1.863000	-69.985930	-70.617338	43.767781
61624	18.085912	-13.591070	-0.230712	0.028477	1.002076	1.969298	-69.562111	-69.360393	43.334173
61625	4.754988	-1.595485	8.963331	-0.255169	2.316170	1.466717	-67.333164	-68.090418	40.785451
61626	11.294649	-8.748016	5.231340	0.074646	-0.949920	1.709002	-69.408572	-67.380971	43.074235
61627	15.354188	-6.463879	-4.277957	0.478403	-0.756072	0.773789	-70.468133	-67.112144	44.520674
61628	10.576383	-5.081248	1.343302	-0.164568	1.796800	0.484570	-68.539540	-66.491811	42.319975
61629	5.637557	-3.479529	4.473601	0.064269	0.364096	0.363268	-68.236489	-66.220587	42.029379
61630	9.160058	-4.145962	0.966056	0.255333	-0.301599	0.276006	-68.586488	-66.137435	42.571942
61631	8.930856	-3.594965	2.030231	-0.131567	0.294971	0.242231	-68.423785	-65.945373	42.311518
61632	8.333098	-4.088879	1.713943	0.060348	-0.127025	0.216779	-68.642792	-65.856732	42.589366
61633	9.843062	-3.573062	0.713223	0.073474	-0.059265	0.185001	-68.758101	-65.769274	42.762055
61634	8.655084	-4.156781	1.666268	-0.074144	0.256722	0.173784	-68.577927	-65.623330	42.517802
61635	8.394738	-3.768419	1.845798	0.101787	-0.054398	0.116138	-68.638379	-65.571725	42.648338
61636	9.030705	-3.536644	1.395243	0.001226	-0.020321	0.111629	-68.713198	-65.516691	42.731356
61637	8.733728	-3.900726	1.592931	-0.030718	0.012438	0.101269	-68.763623	-65.459018	42.767555
61638	8.842875	-3.798359	1.523439	0.002015	-0.065108	0.076444	-68.873773	-65.431968	42.889979
61639	8.971697	-3.810739	1.371653	-0.015770	-0.038195	0.069764	-68.960089	-65.401519	42.975091
61640	9.010927	-3.893217	1.339641	-0.004760	-0.020947	0.070457	-69.019394	-65.368448	43.037378
61641	9.001546	-3.755991	1.323428	0.028258	0.004158	0.070007	-69.030876	-65.329123	43.067947
61642	8.976512	-3.754550	1.376029	0.034327	0.040706	0.099623	-69.008826	-65.267788	43.065379
61643	8.894124	-3.806023	1.403749	0.043258	0.058209	0.109142	-68.966406	-65.196454	43.046070
61644	8.802925	-3.775855	1.535265	0.044843	0.064483	0.109299	-68.915368	-65.125048	43.018194
61645	8.721889	-3.772821	1.566401	0.032731	0.043080	0.108418	-68.896399	-65.057216	43.018068
61646	8.780156	-3.867900	1.516568	0.024809	0.020926	0.096954	-68.901632	-65.001385	43.039573
61647	8.788266	-3.852468	1.495759	0.020084	0.011520	0.078821	-68.912957	-64.955882	43.064884
61648	8.818382	-3.848943	1.498143	0.014606	0.012116	0.068065	-68.921255	-64.917308	43.083336
61649	8.782872	-3.863727	1.498401	0.010898	-0.002055	0.051619	-68.941253	-64.889144	43.112428
61650	8.835573	-3.869954	1.498483	0.010614	-0.007446	0.047908	-68.965204	-64.865369	43.145651
61651	8.900465	-3.850395	1.426220	0.005368	-0.010452	0.044172	-68.994561	-64.842906	43.181593
61652	8.887152	-3.874227	1.400586	0.009114	0.004174	0.044637	-69.004610	-64.818484	43.198520
61653	8.779830	-3.770720	1.505725	0.014704	0.021514	0.050529	-68.994973	-64.786062	43.197288
61654	8.786687	-3.814323	1.602944	0.004109	0.005960	0.065860	-69.015060	-64.749920	43.222149
61655	8.768584	-3.945941	1.521990	-0.000473	-0.016093	0.059842	-69.060730	-64.720233	43.272462
61656	8.823675	-3.895711	1.474411	0.005457	-0.031842	0.050648	-69.116111	-64.699947	43.337225
61657	8.791125	-3.857564	1.523546	-0.001748	-0.016314	0.040294	-69.154124	-64.680737	43.378279
61658	8.680448	-3.861385	1.593856	-0.011099	-0.039874	0.051876	-69.228429	-64.661378	43.453504
61659	8.800440	-3.844018	1.491944	-0.004634	-0.084125	0.059617	-69.352887	-64.645506	43.588400
61660	8.933052	-4.053087	1.326696	-0.007410	-0.072822	0.040364	-69.457227	-64.638843	43.699220
61661	8.799169	-3.852923	1.504185	0.000469	-0.037694	0.027298	-69.512315	-64.630801	43.760598
61662	8.825072	-4.006411	1.442539	-0.003081	-0.055713	0.026721	-69.588953	-64.627916	43.843516
61663	8.903259	-3.962212	1.343342	0.022149	-0.044021	0.013301	-69.632834	-64.628600	43.906242
61664	8.915024	-3.940166	1.318845	0.018034	-0.003760	0.007281	-69.630342	-64.625747	43.914973
61665	8.862485	-3.886352	1.372363	0.037300	0.014692	0.006349	-69.596154	-64.618455	43.900895
61666	8.819198	-3.868270	1.474401	0.028782	0.029155	0.006607	-69.549978	-64.609386	43.868090
61667	8.771257	-3.953462	1.472964	0.034977	0.018735	0.002874	-69.511114	-64.603152	43.847356
61668	8.775735	-3.844171	1.481426	0.026777	0.008705	-0.001085	-69.485992	-64.602296	43.836583
61669	8.846900	-3.963939	1.427953	0.027861	0.012978	-0.004495	-69.454602	-64.601168	43.819609
61670	8.828015	-3.897817	1.458339	0.025542	0.017166	-0.013279	-69.415459	-64.605145	43.792532
61671	8.785550	-3.875445	1.510269	0.021520	0.005856	-0.010112	-69.393368	-64.608463	43.781826
61672	8.840389	-3.874177	1.462514	0.017029	0.001304	-0.004996	-69.380532	-64.611188	43.778471
61673	8.785960	-3.875269	1.535946	0.005190	-0.005704	-0.003610	-69.383608	-64.613357	43.785268
61674	8.840769	-3.873470	1.462088	0.004339	-0.013427	0.001483	-69.397445	-64.615578	43.803389
61675	8.840897	-3.875037	1.484913	-0.000457	-0.023422	0.004678	-69.427296	-64.616879	43.836241
61676	8.883704	-3.895249	1.408813	-0.002474	-0.014035	0.006667	-69.447927	-64.616435	43.857561
61677	8.826772	-3.950466	1.453548	-0.010524	-0.006234	0.001432	-69.462737	-64.616021	43.867378
61678	8.817453	-3.918587	1.478699	-0.006883	-0.009213	-0.005675	-69.475214	-64.621226	43.876878
61679	8.841586	-3.874159	1.455310	-0.009280	-0.014114	-0.007619	-69.494397	-64.627253	43.892322
61680	8.839853	-3.927948	1.450450	-0.013766	-0.018426	-0.011353	-69.518857	-64.637350	43.910717
61681	8.819263	-3.915258	1.448808	-0.016397	-0.019924	-0.013210	-69.546355	-64.647546	43.930847
61682	8.798900	-3.904967	1.495353	-0.019875	-0.028904	-0.018830	-69.583074	-64.663746	43.958930
61683	8.876048	-3.914930	1.442108	-0.027767	-0.033448	-0.022631	-69.628506	-64.681695	43.991689
61684	8.844270	-3.922765	1.437495	-0.029084	-0.034173	-0.024452	-69.674212	-64.701946	44.023868
61685	8.826659	-3.854626	1.437329	-0.031646	-0.026729	-0.027834	-69.712144	-64.721341	44.045864
61686	8.892155	-3.885300	1.382734	-0.023589	-0.034430	-0.026160	-69.754389	-64.742542	44.077687
61687	8.916815	-3.838242	1.333798	-0.023076	-0.002457	-0.018155	-69.763900	-64.751923	44.073678
61688	8.827709	-3.903939	1.427764	-0.015361	0.014635	-0.022863	-69.746927	-64.761619	44.045236
61689	8.807134	-3.891734	1.453078	-0.016742	0.004967	-0.023165	-69.742233	-64.772233	44.029532
61690	8.807949	-3.887084	1.403972	-0.016506	0.001615	-0.025033	-69.739829	-64.785675	44.016475
61691	8.820734	-3.868024	1.477980	-0.017518	0.006280	-0.023145	-69.734070	-64.796022	43.999104
61692	8.757690	-3.833555	1.527881	-0.018961	-0.012180	-0.027251	-69.747884	-64.813393	44.002418
61693	8.811057	-3.884248	1.449322	-0.025527	-0.016258	-0.020387	-69.773616	-64.826734	44.014781
61694	8.760125	-3.833282	1.570959	-0.037716	-0.037619	-0.021215	-69.829879	-64.845890	44.053121
61695	8.825657	-3.861546	1.465480	-0.033177	-0.063286	-0.021915	-69.913308	-64.869319	44.124380
61696	8.839014	-3.837654	1.435227	-0.048344	-0.061764	-0.016806	-70.005407	-64.890798	44.195560
61697	8.826240	-3.906837	1.326377	-0.033410	-0.060036	-0.016538	-70.087744	-64.910612	44.265444
61698	8.830031	-3.854099	1.372188	-0.032046	-0.050263	-0.019777	-70.156277	-64.931365	44.320891
61699	8.888164	-3.802134	1.393822	-0.031498	-0.048331	-0.014399	-70.225141	-64.947686	44.377087
61700	8.884725	-3.907472	1.333512	-0.034301	-0.037694	-0.010570	-70.284453	-64.960987	44.420915
61701	8.874194	-3.929510	1.351715	-0.036708	-0.042435	-0.017860	-70.348210	-64.977997	44.468163
61702	8.920195	-3.894046	1.299832	-0.030406	-0.034885	-0.026403	-70.395630	-64.999264	44.501320
61703	8.789457	-3.932923	1.344455	-0.031799	0.003848	-0.042925	-70.392783	-65.020885	44.478167
61704	8.761228	-3.891361	1.467969	-0.029821	-0.004986	-0.062709	-70.390288	-65.055993	44.456622
61705	8.727226	-3.701434	1.501097	-0.033884	-0.034265	-0.054864	-70.427915	-65.091383	44.476797
61706	8.779422	-3.802823	1.391354	-0.043066	-0.049144	-0.037757	-70.494725	-65.121490	44.523301
61707	8.801033	-3.868296	1.404772	-0.046763	-0.064154	-0.025903	-70.586697	-65.146929	44.595236
61708	8.825400	-3.581540	1.536209	-0.051786	-0.089059	-0.007312	-70.717910	-65.168089	44.707185
61709	9.214792	-4.379636	0.618077	-0.018299	-0.060865	-0.043175	-70.782981	-65.202152	44.767432
61710	8.540447	-3.526018	1.923062	-0.095294	0.047919	-0.044095	-70.763985	-65.217268	44.686420
61711	8.627781	-3.739147	1.462840	0.011888	-0.136238	-0.015240	-70.911831	-65.250350	44.856842
61712	9.180511	-3.766275	1.053618	-0.037487	-0.086691	0.014184	-71.041490	-65.259158	44.976014
61713	8.797023	-3.943756	1.431335	-0.054418	-0.022556	0.025092	-71.110357	-65.248980	45.017609
61714	8.828990	-3.927733	1.303460	0.002973	-0.097794	0.003623	-71.225737	-65.265402	45.146581
61715	8.930940	-3.840803	1.250790	-0.045162	-0.067218	-0.011906	-71.327102	-65.283448	45.229790
61716	8.929208	-3.951906	1.284481	-0.034269	-0.076398	-0.021000	-71.429114	-65.309127	45.320519
61717	9.122050	-3.804418	1.282642	-0.029103	-0.091068	-0.021503	-71.546002	-65.336605	45.430903
61718	8.783827	-3.809996	1.231504	-0.034038	-0.032058	-0.015824	-71.597786	-65.351310	45.466476
61719	8.929630	-3.990273	1.090244	-0.003647	-0.055935	-0.034122	-71.653802	-65.379209	45.525898
61720	8.995607	-3.779385	1.221442	-0.024742	-0.020358	-0.038365	-71.677620	-65.404041	45.536557
61721	8.843246	-3.864394	1.313107	-0.021927	-0.021965	-0.045506	-71.699465	-65.432000	45.546852
61722	8.987058	-3.790230	1.165304	-0.013862	-0.038532	-0.044277	-71.736442	-65.463311	45.578825
61723	8.827900	-3.793134	1.336380	-0.038235	0.005200	-0.034008	-71.739845	-65.480144	45.558571
61724	8.903162	-3.856865	1.303228	-0.014288	-0.050044	-0.028758	-71.797031	-65.505062	45.612476
61725	8.959915	-3.797153	1.227611	-0.023928	-0.048881	-0.023504	-71.861012	-65.525858	45.667803
61726	8.872882	-3.861271	1.267755	-0.015056	-0.066814	-0.020562	-71.942149	-65.549244	45.747519
61727	9.069125	-3.787911	1.067162	0.017565	-0.071188	-0.002614	-72.017452	-65.562561	45.841380
61728	9.002086	-3.863446	1.084581	0.005468	-0.009171	-0.000304	-72.025774	-65.564644	45.854015
61729	8.931533	-3.747767	1.191907	0.023072	0.003000	0.002140	-72.010884	-65.562239	45.852257
61730	8.865148	-3.828527	1.287252	0.004545	0.022152	0.002696	-71.983343	-65.557143	45.824918
61731	8.916858	-3.881422	1.234578	0.023792	-0.016092	0.001398	-71.990637	-65.558536	45.847980
61732	8.899049	-3.760739	1.243392	0.012323	0.009170	-0.001289	-71.972653	-65.557908	45.836035
61733	8.863669	-3.884156	1.310241	0.014152	0.003090	0.000269	-71.962034	-65.556526	45.833351
61734	8.898312	-3.817787	1.289433	0.016384	-0.018445	-0.005881	-71.973036	-65.563296	45.855801
61735	8.951548	-3.811996	1.190124	0.013722	-0.010877	-0.012724	-71.974325	-65.571472	45.865930
61736	8.909511	-3.789258	1.217520	0.005439	0.017916	-0.011689	-71.945725	-65.574956	45.837994
61737	8.782010	-3.782890	1.368338	-0.000619	0.007214	-0.012168	-71.933746	-65.579630	45.824522
61738	8.814642	-3.768992	1.318810	0.009035	-0.029984	-0.004628	-71.963314	-65.587770	45.862732
61739	8.879587	-3.803325	1.312666	-0.002476	-0.031575	-0.003033	-72.002506	-65.594349	45.904294
61740	8.887324	-3.825927	1.160868	0.004470	-0.043071	-0.012304	-72.047474	-65.608965	45.956537
61741	8.986951	-3.793448	1.134006	0.002426	-0.015750	-0.014814	-72.060297	-65.619157	45.972222
61742	8.836801	-3.829662	1.280591	-0.006989	0.000086	-0.017842	-72.057824	-65.629162	45.965164
61743	8.903424	-3.806499	1.254929	0.006767	-0.028863	-0.022401	-72.081016	-65.645811	45.994957
61744	8.924114	-3.809360	1.154396	-0.005293	-0.014531	-0.027291	-72.091505	-65.663545	46.003194
61745	8.925777	-3.808605	1.177614	0.009657	-0.012800	-0.025305	-72.092600	-65.678951	46.010543
61746	9.045409	-3.781717	1.078940	0.006847	0.006761	-0.022787	-72.072207	-65.690477	45.992523
61747	8.780469	-3.734798	1.358718	-0.022958	0.047805	-0.026796	-72.018271	-65.696010	45.918974
61748	8.790611	-3.764274	1.332391	0.006291	-0.031067	-0.018944	-72.045334	-65.712121	45.952675
61749	8.942271	-3.724933	1.182939	-0.014315	-0.011526	-0.014819	-72.062707	-65.721607	45.962812
61750	8.781047	-3.785182	1.351740	-0.012403	-0.017840	-0.006158	-72.089550	-65.728405	45.984515
61751	8.975276	-3.769977	1.198820	0.004872	-0.046819	-0.001808	-72.143708	-65.737011	46.047062
61752	8.953570	-3.756965	1.172992	-0.018572	-0.007663	0.003082	-72.165401	-65.736970	46.059238
61753	8.931415	-3.803674	1.217935	0.000565	-0.015928	0.006486	-72.187907	-65.735622	46.084353
61754	8.963756	-3.792972	1.192324	-0.005385	-0.009033	0.012041	-72.207182	-65.730930	46.102165
61755	8.929837	-3.802244	1.167341	-0.001744	-0.003169	0.008750	-72.216443	-65.726116	46.111301
61756	8.928336	-3.859238	1.187686	-0.008006	-0.001645	0.010532	-72.227686	-65.720952	46.118655
61757	8.896667	-3.815521	1.190939	0.003207	-0.005475	0.006924	-72.236196	-65.717544	46.130074
61758	8.918390	-3.829400	1.213923	0.008491	-0.002468	0.010649	-72.239021	-65.712458	46.138564
61759	8.960461	-3.851671	1.187126	0.012149	-0.005615	0.010556	-72.243979	-65.707098	46.151707
61760	8.980709	-3.860272	1.137442	0.016496	-0.000825	0.000115	-72.236150	-65.707473	46.153540
61761	8.886312	-3.786058	1.219062	0.016853	0.013380	0.006017	-72.213712	-65.701276	46.139578
61762	8.930001	-3.753589	1.197558	0.025538	0.007690	0.011202	-72.194713	-65.694112	46.134839
61763	8.908875	-3.746053	1.250175	0.004654	0.039705	0.010498	-72.149241	-65.680859	46.087928
61764	8.767982	-3.760341	1.351991	-0.001906	-0.000058	0.017761	-72.157881	-65.671477	46.096265
61765	8.981983	-3.757349	1.175579	0.007238	-0.021381	0.020560	-72.188527	-65.663457	46.134515
61766	8.860400	-3.836574	1.245774	-0.024124	0.013341	0.018085	-72.193846	-65.651548	46.125236
61767	8.892375	-3.826761	1.220350	0.001420	-0.026480	0.016745	-72.232456	-65.646501	46.168572
61768	8.968702	-3.783768	1.171184	-0.012686	-0.002786	0.013997	-72.249064	-65.639644	46.178877
61769	8.933346	-3.849459	1.167021	-0.007188	-0.003064	0.014035	-72.263315	-65.631984	46.190061
61770	8.956021	-3.807997	1.169088	-0.004796	0.001838	0.016027	-72.270601	-65.623211	46.195096
61771	8.901896	-3.810866	1.219483	-0.002712	0.010317	0.012827	-72.265709	-65.613884	46.188076
61772	8.976318	-3.763151	1.099732	0.016241	0.005195	0.023460	-72.259760	-65.600468	46.191814
61773	8.934719	-3.691440	1.157796	0.013953	0.056510	0.039677	-72.200176	-65.568425	46.135209
61774	8.889530	-3.674580	1.190968	0.033965	0.067150	0.072246	-72.128639	-65.517531	46.078052
61775	8.884000	-3.738021	1.219630	0.031710	0.082381	0.102977	-72.052824	-65.446385	46.014740
61776	8.781477	-3.782829	1.325302	0.032818	0.077379	0.111620	-71.985584	-65.372164	45.961525
61777	8.948136	-3.766585	1.160169	0.058625	0.054359	0.139350	-71.942362	-65.286126	45.950973
61778	9.039940	-4.051248	1.100791	0.038653	0.103141	0.132021	-71.849952	-65.196160	45.873650
61779	8.880107	-3.841804	1.202965	0.077217	0.116477	0.100910	-71.708884	-65.119912	45.766989
61780	9.078544	-3.871284	1.066581	0.085652	0.143843	0.119627	-71.538561	-65.029180	45.633340
61781	8.845546	-3.910413	1.355446	0.066402	0.203524	0.116050	-71.310159	-64.928564	45.423293
61782	8.795783	-3.896052	1.376591	0.098269	0.158439	0.118278	-71.117633	-64.835471	45.272897
61783	8.974450	-3.859626	1.224743	0.110163	0.165024	0.130900	-70.917512	-64.733359	45.121488
61784	8.912880	-3.872470	1.319198	0.098279	0.209076	0.140834	-70.678760	-64.618058	44.919703
61785	8.913853	-3.917322	1.339537	0.111844	0.200735	0.152939	-70.449063	-64.496742	44.736315
61786	8.938054	-3.919153	1.338226	0.126797	0.202054	0.165354	-70.215721	-64.368868	44.558232
61787	8.852831	-3.921829	1.436509	0.109376	0.237837	0.165852	-69.955156	-64.232716	44.338618
61788	8.833439	-3.906211	1.535876	0.113547	0.215214	0.177397	-69.723895	-64.095109	44.154011
61789	8.926845	-4.028619	1.431058	0.109452	0.203737	0.187363	-69.514372	-63.953450	43.990707
61790	9.027212	-4.003247	1.603827	0.097918	0.223435	0.190916	-69.292850	-63.806327	43.806526
61791	9.585557	-4.036904	1.065884	0.122213	0.132978	0.282435	-69.195717	-63.627646	43.776292
61792	9.261143	-3.689172	1.572284	0.064586	0.330860	0.350632	-68.947993	-63.372597	43.540889
61793	8.872187	-3.830872	1.786865	0.035732	0.265029	0.427179	-68.822540	-63.089279	43.423289
61794	9.169716	-3.709702	1.601093	0.073280	0.160666	0.560474	-68.839946	-62.756888	43.490047
61795	9.195399	-3.962359	1.540344	-0.022725	0.284931	0.663186	-68.824995	-62.343352	43.458513
61796	8.442964	-4.042102	1.965451	-0.030418	0.306311	0.696921	-68.806299	-61.907919	43.417702
61797	8.555048	-4.097525	1.865514	-0.040388	0.167629	0.704850	-68.934324	-61.496382	43.536813
61798	8.902387	-4.333882	1.781951	-0.089135	0.194280	0.730436	-69.069869	-61.066086	43.633191
61799	8.577054	-4.719726	1.969107	-0.132692	0.284193	0.699550	-69.130332	-60.633357	43.615371
61800	9.251877	-4.398193	1.977315	-0.086523	0.169976	0.720007	-69.277982	-60.213430	43.728196
61801	10.590500	-4.777128	1.756021	-0.113396	0.267158	0.894302	-69.408546	-59.679782	43.803991
61802	9.435249	-5.212253	1.503629	-0.205749	0.412368	1.069203	-69.516147	-59.023529	43.792091
61803	9.392818	-4.721600	2.392183	-0.115756	0.252141	1.117998	-69.727334	-58.372613	43.961616
61804	9.704356	-4.649869	1.727649	-0.171148	0.273067	1.246797	-69.984488	-57.648372	44.149244
61805	8.797806	-4.937166	1.872007	-0.241416	0.430043	1.326057	-70.165855	-56.850046	44.200420
61806	8.832969	-5.155948	2.039525	-0.195930	0.281459	1.380398	-70.451402	-56.051351	44.408396
61807	8.931797	-5.012969	1.982645	-0.203170	0.282233	1.456679	-70.750704	-55.210374	44.629966
61808	8.596472	-5.153132	2.152670	-0.233104	0.292746	1.512696	-71.061654	-54.336778	44.847174
61809	8.679275	-5.199749	2.106722	-0.233310	0.244924	1.568614	-71.409990	-53.440675	45.112888
61810	8.591427	-5.226441	2.195232	-0.278412	0.236869	1.632561	-71.790562	-52.510563	45.389812
61811	8.521497	-5.459388	2.196432	-0.286441	0.232982	1.689336	-72.176018	-51.548903	45.670608
61812	8.278103	-5.478980	2.173471	-0.302103	0.234107	1.750254	-72.566993	-50.552843	45.950815
61813	7.974707	-5.917135	2.186030	-0.332239	0.174141	1.802109	-73.008606	-49.537178	46.278646
61814	9.806065	-6.856803	3.331236	-0.405058	0.056283	1.772174	-73.542088	-48.555753	46.677765
61815	10.046064	-6.690693	1.853483	-0.256020	0.180535	1.786020	-73.897632	-47.544678	46.958729
61816	8.018520	-6.196310	1.937974	-0.510724	0.428869	1.894095	-74.256388	-46.433952	47.049218
61817	6.923506	-6.753484	1.716915	-0.399304	0.278413	1.901496	-74.628210	-45.341937	47.248577
61818	6.765004	-7.012841	1.493035	-0.456078	0.133520	1.965813	-75.108332	-44.234968	47.559210
61819	6.011909	-6.968732	1.293140	-0.447318	-0.113878	1.992219	-75.699924	-43.147086	48.044702
61820	6.653474	-6.958606	1.070325	-0.376000	-0.283920	2.011072	-76.317044	-42.068606	48.638090
61821	6.743995	-7.105662	1.366758	-0.398569	-0.274229	2.073463	-76.924231	-40.949464	49.209715
61822	6.063568	-7.649188	1.131593	-0.367422	-0.387007	2.149898	-77.550244	-39.797336	49.851168
61823	5.676924	-9.022573	0.941645	-0.431546	-0.473475	2.354910	-78.244333	-38.535181	50.558591
61824	3.152468	-12.636774	0.660642	-0.489035	-0.320070	2.832287	-78.912880	-36.981094	51.192794
61825	0.428500	-14.142954	1.392458	-0.115810	-0.801784	2.892685	-79.536997	-35.438667	52.136671
61826	0.015391	-13.627982	1.072191	0.175741	-1.607845	3.079632	-80.277148	-33.863066	53.615442
61827	1.382449	-15.611522	1.292465	0.240464	-1.970995	3.100658	-81.053481	-32.292103	55.289845
61828	3.348336	-15.274599	2.031664	0.567448	-2.489286	2.719114	-81.740669	-30.965146	57.220122
61829	4.943291	-15.173430	2.464973	0.645555	-2.619673	2.305860	-82.351252	-29.862582	59.156517
61830	5.971925	-14.677020	3.711781	0.834928	-2.542864	1.899127	-82.767132	-28.972459	60.977194
61831	7.866363	-14.979879	4.183170	1.025911	-2.161996	1.643764	-82.913025	-28.190331	62.511081
61832	8.799516	-15.025756	4.619241	1.309411	-1.305241	1.610008	-82.614935	-27.369629	63.481310
61833	7.944159	-14.553277	4.494658	1.594455	-0.415232	1.713696	-81.887839	-26.426820	63.894515
61834	6.804115	-13.651476	3.573311	1.792573	0.285962	1.920063	-80.862297	-25.314835	63.898199
61835	5.645200	-12.919581	2.939432	1.834787	0.722814	2.149783	-79.718389	-24.028973	63.677960
61836	5.401122	-12.534559	2.228961	1.786215	0.853397	2.315030	-78.595487	-22.634531	63.427063
61837	5.684142	-11.899145	1.765040	1.675218	0.867751	2.411770	-77.554271	-21.177846	63.210892
61838	5.940276	-11.521171	1.474710	1.473154	0.820831	2.420361	-76.654693	-19.721379	63.052257
61839	6.117072	-10.982122	1.482401	1.259178	0.723230	2.328310	-75.903082	-18.325348	62.961562
61840	6.555401	-10.654416	1.534294	0.996312	0.643055	2.214490	-75.319016	-17.005062	62.918238
61841	6.876279	-10.574881	1.896897	0.769567	0.685335	2.088791	-74.856777	-15.746039	62.844167
61842	7.274342	-10.295723	2.228080	0.589426	0.780735	1.948297	-74.482184	-14.551483	62.703292
61843	7.639597	-9.847260	2.442887	0.451734	0.993874	1.797328	-74.155948	-13.405055	62.425532
61844	7.724953	-9.337256	2.532956	0.332487	1.243995	1.637674	-73.868064	-12.306992	61.988127
61845	7.440512	-8.985275	2.489891	0.209736	1.502243	1.478144	-73.624816	-11.252535	61.386531
61846	6.791145	-8.619633	2.353890	0.090826	1.671860	1.302368	-73.438419	-10.265667	60.667113
61847	6.398248	-8.325750	2.269000	-0.026123	1.727781	1.130303	-73.321176	-9.362039	59.892738
61848	5.973554	-8.259221	2.237273	-0.137186	1.758685	0.957440	-73.272538	-8.547274	59.075605
61849	5.858270	-8.266393	2.320550	-0.217106	1.734888	0.784921	-73.278408	-7.831120	58.244846
61850	5.537787	-8.279539	2.373982	-0.270235	1.754519	0.624561	-73.319772	-7.199755	57.377666
61851	5.079694	-8.148342	2.357797	-0.301463	1.747731	0.494001	-73.385720	-6.642787	56.493117
61852	4.273198	-8.218154	2.343950	-0.317936	1.726047	0.417001	-73.469389	-6.131989	55.608194
61853	3.620740	-8.365232	2.355691	-0.313937	1.555090	0.345842	-73.566433	-5.690666	54.805935
61854	3.294443	-8.512646	2.397206	-0.274589	1.288692	0.223898	-73.658721	-5.359561	54.130914
61855	3.663139	-8.289533	2.420153	-0.197546	1.037550	0.090748	-73.720590	-5.144462	53.572772
61856	4.187892	-8.292382	2.551638	-0.103407	0.922632	-0.019398	-73.734466	-5.007291	53.060487
61857	4.464083	-8.146752	2.708743	0.037357	0.872388	-0.142958	-73.669025	-4.947722	52.555954
61858	4.800259	-7.937813	2.636184	0.191949	0.845162	-0.339326	-73.513827	-4.997719	52.034843
61859	4.942091	-7.544392	2.366089	0.338538	0.856270	-0.602374	-73.268829	-5.190726	51.463862
61860	4.686152	-7.118691	2.181993	0.452688	0.839877	-0.914971	-72.951814	-5.552839	50.848685
61861	4.245846	-6.785698	1.827694	0.530451	0.723977	-1.232679	-72.585687	-6.107475	50.240136
61862	3.625284	-6.468772	1.666609	0.568674	0.612434	-1.473626	-72.193075	-6.806366	49.646759
61863	3.114787	-6.334507	1.662624	0.580046	0.505398	-1.584075	-71.790143	-7.583263	49.086322
61864	2.616200	-6.115459	1.463383	0.583027	0.415529	-1.600925	-71.383784	-8.378665	48.565945
61865	2.245704	-5.649745	1.287985	0.581255	0.326260	-1.575123	-70.978076	-9.176071	48.092247
61866	2.391649	-5.090422	1.058534	0.538865	0.251878	-1.536885	-70.597503	-9.960412	47.660476
61867	2.724633	-4.562825	0.752562	0.483503	0.184254	-1.540971	-70.247832	-10.760518	47.258490
61868	2.891793	-3.960429	0.385261	0.373137	0.066584	-1.642181	-69.963563	-11.632592	46.895816
61869	3.031132	-3.293710	-0.083279	0.228227	-0.145802	-1.850684	-69.770821	-12.660726	46.602558
61870	3.045273	-2.474822	-0.486252	0.044741	-0.477550	-2.127180	-69.706165	-13.899155	46.432908
61871	3.407163	-2.135901	-0.674895	-0.225248	-0.750682	-2.338058	-69.819474	-15.308896	46.370908
61872	3.575063	-2.353310	-0.547686	-0.462272	-0.797892	-2.390239	-70.072838	-16.752435	46.329400
61873	3.284319	-2.850656	-0.281469	-0.621326	-0.705404	-2.312876	-70.407584	-18.140567	46.258304
61874	2.958977	-3.008891	-0.257099	-0.730208	-0.548855	-2.175564	-70.786069	-19.421048	46.134494
61875	2.655658	-3.100866	-0.205864	-0.828435	-0.480045	-2.039322	-71.217040	-20.619936	46.006263
61876	3.046558	-2.985308	-0.265832	-0.929716	-0.550551	-2.011101	-71.723759	-21.813018	45.934589
61877	3.640809	-3.051253	-0.202651	-1.020553	-0.611777	-2.052971	-72.296457	-23.044743	45.902092
61878	4.108864	-3.138318	-0.083549	-1.047992	-0.659794	-2.146509	-72.893878	-24.331658	45.894595
61879	4.391330	-3.251899	0.129606	-1.046832	-0.675048	-2.244823	-73.493370	-25.679688	45.892684
61880	4.506541	-3.512916	0.364925	-0.993861	-0.726002	-2.375497	-74.072516	-27.103042	45.914559
61881	4.633023	-3.886331	0.535536	-0.897617	-0.770444	-2.510930	-74.606800	-28.612654	45.956003
61882	4.620407	-4.305253	0.812397	-0.750962	-0.786813	-2.604726	-75.062389	-30.171291	46.007634
61883	4.514756	-4.736540	1.164091	-0.558371	-0.788142	-2.660153	-75.411970	-31.765604	46.063923
61884	4.728807	-5.324545	1.415518	-0.292905	-0.812308	-2.701644	-75.620506	-33.381018	46.139607
61885	4.882194	-5.423021	1.474182	0.008431	-0.799376	-2.734387	-75.653814	-35.017859	46.206204
61886	5.046821	-5.313957	1.240920	0.272372	-0.821619	-2.780063	-75.541095	-36.678026	46.280299
61887	5.586752	-4.935423	0.948589	0.449084	-0.887031	-2.855201	-75.346618	-38.394735	46.382242
61888	6.094910	-4.631325	0.488207	0.485098	-0.930862	-2.932376	-75.140665	-40.155574	46.496056
61889	6.428544	-4.454251	0.130159	0.409069	-0.930797	-2.963215	-74.974705	-41.939197	46.599021
61890	6.511307	-4.526139	-0.191761	0.252623	-0.932000	-2.963448	-74.899135	-43.717844	46.700850
61891	6.640606	-5.047725	-0.039770	0.063037	-0.950700	-2.923622	-74.953342	-45.482885	46.828120
61892	7.140289	-5.724201	0.192380	-0.083222	-0.980397	-2.888498	-75.122287	-47.227072	46.995738
61893	7.624106	-6.374730	0.547985	-0.223851	-0.987245	-2.858507	-75.397381	-48.960892	47.191539
61894	8.089391	-7.004796	0.857033	-0.314283	-0.948753	-2.833525	-75.721713	-50.668929	47.380396
61895	8.122905	-7.305069	1.060494	-0.416978	-0.861427	-2.779956	-76.076592	-52.339947	47.527036
61896	7.828614	-7.452307	1.091886	-0.500739	-0.781261	-2.705787	-76.452904	-53.952472	47.638799
61897	7.422284	-7.664789	1.166666	-0.585053	-0.724613	-2.595533	-76.876674	-55.501079	47.745771
61898	7.182178	-7.961945	1.363288	-0.623707	-0.735922	-2.450701	-77.381455	-56.964142	47.923131
61899	7.551510	-8.503313	1.883231	-0.598504	-0.760901	-2.313822	-77.952559	-58.357899	48.191750
61900	8.255127	-8.962554	2.190083	-0.453577	-0.736882	-2.210078	-78.470441	-59.683995	48.492699
61901	8.165918	-9.046986	2.604809	-0.332786	-0.652322	-2.101262	-78.892512	-60.942943	48.757729
61902	8.283363	-9.585033	2.920951	-0.161289	-0.666327	-2.013728	-79.274008	-62.148411	49.086566
61903	8.834392	-9.522557	2.882516	0.003585	-0.689851	-1.947596	-79.632782	-63.322330	49.491334
61904	9.031656	-9.484569	2.761660	0.108601	-0.596278	-1.864418	-79.869162	-64.434566	49.823945
61905	8.697217	-9.308736	2.572855	0.166262	-0.542690	-1.784531	-80.051071	-65.499531	50.128870
61906	8.153032	-9.285840	2.511538	0.197805	-0.508711	-1.668285	-80.215441	-66.491452	50.432910
61907	7.953100	-9.110648	2.344627	0.251302	-0.482048	-1.497034	-80.374622	-67.386808	50.761580
61908	7.975842	-8.657074	2.064315	0.288571	-0.409698	-1.321732	-80.468170	-68.172861	51.041283
61909	8.140511	-8.022593	1.728460	0.287008	-0.354611	-1.198510	-80.528430	-68.886379	51.282049
61910	8.058664	-7.504550	1.344792	0.224290	-0.282173	-1.090660	-80.550208	-69.529607	51.442854
61911	7.635389	-7.060740	1.197673	0.139062	-0.263116	-0.971498	-80.631162	-70.105573	51.613388
61912	7.356737	-6.857434	1.178043	0.044711	-0.289321	-0.842154	-80.847232	-70.608731	51.870057
61913	7.481436	-6.762137	1.327455	-0.011610	-0.337576	-0.748380	-81.215086	-71.064134	52.251906
61914	7.767934	-6.565864	1.568452	-0.031165	-0.335592	-0.688069	-81.621177	-71.482896	52.661890
61915	7.507279	-6.371076	1.762524	-0.028009	-0.259402	-0.637205	-81.927508	-71.866726	52.967217
61916	6.738448	-6.068028	1.854715	0.023768	-0.200863	-0.541895	-82.133524	-72.190410	53.198165
61917	6.413562	-5.667421	1.825413	0.105166	-0.200650	-0.455415	-82.323725	-72.465270	53.460663
61918	6.413307	-5.106667	1.613536	0.182585	-0.208208	-0.391521	-82.502680	-72.703623	53.757906
61919	6.099152	-4.548567	1.312085	0.243408	-0.193763	-0.345651	-82.639690	-72.914743	54.047036
61920	12.771529	-9.646551	5.659950	0.151656	-0.139747	-0.219957	-82.761006	-73.050160	54.264829
61921	17.688376	-25.105920	3.168417	1.223315	3.756907	1.911715	-76.055071	-71.575599	47.962967
61922	5.747723	-3.115306	8.012578	2.657775	1.859061	0.058316	-71.519326	-71.246290	44.784368
61923	13.182264	0.250506	-5.090242	1.723845	-0.090327	-0.420270	-70.445698	-71.489601	44.693767
61924	12.015970	1.549764	4.698837	-1.115014	1.386244	0.319744	-69.074670	-71.043175	42.571526
61925	5.335194	-5.276387	2.235302	-0.917608	0.422390	0.913139	-69.483942	-70.467577	42.448165
61926	6.400883	-4.270126	3.846837	-0.047875	-0.417296	0.200002	-70.255543	-70.442576	43.237886
61927	9.467607	-0.889217	0.811277	0.353115	-0.386018	0.442669	-70.875285	-70.275983	44.110854
61928	9.162067	-2.125529	-0.584676	0.042290	0.410304	0.811807	-70.662653	-69.759677	43.910437
61929	8.806675	-2.183143	-0.535405	0.155188	0.352563	0.883341	-70.515315	-69.214403	43.848140
61930	9.218207	-1.581773	-0.010953	-0.099672	0.649283	1.059306	-70.194572	-68.518026	43.443101
61931	12.825558	-5.647432	2.564673	-0.088854	0.859459	1.245002	-69.704601	-67.678494	42.860159
61932	11.364999	-5.060598	1.087031	0.184388	1.017170	1.164200	-68.861799	-66.848714	42.060972
61933	9.414760	-6.233370	2.611558	-0.012434	0.939473	0.769138	-68.088897	-66.240608	41.210678
61934	6.998220	-3.192743	2.706957	0.343452	0.332640	0.438372	-67.707527	-65.936502	41.008815
61935	9.546080	-3.973911	2.142913	-0.059180	0.079316	0.602414	-67.938582	-65.598905	41.225045
61936	8.537953	-4.914641	1.445364	0.079701	0.228857	0.440527	-67.835477	-65.316024	41.161953
61937	8.700584	-3.776649	1.619415	0.146004	0.058141	0.274716	-67.814886	-65.156807	41.231442
61938	8.635771	-3.646136	1.811139	0.018452	0.122113	0.283314	-67.797373	-64.980395	41.223840
61939	8.832341	-3.788320	1.520749	0.080865	0.007735	0.301157	-67.882292	-64.818033	41.368830
61940	9.393647	-3.869464	1.069462	0.092696	0.067593	0.318839	-67.899318	-64.634524	41.446444
61941	8.945953	-3.937127	1.417637	0.077438	0.221622	0.327489	-67.757884	-64.411988	41.338953
61942	8.766363	-4.164222	1.592870	0.104248	0.156683	0.297806	-67.660505	-64.220374	41.297230
61943	8.600037	-3.812243	1.851305	0.086268	0.168540	0.251165	-67.541166	-64.049674	41.219554
61944	8.447148	-4.082441	1.798035	0.074452	0.109571	0.206664	-67.472962	-63.916573	41.191182
61945	8.499637	-3.937970	1.843634	0.038385	0.064684	0.163663	-67.455523	-63.814891	41.196285
61946	8.425532	-3.970634	1.894475	0.018997	0.027990	0.112630	-67.465269	-63.749458	41.219334
61947	8.566167	-4.066331	1.625122	0.017115	-0.014314	0.058552	-67.497859	-63.720729	41.266657
61948	8.501208	-3.888530	1.926684	-0.025377	-0.015339	0.023600	-67.539786	-63.711913	41.297256
61949	8.555849	-3.990051	1.720686	-0.028461	-0.091007	0.007629	-67.658061	-63.726853	41.411035
61950	8.691145	-3.952344	1.692498	-0.040665	-0.099509	-0.008884	-67.784864	-63.753495	41.526503
61951	8.602337	-4.014201	1.700033	-0.066436	-0.100086	-0.022100	-67.921982	-63.785950	41.636992
61952	8.713138	-4.069495	1.636849	-0.056871	-0.148844	-0.040728	-68.098080	-63.839836	41.796974
61953	8.833811	-3.957430	1.533189	-0.047005	-0.153735	-0.038868	-68.275749	-63.892343	41.964947
61954	8.859042	-3.965577	1.494357	-0.049098	-0.123376	-0.029377	-68.425882	-63.934381	42.100840
61955	8.849224	-3.986986	1.505095	-0.038578	-0.108731	-0.016361	-68.560461	-63.965058	42.226102
61956	8.870297	-4.051217	1.466239	-0.021309	-0.102433	-0.006899	-68.682154	-63.990446	42.347991
61957	8.699293	-3.964251	1.607075	-0.024004	-0.070193	-0.014962	-68.767319	-64.012153	42.427506
61958	8.732661	-3.961937	1.720963	-0.037784	-0.109930	-0.020001	-68.901554	-64.045893	42.552792
61959	9.071906	-4.138960	1.163810	0.012537	-0.160639	-0.000667	-69.071640	-64.078379	42.749992
61960	9.074589	-3.845093	1.345885	0.007659	-0.034655	0.008054	-69.109308	-64.081465	42.796805
61961	8.801282	-4.036694	1.450754	0.007260	0.002063	0.014393	-69.109891	-64.072495	42.802135
61962	8.783944	-3.921575	1.531608	0.030361	-0.016221	0.012704	-69.116195	-64.069319	42.828540
61963	8.759918	-3.963391	1.503924	0.018344	-0.011009	0.017842	-69.126262	-64.061180	42.851476
61964	8.769341	-3.995642	1.476973	0.022513	-0.020545	0.003533	-69.137963	-64.063792	42.878884
61965	8.848558	-3.953018	1.431048	0.027970	-0.021047	0.008959	-69.149834	-64.062461	42.909957
61966	8.879259	-3.996679	1.405103	0.029768	0.015577	0.001194	-69.116636	-64.058953	42.892060
61967	8.738950	-3.905407	1.632408	0.018208	0.035290	0.003215	-69.069725	-64.049206	42.851537
61968	8.755866	-4.019684	1.529682	0.023540	-0.003851	-0.003042	-69.059694	-64.051933	42.855434
61969	8.813921	-3.964335	1.485823	0.010581	0.006312	-0.004860	-69.045617	-64.052436	42.846569
61970	8.767945	-3.998231	1.557765	0.007926	0.017521	-0.018762	-69.014402	-64.059192	42.816960
61971	8.833410	-4.027731	1.484407	0.011895	-0.001366	-0.019182	-69.001965	-64.068937	42.810755
61972	8.772098	-3.939664	1.563638	0.004931	0.023182	-0.031065	-68.961003	-64.081099	42.768404
61973	8.705978	-3.958399	1.611435	-0.002619	0.002925	-0.033584	-68.946031	-64.097668	42.750137
61974	8.720166	-3.931204	1.563026	-0.006872	-0.026061	-0.034491	-68.964562	-64.121785	42.766411
61975	8.743584	-3.938710	1.535473	-0.017848	-0.025349	-0.036526	-68.988219	-64.145747	42.781388
61976	8.787788	-3.961272	1.555105	-0.016513	-0.045827	-0.035299	-69.033846	-64.174345	42.821624
61977	8.780792	-3.923801	1.528220	-0.019610	-0.040614	-0.033472	-69.076783	-64.199798	42.856892
61978	8.792200	-3.954399	1.521034	-0.021128	-0.059226	-0.032277	-69.141368	-64.229486	42.915229
61979	8.816012	-3.962100	1.490208	-0.022650	-0.056479	-0.035790	-69.202860	-64.259390	42.969149
61980	8.775611	-3.935539	1.485465	-0.024205	-0.053902	-0.033999	-69.262834	-64.288864	43.020381
61981	8.799189	-3.944714	1.478724	-0.021970	-0.066687	-0.036100	-69.335445	-64.320958	43.087045
61982	8.791876	-3.910478	1.498350	-0.028256	-0.065163	-0.032686	-69.411139	-64.351947	43.153115
61983	8.825111	-3.951410	1.464510	-0.028248	-0.065105	-0.034472	-69.486599	-64.382783	43.218915
61984	8.817852	-3.917390	1.483313	-0.033389	-0.080599	-0.031539	-69.583356	-64.416167	43.305046
61985	8.872919	-3.966876	1.399374	-0.027696	-0.062899	-0.037971	-69.654925	-64.448368	43.366849
61986	8.810956	-3.931402	1.443695	-0.034642	-0.050940	-0.041323	-69.715379	-64.481011	43.411903
61987	8.794057	-3.865505	1.490249	-0.033745	-0.064784	-0.034667	-69.794240	-64.511756	43.477911
61988	8.815601	-3.925923	1.430185	-0.037920	-0.063637	-0.036516	-69.873194	-64.544272	43.541353
61989	8.775112	-3.901307	1.448653	-0.044738	-0.064153	-0.034936	-69.957869	-64.574968	43.606793
61990	8.886568	-3.900596	1.393002	-0.030359	-0.064789	-0.027570	-70.037840	-64.602815	43.676125
61991	8.843306	-3.929418	1.384684	-0.041664	-0.039573	-0.027013	-70.096430	-64.624378	43.714610
61992	8.814022	-3.885778	1.430984	-0.034921	-0.047884	-0.030694	-70.158785	-64.650548	43.761527
61993	8.849143	-3.869519	1.353008	-0.031301	-0.051419	-0.020114	-70.227924	-64.670667	43.818240
61994	8.881390	-3.912954	1.345189	-0.029293	-0.030652	-0.022928	-70.270792	-64.689270	43.847149
61995	8.797031	-3.869182	1.417796	-0.035492	-0.020135	-0.022713	-70.305744	-64.704719	43.863370
61996	8.850601	-3.922663	1.385854	-0.031689	-0.035599	-0.023164	-70.355635	-64.724386	43.898520
61997	8.801809	-3.808516	1.365841	-0.034114	-0.010655	-0.017052	-70.381332	-64.734954	43.905376
61998	8.764796	-3.930931	1.427783	-0.034724	-0.021634	-0.017448	-70.419404	-64.748834	43.925527
61999	8.815350	-3.788777	1.409729	-0.025662	-0.034253	-0.010607	-70.469931	-64.760454	43.965188
62000	8.811543	-3.895721	1.373498	-0.032480	-0.035031	-0.001925	-70.528436	-64.768498	44.009346
62001	8.821559	-3.932714	1.415349	-0.032246	-0.038558	0.001493	-70.592637	-64.774380	44.059949
62002	8.855375	-3.920125	1.362339	-0.030999	-0.046550	-0.002317	-70.663421	-64.784782	44.118612
62003	8.822965	-3.933241	1.405081	-0.036732	-0.042712	-0.005855	-70.732073	-64.795379	44.171287
62004	8.856987	-3.918364	1.327386	-0.037273	-0.044736	-0.007722	-70.802305	-64.808302	44.225356
62005	8.827069	-3.876714	1.374013	-0.043007	-0.040898	-0.011258	-70.870411	-64.821434	44.273444
62006	8.828032	-3.874736	1.343796	-0.042062	-0.054697	-0.006440	-70.955504	-64.835471	44.340890
62007	8.904687	-3.883422	1.263650	-0.042230	-0.042404	-0.006000	-71.027113	-64.845991	44.393331
62008	8.827264	-3.927378	1.305013	-0.036597	-0.024930	-0.005237	-71.075325	-64.853768	44.423480
62009	8.849020	-3.933526	1.227762	-0.023753	-0.022552	-0.008433	-71.112548	-64.861893	44.449620
62010	8.883057	-3.930267	1.324539	-0.030010	0.018559	-0.021189	-71.100465	-64.870236	44.417333
62011	8.805861	-3.968330	1.322190	-0.020116	0.014430	-0.038874	-71.080834	-64.888004	44.382971
62012	8.835535	-3.819180	1.406383	-0.028311	0.004364	-0.041208	-71.076209	-64.909829	44.360003
62013	8.780142	-3.866648	1.377259	-0.044798	0.005078	-0.036216	-71.082533	-64.927898	44.338697
62014	8.835887	-3.860945	1.301705	-0.025612	-0.024690	-0.028095	-71.115224	-64.948010	44.358639
62015	8.841251	-3.756530	1.380879	-0.023850	-0.001450	-0.005880	-71.129147	-64.950859	44.358975
62016	8.747035	-3.929597	1.391077	-0.017610	-0.012697	0.013324	-71.159792	-64.946286	44.381717
62017	8.794328	-3.845004	1.394412	-0.023312	-0.038458	-0.003765	-71.217176	-64.954833	44.430371
62018	8.909193	-3.981519	1.256067	-0.028405	-0.053576	-0.011566	-71.291674	-64.971273	44.494685
62019	8.893334	-3.859949	1.260332	-0.038224	-0.030607	-0.021517	-71.341590	-64.987975	44.525658
62020	8.838208	-3.916414	1.324941	-0.040376	-0.038959	-0.021903	-71.402036	-65.007296	44.566881
62021	8.905725	-3.892027	1.272047	-0.031287	-0.051383	-0.020449	-71.472742	-65.027190	44.625164
62022	8.875917	-3.844064	1.245956	-0.038278	-0.039634	-0.018356	-71.534320	-65.044666	44.668948
62023	8.896429	-3.911102	1.260028	-0.029120	-0.043306	-0.013005	-71.597433	-65.059008	44.720207
62024	8.932606	-3.846551	1.260267	-0.026957	-0.035162	-0.007312	-71.651715	-65.069633	44.763090
62025	8.886228	-3.929437	1.225285	-0.031157	-0.033877	-0.012673	-71.705206	-65.082067	44.802439
62026	8.856599	-3.889554	1.298312	-0.025614	-0.025147	-0.015754	-71.743805	-65.095454	44.828868
62027	8.834340	-3.933015	1.315479	-0.041400	-0.034311	-0.020009	-71.800936	-65.111938	44.865750
62028	8.901746	-3.908286	1.262670	-0.029218	-0.051700	-0.025829	-71.868987	-65.135530	44.922361
62029	8.839301	-3.873385	1.284731	-0.041470	-0.043060	-0.023945	-71.935075	-65.155684	44.969058
62030	8.808206	-3.885346	1.326490	-0.030625	-0.070393	-0.023136	-72.027210	-65.181061	45.051298
62031	8.908378	-3.844932	1.198474	-0.016554	-0.085268	-0.019972	-72.130537	-65.206435	45.154731
62032	8.963692	-3.839874	1.117303	-0.030528	-0.061934	-0.012148	-72.217143	-65.224219	45.230911
62033	8.899970	-3.870575	1.256086	-0.037515	-0.050269	-0.008233	-72.295877	-65.236958	45.293997
62034	8.876820	-3.906791	1.173378	-0.027417	-0.067181	-0.012352	-72.387046	-65.255672	45.377145
62035	8.967241	-3.839926	1.121983	-0.017977	-0.065147	-0.012102	-72.470951	-65.273027	45.458232
62036	8.925406	-3.818433	1.143814	-0.022652	-0.027791	0.003672	-72.518852	-65.276104	45.496732
62037	8.890880	-3.887202	1.184758	-0.000087	-0.027103	0.009434	-72.555518	-65.275101	45.537085
62038	8.848528	-3.868833	1.233921	-0.005766	-0.014591	0.011667	-72.581063	-65.271521	45.561624
62039	8.879139	-3.912462	1.203597	0.006189	-0.028711	0.009470	-72.616045	-65.270764	45.604082
62040	8.988990	-3.854843	1.106793	0.013003	-0.028231	0.009610	-72.646255	-65.270630	45.645598
62041	8.897816	-3.975672	1.145349	-0.005835	-0.014153	0.001035	-72.667723	-65.271994	45.665588
62042	8.931892	-3.900982	1.026717	0.023550	-0.033366	-0.013518	-72.689434	-65.285372	45.704398
62043	8.946893	-3.828144	1.081168	0.005007	0.015756	-0.008079	-72.665815	-65.286623	45.681583
62044	8.806633	-3.845051	1.231198	0.016122	0.032868	-0.005343	-72.616115	-65.284219	45.637092
62045	8.830121	-3.804010	1.261966	0.022942	0.024098	0.003255	-72.576540	-65.277843	45.608020
62046	8.827571	-3.858775	1.259711	0.016619	0.007568	0.011279	-72.562810	-65.270672	45.603440
62047	8.904425	-3.814964	1.214590	0.022372	0.003800	0.012986	-72.551284	-65.262463	45.604890
62048	8.836320	-3.895686	1.283971	0.002827	0.018755	0.015081	-72.533619	-65.251290	45.587275
62049	8.879685	-3.859934	1.213386	0.026175	-0.020684	0.015515	-72.549873	-65.245916	45.621717
62050	8.933128	-3.859104	1.163902	0.005634	0.008090	0.012879	-72.542427	-65.237779	45.617125
62051	8.834100	-3.895042	1.236250	0.012886	-0.007192	0.014104	-72.549768	-65.230870	45.633367
62052	8.933900	-3.804948	1.144583	0.019995	-0.001226	0.014489	-72.545731	-65.223454	45.641590
62053	8.886725	-3.895564	1.188461	0.005245	0.023568	0.018873	-72.522808	-65.208662	45.619677
62054	8.864919	-3.887091	1.215256	0.014723	-0.004258	0.012490	-72.524632	-65.202862	45.631032
62055	8.917808	-3.882142	1.117550	0.014221	0.002685	0.009236	-72.517702	-65.196935	45.632396
62056	8.908212	-3.853799	1.170909	0.013091	0.028505	0.012120	-72.481591	-65.185694	45.600930
62057	8.884184	-3.899203	1.195505	0.011812	0.036761	0.008905	-72.435695	-65.174079	45.557837
62058	8.895190	-3.878402	1.201012	0.019929	0.038082	0.007326	-72.382636	-65.163777	45.512008
62059	8.819214	-3.871089	1.280298	0.014760	0.043659	0.012792	-72.328467	-65.148818	45.461649
62060	8.817981	-3.870088	1.259765	0.023556	0.025747	0.013947	-72.290441	-65.137016	45.434667
62061	8.894833	-3.828735	1.241248	0.021005	0.032946	0.017753	-72.247265	-65.121193	45.400360
62062	8.846829	-3.917540	1.262613	0.014697	0.025462	0.022637	-72.217993	-65.104684	45.377427
62063	8.902471	-3.867008	1.268504	0.016180	0.014016	0.020400	-72.200901	-65.090725	45.368820
62064	8.877594	-3.909481	1.243099	0.008123	0.021589	0.022346	-72.179888	-65.075046	45.350834
62065	8.899972	-3.866520	1.223781	0.014308	0.011293	0.016700	-72.165692	-65.063590	45.344236
62066	8.941364	-3.887673	1.174525	0.011996	0.015094	0.020363	-72.149367	-65.050129	45.333866
62067	8.886320	-3.890755	1.226450	0.003725	0.035307	0.013965	-72.112099	-65.035954	45.295125
62068	8.873494	-3.913448	1.227917	0.010498	0.026679	0.019044	-72.082613	-65.021167	45.269287
62069	8.929398	-3.864821	1.258552	0.009190	0.025836	0.020754	-72.055948	-65.004952	45.245687
62070	8.807293	-3.883468	1.261419	-0.004312	0.042747	0.019429	-72.016384	-64.987105	45.199358
62071	8.797013	-3.857901	1.340824	0.005376	0.041292	0.021318	-71.974150	-64.967844	45.156159
62072	8.738613	-3.910114	1.316293	0.000363	0.034659	0.024487	-71.943385	-64.948649	45.122484
62073	8.911713	-3.888276	1.197457	0.022305	0.024332	0.029797	-71.914528	-64.927766	45.104749
62074	8.922057	-3.873617	1.252066	0.008209	0.059999	0.038070	-71.855079	-64.896642	45.044352
62075	8.884303	-3.941012	1.252367	0.019083	0.041326	0.044597	-71.814098	-64.864669	45.011176
62076	8.947764	-3.918066	1.161487	0.035175	0.056157	0.043731	-71.746091	-64.831106	44.958364
62077	8.914566	-3.882817	1.245730	0.023422	0.087824	0.053607	-71.652575	-64.785845	44.869851
62078	8.927547	-4.000227	1.148025	0.051913	0.081544	0.053901	-71.550001	-64.742091	44.789390
62079	8.931381	-3.845392	1.221041	0.059213	0.135072	0.063191	-71.386101	-64.682881	44.645636
62080	8.822508	-3.991406	1.274801	0.061241	0.155378	0.072788	-71.201809	-64.615126	44.480586
62081	8.867693	-3.851910	1.229231	0.105751	0.154924	0.073630	-70.994272	-64.546190	44.317876
62082	8.959226	-3.881089	1.199502	0.124375	0.212523	0.104331	-70.723477	-64.450092	44.096858
62083	8.797115	-3.928914	1.417198	0.118444	0.249413	0.114124	-70.420801	-64.340653	43.836450
62084	8.844086	-3.936465	1.394111	0.153315	0.207699	0.120351	-70.149135	-64.235898	43.632480
62085	8.905219	-3.871456	1.400758	0.134175	0.236492	0.141798	-69.867556	-64.112997	43.405037
62086	8.782851	-3.939939	1.544428	0.119586	0.248821	0.153911	-69.587557	-63.981185	43.169891
62087	8.816518	-3.971177	1.495061	0.125746	0.204381	0.164833	-69.360124	-63.851472	42.996856
62088	8.834786	-4.080667	1.464032	0.106163	0.231707	0.170136	-69.117876	-63.713570	42.794684
62089	8.724005	-4.123426	1.534196	0.121478	0.230553	0.150840	-68.862860	-63.585336	42.587738
62090	8.929887	-4.048720	1.397656	0.156419	0.206607	0.154471	-68.616666	-63.460241	42.412871
62091	9.046805	-3.893706	1.559014	0.154264	0.224518	0.235676	-68.389238	-63.287279	42.257293
62092	10.404742	-3.065613	1.858533	0.194292	0.042156	0.353793	-68.381707	-63.090240	42.373638
62093	9.735319	-3.444878	1.057909	-0.097235	0.290317	0.744034	-68.442562	-62.632567	42.379385
62094	8.595710	-4.243661	2.061933	-0.076772	0.370077	0.769043	-68.419694	-62.145156	42.303991
62095	8.567028	-4.012966	1.852627	-0.027791	0.079902	0.795966	-68.669331	-61.703945	42.568834
62096	9.492558	-3.830707	1.664023	-0.076780	0.139970	0.886259	-68.914001	-61.201846	42.797339
62097	8.868421	-4.115934	1.815114	-0.204760	0.258518	1.019430	-69.159047	-60.603467	42.943482
62098	8.702498	-4.440304	1.977465	-0.210689	0.167526	1.064602	-69.500240	-59.999186	43.197350
62099	8.445392	-4.583417	2.042581	-0.266096	0.156701	1.074578	-69.874999	-59.390686	43.454812
62100	9.057543	-4.617041	2.462980	-0.366650	0.057663	1.185911	-70.418681	-58.740674	43.843787
62101	9.971020	-4.967750	2.053709	-0.366448	-0.134266	1.450879	-71.190692	-57.980953	44.503969
62102	12.240572	-5.513561	2.472973	-0.376930	-0.012206	1.670239	-71.893603	-57.075709	45.081185
62103	9.371162	-4.012093	1.998606	-0.437019	0.210008	1.921629	-72.480629	-55.990854	45.484750
62104	8.744712	-5.613001	1.951826	-0.503377	0.138052	2.017272	-73.155225	-54.863543	45.953780
62105	9.074617	-5.015201	1.875928	-0.418039	0.032255	2.029797	-73.830322	-53.743498	46.490182
62106	8.809504	-5.589468	2.088957	-0.512603	0.172929	2.084921	-74.433104	-52.567637	46.876431
62107	9.198669	-5.578387	2.296412	-0.437448	0.130821	2.093569	-74.995935	-51.391129	47.272819
62108	8.738295	-5.599733	2.036945	-0.559206	0.276105	2.120074	-75.508135	-50.176441	47.520408
62109	7.592809	-6.295533	2.096344	-0.689258	0.126876	2.158684	-76.175485	-48.959843	47.878477
62110	8.568388	-6.523505	1.732899	-0.555962	-0.182955	2.134289	-76.929150	-47.795152	48.460567
62111	8.450161	-5.732123	2.039190	-0.710490	-0.007739	2.163460	-77.635537	-46.587439	48.868749
62112	6.726104	-7.679367	2.449938	-1.021412	-0.136577	2.284788	-78.579171	-45.322836	49.367371
62113	9.156398	-9.208114	1.206585	-0.582346	-0.395146	2.033365	-79.354409	-44.223135	49.994651
62114	8.597915	-5.436123	2.051907	-0.737657	-0.085386	2.026085	-80.021542	-43.090036	50.348839
62115	7.552522	-6.925015	1.370113	-0.784686	0.143283	2.081919	-80.580981	-41.901007	50.511810
62116	6.652859	-6.689225	1.391534	-0.766586	-0.019483	2.122046	-81.199275	-40.702516	50.783154
62117	5.906737	-7.038073	0.584190	-0.804275	-0.204886	2.211263	-81.914231	-39.467190	51.178230
62118	5.535648	-7.541282	0.288222	-0.749306	-0.399993	2.248377	-82.665869	-38.221590	51.692136
62119	5.610575	-7.374121	0.397716	-0.690196	-0.569696	2.283363	-83.432611	-36.963062	52.301085
62120	5.474430	-7.971729	0.264716	-0.681621	-0.621194	2.378168	-84.191273	-35.646995	52.922827
62121	4.324562	-10.005926	0.479648	-0.684258	-0.494406	2.627091	-84.880186	-34.176199	53.441765
62122	3.460808	-12.468545	1.117838	-0.439684	-0.537845	2.838992	-85.425189	-32.581646	53.974475
62123	4.045708	-13.292661	0.837443	-0.018528	-0.813493	2.816543	-85.800450	-31.008504	54.666811
62124	3.149595	-12.448199	2.012201	0.208675	-0.720682	2.890792	-85.989737	-29.386211	55.280896
62125	4.076014	-13.124993	1.110040	0.603288	-0.871237	2.615266	-85.973507	-27.926277	55.968332
62126	4.915736	-12.406674	1.611248	0.699261	-0.777514	2.287916	-85.850426	-26.650699	56.573855
62127	4.864785	-12.385749	1.654158	0.902617	-0.691329	1.900020	-85.566733	-25.594390	57.104825
62128	4.997196	-11.965273	1.578298	0.977115	-0.591557	1.544629	-85.199201	-24.739758	57.557180
62129	4.575911	-11.643778	1.680156	1.003351	-0.416356	1.247298	-84.760178	-24.048278	57.887077
62130	4.036049	-11.497800	1.660564	1.038171	-0.243587	1.040324	-84.251719	-23.468546	58.101587
62131	3.522052	-11.507008	1.559406	1.038616	-0.015004	1.000319	-83.685732	-22.898955	58.176678
62132	3.164744	-11.338253	1.589769	1.053297	0.199535	1.144639	-83.066567	-22.234552	58.135987
62133	2.641931	-11.371626	1.279269	1.033750	0.459177	1.442339	-82.411237	-21.380857	57.967677
62134	2.031310	-11.277947	1.121175	1.010601	0.609915	1.803256	-81.754658	-20.309626	57.749946
62135	1.875904	-10.990298	0.851061	0.949117	0.691186	2.175640	-81.136795	-19.017157	57.531302
62136	1.674635	-10.848619	0.655436	0.836649	0.661120	2.478732	-80.608321	-17.555094	57.375032
62137	1.898637	-10.618898	0.606142	0.710418	0.528364	2.674285	-80.188075	-15.992735	57.330575
62138	2.288685	-10.630353	0.548738	0.554238	0.384711	2.736616	-79.885264	-14.410534	57.387058
62139	2.751338	-10.637591	0.704723	0.418779	0.226413	2.677951	-79.680263	-12.876334	57.536135
62140	3.363829	-10.556857	0.789165	0.317223	0.135510	2.539695	-79.538595	-11.431310	57.726799
62141	3.703673	-10.689351	1.052987	0.222779	0.127148	2.354014	-79.444076	-10.090808	57.904674
62142	3.839444	-10.782796	1.239922	0.172323	0.141444	2.155934	-79.369951	-8.861958	58.054452
62143	3.619424	-10.562602	1.485759	0.154529	0.192253	1.985964	-79.296393	-7.722485	58.158283
62144	3.159192	-10.347923	1.432749	0.144802	0.217267	1.894673	-79.223492	-6.632992	58.239230
62145	2.408255	-10.080360	1.221191	0.132950	0.207392	1.921224	-79.156979	-5.528811	58.329833
62146	1.638417	-9.790546	0.999944	0.087171	0.142810	2.047200	-79.119184	-4.361704	58.471352
62147	1.078461	-9.747032	0.843610	0.002853	-0.003268	2.222163	-79.133528	-3.111185	58.714231
62148	1.374764	-9.641185	0.844040	-0.082250	-0.186441	2.374777	-79.196075	-1.795130	59.075571
62149	2.024144	-9.503433	0.968016	-0.168202	-0.293990	2.452532	-79.301075	-0.445572	59.503590
62150	2.836162	-9.319443	1.068905	-0.243849	-0.340446	2.408674	-79.439077	0.874582	59.950190
62151	3.536015	-8.942948	1.240677	-0.303467	-0.272735	2.261357	-79.603098	2.120402	60.339907
62152	3.949791	-8.827338	1.357208	-0.356764	-0.133305	2.017749	-79.794247	3.243941	60.622415
62153	4.125456	-8.634613	1.547006	-0.409116	0.049396	1.712735	-80.019604	4.214772	60.767077
62154	4.316900	-8.561761	1.693794	-0.437944	0.243371	1.414844	-80.270348	5.037069	60.768767
62155	4.251526	-8.659224	1.849240	-0.430282	0.497848	1.137129	-80.533461	5.726231	60.595599
62156	3.773147	-8.564986	1.897610	-0.371974	0.720604	0.903611	-80.780578	6.303873	60.270788
62157	3.079813	-8.555212	1.829766	-0.287883	0.891923	0.703957	-80.996319	6.781702	59.827385
62158	2.481622	-8.471175	1.822210	-0.172726	0.958745	0.530567	-81.155814	7.166983	59.328506
62159	2.296192	-8.305923	1.769862	-0.044606	0.927195	0.374636	-81.244694	7.458613	58.832511
62160	2.184543	-8.119353	1.707379	0.078463	0.854790	0.173826	-81.261755	7.631281	58.359828
62161	1.898493	-7.836971	1.745507	0.217755	0.744186	-0.102663	-81.194750	7.636041	57.925803
62162	2.151820	-7.427101	1.719189	0.349548	0.608237	-0.400939	-81.044714	7.462624	57.543033
62163	2.843704	-7.414879	1.722487	0.496615	0.530639	-0.684653	-80.806495	7.120745	57.178179
62164	3.659634	-7.303726	1.833962	0.663682	0.517622	-1.008664	-80.472652	6.598505	56.789097
62165	4.817393	-7.114974	1.921567	0.861674	0.542352	-1.425824	-80.027298	5.843074	56.342052
62166	5.865994	-6.768639	1.907116	1.022809	0.598513	-1.974108	-79.491294	4.790720	55.801509
62167	6.778999	-6.543595	1.712337	1.155993	0.650591	-2.674080	-78.875218	3.352175	55.146370
62168	7.383471	-6.357259	1.720377	1.261258	0.684467	-3.471824	-78.185347	1.480396	54.366138
62169	7.139945	-6.606391	1.554619	1.344400	0.688071	-4.305785	-77.419548	-0.852075	53.459726
62170	5.795719	-6.568439	1.360193	1.472749	0.647327	-4.936992	-76.537342	-3.524769	52.460697
62171	4.124711	-5.516004	1.164537	1.594550	0.448568	-5.102478	-75.540923	-6.305026	51.502558
62172	3.070877	-5.244479	0.862777	1.627068	0.270100	-4.935039	-74.490171	-8.996738	50.614459
62173	2.462234	-4.990222	0.648802	1.698014	0.046137	-4.647951	-73.378288	-11.553885	49.839649
62174	2.205290	-4.291433	0.553799	1.713216	-0.245291	-4.437253	-72.256513	-14.024579	49.207519
62175	3.071553	-3.759453	0.567693	1.701462	-0.615517	-4.369655	-71.157739	-16.517868	48.739916
62176	4.182751	-3.324929	0.648594	1.646929	-0.907336	-4.425943	-70.101397	-19.082909	48.371962
62177	5.240936	-2.957347	0.695065	1.585576	-1.114402	-4.514449	-69.079182	-21.735521	48.047813
62178	6.225065	-2.531067	0.618234	1.480641	-1.188006	-4.569756	-68.093414	-24.421867	47.697860
62179	6.635369	-2.481205	0.464399	1.337248	-1.097454	-4.550885	-67.127793	-27.078484	47.240355
62180	6.473708	-2.413700	0.293277	1.211211	-0.989065	-4.501554	-66.162487	-29.671343	46.669923
62181	6.102805	-2.173778	0.017953	1.047511	-0.950586	-4.435358	-65.231986	-32.218295	46.028774
62182	5.910138	-2.291036	-0.213267	0.796436	-1.030680	-4.364217	-64.425784	-34.732883	45.394838
62183	6.312754	-2.746128	0.040034	0.533639	-1.131827	-4.243477	-63.771718	-37.210397	44.802726
62184	6.921602	-3.057163	0.295754	0.311158	-1.180741	-4.102789	-63.242081	-39.616412	44.237484
62185	7.185161	-3.229838	0.661299	0.122281	-1.098854	-3.912079	-62.777865	-41.906980	43.634400
62186	7.318507	-3.381650	0.699840	-0.033087	-0.987574	-3.646883	-62.368299	-44.022626	43.005830
62187	7.351803	-3.462649	0.689807	-0.176389	-0.902000	-3.360471	-62.027518	-45.974638	42.381390
62188	8.089490	-3.804113	0.696479	-0.312425	-0.962917	-3.174748	-61.811797	-47.839571	41.840967
62189	9.177543	-4.054971	0.838831	-0.421989	-1.104121	-3.139187	-61.717380	-49.731533	41.394313
62190	10.155168	-4.522631	1.083753	-0.556579	-1.224153	-3.129580	-61.753980	-51.643344	41.029523
62191	10.731782	-5.282996	1.520476	-0.654956	-1.257709	-3.081978	-61.867985	-53.548504	40.700725
62192	10.714996	-5.831144	1.950289	-0.703534	-1.226960	-2.993960	-62.010051	-55.393306	40.380038
62193	10.619980	-6.405644	2.411439	-0.715849	-1.189539	-2.856533	-62.173831	-57.167137	40.083790
62194	11.069690	-6.879985	2.936297	-0.635741	-1.164384	-2.734687	-62.315347	-58.864749	39.821243
62195	11.854814	-7.005371	3.256328	-0.482579	-1.107381	-2.702834	-62.321101	-60.539302	39.507574
62196	12.204319	-6.922478	3.378357	-0.309890	-1.033747	-2.745674	-62.115675	-62.207541	39.071345
62197	11.758199	-6.770258	3.274674	-0.124748	-1.038519	-2.825601	-61.719009	-63.924307	38.546186
62198	11.062281	-6.498621	3.107472	0.050775	-1.107831	-2.865696	-61.208510	-65.670347	38.014249
62199	10.526317	-6.321676	2.917146	0.214882	-1.178004	-2.822860	-60.631256	-67.419962	37.519165
62200	10.187799	-6.037526	2.628031	0.353654	-1.202829	-2.690946	-60.016374	-69.101100	37.075463
62201	9.912325	-5.721072	2.232340	0.455007	-1.214390	-2.517523	-59.407216	-70.705326	36.704325
62202	9.825547	-5.499370	1.865261	0.516229	-1.343979	-2.374876	-59.007148	-72.268767	36.594423
62203	10.592807	-5.357795	1.838949	0.532826	-1.482856	-2.281207	-58.875123	-73.834210	36.775339
62204	11.767287	-5.450747	2.066403	0.557094	-1.533711	-2.288663	-58.824742	-75.411365	37.054175
62205	12.499961	-5.565257	2.292366	0.600286	-1.450828	-2.365263	-58.499924	-77.008344	37.073589
62206	12.222079	-5.507803	2.529678	0.636220	-1.341968	-2.441398	-57.738830	-78.602605	36.667980
62207	11.316156	-5.326428	2.487439	0.689285	-1.355176	-2.492927	-56.695942	-80.230671	36.008591
62208	10.374783	-5.011173	2.390159	0.692339	-1.413485	-2.480529	-55.538710	-81.862449	35.238812
62209	9.891812	-4.615883	2.427613	0.684919	-1.509093	-2.411712	-54.488976	-83.496653	34.575890
62210	9.762958	-4.279658	2.429863	0.633436	-1.532454	-2.277669	-53.569100	-85.068935	34.016285
62211	9.788964	-3.912074	2.504473	0.558218	-1.531002	-2.144923	-52.767064	-86.584273	33.532553
62212	10.123955	-3.791193	2.452295	0.438580	-1.451432	-2.035548	-51.173347	-88.015748	32.188798
62213	10.250726	-3.698201	2.407248	0.289747	-1.310622	-1.919709	-41.664546	-89.339853	22.843862
62214	10.128517	-3.761356	2.201132	0.112768	-1.143514	-1.811693	105.162279	-89.378818	-123.920264
62215	9.908324	-3.857213	2.051371	-0.074287	-0.991314	-1.723761	114.702977	-88.248007	-133.505379
62216	10.037689	-4.000085	2.073950	-0.272016	-0.900160	-1.680192	115.916406	-87.156836	-134.875659
62217	10.075569	-4.245057	2.274864	-0.459029	-0.791959	-1.683954	115.497791	-86.086412	-134.720017
62218	9.410665	-4.629928	2.683968	-0.602342	-0.625842	-1.630748	114.275819	-85.087567	-133.840550
62219	8.503467	-4.958555	3.075812	-0.673306	-0.402985	-1.464306	112.593832	-84.222342	-132.538886
62220	7.655327	-5.087445	3.024739	-0.703402	-0.194089	-1.229927	110.732388	-83.525996	-131.072071
62221	6.910507	-5.108552	2.700280	-0.725776	-0.042639	-0.980765	108.904776	-82.986263	-129.650573
62222	6.382854	-5.273227	2.419758	-0.766901	0.041288	-0.718322	107.278890	-82.602071	-128.454605
62223	6.163182	-5.417820	2.245109	-0.779108	0.056002	-0.461184	106.030633	-82.356144	-127.645823
62224	6.229791	-5.634329	2.187882	-0.770389	0.089524	-0.207499	104.990322	-82.255015	-127.041423
62225	6.620600	-5.793366	2.334222	-0.729451	0.141504	0.025731	104.025439	-82.288435	-126.489462
62226	6.961652	-5.897386	2.440233	-0.652461	0.211381	0.211129	102.986513	-82.434070	-125.818366
62227	7.030923	-5.686173	2.417615	-0.555706	0.312206	0.393794	101.702619	-82.692415	-124.844632
62228	6.796378	-5.403825	2.189747	-0.455672	0.425603	0.590911	100.037748	-83.070661	-123.429900
62229	7.012393	-4.341375	1.140981	-0.288232	0.478826	0.774344	98.163745	-83.552675	-121.709271
62230	16.663960	0.606502	-0.536681	0.578899	-0.364212	1.752901	102.156818	-84.504683	-125.390437
62231	6.529132	14.537375	-6.821307	0.495305	1.528355	1.800572	94.057007	-85.653455	-116.976247
62232	13.087017	3.328092	0.068591	-0.763244	0.678955	2.360355	87.915978	-87.013820	-111.261221
62233	5.451860	-1.043331	-3.465456	0.176975	1.462670	2.666331	57.140572	-88.264703	-80.361154
62234	5.418345	2.853381	0.679565	-0.153423	1.446064	2.750392	-3.868124	-88.225405	-19.416829
62235	7.800007	0.425018	-1.452256	-0.607177	0.736879	3.300904	-42.772382	-87.022212	19.168265
62236	11.484135	-3.655596	0.357333	-0.923801	0.645114	2.855875	-55.491211	-85.534926	31.382347
62237	10.602484	-3.911133	0.241545	-1.020940	0.144468	2.222548	-62.706952	-84.398299	38.038345
62238	9.796564	-2.273551	1.268800	-1.150224	-0.118043	1.972269	-68.326255	-83.397301	43.026685
62239	10.070433	-2.375430	1.001340	-1.052324	-0.060700	2.020995	-72.310231	-82.318319	46.433913
62240	10.223941	-2.496577	1.207472	-0.919004	0.152845	2.116857	-74.633941	-81.130798	48.249910
62241	9.737530	-2.937551	1.266186	-0.807088	0.211202	2.075405	-76.195579	-79.949331	49.364134
62242	9.030327	-2.668322	0.994978	-0.779293	0.060229	1.929405	-77.794160	-78.864672	50.536168
62243	12.542071	-1.752539	4.180151	-0.894956	-0.398480	1.704244	-80.307457	-77.948876	52.578216
62244	11.199164	-3.514883	1.750397	-0.938731	-0.136670	1.942399	-81.960757	-76.861529	53.721145
62245	8.973493	-4.204386	3.559121	-0.947352	-0.240536	1.931262	-83.637075	-75.780519	54.887731
62246	14.982992	-9.412069	0.480985	-0.047243	-0.750338	2.222739	-85.727565	-74.552328	57.022200
62247	11.580651	-2.419084	-1.476784	0.356797	0.424608	1.740463	-84.958986	-73.537753	56.435608
62248	10.540771	-4.102685	-0.804833	-0.332820	0.184587	1.738914	-85.088665	-72.536238	56.371867
62249	12.035344	-5.435399	-1.019993	-0.049786	0.405376	1.475853	-84.636584	-71.672358	55.866897
62250	10.579845	-4.212642	0.248994	0.021537	0.727493	1.329515	-83.631747	-70.872191	54.818994
62251	9.939487	-3.754867	0.058879	0.131000	0.689346	1.165161	-82.674776	-70.161291	53.883537
62252	11.039672	-3.895547	1.391760	0.070405	0.780295	1.176600	-81.680970	-69.432791	52.867638
62253	13.330365	-6.167064	0.043088	0.261133	0.923552	1.075391	-80.415796	-68.740820	51.673432
62254	11.130751	-5.034629	-0.633536	0.335169	1.394335	0.794786	-78.447829	-68.146824	49.764055
62255	9.274699	-4.288399	0.395668	0.434872	1.550815	0.609952	-76.255885	-67.610203	47.666845
62256	9.677512	-3.829136	0.375865	0.460845	1.465193	0.524158	-74.229575	-67.106165	45.757522
62257	9.967178	-3.614546	0.395233	0.472975	1.645594	0.540836	-72.063011	-66.535223	43.695373
62258	8.906138	-3.336559	1.816300	0.475517	1.769433	0.603158	-69.872929	-65.878129	41.599751
62259	6.754879	-4.089824	3.996534	0.311427	1.389640	0.506657	-68.285662	-65.321813	40.052534
62260	5.824433	-4.018713	4.963695	0.269129	0.505869	0.447618	-67.758885	-64.975827	39.641991
62261	8.816577	-5.092282	1.123514	0.320712	-0.289948	0.177272	-67.987882	-64.943248	40.097491
62262	9.361429	-2.709702	1.776539	0.094978	0.223300	0.116777	-67.734914	-64.833375	39.878268
62263	7.791394	-3.734335	2.466347	-0.060619	0.178233	0.227667	-67.675680	-64.672896	39.774297
62264	8.484088	-4.185350	1.906521	-0.001277	-0.247039	0.183222	-68.037179	-64.629330	40.173553
62265	9.086434	-3.887162	1.370764	-0.046655	-0.137726	0.097971	-68.263591	-64.605484	40.394533
62266	8.655560	-3.774796	1.626478	-0.093991	-0.082828	0.112127	-68.460642	-64.563581	40.553127
62267	8.704128	-3.895150	1.579777	-0.072154	-0.162774	0.127732	-68.741770	-64.528368	40.818656
62268	8.832027	-3.970966	1.487174	-0.088163	-0.146980	0.116898	-69.008214	-64.496555	41.057920
62269	8.773501	-3.986346	1.542530	-0.095796	-0.141989	0.100700	-69.266642	-64.470510	41.283430
62270	8.824218	-4.099357	1.443436	-0.089815	-0.162009	0.068116	-69.529278	-64.466951	41.517512
62271	9.003439	-4.074988	1.261584	-0.064217	-0.149180	0.035835	-69.750037	-64.476327	41.721355
62272	8.975064	-3.979288	1.257571	-0.054372	-0.080883	0.024754	-69.883061	-64.479313	41.834295
62273	8.961509	-4.054655	1.218340	-0.030386	-0.048472	0.011026	-69.960917	-64.481814	41.901238
62274	8.805301	-4.049418	1.457860	-0.030971	0.005519	-0.016895	-69.966011	-64.490132	41.887273
62275	8.843271	-3.977242	1.389555	-0.014460	-0.034058	-0.025014	-70.003749	-64.509181	41.919859
62276	8.846752	-3.921130	1.392386	-0.012192	-0.008101	-0.020300	-70.012066	-64.522006	41.921387
62277	8.614476	-3.947452	1.555567	-0.023929	-0.005985	-0.024203	-70.023900	-64.535124	41.919260
62278	8.740761	-3.867111	1.488454	-0.019161	-0.052074	-0.041928	-70.077115	-64.568193	41.966088
62279	8.721541	-3.809998	1.610344	-0.061846	-0.040317	-0.034184	-70.145513	-64.593383	42.002544
62280	8.677874	-3.886566	1.519511	-0.067714	-0.106395	-0.021304	-70.296995	-64.625803	42.127330
62281	8.866866	-3.895275	1.411166	-0.074657	-0.116082	-0.014941	-70.467104	-64.655114	42.268217
62282	8.889643	-3.951700	1.294552	-0.083832	-0.112766	-0.011644	-70.639686	-64.683221	42.406068
62283	8.979105	-3.944581	1.284223	-0.066448	-0.097328	-0.008592	-70.786856	-64.705213	42.526722
62284	8.947696	-3.951602	1.248608	-0.063061	-0.066855	-0.010662	-70.895879	-64.723858	42.607390
62285	8.892193	-4.003100	1.235160	-0.053981	-0.048808	-0.016619	-70.977454	-64.740934	42.663365
62286	8.874052	-3.938207	1.260548	-0.052935	-0.022837	-0.027806	-71.023559	-64.760560	42.680859
62287	8.768464	-3.840712	1.437445	-0.060639	-0.000807	-0.027065	-71.049805	-64.774327	42.671428
62288	8.656930	-3.901777	1.547948	-0.073556	-0.042442	-0.020641	-71.133206	-64.793698	42.717083
62289	8.954280	-3.945874	1.219182	-0.051969	-0.097367	-0.015408	-71.270415	-64.818985	42.835785
62290	8.935677	-3.884934	1.265942	-0.072836	-0.035867	-0.000801	-71.353792	-64.826306	42.881854
62291	8.843299	-4.009466	1.318996	-0.050539	-0.062231	0.009344	-71.459526	-64.831570	42.966658
62292	8.956277	-3.948197	1.196780	-0.024338	-0.064372	0.006610	-71.551029	-64.839979	43.052401
62293	8.870139	-3.912374	1.292700	-0.030129	-0.030602	0.008062	-71.608059	-64.840113	43.096305
62294	8.978128	-3.961735	1.186241	-0.011346	-0.044178	0.004500	-71.667992	-64.845939	43.155389
62295	8.947231	-3.917697	1.187839	-0.013194	-0.008185	0.007998	-71.689354	-64.842053	43.170602
62296	8.968090	-3.932915	1.210356	-0.001361	-0.001329	0.010531	-71.696258	-64.836863	43.177421
62297	8.955616	-3.955456	1.208827	0.004775	0.017846	0.018799	-71.681346	-64.822432	43.163924
62298	8.942305	-3.983567	1.257233	0.011877	0.023606	0.022882	-71.656557	-64.806032	43.144103
62299	8.853453	-3.992482	1.258298	0.016077	0.022707	0.019435	-71.629855	-64.790388	43.124725
62300	8.965127	-3.928893	1.121982	0.041492	0.021774	0.018511	-71.588596	-64.776687	43.105450
62301	8.810157	-3.922139	1.323430	0.014731	0.082518	0.013445	-71.491507	-64.753445	43.007390
62302	8.741380	-3.952309	1.423808	0.039687	0.027711	0.020511	-71.445319	-64.737557	42.981516
62303	8.898252	-3.855823	1.268020	0.031604	0.035187	0.024123	-71.397371	-64.717072	42.948463
62304	8.769983	-3.995248	1.379616	0.023541	0.042847	0.024196	-71.344568	-64.696394	42.905033
62305	8.830712	-3.829324	1.328079	0.049226	0.016781	0.032725	-71.311103	-64.674604	42.899157
62306	8.912194	-3.897225	1.497523	0.011779	0.031152	0.049783	-71.288507	-64.642165	42.881676
62307	8.947059	-4.183443	0.836332	0.091843	0.048548	0.003846	-71.183094	-64.630200	42.823204
62308	8.278306	-3.753788	1.862764	-0.028184	0.140933	0.005582	-71.040949	-64.601336	42.648048
62309	8.709796	-3.950685	1.458810	0.090254	-0.099947	0.012813	-71.109640	-64.612029	42.781278
62310	9.081283	-3.761532	1.163074	0.007560	0.037374	0.016195	-71.069509	-64.596613	42.741701
62311	8.570124	-4.106309	1.516621	0.005198	0.010900	0.021966	-71.063959	-64.581771	42.738802
62312	9.053276	-3.863891	1.179508	0.052463	-0.039180	0.019581	-71.086774	-64.578741	42.797397
62313	8.817578	-3.948574	1.341649	0.005550	0.055078	0.029327	-71.033564	-64.551699	42.741945
62314	8.902453	-3.988682	1.245486	0.069844	0.014466	0.038635	-70.992747	-64.528373	42.741113
62315	8.881085	-3.927722	1.282318	0.043148	0.074978	0.038637	-70.899292	-64.492530	42.664911
62316	8.798390	-3.982978	1.406348	0.068744	0.048633	0.052525	-70.825970	-64.455266	42.627359
62317	8.888060	-3.911149	1.275328	0.072476	0.054432	0.051118	-70.744311	-64.416464	42.582811
62318	8.729027	-3.951844	1.401292	0.061956	0.099872	0.045616	-70.614705	-64.373172	42.478507
62319	8.672908	-3.905043	1.488005	0.066475	0.053019	0.043706	-70.535576	-64.338588	42.432917
62320	8.766414	-3.981383	1.415978	0.059145	0.050664	0.039768	-70.461119	-64.307723	42.387956
62321	8.665495	-3.966425	1.520299	0.045853	0.046975	0.026707	-70.394079	-64.283431	42.342650
62322	8.839620	-3.994998	1.378747	0.051639	0.022148	0.024091	-70.349829	-64.266472	42.326426
62323	8.821318	-3.878592	1.419640	0.053483	0.054738	0.032589	-70.272256	-64.237472	42.274264
62324	8.735272	-4.031320	1.435024	0.055235	0.048620	0.034151	-70.200541	-64.209944	42.229822
62325	8.826488	-3.916260	1.430166	0.068037	0.050563	0.039995	-70.122530	-64.177715	42.186410
62326	8.787554	-3.985107	1.455343	0.063073	0.061380	0.050838	-70.039127	-64.138654	42.133947
62327	8.764978	-3.926992	1.517158	0.067886	0.049911	0.054069	-69.967914	-64.098936	42.097967
62328	8.825868	-4.010155	1.394871	0.064182	0.031512	0.062022	-69.921829	-64.059671	42.087667
62329	8.833813	-3.997829	1.451658	0.055541	0.049657	0.057074	-69.859452	-64.018367	42.053623
62330	8.751476	-4.045620	1.500772	0.050461	0.034618	0.049206	-69.812798	-63.985372	42.033937
62331	8.773679	-4.004415	1.485743	0.055688	0.029030	0.043867	-69.767927	-63.955232	42.019449
62332	8.759613	-4.028219	1.488543	0.040752	0.040181	0.033104	-69.714346	-63.929775	41.985850
62333	8.727435	-3.985134	1.496191	0.043429	0.020684	0.028927	-69.679714	-63.909318	41.974936
62334	8.813632	-3.981041	1.502354	0.041278	0.021005	0.034151	-69.647415	-63.887097	41.965359
62335	8.779809	-3.988375	1.455662	0.035542	0.024674	0.035829	-69.615795	-63.862143	41.952763
62336	8.810757	-3.983940	1.485048	0.037869	0.020794	0.033998	-69.585685	-63.840041	41.943444
62337	8.839876	-4.029868	1.461220	0.026691	0.033471	0.041098	-69.551748	-63.810507	41.922610
62338	8.779216	-4.088470	1.507976	0.031678	0.031195	0.037660	-69.515403	-63.784351	41.902385
62339	8.790707	-4.065679	1.465087	0.037335	0.018783	0.032119	-69.487827	-63.762579	41.895429
62340	8.802504	-4.042184	1.422643	0.041118	0.037231	0.022312	-69.433351	-63.743433	41.861010
62341	8.821505	-4.057651	1.452496	0.045894	0.059467	0.021499	-69.352434	-63.719157	41.800030
62342	8.745616	-3.993650	1.512439	0.051148	0.062449	0.023550	-69.265526	-63.694202	41.735834
62343	8.698623	-3.979277	1.617480	0.042819	0.052155	0.028157	-69.197288	-63.667780	41.687005
62344	8.750243	-4.032584	1.546519	0.036211	0.035744	0.034394	-69.152527	-63.642391	41.660262
62345	8.730609	-3.966694	1.532408	0.033244	0.049844	0.036511	-69.095892	-63.611936	41.618240
62346	8.714809	-3.995001	1.583924	0.030538	0.035580	0.046510	-69.059700	-63.580076	41.597421
62347	8.788633	-4.012198	1.564628	0.027215	0.031604	0.055063	-69.033967	-63.543419	41.586032
62348	8.762257	-4.057015	1.540234	0.026714	0.038194	0.060542	-69.003063	-63.503506	41.568659
62349	8.757767	-4.066013	1.592993	0.025021	0.031872	0.062017	-68.981261	-63.463081	41.560250
62350	8.791846	-4.051899	1.476848	0.029455	0.027495	0.058503	-68.959517	-63.426452	41.554862
62351	8.744994	-4.036412	1.530877	0.024352	0.054460	0.060921	-68.913631	-63.381968	41.519082
62352	8.706916	-4.054194	1.583235	0.028937	0.046530	0.060827	-68.872971	-63.340166	41.492196
62353	8.715960	-4.038010	1.590064	0.021214	0.038562	0.060253	-68.845747	-63.299314	41.475264
62354	8.711306	-4.046997	1.642825	0.015693	0.038855	0.061791	-68.821390	-63.258572	41.458114
62355	8.719589	-4.079414	1.571013	0.019154	0.026756	0.061536	-68.808478	-63.219483	41.455880
62356	8.726425	-4.115711	1.547287	0.016538	0.025309	0.059610	-68.797164	-63.182709	41.453874
62357	8.748752	-4.076603	1.530620	0.023506	0.034593	0.060160	-68.772971	-63.142736	41.441788
62358	8.775646	-4.127054	1.532545	0.024783	0.047652	0.060595	-68.733865	-63.100797	41.413918
62359	8.740745	-4.090336	1.589228	0.025904	0.051817	0.060747	-68.690580	-63.056935	41.381947
62360	8.725197	-4.116183	1.592735	0.023088	0.053778	0.058910	-68.645542	-63.014598	41.346312
62361	8.754542	-4.114010	1.624313	0.025630	0.046542	0.055257	-68.605919	-62.974755	41.318249
62362	8.784768	-4.156518	1.529776	0.029505	0.048606	0.060740	-68.563592	-62.932502	41.289759
62363	8.696971	-4.065642	1.638449	0.025081	0.065378	0.062788	-68.507956	-62.884685	41.243331
62364	8.669777	-4.110766	1.615796	0.027546	0.045631	0.064056	-68.471440	-62.841267	41.220087
62365	8.720794	-4.119466	1.623231	0.026832	0.059395	0.060879	-68.420524	-62.795706	41.180057
62366	8.603976	-4.172841	1.645996	0.031628	0.060476	0.057566	-68.363859	-62.752595	41.136765
62367	8.713143	-4.130411	1.660492	0.040185	0.054860	0.055983	-68.308267	-62.710570	41.100049
62368	8.703134	-4.097693	1.620177	0.034251	0.049624	0.059088	-68.262207	-62.668913	41.070351
62369	8.719742	-4.117085	1.649940	0.034197	0.045745	0.071271	-68.225943	-62.620674	41.051504
62370	8.727390	-4.151001	1.580312	0.026032	0.053117	0.081652	-68.190481	-62.566251	41.028413
62371	8.699123	-4.150820	1.659236	0.032845	0.053481	0.081920	-68.151638	-62.510704	41.005765
62372	8.787289	-4.097480	1.648533	0.027775	0.039648	0.097131	-68.135478	-62.450911	41.005542
62373	8.862301	-4.067252	1.635263	0.017732	0.049026	0.125022	-68.127608	-62.373406	41.008044
62374	8.703714	-4.191204	1.674928	-0.001644	0.072799	0.138798	-68.111706	-62.284380	40.989078
62375	8.536180	-4.091956	1.803933	-0.001830	0.044264	0.152042	-68.130820	-62.193549	41.009412
62376	8.760697	-4.146733	1.690071	-0.028787	0.007809	0.156900	-68.203182	-62.108751	41.072652
62377	8.767676	-4.515336	1.150097	-0.007171	0.030041	0.177624	-68.249397	-62.007330	41.120239
62378	9.252627	-3.904624	1.910510	-0.018429	0.081817	0.167823	-68.245563	-61.900963	41.103985
62379	9.324036	-3.933354	1.478517	-0.004234	0.052087	0.344534	-68.333568	-61.706035	41.200998
62380	8.358251	-4.161749	2.015989	-0.136660	0.202295	0.403204	-68.370718	-61.448867	41.154262
62381	8.291237	-4.275285	1.962163	-0.068811	-0.011021	0.375998	-68.566640	-61.250342	41.332510
62382	8.769414	-4.024656	1.806900	-0.119128	-0.027781	0.418236	-68.820242	-61.033186	41.544192
62383	8.492075	-4.340451	1.838748	-0.194669	0.011844	0.444856	-69.085885	-60.792440	41.720475
62384	8.614415	-4.432258	1.733057	-0.167726	-0.072937	0.455418	-69.416573	-60.563543	41.989588
62385	8.650115	-4.523393	1.572708	-0.183839	-0.023060	0.476239	-69.712590	-60.312040	42.208757
62386	8.497478	-4.501713	1.734280	-0.187512	0.006456	0.470976	-69.976648	-60.057748	42.389327
62387	8.532146	-4.680684	1.569257	-0.184052	-0.019465	0.473167	-70.260341	-59.806181	42.595226
62388	8.660813	-4.541875	1.657622	-0.179917	0.013724	0.484059	-70.510348	-59.542595	42.765493
62389	8.688313	-4.730553	1.567894	-0.185099	0.039320	0.521935	-70.749022	-59.252603	42.919516
62390	8.771104	-4.751638	1.669985	-0.194578	0.063216	0.595676	-70.990557	-58.918586	43.071155
62391	9.019408	-5.093373	1.630366	-0.207110	0.058602	0.754231	-71.287627	-58.498413	43.279866
62392	9.445945	-4.800065	1.785960	-0.150162	0.079464	0.874953	-71.562412	-58.009012	43.501875
62393	9.542492	-4.693813	2.011979	-0.223787	0.164452	1.012526	-71.838165	-57.428298	43.676315
62394	9.209877	-4.889792	1.943985	-0.229474	0.197908	1.116608	-72.109424	-56.785139	43.842835
62395	9.035774	-5.028847	1.889362	-0.235180	0.150370	1.184752	-72.432793	-56.112083	44.069125
62396	9.346574	-5.133618	1.743508	-0.252006	0.137161	1.291976	-72.792280	-55.382468	44.329407
62397	9.468380	-5.369767	1.626685	-0.250210	0.217159	1.432930	-73.109931	-54.560895	44.542224
62398	9.306877	-5.453791	1.637317	-0.228239	0.265888	1.576004	-73.398981	-53.652600	44.737652
62399	9.164348	-5.661696	1.448048	-0.196885	0.354089	1.675755	-73.616520	-52.674312	44.868475
62400	8.554202	-5.768628	1.463848	-0.150554	0.476678	1.746317	-73.727813	-51.637607	44.900229
62401	8.265338	-5.790955	1.668655	-0.108093	0.520772	1.784894	-73.789745	-50.572327	44.900166
62402	7.908199	-5.699229	1.807219	-0.113036	0.575729	1.813561	-73.822614	-49.482752	44.858608
62403	7.566593	-6.077097	1.870617	-0.147309	0.563810	1.821225	-73.884441	-48.390687	44.828602
62404	7.786872	-6.083328	1.807705	-0.118823	0.537872	1.800193	-73.941416	-47.314533	44.813687
62405	7.384067	-6.291227	1.853977	-0.150802	0.646771	1.804857	-73.953636	-46.218415	44.711806
62406	6.866632	-6.422464	1.816881	-0.139010	0.635181	1.791662	-73.965844	-45.131562	44.617604
62407	6.824615	-6.538060	1.739874	-0.111519	0.615112	1.766910	-73.971840	-44.061396	44.535072
62408	6.571884	-6.637598	1.807571	-0.115570	0.615044	1.771375	-73.982662	-42.988920	44.454704
62409	6.494810	-6.706661	2.000314	-0.101009	0.570177	1.752327	-74.006918	-41.933922	44.404814
62410	6.510600	-6.730907	2.186370	-0.108103	0.579310	1.737663	-74.029409	-40.885694	44.345248
62411	6.398137	-6.858147	2.318253	-0.129163	0.624520	1.706320	-74.039928	-39.847518	44.247151
62412	6.429747	-7.051491	2.569685	-0.129800	0.639158	1.692842	-74.044484	-38.814572	44.137076
62413	6.611525	-7.268290	2.501569	-0.136660	0.674405	1.676003	-74.038165	-37.785275	44.000534
62414	6.439006	-7.264038	2.340542	-0.170353	0.721939	1.666195	-74.033125	-36.753952	43.831114
62415	6.263818	-7.529267	2.101414	-0.210223	0.712767	1.686935	-74.060710	-35.712661	43.674047
62416	6.024987	-8.282202	2.145254	-0.339519	0.607751	1.745643	-74.212006	-34.655676	43.599091
62417	5.742019	-7.692928	2.186426	-0.236804	0.449103	1.766821	-74.365801	-33.611803	43.631388
62418	6.267572	-7.686270	2.151837	-0.295962	0.452888	1.836145	-74.556253	-32.528993	43.669726
62419	5.702931	-8.180121	2.205648	-0.343898	0.469848	1.927100	-74.773691	-31.393334	43.708267
62420	5.680345	-7.960397	2.342256	-0.299206	0.394549	1.978949	-74.991473	-30.240045	43.798818
62421	5.693640	-8.206879	2.320975	-0.386394	0.393538	2.065319	-75.261857	-29.038903	43.897905
62422	5.658619	-8.608498	2.474177	-0.398606	0.326582	2.122228	-75.558147	-27.815311	44.040626
62423	5.740509	-8.632810	2.583439	-0.441323	0.275282	2.173534	-75.890377	-26.570044	44.214353
62424	5.696483	-8.564665	2.665010	-0.481562	0.258328	2.228513	-76.246042	-25.295401	44.396786
62425	5.351973	-8.684564	2.623481	-0.562139	0.246287	2.293541	-76.646522	-23.985473	44.584979
62426	5.113831	-8.887864	2.492340	-0.633142	0.143212	2.358337	-77.107186	-22.651175	44.832364
62427	4.615402	-9.047659	2.408684	-0.727515	0.017903	2.464485	-77.644428	-21.271797	45.154598
62428	4.018508	-9.173610	2.132723	-0.828820	-0.188015	2.570742	-78.274198	-19.854010	45.595613
62429	3.857404	-9.475756	1.790018	-0.934483	-0.473512	2.675532	-79.006586	-18.405345	46.196995
62430	3.560856	-9.783177	1.542834	-1.062191	-0.763910	2.838115	-79.847076	-16.887388	46.961917
62431	3.485031	-10.050428	1.286452	-1.145558	-1.191363	2.986060	-80.780808	-15.316593	47.962129
62432	3.960760	-9.931817	1.055679	-1.190301	-1.564069	3.135526	-81.762448	-13.677060	49.158904
62433	4.162440	-9.943072	1.101019	-1.228694	-1.809438	3.331776	-82.758425	-11.926023	50.476266
62434	4.924354	-10.186667	1.179436	-1.159475	-1.999082	3.464777	-83.689710	-10.090013	51.873865
62435	5.186629	-9.826780	1.095831	-1.071462	-1.989648	3.638815	-84.520029	-8.134420	53.239428
62436	5.241200	-9.457654	1.131161	-0.962180	-1.895385	3.827211	-85.230338	-6.047508	54.527053
62437	5.154878	-8.975337	0.974162	-0.819616	-1.720675	4.005267	-85.800642	-3.838423	55.693907
62438	5.224487	-8.393428	1.324174	-0.722598	-1.512141	4.198150	-86.262750	-1.498947	56.726077
62439	5.178263	-7.791557	0.142818	-0.436117	-1.318253	4.116183	-86.518195	0.804988	57.628597
62440	7.579952	-3.610712	0.481526	0.137666	-1.490816	3.043142	-86.411617	2.492416	58.589367
62441	12.602194	-3.356784	0.591766	0.086881	-1.192933	1.447650	-86.324966	3.273843	59.325211
62442	16.386872	-8.454495	0.362861	-0.084774	-0.733666	-0.312049	-86.350862	3.068349	59.734266
62443	15.082090	-6.132651	1.486924	0.375704	-0.227379	-2.093303	-86.133554	1.858116	59.785913
62444	12.222038	-4.325663	1.663921	0.452106	0.119055	-3.298414	-85.877639	-0.022613	59.586550
62445	10.883810	-5.432281	1.198485	0.705527	0.533219	-4.188170	-85.463068	-2.398961	59.100863
62446	8.125827	-6.474059	1.250806	0.962022	0.918599	-4.698888	-84.862895	-5.037510	58.348230
62447	4.934691	-6.791206	0.840542	1.361001	0.836660	-4.986700	-83.997517	-7.842410	57.589237
62448	3.724628	-6.226225	0.869833	1.727304	0.446231	-5.065491	-82.912168	-10.696888	56.997079
62449	3.493306	-5.843094	0.522609	1.928382	0.066161	-4.938386	-81.717470	-13.503975	56.571786
62450	4.066122	-5.768984	0.463680	2.069419	-0.263550	-4.839984	-80.457025	-16.267198	56.281959
62451	4.887926	-5.499284	0.308689	2.197426	-0.471573	-4.830466	-79.125816	-19.047238	56.046275
62452	5.097109	-5.289739	0.297750	2.216385	-0.542995	-4.885307	-77.760272	-21.852106	55.773462
62453	5.361776	-5.312807	0.211497	2.216180	-0.625704	-4.893515	-76.370225	-24.673639	55.470620
62454	5.825207	-5.526350	0.026309	2.157227	-0.554375	-4.681627	-74.960153	-27.351380	55.074449
62455	5.937369	-6.002119	-0.093150	2.049079	-0.415320	-4.326286	-73.543803	-29.810701	54.569074
62456	5.921176	-6.113477	-0.419292	1.855216	-0.307746	-3.964293	-72.180803	-32.033464	53.985671
62457	6.541213	-6.109296	-0.729265	1.560378	-0.259713	-3.681366	-70.944005	-34.090794	53.358025
62458	7.485545	-5.966959	-1.215137	1.167273	-0.322537	-3.560325	-69.917645	-36.075095	52.736225
62459	8.362606	-5.840944	-1.293644	0.713317	-0.380890	-3.548504	-69.125875	-38.065697	52.100938
62460	8.933950	-6.419640	-1.239858	0.257860	-0.329007	-3.488772	-68.535533	-39.998140	51.398330
62461	9.074707	-7.030245	-1.065796	-0.146086	-0.209862	-3.364342	-68.098865	-41.843810	50.603730
62462	8.936410	-7.554972	-1.090547	-0.523933	-0.069066	-3.216473	-67.794433	-43.567093	49.712399
62463	8.701541	-7.808036	-0.998773	-0.884618	0.024828	-3.072940	-67.635368	-45.201136	48.759946
62464	8.785574	-8.140387	-0.881603	-1.226129	0.089296	-2.896138	-67.636315	-46.716579	47.784061
62465	8.892524	-8.367475	-0.701425	-1.544615	0.191446	-2.690497	-67.775333	-48.111651	46.770252
62466	9.044756	-8.908218	-0.416350	-1.833609	0.295722	-2.485403	-68.036697	-49.367728	45.720438
62467	9.356606	-9.607809	-0.183184	-2.069281	0.339190	-2.320004	-68.421945	-50.540451	44.674208
62468	9.451997	-9.864740	-0.084218	-2.215806	0.339949	-2.254245	-68.884127	-51.672857	43.636916
62469	9.471328	-10.113419	0.125376	-2.320246	0.331019	-2.202927	-69.405989	-52.795004	42.614572
62470	9.187569	-10.261937	0.337775	-2.340974	0.335977	-2.133669	-69.934600	-53.874799	41.601494
62471	9.145632	-10.381825	0.519142	-2.277750	0.312608	-2.070016	-70.444061	-54.939815	40.622269
62472	9.222426	-10.291437	0.640039	-2.162299	0.299940	-2.025812	-70.889502	-55.978491	39.659052
62473	9.216886	-10.071421	0.662609	-1.996947	0.279077	-1.994115	-71.246808	-57.016836	38.714576
62474	9.189311	-9.752926	0.672444	-1.796331	0.232943	-1.971478	-71.510831	-58.044977	37.807658
62475	9.207367	-9.405529	0.767988	-1.573609	0.163515	-1.981970	-71.682049	-59.101977	36.950880
62476	9.302113	-9.013849	0.728716	-1.340908	0.074383	-2.034767	-71.757141	-60.195924	36.147660
62477	9.083552	-8.463442	0.740089	-1.116077	0.007727	-2.091314	-71.720156	-61.341093	35.371704
62478	8.730400	-7.831708	0.707727	-0.903059	-0.079851	-2.122435	-71.602113	-62.510111	34.651577
62479	8.515538	-7.331552	0.678411	-0.725517	-0.182175	-2.121549	-71.455923	-63.704410	34.020805
62480	8.522231	-6.900341	0.511835	-0.575128	-0.296622	-2.114354	-71.317077	-64.907037	33.501110
62481	8.657786	-6.472219	0.485982	-0.460611	-0.396416	-2.104823	-71.205166	-66.129997	33.087417
62482	9.003779	-6.127044	0.375519	-0.389816	-0.485811	-2.103444	-71.137041	-67.360830	32.770231
62483	9.128153	-5.701547	0.268523	-0.365602	-0.552255	-2.098195	-71.128855	-68.608387	32.534702
62484	9.183902	-5.421056	0.266607	-0.394002	-0.618078	-2.079094	-71.225712	-69.850476	32.396902
62485	9.560156	-5.313131	0.269787	-0.455897	-0.666572	-2.058117	-71.447318	-71.097297	32.354118
62486	9.840800	-5.098752	0.260469	-0.553612	-0.708743	-2.092877	-71.787127	-72.363599	32.377966
62487	10.179681	-4.924241	0.252115	-0.671915	-0.697866	-2.146372	-72.177024	-73.663897	32.382345
62488	10.136913	-4.948460	0.231537	-0.808111	-0.607915	-2.122794	-72.509373	-74.928813	32.246653
62489	9.718489	-4.884124	0.225966	-0.937758	-0.533974	-2.069628	-72.815654	-76.158810	32.007369
62490	9.498843	-4.838424	0.167604	-1.073105	-0.489854	-2.007489	-73.141509	-77.341083	31.710519
62491	9.493234	-4.885874	0.147840	-1.208633	-0.478742	-1.964251	-73.564073	-78.504499	31.433815
62492	9.399199	-4.719757	0.175936	-1.335097	-0.470368	-1.928833	-74.076052	-79.641249	31.176203
62493	9.523885	-4.565415	0.341468	-1.474697	-0.470738	-1.887438	-74.754237	-80.761570	31.006372
62494	9.711709	-4.588644	0.487824	-1.583502	-0.412800	-1.843320	-75.378153	-81.843269	30.719745
62495	9.640821	-4.484117	0.578367	-1.676541	-0.315703	-1.794657	-75.747623	-82.889971	30.122828
62496	9.577353	-4.226083	0.584226	-1.755422	-0.227471	-1.753889	-75.707549	-83.896299	29.070041
62497	9.783792	-4.204963	0.497125	-1.838206	-0.155778	-1.717360	-75.138521	-84.876586	27.439597
62498	10.084150	-4.327884	0.467880	-1.898524	-0.067801	-1.709000	-73.426017	-85.830241	24.630207
62499	10.182852	-4.470333	0.396471	-1.955651	0.009590	-1.732815	-69.614695	-86.776136	19.687930
62500	9.820145	-4.828523	0.419817	-1.968958	0.123733	-1.745091	-60.783780	-87.657696	9.717496
62501	8.925692	-5.059945	0.397697	-1.955007	0.188769	-1.690702	-41.955652	-88.362373	-10.242428
62502	8.192368	-5.160556	0.376507	-1.909829	0.218573	-1.575225	-9.247812	-88.652372	-44.055212
62503	7.714424	-5.182451	0.398929	-1.846707	0.221699	-1.415352	21.419280	-88.433947	-75.790198
62504	7.539235	-5.055255	0.354120	-1.768295	0.187427	-1.235946	38.401041	-87.982413	-93.793606
62505	7.728061	-4.694232	0.368134	-1.690134	0.162207	-1.063560	47.262244	-87.498064	-103.630744
62506	7.748036	-4.214762	0.388891	-1.623110	0.156112	-0.917408	52.046938	-87.039058	-109.351815
62507	7.990815	-3.816859	0.332522	-1.570575	0.106075	-0.827834	55.388588	-86.620016	-113.599782
62508	8.308619	-3.393452	0.195015	-1.580786	0.032898	-0.803092	58.264576	-86.224379	-117.388808
62509	8.598149	-3.007930	0.219321	-1.635103	0.009727	-0.800039	60.652551	-85.826199	-120.721555
62510	8.539983	-2.789329	0.211504	-1.695758	0.095184	-0.735989	61.719929	-85.430376	-122.766424
62511	8.099888	-2.854513	0.190276	-1.762701	0.201713	-0.616127	61.536036	-85.064663	-123.595227
62512	7.719920	-2.750303	0.044760	-1.820493	0.234106	-0.502468	60.738816	-84.747790	-123.842002
62513	7.589812	-2.692240	-0.095742	-1.896974	0.200810	-0.402426	59.830169	-84.490714	-124.020897
62514	7.398011	-2.748043	-0.221093	-1.957298	0.140166	-0.315324	58.946018	-84.294347	-124.259290
62515	7.355148	-2.866301	-0.212947	-1.963526	0.073902	-0.202033	58.084449	-84.174128	-124.523927
62516	7.403374	-3.065698	-0.135005	-1.950292	0.011848	-0.077067	57.146065	-84.133231	-124.703867
62517	7.489550	-3.029018	-0.086304	-1.907084	-0.053933	0.029623	56.234594	-84.165425	-124.885865
62518	7.758449	-3.100824	-0.043149	-1.880818	-0.082929	0.115516	55.180421	-84.246916	-124.909395
62519	7.871727	-3.184048	-0.035914	-1.879600	-0.085027	0.194174	53.872256	-84.367273	-124.676861
62520	7.734545	-3.496879	-0.052795	-1.899502	-0.061951	0.273581	52.110001	-84.513871	-123.999710
62521	7.492502	-3.777775	-0.048474	-1.929507	-0.042932	0.376367	49.783977	-84.698820	-122.773642
62522	7.215211	-4.260888	-0.077084	-1.989471	-0.000515	0.520770	46.457920	-84.921308	-120.578430
62523	6.706022	-3.058747	-1.249559	-1.914444	-0.023713	0.630704	42.502928	-85.186843	-117.709545
62524	8.399962	4.936656	-1.245399	-2.023230	-1.249866	1.579798	38.319003	-86.319414	-114.676661
62525	11.584071	7.619154	-3.858741	-2.135388	-1.216709	1.522994	31.309950	-87.394112	-108.882598
62526	12.856240	-1.028048	-3.286043	-2.847206	-0.000240	2.315579	-0.903589	-87.755255	-78.274425
62527	5.763708	-1.331811	0.322038	-2.154581	0.383542	2.032709	-27.064749	-87.251852	-53.325110
62528	8.277225	-0.851821	-1.276277	-2.133675	-0.381465	2.253681	-49.811462	-86.609407	-31.771041
62529	9.861879	-2.004396	-1.105299	-2.461611	0.044967	2.387683	-62.030900	-85.458397	-20.936978
62530	9.993050	-3.169140	-0.766334	-2.295315	0.138887	2.435952	-68.927333	-84.154355	-15.333073
62531	10.277822	-2.644635	-0.213031	-2.193547	0.462772	2.444794	-72.107526	-82.745971	-13.397593
62532	10.945587	-4.017805	0.620116	-2.102486	0.609787	2.297670	-73.695405	-81.385279	-13.010683
62533	11.227274	-4.430428	1.744770	-1.896611	0.790342	2.073372	-74.152993	-80.118841	-13.648549
62534	10.179081	-3.890113	2.915822	-1.614407	0.947802	1.923034	-73.897068	-78.910354	-14.849436
62535	13.984546	-5.298699	5.439678	-1.212670	0.917233	1.816410	-73.577087	-77.764271	-15.886171
62536	11.036779	-4.245993	5.830692	-0.758014	1.397463	1.742153	-71.953339	-76.573777	-17.996782
62537	10.060558	-5.667566	7.147347	-0.234346	0.910583	1.593434	-71.265913	-75.542733	-18.843956
62538	8.790313	-3.914876	4.789253	0.253446	0.235259	1.516577	-71.679450	-74.676293	-18.265755
62539	10.297328	-3.820297	1.055489	0.163537	-0.250744	1.558922	-73.041957	-73.867935	-16.753427
62540	10.530036	-2.725292	-0.754939	0.003299	-0.034878	1.465994	-73.910426	-73.068623	-15.845513
62541	10.472118	-3.593899	-0.252655	-0.216787	0.130459	1.433726	-74.528158	-72.257063	-15.329079
62542	13.496439	-5.903073	2.347319	-0.225847	0.194815	1.221711	-74.893796	-71.552699	-15.080507
62543	11.170963	-5.344325	1.088781	0.029851	0.354228	0.942119	-74.723986	-70.977719	-15.242374
62544	9.423122	-4.625901	1.119697	0.028513	0.157091	0.589323	-74.714672	-70.628564	-15.234888
62545	9.991591	-3.722051	0.171876	0.114394	-0.029506	0.398785	-74.872195	-70.411455	-14.998928
62546	10.133049	-3.528264	0.223392	-0.009390	0.286491	0.359958	-74.587949	-70.169549	-15.306528
62547	8.735017	-3.889094	1.267322	-0.021902	0.321861	0.320440	-74.254469	-69.942140	-15.675336
62548	8.928945	-3.503834	1.078319	0.109854	0.050731	0.242832	-74.219087	-69.800632	-15.645934
62549	9.467498	-3.371037	0.475661	0.089150	0.092896	0.250258	-74.142626	-69.647069	-15.673700
62550	9.431932	-3.512120	0.521406	0.077422	0.230651	0.236659	-73.858382	-69.480589	-15.929645
62551	9.146922	-3.754303	1.008829	0.049039	0.275322	0.190237	-73.516339	-69.330609	-16.265769
62552	8.911030	-3.552162	0.978357	0.106396	0.174159	0.128133	-73.258787	-69.232023	-16.475902
62553	9.187756	-3.616255	0.893491	0.092558	0.164389	0.114249	-73.025995	-69.140982	-16.668969
62554	9.188899	-3.475602	0.821643	0.114282	0.169418	0.079990	-72.753531	-69.068915	-16.890475
62555	9.042231	-3.387983	1.039740	0.083540	0.216140	0.094535	-72.447126	-68.979127	-17.168138
62556	9.000072	-3.442757	1.059165	0.090887	0.168400	0.096585	-72.200658	-68.897402	-17.376398
62557	9.067963	-3.471222	1.127796	0.075420	0.162990	0.102245	-71.981662	-68.811886	-17.565655
62558	8.947156	-3.339039	1.155364	0.086034	0.135016	0.119102	-71.798401	-68.723280	-17.709328
62559	9.033561	-3.443156	0.953482	0.088958	0.107925	0.136257	-71.666995	-68.628714	-17.796465
62560	9.151070	-3.478058	1.038657	0.064728	0.142763	0.143724	-71.499087	-68.525042	-17.936945
62561	9.014710	-3.500593	1.024803	0.066107	0.139081	0.131135	-71.337664	-68.427397	-18.070556
62562	9.025516	-3.464523	1.150674	0.054238	0.143055	0.141579	-71.177197	-68.324546	-18.209693
62563	8.925715	-3.658686	1.257200	0.044328	0.123576	0.129790	-71.051277	-68.230242	-18.318714
62564	9.033658	-3.691485	1.098581	0.069011	0.048547	0.104232	-70.995177	-68.165025	-18.336499
62565	9.155865	-3.477772	0.938911	0.068181	0.091895	0.089504	-70.881019	-68.098312	-18.418237
62566	8.992565	-3.438059	1.089080	0.024733	0.146286	0.096997	-70.716374	-68.018567	-18.580411
62567	8.970012	-3.642114	1.323937	0.002682	0.144126	0.091120	-70.572147	-67.940919	-18.735166
62568	8.772773	-3.624127	1.404871	0.007464	0.062680	0.079775	-70.522565	-67.886167	-18.784009
62569	9.028085	-3.577932	1.185172	0.029283	-0.012023	0.080326	-70.566514	-67.844018	-18.719284
62570	9.137171	-3.620709	1.051057	0.000630	0.030495	0.074944	-70.561415	-67.798017	-18.724350
62571	9.083861	-3.728698	1.105819	0.007765	0.040321	0.066208	-70.541629	-67.753505	-18.741758
62572	9.122981	-3.663392	1.046822	0.026218	0.044191	0.050173	-70.492348	-67.718266	-18.778727
62573	9.091653	-3.682550	1.064682	0.021518	0.088809	0.040328	-70.389072	-67.678403	-18.877879
62574	9.109606	-3.701322	1.051510	0.037199	0.103457	0.030278	-70.246777	-67.642412	-19.008626
62575	9.045486	-3.652874	1.078319	0.039432	0.138820	0.013181	-70.055821	-67.607255	-19.191564
62576	8.949486	-3.453024	1.235186	0.033318	0.171211	0.016539	-69.821818	-67.565013	-19.423989
62577	8.789141	-3.500621	1.481902	0.005109	0.181343	0.031078	-69.605246	-67.511264	-19.656050
62578	8.674940	-3.543486	1.526765	0.007244	0.086806	0.050587	-69.513672	-67.467047	-19.750634
62579	9.037661	-3.460948	1.093696	0.053348	0.025751	0.082933	-69.496917	-67.416338	-19.736547
62580	8.964307	-3.367645	1.281504	0.016355	0.117167	0.125988	-69.398146	-67.325491	-19.833353
62581	8.817257	-3.629150	1.391902	0.026160	0.080707	0.168276	-69.367864	-67.217962	-19.850812
62582	9.118453	-3.694410	1.108689	0.079682	0.033259	0.175881	-69.364790	-67.117251	-19.804561
62583	8.994073	-3.679373	1.175915	0.059715	0.129073	0.172382	-69.256499	-66.997713	-19.885893
62584	8.884938	-3.705656	1.343634	0.063132	0.135005	0.170497	-69.132570	-66.879233	-19.981220
62585	8.787051	-3.688449	1.489764	0.051437	0.108417	0.170141	-69.055693	-66.764991	-20.033696
62586	8.925229	-3.893454	1.293174	0.061123	0.043661	0.141828	-69.034497	-66.680470	-20.018595
62587	8.919721	-3.721448	1.274931	0.055112	0.075126	0.110427	-68.969187	-66.604945	-20.056253
62588	8.827264	-3.597034	1.400043	0.048859	0.110380	0.121477	-68.863404	-66.517567	-20.140987
62589	8.779297	-3.845005	1.412927	0.052018	0.087954	0.121412	-68.790141	-66.433471	-20.189307
62590	8.833830	-3.735532	1.470361	0.070675	0.079656	0.083816	-68.692698	-66.372482	-20.251401
62591	8.680100	-3.737326	1.577268	0.023794	0.056316	0.092403	-68.661117	-66.310388	-20.271922
62592	9.006695	-3.819575	1.326418	0.077631	0.000430	0.094669	-68.661604	-66.260090	-20.222757
62593	9.049399	-3.838896	1.276291	0.047242	0.059091	0.094911	-68.614583	-66.196056	-20.245487
62594	8.888735	-3.949774	1.324503	0.065983	0.061778	0.076398	-68.538927	-66.142694	-20.286814
62595	8.869306	-3.837342	1.391376	0.060059	0.068403	0.035135	-68.445486	-66.108531	-20.352307
62596	8.686170	-3.772624	1.663773	0.022612	0.069903	0.021121	-68.359110	-66.082852	-20.432564
62597	8.810967	-3.771847	1.514172	0.037673	-0.017571	0.028948	-68.379033	-66.070064	-20.388090
62598	8.986166	-3.775733	1.382175	0.015006	-0.018947	0.034232	-68.409988	-66.056142	-20.344764
62599	8.884232	-3.862967	1.378544	-0.008846	-0.006276	0.032013	-68.444369	-66.039317	-20.313624
62600	8.927298	-3.886712	1.299382	0.011230	-0.037751	0.015950	-68.491304	-66.039070	-20.255170
62601	8.945446	-3.825695	1.321517	0.008016	-0.008902	0.012063	-68.509713	-66.033404	-20.230936
62602	8.979689	-3.881097	1.286519	0.021726	-0.012357	0.012303	-68.518439	-66.029754	-20.207712
62603	9.068019	-3.838206	1.255312	0.028977	-0.001755	0.006217	-68.513534	-66.025698	-20.195855
62604	9.029796	-3.792232	1.214807	0.029213	0.012971	0.013483	-68.488163	-66.016102	-20.205253
62605	9.108226	-3.781275	1.174534	0.045605	0.026065	0.025668	-68.449656	-65.995842	-20.219755
62606	8.994714	-3.825016	1.375843	0.034435	0.068695	0.032385	-68.363673	-65.964420	-20.292239
62607	8.909351	-3.941065	1.443514	0.047277	0.020313	0.026197	-68.331494	-65.945091	-20.298781
62608	9.024485	-3.801020	1.286740	0.051271	0.000719	0.021532	-68.312010	-65.933791	-20.287896
62609	9.095756	-3.901692	1.242757	0.025896	0.027360	0.016024	-68.278928	-65.918374	-20.308852
62610	9.119473	-3.821287	1.312962	0.046920	-0.008888	0.025428	-68.275231	-65.907040	-20.283403
62611	9.173336	-3.896758	1.310611	0.022793	-0.024264	0.038850	-68.316244	-65.890418	-20.225150
62612	9.009192	-4.025433	1.414085	0.031386	-0.048663	0.032552	-68.372075	-65.883688	-20.144227
62613	8.929183	-4.031102	1.181280	0.077760	-0.076528	0.016894	-68.433386	-65.889729	-20.029229
62614	9.215201	-3.903371	0.575535	0.155801	0.038709	-0.031859	-68.283542	-65.898833	-20.095541
62615	8.694357	-3.531425	1.617863	0.087053	0.473540	-0.086018	-67.637961	-65.841638	-20.749304
62616	7.142593	-3.178378	3.052135	-0.030210	0.291540	-0.028963	-67.298049	-65.793276	-21.140837
62617	8.635846	-3.535161	1.777552	0.139071	-0.201844	0.025818	-67.475352	-65.823000	-20.860085
62618	9.018287	-3.618732	1.432258	-0.083849	0.033821	0.053253	-67.510075	-65.787714	-20.874635
62619	8.838324	-3.970112	1.420481	0.008732	-0.055100	0.058233	-67.604844	-65.767844	-20.766193
62620	9.223959	-3.865440	1.128127	0.005321	0.010222	0.057872	-67.618340	-65.735274	-20.747996
62621	8.942006	-4.042536	1.301476	0.024724	0.065943	0.047077	-67.556213	-65.694849	-20.801590
62622	9.018457	-3.865648	1.378910	0.049741	0.058821	0.030205	-67.473980	-65.666289	-20.860505
62623	8.863200	-3.869572	1.462377	0.036636	0.079675	0.022756	-67.377612	-65.635642	-20.944235
62624	8.829741	-3.805898	1.526029	0.046699	0.057588	0.018628	-67.293257	-65.613399	-21.007419
62625	8.692448	-3.749460	1.740340	0.017010	0.059211	0.020832	-67.231405	-65.588194	-21.065632
62626	8.702781	-3.797950	1.654560	0.022286	-0.016325	0.026716	-67.251200	-65.578018	-21.029819
62627	8.896294	-3.832134	1.533734	0.000358	-0.022941	0.029951	-67.298905	-65.566164	-20.978184
62628	8.877504	-3.895483	1.453521	0.007527	-0.030603	0.024102	-67.342435	-65.560503	-20.925582
62629	9.036919	-3.872876	1.312225	0.016461	-0.000313	0.017059	-67.348269	-65.550439	-20.909801
62630	8.879047	-3.888409	1.476591	0.021600	0.026077	0.017029	-67.314368	-65.535998	-20.933396
62631	8.890734	-3.847011	1.458895	0.044677	0.014896	0.015103	-67.285459	-65.523611	-20.938029
62632	8.898871	-3.817005	1.474532	0.037027	0.038883	0.023832	-67.231241	-65.502726	-20.974242
62633	8.744048	-3.819926	1.554872	0.040528	0.041812	0.018409	-67.175195	-65.482614	-21.011317
62634	8.867901	-3.742990	1.508482	0.043025	0.049036	0.016625	-67.102434	-65.463242	-21.064147
62635	8.729673	-3.774015	1.601021	0.025773	0.078869	0.026479	-67.016154	-65.430556	-21.143771
62636	8.713447	-3.738153	1.618763	0.035295	0.035925	0.037072	-66.973175	-65.403282	-21.168744
62637	8.846289	-3.802294	1.524709	0.022675	0.035447	0.046845	-66.948897	-65.369532	-21.182156
62638	8.828306	-3.858313	1.527498	0.017984	0.037435	0.044786	-66.918005	-65.337841	-21.204756
62639	8.842285	-3.808437	1.478545	0.026834	0.043183	0.041828	-66.880131	-65.304987	-21.230518
62640	8.859628	-3.830355	1.516563	0.020374	0.058549	0.051669	-66.827231	-65.264902	-21.275850
62641	8.843824	-3.876926	1.543677	0.024617	0.062847	0.054103	-66.774394	-65.221131	-21.319512
62642	8.820347	-3.864262	1.571656	0.019566	0.054730	0.053822	-66.727676	-65.180742	-21.358574
62643	8.867758	-3.871482	1.545524	0.026376	0.062444	0.048224	-66.671727	-65.140119	-21.404588
62644	8.724039	-3.833806	1.605637	0.020608	0.065898	0.046138	-66.608279	-65.101203	-21.461459
62645	8.821128	-3.845068	1.601921	0.025381	0.050417	0.053195	-66.569260	-65.060663	-21.489466
62646	8.783672	-3.794066	1.641058	0.016928	0.063985	0.054106	-66.514320	-65.017955	-21.539316
62647	8.725378	-3.896125	1.644078	0.008337	0.052966	0.059237	-66.485364	-64.973640	-21.567015
62648	8.779392	-3.883167	1.605528	0.010282	0.028902	0.056024	-66.474886	-64.937923	-21.572026
62649	8.800071	-3.895144	1.608645	0.001590	0.031403	0.056126	-66.472597	-64.900159	-21.574568
62650	8.875821	-3.898452	1.492230	0.011266	0.018315	0.056213	-66.473536	-64.866764	-21.566349
62651	8.922402	-3.908069	1.518387	0.010093	0.052966	0.067016	-66.447602	-64.818347	-21.589638
62652	8.838576	-3.924232	1.566206	0.018061	0.062080	0.065045	-66.400152	-64.770287	-21.630593
62653	8.821181	-3.891223	1.584217	0.028178	0.068282	0.063096	-66.345172	-64.720400	-21.674568
62654	8.763136	-3.904223	1.656031	0.021148	0.077993	0.069801	-66.280975	-64.666148	-21.732124
62655	8.723645	-3.943506	1.629798	0.034253	0.075028	0.063275	-66.215547	-64.614567	-21.783852
62656	8.778267	-3.841917	1.662215	0.027593	0.072192	0.073414	-66.156319	-64.559709	-21.831870
62657	8.745520	-3.941459	1.634900	0.021449	0.078546	0.079106	-66.102507	-64.498971	-21.878909
62658	8.723570	-3.920324	1.686071	0.027049	0.069372	0.073937	-66.047386	-64.444454	-21.922767
62659	8.819387	-3.934841	1.683870	0.020145	0.061744	0.079466	-66.013296	-64.387398	-21.948818
62660	8.755184	-3.968836	1.709561	0.007601	0.053730	0.076705	-65.988063	-64.335053	-21.971924
62661	8.759452	-3.953402	1.649176	0.016293	0.041099	0.074228	-65.976294	-64.285540	-21.975678
62662	8.832278	-3.961101	1.644539	0.012657	0.048395	0.081940	-65.956649	-64.231694	-21.989385
62663	8.761118	-3.936062	1.670104	0.005397	0.053346	0.083996	-65.942661	-64.174211	-22.002547
62664	8.773298	-3.971717	1.685849	0.008767	0.050914	0.085017	-65.924134	-64.118164	-22.017502
62665	8.688124	-3.988996	1.731962	-0.002264	0.051090	0.091447	-65.920660	-64.057309	-22.023872
62666	8.723551	-3.952405	1.737570	0.004702	0.037972	0.092174	-65.921888	-64.000542	-22.019457
62667	8.802848	-3.941258	1.720843	-0.013155	0.026665	0.097968	-65.953912	-63.941978	-21.993273
62668	8.863802	-3.992781	1.624911	-0.015775	0.015605	0.118166	-66.003020	-63.876823	-21.948605
62669	8.802517	-3.931464	1.735524	-0.031097	0.044901	0.132733	-66.042049	-63.795807	-21.926046
62670	8.662764	-4.038932	1.743227	-0.048544	0.033174	0.145271	-66.103554	-63.712342	-21.888430
62671	8.741578	-4.032420	1.670034	-0.031870	0.018931	0.149499	-66.177868	-63.628542	-21.826964
62672	8.828266	-3.989085	1.793573	-0.035198	0.008927	0.176372	-66.271077	-63.534327	-21.745351
62673	8.715582	-4.096053	1.711740	-0.061336	0.012951	0.194798	-66.388414	-63.428050	-21.654573
62674	8.565575	-4.069339	1.816329	-0.052671	0.006607	0.188431	-66.498209	-63.327895	-21.565461
62675	8.659151	-4.016512	1.795282	-0.066256	-0.025848	0.194017	-66.656881	-63.230684	-21.431401
62676	8.790283	-4.090318	1.661525	-0.077897	-0.033133	0.216609	-66.833374	-63.124477	-21.283589
62677	8.904242	-4.130124	1.647831	-0.083007	-0.022625	0.240163	-67.016391	-63.001863	-21.132732
62678	8.857639	-4.186982	1.608179	-0.090546	-0.014402	0.269987	-67.201351	-62.862885	-20.983228
62679	8.869043	-4.221305	1.604038	-0.082112	-0.007530	0.293831	-67.388289	-62.708146	-20.827021
62680	8.816822	-4.135109	1.689098	-0.097644	0.008333	0.323939	-67.573435	-62.535184	-20.681470
62681	8.729400	-4.231315	1.616082	-0.107396	-0.002947	0.354485	-67.791451	-62.346840	-20.506072
62682	8.639045	-4.252336	1.696990	-0.108070	-0.000956	0.370005	-68.006381	-62.150942	-20.333121
62683	8.786821	-4.264820	1.685945	-0.110248	-0.009943	0.392957	-68.243192	-61.943025	-20.137670
62684	8.818723	-4.239474	1.672168	-0.128152	-0.006524	0.433269	-68.494422	-61.713955	-19.935918
62685	8.739241	-4.450842	1.508108	-0.130153	0.020535	0.460875	-68.732218	-61.462688	-19.751482
62686	8.763240	-4.435116	1.661154	-0.120096	0.042749	0.478558	-68.940737	-61.198458	-19.592199
62687	8.655942	-4.494817	1.680470	-0.123431	0.088814	0.491225	-69.113079	-60.916342	-19.477240
62688	8.454261	-4.527685	1.623644	-0.136110	0.109855	0.511043	-69.272225	-60.620585	-19.384183
62689	8.746934	-4.480504	2.022352	-0.141661	0.120281	0.510921	-69.427055	-60.321249	-19.300715
62690	8.919526	-4.438464	1.793311	-0.170057	0.082151	0.633354	-69.668983	-59.965100	-19.134056
62691	9.063835	-4.900138	1.964148	-0.210166	0.191645	0.702989	-69.856695	-59.548118	-19.057362
62692	8.762162	-4.726527	1.642583	-0.177760	0.175016	0.772332	-70.055825	-59.098345	-18.944199
62693	8.947848	-5.014567	1.650479	-0.192291	0.194991	0.821521	-70.261335	-58.616601	-18.834049
62694	8.859296	-4.945378	1.683868	-0.183181	0.183730	0.879345	-70.480464	-58.106994	-18.699890
62695	8.915162	-5.090473	1.779744	-0.161773	0.159512	0.904709	-70.714668	-57.586660	-18.534033
62696	8.746074	-5.030653	1.666825	-0.173791	0.182126	0.959773	-70.942445	-57.033283	-18.381649
62697	8.583750	-5.178108	1.689582	-0.157279	0.205775	1.016360	-71.155414	-56.443203	-18.236071
62698	8.456883	-5.066135	1.868754	-0.161878	0.209757	1.067684	-71.371745	-55.825579	-18.087186
62699	8.362365	-4.885264	2.171762	-0.194858	0.188703	1.132661	-71.638085	-55.174831	-17.900883
62700	9.148342	-5.271342	2.011061	-0.237523	0.157490	1.188593	-71.954852	-54.500009	-17.679825
62701	9.744937	-5.618936	1.540187	-0.234765	0.246600	1.343127	-72.234587	-53.723352	-17.502002
62702	9.246894	-5.972222	1.260443	-0.199795	0.395348	1.499657	-72.409860	-52.836196	-17.426099
62703	8.805765	-6.119804	1.377483	-0.111491	0.465640	1.596169	-72.505275	-51.882964	-17.387844
62704	8.828133	-5.776796	1.767840	-0.056723	0.535019	1.678856	-72.533773	-50.873687	-17.392907
62705	8.464740	-5.912680	1.905359	-0.091531	0.632305	1.761728	-72.538581	-49.801381	-17.456504
62706	8.154791	-6.083209	2.045136	-0.103991	0.633528	1.809080	-72.557345	-48.704001	-17.510321
62707	8.101593	-5.920059	2.387444	-0.100747	0.654024	1.848164	-72.573751	-47.580832	-17.567643
62708	8.017668	-5.897078	2.260680	-0.154019	0.706343	1.885036	-72.594802	-46.429462	-17.659448
62709	7.185324	-5.899942	2.273184	-0.195825	0.785448	1.941678	-72.610665	-45.232802	-17.795694
62710	7.899933	-6.448835	2.804718	-0.197191	0.767071	1.921008	-72.634300	-44.051412	-17.922779
62711	8.255769	-6.087631	3.123322	-0.198786	0.926160	1.897345	-72.579354	-42.855003	-18.170290
62712	7.601772	-6.553267	2.930577	-0.315026	1.133734	1.903446	-72.494609	-41.620030	-18.564791
62713	7.881046	-6.679178	2.998978	-0.287088	1.182512	1.833861	-72.375767	-40.413624	-18.998540
62714	7.566200	-6.398668	3.170867	-0.392714	1.368376	1.808370	-72.240958	-39.188532	-19.560554
62715	6.723284	-6.550860	3.107602	-0.565947	1.366438	1.803726	-72.224479	-37.965476	-20.109040
62716	6.477344	-6.935555	3.059811	-0.633090	1.293982	1.811660	-72.289807	-36.751197	-20.599081
62717	7.349233	-6.347073	3.479231	-0.674865	1.313757	1.782112	-72.380993	-35.550007	-21.102041
62718	6.972418	-6.788148	3.461595	-0.794698	1.600237	1.775428	-72.440815	-34.303534	-21.792756
62719	6.823030	-6.744892	3.512593	-0.880327	1.636584	1.774740	-72.554890	-33.052167	-22.498597
62720	6.514912	-6.954319	3.311042	-0.975210	1.754033	1.795305	-72.699828	-31.770659	-23.270558
62721	5.683618	-7.052640	2.910879	-1.079989	1.775003	1.862340	-72.924094	-30.451401	-24.035976
62722	5.915797	-7.554686	3.083011	-1.157253	1.691594	1.890282	-73.236864	-29.133442	-24.740900
62723	6.148964	-7.738215	3.099818	-1.234970	1.658127	1.942299	-73.624165	-27.796713	-25.414765
62724	6.614410	-8.081365	3.036070	-1.328433	1.659449	1.970169	-74.078448	-26.448264	-26.087781
62725	6.384333	-8.444407	3.043612	-1.424696	1.726305	2.021747	-74.587319	-25.066937	-26.797069
62726	6.495192	-8.239552	3.014073	-1.451495	1.740907	2.054774	-75.122293	-23.670201	-27.516036
62727	5.765123	-7.863109	2.620793	-1.562498	1.795989	2.143672	-75.727726	-22.223981	-28.261208
62728	4.616612	-8.022240	1.979834	-1.694860	1.657589	2.284360	-76.460006	-20.725526	-28.913499
62729	3.882510	-8.175918	1.472340	-1.837370	1.333275	2.430049	-77.357916	-19.198082	-29.369011
62730	3.690045	-8.516734	1.014834	-1.940132	0.991043	2.586481	-78.388474	-17.630209	-29.625662
62731	4.299625	-8.307268	1.209375	-1.970551	0.702396	2.757157	-79.490683	-16.004444	-29.721117
62732	4.903191	-8.424535	1.134839	-2.017547	0.595787	2.954527	-80.634844	-14.278396	-29.766477
62733	5.031248	-8.410329	1.176550	-2.010504	0.569426	3.149474	-81.776708	-12.447347	-29.813795
62734	5.282060	-8.331464	0.989209	-1.947471	0.607734	3.292024	-82.873709	-10.531821	-29.908542
62735	5.173660	-7.994428	0.774397	-1.891209	0.787159	3.441992	-83.921124	-8.523518	-30.132436
62736	4.893848	-7.774389	0.499910	-1.857019	0.931131	3.619320	-84.942021	-6.408072	-30.464647
62737	4.961959	-7.909060	0.165276	-1.813468	1.055220	3.790765	-85.942091	-4.198086	-30.896175
62738	4.587727	-6.997355	-0.471116	-1.639709	1.178740	3.821402	-86.852762	-1.970700	-31.433020
62739	7.528392	-3.107637	0.518682	-1.120209	0.845634	2.918889	-87.487592	-0.280159	-31.834131
62740	11.728632	-6.483641	-0.179049	-1.445425	1.237921	1.755886	-88.318504	0.750963	-32.505757
62741	14.143942	-8.482413	-0.107255	-0.998739	1.363818	0.047470	-88.901979	0.791931	-33.286098
62742	13.164884	-5.960218	0.388779	-0.860638	1.563371	-1.330664	-89.401662	0.042646	-34.192688
62743	11.123023	-5.756900	0.202990	-0.629355	1.701429	-2.474405	-89.751345	-1.375103	-35.177812
62744	9.817072	-6.863513	0.292614	-0.322370	1.934812	-3.250661	-89.891183	-3.234381	-36.292674
62745	7.316783	-8.121782	0.522152	0.170804	2.118596	-3.690507	-89.701776	-5.353397	-37.517223
62746	4.977896	-8.373735	0.563873	0.781097	2.004908	-3.913209	-89.121293	-7.583857	-38.695986
62747	4.175847	-8.074512	0.324747	1.351167	1.705990	-3.941266	-88.189004	-9.828036	-39.737995
62748	4.518440	-7.956723	-0.009632	1.783737	1.443472	-3.881697	-86.989348	-12.015557	-40.674405
62749	5.321944	-7.829363	-0.458043	2.140709	1.199068	-3.933100	-85.568181	-14.229621	-41.528450
62750	6.189442	-7.649574	-0.967715	2.384339	1.029272	-4.125517	-83.981113	-16.530050	-42.360380
62751	6.826814	-7.525185	-1.307178	2.540309	0.883422	-4.408390	-82.266949	-18.987496	-43.205558
62752	8.179391	-7.025860	-1.559054	2.579091	0.815121	-4.693412	-80.469193	-21.576303	-44.127645
62753	9.433850	-6.855991	-2.205690	2.471530	1.022482	-4.892150	-78.593509	-24.237310	-45.305963
62754	9.545570	-6.577880	-2.621658	2.259985	1.313086	-5.041687	-76.650485	-26.897941	-46.806520
62755	8.995099	-6.691514	-3.203749	1.951314	1.495181	-5.154708	-74.693403	-29.559640	-48.578218
62756	7.817379	-6.687716	-3.425200	1.638155	1.617064	-5.153482	-72.728706	-32.134530	-50.578211
62757	6.432693	-6.720718	-3.596095	1.312650	1.574024	-4.982990	-70.823811	-34.577195	-52.672919
62758	5.705340	-7.072936	-3.646381	0.972496	1.380253	-4.685350	-69.071031	-36.828382	-54.720809
62759	6.063432	-7.550178	-3.704643	0.640622	1.109220	-4.374631	-67.522461	-38.935163	-56.643643
62760	6.970091	-7.713466	-3.738719	0.304721	0.855176	-4.137087	-66.190949	-40.922723	-58.445685
62761	8.029144	-7.871774	-3.720408	-0.028926	0.663442	-3.982840	-65.051386	-42.857450	-60.176365
62762	9.079955	-8.157513	-3.695718	-0.329339	0.599454	-3.875285	-64.027979	-44.715050	-61.927704
62763	9.611032	-8.554072	-3.599606	-0.602595	0.633899	-3.775981	-63.056076	-46.503514	-63.770490
62764	9.590523	-8.815209	-3.578737	-0.851512	0.676360	-3.656619	-62.123795	-48.185533	-65.701244
62765	9.376587	-8.973734	-3.520004	-1.085348	0.699541	-3.503725	-61.245330	-49.776395	-67.689539
62766	9.142948	-9.067874	-3.436112	-1.320864	0.669952	-3.318568	-60.471563	-51.250716	-69.672506
62767	9.189854	-9.243449	-3.287792	-1.560979	0.629957	-3.131710	-59.825465	-52.641110	-71.628822
62768	9.519530	-9.303497	-3.110013	-1.769146	0.650764	-2.933600	-59.266767	-53.901563	-73.590481
62769	9.832928	-9.274399	-3.065628	-1.972412	0.734268	-2.744002	-58.758841	-55.046605	-75.603311
62770	9.906305	-9.035813	-3.171361	-2.161173	0.850028	-2.579125	-58.266767	-56.052855	-77.701539
62771	9.731145	-8.931959	-3.255599	-2.351120	0.932837	-2.457331	-57.802761	-56.978242	-79.873230
62772	9.611825	-8.754648	-3.467742	-2.523090	0.949534	-2.348548	-57.402917	-57.823407	-82.063700
62773	9.722679	-8.516705	-3.627264	-2.691518	0.932468	-2.264105	-57.087632	-58.639250	-84.248667
62774	10.043808	-8.333120	-3.789703	-2.843877	0.904542	-2.219168	-56.838243	-59.423079	-86.439750
62775	10.281981	-8.156009	-3.802459	-2.993619	0.898035	-2.202352	-56.625585	-60.209944	-88.670267
62776	10.002734	-8.207056	-3.703939	-3.107910	0.853934	-2.203504	-56.446541	-60.993857	-90.919588
62777	9.634468	-8.392995	-3.411496	-3.151892	0.781434	-2.206246	-56.286521	-61.812566	-93.158901
62778	9.205080	-8.548093	-3.137087	-3.129916	0.703146	-2.168503	-56.133088	-62.621559	-95.359229
62779	8.926049	-8.462370	-2.839999	-3.080598	0.613175	-2.090116	-56.014594	-63.433352	-97.472892
62780	8.877861	-8.276849	-2.656425	-3.003350	0.554106	-2.003822	-55.893159	-64.207364	-99.525636
62781	8.948094	-8.067012	-2.530987	-2.925737	0.505494	-1.907301	-55.776526	-64.962995	-101.510903
62782	9.137309	-7.888836	-2.414538	-2.846591	0.476939	-1.820012	-55.638248	-65.670991	-103.457998
62783	9.228816	-7.678801	-2.317224	-2.765404	0.461965	-1.742865	-55.465911	-66.358691	-105.381009
62784	9.132640	-7.495242	-2.225943	-2.670843	0.428465	-1.678172	-55.259864	-67.010699	-107.271665
62785	9.039867	-7.445341	-2.054092	-2.563002	0.381285	-1.606948	-55.043100	-67.655294	-109.098137
62786	8.834561	-7.404552	-1.950625	-2.427127	0.298407	-1.538972	-54.836696	-68.279268	-110.820940
62787	8.491375	-7.251503	-1.865049	-2.290671	0.130283	-1.496076	-54.735549	-68.950201	-112.339213
62788	8.531732	-7.170254	-1.832303	-2.144547	-0.069300	-1.442729	-54.788403	-69.648659	-113.596192
62789	8.555260	-7.100780	-1.682479	-1.995295	-0.277129	-1.394466	-55.030867	-70.407096	-114.554789
62790	8.632498	-6.933177	-1.616321	-1.856021	-0.494011	-1.362009	-55.485344	-71.210020	-115.199522
62791	8.871266	-6.805815	-1.529321	-1.740751	-0.645245	-1.317562	-56.133888	-72.055316	-115.567400
62792	8.960310	-6.694021	-1.378370	-1.618826	-0.742212	-1.252865	-56.931837	-72.889002	-115.703244
62793	9.236395	-6.656276	-1.297173	-1.509629	-0.798090	-1.191855	-57.865518	-73.723426	-115.631946
62794	9.706169	-6.649284	-1.191927	-1.414779	-0.817465	-1.176605	-58.835051	-74.543423	-115.466697
62795	10.161322	-6.615403	-1.106565	-1.322768	-0.791945	-1.207982	-59.744643	-75.382559	-115.310169
62796	10.346477	-6.540990	-1.002832	-1.232131	-0.734551	-1.281387	-60.446701	-76.229157	-115.314158
62797	10.236239	-6.371319	-0.970864	-1.163608	-0.673814	-1.366642	-60.936507	-77.112849	-115.496515
62798	9.761592	-6.221112	-0.955915	-1.111652	-0.635588	-1.428392	-61.225353	-78.005649	-115.852923
62799	9.154379	-6.137738	-1.010073	-1.077106	-0.662005	-1.446060	-61.555637	-78.926124	-116.146195
62800	8.596546	-6.052739	-1.060694	-1.055588	-0.747329	-1.416332	-62.132804	-79.843982	-116.174282
62801	8.321923	-6.062820	-1.045714	-1.039975	-0.874181	-1.374956	-63.252638	-80.784692	-115.643199
62802	8.328206	-6.039591	-0.953311	-1.023023	-0.989476	-1.299067	-65.045666	-81.702098	-114.422093
62803	8.423823	-6.036714	-0.819792	-0.999273	-1.062567	-1.198090	-67.716816	-82.585133	-112.304065
62804	8.651408	-5.785780	-0.818025	-0.983818	-1.078658	-1.083550	-71.216629	-83.383862	-109.345836
62805	8.858542	-5.505342	-0.914387	-0.978493	-1.036220	-0.996881	-75.554049	-84.109888	-105.546894
62806	8.549849	-4.803919	-0.895530	-1.004996	-0.969338	-0.920613	-80.584623	-84.741522	-101.071026
62807	7.465807	-3.922684	-0.387202	-1.118469	-1.012367	-0.810211	-87.384010	-85.271138	-94.889425
62808	7.841244	-4.111909	0.008451	-1.271332	-1.221063	-0.685919	-97.113548	-85.637697	-85.860035
62809	9.208958	-4.338409	0.170836	-1.342892	-1.242858	-0.619037	-108.405571	-85.829825	-75.308660
62810	10.251055	-4.271850	0.464243	-1.388760	-1.098982	-0.618402	-119.166366	-85.900385	-65.317657
62811	10.876369	-4.142454	0.480504	-1.432925	-0.789727	-0.666362	-128.421314	-85.964582	-56.862734
62812	10.354768	-4.306946	0.450661	-1.493543	-0.446792	-0.704367	-135.921282	-86.091938	-50.202506
62813	9.400552	-4.355785	0.205376	-1.505624	-0.249778	-0.726431	-143.045426	-86.249342	-43.927163
62814	8.421063	-4.360844	-0.094137	-1.534011	-0.144895	-0.681753	-149.708946	-86.396497	-38.130616
62815	7.548057	-4.636044	-0.172865	-1.535105	-0.140891	-0.592347	-156.154933	-86.472652	-32.553380
62816	7.136745	-4.749170	-0.132178	-1.504131	-0.201551	-0.471605	-161.779424	-86.461567	-27.781591
62817	7.069349	-4.782863	0.040760	-1.493476	-0.281178	-0.339905	-166.414308	-86.352110	-23.994841
62818	7.360232	-4.773054	0.205901	-1.487811	-0.324212	-0.211015	-169.677748	-86.195073	-21.578704
62819	7.562494	-4.758888	0.481373	-1.503101	-0.305067	-0.100691	-171.852416	-86.023476	-20.262031
62820	7.636682	-4.899208	0.649281	-1.525184	-0.245063	0.016548	-172.860764	-85.882719	-20.127168
62821	7.454805	-5.005968	0.808288	-1.543352	-0.186052	0.120596	-173.032782	-85.760178	-20.841112
62822	7.169109	-5.152384	1.013496	-1.546280	-0.143816	0.219912	-172.394612	-85.662120	-22.369469
62823	6.972512	-5.257995	1.192857	-1.537788	-0.112620	0.319518	-171.074031	-85.563976	-24.577392
62824	6.864952	-5.424696	1.487002	-1.528903	-0.075948	0.429750	-168.953471	-85.478069	-27.583078
62825	7.328467	-5.418391	1.360844	-1.480801	-0.036726	0.532019	-166.168843	-85.384332	-31.227528
62826	28.040776	-4.495237	7.553896	-0.547343	0.287338	0.160454	-164.848810	-85.520433	-32.866276
62827	1.709138	7.574845	-8.215858	-2.290452	3.693755	1.806272	-136.643300	-86.901031	-62.443960
62828	7.675713	-3.657570	2.227815	-2.047391	1.403884	0.929568	-119.757856	-86.980834	-80.527793
62829	11.537581	1.081344	-1.252522	-0.794192	0.963473	0.801053	-107.660656	-86.779521	-93.098498
62830	8.598751	0.714087	1.127572	-1.887891	2.883855	1.217067	-80.812512	-86.188837	-121.078608
62831	6.622933	-1.359395	3.109546	-1.374230	1.651641	1.254610	-71.662924	-85.265368	-131.042928
62832	9.795666	0.157331	2.313422	-1.232872	1.221114	1.279777	-67.937909	-84.335238	-135.492444
62833	8.189419	-1.583599	3.260961	-1.451783	1.546480	1.443708	-64.444654	-83.224378	-139.843126
62834	8.618461	-1.771650	4.033193	-0.980171	1.045048	1.506370	-63.746032	-82.186698	-141.113544
62835	9.001259	-1.983268	4.192382	-0.795191	1.129842	1.593049	-63.075175	-81.085077	-142.252398
62836	8.063729	-1.893036	5.165547	-0.519017	0.970639	1.716012	-63.070896	-79.956953	-142.558176
62837	9.176362	-2.872601	5.063193	-0.104833	0.756078	1.801696	-63.561827	-78.844069	-142.120262
62838	8.817658	-2.886587	4.855375	0.237830	0.665778	1.850989	-64.034284	-77.724394	-141.498566
62839	9.400557	-2.711513	3.812212	0.486390	0.289768	1.919504	-65.186579	-76.662955	-140.031637
62840	11.392935	-3.790076	0.070608	0.645229	-0.072199	1.971614	-66.834955	-75.647860	-137.953225
62841	11.925817	-3.647325	-0.228980	0.439925	0.335361	1.703989	-67.363261	-74.676683	-137.146614
62842	9.842988	-3.339086	-0.719098	0.337513	0.434608	1.607219	-67.604177	-73.730962	-136.695236
62843	10.881881	-3.167501	0.131538	0.039181	0.252199	1.597027	-68.293554	-72.831473	-135.952877
62844	11.453604	-4.703439	0.136140	0.052125	0.553274	1.464893	-68.314046	-71.934733	-135.899995
62845	9.857112	-4.041788	1.820120	0.017489	0.523483	1.309277	-68.312972	-71.129627	-135.891623
62846	10.771858	-4.558179	1.887124	0.012177	0.276237	1.144587	-68.575837	-70.461853	-135.605836
62847	12.673036	-5.798420	0.737662	0.106542	0.303231	0.923778	-68.614443	-69.908237	-135.501078
62848	11.310227	-4.492451	0.298094	0.108851	0.526382	0.579164	-68.125544	-69.488905	-135.955808
62849	9.564086	-4.009450	0.984828	0.020581	0.638558	0.430217	-67.476013	-69.124961	-136.638822
62850	8.995557	-3.823897	1.598367	0.051169	0.510116	0.305168	-66.922266	-68.850825	-137.200556
62851	8.704013	-3.498817	1.857735	0.065514	0.351386	0.268321	-66.577402	-68.632601	-137.531666
62852	8.899285	-3.527201	1.408701	0.062488	0.153950	0.232587	-66.471382	-68.475551	-137.607056
62853	9.418148	-3.587236	1.001650	0.038739	0.137428	0.195089	-66.391599	-68.344059	-137.670344
62854	9.016527	-3.346566	1.283643	0.017580	0.220292	0.180878	-66.196679	-68.198744	-137.869280
62855	8.975481	-3.631682	1.187892	0.034688	0.165819	0.160318	-66.064689	-68.078765	-137.991471
62856	8.988682	-3.421680	1.316683	0.032568	0.129177	0.136649	-65.957902	-67.977465	-138.086450
62857	9.156470	-3.557515	1.113235	0.037890	0.121591	0.124768	-65.863039	-67.886221	-138.166801
62858	9.104303	-3.680553	1.173470	0.024418	0.139139	0.092885	-65.724631	-67.805318	-138.301085
62859	9.079869	-3.554576	1.271149	0.054530	0.129981	0.062900	-65.575509	-67.744231	-138.429871
62860	9.081660	-3.510431	1.230080	0.065236	0.117328	0.054537	-65.421047	-67.688243	-138.556355
62861	9.183981	-3.392944	1.112575	0.067085	0.152504	0.058519	-65.235297	-67.623765	-138.717090
62862	8.983082	-3.469175	1.330365	0.053584	0.175665	0.072310	-65.026016	-67.544175	-138.910215
62863	8.914530	-3.356425	1.391582	0.072407	0.140529	0.090139	-64.873004	-67.465795	-139.032411
62864	9.018254	-3.294837	1.228615	0.076216	0.131833	0.113349	-64.732010	-67.375200	-139.137766
62865	9.132023	-3.364552	1.238456	0.047961	0.176343	0.146830	-64.583958	-67.258458	-139.269949
62866	8.818562	-3.568100	1.587856	0.024431	0.196297	0.151939	-64.418189	-67.131794	-139.434539
62867	8.715999	-3.603973	1.623584	0.046278	0.078037	0.136024	-64.387600	-67.044740	-139.440489
62868	9.072213	-3.541790	1.354983	0.047806	0.021243	0.126534	-64.408703	-66.974430	-139.387760
62869	9.073869	-3.529024	1.360260	0.023789	0.071917	0.120519	-64.389519	-66.896874	-139.395344
62870	8.904671	-3.517788	1.464975	0.015336	0.061192	0.129018	-64.382054	-66.815389	-139.393855
62871	9.075198	-3.657052	1.258042	0.032421	0.037562	0.119666	-64.398960	-66.746778	-139.356815
62872	9.035245	-3.529289	1.393445	0.018120	0.084887	0.119260	-64.355872	-66.664464	-139.392373
62873	8.951745	-3.644145	1.386693	0.027528	0.083453	0.114785	-64.317963	-66.587003	-139.418088
62874	8.996707	-3.592516	1.379783	0.035135	0.083527	0.115640	-64.265201	-66.506875	-139.453606
62875	8.932416	-3.634812	1.450342	0.020494	0.100621	0.099109	-64.202609	-66.433202	-139.510694
62876	8.934280	-3.544119	1.372953	0.033234	0.076588	0.095188	-64.148045	-66.365325	-139.549408
62877	9.010037	-3.575248	1.438771	0.015523	0.126600	0.091800	-64.054419	-66.288864	-139.643573
62878	8.638306	-3.675180	1.853057	-0.032885	0.120076	0.084853	-63.981603	-66.215352	-139.743658
62879	8.803318	-3.733914	1.581885	0.002028	-0.043885	0.060278	-64.077650	-66.197831	-139.639077
62880	9.106468	-3.602418	1.304459	-0.015048	-0.027301	0.051300	-64.147741	-66.178548	-139.571837
62881	8.924954	-3.628715	1.478389	-0.037699	0.037743	0.044644	-64.162254	-66.148604	-139.581263
62882	8.864908	-3.667214	1.463174	-0.026135	0.008546	0.049326	-64.195590	-66.121361	-139.561133
62883	8.995215	-3.659718	1.480507	-0.031719	0.002390	0.038102	-64.244195	-66.103600	-139.529543
62884	8.944158	-3.675120	1.386569	-0.030489	0.013341	0.040176	-64.269186	-66.079876	-139.521263
62885	8.933985	-3.701414	1.464082	-0.026818	0.013870	0.038604	-64.301893	-66.058989	-139.504001
62886	8.970277	-3.716362	1.426726	-0.021904	0.014002	0.029533	-64.315182	-66.040592	-139.503141
62887	8.998993	-3.727828	1.413101	-0.016005	0.026107	0.018476	-64.316273	-66.027049	-139.513708
62888	8.936385	-3.659665	1.490440	-0.013835	0.036758	0.014932	-64.290374	-66.010537	-139.550678
62889	8.936016	-3.687614	1.470012	-0.001581	0.023184	0.028539	-64.292318	-65.992522	-139.551283
62890	8.889863	-3.650857	1.478269	0.000539	0.021563	0.021364	-64.279443	-65.976463	-139.564988
62891	8.948428	-3.671222	1.450822	-0.000708	0.021961	0.028857	-64.282561	-65.958582	-139.563773
62892	8.909159	-3.662364	1.490638	0.001528	0.026160	0.032255	-64.269899	-65.935758	-139.576628
62893	8.907500	-3.665520	1.492789	0.005815	0.019108	0.039835	-64.278759	-65.912918	-139.565043
62894	8.897785	-3.666647	1.517611	0.009045	0.016557	0.044552	-64.279731	-65.886134	-139.558249
62895	8.904606	-3.648269	1.442054	0.009292	0.015532	0.048617	-64.295615	-65.859642	-139.536792
62896	8.977284	-3.649894	1.391934	0.020181	0.023949	0.050427	-64.284926	-65.827987	-139.535782
62897	8.845248	-3.513462	1.492509	0.015547	0.072931	0.073919	-64.245359	-65.774167	-139.571196
62898	8.735194	-3.640935	1.682485	-0.009383	0.049753	0.101836	-64.250505	-65.709559	-139.571396
62899	8.763642	-3.686027	1.569684	0.016497	-0.011593	0.104446	-64.323896	-65.660994	-139.482300
62900	8.967094	-3.530783	1.440899	0.021891	-0.008215	0.133397	-64.394213	-65.594456	-139.391282
62901	8.917279	-3.709274	1.497419	0.005181	0.025449	0.175289	-64.469766	-65.500029	-139.306856
62902	8.897872	-3.772347	1.422793	0.032567	0.009183	0.175769	-64.536116	-65.407193	-139.213349
62903	9.001453	-3.720352	1.404250	0.039821	0.026181	0.186998	-64.596211	-65.306441	-139.123997
62904	8.987449	-4.015075	1.413298	0.027567	0.059577	0.165886	-64.602454	-65.206269	-139.099680
62905	8.914361	-4.030590	1.449254	0.061051	0.049098	0.098849	-64.577262	-65.145480	-139.090803
62906	8.939626	-3.868261	1.446043	0.050350	0.044835	0.086682	-64.544873	-65.089923	-139.094654
62907	8.950283	-3.904517	1.461897	0.061771	0.069124	0.068329	-64.481067	-65.039963	-139.127927
62908	8.826261	-3.819003	1.573989	0.049974	0.076230	0.059747	-64.400047	-64.990565	-139.185670
62909	8.874746	-3.839947	1.575123	0.057633	0.039564	0.059639	-64.367162	-64.952370	-139.187477
62910	8.910694	-3.806122	1.511448	0.036525	0.042735	0.056373	-64.329411	-64.912984	-139.205999
62911	8.855192	-3.844646	1.554379	0.037389	0.041507	0.056682	-64.304584	-64.875827	-139.211735
62912	8.845306	-3.796011	1.550541	0.034025	0.042267	0.063775	-64.272847	-64.832727	-139.225206
62913	8.769906	-3.932054	1.494253	0.036230	0.042855	0.058162	-64.248148	-64.794462	-139.231555
62914	9.225652	-4.107210	1.445979	0.057307	0.018796	-0.000055	-64.195150	-64.790136	-139.253788
62915	8.219620	-3.319665	2.145905	-0.034864	0.045517	0.104325	-64.232893	-64.727373	-139.236166
62916	9.360687	-4.272241	0.894384	0.157328	-0.063996	0.050741	-64.239906	-64.717457	-139.128671
62917	8.840071	-3.895889	1.558102	-0.057130	0.173554	0.043345	-64.118726	-64.654193	-139.300973
62918	8.678983	-4.025682	1.658310	0.103639	0.025468	0.019892	-64.042623	-64.637894	-139.319425
62919	9.017838	-3.753363	1.440232	0.070207	0.100168	0.005645	-63.909138	-64.612193	-139.424699
62920	8.600736	-3.948914	1.721707	0.040512	0.130382	0.005814	-63.748317	-64.576586	-139.576988
62921	8.793875	-3.755148	1.672541	0.093256	0.054119	-0.002117	-63.647787	-64.566336	-139.631206
62922	8.740162	-3.813738	1.696795	0.034732	0.099996	-0.000892	-63.520025	-64.541637	-139.750603
62923	8.679607	-3.819532	1.711056	0.053414	0.055054	0.004130	-63.444854	-64.527850	-139.802037
62924	8.813949	-3.838159	1.637699	0.043158	0.048755	0.000152	-63.368237	-64.515600	-139.859463
62925	8.799503	-3.833486	1.612581	0.038516	0.060560	-0.000763	-63.293218	-64.502830	-139.920202
62926	8.886115	-3.784291	1.644934	0.052490	0.063201	0.010098	-63.201280	-64.481697	-139.988694
62927	8.771911	-3.824739	1.696656	0.034491	0.091850	0.017700	-63.105327	-64.451313	-140.075219
62928	8.755708	-3.795774	1.695392	0.040642	0.053346	0.023856	-63.038452	-64.425618	-140.123485
62929	8.821221	-3.793926	1.673561	0.040355	0.061254	0.026133	-62.976724	-64.398781	-140.168384
62930	8.705086	-3.783538	1.768105	0.025881	0.060626	0.037815	-62.918373	-64.364022	-140.216599
62931	8.762584	-3.806741	1.744942	0.025506	0.027725	0.047881	-62.912815	-64.334801	-140.208658
62932	8.812461	-3.854007	1.720666	0.019991	0.028845	0.054623	-62.900845	-64.299747	-140.209178
62933	8.827179	-3.890550	1.655991	0.026894	0.025381	0.050400	-62.898366	-64.269845	-140.196942
62934	8.830539	-3.921564	1.691778	0.030186	0.037021	0.048574	-62.868664	-64.235740	-140.210663
62935	8.808198	-3.867807	1.655566	0.034578	0.045042	0.043740	-62.837512	-64.204087	-140.225390
62936	8.789093	-3.865085	1.706513	0.036449	0.047109	0.047400	-62.793079	-64.167933	-140.251498
62937	8.802276	-3.848642	1.689258	0.045058	0.050354	0.051693	-62.754830	-64.130820	-140.267462
62938	8.738217	-3.908885	1.732986	0.035041	0.050861	0.052201	-62.710048	-64.091220	-140.294870
62939	8.751501	-3.892292	1.715598	0.044626	0.044550	0.043125	-62.673703	-64.059974	-140.309018
62940	8.822405	-3.919380	1.724684	0.042384	0.034820	0.040871	-62.635542	-64.030345	-140.324398
62941	8.798597	-3.914973	1.721008	0.042987	0.045623	0.034995	-62.594794	-64.002931	-140.344508
62942	8.774200	-3.883876	1.740153	0.037402	0.048620	0.031758	-62.540303	-63.974284	-140.381243
62943	8.748480	-3.929053	1.769185	0.037239	0.044087	0.028771	-62.501268	-63.950416	-140.403135
62944	8.769793	-3.861333	1.772840	0.032031	0.035913	0.025852	-62.460022	-63.928109	-140.428567
62945	8.722154	-3.872866	1.813785	0.028686	0.029808	0.026607	-62.439669	-63.909100	-140.435131
62946	8.722140	-3.927167	1.772199	0.024153	0.015861	0.021084	-62.421224	-63.894522	-140.440207
62947	8.749705	-3.886129	1.805183	0.017413	0.014693	0.020442	-62.419712	-63.882636	-140.432991
62948	8.787832	-3.927125	1.748113	0.022555	0.005874	0.015165	-62.409335	-63.873713	-140.430102
62949	8.841385	-3.921667	1.690728	0.022771	0.023729	0.017430	-62.393812	-63.860947	-140.435079
62950	8.793359	-3.906240	1.753636	0.025946	0.040024	0.020375	-62.349014	-63.840307	-140.468371
62951	8.723590	-3.883804	1.807969	0.022925	0.033793	0.019288	-62.324113	-63.823915	-140.483713
62952	8.776807	-3.878611	1.752068	0.025383	0.027820	0.018860	-62.291500	-63.807277	-140.503795
62953	8.737016	-3.866569	1.792204	0.019399	0.037882	0.023761	-62.266915	-63.787513	-140.521049
62954	8.741643	-3.921602	1.805496	0.018415	0.023532	0.022632	-62.244813	-63.770098	-140.533872
62955	8.750998	-3.876656	1.752986	0.015316	0.024242	0.027837	-62.238884	-63.751893	-140.532946
62956	8.746439	-3.902351	1.810934	0.017314	0.032689	0.024497	-62.209051	-63.731083	-140.555097
62957	8.769465	-3.887767	1.768463	0.015821	0.028659	0.028930	-62.198948	-63.711139	-140.558513
62958	8.797689	-3.900573	1.758125	0.013556	0.033659	0.033386	-62.175146	-63.685559	-140.576347
62959	8.771739	-3.946187	1.785610	0.017338	0.041907	0.032225	-62.152470	-63.660400	-140.592834
62960	8.785852	-3.928964	1.767126	0.018778	0.047360	0.035145	-62.112705	-63.630252	-140.625151
62961	8.761311	-3.898308	1.785588	0.027809	0.052738	0.039057	-62.076815	-63.598713	-140.649712
62962	8.750847	-3.924469	1.792435	0.024692	0.070025	0.040928	-62.013877	-63.559529	-140.704140
62963	8.752638	-3.927999	1.853559	0.033806	0.057411	0.040777	-61.970955	-63.525839	-140.732745
62964	8.766150	-3.911474	1.836797	0.027419	0.059829	0.047102	-61.920428	-63.486239	-140.771595
62965	8.810787	-3.958733	1.762554	0.036456	0.065205	0.051001	-61.873845	-63.445248	-140.802623
62966	8.820304	-3.966631	1.802263	0.039859	0.080537	0.057898	-61.801399	-63.394563	-140.858040
62967	8.785462	-3.934585	1.847331	0.044373	0.095936	0.070649	-61.730339	-63.335290	-140.911423
62968	8.691365	-3.935236	1.875582	0.040941	0.096806	0.077623	-61.652121	-63.270171	-140.972664
62969	8.784562	-3.949747	1.844582	0.047595	0.084643	0.078986	-61.595584	-63.209704	-141.007786
62970	8.771581	-3.979291	1.855265	0.044043	0.106773	0.087351	-61.511526	-63.136897	-141.073650
62971	8.690047	-4.011335	1.893906	0.046838	0.104380	0.093869	-61.444399	-63.063494	-141.121196
62972	8.678151	-3.938728	1.916748	0.048968	0.104060	0.094136	-61.364602	-62.987941	-141.179198
62973	8.579214	-3.963626	1.999906	0.036505	0.101393	0.087232	-61.303421	-62.918628	-141.226794
62974	8.672060	-3.979724	1.968550	0.032577	0.071082	0.092892	-61.265331	-62.852723	-141.248563
62975	8.692297	-3.971236	1.930435	0.023922	0.074853	0.094742	-61.241786	-62.786899	-141.262023
62976	8.707695	-3.960025	1.969056	0.020777	0.070089	0.100990	-61.215996	-62.717193	-141.277588
62977	8.642095	-3.947297	2.001833	0.015239	0.062559	0.111312	-61.218391	-62.646431	-141.267482
62978	8.705702	-4.009128	1.936200	0.006430	0.047987	0.126474	-61.235896	-62.570021	-141.243564
62979	8.784528	-3.999498	1.891565	0.007720	0.061399	0.131428	-61.254268	-62.489467	-141.220307
62980	8.665165	-3.968563	2.058745	-0.006045	0.072317	0.148243	-61.266755	-62.395411	-141.210075
62981	8.736612	-3.828200	2.070024	-0.008338	0.050586	0.152364	-61.315425	-62.307309	-141.162982
62982	8.943285	-3.451483	2.278072	-0.103249	0.038392	0.214607	-61.450191	-62.189174	-141.077491
62983	8.525413	-4.398510	1.895060	-0.147804	0.068758	0.245934	-61.608524	-62.048957	-140.996626
62984	8.595278	-4.060197	1.999784	-0.097239	0.006663	0.251939	-61.786932	-61.920392	-140.857592
62985	8.488861	-4.285674	1.859240	-0.111181	0.026583	0.266600	-61.972187	-61.780867	-140.722235
62986	8.810501	-4.014978	2.043671	-0.060580	-0.036149	0.287884	-62.184805	-61.645159	-140.520147
62987	8.684358	-4.263317	1.924161	-0.123733	0.023642	0.321837	-62.403896	-61.477938	-140.354160
62988	8.618801	-4.169114	2.012703	-0.099932	-0.007854	0.336728	-62.632103	-61.309191	-140.159386
62989	8.651719	-4.298507	1.883277	-0.111496	0.007113	0.346825	-62.866988	-61.132955	-139.966884
62990	8.729185	-4.392734	1.872819	-0.103483	0.024983	0.351342	-63.068942	-60.947471	-139.803780
62991	8.599329	-4.302770	1.914320	-0.102534	0.056871	0.365256	-63.256831	-60.748281	-139.658571
62992	8.549990	-4.428494	1.970008	-0.097627	0.055548	0.378853	-63.435695	-60.540337	-139.517479
62993	8.700851	-4.530960	1.914862	-0.094028	0.067789	0.389478	-63.615412	-60.325488	-139.375521
62994	8.877613	-4.541756	1.884536	-0.076971	0.107214	0.415114	-63.747883	-60.085396	-139.273634
62995	8.998080	-4.639534	1.904206	-0.078540	0.153859	0.446047	-63.862828	-59.819365	-139.195635
62996	9.165409	-4.710276	1.783694	-0.063654	0.192421	0.493714	-63.943117	-59.517159	-139.144812
62997	9.317959	-4.914733	1.765560	-0.046436	0.259105	0.552496	-63.990617	-59.169792	-139.123431
62998	9.261219	-4.852969	1.946658	-0.015240	0.286789	0.603874	-64.006345	-58.787112	-139.115211
62999	8.887481	-4.632702	2.086642	-0.013271	0.332064	0.662237	-64.017561	-58.364950	-139.114019
63000	8.648856	-4.685969	2.113733	-0.032392	0.323076	0.713557	-64.056666	-57.916664	-139.089773
63001	8.634703	-4.656328	2.293216	-0.049678	0.306822	0.758897	-64.146465	-57.451038	-139.020355
63002	8.558142	-4.549325	2.431124	-0.087792	0.289383	0.799497	-64.274710	-56.966779	-138.927581
63003	8.383762	-4.775123	2.264491	-0.100690	0.241146	0.853376	-64.475460	-56.468491	-138.759715
63004	8.202126	-4.677711	2.300558	-0.126007	0.249178	0.886149	-64.680982	-55.948966	-138.599233
63005	8.075588	-4.959436	2.265790	-0.154596	0.222302	0.901609	-64.933250	-55.429619	-138.404446
63006	8.085475	-4.983012	2.209680	-0.151122	0.207000	0.911695	-65.182166	-54.906285	-138.206628
63007	7.940041	-5.120234	2.164745	-0.158018	0.208883	0.920376	-65.439950	-54.379444	-138.005092
63008	7.655521	-5.239331	2.166460	-0.161054	0.197999	0.917644	-65.690392	-53.854160	-137.809822
63009	7.667910	-5.234650	2.130353	-0.136789	0.171686	0.902038	-65.944048	-53.344609	-137.595746
63010	7.593355	-5.379052	2.220971	-0.150609	0.172161	0.888433	-66.185561	-52.839650	-137.401567
63011	7.460537	-5.346234	2.198983	-0.145260	0.166215	0.868118	-66.425746	-52.348069	-137.207830
63012	7.506425	-5.550924	2.163112	-0.134264	0.163196	0.846370	-66.640871	-51.866327	-137.032652
63013	7.492902	-5.637355	2.133833	-0.125359	0.165965	0.841271	-66.852110	-51.388016	-136.858839
63014	7.461145	-5.630341	2.186575	-0.111778	0.174092	0.832189	-67.034318	-50.910547	-136.707050
63015	7.340892	-5.766158	2.179815	-0.111378	0.175758	0.828054	-67.219222	-50.436305	-136.554692
63016	7.424566	-5.798253	2.208001	-0.098377	0.162150	0.819971	-67.390545	-49.967342	-136.405006
63017	7.486497	-5.847710	2.257573	-0.103421	0.163209	0.818886	-67.569054	-49.500093	-136.253066
63018	7.444420	-5.971498	2.173006	-0.107407	0.164228	0.823296	-67.738044	-49.028342	-136.111197
63019	7.328389	-6.053472	2.211208	-0.098826	0.166936	0.820230	-67.905039	-48.558993	-135.969007
63020	7.492741	-6.200413	2.190274	-0.093102	0.155896	0.826728	-68.065059	-48.086680	-135.826118
63021	7.324001	-6.160803	2.235800	-0.086287	0.184181	0.841069	-68.213296	-47.602050	-135.697544
63022	7.311746	-6.313635	2.227977	-0.080543	0.173586	0.857950	-68.356835	-47.108877	-135.565077
63023	7.361275	-6.392994	2.203364	-0.065268	0.187935	0.877908	-68.493375	-46.603397	-135.434087
63024	7.253535	-6.488866	2.255470	-0.055426	0.199391	0.897586	-68.611003	-46.083267	-135.315330
63025	7.359916	-6.474357	2.371594	-0.037534	0.204842	0.919501	-68.725710	-45.551687	-135.190473
63026	7.535982	-6.512010	2.422524	-0.040460	0.232206	0.937311	-68.820225	-45.003221	-135.090012
63027	7.467400	-6.584388	2.439216	-0.040979	0.283947	0.965833	-68.899382	-44.430287	-135.016193
63028	7.431648	-6.679748	2.370268	-0.043417	0.305898	0.989652	-68.963558	-43.838466	-134.959687
63029	7.318154	-6.869995	2.241787	-0.038413	0.340326	1.030713	-69.021879	-43.219197	-134.912508
63030	7.264233	-7.049166	2.084774	-0.022818	0.353989	1.080752	-69.064947	-42.568698	-134.868371
63031	7.028808	-6.987094	2.256179	0.002031	0.375425	1.138676	-69.100846	-41.884469	-134.819106
63032	7.180037	-7.122297	2.397048	0.004488	0.362859	1.198601	-69.143177	-41.169026	-134.751305
63033	7.034792	-7.199518	2.397999	-0.035130	0.343502	1.274316	-69.236277	-40.418632	-134.645859
63034	6.666957	-7.508970	2.336782	-0.065505	0.249890	1.373689	-69.394979	-39.632033	-134.457382
63035	7.365601	-7.234545	2.525268	-0.032316	0.165639	1.463929	-69.588561	-38.815190	-134.187219
63036	7.450598	-7.389254	2.740479	-0.081101	0.240083	1.580869	-69.782019	-37.918304	-133.950334
63037	7.419536	-7.537887	2.743550	-0.086415	0.210196	1.694794	-70.008073	-36.967170	-133.667103
63038	7.506275	-7.583141	2.737218	-0.114085	0.246098	1.815655	-70.236936	-35.941212	-133.391869
63039	7.330808	-7.825722	2.902983	-0.157729	0.262720	1.944067	-70.499770	-34.843819	-133.101812
63040	7.667280	-7.869451	2.914463	-0.145695	0.259192	2.047895	-70.753128	-33.687935	-132.800023
63041	7.516828	-8.099035	2.899116	-0.207217	0.334794	2.185372	-71.027772	-32.444525	-132.522648
63042	7.435939	-8.434274	2.838927	-0.226031	0.330019	2.308009	-71.311027	-31.132174	-132.230721
63043	7.641836	-8.616008	2.786966	-0.244955	0.329712	2.425186	-71.612572	-29.757458	-131.921911
63044	7.377644	-9.005194	2.783577	-0.318696	0.326534	2.571036	-71.952251	-28.300001	-131.598147
63045	7.236834	-9.182187	2.532758	-0.299885	0.208889	2.685194	-72.317505	-26.802055	-131.190545
63046	7.278871	-9.232439	2.357281	-0.312915	0.194357	2.824299	-72.682554	-25.225543	-130.766959
63047	6.639765	-8.992564	2.236310	-0.320344	0.174141	2.978834	-73.057410	-23.568558	-130.316277
63048	5.450955	-8.874664	1.993416	-0.344824	0.071292	3.144746	-73.455858	-21.831646	-129.795723
63049	4.432515	-9.381492	1.832230	-0.433297	-0.135911	3.322767	-73.943618	-20.029901	-129.140602
63050	3.906857	-8.929756	1.696911	-0.410512	-0.543775	3.407726	-74.467310	-18.236185	-128.260483
63051	3.867232	-8.336745	1.375151	-0.428763	-0.818635	3.526177	-75.026577	-16.413986	-127.227033
63052	3.797040	-7.874877	1.375164	-0.406600	-1.001948	3.639673	-75.560009	-14.542884	-126.101266
63053	3.506942	-7.716371	1.349020	-0.338145	-1.042244	3.712646	-76.026581	-12.630886	-124.966356
63054	4.548518	-5.435988	1.081991	0.012146	-1.281182	3.456627	-76.266703	-10.883961	-123.753737
63055	8.499987	-1.925105	-0.188325	0.352241	-1.625104	2.513721	-76.298044	-9.709392	-122.485322
63056	13.049113	-2.406734	0.906568	0.174534	-1.106811	1.366731	-76.330780	-9.098843	-121.672676
63057	14.594350	-6.513617	0.358266	0.254041	-0.886609	0.019348	-76.272073	-9.214158	-121.168328
63058	13.636701	-1.987141	1.759403	0.499241	-0.588142	-1.300348	-76.011225	-10.018501	-121.017185
63059	11.254155	-2.359886	1.047615	0.398155	-0.160202	-2.059777	-75.752742	-11.193905	-121.217607
63060	9.234820	-3.166226	1.266796	0.525382	0.180130	-2.630930	-75.351298	-12.628176	-121.703804
63061	7.096411	-3.713262	1.076039	0.593890	0.310644	-2.878859	-74.875641	-14.187100	-122.314156
63062	4.997454	-3.613856	0.911816	0.646886	0.251848	-3.005987	-74.345263	-15.809647	-122.931043
63063	3.867140	-3.733281	0.981776	0.635896	0.025132	-3.083423	-73.838290	-17.516346	-123.448578
63064	4.002569	-4.174126	1.031297	0.606116	-0.280325	-3.119615	-73.374489	-19.276707	-123.817509
63065	4.734932	-4.645224	1.224543	0.552673	-0.511129	-3.143071	-72.975669	-21.097383	-124.071494
63066	5.704385	-5.385546	1.426436	0.495398	-0.629580	-3.192172	-72.612395	-22.951505	-124.283085
63067	6.667740	-6.049252	1.544090	0.459635	-0.597811	-3.268168	-72.249760	-24.852812	-124.541051
63068	7.070787	-6.455438	1.608653	0.411209	-0.454854	-3.332088	-71.849614	-26.749646	-124.918873
63069	6.937094	-6.737749	1.510467	0.318804	-0.251628	-3.341044	-71.428908	-28.625360	-125.441804
63070	6.596628	-7.017305	1.346736	0.178909	-0.064221	-3.274648	-71.004122	-30.413837	-126.095681
63071	6.207908	-7.330762	1.108268	0.011379	0.049963	-3.151359	-70.627503	-32.123815	-126.817592
63072	5.850085	-7.546411	0.893634	-0.147221	0.059961	-3.043574	-70.313273	-33.756170	-127.550443
63073	5.904070	-7.693454	0.835604	-0.306610	-0.029734	-2.970602	-70.109801	-35.377797	-128.226424
63074	6.199802	-7.737560	0.877041	-0.456116	-0.143589	-2.925375	-70.009787	-36.981805	-128.838432
63075	6.556762	-7.658869	0.932128	-0.583316	-0.254729	-2.873102	-70.021341	-38.593178	-129.371932
63076	7.064895	-7.650598	1.077313	-0.699489	-0.318139	-2.821578	-70.110489	-40.175419	-129.862976
63077	7.641076	-7.652890	1.239169	-0.794451	-0.337905	-2.782029	-70.262357	-41.755221	-130.331851
63078	8.125705	-7.778874	1.345999	-0.863135	-0.278869	-2.750842	-70.408681	-43.293494	-130.846963
63079	8.253932	-7.751343	1.440169	-0.894713	-0.193452	-2.714380	-70.527361	-44.810981	-131.419073
63080	8.193391	-7.670164	1.292540	-0.914901	-0.137397	-2.669946	-70.608747	-46.280110	-132.039350
63081	8.072159	-7.563333	1.303968	-0.915694	-0.114194	-2.619423	-70.674356	-47.732549	-132.671822
63082	8.146034	-7.574066	1.173325	-0.900886	-0.127818	-2.564263	-70.721008	-49.143695	-133.299239
63083	8.231700	-7.485353	1.157450	-0.880060	-0.137455	-2.494253	-70.763550	-50.533558	-133.907679
63084	8.457624	-7.462301	1.153872	-0.849995	-0.162716	-2.447566	-70.785833	-51.888712	-134.503822
63085	8.822969	-7.459934	1.152444	-0.817435	-0.181426	-2.420903	-70.795389	-53.247410	-135.085428
63086	9.143568	-7.525196	1.089230	-0.786660	-0.198292	-2.439732	-70.762000	-54.605063	-135.684308
63087	9.192735	-7.459731	1.059183	-0.754419	-0.221002	-2.479828	-70.699387	-56.002608	-136.289582
63088	8.951519	-7.390728	1.098122	-0.726075	-0.284812	-2.505672	-70.626350	-57.411610	-136.874577
63089	8.679173	-7.408174	1.205853	-0.684439	-0.365546	-2.507719	-70.579189	-58.850717	-137.394849
63090	8.557731	-7.459839	1.366399	-0.607888	-0.455611	-2.464608	-70.547160	-60.269529	-137.835908
63091	8.368238	-7.445065	1.519770	-0.504545	-0.536250	-2.388444	-70.548527	-61.676053	-138.167579
63092	8.452140	-7.390187	1.617177	-0.370532	-0.633542	-2.298150	-70.578279	-63.038846	-138.373589
63093	8.774451	-7.290280	1.646037	-0.233591	-0.704910	-2.198571	-70.649669	-64.374379	-138.445574
63094	9.164511	-7.286956	1.678802	-0.088447	-0.756372	-2.122012	-70.715434	-65.665410	-138.428877
63095	9.615359	-7.182662	1.630128	0.050013	-0.764101	-2.072744	-70.749921	-66.943443	-138.362000
63096	9.652742	-7.064887	1.447155	0.176979	-0.768547	-2.044780	-70.719727	-68.194996	-138.284912
63097	9.702767	-6.978978	1.276143	0.277881	-0.810658	-2.045766	-70.709459	-69.466526	-138.127033
63098	9.731620	-6.916790	1.152218	0.370808	-0.872507	-2.052788	-70.728438	-70.742088	-137.880861
63099	9.722872	-6.749292	1.066230	0.431838	-0.961258	-2.063194	-70.891601	-72.050519	-137.449284
63100	9.617557	-6.522017	1.076648	0.483895	-1.034106	-2.062863	-71.181297	-73.361158	-136.855467
63101	9.626369	-6.321026	1.020298	0.515739	-1.054663	-2.018668	-71.621409	-74.660143	-136.091710
63102	9.467424	-6.106112	0.997945	0.519942	-1.031884	-1.917915	-72.163178	-75.888686	-135.223508
63103	9.476505	-5.785764	0.953246	0.502254	-0.990394	-1.803312	-72.865008	-77.053708	-134.206912
63104	9.538316	-5.508438	0.827795	0.460159	-0.912795	-1.698730	-73.602878	-78.136826	-133.181440
63105	9.500859	-5.431081	0.760026	0.406313	-0.834132	-1.596411	-74.442714	-79.155709	-132.088419
63106	9.366820	-5.309098	0.675421	0.339942	-0.782738	-1.501915	-75.392233	-80.103622	-130.925111
63107	9.170674	-5.123107	0.530589	0.276594	-0.765845	-1.417507	-76.662840	-81.004596	-129.477202
63108	8.896387	-4.779506	0.520947	0.200067	-0.769788	-1.326083	-78.313931	-81.842255	-127.691512
63109	8.759115	-4.436370	0.641113	0.115178	-0.792550	-1.248704	-80.626395	-82.634315	-125.291701
63110	8.965179	-4.459543	0.802732	0.014137	-0.800423	-1.175080	-83.566721	-83.364734	-122.321152
63111	9.083522	-4.653695	1.014025	-0.056998	-0.785512	-1.133359	-87.279319	-84.052148	-118.619380
63112	8.976614	-4.773917	1.279989	-0.098015	-0.749669	-1.108861	-91.637885	-84.692156	-114.296173
63113	8.596036	-4.777222	1.453514	-0.110739	-0.668958	-1.060587	-96.659482	-85.272739	-109.319223
63114	8.078172	-4.722523	1.567611	-0.091109	-0.586671	-0.963907	-102.097857	-85.763531	-103.916554
63115	7.652261	-4.488512	1.541560	-0.066493	-0.522185	-0.823550	-108.075981	-86.141001	-97.961721
63116	7.568524	-4.410067	1.505991	-0.047856	-0.468695	-0.686864	-114.139556	-86.411856	-91.912788
63117	7.765136	-4.455104	1.395039	-0.020909	-0.431411	-0.554913	-120.236344	-86.578901	-85.816437
63118	7.903367	-4.484233	1.303887	0.001433	-0.388486	-0.460336	-125.853593	-86.678698	-80.188596
63119	7.880575	-4.402769	1.244735	0.025929	-0.349614	-0.392342	-131.088697	-86.725260	-74.929633
63120	7.691303	-4.405903	1.139846	0.039049	-0.307643	-0.331796	-135.607147	-86.742414	-70.381380
63121	7.470430	-4.417413	1.060170	0.052995	-0.281033	-0.247510	-139.379452	-86.713508	-66.572080
63122	7.221865	-4.314910	0.933616	0.053595	-0.272147	-0.151008	-142.210562	-86.647190	-63.705405
63123	7.103383	-4.214939	0.900865	0.038692	-0.271140	-0.060482	-144.258147	-86.536844	-61.631452
63124	7.130968	-4.164003	0.862766	0.022304	-0.268213	0.053269	-145.282686	-86.393519	-60.592109
63125	7.251783	-4.214953	0.860513	-0.003192	-0.233015	0.164691	-145.282787	-86.223134	-60.593222
63126	7.100119	-4.187924	0.802418	-0.018782	-0.189969	0.273146	-144.334608	-86.043798	-61.554300
63127	7.021248	-4.213396	0.731147	-0.037426	-0.158888	0.385157	-142.632645	-85.832212	-63.281359
63128	6.946546	-4.343415	0.610842	-0.065338	-0.141058	0.513333	-140.280206	-85.585514	-65.677896
63129	6.893756	-4.456112	0.445648	-0.100712	-0.116924	0.657462	-137.348563	-85.279627	-68.676024
63130	8.844576	-3.336031	-0.678700	-0.008594	-0.218739	0.710831	-134.948002	-84.906878	-71.090292
63131	25.835753	1.220422	1.176657	0.858917	-0.190190	0.697201	-132.332851	-84.534890	-73.221591
63132	7.696102	1.653514	-5.238708	-1.383413	3.702986	1.378676	-108.742404	-84.941757	-97.704653
63133	7.648687	5.103835	-3.625642	0.549852	1.007548	0.790380	-101.071865	-84.646233	-105.090123
63134	19.415697	2.104622	-2.670184	-0.269548	1.451864	0.885539	-92.130129	-84.236695	-114.228987
63135	9.554759	-2.258575	0.788162	-0.534446	3.965495	0.956912	-72.341841	-83.370715	-134.438580
63136	4.238614	-0.928842	4.005634	0.359833	2.464369	0.997213	-63.429265	-82.307047	-143.212730
63137	8.785254	2.691831	5.534165	0.336233	1.395994	1.090805	-60.414106	-81.378639	-146.064215
63138	10.008242	-3.582409	3.076083	-0.452031	1.161438	1.290867	-59.396361	-80.405332	-147.357167
63139	9.221199	-3.092822	4.136543	0.199700	0.762588	0.993813	-58.845813	-79.692273	-147.800334
63140	8.114977	-1.151983	2.384005	0.426072	0.640448	1.128654	-58.716051	-78.949400	-147.683908
63141	7.377038	0.256459	1.319806	0.318143	0.414810	1.412967	-59.603326	-78.131883	-146.593118
63142	8.689723	-0.551394	0.139708	0.093480	0.216131	1.593479	-61.128247	-77.277335	-144.977579
63143	9.285604	-1.595182	0.002228	-0.169051	0.266405	1.637003	-62.565315	-76.377719	-143.601839
63144	9.409646	-2.498176	0.950005	-0.335350	0.234171	1.587665	-63.915584	-75.505351	-142.407943
63145	9.209181	-2.967390	1.809530	-0.380119	0.121245	1.555092	-65.352630	-74.669683	-141.147038
63146	9.214223	-3.177904	1.847330	-0.327104	-0.009130	1.591771	-66.867868	-73.838181	-139.767440
63147	9.399977	-3.161080	1.340690	-0.263584	-0.071919	1.642214	-68.368329	-72.982558	-138.360356
63148	9.584871	-3.143955	0.678192	-0.244938	-0.076016	1.632025	-69.703506	-72.125214	-137.107895
63149	9.872758	-3.637419	0.421058	-0.288848	-0.005693	1.564221	-70.810858	-71.281223	-136.116974
63150	10.048061	-4.167419	0.470313	-0.277878	0.077438	1.429020	-71.610628	-70.492079	-135.439012
63151	10.078745	-4.383070	0.628077	-0.242937	0.155259	1.280638	-72.162983	-69.765310	-135.000923
63152	9.852812	-4.192144	0.779030	-0.198744	0.225955	1.163915	-72.488368	-69.090898	-134.774956
63153	10.404089	-4.523660	0.964608	-0.142998	0.291411	1.064559	-72.645784	-68.457075	-134.695350
63154	16.574156	-9.297726	3.371266	-0.097669	0.210636	0.818462	-72.762942	-67.973742	-134.629394
63155	8.294030	-5.424181	-2.003393	0.372182	0.774005	0.369698	-71.687544	-67.634454	-135.561981
63156	7.880884	-3.658384	3.070626	0.225745	0.632051	-0.094660	-70.684632	-67.569299	-136.506774
63157	10.066846	-3.609904	0.329699	0.339738	0.092398	0.002478	-70.385051	-67.548075	-136.621823
63158	8.262842	-3.179472	2.150745	0.032834	0.671284	0.079511	-69.533809	-67.373771	-137.523036
63159	8.308922	-3.804199	1.565419	0.213786	0.080760	0.026915	-69.335057	-67.340992	-137.607212
63160	8.762975	-3.133463	1.776765	0.040244	0.147903	0.078613	-69.161269	-67.269151	-137.770539
63161	8.566384	-3.785235	1.545523	0.053001	-0.031861	0.078063	-69.223731	-67.231726	-137.671394
63162	9.168448	-3.542392	1.191806	0.026617	-0.062326	0.057488	-69.316381	-67.213866	-137.554314
63163	8.903088	-3.679451	1.287215	-0.026492	-0.010382	0.063318	-69.389303	-67.179882	-137.493173
63164	8.956629	-3.745770	1.150418	-0.001555	-0.064874	0.051814	-69.498237	-67.165440	-137.375896
63165	9.154182	-3.703058	1.082106	-0.012509	-0.011355	0.038451	-69.552162	-67.144922	-137.326647
63166	8.922229	-3.696008	1.209799	-0.014357	0.009909	0.035038	-69.564993	-67.124431	-137.321596
63167	8.926985	-3.650912	1.234289	-0.004196	-0.018116	0.029066	-69.618167	-67.110294	-137.267976
63168	9.048390	-3.759619	1.099212	0.001461	-0.010102	0.028693	-69.644320	-67.097200	-137.238623
63169	9.107159	-3.777851	1.069348	0.017095	0.019644	0.020766	-69.633273	-67.079983	-137.241464
63170	9.107089	-3.803692	1.049498	0.041831	0.050263	0.012081	-69.551796	-67.063757	-137.303854
63171	9.074540	-3.718867	1.068482	0.053947	0.094902	0.005254	-69.417058	-67.039755	-137.418094
63172	8.983148	-3.721950	1.179396	0.073718	0.120749	0.002274	-69.223807	-67.014409	-137.582062
63173	8.897371	-3.676428	1.316303	0.081839	0.107410	0.001516	-69.056117	-66.989599	-137.714788
63174	8.888628	-3.646599	1.298145	0.077518	0.092576	0.001132	-68.896305	-66.970270	-137.840117
63175	8.871681	-3.643402	1.353898	0.071826	0.062485	0.008670	-68.794737	-66.950656	-137.907258
63176	8.930013	-3.607412	1.301749	0.064910	0.042509	0.012599	-68.710939	-66.935409	-137.957857
63177	8.913172	-3.605150	1.353713	0.052159	0.041075	0.014805	-68.650608	-66.916908	-137.992430
63178	8.935823	-3.610051	1.289528	0.050903	0.029113	0.018364	-68.594582	-66.901338	-138.021577
63179	8.903591	-3.578456	1.333110	0.039538	0.035240	0.025409	-68.554025	-66.878388	-138.042512
63180	8.880529	-3.625927	1.358204	0.023269	0.027699	0.029983	-68.521406	-66.856902	-138.063431
63181	8.850496	-3.644594	1.351099	0.018806	-0.003758	0.022591	-68.539964	-66.843638	-138.032988
63182	8.886529	-3.631340	1.337030	0.014108	-0.008577	0.026505	-68.556126	-66.831609	-138.006563
63183	8.885667	-3.633748	1.336212	0.007444	-0.018634	0.030940	-68.603662	-66.816998	-137.951660
63184	8.941195	-3.749880	1.232162	0.006272	-0.010815	0.012211	-68.620071	-66.813052	-137.929847
63185	8.815886	-3.594090	1.411335	0.005786	-0.016250	0.016831	-68.658596	-66.805454	-137.885764
63186	8.878709	-3.686413	1.306344	-0.000364	-0.051851	0.015625	-68.731568	-66.808215	-137.806549
63187	8.938198	-3.731303	1.324722	0.000886	-0.052073	0.008118	-68.813209	-66.812665	-137.718597
63188	8.878448	-3.663249	1.320735	0.005132	-0.062660	0.006484	-68.892164	-66.822459	-137.629454
63189	8.887841	-3.690132	1.268092	0.007071	-0.068456	0.009561	-68.991436	-66.829408	-137.518461
63190	8.947369	-3.682338	1.255622	0.004802	-0.074781	0.004402	-69.084887	-66.842687	-137.413769
63191	8.940244	-3.681269	1.272597	0.005958	-0.066096	0.005150	-69.179841	-66.851376	-137.308167
63192	8.875443	-3.712756	1.271964	0.000649	-0.074241	-0.009800	-69.268460	-66.872020	-137.211338
63193	8.966037	-3.684135	1.190499	0.016780	-0.082170	-0.014036	-69.368475	-66.894113	-137.093501
63194	8.956712	-3.527372	1.197996	0.007925	-0.042148	-0.011751	-69.411960	-66.909220	-137.041236
63195	8.920148	-3.569686	1.261923	0.004185	-0.043680	0.009145	-69.481905	-66.911057	-136.963943
63196	8.972805	-3.611198	1.226991	0.012025	-0.042500	0.029333	-69.542897	-66.904140	-136.890095
63197	8.911365	-3.573073	1.278619	-0.000259	-0.026219	0.044395	-69.609809	-66.883515	-136.818845
63198	9.022572	-3.607099	1.160618	0.015519	-0.043886	0.066609	-69.687769	-66.856780	-136.724348
63199	9.104499	-3.790958	1.146505	0.014040	-0.010417	0.078644	-69.742173	-66.814570	-136.657755
63200	9.013227	-3.770255	1.116206	0.028411	0.015071	0.074847	-69.742218	-66.771651	-136.639940
63201	8.979597	-3.743405	1.158569	0.042028	0.025215	0.075186	-69.734123	-66.724228	-136.623876
63202	9.086654	-3.705085	1.120101	0.069248	0.035621	0.086991	-69.690708	-66.670704	-136.627893
63203	9.207771	-4.103153	1.040621	0.064538	0.078267	0.074006	-69.603272	-66.613369	-136.684198
63204	8.966349	-3.661006	1.277596	0.087513	0.103322	0.038686	-69.443508	-66.572198	-136.803597
63205	9.009530	-3.700578	1.204842	0.085074	0.103826	0.053582	-69.304095	-66.520547	-136.903785
63206	8.902531	-3.777945	1.290996	0.071898	0.118042	0.059075	-69.145691	-66.465216	-137.031547
63207	8.866864	-3.698616	1.389365	0.066133	0.087892	0.053272	-69.037547	-66.416802	-137.109547
63208	8.953311	-3.728546	1.352962	0.049825	0.061658	0.060806	-68.962663	-66.371922	-137.160060
63209	8.958100	-3.735098	1.336799	0.041705	0.054058	0.062746	-68.914788	-66.325331	-137.187592
63210	8.970667	-3.795676	1.326189	0.030297	0.048074	0.065900	-68.870424	-66.280494	-137.217030
63211	8.970115	-3.824127	1.230343	0.033634	0.038699	0.063975	-68.846604	-66.236412	-137.223351
63212	9.003410	-3.789399	1.245895	0.038783	0.064420	0.056765	-68.773532	-66.193053	-137.278869
63213	8.857837	-3.779218	1.359051	0.041123	0.079571	0.056580	-68.692771	-66.144432	-137.342757
63214	8.831734	-3.803422	1.412345	0.042766	0.064901	0.053340	-68.615708	-66.102739	-137.400181
63215	8.799450	-3.746887	1.403689	0.034635	0.039561	0.052362	-68.585216	-66.064669	-137.413183
63216	8.849288	-3.714766	1.371346	0.028773	0.027144	0.049659	-68.560089	-66.032809	-137.422584
63217	8.854597	-3.772646	1.380924	0.013992	0.020583	0.052454	-68.564231	-65.998669	-137.410622
63218	8.912896	-3.819797	1.329367	0.017544	0.010096	0.054620	-68.568309	-65.967732	-137.395099
63219	8.918653	-3.825893	1.308707	0.017016	0.027827	0.047853	-68.559812	-65.934535	-137.395069
63220	8.849622	-3.835182	1.340973	0.021935	0.028078	0.038895	-68.532524	-65.908218	-137.411138
63221	8.869080	-3.819996	1.375992	0.024531	0.023174	0.032361	-68.518019	-65.884261	-137.412970
63222	8.853696	-3.816976	1.348008	0.027102	0.026035	0.026497	-68.484468	-65.864977	-137.432663
63223	8.805944	-3.780917	1.435884	0.026882	0.025936	0.014959	-68.457171	-65.849718	-137.447032
63224	8.820325	-3.760447	1.416184	0.021229	0.012424	0.016338	-68.438456	-65.838705	-137.454158
63225	8.878529	-3.754421	1.411901	0.019833	0.008260	0.020649	-68.438804	-65.824138	-137.442642
63226	8.916141	-3.792134	1.351642	0.012736	0.006119	0.027669	-68.437761	-65.808415	-137.435731
63227	8.907586	-3.817902	1.352489	0.013718	0.017098	0.031785	-68.436270	-65.786069	-137.430062
63228	8.769879	-3.756200	1.483258	0.004912	0.016235	0.030680	-68.429131	-65.766611	-137.434749
63229	8.845271	-3.805301	1.384107	0.004600	-0.016988	0.028338	-68.471497	-65.753283	-137.386698
63230	8.859768	-3.786183	1.360410	-0.004366	-0.014531	0.024757	-68.503279	-65.743448	-137.354529
63231	8.918131	-3.858218	1.358521	-0.007540	-0.026208	0.026197	-68.562370	-65.733180	-137.295745
63232	8.962567	-3.848003	1.319577	-0.004450	-0.008987	0.023842	-68.587156	-65.722652	-137.271297
63233	8.931794	-3.841396	1.333754	0.001152	-0.004270	0.027699	-68.615906	-65.706980	-137.240320
63234	8.887853	-3.854275	1.293691	0.004739	0.000590	0.017826	-68.621281	-65.697654	-137.231387
63235	8.854389	-3.823505	1.410183	0.004015	0.014045	0.021300	-68.623730	-65.681580	-137.227459
63236	8.890701	-3.810833	1.397073	0.010582	0.003009	0.018252	-68.623088	-65.671521	-137.221454
63237	8.823510	-3.843070	1.402591	-0.002046	-0.001610	0.022979	-68.648170	-65.657829	-137.196485
63238	8.905764	-3.843507	1.326760	0.001871	-0.017721	0.024215	-68.679694	-65.648908	-137.160652
63239	8.911538	-3.874185	1.356339	-0.001184	-0.002847	0.023296	-68.705782	-65.635303	-137.134023
63240	8.896770	-3.870985	1.324956	0.005131	-0.003822	0.024335	-68.719060	-65.623413	-137.116164
63241	8.917873	-3.879702	1.333678	0.010274	0.009642	0.013293	-68.719206	-65.612556	-137.110798
63242	8.895349	-3.873598	1.326860	0.013626	0.010230	0.013665	-68.706162	-65.603440	-137.116493
63243	8.931318	-3.834910	1.338396	0.020720	0.020122	0.007304	-68.685218	-65.593609	-137.127708
63244	8.871582	-3.842649	1.346945	0.019780	0.020342	0.012883	-68.656418	-65.582801	-137.146835
63245	8.854811	-3.839771	1.395596	0.020169	0.022494	0.012584	-68.635415	-65.569669	-137.158458
63246	8.831511	-3.808293	1.413902	0.018454	0.024973	0.011938	-68.601544	-65.558391	-137.183993
63247	8.845328	-3.839571	1.423334	0.011913	0.004944	0.012361	-68.605725	-65.549052	-137.173139
63248	8.935835	-3.840995	1.326592	0.011520	0.010561	0.013307	-68.593390	-65.540054	-137.179383
63249	8.882584	-3.877361	1.365120	0.015735	0.024238	0.007834	-68.570629	-65.529107	-137.195715
63250	8.881778	-3.878160	1.368093	0.020325	0.026948	0.015696	-68.535175	-65.515400	-137.221821
63251	8.888249	-3.855675	1.372400	0.019011	0.038138	0.007931	-68.494319	-65.501485	-137.255971
63252	8.894842	-3.832804	1.377023	0.022756	0.033109	0.007355	-68.446493	-65.490911	-137.294148
63253	8.788953	-3.827406	1.447702	0.017375	0.042845	0.008832	-68.401529	-65.475517	-137.333846
63254	8.809244	-3.810056	1.483130	0.018069	0.022827	0.012206	-68.370709	-65.464506	-137.356289
63255	8.862439	-3.825903	1.401908	0.013304	0.018087	0.016144	-68.360326	-65.450437	-137.360531
63256	8.861543	-3.827256	1.403876	0.013454	0.014772	0.018623	-68.344546	-65.437706	-137.369351
63257	8.896204	-3.841080	1.445404	0.011276	0.020642	0.017349	-68.332869	-65.422468	-137.376287
63258	8.844784	-3.876731	1.406928	0.009788	0.022033	0.020740	-68.311743	-65.407071	-137.393297
63259	8.888438	-3.840868	1.395777	0.012134	0.019404	0.017667	-68.301130	-65.391934	-137.398517
63260	8.835712	-3.826008	1.404718	0.012139	0.027175	0.018299	-68.271597	-65.376743	-137.423296
63261	8.802937	-3.845088	1.475567	0.011577	0.021785	0.022937	-68.260955	-65.358310	-137.428894
63262	8.809178	-3.823856	1.477938	0.003840	0.010846	0.025566	-68.258527	-65.342711	-137.429090
63263	8.875884	-3.846519	1.426249	-0.001719	0.001808	0.030105	-68.281890	-65.324709	-137.405641
63264	8.845563	-3.865007	1.417514	0.002586	0.002163	0.024903	-68.289917	-65.311304	-137.395122
63265	8.776522	-3.847164	1.470562	0.001183	0.013556	0.030481	-68.298090	-65.290621	-137.386550
63266	8.821399	-3.862784	1.410356	-0.002267	-0.004797	0.027281	-68.318015	-65.277422	-137.365990
63267	8.850308	-3.874278	1.395417	0.000943	-0.000899	0.025171	-68.340494	-65.262631	-137.341806
63268	8.810608	-3.840332	1.456997	-0.001387	0.009506	0.028864	-68.344074	-65.245559	-137.338684
63269	8.831762	-3.875445	1.442262	0.000465	0.003712	0.031993	-68.364523	-65.226168	-137.317023
63270	8.846638	-3.882204	1.396664	0.001321	0.002472	0.032315	-68.376222	-65.208743	-137.303249
63271	8.829169	-3.881082	1.442980	0.000863	0.005865	0.031686	-68.393713	-65.189067	-137.284582
63272	8.844104	-3.887666	1.397518	0.004059	0.001989	0.028945	-68.402823	-65.173537	-137.271927
63273	8.834829	-3.888147	1.421165	0.009457	0.007782	0.028742	-68.411748	-65.155032	-137.257261
63274	8.810011	-3.909790	1.467089	0.005230	0.000672	0.027408	-68.420974	-65.140597	-137.243736
63275	8.794730	-3.881341	1.460003	0.007372	0.006893	0.020938	-68.428476	-65.126442	-137.231942
63276	8.809421	-3.862002	1.438066	0.005070	-0.003784	0.024293	-68.441474	-65.114603	-137.214358
63277	8.801124	-3.887145	1.437081	-0.000152	-0.006337	0.020155	-68.468033	-65.103656	-137.186296
63278	8.754404	-3.875800	1.496776	-0.004618	-0.011138	0.022235	-68.494057	-65.094454	-137.160466
63279	8.859528	-3.909639	1.405054	-0.004981	-0.026603	0.022827	-68.547735	-65.086327	-137.105538
63280	8.807923	-3.920210	1.385783	-0.004778	-0.015594	0.019119	-68.577518	-65.079704	-137.075662
63281	8.850043	-3.885832	1.447712	-0.005561	-0.021116	0.012272	-68.620387	-65.076040	-137.033004
63282	8.926207	-3.934761	1.346724	-0.004707	-0.022357	0.012594	-68.654936	-65.074294	-136.997826
63283	8.947080	-3.918282	1.376970	-0.007787	-0.008477	0.017517	-68.686853	-65.065189	-136.968643
63284	8.940735	-3.916761	1.322071	-0.003015	-0.002535	0.021025	-68.701427	-65.054801	-136.954420
63285	8.893761	-3.905577	1.383384	0.001813	0.018949	0.025799	-68.700023	-65.035584	-136.955914
63286	8.824603	-3.887574	1.437522	0.006863	0.018262	0.034259	-68.690996	-65.013802	-136.961478
63287	8.838016	-3.844448	1.440414	-0.002359	0.016518	0.040897	-68.701459	-64.987047	-136.952511
63288	8.844630	-3.875795	1.394746	-0.006787	0.007402	0.051331	-68.720277	-64.958411	-136.935979
63289	8.886033	-3.895205	1.411594	-0.012559	0.007244	0.052451	-68.752189	-64.927433	-136.909775
63290	8.906282	-3.958464	1.372856	-0.015931	0.009117	0.066938	-68.781104	-64.890099	-136.887871
63291	8.897294	-3.936298	1.342797	-0.011463	0.015134	0.072280	-68.811975	-64.846902	-136.862106
63292	8.878910	-3.989127	1.343205	-0.005285	0.030757	0.070542	-68.811644	-64.803154	-136.865761
63293	8.837217	-3.958901	1.407622	0.002818	0.042805	0.073479	-68.803351	-64.753601	-136.874227
63294	8.862571	-3.924438	1.444592	0.015487	0.048553	0.076182	-68.773513	-64.703151	-136.897355
63295	8.874458	-3.910380	1.426957	0.013636	0.043492	0.088176	-68.764744	-64.645618	-136.899496
63296	8.714285	-4.148704	1.344639	0.009455	0.039213	0.126400	-68.770975	-64.570283	-136.886547
63297	8.892679	-3.839128	1.514349	0.083315	-0.000649	0.129953	-68.789950	-64.499592	-136.813745
63298	8.761005	-3.911518	1.504797	0.020765	0.033472	0.157372	-68.809376	-64.408898	-136.778972
63299	8.679113	-3.953013	1.533953	0.030285	-0.027640	0.184024	-68.911259	-64.314868	-136.647802
63300	8.873547	-3.907706	1.493939	0.022762	-0.030556	0.198557	-69.017344	-64.215275	-136.515503
63301	8.747586	-3.988045	1.455869	0.010840	-0.034755	0.224074	-69.153219	-64.101060	-136.358714
63302	9.085840	-3.821790	1.581657	0.002028	-0.072780	0.249899	-69.336882	-63.982251	-136.153094
63303	9.623199	-3.619363	1.225920	-0.057817	-0.044540	0.388494	-69.586862	-63.781378	-135.912666
63304	8.766121	-4.278559	1.534304	-0.122047	0.077827	0.449715	-69.753616	-63.524571	-135.804560
63305	8.914709	-4.065563	1.410662	-0.046192	-0.043966	0.466286	-70.019423	-63.281031	-135.538009
63306	9.062491	-4.070881	1.513257	-0.107606	0.022626	0.521599	-70.257966	-62.995849	-135.339671
63307	8.923397	-4.129487	1.444952	-0.105545	0.019112	0.581722	-70.524663	-62.676888	-135.109027
63308	8.830479	-4.186756	1.470650	-0.145565	0.033136	0.627243	-70.802762	-62.331788	-134.889483
63309	8.823313	-4.279769	1.451094	-0.136289	0.008078	0.674291	-71.119127	-61.963774	-134.621169
63310	8.635885	-4.207938	1.559024	-0.171660	0.017484	0.739254	-71.453327	-61.559685	-134.353407
63311	8.593547	-4.323855	1.526122	-0.193444	-0.029523	0.779282	-71.858463	-61.139906	-134.019267
63312	8.831502	-4.450761	1.405447	-0.205929	-0.064695	0.829440	-72.303248	-60.699418	-133.645278
63313	8.838828	-4.498290	1.455728	-0.226676	-0.030848	0.891068	-72.740805	-60.216455	-133.292885
63314	8.493987	-4.516055	1.641333	-0.273405	-0.046661	0.991663	-73.229478	-59.681251	-132.909248
63315	8.763684	-4.952086	1.428601	-0.257764	-0.121942	1.053675	-73.787233	-59.120907	-132.434156
63316	8.799426	-4.875825	1.394279	-0.274817	-0.029801	1.119395	-74.263880	-58.509285	-132.061003
63317	8.633614	-5.098444	1.511708	-0.296387	0.035636	1.186214	-74.701643	-57.847635	-131.747044
63318	8.615846	-4.796545	1.546046	-0.301202	-0.002771	1.234096	-75.165630	-57.165542	-131.401496
63319	8.568141	-4.969479	1.490921	-0.377420	0.049196	1.290945	-75.631411	-56.441372	-131.104747
63320	8.409276	-5.179720	1.507486	-0.410821	0.072107	1.340755	-76.086578	-55.686631	-130.839788
63321	8.412357	-5.257160	1.511859	-0.438376	0.078730	1.353644	-76.545310	-54.921133	-130.588870
63322	8.635854	-5.430488	1.498547	-0.451253	0.141634	1.359977	-76.944157	-54.144343	-130.416555
63323	10.393688	-6.233944	1.524412	-0.395492	0.138815	1.270966	-77.292049	-53.415528	-130.267819
63324	8.846746	-5.036141	1.566261	-0.521130	0.488014	1.338694	-77.451393	-52.606201	-130.442081
63325	7.799556	-6.048404	1.429942	-0.510507	0.505315	1.345344	-77.599279	-51.790045	-130.626816
63326	8.389984	-5.895333	1.198527	-0.471501	0.428764	1.353582	-77.776325	-50.980214	-130.745910
63327	7.401913	-6.203579	1.025187	-0.534969	0.609068	1.414620	-77.880909	-50.113417	-131.009265
63328	5.906009	-6.603504	1.141948	-0.541574	0.399107	1.417416	-78.126834	-49.271765	-131.093620
63329	7.118669	-6.278882	0.886121	-0.403107	0.011602	1.429729	-78.544779	-48.467125	-130.847364
63330	7.268987	-6.496826	0.856199	-0.443119	0.096875	1.489775	-78.923908	-47.619406	-130.678895
63331	7.109535	-6.687953	1.054534	-0.387078	0.011122	1.519040	-79.320923	-46.762438	-130.442202
63332	7.449862	-6.648338	1.060650	-0.384304	-0.025843	1.566593	-79.727569	-45.882750	-130.184341
63333	7.368996	-6.887595	1.054563	-0.385137	-0.040683	1.623885	-80.141098	-44.969665	-129.915941
63334	7.554017	-6.949041	1.093609	-0.359388	-0.065003	1.682173	-80.542259	-44.026006	-129.637313
63335	7.636234	-7.008625	1.151449	-0.362317	-0.005321	1.753729	-80.910862	-43.033798	-129.406065
63336	7.315849	-7.159922	1.216860	-0.387065	0.005649	1.839777	-81.279547	-41.992129	-129.188602
63337	7.042384	-7.281073	1.216040	-0.403271	-0.049640	1.917795	-81.683318	-40.908716	-128.930425
63338	7.352463	-7.463002	1.462838	-0.439439	-0.127404	2.013529	-82.134639	-39.777042	-128.622138
63339	7.414127	-7.731139	1.424307	-0.511876	-0.131708	2.139000	-82.625151	-38.571456	-128.312837
63340	6.619279	-8.044673	0.877152	-0.600207	-0.195865	2.294818	-83.182619	-37.280786	-127.965326
63341	6.191139	-8.414491	0.446655	-0.686136	-0.442497	2.416424	-83.882381	-35.932842	-127.454337
63342	7.887084	-9.811708	0.780295	-0.707115	-0.761234	2.457087	-84.693565	-34.575642	-126.750891
63343	10.760567	-9.941658	1.142197	-0.354697	-0.595207	2.367716	-85.208979	-33.253515	-126.194987
63344	10.276930	-9.035431	1.795833	-0.495584	0.104922	2.499617	-85.528660	-31.821381	-126.128490
63345	9.839877	-8.969283	1.530720	-0.326402	0.460405	2.540500	-85.627967	-30.349610	-126.302253
63346	8.127064	-8.975047	0.636064	-0.426164	0.797157	2.723737	-85.681101	-28.759113	-126.689455
63347	7.019868	-9.279331	0.084849	-0.414674	0.668597	2.867058	-85.783969	-27.092884	-126.981510
63348	6.802777	-9.311028	-0.310772	-0.422798	0.413773	3.015019	-85.971047	-25.353047	-127.106274
63349	6.342054	-9.186917	-0.458393	-0.450353	0.161954	3.220044	-86.246900	-23.506833	-127.068693
63350	5.451756	-9.113610	-0.611635	-0.517018	-0.175700	3.464637	-86.636005	-21.532028	-126.826177
63351	4.396420	-9.073943	-1.098511	-0.557214	-0.623098	3.733096	-87.134877	-19.416722	-126.320065
63352	4.239520	-9.184322	-1.216276	-0.513562	-1.165414	3.905017	-87.683534	-17.211951	-125.510570
63353	4.140939	-8.728087	-1.300630	-0.416396	-1.598910	4.038635	-88.213089	-14.933347	-124.470256
63354	4.005858	-6.612066	-1.014331	-0.199922	-2.011416	4.043608	-88.626205	-12.649301	-123.217964
63355	8.782656	-3.214535	0.028845	0.398162	-2.619287	3.292401	-88.721946	-10.799335	-121.639969
63356	14.220225	-7.246395	0.679324	0.369194	-1.838086	2.116918	-88.704865	-9.610544	-120.542151
63357	18.514196	-7.820638	0.577358	1.299507	-1.314011	-0.300820	-88.091630	-9.806872	-119.782794
63358	18.370497	-2.606277	1.821343	1.362927	-0.262664	-1.802620	-87.330606	-10.845079	-119.671515
63359	13.050578	-5.106639	0.721242	1.331560	0.698666	-2.572610	-86.472684	-12.301254	-120.160576
63360	8.878872	-4.832401	0.926589	1.762436	0.972633	-3.111957	-85.302821	-14.039934	-120.862359
63361	5.898609	-5.390031	-0.036909	1.960579	1.066475	-3.206048	-83.974384	-15.819411	-121.669502
63362	3.140260	-5.187274	-0.385372	2.222285	0.868851	-3.303783	-82.485350	-17.640674	-122.418311
63363	2.748154	-4.093205	-0.549887	2.361297	0.326532	-3.355992	-80.980063	-19.524795	-122.905141
63364	3.415431	-3.834224	-0.699187	2.341818	-0.017456	-3.335860	-79.521114	-21.410402	-123.239721
63365	4.734657	-3.826084	-0.622740	2.339475	-0.320800	-3.412264	-78.101719	-23.372396	-123.454612
63366	6.105247	-3.510417	-0.677007	2.279334	-0.391765	-3.517436	-76.695716	-25.388386	-123.696473
63367	6.361194	-3.558459	-0.790680	2.151273	-0.292641	-3.585836	-75.300338	-27.431442	-124.069235
63368	5.460837	-3.536624	-0.989212	1.998083	-0.191519	-3.596926	-73.916540	-29.447797	-124.570605
63369	4.376192	-3.585724	-1.157949	1.801740	-0.196840	-3.450210	-72.617093	-31.383038	-125.104467
63370	3.598814	-3.482294	-1.333527	1.566264	-0.339287	-3.208560	-71.478541	-33.192106	-125.555615
63371	3.746993	-3.260871	-1.393216	1.255657	-0.605670	-2.962127	-70.612407	-34.919912	-125.823589
63372	5.019378	-3.415874	-1.197193	0.873315	-0.878474	-2.795750	-70.065359	-36.598012	-125.903305
63373	6.523067	-3.828311	-0.895878	0.490536	-1.008102	-2.749023	-69.790533	-38.285869	-125.899052
63374	7.462567	-4.243105	-0.483553	0.125136	-0.975575	-2.714336	-69.707707	-39.938713	-125.916604
63375	7.735533	-4.956215	-0.042393	-0.185060	-0.872794	-2.628724	-69.774024	-41.535531	-125.983381
63376	7.644622	-5.632496	0.355250	-0.437518	-0.778857	-2.506100	-69.956431	-43.037581	-126.084788
63377	7.485624	-6.403379	0.708603	-0.607777	-0.729185	-2.374171	-70.243475	-44.469871	-126.179007
63378	7.409203	-7.087554	0.942582	-0.706392	-0.726996	-2.254210	-70.607998	-45.826645	-126.235678
63379	7.865043	-7.599776	1.036497	-0.772001	-0.785204	-2.171171	-71.074535	-47.160399	-126.207832
63380	8.556075	-7.800001	1.101861	-0.834271	-0.855480	-2.173102	-71.625968	-48.497149	-126.108722
63381	9.227627	-8.032584	1.203609	-0.913283	-0.847210	-2.237350	-72.230492	-49.877287	-126.006727
63382	9.459893	-8.289169	1.275258	-0.990457	-0.676867	-2.240074	-72.778901	-51.218255	-126.031405
63383	8.866329	-8.655751	1.367726	-1.080143	-0.419859	-2.107252	-73.249785	-52.453976	-126.224712
63384	7.892762	-8.902662	1.394738	-1.162794	-0.182276	-1.864278	-73.645574	-53.507900	-126.563374
63385	6.812518	-9.245722	1.459860	-1.242212	0.021391	-1.520140	-74.016726	-54.351391	-126.989481
63386	6.045323	-9.587413	1.582442	-1.279351	0.143529	-1.145195	-74.386647	-54.960645	-127.434556
63387	5.899962	-9.580007	1.715829	-1.280548	0.193394	-0.795181	-74.801683	-55.380120	-127.827214
63388	6.237631	-9.352841	1.705541	-1.315214	0.237933	-0.502999	-75.255664	-55.623592	-128.190660
63389	6.640263	-9.244918	1.772894	-1.357754	0.296221	-0.303441	-75.737910	-55.758293	-128.552852
63390	7.050169	-9.104985	1.769831	-1.385125	0.356513	-0.183644	-76.202981	-55.811127	-128.950102
63391	7.276511	-8.985949	1.672218	-1.392032	0.437409	-0.120651	-76.626755	-55.827663	-129.405980
63392	7.306048	-8.913412	1.710192	-1.383480	0.514892	-0.067647	-76.983971	-55.798326	-129.932342
63393	7.396278	-9.113255	1.884975	-1.355818	0.600605	-0.022051	-77.272202	-55.741613	-130.527149
63394	7.569050	-9.283036	2.042038	-1.273365	0.682029	0.007053	-77.444588	-55.652411	-131.201609
63395	7.338844	-9.315327	2.066688	-1.173843	0.796044	0.031713	-77.480981	-55.542726	-131.976271
63396	6.775368	-9.309588	2.088089	-1.059636	0.829278	0.034957	-77.420486	-55.420199	-132.786487
63397	6.208862	-9.425092	2.011793	-0.956192	0.770464	0.003533	-77.352931	-55.328282	-133.537757
63398	5.651809	-9.480452	1.927174	-0.859124	0.638730	-0.046789	-77.321392	-55.274477	-134.174777
63399	5.233530	-9.548018	1.857872	-0.775992	0.451278	-0.087588	-77.393705	-55.272569	-134.630935
63400	5.146784	-9.529917	1.770327	-0.698940	0.236856	-0.127163	-77.580490	-55.314558	-134.890798
63401	5.026593	-9.418308	1.765529	-0.656465	0.070969	-0.162341	-77.878008	-55.401658	-134.989341
63402	5.190782	-9.273488	1.863113	-0.613052	-0.074610	-0.228754	-78.251060	-55.538991	-134.962821
63403	5.622166	-9.212554	1.850452	-0.594876	-0.123646	-0.298549	-78.650869	-55.724740	-134.894198
63404	5.956792	-9.227261	1.826705	-0.552199	-0.100835	-0.388252	-78.987632	-55.954428	-134.869513
63405	5.997368	-8.992722	1.800838	-0.517746	-0.012951	-0.484612	-79.224636	-56.231663	-134.943997
63406	5.694900	-8.841207	1.861977	-0.490145	0.075615	-0.575048	-79.349708	-56.547599	-135.130965
63407	5.351573	-8.795718	1.886133	-0.462628	0.158407	-0.655976	-79.380737	-56.902687	-135.413286
63408	4.961602	-8.871541	1.947249	-0.411502	0.235875	-0.701244	-79.296909	-57.272787	-135.793928
63409	4.576999	-8.850540	1.914545	-0.354808	0.292567	-0.663443	-79.138430	-57.616524	-136.225262
63410	4.187918	-8.849759	1.940595	-0.284285	0.347537	-0.562196	-78.894596	-57.895056	-136.706078
63411	3.661360	-8.688582	1.850277	-0.217748	0.349632	-0.417580	-78.637921	-58.091550	-137.157768
63412	3.180990	-8.590222	1.756692	-0.154160	0.304425	-0.251757	-78.405412	-58.198459	-137.535437
63413	3.055912	-8.678377	1.590877	-0.085525	0.200244	-0.104112	-78.261070	-58.233621	-137.764561
63414	3.120073	-8.745240	1.402649	-0.005688	0.092903	0.015543	-78.183601	-58.214297	-137.859464
63415	3.073507	-8.615417	1.159587	0.071857	-0.029832	0.103467	-78.196440	-58.158750	-137.797421
63416	2.957144	-8.297042	1.059127	0.137227	-0.170173	0.161251	-78.302030	-58.088412	-137.580432
63417	3.114340	-8.082771	1.089665	0.189786	-0.314241	0.203681	-78.521226	-58.008286	-137.195333
63418	3.593471	-8.090896	1.184158	0.249498	-0.408699	0.240517	-78.788963	-57.919493	-136.710809
63419	3.845887	-8.181022	1.371262	0.319701	-0.446393	0.288041	-79.063297	-57.803791	-136.171760
63420	4.165437	-7.999206	1.545299	0.412091	-0.465387	0.350216	-79.302071	-57.656993	-135.610071
63421	4.553682	-7.916342	1.617176	0.502220	-0.418251	0.451949	-79.467058	-57.442918	-135.074649
63422	4.790881	-7.760336	1.644156	0.606334	-0.334143	0.584235	-79.508382	-57.148973	-134.612629
63423	4.787051	-7.395191	1.438466	0.691016	-0.284548	0.722186	-79.481799	-56.767428	-134.172966
63424	4.713405	-6.871442	1.106113	0.731457	-0.274218	0.838560	-79.429977	-56.324082	-133.732705
63425	4.628210	-6.126539	0.761152	0.744168	-0.288802	0.922886	-79.396445	-55.829709	-133.260118
63426	4.441292	-5.514990	0.496409	0.699303	-0.333669	0.987630	-79.422047	-55.308864	-132.743247
63427	4.373670	-5.317735	0.296476	0.624208	-0.429952	1.049581	-79.573751	-54.757083	-132.122516
63428	4.507167	-5.497432	0.300019	0.546134	-0.585724	1.144703	-79.887300	-54.171792	-131.352625
63429	4.782891	-6.123379	0.365506	0.491856	-0.784621	1.246194	-80.385306	-53.539599	-130.387758
63430	5.014359	-6.700795	0.511832	0.481061	-0.983003	1.328033	-81.017732	-52.879911	-129.253833
63431	5.001389	-7.110983	0.589864	0.510445	-1.182880	1.392776	-81.761003	-52.186174	-127.949632
63432	5.071375	-7.484948	0.816189	0.546382	-1.406956	1.451899	-82.608215	-51.471828	-126.473768
63433	5.320884	-7.744905	1.003435	0.634388	-1.580235	1.487798	-83.491271	-50.728446	-124.872581
63434	5.284904	-7.949295	1.331329	0.738035	-1.673108	1.511647	-84.329823	-49.969076	-123.234252
63435	5.106800	-7.925653	1.657668	0.895988	-1.713788	1.549704	-85.064275	-49.168407	-121.595112
63436	4.597133	-7.871751	1.640723	1.043587	-1.727084	1.623683	-85.676810	-48.321158	-119.984965
63437	3.774248	-7.662656	1.463102	1.160481	-1.770678	1.769246	-86.211902	-47.373920	-118.365972
63438	3.412895	-7.803881	1.329113	1.221542	-1.917085	1.977276	-86.755695	-46.310641	-116.661067
63439	3.653697	-7.852360	1.292856	1.238213	-2.095023	2.197444	-87.343311	-45.106640	-114.848086
63440	86.225260	-35.287018	-5.576772	3.335256	-5.415120	-3.962017	-88.593502	-47.486820	-110.476271
63441	15.542698	42.306325	-9.327890	4.004739	8.266822	-7.484945	-80.307561	-51.299039	-118.354889
63442	-1.088646	-25.008244	5.860733	-10.031936	13.421173	-2.193079	-76.381420	-50.974871	-130.771148
63443	-7.464484	-22.640043	-0.658480	7.573908	-0.201899	-5.429773	-71.053708	-53.989788	-132.016021
63444	-12.553397	3.522743	-6.102011	-1.121583	0.854622	-4.444588	-69.811890	-56.225977	-134.313004
63445	37.165630	-17.424771	8.288525	4.386361	-5.139615	-3.885157	-70.500870	-59.315663	-130.528907
63446	28.297482	8.350359	0.358399	1.481204	2.600914	-2.917247	-66.209898	-60.320459	-134.510317
63447	3.030657	-5.388250	3.182920	-0.286507	3.412156	-0.260196	-63.212041	-59.616960	-138.163023
63448	2.394469	-5.547917	8.713420	1.392572	-0.791962	-1.518076	-62.425496	-60.598305	-138.149864
63449	9.353583	-1.203760	2.803029	1.057584	-1.474327	-1.548931	-62.440248	-61.772440	-137.441795
63450	9.976536	-2.238504	2.284357	-0.226488	-0.352756	-0.955662	-62.430475	-62.351704	-137.599686
63451	8.505106	-2.162460	3.757520	-0.008035	-0.733644	-0.611080	-62.850642	-62.852693	-137.131832
63452	11.193161	-3.467367	2.016505	-0.389934	-1.400076	-0.142256	-64.418012	-63.282334	-135.624357
63453	12.108556	-5.163760	-2.273997	0.074163	-0.647713	-0.009950	-65.044868	-63.442873	-134.875588
63454	9.092451	-3.239024	2.627194	-0.383859	0.312765	-0.061573	-64.910853	-63.399367	-135.271307
63455	7.601745	-4.520268	2.649898	-0.104897	-0.372643	-0.037894	-65.346030	-63.506060	-134.852204
63456	9.426091	-3.948108	1.035278	-0.081089	-0.470207	-0.074404	-65.851334	-63.656504	-134.339799
63457	8.778848	-4.129942	1.701857	-0.241814	-0.136072	-0.081855	-66.100880	-63.728217	-134.216112
63458	8.908880	-4.418528	1.407291	-0.061055	-0.287859	-0.119631	-66.386920	-63.857713	-133.936233
63459	8.824582	-3.655500	1.683966	-0.097059	-0.148461	-0.123949	-66.549518	-63.953909	-133.817224
63460	8.462890	-3.886579	1.976181	-0.123776	-0.193104	-0.090873	-66.786929	-64.045854	-133.631928
63461	8.743063	-3.869529	1.622424	-0.077103	-0.304794	-0.063485	-67.138215	-64.144807	-133.290601
63462	9.042750	-3.833810	1.296533	-0.075102	-0.229557	-0.029340	-67.419032	-64.211429	-133.026382
63463	8.942617	-4.023042	1.381985	-0.085203	-0.123728	-0.017634	-67.601008	-64.245058	-132.878593
63464	8.960745	-4.003046	1.344994	-0.039225	-0.104076	-0.026703	-67.726336	-64.282183	-132.764357
63465	8.939442	-4.016000	1.384834	-0.039482	-0.023933	-0.025747	-67.769258	-64.298239	-132.741909
63466	8.737642	-4.059660	1.584049	-0.034310	-0.001570	-0.027845	-67.778601	-64.313659	-132.753300
63467	8.845825	-3.968452	1.523251	-0.012791	-0.021575	-0.042709	-67.796051	-64.338219	-132.742154
63468	8.802321	-3.999476	1.539093	-0.029817	0.008555	-0.050445	-67.781428	-64.363435	-132.777270
63469	8.864841	-3.968463	1.476119	-0.011129	0.009680	-0.054575	-67.757996	-64.387541	-132.810413
63470	8.785481	-3.902712	1.596642	-0.025335	0.046965	-0.046298	-67.700071	-64.402202	-132.890687
63471	8.682151	-3.938831	1.623111	-0.019564	0.017287	-0.043595	-67.677903	-64.418843	-132.927779
63472	8.766289	-3.888863	1.590504	-0.014907	0.007013	-0.035349	-67.663095	-64.436363	-132.953607
63473	8.685397	-3.879211	1.666495	-0.016270	0.010094	-0.024649	-67.655529	-64.444543	-132.972406
63474	8.767187	-3.939168	1.547366	0.002968	-0.013325	-0.010399	-67.664361	-64.453268	-132.960675
63475	8.828827	-3.857569	1.527535	0.013950	0.009905	-0.000607	-67.650587	-64.448768	-132.967155
63476	8.750345	-3.953050	1.650114	0.006325	0.010016	0.017714	-67.644434	-64.437511	-132.969903
63477	8.856007	-3.925032	1.472439	0.031092	-0.006912	0.025478	-67.651307	-64.422879	-132.942604
63478	8.837996	-3.941181	1.575980	0.010602	0.039139	0.033277	-67.617576	-64.397026	-132.973213
63479	8.827452	-4.020735	1.537857	0.028130	0.018158	0.027772	-67.599446	-64.375744	-132.975519
63480	8.923688	-4.010723	1.441809	0.025122	0.047944	0.015733	-67.539800	-64.357243	-133.025655
63481	8.750671	-3.992522	1.622291	0.021124	0.070424	0.008874	-67.459549	-64.334526	-133.101337
63482	8.722214	-3.932155	1.608417	0.029257	0.044961	-0.004279	-67.391827	-64.327213	-133.157820
63483	8.749916	-3.937192	1.676189	0.011316	0.052048	-0.009421	-67.329163	-64.318159	-133.220236
63484	8.660490	-3.957312	1.680032	0.009935	0.026132	-0.000490	-67.295015	-64.312956	-133.251756
63485	8.713382	-3.926219	1.642086	0.007052	0.011965	-0.003634	-67.281495	-64.309688	-133.262350
63486	8.743140	-3.909904	1.650227	0.008766	0.004009	-0.001848	-67.271710	-64.310091	-133.267579
63487	8.832731	-3.921680	1.552612	0.016299	0.002413	0.010687	-67.269927	-64.301387	-133.259262
63488	8.808246	-3.964470	1.580301	0.013469	0.029783	0.014391	-67.236631	-64.287498	-133.287594
63489	8.768141	-3.999124	1.654848	0.020130	0.028629	0.013376	-67.205132	-64.271588	-133.309826
63490	8.804536	-4.014615	1.620955	0.020842	0.024314	-0.000957	-67.166594	-64.267006	-133.339294
63491	8.731765	-3.961477	1.642520	0.014524	0.031551	-0.008798	-67.124897	-64.262153	-133.376415
63492	8.679227	-3.963579	1.705845	0.002015	0.008317	-0.022506	-67.104718	-64.272493	-133.397477
63493	8.793407	-3.958477	1.560918	0.003609	-0.001931	-0.022167	-67.099712	-64.282160	-133.400801
63494	8.763461	-3.940121	1.652428	-0.009735	0.011363	-0.022399	-67.082951	-64.291761	-133.425539
63495	8.756771	-3.933880	1.675015	-0.008311	-0.008213	-0.029728	-67.088126	-64.306841	-133.425141
63496	8.751720	-3.932749	1.619339	-0.015375	-0.014686	-0.027211	-67.100925	-64.324791	-133.420659
63497	8.751846	-3.925314	1.693879	-0.015162	-0.028125	-0.028277	-67.132549	-64.343560	-133.395265
63498	8.754510	-3.955194	1.592436	-0.017229	-0.027044	-0.034445	-67.156688	-64.368078	-133.379383
63499	8.792293	-3.962261	1.628858	-0.024355	-0.035060	-0.039272	-67.196172	-64.394201	-133.351117
63500	8.862603	-3.963100	1.518499	-0.018529	-0.023236	-0.048748	-67.210312	-64.425422	-133.347154
63501	8.780877	-4.000492	1.626266	-0.026899	-0.002395	-0.057655	-67.206729	-64.454021	-133.368254
63502	8.732559	-3.950453	1.651398	-0.015145	-0.023442	-0.061779	-67.213120	-64.492170	-133.370732
63503	8.796566	-3.864245	1.628844	-0.024360	-0.018609	-0.061789	-67.224042	-64.526562	-133.374131
63504	8.716707	-3.906283	1.658474	-0.032186	-0.028604	-0.064397	-67.244733	-64.567240	-133.371583
63505	8.720285	-3.847200	1.696827	-0.034219	-0.044757	-0.061357	-67.290593	-64.607213	-133.342545
63506	8.774472	-3.887558	1.663630	-0.044315	-0.057475	-0.059832	-67.352686	-64.651854	-133.301869
63507	8.771454	-3.857326	1.623493	-0.041424	-0.073062	-0.052606	-67.438605	-64.693423	-133.233085
63508	8.833189	-3.902538	1.565174	-0.044843	-0.074396	-0.046975	-67.526337	-64.734922	-133.164417
63509	8.843509	-3.930049	1.512776	-0.036796	-0.072327	-0.046617	-67.612014	-64.773092	-133.093006
63510	8.847952	-3.850411	1.493283	-0.015730	-0.059842	-0.041291	-67.669774	-64.808326	-133.039071
63511	8.775981	-3.818186	1.562456	-0.013121	-0.050248	-0.021905	-67.728782	-64.828552	-132.982175
63512	8.828789	-3.834574	1.551136	-0.002466	-0.063616	-0.012445	-67.796785	-64.849257	-132.908548
63513	8.888700	-3.882378	1.495221	-0.013295	-0.054061	-0.011610	-67.865092	-64.864815	-132.841502
63514	8.874407	-3.900795	1.514916	-0.006229	-0.040538	-0.007867	-67.911434	-64.878044	-132.794202
63515	8.802273	-3.875174	1.509297	-0.003305	-0.030336	-0.015355	-67.945538	-64.890458	-132.758621
63516	8.780958	-3.835208	1.596572	-0.002180	-0.032482	-0.010993	-67.979079	-64.903590	-132.722905
63517	8.826326	-3.853142	1.533056	0.001407	-0.040600	-0.007117	-68.025933	-64.913830	-132.670266
63518	8.834784	-3.829824	1.528573	0.000408	-0.029912	0.002146	-68.061156	-64.919407	-132.631061
63519	8.826949	-3.880297	1.505839	0.008758	-0.034254	0.007655	-68.103359	-64.920432	-132.578908
63520	8.828166	-3.832110	1.469672	0.015390	-0.023630	0.017682	-68.129968	-64.916387	-132.539738
63521	8.857263	-3.817645	1.475807	0.022431	-0.010872	0.027324	-68.146702	-64.901965	-132.507052
63522	8.877902	-3.827185	1.484768	0.025908	0.003748	0.040071	-68.146358	-64.880166	-132.490983
63523	8.853931	-3.850627	1.456842	0.031308	0.014231	0.044250	-68.137163	-64.851419	-132.481311
63524	8.812947	-3.942556	1.488373	0.029082	0.024782	0.047665	-68.114625	-64.821094	-132.487746
63525	8.878811	-3.895699	1.427085	0.038339	0.020730	0.041707	-68.092909	-64.792332	-132.487460
63526	8.860355	-3.939767	1.511460	0.029367	0.049652	0.036970	-68.037371	-64.762366	-132.530195
63527	8.762423	-3.932359	1.561564	0.033743	0.039533	0.027922	-67.990926	-64.736917	-132.560167
63528	8.755137	-3.854065	1.575983	0.031431	0.029788	0.025807	-67.951663	-64.717119	-132.583615
63529	8.782730	-3.893864	1.543654	0.032619	0.022910	0.025377	-67.923467	-64.696594	-132.594124
63530	8.879189	-3.829709	1.489028	0.029649	0.018219	0.031758	-67.901003	-64.676119	-132.600125
63531	8.882944	-3.912702	1.482818	0.025447	0.043915	0.041485	-67.860750	-64.642534	-132.628529
63532	8.887163	-3.941603	1.520604	0.032143	0.043532	0.034550	-67.809879	-64.615102	-132.664392
63533	8.810509	-3.967968	1.558188	0.025132	0.062061	0.028208	-67.743667	-64.584628	-132.721752
63534	8.787522	-3.908733	1.598307	0.026525	0.047240	0.025578	-67.687982	-64.561115	-132.766526
63535	8.778045	-3.933253	1.604573	0.023383	0.039473	0.017266	-67.643132	-64.541323	-132.801362
63536	8.755372	-3.900452	1.621030	0.017102	0.023978	0.019775	-67.616213	-64.525928	-132.820269
63537	8.784041	-3.885848	1.630405	0.012770	0.016850	0.018876	-67.603376	-64.510220	-132.826386
63538	8.821628	-3.853828	1.560654	0.019976	0.008398	0.027026	-67.595476	-64.494381	-132.822401
63539	8.848950	-3.894973	1.527281	0.009536	0.031146	0.044331	-67.580261	-64.462090	-132.833208
63540	8.876033	-3.909813	1.516768	0.021069	0.041553	0.045251	-67.543361	-64.429350	-132.860673
63541	8.837479	-3.903648	1.482501	0.025606	0.064252	0.046805	-67.483585	-64.388515	-132.910692
63542	8.757228	-3.947627	1.653850	0.020737	0.076221	0.047687	-67.409983	-64.346845	-132.979093
63543	8.755802	-3.929621	1.604807	0.030193	0.052452	0.047701	-67.361310	-64.308107	-133.013917
63544	8.819714	-3.932904	1.581066	0.026852	0.064419	0.052549	-67.299789	-64.266412	-133.065067
63545	8.832116	-3.918466	1.564187	0.029446	0.078758	0.057485	-67.227496	-64.216666	-133.126623
63546	8.867449	-3.889895	1.501992	0.047128	0.095370	0.067248	-67.127749	-64.160271	-133.207373
63547	8.787019	-3.886369	1.643054	0.045551	0.122917	0.076644	-67.007639	-64.090496	-133.311890
63548	8.778736	-4.022872	1.625688	0.055340	0.106022	0.081022	-66.898871	-64.024313	-133.397529
63549	8.781763	-4.005879	1.636783	0.055781	0.130132	0.075998	-66.765949	-63.953082	-133.509910
63550	8.678136	-4.048849	1.727810	0.052291	0.115474	0.063336	-66.641619	-63.893902	-133.614917
63551	8.775995	-3.912176	1.668995	0.058658	0.091683	0.055504	-66.539878	-63.841999	-133.690852
63552	8.656789	-3.999675	1.760756	0.041674	0.110113	0.055614	-66.424686	-63.787922	-133.792552
63553	8.546334	-4.036466	1.870395	0.036065	0.063553	0.043760	-66.361021	-63.748539	-133.840538
63554	8.766033	-3.949872	1.673623	0.039196	0.036715	0.032513	-66.315136	-63.723350	-133.866606
63555	8.906211	-3.929354	1.619339	0.037538	0.061993	0.040372	-66.250931	-63.686069	-133.914275
63556	8.911103	-3.910642	1.625750	0.039162	0.082462	0.068628	-66.173672	-63.631349	-133.975391
63557	8.858491	-3.945781	1.729035	0.030796	0.098795	0.092889	-66.099405	-63.558006	-134.038667
63558	9.013640	-4.209929	1.480079	0.085073	0.152564	0.083123	-65.929669	-63.479278	-134.173785
63559	8.505573	-3.559227	2.035777	0.023325	0.177702	0.120907	-65.791478	-63.372689	-134.313436
63560	8.668766	-4.544031	1.587941	0.054021	0.102220	0.084754	-65.694366	-63.304674	-134.387411
63561	8.645419	-4.004059	1.882353	0.050788	0.127554	0.071299	-65.570783	-63.235583	-134.493280
63562	8.980533	-3.936029	1.736666	0.072906	0.085890	0.088166	-65.482213	-63.169541	-134.545653
63563	9.128028	-3.906798	1.612367	0.047080	0.151936	0.143564	-65.370753	-63.056843	-134.640467
63564	8.787432	-4.072234	1.832092	0.039799	0.202560	0.181178	-65.226667	-62.914357	-134.776546
63565	8.822935	-3.660829	1.886682	0.052387	0.156587	0.226463	-65.148222	-62.757296	-134.831093
63566	9.102495	-3.613122	1.862492	0.007076	0.197950	0.309364	-65.089851	-62.549099	-134.892186
63567	8.406313	-4.252681	1.864783	-0.068125	0.256392	0.383099	-65.054980	-62.286590	-134.975701
63568	8.378461	-4.210009	2.153178	0.040226	0.129596	0.342022	-65.061369	-62.077912	-134.942360
63569	8.539451	-4.134911	1.969858	-0.018393	0.125153	0.317370	-65.097593	-61.881227	-134.913400
63570	8.733402	-4.085608	2.012290	-0.029552	0.096564	0.342878	-65.175320	-61.680041	-134.844348
63571	9.011157	-4.215263	1.907917	-0.059798	0.092045	0.391226	-65.298333	-61.452865	-134.743564
63572	9.220885	-3.897455	1.949104	-0.080780	0.090579	0.475524	-65.466242	-61.183877	-134.604871
63573	9.484823	-3.769571	1.652030	-0.101357	0.127542	0.647001	-65.684464	-60.814658	-134.421930
63574	8.936242	-4.373675	1.538859	-0.127621	0.317199	0.785022	-65.791895	-60.330241	-134.382480
63575	7.890259	-5.284981	1.668547	-0.048875	0.434180	0.724061	-65.725266	-59.848467	-134.491889
63576	7.196755	-5.184430	2.197326	0.077507	0.392152	0.514835	-65.539441	-59.487382	-134.655674
63577	7.058477	-4.780842	2.409437	0.113601	0.247812	0.312402	-65.385327	-59.264105	-134.759378
63578	7.645329	-4.690282	2.338489	0.110239	0.120155	0.160836	-65.282087	-59.151952	-134.805973
63579	8.171000	-4.456447	2.283742	0.074436	0.049817	0.110931	-65.244051	-59.080703	-134.800813
63580	8.782880	-4.400267	2.134473	0.036674	0.018604	0.149218	-65.266919	-58.998918	-134.749582
63581	9.120148	-4.341639	1.958810	-0.000463	0.050114	0.264813	-65.332490	-58.847528	-134.673542
63582	8.938566	-4.481575	2.035245	-0.037557	0.133425	0.394483	-65.395091	-58.610534	-134.625417
63583	8.833706	-4.541022	2.017577	-0.050532	0.116552	0.513486	-65.527467	-58.313709	-134.504312
63584	8.721961	-4.635535	1.979601	-0.046282	0.163182	0.591620	-65.642800	-57.966723	-134.399683
63585	8.300333	-4.960894	2.069376	-0.042663	0.219094	0.605937	-65.715846	-57.597263	-134.342514
63586	7.763363	-5.236508	1.949100	0.014796	0.237140	0.538414	-65.712457	-57.260512	-134.336415
63587	7.536461	-5.082247	2.249722	0.060777	0.212078	0.420646	-65.663041	-56.989421	-134.354097
63588	7.626919	-4.948576	2.245505	0.070526	0.152454	0.342359	-65.624993	-56.775018	-134.351218
63589	7.702443	-4.845004	2.425600	0.050699	0.119529	0.277170	-65.603952	-56.600626	-134.341936
63590	8.039890	-4.688413	2.366036	0.029262	0.046077	0.272940	-65.648746	-56.447606	-134.268073
63591	7.916225	-4.798266	2.269351	-0.012787	0.057122	0.291287	-65.717574	-56.280561	-134.194487
63592	7.341224	-4.998178	2.394969	-0.029899	0.038081	0.254855	-65.794903	-56.138778	-134.121993
63593	7.617295	-4.858779	2.383480	-0.025664	-0.077680	0.187922	-65.938502	-56.057207	-133.966961
63594	7.606064	-4.988409	2.214068	-0.052831	-0.085640	0.162733	-66.091869	-55.992283	-133.818462
63595	7.526054	-5.011100	2.285539	-0.025424	-0.119974	0.090801	-66.233614	-55.970940	-133.665265
63596	7.664464	-5.006809	2.242985	-0.036157	-0.163521	0.049894	-66.398761	-55.982712	-133.490941
63597	8.076249	-5.112622	2.139195	-0.024128	-0.194022	0.012116	-66.570642	-56.019129	-133.300505
63598	8.409468	-5.056148	2.232339	-0.034405	-0.169689	0.001716	-66.723789	-56.057081	-133.139565
63599	8.698234	-4.983434	2.249845	-0.067696	-0.176746	0.045566	-66.918987	-56.071378	-132.951242
63600	9.339238	-4.818045	2.423036	-0.145262	-0.193676	0.167639	-67.209937	-56.026479	-132.700768
63601	10.247170	-4.774568	2.290619	-0.222707	-0.143524	0.384408	-67.577741	-55.853280	-132.411020
63602	10.813212	-5.200527	2.152135	-0.257478	0.067098	0.653360	-67.881264	-55.492598	-132.222060
63603	10.974282	-5.204712	2.127223	-0.240899	0.189541	0.887209	-68.150913	-54.979295	-132.062087
63604	10.330373	-5.515657	1.844116	-0.251690	0.347255	1.117504	-68.369229	-54.311166	-131.971163
63605	10.364376	-5.532615	2.017484	-0.212045	0.437327	1.316515	-68.553365	-53.516476	-131.894005
63606	10.023625	-5.284138	2.028490	-0.209779	0.593932	1.490817	-68.666781	-52.597332	-131.902425
63607	9.478326	-5.483243	2.246202	-0.219804	0.707308	1.607736	-68.739832	-51.591032	-131.969930
63608	8.929934	-5.516851	2.213787	-0.206870	0.771961	1.696623	-68.784238	-50.525044	-132.065164
63609	8.322731	-6.026578	2.123915	-0.198530	0.826066	1.741515	-68.804556	-49.422907	-132.187758
63610	7.928541	-6.172655	1.914731	-0.149293	0.808538	1.756879	-68.812424	-48.317203	-132.290806
63611	7.628174	-6.192621	1.735802	-0.091607	0.832652	1.765825	-68.780238	-47.200790	-132.405889
63612	7.271133	-6.460060	1.743126	-0.020204	0.883910	1.749219	-68.677300	-46.083416	-132.563310
63613	6.734220	-6.494625	2.027390	0.031581	0.913087	1.698859	-68.526925	-44.985706	-132.749548
63614	6.326948	-6.359335	2.177712	0.077218	0.870954	1.644138	-68.367046	-43.926538	-132.914575
63615	6.008477	-6.178457	2.290846	0.095307	0.850905	1.594160	-68.205778	-42.897027	-133.070808
63616	5.684544	-6.293174	2.515215	0.086668	0.821068	1.528458	-68.055510	-41.909381	-133.219922
63617	5.498700	-6.286305	2.672893	0.085128	0.773439	1.455120	-67.921959	-40.969758	-133.349147
63618	5.409344	-6.318486	2.795243	0.055943	0.705768	1.394539	-67.827115	-40.077591	-133.445703
63619	5.417500	-6.394575	2.829237	0.032216	0.656641	1.343132	-67.762978	-39.222298	-133.518475
63620	5.343711	-6.625521	2.876691	0.011331	0.613829	1.298135	-67.721440	-38.401037	-133.574307
63621	5.288478	-6.705355	2.933379	-0.005958	0.586091	1.252192	-67.696582	-37.609169	-133.621456
63622	5.141348	-6.863541	3.001702	-0.032563	0.531561	1.217327	-67.702384	-36.848599	-133.642620
63623	5.283579	-6.920200	2.987266	-0.047618	0.474103	1.178436	-67.734884	-36.120126	-133.635120
63624	5.253025	-7.012873	2.990737	-0.064703	0.454483	1.164219	-67.780358	-35.404455	-133.620658
63625	5.192503	-7.147388	3.022250	-0.078166	0.424891	1.151506	-67.843505	-34.700889	-133.590008
63626	5.306600	-7.220349	3.077313	-0.084565	0.393480	1.140421	-67.917505	-34.010987	-133.544649
63627	5.327116	-7.354870	2.915751	-0.088864	0.397240	1.137773	-67.992513	-33.320593	-133.502558
63628	5.204033	-7.498824	2.949726	-0.085804	0.403871	1.135454	-68.060506	-32.631009	-133.467868
63629	5.147674	-7.568217	2.957357	-0.076736	0.400070	1.129942	-68.124321	-31.944104	-133.432175
63630	5.031593	-7.676212	2.926599	-0.067974	0.405228	1.127230	-68.178673	-31.258543	-133.402679
63631	4.960811	-7.726806	2.923253	-0.051630	0.407987	1.124564	-68.223137	-30.572769	-133.375288
63632	4.821002	-7.773386	2.946417	-0.034608	0.406997	1.126369	-68.256284	-29.887252	-133.348735
63633	4.764210	-7.847115	2.990604	-0.022448	0.406639	1.137403	-68.284772	-29.194911	-133.318747
63634	4.678618	-7.877805	2.977353	-0.008596	0.403643	1.142681	-68.304809	-28.501399	-133.287322
63635	4.720398	-7.893966	3.101449	0.002587	0.408311	1.148956	-68.318713	-27.802546	-133.256556
63636	4.702291	-7.825564	3.164168	0.000798	0.418964	1.175121	-68.331638	-27.088505	-133.227411
63637	4.646002	-7.869888	3.201133	-0.006755	0.426629	1.202799	-68.350673	-26.357133	-133.195661
63638	4.666525	-7.982295	3.216365	-0.018749	0.447426	1.234558	-68.372481	-25.605407	-133.170286
63639	4.505006	-7.951906	3.118687	-0.023232	0.491757	1.270908	-68.390216	-24.824048	-133.162017
63640	4.883961	-7.918500	3.375804	-0.037187	0.535365	1.320706	-68.408584	-24.007866	-133.169003
63641	6.029376	-7.906516	3.578602	-0.068907	0.592288	1.438274	-68.443965	-23.116247	-133.181551
63642	6.354594	-7.653643	3.657162	-0.118831	0.726614	1.645266	-68.494914	-22.086876	-133.226009
63643	6.537663	-7.836453	3.763614	-0.189961	0.832496	1.873171	-68.584830	-20.913355	-133.280129
63644	7.221570	-7.977362	3.524810	-0.220549	0.949703	2.134839	-68.688686	-19.576315	-133.345044
63645	7.398418	-7.743468	3.413399	-0.257710	1.176753	2.414250	-68.794304	-18.043006	-133.478264
63646	6.813167	-7.668488	2.757184	-0.266504	1.407943	2.695560	-68.886817	-16.311807	-133.681885
63647	5.781966	-7.258701	2.590419	-0.275356	1.576859	2.939051	-68.980339	-14.416512	-133.927991
63648	5.540334	-6.882553	2.528894	-0.267748	1.689232	3.124071	-69.071074	-12.399008	-134.198082
63649	5.334810	-5.850033	2.960887	-0.336399	1.861963	3.264441	-69.198586	-10.272662	-134.535067
63650	4.777008	-3.939679	3.025550	-0.415289	2.034228	3.300282	-69.368447	-8.091998	-134.961498
63651	3.046392	0.247907	0.733491	-0.490430	1.890989	3.111972	-69.601966	-6.044238	-135.354359
63652	2.510452	1.982414	-0.435243	-0.899533	1.747074	2.944194	-70.085519	-4.116026	-135.713898
63653	2.531009	2.815520	0.235367	-0.949787	1.457749	2.695435	-70.615290	-2.383003	-135.981779
63654	2.360263	2.496551	-0.004246	-1.259614	0.703310	2.300560	-71.338428	-1.005823	-135.932795
63655	10.530425	-5.862500	2.261874	-1.332047	0.105452	1.252132	-72.104129	-0.308250	-135.765482
63656	12.858744	-4.804892	3.591960	-0.399926	0.145244	-0.559024	-72.331837	-0.588119	-135.942260
63657	11.703628	-4.030510	3.570178	-0.113175	0.167721	-2.078051	-72.388043	-1.697793	-136.395540
63658	8.282671	-3.590262	3.313216	0.318894	0.028853	-3.263244	-72.178866	-3.474094	-136.980537
63659	4.324243	-3.746073	2.504004	0.587492	-0.347612	-3.829933	-71.803310	-5.627996	-137.472312
63660	0.961757	-4.228041	2.141755	0.759249	-0.943084	-3.898501	-71.345249	-7.918241	-137.666734
63661	0.498324	-4.340016	2.185440	0.911670	-1.674967	-3.706494	-70.857899	-10.243941	-137.445194
63662	2.195798	-4.708751	2.291414	0.953447	-2.047545	-3.371519	-70.405121	-12.455722	-136.969527
63663	4.498471	-5.979445	3.342064	1.034024	-2.103068	-3.137558	-69.938338	-14.561268	-136.432287
63664	7.180402	-7.079865	3.937657	1.231625	-1.820344	-3.110763	-69.332311	-16.595450	-136.060840
63665	8.257389	-7.683446	4.298132	1.430849	-1.262573	-3.208319	-68.516669	-18.577004	-136.047747
63666	8.090310	-7.875199	4.172000	1.580889	-0.788042	-3.373293	-67.502456	-20.538508	-136.371182
63667	7.128069	-7.684318	3.671600	1.641070	-0.473480	-3.503384	-66.349911	-22.498322	-136.950383
63668	5.955627	-7.538930	3.005244	1.544768	-0.402795	-3.541314	-65.194605	-24.443663	-137.628372
63669	5.235792	-7.496197	2.489704	1.330673	-0.536516	-3.509221	-64.154804	-26.399680	-138.275057
63670	4.958022	-7.881518	2.306319	1.007613	-0.761787	-3.420433	-63.331230	-28.350663	-138.810288
63671	5.571530	-8.327848	2.295452	0.675813	-1.007055	-3.297171	-62.751233	-30.303295	-139.204841
63672	6.282993	-9.022997	2.524278	0.333290	-1.099489	-3.168501	-62.392151	-32.205160	-139.528698
63673	7.227789	-9.801624	3.107117	0.038666	-1.086793	-3.079656	-62.193987	-34.064096	-139.852121
63674	8.472733	-10.654096	3.512143	-0.173503	-0.912028	-3.030692	-62.048800	-35.843712	-140.278926
63675	9.357674	-11.060921	3.778498	-0.312480	-0.573783	-3.045388	-61.832209	-37.545399	-140.942669
63676	9.494549	-11.063654	3.771364	-0.447872	-0.169360	-3.064791	-61.497279	-39.137437	-141.896080
63677	8.844342	-10.773331	3.811182	-0.625393	0.171490	-3.006686	-61.092304	-40.608536	-143.088386
63678	7.864760	-10.767512	3.715694	-0.828535	0.389405	-2.854962	-60.697819	-41.929643	-144.406016
63679	6.691544	-10.826027	3.694336	-1.016735	0.489603	-2.631078	-60.376276	-43.111318	-145.745306
63680	5.761846	-10.961560	3.742777	-1.145315	0.438994	-2.333914	-60.192506	-44.148406	-146.962582
63681	5.435993	-10.993306	3.791972	-1.193329	0.314397	-1.951123	-60.174022	-45.035353	-147.964307
63682	5.252116	-10.982449	3.865457	-1.178224	0.203653	-1.509660	-60.311543	-45.728704	-148.719430
63683	5.221436	-10.984936	4.115615	-1.114981	0.054765	-1.050097	-60.615194	-46.242648	-149.186940
63684	5.742604	-11.336269	4.217989	-0.997869	-0.086685	-0.653989	-61.040768	-46.594377	-149.388645
63685	6.428841	-11.685349	4.266834	-0.838203	-0.192555	-0.368123	-61.516499	-46.837629	-149.396261
63686	7.050750	-11.888916	4.150902	-0.669881	-0.283461	-0.218489	-61.990185	-47.025107	-149.273171
63687	7.307332	-11.927098	3.878261	-0.507147	-0.377978	-0.228446	-62.422194	-47.246514	-149.081647
63688	7.181897	-11.593781	3.549613	-0.369320	-0.494332	-0.366689	-62.802421	-47.563685	-148.852524
63689	6.759280	-11.435908	3.378246	-0.266567	-0.639992	-0.589720	-63.147334	-48.035352	-148.594615
63690	6.510260	-11.307966	3.307906	-0.155968	-0.823370	-0.839202	-63.468018	-48.677183	-148.285008
63691	6.210060	-11.054550	3.325547	-0.062363	-0.964916	-1.035803	-63.772591	-49.457958	-147.930713
63692	5.679622	-10.643159	3.276726	0.056310	-1.080508	-1.174761	-64.049300	-50.335054	-147.526711
63693	5.217822	-10.203618	3.335862	0.150879	-1.145470	-1.237751	-64.310779	-51.262085	-147.079249
63694	4.926615	-9.862607	3.407732	0.247617	-1.172819	-1.205314	-64.559651	-52.175380	-146.581418
63695	4.558645	-9.558590	3.519984	0.332040	-1.140986	-1.068747	-64.802418	-53.010573	-146.037679
63696	4.209894	-9.189352	3.553052	0.409627	-1.084609	-0.858714	-65.044514	-53.719919	-145.443455
63697	3.778880	-8.920931	3.443287	0.451663	-1.016526	-0.607746	-65.315177	-54.281791	-144.790216
63698	3.614760	-8.679247	3.195081	0.477607	-0.968319	-0.358772	-65.629617	-54.699449	-144.067709
63699	3.507494	-8.346702	2.900809	0.474202	-0.922429	-0.151375	-65.995344	-54.995674	-143.289086
63700	3.688667	-7.955909	2.612725	0.447988	-0.886169	-0.006841	-66.402646	-55.204486	-142.479446
63701	4.088274	-7.742419	2.337703	0.412069	-0.847124	0.087950	-66.841711	-55.350675	-141.658817
63702	4.353228	-7.317795	2.106695	0.378218	-0.802734	0.127502	-67.280769	-55.462973	-140.862162
63703	4.432425	-6.902810	1.975647	0.333068	-0.743248	0.138809	-67.710432	-55.551767	-140.110002
63704	4.471261	-6.420157	1.868863	0.294321	-0.692230	0.153405	-68.126843	-55.619728	-139.400776
63705	4.464158	-6.033413	1.804442	0.223354	-0.626351	0.216883	-68.557250	-55.635496	-138.724850
63706	4.585604	-5.835074	1.816698	0.136984	-0.579839	0.345796	-69.036190	-55.571245	-138.049244
63707	5.004030	-5.675677	1.662593	0.041804	-0.527010	0.508710	-69.576551	-55.403720	-137.364890
63708	5.509765	-5.359758	1.492868	-0.043001	-0.470399	0.677811	-70.159366	-55.132151	-136.685641
63709	5.930945	-5.211822	1.304922	-0.143976	-0.412982	0.814530	-70.785809	-54.769569	-136.021645
63710	6.310532	-5.095275	1.230813	-0.240031	-0.399161	0.883168	-71.457933	-54.365058	-135.365482
63711	6.681402	-5.156020	1.221721	-0.325417	-0.403515	0.873292	-72.168343	-53.959892	-134.719613
63712	7.166648	-5.409847	1.380195	-0.386163	-0.402429	0.799789	-72.878053	-53.592330	-134.114071
63713	7.446541	-5.732149	1.697422	-0.407553	-0.381539	0.686326	-73.550350	-53.276952	-133.568224
63714	7.611382	-6.071101	2.048050	-0.384215	-0.346850	0.554756	-74.143550	-53.027215	-133.101971
63715	7.695805	-6.420177	2.501621	-0.332985	-0.295872	0.436192	-74.642796	-52.830013	-132.715799
63716	7.836988	-6.831293	2.752939	-0.239760	-0.240478	0.341587	-75.022769	-52.677441	-132.410977
63717	7.715403	-7.061909	2.816709	-0.111485	-0.157166	0.276555	-75.256804	-52.545149	-132.197118
63718	7.271395	-7.271486	2.669393	0.030569	-0.129045	0.231520	-75.376616	-52.435844	-132.023936
63719	6.695574	-7.340314	2.258873	0.173244	-0.154802	0.193367	-75.427882	-52.348566	-131.834082
63720	5.957053	-7.215611	1.799191	0.297354	-0.222878	0.189337	-75.453143	-52.275942	-131.586807
63721	5.197194	-7.333636	1.317641	0.378650	-0.351918	0.252725	-75.537680	-52.183570	-131.205445
63722	4.623475	-7.271022	1.012475	0.422262	-0.534039	0.368668	-75.744459	-52.055091	-130.636874
63723	4.330678	-7.425627	0.785992	0.425460	-0.726711	0.543864	-76.116320	-51.850985	-129.855073
63724	4.459928	-7.352886	0.746554	0.413296	-0.902932	0.748367	-76.644465	-51.556339	-128.880335
63725	4.686731	-7.254151	0.855419	0.380698	-1.021532	0.958604	-77.297041	-51.149689	-127.765349
63726	5.254641	-7.251770	1.022469	0.358522	-1.098753	1.124445	-78.018261	-50.655123	-126.571298
63727	6.244604	-7.056592	1.315826	0.350238	-1.081790	1.205020	-78.721517	-50.099942	-125.397497
63728	7.242760	-6.680405	1.629098	0.299771	-0.952224	1.200545	-79.339212	-49.528701	-124.364080
63729	8.112400	-6.462938	1.890714	0.226982	-0.705206	1.133411	-79.808814	-48.959122	-123.572034
63730	8.336798	-6.389604	1.981563	0.137090	-0.381925	1.015024	-80.091271	-48.424911	-123.091384
63731	7.704893	-6.442127	1.942486	0.042989	-0.052339	0.921425	-80.202446	-47.905941	-122.908587
63732	6.483984	-6.621942	1.845630	-0.060085	0.184418	0.896112	-80.218722	-47.382263	-122.933081
63733	4.905604	-6.670685	1.789476	-0.167522	0.281550	0.973418	-80.247139	-46.801302	-123.024736
63734	3.640298	-7.038521	1.793873	-0.275661	0.232801	1.129627	-80.381591	-46.141105	-123.057066
63735	3.033950	-7.304560	1.968644	-0.334075	0.094974	1.357240	-80.650948	-45.360921	-122.947537
63736	2.672102	-7.214824	2.107493	-0.359505	-0.074625	1.636162	-81.047855	-44.442440	-122.677007
63737	3.894299	-8.002664	2.355404	-0.376873	-0.290163	1.907399	-81.582129	-43.382601	-122.217075
63738	84.318479	-26.235867	4.556603	4.588194	-1.894720	-5.112885	-79.541813	-46.450473	-121.382871
63739	-8.855766	29.975812	1.664727	-2.673122	11.520806	-4.219877	-73.611560	-47.270550	-131.598442
63740	-10.785298	-32.561077	-1.158504	-2.068603	4.592112	-0.564534	-71.995074	-46.801730	-135.426570
63741	-20.474765	-6.169502	0.197132	1.778327	-2.597655	-4.773211	-71.606984	-49.861740	-134.581890
63742	25.845403	-8.913761	0.946385	1.406871	-3.565152	-3.678951	-72.406764	-52.498163	-132.521109
63743	19.736750	0.868264	-2.430420	0.845329	1.404770	-3.262573	-70.099135	-54.006423	-134.795772
63744	5.502671	-7.729170	5.845641	0.353862	1.144394	-1.803645	-68.531239	-54.741986	-136.475107
63745	11.744886	-5.840969	2.129090	1.406838	-1.545939	-2.657791	-68.108478	-56.481497	-136.010339
63746	12.919955	-2.290098	3.499354	0.525789	0.697984	-1.925024	-66.589120	-57.345738	-137.464047
63747	11.340868	-6.342380	5.534969	0.641982	-0.451456	-1.484175	-66.057936	-58.226042	-137.656853
63748	12.676624	-2.424425	1.446663	0.425567	-0.394191	-1.048976	-65.750380	-58.867217	-137.731489
63749	7.587735	-5.106081	2.969314	0.061994	0.294251	-0.638765	-65.209246	-59.128128	-138.321066
63750	7.685950	-4.171456	3.377251	0.168663	-0.570948	-0.869561	-65.262510	-59.717885	-138.146896
63751	9.177702	-4.031057	1.752602	-0.033934	-0.485454	-0.748742	-65.411784	-60.221622	-137.996519
63752	7.684691	-5.114706	2.158027	-0.123886	-0.318243	-0.730679	-65.468758	-60.678503	-138.012563
63753	8.483848	-5.030834	1.749403	0.054488	-0.633254	-0.887188	-65.656246	-61.289199	-137.762030
63754	9.856268	-4.911947	0.762615	0.119047	-0.431081	-0.847243	-65.634294	-61.833610	-137.709368
63755	8.793609	-3.758305	2.215548	0.150867	-0.112174	-0.860808	-65.274278	-62.306773	-138.018601
63756	9.162478	-1.843712	2.630176	0.025121	-0.526661	-0.458776	-65.577341	-62.671637	-137.660616
63757	10.464945	-4.200506	1.344205	-0.089991	-0.333267	-0.314698	-65.825458	-62.912520	-137.439165
63758	10.022633	-3.738152	0.653068	0.010432	-0.274334	-0.067992	-66.070066	-63.012476	-137.157777
63759	8.425756	-3.823176	2.341612	-0.127373	0.120858	-0.040879	-66.002678	-63.003879	-137.314940
63760	8.237733	-4.143547	2.251230	-0.066682	-0.290734	-0.029815	-66.327396	-63.087138	-136.993452
63761	9.091242	-3.983231	1.417345	-0.092961	-0.219524	-0.038001	-66.593376	-63.155429	-136.754561
63762	8.668413	-4.370989	1.685797	-0.126573	-0.139520	-0.052470	-66.788067	-63.214985	-136.617614
63763	8.922570	-4.247812	1.507797	-0.040553	-0.180361	-0.096120	-66.959407	-63.304332	-136.451371
63764	8.813971	-4.145512	1.648144	-0.061945	-0.089422	-0.118455	-67.036488	-63.387141	-136.404780
63765	8.818190	-3.979266	1.640953	-0.035551	-0.119810	-0.126387	-67.129365	-63.478695	-136.323316
63766	9.044455	-4.074577	1.279570	-0.046865	-0.085043	-0.111767	-67.196943	-63.556937	-136.277759
63767	8.753460	-3.804859	1.606614	0.007818	0.074310	-0.098855	-67.071752	-63.590744	-136.412177
63768	8.378832	-3.896179	2.035712	-0.021730	0.025598	-0.074432	-67.023949	-63.624609	-136.479384
63769	8.648493	-3.753550	1.772295	-0.008981	-0.068822	-0.037602	-67.087889	-63.658002	-136.413383
63770	8.653797	-3.934232	1.740153	-0.032260	-0.036062	-0.008811	-67.141340	-63.671002	-136.374310
63771	8.638779	-3.980830	1.734135	-0.029478	-0.080501	0.007616	-67.249995	-63.683059	-136.271538
63772	8.868044	-4.010902	1.551821	-0.020747	-0.075088	0.013426	-67.348628	-63.692878	-136.174710
63773	8.906258	-4.026419	1.509416	-0.054913	-0.020127	0.019482	-67.412687	-63.685227	-136.137957
63774	8.748287	-4.127208	1.672083	-0.005815	-0.005623	0.002207	-67.423497	-63.685608	-136.129558
63775	8.824976	-3.999668	1.524972	0.002383	-0.017046	0.001629	-67.443490	-63.686727	-136.105349
63776	8.842907	-4.005924	1.610790	0.001780	0.012199	0.007452	-67.433213	-63.680414	-136.115619
63777	8.731419	-3.967637	1.645276	0.008538	0.018838	0.007080	-67.413731	-63.670782	-136.131525
63778	8.706192	-3.985221	1.692491	0.011877	0.008337	0.009502	-67.402721	-63.664233	-136.136159
63779	8.768666	-4.008509	1.588968	0.012084	0.012857	0.012482	-67.390000	-63.653074	-136.142259
63780	8.713111	-3.989891	1.673064	0.007156	0.022578	0.011899	-67.367568	-63.642117	-136.162660
63781	8.758701	-4.007460	1.615777	0.018177	0.014203	0.016831	-67.351870	-63.628377	-136.168193
63782	8.830693	-4.060240	1.599668	0.012209	0.033075	0.018181	-67.318188	-63.611774	-136.197925
63783	8.732225	-4.078913	1.622871	0.019966	0.044887	0.011234	-67.266339	-63.594220	-136.242681
63784	9.103702	-4.182057	1.647564	0.028809	0.052227	-0.023295	-67.184335	-63.595255	-136.315751
63785	8.195215	-3.681567	1.985041	-0.007512	0.028629	0.018323	-67.168799	-63.577545	-136.337556
63786	8.918287	-4.169777	1.506644	0.054568	0.016059	-0.009219	-67.116816	-63.579151	-136.360634
63787	8.766130	-4.193243	1.588145	-0.021616	0.038226	0.001290	-67.091544	-63.568289	-136.402334
63788	8.603465	-4.030938	1.849725	0.067771	-0.008356	-0.006630	-67.059083	-63.573966	-136.395164
63789	8.849726	-3.883867	1.581331	0.039475	-0.004900	-0.012927	-67.038209	-63.580222	-136.392865
63790	8.651584	-4.122724	1.727318	0.002305	0.054937	-0.010215	-66.974449	-63.573628	-136.462531
63791	8.727962	-3.941605	1.630481	0.041257	0.020258	-0.017509	-66.923768	-63.576675	-136.492382
63792	8.634483	-3.906577	1.753802	0.017507	0.065734	-0.010316	-66.839847	-63.567637	-136.574838
63793	8.562491	-3.905949	1.862633	0.018064	0.012476	-0.001922	-66.817748	-63.564220	-136.587618
63794	8.669041	-3.969842	1.754435	0.008372	0.000009	0.008726	-66.817371	-63.559936	-136.582624
63795	8.695505	-4.031795	1.772239	-0.005710	-0.010769	0.014659	-66.840985	-63.553035	-136.559557
63796	8.775269	-4.035751	1.643185	0.005145	-0.025044	0.009304	-66.869247	-63.554088	-136.524642
63797	8.766790	-4.033315	1.664723	0.000263	-0.004267	0.006572	-66.878866	-63.549988	-136.513383
63798	8.749856	-4.027516	1.709949	0.005557	-0.003052	0.003224	-66.880845	-63.549291	-136.507560
63799	8.775005	-4.036891	1.641790	0.007989	-0.003517	0.001727	-66.883044	-63.547589	-136.499648
63800	8.788069	-4.041259	1.673411	0.003780	-0.002829	0.001041	-66.884817	-63.547991	-136.495191
63801	8.750166	-4.053507	1.687938	0.005336	0.012270	-0.005469	-66.868566	-63.546544	-136.509590
63802	8.715460	-4.014700	1.671131	0.007485	0.010544	-0.012478	-66.847936	-63.551058	-136.527785
63803	8.699072	-4.007014	1.717955	0.007224	0.014810	-0.019052	-66.821752	-63.556202	-136.552072
63804	8.639433	-3.958415	1.768947	0.001560	0.002661	-0.011742	-66.813186	-63.562101	-136.560583
63805	8.696381	-4.002684	1.795436	-0.003320	-0.014378	-0.012917	-66.826712	-63.570605	-136.547267
63806	8.709323	-4.006599	1.694055	-0.007120	-0.017078	-0.012900	-66.843516	-63.581563	-136.533002
63807	8.723370	-4.009772	1.723439	-0.008279	-0.028152	-0.016643	-66.872804	-63.595138	-136.505258
63808	8.825388	-3.992587	1.625206	-0.000149	-0.018346	-0.015556	-66.885788	-63.607776	-136.490802
63809	8.750243	-4.016428	1.652749	-0.000104	0.010675	-0.013503	-66.870610	-63.610973	-136.507477
63810	8.733869	-4.009036	1.698954	0.006522	0.004001	-0.013256	-66.857083	-63.617371	-136.518350
63811	8.750290	-3.961790	1.699326	-0.001698	0.009895	-0.011658	-66.844472	-63.619781	-136.533183
63812	8.709381	-3.997581	1.768656	0.002840	0.009091	-0.012814	-66.827838	-63.624797	-136.549877
63813	8.688281	-3.989197	1.760077	-0.001731	-0.001160	-0.009538	-66.827926	-63.628594	-136.550556
63814	8.743767	-4.008285	1.677571	-0.000826	-0.011195	-0.005583	-66.838230	-63.634372	-136.539527
63815	8.743771	-3.981625	1.699325	-0.002914	-0.005326	-0.006987	-66.844568	-63.637775	-136.533987
63816	8.773944	-3.991720	1.684917	0.000212	-0.007911	-0.002265	-66.852301	-63.641065	-136.525164
63817	8.752643	-3.984183	1.675377	-0.004737	-0.003723	-0.001815	-66.860323	-63.641397	-136.518914
63818	8.722774	-3.973862	1.688756	-0.000244	-0.003145	0.004386	-66.866273	-63.640108	-136.512373
63819	8.763798	-3.937119	1.620885	0.009818	0.012853	0.000728	-66.849479	-63.635383	-136.524515
63820	8.700049	-3.940793	1.705680	0.007276	0.041455	0.010145	-66.806355	-63.621008	-136.567938
63821	8.622460	-3.914735	1.781289	0.012752	0.010768	0.018675	-66.798270	-63.607317	-136.568490
63822	8.795208	-3.926125	1.690492	0.006128	0.004505	0.030445	-66.804294	-63.590581	-136.557788
63823	8.723627	-4.034004	1.705966	0.000906	0.012464	0.041565	-66.811564	-63.564470	-136.548774
63824	8.708046	-3.980886	1.720219	0.005326	0.003868	0.039984	-66.823019	-63.542853	-136.532514
63825	8.774489	-4.008654	1.670290	0.002546	-0.001074	0.044376	-66.844892	-63.518322	-136.506136
63826	8.794143	-4.019716	1.680017	0.005046	0.015046	0.039686	-66.844508	-63.494340	-136.503277
63827	8.754408	-4.035683	1.695044	0.003327	0.006478	0.041105	-66.856417	-63.469844	-136.487528
63828	8.785438	-3.999363	1.650953	0.005711	0.027245	0.041217	-66.843468	-63.442307	-136.498289
63829	8.766449	-3.996702	1.699148	0.007084	0.030410	0.042683	-66.828709	-63.411605	-136.509950
63830	8.840988	-4.053985	1.607277	0.007752	0.042610	0.044213	-66.799842	-63.379021	-136.537211
63831	8.767423	-4.109601	1.672082	0.013170	0.065931	0.036593	-66.741673	-63.343512	-136.593552
63832	8.737478	-3.999159	1.705591	0.024159	0.071876	0.036871	-66.669635	-63.308138	-136.658623
63833	8.548696	-4.012640	1.881039	0.004622	0.073853	0.030071	-66.605456	-63.274214	-136.727216
63834	8.522135	-4.057644	1.907842	0.007456	0.009552	0.021981	-66.601604	-63.260797	-136.726690
63835	8.647859	-4.027072	1.767228	-0.007355	0.002798	0.011809	-66.610275	-63.252621	-136.721403
63836	8.638993	-4.024862	1.789681	-0.005129	-0.002201	0.007363	-66.619295	-63.249564	-136.714535
63837	8.998481	-4.026304	1.398794	0.020931	-0.000692	0.018139	-66.618226	-63.238859	-136.702002
63838	8.539447	-4.017874	1.966348	-0.012941	0.088939	0.024767	-66.544618	-63.205900	-136.792700
63839	8.577669	-4.111531	1.864906	0.018207	-0.035176	0.007361	-66.576151	-63.208746	-136.745399
63840	8.712302	-4.030579	1.744936	-0.027308	0.010045	-0.005581	-66.579282	-63.209707	-136.759362
63841	8.502340	-4.109685	1.911012	-0.012891	-0.054103	-0.015942	-66.637853	-63.229099	-136.701733
63842	8.874366	-3.957094	1.550498	-0.012748	-0.046307	-0.015544	-66.686932	-63.248102	-136.654889
63843	8.592622	-4.036205	1.820911	-0.018167	-0.009176	-0.000627	-66.708627	-63.249224	-136.641957
63844	8.951225	-3.932464	1.517757	0.023942	-0.039234	0.014582	-66.742892	-63.250746	-136.588167
63845	8.709374	-4.003675	1.702623	0.005552	0.076258	0.039235	-66.679757	-63.211560	-136.655031
63846	8.610767	-4.075436	1.811949	0.043745	0.000640	0.039926	-66.672420	-63.190723	-136.635114
63847	8.921094	-4.010127	1.529022	0.038285	0.055364	0.047579	-66.616236	-63.151866	-136.673209
63848	8.587951	-4.049697	1.890704	0.046470	0.063285	0.058508	-66.550694	-63.107009	-136.716777
63849	8.909211	-3.939580	1.556337	0.073421	0.045958	0.076838	-66.497556	-63.054906	-136.728917
63850	8.695050	-4.181107	1.732264	0.065710	0.131618	0.095112	-66.367407	-62.975120	-136.832661
63851	8.705894	-4.141365	1.745000	0.111280	0.085418	0.083511	-66.255513	-62.910433	-136.886451
63852	8.794440	-4.154744	1.664235	0.100369	0.141443	0.068988	-66.084913	-62.841850	-137.013461
63853	8.546410	-4.146779	1.929277	0.111756	0.131528	0.064742	-65.918224	-62.776120	-137.128624
63854	8.991435	-4.028610	1.780753	0.129987	0.091669	0.067405	-65.781821	-62.719710	-137.198224
63855	9.208661	-4.171372	1.556819	0.086272	0.113307	0.138897	-65.683125	-62.619304	-137.253437
63856	9.191795	-3.845021	1.677337	0.105290	0.159287	0.225088	-65.565689	-62.464487	-137.317738
63857	9.238672	-4.019270	1.692997	0.105337	0.230332	0.293879	-65.411416	-62.255420	-137.423549
63858	8.933055	-3.781544	2.016408	0.081104	0.270257	0.367289	-65.265319	-61.999883	-137.536192
63859	8.612859	-3.651273	2.215592	-0.019240	0.249865	0.459578	-65.241283	-61.699772	-137.575773
63860	8.915989	-3.661515	2.352443	-0.038204	0.117623	0.551430	-65.394027	-61.384869	-137.426875
63861	9.369319	-3.991084	1.637097	-0.142250	0.126947	0.704149	-65.660734	-60.986545	-137.215310
63862	9.145136	-4.484680	1.829157	-0.117584	0.252872	0.783145	-65.821842	-60.518249	-137.107819
63863	8.700192	-4.607624	1.564846	-0.063159	0.269289	0.818537	-65.948655	-60.026228	-137.003310
63864	8.208154	-4.595463	2.012195	-0.045983	0.436899	0.781714	-65.896752	-59.515501	-137.093814
63865	7.410740	-4.733557	2.286964	-0.016815	0.363997	0.695599	-65.861817	-59.065604	-137.145534
63866	7.326402	-4.865031	2.332476	0.003117	0.271418	0.536841	-65.833811	-58.721631	-137.176098
63867	7.533676	-4.709511	2.515830	-0.017540	0.146367	0.404636	-65.875458	-58.474768	-137.138927
63868	8.308223	-4.715589	1.985915	-0.029841	0.052465	0.358886	-65.984538	-58.275079	-137.030843
63869	8.382452	-4.920988	2.061121	-0.036375	0.135952	0.351103	-66.024064	-58.058587	-137.008681
63870	8.408735	-4.758161	2.214024	-0.022617	0.102826	0.353972	-66.082868	-57.849638	-136.954535
63871	8.942189	-4.453734	2.304019	-0.062571	0.088411	0.415919	-66.199508	-57.610180	-136.858822
63872	9.131283	-4.622678	2.179154	-0.118786	0.144668	0.536293	-66.342765	-57.295845	-136.769554
63873	9.378475	-4.919903	2.293298	-0.141066	0.205766	0.672535	-66.496245	-56.894573	-136.682867
63874	9.060099	-5.019551	2.122478	-0.136394	0.313000	0.779681	-66.594928	-56.413694	-136.658226
63875	8.472937	-5.132288	2.171431	-0.133349	0.345344	0.842642	-66.687260	-55.891129	-136.638928
63876	7.955300	-4.870089	2.498436	-0.146282	0.315117	0.839116	-66.806392	-55.378440	-136.596081
63877	6.968732	-4.813381	2.232479	-0.170547	0.236641	0.813257	-66.988806	-54.895773	-136.492740
63878	6.388816	-4.983121	2.516275	-0.199558	0.102871	0.720328	-67.253360	-54.492922	-136.308609
63879	6.274137	-5.041713	2.475646	-0.224270	-0.056645	0.586757	-67.604660	-54.194000	-136.034239
63880	6.427081	-5.195949	2.229194	-0.247588	-0.187840	0.460709	-68.022129	-53.990527	-135.693901
63881	7.356541	-5.431562	2.225473	-0.242105	-0.265279	0.351411	-68.458135	-53.858833	-135.325858
63882	8.610596	-5.638627	1.856663	-0.226278	-0.266782	0.324196	-68.874973	-53.741723	-134.969904
63883	8.505634	-5.979791	1.662553	-0.189468	-0.149379	0.357249	-69.192807	-53.580163	-134.709881
63884	8.860498	-5.700292	1.918684	-0.127138	-0.117932	0.402329	-69.461275	-53.388645	-134.466414
63885	8.962636	-5.288651	2.108450	-0.140119	-0.032640	0.503704	-69.701018	-53.123689	-134.267240
63886	8.574955	-5.336228	2.143754	-0.165067	0.023626	0.594455	-69.934794	-52.799633	-134.092792
63887	8.184637	-5.441043	2.112921	-0.187004	0.058010	0.639194	-70.165660	-52.443114	-133.936941
63888	7.992591	-5.714630	2.035447	-0.185622	0.082008	0.636906	-70.374356	-52.084052	-133.807466
63889	8.151742	-5.852183	1.913328	-0.171640	0.106974	0.630793	-70.554181	-51.722051	-133.703778
63890	8.248240	-5.929471	1.866210	-0.150261	0.160147	0.638006	-70.684314	-51.347062	-133.647466
63891	8.309385	-5.963436	1.883192	-0.120549	0.208542	0.670437	-70.771768	-50.944161	-133.623744
63892	8.301920	-5.960576	1.899011	-0.096279	0.257811	0.714199	-70.821235	-50.509433	-133.631036
63893	7.804564	-5.822396	1.806404	-0.077353	0.320754	0.743530	-70.826078	-50.045889	-133.682290
63894	7.116619	-6.057521	1.902405	-0.056651	0.345924	0.730705	-70.800097	-49.585638	-133.758717
63895	6.820938	-5.903972	2.156634	-0.040443	0.307454	0.678726	-70.779545	-49.159658	-133.816292
63896	6.433253	-5.698532	2.224224	-0.063416	0.274973	0.629301	-70.781600	-48.767624	-133.861670
63897	6.258388	-5.716561	2.389834	-0.096557	0.197321	0.557840	-70.835961	-48.427780	-133.862897
63898	6.292136	-5.879228	2.286685	-0.136444	0.136961	0.492909	-70.934966	-48.135532	-133.834925
63899	6.343063	-6.130937	2.094665	-0.146321	0.057129	0.436412	-71.075737	-47.887572	-133.758221
63900	6.543581	-6.186283	1.944896	-0.132497	0.029885	0.378205	-71.211245	-47.677265	-133.677687
63901	6.533196	-6.365317	1.894701	-0.115065	0.000503	0.326396	-71.343482	-47.499130	-133.587763
63902	6.726353	-6.442430	1.851270	-0.081852	-0.019932	0.278688	-71.457853	-47.351728	-133.496067
63903	6.820417	-6.367089	1.950551	-0.057748	-0.026571	0.244601	-71.555658	-47.222676	-133.407887
63904	6.873336	-6.196933	2.014132	-0.041630	-0.016466	0.218402	-71.632039	-47.107212	-133.336186
63905	6.616036	-6.231172	2.183004	-0.053196	-0.033548	0.188494	-71.719542	-47.009748	-133.258193
63906	6.644787	-6.154988	2.226191	-0.066036	-0.068790	0.158541	-71.828179	-46.936085	-133.161272
63907	6.932088	-6.166990	2.226688	-0.082538	-0.105586	0.147654	-71.965913	-46.873460	-133.037287
63908	6.923961	-6.236917	2.198091	-0.113119	-0.105148	0.139696	-72.118427	-46.816183	-132.916996
63909	7.223136	-6.341889	2.109511	-0.111155	-0.131084	0.144942	-72.286095	-46.759057	-132.774171
63910	7.330886	-6.433054	2.021215	-0.121145	-0.115118	0.171777	-72.454176	-46.685521	-132.638572
63911	7.352873	-6.443139	2.016863	-0.122146	-0.098308	0.206657	-72.619500	-46.588483	-132.507279
63912	7.510566	-6.522544	1.974506	-0.110178	-0.099778	0.239834	-72.783570	-46.474568	-132.368121
63913	7.702554	-6.575230	1.968476	-0.113494	-0.060782	0.287471	-72.935333	-46.326473	-132.248204
63914	7.677362	-6.625505	1.933747	-0.104353	-0.035304	0.332359	-73.073697	-46.150559	-132.139337
63915	7.802339	-6.670101	1.880072	-0.090725	0.002003	0.391154	-73.192786	-45.934834	-132.045991
63916	7.826061	-6.741765	1.850925	-0.075420	0.041361	0.456574	-73.290491	-45.677796	-131.969918
63917	7.847502	-6.765650	1.895788	-0.058523	0.073374	0.525123	-73.371723	-45.376648	-131.902988
63918	7.936135	-6.784843	1.890399	-0.046097	0.113069	0.599989	-73.434744	-45.028979	-131.851325
63919	7.840406	-6.827278	1.877097	-0.034981	0.153657	0.682805	-73.482428	-44.628098	-131.812077
63920	7.800204	-6.841082	1.990758	-0.021335	0.185418	0.767208	-73.517401	-44.176730	-131.779491
63921	8.022136	-6.849217	2.021829	-0.018566	0.215789	0.861985	-73.549480	-43.667348	-131.748588
63922	7.939236	-6.941262	2.037930	-0.021127	0.264866	0.958706	-73.571170	-43.097839	-131.734558
63923	7.939983	-6.932375	2.122080	-0.021355	0.300790	1.060998	-73.590221	-42.465400	-131.724580
63924	8.189194	-7.013903	2.141126	-0.025184	0.357245	1.161439	-73.597275	-41.769508	-131.735501
63925	7.958471	-7.078517	2.029718	-0.027801	0.445218	1.278879	-73.580745	-40.994066	-131.784710
63926	8.050889	-7.254745	1.998288	-0.017275	0.486220	1.395921	-73.555770	-40.148405	-131.838247
63927	7.976168	-7.082816	2.065839	-0.011980	0.575079	1.540691	-73.508818	-39.208123	-131.922731
63928	8.476374	-7.313543	2.226852	-0.012520	0.608231	1.697532	-73.469952	-38.176855	-131.996292
63929	8.721308	-7.205200	2.344429	-0.029020	0.732049	1.887880	-73.415040	-37.020363	-132.113837
63930	8.441112	-7.274481	2.279887	-0.048304	0.844375	2.072531	-73.351511	-35.744412	-132.267501
63931	7.658733	-7.314463	2.091160	-0.056407	0.955645	2.266417	-73.278086	-34.343448	-132.452060
63932	7.731186	-7.413882	2.111611	-0.038554	0.974357	2.430562	-73.211894	-32.849305	-132.611499
63933	8.026905	-7.704733	1.961527	-0.047469	1.068916	2.631198	-73.145828	-31.229384	-132.787861
63934	7.665520	-8.010900	1.883628	-0.019156	1.149846	2.887115	-73.069282	-29.455410	-132.960995
63935	7.354638	-7.984693	1.842528	0.049961	1.176165	3.105000	-72.973359	-27.557800	-133.102826
63936	7.706179	-7.804014	1.875639	0.140643	1.280664	3.224684	-72.813930	-25.576378	-133.278962
63937	7.440998	-7.069096	1.871818	0.171859	1.531124	3.333783	-72.592961	-23.492820	-133.575126
63938	5.947964	-6.687945	2.041225	0.159265	1.705067	3.465811	-72.364186	-21.305348	-133.935794
63939	4.595442	-6.553940	1.987261	0.161328	1.763873	3.584685	-72.148634	-19.042573	-134.294305
63940	4.082986	-5.837196	2.429178	0.120584	1.770518	3.603321	-71.973199	-16.766222	-134.639957
63941	3.165164	-4.564435	2.264115	0.069595	1.838636	3.531880	-71.829458	-14.517078	-135.027020
63942	2.140879	-2.480778	1.375151	-0.078055	1.641638	3.285127	-71.800818	-12.435590	-135.341571
63943	0.491324	0.478931	-0.234477	-0.174670	1.153711	2.834351	-71.876341	-10.688286	-135.466189
63944	4.993438	-4.738159	2.435346	-0.504496	0.473247	2.375367	-72.193946	-9.310312	-135.301561
63945	1.525978	0.146503	-1.142603	1.588592	-0.321754	0.511744	-71.327296	-9.091585	-135.031527
63946	12.664820	6.574756	2.939212	-0.554374	-1.395511	-0.446659	-71.756344	-9.587786	-134.344731
63947	8.077629	-7.011008	-2.613197	0.381674	-1.056984	-1.227307	-71.600310	-10.448600	-133.986031
63948	7.934745	5.297436	3.323389	0.708907	-1.366374	-2.750209	-71.242164	-12.191956	-133.740959
63949	7.116050	-0.449444	0.167960	0.091965	-1.068582	-2.420470	-71.220339	-13.705793	-133.604933
63950	5.628426	-0.279209	2.067288	0.302246	-0.808882	-2.628803	-71.034597	-15.281217	-133.654897
63951	5.193676	-1.486256	1.329970	0.189672	-0.534875	-2.552240	-70.872127	-16.767925	-133.851202
63952	4.681507	-2.302793	1.783752	0.141470	-0.392975	-2.518747	-70.708493	-18.205088	-134.125812
63953	5.212314	-2.802135	1.741348	0.105508	-0.311181	-2.570821	-70.538041	-19.658649	-134.466036
63954	5.329889	-3.631785	1.936605	0.028961	-0.294909	-2.662904	-70.390934	-21.153355	-134.840173
63955	5.846866	-4.585206	2.002020	-0.029129	-0.356710	-2.802862	-70.267148	-22.739616	-135.217086
63956	6.110418	-5.325604	2.147366	-0.100247	-0.420861	-2.938613	-70.175060	-24.405891	-135.590822
63957	6.455456	-6.185538	2.346985	-0.170048	-0.487273	-3.058058	-70.115165	-26.154311	-135.960310
63958	6.837892	-6.845500	2.482042	-0.214340	-0.509792	-3.171608	-70.062214	-27.962659	-136.346539
63959	7.140191	-7.416089	2.688675	-0.266567	-0.476909	-3.232265	-70.007423	-29.802511	-136.777335
63960	7.427364	-8.063568	2.775273	-0.306778	-0.392822	-3.227234	-69.932715	-31.617137	-137.267673
63961	7.684915	-8.569248	2.782933	-0.326996	-0.243396	-3.158044	-69.806362	-33.370139	-137.852828
63962	7.669959	-9.003132	2.733412	-0.359845	-0.083084	-3.026250	-69.634703	-35.013393	-138.525038
63963	7.571378	-9.148531	2.523918	-0.376496	0.050667	-2.893391	-69.412151	-36.562506	-139.275699
63964	7.395765	-8.936118	2.266071	-0.423264	0.144968	-2.717707	-69.176621	-37.990022	-140.064862
63965	7.129305	-8.697324	2.015506	-0.491836	0.194146	-2.509840	-68.963960	-39.299656	-140.857899
63966	6.969758	-8.754107	1.859788	-0.587519	0.181730	-2.281274	-68.826165	-40.481884	-141.597544
63967	7.080543	-8.898986	1.802070	-0.695401	0.129445	-2.053246	-68.793895	-41.558092	-142.255109
63968	7.284866	-9.079774	1.873824	-0.788728	0.058948	-1.846184	-68.873143	-42.532630	-142.811473
63969	7.595922	-9.265991	1.935939	-0.868408	0.010860	-1.667396	-69.045105	-43.428046	-143.290480
63970	7.981417	-9.532375	2.040207	-0.932566	-0.018487	-1.508907	-69.293978	-44.240148	-143.702566
63971	8.166242	-9.932122	2.205494	-0.980474	-0.037266	-1.363718	-69.604450	-44.985118	-144.061874
63972	8.342714	-10.298582	2.319398	-1.012928	-0.040754	-1.245223	-69.957828	-45.662984	-144.381015
63973	8.337962	-10.610656	2.512705	-1.018890	-0.021379	-1.155623	-70.320484	-46.295521	-144.690056
63974	8.267894	-11.035723	2.672467	-0.995306	-0.003901	-1.077216	-70.675441	-46.878354	-144.986392
63975	8.048607	-11.405113	2.823874	-0.929349	-0.000005	-1.015344	-71.001891	-47.433205	-145.268902
63976	7.798297	-11.859771	2.990393	-0.833217	-0.000411	-0.953092	-71.285894	-47.950350	-145.530345
63977	7.749608	-12.182522	3.073454	-0.701773	-0.021762	-0.889948	-71.519319	-48.442501	-145.758037
63978	7.572991	-12.291460	3.094385	-0.518806	-0.017569	-0.823375	-71.658298	-48.893584	-145.968752
63979	7.067353	-12.152373	3.034479	-0.329936	-0.054117	-0.751614	-71.725235	-49.316537	-146.131595
63980	6.615099	-11.885174	2.831989	-0.135316	-0.143586	-0.709326	-71.745341	-49.728550	-146.207021
63981	6.305558	-11.444489	2.560941	0.042554	-0.274226	-0.694158	-71.750549	-50.159254	-146.169550
63982	6.146633	-11.105066	2.247870	0.187449	-0.420149	-0.689568	-71.770264	-50.610133	-146.004474
63983	6.036309	-10.697186	1.997607	0.307249	-0.571943	-0.696995	-71.823921	-51.095072	-145.709395
63984	6.047279	-10.313573	1.787719	0.378974	-0.731944	-0.706023	-71.948272	-51.610225	-145.272092
63985	6.219568	-10.024139	1.687928	0.411586	-0.844530	-0.725470	-72.136704	-52.157506	-144.733920
63986	6.349399	-9.861757	1.613341	0.428105	-0.934301	-0.751205	-72.384311	-52.730850	-144.112119
63987	6.446620	-9.717986	1.570228	0.418022	-0.971146	-0.782307	-72.672380	-53.327655	-143.452814
63988	6.339211	-9.432231	1.612199	0.410980	-0.976254	-0.819106	-72.974800	-53.941516	-142.784777
63989	6.161523	-8.956533	1.594799	0.404854	-0.953068	-0.837856	-73.276803	-54.561132	-142.127833
63990	5.975377	-8.463916	1.606651	0.386755	-0.895828	-0.805466	-73.567341	-55.150183	-141.501474
63991	5.644444	-8.041325	1.694440	0.364300	-0.826719	-0.729326	-73.849989	-55.685428	-140.905540
63992	5.447937	-7.752137	1.772883	0.336687	-0.766332	-0.623009	-74.135774	-56.149908	-140.327515
63993	5.496822	-7.563547	1.834835	0.309248	-0.699601	-0.492678	-74.425272	-56.531076	-139.767599
63994	5.471461	-7.599585	1.896920	0.292253	-0.632269	-0.361043	-74.705668	-56.827169	-139.231589
63995	5.504962	-7.545286	1.858764	0.281183	-0.579181	-0.223816	-74.987213	-57.038114	-138.704010
63996	5.330780	-7.224170	1.870811	0.270692	-0.541619	-0.095006	-75.274646	-57.170634	-138.176919
63997	5.313246	-6.966092	1.766797	0.242088	-0.547225	0.012067	-75.611855	-57.242754	-137.611256
63998	5.419437	-6.899987	1.740577	0.203440	-0.550886	0.082348	-75.989596	-57.274708	-137.023525
63999	5.708684	-6.915871	1.654847	0.174140	-0.548234	0.113626	-76.390975	-57.286101	-136.428194
64000	6.006591	-6.715884	1.541348	0.161596	-0.504327	0.115810	-76.760396	-57.288910	-135.879035
64001	6.057405	-6.350015	1.459251	0.144490	-0.436168	0.101686	-77.079294	-57.288027	-135.401855
64002	6.166015	-6.148373	1.377491	0.117610	-0.357822	0.086668	-77.340723	-57.285251	-135.010993
64003	6.457229	-6.361968	1.452359	0.082323	-0.296886	0.076171	-77.568887	-57.278663	-134.683862
64004	6.771544	-6.741058	1.462663	0.076350	-0.223359	0.082332	-77.735778	-57.260208	-134.433409
64005	6.968570	-6.933207	1.509376	0.090647	-0.128728	0.086025	-77.814180	-57.226487	-134.278452
64006	6.750996	-6.794169	1.427837	0.123242	-0.045604	0.097983	-77.802038	-57.177390	-134.208833
64007	6.316504	-6.675609	1.271487	0.143866	-0.018773	0.125489	-77.761500	-57.107988	-134.158903
64008	5.982178	-6.559447	1.154220	0.149434	-0.048502	0.166264	-77.749427	-57.021046	-134.071213
64009	5.926787	-6.537061	1.089832	0.148412	-0.113132	0.220995	-77.805104	-56.909361	-133.903230
64010	5.890041	-6.474245	1.029291	0.159582	-0.156718	0.267876	-77.897915	-56.778472	-133.683094
64011	5.802823	-6.509601	1.029817	0.170564	-0.210161	0.308536	-78.037684	-56.628770	-133.398747
64012	5.803422	-6.624829	1.064036	0.182689	-0.271739	0.350201	-78.226505	-56.464685	-133.046917
64013	5.789664	-6.850468	1.121432	0.194951	-0.342264	0.390933	-78.473669	-56.282739	-132.615650
64014	5.855328	-7.068957	1.206385	0.222474	-0.409598	0.426226	-78.762076	-56.089901	-132.115049
64015	5.870580	-7.179187	1.269224	0.269836	-0.456166	0.474333	-79.066862	-55.870984	-131.560403
64016	5.752978	-7.189142	1.283102	0.322364	-0.493842	0.525194	-79.373478	-55.628550	-130.965952
64017	5.697853	-6.961764	1.335082	0.380591	-0.526338	0.590009	-79.677959	-55.348174	-130.331283
64018	5.820158	-6.794649	1.296024	0.418843	-0.558168	0.667139	-79.988158	-55.028628	-129.661120
64019	5.793827	-6.722683	1.264883	0.445490	-0.553875	0.742708	-80.282078	-54.660687	-128.988771
64020	5.970601	-6.634074	1.274428	0.476862	-0.562901	0.803896	-80.561758	-54.260412	-128.309235
64021	6.048134	-6.516191	1.198627	0.502403	-0.520331	0.862481	-80.791238	-53.817778	-127.669293
64022	6.033460	-6.234173	1.080783	0.516913	-0.484713	0.916465	-80.979879	-53.343541	-127.066755
64023	5.993660	-6.097202	1.120555	0.493886	-0.475800	0.968842	-81.171387	-52.833977	-126.472419
64024	6.460708	-6.153237	1.098686	0.462863	-0.469971	1.016933	-81.369786	-52.299168	-125.888526
64025	6.732374	-5.993973	1.169813	0.426359	-0.405584	1.049504	-81.535377	-51.735477	-125.367498
64026	6.752418	-5.906102	1.148189	0.387601	-0.334859	1.059971	-81.663186	-51.162938	-124.920041
64027	6.663600	-5.752602	1.216630	0.360698	-0.248474	1.048775	-81.737259	-50.585252	-124.557066
64028	6.523950	-5.704379	1.235994	0.342433	-0.173758	1.035045	-81.762577	-50.012873	-124.269088
64029	6.061494	-5.757807	1.260871	0.326237	-0.089880	1.043023	-81.737728	-49.425201	-124.055484
64030	5.443563	-5.993421	1.250274	0.334843	-0.058086	1.097022	-81.688893	-48.808249	-123.866254
64031	4.672009	-6.442553	1.110830	0.358632	-0.047217	1.217193	-81.628449	-48.118452	-123.671252
64032	3.858682	-6.260213	0.998548	0.394850	-0.115840	1.436651	-81.606684	-47.314016	-123.394811
64033	2.955515	-6.249258	0.893837	0.407135	-0.232792	1.696442	-81.665420	-46.367875	-122.993159
64034	2.263223	-6.014739	0.554808	0.384051	-0.391526	1.932349	-81.837800	-45.304584	-122.446057
64035	15.674964	-9.531425	2.131122	0.444659	-0.930144	1.289449	-82.213109	-44.642690	-121.553089
64036	74.496493	-5.186638	-0.406296	5.258259	-0.985531	-7.449155	-79.052758	-48.945488	-121.753417
64037	-13.540532	16.266137	1.390948	-5.209128	12.155646	-4.996903	-73.301316	-50.065058	-133.229721
64038	-5.494479	-41.539697	0.677935	1.978801	0.061702	-1.931496	-71.722081	-51.110229	-133.806166
64039	-8.930095	0.732026	-2.786292	1.633777	-2.265198	-5.832984	-71.001090	-54.688853	-133.535596
64040	37.462257	-3.405050	4.716743	2.624358	-1.960011	-4.625399	-69.747252	-57.562467	-133.234369
64041	23.019067	-6.536702	7.024147	-0.633146	2.480589	-2.780007	-67.053142	-58.518520	-136.836511
64042	8.381677	-3.104107	0.047444	2.446185	-0.788004	-1.166136	-65.896218	-59.311647	-136.550776
64043	10.499196	-3.864985	2.493195	0.182898	1.213246	-1.484127	-64.110072	-59.786940	-138.500686
64044	4.250735	-3.496736	6.769532	0.883377	0.246883	-1.366924	-62.775099	-60.424596	-139.456638
64045	9.686200	-0.675718	3.252477	0.338015	-1.143256	-1.137678	-63.097051	-61.301325	-138.865746
64046	8.853567	-1.819080	3.210786	-0.533361	-0.693855	-0.327168	-63.903726	-61.646799	-138.295375
64047	13.229428	-6.559768	-0.846061	-0.139080	-1.259271	-0.059765	-65.172374	-61.986395	-136.945842
64048	11.156517	-2.788176	0.526535	-0.073547	0.164795	-0.127642	-64.995939	-62.013265	-137.193336
64049	6.323198	-4.550233	4.141651	-0.405054	0.077103	0.002851	-65.155087	-61.991879	-137.275479
64050	9.337330	-4.351992	1.207364	0.030799	-0.812493	-0.070525	-65.906744	-62.221804	-136.404998
64051	8.970938	-4.200179	1.495511	-0.300321	-0.082833	-0.076529	-66.128315	-62.279774	-136.348528
64052	8.358337	-4.603093	2.034623	-0.084104	-0.422234	-0.137481	-66.539756	-62.449346	-135.938441
64053	9.198264	-4.053097	1.248581	-0.143046	-0.282487	-0.171857	-66.833592	-62.602433	-135.699091
64054	8.583411	-4.239285	1.862014	-0.191658	-0.177394	-0.188047	-67.043155	-62.741693	-135.586753
64055	8.700680	-4.057464	1.795424	-0.152210	-0.282360	-0.187328	-67.340791	-62.901976	-135.349686
64056	8.703308	-3.937477	1.746398	-0.195252	-0.235436	-0.181543	-67.619329	-63.050037	-135.162535
64057	8.658019	-4.242230	1.716614	-0.183725	-0.271622	-0.175414	-67.934848	-63.200584	-134.926295
64058	8.641427	-4.138938	1.766242	-0.153712	-0.292398	-0.206160	-68.244674	-63.372996	-134.677986
64059	9.075647	-4.640916	1.274654	-0.151025	-0.361168	-0.248440	-68.612877	-63.580091	-134.362638
64060	9.125782	-3.750610	1.084450	-0.059202	-0.173295	-0.313171	-68.702240	-63.783661	-134.300726
64061	8.616145	-4.052336	1.610571	-0.137508	-0.043687	-0.269542	-68.715348	-63.935311	-134.373377
64062	8.627650	-3.850426	1.547381	-0.008599	-0.173687	-0.254386	-68.802768	-64.107520	-134.281555
64063	9.377128	-3.809856	0.802321	-0.024174	-0.051297	-0.233657	-68.774209	-64.241633	-134.328156
64064	8.703335	-3.830117	1.588244	-0.062704	0.149571	-0.205452	-68.556011	-64.320408	-134.610168
64065	8.586293	-3.873614	1.715416	0.018272	0.010610	-0.177289	-68.457348	-64.411421	-134.707514
64066	8.892080	-3.758626	1.393845	0.010050	0.051866	-0.149821	-68.328205	-64.480594	-134.844220
64067	8.447959	-3.641674	1.853990	0.011214	0.081763	-0.117118	-68.179573	-64.524311	-135.001301
64068	8.466835	-3.792059	1.961123	0.009362	-0.035158	-0.070654	-68.182401	-64.569687	-134.992173
64069	8.716056	-3.820345	1.655609	0.013731	-0.102463	-0.069027	-68.259494	-64.626940	-134.897624
64070	8.696476	-3.831726	1.692444	-0.002634	-0.112869	-0.061534	-68.360876	-64.683907	-134.787058
64071	8.806213	-3.863278	1.591959	0.016912	-0.166510	-0.045361	-68.519798	-64.741885	-134.600072
64072	9.054022	-3.867364	1.300476	0.017105	-0.141771	-0.036634	-68.654723	-64.791387	-134.440025
64073	9.019268	-3.877264	1.306003	0.005160	-0.070766	-0.030268	-68.719677	-64.821047	-134.364476
64074	8.983076	-3.835630	1.360725	0.008293	-0.047605	-0.020792	-68.760355	-64.842344	-134.314225
64075	8.940235	-3.793710	1.364407	0.015703	-0.004016	-0.010732	-68.752229	-64.847702	-134.312781
64076	8.856040	-3.866535	1.450145	0.007421	0.022011	-0.003168	-68.722074	-64.845124	-134.341343
64077	8.785380	-3.762839	1.648588	0.001857	0.020874	0.002102	-68.699281	-64.838473	-134.364880
64078	8.764528	-3.860668	1.550533	0.001031	-0.010015	0.003896	-68.712324	-64.838782	-134.349760
64079	8.801729	-3.821841	1.556881	-0.007329	-0.019750	0.004675	-68.742075	-64.839215	-134.321057
64080	8.847186	-3.812529	1.516798	-0.006608	-0.029648	0.010421	-68.784701	-64.840107	-134.278090
64081	8.922952	-3.892290	1.394388	-0.007137	-0.027152	0.015632	-68.827575	-64.836217	-134.234767
64082	8.924067	-3.843341	1.361048	-0.005361	0.004762	0.015687	-68.832667	-64.827154	-134.232479
64083	8.899229	-3.836092	1.431298	0.000154	0.032996	0.022618	-68.806084	-64.807095	-134.261297
64084	8.858468	-3.875631	1.503961	0.007625	0.037561	0.028420	-68.772131	-64.784433	-134.293938
64085	8.789700	-3.880900	1.536613	0.012607	0.033412	0.027877	-68.740363	-64.761481	-134.320619
64086	8.811741	-3.866151	1.493692	0.017410	0.026119	0.031723	-68.715325	-64.739419	-134.337218
64087	8.825482	-3.822510	1.496161	0.022676	0.028750	0.035697	-68.686598	-64.713261	-134.354170
64088	8.784302	-3.888919	1.547168	0.020468	0.047023	0.039671	-68.639801	-64.682591	-134.392904
64089	8.796714	-3.948048	1.537208	0.028125	0.014318	0.029470	-68.621573	-64.662771	-134.394798
64090	8.893609	-3.854502	1.509385	0.019295	0.025412	0.020579	-68.591497	-64.646787	-134.415789
64091	8.801997	-3.928292	1.542257	0.014257	0.021787	0.020632	-68.568945	-64.630128	-134.431266
64092	8.869904	-3.876720	1.483345	0.019675	0.014253	0.020786	-68.551344	-64.616363	-134.438213
64093	8.837374	-3.918135	1.532517	0.010915	0.033129	0.012359	-68.514358	-64.601741	-134.471796
64094	8.693489	-3.869275	1.660801	0.015357	0.012651	0.018640	-68.500115	-64.589454	-134.477767
64095	8.783605	-3.851296	1.586372	0.014442	-0.011333	0.026835	-68.517413	-64.576448	-134.449015
64096	8.804971	-3.913092	1.549027	0.007321	-0.020146	0.027607	-68.548505	-64.566257	-134.409887
64097	8.865265	-3.859299	1.509263	0.003511	-0.017343	0.026612	-68.578641	-64.554626	-134.373850
64098	8.820712	-3.821208	1.513765	0.003776	-0.005035	0.030074	-68.595855	-64.539942	-134.352334
64099	8.796231	-3.919792	1.492397	0.005145	-0.000479	0.038941	-68.611511	-64.518216	-134.331295
64100	8.825768	-3.830769	1.491663	0.015968	0.010174	0.043997	-68.610775	-64.492923	-134.321918
64101	8.677118	-3.885083	1.683341	0.001306	0.016148	0.050634	-68.615120	-64.461497	-134.315847
64102	8.738672	-3.862128	1.545216	0.016688	-0.028193	0.060798	-68.664080	-64.435244	-134.250925
64103	8.780158	-3.908008	1.538363	-0.002023	-0.012887	0.061370	-68.707255	-64.404138	-134.203913
64104	8.807942	-3.949760	1.499855	0.003079	-0.027218	0.057019	-68.761049	-64.379654	-134.142246
64105	8.813811	-3.905436	1.519914	0.001903	-0.020337	0.057485	-68.808374	-64.352143	-134.088117
64106	8.732503	-3.832726	1.507015	0.018040	-0.005690	0.073864	-68.836693	-64.314162	-134.045174
64107	8.744902	-3.794029	1.506934	0.019053	0.006428	0.104130	-68.864268	-64.256181	-134.002027
64108	8.682665	-3.884446	1.655446	0.014275	0.004621	0.122920	-68.904026	-64.189832	-133.948736
64109	8.792756	-3.885832	1.511898	0.032702	-0.020236	0.133548	-68.965296	-64.121601	-133.859412
64110	8.840791	-3.891951	1.451579	0.027091	-0.002833	0.156217	-69.019425	-64.038929	-133.781914
64111	8.861615	-4.018724	1.426520	0.036611	0.015664	0.157610	-69.048381	-63.950418	-133.725938
64112	8.962793	-4.199642	1.361268	0.043758	0.038205	0.138916	-69.040202	-63.868564	-133.707072
64113	8.705088	-4.038373	1.596210	0.059392	0.089126	0.087364	-68.946572	-63.802565	-133.773073
64114	8.633143	-4.073068	1.610272	0.044532	0.034959	0.088141	-68.920465	-63.748543	-133.773676
64115	8.879368	-3.989725	1.480686	0.052748	0.029055	0.086395	-68.895756	-63.695405	-133.767120
64116	8.738060	-4.049505	1.577058	0.038622	0.068990	0.079006	-68.832612	-63.639234	-133.812828
64117	8.798022	-4.081920	1.401275	0.068572	0.038145	0.075087	-68.784487	-63.590273	-133.822292
64118	8.953119	-3.989994	1.373982	0.077754	0.109355	0.085378	-68.658736	-63.522257	-133.912925
64119	8.600132	-4.124253	1.728373	0.067660	0.134464	0.084978	-68.512770	-63.447878	-134.032346
64120	8.773090	-4.067911	1.559807	0.094978	0.089341	0.075914	-68.395608	-63.388928	-134.102448
64121	8.752165	-4.040306	1.640775	0.068353	0.134246	0.081078	-68.249119	-63.316428	-134.222151
64122	8.671247	-4.070223	1.682789	0.082057	0.093013	0.083016	-68.139378	-63.252777	-134.292315
64123	8.771671	-4.063142	1.651281	0.076191	0.096214	0.081611	-68.029878	-63.187913	-134.365696
64124	8.782768	-4.128870	1.572484	0.074779	0.087545	0.081159	-67.930076	-63.126305	-134.429474
64125	8.732037	-4.142514	1.621637	0.071544	0.116406	0.065548	-67.796136	-63.065490	-134.533336
64126	8.714758	-4.063366	1.669701	0.079676	0.113710	0.061283	-67.658601	-63.008613	-134.636368
64127	8.735011	-4.025628	1.658999	0.074529	0.116285	0.073360	-67.527466	-62.943474	-134.735280
64128	8.676587	-4.165182	1.752803	0.069116	0.121630	0.071558	-67.393215	-62.879203	-134.841535
64129	8.683667	-4.149865	1.687742	0.069307	0.102058	0.058315	-67.274302	-62.824966	-134.930188
64130	8.729715	-4.042928	1.674018	0.070404	0.105377	0.061514	-67.152684	-62.769399	-135.021518
64131	8.700115	-4.089506	1.710484	0.067596	0.119475	0.065863	-67.021024	-62.707132	-135.125714
64132	8.636941	-4.148121	1.815370	0.065138	0.104257	0.064755	-66.905855	-62.649926	-135.213280
64133	8.721022	-4.056668	1.764976	0.067521	0.098255	0.064295	-66.796094	-62.593075	-135.292976
64134	8.618880	-4.050470	1.817679	0.046451	0.113504	0.071838	-66.686160	-62.529893	-135.386799
64135	8.593451	-4.124589	1.883659	0.042805	0.070481	0.068697	-66.621269	-62.476921	-135.431966
64136	8.745977	-4.060877	1.779832	0.035773	0.066333	0.072432	-66.565963	-62.424051	-135.471170
64137	8.669494	-4.143292	1.825676	0.024529	0.073123	0.079105	-66.513799	-62.364976	-135.513837
64138	8.745251	-4.130787	1.727406	0.022122	0.061648	0.086802	-66.477615	-62.305596	-135.540322
64139	8.676830	-4.164493	1.794562	0.026678	0.083000	0.082943	-66.416400	-62.242225	-135.591878
64140	8.561650	-4.257975	1.854704	0.026409	0.069984	0.066586	-66.360976	-62.191522	-135.637363
64141	8.486127	-4.208560	1.878010	0.026166	0.055489	0.042980	-66.310422	-62.155406	-135.677246
64142	8.505495	-4.138930	1.957577	0.020454	0.025603	0.027574	-66.285740	-62.135359	-135.691849
64143	8.551016	-4.133174	1.922748	0.003486	0.002525	0.018858	-66.290312	-62.124083	-135.684083
64144	8.545933	-4.237235	1.911003	-0.014476	-0.018351	0.005780	-66.319763	-62.125591	-135.660092
64145	8.771472	-4.199433	1.617830	0.015474	-0.020996	-0.007019	-66.329513	-62.133303	-135.638692
64146	8.877956	-4.028752	1.711137	0.010674	0.071535	0.016879	-66.260243	-62.108286	-135.710081
64147	8.590276	-4.205030	1.903704	0.022794	0.056728	0.032788	-66.206178	-62.077223	-135.756160
64148	8.787763	-4.132241	1.708556	0.027327	0.067566	0.042456	-66.142715	-62.039649	-135.810217
64149	8.686400	-4.124250	1.757960	0.047695	0.102880	0.062259	-66.042061	-61.982394	-135.892943
64150	8.532050	-4.200921	1.858009	0.056249	0.128900	0.076787	-65.917280	-61.912462	-135.997759
64151	8.415857	-4.212527	1.988784	0.077857	0.110981	0.064200	-65.793114	-61.852144	-136.087657
64152	8.423966	-4.299584	1.966122	0.074301	0.075996	0.044503	-65.696392	-61.811327	-136.149024
64153	8.507161	-4.175501	2.012280	0.075799	0.054229	0.017028	-65.608528	-61.788879	-136.199132
64154	8.625235	-4.173528	1.878505	0.048686	0.031635	0.025943	-65.561751	-61.768170	-136.220504
64155	8.729800	-4.191327	1.821743	0.066974	0.042134	0.033573	-65.498152	-61.739920	-136.248828
64156	8.858538	-4.324292	1.743415	0.080242	0.054614	0.040138	-65.417440	-61.706321	-136.288214
64157	8.954781	-4.103331	1.777934	0.100472	0.072486	0.067232	-65.320481	-61.653273	-136.332668
64158	9.125729	-3.812507	1.829613	0.050630	0.095258	0.158311	-65.270297	-61.548378	-136.356682
64159	8.849503	-3.873468	2.145018	0.023584	0.143480	0.214491	-65.214988	-61.401688	-136.403980
64160	8.511364	-4.192734	2.003843	-0.033528	0.101628	0.282218	-65.261754	-61.230788	-136.372511
64161	8.310857	-4.745270	1.984466	0.025745	0.132674	0.227933	-65.221781	-61.079722	-136.401030
64162	8.641328	-3.607857	2.204045	-0.010176	0.003241	0.258527	-65.336780	-60.944715	-136.276168
64163	8.542365	-4.763111	1.824296	-0.050549	0.124757	0.249762	-65.357042	-60.784209	-136.285845
64164	8.365566	-4.184605	2.132865	-0.022129	0.019641	0.249286	-65.457870	-60.649971	-136.184722
64165	8.434777	-4.211947	2.141099	-0.037918	0.068521	0.246000	-65.520697	-60.504798	-136.137251
64166	8.342546	-4.042119	2.232663	-0.081980	-0.026315	0.285029	-65.711120	-60.362599	-135.972264
64167	8.616670	-4.327341	1.880125	-0.097907	-0.035226	0.310928	-65.928016	-60.207721	-135.786819
64168	8.441173	-4.663290	1.711348	-0.069166	0.026969	0.317785	-66.072372	-60.035417	-135.665980
64169	7.899596	-4.936939	1.955177	-0.017651	0.084996	0.225293	-66.096704	-59.897056	-135.649272
64170	7.760219	-4.654207	2.067675	0.047949	0.037590	0.104800	-66.077635	-59.833750	-135.639497
64171	8.001610	-4.629275	2.003398	0.068790	0.039330	0.003937	-66.005099	-59.821867	-135.677514
64172	8.392183	-4.523399	2.063112	0.090248	0.053591	-0.048941	-65.885889	-59.835274	-135.755535
64173	8.646702	-4.227203	2.088620	0.061966	0.070249	-0.031732	-65.775121	-59.834697	-135.842288
64174	9.088318	-4.017377	2.064697	0.016606	-0.027395	0.073603	-65.820338	-59.802985	-135.778914
64175	9.095765	-4.199707	1.887218	-0.056332	0.003371	0.207724	-65.933669	-59.692944	-135.684787
64176	8.945952	-4.214036	2.068270	-0.085513	0.008149	0.311441	-66.099456	-59.528326	-135.549333
64177	8.670262	-4.270182	2.047406	-0.123376	0.002064	0.408582	-66.328739	-59.313068	-135.364840
64178	8.517116	-4.330684	2.125696	-0.153935	-0.013992	0.471025	-66.610327	-59.069146	-135.139616
64179	8.437032	-4.566975	1.944349	-0.168222	-0.035764	0.508449	-66.929329	-58.808993	-134.879453
64180	8.382374	-4.786718	1.903132	-0.146234	-0.012828	0.512817	-67.212706	-58.541560	-134.645745
64181	8.334231	-4.658830	1.986166	-0.123047	-0.007476	0.509925	-67.473202	-58.273065	-134.422413
64182	8.310983	-4.571461	1.980798	-0.122159	-0.012247	0.545332	-67.745443	-57.987151	-134.184203
64183	8.085801	-4.768895	2.006912	-0.145998	0.005311	0.559896	-68.017238	-57.688304	-133.961671
64184	7.946496	-4.598655	2.205775	-0.145247	-0.027205	0.560176	-68.311273	-57.396478	-133.711769
64185	8.002526	-4.714803	2.077889	-0.180728	-0.095906	0.576411	-68.683014	-57.108831	-133.392596
64186	8.010536	-4.973238	1.901959	-0.187039	-0.112910	0.583486	-69.068625	-56.820600	-133.060396
64187	8.013127	-5.201635	1.823964	-0.175687	-0.108688	0.577278	-69.436518	-56.532834	-132.740268
64188	8.179933	-5.184322	1.838124	-0.156152	-0.131770	0.583151	-69.807874	-56.246211	-132.401734
64189	8.392347	-5.030299	1.840676	-0.149574	-0.138491	0.627928	-70.188003	-55.934747	-132.046652
64190	8.413621	-4.922713	2.019165	-0.178781	-0.121839	0.716340	-70.589737	-55.571847	-131.684516
64191	8.243029	-5.168334	2.090827	-0.239879	-0.113035	0.825636	-71.041092	-55.145847	-131.302646
64192	8.229662	-5.036743	2.115140	-0.244769	-0.162501	0.881496	-71.537981	-54.697634	-130.866786
64193	8.379748	-5.057800	2.065150	-0.295815	-0.168801	0.973602	-72.080013	-54.197394	-130.408541
64194	8.397767	-5.160400	2.138642	-0.364028	-0.165462	1.091608	-72.672719	-53.630288	-129.933152
64195	8.734163	-5.517766	1.922205	-0.381850	-0.184137	1.184228	-73.293763	-53.011923	-129.431208
64196	9.112641	-5.700081	1.761566	-0.398994	-0.151973	1.334097	-73.914995	-52.303478	-128.937307
64197	9.560653	-6.184271	1.452274	-0.378614	-0.053866	1.475906	-74.463802	-51.497884	-128.515209
64198	9.613445	-6.316123	1.604981	-0.335122	0.024335	1.597623	-74.938346	-50.611543	-128.151888
64199	8.562294	-6.295126	1.451464	-0.326399	0.113819	1.713901	-75.351469	-49.645390	-127.856951
64200	8.398587	-6.444798	1.554487	-0.309589	0.115704	1.772007	-75.747886	-48.645948	-127.567315
64201	8.364780	-6.472904	1.286296	-0.291732	0.162762	1.797023	-76.093767	-47.624366	-127.327018
64202	8.146108	-6.738130	1.383159	-0.259885	0.276863	1.799088	-76.341451	-46.585717	-127.192123
64203	7.508412	-6.411999	1.699812	-0.241468	0.325564	1.768366	-76.538365	-45.556883	-127.110548
64204	7.125705	-6.588120	1.764430	-0.251272	0.359579	1.715461	-76.709596	-44.553261	-127.071963
64205	7.365410	-6.976313	1.843579	-0.246568	0.393290	1.642584	-76.847040	-43.585429	-127.077188
64206	6.947401	-6.862795	1.552331	-0.215223	0.458164	1.571242	-76.922483	-42.649353	-127.147154
64207	6.455000	-6.910566	1.721752	-0.221754	0.489993	1.519557	-76.979930	-41.737726	-127.250504
64208	6.300136	-6.882208	1.903729	-0.217605	0.457767	1.445497	-77.043824	-40.872020	-127.342514
64209	5.966455	-7.327030	1.842445	-0.278624	0.432057	1.396118	-77.150104	-40.036947	-127.424430
64210	5.839259	-6.992561	1.899346	-0.247292	0.345831	1.324466	-77.271086	-39.253308	-127.456805
64211	5.625167	-7.049076	1.750965	-0.301745	0.353283	1.271013	-77.413446	-38.498315	-127.505072
64212	5.523495	-7.157140	1.832773	-0.293329	0.312207	1.195110	-77.561072	-37.791335	-127.538084
64213	5.395433	-7.416039	1.676825	-0.295935	0.325864	1.122251	-77.696463	-37.123142	-127.593848
64214	5.011373	-7.706804	1.418210	-0.282634	0.358916	1.048278	-77.803567	-36.492823	-127.685283
64215	5.953890	-8.558336	1.314166	-0.230831	0.309088	0.978946	-77.895537	-35.907047	-127.753068
64216	6.318803	-8.245566	1.354370	-0.154853	0.418313	0.948029	-77.898145	-35.325943	-127.900855
64217	5.866564	-8.065520	1.239324	-0.125192	0.417518	0.961205	-77.886956	-34.737117	-128.044948
64218	5.603032	-8.125847	1.141255	-0.105985	0.428436	0.969420	-77.863271	-34.142767	-128.194110
64219	5.427316	-8.188197	1.154562	-0.044679	0.373118	0.994493	-77.829312	-33.540567	-128.300787
64220	4.761285	-7.849402	1.059439	-0.039449	0.363125	1.044432	-77.801589	-32.911976	-128.392537
64221	5.009071	-8.052701	1.437257	-0.007579	0.206862	1.082461	-77.815802	-32.280550	-128.374047
64222	6.025755	-8.029669	1.911826	-0.015114	0.187032	1.129097	-77.844334	-31.625829	-128.336401
64223	5.965357	-7.876060	2.434144	-0.051679	0.241898	1.178234	-77.878063	-30.936553	-128.328320
64224	6.020746	-7.658922	2.605023	-0.118940	0.272055	1.227788	-77.943342	-30.216294	-128.333861
64225	5.828323	-7.882833	2.696782	-0.216171	0.266112	1.301181	-78.070596	-29.455317	-128.326758
64226	5.831124	-7.965868	2.730248	-0.307388	0.260138	1.368270	-78.255143	-28.657709	-128.309309
64227	6.081365	-8.115625	2.752400	-0.395257	0.274047	1.426791	-78.487470	-27.825404	-128.296466
64228	6.063167	-7.996365	2.791632	-0.489873	0.337658	1.488083	-78.757146	-26.951638	-128.320278
64229	5.799101	-8.103797	2.673713	-0.571906	0.396754	1.544695	-79.058331	-26.039595	-128.378989
64230	5.505565	-8.169819	2.532661	-0.647698	0.466141	1.599756	-79.386031	-25.089478	-128.479466
64231	5.156697	-8.215251	2.285601	-0.713702	0.517795	1.636071	-79.738829	-24.114181	-128.613360
64232	4.615036	-8.265657	2.025880	-0.761480	0.566159	1.668516	-80.108716	-23.116430	-128.779031
64233	4.127575	-8.189108	1.748387	-0.789802	0.582251	1.668624	-80.490989	-22.118271	-128.960568
64234	3.688419	-8.342480	1.518653	-0.824010	0.583075	1.670566	-80.893897	-21.119919	-129.148318
64235	3.238076	-8.362966	1.299313	-0.839685	0.553360	1.672057	-81.312485	-20.124864	-129.324512
64236	2.996571	-8.446242	1.085502	-0.840291	0.525307	1.651494	-81.737560	-19.144841	-129.492164
64237	2.591091	-8.458155	0.981750	-0.834371	0.516677	1.643319	-82.160781	-18.171569	-129.662157
64238	2.525181	-8.600153	0.894676	-0.823183	0.491039	1.621296	-82.582878	-17.213742	-129.825070
64239	2.739658	-8.636741	1.037365	-0.806455	0.492004	1.610526	-82.995299	-16.263320	-129.995930
64240	3.033334	-8.684694	1.184933	-0.805070	0.499367	1.609512	-83.407161	-15.313979	-130.177368
64241	3.207820	-8.937933	1.129855	-0.824421	0.532097	1.633493	-83.826463	-14.350416	-130.382915
64242	3.042328	-8.770991	1.198285	-0.843885	0.546453	1.660167	-84.257540	-13.372072	-130.601607
64243	3.213643	-8.910467	1.032816	-0.869535	0.523500	1.673922	-84.708155	-12.389116	-130.813055
64244	3.113266	-8.968826	0.856145	-0.902170	0.511114	1.711870	-85.181880	-11.386517	-131.022483
64245	2.709079	-9.010398	0.776457	-0.952477	0.401230	1.810568	-85.699042	-10.334781	-131.171654
64246	2.259285	-8.518383	0.551362	-0.996897	0.155921	1.907213	-86.268079	-9.238669	-131.184062
64247	1.520506	-8.906996	-0.157996	-1.081151	-0.075073	2.023033	-86.904164	-8.084890	-131.070625
64248	0.454708	-8.765546	-0.222852	-1.047350	-0.317100	2.014989	-87.535587	-6.940763	-130.830749
64249	0.272001	-9.076928	-0.409975	-1.044600	-0.565100	1.918037	-88.174632	-5.855372	-130.463572
64250	2.058553	-9.199040	0.311079	-0.639907	-0.636416	1.553704	-88.578210	-4.976047	-130.071755
64251	9.900069	-0.631045	2.274380	0.295862	-0.992892	-0.060889	-88.458036	-5.026330	-129.501574
64252	14.920864	2.553167	3.595142	0.349706	0.175456	-0.678364	-88.247450	-5.412148	-129.613340
64253	12.779620	-11.641547	2.500439	0.590058	1.248744	-1.211560	-87.834349	-6.083426	-130.356044
64254	8.105793	-5.669573	3.725689	2.411003	0.899282	-3.040430	-86.379473	-7.797415	-130.962617
64255	6.531058	-2.488287	1.182520	2.528049	0.699770	-3.434650	-84.845037	-9.731754	-131.519942
64256	3.686986	-4.151135	1.148508	2.976238	0.634021	-3.712662	-83.028123	-11.808845	-132.115976
64257	3.349498	-4.017378	0.953403	3.302312	0.077892	-3.666006	-81.058327	-13.886168	-132.460286
64258	3.574556	-4.030152	0.433496	3.457609	-0.115543	-3.483973	-79.002621	-15.863807	-132.750026
64259	4.039332	-3.644153	0.234108	3.536353	-0.273941	-3.333598	-76.901012	-17.767989	-133.007101
64260	4.975289	-3.264919	-0.167123	3.486989	-0.250435	-3.234034	-74.796843	-19.599986	-133.338085
64261	5.610612	-2.838276	-0.330814	3.335849	-0.156963	-3.148495	-72.728127	-21.360955	-133.785485
64262	6.146248	-2.511868	-0.649073	3.072498	-0.036779	-3.067784	-70.751053	-23.036993	-134.358365
64263	6.147900	-2.336408	-0.845139	2.734729	0.073492	-2.992838	-68.904261	-24.636372	-135.049390
64264	5.951070	-2.072751	-1.075102	2.340446	0.040630	-2.955151	-67.252591	-26.198728	-135.772837
64265	6.002067	-1.991111	-1.213590	1.846345	-0.129493	-2.952802	-65.885636	-27.785350	-136.453000
64266	6.277436	-2.288497	-1.025244	1.310333	-0.347340	-2.954758	-64.848836	-29.407512	-137.050314
64267	6.237702	-3.184822	-0.637018	0.836207	-0.553883	-2.905152	-64.117838	-31.051642	-137.550512
64268	6.381583	-4.204161	-0.344498	0.468407	-0.799399	-2.790826	-63.667758	-32.689406	-137.894476
64269	6.827100	-5.199708	0.287661	0.219272	-1.008947	-2.634706	-63.438978	-34.304060	-138.081919
64270	7.774413	-6.351292	1.051551	0.085346	-1.184614	-2.519674	-63.362427	-35.899159	-138.129905
64271	8.897961	-7.355290	1.793828	0.085340	-1.264744	-2.471656	-63.322149	-37.495763	-138.116562
64272	9.411773	-8.083906	2.389783	0.177122	-1.260321	-2.490187	-63.223385	-39.095189	-138.112080
64273	9.756933	-8.446377	2.744276	0.294158	-1.262738	-2.535466	-63.045272	-40.724143	-138.128435
64274	9.958037	-8.565195	2.820325	0.381706	-1.200449	-2.569879	-62.775179	-42.348587	-138.205831
64275	9.888811	-8.485201	2.812482	0.427093	-1.133789	-2.577784	-62.433904	-43.965041	-138.348677
64276	9.896625	-8.439644	2.832726	0.382695	-1.085065	-2.561240	-62.083055	-45.553569	-138.535437
64277	10.169585	-8.466062	3.005038	0.282024	-1.049776	-2.536724	-61.760727	-47.125341	-138.759457
64278	10.347543	-8.362794	3.049230	0.127826	-1.000327	-2.527088	-61.484169	-48.672011	-139.033387
64279	10.492623	-8.387924	3.214879	-0.093410	-0.952967	-2.486477	-61.301003	-50.190484	-139.346912
64280	10.724515	-8.390588	3.619330	-0.352226	-0.885782	-2.373481	-61.246337	-51.627287	-139.677284
64281	10.931352	-8.680478	3.816818	-0.595880	-0.780698	-2.203337	-61.310708	-52.955605	-140.029455
64282	10.391556	-8.775211	4.037682	-0.797624	-0.583800	-2.008192	-61.419026	-54.126122	-140.462928
64283	9.834913	-9.308481	4.262804	-0.958324	-0.501418	-1.783621	-61.637638	-55.167525	-140.870049
64284	9.470149	-9.879973	4.372042	-1.046992	-0.440659	-1.537599	-61.954529	-56.063566	-141.212901
64285	8.824288	-10.312604	4.360399	-1.079476	-0.429556	-1.286476	-62.382618	-56.836051	-141.443202
64286	8.656734	-10.762569	4.345782	-1.058767	-0.492776	-1.067001	-62.943165	-57.509109	-141.497988
64287	8.787570	-11.209463	4.325453	-0.990054	-0.522913	-0.854565	-63.586066	-58.086406	-141.410318
64288	8.906946	-11.744692	4.177998	-0.888657	-0.558543	-0.663684	-64.290764	-58.568928	-141.180511
64289	8.949532	-12.047230	4.023214	-0.755324	-0.593049	-0.535605	-65.014330	-58.996345	-140.842099
64290	8.687071	-11.826818	3.760142	-0.645037	-0.639114	-0.470235	-65.754417	-59.394134	-140.410679
64291	8.222016	-11.372312	3.586173	-0.561188	-0.704530	-0.471146	-66.520386	-59.808257	-139.896938
64292	7.838776	-10.902361	3.511605	-0.522093	-0.783868	-0.528208	-67.330894	-60.263027	-139.306620
64293	7.593983	-10.644498	3.523973	-0.481914	-0.828582	-0.628074	-68.144823	-60.779213	-138.690243
64294	7.442341	-10.341672	3.655140	-0.433494	-0.834151	-0.743821	-68.916028	-61.351060	-138.092792
64295	7.218677	-10.053985	3.769179	-0.386014	-0.770648	-0.830801	-69.592096	-61.955258	-137.577164
64296	6.716870	-9.634014	3.887496	-0.316315	-0.679713	-0.882803	-70.138004	-62.564518	-137.165087
64297	6.172351	-9.141860	3.852890	-0.234675	-0.571834	-0.908689	-70.534821	-63.167035	-136.871294
64298	5.597973	-8.620668	3.781187	-0.150595	-0.435331	-0.900151	-70.750467	-63.736599	-136.726631
64299	4.854242	-7.821436	3.682515	-0.068487	-0.330829	-0.836577	-70.835523	-64.252963	-136.676395
64300	4.549466	-7.256203	3.416716	-0.031279	-0.273281	-0.737573	-70.873505	-64.703835	-136.654111
64301	4.555977	-7.110387	3.068561	0.009310	-0.180961	-0.613773	-70.833044	-65.070854	-136.693386
64302	4.512303	-7.032932	2.691499	0.048683	-0.105278	-0.480884	-70.732674	-65.351177	-136.773163
64303	4.397565	-6.660844	2.308538	0.069887	-0.063439	-0.333444	-70.631293	-65.543782	-136.840878
64304	4.384218	-6.285639	1.993807	0.064090	-0.069567	-0.170888	-70.606400	-65.649668	-136.827834
64305	4.536456	-5.932661	1.846382	0.042115	-0.079822	-0.008024	-70.676243	-65.669004	-136.724824
64306	4.955156	-5.936884	1.814374	0.023169	-0.102695	0.145762	-70.847007	-65.609835	-136.522743
64307	5.402554	-5.935112	1.767237	0.028594	-0.103783	0.288297	-71.074656	-65.472543	-136.254671
64308	5.659312	-5.780726	1.697137	0.043313	-0.108418	0.413241	-71.345034	-65.268694	-135.929878
64309	6.021253	-5.619519	1.638991	0.067244	-0.135465	0.509988	-71.667433	-65.015319	-135.532024
64310	6.450835	-5.206083	1.562883	0.087290	-0.155112	0.585403	-72.020827	-64.724588	-135.086387
64311	7.087634	-4.845088	1.481529	0.068059	-0.155937	0.630683	-72.394831	-64.406674	-134.628917
64312	7.636938	-4.863102	1.649029	0.045127	-0.129536	0.597163	-72.728978	-64.102775	-134.229185
64313	8.265534	-4.903762	1.740428	0.027594	-0.098842	0.467622	-72.987655	-63.862151	-133.923547
64314	8.789039	-5.317620	1.900186	0.026208	-0.017886	0.308942	-73.097909	-63.696110	-133.783851
64315	8.923914	-5.604508	2.054340	0.064331	0.101467	0.135537	-72.996226	-63.603479	-133.855943
64316	8.705415	-5.789404	2.013340	0.112704	0.236875	-0.002928	-72.670146	-63.565309	-134.147879
64317	8.053449	-5.833469	1.953847	0.187916	0.393585	-0.050553	-72.114615	-63.523170	-134.647826
64318	7.330538	-5.582349	1.650220	0.255631	0.511471	0.061036	-71.433241	-63.398585	-135.245677
64319	6.608557	-5.345239	1.324486	0.301331	0.555303	0.299552	-70.775077	-63.131464	-135.788965
64320	5.935806	-4.980368	0.844240	0.311572	0.517178	0.586851	-70.269890	-62.715955	-136.155785
64321	5.700832	-4.642193	0.489987	0.278252	0.363725	0.864989	-70.058929	-62.177179	-136.213583
64322	6.050481	-4.606817	0.395593	0.179682	0.190203	1.090377	-70.162275	-61.552927	-135.979589
64323	6.506468	-4.853390	0.435461	0.067467	0.033855	1.240084	-70.527346	-60.875297	-135.518670
64324	6.913293	-5.087320	0.654476	-0.027719	-0.067383	1.340577	-71.055189	-60.162955	-134.930516
64325	7.560317	-5.428104	0.992559	-0.090291	-0.133600	1.468324	-71.694679	-59.388069	-134.250085
64326	8.137619	-5.793285	1.120031	-0.113852	-0.120294	1.625077	-72.346766	-58.523986	-133.565088
64327	8.276650	-5.693047	1.162734	-0.112366	-0.094553	1.736990	-72.971808	-57.587939	-132.904206
64328	8.412302	-5.350304	1.041931	-0.129590	-0.080137	1.775518	-73.567276	-56.627192	-132.283445
64329	8.752488	-5.107361	0.844743	-0.168140	-0.085538	1.741566	-74.149364	-55.680074	-131.698456
64330	9.101056	-4.979780	0.657488	-0.245052	-0.082867	1.633330	-74.717877	-54.791580	-131.177289
64331	9.384114	-4.834781	0.462328	-0.343053	-0.079858	1.437828	-75.275846	-54.005543	-130.732754
64332	9.587212	-4.425104	0.272659	-0.463413	-0.077869	1.170527	-75.828201	-53.367491	-130.376727
64333	9.584440	-4.297821	0.252327	-0.618817	-0.055206	0.917358	-76.393651	-52.862889	-130.113154
64334	9.404074	-4.473826	0.415112	-0.747036	-0.033260	0.667701	-76.961984	-52.495275	-129.936656
64335	9.139834	-4.779223	0.637921	-0.845941	-0.013190	0.464027	-77.534240	-52.235914	-129.826320
64336	8.790122	-5.072032	0.849595	-0.888164	0.010570	0.315726	-78.085011	-52.058075	-129.773203
64337	8.427909	-5.282048	0.990192	-0.902396	0.009109	0.223084	-78.630438	-51.930278	-129.737495
64338	8.034972	-5.644206	1.181794	-0.900910	-0.019272	0.150770	-79.181984	-51.847884	-129.692487
64339	7.733205	-5.993843	1.316673	-0.866790	-0.069481	0.082635	-79.741329	-51.807136	-129.613067
64340	7.534290	-6.444809	1.565677	-0.795037	-0.118039	0.016277	-80.283939	-51.809926	-129.502197
64341	7.310844	-6.926136	1.752596	-0.677036	-0.136961	-0.031051	-80.768420	-51.838880	-129.379659
64342	6.859402	-7.425709	1.866308	-0.509790	-0.136694	-0.041331	-81.154632	-51.874811	-129.259916
64343	6.177649	-7.635154	1.969830	-0.316069	-0.155534	0.006292	-81.450404	-51.883070	-129.114334
64344	5.514694	-7.731046	1.983799	-0.125132	-0.221732	0.128142	-81.696195	-51.829296	-128.892905
64345	4.854829	-7.934703	1.866479	0.039694	-0.324929	0.325885	-81.942451	-51.669051	-128.550384
64346	4.216546	-8.023724	1.791666	0.212870	-0.451334	0.542200	-82.197177	-51.397273	-128.069214
64347	3.766053	-7.975611	1.682729	0.359368	-0.609689	0.786344	-82.497775	-50.994971	-127.419088
64348	3.350981	-8.231860	1.624461	0.486463	-0.753434	1.030280	-82.835238	-50.464814	-126.623102
64349	3.215798	-7.866887	1.618450	0.646737	-0.882364	1.261038	-83.172067	-49.806519	-125.701109
64350	3.000814	-7.484493	1.593098	0.741531	-0.977086	1.548528	-83.516260	-48.990345	-124.688149
64351	2.824285	-7.346418	1.555857	0.795663	-1.121283	1.793074	-83.910500	-48.036359	-123.552660
64352	7.096638	-8.571142	1.459481	0.832774	-1.348739	1.802977	-84.389626	-47.087645	-122.256888
64353	77.803346	-14.865670	-1.530651	5.851563	-2.643143	-5.716542	-82.321878	-50.512666	-120.547497
64354	-9.745815	31.074982	0.951285	-3.872674	10.493829	-4.288315	-76.626170	-51.834642	-130.698654
64355	2.782804	-41.026812	3.770918	-0.472970	3.691045	-0.686518	-74.174461	-51.681838	-134.164712
64356	-2.487951	3.827158	1.883997	3.144872	-1.153683	-5.394014	-72.015781	-54.831220	-134.609175
64357	5.280438	-7.477530	-3.049255	0.050250	0.360627	-2.067283	-71.162710	-55.888063	-135.610590
64358	17.385288	-9.253409	5.915226	2.163790	-1.608803	-3.757220	-70.165472	-58.224826	-135.321394
64359	20.968138	-0.687860	6.826510	0.649320	0.584540	-2.892425	-68.299120	-59.653957	-137.065296
64360	4.358867	-5.881424	1.671419	0.630061	0.027810	-1.669877	-67.284108	-60.534050	-137.819680
64361	7.617535	-4.744206	3.055087	0.683808	-0.757271	-2.524628	-66.587606	-62.033385	-138.166627
64362	11.085024	-0.019411	3.291022	0.622914	-0.797088	-2.481385	-65.931123	-63.518988	-138.503418
64363	16.341995	5.552788	1.524596	0.085695	-1.611475	0.495212	-67.815204	-63.619336	-136.344088
64364	13.449275	-12.679527	-6.370439	-0.600371	0.301280	0.429312	-68.024458	-63.326818	-136.494617
64365	4.943509	-0.056332	7.933673	0.748577	1.535270	-0.659451	-65.691124	-63.327639	-138.625633
64366	6.398248	-3.492321	4.215265	-0.439389	-1.093583	0.309978	-67.230556	-63.415374	-137.185126
64367	10.627808	-4.282395	-1.473567	0.215823	-0.764886	-0.021511	-67.910419	-63.592981	-136.286792
64368	7.986863	-3.548516	3.058045	-0.427412	0.190430	0.105109	-67.997986	-63.496516	-136.462458
64369	8.951060	-4.882554	1.312979	0.154146	-0.782172	0.055821	-68.771803	-63.630940	-135.499195
64370	10.122553	-3.652117	0.091641	-0.145550	-0.080633	0.008125	-68.946029	-63.643564	-135.397763
64371	8.070499	-4.510153	2.205212	-0.104465	-0.012331	-0.006298	-69.017222	-63.648585	-135.384729
64372	9.226070	-3.916269	1.028950	0.007313	-0.199210	-0.037335	-69.213691	-63.709563	-135.160805
64373	8.578875	-3.979095	1.680651	-0.097203	0.048239	-0.025630	-69.207158	-63.712585	-135.229824
64374	8.696624	-3.914832	1.579610	-0.009200	-0.123162	-0.003937	-69.345014	-63.739968	-135.081907
64375	8.825832	-4.061238	1.399843	-0.067134	-0.017510	-0.002167	-69.402224	-63.743774	-135.060613
64376	8.842959	-4.066362	1.350084	-0.005212	-0.041651	-0.010395	-69.446779	-63.758038	-135.014207
64377	8.770469	-4.014327	1.369711	-0.023220	0.043658	-0.014717	-69.407200	-63.756265	-135.072790
64378	8.612574	-4.013008	1.628654	0.008298	0.026030	-0.014913	-69.368534	-63.759314	-135.110542
64379	8.688827	-4.011367	1.579359	0.003648	0.006678	-0.019703	-69.351740	-63.767660	-135.126560
64380	8.768342	-3.984031	1.475124	0.009528	0.003483	-0.018337	-69.335475	-63.777088	-135.138550
64381	8.728027	-4.020901	1.544072	0.002803	0.014761	-0.013657	-69.312825	-63.780564	-135.161636
64382	8.744452	-3.947608	1.568654	-0.001921	0.004234	-0.021930	-69.300806	-63.791763	-135.176204
64383	8.750980	-4.025261	1.553124	-0.013200	-0.007136	-0.019537	-69.308723	-63.802829	-135.175438
64384	8.762585	-3.949859	1.521116	-0.010396	-0.015216	-0.012013	-69.326826	-63.812649	-135.161845
64385	8.700669	-3.980554	1.578355	-0.015399	-0.019503	0.005182	-69.359652	-63.812973	-135.134726
64386	8.760578	-4.027346	1.523848	-0.007023	-0.037510	0.009520	-69.408996	-63.815736	-135.084166
64387	8.850162	-4.084389	1.455187	-0.010251	-0.019203	0.007725	-69.439580	-63.814626	-135.056259
64388	8.823142	-4.023652	1.436922	-0.000767	-0.013119	0.004127	-69.456529	-63.815351	-135.037804
64389	8.814654	-3.995666	1.482795	0.002642	0.009577	0.000558	-69.445411	-63.812303	-135.048144
64390	8.752462	-4.051889	1.520083	0.002030	0.014016	-0.004116	-69.427784	-63.811991	-135.066435
64391	8.768313	-3.979690	1.545154	0.002351	0.013917	-0.005957	-69.409436	-63.811570	-135.085022
64392	8.619273	-3.928612	1.617788	0.003700	0.018356	0.002942	-69.389016	-63.806592	-135.105361
64393	8.616158	-3.954495	1.671740	0.003839	-0.022747	0.006467	-69.414863	-63.806905	-135.073743
64394	8.724545	-3.940547	1.549515	-0.005302	-0.046237	0.028409	-69.480445	-63.801264	-135.003983
64395	8.827230	-4.055585	1.464675	-0.002772	-0.044440	0.028423	-69.542647	-63.794124	-134.936059
64396	8.813134	-4.027255	1.453517	0.001067	-0.019601	0.024528	-69.573892	-63.785178	-134.900495
64397	8.758096	-4.011499	1.534504	0.001481	-0.022992	0.025182	-69.608900	-63.775463	-134.860165
64398	8.833440	-4.064903	1.435088	0.003159	-0.025487	0.025846	-69.645848	-63.766964	-134.816901
64399	8.827334	-4.013034	1.426102	0.000497	0.001448	0.016911	-69.651392	-63.756813	-134.810045
64400	8.794106	-4.055290	1.471840	0.006723	0.009223	0.014471	-69.643850	-63.747501	-134.814103
64401	8.850536	-4.048777	1.337104	0.019804	0.025869	0.013279	-69.610288	-63.734444	-134.838524
64402	8.732500	-4.011040	1.530280	0.022729	0.062079	0.012936	-69.535497	-63.715384	-134.907352
64403	8.601182	-4.019260	1.646445	0.028259	0.041075	0.011705	-69.480034	-63.700111	-134.950815
64404	8.624610	-3.950643	1.650317	0.015567	0.008666	0.008158	-69.465530	-63.694292	-134.956988
64405	8.716452	-3.982481	1.531212	0.010461	-0.004690	0.017448	-69.472277	-63.685123	-134.942425
64406	8.761870	-3.999670	1.471251	0.007917	-0.005180	0.024789	-69.483930	-63.673162	-134.924306
64407	8.803834	-4.042967	1.466201	0.017308	0.012322	0.032430	-69.474372	-63.652547	-134.923559
64408	8.748096	-4.078717	1.504959	0.019966	0.021897	0.032973	-69.453101	-63.630754	-134.934474
64409	8.671157	-4.131591	1.512898	0.026662	0.029202	0.015470	-69.413079	-63.615848	-134.961754
64410	8.670137	-4.080388	1.563106	0.024119	0.039163	-0.003755	-69.355904	-63.610262	-135.010095
64411	8.718530	-3.967190	1.545579	0.030705	0.026932	-0.002582	-69.308731	-63.605470	-135.042777
64412	8.709838	-3.989781	1.549730	0.031696	0.045848	0.003648	-69.243069	-63.594520	-135.095753
64413	8.741592	-3.975005	1.487270	0.053747	0.046884	0.017826	-69.169577	-63.574718	-135.143090
64414	8.766764	-4.062981	1.488911	0.057748	0.080814	0.021724	-69.058914	-63.546884	-135.229670
64415	8.685680	-4.088286	1.603799	0.070571	0.089402	0.008568	-68.926528	-63.523234	-135.332056
64416	8.692389	-4.064162	1.614419	0.063389	0.086834	-0.009082	-68.793797	-63.510448	-135.439714
64417	8.715979	-4.019259	1.601254	0.057098	0.068003	-0.004642	-68.686871	-63.498098	-135.522305
64418	8.796110	-4.046683	1.589602	0.046407	0.057764	0.001452	-68.599580	-63.485574	-135.590080
64419	8.803893	-4.074071	1.551277	0.045991	0.068659	-0.010124	-68.496168	-63.475895	-135.675877
64420	8.642681	-4.068635	1.682511	0.044089	0.061121	-0.012824	-68.400738	-63.470170	-135.754245
64421	8.675163	-4.000317	1.666336	0.034783	0.040308	-0.017884	-68.330804	-63.470494	-135.809810
64422	8.767459	-3.953121	1.620790	0.034362	0.030672	-0.006668	-68.276068	-63.467853	-135.848926
64423	8.801574	-3.991258	1.642182	0.022867	0.032122	0.014303	-68.235369	-63.452748	-135.879449
64424	8.792730	-4.041088	1.622196	0.025317	0.017309	0.017372	-68.210311	-63.440132	-135.891189
64425	8.868579	-4.094530	1.528185	0.016556	0.013286	0.018816	-68.195241	-63.426632	-135.897110
64426	8.846125	-4.088063	1.522149	0.019939	0.033722	0.013588	-68.154239	-63.412528	-135.930127
64427	8.781936	-4.092809	1.608076	0.022117	0.037576	0.005560	-68.104594	-63.400902	-135.971162
64428	8.775674	-4.013440	1.626296	0.027855	0.026592	0.006477	-68.063663	-63.392079	-135.999035
64429	8.779417	-4.015951	1.683728	0.016005	0.023249	0.013078	-68.035996	-63.379510	-136.019416
64430	8.770277	-4.014079	1.707863	0.007266	-0.001995	0.012774	-68.039893	-63.373457	-136.010344
64431	8.858764	-4.045387	1.534422	0.000570	-0.011903	0.015602	-68.059400	-63.367084	-135.987849
64432	8.820629	-4.084837	1.525069	0.003025	0.007524	0.008519	-68.053813	-63.361253	-135.992102
64433	8.806735	-4.054764	1.518327	0.008731	0.032114	0.006622	-68.018205	-63.350236	-136.026049
64434	8.725384	-4.027663	1.672323	0.014597	0.043269	0.003440	-67.966006	-63.339426	-136.075041
64435	8.741512	-4.033350	1.630907	0.019495	0.033531	0.004021	-67.921687	-63.329472	-136.111844
64436	8.727210	-4.003184	1.626499	0.010991	0.051964	0.012712	-67.866431	-63.311827	-136.166580
64437	8.632604	-3.997736	1.726494	0.022989	0.034386	0.015738	-67.824321	-63.295453	-136.198686
64438	8.749725	-3.988020	1.589830	0.024970	0.038655	0.020906	-67.778738	-63.276303	-136.233642
64439	8.604411	-4.017856	1.780496	0.014054	0.050683	0.024743	-67.728564	-63.251605	-136.280523
64440	8.682944	-3.995536	1.680317	0.021198	0.027152	0.024434	-67.698874	-63.233060	-136.300114
64441	8.669462	-4.045377	1.737711	0.012175	0.034321	0.025638	-67.667464	-63.211427	-136.327196
64442	8.731247	-4.017599	1.681589	0.014383	0.014995	0.025772	-67.655076	-63.194812	-136.331785
64443	8.683624	-4.055349	1.696782	0.007089	0.016389	0.030202	-67.647398	-63.174667	-136.335549
64444	8.711925	-4.042208	1.707040	0.006127	0.002968	0.023092	-67.651199	-63.162092	-136.327298
64445	8.757907	-4.060620	1.647695	0.000637	-0.011572	0.026973	-67.675094	-63.149754	-136.299819
64446	8.744093	-4.058201	1.615284	-0.005514	-0.002720	0.026355	-67.692898	-63.136685	-136.283347
64447	8.764193	-4.042261	1.646573	0.002675	-0.008645	0.024796	-67.711594	-63.124867	-136.260388
64448	8.729290	-4.059226	1.714280	-0.011718	0.007478	0.033074	-67.725134	-63.106015	-136.252677
64449	8.737058	-4.090633	1.667741	-0.002162	-0.023408	0.025005	-67.762074	-63.097293	-136.212363
64450	8.850042	-4.055039	1.494862	-0.003703	0.009455	0.033799	-67.769227	-63.077626	-136.206664
64451	8.822960	-4.074865	1.543820	0.018753	0.067805	0.027790	-67.700155	-63.047642	-136.271818
64452	8.755877	-4.003616	1.701076	0.021956	0.074316	0.040274	-67.627885	-63.010425	-136.338736
64453	8.689120	-4.011221	1.788786	0.011429	0.050996	0.056497	-67.593087	-62.968853	-136.370180
64454	8.809291	-4.034429	1.683887	0.002709	0.032972	0.073871	-67.589399	-62.922831	-136.372521
64455	8.699314	-4.055397	1.727558	-0.004197	0.037877	0.085249	-67.589529	-62.868904	-136.374812
64456	8.733537	-4.076952	1.693750	0.002706	0.020298	0.097093	-67.608810	-62.813348	-136.351342
64457	8.805653	-4.113319	1.623721	0.008683	0.033110	0.112524	-67.618000	-62.746022	-136.335149
64458	8.797314	-4.303527	1.545161	0.020261	0.050282	0.120294	-67.606105	-62.671630	-136.335414
64459	9.175602	-3.935404	1.567695	0.063766	0.034457	0.146301	-67.596566	-62.586127	-136.304763
64460	8.955841	-4.568561	1.079729	0.082289	0.129515	0.149573	-67.480943	-62.478888	-136.381880
64461	8.781470	-4.646240	1.369836	0.181928	0.371005	0.048547	-67.022569	-62.370590	-136.781189
64462	7.805633	-3.750890	2.521267	0.167289	0.319972	0.042595	-66.624148	-62.276314	-137.122794
64463	9.098793	-3.837584	1.818785	0.105983	0.103874	0.066525	-66.489087	-62.217201	-137.206570
64464	8.831410	-3.958950	1.883811	0.069389	0.231222	0.168809	-66.293351	-62.075834	-137.382930
64465	9.017687	-3.944420	1.738936	0.055855	0.163354	0.236858	-66.203622	-61.913501	-137.448091
64466	9.495317	-3.865782	1.570265	0.057479	0.283463	0.320665	-66.032894	-61.680066	-137.604392
64467	8.071649	-3.844579	2.491817	-0.069241	0.353765	0.446585	-65.923874	-61.363490	-137.773358
64468	8.685660	-3.684956	2.463675	-0.053756	0.005984	0.504464	-66.163137	-61.098276	-137.535482
64469	8.614196	-4.105925	2.126150	-0.222998	0.100195	0.580912	-66.437439	-60.770097	-137.367593
64470	8.483286	-4.381812	2.031466	-0.191873	-0.028446	0.620993	-66.824917	-60.450257	-137.048998
64471	9.084053	-4.218730	1.786825	-0.214275	-0.014003	0.673440	-67.224746	-60.097814	-136.729696
64472	8.664677	-4.497582	1.868882	-0.248031	0.072036	0.747116	-67.585187	-59.687055	-136.477260
64473	8.568253	-4.489634	1.880758	-0.225747	0.049045	0.780701	-67.957733	-59.262063	-136.194675
64474	8.649420	-4.401583	1.899194	-0.223828	0.085654	0.825520	-68.304081	-58.805138	-135.940260
64475	7.910177	-4.936674	1.641763	-0.231442	0.215010	0.854240	-68.543983	-58.304419	-135.814240
64476	7.094797	-5.494001	1.996473	-0.163817	0.102150	0.752074	-68.802369	-57.882038	-135.620373
64477	7.431497	-4.961018	1.972560	-0.061613	-0.009601	0.552310	-69.026461	-57.588412	-135.396847
64478	7.586530	-4.947793	1.951676	-0.078976	-0.008990	0.440117	-69.220536	-57.354935	-135.220270
64479	7.762881	-5.067825	1.877354	-0.064012	-0.049785	0.322593	-69.400653	-57.191711	-135.049481
64480	8.206619	-5.242681	1.492161	-0.020964	-0.032336	0.253306	-69.518681	-57.062604	-134.923191
64481	7.963123	-5.399995	1.714941	0.010774	0.048384	0.177744	-69.527723	-56.957093	-134.904781
64482	8.371335	-4.966679	1.864870	0.050804	-0.001493	0.141493	-69.543729	-56.881738	-134.850878
64483	8.850070	-4.942593	1.814409	0.015008	0.033592	0.201185	-69.569490	-56.766586	-134.809565
64484	8.917775	-4.951860	1.849387	-0.005280	0.077348	0.321750	-69.607496	-56.578655	-134.767639
64485	8.858605	-5.079667	1.964694	-0.006645	0.133988	0.447565	-69.637782	-56.311169	-134.735619
64486	8.699392	-4.868698	1.962319	-0.028385	0.139918	0.565162	-69.710019	-55.979970	-134.668156
64487	8.373219	-5.097563	1.835344	-0.029917	0.187499	0.644037	-69.767207	-55.596274	-134.619486
64488	7.710591	-5.249769	2.043576	-0.036747	0.197414	0.639770	-69.818289	-55.213503	-134.582947
64489	7.726604	-5.107349	2.095553	-0.012396	0.110727	0.622446	-69.916059	-54.856505	-134.472062
64490	8.042590	-5.117710	2.048005	-0.029998	0.085052	0.627435	-70.042666	-54.502349	-134.337897
64491	8.417959	-5.171146	2.082706	-0.036257	0.080383	0.695087	-70.191954	-54.111858	-134.179393
64492	8.428433	-5.127535	2.167793	-0.076983	0.086413	0.809623	-70.386945	-53.658754	-133.992557
64493	8.689750	-5.044310	2.289447	-0.112258	0.072817	0.944153	-70.641463	-53.134595	-133.755353
64494	9.173947	-5.111733	2.414930	-0.169311	0.047589	1.118141	-70.982519	-52.520868	-133.449019
64495	9.019828	-5.388352	2.086158	-0.238233	0.094130	1.332061	-71.370337	-51.780897	-133.130437
64496	8.920926	-5.682364	2.105491	-0.251228	0.123910	1.515256	-71.773619	-50.935083	-132.798351
64497	8.828893	-5.765277	1.932665	-0.252168	0.157639	1.691734	-72.177437	-49.985330	-132.461758
64498	8.145461	-5.963428	2.063644	-0.282927	0.221977	1.815350	-72.566487	-48.955819	-132.163126
64499	8.179321	-5.955840	2.060732	-0.264422	0.152259	1.911720	-72.989627	-47.883755	-131.799680
64500	8.151724	-5.948842	2.059221	-0.291860	0.200819	2.023499	-73.401111	-46.740898	-131.467335
64501	7.943409	-6.250599	2.081380	-0.320896	0.222619	2.152447	-73.819671	-45.521832	-131.141460
64502	7.783424	-6.210001	2.184958	-0.335486	0.236758	2.246648	-74.235058	-44.247238	-130.825175
64503	7.922581	-6.492068	2.017972	-0.371605	0.228309	2.382217	-74.676004	-42.897352	-130.493990
64504	7.606778	-6.574760	2.144650	-0.385771	0.301046	2.489723	-75.083601	-41.475508	-130.216137
64505	6.673340	-6.547250	2.419216	-0.456470	0.328251	2.542641	-75.506912	-40.018917	-129.967904
64506	6.339772	-6.716034	2.745548	-0.527079	0.274404	2.529142	-75.976517	-38.576008	-129.703229
64507	6.626245	-6.659511	2.996942	-0.631838	0.250227	2.499559	-76.494974	-37.151185	-129.447817
64508	6.554152	-6.982262	2.933701	-0.754707	0.323834	2.466987	-77.033200	-35.733036	-129.269654
64509	6.570690	-7.339867	3.093284	-0.863227	0.383893	2.414299	-77.589998	-34.335601	-129.160521
64510	6.783127	-7.791945	2.573349	-0.914077	0.486840	2.355547	-78.121385	-32.957756	-129.146650
64511	6.195229	-8.820444	1.557898	-1.040193	0.534263	2.327251	-78.696687	-31.590512	-129.184355
64512	6.147386	-8.457162	2.392105	-0.937325	0.485621	2.237950	-79.217429	-30.278963	-129.216017
64513	7.588920	-8.083369	3.019526	-0.944804	0.665173	2.128124	-79.672114	-29.010991	-129.390012
64514	7.015386	-8.149808	3.104934	-1.014323	1.040680	2.019221	-80.046289	-27.767397	-129.825277
64515	6.630153	-9.618983	2.077049	-1.127013	1.280442	1.943193	-80.417317	-26.546435	-130.425523
64516	5.962175	-9.764070	2.373300	-0.981756	1.507688	1.816389	-80.648402	-25.378036	-131.182467
64517	3.997924	-7.878660	0.814087	-1.120236	1.327559	1.777702	-81.017276	-24.252145	-131.830977
64518	2.566232	-7.969712	0.314314	-1.220241	1.068731	1.829543	-81.520816	-23.123328	-132.317772
64519	3.457138	-8.269930	0.473823	-1.184331	0.743114	1.832875	-82.085719	-22.023984	-132.611945
64520	4.126946	-8.117414	0.611465	-1.169348	0.774354	1.837203	-82.637866	-20.921946	-132.933762
64521	3.339330	-8.372923	0.486011	-1.162214	0.857279	1.857052	-83.170972	-19.806224	-133.313382
64522	2.238097	-8.024265	0.128669	-1.099880	0.814856	1.868084	-83.682076	-18.689707	-133.674501
64523	1.739282	-8.142452	0.193822	-1.124621	0.662766	1.890296	-84.239499	-17.573490	-133.951819
64524	1.668987	-8.399134	0.246277	-1.102396	0.447199	1.878524	-84.824500	-16.477880	-134.110944
64525	1.791101	-8.655505	0.188490	-1.079092	0.299582	1.873811	-85.419475	-15.394242	-134.193668
64526	1.373102	-8.449644	0.001387	-1.041288	0.260150	1.876970	-85.998070	-14.310895	-134.263830
64527	1.841044	-8.602105	0.152606	-0.989896	0.245636	1.849769	-86.547218	-13.244745	-134.337251
64528	2.654913	-8.748792	0.290085	-0.921176	0.312119	1.848050	-87.048124	-12.177762	-134.459290
64529	2.287379	-8.985091	0.275598	-0.925511	0.444404	1.869556	-87.535990	-11.096357	-134.667039
64530	1.629491	-9.100669	0.118910	-0.896552	0.453907	1.881978	-88.009102	-10.008970	-134.888387
64531	1.588742	-9.144920	-0.004196	-0.860376	0.427264	1.862413	-88.466266	-8.935473	-135.102914
64532	1.480806	-9.203338	0.063259	-0.859673	0.427797	1.871076	-88.926267	-7.858320	-135.325592
64533	1.205617	-9.149545	0.066376	-0.857694	0.374888	1.892215	-89.391728	-6.771733	-135.525794
64534	1.693862	-9.423041	0.075798	-0.864626	0.322026	1.891324	-89.867751	-5.687104	-135.703982
64535	2.057953	-9.458286	0.177077	-0.864107	0.366463	1.914889	-90.343340	-4.590975	-135.916528
64536	1.403942	-9.157047	0.003300	-0.869286	0.462197	1.968464	-90.821937	-3.466061	-136.193116
64537	1.199635	-9.127134	-0.036703	-0.885447	0.459848	2.015754	-91.314399	-2.316949	-136.478140
64538	1.584635	-9.334607	-0.158397	-0.891236	0.484545	2.059567	-91.815657	-1.145101	-136.787656
64539	1.357669	-9.184154	-0.200105	-0.902472	0.527295	2.144663	-92.328992	0.071167	-137.133731
64540	0.535753	-8.937124	-0.298756	-0.955722	0.488263	2.263433	-92.880758	1.353796	-137.471782
64541	-0.125785	-8.744386	-0.454539	-0.994027	0.348711	2.364598	-93.459468	2.694602	-137.746067
64542	0.067433	-8.998740	-0.673975	-1.055252	0.186010	2.477175	-94.075897	4.103682	-137.945649
64543	0.102627	-9.006477	-0.575721	-1.085039	0.107981	2.586073	-94.711878	5.575383	-138.121165
64544	0.460102	-9.225191	-0.599472	-1.118091	0.018454	2.697224	-95.368711	7.113716	-138.267987
64545	0.136460	-8.812299	-0.833425	-1.106944	0.004056	2.787006	-96.024709	8.701418	-138.430027
64546	0.028796	-8.410466	-0.784993	-1.124108	-0.029297	2.871741	-96.696478	10.338385	-138.597548
64547	0.220610	-7.931432	-1.109006	-1.092636	-0.036686	2.908811	-97.358035	11.993922	-138.783788
64548	1.111335	-6.494835	-0.743706	-0.933930	0.043640	2.793256	-97.947022	13.576618	-139.027334
64549	2.895406	-5.318531	-0.600965	-0.706508	0.096798	2.484341	-98.416673	14.976325	-139.292701
64550	4.599819	-4.223141	2.158205	-0.181107	0.404736	1.948800	-98.629866	16.046080	-139.702043
64551	5.270940	-8.531618	1.648572	0.380449	0.252624	1.207677	-98.483321	16.706988	-139.958255
64552	8.109128	-8.059299	1.366143	1.101405	0.219214	-0.053556	-97.888043	16.658601	-140.083075
64553	8.209517	-6.036127	1.463112	1.562294	0.270024	-1.294773	-97.008449	15.900286	-140.142536
64554	8.490474	-5.619772	0.904558	1.950160	0.234847	-2.592044	-95.881933	14.409317	-140.107950
64555	9.008632	-7.431011	1.045361	2.277741	0.435871	-3.846026	-94.586663	12.188514	-140.156995
64556	8.667338	-9.125478	1.213072	2.720365	0.661581	-4.935557	-93.063612	9.341586	-140.349546
64557	7.421872	-10.658503	0.995420	3.179034	0.903314	-5.724714	-91.293193	6.039703	-140.745974
64558	4.668455	-11.509612	0.539548	3.740201	1.076335	-6.180783	-89.194342	2.495774	-141.348773
64559	2.550901	-10.440246	0.480783	4.211781	0.952815	-6.306647	-86.786921	-1.101468	-142.021733
64560	1.733460	-10.450294	-0.154037	4.452290	0.785763	-6.069682	-84.199575	-4.532986	-142.744172
64561	1.154781	-10.125402	-0.390211	4.551062	0.537368	-5.661931	-81.513542	-7.718883	-143.458048
64562	1.065592	-9.332806	-0.655580	4.507229	0.240638	-5.239507	-78.825629	-10.653311	-144.114407
64563	1.383012	-8.315004	-0.735975	4.329474	-0.101293	-4.896302	-76.225869	-13.410310	-144.677174
64564	3.044564	-7.750074	-0.695639	4.015905	-0.384959	-4.665599	-73.798783	-16.049716	-145.171292
64565	5.247623	-7.541403	-0.640553	3.619355	-0.517509	-4.578925	-71.567738	-18.647990	-145.694157
64566	6.935539	-6.982831	-0.662510	3.129716	-0.445472	-4.575509	-69.545139	-21.205240	-146.366007
64567	7.494471	-6.271054	-0.710038	2.559698	-0.260330	-4.573719	-67.739966	-23.705995	-147.249861
64568	7.456279	-5.776268	-0.945743	1.936233	-0.073588	-4.498054	-66.180209	-26.094466	-148.318718
64569	6.813139	-5.589408	-1.025062	1.281064	0.026730	-4.355246	-64.906051	-28.365969	-149.498021
64570	6.109896	-5.738648	-1.162783	0.611842	-0.059196	-4.209583	-63.985006	-30.556974	-150.657473
64571	5.906689	-6.114054	-1.196867	-0.065239	-0.253793	-4.030991	-63.471951	-32.699029	-151.706903
64572	6.169825	-6.661682	-1.018509	-0.679983	-0.513791	-3.818587	-63.383748	-34.787868	-152.566916
64573	6.980055	-7.336183	-0.527992	-1.202710	-0.731974	-3.605852	-63.678539	-36.831032	-153.241483
64574	8.403288	-8.414248	0.251071	-1.592264	-0.861529	-3.458230	-64.260248	-38.828404	-153.780495
64575	9.696842	-9.262379	0.877330	-1.801093	-0.808437	-3.355901	-64.953377	-40.770992	-154.311047
64576	10.110828	-9.848382	1.349286	-1.871119	-0.613300	-3.239098	-65.618960	-42.604103	-154.922235
64577	9.585426	-10.435619	1.735891	-1.827681	-0.375694	-3.068050	-66.171851	-44.303660	-155.642441
64578	8.854412	-10.934938	2.132696	-1.667093	-0.296906	-2.886687	-66.619181	-45.887667	-156.359395
64579	9.199946	-10.798000	2.142419	-1.468109	-0.318745	-2.727442	-66.986039	-47.402925	-157.013327
64580	9.759756	-10.521744	2.322453	-1.275365	-0.344660	-2.645879	-67.262374	-48.876756	-157.623373
64581	10.596028	-10.176751	2.309575	-1.081961	-0.398470	-2.703298	-67.428222	-50.400836	-158.220947
64582	11.133177	-9.804364	2.211536	-0.909439	-0.419095	-2.821736	-67.454076	-51.986315	-158.856353
64583	11.226885	-9.336927	2.095540	-0.780798	-0.380243	-2.900229	-67.324799	-53.610735	-159.581965
64584	10.795961	-9.036540	2.056707	-0.676577	-0.352384	-2.904836	-67.071370	-55.223604	-160.370123
64585	10.419441	-8.821162	1.975933	-0.568401	-0.371402	-2.868778	-66.730632	-56.825558	-161.175348
64586	10.317324	-8.789362	2.029488	-0.443998	-0.464464	-2.845948	-66.346393	-58.427656	-161.931388
64587	10.415030	-8.674258	2.057719	-0.288983	-0.610706	-2.857908	-65.936684	-60.073064	-162.602371
64588	10.448486	-8.568039	2.094530	-0.109383	-0.759583	-2.886237	-65.490084	-61.759745	-163.185004
64589	10.326148	-8.349238	2.154089	0.079480	-0.902405	-2.860113	-65.027295	-63.470500	-163.656469
64590	10.372307	-8.174273	2.139301	0.266775	-1.008974	-2.785943	-64.548598	-65.161251	-164.017930
64591	10.532382	-7.962743	2.100175	0.448875	-1.070627	-2.703448	-64.023846	-66.828705	-164.312344
64592	10.859378	-7.751348	1.993004	0.609885	-1.105909	-2.637138	-63.430157	-68.464393	-164.576332
64593	10.927295	-7.320167	1.798189	0.739026	-1.104927	-2.587344	-62.725550	-70.078201	-164.878423
64594	10.851186	-6.893397	1.575803	0.827304	-1.086630	-2.537800	-61.893537	-71.655376	-165.257237
64595	10.659877	-6.441179	1.215057	0.878047	-1.054992	-2.469487	-60.930105	-73.192100	-165.741504
64596	10.266873	-5.930563	0.948085	0.885742	-1.053018	-2.383722	-59.903876	-74.678042	-166.281193
64597	9.814269	-5.395686	0.801306	0.844248	-1.100358	-2.279049	-58.956737	-76.127780	-166.761398
64598	9.703121	-5.026735	0.731756	0.751699	-1.228585	-2.188685	-58.305469	-77.565283	-166.987824
64599	9.909013	-4.826743	0.672130	0.645544	-1.347141	-2.116538	-58.016428	-79.007198	-166.906600
64600	10.200445	-4.529713	0.746259	0.532754	-1.396270	-2.039117	-58.043257	-80.422258	-166.569061
64601	10.508375	-4.046798	0.796426	0.415254	-1.371482	-1.953804	-58.306185	-81.792042	-166.063414
64602	10.706266	-3.368010	0.874909	0.248881	-1.242384	-1.898281	-58.434255	-83.091772	-165.790335
64603	11.004844	-3.261840	0.823112	0.055727	-1.041924	-1.824510	-58.024836	-84.298838	-166.171286
64604	10.594583	-3.148869	0.763114	-0.145094	-0.798373	-1.758661	-56.314748	-85.394025	-167.971654
64605	10.122867	-3.242652	0.723501	-0.341891	-0.624394	-1.706600	-52.664957	-86.402193	-171.828136
64606	9.575307	-3.229288	0.535607	-0.536660	-0.506335	-1.674222	-45.512882	-87.319444	-179.298592
64607	9.287136	-3.052272	0.333695	-0.723172	-0.448011	-1.637719	-31.477422	-88.114498	166.239637
64608	8.902344	-3.024047	0.194740	-0.899496	-0.375408	-1.565772	-4.158143	-88.608703	138.394331
64609	8.467678	-3.028919	0.149633	-1.045548	-0.319720	-1.461212	31.025509	-88.594079	102.600822
64610	8.032195	-2.821579	0.179684	-1.163958	-0.283481	-1.334243	54.446545	-88.185744	78.503839
64611	7.753056	-2.648625	0.164764	-1.277285	-0.287048	-1.209125	67.113579	-87.657714	65.095692
64612	7.620622	-2.484059	0.244342	-1.369603	-0.307331	-1.075929	74.458261	-87.132165	56.958030
64613	7.628754	-2.470415	0.374483	-1.443937	-0.312228	-0.939550	79.157131	-86.647521	51.423191
64614	7.597872	-2.572646	0.470944	-1.495854	-0.321141	-0.811035	82.414206	-86.217893	47.301148
64615	7.841675	-2.672740	0.457991	-1.532303	-0.341082	-0.694290	85.005869	-85.842807	43.822769
64616	8.246731	-2.778843	0.498100	-1.547569	-0.339976	-0.617721	87.017943	-85.503017	40.915779
64617	8.474190	-2.835609	0.638357	-1.545216	-0.346099	-0.617869	88.751799	-85.155630	38.287534
64618	8.433970	-2.736613	0.702508	-1.522530	-0.323669	-0.636794	90.036232	-84.792512	36.122489
64619	8.146647	-2.583507	0.734458	-1.476795	-0.277731	-0.598995	90.878380	-84.447365	34.426529
64620	7.909901	-2.318600	0.834379	-1.432157	-0.213646	-0.526161	91.231126	-84.143488	33.247431
64621	8.075827	-2.241631	0.757894	-1.395051	-0.168770	-0.440908	91.324263	-83.888369	32.350008
64622	8.311478	-2.366371	0.655302	-1.345628	-0.126896	-0.383132	91.179339	-83.667118	31.720285
64623	8.311922	-2.439265	0.575858	-1.300816	-0.124424	-0.373879	91.050036	-83.451453	31.100379
64624	8.281240	-2.370913	0.587529	-1.261462	-0.158351	-0.384496	91.072395	-83.229314	30.350244
64625	7.939137	-2.440584	0.692873	-1.235796	-0.163294	-0.356564	91.127503	-83.023473	29.581680
64626	7.689560	-2.577889	0.739874	-1.196753	-0.136141	-0.277119	91.050413	-82.863047	28.968486
64627	7.581707	-2.930483	0.777113	-1.162537	-0.117637	-0.149651	90.925873	-82.776706	28.422898
64628	7.490369	-3.189462	0.799629	-1.123387	-0.104850	-0.030277	90.756439	-82.758287	27.944925
64629	7.298268	-3.214873	0.838644	-1.090971	-0.109361	0.055534	90.646283	-82.790296	27.426231
64630	7.127857	-3.150326	0.962042	-1.087718	-0.116141	0.160003	90.563066	-82.881074	26.882032
64631	7.081866	-3.463080	1.186831	-1.104900	-0.096256	0.287532	90.405648	-83.046721	26.403242
64632	7.015959	-3.735069	1.452694	-1.119825	-0.039572	0.433537	89.963116	-83.294857	26.202788
64633	7.050559	-4.109086	1.694640	-1.145051	0.042824	0.603817	89.085331	-83.642459	26.426525
64634	9.856858	-1.269380	-0.293679	-0.884685	-0.002449	0.632341	88.525047	-84.004534	26.480281
64635	27.680367	9.301789	2.927724	-1.071774	0.231380	1.906502	85.996174	-85.091738	28.404303
64636	1.773621	12.945731	-7.503337	-1.310899	3.120732	1.674055	60.886235	-85.510928	52.842640
64637	13.458435	16.443572	3.046917	-2.146274	-0.531558	1.567908	56.771378	-86.439586	55.735032
64638	9.510133	-8.076869	-4.921289	-1.807875	1.447099	2.262597	30.178884	-86.737392	81.335469
64639	2.781019	3.320723	7.397950	-1.223043	1.671415	1.677522	9.578101	-86.157389	101.272824
64640	6.127154	-0.703865	1.526865	-1.482788	0.079752	2.860422	-15.373458	-86.026381	125.429314
64641	12.017628	-1.602527	0.670703	-1.416481	0.663288	2.621496	-31.957630	-85.067980	141.248429
64642	9.110632	-2.484134	2.376348	-1.334193	0.925083	2.559876	-41.510817	-83.762513	150.078362
64643	8.687138	-2.032138	2.331206	-1.176661	0.506839	2.419248	-48.656540	-82.574974	156.595623
64644	9.039825	-2.929575	2.410872	-1.213647	0.460543	2.357687	-53.883482	-81.355491	161.171831
64645	9.463578	-3.038670	2.573158	-1.064119	0.327960	2.303497	-58.084794	-80.156229	164.810362
64646	10.474228	-3.629538	3.174013	-0.842207	0.430031	2.305682	-61.039448	-78.892466	167.324232
64647	10.862618	-3.686539	3.516877	-0.394823	0.648729	2.233627	-62.603569	-77.588721	168.690646
64648	9.374699	-3.882430	3.663904	-0.190985	0.687385	2.172964	-63.627053	-76.300462	169.628943
64649	9.750744	-3.242376	3.135725	0.005778	0.376145	2.155476	-64.969329	-75.093687	171.017469
64650	12.260220	-4.838172	1.138812	0.098744	0.314074	2.300431	-66.280136	-73.819082	172.436721
64651	10.394932	-2.698206	0.159443	0.194283	0.669955	2.193259	-66.668678	-72.513003	172.958907
64652	9.691182	-2.204156	-0.257705	-0.218736	0.476272	2.260305	-67.564701	-71.214036	173.769888
64653	11.553621	-5.123293	0.974809	-0.178056	0.867032	2.351235	-67.817766	-69.778554	173.929967
64654	13.561923	-5.541593	4.624233	0.057734	0.947119	2.266366	-67.755352	-68.371550	173.898617
64655	16.572468	-10.225791	-0.381516	0.156240	0.836577	1.973574	-67.634929	-67.142739	173.865078
64656	8.886407	-7.493601	3.160055	0.305307	1.393544	0.844958	-66.191937	-66.384562	172.485174
64657	5.321974	-3.902913	4.930148	0.530223	0.340764	0.463648	-65.733465	-66.061384	172.315938
64658	10.331375	-4.454970	0.491123	0.201841	-0.516559	0.373574	-66.421841	-65.986059	173.195940
64659	10.169711	-3.919772	0.720068	0.074215	0.514163	0.182721	-65.876261	-65.769986	172.644608
64660	7.357160	-4.892990	3.032924	-0.012350	0.177110	0.031244	-65.694783	-65.712357	172.437847
64661	8.784176	-2.997751	2.061251	0.061153	-0.190638	-0.012216	-65.878513	-65.762268	172.677676
64662	8.860190	-3.915486	1.426438	-0.068785	-0.071677	0.022546	-66.013450	-65.767529	172.782488
64663	8.826404	-3.754256	1.765912	-0.068435	-0.086758	-0.010916	-66.152090	-65.792135	172.891389
64664	8.712968	-3.951207	1.773812	-0.080783	-0.141782	-0.035772	-66.346104	-65.843931	173.053383
64665	9.019552	-3.679290	1.397349	-0.053540	-0.170030	-0.043060	-66.558200	-65.904170	173.252057
64666	8.988691	-3.803762	1.303255	-0.058240	-0.080855	-0.033667	-66.670124	-65.940578	173.338153
64667	8.843139	-3.943416	1.597183	-0.061235	-0.062524	-0.063254	-66.750941	-65.986738	173.388108
64668	8.792805	-3.822670	1.651953	-0.058478	-0.108714	-0.105280	-66.860315	-66.067030	173.471193
64669	8.988378	-3.659724	1.390667	-0.051384	-0.114811	-0.099462	-66.980025	-66.143921	173.569816
64670	8.986472	-3.627102	1.358203	-0.042568	-0.068645	-0.075660	-67.048615	-66.199501	173.618189
64671	8.948111	-3.616354	1.317629	-0.021926	-0.024186	-0.055123	-67.066341	-66.232677	173.623717
64672	9.108064	-3.412244	1.127321	-0.012371	0.024223	-0.028343	-67.030565	-66.242532	173.576937
64673	8.763657	-3.653147	1.568622	-0.025195	0.143077	0.003338	-66.879674	-66.207409	173.396142
64674	8.391101	-3.736505	2.064278	0.001113	0.011795	0.014901	-66.873090	-66.197218	173.389698
64675	8.833723	-3.770476	1.605634	-0.022643	-0.087883	-0.007938	-66.991232	-66.219831	173.504515
64676	8.914076	-3.796056	1.518378	-0.041934	-0.069573	-0.028664	-67.084612	-66.250817	173.580348
64677	8.825853	-3.528148	1.571393	-0.036385	-0.095865	-0.024099	-67.212518	-66.283551	173.697183
64678	9.019400	-3.733723	1.405983	-0.064389	-0.092591	0.009554	-67.366212	-66.299295	173.824806
64679	8.941647	-4.019627	1.360944	-0.034627	-0.087800	-0.009314	-67.491377	-66.322210	173.939711
64680	8.929323	-3.205236	1.509812	-0.052429	-0.068724	-0.009780	-67.600119	-66.342739	174.025694
64681	8.840061	-3.818500	1.498810	-0.056002	-0.036629	0.019536	-67.690341	-66.339051	174.089051
64682	8.880209	-3.793586	1.430148	-0.051507	-0.112775	0.025694	-67.869677	-66.350167	174.252673
64683	9.201134	-3.722162	1.171534	-0.028072	-0.053654	0.011698	-67.960686	-66.354175	174.334356
64684	8.923724	-3.721308	1.412206	-0.055993	0.008157	0.018707	-67.992614	-66.342795	174.334243
64685	8.883868	-3.685833	1.411072	-0.023311	-0.032562	0.023685	-68.061204	-66.335859	174.394423
64686	8.989081	-3.734809	1.377588	-0.049890	0.001847	0.019648	-68.097699	-66.325328	174.403115
64687	8.800288	-3.843802	1.548267	-0.043023	-0.012621	0.005181	-68.144342	-66.323936	174.427003
64688	8.927785	-3.835166	1.462576	-0.053306	-0.052064	-0.027525	-68.225274	-66.349970	174.482072
64689	8.975244	-3.846232	1.399877	-0.056794	-0.051354	-0.053040	-68.298719	-66.387742	174.526601
64690	9.013986	-3.690221	1.289589	-0.049197	-0.038660	-0.059405	-68.345819	-66.427860	174.547292
64691	8.942660	-3.783112	1.409095	-0.065870	-0.013889	-0.064718	-68.373362	-66.463905	174.536044
64692	8.859181	-3.636148	1.512836	-0.057208	-0.040776	-0.071197	-68.422118	-66.510741	174.553524
64693	8.959225	-3.618511	1.358591	-0.051456	-0.049980	-0.049635	-68.493097	-66.546344	174.598645
64694	8.990233	-3.742030	1.332877	-0.058573	-0.022878	-0.035794	-68.538040	-66.570535	174.611106
64695	8.862296	-3.674830	1.442640	-0.050003	-0.025547	-0.032854	-68.586487	-66.592045	174.632558
64696	8.902178	-3.660791	1.359939	-0.032736	-0.039734	-0.023771	-68.643336	-66.613334	174.674117
64697	8.905587	-3.627385	1.392551	-0.041073	-0.019433	-0.013662	-68.688493	-66.623311	174.697555
64698	8.867758	-3.507961	1.351426	-0.035316	-0.018798	0.013448	-68.738992	-66.620346	174.730581
64699	8.872523	-3.618559	1.410515	-0.052765	-0.010879	0.035311	-68.803805	-66.602387	174.768135
64700	8.837312	-3.693259	1.470280	-0.050833	-0.037185	0.052205	-68.904338	-66.582480	174.846001
64701	8.968888	-3.649381	1.346901	-0.042090	-0.058102	0.065598	-69.035450	-66.557978	174.962492
64702	8.976705	-3.690013	1.272337	-0.039726	-0.035255	0.082803	-69.141289	-66.521174	175.053111
64703	9.011967	-3.752060	1.247995	-0.025403	-0.027784	0.088564	-69.235688	-66.478031	175.140053
64704	9.113494	-3.756258	1.138009	-0.002418	-0.002556	0.087274	-69.281438	-66.432089	175.188500
64705	9.013098	-3.777790	1.288821	0.004493	0.052965	0.090385	-69.260041	-66.371554	175.167821
64706	8.955733	-3.829074	1.367334	0.027781	0.036822	0.098728	-69.245407	-66.311484	175.169277
64707	9.048425	-3.823908	1.224154	0.077607	0.034814	0.095995	-69.207077	-66.251621	175.175832
64708	9.229511	-3.755982	1.023621	0.077680	0.098853	0.093613	-69.086367	-66.181639	175.092612
64709	8.903746	-3.797484	1.416562	0.056430	0.177728	0.088008	-68.884251	-66.096710	174.906791
64710	8.829414	-3.772103	1.570183	0.082270	0.099068	0.102776	-68.766372	-66.021600	174.829445
64711	9.064705	-3.869617	1.381809	0.079214	0.071659	0.118512	-68.694599	-65.942086	174.800384
64712	8.951137	-3.914576	1.461779	0.086898	0.056751	0.129911	-68.638193	-65.861228	174.793190
64713	8.982827	-3.880046	1.296246	0.120394	0.020485	0.138069	-68.613266	-65.781935	174.841300
64714	9.225006	-3.941623	1.071151	0.151413	0.071139	0.148909	-68.512075	-65.687928	174.825517
64715	8.999582	-3.996165	1.338580	0.159878	0.156338	0.126219	-68.299552	-65.586382	174.692574
64716	9.008226	-4.079429	1.294148	0.194854	0.126862	0.087452	-68.080972	-65.513165	174.575157
64717	9.132504	-4.010456	1.178635	0.179226	0.226432	0.029684	-67.733055	-65.447275	174.305398
64718	8.586404	-3.962838	1.697400	0.166983	0.286791	-0.015941	-67.298343	-65.393184	173.932631
64719	8.702999	-3.663068	1.550630	0.194472	0.200502	-0.031958	-66.944772	-65.364064	173.666027
64720	8.765595	-3.576843	1.599793	0.148929	0.294374	-0.023136	-66.511114	-65.309917	173.282789
64721	8.133891	-3.588386	1.879650	0.164491	0.268138	-0.008002	-66.111595	-65.251100	172.946468
64722	8.601762	-3.593678	2.243960	0.041062	0.159880	-0.005307	-65.904491	-65.216948	172.744351
64723	8.905241	-3.561301	1.608698	0.086231	-0.030220	0.068854	-65.928330	-65.186696	172.824806
64724	8.799919	-3.855155	1.686866	0.028325	0.147762	0.061571	-65.776935	-65.120189	172.675909
64725	8.722669	-3.840073	1.683629	0.070796	0.029607	0.042045	-65.728526	-65.089972	172.667022
64726	8.854065	-3.723863	1.606825	0.027933	0.086649	0.054671	-65.643449	-65.041303	172.590904
64727	8.793693	-3.785718	1.670870	0.057010	0.074185	0.069788	-65.567311	-64.986052	172.542699
64728	8.842129	-3.815793	1.667180	0.053869	0.108962	0.081986	-65.457031	-64.917745	172.455095
64729	8.783215	-3.953152	1.701987	0.054024	0.084980	0.068901	-65.370791	-64.860317	172.393786
64730	8.708145	-3.781762	1.818980	0.045541	0.082066	0.058865	-65.284207	-64.810361	172.327008
64731	8.707180	-3.861055	1.794977	0.033573	0.045481	0.062298	-65.250534	-64.765762	172.310797
64732	8.765909	-3.850430	1.749375	0.024123	0.037908	0.049072	-65.220354	-64.731453	172.292766
64733	8.710583	-3.829802	1.767003	0.021039	0.033605	0.048770	-65.200185	-64.696730	172.283540
64734	8.795614	-3.962921	1.684309	0.016219	0.009024	0.047437	-65.205552	-64.670208	172.299812
64735	8.740366	-3.834022	1.767633	0.009393	0.043531	0.035899	-65.174674	-64.639784	172.271345
64736	8.723187	-3.867670	1.766042	0.025716	-0.000355	0.039828	-65.181013	-64.619479	172.294724
64737	8.791973	-3.816753	1.681165	0.016131	0.030668	0.043151	-65.164104	-64.588371	172.285982
64738	8.739705	-3.869683	1.797809	0.021453	0.011629	0.059525	-65.169701	-64.554941	172.305845
64739	8.780110	-3.832392	1.758459	0.022914	0.016382	0.065165	-65.175640	-64.515824	172.326708
64740	8.734017	-3.880282	1.802596	0.031142	0.021535	0.073052	-65.171640	-64.472976	172.342101
64741	8.679426	-3.952546	1.769431	0.028887	0.001167	0.069578	-65.192833	-64.435220	172.383677
64742	8.802434	-3.896021	1.705713	0.032058	-0.007268	0.070761	-65.218355	-64.400481	172.432393
64743	8.860301	-3.903735	1.639481	0.047770	0.016588	0.072517	-65.213301	-64.357476	172.456883
64744	8.811628	-3.876876	1.716161	0.050773	0.039383	0.078744	-65.181446	-64.307375	172.453872
64745	8.717127	-3.925345	1.799519	0.043882	0.042948	0.078883	-65.153334	-64.254734	172.450308
64746	8.742422	-3.903271	1.776341	0.040483	0.021858	0.074654	-65.144311	-64.210978	172.466099
64747	8.843232	-3.975996	1.734814	0.037458	0.014918	0.080511	-65.150856	-64.164236	172.496940
64748	8.797305	-4.009014	1.666453	0.031622	0.037763	0.064077	-65.124551	-64.122149	172.487899
64749	8.796394	-3.980691	1.707187	0.040047	0.042145	0.059258	-65.089894	-64.079895	172.474602
64750	8.750217	-3.918766	1.821062	0.036965	0.059472	0.054644	-65.032805	-64.037459	172.434723
64751	8.715964	-3.983759	1.818775	0.032945	0.042176	0.050436	-64.997987	-63.999770	172.416705
64752	8.710442	-3.929076	1.836287	0.027660	0.040860	0.046914	-64.962432	-63.965832	172.394832
64753	8.673869	-3.935473	1.844428	0.017415	0.020638	0.049072	-64.958817	-63.934062	172.401630
64754	8.722066	-3.997755	1.797356	0.008508	0.010463	0.044545	-64.965378	-63.908722	172.414418
64755	8.777268	-3.962184	1.725852	0.014140	0.017194	0.038167	-64.961862	-63.883444	172.419241
64756	8.794714	-3.976928	1.737950	0.018865	0.032496	0.046817	-64.940283	-63.851581	172.407301
64757	8.741373	-4.030146	1.724423	0.021020	0.036584	0.042201	-64.914372	-63.819509	172.391558
64758	8.786030	-3.942053	1.741462	0.027169	0.053583	0.043426	-64.864225	-63.784272	172.353075
64759	8.646485	-3.953419	1.897038	0.021923	0.062421	0.045079	-64.812194	-63.744406	172.308771
64760	8.669693	-3.978836	1.821133	0.019946	0.040327	0.039693	-64.778491	-63.714311	172.283986
64761	8.689239	-3.959937	1.870136	0.011816	0.036962	0.036289	-64.754802	-63.685190	172.264812
64762	8.748291	-3.966086	1.805707	0.010868	0.029676	0.039260	-64.737348	-63.657913	172.252341
64763	8.792565	-3.986321	1.755511	0.010746	0.046420	0.040656	-64.706618	-63.624211	172.224614
64764	8.713988	-4.000566	1.842322	0.017593	0.061403	0.046354	-64.655798	-63.585480	172.179190
64765	8.660709	-3.945774	1.896454	0.015103	0.050655	0.052263	-64.624076	-63.544716	172.153117
64766	8.662544	-3.975325	1.923907	0.005381	0.039403	0.053493	-64.606871	-63.507671	172.137397
64767	8.769920	-3.967051	1.841084	0.005583	0.024468	0.056542	-64.609980	-63.471118	172.144139
64768	8.845272	-4.020600	1.750215	0.007395	0.039101	0.073781	-64.601970	-63.423644	172.139977
64769	8.780859	-4.007461	1.840968	0.009710	0.073725	0.084578	-64.565605	-63.360482	172.105211
64770	8.739775	-4.050291	1.815971	0.017660	0.058103	0.086185	-64.538328	-63.301910	172.086065
64771	8.746100	-4.002495	1.803488	0.012577	0.078988	0.097353	-64.501482	-63.230831	172.052554
64772	8.663327	-4.037566	1.874243	0.017949	0.076412	0.098416	-64.461520	-63.161406	172.019359
64773	8.657825	-4.045842	1.881803	0.022374	0.079349	0.101450	-64.421070	-63.088104	171.988050
64774	8.615673	-3.998115	1.906614	0.025584	0.085531	0.106083	-64.371589	-63.012438	171.949042
64775	8.565302	-4.047676	1.955678	0.023389	0.075758	0.103800	-64.335726	-62.938793	171.923489
64776	8.606656	-3.982181	1.956887	0.017695	0.060741	0.109426	-64.317805	-62.867531	171.914804
64777	8.599839	-4.008095	1.945034	0.013242	0.063695	0.113084	-64.304608	-62.792079	171.908159
64778	8.649709	-3.994491	1.991428	0.003168	0.053413	0.126852	-64.310860	-62.713640	171.917289
64779	8.805706	-3.946277	1.928462	-0.004616	0.043814	0.152707	-64.346755	-62.622668	171.954378
64780	8.807502	-3.995527	1.996759	-0.048697	0.071384	0.187644	-64.393633	-62.508366	171.975816
64781	8.566098	-4.093612	2.057086	-0.065655	0.050651	0.193942	-64.476616	-62.394384	172.026639
64782	8.696892	-4.016022	1.957088	-0.077049	0.007565	0.212630	-64.613619	-62.282842	172.131534
64783	8.543862	-4.182817	2.001074	-0.097573	0.030302	0.226276	-64.748535	-62.157011	172.220494
64784	8.545138	-4.165672	1.961148	-0.094340	-0.010130	0.235568	-64.921316	-62.037640	172.354898
64785	8.540772	-4.271000	1.966956	-0.102905	-0.002368	0.224100	-65.088028	-61.920614	172.476613
64786	8.836458	-4.104289	1.961203	-0.081491	-0.073573	0.251178	-65.319572	-61.807967	172.686294
64787	8.904291	-4.332587	1.666360	-0.139870	-0.014952	0.308141	-65.554092	-61.649728	172.861239
64788	8.789758	-4.257687	1.870838	-0.094656	-0.004558	0.337650	-65.760391	-61.474861	173.034227
64789	8.707232	-4.218102	1.905640	-0.122068	0.012784	0.364910	-65.978103	-61.279847	173.202208
64790	8.627519	-4.264863	1.950436	-0.140681	0.015148	0.394473	-66.211133	-61.070017	173.376248
64791	8.534429	-4.311769	1.894857	-0.149564	0.018460	0.417676	-66.455689	-60.845385	173.557588
64792	8.606589	-4.387005	1.913610	-0.161792	0.012510	0.423325	-66.709073	-60.620280	173.741842
64793	8.753159	-4.415285	1.847136	-0.170614	0.036371	0.454129	-66.957093	-60.371665	173.914117
64794	9.004022	-4.672969	1.777817	-0.168035	0.098287	0.498967	-67.157937	-60.086752	174.034642
64795	8.977810	-4.648454	1.945012	-0.159832	0.165349	0.555792	-67.314593	-59.755271	174.109444
64796	9.316856	-4.693116	2.002056	-0.143945	0.209927	0.623912	-67.442533	-59.379343	174.162233
64797	9.414726	-4.759040	2.134084	-0.164077	0.289769	0.718327	-67.546571	-58.934419	174.173483
64798	9.377416	-4.533803	2.183665	-0.159908	0.338500	0.813096	-67.635776	-58.430102	174.170714
64799	8.691625	-4.919188	2.124836	-0.235330	0.341490	0.894067	-67.794785	-57.880825	174.198716
64800	8.717588	-4.820376	2.002123	-0.201541	0.245641	0.942463	-68.025147	-57.327851	174.334835
64801	8.665540	-4.948554	2.205470	-0.262939	0.210992	1.041555	-68.347400	-56.727833	174.538893
64802	9.461906	-5.135612	1.937297	-0.231137	0.145697	1.137155	-68.722205	-56.091237	174.829908
64803	8.905062	-5.193793	1.868079	-0.262785	0.270288	1.271750	-69.048564	-55.354699	175.042123
64804	8.629055	-5.362996	1.983195	-0.213385	0.241273	1.354280	-69.379607	-54.580500	175.297152
64805	8.682624	-5.233952	2.080691	-0.216719	0.285772	1.427321	-69.689840	-53.756101	175.526062
64806	8.303287	-5.298230	2.218039	-0.225037	0.293722	1.500841	-70.004775	-52.891146	175.758026
64807	8.085992	-5.292496	2.172133	-0.226913	0.296826	1.559376	-70.323353	-51.992071	175.995265
64808	7.859303	-5.446236	2.068492	-0.234183	0.326190	1.612437	-70.624745	-51.059171	176.208906
64809	7.778972	-5.671307	2.026252	-0.223159	0.336541	1.660206	-70.914432	-50.096633	176.417718
64810	7.510692	-5.774002	2.113509	-0.225949	0.372150	1.704871	-71.180004	-49.103809	176.596507
64811	7.311325	-6.056203	2.204161	-0.227498	0.349421	1.707297	-71.452754	-48.112167	176.785598
64812	7.372758	-6.080714	2.125327	-0.220821	0.347084	1.689674	-71.708018	-47.131106	176.959935
64813	7.079003	-6.204932	2.053137	-0.236881	0.404310	1.681319	-71.930872	-46.142757	177.079008
64814	6.827885	-6.467428	2.084265	-0.223664	0.392870	1.648857	-72.138341	-45.174951	177.189976
64815	6.949066	-6.495446	2.095619	-0.209767	0.402799	1.611323	-72.321694	-44.224509	177.278940
64816	7.167043	-6.722943	2.172788	-0.203718	0.451567	1.572442	-72.463467	-43.287795	177.315230
64817	7.004162	-6.844721	2.367674	-0.190375	0.533208	1.553435	-72.552185	-42.346271	177.284372
64818	6.617316	-6.808192	2.294036	-0.186338	0.565189	1.537177	-72.618463	-41.409270	177.223798
64819	6.562695	-7.063324	2.379902	-0.207837	0.597139	1.521674	-72.681434	-40.474285	177.137214
64820	6.698372	-7.220099	2.462934	-0.203380	0.609380	1.504489	-72.733410	-39.547738	177.036889
64821	6.531735	-7.204467	2.167496	-0.228193	0.626726	1.498963	-72.793848	-38.620322	176.924361
64822	6.173564	-7.991004	2.120839	-0.336025	0.556094	1.531672	-72.950393	-37.688107	176.866192
64823	6.422311	-7.688252	2.284963	-0.245460	0.404091	1.524489	-73.117970	-36.784365	176.909579
64824	6.909229	-7.407350	2.120133	-0.267493	0.537766	1.555037	-73.244109	-35.842634	176.863859
64825	5.986064	-7.718598	2.241587	-0.268930	0.606560	1.581004	-73.348238	-34.874480	176.776279
64826	5.853390	-7.806687	2.155632	-0.260062	0.558782	1.594100	-73.465910	-33.908014	176.720893
64827	5.687756	-7.843744	2.317813	-0.261112	0.590863	1.610605	-73.575500	-32.926477	176.646843
64828	5.524908	-7.708811	2.459555	-0.241523	0.585995	1.597462	-73.673291	-31.953947	176.571263
64829	5.415802	-8.052968	2.353415	-0.272745	0.615954	1.578095	-73.778692	-30.986538	176.472324
64830	5.313748	-7.877799	2.693622	-0.268313	0.620472	1.542840	-73.876434	-30.038796	176.362144
64831	5.145395	-8.060159	2.594303	-0.301145	0.655791	1.504580	-73.980845	-29.105899	176.222505
64832	4.838322	-8.162806	2.639680	-0.309991	0.655528	1.474666	-74.088262	-28.190535	176.076194
64833	4.800767	-8.279247	2.547543	-0.325445	0.668764	1.431378	-74.199963	-27.296457	175.913926
64834	4.723042	-8.267145	2.336491	-0.315820	0.694393	1.396624	-74.297114	-26.418570	175.728541
64835	4.570457	-8.242702	2.323058	-0.330844	0.715121	1.372294	-74.398973	-25.550489	175.526585
64836	4.073859	-8.476152	2.218569	-0.342388	0.733905	1.371770	-74.504098	-24.680844	175.312190
64837	4.136552	-8.869130	2.282993	-0.319293	0.706776	1.322148	-74.603237	-23.842422	175.106279
64838	4.033299	-8.421988	2.287603	-0.309860	0.754354	1.275376	-74.684087	-23.023588	174.863274
64839	3.774701	-8.611027	2.319221	-0.302039	0.752989	1.245212	-74.763218	-22.221303	174.616930
64840	3.251306	-8.259574	2.091778	-0.298577	0.778081	1.222159	-74.835601	-21.428937	174.351611
64841	2.731815	-8.272696	2.056667	-0.334806	0.736626	1.227815	-74.942430	-20.639388	174.112400
64842	2.689989	-8.432730	2.170351	-0.344794	0.652716	1.227586	-75.073893	-19.863503	173.921606
64843	2.705479	-8.714257	1.981699	-0.353106	0.579150	1.217917	-75.227163	-19.103534	173.771915
64844	2.268727	-8.487546	1.960020	-0.393809	0.523809	1.253940	-75.416167	-18.332749	173.657917
64845	2.144442	-8.776271	1.975132	-0.413730	0.365724	1.279943	-75.648020	-17.569819	173.638059
64846	2.343124	-9.014545	2.050395	-0.466230	0.219142	1.300238	-75.934119	-16.817076	173.702384
64847	2.908566	-9.234160	2.322779	-0.494411	0.098241	1.323178	-76.256225	-16.067079	173.836188
64848	3.635665	-9.319985	2.466955	-0.512531	0.083537	1.341036	-76.587522	-15.309224	173.975551
64849	3.980514	-9.464456	2.555709	-0.508820	0.147349	1.373981	-76.906384	-14.523102	174.078044
64850	3.934437	-9.513056	2.476313	-0.506880	0.211567	1.420747	-77.212967	-13.702863	174.144512
64851	3.872364	-9.655286	2.301972	-0.511203	0.263953	1.479995	-77.515890	-12.842021	174.184160
64852	3.722098	-9.780380	2.118595	-0.515243	0.280259	1.558636	-77.818568	-11.935557	174.219162
64853	3.616328	-9.726881	1.983385	-0.507336	0.282358	1.648214	-78.118129	-10.978094	174.259183
64854	3.377879	-9.576660	1.908728	-0.516507	0.267982	1.770267	-78.424399	-9.954026	174.316297
64855	3.397593	-9.583004	1.828944	-0.527760	0.241653	1.900440	-78.741046	-8.859367	174.397742
64856	3.530054	-9.631123	1.664312	-0.512416	0.250861	2.035774	-79.046808	-7.687363	174.482585
64857	3.512828	-9.474713	1.803368	-0.494720	0.340879	2.188174	-79.336652	-6.419568	174.526612
64858	3.204089	-9.665102	1.969521	-0.496896	0.383401	2.327008	-79.624108	-5.068841	174.554515
64859	3.452965	-9.614940	1.475843	-0.456103	0.345662	2.415195	-79.890349	-3.672484	174.606167
64860	3.460332	-9.637909	1.198569	-0.457456	0.452967	2.579433	-80.152458	-2.172208	174.606981
64861	2.978668	-9.452248	0.904041	-0.385017	0.504944	2.731907	-80.373593	-0.581535	174.586764
64862	3.029199	-7.193786	-0.076826	-0.195821	0.304946	2.607122	-80.485521	0.920253	174.663155
64863	6.803055	-3.288490	-1.162094	-0.241111	-0.134481	1.751957	-80.618875	1.896442	174.904081
64864	8.807040	-7.117241	-0.660982	-0.527485	0.119211	0.688964	-80.921190	2.296794	174.900306
64865	11.287047	-8.008000	0.097848	-0.289785	-0.308552	-0.631039	-81.084239	1.909661	175.018303
64866	10.519873	-6.493317	0.422845	-0.271684	-0.115593	-1.616667	-81.241788	0.983963	174.941756
64867	9.594083	-5.759154	0.515661	-0.103069	-0.267515	-2.581935	-81.302614	-0.505329	174.868389
64868	9.522879	-6.722840	0.436083	0.033501	-0.105501	-3.390294	-81.277360	-2.434815	174.634246
64869	8.202400	-7.664825	0.692308	0.328429	-0.008495	-4.003968	-81.068995	-4.707564	174.285845
64870	6.307037	-7.292032	0.832331	0.636306	0.052694	-4.289007	-80.660806	-7.129268	173.864003
64871	4.515164	-7.041320	0.726159	0.900666	-0.063540	-4.255982	-80.091715	-9.545463	173.487721
64872	3.453870	-7.083973	0.682247	1.144041	-0.298518	-4.042443	-79.389999	-11.855280	173.239545
64873	3.346151	-6.916646	0.649239	1.352652	-0.609952	-3.812962	-78.599435	-14.072746	173.163106
64874	4.130327	-6.642222	0.588467	1.501094	-0.899902	-3.672012	-77.759266	-16.237892	173.239774
64875	5.081462	-6.393727	0.535864	1.581052	-1.070932	-3.637868	-76.899159	-18.412557	173.387549
64876	6.394945	-6.069587	0.589521	1.645819	-1.143138	-3.704081	-76.005612	-20.629456	173.535975
64877	7.798300	-5.686232	0.598001	1.631782	-1.071730	-3.817498	-75.091991	-22.907669	173.588220
64878	8.857823	-5.393154	0.463593	1.542476	-0.913089	-3.975904	-74.163748	-25.243131	173.479656
64879	9.314493	-5.007083	0.277577	1.365117	-0.639594	-4.113852	-73.229540	-27.615923	173.133348
64880	8.789364	-5.032552	0.118228	1.140140	-0.370593	-4.178239	-72.297886	-29.965577	172.555713
64881	7.803502	-5.127484	-0.162551	0.881437	-0.175126	-4.122693	-71.408603	-32.249909	171.807735
64882	6.699774	-5.067617	-0.396030	0.611167	-0.124469	-3.930820	-70.621033	-34.403119	171.011936
64883	6.076735	-5.098101	-0.511480	0.322902	-0.219672	-3.670964	-70.018918	-36.434885	170.288213
64884	6.461864	-5.281143	-0.559716	0.020630	-0.425706	-3.433370	-69.663966	-38.365930	169.723445
64885	7.604115	-5.587784	-0.519902	-0.258810	-0.600866	-3.262572	-69.545811	-40.247237	169.298849
64886	9.105029	-5.931752	-0.294299	-0.497084	-0.680116	-3.172857	-69.595263	-42.087132	168.941389
64887	10.495972	-6.330942	-0.171049	-0.692213	-0.604403	-3.148451	-69.712950	-43.908486	168.528404
64888	11.119082	-6.695856	-0.123860	-0.843880	-0.417046	-3.150180	-69.799177	-45.684904	167.964644
64889	10.878508	-6.952492	-0.102273	-0.968986	-0.249196	-3.162938	-69.839133	-47.445184	167.251217
64890	10.316759	-7.236619	-0.109325	-1.080927	-0.137570	-3.142788	-69.845216	-49.163062	166.430027
64891	9.894727	-7.349362	-0.179962	-1.192228	-0.091475	-3.084124	-69.865407	-50.850459	165.561029
64892	9.760564	-7.311625	-0.272088	-1.319306	-0.041068	-2.979054	-69.907502	-52.461656	164.650993
64893	9.856146	-7.206550	-0.428889	-1.458019	0.042149	-2.856872	-69.965257	-54.001419	163.676704
64894	10.054910	-6.975138	-0.693483	-1.621788	0.152899	-2.738495	-70.019588	-55.446129	162.605121
64895	10.192239	-6.718468	-1.024862	-1.802537	0.250990	-2.650889	-70.083103	-56.835422	161.434554
64896	10.449677	-6.678220	-1.457866	-2.020298	0.280242	-2.621609	-70.202525	-58.193987	160.203943
64897	10.678911	-6.732292	-1.603369	-2.248469	0.291487	-2.627486	-70.394666	-59.565784	158.920341
64898	10.820240	-7.108351	-1.618661	-2.472542	0.350746	-2.613913	-70.606245	-60.910817	157.532225
64899	10.623562	-7.518885	-1.544084	-2.647572	0.463727	-2.566888	-70.767120	-62.221798	155.987117
64900	10.250703	-7.764839	-1.438319	-2.804196	0.597565	-2.466110	-70.838964	-63.444006	154.262036
64901	9.865735	-7.898807	-1.341059	-2.959375	0.696900	-2.355499	-70.857365	-64.598783	152.393566
64902	9.711875	-7.946811	-1.053243	-3.105513	0.756779	-2.244931	-70.842932	-65.672019	150.416627
64903	9.846699	-8.096524	-0.780625	-3.235533	0.833774	-2.146878	-70.764169	-66.687302	148.301625
64904	10.172502	-8.238810	-0.579194	-3.309102	0.998536	-2.036464	-70.461616	-67.598475	145.915841
64905	10.301945	-8.371743	-0.462405	-3.344962	1.243305	-1.911991	-69.803447	-68.397137	143.136817
64906	9.898882	-8.408281	-0.501495	-3.333861	1.520562	-1.762781	-68.704333	-69.033551	139.907370
64907	9.143547	-8.124239	-0.530457	-3.305145	1.746918	-1.610238	-67.233469	-69.523464	136.308450
64908	8.544631	-8.075043	-0.551735	-3.329017	1.885097	-1.404119	-65.599450	-69.829106	132.532075
64909	8.157979	-8.105041	-0.661577	-3.347524	1.969141	-1.200376	-63.927230	-69.979746	128.707894
64910	8.402475	-8.467680	-0.717152	-3.361317	2.008668	-1.027112	-62.305304	-69.984561	124.932081
64911	8.764982	-8.951091	-0.831806	-3.333345	2.066573	-0.944808	-60.656411	-69.903763	121.142715
64912	8.731925	-9.120944	-0.844898	-3.292365	2.062561	-0.986832	-58.983947	-69.798738	117.352000
64913	8.622701	-9.081719	-1.067239	-3.247803	2.016822	-1.128489	-57.252914	-69.745719	113.523478
64914	8.001930	-8.985205	-1.191478	-3.212092	1.981975	-1.266104	-55.444608	-69.720653	109.634119
64915	7.166755	-9.234322	-1.351205	-3.219315	1.843547	-1.357875	-53.733569	-69.750387	105.843664
64916	7.304549	-10.182299	-1.531991	-3.235497	1.536709	-1.527171	-52.238617	-69.919456	102.276352
64917	7.976477	-10.816812	-1.480737	-3.166071	1.258939	-1.869113	-50.644632	-70.314460	98.652195
64918	7.748718	-11.105152	-1.311200	-3.013467	1.147037	-2.220569	-48.611775	-70.858738	94.666298
64919	6.529710	-11.302978	-1.008798	-2.774454	1.113520	-2.378507	-46.120997	-71.435891	90.354669
64920	4.816019	-11.323787	-0.655620	-2.513832	1.072874	-2.256679	-43.483228	-71.911537	86.058901
64921	3.101988	-11.477207	-0.371022	-2.253145	0.939930	-1.862672	-41.213060	-72.238126	82.316230
64922	-2.452314	-11.247127	-1.347815	-2.257001	0.609906	-0.816371	-40.686261	-72.281152	80.405453
64923	-2.209879	-12.099207	-1.083989	-1.912710	-0.631517	-0.146016	-42.344742	-72.612168	80.995473
64924	0.802543	-10.599463	-0.227693	-2.041125	-1.038042	0.349471	-45.307070	-72.903020	82.872703
64925	4.210476	-12.268366	-0.472023	-1.603818	-1.307873	0.727425	-48.958751	-73.110919	85.729923
64926	5.869657	-11.593919	0.441255	-1.568587	-1.209358	1.063901	-52.892216	-73.074816	88.901710
64927	6.765441	-11.365893	0.303534	-1.406371	-0.947154	1.258532	-56.511073	-72.801994	91.843780
64928	6.890416	-7.160602	1.377615	-1.152860	-0.785779	1.112576	-59.476025	-72.500344	94.258023
64929	15.237293	-7.692079	8.513512	-1.546283	-1.422579	0.504563	-63.095677	-72.639461	97.122689
64930	26.354575	-14.015391	0.175365	-0.361861	-1.745322	0.172336	-66.363314	-72.977509	100.326074
64931	3.409052	0.769481	0.874235	0.256823	1.774128	0.026748	-63.288017	-72.531199	97.259685
64932	6.937324	-3.441306	6.241726	0.108761	-0.956379	0.682621	-65.327137	-72.416621	99.463443
64933	14.073314	-3.371658	-4.164950	0.440892	-1.016549	0.240645	-66.950896	-72.526000	101.430715
64934	9.996780	-3.644419	1.850072	-0.165055	0.590080	0.383958	-66.344417	-72.190321	100.695123
64935	9.563150	-4.082165	0.675389	0.310606	-0.323474	0.106106	-66.785477	-72.208202	101.344743
64936	9.305366	-2.258982	1.759512	0.020560	0.150681	0.193708	-66.664440	-72.072446	101.230005
64937	8.083021	-2.688459	1.714995	0.110248	-0.286110	0.228848	-67.239125	-72.015833	101.899977
64938	9.195003	-2.501840	0.787639	0.010776	-0.262463	0.272382	-67.843943	-71.929361	102.542561
64939	8.668925	-2.871011	1.455659	0.017498	-0.295637	0.303861	-68.525894	-71.830430	103.270102
64940	8.820487	-2.839356	1.639778	0.052706	-0.357544	0.356326	-69.299941	-71.713946	104.116885
64941	8.437587	-2.571369	1.463935	0.076563	-0.486643	0.387982	-70.290190	-71.601208	105.205812
64942	9.062446	-2.868391	0.917112	-0.035645	-0.607288	0.436635	-71.541526	-71.478833	106.503541
64943	9.109461	-3.268814	1.049148	0.050150	-0.540736	0.441130	-72.633046	-71.333024	107.684946
64944	9.050309	-2.544263	0.204981	-0.043708	-0.709325	0.437004	-74.019191	-71.210047	109.122188
64945	10.284044	-4.144552	-0.121083	-0.111883	-0.522324	0.430205	-75.131872	-71.051262	110.229760
64946	10.541078	-4.453722	1.040917	0.049475	-0.378647	0.353158	-75.860704	-70.909964	111.030710
64947	10.002492	-4.118862	0.190305	0.195887	-0.282823	0.244711	-76.311480	-70.811864	111.626093
64948	9.522819	-3.537147	0.362743	0.218415	-0.151027	0.200452	-76.505614	-70.720828	111.964294
64949	9.800668	-3.639514	0.016651	0.269147	-0.146865	0.143764	-76.652253	-70.659166	112.282490
64950	9.586365	-3.408928	-0.196321	0.228558	0.027285	0.101563	-76.517289	-70.599198	112.278290
64951	9.348826	-3.442190	0.089654	0.197805	0.078547	0.073162	-76.320762	-70.546809	112.189456
64952	9.260163	-3.225526	0.469198	0.168455	0.121368	0.064651	-76.059160	-70.494503	112.014400
64953	9.272780	-3.295123	0.515958	0.118337	0.104757	0.065464	-75.865898	-70.442509	111.880639
64954	9.034561	-3.358175	0.899888	0.110848	0.107610	0.050638	-75.655247	-70.399488	111.724520
64955	9.022035	-3.344637	0.799097	0.097436	0.020191	0.053561	-75.602344	-70.365845	111.726972
64956	9.073569	-3.089830	0.720302	0.094780	0.015163	0.054674	-75.547145	-70.333610	111.726074
64957	9.234155	-3.199606	0.361866	0.049211	0.003829	0.069206	-75.553587	-70.293616	111.762205
64958	9.348229	-3.209754	0.324061	0.017235	0.101789	0.069247	-75.414845	-70.240857	111.625350
64959	8.965696	-3.244890	0.922350	-0.003372	0.123848	0.096631	-75.277959	-70.168331	111.477133
64960	9.230940	-3.381024	0.514066	0.024069	0.068332	0.100516	-75.200793	-70.102935	111.409799
64961	9.461051	-3.587163	0.376022	0.018996	0.143145	0.101704	-75.025585	-70.024548	111.234304
64962	9.407088	-3.614311	0.508884	0.052516	0.207261	0.075801	-74.712655	-69.951896	110.933340
64963	9.234537	-3.418710	0.620558	0.058047	0.244205	0.048361	-74.343762	-69.886894	110.575259
64964	9.200337	-3.427685	0.631353	0.052086	0.262241	0.047246	-73.940884	-69.820072	110.177964
64965	9.099735	-3.327363	0.870883	0.042891	0.284525	0.040456	-73.521992	-69.751235	109.757018
64966	8.915444	-3.197294	0.947232	0.043320	0.256186	0.061464	-73.144838	-69.675679	109.381436
64967	8.988535	-3.223915	0.934141	0.034520	0.222846	0.104858	-72.856504	-69.580033	109.094197
64968	9.028745	-3.432652	0.964094	0.022683	0.206754	0.122340	-72.596983	-69.478207	108.831105
64969	8.955385	-3.259171	1.100939	0.024741	0.166730	0.146516	-72.420147	-69.368596	108.656575
64970	9.203373	-3.515946	0.785725	0.043157	0.123468	0.165143	-72.293564	-69.257270	108.547750
64971	9.126032	-3.477760	0.968965	0.010070	0.162591	0.151481	-72.136756	-69.145354	108.385376
64972	9.039181	-3.528073	0.959533	0.012759	0.106809	0.139469	-72.042032	-69.050782	108.291856
64973	9.184275	-3.416392	0.860328	0.016035	0.107661	0.131501	-71.953260	-68.959243	108.205785
64974	9.009131	-3.530171	1.012156	-0.007539	0.133886	0.123133	-71.826069	-68.868629	108.064890
64975	8.964113	-3.416064	1.064749	0.001806	0.083220	0.121628	-71.776812	-68.786726	108.012329
64976	9.099228	-3.559779	0.865699	-0.000902	0.081187	0.125634	-71.722406	-68.704084	107.953450
64977	9.019060	-3.395414	1.012587	-0.001674	0.093245	0.139501	-71.670254	-68.610611	107.895563
64978	9.025527	-3.612499	1.015487	-0.011029	0.079297	0.152934	-71.637674	-68.513427	107.853825
64979	8.997687	-3.620075	0.985968	-0.007462	0.066148	0.131998	-71.623547	-68.428893	107.833160
64980	9.120126	-3.669423	0.940411	-0.010454	0.052266	0.112801	-71.609929	-68.358405	107.812122
64981	9.085158	-3.682822	0.931100	-0.010733	0.085399	0.084186	-71.549934	-68.296353	107.740047
64982	9.113676	-3.587707	1.000669	-0.006185	0.076747	0.080795	-71.486341	-68.238797	107.667825
64983	9.089113	-3.720589	0.968223	-0.015698	0.091415	0.069073	-71.414914	-68.183786	107.580301
64984	8.997374	-3.632290	1.010688	-0.006018	0.081317	0.047918	-71.330735	-68.143177	107.485953
64985	9.080339	-3.566389	0.943474	-0.006565	0.084069	0.056997	-71.259268	-68.095963	107.403955
64986	8.983472	-3.603021	1.069899	-0.015604	0.098326	0.060757	-71.164242	-68.045152	107.291932
64987	8.931276	-3.500999	1.106527	-0.009946	0.067266	0.064336	-71.121370	-67.996986	107.238612
64988	8.907726	-3.494626	1.108846	-0.025971	0.051519	0.093453	-71.110718	-67.937060	107.211121
64989	8.896111	-3.595415	1.151835	-0.030221	0.033330	0.097825	-71.140384	-67.877020	107.223498
64990	8.883597	-3.524496	1.186361	-0.031217	-0.005478	0.111301	-71.216755	-67.817962	107.286697
64991	8.974548	-3.676658	1.070876	-0.047279	-0.027690	0.115314	-71.344667	-67.759629	107.394641
64992	8.922055	-3.579678	1.096119	-0.037465	-0.038884	0.119770	-71.471780	-67.701979	107.508856
64993	8.994046	-3.711009	1.009112	-0.041050	-0.051062	0.123686	-71.629506	-67.643132	107.652970
64994	8.979438	-3.739854	0.990306	-0.033724	-0.046072	0.116255	-71.761129	-67.588472	107.774474
64995	8.994929	-3.681960	0.968004	-0.027419	-0.041962	0.113535	-71.893269	-67.533247	107.899461
64996	9.002554	-3.756757	0.995716	-0.039930	-0.037435	0.104878	-72.011017	-67.483044	108.002194
64997	9.008711	-3.797076	0.979716	-0.034225	-0.047430	0.083839	-72.140526	-67.444757	108.120189
64998	8.976603	-3.718111	0.973745	-0.035827	-0.029815	0.074956	-72.232434	-67.409380	108.197544
64999	8.945030	-3.721155	0.988127	-0.035754	-0.026914	0.077826	-72.332724	-67.370622	108.282992
65000	8.982906	-3.838130	1.007615	-0.020059	-0.046884	0.070421	-72.435513	-67.340579	108.381967
65001	9.016963	-3.763785	0.911555	-0.022790	-0.031847	0.049421	-72.522568	-67.318064	108.461152
65002	8.939173	-3.738312	0.976305	-0.024820	-0.019034	0.050144	-72.582918	-67.294208	108.511206
65003	8.959443	-3.790041	1.018712	-0.014123	-0.032287	0.046992	-72.664323	-67.273011	108.589670
65004	9.012300	-3.735764	0.892593	-0.005933	-0.027563	0.037314	-72.719537	-67.257581	108.645903
65005	8.996492	-3.743168	0.998714	-0.015580	-0.008796	0.043933	-72.769678	-67.233992	108.689575
65006	8.942687	-3.826938	0.965467	-0.006734	-0.015574	0.039616	-72.810486	-67.215232	108.729702
65007	9.001089	-3.748496	0.941328	0.003008	-0.022666	0.032995	-72.863497	-67.199936	108.788046
65008	8.920429	-3.778026	0.950253	-0.006409	-0.011947	0.032439	-72.896388	-67.184469	108.819797
65009	8.989999	-3.805186	0.968268	0.006459	-0.023429	0.031444	-72.947687	-67.170109	108.878436
65010	8.958247	-3.770293	0.941615	-0.003564	-0.017532	0.028902	-72.984709	-67.157499	108.916444
65011	9.006412	-3.831926	0.932784	-0.003959	-0.030416	0.019729	-73.046313	-67.150680	108.979795
65012	9.006079	-3.792113	0.920662	-0.001239	-0.022580	0.009941	-73.080984	-67.149279	109.016702
65013	8.937280	-3.801709	0.942376	-0.014933	-0.014193	0.002685	-73.121028	-67.149055	109.049831
65014	8.966343	-3.764990	0.912222	-0.000385	-0.027517	-0.000536	-73.157500	-67.154201	109.089223
65015	8.986556	-3.778824	0.911929	-0.004949	-0.024723	-0.002955	-73.203348	-67.158788	109.134853
65016	8.975805	-3.755283	0.887252	0.002063	-0.018695	0.005014	-73.229138	-67.159410	109.164173
65017	8.959716	-3.767071	0.960598	-0.007681	-0.007446	0.000599	-73.255491	-67.159169	109.186947
65018	8.959846	-3.808353	0.968757	-0.003113	-0.020727	0.000606	-73.285171	-67.162534	109.217269
65019	9.025026	-3.773713	0.866079	-0.007395	-0.023070	-0.006105	-73.329117	-67.168522	109.259307
65020	8.998616	-3.801932	0.925613	-0.012011	-0.014413	-0.014283	-73.349877	-67.179008	109.274418
65021	8.939770	-3.799685	0.926791	-0.010474	-0.022087	-0.022288	-73.388082	-67.193697	109.308305
65022	8.980538	-3.743323	0.909769	-0.010551	-0.014523	-0.022771	-73.404887	-67.208856	109.320030
65023	8.950781	-3.786110	0.902442	-0.012310	-0.015608	-0.023446	-73.435317	-67.223103	109.344336
65024	8.982481	-3.739489	0.906357	-0.005804	-0.013191	-0.019858	-73.448836	-67.236440	109.355444
65025	8.916465	-3.739260	0.962582	-0.002312	-0.009322	-0.013231	-73.469352	-67.244038	109.375204
65026	8.943951	-3.750383	0.909283	0.001446	-0.019374	-0.008037	-73.491437	-67.251886	109.400105
65027	8.935311	-3.718218	0.919130	-0.001373	-0.005010	-0.007360	-73.508075	-67.255544	109.416241
65028	8.957368	-3.724049	0.954144	-0.003795	-0.007512	0.000538	-73.520964	-67.256747	109.427913
65029	8.953551	-3.739746	0.886175	-0.001676	-0.008651	-0.000195	-73.545333	-67.257051	109.452243
65030	8.966442	-3.755802	0.941777	-0.004080	-0.002371	0.004838	-73.553313	-67.255054	109.458415
65031	8.975110	-3.746783	0.921182	-0.002606	0.003852	0.009810	-73.565706	-67.247823	109.469178
65032	8.897049	-3.766492	0.966084	-0.008685	0.012615	0.010126	-73.558730	-67.240490	109.456271
65033	9.008225	-3.800301	0.824643	0.009333	-0.024887	0.016818	-73.604619	-67.234050	109.510776
