// General information: 
//  MT Manager version: 2022.2.0 
//  XDA version: 2022.2.0 build 7381 rev 124627 built on 2023-07-19
// Device information: 
//  DeviceId: 00B4BB4F
//  ProductCode: MTW2-3A7G6
//  Firmware Version: 4.6.0
//  Hardware Version: 2.0.0
// Device settings: 
//  Filter Profile: human(46.1)
//  Option Flags: Orientation Smoother Disabled, Position/Velocity Smoother Disabled, Continuous Zero Rotation Update Disabled, AHS Disabled, ICC Disabled
// Coordinate system: ENU
PacketCounter	Acc_X	Acc_Y	Acc_Z	Gyr_X	Gyr_Y	Gyr_Z	Roll	Pitch	Yaw
42599	8.872848	-3.818690	1.367640	-0.018113	-0.011348	-0.007368	-69.830959	-65.412261	41.946897
42600	8.893895	-3.773567	1.341776	-0.016628	-0.019407	-0.009302	-69.859827	-65.421490	41.968208
42601	8.918107	-3.838418	1.362330	-0.018616	-0.013416	-0.011014	-69.882205	-65.430564	41.979043
42602	8.895448	-3.772850	1.361997	-0.020350	-0.016375	-0.007448	-69.910469	-65.438189	41.997340
42603	8.886363	-3.795480	1.408189	-0.020839	-0.018461	-0.009288	-69.940711	-65.447204	42.022529
42604	8.886960	-3.794946	1.405860	-0.020365	-0.016356	-0.009258	-69.968213	-65.455792	42.039977
42605	8.876253	-3.815604	1.354096	-0.024334	-0.024342	-0.005771	-70.009087	-65.464155	42.068295
42606	8.898955	-3.825706	1.350235	-0.026128	-0.027225	-0.009431	-70.052680	-65.474954	42.099799
42607	8.932650	-3.814152	1.370617	-0.030470	-0.031779	-0.009504	-70.103857	-65.486732	42.137602
42608	8.911348	-3.855957	1.292914	-0.027939	-0.030086	-0.014905	-70.149602	-65.501016	42.170325
42609	8.995905	-3.784313	1.169201	-0.021498	0.013905	-0.025014	-70.135414	-65.512253	42.141490
42610	8.685652	-3.775287	1.518494	-0.020885	0.041444	-0.028166	-70.086836	-65.519743	42.075004
42611	8.750269	-3.695187	1.519812	-0.004834	-0.015244	-0.027353	-70.096491	-65.537900	42.083729
42612	8.783764	-3.734749	1.442862	-0.021824	-0.022615	-0.014809	-70.129985	-65.550679	42.106829
42613	8.850634	-3.764439	1.412402	-0.017887	-0.054472	-0.013566	-70.199631	-65.569057	42.171456
42614	8.948721	-3.780781	1.307429	-0.023951	-0.042058	-0.013347	-70.258143	-65.584796	42.220688
42615	8.928908	-3.824034	1.302499	-0.019141	-0.035395	-0.013244	-70.306104	-65.599294	42.259384
42616	8.950635	-3.778953	1.299590	-0.020650	-0.027319	-0.013101	-70.345413	-65.612023	42.289596
42617	8.897270	-3.780187	1.321941	-0.010867	-0.028472	-0.005918	-70.383796	-65.621175	42.324454
42618	8.941965	-3.800522	1.318257	-0.010979	-0.014057	-0.007462	-70.404217	-65.628297	42.340008
42619	8.910439	-3.812216	1.341538	-0.012160	-0.009353	-0.009182	-70.418926	-65.635521	42.348309
42620	8.909577	-3.757209	1.341385	-0.008019	-0.015860	-0.003890	-70.441334	-65.641056	42.367903
42621	8.877440	-3.768757	1.339880	-0.009761	-0.018805	-0.002135	-70.468963	-65.646238	42.395467
42622	8.867398	-3.790832	1.337202	-0.006127	-0.027374	-0.000499	-70.505481	-65.652138	42.431739
42623	8.985257	-3.763671	1.235535	-0.002972	-0.018112	-0.002142	-70.528484	-65.657205	42.456298
42624	8.856214	-3.758172	1.335465	-0.002817	0.007281	-0.001663	-70.521257	-65.657103	42.446635
42625	8.888284	-3.745593	1.310828	-0.002634	-0.001568	-0.005445	-70.522967	-65.660760	42.449605
42626	8.868613	-3.790782	1.358756	-0.005501	0.000124	0.000016	-70.526533	-65.661118	42.450100
42627	8.900670	-3.778449	1.333502	-0.002721	-0.007112	-0.001935	-70.535978	-65.664001	42.458187
42628	8.900304	-3.777751	1.308411	-0.008568	-0.003595	-0.001854	-70.544954	-65.666079	42.462691
42629	8.890503	-3.800457	1.331855	-0.006443	-0.004088	-0.000061	-70.553931	-65.667303	42.471581
42630	8.879388	-3.768727	1.356534	-0.003154	-0.009263	0.001639	-70.568052	-65.668575	42.485136
42631	8.911443	-3.756601	1.330655	-0.002808	-0.012657	0.001572	-70.585783	-65.670598	42.503399
42632	8.913479	-3.811714	1.352271	-0.004625	-0.015513	-0.003901	-70.605891	-65.676049	42.522599
42633	8.902923	-3.832732	1.326455	-0.001490	-0.006227	-0.007346	-70.611645	-65.681628	42.530373
42634	8.826871	-3.822608	1.327405	0.002029	-0.014660	-0.016557	-70.621609	-65.693754	42.542623
42635	8.997007	-3.735479	1.154275	0.002574	-0.001352	-0.032572	-70.608495	-65.712078	42.529995
42636	8.807471	-3.755241	1.428296	-0.013270	0.046383	-0.029804	-70.548519	-65.719736	42.455898
42637	8.796108	-3.719793	1.405819	0.003456	-0.022621	-0.025757	-70.563326	-65.738343	42.479354
42638	8.872764	-3.725640	1.353679	-0.018943	-0.004420	-0.019925	-70.571608	-65.750342	42.476575
42639	8.853004	-3.768324	1.350813	-0.009816	-0.033000	-0.018699	-70.609482	-65.767139	42.515072
42640	8.962055	-3.763003	1.296747	-0.021356	-0.020520	-0.014810	-70.640669	-65.779435	42.535895
42641	8.941185	-3.804703	1.244541	-0.014727	-0.025274	-0.018543	-70.672133	-65.794677	42.563532
42642	8.910530	-3.762790	1.341631	-0.013709	-0.015515	-0.021972	-70.689948	-65.809888	42.574494
42643	8.922284	-3.792204	1.289419	-0.015585	-0.023940	-0.022139	-70.718839	-65.826856	42.596349
42644	8.933891	-3.767932	1.287368	-0.017206	-0.015749	-0.031017	-70.735170	-65.847000	42.603485
42645	8.923408	-3.733067	1.286630	-0.011196	-0.013806	-0.027382	-70.747242	-65.864796	42.614572
42646	8.893183	-3.744022	1.334398	-0.012325	-0.009173	-0.023669	-70.755963	-65.879722	42.616433
42647	8.903357	-3.718800	1.284560	-0.007718	-0.013549	-0.020157	-70.768721	-65.893614	42.627521
42648	8.905260	-3.718730	1.331946	-0.009274	-0.011071	-0.012865	-70.782562	-65.903052	42.636905
42649	8.928924	-3.781988	1.303655	-0.008549	-0.017881	-0.011200	-70.804799	-65.912957	42.655467
42650	8.885928	-3.760998	1.328054	-0.010115	-0.009760	-0.014647	-70.816805	-65.923110	42.662312
42651	8.831156	-3.707645	1.353303	-0.004895	-0.026445	-0.009584	-70.848348	-65.933789	42.690858
42652	8.843143	-3.738581	1.325058	-0.008778	-0.028881	-0.011435	-70.884149	-65.945792	42.724599
42653	8.854172	-3.715889	1.322201	-0.000003	-0.039761	-0.002650	-70.931772	-65.955122	42.777583
42654	8.822456	-3.675523	1.393565	0.000879	-0.046741	0.011671	-70.993471	-65.957925	42.845738
42655	8.921154	-3.748610	1.310360	-0.003444	-0.076822	0.020080	-71.097485	-65.961790	42.958292
42656	8.995478	-3.756545	1.204156	-0.002769	-0.063692	0.018534	-71.184768	-65.963924	43.052167
42657	8.973894	-3.748802	1.224337	-0.007407	-0.045020	0.022571	-71.253315	-65.960442	43.122550
42658	8.930042	-3.730828	1.246471	-0.000995	-0.040898	0.020814	-71.312787	-65.957053	43.187090
42659	8.973926	-3.753431	1.241201	-0.002140	-0.036242	0.022726	-71.367719	-65.951716	43.251819
42660	8.972889	-3.807973	1.163704	0.002284	-0.026153	0.021114	-71.407454	-65.945420	43.296808
42661	8.906656	-3.726182	1.239507	0.006359	-0.012671	0.019581	-71.427509	-65.937501	43.325601
42662	8.907419	-3.729316	1.287159	0.006290	-0.018220	0.023073	-71.456059	-65.928677	43.360858
42663	8.951015	-3.805302	1.233303	0.003620	-0.025382	0.024733	-71.495313	-65.920288	43.407780
42664	8.982136	-3.794946	1.206608	-0.002510	-0.012928	0.021427	-71.521752	-65.911381	43.435209
42665	8.938604	-3.777606	1.256249	-0.003181	-0.006165	0.023389	-71.540954	-65.900269	43.453002
42666	8.959211	-3.789442	1.230109	-0.004940	-0.009090	0.023331	-71.564855	-65.889621	43.476129
42667	8.914963	-3.771465	1.255515	-0.006131	-0.004384	0.021634	-71.583087	-65.879019	43.497832
42668	8.934908	-3.782522	1.205025	-0.007890	-0.007308	0.021576	-71.605770	-65.868997	43.517776
42669	8.914068	-3.776350	1.278547	-0.010168	0.002006	0.025414	-71.619497	-65.855247	43.528097
42670	8.889659	-3.767007	1.230156	-0.006551	-0.006540	0.025197	-71.641903	-65.843112	43.548583
42671	8.878381	-3.791435	1.229046	-0.009475	-0.004782	0.025252	-71.663627	-65.830693	43.566190
42672	8.878377	-3.794004	1.252683	-0.012554	-0.002874	0.014466	-71.680684	-65.823729	43.577046
42673	8.920095	-3.760988	1.226903	-0.013152	-0.010480	0.014294	-71.707401	-65.818333	43.596838
42674	8.953392	-3.805335	1.223396	-0.019815	-0.005673	0.014440	-71.731980	-65.811881	43.611380
42675	8.952147	-3.806253	1.197964	-0.016739	-0.001958	0.016314	-71.750686	-65.803806	43.621245
42676	8.928974	-3.743451	1.224449	-0.022064	0.009242	0.011180	-71.757175	-65.796449	43.614543
42677	8.906900	-3.788176	1.199462	-0.020775	0.010059	0.011190	-71.761407	-65.788991	43.606662
42678	8.907701	-3.790813	1.248770	-0.018885	0.018481	0.011374	-71.754976	-65.779872	43.587790
42679	8.885728	-3.782439	1.274365	-0.020878	0.004534	0.012863	-71.767027	-65.772526	43.587056
42680	8.982449	-3.802163	1.221478	-0.024350	-0.001363	0.016354	-71.789710	-65.764255	43.596675
42681	8.916929	-3.826983	1.221940	-0.030985	0.009051	0.009403	-71.800577	-65.757964	43.589582
42682	8.980705	-3.804148	1.196384	-0.028277	0.016184	0.009555	-71.801590	-65.750252	43.572968
42683	8.991120	-3.836837	1.171702	-0.035598	0.033388	0.002767	-71.783308	-65.743260	43.529046
42684	8.925076	-3.806899	1.201112	-0.029863	0.044287	0.001186	-71.747989	-65.735059	43.471582
42685	8.958292	-3.849933	1.202011	-0.028544	0.050712	-0.005902	-71.701578	-65.729583	43.404915
42686	8.992441	-3.945652	1.177629	-0.018449	0.057495	-0.022052	-71.634551	-65.731600	43.319838
42687	8.969652	-3.877946	1.185562	-0.000663	0.069237	-0.041727	-71.535055	-65.742226	43.209424
42688	8.969268	-3.819154	1.194520	0.006025	0.089987	-0.052129	-71.402586	-65.754545	43.067963
42689	8.907047	-3.839860	1.277243	0.013711	0.094947	-0.055686	-71.258187	-65.767806	42.918887
42690	8.939508	-3.820906	1.237342	0.020001	0.099230	-0.068300	-71.099613	-65.786892	42.757615
42691	8.908000	-3.773383	1.298442	0.022862	0.111810	-0.064457	-70.925701	-65.801419	42.582462
42692	8.855081	-3.769165	1.334764	0.025706	0.110163	-0.071787	-70.748746	-65.819941	42.404665
42693	8.900623	-3.783017	1.343629	0.025099	0.102584	-0.073814	-70.580171	-65.840822	42.237327
42694	8.871473	-3.841666	1.352009	0.024334	0.095246	-0.092117	-70.412708	-65.872744	42.069134
42695	8.907849	-3.873937	1.334533	0.033469	0.078074	-0.117874	-70.249569	-65.921730	41.912824
42696	9.018380	-3.854072	1.195366	0.039840	0.093624	-0.148423	-70.049509	-65.983894	41.718790
42697	9.054584	-3.774212	1.257414	0.055176	0.129138	-0.165953	-69.789023	-66.048221	41.470700
42698	8.994844	-3.782898	1.296604	0.059185	0.142683	-0.171289	-69.505905	-66.112197	41.198122
42699	8.979783	-3.810776	1.336010	0.074908	0.154953	-0.191178	-69.188572	-66.183833	40.899380
42700	9.051536	-3.820100	1.303262	0.079636	0.173082	-0.223757	-68.829049	-66.268402	40.556424
42701	9.076704	-3.700592	1.399094	0.088449	0.204544	-0.245319	-68.413641	-66.357017	40.159664
42702	8.986460	-3.713993	1.445432	0.080018	0.212016	-0.258320	-67.984291	-66.449726	39.741214
42703	9.074605	-3.803283	1.391220	0.085043	0.215623	-0.282298	-67.532787	-66.553192	39.301760
42704	9.060515	-3.767672	1.513926	0.106526	0.249913	-0.304069	-67.011401	-66.658966	38.800221
42705	9.656289	-3.486543	1.322531	0.109799	0.191586	-0.276069	-66.570168	-66.761428	38.395133
42706	9.741798	-3.943520	1.023706	0.066183	0.335465	-0.198649	-66.016003	-66.788772	37.833409
42707	6.379365	-7.406717	-1.476010	-0.138945	0.247871	0.240098	-65.925592	-66.605677	37.654630
42708	4.968664	-9.336433	-1.582191	0.337319	-0.121223	0.100336	-65.933497	-66.581926	37.873889
42709	8.346981	-8.062870	-1.362419	0.384267	-0.365434	0.054313	-66.186401	-66.638755	38.395480
42710	7.748073	-8.263361	-1.525429	0.507443	-0.271918	0.014469	-66.234412	-66.694425	38.764453
42711	7.647263	-7.454219	-1.628173	0.441786	-0.405706	-0.023972	-66.465304	-66.800570	39.291156
42712	7.816729	-7.187775	-1.459162	0.395663	-0.441199	-0.047095	-66.757057	-66.926095	39.854997
42713	8.457072	-6.883175	-1.256713	0.301893	-0.420460	-0.047534	-67.081845	-67.045877	40.393401
42714	9.220028	-6.364146	-0.941143	0.183218	-0.257668	0.017321	-67.308210	-67.094356	40.753215
42715	8.371037	-5.512397	-0.598918	0.027197	-0.150029	0.020965	-67.492938	-67.116530	40.969890
42716	8.817196	-5.394369	-0.839221	-0.145098	-0.042176	0.046959	-67.653833	-67.101282	41.054342
42717	8.950969	-5.289346	-0.389321	-0.268395	0.039743	-0.000659	-67.759110	-67.093186	41.001706
42718	8.570567	-5.064192	-0.367601	-0.397312	0.121771	-0.061261	-67.803011	-67.099699	40.802283
42719	8.099708	-5.113857	-0.227307	-0.491723	0.067669	-0.103594	-67.948505	-67.140259	40.654434
42720	8.006232	-5.034645	-0.078347	-0.558933	-0.010877	-0.114073	-68.225097	-67.203623	40.607116
42721	8.155353	-4.957166	0.180771	-0.590770	-0.079234	-0.110497	-68.610667	-67.279344	40.658206
42722	8.439266	-4.891874	0.628745	-0.583566	-0.104076	-0.088383	-69.034855	-67.348504	40.755612
42723	8.655359	-4.856742	0.955976	-0.551155	-0.089426	-0.028985	-69.453497	-67.382313	40.867081
42724	8.884800	-4.490444	1.347554	-0.489351	-0.058475	-0.005448	-69.807273	-67.397296	40.946635
42725	8.997329	-3.835711	1.664008	-0.457453	-0.015327	-0.016014	-70.083737	-67.409022	40.962228
42726	9.238321	-3.131239	1.989072	-0.483484	0.004907	-0.045488	-70.333771	-67.432985	40.933050
42727	9.418787	-2.605226	2.070642	-0.561016	0.047914	-0.072870	-70.561347	-67.463235	40.831453
42728	9.405861	-2.158161	2.185209	-0.675117	0.115776	-0.085513	-70.758718	-67.487886	40.626411
42729	9.607706	-2.116871	2.111464	-0.770648	0.224407	-0.077078	-70.874282	-67.487463	40.273572
42730	9.887121	-1.726860	2.294416	-0.856407	0.393171	-0.085173	-70.813898	-67.460029	39.677031
42731	9.918964	-1.519031	2.342597	-0.949454	0.552944	-0.078143	-70.604863	-67.397782	38.861569
42732	9.773926	-1.350861	2.454529	-1.023831	0.676149	-0.080728	-70.279913	-67.312070	37.873907
42733	9.622106	-1.333154	2.733834	-1.062971	0.746421	-0.094872	-69.887008	-67.217703	36.787586
42734	9.873944	-1.238041	3.128540	-1.028853	0.798706	-0.131424	-69.395504	-67.129483	35.614788
42735	9.716396	-1.223358	3.594189	-0.965436	0.886616	-0.157153	-68.752029	-67.032419	34.315624
42736	9.491722	-1.212968	3.863512	-0.877475	0.871700	-0.182710	-68.071105	-66.946391	33.029670
42737	9.621575	-1.054119	4.483368	-0.701937	0.869077	-0.235934	-67.273615	-66.882594	31.725596
42738	9.312141	-0.787425	5.226858	-0.559915	0.813483	-0.266714	-66.451442	-66.840377	30.482677
42739	8.860077	-0.727613	5.966953	-0.317190	0.565668	-0.330523	-65.761464	-66.882627	29.534735
42740	8.491616	0.117274	6.329162	-0.104038	0.196147	-0.295974	-65.416627	-66.991014	29.095199
42741	9.029388	-0.089490	6.378018	0.156324	-0.086765	-0.090828	-65.383507	-67.059428	29.156543
42742	11.958535	2.913555	7.517165	0.371740	0.026143	-0.160559	-65.047547	-67.137082	29.023098
42743	9.051041	3.141619	5.764052	0.160228	0.175095	0.003251	-64.742939	-67.093290	28.792153
42744	6.054542	-1.192930	2.001600	-0.288549	-0.292135	0.416632	-65.503673	-66.947549	29.438924
42745	9.574679	-3.454211	1.495977	-0.179292	-0.532618	0.457961	-66.510101	-66.832419	30.421511
42746	10.036182	-4.956602	0.560959	-0.293093	-0.222363	0.374213	-67.147753	-66.685842	30.932758
42747	7.848075	-3.943811	2.545355	-0.056544	-0.194213	0.180981	-67.511138	-66.633545	31.293286
42748	8.853596	-3.425368	1.942171	-0.182581	-0.577011	0.162265	-68.407063	-66.671837	32.155213
42749	9.853152	-4.258018	0.438923	-0.171863	-0.479091	0.153462	-69.173389	-66.689655	32.882518
42750	9.321343	-3.622418	1.049033	-0.095290	-0.280013	0.108834	-69.627994	-66.688126	33.318124
42751	9.342571	-3.688374	0.816884	-0.075195	-0.218753	0.106726	-69.993398	-66.674469	33.669155
42752	9.319883	-3.823093	0.951874	-0.062349	-0.106341	0.091304	-70.203743	-66.646412	33.859384
42753	9.404166	-4.046794	0.738424	-0.027079	-0.035747	0.045272	-70.284674	-66.629404	33.930680
42754	9.325422	-3.931287	0.881365	0.017572	0.102638	-0.015560	-70.140185	-66.618276	33.784283
42755	9.005647	-3.777247	1.279577	0.044346	0.147497	-0.036421	-69.915147	-66.609505	33.566824
42756	8.957513	-3.696410	1.280555	0.062251	0.143283	-0.042930	-69.682315	-66.604633	33.352047
42757	8.957812	-3.569696	1.364981	0.065598	0.154380	-0.038371	-69.435971	-66.594825	33.124617
42758	8.845588	-3.583663	1.448332	0.062034	0.147792	-0.029968	-69.204019	-66.581380	32.910632
42759	8.749512	-3.565260	1.609135	0.051216	0.110850	-0.024047	-69.026866	-66.572095	32.749588
42760	8.773244	-3.564435	1.569221	0.034091	0.059028	-0.023159	-68.924048	-66.572745	32.658865
42761	8.842708	-3.582892	1.523482	0.017413	0.020293	-0.021346	-68.879356	-66.580452	32.621071
42762	8.850771	-3.497584	1.488260	0.004076	-0.007348	-0.014892	-68.879547	-66.590326	32.623868
42763	8.946863	-3.580694	1.427923	-0.007551	-0.021063	-0.007409	-68.906832	-66.599114	32.648925
42764	8.998727	-3.641728	1.343829	-0.003804	-0.024330	-0.003690	-68.937874	-66.606498	32.680418
42765	8.964299	-3.596689	1.323377	-0.004211	-0.004474	-0.002422	-68.945146	-66.609195	32.685753
42766	8.938385	-3.602257	1.419871	-0.001310	-0.006468	0.001323	-68.955080	-66.610216	32.695803
42767	8.916637	-3.589691	1.395546	-0.002359	-0.011533	0.011942	-68.976851	-66.606683	32.718089
42768	8.948335	-3.578075	1.397177	-0.001976	-0.020547	0.013214	-69.010219	-66.604232	32.753257
42769	8.901853	-3.565078	1.421031	-0.000631	-0.013665	0.033962	-69.044048	-66.589347	32.789764
42770	8.984017	-3.616875	1.340816	0.005689	-0.020613	0.035775	-69.083727	-66.574819	32.836601
42771	8.983692	-3.616373	1.315892	0.011190	-0.004323	0.039054	-69.101559	-66.555282	32.863064
42772	8.949308	-3.636637	1.337213	0.011464	0.002572	0.048699	-69.115306	-66.529085	32.885254
42773	8.923439	-3.638504	1.386647	0.014130	-0.000686	0.041318	-69.127963	-66.507587	32.907920
42774	8.978070	-3.631472	1.341198	0.011517	-0.002635	0.044676	-69.146127	-66.484602	32.934968
42775	9.001675	-3.702175	1.356894	0.013745	0.002838	0.039673	-69.153833	-66.463262	32.952001
42776	8.950930	-3.636127	1.391499	0.010496	0.008499	0.032473	-69.153127	-66.444539	32.957835
42777	8.916939	-3.655022	1.413351	0.009305	0.002595	0.026498	-69.157486	-66.430302	32.968446
42778	8.912476	-3.603532	1.421663	0.008365	-0.007392	0.029452	-69.176071	-66.416434	32.993998
42779	8.938206	-3.666028	1.388187	0.005685	-0.009618	0.036457	-69.202090	-66.399346	33.025983
42780	8.937089	-3.669103	1.387255	0.006544	-0.016244	0.034247	-69.234735	-66.384699	33.065747
42781	8.968892	-3.655659	1.365345	0.007869	-0.009780	0.032919	-69.257976	-66.369527	33.096073
42782	8.959198	-3.676781	1.337057	0.009640	-0.006560	0.029577	-69.274748	-66.355405	33.120455
42783	8.959071	-3.675432	1.313092	0.012274	0.000876	0.026569	-69.279433	-66.341469	33.133286
42784	8.933018	-3.679162	1.386838	0.013170	0.005231	0.025076	-69.277645	-66.327366	33.139618
42785	8.932870	-3.677592	1.363608	0.011862	0.004260	0.026754	-69.278503	-66.312644	33.148014
42786	8.963082	-3.670691	1.391510	0.012371	0.001294	0.021095	-69.280134	-66.301473	33.157580
42787	8.962183	-3.672537	1.392426	0.007713	0.010919	0.023229	-69.273606	-66.287290	33.155316
42788	8.915485	-3.658956	1.418871	0.007723	0.005567	0.021050	-69.272659	-66.275277	33.159160
42789	8.937939	-3.666764	1.394604	0.005515	0.000243	0.024220	-69.280863	-66.262728	33.171613
42790	8.927546	-3.690854	1.390996	0.000070	0.000580	0.020202	-69.289978	-66.252180	33.181659
42791	8.925958	-3.696198	1.415282	0.000569	0.002965	0.016723	-69.294230	-66.243095	33.186700
42792	8.936672	-3.668121	1.370959	0.003096	-0.000864	0.016649	-69.301721	-66.234743	33.196867
42793	8.970534	-3.714472	1.390079	-0.001916	0.001581	0.012798	-69.307269	-66.228041	33.201769
42794	8.948490	-3.702190	1.367066	0.000728	0.009012	0.009790	-69.300940	-66.221365	33.195353
42795	8.948087	-3.702796	1.368061	0.005497	0.010644	0.004724	-69.287507	-66.217154	33.184155
42796	8.911593	-3.665489	1.398370	0.005497	0.010644	0.004723	-69.274138	-66.212861	33.173032
42797	8.886980	-3.663858	1.448212	0.003687	0.007290	0.009881	-69.268201	-66.206565	33.168891
42798	8.924526	-3.694943	1.371312	0.002384	0.000968	0.009386	-69.270527	-66.201735	33.172971
42799	8.910374	-3.667768	1.400165	0.006179	0.003321	0.011629	-69.268789	-66.195307	33.174980
42800	8.923708	-3.696697	1.371909	0.001950	-0.001139	0.009221	-69.273845	-66.190993	33.181772
42801	8.922469	-3.701190	1.396098	0.002384	0.000968	0.009385	-69.276106	-66.186243	33.185776
42802	8.922232	-3.701758	1.396111	-0.001343	-0.001107	0.003501	-69.280380	-66.184988	33.189650
42803	8.910154	-3.666696	1.376281	0.004976	-0.002586	0.005671	-69.283763	-66.182948	33.196504
42804	8.946130	-3.704682	1.347498	0.004664	0.006567	0.002571	-69.274850	-66.180635	33.189727
42805	8.895968	-3.639340	1.405868	0.004563	0.006152	0.008033	-69.268951	-66.175559	33.186176
42806	8.922217	-3.699709	1.373489	0.006686	0.000352	0.005976	-69.267988	-66.172681	33.189355
42807	8.921956	-3.700250	1.373723	0.002417	0.001107	0.007563	-69.269225	-66.168879	33.192261
42808	8.907055	-3.676419	1.426649	0.005004	0.002906	0.006023	-69.266148	-66.165458	33.192077
42809	8.875583	-3.686022	1.399516	0.001446	-0.003522	0.012696	-69.275911	-66.159844	33.203695
42810	8.933019	-3.737736	1.393505	0.002021	-0.006215	0.003406	-69.284403	-66.159675	33.214290
42811	8.967842	-3.714053	1.324033	0.005177	-0.001757	-0.005253	-69.281651	-66.163321	33.214563
42812	8.940570	-3.657461	1.381166	0.002620	0.001937	-0.003361	-69.276808	-66.165125	33.210955
42813	8.943908	-3.710933	1.373334	0.002654	0.002075	-0.005181	-69.270888	-66.167956	33.206184
42814	8.939915	-3.660230	1.406107	0.004800	0.007120	-0.004714	-69.257886	-66.169433	33.195022
42815	8.888739	-3.716570	1.396211	0.007290	0.003150	-0.002964	-69.249021	-66.170857	33.189936
42816	8.898384	-3.694175	1.400390	0.001745	0.003076	-0.001517	-69.244143	-66.171442	33.185741
42817	8.944461	-3.708922	1.375161	0.001987	-0.001312	-0.016434	-69.237534	-66.180987	33.179800
42818	8.940800	-3.657559	1.407431	-0.000672	0.001967	-0.009080	-69.231903	-66.185848	33.173268
42819	8.922813	-3.697412	1.375803	0.000542	-0.002832	-0.007471	-69.232087	-66.190900	33.173849
42820	8.955203	-3.683854	1.379345	0.000359	0.012225	-0.015686	-69.210360	-66.197214	33.150371
42821	8.900153	-3.689276	1.402066	0.000257	0.011812	-0.010225	-69.191651	-66.200762	33.130122
42822	8.921998	-3.701412	1.426582	-0.000917	0.011395	-0.015829	-69.171577	-66.207315	33.107654
42823	8.914014	-3.717959	1.399360	-0.000331	0.003348	-0.027295	-69.155575	-66.221722	33.089999
42824	9.005255	-3.684901	1.308800	0.002799	0.002316	-0.036311	-69.134888	-66.241088	33.069192
42825	8.950221	-3.691806	1.355644	0.002097	0.020344	-0.038885	-69.091384	-66.258221	33.023014
42826	8.938436	-3.656637	1.362070	0.005889	0.022701	-0.036649	-69.043867	-66.273584	32.974838
42827	8.948847	-3.631315	1.368655	0.008414	0.035073	-0.032032	-68.981890	-66.283996	32.912446
42828	8.924139	-3.630208	1.444998	0.006123	0.034828	-0.023045	-68.925735	-66.289550	32.854989
42829	8.892404	-3.640878	1.445087	0.009822	0.031418	-0.017510	-68.874139	-66.292904	32.804823
42830	8.925432	-3.623083	1.427355	0.008065	0.033695	-0.013825	-68.822552	-66.293724	32.753573
42831	8.881995	-3.664011	1.471835	0.005444	0.031755	-0.010466	-68.776360	-66.293210	32.706569
42832	8.906581	-3.664840	1.425143	0.004667	0.011614	-0.019120	-68.751066	-66.301410	32.681910
42833	8.939028	-3.650554	1.429711	0.003375	0.016136	-0.017095	-68.721901	-66.307659	32.652210
42834	8.930740	-3.667716	1.403571	0.007090	0.018220	-0.011205	-68.690902	-66.310248	32.622840
42835	8.942255	-3.705011	1.448998	0.001420	0.011775	-0.026678	-68.663582	-66.322509	32.593935
42836	8.951109	-3.618959	1.413932	0.006625	0.015520	-0.031587	-68.626404	-66.336525	32.557531
42837	8.906912	-3.597408	1.416687	0.002637	0.017825	-0.022553	-68.592923	-66.345307	32.522667
42838	8.942790	-3.636990	1.413354	0.002869	0.013753	-0.013620	-68.568568	-66.350093	32.497918
42839	8.908167	-3.659477	1.483846	-0.000130	0.015332	-0.011898	-68.544770	-66.353701	32.471896
42840	8.934807	-3.653252	1.387931	0.002818	0.008123	-0.012141	-68.527991	-66.358872	32.455388
42841	8.943648	-3.633559	1.416744	-0.001797	0.012528	-0.014026	-68.507528	-66.364195	32.431966
42842	8.854615	-3.659282	1.484103	0.000663	0.008427	-0.010440	-68.492415	-66.368390	32.415929
42843	8.947063	-3.688500	1.434011	-0.005461	-0.000269	-0.024256	-68.484713	-66.381850	32.404147
42844	8.945501	-3.628681	1.417544	-0.004127	-0.004652	-0.028107	-68.479781	-66.398209	32.396228
42845	8.933500	-3.594626	1.421467	-0.003307	-0.000572	-0.025963	-68.470370	-66.412641	32.383931
42846	8.979192	-3.611762	1.420561	-0.000932	0.005899	-0.016218	-68.456432	-66.420444	32.368185
42847	8.946689	-3.626876	1.441999	-0.004815	0.008613	-0.012651	-68.443065	-66.425846	32.350630
42848	8.972401	-3.624361	1.369846	-0.000187	0.009704	-0.010423	-68.426834	-66.429757	32.332849
42849	8.914300	-3.641186	1.464773	-0.000948	0.016747	-0.013711	-68.400793	-66.434005	32.303884
42850	8.923946	-3.617939	1.469940	-0.000177	0.015197	-0.010083	-68.378000	-66.436570	32.278951
42851	8.948559	-3.619266	1.422306	-0.003188	0.011281	-0.008703	-68.362326	-66.439296	32.259899
42852	8.926099	-3.609299	1.423861	-0.001599	0.013810	-0.002927	-68.345501	-66.438337	32.240589
42853	8.970036	-3.631673	1.447934	-0.000335	0.009152	-0.003127	-68.333493	-66.438540	32.227319
42854	8.924866	-3.612784	1.449929	-0.001749	0.013258	0.004371	-68.320972	-66.433808	32.212611
42855	8.926470	-3.606005	1.402721	-0.000133	0.010433	0.007982	-68.312679	-66.427823	32.203520
42856	8.937126	-3.645573	1.447733	0.002489	0.012378	0.004615	-68.298933	-66.423145	32.190122
42857	8.955635	-3.601640	1.456467	0.002451	0.012240	0.006439	-68.286218	-66.417596	32.177820
42858	8.944724	-3.628061	1.478240	0.002460	0.017733	0.006779	-68.267023	-66.410628	32.158458
42859	8.913287	-3.637790	1.452262	0.007458	0.009810	0.010314	-68.256297	-66.403530	32.151456
42860	8.954176	-3.603639	1.460487	0.004531	0.011663	0.008384	-68.244109	-66.396993	32.141034
42861	8.934850	-3.648694	1.453903	0.004522	0.006170	0.008044	-68.238403	-66.391875	32.137674
42862	8.921394	-3.617670	1.459087	0.005377	0.010388	0.008365	-68.227283	-66.385618	32.128944
42863	8.943408	-3.627991	1.459442	0.003171	0.005060	0.011551	-68.225410	-66.378870	32.128923
42864	8.941960	-3.632541	1.483947	0.004472	0.000539	0.009529	-68.227361	-66.374086	32.133894
42865	8.920145	-3.620175	1.460510	0.002354	0.000980	0.009405	-68.229875	-66.369346	32.138150
42866	8.965709	-3.636493	1.435621	0.001432	0.001980	0.013072	-68.233534	-66.362371	32.143084
42867	8.933339	-3.650086	1.432688	0.001976	0.004502	0.007759	-68.231182	-66.357758	32.141792
42868	8.931943	-3.654466	1.457268	0.007019	0.002207	0.009811	-68.229779	-66.352470	32.144695
42869	8.942018	-3.629416	1.437499	0.004484	0.006032	0.009865	-68.225155	-66.346410	32.142492
42870	8.909634	-3.642911	1.434854	0.003210	0.005198	0.009723	-68.222258	-66.340533	32.141381
42871	8.940140	-3.634712	1.462737	0.002782	0.003089	0.009563	-68.222039	-66.335260	32.142923
42872	8.931285	-3.654139	1.435162	0.001469	0.002118	0.011245	-68.224617	-66.329228	32.146701
42873	8.916862	-3.626910	1.463843	0.002821	0.003227	0.007738	-68.223324	-66.324896	32.147094
42874	8.941129	-3.629838	1.415046	-0.000207	-0.006180	0.008782	-68.235736	-66.321937	32.160561
42875	8.930377	-3.656334	1.435219	-0.002650	0.003414	0.005525	-68.236277	-66.318743	32.159534
42876	8.930086	-3.657070	1.435157	0.002301	-0.004650	0.010888	-68.246411	-66.314338	32.172084
42877	8.915764	-3.629815	1.463329	-0.000155	-0.000549	0.007295	-68.251187	-66.311043	32.177241
42878	8.960482	-3.649511	1.462170	0.000260	-0.003933	0.007117	-68.259789	-66.308491	32.186843
42879	8.915339	-3.631017	1.462940	-0.000116	-0.000412	0.005471	-68.263491	-66.306137	32.190852
42880	8.927182	-3.666712	1.482660	-0.002586	-0.001804	0.001540	-68.268443	-66.306101	32.194687
42881	8.951706	-3.669009	1.433836	0.002118	-0.000442	0.000123	-68.268315	-66.306599	32.195911
42882	8.906771	-3.649944	1.434758	-0.001274	-0.000833	-0.000142	-68.270525	-66.307252	32.197573
42883	8.924715	-3.609305	1.466217	0.002494	-0.003964	0.001769	-68.275249	-66.307620	32.204332
42884	8.917266	-3.624320	1.414018	-0.001313	-0.000971	0.001682	-68.278529	-66.307332	32.207138
42885	8.970586	-3.625108	1.440794	-0.001351	-0.001108	0.003506	-68.282832	-66.306170	32.211031
42886	8.906515	-3.650813	1.434133	-0.000116	-0.000412	0.005470	-68.286579	-66.303746	32.215095
42887	8.937259	-3.642305	1.461450	0.000728	-0.001687	0.005452	-68.291333	-66.301671	32.220782
42888	8.939197	-3.635397	1.412978	-0.001781	-0.003217	0.003346	-68.298407	-66.300973	32.227438
42889	8.936919	-3.643272	1.461122	0.002354	0.000980	0.009400	-68.300899	-66.296230	32.231672
42890	8.947225	-3.617914	1.440930	0.003353	0.000253	0.002088	-68.300216	-66.295466	32.233069
42891	8.915053	-3.631037	1.437728	-0.001038	0.000589	0.009135	-68.304995	-66.290947	32.237679
42892	8.951213	-3.669446	1.408768	0.001494	-0.003238	0.009080	-68.312979	-66.287199	32.247379
42893	8.936906	-3.642189	1.436983	-0.000194	-0.000686	0.009116	-68.318809	-66.282960	32.253665
42894	8.959015	-3.652549	1.436653	0.002784	0.003088	0.009558	-68.318614	-66.277618	32.255240
42895	8.935100	-3.647545	1.461583	0.003589	0.001676	0.011363	-68.320495	-66.271683	32.259580
42896	8.912127	-3.639069	1.462506	0.000175	0.006642	0.013258	-68.319272	-66.263619	32.258398
42897	8.917264	-3.686555	1.406348	0.001102	-0.005209	0.007096	-68.328856	-66.261412	32.269597
42898	8.957440	-3.656061	1.437536	0.001980	0.004501	0.007752	-68.326539	-66.256733	32.268350
42899	8.901671	-3.663370	1.459194	-0.002648	0.003416	0.005523	-68.327073	-66.253537	32.267316
42900	8.934426	-3.647689	1.438455	0.001962	-0.000992	0.007415	-68.331253	-66.250200	32.273155
42901	8.923599	-3.674164	1.458856	-0.001843	0.002003	0.007327	-68.333902	-66.246343	32.274936
42902	8.911403	-3.639461	1.439053	-0.000999	0.000728	0.007309	-68.337645	-66.242698	32.278444
42903	8.934583	-3.646116	1.414538	0.000236	0.001423	0.009273	-68.340739	-66.237926	32.282012
42904	8.920237	-3.618871	1.443077	-0.000608	0.002699	0.009291	-68.342822	-66.232809	32.283953
42905	8.910218	-3.642118	1.439672	0.000981	0.005229	0.015059	-68.343665	-66.224152	32.285527
42906	8.908518	-3.647341	1.463886	-0.003823	-0.001896	0.019782	-68.358173	-66.214419	32.299032
42907	8.921869	-3.677001	1.435337	-0.003274	0.000624	0.014474	-68.366729	-66.207046	32.306372
42908	8.929804	-3.659900	1.463067	-0.001627	-0.002066	0.016259	-68.378479	-66.199223	32.318240
42909	8.952779	-3.667145	1.438342	-0.001117	0.000317	0.012773	-68.385346	-66.192820	32.325085
42910	8.927741	-3.666037	1.487186	-0.001528	0.003701	0.012950	-68.388484	-66.185541	32.327603
42911	8.907853	-3.646821	1.415493	0.000079	0.000874	0.016558	-68.395794	-66.177003	32.335682
42912	8.938115	-3.639465	1.443196	0.003021	0.004509	0.018821	-68.398150	-66.166427	32.340195
42913	8.928781	-3.659771	1.415912	0.003375	0.006343	0.022623	-68.399864	-66.153504	32.344224
42914	8.903290	-3.659462	1.465435	0.000847	0.010174	0.022674	-68.398474	-66.139680	32.343279
42915	8.948178	-3.677110	1.441527	0.003791	0.013808	0.024936	-68.392064	-66.123951	32.338684
42916	8.914098	-3.695367	1.463377	0.003373	0.006343	0.022617	-68.393811	-66.110965	32.342754
42917	8.936730	-3.703149	1.439477	0.001335	0.007063	0.018849	-68.394025	-66.099901	32.343864
42918	8.922037	-3.676629	1.468498	-0.000742	0.007647	0.016902	-68.393840	-66.089685	32.343241
42919	8.909563	-3.642643	1.449195	0.000981	0.005229	0.015045	-68.394650	-66.081033	32.344782
42920	8.908920	-3.643983	1.449780	-0.000702	0.007784	0.015079	-68.393411	-66.071759	32.343031
42921	8.921014	-3.677401	1.446021	0.002504	0.002127	0.022292	-68.400513	-66.059901	32.352411
42922	8.919095	-3.682948	1.470532	-0.002098	0.006544	0.020398	-68.404086	-66.048055	32.355049
42923	8.941632	-3.691022	1.446582	0.002450	0.007347	0.026265	-68.406833	-66.032980	32.359631
42924	8.918184	-3.683603	1.447692	0.002055	0.005376	0.024284	-68.411260	-66.019310	32.365810
42925	8.906475	-3.711531	1.468877	0.001243	0.012147	0.024633	-68.408171	-66.004092	32.363248
42926	8.906541	-3.709884	1.445880	0.004281	0.010695	0.021098	-68.403445	-65.990998	32.360804
42927	8.905729	-3.711446	1.446869	0.004809	0.007720	0.015460	-68.399273	-65.981599	32.359293
42928	8.914628	-3.690796	1.451271	0.001739	0.003680	0.018658	-68.403239	-65.971284	32.364770
42929	8.911833	-3.699170	1.500496	0.003362	0.016452	0.006726	-68.385335	-65.964696	32.347317
42930	8.913451	-3.692879	1.453197	0.005576	0.000812	0.016928	-68.389710	-65.955909	32.355651
42931	8.925728	-3.725729	1.449441	0.000303	0.007055	0.007770	-68.385283	-65.950746	32.351033
42932	8.912508	-3.694694	1.454369	0.003655	0.007299	0.009856	-68.379669	-65.944356	32.347223
42933	8.909840	-3.702802	1.503369	0.001538	0.007748	0.009730	-68.374640	-65.938003	32.342721
42934	8.903128	-3.714607	1.428074	0.002938	0.008987	0.004412	-68.364854	-65.934155	32.333892
42935	8.887857	-3.690425	1.481383	0.003778	0.007709	0.004396	-68.356072	-65.930650	32.326684
42936	8.923916	-3.728535	1.453379	0.000427	0.007465	0.002309	-68.348550	-65.928244	32.318758
42937	8.888473	-3.687338	1.458853	0.002098	0.010265	0.004427	-68.337702	-65.924180	32.308234
42938	8.899739	-3.723380	1.479675	0.000697	0.009027	0.009744	-68.331687	-65.917483	32.302128
42939	8.856785	-3.697275	1.433150	0.000863	0.009572	0.002466	-68.321451	-65.914608	32.291498
42940	8.900266	-3.720468	1.457277	0.003820	0.007845	0.002575	-68.311667	-65.911978	32.283223
42941	8.909694	-3.698540	1.461814	0.000427	0.007465	0.002308	-68.304122	-65.909632	32.275266
42942	8.908411	-3.702351	1.486488	0.002947	0.003630	0.002260	-68.299711	-65.908061	32.272329
42943	8.921028	-3.734323	1.482807	0.001267	0.006187	0.002291	-68.293201	-65.905994	32.266032
42944	8.886783	-3.689386	1.463962	0.002544	0.007016	0.002433	-68.285073	-65.903613	32.258770
42945	8.900662	-3.717416	1.436114	-0.001554	0.002965	-0.005427	-68.280356	-65.906336	32.252668
42946	8.898572	-3.724289	1.484403	-0.001192	-0.000557	-0.003781	-68.280437	-65.908868	32.252053
42947	8.899810	-3.720410	1.460205	0.000882	-0.001142	-0.001835	-68.280918	-65.910550	32.253174
42948	8.877544	-3.710393	1.460607	0.000126	0.000408	-0.005459	-68.278297	-65.913770	32.250428
42949	8.909850	-3.697315	1.463963	-0.001066	-0.000148	-0.009240	-68.275199	-65.919181	32.246405
42950	8.911291	-3.692950	1.439746	-0.000268	-0.001563	-0.007436	-68.274212	-65.923872	32.245201
42951	8.891245	-3.740083	1.456205	-0.001066	-0.000148	-0.009240	-68.271112	-65.929283	32.241173
42952	8.933237	-3.704715	1.463352	0.000210	0.000681	-0.009099	-68.266387	-65.934383	32.236174
42953	8.900485	-3.719876	1.483998	0.001497	-0.003847	-0.011107	-68.265337	-65.941572	32.236005
42954	8.911757	-3.692900	1.463498	-0.003015	0.000845	-0.016647	-68.258671	-65.950654	32.226858
42955	8.888802	-3.685560	1.487817	0.000263	-0.004540	-0.013070	-68.258219	-65.959035	32.226567
42956	8.912857	-3.690521	1.462801	-0.003172	-0.005057	-0.011518	-68.261119	-65.966640	32.227797
42957	8.913366	-3.689534	1.462192	-0.002331	-0.006335	-0.011535	-68.265029	-65.974584	32.230656
42958	8.913800	-3.688707	1.461629	-0.001979	-0.004500	-0.007737	-68.268382	-65.980058	32.233131
42959	8.923632	-3.666166	1.465075	-0.000393	-0.001971	-0.001978	-68.270523	-65.981989	32.235267
42960	8.891626	-3.678637	1.461599	-0.002158	0.000312	0.001694	-68.272723	-65.981423	32.236367
42961	8.890467	-3.682452	1.485562	-0.002594	-0.001796	0.001537	-68.277588	-65.981447	32.240106
42962	8.891374	-3.679413	1.461179	-0.005759	-0.000752	0.010527	-68.287323	-65.976404	32.247196
42963	8.904954	-3.708554	1.432414	-0.002397	-0.005864	0.010463	-68.301175	-65.972537	32.260902
42964	8.912207	-3.694258	1.483868	-0.000072	-0.005630	0.001488	-68.309176	-65.973338	32.269662
42965	8.890917	-3.681105	1.459698	-0.003029	-0.003903	0.001379	-68.316732	-65.973891	32.276074
42966	8.913307	-3.691009	1.458822	-0.000954	-0.004488	0.003324	-68.324747	-65.973472	32.284296
42967	8.880074	-3.707491	1.479208	0.000281	-0.003795	0.005286	-68.332132	-65.971921	32.292596
42968	8.914247	-3.688075	1.433931	-0.003029	-0.003903	0.001379	-68.339713	-65.972413	32.299042
42969	8.911944	-3.695662	1.481950	0.004109	-0.001307	0.005711	-68.342133	-65.970108	32.304309
42970	8.904400	-3.710817	1.429992	-0.000882	0.001142	0.001836	-68.342676	-65.969290	32.304394
42971	8.891441	-3.679424	1.434187	0.002791	-0.002273	0.007389	-68.347800	-65.966295	32.311795
42972	8.911428	-3.696904	1.481956	0.004109	-0.001307	0.005710	-68.350243	-65.963932	32.317093
42973	8.890891	-3.680664	1.434414	0.004016	0.003778	0.011501	-68.349388	-65.957467	32.318716
42974	8.910633	-3.698501	1.482749	0.003217	0.005192	0.009697	-68.346472	-65.951607	32.317586
42975	8.901640	-3.717879	1.455492	0.004451	0.005885	0.011658	-68.342928	-65.944613	32.316537
42976	8.910688	-3.696818	1.460113	0.006122	0.008686	0.013776	-68.336115	-65.935842	32.312962
42977	8.877008	-3.713921	1.481479	0.004419	0.000392	0.011326	-68.338986	-65.930187	32.318919
42978	8.919452	-3.676462	1.464727	0.001588	0.002528	0.005757	-68.338317	-65.926988	32.319228
42979	8.909459	-3.699378	1.461127	0.003101	-0.000573	0.013003	-68.343883	-65.920643	32.327315
42980	8.931327	-3.710191	1.461135	0.005687	0.006579	0.013616	-68.339758	-65.912402	32.326410
42981	8.876340	-3.713974	1.458827	0.001899	0.004228	0.011372	-68.339519	-65.905912	32.327369
42982	8.907917	-3.702538	1.462524	0.001462	0.002120	0.011214	-68.341987	-65.899893	32.331035
42983	8.896737	-3.729241	1.482969	0.001865	-0.001266	0.011041	-68.348149	-65.894739	32.338995
42984	8.941288	-3.684900	1.418099	0.003571	0.007028	0.013488	-68.344640	-65.886472	32.337437
42985	8.872128	-3.725355	1.508517	0.003134	0.004921	0.013330	-68.343794	-65.878791	32.338521
42986	8.896312	-3.728773	1.460189	0.003183	-0.000301	0.009362	-68.347276	-65.874271	32.344379
42987	8.929126	-3.713618	1.439408	0.002703	-0.002544	0.011023	-68.354461	-65.869395	32.353985
42988	8.892478	-3.676517	1.468464	0.003698	0.007436	0.008028	-68.347819	-65.863949	32.349073
42989	8.936794	-3.696828	1.468289	0.006089	0.003192	0.013438	-68.347384	-65.856575	32.352467
42990	8.936087	-3.698213	1.469108	0.004320	0.010837	0.019253	-68.341644	-65.844433	32.348934
42991	8.902034	-3.715929	1.490803	0.005518	0.006036	0.020882	-68.341667	-65.832495	32.352460
42992	8.903371	-3.710574	1.443426	0.002959	0.009738	0.022745	-68.339661	-65.818725	32.352165
42993	8.900143	-3.719777	1.492496	0.003359	0.006352	0.022571	-68.341340	-65.805820	32.356158
42994	8.868305	-3.730413	1.465731	0.000447	0.008218	0.020640	-68.341583	-65.793492	32.356751
42995	8.930411	-3.711216	1.497139	0.001642	0.003417	0.022270	-68.347573	-65.781368	32.364387
42996	8.867745	-3.730475	1.442546	0.001728	0.003688	0.018633	-68.351498	-65.771066	32.369820
42997	8.928767	-3.714821	1.498001	0.002081	0.005524	0.022423	-68.354804	-65.758414	32.374796
42998	8.888382	-3.743976	1.443154	0.002919	0.004245	0.022407	-68.359149	-65.745985	32.381441
42999	8.896036	-3.727453	1.471527	0.002919	0.004245	0.022405	-68.363470	-65.733612	32.388080
43000	8.895050	-3.729495	1.472313	0.004195	0.010431	0.024688	-68.360838	-65.718661	32.387874
43001	8.894060	-3.731463	1.473309	0.003841	0.008594	0.020896	-68.358783	-65.706173	32.388055
43002	8.893031	-3.733582	1.474148	0.004506	0.006774	0.028148	-68.361906	-65.690152	32.394359
43003	8.859941	-3.748013	1.471406	-0.002108	0.006569	0.020342	-68.365387	-65.678387	32.396875
43004	8.868805	-3.727823	1.475568	0.002476	0.002139	0.022241	-68.372361	-65.666491	32.406131
43005	8.858202	-3.751847	1.472102	-0.000477	0.003874	0.022127	-68.378905	-65.654344	32.413033
43006	8.867136	-3.731570	1.476129	0.001284	0.001583	0.018463	-68.385440	-65.644577	32.421058
43007	8.922040	-3.727127	1.455177	-0.000831	0.002038	0.018335	-68.392571	-65.634836	32.428406
43008	8.879350	-3.763341	1.448376	0.002036	0.005391	0.024221	-68.396866	-65.621197	32.434447
43009	8.874341	-3.714955	1.481391	0.008958	0.011897	0.021447	-68.388241	-65.607717	32.430649
43010	8.884732	-3.752401	1.502617	0.001246	0.012168	0.024556	-68.385184	-65.592471	32.428121
43011	8.851666	-3.766709	1.499729	-0.003479	0.000119	0.021679	-68.397622	-65.581353	32.439634
43012	8.916288	-3.740457	1.482392	-0.002948	0.002495	0.018201	-68.405358	-65.571531	32.446320
43013	8.874888	-3.772806	1.451098	-0.005506	0.000845	0.017918	-68.416341	-65.562261	32.454988
43014	8.883981	-3.752397	1.454736	-0.000441	-0.001348	0.018157	-68.427112	-65.553272	32.466588
43015	8.883281	-3.754043	1.454765	-0.003784	0.003777	0.018212	-68.433801	-65.543228	32.471614
43016	8.882643	-3.755453	1.455018	0.000578	0.003269	0.013019	-68.436188	-65.536003	32.474645
43017	8.893496	-3.792041	1.475365	-0.003164	0.006423	0.011104	-68.436120	-65.529189	32.472571
43018	8.880484	-3.761006	1.480062	0.000318	0.007061	0.007741	-68.431773	-65.523978	32.468040
43019	8.912242	-3.749399	1.484130	0.002477	0.006739	0.006053	-68.425773	-65.519788	32.463030
43020	8.868369	-3.726700	1.461567	-0.000074	0.010449	0.007910	-68.417769	-65.513773	32.454234
43021	8.879171	-3.763153	1.482482	-0.001043	0.011326	0.013368	-68.411821	-65.504720	32.447032
43022	8.864771	-3.736055	1.511670	-0.000208	0.010044	0.013354	-68.406894	-65.495889	32.441532
43023	8.877886	-3.765527	1.484148	0.000184	0.006657	0.013184	-68.405618	-65.487918	32.440283
43024	8.853721	-3.760610	1.509031	-0.003744	0.003914	0.016389	-68.411286	-65.478762	32.444200
43025	8.876627	-3.768292	1.484661	-0.004143	0.001943	0.014418	-68.418562	-65.471126	32.449653
43026	8.867578	-3.787749	1.456846	-0.004799	0.003764	0.007172	-68.420747	-65.466912	32.449078
43027	8.877072	-3.766404	1.460701	-0.003129	0.001200	0.007145	-68.424946	-65.463307	32.451762
43028	8.874344	-3.774307	1.509125	-0.002240	0.005412	0.007455	-68.423871	-65.458596	32.449214
43029	8.854134	-3.757816	1.461475	-0.000970	0.000877	0.005458	-68.426423	-65.455956	32.451464
43030	8.875061	-3.771720	1.485317	-0.001760	0.002294	0.003656	-68.426959	-65.453926	32.450989
43031	8.841571	-3.787838	1.506043	-0.002204	0.000188	0.003501	-68.430122	-65.452475	32.453078
43032	8.861065	-3.744024	1.513680	0.000400	0.001971	0.001970	-68.429020	-65.451411	32.452163
43033	8.850024	-3.769833	1.533772	-0.003494	-0.005995	0.001221	-68.439083	-65.452476	32.461095
43034	8.851304	-3.766468	1.508602	-0.008267	-0.012813	0.002300	-68.460348	-65.454348	32.479311
43035	8.874902	-3.773129	1.482685	-0.006198	-0.013406	0.004241	-68.482012	-65.455360	32.499282
43036	8.897297	-3.783299	1.481145	-0.000990	-0.009841	0.001178	-68.495128	-65.457200	32.513121
43037	8.851672	-3.767055	1.504976	-0.005529	-0.010625	-0.004676	-68.509056	-65.462375	32.525035
43038	8.866906	-3.791391	1.451451	-0.003415	-0.011083	-0.004549	-68.522385	-65.467527	32.537581
43039	8.852347	-3.766362	1.502737	-0.003415	-0.011083	-0.004550	-68.535693	-65.472728	32.550016
43040	8.853851	-3.762531	1.477274	-0.001444	-0.017305	-0.001120	-68.556752	-65.477353	32.572299
43041	8.886284	-3.750292	1.479084	-0.001445	-0.017305	-0.001121	-68.577825	-65.482029	32.594577
43042	8.879115	-3.765019	1.425518	-0.002279	-0.016023	-0.001108	-68.597885	-65.486371	32.615234
43043	8.844801	-3.784520	1.469044	-0.001478	-0.012082	0.002833	-68.614661	-65.487836	32.632726
43044	8.874404	-3.718593	1.478926	-0.001934	-0.019546	0.000534	-68.639409	-65.492032	32.658753
43045	8.863610	-3.744496	1.497524	-0.003691	-0.017253	0.004192	-68.664141	-65.493845	32.683559
43046	8.877461	-3.773125	1.467296	-0.005817	-0.022153	0.001922	-68.694815	-65.497834	32.713651
43047	8.878793	-3.769928	1.441021	-0.006739	-0.021141	0.005565	-68.726509	-65.499715	32.744286
43048	8.910981	-3.758295	1.442725	-0.003635	-0.011759	0.004518	-68.744953	-65.500146	32.762310
43049	8.911041	-3.758658	1.441404	-0.003203	-0.015011	0.002530	-68.766037	-65.502363	32.783415
43050	8.878921	-3.771099	1.437164	0.000304	-0.003659	0.003456	-68.772249	-65.501677	32.790478
43051	8.910916	-3.759348	1.440381	-0.000963	0.000876	0.005459	-68.774769	-65.499028	32.792768
43052	8.886040	-3.757304	1.489114	-0.001841	0.002022	0.007289	-68.777295	-65.495115	32.794430
43053	8.886909	-3.754261	1.465195	0.001597	0.002523	0.005741	-68.776548	-65.491977	32.794624
43054	8.876738	-3.776939	1.461850	0.003236	0.005181	0.009668	-68.773547	-65.486138	32.793409
43055	8.900891	-3.780390	1.413942	0.004962	0.008110	0.009965	-68.766276	-65.479586	32.788658
43056	8.853429	-3.768685	1.464062	0.004573	0.011498	0.010137	-68.755331	-65.472186	32.779554
43057	8.875094	-3.779667	1.464779	0.000215	0.012010	0.015327	-68.748644	-65.461960	32.772305
43058	8.873257	-3.784456	1.489981	0.005364	0.010080	0.011934	-68.739733	-65.453893	32.765934
43059	8.874912	-3.778379	1.442793	0.001049	0.010728	0.015309	-68.734062	-65.443942	32.760315
43060	8.859440	-3.754866	1.496236	0.003250	0.010540	0.011807	-68.725778	-65.435847	32.753299
43061	8.897146	-3.786834	1.420254	0.002804	0.008434	0.011649	-68.720144	-65.428327	32.748929
43062	8.862076	-3.807111	1.466216	0.002906	0.014063	0.010163	-68.707205	-65.420376	32.736578
43063	8.858900	-3.754007	1.475349	0.004127	0.009392	0.009976	-68.698950	-65.413548	32.730214
43064	8.893230	-3.796568	1.471586	0.005392	0.004857	0.007976	-68.694344	-65.408680	32.728591
43065	8.869361	-3.790857	1.496885	-0.000013	0.010582	0.006094	-68.685290	-65.403676	32.718596
43066	8.868952	-3.791441	1.497835	0.007119	0.007785	0.008272	-68.676419	-65.398039	32.713371
43067	8.861054	-3.806889	1.446621	0.000330	0.007059	0.007736	-68.672036	-65.392894	32.708618
43068	8.880360	-3.763435	1.455089	0.007610	0.010025	0.006614	-68.659525	-65.387675	32.699697
43069	8.870124	-3.786004	1.452215	0.005391	0.004857	0.007974	-68.654915	-65.382854	32.698142
43070	8.878449	-3.768154	1.480733	0.003322	0.005452	0.006034	-68.649928	-65.378898	32.694795
43071	8.856949	-3.755199	1.457865	0.005452	0.010351	0.008299	-68.639043	-65.372759	32.686355
43072	8.878785	-3.765847	1.458458	0.005793	0.006828	0.009942	-68.632822	-65.366430	32.683209
43073	8.868379	-3.788673	1.455911	0.007582	0.015250	0.010562	-68.616048	-65.358058	32.669647
43074	8.844263	-3.783166	1.481999	0.008415	0.013967	0.010547	-68.600308	-65.349913	32.657680
43075	8.868352	-3.786783	1.434841	0.007923	0.011727	0.012204	-68.588228	-65.341404	32.649426
43076	8.875072	-3.773177	1.488172	0.007788	0.011324	0.017642	-68.579167	-65.330026	32.644410
43077	8.866832	-3.789368	1.437406	0.006552	0.010636	0.015686	-68.570731	-65.319892	32.639033
43078	8.850044	-3.769402	1.515172	0.009991	0.011131	0.014141	-68.559048	-65.310420	32.632521
43079	8.862932	-3.799009	1.488190	0.011566	0.008297	0.017738	-68.551403	-65.299674	32.631535
43080	8.906805	-3.820149	1.488553	0.009095	0.006921	0.013830	-68.544984	-65.291250	32.630250
43081	8.849116	-3.769501	1.494435	0.004438	0.011099	0.015553	-68.537172	-65.281085	32.624312
43082	8.860884	-3.802592	1.491234	0.004465	0.005873	0.011606	-68.533612	-65.274066	32.623255
43083	8.870206	-3.781539	1.495938	0.009589	0.009160	0.012168	-68.523560	-65.266112	32.618120
43084	8.858441	-3.808224	1.517327	0.006935	0.007249	0.015511	-68.518775	-65.256722	32.617271
43085	8.859033	-3.805833	1.493959	0.005251	0.004456	0.013403	-68.517232	-65.249091	32.619099
43086	8.872077	-3.835256	1.466538	0.006195	0.008800	0.011897	-68.509436	-65.241302	32.614468
43087	8.857877	-3.807833	1.495719	0.004914	0.007979	0.011755	-68.503267	-65.233809	32.610998
43088	8.889535	-3.796687	1.500012	0.005792	0.006829	0.009930	-68.497091	-65.227482	32.607896
43089	8.844492	-3.777537	1.501503	0.005792	0.006829	0.009929	-68.490907	-65.221210	32.604556
43090	8.877501	-3.762646	1.481506	0.006221	0.003573	0.007951	-68.487348	-65.216622	32.604607
43091	8.865965	-3.788935	1.502347	-0.000165	0.004828	0.009378	-68.486639	-65.211059	32.603780
43092	8.856893	-3.808096	1.475030	0.004557	0.006141	0.007975	-68.481083	-65.205919	32.600581
43093	8.865117	-3.790387	1.503687	0.005792	0.006829	0.009928	-68.474917	-65.199645	32.597499
43094	8.832459	-3.803204	1.500990	0.002397	0.006471	0.009658	-68.470986	-65.193538	32.594727
43095	8.854323	-3.813922	1.501236	0.001994	0.004499	0.007693	-68.468661	-65.188940	32.593643
43096	8.863861	-3.792659	1.505367	0.001498	0.002260	0.009352	-68.469962	-65.183881	32.596067
43097	8.852391	-3.818712	1.526250	0.001753	0.008287	0.002422	-68.461015	-65.181301	32.587271
43098	8.841137	-3.783413	1.506459	0.000288	-0.003656	0.003459	-68.467147	-65.180628	32.594254
43099	8.874371	-3.829325	1.526079	0.003254	-0.000042	0.005704	-68.468442	-65.178041	32.598177
43100	8.872993	-3.772259	1.509746	-0.000590	-0.002504	0.005283	-68.474578	-65.176153	32.604611
43101	8.875169	-3.826803	1.501993	-0.000118	0.004962	0.007563	-68.472902	-65.171533	32.602868
43102	8.852576	-3.817395	1.502712	0.000760	0.003811	0.005740	-68.471196	-65.168073	32.601513
43103	8.852362	-3.817801	1.502943	0.001188	0.000555	0.003764	-68.472103	-65.166404	32.603313
43104	8.853441	-3.814637	1.478850	-0.000141	-0.000399	0.005435	-68.475623	-65.163992	32.607148
43105	8.853219	-3.815030	1.479161	0.005483	0.005122	0.004338	-68.469063	-65.161055	32.603432
43106	8.882615	-3.810650	1.531297	-0.000569	0.002858	0.007410	-68.469976	-65.156906	32.604124
43107	8.840232	-3.784179	1.484161	0.004558	0.006140	0.007972	-68.464433	-65.151827	32.600598
43108	8.852170	-3.816820	1.480821	0.001614	0.007888	0.007854	-68.458509	-65.146383	32.595133
43109	8.861725	-3.795420	1.485311	0.002492	0.006737	0.006031	-68.452560	-65.142204	32.590018
43110	8.841485	-3.839968	1.478568	0.002896	0.008709	0.007994	-68.445026	-65.136512	32.583588
43111	8.860912	-3.796656	1.486999	0.005008	0.008245	0.008123	-68.436868	-65.130905	32.577542
43112	8.850511	-3.819300	1.484339	0.003797	0.012919	0.008297	-68.424123	-65.124164	32.565937
43113	8.848814	-3.823515	1.509299	0.002825	0.003215	0.007678	-68.422818	-65.119844	32.566591
43114	8.848524	-3.823934	1.509937	0.000925	0.009572	0.002429	-68.412905	-65.116934	32.556293
43115	8.860679	-3.795338	1.466154	0.004058	0.003902	0.009629	-68.410971	-65.111431	32.556776
43116	8.839072	-3.843582	1.483596	0.004628	0.011635	0.008283	-68.399234	-65.104966	32.546806
43117	8.847329	-3.825729	1.512390	0.003323	0.005453	0.006017	-68.394320	-65.101064	32.543506
43118	8.858218	-3.800693	1.492726	0.001661	0.008022	0.006039	-68.387416	-65.096556	32.536988
43119	8.845422	-3.830195	1.537839	0.002089	0.004765	0.004065	-68.383118	-65.093836	32.533703
43120	8.846441	-3.826977	1.514423	0.002991	0.008975	0.004368	-68.373603	-65.090017	32.525146
43121	8.823924	-3.817284	1.515374	0.002919	0.003480	0.004054	-68.370269	-65.087574	32.523185
43122	8.854636	-3.809121	1.543542	0.002588	0.007002	0.002405	-68.362358	-65.085216	32.516142
43123	8.879163	-3.812528	1.495628	0.004057	0.003903	0.009627	-68.360458	-65.079718	32.516640
43124	8.824302	-3.815114	1.493106	0.000831	0.009308	0.006047	-68.352572	-65.074932	32.508514
43125	8.844874	-3.829273	1.517771	0.003725	0.007425	0.007977	-68.346079	-65.069563	32.504003
43126	8.830867	-3.801473	1.546613	0.001161	0.005785	0.007696	-68.342793	-65.064643	32.501159
43127	8.844138	-3.830579	1.518761	0.001088	0.000291	0.007384	-68.345729	-65.061105	32.505145
43128	8.832848	-3.795594	1.498900	0.000758	0.003813	0.005734	-68.344042	-65.057648	32.503809
43129	8.844965	-3.827920	1.495155	0.002516	0.001507	0.002092	-68.342353	-65.056675	32.503364
43130	8.824949	-3.872021	1.487894	0.001685	0.002792	0.002102	-68.339653	-65.055367	32.501496
43131	8.853449	-3.809645	1.523637	0.001782	0.003057	-0.001519	-68.334964	-65.055981	32.497564
43132	8.821195	-3.821589	1.520409	0.000403	0.001973	0.001961	-68.333873	-65.054921	32.496660
43133	8.843370	-3.831705	1.520393	0.001734	0.002925	0.000291	-68.330202	-65.054600	32.493878
43134	8.831010	-3.799698	1.524756	0.001734	0.002925	0.000291	-68.326500	-65.054228	32.490935
43135	8.854523	-3.806180	1.500647	0.002564	0.001640	0.000281	-68.323822	-65.054185	32.489767
43136	8.843217	-3.831770	1.521117	-0.000049	-0.000132	0.001811	-68.325331	-65.053651	32.491446
43137	8.830865	-3.799932	1.525019	-0.002613	-0.001772	0.001530	-68.330038	-65.053656	32.495161
43138	8.844446	-3.828479	1.496794	0.001282	0.000820	0.000140	-68.328935	-65.053810	32.494800
43139	8.854368	-3.806660	1.500342	-0.002283	-0.005294	0.003180	-68.338279	-65.053692	32.503652
43140	8.854347	-3.806828	1.500045	-0.002112	0.000465	-0.000130	-68.339404	-65.054065	32.503602
43141	8.854354	-3.806842	1.499964	-0.001282	-0.000820	-0.000140	-68.341515	-65.054769	32.504899
43142	8.853043	-3.810393	1.524126	0.000452	0.002105	0.000151	-68.339421	-65.054645	32.502920
43143	8.842966	-3.832526	1.520671	0.002919	0.003480	0.004053	-68.336076	-65.052195	32.501161
43144	8.854073	-3.807170	1.500791	0.002186	0.005029	0.000442	-68.329774	-65.051298	32.495637
43145	8.821730	-3.819190	1.497877	0.003419	0.005717	0.002393	-68.322838	-65.049268	32.489857
43146	8.852465	-3.810949	1.526089	0.004250	0.004432	0.002383	-68.316922	-65.047464	32.486062
43147	8.842417	-3.832927	1.522852	0.000122	0.005627	-0.001500	-68.310255	-65.047527	32.478733
43148	8.832669	-3.793842	1.479009	0.002515	0.001507	0.002092	-68.308546	-65.046496	32.478484
43149	8.843538	-3.829553	1.499409	0.000855	0.004078	0.002111	-68.304841	-65.044953	32.475153
43150	8.840862	-3.836643	1.547955	0.000501	0.002237	-0.001660	-68.301745	-65.045765	32.472100
43151	8.831170	-3.797476	1.504015	0.001734	0.002925	0.000291	-68.298056	-65.045453	32.468710
43152	8.829875	-3.800929	1.528263	0.000879	-0.001153	-0.001820	-68.298548	-65.047069	32.469853
43153	8.857125	-3.857847	1.471841	0.001612	-0.002702	0.001791	-68.302044	-65.047135	32.474982
43154	8.863306	-3.785523	1.507982	0.001429	0.011810	0.000761	-68.288567	-65.044630	32.461066
43155	8.817078	-3.830144	1.573577	0.000781	-0.001417	0.001801	-68.291093	-65.044428	32.464314
43156	8.820954	-3.819628	1.501331	-0.003321	0.005141	0.000039	-68.287638	-65.043720	32.458450
43157	8.841788	-3.833382	1.525360	0.002014	-0.000730	0.003752	-68.289531	-65.042333	32.461657
43158	8.852972	-3.808025	1.505114	0.000452	0.002105	0.000150	-68.287439	-65.042209	32.459679
43159	8.842989	-3.829996	1.501510	0.001282	0.000820	0.000140	-68.286333	-65.042415	32.459098
43160	8.841570	-3.833692	1.525840	0.001636	0.002661	0.003912	-68.284639	-65.040171	32.458309
43161	8.829057	-3.801991	1.530345	0.005482	0.005119	0.004333	-68.278087	-65.037235	32.454085
43162	8.852476	-3.808654	1.506440	-0.000378	0.003390	0.000160	-68.275005	-65.036833	32.450492
43163	8.842464	-3.830624	1.502999	0.003846	0.002459	0.000421	-68.270697	-65.036531	32.448621
43164	8.841072	-3.834153	1.527567	0.002186	0.005029	0.000440	-68.264400	-65.035632	32.443101
43165	8.840998	-3.834155	1.527993	0.001734	0.002925	0.000290	-68.260677	-65.035312	32.439730
43166	8.818680	-3.824110	1.528632	0.003016	0.003744	0.000431	-68.255370	-65.034691	32.435827
43167	8.842285	-3.830442	1.504515	0.002211	-0.000202	-0.003490	-68.253266	-65.037049	32.434675
43168	8.850989	-3.811833	1.532433	0.000000	-0.000000	0.000000	-68.253770	-65.037452	32.435276
43169	8.842385	-3.830106	1.504785	0.003115	0.004008	-0.003191	-68.246523	-65.038741	32.430155
43170	8.839816	-3.836920	1.553230	0.000879	-0.001153	-0.001820	-68.247013	-65.040357	32.431295
43171	8.842599	-3.829597	1.504825	0.000477	-0.003127	-0.003780	-68.249122	-65.043488	32.433879
43172	8.827845	-3.804236	1.557034	0.001430	0.001215	-0.005292	-68.245003	-65.046449	32.430285
43173	8.875077	-3.816996	1.508430	0.001282	0.000820	0.000140	-68.243863	-65.046633	32.430371
43174	8.852780	-3.807037	1.508735	-0.000049	-0.000132	0.001811	-68.245373	-65.046100	32.432051
43175	8.830529	-3.797084	1.508757	-0.003016	-0.003744	-0.000431	-68.251711	-65.047571	32.437430
43176	8.851503	-3.810742	1.532173	-0.003065	-0.003876	0.001380	-68.259036	-65.048062	32.443616
43177	8.820501	-3.819567	1.504145	-0.004873	-0.001701	0.006831	-68.267428	-65.045236	32.450153
43178	8.876060	-3.814872	1.482710	-0.002884	-0.007794	0.008463	-68.282356	-65.042787	32.464841
43179	8.818732	-3.824575	1.527172	-0.005703	-0.000416	0.006840	-68.289681	-65.039659	32.470185
43180	8.854413	-3.863532	1.498720	-0.001709	0.002439	0.001830	-68.289210	-65.038571	32.468630
43181	8.842031	-3.831714	1.502771	-0.004274	0.000800	0.001549	-68.291981	-65.038033	32.468873
43182	8.864252	-3.841786	1.502617	-0.000329	0.003522	-0.001651	-68.287896	-65.038568	32.464203
43183	8.850689	-3.813009	1.531236	0.001504	0.006711	-0.004981	-68.277646	-65.040256	32.453761
43184	8.808619	-3.846450	1.524545	0.000222	0.005891	-0.005122	-68.268953	-65.042135	32.444358
43185	8.853611	-3.804849	1.484089	0.001151	0.004870	-0.008753	-68.259286	-65.046208	32.434874
43186	8.796668	-3.813210	1.529647	-0.001439	0.008462	-0.005104	-68.248609	-65.047530	32.422234
43187	8.830357	-3.797199	1.509479	0.001480	0.001348	-0.007102	-68.243496	-65.051452	32.418576
43188	8.850186	-3.813910	1.557178	-0.004700	-0.006537	-0.002533	-68.253017	-65.054590	32.426151
43189	8.797356	-3.811876	1.529015	-0.003722	-0.007426	-0.007974	-68.260501	-65.060839	32.432895
43190	8.842350	-3.831311	1.527305	-0.010584	-0.013630	-0.008828	-68.278646	-65.068832	32.446263
43191	8.820721	-3.820568	1.525717	-0.010608	-0.018993	-0.010951	-68.302094	-65.079170	32.464710
43192	8.820089	-3.823475	1.547519	-0.013721	-0.023002	-0.007763	-68.333288	-65.088575	32.490483
43193	8.858094	-3.857600	1.492232	-0.014430	-0.026682	-0.015312	-68.365618	-65.102839	32.515391
43194	8.856715	-3.802477	1.497097	-0.013600	-0.027966	-0.015326	-68.399053	-65.117307	32.543704
43195	8.846506	-3.826865	1.514328	-0.016164	-0.029606	-0.015611	-68.435773	-65.132308	32.574334
43196	8.880963	-3.810280	1.490665	-0.013197	-0.025993	-0.013371	-68.467667	-65.145305	32.601197
43197	8.859587	-3.799263	1.488237	-0.009803	-0.025637	-0.013104	-68.497407	-65.158147	32.627110
43198	8.840604	-3.842148	1.478177	-0.012248	-0.021650	-0.014883	-68.523125	-65.171027	32.647762
43199	8.872489	-3.832578	1.503103	-0.009375	-0.028893	-0.015086	-68.555427	-65.185550	32.678161
43200	8.862256	-3.796001	1.480653	-0.007216	-0.018634	-0.010702	-68.576727	-65.195561	32.697117
43201	8.862998	-3.795078	1.478572	-0.008902	-0.021426	-0.012809	-68.601301	-65.207314	32.719048
43202	8.895868	-3.782236	1.480166	-0.002136	-0.015485	-0.008331	-68.617158	-65.215395	32.735211
43203	8.854288	-3.815437	1.471693	-0.003302	-0.010678	-0.009965	-68.627359	-65.223374	32.744768
43204	8.863583	-3.796191	1.498084	-0.007216	-0.018634	-0.010708	-68.648713	-65.233377	32.763777
43205	8.887756	-3.801765	1.471798	-0.006766	-0.016529	-0.010556	-68.667488	-65.242898	32.780651
43206	8.854968	-3.816513	1.490809	-0.007598	-0.015244	-0.010544	-68.685241	-65.252102	32.795451
43207	8.889055	-3.799946	1.468645	-0.005775	-0.012051	-0.013874	-68.696672	-65.262451	32.804289
43208	8.844034	-3.782343	1.492069	-0.008292	-0.013559	-0.015969	-68.710440	-65.274198	32.814261
43209	8.889409	-3.800995	1.489816	-0.005347	-0.015306	-0.015856	-68.724529	-65.286309	32.825044
43210	8.867947	-3.789717	1.488618	-0.010406	-0.013096	-0.016099	-68.738934	-65.298027	32.834383
43211	8.892183	-3.795029	1.462411	-0.005101	-0.019096	-0.010592	-68.759824	-65.308074	32.855567
43212	8.869411	-3.787570	1.485357	-0.006563	-0.010632	-0.015679	-68.769378	-65.319054	32.861989
43213	8.839130	-3.794879	1.456516	-0.009215	-0.012543	-0.012338	-68.784224	-65.328704	32.872167
43214	8.863326	-3.800198	1.430425	-0.008788	-0.015797	-0.014320	-68.801691	-65.340028	32.885892
43215	8.927135	-3.778768	1.459903	-0.010476	-0.008004	-0.010344	-68.812843	-65.347643	32.892059
43216	8.841050	-3.791955	1.452474	-0.009106	-0.006914	-0.013829	-68.820391	-65.356863	32.894669
43217	8.861251	-3.747338	1.459108	-0.005978	-0.007362	-0.002687	-68.831720	-65.360261	32.903845
43218	8.872742	-3.782598	1.478116	-0.009284	-0.007452	-0.006580	-68.843276	-65.365718	32.910751
43219	8.909861	-3.755985	1.384238	-0.004337	-0.004705	0.001233	-68.852284	-65.366500	32.916610
43220	8.872890	-3.782652	1.477085	-0.003823	0.002894	0.001715	-68.852396	-65.365385	32.914370
43221	8.897303	-3.785834	1.428835	0.000337	0.007060	0.007732	-68.847954	-65.360222	32.910346
43222	8.872176	-3.783796	1.478446	0.000851	0.014659	0.008213	-68.834617	-65.353202	32.896254
43223	8.850594	-3.770927	1.455865	0.002066	0.009986	0.008027	-68.825850	-65.347273	32.888133
43224	8.863771	-3.799815	1.428681	-0.000341	0.014107	0.004445	-68.812151	-65.342378	32.872891
43225	8.847253	-3.779467	1.506376	0.002380	0.011687	0.013619	-68.803929	-65.333134	32.865641
43226	8.871359	-3.783084	1.459040	0.000064	0.016077	0.006411	-68.788608	-65.326778	32.848866
43227	8.870853	-3.783787	1.460291	0.003302	0.010673	0.009979	-68.779323	-65.319678	32.840846
43228	8.845571	-3.781964	1.509980	0.000311	0.012285	0.011676	-68.770659	-65.311294	32.831551
43229	8.847468	-3.775599	1.462738	0.002898	0.008703	0.008010	-68.763072	-65.305646	32.825902
43230	8.859355	-3.808403	1.459369	-0.000588	0.008075	0.011365	-68.759680	-65.298301	32.821843
43231	8.868713	-3.787419	1.463870	0.001525	0.007612	0.011492	-68.755615	-65.291035	32.817726
43232	8.868191	-3.788332	1.464670	0.002852	0.008568	0.009821	-68.748988	-65.284412	32.812275
43233	8.891098	-3.795627	1.441422	0.005437	0.015569	0.012238	-68.733845	-65.275083	32.799295
43234	8.833430	-3.806097	1.487883	0.003119	0.010135	0.017221	-68.728598	-65.264182	32.795530
43235	8.898341	-3.779725	1.471691	0.005369	0.010075	0.011913	-68.719707	-65.256171	32.789047
43236	8.832025	-3.808474	1.490140	0.002783	0.013659	0.015574	-68.709838	-65.245416	32.779980
43237	8.863462	-3.797803	1.494711	0.003995	0.008986	0.015393	-68.704698	-65.235774	32.777585
43238	8.861488	-3.802638	1.520026	0.004111	0.014614	0.013902	-68.692222	-65.225712	32.766484
43239	8.863197	-3.796768	1.473029	0.003117	0.010136	0.017214	-68.687032	-65.214872	32.762495
43240	8.862489	-3.798077	1.473917	0.003590	0.007016	0.013424	-68.683436	-65.206646	32.760845
43241	8.874120	-3.831382	1.470595	-0.000278	0.009781	0.016942	-68.680567	-65.196035	32.757380
43242	8.837614	-3.794215	1.499948	0.004468	0.005865	0.011599	-68.676977	-65.189023	32.756291
43243	8.859338	-3.805347	1.499963	0.000908	-0.000253	0.014629	-68.683835	-65.181708	32.764594
43244	8.872410	-3.834817	1.471960	-0.003106	0.006573	0.009258	-68.682713	-65.175798	32.761442
43245	8.870759	-3.839248	1.496273	-0.000234	-0.000671	0.009054	-68.688275	-65.171553	32.767837
43246	8.860567	-3.800970	1.452175	-0.001942	0.001765	0.010890	-68.692767	-65.165774	32.771605
43247	8.882363	-3.812060	1.451876	-0.001159	0.000346	0.012688	-68.699324	-65.159389	32.778040
43248	8.881819	-3.813224	1.452149	-0.001916	0.007125	0.013020	-68.698575	-65.151356	32.776049
43249	8.847830	-3.829920	1.472913	-0.002893	-0.002578	0.012391	-68.709338	-65.145738	32.785892
43250	8.857392	-3.809036	1.476276	-0.008354	-0.002332	0.010180	-68.721897	-65.141189	32.794503
43251	8.869387	-3.841955	1.471563	-0.004534	-0.005234	0.008473	-68.734773	-65.138212	32.804763
43252	8.799884	-3.819812	1.520173	-0.009542	-0.002883	0.006417	-68.746954	-65.135785	32.812207
43253	8.855518	-3.814936	1.498162	-0.011305	-0.011167	0.003988	-68.768757	-65.136400	32.831135
43254	8.855488	-3.815556	1.496757	-0.014294	-0.009550	0.005682	-68.791011	-65.135747	32.846681
43255	8.944564	-3.734599	1.413475	-0.004059	-0.012821	0.018997	-68.817237	-65.128701	32.873937
43256	8.944574	-3.794600	1.429776	-0.008989	0.021419	0.033356	-68.813122	-65.106846	32.863768
43257	8.840261	-3.790435	1.500858	0.003392	0.007229	0.038910	-68.820765	-65.084991	32.875566
43258	8.894078	-3.789065	1.480909	0.001434	0.014218	0.053728	-68.828038	-65.053743	32.884537
43259	8.917196	-3.915676	1.489852	-0.001729	0.010075	0.058707	-68.844063	-65.020786	32.898951
43260	8.939606	-3.862859	1.402873	0.014891	0.025801	0.066288	-68.835880	-64.980430	32.899381
43261	8.878249	-3.881218	1.475281	0.010326	0.035491	0.068306	-68.820173	-64.937045	32.888563
43262	8.887779	-3.857968	1.434067	0.014837	0.025669	0.068062	-68.812990	-64.895769	32.890063
43263	8.905510	-3.877731	1.461285	0.013254	0.038966	0.072319	-68.793483	-64.849549	32.875323
43264	8.871749	-3.777026	1.553465	0.012921	0.032806	0.081016	-68.785037	-64.799875	32.874215
43265	8.890075	-3.795420	1.555231	-0.005524	0.010500	0.105625	-68.823232	-64.741756	32.911402
43266	9.073504	-3.858596	1.361634	0.009490	0.024447	0.125665	-68.845671	-64.669955	32.942280
43267	9.130088	-3.794342	1.380734	0.005760	0.059910	0.163643	-68.846760	-64.570632	32.944946
43268	9.118348	-3.532113	1.503837	0.039018	0.085069	0.256366	-68.840745	-64.416454	32.963096
43269	9.226490	-3.645079	1.357940	-0.002754	0.073594	0.377440	-68.923163	-64.200012	33.052641
43270	9.368304	-3.803509	1.311530	0.043768	0.152877	0.462636	-68.926504	-63.921574	33.084288
43271	9.186562	-3.736777	1.583116	0.033234	0.191544	0.564333	-68.935945	-63.580918	33.113918
43272	9.666377	-4.204351	1.750523	0.039758	0.238307	0.683370	-68.940157	-63.166865	33.144157
43273	9.754738	-4.023643	1.725281	0.085227	0.300256	0.805349	-68.902635	-62.674988	33.155682
43274	11.077300	-4.228617	2.255887	0.008087	0.221598	1.002985	-69.065850	-62.093412	33.345155
43275	11.110751	-4.509990	1.050593	0.022331	0.167350	1.277149	-69.369894	-61.375805	33.704048
43276	9.694226	-4.387359	1.255678	0.016282	0.336549	1.455652	-69.562590	-60.527527	33.935182
43277	9.116683	-4.541522	1.041167	0.184418	0.161507	1.529579	-69.835245	-59.673996	34.371493
43278	9.882665	-2.341727	1.725608	0.372061	0.054957	1.503539	-70.069387	-58.854323	34.891950
43279	9.993133	-1.857439	1.791657	0.386830	-0.296780	1.406433	-70.552598	-58.153426	35.718588
43280	14.591910	-4.215156	1.124989	0.630507	-0.760912	0.894963	-71.119559	-57.812561	36.813360
43281	16.270274	-0.628119	1.868040	0.871303	-0.522873	0.225985	-71.137422	-57.787555	37.424443
43282	13.985819	-0.928854	1.588807	0.841766	-0.108175	-0.149401	-70.704173	-57.889103	37.482429
43283	10.976793	-0.139012	1.317301	0.969704	0.121185	-0.337782	-69.940265	-58.048721	37.236714
43284	8.335152	-0.310133	0.619811	0.953885	0.196007	-0.308362	-69.125699	-58.175375	36.921094
43285	7.747551	-0.177799	0.369907	0.965289	-0.046804	-0.275011	-68.521356	-58.332861	36.860794
43286	8.478248	0.094104	0.115786	0.893613	-0.204627	-0.259816	-68.097458	-58.514919	36.964256
43287	9.213572	0.199822	0.030837	0.800605	-0.284574	-0.299952	-67.781000	-58.736397	37.130855
43288	9.593685	0.292395	-0.037152	0.676254	-0.222904	-0.337845	-67.467382	-58.964418	37.217191
43289	9.367870	0.323913	-0.145197	0.538207	-0.132518	-0.365005	-67.141547	-59.187723	37.196797
43290	9.068141	0.228048	-0.254732	0.382958	-0.048834	-0.364291	-66.828474	-59.391181	37.087913
43291	8.862489	0.047274	-0.354552	0.241676	-0.017241	-0.367886	-66.564189	-59.589855	36.941831
43292	8.674455	-0.148425	-0.379860	0.092978	-0.062451	-0.401609	-66.410328	-59.815541	36.825378
43293	8.732612	-0.400535	-0.349188	-0.044696	-0.182811	-0.459602	-66.420053	-60.100060	36.806967
43294	9.177410	-0.701584	-0.211181	-0.159121	-0.325321	-0.550636	-66.590736	-60.464116	36.898568
43295	9.586301	-0.950524	0.081580	-0.257887	-0.428775	-0.671916	-66.869946	-60.916192	37.049237
43296	9.929451	-1.167411	0.308364	-0.329372	-0.496677	-0.803716	-67.208838	-61.451625	37.220681
43297	9.954479	-1.410722	0.457749	-0.386986	-0.526135	-0.925242	-67.569591	-62.058336	37.378401
43298	9.847337	-1.650986	0.570035	-0.424365	-0.561345	-1.025870	-67.957106	-62.724523	37.541363
43299	9.704921	-1.865161	0.701947	-0.448992	-0.583572	-1.109094	-68.360471	-63.440262	37.705115
43300	9.583435	-2.108585	0.805039	-0.456575	-0.597522	-1.163785	-68.775132	-64.186453	37.875722
43301	9.570311	-2.314493	0.861517	-0.452248	-0.611586	-1.198947	-69.204776	-64.954904	38.064416
43302	9.563906	-2.464102	0.918875	-0.434910	-0.626433	-1.230635	-69.646773	-65.741564	38.276597
43303	9.618614	-2.613794	1.023868	-0.409748	-0.625405	-1.256571	-70.082466	-66.542446	38.496160
43304	9.670942	-2.779924	1.077279	-0.380004	-0.618150	-1.266012	-70.509582	-67.345155	38.723762
43305	9.634363	-2.990918	1.200255	-0.346084	-0.612608	-1.251653	-70.939687	-68.139555	38.974096
43306	9.658474	-3.188208	1.177007	-0.322733	-0.610380	-1.235722	-71.385597	-68.922961	39.254586
43307	9.921708	-3.408011	1.244304	-0.296350	-0.609833	-1.217803	-71.851564	-69.696887	39.571028
43308	10.361305	-3.659234	1.300394	-0.278707	-0.592318	-1.245419	-72.297108	-70.480663	39.875093
43309	10.733328	-3.893983	1.358739	-0.252652	-0.511475	-1.297312	-72.602227	-71.279321	40.044668
43310	10.550096	-4.015020	1.382155	-0.224286	-0.408321	-1.340458	-72.714618	-72.082554	40.027734
43311	9.985707	-4.095872	1.241412	-0.211661	-0.347795	-1.350966	-72.710967	-72.882418	39.896599
43312	9.576615	-4.226775	1.219212	-0.225673	-0.342935	-1.320144	-72.717602	-73.663410	39.768555
43313	9.516075	-4.432508	1.245646	-0.241866	-0.373935	-1.289643	-72.807110	-74.434158	39.717388
43314	9.654789	-4.707528	1.349086	-0.245897	-0.379892	-1.274125	-72.922924	-75.196287	39.691447
43315	9.685848	-5.019883	1.404647	-0.240483	-0.367621	-1.280024	-73.009654	-75.960704	39.638607
43316	9.451921	-5.199023	1.393948	-0.228866	-0.388522	-1.315733	-73.114430	-76.747098	39.611527
43317	9.096321	-5.296002	1.374886	-0.226343	-0.464925	-1.372522	-73.369853	-77.578329	39.740373
43318	8.720294	-5.288614	1.316922	-0.236066	-0.545274	-1.407767	-73.845893	-78.440686	40.088786
43319	8.570435	-5.380973	1.398999	-0.261190	-0.591211	-1.401799	-74.542219	-79.307108	40.645815
43320	8.485983	-5.601446	1.558860	-0.274596	-0.580816	-1.376837	-75.343834	-80.155732	41.300605
43321	8.468840	-5.823033	1.790096	-0.276612	-0.511837	-1.331578	-76.081581	-80.968700	41.887708
43322	8.302452	-6.041337	1.971239	-0.264419	-0.434031	-1.294228	-76.676306	-81.748319	42.336050
43323	7.902244	-6.173811	2.125355	-0.238616	-0.358484	-1.256126	-77.080707	-82.496998	42.606205
43324	7.352327	-6.238326	2.194478	-0.205492	-0.272431	-1.179518	-77.215723	-83.190963	42.623657
43325	6.773363	-6.411615	2.192651	-0.162864	-0.201406	-1.036159	-77.143870	-83.796457	42.457367
43326	6.263850	-6.629514	2.063888	-0.115242	-0.128399	-0.851707	-76.847454	-84.288854	42.092997
43327	5.814189	-6.812792	2.039919	-0.064881	-0.071886	-0.642439	-76.423083	-84.657383	41.629266
43328	5.546982	-6.984517	1.974866	-0.021587	-0.050964	-0.425174	-76.116417	-84.901327	41.308944
43329	8.162609	-8.709777	3.399887	-0.069925	-0.033476	-0.103445	-76.210453	-84.964206	41.363117
43330	7.207856	-11.484666	1.256837	0.330807	1.108983	1.404552	-71.974827	-84.015907	37.298448
43331	-0.238265	-9.774282	5.254656	0.350977	1.782174	1.348812	-65.875782	-82.926730	31.362370
43332	5.936157	-0.080254	1.813204	1.665041	-0.209336	1.027444	-67.591863	-82.433580	34.054405
43333	17.161874	2.376085	-2.518191	0.344737	0.842214	1.514619	-66.639509	-81.446862	33.292103
43334	6.897750	-1.567440	-0.746895	0.033200	1.553161	1.908520	-64.425486	-80.083150	31.068485
43335	7.731062	-1.223032	0.314089	0.205125	0.330039	1.616669	-65.513856	-79.164332	32.294425
43336	10.002864	-1.502277	-0.847078	-0.246013	0.586961	1.704168	-66.120287	-78.136245	32.769203
43337	9.917816	-2.731276	0.817055	-0.299568	0.511190	1.649902	-66.791237	-77.153148	33.280361
43338	10.202571	-2.721495	1.064606	-0.259307	0.634609	1.622227	-67.066065	-76.155946	33.410153
43339	11.894004	-4.046904	2.544413	-0.258455	0.651072	1.755493	-67.392056	-75.084653	33.593836
43340	10.566040	-3.365412	1.218582	-0.026159	0.833994	1.672259	-67.152573	-74.016710	33.329877
43341	9.832330	-2.734285	1.447215	-0.191553	0.592533	1.585938	-67.391556	-73.047923	33.464663
43342	11.134953	-4.409510	1.755166	-0.357176	0.442400	1.414999	-67.834749	-72.202160	33.714646
43343	10.665838	-4.720813	2.053454	-0.137340	0.522843	1.327809	-67.941109	-71.385053	33.743808
43344	9.530407	-3.438234	2.034225	-0.059703	0.502637	1.283105	-68.001476	-70.595949	33.771518
43345	11.960303	-4.702380	2.941379	-0.163467	0.291457	1.188644	-68.368919	-69.902071	34.062446
43346	13.204305	-5.988573	0.711671	-0.018101	0.506992	1.029922	-68.240923	-69.246792	33.914841
43347	10.224834	-5.042470	1.372578	0.075277	0.707998	0.600317	-67.556101	-68.775909	33.227596
43348	8.932878	-3.309791	2.048839	0.051682	0.519870	0.427097	-67.066553	-68.435653	32.733667
43349	9.310232	-3.972124	1.630105	-0.061205	0.406025	0.389634	-66.784499	-68.139513	32.392372
43350	8.284505	-3.859570	2.387378	0.030393	0.296476	0.281066	-66.539141	-67.924769	32.146625
43351	8.627897	-3.236417	2.070786	-0.004333	-0.034647	0.226973	-66.713884	-67.813676	32.332629
43352	9.358273	-3.476187	1.105232	-0.036710	-0.008410	0.224413	-66.870188	-67.697813	32.478821
43353	8.940986	-3.551158	1.554595	-0.034858	0.074634	0.211928	-66.910981	-67.569751	32.501379
43354	9.022740	-3.669216	1.449008	-0.015345	-0.001550	0.155656	-67.006692	-67.488441	32.595483
43355	9.231337	-3.540201	1.327080	-0.010325	0.034616	0.126376	-67.037290	-67.414434	32.622253
43356	8.972155	-3.597901	1.464278	-0.012631	0.061650	0.107285	-67.024593	-67.344466	32.600701
43357	8.933827	-3.501215	1.578295	-0.003661	0.028330	0.084020	-67.036465	-67.294206	32.611340
43358	8.938349	-3.423362	1.516639	-0.009955	0.007625	0.082595	-67.077150	-67.249335	32.649309
43359	8.949553	-3.459925	1.488576	-0.020221	-0.005065	0.088694	-67.142765	-67.204044	32.707951
43360	9.010806	-3.566283	1.427988	-0.021383	-0.011063	0.082783	-67.213179	-67.163196	32.771095
43361	9.041750	-3.554416	1.381007	-0.012273	-0.004376	0.070761	-67.263490	-67.127176	32.818106
43362	9.012676	-3.497491	1.388351	0.000011	0.018530	0.070773	-67.277941	-67.086084	32.833842
43363	9.044868	-3.547799	1.410518	-0.001622	0.021300	0.067122	-67.287946	-67.046292	32.843742
43364	9.028919	-3.521982	1.416809	0.011563	0.037544	0.065017	-67.269002	-67.004034	32.830405
43365	8.989297	-3.489888	1.449107	0.015661	0.047224	0.073065	-67.239977	-66.955361	32.808663
43366	8.915743	-3.477256	1.527056	0.016795	0.036623	0.079930	-67.227074	-66.905424	32.805142
43367	9.027664	-3.522532	1.456538	0.024314	0.030332	0.085549	-67.220634	-66.853899	32.813331
43368	9.025880	-3.524021	1.412585	0.016703	0.052784	0.086159	-67.191146	-66.797083	32.791709
43369	8.872970	-3.577683	1.627733	0.007484	0.050638	0.079966	-67.166529	-66.743997	32.769631
43370	8.849308	-3.568589	1.582345	0.014401	0.002646	0.067034	-67.190196	-66.708420	32.804420
43371	9.002000	-3.517956	1.472080	0.008364	-0.016142	0.069419	-67.241516	-66.675727	32.865563
43372	8.922621	-3.518162	1.469380	-0.006099	0.005186	0.075062	-67.277713	-66.635325	32.901225
43373	8.917995	-3.531197	1.517339	0.005107	-0.015324	0.083893	-67.336970	-66.594762	32.969017
43374	8.960992	-3.555211	1.491139	-0.006086	-0.015795	0.092338	-67.407242	-66.549822	33.041847
43375	8.965756	-3.668471	1.452480	-0.004241	-0.012401	0.085256	-67.468513	-66.507835	33.106039
43376	8.922385	-3.586201	1.509815	0.001816	-0.015386	0.078124	-67.526104	-66.470265	33.170023
43377	8.911216	-3.612509	1.480804	-0.002909	-0.022219	0.079322	-67.595143	-66.433512	33.243560
43378	8.944072	-3.660778	1.475109	0.000622	-0.021381	0.072230	-67.657354	-66.400316	33.311874
43379	8.988733	-3.680021	1.423982	-0.002117	-0.024378	0.059093	-67.718099	-66.374689	33.376890
43380	8.948505	-3.589492	1.432475	0.012386	-0.018378	0.056572	-67.761852	-66.349090	33.432441
43381	8.928502	-3.515077	1.490382	0.010483	-0.000332	0.073782	-67.793292	-66.310421	33.473371
43382	8.967096	-3.671976	1.473568	0.008455	-0.009655	0.087824	-67.843896	-66.266323	33.533976
43383	8.973433	-3.594231	1.410751	0.027264	0.001045	0.083940	-67.868770	-66.221945	33.578265
43384	8.942325	-3.727956	1.445450	0.009726	0.028107	0.080522	-67.869310	-66.173550	33.584990
43385	8.851624	-3.633941	1.579805	0.020396	0.015429	0.071387	-67.874522	-66.132725	33.603510
43386	8.946372	-3.718009	1.451995	0.012346	-0.007600	0.060662	-67.906632	-66.102572	33.646407
43387	8.962813	-3.681525	1.482447	0.011694	-0.000384	0.053648	-67.927022	-66.074565	33.676084
43388	8.964881	-3.736787	1.452388	0.013662	0.003323	0.041146	-67.935699	-66.052410	33.694187
43389	8.974085	-3.714858	1.432375	0.015129	0.010088	0.034242	-67.932131	-66.032449	33.699812
43390	9.009720	-3.753139	1.382011	0.018342	0.014512	0.023680	-67.916288	-66.017160	33.694018
43391	8.901791	-3.635166	1.444575	0.019596	0.041262	0.015879	-67.864111	-66.000226	33.649241
43392	9.232246	-3.731773	1.475848	0.037537	0.042311	0.009678	-67.797417	-65.986352	33.599819
43393	8.419028	-3.344463	1.839177	0.003367	0.059214	0.030335	-67.740364	-65.957823	33.539510
43394	9.184418	-3.947459	1.013193	0.054332	-0.039495	0.041563	-67.776890	-65.944755	33.613641
43395	8.764592	-3.645310	1.699123	-0.037143	0.081967	0.032600	-67.717282	-65.910079	33.525091
43396	8.937286	-3.671263	1.509772	0.055245	-0.019935	0.026104	-67.722463	-65.900978	33.565484
43397	8.942641	-3.778616	1.475145	-0.005090	0.050256	0.025721	-67.678912	-65.876813	33.514620
43398	8.902737	-3.687284	1.512200	0.031905	0.005346	0.018572	-67.663850	-65.866215	33.518190
43399	8.879502	-3.678538	1.515010	0.008592	0.036025	0.013098	-67.623269	-65.851819	33.479158
43400	8.876559	-3.685101	1.566570	0.029214	0.018503	0.011708	-67.590887	-65.841988	33.462058
43401	8.863293	-3.653920	1.572034	0.011733	0.014305	0.014119	-67.574714	-65.831779	33.451744
43402	8.966937	-3.658043	1.454457	0.019166	0.002565	0.017683	-67.569833	-65.822263	33.458475
43403	8.842017	-3.700966	1.568896	0.012037	0.021377	0.023571	-67.549770	-65.805502	33.444085
43404	8.897664	-3.694333	1.524797	0.020482	0.003499	0.015977	-67.542206	-65.796686	33.448702
43405	8.888245	-3.714715	1.498721	0.010845	0.010089	0.013868	-67.531421	-65.787530	33.443735
43406	8.886652	-3.718510	1.523798	0.015000	-0.001706	0.011766	-67.531077	-65.782084	33.452825
43407	8.920354	-3.701482	1.479165	0.013403	0.011745	0.014091	-67.516996	-65.772447	33.445850
43408	8.952736	-3.687661	1.459555	0.018401	0.014735	0.019992	-67.499371	-65.759044	33.438128
43409	8.893374	-3.640411	1.490124	0.019770	0.031843	0.024473	-67.463114	-65.739500	33.410829
43410	8.913058	-3.655443	1.517853	0.031373	0.029764	0.036011	-67.428274	-65.714315	33.392373
43411	8.853402	-3.669420	1.591543	0.024833	0.030601	0.044763	-67.400567	-65.684299	33.377628
43412	8.890480	-3.703661	1.494520	0.038182	0.015489	0.046718	-67.383837	-65.656588	33.383320
43413	8.873610	-3.681153	1.549667	0.025179	0.037792	0.052357	-67.351322	-65.620966	33.363508
43414	8.851496	-3.729606	1.547201	0.042235	0.014157	0.054174	-67.337487	-65.589608	33.374931
43415	8.952511	-3.740539	1.456447	0.042747	0.032448	0.060433	-67.305174	-65.550891	33.366386
43416	8.890787	-3.758470	1.555619	0.045071	0.043197	0.057361	-67.257579	-65.511428	33.342510
43417	8.899034	-3.737947	1.539824	0.051787	0.038435	0.057542	-67.211901	-65.472906	33.324963
43418	8.871618	-3.737898	1.594029	0.048037	0.046857	0.059462	-67.159618	-65.431504	33.297787
43419	8.902100	-3.727477	1.578357	0.046729	0.040639	0.057282	-67.114373	-65.392616	33.277517
43420	8.810450	-3.751170	1.626206	0.038836	0.039495	0.049457	-67.071205	-65.358117	33.254552
43421	8.898192	-3.732811	1.563738	0.043611	0.025992	0.054643	-67.043473	-65.323882	33.251576
43422	8.933594	-3.771238	1.492977	0.042986	0.049070	0.059148	-66.991827	-65.282117	33.221883
43423	8.903552	-3.717124	1.553795	0.051865	0.054634	0.063517	-66.931049	-65.236779	33.187726
43424	8.898842	-3.724923	1.585750	0.052863	0.075048	0.069798	-66.849603	-65.183532	33.131420
43425	8.870378	-3.725584	1.642484	0.057332	0.065137	0.071464	-66.778014	-65.131604	33.088773
43426	8.863663	-3.796939	1.545110	0.056068	0.075020	0.077175	-66.698914	-65.074418	33.037030
43427	8.806599	-3.741611	1.680638	0.057721	0.072454	0.077133	-66.622091	-65.017800	32.988817
43428	8.808643	-3.793667	1.610274	0.051773	0.065155	0.072819	-66.555006	-64.965093	32.947568
43429	8.814904	-3.777263	1.620649	0.051636	0.059562	0.074386	-66.495317	-64.912812	32.914378
43430	8.866438	-3.837782	1.649648	0.053114	0.060773	0.067216	-66.430061	-64.864014	32.875964
43431	8.909135	-3.801346	1.590719	0.059886	0.066791	0.071442	-66.356522	-64.811587	32.832668
43432	8.847980	-3.813630	1.644872	0.060933	0.081914	0.073806	-66.266892	-64.754422	32.772231
43433	8.862533	-3.778019	1.684287	0.063973	0.076294	0.082827	-66.186555	-64.693779	32.723965
43434	8.791977	-3.810613	1.711641	0.055528	0.083486	0.086120	-66.104957	-64.629722	32.668928
43435	8.777373	-3.838987	1.717434	0.054107	0.066452	0.079972	-66.040314	-64.572806	32.631729
43436	8.829165	-3.841173	1.703834	0.049998	0.052908	0.081045	-65.993593	-64.518475	32.611756
43437	8.953220	-3.864849	1.593170	0.045408	0.047889	0.089626	-65.959380	-64.460810	32.602717
43438	8.856007	-3.895030	1.691293	0.046245	0.086585	0.087236	-65.881305	-64.395352	32.545582
43439	8.792111	-3.853906	1.750605	0.049779	0.072536	0.086968	-65.816754	-64.333292	32.505661
43440	8.824394	-3.841536	1.689718	0.048356	0.080804	0.083457	-65.742525	-64.271107	32.454076
43441	8.826640	-3.831622	1.750382	0.050581	0.087216	0.098232	-65.667663	-64.199661	32.403173
43442	8.756658	-3.862485	1.753456	0.049350	0.086497	0.096259	-65.593597	-64.129391	32.352342
43443	8.721509	-3.815104	1.864334	0.041100	0.079422	0.097277	-65.532722	-64.060236	32.310888
43444	8.722437	-3.870604	1.794150	0.030676	0.068806	0.110730	-65.495920	-63.986578	32.289547
43445	8.703865	-3.849215	1.827557	0.032896	0.057862	0.099654	-65.464332	-63.921283	32.275409
43446	8.790692	-3.838139	1.767604	0.022635	0.047526	0.107703	-65.453555	-63.854257	32.277895
43447	8.730436	-3.961648	1.806965	0.017201	0.053094	0.109266	-65.440817	-63.785086	32.274726
43448	8.691886	-3.927386	1.813431	0.013032	0.038172	0.095891	-65.439755	-63.726444	32.281911
43449	8.762603	-3.891118	1.826837	0.012844	0.037913	0.101258	-65.441691	-63.665060	32.292323
43450	8.748037	-3.865241	1.808419	0.002000	0.034572	0.105843	-65.455464	-63.602087	32.309019
43451	8.760400	-3.836807	1.864927	-0.026570	0.028566	0.130857	-65.503799	-63.527495	32.346040
43452	8.748127	-3.976927	1.828401	0.003550	0.005801	0.137591	-65.561592	-63.454782	32.412941
43453	8.722655	-3.920282	1.785038	-0.033235	0.016540	0.155240	-65.637281	-63.370280	32.476329
43454	8.683212	-3.883722	1.934777	-0.014955	-0.004626	0.161215	-65.726812	-63.287615	32.566977
43455	8.774000	-3.984111	1.808318	-0.037435	-0.019012	0.173684	-65.849384	-63.201736	32.680268
43456	8.771236	-4.049925	1.751941	-0.038994	-0.005754	0.181041	-65.961771	-63.108808	32.781233
43457	8.707705	-4.069127	1.770463	-0.029749	-0.003696	0.185201	-66.067970	-63.013132	32.881282
43458	8.687270	-4.055631	1.795758	-0.025935	-0.001366	0.187206	-66.169754	-62.915787	32.978915
43459	8.610844	-4.044227	1.841313	-0.035065	-0.003207	0.179248	-66.274406	-62.822957	33.073975
43460	8.648785	-4.025731	1.821095	-0.038276	-0.016149	0.185769	-66.396281	-62.729598	33.186415
43461	8.741410	-4.062474	1.798204	-0.050078	-0.023499	0.188265	-66.532729	-62.636491	33.307737
43462	8.771614	-4.117022	1.719929	-0.046949	-0.013079	0.206591	-66.663948	-62.531250	33.425302
43463	8.695812	-4.214064	1.729783	-0.041369	0.006352	0.212743	-66.774147	-62.418256	33.522881
43464	8.706931	-4.138326	1.764694	-0.029078	0.011945	0.218950	-66.873496	-62.300650	33.616267
43465	8.650181	-4.195106	1.806709	-0.044552	0.022082	0.223423	-66.972700	-62.178334	33.699570
43466	8.667328	-4.219251	1.734496	-0.031880	0.015343	0.229295	-67.073019	-62.054362	33.792447
43467	8.594995	-4.142468	1.863064	-0.046189	0.029887	0.230364	-67.166761	-61.926511	33.868693
43468	8.697048	-4.161615	1.821750	-0.059581	0.004972	0.255409	-67.302278	-61.790881	33.983708
43469	8.837240	-4.324438	1.645321	-0.072136	0.025102	0.287065	-67.436995	-61.633946	34.089802
43470	8.789707	-4.416051	1.637573	-0.047402	0.064447	0.309215	-67.526833	-61.456555	34.161138
43471	8.687712	-4.340326	1.819335	-0.034505	0.100297	0.326836	-67.580729	-61.261950	34.200065
43472	8.684896	-4.241260	1.840741	-0.037465	0.097392	0.368938	-67.655066	-61.045650	34.260471
43473	8.670717	-4.263899	1.946938	-0.065983	0.097557	0.393203	-67.754040	-60.816411	34.330497
43474	8.829668	-4.281869	1.919106	-0.079239	0.090197	0.441315	-67.884643	-60.563166	34.428255
43475	9.133568	-4.444084	1.888204	-0.123915	0.097541	0.508688	-68.057388	-60.272442	34.545294
43476	9.479118	-4.583918	1.841824	-0.135243	0.149074	0.589914	-68.216311	-59.927356	34.639278
43477	9.325207	-4.713428	1.809951	-0.146159	0.203906	0.688460	-68.364485	-59.518085	34.713926
43478	9.216150	-4.604459	2.030358	-0.147443	0.173323	0.753024	-68.560537	-59.080708	34.843731
43479	9.073005	-4.616377	2.010606	-0.173764	0.148980	0.841885	-68.818909	-58.600733	35.029355
43480	8.873127	-4.678000	1.930651	-0.191180	0.179825	0.907680	-69.075855	-58.078776	35.202582
43481	8.756109	-4.783421	1.953176	-0.200190	0.176762	0.976174	-69.355751	-57.520365	35.397842
43482	8.698964	-4.741661	2.047046	-0.213755	0.180374	1.031715	-69.649740	-56.930873	35.601876
43483	8.335413	-4.868154	2.017507	-0.231498	0.196019	1.078058	-69.946529	-56.312847	35.798488
43484	8.428431	-5.049210	1.953487	-0.230030	0.170659	1.098404	-70.259914	-55.688195	36.017564
43485	8.425669	-5.197354	1.859295	-0.226254	0.203588	1.130798	-70.545406	-55.039146	36.207031
43486	8.283380	-5.326352	1.828802	-0.207843	0.220160	1.155100	-70.806064	-54.373262	36.380528
43487	8.159578	-5.381108	1.810736	-0.197607	0.239282	1.178618	-71.045179	-53.690684	36.536119
43488	8.513315	-5.644684	1.877265	-0.170085	0.253774	1.189651	-71.253996	-52.999037	36.674982
43489	8.431611	-5.523811	1.720845	-0.144444	0.341974	1.226399	-71.388711	-52.271072	36.740391
43490	7.710449	-5.872491	1.682425	-0.127384	0.414136	1.242772	-71.464408	-51.520915	36.743885
43491	8.129164	-5.963492	1.776336	-0.069686	0.407957	1.221700	-71.505445	-50.783394	36.745350
43492	8.301935	-6.063380	1.746906	-0.050799	0.510858	1.248997	-71.473968	-50.012259	36.666775
43493	7.646043	-6.280394	1.790374	-0.030967	0.552930	1.272888	-71.411798	-49.220507	36.561905
43494	7.553481	-6.305776	1.813417	0.014434	0.522908	1.262287	-71.343236	-48.439856	36.481865
43495	7.549995	-6.388539	2.168998	0.027536	0.553626	1.258201	-71.250672	-47.655776	36.378653
43496	7.744151	-6.564890	2.204394	0.069900	0.575838	1.238613	-71.120569	-46.878011	36.256111
43497	7.640888	-6.273139	2.218433	0.060175	0.616413	1.222187	-70.974079	-46.101473	36.101703
43498	7.622633	-6.570736	2.287460	0.067197	0.637431	1.210721	-70.814782	-45.326845	35.933024
43499	7.223388	-6.420840	2.255870	0.055279	0.658354	1.220483	-70.658264	-44.542744	35.756304
43500	6.682033	-6.521931	2.164892	0.044934	0.646647	1.236749	-70.522123	-43.751682	35.597866
43501	6.558520	-6.902413	2.247876	0.009417	0.558031	1.244728	-70.457295	-42.973157	35.511344
43502	6.613191	-6.831114	2.329077	0.036681	0.462446	1.234183	-70.424589	-42.218519	35.494133
43503	6.783118	-6.634376	2.319390	0.004216	0.491848	1.239845	-70.397936	-41.455255	35.457830
43504	6.108851	-6.844405	2.386664	0.013814	0.491833	1.242489	-70.367179	-40.690469	35.423125
43505	5.806873	-6.850884	2.323505	0.015167	0.443991	1.236087	-70.357370	-39.938428	35.421429
43506	5.751880	-6.911515	2.410316	0.019471	0.423660	1.225258	-70.352514	-39.196059	35.431382
43507	5.690573	-6.993729	2.365746	0.015018	0.375346	1.210389	-70.368703	-38.471098	35.470953
43508	5.413464	-6.960179	2.374264	0.016229	0.344113	1.214407	-70.397136	-37.749884	35.532154
43509	5.588727	-7.099713	2.580744	0.010248	0.292197	1.204708	-70.447696	-37.043914	35.625099
43510	5.866091	-7.052610	2.674435	0.003578	0.281018	1.199568	-70.503893	-36.342717	35.722644
43511	5.630402	-7.130349	2.754706	-0.014903	0.309887	1.202146	-70.557771	-35.634616	35.799833
43512	5.393729	-7.303441	2.775481	-0.037855	0.272047	1.191979	-70.636134	-34.939064	35.898006
43513	5.385518	-7.275029	2.788799	-0.053106	0.233762	1.184666	-70.734408	-34.254674	36.017533
43514	5.487403	-7.308241	2.901603	-0.082561	0.236400	1.181304	-70.845588	-33.571352	36.132087
43515	5.129706	-7.304900	2.788506	-0.103752	0.240391	1.185569	-70.965495	-32.884860	36.242468
43516	5.103741	-7.459121	2.881310	-0.134874	0.210652	1.187362	-71.111133	-32.202643	36.369617
43517	5.120203	-7.541560	2.859605	-0.159732	0.179919	1.191707	-71.278945	-31.523533	36.514192
43518	5.376546	-7.566735	3.007579	-0.188467	0.180319	1.190120	-71.459651	-30.844763	36.654710
43519	5.299082	-7.678331	3.032075	-0.211055	0.227641	1.183772	-71.634289	-30.160575	36.760596
43520	4.813559	-7.595690	2.897691	-0.235660	0.264891	1.180511	-71.808418	-29.471110	36.839321
43521	4.861352	-8.017077	2.764381	-0.268669	0.250329	1.183331	-72.003826	-28.782573	36.924602
43522	4.548802	-8.118434	2.741381	-0.275763	0.236694	1.181997	-72.204754	-28.096821	37.014821
43523	4.428974	-8.057852	2.652080	-0.289945	0.219424	1.170133	-72.415161	-27.420361	37.109983
43524	4.605124	-8.355868	2.659114	-0.307809	0.198646	1.188105	-72.640619	-26.737249	37.217918
43525	4.419172	-8.394807	2.491917	-0.292868	0.197639	1.207515	-72.856658	-26.043412	37.326538
43526	4.509447	-8.430710	2.536643	-0.306213	0.186388	1.230669	-73.082433	-25.338318	37.442715
43527	4.615427	-8.751046	2.447643	-0.302628	0.182952	1.275279	-73.307565	-24.609012	37.565355
43528	4.438075	-8.443772	2.376115	-0.279391	0.190723	1.328978	-73.518429	-23.848437	37.689195
43529	4.927810	-8.832577	2.539661	-0.298121	0.206638	1.405861	-73.738523	-23.042712	37.813150
43530	5.137871	-9.223201	2.699206	-0.288280	0.248225	1.486536	-73.945610	-22.185436	37.922248
43531	5.290039	-9.272078	2.578203	-0.284708	0.272663	1.561467	-74.146961	-21.282807	38.025566
43532	5.331606	-9.557066	2.471064	-0.290140	0.307207	1.680191	-74.348194	-20.308876	38.124231
43533	5.267256	-9.779980	2.364248	-0.280674	0.309286	1.824953	-74.548505	-19.254565	38.241016
43534	5.274747	-9.962570	2.417082	-0.278500	0.293071	1.966718	-74.754261	-18.123840	38.385255
43535	5.053656	-10.314302	2.367880	-0.297769	0.248792	2.123730	-74.981770	-16.912589	38.574337
43536	4.904114	-10.567058	2.242712	-0.300882	0.126330	2.267002	-75.231269	-15.639097	38.849558
43537	4.639189	-10.504228	2.003679	-0.321688	-0.031512	2.455997	-75.515283	-14.282691	39.235739
43538	4.707134	-10.690439	1.971809	-0.356251	-0.233285	2.660055	-75.841627	-12.839381	39.757079
43539	4.674773	-10.635911	1.953761	-0.360574	-0.418508	2.861938	-76.182862	-11.306840	40.400622
43540	5.104731	-10.738449	1.775861	-0.355759	-0.583664	3.086161	-76.524123	-9.667761	41.155675
43541	5.382574	-10.518261	1.850018	-0.306956	-0.686044	3.297141	-76.826638	-7.920778	41.983548
43542	5.142212	-10.174684	1.680019	-0.241818	-0.723021	3.513804	-77.070392	-6.053404	42.848453
43543	4.421420	-9.587118	1.516781	-0.143070	-0.756943	3.703023	-77.231816	-4.082074	43.746867
43544	4.119382	-9.075400	1.209523	-0.048284	-0.787439	3.878026	-77.308976	-2.014474	44.678135
43545	3.596302	-9.052652	0.945109	0.070019	-0.765028	4.077354	-77.284136	0.167249	45.619807
43546	3.023065	-8.838233	0.653749	0.251204	-0.760287	4.280522	-77.117916	2.462059	46.588419
43547	2.593909	-11.032332	1.644494	0.295020	-0.649032	4.571125	-76.887521	4.929459	47.541965
43548	4.922940	-15.035521	1.140442	0.504201	-1.001008	3.986130	-76.485054	7.019582	48.632196
43549	6.994335	-11.240562	2.150153	0.656177	-1.124136	3.013645	-75.967576	8.542205	49.678684
43550	7.296278	-11.205967	2.193295	0.615224	-1.161625	1.772010	-75.473923	9.361610	50.585444
43551	7.762321	-10.380930	2.663348	0.583070	-1.047150	0.360134	-75.035494	9.407117	51.226924
43552	6.762875	-10.672378	3.291454	0.602470	-0.746702	-0.878254	-74.645106	8.809168	51.512166
43553	5.826976	-11.389649	3.914114	0.632769	-0.505367	-1.822118	-74.282876	7.724190	51.511626
43554	5.844511	-12.041587	4.436398	0.734088	-0.209090	-2.501108	-73.896358	6.312837	51.232203
43555	5.624419	-12.713711	4.775117	0.931235	0.178824	-3.023697	-73.419332	4.677420	50.643827
43556	5.313214	-13.280431	5.331244	1.192551	0.599775	-3.474758	-72.795788	2.871876	49.734863
43557	5.107094	-14.305403	5.235452	1.564488	1.108712	-3.853704	-71.942044	0.957955	48.460100
43558	3.361472	-14.298142	4.846396	2.109243	1.743830	-4.042894	-70.733898	-0.917446	46.772657
43559	0.769892	-13.083776	4.343015	2.516973	2.102642	-3.862487	-69.233810	-2.586686	44.882475
43560	-2.008095	-11.842503	3.354144	2.755729	2.173290	-3.358070	-67.548606	-3.917413	43.013573
43561	-4.744026	-9.940563	2.571300	2.762132	1.854219	-2.759927	-65.841675	-4.951570	41.407536
43562	-5.642174	-7.986403	1.870573	2.546352	1.203923	-2.216487	-64.273243	-5.812611	40.241657
43563	-5.129086	-6.643570	1.498623	2.155974	0.468965	-1.805618	-62.961595	-6.621981	39.537139
43564	-3.406909	-6.114534	1.733455	1.744288	-0.289082	-1.641241	-61.926375	-7.532714	39.246962
43565	-0.364607	-6.003954	2.337610	1.396310	-0.914701	-1.757687	-61.123554	-8.669687	39.227345
43566	3.418284	-6.011058	2.936799	1.149745	-1.204240	-2.129123	-60.465919	-10.071607	39.234672
43567	6.289380	-5.779202	3.447451	0.974008	-1.023254	-2.649783	-59.860416	-11.682155	38.983418
43568	6.928884	-5.832417	3.637187	0.819507	-0.554764	-3.155694	-59.247960	-13.402439	38.325770
43569	5.257676	-5.728510	3.206713	0.709323	-0.105209	-3.565649	-58.585895	-15.185290	37.290660
43570	2.573214	-5.419475	2.467930	0.520717	0.126535	-3.709170	-57.947721	-16.955169	36.063492
43571	-0.279777	-5.232246	1.817282	0.303648	0.040043	-3.613084	-57.411510	-18.694508	34.880536
43572	-2.298947	-4.914477	1.550713	0.060483	-0.378429	-3.363440	-57.071074	-20.432937	33.967612
43573	-2.484787	-5.082168	1.791160	-0.176276	-0.979258	-3.030308	-56.986991	-22.196954	33.458633
43574	-0.555624	-5.033660	2.082416	-0.338196	-1.463141	-2.710467	-57.120693	-23.956561	33.305462
43575	1.843241	-4.700796	2.436714	-0.459233	-1.683721	-2.531872	-57.396229	-25.700452	33.335056
43576	4.298666	-4.354192	2.594937	-0.581996	-1.700515	-2.562103	-57.747375	-27.462440	33.374610
43577	5.958658	-4.328395	2.941381	-0.711427	-1.574420	-2.743517	-58.117153	-29.275429	33.294950
43578	6.776066	-4.876866	3.074061	-0.769511	-1.357366	-2.959441	-58.424115	-31.127090	33.028735
43579	5.558635	-5.166187	3.092224	-0.757198	-1.047826	-3.100137	-58.597688	-32.957441	32.538196
43580	3.534028	-5.519237	2.898169	-0.695547	-0.942686	-3.063472	-58.693121	-34.737853	31.994120
43581	1.859461	-5.798130	2.831704	-0.573954	-1.038663	-2.870370	-58.775079	-36.454580	31.570012
43582	1.926655	-6.061092	2.792729	-0.386438	-1.331578	-2.642419	-58.897082	-38.145349	31.406025
43583	3.369748	-5.685817	2.683532	-0.203625	-1.533375	-2.458208	-59.035357	-39.807172	31.440391
43584	4.877149	-5.356787	2.674553	-0.034516	-1.615375	-2.397956	-59.130879	-41.461868	31.556749
43585	6.020028	-5.094250	2.415390	0.096114	-1.611778	-2.452010	-59.141371	-43.143589	31.654153
43586	6.132610	-4.775158	2.203515	0.189472	-1.576309	-2.535430	-59.060933	-44.854350	31.694702
43587	5.891060	-5.074771	2.068389	0.203873	-1.607462	-2.584028	-58.972340	-46.599826	31.734093
43588	5.728823	-5.237483	2.075647	0.176447	-1.600797	-2.544313	-58.907987	-48.322261	31.784020
43589	5.845029	-5.392309	2.243242	0.121847	-1.573742	-2.449863	-58.892758	-49.992000	31.856119
43590	6.518453	-5.613713	2.389759	0.038789	-1.495092	-2.347237	-58.918505	-51.586484	31.918080
43591	6.882873	-5.557204	2.458631	-0.035501	-1.337710	-2.269952	-58.919625	-53.098102	31.893733
43592	6.806566	-5.778100	2.733835	-0.101097	-1.242432	-2.223705	-58.911885	-54.557223	31.812441
43593	6.614025	-6.183695	2.971671	-0.128130	-1.253811	-2.172711	-58.946397	-55.996297	31.765035
43594	6.760022	-6.455611	3.277507	-0.112385	-1.296021	-2.111655	-59.030956	-57.416273	31.789205
43595	6.990665	-6.766849	3.565876	-0.066876	-1.285060	-2.013672	-59.132044	-58.786383	31.863057
43596	7.176278	-6.846568	3.796536	-0.013409	-1.246018	-1.899005	-59.234355	-60.086994	31.972992
43597	7.389041	-6.822593	3.810714	0.000475	-1.196770	-1.783038	-59.355567	-61.317415	32.112212
43598	7.548908	-6.780628	3.846705	-0.012790	-1.126652	-1.661363	-59.497274	-62.465760	32.264595
43599	7.824030	-6.668125	3.844072	-0.047551	-1.067280	-1.559404	-59.672317	-63.547665	32.430385
43600	8.155862	-6.448959	3.622974	-0.116466	-0.987254	-1.480506	-59.866101	-64.565816	32.571715
43601	8.166476	-6.308181	3.430448	-0.198691	-0.912803	-1.405306	-60.087896	-65.526352	32.690713
43602	8.321633	-6.190857	3.196589	-0.306922	-0.868900	-1.343121	-60.376546	-66.441974	32.814235
43603	8.607804	-6.672794	3.130550	-0.441938	-0.830484	-1.258174	-60.771603	-67.305245	32.968407
43604	8.464066	-7.174271	3.379912	-0.504897	-0.823968	-1.170142	-61.276571	-68.120910	33.201535
43605	8.644240	-7.631740	3.631041	-0.525524	-0.850443	-1.072922	-61.924558	-68.894913	33.574276
43606	8.815559	-7.935861	3.928165	-0.483779	-0.816484	-0.971709	-62.611390	-69.605841	34.012366
43607	8.774199	-7.980107	4.042219	-0.373871	-0.722668	-0.863727	-63.218726	-70.236300	34.430878
43608	8.552171	-7.783066	4.012552	-0.219198	-0.623515	-0.747687	-63.707126	-70.779606	34.815781
43609	8.255646	-7.308063	3.773416	-0.057770	-0.504510	-0.616604	-64.043344	-71.225223	35.136328
43610	7.814913	-6.664593	3.368821	0.072427	-0.420076	-0.496432	-64.277875	-71.586554	35.427599
43611	7.613859	-5.935977	2.758625	0.158220	-0.372874	-0.361567	-64.500658	-71.866682	35.757663
43612	7.760331	-5.292708	2.266123	0.156998	-0.352953	-0.277662	-64.763601	-72.097500	36.128799
43613	8.081673	-4.796724	1.811657	0.070281	-0.318402	-0.234317	-65.061862	-72.297288	36.484345
43614	7.967808	-4.369958	1.533760	-0.055991	-0.262972	-0.216286	-65.361826	-72.473391	36.765448
43615	7.503834	-4.219818	1.331139	-0.186323	-0.220289	-0.185059	-65.695667	-72.622950	37.003486
43616	6.742713	-4.060752	1.381656	-0.314621	-0.209057	-0.122537	-66.135435	-72.736351	37.275358
43617	6.552259	-4.157086	1.697739	-0.401024	-0.232316	-0.040566	-66.730224	-72.811568	37.657518
43618	22.426361	-15.625853	9.342057	-0.525714	0.839119	0.483065	-65.981701	-72.365610	36.557427
43619	-5.885487	-4.410397	1.360778	0.323064	2.839202	1.335936	-62.383750	-70.967941	32.962509
43620	4.898389	-4.688540	9.877840	-0.871831	0.581498	1.024835	-62.811183	-70.293738	32.886132
43621	12.225221	-5.988396	3.228556	-0.492927	-0.722967	0.849499	-64.721200	-70.040478	34.616370
43622	11.930358	-6.007034	5.476259	-0.357315	0.659007	0.827376	-64.552186	-69.450805	34.218043
43623	8.006649	-5.260654	4.843382	0.132848	-0.317284	0.660375	-65.337402	-69.185172	35.138761
43624	11.088735	-2.721508	-0.607322	0.138774	-0.494926	0.449068	-66.213474	-69.067304	36.161506
43625	11.643148	-3.400712	-0.509892	-0.131517	0.165274	0.514732	-66.372078	-68.759310	36.250795
43626	9.822673	-4.396171	0.682910	-0.039686	0.435099	0.328684	-66.006949	-68.486794	35.834316
43627	8.806470	-3.421986	2.257779	0.038024	0.394211	0.229104	-65.601792	-68.274618	35.421989
43628	8.383629	-3.411017	2.352720	0.024430	0.160656	0.221257	-65.509995	-68.121545	35.338238
43629	8.882021	-3.210006	1.840248	-0.003645	-0.010796	0.216659	-65.654153	-68.011178	35.491452
43630	9.156692	-3.371960	1.394296	-0.037453	-0.026051	0.213494	-65.833889	-67.906209	35.662252
43631	9.241420	-3.423357	1.294716	-0.012884	0.014569	0.200147	-65.938284	-67.798236	35.767053
43632	9.151289	-3.388668	1.422327	-0.001545	0.071600	0.205196	-65.965228	-67.674577	35.795254
43633	9.059266	-3.483116	1.521655	0.008283	0.076593	0.192561	-65.972889	-67.556046	35.808730
43634	8.997312	-3.503119	1.527399	0.011803	0.066500	0.173976	-65.980616	-67.449911	35.824457
43635	9.041891	-3.458973	1.512387	0.013953	0.044314	0.164302	-66.009539	-67.353687	35.864501
43636	9.027288	-3.303734	1.404500	0.026730	0.063835	0.161277	-66.004699	-67.254818	35.875899
43637	9.177234	-3.200299	1.397065	0.026356	0.090002	0.212902	-65.996183	-67.122509	35.883100
43638	8.968567	-3.625760	1.603294	0.014480	0.140185	0.238965	-65.946837	-66.965174	35.838563
43639	8.800691	-3.580262	1.663100	0.065111	0.069813	0.215027	-65.942257	-66.836473	35.874198
43640	9.053249	-3.486466	1.462473	0.051815	0.064515	0.227159	-65.958015	-66.702977	35.923696
43641	8.936665	-3.568816	1.539892	0.058774	0.107853	0.202398	-65.903824	-66.571994	35.901404
43642	8.799508	-3.513280	1.722445	0.051846	0.090577	0.201728	-65.874272	-66.445719	35.901614
43643	8.791455	-3.529527	1.730326	0.041474	0.051275	0.186047	-65.889420	-66.336522	35.944137
43644	8.924537	-3.470476	1.668598	0.030378	0.020155	0.199663	-65.954750	-66.227788	36.034548
43645	9.116923	-3.641648	1.400663	0.027400	0.032584	0.212377	-66.013146	-66.109137	36.115607
43646	9.051874	-3.666311	1.478996	0.045432	0.086096	0.213573	-65.998176	-65.977706	36.127754
43647	8.885435	-3.675256	1.632005	0.061848	0.095144	0.197651	-65.955082	-65.852175	36.119420
43648	8.858609	-3.790546	1.661055	0.048917	0.080003	0.166029	-65.920714	-65.747047	36.112513
43649	8.860523	-3.961621	1.589183	0.062306	0.067736	0.102611	-65.860320	-65.677624	36.085475
43650	8.723828	-3.547164	1.857234	0.060612	0.063488	0.067966	-65.787984	-65.627624	36.044239
43651	8.649538	-3.650047	1.807310	0.046969	0.020417	0.054271	-65.766262	-65.594554	36.049993
43652	8.732639	-3.585430	1.814054	0.023031	-0.023908	0.047544	-65.805683	-65.575751	36.107820
43653	8.838862	-3.709788	1.662760	0.006778	-0.043268	0.035927	-65.870709	-65.567198	36.183563
43654	9.072535	-3.731892	1.518506	0.019606	-0.049710	0.048901	-65.942339	-65.553670	36.274625
43655	9.163773	-3.770692	1.372570	0.046353	0.012632	0.061333	-65.933318	-65.518711	36.293948
43656	8.877935	-3.742094	1.664676	0.055579	0.069465	0.049590	-65.847711	-65.476942	36.234909
43657	8.839238	-3.648299	1.674890	0.067760	0.039223	0.047735	-65.789104	-65.442867	36.213216
43658	8.893902	-3.703089	1.656083	0.055268	0.047582	0.043821	-65.726098	-65.409202	36.178799
43659	8.838913	-3.761890	1.658161	0.052376	0.044022	0.034615	-65.664296	-65.380826	36.143885
43660	8.900003	-3.685707	1.668694	0.045877	0.034450	0.032496	-65.616017	-65.356147	36.119734
43661	8.943244	-3.707220	1.650327	0.049967	0.047955	0.030926	-65.549422	-65.328734	36.078012
43662	8.817139	-3.684056	1.751047	0.038966	0.048171	0.030592	-65.488719	-65.301769	36.035819
43663	8.816072	-3.685239	1.731528	0.040238	0.029023	0.034056	-65.450968	-65.277192	36.019695
43664	8.780519	-3.700966	1.782532	0.026024	0.029102	0.022764	-65.415376	-65.258823	35.996969
43665	8.790594	-3.679246	1.761333	0.014943	-0.001472	0.016725	-65.417694	-65.250535	36.009003
43666	8.802881	-3.711789	1.735898	0.007183	-0.011827	0.012781	-65.434020	-65.247118	36.031555
43667	8.813070	-3.690435	1.735738	-0.005553	-0.019894	0.005092	-65.462879	-65.249274	36.059886
43668	8.868563	-3.688680	1.710755	-0.005856	-0.031003	0.010414	-65.507132	-65.251640	36.104963
43669	8.869457	-3.688832	1.683447	-0.006707	-0.029751	0.012208	-65.551477	-65.252406	36.149616
43670	8.836283	-3.702859	1.703599	-0.009993	-0.024604	0.012159	-65.591767	-65.252317	36.187720
43671	8.803371	-3.716525	1.723234	-0.013100	-0.039177	0.002873	-65.645665	-65.260154	36.238858
43672	8.825236	-3.671870	1.697069	-0.013236	-0.044713	0.004621	-65.706760	-65.268717	36.297819
43673	8.850462	-3.736072	1.666408	-0.020266	-0.041884	-0.002801	-65.765003	-65.280110	36.349213
43674	8.792881	-3.686234	1.735107	-0.025081	-0.048595	-0.001202	-65.834415	-65.292574	36.409848
43675	8.883904	-3.725811	1.681445	-0.016211	-0.068322	0.002451	-65.923181	-65.307356	36.497387
43676	8.874424	-3.691891	1.627505	-0.021824	-0.053777	0.000627	-65.997700	-65.320002	36.565682
43677	8.817220	-3.698908	1.741941	-0.024066	-0.058848	0.002309	-66.080283	-65.332551	36.641445
43678	8.888168	-3.725300	1.614027	-0.023436	-0.071099	0.000362	-66.175518	-65.349269	36.731505
43679	8.956250	-3.755582	1.583777	-0.026039	-0.052843	0.000489	-66.251625	-65.361286	36.798882
43680	8.857650	-3.737646	1.601053	-0.015653	-0.046130	-0.006405	-66.310634	-65.375698	36.853976
43681	8.945623	-3.723842	1.599214	-0.014807	-0.047379	-0.008217	-66.369822	-65.390965	36.909805
43682	8.859693	-3.736728	1.591866	-0.022639	-0.037868	-0.010124	-66.421629	-65.405389	36.952562
43683	8.926270	-3.711012	1.566134	-0.013628	-0.037437	-0.018943	-66.463496	-65.423970	36.990073
43684	8.927363	-3.709726	1.562946	-0.016746	-0.021365	-0.015201	-66.490526	-65.437262	37.009288
43685	8.838318	-3.726930	1.679747	-0.019940	-0.016067	-0.022464	-66.509767	-65.452797	37.017936
43686	8.884060	-3.688085	1.606316	-0.007615	-0.035362	-0.022399	-66.544132	-65.473059	37.050960
43687	8.919292	-3.671826	1.531753	-0.009563	-0.018663	-0.009553	-66.566912	-65.482394	37.070032
43688	8.877107	-3.762888	1.598150	-0.005392	-0.019670	-0.005837	-66.590257	-65.490363	37.092338
43689	8.865907	-3.729546	1.597502	0.000705	-0.017442	-0.016520	-66.602301	-65.503078	37.106073
43690	8.887830	-3.682978	1.573658	0.004285	-0.026095	-0.011112	-66.624916	-65.515275	37.133666
43691	8.912339	-3.746787	1.569993	0.003292	-0.010453	-0.009116	-66.631131	-65.522504	37.142622
43692	8.877819	-3.704838	1.618917	0.009282	-0.013724	-0.019878	-66.632241	-65.536497	37.149728
43693	8.887767	-3.625567	1.596936	0.007447	-0.016806	-0.012722	-66.641634	-65.547064	37.164789
43694	8.868986	-3.724497	1.615781	0.003713	-0.008422	-0.005456	-66.647019	-65.552266	37.173085
43695	8.903092	-3.709689	1.567046	0.011074	-0.025381	-0.010938	-66.665165	-65.563840	37.200042
43696	8.945090	-3.677006	1.616923	0.005315	-0.011070	-0.001830	-66.674520	-65.567733	37.213706
43697	8.916927	-3.739007	1.515215	0.015031	-0.012105	-0.001601	-66.679709	-65.571379	37.228919
43698	9.000885	-3.615418	1.498415	0.016625	0.010529	0.007805	-66.662384	-65.565303	37.220396
43699	8.894831	-3.785608	1.563995	0.021808	0.013891	0.004354	-66.636572	-65.559920	37.205822
43700	8.856471	-3.692338	1.666681	0.019300	0.012361	-0.001167	-66.611122	-65.558142	37.190057
43701	8.844548	-3.659310	1.669085	0.016227	0.003222	-0.006801	-66.595279	-65.561044	37.182921
43702	8.857286	-3.690107	1.643709	0.007423	-0.011535	-0.001779	-66.603978	-65.565023	37.197191
43703	8.870735	-3.720060	1.592812	0.003969	-0.017319	-0.005565	-66.619547	-65.571946	37.216842
43704	8.914967	-3.683436	1.544948	0.005614	-0.019890	-0.005559	-66.637079	-65.579810	37.239673
43705	8.893922	-3.729025	1.590168	-0.000102	-0.010815	-0.009205	-66.645647	-65.587166	37.249072
43706	8.872467	-3.717470	1.589209	0.003415	-0.010235	-0.019984	-66.646048	-65.600421	37.251704
43707	8.848880	-3.652032	1.614758	0.006664	-0.015451	-0.016351	-66.652552	-65.612587	37.263092
43708	8.846849	-3.598281	1.664044	0.005094	-0.027423	-0.009302	-66.677303	-65.624123	37.293515
43709	8.904878	-3.648751	1.611662	-0.006130	-0.032936	0.001223	-66.720263	-65.631000	37.336876
43710	8.997896	-3.740542	1.508738	-0.008379	-0.038047	0.004720	-66.772143	-65.637540	37.388602
43711	8.898338	-3.723792	1.553885	-0.006809	-0.006069	-0.007495	-66.779946	-65.642914	37.392938
43712	8.886503	-3.691476	1.577898	0.001396	-0.024275	-0.014798	-66.800508	-65.656606	37.416429
43713	8.910618	-3.698182	1.527575	-0.008422	-0.008738	-0.020257	-66.805988	-65.669302	37.417200
43714	8.878745	-3.709078	1.549821	-0.000737	-0.009156	-0.027332	-66.803932	-65.686181	37.414525
43715	8.844696	-3.666190	1.598691	-0.001217	-0.011301	-0.025563	-66.805629	-65.702250	37.415673
43716	8.901991	-3.659229	1.524970	0.000574	-0.028302	-0.023948	-66.826864	-65.721665	37.439375
43717	8.881805	-3.703491	1.569564	-0.008024	-0.012059	-0.023926	-66.834183	-65.737042	37.442412
43718	8.913411	-3.635011	1.571556	0.002038	-0.016514	-0.021942	-66.841851	-65.752740	37.452147
43719	8.913725	-3.634465	1.594952	-0.001253	-0.006062	-0.012807	-66.843849	-65.760909	37.453603
43720	8.882407	-3.644484	1.568518	-0.002671	-0.012460	-0.009305	-66.855809	-65.769036	37.465084
43721	8.937194	-3.642541	1.568673	-0.001896	-0.008544	0.005274	-66.870130	-65.768238	37.479649
43722	8.895279	-3.675701	1.541241	-0.002611	-0.007034	-0.005601	-66.877565	-65.773190	37.486206
43723	8.872792	-3.666266	1.565139	0.004580	-0.004316	0.000045	-66.880614	-65.774195	37.492478
43724	8.917266	-3.686596	1.564724	-0.000557	-0.007608	-0.000122	-66.890287	-65.776389	37.502779
43725	8.895251	-3.676186	1.564241	-0.002515	-0.001534	-0.005520	-66.891363	-65.779700	37.502430
43726	8.895021	-3.676839	1.588032	-0.005198	-0.008718	-0.003872	-66.903125	-65.784119	37.512105
43727	8.895413	-3.676413	1.586822	-0.005258	-0.014144	-0.007579	-66.919526	-65.791348	37.526835
43728	8.895999	-3.675762	1.585048	-0.008729	-0.019968	-0.009558	-66.943677	-65.801287	37.547874
43729	8.975020	-3.679784	1.487089	-0.000209	-0.011039	0.001648	-66.958165	-65.802951	37.563678
43730	8.897381	-3.673519	1.534293	0.001284	0.000823	0.000042	-66.956991	-65.803162	37.563241
43731	8.984640	-3.658699	1.512863	0.012001	0.009480	0.002227	-66.940706	-65.799919	37.552976
43732	8.896860	-3.673711	1.536853	0.010509	0.022975	0.006014	-66.911252	-65.792007	37.527329
43733	8.928213	-3.663119	1.564484	0.019193	0.012199	0.007871	-66.890498	-65.785177	37.516679
43734	8.894825	-3.676378	1.590196	0.016125	0.028414	0.004401	-66.850682	-65.776880	37.483195
43735	8.839301	-3.679337	1.615757	0.011619	0.012835	0.004076	-66.831643	-65.771902	37.469667
43736	8.914439	-3.632214	1.596088	0.011559	0.007409	0.000371	-66.817039	-65.770453	37.460957
43737	8.904120	-3.654365	1.595841	0.003471	0.005825	0.001975	-66.809821	-65.768159	37.455273
43738	8.926603	-3.663918	1.571779	0.002859	-0.001894	0.007293	-66.814557	-65.765163	37.462307
43739	8.915132	-3.688667	1.619794	0.004700	0.006538	0.007452	-66.808547	-65.759825	37.458718
43740	8.904288	-3.653907	1.548182	0.007535	-0.000709	0.007418	-66.809279	-65.756496	37.464299
43741	8.926522	-3.663828	1.524721	0.006506	0.014896	0.011234	-66.794358	-65.747279	37.452073
43742	8.915169	-3.687827	1.549892	0.015036	0.018549	0.011480	-66.770325	-65.737462	37.435206
43743	8.912059	-3.635173	1.578832	0.013831	0.023190	0.013325	-66.742604	-65.725267	37.413539
43744	8.857442	-3.694501	1.626566	0.008674	0.019863	0.014971	-66.722470	-65.713309	37.396946
43745	8.887325	-3.628930	1.631509	0.012750	0.008046	0.009469	-66.711129	-65.706567	37.392567
43746	8.912337	-3.691494	1.557430	0.005583	0.010682	0.011148	-66.701573	-65.698698	37.385636
43747	8.853869	-3.642535	1.632572	0.007230	0.008112	0.011152	-66.694167	-65.691055	37.382105
43748	8.866514	-3.673674	1.583238	0.004962	-0.002355	0.007336	-66.698248	-65.688147	37.389745
43749	8.921202	-3.671689	1.560568	0.007230	0.008112	0.011150	-66.690840	-65.680504	37.386212
43750	8.864506	-3.677243	1.633588	0.002653	0.012430	0.011098	-66.680917	-65.672264	37.377033
43751	8.964227	-3.636559	1.491776	0.013896	0.003294	0.013056	-66.676257	-65.664712	37.380707
43752	8.896475	-3.665734	1.588673	0.003660	0.027433	0.022185	-66.653888	-65.647233	37.358500
43753	8.928795	-3.653661	1.543321	0.022429	0.012262	0.022431	-66.638633	-65.632717	37.355909
43754	8.949166	-3.666554	1.571005	0.017076	0.043263	0.022689	-66.590523	-65.611365	37.313876
43755	8.862052	-3.737120	1.595032	0.019965	0.036120	0.017225	-66.546462	-65.594153	37.278103
43756	8.843641	-3.599976	1.677377	0.020366	0.038122	0.022688	-66.502562	-65.573947	37.242749
43757	8.823572	-3.700550	1.676312	0.016179	0.019120	0.024167	-66.483921	-65.556952	37.232504
43758	8.866830	-3.665518	1.607158	0.010491	0.008261	0.022088	-66.479964	-65.543878	37.234804
43759	8.900521	-3.708889	1.583460	0.017403	0.014510	0.020513	-66.464129	-65.529855	37.228411
43760	8.897737	-3.655981	1.587947	0.019699	0.025012	0.022497	-66.435790	-65.512731	37.209718
43761	8.941819	-3.676679	1.542629	0.029770	0.025908	0.031800	-66.405451	-65.490168	37.195170
43762	8.951845	-3.711888	1.545829	0.027873	0.042705	0.040986	-66.361452	-65.459269	37.164405
43763	8.904105	-3.696294	1.599643	0.030218	0.053276	0.039331	-66.303337	-65.426453	37.119592
43764	8.868704	-3.712317	1.628340	0.025826	0.048607	0.044590	-66.255769	-65.392280	37.083596
43765	8.878218	-3.748078	1.632563	0.029155	0.043527	0.040985	-66.210499	-65.360817	37.052219
43766	8.873806	-3.697411	1.664081	0.032241	0.047340	0.037464	-66.157330	-65.330647	37.014086
43767	8.838557	-3.712999	1.692263	0.025784	0.043210	0.039060	-66.113577	-65.300245	36.982237
43768	8.870258	-3.702313	1.649285	0.026540	0.036487	0.035384	-66.075174	-65.273659	36.956746
43769	8.866859	-3.707024	1.702385	0.021899	0.040721	0.040724	-66.037479	-65.242946	36.929101
43770	8.855805	-3.730657	1.656387	0.018275	0.029370	0.040521	-66.014607	-65.215315	36.915488
43771	8.853826	-3.734030	1.659362	0.016846	0.023019	0.042231	-66.000741	-65.187927	36.910891
43772	8.887117	-3.778401	1.613256	0.021345	0.033145	0.038804	-65.971047	-65.160311	36.891692
43773	8.916875	-3.770346	1.643303	0.027978	0.042832	0.033617	-65.924156	-65.132801	36.857727
43774	8.868578	-3.698414	1.673934	0.030553	0.044469	0.033683	-65.873968	-65.105202	36.821744
43775	8.901777	-3.742310	1.629776	0.030473	0.044376	0.039092	-65.826854	-65.074445	36.789093
43776	8.887007	-3.713840	1.660203	0.026328	0.050759	0.042633	-65.776730	-65.040666	36.750493
43777	8.836542	-3.645107	1.739652	0.024640	0.044137	0.060602	-65.744290	-64.998709	36.730322
43778	8.891550	-3.701492	1.670781	0.021271	0.034686	0.073081	-65.730615	-64.952791	36.728725
43779	9.174077	-3.677713	1.586467	0.020563	0.023206	0.101871	-65.744748	-64.894207	36.757380
43780	9.119721	-3.795365	1.489632	0.017011	0.092998	0.136485	-65.700496	-64.801436	36.719304
43781	8.951832	-3.741402	1.691884	0.033389	0.103214	0.160356	-65.647937	-64.693462	36.682383
43782	8.968155	-3.764510	1.629481	0.030380	0.101183	0.185400	-65.612055	-64.573201	36.661980
43783	8.798810	-3.946924	1.605688	0.032512	0.131295	0.205283	-65.552324	-64.435118	36.616481
43784	8.842955	-3.495700	2.050378	0.063418	0.111095	0.198669	-65.493989	-64.305569	36.592126
43785	8.869600	-3.557386	1.960515	-0.034370	0.053045	0.292735	-65.600710	-64.140426	36.688811
43786	8.837393	-3.860460	1.709777	-0.035053	0.045426	0.294207	-65.715319	-63.976537	36.793972
43787	8.994518	-3.651120	1.798879	-0.056881	0.031639	0.350731	-65.882727	-63.785938	36.944166
43788	8.828902	-3.881296	1.763512	-0.075988	0.051999	0.387526	-66.054484	-63.571435	37.087260
43789	8.834386	-3.928776	1.764923	-0.072824	0.034154	0.410360	-66.251202	-63.348614	37.260555
43790	8.885212	-3.998047	1.694247	-0.081350	0.055732	0.431125	-66.436736	-63.109960	37.416200
43791	8.810491	-4.092681	1.717450	-0.073348	0.080317	0.438023	-66.592644	-62.861583	37.544076
43792	8.789884	-4.133375	1.746679	-0.061478	0.092925	0.441398	-66.727862	-62.608700	37.656611
43793	8.795282	-4.181653	1.656710	-0.043843	0.116080	0.455687	-66.833713	-62.342679	37.747690
43794	8.815767	-4.193153	1.718545	-0.030969	0.146980	0.473349	-66.907059	-62.060608	37.810591
43795	8.895439	-4.244965	1.857904	-0.027364	0.165033	0.520776	-66.979159	-61.749176	37.874592
43796	9.081913	-4.212800	1.812158	-0.029437	0.184934	0.597938	-67.063298	-61.392818	37.951134
43797	9.252110	-4.517469	1.757490	-0.063873	0.235373	0.677126	-67.148899	-60.983111	38.007104
43798	10.007313	-4.339120	2.342411	-0.075401	0.260343	0.784770	-67.258034	-60.511213	38.082720
43799	10.264656	-4.398762	2.284818	-0.159147	0.283886	0.954054	-67.455124	-59.944278	38.204774
43800	9.171496	-4.467963	1.974561	-0.185382	0.256483	1.080069	-67.732420	-59.316562	38.403105
43801	9.294448	-4.706362	1.946556	-0.182719	0.249386	1.155382	-68.031879	-58.649712	38.630417
43802	9.337443	-4.551052	2.078158	-0.205302	0.294697	1.251644	-68.327576	-57.921603	38.839782
43803	9.305161	-4.618448	2.173674	-0.229650	0.291973	1.360623	-68.663993	-57.135217	39.082628
43804	9.117794	-4.896422	2.005415	-0.267635	0.341231	1.450449	-68.997111	-56.290056	39.297726
43805	9.118617	-5.041795	2.103116	-0.252391	0.339452	1.546882	-69.338659	-55.392820	39.535777
43806	9.248738	-5.136153	2.117201	-0.271527	0.355847	1.650841	-69.693886	-54.435819	39.779800
43807	9.069494	-5.254875	2.009666	-0.271036	0.391152	1.751146	-70.034733	-53.416989	40.009433
43808	9.005086	-5.403150	2.134428	-0.264213	0.414252	1.848857	-70.365481	-52.340299	40.234416
43809	8.837016	-5.459590	2.037126	-0.256754	0.461514	1.964062	-70.672755	-51.191590	40.438384
43810	8.477498	-5.617309	2.140445	-0.252403	0.500470	2.086003	-70.965911	-49.968934	40.630698
43811	8.158303	-5.904352	2.192948	-0.251455	0.522709	2.172556	-71.249509	-48.694665	40.814718
43812	8.387383	-6.222605	2.675086	-0.246459	0.535086	2.189854	-71.513436	-47.408150	40.979752
43813	10.013769	-7.488082	3.085470	-0.311842	0.519736	2.170715	-71.807876	-46.134358	41.138730
43814	9.516488	-7.101526	2.562243	-0.321114	0.549116	2.126031	-72.072035	-44.879103	41.251162
43815	7.734043	-6.491640	2.214821	-0.360778	0.495112	2.246552	-72.398161	-43.567281	41.422497
43816	8.232476	-7.101814	2.152027	-0.357223	0.508604	2.258926	-72.705388	-42.245576	41.573166
43817	8.395517	-7.044744	2.356856	-0.329326	0.557838	2.266776	-72.963310	-40.910919	41.677622
43818	8.129946	-7.060969	2.377364	-0.349904	0.629344	2.270657	-73.192525	-39.561692	41.722152
43819	7.730424	-7.278299	2.343322	-0.351570	0.694740	2.261615	-73.387036	-38.206824	41.711285
43820	7.773146	-7.778419	2.369793	-0.339299	0.746736	2.178173	-73.539407	-36.889051	41.642369
43821	7.359903	-7.512275	2.362237	-0.318361	0.865834	2.064075	-73.618067	-35.615173	41.467124
43822	5.779066	-7.314281	1.655144	-0.298566	0.900451	2.028610	-73.671904	-34.355004	41.262735
43823	4.134470	-7.163043	1.001902	-0.262469	0.883771	2.011822	-73.713921	-33.107312	41.067793
43824	2.712242	-6.976142	0.813336	-0.217806	0.739777	2.034438	-73.787436	-31.870010	40.972397
43825	1.614766	-7.411805	0.839282	-0.230831	0.388989	2.112082	-73.993642	-30.646292	41.115011
43826	1.560983	-7.509236	1.020566	-0.226623	-0.085077	2.169046	-74.346929	-29.464323	41.561192
43827	2.152262	-8.097483	0.740296	-0.250343	-0.499615	2.256872	-74.832294	-28.294348	42.269113
43828	2.845050	-9.219545	1.277654	-0.251255	-0.695469	2.363438	-75.361271	-27.088587	43.097640
43829	3.214244	-12.751897	2.279211	-0.258250	-0.771540	2.514744	-75.900383	-25.802940	43.975677
43830	6.097086	-12.660380	2.369578	0.078793	-1.010268	1.985547	-76.250711	-24.838379	44.900412
43831	7.417370	-10.103181	2.686331	0.057434	-0.734037	1.442161	-76.492937	-24.134772	45.563907
43832	6.801229	-10.072116	3.409258	0.178826	-0.364258	0.734964	-76.524387	-23.774349	45.893822
43833	5.791065	-10.338888	3.683635	0.254873	-0.000427	0.139355	-76.386937	-23.697263	45.914917
43834	3.963264	-10.633534	4.178030	0.344104	0.292865	-0.133748	-76.110277	-23.732182	45.717338
43835	2.234850	-10.887944	4.104948	0.416928	0.429205	-0.095853	-75.760823	-23.726179	45.442543
43836	0.814835	-10.861048	3.796500	0.478478	0.473748	0.147005	-75.380831	-23.577345	45.178807
43837	0.144664	-10.914072	3.284120	0.501450	0.428603	0.525237	-75.024101	-23.223939	45.004175
43838	-0.016119	-11.171567	2.653571	0.501015	0.355307	0.923322	-74.712396	-22.660495	44.941062
43839	-0.016433	-10.999245	2.134421	0.472275	0.202578	1.241589	-74.473479	-21.943822	45.024725
43840	0.361182	-10.637894	1.760326	0.377340	0.017622	1.478697	-74.343377	-21.125434	45.259393
43841	1.195813	-10.483128	1.694296	0.257670	-0.169569	1.628968	-74.326357	-20.252716	45.629139
43842	2.014971	-10.502054	1.810814	0.135961	-0.296217	1.677581	-74.400747	-19.373226	46.078544
43843	2.551800	-10.415259	2.172722	0.042598	-0.382525	1.675065	-74.537163	-18.506774	46.573885
43844	2.915219	-10.677285	2.397116	-0.027435	-0.404197	1.652852	-74.707837	-17.655450	47.073264
43845	2.958011	-10.890486	2.674898	-0.055125	-0.410938	1.632818	-74.886204	-16.813901	47.568428
43846	2.896485	-10.967499	2.851668	-0.045601	-0.408895	1.614497	-75.049569	-15.981652	48.054685
43847	2.667599	-11.222876	2.957368	-0.031536	-0.420147	1.600246	-75.198227	-15.156777	48.540961
43848	2.358342	-11.256282	2.869774	0.004851	-0.470493	1.581540	-75.324850	-14.349389	49.049253
43849	2.315302	-11.140793	2.824123	0.039243	-0.534550	1.583225	-75.433004	-13.548376	49.590948
43850	2.358080	-11.136348	2.748686	0.060754	-0.584874	1.584982	-75.527221	-12.753639	50.158213
43851	2.639845	-11.072075	2.854331	0.082344	-0.626042	1.588005	-75.605964	-11.961291	50.746383
43852	3.303114	-11.169047	2.997275	0.127780	-0.609214	1.560010	-75.647442	-11.182465	51.318318
43853	3.870069	-11.175569	3.169068	0.193073	-0.497094	1.496203	-75.630131	-10.422061	51.816055
43854	4.132414	-10.969093	3.364683	0.271085	-0.365829	1.361863	-75.545369	-9.718869	52.219798
43855	4.077435	-10.656584	3.346649	0.342558	-0.222649	1.177509	-75.397649	-9.097339	52.516887
43856	3.935671	-10.402034	3.304224	0.398489	-0.129384	0.986467	-75.202770	-8.569822	52.734903
43857	3.900646	-10.287403	3.141377	0.427226	-0.090669	0.800670	-74.982688	-8.139590	52.905266
43858	3.829721	-10.188145	3.074071	0.446200	-0.097103	0.593371	-74.747016	-7.826311	53.049436
43859	3.980346	-9.906687	3.039750	0.453550	-0.118342	0.360141	-74.503430	-7.645205	53.170949
43860	4.386619	-9.798612	3.146201	0.439796	-0.088017	0.091039	-74.259830	-7.608928	53.234419
43861	4.946570	-9.934792	3.268904	0.433848	-0.005927	-0.181901	-74.007802	-7.710181	53.209270
43862	5.124370	-9.931744	3.359797	0.434866	0.101283	-0.469853	-73.740690	-7.953060	53.077819
43863	5.412467	-9.847604	3.286794	0.434319	0.199307	-0.774651	-73.458118	-8.346929	52.840837
43864	5.428601	-9.581655	3.236771	0.416025	0.288113	-1.078923	-73.168880	-8.892063	52.501673
43865	5.436014	-9.214039	3.123117	0.401448	0.329063	-1.385338	-72.871675	-9.596748	52.084389
43866	5.248931	-9.020138	2.974405	0.375239	0.368813	-1.691590	-72.570093	-10.459844	51.587429
43867	4.648635	-8.796629	2.833150	0.362000	0.430398	-1.908558	-72.253194	-11.428600	51.011682
43868	4.003654	-8.128692	2.673974	0.354449	0.454386	-1.880165	-71.928092	-12.373998	50.420259
43869	3.060286	-8.020383	2.398729	0.325434	0.459939	-1.699456	-71.615466	-13.217464	49.851461
43870	2.837897	-7.676167	2.173406	0.319764	0.366992	-1.505378	-71.317779	-13.968815	49.364581
43871	2.993499	-7.377529	2.260855	0.313861	0.284026	-1.343867	-71.035184	-14.646218	48.949436
43872	3.622227	-7.063242	2.301982	0.332914	0.170053	-1.272174	-70.756031	-15.303486	48.607469
43873	4.609782	-6.546647	2.260270	0.378490	0.163822	-1.281764	-70.446017	-15.966218	48.262432
43874	5.239811	-6.094371	2.122768	0.412940	0.276403	-1.302570	-70.092253	-16.615658	47.844912
43875	5.257213	-5.659814	1.935838	0.440289	0.387505	-1.355240	-69.695032	-17.269922	47.348096
43876	5.046281	-5.061325	1.462491	0.452925	0.451526	-1.429301	-69.267560	-17.946627	46.793018
43877	4.402461	-4.774246	1.214201	0.423239	0.429467	-1.483484	-68.848460	-18.654157	46.231141
43878	3.945176	-4.503201	0.916200	0.391413	0.311590	-1.519413	-68.457610	-19.400416	45.720316
43879	3.969744	-4.182383	0.723777	0.319383	0.193913	-1.498043	-68.123229	-20.158583	45.273379
43880	4.273155	-3.943556	0.768869	0.226579	0.089089	-1.473273	-67.857195	-20.922472	44.885290
43881	4.947357	-3.671642	0.732188	0.107004	0.027355	-1.496927	-67.663508	-21.712421	44.521423
43882	5.434918	-3.366186	0.599833	-0.014702	0.080210	-1.540199	-67.518044	-22.511148	44.112716
43883	5.400121	-3.099613	0.611767	-0.154314	0.126874	-1.585049	-67.430975	-23.324448	43.662247
43884	5.195795	-3.093348	0.388590	-0.269682	0.115870	-1.657962	-67.398053	-24.176459	43.196961
43885	4.995339	-3.063963	0.408010	-0.380402	0.048736	-1.728213	-67.429863	-25.082517	42.750400
43886	4.967168	-3.329526	0.486944	-0.474072	-0.087868	-1.800171	-67.534831	-26.055003	42.364352
43887	5.263851	-3.669653	0.631385	-0.516292	-0.231870	-1.897777	-67.684925	-27.113745	42.038742
43888	5.379344	-4.043310	0.922866	-0.512322	-0.340386	-1.994765	-67.846398	-28.245890	41.754521
43889	5.503785	-4.336082	1.195645	-0.452207	-0.468024	-2.083037	-67.995368	-29.455635	41.526236
43890	5.644842	-4.640268	1.387231	-0.366125	-0.538233	-2.145192	-68.104802	-30.711329	41.326134
43891	5.932088	-4.700652	1.490584	-0.255748	-0.562623	-2.189667	-68.148974	-31.998864	41.129328
43892	6.033967	-4.446503	1.514965	-0.168289	-0.530683	-2.216413	-68.123331	-33.291078	40.903123
43893	6.174624	-4.300766	1.408535	-0.102283	-0.528568	-2.276380	-68.043483	-34.617483	40.655155
43894	6.265678	-4.105201	1.218572	-0.052844	-0.511245	-2.331661	-67.911525	-35.966205	40.374432
43895	6.174458	-3.987183	0.974525	-0.015333	-0.489467	-2.363263	-67.733435	-37.329496	40.061279
43896	5.826594	-4.107060	0.915202	0.032537	-0.517614	-2.372649	-67.524870	-38.699906	39.752984
43897	5.976701	-4.230819	0.799689	0.088823	-0.645504	-2.393712	-67.322171	-40.112016	39.513751
43898	6.349251	-4.341422	0.766106	0.119482	-0.745026	-2.411417	-67.131847	-41.551602	39.327447
43899	6.681148	-4.277828	0.736924	0.136581	-0.817358	-2.437608	-66.950593	-43.024158	39.174219
43900	6.888199	-4.266334	0.828129	0.106265	-0.852003	-2.443830	-66.793102	-44.503996	39.034627
43901	7.234097	-4.453456	0.764019	0.057043	-0.859082	-2.459827	-66.655136	-45.997199	38.886180
43902	7.388619	-4.582219	0.761473	-0.019038	-0.826354	-2.462991	-66.532270	-47.480768	38.702554
43903	7.085996	-4.635291	0.813985	-0.094381	-0.786571	-2.439351	-66.425122	-48.946313	38.486085
43904	7.069441	-4.702187	0.734676	-0.183824	-0.766737	-2.383374	-66.360754	-50.373955	38.263519
43905	6.769930	-4.930321	0.985519	-0.276433	-0.752401	-2.300999	-66.354202	-51.758813	38.051201
43906	6.812736	-5.554033	1.292683	-0.320068	-0.836809	-2.234214	-66.442708	-53.124227	37.931561
43907	7.409925	-6.030487	1.425943	-0.342481	-0.898020	-2.161300	-66.610681	-54.469290	37.896225
43908	7.845583	-6.279235	1.578625	-0.346125	-0.905637	-2.079054	-66.817515	-55.769016	37.906646
43909	8.386103	-6.642474	1.752240	-0.374290	-0.859556	-2.004618	-67.037528	-57.022912	37.912972
43910	8.856667	-7.048160	1.810664	-0.426272	-0.776614	-1.935423	-67.249475	-58.218010	37.874777
43911	8.723086	-7.422332	1.942547	-0.491094	-0.668188	-1.879286	-67.430581	-59.363248	37.757181
43912	8.109373	-7.444392	2.110078	-0.544917	-0.606662	-1.815933	-67.610933	-60.457963	37.604824
43913	7.690435	-7.501394	2.318168	-0.612401	-0.617566	-1.708221	-67.885593	-61.501733	37.517300
43914	7.792671	-7.745970	2.737819	-0.650431	-0.638781	-1.610584	-68.248975	-62.494858	37.506815
43915	8.225390	-8.019982	3.017466	-0.652105	-0.610436	-1.518322	-68.635398	-63.436115	37.520832
43916	8.388027	-8.187913	3.317306	-0.656872	-0.484255	-1.420502	-68.939220	-64.295659	37.440071
43917	8.126497	-8.622846	3.614870	-0.616345	-0.385532	-1.328386	-69.154873	-65.088774	37.287685
43918	8.113087	-8.838310	3.676587	-0.535197	-0.361024	-1.269647	-69.320843	-65.842723	37.133089
43919	8.103010	-8.994049	3.651024	-0.459151	-0.380013	-1.242724	-69.479819	-66.588770	37.019073
43920	7.780181	-8.960730	3.641873	-0.385447	-0.426196	-1.205768	-69.672474	-67.321816	36.988479
43921	7.403741	-8.796696	3.505604	-0.314567	-0.467025	-1.124412	-69.924424	-68.021314	37.065789
43922	7.056086	-8.491304	3.494262	-0.237052	-0.451693	-0.976683	-70.192820	-68.636032	37.208487
43923	6.851989	-8.050290	3.440080	-0.131356	-0.402276	-0.802434	-70.431029	-69.148578	37.382971
43924	6.974339	-7.598376	3.377915	-0.024772	-0.325468	-0.643598	-70.585900	-69.558826	37.533344
43925	7.466979	-7.079328	3.209011	0.073595	-0.276710	-0.542956	-70.671339	-69.906465	37.669227
43926	7.891687	-6.676980	2.862993	0.099556	-0.187105	-0.499317	-70.632555	-70.212315	37.688691
43927	7.596725	-6.215923	2.512786	0.058834	-0.095537	-0.447924	-70.506273	-70.473771	37.590275
43928	7.245046	-6.038928	2.209867	-0.042438	-0.035267	-0.388538	-70.373899	-70.690709	37.424179
43929	6.582691	-6.004664	1.992469	-0.177240	-0.006309	-0.290647	-70.326581	-70.849685	37.266417
43930	6.132000	-6.052474	1.928143	-0.293368	-0.057545	-0.196778	-70.475885	-70.967362	37.246582
43931	5.928163	-6.001232	1.935803	-0.387599	-0.116467	-0.097311	-70.829190	-71.042692	37.385279
43932	5.854511	-5.887745	2.041262	-0.437136	-0.145910	-0.002407	-71.309515	-71.071519	37.628347
43933	5.546319	-5.698977	2.160482	-0.435564	-0.128601	0.093243	-71.814004	-71.044429	37.897794
43934	15.851054	-11.552264	8.691371	-0.628895	-0.064276	0.286105	-72.422692	-70.900125	38.160547
43935	10.851118	-11.650743	-3.030915	1.066081	2.133987	1.328036	-69.278556	-69.779771	35.470620
43936	18.553565	-3.952961	7.865897	0.797162	1.485046	-0.274122	-66.532173	-69.605632	33.029332
43937	8.090862	-1.457688	1.708138	-0.352531	1.479413	0.378678	-64.923556	-69.058985	31.094188
43938	2.347989	-4.776537	6.070401	0.450893	0.883665	-0.007486	-63.476422	-68.842906	29.820454
43939	7.570850	-0.008430	4.959372	0.004239	-1.169611	0.016153	-65.056826	-69.125043	31.516074
43940	11.629129	-3.623309	-1.836269	-0.309285	-0.641331	0.316763	-66.308269	-69.111393	32.665865
43941	9.884610	-3.640785	0.494185	-0.019867	0.096414	0.259400	-66.344153	-68.952669	32.692146
43942	9.996849	-3.692369	0.575811	-0.047694	0.093908	0.183550	-66.353679	-68.835173	32.673108
43943	9.048296	-3.604819	1.468259	0.061209	0.345644	0.117317	-65.923519	-68.693184	32.249249
43944	8.247946	-2.926976	2.501291	0.036666	0.097976	0.106324	-65.835681	-68.615068	32.177539
43945	8.948741	-3.047310	1.578186	-0.023219	-0.061194	0.144028	-66.017322	-68.553592	32.358388
43946	9.075338	-3.260481	1.480532	-0.034805	-0.046208	0.169894	-66.199491	-68.475736	32.532771
43947	9.330232	-3.336829	1.133211	-0.003552	-0.032260	0.168371	-66.343418	-68.394429	32.685374
43948	9.309188	-3.459390	1.195822	0.002127	0.060676	0.159872	-66.355112	-68.296998	32.699309
43949	8.995334	-3.331129	1.480576	0.028025	0.103359	0.135373	-66.282115	-68.201759	32.638026
43950	8.978250	-3.110700	1.563685	0.023617	0.064085	0.162811	-66.278890	-68.102007	32.649174
43951	9.150096	-3.200573	1.370895	0.017928	0.058562	0.200876	-66.308070	-67.982718	32.691734
43952	9.237223	-3.310141	1.371859	0.007688	0.102668	0.215000	-66.293496	-67.846699	32.680803
43953	9.028644	-3.499253	1.480210	0.001210	0.137132	0.212260	-66.237452	-67.703343	32.621031
43954	8.943407	-3.576717	1.580585	0.022899	0.106647	0.189861	-66.195593	-67.579579	32.589999
43955	8.791582	-3.623028	1.678968	0.033855	0.071445	0.152048	-66.171578	-67.482938	32.585022
43956	8.936492	-3.396590	1.617808	0.036802	0.018959	0.135217	-66.202417	-67.408096	32.641289
43957	9.010781	-3.468864	1.420588	0.021683	0.025738	0.127243	-66.228999	-67.335008	32.683572
43958	8.894317	-3.242509	1.592914	0.030637	0.027262	0.146111	-66.258411	-67.252516	32.734526
43959	9.042628	-3.329297	1.446624	0.032386	0.015777	0.186042	-66.322963	-67.150862	32.824701
43960	9.042837	-3.455216	1.439272	0.029346	0.051216	0.212872	-66.358891	-67.027792	32.882002
43961	9.044678	-3.638401	1.452462	0.036026	0.056309	0.196791	-66.375869	-66.911151	32.922902
43962	9.000896	-3.490534	1.549948	0.042380	0.081372	0.179680	-66.348758	-66.798568	32.919868
43963	8.878896	-3.650193	1.611589	0.032028	0.073256	0.165832	-66.330501	-66.694284	32.919991
43964	8.799712	-3.585373	1.671756	0.027712	0.034797	0.140199	-66.347523	-66.613129	32.955867
43965	8.813876	-3.552171	1.679408	0.009175	-0.002433	0.124842	-66.412185	-66.547729	33.032086
43966	9.025496	-3.739911	1.496514	0.002532	-0.035437	0.108514	-66.511279	-66.499258	33.141747
43967	9.059759	-3.784308	1.443584	0.009544	-0.003668	0.068047	-66.546718	-66.463902	33.186384
43968	8.898000	-3.605796	1.604108	0.028758	0.002566	0.043762	-66.550560	-66.440735	33.208592
43969	8.917077	-3.561886	1.585579	0.016087	-0.016377	0.035005	-66.580175	-66.425629	33.250979
43970	9.065445	-3.527508	1.619923	0.011659	-0.010561	0.045938	-66.610679	-66.404298	33.291596
43971	8.881621	-3.643107	1.429186	-0.026961	0.037234	0.045592	-66.605851	-66.371421	33.269491
43972	8.857824	-3.576036	1.584181	0.033742	-0.016022	0.041479	-66.627837	-66.353671	33.314637
43973	9.015365	-3.580642	1.468923	0.023775	0.010319	0.041915	-66.624372	-66.328848	33.325748
43974	8.900574	-3.599435	1.562516	0.026407	0.012173	0.038472	-66.615104	-66.306268	33.332192
43975	8.935163	-3.641538	1.537424	0.025210	0.011532	0.034720	-66.605636	-66.284958	33.337648
43976	8.924183	-3.665931	1.536829	0.022144	0.017311	0.021977	-66.584131	-66.269882	33.328060
43977	8.965125	-3.632375	1.544776	0.027889	0.017813	0.011357	-66.553549	-66.259424	33.312126
43978	8.906996	-3.581445	1.550427	0.030006	0.022770	0.013482	-66.516657	-66.247564	33.290647
43979	8.867811	-3.548423	1.628350	0.030863	0.006446	0.025703	-66.505423	-66.232159	33.297712
43980	8.901715	-3.592393	1.626784	0.020484	-0.000574	0.032161	-66.511555	-66.215811	33.317280
43981	8.892020	-3.614664	1.599838	0.013610	-0.012337	0.031341	-66.535481	-66.201730	33.351973
43982	8.938058	-3.631762	1.550449	0.018665	-0.019921	0.029515	-66.564290	-66.191178	33.395192
43983	8.924590	-3.602180	1.552495	0.017443	-0.009844	0.031636	-66.583136	-66.176362	33.426739
43984	8.960750	-3.641560	1.500835	0.015764	-0.012691	0.029610	-66.604982	-66.164102	33.460537
43985	8.957669	-3.648883	1.549118	0.012071	-0.004089	0.027890	-66.618079	-66.149943	33.482438
43986	8.914050	-3.687497	1.567966	0.012826	-0.006646	0.011415	-66.625015	-66.145870	33.498100
43987	8.990070	-3.636123	1.527284	0.010432	-0.007936	0.003937	-66.631298	-66.145179	33.511525
43988	9.014294	-3.641394	1.479492	0.016059	0.013807	0.008685	-66.610654	-66.137893	33.499056
43989	8.924039	-3.663826	1.549038	0.013364	0.021498	-0.000309	-66.578096	-66.132744	33.471844
43990	8.909165	-3.636211	1.602230	0.012549	0.012055	-0.006170	-66.553915	-66.133661	33.453307
43991	8.934905	-3.637681	1.530984	0.012671	0.012331	-0.011628	-66.526821	-66.136542	33.431635
43992	8.920338	-3.609345	1.583966	0.008496	0.018731	-0.011631	-66.494206	-66.138797	33.401337
43993	8.874602	-3.591276	1.609854	0.007004	0.012034	-0.004656	-66.474307	-66.138077	33.383983
43994	8.862188	-3.558556	1.613168	0.001040	-0.000821	-0.009095	-66.470491	-66.143463	33.380505
43995	8.910980	-3.629675	1.583223	0.001579	-0.008151	0.001621	-66.480910	-66.144063	33.392904
43996	8.943159	-3.617426	1.585296	0.000744	-0.006871	0.001620	-66.489993	-66.145203	33.403345
43997	8.901365	-3.651909	1.579585	0.000917	-0.001097	-0.003638	-66.489690	-66.146954	33.403607
43998	8.874346	-3.592312	1.632673	-0.004253	-0.015324	-0.006258	-66.507615	-66.154163	33.420584
43999	8.919962	-3.550168	1.563144	-0.002845	-0.029250	0.000619	-66.545140	-66.160102	33.459847
44000	8.914304	-3.624496	1.528753	-0.008280	-0.012865	0.004555	-66.568048	-66.161060	33.479749
44001	8.865706	-3.614689	1.623450	-0.011186	-0.032583	-0.007265	-66.610287	-66.171890	33.518939
44002	8.918172	-3.678640	1.517382	-0.015622	-0.037550	-0.000395	-66.664277	-66.181049	33.568216
44003	8.906442	-3.646262	1.515940	-0.022567	-0.039775	-0.013636	-66.718423	-66.196833	33.613287
44004	8.971757	-3.620555	1.517184	-0.009006	-0.038253	-0.012845	-66.763171	-66.212668	33.656596
44005	8.929850	-3.656506	1.532762	-0.016446	-0.026551	-0.016475	-66.796677	-66.226934	33.682932
44006	8.916354	-3.628155	1.580355	-0.012367	-0.043947	-0.016901	-66.848195	-66.246165	33.731524
44007	8.976205	-3.614172	1.481913	-0.008410	-0.035771	-0.020039	-66.886406	-66.264368	33.768023
44008	8.919841	-3.622566	1.549238	-0.009985	-0.022213	-0.019623	-66.909242	-66.280122	33.786762
44009	8.875345	-3.603640	1.570811	-0.007056	-0.034754	-0.023589	-66.943744	-66.299956	33.820048
44010	8.886582	-3.579606	1.569249	-0.014054	-0.052200	-0.020981	-67.004339	-66.323136	33.877468
44011	8.943610	-3.573026	1.541858	-0.020120	-0.059928	-0.017961	-67.079648	-66.345600	33.947125
44012	8.938390	-3.647923	1.527728	-0.028824	-0.054372	-0.025530	-67.149256	-66.371610	34.005126
44013	8.962514	-3.594038	1.454417	-0.029625	-0.052999	-0.027360	-67.217139	-66.397431	34.060710
44014	8.942933	-3.641454	1.491770	-0.036767	-0.050282	-0.029475	-67.284621	-66.424563	34.111402
44015	8.930396	-3.612006	1.537479	-0.036990	-0.046421	-0.038482	-67.343394	-66.454762	34.152419
44016	8.901533	-3.618970	1.504166	-0.040521	-0.068703	-0.041397	-67.429659	-66.492210	34.221227
44017	9.006059	-3.624882	1.425592	-0.040895	-0.070621	-0.045174	-67.517081	-66.531217	34.291020
44018	8.958317	-3.555213	1.497002	-0.044139	-0.059818	-0.048588	-67.591431	-66.570448	34.344540
44019	8.961811	-3.549267	1.464973	-0.047782	-0.077079	-0.042205	-67.692705	-66.609212	34.425089
44020	9.037924	-3.619075	1.353735	-0.037031	-0.062617	-0.044730	-67.768817	-66.646939	34.484933
44021	8.979385	-3.574657	1.448101	-0.047921	-0.040607	-0.042569	-67.825660	-66.677919	34.516959
44022	8.949543	-3.583938	1.439886	-0.041622	-0.052837	-0.044606	-67.892790	-66.713415	34.564128
44023	8.971239	-3.536138	1.438783	-0.048034	-0.057098	-0.043314	-67.969955	-66.748314	34.618189
44024	8.998975	-3.596815	1.426643	-0.040747	-0.043212	-0.042361	-68.026140	-66.780506	34.653969
44025	8.900469	-3.582075	1.467970	-0.043653	-0.052092	-0.050231	-68.091481	-66.817966	34.697868
44026	8.978360	-3.525770	1.419680	-0.043061	-0.075749	-0.043949	-68.188946	-66.857909	34.777086
44027	8.970453	-3.547492	1.433532	-0.048502	-0.059305	-0.041698	-68.270705	-66.892311	34.835793
44028	9.009612	-3.580510	1.373856	-0.038831	-0.076627	-0.043837	-68.367453	-66.932282	34.916821
44029	9.022319	-3.552276	1.345233	-0.037872	-0.050518	-0.040803	-68.432998	-66.964289	34.964496
44030	9.001975	-3.539577	1.339747	-0.025666	-0.055473	-0.036770	-68.499653	-66.995963	35.020983
44031	9.072416	-3.560333	1.285190	-0.014620	-0.033881	-0.029745	-68.536734	-67.018551	35.052186
44032	8.974971	-3.606649	1.372555	-0.018337	-0.014400	-0.029040	-68.551566	-67.037465	35.056927
44033	9.019478	-3.563263	1.326906	-0.000853	-0.026096	-0.041520	-68.565244	-67.064697	35.071269
44034	8.997429	-3.555106	1.374761	-0.010775	0.006099	-0.047856	-68.540589	-67.089351	35.037839
44035	8.894392	-3.488912	1.452382	-0.012099	-0.000334	-0.046397	-68.525782	-67.113787	35.014258
44036	8.881769	-3.458933	1.502790	-0.010632	-0.019979	-0.036257	-68.539674	-67.137720	35.022767
44037	8.982558	-3.404760	1.385155	0.004285	-0.049329	-0.020403	-68.590358	-67.158557	35.080453
44038	9.032182	-3.474748	1.350819	-0.011606	-0.018925	0.005861	-68.624458	-67.159796	35.110282
44039	8.997479	-3.618473	1.331781	0.001575	-0.024635	0.000754	-68.655985	-67.164171	35.145492
44040	9.010190	-3.465355	1.347740	0.006786	-0.009993	-0.003795	-68.663456	-67.168691	35.157860
44041	8.915214	-3.568243	1.431209	0.007991	-0.014855	-0.000301	-68.678413	-67.171587	35.179077
44042	9.023087	-3.499381	1.366015	0.007519	-0.033353	-0.003027	-68.715487	-67.180556	35.224017
44043	9.093276	-3.517195	1.265435	0.006239	-0.018005	0.003123	-68.737147	-67.182272	35.251416
44044	9.059885	-3.535605	1.311949	0.005957	0.018357	0.004819	-68.713397	-67.176293	35.229395
44045	9.004410	-3.541861	1.336029	0.011830	0.009335	0.006515	-68.698863	-67.170521	35.220998
44046	9.046752	-3.501899	1.294553	0.015285	0.026222	0.007475	-68.661137	-67.161479	35.189610
44047	8.953505	-3.475168	1.397485	0.025018	0.046887	0.016239	-68.596350	-67.142680	35.134878
44048	8.966324	-3.503440	1.350102	0.034042	0.026465	0.032209	-68.559928	-67.120373	35.116560
44049	8.985333	-3.523382	1.426186	0.020573	0.036070	0.028314	-68.517516	-67.097375	35.083333
44050	8.975682	-3.542529	1.378337	0.027283	0.020375	0.027919	-68.490622	-67.078625	35.071149
44051	8.955257	-3.589269	1.375564	0.020501	0.019582	0.027540	-68.468750	-67.059493	35.060171
44052	9.050862	-3.550550	1.360454	0.023917	0.014681	0.023821	-68.448969	-67.044120	35.053614
44053	8.961919	-3.573387	1.407389	0.019328	0.024543	0.022205	-68.418940	-67.026785	35.033042
44054	9.069186	-3.504311	1.322744	0.034495	0.017879	0.026313	-68.390365	-67.009408	35.023514
44055	8.968784	-3.555226	1.417030	0.021425	0.050996	0.034461	-68.332147	-66.979952	34.973615
44056	8.934377	-3.573081	1.443066	0.034411	0.017582	0.031777	-68.306794	-66.959724	34.967533
44057	9.022431	-3.549027	1.353036	0.022258	0.022731	0.024073	-68.278462	-66.941763	34.950615
44058	8.964711	-3.561495	1.427024	0.024482	0.028082	0.018927	-68.239332	-66.926142	34.923373
44059	8.918149	-3.546076	1.455120	0.023203	0.021848	0.016754	-68.207988	-66.912259	34.903766
44060	8.973137	-3.539260	1.410921	0.025612	0.012231	0.021937	-68.189560	-66.898399	34.899728
44061	8.939369	-3.556072	1.435142	0.015528	0.022144	0.020032	-68.163927	-66.882705	34.881545
44062	8.960963	-3.567005	1.436775	0.019343	0.008448	0.014138	-68.149938	-66.873798	34.878427
44063	8.960271	-3.568040	1.438517	0.013465	0.017381	0.014229	-68.128556	-66.862203	34.863578
44064	8.981993	-3.578860	1.439631	0.009982	0.005898	0.015385	-68.123738	-66.853176	34.864602
44065	9.058781	-3.519689	1.326842	0.015520	0.011345	0.015896	-68.109538	-66.841983	34.858842
44066	8.994553	-3.608303	1.392094	0.011398	0.039523	0.020554	-68.064737	-66.823019	34.817257
44067	8.933604	-3.566141	1.471961	0.015209	0.025823	0.014668	-68.032190	-66.809381	34.791340
44068	8.965624	-3.551910	1.452675	0.012278	0.022238	0.010707	-68.003493	-66.799336	34.767817
44069	8.965010	-3.552761	1.454383	0.009194	0.007369	0.011747	-67.995841	-66.791205	34.765234
44070	8.964500	-3.553701	1.455233	0.004528	0.006145	0.011459	-67.991923	-66.784211	34.763836
44071	8.964883	-3.551999	1.431231	0.003649	-0.003477	0.009178	-67.999592	-66.779776	34.774467
44072	9.010182	-3.569583	1.406195	0.002810	-0.002201	0.009189	-68.005854	-66.775779	34.783076
44073	8.987403	-3.560686	1.406883	0.005833	0.007074	0.009734	-67.999485	-66.768789	34.779792
44074	8.911702	-3.613891	1.448599	0.009620	-0.001324	0.007741	-68.000033	-66.765374	34.786430
44075	9.019640	-3.546594	1.386209	0.019885	0.005535	0.004891	-67.985103	-66.761287	34.782591
44076	8.995881	-3.540043	1.413036	0.011050	0.032304	0.012883	-67.945827	-66.747914	34.746777
44077	8.915748	-3.541842	1.487364	0.016118	0.030140	0.013044	-67.906765	-66.734207	34.714321
44078	8.960451	-3.559756	1.465334	0.017263	0.019787	0.016321	-67.881182	-66.721690	34.697281
44079	8.937876	-3.548894	1.443914	0.015963	0.024261	0.020094	-67.853057	-66.705501	34.676629
44080	8.958355	-3.562956	1.470362	0.013722	0.018922	0.025238	-67.835090	-66.688433	34.665669
44081	9.046139	-3.542008	1.404441	0.021779	0.020533	0.025708	-67.811095	-66.670068	34.653137
44082	8.989278	-3.550085	1.429771	0.014869	0.035492	0.040584	-67.779857	-66.641268	34.628436
44083	8.977634	-3.575812	1.430686	0.020304	0.029843	0.042447	-67.753754	-66.612012	34.612681
44084	8.987640	-3.549767	1.364975	0.028828	0.049770	0.049159	-67.701476	-66.575554	34.573757
44085	8.907767	-3.611232	1.460458	0.028407	0.058470	0.053121	-67.641275	-66.534406	34.525885
44086	8.902131	-3.561282	1.471935	0.045639	0.045920	0.055306	-67.587449	-66.495501	34.495750
44087	8.978696	-3.565434	1.407874	0.047831	0.067187	0.061710	-67.510209	-66.447859	34.441402
44088	9.018227	-3.595144	1.464621	0.058401	0.081076	0.070060	-67.414229	-66.393394	34.373230
44089	9.049191	-3.581118	1.404226	0.064697	0.090363	0.077991	-67.308150	-66.331969	34.297902
44090	9.046557	-3.582942	1.367684	0.076147	0.119194	0.092377	-67.168261	-66.257156	34.192813
44091	8.925453	-3.612637	1.547229	0.082506	0.139394	0.102475	-67.006831	-66.171744	34.068056
44092	8.886498	-3.635361	1.583551	0.080984	0.121896	0.105295	-66.869135	-66.089294	33.968265
44093	9.020153	-3.629739	1.409124	0.098725	0.133149	0.113811	-66.713475	-65.999064	33.859824
44094	8.967304	-3.682770	1.518509	0.097798	0.176067	0.120549	-66.511923	-65.896045	33.700513
44095	8.941795	-3.613162	1.617442	0.101917	0.154669	0.132639	-66.341088	-65.790726	33.577269
44096	9.072491	-3.674763	1.539036	0.107537	0.161431	0.149372	-66.168612	-65.675564	33.455706
44097	9.604531	-3.503244	1.330309	0.088438	0.128690	0.219898	-66.082597	-65.530298	33.416884
44098	9.594951	-3.585734	1.151029	0.106894	0.267123	0.308365	-65.873463	-65.307037	33.254301
44099	8.998257	-3.878756	1.521076	0.109084	0.345909	0.400854	-65.625305	-65.016077	33.049688
44100	9.328740	-2.901205	2.131813	0.181227	0.251001	0.455966	-65.473369	-64.719155	32.996601
44101	9.233735	-3.292511	1.876793	-0.020196	0.238150	0.692683	-65.570232	-64.301300	33.091068
44102	8.028071	-4.331203	2.250950	-0.058588	0.258917	0.629619	-65.632914	-63.911914	33.123474
44103	8.945533	-3.329960	2.192814	-0.055453	-0.033816	0.576593	-65.976049	-63.618388	33.470583
44104	9.647221	-3.782846	1.371359	-0.146948	0.105375	0.738636	-66.292490	-63.207358	33.730334
44105	8.740946	-4.380342	1.813542	-0.148518	0.220724	0.769903	-66.497408	-62.752435	33.864837
44106	9.296202	-4.426369	1.650099	-0.047667	0.165970	0.783773	-66.700324	-62.302953	34.062803
44107	10.076662	-3.859772	2.133097	-0.112182	0.291902	0.926808	-66.870001	-61.748923	34.182136
44108	10.940554	-4.910749	2.022989	-0.187862	0.348233	1.178087	-67.124982	-61.050048	34.349999
44109	10.764144	-4.297126	2.704342	-0.193969	0.377696	1.320787	-67.402001	-60.268449	34.540282
44110	10.100855	-4.311828	1.905080	-0.256220	0.328879	1.525097	-67.821997	-59.389137	34.856317
44111	9.381958	-4.595546	2.006835	-0.281371	0.427674	1.642721	-68.191437	-58.424732	35.099486
44112	9.104026	-4.828887	2.128000	-0.300969	0.379745	1.698445	-68.613096	-57.440238	35.393604
44113	9.379376	-4.741842	2.039570	-0.291647	0.395075	1.779620	-69.022262	-56.407808	35.682494
44114	9.428004	-4.953804	2.224313	-0.318924	0.430349	1.876228	-69.427706	-55.315651	35.951603
44115	8.709688	-4.969682	1.972016	-0.319607	0.459427	1.964871	-69.816663	-54.168851	36.203704
44116	8.686003	-5.230588	2.096813	-0.307867	0.443604	2.038892	-70.210806	-52.984535	36.474341
44117	8.690474	-5.255509	2.078093	-0.292961	0.453127	2.140106	-70.595138	-51.742545	36.747739
44118	8.370510	-5.374789	2.158941	-0.281034	0.496951	2.253882	-70.950235	-50.429830	36.997191
44119	8.596083	-5.713582	2.644688	-0.297425	0.497323	2.330655	-71.312549	-49.074395	37.248664
44120	9.279599	-6.381222	3.126234	-0.296700	0.541189	2.318043	-71.627078	-47.716961	37.441983
44121	10.503532	-7.971139	2.818003	-0.435068	0.543148	2.261137	-71.993342	-46.389424	37.601931
44122	7.821917	-6.244958	1.995853	-0.388543	0.542267	2.312087	-72.329053	-45.033600	37.759948
44123	8.265829	-6.700630	1.965459	-0.429251	0.489397	2.352865	-72.709501	-43.664020	37.952503
44124	7.781115	-7.128483	2.023574	-0.407630	0.559250	2.375327	-73.031446	-42.269442	38.082220
44125	7.722559	-7.070033	2.110243	-0.374707	0.509939	2.354983	-73.344357	-40.893862	38.230348
44126	7.058596	-7.033041	2.072325	-0.398325	0.532190	2.369004	-73.651553	-39.506205	38.352734
44127	6.670463	-7.220818	2.058783	-0.401237	0.481017	2.342368	-73.969666	-38.141136	38.493599
44128	6.526023	-7.821785	2.045325	-0.442803	0.375752	2.304684	-74.341203	-36.812422	38.687290
44129	5.782894	-7.299767	1.949396	-0.413522	0.245108	2.268198	-74.732579	-35.523101	38.949129
44130	4.994294	-7.503180	1.654439	-0.475431	0.077482	2.294778	-75.212944	-34.242117	39.312791
44131	4.158222	-7.374418	1.415297	-0.466432	-0.132331	2.310353	-75.749674	-32.980308	39.799712
44132	3.423448	-7.586104	1.180416	-0.476860	-0.396171	2.384980	-76.371056	-31.709098	40.450470
44133	3.290269	-7.784032	1.203131	-0.446306	-0.655470	2.505152	-77.045752	-30.399076	41.262663
44134	3.155262	-10.160545	1.492456	-0.573989	-0.741003	2.862838	-77.813822	-28.890843	42.150549
44135	1.370902	-13.601078	2.167618	-0.489407	-0.649527	3.291403	-78.494119	-27.121906	43.001930
44136	3.324135	-14.129821	3.061177	-0.280466	-0.951905	3.076847	-79.088959	-25.498958	43.981363
44137	6.363753	-11.570932	2.524159	-0.139785	-0.839908	2.542063	-79.513155	-24.157045	44.800712
44138	7.128892	-11.411736	3.187526	-0.264748	-0.362734	1.844221	-79.837487	-23.155091	45.231046
44139	7.651912	-11.159107	3.783987	-0.208188	-0.046094	0.943746	-80.007810	-22.627398	45.362346
44140	6.927741	-11.790984	3.899858	-0.150670	0.471991	0.164675	-79.990415	-22.487866	45.092065
44141	5.019973	-12.586887	4.051448	-0.010023	0.845103	-0.319040	-79.784964	-22.583080	44.541520
44142	2.872156	-13.376486	3.674641	0.206644	1.054125	-0.455513	-79.399013	-22.731020	43.847078
44143	0.921350	-13.461063	3.393466	0.437936	1.034592	-0.259196	-78.892031	-22.765367	43.185715
44144	-0.339894	-13.337536	2.710600	0.613645	0.814898	0.227896	-78.360223	-22.545636	42.717966
44145	-0.883929	-13.157756	2.016830	0.717069	0.508664	0.852160	-77.873458	-22.007477	42.518651
44146	-1.029017	-12.858344	1.552867	0.787750	0.136543	1.472153	-77.463226	-21.167114	42.630530
44147	-0.480029	-12.473954	1.283942	0.785308	-0.274823	2.016493	-77.166360	-20.073618	43.066018
44148	0.842093	-12.413521	1.268590	0.721805	-0.644236	2.430538	-76.989701	-18.799185	43.778089
44149	2.756576	-12.540606	1.521094	0.652388	-0.889867	2.651152	-76.890618	-17.433373	44.662120
44150	4.418532	-12.509048	1.825522	0.571560	-0.961239	2.656351	-76.828825	-16.076791	45.583874
44151	5.792233	-12.134848	2.218708	0.498926	-0.870639	2.472602	-76.766490	-14.810135	46.423731
44152	6.508055	-11.843979	2.559359	0.429904	-0.625975	2.186295	-76.681823	-13.673676	47.080964
44153	6.626751	-11.492055	2.837741	0.377373	-0.332145	1.863396	-76.566734	-12.677980	47.525109
44154	6.359624	-11.111176	2.839049	0.339118	-0.023986	1.556168	-76.420558	-11.814599	47.752188
44155	5.583026	-10.740949	2.816810	0.302496	0.246541	1.324139	-76.255654	-11.043369	47.795293
44156	5.196385	-10.535626	2.680620	0.256511	0.439157	1.171660	-76.092865	-10.331750	47.710222
44157	4.853551	-10.420498	2.756245	0.247687	0.578728	1.047324	-75.919721	-9.668961	47.531173
44158	4.690279	-10.297248	2.768622	0.249028	0.633527	0.903450	-75.739869	-9.078586	47.303218
44159	4.561519	-10.135058	2.806863	0.250014	0.616786	0.706535	-75.558886	-8.598755	47.058585
44160	4.514075	-10.035504	2.758530	0.262045	0.544843	0.465210	-75.373876	-8.262776	46.821029
44161	4.367683	-9.939780	2.728982	0.286644	0.465724	0.188825	-75.176392	-8.090544	46.588379
44162	4.118092	-9.832807	2.614057	0.306539	0.364822	-0.068570	-74.970641	-8.075043	46.374463
44163	4.193062	-9.563422	2.631993	0.319983	0.266880	-0.268122	-74.760367	-8.183913	46.185127
44164	4.499962	-9.228613	2.669316	0.324343	0.200277	-0.432976	-74.548851	-8.393159	46.007260
44165	4.796106	-8.704703	2.560633	0.329505	0.206257	-0.557720	-74.329989	-8.670077	45.805735
44166	4.805482	-8.233066	2.535546	0.333584	0.289885	-0.633742	-74.098727	-8.974690	45.544332
44167	4.412313	-7.901837	2.472052	0.328064	0.419324	-0.637614	-73.857365	-9.260628	45.208593
44168	3.812315	-7.144590	2.348614	0.317829	0.529063	-0.530117	-73.613254	-9.467693	44.827743
44169	3.365881	-6.792798	2.039926	0.279834	0.635048	-0.327108	-73.385401	-9.545432	44.420287
44170	3.118011	-6.503022	1.837679	0.256863	0.715923	-0.133390	-73.168645	-9.500983	43.999947
44171	3.198091	-6.205522	1.699420	0.216789	0.762237	0.044297	-72.976102	-9.351120	43.584148
44172	3.321278	-5.939783	1.678502	0.178791	0.776066	0.155754	-72.808780	-9.135414	43.180467
44173	3.592100	-5.664242	1.572746	0.147396	0.773080	0.172906	-72.661626	-8.911135	42.782183
44174	3.824604	-5.126981	1.432486	0.120831	0.783408	0.115492	-72.529065	-8.714121	42.369076
44175	4.217078	-4.564484	1.288760	0.093711	0.806613	0.013680	-72.408547	-8.569485	41.925935
44176	4.723630	-4.324728	1.189018	0.047406	0.841207	-0.129179	-72.309117	-8.494345	41.439091
44177	5.045309	-4.245566	0.996213	0.026995	0.854191	-0.361808	-72.214134	-8.545088	40.904088
44178	5.316591	-4.074139	0.880592	0.022399	0.774174	-0.720427	-72.117601	-8.802573	40.349355
44179	5.148057	-3.953692	0.608172	0.028030	0.634464	-1.189572	-72.012572	-9.341927	39.786773
44180	4.663176	-3.647170	0.344557	0.027637	0.394870	-1.667396	-71.908840	-10.180653	39.268593
44181	4.253493	-3.276280	0.214679	0.009205	0.149555	-2.043524	-71.818909	-11.269908	38.814962
44182	3.962776	-3.026736	0.126134	-0.029466	-0.018116	-2.265312	-71.752478	-12.506447	38.410744
44183	3.843797	-3.044078	0.216223	-0.063432	-0.092742	-2.347279	-71.701907	-13.803749	38.029698
44184	3.946550	-3.123928	0.204701	-0.071368	-0.099952	-2.377337	-71.646410	-15.115188	37.643850
44185	3.905212	-3.099307	0.133627	-0.037163	-0.087193	-2.423516	-71.557109	-16.452406	37.237854
44186	3.799945	-3.046053	0.063821	0.001043	-0.123122	-2.500350	-71.436947	-17.833736	36.832385
44187	3.814336	-2.865094	0.058537	0.042813	-0.249377	-2.627149	-71.296252	-19.309853	36.468026
44188	4.025189	-2.702146	-0.087590	0.067278	-0.469691	-2.802239	-71.161864	-20.917020	36.189475
44189	4.351725	-2.483984	-0.149506	0.075222	-0.676874	-2.989910	-71.043642	-22.667763	35.987291
44190	4.685113	-2.614938	-0.038738	0.097225	-0.788868	-3.118345	-70.920377	-24.504607	35.818578
44191	4.493724	-2.944914	0.212924	0.136165	-0.830159	-3.185168	-70.771324	-26.389292	35.653247
44192	4.413161	-3.226515	0.394057	0.190515	-0.854056	-3.205483	-70.586838	-28.284765	35.489342
44193	4.324519	-3.462545	0.493290	0.238507	-0.866842	-3.193256	-70.370168	-30.180089	35.325400
44194	4.367939	-3.693709	0.605914	0.295786	-0.916393	-3.169976	-70.128583	-32.067339	35.186013
44195	4.685923	-3.919156	0.794171	0.331890	-1.009646	-3.166356	-69.888875	-33.975090	35.094921
44196	5.154379	-4.146480	0.833067	0.366069	-1.097632	-3.194094	-69.649386	-35.910147	35.043096
44197	5.562715	-4.509027	1.033790	0.381543	-1.151000	-3.210924	-69.411950	-37.869600	35.011498
44198	5.999304	-4.961213	1.143366	0.394109	-1.197284	-3.220102	-69.177732	-39.838365	34.998193
44199	6.350256	-5.583045	1.354556	0.377412	-1.221931	-3.215162	-68.958301	-41.814474	34.993020
44200	6.642114	-6.152360	1.588691	0.371629	-1.272942	-3.224509	-68.758431	-43.801093	35.012322
44201	6.864119	-6.355159	1.694534	0.378212	-1.317746	-3.228917	-68.572341	-45.804501	35.055407
44202	7.149517	-6.651977	1.797263	0.363919	-1.336822	-3.188451	-68.409610	-47.785369	35.118285
44203	7.397444	-6.861369	1.916700	0.318636	-1.300252	-3.109123	-68.267576	-49.721416	35.171787
44204	7.586944	-7.322096	2.025269	0.231182	-1.266554	-3.006937	-68.177728	-51.590949	35.226943
44205	7.669224	-7.770693	2.087967	0.144370	-1.217714	-2.888432	-68.137599	-53.392038	35.280184
44206	7.801469	-7.808859	2.212733	0.064860	-1.196370	-2.778711	-68.161438	-55.125279	35.355383
44207	7.729096	-7.901407	2.356002	0.002048	-1.147590	-2.652551	-68.229649	-56.785738	35.438638
44208	7.641884	-8.262098	2.675739	-0.001563	-1.153798	-2.503889	-68.362638	-58.363543	35.595162
44209	7.974613	-8.693121	2.884168	0.024587	-1.151944	-2.332667	-68.556151	-59.853902	35.836582
44210	7.882547	-8.960548	3.052127	0.078160	-1.086522	-2.126673	-68.753063	-61.215821	36.114211
44211	7.420307	-9.005934	3.286332	0.173706	-1.015970	-1.858788	-68.951736	-62.423533	36.452021
44212	7.705884	-8.939976	3.133703	0.263507	-0.923681	-1.536152	-69.152612	-63.435135	36.847199
44213	8.029781	-8.523453	3.032498	0.335871	-0.725128	-1.168638	-69.269206	-64.212477	37.191082
44214	8.739981	-8.360894	2.911659	0.345109	-0.606277	-0.870815	-69.384178	-64.802336	37.537556
44215	9.789960	-8.407407	2.782083	0.285065	-0.525360	-0.740613	-69.509078	-65.308768	37.854981
44216	10.186862	-8.153341	2.479236	0.210733	-0.506032	-0.774605	-69.646081	-65.826266	38.138118
44217	9.219004	-7.593133	2.284589	0.091136	-0.591387	-0.930021	-69.898962	-66.446447	38.471274
44218	8.036833	-7.108615	2.094387	-0.082120	-0.802640	-1.035013	-70.487365	-67.160626	39.060268
44219	7.264514	-7.079303	2.327620	-0.260125	-0.934316	-1.000052	-71.410544	-67.879611	39.897584
44220	7.282531	-7.106658	2.695366	-0.401823	-0.922388	-0.849909	-72.520635	-68.506679	40.845284
44221	7.554698	-7.109009	3.134227	-0.487955	-0.741312	-0.657056	-73.566235	-68.992812	41.666736
44222	8.153642	-7.216437	3.637181	-0.488356	-0.527325	-0.538655	-74.386509	-69.373238	42.244986
44223	29.451351	-21.478375	12.645253	-0.491490	0.346583	-0.182344	-74.087688	-69.421508	41.624529
44224	-1.021829	-3.531345	3.523449	1.283625	3.792742	0.153622	-68.062146	-68.632932	35.959982
44225	5.254727	-17.004927	8.894152	-0.325566	2.594732	0.031899	-64.838569	-68.022810	32.290537
44226	-4.150403	-12.071692	7.942273	1.162894	0.682075	0.715819	-63.746876	-67.484181	31.830973
44227	6.871918	-12.231519	5.066728	0.590603	-0.400134	0.510433	-64.212964	-67.321322	32.702294
44228	8.704669	-2.102151	2.948549	0.582878	-1.137252	-0.601688	-64.949283	-67.912834	33.859811
44229	12.245510	-1.406251	-0.429004	-0.318093	-0.035798	-0.193129	-65.062967	-68.020704	33.785840
44230	6.982865	-3.241449	2.397161	-0.217411	0.184815	0.080959	-64.999151	-67.934381	33.582673
44231	9.279348	-2.859401	1.621929	-0.057260	-0.419323	0.146345	-65.658302	-67.957516	34.258459
44232	10.008027	-3.273300	0.511265	-0.080325	-0.036911	0.249475	-65.896761	-67.836262	34.466202
44233	9.380189	-3.523813	1.189323	-0.003505	0.089515	0.257590	-65.932640	-67.679704	34.502781
44234	9.480431	-3.661776	1.096992	0.009575	0.147608	0.198940	-65.853312	-67.541541	34.422962
44235	8.840255	-3.418908	1.776064	0.025905	0.206513	0.186297	-65.685169	-67.394773	34.256956
44236	8.755801	-3.425091	1.739810	0.025305	0.099900	0.183230	-65.649890	-67.275956	34.234479
44237	9.004024	-3.400650	1.563678	0.017050	0.075911	0.191284	-65.654478	-67.157294	34.250023
44238	8.938322	-3.553221	1.583902	0.012174	0.083966	0.180171	-65.645025	-67.043835	34.247376
44239	8.940594	-3.545958	1.593156	0.018723	0.066764	0.163421	-65.644272	-66.941881	34.258184
44240	8.953950	-3.513373	1.579622	0.031965	0.066521	0.156550	-65.631814	-66.844874	34.264594
44241	8.850053	-3.627865	1.697775	0.015522	0.061354	0.150160	-65.632127	-66.751121	34.274581
44242	8.788412	-3.645508	1.748247	0.020556	0.014465	0.110805	-65.664155	-66.690290	34.322312
44243	8.947657	-3.526470	1.616229	0.012854	-0.034024	0.094667	-65.750788	-66.647977	34.424654
44244	8.985431	-3.625396	1.535964	0.010601	-0.013423	0.087737	-65.809170	-66.605712	34.494915
44245	8.910718	-3.552699	1.587621	0.014100	-0.007400	0.084352	-65.856772	-66.562459	34.555568
44246	8.874042	-3.576025	1.633390	0.015203	-0.023134	0.085820	-65.922743	-66.523416	34.637020
44247	8.877631	-3.508398	1.661234	0.010028	-0.037400	0.083413	-66.007840	-66.487601	34.736051
44248	8.968259	-3.548232	1.560400	0.003028	-0.054801	0.086323	-66.118616	-66.455557	34.858807
44249	9.038171	-3.634578	1.480111	0.011722	-0.034522	0.085314	-66.199704	-66.417952	34.954579
44250	8.915872	-3.489164	1.558918	0.022529	-0.009324	0.088158	-66.245101	-66.374305	35.018251
44251	9.010777	-3.457187	1.516338	0.031005	-0.009849	0.112140	-66.299174	-66.316876	35.096657
44252	8.979211	-3.588938	1.508700	0.033996	0.026158	0.134922	-66.319658	-66.240485	35.140350
44253	8.787795	-3.536327	1.730555	0.028908	0.028284	0.136521	-66.341655	-66.161475	35.182472
44254	8.845879	-3.646888	1.629474	0.011413	-0.008064	0.116712	-66.405758	-66.102482	35.259764
44255	8.909868	-3.684698	1.604174	-0.000797	-0.024657	0.099421	-66.487699	-66.055044	35.348889
44256	8.874716	-3.704984	1.599586	-0.012382	-0.028070	0.080662	-66.569908	-66.019478	35.431132
44257	8.916561	-3.673994	1.551087	-0.006513	-0.047606	0.067691	-66.665434	-65.993836	35.531594
44258	8.924098	-3.659320	1.573017	-0.016825	-0.039501	0.058363	-66.751909	-65.972491	35.615756
44259	8.939574	-3.746139	1.490027	-0.011797	-0.047073	0.054731	-66.842906	-65.953430	35.707979
44260	8.909157	-3.637230	1.566835	-0.006358	-0.027144	0.051778	-66.905197	-65.932675	35.772249
44261	8.901470	-3.714938	1.509719	-0.005926	-0.030408	0.048072	-66.969572	-65.913297	35.839026
44262	8.915742	-3.625673	1.587600	-0.000795	-0.027111	0.048344	-67.026710	-65.894289	35.901162
44263	8.907300	-3.704763	1.554736	0.000344	-0.037223	0.046317	-67.094449	-65.877307	35.975582
44264	8.998407	-3.741924	1.454680	0.000760	-0.025713	0.032081	-67.140787	-65.866519	36.026875
44265	8.872497	-3.724374	1.572790	-0.004296	-0.008733	0.021403	-67.165124	-65.856310	36.050832
44266	8.919076	-3.740761	1.498142	0.005760	-0.029139	0.006769	-67.200026	-65.859628	36.092740
44267	8.899142	-3.608668	1.627374	-0.002009	-0.014122	0.005020	-67.221272	-65.859260	36.114745
44268	8.849650	-3.718131	1.591111	-0.003285	-0.040337	0.004322	-67.273369	-65.866333	36.169813
44269	8.927211	-3.667347	1.519841	-0.000012	-0.045539	0.006128	-67.331076	-65.872316	36.233028
44270	8.925961	-3.671725	1.564588	-0.000522	-0.042464	0.015254	-67.389540	-65.874032	36.296803
44271	8.930204	-3.722522	1.484183	0.005381	-0.040583	0.019149	-67.444733	-65.871991	36.360648
44272	8.894354	-3.684963	1.531585	0.006353	-0.036241	0.015660	-67.492107	-65.872077	36.416589
44273	8.928774	-3.728607	1.525920	0.006105	-0.052677	0.013413	-67.558373	-65.875679	36.493021
44274	8.915776	-3.641061	1.503404	0.006004	-0.038094	0.008328	-67.604576	-65.880007	36.547457
44275	8.919305	-3.693060	1.447570	0.004979	-0.042562	0.015429	-67.660533	-65.880284	36.611884
44276	8.960419	-3.663406	1.496902	0.009921	-0.030190	0.010479	-67.696203	-65.881715	36.657238
44277	8.944269	-3.757488	1.414561	0.008928	-0.019760	0.003450	-67.717094	-65.883362	36.685722
44278	8.995794	-3.703993	1.468486	0.017631	0.004412	-0.013757	-67.695609	-65.890112	36.673294
44279	8.835116	-3.586525	1.594681	0.002711	-0.007562	0.008978	-67.708323	-65.886186	36.688912
44280	9.047658	-3.765043	1.270444	0.039338	-0.002002	0.001384	-67.689349	-65.886302	36.692861
44281	8.884166	-3.712643	1.540964	0.003000	0.034331	0.010050	-67.652845	-65.872704	36.654732
44282	8.973175	-3.692565	1.450046	0.033699	0.017866	0.005310	-67.615510	-65.866411	36.635022
44283	8.862779	-3.756703	1.544180	0.012032	0.049728	-0.011021	-67.545432	-65.860590	36.565767
44284	8.963272	-3.711304	1.431272	0.029113	0.011621	-0.007716	-67.511770	-65.862546	36.547201
44285	8.870665	-3.677872	1.556989	0.007540	0.059545	-0.010965	-67.432752	-65.854491	36.465323
44286	8.847597	-3.668110	1.585072	0.026601	0.010101	-0.011473	-67.400474	-65.858755	36.446696
44287	9.046585	-3.584026	1.428033	0.016546	0.030465	0.004977	-67.358473	-65.848626	36.411037
44288	8.878706	-3.656083	1.593813	0.020170	0.052519	0.014707	-67.292778	-65.829668	36.351744
44289	8.847944	-3.721528	1.568714	0.027127	0.033531	0.009063	-67.243207	-65.816688	36.314424
44290	8.899163	-3.608398	1.532815	0.018915	0.031684	0.017779	-67.204402	-65.800685	36.283807
44291	8.912703	-3.694855	1.506940	0.024481	0.037021	0.019920	-67.157703	-65.781180	36.247964
44292	8.833021	-3.691056	1.558545	0.024333	0.051475	0.018424	-67.093008	-65.760407	36.192350
44293	8.894914	-3.671445	1.615144	0.024744	0.022810	0.014150	-67.060089	-65.747097	36.171773
44294	8.896346	-3.667668	1.545123	0.017993	0.027472	0.017625	-67.026868	-65.732077	36.146685
44295	8.896328	-3.724985	1.569176	0.022670	0.028653	0.017823	-66.990178	-65.715519	36.120663
44296	8.938222	-3.633116	1.506695	0.025511	0.026726	0.023324	-66.956427	-65.697648	36.099713
44297	8.894487	-3.726613	1.552295	0.024945	0.044453	0.025498	-66.903907	-65.673492	36.057742
44298	8.869920	-3.719798	1.581081	0.024419	0.036905	0.023491	-66.859106	-65.653230	36.023971
44299	8.811367	-3.670194	1.610760	0.020991	0.031166	0.019603	-66.821540	-65.635150	35.995912
44300	8.853822	-3.693340	1.638421	0.020066	0.021627	0.013920	-66.792335	-65.623358	35.976515
44301	8.819091	-3.709118	1.687142	0.009786	0.009731	0.007833	-66.780281	-65.616309	35.969415
44302	8.897114	-3.657379	1.595891	0.013706	-0.007700	0.007617	-66.785668	-65.614457	35.983995
44303	8.931743	-3.699065	1.570609	0.003037	0.014401	0.011297	-66.773770	-65.604534	35.972823
44304	8.852897	-3.694332	1.617960	0.009621	-0.001212	0.005783	-66.773047	-65.602182	35.978124
44305	8.942163	-3.676429	1.549141	0.006689	0.000538	0.005707	-66.772365	-65.598340	35.981566
44306	8.922224	-3.719759	1.522149	0.006430	0.014758	0.011431	-66.757750	-65.589405	35.969606
44307	8.862808	-3.729891	1.643451	0.000697	0.018493	0.004035	-66.738858	-65.582394	35.949276
44308	8.909603	-3.745510	1.571863	0.010737	0.003350	-0.004958	-66.726849	-65.584664	35.942887
44309	8.874615	-3.703910	1.598903	-0.001217	0.019306	-0.006902	-66.702661	-65.583223	35.915537
44310	8.840669	-3.718049	1.646809	0.004544	0.004977	-0.012415	-66.688586	-65.589047	35.902982
44311	8.898300	-3.710367	1.576274	0.000755	0.002629	-0.016236	-66.677924	-65.596296	35.891730
44312	8.838999	-3.662548	1.674941	-0.009917	-0.000607	-0.014901	-66.677357	-65.604693	35.884910
44313	8.844120	-3.711342	1.597051	-0.005369	-0.024998	-0.009789	-66.705473	-65.614819	35.912387
44314	8.873616	-3.647308	1.648975	-0.013210	-0.015475	-0.011709	-66.725660	-65.624905	35.926284
44315	8.870504	-3.715052	1.519334	-0.016831	-0.032217	-0.015826	-66.765756	-65.639838	35.959699
44316	8.891171	-3.728761	1.589306	-0.017526	-0.025372	-0.017527	-66.797068	-65.655217	35.983091
44317	8.947300	-3.666730	1.519285	-0.004414	-0.020723	-0.011490	-66.818913	-65.665261	36.004275
44318	8.914558	-3.679561	1.540722	-0.007054	0.002853	-0.005650	-66.817317	-65.668012	35.998131
44319	8.836656	-3.731281	1.632024	-0.002144	-0.010244	-0.009369	-66.826734	-65.674587	36.007100
44320	8.880637	-3.694683	1.610079	-0.003461	-0.016449	-0.013180	-66.841819	-65.685655	36.021521
44321	8.849146	-3.705474	1.606139	-0.011596	-0.023430	-0.015455	-66.869004	-65.698405	36.044045
44322	8.840250	-3.725706	1.601822	-0.000441	-0.028668	-0.029659	-66.888447	-65.720902	36.065142
44323	8.895403	-3.665187	1.579776	-0.001060	-0.041717	-0.031786	-66.922891	-65.746361	36.102244
44324	8.915253	-3.564517	1.582970	-0.009798	-0.040455	-0.013952	-66.969418	-65.763212	36.147158
44325	8.833682	-3.743902	1.613084	-0.014628	-0.047256	-0.010661	-67.028776	-65.778758	36.203049
44326	8.874408	-3.598584	1.593788	-0.003205	-0.070805	-0.008955	-67.109770	-65.799707	36.289883
44327	8.947289	-3.676748	1.486752	-0.018784	-0.060961	-0.003882	-67.191136	-65.814666	36.367278
44328	8.893056	-3.679956	1.503424	-0.009404	-0.058535	-0.005309	-67.263296	-65.830869	36.440513
44329	8.980404	-3.608494	1.456416	-0.005664	-0.056304	0.002126	-67.334810	-65.841550	36.515331
44330	8.971788	-3.687467	1.471444	-0.005362	-0.029160	0.013645	-67.379484	-65.841183	36.560969
44331	8.962991	-3.707537	1.418793	-0.002552	-0.016395	0.010412	-67.406289	-65.838656	36.588735
44332	8.905265	-3.716622	1.513981	0.003352	0.005562	0.009321	-67.402900	-65.832917	36.587169
44333	8.902324	-3.664303	1.542402	0.005082	0.003171	0.003885	-67.399072	-65.829541	36.586151
44334	8.879191	-3.656059	1.567199	0.007989	0.001364	0.005762	-67.396230	-65.826609	36.588096
44335	8.892489	-3.685681	1.516684	-0.000203	-0.005738	0.007116	-67.407502	-65.823492	36.600313
44336	8.946843	-3.684515	1.517987	0.003190	-0.005378	0.007246	-67.416080	-65.821259	36.611762
44337	8.881344	-3.710122	1.539124	-0.003947	0.012104	-0.005303	-67.402386	-65.820792	36.594260
44338	8.893003	-3.684472	1.492642	0.005069	-0.002151	-0.001682	-67.401707	-65.822571	36.596743
44339	8.924035	-3.675208	1.543440	-0.001419	0.008367	-0.008928	-67.389191	-65.824848	36.582119
44340	8.869815	-3.676175	1.541842	0.004258	-0.006128	-0.009060	-67.390043	-65.831406	36.585770
44341	8.971269	-3.689158	1.470368	0.002217	-0.000225	-0.007182	-67.386416	-65.834659	36.583175
44342	8.949244	-3.678297	1.471067	0.007082	0.011958	-0.006726	-67.365476	-65.835997	36.564714
44343	8.879733	-3.653484	1.570127	0.005526	0.020028	-0.006597	-67.336382	-65.834482	36.536280
44344	8.925653	-3.669984	1.522627	0.011085	-0.000026	-0.005044	-67.328094	-65.837570	36.534201
44345	8.959414	-3.654361	1.477108	0.003455	0.025872	-0.002912	-67.295112	-65.832816	36.500206
44346	8.845624	-3.667369	1.621631	0.002389	0.016038	0.000452	-67.275592	-65.829444	36.480353
44347	8.892094	-3.683005	1.549319	0.000797	-0.001344	0.001813	-67.278518	-65.828216	36.484048
44348	8.882674	-3.703561	1.523356	-0.001163	0.004737	-0.001749	-67.273259	-65.828508	36.477596
44349	8.893579	-3.679593	1.501221	0.002258	0.005156	-0.003430	-67.265110	-65.828615	36.470067
44350	8.869269	-3.673697	1.574701	0.001854	0.003167	-0.007119	-67.257320	-65.832092	36.462737
44351	8.871006	-3.669935	1.525997	0.001274	-0.004500	-0.005500	-67.260081	-65.835438	36.466549
44352	8.902933	-3.658846	1.551811	0.005547	-0.005306	-0.008992	-67.259227	-65.841781	36.469140
44353	8.845913	-3.607341	1.577865	0.004676	0.001184	0.000196	-67.256153	-65.840865	36.468694
44354	8.890230	-3.628169	1.577194	0.001178	-0.019483	0.012301	-67.285016	-65.839094	36.501110
44355	8.949549	-3.675478	1.476249	-0.003471	-0.020607	0.010292	-67.317242	-65.837668	36.534240
44356	8.892622	-3.683131	1.545981	-0.006704	-0.010026	0.012230	-67.339433	-65.833833	36.554395
44357	8.915294	-3.692877	1.520327	-0.003405	-0.015166	0.012230	-67.366155	-65.830178	36.581535
44358	8.915132	-3.693719	1.519235	-0.005677	-0.005575	0.005111	-67.379003	-65.829120	36.592096
44359	8.892905	-3.683983	1.518364	-0.002351	-0.010656	0.003299	-67.395416	-65.829195	36.608598
44360	8.958355	-3.658683	1.496714	0.002812	-0.007307	0.001746	-67.403790	-65.830296	36.619586
44361	8.878707	-3.656858	1.592031	-0.008462	0.001791	0.001553	-67.408180	-65.828561	36.619072
44362	8.925969	-3.671375	1.493460	-0.003905	-0.022656	0.008407	-67.441761	-65.829513	36.653470
44363	8.948846	-3.680662	1.467566	-0.011178	-0.005472	0.004916	-67.457907	-65.827603	36.664137
44364	8.892739	-3.686337	1.513620	-0.013313	-0.005068	0.006662	-67.475287	-65.825605	36.674869
44365	8.892618	-3.687194	1.512243	-0.012246	-0.015305	0.008274	-67.505283	-65.824080	36.700047
44366	8.914759	-3.698125	1.510681	-0.009989	-0.010149	0.004847	-67.525859	-65.824153	36.716371
44367	8.883168	-3.708786	1.483575	-0.004772	-0.006681	-0.000328	-67.537206	-65.825293	36.725798
44368	8.856449	-3.650495	1.583638	-0.009397	-0.007744	-0.004146	-67.550222	-65.829598	36.734207
44369	8.915363	-3.698183	1.506971	-0.009709	-0.024303	-0.002736	-67.584020	-65.835869	36.765144
44370	8.926149	-3.675321	1.506764	-0.010134	-0.011539	-0.016962	-67.595714	-65.847789	36.771639
44371	8.891850	-3.633483	1.531549	-0.008156	-0.012302	-0.007841	-67.611991	-65.854143	36.784345
44372	8.972353	-3.692610	1.479182	-0.013778	-0.017759	-0.006358	-67.638304	-65.861799	36.804573
44373	8.915617	-3.641334	1.503688	-0.018292	-0.008001	-0.004471	-67.656959	-65.865437	36.813519
44374	8.904953	-3.665281	1.524798	-0.016745	-0.010812	0.002772	-67.681212	-65.866736	36.829624
44375	8.939993	-3.706551	1.496895	-0.017179	-0.012859	0.000891	-67.707583	-65.868594	36.847725
44376	8.873580	-3.676273	1.495472	-0.013301	-0.010331	-0.000725	-67.727602	-65.871637	36.861354
44377	8.917585	-3.698238	1.517970	-0.016738	-0.016069	-0.004618	-67.754863	-65.877113	36.880706
44378	8.916760	-3.642033	1.495190	-0.021780	-0.013859	-0.004744	-67.781986	-65.883047	36.896793
44379	8.828169	-3.660852	1.562805	-0.018097	-0.017075	0.000748	-67.813829	-65.885894	36.920311
44380	8.952714	-3.681936	1.440530	-0.008843	-0.014955	0.008384	-67.841197	-65.885094	36.944788
44381	8.884635	-3.655463	1.488603	-0.009334	0.002952	0.005186	-67.846424	-65.881257	36.944646
44382	8.949732	-3.630703	1.467205	0.007248	-0.011995	0.012654	-67.863117	-65.877546	36.967529
44383	8.952344	-3.683300	1.414911	-0.007232	0.012998	0.020025	-67.862385	-65.863677	36.962177
44384	8.860598	-3.649585	1.489133	0.005710	0.006644	0.025763	-67.864181	-65.848983	36.967774
44385	8.948974	-3.631577	1.396674	0.009367	0.023440	0.028124	-67.845504	-65.828570	36.953174
44386	8.970622	-3.700699	1.420764	0.018862	0.041932	0.039796	-67.804845	-65.798801	36.920492
44387	8.898684	-3.622198	1.478562	0.026766	0.057862	0.040456	-67.741671	-65.764393	36.868022
44388	8.918157	-3.636345	1.485124	0.041000	0.062897	0.059198	-67.673257	-65.719755	36.818792
44389	8.893688	-3.687143	1.513761	0.048341	0.076476	0.067004	-67.589084	-65.667183	36.756807
44390	8.900141	-3.670635	1.523993	0.052779	0.071854	0.076077	-67.512086	-65.611591	36.705522
44391	8.952777	-3.670785	1.461621	0.059113	0.081042	0.089152	-67.427751	-65.546232	36.650080
44392	8.926789	-3.723941	1.492512	0.065995	0.092515	0.096843	-67.329883	-65.475041	36.584131
44393	8.953030	-3.664463	1.484930	0.079517	0.104399	0.113816	-67.219633	-65.391413	36.512980
44394	9.029240	-3.729681	1.375701	0.095541	0.132431	0.127556	-67.074901	-65.295015	36.414005
44395	8.929044	-3.763813	1.559616	0.097972	0.173640	0.135549	-66.886997	-65.184283	36.268864
44396	8.869119	-3.828179	1.549367	0.128842	0.168025	0.131002	-66.686611	-65.077773	36.129406
44397	9.161145	-3.778741	1.414049	0.123246	0.183965	0.154362	-66.484761	-64.954389	35.984588
44398	9.815171	-3.536413	1.380104	0.124300	0.174220	0.238912	-66.335775	-64.789414	35.898735
44399	9.548394	-3.702429	1.242786	0.105816	0.326741	0.369978	-66.094921	-64.519652	35.699265
44400	9.086457	-3.566781	1.782685	0.178007	0.349330	0.462459	-65.837386	-64.196559	35.526774
44401	9.730702	-2.683106	2.044679	0.064669	0.223421	0.705235	-65.900386	-63.775239	35.638047
44402	8.825451	-4.260347	1.723424	-0.046357	0.333132	0.823562	-65.963842	-63.266977	35.679309
44403	9.017638	-3.420588	2.223869	0.003928	0.191958	0.840065	-66.148715	-62.782276	35.889231
44404	8.622997	-4.258579	1.983280	-0.175938	0.264261	0.914010	-66.388618	-62.242353	36.046072
44405	8.806221	-4.219076	2.113213	-0.136917	0.152817	0.869495	-66.689702	-61.750348	36.298206
44406	10.492836	-4.096130	2.050970	-0.151492	0.196325	1.037077	-67.016168	-61.160179	36.571077
44407	11.689390	-4.766211	2.444642	-0.289372	0.351861	1.390331	-67.401751	-60.347583	36.822956
44408	11.488590	-4.465162	2.588534	-0.259128	0.329483	1.600203	-67.851372	-59.428306	37.171120
44409	10.474939	-4.449786	1.992587	-0.410205	0.405591	1.862965	-68.388681	-58.351219	37.524182
44410	9.158494	-5.090143	1.865501	-0.352727	0.429176	1.970796	-68.880561	-57.210459	37.866729
44411	9.690325	-5.057008	1.907497	-0.333384	0.397049	2.024423	-69.376676	-56.045717	38.232070
44412	9.759805	-5.200682	2.076310	-0.338016	0.467889	2.128449	-69.822941	-54.809648	38.538859
44413	9.541884	-5.277027	1.786893	-0.295183	0.499669	2.218280	-70.221176	-53.517533	38.821475
44414	9.295301	-5.256358	2.217509	-0.304745	0.531791	2.342557	-70.610890	-52.151260	39.091428
44415	8.851190	-5.442737	2.121003	-0.289187	0.551161	2.441246	-70.979992	-50.726799	39.351573
44416	8.426843	-5.752798	2.312743	-0.262030	0.571162	2.514248	-71.316037	-49.258170	39.594312
44417	10.264060	-8.039111	3.618690	-0.343360	0.544935	2.479023	-71.687941	-47.812512	39.828112
44418	8.793022	-6.388384	2.144936	-0.220245	0.396791	2.350740	-72.033448	-46.462186	40.127344
44419	8.044685	-6.159534	2.059464	-0.441999	0.481738	2.431228	-72.453170	-45.051835	40.359814
44420	7.884251	-7.399143	1.877708	-0.333509	0.461958	2.325124	-72.786726	-43.701787	40.563553
44421	7.636091	-6.893039	2.145330	-0.346786	0.393170	2.302403	-73.145322	-42.375007	40.797927
44422	6.134906	-6.812172	1.806090	-0.383005	0.402907	2.332478	-73.509596	-41.028934	41.015658
44423	6.136632	-7.156882	1.539265	-0.342454	0.170608	2.254766	-73.934277	-39.761979	41.368271
44424	6.346234	-7.038152	0.888420	-0.288120	0.174759	2.300801	-74.314478	-38.466987	41.709288
44425	5.466626	-7.268179	0.951497	-0.222719	0.128464	2.430052	-74.675934	-37.106222	42.090896
44426	4.169116	-8.759358	1.007677	-0.222901	0.035379	2.654764	-75.081654	-35.632901	42.559732
44427	2.301877	-10.297576	1.338293	-0.152125	-0.149811	2.920452	-75.522467	-34.036576	43.178588
44428	1.876084	-10.110834	1.533273	-0.116038	-0.578603	3.040203	-76.079685	-32.429537	44.073973
44429	1.868832	-10.110870	1.287064	-0.181699	-0.786264	3.224348	-76.720640	-30.739818	45.098413
44430	2.546690	-11.403581	1.917276	-0.268882	-0.967037	3.344673	-77.431192	-28.996237	46.215753
44431	4.988376	-12.254678	2.229705	-0.185209	-1.061660	3.137564	-78.060829	-27.368172	47.323501
44432	6.556803	-11.872018	2.804855	-0.171166	-0.852963	2.807374	-78.562427	-25.892354	48.223747
44433	6.847616	-11.658293	3.481713	-0.063795	-0.571284	2.332716	-78.874418	-24.645201	48.868335
44434	6.504342	-11.787775	3.808003	0.018945	-0.208563	1.837556	-79.006747	-23.635188	49.218525
44435	5.538708	-12.250048	4.118322	0.185655	0.090117	1.411519	-78.945306	-22.831148	49.332095
44436	4.281665	-12.658939	4.052985	0.377967	0.296968	1.167169	-78.713371	-22.142474	49.292004
44437	2.967063	-13.079968	3.855486	0.553115	0.366048	1.126894	-78.365650	-21.467615	49.209152
44438	1.995158	-13.448606	3.530886	0.723702	0.292111	1.252703	-77.944720	-20.731161	49.191836
44439	1.466732	-13.997853	3.169570	0.868820	0.139787	1.501190	-77.485655	-19.873025	49.303847
44440	1.159481	-14.401359	2.798983	1.007471	-0.043221	1.808162	-76.997405	-18.868441	49.572300
44441	1.096613	-14.533444	2.467624	1.139208	-0.275346	2.130416	-76.487938	-17.715462	50.029160
44442	1.560777	-14.362089	2.148431	1.226793	-0.520744	2.427885	-75.975778	-16.435731	50.678957
44443	2.382514	-13.663506	1.995974	1.260782	-0.707634	2.646095	-75.469687	-15.065065	51.475992
44444	3.436471	-13.063033	1.962847	1.240312	-0.808035	2.758282	-74.976847	-13.655394	52.354455
44445	4.597696	-12.319012	2.125917	1.167945	-0.820349	2.737217	-74.507098	-12.264616	53.243586
44446	5.824002	-11.649367	2.391833	1.065874	-0.695604	2.583468	-74.057544	-10.948080	54.044883
44447	6.660512	-10.919838	2.716573	0.973882	-0.442364	2.326056	-73.611850	-9.737449	54.669819
44448	6.909319	-10.247555	2.848373	0.876533	-0.121727	2.012475	-73.173793	-8.652803	55.071658
44449	6.519012	-9.688500	2.858582	0.776728	0.205138	1.694850	-72.753644	-7.689273	55.245852
44450	5.697165	-9.255250	2.820277	0.669621	0.448529	1.429274	-72.370000	-6.831376	55.246374
44451	4.834441	-8.864246	2.822563	0.540397	0.582524	1.238849	-72.049151	-6.053411	55.145098
44452	4.399670	-8.572940	2.788665	0.419282	0.639647	1.100005	-71.793660	-5.340934	54.991807
44453	4.148161	-8.340455	2.867106	0.320301	0.674450	0.975836	-71.593528	-4.689003	54.800100
44454	3.948628	-8.014433	2.999059	0.232621	0.673566	0.839456	-71.443795	-4.110894	54.586194
44455	3.942787	-7.728603	3.097832	0.148783	0.641851	0.679502	-71.343525	-3.625196	54.361648
44456	3.861689	-7.539106	3.194397	0.088386	0.589653	0.468678	-71.278778	-3.262963	54.127516
44457	3.940330	-7.093920	3.260115	0.047450	0.519083	0.199032	-71.238135	-3.060386	53.882414
44458	4.274984	-6.857052	3.313830	0.026920	0.488746	-0.106574	-71.207540	-3.028457	53.597506
44459	4.903456	-6.833310	3.445024	0.028026	0.526566	-0.445752	-71.171523	-3.174291	53.229305
44460	5.198805	-6.978469	3.544117	0.060091	0.615092	-0.811785	-71.108852	-3.500917	52.744907
44461	5.204519	-6.890196	3.499087	0.125055	0.726320	-1.177539	-70.996850	-4.005759	52.131194
44462	4.623928	-6.782643	3.367255	0.186236	0.857074	-1.482360	-70.833997	-4.648255	51.387576
44463	3.550723	-6.548821	3.050015	0.243896	0.959468	-1.639252	-70.621394	-5.355694	50.555745
44464	2.866171	-6.263707	2.874146	0.248157	1.018933	-1.575552	-70.394434	-6.012293	49.700251
44465	2.100573	-6.411714	2.812699	0.251119	1.044998	-1.453703	-70.156792	-6.596803	48.850639
44466	2.032793	-6.579757	2.629844	0.267472	0.978673	-1.376363	-69.907559	-7.146919	48.048821
44467	2.037058	-6.669780	2.572308	0.282721	0.849255	-1.384384	-69.649662	-7.725682	47.312080
44468	2.112005	-6.652009	2.508345	0.310967	0.599972	-1.482110	-69.383764	-8.401297	46.686984
44469	2.519179	-6.579125	2.584855	0.333401	0.309057	-1.658566	-69.114261	-9.229938	46.178892
44470	3.344892	-6.615093	2.574597	0.369033	0.067447	-1.867665	-68.830849	-10.215319	45.753005
44471	4.133130	-6.494971	2.580355	0.412755	-0.033013	-2.053733	-68.515697	-11.321224	45.335486
44472	4.818997	-6.389914	2.566793	0.455011	-0.020330	-2.212468	-68.158559	-12.504060	44.868574
44473	5.208533	-6.133246	2.360290	0.498623	0.104188	-2.348327	-67.741592	-13.731935	44.293238
44474	5.277486	-5.702646	1.952525	0.529970	0.284258	-2.449993	-67.262038	-14.966949	43.583747
44475	5.027522	-5.250030	1.463454	0.503497	0.436233	-2.491399	-66.753251	-16.186953	42.766125
44476	4.414802	-4.853250	1.160965	0.442480	0.496660	-2.503892	-66.248424	-17.389574	41.896309
44477	3.686371	-4.617285	0.808697	0.364710	0.397948	-2.522073	-65.780090	-18.621010	41.059619
44478	3.277073	-4.427805	0.690462	0.256407	0.189462	-2.516335	-65.390504	-19.889411	40.323936
44479	3.290720	-4.490975	0.694060	0.151891	-0.073597	-2.476616	-65.094434	-21.199667	39.730209
44480	3.730744	-4.438434	0.771259	0.064651	-0.286017	-2.435353	-64.880260	-22.533881	39.254769
44481	4.422654	-4.331776	0.754844	-0.007149	-0.369101	-2.400553	-64.714712	-23.872589	38.825702
44482	5.040124	-4.369571	0.831460	-0.094704	-0.377291	-2.410433	-64.588244	-25.213678	38.390728
44483	5.146621	-4.336349	0.790082	-0.186024	-0.388953	-2.470437	-64.496538	-26.591909	37.937994
44484	4.793914	-4.353202	0.740750	-0.269980	-0.344932	-2.492321	-64.425785	-27.966019	37.446220
44485	4.345400	-4.526565	0.726147	-0.340051	-0.341901	-2.432038	-64.387913	-29.312035	36.961615
44486	4.315293	-4.589287	0.615549	-0.402728	-0.357405	-2.354493	-64.389015	-30.617466	36.501923
44487	4.298200	-4.727916	0.661773	-0.439003	-0.427491	-2.317181	-64.426030	-31.925459	36.089346
44488	4.234468	-5.035392	0.797835	-0.429999	-0.552582	-2.328349	-64.487353	-33.266064	35.745917
44489	4.415499	-5.396883	1.070199	-0.362678	-0.720918	-2.368954	-64.552727	-34.673938	35.491449
44490	4.591748	-5.678656	1.351158	-0.231095	-0.818094	-2.385159	-64.568930	-36.109806	35.290880
44491	4.803155	-5.627199	1.500389	-0.080646	-0.847910	-2.365423	-64.507166	-37.547233	35.110990
44492	4.985753	-5.463962	1.391675	0.052451	-0.836754	-2.346202	-64.360827	-38.967214	34.923266
44493	5.030327	-5.201519	1.328298	0.136086	-0.820590	-2.338833	-64.151332	-40.383417	34.717364
44494	5.063592	-5.062457	1.043641	0.178502	-0.837785	-2.359922	-63.909163	-41.809650	34.504624
44495	5.090186	-5.077054	0.985130	0.158879	-0.915091	-2.390900	-63.695000	-43.275256	34.322491
44496	5.307243	-5.293378	1.065519	0.117851	-0.993833	-2.427115	-63.523211	-44.774500	34.172538
44497	5.570011	-5.602636	1.193775	0.072438	-1.059064	-2.440549	-63.398559	-46.301593	34.055870
44498	5.760827	-6.013350	1.293270	0.000093	-1.087479	-2.430626	-63.326214	-47.826212	33.957189
44499	5.683067	-6.376178	1.601791	-0.063717	-1.115292	-2.391154	-63.313221	-49.342226	33.890876
44500	5.884494	-6.686144	1.830731	-0.092634	-1.150406	-2.323912	-63.356341	-50.828353	33.877945
44501	6.082079	-7.052029	1.925037	-0.112653	-1.147960	-2.253187	-63.434295	-52.281969	33.894648
44502	6.342817	-7.006986	2.080130	-0.101340	-1.156239	-2.183729	-63.538059	-53.697733	33.951920
44503	6.690574	-6.556891	1.859668	-0.111566	-1.119795	-2.132067	-63.646956	-55.081748	34.006738
44504	6.814216	-6.476613	1.719920	-0.184323	-1.089543	-2.085834	-63.797897	-56.430146	34.061614
44505	6.410897	-6.822598	1.793994	-0.283782	-1.067324	-2.003518	-64.030778	-57.734399	34.144775
44506	6.178330	-7.409425	2.197927	-0.327613	-1.137567	-1.881305	-64.410544	-58.988923	34.370383
44507	6.689183	-7.844168	2.676573	-0.322318	-1.165308	-1.737488	-64.899206	-60.178448	34.722246
44508	7.512220	-8.245418	3.217299	-0.266174	-1.191157	-1.651297	-65.448843	-61.324121	35.177421
44509	8.443846	-8.137108	3.336225	-0.189720	-1.110912	-1.614628	-65.932838	-62.432815	35.602295
44510	8.400424	-7.819877	3.255548	-0.144895	-0.990255	-1.581700	-66.314128	-63.491586	35.937193
44511	8.072056	-7.296874	2.869370	-0.155849	-0.892956	-1.517754	-66.656681	-64.496251	36.218367
44512	7.691509	-6.841370	2.565658	-0.218103	-0.826681	-1.411288	-67.033764	-65.426392	36.496667
44513	7.613715	-6.456193	2.350706	-0.297073	-0.791652	-1.304066	-67.496283	-66.293553	36.816397
44514	7.669176	-6.164183	2.307108	-0.363104	-0.760048	-1.198438	-68.037489	-67.094348	37.179190
44515	8.182365	-6.089745	2.352693	-0.422755	-0.747581	-1.135630	-68.664438	-67.859521	37.595116
44516	8.513386	-6.525628	2.792059	-0.484580	-0.687646	-1.075961	-69.309908	-68.576695	37.991252
44517	8.657326	-7.078959	3.362745	-0.459999	-0.679929	-1.033270	-69.990834	-69.269249	38.438014
44518	8.909688	-7.320673	3.787744	-0.383537	-0.615520	-0.980595	-70.594446	-69.917512	38.847610
44519	8.686378	-7.408554	3.924916	-0.291880	-0.496029	-0.888512	-71.046638	-70.493214	39.150016
44520	8.410396	-7.317152	3.878903	-0.175806	-0.388704	-0.765103	-71.347079	-70.980374	39.361610
44521	8.140294	-6.945176	3.706758	-0.053347	-0.301354	-0.629988	-71.524319	-71.378485	39.516217
44522	7.978182	-6.440792	3.487619	0.064519	-0.225289	-0.511342	-71.577198	-71.697651	39.610978
44523	7.774730	-5.761690	3.077973	0.184213	-0.166871	-0.415534	-71.521675	-71.954227	39.663355
44524	7.586811	-5.068127	2.603764	0.268977	-0.129701	-0.341889	-71.393591	-72.163976	39.690755
44525	7.459636	-4.328239	2.133474	0.310147	-0.125296	-0.298738	-71.260165	-72.349225	39.737025
44526	7.513340	-3.703701	1.546836	0.295441	-0.118269	-0.274846	-71.134024	-72.520536	39.782311
44527	8.798875	-3.971117	2.434963	0.208389	-0.094130	-0.237468	-71.039566	-72.666637	39.808260
44528	26.569492	-22.052318	8.988345	0.525039	2.087663	1.027501	-67.896508	-71.695885	36.823039
44529	-2.295165	2.356477	1.202148	2.072510	2.456991	0.732152	-63.447893	-70.732409	33.378505
44530	15.358366	-0.164769	4.275516	-1.154593	-0.317990	0.212291	-64.730387	-70.703046	34.036411
44531	11.612822	-7.342606	-0.341063	-0.264087	0.794379	0.432304	-64.027135	-70.282227	33.129750
44532	4.848703	-3.139194	7.122263	-0.227544	0.542198	0.239947	-63.554149	-70.022107	32.488330
44533	7.616175	-2.312644	1.186973	-0.021271	-1.003424	0.166351	-65.113484	-70.184249	34.133657
44534	10.045366	-0.720274	-0.544837	-0.207142	0.151769	0.431379	-65.300840	-69.923829	34.206752
44535	7.306175	-2.468711	1.325697	-0.112164	0.275891	0.772450	-65.476137	-69.454815	34.325105
44536	11.090573	-2.518349	1.649551	-0.079931	0.167298	0.875106	-65.836818	-68.958905	34.661966
44537	11.729770	-4.873494	0.757509	-0.154217	0.587013	0.964492	-65.721751	-68.316208	34.443508
44538	10.333243	-5.635624	2.153731	-0.049552	0.556911	0.616268	-65.391719	-67.863147	34.057225
44539	7.797089	-4.381658	2.872709	0.117563	0.264638	0.262978	-65.143067	-67.662018	33.861290
44540	8.740379	-2.749143	2.174632	-0.009333	-0.089551	0.254262	-65.409931	-67.551575	34.144178
44541	9.235283	-4.231125	1.247076	-0.101104	-0.015956	0.224677	-65.617814	-67.437289	34.306465
44542	8.959291	-3.377586	1.712567	0.020054	-0.058008	0.138572	-65.758207	-67.379042	34.471013
44543	9.196901	-3.509932	1.290813	-0.048449	-0.031887	0.136419	-65.903719	-67.314264	34.598574
44544	9.001387	-3.409426	1.536057	-0.013042	0.017285	0.131711	-65.963617	-67.241743	34.655452
44545	9.004332	-3.342172	1.492933	-0.002554	-0.016642	0.154982	-66.072831	-67.163552	34.772291
44546	9.253482	-3.445245	1.249853	0.007064	0.014860	0.172549	-66.145732	-67.070134	34.855855
44547	9.244959	-3.465338	1.303904	0.022485	0.090389	0.189599	-66.125974	-66.948928	34.848339
44548	9.071277	-3.556510	1.451250	0.032778	0.135261	0.200106	-66.050622	-66.813125	34.786869
44549	8.914074	-3.606182	1.653342	0.048407	0.136330	0.202401	-65.967744	-66.674530	34.726792
44550	8.810640	-3.533263	1.718090	0.071305	0.103746	0.207858	-65.914164	-66.541972	34.712969
44551	8.752284	-3.603039	1.673109	0.055642	0.064863	0.186088	-65.905487	-66.428576	34.738218
44552	8.795901	-3.381056	1.771382	0.042308	0.038076	0.181157	-65.933045	-66.325335	34.794797
44553	8.838973	-3.588567	1.567750	0.027933	0.017639	0.189090	-65.997531	-66.221380	34.882673
44554	8.950239	-3.520480	1.532236	0.034706	0.023774	0.193026	-66.051711	-66.115214	34.963685
44555	8.912690	-3.604420	1.530860	0.043143	0.043470	0.208216	-66.085784	-65.995187	35.027966
44556	8.840430	-3.524191	1.663307	0.048122	0.051915	0.219348	-66.111828	-65.868658	35.086730
44557	8.749732	-3.780386	1.746842	0.029504	0.031213	0.201634	-66.163618	-65.754901	35.161990
44558	8.656929	-3.687018	1.874708	0.020935	-0.015349	0.167538	-66.255763	-65.671035	35.276285
44559	8.985637	-3.685194	1.469602	0.027314	-0.087426	0.166250	-66.426839	-65.603001	35.481229
44560	8.987361	-3.682582	1.541323	0.008214	0.001914	0.165350	-66.503653	-65.516126	35.570817
44561	8.900286	-4.101517	1.680988	0.000976	-0.038201	0.127920	-66.612072	-65.456719	35.690554
44562	9.180785	-3.798078	1.221528	0.084110	-0.040258	0.076918	-66.648966	-65.425832	35.784146
44563	8.937682	-3.850847	1.506371	0.030369	0.076045	0.064319	-66.577221	-65.373841	35.724326
44564	8.895213	-3.764168	1.615212	0.075025	0.026982	0.047062	-66.527198	-65.343371	35.716627
44565	9.005193	-3.702250	1.508492	0.065239	0.067782	0.049216	-66.437873	-65.301152	35.659406
44566	8.811982	-3.763114	1.652591	0.067962	0.074979	0.047613	-66.337652	-65.259369	35.591985
44567	8.852947	-3.730730	1.640478	0.065940	0.055668	0.043529	-66.259360	-65.222858	35.547314
44568	8.905953	-3.730556	1.626409	0.057824	0.068670	0.039769	-66.168671	-65.186561	35.483954
44569	8.779798	-3.763600	1.725074	0.054082	0.066387	0.034118	-66.080688	-65.152448	35.421091
44570	8.878277	-3.725713	1.665581	0.051396	0.048581	0.022836	-66.008281	-65.129612	35.373788
44571	8.788828	-3.797354	1.712706	0.038059	0.058206	0.022414	-65.933143	-65.103467	35.314940
44572	8.877697	-3.780820	1.649988	0.041574	0.033476	0.011308	-65.877780	-65.090145	35.280207
44573	8.958835	-3.782653	1.537355	0.046667	0.065758	0.004764	-65.780525	-65.071396	35.202391
44574	8.818300	-3.784348	1.711283	0.053007	0.098802	0.000063	-65.639701	-65.048500	35.080623
44575	8.743456	-3.704537	1.844213	0.051339	0.070744	-0.009485	-65.527241	-65.035872	34.988957
44576	8.778308	-3.631443	1.758866	0.034498	0.045462	-0.001524	-65.456265	-65.026286	34.932511
44577	8.829579	-3.810939	1.682693	0.033897	0.043199	0.003838	-65.391544	-65.013179	34.882477
44578	8.814559	-3.724596	1.716397	0.026649	0.044216	-0.010943	-65.321725	-65.008739	34.822336
44579	8.774276	-3.687853	1.842616	0.019120	0.021207	-0.000714	-65.287780	-65.003228	34.796909
44580	8.802514	-3.746721	1.744415	0.009100	0.005823	-0.003152	-65.274908	-65.003898	34.788502
44581	8.801528	-3.747501	1.768897	-0.001180	-0.006062	-0.009174	-65.278669	-65.009323	34.791850
44582	8.813726	-3.723229	1.744763	-0.008743	-0.025313	-0.011555	-65.306479	-65.021825	34.817047
44583	8.814701	-3.722447	1.741505	-0.022081	-0.035593	-0.012265	-65.353647	-65.035925	34.855070
44584	8.841932	-3.783571	1.685781	-0.024288	-0.045969	-0.017931	-65.410288	-65.056661	34.902238
44585	8.862937	-3.739398	1.708716	-0.029142	-0.043528	-0.025354	-65.463809	-65.079448	34.942793
44586	8.843847	-3.725739	1.678480	-0.034319	-0.052194	-0.029325	-65.527537	-65.107564	34.991419
44587	8.866842	-3.735354	1.697263	-0.036806	-0.053724	-0.033087	-65.593161	-65.136774	35.040459
44588	8.925715	-3.728966	1.645119	-0.037712	-0.052540	-0.029505	-65.659384	-65.165019	35.089670
44589	8.874738	-3.782360	1.634123	-0.039575	-0.031847	-0.040157	-65.698543	-65.192725	35.107781
44590	8.861725	-3.751133	1.703921	-0.035817	-0.040234	-0.045569	-65.741790	-65.226427	35.132857
44591	8.854499	-3.712363	1.651747	-0.033710	-0.040702	-0.045503	-65.785036	-65.259004	35.159159
44592	8.926547	-3.735213	1.575498	-0.028374	-0.031815	-0.048777	-65.812998	-65.292390	35.172088
44593	8.789268	-3.678647	1.715991	-0.029920	-0.018400	-0.043207	-65.830046	-65.318533	35.171930
44594	8.858942	-3.704369	1.689462	-0.023297	-0.033982	-0.050437	-65.856806	-65.353291	35.186732
44595	8.793827	-3.671448	1.708034	-0.039389	-0.046200	-0.042267	-65.911518	-65.385457	35.222043
44596	8.909644	-3.659224	1.609286	-0.035134	-0.067033	-0.042457	-65.987093	-65.423746	35.283064
44597	8.871232	-3.744347	1.596001	-0.034573	-0.039468	-0.043795	-66.030805	-65.455121	35.309298
44598	8.832586	-3.651372	1.716993	-0.032595	-0.050824	-0.047552	-66.084062	-65.492261	35.347353
44599	8.918019	-3.647441	1.567435	-0.027915	-0.064270	-0.040367	-66.154436	-65.527578	35.407064
44600	8.886827	-3.658053	1.583829	-0.031056	-0.042847	-0.032874	-66.205371	-65.555145	35.443514
44601	8.877496	-3.679433	1.601214	-0.029947	-0.047641	-0.029303	-66.263647	-65.580786	35.488631
44602	8.889437	-3.712530	1.643031	-0.032767	-0.045716	-0.034835	-66.318084	-65.610013	35.527836
44603	8.847337	-3.689327	1.636657	-0.037531	-0.057722	-0.040714	-66.386823	-65.643928	35.579650
44604	8.892332	-3.652354	1.633609	-0.036479	-0.067960	-0.039079	-66.467327	-65.680443	35.645109
44605	8.906793	-3.624424	1.579467	-0.036125	-0.066026	-0.033608	-66.548864	-65.712468	35.711823
44606	8.922965	-3.708885	1.566981	-0.042945	-0.066801	-0.032105	-66.635660	-65.744974	35.780086
44607	8.868817	-3.653810	1.561001	-0.034809	-0.065141	-0.035397	-66.714900	-65.777671	35.845075
44608	8.892527	-3.662914	1.578035	-0.036613	-0.073510	-0.037483	-66.803628	-65.814443	35.919397
44609	8.894848	-3.660565	1.570387	-0.036686	-0.068308	-0.028325	-66.891616	-65.844056	35.992764
44610	8.884703	-3.626841	1.564485	-0.030678	-0.075616	-0.015569	-66.990844	-65.869651	36.082285
44611	8.919476	-3.612475	1.534632	-0.028908	-0.067305	-0.011705	-67.081862	-65.890181	36.163827
44612	8.957418	-3.649917	1.453204	-0.019315	-0.063254	0.001445	-67.168801	-65.903923	36.246988
44613	8.980197	-3.660853	1.447728	-0.023746	-0.042680	0.008995	-67.238284	-65.907971	36.308163
44614	8.892371	-3.736481	1.533868	-0.013632	-0.026959	0.002482	-67.279703	-65.913047	36.345020
44615	8.832863	-3.633073	1.584176	-0.014337	-0.045506	0.000202	-67.342849	-65.922327	36.405152
44616	8.968719	-3.631678	1.461576	-0.009812	-0.049945	0.003891	-67.410035	-65.931694	36.472623
44617	8.945391	-3.625571	1.505863	-0.021054	-0.035472	0.007433	-67.468783	-65.934899	36.523717
44618	9.115886	-3.783133	1.470670	-0.062834	-0.049636	0.009136	-67.568639	-65.941352	36.593691
44619	9.037388	-3.719837	1.154243	0.053086	0.054804	-0.031151	-67.458952	-65.945184	36.506842
44620	8.475805	-3.712921	1.924536	-0.038583	0.035427	-0.013313	-67.433030	-65.944859	36.454289
44621	9.029878	-3.500572	1.513274	0.031939	-0.091936	-0.002831	-67.523407	-65.965880	36.573255
44622	8.906667	-3.653812	1.446488	-0.019714	0.010941	-0.000474	-67.522003	-65.964149	36.559393
44623	8.928259	-3.665957	1.469133	0.013091	-0.046197	0.006625	-67.573618	-65.970115	36.624083
44624	8.928287	-3.666530	1.467533	-0.007171	0.007922	0.007184	-67.572362	-65.964993	36.618252
44625	8.901667	-3.607600	1.544024	0.018198	-0.017576	0.009324	-67.588389	-65.963270	36.647179
44626	8.868190	-3.622632	1.565630	0.000711	-0.011044	0.025162	-67.613933	-65.952767	36.675639
44627	8.915323	-3.696430	1.511498	0.013368	-0.033895	0.030514	-67.662408	-65.943371	36.737077
44628	8.948449	-3.683730	1.462281	0.004202	-0.025260	0.030380	-67.705312	-65.933178	36.786743
44629	8.913229	-3.703079	1.531693	0.004378	-0.019574	0.025079	-67.739219	-65.923524	36.826593
44630	8.891283	-3.693212	1.505391	0.007634	-0.030092	0.021309	-67.781422	-65.919163	36.877653
44631	8.969186	-3.699945	1.455902	0.009335	-0.032539	0.017679	-67.824240	-65.916222	36.930378
44632	8.910415	-3.653639	1.528843	0.001581	-0.017516	0.015949	-67.852363	-65.911959	36.962219
44633	8.959386	-3.722895	1.425489	0.003503	-0.034233	0.008350	-67.896010	-65.914318	37.012195
44634	8.956852	-3.670835	1.451579	0.003069	-0.010949	0.008907	-67.912075	-65.912362	37.031761
44635	8.935753	-3.717169	1.471573	0.001524	-0.008132	0.001667	-67.922654	-65.912642	37.044271
44636	8.902396	-3.672922	1.448485	0.008725	-0.010687	-0.001765	-67.930025	-65.916294	37.057864
44637	8.901213	-3.676057	1.496392	0.001913	-0.011463	-0.000215	-67.943441	-65.918296	37.073723
44638	8.914227	-3.706398	1.469103	0.007394	-0.016885	-0.005595	-67.957106	-65.925313	37.093374
44639	8.914019	-3.707389	1.492229	0.002378	-0.014611	-0.007532	-67.970486	-65.931881	37.109484
44640	8.880340	-3.664240	1.492646	0.003079	-0.021457	-0.005865	-67.991951	-65.940019	37.134968
44641	8.925995	-3.682313	1.466125	0.005116	-0.027359	-0.007755	-68.018845	-65.949443	37.167595
44642	8.926730	-3.681346	1.464074	-0.001039	-0.020285	-0.013239	-68.037768	-65.961239	37.187707
44643	8.937589	-3.658259	1.464040	0.005213	-0.021859	-0.007619	-68.058163	-65.969411	37.213274
44644	8.905237	-3.671057	1.484677	-0.004118	-0.024159	-0.009820	-68.085146	-65.980213	37.240276
44645	8.951043	-3.688783	1.457915	-0.000676	-0.023678	-0.013318	-68.108388	-65.991803	37.265262
44646	8.930241	-3.675861	1.431869	-0.000144	-0.016132	-0.011296	-68.122846	-66.001667	37.281041
44647	8.930351	-3.676358	1.454496	-0.004410	-0.020583	-0.015187	-68.143679	-66.013594	37.301043
44648	8.964760	-3.659730	1.406067	-0.001627	-0.007878	-0.016583	-68.146611	-66.024505	37.303276
44649	8.886844	-3.654572	1.477560	-0.008859	0.009431	-0.023652	-68.130063	-66.034539	37.279573
44650	8.910944	-3.659813	1.428974	-0.001095	-0.000332	-0.014561	-68.124628	-66.042765	37.272982
44651	8.920224	-3.639924	1.479582	0.001862	0.003237	-0.008925	-68.116406	-66.046297	37.265115
44652	8.910366	-3.661163	1.478321	0.001520	0.006690	-0.010663	-68.102935	-66.050950	37.251370
44653	8.876918	-3.616470	1.456357	0.003417	0.000422	-0.001685	-68.100663	-66.051242	37.250989
44654	8.987179	-3.609628	1.411108	0.009283	0.002183	0.005822	-68.096067	-66.048093	37.251823
44655	8.900593	-3.681609	1.453961	0.000209	0.016315	0.005864	-68.080252	-66.040988	37.234611
44656	8.942016	-3.649591	1.483146	0.011119	0.010612	0.006099	-68.064659	-66.035889	37.224562
44657	8.954342	-3.680530	1.458517	0.002000	0.019368	0.002372	-68.042503	-66.029989	37.201532
44658	8.922250	-3.691162	1.434204	0.008644	0.014467	0.006108	-68.023740	-66.024056	37.186460
44659	8.897003	-3.628468	1.464569	0.009799	0.029803	0.002902	-67.984939	-66.015635	37.150099
44660	8.951432	-3.625691	1.444892	0.013020	0.029737	0.015710	-67.950110	-66.001313	37.120184
44661	8.862160	-3.643951	1.493631	0.011005	0.035700	0.015782	-67.909880	-65.984777	37.083007
44662	8.882652	-3.657061	1.520787	0.009871	0.020425	0.017177	-67.888733	-65.971669	37.066090
44663	8.928143	-3.673912	1.449842	0.009047	0.021710	0.017176	-67.867019	-65.957403	37.047951
44664	8.904397	-3.666516	1.476625	0.009583	0.023999	0.011807	-67.839230	-65.946368	37.023576
44665	8.947955	-3.688039	1.478605	0.007666	0.015389	0.016969	-67.825768	-65.933581	37.013603
44666	8.935133	-3.656808	1.482537	0.008786	0.025344	0.009992	-67.796002	-65.923210	36.986558
44667	8.910625	-3.650943	1.534048	0.009602	0.029318	0.017368	-67.765133	-65.907200	36.958730
44668	8.910279	-3.650877	1.512161	0.009355	0.018198	0.020718	-67.748767	-65.892680	36.946716
44669	8.909131	-3.652882	1.514085	0.000017	0.021159	0.025890	-67.737236	-65.873922	36.934053
44670	8.897737	-3.677250	1.514026	0.008352	0.013803	0.026013	-67.729243	-65.857546	36.930582
44671	8.940912	-3.699963	1.515350	0.004471	0.011279	0.027624	-67.727705	-65.840021	36.931665
44672	8.928435	-3.668420	1.494160	0.005394	0.015494	0.027753	-67.720263	-65.822356	36.926939
44673	8.927850	-3.669312	1.471557	0.002074	0.020578	0.029561	-67.710065	-65.801792	36.917024
44674	8.936516	-3.650104	1.475428	0.007927	0.022336	0.037061	-67.697627	-65.777705	36.908408
44675	8.957475	-3.662208	1.454335	0.006144	0.044623	0.042941	-67.663308	-65.744827	36.874593
44676	8.854019	-3.651986	1.530023	0.015445	0.046854	0.046944	-67.622608	-65.710155	36.839696
44677	8.953229	-3.669095	1.439480	0.017428	0.051413	0.061599	-67.583082	-65.665905	36.807241
44678	8.871788	-3.726836	1.537206	0.021710	0.061184	0.071010	-67.533899	-65.615333	36.766949
44679	8.935491	-3.704283	1.474065	0.036847	0.054575	0.069586	-67.483715	-65.566150	36.734979
44680	8.965807	-3.695403	1.434675	0.047315	0.077335	0.079490	-67.405570	-65.507508	36.678954
44681	8.889944	-3.680680	1.590303	0.046432	0.103730	0.089016	-67.302791	-65.437186	36.595174
44682	8.830533	-3.689630	1.597899	0.051520	0.072368	0.099358	-67.238282	-65.369074	36.556735
44683	8.892744	-3.727578	1.582141	0.046675	0.070923	0.108132	-67.183192	-65.295856	36.525494
44684	8.846726	-3.766900	1.537462	0.048257	0.062961	0.104361	-67.134264	-65.227164	36.502108
44685	8.974156	-3.724750	1.480345	0.060618	0.074238	0.114033	-67.070730	-65.150076	36.470330
44686	8.946542	-3.780253	1.511504	0.064833	0.103746	0.129124	-66.978378	-65.059177	36.409513
44687	8.886670	-3.846204	1.518486	0.077412	0.115348	0.127910	-66.866183	-64.965516	36.334612
44688	9.031556	-3.765432	1.519851	0.099413	0.125414	0.141464	-66.736825	-64.863129	36.254717
44689	9.414860	-3.695485	1.556294	0.094005	0.123264	0.175359	-66.630631	-64.742589	36.196820
44690	9.586743	-3.919150	0.983472	0.117938	0.181887	0.277986	-66.495430	-64.555425	36.122030
44691	9.258741	-3.730928	1.573764	0.141309	0.336477	0.331027	-66.205459	-64.304091	35.890244
44692	9.051004	-3.525284	1.856618	0.154206	0.295376	0.378912	-65.979692	-64.037453	35.737624
44693	9.307536	-3.162758	1.972985	0.022040	0.321289	0.525484	-65.875821	-63.687254	35.635904
44694	9.121537	-4.369780	1.735808	0.125253	0.239116	0.601667	-65.836560	-63.317065	35.672267
44695	9.414644	-3.077537	1.973486	-0.018263	0.282291	0.769574	-65.912196	-62.848360	35.745280
44696	8.843270	-4.611098	2.038445	-0.078198	0.329894	0.779307	-65.975587	-62.364004	35.766257
44697	10.297069	-4.055371	1.999908	-0.027436	0.292697	0.822119	-66.064354	-61.865325	35.848836
44698	11.407445	-4.380180	1.972856	-0.055097	0.674153	1.041798	-65.893925	-61.163297	35.619063
44699	11.197938	-5.047455	2.325438	-0.158570	0.689035	1.252939	-65.865963	-60.346740	35.482827
44700	10.632595	-4.485552	1.706832	-0.046740	0.733577	1.380139	-65.790195	-59.453627	35.364344
44701	9.565676	-5.208418	2.129296	-0.170839	0.867669	1.546014	-65.739807	-58.441906	35.191191
44702	9.649793	-4.577055	2.377209	-0.098474	0.660589	1.638953	-65.859968	-57.430649	35.266445
44703	10.192733	-4.772945	2.214446	-0.162978	0.750764	1.776643	-65.988561	-56.325911	35.308395
44704	9.125282	-4.742213	2.498000	-0.208997	0.792498	1.909980	-66.150978	-55.141883	35.360066
44705	9.135294	-5.000184	2.273822	-0.179925	0.720432	2.010047	-66.375003	-53.921710	35.508461
44706	9.076145	-5.009212	2.424228	-0.171481	0.769306	2.130249	-66.584697	-52.627086	35.647537
44707	8.662209	-5.408156	2.557826	-0.156950	0.780003	2.224050	-66.795028	-51.280292	35.800334
44708	9.119788	-5.995528	2.326302	-0.046122	0.803696	2.290902	-66.934003	-49.892752	35.946051
44709	9.191439	-5.569030	2.760564	-0.051361	0.848884	2.341408	-67.052630	-48.468240	36.063818
44710	8.409638	-6.069747	2.689685	-0.056866	0.855715	2.408719	-67.178964	-47.006527	36.190538
44711	9.070736	-6.082082	3.716309	0.011040	0.865195	2.382182	-67.247906	-45.556682	36.294595
44712	8.615465	-5.649448	3.060767	-0.202048	0.937499	2.419626	-67.402444	-44.070837	36.349647
44713	6.824716	-7.089886	2.994414	-0.385980	0.695405	2.517111	-67.794818	-42.586289	36.599156
44714	7.781933	-5.881891	3.118425	-0.254369	0.496313	2.421167	-68.170764	-41.194035	36.943945
44715	7.305322	-7.132177	2.601039	-0.383756	0.713931	2.399715	-68.499590	-39.765926	37.111805
44716	6.180207	-6.564304	2.954395	-0.323912	0.623816	2.353254	-68.813501	-38.380407	37.315424
44717	6.083013	-6.961765	2.453074	-0.360067	0.545911	2.311259	-69.161328	-37.032814	37.546858
44718	6.197696	-7.018025	2.806251	-0.349814	0.502898	2.222755	-69.494565	-35.739951	37.770769
44719	5.073394	-6.750721	2.482670	-0.390761	0.462083	2.239193	-69.857265	-34.445698	38.012257
44720	3.465346	-6.667623	2.115966	-0.422646	0.264020	2.277897	-70.302111	-33.167508	38.376575
44721	2.280752	-7.013122	1.702946	-0.467166	-0.017456	2.362430	-70.862993	-31.894973	38.921812
44722	2.680837	-7.431756	1.774412	-0.488070	-0.475360	2.422231	-71.570975	-30.669118	39.746719
44723	2.907784	-8.229432	1.783945	-0.546588	-0.709539	2.550970	-72.369529	-29.405615	40.716175
44724	1.725870	-9.370207	2.071325	-0.643179	-1.027658	2.822878	-73.307989	-28.034305	41.902162
44725	1.754140	-11.314968	2.104491	-0.696415	-1.270091	3.021547	-74.317343	-26.574777	43.232171
44726	3.949193	-12.440475	2.542017	-0.623115	-1.380475	2.801137	-75.249804	-25.234027	44.549247
44727	6.083770	-12.014769	2.976232	-0.564690	-1.182424	2.399580	-76.031477	-24.070032	45.646960
44728	6.536483	-11.741014	3.585127	-0.446006	-0.772116	1.830811	-76.583582	-23.155943	46.387379
44729	6.358559	-11.284095	3.902198	-0.406932	-0.318043	1.213869	-76.958812	-22.520601	46.752967
44730	5.390599	-11.280991	4.297656	-0.317514	0.157154	0.706148	-77.142021	-22.106488	46.756459
44731	3.864119	-11.599614	4.213018	-0.216711	0.535853	0.384283	-77.165363	-21.823649	46.486842
44732	2.118065	-11.653598	3.874210	-0.103187	0.784462	0.288049	-77.064912	-21.562904	46.055248
44733	0.343281	-11.874828	3.217941	-0.010935	0.842219	0.430030	-76.908764	-21.214083	45.610216
44734	-1.030002	-11.783774	2.685616	0.065046	0.686168	0.715952	-76.760667	-20.725478	45.300645
44735	-1.512230	-11.778635	2.162844	0.093461	0.377733	1.093700	-76.682299	-20.065277	45.229796
44736	-1.299696	-11.754144	1.825886	0.107859	0.023903	1.451500	-76.684245	-19.253205	45.419389
44737	-0.400603	-11.740812	1.723733	0.128918	-0.294375	1.726453	-76.743633	-18.328078	45.833245
44738	0.739369	-11.718446	1.799889	0.152983	-0.522542	1.889503	-76.829445	-17.342931	46.399706
44739	1.759310	-11.739430	2.017685	0.183705	-0.646416	1.970610	-76.911044	-16.325945	47.044849
44740	2.601736	-11.724872	2.213696	0.221888	-0.697423	1.989191	-76.967192	-15.306366	47.717438
44741	3.170732	-11.733344	2.497471	0.260253	-0.659953	1.961437	-76.982461	-14.295000	48.360796
44742	3.431244	-11.674042	2.571094	0.317702	-0.593566	1.908756	-76.942456	-13.306634	48.956331
44743	3.452259	-11.559624	2.529488	0.379453	-0.510555	1.860773	-76.844970	-12.332955	49.496788
44744	3.289018	-11.235912	2.479041	0.433392	-0.457836	1.838987	-76.700847	-11.367631	50.004365
44745	3.045975	-10.789893	2.238962	0.475610	-0.438179	1.852435	-76.522566	-10.391702	50.503645
44746	2.967662	-10.160912	2.112852	0.487261	-0.458510	1.909176	-76.332684	-9.390388	51.023755
44747	3.092868	-9.783828	1.972925	0.466181	-0.489741	1.983818	-76.150348	-8.351676	51.573513
44748	3.361676	-9.222695	1.929553	0.442987	-0.526284	2.029570	-75.975232	-7.296045	52.151944
44749	3.737955	-8.815780	1.896113	0.411767	-0.540648	2.017521	-75.808478	-6.249249	52.738527
44750	4.113566	-8.384442	1.795834	0.386435	-0.529584	1.943934	-75.644287	-5.245019	53.310371
44751	4.395472	-7.913947	1.813693	0.342817	-0.496558	1.830303	-75.492718	-4.299441	53.849419
44752	4.641798	-7.627669	1.806481	0.292662	-0.448191	1.689887	-75.358250	-3.427355	54.343018
44753	4.693487	-7.355891	1.744529	0.239799	-0.392747	1.540060	-75.244246	-2.630484	54.785487
44754	4.754077	-7.047442	1.772775	0.181823	-0.341359	1.371985	-75.155535	-1.920811	55.175996
44755	4.887510	-6.837526	1.764226	0.116484	-0.275169	1.224341	-75.098119	-1.283305	55.508859
44756	4.885055	-6.643888	1.789489	0.067186	-0.203453	1.063574	-75.064314	-0.724852	55.778729
44757	4.972205	-6.471517	1.799996	0.027796	-0.154056	0.886157	-75.050265	-0.257580	55.995237
44758	5.308125	-6.386290	1.916962	0.003541	-0.111151	0.647118	-75.048436	0.083832	56.152723
44759	5.690241	-6.269847	2.010649	0.016775	-0.070184	0.325839	-75.038576	0.252745	56.240060
44760	6.117583	-6.057469	2.150801	0.056549	-0.027769	-0.072306	-75.006117	0.208234	56.245026
44761	6.634635	-5.911433	2.114703	0.107726	0.006962	-0.552123	-74.944441	-0.097969	56.159480
44762	7.052890	-5.864137	2.111017	0.165031	0.021133	-1.129947	-74.848559	-0.720242	55.979396
44763	7.215453	-5.612776	2.090155	0.232288	-0.006879	-1.813572	-74.709623	-1.726360	55.710658
44764	7.341777	-5.576575	2.067679	0.289487	-0.053494	-2.515131	-74.528786	-3.124326	55.357985
44765	7.310311	-5.798198	1.961001	0.347265	-0.095993	-3.160879	-74.299263	-4.886746	54.923642
44766	6.725902	-5.735691	1.815219	0.414253	-0.141629	-3.672676	-74.010476	-6.933629	54.424827
44767	5.676844	-5.502719	1.671399	0.454407	-0.188646	-3.945759	-73.675678	-9.139039	53.894677
44768	5.147238	-4.959276	1.667542	0.475354	-0.197022	-3.892737	-73.308499	-11.309955	53.361003
44769	4.562704	-4.823445	1.504616	0.476786	-0.114960	-3.641209	-72.916378	-13.329713	52.805485
44770	4.264387	-4.680738	1.175102	0.486605	-0.087386	-3.390477	-72.502932	-15.199813	52.259397
44771	4.480917	-4.398876	0.936577	0.459668	-0.146906	-3.253079	-72.098731	-17.005697	51.753315
44772	5.280691	-3.999207	0.771870	0.406147	-0.331920	-3.291601	-71.735112	-18.857926	51.328365
44773	6.412004	-3.691681	0.745454	0.350991	-0.504101	-3.487543	-71.404445	-20.849944	50.948252
44774	7.313673	-3.419830	0.784536	0.297769	-0.565383	-3.707625	-71.082526	-22.966011	50.542951
44775	7.423178	-3.411111	0.783952	0.255170	-0.463629	-3.814884	-70.728877	-25.123928	50.035047
44776	6.876538	-3.581238	0.733276	0.238938	-0.332498	-3.796479	-70.323797	-27.238649	49.427461
44777	6.348270	-3.723038	0.514076	0.228629	-0.224543	-3.677752	-69.871809	-29.269811	48.750550
44778	5.570629	-3.857560	0.363197	0.193178	-0.195959	-3.517838	-69.413895	-31.198985	48.061174
44779	5.155481	-4.022894	0.202624	0.145979	-0.305148	-3.341479	-69.005612	-33.057249	47.451763
44780	5.166910	-4.163004	0.203222	0.077273	-0.489212	-3.164366	-68.697025	-34.849733	46.978661
44781	5.831371	-4.309029	0.390418	0.003393	-0.703706	-2.998590	-68.513845	-36.603014	46.669064
44782	6.872950	-4.596366	0.664403	-0.057344	-0.793868	-2.850713	-68.411670	-38.289703	46.447065
44783	7.994172	-4.672589	0.861567	-0.070915	-0.769237	-2.773628	-68.308533	-39.936160	46.219750
44784	8.807126	-4.730682	0.895549	-0.077824	-0.642604	-2.732890	-68.147606	-41.527277	45.904877
44785	8.995167	-4.807664	0.798076	-0.075216	-0.529387	-2.734680	-67.912780	-43.100920	45.492530
44786	8.796454	-5.059774	0.632119	-0.075458	-0.504561	-2.751324	-67.640134	-44.669976	45.036955
44787	8.680987	-5.568272	0.712351	-0.084585	-0.556344	-2.719841	-67.381898	-46.239149	44.607020
44788	8.681793	-6.003615	0.789894	-0.106670	-0.592377	-2.624780	-67.155775	-47.757800	44.214342
44789	8.727067	-6.373776	0.982430	-0.134848	-0.608358	-2.494755	-66.966070	-49.217569	43.858092
44790	8.686711	-6.343402	0.986437	-0.181213	-0.653070	-2.387347	-66.841515	-50.622986	43.559679
44791	8.874035	-6.324475	0.948669	-0.248484	-0.776518	-2.321246	-66.841442	-52.028386	43.377348
44792	9.304471	-6.306099	0.955236	-0.346444	-0.958048	-2.311242	-67.022026	-53.462242	43.354881
44793	10.222497	-6.443803	1.265269	-0.427498	-1.082682	-2.349419	-67.336146	-54.951239	43.440112
44794	10.977190	-6.589302	1.564272	-0.462518	-1.060578	-2.394241	-67.654751	-56.451577	43.505020
44795	11.121555	-6.602483	1.725186	-0.469875	-0.964978	-2.422825	-67.904170	-57.953438	43.481305
44796	10.834081	-6.416331	1.676408	-0.470961	-0.899302	-2.483786	-68.083033	-59.466345	43.374878
44797	10.402647	-6.154550	1.606576	-0.486882	-0.921881	-2.556395	-68.268007	-61.030103	43.266423
44798	10.421870	-5.999961	1.672621	-0.504439	-0.981910	-2.598839	-68.510128	-62.622074	43.213246
44799	10.760769	-5.877873	1.713072	-0.514008	-0.994875	-2.611748	-68.777586	-64.230901	43.182774
44800	10.982518	-5.764098	1.847361	-0.534634	-0.957553	-2.606018	-69.029537	-65.821847	43.122822
44801	10.980737	-5.784608	1.939832	-0.535886	-0.877534	-2.576711	-69.207374	-67.387895	42.981826
44802	10.791855	-5.889335	1.922338	-0.508192	-0.827446	-2.555892	-69.311473	-68.925712	42.780324
44803	10.531376	-5.895271	1.961569	-0.473891	-0.854676	-2.550222	-69.431769	-70.472977	42.618893
44804	10.375205	-5.876567	1.997720	-0.427135	-0.950936	-2.544677	-69.681010	-72.029853	42.623682
44805	10.391060	-5.928289	2.070882	-0.376225	-1.039639	-2.512335	-70.107073	-73.593320	42.843812
44806	10.580217	-5.963396	2.155806	-0.310190	-1.075523	-2.445461	-70.679780	-75.120419	43.253979
44807	10.575095	-5.968295	2.157690	-0.250349	-1.046459	-2.354356	-71.333562	-76.597654	43.780039
44808	10.347490	-5.927761	2.040801	-0.202894	-0.984588	-2.251555	-72.028135	-78.000047	44.372858
44809	9.817378	-5.687323	1.943000	-0.182928	-0.936218	-2.135573	-72.846373	-79.334617	45.100243
44810	9.395112	-5.487537	1.822845	-0.196674	-0.934877	-1.997584	-74.017109	-80.584814	46.174719
44811	9.382344	-5.381419	1.787042	-0.238026	-0.907902	-1.849758	-75.603464	-81.749633	47.641841
44812	9.850441	-5.504512	1.988083	-0.290009	-0.837916	-1.721181	-77.527685	-82.820852	49.415911
44813	10.284587	-5.667692	2.144191	-0.319330	-0.700870	-1.670541	-79.453725	-83.844055	51.170615
44814	10.260729	-5.776633	2.321612	-0.346074	-0.534949	-1.682609	-81.058445	-84.846511	52.583906
44815	9.655853	-5.785035	2.298540	-0.375234	-0.442816	-1.727314	-82.656497	-85.866649	53.971330
44816	8.870950	-5.719315	2.313629	-0.414665	-0.398167	-1.740469	-84.753097	-86.883330	55.834030
44817	8.327053	-5.685958	2.299898	-0.483765	-0.353853	-1.664944	-88.186094	-87.852038	58.992981
44818	8.288574	-5.846104	2.161693	-0.574901	-0.214284	-1.532727	-92.931593	-88.729923	63.410952
44819	8.065705	-6.034507	2.009757	-0.669181	0.042141	-1.358153	-95.639804	-89.510789	65.735928
44820	7.538511	-6.299244	1.740131	-0.771068	0.322436	-1.169565	53.595999	-89.772350	-83.942121
44821	6.520301	-6.497299	1.524416	-0.884304	0.535293	-0.954849	58.655154	-89.145124	-89.508106
44822	5.430671	-6.803466	1.400110	-1.000251	0.620862	-0.722955	54.587105	-88.603239	-86.012488
44823	4.749607	-7.208211	1.435990	-1.095097	0.598605	-0.492948	50.459372	-88.169515	-82.510807
44824	4.442316	-7.638906	1.766143	-1.148494	0.537038	-0.242164	45.869774	-87.860768	-78.576867
44825	2.615433	-8.625663	0.839326	-1.232821	0.476018	0.142302	38.872654	-87.714035	-72.281395
44826	-5.183517	-10.775813	0.261736	-1.701612	-0.326585	2.305437	3.051335	-88.392742	-37.416705
44827	1.486059	-2.103349	5.865215	-0.572703	-1.637862	1.062923	-38.578165	-89.149885	3.892509
44828	13.988730	-2.967938	1.042394	-1.671402	-1.978306	1.657917	-108.164805	-88.441062	72.532263
44829	21.521688	-2.916437	-0.366211	-0.331773	-1.475324	1.998998	-117.021500	-87.054277	81.204952
44830	15.187518	-1.816332	0.509412	0.090879	1.052886	1.921200	-101.139651	-86.203211	65.348553
44831	4.504974	0.261408	-2.118762	0.785958	0.935586	2.202858	-91.891245	-85.005780	56.525172
44832	8.768704	-0.507479	0.033173	-0.232482	-0.026474	1.977406	-91.808562	-83.873186	56.308312
44833	14.526338	-4.492589	-2.608563	-0.209424	-0.004887	1.947049	-91.667131	-82.757384	56.045139
44834	12.591708	-3.422852	-0.086132	-0.013463	0.882175	1.643279	-87.967723	-81.814039	52.304350
44835	10.323029	-2.672840	0.479166	0.023333	0.678951	1.491051	-85.707801	-80.938553	50.032159
44836	10.501359	-2.470407	0.377582	0.001626	0.667464	1.392114	-83.861529	-80.109684	48.161384
44837	11.910337	-3.435453	0.508698	-0.064113	0.574703	1.296932	-82.582368	-79.331970	46.824020
44838	11.757565	-3.445534	-0.246365	0.086163	0.804559	1.143038	-80.683003	-78.617195	44.939318
44839	10.263438	-2.538362	0.981895	0.017154	0.808824	1.022249	-78.975328	-77.957798	43.205333
44840	9.910875	-2.647431	1.156053	-0.034990	0.665897	0.999566	-77.817053	-77.320378	41.999108
44841	9.738583	-2.585121	1.426911	-0.022450	0.608074	1.017230	-76.912873	-76.674417	41.057878
44842	9.181718	-1.806852	1.748946	-0.042286	0.460525	1.050223	-76.451751	-76.028450	40.558472
44843	9.937627	-3.472350	1.750101	-0.236618	0.133097	1.108249	-76.873510	-75.391976	40.853749
44844	9.974210	-3.271388	0.888271	-0.013380	0.142284	1.006510	-77.072396	-74.812122	41.051658
44845	9.882578	-3.031801	0.829667	-0.130072	0.048809	0.964950	-77.490345	-74.265521	41.407951
44846	9.973929	-3.232749	0.585687	-0.091614	0.078210	0.916502	-77.783426	-73.743352	41.658268
44847	9.673495	-2.977881	0.635782	-0.108250	0.073495	0.882190	-78.065092	-73.239094	41.887334
44848	9.716300	-3.165841	0.643271	-0.131047	0.069144	0.857409	-78.342769	-72.750473	42.099228
44849	10.206607	-3.545328	0.870343	-0.118325	0.084787	0.811731	-78.556774	-72.283881	42.252498
44850	11.585604	-4.367308	0.664584	-0.087845	0.116690	0.690185	-78.647078	-71.883381	42.294549
44851	10.502362	-3.933827	0.320022	-0.002737	0.314576	0.505822	-78.290950	-71.562140	41.917827
44852	9.856667	-3.369804	0.479471	-0.014974	0.302991	0.404124	-77.936720	-71.300164	41.535136
44853	9.693509	-3.362959	0.425351	-0.003141	0.366862	0.350223	-77.463111	-71.058070	41.032825
44854	9.164327	-3.143025	0.941621	0.009171	0.400650	0.340022	-76.935821	-70.817599	40.480545
44855	9.169417	-3.253555	0.934999	-0.001477	0.304163	0.318499	-76.573250	-70.598789	40.095446
44856	9.295959	-3.366251	0.820992	0.000621	0.288788	0.299808	-76.233684	-70.393300	39.735629
44857	9.224076	-3.340479	0.831966	0.009236	0.261554	0.276762	-75.930440	-70.202086	39.419083
44858	9.252211	-3.312130	0.765269	0.015988	0.247930	0.253138	-75.639850	-70.026982	39.119850
44859	9.200405	-3.242012	0.805802	0.016226	0.260877	0.255718	-75.336623	-69.846441	38.806854
44860	9.234487	-3.266844	0.730847	0.034492	0.257858	0.263375	-75.034997	-69.663158	38.506473
44861	9.295797	-3.233922	0.717702	0.031950	0.301380	0.275761	-74.681895	-69.464313	38.149102
44862	9.266199	-3.442029	0.767426	0.039602	0.346839	0.281308	-74.266164	-69.256205	37.729147
44863	9.104270	-3.401830	0.936488	0.057255	0.366073	0.261078	-73.813605	-69.053510	37.279886
44864	9.124344	-3.402997	0.925196	0.073056	0.340910	0.248205	-73.389753	-68.862327	36.870642
44865	9.203801	-3.328474	0.952626	0.077038	0.366312	0.264602	-72.943606	-68.655251	36.439212
44866	9.123342	-3.324776	0.994338	0.079334	0.406153	0.270819	-72.450896	-68.438283	35.958706
44867	9.000668	-3.567773	1.167272	0.051243	0.387459	0.270469	-72.010392	-68.221804	35.516159
44868	8.889672	-3.523096	1.359740	0.065102	0.347524	0.240077	-71.609533	-68.029361	35.124438
44869	8.760495	-3.640931	1.468246	0.044643	0.263003	0.204367	-71.324962	-67.869287	34.844864
44870	8.845932	-3.427301	1.479889	0.060076	0.159159	0.181054	-71.161291	-67.742136	34.705314
44871	8.904586	-3.518875	1.310739	0.019787	0.140376	0.173047	-71.044574	-67.621116	34.591270
44872	8.685088	-3.543408	1.436742	0.010244	0.093560	0.148718	-70.983684	-67.523502	34.531790
44873	8.979574	-3.522124	1.284233	-0.010674	0.023552	0.138545	-71.023054	-67.442878	34.567665
44874	8.886437	-3.627257	1.417207	-0.039955	0.058705	0.120537	-71.024102	-67.367031	34.544047
44875	8.786297	-3.675016	1.407504	-0.028135	-0.034508	0.096424	-71.129602	-67.320003	34.640785
44876	9.105618	-3.525280	1.092987	-0.008440	-0.067688	0.100941	-71.267378	-67.278153	34.784932
44877	9.035740	-3.641547	1.242262	-0.048869	-0.001063	0.104580	-71.344172	-67.220410	34.837730
44878	8.945658	-3.666862	1.233152	-0.002223	-0.058815	0.111074	-71.470295	-67.171233	34.973208
44879	9.117036	-3.499360	1.017116	0.024980	-0.034277	0.120187	-71.553556	-67.110971	35.078989
44880	9.069690	-3.618784	1.122802	0.008857	0.047684	0.132137	-71.544480	-67.030904	35.074687
44881	9.019875	-3.677363	1.192521	0.028122	0.039344	0.143820	-71.541053	-66.944442	35.088353
44882	9.144809	-3.741997	1.020130	0.049176	0.039535	0.128791	-71.517932	-66.867673	35.093891
44883	9.122599	-3.740794	1.152578	0.036626	0.085116	0.118221	-71.440806	-66.786802	35.032700
44884	9.025302	-3.901589	1.182369	0.040528	0.071975	0.080973	-71.361639	-66.730077	34.971855
44885	9.068982	-3.673977	1.130798	0.066974	0.050364	0.061233	-71.287508	-66.686447	34.932793
44886	9.078355	-3.645507	1.071321	0.063417	0.091230	0.071037	-71.167439	-66.631488	34.841639
44887	8.768963	-3.809190	1.218867	0.059862	0.126552	0.054845	-70.999826	-66.577123	34.696242
44888	9.092259	-3.801573	1.270191	0.064406	0.084770	0.013967	-70.863645	-66.554092	34.588080
44889	8.504693	-3.534215	1.842067	0.013327	0.073904	0.035081	-70.780777	-66.520063	34.505921
44890	9.418561	-3.750523	0.761141	0.096580	-0.029587	0.016011	-70.769831	-66.517384	34.554361
44891	8.746864	-3.567041	1.561273	-0.057838	0.171093	0.019785	-70.600561	-66.473140	34.333494
44892	8.849537	-3.742964	1.371296	0.090759	-0.035861	0.026205	-70.605105	-66.466203	34.395210
44893	9.068815	-3.535838	1.170184	-0.006836	0.077818	0.026461	-70.525754	-66.435947	34.304242
44894	8.631422	-3.822273	1.581119	0.004221	0.041289	0.024889	-70.483718	-66.415012	34.261061
44895	8.963484	-3.599262	1.310814	0.017503	-0.031750	0.017485	-70.522227	-66.410519	34.313893
44896	8.935993	-3.720744	1.289639	-0.015572	0.010527	0.019616	-70.527293	-66.398314	34.309727
44897	8.888611	-3.710340	1.338331	0.002368	-0.019650	0.017153	-70.559313	-66.391688	34.346024
44898	8.943835	-3.705861	1.314861	-0.012945	-0.024019	0.015745	-70.603869	-66.388157	34.386598
44899	8.921317	-3.697557	1.312386	-0.006763	-0.036527	0.017207	-70.661965	-66.384689	34.445649
44900	9.015698	-3.719412	1.186141	-0.011261	-0.031787	0.011707	-70.713389	-66.384784	34.494774
44901	8.968802	-3.708502	1.233185	-0.007230	-0.012850	0.013233	-70.740730	-66.378958	34.519967
44902	8.979297	-3.684103	1.211874	0.002047	-0.010775	0.017692	-70.761108	-66.371825	34.543532
44903	8.924666	-3.749321	1.248608	-0.000287	0.004199	0.016674	-70.764866	-66.360925	34.547325
44904	8.918435	-3.708339	1.329368	0.004302	-0.005459	0.014552	-70.776005	-66.354484	34.562219
44905	8.965633	-3.717994	1.255718	0.008108	-0.003139	0.016804	-70.784062	-66.344902	34.575957
44906	8.885178	-3.722864	1.326293	0.008738	0.004886	0.011899	-70.778729	-66.337943	34.575644
44907	8.909173	-3.726013	1.277604	0.011940	-0.011228	0.011082	-70.792099	-66.332988	34.597584
44908	8.986174	-3.669572	1.215556	0.014003	-0.006629	0.017002	-70.800154	-66.325439	34.615180
44909	8.950177	-3.694435	1.285400	0.010075	0.016403	0.016389	-70.782772	-66.312413	34.602376
44910	8.907303	-3.729779	1.279650	0.019644	0.004248	0.018116	-70.774652	-66.302211	34.605841
44911	8.949673	-3.693431	1.264027	0.019222	0.007493	0.020117	-70.764631	-66.288855	34.606797
44912	8.972067	-3.701355	1.240789	0.024614	0.006960	0.025942	-70.753691	-66.273909	34.610294
44913	9.005407	-3.745928	1.237068	0.018788	0.005929	0.040035	-70.754406	-66.250086	34.622705
44914	9.028371	-3.751159	1.190013	0.030115	0.012058	0.030305	-70.735924	-66.231816	34.621407
44915	8.947040	-3.756894	1.263274	0.017787	0.037092	0.027364	-70.693557	-66.208964	34.586111
44916	8.954576	-3.740656	1.294938	0.024559	0.027245	0.021751	-70.656016	-66.192439	34.560502
44917	8.984227	-3.672771	1.286154	0.016584	0.036558	0.023581	-70.613497	-66.171720	34.524275
44918	8.955408	-3.794412	1.270175	0.023376	0.037268	0.024113	-70.565492	-66.151995	34.486478
44919	8.929392	-3.732194	1.283780	0.016469	0.051354	0.019023	-70.503147	-66.130898	34.428486
44920	8.949149	-3.747574	1.312338	0.022654	0.044187	0.022659	-70.446644	-66.110602	34.380930
44921	8.972253	-3.751705	1.268538	0.023147	0.046432	0.021004	-70.387528	-66.089341	34.330635
44922	8.962165	-3.771033	1.246161	0.022714	0.059544	0.010845	-70.307358	-66.072418	34.257213
44923	9.040024	-3.772086	1.207574	0.031135	0.077970	0.007126	-70.199536	-66.052488	34.158616
44924	8.933733	-3.711290	1.296479	0.031555	0.126001	0.000971	-70.029680	-66.027812	33.992571
44925	8.907312	-3.708588	1.357452	0.047418	0.117655	0.007056	-69.864958	-65.999923	33.841862
44926	8.987018	-3.701874	1.276570	0.050908	0.128863	0.009760	-69.685193	-65.969556	33.677036
44927	8.807423	-3.687847	1.506295	0.032769	0.153058	0.018881	-69.492383	-65.927873	33.486295
44928	8.863084	-3.676139	1.449937	0.045048	0.102376	0.024043	-69.355123	-65.894768	33.364257
44929	8.932520	-3.693419	1.363998	0.036564	0.120039	0.033492	-69.207342	-65.851538	33.225129
44930	8.858450	-3.738146	1.488976	0.032261	0.115484	0.032845	-69.066561	-65.810797	33.091125
44931	8.917060	-3.720112	1.383083	0.043227	0.104545	0.029374	-68.932462	-65.772681	32.971094
44932	8.843265	-3.703830	1.466270	0.022710	0.097681	0.045563	-68.824973	-65.728571	32.867517
44933	8.920731	-3.765324	1.448004	0.052928	0.108720	0.033932	-68.683258	-65.686954	32.745147
44934	8.827453	-3.731012	1.484192	0.035575	0.110363	0.032612	-68.548268	-65.646910	32.619409
44935	8.765884	-3.745990	1.562716	0.034361	0.084176	0.031030	-68.445539	-65.611776	32.528083
44936	8.913540	-3.711279	1.437691	0.044992	0.072408	0.038484	-68.353166	-65.576414	32.454996
44937	8.861752	-3.705081	1.518845	0.026048	0.092714	0.043511	-68.251553	-65.532706	32.359610
44938	8.792815	-3.735855	1.543888	0.040927	0.074781	0.047342	-68.163387	-65.492025	32.288539
44939	8.879547	-3.719079	1.511363	0.040177	0.072008	0.056205	-68.084362	-65.445873	32.226818
44940	8.808606	-3.754645	1.559361	0.032636	0.068544	0.064484	-68.016733	-65.397338	32.173056
44941	8.885146	-3.761110	1.521512	0.036153	0.049010	0.063713	-67.970641	-65.352085	32.144981
44942	8.841269	-3.796325	1.495916	0.040995	0.061170	0.064710	-67.907268	-65.304974	32.101134
44943	8.794651	-3.719750	1.611195	0.040834	0.066140	0.072198	-67.843036	-65.251504	32.056017
44944	8.758744	-3.737488	1.613329	0.040085	0.037995	0.079754	-67.814259	-65.201386	32.049662
44945	8.729836	-3.740680	1.665166	0.030828	0.015798	0.077846	-67.816424	-65.155797	32.071354
44946	8.910364	-3.757799	1.554045	0.027696	-0.012396	0.092497	-67.858388	-65.109810	32.135140
44947	9.041210	-3.825117	1.382489	0.027048	0.006315	0.109710	-67.888133	-65.049355	32.184880
44948	8.941542	-3.865193	1.497939	0.026707	0.035099	0.111086	-67.884771	-64.983233	32.198096
44949	8.977657	-3.902962	1.402386	0.040868	0.038812	0.108741	-67.868994	-64.916295	32.206373
44950	8.974388	-3.908442	1.385203	0.055249	0.073532	0.106128	-67.803546	-64.844501	32.169093
44951	8.971962	-3.852263	1.479564	0.066960	0.107564	0.119557	-67.700623	-64.756934	32.097578
44952	8.842959	-3.950286	1.544904	0.074844	0.118071	0.118793	-67.580609	-64.668669	32.012316
44953	8.909786	-3.860753	1.577909	0.091296	0.112255	0.117943	-67.459035	-64.580815	31.935480
44954	9.022390	-3.906175	1.472470	0.085934	0.125728	0.145198	-67.337791	-64.476743	31.855764
44955	8.802320	-3.905413	1.671745	0.076292	0.162766	0.153183	-67.186840	-64.358952	31.736687
44956	8.640770	-3.954968	1.694789	0.086921	0.124837	0.139537	-67.065125	-64.257905	31.656928
44957	8.866429	-3.935892	1.533893	0.088420	0.116765	0.139177	-66.953012	-64.157568	31.588494
44958	8.779468	-3.881212	1.700416	0.091745	0.156655	0.144637	-66.797935	-64.046523	31.474582
44959	8.664965	-3.885147	1.806614	0.074903	0.117028	0.146836	-66.698354	-63.941972	31.411347
44960	8.743104	-3.947462	1.720429	0.072534	0.101275	0.142251	-66.614440	-63.844567	31.364223
44961	8.721269	-3.986549	1.776419	0.058186	0.105342	0.132052	-66.531193	-63.750369	31.308414
44962	8.616263	-3.975511	1.781243	0.049404	0.089563	0.117942	-66.462634	-63.668354	31.263561
44963	8.594800	-3.958335	1.840874	0.030148	0.061854	0.102507	-66.428644	-63.599575	31.244722
44964	8.666653	-3.982063	1.727466	0.021774	0.042789	0.086568	-66.411330	-63.544730	31.239363
44965	8.787008	-4.014430	1.690753	0.027740	0.048578	0.080051	-66.382554	-63.490780	31.224792
44966	8.714919	-3.991952	1.719195	0.027717	0.062987	0.080564	-66.337981	-63.434443	31.192765
44967	8.651137	-3.950885	1.775742	0.024975	0.055887	0.080027	-66.303327	-63.378825	31.169832
44968	8.566459	-3.952781	1.823910	0.025869	0.049442	0.074423	-66.271433	-63.328812	31.150775
44969	8.527407	-3.918737	1.854623	0.006560	0.028420	0.073754	-66.273266	-63.282813	31.156858
44970	8.616216	-3.961952	1.810108	0.004616	-0.003526	0.075998	-66.309489	-63.244178	31.200423
44971	8.689422	-3.979460	1.815575	0.000249	-0.002754	0.079234	-66.349713	-63.202476	31.245469
44972	8.697504	-4.019409	1.810996	-0.011497	-0.023065	0.090063	-66.421581	-63.160908	31.318661
44973	8.688056	-4.042828	1.756500	-0.014488	-0.021373	0.091641	-66.494811	-63.116912	31.391280
44974	8.732013	-4.006598	1.838011	-0.015638	-0.031070	0.091155	-66.577379	-63.076511	31.473866
44975	8.786194	-4.072602	1.682937	-0.034761	-0.048896	0.106813	-66.696957	-63.030694	31.585507
44976	8.798975	-4.216181	1.613185	-0.020287	-0.017749	0.091183	-66.767884	-62.987136	31.652103
44977	8.777105	-4.092816	1.701585	-0.013274	0.001342	0.081678	-66.811594	-62.943085	31.692473
44978	8.738860	-4.114111	1.721035	-0.019474	0.008255	0.083179	-66.851362	-62.897829	31.724650
44979	8.761489	-4.126071	1.674210	-0.008986	0.023870	0.079251	-66.868138	-62.849973	31.737549
44980	8.704846	-4.070222	1.778614	-0.017917	0.034232	0.087831	-66.882205	-62.796408	31.741866
44981	8.654839	-4.059696	1.803081	-0.021797	0.018962	0.095886	-66.918497	-62.740895	31.768469
44982	8.659686	-4.164024	1.693254	-0.025169	0.023952	0.099341	-66.952105	-62.683569	31.790104
44983	8.635206	-4.044709	1.808574	-0.011836	0.023326	0.095056	-66.977640	-62.627508	31.811050
44984	8.661052	-4.046945	1.837454	-0.035403	0.006366	0.113889	-67.041047	-62.566431	31.859667
44985	8.845803	-4.124835	1.671802	-0.049226	-0.002712	0.130248	-67.129187	-62.497599	31.927060
44986	8.824482	-4.279362	1.576809	-0.041689	0.035403	0.146629	-67.180205	-62.412719	31.957704
44987	8.760663	-4.127969	1.744988	-0.027792	0.066812	0.157914	-67.197038	-62.313793	31.958564
44988	8.915697	-3.979709	1.909870	-0.018568	0.033007	0.205777	-67.261714	-62.198178	32.019664
44989	8.798887	-4.056367	1.745869	-0.081136	0.056518	0.285156	-67.372071	-62.034288	32.091764
44990	8.601336	-4.221688	1.810073	-0.058030	0.052277	0.295727	-67.475927	-61.866750	32.171812
44991	8.680896	-4.126181	1.787509	-0.075413	0.039174	0.318431	-67.611561	-61.688923	32.276551
44992	8.756916	-4.296029	1.827583	-0.093881	0.050131	0.350783	-67.757738	-61.492500	32.381632
44993	8.722052	-4.319301	1.679735	-0.083147	0.064790	0.371520	-67.890824	-61.280745	32.478814
44994	8.767250	-4.489263	1.769944	-0.089489	0.092183	0.398246	-68.009195	-61.049842	32.555453
44995	8.742039	-4.441273	1.637644	-0.070983	0.107561	0.426688	-68.112496	-60.799434	32.626957
44996	8.728083	-4.459073	1.797172	-0.085227	0.131626	0.464776	-68.213427	-60.524605	32.686766
44997	8.524782	-4.521566	1.831843	-0.085364	0.118149	0.493738	-68.337055	-60.236154	32.772552
44998	8.648226	-4.452767	1.844220	-0.105797	0.105061	0.527786	-68.494138	-59.933227	32.883891
44999	8.867775	-4.505826	2.022966	-0.114107	0.083147	0.562489	-68.686421	-59.615208	33.030601
45000	9.172806	-4.422191	2.080987	-0.146875	0.072239	0.637485	-68.929223	-59.260104	33.214890
45001	8.683517	-4.701797	1.774268	-0.175479	0.064075	0.707239	-69.215056	-58.867959	33.430770
45002	8.600610	-4.749292	1.818578	-0.164268	0.065845	0.743822	-69.498339	-58.456250	33.652288
45003	8.590661	-4.773074	1.801472	-0.165618	0.074681	0.777485	-69.779761	-58.023202	33.871527
45004	8.543593	-4.901578	1.815862	-0.169182	0.080355	0.815858	-70.063224	-57.568758	34.092013
45005	8.528200	-4.794670	1.843893	-0.169137	0.084228	0.863010	-70.351332	-57.086651	34.319012
45006	8.284916	-4.955084	1.855911	-0.190097	0.092622	0.902679	-70.648258	-56.581807	34.543652
45007	8.482004	-5.018640	1.861289	-0.179062	0.057271	0.947104	-70.972856	-56.058036	34.810302
45008	8.357721	-5.036694	1.908073	-0.203371	0.093399	0.993809	-71.286083	-55.502320	35.048230
45009	8.273859	-5.214231	1.863312	-0.194789	0.083313	1.027904	-71.603139	-54.928345	35.298259
45010	8.425495	-5.223263	1.800458	-0.188079	0.087373	1.074198	-71.915652	-54.328527	35.549403
45011	8.225573	-5.390097	1.745060	-0.209823	0.136556	1.136103	-72.210118	-53.684707	35.764648
45012	8.075648	-5.604048	1.715787	-0.190845	0.121423	1.173562	-72.504636	-53.023239	35.995481
45013	8.072703	-5.573462	1.745151	-0.176731	0.153684	1.208642	-72.767451	-52.335617	36.198508
45014	8.013002	-5.654641	1.876966	-0.171835	0.150697	1.237733	-73.027457	-51.632804	36.403608
45015	8.162983	-5.673752	1.850532	-0.181251	0.160921	1.275768	-73.286012	-50.906114	36.601805
45016	7.889423	-5.906905	1.830872	-0.215903	0.211655	1.320679	-73.531274	-50.146684	36.759326
45017	7.680805	-6.127589	1.798011	-0.203620	0.199245	1.335885	-73.773682	-49.379761	36.923931
45018	7.736143	-6.142075	1.862578	-0.190928	0.202577	1.341565	-74.000486	-48.609469	37.079559
45019	7.558799	-6.130682	1.845111	-0.200407	0.237608	1.355978	-74.207483	-47.824663	37.203058
45020	7.543967	-6.261460	1.934519	-0.207406	0.241912	1.367777	-74.412055	-47.033085	37.319526
45021	7.522935	-6.329254	1.933693	-0.217787	0.278558	1.373565	-74.597116	-46.231781	37.402345
45022	7.180838	-6.489618	1.763326	-0.239471	0.311627	1.391148	-74.774024	-45.416238	37.457749
45023	7.063872	-6.647712	1.783291	-0.235491	0.312864	1.392266	-74.944752	-44.599156	37.508278
45024	7.061797	-6.687083	1.842377	-0.235059	0.314247	1.394685	-75.111289	-43.781052	37.554034
45025	6.952410	-6.762389	1.902025	-0.241562	0.347501	1.402312	-75.262359	-42.953166	37.572381
45026	6.715124	-6.692240	1.832835	-0.243912	0.370839	1.410076	-75.401462	-42.118158	37.571477
45027	6.780572	-7.191834	2.017088	-0.292467	0.372868	1.419361	-75.566790	-41.277146	37.568011
45028	6.686498	-7.014956	2.141113	-0.259368	0.342629	1.415217	-75.725002	-40.443308	37.582749
45029	6.534091	-6.904594	1.940273	-0.294165	0.399288	1.441040	-75.877729	-39.586594	37.558086
45030	6.183372	-7.457728	1.923006	-0.359183	0.388864	1.486437	-76.075772	-38.706696	37.545860
45031	6.345339	-7.929858	1.801893	-0.323381	0.305625	1.474590	-76.286439	-37.844301	37.586786
45032	6.461094	-7.530255	1.925447	-0.321536	0.296295	1.481825	-76.497455	-36.979542	37.630938
45033	6.607184	-7.954751	1.860150	-0.335562	0.277039	1.531966	-76.726199	-36.088766	37.692160
45034	6.104164	-7.884441	1.735451	-0.323507	0.314008	1.574403	-76.933497	-35.169803	37.729885
45035	6.017405	-7.985993	1.688210	-0.330003	0.283426	1.616637	-77.157078	-34.230626	37.790416
45036	5.679363	-7.933203	1.596689	-0.336016	0.253094	1.663593	-77.395539	-33.269292	37.873160
45037	5.676382	-8.380088	1.669250	-0.355400	0.179545	1.734287	-77.672897	-32.276786	38.009245
45038	5.953786	-8.211412	1.828032	-0.334087	0.111697	1.764398	-77.957902	-31.275489	38.187022
45039	5.953046	-8.373893	1.890261	-0.369330	0.108563	1.829534	-78.262112	-30.236907	38.367955
45040	6.078851	-8.319818	2.197269	-0.399667	0.114242	1.877742	-78.577881	-29.170160	38.543138
45041	5.268137	-8.356160	2.124277	-0.486392	0.094135	1.932064	-78.945669	-28.073971	38.729057
45042	4.291298	-8.430063	1.778216	-0.588838	-0.055076	1.999844	-79.411399	-26.954802	39.006935
45043	4.606517	-8.856339	2.040352	-0.641590	-0.286869	2.000438	-79.961377	-25.856680	39.416975
45044	5.000796	-8.637880	2.094422	-0.712684	-0.417893	2.025197	-80.574176	-24.753847	39.895346
45045	4.574743	-8.947403	1.776368	-0.835616	-0.502675	2.106467	-81.266287	-23.607642	40.416244
45046	3.757923	-9.319621	1.323033	-0.972190	-0.766956	2.196184	-82.085562	-22.426527	41.086945
45047	3.631979	-9.561281	0.985528	-1.049765	-1.168473	2.261573	-83.020293	-21.228571	41.983317
45048	3.622167	-9.722700	0.619794	-1.129303	-1.537068	2.372784	-84.053995	-19.977129	43.082023
45049	3.491800	-9.625445	0.451898	-1.154273	-1.885176	2.494649	-85.139611	-18.655934	44.364466
45050	3.975858	-9.753219	0.358252	-1.148075	-2.136178	2.609727	-86.229589	-17.257258	45.766051
45051	5.223496	-9.820117	0.446525	-1.024740	-2.169212	2.711389	-87.211239	-15.777485	47.153345
45052	5.542530	-9.589034	0.452687	-0.909751	-1.922542	2.837709	-88.045304	-14.198824	48.362702
45053	5.764054	-9.477847	0.564369	-0.774664	-1.660043	2.960616	-88.726542	-12.530376	49.389391
45054	5.987769	-9.464086	0.634421	-0.646301	-1.322988	3.081882	-89.259660	-10.778449	50.195289
45055	5.412915	-9.309961	0.448956	-0.514658	-0.990234	3.217977	-89.656246	-8.940966	50.789199
45056	4.630888	-9.560460	0.014587	-0.437488	-0.743234	3.309237	-89.967629	-7.046603	51.225874
45057	4.435656	-7.733129	-0.060823	-0.175986	-0.627336	3.160259	-90.107027	-5.236904	51.586574
45058	6.790452	-5.882245	-0.444608	-0.077530	-0.612498	2.647432	-90.178633	-3.719450	51.935173
45059	9.805385	-5.304391	-0.074697	0.149660	-0.414637	1.700071	-90.106191	-2.746583	52.171079
45060	12.451034	-6.016704	0.731187	0.338708	-0.422017	0.570420	-89.923009	-2.419982	52.413430
45061	13.084926	-8.317833	-0.059307	0.572185	-0.404443	-0.759475	-89.605772	-2.859090	52.643997
45062	11.838124	-4.786713	0.907404	0.942687	-0.329256	-2.051873	-89.076169	-4.037107	52.819813
45063	9.553407	-5.071919	0.445195	1.107652	-0.266529	-2.913487	-88.451434	-5.713684	52.937277
45064	7.861379	-6.167627	0.969953	1.480334	-0.130789	-3.442934	-87.604010	-7.688034	52.944709
45065	6.502100	-6.863834	1.381489	1.896257	-0.127853	-3.651325	-86.512118	-9.786337	52.910470
45066	5.943265	-6.771196	1.247622	2.307794	-0.128317	-3.702364	-85.174315	-11.907653	52.828951
45067	5.658397	-6.346517	1.034171	2.644849	-0.160445	-3.735495	-83.631591	-14.052460	52.708976
45068	6.238025	-5.970865	0.672899	2.863865	-0.267055	-3.892600	-81.955869	-16.284592	52.576763
45069	6.733685	-5.920502	0.252772	2.992671	-0.374262	-4.164916	-80.190876	-18.681490	52.410967
45070	6.469556	-5.692352	-0.121649	3.056449	-0.493489	-4.457879	-78.367765	-21.243941	52.201413
45071	5.656709	-5.367205	-0.238671	3.035621	-0.613721	-4.624948	-76.531361	-23.913614	51.949835
45072	4.810135	-5.462716	-0.326047	2.943833	-0.679224	-4.537431	-74.718009	-26.528880	51.653454
45073	4.448439	-5.695487	-0.325667	2.832219	-0.692432	-4.193287	-72.943589	-28.953890	51.328363
45074	4.746174	-5.850358	-0.462550	2.676567	-0.709337	-3.745134	-71.252179	-31.121066	51.013527
45075	5.563392	-5.612045	-0.901074	2.440113	-0.715083	-3.375416	-69.690875	-33.087902	50.706573
45076	6.713828	-5.206717	-1.169872	2.072548	-0.722819	-3.207127	-68.320005	-34.952225	50.379096
45077	7.796060	-4.992239	-1.382331	1.594998	-0.738881	-3.178676	-67.191358	-36.805652	50.012319
45078	8.087251	-5.246399	-1.260917	1.043844	-0.680296	-3.111346	-66.326469	-38.597892	49.576235
45079	8.106753	-5.889304	-0.938309	0.531666	-0.641028	-2.989200	-65.726173	-40.319952	49.110301
45080	8.173227	-6.423703	-0.577384	0.046787	-0.602191	-2.842081	-65.385327	-41.945595	48.633009
45081	8.444360	-6.896218	-0.168443	-0.383783	-0.586281	-2.712876	-65.289439	-43.506519	48.166621
45082	8.766111	-7.379908	0.385962	-0.747130	-0.525712	-2.597802	-65.379307	-44.985278	47.681967
45083	8.917752	-7.641301	0.790125	-1.045228	-0.457893	-2.490817	-65.618103	-46.401048	47.177657
45084	9.104949	-7.843472	1.089308	-1.272399	-0.387368	-2.398536	-65.959067	-47.745874	46.647719
45085	9.447798	-7.939006	1.168228	-1.449034	-0.323261	-2.330571	-66.374400	-49.050575	46.091690
45086	9.161769	-7.960824	1.309290	-1.600878	-0.255413	-2.262977	-66.843712	-50.299127	45.504197
45087	8.996051	-8.117974	1.334298	-1.693196	-0.263141	-2.197174	-67.384357	-51.525956	44.949691
45088	9.087347	-8.086590	1.469174	-1.746739	-0.286106	-2.162731	-67.975301	-52.734935	44.430518
45089	9.362584	-7.989641	1.604029	-1.758137	-0.319289	-2.149933	-68.601130	-53.955342	43.953806
45090	9.563347	-7.835499	1.681981	-1.743519	-0.321805	-2.160457	-69.216191	-55.177020	43.482663
45091	9.673903	-7.643972	1.685120	-1.700882	-0.325373	-2.184417	-69.805739	-56.422848	43.016084
45092	9.602621	-7.538676	1.758375	-1.646207	-0.328790	-2.211836	-70.356475	-57.678902	42.548414
45093	9.596246	-7.481081	1.815169	-1.565558	-0.329416	-2.228233	-70.857961	-58.953841	42.082614
45094	9.620672	-7.476778	1.902412	-1.449625	-0.325307	-2.223833	-71.285219	-60.219963	41.614980
45095	9.753980	-7.445557	1.904348	-1.320929	-0.330101	-2.228726	-71.638481	-61.498612	41.152011
45096	10.569966	-7.148879	2.299670	-1.185511	-0.291787	-2.263594	-71.849952	-62.783050	40.622957
45097	11.074027	-6.697874	1.934992	-1.158795	-0.044635	-2.283582	-71.748885	-64.041579	39.766735
45098	8.367650	-6.977695	1.290134	-1.080143	-0.011410	-2.280925	-71.511562	-65.284349	38.819482
45099	9.437129	-6.679045	0.921235	-0.995623	-0.273566	-2.259412	-71.498484	-66.569110	38.179735
45100	9.680187	-6.464642	1.079738	-0.944054	-0.277464	-2.253218	-71.421849	-67.844072	37.509946
45101	10.412634	-6.217915	0.705725	-0.919152	-0.349042	-2.322258	-71.354487	-69.175953	36.870997
45102	10.388059	-6.141328	0.565130	-0.940607	-0.331785	-2.390410	-71.186024	-70.534492	36.117580
45103	10.246841	-5.945977	0.293331	-0.964661	-0.327218	-2.429818	-70.934671	-71.919018	35.267828
45104	9.746879	-5.831542	0.112407	-1.016689	-0.322497	-2.411758	-70.622991	-73.285094	34.330838
45105	9.625739	-5.843697	-0.041992	-1.080267	-0.339338	-2.358346	-70.312242	-74.630182	33.363006
45106	9.514812	-5.858076	-0.127535	-1.145026	-0.361824	-2.287911	-70.018368	-75.934077	32.380931
45107	9.422377	-5.758706	-0.098405	-1.216873	-0.397781	-2.228431	-69.778920	-77.217720	31.417513
45108	9.747295	-5.743268	0.018210	-1.285798	-0.430252	-2.176195	-69.579714	-78.473037	30.460205
45109	10.249454	-5.652797	-0.040427	-1.337626	-0.385051	-2.145090	-69.178134	-79.706993	29.270322
45110	10.409390	-5.382321	-0.066700	-1.396886	-0.288554	-2.115284	-68.310509	-80.896981	27.578260
45111	9.846758	-5.089532	-0.057545	-1.479443	-0.209979	-2.080963	-66.875945	-82.050915	25.270236
45112	9.321229	-4.762083	0.072572	-1.571023	-0.237811	-2.037057	-65.072517	-83.173148	22.544192
45113	9.343484	-4.813904	0.244222	-1.679884	-0.249392	-1.968251	-62.701081	-84.254371	19.189889
45114	9.499680	-5.146193	0.472910	-1.743820	-0.209245	-1.870262	-59.174624	-85.250480	14.645450
45115	9.717674	-5.313812	0.587336	-1.767261	-0.109010	-1.780688	-53.348491	-86.140098	7.787371
45116	9.771433	-5.468188	0.520129	-1.788656	0.017533	-1.697751	-43.693182	-86.865841	-2.912343
45117	9.173315	-5.576493	0.517665	-1.796987	0.117581	-1.620627	-28.999538	-87.370950	-18.655297
45118	8.526600	-5.574650	0.491175	-1.794415	0.153197	-1.523941	-10.594119	-87.587662	-38.107250
45119	7.987987	-5.600698	0.371088	-1.780781	0.150428	-1.395239	7.324928	-87.526223	-57.063655
45120	7.483502	-5.550800	0.387368	-1.768748	0.136619	-1.241612	21.123160	-87.273749	-71.890337
45121	7.212697	-5.521169	0.373235	-1.745535	0.093688	-1.074341	30.721904	-86.956323	-82.502607
45122	7.206490	-5.341028	0.449004	-1.748645	0.076433	-0.893832	36.897721	-86.634504	-89.691475
45123	7.397300	-5.048076	0.480203	-1.747003	0.096587	-0.724412	40.647162	-86.332041	-94.450851
45124	7.543385	-4.803002	0.428575	-1.748443	0.136000	-0.583027	42.625910	-86.051869	-97.437931
45125	7.527857	-4.444497	0.413360	-1.767216	0.148748	-0.476452	43.629337	-85.803976	-99.459017
45126	7.485223	-4.193851	0.388287	-1.789556	0.148230	-0.392927	43.987773	-85.586908	-100.846667
45127	7.472936	-4.090540	0.373561	-1.800388	0.147080	-0.299948	43.814497	-85.408255	-101.707608
45128	7.379530	-3.946380	0.372161	-1.794003	0.147505	-0.214402	43.171815	-85.262480	-102.094056
45129	7.466657	-3.835165	0.474771	-1.811751	0.117837	-0.151366	42.368209	-85.155605	-102.329345
45130	7.689005	-3.917823	0.561726	-1.803536	0.122630	-0.102694	41.305078	-85.064110	-102.299417
45131	7.500724	-4.080251	0.692686	-1.783164	0.173570	-0.030637	39.711577	-84.979021	-101.725454
45132	7.113957	-4.252019	0.851742	-1.734146	0.202374	0.056844	37.617099	-84.908953	-100.620229
45133	6.819461	-4.513955	0.909308	-1.666308	0.197046	0.174557	35.022237	-84.879506	-98.973602
45134	6.663625	-4.706890	1.025037	-1.573812	0.166075	0.308524	31.890258	-84.897743	-96.734412
45135	6.589771	-4.878890	1.056300	-1.458969	0.114507	0.438229	28.234463	-84.969366	-93.903564
45136	6.671909	-4.894160	1.157077	-1.330130	0.054711	0.563063	23.989503	-85.083484	-90.407522
45137	7.413768	-3.861325	0.408481	-1.087137	-0.029146	0.617519	19.551698	-85.233078	-86.579068
45138	19.255189	3.728762	4.187776	-1.102201	-0.375230	1.199600	11.349824	-85.624563	-78.984635
45139	5.172163	6.242158	-3.279021	-1.277388	1.376989	1.688400	-1.866221	-84.916401	-66.458585
45140	13.369794	9.534402	2.264939	-1.599646	-0.338482	1.158353	-10.531517	-85.038236	-58.680019
45141	8.622661	-3.416782	-2.044841	-1.971733	0.758872	1.951713	-21.902522	-84.307618	-48.394996
45142	6.356969	-1.704527	4.243783	-1.169673	0.548675	1.474763	-28.557230	-83.662661	-42.377464
45143	8.516206	-1.814844	1.741265	-1.475634	-0.002408	1.801978	-36.919889	-83.105769	-34.810426
45144	10.027863	-2.175534	2.445266	-1.340958	0.165635	1.790648	-43.365885	-82.371366	-29.087013
45145	9.793981	-2.463906	2.631932	-1.193706	0.152368	1.799490	-48.696309	-81.568893	-24.395044
45146	10.315449	-3.255139	3.527030	-0.993652	0.225240	1.824615	-52.859503	-80.677424	-20.757719
45147	10.333179	-2.995748	4.184917	-0.639729	0.283135	1.746786	-55.859298	-79.769528	-18.086129
45148	10.669182	-3.681259	4.240589	-0.368447	0.246333	1.699809	-58.252367	-78.875750	-15.865763
45149	10.359713	-3.474867	4.086467	-0.024791	0.245508	1.644901	-60.048618	-77.994089	-14.047194
45150	11.114142	-3.426712	1.661416	0.198718	0.043413	1.735417	-62.018900	-77.112398	-11.912923
45151	10.843816	-2.775092	0.202805	0.143871	0.220063	1.652987	-63.307030	-76.212431	-10.504761
45152	10.467470	-2.463432	-0.786712	0.024330	0.237891	1.576024	-64.381738	-75.342209	-9.381683
45153	10.510529	-2.540798	-0.240513	-0.236014	0.358448	1.504657	-65.197618	-74.474023	-8.677182
45154	10.873874	-3.958663	1.278683	-0.236921	0.499356	1.442927	-65.627234	-73.603626	-8.371500
45155	10.019128	-3.548639	2.082904	-0.093250	0.552780	1.383986	-65.811728	-72.749819	-8.235111
45156	9.552353	-3.722945	2.187956	0.030173	0.458284	1.348605	-66.032390	-71.937651	-7.985363
45157	13.309138	-5.051062	2.713959	-0.041812	0.291042	1.218636	-66.449456	-71.230519	-7.571598
45158	12.363881	-5.094821	0.318123	-0.047844	0.507193	0.905008	-66.308305	-70.639414	-7.749902
45159	9.448254	-4.623466	1.279621	0.080619	0.654001	0.607594	-65.704584	-70.168014	-8.342321
45160	9.217289	-3.472474	1.760490	0.078464	0.409424	0.387536	-65.326184	-69.869141	-8.697080
45161	9.137905	-3.541954	1.745163	0.032225	0.376994	0.347211	-65.009435	-69.596836	-9.015703
45162	8.343778	-3.439034	2.367425	0.063877	0.152338	0.307047	-64.960833	-69.400932	-9.028476
45163	9.270523	-3.389981	1.283071	0.033137	-0.071008	0.224214	-65.189473	-69.300451	-8.764487
45164	9.071791	-3.170616	1.545844	-0.000252	0.075534	0.223929	-65.228456	-69.166252	-8.722908
45165	8.911799	-3.382194	1.558162	0.015428	-0.035304	0.215318	-65.408772	-69.061460	-8.521093
45166	9.008112	-3.211043	1.457273	0.013803	-0.051897	0.204836	-65.598847	-68.967416	-8.309003
45167	9.041057	-3.365755	1.466096	-0.004192	-0.078843	0.206927	-65.840458	-68.876746	-8.053282
45168	9.088285	-3.378172	1.373319	0.008709	-0.084135	0.195977	-66.067928	-68.794269	-7.803967
45169	9.206642	-3.408569	1.247089	0.016689	-0.071429	0.188760	-66.272831	-68.710673	-7.574501
45170	9.163118	-3.379163	1.243795	0.028255	-0.030338	0.186042	-66.407509	-68.620435	-7.412494
45171	9.146815	-3.430588	1.311731	0.035087	0.002438	0.184847	-66.497737	-68.521580	-7.294622
45172	9.041394	-3.347688	1.349503	0.055721	0.012052	0.177963	-66.553304	-68.425723	-7.200527
45173	9.053565	-3.476301	1.384828	0.039863	0.020788	0.165472	-66.603716	-68.332780	-7.122392
45174	9.043910	-3.505035	1.335660	0.048434	0.012167	0.141330	-66.641182	-68.256105	-7.052158
45175	9.128542	-3.470236	1.340995	0.042829	0.022673	0.121393	-66.661498	-68.185873	-7.004521
45176	9.048159	-3.477740	1.396267	0.041261	0.042445	0.114486	-66.647569	-68.116430	-6.994016
45177	9.001681	-3.456723	1.418495	0.041521	0.034829	0.093413	-66.636679	-68.058153	-6.980786
45178	8.962367	-3.238488	1.392257	0.038349	0.028986	0.110917	-66.639941	-67.993647	-6.953533
45179	8.959972	-3.413346	1.479350	-0.004972	0.047981	0.125186	-66.656313	-67.915674	-6.939620
45180	8.776273	-3.338122	1.584088	0.000508	0.000233	0.118611	-66.722460	-67.853629	-6.867865
45181	9.046259	-3.461343	1.411672	-0.041226	-0.019555	0.115036	-66.840650	-67.796240	-6.766413
45182	8.717547	-3.528111	1.747775	-0.060118	-0.015648	0.103907	-66.952996	-67.745417	-6.682215
45183	8.883274	-3.580111	1.464040	-0.037557	-0.148009	0.084187	-67.216690	-67.732749	-6.421199
45184	9.130675	-3.441897	1.284763	-0.041535	-0.109480	0.084202	-67.427743	-67.712836	-6.218799
45185	9.014080	-3.491223	1.376509	-0.056159	-0.064720	0.098219	-67.601332	-67.673746	-6.066607
45186	9.054202	-3.529886	1.281732	-0.021419	-0.088623	0.111749	-67.787578	-67.634197	-5.878467
45187	9.197339	-3.563775	1.155721	-0.007269	-0.035798	0.122088	-67.907263	-67.575861	-5.754183
45188	9.059776	-3.592245	1.274388	-0.003999	0.030385	0.129905	-67.938772	-67.500759	-5.722525
45189	9.097047	-3.633270	1.225338	0.030901	0.024354	0.126407	-67.960841	-67.427113	-5.680135
45190	9.105451	-3.683853	1.229565	0.034529	0.058547	0.111823	-67.924747	-67.355549	-5.697762
45191	9.029622	-3.673361	1.340346	0.038871	0.078670	0.091040	-67.854958	-67.288980	-5.749948
45192	8.978300	-3.667009	1.382978	0.041213	0.074846	0.082531	-67.779765	-67.229416	-5.805834
45193	9.044381	-3.781126	1.268534	0.048472	0.061387	0.050427	-67.705995	-67.188073	-5.856421
45194	8.952831	-3.489584	1.437391	0.048215	0.091491	0.032847	-67.580773	-67.151145	-5.962271
45195	8.977283	-3.571698	1.377175	0.056284	0.091286	0.052734	-67.466779	-67.101953	-6.051696
45196	8.844420	-3.576032	1.558224	0.047691	0.099889	0.057839	-67.345170	-67.049785	-6.154023
45197	8.817687	-3.573629	1.566231	0.064107	0.041728	0.071603	-67.299115	-67.001441	-6.164855
45198	9.003919	-3.634192	1.400977	0.049117	0.029974	0.073832	-67.272678	-66.956204	-6.162960
45199	8.966127	-3.666792	1.473365	0.032552	0.034608	0.066015	-67.250775	-66.912378	-6.167200
45200	9.006456	-3.701266	1.391130	0.040813	0.021380	0.055168	-67.230119	-66.878909	-6.164190
45201	8.991187	-3.665037	1.395786	0.031621	0.042399	0.045280	-67.188462	-66.844299	-6.190497
45202	8.965183	-3.661647	1.434551	0.038458	0.030397	0.040401	-67.150448	-66.816625	-6.207836
45203	9.003053	-3.621646	1.388773	0.033500	0.042592	0.035805	-67.102748	-66.786957	-6.239562
45204	8.943472	-3.643139	1.427706	0.031521	0.060205	0.034149	-67.028972	-66.755914	-6.300151
45205	8.903749	-3.599190	1.503642	0.042591	0.063736	0.035872	-66.950423	-66.721448	-6.359807
45206	8.908161	-3.659509	1.561127	0.035228	0.048678	0.040427	-66.892266	-66.689624	-6.401107
45207	8.907492	-3.661408	1.497331	0.031994	0.041245	0.036741	-66.848037	-66.659709	-6.430028
45208	8.920733	-3.615155	1.520561	0.039873	0.039966	0.039746	-66.797727	-66.630181	-6.459901
45209	8.908784	-3.650939	1.490717	0.045835	0.045337	0.050124	-66.747762	-66.592272	-6.486445
45210	8.859049	-3.640347	1.529815	0.052698	0.035958	0.050221	-66.700656	-66.558118	-6.504834
45211	8.955878	-3.657140	1.485003	0.062107	0.027762	0.066201	-66.671281	-66.515715	-6.498784
45212	8.923939	-3.671506	1.507199	0.067059	0.046775	0.069944	-66.613345	-66.468718	-6.520023
45213	8.934344	-3.716476	1.478826	0.068481	0.038733	0.066031	-66.567129	-66.423909	-6.528359
45214	8.941065	-3.688648	1.520196	0.068456	0.044230	0.061462	-66.507306	-66.381936	-6.550798
45215	8.915018	-3.685281	1.526257	0.052689	0.052301	0.050856	-66.446159	-66.341986	-6.585320
45216	8.911697	-3.689061	1.566830	0.049181	0.041500	0.044014	-66.391799	-66.309782	-6.613864
45217	8.981715	-3.713684	1.470525	0.048688	0.045586	0.042944	-66.337104	-66.275497	-6.643863
45218	8.874217	-3.720198	1.542747	0.034431	0.050892	0.038335	-66.277243	-66.244088	-6.687664
45219	8.918804	-3.737685	1.548565	0.038249	0.025262	0.030270	-66.246322	-66.221115	-6.698239
45220	8.928843	-3.706237	1.519059	0.034835	0.044311	0.020059	-66.184684	-66.200781	-6.743746
45221	8.928321	-3.707129	1.490252	0.039763	0.052533	0.018455	-66.114433	-66.177670	-6.796369
45222	8.894764	-3.644106	1.549033	0.047195	0.077070	0.016605	-66.005281	-66.151479	-6.886094
45223	8.803876	-3.672694	1.675436	0.045456	0.069540	0.023871	-65.914804	-66.121498	-6.957292
45224	8.894668	-3.630818	1.616816	0.052797	0.060074	0.032452	-65.831301	-66.090882	-7.015494
45225	8.822834	-3.684047	1.689999	0.033357	0.049667	0.033257	-65.776476	-66.060582	-7.055305
45226	8.851108	-3.676989	1.644018	0.039174	0.030786	0.028140	-65.733225	-66.039061	-7.078030
45227	8.857303	-3.735631	1.630666	0.031799	0.029343	0.028615	-65.700859	-66.015945	-7.094249
45228	8.862842	-3.720755	1.582517	0.027591	0.021879	0.022527	-65.671817	-65.999445	-7.108691
45229	8.918812	-3.704307	1.587621	0.024668	0.030044	0.015429	-65.635801	-65.983034	-7.133384
45230	8.841207	-3.699277	1.640580	0.020981	0.029324	0.015666	-65.598254	-65.968346	-7.161289
45231	8.951715	-3.680897	1.561230	0.031278	0.026737	0.015261	-65.562301	-65.952792	-7.181772
45232	8.892272	-3.699955	1.598129	0.027415	0.044294	0.022832	-65.507477	-65.930799	-7.224568
45233	8.871044	-3.678232	1.654120	0.031309	0.037478	0.034849	-65.469490	-65.902471	-7.247269
45234	8.916623	-3.695938	1.625543	0.027873	0.038798	0.035784	-65.427863	-65.875010	-7.275336
45235	8.862298	-3.700087	1.645575	0.021005	0.041431	0.037665	-65.392810	-65.844262	-7.301302
45236	8.839951	-3.768566	1.614421	0.023675	0.035361	0.037043	-65.358396	-65.816951	-7.324113
45237	8.807344	-3.706673	1.634719	0.022936	0.033374	0.027913	-65.326523	-65.793191	-7.345393
45238	8.812307	-3.765580	1.655516	0.020692	0.025890	0.026806	-65.299446	-65.773465	-7.362041
45239	8.855780	-3.709209	1.660062	0.020934	0.022549	0.017716	-65.275890	-65.757592	-7.375464
45240	8.949888	-3.740758	1.596809	0.019450	0.019826	0.016275	-65.250985	-65.744794	-7.390515
45241	8.936256	-3.701778	1.599938	0.021007	0.041547	0.023251	-65.208463	-65.721477	-7.424701
45242	8.899621	-3.728538	1.637804	0.016125	0.045601	0.018183	-65.156842	-65.701481	-7.471156
45243	8.844576	-3.731165	1.692359	0.018072	0.044257	0.020686	-65.111665	-65.678827	-7.510116
45244	8.772490	-3.709545	1.728511	0.012649	0.036082	0.013895	-65.070838	-65.663325	-7.546926
45245	8.814389	-3.742080	1.680960	0.006684	0.018371	0.010279	-65.056451	-65.652307	-7.559260
45246	8.847775	-3.717568	1.683874	0.005203	0.014296	0.006400	-65.040953	-65.645954	-7.572957
45247	8.841377	-3.734386	1.701939	-0.000469	0.006773	0.003807	-65.040522	-65.641098	-7.574471
45248	8.865611	-3.742296	1.668668	-0.000976	0.002697	0.002408	-65.039747	-65.639622	-7.575892
45249	8.906561	-3.701354	1.618683	-0.000257	0.004702	0.011518	-65.045676	-65.631260	-7.570288
45250	8.935492	-3.766807	1.637877	-0.004117	0.016904	0.009249	-65.034065	-65.622795	-7.585583
45251	8.897913	-3.720113	1.672249	-0.005642	0.012763	0.019712	-65.038216	-65.608234	-7.585320
45252	8.893488	-3.738133	1.621505	-0.004374	0.018912	0.015876	-65.028003	-65.595840	-7.599243
45253	8.880481	-3.772258	1.657478	-0.005054	0.027759	0.011968	-65.010537	-65.581678	-7.622350
45254	8.797759	-3.709874	1.656857	0.004264	0.026500	0.011561	-64.984430	-65.569684	-7.648297
45255	8.789496	-3.727213	1.711095	0.002822	0.031930	0.010439	-64.956922	-65.555297	-7.677484
45256	8.856511	-3.678044	1.716469	0.011839	0.024521	0.016348	-64.931343	-65.541288	-7.698089
45257	8.914889	-3.662545	1.652834	0.014528	0.036035	0.033159	-64.904621	-65.514104	-7.719048
45258	8.848011	-3.699928	1.706474	0.007172	0.052212	0.051016	-64.868772	-65.475368	-7.753888
45259	8.845190	-3.704562	1.711038	0.018841	0.040068	0.058772	-64.848765	-65.433917	-7.764762
45260	8.842191	-3.710016	1.714715	0.005004	0.033109	0.069183	-64.845657	-65.390401	-7.764984
45261	8.894020	-3.788576	1.668454	0.015273	0.034552	0.076121	-64.843190	-65.341300	-7.758818
45262	8.901257	-3.762484	1.673538	0.021495	0.054334	0.080370	-64.812652	-65.286810	-7.778830
45263	8.903209	-3.826355	1.696613	0.018502	0.052956	0.084785	-64.792269	-65.228734	-7.790353
45264	9.025165	-3.783516	1.552354	0.039282	0.057873	0.099353	-64.757808	-65.163533	-7.803479
45265	8.868997	-3.762467	1.709481	0.024622	0.093117	0.125441	-64.710722	-65.074573	-7.840594
45266	8.833453	-3.781530	1.734126	0.032809	0.076899	0.124348	-64.672246	-64.991757	-7.862258
45267	8.932547	-3.718835	1.677575	0.035010	0.076928	0.151878	-64.651504	-64.893062	-7.863780
45268	8.719820	-3.864399	1.798813	0.021618	0.104819	0.163975	-64.609739	-64.782868	-7.896196
45269	8.804167	-3.673613	1.897025	0.032177	0.057973	0.161481	-64.616585	-64.683862	-7.869014
45270	8.955260	-3.614756	1.823628	-0.010473	0.066713	0.188022	-64.647524	-64.570572	-7.841371
45271	8.873163	-3.772618	1.808381	-0.050131	0.072145	0.227137	-64.719298	-64.434097	-7.794446
45272	8.703989	-4.047777	1.650298	-0.037368	0.065521	0.255226	-64.800317	-64.286244	-7.728283
45273	8.889933	-3.777035	1.870006	0.008357	0.028250	0.258685	-64.900251	-64.144038	-7.612763
45274	8.799747	-3.810142	1.834639	-0.040486	0.053041	0.300850	-65.017272	-63.975429	-7.508384
45275	8.694754	-3.862466	1.952385	-0.043708	0.011103	0.334395	-65.199607	-63.797801	-7.333994
45276	8.728288	-3.999348	1.797623	-0.060196	-0.002860	0.343217	-65.403866	-63.620251	-7.144595
45277	8.701926	-3.989560	1.828706	-0.068711	-0.002542	0.343172	-65.614033	-63.440757	-6.954578
45278	8.718511	-4.086300	1.774709	-0.073590	-0.015860	0.343031	-65.834175	-63.265753	-6.755407
45279	8.746688	-4.150967	1.720769	-0.078512	-0.007356	0.344764	-66.050362	-63.085917	-6.564347
45280	8.720155	-4.214526	1.716864	-0.076099	0.005819	0.340872	-66.243395	-62.906367	-6.396587
45281	8.665559	-4.211375	1.730353	-0.067845	0.020912	0.329981	-66.412994	-62.727209	-6.250427
45282	8.608039	-4.206835	1.814105	-0.066012	0.030592	0.314817	-66.559266	-62.555237	-6.128276
45283	8.615994	-4.171177	1.883633	-0.073452	0.018701	0.318044	-66.725297	-62.382495	-5.989308
45284	8.738822	-4.196719	1.802641	-0.090996	0.030188	0.321043	-66.885547	-62.207025	-5.867151
45285	8.892243	-4.347113	1.689486	-0.090620	0.055065	0.335563	-67.028931	-62.016547	-5.764477
45286	8.771580	-4.317692	1.636359	-0.080745	0.113266	0.363158	-67.115507	-61.800047	-5.718739
45287	8.784203	-4.459130	1.732183	-0.068032	0.150191	0.372108	-67.165115	-61.568968	-5.707495
45288	8.691346	-4.392914	1.913639	-0.054050	0.185033	0.376972	-67.170955	-61.329182	-5.736058
45289	9.160256	-4.220601	1.816710	-0.056235	0.168568	0.473477	-67.236391	-61.040480	-5.698993
45290	8.792581	-4.486145	2.035717	-0.125561	0.251088	0.533234	-67.282578	-60.703514	-5.728431
45291	9.029271	-4.424921	1.962427	-0.121122	0.186907	0.609477	-67.418899	-60.338845	-5.652416
45292	8.914390	-4.545829	2.019584	-0.174375	0.200193	0.679361	-67.593996	-59.935745	-5.565672
45293	9.144479	-4.488163	2.095201	-0.177306	0.107252	0.750232	-67.880841	-59.513522	-5.352035
45294	9.096302	-4.409289	2.098467	-0.221749	0.137922	0.849306	-68.191192	-59.033081	-5.138759
45295	8.840464	-4.604751	2.101885	-0.257786	0.134926	0.916899	-68.543325	-58.515151	-4.900576
45296	9.011044	-4.642997	2.047743	-0.271685	0.133518	0.998321	-68.919336	-57.954773	-4.641370
45297	8.758652	-4.817198	2.049611	-0.304675	0.162580	1.077774	-69.307376	-57.343572	-4.389571
45298	8.790874	-4.907310	2.037853	-0.304121	0.151620	1.152054	-69.712657	-56.695251	-4.114117
45299	9.077578	-5.041263	1.992713	-0.313849	0.176476	1.241419	-70.119792	-55.991479	-3.841946
45300	8.861872	-5.069393	2.037290	-0.326990	0.215579	1.339434	-70.515227	-55.227679	-3.589750
45301	8.809789	-5.210009	2.007014	-0.326975	0.227839	1.447656	-70.919206	-54.400692	-3.325636
45302	8.677260	-5.171632	2.151508	-0.323606	0.273822	1.558274	-71.298203	-53.505560	-3.086174
45303	8.412587	-5.275291	2.161493	-0.357929	0.279960	1.665568	-71.706094	-52.548772	-2.833304
45304	8.757074	-5.521353	1.993873	-0.353761	0.289440	1.751772	-72.106659	-51.543602	-2.582322
45305	8.935962	-5.483483	2.280303	-0.364295	0.411271	1.847262	-72.438677	-50.462883	-2.424709
45306	8.678580	-5.488721	2.588467	-0.398464	0.534740	1.906828	-72.708693	-49.329132	-2.370136
45307	8.425653	-5.510418	3.007672	-0.452163	0.652325	1.904349	-72.930312	-48.175618	-2.420979
45308	8.297218	-5.432433	3.084308	-0.515782	0.748716	1.908590	-73.126389	-47.004871	-2.555621
45309	7.949593	-5.582225	3.006066	-0.635497	0.843984	1.940448	-73.342901	-45.800300	-2.760395
45310	7.500095	-6.089003	2.884978	-0.835328	0.803873	2.001257	-73.704557	-44.570507	-2.925219
45311	8.008467	-7.216706	3.078248	-0.948482	0.651840	2.047818	-74.216064	-43.339242	-2.972143
45312	10.478049	-7.113233	3.230995	-0.822454	0.768946	1.926400	-74.569804	-42.158045	-3.145194
45313	9.276581	-5.789726	3.533208	-1.033568	1.357402	1.966513	-74.763148	-40.865504	-3.747804
45314	8.639496	-6.049454	3.201485	-1.073592	1.531778	1.935624	-74.907560	-39.565871	-4.476770
45315	7.812427	-5.693199	2.980116	-1.190296	1.747144	1.941839	-75.043137	-38.231875	-5.347574
45316	7.219969	-6.419453	2.853543	-1.263621	1.857784	1.955284	-75.197598	-36.876163	-6.281928
45317	7.410200	-6.416869	2.904244	-1.346808	1.962065	1.925678	-75.379248	-35.523822	-7.281436
45318	7.441146	-6.661732	2.743863	-1.404635	2.121547	1.890085	-75.554197	-34.170839	-8.383668
45319	6.871683	-6.663043	2.446209	-1.492970	2.220862	1.887986	-75.771669	-32.808260	-9.540160
45320	6.517325	-6.810691	2.242388	-1.552585	2.243126	1.886625	-76.043899	-31.447241	-10.700920
45321	6.138338	-7.028568	2.036335	-1.618190	2.270973	1.923713	-76.375760	-30.067448	-11.865227
45322	5.954618	-6.995855	1.805259	-1.676112	2.250588	1.949124	-76.776196	-28.682167	-13.006630
45323	5.505945	-7.143175	1.651113	-1.752358	2.234129	2.008878	-77.255299	-27.273995	-14.125788
45324	5.087856	-7.690364	1.294441	-1.838687	2.132381	2.083945	-77.841283	-25.844977	-15.171349
45325	4.692768	-8.075919	1.184680	-1.935522	1.953228	2.177944	-78.556580	-24.395792	-16.098991
45326	4.885897	-8.437156	0.923516	-1.974215	1.714707	2.234744	-79.372576	-22.951354	-16.883880
45327	5.413450	-8.315758	0.753155	-2.000535	1.575982	2.322846	-80.252284	-21.483047	-17.589224
45328	5.449900	-8.265056	0.684645	-2.011817	1.540063	2.430511	-81.160734	-19.966601	-18.279437
45329	5.100579	-8.071250	0.521475	-1.987516	1.551296	2.534884	-82.067644	-18.401688	-18.985807
45330	5.018992	-8.050112	0.166152	-1.985465	1.507644	2.660077	-82.996647	-16.778575	-19.676102
45331	4.697092	-8.318216	-0.140499	-1.990042	1.495184	2.832578	-83.947108	-15.070604	-20.368933
45332	4.061749	-8.081725	-0.282497	-1.924241	1.459999	2.948310	-84.880829	-13.308272	-21.057661
45333	3.855651	-8.077161	-0.394285	-1.920946	1.387422	3.064652	-85.838983	-11.495917	-21.723111
45334	3.856719	-8.101033	-0.556579	-1.892240	1.353687	3.192603	-86.800899	-9.620999	-22.390600
45335	3.402199	-7.811873	-0.642021	-1.851613	1.368463	3.338429	-87.757092	-7.675537	-23.090597
45336	2.977714	-7.698915	-0.825333	-1.882026	1.289048	3.473942	-88.756289	-5.663873	-23.772461
45337	4.312494	-5.431623	-0.967895	-1.637865	1.059645	3.267067	-89.647335	-3.786356	-24.355140
45338	10.145103	-4.131760	0.517905	-1.620373	0.806569	2.409048	-90.550641	-2.407168	-24.819925
45339	14.926521	-8.182988	1.772479	-1.350787	0.971141	1.250288	-91.304730	-1.703438	-25.388048
45340	15.953019	-9.262925	0.658270	-0.683616	1.137109	-0.423551	-91.675746	-1.963256	-26.032963
45341	14.696248	-5.166296	1.919884	-0.252880	1.414005	-1.956334	-91.786459	-3.113627	-26.809610
45342	12.090420	-6.625789	1.328687	0.096672	1.482535	-3.140686	-91.675117	-4.938247	-27.605834
45343	9.647240	-8.118766	1.297406	0.763015	1.582872	-3.998651	-91.146843	-7.258152	-28.460955
45344	6.051866	-8.590782	1.326211	1.534665	1.436207	-4.456198	-90.148163	-9.820802	-29.263364
45345	4.451266	-8.103762	1.019636	2.231357	0.979719	-4.702561	-88.752939	-12.517652	-29.862053
45346	4.277001	-7.727259	0.566851	2.757066	0.572634	-4.727418	-87.067687	-15.212728	-30.301055
45347	5.066028	-7.708876	0.208629	3.187674	0.203702	-4.775456	-85.150239	-17.942849	-30.616650
45348	6.009000	-7.657898	-0.466235	3.495664	0.015542	-4.877073	-83.043111	-20.721664	-30.930185
45349	6.983200	-7.539663	-0.758264	3.708342	-0.047695	-5.042147	-80.762485	-23.594178	-31.340809
45350	8.919921	-7.087961	-1.316167	3.726647	0.067313	-5.215168	-78.355930	-26.526003	-31.979975
45351	8.801291	-6.581072	-2.227433	3.563449	0.541200	-5.207716	-75.798586	-29.374068	-33.077996
45352	7.383071	-6.495274	-2.749994	3.305778	0.882114	-5.065253	-73.153618	-32.035526	-34.547222
45353	6.595870	-6.440532	-3.710454	2.965176	1.018796	-4.765730	-70.532181	-34.458085	-36.228461
45354	5.865240	-6.063576	-4.464475	2.514026	0.921558	-4.459613	-68.093067	-36.662514	-37.944816
45355	6.550854	-5.462112	-4.986700	1.932619	0.662697	-4.267791	-65.976784	-38.776021	-39.593494
45356	7.462543	-5.422528	-5.166879	1.280184	0.476944	-4.143129	-64.203829	-40.814506	-41.216992
45357	7.815402	-5.650941	-5.011198	0.584334	0.355648	-4.006525	-62.789898	-42.788563	-42.836185
45358	8.005123	-6.049413	-4.711448	-0.082366	0.323509	-3.758006	-61.722539	-44.608507	-44.449152
45359	8.106857	-6.547441	-4.517248	-0.702504	0.344158	-3.451065	-60.987468	-46.260397	-46.046655
45360	8.538628	-6.877209	-4.280467	-1.302801	0.329223	-3.175529	-60.605157	-47.757083	-47.589681
45361	9.268962	-7.391850	-3.892977	-1.859829	0.304967	-2.988788	-60.550417	-49.174292	-49.087548
45362	9.706933	-7.995962	-3.375974	-2.335103	0.364724	-2.833965	-60.729688	-50.487530	-50.603745
45363	9.719737	-8.747774	-2.660552	-2.688015	0.502416	-2.618394	-61.056413	-51.670042	-52.164806
45364	9.437306	-9.461727	-2.089821	-2.897805	0.654591	-2.368938	-61.452678	-52.680197	-53.765058
45365	9.442996	-10.022738	-1.790683	-2.995766	0.721582	-2.179065	-61.895973	-53.594900	-55.357898
45366	9.976326	-10.343776	-1.457859	-3.002054	0.715928	-2.095093	-62.343255	-54.464623	-56.930494
45367	10.707205	-10.512550	-1.178064	-2.938225	0.699191	-2.123084	-62.724592	-55.370944	-58.523315
45368	10.958157	-10.485656	-0.892176	-2.809494	0.743264	-2.193412	-62.930921	-56.295000	-60.219402
45369	10.717701	-10.332903	-0.863024	-2.642645	0.837174	-2.248910	-62.901007	-57.235534	-62.066914
45370	10.042953	-9.940497	-1.038120	-2.468311	0.906474	-2.273274	-62.642568	-58.156602	-64.045804
45371	9.329167	-9.466383	-1.344398	-2.327849	0.918131	-2.246977	-62.238828	-59.066130	-66.082549
45372	8.681884	-9.060259	-1.697989	-2.210884	0.868365	-2.201448	-61.754222	-59.946729	-68.114927
45373	8.189615	-8.745690	-1.858473	-2.142631	0.725659	-2.122823	-61.322167	-60.829250	-70.025225
45374	8.338572	-8.458863	-1.934928	-2.092274	0.561946	-2.032294	-60.982406	-61.694343	-71.779828
45375	8.664998	-8.124050	-1.889745	-2.062932	0.447635	-1.956318	-60.712177	-62.559480	-73.423850
45376	8.935400	-7.836277	-1.835735	-2.058202	0.386785	-1.896349	-60.467051	-63.397660	-75.022719
45377	8.984968	-7.498916	-1.824590	-2.060207	0.364524	-1.845561	-60.218913	-64.224274	-76.615896
45378	8.865133	-7.211387	-1.841069	-2.070461	0.317836	-1.815359	-59.979199	-65.035667	-78.194038
45379	8.741703	-6.939206	-1.777722	-2.102007	0.237310	-1.795295	-59.801159	-65.868250	-79.714960
45380	8.845087	-6.706642	-1.656345	-2.112029	0.140069	-1.782752	-59.681872	-66.710586	-81.166854
45381	8.863690	-6.535161	-1.580031	-2.107562	0.080689	-1.766422	-59.586798	-67.571338	-82.581593
45382	8.767872	-6.262103	-1.491246	-2.088428	0.016062	-1.755140	-59.502408	-68.434033	-83.963083
45383	8.802704	-6.069941	-1.390897	-2.057513	-0.064085	-1.752030	-59.449539	-69.328199	-85.284536
45384	9.041695	-5.961385	-1.382005	-2.025804	-0.158805	-1.761074	-59.430183	-70.243809	-86.541989
45385	9.109945	-5.839550	-1.279607	-2.010148	-0.235976	-1.759568	-59.457053	-71.191399	-87.734655
45386	9.014461	-5.869622	-1.216710	-2.003957	-0.296862	-1.734318	-59.525867	-72.134341	-88.871713
45387	8.980041	-5.810426	-1.145743	-1.989808	-0.326974	-1.683529	-59.631308	-73.071563	-89.956821
45388	8.839350	-5.779949	-1.198430	-1.991717	-0.349179	-1.597645	-59.796754	-73.963374	-90.974313
45389	8.933785	-5.677010	-1.293532	-2.024263	-0.390432	-1.520852	-60.097279	-74.840018	-91.867268
45390	9.180629	-5.547742	-1.430683	-2.084047	-0.443922	-1.476246	-60.539450	-75.701259	-92.644681
45391	9.407486	-5.486248	-1.511581	-2.174082	-0.501823	-1.464255	-61.159139	-76.584171	-93.290168
45392	9.458569	-5.524428	-1.471481	-2.278359	-0.529921	-1.454922	-61.899173	-77.462135	-93.870325
45393	9.585516	-5.622394	-1.285334	-2.389724	-0.520650	-1.407112	-62.771260	-78.324606	-94.379453
45394	9.827675	-5.817974	-1.033991	-2.493440	-0.453149	-1.357191	-63.603603	-79.136153	-94.987441
45395	9.904056	-6.055309	-0.780908	-2.553893	-0.335211	-1.326757	-64.211862	-79.912945	-95.857546
45396	9.675394	-6.098978	-0.555612	-2.611492	-0.200861	-1.285532	-64.453811	-80.627121	-97.130135
45397	9.276666	-6.255242	-0.330583	-2.654093	-0.097687	-1.232416	-64.399446	-81.297537	-98.725445
45398	8.846260	-6.340282	-0.220052	-2.675009	-0.022029	-1.178302	-64.020391	-81.911397	-100.657824
45399	8.595474	-6.517213	-0.159897	-2.674993	0.030724	-1.113153	-63.402647	-82.484406	-102.828631
45400	8.329469	-6.763370	-0.164224	-2.648938	0.087018	-1.040672	-62.443373	-82.993159	-105.325606
45401	8.094865	-7.092609	-0.214222	-2.592547	0.128238	-0.936254	-61.285203	-83.440161	-107.988012
45402	7.914141	-7.253103	-0.354478	-2.508019	0.148313	-0.824878	-59.986345	-83.810928	-110.740828
45403	7.300308	-7.172678	-0.328303	-2.404372	0.156683	-0.679864	-58.788193	-84.108565	-113.331045
45404	6.835448	-7.002643	-0.415508	-2.312325	0.086437	-0.522672	-58.149377	-84.338397	-115.304707
45405	6.753237	-6.950188	-0.478127	-2.230619	0.001358	-0.342940	-58.394253	-84.512616	-116.342823
45406	6.837744	-6.721673	-0.635639	-2.157711	-0.077037	-0.168753	-59.505732	-84.618663	-116.468148
45407	7.205140	-6.238067	-0.844152	-2.106425	-0.129220	-0.003243	-61.428994	-84.663570	-115.748665
45408	7.380847	-5.769784	-0.971156	-2.081663	-0.148860	0.135919	-63.814852	-84.634072	-114.550253
45409	7.842509	-5.258666	-1.063911	-2.085867	-0.190889	0.238829	-66.713353	-84.561550	-112.839339
45410	8.525113	-4.940706	-0.946887	-2.119042	-0.192357	0.298680	-69.654128	-84.444035	-111.104674
45411	8.938015	-4.521288	-0.834938	-2.145397	-0.113381	0.321462	-72.170113	-84.296415	-109.811802
45412	9.156616	-4.180934	-0.693133	-2.191579	0.015823	0.336338	-73.897108	-84.109840	-109.338031
45413	8.909732	-3.959904	-0.705764	-2.239799	0.141248	0.369943	-75.032087	-83.888602	-109.487356
45414	8.529397	-3.748053	-0.799719	-2.292625	0.191692	0.411607	-75.916962	-83.633140	-109.918576
45415	10.360888	-5.353148	0.367136	-2.430787	0.223329	0.538198	-76.906793	-83.307676	-110.324342
45416	6.285015	-3.702376	-0.684743	-2.068475	0.717328	0.934653	-75.867801	-82.690735	-112.565130
45417	8.374282	-5.404690	1.150460	-2.447043	0.510167	0.950576	-76.174403	-82.095722	-113.670615
45418	6.893139	-5.653823	0.449164	-2.302637	0.758393	1.140511	-75.689565	-81.356531	-115.493686
45419	6.838401	-6.828628	0.867260	-2.270023	0.546237	1.302149	-76.254397	-80.560569	-116.239173
45420	7.073402	-7.614612	1.519350	-2.167492	0.661799	1.448933	-76.505351	-79.664801	-117.244997
45421	9.099880	-4.030886	1.014937	-1.832339	0.391999	1.327779	-77.339335	-78.875937	-117.465309
45422	12.325353	-3.164817	-0.803791	-2.008059	0.718200	1.282014	-77.313089	-78.069348	-118.666264
45423	10.380501	-3.006142	0.453300	-1.800072	1.002892	1.107593	-76.464762	-77.323830	-120.590849
45424	11.771802	-4.031342	2.036208	-1.648229	1.180138	1.039783	-75.210210	-76.580986	-122.847959
45425	11.001782	-4.067978	2.808891	-1.169503	1.612225	0.912714	-72.870741	-75.827183	-125.947625
45426	11.148133	-3.696692	2.991714	-0.794304	1.669366	0.739617	-70.339440	-75.123385	-129.032495
45427	10.484170	-3.058016	3.931344	-0.438937	1.702381	0.570084	-67.687552	-74.472376	-132.041882
45428	9.001301	-2.707198	4.265940	-0.113273	1.609431	0.554011	-65.223280	-73.813268	-134.670992
45429	6.145444	0.095029	5.962206	0.066264	1.409200	0.772664	-63.397516	-73.067877	-136.536845
45430	7.270578	-3.597009	5.041007	-0.096898	0.305584	1.123964	-63.869345	-72.413554	-136.100875
45431	9.790347	-3.485317	2.383189	0.211426	0.098755	1.142763	-64.484745	-71.802908	-135.327608
45432	9.709964	-3.325323	1.209660	0.255735	0.143750	1.204537	-64.995430	-71.144019	-134.634448
45433	13.120736	-3.784802	0.196156	0.113595	0.021321	1.149511	-65.699513	-70.543520	-133.820989
45434	12.931250	-5.083889	-0.441336	-0.094864	0.592631	0.926970	-65.504509	-69.919997	-134.085918
45435	8.574512	-4.666959	2.024294	0.128863	0.737971	0.675509	-64.844398	-69.394484	-134.712124
45436	8.614437	-3.561761	2.317048	0.107802	0.163897	0.435011	-64.838568	-69.129389	-134.652273
45437	9.497841	-3.742547	1.169929	0.029729	0.071438	0.351433	-64.957738	-68.932784	-134.507380
45438	9.044421	-3.537790	1.273187	0.071516	0.065606	0.282452	-65.006194	-68.770663	-134.411450
45439	9.448500	-3.185028	0.883786	0.058723	0.032241	0.259487	-65.100498	-68.631109	-134.275135
45440	9.202739	-3.378493	1.157638	0.027294	0.151691	0.280116	-65.056945	-68.449361	-134.305088
45441	8.904946	-3.402577	1.408030	0.067526	0.086982	0.278971	-65.084272	-68.286474	-134.235128
45442	9.148443	-3.425876	1.117479	0.086504	0.022585	0.271281	-65.169449	-68.140441	-134.089983
45443	9.283616	-3.256379	1.013481	0.102167	0.097187	0.289014	-65.168153	-67.969813	-134.029367
45444	9.009355	-3.379349	1.346866	0.080841	0.156840	0.310168	-65.105616	-67.771213	-134.046834
45445	8.955947	-3.426781	1.304408	0.118550	0.091870	0.316731	-65.117440	-67.587499	-133.961767
45446	9.185677	-3.384333	1.128733	0.102460	0.114261	0.314925	-65.099230	-67.396692	-133.917891
45447	9.001000	-3.487835	1.275866	0.082463	0.184541	0.308806	-65.011174	-67.194741	-133.963312
45448	8.890688	-3.633291	1.479923	0.071283	0.161811	0.284006	-64.934938	-67.008500	-134.001693
45449	8.742433	-3.766207	1.642701	0.050015	0.120449	0.222810	-64.896494	-66.866682	-134.013549
45450	8.697023	-3.683391	1.692673	0.032936	-0.014552	0.164335	-64.988932	-66.785344	-133.892430
45451	8.946851	-3.393404	1.368847	0.046235	-0.072664	0.159673	-65.149968	-66.722921	-133.689575
45452	9.095284	-3.502460	1.298060	0.002728	-0.019213	0.200158	-65.283571	-66.623840	-133.542337
45453	9.031230	-3.850004	1.234969	0.014413	-0.018588	0.181287	-65.407590	-66.536870	-133.399453
45454	9.170395	-3.716024	1.182184	0.047534	-0.015308	0.147448	-65.479957	-66.464098	-133.290803
45455	9.272711	-4.006613	0.996444	0.022840	0.035455	0.092244	-65.484811	-66.410553	-133.272539
45456	9.087064	-3.671186	1.235251	0.059050	0.093633	0.047153	-65.365577	-66.364096	-133.365702
45457	9.070966	-3.707211	1.174266	0.061097	0.117940	0.038290	-65.221555	-66.318905	-133.486066
45458	8.983067	-3.654547	1.334828	0.054545	0.154516	0.026509	-65.022440	-66.268307	-133.669358
45459	8.827330	-3.672125	1.548858	0.050890	0.144523	0.009390	-64.838238	-66.231362	-133.840113
45460	8.884451	-3.623123	1.512322	0.050953	0.098984	0.009445	-64.698353	-66.202717	-133.961035
45461	8.846197	-3.632997	1.540964	0.033709	0.083107	0.010232	-64.597425	-66.180051	-134.051615
45462	8.927167	-3.654326	1.444498	0.033495	0.043232	0.011068	-64.534231	-66.164113	-134.099676
45463	8.999159	-3.635660	1.411756	0.019543	0.052213	0.010526	-64.478062	-66.148815	-134.150228
45464	9.001398	-3.670585	1.375246	0.019089	0.060988	0.008628	-64.401157	-66.129706	-134.222319
45465	8.997614	-3.699498	1.362783	0.024813	0.074389	0.007869	-64.314878	-66.110234	-134.302527
45466	9.014947	-3.672410	1.420857	0.030583	0.085227	0.003849	-64.200738	-66.087467	-134.408166
45467	8.924249	-3.690280	1.437332	0.023907	0.097382	0.002859	-64.085867	-66.064716	-134.520266
45468	8.919438	-3.655481	1.488643	0.033255	0.081860	-0.002982	-63.970646	-66.046141	-134.625447
45469	8.886546	-3.607559	1.554750	0.025701	0.086926	0.001306	-63.866456	-66.026641	-134.724780
45470	8.866721	-3.634811	1.512657	0.036225	0.063659	0.008609	-63.777483	-66.006553	-134.799404
45471	8.886322	-3.579507	1.588302	0.029358	0.054283	0.014145	-63.716539	-65.988604	-134.849145
45472	8.960808	-3.686838	1.433094	0.035467	0.040560	0.009740	-63.655486	-65.973730	-134.893696
45473	8.893666	-3.620805	1.534488	0.015448	0.071581	0.007914	-63.579287	-65.954529	-134.968893
45474	8.881587	-3.672187	1.524458	0.035097	0.035886	0.006925	-63.522349	-65.942249	-135.009181
45475	8.947785	-3.647622	1.515149	0.022515	0.058665	0.012865	-63.460038	-65.923741	-135.064764
45476	8.862006	-3.609341	1.566051	0.031527	0.043061	0.016609	-63.402588	-65.904626	-135.107864
45477	8.959769	-3.633246	1.499242	0.033574	0.042414	0.024422	-63.359424	-65.884325	-135.135559
45478	8.870044	-3.670605	1.568067	0.036337	0.041071	0.026715	-63.307445	-65.860517	-135.169659
45479	8.943157	-3.607248	1.497805	0.042954	0.036925	0.029775	-63.268459	-65.838869	-135.186910
45480	8.872776	-3.680550	1.555287	0.038624	0.045634	0.031479	-63.212863	-65.811425	-135.223552
45481	8.910276	-3.644472	1.560939	0.048152	0.032428	0.027144	-63.174709	-65.792272	-135.236649
45482	8.942987	-3.665488	1.528032	0.043584	0.041372	0.030680	-63.120824	-65.766314	-135.268311
45483	8.909448	-3.619500	1.590272	0.035987	0.041835	0.022656	-63.076567	-65.747005	-135.295767
45484	8.860184	-3.681612	1.597729	0.033415	0.029205	0.025321	-63.039357	-65.726922	-135.315540
45485	8.879971	-3.672459	1.552124	0.034192	0.025926	0.016569	-63.010800	-65.714837	-135.326921
45486	8.878928	-3.673499	1.555625	0.032668	0.025284	0.018541	-62.974619	-65.699227	-135.346039
45487	8.938056	-3.626414	1.510368	0.040321	0.022249	0.023313	-62.950729	-65.684647	-135.348466
45488	8.935216	-3.674170	1.552451	0.034051	0.039093	0.025021	-62.901977	-65.662121	-135.380515
45489	8.890833	-3.679038	1.597729	0.037322	0.018391	0.024031	-62.884710	-65.648186	-135.377576
45490	8.967145	-3.696479	1.521846	0.037816	0.023354	0.019143	-62.848230	-65.632755	-135.393794
45491	8.894724	-3.687636	1.582106	0.027081	0.038563	0.019122	-62.811430	-65.616043	-135.418759
45492	8.841010	-3.696888	1.573922	0.032313	0.026038	0.014513	-62.772478	-65.602261	-135.441157
45493	8.913861	-3.678840	1.540477	0.036902	0.027954	0.008567	-62.736026	-65.593687	-135.459580
45494	8.900500	-3.666797	1.590687	0.030463	0.047898	0.007651	-62.669711	-65.577639	-135.513197
45495	8.836958	-3.634325	1.647681	0.031338	0.027782	0.008368	-62.636673	-65.569200	-135.531393
45496	8.876921	-3.660178	1.590611	0.026192	0.024278	0.008936	-62.600100	-65.558690	-135.555039
45497	8.867394	-3.683406	1.597426	0.028215	0.023654	0.016750	-62.578438	-65.547064	-135.562718
45498	8.883929	-3.639119	1.592874	0.035166	0.014103	0.011568	-62.549670	-65.537893	-135.572146
45499	8.915879	-3.705533	1.595959	0.021538	0.019516	0.019293	-62.538048	-65.526063	-135.573015
45500	8.923653	-3.683943	1.595207	0.031527	0.024688	0.010937	-62.499206	-65.514411	-135.595804
45501	8.875038	-3.635360	1.624695	0.031056	0.030603	0.013382	-62.466447	-65.502646	-135.613922
45502	8.871678	-3.664677	1.609394	0.027874	0.029840	0.011518	-62.424350	-65.489322	-135.642593
45503	8.892708	-3.672401	1.621048	0.030870	0.028260	0.011989	-62.393625	-65.478876	-135.658610
45504	8.857298	-3.653429	1.662200	0.025737	0.030193	0.011338	-62.352320	-65.465533	-135.687761
45505	8.880699	-3.632753	1.692291	0.024778	0.017704	0.017908	-62.340381	-65.454880	-135.686981
45506	8.918156	-3.688471	1.615359	0.017067	0.017887	0.017549	-62.321381	-65.441652	-135.697076
45507	8.891281	-3.647830	1.651703	0.021924	0.024216	0.022011	-62.306318	-65.427183	-135.701542
45508	8.928578	-3.703844	1.575247	0.020691	0.020754	0.018940	-62.282903	-65.412482	-135.714213
45509	8.893030	-3.685452	1.615573	0.017965	0.027528	0.015393	-62.262699	-65.400486	-135.726844
45510	8.874636	-3.731349	1.626095	0.022303	0.024234	0.012514	-62.230804	-65.388110	-135.747827
45511	8.876248	-3.703171	1.648205	0.022381	0.027080	0.008070	-62.204422	-65.379937	-135.764489
45512	8.871171	-3.651260	1.635617	0.025844	0.019580	0.006110	-62.171954	-65.372042	-135.783875
45513	8.942020	-3.662140	1.582864	0.027709	0.027491	0.010083	-62.143349	-65.362727	-135.799640
45514	8.898219	-3.682648	1.685414	0.026607	0.042419	0.012335	-62.088908	-65.345550	-135.842723
45515	8.890278	-3.659974	1.655317	0.027436	0.035758	0.013876	-62.053693	-65.332090	-135.865952
45516	8.871701	-3.705635	1.667039	0.021701	0.038679	0.011068	-62.005551	-65.316531	-135.905206
45517	8.866773	-3.671133	1.712654	0.017889	0.033466	0.008296	-61.975203	-65.306494	-135.929118
45518	8.881031	-3.655390	1.689701	0.017452	0.031364	0.008752	-61.936264	-65.294055	-135.960929
45519	8.862617	-3.700909	1.700666	0.014214	0.033191	0.010095	-61.909483	-65.283169	-135.983248
45520	8.864213	-3.672642	1.722645	0.016193	0.022467	0.006928	-61.880021	-65.274040	-136.005426
45521	8.876297	-3.685834	1.679452	0.007955	0.017712	0.011469	-61.874709	-65.266625	-136.008070
45522	8.853782	-3.679364	1.673172	0.013585	0.015286	0.008459	-61.855539	-65.258658	-136.020564
45523	8.896990	-3.694351	1.690861	0.007543	0.007586	0.009969	-61.860764	-65.254735	-136.011880
45524	8.872187	-3.716591	1.665266	0.003762	0.021263	0.006678	-61.839639	-65.246051	-136.032726
45525	8.843454	-3.703438	1.681607	0.006619	0.014740	0.002594	-61.833304	-65.243914	-136.037367
45526	8.895721	-3.695373	1.695299	0.002363	0.007425	0.000295	-61.824405	-65.242194	-136.045633
45527	8.871369	-3.716858	1.669024	0.000912	0.009637	-0.002171	-61.824205	-65.243840	-136.047131
45528	8.864958	-3.710180	1.692601	0.001410	0.009147	-0.005836	-61.810370	-65.244750	-136.061435
45529	8.873847	-3.687319	1.689108	-0.004224	-0.001883	-0.003543	-61.825001	-65.250200	-136.049854
45530	8.828195	-3.718378	1.711186	-0.003504	0.005407	-0.007083	-61.817342	-65.252751	-136.060456
45531	8.870216	-3.651084	1.731147	0.001276	0.004208	-0.010406	-61.818186	-65.260011	-136.060598
45532	8.846281	-3.671722	1.704583	-0.001275	0.007892	-0.011358	-61.804008	-65.264048	-136.076969
45533	8.848804	-3.642355	1.723958	-0.002302	0.003440	-0.002785	-61.812267	-65.267665	-136.071213
45534	8.818180	-3.657706	1.719407	-0.002420	-0.004833	0.002906	-61.821075	-65.267942	-136.062999
45535	8.874654	-3.685159	1.689585	-0.002949	-0.009776	0.007815	-61.850470	-65.269774	-136.034388
45536	8.874548	-3.685771	1.688806	-0.001819	-0.005817	0.005055	-61.861275	-65.269228	-136.023598
45537	8.889575	-3.670258	1.661696	-0.000617	-0.007783	0.009354	-61.888116	-65.269732	-135.996339
45538	8.874054	-3.687476	1.687680	-0.003474	-0.001261	0.013435	-61.899779	-65.263719	-135.985647
45539	8.910685	-3.679512	1.669295	0.003887	-0.000713	0.009820	-61.916615	-65.262071	-135.966575
45540	8.873166	-3.689522	1.687878	0.001881	0.004581	0.014218	-61.919250	-65.254085	-135.962445
45541	8.887776	-3.674650	1.661612	0.002700	-0.002080	0.015778	-61.941805	-65.249788	-135.937835
45542	8.819553	-3.700141	1.675608	0.001690	0.002234	0.012848	-61.946312	-65.243127	-135.931763
45543	8.878011	-3.699432	1.665458	0.004898	-0.005028	0.012747	-61.969123	-65.241147	-135.905497
45544	8.873636	-3.665299	1.706997	-0.001243	0.001226	0.009158	-61.974254	-65.236621	-135.900588
45545	8.883881	-3.724736	1.699975	-0.000041	-0.000741	0.013456	-61.995655	-65.233121	-135.879001
45546	8.861416	-3.701180	1.634788	0.005958	0.004856	0.002932	-61.989044	-65.230768	-135.882480
45547	8.872502	-3.667349	1.708491	0.009312	0.015991	0.008111	-61.983693	-65.225462	-135.884466
45548	8.884698	-3.680789	1.664485	0.009189	0.007719	0.013798	-61.978432	-65.216842	-135.884419
45549	8.920898	-3.673216	1.647753	0.010154	0.019455	0.020634	-61.976161	-65.204268	-135.882492
45550	8.882619	-3.683998	1.668474	0.010735	0.026498	0.024731	-61.955841	-65.185061	-135.898058
45551	8.844259	-3.694921	1.689177	0.012648	0.018362	0.024778	-61.955823	-65.170688	-135.892088
45552	8.886639	-3.711473	1.707712	0.013443	0.019726	0.028288	-61.943453	-65.151506	-135.897189
45553	8.826378	-3.715200	1.720295	0.016121	0.024310	0.023547	-61.934294	-65.136146	-135.899112
45554	8.827593	-3.688264	1.741405	0.015003	0.012327	0.024355	-61.926832	-65.120945	-135.897819
45555	8.876323	-3.694066	1.679682	0.019674	0.016309	0.027425	-61.926661	-65.105770	-135.887599
45556	8.881691	-3.719414	1.716154	0.014561	0.010227	0.024813	-61.922008	-65.090905	-135.883489
45557	8.930479	-3.725263	1.654255	0.011365	0.017493	0.024899	-61.923889	-65.076682	-135.876268
45558	8.907375	-3.737091	1.706109	0.013732	0.032942	0.027122	-61.896356	-65.054522	-135.897911
45559	8.855836	-3.718153	1.715831	0.015776	0.033072	0.021480	-61.876883	-65.037820	-135.911468
45560	8.828553	-3.677628	1.752661	0.015876	0.032585	0.027280	-61.848675	-65.015669	-135.932508
45561	8.820635	-3.673488	1.778070	0.007877	0.019579	0.028047	-61.852240	-64.999286	-135.925653
45562	8.836186	-3.740910	1.749966	0.001963	0.008811	0.032179	-61.860625	-64.981084	-135.915118
45563	8.896100	-3.696907	1.702084	-0.002517	0.003860	0.040714	-61.894487	-64.962534	-135.881406
45564	8.885614	-3.722978	1.706151	-0.003362	0.005090	0.040389	-61.914637	-64.941183	-135.861248
45565	8.790909	-3.864431	1.614420	0.003260	0.017708	0.033954	-61.926292	-64.922304	-135.848402
45566	8.943393	-3.542482	1.857334	0.005697	0.011182	0.039351	-61.934022	-64.899832	-135.836219
45567	8.924594	-3.904757	1.586121	-0.009736	0.008287	0.048839	-61.971832	-64.875960	-135.802719
45568	8.859288	-3.718454	1.778545	0.000080	0.021657	0.044258	-61.974245	-64.848181	-135.799960
45569	8.883120	-3.747612	1.690108	0.007306	0.025258	0.038038	-61.977816	-64.825186	-135.793505
45570	8.791433	-3.784301	1.755363	-0.000205	0.027826	0.039014	-61.970750	-64.798399	-135.801401
45571	8.894747	-3.738477	1.668449	0.009143	0.019712	0.041279	-61.981116	-64.775249	-135.786283
45572	8.859211	-3.803006	1.705203	0.006774	0.036380	0.046779	-61.965327	-64.742231	-135.799405
45573	8.907901	-3.718584	1.725351	0.018341	0.049387	0.051815	-61.944698	-64.705757	-135.812745
45574	8.852458	-3.730822	1.717751	0.019937	0.052118	0.058802	-61.911495	-64.662414	-135.836796
45575	8.855495	-3.742780	1.700810	0.022030	0.059063	0.074288	-61.891390	-64.611968	-135.847243
45576	8.830738	-3.666133	1.834887	0.014302	0.055978	0.084102	-61.871861	-64.554789	-135.859750
45577	9.008597	-3.770465	1.708227	0.004651	0.035754	0.107273	-61.905220	-64.493967	-135.822028
45578	9.090851	-3.777192	1.631321	0.001780	0.060246	0.131653	-61.915196	-64.411604	-135.809798
45579	8.882358	-3.831045	1.697663	0.000844	0.098568	0.152843	-61.909966	-64.310817	-135.817278
45580	8.820561	-3.804793	1.811088	0.010400	0.092775	0.156383	-61.894672	-64.207177	-135.827598
45581	8.903257	-3.786476	1.757352	0.008717	0.091939	0.165829	-61.899249	-64.101612	-135.819211
45582	9.032648	-3.345555	1.964171	-0.040232	0.109024	0.197293	-61.918831	-63.972911	-135.823026
45583	8.546271	-4.150319	1.848611	-0.079869	0.113269	0.218865	-61.980984	-63.834827	-135.807043
45584	8.881309	-3.687918	1.761380	-0.051896	0.044759	0.222719	-62.086600	-63.710529	-135.722410
45585	8.824565	-4.127522	1.714484	-0.044493	0.101208	0.249206	-62.156246	-63.560274	-135.675442
45586	8.964723	-3.801160	1.796022	-0.019525	0.071330	0.273975	-62.242094	-63.402790	-135.591959
45587	8.777610	-4.023024	1.783765	-0.022775	0.125967	0.275826	-62.287177	-63.232385	-135.558473
45588	8.866354	-3.919483	1.865235	-0.014037	0.114934	0.291623	-62.333777	-63.054268	-135.515211
45589	8.834194	-3.973554	1.825998	-0.028525	0.149588	0.305015	-62.372928	-62.862746	-135.492023
45590	8.917261	-3.983056	1.888939	-0.013150	0.167606	0.321714	-62.381572	-62.655338	-135.490731
45591	8.795142	-3.960994	1.937850	-0.030071	0.205330	0.347169	-62.388146	-62.427621	-135.505212
45592	8.986536	-4.167660	1.962122	-0.022273	0.208981	0.372287	-62.387488	-62.183549	-135.520324
45593	8.987517	-4.141988	1.919183	-0.016034	0.284694	0.406391	-62.340197	-61.904690	-135.586796
45594	8.765238	-4.168046	1.961298	-0.026760	0.306637	0.450167	-62.289372	-61.595099	-135.661855
45595	8.923971	-4.221347	1.939914	-0.017404	0.304448	0.485515	-62.265477	-61.270815	-135.703028
45596	9.173953	-4.402800	2.116024	-0.053618	0.302865	0.531252	-62.274866	-60.921079	-135.727350
45597	9.394095	-4.361534	2.109962	-0.053480	0.302639	0.576426	-62.317354	-60.551191	-135.716475
45598	9.309875	-4.534451	1.944610	-0.065844	0.351654	0.644104	-62.343007	-60.131223	-135.730323
45599	9.055900	-4.583352	2.091224	-0.063756	0.385177	0.700914	-62.375225	-59.676265	-135.738129
45600	8.951527	-4.483009	2.107080	-0.053152	0.402955	0.754121	-62.398702	-59.186824	-135.746186
45601	9.011802	-4.525870	2.323381	-0.093811	0.406091	0.803877	-62.475085	-58.674067	-135.722721
45602	8.821067	-4.472245	2.163879	-0.117725	0.421795	0.876772	-62.571079	-58.117310	-135.689163
45603	8.498778	-4.675328	2.278384	-0.119042	0.365464	0.949400	-62.751604	-57.541195	-135.559575
45604	8.854458	-4.617649	2.332831	-0.115345	0.324118	0.994619	-62.965218	-56.949788	-135.384113
45605	8.586123	-4.780149	2.418843	-0.154470	0.370265	1.055878	-63.192944	-56.317588	-135.220685
45606	8.547707	-4.761573	2.332633	-0.144905	0.342668	1.104543	-63.437479	-55.664397	-135.025804
45607	8.436408	-4.955257	2.290361	-0.161935	0.378903	1.152109	-63.684263	-54.979942	-134.841989
45608	8.128811	-5.087278	2.275135	-0.144871	0.379863	1.188156	-63.915831	-54.273458	-134.659748
45609	8.306675	-5.202952	2.275362	-0.121783	0.382742	1.225622	-64.146822	-53.549371	-134.463926
45610	8.042369	-5.300528	2.319379	-0.125165	0.409826	1.269554	-64.358325	-52.792611	-134.289239
45611	7.744306	-5.319976	2.328338	-0.097018	0.397887	1.301285	-64.573709	-52.024845	-134.091498
45612	7.603740	-5.296995	2.559755	-0.111063	0.374699	1.307992	-64.797272	-51.256011	-133.887497
45613	7.535985	-5.219068	2.658096	-0.125442	0.347239	1.326337	-65.052747	-50.486602	-133.654988
45614	7.297738	-5.287444	2.774931	-0.176545	0.332432	1.344444	-65.333879	-49.707879	-133.420333
45615	7.369017	-5.659622	2.765214	-0.201219	0.278779	1.347144	-65.661365	-48.942474	-133.144931
45616	7.480394	-5.738328	2.691292	-0.208426	0.272975	1.350154	-65.978300	-48.173121	-132.881400
45617	7.393117	-5.800552	2.818757	-0.224486	0.295044	1.356426	-66.291607	-47.397138	-132.636656
45618	7.660556	-5.895023	2.987920	-0.217403	0.320806	1.330358	-66.562683	-46.625416	-132.436315
45619	7.702069	-5.806433	2.864925	-0.261889	0.405156	1.320123	-66.810820	-45.842067	-132.305320
45620	7.545670	-6.133659	2.696113	-0.291945	0.472239	1.332064	-67.029358	-45.034287	-132.233318
45621	7.327457	-6.526669	2.696937	-0.313967	0.525686	1.328608	-67.235112	-44.219063	-132.201559
45622	7.289870	-6.634999	2.548721	-0.293551	0.557791	1.305674	-67.397396	-43.406000	-132.210041
45623	7.165185	-6.789593	2.474555	-0.304001	0.605742	1.307778	-67.547907	-42.584175	-132.250116
45624	6.823614	-7.223083	2.214808	-0.340616	0.568981	1.339579	-67.734631	-41.750756	-132.262626
45625	6.656060	-7.717775	2.080204	-0.300271	0.469212	1.359453	-67.953515	-40.931257	-132.197498
45626	7.073436	-7.251219	1.890950	-0.237112	0.443598	1.394502	-68.143338	-40.095592	-132.114369
45627	6.703877	-7.828535	1.918599	-0.186593	0.487464	1.461308	-68.300244	-39.217738	-132.042388
45628	6.695322	-7.700349	1.889820	-0.118904	0.440177	1.521510	-68.438334	-38.314809	-131.930595
45629	6.605639	-7.992756	2.019444	-0.081266	0.429727	1.604083	-68.576070	-37.372709	-131.789045
45630	6.840020	-7.966484	2.297086	-0.010300	0.380181	1.666036	-68.690897	-36.404795	-131.607522
45631	7.027251	-7.945018	2.427979	0.007518	0.414886	1.745540	-68.796232	-35.389824	-131.428350
45632	7.004006	-7.993458	2.685519	0.021253	0.406129	1.830856	-68.896718	-34.327941	-131.231174
45633	7.003418	-8.010809	2.801049	0.012304	0.402018	1.912695	-69.016529	-33.225833	-131.011614
45634	6.748104	-7.828367	2.949964	-0.003838	0.413925	2.001172	-69.139263	-32.070559	-130.788123
45635	7.059862	-8.261396	2.965255	-0.033319	0.402442	2.070436	-69.291366	-30.883238	-130.542873
45636	7.582683	-8.409721	3.169490	-0.034304	0.420126	2.146052	-69.432590	-29.648109	-130.301607
45637	7.635835	-8.473902	3.202428	-0.048407	0.486071	2.254479	-69.573504	-28.344504	-130.078660
45638	6.658422	-8.534931	3.137646	-0.085349	0.567043	2.390881	-69.712574	-26.947571	-129.884269
45639	5.857742	-8.292176	2.856201	-0.113983	0.436406	2.508847	-69.913547	-25.516315	-129.589219
45640	5.397743	-8.465165	2.565145	-0.181367	0.321977	2.664902	-70.177971	-24.018543	-129.206041
45641	4.873097	-8.442775	2.576181	-0.219799	0.175882	2.840961	-70.505080	-22.456105	-128.710062
45642	4.644819	-8.845045	2.404708	-0.276062	-0.034109	2.970327	-70.894026	-20.856723	-128.084716
45643	4.782333	-8.807950	2.276411	-0.284712	-0.234441	3.075972	-71.318583	-19.237135	-127.338967
45644	4.775312	-8.461795	2.478233	-0.272182	-0.358770	3.183818	-71.731845	-17.572460	-126.523999
45645	4.635893	-8.395828	2.333876	-0.258305	-0.400421	3.295961	-72.128062	-15.852784	-125.682071
45646	4.375785	-7.914800	2.469620	-0.194132	-0.377354	3.404999	-72.452914	-14.060443	-124.854362
45647	4.416138	-8.142151	2.227422	-0.127981	-0.283780	3.473998	-72.708364	-12.214615	-124.080975
45648	4.158315	-7.596692	2.137177	0.010929	-0.104196	3.455468	-72.830458	-10.341684	-123.424556
45649	5.535142	-4.456683	1.793639	0.252636	-0.309246	3.034814	-72.807303	-8.737792	-122.730278
45650	7.766522	-3.176398	0.347434	0.211714	-0.272598	2.292389	-72.762879	-7.529795	-122.186618
45651	11.214472	-1.984957	1.398961	0.252350	-0.496089	1.099406	-72.683674	-7.018806	-121.722879
45652	12.248806	-6.462541	0.455493	0.065076	-0.340301	0.094758	-72.671302	-7.025420	-121.518761
45653	11.201132	-3.105683	1.972973	0.357832	-0.328008	-1.115082	-72.471661	-7.699591	-121.529388
45654	9.810505	-2.823358	1.632564	0.224186	-0.210301	-1.856312	-72.313306	-8.750192	-121.738128
45655	8.882488	-3.458030	1.869071	0.332086	0.033805	-2.446764	-72.055491	-10.089329	-122.189902
45656	7.318438	-3.981322	1.972006	0.397997	0.238615	-2.742534	-71.709280	-11.540671	-122.819364
45657	6.160488	-3.874116	1.925444	0.446240	0.318052	-2.896830	-71.307382	-13.068929	-123.533125
45658	5.452911	-4.036593	1.825886	0.456052	0.372454	-2.958872	-70.860997	-14.603924	-124.306732
45659	5.428044	-4.371405	1.817818	0.457320	0.337003	-3.046556	-70.395183	-16.199649	-125.094116
45660	5.931618	-4.707492	1.738092	0.464169	0.246787	-3.185710	-69.898565	-17.868850	-125.881227
45661	6.489027	-5.042756	1.734870	0.466110	0.090327	-3.419550	-69.388724	-19.701712	-126.650039
45662	7.284499	-5.337549	1.664045	0.464228	-0.054598	-3.724363	-68.846299	-21.707034	-127.431623
45663	7.926563	-5.756624	1.582409	0.470146	-0.120888	-4.018317	-68.255409	-23.890231	-128.272353
45664	7.994549	-5.728134	1.457793	0.482617	-0.090483	-4.222190	-67.576773	-26.151843	-129.222700
45665	7.443606	-5.772075	1.418805	0.460649	-0.040657	-4.300796	-66.836195	-28.448710	-130.269972
45666	7.149051	-6.051935	1.232634	0.402283	0.012301	-4.259005	-66.048743	-30.683250	-131.398343
45667	7.025872	-6.355368	1.028138	0.331204	0.019394	-4.153945	-65.249619	-32.863898	-132.561520
45668	6.971816	-6.422215	0.795137	0.222282	-0.030271	-4.051717	-64.469632	-34.973325	-133.730748
45669	7.088228	-6.282516	0.617372	0.068600	-0.131267	-3.969960	-63.762130	-37.070086	-134.871552
45670	7.425336	-6.139062	0.557328	-0.135924	-0.223036	-3.860276	-63.155052	-39.106373	-135.981674
45671	7.658118	-5.990221	0.747808	-0.364713	-0.306068	-3.712697	-62.684636	-41.098205	-137.040054
45672	8.020748	-6.567642	0.973828	-0.575685	-0.394838	-3.568376	-62.344323	-43.016862	-138.040310
45673	8.663546	-7.177508	1.309870	-0.697357	-0.447159	-3.458644	-62.076141	-44.907794	-139.005208
45674	9.188911	-7.977601	1.516739	-0.726477	-0.475395	-3.372495	-61.804430	-46.741576	-139.964280
45675	9.654620	-8.518772	1.688270	-0.703883	-0.458335	-3.314124	-61.476589	-48.555879	-140.956030
45676	10.022939	-8.831660	1.566031	-0.651563	-0.402456	-3.268105	-61.034393	-50.309017	-142.029438
45677	9.919483	-9.076198	1.357728	-0.631922	-0.295523	-3.192795	-60.474991	-52.006561	-143.214453
45678	9.567546	-9.442058	1.177472	-0.635190	-0.213547	-3.065460	-59.827251	-53.591363	-144.484422
45679	8.925321	-9.705253	0.912654	-0.639103	-0.156239	-2.892875	-59.133073	-55.083176	-145.791133
45680	8.359753	-9.678595	0.574551	-0.652093	-0.149877	-2.683724	-58.443935	-56.443295	-147.076518
45681	8.172252	-9.298603	0.162643	-0.697321	-0.177514	-2.456194	-57.835437	-57.710276	-148.278874
45682	8.322267	-8.692888	-0.161213	-0.783330	-0.198529	-2.221275	-57.336162	-58.846150	-149.393384
45683	8.668137	-8.015708	-0.532596	-0.919263	-0.239419	-2.027675	-57.000217	-59.914296	-150.397265
45684	9.199009	-7.439098	-0.687740	-1.098734	-0.267349	-1.870613	-56.825785	-60.896381	-151.321781
45685	9.733484	-7.062104	-0.621251	-1.288456	-0.274597	-1.766627	-56.798367	-61.846972	-152.195577
45686	9.967864	-6.715216	-0.360531	-1.463229	-0.232179	-1.689873	-56.840173	-62.730601	-153.095287
45687	9.806880	-6.283855	0.125322	-1.615847	-0.191222	-1.623289	-56.952966	-63.586884	-154.007957
45688	9.769165	-6.040292	0.684995	-1.752441	-0.174769	-1.558225	-57.134240	-64.390956	-154.923446
45689	9.783657	-5.999156	1.224384	-1.830624	-0.139372	-1.505460	-57.344679	-65.176770	-155.851530
45690	9.590793	-6.101259	1.754703	-1.824935	-0.112289	-1.455636	-57.522694	-65.914751	-156.804579
45691	9.579973	-6.224310	2.201159	-1.739133	-0.110732	-1.420459	-57.658525	-66.652824	-157.745708
45692	9.646942	-6.323785	2.575311	-1.585742	-0.118263	-1.401814	-57.690107	-67.368228	-158.698302
45693	9.731408	-6.412725	2.669430	-1.391260	-0.119350	-1.389280	-57.598291	-68.093745	-159.659785
45694	9.715522	-6.485289	2.701832	-1.163462	-0.142468	-1.398329	-57.348576	-68.813619	-160.644904
45695	9.658355	-6.427029	2.546993	-0.932535	-0.220031	-1.433303	-56.999912	-69.587978	-161.590088
45696	9.923403	-6.549840	2.482935	-0.720978	-0.339511	-1.493200	-56.573034	-70.410781	-162.483909
45697	10.217327	-6.707903	2.549106	-0.504767	-0.461286	-1.605983	-56.034589	-71.338264	-163.360395
45698	10.190029	-6.559643	2.432924	-0.298205	-0.569406	-1.746818	-55.306256	-72.349252	-164.306628
45699	9.594698	-6.441148	2.405790	-0.124877	-0.643528	-1.838248	-54.398270	-73.437326	-165.331794
45700	8.770119	-6.297673	2.251694	0.023355	-0.761457	-1.846316	-53.442805	-74.549720	-166.311786
45701	8.169612	-6.234373	2.185692	0.142983	-0.894366	-1.776856	-52.609517	-75.685081	-167.089378
45702	7.761832	-6.198905	2.249600	0.247893	-1.046751	-1.661421	-52.030002	-76.805536	-167.539710
45703	7.732557	-6.057088	2.338165	0.329538	-1.190151	-1.530205	-51.840085	-77.929098	-167.540955
45704	7.980359	-5.853598	2.553660	0.398180	-1.278015	-1.399787	-52.013901	-79.012492	-167.130693
45705	8.189845	-5.699663	2.769892	0.436190	-1.289070	-1.280445	-52.516768	-80.056507	-166.365294
45706	8.365690	-5.801470	2.885187	0.470648	-1.225269	-1.162320	-53.192300	-81.011755	-165.407040
45707	8.304219	-5.911557	2.839483	0.501467	-1.105155	-1.049504	-53.948133	-81.882165	-164.352253
45708	8.196168	-6.000617	2.778642	0.517826	-0.973187	-0.928968	-54.701480	-82.640212	-163.292541
45709	8.133863	-6.101987	2.720677	0.522150	-0.866704	-0.840740	-55.514239	-83.328586	-162.172284
45710	7.882867	-5.941395	2.590064	0.512284	-0.814098	-0.812507	-56.351400	-83.975995	-161.034606
45711	7.624107	-5.836765	2.457860	0.488705	-0.785879	-0.804109	-57.381351	-84.615671	-159.718145
45712	7.207742	-5.713408	2.350367	0.462522	-0.748724	-0.770344	-58.576306	-85.217852	-158.252398
45713	6.830815	-5.630293	2.256715	0.429731	-0.702676	-0.662319	-60.358967	-85.755506	-156.217167
45714	6.538048	-5.592106	2.187121	0.403789	-0.620682	-0.494849	-62.643595	-86.174898	-153.694912
45715	6.371586	-5.555277	2.180826	0.384785	-0.537699	-0.294342	-65.697164	-86.465427	-150.414021
45716	6.413284	-5.450045	2.084034	0.363262	-0.459726	-0.096920	-69.166185	-86.618288	-146.730127
45717	6.602587	-5.297436	2.077858	0.339920	-0.397716	0.065083	-72.969344	-86.659277	-142.725211
45718	6.782976	-5.179031	2.068675	0.305962	-0.341182	0.180975	-76.471849	-86.611120	-139.041016
45719	6.892402	-4.965501	2.033751	0.277014	-0.304755	0.253451	-79.769622	-86.505174	-135.578184
45720	7.005623	-4.936310	2.054159	0.242908	-0.263448	0.301573	-82.455693	-86.358076	-132.747413
45721	7.057456	-4.899833	1.990201	0.221752	-0.244244	0.335239	-84.889725	-86.181096	-130.180809
45722	24.506157	-3.873276	5.666406	0.838760	-0.458715	-0.106012	-88.331544	-86.257621	-126.249828
45723	6.285648	3.012976	-5.144089	-0.348879	2.874963	1.242330	-68.754480	-85.215533	-146.079754
45724	7.138508	0.725005	1.328041	0.762002	0.983818	0.483038	-63.720085	-84.735129	-150.695188
45725	11.870780	0.567524	-1.923492	0.172434	1.135895	0.646574	-59.623710	-84.100546	-154.711865
45726	5.931055	0.428395	1.004361	0.084652	1.883000	0.941634	-54.162193	-83.058610	-160.158726
45727	6.995243	0.379862	0.822621	-0.002857	0.674807	1.061480	-54.527929	-82.340923	-159.791955
45728	9.867723	-0.867416	0.467862	-0.267282	0.807515	1.123280	-54.652571	-81.548755	-159.820700
45729	8.742254	-1.385084	2.186716	-0.255665	0.767035	1.142373	-54.955288	-80.762522	-159.663043
45730	8.708163	-1.318349	2.235203	-0.107390	0.664253	1.223643	-55.530333	-79.969994	-159.142155
45731	8.181772	-1.345361	2.638710	-0.069692	0.628638	1.360345	-56.351296	-79.124166	-158.348560
45732	8.455092	-1.481534	2.312007	0.027533	0.440571	1.474375	-57.582050	-78.278758	-157.077391
45733	8.549397	-1.677482	1.690310	0.043898	0.371356	1.589123	-58.965262	-77.393543	-155.637462
45734	11.453070	-3.214115	1.574089	0.043191	0.186231	1.760378	-60.726541	-76.468137	-153.803970
45735	11.105311	-3.138383	0.061927	0.146578	0.550356	1.700354	-61.445724	-75.463610	-152.977037
45736	9.968262	-2.396860	0.318427	0.012429	0.541353	1.648744	-62.086182	-74.485027	-152.306515
45737	10.784965	-3.171551	0.514456	-0.190833	0.527472	1.564683	-62.731121	-73.551151	-151.750554
45738	10.768575	-4.063882	1.530353	-0.125849	0.658628	1.541566	-63.023408	-72.593418	-151.520369
45739	10.414740	-4.078942	1.770305	-0.006215	0.723716	1.431454	-63.053241	-71.674891	-151.494145
45740	11.279654	-4.034886	2.788653	-0.025217	0.558676	1.310033	-63.226267	-70.861082	-151.326659
45741	14.253482	-6.049013	1.047856	0.012903	0.645506	1.149940	-63.143568	-70.106488	-151.408087
45742	10.657534	-5.277363	1.028552	0.100353	1.044984	0.730846	-62.164777	-69.459915	-152.389804
45743	8.778922	-3.460592	2.292732	0.131145	0.808063	0.446694	-61.350453	-69.015563	-153.182081
45744	9.107058	-3.666371	2.124950	0.006929	0.612546	0.394269	-60.835546	-68.648592	-153.729941
45745	8.081547	-3.773345	2.725686	0.086385	0.429607	0.329061	-60.492085	-68.363816	-154.047696
45746	8.604118	-3.232736	2.184992	0.071061	0.061641	0.232072	-60.539021	-68.231126	-153.953316
45747	9.171950	-3.240369	1.632871	-0.020972	0.097292	0.241929	-60.615540	-68.083002	-153.885638
45748	8.679896	-3.355138	2.026000	-0.005928	0.082551	0.250428	-60.691431	-67.935190	-153.807412
45749	8.781057	-3.450394	1.962775	-0.031517	-0.069109	0.222676	-60.963114	-67.843030	-153.535481
45750	9.142775	-3.365470	1.524894	-0.019088	-0.073247	0.194643	-61.196730	-67.766148	-153.294938
45751	9.086982	-3.485702	1.628553	-0.047153	-0.035221	0.185947	-61.407134	-67.682247	-153.098595
45752	9.049322	-3.509202	1.558820	-0.007964	-0.041255	0.155794	-61.566308	-67.615531	-152.931381
45753	9.106918	-3.482604	1.501471	-0.025324	-0.027754	0.135179	-61.719148	-67.554735	-152.783595
45754	9.020825	-3.511747	1.624348	-0.006652	-0.004116	0.108769	-61.799737	-67.501385	-152.700465
45755	8.985807	-3.437044	1.638377	-0.011664	-0.014230	0.103307	-61.906264	-67.452818	-152.594238
45756	9.061505	-3.460079	1.562673	-0.005203	-0.013958	0.098729	-61.990693	-67.407092	-152.505991
45757	9.053272	-3.514563	1.533734	-0.000553	0.014682	0.086270	-62.043949	-67.359252	-152.450509
45758	9.014427	-3.523082	1.626691	0.007176	0.028354	0.074449	-62.053818	-67.314392	-152.435315
45759	9.020552	-3.528697	1.606645	0.011299	0.023771	0.060480	-62.072444	-67.277138	-152.409983
45760	9.024508	-3.433391	1.613391	0.016093	0.028702	0.056914	-62.065466	-67.241059	-152.407508
45761	8.959678	-3.477462	1.670581	0.019044	0.037435	0.048657	-62.055531	-67.206117	-152.408329
45762	8.957504	-3.481290	1.674263	0.019789	0.029702	0.044050	-62.037042	-67.176281	-152.416043
45763	8.989378	-3.461106	1.612119	0.017539	0.021002	0.048580	-62.047650	-67.145778	-152.395506
45764	8.993082	-3.495775	1.642995	0.021662	0.026321	0.037167	-62.027792	-67.120332	-152.403544
45765	8.983849	-3.444803	1.643905	0.021700	0.028483	0.038797	-62.020777	-67.092766	-152.399541
45766	8.951403	-3.440763	1.661391	0.024423	0.025583	0.045449	-62.005532	-67.063328	-152.400857
45767	8.911718	-3.460287	1.675730	0.020791	0.027178	0.048352	-62.006630	-67.031277	-152.388604
45768	8.914717	-3.418557	1.707252	0.019906	0.018112	0.057034	-62.010237	-66.997986	-152.372254
45769	8.921404	-3.423372	1.686459	0.016443	0.010671	0.063083	-62.042679	-66.962911	-152.328642
45770	8.893646	-3.375775	1.730354	0.008702	-0.000790	0.076493	-62.087327	-66.924837	-152.274655
45771	8.907383	-3.513951	1.708957	-0.003347	-0.010258	0.084966	-62.169336	-66.884255	-152.189453
45772	8.976653	-3.559090	1.630596	-0.000226	-0.020505	0.077337	-62.242616	-66.850968	-152.109863
45773	8.974328	-3.565531	1.629324	0.000581	-0.007997	0.066241	-62.307491	-66.819182	-152.040805
45774	8.968647	-3.525235	1.680180	0.001147	-0.006700	0.058510	-62.351559	-66.791709	-151.992103
45775	8.957836	-3.567901	1.597141	0.005385	-0.004848	0.049508	-62.399265	-66.767526	-151.938700
45776	8.959758	-3.580228	1.650975	0.001874	0.001482	0.044153	-62.424174	-66.745144	-151.910378
45777	8.920838	-3.521723	1.663145	0.003845	0.002803	0.029055	-62.450938	-66.729290	-151.880714
45778	8.966430	-3.585606	1.628747	0.007033	-0.003133	0.024721	-62.466293	-66.717994	-151.859569
45779	8.911922	-3.549056	1.660184	-0.000591	-0.001688	0.019230	-62.494770	-66.708306	-151.830797
45780	8.893492	-3.550922	1.704878	-0.005684	-0.011794	0.013855	-62.520920	-66.704816	-151.805828
45781	8.958011	-3.536094	1.623940	-0.007060	-0.019184	0.008836	-62.567302	-66.705011	-151.761588
45782	8.954505	-3.491051	1.673896	-0.008396	-0.008888	0.007208	-62.587488	-66.704124	-151.744804
45783	8.904128	-3.499467	1.652337	-0.013166	-0.019384	0.011504	-62.639192	-66.702997	-151.698568
45784	8.966710	-3.539006	1.595955	-0.012768	-0.017216	0.011290	-62.674216	-66.702214	-151.668356
45785	8.948675	-3.540236	1.640065	-0.010175	-0.002922	0.004159	-62.700220	-66.700478	-151.648229
45786	8.896487	-3.525611	1.644937	-0.009845	-0.011076	0.012948	-62.727315	-66.697226	-151.624825
45787	8.941035	-3.565327	1.634822	-0.008395	-0.008887	0.007203	-62.761157	-66.695495	-151.595044
45788	8.914185	-3.489794	1.702576	-0.007715	-0.009274	0.015029	-62.786152	-66.690701	-151.572597
45789	8.940506	-3.567889	1.632125	-0.012276	-0.018484	0.013456	-62.837297	-66.688280	-151.526386
45790	8.947624	-3.545974	1.633389	-0.012465	-0.011606	0.008686	-62.863904	-66.687317	-151.505146
45791	8.963657	-3.523620	1.612703	-0.006710	-0.003653	0.008743	-62.891403	-66.683402	-151.481200
45792	8.934657	-3.462988	1.601862	-0.005979	0.005880	0.019088	-62.899896	-66.672563	-151.475639
45793	8.913729	-3.520065	1.672843	-0.016755	0.015030	0.031084	-62.924500	-66.652382	-151.461105
45794	8.932089	-3.545582	1.601826	-0.009275	-0.000667	0.030774	-62.949644	-66.637286	-151.439461
45795	8.968756	-3.532875	1.590755	-0.004499	0.009827	0.026485	-62.970492	-66.620804	-151.421359
45796	8.917098	-3.582652	1.676120	-0.015417	0.012501	0.033573	-62.985245	-66.600845	-151.414866
45797	8.973474	-3.592294	1.593497	0.000254	-0.010723	0.018651	-63.022808	-66.593702	-151.375574
45798	8.962137	-3.571433	1.641926	-0.009640	0.013095	0.021236	-63.026100	-66.579886	-151.377962
45799	8.905615	-3.589005	1.699065	-0.003944	0.003361	0.017889	-63.048933	-66.569463	-151.357333
45800	9.017925	-3.582291	1.559982	-0.000931	-0.001705	0.021047	-63.064545	-66.559587	-151.340854
45801	8.959871	-3.576498	1.643269	-0.002612	0.022351	0.009908	-63.059408	-66.548306	-151.349872
45802	8.953488	-3.623376	1.616312	0.010667	0.016752	0.011299	-63.040804	-66.538616	-151.363445
45803	8.938700	-3.592872	1.613214	0.007077	0.026531	0.003584	-63.021402	-66.529474	-151.381959
45804	8.911657	-3.516491	1.684768	0.010889	0.025800	0.006323	-62.989083	-66.519967	-151.410349
45805	8.867550	-3.578317	1.669436	0.010177	0.018026	0.009122	-62.981194	-66.510204	-151.414368
45806	8.912068	-3.540689	1.662905	0.007382	0.010614	0.011473	-62.971834	-66.502017	-151.419917
45807	8.932889	-3.549691	1.672651	0.007081	0.012769	0.014945	-62.975327	-66.490646	-151.413453
45808	8.890847	-3.557949	1.631291	0.008761	0.010239	0.015604	-62.968096	-66.480447	-151.415820
45809	8.940308	-3.552374	1.652316	0.007793	0.006782	0.023511	-62.983262	-66.466262	-151.396170
45810	8.896225	-3.538624	1.636870	0.012071	0.018142	0.028549	-62.972612	-66.447399	-151.400199
45811	8.986204	-3.564788	1.596059	0.018184	0.012332	0.038133	-62.983973	-66.424309	-151.378192
45812	8.907090	-3.575676	1.646897	0.013723	0.036344	0.041695	-62.958955	-66.393997	-151.396868
45813	8.910345	-3.610171	1.677701	0.024022	0.009076	0.039684	-62.971624	-66.370969	-151.369773
45814	8.926712	-3.613079	1.634321	0.016963	0.019199	0.038867	-62.963101	-66.346565	-151.368424
45815	8.876651	-3.608426	1.695833	0.016405	0.010546	0.034187	-62.975059	-66.325952	-151.346857
45816	8.922095	-3.595881	1.663648	0.018891	0.012350	0.034420	-62.970754	-66.305601	-151.339695
45817	8.934770	-3.629520	1.670887	0.014598	0.014356	0.029502	-62.976446	-66.286380	-151.326090
45818	8.889017	-3.592883	1.681216	0.017059	0.008395	0.028866	-62.974480	-66.269893	-151.317518
45819	8.910978	-3.626093	1.665001	0.012035	0.002629	0.026760	-62.993553	-66.255117	-151.290889
45820	8.906662	-3.582357	1.717505	0.011226	0.011661	0.027293	-62.990188	-66.238582	-151.287494
45821	8.907278	-3.607306	1.692796	0.016847	-0.000258	0.022352	-63.007148	-66.226801	-151.260149
45822	8.945899	-3.616916	1.656801	0.010636	0.008605	0.021864	-63.004444	-66.213831	-151.256400
45823	8.892994	-3.602771	1.663930	0.016501	0.013105	0.024292	-63.007190	-66.197581	-151.244794
45824	8.936316	-3.643687	1.657235	0.019396	0.017073	0.024310	-62.991111	-66.181161	-151.250177
45825	8.912286	-3.614076	1.676749	0.022404	0.017986	0.015231	-62.979450	-66.168264	-151.250614
45826	8.904730	-3.561354	1.676667	0.027717	0.015610	0.026103	-62.961376	-66.151308	-151.252968
45827	8.877795	-3.586727	1.721619	0.023016	0.022837	0.033742	-62.954629	-66.127704	-151.247642
45828	8.915740	-3.597458	1.687156	0.022703	0.011637	0.037100	-62.950493	-66.106171	-151.237895
45829	8.892682	-3.592574	1.680577	0.024134	0.013435	0.042841	-62.959206	-66.080372	-151.214950
45830	8.942698	-3.612249	1.677126	0.026753	0.013968	0.047074	-62.955897	-66.053142	-151.201755
45831	8.890430	-3.622870	1.659599	0.027149	0.021738	0.046079	-62.955141	-66.023530	-151.187266
45832	8.949203	-3.642745	1.634750	0.042587	0.025662	0.050405	-62.931286	-65.991554	-151.186624
45833	8.936119	-3.623645	1.687582	0.045240	0.039566	0.054706	-62.904785	-65.952897	-151.188967
45834	8.890622	-3.611759	1.675709	0.052021	0.039367	0.059821	-62.865453	-65.912540	-151.199356
45835	8.890870	-3.624299	1.735359	0.048808	0.048782	0.061686	-62.830555	-65.867916	-151.208659
45836	8.887762	-3.629051	1.741337	0.055950	0.042981	0.065733	-62.788473	-65.823594	-151.219602
45837	8.869544	-3.679986	1.741020	0.048891	0.039769	0.064791	-62.765649	-65.779742	-151.215618
45838	8.899798	-3.639251	1.706843	0.054840	0.035238	0.070341	-62.735787	-65.735100	-151.213864
45839	8.931527	-3.683933	1.727120	0.058293	0.051315	0.072531	-62.699089	-65.684271	-151.219188
45840	8.924913	-3.681536	1.680017	0.058717	0.053491	0.072267	-62.647713	-65.633848	-151.238607
45841	8.881529	-3.678447	1.724699	0.070028	0.074946	0.073277	-62.578410	-65.576407	-151.272356
45842	8.758671	-3.658016	1.843386	0.066651	0.072265	0.071051	-62.501140	-65.521624	-151.315244
45843	8.863191	-3.665550	1.789461	0.057471	0.047038	0.072822	-62.470249	-65.471760	-151.314714
45844	8.861113	-3.694223	1.770671	0.055895	0.057362	0.072911	-62.417176	-65.419952	-151.337809
45845	8.823949	-3.644694	1.842354	0.052092	0.052512	0.070933	-62.382307	-65.369591	-151.345042
45846	8.820208	-3.750431	1.822976	0.049924	0.039520	0.070444	-62.351207	-65.323764	-151.347743
45847	8.888863	-3.695810	1.778218	0.053278	0.045649	0.070174	-62.322866	-65.275599	-151.347043
45848	8.919220	-3.656166	1.744719	0.051488	0.045717	0.079286	-62.289274	-65.223635	-151.351503
45849	8.913258	-3.739728	1.751800	0.050555	0.064743	0.083909	-62.249540	-65.163423	-151.365074
45850	8.877014	-3.714308	1.798749	0.056330	0.064883	0.083048	-62.194564	-65.104432	-151.390050
45851	8.872462	-3.721081	1.807190	0.056740	0.077969	0.092558	-62.142108	-65.036292	-151.413759
45852	8.788038	-3.710350	1.888352	0.046439	0.073035	0.095039	-62.091204	-64.969024	-151.440521
45853	8.799786	-3.795517	1.850871	0.045217	0.052221	0.088321	-62.071083	-64.909919	-151.435848
45854	8.772797	-3.770720	1.873829	0.039036	0.058972	0.086094	-62.034773	-64.850943	-151.451204
45855	8.836059	-3.748646	1.880262	0.032485	0.036780	0.082387	-62.035205	-64.798977	-151.431875
45856	8.959853	-3.800297	1.673772	0.025420	0.028671	0.099271	-62.046848	-64.741471	-151.402859
45857	8.874973	-3.750654	1.857050	0.035623	0.084997	0.098502	-62.002927	-64.668403	-151.430585
45858	8.856564	-3.728165	1.857984	0.023161	0.049998	0.112642	-62.000614	-64.598404	-151.418413
45859	8.950748	-3.781815	1.721823	0.029835	0.072895	0.133182	-61.992673	-64.511052	-151.410004
45860	8.769422	-3.785579	1.948516	0.033396	0.094329	0.145717	-61.956191	-64.412393	-151.429184
45861	8.757292	-3.867298	1.903090	0.039391	0.056435	0.143006	-61.965652	-64.324517	-151.395396
45862	8.865159	-3.730611	1.848635	0.026569	0.075098	0.162233	-61.962679	-64.222683	-151.381752
45863	8.734253	-3.916532	1.915293	0.032072	0.080839	0.162309	-61.961258	-64.118478	-151.364663
45864	8.865667	-3.673159	1.974533	0.034465	0.064610	0.168902	-61.968247	-64.016096	-151.334887
45865	8.791259	-3.726044	2.033387	-0.018003	0.064921	0.234211	-62.051137	-63.879794	-151.255858
45866	8.498117	-4.079790	1.980734	-0.004551	0.046728	0.190294	-62.109871	-63.771352	-151.193274
45867	8.703437	-3.758685	2.009764	-0.012750	0.005675	0.192973	-62.226657	-63.671678	-151.072933
45868	8.677784	-3.798831	2.029691	-0.038806	0.022524	0.209765	-62.338938	-63.559713	-150.972371
45869	8.739114	-3.985411	1.903958	-0.044299	-0.013597	0.219723	-62.505653	-63.451342	-150.816209
45870	8.811186	-4.049040	1.805650	-0.032411	0.020173	0.214800	-62.617353	-63.337222	-150.712003
45871	8.689843	-3.991326	1.942628	-0.027075	0.034928	0.213409	-62.719526	-63.219003	-150.616755
45872	8.652391	-4.047558	1.907218	-0.027137	0.032787	0.211684	-62.812145	-63.102997	-150.530333
45873	8.597093	-4.124417	1.892243	-0.009907	0.046829	0.190143	-62.878980	-62.993390	-150.463507
45874	8.580428	-3.968531	2.018712	-0.008995	0.037038	0.171034	-62.934915	-62.896914	-150.406440
45875	8.603071	-3.993981	2.007053	-0.030606	0.020783	0.184286	-63.035469	-62.796990	-150.314930
45876	8.658717	-4.100130	1.904502	-0.027773	0.010334	0.176935	-63.130624	-62.704347	-150.225749
45877	8.670147	-4.117632	1.859911	-0.027703	0.023785	0.178528	-63.222298	-62.606450	-150.142206
45878	8.674344	-4.165057	1.867723	-0.021658	0.036243	0.172048	-63.284813	-62.509506	-150.085701
45879	8.571913	-4.273401	1.860675	-0.012341	0.055005	0.155873	-63.324812	-62.415087	-150.050375
45880	8.462266	-4.184095	2.004359	0.014519	0.066134	0.123667	-63.312974	-62.335191	-150.054301
45881	8.438537	-4.013753	2.100862	-0.002999	0.038618	0.105765	-63.338748	-62.270610	-150.028947
45882	8.557494	-4.157313	1.947746	-0.020493	0.007200	0.110943	-63.398001	-62.212368	-149.975210
45883	8.466680	-4.237194	1.940666	-0.012219	0.019420	0.093780	-63.441482	-62.158824	-149.935773
45884	8.597000	-4.139137	1.941614	-0.002168	0.007544	0.082555	-63.475770	-62.115006	-149.898347
45885	8.602295	-4.084996	2.049476	-0.017721	0.006010	0.090995	-63.533712	-62.066281	-149.846074
45886	8.640039	-4.175090	1.936827	-0.023620	-0.005415	0.102803	-63.602255	-62.015347	-149.783749
45887	8.673453	-4.125784	1.975991	-0.028474	0.002122	0.111879	-63.679603	-61.956840	-149.716413
45888	8.735548	-4.104477	1.921945	-0.036463	-0.011538	0.142269	-63.779619	-61.887098	-149.626688
45889	8.800949	-4.171611	1.899750	-0.049299	0.010680	0.171766	-63.888154	-61.795552	-149.537417
45890	8.823576	-4.246786	1.835476	-0.044813	0.030105	0.218005	-63.987461	-61.676194	-149.453773
45891	8.642601	-4.190958	1.974026	-0.042879	0.053693	0.253700	-64.087949	-61.531536	-149.369282
45892	8.610879	-4.213870	2.021052	-0.051232	0.042115	0.298311	-64.214730	-61.367623	-149.258321
45893	8.634079	-4.176009	2.008290	-0.067648	0.031350	0.333689	-64.384446	-61.187053	-149.110815
45894	8.781845	-4.310146	2.055910	-0.092869	0.042296	0.389913	-64.572674	-60.975432	-148.956516
45895	8.811437	-4.376182	1.918113	-0.105415	0.051081	0.426418	-64.782024	-60.741565	-148.787819
45896	8.943636	-4.495922	2.014921	-0.106972	0.080081	0.463617	-64.970178	-60.482006	-148.642173
45897	8.928387	-4.534481	1.942184	-0.109370	0.111426	0.507501	-65.155232	-60.190924	-148.503202
45898	8.862449	-4.571371	1.983726	-0.113422	0.135428	0.546419	-65.325787	-59.874554	-148.381296
45899	8.713095	-4.662222	1.888220	-0.098794	0.156695	0.574384	-65.485671	-59.537465	-148.263611
45900	9.275916	-4.505259	2.329684	-0.092851	0.135089	0.586899	-65.655087	-59.199712	-148.128502
45901	8.999371	-4.609248	1.915354	-0.135932	0.182496	0.696721	-65.855383	-58.792339	-147.987657
45902	8.524744	-4.739877	2.084117	-0.130721	0.178777	0.731417	-66.057012	-58.368314	-147.839105
45903	8.915058	-4.698574	2.009556	-0.123770	0.189117	0.778678	-66.266628	-57.916004	-147.677843
45904	8.612943	-4.795814	2.095592	-0.143689	0.226085	0.843605	-66.467936	-57.421679	-147.536986
45905	8.988244	-4.796773	2.209157	-0.146655	0.205981	0.896491	-66.708132	-56.903032	-147.353234
45906	9.144354	-4.942416	2.105053	-0.164990	0.281379	0.978254	-66.913033	-56.324749	-147.221005
45907	8.763153	-5.317505	1.810896	-0.152342	0.339187	1.049840	-67.090954	-55.694808	-147.113893
45908	8.546634	-5.460419	1.769920	-0.108748	0.386402	1.088754	-67.208914	-55.034394	-147.046207
45909	8.653144	-5.330302	2.050920	-0.054385	0.416867	1.132030	-67.290453	-54.343612	-146.986832
45910	8.765759	-5.288070	1.972347	-0.048281	0.489894	1.197971	-67.326431	-53.602487	-146.976500
45911	8.708424	-5.483420	2.113005	-0.035506	0.555334	1.281591	-67.339530	-52.802108	-146.988064
45912	8.636637	-5.555978	2.191194	-0.030129	0.601226	1.378291	-67.339390	-51.941064	-147.009987
45913	8.504072	-5.661857	2.275391	-0.031423	0.608088	1.473640	-67.368522	-51.027608	-146.998467
45914	8.591760	-5.689594	2.243511	-0.023062	0.626160	1.580389	-67.402664	-50.054190	-146.971308
45915	8.208890	-5.787315	2.241217	-0.028950	0.687418	1.700237	-67.437762	-49.003522	-146.949890
45916	8.237428	-5.931829	2.396332	-0.008713	0.682043	1.801965	-67.482308	-47.900553	-146.896988
45917	7.859318	-5.867806	2.409348	-0.017639	0.725410	1.910726	-67.536147	-46.730234	-146.840671
45918	7.582206	-6.326375	2.379717	-0.016145	0.725548	1.989604	-67.598409	-45.518316	-146.767078
45919	7.227105	-6.607620	2.457504	-0.006728	0.743568	2.066017	-67.664296	-44.261778	-146.682665
45920	6.794635	-6.593559	2.479457	0.045167	0.700682	2.108231	-67.721619	-42.992276	-146.562021
45921	6.911378	-6.538882	2.639261	0.051861	0.668834	2.133862	-67.795912	-41.715847	-146.411490
45922	6.605188	-6.568988	2.729010	0.032414	0.686909	2.154859	-67.865894	-40.424376	-146.276646
45923	6.229926	-6.681542	2.880584	0.021894	0.676686	2.167787	-67.948382	-39.128013	-146.132317
45924	6.749598	-7.158448	3.309462	-0.001143	0.663647	2.148249	-68.035633	-37.844767	-145.993109
45925	6.588416	-6.710797	3.315715	0.003976	0.700683	2.126805	-68.101056	-36.564784	-145.885684
45926	5.741237	-6.634310	3.165102	-0.083507	0.781571	2.137929	-68.178377	-35.261592	-145.835370
45927	5.409497	-6.994691	3.338657	-0.142840	0.718128	2.115451	-68.311103	-33.983791	-145.750664
45928	5.068458	-6.855623	3.057509	-0.210504	0.631382	2.105208	-68.502635	-32.729523	-145.621622
45929	5.105864	-8.198708	3.478887	-0.434855	0.548688	2.111349	-68.848365	-31.488744	-145.445148
45930	5.536519	-7.161713	3.752449	-0.319291	0.319017	2.029713	-69.178647	-30.337888	-145.158294
45931	5.307160	-7.431637	3.316924	-0.482096	0.480609	2.048525	-69.547981	-29.142856	-144.976113
45932	4.522278	-7.732546	3.271208	-0.519438	0.420281	2.037801	-69.942738	-27.964518	-144.772829
45933	4.836114	-8.013959	3.306944	-0.561287	0.359812	2.006682	-70.369851	-26.813510	-144.549367
45934	4.729719	-8.002501	3.275918	-0.601414	0.357453	1.995519	-70.806642	-25.667487	-144.340766
45935	5.041518	-8.256401	3.177005	-0.640104	0.361175	1.993498	-71.259174	-24.520542	-144.144860
45936	4.769001	-8.581663	3.010368	-0.660790	0.408233	2.001250	-71.701109	-23.359390	-143.988730
45937	4.554009	-9.059060	2.925724	-0.688656	0.413152	1.995060	-72.153514	-22.199872	-143.846322
45938	4.806437	-9.655202	2.847174	-0.663921	0.388606	1.982026	-72.586230	-21.050548	-143.704293
45939	4.737058	-9.570685	2.694749	-0.648012	0.378257	1.985721	-73.009197	-19.900316	-143.564390
45940	4.214263	-9.184877	2.488532	-0.632308	0.364809	2.030774	-73.419189	-18.726368	-143.420067
45941	4.289237	-9.662258	2.368699	-0.654331	0.316974	2.087576	-73.850685	-17.528409	-143.247236
45942	4.584622	-10.057468	2.396364	-0.638791	0.241075	2.143415	-74.278913	-16.309974	-143.033331
45943	4.436530	-10.315076	2.228205	-0.658077	0.157328	2.222285	-74.730409	-15.059928	-142.768789
45944	4.147314	-10.507687	2.018649	-0.677598	-0.022703	2.299039	-75.209804	-13.791485	-142.402797
45945	3.907829	-10.366546	1.884563	-0.700787	-0.267759	2.425922	-75.730769	-12.485705	-141.890902
45946	3.532412	-10.626269	1.448262	-0.721435	-0.506847	2.589793	-76.278026	-11.116503	-141.236124
45947	3.398935	-9.682761	1.159063	-0.622884	-0.819488	2.715928	-76.788970	-9.713886	-140.402231
45948	3.936237	-9.211087	0.825264	-0.613075	-1.047639	2.942410	-77.292125	-8.205893	-139.427002
45949	3.941884	-9.028455	0.681236	-0.540304	-1.159488	3.230249	-77.741140	-6.544036	-138.368572
45950	3.995360	-9.022145	0.790267	-0.440228	-1.222050	3.505807	-78.102438	-4.726638	-137.257936
45951	4.019284	-8.989421	0.576378	-0.276640	-1.253594	3.775439	-78.339708	-2.757583	-136.110047
45952	4.335888	-8.666180	0.411057	-0.058939	-1.285717	3.890424	-78.409027	-0.722998	-134.938504
45953	7.776532	-12.681759	1.065373	-0.067572	-1.268456	3.432901	-78.448651	1.055699	-133.831526
45954	10.268352	-10.149070	1.678827	0.486549	-1.289364	2.366947	-78.141141	2.233455	-132.832289
45955	12.173162	-8.216921	1.855506	0.384833	-1.146879	1.310001	-77.889698	2.827201	-132.032697
45956	12.651408	-7.017536	2.234498	0.524198	-0.771305	0.034145	-77.568052	2.752031	-131.595872
45957	11.989315	-6.020387	2.399374	0.623364	-0.329255	-1.228603	-77.213924	2.017623	-131.565444
45958	10.436149	-5.879075	2.361474	0.722069	-0.030907	-2.286583	-76.806808	0.736687	-131.842427
45959	8.855574	-5.975030	2.121639	0.827641	0.142736	-3.015408	-76.335764	-0.933125	-132.323238
45960	6.807679	-5.927106	1.943744	0.916808	0.205162	-3.445325	-75.791065	-2.821110	-132.912743
45961	4.863077	-5.880748	1.791222	1.033120	0.164774	-3.636304	-75.161767	-4.824062	-133.527900
45962	3.276392	-5.650989	1.852473	1.135990	-0.009927	-3.608810	-74.456113	-6.821378	-134.066675
45963	1.861027	-5.542804	1.692403	1.263868	-0.305458	-3.486677	-73.683260	-8.800777	-134.450019
45964	1.449009	-4.891153	1.655147	1.361217	-0.775976	-3.346314	-72.881595	-10.765300	-134.577278
45965	2.422043	-4.206795	1.571646	1.385340	-1.242323	-3.255862	-72.115777	-12.768902	-134.456493
45966	4.171773	-3.510012	1.804530	1.350997	-1.563400	-3.298094	-71.405387	-14.844371	-134.189191
45967	6.592606	-3.342074	2.219054	1.293979	-1.725037	-3.517247	-70.747911	-17.081946	-133.895899
45968	8.816246	-3.394733	2.323989	1.249198	-1.634309	-3.865305	-70.078301	-19.482746	-133.748421
45969	9.392318	-3.618499	2.484110	1.159626	-1.363802	-4.242696	-69.375770	-22.045531	-133.864547
45970	8.724909	-4.115509	2.402482	1.072729	-1.165234	-4.623913	-68.619880	-24.758519	-134.219712
45971	7.527642	-4.460491	2.249384	0.930808	-0.982990	-4.809612	-67.844700	-27.539499	-134.774618
45972	6.130525	-4.887006	1.992838	0.769143	-0.880472	-4.765058	-67.083590	-30.254984	-135.437235
45973	5.143102	-5.057353	1.797495	0.610715	-0.800815	-4.543799	-66.363692	-32.841349	-136.148914
45974	5.232791	-5.192239	1.957830	0.416154	-0.869317	-4.292769	-65.758256	-35.291898	-136.803788
45975	6.149539	-5.467739	2.041946	0.210591	-0.941569	-4.113336	-65.281276	-37.674065	-137.406741
45976	7.219500	-5.622242	2.378738	0.012121	-0.969983	-4.020926	-64.899032	-39.998095	-138.005021
45977	8.238908	-6.174078	2.653732	-0.180375	-0.910073	-3.960238	-64.570964	-42.286580	-138.663746
45978	8.865456	-6.403936	2.715775	-0.330076	-0.747941	-3.865604	-64.220960	-44.469576	-139.448540
45979	9.118781	-6.567233	2.511059	-0.440680	-0.551315	-3.749655	-63.806641	-46.553366	-140.385621
45980	9.173573	-6.849734	2.334758	-0.549081	-0.429780	-3.660128	-63.342247	-48.541432	-141.441224
45981	9.109936	-7.582859	2.261931	-0.646974	-0.425278	-3.603976	-62.875167	-50.507623	-142.544417
45982	8.893557	-8.384083	2.416991	-0.712307	-0.473498	-3.518612	-62.423027	-52.423415	-143.644004
45983	8.476600	-9.214746	2.629492	-0.706627	-0.495630	-3.353932	-61.962543	-54.269788	-144.724163
45984	7.868173	-9.741989	2.685243	-0.640344	-0.483302	-3.090989	-61.475912	-55.961094	-145.764518
45985	7.648486	-9.861321	2.584283	-0.537325	-0.495844	-2.799087	-60.988524	-57.517126	-146.716891
45986	8.170561	-9.613565	2.301140	-0.454921	-0.510845	-2.528865	-60.519003	-58.924834	-147.575730
45987	8.498936	-9.283559	1.883617	-0.451418	-0.501474	-2.330290	-60.078093	-60.239614	-148.388180
45988	8.473071	-8.923531	1.374846	-0.515670	-0.464070	-2.144639	-59.680949	-61.436379	-149.181234
45989	8.231944	-8.759169	1.025247	-0.655944	-0.331543	-1.883421	-59.339013	-62.474648	-149.995714
45990	7.805477	-8.390719	0.720796	-0.841651	-0.145059	-1.558162	-59.068526	-63.284539	-150.841358
45991	7.295026	-8.126548	0.460756	-1.071485	0.070211	-1.203856	-58.901526	-63.866294	-151.714633
45992	6.895384	-8.017453	0.403750	-1.305166	0.236172	-0.871267	-58.881789	-64.224244	-152.568226
45993	6.582077	-8.151774	0.530294	-1.539588	0.319858	-0.579745	-59.085756	-64.425177	-153.321970
45994	6.653307	-8.346232	0.842869	-1.730271	0.347069	-0.331336	-59.516913	-64.487339	-153.942830
45995	6.764366	-8.571384	1.190237	-1.866873	0.371539	-0.114215	-60.138046	-64.446868	-154.441263
45996	6.657269	-8.640494	1.434209	-1.922112	0.389432	0.056184	-60.867824	-64.309428	-154.853246
45997	6.440533	-8.708035	1.712140	-1.918201	0.392432	0.214225	-61.687451	-64.102838	-155.165076
45998	6.149572	-8.715711	1.938551	-1.864701	0.379922	0.378098	-62.569711	-63.810009	-155.372203
45999	5.927920	-8.579949	2.135185	-1.795304	0.335566	0.559704	-63.552911	-63.445176	-155.424520
46000	5.600024	-8.580923	2.422526	-1.715717	0.254003	0.748386	-64.648070	-62.996314	-155.298886
46001	5.358384	-8.682452	2.587369	-1.632904	0.103519	0.903947	-65.907405	-62.508190	-154.936473
46002	5.481211	-8.870064	2.810310	-1.526311	-0.076751	1.011729	-67.296622	-61.994059	-154.354852
46003	5.828794	-9.164577	2.857597	-1.385364	-0.236334	1.054885	-68.752923	-61.490228	-153.604564
46004	6.278451	-9.355181	2.938095	-1.202247	-0.341974	1.037488	-70.156799	-61.002758	-152.788930
46005	6.705359	-9.563612	2.929970	-0.992851	-0.376913	0.953851	-71.420194	-60.562561	-151.995171
46006	6.992398	-9.450655	3.014359	-0.755660	-0.360670	0.805603	-72.450812	-60.188202	-151.307604
46007	7.101003	-9.356427	2.973345	-0.539865	-0.305315	0.614712	-73.238844	-59.907011	-150.757157
46008	6.969378	-9.071796	2.886194	-0.320221	-0.243455	0.369726	-73.756307	-59.743905	-150.370772
46009	6.681790	-8.657963	2.673587	-0.140259	-0.199717	0.113685	-74.064218	-59.715834	-150.109312
46010	6.249586	-8.527324	2.443577	-0.016426	-0.188106	-0.141141	-74.214085	-59.823459	-149.946702
46011	5.825063	-8.256236	2.289234	0.089536	-0.226869	-0.364417	-74.289262	-60.061657	-149.802486
46012	5.495907	-8.039572	2.143000	0.167380	-0.253063	-0.536085	-74.292467	-60.396977	-149.688264
46013	5.068352	-7.926038	1.966816	0.222825	-0.266124	-0.643672	-74.256210	-60.794433	-149.585119
46014	4.815640	-7.864775	1.893112	0.284452	-0.257089	-0.676529	-74.159127	-61.207893	-149.509730
46015	4.430220	-7.797385	1.797550	0.336818	-0.205022	-0.617239	-74.004016	-61.580499	-149.468250
46016	3.767972	-7.539718	1.699141	0.385922	-0.175820	-0.486862	-73.819650	-61.876823	-149.426474
46017	3.208399	-7.252153	1.661123	0.401901	-0.180419	-0.276892	-73.701283	-62.057471	-149.301251
46018	3.028887	-7.164460	1.610371	0.417974	-0.224774	-0.030420	-73.686376	-62.110742	-149.047057
46019	2.916896	-7.001039	1.525008	0.415176	-0.297432	0.241159	-73.838881	-62.024238	-148.606682
46020	3.338114	-6.616454	1.454817	0.419409	-0.417176	0.480197	-74.172008	-61.825998	-147.956735
46021	3.948844	-6.267735	1.349295	0.409420	-0.481514	0.681176	-74.633860	-61.521874	-147.167015
46022	4.759773	-6.061754	1.357614	0.398002	-0.533625	0.826378	-75.171831	-61.144736	-146.293955
46023	5.779702	-5.856587	1.442744	0.401022	-0.509862	0.904043	-75.693435	-60.713794	-145.435701
46024	6.709052	-5.648239	1.484751	0.411890	-0.421099	0.932347	-76.101197	-60.254849	-144.695897
46025	7.218995	-5.516827	1.458959	0.422286	-0.254709	0.914364	-76.329181	-59.777299	-144.154742
46026	7.436269	-5.557029	1.338099	0.430891	-0.123714	0.862615	-76.398124	-59.314067	-143.788324
46027	7.343343	-5.564650	1.156232	0.442418	-0.035631	0.782636	-76.361720	-58.879321	-143.536720
46028	7.013883	-5.581222	0.959847	0.426305	-0.040546	0.701620	-76.311149	-58.494555	-143.309967
46029	6.864349	-5.842216	0.843708	0.410291	-0.130259	0.643081	-76.342045	-58.150243	-142.998858
46030	6.745388	-6.159045	0.785139	0.421411	-0.240826	0.615782	-76.448426	-57.840149	-142.588633
46031	6.445124	-6.318098	0.816169	0.456834	-0.359179	0.640806	-76.645306	-57.526729	-142.047409
46032	6.027567	-6.591268	0.876492	0.524007	-0.516524	0.700282	-76.938607	-57.204093	-141.342559
46033	5.861668	-6.583143	0.962023	0.606546	-0.713563	0.788543	-77.367366	-56.849864	-140.418683
46034	6.097135	-6.379651	1.194550	0.676660	-0.878670	0.883945	-77.892418	-56.463355	-139.326043
46035	6.586304	-6.288124	1.376359	0.750466	-0.977953	0.950402	-78.456850	-56.040083	-138.131465
46036	7.159560	-6.377617	1.603221	0.815514	-1.000390	0.961982	-78.976813	-55.612044	-136.938179
46037	7.598232	-6.280906	1.540189	0.893047	-0.974307	0.915137	-79.408515	-55.196241	-135.793367
46038	7.626882	-6.022744	1.485830	0.932056	-0.910784	0.844150	-79.733107	-54.815371	-134.745216
46039	7.523904	-5.832315	1.338519	0.936021	-0.872228	0.741133	-80.000756	-54.479689	-133.760541
46040	7.229736	-5.951704	1.227704	0.920785	-0.809503	0.638887	-80.198107	-54.199173	-132.868266
46041	6.721130	-6.069910	1.114223	0.895849	-0.736180	0.589296	-80.341761	-53.932018	-132.057793
46042	5.756873	-6.379657	0.949222	0.866981	-0.654599	0.633220	-80.433142	-53.637274	-131.328787
46043	4.852306	-6.872792	1.019031	0.823436	-0.635441	0.806589	-80.552612	-53.235787	-130.593397
46044	4.287088	-7.484690	1.066458	0.803350	-0.622749	1.078286	-80.692631	-52.684703	-129.841294
46045	3.643334	-7.748356	1.256227	0.797011	-0.604677	1.411111	-80.850191	-51.935966	-129.065744
46046	2.801034	-7.892256	1.094134	0.784962	-0.602460	1.754018	-81.027611	-50.998216	-128.263956
46047	2.008009	-7.870388	0.940892	0.736412	-0.616483	2.127533	-81.258125	-49.841300	-127.417921
46048	0.884295	-7.856758	0.390024	0.612104	-0.756524	2.526304	-81.652441	-48.474603	-126.433107
46049	5.353577	-8.430370	-0.047714	0.526974	-1.174917	2.561559	-82.313850	-47.107569	-125.132923
46050	100.838922	-19.765138	0.957640	5.700006	-3.063400	-7.046158	-80.354361	-51.363269	-123.407177
46051	-17.002928	28.153806	4.526446	-3.876675	13.049744	-5.439216	-72.312519	-52.628716	-136.415459
46052	-5.336491	-43.015725	-4.414913	-0.838063	2.501236	-1.675950	-70.595919	-53.083791	-139.171117
46053	-15.215455	-4.242359	-0.630709	3.516287	-2.094952	-5.324867	-68.676052	-56.356772	-139.055541
46054	39.852652	-1.458882	4.190140	2.597364	-3.032366	-5.019976	-68.077116	-59.671282	-138.007019
46055	14.455343	-0.825522	1.272253	-0.363168	3.607192	-2.639237	-63.964649	-60.209472	-142.999004
46056	13.379979	-8.341667	9.607737	1.784178	-0.390200	-1.693281	-62.520212	-61.176842	-143.483052
46057	12.662851	0.852051	-0.165964	1.304226	-1.069894	-1.375775	-62.105908	-62.156161	-143.105405
46058	8.119841	-4.079945	2.778260	-0.068550	1.740955	-0.872388	-60.036820	-62.111555	-145.490198
46059	5.691928	-3.003929	6.508920	0.400783	-0.380014	-0.994739	-59.624893	-62.710926	-145.696544
46060	9.183230	-3.281331	1.560725	0.052310	-0.895185	-0.877692	-59.969677	-63.404009	-145.276122
46061	9.842606	-1.521639	3.045055	-0.145184	-0.366261	-0.451907	-60.163751	-63.730292	-145.152731
46062	8.829531	-4.777966	1.899304	-0.459051	-0.618786	-0.330125	-60.867083	-64.069885	-144.662377
46063	11.952538	-3.982945	0.480275	-0.043355	-0.898554	-0.173268	-61.733405	-64.401557	-143.728362
46064	9.965956	-3.697638	0.601800	-0.122078	0.212331	-0.169414	-61.483814	-64.429538	-144.082589
46065	7.264224	-3.619843	3.880667	-0.217055	-0.020113	-0.133049	-61.558236	-64.499716	-144.138352
46066	9.316550	-3.932763	1.108784	0.026964	-0.511010	-0.161799	-61.994363	-64.720299	-143.638451
46067	8.833602	-3.456713	2.114785	-0.240348	-0.032938	-0.135071	-62.095131	-64.795194	-143.679637
46068	8.573310	-3.947064	2.098913	-0.078588	-0.305338	-0.139254	-62.391419	-64.947710	-143.402065
46069	9.072998	-3.448232	1.729032	-0.139430	-0.223426	-0.123368	-62.649433	-65.067248	-143.205840
46070	8.631495	-3.684817	2.104058	-0.138818	-0.199869	-0.092146	-62.896862	-65.167019	-143.020722
46071	8.951698	-3.645636	1.687471	-0.117200	-0.283075	-0.071902	-63.241123	-65.275060	-142.715780
46072	9.030014	-3.694625	1.643087	-0.121064	-0.184849	-0.059162	-63.483827	-65.353273	-142.524962
46073	8.837733	-3.721164	1.740640	-0.098950	-0.171704	-0.051554	-63.708381	-65.421431	-142.340577
46074	8.980391	-3.666507	1.633378	-0.066189	-0.158100	-0.040808	-63.902122	-65.482825	-142.169232
46075	8.982844	-3.716589	1.574988	-0.051723	-0.091193	-0.030837	-64.021833	-65.519674	-142.070479
46076	8.944376	-3.750812	1.636101	-0.032716	-0.054261	-0.026005	-64.088149	-65.547101	-142.018169
46077	8.896048	-3.677712	1.682185	-0.019858	-0.028812	-0.029210	-64.120118	-65.567494	-141.995780
46078	8.872449	-3.743825	1.680649	-0.009546	-0.015308	-0.036170	-64.123506	-65.590394	-141.998020
46079	8.850211	-3.730912	1.748119	-0.003669	-0.004219	-0.039425	-64.112572	-65.609983	-142.012555
46080	8.777446	-3.673176	1.843893	0.000553	-0.019232	-0.034239	-64.115694	-65.632870	-142.008734
46081	8.907325	-3.718909	1.684122	0.004173	-0.040032	-0.037524	-64.141955	-65.660502	-141.977489
46082	8.963723	-3.657440	1.666824	0.002823	-0.007675	-0.041808	-64.126438	-65.684402	-141.992698
46083	8.889230	-3.704060	1.673151	0.006551	-0.005877	-0.036017	-64.113146	-65.702797	-142.003362
46084	8.904165	-3.705209	1.704890	-0.001239	0.010987	-0.038193	-64.080588	-65.720158	-142.039815
46085	8.888926	-3.747190	1.706641	0.010308	0.009708	-0.047946	-64.040554	-65.740861	-142.077443
46086	8.923057	-3.702965	1.662198	0.011863	0.024775	-0.054361	-63.975589	-65.763063	-142.141194
46087	8.871612	-3.651277	1.770649	0.011189	0.033805	-0.054239	-63.903723	-65.780971	-142.213157
46088	8.852076	-3.586477	1.810396	0.010978	0.030673	-0.049903	-63.834796	-65.799328	-142.281789
46089	8.823215	-3.623551	1.782083	0.008907	0.016729	-0.045669	-63.788287	-65.817146	-142.327358
46090	8.803381	-3.560219	1.819956	0.001447	0.010898	-0.028416	-63.759414	-65.829420	-142.358052
46091	8.862598	-3.632047	1.746785	0.000029	-0.001907	-0.020511	-63.753336	-65.839073	-142.364861
46092	8.876769	-3.634925	1.778434	-0.006637	0.009444	-0.015845	-63.737827	-65.845250	-142.385981
46093	8.802027	-3.631687	1.830348	-0.007747	0.000645	-0.018135	-63.734517	-65.853092	-142.394630
46094	8.810804	-3.633384	1.806578	-0.008046	-0.014919	-0.019066	-63.745909	-65.867099	-142.387153
46095	8.862936	-3.650284	1.798753	-0.009896	-0.025732	-0.019176	-63.773402	-65.882209	-142.363386
46096	8.912350	-3.615816	1.703896	-0.013362	-0.027146	-0.013643	-63.804985	-65.896519	-142.337126
46097	8.851209	-3.669401	1.739419	-0.012937	-0.020874	-0.022353	-63.826820	-65.912078	-142.321464
46098	8.869088	-3.595842	1.758683	-0.010104	-0.028865	-0.014836	-63.857904	-65.927426	-142.293712
46099	8.869707	-3.621200	1.733173	-0.015553	-0.027668	-0.008129	-63.897075	-65.937423	-142.260701
46100	8.929352	-3.642627	1.701544	-0.012573	-0.027878	-0.000142	-63.936797	-65.944946	-142.225043
46101	8.857069	-3.616787	1.696578	-0.014919	-0.010842	-0.001688	-63.959809	-65.947425	-142.209326
46102	8.916370	-3.638239	1.666557	0.000449	-0.013547	-0.003130	-63.973884	-65.952870	-142.193586
46103	8.849762	-3.587435	1.740428	-0.008471	0.011571	0.002529	-63.969669	-65.947589	-142.203635
46104	8.833400	-3.607639	1.763820	0.002737	-0.004733	0.005002	-63.976845	-65.946630	-142.194014
46105	8.870782	-3.596113	1.749561	-0.013895	0.018286	0.008221	-63.971126	-65.936772	-142.209107
46106	8.770826	-3.638265	1.824584	-0.008364	-0.017031	0.011632	-64.002568	-65.935489	-142.179875
46107	8.953368	-3.603357	1.672549	-0.009102	-0.019046	0.013812	-64.040208	-65.932163	-142.144467
46108	8.898661	-3.663117	1.686919	-0.008010	0.005436	0.018900	-64.049605	-65.921490	-142.139156
46109	8.852514	-3.647681	1.747599	-0.003032	0.012268	0.016338	-64.049015	-65.909046	-142.141806
46110	8.835845	-3.643139	1.793753	-0.002021	-0.001018	0.022710	-64.064542	-65.898027	-142.126021
46111	8.880479	-3.662168	1.733273	0.000677	-0.007137	0.020372	-64.086355	-65.888399	-142.101793
46112	8.879753	-3.664218	1.732658	-0.005298	-0.004817	0.024911	-64.109331	-65.877192	-142.079900
46113	8.887363	-3.643265	1.731464	-0.001148	-0.012427	0.019229	-64.137551	-65.869498	-142.049789
46114	8.923654	-3.685508	1.671054	-0.003777	0.000597	0.027882	-64.155043	-65.855399	-142.032948
46115	8.922985	-3.661663	1.694074	0.001108	0.010686	0.022810	-64.157303	-65.840113	-142.029863
46116	8.846430	-3.687791	1.724776	0.006091	0.017513	0.020249	-64.145429	-65.825723	-142.039007
46117	8.883485	-3.651316	1.734401	0.004514	0.016745	0.022095	-64.138346	-65.809322	-142.044021
46118	8.817769	-3.630096	1.710498	0.014087	0.013960	0.021865	-64.126888	-65.794986	-142.047689
46119	8.839195	-3.561434	1.788637	0.011308	0.019206	0.030034	-64.117481	-65.773905	-142.050981
46120	8.858388	-3.624506	1.753765	0.012468	0.009567	0.045224	-64.124968	-65.748626	-142.034891
46121	8.842779	-3.624169	1.723882	0.018955	0.012150	0.054994	-64.133031	-65.716473	-142.014209
46122	8.896416	-3.701004	1.728961	0.013167	0.012097	0.056190	-64.143241	-65.684906	-141.994685
46123	8.923292	-3.742459	1.693927	0.019486	0.015163	0.048790	-64.144025	-65.655222	-141.981646
46124	8.854078	-3.746939	1.725484	0.017635	0.028308	0.034748	-64.121334	-65.630658	-141.995417
46125	8.860947	-3.726127	1.728209	0.022607	0.023569	0.021066	-64.095452	-65.613186	-142.009686
46126	8.769503	-3.666581	1.873403	0.017829	0.019886	0.019278	-64.073744	-65.598698	-142.022259
46127	8.822024	-3.688597	1.791642	0.018118	-0.010226	0.019238	-64.087797	-65.590647	-141.995497
46128	8.824254	-3.665780	1.736823	0.017285	-0.008979	0.018903	-64.098975	-65.583579	-141.972300
46129	8.866575	-3.683055	1.753714	0.015307	-0.010486	0.028413	-64.119921	-65.570879	-141.939729
46130	8.895268	-3.695906	1.739360	0.020794	-0.006185	0.020690	-64.126874	-65.562186	-141.918961
46131	8.894505	-3.697634	1.739589	0.011883	-0.002238	0.024565	-64.138237	-65.549424	-141.899062
46132	8.880064	-3.694977	1.708753	0.017720	0.003328	0.022328	-64.137042	-65.537507	-141.889176
46133	8.854852	-3.712969	1.756157	0.017369	0.012231	0.020620	-64.126658	-65.523183	-141.889712
46134	8.824484	-3.703412	1.771978	0.023953	0.005510	0.020767	-64.118560	-65.511526	-141.883485
46135	8.786295	-3.690461	1.810248	0.026324	-0.000494	0.020276	-64.117232	-65.500579	-141.868428
46136	8.761297	-3.708165	1.856922	0.022900	-0.006542	0.020996	-64.123489	-65.491818	-141.847087
46137	8.838853	-3.687854	1.750166	0.026234	-0.021704	0.018548	-64.145186	-65.487072	-141.806774
46138	8.892444	-3.657907	1.712265	0.025407	-0.000109	0.025758	-64.145321	-65.474245	-141.790580
46139	8.879793	-3.732979	1.745594	0.024528	-0.004379	0.026450	-64.152683	-65.461113	-141.767090
46140	8.948317	-3.736387	1.640810	0.029102	0.010467	0.027989	-64.139961	-65.444493	-141.762700
46141	8.847376	-3.751740	1.742264	0.029834	0.045713	0.021450	-64.085039	-65.421432	-141.804345
46142	8.771357	-3.723639	1.821135	0.036414	0.032926	0.009485	-64.032748	-65.408720	-141.838860
46143	8.871102	-3.657762	1.772105	0.036234	0.025144	0.009028	-63.990604	-65.397201	-141.862427
46144	8.799536	-3.708943	1.836869	0.028908	0.029867	0.011046	-63.946987	-65.384431	-141.892138
46145	8.847395	-3.677104	1.748016	0.034295	0.019001	0.013732	-63.915465	-65.372038	-141.905245
46146	8.889305	-3.693788	1.768110	0.024850	0.019977	0.023776	-63.892332	-65.355197	-141.914986
46147	8.887515	-3.721490	1.749256	0.030805	0.036568	0.019442	-63.846288	-65.335446	-141.946274
46148	8.759889	-3.701031	1.810616	0.027949	0.034925	0.021298	-63.803350	-65.316095	-141.975858
46149	8.872674	-3.641155	1.793099	0.029385	0.029312	0.026311	-63.770105	-65.294643	-141.993964
46150	8.846472	-3.659899	1.842341	0.011358	0.025371	0.041940	-63.758797	-65.267090	-141.999203
46151	8.885970	-3.757873	1.794759	0.011557	0.014205	0.042188	-63.761367	-65.241320	-141.989126
46152	8.876294	-3.757697	1.819094	0.006035	0.012627	0.034258	-63.763099	-65.220943	-141.983364
46153	8.906808	-3.774212	1.729211	0.003409	0.014105	0.031768	-63.764694	-65.200563	-141.979498
46154	8.817351	-3.716921	1.796524	0.019048	0.034793	0.033462	-63.733897	-65.174978	-142.001358
46155	8.809454	-3.745126	1.723617	0.026099	0.031609	0.040572	-63.707908	-65.145648	-142.013561
46156	8.745883	-3.722670	1.833813	0.042335	0.050610	0.031295	-63.645177	-65.117146	-142.055922
46157	8.987964	-3.636600	1.729124	0.058059	0.037648	0.054537	-63.601983	-65.079112	-142.066912
46158	8.864533	-3.701582	1.704287	0.057407	0.100032	0.076482	-63.501193	-65.014778	-142.141755
46159	8.651978	-3.832441	1.974608	0.070994	0.088690	0.076438	-63.406833	-64.952458	-142.201044
46160	8.819776	-3.774099	1.825263	0.075126	0.051292	0.053857	-63.337625	-64.912131	-142.229882
46161	8.685707	-3.831060	1.900413	0.043823	0.092279	0.045922	-63.238739	-64.864432	-142.311406
46162	8.961500	-3.707222	1.751692	0.077137	0.029111	0.039459	-63.184962	-64.837162	-142.321944
46163	8.767279	-3.923089	1.830802	0.058668	0.117463	0.044567	-63.050016	-64.783538	-142.433972
46164	8.691057	-3.788874	2.003820	0.092216	0.064705	0.022931	-62.940168	-64.755429	-142.496952
46165	8.853268	-3.594824	1.857361	0.074479	0.070940	0.040332	-62.844870	-64.715920	-142.555187
46166	8.586098	-3.725177	2.184333	0.062842	0.054853	0.057187	-62.781821	-64.672846	-142.585056
46167	8.804317	-3.716287	1.872589	0.054267	-0.002355	0.065533	-62.791190	-64.639662	-142.540324
46168	8.677849	-4.010162	1.982351	0.040954	0.022678	0.047638	-62.770104	-64.609879	-142.537645
46169	8.810793	-3.885232	1.776550	0.064626	-0.011101	0.013680	-62.754210	-64.605410	-142.514289
46170	8.934510	-3.749287	1.804181	0.070027	0.062764	0.014771	-62.655392	-64.581830	-142.579222
46171	8.829458	-3.893208	1.798313	0.090769	0.045793	0.018692	-62.566424	-64.559855	-142.620191
46172	9.133821	-3.648087	1.695899	0.129369	0.109070	0.040825	-62.399026	-64.510670	-142.723458
46173	8.959021	-3.742070	1.770320	0.142580	0.132723	0.094210	-62.230548	-64.427169	-142.819685
46174	8.999059	-3.690345	1.796509	0.177791	0.159955	0.164482	-62.052009	-64.301457	-142.904683
46175	8.593890	-3.668003	2.245637	0.188892	0.148040	0.188697	-61.895598	-64.165823	-142.958248
46176	8.882511	-3.351026	2.312351	0.124365	0.063348	0.222624	-61.882582	-64.036649	-142.893459
46177	8.763539	-3.679387	2.043786	0.007973	0.053754	0.289785	-61.983831	-63.875323	-142.775732
46178	8.753328	-3.909165	2.190143	0.032757	0.024511	0.266414	-62.085741	-63.734352	-142.641195
46179	9.122092	-3.619399	1.983917	-0.028908	-0.014933	0.315938	-62.289663	-63.577912	-142.432168
46180	9.368239	-3.337272	1.992470	-0.048283	-0.023781	0.437276	-62.574171	-63.362556	-142.145051
46181	9.338085	-3.624842	1.867981	-0.140812	0.000690	0.623292	-62.979057	-63.044541	-141.781889
46182	8.314291	-4.638170	2.042877	-0.158840	0.067664	0.587428	-63.299901	-62.727196	-141.523631
46183	8.153125	-3.826620	2.306900	-0.084908	-0.055615	0.519087	-63.661173	-62.475026	-141.171560
46184	8.074413	-4.300906	2.092524	-0.143278	-0.023703	0.471363	-63.994368	-62.239062	-140.888055
46185	8.062055	-4.554591	1.993989	-0.079249	-0.063139	0.370540	-64.278021	-62.063499	-140.618641
46186	8.440394	-4.488719	1.899918	-0.032565	-0.049524	0.276000	-64.473797	-61.933612	-140.417994
46187	8.607049	-4.186185	2.003837	-0.013136	-0.048312	0.246133	-64.642780	-61.817811	-140.234959
46188	8.830825	-3.994772	1.937367	-0.026611	-0.050618	0.296831	-64.842268	-61.676797	-140.025754
46189	8.670057	-4.167934	2.063412	-0.055322	-0.037480	0.344414	-65.065694	-61.506780	-139.807813
46190	8.747017	-4.054814	2.059617	-0.073786	-0.103610	0.397730	-65.382561	-61.325172	-139.495061
46191	8.812955	-4.134015	1.951195	-0.109216	-0.109042	0.466367	-65.751101	-61.107419	-139.145997
46192	8.676320	-4.338917	1.976915	-0.138518	-0.116891	0.511855	-66.156613	-60.867306	-138.773002
46193	8.679710	-4.453203	1.901537	-0.152967	-0.133975	0.527407	-66.587212	-60.620920	-138.379935
46194	8.717777	-4.533586	1.778938	-0.158541	-0.116708	0.548138	-67.005653	-60.359024	-138.003451
46195	8.728616	-4.439935	1.775371	-0.136487	-0.062740	0.592176	-67.372677	-60.059906	-137.670679
46196	8.439246	-4.360868	2.120274	-0.180752	-0.042446	0.650011	-67.760506	-59.725352	-137.342035
46197	8.380286	-4.656926	2.111815	-0.250571	-0.108671	0.787057	-68.290106	-59.330172	-136.894166
46198	8.812825	-4.536975	1.974093	-0.235792	-0.162401	0.933207	-68.896401	-58.866735	-136.344977
46199	9.161465	-4.614326	1.946331	-0.333889	-0.087222	1.058089	-69.517709	-58.317430	-135.841177
46200	9.358589	-5.300836	1.803042	-0.316040	-0.030921	1.181212	-70.099674	-57.688749	-135.368437
46201	9.630707	-4.885646	1.615201	-0.241694	0.052112	1.307677	-70.588305	-56.972862	-134.952516
46202	9.435715	-5.061086	1.919786	-0.289696	0.190053	1.442299	-71.010544	-56.157037	-134.645405
46203	9.208421	-5.314532	2.182627	-0.273544	0.172167	1.492632	-71.435181	-55.315400	-134.321290
46204	8.571027	-5.037423	2.078319	-0.295376	0.156240	1.554146	-71.882361	-54.442396	-133.981445
46205	8.601853	-5.136870	1.947099	-0.342836	0.151241	1.635029	-72.361736	-53.524082	-133.631680
46206	8.402892	-5.478535	1.971534	-0.400873	0.182340	1.700225	-72.846377	-52.563632	-133.312589
46207	8.447992	-5.697747	1.892859	-0.390118	0.162345	1.743947	-73.329414	-51.580480	-132.983628
46208	8.586446	-5.756110	1.786110	-0.407868	0.206336	1.807813	-73.786003	-50.553956	-132.697050
46209	8.389267	-6.104637	1.949024	-0.434621	0.273244	1.869392	-74.208330	-49.481175	-132.470925
46210	8.418725	-6.080992	2.008358	-0.412556	0.318563	1.906185	-74.580450	-48.380549	-132.290838
46211	7.909647	-6.185204	1.800889	-0.421666	0.396216	1.930406	-74.902148	-47.253764	-132.182789
46212	7.492640	-6.423859	1.838067	-0.415570	0.438502	1.927869	-75.185455	-46.122132	-132.120622
46213	7.329487	-6.582499	1.889933	-0.395978	0.467962	1.905334	-75.430710	-44.998197	-132.094935
46214	6.975719	-6.830403	1.929997	-0.396160	0.492704	1.898926	-75.656249	-43.874541	-132.096947
46215	7.048750	-7.101529	1.562985	-0.365355	0.488136	1.850501	-75.856411	-42.778124	-132.110357
46216	6.298812	-7.177250	1.778367	-0.439164	0.427044	1.851544	-76.125896	-41.689960	-132.083733
46217	6.503907	-7.035002	1.926110	-0.381078	0.274317	1.817324	-76.427173	-40.641203	-131.957807
46218	7.519780	-6.785938	2.462516	-0.408509	0.410782	1.777717	-76.668244	-39.596206	-131.946870
46219	6.914588	-7.117831	2.570513	-0.468657	0.555718	1.776554	-76.874609	-38.532575	-132.045525
46220	7.489926	-8.878824	2.196533	-0.547899	0.612903	1.739528	-77.096761	-37.482784	-132.194501
46221	7.426601	-7.845977	2.576081	-0.456472	0.729808	1.689281	-77.213696	-36.446311	-132.434954
46222	7.154498	-6.919585	2.319025	-0.519326	0.877951	1.700332	-77.311640	-35.385519	-132.775165
46223	5.929419	-7.186181	2.250625	-0.625194	0.975920	1.764550	-77.444077	-34.277020	-133.170354
46224	5.920570	-7.544518	2.146435	-0.692531	0.828116	1.825144	-77.682144	-33.154004	-133.456243
46225	5.973597	-7.681180	2.212146	-0.759983	0.737563	1.908591	-78.000900	-31.996311	-133.672809
46226	6.584431	-7.931714	2.409852	-0.815739	0.719804	1.958361	-78.362305	-30.813931	-133.876132
46227	7.275792	-7.917431	2.608353	-0.848172	0.845783	1.983213	-78.703313	-29.604388	-134.163986
46228	6.719975	-7.868017	2.555466	-0.928762	0.973894	2.036347	-79.057003	-28.352289	-134.532260
46229	6.431686	-7.935365	2.329296	-0.990932	0.998831	2.083025	-79.446252	-27.073606	-134.915720
46230	6.489252	-7.967240	2.164020	-1.059204	1.041234	2.132087	-79.870646	-25.765108	-135.325801
46231	6.119678	-8.230278	2.021282	-1.143065	1.089287	2.227068	-80.340245	-24.401596	-135.762397
46232	5.879263	-8.307212	1.721125	-1.184792	1.074367	2.306495	-80.847447	-22.997582	-136.189365
46233	5.336840	-8.340222	1.315149	-1.249366	1.048252	2.392941	-81.406608	-21.551236	-136.601979
46234	4.191877	-8.302171	0.886503	-1.302763	0.945957	2.467334	-82.026707	-20.074564	-136.957493
46235	3.423048	-8.389322	0.320932	-1.317580	0.769375	2.492771	-82.694705	-18.601442	-137.219182
46236	2.571185	-8.021091	0.182841	-1.308510	0.583392	2.529812	-83.394179	-17.122494	-137.382987
46237	2.138388	-7.891639	-0.278877	-1.295425	0.321877	2.562711	-84.129255	-15.643885	-137.407612
46238	3.215705	-5.338588	0.185550	-1.081522	-0.079932	2.373362	-84.796280	-14.295140	-137.224234
46239	3.436746	-5.459742	-0.801362	-1.180884	-0.180646	2.122855	-85.522907	-13.093022	-137.012269
46240	3.032068	-5.439012	0.338043	-0.674708	-0.182780	1.530463	-85.947642	-12.226660	-136.838021
46241	8.464216	1.239006	3.483079	0.200892	-0.481665	0.132910	-85.893151	-12.171615	-136.550666
46242	9.913318	-3.880538	1.926212	0.143506	0.043738	-0.251997	-85.803275	-12.314117	-136.586560
46243	9.346643	-3.373520	2.617030	1.368728	0.177179	-1.321492	-84.982247	-13.062758	-136.752655
46244	7.002008	-0.963463	1.830131	1.454927	0.365883	-1.708941	-84.075922	-14.017776	-137.062944
46245	5.469340	-1.315236	1.005378	1.920878	0.434114	-2.062638	-82.875474	-15.166433	-137.457288
46246	4.676549	-1.799588	0.409240	2.047568	0.441695	-2.120666	-81.585256	-16.336437	-137.888115
46247	4.547668	-1.511537	-0.026360	2.128172	0.328461	-2.140465	-80.249752	-17.520920	-138.285096
46248	5.325142	-1.620852	-0.211775	2.102561	0.241795	-2.202000	-78.925821	-18.737092	-138.668033
46249	6.509309	-1.812713	-0.325504	1.986926	0.188654	-2.339619	-77.653759	-20.031315	-139.069127
46250	7.044642	-1.962712	-0.362655	1.821829	0.171737	-2.557653	-76.449335	-21.437784	-139.522412
46251	6.894037	-2.370167	-0.298562	1.621034	0.187090	-2.766036	-75.319778	-22.952706	-140.052714
46252	6.507977	-3.152172	-0.155075	1.434494	0.231816	-2.846908	-74.253477	-24.492225	-140.659900
46253	6.132184	-3.886886	0.000396	1.267553	0.309000	-2.773775	-73.236826	-25.972963	-141.340277
46254	5.973082	-4.278901	0.069741	1.108666	0.383710	-2.601918	-72.274459	-27.331967	-142.069346
46255	6.017177	-4.586651	0.098279	0.940736	0.478277	-2.396718	-71.369458	-28.556053	-142.849818
46256	6.483126	-4.978150	0.198261	0.780906	0.546073	-2.219363	-70.526369	-29.656282	-143.663048
46257	7.200154	-5.650917	0.488824	0.633592	0.592163	-2.116891	-69.737577	-30.686841	-144.509831
46258	7.571851	-6.389527	0.756222	0.533383	0.620303	-2.085537	-68.975804	-31.680170	-145.390686
46259	7.214619	-7.036890	0.897744	0.504703	0.632492	-2.055710	-68.203418	-32.649885	-146.298125
46260	6.218665	-7.637568	1.009252	0.529694	0.521210	-1.980515	-67.440175	-33.588380	-147.139438
46261	5.201103	-8.087678	1.088954	0.560071	0.241140	-1.856006	-66.752939	-34.519754	-147.793562
46262	4.869040	-8.416866	1.076073	0.527331	-0.173344	-1.706209	-66.241809	-35.456268	-148.157939
46263	5.274876	-8.472723	1.058730	0.413670	-0.587632	-1.553357	-65.966201	-36.411855	-148.223900
46264	5.752461	-8.380137	1.073801	0.230464	-0.921117	-1.426978	-65.946025	-37.373962	-148.037482
46265	6.423077	-8.624240	1.100627	-0.004367	-1.177945	-1.322368	-66.189097	-38.345687	-147.646086
46266	6.878452	-8.778528	1.251399	-0.229863	-1.351939	-1.261338	-66.659771	-39.318294	-147.105456
46267	7.733814	-8.890923	1.284648	-0.494249	-1.459947	-1.233539	-67.355058	-40.301040	-146.462781
46268	9.149186	-9.046314	1.518583	-0.807102	-1.426609	-1.236445	-68.239613	-41.266240	-145.816537
46269	10.353287	-9.804579	1.694655	-1.129711	-1.158819	-1.263562	-69.205211	-42.187198	-145.339601
46270	10.613274	-10.936256	2.095353	-1.372201	-0.751491	-1.308842	-70.123321	-43.040399	-145.144757
46271	10.408229	-12.274821	2.477379	-1.523050	-0.347068	-1.372238	-70.926448	-43.853373	-145.247342
46272	9.811641	-13.285325	2.645796	-1.545227	0.030552	-1.470057	-71.531873	-44.645614	-145.648458
46273	8.719543	-13.493139	2.743348	-1.489011	0.289923	-1.571266	-71.945790	-45.453740	-146.270583
46274	7.770981	-13.433177	2.675752	-1.452124	0.408595	-1.609114	-72.256565	-46.259520	-146.996882
46275	6.831129	-13.407279	2.783081	-1.378891	0.416652	-1.574999	-72.517713	-47.052247	-147.725559
46276	6.075538	-13.306494	2.793491	-1.290726	0.318610	-1.488543	-72.790986	-47.812301	-148.358598
46277	5.411868	-12.872887	2.887178	-1.153888	0.153657	-1.362799	-73.103798	-48.537276	-148.827328
46278	4.573410	-12.871195	2.940985	-1.007337	-0.057033	-1.178537	-73.494923	-49.193819	-149.074283
46279	3.950229	-13.051158	3.178925	-0.781766	-0.364006	-1.027239	-73.986087	-49.820862	-149.018623
46280	4.312515	-12.805785	3.220600	-0.538017	-0.727260	-0.886879	-74.610205	-50.423195	-148.606993
46281	4.729684	-12.389877	3.211550	-0.285217	-0.959716	-0.729777	-75.291661	-50.972612	-147.938648
46282	5.401468	-12.086353	3.074726	-0.020585	-1.136026	-0.637158	-75.976120	-51.488145	-147.075855
46283	6.005620	-11.902542	2.916562	0.243851	-1.173332	-0.607570	-76.561776	-51.988032	-146.153053
46284	6.291049	-11.480260	2.694583	0.482040	-1.152565	-0.614434	-77.011949	-52.482080	-145.234182
46285	6.129655	-11.106490	2.583908	0.652198	-1.126303	-0.628816	-77.362398	-52.978041	-144.325146
46286	5.931397	-10.564980	2.403497	0.777888	-1.134790	-0.662307	-77.656851	-53.489528	-143.401168
46287	5.696870	-9.836686	2.250789	0.825721	-1.146735	-0.694366	-77.947356	-54.018180	-142.455136
46288	5.618440	-9.135342	2.031786	0.851217	-1.129729	-0.745028	-78.218607	-54.569884	-141.520436
46289	5.607337	-8.715385	1.909308	0.826049	-1.073619	-0.783168	-78.474619	-55.134080	-140.629190
46290	5.664227	-8.384107	1.836563	0.789097	-0.978249	-0.801899	-78.687854	-55.695773	-139.820976
46291	5.637090	-8.016757	1.786612	0.745425	-0.844256	-0.780211	-78.836564	-56.228534	-139.126683
46292	5.458942	-7.667084	1.763633	0.683091	-0.703339	-0.720499	-78.922212	-56.711682	-138.554381
46293	5.244774	-7.267061	1.656159	0.607789	-0.567672	-0.634515	-78.959350	-57.130521	-138.094909
46294	5.008917	-7.020298	1.570850	0.528268	-0.456129	-0.529599	-78.966269	-57.478734	-137.726978
46295	4.935993	-6.848343	1.468591	0.463076	-0.364827	-0.420969	-78.953961	-57.754794	-137.427713
46296	4.754874	-6.569448	1.331927	0.414002	-0.304481	-0.302260	-78.936879	-57.958568	-137.167693
46297	4.613898	-6.302631	1.210461	0.369911	-0.292767	-0.161312	-78.962558	-58.080402	-136.887815
46298	4.496960	-5.970880	1.199003	0.333498	-0.326610	-0.001739	-79.066784	-58.117394	-136.539923
46299	4.544551	-5.601162	1.187266	0.301680	-0.393926	0.153027	-79.278754	-58.072347	-136.086811
46300	4.853410	-5.406400	1.130167	0.277073	-0.450976	0.295194	-79.576881	-57.953843	-135.548101
46301	5.258978	-5.346467	1.152756	0.278909	-0.498112	0.416803	-79.933892	-57.768025	-134.937883
46302	5.646715	-5.326683	1.242107	0.287432	-0.539795	0.499096	-80.328225	-57.539649	-134.276143
46303	6.094879	-5.230407	1.291476	0.299606	-0.560596	0.536665	-80.733377	-57.287433	-133.591622
46304	6.664450	-5.313138	1.276156	0.319319	-0.540446	0.531906	-81.099225	-57.035721	-132.938395
46305	6.942227	-5.280134	1.193466	0.341020	-0.473977	0.501536	-81.384739	-56.791181	-132.364408
46306	6.954618	-5.083724	1.054575	0.362256	-0.391197	0.444860	-81.572345	-56.572659	-131.891469
46307	6.904959	-4.910453	0.978324	0.350716	-0.323317	0.390997	-81.698871	-56.376020	-131.498583
46308	6.912180	-5.024171	0.909890	0.335734	-0.265018	0.350323	-81.775435	-56.199543	-131.175243
46309	6.873733	-5.141785	0.884394	0.330991	-0.190669	0.325323	-81.787995	-56.028699	-130.931570
46310	6.572958	-5.211132	0.839052	0.331615	-0.120202	0.303208	-81.736151	-55.866972	-130.764771
46311	6.207656	-5.326085	0.809305	0.336152	-0.075959	0.296675	-81.644483	-55.703035	-130.642591
46312	5.809563	-5.503199	0.753344	0.347101	-0.060919	0.313359	-81.534909	-55.530868	-130.534336
46313	5.402340	-5.702511	0.673117	0.349352	-0.106972	0.362019	-81.468640	-55.332648	-130.371590
46314	5.133763	-5.907280	0.606550	0.357748	-0.187665	0.446744	-81.471852	-55.095800	-130.118053
46315	5.029337	-6.405287	0.634072	0.362944	-0.300096	0.558930	-81.575014	-54.802088	-129.737843
46316	5.075677	-6.814991	0.722541	0.408028	-0.422672	0.711042	-81.762202	-54.434416	-129.221464
46317	5.219767	-7.078386	0.877136	0.471236	-0.539704	0.898098	-82.018666	-53.966036	-128.572143
46318	5.476722	-7.202943	1.048805	0.544516	-0.635389	1.067846	-82.311366	-53.409869	-127.821688
46319	5.757231	-7.061219	1.145247	0.616969	-0.711662	1.181047	-82.615631	-52.789644	-126.998847
46320	5.955672	-6.987275	1.172328	0.662426	-0.763777	1.205951	-82.915058	-52.159613	-126.142692
46321	6.332325	-7.071609	1.177597	0.675813	-0.808821	1.154244	-83.216262	-51.555987	-125.266944
46322	6.665467	-7.276330	1.155399	0.671014	-0.832703	1.055904	-83.510608	-51.010506	-124.396909
46323	6.842922	-7.486595	1.221414	0.643583	-0.816600	0.957157	-83.786221	-50.513982	-123.564398
46324	6.732800	-7.656684	1.197695	0.630185	-0.774808	0.886301	-84.021885	-50.056499	-122.788601
46325	6.399606	-7.896792	1.299526	0.595320	-0.706353	0.895463	-84.220206	-49.584197	-122.081868
46326	6.192162	-8.146615	1.362936	0.599737	-0.620773	0.983348	-84.353992	-49.059300	-121.452306
46327	6.089120	-8.120126	1.458957	0.596340	-0.497828	1.166077	-84.410643	-48.418727	-120.921535
46328	5.886157	-7.852293	1.349135	0.571292	-0.378147	1.375858	-84.408871	-47.655591	-120.483662
46329	5.691633	-7.427213	1.009715	0.512381	-0.264460	1.529314	-84.370889	-46.794587	-120.134418
46330	78.510692	-22.407983	0.017492	1.952496	-2.315729	-4.775057	-84.431796	-49.647393	-118.552711
46331	-4.317786	26.556988	-3.851729	0.712885	10.510307	-4.802204	-76.246809	-51.353023	-128.618124
46332	1.773431	-26.459904	11.292193	-4.230864	5.021674	-2.568025	-74.675481	-52.055918	-133.708370
46333	9.173003	-11.648000	-8.910459	4.418631	1.194479	-4.788973	-70.159001	-54.463111	-136.183372
46334	-11.363704	-2.410607	-3.677965	-1.311626	3.133202	-2.496417	-67.806359	-55.155187	-139.981259
46335	9.676770	-17.581832	9.290785	2.669028	-3.819573	-2.900970	-68.397441	-57.511627	-137.434059
46336	29.141858	7.140842	-4.838713	2.662005	-0.413356	-4.078001	-65.736520	-59.756243	-138.763573
46337	7.451952	-5.770730	8.501177	-1.275292	3.272059	-0.809214	-63.249870	-59.365458	-142.495128
46338	8.578939	-6.960043	6.742408	2.302000	-1.894525	-1.781784	-62.807225	-60.768072	-141.483888
46339	15.290178	2.201181	0.718071	0.614606	-0.349447	-1.211860	-62.197670	-61.474300	-141.777693
46340	6.288647	-4.752607	3.044730	-0.473549	0.998100	-0.272934	-61.409017	-61.342343	-142.984828
46341	7.865094	-4.498373	3.684733	0.464262	-0.777296	-0.725508	-61.501357	-61.918592	-142.577453
46342	11.124561	-2.615992	1.240386	0.043806	-0.286606	-0.420929	-61.531900	-62.209324	-142.514425
46343	8.313029	-4.657427	2.347199	-0.134896	0.022907	-0.239944	-61.464093	-62.322237	-142.678208
46344	9.424905	-3.952632	1.789843	0.073703	-0.321654	-0.278038	-61.587076	-62.550572	-142.491798
46345	9.519481	-3.620669	1.928148	-0.041014	-0.054590	-0.073678	-61.626589	-62.600939	-142.473613
46346	8.431572	-4.657306	2.088054	-0.016145	-0.046526	-0.140053	-61.607807	-62.684645	-142.505128
46347	8.793707	-3.730745	2.166222	-0.022172	-0.133424	-0.150358	-61.673377	-62.795139	-142.445523
46348	8.621266	-3.745820	2.278622	-0.043163	-0.087340	-0.123369	-61.719026	-62.881537	-142.421965
46349	8.475345	-3.970110	2.148156	-0.103465	-0.138176	-0.100879	-61.863022	-62.968288	-142.326679
46350	8.492095	-4.469239	2.046138	0.120458	-0.283460	-0.117453	-62.013871	-63.104509	-142.079951
46351	9.523961	-3.604285	1.503370	0.017028	-0.136396	-0.130692	-62.072843	-63.205651	-142.002768
46352	8.369111	-4.035868	2.319190	-0.035319	0.029298	-0.094793	-62.013610	-63.246190	-142.091734
46353	8.804728	-3.819673	2.036464	0.008991	-0.128052	-0.092187	-62.089780	-63.325633	-142.000550
46354	8.750119	-3.948122	1.980279	-0.023030	-0.035152	-0.083561	-62.094170	-63.377803	-142.010356
46355	8.726702	-3.875143	2.032047	0.009068	-0.067555	-0.073099	-62.119902	-63.431338	-141.975624
46356	8.627708	-3.769711	2.155392	-0.018742	-0.042496	-0.060883	-62.141471	-63.473992	-141.963471
46357	8.433652	-3.865319	2.253679	-0.034817	-0.094094	-0.057516	-62.227930	-63.526713	-141.889003
46358	8.576792	-3.896927	2.088307	-0.043147	-0.138774	-0.064187	-62.360227	-63.596674	-141.768816
46359	9.075740	-3.921173	1.757255	-0.026452	-0.159405	-0.037378	-62.520373	-63.656322	-141.606818
46360	8.819847	-3.807275	1.922578	-0.031882	-0.040168	-0.025299	-62.566796	-63.680228	-141.575357
46361	8.561029	-3.930629	2.082823	-0.027408	-0.076890	-0.026570	-62.649162	-63.712442	-141.500839
46362	8.891117	-3.832709	1.858784	-0.008900	-0.085653	-0.020822	-62.731914	-63.745989	-141.414195
46363	8.831986	-3.909554	1.925111	-0.017756	-0.025069	-0.008064	-62.765389	-63.755106	-141.388056
46364	8.638934	-3.880476	2.005579	-0.009671	-0.023213	-0.007551	-62.791310	-63.765468	-141.365289
46365	8.727715	-3.916724	1.962171	-0.005294	-0.034377	-0.012278	-62.825077	-63.779163	-141.330870
46366	8.700676	-3.876336	1.994214	-0.010198	-0.031598	-0.019049	-62.853922	-63.797569	-141.305185
46367	8.677773	-3.813840	1.970475	-0.013819	-0.041574	-0.009865	-62.901390	-63.811896	-141.260949
46368	8.765707	-3.877184	1.903894	-0.008597	-0.044514	-0.004922	-62.950301	-63.826446	-141.211889
46369	8.786845	-3.911717	1.887744	-0.010304	-0.027623	-0.008606	-62.982024	-63.836477	-141.182961
46370	8.724165	-3.935446	1.946358	0.004038	-0.020473	-0.012261	-62.994898	-63.848493	-141.165994
46371	8.813884	-3.894916	1.838250	0.004698	-0.005647	-0.024659	-62.986710	-63.860998	-141.171960
46372	8.714898	-3.873919	1.957541	0.002836	0.013692	-0.025095	-62.957931	-63.870672	-141.202160
46373	8.677526	-3.881736	1.972980	0.000394	0.004760	-0.032934	-62.936970	-63.884693	-141.225101
46374	8.708991	-3.864353	1.981131	0.002716	-0.004499	-0.030769	-62.924133	-63.901995	-141.237617
46375	8.728296	-3.816508	1.978691	0.001148	-0.008426	-0.026370	-62.919926	-63.916103	-141.241416
46376	8.700045	-3.802524	1.991124	-0.000976	-0.018461	-0.013239	-62.933081	-63.928102	-141.227345
46377	8.768264	-3.803990	1.960806	-0.003721	-0.028173	0.003520	-62.968173	-63.932111	-141.190496
46378	8.791634	-3.844346	1.868771	-0.007877	-0.021159	0.014789	-63.003038	-63.930499	-141.156660
46379	8.807702	-3.903001	1.909501	-0.006932	-0.016907	0.014014	-63.033798	-63.926214	-141.126683
46380	8.824231	-3.886042	1.885414	0.003502	0.008271	0.019386	-63.033861	-63.914595	-141.124333
46381	8.747721	-3.881351	1.937597	0.008121	0.016071	0.014522	-63.021865	-63.901487	-141.132358
46382	8.780174	-3.872268	1.870262	0.008271	0.013622	0.011277	-63.009322	-63.892618	-141.141002
46383	8.745145	-3.909979	1.919578	0.007401	0.026043	0.010499	-62.985250	-63.878975	-141.162942
46384	8.711128	-3.920490	1.990939	0.008990	0.022017	0.003975	-62.959703	-63.871644	-141.185613
46385	8.706594	-3.893760	1.960760	0.010366	0.026872	-0.004407	-62.925196	-63.865381	-141.217288
46386	8.664886	-3.849968	1.967207	0.012753	0.029547	-0.008463	-62.883078	-63.862418	-141.256017
46387	8.641251	-3.809952	2.059209	0.004453	0.018202	0.000491	-62.863599	-63.855907	-141.274729
46388	8.702661	-3.839126	1.955992	0.000978	0.001036	0.001776	-62.863313	-63.855161	-141.274377
46389	8.685362	-3.857887	1.979673	-0.005965	0.002497	0.004468	-62.868221	-63.850728	-141.272570
46390	8.704493	-3.920038	1.945330	0.001321	-0.002342	0.002513	-62.871639	-63.850490	-141.267873
46391	8.714427	-3.870684	1.966020	-0.001945	0.002667	0.001115	-62.872281	-63.847723	-141.268252
46392	8.713507	-3.897467	1.944352	0.002257	-0.002829	-0.002929	-62.872773	-63.850387	-141.266218
46393	8.677281	-3.853550	2.002505	0.006882	0.004969	-0.007795	-62.861227	-63.851565	-141.274541
46394	8.656357	-3.844746	1.993733	0.010017	-0.005543	-0.005271	-62.858843	-63.856132	-141.270758
46395	8.753538	-3.858412	1.951712	0.006652	-0.009252	-0.002994	-62.864742	-63.858580	-141.259792
46396	8.690248	-3.882704	2.011972	0.004234	-0.008711	-0.001492	-62.870978	-63.862048	-141.250097
46397	8.715925	-3.867916	1.964829	0.003557	-0.014648	-0.009750	-62.880660	-63.869352	-141.236894
46398	8.720632	-3.893482	1.996484	-0.001000	-0.010513	-0.011111	-62.886653	-63.878195	-141.230811
46399	8.679096	-3.876175	1.977005	-0.004568	-0.018034	-0.017481	-62.900405	-63.890326	-141.218259
46400	8.679384	-3.901384	1.953142	-0.001470	-0.030067	-0.022182	-62.921147	-63.909917	-141.196053
46401	8.729112	-3.839679	1.956342	-0.002725	-0.034155	-0.019598	-62.949553	-63.927326	-141.166014
46402	8.790835	-3.808816	1.969974	0.004517	-0.023084	-0.017326	-62.962228	-63.942612	-141.148976
46403	8.668118	-3.861228	2.012491	-0.011646	-0.026817	-0.018339	-62.988805	-63.957468	-141.126667
46404	8.770176	-3.851597	1.912221	-0.000577	-0.037745	-0.016752	-63.020077	-63.976267	-141.092186
46405	8.787446	-3.858507	1.864541	-0.000700	-0.015410	-0.017611	-63.028885	-63.987781	-141.082676
46406	8.733991	-3.858914	1.923562	0.003291	-0.007285	-0.018850	-63.024993	-63.999730	-141.084863
46407	8.752746	-3.811936	1.921447	0.012512	-0.002092	-0.015143	-63.013617	-64.006530	-141.089392
46408	8.728168	-3.824911	1.967968	0.006077	-0.001726	-0.010277	-63.006872	-64.012656	-141.092976
46409	8.710451	-3.869708	1.969792	0.005221	-0.007669	0.000272	-63.013727	-64.013043	-141.081870
46410	8.758078	-3.836009	1.953664	0.012117	-0.010646	-0.009657	-63.013195	-64.021172	-141.074692
46411	8.719383	-3.872609	1.945759	-0.002869	-0.014277	-0.004903	-63.028848	-64.025921	-141.058956
46412	8.758316	-3.861403	1.929578	0.001957	-0.020092	-0.012593	-63.042487	-64.038002	-141.042492
46413	8.729983	-3.848004	1.941373	-0.004524	-0.021251	-0.014949	-63.061063	-64.049692	-141.024562
46414	8.722074	-3.869327	1.940220	-0.003555	-0.024951	-0.017850	-63.080190	-64.065715	-141.005510
46415	8.770630	-3.834519	1.921837	-0.008247	-0.031062	-0.022760	-63.107083	-64.083936	-140.980709
46416	8.733774	-3.843300	1.933627	-0.006288	-0.028987	-0.019210	-63.131351	-64.101693	-140.957688
46417	8.752085	-3.823156	1.907232	-0.007617	-0.026647	-0.021725	-63.153849	-64.118238	-140.937377
46418	8.772768	-3.883016	1.870463	-0.003442	-0.024182	-0.023664	-63.169106	-64.137022	-140.922567
46419	8.646316	-3.823259	2.023394	-0.011727	-0.005248	-0.032232	-63.165826	-64.153407	-140.933526
46420	8.676564	-3.859124	1.985730	-0.007728	-0.039159	-0.045564	-63.187697	-64.187258	-140.914100
46421	8.734356	-3.826189	1.943178	-0.024905	-0.040736	-0.050895	-63.219520	-64.222354	-140.894447
46422	8.668986	-3.847433	1.944432	-0.032544	-0.061889	-0.054952	-63.274840	-64.266860	-140.853682
46423	8.724975	-3.809361	1.975781	-0.037538	-0.072571	-0.062766	-63.341596	-64.316210	-140.803300
46424	8.743747	-3.839973	1.900588	-0.041644	-0.078251	-0.058319	-63.418151	-64.366600	-140.744795
46425	8.876713	-3.762587	1.715356	-0.012008	-0.066021	-0.061400	-63.464433	-64.413522	-140.700933
46426	9.042934	-3.613395	1.716731	0.002814	-0.004649	-0.013836	-63.460826	-64.422233	-140.703099
46427	8.769935	-3.866443	1.877756	-0.001227	0.017303	0.005776	-63.447749	-64.413419	-140.718221
46428	8.832435	-3.841633	1.817608	0.009210	0.005212	0.003709	-63.439303	-64.410611	-140.721688
46429	8.847249	-3.792047	1.893992	0.006848	0.019192	0.006264	-63.419867	-64.401063	-140.738736
46430	8.799706	-3.825837	1.911491	0.005767	0.012653	0.005591	-63.406448	-64.395382	-140.749905
46431	8.714277	-3.870296	1.942601	-0.008689	-0.001570	0.003149	-63.416453	-64.392758	-140.744180
46432	8.758832	-3.757103	1.936051	-0.010289	-0.023686	0.001821	-63.449076	-64.398323	-140.714496
46433	8.690909	-3.783225	1.939898	-0.022937	-0.033390	0.006193	-63.502898	-64.402278	-140.669232
46434	8.959394	-3.741614	1.733483	-0.006661	-0.038522	0.027848	-63.563222	-64.398259	-140.606528
46435	8.836042	-3.772621	1.799261	-0.002718	0.008415	0.041358	-63.579414	-64.373494	-140.590145
46436	8.933895	-3.768016	1.703279	0.030849	0.022306	0.061001	-63.570724	-64.336935	-140.580132
46437	8.775975	-3.944952	1.791553	0.036882	0.084026	0.066034	-63.496718	-64.280231	-140.638663
46438	8.581136	-3.943358	1.994313	0.058955	0.061655	0.039023	-63.418531	-64.244872	-140.687916
46439	8.714865	-3.845240	1.899811	0.063359	0.052980	0.018632	-63.337594	-64.220338	-140.737338
46440	8.713438	-3.760797	2.047970	0.049765	0.039045	0.023764	-63.280792	-64.198554	-140.768709
46441	8.790673	-3.746331	1.945584	0.036314	0.020207	0.041236	-63.262226	-64.170859	-140.766077
46442	8.732646	-3.805766	1.964167	0.013431	-0.002903	0.051037	-63.285170	-64.145918	-140.731987
46443	8.906513	-3.732653	1.749640	0.028935	0.001937	0.068659	-63.304621	-64.108900	-140.691797
46444	8.846017	-4.030607	1.761199	0.045369	0.046045	0.072634	-63.269044	-64.060296	-140.702405
46445	8.911035	-3.934991	1.696529	0.084365	0.091997	0.065435	-63.160444	-64.001712	-140.769302
46446	8.682689	-3.915116	1.993567	0.091510	0.112716	0.059961	-63.022333	-63.942279	-140.864606
46447	8.765942	-3.906441	1.877420	0.111789	0.092762	0.051152	-62.890492	-63.890657	-140.939961
46448	8.815276	-3.934167	1.810033	0.116849	0.126560	0.052084	-62.720308	-63.831405	-141.054910
46449	8.759132	-3.771549	2.091266	0.111798	0.121421	0.061921	-62.565541	-63.766583	-141.155899
46450	8.665839	-3.984794	1.930829	0.125919	0.117581	0.060387	-62.405100	-63.705207	-141.254312
46451	8.867494	-3.618864	2.052224	0.101741	0.101561	0.089292	-62.292348	-63.631547	-141.314969
46452	8.853017	-3.868960	1.872817	0.137369	0.098421	0.110656	-62.173032	-63.549608	-141.360262
46453	8.765517	-4.026641	1.942293	0.107138	0.155940	0.132573	-62.026286	-63.439363	-141.455550
46454	8.557293	-3.992331	2.195416	0.151083	0.120329	0.090257	-61.867168	-63.361736	-141.536646
46455	8.861204	-3.486828	2.270779	0.088477	0.076446	0.092809	-61.791289	-63.292867	-141.564736
46456	9.017925	-3.550142	2.056525	-0.002990	0.042314	0.178591	-61.846836	-63.191656	-141.504399
46457	9.062992	-3.946083	1.867146	-0.009904	0.074166	0.251615	-61.914223	-63.043216	-141.435110
46458	8.873709	-3.853869	2.182940	-0.018069	0.101211	0.280290	-61.972674	-62.874653	-141.381062
46459	8.819944	-3.516154	2.282889	-0.048221	0.037600	0.348645	-62.146859	-62.686846	-141.216164
46460	8.592775	-4.026400	2.143896	-0.144385	0.028287	0.412794	-62.414346	-62.470369	-141.007970
46461	8.572565	-3.576528	2.778881	-0.111245	-0.003203	0.372090	-62.670524	-62.280818	-140.790671
46462	8.866100	-3.991307	1.737794	-0.231661	-0.144204	0.539972	-63.209481	-62.043320	-140.331236
46463	8.569204	-4.302553	2.098375	-0.193950	-0.031405	0.522537	-63.603254	-61.782457	-140.010739
46464	8.626762	-4.231573	1.958762	-0.154664	-0.056254	0.519870	-63.989680	-61.529862	-139.672316
46465	8.367111	-4.352915	2.089690	-0.175515	-0.022792	0.513313	-64.348156	-61.269620	-139.378439
46466	8.325542	-4.223297	2.167827	-0.138857	-0.062523	0.483881	-64.703283	-61.035162	-139.063783
46467	8.408404	-4.264121	2.058868	-0.161091	-0.084631	0.481603	-65.086296	-60.804632	-138.731001
46468	8.270938	-4.496867	1.990676	-0.157951	-0.061111	0.468820	-65.434062	-60.575746	-138.435919
46469	8.367845	-4.588408	2.055559	-0.132438	-0.084947	0.425891	-65.767378	-60.372379	-138.139919
46470	8.555393	-4.324843	1.893361	-0.121817	-0.090282	0.429285	-66.095917	-60.169314	-137.841912
46471	8.465465	-4.461219	2.008657	-0.146796	-0.037644	0.457510	-66.398717	-59.936820	-137.589375
46472	8.440950	-4.441267	2.140583	-0.166425	-0.066124	0.467879	-66.737553	-59.706333	-137.307671
46473	8.823161	-4.196408	2.124093	-0.180697	-0.112536	0.535423	-67.147795	-59.448067	-136.951828
46474	9.079575	-4.321833	1.927289	-0.256279	-0.060147	0.709702	-67.611586	-59.086383	-136.583043
46475	8.839178	-4.919929	2.056680	-0.312421	0.038066	0.870159	-68.069275	-58.615229	-136.257242
46476	9.213599	-4.927710	1.984945	-0.262342	-0.006392	0.993999	-68.566860	-58.087762	-135.849257
46477	9.943541	-4.875817	1.863480	-0.257346	0.072782	1.165637	-69.036563	-57.448845	-135.468129
46478	10.028964	-5.034731	1.893546	-0.278716	0.201689	1.386119	-69.464083	-56.665631	-135.148949
46479	10.469317	-5.137823	2.481439	-0.295326	0.220343	1.571975	-69.924389	-55.776064	-134.798592
46480	10.373004	-4.585037	2.380244	-0.306594	0.171942	1.865063	-70.488526	-54.737627	-134.325811
46481	10.473601	-4.814198	2.269591	-0.413951	0.247567	2.180390	-71.109218	-53.510319	-133.852364
46482	9.518276	-4.952760	2.140747	-0.467143	0.361790	2.424681	-71.702219	-52.127886	-133.444006
46483	8.402155	-5.673078	2.174341	-0.538693	0.385792	2.511807	-72.305079	-50.690171	-133.067456
46484	8.586689	-6.226676	1.915568	-0.431785	0.359311	2.479096	-72.825740	-49.273709	-132.710627
46485	7.650159	-6.180909	1.616886	-0.426523	0.506747	2.429219	-73.216374	-47.857148	-132.515381
46486	7.057713	-6.645671	1.766386	-0.380935	0.533363	2.298814	-73.525700	-46.508040	-132.391197
46487	6.852720	-6.573117	1.791797	-0.296531	0.598941	2.092586	-73.705236	-45.260368	-132.377616
46488	5.959649	-6.665431	1.640044	-0.303347	0.678183	1.916734	-73.814099	-44.097694	-132.469921
46489	5.392868	-6.741129	1.588976	-0.232285	0.615724	1.730206	-73.887514	-43.046717	-132.556358
46490	5.238967	-6.497406	1.592262	-0.191966	0.596460	1.551901	-73.922547	-42.098033	-132.667091
46491	4.783520	-6.774284	1.993346	-0.195164	0.583357	1.373140	-73.942718	-41.248782	-132.804827
46492	4.771685	-6.919944	1.976766	-0.174357	0.520160	1.145923	-73.952030	-40.535786	-132.943140
46493	4.533043	-7.378954	2.037577	-0.219265	0.457301	0.975189	-73.995520	-39.925564	-133.070195
46494	4.609079	-7.260069	2.023222	-0.174385	0.334482	0.811878	-74.049027	-39.425990	-133.142820
46495	5.116002	-7.643339	1.645057	-0.156729	0.323696	0.670624	-74.079797	-39.004572	-133.236052
46496	4.406015	-7.141236	1.497774	-0.126616	0.251882	0.597985	-74.116399	-38.635901	-133.293323
46497	5.558843	-7.487021	1.514865	-0.091476	0.203185	0.531981	-74.146544	-38.309734	-133.329047
46498	5.930427	-7.787394	1.838868	-0.057469	0.172521	0.529406	-74.170010	-37.991322	-133.344296
46499	6.280449	-7.555754	1.779080	-0.029293	0.171037	0.552362	-74.181152	-37.658933	-133.353502
46500	6.939934	-7.932379	2.041957	-0.008521	0.175612	0.604857	-74.184423	-37.298451	-133.356083
46501	7.461754	-8.009190	2.130761	0.010967	0.234213	0.681721	-74.161657	-36.884937	-133.383484
46502	7.377336	-7.961095	2.118780	0.033415	0.321576	0.773026	-74.100941	-36.408904	-133.453058
46503	7.419119	-7.942709	2.245618	0.034936	0.370190	0.883608	-74.034073	-35.862867	-133.532641
46504	7.675940	-7.903119	2.420116	0.040233	0.414444	1.006446	-73.961670	-35.243480	-133.617442
46505	7.528895	-7.884478	2.465298	0.020366	0.508994	1.125749	-73.879731	-34.542115	-133.740459
46506	7.408928	-7.932107	2.597427	0.004055	0.561098	1.247828	-73.803064	-33.766318	-133.872802
46507	7.461316	-7.892785	2.662544	-0.024445	0.637543	1.352886	-73.729410	-32.919333	-134.032482
46508	7.073791	-7.889173	2.638950	-0.047545	0.733309	1.435798	-73.647243	-32.012170	-134.236216
46509	6.664891	-7.727517	2.563290	-0.062440	0.824801	1.498390	-73.554023	-31.054742	-134.483064
46510	6.100470	-7.672868	2.463329	-0.092257	0.913807	1.537544	-73.458277	-30.061776	-134.775265
46511	5.340413	-7.568394	2.299147	-0.103939	0.977344	1.567273	-73.359342	-29.041039	-135.096825
46512	4.527426	-7.615205	2.100627	-0.126721	0.986390	1.585038	-73.279495	-28.009254	-135.415973
46513	3.979767	-7.809548	2.043979	-0.114487	0.952231	1.580641	-73.209464	-26.984599	-135.710017
46514	3.800458	-7.973053	1.980593	-0.098041	0.896700	1.562144	-73.149766	-25.979560	-135.969765
46515	3.338418	-7.908108	1.919296	-0.078204	0.872935	1.536438	-73.088724	-24.991744	-136.216193
46516	2.887843	-8.132740	2.013002	-0.056424	0.800150	1.492575	-73.034757	-24.040478	-136.424052
46517	2.689559	-8.211359	2.016910	-0.051025	0.695621	1.464981	-73.005090	-23.121025	-136.571898
46518	2.643559	-8.339632	2.124647	-0.042524	0.566156	1.438910	-73.000611	-22.238162	-136.646593
46519	3.682251	-8.393201	2.509568	-0.014359	0.508626	1.410750	-72.992438	-21.379591	-136.691533
46520	4.406000	-8.269653	2.815579	-0.004695	0.599776	1.388512	-72.958573	-20.518667	-136.793655
46521	4.344853	-8.306045	2.836655	-0.018789	0.737147	1.387950	-72.907573	-19.634190	-136.974444
46522	4.024359	-8.369937	2.821668	-0.029861	0.828068	1.407263	-72.849592	-18.724329	-137.202878
46523	3.577967	-8.365387	2.728809	-0.044989	0.894524	1.427784	-72.793988	-17.791219	-137.463537
46524	3.172126	-8.477689	2.584050	-0.058450	0.892524	1.463502	-72.752669	-16.839248	-137.714735
46525	2.764158	-8.567825	2.510286	-0.086390	0.831436	1.526038	-72.745200	-15.862854	-137.918121
46526	2.675731	-8.491533	2.501552	-0.093230	0.711092	1.578133	-72.765377	-14.878900	-138.043365
46527	2.684251	-8.137228	2.328372	-0.072184	0.574805	1.616333	-72.796800	-13.896755	-138.084618
46528	2.595141	-7.324411	2.223394	-0.037570	0.420208	1.621286	-72.828966	-12.938551	-138.038590
46529	3.155729	-5.641975	2.064318	0.092070	0.207167	1.436846	-72.805493	-12.116991	-137.905158
46530	4.489602	-2.376956	1.874226	0.193217	-0.044170	1.124557	-72.739773	-11.509454	-137.685213
46531	4.209768	-0.655315	1.696704	0.180905	0.007837	0.799407	-72.662789	-11.071183	-137.550339
46532	4.054102	1.014075	1.347474	0.196070	-0.294463	0.555196	-72.599965	-10.818335	-137.289320
46533	5.374798	-1.777860	1.819036	0.019602	-0.384904	0.339357	-72.639895	-10.699536	-137.015747
46534	9.290603	-3.289469	2.026598	0.623903	-0.507382	-0.432965	-72.321302	-11.023999	-136.809212
46535	11.076737	-1.010465	2.632170	0.618137	-0.252301	-1.229078	-71.951342	-11.740340	-136.889184
46536	10.149150	-2.205285	2.649098	0.781751	0.040305	-1.973288	-71.421377	-12.806823	-137.274892
46537	9.282757	-1.862115	2.419947	0.950573	0.184561	-2.569643	-70.737918	-14.168301	-137.868967
46538	7.230516	-2.351131	2.229889	0.998175	0.293517	-2.901412	-69.974834	-15.677819	-138.610922
46539	5.460155	-2.612721	2.030034	1.054724	0.167505	-3.066597	-69.161749	-17.294760	-139.344917
46540	4.596789	-2.963037	1.857555	1.034660	-0.001405	-3.022876	-68.364078	-18.909829	-140.003869
46541	4.583593	-3.122507	1.830704	1.001302	-0.184545	-2.904181	-67.601263	-20.496494	-140.563095
46542	5.573344	-3.160376	1.800793	0.891985	-0.276980	-2.779177	-66.907590	-22.026786	-141.066396
46543	6.801648	-3.312639	1.926371	0.753638	-0.275806	-2.737660	-66.274017	-23.533849	-141.585961
46544	7.713595	-3.740909	2.112118	0.554657	-0.196909	-2.777734	-65.710601	-25.034025	-142.182995
46545	8.197189	-4.305277	2.102109	0.381383	-0.122584	-2.877837	-65.190636	-26.568476	-142.874157
46546	8.315549	-4.788553	1.937970	0.178831	0.001509	-2.933646	-64.720087	-28.091378	-143.675703
46547	8.195983	-5.081396	2.020023	-0.023216	0.089528	-2.947899	-64.306262	-29.600026	-144.559765
46548	8.286075	-5.639189	2.063758	-0.242523	0.140929	-2.937174	-63.973138	-31.079623	-145.494184
46549	8.442485	-6.376857	2.205752	-0.446332	0.147157	-2.928218	-63.721625	-32.555007	-146.455217
46550	8.568234	-7.315260	2.558216	-0.579027	0.128050	-2.921465	-63.522011	-34.022470	-147.423229
46551	8.783940	-8.312358	2.746766	-0.617769	0.084909	-2.939134	-63.321100	-35.513655	-148.395330
46552	8.638671	-9.088261	2.973140	-0.596759	0.052727	-2.935291	-63.087269	-37.001709	-149.368710
46553	8.004199	-9.608827	2.979644	-0.542840	-0.011434	-2.876674	-62.820999	-38.479722	-150.311144
46554	7.223516	-9.734339	2.961593	-0.519272	-0.106425	-2.709581	-62.582450	-39.887726	-151.159501
46555	6.958668	-9.841790	2.867740	-0.528269	-0.207394	-2.436990	-62.422215	-41.188083	-151.871247
46556	6.889341	-9.876791	2.790941	-0.580033	-0.244571	-2.105710	-62.366472	-42.322593	-152.453912
46557	7.189250	-10.054838	2.717042	-0.667114	-0.233805	-1.758625	-62.424695	-43.284265	-152.930526
46558	7.520627	-10.474649	2.734436	-0.752712	-0.200187	-1.469294	-62.582086	-44.084402	-153.327003
46559	7.757852	-10.591515	2.581224	-0.802607	-0.167334	-1.249632	-62.802214	-44.770976	-153.669495
46560	7.838655	-10.701012	2.476740	-0.834399	-0.161461	-1.081905	-63.080392	-45.365524	-153.951801
46561	7.751193	-10.791949	2.409036	-0.848538	-0.206259	-0.937490	-63.426450	-45.904477	-154.148080
46562	7.752368	-10.971294	2.464297	-0.831518	-0.278369	-0.814598	-63.836036	-46.393911	-154.240710
46563	7.865447	-11.358525	2.519095	-0.774745	-0.370510	-0.737589	-64.285958	-46.872549	-154.232965
46564	8.030620	-11.791009	2.603908	-0.668765	-0.442243	-0.709903	-64.727099	-47.349174	-154.153796
46565	7.941290	-12.002238	2.715461	-0.521065	-0.506164	-0.706287	-65.125678	-47.843936	-154.019130
46566	7.580030	-12.108225	2.691198	-0.354265	-0.587903	-0.719610	-65.477961	-48.359692	-153.818491
46567	7.203718	-12.044748	2.661547	-0.182665	-0.706659	-0.738548	-65.804083	-48.916974	-153.524448
46568	6.620425	-11.849131	2.544418	-0.033021	-0.866223	-0.747146	-66.146661	-49.510457	-153.096932
46569	6.083021	-11.502582	2.516104	0.064538	-1.079807	-0.751802	-66.577957	-50.157310	-152.485369
46570	5.851547	-11.013607	2.465653	0.134618	-1.310787	-0.747211	-67.134767	-50.846587	-151.663792
46571	5.682130	-10.614862	2.480420	0.160828	-1.513975	-0.741057	-67.839454	-51.574462	-150.642866
46572	5.792824	-10.243665	2.613137	0.178752	-1.680721	-0.716381	-68.685782	-52.312818	-149.437950
46573	6.084375	-9.869904	2.772526	0.194174	-1.765472	-0.697378	-69.630826	-53.048948	-148.111181
46574	6.206365	-9.596767	2.922722	0.199482	-1.783618	-0.673259	-70.634700	-53.759481	-146.718446
46575	6.237942	-9.336734	3.110012	0.218093	-1.754674	-0.656405	-71.659337	-54.442408	-145.300701
46576	6.107954	-9.116458	3.257336	0.227415	-1.690972	-0.645714	-72.674890	-55.091737	-143.897860
46577	6.027269	-8.781536	3.407260	0.258012	-1.606916	-0.621877	-73.658057	-55.700866	-142.525061
46578	5.934177	-8.557385	3.568185	0.280273	-1.487727	-0.576202	-74.578516	-56.252078	-141.220705
46579	5.955707	-8.377180	3.606973	0.327377	-1.354876	-0.515594	-75.411280	-56.739196	-139.998090
46580	5.914126	-8.119440	3.531993	0.377740	-1.197226	-0.454376	-76.118812	-57.160606	-138.895731
46581	5.794415	-7.773331	3.470168	0.425850	-1.051833	-0.392826	-76.709164	-57.521114	-137.905471
46582	5.930014	-7.318285	3.199193	0.460287	-0.911869	-0.339221	-77.180842	-57.828839	-137.035157
46583	6.006993	-6.930679	2.946257	0.459492	-0.761775	-0.282578	-77.543935	-58.081945	-136.296721
46584	6.217890	-6.842274	2.630551	0.446031	-0.612004	-0.225192	-77.796577	-58.283235	-135.698604
46585	6.371466	-6.562223	2.271125	0.423625	-0.440874	-0.169063	-77.923773	-58.430272	-135.264404
46586	6.403858	-6.315642	1.934554	0.384792	-0.269977	-0.123678	-77.926275	-58.532284	-135.002796
46587	6.249999	-5.862342	1.535507	0.322362	-0.110177	-0.069208	-77.830933	-58.583206	-134.898241
46588	6.059457	-5.411405	1.231118	0.232786	0.005707	-0.007762	-77.691268	-58.587219	-134.905561
46589	5.958001	-5.306744	1.026097	0.118487	0.084800	0.078054	-77.563405	-58.531801	-134.975982
46590	5.717875	-5.192448	1.056179	0.007433	0.099787	0.180952	-77.505101	-58.418587	-135.039335
46591	5.897033	-5.258044	1.097084	-0.105896	0.056775	0.288555	-77.574099	-58.248620	-135.029657
46592	6.220443	-5.368170	1.232663	-0.196145	0.046566	0.375354	-77.719058	-58.033191	-134.991254
46593	6.670478	-5.504054	1.383147	-0.240988	0.087230	0.424438	-77.863199	-57.783243	-134.984170
46594	7.068733	-5.700519	1.497736	-0.261233	0.156919	0.446473	-77.959129	-57.514635	-135.047741
46595	7.221552	-5.616397	1.523847	-0.267329	0.255799	0.465101	-77.977054	-57.221612	-135.208370
46596	7.189916	-5.557333	1.447450	-0.261283	0.336212	0.450071	-77.919434	-56.929560	-135.455316
46597	7.099967	-5.601176	1.362970	-0.253797	0.407653	0.413127	-77.793906	-56.647070	-135.779167
46598	6.944249	-5.712512	1.263278	-0.235360	0.444669	0.364115	-77.619999	-56.389345	-136.149304
46599	6.688817	-5.765373	1.205430	-0.194692	0.464185	0.317103	-77.403253	-56.152390	-136.544054
46600	6.215311	-5.717232	1.169937	-0.151641	0.442826	0.289764	-77.177268	-55.934976	-136.921197
46601	5.827896	-5.628186	1.131789	-0.110666	0.372640	0.280668	-76.988879	-55.728310	-137.225537
46602	5.817043	-5.385315	1.083545	-0.086514	0.279946	0.310970	-76.869385	-55.518843	-137.430326
46603	6.064016	-5.179664	1.021900	-0.068866	0.219599	0.345362	-76.798419	-55.295152	-137.564482
46604	6.435348	-5.101070	0.907158	-0.064340	0.206992	0.394918	-76.744182	-55.048111	-137.675413
46605	6.738056	-5.305669	0.809807	-0.064360	0.204385	0.415886	-76.698613	-54.786868	-137.776202
46606	6.902180	-5.366995	0.682390	-0.056105	0.211536	0.406910	-76.640651	-54.532428	-137.886614
46607	6.777048	-5.252168	0.570324	-0.053100	0.200596	0.360517	-76.583647	-54.302399	-137.994211
46608	6.506944	-5.300355	0.618751	-0.061507	0.156801	0.298836	-76.553247	-54.115360	-138.075082
46609	6.278566	-5.456771	0.683236	-0.048875	0.091040	0.224100	-76.554597	-53.975848	-138.108172
46610	5.956150	-5.442337	0.802383	-0.025981	-0.005138	0.186684	-76.607875	-53.872855	-138.060620
46611	5.616211	-5.500156	0.914038	-0.003753	-0.105634	0.188485	-76.726846	-53.779131	-137.916099
46612	5.382440	-5.867024	1.078336	0.039493	-0.234042	0.228695	-76.923256	-53.682477	-137.644370
46613	5.069017	-6.501117	1.202014	0.111460	-0.377675	0.304909	-77.200976	-53.557881	-137.220278
46614	4.720887	-7.209247	1.348195	0.238619	-0.564656	0.401351	-77.558866	-53.404526	-136.604785
46615	4.324123	-7.779191	1.530582	0.389233	-0.804929	0.530782	-78.029079	-53.201642	-135.740300
46616	4.107412	-8.067907	1.587829	0.576286	-1.105009	0.666521	-78.627291	-52.956081	-134.578980
46617	4.224409	-8.020514	1.635878	0.752088	-1.375397	0.799840	-79.332939	-52.653176	-133.152096
46618	4.518730	-7.935332	1.529912	0.914062	-1.571657	0.935075	-80.087671	-52.287203	-131.539977
46619	4.864427	-7.815307	1.429574	1.043806	-1.689103	1.050583	-80.843618	-51.849610	-129.822982
46620	5.284074	-7.646153	1.307404	1.123325	-1.735970	1.144983	-81.567239	-51.353661	-128.078397
46621	5.673161	-7.385476	1.199835	1.149188	-1.696948	1.192268	-82.221173	-50.809768	-126.390996
46622	6.000253	-7.307523	1.162154	1.109218	-1.571153	1.183593	-82.777512	-50.255223	-124.847064
46623	6.133949	-7.674486	1.169431	1.031472	-1.379724	1.155399	-83.217201	-49.689609	-123.500118
46624	6.030437	-7.866760	1.135373	0.943452	-1.136176	1.163345	-83.521149	-49.102995	-122.387756
46625	5.973034	-7.736586	1.039217	0.820659	-0.866726	1.290817	-83.707760	-48.418072	-121.513077
46626	5.527144	-7.627257	0.880498	0.651089	-0.607145	1.484605	-83.821983	-47.610584	-120.857492
46627	5.223511	-6.676602	0.402844	0.406527	-0.388839	1.702892	-83.939597	-46.658834	-120.377843
46628	60.897750	-24.783086	5.943985	0.999236	-2.124203	-2.267620	-84.541199	-48.074097	-118.781969
46629	35.111314	20.549682	-5.414406	4.495177	6.829876	-6.783197	-76.662215	-51.270284	-125.728511
46630	-10.497926	-5.436839	8.855196	-7.250191	10.629786	-3.858564	-72.678820	-51.794439	-136.116185
46631	-2.094186	-25.254942	-9.292878	4.784919	-0.069287	-3.329157	-69.167653	-53.607883	-137.082436
46632	-10.480046	-1.163261	-1.396907	-1.086212	1.051310	-4.246286	-67.742207	-55.650461	-139.593309
46633	28.350727	-16.627985	4.653835	3.277669	-3.842353	-3.505769	-67.835382	-58.338971	-137.242978
46634	23.415409	7.071292	3.749360	1.174486	1.966102	-3.439944	-64.112849	-59.681503	-140.799666
46635	7.423044	-8.348474	4.019833	0.187657	0.768962	-0.864290	-62.950436	-59.925994	-142.020112
46636	9.781348	-2.123887	3.005409	1.601219	-0.568065	-1.819903	-61.687083	-61.001005	-142.417607
46637	7.811193	-3.375894	4.240593	0.065745	0.655353	-1.327467	-60.381807	-61.482090	-143.863425
46638	7.212951	-2.988440	4.075864	0.470079	-0.610836	-1.484142	-59.887811	-62.394234	-144.117954
46639	10.523475	2.893424	4.142710	0.040096	-0.875468	-0.490063	-60.437473	-62.884770	-143.472924
46640	10.169437	-6.660967	1.100774	-0.928674	-0.709229	0.047646	-61.692930	-63.057921	-142.660823
46641	11.819933	-3.988021	-0.402041	0.220613	-0.801028	0.020659	-62.379815	-63.260361	-141.748983
46642	8.932474	-3.779986	1.977599	-0.281030	0.314523	0.068356	-62.261292	-63.142399	-142.062114
46643	7.218396	-3.899978	3.625408	-0.086827	-0.464308	0.072160	-62.817276	-63.226256	-141.494622
46644	9.975697	-4.140002	0.594580	-0.118490	-0.419756	0.054764	-63.339523	-63.307602	-140.985842
46645	8.681342	-4.461639	1.893827	-0.138886	-0.106135	0.004250	-63.530940	-63.330466	-140.860388
46646	9.224234	-4.197776	1.391582	-0.013476	-0.172967	-0.058007	-63.686637	-63.404716	-140.694802
46647	8.873185	-4.270067	1.743783	-0.044619	0.009991	-0.097137	-63.654152	-63.449906	-140.759449
46648	8.909181	-4.063094	1.718951	0.040274	-0.008787	-0.121314	-63.578621	-63.514838	-140.818025
46649	8.813821	-3.983395	1.755217	0.038023	0.095370	-0.127931	-63.394557	-63.553894	-140.999065
46650	8.991247	-3.915740	1.608975	0.101114	0.109400	-0.121894	-63.161202	-63.588519	-141.194913
46651	8.731878	-3.917451	1.958618	0.109959	0.244661	-0.115136	-62.788244	-63.581487	-141.540797
46652	8.407311	-3.712162	2.249357	0.135170	0.170018	-0.104523	-62.481605	-63.590327	-141.796660
46653	8.715485	-3.570153	2.065498	0.115830	0.143125	-0.071188	-62.232646	-63.586324	-142.000331
46654	8.652859	-3.641665	2.153735	0.099905	0.158800	-0.025611	-62.000177	-63.557176	-142.195963
46655	8.672284	-3.780462	2.124623	0.086986	0.118840	-0.003710	-61.829359	-63.524946	-142.330895
46656	8.718397	-3.879452	2.069112	0.074237	0.115619	-0.004582	-61.667619	-63.496337	-142.464037
46657	8.733103	-3.885505	2.037555	0.088316	0.121423	-0.013662	-61.488661	-63.468076	-142.607289
46658	8.750260	-3.783599	2.093526	0.092511	0.133392	-0.006389	-61.298229	-63.435132	-142.760868
46659	8.802879	-3.780159	2.049657	0.089123	0.132774	0.010220	-61.121331	-63.391351	-142.901395
46660	8.798400	-3.806745	2.045565	0.106005	0.179861	0.026450	-60.895914	-63.328585	-143.085587
46661	8.540882	-3.828005	2.291435	0.099257	0.172471	0.030878	-60.686510	-63.262942	-143.256162
46662	8.474827	-3.723421	2.343604	0.079624	0.132424	0.029612	-60.526681	-63.211360	-143.384025
46663	8.443995	-3.792149	2.357999	0.049790	0.082906	0.025507	-60.432320	-63.173261	-143.457608
46664	8.468834	-3.725250	2.362283	0.031083	0.050304	0.020966	-60.377061	-63.149021	-143.499532
46665	8.323383	-3.664066	2.482753	-0.003845	-0.013257	0.028848	-60.410080	-63.136425	-143.464797
46666	8.538334	-3.785831	2.344495	-0.041518	-0.080854	0.035393	-60.533546	-63.142051	-143.353018
46667	8.717670	-3.843751	2.148375	-0.051876	-0.094254	0.040823	-60.680410	-63.146193	-143.221498
46668	8.755495	-3.892222	2.082021	-0.050091	-0.080067	0.039781	-60.810527	-63.149164	-143.107778
46669	8.757771	-3.976581	2.063683	-0.044556	-0.067111	0.030048	-60.920498	-63.150878	-143.012916
46670	8.701780	-4.007855	2.094098	-0.035781	-0.052748	0.016642	-61.002713	-63.157648	-142.943701
46671	8.654389	-3.880892	2.178272	-0.030409	-0.038878	0.002955	-61.061831	-63.164991	-142.896762
46672	8.720026	-3.857827	2.113295	-0.034282	-0.052673	0.003592	-61.136046	-63.178211	-142.835560
46673	8.786925	-3.942009	2.016960	-0.030895	-0.029822	0.002805	-61.186428	-63.183092	-142.798727
46674	8.766294	-3.934258	2.005253	-0.011641	-0.001428	-0.004830	-61.192246	-63.186348	-142.799635
46675	8.694428	-3.899741	2.130903	-0.001781	0.014604	-0.005248	-61.177470	-63.183014	-142.817133
46676	8.636609	-3.820559	2.201182	0.002099	0.014010	-0.002779	-61.161206	-63.180975	-142.833963
46677	8.576350	-3.849341	2.184577	0.000171	-0.002462	-0.003214	-61.163353	-63.181344	-142.831245
46678	8.617040	-3.758582	2.234180	-0.007933	-0.020375	0.009115	-61.193479	-63.182832	-142.802535
46679	8.553532	-3.762625	2.181464	-0.011013	-0.033880	0.017315	-61.244408	-63.181568	-142.752327
46680	8.625536	-3.767205	2.204415	-0.021718	-0.058416	0.042049	-61.338171	-63.176951	-142.661157
46681	8.733765	-3.844273	2.146988	-0.027386	-0.065694	0.052341	-61.449052	-63.166741	-142.554265
46682	8.803012	-3.938283	1.971611	-0.023188	-0.066582	0.069934	-61.566737	-63.150158	-142.437213
46683	8.801868	-3.918027	1.988285	-0.006358	-0.031357	0.075597	-61.643691	-63.118713	-142.354813
46684	8.779460	-4.023288	1.945634	0.013239	-0.003155	0.066168	-61.675094	-63.086638	-142.311048
46685	8.647376	-3.941873	2.120202	0.020704	0.018294	0.054897	-61.675924	-63.052110	-142.296604
46686	8.743342	-3.934058	2.103305	0.019724	0.001326	0.049015	-61.689870	-63.027461	-142.268232
46687	8.731209	-3.987304	2.084387	0.013603	0.022377	0.043770	-61.684735	-62.997443	-142.265041
46688	8.697518	-4.058482	2.034953	0.017968	0.012844	0.029402	-61.677780	-62.979557	-142.261245
46689	8.674295	-3.944614	2.060236	0.023838	0.036792	0.017407	-61.638523	-62.958920	-142.289784
46690	8.637599	-3.847728	2.164008	0.020911	0.027257	0.017234	-61.609192	-62.943244	-142.309217
46691	8.643778	-3.880834	2.122656	0.016192	0.017824	0.031872	-61.600805	-62.920486	-142.308020
46692	8.615967	-3.897197	2.170525	0.009552	0.015946	0.035258	-61.598774	-62.898806	-142.304107
46693	8.605039	-3.922837	2.172493	0.003693	0.001635	0.039540	-61.617542	-62.876605	-142.280446
46694	8.540784	-3.901176	2.144284	0.008708	-0.001944	0.033375	-61.632568	-62.860745	-142.257908
46695	8.463956	-3.869486	2.215508	0.009850	-0.000160	0.029361	-61.644096	-62.844166	-142.238408
46696	8.514298	-3.865675	2.232726	0.009133	-0.026933	0.029419	-61.681301	-62.837089	-142.190664
46697	8.613018	-3.830041	2.232509	-0.008250	-0.049961	0.038002	-61.756628	-62.829660	-142.111095
46698	8.714127	-3.849712	2.240145	-0.034736	-0.087130	0.061711	-61.895147	-62.822496	-141.977716
46699	8.846692	-4.189763	1.895821	-0.044118	-0.089811	0.061163	-62.042251	-62.813942	-141.840536
46700	8.785983	-4.088670	1.925613	-0.014483	-0.031195	0.031309	-62.098020	-62.806898	-141.787121
46701	8.719270	-4.034179	1.994176	0.007613	-0.003631	0.020419	-62.109253	-62.795739	-141.769376
46702	8.693483	-4.022140	2.062217	0.013143	0.006082	0.013337	-62.103060	-62.787788	-141.767825
46703	8.614314	-3.961987	2.101959	0.011068	0.016101	0.005319	-62.085025	-62.778996	-141.780771
46704	8.618142	-3.961449	2.157852	0.014267	0.006316	0.002155	-62.072132	-62.776644	-141.786030
46705	8.623087	-3.939445	2.103388	0.007466	0.005366	0.001579	-62.064769	-62.772631	-141.789295
46706	8.617032	-3.988026	2.137543	0.005804	-0.004845	-0.005801	-62.063557	-62.777301	-141.786871
46707	8.577553	-3.916725	2.161457	0.013872	-0.010996	-0.007310	-62.063973	-62.782188	-141.777259
46708	8.616790	-3.906517	2.145830	-0.001729	-0.031014	0.000834	-62.096307	-62.790519	-141.741967
46709	8.675995	-3.932463	2.116336	-0.006453	-0.041980	0.008275	-62.147000	-62.795820	-141.688912
46710	8.691196	-3.996274	2.024243	-0.009367	-0.043540	0.010147	-62.200949	-62.802755	-141.634242
46711	8.743862	-3.964410	2.059861	-0.008521	-0.033621	0.009988	-62.245509	-62.804927	-141.589421
46712	8.712699	-4.006478	2.027499	-0.002477	-0.017030	0.007119	-62.267808	-62.806292	-141.565899
46713	8.691948	-3.998230	2.017139	0.002398	-0.005320	-0.006094	-62.269846	-62.809075	-141.561855
46714	8.647490	-3.948913	2.096379	-0.000363	-0.006136	-0.009986	-62.271307	-62.816207	-141.560400
46715	8.638787	-3.970365	2.096718	0.000104	-0.008770	-0.014999	-62.273448	-62.824438	-141.557721
46716	8.592710	-3.974296	2.132470	0.001058	-0.012491	-0.017848	-62.276294	-62.837252	-141.553795
46717	8.630060	-3.909752	2.105541	-0.001229	-0.020811	-0.014452	-62.291379	-62.848421	-141.537425
46718	8.592546	-3.918378	2.117349	-0.006275	-0.029947	-0.014949	-62.317222	-62.864412	-141.512377
46719	8.589032	-3.939282	2.168766	-0.020258	-0.050818	-0.015832	-62.372241	-62.884265	-141.463389
46720	8.716862	-3.972236	1.977743	-0.024350	-0.066882	-0.016632	-62.444310	-62.910891	-141.398055
46721	8.731460	-3.975113	2.003239	-0.025611	-0.056572	-0.017112	-62.507622	-62.932878	-141.343217
46722	8.792625	-3.972605	1.993271	-0.021345	-0.038212	-0.014920	-62.550544	-62.950994	-141.308705
46723	8.865260	-3.979924	1.885319	-0.008496	-0.028750	-0.002352	-62.584118	-62.958110	-141.276266
46724	8.732960	-3.893467	2.003966	-0.005305	0.013379	0.000313	-62.574375	-62.954852	-141.290571
46725	8.629614	-3.927206	2.079394	0.008614	0.005486	0.007311	-62.569058	-62.948045	-141.290802
46726	8.527443	-3.934309	2.175258	-0.011009	-0.009801	0.006474	-62.588856	-62.947770	-141.275607
46727	8.608666	-3.920003	2.067848	-0.009621	-0.027323	-0.000909	-62.622392	-62.953798	-141.243936
46728	8.583567	-3.933784	2.110836	-0.016766	-0.032859	-0.004294	-62.662929	-62.965066	-141.209162
46729	8.609112	-3.968592	2.148295	-0.035750	-0.051693	-0.006194	-62.733059	-62.980174	-141.153219
46730	8.708103	-3.962659	1.990292	-0.042305	-0.083118	-0.009679	-62.835806	-63.007316	-141.065055
46731	8.964329	-3.943985	1.807904	-0.030026	-0.050981	0.005526	-62.908118	-63.016194	-141.002998
46732	8.812371	-3.931335	1.904741	-0.020144	-0.007120	0.021762	-62.938327	-63.007378	-140.982002
46733	8.875153	-3.910803	1.844829	-0.001835	0.028754	0.044381	-62.934553	-62.975650	-140.987220
46734	8.616663	-3.982351	2.110966	0.007735	0.033727	0.046269	-62.920437	-62.943680	-140.998046
46735	8.853584	-3.910821	1.896027	-0.003022	0.035722	0.063384	-62.920119	-62.900460	-141.000153
46736	8.776110	-3.984684	2.070499	0.009184	0.037540	0.077472	-62.917310	-62.851576	-140.997351
46737	8.762875	-4.078220	1.825106	0.012430	0.070033	0.087809	-62.886512	-62.786969	-141.023779
46738	8.189463	-4.116786	2.316872	0.017772	0.059201	0.055057	-62.846017	-62.743855	-141.057823
46739	8.463183	-3.900460	2.087546	0.026774	0.001506	0.019556	-62.840368	-62.731938	-141.046733
46740	8.589437	-3.925185	2.165095	0.006490	-0.013401	0.022308	-62.861600	-62.724498	-141.018615
46741	8.928236	-3.814986	1.948443	-0.005415	-0.019583	0.048510	-62.909837	-62.703325	-140.967634
46742	9.194479	-3.867280	1.685331	0.001006	0.015637	0.114804	-62.952132	-62.641105	-140.919330
46743	9.162206	-3.889935	1.867705	-0.009364	0.095572	0.197727	-62.964003	-62.513824	-140.911825
46744	8.970879	-3.961567	1.980169	0.018325	0.114072	0.241626	-62.962916	-62.361232	-140.901160
46745	8.748347	-3.835519	2.149516	-0.017323	0.141554	0.280118	-62.975401	-62.179984	-140.898109
46746	8.551625	-3.939462	2.239812	-0.054317	0.111398	0.306317	-63.049876	-61.995054	-140.849001
46747	8.321264	-4.416561	1.993043	-0.040509	0.102707	0.318694	-63.130735	-61.804194	-140.783480
46748	8.751819	-3.860533	2.124710	0.000467	0.046188	0.320102	-63.240704	-61.629000	-140.658250
46749	8.539401	-4.202450	2.147724	-0.021324	0.103072	0.347965	-63.322067	-61.422973	-140.579424
46750	8.592104	-3.939021	2.278018	-0.034452	0.059174	0.374006	-63.462209	-61.216621	-140.442137
46751	8.604715	-4.046461	2.147757	-0.055955	0.052313	0.424541	-63.642958	-60.984106	-140.272120
46752	8.408048	-4.243839	2.195941	-0.087254	0.052281	0.440798	-63.845560	-60.744778	-140.097357
46753	8.429824	-4.300694	2.214025	-0.092197	0.019102	0.429984	-64.074079	-60.517256	-139.895567
46754	8.661955	-4.410939	1.974270	-0.093619	0.018550	0.431167	-64.300623	-60.290661	-139.696671
46755	8.622313	-4.574620	2.019642	-0.082462	0.075331	0.438222	-64.470237	-60.044240	-139.555425
46756	8.886685	-4.564224	1.959184	-0.049619	0.087428	0.457124	-64.615285	-59.786649	-139.420603
46757	8.771358	-4.560656	2.085810	-0.045633	0.202941	0.511509	-64.677236	-59.470679	-139.378931
46758	8.464203	-4.521181	2.220804	-0.020865	0.223984	0.536417	-64.715389	-59.138393	-139.348417
46759	8.390186	-4.627767	2.208684	-0.039095	0.233080	0.536865	-64.756194	-58.801902	-139.326773
46760	8.553611	-4.660469	2.267900	-0.030534	0.207769	0.538512	-64.812992	-58.472465	-139.280694
46761	8.937674	-4.566197	2.248752	-0.038728	0.224436	0.587813	-64.879382	-58.111647	-139.228573
46762	8.935525	-4.776994	2.286906	-0.071670	0.258976	0.662985	-64.963222	-57.705123	-139.178033
46763	9.031558	-4.831822	2.223539	-0.061089	0.279674	0.736472	-65.050901	-57.253714	-139.115401
46764	8.746904	-4.854326	2.357921	-0.068509	0.293747	0.812426	-65.157159	-56.761053	-139.035464
46765	8.532089	-4.753924	2.357274	-0.085459	0.300288	0.853909	-65.280753	-56.243536	-138.945820
46766	7.719616	-5.076412	2.172123	-0.105423	0.314120	0.869644	-65.407087	-55.716033	-138.866224
46767	7.515605	-5.164275	2.348391	-0.066136	0.230042	0.807011	-65.550397	-55.239463	-138.738130
46768	7.396172	-5.125036	2.256373	-0.057603	0.199962	0.735133	-65.683101	-54.808951	-138.616404
46769	7.602527	-5.096165	2.421307	-0.053326	0.147137	0.686172	-65.833419	-54.414628	-138.469348
46770	7.765901	-5.185229	2.300794	-0.064571	0.145444	0.656927	-65.978386	-54.037427	-138.336218
46771	7.691035	-5.384722	2.329082	-0.060263	0.124799	0.632001	-66.125379	-53.676229	-138.196790
46772	7.484740	-5.213526	2.376628	-0.052807	0.087515	0.613005	-66.285451	-53.335043	-138.035259
46773	7.067650	-5.221005	2.197068	-0.061389	0.067997	0.568799	-66.448110	-53.019610	-137.875834
46774	6.130811	-5.375718	2.336820	-0.062583	0.046354	0.454906	-66.589341	-52.770384	-137.743656
46775	6.322545	-5.186320	2.547344	-0.039358	-0.101498	0.296886	-66.771050	-52.635872	-137.543403
46776	7.147322	-5.129708	2.431447	-0.073530	-0.138015	0.181397	-66.962003	-52.571777	-137.356022
46777	6.674271	-5.478426	2.057992	-0.095605	-0.101393	0.060610	-67.104928	-52.561094	-137.244788
46778	6.491535	-5.910125	2.055238	-0.050865	-0.142364	-0.103301	-67.202631	-52.647719	-137.158438
46779	7.470900	-5.619103	2.173848	0.001998	-0.184864	-0.237678	-67.261209	-52.812807	-137.083176
46780	7.900721	-5.572223	2.253475	-0.010298	-0.153902	-0.277967	-67.293607	-52.994181	-137.049902
46781	8.667649	-5.389615	2.452202	-0.009533	-0.144417	-0.235645	-67.332017	-53.149185	-137.008478
46782	9.324383	-5.320866	2.477636	-0.052573	-0.101195	-0.096658	-67.405464	-53.223024	-136.954310
46783	10.004556	-5.377150	2.489129	-0.098850	-0.048695	0.120282	-67.532447	-53.168685	-136.866237
46784	10.634752	-5.468920	2.440841	-0.136032	0.044625	0.405887	-67.697018	-52.944326	-136.757792
46785	10.919603	-5.505137	2.474102	-0.164230	0.167596	0.724292	-67.880996	-52.522662	-136.644647
46786	10.848535	-5.653763	2.520916	-0.197821	0.285050	1.046507	-68.089239	-51.905964	-136.524518
46787	10.621940	-5.628274	2.424905	-0.214382	0.391189	1.345370	-68.310825	-51.106092	-136.398162
46788	10.086946	-5.840860	2.362991	-0.233059	0.499804	1.617201	-68.535353	-50.139530	-136.280397
46789	9.550335	-6.075166	2.313160	-0.218081	0.541235	1.835188	-68.771059	-49.046612	-136.134801
46790	9.317982	-6.364887	2.156989	-0.183538	0.610632	1.996135	-68.973401	-47.854086	-136.004898
46791	9.232051	-7.073299	2.338662	-0.137559	0.688833	2.090149	-69.117177	-46.594054	-135.916302
46792	10.608452	-7.079770	2.718944	0.069726	0.781992	2.008921	-69.069378	-45.359326	-135.927157
46793	9.177628	-6.531118	1.888754	0.040103	1.197964	1.997329	-68.819765	-44.044414	-136.249283
46794	6.086886	-7.155078	1.416134	0.025867	1.167264	2.051701	-68.619432	-42.706704	-136.519324
46795	6.151265	-7.871578	1.803280	0.084765	0.835603	2.037278	-68.553763	-41.444973	-136.544973
46796	7.255271	-6.388066	2.065903	0.229383	0.736829	2.023212	-68.450178	-40.212097	-136.502318
46797	6.628627	-6.605155	2.192866	0.193682	0.977038	1.966088	-68.253243	-38.958341	-136.637499
46798	5.284210	-6.607275	2.130390	0.251995	0.953370	1.932208	-68.034003	-37.727896	-136.758081
46799	4.661095	-6.726162	2.175095	0.294319	0.880655	1.891849	-67.820425	-36.533612	-136.832945
46800	4.621860	-6.676437	2.343768	0.328474	0.796090	1.824272	-67.613689	-35.393892	-136.864421
46801	4.608586	-6.814215	2.674118	0.335448	0.768206	1.770941	-67.409285	-34.287798	-136.886313
46802	4.941174	-6.675547	2.963549	0.346265	0.740790	1.722183	-67.203729	-33.214113	-136.899115
46803	4.972693	-6.783458	3.192356	0.324495	0.748360	1.686106	-67.006199	-32.157100	-136.921181
46804	4.910166	-6.722831	3.312789	0.289139	0.734444	1.669025	-66.833102	-31.112811	-136.935263
46805	4.675826	-6.885076	3.476152	0.245482	0.720824	1.662743	-66.690913	-30.074261	-136.938835
46806	4.596802	-6.992074	3.510379	0.215197	0.698713	1.650793	-66.572056	-29.047635	-136.929739
46807	4.317182	-7.035431	3.569919	0.163254	0.684797	1.644011	-66.487318	-28.027167	-136.911811
46808	4.206306	-7.047185	3.798894	0.116641	0.663329	1.638542	-66.434384	-27.015101	-136.881645
46809	4.825439	-7.160456	3.896929	0.066053	0.672493	1.632835	-66.407456	-26.003361	-136.857572
46810	4.758928	-7.127822	4.119186	-0.003131	0.751424	1.658549	-66.402571	-24.960614	-136.873000
46811	5.223270	-7.107054	4.257863	-0.065840	0.808916	1.687247	-66.423332	-23.889131	-136.914231
46812	5.436927	-7.141684	4.254399	-0.141823	0.900614	1.730625	-66.471529	-22.774381	-136.997604
46813	5.339898	-7.088362	4.012101	-0.208946	0.985560	1.779764	-66.545893	-21.614213	-137.117598
46814	5.129317	-7.390744	3.925137	-0.281099	1.095726	1.832057	-66.645870	-20.401925	-137.287867
46815	4.944994	-7.602247	3.806554	-0.329948	1.176009	1.895320	-66.766803	-19.138429	-137.488933
46816	4.669953	-7.308027	3.655066	-0.333640	1.219586	1.958752	-66.890879	-17.832138	-137.700399
46817	4.143444	-6.938004	3.286288	-0.355105	1.259021	1.989407	-67.026995	-16.501505	-137.928045
46818	3.634445	-5.620859	2.532632	-0.306383	1.183732	1.944431	-67.148327	-15.211689	-138.126317
46819	3.428914	-3.561930	1.582209	-0.328162	1.029976	1.759709	-67.296065	-14.054452	-138.285079
46820	3.280968	-0.771481	1.187706	-0.224468	0.797058	1.421270	-67.398631	-13.127467	-138.395742
46821	2.892579	0.562208	0.037511	-0.295594	0.388137	1.112462	-67.576551	-12.454686	-138.356064
46822	2.861644	1.127912	0.241521	-0.418621	-0.050844	0.886845	-67.864000	-11.995949	-138.131107
46823	6.655487	-4.289376	0.975897	-0.248957	-0.441563	0.323088	-68.070757	-11.920834	-137.820381
46824	9.213727	-0.456743	1.779427	-0.034407	-0.592920	-0.456211	-68.137185	-12.290465	-137.597432
46825	9.002493	-1.627455	1.762632	0.027463	-0.518493	-1.125716	-68.129111	-13.002208	-137.561226
46826	8.373219	-1.166959	1.667503	0.142462	-0.423243	-1.680330	-68.015209	-13.986283	-137.699354
46827	6.494619	-1.029116	1.589410	0.158864	-0.389653	-1.976591	-67.867025	-15.123290	-137.925374
46828	5.455354	-1.282849	1.367972	0.115084	-0.443860	-2.101085	-67.739342	-16.334396	-138.152964
46829	5.187887	-1.895313	1.395443	0.059207	-0.557495	-2.136020	-67.653286	-17.592144	-138.330138
46830	5.716099	-2.423976	1.521843	0.004312	-0.637481	-2.159447	-67.606999	-18.875725	-138.470027
46831	6.434748	-2.898459	1.728162	-0.022720	-0.669041	-2.229543	-67.572257	-20.207610	-138.611448
46832	7.143619	-3.340991	1.849014	-0.056358	-0.644921	-2.331122	-67.540315	-21.583559	-138.791415
46833	7.673715	-3.695512	1.988224	-0.096116	-0.578604	-2.435940	-67.501403	-23.005384	-139.037955
46834	7.860803	-4.246843	2.050298	-0.147602	-0.491155	-2.544249	-67.454838	-24.460159	-139.363659
46835	7.775166	-4.751399	2.066663	-0.188672	-0.413963	-2.614600	-67.394475	-25.940575	-139.758268
46836	7.404245	-5.377914	2.122325	-0.229597	-0.374976	-2.628049	-67.334563	-27.413455	-140.184609
46837	7.014943	-5.868384	2.027414	-0.264192	-0.399057	-2.575215	-67.293388	-28.869594	-140.591981
46838	6.715603	-6.434878	2.091967	-0.295429	-0.486081	-2.461257	-67.299689	-30.278428	-140.922086
46839	7.018275	-6.973524	2.069655	-0.328735	-0.601225	-2.330514	-67.369019	-31.650273	-141.152826
46840	7.642575	-7.385884	2.107858	-0.392932	-0.670698	-2.231055	-67.508524	-32.978593	-141.312940
46841	8.400067	-7.744920	2.056634	-0.492387	-0.693582	-2.202522	-67.714374	-34.303973	-141.450359
46842	9.180032	-8.175927	2.241200	-0.627016	-0.678451	-2.233240	-67.988191	-35.636066	-141.599371
46843	10.179998	-8.785434	2.444981	-0.766791	-0.603456	-2.314752	-68.299674	-37.003187	-141.815323
46844	10.768266	-9.440544	2.737090	-0.872223	-0.467181	-2.469151	-68.590215	-38.417717	-142.157294
46845	11.183067	-10.143963	2.817686	-0.954335	-0.285468	-2.642607	-68.812486	-39.895590	-142.671523
46846	11.085319	-10.939172	2.892207	-1.026115	-0.062568	-2.778389	-68.936777	-41.393846	-143.383230
46847	10.541080	-11.471483	2.963831	-1.093019	0.135761	-2.842811	-68.967107	-42.893975	-144.271708
46848	9.746857	-11.980506	2.928660	-1.161067	0.281919	-2.823957	-68.935103	-44.346448	-145.282302
46849	8.885612	-12.477746	3.013234	-1.192270	0.371353	-2.753839	-68.849272	-45.749559	-146.369204
46850	7.981175	-12.829636	3.021037	-1.188641	0.398086	-2.606219	-68.739925	-47.059649	-147.460468
46851	7.161522	-13.089889	2.986011	-1.140132	0.360456	-2.389193	-68.634884	-48.267110	-148.486621
46852	6.429905	-13.420999	3.050240	-1.049492	0.243718	-2.101307	-68.586307	-49.337645	-149.350259
46853	6.271853	-13.689953	3.253600	-0.898314	0.033068	-1.776014	-68.639919	-50.284661	-149.954187
46854	6.896896	-13.686264	3.469180	-0.683063	-0.171938	-1.494231	-68.763765	-51.118510	-150.299829
46855	7.358728	-13.512100	3.516922	-0.403234	-0.302988	-1.291963	-68.861309	-51.876951	-150.470791
46856	7.639770	-12.996715	3.367758	-0.101390	-0.385906	-1.171590	-68.873530	-52.583198	-150.528767
46857	7.517594	-12.563922	3.105991	0.187287	-0.475676	-1.094252	-68.802717	-53.270930	-150.483438
46858	7.116329	-11.898093	2.759055	0.431264	-0.620105	-1.049765	-68.709585	-53.960671	-150.292141
46859	6.649947	-11.237483	2.401067	0.605925	-0.820973	-1.026789	-68.675115	-54.683588	-149.907664
46860	6.348245	-10.743602	2.055545	0.728390	-1.054692	-1.023065	-68.759662	-55.449539	-149.295431
46861	6.181196	-10.269934	1.778407	0.802648	-1.285277	-1.011941	-69.005331	-56.258914	-148.443501
46862	6.260764	-9.970891	1.642146	0.832112	-1.497760	-0.999631	-69.440375	-57.099264	-147.352281
46863	6.431115	-9.710471	1.695845	0.838109	-1.673626	-0.977860	-70.070716	-57.959281	-146.036664
46864	6.668993	-9.514749	1.762881	0.830808	-1.806902	-0.971877	-70.878428	-58.830583	-144.529373
46865	6.803758	-9.169311	1.899958	0.822992	-1.858612	-0.978077	-71.804460	-59.704120	-142.904243
46866	6.838714	-8.797737	2.014548	0.812262	-1.834055	-0.984119	-72.784180	-60.561327	-141.237805
46867	6.681719	-8.392830	2.135604	0.794326	-1.740028	-0.979421	-73.761218	-61.386933	-139.600683
46868	6.422397	-8.128894	2.183306	0.756696	-1.634823	-0.913523	-74.742637	-62.145366	-137.994624
46869	6.281043	-7.774010	2.254700	0.704270	-1.498897	-0.797876	-75.711851	-62.806967	-136.447318
46870	6.172436	-7.390196	2.242805	0.636738	-1.347435	-0.648173	-76.649341	-63.352408	-134.986709
46871	6.195990	-7.057500	2.231483	0.554089	-1.172232	-0.487117	-77.525926	-63.774478	-133.653663
46872	6.276289	-6.791543	2.171073	0.473562	-0.977889	-0.324861	-78.295106	-64.074200	-132.495205
46873	6.279023	-6.299361	2.109790	0.398060	-0.769290	-0.173918	-78.921437	-64.258341	-131.546217
46874	6.232314	-5.904636	1.946577	0.298271	-0.582565	-0.037848	-79.423952	-64.342694	-130.798835
46875	6.249442	-5.580976	1.811130	0.204860	-0.422785	0.086865	-79.823481	-64.336347	-130.225509
46876	6.315816	-5.264745	1.668069	0.110674	-0.295062	0.195700	-80.147101	-64.255672	-129.795929
46877	6.535018	-5.108064	1.603521	0.025697	-0.181382	0.290896	-80.404249	-64.107617	-129.493931
46878	6.723538	-4.974125	1.510531	-0.040299	-0.077083	0.372639	-80.589622	-63.904675	-129.313338
46879	6.814196	-4.885404	1.399211	-0.088544	0.006882	0.432687	-80.715917	-63.657854	-129.229040
46880	6.892303	-4.823844	1.290102	-0.125846	0.074147	0.477209	-80.792678	-63.381502	-129.223791
46881	6.968393	-4.898225	1.166960	-0.143558	0.109409	0.499759	-80.844324	-63.087091	-129.257936
46882	7.022609	-4.935207	0.986881	-0.145152	0.131134	0.505324	-80.872954	-62.789643	-129.319130
46883	7.058317	-4.726255	0.887132	-0.148812	0.123210	0.503079	-80.913066	-62.491969	-129.369791
46884	7.171181	-4.525453	0.806675	-0.166407	0.104953	0.487782	-80.979617	-62.206851	-129.402249
46885	7.528425	-4.410139	0.718928	-0.192973	0.116613	0.464520	-81.045460	-61.931541	-129.452674
46886	7.859085	-4.368410	0.706510	-0.217497	0.159165	0.445284	-81.076602	-61.665681	-129.558692
46887	8.011334	-4.265911	0.647514	-0.240989	0.232860	0.422629	-81.042309	-61.403730	-129.754573
46888	7.933520	-4.190417	0.660563	-0.272967	0.298612	0.392607	-80.955127	-61.155124	-130.032277
46889	7.983926	-4.364888	0.676453	-0.303187	0.361893	0.362949	-80.819793	-60.914974	-130.385336
46890	7.830025	-4.467379	0.736151	-0.310477	0.394164	0.333876	-80.654488	-60.690160	-130.778434
46891	7.593484	-4.468939	0.767623	-0.316100	0.420523	0.307458	-80.466691	-60.474905	-131.201800
46892	7.321546	-4.563272	0.843917	-0.301265	0.410546	0.296622	-80.282051	-60.268357	-131.612740
46893	7.152006	-4.704100	0.872827	-0.270451	0.376315	0.305042	-80.119827	-60.057455	-131.978253
46894	6.935439	-4.845616	0.859476	-0.230062	0.315861	0.334004	-80.001173	-59.838064	-132.267575
46895	6.805585	-4.954973	0.891638	-0.168031	0.236371	0.366244	-79.933042	-59.605792	-132.457815
46896	6.739278	-5.201583	0.844116	-0.103099	0.139048	0.401016	-79.927713	-59.365983	-132.532521
46897	6.856938	-5.497813	0.850315	-0.029220	0.031341	0.439962	-79.989978	-59.112476	-132.479402
46898	7.042230	-5.518402	0.759472	0.062698	-0.040290	0.448484	-80.066414	-58.863739	-132.348255
46899	7.043706	-5.357829	0.656849	0.134071	-0.058428	0.451909	-80.118676	-58.612138	-132.197097
46900	7.116717	-5.265280	0.581232	0.188896	-0.049829	0.446541	-80.128415	-58.365323	-132.058675
46901	6.977449	-5.108924	0.467898	0.227601	-0.024818	0.449693	-80.093510	-58.111546	-131.946210
46902	6.866913	-5.075831	0.321293	0.232277	-0.012361	0.455250	-80.044028	-57.856183	-131.847561
46903	6.712335	-4.970285	0.259241	0.220551	-0.002321	0.460792	-79.993659	-57.593938	-131.757566
46904	6.538176	-4.852467	0.189153	0.198929	-0.011084	0.476199	-79.964379	-57.326709	-131.657047
46905	6.264787	-4.854747	0.197220	0.157142	-0.055034	0.502163	-80.001682	-57.046351	-131.505472
46906	5.983512	-4.854395	0.223734	0.115556	-0.112487	0.531520	-80.114002	-56.757859	-131.292314
46907	5.827145	-4.935863	0.338561	0.069738	-0.192398	0.584225	-80.326676	-56.444124	-130.989692
46908	5.793651	-5.300053	0.531632	0.037730	-0.277069	0.647708	-80.632006	-56.104725	-130.596540
46909	5.879529	-5.744806	0.736103	0.034897	-0.348224	0.714317	-81.001276	-55.729824	-130.126532
46910	5.941789	-6.015158	0.967471	0.044943	-0.409340	0.773618	-81.412289	-55.327972	-129.596698
46911	6.169805	-6.389315	1.124777	0.070419	-0.442067	0.806186	-81.829416	-54.904988	-129.038958
46912	6.104157	-6.607208	1.189123	0.092057	-0.454519	0.819873	-82.233197	-54.476204	-128.479473
46913	5.613024	-6.677409	1.358107	0.092120	-0.481931	0.866040	-82.652546	-54.017479	-127.897551
46914	5.435084	-7.014843	1.207040	0.104032	-0.510587	0.906173	-83.077727	-53.538959	-127.296581
46915	5.442306	-7.182714	1.392691	0.075487	-0.461565	0.974944	-83.475236	-53.011723	-126.746393
46916	5.845680	-7.727472	1.618202	0.070178	-0.322964	1.097923	-83.768710	-52.407430	-126.326923
46917	6.129086	-8.350843	2.016036	0.115762	-0.051159	1.249449	-83.839616	-51.695141	-126.152456
46918	5.838875	-8.245896	2.126433	0.211796	0.308307	1.421297	-83.610668	-50.866693	-126.290302
46919	4.733282	-8.009844	1.898891	0.271826	0.576404	1.593993	-83.185886	-49.917391	-126.638885
46920	3.501319	-7.773327	1.591495	0.266791	0.646584	1.745305	-82.747283	-48.879891	-127.015155
46921	2.583015	-7.981797	1.406290	0.204102	0.501455	1.852827	-82.464117	-47.785645	-127.236943
46922	2.099830	-8.295410	1.412036	0.168072	0.279789	1.956706	-82.356451	-46.653515	-127.252368
46923	2.159270	-8.284197	1.126658	0.234508	0.060905	2.074246	-82.350626	-45.465937	-127.073027
46924	91.964507	-17.511625	3.533586	4.246336	-1.793595	-6.235501	-80.439278	-49.152279	-126.362510
46925	-14.773984	26.497530	-0.960832	-2.996186	12.343202	-6.131516	-72.953023	-50.950010	-138.350850
46926	1.661013	-39.464730	4.779281	-0.207014	1.158310	-2.381098	-71.756897	-52.049414	-140.030630
46927	-3.799069	0.282707	-9.104048	3.640358	0.025720	-5.741933	-68.122711	-55.131610	-141.952978
46928	18.194128	-7.408071	10.155697	0.787371	-1.676067	-2.921311	-68.068421	-57.043236	-141.474759
46929	19.405650	-1.400238	-3.723305	2.935480	-1.001304	-3.982367	-65.797414	-59.364182	-142.167359
46930	20.882685	-4.490996	12.606974	-0.361299	2.038861	-2.009623	-63.360015	-59.903259	-145.231980
46931	7.868273	-1.878188	1.129689	1.702568	-1.098032	-0.910513	-62.956640	-60.650623	-144.573042
46932	10.405418	-3.246617	2.256412	0.007314	0.773585	-1.006729	-61.771260	-60.956485	-145.926072
46933	7.478397	-3.099387	4.817761	0.314729	-0.107901	-0.730195	-61.329300	-61.351872	-146.224661
46934	9.630384	-2.482141	2.343136	0.083283	-0.593778	-0.419642	-61.621540	-61.726022	-145.837923
46935	8.770906	-3.526931	2.570730	-0.259679	-0.245138	-0.187212	-61.907537	-61.885132	-145.681995
46936	8.054603	-4.612323	2.352703	-0.237089	-0.568171	-0.128353	-62.520797	-62.102383	-145.141210
46937	8.911359	-4.253047	2.055352	-0.153262	-0.567762	-0.212565	-63.053166	-62.357597	-144.638502
46938	9.059246	-4.514861	1.583234	-0.206053	-0.533513	-0.222604	-63.585995	-62.609244	-144.170784
46939	9.699256	-4.285849	1.872377	-0.199566	-0.525503	-0.224408	-64.115750	-62.855502	-143.703160
46940	9.760439	-4.227728	0.782816	-0.056291	-0.348697	-0.233731	-64.386990	-63.063341	-143.434794
46941	8.607914	-3.806796	2.180423	-0.200618	-0.132657	-0.212290	-64.534936	-63.204083	-143.397569
46942	8.875811	-4.092292	1.736443	-0.094787	-0.328676	-0.199191	-64.831057	-63.388202	-143.126840
46943	9.023955	-3.733366	1.586756	-0.137062	-0.199182	-0.185979	-65.027253	-63.531317	-142.995071
46944	8.803702	-3.897115	1.736932	-0.120701	-0.157926	-0.153840	-65.187414	-63.649779	-142.893417
46945	8.834778	-3.790234	1.690469	-0.091054	-0.148264	-0.117789	-65.339668	-63.744905	-142.781540
46946	8.766007	-3.939238	1.770459	-0.098982	-0.109466	-0.101543	-65.463456	-63.824332	-142.706727
46947	8.870182	-3.888147	1.631437	-0.067089	-0.119812	-0.091554	-65.586055	-63.898826	-142.612748
46948	8.857580	-3.901922	1.643226	-0.065123	-0.053932	-0.076659	-65.644274	-63.952006	-142.589426
46949	8.802493	-3.849137	1.688415	-0.047868	-0.040228	-0.065401	-65.684245	-63.993986	-142.575245
46950	8.780056	-3.837143	1.752423	-0.044018	-0.018340	-0.051815	-65.704497	-64.025785	-142.580726
46951	8.713699	-3.859870	1.753285	-0.034886	-0.015332	-0.037924	-65.723738	-64.047568	-142.581340
46952	8.732441	-3.837321	1.728739	-0.027667	-0.014269	-0.027710	-65.741952	-64.065820	-142.578667
46953	8.749758	-3.895764	1.765731	-0.018100	-0.005817	-0.016568	-65.751709	-64.074226	-142.579134
46954	8.746450	-3.866169	1.733620	-0.008724	-0.013024	-0.008356	-65.767118	-64.082073	-142.567512
46955	8.759596	-3.871853	1.763976	-0.006530	-0.006610	-0.001652	-65.778317	-64.082887	-142.559006
46956	8.805975	-3.888059	1.703503	-0.000409	-0.008758	0.005219	-65.790948	-64.082636	-142.545176
46957	8.779680	-3.931622	1.724937	0.002800	0.010790	0.007907	-65.782713	-64.074383	-142.552337
46958	8.808366	-3.968220	1.688706	0.010156	0.014875	0.002605	-65.762623	-64.069942	-142.568159
46959	8.800091	-3.940169	1.737357	0.016814	0.025771	-0.003982	-65.724541	-64.064383	-142.599588
46960	8.774787	-3.901910	1.701210	0.024959	0.031900	-0.011410	-65.670912	-64.063236	-142.643274
46961	8.770525	-3.901666	1.782085	0.021086	0.033846	-0.006671	-65.620445	-64.057164	-142.685760
46962	8.766218	-3.872075	1.755067	0.023669	0.032289	-0.004161	-65.570686	-64.052109	-142.725969
46963	8.698373	-3.821911	1.833538	0.023587	0.041432	0.005489	-65.516624	-64.037876	-142.770868
46964	8.739036	-3.889751	1.807454	0.015249	0.019645	0.009992	-65.492180	-64.028419	-142.788292
46965	8.767855	-3.901467	1.795613	0.010279	0.018382	0.011383	-65.473328	-64.016586	-142.802513
46966	8.775488	-3.904914	1.774774	0.011581	0.015950	0.013870	-65.456857	-64.005980	-142.813408
46967	8.765884	-3.928730	1.775553	0.003100	0.011966	0.013362	-65.449959	-63.994653	-142.818909
46968	8.795212	-3.915325	1.786318	0.010347	0.010502	0.009015	-65.437661	-63.987873	-142.825950
46969	8.743444	-3.921803	1.769740	0.006565	0.021304	0.010334	-65.417344	-63.975909	-142.844178
46970	8.734841	-3.894418	1.817657	0.005048	0.011380	0.002473	-65.403965	-63.972326	-142.855802
46971	8.781034	-3.910556	1.759537	0.004213	0.015952	-0.000328	-65.385510	-63.967200	-142.873459
46972	8.721148	-3.913728	1.765769	0.011906	0.017894	0.002302	-65.361181	-63.962148	-142.892897
46973	8.754281	-3.647356	2.011258	0.005600	-0.001747	0.021759	-65.371606	-63.949754	-142.877532
46974	9.064571	-4.474650	1.145225	-0.011203	-0.004663	-0.004530	-65.381229	-63.953646	-142.873919
46975	8.434578	-3.659149	2.159194	-0.019710	0.102748	-0.022786	-65.273161	-63.939472	-143.006611
46976	8.636462	-3.806814	1.940732	0.056317	-0.026696	-0.017292	-65.261277	-63.955290	-142.983876
46977	8.758677	-3.924715	1.737510	-0.031126	0.016941	-0.007434	-65.258546	-63.953640	-143.006575
46978	8.742411	-3.894077	1.805395	0.006842	-0.031527	-0.002854	-65.287250	-63.963101	-142.970218
46979	8.809850	-3.968734	1.706664	-0.009033	0.007103	-0.010054	-65.281050	-63.965189	-142.982691
46980	8.764108	-3.926453	1.789305	0.001231	-0.010511	-0.011118	-65.286538	-63.973913	-142.975752
46981	8.722518	-3.908180	1.771280	0.000354	0.000676	-0.018850	-65.277501	-63.982131	-142.985401
46982	8.698225	-3.873791	1.862483	0.000141	-0.013722	-0.014466	-65.285399	-63.993367	-142.976476
46983	8.686756	-3.841492	1.852630	-0.000883	-0.026855	-0.010423	-65.310571	-64.003800	-142.948848
46984	8.729612	-3.882996	1.843906	0.000651	-0.038236	-0.006326	-65.348378	-64.016658	-142.906326
46985	8.764893	-3.842542	1.796223	-0.000601	-0.044458	0.005854	-65.400204	-64.022811	-142.848868
46986	8.760224	-3.919980	1.798342	-0.012425	-0.052237	0.007409	-65.467273	-64.031812	-142.782137
46987	8.841841	-3.896077	1.690221	-0.002530	-0.043094	-0.000311	-65.515788	-64.040817	-142.729598
46988	8.749449	-3.864394	1.806030	-0.004101	-0.029180	0.010168	-65.554804	-64.042856	-142.688771
46989	8.728020	-3.882450	1.770480	-0.000444	-0.044257	0.017078	-65.611871	-64.043045	-142.625395
46990	8.770498	-3.900816	1.784083	-0.005116	-0.042309	0.014191	-65.667512	-64.046055	-142.566726
46991	8.863636	-3.909269	1.684716	0.003213	-0.039294	0.020466	-65.718797	-64.043263	-142.507450
46992	8.769881	-3.929206	1.754639	-0.004229	-0.013418	0.014890	-65.743272	-64.039063	-142.482876
46993	8.756939	-3.924263	1.721664	0.007726	-0.021401	0.008581	-65.767017	-64.038257	-142.451356
46994	8.778475	-3.908164	1.752710	0.003943	-0.010602	0.009915	-65.781376	-64.035987	-142.432826
46995	8.732046	-3.892640	1.811766	0.011327	-0.009829	0.007063	-65.789903	-64.033259	-142.415938
46996	8.787058	-3.886710	1.751800	0.002085	-0.019159	0.011147	-65.815097	-64.032350	-142.386539
46997	8.815884	-3.924084	1.713078	0.002488	-0.009140	0.013207	-65.830887	-64.026258	-142.367204
46998	8.815639	-3.924832	1.712624	0.003890	-0.003989	0.004996	-65.835799	-64.024999	-142.359214
46999	8.815948	-3.899842	1.736287	0.006562	0.003303	0.004098	-65.831520	-64.020764	-142.359610
47000	8.768107	-3.959520	1.726385	0.003111	0.012737	-0.003665	-65.814765	-64.020108	-142.376220
47001	8.777829	-3.885801	1.775259	0.008922	0.009426	-0.002272	-65.799505	-64.017776	-142.387330
47002	8.709514	-3.911183	1.780163	0.001868	0.007289	-0.008520	-65.786965	-64.020933	-142.400043
47003	8.757006	-3.875942	1.767851	0.006606	-0.002538	-0.008014	-65.783083	-64.024423	-142.399973
47004	8.773944	-3.880417	1.722700	0.002502	0.008360	-0.004865	-65.770789	-64.025416	-142.412006
47005	8.740001	-3.895102	1.791193	0.005086	0.006804	-0.002353	-65.760485	-64.023767	-142.420050
47006	8.803845	-3.865628	1.733802	0.002815	0.009530	0.000605	-65.749400	-64.021626	-142.430540
47007	8.709777	-3.909066	1.783522	0.002181	0.008459	-0.003051	-65.738642	-64.019964	-142.440941
47008	8.807161	-3.919235	1.742869	0.001859	0.008557	-0.001237	-65.728261	-64.019013	-142.451258
47009	8.747543	-3.922199	1.748481	-0.001073	0.013518	-0.004395	-65.713294	-64.016870	-142.468417
47010	8.777970	-3.882194	1.782438	0.003782	0.009235	-0.004840	-65.699344	-64.017638	-142.481479
47011	8.730423	-3.941316	1.772485	-0.003940	0.010599	-0.009921	-65.686471	-64.019077	-142.498138
47012	8.748459	-3.894734	1.774417	0.002231	0.002617	-0.015164	-65.675498	-64.026795	-142.508875
47013	8.710655	-3.904989	1.788161	0.000926	0.005048	-0.017652	-65.662025	-64.033586	-142.523099
47014	8.682645	-3.842013	1.848778	-0.002297	-0.013235	-0.013026	-65.671668	-64.043929	-142.513790
47015	8.738150	-3.859697	1.764694	0.001658	-0.025101	-0.010392	-65.693611	-64.054053	-142.488154
47016	8.776737	-3.872616	1.726021	0.001761	-0.018289	-0.004062	-65.710719	-64.060903	-142.467960
47017	8.806630	-3.883345	1.710856	0.005065	-0.009923	-0.001307	-65.718834	-64.062714	-142.455534
47018	8.819577	-3.889214	1.741686	-0.000577	-0.007683	0.001263	-65.728482	-64.064282	-142.445126
47019	8.806354	-3.908649	1.686532	0.003834	0.002625	0.000079	-65.724502	-64.062429	-142.446937
47020	8.789441	-3.903582	1.732845	0.008766	0.008462	0.003506	-65.712547	-64.059022	-142.454601
47021	8.768328	-3.870210	1.748626	0.008614	0.007493	0.009286	-65.705074	-64.051228	-142.457255
47022	8.788915	-3.879482	1.758490	0.007620	0.011094	0.012270	-65.695204	-64.042622	-142.463331
47023	8.749775	-3.892403	1.773042	0.008281	0.008862	0.018386	-65.690862	-64.029769	-142.462718
47024	8.757334	-3.896506	1.750943	0.006424	0.000304	0.019624	-65.696808	-64.019868	-142.451963
47025	8.795094	-3.885961	1.738086	0.006059	0.005743	0.009231	-65.692644	-64.012541	-142.452569
47026	8.726114	-3.912953	1.742801	0.003956	0.007404	0.016153	-65.690715	-64.002778	-142.452147
47027	8.785535	-3.885500	1.762090	0.007570	-0.002330	0.010858	-65.695116	-63.996519	-142.442262
47028	8.729014	-3.943516	1.774529	0.002832	0.007497	0.010345	-65.690923	-63.989766	-142.445076
47029	8.800909	-3.917517	1.694360	0.011844	0.005738	0.008164	-65.682933	-63.983021	-142.446254
47030	8.834589	-3.877993	1.652405	0.016774	0.032880	0.015349	-65.646042	-63.967662	-142.476566
47031	8.803091	-3.922898	1.755147	0.022462	0.045334	0.021460	-65.596153	-63.944632	-142.517617
47032	8.767848	-3.884824	1.743676	0.025918	0.055941	0.025696	-65.534551	-63.918387	-142.569616
47033	8.685005	-3.910545	1.852942	0.020663	0.050208	0.024077	-65.481950	-63.892814	-142.614857
47034	8.785364	-3.896854	1.762733	0.023650	0.037367	0.024880	-65.441197	-63.871373	-142.645106
47035	8.761972	-3.915586	1.735494	0.024328	0.055176	0.027443	-65.383021	-63.842837	-142.694238
47036	8.696056	-3.921289	1.823203	0.033776	0.060132	0.029758	-65.314867	-63.813390	-142.748568
47037	8.732785	-3.886335	1.839299	0.034198	0.045542	0.030516	-65.262956	-63.785525	-142.784441
47038	8.697352	-3.848882	1.827461	0.037751	0.041663	0.037325	-65.215951	-63.756527	-142.812682
47039	8.847902	-3.856834	1.732636	0.041780	0.034601	0.056026	-65.183812	-63.718013	-142.821682
47040	8.787556	-3.969010	1.704131	0.041550	0.072761	0.060403	-65.113346	-63.669509	-142.873686
47041	8.770431	-3.996764	1.789195	0.062745	0.076624	0.064546	-65.029504	-63.616431	-142.926998
47042	8.865452	-3.957451	1.674439	0.085647	0.100002	0.056025	-64.903681	-63.563522	-143.012646
47043	8.737907	-3.916489	1.821414	0.110469	0.149246	0.069310	-64.719969	-63.490174	-143.147046
47044	8.565519	-3.938161	2.012611	0.090841	0.122857	0.069325	-64.575045	-63.424560	-143.250817
47045	8.722334	-4.000905	1.857838	0.106315	0.094912	0.054035	-64.443729	-63.372199	-143.329430
47046	8.765725	-3.970036	1.858435	0.093864	0.112043	0.060291	-64.304829	-63.313711	-143.424626
47047	8.856159	-3.931088	1.824228	0.111416	0.110929	0.061034	-64.158493	-63.253589	-143.516869
47048	8.811894	-3.997585	1.805601	0.089912	0.134490	0.074127	-64.006856	-63.182134	-143.628974
47049	9.397953	-3.608864	1.813172	0.143932	0.109458	0.116391	-63.872038	-63.093699	-143.687553
47050	9.069954	-4.093843	1.534034	0.033618	0.240462	0.231433	-63.725448	-62.914317	-143.830403
47051	8.571139	-4.140972	2.113237	0.125212	0.246898	0.216752	-63.515401	-62.739297	-143.985792
47052	8.615285	-3.760180	2.185452	0.098067	0.200806	0.217476	-63.368318	-62.576826	-144.088072
47053	8.459696	-3.751252	2.355524	0.057640	0.157667	0.270095	-63.314621	-62.397090	-144.111295
47054	8.466520	-3.809075	2.352961	-0.001590	0.080620	0.298435	-63.383401	-62.223974	-144.034600
47055	8.641385	-3.677937	2.407335	-0.050280	-0.000439	0.336530	-63.576391	-62.050664	-143.848775
47056	9.082888	-3.634399	2.171400	-0.126156	-0.081647	0.447022	-63.940301	-61.842045	-143.518275
47057	9.341283	-3.821901	1.863477	-0.181676	-0.059802	0.605301	-64.383037	-61.543993	-143.133495
47058	9.070605	-4.207943	2.016431	-0.187868	0.043489	0.659589	-64.747151	-61.192425	-142.841244
47059	8.933266	-4.010064	1.744806	-0.192637	-0.029157	0.819188	-65.243186	-60.773334	-142.400086
47060	8.675111	-4.571605	1.671974	-0.172599	0.142375	0.804117	-65.550796	-60.320892	-142.160344
47061	7.753025	-5.045661	1.844081	-0.100696	0.188572	0.744564	-65.743975	-59.886949	-142.003947
47062	7.014046	-5.106654	2.348735	-0.027170	0.170359	0.506708	-65.811492	-59.582557	-141.943750
47063	7.460360	-4.838655	2.229364	0.029084	-0.001761	0.292970	-65.913687	-59.428924	-141.805689
47064	8.188509	-4.500624	2.095734	0.033256	-0.006571	0.195097	-65.977787	-59.328800	-141.709011
47065	8.329303	-4.690748	1.969408	0.009432	0.003002	0.178774	-66.040533	-59.233612	-141.629600
47066	8.595181	-4.594510	2.007882	0.031863	0.003366	0.174451	-66.087682	-59.141888	-141.553396
47067	8.800952	-4.288296	2.148685	0.001330	-0.011749	0.262682	-66.199507	-59.006065	-141.422017
47068	8.874234	-4.195402	2.028432	-0.063197	-0.027448	0.439344	-66.427550	-58.782277	-141.197919
47069	8.762232	-4.608481	2.069581	-0.115964	-0.035082	0.589839	-66.745152	-58.479308	-140.903620
47070	9.004458	-4.775974	1.995845	-0.151263	-0.055968	0.728019	-67.144376	-58.108469	-140.536185
47071	9.672612	-4.827932	1.910368	-0.134749	-0.002977	0.905879	-67.543016	-57.629355	-140.156471
47072	9.587650	-4.804754	2.062588	-0.153841	0.150185	1.093075	-67.877734	-57.017635	-139.863491
47073	8.982061	-5.024631	2.328945	-0.186830	0.206239	1.231343	-68.219692	-56.318407	-139.582198
47074	8.816473	-4.622386	2.531072	-0.160698	0.166182	1.315033	-68.591453	-55.583192	-139.244595
47075	8.808140	-4.753184	2.532421	-0.247545	0.144313	1.411212	-69.043045	-54.798744	-138.867163
47076	8.197788	-5.061236	2.198124	-0.284017	0.135276	1.494689	-69.527782	-53.970695	-138.471026
47077	8.093607	-5.450976	1.965213	-0.285244	0.107912	1.553415	-70.029368	-53.113561	-138.050384
47078	8.290633	-5.584796	1.828995	-0.259541	0.100568	1.620310	-70.518128	-52.220615	-137.622676
47079	8.172658	-5.646114	1.724064	-0.228111	0.165449	1.698641	-70.942958	-51.270062	-137.247911
47080	7.732034	-5.674204	2.107385	-0.218472	0.213730	1.760358	-71.325993	-50.276425	-136.915000
47081	7.491162	-5.468684	2.362479	-0.234110	0.149636	1.805341	-71.751461	-49.267620	-136.533215
47082	7.878277	-5.313970	2.824059	-0.314113	0.064952	1.872846	-72.269294	-48.235905	-136.083820
47083	7.661061	-5.895019	2.242903	-0.419889	0.068355	1.952993	-72.837550	-47.156217	-135.640474
47084	7.613540	-6.502961	2.020335	-0.440606	0.043290	2.007065	-73.418160	-46.048931	-135.188815
47085	8.270589	-6.476038	2.083295	-0.380179	0.000122	2.082775	-73.976545	-44.903160	-134.710817
47086	7.906917	-6.500607	2.080464	-0.453039	0.114390	2.202968	-74.509202	-43.670958	-134.319698
47087	7.358671	-6.830869	2.187106	-0.471326	0.129314	2.237699	-75.027045	-42.414150	-133.956289
47088	7.326290	-6.866636	1.993618	-0.463084	0.120154	2.252802	-75.526252	-41.148643	-133.605247
47089	6.855422	-7.080689	2.031856	-0.505482	0.222439	2.225854	-75.978449	-39.880985	-133.354565
47090	5.694914	-7.185613	1.526979	-0.489419	0.299305	2.101161	-76.358288	-38.671386	-133.197474
47091	3.983710	-7.135926	1.333733	-0.463877	0.341474	1.902372	-76.674106	-37.565648	-133.115944
47092	3.452219	-7.492151	1.740011	-0.418994	0.254096	1.586278	-76.963924	-36.647888	-133.033420
47093	3.511753	-7.498318	1.815672	-0.399428	0.152123	1.251045	-77.247764	-35.929343	-132.940021
47094	3.120592	-7.576978	1.456116	-0.397016	0.074100	0.948320	-77.530815	-35.390194	-132.844616
47095	3.184075	-7.265048	1.262830	-0.372866	0.002904	0.670144	-77.801091	-35.014150	-132.745828
47096	3.167014	-7.562689	1.303985	-0.361823	-0.032575	0.446321	-78.058605	-34.768340	-132.657988
47097	3.819170	-7.724982	1.349681	-0.319040	-0.121347	0.230640	-78.307252	-34.652447	-132.541830
47098	3.749979	-7.591251	1.165803	-0.297307	-0.120091	0.067170	-78.529689	-34.628913	-132.450112
47099	4.055168	-7.658287	1.148163	-0.255396	-0.163834	-0.083317	-78.733153	-34.693288	-132.349174
47100	4.438155	-7.763919	1.136560	-0.218213	-0.166433	-0.203124	-78.907628	-34.826301	-132.262369
47101	4.691915	-7.964141	1.128594	-0.165397	-0.154680	-0.329836	-79.037960	-35.027714	-132.199826
47102	4.876919	-8.030512	1.176950	-0.122417	-0.131603	-0.448149	-79.126187	-35.294468	-132.168345
47103	5.031788	-8.015963	1.097342	-0.061773	-0.128678	-0.546636	-79.171278	-35.614842	-132.151268
47104	5.304327	-8.030653	1.117130	-0.015689	-0.127807	-0.627143	-79.183678	-35.981876	-132.145365
47105	5.731385	-8.032781	1.187945	0.038963	-0.119267	-0.678365	-79.157222	-36.375314	-132.152077
47106	6.049247	-8.001968	1.220991	0.083744	-0.109936	-0.691556	-79.099892	-36.776665	-132.167695
47107	6.014248	-7.903330	1.286693	0.110769	-0.090487	-0.683772	-79.019016	-37.170009	-132.196414
47108	6.282997	-7.702571	1.331246	0.155565	-0.093495	-0.660491	-78.914942	-37.552049	-132.220965
47109	6.670434	-7.737702	1.515103	0.154398	-0.072106	-0.605143	-78.806300	-37.899100	-132.253755
47110	6.687542	-7.574084	1.620162	0.140469	-0.056522	-0.523806	-78.705089	-38.200125	-132.287316
47111	6.989752	-7.533377	1.815991	0.123379	-0.062586	-0.445966	-78.622769	-38.456655	-132.305880
47112	7.284536	-7.461884	1.794681	0.089039	-0.038337	-0.321549	-78.560092	-38.641946	-132.324526
47113	7.096397	-7.580233	1.807493	0.041576	-0.027588	-0.198112	-78.530865	-38.755387	-132.332953
47114	7.236698	-7.475079	1.701530	0.010113	-0.021857	-0.081746	-78.527669	-38.804132	-132.328737
47115	7.011433	-7.547533	1.665900	-0.017656	-0.007082	0.030439	-78.543977	-38.786998	-132.318611
47116	7.006832	-7.617300	1.598186	-0.031300	0.002485	0.138498	-78.573645	-38.709291	-132.299797
47117	6.883932	-7.648458	1.537788	-0.041526	0.016286	0.232979	-78.611426	-38.575827	-132.277149
47118	6.691391	-7.649025	1.450577	-0.040040	0.028306	0.319097	-78.650599	-38.393741	-132.250999
47119	6.874193	-7.699269	1.523306	-0.041791	0.034710	0.408825	-78.695654	-38.159450	-132.216685
47120	6.910736	-7.747690	1.575648	-0.045791	0.047342	0.512018	-78.746164	-37.866798	-132.177203
47121	6.932252	-7.862471	1.585719	-0.050392	0.065022	0.605810	-78.799209	-37.518448	-132.137441
47122	6.853945	-7.983636	1.540383	-0.057218	0.072064	0.710531	-78.861437	-37.111408	-132.088800
47123	7.039931	-7.954075	1.578664	-0.050784	0.062179	0.812445	-78.931745	-36.647199	-132.019911
47124	7.394838	-8.099753	1.604261	-0.040296	0.099727	0.890764	-78.985741	-36.135683	-131.967745
47125	6.819796	-7.950958	1.563200	-0.052338	0.182937	0.996796	-79.020271	-35.554601	-131.959774
47126	6.395859	-8.123352	1.403844	-0.054961	0.157550	1.111728	-79.074836	-34.912430	-131.919707
47127	5.443850	-8.663701	0.966452	-0.102926	0.095035	1.286799	-79.192848	-34.177728	-131.815398
47128	6.544011	-8.937466	1.358178	-0.083878	-0.208482	1.371844	-79.417336	-33.427887	-131.498205
47129	9.117788	-9.424933	1.806266	0.040306	-0.102022	1.378589	-79.525736	-32.661619	-131.256956
47130	8.572935	-8.707318	2.029297	0.022092	0.342919	1.474263	-79.488431	-31.795620	-131.303093
47131	7.319584	-8.231952	1.404540	0.090300	0.545286	1.564073	-79.350092	-30.857256	-131.469532
47132	6.423138	-8.672627	1.000693	0.070494	0.567062	1.709505	-79.229521	-29.834812	-131.628145
47133	6.586936	-8.929731	1.101071	0.126821	0.474590	1.826217	-79.117483	-28.756111	-131.708591
47134	7.063556	-9.008915	1.290411	0.175253	0.496630	1.934545	-78.980334	-27.614177	-131.786270
47135	6.961569	-8.889407	1.281195	0.209512	0.589356	2.045023	-78.806697	-26.399651	-131.904419
47136	6.540488	-8.786501	1.155419	0.255824	0.669966	2.159549	-78.595580	-25.111444	-132.052827
47137	6.135931	-8.703759	1.018659	0.302443	0.702189	2.262119	-78.361082	-23.761635	-132.201088
47138	5.563332	-8.456714	0.889188	0.359168	0.713979	2.380027	-78.103302	-22.343566	-132.333720
47139	4.969336	-8.294113	0.881470	0.393445	0.679722	2.509106	-77.846003	-20.857113	-132.420890
47140	4.366933	-8.217735	0.895112	0.443383	0.588879	2.621344	-77.588307	-19.318154	-132.431369
47141	3.725850	-8.118966	0.807319	0.474041	0.475114	2.740333	-77.342265	-17.727317	-132.351913
47142	2.985982	-7.939618	0.848689	0.528317	0.317022	2.842286	-77.095287	-16.099335	-132.160173
47143	2.086461	-7.936685	0.769901	0.557686	0.103368	2.939830	-76.864135	-14.445892	-131.826315
47144	1.498703	-7.849916	0.900618	0.589876	-0.212936	3.049268	-76.651822	-12.773543	-131.292057
47145	1.856145	-7.907682	0.960381	0.680686	-0.598966	3.159969	-76.422046	-11.093599	-130.519847
47146	2.283582	-6.515643	1.112805	0.824532	-0.941301	3.098334	-76.121309	-9.497423	-129.558884
47147	2.790153	-3.581443	1.270171	1.062636	-1.255581	2.660535	-75.679514	-8.195195	-128.476736
47148	5.196253	2.285469	0.963540	1.350103	-1.721813	1.671040	-75.071012	-7.518215	-127.268802
47149	10.091126	6.652973	0.805483	0.871591	-1.805810	0.864409	-74.719015	-7.311082	-126.131162
47150	14.960127	-5.266422	0.715301	0.462295	-0.843959	-0.096289	-74.512803	-7.492931	-125.675471
47151	13.816269	1.857899	2.694272	1.340071	-0.517809	-1.639176	-73.749528	-8.480255	-125.646607
47152	12.182217	0.615217	1.262244	0.591230	0.295514	-2.295166	-73.325189	-9.693783	-126.188140
47153	9.005960	-0.112945	1.761058	0.727172	0.672092	-2.901624	-72.751583	-11.175944	-127.055946
47154	7.035233	-0.457916	1.163106	0.532915	0.908112	-3.051773	-72.230205	-12.687357	-128.100458
47155	4.646738	-1.653716	1.117624	0.390052	0.904750	-3.012420	-71.761488	-14.173791	-129.156056
47156	3.927071	-2.612342	1.009270	0.386732	0.637346	-2.980049	-71.303401	-15.678053	-130.073948
47157	4.420819	-3.098835	1.064762	0.375727	0.388829	-2.920888	-70.865606	-17.194535	-130.859680
47158	5.854825	-3.223615	1.269897	0.365537	0.156291	-2.904097	-70.450098	-18.735297	-131.527546
47159	7.245254	-3.552485	1.730555	0.350047	0.065756	-2.969164	-70.032499	-20.329534	-132.175881
47160	8.797447	-4.451437	2.266816	0.398687	0.061618	-3.105548	-69.553389	-21.987589	-132.870134
47161	9.895491	-5.638326	2.681328	0.542112	0.220123	-3.263308	-68.913172	-23.697704	-133.718118
47162	9.966292	-6.561030	2.781267	0.774998	0.417919	-3.428214	-68.037834	-25.437541	-134.755121
47163	9.440619	-6.994874	2.641969	1.005783	0.525298	-3.545099	-66.938239	-27.205979	-135.933897
47164	8.969444	-7.209079	2.268319	1.169616	0.488382	-3.611984	-65.687352	-28.989206	-137.166538
47165	8.709159	-7.158232	1.835392	1.217097	0.341275	-3.626601	-64.382558	-30.798140	-138.383814
47166	8.798641	-7.138524	1.453848	1.156247	0.118064	-3.611024	-63.117137	-32.624301	-139.530487
47167	9.134051	-6.984986	1.007645	0.996008	-0.111939	-3.593097	-61.952890	-34.488603	-140.603045
47168	9.717683	-6.820111	0.649795	0.756048	-0.304959	-3.562389	-60.934804	-36.365410	-141.611775
47169	10.542814	-6.789235	0.450207	0.460077	-0.428164	-3.530182	-60.073449	-38.255120	-142.597110
47170	11.492848	-7.064892	0.335266	0.147667	-0.479834	-3.520651	-59.352890	-40.136132	-143.603180
47171	12.183455	-7.558561	0.319072	-0.151071	-0.445605	-3.526838	-58.722711	-42.009170	-144.693689
47172	12.396994	-8.095081	0.314418	-0.427204	-0.402614	-3.521585	-58.168195	-43.849794	-145.867017
47173	12.212547	-8.632092	0.329641	-0.649621	-0.396782	-3.486221	-57.678026	-45.672370	-147.091732
47174	12.069633	-9.143818	0.468776	-0.861827	-0.441990	-3.427713	-57.282225	-47.465040	-148.316566
47175	12.227403	-9.793497	0.601285	-1.027796	-0.527773	-3.367806	-56.977456	-49.259398	-149.512709
47176	12.346519	-10.241174	0.871743	-1.178173	-0.593313	-3.317990	-56.748659	-51.037636	-150.689902
47177	12.911662	-10.738692	0.882452	-1.298658	-0.634945	-3.307340	-56.549383	-52.830150	-151.888845
47178	13.162006	-10.837397	0.898454	-1.407545	-0.586844	-3.317301	-56.305967	-54.600242	-153.191154
47179	13.239030	-10.695196	0.813652	-1.520271	-0.494568	-3.331221	-55.972194	-56.352650	-154.654472
47180	13.017429	-10.433370	0.769495	-1.652179	-0.390397	-3.329434	-55.539994	-58.056048	-156.294590
47181	12.843271	-10.222432	0.730276	-1.776560	-0.302669	-3.320291	-54.997064	-59.727816	-158.118644
47182	12.385490	-9.980767	0.811010	-1.889672	-0.246423	-3.315384	-54.338697	-61.359828	-160.118006
47183	11.960096	-9.721334	0.880059	-1.980964	-0.230374	-3.297822	-53.568892	-62.974629	-162.273098
47184	11.647730	-9.574101	0.952248	-2.042604	-0.257730	-3.247530	-52.714432	-64.552708	-164.530237
47185	11.241740	-9.440439	1.217210	-2.084370	-0.324825	-3.149166	-51.824010	-66.102727	-166.825414
47186	10.839278	-9.191279	1.465045	-2.115141	-0.424032	-3.024966	-50.949736	-67.609327	-169.093979
47187	10.450661	-9.000363	1.777625	-2.104277	-0.523414	-2.905779	-50.069043	-69.093521	-171.339714
47188	9.942538	-8.956097	2.099222	-2.063693	-0.620344	-2.782470	-49.178775	-70.538975	-173.547832
47189	9.325682	-8.868971	2.552535	-1.961949	-0.757373	-2.670419	-48.287138	-71.983294	-175.677413
47190	9.229050	-8.846589	2.956286	-1.818267	-0.931025	-2.568687	-47.427504	-73.433151	-177.668691
47191	9.256833	-8.592693	3.295318	-1.631145	-1.034977	-2.447558	-46.515265	-74.870267	-179.589415
47192	9.393189	-8.345852	3.571097	-1.417589	-1.060562	-2.317587	-45.441026	-76.248051	178.462731
47193	9.539260	-8.121637	3.739940	-1.186271	-0.986784	-2.172705	-44.028250	-77.532480	176.313451
47194	9.480395	-7.903849	3.807903	-0.942796	-0.859447	-2.016691	-42.159365	-78.682221	173.851701
47195	9.209382	-7.566641	3.773790	-0.710207	-0.702678	-1.856189	-39.736748	-79.689244	170.970308
47196	8.816010	-7.236418	3.607202	-0.505177	-0.573804	-1.708285	-36.781320	-80.554308	167.676759
47197	8.694430	-6.889266	3.376375	-0.328651	-0.473415	-1.599395	-33.234006	-81.307418	163.893283
47198	8.397127	-6.286308	3.020073	-0.187285	-0.383802	-1.520937	-29.044817	-81.947210	159.550653
47199	7.812004	-5.370293	2.633143	-0.103582	-0.337581	-1.463241	-24.240044	-82.500597	154.640945
47200	7.662748	-4.967991	2.359696	-0.115821	-0.349483	-1.401601	-19.021440	-82.983749	149.313442
47201	7.836470	-4.814361	1.940364	-0.115888	-0.319161	-1.342147	-13.321450	-83.377450	143.505622
47202	7.602895	-4.378070	1.536159	-0.134813	-0.268924	-1.260516	-7.384055	-83.659641	137.452424
47203	7.347000	-3.682253	1.109804	-0.178886	-0.241049	-1.158294	-1.518078	-83.851936	131.448038
47204	7.097215	-3.211610	0.826342	-0.284428	-0.230610	-1.035961	3.913845	-83.972158	125.821511
47205	7.114552	-2.932331	0.525783	-0.401036	-0.253502	-0.908033	8.790977	-84.061481	120.686361
47206	7.339503	-2.714195	0.347115	-0.530411	-0.266999	-0.805043	13.149780	-84.124271	115.998832
47207	7.798572	-2.621788	0.208912	-0.643186	-0.277886	-0.738765	17.193161	-84.169407	111.563568
47208	7.969529	-2.354764	0.088285	-0.740352	-0.272991	-0.706380	21.026040	-84.184991	107.284480
47209	8.170041	-2.160247	0.026397	-0.830566	-0.282133	-0.697747	24.802927	-84.180300	103.009490
47210	8.340432	-2.144287	0.063114	-0.898332	-0.313317	-0.718788	28.685086	-84.155490	98.589809
47211	8.115156	-2.082655	0.061001	-0.937117	-0.371605	-0.759061	32.869375	-84.117796	93.843600
47212	7.911871	-2.109162	0.073381	-0.939331	-0.449565	-0.784937	37.325906	-84.070070	88.822290
47213	7.630424	-2.130147	0.093512	-0.922124	-0.514284	-0.758493	41.832295	-84.022046	83.760150
47214	7.300533	-2.271109	0.210658	-0.885560	-0.558971	-0.686853	46.141620	-83.979216	78.916980
47215	7.091175	-2.486382	0.265380	-0.836873	-0.599903	-0.584223	50.222977	-83.960585	74.330693
47216	7.087052	-2.672521	0.302108	-0.781311	-0.643460	-0.467483	54.091220	-83.975276	69.990825
47217	7.086837	-2.887834	0.322646	-0.720909	-0.695990	-0.392019	58.038159	-84.013178	65.606767
47218	6.983976	-3.134671	0.355418	-0.672934	-0.786298	-0.365255	62.395055	-84.055314	60.838553
47219	7.001994	-3.412926	0.417670	-0.622928	-0.889928	-0.360625	67.353112	-84.086350	55.495077
47220	6.905566	-3.670756	0.548378	-0.580817	-0.951143	-0.322624	72.587449	-84.099220	49.898322
47221	6.913553	-3.891948	0.778519	-0.574601	-0.963213	-0.240397	77.792148	-84.108674	44.335145
47222	7.089384	-4.298106	0.961831	-0.593269	-0.860184	-0.103465	82.272563	-84.135410	39.489403
47223	7.019418	-4.606876	1.087168	-0.648336	-0.659657	0.083854	85.564401	-84.224902	35.807365
47224	6.824704	-5.057549	1.065614	-0.728401	-0.455251	0.283661	87.670102	-84.402321	33.271891
47225	6.491574	-5.216259	1.130729	-0.859916	-0.293026	0.456180	88.876681	-84.670668	31.565203
47226	6.357980	-5.281446	1.121244	-1.010203	-0.225526	0.590722	89.686294	-85.010467	30.171184
47227	7.976228	-3.542666	-0.147885	-1.104059	-0.193479	0.695790	90.411513	-85.411586	28.809065
47228	44.659891	12.351966	6.785946	0.206900	-1.278958	1.632643	101.953327	-86.266601	17.356169
47229	3.134949	21.362453	-22.982205	-2.288838	6.728005	1.043998	43.841437	-85.630682	74.275742
47230	2.143303	12.144583	9.329173	-3.607320	3.229900	1.804415	19.961546	-84.587258	96.165508
47231	1.354252	-0.580103	-1.684675	-1.155667	-0.008225	3.016043	0.735531	-84.909540	114.805983
47232	8.715250	-2.595333	1.057065	-3.732456	1.084690	2.130033	-13.378310	-84.153779	126.835311
47233	7.977184	-6.848415	4.408965	-3.405327	0.430701	2.461849	-26.767407	-83.437169	138.339633
47234	12.656070	-5.523732	3.580072	-2.548170	0.226604	2.128929	-36.224158	-82.687862	146.394990
47235	11.363043	-2.931531	6.189414	-2.382409	1.132868	2.265454	-41.883940	-81.366832	150.730959
47236	9.745314	-5.367010	7.914408	-1.976320	0.852895	2.225301	-46.535659	-80.127414	154.296477
47237	11.541923	-5.903777	9.622791	-1.229420	0.694329	2.180361	-50.138070	-78.930027	157.243079
47238	11.625827	-5.855464	8.090526	-0.414274	0.842676	2.263897	-52.467680	-77.616059	159.379808
47239	8.393453	-3.484145	6.061916	0.015545	0.374165	2.311739	-55.111377	-76.420042	162.101686
47240	10.869898	-3.529430	1.577068	-0.010619	-0.446765	2.264080	-58.801763	-75.472154	165.899500
47241	12.459108	-3.607945	-0.913546	-0.219693	-0.015526	2.095148	-61.195925	-74.435965	168.248112
47242	11.455716	-3.823209	-0.077427	-0.403113	0.374067	1.888394	-62.540891	-73.381139	169.407521
47243	11.016499	-4.296939	1.704348	-0.377833	0.467348	1.667046	-63.399210	-72.407741	170.078839
47244	11.168143	-4.896738	3.035757	-0.197603	0.512350	1.545988	-63.911957	-71.484101	170.499085
47245	14.042254	-6.250378	2.267798	0.038238	0.514612	1.303317	-64.077860	-70.682602	170.697410
47246	11.454555	-4.656018	0.503117	0.126834	0.683976	0.885158	-63.645839	-70.055089	170.315933
47247	9.453110	-4.211276	1.400384	0.078724	0.838259	0.630382	-62.882825	-69.515277	169.550635
47248	9.295059	-3.392565	1.760552	0.137795	0.613850	0.498716	-62.325777	-69.100173	169.039618
47249	9.164235	-3.576132	2.072538	0.051442	0.615272	0.478140	-61.827278	-68.691849	168.536556
47250	8.418026	-3.965639	2.367584	0.109727	0.396268	0.363142	-61.507631	-68.401389	168.260708
47251	8.782603	-3.327324	2.080552	0.112556	0.155742	0.269587	-61.436927	-68.221812	168.253700
47252	9.242110	-3.625813	1.568521	0.041540	0.139317	0.217410	-61.387461	-68.074672	168.226093
47253	8.702558	-3.286111	2.212233	0.028933	0.184428	0.185691	-61.273084	-67.929353	168.120288
47254	8.707974	-3.502999	2.006426	0.018795	-0.003421	0.166059	-61.379383	-67.847252	168.246694
47255	9.013005	-3.245732	1.775047	0.014845	-0.018996	0.149246	-61.499755	-67.776030	168.385567
47256	8.925498	-3.407861	1.724075	-0.006601	0.009776	0.146252	-61.589516	-67.700123	168.478516
47257	8.864003	-3.514378	1.823097	-0.018123	-0.012615	0.122189	-61.701483	-67.640618	168.588021
47258	8.959433	-3.436929	1.826139	-0.014576	-0.062324	0.084957	-61.842683	-67.615054	168.731727
47259	9.005988	-3.422413	1.724722	-0.020748	-0.054325	0.067567	-61.970548	-67.594206	168.856859
47260	8.941639	-3.494573	1.721992	-0.033542	-0.056456	0.059831	-62.098492	-67.579529	168.974514
47261	8.982353	-3.519883	1.731283	-0.026186	-0.071039	0.033096	-62.227281	-67.580397	169.097299
47262	9.124130	-3.557763	1.537123	-0.024720	-0.076819	0.001856	-62.337614	-67.600359	169.201368
47263	9.136243	-3.467155	1.545016	-0.019241	-0.025321	-0.028784	-62.366377	-67.620317	169.220246
47264	8.981902	-3.459653	1.727640	-0.019946	-0.005509	-0.041557	-62.358246	-67.643307	169.199140
47265	9.001691	-3.403892	1.671711	-0.008618	-0.030930	-0.040018	-62.380663	-67.670456	169.217730
47266	9.027249	-3.389648	1.621813	-0.002749	-0.010334	-0.036304	-62.372010	-67.692062	169.206718
47267	8.920660	-3.360399	1.709974	-0.009963	-0.005424	-0.033654	-62.367799	-67.709205	169.195688
47268	8.933115	-3.360408	1.675967	-0.003956	-0.021439	-0.038316	-62.372268	-67.734784	169.198111
47269	9.116655	-3.320018	1.549308	-0.016199	-0.008753	-0.043965	-62.369034	-67.758045	169.184281
47270	8.876327	-3.292507	1.758352	-0.037595	0.034192	-0.043017	-62.320633	-67.771215	169.108766
47271	8.850412	-3.322329	1.860593	-0.038619	-0.037575	-0.026920	-62.377107	-67.793497	169.145558
47272	9.068434	-3.465139	1.630697	-0.043105	-0.055192	-0.029532	-62.451796	-67.823569	169.199593
47273	9.043758	-3.411097	1.610702	-0.043566	-0.048296	-0.037385	-62.517887	-67.853967	169.243702
47274	9.068403	-3.401165	1.630680	-0.038420	-0.037256	-0.045666	-62.557301	-67.887459	169.262530
47275	8.986292	-3.361383	1.667826	-0.039979	-0.029160	-0.035146	-62.599089	-67.911645	169.282607
47276	8.945370	-3.342947	1.720503	-0.035889	-0.045821	-0.028489	-62.659135	-67.938641	169.325257
47277	9.070543	-3.331548	1.554370	-0.029925	-0.055564	-0.015727	-62.741110	-67.959861	169.394905
47278	9.100163	-3.365670	1.580728	-0.023652	-0.027192	-0.004474	-62.786491	-67.969700	169.429287
47279	9.059092	-3.345446	1.562328	-0.014704	-0.017495	0.003996	-62.824744	-67.970861	169.461164
47280	9.096724	-3.400788	1.542234	-0.009990	0.002336	0.007041	-62.832581	-67.967090	169.463487
47281	9.033103	-3.375194	1.592076	-0.001000	0.008675	0.008848	-62.833175	-67.958933	169.463204
47282	9.080600	-3.341502	1.587623	0.008492	0.007648	0.022625	-62.833800	-67.945828	169.469172
47283	9.019008	-3.296117	1.583817	0.014464	0.037626	0.035998	-62.806682	-67.916260	169.448540
47284	8.961482	-3.297854	1.660632	0.015535	0.044605	0.054207	-62.777282	-67.877383	169.426460
47285	8.900713	-3.226290	1.766619	0.021153	0.042247	0.090679	-62.775879	-67.818745	169.437715
47286	8.930630	-3.324205	1.716119	0.019599	0.012556	0.119687	-62.826237	-67.754894	169.504284
47287	9.160361	-3.414688	1.529596	0.032636	0.005153	0.138890	-62.894842	-67.681364	169.598320
47288	9.116411	-3.469393	1.578842	0.036452	0.044599	0.147787	-62.912906	-67.594772	169.640481
47289	8.970072	-3.467557	1.518200	0.067866	0.053761	0.139852	-62.901092	-67.508045	169.669445
47290	9.320547	-3.382416	1.255045	0.085655	0.108813	0.137678	-62.805559	-67.409834	169.619192
47291	8.665537	-3.397327	1.968843	0.025504	0.239522	0.132180	-62.587171	-67.278252	169.398026
47292	8.409006	-3.172820	2.258894	0.060023	0.034101	0.155892	-62.609880	-67.190393	169.459994
47293	9.115504	-3.293645	1.561931	0.038073	-0.016134	0.202068	-62.738577	-67.090419	169.623001
47294	8.824544	-3.503489	1.889762	-0.020968	0.063470	0.211952	-62.805861	-66.966227	169.683076
47295	8.888677	-3.662145	1.745768	0.027867	-0.049272	0.192203	-62.971549	-66.879708	169.880196
47296	9.070127	-3.530307	1.608924	0.037308	-0.032757	0.180624	-63.099441	-66.796407	170.042595
47297	8.914691	-3.576393	1.726262	-0.000390	0.020328	0.172781	-63.184423	-66.701453	170.134505
47298	8.930049	-3.677189	1.706390	0.030778	-0.017835	0.155378	-63.281351	-66.626997	170.259319
47299	8.937298	-3.600433	1.719590	0.020082	-0.005023	0.140080	-63.363827	-66.555183	170.361385
47300	8.902595	-3.594472	1.671188	0.022373	-0.007372	0.139004	-63.442266	-66.486286	170.460926
47301	9.072497	-3.629032	1.568787	0.035371	0.002595	0.132993	-63.501807	-66.416048	170.547637
47302	8.988993	-3.642836	1.619258	0.031277	0.047711	0.131228	-63.505120	-66.336987	170.570857
47303	8.968392	-3.683313	1.623511	0.055691	0.055932	0.100491	-63.471203	-66.269768	170.568304
47304	8.898125	-3.604670	1.691097	0.042176	0.072270	0.110933	-63.427909	-66.194829	170.547448
47305	8.855491	-3.712864	1.734012	0.056689	0.073108	0.102756	-63.375086	-66.122042	170.524837
47306	8.772128	-3.646390	1.817445	0.051878	0.069299	0.087058	-63.316256	-66.060078	170.493045
47307	8.837829	-3.706216	1.798470	0.051528	0.032153	0.082978	-63.302478	-66.007930	170.509903
47308	8.917034	-3.689730	1.700561	0.042409	0.034957	0.073796	-63.281135	-65.961584	170.513184
47309	8.862085	-3.669893	1.721806	0.044366	0.043239	0.067447	-63.249813	-65.914526	170.506343
47310	8.937299	-3.673489	1.681101	0.058000	0.048552	0.069632	-63.201703	-65.866803	170.490088
47311	8.832877	-3.672975	1.799852	0.052496	0.067427	0.070376	-63.140057	-65.811989	170.455105
47312	8.838233	-3.698967	1.757077	0.067137	0.038487	0.069709	-63.098463	-65.766822	170.451720
47313	8.888958	-3.712029	1.764518	0.057142	0.050974	0.060972	-63.047737	-65.721052	170.431604
47314	8.775922	-3.702754	1.841609	0.058888	0.044521	0.055096	-62.995815	-65.681775	170.411700
47315	8.910316	-3.617552	1.773783	0.058622	0.028998	0.063756	-62.970863	-65.640284	170.420788
47316	8.940682	-3.696190	1.744075	0.049145	0.044306	0.072159	-62.934749	-65.592347	170.412098
47317	8.921436	-3.732341	1.747865	0.052285	0.040400	0.071495	-62.905134	-65.543946	170.412076
47318	9.008129	-3.664991	1.702790	0.053657	0.046884	0.079093	-62.867681	-65.491795	170.404749
47319	8.911499	-3.762066	1.742832	0.025693	0.059583	0.086847	-62.840807	-65.430561	170.390983
47320	9.061738	-3.982473	1.738367	0.058056	0.085248	0.035502	-62.733390	-65.390564	170.309479
47321	8.621987	-3.225714	1.945227	0.055555	0.075124	0.080696	-62.669085	-65.328358	170.273331
47322	8.991132	-4.005261	1.535767	0.064089	0.106674	0.074029	-62.557244	-65.263011	170.190688
47323	8.760182	-3.611441	2.045200	0.022180	0.115840	0.081549	-62.468359	-65.189567	170.106358
47324	8.754679	-3.783474	1.910705	0.060716	0.101059	0.065228	-62.360522	-65.130060	170.025907
47325	8.748669	-3.729276	1.931430	0.029146	0.093768	0.060658	-62.280725	-65.072967	169.955912
47326	8.880361	-3.739469	1.823372	0.050465	0.081631	0.063632	-62.199782	-65.019351	169.898572
47327	8.844081	-3.805303	1.830146	0.035395	0.118829	0.062276	-62.090826	-64.954640	169.800281
47328	8.762833	-3.792645	1.904893	0.054507	0.114227	0.056360	-61.968845	-64.895856	169.700132
47329	8.779184	-3.731249	1.953061	0.053688	0.116175	0.051842	-61.847337	-64.836960	169.599447
47330	8.820392	-3.736909	1.926070	0.052788	0.109122	0.054783	-61.731916	-64.780178	169.505365
47331	8.795992	-3.730098	1.929390	0.051260	0.117589	0.064916	-61.618811	-64.714132	169.412327
47332	8.734185	-3.728467	2.012582	0.048140	0.117686	0.063029	-61.502654	-64.650699	169.314387
47333	8.733385	-3.774584	2.030847	0.046967	0.104459	0.063231	-61.405973	-64.588944	169.236703
47334	8.689162	-3.756689	2.024196	0.043619	0.102678	0.056918	-61.305705	-64.532557	169.153389
47335	8.667393	-3.732350	2.042330	0.039586	0.087401	0.057383	-61.228612	-64.478325	169.092645
47336	8.733559	-3.715585	2.054381	0.033167	0.061642	0.063899	-61.182142	-64.429663	169.062248
47337	9.010885	-3.818512	1.843180	0.031461	0.056818	0.083201	-61.157058	-64.370876	169.053959
47338	9.019656	-3.813401	1.837207	0.046922	0.113313	0.109227	-61.075188	-64.285154	168.992996
47339	8.825691	-3.847323	1.970461	0.057762	0.141406	0.113588	-60.965079	-64.187666	168.906999
47340	8.771275	-3.795057	2.033675	0.068673	0.138017	0.123742	-60.854674	-64.087700	168.828077
47341	8.773325	-3.826477	1.999524	0.068328	0.143780	0.127992	-60.745804	-63.982203	168.750032
47342	8.783826	-3.788972	2.034227	0.078701	0.152442	0.138747	-60.624990	-63.870561	168.665777
47343	8.765293	-3.778260	2.100067	0.080755	0.161261	0.152872	-60.507084	-63.747595	168.585434
47344	8.570905	-3.855053	2.242188	0.053919	0.159004	0.155347	-60.405038	-63.625675	168.506103
47345	8.652267	-3.755024	2.198987	0.054400	0.099687	0.151167	-60.364474	-63.520878	168.495096
47346	8.762178	-3.900711	2.050526	0.039593	0.117944	0.158101	-60.314323	-63.409158	168.464443
47347	8.633825	-3.856531	2.195950	0.040603	0.137434	0.157850	-60.248481	-63.290310	168.416280
47348	8.698988	-3.755333	2.256782	0.036834	0.105823	0.159497	-60.213344	-63.181319	168.400610
47349	8.793111	-3.630918	2.284938	-0.027293	0.102798	0.187461	-60.237629	-63.057582	168.409777
47350	8.628292	-4.181239	2.088194	-0.041648	0.115819	0.185884	-60.252517	-62.932625	168.399751
47351	8.681660	-3.884727	2.223755	-0.008404	0.096184	0.177220	-60.266482	-62.815867	168.409496
47352	8.650494	-3.907008	2.205587	-0.031674	0.106164	0.190812	-60.287660	-62.691203	168.412951
47353	8.621411	-3.971782	2.194417	-0.025621	0.101892	0.196023	-60.316036	-62.563471	168.427833
47354	8.521329	-3.997370	2.187658	-0.027697	0.110469	0.203429	-60.337452	-62.431304	168.434133
47355	8.588336	-4.062479	2.231378	-0.009810	0.066050	0.221388	-60.404149	-62.301085	168.502523
47356	8.821283	-3.898322	2.153555	-0.020500	0.064841	0.258105	-60.493367	-62.154554	168.590128
47357	8.717363	-4.132802	2.212734	-0.013840	0.103465	0.278612	-60.556179	-61.985171	168.651686
47358	8.406931	-4.035658	2.348878	-0.031173	0.103760	0.286567	-60.628374	-61.813382	168.713328
47359	8.476950	-3.987903	2.338765	-0.028072	0.064857	0.287855	-60.738378	-61.650132	168.819399
47360	8.425840	-4.149028	2.310920	-0.064834	0.062846	0.286147	-60.865537	-61.489884	168.921801
47361	8.582047	-4.322363	2.158648	-0.051784	0.047950	0.274251	-60.995165	-61.337936	169.035068
47362	8.544328	-4.336028	2.226241	-0.029815	0.084739	0.254211	-61.063779	-61.187428	169.093885
47363	8.512259	-4.245420	2.226001	-0.023428	0.085410	0.249592	-61.128724	-61.037312	169.152146
47364	8.550226	-4.296200	2.219492	-0.028920	0.096679	0.242598	-61.179025	-60.889271	169.190774
47365	8.485634	-4.346688	2.230749	-0.019502	0.120047	0.234874	-61.202257	-60.736935	169.203991
47366	8.296984	-4.267760	2.342881	-0.016406	0.121157	0.218094	-61.210833	-60.594426	169.203092
47367	8.179439	-4.260723	2.343132	-0.020101	0.101427	0.198267	-61.232808	-60.465600	169.214500
47368	8.263012	-4.296305	2.388943	-0.029791	0.065675	0.172057	-61.275598	-60.361505	169.244125
47369	8.405074	-4.390629	2.239644	-0.034322	0.055140	0.160511	-61.327880	-60.264368	169.281068
47370	8.356471	-4.406336	2.321446	-0.027998	0.064039	0.150302	-61.360146	-60.171638	169.299809
47371	8.533847	-4.367024	2.277677	-0.019124	0.053799	0.146826	-61.397894	-60.081722	169.330095
47372	8.529119	-4.404940	2.306458	-0.022326	0.077914	0.156234	-61.417325	-59.982193	169.337807
47373	8.448502	-4.393958	2.298484	-0.021287	0.080125	0.169133	-61.443644	-59.873834	169.353507
47374	8.258878	-4.383933	2.378499	-0.024783	0.074041	0.164590	-61.471564	-59.771156	169.369427
47375	8.304433	-4.269114	2.383502	-0.022322	0.054999	0.171197	-61.520775	-59.668616	169.410978
47376	8.194190	-4.365965	2.414858	-0.045215	0.033718	0.174776	-61.599373	-59.571795	169.472105
47377	8.322452	-4.342177	2.387100	-0.049426	0.004569	0.172846	-61.707309	-59.482086	169.563862
47378	8.351884	-4.383806	2.403424	-0.059171	-0.010610	0.188662	-61.837174	-59.390153	169.675358
47379	8.418683	-4.442207	2.323703	-0.067460	-0.005948	0.193979	-61.972752	-59.292403	169.787418
47380	8.673364	-4.487042	2.334606	-0.070375	-0.016777	0.214032	-62.124239	-59.189014	169.916831
47381	8.598485	-4.562866	2.258239	-0.082925	0.021186	0.234534	-62.262156	-59.063188	170.021541
47382	8.605133	-4.639936	2.273258	-0.063229	0.029382	0.250559	-62.384851	-58.928664	170.122471
47383	8.341532	-4.452255	2.421122	-0.077732	0.050378	0.258849	-62.504064	-58.782531	170.209089
47384	8.422143	-4.415859	2.447610	-0.086921	0.023758	0.272278	-62.652516	-58.638216	170.324579
47385	8.435542	-4.633850	2.318722	-0.114920	0.037764	0.290370	-62.814966	-58.479131	170.437181
47386	8.535344	-4.712323	2.276031	-0.111447	0.029733	0.299910	-62.981731	-58.318830	170.558057
47387	8.565369	-4.567588	2.302073	-0.104344	0.063226	0.343752	-63.136789	-58.125551	170.669490
47388	8.245989	-4.775622	2.324754	-0.120419	0.070908	0.362367	-63.297864	-57.922323	170.778089
47389	8.829632	-4.580438	2.432449	-0.100281	0.066657	0.394022	-63.465076	-57.702101	170.907126
47390	8.350729	-4.695492	2.322435	-0.155001	0.123427	0.455873	-63.637646	-57.437171	171.006411
47391	8.517269	-4.854002	2.361056	-0.142900	0.047145	0.501837	-63.883020	-57.166071	171.200037
47392	8.683181	-4.704985	2.402368	-0.150877	0.066604	0.575523	-64.139523	-56.853366	171.402833
47393	8.522441	-4.603148	2.753508	-0.190798	0.054856	0.640583	-64.451040	-56.507791	171.644131
47394	9.610415	-4.891866	2.513829	-0.237658	0.029858	0.750776	-64.840632	-56.112156	171.948756
47395	9.714854	-5.353194	2.049621	-0.253129	0.149687	0.915857	-65.200716	-55.599092	172.207920
47396	9.345575	-5.508135	2.109789	-0.208513	0.211506	1.049592	-65.523478	-55.002366	172.455235
47397	9.069226	-5.118740	2.384532	-0.192190	0.265554	1.174877	-65.831982	-54.325174	172.697668
47398	8.625535	-5.031111	2.573077	-0.204561	0.290459	1.276918	-66.149658	-53.589554	172.945642
47399	8.044345	-4.822851	2.685232	-0.238618	0.302532	1.354632	-66.493546	-52.808082	173.203573
47400	7.808870	-4.883704	2.754492	-0.271776	0.292972	1.401967	-66.862384	-52.004401	173.472588
47401	7.648492	-5.042411	2.586452	-0.316410	0.289822	1.445915	-67.260505	-51.175731	173.748502
47402	7.407084	-5.370025	2.455187	-0.327293	0.310248	1.474536	-67.643891	-50.327709	174.001460
47403	7.366966	-5.659150	2.530574	-0.328862	0.300856	1.478882	-68.024690	-49.476965	174.252122
47404	7.212538	-5.871575	2.471812	-0.322343	0.325206	1.453188	-68.366709	-48.635112	174.460454
47405	7.656750	-5.970164	2.633942	-0.295975	0.343711	1.396964	-68.661493	-47.817202	174.627482
47406	7.760594	-6.045907	2.585188	-0.315529	0.445315	1.369456	-68.892773	-46.993818	174.696125
47407	6.893471	-6.431688	2.061488	-0.305447	0.524825	1.348146	-69.065978	-46.163973	174.692759
47408	6.447356	-6.702673	2.236285	-0.278005	0.509072	1.284296	-69.214673	-45.372898	174.678034
47409	6.757659	-6.712717	2.155145	-0.220311	0.473933	1.214947	-69.335276	-44.624745	174.669102
47410	6.623148	-6.864858	2.113095	-0.215032	0.525272	1.166721	-69.413690	-43.893496	174.604984
47411	6.659696	-7.161749	2.233733	-0.165642	0.523204	1.110397	-69.456251	-43.191519	174.527918
47412	6.124115	-6.716201	1.994725	-0.137698	0.516994	1.085792	-69.480432	-42.505433	174.447526
47413	6.172238	-7.248624	2.078734	-0.128715	0.494030	1.063745	-69.509437	-41.834384	174.379679
47414	6.141666	-6.952038	2.215931	-0.079172	0.469789	1.042314	-69.516828	-41.181146	174.322447
47415	6.026901	-7.172753	2.047991	-0.097538	0.439469	1.059838	-69.554348	-40.523130	174.293048
47416	6.394991	-7.709545	2.236655	-0.097689	0.378025	1.057536	-69.617569	-39.880112	174.304343
47417	6.619078	-7.362362	2.467543	-0.014855	0.355932	1.048293	-69.642932	-39.244971	174.329334
47418	6.465909	-7.376908	2.314211	-0.036167	0.426145	1.059426	-69.649466	-38.591339	174.306814
47419	6.121258	-7.586343	2.378798	0.010773	0.432648	1.057149	-69.628283	-37.936176	174.280983
47420	5.932427	-7.464964	2.335768	0.041470	0.409679	1.063647	-69.598732	-37.283554	174.271563
47421	5.796823	-7.378698	2.461124	0.064749	0.422288	1.076786	-69.555090	-36.619895	174.258941
47422	5.641277	-7.539803	2.429026	0.071152	0.402353	1.104251	-69.518302	-35.946935	174.265737
47423	5.449915	-7.534092	2.570457	0.090674	0.366741	1.129729	-69.489768	-35.265991	174.304084
47424	5.520406	-7.382607	2.884973	0.086724	0.310034	1.147801	-69.484968	-34.588200	174.382561
47425	5.477662	-7.143806	3.079884	0.055052	0.292736	1.170119	-69.508354	-33.900428	174.478194
47426	5.299791	-7.076865	3.256570	-0.002910	0.277159	1.190814	-69.569666	-33.206074	174.586181
47427	5.394797	-7.125183	3.465662	-0.066550	0.241057	1.211595	-69.682157	-32.506181	174.721253
47428	5.578171	-7.108235	3.551877	-0.129687	0.243836	1.232902	-69.827845	-31.795474	174.855467
47429	5.364573	-7.252302	3.523111	-0.212979	0.274374	1.255599	-70.012308	-31.064829	174.973259
47430	5.176950	-7.369991	3.396150	-0.269821	0.267585	1.275777	-70.228992	-30.325683	175.094962
47431	5.282803	-7.606156	3.471986	-0.336348	0.276289	1.288076	-70.480337	-29.576457	175.210503
47432	5.422360	-7.734684	3.390135	-0.366132	0.318111	1.293658	-70.731699	-28.817174	175.295825
47433	5.026069	-7.842581	3.142888	-0.406925	0.388295	1.311527	-70.985890	-28.033436	175.338155
47434	4.765038	-8.119045	3.010131	-0.423206	0.413569	1.323279	-71.239594	-27.239763	175.362434
47435	5.049572	-8.264410	3.020839	-0.429863	0.426465	1.329318	-71.493224	-26.439130	175.376749
47436	4.855414	-8.549015	3.041820	-0.438057	0.490225	1.322820	-71.730903	-25.631694	175.346512
47437	4.699226	-8.320849	2.918028	-0.433622	0.508615	1.297809	-71.959338	-24.833541	175.297532
47438	4.324195	-8.547007	2.921341	-0.456585	0.564357	1.305040	-72.185836	-24.022968	175.212737
47439	4.385547	-8.317688	2.954490	-0.451028	0.562610	1.296413	-72.409980	-23.216602	175.125027
47440	4.096476	-8.374290	2.823326	-0.483188	0.619337	1.310311	-72.639385	-22.394323	175.002729
47441	3.703225	-8.594294	2.736141	-0.489208	0.593372	1.323578	-72.880528	-21.568609	174.895839
47442	3.535794	-8.733046	2.682893	-0.505713	0.568365	1.320644	-73.135404	-20.750184	174.799321
47443	3.632937	-8.810626	2.688358	-0.521286	0.548802	1.313990	-73.403944	-19.938016	174.710151
47444	3.416180	-8.786475	2.712138	-0.539938	0.537530	1.317402	-73.684445	-19.127254	174.623941
47445	3.300311	-8.907977	2.589334	-0.561370	0.503834	1.324034	-73.984828	-18.317632	174.555005
47446	3.410203	-9.030347	2.686954	-0.580784	0.473900	1.325977	-74.300326	-17.512999	174.498990
47447	3.804784	-9.223053	2.778396	-0.595477	0.463958	1.328321	-74.626521	-16.707939	174.445080
47448	3.848874	-9.242781	2.728807	-0.620496	0.496003	1.347675	-74.961127	-15.888646	174.370690
47449	3.443608	-9.419620	2.561448	-0.646918	0.472259	1.379794	-75.316569	-15.054646	174.310420
47450	3.451480	-9.422954	2.424166	-0.681532	0.398852	1.423167	-75.702608	-14.208360	174.292939
47451	3.467442	-9.470650	2.380770	-0.698727	0.336552	1.489750	-76.109084	-13.333151	174.315049
47452	3.672638	-9.255533	2.316894	-0.698398	0.331457	1.563211	-76.515543	-12.418362	174.343499
47453	3.608608	-9.213938	2.209897	-0.704337	0.404067	1.642832	-76.918191	-11.448845	174.334854
47454	3.500904	-9.213202	2.221829	-0.682431	0.479303	1.706984	-77.299655	-10.434561	174.284762
47455	3.346776	-9.082434	2.097476	-0.668119	0.561431	1.790889	-77.667438	-9.363093	174.192259
47456	3.326014	-9.241394	1.879443	-0.664896	0.624853	1.885046	-78.029435	-8.232237	174.068485
47457	3.048235	-9.093910	1.806798	-0.622619	0.727104	1.986142	-78.363670	-7.033286	173.892373
47458	2.740144	-9.030628	1.776312	-0.622772	0.790550	2.102088	-78.697578	-5.763214	173.687009
47459	2.476399	-9.198052	1.492308	-0.611625	0.822533	2.201309	-79.029432	-4.435075	173.467735
47460	1.870820	-9.045279	1.283085	-0.599304	0.842235	2.303810	-79.357990	-3.048370	173.241066
47461	1.264062	-9.210477	1.125781	-0.645309	0.751011	2.420618	-79.721724	-1.606958	173.069890
47462	0.712467	-9.094760	0.814658	-0.644410	0.574234	2.540336	-80.089893	-0.116665	173.001403
47463	0.366474	-8.745118	0.454895	-0.628510	0.394272	2.597408	-80.450706	1.387651	173.030507
47464	2.002642	-5.198837	-0.508135	-0.396016	-0.193206	2.167402	-80.666684	2.594163	173.343936
47465	7.986918	-3.359588	-1.912401	-0.803627	-0.705402	1.235819	-81.102269	3.228466	173.856002
47466	11.752038	-7.025406	-1.254315	-1.084654	-0.688035	-0.115462	-81.702658	3.103787	174.236822
47467	12.457439	-7.469603	-0.869054	-0.975908	-0.776854	-1.658929	-82.249263	2.098470	174.545153
47468	12.239530	-4.728098	0.090133	-0.997303	-0.583713	-2.951363	-82.818251	0.378021	174.657401
47469	12.111051	-5.939469	0.628057	-0.919233	-0.089027	-3.940506	-83.343710	-1.872917	174.435830
47470	10.998279	-7.961170	1.331043	-0.554876	0.664177	-4.636327	-83.624011	-4.469340	173.755659
47471	8.277585	-8.678007	1.648129	-0.021211	1.271844	-4.966546	-83.530940	-7.220542	172.707545
47472	5.430024	-8.333345	1.052595	0.462675	1.570468	-4.948634	-83.081134	-9.932112	171.469994
47473	3.070620	-8.232903	0.388874	0.826066	1.535463	-4.738330	-82.367540	-12.519403	170.229544
47474	1.899640	-8.244102	-0.097430	1.110365	1.127523	-4.587039	-81.483913	-15.031180	169.191352
47475	1.716816	-8.162617	-0.555735	1.298181	0.508213	-4.528754	-80.538659	-17.554330	168.469145
47476	2.697778	-7.718665	-0.515048	1.458005	-0.157229	-4.526753	-79.580709	-20.124913	168.090230
47477	3.903591	-7.521882	-0.265408	1.546910	-0.583062	-4.548552	-78.631121	-22.752867	167.913447
47478	5.596768	-7.214923	-0.007586	1.652874	-0.739072	-4.527395	-77.630823	-25.378835	167.783357
47479	7.120486	-7.152699	0.180529	1.711585	-0.558298	-4.444253	-76.522334	-27.938083	167.495126
47480	7.759385	-6.941510	-0.083391	1.713960	-0.219952	-4.374838	-75.267498	-30.400178	166.935930
47481	7.160443	-6.756436	-0.419015	1.634883	0.157499	-4.303405	-73.875803	-32.759299	166.064163
47482	6.045424	-6.669662	-0.748464	1.467717	0.280803	-4.198362	-72.463587	-35.015595	165.040085
47483	5.206661	-6.558109	-1.023655	1.227182	0.186494	-4.057053	-71.159153	-37.197255	164.016840
47484	4.922579	-6.630870	-1.054751	0.910496	-0.057048	-3.904148	-70.076434	-39.318678	163.111107
47485	5.351151	-6.630524	-0.992175	0.560110	-0.316460	-3.764005	-69.265606	-41.410666	162.351746
47486	6.172156	-6.922979	-0.664542	0.187269	-0.523519	-3.656899	-68.727761	-43.474643	161.713944
47487	7.356937	-7.051944	-0.335671	-0.188730	-0.583555	-3.571178	-68.410182	-45.508221	161.103489
47488	8.411875	-7.233863	0.009518	-0.603094	-0.499049	-3.510082	-68.253536	-47.483247	160.411231
47489	8.978347	-7.514913	0.281760	-1.038793	-0.244099	-3.452754	-68.170722	-49.379013	159.502093
47490	8.552062	-8.059564	0.519225	-1.465354	0.022371	-3.366631	-68.132452	-51.165095	158.360773
47491	7.883809	-8.443437	0.616536	-1.870466	0.249590	-3.219459	-68.159362	-52.830903	157.032157
47492	7.432195	-8.681912	0.695691	-2.247929	0.398940	-3.031263	-68.285983	-54.359417	155.589291
47493	7.624261	-8.977961	0.707668	-2.606903	0.501767	-2.851362	-68.540436	-55.779601	154.075293
47494	8.027454	-9.246321	0.769382	-2.930983	0.615654	-2.691831	-68.880897	-57.089056	152.468554
47495	8.154306	-9.475524	0.843003	-3.194842	0.721129	-2.554794	-69.278480	-58.315388	150.771068
47496	8.237963	-9.677610	1.119862	-3.388370	0.768062	-2.456178	-69.720145	-59.479896	149.019602
47497	8.556556	-10.042792	1.422512	-3.491490	0.779640	-2.379922	-70.185973	-60.613969	147.246341
47498	8.424303	-10.288676	1.792607	-3.453629	0.834933	-2.293245	-70.545775	-61.691235	145.398048
47499	8.060243	-10.698485	2.103524	-3.299593	0.878954	-2.155208	-70.764478	-62.695304	143.506218
47500	7.988502	-11.022750	2.377532	-3.019273	0.881952	-1.996038	-70.808682	-63.609427	141.616916
47501	8.460270	-11.411056	2.458212	-2.706654	0.891040	-1.859441	-70.652923	-64.451760	139.717236
47502	8.742504	-11.358306	2.220883	-2.363624	0.988135	-1.744990	-70.159327	-65.204297	137.675568
47503	8.305759	-11.082715	1.949619	-2.020362	1.069371	-1.644716	-69.340606	-65.880757	135.503264
47504	7.711596	-10.727256	1.435358	-1.699110	1.090691	-1.528081	-68.278229	-66.471692	133.277824
47505	7.056296	-10.296501	1.009119	-1.389220	1.065249	-1.371442	-67.072987	-66.970448	131.098266
47506	6.705101	-9.852486	0.563751	-1.097649	0.975919	-1.189415	-65.837899	-67.372306	129.075929
47507	6.552099	-9.356542	0.252935	-0.840428	0.859320	-1.018919	-64.652430	-67.699329	127.271127
47508	6.485439	-8.822085	0.003425	-0.624664	0.693229	-0.857828	-63.607176	-67.968710	125.756048
47509	6.917267	-8.397694	-0.221478	-0.460300	0.492475	-0.739942	-62.775663	-68.222318	124.574665
47510	7.126836	-8.238576	-0.221461	-0.335087	0.374503	-0.628100	-62.070082	-68.442408	123.608898
47511	6.219010	-11.422919	-0.676604	-0.340342	0.470776	0.108088	-61.746851	-68.262787	123.050382
47512	6.185824	-9.501201	2.938575	-0.348026	0.215483	0.180227	-61.796981	-68.113841	122.889641
47513	7.375271	-12.444050	4.187434	-0.049280	0.738934	0.501284	-61.255194	-67.660733	122.273358
47514	4.920790	-12.597338	6.302425	0.118686	0.845505	0.470104	-60.485157	-67.190056	121.513123
47515	4.500000	-9.729418	4.631984	0.549252	-0.025338	0.427990	-60.495131	-66.983803	121.864661
47516	7.025621	-8.248630	1.833809	0.631401	-0.305649	0.260500	-60.664911	-66.940253	122.442318
47517	10.925566	-2.169523	1.488121	0.531881	-0.245807	-0.331117	-60.438984	-67.173856	122.527013
47518	9.397419	-2.243771	1.841368	-0.149157	0.357054	-0.061295	-60.062285	-67.103271	122.025499
47519	6.727026	-3.422179	3.088255	0.052675	0.001384	-0.129727	-59.951686	-67.166625	121.937323
47520	8.590906	-2.125795	2.143787	-0.051239	-0.358216	0.037000	-60.430394	-67.250697	122.424774
47521	8.970336	-3.070774	1.551145	-0.127996	-0.234622	0.124913	-60.875864	-67.253479	122.827455
47522	9.426069	-3.125218	1.483647	-0.127205	-0.246795	0.210792	-61.383246	-67.216423	123.298704
47523	9.542558	-3.596793	1.188935	-0.082343	-0.102217	0.291811	-61.750624	-67.096567	123.645304
47524	9.013584	-3.761695	1.719381	-0.060226	-0.034999	0.290207	-62.012190	-66.959797	123.891964
47525	8.954935	-3.869840	1.703947	-0.026140	-0.112855	0.237996	-62.319651	-66.868658	124.209033
47526	9.123795	-3.921034	1.509784	-0.020538	-0.093878	0.174426	-62.551432	-66.805382	124.448382
47527	9.106591	-3.780722	1.466767	0.008867	-0.055787	0.114099	-62.691584	-66.761223	124.605523
47528	9.084647	-3.697799	1.529653	0.008588	-0.022414	0.078728	-62.761794	-66.727443	124.687342
47529	8.943953	-3.687338	1.646958	0.016491	-0.006249	0.058145	-62.804167	-66.698630	124.742858
47530	8.965252	-3.617570	1.623278	0.021247	-0.007368	0.041282	-62.826260	-66.679946	124.780214
47531	9.025517	-3.595638	1.560832	0.021113	-0.006681	0.038715	-62.854565	-66.661117	124.823306
47532	9.029324	-3.600071	1.538945	0.033299	0.026866	0.040642	-62.828855	-66.633800	124.816128
47533	9.041919	-3.615055	1.572422	0.036812	0.043345	0.050696	-62.796415	-66.595780	124.802845
47534	9.017229	-3.629411	1.525001	0.050592	0.079844	0.045019	-62.701290	-66.552330	124.730811
47535	8.895883	-3.628079	1.658330	0.058779	0.101506	0.041346	-62.582792	-66.503740	124.637405
47536	8.935600	-3.514698	1.672739	0.071279	0.093993	0.058122	-62.467944	-66.449777	124.556735
47537	8.769639	-3.575604	1.825125	0.049304	0.103010	0.066289	-62.369173	-66.387972	124.478842
47538	8.713744	-3.670044	1.926566	0.033571	0.046101	0.042578	-62.322797	-66.354534	124.449262
47539	8.820983	-3.556454	1.797625	0.018239	0.003473	0.035036	-62.338578	-66.334997	124.476955
47540	8.902205	-3.602761	1.719273	0.003561	-0.002402	0.027915	-62.356707	-66.321898	124.499021
47541	8.873877	-3.614775	1.688197	0.003244	-0.004759	0.031827	-62.388582	-66.306163	124.534914
47542	8.885494	-3.596898	1.689462	0.002338	-0.008080	0.034526	-62.417919	-66.291206	124.568461
47543	8.891826	-3.633361	1.692430	-0.002676	-0.007464	0.031489	-62.456034	-66.276340	124.607468
47544	8.903771	-3.670966	1.671440	-0.001534	-0.011180	0.028212	-62.487288	-66.265395	124.640693
47545	8.946895	-3.667740	1.630320	0.006172	-0.007489	0.017445	-62.511859	-66.257650	124.670446
47546	8.895079	-3.640935	1.667146	0.006647	0.004845	0.018840	-62.514234	-66.247221	124.677246
47547	8.916139	-3.631690	1.722621	0.016415	0.004987	0.019782	-62.519930	-66.234982	124.692786
47548	8.913583	-3.656530	1.674854	0.012081	0.015957	0.014618	-62.503827	-66.223761	124.682799
47549	8.881905	-3.697587	1.696812	0.014150	0.010519	0.011594	-62.499529	-66.214217	124.685998
47550	8.892135	-3.589762	1.694213	0.011584	0.008659	0.010272	-62.489530	-66.207134	124.682369
47551	8.857052	-3.661059	1.766954	0.014222	0.009224	0.005509	-62.483046	-66.201019	124.683222
47552	8.873448	-3.665147	1.696573	0.010429	-0.000193	-0.003929	-62.475390	-66.203495	124.681429
47553	8.860851	-3.629567	1.716700	-0.002041	-0.001492	-0.008757	-62.482016	-66.207456	124.686425
47554	8.901378	-3.654367	1.727293	0.004705	-0.004871	-0.007783	-62.480716	-66.213129	124.687995
47555	8.874663	-3.662462	1.696013	-0.000969	-0.005803	-0.020675	-62.484548	-66.224280	124.690609
47556	8.895508	-3.617653	1.722660	0.000419	-0.005871	-0.021777	-62.478447	-66.237329	124.684250
47557	8.921978	-3.629958	1.703720	-0.002942	-0.006704	-0.020788	-62.484393	-66.248771	124.687937
47558	8.902661	-3.615385	1.698083	0.003691	0.001291	-0.019637	-62.469424	-66.258835	124.673939
47559	8.934070	-3.573856	1.678306	0.007366	0.006370	-0.009809	-62.460977	-66.261234	124.668352
47560	8.903154	-3.613254	1.700033	0.010086	0.018211	-0.003185	-62.432701	-66.258454	124.643820
47561	8.890369	-3.633459	1.699858	0.003321	0.010907	-0.006899	-62.423091	-66.258172	124.634428
47562	8.877336	-3.598252	1.721232	0.010832	0.013439	0.003543	-62.403962	-66.253236	124.620355
47563	8.893063	-3.547440	1.673700	0.009868	0.022095	0.015068	-62.390956	-66.238823	124.611348
47564	8.919332	-3.595402	1.685624	0.013791	0.030817	0.027064	-62.364313	-66.217326	124.590915
47565	8.855933	-3.677684	1.729373	0.012617	0.028885	0.024639	-62.347734	-66.196252	124.579715
47566	8.874647	-3.636398	1.759262	0.011989	0.022282	0.017735	-62.326384	-66.181754	124.563932
47567	8.910356	-3.654733	1.695816	0.010812	0.020355	0.015312	-62.315069	-66.167670	124.557350
47568	8.852739	-3.625961	1.758202	0.009634	0.018429	0.012890	-62.296609	-66.156652	124.543248
47569	8.857511	-3.628530	1.736017	0.006624	0.009880	0.015877	-62.300080	-66.145064	124.550205
47570	8.900660	-3.624718	1.696926	0.008603	0.010773	0.015987	-62.292873	-66.134514	124.547760
47571	8.892456	-3.592666	1.694642	0.008059	0.015443	0.020463	-62.291910	-66.119114	124.550765
47572	8.856471	-3.665291	1.768009	0.009036	0.019350	0.026401	-62.280905	-66.100996	124.544436
47573	8.859151	-3.636603	1.718390	0.008872	0.009375	0.021109	-62.286814	-66.086882	124.555464
47574	8.872835	-3.649396	1.748740	0.005112	0.010632	0.014408	-62.280832	-66.077170	124.552169
47575	8.872174	-3.650476	1.749839	0.005910	0.009603	0.012099	-62.282764	-66.067559	124.556988
47576	8.884330	-3.630715	1.752608	0.003003	0.010432	0.011733	-62.276616	-66.059257	124.552190
47577	8.851114	-3.639295	1.746080	0.001773	0.002880	0.003630	-62.283512	-66.055730	124.559846
47578	8.876331	-3.654305	1.728296	-0.011063	0.011204	0.011512	-62.284411	-66.047334	124.553938
47579	8.851890	-3.617498	1.795781	0.006809	-0.007821	0.012587	-62.306010	-66.042108	124.580839
47580	8.877346	-3.538498	1.671186	0.006786	-0.000901	0.024349	-62.318183	-66.030423	124.598461
47581	8.892182	-3.585050	1.728405	0.004643	0.007704	0.048158	-62.344543	-66.003012	124.629218
47582	8.879073	-3.642205	1.755405	-0.003098	0.019129	0.050033	-62.354835	-65.972962	124.638588
47583	8.837166	-3.676405	1.723483	-0.001340	-0.000616	0.042132	-62.390385	-65.950811	124.675663
47584	8.914128	-3.699140	1.718220	-0.007752	0.010156	0.034271	-62.404102	-65.931142	124.685867
47585	8.823464	-3.679585	1.771022	-0.000326	-0.010550	0.024545	-62.439837	-65.920541	124.723786
47586	8.917874	-3.705230	1.693986	-0.006018	0.005526	0.017500	-62.447830	-65.910615	124.728810
47587	8.785442	-3.665556	1.836481	-0.002710	0.000723	0.010833	-62.463965	-65.903977	124.743765
47588	8.946504	-3.635705	1.645835	0.000998	-0.011211	0.014807	-62.485341	-65.899850	124.767854
47589	8.854115	-3.677430	1.777331	-0.009518	0.010437	0.012967	-62.495589	-65.889552	124.772087
47590	8.820888	-3.630782	1.791573	0.003310	-0.013006	0.013962	-62.517160	-65.886323	124.797844
47591	8.939534	-3.693783	1.646557	-0.003758	-0.006930	0.013931	-62.544368	-65.880117	124.824276
47592	8.852833	-3.681173	1.775968	-0.005350	0.005195	0.012631	-62.549434	-65.872751	124.826513
47593	8.837996	-3.671081	1.745986	-0.005072	-0.018223	0.014864	-62.590754	-65.869042	124.867584
47594	8.850562	-3.651759	1.746243	-0.003886	-0.011273	0.014325	-62.614659	-65.865154	124.891384
47595	8.850118	-3.708854	1.723237	-0.010751	-0.012216	0.013736	-62.651724	-65.860415	124.924227
47596	8.908363	-3.661104	1.732391	0.000412	-0.017220	0.016546	-62.681206	-65.856951	124.956839
47597	8.911812	-3.687521	1.658423	-0.003292	-0.005280	0.012577	-62.705420	-65.850962	124.980285
47598	8.852692	-3.665494	1.818165	-0.003090	-0.012303	0.012016	-62.728652	-65.848501	125.003850
47599	8.845615	-3.649724	1.664057	-0.003620	-0.002600	0.013532	-62.750548	-65.841312	125.024550
47600	8.828530	-3.646836	1.734385	-0.002686	-0.014409	0.019693	-62.780411	-65.835484	125.055639
47601	8.853311	-3.663238	1.715676	-0.005458	0.007749	0.024781	-62.798155	-65.819845	125.070632
47602	8.853959	-3.697846	1.742618	-0.008883	-0.013820	0.028947	-62.836249	-65.809135	125.106858
47603	8.845981	-3.666926	1.737647	0.001949	-0.011110	0.029753	-62.873981	-65.795881	125.148419
47604	8.852254	-3.702829	1.740699	-0.005518	-0.002920	0.022051	-62.893714	-65.785824	125.166634
47605	8.849752	-3.728472	1.690604	-0.006377	-0.012559	0.021629	-62.933076	-65.777071	125.204758
47606	8.856537	-3.708156	1.715093	-0.003937	-0.004971	0.017436	-62.951520	-65.769896	125.222556
47607	8.835997	-3.696822	1.709086	0.001874	-0.006651	0.018162	-62.977418	-65.761355	125.251101
47608	8.841091	-3.644588	1.706516	0.004401	-0.008581	0.028506	-63.001546	-65.749462	125.280374
47609	8.867304	-3.638178	1.737419	0.001982	0.005850	0.035592	-63.023228	-65.728761	125.304366
47610	8.801534	-3.689420	1.750526	0.000417	-0.007249	0.049055	-63.059889	-65.706017	125.344894
47611	8.814333	-3.705225	1.778838	0.001212	-0.013328	0.049695	-63.111688	-65.683071	125.401455
47612	8.863856	-3.738121	1.740969	0.000074	-0.016518	0.041203	-63.154375	-65.666714	125.448394
47613	8.842743	-3.728729	1.733745	-0.004158	-0.021932	0.038813	-63.212576	-65.651509	125.508621
47614	8.816253	-3.717781	1.749756	-0.004289	-0.026284	0.039201	-63.267533	-65.638659	125.566295
47615	8.851709	-3.738842	1.681231	-0.001976	-0.033142	0.041299	-63.338416	-65.625009	125.641830
47616	8.839622	-3.739684	1.726046	-0.002936	-0.025104	0.044164	-63.393947	-65.609262	125.700998
47617	8.844017	-3.744999	1.699575	-0.001040	-0.034895	0.041538	-63.466251	-65.595866	125.778699
47618	8.874395	-3.709188	1.676235	-0.000612	-0.031980	0.046252	-63.529243	-65.580750	125.847536
47619	8.878318	-3.715257	1.650536	0.002782	-0.012930	0.057177	-63.583158	-65.553655	125.907464
47620	8.883293	-3.753896	1.653342	0.003854	-0.010330	0.057029	-63.624998	-65.527441	125.955901
47621	8.862677	-3.778067	1.675255	0.007937	0.002085	0.059970	-63.660375	-65.495057	125.998725
47622	8.815127	-3.755431	1.688959	0.005504	0.009641	0.055310	-63.677641	-65.464627	126.021214
47623	8.845934	-3.752693	1.696646	0.011350	-0.003451	0.055848	-63.714824	-65.435746	126.068190
47624	8.854684	-3.760624	1.649654	0.006588	0.007171	0.058101	-63.735668	-65.404500	126.095308
47625	8.810611	-3.746562	1.740095	0.009645	0.005589	0.061006	-63.766362	-65.370658	126.134089
47626	8.851364	-3.803047	1.678541	0.005395	0.000184	0.058619	-63.795865	-65.340903	126.169996
47627	8.828742	-3.849824	1.651953	0.015876	0.002462	0.039623	-63.814546	-65.318827	126.199501
47628	8.835650	-3.775386	1.699886	0.009299	0.005188	0.041204	-63.826525	-65.296752	126.218597
47629	8.871585	-3.828553	1.662518	0.015431	0.005843	0.038018	-63.840733	-65.274636	126.242903
47630	8.843396	-3.784698	1.655142	0.017734	0.020464	0.034391	-63.827046	-65.252202	126.239067
47631	8.850604	-3.797487	1.710807	0.021403	0.024889	0.035558	-63.815227	-65.226538	126.238482
47632	8.809024	-3.774184	1.703116	0.018029	0.030387	0.039654	-63.793239	-65.198888	126.225687
47633	8.794005	-3.797538	1.704843	0.021429	0.029927	0.032602	-63.774218	-65.173467	126.217181
47634	8.814177	-3.790034	1.762197	0.021536	0.014026	0.043993	-63.770822	-65.147727	126.227082
47635	8.804678	-3.815404	1.738883	0.018356	0.016308	0.038523	-63.771921	-65.122706	126.238804
47636	8.790802	-3.783222	1.760836	0.020191	0.012829	0.039023	-63.767890	-65.099823	126.247160
47637	8.819946	-3.802712	1.720405	0.018964	0.005871	0.039560	-63.780716	-65.076907	126.272201
47638	8.812794	-3.804308	1.745548	0.017750	0.010279	0.040254	-63.781549	-65.054036	126.284380
47639	8.846126	-3.793696	1.654168	0.025083	0.014057	0.045533	-63.785010	-65.025973	126.302966
47640	8.787910	-3.853975	1.723153	0.020524	0.029030	0.047364	-63.767413	-64.994701	126.296572
47641	8.812101	-3.816730	1.729539	0.034580	0.016716	0.047412	-63.763503	-64.965001	126.313031
47642	8.796565	-3.841092	1.731088	0.020996	0.031912	0.052050	-63.745050	-64.930590	126.305987
47643	8.783042	-3.842005	1.781834	0.032287	0.019739	0.054292	-63.742835	-64.896587	126.322871
47644	8.823774	-3.810031	1.716802	0.030326	0.017609	0.048125	-63.732630	-64.867818	126.330836
47645	8.751036	-3.858610	1.756562	0.025752	0.021222	0.049796	-63.730069	-64.835748	126.343208
47646	8.825847	-3.851446	1.726198	0.032779	0.015047	0.049824	-63.722168	-64.806756	126.355277
47647	8.829129	-3.856925	1.705517	0.032223	0.025446	0.048753	-63.710710	-64.774147	126.361915
47648	8.822289	-3.890739	1.760380	0.035766	0.024253	0.044263	-63.688070	-64.745677	126.359587
47649	8.793890	-3.847132	1.754692	0.034274	0.031333	0.045887	-63.667522	-64.713042	126.357470
47650	8.798089	-3.884049	1.762696	0.032011	0.031889	0.040670	-63.636863	-64.684474	126.343891
47651	8.783964	-3.851628	1.786611	0.030204	0.035349	0.040148	-63.611268	-64.653759	126.333607
47652	8.768604	-3.874828	1.789042	0.027761	0.031573	0.035340	-63.580612	-64.628001	126.317330
47653	8.758967	-3.899534	1.767445	0.028064	0.028883	0.034393	-63.560212	-64.601879	126.311432
47654	8.789406	-3.862858	1.750583	0.027319	0.028649	0.030637	-63.530521	-64.579274	126.295936
47655	8.744439	-3.900368	1.821869	0.023963	0.026619	0.025575	-63.510232	-64.558248	126.287552
47656	8.775244	-3.863270	1.804239	0.019317	0.018906	0.027119	-63.493796	-64.539932	126.281653
47657	8.746515	-3.873973	1.775701	0.024374	0.016916	0.024101	-63.482946	-64.522134	126.283982
47658	8.752929	-3.853716	1.803401	0.017943	0.018977	0.028205	-63.467829	-64.503243	126.278671
47659	8.771268	-3.868969	1.811346	0.019483	0.016929	0.023621	-63.459512	-64.485687	126.280701
47660	8.723845	-3.898035	1.804124	0.011463	0.007208	0.020114	-63.456424	-64.473954	126.284603
47661	8.742046	-3.880764	1.782868	0.011292	0.001631	0.014488	-63.464308	-64.464991	126.299387
47662	8.761150	-3.895069	1.789103	0.005349	0.004113	0.011201	-63.463263	-64.458620	126.301672
47663	8.786016	-3.910803	1.771681	0.010264	0.002842	0.005637	-63.465681	-64.453880	126.309746
47664	8.792684	-3.857181	1.770197	0.006492	0.011755	0.008081	-63.454115	-64.447152	126.301097
47665	8.721351	-3.901587	1.808500	0.011886	0.012138	0.001166	-63.443241	-64.442326	126.295466
47666	8.742992	-3.890765	1.864232	0.006472	0.004219	-0.001031	-63.434890	-64.442196	126.290365
47667	8.709347	-3.865637	1.829558	0.001245	0.000633	-0.003642	-63.439848	-64.442775	126.295530
47668	8.734818	-3.880507	1.811104	-0.003127	-0.009740	-0.003026	-63.450889	-64.447243	126.305829
47669	8.760477	-3.895237	1.792031	-0.004494	-0.010900	-0.007973	-63.469167	-64.452991	126.322115
47670	8.749104	-3.859036	1.810572	-0.000208	-0.011868	-0.008697	-63.477792	-64.460909	126.331589
47671	8.762330	-3.925681	1.817310	-0.005910	-0.017112	-0.009956	-63.502489	-64.469257	126.354091
47672	8.789035	-3.852347	1.790808	-0.007478	-0.021363	-0.008451	-63.525627	-64.479472	126.375029
47673	8.763030	-3.892556	1.785363	-0.007953	-0.023021	-0.007100	-63.559392	-64.487853	126.406283
47674	8.765904	-3.868129	1.831918	-0.015755	-0.022114	-0.007942	-63.588390	-64.497989	126.428456
47675	8.744765	-3.878350	1.774767	-0.009946	-0.023883	-0.007210	-63.624192	-64.506629	126.460700
47676	8.745498	-3.877916	1.772100	-0.010128	-0.028221	-0.006798	-63.657193	-64.517721	126.490877
47677	8.798090	-3.851925	1.754712	-0.009618	-0.020271	-0.005075	-63.690091	-64.524330	126.520109
47678	8.752306	-3.879116	1.743535	-0.012703	-0.023727	-0.005029	-63.720712	-64.533357	126.546011
47679	8.813364	-3.863029	1.779162	-0.009183	-0.023672	-0.003467	-63.757915	-64.539991	126.580285
47680	8.773119	-3.891991	1.744423	-0.012042	-0.017739	-0.006794	-63.780790	-64.548397	126.598025
47681	8.775843	-3.867804	1.791567	-0.010196	-0.014922	-0.003199	-63.809288	-64.552667	126.622013
47682	8.751189	-3.852323	1.807711	-0.014792	-0.018822	-0.010652	-63.832886	-64.563323	126.638806
47683	8.782808	-3.868432	1.763344	-0.009487	-0.028545	-0.011655	-63.871228	-64.575371	126.674145
47684	8.814411	-3.884523	1.718958	-0.014788	-0.018829	-0.010653	-63.894869	-64.586022	126.690986
47685	8.740294	-3.870401	1.799200	-0.020375	-0.007675	-0.014750	-63.915248	-64.594392	126.699527
47686	8.760025	-3.850717	1.775129	-0.013867	-0.021817	-0.016442	-63.938562	-64.608770	126.716587
47687	8.783928	-3.888532	1.705683	-0.015065	-0.017401	-0.015759	-63.965916	-64.620102	126.736220
47688	8.787044	-3.863511	1.752999	-0.010280	-0.010405	-0.014757	-63.975720	-64.630737	126.740599
47689	8.762524	-3.847523	1.769713	-0.013511	-0.011905	-0.011220	-63.998646	-64.638348	126.756314
47690	8.744356	-3.865582	1.789797	-0.012814	-0.023044	-0.007600	-64.027449	-64.648468	126.780110
47691	8.808850	-3.874866	1.752295	-0.012081	-0.029127	-0.006938	-64.070558	-64.658184	126.819068
47692	8.770219	-3.847800	1.738294	-0.015419	-0.024853	-0.008908	-64.102177	-64.669418	126.844325
47693	8.740238	-3.830756	1.777180	-0.015305	-0.030636	-0.003405	-64.150689	-64.677668	126.887213
47694	8.835285	-3.857279	1.697107	-0.014248	-0.033100	-0.000602	-64.195066	-64.686661	126.927321
47695	8.810535	-3.842543	1.712329	-0.011141	-0.023337	0.002442	-64.236348	-64.690051	126.964849
47696	8.764380	-3.870565	1.701380	-0.007301	-0.019654	0.006146	-64.265663	-64.692191	126.992697
47697	8.810769	-3.843743	1.708427	0.001291	-0.015269	0.007765	-64.293818	-64.690813	127.023583
47698	8.824773	-3.856309	1.736683	-0.007543	-0.004365	0.013273	-64.310326	-64.685464	127.037111
47699	8.787976	-3.856516	1.652375	-0.000651	-0.003522	0.013842	-64.329933	-64.678027	127.057313
47700	8.804057	-3.845505	1.730716	0.001225	0.004364	0.014488	-64.332517	-64.669882	127.060995
47701	8.763396	-3.907975	1.726371	0.002750	0.003562	0.015942	-64.343522	-64.659605	127.073838
47702	8.777549	-3.833018	1.750031	0.010113	0.006064	0.015161	-64.339506	-64.650690	127.075852
47703	8.795475	-3.815943	1.728887	0.010874	0.007522	0.024952	-64.346227	-64.634777	127.089108
47704	8.768509	-3.890788	1.754539	0.009204	0.010280	0.026990	-64.344324	-64.618706	127.092886
47705	8.829984	-3.871064	1.693303	0.010114	0.009774	0.033286	-64.353340	-64.597932	127.108206
47706	8.822984	-3.872044	1.718735	0.009567	0.020194	0.032218	-64.343173	-64.576702	127.103065
47707	8.750684	-3.919005	1.757794	0.010300	0.014104	0.032876	-64.347134	-64.555071	127.112908
47708	8.805771	-3.865530	1.693521	0.017559	0.022379	0.026590	-64.327101	-64.536205	127.101910
47709	8.786191	-3.918357	1.746030	0.013137	0.025296	0.030813	-64.316224	-64.512862	127.097118
47710	8.778323	-3.887021	1.744698	0.011907	0.023411	0.028412	-64.299299	-64.492797	127.085973
47711	8.751722	-3.874092	1.765199	0.008681	0.020672	0.025907	-64.293437	-64.473135	127.083906
47712	8.787312	-3.926783	1.729401	0.010969	0.018844	0.025067	-64.280277	-64.455930	127.076334
47713	8.774145	-3.893401	1.751477	0.003685	0.027711	0.025969	-64.269714	-64.434485	127.065883
47714	8.778282	-3.897162	1.730252	0.011922	0.022153	0.022364	-64.251062	-64.417850	127.052825
47715	8.732956	-3.902339	1.772768	0.007931	0.020438	0.022151	-64.243941	-64.400187	127.048884
47716	8.771060	-3.930857	1.785874	0.012028	0.015127	0.021828	-64.232547	-64.385576	127.043937
47717	8.782625	-3.880197	1.761895	0.011789	0.022862	0.019810	-64.219388	-64.368513	127.035752
47718	8.743600	-3.918923	1.808108	0.008037	0.013411	0.021613	-64.212032	-64.354440	127.032747
47719	8.771880	-3.873717	1.712445	0.011416	0.014179	0.020625	-64.208832	-64.339120	127.035372
47720	8.746135	-3.892357	1.760298	0.008422	0.023312	0.026826	-64.193344	-64.319888	127.023588
47721	8.764403	-3.907881	1.767930	0.010803	0.014467	0.025460	-64.192688	-64.302008	127.028645
47722	8.706557	-3.846001	1.801748	0.001481	0.017427	0.029203	-64.188739	-64.283017	127.025250
47723	8.765565	-3.970300	1.725584	0.007471	0.001615	0.028873	-64.205480	-64.266585	127.047503
47724	8.779569	-3.896398	1.749282	0.001914	0.012788	0.024773	-64.203950	-64.251037	127.047068
47725	8.701892	-3.940395	1.811010	0.005242	0.007264	0.020710	-64.211671	-64.237407	127.057892
47726	8.757982	-3.886698	1.745325	0.006571	0.002118	0.022577	-64.217737	-64.225651	127.068855
47727	8.707891	-3.921893	1.837609	0.000062	0.009977	0.021176	-64.225730	-64.211105	127.076688
47728	8.751195	-3.920366	1.797876	0.008517	-0.003325	0.019606	-64.234943	-64.202236	127.092387
47729	8.722914	-3.930609	1.767312	-0.002696	0.008913	0.017323	-64.243619	-64.189939	127.099229
47730	8.714296	-3.954075	1.742468	0.004430	0.000755	0.013887	-64.247860	-64.183004	127.106806
47731	8.779185	-3.909496	1.730227	0.011019	0.016312	0.012970	-64.238530	-64.171110	127.102377
47732	8.709714	-3.930128	1.817918	0.009160	0.013508	0.009377	-64.224147	-64.163327	127.092275
47733	8.709206	-3.930774	1.818958	0.009047	0.002160	0.009264	-64.229109	-64.156873	127.102470
47734	8.747529	-3.926293	1.802775	0.002284	-0.000599	0.005201	-64.231550	-64.154758	127.106683
47735	8.708735	-3.931663	1.819291	0.000763	0.000209	0.003744	-64.240465	-64.151636	127.116001
47736	8.739433	-3.948915	1.777242	0.000083	-0.007012	-0.000525	-64.248053	-64.154072	127.124533
47737	8.739602	-3.948741	1.776796	0.001040	-0.003695	-0.003226	-64.257363	-64.155516	127.134471
47738	8.778319	-3.943622	1.760091	0.009127	-0.006081	0.002705	-64.260440	-64.156052	127.143747
47739	8.727982	-3.913123	1.796371	-0.002083	0.006163	0.000419	-64.262893	-64.153163	127.144080
47740	8.760375	-3.874707	1.775762	0.002510	-0.008336	0.007222	-64.274482	-64.151928	127.158602
47741	8.752692	-3.929592	1.777796	-0.003091	-0.000986	0.012111	-64.291098	-64.144786	127.174035
47742	8.779719	-3.922233	1.808206	-0.003624	-0.007706	0.016421	-64.310238	-64.138641	127.193044
47743	8.732080	-3.919061	1.770792	-0.006381	-0.007538	0.018602	-64.338997	-64.129773	127.219881
47744	8.762718	-3.969789	1.755807	-0.004100	-0.009368	0.017769	-64.360847	-64.123337	127.241602
47745	8.795224	-3.964366	1.762690	0.000634	0.003385	0.013259	-64.371181	-64.114514	127.252433
47746	8.747515	-3.960811	1.726381	0.001679	0.000915	0.016064	-64.377885	-64.106407	127.261001
47747	8.749184	-3.938320	1.775747	0.001121	0.006267	0.017940	-64.387240	-64.094453	127.271055
47748	8.734963	-3.960016	1.774514	-0.002743	0.002619	0.014243	-64.393725	-64.086864	127.276565
47749	8.780979	-3.934201	1.783331	-0.002464	-0.000059	0.013305	-64.409466	-64.078870	127.291438
47750	8.744855	-3.966276	1.727307	0.000503	0.005330	0.016741	-64.412471	-64.069318	127.295147
47751	8.744124	-3.967605	1.727958	0.001461	0.008648	0.014041	-64.417058	-64.058792	127.300120
47752	8.802103	-4.009270	1.745566	0.006162	0.004263	0.014924	-64.417026	-64.050443	127.304058
47753	8.822204	-3.936216	1.746501	0.014840	0.026941	0.017181	-64.396120	-64.033769	127.289204
47754	8.710586	-3.954306	1.775235	0.006630	0.032507	0.020762	-64.368842	-64.015408	127.263134
47755	8.756048	-3.928685	1.786555	0.016995	0.013757	0.016237	-64.360219	-64.002490	127.263313
47756	8.721921	-3.936688	1.781730	0.009673	0.029653	0.017638	-64.332687	-63.986443	127.238894
47757	8.696052	-3.954689	1.830023	0.008786	0.019323	0.019814	-64.324692	-63.970301	127.234538
47758	8.714068	-3.937893	1.809743	0.005682	0.015885	0.019860	-64.315174	-63.956520	127.227616
47759	8.738170	-3.954723	1.793438	0.006024	0.018267	0.015963	-64.307904	-63.942628	127.222309
47760	8.698546	-3.960943	1.811551	0.006442	0.014863	0.017572	-64.297883	-63.930281	127.215310
47761	8.686100	-3.926504	1.832770	0.006162	0.016314	0.012479	-64.290815	-63.918673	127.210316
47762	8.666254	-3.945939	1.855887	-0.003160	0.006014	0.012621	-64.293123	-63.911081	127.210918
47763	8.684966	-3.928691	1.833457	-0.004132	-0.010587	0.011735	-64.319898	-63.906539	127.237046
47764	8.707433	-3.969028	1.765715	-0.005859	-0.002041	0.008252	-64.330021	-63.903203	127.244628
47765	8.707608	-4.001518	1.793087	-0.002344	-0.003230	0.003789	-64.343954	-63.900935	127.257602
47766	8.721162	-3.981420	1.794391	0.000274	-0.002674	-0.000935	-64.346575	-63.902500	127.260743
47767	8.721310	-3.981251	1.794044	-0.003872	-0.003636	-0.003695	-64.358004	-63.904195	127.269957
47768	8.715541	-3.947208	1.789655	0.000133	-0.001947	-0.003481	-64.358652	-63.906894	127.270811
47769	8.710153	-3.945063	1.812971	-0.002975	-0.005380	-0.003434	-64.371519	-63.908888	127.282202
47770	8.652360	-3.935974	1.822750	-0.002775	-0.014334	-0.007436	-64.384905	-63.916699	127.295383
47771	8.730300	-3.925585	1.788424	-0.006920	-0.015298	-0.010196	-64.407058	-63.924641	127.314601
47772	8.722887	-3.947069	1.761780	-0.009745	-0.008120	-0.007496	-64.417860	-63.930942	127.320459
47773	8.710288	-3.998601	1.786565	-0.009818	-0.014402	-0.010565	-64.440539	-63.938855	127.338415
47774	8.705117	-3.963831	1.780810	-0.009825	-0.015623	-0.016593	-64.454734	-63.951711	127.347997
47775	8.739221	-3.955528	1.786529	-0.007625	-0.011667	-0.022929	-64.467019	-63.965335	127.355785
47776	8.786932	-3.926637	1.794210	-0.003619	-0.009977	-0.022717	-64.468604	-63.979962	127.355288
47777	8.798877	-3.928807	1.746227	-0.008236	0.001909	-0.014506	-64.471106	-63.985884	127.351804
47778	8.820706	-3.885728	1.773069	-0.004563	0.002437	-0.004369	-64.469365	-63.987959	127.347005
47779	8.754816	-3.931513	1.786372	-0.013105	0.006842	0.009136	-64.481371	-63.980455	127.350992
47780	8.729166	-3.917381	1.804379	-0.016343	0.005351	0.012664	-64.491905	-63.973003	127.352342
47781	8.684314	-3.922043	1.844081	-0.020682	0.001269	0.016344	-64.517753	-63.963152	127.366908
47782	8.667865	-3.968131	1.791752	-0.027503	-0.018612	0.017667	-64.562561	-63.959014	127.399287
47783	8.789397	-3.989125	1.744084	-0.021914	-0.012673	0.016379	-64.603828	-63.952563	127.430236
47784	8.769343	-3.977430	1.736910	-0.020878	-0.003076	0.016753	-64.627903	-63.945064	127.443766
47785	8.736063	-4.017779	1.756558	-0.018812	0.002833	0.013905	-64.649695	-63.936082	127.455018
47786	8.729411	-3.985624	1.752258	-0.012665	0.004640	0.016772	-64.660886	-63.926676	127.459445
47787	8.661423	-3.919100	1.831739	-0.015705	0.006267	0.013859	-64.677212	-63.916874	127.466597
47788	8.666994	-3.954116	1.834912	-0.016061	-0.010626	0.008118	-64.702157	-63.915689	127.484173
47789	8.755345	-3.948939	1.752867	-0.017786	-0.014149	0.007070	-64.737824	-63.914398	127.511541
47790	8.717036	-3.986581	1.795507	-0.021310	-0.002107	0.003085	-64.754243	-63.913731	127.516275
47791	8.664588	-3.980035	1.781165	-0.018082	-0.013901	-0.004051	-64.784245	-63.918136	127.537150
47792	8.684274	-3.961403	1.756778	-0.020779	-0.021959	-0.008435	-64.815647	-63.928282	127.558903
47793	8.743665	-4.001438	1.770907	-0.018166	-0.021395	-0.013160	-64.849105	-63.939228	127.583575
47794	8.730426	-3.989047	1.739362	-0.024158	-0.010652	-0.009872	-64.869773	-63.947358	127.591222
47795	8.796840	-3.943094	1.724146	-0.012017	-0.019589	-0.010296	-64.899238	-63.956371	127.615370
47796	8.808673	-3.978451	1.703206	-0.015241	0.005492	0.000464	-64.902813	-63.955211	127.609677
47797	8.728146	-3.963338	1.808545	-0.016534	-0.000231	0.007046	-64.922932	-63.950528	127.620542
47798	8.719494	-3.954231	1.754550	-0.019360	-0.006348	0.006143	-64.944257	-63.949297	127.631979
47799	8.683177	-3.936408	1.818653	-0.027008	-0.006141	0.007847	-64.977010	-63.945631	127.650233
47800	8.669664	-3.957549	1.814784	-0.026257	-0.020446	0.001934	-65.015172	-63.949993	127.676014
47801	8.670128	-3.958106	1.811353	-0.030530	-0.032766	-0.000968	-65.073832	-63.957332	127.720866
47802	8.682525	-3.993593	1.787278	-0.032554	-0.036035	-0.013143	-65.124776	-63.973270	127.756852
47803	8.746810	-3.971399	1.720808	-0.030200	-0.031590	-0.010895	-65.177135	-63.985448	127.794902
47804	8.747756	-3.970946	1.717039	-0.029992	-0.027258	-0.011299	-65.218257	-63.998291	127.821585
47805	8.820307	-3.958821	1.704484	-0.021372	-0.022930	-0.009667	-65.256981	-64.007732	127.850089
47806	8.793805	-3.998980	1.698709	-0.022471	-0.012233	-0.005885	-65.280470	-64.014142	127.861945
47807	8.788120	-3.965168	1.693343	-0.018402	-0.004252	-0.002577	-65.301048	-64.015417	127.872154
47808	8.730673	-3.988638	1.730987	-0.017449	-0.000921	-0.005264	-65.309893	-64.018792	127.870920
47809	8.705855	-3.973229	1.748438	-0.017448	-0.000922	-0.005265	-65.325032	-64.020674	127.875690
47810	8.687217	-3.991324	1.769460	-0.019186	-0.005653	-0.012355	-65.336452	-64.028872	127.876212
47811	8.654498	-3.964674	1.733156	-0.015625	-0.015037	-0.023412	-65.356709	-64.043575	127.887843
47812	8.677332	-3.920847	1.757887	-0.016496	-0.025394	-0.021281	-65.383348	-64.061136	127.907005
47813	8.761865	-3.943000	1.725455	-0.017312	-0.030673	-0.022090	-65.421987	-64.078876	127.938004
47814	8.735561	-3.949914	1.691195	-0.019434	-0.029595	-0.018711	-65.456147	-64.096088	127.963650
47815	8.806345	-3.992668	1.657029	-0.009775	-0.027735	-0.014283	-65.491199	-64.109049	127.995460
47816	8.790047	-3.954759	1.699051	-0.003111	-0.004656	-0.006002	-65.495498	-64.113698	127.998305
47817	8.732284	-3.945727	1.709509	-0.010147	-0.004738	-0.009123	-65.508597	-64.118506	128.005474
47818	8.757666	-3.960507	1.690429	-0.007854	-0.005358	-0.003929	-65.517388	-64.122240	128.010291
47819	8.732856	-3.945068	1.708107	-0.000966	-0.004539	-0.003351	-65.527820	-64.123995	128.020346
47820	8.714134	-3.963220	1.729809	-0.003537	-0.001244	-0.007596	-65.527922	-64.128664	128.018255
47821	8.689544	-3.947308	1.747497	-0.005598	-0.008383	-0.010805	-65.541472	-64.135220	128.028830
47822	8.734248	-3.942995	1.705777	-0.008131	-0.017192	-0.012674	-65.558886	-64.146320	128.043052
47823	8.774252	-3.968966	1.714868	-0.008278	-0.016458	-0.015218	-65.580493	-64.157091	128.060879
47824	8.769037	-3.934038	1.709403	-0.007654	-0.015528	-0.014018	-65.595211	-64.168494	128.072407
47825	8.761699	-3.955023	1.682353	-0.013576	-0.011812	-0.011243	-65.616790	-64.176092	128.086832
47826	8.789949	-3.945965	1.711712	-0.008534	-0.012583	-0.008233	-65.631686	-64.183777	128.097996
47827	8.762699	-3.953976	1.679601	-0.008943	-0.007967	-0.003788	-65.650098	-64.186578	128.111853
47828	8.738026	-3.938468	1.696863	-0.006818	-0.009051	-0.007174	-65.660728	-64.192873	128.119371
47829	8.752577	-3.949877	1.725081	-0.007097	-0.006375	-0.006223	-65.675159	-64.196571	128.129984
47830	8.733400	-3.935845	1.718718	-0.008340	-0.008240	-0.008625	-65.685086	-64.203431	128.135751
47831	8.764433	-3.951866	1.675513	-0.008208	-0.010181	-0.012121	-65.701365	-64.211108	128.147714
47832	8.759565	-3.949462	1.698124	-0.008338	-0.008242	-0.008626	-65.711302	-64.217968	128.153493
47833	8.779692	-3.962249	1.702513	-0.008488	-0.007506	-0.011170	-65.725303	-64.224521	128.162752
47834	8.760694	-3.947763	1.696253	-0.000850	-0.007686	-0.012889	-65.728277	-64.233475	128.165562
47835	8.749777	-3.911245	1.715682	-0.005550	-0.003310	-0.013744	-65.734781	-64.240387	128.168368
47836	8.761865	-3.945708	1.694983	-0.002072	-0.008350	-0.009254	-65.740953	-64.247599	128.173951
47837	8.762362	-3.944938	1.694210	-0.005870	-0.005719	-0.009861	-65.752117	-64.253055	128.181735
47838	8.757487	-3.942447	1.717138	-0.004215	-0.008472	-0.011907	-65.758363	-64.261680	128.186036
47839	8.755424	-3.965052	1.667071	-0.006490	-0.006654	-0.011063	-65.770288	-64.267986	128.194274
47840	8.753231	-3.939011	1.739123	-0.007110	-0.007588	-0.012265	-65.777067	-64.276590	128.197325
47841	8.731686	-3.947940	1.683370	-0.008068	-0.012134	-0.015622	-65.793600	-64.286568	128.209678
47842	8.765556	-3.940027	1.689108	-0.008819	-0.011128	-0.013328	-65.804693	-64.296559	128.216430
47843	8.766270	-3.938990	1.687822	-0.003025	-0.012900	-0.012616	-65.820629	-64.305145	128.231330
47844	8.805452	-3.932873	1.669833	-0.008667	-0.011868	-0.010786	-65.833694	-64.313979	128.240366
47845	8.747842	-3.923927	1.679885	-0.009701	-0.008183	-0.007537	-65.850797	-64.318808	128.252320
47846	8.773342	-3.938464	1.660377	-0.007424	-0.010003	-0.008383	-65.862307	-64.325947	128.260418
47847	8.756851	-3.900935	1.703015	-0.008796	-0.009930	-0.007290	-65.880900	-64.331058	128.274604
47848	8.735785	-3.942566	1.674675	-0.007423	-0.010004	-0.008384	-65.892422	-64.338196	128.282716
47849	8.765880	-3.878029	1.725873	-0.010353	-0.014208	-0.005812	-65.917269	-64.343535	128.302854
47850	8.735753	-4.029427	1.676844	-0.013016	-0.022298	-0.010236	-65.944504	-64.354512	128.324840
47851	8.778832	-3.912070	1.701679	-0.012798	-0.012862	-0.013551	-65.965514	-64.363579	128.339172
47852	8.776909	-3.934628	1.650591	-0.007655	-0.020654	-0.011116	-65.987491	-64.374625	128.358731
47853	8.777640	-3.933753	1.648789	-0.009279	-0.012815	-0.011995	-66.007188	-64.382868	128.373845
47854	8.772933	-3.931261	1.671138	-0.007286	-0.011954	-0.011887	-66.019109	-64.392286	128.382483
47855	8.792342	-3.911762	1.647897	-0.005426	-0.009151	-0.008280	-66.034396	-64.397733	128.395157
47856	8.765047	-3.919581	1.616175	-0.008607	-0.005589	-0.007678	-66.042175	-64.403464	128.398363
47857	8.788698	-3.941092	1.697265	-0.002681	-0.009297	-0.010470	-66.054978	-64.410098	128.410028
47858	8.799153	-3.911299	1.621290	-0.007416	-0.010016	-0.008389	-66.066577	-64.417230	128.418225
47859	8.780696	-3.929612	1.642379	-0.007834	-0.005394	-0.003933	-66.081222	-64.419538	128.428662
47860	8.762323	-3.947707	1.663586	-0.008626	-0.006798	-0.013722	-66.087414	-64.428714	128.430095
47861	8.751408	-3.911381	1.682588	-0.007281	-0.011961	-0.011892	-66.105056	-64.436717	128.444210
47862	8.770895	-3.891714	1.659148	-0.003477	-0.014589	-0.011293	-66.118022	-64.446428	128.456421
47863	8.796483	-3.906024	1.639387	-0.008784	-0.009949	-0.007297	-66.136536	-64.451560	128.470550
47864	8.784320	-3.958016	1.664070	-0.005707	-0.006478	-0.007326	-66.143826	-64.457310	128.475054
47865	8.772290	-3.890012	1.655764	-0.006351	-0.012505	-0.005605	-66.164557	-64.462148	128.493188
47866	8.797669	-3.904600	1.636412	-0.006899	-0.002053	-0.006613	-66.168030	-64.466499	128.492703
47867	8.760371	-3.941636	1.680118	-0.004002	-0.002934	-0.006260	-66.176578	-64.469472	128.498831
47868	8.792896	-3.902150	1.659193	-0.003561	-0.006352	-0.004676	-66.183798	-64.473803	128.504618
47869	8.760050	-3.908637	1.651682	-0.003383	-0.001999	-0.005057	-66.191520	-64.475931	128.510228
47870	8.799649	-3.935111	1.661937	-0.004002	-0.002935	-0.006261	-66.194476	-64.480302	128.511010
47871	8.785614	-3.922786	1.632362	-0.004467	-0.004608	-0.004921	-66.205727	-64.482966	128.519847
47872	8.785864	-3.922412	1.631918	-0.003382	-0.001999	-0.005058	-66.207885	-64.486489	128.520138
47873	8.761176	-3.906883	1.649857	-0.004333	-0.006553	-0.008423	-66.219484	-64.491444	128.529447
47874	8.781170	-3.919861	1.654570	-0.000950	-0.004553	-0.003366	-66.223876	-64.494670	128.533758
47875	8.753684	-3.927915	1.623217	-0.007982	-0.004666	-0.006477	-66.236412	-64.498172	128.541794
47876	8.761221	-3.873326	1.620642	-0.003713	-0.005617	-0.007221	-66.241695	-64.503665	128.545337
47877	8.787453	-3.920063	1.629006	-0.002475	-0.003745	-0.004814	-66.250854	-64.506087	128.553128
47878	8.787756	-3.919573	1.628550	-0.001722	-0.004753	-0.007113	-66.254101	-64.511324	128.555680
47879	8.782685	-3.917524	1.652061	-0.002298	0.000609	-0.005194	-66.258166	-64.512946	128.557943
47880	8.777575	-3.915521	1.675684	-0.002010	-0.002072	-0.006154	-66.259095	-64.517061	128.557744
47881	8.788477	-3.918205	1.627950	-0.006567	0.001559	-0.004451	-66.264891	-64.518078	128.559220
47882	8.763567	-3.903037	1.646255	0.000288	-0.002681	-0.000960	-66.267687	-64.519609	128.562549
47883	8.758429	-3.901229	1.669573	-0.005083	-0.005548	-0.006126	-66.279623	-64.523148	128.571772
47884	8.789119	-3.917279	1.626712	-0.003093	-0.004683	-0.006018	-66.284115	-64.527793	128.574833
47885	8.809076	-3.930212	1.631743	-0.000927	0.000538	-0.006290	-66.286865	-64.530020	128.576523
47886	8.769861	-3.903014	1.621113	-0.000618	-0.000937	-0.001204	-66.288144	-64.531277	128.577595
47887	8.784316	-3.914725	1.650022	-0.002762	-0.001065	-0.003855	-66.294870	-64.532601	128.582527
47888	8.784379	-3.914638	1.649898	-0.001371	0.000071	0.001096	-66.296584	-64.532419	128.583603
47889	8.764742	-3.901232	1.644278	0.000113	-0.007036	-0.000580	-66.309797	-64.533404	128.597549
47890	8.795261	-3.917564	1.601613	-0.002763	-0.001066	-0.003855	-66.311166	-64.536080	128.597360
47891	8.784711	-3.914167	1.649248	0.002300	0.003277	-0.003775	-66.310200	-64.536372	128.596992
47892	8.783850	-3.881767	1.621942	-0.001083	-0.002611	0.000136	-66.314239	-64.537310	128.600826
47893	8.779420	-3.912602	1.672832	-0.001835	-0.001603	0.002435	-66.323995	-64.535473	128.609713
47894	8.817848	-3.907377	1.655826	0.001814	-0.003489	0.000487	-66.327512	-64.536429	128.614808
47895	8.784768	-3.914203	1.648858	-0.000443	0.003419	-0.001583	-66.328964	-64.535549	128.615385
47896	8.790173	-3.915566	1.625138	0.001660	-0.002752	-0.002056	-66.330529	-64.537670	128.618220
47897	8.784803	-3.914073	1.648983	0.001855	0.002810	0.003611	-66.333818	-64.534209	128.622295
47898	8.765064	-3.900750	1.643706	-0.005505	-0.000924	-0.001664	-66.337664	-64.535703	128.623109
47899	8.790108	-3.915736	1.625084	0.004423	-0.001686	0.001799	-66.343535	-64.534231	128.631677
47900	8.765031	-3.900855	1.643636	0.000618	0.000937	0.001204	-66.343206	-64.533792	128.631753
47901	8.789952	-3.915959	1.625387	0.003227	0.002740	0.002515	-66.345206	-64.530932	128.635278
47902	8.776399	-3.936455	1.623993	0.004134	0.000995	0.002759	-66.343549	-64.529664	128.636114
47903	8.797773	-3.894446	1.651419	0.004134	0.000995	0.002759	-66.347049	-64.527080	128.641879
47904	8.764537	-3.901501	1.644735	0.003227	0.002739	0.002515	-66.343873	-64.525539	128.640457
47905	8.817195	-3.908316	1.657090	-0.000310	-0.002411	0.003883	-66.354183	-64.523154	128.650949
47906	8.789274	-3.917041	1.626449	0.003846	0.003676	0.003719	-66.350201	-64.520766	128.649027
47907	8.758659	-3.900895	1.669146	0.004000	0.002938	0.006262	-66.353269	-64.515908	128.654237
47908	8.769179	-3.904193	1.621961	0.003980	0.001731	0.000216	-66.349663	-64.515806	128.652816
47909	8.802246	-3.897268	1.629262	0.003980	0.001731	0.000216	-66.351129	-64.514403	128.656243
47910	8.788786	-3.917544	1.627871	0.003980	0.001731	0.000216	-66.347523	-64.514300	128.654822
47911	8.783355	-3.916004	1.652104	-0.000112	0.007036	0.000579	-66.345647	-64.511495	128.651951
47912	8.763668	-3.902485	1.647025	0.001660	-0.002752	-0.002055	-66.347211	-64.513614	128.654786
47913	8.788688	-3.917384	1.628788	0.002785	0.006157	0.000931	-66.344786	-64.510830	128.653149
47914	8.783295	-3.915799	1.652908	0.001372	-0.000071	-0.001096	-66.344026	-64.511830	128.653226
47915	8.778076	-3.914047	1.676503	0.001948	-0.005434	-0.003014	-66.352915	-64.513785	128.663596
47916	8.783629	-3.915294	1.652330	0.001948	-0.005434	-0.003014	-66.356805	-64.517024	128.669191
47917	8.783805	-3.915054	1.651964	-0.000330	-0.003618	-0.002163	-66.365382	-64.518117	128.677775
47918	8.769681	-3.902882	1.622400	-0.000660	-0.007236	-0.004326	-66.372123	-64.522458	128.684871
47919	8.802956	-3.895831	1.628865	-0.000176	-0.004355	0.000380	-66.382628	-64.522390	128.695692
47920	8.809318	-3.929519	1.632103	-0.000330	-0.003618	-0.002163	-66.386239	-64.524764	128.699530
47921	8.783394	-3.882251	1.623251	0.004599	0.002668	0.001419	-66.386749	-64.522544	128.702313
47922	8.784227	-3.914537	1.650944	-0.000289	0.002682	0.000959	-66.384899	-64.521833	128.700128
47923	8.797529	-3.894264	1.653151	0.004775	0.007023	0.001038	-66.380302	-64.518819	128.697369
47924	8.758931	-3.899758	1.670377	0.003670	-0.000679	0.004098	-66.381398	-64.517232	128.700960
47925	8.782822	-3.883006	1.624538	-0.000444	-0.000465	0.007386	-66.391064	-64.512610	128.710693
47926	8.788856	-3.917244	1.628214	0.002763	0.001065	0.003854	-66.390639	-64.510750	128.712025
47927	8.802946	-3.929462	1.657834	-0.001153	0.010726	0.003836	-66.386656	-64.505430	128.706190
47928	8.763331	-3.902891	1.647862	0.004754	0.001930	0.003962	-66.384191	-64.503315	128.706524
47929	8.757798	-3.901627	1.671952	-0.001041	0.003689	0.003258	-66.387586	-64.499917	128.708938
47930	8.777423	-3.915177	1.677282	0.000288	-0.002681	-0.000959	-66.390387	-64.501444	128.712273
47931	8.788113	-3.918277	1.629740	-0.000288	0.002681	0.000959	-66.393320	-64.499487	128.714659
47932	8.801523	-3.897875	1.631711	0.000929	0.003347	-0.002680	-66.388292	-64.500534	128.709725
47933	8.763018	-3.903158	1.648893	0.002321	0.004483	0.002270	-66.388356	-64.497482	128.710593
47934	8.762886	-3.903280	1.649305	-0.001195	0.004426	0.000714	-66.384990	-64.496499	128.706153
47935	8.790571	-3.894878	1.680382	0.001084	0.002610	-0.000137	-66.386641	-64.495145	128.707996
47936	8.749353	-3.923596	1.648187	0.001084	0.002610	-0.000137	-66.383559	-64.495026	128.705317
47937	8.782531	-3.916561	1.655163	-0.001856	-0.002809	-0.003610	-66.391158	-64.496742	128.711889
47938	8.815706	-3.909590	1.661998	0.001526	-0.000808	0.001448	-66.392346	-64.496576	128.714222
47939	8.749519	-3.923362	1.647862	-0.002609	-0.001802	-0.001311	-66.400345	-64.496859	128.720764
47940	8.796121	-3.896013	1.656516	-0.001061	0.002481	-0.002788	-66.397358	-64.498161	128.716829
47941	8.787144	-3.885612	1.603795	-0.002279	0.001816	0.000851	-66.402199	-64.496483	128.720087
47942	8.777287	-3.914831	1.678802	0.000619	0.000937	0.001203	-66.401870	-64.496044	128.720162
47943	8.749543	-3.923271	1.647954	-0.002609	-0.001802	-0.001311	-66.409818	-64.496337	128.726656
47944	8.781782	-3.884141	1.627447	0.000000	-0.000000	-0.000000	-66.410295	-64.496745	128.727233
47945	8.777450	-3.914689	1.678282	-0.005837	-0.004540	-0.003826	-66.421876	-64.498991	128.735706
47946	8.793666	-3.919181	1.606408	-0.000795	-0.005291	-0.000823	-66.428239	-64.501043	128.742299
47947	8.782119	-3.883915	1.626167	-0.002455	-0.002539	0.001232	-66.438087	-64.500177	128.751003
47948	8.777668	-3.914657	1.677213	-0.000907	0.001745	-0.000244	-66.437046	-64.500314	128.749322
47949	8.796501	-3.895795	1.655015	-0.003228	-0.002738	-0.002515	-66.445730	-64.501466	128.756250
47950	8.783199	-3.916000	1.652944	-0.001702	-0.003547	-0.001067	-66.450577	-64.503247	128.760587
47951	8.796722	-3.895621	1.654246	-0.004599	-0.002667	-0.001419	-66.460469	-64.503812	128.767987
47952	8.764695	-3.934569	1.674119	-0.002939	-0.005420	-0.003474	-66.466934	-64.507285	128.773332
47953	8.777490	-3.881683	1.647733	-0.007073	-0.006414	-0.006233	-66.480036	-64.511239	128.782723
47954	8.784003	-3.915225	1.650507	-0.004774	-0.007023	-0.001039	-66.490492	-64.513798	128.791324
47955	8.778864	-3.913554	1.673524	-0.002031	-0.007165	-0.003231	-66.502951	-64.516349	128.803207
47956	8.770102	-3.902950	1.619961	-0.004928	-0.006287	-0.003583	-66.511468	-64.520075	128.809562
47957	8.784745	-3.914511	1.648249	-0.004175	-0.007295	-0.005882	-66.524007	-64.524052	128.820176
47958	8.779801	-3.912492	1.671089	-0.006783	-0.009098	-0.007194	-66.534965	-64.530316	128.828057
47959	8.809575	-3.896406	1.600422	-0.006010	-0.008899	-0.003447	-66.551470	-64.533381	128.841905
47960	8.816216	-3.929817	1.602824	-0.007864	-0.011711	-0.007059	-66.566005	-64.540168	128.853062
47961	8.810286	-3.895676	1.598279	-0.002937	-0.005422	-0.003476	-66.576892	-64.542459	128.862638
47962	8.766758	-3.899271	1.638171	-0.007824	-0.005411	-0.003934	-66.585950	-64.546167	128.867753
47963	8.811727	-3.927449	1.624061	-0.003111	-0.009779	-0.003098	-66.601914	-64.549256	128.882844
47964	8.792337	-3.913749	1.617794	-0.007534	-0.008094	-0.004895	-66.613316	-64.554079	128.890739
47965	8.805979	-3.893256	1.618647	-0.005678	-0.005283	-0.001284	-66.626636	-64.555194	128.901275
47966	8.792724	-3.913504	1.616284	-0.004307	-0.005353	-0.002380	-66.634366	-64.558069	128.907151
47967	8.792801	-3.913512	1.615846	-0.006257	0.000081	0.000638	-66.642987	-64.556960	128.912119
47968	8.800920	-3.891714	1.641059	-0.005505	-0.000927	-0.001662	-66.646854	-64.558451	128.912957
47969	8.767879	-3.898672	1.633591	-0.002625	-0.006899	0.001609	-66.661551	-64.558421	128.926962
47970	8.792938	-3.913666	1.614726	-0.001526	0.000808	-0.001447	-66.661324	-64.559405	128.925791
47971	8.787644	-3.912031	1.638653	-0.000445	0.003420	-0.001582	-66.661817	-64.558714	128.925452
47972	8.776005	-3.876738	1.659108	-0.003187	0.003560	0.000611	-66.660480	-64.557992	128.921998
47973	8.787565	-3.912080	1.638964	-0.002897	0.000878	-0.000350	-66.665746	-64.557235	128.925395
47974	8.792871	-3.913675	1.615066	-0.003360	-0.000797	0.000988	-66.669507	-64.557303	128.927476
47975	8.787513	-3.912364	1.638561	-0.003823	-0.002472	0.002327	-66.680262	-64.555901	128.936368
47976	8.767772	-3.899121	1.633093	-0.001371	0.000070	0.001096	-66.681975	-64.555715	128.937444
47977	8.787450	-3.912693	1.638112	-0.001544	-0.004287	0.001473	-66.692999	-64.555178	128.948084
47978	8.787347	-3.913068	1.637775	-0.006853	0.000349	0.005481	-66.699633	-64.552621	128.951130
47979	8.797869	-3.916456	1.589955	0.000445	-0.003420	0.001581	-66.708583	-64.551833	128.960740
47980	8.797830	-3.916636	1.589724	0.001064	-0.002483	0.002785	-66.712528	-64.551336	128.965832
47981	8.786121	-3.881561	1.610088	-0.000579	0.005364	0.001923	-66.712500	-64.548383	128.964850
47982	8.806584	-3.927556	1.642963	-0.001504	0.002013	0.004601	-66.713807	-64.545912	128.965392
47983	8.767004	-3.900968	1.632804	0.001411	0.006231	0.002031	-66.711709	-64.542711	128.963383
47984	8.799972	-3.894194	1.640263	0.001700	0.003549	0.001070	-66.707803	-64.541751	128.960184
47985	8.786410	-3.914704	1.638886	-0.001041	0.003688	0.003262	-66.710480	-64.538484	128.961912
47986	8.805016	-3.896074	1.617105	0.005504	0.000926	0.001663	-66.707576	-64.537805	128.962237
47987	8.804855	-3.896237	1.617590	-0.000867	0.008045	0.002884	-66.705135	-64.533755	128.958411
47988	8.766178	-3.901920	1.634963	0.005371	0.002869	0.005167	-66.701828	-64.530792	128.958205
47989	8.760689	-3.900639	1.659065	-0.003186	0.003560	0.000611	-66.704568	-64.528960	128.958648
47990	8.765960	-3.902263	1.635317	0.002433	-0.002553	0.001689	-66.707280	-64.529056	128.963245
47991	8.799967	-3.927743	1.669598	-0.002278	0.001815	0.000853	-66.711515	-64.527495	128.965926
47992	8.779314	-3.882117	1.636955	-0.001989	-0.000867	-0.000108	-66.714043	-64.528154	128.967512
47993	8.790965	-3.917370	1.616485	0.001196	-0.004427	-0.000719	-66.722406	-64.528838	128.976975
47994	8.793742	-3.894158	1.665390	-0.002297	-0.003280	0.003773	-66.729622	-64.528001	128.983558
47995	8.796221	-3.919265	1.592152	0.001526	-0.000808	0.001447	-66.734801	-64.526730	128.989708
47996	8.771189	-3.904364	1.610643	-0.002897	0.000878	-0.000351	-66.735806	-64.527122	128.989032
47997	8.818556	-3.909630	1.646717	0.001393	0.001135	0.004951	-66.740563	-64.523572	128.994631
47998	8.790588	-3.918395	1.616048	-0.002123	0.001076	0.003396	-66.742685	-64.521947	128.995683
47999	8.798538	-3.896891	1.641548	-0.002123	0.001076	0.003396	-66.748757	-64.519233	129.000513
48000	8.784964	-3.917545	1.639850	-0.002122	0.001076	0.003396	-66.750879	-64.517608	129.001564
48001	8.759744	-3.902993	1.658518	0.004908	0.001193	0.006505	-66.754243	-64.513235	129.007860
48002	8.775537	-3.907840	1.587425	-0.003185	0.003560	0.000611	-66.752909	-64.512515	129.004408
48003	8.803242	-3.899550	1.618385	-0.000288	0.002681	0.000961	-66.754953	-64.510728	129.005949
48004	8.756585	-3.926873	1.610033	-0.000577	0.005363	0.001923	-66.750757	-64.508909	129.000981
48005	8.777987	-3.884918	1.637429	0.000155	-0.000739	0.002543	-66.757055	-64.507069	129.007518
48006	8.777953	-3.885040	1.637323	-0.001989	-0.000867	-0.000108	-66.759583	-64.507728	129.009104
48007	8.764523	-3.905433	1.635452	-0.000463	-0.001675	0.001338	-66.766672	-64.506739	129.016126
48008	8.784221	-3.918972	1.640422	-0.003072	-0.003478	0.000026	-66.772767	-64.507917	129.020978
48009	8.764510	-3.905720	1.634833	-0.000308	-0.002414	0.003881	-66.781762	-64.505759	129.030217
48010	8.802884	-3.900632	1.617723	-0.008246	-0.000785	0.000529	-66.788087	-64.506063	129.032037
48011	8.784151	-3.919467	1.639616	0.001370	-0.000070	-0.001096	-66.791152	-64.506001	129.035776
48012	8.784129	-3.919526	1.639593	-0.002741	0.000139	0.002192	-66.794089	-64.505221	129.037338
48013	8.764380	-3.906252	1.634259	-0.001370	0.000070	0.001096	-66.799583	-64.503977	129.042031
48014	8.764408	-3.906286	1.634028	-0.004597	-0.002670	-0.001421	-66.804976	-64.505733	129.045135
48015	8.759266	-3.904637	1.657170	-0.004021	-0.008033	-0.003344	-66.818814	-64.508658	129.057393
48016	8.746187	-3.924583	1.654494	-0.006784	-0.009097	-0.007199	-66.829831	-64.514907	129.065340
48017	8.740339	-3.890346	1.649886	-0.005257	-0.009906	-0.005753	-66.845289	-64.519522	129.078614
48018	8.779225	-3.884474	1.631837	-0.005587	-0.013526	-0.007920	-66.860185	-64.527147	129.091618
48019	8.824381	-3.912367	1.617255	-0.004349	-0.011653	-0.005512	-66.877153	-64.532030	129.107145
48020	8.785504	-3.884772	1.605705	-0.004198	-0.008500	-0.011935	-66.883810	-64.540637	129.111903
48021	8.805681	-3.897447	1.610158	-0.006608	-0.004743	-0.007576	-66.893440	-64.545058	129.117866
48022	8.775713	-3.880492	1.651859	-0.005989	-0.003807	-0.006372	-66.898562	-64.549677	129.119787
48023	8.814458	-3.874737	1.634170	-0.009521	-0.008964	-0.005009	-66.915727	-64.553699	129.132255
48024	8.773583	-3.903163	1.600482	-0.011508	-0.009833	-0.005117	-66.931286	-64.559010	129.142232
48025	8.788322	-3.914912	1.628106	-0.011970	-0.011511	-0.003780	-66.953243	-64.562959	129.158456
48026	8.794035	-3.916038	1.602958	-0.013190	-0.008288	-0.009106	-66.966182	-64.570024	129.164464
48027	8.802677	-3.893659	1.626963	-0.012453	-0.014393	-0.008492	-66.989388	-64.577104	129.181770
48028	8.794954	-3.915090	1.600231	-0.011623	-0.002796	-0.004529	-66.997505	-64.580523	129.183432
48029	8.775638	-3.901193	1.594003	-0.010910	-0.010105	-0.009964	-67.014365	-64.587421	129.194686
48030	8.814580	-3.895139	1.575758	-0.011370	-0.011783	-0.008627	-67.030390	-64.595012	129.205263
48031	8.795240	-3.881226	1.569673	-0.010082	0.001492	-0.005998	-67.035758	-64.597229	129.204327
48032	8.808862	-3.860588	1.570955	-0.005829	-0.004551	-0.003832	-67.042839	-64.600672	129.208517
48033	8.841158	-3.941752	1.582710	-0.016444	0.004710	0.004197	-67.053061	-64.596802	129.208906
48034	8.841870	-3.854134	1.577402	0.004265	-0.000943	-0.000748	-67.051802	-64.597811	129.210266
48035	8.796117	-3.913919	1.596696	-0.003111	0.016161	0.006886	-67.042917	-64.589970	129.197985
48036	8.814352	-3.895667	1.575728	0.001892	0.009112	0.006751	-67.035378	-64.584777	129.190888
48037	8.803211	-3.893425	1.624634	-0.000794	0.020647	0.009164	-67.021254	-64.574736	129.174262
48038	8.788175	-3.882154	1.597402	0.002855	0.018765	0.007211	-67.002683	-64.567138	129.155558
48039	8.783303	-3.913604	1.649947	0.000696	0.013536	0.007473	-66.994793	-64.559584	129.146780
48040	8.801552	-3.895348	1.629006	0.000986	0.010854	0.006509	-66.985749	-64.554125	129.137438
48041	8.806455	-3.897323	1.606222	-0.000539	0.011661	0.005062	-66.979492	-64.548264	129.129690
48042	8.806043	-3.897744	1.607459	0.005425	0.014267	0.005390	-66.963604	-64.542630	129.115585
48043	8.797443	-3.920030	1.583490	0.003767	0.017014	0.007449	-66.950067	-64.534315	129.102509
48044	8.766634	-3.904009	1.627516	0.003457	0.018493	0.002364	-66.929217	-64.529323	129.081657
48045	8.746611	-3.890679	1.623781	0.002666	0.013199	0.001531	-66.917743	-64.524985	129.070164
48046	8.780431	-3.916229	1.658981	0.001411	0.006229	0.002037	-66.911490	-64.522918	129.064181
48047	8.790931	-3.919282	1.612030	-0.000114	0.007037	0.000590	-66.907959	-64.520462	129.059730
48048	8.779193	-3.884090	1.632923	-0.000114	0.007037	0.000590	-66.901005	-64.518975	129.052003
48049	8.785362	-3.917936	1.636783	0.000618	0.000936	0.001205	-66.904074	-64.517571	129.055326
48050	8.746004	-3.890899	1.626526	0.002297	0.003284	-0.003770	-66.897833	-64.519224	129.049919
48051	8.759508	-3.870357	1.628334	-0.002606	-0.001804	-0.001315	-66.904566	-64.519768	129.055254
48052	8.809688	-3.900102	1.590768	-0.003399	-0.007097	-0.002146	-66.913836	-64.522899	129.063414
48053	8.809790	-3.899968	1.590531	-0.000444	0.003420	-0.001579	-66.913408	-64.522413	129.062209
48054	8.799109	-3.896941	1.638367	0.001081	0.002612	-0.000132	-66.910322	-64.522301	129.059525
48055	8.785627	-3.917216	1.637083	0.001256	0.006969	-0.000506	-66.905485	-64.520458	129.054514
48056	8.809629	-3.899773	1.591898	0.005058	0.004349	0.000088	-66.898305	-64.519839	129.049819
48057	8.773741	-3.882110	1.658518	0.000195	0.005556	0.005674	-66.898536	-64.515063	129.049738
48058	8.765402	-3.904294	1.633455	0.000947	0.004552	0.003373	-66.895037	-64.512667	129.046511
48059	8.798406	-3.897481	1.640856	0.005347	0.001668	-0.000875	-66.893503	-64.512219	129.047757
48060	8.798294	-3.897602	1.641169	0.000484	0.002876	0.004711	-66.892753	-64.509495	129.047282
48061	8.770446	-3.906104	1.610468	-0.000618	-0.000936	-0.001205	-66.897332	-64.509810	129.051543
48062	8.798250	-3.897713	1.641140	0.000907	-0.001744	0.000242	-66.899340	-64.510480	129.054390
48063	8.803598	-3.899201	1.617286	-0.002895	0.000876	-0.000352	-66.903602	-64.509945	129.056803
48064	8.784860	-3.918068	1.639158	-0.001082	-0.002612	0.000132	-66.907657	-64.510868	129.060656
48065	8.803648	-3.899176	1.617078	0.000464	0.001676	-0.001337	-66.908631	-64.510675	129.061591
48066	8.783972	-3.885736	1.611747	-0.002452	-0.002544	0.001227	-66.913912	-64.511005	129.065934
48067	8.803657	-3.899203	1.616966	-0.003338	0.004296	-0.001931	-66.913862	-64.510543	129.063330
48068	8.759875	-3.903147	1.657460	-0.005347	-0.001668	0.000875	-66.919668	-64.510861	129.066416
48069	8.765269	-3.904690	1.633221	-0.006583	-0.003540	-0.001535	-66.930308	-64.511955	129.073592
48070	8.773504	-3.882918	1.657880	-0.014536	-0.007013	-0.001976	-66.945947	-64.514975	129.081740
48071	8.785440	-3.917954	1.636318	-0.010753	-0.010833	-0.007431	-66.964248	-64.520815	129.094768
48072	8.742231	-3.921370	1.675148	-0.020847	-0.014437	-0.010525	-66.987708	-64.530005	129.107572
48073	8.756542	-3.900017	1.674622	-0.024242	-0.017641	-0.021639	-67.014594	-64.544858	129.121543
48074	8.763222	-3.899700	1.647855	-0.025222	-0.028497	-0.028154	-67.047899	-64.566486	129.142471
48075	8.726623	-3.902594	1.661015	-0.033939	-0.028284	-0.041312	-67.082946	-64.594093	129.159324
48076	8.748635	-3.912867	1.661540	-0.041789	-0.045124	-0.045497	-67.136201	-64.628568	129.191817
48077	8.900809	-3.878703	1.512157	-0.024846	-0.050857	-0.036021	-67.193789	-64.658386	129.239390
48078	8.964662	-3.853644	1.445901	-0.011989	-0.013935	-0.015907	-67.209237	-64.670285	129.248931
48079	8.841403	-3.931307	1.598018	-0.006520	0.012948	-0.004214	-67.200142	-64.669142	129.234330
48080	8.902530	-3.875944	1.509096	0.004620	0.008983	0.004570	-67.190110	-64.665137	129.226207
48081	8.831488	-3.921256	1.548271	-0.002126	0.037209	0.007606	-67.156990	-64.652364	129.187789
48082	8.780674	-3.892065	1.588577	0.006081	0.031713	0.003936	-67.120510	-64.643631	129.151325
48083	8.774783	-3.890811	1.615161	0.006667	0.026349	0.002000	-67.091864	-64.636223	129.123438
48084	8.760962	-3.911126	1.615843	0.005436	0.024471	-0.000415	-67.061807	-64.631385	129.093669
48085	8.723970	-3.860903	1.656825	0.004035	0.018237	-0.002461	-67.041598	-64.628132	129.073451
48086	8.787255	-3.870038	1.622890	0.004312	0.010458	-0.000516	-67.027740	-64.626471	129.060897
48087	8.804064	-3.906569	1.579956	0.004021	0.013138	0.000450	-67.014564	-64.622822	129.048463
48088	8.780373	-3.836441	1.622015	0.004038	0.014336	0.006501	-66.999869	-64.616589	129.034807
48089	8.805916	-3.884339	1.631709	0.001573	0.006689	0.010638	-67.000061	-64.609015	129.035613
48090	8.785594	-3.871902	1.627433	0.002977	0.012918	0.012681	-66.990474	-64.599840	129.026937
48091	8.771589	-3.893217	1.626669	0.003561	0.007559	0.010748	-66.988589	-64.592018	129.026702
48092	8.817439	-3.867094	1.636188	-0.001920	0.007820	0.015128	-66.988629	-64.582693	129.025577
48093	8.795388	-3.910337	1.609441	-0.001319	0.007557	0.010283	-66.989300	-64.575119	129.025123
48094	8.802971	-3.889408	1.635519	-0.002551	0.005684	0.007870	-66.988652	-64.570100	129.022835
48095	8.780178	-3.899813	1.581494	-0.000101	0.008232	0.006646	-66.986151	-64.564298	129.019629
48096	8.769099	-3.897553	1.629710	0.000806	0.006489	0.006887	-66.982227	-64.559617	129.015842
48097	8.820470	-3.872481	1.615539	0.005550	0.008424	0.010859	-66.978243	-64.551556	129.014534
48098	8.793172	-3.913918	1.612840	0.000517	0.009166	0.007851	-66.971975	-64.545766	129.007969
48099	8.806047	-3.894499	1.615286	0.002636	0.004198	0.013418	-66.975532	-64.537306	129.013202
48100	8.781286	-3.913080	1.661886	0.000092	0.013780	0.012323	-66.966509	-64.528124	129.003315
48101	8.752967	-3.922252	1.632122	0.006306	0.007418	0.008557	-66.962095	-64.521510	129.002017
48102	8.766021	-3.902375	1.634721	0.002026	0.007161	0.003248	-66.955026	-64.518595	128.995520
48103	8.751396	-3.890766	1.606327	0.007501	0.002997	0.007834	-66.954455	-64.513353	128.999297
48104	8.809193	-3.899362	1.595313	0.002621	0.003000	0.007368	-66.953588	-64.509200	129.000048
48105	8.799102	-3.929265	1.670570	0.002933	0.005418	0.003489	-66.950901	-64.505712	128.998549
48106	8.771092	-3.937937	1.640365	0.002180	0.006419	0.005790	-66.945765	-64.501624	128.994291
48107	8.789579	-3.919398	1.619105	0.007814	0.005413	0.003955	-66.940488	-64.497890	128.993054
48108	8.784035	-3.918026	1.643677	0.003246	0.007835	-0.000389	-66.930273	-64.496741	128.983845
48109	8.764214	-3.904602	1.639085	0.005210	0.003608	0.002637	-66.927847	-64.494110	128.984103
48110	8.757853	-3.870880	1.635976	0.004881	-0.000005	0.000466	-66.925761	-64.494270	128.984939
48111	8.789219	-3.919416	1.621013	0.003647	-0.001875	-0.001946	-66.928111	-64.495290	128.989479
48112	8.772295	-3.882584	1.665046	0.002276	-0.001809	-0.000852	-66.928890	-64.496550	128.991836
48113	8.846500	-3.895036	1.582278	0.003663	-0.000680	0.004103	-66.932738	-64.494118	128.998028
48114	8.802413	-3.899383	1.623288	0.006156	0.008156	0.006012	-66.923515	-64.489522	128.991766
48115	8.816293	-3.911915	1.653390	0.007391	0.010026	0.008424	-66.915418	-64.482414	128.987113
48116	8.787329	-3.888338	1.596153	0.006733	0.002799	0.004084	-66.910877	-64.480037	128.986403
48117	8.795935	-3.899285	1.649791	0.002975	0.011706	0.006620	-66.902595	-64.473507	128.978729
48118	8.816872	-3.905883	1.555885	0.009685	0.009410	0.013620	-66.893558	-64.464618	128.974913
48119	8.800052	-3.902496	1.628603	0.008341	0.014569	0.011797	-66.881480	-64.454717	128.966524
48120	8.799332	-3.903457	1.630187	0.006971	0.014634	0.012890	-66.867907	-64.445037	128.955954
48121	8.779790	-3.923334	1.653662	0.007877	0.012890	0.013132	-66.858571	-64.434812	128.950334
48122	8.784547	-3.925602	1.631336	0.008480	0.012628	0.008290	-66.844193	-64.428006	128.939830
48123	8.777821	-3.892319	1.629274	0.002543	0.015119	0.005036	-66.831649	-64.421553	128.927107
48124	8.777364	-3.892832	1.630512	0.008301	0.008274	0.008664	-66.822352	-64.415529	128.922121
48125	8.801816	-3.908599	1.613329	0.004082	0.015503	0.012530	-66.812033	-64.405041	128.912932
48126	8.826063	-3.924664	1.596574	0.007308	0.018236	0.015052	-66.795373	-64.393403	128.899150
48127	8.813361	-3.890900	1.619120	0.013007	0.024702	0.022396	-66.774490	-64.375649	128.883868
48128	8.793147	-3.911564	1.644067	0.014429	0.030914	0.024428	-66.744296	-64.356204	128.859595
48129	8.761239	-3.897054	1.689274	0.012261	0.025692	0.024688	-66.723884	-64.337018	128.844396
48130	8.751909	-3.920724	1.666128	0.007951	0.020348	0.022294	-66.708031	-64.321081	128.831910
48131	8.810711	-3.875169	1.678820	0.006867	0.017737	0.022425	-66.698367	-64.304889	128.825172
48132	8.813011	-3.934220	1.635166	0.009813	0.023138	0.025905	-66.680131	-64.286417	128.811222
48133	8.813315	-3.881102	1.659679	0.004665	0.027013	0.032434	-66.666323	-64.262857	128.798538
48134	8.798107	-3.904212	1.660487	0.005289	0.027938	0.033635	-66.649127	-64.239226	128.782860
48135	8.780795	-3.983257	1.639455	-0.000757	0.033552	0.039913	-66.634852	-64.210254	128.766146
48136	8.819273	-3.925456	1.648119	0.018001	0.032092	0.032014	-66.605158	-64.186527	128.744669
48137	8.732145	-3.960693	1.659180	0.001439	0.038743	0.039634	-66.583930	-64.156516	128.721661
48138	8.828635	-3.911514	1.656975	0.016658	0.033324	0.039138	-66.557107	-64.128754	128.702509
48139	8.774183	-3.940531	1.675905	0.012247	0.049483	0.047053	-66.521646	-64.092390	128.670541
48140	8.825405	-3.863750	1.688110	0.019577	0.048069	0.055259	-66.484909	-64.052780	128.642214
48141	8.844409	-3.907877	1.625929	0.009530	0.062513	0.079972	-66.452596	-63.996134	128.611984
48142	8.855831	-3.872042	1.683661	0.015513	0.075595	0.098978	-66.409329	-63.927243	128.573770
48143	8.827195	-4.010703	1.669758	0.026720	0.089847	0.108535	-66.351600	-63.849323	128.526135
48144	8.736349	-3.884298	1.775338	0.024292	0.085679	0.130739	-66.307880	-63.761415	128.492971
48145	8.717206	-4.028934	1.713550	0.024591	0.068085	0.147085	-66.292985	-63.668258	128.491710
48146	8.689468	-3.914970	1.782583	0.026807	0.068077	0.149688	-66.275628	-63.574456	128.489529
48147	8.693613	-3.963589	1.768733	0.011614	0.057429	0.161389	-66.286063	-63.476254	128.508249
48148	8.697633	-4.045291	1.780973	0.003622	0.048837	0.163787	-66.308638	-63.379486	128.535859
48149	8.662832	-4.067069	1.754030	0.003309	0.043980	0.155559	-66.334903	-63.287434	128.567035
48150	8.592229	-4.101560	1.819286	-0.000763	0.034794	0.146156	-66.366197	-63.203135	128.601641
48151	8.616748	-4.098264	1.752439	-0.000373	0.020843	0.129086	-66.406147	-63.130274	128.645784
48152	8.636271	-4.156373	1.763480	0.001328	0.020833	0.112066	-66.434896	-63.067058	128.678923
48153	8.681393	-4.164462	1.702095	0.008948	0.026407	0.104911	-66.452509	-63.005594	128.704069
48154	8.657436	-4.190862	1.726922	0.015616	0.031446	0.085476	-66.449986	-62.953907	128.711329
48155	8.637115	-4.127855	1.746819	0.017674	0.035055	0.070626	-66.438246	-62.908465	128.709181
48156	8.641839	-4.112128	1.775668	0.015337	0.024775	0.073809	-66.437505	-62.864434	128.718271
48157	8.655203	-4.155078	1.734995	0.013034	0.031284	0.063151	-66.428959	-62.823784	128.716692
48158	8.635254	-4.154794	1.809272	0.018000	0.028147	0.054146	-66.414471	-62.789306	128.712048
48159	8.599689	-4.132831	1.777824	0.017245	0.034967	0.050957	-66.394348	-62.754214	128.700157
48160	8.558509	-4.140635	1.797182	0.014529	0.023953	0.037060	-66.378564	-62.729667	128.691814
48161	8.590053	-4.137092	1.806720	0.009939	0.011357	0.025582	-66.375400	-62.713309	128.694339
48162	8.575200	-4.158462	1.805950	0.009471	0.005517	0.011420	-66.369882	-62.706455	128.694285
48163	8.646944	-4.148365	1.798134	0.012138	0.003088	-0.002757	-66.361242	-62.706872	128.692021
48164	8.658284	-4.151515	1.751604	0.009155	0.005901	0.000342	-66.350585	-62.705744	128.685980
48165	8.633346	-4.135551	1.770462	0.009257	0.004004	-0.003134	-66.342485	-62.706149	128.682494
48166	8.685800	-4.142952	1.784555	0.006491	0.010008	-0.006438	-66.326156	-62.707633	128.668353
48167	8.647021	-4.146537	1.801976	0.007622	0.012585	-0.006576	-66.308718	-62.707870	128.653323
48168	8.641884	-4.111774	1.799436	0.009476	0.007191	-0.009538	-66.292156	-62.711625	128.640844
48169	8.609060	-4.116644	1.792926	0.004945	0.009706	-0.013905	-66.275886	-62.716371	128.625376
48170	8.667475	-4.125246	1.783242	0.007851	0.002943	-0.008065	-66.265226	-62.720329	128.618492
48171	8.681503	-4.104755	1.785851	0.004763	0.007655	-0.001491	-66.256675	-62.719037	128.611612
48172	8.656539	-4.088969	1.804308	-0.000000	-0.000000	-0.000000	-66.257112	-62.719444	128.612153
48173	8.653516	-4.144733	1.782618	-0.003861	0.004562	0.002841	-66.258566	-62.716599	128.610966
48174	8.667326	-4.125064	1.784385	-0.002998	-0.004168	0.002552	-66.266101	-62.716629	128.617559
48175	8.623046	-4.095870	1.796398	-0.006859	0.000394	0.005393	-66.274640	-62.713409	128.622426
48176	8.680905	-4.106118	1.785625	-0.003101	-0.002270	0.006027	-66.281855	-62.711178	128.628595
48177	8.627942	-4.130824	1.799687	-0.004991	0.001984	0.002978	-66.286611	-62.708864	128.630399
48178	8.686183	-4.108888	1.761599	-0.006720	-0.000366	0.007927	-66.294810	-62.705197	128.635341
48179	8.699387	-4.121921	1.790613	-0.006720	-0.000366	0.007927	-66.305139	-62.700832	128.642310
48180	8.665761	-4.128912	1.783087	-0.005932	0.006765	0.012206	-66.307543	-62.693277	128.641240
48181	8.626370	-4.134196	1.799479	-0.005829	0.004868	0.008730	-66.312381	-62.687290	128.642600
48182	8.592913	-4.140794	1.792004	-0.004990	0.001983	0.002978	-66.314990	-62.685678	128.642367
48183	8.603948	-4.176432	1.771822	-0.005420	-0.002718	-0.005172	-66.321090	-62.688732	128.645425
48184	8.615160	-4.130627	1.846199	-0.002713	-0.004011	-0.013338	-66.321214	-62.697060	128.643864
48185	8.632961	-4.134602	1.774549	-0.003106	-0.007578	-0.015479	-66.326322	-62.706639	128.647299
48186	8.628052	-4.131484	1.797645	-0.005870	-0.001577	-0.018784	-66.323349	-62.717265	128.640219
48187	8.726181	-4.103117	1.743244	-0.002988	-0.002494	-0.018408	-66.321898	-62.727214	128.636348
48188	8.668245	-4.124583	1.781033	-0.006178	0.004111	-0.008357	-66.317960	-62.731060	128.627984
48189	8.707789	-4.087407	1.737560	-0.003931	0.002286	-0.009179	-66.316290	-62.735072	128.623271
48190	8.643722	-4.107949	1.799345	-0.007757	0.007982	-0.000326	-66.312900	-62.733813	128.614507
48191	8.668533	-4.123784	1.781480	-0.006501	0.002818	0.001523	-66.316926	-62.732095	128.614535
48192	8.629453	-4.128629	1.797478	-0.010477	0.002292	0.007292	-66.324290	-62.728148	128.616114
48193	8.676644	-4.071157	1.779225	-0.008864	-0.000443	0.005271	-66.334648	-62.725216	128.621751
48194	8.648094	-4.144112	1.802407	-0.006582	-0.001133	0.010459	-66.344674	-62.720394	128.628837
48195	8.681142	-4.107151	1.782094	-0.012067	-0.000823	0.014772	-66.361467	-62.712566	128.639660
48196	8.674835	-4.107010	1.805122	-0.012562	-0.002494	0.016106	-66.378809	-62.705091	128.651125
48197	8.665922	-4.130391	1.778875	-0.014173	0.000237	0.018126	-66.397190	-62.695261	128.662375
48198	8.659391	-4.130606	1.802150	-0.013777	0.003799	0.020267	-66.410660	-62.684155	128.668701
48199	8.631008	-4.140390	1.770551	-0.009007	-0.001376	0.023689	-66.430153	-62.671774	128.684542
48200	8.638353	-4.120792	1.795760	-0.011528	0.001971	0.019443	-66.443810	-62.661518	128.692529
48201	8.609707	-4.162472	1.791392	-0.008167	-0.004259	0.017933	-66.463165	-62.652819	128.708757
48202	8.661974	-4.139606	1.776682	-0.003696	-0.002058	0.010833	-66.472602	-62.648005	128.717047
48203	8.603164	-4.162923	1.814146	-0.005105	-0.003111	0.005901	-66.483688	-62.645363	128.725958
48204	8.647561	-4.160970	1.773669	-0.005362	-0.007437	0.006291	-66.497531	-62.644164	128.738134
48205	8.647515	-4.161315	1.773080	-0.004011	-0.001661	-0.000243	-66.503789	-62.644419	128.742279
48206	8.647911	-4.129279	1.745486	-0.004112	0.000231	0.003234	-66.507777	-62.643073	128.744166
48207	8.641723	-4.159954	1.796459	-0.001509	0.000840	-0.001455	-66.509516	-62.643395	128.744882
48208	8.642257	-4.127584	1.768977	-0.004150	-0.000898	-0.002776	-66.512020	-62.645464	128.745073
48209	8.622791	-4.145631	1.790305	-0.003037	-0.005301	-0.003464	-66.519975	-62.648250	128.751738
48210	8.592576	-4.127849	1.831204	-0.004703	-0.010680	-0.008006	-66.530428	-62.655301	128.760522
48211	8.649094	-4.127933	1.742807	-0.005972	-0.012497	-0.010405	-66.544306	-62.663373	128.772002
48212	8.630248	-4.145143	1.763121	-0.005136	-0.015375	-0.016161	-66.556196	-62.675779	128.782123
48213	8.656082	-4.159428	1.743699	-0.006388	-0.010210	-0.018005	-66.564635	-62.687325	128.787242
48214	8.659611	-4.134545	1.792036	-0.002516	-0.007785	-0.020297	-66.565485	-62.700175	128.786626
48215	8.652333	-4.154459	1.765641	-0.002514	-0.007787	-0.020297	-66.568222	-62.712378	128.787805
48216	8.634137	-4.138597	1.759454	-0.000153	-0.004522	-0.024044	-66.562737	-62.726454	128.781584
48217	8.682286	-4.110634	1.768435	-0.000646	-0.006196	-0.022711	-66.561704	-62.739566	128.779703
48218	8.636303	-4.134530	1.758386	0.000092	-0.007183	-0.024991	-66.558366	-62.754746	128.776057
48219	8.703730	-4.120449	1.772807	0.003114	-0.008863	-0.022083	-66.558157	-62.768137	128.777597
48220	8.671600	-4.124467	1.764893	0.002491	-0.002789	-0.022727	-66.549951	-62.781125	128.770023
48221	8.631207	-4.150119	1.731563	0.003369	-0.004539	-0.022474	-66.544995	-62.793740	128.766370
48222	8.673560	-4.120490	1.764552	0.003128	-0.001884	-0.021529	-66.536017	-62.805892	128.758340
48223	8.680212	-4.120121	1.740823	0.006747	-0.003785	-0.023434	-66.527902	-62.818840	128.753346
48224	8.650521	-4.100834	1.782824	0.006895	0.002437	-0.020345	-66.512854	-62.829381	128.740919
48225	8.676284	-4.114578	1.764956	0.004642	-0.002727	-0.020077	-66.506334	-62.840328	128.736335
48226	8.696649	-4.094527	1.743308	0.005032	0.000839	-0.017933	-66.495047	-62.849965	128.726939
48227	8.644566	-4.117502	1.757737	-0.000452	0.001142	-0.013616	-66.490343	-62.856641	128.721035
48228	8.670134	-4.131748	1.739688	0.005418	-0.002580	-0.016345	-66.483038	-62.866224	128.716363
48229	8.665369	-4.096571	1.735948	-0.003826	0.000381	-0.012658	-66.481460	-62.872569	128.711874
48230	8.668430	-4.072175	1.785097	0.012339	-0.007670	-0.010271	-66.478116	-62.880124	128.716109
48231	8.677355	-4.130089	1.716204	0.008091	0.007289	-0.008456	-66.464484	-62.882686	128.705737
48232	8.671954	-4.127506	1.740688	0.009215	0.002884	-0.009146	-66.452602	-62.887237	128.698369
48233	8.677452	-4.048043	1.812303	0.003375	0.000759	-0.000959	-66.451713	-62.887357	128.699297
48234	8.699871	-4.086934	1.745049	0.004393	-0.001746	0.001831	-66.452249	-62.887201	128.702776
48235	8.699437	-4.119324	1.772789	0.002145	0.007062	0.003209	-66.447449	-62.883694	128.698523
48236	8.699406	-4.087575	1.745863	0.002175	0.001216	0.008669	-66.449273	-62.879268	128.702022
48237	8.668373	-4.071086	1.787857	-0.000074	0.003039	0.009493	-66.452658	-62.873386	128.705562
48238	8.698219	-4.121444	1.773839	-0.000319	0.005696	0.010437	-66.452108	-62.867006	128.704787
48239	8.711728	-4.070388	1.748987	0.001718	0.007669	0.016571	-66.452871	-62.856348	128.706605
48240	8.682750	-4.144149	1.773372	0.004495	0.008654	0.020425	-66.450992	-62.844045	128.707437
48241	8.709783	-4.073756	1.750828	-0.000001	0.012298	0.022071	-66.450446	-62.829445	128.706578
48242	8.636211	-4.118660	1.787866	-0.000460	0.011763	0.029417	-66.452233	-62.811708	128.708340
48243	8.701084	-4.109113	1.803932	-0.000457	0.011759	0.029415	-66.455761	-62.793377	128.711801
48244	8.672194	-4.119466	1.773634	-0.000949	0.010084	0.030748	-66.460129	-62.775325	128.716150
48245	8.645830	-4.106457	1.792613	-0.000451	0.011750	0.029411	-66.463637	-62.757003	128.719544
48246	8.655465	-4.144568	1.773517	-0.000206	0.009090	0.028466	-66.467569	-62.740377	128.723883
48247	8.662709	-4.093213	1.772556	-0.002451	0.010910	0.029286	-66.473004	-62.722317	128.728101
48248	8.686195	-4.111552	1.755316	-0.002309	0.010145	0.031818	-66.478542	-62.703688	128.732893
48249	8.687022	-4.091300	1.805800	-0.003130	0.020000	0.038122	-66.479001	-62.678911	128.731145
48250	8.657638	-4.102462	1.775945	-0.003243	0.014905	0.041042	-66.484303	-62.654347	128.735071
48251	8.611087	-4.108893	1.816443	-0.003476	0.004720	0.046887	-66.504327	-62.628465	128.755056
48252	8.653658	-4.110487	1.776787	-0.014115	0.006633	0.045627	-66.526236	-62.603380	128.770670
48253	8.612245	-4.151384	1.819997	-0.014091	0.000770	0.051078	-66.558088	-62.576188	128.797239
48254	8.640864	-4.173209	1.777548	-0.018136	-0.002025	0.044822	-66.590635	-62.553491	128.822252
48255	8.608496	-4.159825	1.818458	-0.017771	0.000403	0.040952	-66.620418	-62.531696	128.844091
48256	8.565588	-4.190839	1.784015	-0.019604	-0.011190	0.033322	-66.657965	-62.517116	128.873800
48257	8.550690	-4.213255	1.780465	-0.021943	-0.005752	0.016675	-66.685693	-62.509476	128.890655
48258	8.558763	-4.192891	1.804313	-0.020685	-0.015052	0.003028	-66.714525	-62.511699	128.909845
48259	8.559334	-4.192824	1.801760	-0.018696	-0.025332	-0.012898	-66.747316	-62.524043	128.934534
48260	8.500215	-4.204451	1.759798	-0.021744	-0.028897	-0.037307	-66.773258	-62.550622	128.949779
48261	8.713263	-4.137501	1.726512	-0.009497	-0.046412	-0.033193	-66.813388	-62.578393	128.988763
48262	8.750640	-4.186486	1.685593	-0.009568	-0.007728	-0.023444	-66.816964	-62.592889	128.986665
48263	8.624275	-4.161643	1.753453	0.003339	-0.004496	-0.022460	-66.811895	-62.605562	128.982778
48264	8.716781	-4.131631	1.722804	-0.005111	-0.001389	-0.015047	-66.810126	-62.614205	128.977537
48265	8.692429	-4.114849	1.740952	-0.000066	0.004740	-0.011458	-66.802393	-62.618997	128.968654
48266	8.697808	-4.148209	1.745155	-0.003872	0.010416	-0.002601	-66.793330	-62.618420	128.955998
48267	8.658951	-4.152194	1.761983	0.000614	0.006768	-0.004249	-66.786279	-62.618966	128.948234
48268	8.622993	-4.101037	1.800786	-0.002816	0.009022	0.006193	-66.781864	-62.614072	128.941494
48269	8.619645	-4.156955	1.779160	-0.004485	0.003647	0.001647	-66.783465	-62.612224	128.940092
48270	8.633530	-4.137211	1.781140	-0.004248	0.000992	0.000701	-66.785638	-62.612035	128.939847
48271	8.600374	-4.143292	1.773122	-0.004764	-0.007664	0.001472	-66.798810	-62.612835	128.951307
48272	8.683764	-4.136740	1.716393	-0.003493	-0.005851	0.003872	-66.808889	-62.612520	128.960453
48273	8.677774	-4.135869	1.739769	-0.000410	0.000568	0.013350	-66.816353	-62.605208	128.968361
48274	8.651804	-4.153588	1.785697	0.004991	0.009137	0.013077	-66.810343	-62.596663	128.964862
48275	8.667489	-4.192192	1.743082	0.001920	0.013828	0.019655	-66.805732	-62.583036	128.960836
48276	8.630672	-4.142497	1.782703	0.007302	0.015412	0.018822	-66.794536	-62.570049	128.952985
48277	8.624059	-4.142212	1.807671	0.005134	0.008365	0.015607	-66.791869	-62.559794	128.953063
48278	8.562757	-4.156715	1.769466	0.001456	0.002163	0.010939	-66.794039	-62.553950	128.956497
48279	8.614789	-4.165623	1.782402	-0.000478	-0.007536	0.006780	-66.806862	-62.551937	128.970267
48280	8.639545	-4.181736	1.763866	-0.001866	-0.001598	0.002409	-66.811039	-62.551433	128.973818
48281	8.592392	-4.207598	1.754075	0.001108	-0.004403	-0.000691	-66.816516	-62.552642	128.980512
48282	8.645911	-4.151006	1.712254	0.004719	-0.006303	-0.002592	-66.819521	-62.555833	128.986994
48283	8.653945	-4.161277	1.765143	0.003967	0.000541	-0.005763	-66.816135	-62.558597	128.985615
48284	8.640554	-4.148603	1.736073	0.004884	-0.000089	0.000499	-66.814086	-62.558758	128.986508
48285	8.660152	-4.130337	1.714806	0.008659	0.004225	0.001689	-66.807509	-62.556770	128.984532
48286	8.634719	-4.146828	1.760759	0.005381	0.001584	-0.000833	-66.802899	-62.557255	128.982861
48287	8.653824	-4.160931	1.766553	0.000776	0.000138	0.003731	-66.805859	-62.555122	128.986457
48288	8.659385	-4.162862	1.742861	0.000140	-0.000767	0.002531	-66.808099	-62.554366	128.989120
48289	8.642138	-4.158211	1.814010	0.002050	0.001949	0.006130	-66.809522	-62.550564	128.991816
48290	8.620074	-4.167935	1.759154	0.001789	-0.002378	0.006517	-66.814180	-62.548073	128.998270
48291	8.642156	-4.126991	1.786599	-0.001089	-0.001459	0.006140	-66.820871	-62.545034	129.004824
48292	8.638903	-4.182841	1.764390	0.003254	-0.004342	0.001963	-66.824701	-62.545384	129.011290
48293	8.614511	-4.135030	1.754954	0.001012	-0.002517	0.002786	-66.829787	-62.544356	129.017305
48294	8.630583	-4.204681	1.738134	-0.002904	-0.006063	-0.000935	-66.837634	-62.546619	129.024322
48295	8.647962	-4.128984	1.761566	0.005451	-0.007287	-0.004868	-66.841666	-62.550686	129.032449
48296	8.634351	-4.148222	1.759282	0.000050	-0.003007	-0.009484	-66.841015	-62.556764	129.031797
48297	8.678824	-4.177201	1.746434	-0.000446	-0.004681	-0.008152	-66.844347	-62.561979	129.035292
48298	8.649230	-4.126868	1.760297	0.002173	-0.009928	-0.007390	-66.850413	-62.568513	129.043579
48299	8.655254	-4.128065	1.736012	-0.001037	-0.004467	-0.003344	-66.855958	-62.571154	129.049036
48300	8.699233	-4.158033	1.723244	0.001058	-0.001396	0.008793	-66.861027	-62.567239	129.055478
48301	8.668301	-4.141366	1.765340	0.001579	0.007260	0.008020	-66.858102	-62.561257	129.053102
48302	8.662035	-4.140754	1.789431	0.003250	-0.000215	0.017454	-66.864467	-62.552513	129.062422
48303	8.711294	-4.141710	1.726354	0.001954	0.007962	0.025096	-66.868003	-62.537380	129.067545
48304	8.657197	-4.167982	1.741492	0.000848	0.012363	0.025786	-66.866594	-62.521415	129.066554
48305	8.605563	-4.171135	1.806398	0.003897	0.017653	0.029249	-66.860997	-62.501925	129.062380
48306	8.574195	-4.123736	1.822122	0.001087	0.009702	0.024838	-66.861738	-62.487059	129.063967
48307	8.583968	-4.161328	1.802577	-0.008353	0.005347	0.019419	-66.871346	-62.475510	129.069264
48308	8.569268	-4.182748	1.800290	-0.003810	-0.007174	0.013740	-66.887154	-62.470287	129.084678
48309	8.602738	-4.145687	1.779405	-0.009005	-0.012524	0.007622	-66.910075	-62.468978	129.104413
48310	8.588734	-4.166266	1.775708	-0.012053	-0.017816	0.004156	-66.937230	-62.471192	129.127297
48311	8.555400	-4.204467	1.793292	-0.009768	-0.022645	-0.006150	-66.964884	-62.479397	129.152153
48312	8.606453	-4.202943	1.727358	-0.006207	-0.025665	-0.014058	-66.988818	-62.492965	129.175179
48313	8.640175	-4.228037	1.760225	-0.006833	-0.013721	-0.020145	-66.999757	-62.506546	129.183001
48314	8.558646	-4.279985	1.693080	-0.006989	0.001645	-0.048499	-66.981655	-62.532158	129.158132
48315	8.642559	-4.099089	1.749585	0.015183	-0.026819	-0.050915	-66.980008	-62.564896	129.166005
48316	8.699321	-4.191799	1.744119	0.011375	0.010411	-0.057285	-66.938595	-62.593168	129.126741
48317	8.702085	-4.154390	1.717621	0.013486	-0.003510	-0.055759	-66.912056	-62.623244	129.105238
48318	8.704154	-4.149596	1.718727	0.013839	0.015899	-0.049022	-66.867084	-62.645905	129.063577
48319	8.675345	-4.127873	1.762335	0.015735	0.011624	-0.045988	-66.827980	-62.667408	129.029545
48320	8.677388	-4.091518	1.736585	0.011633	0.011842	-0.042757	-66.791015	-62.687659	128.995489
48321	8.764137	-4.090271	1.759034	0.017874	0.015820	-0.027843	-66.754251	-62.698645	128.965446
48322	8.745542	-4.042558	1.728494	0.009932	0.025875	-0.000254	-66.722509	-62.693328	128.936177
48323	8.736070	-4.096968	1.732936	0.013172	0.025683	0.017206	-66.698129	-62.678371	128.916934
48324	8.767626	-4.093191	1.743429	0.009678	0.030960	0.037134	-66.677800	-62.652216	128.900341
48325	8.759368	-4.095534	1.770508	0.008831	0.037965	0.058376	-66.661514	-62.612804	128.887726
48326	8.711358	-4.103703	1.814213	0.007953	0.043829	0.073602	-66.645164	-62.564539	128.874491
48327	8.679868	-4.118116	1.786903	0.002909	0.041808	0.085491	-66.640293	-62.510004	128.870718
48328	8.653784	-4.134956	1.735700	0.002339	0.041986	0.090280	-66.636373	-62.453383	128.867858
48329	8.671072	-4.133377	1.794356	0.003099	0.040965	0.087987	-66.633348	-62.397735	128.866192
48330	8.677249	-4.177126	1.778214	0.002343	0.044904	0.099719	-66.630615	-62.335487	128.864672
48331	8.613400	-4.207823	1.820837	0.007480	0.063789	0.098378	-66.606753	-62.269193	128.842164
48332	8.633725	-4.199823	1.781073	0.012493	0.055891	0.100840	-66.587793	-62.203855	128.828877
48333	8.628402	-4.208179	1.787137	0.013001	0.072212	0.098046	-66.552453	-62.135805	128.797043
48334	8.617228	-4.214615	1.817454	0.013267	0.069504	0.097080	-66.518116	-62.069331	128.766841
48335	8.540802	-4.199750	1.804597	0.014347	0.063947	0.090378	-66.487155	-62.007184	128.740879
48336	8.548229	-4.251657	1.867270	0.010952	0.062058	0.085305	-66.456711	-61.948583	128.713550
48337	8.447781	-4.219471	1.871041	0.007658	0.049473	0.072762	-66.436519	-61.898989	128.695340
48338	8.512931	-4.270983	1.844955	0.006448	0.035853	0.056888	-66.422405	-61.861305	128.683574
48339	8.498434	-4.271658	1.895324	0.005214	0.031078	0.045028	-66.409860	-61.830480	128.672560
48340	8.497326	-4.242700	1.870352	0.007415	0.019314	0.034217	-66.401752	-61.808490	128.668230
48341	8.512283	-4.282665	1.828379	0.002277	0.012153	0.024638	-66.400730	-61.792705	128.668369
48342	8.480754	-4.266173	1.870663	0.001844	0.004553	0.007055	-66.398656	-61.788362	128.667263
48343	8.494898	-4.246499	1.872760	0.003173	-0.005449	-0.004010	-66.402080	-61.791651	128.673137
48344	8.534476	-4.241935	1.856330	-0.002316	-0.009187	-0.015180	-66.406331	-61.802134	128.676505
48345	8.546052	-4.276399	1.835137	-0.005049	-0.017854	-0.017044	-66.421047	-61.815118	128.689583
48346	8.561498	-4.254839	1.835505	-0.001841	-0.017446	-0.026511	-66.428287	-61.833443	128.696648
48347	8.557237	-4.250502	1.857660	-0.002234	-0.015129	-0.034099	-66.431424	-61.854763	128.698322
48348	8.593214	-4.209872	1.836446	0.001211	-0.022133	-0.033057	-66.438731	-61.877599	128.707444
48349	8.599831	-4.240931	1.838516	-0.002869	-0.016037	-0.035302	-66.442597	-61.899742	128.710046
48350	8.659652	-4.248340	1.826852	-0.002004	-0.017793	-0.035044	-66.446645	-61.922627	128.713382
48351	8.629109	-4.218901	1.790455	-0.002017	-0.008965	-0.031039	-66.444910	-61.940927	128.709791
48352	8.585714	-4.218449	1.828946	-0.003033	-0.012307	-0.028377	-66.447010	-61.959054	128.710251
48353	8.626187	-4.212048	1.812053	-0.003516	-0.008121	-0.032501	-66.444646	-61.977926	128.705198
48354	8.607673	-4.227458	1.832841	-0.007116	-0.006217	-0.030621	-66.442106	-61.995838	128.697753
48355	8.565054	-4.195024	1.844381	-0.001676	-0.003562	-0.025445	-66.437223	-62.009959	128.691064
48356	8.591185	-4.208607	1.825922	-0.001363	-0.008086	-0.029851	-66.433553	-62.027894	128.686074
48357	8.579240	-4.193929	1.795810	-0.004192	-0.006055	-0.024242	-66.433066	-62.041964	128.682561
48358	8.612704	-4.218386	1.830103	-0.001733	-0.010533	-0.025992	-66.433689	-62.058433	128.682191
48359	8.599799	-4.236084	1.827275	-0.001314	-0.006990	-0.023858	-66.432626	-62.072521	128.679869
48360	8.620966	-4.215760	1.805063	0.001297	-0.006382	-0.028533	-66.426298	-62.089373	128.673598
48361	8.588974	-4.219215	1.796927	0.000476	-0.003529	-0.022796	-66.421248	-62.102108	128.667924
48362	8.636409	-4.223940	1.833735	0.004216	-0.006208	-0.022151	-66.415827	-62.115568	128.664573
48363	8.624288	-4.209342	1.804169	0.002224	-0.001175	-0.027734	-66.405270	-62.130349	128.654071
48364	8.625304	-4.207271	1.804143	0.006138	-0.003514	-0.018559	-66.397619	-62.141304	128.649444
48365	8.628564	-4.182217	1.853564	0.003544	0.001728	-0.019340	-66.387026	-62.151022	128.639586
48366	8.596081	-4.186405	1.846136	0.005821	0.001010	-0.014153	-66.376966	-62.158626	128.632029
48367	8.635586	-4.181297	1.830352	0.000562	-0.001321	-0.010801	-66.374813	-62.164562	128.629739
48368	8.647713	-4.183934	1.782733	-0.003965	-0.004632	-0.009720	-66.377892	-62.171134	128.630700
48369	8.628227	-4.201278	1.804133	-0.001036	0.001405	-0.008791	-66.374812	-62.175397	128.626228
48370	8.675749	-4.175064	1.813981	-0.001769	0.002384	-0.006521	-66.371045	-62.178678	128.620873
48371	8.655902	-4.192804	1.836195	-0.002676	0.012974	-0.002769	-66.360015	-62.177115	128.606630
48372	8.622475	-4.198734	1.829284	-0.002785	0.009001	0.006157	-66.355769	-62.172221	128.600073
48373	8.602953	-4.185261	1.824176	-0.004156	0.009079	0.007229	-66.353803	-62.166310	128.595016
48374	8.666384	-4.197842	1.790915	-0.006166	0.008258	0.007103	-66.352648	-62.161091	128.589763
48375	8.606951	-4.220730	1.829128	-0.003743	0.012625	0.009365	-66.347860	-62.153242	128.581884
48376	8.637955	-4.206799	1.761393	-0.002222	0.017628	0.005366	-66.334386	-62.146779	128.565255
48377	8.578533	-4.229165	1.800684	0.007060	0.021599	0.002268	-66.311396	-62.140597	128.543689
48378	8.456318	-4.206680	1.846783	0.007271	0.023692	-0.010127	-66.279728	-62.140859	128.512631
48379	8.472465	-4.193849	1.927213	0.009574	0.008926	-0.030418	-66.253629	-62.154733	128.489067
48380	8.485438	-4.194554	1.880404	0.004583	-0.004894	-0.032018	-66.242297	-62.173060	128.479271
48381	8.579248	-4.163400	1.850058	0.003095	-0.014006	-0.043491	-66.236925	-62.199076	128.474865
48382	8.541623	-4.195750	1.891961	-0.006572	-0.015689	-0.047993	-66.235702	-62.228271	128.469276
48383	8.530337	-4.211048	1.887621	-0.011104	-0.030087	-0.062934	-66.245930	-62.268192	128.473394
48384	8.630973	-4.211251	1.858123	-0.007456	-0.041975	-0.074845	-66.259665	-62.317535	128.484132
48385	8.569447	-4.296172	1.744187	-0.008107	-0.033455	-0.098987	-66.255708	-62.377133	128.474319
48386	8.632830	-4.184451	1.798254	-0.003118	-0.036603	-0.107974	-66.246984	-62.442611	128.462509
48387	8.668276	-4.111853	1.848692	0.000201	-0.028178	-0.110934	-66.227595	-62.507247	128.440701
48388	8.693016	-4.084209	1.824596	-0.000371	-0.028009	-0.106151	-66.209306	-62.569781	128.419900
48389	8.737002	-4.039259	1.778669	-0.009796	-0.027145	-0.090106	-66.203690	-62.623261	128.407187
48390	8.731613	-4.118208	1.805513	-0.011449	-0.014458	-0.078073	-66.190439	-62.667939	128.384931
48391	8.779542	-4.109285	1.764621	-0.000618	-0.009046	-0.067713	-66.171115	-62.705487	128.363154
48392	8.771205	-4.036450	1.757324	0.002757	0.010928	-0.046065	-66.138181	-62.727502	128.327924
48393	8.724952	-4.091593	1.776168	0.001580	0.013643	-0.024421	-66.113916	-62.737108	128.301880
48394	8.655848	-4.076767	1.834972	0.000970	0.013867	-0.019611	-66.090863	-62.744570	128.276621
48395	8.606240	-4.044392	1.871289	-0.007039	-0.001133	-0.009183	-66.093388	-62.749642	128.274659
48396	8.609871	-4.101006	1.824592	-0.013322	-0.014920	-0.009714	-66.112258	-62.758600	128.287347
48397	8.655259	-4.097663	1.783168	-0.010442	-0.015832	-0.009330	-66.131659	-62.767142	128.302516
48398	8.792442	-4.033697	1.685026	0.001625	-0.008563	0.003447	-66.141436	-62.767727	128.314608
48399	8.749760	-4.126879	1.707240	0.007858	0.023330	0.020577	-66.123952	-62.751536	128.299860
48400	8.809145	-4.082656	1.722129	0.027931	0.032786	0.027839	-66.087591	-62.729751	128.277007
48401	8.853629	-4.059751	1.737244	0.028953	0.063439	0.054323	-66.032592	-62.686552	128.233940
48402	8.694093	-4.082239	1.808120	0.029052	0.073770	0.072882	-65.974543	-62.631621	128.187379
48403	8.722683	-4.082418	1.823569	0.042252	0.069607	0.084413	-65.919580	-62.571209	128.152900
48404	8.647316	-4.108424	1.916010	0.030293	0.072673	0.090178	-65.870122	-62.507448	128.116772
48405	8.656682	-4.064202	1.897323	0.020160	0.058707	0.103927	-65.847859	-62.439381	128.104420
48406	8.545477	-4.121143	1.930250	0.014266	0.048454	0.105518	-65.838983	-62.373264	128.103677
48407	8.611006	-4.111155	1.849640	0.015218	0.031982	0.107220	-65.847734	-62.309741	128.123269
48408	8.558009	-4.178069	1.870787	0.010411	0.038983	0.107212	-65.851234	-62.244959	128.134011
48409	8.567090	-4.166847	1.876066	0.011469	0.026469	0.099985	-65.864262	-62.186511	128.155923
48410	8.601539	-4.170967	1.863169	0.010380	0.029698	0.094634	-65.871307	-62.130479	128.170666
48411	8.773019	-4.145247	1.781775	0.015959	0.031564	0.102332	-65.877674	-62.069611	128.187760
48412	8.680322	-4.216202	1.820165	0.018372	0.069308	0.117081	-65.850978	-61.992564	128.169500
48413	8.592853	-4.289075	1.836622	0.026156	0.067081	0.111966	-65.820899	-61.918339	128.151936
48414	8.600809	-4.197082	1.939726	0.018949	0.059794	0.099699	-65.795780	-61.852601	128.135815
48415	8.439794	-4.300688	1.913773	0.019098	0.062599	0.084753	-65.762351	-61.793649	128.109767
48416	8.658721	-4.127605	1.835099	0.018836	0.035887	0.088629	-65.755884	-61.739312	128.114725
48417	8.587678	-4.268391	1.834044	0.021922	0.067519	0.104006	-65.724684	-61.669131	128.093116
48418	8.473066	-4.265771	1.913108	0.031374	0.060701	0.093463	-65.689208	-61.606423	128.073278
48419	8.349873	-4.315086	1.992927	0.019605	0.046135	0.066855	-65.664008	-61.560668	128.057069
48420	8.508218	-4.217503	1.928081	0.010981	0.013711	0.049746	-65.666589	-61.531870	128.067209
48421	8.594843	-4.250163	1.879138	0.003205	0.022480	0.046798	-65.664843	-61.502172	128.066864
48422	8.680013	-4.314823	1.858474	0.012970	0.029904	0.045841	-65.649012	-61.471588	128.057353
48423	8.664236	-4.306325	1.833616	0.020734	0.061820	0.050680	-65.601187	-61.430552	128.016448
48424	8.550048	-4.331094	1.940522	0.030175	0.080325	0.046094	-65.527467	-61.387878	127.952229
48425	8.621757	-4.261407	1.886268	0.038288	0.075798	0.048621	-65.455649	-61.344551	127.895326
48426	8.552344	-4.284483	1.955341	0.031017	0.089157	0.053743	-65.376777	-61.295708	127.825731
48427	8.436998	-4.300506	1.986335	0.035150	0.072368	0.048599	-65.310402	-61.253150	127.772826
48428	8.481063	-4.278637	2.003818	0.030781	0.065352	0.042752	-65.249865	-61.215651	127.723935
48429	8.527050	-4.224679	1.992712	0.033013	0.048109	0.046007	-65.206836	-61.180211	127.696210
48430	8.622933	-4.203867	1.946022	0.024563	0.051249	0.053282	-65.168020	-61.140589	127.668014
48431	8.706169	-4.188723	2.023987	0.024802	0.069098	0.069676	-65.120419	-61.087773	127.629752
48432	8.584139	-4.286011	1.983175	0.018119	0.085192	0.079401	-65.065019	-61.026365	127.578358
48433	8.500335	-4.299392	2.021477	0.015294	0.079488	0.086975	-65.020992	-60.962024	127.537965
48434	8.495063	-4.306529	2.028432	0.012635	0.070074	0.087656	-64.986856	-60.899951	127.507242
48435	8.481760	-4.335419	2.008950	0.001706	0.067807	0.086678	-64.961672	-60.838577	127.479393
48436	8.476578	-4.342868	2.014725	0.009912	0.062469	0.091766	-64.938187	-60.776201	127.459045
48437	8.506456	-4.313116	2.001331	0.010373	0.064848	0.087879	-64.911512	-60.714913	127.435075
48438	8.567442	-4.310289	2.024123	0.011811	0.065783	0.092773	-64.884503	-60.651201	127.411910
48439	8.545427	-4.369796	2.055896	0.006496	0.072996	0.097461	-64.856892	-60.582953	127.384308
48440	8.462875	-4.352218	2.065133	0.001920	0.079231	0.099894	-64.826494	-60.512260	127.350711
48441	8.494193	-4.389787	2.083813	0.001837	0.063823	0.103947	-64.812977	-60.442869	127.336325
48442	8.571140	-4.337149	2.080897	0.004012	0.063768	0.106588	-64.798616	-60.372467	127.322503
48443	8.488285	-4.410137	2.071604	-0.009106	0.073952	0.113711	-64.786469	-60.295545	127.302330
48444	8.519258	-4.440943	2.013349	-0.000263	0.069425	0.120001	-64.775284	-60.216807	127.289324
48445	8.466847	-4.362257	2.075414	-0.002880	0.077200	0.120028	-64.759482	-60.135816	127.269040
48446	8.362267	-4.453021	2.087642	-0.001820	0.072758	0.119368	-64.746057	-60.056588	127.252399
48447	8.281687	-4.404144	2.068195	0.000303	0.070575	0.110084	-64.730342	-59.982363	127.234326
48448	8.312600	-4.442242	2.086261	-0.001748	0.059194	0.102565	-64.722067	-59.915155	127.223659
48449	8.365109	-4.462134	2.082771	0.003565	0.059288	0.087341	-64.705101	-59.855466	127.206311
48450	8.310357	-4.435600	2.121879	0.000152	0.057524	0.082270	-64.688781	-59.799178	127.187584
48451	8.214890	-4.434512	2.125670	-0.006035	0.043605	0.068524	-64.683459	-59.753072	127.177297
48452	8.193082	-4.424922	2.121719	-0.007670	0.023415	0.052356	-64.689414	-59.720631	127.179154
48453	8.223844	-4.424097	2.131384	-0.011950	0.011091	0.036243	-64.702777	-59.699205	127.186578
48454	8.263913	-4.481886	2.071559	-0.008659	0.000204	0.022045	-64.717153	-59.688148	127.197533
48455	8.304551	-4.457188	2.105632	-0.005313	-0.001195	0.009234	-64.726270	-59.683715	127.204467
48456	8.326543	-4.506356	2.115792	-0.003345	-0.002498	-0.002529	-64.729706	-59.686049	127.206276
48457	8.270090	-4.485044	2.046975	-0.007841	-0.001923	-0.018870	-64.729151	-59.696351	127.200349
48458	8.432986	-4.426021	2.085281	0.000897	-0.018774	-0.023303	-64.735896	-59.713429	127.208806
48459	8.470941	-4.453551	2.097459	0.002226	0.002709	-0.020669	-64.724700	-59.723533	127.197223
48460	8.562739	-4.459318	2.098369	0.001073	0.009676	-0.019142	-64.707836	-59.731495	127.178458
48461	8.494171	-4.499370	2.109868	0.004116	0.018434	-0.008845	-64.686544	-59.731625	127.156438
48462	8.359757	-4.459780	2.121815	-0.001395	0.018810	-0.004659	-64.669058	-59.729842	127.135317
48463	8.268857	-4.451745	2.122102	0.000038	-0.002862	-0.009386	-64.668768	-59.735468	127.134912
48464	8.354108	-4.456171	2.145194	-0.005003	-0.011355	-0.013874	-64.676249	-59.745849	127.140305
48465	8.287230	-4.487875	2.077220	-0.005421	-0.016658	-0.019405	-64.687124	-59.760041	127.149212
48466	8.311551	-4.445045	2.103680	0.008073	-0.022654	-0.026924	-64.691680	-59.779948	127.159889
48467	8.407047	-4.418033	2.074588	-0.003008	-0.023984	-0.030462	-64.703054	-59.801659	127.170959
48468	8.385115	-4.464637	2.121516	-0.001508	-0.016423	-0.033555	-64.704785	-59.823475	127.172013
48469	8.478720	-4.379517	2.137563	-0.001720	-0.023305	-0.034040	-64.713326	-59.846871	127.180689
48470	8.355716	-4.464116	2.109332	-0.011417	-0.012378	-0.027844	-64.719543	-59.864738	127.180364
48471	8.444825	-4.434729	2.103540	-0.000816	-0.026889	-0.037194	-64.729448	-59.890647	127.191218
48472	8.529459	-4.460879	2.076375	-0.011200	-0.005512	-0.027364	-64.729614	-59.906585	127.184042
48473	8.385653	-4.473446	2.087926	-0.002176	-0.005994	-0.029936	-64.724690	-59.923628	127.176793
48474	8.455903	-4.429489	2.076850	-0.005411	-0.009292	-0.029942	-64.723820	-59.941827	127.172257
48475	8.421696	-4.463919	2.094835	-0.004102	-0.007560	-0.027558	-64.722389	-59.958019	127.167836
48476	8.386133	-4.432540	2.081020	-0.003554	-0.014358	-0.024326	-64.727367	-59.974547	127.171284
