// General information: 
//  MT Manager version: 2022.2.0 
//  XDA version: 2022.2.0 build 7381 rev 124627 built on 2023-07-19
// Device information: 
//  DeviceId: 00B4BB4F
//  ProductCode: MTW2-3A7G6
//  Firmware Version: 4.6.0
//  Hardware Version: 2.0.0
// Device settings: 
//  Filter Profile: human(46.1)
//  Option Flags: Orientation Smoother Disabled, Position/Velocity Smoother Disabled, Continuous Zero Rotation Update Disabled, AHS Disabled, ICC Disabled
// Coordinate system: ENU
PacketCounter	Acc_X	Acc_Y	Acc_Z	Gyr_X	Gyr_Y	Gyr_Z	Roll	Pitch	Yaw
32697	9.058383	-3.145774	1.723773	-0.002159	-0.001988	-0.002386	-59.600501	-68.648114	8.097729
32698	9.059138	-3.142627	1.699267	-0.001093	-0.003085	-0.002362	-59.608997	-68.649802	8.105332
32699	9.058604	-3.166757	1.696068	-0.001094	-0.001059	-0.000130	-59.610946	-68.650660	8.106927
32700	9.058067	-3.169535	1.720111	-0.002132	-0.001859	-0.004512	-59.616934	-68.653056	8.111551
32701	9.083279	-3.145521	1.723415	-0.002104	-0.001729	-0.006638	-59.615484	-68.657325	8.108875
32702	9.058418	-3.147421	1.746881	0.000001	-0.002026	-0.002232	-59.622131	-68.658634	8.115589
32703	9.059117	-3.144468	1.722297	-0.004402	-0.004365	0.001605	-59.631447	-68.659591	8.123056
32704	9.058551	-3.147453	1.746131	-0.002159	-0.001988	-0.002386	-59.639206	-68.660984	8.129531
32705	9.058668	-3.147350	1.745713	-0.000081	-0.006466	-0.000318	-59.647282	-68.663501	8.138325
32706	9.059450	-3.144305	1.720842	-0.007600	-0.005126	-0.002932	-59.661649	-68.666076	8.147739
32707	9.060893	-3.138101	1.671921	0.001094	-0.002993	-0.004334	-59.661682	-68.669572	8.148621
32708	9.108602	-3.166429	1.693886	-0.001148	-0.005370	-0.000343	-59.674520	-68.670931	8.160027
32709	9.059228	-3.168039	1.716750	0.000000	0.000000	-0.000000	-59.674602	-68.671417	8.160289
32710	9.060446	-3.140835	1.695603	0.003253	0.001021	0.000285	-59.677363	-68.670609	8.164488
32711	9.085418	-3.138635	1.672051	-0.001094	0.000967	0.002102	-59.678404	-68.669776	8.165107
32712	9.059089	-3.168230	1.717129	-0.001039	0.003252	0.000082	-59.680642	-68.668421	8.166213
32713	9.059727	-3.165257	1.692871	0.002106	-0.004349	-0.000058	-59.684983	-68.670194	8.172342
32714	9.060357	-3.141010	1.695753	0.001093	0.001059	0.000130	-59.688887	-68.669461	8.176871
32715	9.083453	-3.168991	1.717705	-0.003227	0.003160	0.002054	-59.688336	-68.668017	8.174468
32716	9.083999	-3.166236	1.693533	0.001039	-0.001226	0.002150	-59.696556	-68.666949	8.182572
32717	9.060141	-3.141433	1.696121	0.000054	0.004311	0.000212	-59.691304	-68.666084	8.177141
32718	9.058856	-3.168628	1.717627	0.001094	0.001059	0.000130	-59.695219	-68.665351	8.181893
32719	9.082602	-3.172262	1.742534	0.001094	0.001059	0.000130	-59.693430	-68.665466	8.180819
32720	9.084469	-3.120730	1.724339	0.003254	-0.001005	-0.001947	-59.697122	-68.666379	8.185533
32721	9.059445	-3.144175	1.721108	0.000081	0.006466	0.000318	-59.689204	-68.664838	8.177256
32722	9.059403	-3.144077	1.721506	0.003281	0.001150	-0.001841	-59.690213	-68.665063	8.179457
32723	9.083284	-3.168576	1.719367	0.001203	0.003603	-0.006142	-59.680495	-68.667545	8.169938
32724	9.084609	-3.140915	1.698512	0.000109	0.004570	-0.004040	-59.677368	-68.667864	8.166024
32725	9.059003	-3.145802	1.746760	-0.000984	0.003511	-0.004171	-59.670478	-68.669396	8.158195
32726	9.060994	-3.136537	1.674305	0.001149	0.001318	-0.004122	-59.670756	-68.670702	8.157963
32727	9.083620	-3.145614	1.747733	0.000110	0.002544	-0.006273	-59.662904	-68.673554	8.149775
32728	9.059478	-3.165645	1.719847	-0.004290	-0.003847	-0.006900	-59.670853	-68.677734	8.155047
32729	9.084116	-3.165747	1.720181	0.000083	0.000389	-0.006379	-59.665665	-68.681262	8.149704
32730	9.060519	-3.140291	1.722544	-0.003170	-0.000633	-0.006664	-59.669024	-68.684384	8.150635
32731	9.085761	-3.137342	1.698953	-0.000929	0.003770	-0.008424	-59.658611	-68.687944	8.139060
32732	9.110240	-3.137634	1.699766	0.000026	0.002155	0.000106	-59.661687	-68.686939	8.141545
32733	9.085133	-3.161128	1.696988	0.001280	0.014122	-0.001361	-59.642130	-68.684009	8.121513
32734	9.060484	-3.139144	1.724816	0.002292	0.010740	0.000683	-59.633414	-68.680213	8.112982
32735	9.035787	-3.117359	1.752495	-0.000963	0.011744	0.002630	-59.621125	-68.675996	8.099371
32736	9.060607	-3.136565	1.702632	0.000104	0.010648	0.002654	-59.615178	-68.671247	8.092073
32737	9.083564	-3.164643	1.725120	0.000025	0.004181	0.002337	-59.611686	-68.669365	8.088514
32738	9.060289	-3.137000	1.703522	-0.001095	0.000967	0.002102	-59.618318	-68.667698	8.094421
32739	9.082706	-3.167876	1.749956	-0.005252	0.009923	-0.002041	-59.607335	-68.666316	8.079574
32740	9.084416	-3.137881	1.705138	0.000023	0.006207	0.004569	-59.608534	-68.661909	8.080571
32741	9.059781	-3.137538	1.705232	0.000078	0.008492	0.002547	-59.599717	-68.658674	8.071326
32742	9.058319	-3.164949	1.727214	0.001144	0.007396	0.002572	-59.597246	-68.654892	8.069300
32743	9.060005	-3.135015	1.682485	0.000078	0.008493	0.002546	-59.588433	-68.651656	8.060060
32744	9.081622	-3.169024	1.753497	0.001144	0.007396	0.002571	-59.585941	-68.647886	8.057447
32745	9.083971	-3.136105	1.684610	0.004397	0.008418	0.002857	-59.574983	-68.644518	8.048561
32746	9.082353	-3.142326	1.734087	0.003328	0.011540	0.005062	-59.567863	-68.638351	8.041420
32747	9.082017	-3.142735	1.735109	0.001142	0.009422	0.004801	-59.558951	-68.633730	8.032727
32748	9.057422	-3.163553	1.708318	0.001227	0.011837	0.000652	-59.549398	-68.629643	8.022217
32749	9.033297	-3.117521	1.738977	0.002264	0.010611	0.002804	-59.536869	-68.625662	8.010329
32750	9.055632	-3.169712	1.758681	0.002240	0.006429	0.000469	-59.533397	-68.623225	8.007090
32751	9.056762	-3.142622	1.737983	0.002184	0.004144	0.002491	-59.528844	-68.621276	8.003718
32752	9.081641	-3.140615	1.714859	0.003248	0.005074	0.004747	-59.529704	-68.617130	8.005766
32753	9.056354	-3.143187	1.739087	0.002211	0.006300	0.002594	-59.522495	-68.614503	7.999559
32754	9.055488	-3.146502	1.763644	0.005297	-0.001560	0.006717	-59.532001	-68.611295	8.012808
32755	9.055399	-3.168216	1.736510	0.001034	0.000800	0.004382	-59.533728	-68.609384	8.015473
32756	9.055810	-3.122998	1.766762	0.002130	-0.000167	0.002282	-59.540023	-68.607986	8.022849
32757	9.055165	-3.168856	1.736563	0.000977	-0.001485	0.006404	-59.546160	-68.605739	8.030215
32758	9.105060	-3.122224	1.743415	0.000953	-0.005666	0.004070	-59.561333	-68.605062	8.045739
32759	9.030615	-3.169001	1.735254	-0.001180	-0.003473	0.004018	-59.569442	-68.604569	8.053897
32760	9.106191	-3.117247	1.694441	0.003135	0.000504	0.008789	-59.579140	-68.599758	8.066043
32761	9.054534	-3.171174	1.735620	0.001928	-0.005124	0.012702	-59.593975	-68.595452	8.083337
32762	9.080062	-3.166606	1.687722	0.001091	0.003085	0.002359	-59.596775	-68.593072	8.086347
32763	9.055378	-3.145198	1.714480	0.005238	-0.001819	0.010966	-59.604255	-68.588665	8.097779
32764	9.078837	-3.170865	1.712447	0.001087	0.007138	0.006817	-59.605257	-68.582905	8.099156
32765	9.053452	-3.152345	1.763663	0.001034	0.000800	0.004381	-59.606972	-68.580993	8.101809
32766	9.079732	-3.144557	1.691691	0.001034	0.000800	0.004380	-59.614167	-68.578260	8.110208
32767	9.078882	-3.147894	1.716120	0.001062	0.002956	0.004484	-59.613226	-68.575671	8.110025
32768	9.028511	-3.131550	1.790641	-0.004379	-0.000181	0.003939	-59.624366	-68.573466	8.117960
32769	9.103079	-3.170678	1.689409	-0.000087	-0.002414	0.004147	-59.630597	-68.572599	8.124774
32770	9.052696	-3.154425	1.763826	-0.003287	0.002904	0.006297	-59.638933	-68.568326	8.130480
32771	9.079049	-3.146469	1.691803	0.001096	-0.000968	-0.002099	-59.638055	-68.570128	8.130386
32772	9.028246	-3.175314	1.736044	-0.003285	0.000878	0.004068	-59.647346	-68.567526	8.138434
32773	9.103305	-3.147604	1.692347	-0.003255	0.001007	0.001943	-59.649455	-68.566758	8.138871
32774	9.028706	-3.151542	1.739025	-0.001066	0.001097	-0.000026	-59.654198	-68.566135	8.143165
32775	9.076768	-3.156009	1.764509	-0.001096	0.000968	0.002099	-59.655234	-68.565301	8.143778
32776	9.078050	-3.150222	1.716250	-0.002104	0.004350	0.000051	-59.656464	-68.563691	8.143318
32777	9.052877	-3.152536	1.740268	-0.004236	0.006545	-0.000002	-59.650728	-68.562281	8.134722
32778	9.052713	-3.152870	1.740511	-0.001156	0.000710	0.006349	-59.660637	-68.558624	8.143862
32779	9.077631	-3.129573	1.744209	-0.003168	0.003421	-0.002204	-59.656600	-68.559208	8.137749
32780	9.078324	-3.147927	1.692983	-0.003228	0.003163	0.002046	-59.661434	-68.556957	8.140817
32781	9.054439	-3.123222	1.695540	-0.000002	0.002026	0.002229	-59.660606	-68.555752	8.140100
32782	9.051010	-3.180863	1.762337	-0.003286	0.000878	0.004067	-59.669797	-68.553189	8.146660
32783	9.077965	-3.148775	1.693327	-0.000002	0.002026	0.002229	-59.668969	-68.551984	8.145943
32784	9.050823	-3.181190	1.762710	0.000086	0.004441	-0.001918	-59.667336	-68.551351	8.143067
32785	9.101576	-3.173727	1.691776	0.002214	0.006299	0.002592	-59.660130	-68.548729	8.136861
32786	9.027595	-3.174481	1.714900	0.003398	0.007745	-0.003653	-59.651195	-68.547982	8.129183
32787	9.077074	-3.151256	1.719513	0.003286	-0.000878	-0.004067	-59.647500	-68.550730	8.127410
32788	9.100291	-3.199901	1.714760	0.004550	0.011088	-0.005545	-59.632217	-68.549954	8.112625
32789	9.052120	-3.152294	1.744636	0.008816	0.004673	-0.007667	-59.615712	-68.552873	8.100492
32790	9.101839	-3.192637	1.668002	0.006623	0.006609	-0.003471	-59.606461	-68.552392	8.093286
32791	9.026928	-3.132190	1.797488	0.013213	0.015115	-0.002591	-59.578045	-68.549772	8.071064
32792	9.077440	-3.190641	1.669886	0.011009	0.002736	-0.011866	-59.564919	-68.554560	8.062203
32793	9.077182	-3.104403	1.780221	0.011255	0.024164	-0.008718	-59.521722	-68.552331	8.022894
32794	9.027833	-3.147521	1.750803	0.010023	0.012327	-0.009361	-59.498996	-68.553075	8.004413
32795	9.052202	-3.147390	1.753045	0.010016	0.016381	-0.004908	-59.469117	-68.551215	7.978651
32796	9.052035	-3.125473	1.781667	0.008841	0.008856	-0.005343	-59.454356	-68.551021	7.966159
32797	9.076695	-3.168108	1.728823	0.005561	0.005679	-0.005731	-59.439864	-68.552678	7.954185
32798	9.076622	-3.146294	1.756754	0.006623	0.006610	-0.003477	-59.430526	-68.552195	7.946535
32799	9.052249	-3.145070	1.756962	0.008814	0.006700	-0.005446	-59.413098	-68.553412	7.933409
32800	9.052282	-3.144522	1.757774	0.007689	0.005513	-0.003450	-59.404581	-68.553226	7.928225
32801	9.077858	-3.096313	1.765186	0.006650	0.008766	-0.003378	-59.387334	-68.552818	7.913961
32802	9.052947	-3.140727	1.735388	0.007716	0.007669	-0.003350	-59.376172	-68.551966	7.905706
32803	9.052195	-3.143217	1.760552	0.007716	0.007669	-0.003351	-59.359711	-68.551862	7.892943
32804	9.051966	-3.121700	1.788616	0.002267	0.008586	0.000558	-59.353327	-68.548805	7.885976
32805	9.051924	-3.143097	1.762156	0.003275	0.005205	0.002612	-59.346937	-68.546480	7.881299
32806	9.052320	-3.119168	1.765602	-0.001076	0.005153	0.004424	-59.349698	-68.542546	7.881805
32807	9.051534	-3.143807	1.762896	-0.001130	0.000841	0.004223	-59.352503	-68.540702	7.884295
32808	9.052074	-3.141281	1.738937	0.001083	0.005115	0.004581	-59.354130	-68.536705	7.884377
32809	9.050451	-3.147517	1.787530	-0.000091	-0.002412	0.004152	-59.360362	-68.535845	7.891191
32810	9.052330	-3.118010	1.741948	0.000965	0.000548	0.008632	-59.370853	-68.531157	7.902639
32811	9.050656	-3.146144	1.763235	-0.003417	0.000368	0.012569	-59.381749	-68.525335	7.912417
32812	9.051664	-3.119975	1.741889	-0.000128	-0.000511	0.008502	-59.394041	-68.521020	7.924878
32813	9.074358	-3.148904	1.763757	-0.003449	0.000241	0.014693	-59.406679	-68.514187	7.936509
32814	9.073896	-3.150266	1.763702	0.001935	-0.000933	0.015035	-59.423124	-68.506782	7.954299
32815	9.074311	-3.169884	1.712319	0.000902	0.000292	0.012880	-59.431847	-68.500825	7.964403
32816	9.073051	-3.152564	1.763942	0.002055	0.003634	0.010983	-59.439520	-68.494108	7.972409
32817	9.073280	-3.150697	1.740431	0.004266	0.009935	0.013564	-59.434741	-68.485005	7.970073
32818	9.072061	-3.154590	1.765412	0.001021	0.004859	0.008828	-59.439816	-68.478968	7.975397
32819	9.073048	-3.149722	1.717745	0.003201	0.011032	0.013533	-59.434253	-68.469559	7.971561
32820	9.070268	-3.159563	1.791371	0.002111	0.007946	0.011179	-59.436562	-68.461491	7.973451
32821	9.045999	-3.135590	1.794501	0.003205	0.009004	0.011306	-59.431892	-68.453772	7.970578
32822	9.045750	-3.179173	1.740853	0.000988	0.004732	0.010949	-59.438701	-68.446743	7.977436
32823	9.069063	-3.183596	1.766055	-0.000069	0.001773	0.006472	-59.441373	-68.443515	7.980440
32824	9.069476	-3.159864	1.769259	-0.000008	0.004057	0.004447	-59.444773	-68.439871	7.983744
32825	9.044872	-3.159555	1.768926	-0.002167	0.004096	0.004289	-59.444136	-68.437044	7.981897
32826	9.045947	-3.133117	1.747988	-0.001172	0.004772	0.010790	-59.451963	-68.430060	7.989349
32827	9.044138	-3.139663	1.796758	-0.001102	0.002999	0.004318	-59.452106	-68.427539	7.988998
32828	9.068487	-3.183616	1.743349	-0.002233	0.003841	0.008537	-59.460035	-68.421956	7.995411
32829	9.044389	-3.159466	1.745962	-0.001139	0.004899	0.008665	-59.461026	-68.416736	7.995949
32830	9.067806	-3.163724	1.770921	-0.002255	-0.002371	0.003991	-59.473286	-68.415197	8.006643
32831	9.068554	-3.182519	1.719369	-0.003290	0.000883	0.004060	-59.477131	-68.413418	8.008924
32832	9.091958	-3.165176	1.771550	0.002156	0.001988	0.002381	-59.480266	-68.411405	8.012980
32833	9.042113	-3.167215	1.794917	-0.000048	0.007986	0.011015	-59.478507	-68.404126	8.011233
32834	9.067648	-3.162896	1.747643	0.001024	0.002831	0.006598	-59.484330	-68.399793	8.017341
32835	9.043598	-3.138609	1.750291	0.001021	0.004859	0.008821	-59.484243	-68.394508	8.018051
32836	9.042611	-3.163615	1.747657	-0.000103	0.001646	0.008593	-59.493629	-68.389533	8.027457
32837	9.091053	-3.165978	1.749215	0.000958	0.002576	0.010844	-59.497906	-68.383912	8.032821
32838	9.041126	-3.168268	1.772488	0.003180	0.004818	0.008977	-59.501714	-68.377832	8.037897
32839	9.088828	-3.194864	1.771500	0.001017	0.006888	0.011040	-59.500726	-68.370861	8.037635
32840	9.040350	-3.191395	1.746537	0.005306	0.004650	0.011257	-59.505155	-68.363707	8.044335
32841	9.064875	-3.147468	1.778021	0.002146	0.008073	0.009044	-59.500583	-68.357377	8.040912
32842	9.065402	-3.166538	1.727172	0.001024	0.002831	0.006595	-59.506347	-68.353058	8.046865
32843	9.039802	-3.148037	1.778455	0.007529	0.006892	0.009389	-59.500413	-68.346901	8.045296
32844	9.039572	-3.191586	1.724648	0.001987	0.001351	0.012992	-59.512102	-68.339842	8.058603
32845	9.087028	-3.175757	1.777899	0.005336	0.006806	0.011352	-59.508967	-68.332740	8.058693
32846	9.062960	-3.172903	1.753810	0.007529	0.006892	0.009386	-59.507936	-68.325868	8.060984
32847	9.036693	-3.199907	1.775413	0.006529	0.010273	0.007331	-59.496871	-68.319743	8.053277
32848	9.037741	-3.173328	1.755223	0.004370	0.010315	0.007172	-59.491804	-68.312963	8.049927
32849	9.086828	-3.151290	1.760348	0.006403	0.003679	0.009159	-59.490341	-68.307853	8.052475
32850	9.036844	-3.174880	1.757039	0.009712	0.013064	0.014078	-59.483827	-68.296856	8.051265
32851	9.036107	-3.154597	1.785592	0.003269	0.013317	0.011479	-59.473906	-68.287797	8.042777
32852	9.059102	-3.180935	1.784584	0.008482	0.009471	0.020215	-59.477044	-68.274836	8.050627
32853	9.033847	-3.181844	1.785235	0.007481	0.014882	0.020375	-59.469279	-68.260931	8.047056
32854	9.033668	-3.159418	1.789408	0.005192	0.008331	0.022045	-59.477016	-68.247389	8.058266
32855	9.056560	-3.186255	1.787990	0.003036	0.006344	0.019666	-59.481841	-68.236317	8.065508
32856	9.032130	-3.162850	1.791104	0.005294	0.010740	0.017894	-59.483467	-68.224122	8.070109
32857	9.004687	-3.172276	1.863560	-0.002440	-0.000967	0.016808	-59.498369	-68.216588	8.084824
32858	9.079234	-3.234417	1.735601	0.005068	-0.004353	0.017217	-59.518239	-68.209124	8.108608
32859	9.054387	-3.234624	1.735375	0.005471	0.011371	0.007286	-59.506434	-68.202702	8.099443
32860	9.030871	-3.164959	1.768463	0.004137	0.003342	0.015352	-59.515977	-68.193923	8.111684
32861	9.028017	-3.217437	1.787825	0.006530	0.014330	0.011748	-59.503163	-68.184438	8.102085
32862	9.028873	-3.170092	1.794723	0.007391	0.004354	0.015635	-59.509749	-68.175221	8.113013
32863	9.052718	-3.193553	1.769159	0.006394	0.009767	0.015793	-59.505583	-68.165065	8.112645
32864	9.027622	-3.172682	1.796435	0.007390	0.004354	0.015632	-59.512148	-68.155849	8.123817
32865	9.051671	-3.217304	1.743424	0.004206	0.003595	0.011106	-59.513436	-68.149802	8.127975
32866	9.051933	-3.194115	1.746919	0.003141	0.006725	0.013289	-59.517802	-68.141060	8.134018
32867	9.025970	-3.176130	1.798645	0.009648	0.012808	0.018286	-59.509833	-68.128789	8.131561
32868	9.048961	-3.202705	1.797052	-0.000322	-0.003161	0.016860	-59.530895	-68.121161	8.153288
32869	9.025642	-3.176193	1.775003	-0.000184	0.003433	0.015024	-59.537718	-68.113225	8.160701
32870	9.022654	-3.207724	1.820715	0.000772	-0.000074	0.019197	-59.556010	-68.103542	8.180299
32871	9.022995	-3.227812	1.769211	-0.000323	-0.003160	0.016856	-59.572321	-68.096613	8.197853
32872	9.046914	-3.230088	1.769750	0.002969	-0.002025	0.015021	-59.588702	-68.089556	8.216804
32873	9.022748	-3.185032	1.799066	0.006189	-0.001141	0.017423	-59.599190	-68.081758	8.232105
32874	9.071178	-3.230639	1.746435	0.007394	0.000291	0.011193	-59.607394	-68.075919	8.244950
32875	9.021837	-3.208830	1.772414	0.005126	0.001992	0.019601	-59.616197	-68.066135	8.257779
32876	9.044696	-3.192801	1.824987	0.007356	0.004227	0.017734	-59.624272	-68.055927	8.270218
32877	9.044235	-3.236886	1.771024	0.005127	-0.002070	0.015173	-59.634855	-68.049507	8.284968
32878	9.046151	-3.186835	1.752798	0.007357	0.002196	0.015518	-59.643794	-68.040980	8.298476
32879	9.018010	-3.241321	1.795173	0.007393	0.002321	0.013399	-59.646407	-68.034163	8.306034
32880	9.018353	-3.239514	1.771490	0.010649	0.003329	0.013682	-59.650739	-68.026218	8.316729
32881	9.019470	-3.192033	1.777958	0.006404	0.005704	0.011342	-59.648292	-68.019439	8.318220
32882	9.017437	-3.220002	1.799724	0.009515	-0.001913	0.011249	-59.657932	-68.014219	8.333836
32883	9.041524	-3.221585	1.800735	0.005343	0.002743	0.006886	-59.656522	-68.010500	8.335791
32884	9.017714	-3.197057	1.802975	0.006259	-0.004952	0.008753	-59.669921	-68.007387	8.353563
32885	9.016759	-3.221980	1.799582	0.001868	-0.009169	0.008250	-59.686062	-68.006439	8.372299
32886	9.067051	-3.218781	1.752041	0.004100	-0.004904	0.008595	-59.700521	-68.003393	8.389956
32887	9.066074	-3.222156	1.776072	0.004209	-0.002500	0.004454	-59.704432	-68.002392	8.396949
32888	9.041499	-3.200307	1.802557	0.004246	0.001688	0.006758	-59.709398	-67.998355	8.404136
32889	9.017777	-3.218250	1.750813	0.006477	0.001889	0.002682	-59.705366	-67.996962	8.403964
32890	9.015107	-3.227144	1.823779	0.003148	0.000634	0.006632	-59.712126	-67.993287	8.412601
32891	9.017313	-3.197850	1.778444	0.003149	0.002666	0.008842	-59.713454	-67.988622	8.416154
32892	9.040591	-3.223535	1.776781	0.005417	0.005023	0.004859	-59.712266	-67.984566	8.417321
32893	9.015055	-3.225992	1.800929	0.007503	0.004727	0.009249	-59.708868	-67.979104	8.418467
32894	9.016368	-3.199626	1.780045	0.004209	0.001565	0.008873	-59.715457	-67.974050	8.428032
32895	9.062360	-3.253409	1.800312	0.003185	0.002791	0.006724	-59.715097	-67.970396	8.429785
32896	9.040208	-3.223106	1.754374	0.005344	0.002743	0.006881	-59.718150	-67.965996	8.435853
32897	9.064393	-3.202995	1.782551	0.002160	0.001984	0.002366	-59.716251	-67.964731	8.435312
32898	9.037331	-3.232158	1.827951	0.005491	0.007302	0.002834	-59.710736	-67.961014	8.432413
32899	9.014428	-3.204426	1.806323	0.001025	0.000807	0.004357	-59.712348	-67.959105	8.434959
32900	9.014264	-3.204712	1.806630	0.001136	0.005243	0.002426	-59.711562	-67.956195	8.434337
32901	9.063769	-3.203809	1.784262	0.002196	0.002108	0.000250	-59.707980	-67.955942	8.432005
32902	9.013194	-3.250716	1.777217	-0.002231	0.001833	0.006284	-59.715994	-67.952103	8.438865
32903	9.013027	-3.229702	1.804427	0.004281	-0.000220	0.002430	-59.715618	-67.951444	8.441280
32904	9.039052	-3.225012	1.756825	0.001098	0.001054	0.000125	-59.718291	-67.950885	8.444412
32905	9.061670	-3.231605	1.806459	0.004430	0.006372	0.000592	-59.708466	-67.949230	8.436724
32906	9.038034	-3.227836	1.781974	-0.001023	0.003258	0.000060	-59.709601	-67.948063	8.437196
32907	9.012660	-3.229840	1.806012	0.005492	0.007302	0.002832	-59.699632	-67.945030	8.430008
32908	9.036942	-3.230632	1.807514	0.005565	0.005517	-0.003608	-59.691596	-67.945037	8.423984
32909	9.062938	-3.225657	1.760657	0.005566	0.009582	0.000808	-59.677360	-67.942346	8.412238
32910	9.012290	-3.229363	1.808711	0.004542	0.010808	-0.001342	-59.665021	-67.939688	8.401242
32911	9.013024	-3.226313	1.785467	0.005565	0.007549	-0.001401	-59.651693	-67.938675	8.390476
32912	9.012959	-3.226108	1.786164	0.001210	0.005490	-0.001808	-59.647437	-67.937812	8.385248
32913	9.037265	-3.205446	1.814615	0.002308	0.006544	-0.001684	-59.637002	-67.937229	8.375589
32914	9.012078	-3.249850	1.784441	0.003369	0.003409	-0.003859	-59.632582	-67.937971	8.372391
32915	9.013794	-3.200903	1.790750	0.001322	0.007892	-0.005950	-59.618017	-67.939105	8.357666
32916	9.038267	-3.201341	1.791930	0.002234	0.000198	-0.004075	-59.617978	-67.940872	8.359031
32917	9.013130	-3.224247	1.788661	0.003406	0.005565	-0.003768	-59.606616	-67.941600	8.349051
32918	9.037510	-3.203370	1.817062	0.002308	0.004511	-0.003892	-59.601463	-67.942050	8.344743
32919	9.037522	-3.203085	1.817505	0.000112	0.004436	-0.001934	-59.594677	-67.942199	8.337664
32920	8.987863	-3.225380	1.813615	0.003331	0.005319	0.000464	-59.590993	-67.940249	8.335640
32921	9.037445	-3.224392	1.791169	-0.002159	0.000048	-0.000158	-59.592130	-67.940792	8.335707
32922	9.013010	-3.223488	1.790633	0.001172	0.005367	0.000307	-59.589448	-67.938909	8.332823
32923	9.037357	-3.224440	1.791529	-0.005415	-0.000958	-0.000440	-59.593476	-67.939883	8.333996
32924	9.012124	-3.226104	1.815341	0.001360	0.010049	-0.005860	-59.580590	-67.939696	8.320429
32925	9.011326	-3.228480	1.840030	-0.002083	0.000294	-0.004391	-59.578353	-67.942259	8.316901
32926	9.039235	-3.196319	1.771113	-0.002009	0.004607	-0.004209	-59.575206	-67.942824	8.312438
32927	9.013222	-3.222115	1.792035	-0.000948	0.003505	-0.004175	-59.568557	-67.944349	8.304851
32928	9.061311	-3.247721	1.790841	-0.002045	0.000417	-0.006508	-59.568911	-67.947287	8.303602
32929	9.013497	-3.199623	1.819433	-0.001933	0.004853	-0.008443	-59.558121	-67.950528	8.290940
32930	9.038132	-3.221198	1.793451	-0.000873	0.003751	-0.008410	-59.552323	-67.953445	8.283043
32931	9.062759	-3.242752	1.767569	0.001323	0.005860	-0.008161	-59.538636	-67.956252	8.269268
32932	9.036652	-3.225299	1.843362	-0.002774	0.016860	-0.010141	-59.516714	-67.956211	8.243504
32933	9.041051	-3.188840	1.750466	-0.000725	0.010344	-0.010256	-59.497222	-67.958746	8.222200
32934	9.038645	-3.217843	1.796883	-0.003981	0.009336	-0.010540	-59.484865	-67.961078	8.206556
32935	9.015263	-3.191723	1.799719	-0.001784	0.009413	-0.012500	-59.465492	-67.964987	8.184728
32936	9.014749	-3.214761	1.797554	-0.001781	0.007380	-0.014709	-59.451216	-67.969953	8.167748
32937	9.015966	-3.189027	1.800974	0.000418	0.005424	-0.018877	-59.430838	-67.978166	8.146198
32938	9.013749	-3.217631	1.847149	-0.002920	0.008235	-0.010511	-59.419180	-67.980807	8.131630
32939	9.015040	-3.213502	1.823199	-0.002908	0.000103	-0.019345	-59.406839	-67.990798	8.116695
32940	8.992162	-3.208201	1.797892	-0.006238	-0.003185	-0.017603	-59.405815	-68.000260	8.111179
32941	9.040891	-3.232537	1.795863	-0.010549	-0.007158	-0.022341	-59.404538	-68.013845	8.103456
32942	9.042567	-3.206278	1.797825	-0.009375	-0.005855	-0.026457	-59.402206	-68.028464	8.094622
32943	9.043585	-3.203958	1.796838	-0.010468	-0.008943	-0.028796	-59.398383	-68.045752	8.084206
32944	9.017818	-3.230346	1.840745	-0.011347	-0.003157	-0.035010	-59.387644	-68.063797	8.065411
32945	9.046983	-3.194956	1.770864	-0.010162	-0.007948	-0.045764	-59.370088	-68.089160	8.040384
32946	9.074366	-3.165227	1.749482	-0.009190	-0.003201	-0.034865	-59.358186	-68.107149	8.021248
32947	9.046847	-3.196958	1.842722	-0.004669	0.007618	-0.036214	-59.325243	-68.123251	7.983038
32948	9.051776	-3.115333	1.803453	-0.001447	0.006474	-0.036027	-59.296128	-68.138977	7.950705
32949	9.051255	-3.182534	1.771400	-0.002642	0.013296	-0.023066	-59.264552	-68.146926	7.915226
32950	9.050117	-3.186004	1.820763	-0.001566	0.008133	-0.027461	-59.239620	-68.157946	7.886810
32951	9.051578	-3.159423	1.823970	-0.006018	0.001625	-0.025938	-59.222164	-68.170718	7.864464
32952	9.027298	-3.180631	1.820186	-0.007113	0.000569	-0.026068	-59.210660	-68.183261	7.847381
32953	9.052558	-3.178995	1.820877	-0.005942	0.001876	-0.030190	-59.189690	-68.198047	7.821301
32954	9.029389	-3.196767	1.792798	-0.006991	-0.001087	-0.034657	-59.173800	-68.215303	7.799493
32955	9.031170	-3.169598	1.795330	-0.002743	-0.003452	-0.032311	-59.155935	-68.232691	7.778737
32956	9.057300	-3.143180	1.798782	-0.004803	0.001028	-0.034416	-59.136274	-68.249206	7.753925
32957	9.033659	-3.118323	1.825041	-0.004918	0.000653	-0.028051	-59.117675	-68.263288	7.731041
32958	9.033789	-3.140308	1.822136	-0.004964	0.002559	-0.023716	-59.104027	-68.274083	7.712850
32959	9.035324	-3.135659	1.797670	-0.005166	-0.004287	-0.017623	-59.099327	-68.284487	7.704778
32960	9.035085	-3.137131	1.821181	-0.006327	-0.007626	-0.015719	-59.104930	-68.294354	7.706488
32961	9.034972	-3.160247	1.817609	-0.004186	-0.003605	-0.011127	-59.103623	-68.301364	7.702672
32962	9.062206	-3.129953	1.772254	-0.003112	-0.006734	-0.013310	-59.108043	-68.309787	7.704917
32963	9.060581	-3.180178	1.790104	-0.007373	-0.002341	-0.013448	-59.105280	-68.317567	7.697570
32964	9.037928	-3.129861	1.794680	-0.000925	-0.004616	-0.013059	-59.106017	-68.325241	7.697683
32965	9.061525	-3.178013	1.789170	-0.006346	-0.003565	-0.011291	-59.105771	-68.332320	7.693679
32966	9.063219	-3.128517	1.794526	-0.001990	-0.003518	-0.013095	-59.105709	-68.339693	7.692001
32967	9.037826	-3.153778	1.814657	-0.004149	-0.003479	-0.013257	-59.102638	-68.347713	7.686312
32968	9.063514	-3.150588	1.790788	-0.005252	-0.002507	-0.011167	-59.104593	-68.353843	7.684706
32969	9.065437	-3.122420	1.769014	0.000141	-0.005713	-0.013030	-59.101996	-68.362408	7.682172
32970	9.040788	-3.144979	1.765230	-0.000889	0.003758	-0.008442	-59.095693	-68.365358	7.674389
32971	9.040886	-3.122675	1.792298	-0.000924	-0.004615	-0.013065	-59.092315	-68.373617	7.670358
32972	9.039795	-3.148761	1.813558	-0.004077	0.005020	-0.010763	-59.084535	-68.377340	7.659018
32973	9.065295	-3.145739	1.790296	0.000149	0.000505	-0.008502	-59.077575	-68.381849	7.651796
32974	9.065034	-3.102281	1.844651	-0.000916	0.001602	-0.008537	-59.073862	-68.385488	7.646590
32975	9.042204	-3.140727	1.765548	0.000139	0.002535	-0.006284	-59.066033	-68.388308	7.638428
32976	9.066480	-3.119512	1.793730	-0.000927	0.003632	-0.006318	-59.061430	-68.390257	7.632441
32977	9.041613	-3.142492	1.790407	0.000166	0.004691	-0.006191	-59.050976	-68.392396	7.621472
32978	9.043188	-3.114825	1.769421	-0.003086	0.003670	-0.006480	-59.047431	-68.394417	7.615245
32979	9.090708	-3.142668	1.792510	0.001243	0.001564	-0.008377	-59.038610	-68.398551	7.606696
32980	9.065612	-3.144404	1.815988	-0.004281	0.000202	-0.002449	-59.043047	-68.399617	7.608401
32981	9.042826	-3.116157	1.793857	-0.003075	0.001640	-0.008700	-59.036362	-68.403886	7.599489
32982	9.042175	-3.118399	1.818163	-0.000954	0.001476	-0.006413	-59.034336	-68.406525	7.596280
32983	9.042362	-3.117853	1.818170	-0.004205	0.000455	-0.006702	-59.031255	-68.410162	7.590548
32984	9.068637	-3.112308	1.770434	-0.002084	0.000290	-0.004414	-59.032824	-68.412170	7.590564
32985	9.067362	-3.138984	1.791683	-0.004206	0.000455	-0.006702	-59.029740	-68.415807	7.584830
32986	9.067897	-3.092855	1.821548	-0.001007	-0.002836	-0.006600	-59.032926	-68.419815	7.587145
32987	9.018972	-3.136793	1.789590	-0.003278	-0.003178	-0.000382	-59.038533	-68.421418	7.591329
32988	9.069275	-3.110966	1.769524	-0.005373	-0.000858	-0.002577	-59.044745	-68.422869	7.594158
32989	9.042664	-3.140262	1.813995	-0.004344	-0.002081	-0.000417	-59.049577	-68.424165	7.596849
32990	9.044136	-3.113158	1.792458	-0.001093	-0.001059	-0.000128	-59.055401	-68.424473	7.602014
32991	9.067176	-3.140908	1.814229	-0.007559	-0.002976	-0.002833	-59.061387	-68.427220	7.603968
32992	9.043779	-3.137201	1.788749	-0.005400	-0.003014	-0.002671	-59.070200	-68.429357	7.609591
32993	9.044470	-3.112901	1.791220	-0.002212	-0.004275	-0.000349	-59.076589	-68.431266	7.615272
32994	9.068385	-3.137832	1.788524	-0.005463	-0.005297	-0.000639	-59.089780	-68.433077	7.625562
32995	9.044167	-3.136979	1.787173	-0.001071	-0.005118	-0.004569	-59.093426	-68.437307	7.628995
32996	9.044844	-3.112760	1.789575	-0.004445	-0.004491	0.003742	-59.108281	-68.436727	7.641797
32997	9.069818	-3.089506	1.792733	-0.001182	-0.005499	0.001811	-59.117216	-68.437932	7.650849
32998	9.020506	-3.112562	1.787697	-0.000116	-0.006596	0.001844	-59.130781	-68.438905	7.664918
32999	9.068002	-3.141222	1.809549	-0.003447	-0.014086	0.001272	-59.151306	-68.442897	7.685037
33000	9.069772	-3.135689	1.760195	-0.000126	-0.004566	0.004064	-59.163994	-68.442181	7.698163
33001	9.045987	-3.111046	1.761746	-0.000142	-0.008752	0.001749	-59.176344	-68.444369	7.711527
33002	9.019747	-3.094991	1.835886	0.003110	-0.007730	0.002038	-59.189602	-68.445580	7.727231
33003	9.068878	-3.118099	1.809084	-0.001451	-0.018817	0.007621	-59.219610	-68.447827	7.758775
33004	9.069782	-3.115828	1.783407	-0.001335	-0.012221	0.005777	-59.243765	-68.448510	7.783428
33005	9.044533	-3.118693	1.805887	-0.000252	-0.009133	0.008125	-59.261393	-68.447662	7.802399
33006	9.043887	-3.143664	1.801966	-0.001371	-0.012348	0.007902	-59.287287	-68.447332	7.828926
33007	9.069641	-3.117967	1.780383	-0.002411	-0.009095	0.007963	-59.305982	-68.446547	7.847714
33008	9.045150	-3.117943	1.778971	-0.000162	-0.004693	0.006187	-59.320350	-68.444818	7.862636
33009	9.068844	-3.143503	1.776192	0.001907	-0.009171	0.008283	-59.336898	-68.443894	7.881777
33010	9.069375	-3.119937	1.778288	-0.005600	-0.007832	0.005643	-59.357875	-68.443349	7.900426
33011	9.069582	-3.141741	1.750353	0.000913	-0.007820	0.003997	-59.370138	-68.444139	7.914347
33012	9.045679	-3.117380	1.752108	-0.001236	-0.001567	0.008375	-59.382802	-68.440418	7.926762
33013	9.043901	-3.123933	1.799988	0.001880	-0.011327	0.008184	-59.401979	-68.440164	7.948713
33014	9.068201	-3.125443	1.799785	0.000778	-0.010357	0.010277	-59.425842	-68.438066	7.974447
33015	9.069671	-3.120568	1.750482	-0.001353	-0.008162	0.010212	-59.444410	-68.435883	7.993752
33016	9.043468	-3.126703	1.797350	0.000743	-0.010483	0.012400	-59.469987	-68.432771	8.021269
33017	9.092388	-3.171883	1.743841	0.001892	-0.005112	0.012718	-59.484724	-68.428459	8.038455
33018	9.068874	-3.123928	1.748615	0.002950	-0.004181	0.014970	-59.503031	-68.422240	8.059516
33019	9.042756	-3.151375	1.768892	0.000896	-0.003761	0.008435	-59.513489	-68.419646	8.071488
33020	9.067695	-3.150044	1.745204	-0.000176	-0.000634	0.010624	-59.525941	-68.414542	8.084314
33021	9.066425	-3.132480	1.796492	0.000924	-0.001605	0.008530	-59.533755	-68.411273	8.093460
33022	9.066209	-3.133148	1.796415	-0.000106	-0.000380	0.006374	-59.542708	-68.408195	8.102576
33023	9.091341	-3.152880	1.745987	0.001045	0.004990	0.006693	-59.540870	-68.403917	8.101417
33024	9.065097	-3.158454	1.794044	-0.000042	0.001903	0.004345	-59.545433	-68.401181	8.105833
33025	9.042130	-3.152313	1.745162	0.002146	0.004019	0.004600	-59.542641	-68.398219	8.104325
33026	9.066165	-3.132111	1.773245	-0.003295	0.000884	0.004057	-59.550114	-68.395921	8.109936
33027	9.041340	-3.110636	1.799955	0.005328	0.004784	0.009135	-59.547870	-68.390497	8.110979
33028	9.064967	-3.157763	1.770684	-0.000235	-0.004946	0.010429	-59.565504	-68.386746	8.129389
33029	9.066316	-3.152816	1.722106	0.002046	0.001610	0.008751	-59.568812	-68.382432	8.134381
33030	9.040008	-3.158547	1.770147	0.002111	0.003892	0.006723	-59.571355	-68.377950	8.137981
33031	9.064149	-3.159744	1.771335	0.004305	0.003979	0.004758	-59.567491	-68.374921	8.136650
33032	9.063213	-3.184446	1.769069	0.002169	0.008205	0.006913	-59.564754	-68.369095	8.134594
33033	9.040614	-3.132826	1.750699	0.004334	0.006135	0.004853	-59.558257	-68.365393	8.130450
33034	9.039625	-3.135816	1.775637	0.001217	0.007653	-0.001710	-59.550434	-68.363988	8.122351
33035	9.038020	-3.163036	1.797494	0.003211	0.002921	0.004630	-59.548424	-68.361330	8.122340
33036	9.063131	-3.161047	1.774219	0.002159	-0.000040	0.000160	-59.550995	-68.361236	8.126015
33037	9.063712	-3.136913	1.777293	-0.001072	0.003128	0.002187	-59.549392	-68.359724	8.123803
33038	9.063597	-3.137123	1.777510	-0.000007	0.002030	0.002219	-59.552120	-68.358014	8.126308
33039	9.037499	-3.142186	1.825521	0.000094	0.004439	-0.001934	-59.545202	-68.358157	8.119096
33040	9.063526	-3.136950	1.778177	0.001159	0.003341	-0.001901	-59.542596	-68.358103	8.116583
33041	9.063498	-3.136974	1.778276	-0.004354	-0.000046	0.001804	-59.546545	-68.357702	8.118321
33042	9.063399	-3.137114	1.778533	-0.000977	0.007567	0.000253	-59.541465	-68.355360	8.111819
33043	9.038330	-3.160469	1.775278	-0.005282	0.003588	-0.004505	-59.536805	-68.357019	8.103723
33044	9.061678	-3.142623	1.827835	0.001181	0.007526	0.000412	-59.530644	-68.354612	8.097409
33045	9.037233	-3.141889	1.827351	-0.000029	-0.002156	-0.000095	-59.533351	-68.355762	8.100477
33046	9.063483	-3.158161	1.752396	0.000000	0.000000	-0.000000	-59.536909	-68.355745	8.103888
33047	9.037481	-3.163125	1.800047	-0.001058	-0.000931	-0.002251	-59.537103	-68.357604	8.103618
33048	9.039628	-3.111767	1.781497	-0.000065	-0.002283	0.002029	-59.545014	-68.357250	8.111658
33049	9.063684	-3.157863	1.751892	0.000050	-0.003933	-0.006562	-59.545155	-68.362109	8.112014
33050	9.064518	-3.133331	1.754373	-0.001152	-0.005370	-0.000318	-59.555805	-68.363812	8.122360
33051	9.037852	-3.162604	1.799100	0.003282	0.003174	0.000382	-59.550329	-68.363178	8.118665
33052	9.064578	-3.133114	1.754450	-0.001022	-0.000805	-0.004375	-59.552236	-68.365562	8.119680
33053	9.063221	-3.159968	1.775679	-0.002123	0.000167	-0.002284	-59.551650	-68.367118	8.117915
33054	9.089359	-3.154618	1.727985	0.002231	0.000213	-0.004088	-59.550625	-68.369068	8.117781
33055	9.013572	-3.139502	1.825835	-0.003130	0.005577	-0.002126	-59.543993	-68.368975	8.108890
33056	9.087833	-3.159949	1.776636	0.002108	-0.006382	-0.002249	-59.552586	-68.371933	8.119029
33057	9.039882	-3.133674	1.778108	-0.001892	0.007141	-0.010495	-59.537163	-68.375519	8.101445
33058	9.063692	-3.158258	1.776316	0.003217	0.000892	0.002412	-59.539463	-68.374065	8.105498
33059	9.062889	-3.160971	1.800752	-0.003087	0.003674	-0.006470	-59.531991	-68.376669	8.095730
33060	9.065332	-3.130481	1.755250	0.000043	-0.001903	-0.004343	-59.534628	-68.379365	8.098190
33061	9.040256	-3.132185	1.778830	-0.001994	0.004732	-0.006343	-59.525301	-68.381598	8.087102
33062	9.040391	-3.131739	1.778929	-0.003181	-0.000765	-0.004536	-59.528213	-68.384061	8.087872
33063	9.064296	-3.156337	1.776648	-0.002087	0.000293	-0.004409	-59.525888	-68.386630	8.084258
33064	9.015690	-3.154434	1.775059	-0.003145	-0.000639	-0.006661	-59.527050	-68.390107	8.083172
33065	9.090517	-3.129002	1.755827	0.000044	-0.001903	-0.004344	-59.526288	-68.393281	8.082552
33066	9.064638	-3.133719	1.803334	-0.005340	-0.000726	-0.004697	-59.530246	-68.395816	8.083127
33067	9.064940	-3.154794	1.776105	-0.001029	0.001225	-0.002157	-59.527804	-68.397002	8.080038
33068	9.041252	-3.129666	1.778201	-0.002151	-0.001990	-0.002380	-59.533198	-68.398762	8.084117
33069	9.041394	-3.129489	1.777791	-0.003273	-0.005204	-0.002603	-59.539733	-68.402035	8.089302
33070	9.065961	-3.130031	1.777960	-0.003273	-0.005204	-0.002603	-59.549605	-68.404841	8.097514
33071	9.042555	-3.126237	1.752451	-0.004339	-0.004107	-0.002636	-59.555360	-68.407811	8.101203
33072	9.041015	-3.131988	1.800489	-0.004347	-0.002077	-0.000416	-59.563540	-68.408631	8.106933
33073	9.065582	-3.132529	1.800655	-0.002200	-0.008331	-0.004792	-59.571765	-68.413892	8.114596
33074	9.040839	-3.155672	1.796263	-0.005397	-0.005038	-0.004889	-59.580948	-68.417781	8.120760
33075	9.091585	-3.150729	1.748603	-0.003194	-0.006979	-0.009075	-59.584920	-68.424766	8.123237
33076	9.018535	-3.126603	1.773077	-0.002080	-0.001736	-0.006631	-59.586792	-68.428559	8.123586
33077	9.092754	-3.125358	1.750728	-0.002144	-0.004019	-0.004602	-59.589747	-68.432474	8.125615
33078	9.042103	-3.174926	1.767353	-0.001022	-0.000804	-0.004378	-59.591490	-68.434887	8.126477
33079	9.068717	-3.123799	1.749660	-0.002053	0.000421	-0.006535	-59.587423	-68.438470	8.121012
33080	9.068279	-3.147572	1.746629	-0.003182	-0.000765	-0.004538	-59.590227	-68.440952	8.121689
33081	9.068383	-3.125593	1.773409	-0.002065	-0.005793	-0.011074	-59.590606	-68.448580	8.120996
33082	9.068893	-3.146336	1.745667	-0.003273	-0.005205	-0.002606	-59.600427	-68.451397	8.129162
33083	9.068168	-3.127386	1.796570	-0.005263	-0.002500	-0.011171	-59.598448	-68.458118	8.123966
33084	9.044359	-3.147173	1.768182	-0.005325	-0.004784	-0.009143	-59.604109	-68.464046	8.126396
33085	9.045281	-3.122396	1.770474	-0.004330	-0.006136	-0.004861	-59.610784	-68.468702	8.131078
33086	9.069309	-3.146963	1.767670	-0.004303	-0.003980	-0.004765	-59.618061	-68.472234	8.135878
33087	9.045571	-3.100360	1.796422	-0.003264	-0.007233	-0.004830	-59.625529	-68.477193	8.142068
33088	9.070442	-3.122082	1.769055	-0.004420	-0.010576	-0.002930	-59.642478	-68.481729	8.157196
33089	9.046359	-3.121296	1.766905	-0.006696	-0.017133	-0.001257	-59.666963	-68.487786	8.179563
33090	9.096210	-3.119775	1.742712	-0.005521	-0.009606	-0.000838	-59.684864	-68.491005	8.195037
33091	9.071378	-3.143245	1.738308	-0.005404	-0.003010	-0.002672	-59.689860	-68.493672	8.197252
33092	9.072099	-3.118926	1.740803	0.001012	-0.005409	-0.000164	-59.699242	-68.495345	8.207592
33093	9.071982	-3.097614	1.767613	-0.002187	-0.002118	-0.000257	-59.703047	-68.496560	8.210509
33094	9.070877	-3.145996	1.761338	-0.004339	-0.004107	-0.002641	-59.712031	-68.499086	8.217127
33095	9.046592	-3.145221	1.760209	-0.001120	-0.003215	-0.000226	-59.716628	-68.500602	8.221550
33096	9.071737	-3.121584	1.763285	-0.002234	-0.008458	-0.002676	-59.729837	-68.504402	8.234012
33097	9.071897	-3.121486	1.762638	-0.002214	-0.004274	-0.000355	-59.736299	-68.506287	8.239766
33098	9.095795	-3.146505	1.759672	-0.003396	-0.009772	0.001445	-59.754841	-68.508428	8.257243
33099	9.072112	-3.121599	1.761326	-0.003218	-0.000892	-0.002414	-59.756121	-68.510356	8.256810
33100	9.097333	-3.119366	1.737577	0.001005	-0.003381	0.002058	-59.764548	-68.510349	8.266127
33101	9.096665	-3.143884	1.734445	-0.002228	-0.000218	0.004092	-59.769180	-68.508861	8.269906
33102	9.071371	-3.146414	1.758045	0.002152	0.001990	0.002383	-59.770425	-68.507147	8.272213
33103	9.071845	-3.122369	1.761341	0.002180	0.004146	0.002481	-59.765866	-68.505198	8.268829
33104	9.073043	-3.095504	1.740535	0.001079	0.005115	0.004576	-59.765391	-68.501498	8.268629
33105	9.070823	-3.147276	1.759328	0.002145	0.004018	0.004606	-59.762571	-68.498534	8.267092
33106	9.071847	-3.099124	1.765663	-0.001046	0.005281	0.002290	-59.761419	-68.495920	8.264856
33107	9.022178	-3.122359	1.761988	0.003259	0.009260	0.007056	-59.753171	-68.490230	8.258170
33108	9.070623	-3.124330	1.764155	0.003204	0.004948	0.006860	-59.753335	-68.485453	8.259970
33109	9.069648	-3.149233	1.761882	0.002131	0.008074	0.009051	-59.748688	-68.479118	8.256460
33110	9.069898	-3.125691	1.765470	0.001045	0.004987	0.006699	-59.749911	-68.474411	8.258069
33111	9.044431	-3.128495	1.789366	0.001017	0.002831	0.006601	-59.750690	-68.470802	8.259706
33112	9.068758	-3.150980	1.763337	0.003239	0.005076	0.004733	-59.749090	-68.467044	8.259634
33113	9.069841	-3.124406	1.742737	0.002131	0.008074	0.009049	-59.744445	-68.460710	8.256127
33114	9.067813	-3.131120	1.791849	0.003134	0.004693	0.011107	-59.748037	-68.453909	8.261574
33115	9.067450	-3.131709	1.792661	0.001199	0.011711	0.002739	-59.734758	-68.449648	8.248208
33116	9.066507	-3.156337	1.790640	0.003232	0.007104	0.006954	-59.732219	-68.444209	8.247127
33117	9.043983	-3.126116	1.745281	0.005419	0.009221	0.007210	-59.722919	-68.438453	8.240639
33118	9.066953	-3.109107	1.798432	0.004318	0.010191	0.009302	-59.717602	-68.430961	8.237241
33119	9.042356	-3.130446	1.771202	0.004205	0.001567	0.008915	-59.719829	-68.426572	8.242400
33120	9.067206	-3.129106	1.748008	-0.000121	0.003675	0.010815	-59.726298	-68.420216	8.248944
33121	9.065270	-3.135815	1.796500	-0.000171	-0.002666	0.008401	-59.735947	-68.417304	8.259388
33122	9.040950	-3.156878	1.768311	-0.001158	-0.003342	0.001899	-59.745261	-68.417387	8.268356
33123	9.090458	-3.155791	1.745325	0.000959	-0.001480	0.006405	-59.751320	-68.415119	8.275635
33124	9.064890	-3.137135	1.796116	0.003211	0.002919	0.004633	-59.752283	-68.412043	8.278314
33125	9.066319	-3.131664	1.748031	0.003211	0.002919	0.004633	-59.750254	-68.409382	8.278283
33126	9.016253	-3.112375	1.798439	0.002103	0.005919	0.008946	-59.751231	-68.403309	8.280298
33127	9.089301	-3.136627	1.773714	0.004147	-0.002746	0.008720	-59.758727	-68.400260	8.291088
33128	9.040189	-3.136089	1.772282	0.001975	0.001352	0.013000	-59.768420	-68.393498	8.302400
33129	9.063369	-3.140809	1.797367	-0.002308	0.001560	0.010555	-59.775561	-68.388298	8.308832
33130	9.063240	-3.163205	1.769809	-0.003555	-0.008249	0.012165	-59.799786	-68.384718	8.332371
33131	9.064391	-3.137320	1.747883	-0.001373	-0.004105	0.014640	-59.816430	-68.379125	8.349601
33132	9.062442	-3.144224	1.796070	-0.002301	-0.000468	0.008333	-59.827404	-68.375198	8.359662
33133	9.063067	-3.142008	1.771572	-0.003390	-0.003555	0.005985	-59.838219	-68.373732	8.369379
33134	9.061578	-3.169554	1.792246	-0.003378	-0.007612	0.001545	-59.853789	-68.375224	8.383723
33135	9.063354	-3.163737	1.742979	-0.005466	-0.007317	-0.002862	-59.864075	-68.379222	8.391591
33136	9.037627	-3.168662	1.789543	-0.007715	-0.013744	-0.003313	-59.886270	-68.384883	8.410388
33137	8.988587	-3.169651	1.810341	-0.013141	-0.022961	-0.010522	-59.914986	-68.397171	8.433350
33138	9.063503	-3.167758	1.785676	-0.011931	-0.025577	-0.021209	-59.941458	-68.415095	8.454153
33139	9.065994	-3.139178	1.761588	-0.012064	-0.028116	-0.014942	-59.972882	-68.431046	8.480684
33140	9.067754	-3.135119	1.734338	-0.015318	-0.029133	-0.015237	-60.010161	-68.447018	8.511016
33141	9.067950	-3.136838	1.755676	-0.013067	-0.024733	-0.017010	-60.036494	-68.463015	8.531451
33142	9.092724	-3.160474	1.750487	-0.014219	-0.030102	-0.017343	-60.072917	-68.480301	8.561534
33143	9.046410	-3.130338	1.725022	-0.011907	-0.023417	-0.021140	-60.094009	-68.497965	8.577045
33144	9.097429	-3.081993	1.729650	-0.011003	-0.027185	-0.012718	-60.128343	-68.512112	8.606862
33145	9.097435	-3.127028	1.697598	-0.006592	-0.008505	-0.000878	-60.142312	-68.515448	8.617987
33146	9.024649	-3.058585	1.752068	-0.001343	-0.008169	0.010191	-60.163729	-68.512785	8.639870
33147	9.122847	-3.102451	1.675515	-0.007866	-0.002098	0.018512	-60.184377	-68.504655	8.657389
33148	8.995876	-3.139685	1.790187	-0.001363	0.001965	0.021312	-60.201023	-68.493577	8.674131
33149	9.095690	-3.111752	1.722543	-0.003824	-0.013472	0.026817	-60.239668	-68.484548	8.713487
33150	9.094302	-3.138611	1.718681	-0.005870	-0.002781	0.029282	-60.270565	-68.470849	8.742785
33151	9.069639	-3.116662	1.720405	-0.001708	-0.007560	0.035762	-60.306904	-68.455674	8.780972
33152	9.042844	-3.167621	1.713452	0.001636	-0.000076	0.036346	-60.335072	-68.437682	8.811955
33153	9.116050	-3.103755	1.748696	0.001568	0.001694	0.042807	-60.362826	-68.416360	8.842937
33154	9.066389	-3.124986	1.696808	0.004811	0.014872	0.056421	-60.384609	-68.384129	8.869027
33155	9.063359	-3.112150	1.749984	0.011187	0.018414	0.067685	-60.403473	-68.345672	8.896389
33156	9.085070	-3.162127	1.698801	0.015433	0.028209	0.083319	-60.421430	-68.296264	8.924922
33157	9.133519	-3.138484	1.634252	0.031640	0.039097	0.095610	-60.422360	-68.238038	8.945610
33158	9.126281	-3.180201	1.710085	0.041676	0.069520	0.108284	-60.391331	-68.164510	8.937603
33159	9.148932	-3.157960	1.649234	0.061992	0.073460	0.126877	-60.354287	-68.080985	8.936133
33160	9.367312	-3.075806	1.629273	0.070557	0.103472	0.164780	-60.304841	-67.969704	8.926091
33161	9.450967	-3.457993	1.381061	0.089580	0.128065	0.217932	-60.249139	-67.825359	8.921541
33162	9.423555	-3.112235	1.640724	0.163199	0.214744	0.245626	-60.068818	-67.642178	8.827403
33163	9.116118	-3.108922	1.755546	0.168699	0.213855	0.296149	-59.920827	-67.434438	8.772030
33164	9.631299	-2.579589	2.062460	0.111206	0.209708	0.409227	-59.892395	-67.171463	8.809936
33165	8.813256	-3.593215	1.865974	0.130449	0.201585	0.563142	-59.963167	-66.834836	8.968187
33166	10.335476	-2.745978	1.272876	0.191098	0.133105	0.618305	-60.113243	-66.489976	9.250534
33167	9.774628	-2.957936	2.148482	0.158693	0.404299	0.915029	-60.158845	-65.920448	9.399919
33168	9.530508	-3.485597	2.226652	0.033497	0.310680	1.066872	-60.468770	-65.301449	9.760903
33169	10.295718	-4.166743	2.175465	0.032791	0.384419	1.187192	-60.753659	-64.601157	10.096278
33170	10.901436	-3.889563	2.891723	-0.077038	0.396373	1.282855	-61.128354	-63.848551	10.462948
33171	13.639036	-3.460463	2.439449	-0.120167	0.163447	1.632620	-61.923966	-62.982086	11.275782
33172	12.647526	-3.301791	2.216045	-0.344679	0.664836	2.128455	-62.564266	-61.725750	11.775201
33173	11.516437	-4.548620	2.585610	-0.337788	0.602440	2.457197	-63.358374	-60.315293	12.461847
33174	12.745055	-3.794455	2.637564	-0.284750	0.600101	2.728214	-64.173881	-58.761490	13.218099
33175	11.352824	-4.287757	2.467166	-0.445672	0.765654	3.129467	-65.022804	-56.954040	13.919189
33176	10.504330	-5.144991	2.052168	-0.361954	0.674553	3.389207	-65.905910	-55.027449	14.733645
33177	13.677308	-7.418398	2.743184	-0.200220	0.663731	3.472278	-66.644223	-53.053528	15.504121
33178	12.932400	-5.856239	2.947461	-0.114333	0.990126	3.483002	-67.048278	-50.996122	15.932840
33179	8.697252	-5.513929	1.388924	-0.429627	0.854563	3.841918	-67.761869	-48.776133	16.544101
33180	8.306210	-6.809320	0.610769	-0.199006	0.560005	3.715105	-68.423546	-46.682142	17.283232
33181	6.163445	-6.300835	0.494303	-0.185115	0.423374	3.776733	-69.099878	-44.577740	18.081056
33182	4.518689	-6.889456	0.164979	-0.090160	-0.048743	3.654799	-69.876760	-42.626810	19.131374
33183	3.702696	-2.125302	-1.443756	0.587042	-0.818050	2.915055	-70.445306	-41.215172	20.485936
33184	8.517038	4.860448	-1.663231	0.787971	-1.483748	1.832211	-70.989401	-40.505565	22.006280
33185	13.074215	3.876389	-0.429564	-0.022596	-1.322341	1.772128	-71.880809	-39.784668	23.368999
33186	15.117906	-0.543337	-2.373863	0.305756	-1.307324	0.211001	-72.332949	-39.901007	24.346572
33187	15.492240	6.669450	0.222947	0.347375	-0.721051	-1.078983	-72.308263	-40.615928	24.616603
33188	12.358791	2.804548	-0.926508	-0.347048	-0.356577	-1.437803	-72.461196	-41.465032	24.544957
33189	10.309307	2.676758	-0.600626	-0.170191	-0.270419	-2.143676	-72.356955	-42.683104	24.244126
33190	8.609191	2.080631	-0.643814	-0.362252	-0.243909	-2.484826	-72.283339	-44.084773	23.833074
33191	7.230246	1.350036	-0.338853	-0.357144	-0.373534	-2.728718	-72.216500	-45.639482	23.448480
33192	6.767898	0.864886	-0.051456	-0.359668	-0.615098	-2.855923	-72.251958	-47.308513	23.211511
33193	6.845430	0.486364	0.279689	-0.357954	-0.817613	-2.927716	-72.386560	-49.049452	23.117127
33194	7.376924	-0.079565	0.632338	-0.351618	-0.989162	-2.986795	-72.620801	-50.855487	23.158341
33195	8.314859	-0.702364	0.876184	-0.349578	-1.079432	-3.043065	-72.915440	-52.704429	23.278594
33196	9.457159	-1.264296	1.099984	-0.367719	-1.064628	-3.095220	-73.219144	-54.582403	23.392554
33197	10.207900	-1.688282	1.193655	-0.424590	-0.926070	-3.154717	-73.447884	-56.466603	23.375096
33198	10.806990	-2.205362	1.187671	-0.528415	-0.752088	-3.195109	-73.586607	-58.348316	23.178974
33199	11.148854	-2.785997	1.116225	-0.654977	-0.560841	-3.189044	-73.612785	-60.192333	22.773056
33200	11.123359	-3.284169	0.955870	-0.810542	-0.370290	-3.131959	-73.528926	-61.977798	22.145415
33201	11.030425	-3.848064	0.937443	-0.979872	-0.247123	-3.021604	-73.394962	-63.678201	21.363982
33202	11.160884	-4.531263	0.892856	-1.165620	-0.181025	-2.901459	-73.274107	-65.304918	20.488890
33203	11.472094	-5.362581	0.974564	-1.314230	-0.154470	-2.777765	-73.183081	-66.854775	19.565773
33204	11.813613	-6.066148	0.874267	-1.401349	-0.161912	-2.715612	-73.108519	-68.375170	18.615665
33205	12.260378	-6.658560	0.986111	-1.460687	-0.161583	-2.694867	-72.997747	-69.879634	17.601629
33206	12.890829	-7.358510	1.042370	-1.492502	-0.155866	-2.700012	-72.804020	-71.388830	16.488831
33207	13.476909	-8.126862	1.184427	-1.465816	-0.068394	-2.755753	-72.289970	-72.907366	15.066689
33208	13.583382	-8.890700	1.362610	-1.374543	0.075060	-2.832764	-71.204933	-74.439578	13.114579
33209	12.949237	-9.406768	1.597218	-1.230730	0.235948	-2.910515	-69.295573	-75.964260	10.410755
33210	11.591154	-9.652078	1.841421	-1.042544	0.336973	-2.943986	-66.446494	-77.458542	6.869022
33211	9.868962	-9.862189	2.021284	-0.858171	0.336078	-2.901115	-62.700460	-78.878535	2.539855
33212	8.446575	-10.433832	2.136223	-0.638864	0.228189	-2.780348	-58.192290	-80.204393	-2.416937
33213	7.461837	-11.429016	2.310251	-0.321595	0.102426	-2.617266	-52.828734	-81.409080	-8.036366
33214	6.057825	-12.003636	2.297291	0.077126	0.011643	-2.376999	-46.529403	-82.447474	-14.354181
33215	4.196101	-12.522253	2.300879	0.474980	-0.127176	-2.056544	-39.771859	-83.308379	-20.889547
33216	2.189107	-13.002147	2.353767	0.888500	-0.381858	-1.706522	-33.333030	-84.069575	-26.855562
33217	0.516383	-13.353840	2.569348	1.286507	-0.823459	-1.333274	-28.315863	-84.867187	-31.155341
33218	-0.226966	-13.423597	2.932778	1.558359	-1.318571	-0.948735	-25.694276	-85.788714	-32.889905
33219	14.934462	-18.354226	10.572905	2.000437	-1.710816	-0.440031	-27.882067	-86.778224	-29.548860
33220	4.092980	-5.879203	2.608073	1.979865	1.766103	1.465563	-30.330220	-85.485659	-25.958263
33221	0.611262	-1.869111	1.969367	1.327665	2.522342	1.181730	-28.305584	-83.894407	-27.227317
33222	4.435278	3.211375	-0.458145	1.534252	0.255891	1.254666	-32.346192	-83.404771	-22.277254
33223	15.886034	5.032997	-4.730344	0.771475	0.108421	1.416925	-37.161054	-82.890872	-16.982489
33224	10.956643	0.130781	-1.770460	-0.719626	1.237051	2.013473	-40.887234	-81.613868	-13.638364
33225	6.635341	-2.779929	-1.543980	-0.308445	0.449279	1.825239	-44.867387	-80.713625	-9.789249
33226	10.535970	-1.181706	0.646325	-0.219319	0.465552	1.507872	-47.379996	-79.906343	-7.367941
33227	12.435953	-2.711939	2.859456	-0.531521	0.706927	1.800770	-49.709619	-78.865231	-5.307544
33228	13.732656	-4.549847	2.317402	-0.110325	0.868559	1.626244	-50.810911	-77.830990	-4.247808
33229	9.674067	-1.805675	2.695182	-0.027216	1.117315	1.491521	-51.012518	-76.764529	-4.056972
33230	8.972598	-1.994694	1.729023	-0.362591	0.486995	1.485393	-52.491296	-75.923682	-2.749158
33231	11.148548	-3.201126	2.062067	-0.202893	0.599818	1.486854	-53.526861	-75.036910	-1.799378
33232	9.792007	-2.745885	1.616024	-0.197113	0.681881	1.470548	-54.298390	-74.126122	-1.116389
33233	11.749456	-2.594133	2.811243	-0.241133	0.456147	1.346841	-55.230939	-73.345498	-0.288738
33234	17.370472	-6.443178	3.170862	-0.331437	0.547984	1.200365	-55.849696	-72.600958	0.159589
33235	9.874628	-5.565164	1.120447	-0.138840	1.130924	0.755729	-55.030143	-71.877250	-0.784324
33236	7.570720	-2.620662	3.279870	0.295459	0.566002	0.332805	-54.396851	-71.534361	-1.273239
33237	9.873086	-2.649685	2.389406	-0.082611	0.157598	0.313856	-54.536571	-71.336025	-1.175612
33238	8.589726	-2.816211	2.002568	0.028661	0.267305	0.315392	-54.465309	-71.100023	-1.233719
33239	9.474091	-2.295284	1.836855	-0.019156	0.005233	0.278149	-54.737797	-70.968860	-0.957025
33240	9.385718	-2.480613	1.591818	-0.048118	0.261279	0.363666	-54.762764	-70.712343	-0.959963
33241	8.855594	-2.719913	2.192384	-0.042920	0.177095	0.384139	-54.911690	-70.474457	-0.827969
33242	9.189325	-2.964917	1.809568	-0.061296	0.114976	0.338097	-55.110028	-70.278018	-0.654872
33243	9.068727	-2.795620	1.925783	-0.017526	0.124029	0.317772	-55.246696	-70.088453	-0.520106
33244	8.891751	-2.734010	2.216090	-0.041198	0.090602	0.324323	-55.446244	-69.906102	-0.333058
33245	8.816552	-2.923364	2.133442	-0.052618	-0.030078	0.315066	-55.792743	-69.767330	0.004117
33246	9.451841	-3.067367	1.645325	-0.053997	-0.072035	0.265336	-56.149312	-69.664432	0.351096
33247	9.296924	-3.173866	1.668126	-0.018151	0.043249	0.230276	-56.301600	-69.541465	0.502646
33248	9.077258	-3.071873	1.930381	0.009713	0.027169	0.172912	-56.411068	-69.450355	0.625269
33249	9.150967	-2.991130	1.831208	0.013716	0.017423	0.150036	-56.507533	-69.373668	0.736881
33250	9.170868	-3.003002	1.835415	0.013542	0.032408	0.117498	-56.560044	-69.307250	0.801100
33251	9.117527	-3.065486	1.850532	0.016201	0.029547	0.101939	-56.598475	-69.249656	0.852285
33252	9.159480	-3.033796	1.913531	0.019495	0.024205	0.066572	-56.615013	-69.210154	0.881725
33253	9.081805	-2.971177	1.948871	0.022414	0.015515	0.043735	-56.618953	-69.184818	0.899849
33254	9.085368	-2.984623	1.873880	0.009880	0.003730	0.030093	-56.636406	-69.169216	0.924387
33255	9.081365	-2.971523	1.926563	0.008240	-0.003462	0.014182	-56.647809	-69.163999	0.941810
33256	9.083983	-2.939369	1.882132	0.003099	-0.023475	0.007690	-56.684785	-69.167679	0.983083
33257	9.085019	-2.887324	1.865620	-0.001129	-0.012199	0.002874	-56.703191	-69.170620	1.002255
33258	9.060058	-2.740311	1.865925	0.014277	-0.020206	0.031175	-56.749049	-69.162009	1.059886
33259	9.181668	-2.941006	1.860683	-0.017206	0.004776	0.064329	-56.805940	-69.130155	1.110387
33260	9.108904	-2.989808	1.823353	0.008196	0.002984	0.049582	-56.841068	-69.105418	1.152824
33261	9.129884	-2.974495	1.854511	0.000746	0.019793	0.043497	-56.851497	-69.078830	1.164616
33262	9.052813	-3.035053	1.890408	0.005333	0.014000	0.036015	-56.863198	-69.057144	1.180228
33263	9.075252	-2.965880	1.906414	0.006697	0.002820	0.028056	-56.878807	-69.043278	1.201221
33264	9.049883	-2.944286	1.909158	0.000261	-0.010093	0.026848	-56.916042	-69.033524	1.241069
33265	9.100138	-2.990061	1.878145	0.004713	-0.016289	0.023643	-56.953068	-69.027742	1.283785
33266	9.025235	-2.996178	1.896200	0.001715	-0.014443	0.015407	-56.985534	-69.024825	1.319423
33267	8.996009	-2.962744	1.973201	-0.000182	-0.037638	0.008316	-57.039635	-69.033048	1.377421
33268	9.048447	-2.954496	1.924015	-0.010877	-0.054670	0.004711	-57.121123	-69.047774	1.457831
33269	9.051805	-2.898474	1.879533	-0.004641	-0.064195	0.013980	-57.215910	-69.061463	1.556647
33270	9.126748	-2.896777	1.854127	-0.014154	-0.060234	0.041060	-57.335903	-69.060294	1.676267
33271	9.128800	-2.992561	1.806538	-0.013306	-0.053327	0.048381	-57.449851	-69.053885	1.790284
33272	9.200880	-2.949517	1.815343	0.002806	-0.043966	0.052872	-57.548998	-69.041837	1.897997
33273	9.177551	-3.021857	1.773090	-0.002705	-0.027928	0.055219	-57.630101	-69.024181	1.983362
33274	9.176761	-3.074277	1.762331	0.011733	-0.012698	0.043192	-57.676681	-69.007135	2.040276
33275	9.149311	-3.009873	1.798881	0.022875	0.012153	0.032549	-57.674273	-68.988130	2.051907
33276	9.122460	-3.016243	1.823352	0.016787	0.017800	0.018466	-57.659711	-68.973705	2.046434
33277	9.097411	-3.041268	1.819648	0.020169	0.019292	0.014105	-57.635167	-68.961441	2.032690
33278	9.044609	-2.978914	1.880211	0.020194	0.012861	0.013317	-57.620792	-68.951022	2.029507
33279	9.069974	-2.999414	1.854760	0.014776	0.009612	0.013261	-57.610863	-68.942134	2.028110
33280	8.979295	-3.000957	1.727019	0.026910	0.028702	0.006182	-57.567066	-68.930301	1.997523
33281	9.055392	-2.868586	2.084513	0.024254	0.051074	0.022119	-57.506816	-68.904379	1.948016
33282	9.339065	-3.092029	1.810459	-0.026111	-0.080558	0.038726	-57.656343	-68.910366	2.092073
33283	9.179875	-3.105393	1.598921	0.035466	0.062987	0.010453	-57.565413	-68.886455	2.016560
33284	9.037193	-3.043524	1.929674	0.016927	0.013899	0.013782	-57.552015	-68.875497	2.012415
33285	9.293446	-3.029338	1.727896	0.033337	0.045767	0.009092	-57.482971	-68.857497	1.959042
33286	9.091664	-3.093789	1.809105	0.041196	0.064999	0.000381	-57.381283	-68.837249	1.875137
33287	9.163062	-2.997298	1.838906	0.045640	0.069661	-0.003155	-57.265915	-68.817700	1.779632
33288	9.035280	-3.008899	1.911457	0.042306	0.083521	-0.000601	-57.140187	-68.792057	1.670598
33289	9.032221	-2.964299	1.951679	0.034867	0.054697	-0.005442	-57.048099	-68.778127	1.593416
33290	9.057540	-3.006925	1.926248	0.030518	0.052500	-0.005115	-56.964263	-68.764196	1.522056
33291	9.084344	-2.997172	1.884864	0.021913	0.039684	-0.007215	-56.896913	-68.755732	1.463439
33292	9.086869	-2.987326	1.841659	0.022958	0.049336	-0.006068	-56.820703	-68.743184	1.395603
33293	9.055309	-2.979802	1.945219	0.021892	0.043970	-0.006658	-56.748651	-68.733054	1.331920
33294	9.055969	-2.950712	1.930357	0.018406	0.046581	0.000383	-56.683799	-68.718223	1.273464
33295	9.133044	-2.962046	1.863515	0.022410	0.041340	0.010352	-56.628574	-68.700727	1.228145
33296	9.101881	-2.928358	1.948314	0.027208	0.068944	0.028702	-56.554358	-68.665255	1.165033
33297	9.028720	-2.997769	1.913165	0.026051	0.065505	0.030772	-56.484257	-68.630324	1.105964
33298	9.073148	-2.957179	1.955879	0.027840	0.064510	0.041773	-56.426074	-68.589961	1.060428
33299	9.046539	-3.032887	1.947647	0.029555	0.061169	0.054770	-56.379029	-68.544908	1.028251
33300	9.064318	-2.974172	2.016439	0.030568	0.053417	0.056599	-56.345038	-68.500968	1.010366
33301	9.067089	-3.037604	1.937124	0.028486	0.051483	0.054033	-56.310008	-68.459329	0.990426
33302	9.059329	-3.054670	2.014736	0.033028	0.054170	0.048218	-56.267157	-68.419136	0.964520
33303	9.036026	-3.049385	1.970552	0.028793	0.045789	0.045042	-56.231790	-68.383582	0.944397
33304	9.059822	-3.024546	1.957760	0.033263	0.046122	0.041266	-56.193097	-68.349250	0.923096
33305	9.009004	-3.027070	1.959417	0.031182	0.046344	0.038828	-56.150894	-68.316467	0.897081
33306	9.003023	-2.966940	2.025296	0.036183	0.042085	0.050027	-56.122559	-68.279246	0.888719
33307	9.056324	-2.906435	1.946243	0.037944	0.036791	0.060760	-56.105618	-68.239072	0.894058
33308	8.921013	-3.008579	2.073103	0.032914	0.048090	0.080141	-56.096162	-68.185615	0.904005
33309	8.970252	-2.983119	2.036694	0.038120	0.009877	0.083114	-56.128871	-68.143407	0.962943
33310	8.918395	-2.989679	2.036491	0.045298	0.037966	0.096200	-56.136933	-68.085539	0.999425
33311	8.905993	-3.162654	2.133467	0.025979	-0.000217	0.087478	-56.191615	-68.044455	1.074594
33312	8.935718	-2.983505	2.069871	0.046506	-0.010817	0.059247	-56.227030	-68.019703	1.141341
33313	9.085469	-3.122792	1.981661	0.001320	-0.039186	0.075900	-56.332301	-67.996475	1.255862
33314	9.085563	-3.148777	1.951308	0.035295	-0.020230	0.068104	-56.391867	-67.970420	1.341757
33315	9.108350	-3.130196	1.956824	0.027087	-0.012682	0.056650	-56.435663	-67.947879	1.405922
33316	9.110300	-3.150428	1.904685	0.031422	-0.006274	0.057487	-56.472421	-67.922425	1.464840
33317	9.082467	-3.134239	1.932832	0.039546	0.019541	0.046821	-56.463294	-67.894357	1.479616
33318	9.101590	-3.098355	1.993977	0.041776	0.017536	0.044822	-56.456134	-67.867413	1.497550
33319	9.076868	-3.169180	1.958730	0.029948	0.027447	0.043828	-56.440887	-67.838273	1.499788
33320	9.050890	-3.147411	1.964923	0.046621	0.029365	0.033036	-56.407928	-67.813212	1.492866
33321	9.047777	-3.081552	2.005867	0.038029	0.038146	0.032380	-56.366714	-67.786142	1.472059
33322	9.072136	-3.104086	1.983849	0.034768	0.032807	0.031703	-56.335584	-67.760623	1.459773
33323	8.995255	-3.133133	2.002909	0.041216	0.045467	0.035235	-56.286373	-67.729854	1.432290
33324	8.991842	-3.091310	2.040170	0.037026	0.037275	0.030004	-56.247556	-67.703718	1.413088
33325	8.911738	-3.056141	2.119388	0.036941	0.037095	0.032119	-56.208271	-67.677085	1.393677
33326	8.960588	-3.079570	2.097916	0.020289	0.009668	0.037389	-56.216859	-67.656222	1.415354
33327	9.039292	-3.115985	2.001322	0.022261	0.022039	0.044647	-56.213180	-67.628418	1.425339
33328	9.033569	-3.127973	2.051901	0.024236	0.019481	0.049061	-56.217123	-67.598870	1.444449
33329	9.036988	-3.167744	1.974220	0.019934	0.021720	0.048616	-56.218182	-67.569278	1.458121
33330	9.053294	-3.208323	2.047146	0.029952	0.031802	0.043840	-56.200575	-67.538292	1.457465
33331	9.003333	-3.137888	2.059984	0.034733	0.039103	0.033989	-56.161887	-67.510123	1.437306
33332	8.976955	-3.163852	2.058130	0.027050	0.031509	0.034835	-56.139417	-67.483515	1.429585
33333	9.024440	-3.119305	2.073635	0.030335	0.026232	0.032843	-56.117239	-67.459994	1.424565
33334	8.972049	-3.124804	2.097535	0.022693	0.037892	0.036697	-56.091450	-67.430459	1.410545
33335	8.942144	-3.111253	2.151206	0.022429	0.024582	0.040366	-56.081525	-67.403887	1.413887
33336	8.968979	-3.083028	2.111625	0.012497	0.016855	0.043090	-56.090545	-67.378035	1.431244
33337	9.019647	-3.104263	2.064729	0.013050	0.004068	0.053332	-56.119298	-67.351850	1.470670
33338	8.966606	-3.136607	2.081679	0.002612	0.010216	0.071617	-56.163230	-67.314542	1.519732
33339	8.964463	-3.142328	2.082278	0.011663	-0.001841	0.059313	-56.203862	-67.287374	1.571193
33340	8.962404	-3.148036	2.082523	0.001474	0.002689	0.071106	-56.256326	-67.252678	1.628822
33341	8.933911	-3.157523	2.104607	0.004820	-0.004577	0.066893	-56.309473	-67.222732	1.689626
33342	8.981249	-3.116930	2.115972	0.000184	-0.011493	0.072436	-56.379439	-67.191861	1.765466
33343	8.981632	-3.211839	2.050849	-0.001022	-0.006423	0.076765	-56.445128	-67.157736	1.836275
33344	9.000527	-3.179215	2.108000	-0.003065	-0.012497	0.071940	-56.517314	-67.127351	1.912542
33345	9.050599	-3.203651	2.058632	-0.007688	-0.008788	0.080070	-56.591566	-67.092325	1.988532
33346	8.976831	-3.228703	2.023848	-0.006512	-0.007552	0.078095	-56.664294	-67.057363	2.063283
33347	8.921637	-3.149952	2.107410	-0.010649	-0.007096	0.073297	-56.732859	-67.024973	2.131292
33348	8.920626	-3.201219	2.073334	-0.023042	-0.023719	0.079590	-56.833980	-66.994292	2.226634
33349	8.967408	-3.302147	2.034125	-0.018266	-0.020773	0.069577	-56.919194	-66.967887	2.308022
33350	8.939355	-3.219237	2.094315	-0.009202	-0.020091	0.060004	-56.993456	-66.945367	2.382832
33351	8.990518	-3.218506	2.047817	-0.012564	-0.023425	0.061564	-57.072193	-66.923554	2.460760
33352	9.038993	-3.246347	2.021118	-0.014931	-0.019583	0.067828	-57.154564	-66.897033	2.540843
33353	8.984482	-3.259205	2.063141	-0.013928	-0.018704	0.070099	-57.234640	-66.869558	2.619407
33354	9.007366	-3.243026	2.066857	-0.017528	-0.020406	0.078096	-57.326480	-66.838253	2.708205
33355	8.982437	-3.337637	1.998661	-0.015226	-0.009663	0.078815	-57.402994	-66.803688	2.782121
33356	8.904199	-3.233487	2.084644	-0.007081	-0.003396	0.067256	-57.461445	-66.772280	2.841145
33357	8.950157	-3.265988	2.082920	-0.017336	-0.017878	0.073874	-57.544468	-66.742561	2.920864
33358	9.000126	-3.290835	2.032343	-0.016275	-0.018982	0.073926	-57.630108	-66.712652	3.003781
33359	8.974287	-3.273071	2.032468	-0.017567	-0.016243	0.080252	-57.715541	-66.679251	3.086016
33360	8.946415	-3.259745	2.056238	-0.025320	-0.023763	0.081067	-57.816335	-66.647243	3.179833
33361	9.019073	-3.267232	2.034384	-0.032504	-0.031293	0.094719	-57.936909	-66.611292	3.291069
33362	9.015487	-3.368838	1.990291	-0.029409	-0.024356	0.101738	-58.054601	-66.569276	3.400799
33363	8.938306	-3.355235	2.010147	-0.035524	-0.013013	0.097186	-58.157399	-66.526415	3.490841
33364	8.858334	-3.369174	2.050881	-0.025394	-0.003047	0.092443	-58.241710	-66.482338	3.566751
33365	8.831353	-3.375757	2.047862	-0.016017	-0.007998	0.072074	-58.309734	-66.450099	3.631110
33366	8.881104	-3.288569	2.066467	-0.019430	-0.017609	0.071198	-58.391764	-66.420679	3.708302
33367	8.904612	-3.316512	2.037692	-0.024969	-0.020854	0.072469	-58.479185	-66.392031	3.788260
33368	8.927823	-3.300794	2.040630	-0.026365	-0.028727	0.076157	-58.580586	-66.363420	3.882293
33369	8.949396	-3.377935	2.002237	-0.034454	-0.030633	0.087777	-58.694347	-66.330085	3.985112
33370	8.948082	-3.406380	1.970382	-0.029001	-0.027563	0.088538	-58.803821	-66.294923	4.086359
33371	8.918136	-3.398081	2.017371	-0.022793	-0.028303	0.095579	-58.912953	-66.256913	4.191475
33372	8.915371	-3.363048	2.046573	-0.025877	-0.024774	0.093195	-59.020017	-66.218488	4.292104
33373	8.937253	-3.417011	2.012324	-0.030335	-0.035235	0.090000	-59.136803	-66.185099	4.400921
33374	8.964116	-3.438609	1.933745	-0.030337	-0.035228	0.089951	-59.255252	-66.151177	4.511259
33375	8.984773	-3.472930	1.927571	-0.031411	-0.023854	0.096652	-59.363742	-66.111006	4.610389
33376	9.006149	-3.439674	1.959231	-0.024651	-0.011128	0.098023	-59.456771	-66.065912	4.696549
33377	8.903430	-3.491700	1.942340	-0.027783	0.000502	0.102366	-59.539181	-66.015705	4.769484
33378	8.945039	-3.423683	2.059001	-0.003907	0.017670	0.084903	-59.579216	-65.968645	4.810706
33379	9.148996	-3.309703	1.997158	-0.046744	-0.026204	0.153611	-59.734628	-65.900747	4.951754
33380	8.861392	-3.513279	2.013505	-0.049164	0.013489	0.159279	-59.852370	-65.818004	5.049758
33381	9.005067	-3.530014	1.975193	-0.037371	0.000428	0.181064	-59.988924	-65.728583	5.176195
33382	8.873868	-3.481231	2.051611	-0.041840	0.041071	0.213864	-60.105120	-65.610677	5.277252
33383	8.894409	-3.515124	1.978682	-0.039963	0.024969	0.236256	-60.248839	-65.486597	5.410153
33384	8.834594	-3.475055	2.060590	-0.045165	0.023385	0.256285	-60.410148	-65.352387	5.558924
33385	8.879727	-3.490496	1.991935	-0.058277	0.010270	0.274724	-60.600835	-65.212956	5.732262
33386	8.934331	-3.476393	2.152013	-0.078433	-0.001638	0.306937	-60.835090	-65.060033	5.940762
33387	9.054662	-3.579363	1.948583	-0.108227	0.002215	0.348992	-61.102631	-64.885054	6.167767
33388	9.135340	-3.690634	1.915695	-0.099809	0.016378	0.393960	-61.374873	-64.682673	6.405317
33389	8.972590	-3.781588	1.843256	-0.100598	0.050964	0.444762	-61.634255	-64.445253	6.628893
33390	8.785291	-3.584367	2.096014	-0.090061	0.054949	0.480670	-61.900941	-64.187730	6.867389
33391	8.862825	-3.541020	2.243604	-0.127266	-0.000969	0.505466	-62.253751	-63.932564	7.178816
33392	9.022930	-3.709339	1.984095	-0.153465	-0.017171	0.566405	-62.666006	-63.649369	7.540143
33393	9.136966	-3.858034	1.998756	-0.152178	0.001823	0.631981	-63.082389	-63.327089	7.908195
33394	9.132888	-3.928906	2.019114	-0.155694	0.012310	0.698057	-63.515830	-62.966624	8.293864
33395	9.445918	-3.939034	2.155658	-0.155144	-0.029764	0.777938	-64.017432	-62.574808	8.758187
33396	9.462044	-4.081397	2.042954	-0.186840	0.031686	0.886423	-64.515700	-62.109428	9.199691
33397	9.207239	-4.157364	1.972464	-0.171502	0.082368	0.974719	-64.979515	-61.584651	9.614469
33398	9.120630	-4.164161	2.060464	-0.172538	0.097531	1.035848	-65.441860	-61.022436	10.028657
33399	8.902258	-4.242792	2.074324	-0.190476	0.129841	1.112913	-65.898681	-60.411222	10.427458
33400	8.752273	-4.335686	2.093293	-0.207418	0.117980	1.162846	-66.380094	-59.774591	10.845520
33401	8.700362	-4.405355	2.152042	-0.218282	0.125776	1.207766	-66.858368	-59.111270	11.255867
33402	8.890553	-4.390772	2.180029	-0.244588	0.120824	1.253339	-67.355405	-58.422826	11.673041
33403	8.797175	-4.708288	2.064638	-0.283491	0.170155	1.326559	-67.837940	-57.683426	12.050462
33404	8.891090	-4.771403	2.098630	-0.277876	0.183704	1.375434	-68.304768	-56.913116	12.415791
33405	8.855586	-4.960210	2.096186	-0.303042	0.223111	1.439989	-68.755078	-56.098976	12.747743
33406	8.596577	-5.151217	1.967354	-0.309485	0.271657	1.502470	-69.173357	-55.239689	13.039281
33407	8.303580	-5.422230	1.895146	-0.302654	0.300445	1.539749	-69.559172	-54.353857	13.299412
33408	8.160894	-5.645491	1.904535	-0.274196	0.311511	1.561542	-69.912788	-53.452790	13.542339
33409	8.097096	-5.730430	2.005473	-0.242422	0.328857	1.580078	-70.226209	-52.537912	13.761069
33410	8.011736	-5.553001	2.132751	-0.238393	0.368600	1.570509	-70.496767	-51.619508	13.930594
33411	7.774491	-5.667207	2.054246	-0.250517	0.414848	1.575880	-70.734089	-50.689335	14.051209
33412	7.458909	-5.683799	2.031088	-0.255808	0.436060	1.569902	-70.952753	-49.757748	14.144697
33413	7.404844	-5.916713	2.212318	-0.251676	0.445203	1.559463	-71.153798	-48.830274	14.219888
33414	7.321203	-5.961669	2.325226	-0.266749	0.480432	1.545184	-71.334618	-47.903538	14.256991
33415	7.306121	-6.035994	2.650255	-0.284456	0.519327	1.534369	-71.495639	-46.975865	14.254540
33416	7.242410	-5.845032	2.765851	-0.332530	0.558798	1.505632	-71.654259	-46.056321	14.210231
33417	7.542868	-6.112268	3.100659	-0.368068	0.634547	1.472608	-71.782936	-45.141562	14.095386
33418	7.851572	-5.837219	3.226070	-0.419894	0.759073	1.419543	-71.866497	-44.233259	13.871805
33419	8.235125	-6.034729	3.597478	-0.509492	0.923710	1.360246	-71.908579	-43.328420	13.510952
33420	8.764844	-6.634328	4.178745	-0.605529	1.154016	1.299791	-71.887510	-42.415298	12.969809
33421	8.428352	-6.908877	4.160626	-0.793436	1.370827	1.271753	-71.874902	-41.478941	12.271101
33422	8.351986	-7.332290	4.033798	-0.849919	1.614319	1.296761	-71.800020	-40.484906	11.414264
33423	8.091527	-6.366026	2.963575	-0.955010	1.757144	1.315503	-71.743299	-39.454499	10.474431
33424	6.624722	-5.935095	2.146470	-1.078434	1.752369	1.386282	-71.792154	-38.386302	9.568583
33425	6.835577	-6.291551	2.269234	-1.170892	1.388539	1.434754	-72.073089	-37.358481	8.933662
33426	7.399532	-7.028466	2.337627	-1.278680	1.270150	1.558463	-72.490472	-36.286865	8.407553
33427	7.719499	-8.293794	2.667634	-1.350832	1.234743	1.695261	-72.985910	-35.149812	7.930702
33428	8.169123	-7.855230	2.552347	-1.330674	1.207756	1.796992	-73.496730	-33.964934	7.486982
33429	7.020923	-7.893681	1.883207	-1.457690	1.187611	2.009173	-74.113454	-32.670102	7.089489
33430	4.439753	-8.404564	0.898943	-1.701677	0.964092	2.406648	-74.985876	-31.194508	6.895291
33431	3.951264	-9.947621	0.271886	-1.675021	0.131507	2.602018	-76.121471	-29.732443	7.242378
33432	6.379191	-9.389236	1.171528	-1.471690	-0.613254	2.723443	-77.353359	-28.294783	8.043147
33433	8.039019	-9.829235	1.619170	-1.597061	-0.677734	3.022181	-78.653373	-26.682136	8.877276
33434	7.666892	-10.304311	1.622398	-1.599248	-0.674028	3.269551	-79.921934	-24.913867	9.685793
33435	7.461500	-10.250362	1.195030	-1.578751	-0.887226	3.454143	-81.194041	-23.045379	10.590190
33436	6.493176	-10.190183	0.648121	-1.603637	-1.094096	3.730097	-82.487304	-21.019514	11.587037
33437	5.776192	-10.534548	0.248315	-1.544684	-1.468426	3.996086	-83.774710	-18.847320	12.767078
33438	5.808111	-10.741031	0.122540	-1.346387	-1.831272	4.236663	-84.955893	-16.535387	14.113379
33439	5.667608	-10.683865	0.121638	-1.169680	-1.977704	4.589486	-85.991239	-14.003703	15.499628
33440	4.387846	-10.879963	0.539219	-0.844428	-1.926228	5.005034	-86.762645	-11.212336	16.813990
33441	2.497013	-12.246457	2.519609	-0.286028	-1.702753	5.487748	-87.121073	-8.124884	17.972573
33442	1.750480	-16.343023	4.045649	0.447596	-1.894202	5.420946	-87.008880	-5.079426	19.223703
33443	7.526307	-16.380200	1.751777	1.928847	-3.049688	4.260230	-86.032844	-2.749231	21.120520
33444	11.713523	-12.585783	1.920262	2.196929	-2.440667	3.369199	-84.824063	-0.937505	22.669019
33445	10.063025	-12.820534	1.809369	2.475140	-1.703574	2.560552	-83.410693	0.421437	23.790560
33446	9.345006	-10.505032	1.913374	2.788547	-1.680484	1.191151	-81.800560	0.972526	24.833045
33447	8.447303	-9.036306	1.314034	2.747962	-1.258701	0.015077	-80.214446	0.867930	25.547047
33448	7.460817	-8.344110	1.998721	2.620075	-1.022485	-1.004590	-78.709236	0.192582	26.017351
33449	6.803709	-9.189854	1.874694	2.374603	-0.699240	-1.760718	-77.349583	-0.877788	26.200274
33450	5.848125	-9.388643	2.310666	2.234460	-0.444939	-2.348994	-76.067977	-2.248969	26.138440
33451	5.507686	-9.486071	2.395223	1.986958	-0.214383	-2.768352	-74.914561	-3.815714	25.859828
33452	4.525731	-9.832945	2.492652	1.760587	0.191924	-2.936104	-73.861038	-5.409415	25.298820
33453	3.021433	-9.698616	2.500408	1.593459	0.526847	-2.851055	-72.866303	-6.888593	24.537778
33454	1.778342	-9.641177	2.342701	1.420657	0.806414	-2.602538	-71.934762	-8.173546	23.638157
33455	0.696933	-9.006199	2.143634	1.249106	0.969256	-2.285997	-71.074620	-9.239967	22.685232
33456	0.109405	-8.309581	1.992223	1.009233	0.982988	-2.010101	-70.340848	-10.144231	21.759324
33457	-0.020358	-7.322132	1.818948	0.742067	0.912484	-1.794052	-69.758859	-10.932537	20.902901
33458	0.109590	-6.591280	1.764183	0.449717	0.812747	-1.628214	-69.349266	-11.647226	20.125039
33459	0.599108	-6.344088	1.946839	0.179068	0.672612	-1.553203	-69.102920	-12.343063	19.434172
33460	1.446700	-6.625727	2.140030	-0.036152	0.536759	-1.589473	-68.985562	-13.086706	18.805262
33461	1.935254	-6.929230	2.394543	-0.156783	0.457087	-1.695024	-68.932954	-13.899562	18.195496
33462	1.893540	-7.191182	2.476014	-0.199543	0.399370	-1.814322	-68.897236	-14.790348	17.588523
33463	0.923894	-7.529294	2.593077	-0.168390	0.293067	-1.911911	-68.843023	-15.752071	17.017007
33464	0.571678	-7.549558	2.727902	-0.053296	0.003972	-1.970465	-68.753862	-16.806955	16.588861
33465	0.786347	-7.229374	2.639940	0.061802	-0.254014	-1.958301	-68.633299	-17.905627	16.303963
33466	1.220815	-6.709224	2.672202	0.163385	-0.441889	-1.943789	-68.482557	-19.037831	16.122635
33467	2.188253	-6.162737	2.634730	0.242061	-0.531003	-1.942560	-68.298497	-20.185109	15.987956
33468	2.775530	-5.674261	2.553133	0.271283	-0.447694	-1.970166	-68.074473	-21.331401	15.793529
33469	2.893205	-5.300487	2.476784	0.265300	-0.313514	-1.986878	-67.817499	-22.454407	15.512470
33470	3.119982	-5.354692	2.239074	0.256069	-0.198549	-2.023042	-67.528537	-23.572852	15.147848
33471	3.147690	-5.287655	2.083904	0.256779	-0.132058	-2.071008	-67.208016	-24.697659	14.724207
33472	3.066579	-5.366373	1.755187	0.262214	-0.124284	-2.145050	-66.862349	-25.860105	14.265858
33473	3.244708	-5.118292	1.477473	0.275620	-0.152925	-2.236710	-66.491795	-27.072085	13.789142
33474	3.266147	-4.794478	1.037616	0.247946	-0.155445	-2.300288	-66.114565	-28.317799	13.282461
33475	2.740567	-4.501686	0.835439	0.200859	-0.190374	-2.324889	-65.754019	-29.579027	12.775703
33476	2.595464	-4.597609	0.631319	0.158195	-0.355420	-2.350401	-65.447319	-30.892659	12.345892
33477	2.786434	-4.763672	0.722428	0.137054	-0.567895	-2.397926	-65.197810	-32.277409	12.019777
33478	3.187215	-5.160833	1.018346	0.122088	-0.785968	-2.458733	-65.008096	-33.747915	11.799111
33479	3.373009	-5.486845	1.325776	0.135270	-0.942292	-2.496613	-64.849999	-35.272836	11.657161
33480	3.485172	-5.704693	1.679691	0.169097	-1.041746	-2.481452	-64.705432	-36.816475	11.575194
33481	3.824030	-6.007232	1.939791	0.215900	-1.059848	-2.414079	-64.547789	-38.326892	11.519808
33482	4.156802	-6.052460	2.160506	0.293918	-1.020266	-2.347337	-64.336840	-39.795437	11.451330
33483	4.648567	-5.873385	2.216227	0.372275	-0.966510	-2.300436	-64.059290	-41.223585	11.352684
33484	5.014556	-5.717732	2.206733	0.417604	-0.917818	-2.287627	-63.726515	-42.634959	11.211799
33485	5.360416	-5.648707	2.054023	0.413341	-0.912663	-2.306854	-63.375898	-44.051721	11.046275
33486	5.411532	-5.796759	2.026345	0.363163	-0.933959	-2.323707	-63.046912	-45.484355	10.873639
33487	5.461478	-6.063142	2.082626	0.299998	-0.986912	-2.336356	-62.764108	-46.934094	10.720232
33488	5.655029	-6.500021	2.248807	0.229727	-1.035647	-2.320821	-62.541091	-48.390722	10.595628
33489	5.751723	-7.166330	2.484062	0.160019	-1.071514	-2.280968	-62.380216	-49.833866	10.504329
33490	5.825672	-7.710213	2.691093	0.135402	-1.109636	-2.213072	-62.271934	-51.254903	10.463592
33491	5.909765	-8.051824	2.914173	0.120596	-1.145188	-2.129474	-62.218760	-52.640656	10.484018
33492	6.307433	-8.008292	3.082128	0.153675	-1.147281	-2.027200	-62.185049	-53.977301	10.550820
33493	6.846847	-7.647031	2.955396	0.121086	-1.045776	-1.926486	-62.135897	-55.233629	10.575827
33494	6.882733	-7.292316	2.773586	0.042147	-0.901170	-1.794648	-62.076466	-56.386416	10.532251
33495	6.871675	-6.864093	2.724864	-0.059936	-0.803559	-1.674617	-62.045112	-57.450255	10.454039
33496	6.889988	-6.725428	2.602113	-0.186017	-0.732619	-1.561690	-62.075655	-58.439693	10.363439
33497	6.798307	-6.929653	2.822043	-0.263029	-0.709875	-1.450615	-62.178274	-59.365031	10.307466
33498	7.352959	-7.503451	3.240635	-0.301902	-0.767810	-1.382472	-62.388889	-60.272949	10.350159
33499	7.911996	-8.202667	3.896931	-0.279714	-0.816326	-1.355658	-62.650046	-61.178341	10.465999
33500	7.984004	-8.641995	4.331071	-0.164621	-0.809515	-1.315827	-62.870574	-62.062791	10.608678
33501	8.131971	-8.733891	4.556731	-0.001352	-0.766904	-1.251153	-62.996377	-62.901547	10.749831
33502	8.131590	-8.361011	4.457397	0.174263	-0.646104	-1.155143	-62.955984	-63.660858	10.815752
33503	7.861591	-7.740378	4.003290	0.338093	-0.508521	-1.043789	-62.734282	-64.326431	10.784789
33504	7.882873	-6.945903	3.440253	0.471679	-0.422847	-0.962850	-62.383123	-64.928902	10.694731
33505	7.795730	-5.978406	2.877004	0.541674	-0.341624	-0.908057	-61.921407	-65.480830	10.528180
33506	7.708327	-5.218492	2.487129	0.523507	-0.293210	-0.852964	-61.437071	-65.991761	10.325487
33507	8.059553	-4.880565	2.190361	0.441200	-0.270013	-0.825848	-60.974659	-66.481420	10.096622
33508	8.064495	-4.431647	1.932855	0.288672	-0.208381	-0.793275	-60.537443	-66.937232	9.800289
33509	7.939181	-4.295089	1.803278	0.089336	-0.175327	-0.738494	-60.197132	-67.355162	9.486709
33510	8.008824	-4.402980	1.944987	-0.071349	-0.183005	-0.721415	-59.960947	-67.766540	9.186568
33511	8.040577	-4.795508	2.195247	-0.172283	-0.186692	-0.712438	-59.782023	-68.173756	8.887238
33512	7.853603	-5.314194	2.515299	-0.174483	-0.251884	-0.724254	-59.670817	-68.605617	8.659745
33513	7.884683	-5.531168	2.701691	-0.096580	-0.289642	-0.706073	-59.567677	-69.039021	8.489961
33514	7.776811	-5.548455	2.885192	0.033147	-0.307810	-0.657656	-59.447613	-69.453756	8.381578
33515	7.944760	-5.370908	2.836295	0.190317	-0.283841	-0.605373	-59.239051	-69.835531	8.275601
33516	8.207809	-5.127769	2.659070	0.349723	-0.237937	-0.549938	-58.917697	-70.176245	8.146630
33517	8.150377	-4.642767	2.314704	0.492074	-0.168447	-0.520853	-58.432469	-70.481824	7.930911
33518	8.087264	-4.221591	1.846446	0.589020	-0.154014	-0.505784	-57.876037	-70.774756	7.698637
33519	8.139463	-3.836666	1.448443	0.608333	-0.180214	-0.498408	-57.337297	-71.071680	7.497564
33520	8.010527	-3.256111	1.229882	0.545613	-0.220459	-0.475741	-56.904430	-71.369284	7.370375
33521	8.143706	-2.845216	1.232677	0.407446	-0.282167	-0.421884	-56.679662	-71.660552	7.379696
33522	8.302504	-2.743498	1.345525	0.229335	-0.326768	-0.351527	-56.690808	-71.931777	7.529578
33523	9.701853	-3.584774	2.260045	0.102102	-0.350301	-0.340124	-56.820968	-72.205270	7.728037
33524	38.700514	-20.673264	17.418197	0.069911	-0.137462	-0.078335	-56.913570	-72.285936	7.867172
33525	-6.647142	-4.461132	-7.601113	-0.641462	4.115756	2.024404	-53.546269	-69.987492	3.921424
33526	4.397760	-9.400236	16.493149	0.630808	0.358119	-0.489970	-52.271681	-70.087281	2.949738
33527	5.241955	-1.188379	-1.382770	0.864590	-3.161989	-1.154925	-54.849394	-71.696823	6.201817
33528	16.539956	-1.591306	-0.645896	0.222065	-0.034253	-0.710210	-54.051595	-72.038418	5.496354
33529	7.424254	0.949370	3.098352	0.069352	0.325319	0.345216	-53.906471	-71.769309	5.385649
33530	11.140726	-1.696120	-0.401891	-0.062281	-0.281149	0.182085	-54.527205	-71.778167	6.001703
33531	9.848788	-2.436017	1.697964	-0.139206	0.565786	0.331935	-54.148355	-71.435133	5.518572
33532	8.746595	-3.400081	2.115053	-0.013063	0.223678	0.307038	-54.156325	-71.216881	5.519126
33533	9.060641	-2.631535	2.123749	0.092567	0.228947	0.215640	-54.004542	-71.040351	5.414938
33534	8.910510	-2.661181	1.917127	0.056887	0.120857	0.209816	-54.017290	-70.901749	5.462947
33535	9.192015	-2.505590	1.973376	0.024430	0.144714	0.199022	-54.003053	-70.761242	5.462862
33536	8.987870	-2.655624	2.093469	-0.011908	0.108062	0.189745	-54.052050	-70.636244	5.507592
33537	8.956649	-2.597834	2.080370	-0.023266	0.059970	0.172895	-54.151203	-70.536333	5.598757
33538	8.950526	-2.591407	2.108249	-0.045675	0.002560	0.175074	-54.342310	-70.453411	5.773788
33539	9.271973	-2.635023	1.819822	-0.058575	-0.016984	0.176712	-54.563566	-70.377170	5.973176
33540	9.266701	-2.679355	1.840130	-0.061056	-0.000332	0.194962	-54.782470	-70.285478	6.168547
33541	9.387112	-2.689067	1.697098	-0.036625	0.019413	0.219348	-54.979305	-70.176762	6.355580
33542	9.703127	-2.672837	1.493404	0.003552	0.086778	0.271737	-55.113838	-70.020006	6.500868
33543	9.392425	-2.960777	1.726735	0.049189	0.217820	0.323460	-55.095668	-69.797084	6.511699
33544	9.007792	-2.684326	1.952871	0.135345	0.191456	0.333214	-55.073063	-69.577101	6.570309
33545	9.339631	-2.614212	1.895364	0.091167	0.219782	0.395104	-55.091042	-69.319878	6.645465
33546	8.850976	-2.947688	2.077552	0.098926	0.234096	0.386057	-55.080723	-69.061095	6.695077
33547	9.081303	-3.027639	2.055191	0.058370	0.164780	0.335026	-55.131416	-68.850122	6.785396
33548	8.644854	-2.941373	2.330364	0.059341	0.157810	0.282991	-55.147547	-68.664748	6.839195
33549	8.612462	-2.958814	2.291434	0.021791	0.063891	0.226186	-55.247107	-68.537922	6.959705
33550	8.553221	-2.862818	2.445531	-0.027830	-0.007724	0.186337	-55.428890	-68.451951	7.137977
33551	8.850933	-2.991269	2.175903	-0.050162	-0.110362	0.162599	-55.722821	-68.411330	7.423304
33552	9.352459	-2.995971	1.794611	-0.030023	-0.120699	0.173984	-56.028111	-68.366906	7.733217
33553	9.789328	-3.349733	1.514101	-0.002012	-0.040231	0.178297	-56.220760	-68.295418	7.939445
33554	9.492219	-3.190844	1.591771	0.103048	0.115130	0.168275	-56.161258	-68.177917	7.938972
33555	9.131758	-3.210224	1.861999	0.118846	0.158122	0.167127	-56.038938	-68.048388	7.880705
33556	8.697120	-3.106634	2.236304	0.134372	0.177918	0.112543	-55.844827	-67.937203	7.754381
33557	8.414432	-2.903887	2.593455	0.081849	0.087072	0.074947	-55.755748	-67.874125	7.709027
33558	8.516369	-2.832351	2.508866	0.027562	-0.028898	0.047936	-55.813996	-67.860028	7.788975
33559	8.839700	-2.957278	2.289574	-0.026238	-0.129742	0.057161	-56.025540	-67.875037	8.001288
33560	9.116534	-3.149217	1.960235	-0.023195	-0.135319	0.061414	-56.247796	-67.888309	8.226894
33561	9.365625	-3.227060	1.784087	0.005435	-0.107678	0.058751	-56.417034	-67.894974	8.413096
33562	9.290678	-3.207811	1.825312	0.021019	-0.028986	0.053805	-56.483328	-67.877751	8.497685
33563	9.013453	-3.142946	2.061548	0.034446	-0.007537	0.050398	-56.511651	-67.856535	8.549739
33564	8.964372	-3.074209	2.111584	0.015882	-0.033773	0.036523	-56.572916	-67.849036	8.625736
33565	8.939949	-3.098858	2.081641	0.001859	-0.042952	0.027264	-56.643465	-67.850016	8.703228
33566	8.938621	-3.126253	2.099563	-0.008976	-0.065917	0.007443	-56.734265	-67.866479	8.795738
33567	9.040705	-3.149027	1.997724	-0.002532	-0.080788	-0.005120	-56.827059	-67.894771	8.894510
33568	9.069520	-3.053650	2.021308	-0.011160	-0.080609	-0.005566	-56.926786	-67.921958	8.995275
33569	9.345125	-3.124937	1.800024	-0.012511	-0.079937	0.009176	-57.035781	-67.942986	9.105322
33570	9.271563	-3.216347	1.714391	0.009315	-0.006028	0.015210	-57.051631	-67.936838	9.128216
33571	8.991606	-3.177246	2.049548	0.018767	0.020184	-0.001019	-57.016190	-67.931514	9.101747
33572	9.021578	-3.100062	1.983048	0.016321	-0.003265	-0.009854	-57.005488	-67.936557	9.100316
33573	8.946146	-3.099924	2.053239	0.001305	-0.007024	-0.019080	-56.998407	-67.948396	9.093654
33574	9.071910	-3.098563	1.983004	-0.000121	-0.029540	-0.023621	-57.017694	-67.968251	9.114415
33575	9.101176	-3.091947	1.884272	-0.003214	-0.017726	-0.019410	-57.025663	-67.983587	9.121196
33576	8.998977	-3.094659	2.025641	-0.005047	-0.006707	-0.025742	-57.019035	-67.997345	9.110954
33577	8.927018	-3.043472	2.072800	-0.008583	-0.029117	-0.032511	-57.033537	-68.022531	9.121461
33578	8.953042	-3.019331	2.095379	-0.023223	-0.051803	-0.022858	-57.093308	-68.048951	9.171593
33579	9.080597	-3.085622	1.918488	-0.027934	-0.071200	-0.021198	-57.178071	-68.081769	9.245887
33580	9.106715	-3.108144	1.887483	-0.022087	-0.044393	-0.018516	-57.231952	-68.103754	9.290355
33581	9.033155	-3.084119	1.955003	-0.015616	-0.042425	-0.016083	-57.279424	-68.125131	9.332043
33582	9.108440	-3.107245	1.903153	-0.021970	-0.035823	-0.016307	-57.324828	-68.143374	9.367436
33583	9.086086	-3.103285	1.875010	-0.013901	-0.017314	-0.026313	-57.333361	-68.161898	9.368219
33584	9.061868	-3.078912	1.922751	-0.015941	-0.008703	-0.024182	-57.336674	-68.175551	9.361978
33585	8.988167	-3.054032	1.992906	-0.015039	-0.024719	-0.030717	-57.351396	-68.198488	9.368725
33586	9.066132	-3.025559	1.921006	-0.020413	-0.023535	-0.030959	-57.369933	-68.219997	9.376122
33587	9.039757	-3.096757	1.937511	-0.028891	-0.016832	-0.033394	-57.381036	-68.241789	9.370424
33588	9.020951	-2.994299	1.915994	-0.023444	-0.017885	-0.037411	-57.389517	-68.264669	9.365123
33589	8.992193	-3.069782	2.005538	-0.037557	-0.018829	-0.033846	-57.407664	-68.287296	9.361664
33590	8.995392	-3.018698	2.005133	-0.028125	-0.035193	-0.033651	-57.442762	-68.313704	9.382126
33591	9.021585	-3.040110	1.975424	-0.038032	-0.044789	-0.032144	-57.494119	-68.343509	9.414112
33592	8.997438	-3.063094	1.992196	-0.041321	-0.045872	-0.030211	-57.552608	-68.371528	9.451602
33593	8.975137	-3.060217	1.985154	-0.037329	-0.067463	-0.032505	-57.631225	-68.408445	9.513328
33594	9.127841	-3.032799	1.885270	-0.045319	-0.090114	-0.029025	-57.747432	-68.449396	9.610406
33595	9.128670	-3.102352	1.847694	-0.047026	-0.066204	-0.033007	-57.830220	-68.486093	9.670610
33596	9.105959	-3.100414	1.863910	-0.041488	-0.067041	-0.043429	-57.905344	-68.526895	9.725842
33597	9.186769	-3.065619	1.714650	-0.036874	-0.053966	-0.049401	-57.954961	-68.567775	9.756623
33598	9.087233	-3.067756	1.853251	-0.033188	-0.029071	-0.053066	-57.971240	-68.601690	9.753720
33599	9.067906	-2.965196	1.855781	-0.022270	-0.022713	-0.054598	-57.969861	-68.635589	9.738707
33600	8.969569	-2.941665	1.973314	-0.027963	-0.032675	-0.044427	-57.994358	-68.666409	9.747842
33601	9.044654	-2.986600	1.918612	-0.030591	-0.052471	-0.032177	-58.052276	-68.698445	9.791370
33602	9.096468	-3.050911	1.788299	-0.025019	-0.038604	-0.029548	-58.094186	-68.723821	9.821005
33603	8.971565	-3.055639	1.951774	-0.029035	-0.029484	-0.042335	-58.114806	-68.753818	9.825450
33604	9.025876	-2.977591	1.904334	-0.031597	-0.057497	-0.043031	-58.173827	-68.791455	9.869388
33605	9.003784	-2.973887	1.897476	-0.033870	-0.059830	-0.036825	-58.239781	-68.827926	9.919481
33606	9.054768	-2.995788	1.865473	-0.041730	-0.074016	-0.028993	-58.336724	-68.863658	9.997839
33607	9.081181	-3.039889	1.806843	-0.028577	-0.061201	-0.030289	-58.406905	-68.897299	10.055691
33608	9.083451	-2.992172	1.852086	-0.032956	-0.067534	-0.032783	-58.488184	-68.932862	10.122614
33609	9.086592	-3.031704	1.744822	-0.032730	-0.054444	-0.036770	-58.547545	-68.967595	10.166295
33610	9.136842	-3.031425	1.765454	-0.022593	-0.031576	-0.046472	-58.566890	-68.999060	10.173200
33611	9.065286	-2.936873	1.888757	-0.020560	-0.034056	-0.037931	-58.592619	-69.028254	10.188310
33612	9.140931	-3.001155	1.759360	-0.018682	-0.043226	-0.023157	-58.642857	-69.051791	10.230695
33613	9.091336	-3.027255	1.825710	-0.020654	-0.032261	-0.027261	-58.674798	-69.075221	10.252393
33614	9.193789	-2.994708	1.703403	-0.007881	-0.049561	-0.031385	-58.720745	-69.104654	10.296796
33615	9.195293	-2.947136	1.752359	-0.019335	-0.009773	-0.022411	-58.726975	-69.119011	10.291776
33616	9.243531	-2.995859	1.748603	-0.016169	-0.006951	-0.011545	-58.738553	-69.126055	10.294299
33617	9.197366	-3.074893	1.522728	0.009343	0.031185	-0.030815	-58.669181	-69.132336	10.225955
33618	8.873114	-2.840911	2.172007	-0.000417	0.046692	-0.007422	-58.606136	-69.121377	10.158262
33619	9.147644	-3.029258	1.627492	0.007321	-0.022611	-0.004484	-58.627512	-69.130792	10.185800
33620	9.071776	-2.901154	1.928632	0.002472	0.023774	-0.001451	-58.596864	-69.123742	10.154557
33621	9.096210	-3.035746	1.749503	0.006468	-0.004258	-0.004080	-58.595503	-69.127484	10.157236
33622	9.171281	-2.919174	1.808454	0.005442	0.007328	0.004683	-58.589041	-69.122341	10.153700
33623	9.044720	-3.041945	1.847585	0.007616	0.017717	0.015691	-58.574332	-69.109853	10.142797
33624	9.246068	-2.982266	1.611966	0.025641	-0.015687	0.007164	-58.587719	-69.110373	10.172895
33625	9.145285	-2.943240	1.786424	0.026475	0.055360	0.013140	-58.512054	-69.087877	10.108308
33626	9.067404	-3.042812	1.831683	0.031538	0.030402	0.014901	-58.469195	-69.070844	10.081806
33627	9.093203	-2.946750	1.842757	0.029458	0.034820	0.012767	-58.417963	-69.054646	10.045194
33628	9.042861	-2.970437	1.843664	0.027191	0.026222	0.012462	-58.381113	-69.040044	10.022454
33629	9.164885	-2.971450	1.801374	0.035835	0.036526	0.023726	-58.332775	-69.017967	9.992845
33630	9.089732	-2.995223	1.802639	0.029466	0.041078	0.019264	-58.281181	-68.995567	9.955702
33631	9.112910	-2.974124	1.833862	0.037056	0.040033	0.015302	-58.221253	-68.976518	9.914418
33632	9.061041	-2.978691	1.910419	0.031569	0.038821	0.021411	-58.173180	-68.953732	9.882326
33633	9.084350	-3.025595	1.862856	0.030467	0.025236	0.008278	-58.130382	-68.942550	9.855342
33634	9.109965	-2.998767	1.819355	0.033660	0.019865	0.006170	-58.093198	-68.932898	9.836197
33635	9.183667	-2.975077	1.801645	0.033719	0.030444	0.012773	-58.045571	-68.917937	9.806031
33636	9.083260	-2.977502	1.876498	0.036016	0.037024	0.008733	-57.987499	-68.901827	9.765938
33637	9.107377	-2.999706	1.830730	0.032597	0.027225	0.012638	-57.944574	-68.887890	9.740116
33638	9.080273	-3.026780	1.880723	0.032680	0.027431	0.006244	-57.898627	-68.875886	9.710964
33639	9.029202	-3.029556	1.955071	0.020740	0.009677	-0.007417	-57.868800	-68.877014	9.691898
33640	9.130380	-3.022999	1.836386	0.019533	-0.008375	-0.016340	-57.857562	-68.886866	9.691880
33641	9.057188	-2.952045	1.936642	0.013201	-0.003760	-0.022929	-57.836670	-68.899611	9.677764
33642	9.156416	-3.019621	1.835487	0.009446	-0.035270	-0.015171	-57.865946	-68.917099	9.714976
33643	9.235596	-2.916529	1.743640	0.009557	-0.024549	-0.012837	-57.881290	-68.931284	9.737458
33644	9.157869	-3.017088	1.832398	0.002351	0.006712	-0.008295	-57.867255	-68.932647	9.723893
33645	9.135634	-2.942388	1.836507	0.010789	-0.010607	-0.010388	-57.866276	-68.941396	9.729638
33646	9.134762	-2.990155	1.833146	-0.002020	0.002458	-0.008568	-57.859881	-68.944194	9.721573
33647	9.086259	-2.965171	1.857751	0.001148	-0.005073	-0.010706	-57.857199	-68.951410	9.719574
33648	9.087987	-2.983697	1.782830	0.003388	-0.002811	-0.014829	-57.849378	-68.958855	9.713303
33649	9.060051	-2.968471	1.954688	0.004506	0.008771	-0.006032	-57.831014	-68.959582	9.696563
33650	9.112904	-2.959577	1.809812	0.003280	-0.009351	-0.012828	-57.833072	-68.968053	9.700811
33651	9.163065	-2.934033	1.789036	0.005786	0.024939	-0.005671	-57.793869	-68.963667	9.662530
33652	9.037098	-2.962523	1.907941	0.008712	0.006352	0.000501	-57.783592	-68.960890	9.656893
33653	9.161531	-2.959501	1.814070	0.001119	0.003221	0.000110	-57.779037	-68.960329	9.652870
33654	9.060818	-2.987365	1.907600	-0.002157	-0.002060	-0.002265	-57.783385	-68.961467	9.656230
33655	9.161156	-2.960690	1.837689	-0.004421	-0.012751	-0.004699	-57.798319	-68.968115	9.669687
33656	9.138324	-2.979541	1.761531	-0.003276	-0.005282	-0.002376	-57.807277	-68.970292	9.677299
33657	9.135131	-2.987216	1.883528	-0.006313	0.013037	-0.000029	-57.794491	-68.966803	9.659895
33658	9.086981	-2.984080	1.858433	-0.000982	-0.000795	-0.008588	-57.791545	-68.970627	9.656160
33659	9.062735	-2.959940	1.883921	-0.009506	0.007957	-0.008796	-57.780028	-68.972937	9.638156
33660	9.013416	-2.914178	1.958637	-0.011905	-0.007251	-0.004926	-57.794384	-68.976961	9.646253
33661	8.988871	-2.937868	1.954482	-0.024026	-0.025494	-0.003676	-57.837465	-68.987000	9.677827
33662	9.188380	-2.956665	1.784182	-0.017608	-0.025719	0.000861	-57.883000	-68.993841	9.715829
33663	9.089758	-2.957877	1.828447	-0.019608	-0.008564	0.005370	-57.909379	-68.994319	9.732221
33664	9.212447	-3.005918	1.753572	-0.007860	-0.016349	0.007863	-57.943060	-68.994902	9.763504
33665	9.113508	-3.007218	1.799344	-0.010736	0.008645	0.003964	-57.941481	-68.990824	9.755394
33666	9.163886	-2.935887	1.805532	0.001038	0.000927	0.004329	-57.945427	-68.987873	9.760282
33667	9.163000	-2.983375	1.779034	-0.005141	0.022663	0.002353	-57.921656	-68.980313	9.731832
33668	9.113423	-2.914252	1.858363	0.007885	0.035221	0.009567	-57.882531	-68.964388	9.694777
33669	9.085533	-3.012142	1.855037	0.008894	0.038169	0.018190	-57.843776	-68.944405	9.658882
33670	9.137929	-2.911234	1.769668	0.027355	0.049708	0.021350	-57.784724	-68.918329	9.612416
33671	9.108376	-2.966195	1.845306	0.029557	0.070712	0.038872	-57.709857	-68.878349	9.550490
33672	9.129614	-2.971395	1.877699	0.042445	0.068301	0.041497	-57.635177	-68.836789	9.496509
33673	9.102396	-2.951497	1.910626	0.039098	0.073343	0.054180	-57.564208	-68.788538	9.444590
33674	9.074566	-3.002196	1.889656	0.035675	0.059367	0.053743	-57.514688	-68.743765	9.413406
33675	9.097014	-3.005355	1.872515	0.040052	0.059436	0.049644	-57.457309	-68.701952	9.376627
33676	9.119419	-3.008492	1.855824	0.044391	0.065713	0.054160	-57.395628	-68.655000	9.337729
33677	9.092093	-3.034488	1.837809	0.055576	0.089415	0.050725	-57.293680	-68.603364	9.262618
33678	9.112832	-2.993368	1.900848	0.065348	0.103032	0.059809	-57.179238	-68.542078	9.179906
33679	9.059075	-3.090230	1.856796	0.075363	0.117099	0.053981	-57.035662	-68.480149	9.072180
33680	9.206327	-2.928298	1.885098	0.083837	0.120900	0.067068	-56.895880	-68.409655	8.973534
33681	9.148803	-3.123859	1.837994	0.085133	0.147555	0.077935	-56.730357	-68.326486	8.848114
33682	9.169126	-3.081677	1.859529	0.114512	0.173801	0.087881	-56.527756	-68.229158	8.700643
33683	9.291825	-3.035220	1.742632	0.170811	0.206893	0.107501	-56.268521	-68.112732	8.526982
33684	9.299546	-3.243250	1.808255	0.171549	0.256052	0.164767	-56.000888	-67.952110	8.344356
33685	9.482490	-2.417861	2.037133	0.317658	0.224955	0.223793	-55.733497	-67.774131	8.252346
33686	10.276381	-1.703742	2.205698	0.081489	0.115360	0.503907	-55.950068	-67.497660	8.536978
33687	9.170275	-3.183484	2.176359	-0.063875	0.265513	0.713166	-56.229652	-67.074152	8.800564
33688	9.209471	-2.912062	2.211002	0.024664	0.071648	0.737841	-56.684660	-66.698717	9.310604
33689	9.608045	-2.955296	2.096793	-0.069167	0.138595	0.847887	-57.180305	-66.248746	9.808130
33690	9.162119	-3.587694	2.304386	-0.161084	0.188709	0.910648	-57.700466	-65.750420	10.276438
33691	8.976870	-3.391590	2.317999	-0.122500	0.097603	0.873368	-58.249453	-65.296986	10.802683
33692	9.591313	-3.630067	1.865623	-0.142720	0.170635	0.967800	-58.775991	-64.772663	11.293236
33693	9.490576	-2.625398	3.176446	-0.197171	0.119486	1.160002	-59.480023	-64.167535	11.948417
33694	9.464643	-3.969252	2.647191	-0.519540	0.103545	1.646630	-60.629760	-63.320022	12.898433
33695	12.193983	-3.710333	3.529186	-0.300585	-0.299506	1.601189	-61.960245	-62.598203	14.198990
33696	12.448314	-2.956135	2.095331	-0.536978	0.241773	2.061860	-63.064985	-61.485886	15.101317
33697	9.540125	-4.560210	2.573388	-0.634714	0.355749	2.305403	-64.154070	-60.212481	15.932052
33698	10.125534	-4.087348	2.351156	-0.497335	0.153764	2.322889	-65.273071	-58.971159	16.899032
33699	9.766695	-4.547973	2.462073	-0.572380	0.247397	2.482840	-66.335657	-57.615897	17.762647
33700	10.300118	-4.690655	2.495070	-0.518761	0.211871	2.535953	-67.339982	-56.232041	18.606381
33701	9.779611	-4.795226	2.578829	-0.557686	0.380601	2.630850	-68.195643	-54.754661	19.257089
33702	8.780758	-5.230008	2.422680	-0.583205	0.373142	2.711253	-69.036039	-53.230080	19.882792
33703	8.166832	-5.807184	2.264002	-0.761126	0.164200	2.770436	-70.079247	-51.710265	20.648444
33704	13.007008	-9.664588	2.630392	-0.474041	-0.185927	2.590227	-71.085634	-50.345854	21.593436
33705	10.209216	-3.797528	2.320190	-0.358575	0.669870	2.421501	-71.388615	-48.909157	21.721641
33706	7.056427	-6.983775	1.324502	-0.811636	0.611159	2.812115	-72.046935	-47.269452	21.981235
33707	6.380125	-7.552926	1.114068	-0.448149	0.171736	2.521972	-72.667324	-45.863041	22.482130
33708	5.907821	-6.253389	1.319635	-0.445116	-0.113799	2.562902	-73.416628	-44.477412	23.178827
33709	5.367341	-6.773795	0.800439	-0.440483	-0.306112	2.604180	-74.228999	-43.093678	23.988252
33710	4.924495	-6.835270	0.824435	-0.344178	-0.601679	2.581879	-75.088473	-41.758144	24.969576
33711	5.032040	-7.876663	1.273285	-0.364948	-0.787803	2.710459	-76.016047	-40.367271	26.063457
33712	4.007000	-10.530435	1.768900	-0.416086	-0.721972	3.092473	-76.929703	-38.741043	27.123330
33713	3.179924	-12.232160	2.451683	-0.196214	-0.869777	3.239899	-77.737375	-37.039525	28.255473
33714	3.030487	-13.168102	2.576195	0.052640	-0.986829	3.355237	-78.402584	-35.274832	29.433550
33715	4.190703	-15.083101	3.006950	0.242133	-1.010409	3.264997	-78.904923	-33.554933	30.567975
33716	5.817748	-14.243509	3.103773	0.766820	-1.079996	2.742570	-79.052118	-32.129721	31.649209
33717	6.600617	-13.381279	3.391155	0.762809	-0.996249	2.343156	-79.114811	-30.919969	32.605274
33718	6.168385	-13.326083	3.492578	0.985893	-0.966738	1.851153	-78.988478	-29.982555	33.470491
33719	5.497541	-13.091517	2.897273	1.049182	-0.925592	1.414599	-78.772293	-29.289947	34.249298
33720	3.970850	-12.808186	2.930215	1.099707	-0.962934	1.160583	-78.515165	-28.745221	35.018274
33721	3.453686	-13.020423	2.712728	1.088304	-1.136047	1.150860	-78.309495	-28.230419	35.894729
33722	3.822716	-13.294340	2.747089	1.032968	-1.202925	1.373593	-78.160317	-27.598796	36.840587
33723	4.515369	-13.101829	2.931313	1.001885	-1.107761	1.726130	-78.009990	-26.762543	37.768505
33724	5.394615	-12.771522	2.953561	0.928217	-0.802198	2.144673	-77.826079	-25.655274	38.556767
33725	6.361757	-12.289242	3.110793	0.870664	-0.382014	2.510050	-77.569511	-24.297191	39.130968
33726	7.336835	-11.697688	3.049324	0.789320	0.116571	2.774319	-77.239677	-22.729431	39.438504
33727	8.003507	-11.273460	2.979973	0.660544	0.591853	2.906487	-76.878170	-21.030915	39.484499
33728	8.488116	-10.931592	2.858241	0.545435	0.948570	2.863186	-76.509962	-19.307721	39.323839
33729	8.889580	-10.286498	2.743955	0.436009	1.208018	2.665476	-76.155844	-17.660640	38.995442
33730	8.690979	-9.627491	2.598760	0.318809	1.422995	2.381900	-75.833073	-16.137879	38.514366
33731	8.089053	-9.203816	2.561291	0.213475	1.515003	2.019024	-75.556964	-14.802871	37.938450
33732	7.368063	-8.918838	2.597840	0.141195	1.493343	1.638764	-75.325686	-13.678163	37.327991
33733	6.717549	-8.915544	2.599231	0.103978	1.403615	1.270571	-75.126889	-12.769590	36.720114
33734	6.098470	-8.873735	2.624904	0.090507	1.306067	0.967350	-74.947387	-12.040482	36.126779
33735	5.882770	-8.640297	2.757026	0.088755	1.198237	0.745555	-74.781823	-11.449297	35.564031
33736	5.506668	-8.451876	2.739367	0.075955	1.145682	0.607337	-74.631032	-10.940395	35.012447
33737	5.513558	-8.234931	2.851183	0.035077	1.074567	0.503646	-74.512995	-10.498866	34.486764
33738	5.816215	-8.190539	3.006283	-0.002595	1.059661	0.405804	-74.419279	-10.112464	33.955759
33739	6.194343	-8.164436	3.153342	-0.037765	1.116124	0.268571	-74.339997	-9.792506	33.372764
33740	6.547819	-7.976528	3.149458	-0.050284	1.192376	0.063811	-74.258052	-9.573007	32.715807
33741	6.936510	-7.743726	3.111541	-0.067086	1.296230	-0.199846	-74.171192	-9.481587	31.959769
33742	6.621665	-7.575849	2.987985	-0.077003	1.414538	-0.493009	-74.071504	-9.532553	31.091130
33743	5.902182	-7.264587	2.796033	-0.072957	1.492264	-0.752565	-73.953697	-9.712011	30.137228
33744	5.190850	-7.038708	2.590197	-0.065472	1.548040	-0.904160	-73.818092	-9.964947	29.126512
33745	4.287712	-7.174516	2.409511	-0.052622	1.555629	-1.007448	-73.666595	-10.270004	28.093393
33746	3.678996	-7.042386	2.283199	0.000950	1.475781	-1.076309	-73.483870	-10.624124	27.091341
33747	3.306945	-6.945561	2.224735	0.040515	1.354159	-1.112168	-73.283633	-11.013315	26.149106
33748	2.951245	-6.929299	2.185167	0.103021	1.175663	-1.160353	-73.057757	-11.456504	25.295443
33749	2.807465	-6.736187	2.161118	0.162584	0.927185	-1.208725	-72.817102	-11.963140	24.569482
33750	3.306026	-6.468140	2.038450	0.230264	0.705716	-1.266366	-72.553884	-12.537449	23.953384
33751	3.361387	-5.882716	1.899736	0.285674	0.568403	-1.332067	-72.266636	-13.167009	23.398602
33752	3.497848	-5.467202	1.662450	0.316791	0.486917	-1.393519	-71.961852	-13.843265	22.873208
33753	3.584310	-4.991051	1.536332	0.330484	0.520936	-1.410191	-71.636970	-14.518040	22.320661
33754	3.686972	-4.589269	1.396589	0.324898	0.624648	-1.361608	-71.294647	-15.146223	21.712880
33755	3.647894	-4.273187	1.167244	0.293783	0.782215	-1.288227	-70.943325	-15.700027	21.025404
33756	3.247000	-3.968174	0.947251	0.277498	0.927841	-1.229927	-70.573889	-16.192617	20.261588
33757	2.948647	-3.740403	0.656130	0.257179	0.943119	-1.222191	-70.206991	-16.671368	19.486058
33758	2.733120	-3.444639	0.409964	0.233268	0.849426	-1.251418	-69.858934	-17.181679	18.751638
33759	2.504428	-3.102541	0.251557	0.207529	0.620162	-1.339762	-69.551120	-17.778859	18.123282
33760	3.073832	-2.951493	0.128206	0.177078	0.347986	-1.480323	-69.290156	-18.505523	17.612737
33761	3.896008	-2.607376	0.198500	0.160406	0.149183	-1.669813	-69.054017	-19.369798	17.168821
33762	4.678274	-2.485550	0.175156	0.124905	0.057862	-1.877973	-68.830947	-20.364937	16.724391
33763	4.644786	-2.356869	0.202635	0.083907	0.110442	-2.030405	-68.599037	-21.426407	16.209441
33764	4.139506	-2.635167	0.099561	0.063570	0.149552	-2.122877	-68.349721	-22.529654	15.641676
33765	3.747487	-2.758473	-0.069053	0.052124	0.152629	-2.166832	-68.088741	-23.650542	15.052804
33766	3.565540	-3.013390	-0.033548	0.022496	0.068215	-2.193452	-67.846820	-24.804276	14.495479
33767	4.146849	-3.422611	0.049137	-0.005340	-0.037563	-2.237771	-67.628583	-25.999469	13.979995
33768	4.616081	-3.763446	0.129127	-0.008236	-0.114243	-2.314766	-67.408845	-27.253566	13.479675
33769	5.163111	-3.969086	0.127011	-0.017641	-0.163598	-2.427719	-67.180237	-28.573394	12.970123
33770	5.061628	-4.213847	0.176340	-0.008445	-0.225219	-2.557786	-66.930948	-29.977072	12.450665
33771	4.682589	-4.612184	0.282282	0.013453	-0.361958	-2.671605	-66.678156	-31.466206	11.971278
33772	4.473607	-5.161109	0.428461	0.086134	-0.518455	-2.742530	-66.405698	-33.029924	11.553109
33773	4.750912	-5.325526	0.614446	0.191762	-0.677818	-2.781673	-66.103826	-34.645630	11.208640
33774	5.321841	-5.337156	0.777405	0.264462	-0.747357	-2.801027	-65.764325	-36.289683	10.884396
33775	6.040465	-5.458848	0.863888	0.301630	-0.769026	-2.826149	-65.388349	-37.946697	10.548066
33776	5.959418	-5.771981	1.116975	0.312511	-0.765922	-2.844545	-64.979558	-39.614375	10.180802
33777	5.732583	-6.366933	1.262258	0.363401	-0.878491	-2.884689	-64.558652	-41.324522	9.853406
33778	5.683166	-6.596711	1.524191	0.434528	-0.992889	-2.879956	-64.126806	-43.062466	9.580492
33779	5.847308	-6.755472	1.598589	0.510105	-1.074185	-2.853731	-63.673954	-44.802035	9.349327
33780	6.151655	-6.573751	1.621887	0.547655	-1.102186	-2.803646	-63.203229	-46.525433	9.129160
33781	6.679401	-6.389016	1.419017	0.526009	-1.089633	-2.774144	-62.720923	-48.225450	8.883547
33782	6.924118	-5.992803	1.188337	0.430900	-1.022714	-2.753635	-62.232873	-49.899549	8.563464
33783	6.337640	-5.929362	1.076087	0.300398	-0.988734	-2.730723	-61.774293	-51.547447	8.193662
33784	5.925948	-6.682872	1.181878	0.162154	-1.098713	-2.678005	-61.454045	-53.200761	7.905672
33785	5.760952	-7.652539	1.627596	0.071516	-1.256099	-2.554304	-61.317907	-54.830661	7.788280
33786	5.983543	-8.417954	2.433022	0.072306	-1.427285	-2.459521	-61.337906	-56.463374	7.861617
33787	6.764285	-8.969116	3.214405	0.102757	-1.527454	-2.349152	-61.472285	-58.064506	8.091533
33788	7.623385	-9.379425	3.876248	0.191908	-1.490706	-2.260982	-61.584002	-59.614027	8.349505
33789	8.312400	-9.452839	4.053832	0.263820	-1.343943	-2.164845	-61.585711	-61.071847	8.525592
33790	7.831320	-8.974343	3.962445	0.292425	-1.111581	-2.008210	-61.440260	-62.390067	8.549705
33791	7.258351	-8.359945	3.618170	0.304662	-1.037958	-1.865536	-61.284760	-63.613677	8.571280
33792	7.737447	-7.725009	3.238883	0.264479	-0.995009	-1.741890	-61.175302	-64.765596	8.617142
33793	8.697486	-7.271171	3.005897	0.144473	-0.956672	-1.710735	-61.107806	-65.889077	8.634134
33794	8.883321	-7.112713	2.661433	-0.087794	-0.839677	-1.634543	-61.088446	-66.943833	8.557322
33795	7.979170	-7.588349	2.683056	-0.307018	-0.815845	-1.544855	-61.222157	-67.945135	8.511798
33796	7.527994	-7.716969	2.975838	-0.462508	-0.812112	-1.398942	-61.552316	-68.873623	8.581130
33797	7.325795	-8.236582	3.639658	-0.543439	-0.813399	-1.203078	-62.089417	-69.701785	8.822617
33798	7.940662	-8.289917	4.421099	-0.484201	-0.744588	-1.016889	-62.667593	-70.417330	9.141906
33799	8.598925	-8.708645	4.982569	-0.351418	-0.540321	-0.837756	-63.030286	-70.986177	9.313020
33800	30.090036	-19.821034	15.932078	0.156449	-0.540651	-0.996766	-62.994100	-71.636601	9.368990
33801	11.461825	-8.030551	6.105235	1.303975	3.410968	-0.679601	-56.670008	-70.990772	3.482553
33802	-3.770810	-16.448437	7.121715	-1.167848	3.383613	0.466962	-53.328344	-69.658911	-0.776615
33803	-5.192201	-23.897170	2.268690	2.473297	-1.169876	0.244469	-53.601897	-69.945905	1.024970
33804	10.922631	4.587807	5.400484	3.385610	-4.134798	-2.094350	-55.261755	-72.299519	4.828706
33805	19.476863	3.663840	-2.950756	-0.223587	0.479607	0.245173	-54.939243	-72.027566	4.355502
33806	5.128618	-0.523052	2.475956	0.029189	1.078805	0.596267	-54.004830	-71.389342	3.389024
33807	8.850761	-0.296501	2.719257	-0.101552	-0.954142	-0.156712	-55.245720	-71.779545	4.635718
33808	10.255364	-2.370032	0.937698	-0.353407	-0.069355	0.299934	-55.844665	-71.659368	5.053350
33809	9.201716	-3.537647	2.078395	-0.196377	-0.168163	0.288039	-56.474623	-71.576425	5.598781
33810	9.960576	-2.747863	0.831924	-0.016505	-0.227038	0.198030	-57.000046	-71.551925	6.142753
33811	9.932126	-3.068330	1.111444	-0.056824	0.117667	0.170315	-57.022468	-71.433844	6.132231
33812	9.030098	-2.905182	1.813722	0.046527	0.121945	0.091269	-56.909657	-71.350973	6.041378
33813	9.063482	-2.461179	1.970757	0.036431	0.050625	0.089408	-56.899713	-71.292697	6.053082
33814	9.138849	-2.600847	1.838740	-0.014213	0.020264	0.102572	-56.976781	-71.236151	6.125922
33815	8.987485	-2.598772	1.934814	-0.020250	-0.020382	0.093860	-57.103292	-71.197860	6.247462
33816	9.009073	-2.456679	1.895972	-0.046556	-0.108243	0.095894	-57.373383	-71.184247	6.504679
33817	9.431355	-2.599940	1.583540	-0.092298	-0.097072	0.122355	-57.674321	-71.155447	6.766928
33818	9.135702	-2.752270	1.677105	-0.048595	-0.049604	0.149307	-57.908810	-71.097246	6.985391
33819	9.253678	-2.587562	1.618281	-0.020349	-0.084408	0.156679	-58.178775	-71.047153	7.258630
33820	9.348570	-2.649382	1.584467	-0.030771	-0.029554	0.199517	-58.415622	-70.957824	7.490550
33821	9.072450	-2.792055	1.783246	-0.019979	-0.042883	0.206987	-58.666622	-70.869959	7.744205
33822	9.166285	-2.702474	1.693140	0.004999	-0.073969	0.204068	-58.945054	-70.790916	8.042092
33823	9.284173	-2.769827	1.682802	-0.029658	-0.070089	0.210498	-59.238223	-70.708539	8.334792
33824	9.183845	-2.899559	1.564145	-0.024142	-0.055003	0.191995	-59.491879	-70.628965	8.589026
33825	9.177597	-2.857197	1.687615	-0.015326	-0.062359	0.168929	-59.727300	-70.564024	8.829481
33826	9.275077	-2.896153	1.458597	-0.012996	-0.073973	0.144621	-59.958959	-70.512678	9.067363
33827	9.343819	-2.917615	1.528308	-0.012842	-0.006306	0.132696	-60.082445	-70.449099	9.190740
33828	9.242938	-2.877819	1.508235	0.026134	0.004872	0.124817	-60.163512	-70.384710	9.292750
33829	9.262814	-2.848595	1.588248	0.012139	0.014899	0.120034	-60.231686	-70.321262	9.372692
33830	9.185947	-2.880329	1.563506	0.026286	0.044151	0.117944	-60.251635	-70.249059	9.409950
33831	9.180038	-2.834628	1.721241	0.020753	0.029588	0.127584	-60.299704	-70.177644	9.473840
33832	9.250718	-2.951733	1.565581	0.018524	0.008173	0.124193	-60.377992	-70.112515	9.568428
33833	9.294750	-3.131547	1.548689	0.012342	0.008207	0.085031	-60.426204	-70.068302	9.627394
33834	9.171514	-2.947276	1.618754	0.039666	0.015374	0.050504	-60.424388	-70.037808	9.649700
33835	9.244294	-2.921942	1.576370	0.020349	0.016373	0.034279	-60.417090	-70.016568	9.654508
33836	9.243268	-2.922314	1.554894	0.026861	0.029014	0.039562	-60.395406	-69.987673	9.647868
33837	9.215936	-2.978557	1.601839	0.022732	0.044848	0.027128	-60.342315	-69.961930	9.605391
33838	9.190292	-2.934059	1.635588	0.028164	0.037721	0.018533	-60.291811	-69.941035	9.568858
33839	9.090492	-2.917645	1.713546	0.020617	0.036832	0.015859	-60.242300	-69.923150	9.528892
33840	9.213593	-2.885483	1.624773	0.020568	0.028210	0.015457	-60.206841	-69.906473	9.503734
33841	9.138432	-2.936645	1.645987	0.010944	0.038237	0.011000	-60.157323	-69.890584	9.457849
33842	9.161578	-2.940150	1.674140	0.022794	0.026498	0.006918	-60.116364	-69.878631	9.428186
33843	9.211895	-2.860604	1.613423	0.016311	0.032797	0.011078	-60.071334	-69.864233	9.390348
33844	9.134894	-2.989580	1.675623	0.021754	0.040291	0.011745	-60.016164	-69.845929	9.344905
33845	9.234963	-2.859855	1.597319	0.041047	0.022624	0.016471	-59.975047	-69.831747	9.326325
33846	9.283380	-2.879038	1.528494	0.042203	0.074172	0.042389	-59.886601	-69.788497	9.257892
33847	9.130410	-2.968607	1.672257	0.048772	0.089204	0.043400	-59.772806	-69.741785	9.166563
33848	9.127178	-2.952256	1.731862	0.041162	0.067100	0.033346	-59.688080	-69.704981	9.101415
33849	9.126755	-2.924454	1.692887	0.041275	0.059271	0.017970	-59.599418	-69.679407	9.032261
33850	9.172534	-2.909758	1.776115	0.027262	0.066852	0.019509	-59.512633	-69.649443	8.956396
33851	9.073958	-2.952422	1.726779	0.020894	0.061129	0.005968	-59.424159	-69.629178	8.874964
33852	9.121113	-2.909946	1.786882	0.011070	0.045059	0.004673	-59.364310	-69.612816	8.817915
33853	9.145914	-2.951342	1.713463	0.007793	0.035502	0.001924	-59.314393	-69.601968	8.769592
33854	9.120927	-2.904781	1.745724	0.012151	0.033525	-0.002173	-59.263950	-69.592320	8.723230
33855	9.145387	-2.856491	1.754604	0.009881	0.028899	0.003929	-59.223249	-69.582392	8.686012
33856	9.092704	-2.960824	1.819111	0.003418	0.035324	0.005906	-59.181869	-69.568223	8.643974
33857	9.093929	-2.977493	1.745632	0.002244	0.004514	-0.003969	-59.171592	-69.569324	8.634548
33858	9.194074	-2.876415	1.710458	0.001200	0.009917	-0.003824	-59.157392	-69.567393	8.620159
33859	9.143304	-2.974815	1.724509	-0.007323	0.018858	-0.008320	-59.130227	-69.566418	8.586861
33860	9.118404	-2.929900	1.778421	-0.001916	0.003076	-0.017173	-59.116309	-69.573066	8.570865
33861	9.144428	-2.877865	1.760170	-0.007351	0.006142	-0.013115	-59.102148	-69.578182	8.551429
33862	9.094590	-2.927296	1.778464	-0.011684	0.008231	-0.011170	-59.091730	-69.580365	8.533198
33863	9.145105	-2.921681	1.731127	-0.009478	-0.002124	-0.020021	-59.084231	-69.591306	8.519571
33864	9.146468	-2.847604	1.738375	-0.013898	-0.000374	-0.011656	-59.086042	-69.596264	8.513037
33865	9.145657	-2.943890	1.727596	-0.014984	-0.001441	-0.011770	-59.087314	-69.602948	8.505403
33866	9.195037	-2.919384	1.731491	-0.007326	0.010457	-0.012949	-59.070005	-69.605360	8.482488
33867	9.146424	-2.917791	1.730719	-0.005263	0.003740	-0.008786	-59.061214	-69.609051	8.470059
33868	9.145372	-2.922057	1.779367	-0.011683	0.004031	-0.013490	-59.054454	-69.613627	8.455733
33869	9.123329	-2.912679	1.706079	-0.011584	0.006526	-0.019829	-59.036829	-69.621921	8.430020
33870	9.145588	-2.921752	1.803881	-0.019148	0.005522	-0.020369	-59.026888	-69.629440	8.407740
33871	9.098493	-2.938258	1.751273	-0.015824	0.000554	-0.028943	-59.012321	-69.643968	8.382699
33872	9.074935	-2.889412	1.779275	-0.017974	-0.007824	-0.033721	-59.008713	-69.661981	8.367896
33873	9.124947	-2.887442	1.778606	-0.027784	-0.019707	-0.032702	-59.024823	-69.684332	8.368268
33874	9.175662	-2.883119	1.752908	-0.035365	-0.018672	-0.031024	-59.047702	-69.704224	8.371091
33875	9.278279	-2.960005	1.572635	-0.043676	-0.008820	-0.052684	-59.042537	-69.733184	8.339074
33876	9.229548	-2.890300	1.651991	-0.034841	0.032077	-0.050458	-58.982051	-69.747663	8.253348
33877	9.155399	-2.893406	1.724192	-0.029574	0.015627	-0.046497	-58.941043	-69.766348	8.191748
33878	9.156986	-2.863192	1.704209	-0.029587	0.038886	-0.036962	-58.879126	-69.772148	8.107717
33879	9.031706	-2.850632	1.851295	-0.024285	0.022552	-0.035136	-58.834850	-69.783170	8.045873
33880	9.182164	-2.836513	1.733929	-0.023428	-0.004878	-0.027602	-58.835098	-69.797323	8.031859
33881	9.133003	-2.885207	1.751402	-0.021224	0.014397	-0.024517	-58.808405	-69.805546	7.990627
33882	9.159031	-2.926664	1.698180	-0.020175	-0.001668	-0.027264	-58.802736	-69.818587	7.972297
33883	9.134074	-2.835203	1.780444	-0.020160	0.002645	-0.027091	-58.788968	-69.831552	7.945491
33884	9.210415	-2.871577	1.679347	-0.013712	-0.006030	-0.027016	-58.785574	-69.845771	7.933532
33885	9.085398	-2.812260	1.829365	-0.014978	0.007054	-0.009339	-58.777275	-69.848726	7.915719
33886	9.286190	-2.886723	1.604793	-0.001132	-0.016165	-0.000748	-58.801442	-69.853089	7.940796
33887	9.185904	-2.872705	1.702200	-0.004358	0.023282	0.009282	-58.780455	-69.842103	7.915949
33888	9.159772	-2.878417	1.751252	0.012898	-0.000334	0.005171	-58.780237	-69.838877	7.923611
33889	9.209824	-2.825737	1.710200	-0.000126	0.014389	0.013504	-58.772129	-69.828462	7.915065
33890	9.212851	-3.144164	1.479439	-0.005211	0.003982	-0.013109	-58.761734	-69.832919	7.900830
33891	9.006556	-2.593538	2.076975	0.022885	0.037920	-0.003338	-58.695464	-69.823750	7.844367
33892	9.161048	-2.988722	1.644897	0.006285	-0.041257	0.003039	-58.751834	-69.833755	7.908279
33893	9.208451	-2.830187	1.760383	-0.005403	0.007471	0.002093	-58.746754	-69.830984	7.899738
33894	9.160740	-2.897124	1.701531	0.012879	-0.032327	-0.002610	-58.782909	-69.841094	7.946135
33895	9.210596	-2.870526	1.680152	-0.001091	0.005282	0.002297	-58.778438	-69.838874	7.940874
33896	9.085954	-2.879855	1.774204	0.019471	-0.006381	-0.003249	-58.775691	-69.841596	7.949850
33897	9.136720	-2.896183	1.700046	0.015101	-0.004427	0.000840	-58.773722	-69.842974	7.957137
33898	9.110903	-2.806809	1.783123	0.024771	-0.001499	0.005919	-58.768831	-69.839757	7.967064
33899	9.135921	-2.875025	1.727754	0.026807	-0.004139	0.014556	-58.770864	-69.834329	7.985760
33900	9.209506	-2.873841	1.705635	0.025745	-0.007248	0.012200	-58.778138	-69.829748	8.009243
33901	9.209342	-2.826286	1.711885	0.031120	0.010692	0.019745	-58.762109	-69.817373	8.011330
33902	9.184946	-2.895192	1.656578	0.031024	0.008189	0.026086	-58.756983	-69.801415	8.024825
33903	9.157710	-2.880122	1.734134	0.036593	0.031137	0.020917	-58.711581	-69.782386	7.998955
33904	9.132306	-2.881150	1.736637	0.032217	0.016076	0.020011	-58.690404	-69.767067	7.996073
33905	9.231132	-2.851468	1.672078	0.034396	0.028884	0.022807	-58.650879	-69.747774	7.975119
33906	9.080086	-2.864508	1.793211	0.033299	0.032014	0.024995	-58.612043	-69.725272	7.954069
33907	9.202728	-2.884238	1.724564	0.028884	0.023196	0.028646	-58.588027	-69.704813	7.946278
33908	9.102203	-2.938423	1.768565	0.028020	0.031436	0.015992	-58.545806	-69.686882	7.918388
33909	9.050638	-2.827814	1.880211	0.025774	0.018401	0.017483	-58.520962	-69.673310	7.907811
33910	9.201307	-2.907202	1.681117	0.015960	-0.004163	0.015959	-58.532619	-69.666038	7.930008
33911	9.149549	-2.869487	1.782813	0.010675	0.014329	0.014160	-58.519129	-69.655306	7.922312
33912	9.124473	-2.894609	1.780113	0.015929	-0.010633	0.015708	-58.539104	-69.650101	7.953363
33913	9.248747	-2.887326	1.687089	0.017028	0.013823	0.023157	-58.529894	-69.635124	7.954114
33914	9.146897	-2.946803	1.778121	0.024548	0.012567	0.025754	-58.522453	-69.618079	7.961189
33915	9.198244	-2.890284	1.688916	0.024591	0.002119	0.018909	-58.520886	-69.608680	7.974717
33916	9.172002	-2.917970	1.712747	0.028088	0.042215	0.016337	-58.464913	-69.587364	7.932174
33917	9.069632	-2.860138	1.867025	0.029044	0.023762	0.017853	-58.431570	-69.571998	7.914522
33918	9.144098	-2.948926	1.764303	0.021525	0.012301	0.010477	-58.413952	-69.562505	7.908888
33919	9.094247	-2.856560	1.823614	0.027014	0.017867	0.006744	-58.380598	-69.554324	7.889979
33920	9.069514	-2.856407	1.824295	0.015046	-0.000359	0.005282	-58.379081	-69.551171	7.897569
33921	9.119562	-2.852434	1.777762	0.015003	0.003734	0.009724	-58.373516	-69.545780	7.900972
33922	9.169119	-2.873363	1.729047	0.015968	0.006519	0.018481	-58.373081	-69.534128	7.910282
33923	9.116247	-2.908827	1.823497	0.013712	0.012570	0.027141	-58.370724	-69.517586	7.916321
33924	9.242511	-2.895159	1.658847	0.028811	0.010272	0.028049	-58.365702	-69.500146	7.928592
33925	9.138707	-2.935485	1.802419	0.026745	0.044476	0.035569	-58.321074	-69.469900	7.897472
33926	9.138549	-2.956896	1.755199	0.035433	0.019165	0.022345	-58.296126	-69.452578	7.892515
33927	9.161598	-2.912507	1.788745	0.033409	0.036552	0.020664	-58.246170	-69.431969	7.859773
33928	9.110779	-2.915646	1.815570	0.032262	0.031062	0.022530	-58.207825	-69.410971	7.838562
33929	9.108456	-2.897451	1.869824	0.027984	0.020644	0.015438	-58.177525	-69.397695	7.823491
33930	9.135309	-2.888789	1.775843	0.029052	0.013192	0.013100	-58.156642	-69.386683	7.818967
33931	9.133074	-2.870765	1.829352	0.028872	0.023226	0.028447	-58.132998	-69.366291	7.811549
33932	9.132743	-2.940757	1.775567	0.021251	0.007231	0.025250	-58.134049	-69.351177	7.825687
33933	9.183286	-2.841347	1.740859	0.025769	0.033181	0.024266	-58.096024	-69.329805	7.800997
33934	9.104171	-2.973054	1.826493	0.014928	0.020456	0.020974	-58.080228	-69.312782	7.793255
33935	9.129448	-2.899373	1.812684	0.019389	0.020837	0.012693	-58.052552	-69.300770	7.775715
33936	9.128299	-2.924778	1.812676	0.017121	0.020542	0.018965	-58.033815	-69.284699	7.766171
33937	9.102258	-2.928126	1.838084	0.012782	0.012065	0.016252	-58.024095	-69.273615	7.763779
33938	9.179086	-2.918378	1.720022	0.020277	-0.001932	0.014142	-58.028557	-69.266711	7.780972
33939	9.151500	-2.926361	1.793658	0.020383	0.023744	0.019268	-58.001920	-69.250617	7.765146
33940	9.125199	-2.883864	1.847952	0.027615	-0.001567	0.027499	-58.012396	-69.237124	7.793267
33941	9.201120	-2.923679	1.725140	0.026627	0.006101	0.025529	-58.009826	-69.223342	7.807003
33942	9.171944	-2.958997	1.821402	0.026784	0.027675	0.026220	-57.982285	-69.201605	7.793953
33943	9.096420	-2.939769	1.872242	0.024577	0.006439	0.018963	-57.975204	-69.190912	7.801611
33944	9.171659	-2.935229	1.802289	0.020131	-0.010771	0.018126	-57.994158	-69.184788	7.834223
33945	9.195733	-2.983323	1.774056	0.016930	-0.001130	0.020359	-58.002229	-69.175715	7.853405
33946	9.195682	-2.960392	1.776281	0.015834	-0.012776	0.015633	-58.024189	-69.171414	7.886599
33947	9.171798	-2.958571	1.751287	0.016043	0.004690	0.011905	-58.018571	-69.164680	7.890591
33948	9.173774	-2.951416	1.681682	0.031840	0.050753	-0.004926	-57.933882	-69.151081	7.819481
33949	9.142732	-2.941641	1.860644	0.034489	0.090079	-0.014289	-57.788066	-69.131033	7.684754
33950	8.841387	-2.721550	2.172672	0.025792	0.050151	0.031053	-57.736714	-69.100098	7.645589
33951	9.221592	-2.992416	1.600950	0.024743	0.034393	0.021927	-57.696560	-69.079427	7.617949
33952	9.087673	-2.855141	1.958385	0.007468	0.072614	0.039041	-57.633902	-69.037725	7.555426
33953	9.114725	-2.939455	1.786520	0.036608	0.058554	0.034094	-57.566411	-69.003731	7.505776
33954	9.086231	-2.876393	1.872281	0.015910	0.074171	0.050276	-57.506412	-68.956077	7.451250
33955	9.080564	-2.887613	1.951957	0.024407	0.063179	0.052633	-57.455329	-68.911665	7.411664
33956	9.204209	-2.907825	1.838656	0.019722	0.049682	0.064758	-57.435751	-68.864545	7.402775
33957	9.199368	-3.011067	1.835452	0.015427	0.070915	0.073570	-57.397170	-68.807622	7.371051
33958	9.099236	-2.966441	1.843489	0.025298	0.074330	0.067850	-57.346430	-68.751404	7.332150
33959	9.141991	-2.955915	1.927905	0.023052	0.069946	0.069671	-57.301989	-68.696642	7.298802
33960	9.139663	-3.005982	1.882003	0.023048	0.074166	0.071866	-57.256359	-68.638524	7.263970
33961	9.210921	-2.987052	1.870489	0.031725	0.069931	0.068017	-57.206063	-68.584545	7.229645
33962	9.307078	-3.083908	1.776694	0.032737	0.089826	0.081336	-57.143640	-68.516991	7.182703
33963	9.130251	-3.066222	1.831904	0.057161	0.135199	0.075445	-57.005632	-68.439079	7.069726
33964	9.048961	-2.913763	2.004501	0.063478	0.139035	0.084367	-56.869395	-68.354628	6.962277
33965	8.993061	-2.946206	2.037986	0.043548	0.129934	0.099727	-56.766451	-68.266538	6.878511
33966	9.034064	-3.006273	2.072354	0.042374	0.113965	0.094911	-56.682284	-68.184778	6.813984
33967	9.060566	-2.909527	1.995975	0.026648	0.098341	0.110446	-56.636404	-68.101420	6.781171
33968	9.101430	-2.972013	2.027567	0.017574	0.093508	0.124524	-56.614738	-68.011906	6.768633
33969	9.123858	-2.838855	2.051152	0.010624	0.094929	0.143105	-56.607959	-67.913990	6.768057
33970	9.064804	-2.904974	2.100103	-0.032707	0.073581	0.175679	-56.678159	-67.806291	6.823580
33971	9.057810	-2.922826	2.105504	-0.059197	0.075201	0.197018	-56.775425	-67.688751	6.892197
33972	8.946579	-3.133476	2.086666	-0.070635	0.063876	0.212747	-56.905346	-67.566258	6.988899
33973	8.990195	-3.265913	1.959926	-0.037402	0.049247	0.212513	-57.029977	-67.449273	7.100767
33974	9.107979	-2.964467	2.147089	-0.023835	0.040913	0.223711	-57.165434	-67.328485	7.232679
33975	8.948158	-3.194663	2.072768	-0.050549	0.044412	0.253316	-57.330720	-67.193130	7.380661
33976	9.041790	-3.101435	2.091054	-0.046694	0.022743	0.252890	-57.518197	-67.063581	7.555073
33977	9.033571	-3.238614	1.982953	-0.059048	0.025443	0.270708	-57.718714	-66.925263	7.736331
33978	9.074662	-3.286278	1.935935	-0.051054	0.039490	0.266964	-57.895580	-66.783340	7.896840
33979	9.013487	-3.223412	2.066688	-0.048677	0.058494	0.275538	-58.051983	-66.632197	8.036928
33980	9.075267	-3.300197	2.045050	-0.053543	0.049532	0.285146	-58.227679	-66.478035	8.194964
33981	9.218151	-3.347215	1.908978	-0.049219	0.066011	0.300047	-58.388957	-66.312361	8.340365
33982	9.105016	-3.309224	2.039148	-0.044802	0.128636	0.321948	-58.492901	-66.116197	8.425865
33983	8.987730	-3.342934	2.140672	-0.048553	0.131151	0.339972	-58.605119	-65.911292	8.518414
33984	9.425209	-3.487320	2.245844	-0.045777	0.162913	0.352590	-58.689532	-65.689807	8.582162
33985	9.020818	-3.303736	2.035860	-0.080635	0.248618	0.417168	-58.741026	-65.412044	8.588150
33986	8.989268	-3.469851	2.091394	-0.057498	0.230138	0.446797	-58.818833	-65.124395	8.637498
33987	9.474344	-3.603997	2.138873	-0.069911	0.222452	0.481917	-58.930946	-64.822617	8.717195
33988	9.422424	-3.635184	2.232463	-0.091278	0.264395	0.549810	-59.053280	-64.474216	8.794638
33989	9.640633	-3.841758	2.062312	-0.071129	0.248962	0.626100	-59.221925	-64.093582	8.936763
33990	9.854448	-3.639624	2.132092	-0.080122	0.289747	0.708137	-59.400494	-63.659604	9.084445
33991	9.592291	-3.839479	2.374494	-0.098714	0.352641	0.813211	-59.581881	-63.156075	9.224215
33992	9.554465	-3.372953	2.555066	-0.116621	0.317771	0.904004	-59.853179	-62.616686	9.453851
33993	9.428046	-3.859688	2.411318	-0.183108	0.340307	1.010078	-60.187434	-62.018426	9.713011
33994	9.280175	-3.777712	2.443956	-0.201295	0.336691	1.086387	-60.564058	-61.381727	10.009681
33995	9.220103	-3.978541	2.408516	-0.209234	0.350351	1.172717	-60.960502	-60.697833	10.325941
33996	9.341255	-3.947564	2.639418	-0.225220	0.349260	1.242851	-61.385775	-59.977275	10.666749
33997	9.075713	-4.026439	2.545492	-0.272244	0.374253	1.340741	-61.842598	-59.199973	11.015754
33998	9.231833	-4.172754	2.568512	-0.270035	0.365081	1.413979	-62.319429	-58.386007	11.392267
33999	9.463201	-4.319898	2.555062	-0.295041	0.389274	1.538443	-62.820820	-57.501359	11.784573
34000	9.111393	-4.507221	2.466960	-0.292986	0.418136	1.669238	-63.327861	-56.540043	12.188794
34001	8.805204	-4.540305	2.451445	-0.277856	0.432163	1.787263	-63.834190	-55.513250	12.607543
34002	9.132777	-4.903655	2.764306	-0.279107	0.415921	1.878112	-64.359833	-54.441130	13.054019
34003	9.121239	-5.426788	2.668369	-0.308332	0.454105	1.979114	-64.880364	-53.305559	13.479916
34004	9.266691	-5.804071	2.765918	-0.234943	0.444757	1.987203	-65.341709	-52.165481	13.890337
34005	10.659149	-5.390865	3.559965	-0.183474	0.507837	1.948994	-65.696580	-51.029062	14.209211
34006	9.796209	-4.605946	3.715558	-0.309666	0.758660	2.025229	-65.969486	-49.792550	14.333013
34007	8.104588	-6.243492	2.528116	-0.665558	0.708919	2.178921	-66.502697	-48.486750	14.533997
34008	6.727620	-6.545408	1.889215	-0.470743	0.386695	2.211430	-67.099445	-47.235076	14.974940
34009	9.686747	-5.755905	3.325476	-0.373918	0.280036	2.110551	-67.649596	-46.057606	15.437090
34010	8.912307	-6.108121	3.022673	-0.537661	0.605872	2.251421	-68.124344	-44.732127	15.671117
34011	7.695281	-6.412704	2.879615	-0.541969	0.545267	2.276960	-68.619239	-43.404675	15.936389
34012	7.823872	-6.465023	2.888758	-0.532705	0.511176	2.249975	-69.102049	-42.097040	16.197928
34013	8.077621	-6.565089	3.048512	-0.567560	0.526056	2.231235	-69.576528	-40.794957	16.423675
34014	7.999361	-6.733688	2.973424	-0.639938	0.531934	2.239479	-70.075371	-39.485931	16.628668
34015	6.720262	-6.632917	2.426668	-0.688850	0.502116	2.327452	-70.612941	-38.133779	16.856861
34016	5.311638	-6.846146	1.811169	-0.731137	0.376886	2.444335	-71.226333	-36.740224	17.176727
34017	3.656839	-6.749215	1.267751	-0.712577	0.171274	2.589046	-71.907987	-35.302323	17.641778
34018	2.397543	-7.567798	0.953942	-0.746841	-0.225793	2.785800	-72.754855	-33.821244	18.380064
34019	3.717237	-8.768945	1.236539	-0.554783	-0.856666	2.777847	-73.679399	-32.439560	19.490225
34020	5.890724	-11.244563	3.694476	-0.458253	-0.788112	3.004650	-74.501523	-30.908005	20.555395
34021	9.485525	-16.596471	6.471985	-0.024699	-0.660054	2.493274	-74.948243	-29.629969	21.413808
34022	11.211111	-11.823288	7.199416	1.191612	-0.874575	1.100674	-74.631302	-29.153084	22.159059
34023	11.853221	-10.942218	6.461714	1.118653	-0.057263	0.161675	-74.021853	-29.073190	22.224109
34024	7.984585	-12.122954	6.363671	1.445538	0.671194	-0.644492	-72.928735	-29.318416	21.681633
34025	4.859329	-12.521401	5.587326	1.722810	0.793619	-1.029839	-71.594407	-29.742319	20.977508
34026	2.566859	-12.203636	3.937837	1.854976	0.890408	-0.892349	-70.157644	-30.058733	20.228354
34027	0.346050	-11.291791	2.435134	1.719428	0.955805	-0.306323	-68.840177	-30.031779	19.564984
34028	-1.407253	-10.414426	1.111493	1.484233	0.792078	0.416045	-67.798073	-29.642612	19.180522
34029	-1.564153	-9.729645	0.349762	1.081321	0.442688	1.111719	-67.183798	-28.957525	19.191640
34030	-0.282464	-9.721022	0.199201	0.635142	0.104939	1.670831	-66.992237	-28.051724	19.553114
34031	1.670131	-10.089740	0.882690	0.203832	-0.188633	1.994852	-67.159520	-27.041570	20.167680
34032	3.886103	-10.511510	1.879225	-0.121468	-0.390942	2.037634	-67.557307	-26.049294	20.901709
34033	5.987662	-10.874295	2.889322	-0.370128	-0.395558	1.869369	-68.063620	-25.143586	21.583109
34034	6.949675	-11.162073	3.620906	-0.544925	-0.195735	1.637560	-68.583980	-24.312073	22.079956
34035	6.711874	-11.220257	4.007236	-0.657780	0.036249	1.392488	-69.080079	-23.561020	22.374166
34036	6.030349	-11.248040	4.171103	-0.731268	0.222162	1.250851	-69.557085	-22.844677	22.520532
34037	4.931142	-11.162801	4.117412	-0.768983	0.369092	1.223401	-70.015706	-22.114271	22.568072
34038	3.969754	-10.974115	4.022835	-0.762135	0.407401	1.290009	-70.464967	-21.338914	22.601106
34039	3.396640	-10.892173	4.040237	-0.730095	0.377279	1.401853	-70.906778	-20.509866	22.667319
34040	3.214071	-10.881140	4.098542	-0.641931	0.270788	1.512313	-71.323944	-19.638878	22.810133
34041	3.529373	-10.723471	4.154360	-0.529034	0.154335	1.614841	-71.699889	-18.733794	23.032196
34042	4.228049	-10.620070	4.258208	-0.391974	0.073621	1.688814	-72.011155	-17.800160	23.307802
34043	4.990489	-10.335726	4.263492	-0.240183	0.019732	1.675221	-72.237322	-16.883633	23.605392
34044	5.441863	-9.761749	4.260492	-0.092367	0.026955	1.581790	-72.367574	-16.014632	23.877767
34045	5.688998	-9.151364	4.103342	0.038933	0.059409	1.427262	-72.405278	-15.225346	24.101228
34046	5.615592	-8.581055	3.883802	0.100139	0.145992	1.278797	-72.385744	-14.501029	24.248398
34047	5.307465	-8.341449	3.708974	0.105701	0.238579	1.160187	-72.343023	-13.826556	24.321956
34048	5.167027	-8.106506	3.683812	0.086726	0.303478	1.062891	-72.298032	-13.193194	24.342110
34049	5.273638	-8.034972	3.556747	0.049412	0.357652	0.938317	-72.262376	-12.619153	24.309931
34050	5.430237	-7.969844	3.543411	0.010572	0.391332	0.755753	-72.238382	-12.138387	24.226729
34051	5.552660	-7.867860	3.540096	-0.005537	0.437946	0.502115	-72.209421	-11.788264	24.072467
34052	5.556463	-7.650053	3.467230	-0.014550	0.509890	0.241716	-72.168882	-11.567403	23.831918
34053	5.076464	-7.623418	3.301787	-0.038532	0.622326	0.053468	-72.123712	-11.429363	23.495361
34054	4.686504	-7.467071	3.205582	-0.048015	0.703806	-0.060174	-72.071590	-11.338930	23.093284
34055	4.627229	-7.348928	3.218104	-0.053622	0.807550	-0.101154	-72.010712	-11.251838	22.626422
34056	4.561598	-7.334805	3.289161	-0.031970	0.891086	-0.154516	-71.927006	-11.179004	22.103665
34057	4.418979	-7.263400	3.413548	0.064103	0.932089	-0.271996	-71.780363	-11.161209	21.537108
34058	4.340233	-6.974385	3.321247	0.221622	0.893021	-0.450783	-71.540647	-11.246680	20.959213
34059	4.059951	-6.482524	3.120842	0.411372	0.821205	-0.632662	-71.192150	-11.440273	20.386549
34060	3.713559	-5.893295	2.781643	0.587090	0.721427	-0.790339	-70.744815	-11.735132	19.836939
34061	3.417281	-5.259960	2.397678	0.715480	0.599068	-0.873371	-70.231229	-12.092602	19.335665
34062	3.493993	-4.632476	2.018653	0.778650	0.497290	-0.920854	-69.686731	-12.492407	18.876615
34063	3.606869	-4.226752	1.712685	0.766330	0.485517	-0.936115	-69.146393	-12.897170	18.416561
34064	3.479298	-3.837654	1.463664	0.728537	0.517104	-0.940564	-68.618821	-13.295162	17.933352
34065	3.142277	-3.493709	1.229112	0.649131	0.499852	-0.936784	-68.135440	-13.689047	17.456334
34066	3.148190	-3.367619	1.036542	0.550974	0.414271	-0.975574	-67.712591	-14.120067	17.013152
34067	3.181363	-3.174608	0.974969	0.462925	0.298895	-1.073453	-67.346453	-14.623415	16.607291
34068	3.406279	-2.968247	0.906538	0.382072	0.162945	-1.194464	-67.033205	-15.220537	16.243431
34069	3.692576	-2.761503	0.777625	0.305057	0.052763	-1.342869	-66.766450	-15.916850	15.901366
34070	3.818904	-2.439032	0.725545	0.218421	-0.037434	-1.499663	-66.546713	-16.716976	15.566847
34071	3.883302	-2.416424	0.660667	0.109924	-0.099052	-1.620235	-66.385261	-17.591208	15.233537
34072	3.842820	-2.622902	0.636395	0.003679	-0.156942	-1.723648	-66.280043	-18.534823	14.902824
34073	3.729863	-2.978256	0.657571	-0.081428	-0.239598	-1.833317	-66.223950	-19.552038	14.588414
34074	3.609706	-3.296370	0.820841	-0.144575	-0.320678	-1.926932	-66.204737	-20.639677	14.292882
34075	3.555112	-3.669457	1.000615	-0.167962	-0.434801	-2.005913	-66.209370	-21.792265	14.040196
34076	3.699445	-3.972413	1.196116	-0.158743	-0.538879	-2.069240	-66.219082	-23.005133	13.828131
34077	4.220418	-4.205718	1.376193	-0.113324	-0.617314	-2.117456	-66.211447	-24.258409	13.647505
34078	4.880884	-4.237790	1.495198	-0.084116	-0.619552	-2.171856	-66.176662	-25.543843	13.451298
34079	5.641405	-4.529252	1.483420	-0.092598	-0.575640	-2.254086	-66.121086	-26.858870	13.205633
34080	5.811510	-4.687697	1.516189	-0.113741	-0.530931	-2.347019	-66.046436	-28.215385	12.903863
34081	5.702385	-4.992466	1.636246	-0.139138	-0.576552	-2.454558	-65.976905	-29.635035	12.595622
34082	5.299418	-5.418134	1.756202	-0.139713	-0.699319	-2.535139	-65.923880	-31.128925	12.332958
34083	5.303323	-5.832210	1.960957	-0.112324	-0.877213	-2.588557	-65.896934	-32.688497	12.160529
34084	5.478599	-6.079101	2.196664	-0.054310	-0.944305	-2.556162	-65.858291	-34.250588	12.034286
34085	5.938932	-6.101985	2.437411	0.026504	-0.935122	-2.485383	-65.776803	-35.769584	11.919007
34086	7.129649	-6.153366	2.631984	0.102124	-0.842092	-2.456729	-65.614435	-37.255398	11.744591
34087	8.127030	-6.007179	2.463067	0.150374	-0.636597	-2.491843	-65.324494	-38.706151	11.413741
34088	8.071291	-6.027543	2.105241	0.113619	-0.444886	-2.552540	-64.943382	-40.144835	10.916230
34089	7.188234	-6.405830	1.850402	0.062789	-0.399768	-2.606371	-64.535172	-41.593596	10.347647
34090	6.442650	-7.344223	1.935781	0.017665	-0.497671	-2.583018	-64.175285	-43.055912	9.828169
34091	6.286888	-8.431070	2.112305	0.037114	-0.660725	-2.525720	-63.872610	-44.523132	9.421777
34092	6.269652	-8.937625	2.587484	0.126314	-0.799999	-2.436646	-63.591162	-45.982533	9.127196
34093	6.694263	-8.923044	2.888928	0.248126	-0.876016	-2.328537	-63.292432	-47.400786	8.912280
34094	7.283444	-8.681852	3.035465	0.338093	-0.827416	-2.213007	-62.930773	-48.750440	8.686228
34095	7.451750	-8.434868	3.086951	0.430942	-0.723789	-2.120861	-62.463564	-50.020918	8.396261
34096	7.072712	-8.079106	2.839697	0.519008	-0.632358	-2.038972	-61.892156	-51.227374	8.041365
34097	6.553388	-7.418916	2.521784	0.605827	-0.625439	-1.962150	-61.265474	-52.387132	7.685884
34098	6.740815	-6.716964	2.073826	0.651490	-0.668847	-1.890197	-60.639430	-53.523907	7.368759
34099	7.249881	-6.066714	1.858058	0.600179	-0.657854	-1.836982	-60.028576	-54.625492	7.039294
34100	7.112710	-5.639256	1.502327	0.455845	-0.611562	-1.770631	-59.468279	-55.682168	6.674304
34101	6.590411	-5.283249	1.289156	0.310459	-0.629056	-1.716700	-59.001464	-56.712185	6.326801
34102	6.266193	-4.933648	1.185938	0.166189	-0.712899	-1.653999	-58.688150	-57.738218	6.066799
34103	6.464834	-4.794408	1.290122	0.049329	-0.828017	-1.600244	-58.542730	-58.768487	5.929222
34104	6.946629	-4.789445	1.507527	-0.060973	-0.901335	-1.557720	-58.535886	-59.802964	5.879928
34105	7.367119	-4.935699	1.851330	-0.127034	-0.968439	-1.554105	-58.625053	-60.852570	5.898960
34106	7.880721	-4.983650	2.030190	-0.157799	-0.985072	-1.566890	-58.745142	-61.916437	5.932020
34107	7.849834	-5.108132	2.169610	-0.201548	-0.936145	-1.533349	-58.867924	-62.946242	5.940434
34108	7.653037	-5.376252	2.171993	-0.231056	-0.942563	-1.516582	-59.030692	-63.972641	5.973642
34109	7.606625	-5.711904	2.477147	-0.275577	-0.974606	-1.456094	-59.297179	-64.975690	6.094146
34110	8.083680	-6.076674	2.867705	-0.284793	-1.022497	-1.410392	-59.668920	-65.972526	6.322646
34111	8.364182	-6.347456	3.220199	-0.278155	-0.974837	-1.348301	-60.046530	-66.921531	6.560877
34112	8.317604	-6.572776	3.509210	-0.256237	-0.901090	-1.266533	-60.406007	-67.810643	6.790588
34113	8.254319	-6.799593	3.757684	-0.202024	-0.834948	-1.179303	-60.733754	-68.634675	7.019038
34114	8.127289	-6.781289	3.980945	-0.118725	-0.769069	-1.078269	-61.023886	-69.391254	7.256320
34115	8.340995	-6.784070	4.128085	-0.025264	-0.717836	-0.994488	-61.269509	-70.089265	7.502875
34116	8.726156	-6.823966	4.061059	0.075092	-0.626620	-0.918903	-61.404577	-70.725389	7.691430
34117	8.957579	-6.728488	3.948961	0.147489	-0.515679	-0.868841	-61.381414	-71.304366	7.756467
34118	8.549586	-6.984488	3.809563	0.177273	-0.407702	-0.794608	-61.241533	-71.817348	7.715719
34119	8.162725	-7.362407	3.912704	0.247043	-0.423099	-0.713496	-61.147873	-72.292842	7.766219
34120	8.160513	-7.527085	3.939091	0.342496	-0.400708	-0.608545	-61.057487	-72.709959	7.876948
34121	7.972442	-7.480927	3.814429	0.463384	-0.333343	-0.485972	-60.895799	-73.046567	7.985739
34122	7.834296	-7.178287	3.595098	0.573505	-0.263790	-0.359024	-60.674312	-73.300190	8.097485
34123	7.550603	-6.698116	3.241580	0.675917	-0.184181	-0.231285	-60.376605	-73.467950	8.191117
34124	7.196707	-6.075500	2.816010	0.748971	-0.146022	-0.099961	-60.099903	-73.558967	8.350011
34125	7.222739	-5.410410	2.660207	0.794726	-0.145796	0.014281	-59.904066	-73.594118	8.620721
34126	27.275775	-16.289266	12.987528	0.958381	-0.126804	0.008678	-59.580058	-73.625773	8.855349
34127	4.669851	1.421029	-6.449644	1.103164	3.143496	0.822400	-54.844320	-72.253849	4.563494
34128	6.705092	-1.818585	9.131792	0.796280	1.750302	0.678145	-52.630974	-71.346382	2.713869
34129	9.284958	-1.638434	0.881683	0.240554	-1.858813	-0.215117	-54.871645	-72.076168	5.218984
34130	11.615982	-1.590733	0.696520	-0.202378	0.101222	-0.017525	-54.825593	-72.049910	5.048825
34131	6.694033	-1.672558	2.371053	-0.183072	-0.005643	0.399823	-55.341188	-71.864395	5.480934
34132	11.079125	-2.556561	0.183853	-0.102566	-0.498800	0.271325	-56.391572	-71.895079	6.524423
34133	10.803236	-3.013263	0.694996	-0.152129	0.388676	0.338452	-56.242936	-71.610687	6.276305
34134	8.933494	-3.222000	2.197241	-0.025674	0.286800	0.213747	-56.055986	-71.416550	6.063723
34135	9.088009	-2.729987	2.072184	-0.011688	0.171255	0.123661	-55.939046	-71.303418	5.933409
34136	8.558906	-2.585908	2.403260	-0.011650	0.042346	0.131329	-56.012982	-71.226530	6.004495
34137	9.328522	-2.545694	1.735617	-0.053574	-0.095990	0.124839	-56.295112	-71.198233	6.270246
34138	9.508102	-2.794772	1.417068	-0.044510	0.000783	0.113103	-56.427068	-71.143063	6.382802
34139	9.350721	-2.710962	1.692629	-0.022841	0.023540	0.092275	-56.492753	-71.092022	6.438557
34140	9.298802	-2.695107	1.696376	-0.018383	0.044188	0.067625	-56.506403	-71.044781	6.441923
34141	9.145595	-2.617871	1.827036	-0.008643	0.038781	0.069138	-56.521081	-70.999961	6.452374
34142	9.192373	-2.597454	1.807930	-0.024682	0.007206	0.072157	-56.593621	-70.962235	6.514213
34143	9.218271	-2.564114	1.641303	-0.019473	0.016429	0.083292	-56.658071	-70.917681	6.570764
34144	9.362123	-2.596099	1.644539	-0.024192	0.036912	0.106218	-56.719633	-70.854268	6.621317
34145	9.310539	-2.653358	1.619839	-0.002965	0.088451	0.115096	-56.703666	-70.771806	6.602778
34146	9.178236	-2.635633	1.824427	0.000059	0.101954	0.126679	-56.680258	-70.678153	6.578075
34147	9.050623	-2.725586	1.870511	-0.008450	0.071742	0.125243	-56.699544	-70.596088	6.593553
34148	9.118300	-2.741006	1.925250	-0.010329	0.024646	0.116033	-56.777530	-70.531838	6.670039
34149	9.092675	-2.744239	1.852542	-0.014391	0.001548	0.101877	-56.873972	-70.482972	6.763765
34150	9.089033	-2.608548	1.865636	-0.017772	-0.013090	0.114080	-57.004455	-70.431362	6.891488
34151	9.211289	-2.707885	1.759985	-0.033144	-0.027002	0.133237	-57.176497	-70.376156	7.054117
34152	9.235152	-2.759890	1.656608	-0.024548	-0.003286	0.134510	-57.313809	-70.311447	7.185064
34153	9.128899	-2.716397	1.830484	-0.020297	0.005141	0.139018	-57.438372	-70.243251	7.305203
34154	9.051837	-2.657005	1.834386	-0.018353	-0.019335	0.153640	-57.608255	-70.174031	7.474647
34155	9.197522	-2.540491	1.726852	-0.012477	-0.014974	0.197165	-57.802539	-70.083598	7.673797
34156	9.239067	-2.830936	1.725394	-0.032476	0.006776	0.239554	-58.014662	-69.964365	7.879778
34157	9.008989	-2.911215	1.835938	-0.003145	0.001949	0.225873	-58.200889	-69.854371	8.076319
34158	9.100562	-2.861608	1.867835	-0.001047	-0.049297	0.213226	-58.443222	-69.764344	8.333959
34159	9.199300	-2.906623	1.619107	-0.000787	-0.031400	0.200752	-58.647733	-69.676086	8.551671
34160	9.068881	-2.723874	1.830189	0.013293	-0.002819	0.210998	-58.814651	-69.572704	8.737935
34161	9.235974	-2.808658	1.705182	-0.005722	-0.020657	0.247539	-59.041105	-69.457807	8.976343
34162	9.201090	-3.025657	1.685490	-0.010774	0.025695	0.250671	-59.211460	-69.326106	9.151832
34163	9.041449	-3.154457	1.819242	-0.003706	0.010965	0.196867	-59.351701	-69.226401	9.299672
34164	9.137433	-3.047072	1.784650	0.012482	-0.025650	0.168661	-59.508912	-69.149790	9.475590
34165	9.284580	-3.024781	1.619946	0.009652	-0.002429	0.158474	-59.627142	-69.072678	9.608224
34166	9.129876	-3.090432	1.686451	0.013636	0.044518	0.147408	-59.674998	-68.986032	9.667919
34167	9.173419	-3.038624	1.771532	0.030780	0.023188	0.136977	-59.730534	-68.912039	9.746491
34168	9.291949	-3.272186	1.511959	0.019638	0.039156	0.100521	-59.746005	-68.850120	9.775212
34169	9.041464	-3.059204	1.851156	0.049952	0.080492	0.063246	-59.661890	-68.796038	9.715867
34170	9.037311	-3.090225	1.878943	0.022317	0.024324	0.049013	-59.656433	-68.763899	9.723795
34171	9.163768	-3.078839	1.690819	0.026774	0.018485	0.034186	-59.643143	-68.742118	9.726163
34172	9.109810	-3.113106	1.787345	0.015311	0.035384	0.023365	-59.608590	-68.719458	9.698562
34173	9.136149	-3.061964	1.747302	0.027112	0.019494	0.012944	-59.578067	-68.707882	9.682644
34174	9.136757	-3.036121	1.728742	0.024148	0.037888	0.013333	-59.527926	-68.689446	9.643737
34175	9.082650	-3.025109	1.879858	0.026298	0.044020	0.020029	-59.472201	-68.667230	9.600262
34176	9.034252	-3.020281	1.833637	0.018468	0.025825	0.018968	-59.444887	-68.649511	9.582357
34177	9.083683	-3.018751	1.789038	0.021522	0.015959	0.020977	-59.428146	-68.634986	9.577792
34178	9.055119	-3.072758	1.834818	0.016272	0.027825	0.023132	-59.402717	-68.614635	9.560557
34179	9.030525	-3.049106	1.838576	0.020398	0.008627	0.016421	-59.392491	-68.604494	9.562295
34180	9.079544	-3.071884	1.790237	0.019093	0.000801	0.022481	-59.398986	-68.592349	9.581084
34181	9.082519	-2.974230	1.776354	0.022478	0.012505	0.025164	-59.389194	-68.576765	9.584569
34182	9.076559	-3.034271	1.870547	0.015788	0.009979	0.035298	-59.395542	-68.555635	9.601168
34183	9.075730	-3.103088	1.791550	0.014560	-0.003825	0.030553	-59.414770	-68.542155	9.630959
34184	9.074121	-3.107483	1.816038	0.012583	-0.001233	0.022000	-59.427097	-68.530856	9.652014
34185	9.099733	-3.105162	1.768191	0.004064	-0.004889	0.010734	-59.438947	-68.527458	9.667419
34186	9.125576	-3.057862	1.773217	0.001027	-0.003257	-0.000033	-59.444099	-68.527623	9.673649
34187	9.124005	-3.084204	1.795375	0.001239	0.005568	-0.004009	-59.433531	-68.528452	9.663224
34188	9.074541	-3.084184	1.818373	-0.000950	-0.000666	-0.008580	-59.430232	-68.532090	9.659153
34189	9.152107	-3.052570	1.725806	-0.001941	0.002689	-0.010669	-59.420157	-68.537042	9.647302
34190	9.150569	-3.078296	1.748898	-0.001666	0.022006	-0.007956	-59.389289	-68.533771	9.613165
34191	9.047898	-3.109662	1.867103	0.003783	0.023078	-0.009715	-59.351069	-68.532297	9.574594
34192	9.103928	-3.002001	1.758028	0.008952	0.011011	-0.007624	-59.328155	-68.532068	9.555539
34193	9.074417	-3.057968	1.852141	0.002855	0.034866	-0.007309	-59.277502	-68.525944	9.503036
34194	9.051401	-3.029816	1.831825	0.007959	0.016426	-0.007531	-59.248445	-68.524086	9.476765
34195	9.050424	-3.031268	1.857982	0.003712	0.020823	-0.007671	-59.214638	-68.522233	9.442890
34196	9.074001	-3.055840	1.857679	-0.002014	0.004552	-0.004247	-59.208585	-68.522241	9.435202
34197	9.050515	-3.052283	1.833233	0.004565	0.008840	-0.005839	-59.190647	-68.522994	9.418906
34198	9.076658	-3.026063	1.812193	-0.000026	-0.006276	-0.004435	-59.196843	-68.526278	9.425606
34199	9.075063	-3.052472	1.834299	-0.008462	0.010951	-0.000214	-59.187923	-68.523643	9.410979
34200	9.024942	-3.098864	1.828318	0.004442	-0.005967	-0.012653	-59.185028	-68.530890	9.410661
34201	9.153580	-2.995955	1.744572	-0.004000	0.013320	-0.006247	-59.166083	-68.530527	9.388010
34202	9.024458	-3.121321	1.827875	-0.000455	0.021298	-0.016430	-59.129058	-68.531632	9.348000
34203	9.127367	-3.065223	1.739714	-0.000574	0.006491	-0.023246	-59.103970	-68.541627	9.320858
34204	9.076064	-3.024074	1.865716	-0.001266	0.029261	-0.024769	-59.051186	-68.544475	9.263417
34205	9.000008	-3.072625	1.909129	-0.004789	0.013044	-0.023331	-59.020203	-68.552566	9.227349
34206	9.053718	-3.016482	1.842349	-0.009309	-0.010215	-0.032794	-59.015301	-68.570982	9.216408
34207	9.104274	-2.991217	1.845182	-0.016858	-0.004878	-0.028867	-59.009448	-68.587074	9.199914
34208	9.054274	-3.038262	1.861638	-0.017121	-0.020078	-0.027198	-59.025555	-68.605661	9.206736
34209	9.107559	-3.028910	1.764250	-0.014919	-0.009625	-0.020377	-59.030924	-68.618983	9.203490
34210	9.032061	-3.055508	1.831088	-0.013627	-0.010131	-0.033087	-59.028119	-68.637540	9.192151
34211	9.082550	-3.008451	1.859403	-0.016225	-0.027845	-0.023131	-59.055060	-68.657585	9.211265
34212	9.084499	-3.004565	1.832409	-0.014050	-0.021609	-0.018558	-59.077892	-68.672391	9.227194
34213	9.085470	-3.003381	1.829531	-0.023944	-0.029186	-0.015153	-59.117041	-68.688902	9.254661
34214	9.159752	-3.026637	1.802274	-0.025942	-0.020419	-0.017154	-59.146293	-68.702672	9.270167
34215	9.112742	-3.021625	1.773775	-0.022684	-0.021454	-0.019116	-59.172057	-68.718851	9.284037
34216	9.113405	-2.998391	1.798201	-0.021505	-0.011865	-0.016627	-59.188404	-68.729857	9.288418
34217	9.037332	-3.072428	1.835677	-0.021499	-0.013922	-0.018824	-59.204228	-68.743679	9.292349
34218	9.090111	-3.019239	1.790715	-0.016292	-0.030093	-0.021128	-59.237288	-68.762250	9.317866
34219	9.091750	-2.971299	1.816625	-0.024799	-0.023371	-0.023595	-59.263424	-68.781189	9.330830
34220	9.118240	-2.989966	1.763689	-0.021548	-0.022348	-0.023366	-59.288055	-68.798597	9.344070
34221	9.018031	-3.040988	1.826098	-0.021613	-0.024606	-0.021317	-59.315718	-68.816770	9.360627
34222	9.096554	-2.939577	1.786185	-0.006557	-0.031231	-0.022717	-59.343609	-68.836459	9.386572
34223	9.095695	-2.921396	1.858307	-0.021957	-0.027678	-0.002266	-59.389833	-68.846129	9.422818
34224	9.195941	-3.097466	1.620619	-0.006837	-0.032043	-0.005723	-59.431801	-68.857674	9.463684
34225	9.097457	-2.918843	1.829575	0.004340	0.004140	0.002537	-59.426046	-68.855689	9.460348
34226	9.070692	-3.037629	1.792014	-0.005772	-0.020707	0.005363	-59.461323	-68.858466	9.494690
34227	9.097521	-3.009660	1.744824	-0.001266	-0.014002	-0.000533	-59.479621	-68.863277	9.513699
34228	9.095976	-2.992801	1.818576	0.002823	-0.018899	0.010219	-59.511330	-68.863129	9.549494
34229	9.121965	-2.989782	1.768892	0.008112	-0.024485	0.012497	-59.547451	-68.864544	9.593373
34230	9.120584	-3.017625	1.788603	0.002606	-0.027832	0.016302	-59.595249	-68.863976	9.646285
34231	9.173372	-3.030320	1.639787	0.005018	-0.020889	0.006021	-59.623699	-68.867527	9.680038
34232	9.145818	-3.017418	1.762210	-0.003230	0.005244	0.004233	-59.623509	-68.863336	9.677913
34233	9.093971	-3.047655	1.831362	0.002033	-0.004554	0.004239	-59.631447	-68.863033	9.687841
34234	9.121365	-3.017312	1.760772	-0.009845	-0.009540	-0.000924	-59.650074	-68.865680	9.701829
34235	9.097291	-3.016487	1.758602	-0.012026	-0.015770	-0.005527	-59.673108	-68.873449	9.719305
34236	9.220739	-3.061036	1.682723	-0.020470	-0.010901	-0.014416	-59.689470	-68.883169	9.724338
34237	9.124211	-2.988586	1.734913	-0.012566	0.005557	-0.021907	-59.673247	-68.892869	9.699398
34238	9.047294	-3.042893	1.825057	-0.023481	0.001221	-0.018471	-59.672771	-68.901101	9.684528
34239	9.073941	-3.015170	1.802489	-0.018167	-0.016690	-0.029399	-59.682638	-68.920941	9.684116
34240	9.051452	-3.009861	1.775423	-0.017135	-0.017889	-0.027250	-59.696435	-68.939046	9.688445
34241	9.150822	-2.986268	1.778064	-0.002232	-0.029130	-0.022443	-59.718412	-68.959041	9.710791
34242	9.127025	-3.029961	1.745706	0.000956	-0.028311	-0.017959	-59.742260	-68.975565	9.736995
34243	9.104844	-2.956958	1.773948	0.009594	-0.030506	-0.019636	-59.761422	-68.994561	9.763579
34244	9.130349	-2.978218	1.744984	0.003913	-0.038584	-0.007475	-59.804774	-69.008859	9.812484
34245	9.207861	-2.989608	1.596426	0.018178	-0.020479	-0.005981	-59.816416	-69.018193	9.836277
34246	9.106149	-2.978727	1.765922	0.005435	0.005202	0.002645	-59.810020	-69.014871	9.832825
34247	9.131833	-2.974789	1.718443	0.013986	-0.001409	0.002943	-59.806146	-69.014291	9.837427
34248	9.079482	-3.007229	1.812459	0.001145	0.007429	0.002457	-59.799182	-69.010431	9.830735
34249	9.055958	-3.004141	1.786771	0.004016	-0.025849	-0.002770	-59.828287	-69.019722	9.864541
34250	9.131108	-3.001112	1.737811	-0.003495	-0.024546	-0.005321	-59.859428	-69.028924	9.895814
34251	9.082340	-3.001541	1.758079	0.000715	-0.035297	-0.007570	-59.899105	-69.043296	9.938911
34252	9.107049	-3.025545	1.753198	-0.003486	-0.032762	-0.014143	-59.934325	-69.059226	9.974553
34253	9.134456	-2.995878	1.704402	-0.000260	-0.035946	-0.016197	-59.969048	-69.078043	10.011739
34254	9.134249	-3.021062	1.723204	-0.002364	-0.031598	-0.016180	-60.000691	-69.094642	10.044232
34255	9.137007	-2.946935	1.727463	-0.000236	-0.029681	-0.011723	-60.030728	-69.109431	10.076407
34256	9.162746	-2.966323	1.675159	0.003148	-0.013762	-0.006695	-60.043197	-69.116217	10.091752
34257	9.114185	-2.942598	1.699930	0.004292	-0.004279	-0.002026	-60.044903	-69.118919	10.096379
34258	9.113499	-2.945065	1.724230	0.007484	0.000651	0.006873	-60.046309	-69.114860	10.102541
34259	9.088202	-2.991306	1.695288	0.013985	0.006814	0.011747	-60.038356	-69.107551	10.102774
34260	9.135821	-2.996003	1.721782	0.013928	0.006609	0.016000	-60.035153	-69.097269	10.107954
34261	9.109610	-3.022981	1.744294	0.016171	0.008936	0.011948	-60.023346	-69.089252	10.105401
34262	9.135591	-2.995199	1.699506	0.015054	-0.000446	0.005154	-60.020530	-69.086380	10.111687
34263	9.134210	-2.999844	1.748529	0.005466	0.003250	-0.001692	-60.012025	-69.086760	10.106104
34264	9.160700	-2.993069	1.676313	0.005414	-0.005173	-0.006253	-60.012317	-69.090912	10.109803
34265	9.188136	-2.893957	1.662801	0.013143	0.016945	0.003509	-59.985528	-69.084788	10.089356
34266	9.109116	-2.977279	1.777831	0.007696	0.028183	0.018496	-59.959785	-69.067118	10.066579
34267	9.084043	-3.043725	1.699511	0.011907	0.013321	0.011836	-59.944685	-69.057898	10.057884
34268	9.184688	-2.945808	1.664645	0.011930	0.021644	0.018516	-59.925051	-69.042095	10.044244
34269	9.105986	-3.049302	1.729295	0.012127	0.034686	0.016835	-59.885966	-69.024256	10.009996
34270	9.131421	-3.000055	1.713292	0.019588	0.020847	0.010413	-59.856965	-69.012705	9.991016
34271	9.154912	-3.001497	1.717430	0.018774	0.043411	0.013248	-59.800231	-68.994114	9.941938
34272	9.103582	-2.983612	1.795470	0.016503	0.034820	0.012814	-59.756871	-68.977343	9.905676
34273	9.104585	-2.933645	1.779197	0.021768	0.027082	0.015000	-59.720912	-68.962573	9.880682
34274	9.178745	-2.952597	1.685271	0.014181	0.040526	0.029894	-59.684473	-68.935696	9.850403
34275	9.174807	-3.006464	1.710147	0.020786	0.061489	0.041614	-59.625052	-68.897793	9.799652
34276	9.146647	-3.013786	1.764127	0.017503	0.058309	0.041284	-59.572740	-68.860128	9.754380
34277	9.197489	-2.983092	1.652853	0.025186	0.069947	0.044222	-59.502354	-68.818443	9.694547
34278	9.117060	-3.042472	1.751603	0.017939	0.096845	0.048833	-59.406893	-68.765806	9.603228
34279	8.965009	-3.004501	1.882319	0.036183	0.084861	0.045275	-59.312709	-68.719179	9.524581
34280	9.162058	-3.000919	1.750976	0.036974	0.076802	0.055677	-59.237627	-68.668939	9.466782
34281	9.083432	-3.053872	1.777483	0.041572	0.096144	0.056474	-59.135306	-68.613405	9.382660
34282	9.078936	-3.016194	1.864499	0.051142	0.084204	0.054533	-59.042682	-68.561492	9.314692
34283	9.125340	-3.041971	1.825042	0.049062	0.096901	0.061075	-58.939496	-68.503370	9.234188
34284	9.070553	-3.073491	1.879447	0.052160	0.083014	0.056566	-58.850082	-68.450736	9.170246
34285	9.145047	-3.046974	1.795709	0.046653	0.073507	0.053783	-58.772669	-68.403038	9.115914
34286	9.091681	-3.007708	1.880137	0.047822	0.089291	0.062712	-58.683290	-68.345466	9.049289
34287	9.039644	-3.033030	1.860748	0.042192	0.077438	0.064118	-58.611966	-68.291482	8.998719
34288	9.137080	-2.989145	1.829092	0.051799	0.086394	0.077630	-58.535767	-68.227426	8.948683
34289	9.156225	-3.021464	1.838278	0.053876	0.106997	0.099400	-58.448746	-68.147306	8.888369
34290	9.024325	-3.080215	1.913856	0.059297	0.116326	0.106206	-58.354089	-68.060281	8.823012
34291	9.120513	-3.061854	1.859047	0.063370	0.105362	0.108211	-58.271271	-67.976287	8.773025
34292	9.183823	-3.217634	1.837539	0.057139	0.128883	0.116654	-58.171742	-67.880318	8.700993
34293	9.151431	-3.388095	1.738750	0.086256	0.133463	0.122693	-58.054170	-67.780709	8.627572
34294	9.742211	-2.790033	1.564690	0.217443	0.096502	0.117511	-57.903534	-67.694049	8.599449
34295	9.985651	-2.172337	2.018264	0.085300	0.229690	0.381764	-57.866386	-67.439297	8.612305
34296	8.839106	-3.183720	2.196702	0.049689	0.203933	0.527851	-57.986162	-67.120822	8.773043
34297	9.157851	-3.122048	1.921757	0.063927	0.133749	0.492619	-58.147893	-66.841227	8.988733
34298	9.371247	-2.648713	2.286230	0.021931	0.164222	0.596025	-58.367475	-66.501156	9.241571
34299	9.215678	-3.054078	2.093248	-0.079543	0.153204	0.731675	-58.740722	-66.098185	9.599594
34300	9.127294	-3.271065	2.139079	-0.065638	0.161645	0.780081	-59.117344	-65.667449	9.971065
34301	9.133164	-3.497817	2.164598	-0.114437	0.143171	0.829641	-59.559063	-65.217194	10.384796
34302	8.791451	-3.722832	2.191857	-0.088829	0.164883	0.830399	-59.949576	-64.758491	10.759599
34303	8.903507	-3.223134	2.769543	-0.154951	0.057149	0.844073	-60.483301	-64.322958	11.252568
34304	9.690284	-3.412658	2.862635	-0.306081	0.008355	1.155466	-61.311960	-63.742058	11.979275
34305	10.587950	-3.591845	2.704178	-0.377256	-0.227051	1.363286	-62.493224	-63.114718	13.058514
34306	12.025891	-3.285231	2.397229	-0.376148	-0.134731	1.600571	-63.648238	-62.331970	14.115636
34307	10.044894	-3.498759	2.690017	-0.585840	0.141064	1.914686	-64.739653	-61.309592	14.973139
34308	9.302417	-4.104146	2.318221	-0.545219	-0.024725	1.989655	-65.926497	-60.279593	15.975056
34309	9.173838	-4.915608	1.784470	-0.626432	-0.007099	2.098157	-67.112613	-59.179025	16.932960
34310	9.662148	-5.144125	1.799087	-0.358743	-0.050333	2.046707	-68.095396	-58.105869	17.843260
34311	10.739410	-3.346185	3.287475	-0.426691	-0.048509	2.161890	-69.091297	-56.963213	18.734001
34312	9.364212	-5.178657	2.126989	-0.729180	0.068460	2.341882	-70.155299	-55.691937	19.510646
34313	7.465279	-5.653082	1.534532	-0.738690	-0.286563	2.436935	-71.457696	-54.427664	20.583208
34314	7.478027	-5.982573	1.231918	-0.655391	-0.660366	2.378448	-72.896880	-53.246288	21.900824
34315	10.455388	-9.208797	1.769175	-0.734893	-0.971428	2.483113	-74.540507	-52.037007	23.438967
34316	10.364247	-4.755817	1.561861	-0.185248	-0.771554	2.214762	-75.594339	-50.924894	24.650325
34317	9.560171	-5.605011	2.314373	-0.660773	-0.464385	2.519876	-76.699533	-49.587201	25.595403
34318	7.145502	-6.972143	1.361879	-0.583828	-0.581869	2.614090	-77.785910	-48.200333	26.593367
34319	5.850176	-7.141753	1.275132	-0.594150	-0.978325	2.701138	-79.064660	-46.796981	27.866149
34320	4.715376	-10.373837	0.450121	-0.731111	-1.024626	3.177557	-80.416279	-45.110187	29.163813
34321	3.942986	-13.459158	1.445307	-0.278245	-1.140632	3.290166	-81.492753	-43.351559	30.478504
34322	6.500328	-13.596486	2.845011	0.287477	-1.574430	3.040869	-82.372726	-41.752638	32.023308
34323	10.272932	-12.442350	2.187664	0.626823	-1.330041	2.631970	-82.840905	-40.355556	33.283144
34324	11.049605	-11.813332	3.103971	0.713636	-0.595357	2.312615	-82.850334	-39.082691	33.938106
34325	10.667233	-12.235510	3.171090	0.898984	-0.256789	1.752944	-82.553614	-38.105549	34.288415
34326	10.591623	-11.682597	3.019820	0.999992	0.153574	1.268177	-81.988585	-37.373166	34.302012
34327	9.140308	-11.631525	2.734346	1.049984	0.484841	0.923233	-81.237581	-36.809733	34.054548
34328	7.791044	-11.388391	2.308487	1.065700	0.722244	0.729730	-80.373111	-36.330407	33.629307
34329	6.169441	-11.599578	1.993537	1.041019	0.875916	0.735150	-79.470338	-35.828279	33.109451
34330	5.008041	-11.833547	1.802964	1.026803	0.863702	0.881553	-78.603259	-35.237691	32.630691
34331	4.454762	-11.848957	1.669816	1.006606	0.772517	1.149537	-77.818362	-34.502931	32.266907
34332	4.028817	-11.787742	1.609160	0.955642	0.662833	1.489333	-77.144980	-33.586670	32.042956
34333	4.215892	-11.674642	1.656987	0.920636	0.523488	1.807302	-76.580563	-32.510516	31.975557
34334	5.119373	-11.391002	1.762265	0.884014	0.421832	2.085802	-76.103327	-31.290948	32.031642
34335	5.957934	-11.391021	2.000828	0.831143	0.393703	2.271894	-75.685384	-29.973951	32.146339
34336	6.777217	-11.058242	2.193254	0.799996	0.348401	2.301093	-75.303811	-28.646217	32.303784
34337	7.377310	-10.457770	2.308008	0.741629	0.331779	2.219820	-74.954724	-27.368596	32.465641
34338	7.759022	-9.861036	2.410782	0.674095	0.351019	2.055093	-74.626378	-26.178375	32.594628
34339	7.930636	-9.386401	2.406876	0.582297	0.420055	1.850893	-74.317644	-25.092600	32.652561
34340	7.818049	-8.891618	2.486507	0.494343	0.531425	1.654209	-74.018633	-24.096767	32.615109
34341	7.410273	-8.452150	2.479265	0.386475	0.688649	1.503617	-73.735965	-23.160005	32.462741
34342	7.096179	-8.038274	2.426671	0.278793	0.838170	1.410570	-73.478851	-22.248554	32.210883
34343	6.792149	-7.924050	2.478896	0.164700	0.982135	1.354358	-73.257608	-21.344398	31.869623
34344	6.603669	-7.708617	2.561893	0.065560	1.094185	1.291501	-73.072691	-20.454343	31.456991
34345	6.347110	-7.548985	2.632621	-0.035079	1.191408	1.226949	-72.929742	-19.582930	30.981171
34346	6.219203	-7.243234	2.610912	-0.103000	1.235697	1.132680	-72.819897	-18.754365	30.467406
34347	5.991990	-6.949554	2.617114	-0.164008	1.276168	1.040622	-72.740548	-17.968829	29.917722
34348	5.722660	-6.952468	2.670764	-0.202809	1.255601	0.934192	-72.689097	-17.244467	29.364112
34349	5.453576	-6.977498	2.739287	-0.201724	1.171295	0.780385	-72.650104	-16.618161	28.833892
34350	5.357718	-6.947391	2.754964	-0.150491	1.037385	0.609282	-72.600183	-16.108304	28.351510
34351	5.302978	-6.996852	2.826890	-0.064940	0.905330	0.429912	-72.517250	-15.718268	27.913907
34352	5.268574	-6.807786	2.815142	0.065333	0.794382	0.271230	-72.371645	-15.433936	27.512212
34353	5.143689	-6.553802	2.829825	0.184903	0.719159	0.157006	-72.165531	-15.223197	27.133880
34354	5.175807	-6.335207	2.734042	0.307489	0.685651	0.031542	-71.889295	-15.086227	26.752613
34355	5.087370	-6.101728	2.661860	0.413360	0.695969	-0.077336	-71.546842	-15.003652	26.346353
34356	4.982643	-5.770695	2.405081	0.502065	0.715142	-0.211345	-71.144361	-14.989086	25.904402
34357	4.802392	-5.366402	2.172300	0.554331	0.731178	-0.338331	-70.703473	-15.035816	25.429088
34358	4.357065	-5.033061	2.017999	0.573988	0.736568	-0.444535	-70.243919	-15.136899	24.928979
34359	4.116766	-4.872805	1.947135	0.573579	0.682305	-0.545566	-69.786176	-15.297499	24.437715
34360	4.007088	-4.687108	1.648265	0.566680	0.632446	-0.641333	-69.331984	-15.517621	23.952358
34361	3.722948	-4.225540	1.472293	0.552502	0.617396	-0.715180	-68.881825	-15.774743	23.457587
34362	3.769888	-3.764301	1.334612	0.489457	0.586849	-0.760179	-68.466295	-16.060787	22.967091
34363	3.951909	-3.413757	1.113651	0.393964	0.583013	-0.799136	-68.100971	-16.363015	22.467651
34364	4.110929	-3.313368	1.031670	0.270211	0.575600	-0.873017	-67.799049	-16.705680	21.952787
34365	4.236354	-3.581864	1.043023	0.153067	0.502060	-1.005613	-67.563746	-17.129906	21.446112
34366	4.172874	-3.760700	1.181220	0.074923	0.361957	-1.197436	-67.377713	-17.687316	20.969691
34367	4.095880	-4.022946	1.205130	0.019322	0.187683	-1.395366	-67.233798	-18.383873	20.541138
34368	4.037885	-3.996174	1.380079	-0.015251	0.034377	-1.554237	-67.118199	-19.200429	20.156861
34369	4.040993	-4.113168	1.473521	-0.053476	-0.070493	-1.657068	-67.029989	-20.091054	19.803834
34370	4.229194	-4.181285	1.643349	-0.078695	-0.164385	-1.746976	-66.960172	-21.052842	19.478344
34371	4.559363	-4.367985	1.784073	-0.083532	-0.197036	-1.817453	-66.887741	-22.055552	19.151353
34372	4.689189	-4.489146	1.849259	-0.081924	-0.177748	-1.879326	-66.796918	-23.089489	18.793850
34373	4.581686	-4.487858	1.827299	-0.080624	-0.170518	-1.929214	-66.691441	-24.144074	18.415664
34374	4.608657	-4.504812	1.797786	-0.080155	-0.201764	-1.976602	-66.578978	-25.233655	18.037756
34375	5.010175	-4.554001	1.812852	-0.075143	-0.239317	-2.043977	-66.457172	-26.362881	17.659323
34376	5.341888	-4.661389	1.748105	-0.084839	-0.287063	-2.158333	-66.329774	-27.566198	17.272348
34377	5.345088	-4.694600	1.644390	-0.087653	-0.318559	-2.263077	-66.189623	-28.827067	16.869796
34378	5.054510	-4.810201	1.544498	-0.103254	-0.340989	-2.333064	-66.043038	-30.132982	16.452765
34379	4.855450	-4.877031	1.445692	-0.131906	-0.343336	-2.326921	-65.902195	-31.431250	16.030213
34380	4.655435	-4.870006	1.372747	-0.148348	-0.335370	-2.257205	-65.764578	-32.694538	15.611741
34381	4.852732	-4.680633	1.376856	-0.153083	-0.383683	-2.200005	-65.643040	-33.934321	15.231062
34382	5.498983	-4.462442	1.440075	-0.147375	-0.468622	-2.215667	-65.533656	-35.206072	14.890187
34383	6.609560	-4.516761	1.469592	-0.128724	-0.541472	-2.316074	-65.413091	-36.542596	14.558876
34384	7.299779	-4.626034	1.405785	-0.138442	-0.535642	-2.410568	-65.265624	-37.930829	14.184672
34385	6.944842	-5.007286	1.474056	-0.177749	-0.505521	-2.475658	-65.101694	-39.340328	13.759280
34386	6.345886	-5.507460	1.487567	-0.145612	-0.560173	-2.508660	-64.918334	-40.783945	13.345214
34387	6.098705	-5.822227	1.581899	-0.096279	-0.627113	-2.494531	-64.723091	-42.230735	12.967628
34388	6.222815	-5.990036	1.708688	0.011799	-0.691774	-2.439148	-64.491033	-43.668508	12.637263
34389	6.688624	-5.825757	1.772972	0.127934	-0.714383	-2.387874	-64.199145	-45.079462	12.324955
34390	7.351256	-5.504535	1.671097	0.241344	-0.721501	-2.391376	-63.824989	-46.497529	11.996046
34391	7.881816	-5.190704	1.281089	0.274136	-0.707160	-2.432950	-63.390555	-47.926790	11.618355
34392	7.866686	-4.951750	0.984486	0.249926	-0.671406	-2.456566	-62.914472	-49.361735	11.174935
34393	7.660305	-4.904945	0.756017	0.191097	-0.678846	-2.463531	-62.443706	-50.794777	10.704114
34394	7.494984	-5.181562	0.778385	0.100751	-0.727094	-2.456943	-62.024142	-52.240024	10.241791
34395	7.218939	-5.743419	0.790996	0.013427	-0.837342	-2.414051	-61.712860	-53.686461	9.861700
34396	6.987469	-6.095978	1.097489	-0.062340	-0.985269	-2.351542	-61.547688	-55.145755	9.614413
34397	7.398514	-6.322985	1.390730	-0.116146	-1.118451	-2.282717	-61.525753	-56.601445	9.507719
34398	7.870982	-6.410233	1.737844	-0.189600	-1.147642	-2.199067	-61.600414	-58.027926	9.466918
34399	8.162101	-6.494479	1.994064	-0.246755	-1.119657	-2.115466	-61.724244	-59.399726	9.446560
34400	8.091175	-6.569312	2.224140	-0.302680	-1.065983	-2.026887	-61.879772	-60.717065	9.425377
34401	7.866785	-6.716644	2.480914	-0.317200	-1.052656	-1.933293	-62.083724	-61.978724	9.450855
34402	8.203219	-6.687289	2.651780	-0.298374	-1.053846	-1.842161	-62.336385	-63.198971	9.542317
34403	8.724823	-6.811915	2.738110	-0.321909	-1.002873	-1.766450	-62.605716	-64.362527	9.637108
34404	8.633244	-7.119919	2.942415	-0.378220	-0.904310	-1.675268	-62.867890	-65.457780	9.686738
34405	8.252660	-7.555433	3.039988	-0.407266	-0.863273	-1.565880	-63.177182	-66.482181	9.770052
34406	8.180684	-7.853284	3.258041	-0.401373	-0.853618	-1.451784	-63.559655	-67.449242	9.935208
34407	8.274120	-7.882958	3.532314	-0.338687	-0.827535	-1.362515	-63.951080	-68.359564	10.148383
34408	8.309069	-7.691261	3.505524	-0.250555	-0.744964	-1.279751	-64.260399	-69.209330	10.325686
34409	8.044399	-7.344831	3.317593	-0.166344	-0.625931	-1.187886	-64.432883	-69.978575	10.408194
34410	7.787642	-6.950190	2.937754	-0.090061	-0.515096	-1.083893	-64.482028	-70.669364	10.405152
34411	7.191548	-6.547869	2.599489	-0.054088	-0.423359	-0.966588	-64.455816	-71.274108	10.344811
34412	6.894640	-6.284144	2.401641	-0.037495	-0.411205	-0.854709	-64.483866	-71.820272	10.351355
34413	7.077121	-6.268584	2.462906	-0.054197	-0.393288	-0.748680	-64.573758	-72.304911	10.413364
34414	6.935697	-6.294363	2.545986	-0.070988	-0.333436	-0.627628	-64.675406	-72.713960	10.476958
34415	6.834245	-6.301355	2.613997	-0.072684	-0.258024	-0.510156	-64.745927	-73.041861	10.507338
34416	6.599873	-6.249365	2.702122	-0.054847	-0.180335	-0.391149	-64.772861	-73.290422	10.502361
34417	6.428389	-6.166502	2.728487	0.001536	-0.146973	-0.290683	-64.789798	-73.477439	10.521118
34418	9.340378	-8.238239	5.025957	0.034249	-0.174555	-0.178384	-64.932315	-73.613742	10.689956
34419	31.009927	-26.968692	14.356797	0.909022	2.450988	1.411229	-61.513481	-72.259212	7.658983
34420	-1.046453	-13.010957	0.912340	0.306373	4.697629	1.697013	-56.071131	-70.030402	2.095029
34421	5.673769	-5.055641	6.717508	1.533183	-0.777323	-0.154966	-56.081183	-70.353122	3.039573
34422	9.462358	-3.736708	1.808699	0.444705	-0.557012	-1.367344	-55.319080	-71.179260	2.502283
34423	7.540400	0.517800	3.702203	0.616156	0.516322	-0.254871	-54.011584	-71.127774	1.493919
34424	6.279990	-2.057148	4.963347	-0.220684	-0.769274	0.388145	-55.571632	-71.199308	3.008694
34425	10.902576	-0.275026	-1.375268	0.315280	-1.425892	-0.112637	-57.313972	-71.705242	5.037157
34426	13.532795	-1.776506	-0.306165	-0.376937	0.076525	0.304371	-57.702226	-71.533778	5.218815
34427	8.367074	-4.008041	1.322394	-0.199214	0.411002	0.314494	-57.512533	-71.255945	4.898395
34428	9.144675	-2.526611	1.868308	0.141675	0.039215	0.047172	-57.420374	-71.220364	4.886831
34429	9.030815	-2.246935	2.087095	-0.067968	0.144035	0.176493	-57.415208	-71.091191	4.840390
34430	9.044471	-2.782460	1.749522	-0.030897	0.003307	0.167107	-57.579927	-71.008721	4.995886
34431	9.386729	-2.821492	1.609997	-0.041792	0.032023	0.157385	-57.698940	-70.923207	5.096619
34432	9.287199	-3.005606	1.585992	-0.011116	0.047330	0.127125	-57.753197	-70.846435	5.147353
34433	9.303558	-2.852084	1.663846	0.012453	0.061109	0.071259	-57.723686	-70.793696	5.123829
34434	9.149642	-2.724368	1.757743	0.009396	0.069644	0.057146	-57.673637	-70.743986	5.076567
34435	9.018689	-2.526543	1.885419	0.007395	0.037068	0.058761	-57.669650	-70.704656	5.076999
34436	9.242131	-2.532608	1.722536	-0.018070	0.002532	0.102285	-57.767578	-70.653627	5.169851
34437	9.343012	-2.643686	1.565712	-0.015570	0.038250	0.133320	-57.839553	-70.577785	5.236860
34438	9.490133	-2.660276	1.428522	0.010849	0.085500	0.155605	-57.852000	-70.475552	5.256704
34439	9.457775	-2.807160	1.495854	0.015446	0.173571	0.180584	-57.761671	-70.335484	5.170383
34440	9.171803	-2.858078	1.745429	0.048836	0.204944	0.182057	-57.614317	-70.183913	5.043587
34441	9.212600	-2.822262	1.749517	0.070367	0.182946	0.188057	-57.489371	-70.037223	4.953757
34442	9.156145	-2.638479	1.746037	0.086296	0.211433	0.198936	-57.330225	-69.875299	4.837006
34443	8.938038	-2.768969	2.038396	0.057151	0.214975	0.242151	-57.219835	-69.692468	4.754431
34444	8.531313	-2.901419	2.168251	0.072221	0.121861	0.195600	-57.185584	-69.559814	4.762063
34445	8.921940	-2.393195	2.118372	0.042244	0.006831	0.217867	-57.333264	-69.453177	4.945726
34446	9.196996	-2.813618	1.784042	-0.014172	0.019779	0.269025	-57.538096	-69.316532	5.155945
34447	8.988504	-2.897662	1.866951	0.015910	0.032011	0.278395	-57.713538	-69.172472	5.353479
34448	9.194032	-3.035438	1.961889	-0.001517	-0.023554	0.269784	-57.961442	-69.048170	5.617944
34449	9.299672	-3.160183	1.608213	0.015593	0.007396	0.242243	-58.134450	-68.928636	5.813014
34450	9.039006	-3.059488	1.836883	0.039643	0.052024	0.203125	-58.206535	-68.813404	5.914689
34451	9.075846	-3.114186	1.936833	0.024902	0.017304	0.174433	-58.305983	-68.723670	6.036854
34452	9.251994	-3.151471	1.723455	0.027821	0.010779	0.142174	-58.387618	-68.650449	6.141636
34453	9.250962	-3.176965	1.651639	0.050690	0.047347	0.109260	-58.383457	-68.583393	6.168526
34454	9.144164	-2.987478	1.852958	0.077390	0.082554	0.095894	-58.311545	-68.511173	6.138935
34455	9.087885	-3.093240	1.871128	0.059162	0.077912	0.087534	-58.248295	-68.445515	6.107551
34456	8.980741	-3.064022	2.002059	0.058516	0.075814	0.070217	-58.176511	-68.387818	6.066438
34457	9.030052	-3.084822	1.935357	0.042130	0.032573	0.056357	-58.155405	-68.351016	6.069870
34458	9.055050	-3.082809	1.892590	0.030783	0.037135	0.038372	-58.122967	-68.320493	6.053977
34459	9.029324	-3.015128	1.928461	0.026507	0.020504	0.028810	-58.104689	-68.300747	6.050820
34460	9.104799	-3.034410	1.859071	0.019861	0.016037	0.032301	-58.099739	-68.279566	6.057774
34461	9.025209	-3.023206	1.957576	0.021021	0.027749	0.034959	-58.080462	-68.254635	6.050157
34462	9.047641	-3.051298	1.957201	0.007434	-0.004918	0.041066	-58.114799	-68.235545	6.091747
34463	9.072056	-3.121427	1.900893	0.005753	0.004575	0.028440	-58.127541	-68.220799	6.109186
34464	8.998514	-3.051665	1.930931	0.004914	-0.000117	0.017520	-58.139556	-68.211710	6.125193
34465	9.125447	-3.044663	1.840688	0.001487	-0.005721	0.021271	-58.161818	-68.203563	6.150255
34466	9.047344	-3.053947	1.909398	0.002560	0.007876	0.028257	-58.173531	-68.186839	6.164486
34467	9.018879	-3.085739	1.953111	-0.003917	-0.010872	0.018454	-58.202988	-68.181612	6.193967
34468	9.096792	-3.101224	1.855977	-0.001631	-0.014822	0.012118	-58.232489	-68.179599	6.224776
34469	9.122226	-3.054738	1.862338	-0.002667	-0.011563	0.012139	-58.257296	-68.177647	6.250021
34470	9.045783	-3.128742	1.872761	-0.004230	0.006560	-0.000150	-58.253028	-68.175169	6.242848
34471	8.992569	-3.045808	2.003251	-0.002205	-0.012632	-0.004924	-58.266023	-68.181851	6.255655
34472	9.072051	-3.080578	1.877892	-0.014283	-0.028578	-0.006605	-58.305426	-68.193108	6.289321
34473	9.099292	-3.098802	1.825194	-0.015084	-0.016415	-0.010507	-58.326241	-68.203646	6.302599
34474	9.046907	-3.060452	1.923632	-0.007454	-0.019529	-0.014195	-58.345049	-68.215881	6.318292
34475	9.126860	-3.025218	1.831883	-0.014108	-0.019810	-0.008414	-58.371057	-68.226415	6.337763
34476	9.072952	-3.150290	1.860165	-0.017042	-0.005446	-0.012422	-58.379516	-68.233563	6.336394
34477	9.050231	-3.054602	1.894607	-0.006097	-0.011585	-0.020189	-58.382047	-68.247368	6.335527
34478	9.001615	-3.030482	1.917534	-0.021371	-0.020055	-0.019765	-58.405335	-68.262492	6.347452
34479	9.027170	-3.029942	1.915282	-0.024955	-0.042784	-0.018814	-58.457956	-68.284984	6.388875
34480	9.077983	-3.051520	1.885865	-0.035808	-0.038531	-0.015388	-58.515544	-68.303504	6.428815
34481	9.056538	-3.091499	1.825382	-0.027917	-0.038928	-0.027506	-58.558773	-68.329063	6.458292
34482	9.005167	-3.052459	1.921325	-0.035568	-0.042154	-0.026208	-58.612717	-68.353938	6.494447
34483	9.108286	-3.044297	1.848400	-0.027213	-0.055542	-0.021716	-58.680589	-68.381596	6.550856
34484	9.161862	-3.059046	1.770114	-0.027034	-0.036262	-0.018826	-58.728109	-68.401083	6.585351
34485	9.111180	-3.086437	1.809469	-0.020091	-0.020587	-0.028264	-58.743941	-68.421521	6.590166
34486	9.060426	-3.068003	1.880171	-0.022162	-0.022423	-0.032805	-58.761129	-68.443744	6.595033
34487	9.117074	-3.050926	1.758756	-0.020138	-0.029075	-0.030761	-58.785686	-68.467926	6.609199
34488	9.113199	-3.061161	1.853398	-0.020789	-0.001807	-0.034006	-58.775608	-68.484624	6.585600
34489	9.016215	-3.034540	1.874524	-0.014458	-0.019044	-0.036271	-58.780316	-68.508526	6.581925
34490	9.041331	-3.011270	1.900753	-0.019891	-0.022180	-0.036901	-58.792852	-68.532700	6.583189
34491	9.121530	-2.973801	1.807591	-0.018236	-0.038164	-0.024590	-58.832418	-68.556550	6.614643
34492	9.070190	-3.094785	1.810086	-0.021222	-0.015454	-0.023938	-58.847149	-68.572385	6.617448
34493	9.072225	-2.999094	1.844564	-0.011547	-0.033541	-0.030227	-58.872952	-68.597620	6.638227
34494	9.125888	-2.988898	1.771549	-0.015015	-0.020451	-0.015040	-58.897140	-68.610575	6.655008
34495	9.097813	-3.090269	1.803804	-0.010551	-0.011758	-0.016415	-58.905597	-68.622582	6.657767
34496	9.099473	-2.995047	1.839220	-0.011517	-0.020878	-0.025441	-58.920494	-68.640775	6.666718
34497	9.100792	-3.038294	1.806353	-0.014829	-0.017868	-0.021343	-58.935364	-68.657007	6.673730
34498	9.046579	-3.075484	1.919164	-0.017985	-0.024934	-0.028349	-58.956896	-68.677834	6.685825
34499	9.103258	-2.988642	1.830890	-0.022343	-0.043844	-0.035976	-58.997744	-68.708918	6.716098
34500	9.105672	-3.007130	1.799084	-0.026784	-0.035710	-0.027488	-59.038640	-68.732499	6.743563
34501	9.079541	-3.058999	1.835874	-0.023304	-0.031957	-0.035584	-59.065500	-68.759875	6.758224
34502	9.110314	-2.929291	1.801133	-0.020163	-0.041717	-0.035739	-59.104087	-68.789274	6.787272
34503	9.137447	-3.038722	1.709557	-0.022464	-0.025286	-0.022399	-59.132123	-68.808198	6.803707
34504	9.111367	-3.066794	1.751395	-0.009161	-0.009830	-0.029089	-59.129105	-68.824958	6.794886
34505	9.136291	-2.974458	1.812910	0.002783	-0.012974	-0.032437	-59.119448	-68.845198	6.786410
34506	8.989766	-3.040936	1.795396	-0.000629	-0.010261	-0.024065	-59.115883	-68.859623	6.782245
34507	9.061685	-2.932441	1.909494	0.001332	-0.042359	-0.029597	-59.146609	-68.887104	6.816172
34508	9.091111	-2.990125	1.799354	-0.007643	-0.057891	-0.022542	-59.208963	-68.914768	6.878361
34509	9.165871	-2.990216	1.797063	-0.012092	-0.056095	-0.016453	-59.275155	-68.939779	6.942041
34510	9.144447	-3.029940	1.735634	-0.007676	-0.055875	-0.020350	-59.336916	-68.965731	7.003556
34511	9.196360	-3.001581	1.711700	-0.012881	-0.049962	-0.026990	-59.387986	-68.994098	7.050528
34512	9.171692	-3.049998	1.724293	-0.013522	-0.026578	-0.036704	-59.403291	-69.019546	7.058673
34513	9.219474	-2.964060	1.833004	-0.027412	-0.031170	-0.046737	-59.423662	-69.052159	7.063837
34514	9.287957	-3.366388	1.210536	-0.001230	-0.007437	-0.096927	-59.361302	-69.101730	6.996369
34515	8.943200	-2.775215	2.213877	-0.000694	0.048925	-0.098608	-59.222991	-69.136464	6.848079
34516	9.034989	-2.974311	1.744519	0.006918	-0.070237	-0.097063	-59.236459	-69.204444	6.866775
34517	9.161468	-2.871944	1.759118	-0.018932	-0.008496	-0.079364	-59.197084	-69.246475	6.813228
34518	9.040128	-2.845742	1.803742	0.001166	-0.030132	-0.065736	-59.185956	-69.287285	6.802089
34519	9.093066	-2.835326	1.754281	-0.016721	-0.033952	-0.039600	-59.209110	-69.317208	6.816768
34520	9.116751	-2.839737	1.800792	-0.008312	-0.019991	-0.023167	-59.223247	-69.334106	6.826838
34521	9.067923	-2.934187	1.782618	-0.015107	-0.035731	-0.013779	-59.267963	-69.351832	6.865544
34522	9.196005	-2.918620	1.662942	-0.020500	-0.034582	-0.014210	-59.315174	-69.368590	6.903496
34523	9.194353	-2.972580	1.701501	-0.013902	-0.021581	-0.015159	-59.339729	-69.382841	6.921390
34524	9.146037	-2.925001	1.728344	-0.009292	-0.016444	-0.027402	-59.346604	-69.400804	6.923099
34525	9.120552	-2.929450	1.774007	-0.012734	-0.013902	-0.016842	-59.359152	-69.413639	6.928877
34526	9.098481	-2.969187	1.716353	-0.001872	-0.018056	-0.020386	-59.369357	-69.428621	6.938685
34527	9.072260	-2.859532	1.826983	-0.004088	-0.020332	-0.018546	-59.384099	-69.444172	6.952097
34528	9.176665	-2.932930	1.645949	0.001183	-0.028239	-0.014170	-59.410805	-69.459062	6.981398
34529	9.124313	-2.875245	1.773464	0.004457	-0.005934	-0.008497	-59.409558	-69.465455	6.982961
34530	9.050249	-2.808229	1.827318	0.002846	-0.034194	0.009328	-59.461480	-69.470492	7.040203
34531	9.228007	-2.858525	1.627670	-0.001855	-0.026985	0.030759	-59.522107	-69.463630	7.103975
34532	9.200637	-2.892221	1.670524	-0.000742	0.001668	0.038704	-59.551558	-69.443721	7.135031
34533	9.249322	-2.962544	1.614506	0.005731	0.007908	0.041718	-59.570247	-69.421290	7.158669
34534	9.120636	-2.935677	1.763248	0.003802	0.025625	0.035961	-59.563390	-69.395794	7.153725
34535	9.170019	-2.932980	1.718598	0.011261	0.009357	0.035814	-59.572392	-69.375858	7.170403
34536	9.142512	-3.011406	1.733439	0.000631	0.022730	0.031228	-59.567497	-69.353548	7.165615
34537	9.168287	-2.959271	1.694740	0.016909	0.015406	0.025854	-59.557637	-69.336777	7.165599
34538	9.115702	-2.946435	1.770802	0.007197	0.022938	0.027506	-59.545874	-69.316250	7.157487
34539	9.166740	-2.915316	1.705397	0.009372	0.012421	0.022891	-59.541973	-69.301809	7.159224
34540	9.114501	-2.947600	1.750526	0.010370	0.025838	0.032205	-59.528233	-69.278128	7.150941
34541	9.190891	-2.890251	1.666209	0.017846	0.026520	0.037178	-59.512067	-69.252536	7.144756
34542	9.084809	-2.960214	1.803947	0.006946	0.036872	0.045281	-59.496000	-69.219202	7.131882
34543	9.134884	-2.954947	1.736369	0.016634	0.020853	0.041071	-59.490925	-69.193335	7.136817
34544	9.108401	-2.982438	1.734773	0.012244	0.029106	0.047495	-59.483643	-69.161171	7.136586
34545	9.132578	-2.935450	1.721434	0.018691	0.031024	0.050281	-59.471253	-69.127800	7.134954
34546	9.080208	-2.897334	1.778185	0.017503	0.040166	0.059157	-59.455585	-69.086671	7.128972
34547	9.151103	-2.949688	1.754217	0.023581	0.030432	0.074219	-59.459411	-69.041658	7.147702
34548	9.096943	-2.985598	1.801410	0.017345	0.048077	0.070157	-59.442041	-68.992809	7.139796
34549	9.094585	-2.967514	1.808609	0.020332	0.025241	0.071489	-59.452260	-68.950657	7.163393
34550	9.168470	-3.010989	1.711944	0.019236	0.038848	0.078398	-59.451864	-68.900434	7.174837
34551	9.062293	-3.031671	1.833150	0.025822	0.045357	0.077094	-59.437369	-68.849658	7.175326
34552	9.138014	-2.978251	1.750228	0.032229	0.024113	0.070259	-59.442145	-68.807750	7.200306
34553	9.109228	-3.056401	1.744093	0.031367	0.059293	0.078116	-59.407577	-68.752408	7.182671
34554	9.056487	-2.995285	1.805698	0.043119	0.038883	0.073942	-59.390121	-68.704392	7.190504
34555	9.130046	-2.993804	1.741589	0.047353	0.044855	0.080942	-59.366945	-68.651865	7.194920
34556	9.098809	-3.054550	1.788846	0.044372	0.067567	0.081592	-59.318436	-68.591712	7.170181
34557	9.098141	-2.985099	1.781521	0.059430	0.054630	0.078050	-59.274090	-68.537752	7.159289
34558	9.119603	-3.058392	1.732481	0.061716	0.077903	0.085555	-59.206074	-68.472614	7.124245
34559	9.038113	-3.051113	1.838487	0.075943	0.085467	0.082770	-59.117766	-68.407266	7.076247
34560	9.109613	-3.008116	1.833965	0.077904	0.078685	0.086844	-59.041141	-68.341235	7.041885
34561	9.131577	-3.079071	1.763417	0.083232	0.094080	0.098475	-58.950460	-68.265582	6.995783
34562	9.103570	-3.037439	1.780748	0.095321	0.114209	0.102313	-58.832481	-68.181418	6.927596
34563	9.095402	-3.051569	1.843418	0.106147	0.132877	0.112315	-58.692688	-68.087388	6.842669
34564	9.010138	-3.139005	1.918341	0.106204	0.137211	0.112272	-58.549507	-67.991386	6.753939
34565	9.083050	-3.091628	1.871151	0.124591	0.121307	0.102520	-58.407739	-67.905451	6.678171
34566	9.126045	-3.146703	1.858224	0.091893	0.127602	0.114510	-58.287792	-67.811093	6.605558
34567	9.098623	-3.193412	1.793852	0.116178	0.142838	0.106343	-58.129656	-67.716664	6.506800
34568	9.112336	-3.119706	1.945858	0.117659	0.163467	0.104755	-57.947211	-67.616034	6.382472
34569	9.159416	-3.075080	1.923763	0.105168	0.142754	0.111290	-57.801356	-67.519013	6.290036
34570	9.385159	-3.002831	1.792284	0.090890	0.131346	0.179514	-57.729128	-67.391758	6.268246
34571	9.039985	-3.130708	2.020707	0.093576	0.197000	0.202396	-57.595813	-67.233877	6.182033
34572	8.947121	-3.229508	2.121732	0.073868	0.136965	0.236832	-57.569931	-67.077173	6.199897
34573	8.946636	-3.096020	2.105260	0.119081	0.119785	0.199938	-57.510168	-66.944154	6.209264
34574	9.237563	-2.666596	2.360601	0.004771	0.040144	0.293115	-57.673639	-66.789956	6.390029
34575	9.005586	-3.252337	1.940048	-0.042637	0.073525	0.371398	-57.878735	-66.587949	6.586925
34576	9.008138	-3.122767	2.209746	-0.025175	0.020204	0.387975	-58.142190	-66.393220	6.858538
34577	9.206206	-3.168979	1.978722	-0.066770	0.022074	0.431816	-58.451980	-66.176553	7.155286
34578	9.107325	-3.245970	2.092704	-0.081937	0.050843	0.484659	-58.769395	-65.924290	7.451280
34579	9.141201	-3.336939	2.018358	-0.099094	0.029933	0.519119	-59.134765	-65.661095	7.789796
34580	9.124936	-3.275907	2.105604	-0.114113	0.046571	0.558502	-59.509075	-65.372243	8.129293
34581	9.278144	-3.298273	2.122533	-0.132716	0.023844	0.625477	-59.950841	-65.056316	8.532297
34582	9.251205	-3.475403	2.033129	-0.161196	0.043770	0.710514	-60.429036	-64.690625	8.958513
34583	8.938839	-3.841636	1.828131	-0.154272	0.113171	0.776396	-60.855959	-64.271589	9.333811
34584	9.740499	-3.789730	2.734470	-0.138150	0.156504	0.800695	-61.231002	-63.826780	9.662921
34585	9.412043	-3.310730	2.198990	-0.235474	0.247779	1.019705	-61.676345	-63.246183	10.009851
34586	9.250967	-3.852614	2.418618	-0.303642	0.216239	1.121394	-62.228152	-62.620926	10.434216
34587	10.208423	-4.001102	2.458530	-0.278859	0.012867	1.194788	-62.975955	-62.010214	11.098429
34588	10.252716	-3.828295	2.110488	-0.306475	0.195622	1.336653	-63.604307	-61.275795	11.612995
34589	9.012017	-4.348579	2.154091	-0.352059	0.310609	1.444407	-64.172888	-60.454807	12.033166
34590	9.126371	-4.272656	2.211724	-0.280918	0.231727	1.438742	-64.743307	-59.653928	12.505792
34591	9.190899	-4.219548	2.262764	-0.325969	0.285206	1.532785	-65.304066	-58.789293	12.941260
34592	9.060554	-4.549133	2.195117	-0.324598	0.287965	1.623067	-65.869955	-57.874490	13.387714
34593	9.093837	-4.667486	2.127356	-0.313804	0.310737	1.693585	-66.408947	-56.915504	13.814273
34594	9.345236	-4.818567	2.039123	-0.296626	0.357543	1.796996	-66.910125	-55.889238	14.212009
34595	9.331464	-4.965624	2.053742	-0.268286	0.453641	1.908151	-67.332302	-54.781358	14.538577
34596	9.314821	-5.164011	2.147255	-0.283446	0.539263	2.017159	-67.711736	-53.595620	14.806274
34597	8.861239	-5.458693	2.121047	-0.292677	0.585484	2.119833	-68.073447	-52.344544	15.049483
34598	8.403270	-5.576575	2.289795	-0.284398	0.574722	2.204747	-68.441884	-51.049615	15.311391
34599	8.610374	-5.787903	2.201287	-0.265391	0.530520	2.300439	-68.832048	-49.711842	15.620675
34600	8.420275	-5.732242	2.312880	-0.259875	0.601000	2.423148	-69.183545	-48.292739	15.889155
34601	8.632799	-6.556439	2.634551	-0.309830	0.589202	2.590344	-69.586874	-46.785199	16.195410
34602	9.149704	-7.774435	2.298722	-0.280408	0.583896	2.762630	-69.988843	-45.184757	16.530982
34603	11.147341	-7.140540	3.025068	-0.110983	0.464415	2.648513	-70.312202	-43.667517	16.902275
34604	8.819037	-6.907399	2.535808	-0.465374	0.751302	2.864044	-70.710342	-41.977645	17.095742
34605	6.246014	-6.886136	2.167347	-0.388745	0.492274	3.006559	-71.191177	-40.257727	17.488393
34606	7.824185	-7.348892	2.521897	-0.335642	0.182598	2.980347	-71.748404	-38.606146	18.062876
34607	7.256395	-7.088529	3.148512	-0.452682	0.336250	3.080228	-72.287658	-36.868465	18.520345
34608	5.943842	-7.216479	3.234800	-0.508215	0.230932	3.063716	-72.869241	-35.154852	19.014252
34609	6.139627	-7.702237	2.695039	-0.542801	0.094907	2.880942	-73.471398	-33.559574	19.530351
34610	6.606806	-7.560291	3.628454	-0.604771	0.102995	2.707686	-74.061017	-32.054432	19.979168
34611	4.843778	-9.615489	3.203975	-1.029237	0.494084	2.961185	-74.761737	-30.344569	20.193659
34612	2.349418	-12.305080	3.005204	-1.163995	0.736342	3.109232	-75.456864	-28.515415	20.251340
34613	2.179659	-9.558952	2.819891	-0.727709	-0.269795	2.486331	-76.137593	-27.172740	20.816351
34614	1.176195	-8.744990	0.704809	-1.149366	-0.248011	2.623961	-77.038412	-25.743802	21.360484
34615	0.397616	-8.725178	0.406443	-1.040942	-0.617296	2.584833	-77.946253	-24.374952	22.095970
34616	0.232569	-7.888663	0.617653	-0.956610	-1.222928	2.545252	-78.924753	-23.086864	23.165474
34617	-3.022147	-9.602301	0.085384	-0.930508	-1.101094	3.265276	-79.852089	-21.364536	24.207742
34618	-1.060830	-17.244416	3.881228	-1.001207	-1.603412	3.562871	-80.890708	-19.505202	25.538989
34619	4.953872	-15.714950	1.705445	0.563404	-2.787793	2.624983	-81.187816	-18.268627	27.454408
34620	9.347888	-10.916149	2.991470	0.286449	-2.236786	1.792510	-81.481791	-17.445659	28.948402
34621	8.072026	-10.171727	2.337489	0.367273	-1.089884	1.023147	-81.489355	-16.958750	29.686037
34622	6.914702	-10.549846	3.960416	0.406470	-0.625106	-0.003357	-81.364476	-17.013873	30.056355
34623	5.924473	-12.321874	3.225029	0.541227	-0.025600	-0.589946	-81.042800	-17.350556	30.017703
34624	1.570887	-13.860537	3.215168	0.682715	1.076354	-0.139987	-80.457264	-17.330698	29.366792
34625	-3.669980	-16.146313	3.706225	0.464867	1.412932	0.536128	-79.961322	-16.890730	28.587016
34626	-1.940248	-12.314197	0.624526	1.421876	-0.308111	0.446201	-79.212564	-16.670735	28.816901
34627	-1.475691	-11.179757	-0.433119	0.674138	-0.042322	0.995509	-78.865136	-16.115780	28.955029
34628	-2.266759	-12.222620	1.015966	0.884020	-0.503724	1.403179	-78.482795	-15.383197	29.413422
34629	0.018172	-12.399210	0.067804	0.838259	-1.040320	1.729206	-78.211840	-14.533648	30.225051
34630	1.122714	-11.517905	0.789836	0.773353	-1.035311	2.098079	-77.975361	-13.478375	31.079198
34631	2.195006	-11.688968	0.965550	0.684909	-1.119923	2.284023	-77.789532	-12.333976	32.004893
34632	3.697983	-11.138282	1.360034	0.599797	-1.067241	2.360035	-77.629886	-11.141413	32.909415
34633	4.522904	-10.803344	1.501902	0.485038	-0.828458	2.364650	-77.492283	-9.921016	33.677949
34634	4.701299	-10.140584	1.867040	0.365777	-0.594213	2.274206	-77.383880	-8.721932	34.302185
34635	4.840777	-9.683409	1.942270	0.274660	-0.408870	2.092717	-77.296865	-7.603796	34.798799
34636	4.765819	-9.263827	1.980482	0.202115	-0.205726	1.902806	-77.225334	-6.565438	35.157174
34637	4.292132	-8.891457	1.986431	0.128157	-0.044363	1.752632	-77.178101	-5.592251	35.406043
34638	3.580744	-8.554209	1.685576	0.056733	0.025927	1.677588	-77.163520	-4.651164	35.606031
34639	2.911386	-8.263996	1.383806	-0.034793	0.001330	1.678999	-77.198869	-3.713394	35.819529
34640	2.160278	-7.976140	1.233249	-0.150128	-0.093469	1.744659	-77.300410	-2.749916	36.093044
34641	1.976143	-7.858147	1.104107	-0.252488	-0.263397	1.830078	-77.459752	-1.760078	36.469932
34642	2.139309	-7.938991	1.237515	-0.349167	-0.400767	1.891384	-77.670005	-0.751102	36.927835
34643	2.736622	-7.892033	1.433893	-0.401090	-0.506410	1.906416	-77.901894	0.254672	37.442751
34644	3.389087	-7.937180	1.578465	-0.429523	-0.482627	1.864226	-78.141752	1.242074	37.935157
34645	3.971732	-7.847858	1.777725	-0.435252	-0.393757	1.753039	-78.378275	2.179164	38.360844
34646	4.379729	-7.624635	1.954875	-0.418769	-0.215126	1.595917	-78.604538	3.050111	38.664547
34647	4.558672	-7.654371	1.922561	-0.431020	-0.031432	1.410487	-78.840751	3.838722	38.840816
34648	4.664851	-7.491608	2.082843	-0.391311	0.129478	1.156768	-79.061127	4.502462	38.895342
34649	4.895981	-7.377985	2.119908	-0.351024	0.276922	0.822667	-79.267657	4.994828	38.828140
34650	4.843799	-6.964756	2.157209	-0.276584	0.424353	0.445016	-79.443437	5.288806	38.635689
34651	4.582542	-6.735300	2.009946	-0.222100	0.529813	0.053420	-79.597846	5.373706	38.341743
34652	4.039337	-6.472086	1.905035	-0.134859	0.557583	-0.325981	-79.707386	5.245286	37.992616
34653	3.815702	-6.680602	1.865872	-0.051541	0.496264	-0.701595	-79.767930	4.899979	37.640088
34654	4.197706	-6.845193	2.003275	0.091251	0.397038	-1.083997	-79.742477	4.326729	37.304889
34655	4.952969	-6.843471	2.392683	0.253947	0.300141	-1.539441	-79.619151	3.489355	36.977200
34656	5.623840	-6.778173	2.531691	0.447432	0.234822	-2.092916	-79.380353	2.331759	36.626150
34657	5.971510	-6.431093	2.434415	0.638937	0.229861	-2.638785	-79.025619	0.870868	36.213658
34658	5.719946	-6.256027	2.260105	0.779486	0.258522	-3.082297	-78.578693	-0.836434	35.725634
34659	5.532639	-6.360016	2.300191	0.921845	0.232125	-3.440214	-78.033772	-2.740087	35.195909
34660	5.162800	-6.256498	2.363255	1.046491	0.232475	-3.660876	-77.395716	-4.765457	34.618430
34661	4.332102	-5.869484	2.153599	1.172498	0.206290	-3.729588	-76.663356	-6.821731	34.020847
34662	3.366923	-5.531474	1.919733	1.260846	0.167798	-3.699271	-75.857916	-8.862400	33.418583
34663	2.669896	-5.226001	1.821400	1.351107	0.027433	-3.584011	-74.991170	-10.846271	32.878895
34664	2.676385	-5.110281	1.739688	1.407308	-0.132100	-3.409467	-74.090345	-12.754056	32.421542
34665	3.022511	-4.877612	1.679703	1.464589	-0.250472	-3.225489	-73.157836	-14.568040	32.027267
34666	3.781847	-4.507162	1.746551	1.490878	-0.335729	-3.106176	-72.206935	-16.329275	31.668147
34667	4.696562	-4.114457	1.678804	1.508114	-0.375694	-3.100393	-71.233425	-18.083973	31.299056
34668	5.752999	-3.678237	1.570861	1.465188	-0.343226	-3.162344	-70.251151	-19.864545	30.863322
34669	6.512162	-3.381602	1.398410	1.365838	-0.247248	-3.227591	-69.276361	-21.649118	30.321640
34670	6.578214	-3.117899	1.168964	1.218181	-0.150504	-3.287750	-68.327707	-23.442235	29.670930
34671	6.141887	-3.158992	1.013545	1.061137	-0.127453	-3.333998	-67.424712	-25.239800	28.955792
34672	5.664691	-3.213402	0.746938	0.901759	-0.161909	-3.333174	-66.582359	-27.040128	28.219397
34673	5.418116	-3.354266	0.642253	0.706004	-0.247512	-3.287818	-65.843687	-28.821563	27.506503
34674	5.518157	-3.488064	0.631274	0.512715	-0.378399	-3.228602	-65.223809	-30.601496	26.851027
34675	6.029218	-3.445387	0.752408	0.287104	-0.501672	-3.187871	-64.745637	-32.378700	26.250930
34676	6.866175	-3.530018	0.975559	0.077372	-0.584504	-3.199590	-64.381368	-34.184738	25.670070
34677	7.779461	-3.576345	1.140491	-0.141078	-0.603896	-3.267417	-64.109386	-36.021692	25.056879
34678	8.617430	-3.592303	1.203439	-0.343489	-0.540871	-3.339472	-63.882907	-37.884282	24.354713
34679	9.007097	-3.674176	1.148634	-0.566412	-0.381260	-3.350083	-63.683275	-39.703283	23.518404
34680	8.656333	-4.346888	1.246567	-0.761188	-0.268480	-3.349103	-63.504038	-41.497857	22.574657
34681	8.509075	-4.907638	1.395024	-0.861488	-0.300242	-3.359131	-63.351993	-43.296665	21.617405
34682	8.297420	-5.352822	1.600829	-0.905890	-0.340951	-3.323774	-63.205830	-45.093252	20.664886
34683	8.045222	-5.821862	1.952592	-0.878520	-0.441740	-3.250799	-63.071908	-46.869722	19.778961
34684	8.027250	-6.222637	2.343048	-0.788389	-0.543332	-3.130340	-62.930146	-48.616950	18.978701
34685	8.073427	-6.524308	2.631620	-0.650640	-0.606307	-2.953965	-62.761386	-50.281937	18.266229
34686	8.509829	-6.608936	2.897166	-0.481256	-0.649929	-2.758494	-62.544797	-51.864621	17.634839
34687	9.647208	-6.700717	3.131680	-0.331128	-0.661376	-2.594885	-62.272923	-53.358293	17.054111
34688	11.150981	-6.843449	3.330006	-0.187772	-0.649709	-2.595676	-61.869165	-54.854312	16.424290
34689	12.324003	-6.622918	3.214089	-0.104490	-0.599394	-2.701334	-61.293972	-56.379491	15.655037
34690	12.469920	-6.667583	3.000809	-0.079651	-0.551837	-2.802403	-60.554888	-57.944131	14.722436
34691	12.130969	-6.875387	2.932524	-0.025123	-0.555846	-2.911667	-59.654069	-59.549678	13.652160
34692	11.481733	-6.914317	2.841003	0.017893	-0.606528	-2.970809	-58.628534	-61.196738	12.485504
34693	10.964378	-7.010523	2.837192	0.065886	-0.694260	-3.001740	-57.513488	-62.867337	11.266074
34694	10.863237	-6.890226	2.852484	0.125821	-0.766665	-2.983689	-56.291233	-64.546751	9.984428
34695	10.720712	-6.661745	2.942542	0.172637	-0.811349	-2.925992	-54.964661	-66.193526	8.634229
34696	10.916816	-6.446603	3.032212	0.213173	-0.851446	-2.842326	-53.526691	-67.807257	7.205916
34697	11.205386	-6.283556	3.099071	0.261822	-0.869563	-2.767221	-51.939203	-69.371340	5.662220
34698	11.394250	-6.066587	3.139104	0.309520	-0.839462	-2.706034	-50.089102	-70.885818	3.884636
34699	11.243211	-5.903770	2.976493	0.356925	-0.782957	-2.645129	-47.912521	-72.324646	1.806734
34700	10.941175	-5.793384	2.771352	0.397760	-0.760960	-2.555681	-45.423121	-73.695282	-0.556938
34701	10.635596	-5.737995	2.574057	0.420736	-0.782374	-2.456468	-42.684014	-74.996900	-3.150827
34702	10.420837	-5.680868	2.454168	0.424067	-0.855370	-2.336790	-39.757955	-76.253625	-5.919676
34703	10.673609	-5.664318	2.478339	0.418778	-0.939462	-2.240468	-36.620033	-77.471227	-8.895168
34704	10.966614	-5.568648	2.518177	0.401211	-0.967035	-2.174145	-33.034036	-78.642761	-12.324671
34705	10.942269	-5.500741	2.583507	0.385080	-0.937350	-2.110006	-28.828335	-79.725986	-16.381396
34706	10.792653	-5.442935	2.633671	0.369194	-0.886128	-2.044586	-23.809412	-80.705276	-21.258928
34707	10.345477	-5.089759	2.582228	0.365408	-0.795804	-1.978667	-17.851300	-81.536073	-27.076968
34708	9.644006	-4.420254	2.406474	0.366141	-0.716765	-1.884369	-11.004870	-82.206817	-33.780213
34709	9.119200	-3.663657	2.448867	0.288948	-0.700129	-1.759308	-3.654889	-82.734705	-41.026715
34710	9.518253	-3.565250	2.375665	0.182334	-0.704290	-1.662660	4.191907	-83.136334	-48.827597
34711	10.162080	-3.595120	2.406365	0.080260	-0.623871	-1.610783	12.396674	-83.357748	-57.043006
34712	10.434519	-3.597695	2.316061	-0.017667	-0.482690	-1.604317	20.674308	-83.361665	-65.386134
34713	9.912662	-3.494137	2.069810	-0.140400	-0.335148	-1.616965	28.406000	-83.151215	-73.252353
34714	9.114786	-3.400367	1.734384	-0.245359	-0.215968	-1.593559	35.115280	-82.774589	-80.153662
34715	8.455981	-3.287293	1.494323	-0.366325	-0.125144	-1.488915	40.398684	-82.308419	-85.693556
34716	8.039891	-3.371749	1.291340	-0.468425	-0.064705	-1.357257	44.447803	-81.809834	-90.052420
34717	7.795477	-3.437757	1.147610	-0.535894	-0.043689	-1.215795	47.531077	-81.325978	-93.479580
34718	7.558916	-3.411746	1.024816	-0.577498	-0.042577	-1.066909	49.910369	-80.881537	-96.222383
34719	7.429929	-3.331757	1.014094	-0.590539	-0.057305	-0.912778	51.745378	-80.496692	-98.424586
34720	7.301200	-3.265746	1.075682	-0.575956	-0.079993	-0.770110	53.219511	-80.173735	-100.254375
34721	7.268042	-3.250389	1.177338	-0.526565	-0.118754	-0.642576	54.471276	-79.916486	-101.831420
34722	7.207597	-3.254673	1.255046	-0.464603	-0.165909	-0.525678	55.610121	-79.723491	-103.258664
34723	7.082557	-3.243704	1.360850	-0.372696	-0.245271	-0.417784	56.769780	-79.602671	-104.654355
34724	7.284021	-3.197600	1.437180	-0.271267	-0.323498	-0.322100	58.011479	-79.546770	-106.074704
34725	7.542000	-3.103907	1.532043	-0.166976	-0.357968	-0.227978	59.235947	-79.541900	-107.416971
34726	7.633726	-3.028715	1.519968	-0.054085	-0.358134	-0.149949	60.407784	-79.570752	-108.639878
34727	7.614323	-2.790153	1.476661	0.031356	-0.331326	-0.062261	61.426946	-79.631698	-109.657632
34728	7.484576	-2.685009	1.396692	0.079418	-0.291007	0.043310	62.219979	-79.732587	-110.417306
34729	7.342347	-2.695785	1.271300	0.100865	-0.236898	0.160877	62.712779	-79.876902	-110.859133
34730	7.243073	-2.770058	1.095028	0.094616	-0.197640	0.275004	62.932902	-80.069397	-111.027511
34731	10.876048	-1.686936	1.225755	0.361785	-0.321779	0.213707	63.776780	-80.261349	-111.673434
34732	16.395277	5.647267	1.474161	0.034045	0.328428	1.552880	60.268347	-80.960094	-108.097610
34733	2.614358	5.512232	-1.639933	-0.919718	2.140155	1.733916	49.774210	-81.071465	-98.007145
34734	3.955020	1.864937	-0.955469	-0.414719	0.142654	1.931854	44.114696	-81.826004	-92.524436
34735	11.460470	1.197714	1.100888	-0.785587	0.070020	1.860460	37.620273	-82.494090	-86.423156
34736	8.964428	-0.130409	0.830048	-1.011230	0.761284	2.244551	26.786750	-82.812465	-76.084611
34737	8.848547	-1.369864	2.607177	-0.921151	0.249763	2.147491	16.544219	-83.135067	-66.296611
34738	11.865755	-1.676329	2.603456	-0.747331	0.238058	2.038909	6.296269	-83.233882	-56.407299
34739	10.428646	-1.872378	3.361168	-0.674105	0.483355	2.006038	-3.658066	-82.982909	-46.769770
34740	10.787413	-1.920634	3.507311	-0.446012	0.327960	1.931014	-12.404834	-82.641874	-38.211577
34741	9.892131	-1.712271	3.451761	-0.322699	0.469835	1.973779	-20.118761	-82.065925	-30.615141
34742	9.979443	-1.604286	2.723019	-0.202183	0.299365	1.983940	-26.966434	-81.453678	-23.813327
34743	10.577572	-1.838651	1.936270	-0.118973	0.295644	1.993306	-32.817002	-80.737185	-17.960463
34744	12.699808	-2.247724	1.500229	-0.092049	0.237407	2.032433	-37.991453	-79.950680	-12.765344
34745	11.773750	-2.123262	0.116954	-0.124169	0.615019	1.947901	-41.464998	-78.966377	-9.304539
34746	10.776092	-1.559231	0.546503	-0.332125	0.464606	1.833497	-44.546130	-78.054609	-6.354737
34747	11.246171	-2.578053	1.286386	-0.393163	0.571386	1.698958	-46.798549	-77.129835	-4.279026
34748	9.916655	-2.394889	2.202960	-0.389576	0.619968	1.625898	-48.563728	-76.201468	-2.694472
34749	10.755508	-3.253663	3.008325	-0.302921	0.520256	1.633935	-50.244650	-75.297045	-1.139150
34750	9.761432	-2.863156	2.772324	-0.179320	0.543424	1.630410	-51.630771	-74.374937	0.190406
34751	16.096852	-4.545554	4.030964	-0.150337	0.086752	1.396204	-53.283925	-73.710774	1.820350
34752	13.778157	-3.693748	-0.307391	-0.381648	0.715694	1.141511	-53.703925	-72.940427	2.030465
34753	8.867690	-4.527254	2.428232	-0.124949	1.001511	0.780924	-53.155966	-72.239662	1.381346
34754	7.911260	-3.018989	3.675245	0.034976	0.223187	0.427509	-53.276098	-71.966189	1.528507
34755	9.470704	-2.352438	1.684890	-0.002133	-0.069580	0.393986	-53.785540	-71.808833	2.063387
34756	9.964046	-2.351656	1.317470	-0.070466	0.144077	0.382644	-54.017568	-71.582221	2.265152
34757	9.043699	-2.456009	2.028569	-0.064675	0.230514	0.403110	-54.139692	-71.318177	2.355047
34758	8.870660	-2.458853	2.309581	-0.076358	0.081609	0.430763	-54.497552	-71.089622	2.686737
34759	9.336350	-3.025570	1.698760	-0.102853	-0.000842	0.395886	-54.938083	-70.905218	3.090499
34760	9.192308	-2.427459	1.726009	0.008506	0.083484	0.360688	-55.163280	-70.707587	3.334003
34761	9.346864	-2.400859	1.846194	-0.062656	0.068533	0.401636	-55.479346	-70.496484	3.631196
34762	9.216610	-2.706320	1.791204	-0.054812	0.145866	0.462743	-55.739662	-70.229673	3.874135
34763	8.535794	-3.128686	2.435069	-0.047631	0.104327	0.436234	-56.017732	-69.989704	4.140990
34764	9.296165	-2.790864	1.657107	0.029372	-0.115851	0.345053	-56.454937	-69.861374	4.624293
34765	9.583782	-2.861592	1.568207	-0.030191	0.109573	0.355619	-56.634857	-69.657247	4.797785
34766	8.756752	-3.166370	2.190692	-0.007012	0.081802	0.332233	-56.816362	-69.471542	4.987081
34767	9.185332	-3.138822	1.754060	0.027072	-0.038363	0.246304	-57.054998	-69.365744	5.258722
34768	9.225773	-2.948682	1.835387	0.054136	0.075192	0.226805	-57.117453	-69.232361	5.358535
34769	8.868117	-2.793408	2.044479	0.050682	0.077961	0.234892	-57.181690	-69.095546	5.458505
34770	9.374479	-2.963668	2.002175	0.004418	-0.133144	0.244385	-57.546558	-69.017888	5.851787
34771	9.626747	-3.481503	1.037234	-0.004959	0.030012	0.161346	-57.640583	-68.931102	5.949642
34772	8.964471	-2.891267	2.217733	0.070808	0.106366	0.104186	-57.551944	-68.847175	5.897982
34773	9.332283	-3.092773	1.556748	0.014366	0.041019	0.086162	-57.560933	-68.793382	5.916619
34774	9.118289	-3.012044	1.885569	0.045292	0.142736	0.062363	-57.409322	-68.718430	5.781662
34775	8.964038	-3.091107	1.929157	0.040832	0.093963	0.047389	-57.307298	-68.667005	5.697431
34776	9.011014	-2.883216	2.017074	0.047628	0.096669	0.037322	-57.192788	-68.618196	5.603641
34777	8.931726	-2.914351	2.066983	0.031924	0.068222	0.045652	-57.126945	-68.575500	5.552735
34778	8.954857	-2.916160	2.049919	0.023669	0.042628	0.059037	-57.110178	-68.532977	5.549160
34779	9.002571	-2.919821	2.031760	0.020912	0.016122	0.068618	-57.132754	-68.495422	5.586467
34780	8.974880	-3.043032	1.992900	0.012249	0.007771	0.065426	-57.170009	-68.460661	5.633937
34781	8.976519	-2.948410	1.981320	0.029545	-0.005102	0.060130	-57.206613	-68.433767	5.691662
34782	9.070836	-3.028948	1.977338	0.012019	-0.022182	0.060162	-57.276076	-68.410801	5.773647
34783	9.103007	-3.062192	1.802181	0.023300	-0.017168	0.046353	-57.319929	-68.394244	5.835338
34784	9.019168	-2.990260	2.003956	0.026835	0.011784	0.049679	-57.331145	-68.365791	5.863823
34785	9.020799	-2.987888	1.956160	0.024639	-0.015599	0.037962	-57.365621	-68.352777	5.916270
34786	9.019113	-3.015470	1.953146	0.023487	-0.002054	0.046797	-57.393182	-68.329983	5.960288
34787	9.091883	-3.042755	1.929897	0.025481	-0.019235	0.044301	-57.436385	-68.315009	6.022658
34788	9.117417	-3.065453	1.879726	0.026838	-0.002941	0.042770	-57.459822	-68.294420	6.064319
34789	9.114823	-3.071318	1.904604	0.030340	-0.001421	0.034582	-57.470973	-68.278631	6.095202
34790	9.240974	-3.090379	1.811905	0.021754	-0.011666	0.027122	-57.495719	-68.268288	6.135142
34791	9.165613	-3.092190	1.833890	0.028295	0.035635	0.012054	-57.445701	-68.251964	6.098917
34792	9.034088	-3.060007	2.005611	0.021805	0.021030	0.004653	-57.413487	-68.242415	6.077562
34793	9.135546	-3.054365	1.940677	0.019719	0.012813	-0.002169	-57.385065	-68.239984	6.059294
34794	9.061579	-3.075713	1.935543	0.018622	0.015948	-0.000044	-57.357201	-68.234268	6.040658
34795	9.089058	-3.000625	1.923140	0.014248	0.011717	-0.000550	-57.334504	-68.231388	6.025178
34796	9.063119	-3.048146	1.917661	0.017400	0.014643	0.004070	-57.312115	-68.224095	6.011684
34797	9.062632	-3.048160	1.919940	0.022896	0.022091	0.004759	-57.276076	-68.215439	5.987170
34798	8.987208	-3.002778	1.973179	0.032801	0.031735	0.003759	-57.224053	-68.203000	5.951261
34799	9.010373	-3.027503	1.974748	0.030403	0.014510	0.003054	-57.191573	-68.197504	5.935211
34800	9.112390	-2.997782	1.913525	0.040209	0.026067	0.006354	-57.144193	-68.185563	5.908872
34801	9.057025	-3.053126	1.981602	0.045509	0.033149	0.013391	-57.088731	-68.169285	5.877386
34802	9.083411	-3.048639	1.938707	0.048637	0.025531	0.013437	-57.042750	-68.154097	5.857752
34803	9.081901	-3.072778	1.940108	0.049023	0.034653	0.005178	-56.977203	-68.141276	5.817562
34804	9.004555	-3.029383	2.019772	0.052776	0.057621	-0.000302	-56.879876	-68.122642	5.745149
34805	8.981404	-3.000520	2.002820	0.042843	0.041625	-0.001603	-56.804405	-68.110845	5.690441
34806	8.981245	-2.975557	2.010257	0.041456	0.033731	0.004451	-56.745960	-68.097365	5.652931
34807	9.078606	-3.069408	1.960755	0.040671	0.031113	-0.006351	-56.680666	-68.091101	5.607841
34808	9.051482	-2.978790	2.047387	0.041582	0.038173	0.002414	-56.615366	-68.077174	5.563015
34809	9.054191	-3.018649	1.973210	0.032707	0.025271	0.003448	-56.569332	-68.068031	5.533762
34810	9.074777	-3.024424	2.026608	0.036055	0.028565	0.001677	-56.518111	-68.057470	5.500696
34811	9.051416	-3.020428	2.004271	0.035895	0.021971	0.003627	-56.474370	-68.049267	5.475879
34812	9.074043	-3.069381	2.002898	0.029305	0.013462	0.002849	-56.445877	-68.042917	5.463146
34813	9.101912	-3.040032	1.960941	0.032693	0.014713	-0.001097	-56.408891	-68.039258	5.443632
34814	9.077395	-3.038324	1.961578	0.026333	0.012915	-0.005954	-56.375848	-68.037285	5.424155
34815	9.052417	-2.990740	1.992488	0.025443	0.031173	-0.003486	-56.321690	-68.029529	5.381645
34816	9.028652	-3.010418	1.967473	0.024530	0.028305	-0.010030	-56.268301	-68.024605	5.339112
34817	9.048316	-2.993805	2.048216	0.030937	0.038628	-0.002862	-56.202756	-68.014146	5.287713
34818	9.074246	-2.967352	2.031730	0.018500	0.022086	0.006346	-56.173131	-68.003390	5.267076
34819	9.023532	-3.014749	2.025874	0.018317	0.023899	0.012759	-56.144587	-67.990171	5.247778
34820	9.020095	-2.996424	2.079573	0.022639	0.019612	0.010903	-56.119130	-67.978040	5.234193
34821	9.068439	-3.044762	2.055060	0.015835	0.010755	0.016514	-56.110471	-67.967229	5.234809
34822	9.100307	-3.033469	1.937068	0.020219	0.010786	0.014759	-56.099820	-67.956087	5.235702
34823	9.066916	-3.046859	2.058668	0.017082	0.022612	0.016865	-56.076817	-67.941318	5.221613
34824	9.095024	-2.995051	2.019154	0.022270	0.008470	0.017011	-56.069498	-67.929857	5.227368
34825	9.042581	-3.045878	2.036456	0.014659	0.013790	0.020722	-56.061297	-67.916075	5.227751
34826	9.118904	-3.020327	1.996324	0.017698	-0.004516	0.018472	-56.072947	-67.908084	5.251152
34827	9.142463	-3.022912	1.998859	0.015537	0.014508	0.027193	-56.068495	-67.890995	5.256125
34828	9.016448	-3.025804	2.040879	0.013503	0.008414	0.020500	-56.068986	-67.877920	5.264890
34829	9.012974	-3.008318	2.093231	0.013535	0.010574	0.020543	-56.065046	-67.865251	5.269178
34830	9.016445	-3.026386	2.019326	0.009256	0.012821	0.020217	-56.062571	-67.850907	5.272118
34831	9.010583	-3.035666	2.093515	0.015796	0.012803	0.018647	-56.053243	-67.838427	5.271988
34832	9.036375	-3.011319	2.075080	0.014483	0.011406	0.024888	-56.053079	-67.822322	5.280660
34833	9.036454	-3.035140	2.049059	0.011983	-0.001732	0.028666	-56.070737	-67.809729	5.307314
34834	9.088182	-3.010177	2.006917	0.015007	0.003150	0.037529	-56.089745	-67.790261	5.337022
34835	9.058613	-3.041764	2.051782	0.008613	0.003398	0.034850	-56.108137	-67.773081	5.362389
34836	9.056427	-3.023363	2.079153	0.006238	0.003107	0.041015	-56.134847	-67.751974	5.394999
34837	9.138854	-3.151400	1.852245	0.024370	0.031489	0.030351	-56.107990	-67.727958	5.381236
34838	8.843749	-2.974673	2.321852	0.014319	0.032218	0.040124	-56.095557	-67.697989	5.376553
34839	9.030363	-3.049982	2.033304	0.017240	-0.013612	0.026738	-56.122300	-67.690099	5.416305
34840	9.002489	-3.032569	2.082684	0.002101	0.005594	0.036427	-56.144761	-67.670391	5.441783
34841	9.051924	-3.034841	2.061469	0.011608	-0.014910	0.032598	-56.180715	-67.660113	5.488013
34842	9.052286	-3.105241	2.004409	-0.004321	-0.004725	0.029295	-56.213172	-67.647089	5.520328
34843	9.022962	-3.089916	2.077643	0.002514	-0.004312	0.019259	-56.231660	-67.639769	5.542046
34844	9.027574	-3.083693	2.004904	0.011320	-0.002121	0.015802	-56.241648	-67.632341	5.559759
34845	8.999211	-3.042998	2.081642	0.008290	0.005620	0.013563	-56.240904	-67.624569	5.564261
34846	8.997064	-3.046581	2.106295	0.009238	-0.001962	0.013500	-56.250096	-67.618195	5.579826
34847	9.004246	-3.059432	1.982897	0.008032	0.003129	0.019864	-56.257245	-67.608214	5.592704
34848	8.995794	-3.049479	2.107522	0.014610	0.009462	0.020541	-56.255560	-67.594858	5.599838
34849	9.047166	-3.047982	2.062967	0.012155	-0.003557	0.022211	-56.269865	-67.585885	5.623015
34850	9.045671	-3.074096	2.060674	0.013253	0.001707	0.024522	-56.280942	-67.573106	5.643118
34851	9.044826	-3.122287	2.032082	0.004636	0.010322	0.028189	-56.288104	-67.556867	5.653910
34852	9.069688	-3.030883	2.069576	0.011363	0.012664	0.022431	-56.285978	-67.541607	5.658559
34853	8.968790	-3.101714	2.057121	0.008116	0.020078	0.026531	-56.278614	-67.523056	5.655793
34854	9.018849	-3.078875	2.040850	0.019003	0.017889	0.023168	-56.266648	-67.505792	5.654534
34855	8.966404	-3.013344	2.120247	0.017945	0.018994	0.023092	-56.252280	-67.489224	5.650280
34856	8.989860	-3.108190	2.064740	0.012265	0.007133	0.024516	-56.257562	-67.474751	5.663516
34857	9.067745	-3.035725	2.030301	0.018549	0.013024	0.033638	-56.257799	-67.455058	5.675449
34858	9.016858	-3.060488	2.026728	0.024193	0.022724	0.032156	-56.244188	-67.431994	5.675632
34859	9.116644	-3.038661	1.990910	0.021681	0.039076	0.051299	-56.226310	-67.395595	5.669893
34860	9.085310	-3.163606	1.981416	0.047251	0.046446	0.066297	-56.198519	-67.348734	5.669025
34861	9.055078	-3.102682	2.066180	0.042842	0.056922	0.074526	-56.166016	-67.295585	5.660572
34862	9.203048	-2.878228	2.155360	0.049082	0.028671	0.095755	-56.179884	-67.240384	5.706004
34863	9.101015	-3.114657	2.006589	0.002368	0.050904	0.144996	-56.230804	-67.155600	5.762882
34864	9.065628	-2.837329	2.282823	0.006648	0.007903	0.180576	-56.355687	-67.066563	5.902482
34865	8.881692	-3.246399	2.106584	-0.050069	0.002191	0.190288	-56.524062	-66.975494	6.054380
34866	9.210224	-2.982083	2.083543	-0.028510	-0.038586	0.195559	-56.730046	-66.893637	6.260425
34867	9.075323	-3.188201	2.027401	-0.059508	0.000885	0.241833	-56.940333	-66.777848	6.452237
34868	8.964433	-3.191481	2.117431	-0.051431	-0.020943	0.241895	-57.169919	-66.667640	6.670008
34869	9.061606	-3.142933	2.079393	-0.061878	-0.028920	0.255311	-57.420382	-66.553978	6.904438
34870	9.078396	-3.191848	2.050263	-0.067844	-0.013912	0.282028	-57.675470	-66.421483	7.140157
34871	9.016049	-3.267671	2.062723	-0.074849	-0.006093	0.302139	-57.935747	-66.277323	7.377653
34872	8.983175	-3.271005	2.061013	-0.070744	-0.000266	0.312611	-58.192820	-66.124999	7.614243
34873	8.994321	-3.262623	2.138188	-0.074972	-0.000427	0.338959	-58.465773	-65.960315	7.866094
34874	9.033221	-3.297179	2.114389	-0.081733	-0.007189	0.369024	-58.767630	-65.781566	8.145468
34875	8.996024	-3.266882	2.189428	-0.100394	-0.014532	0.397880	-59.101360	-65.591063	8.448731
34876	9.136385	-3.308564	2.094580	-0.135445	-0.074664	0.434585	-59.539674	-65.398363	8.845090
34877	9.091741	-3.781128	1.989553	-0.141360	0.019860	0.432745	-59.871172	-65.179010	9.121019
34878	9.231535	-3.259845	1.883425	-0.123110	-0.067999	0.481485	-60.311530	-64.958933	9.528782
34879	8.998655	-3.590910	2.127388	-0.158797	0.080609	0.544116	-60.643776	-64.665367	9.795567
34880	8.751849	-3.652996	2.181122	-0.157536	0.017844	0.543600	-61.035050	-64.388059	10.128935
34881	9.333721	-3.406484	2.458653	-0.166179	0.080698	0.626910	-61.404486	-64.051445	10.433640
34882	8.904454	-3.417314	2.334577	-0.279013	0.100603	0.744219	-61.874645	-63.648506	10.779281
34883	8.882631	-3.661934	2.287511	-0.281127	0.040155	0.817552	-62.432748	-63.224044	11.223339
34884	9.224215	-3.718104	2.285312	-0.330635	-0.058047	0.899038	-63.143503	-62.780837	11.808397
34885	9.620032	-3.978993	2.133511	-0.344502	-0.105220	1.030336	-63.950634	-62.279618	12.495792
34886	9.648794	-4.122480	2.089374	-0.351533	-0.050515	1.136705	-64.732115	-61.704809	13.152804
34887	9.680238	-4.056393	2.079137	-0.337498	0.018778	1.209971	-65.443071	-61.071975	13.742550
34888	9.139397	-4.311374	1.961893	-0.374739	0.114063	1.297884	-66.096489	-60.366813	14.245527
34889	8.840703	-4.391490	1.940581	-0.329478	0.104197	1.324247	-66.716746	-59.648057	14.743888
34890	8.709382	-4.481079	1.958950	-0.330738	0.126766	1.366363	-67.308781	-58.898804	15.212168
34891	8.719176	-4.551128	2.143228	-0.317418	0.124175	1.389034	-67.878737	-58.136360	15.667414
34892	8.966891	-4.640262	2.078211	-0.319141	0.138591	1.424019	-68.426479	-57.349349	16.098914
34893	8.803294	-4.749065	2.047379	-0.332109	0.200404	1.470222	-68.923153	-56.523341	16.464679
34894	8.575225	-5.008140	1.942780	-0.337719	0.246630	1.510158	-69.378850	-55.664348	16.780632
34895	8.398326	-5.246492	1.799245	-0.315556	0.279792	1.530984	-69.784132	-54.786792	17.054101
34896	8.472813	-5.240512	1.922707	-0.268992	0.323809	1.535523	-70.116212	-53.896650	17.273153
34897	8.452473	-5.369730	2.071860	-0.283381	0.388454	1.556514	-70.402379	-52.982515	17.427470
34898	8.102260	-5.609288	1.966811	-0.303578	0.428345	1.558700	-70.663130	-52.058694	17.536899
34899	7.999145	-5.594691	2.055111	-0.276207	0.427000	1.556034	-70.900258	-51.136749	17.637737
34900	7.860904	-5.567302	2.016660	-0.304716	0.464525	1.570101	-71.125296	-50.199515	17.702993
34901	7.714733	-5.712165	2.201267	-0.310786	0.480693	1.571240	-71.337531	-49.258960	17.747974
34902	7.796149	-5.546074	2.393824	-0.317264	0.506237	1.555860	-71.529782	-48.321621	17.761944
34903	7.655501	-5.726101	2.852757	-0.356783	0.577905	1.544516	-71.695530	-47.377854	17.709987
34904	7.418070	-5.578856	2.744348	-0.410828	0.623562	1.528627	-71.861104	-46.434343	17.614518
34905	7.047074	-5.792882	2.603478	-0.480508	0.681220	1.521404	-72.032077	-45.485041	17.469587
34906	7.543078	-6.801681	2.873113	-0.593602	0.631330	1.513043	-72.293391	-44.549184	17.358420
34907	7.632445	-6.862992	2.125810	-0.543089	0.586147	1.459771	-72.539216	-43.650859	17.264744
34908	7.337440	-6.700214	2.547744	-0.572930	0.681694	1.480441	-72.754999	-42.724961	17.100673
34909	7.951306	-6.405503	2.564000	-0.598777	0.740696	1.460960	-72.953838	-41.800421	16.886435
34910	7.378316	-6.722745	2.678203	-0.646118	0.881514	1.487096	-73.117790	-40.838405	16.574425
34911	7.318637	-6.385480	2.949011	-0.694453	0.954541	1.475199	-73.278434	-39.871603	16.208270
34912	7.165610	-5.973815	3.242424	-0.762408	1.059285	1.475499	-73.436463	-38.888220	15.769344
34913	6.315233	-6.197422	2.696301	-0.901380	1.191480	1.513113	-73.629110	-37.863747	15.248016
34914	6.181605	-6.348421	2.806834	-0.964193	1.151648	1.530565	-73.884872	-36.837781	14.759712
34915	6.904034	-7.009707	2.998608	-1.045523	1.185320	1.579606	-74.187034	-35.781281	14.258608
34916	7.361633	-6.456886	3.213006	-1.077572	1.266503	1.590254	-74.484037	-34.708688	13.704312
34917	5.987763	-7.141158	2.444150	-1.195300	1.487064	1.661624	-74.782930	-33.565324	13.016803
34918	5.905999	-7.145599	2.551065	-1.180504	1.433644	1.646231	-75.102607	-32.441880	12.363100
34919	5.410783	-7.090312	2.136869	-1.259803	1.474059	1.664708	-75.467137	-31.305244	11.686764
34920	4.294263	-7.237067	1.695043	-1.323632	1.446072	1.738507	-75.894148	-30.136038	11.039447
34921	4.182234	-7.701378	1.963688	-1.363042	1.293018	1.737735	-76.402299	-28.992402	10.486807
34922	4.339089	-7.767102	1.675187	-1.353147	1.186338	1.744176	-76.943544	-27.864115	9.996627
34923	4.173970	-8.143018	1.844353	-1.453349	1.136364	1.768833	-77.563900	-26.732395	9.533905
34924	4.353871	-7.879432	1.978787	-1.429852	1.039122	1.733272	-78.198737	-25.637247	9.117581
34925	4.245289	-8.393567	1.706800	-1.492476	1.038168	1.722394	-78.872693	-24.552270	8.690734
34926	4.649760	-8.384994	2.008786	-1.497953	0.983826	1.694201	-79.564379	-23.494073	8.283331
34927	4.503706	-8.129052	1.841533	-1.525028	1.069742	1.685961	-80.254143	-22.436056	7.812060
34928	3.655614	-8.549860	1.183535	-1.617704	1.046157	1.735741	-81.007633	-21.358135	7.349217
34929	3.071564	-8.756525	0.729858	-1.663037	0.877898	1.801366	-81.829953	-20.262940	6.982185
34930	3.120995	-9.145397	0.663025	-1.690795	0.633050	1.831613	-82.719747	-19.175153	6.750336
34931	3.388409	-9.176741	0.574163	-1.691810	0.460755	1.886741	-83.643966	-18.070840	6.609456
34932	4.130846	-9.393452	0.675056	-1.703405	0.333781	1.958431	-84.595583	-16.935930	6.530676
34933	4.219075	-9.304030	0.652024	-1.705943	0.306966	2.071362	-85.551492	-15.738806	6.454590
34934	3.421465	-9.467309	0.290334	-1.772101	0.238645	2.208062	-86.552938	-14.468286	6.403701
34935	2.796630	-9.943365	-0.143703	-1.827319	0.025466	2.316364	-87.612896	-13.142476	6.458561
34936	2.169976	-10.105239	-0.517407	-1.881729	-0.298066	2.427491	-88.738003	-11.758845	6.678929
34937	2.038131	-10.574397	-0.568561	-1.876231	-0.762760	2.511856	-89.901586	-10.325321	7.141887
34938	2.692075	-10.498762	-0.586712	-1.861532	-1.188370	2.593761	-91.080541	-8.834471	7.819700
34939	3.069759	-10.386566	-0.566793	-1.834743	-1.463410	2.761581	-92.243542	-7.228892	8.620078
34940	3.627394	-10.436268	-0.719789	-1.772215	-1.645458	2.946617	-93.354459	-5.497753	9.484866
34941	3.754587	-9.977675	-1.095587	-1.642373	-1.681017	3.178722	-94.362271	-3.616119	10.326243
34942	4.302071	-9.972195	-1.227648	-1.501478	-1.613873	3.307024	-95.257376	-1.651960	11.089862
34943	4.601765	-10.039169	-1.492243	-1.305895	-1.397331	3.440687	-96.012185	0.388173	11.693403
34944	4.080904	-10.785931	-1.437984	-0.999007	-0.979367	3.554829	-96.575987	2.472191	12.028247
34945	6.126387	-12.189963	4.800745	0.147978	-0.891641	2.795728	-96.472263	4.121384	12.354702
34946	9.229216	-13.466228	0.008653	0.601443	-2.378316	0.899548	-96.025944	4.779425	13.657432
34947	13.366637	-9.236878	0.688186	1.571856	-2.015202	-0.791781	-95.028940	4.438760	14.854603
34948	10.165264	-7.090955	1.134688	1.462372	-1.380046	-1.602979	-94.129949	3.582235	15.718496
34949	7.915226	-10.221421	0.709901	1.803263	-1.110843	-2.415518	-93.059799	2.240540	16.441743
34950	7.258074	-10.443002	1.392040	2.312434	-0.808802	-2.984726	-91.721043	0.545962	16.976422
34951	6.241718	-10.909201	0.861321	2.561562	-0.317645	-3.005322	-90.254267	-1.172874	17.188394
34952	4.525874	-10.237403	0.547329	2.860438	0.044865	-2.843216	-88.612958	-2.807648	17.146716
34953	4.288400	-9.250150	-0.187649	3.018461	0.102084	-2.703480	-86.875792	-4.353438	17.027394
34954	4.849989	-8.095294	-0.752295	2.977542	0.180276	-2.674173	-85.150077	-5.881262	16.817069
34955	4.938458	-7.706149	-1.160875	2.817565	0.287931	-2.821816	-83.497557	-7.474139	16.491095
34956	4.840050	-6.749962	-1.077769	2.692615	0.380014	-3.025463	-81.890128	-9.172847	16.050065
34957	5.243252	-6.557667	-1.189964	2.447264	0.495061	-3.040900	-80.390872	-10.851057	15.493286
34958	5.281319	-6.151889	-1.215627	2.239927	0.652704	-2.938642	-78.968761	-12.448026	14.809610
34959	5.314525	-5.287511	-1.311700	1.952717	0.711835	-2.910904	-77.676567	-13.999197	14.052848
34960	6.451858	-4.892318	-1.489321	1.635465	0.717329	-3.026560	-76.530798	-15.605782	13.238049
34961	7.138856	-4.620431	-1.425914	1.305841	0.791102	-3.261869	-75.519150	-17.310366	12.309062
34962	7.406606	-4.846380	-1.321543	0.986057	0.823890	-3.612684	-74.627357	-19.197459	11.267178
34963	7.173709	-5.211538	-0.745819	0.726236	0.876214	-3.938623	-73.807155	-21.233003	10.098570
34964	6.657199	-5.789067	-0.460217	0.555183	0.931474	-4.151843	-72.999979	-23.369565	8.811113
34965	6.134738	-6.035097	-0.240259	0.433573	0.995688	-4.216667	-72.175496	-25.504665	7.419398
34966	5.428556	-6.085632	-0.241582	0.338775	0.976074	-4.207700	-71.337583	-27.628931	5.981317
34967	5.105634	-6.035406	-0.318231	0.240863	0.855361	-4.168683	-70.519162	-29.726738	4.564104
34968	5.502590	-6.078785	-0.359699	0.144550	0.687018	-4.134122	-69.735224	-31.830410	3.195399
34969	6.229592	-6.078537	-0.378944	0.024398	0.556852	-4.099663	-68.993122	-33.916751	1.854507
34970	6.830041	-6.164348	-0.369440	-0.112987	0.492195	-4.067423	-68.279571	-35.994379	0.497401
34971	7.006507	-6.368026	-0.326030	-0.270457	0.492771	-3.986104	-67.590719	-38.005488	-0.904228
34972	6.660617	-6.756781	-0.202771	-0.408981	0.487676	-3.869635	-66.921476	-39.952426	-2.339475
34973	6.757891	-7.106924	-0.260081	-0.509724	0.456516	-3.688766	-66.279374	-41.788808	-3.766658
34974	6.919960	-7.336424	-0.174933	-0.574400	0.392535	-3.510265	-65.662654	-43.544416	-5.161177
34975	7.899567	-7.500539	-0.169091	-0.605553	0.288561	-3.411560	-65.064472	-45.252801	-6.511700
34976	9.245265	-7.769384	-0.184327	-0.626069	0.201564	-3.413677	-64.445372	-46.982878	-7.867410
34977	10.557413	-7.911606	-0.306518	-0.650368	0.169452	-3.499468	-63.753313	-48.744693	-9.302809
34978	11.222436	-7.926122	-0.547196	-0.672362	0.235982	-3.607437	-62.902487	-50.541365	-10.924063
34979	11.011637	-8.048541	-0.850704	-0.708806	0.335538	-3.687593	-61.866501	-52.325055	-12.768034
34980	10.440318	-7.895519	-1.264138	-0.746735	0.389448	-3.738069	-60.652799	-54.106265	-14.816892
34981	9.613664	-7.675499	-1.765215	-0.850594	0.404373	-3.698205	-59.342463	-55.826153	-17.011915
34982	9.030691	-7.537396	-2.165149	-0.971678	0.308097	-3.616793	-58.029169	-57.515426	-19.249374
34983	8.979209	-7.308937	-2.417010	-1.132811	0.191298	-3.492207	-56.781104	-59.142879	-21.478042
34984	9.188649	-7.087173	-2.581490	-1.318813	0.096390	-3.343061	-55.613869	-60.714316	-23.699492
34985	9.376137	-6.995561	-2.699198	-1.539742	0.067203	-3.151781	-54.538229	-62.173624	-25.928157
34986	9.255567	-6.879157	-2.853921	-1.752393	0.071325	-2.943234	-53.543442	-63.525045	-28.174251
34987	9.380437	-6.686414	-2.935821	-1.972941	-0.002156	-2.761126	-52.715788	-64.792061	-30.349594
34988	9.961428	-6.471321	-2.908524	-2.197066	-0.157553	-2.674971	-52.081901	-66.071755	-32.430642
34989	11.006807	-6.371323	-2.789430	-2.394455	-0.303364	-2.686125	-51.559200	-67.389653	-34.492773
34990	11.875076	-6.359419	-2.507174	-2.555877	-0.364627	-2.730804	-50.993477	-68.751404	-36.681316
34991	12.270684	-6.423651	-2.133158	-2.673980	-0.347423	-2.772278	-50.250177	-70.106223	-39.111386
34992	11.860010	-6.603494	-1.795584	-2.738517	-0.291121	-2.790660	-49.215846	-71.444578	-41.868605
34993	11.223132	-6.698683	-1.524344	-2.719592	-0.273707	-2.771122	-47.884912	-72.739342	-44.904533
34994	10.634214	-6.770615	-1.231492	-2.657800	-0.301419	-2.684290	-46.320248	-73.993987	-48.126880
34995	10.451231	-6.719608	-0.896199	-2.552201	-0.397550	-2.589146	-44.592826	-75.212008	-51.435021
34996	10.655024	-6.651464	-0.600698	-2.433132	-0.490820	-2.487637	-42.664502	-76.409065	-54.861988
34997	10.883524	-6.603394	-0.305282	-2.297358	-0.582121	-2.406833	-40.471741	-77.574614	-58.463122
34998	11.087151	-6.577734	-0.184472	-2.160389	-0.624420	-2.336029	-37.828398	-78.706791	-62.428874
34999	10.946930	-6.467050	-0.183407	-2.032152	-0.662809	-2.260206	-34.675931	-79.780064	-66.822513
35000	11.136278	-6.342657	-0.094271	-1.916634	-0.721922	-2.204474	-30.848098	-80.820746	-71.819802
35001	11.304801	-6.445318	-0.028138	-1.816035	-0.734616	-2.173821	-26.035526	-81.785764	-77.740522
35002	11.124453	-6.523971	-0.010295	-1.707797	-0.695773	-2.127527	-19.909981	-82.637621	-84.910437
35003	10.636958	-6.660713	0.053486	-1.592837	-0.667367	-2.058130	-12.474105	-83.335939	-93.321374
35004	10.056038	-6.740210	-0.082416	-1.463757	-0.656525	-1.964567	-3.784787	-83.875304	-102.908647
35005	9.489422	-6.543518	-0.211952	-1.338923	-0.696438	-1.856338	5.764524	-84.257778	-113.280179
35006	9.127048	-6.449078	-0.265141	-1.254896	-0.786599	-1.742802	15.970599	-84.517278	-124.257474
35007	9.263734	-6.427121	-0.058590	-1.173215	-0.897818	-1.679504	26.747026	-84.646710	-135.756995
35008	9.634016	-6.277011	0.204883	-1.113947	-0.941270	-1.653186	37.768507	-84.598772	-147.467767
35009	9.428669	-6.135222	0.551044	-1.062648	-0.883279	-1.613227	47.739198	-84.341804	-158.096326
35010	8.983695	-5.907117	0.748880	-1.030405	-0.760151	-1.512725	55.773486	-83.929533	-166.765904
35011	8.438037	-5.753509	0.755792	-1.018398	-0.637048	-1.357839	61.673170	-83.453208	-173.288298
35012	8.035143	-5.499079	0.489866	-1.028160	-0.574113	-1.201505	66.162711	-82.978352	-178.402308
35013	7.656520	-5.378306	0.261550	-1.068976	-0.558439	-1.051862	69.671537	-82.539685	177.443465
35014	7.544122	-5.207105	0.120371	-1.113676	-0.574757	-0.921195	72.660040	-82.145474	173.784729
35015	7.396058	-5.145722	0.029118	-1.186221	-0.538934	-0.759907	74.950034	-81.813115	170.785921
35016	7.120607	-5.138913	-0.065556	-1.262381	-0.505956	-0.578343	76.740806	-81.562073	168.245715
35017	6.959208	-5.084919	-0.105803	-1.353615	-0.487538	-0.403158	78.123546	-81.397091	166.063487
35018	7.082497	-4.912057	-0.130562	-1.457466	-0.487055	-0.247705	79.304072	-81.312337	164.025341
35019	7.335284	-4.857463	0.022539	-1.587364	-0.464925	-0.105370	80.181857	-81.300066	162.217448
35020	7.502904	-4.818582	0.169699	-1.712746	-0.422170	-0.001040	80.795925	-81.339727	160.604224
35021	7.660938	-4.999329	0.354410	-1.816050	-0.348144	0.099264	80.998492	-81.427144	159.347105
35022	7.763026	-5.211426	0.545210	-1.889011	-0.248301	0.213349	80.758317	-81.571234	158.496298
35023	12.088199	-7.179268	2.116585	-1.857063	-0.181061	0.335122	80.178903	-81.777471	158.006688
35024	13.554140	-2.961275	1.353015	-1.658443	1.698679	1.423480	71.047348	-82.329108	166.267624
35025	3.000069	7.123807	-1.345952	-1.902154	1.793620	1.152025	60.876225	-82.513697	175.428683
35026	12.199516	1.775886	-1.189603	-2.447912	-0.045315	1.311832	56.572514	-83.172748	178.353083
35027	9.577504	1.310949	-0.594920	-2.624741	1.790845	1.442164	44.068850	-83.153395	-170.568738
35028	4.132737	0.252027	1.342769	-2.707908	1.208570	1.824093	32.037350	-83.256876	-160.014713
35029	8.291379	-1.248788	1.458058	-2.733804	-0.008096	1.594699	23.422069	-83.687056	-152.919830
35030	11.120741	-1.269745	1.929223	-2.765242	0.345596	1.725445	12.699665	-83.810386	-143.727182
35031	9.712235	-2.708217	3.467679	-2.621588	0.551240	1.819813	1.437298	-83.624864	-133.908095
35032	9.356894	-2.219944	4.684673	-2.228299	0.631690	1.865118	-8.882596	-83.197645	-124.805097
35033	8.601481	-2.546182	5.267846	-1.930155	0.746558	2.032374	-18.221829	-82.507552	-116.507542
35034	9.212831	-2.745068	6.448321	-1.486087	0.674081	2.089962	-26.040917	-81.700898	-109.473715
35035	10.365576	-2.979449	6.957995	-0.977486	0.740688	2.053518	-31.939690	-80.758872	-104.071981
35036	11.810827	-3.743793	7.698612	-0.504365	0.731549	1.942755	-36.251359	-79.789723	-99.991060
35037	12.059554	-4.244372	5.630904	0.002877	0.593406	1.813998	-39.498203	-78.883358	-96.685461
35038	9.213968	-2.242429	3.153901	0.166249	0.338348	1.703612	-42.412531	-78.098376	-93.614505
35039	9.895726	-1.520697	0.413374	-0.105955	-0.167889	1.675309	-45.966608	-77.498477	-90.040339
35040	11.326586	-2.092302	-0.088625	-0.224302	0.117924	1.690082	-48.758711	-76.741255	-87.308458
35041	10.780370	-2.589778	0.882875	-0.263760	0.344994	1.630149	-50.768745	-75.900936	-85.395186
35042	11.725215	-3.658440	3.119101	-0.160344	0.361736	1.507094	-52.321223	-75.096761	-83.887057
35043	16.395751	-4.876069	3.171264	-0.114348	0.090381	1.233990	-53.798284	-74.500977	-82.424199
35044	11.399789	-4.648607	0.882934	-0.373260	0.630652	0.903858	-54.068293	-73.870309	-82.366403
35045	8.423797	-3.475590	1.822631	0.036238	0.332564	0.547657	-54.148675	-73.504879	-82.260855
35046	10.605204	-2.443621	1.151400	-0.034955	0.137570	0.376687	-54.387785	-73.284150	-82.032870
35047	9.030817	-3.002019	1.832185	-0.048915	0.418886	0.413405	-54.228902	-72.952235	-82.228034
35048	8.760280	-2.529850	2.176947	0.041899	0.027122	0.308687	-54.509120	-72.799908	-81.910368
35049	9.776931	-2.817329	1.186974	-0.042536	0.034387	0.268975	-54.768750	-72.663307	-81.663842
35050	9.281661	-2.684264	1.443366	0.015723	0.104107	0.202058	-54.827847	-72.534741	-81.593158
35051	9.628523	-2.507313	1.426055	-0.021380	0.095828	0.171636	-54.877254	-72.423204	-81.554030
35052	9.068626	-2.826778	1.806010	-0.018967	0.187623	0.164886	-54.793543	-72.284481	-81.653989
35053	8.708772	-2.666651	2.126229	0.000387	-0.002770	0.101698	-54.902290	-72.238235	-81.539418
35054	9.450645	-2.557465	1.445899	-0.026397	-0.080382	0.083257	-55.131046	-72.225898	-81.315796
35055	9.333432	-2.801221	1.529520	-0.042711	0.020243	0.063135	-55.190292	-72.190063	-81.279111
35056	9.142086	-2.767378	1.759878	-0.015016	-0.049664	0.016977	-55.299564	-72.198618	-81.174099
35057	9.365916	-2.660898	1.479363	-0.018222	-0.045983	-0.019173	-55.358108	-72.223122	-81.123416
35058	9.166352	-2.620764	1.729301	-0.025302	-0.044399	-0.021052	-55.427272	-72.247792	-81.066734
35059	9.212254	-2.424540	1.494413	-0.011973	-0.085404	-0.033155	-55.526610	-72.291657	-80.969482
35060	9.486520	-2.419972	1.429182	-0.072460	-0.020211	-0.003399	-55.605341	-72.300091	-80.931134
35061	8.956797	-2.700908	1.804707	-0.077106	0.007844	0.002886	-55.640880	-72.296670	-80.940040
35062	9.110879	-2.566595	1.784512	-0.067715	-0.140101	-0.014975	-55.883535	-72.349190	-80.726798
35063	9.526801	-2.619419	1.292490	-0.084630	-0.119458	-0.003686	-56.106912	-72.389699	-80.543127
35064	9.262229	-2.577356	1.506453	-0.063255	-0.057894	0.003788	-56.244693	-72.406598	-80.437315
35065	9.366468	-2.659794	1.494698	-0.067192	-0.090746	-0.004925	-56.414925	-72.438253	-80.298967
35066	9.342787	-2.681658	1.420348	-0.052211	-0.069354	-0.012487	-56.548080	-72.466377	-80.191404
35067	9.405973	-2.588327	1.412917	-0.041347	-0.059720	-0.006294	-56.656047	-72.488702	-80.102863
35068	9.477958	-2.642534	1.362370	-0.030761	-0.015537	-0.000144	-56.708186	-72.493867	-80.067392
35069	9.348473	-2.633145	1.408184	-0.013327	0.006949	-0.002839	-56.702527	-72.493521	-80.081169
35070	9.316222	-2.458361	1.336726	0.003940	0.034312	0.002397	-56.661767	-72.481783	-80.122272
35071	9.411408	-2.224348	1.409392	-0.029435	0.099285	0.047305	-56.575643	-72.428331	-80.230123
35072	9.065449	-2.650323	1.780928	-0.063099	0.137167	0.097936	-56.513851	-72.338441	-80.333626
35073	8.948704	-2.723920	1.840627	-0.035057	-0.025227	0.068648	-56.639874	-72.314055	-80.222278
35074	9.548446	-2.599661	1.279811	-0.047201	-0.046313	0.061597	-56.808191	-72.299304	-80.074727
35075	9.297205	-2.638863	1.512703	-0.043319	0.047658	0.074988	-56.835159	-72.248879	-80.072309
35076	9.274766	-2.620292	1.504216	-0.029724	0.007389	0.079113	-56.929464	-72.208798	-79.991911
35077	9.355857	-2.658943	1.438178	-0.027644	0.045280	0.089290	-56.964550	-72.152247	-79.971530
35078	9.231709	-2.708515	1.574329	-0.020729	0.041183	0.088614	-57.011905	-72.097006	-79.935014
35079	9.361525	-2.650983	1.368506	-0.001122	0.033021	0.081053	-57.041701	-72.048228	-79.904209
35080	9.406106	-2.615449	1.396588	-0.005835	0.104937	0.110791	-57.007182	-71.962434	-79.944792
35081	9.329255	-2.719049	1.482994	0.003946	0.114550	0.115176	-56.946617	-71.871814	-80.005961
35082	9.243648	-2.649455	1.509363	0.026919	0.150375	0.121117	-56.837867	-71.766821	-80.104984
35083	9.142266	-2.532768	1.691794	0.028766	0.159590	0.143260	-56.726085	-71.648538	-80.205193
35084	9.207886	-2.698588	1.582467	0.017988	0.139650	0.173557	-56.689709	-71.521702	-80.233477
35085	9.140970	-2.784028	1.705394	0.025420	0.155671	0.175864	-56.618221	-71.388978	-80.293353
35086	9.048985	-2.888075	1.706267	0.026786	0.099318	0.143635	-56.607024	-71.289141	-80.289797
35087	9.289341	-2.602610	1.553920	0.063027	0.072133	0.145450	-56.604442	-71.197295	-80.254222
35088	9.362951	-2.698584	1.552951	0.028921	0.157186	0.189044	-56.553150	-71.057468	-80.291756
35089	9.097271	-3.011583	1.751180	0.040523	0.150256	0.185380	-56.491628	-70.921865	-80.332105
35090	9.221569	-2.913614	1.632757	0.050978	0.076816	0.126449	-56.482517	-70.837327	-80.311695
35091	9.248589	-2.829691	1.708983	0.030870	0.103864	0.106918	-56.419697	-70.753864	-80.359323
35092	9.131388	-2.973490	1.695503	0.009645	0.096815	0.082953	-56.367821	-70.683736	-80.409302
35093	9.132215	-2.833237	1.726856	0.035487	0.053108	0.062683	-56.332076	-70.637458	-80.425471
35094	9.197084	-2.821127	1.710394	0.028904	0.042787	0.073997	-56.334822	-70.588721	-80.405888
35095	9.175959	-2.899097	1.735797	0.034142	0.035121	0.067912	-56.328988	-70.545661	-80.391167
35096	9.279700	-2.938356	1.628857	0.036086	0.005089	0.052831	-56.359386	-70.518974	-80.337889
35097	9.278592	-2.941092	1.630236	0.018256	0.007396	0.015668	-56.353066	-70.509632	-80.333332
35098	9.150885	-2.904409	1.729648	0.007767	-0.005172	-0.007555	-56.359356	-70.514991	-80.322840
35099	9.237430	-2.813337	1.631344	0.034444	-0.029571	-0.002149	-56.377630	-70.525880	-80.282359
35100	9.314493	-2.697409	1.449325	0.029712	0.060947	0.029696	-56.315705	-70.492471	-80.330895
35101	8.924332	-2.739280	1.950685	0.041258	0.137822	0.063636	-56.164258	-70.418756	-80.466351
35102	9.037136	-2.780160	1.775222	0.071200	0.062772	0.091783	-56.132368	-70.355170	-80.457813
35103	9.189286	-2.658942	1.775491	0.084855	0.103202	0.143334	-56.074631	-70.254506	-80.467334
35104	9.082751	-2.883220	1.829476	0.077494	0.121983	0.189244	-56.047706	-70.125652	-80.449684
35105	9.247712	-3.136091	1.663290	0.092094	0.043627	0.156918	-56.076275	-70.037586	-80.363009
35106	9.374006	-3.061073	1.486203	0.107009	0.049007	0.093371	-56.043385	-69.977622	-80.333708
35107	9.154838	-2.922460	1.791297	0.083086	0.109124	0.079960	-55.924078	-69.905150	-80.409875
35108	9.151249	-3.025098	1.725543	0.096714	0.078615	0.060270	-55.830138	-69.851396	-80.451869
35109	9.229705	-2.890708	1.770113	0.077290	0.096561	0.048790	-55.704201	-69.797640	-80.538693
35110	9.175486	-2.960892	1.704095	0.078190	0.094234	0.040547	-55.584384	-69.748095	-80.619617
35111	9.161678	-2.863923	1.759921	0.076762	0.115789	0.040970	-55.428431	-69.691658	-80.738823
35112	9.053523	-2.904399	1.966648	0.070353	0.084082	0.050049	-55.335462	-69.640808	-80.795972
35113	9.339440	-2.915749	1.574130	0.077584	0.058116	0.054802	-55.265457	-69.596518	-80.823065
35114	9.283194	-2.987967	1.672367	0.079353	0.139781	0.068142	-55.113721	-69.518870	-80.937480
35115	9.045470	-2.990053	1.924448	0.088096	0.124116	0.064774	-54.964346	-69.448186	-81.042911
35116	9.198462	-2.889768	1.818621	0.088833	0.088629	0.063035	-54.868401	-69.389578	-81.092049
35117	9.166669	-2.940490	1.872788	0.074203	0.095292	0.075980	-54.774014	-69.323021	-81.147314
35118	9.134752	-2.991948	1.925490	0.078525	0.059429	0.079650	-54.735424	-69.266241	-81.141503
35119	9.155058	-2.976452	1.997073	0.081443	0.014472	0.092701	-54.751791	-69.218564	-81.073930
35120	9.128350	-3.030219	1.769246	0.077007	-0.029650	0.095079	-54.837154	-69.183964	-80.936457
35121	9.433972	-2.976858	1.516159	0.071515	0.077708	0.071912	-54.763011	-69.125111	-80.971782
35122	8.623966	-2.978358	2.325597	0.097201	0.188365	0.076726	-54.553886	-69.026963	-81.137110
35123	8.913261	-2.774133	2.143565	0.080080	-0.002595	0.072742	-54.574146	-68.994348	-81.066101
35124	9.052275	-2.995561	1.935113	0.038319	0.095674	0.083808	-54.518665	-68.923542	-81.103078
35125	8.836890	-2.900195	2.156628	0.051382	0.049648	0.074284	-54.493243	-68.872854	-81.098604
35126	9.019568	-2.955810	1.904932	0.024618	0.068881	0.078512	-54.473726	-68.813400	-81.105469
35127	8.946377	-3.050719	2.074151	0.033072	0.046993	0.073895	-54.461715	-68.763779	-81.097860
35128	9.115416	-3.030257	1.918043	0.024629	0.031350	0.067072	-54.477463	-68.722138	-81.066890
35129	9.106731	-3.083597	1.922141	0.024228	0.035720	0.051056	-54.464457	-68.686920	-81.065782
35130	9.055515	-3.031503	1.979437	0.020013	0.042605	0.042481	-54.448396	-68.652989	-81.071794
35131	8.988239	-3.025950	2.003536	0.017031	0.027960	0.033657	-54.433982	-68.628467	-81.076626
35132	9.121893	-3.022268	1.911031	0.009082	0.027277	0.032111	-54.433665	-68.604464	-81.072462
35133	9.073076	-3.043232	1.946392	0.010760	0.042322	0.031640	-54.404096	-68.576092	-81.097433
35134	9.041745	-3.017349	1.960486	0.011842	0.040959	0.032203	-54.386111	-68.547481	-81.110559
35135	9.172756	-3.280930	1.916092	-0.033031	0.068083	-0.042035	-54.288648	-68.544788	-81.235445
35136	8.634471	-2.469134	2.543820	0.050447	0.011538	0.076062	-54.320812	-68.505584	-81.170925
35137	9.312310	-3.407090	1.314974	0.008006	0.010475	0.009441	-54.311848	-68.498171	-81.175461
35138	8.837694	-2.944817	2.415847	-0.022864	0.056304	0.020818	-54.286227	-68.469711	-81.218191
35139	9.137139	-3.037823	1.836565	0.047324	-0.012978	-0.008721	-54.267010	-68.478590	-81.209534
35140	9.103026	-3.106695	1.937014	-0.015531	0.052140	0.017511	-54.239345	-68.453032	-81.249946
35141	9.016973	-2.972102	2.079431	0.039907	0.026181	0.003463	-54.188595	-68.443132	-81.279760
35142	9.027438	-3.072894	1.986185	0.010695	0.039268	0.010120	-54.154927	-68.425295	-81.310482
35143	8.990475	-2.994218	2.075583	0.027403	0.031785	0.011175	-54.111386	-68.409918	-81.340253
35144	9.005921	-3.046371	2.036314	0.020353	0.028555	0.008986	-54.083890	-68.396181	-81.358396
35145	9.042273	-3.027821	1.975143	0.022038	0.037062	0.014583	-54.040228	-68.377435	-81.391610
35146	9.051172	-3.029371	2.012231	0.027806	0.035661	0.007294	-53.998810	-68.362074	-81.420143
35147	9.012670	-3.048952	2.081129	0.015852	0.041342	0.012137	-53.951745	-68.343000	-81.460840
35148	8.991707	-3.047419	2.019040	0.018232	0.036278	0.008013	-53.915814	-68.327072	-81.489381
35149	8.972841	-2.995294	2.119855	0.017196	0.032591	0.007243	-53.874142	-68.313198	-81.523455
35150	9.029505	-2.979276	2.122547	0.010993	-0.012872	0.021950	-53.911449	-68.307394	-81.477648
35151	9.207199	-3.106008	1.866180	0.001641	-0.006270	0.031561	-53.944544	-68.295375	-81.440849
35152	9.064038	-3.063416	2.036810	0.011244	0.009676	0.025119	-53.958120	-68.280484	-81.420428
35153	9.085946	-3.068730	1.995154	0.012694	0.012211	0.021821	-53.955091	-68.266740	-81.415691
35154	9.032633	-3.038272	2.049627	0.007381	0.018979	0.018939	-53.954841	-68.251569	-81.412538
35155	9.028540	-3.063818	2.051588	0.009749	0.013919	0.014823	-53.945602	-68.240491	-81.416303
35156	9.001510	-3.012035	2.062818	0.009574	0.017746	0.013804	-53.941199	-68.228107	-81.416271
35157	8.986055	-3.035766	2.086037	0.006357	0.010260	0.017982	-53.940822	-68.216799	-81.412588
35158	8.985433	-3.037260	2.086540	0.002489	-0.002049	0.017338	-53.966388	-68.209443	-81.384652
35159	9.061950	-3.049501	2.044873	0.005517	-0.007320	0.017861	-53.986743	-68.204114	-81.359159
35160	9.040126	-3.048445	2.032971	0.000145	-0.002027	0.021261	-54.016894	-68.194915	-81.327730
35161	9.080449	-3.080560	2.001936	0.010292	0.002423	0.017872	-54.023204	-68.186295	-81.314413
35162	9.115672	-3.062549	1.992886	0.005960	0.016430	0.022222	-54.029435	-68.170430	-81.305162
35163	9.104664	-3.063292	1.962271	0.022452	0.027846	0.022849	-54.003530	-68.150943	-81.319042
35164	9.044237	-2.982446	2.094357	0.022476	0.041185	0.037169	-53.984285	-68.119817	-81.327048
35165	8.978248	-3.051156	2.097166	0.016527	0.029830	0.049138	-53.981591	-68.087476	-81.319579
35166	8.994200	-3.008831	2.078083	0.015263	0.023457	0.053445	-54.000515	-68.054771	-81.290900
35167	9.029646	-3.068132	2.049864	0.018459	0.024410	0.055351	-54.008080	-68.021374	-81.271171
35168	9.053645	-3.052448	2.009331	0.015405	0.023156	0.060909	-54.033350	-67.985299	-81.235550
35169	9.136438	-2.996036	2.024810	0.023458	0.027041	0.076396	-54.052404	-67.941252	-81.200326
35170	9.113230	-3.074944	1.996331	0.020317	0.042932	0.095219	-54.080464	-67.882607	-81.158641
35171	9.109391	-3.083575	2.000536	0.022594	0.034870	0.103647	-54.113298	-67.823269	-81.109046
35172	9.113253	-3.118861	1.984194	0.019462	0.057532	0.108864	-54.136110	-67.753378	-81.073534
35173	9.043002	-3.093038	2.119008	0.019735	0.068738	0.110378	-54.137309	-67.679533	-81.059850
35174	9.186448	-3.274956	1.913598	0.012140	0.043572	0.124043	-54.192120	-67.607265	-80.994250
35175	9.154921	-3.059262	2.025325	0.041708	0.088765	0.133324	-54.176581	-67.516040	-80.985038
35176	8.765435	-3.135581	2.305128	-0.012381	0.071117	0.140901	-54.227627	-67.426699	-80.938661
35177	9.016444	-3.187703	2.088712	0.000789	0.014049	0.124629	-54.311617	-67.364512	-80.847024
35178	9.120999	-2.795788	2.251818	-0.008684	0.032040	0.164922	-54.422320	-67.276957	-80.733649
35179	8.928480	-3.108806	2.206774	-0.088985	0.009900	0.244443	-54.655757	-67.160070	-80.535590
35180	9.064953	-3.081333	2.109768	-0.055436	-0.024508	0.247087	-54.917509	-67.052434	-80.287149
35181	9.162680	-3.074835	2.076244	-0.094553	-0.010941	0.293550	-55.210525	-66.918621	-80.027485
35182	9.093444	-3.195023	2.104101	-0.108353	-0.009589	0.339607	-55.550971	-66.761532	-79.725951
35183	9.097261	-3.355699	2.036100	-0.105343	-0.014981	0.361558	-55.898399	-66.595662	-79.413169
35184	9.186421	-3.234437	2.098912	-0.103952	-0.003386	0.371396	-56.244176	-66.420069	-79.102339
35185	9.307716	-3.296975	1.947372	-0.122154	0.009132	0.421918	-56.609044	-66.216239	-78.780175
35186	9.113426	-3.457076	2.029871	-0.122646	0.081254	0.454820	-56.922766	-65.972633	-78.515163
35187	8.858996	-3.507633	2.101575	-0.116306	0.087479	0.456516	-57.212746	-65.726327	-78.270229
35188	8.896628	-3.486075	2.128475	-0.109915	0.082585	0.453828	-57.506032	-65.481689	-78.018660
35189	8.844177	-3.448586	2.272227	-0.118292	0.086724	0.471727	-57.797551	-65.227243	-77.772323
35190	8.979027	-3.473640	2.159622	-0.121045	0.051318	0.487830	-58.141280	-64.974497	-77.471179
35191	9.060871	-3.790647	2.188608	-0.164231	0.106498	0.506711	-58.449677	-64.695905	-77.234235
35192	9.028922	-3.538487	2.323642	-0.152756	0.142323	0.485896	-58.704506	-64.415596	-77.050341
35193	9.183294	-3.801213	2.091037	-0.169003	0.229529	0.589404	-58.930551	-64.059066	-76.906693
35194	8.753376	-3.924418	2.284018	-0.191317	0.222448	0.616158	-59.195569	-63.690503	-76.735035
35195	9.279645	-3.880587	2.165883	-0.164669	0.154468	0.628759	-59.505719	-63.335932	-76.493753
35196	9.257381	-4.071624	2.110382	-0.185310	0.211207	0.690547	-59.808306	-62.933083	-76.275056
35197	9.117466	-4.065257	2.139726	-0.141956	0.203255	0.726562	-60.098434	-62.514896	-76.039968
35198	8.449847	-3.955597	2.177616	-0.167812	0.267626	0.754600	-60.357710	-62.063200	-75.857256
35199	7.912549	-4.049107	2.392515	-0.156533	0.187575	0.725541	-60.655166	-61.648925	-75.621452
35200	8.547666	-3.832190	2.479385	-0.157173	0.071967	0.720289	-61.056074	-61.268061	-75.269191
35201	8.598499	-3.945837	2.417776	-0.210917	0.090747	0.763574	-61.474950	-60.859912	-74.928474
35202	8.760613	-4.196358	2.293872	-0.227507	0.067993	0.808072	-61.941693	-60.433401	-74.544159
35203	8.741400	-4.352823	2.171213	-0.236525	0.101673	0.867344	-62.392463	-59.967207	-74.180693
35204	8.579398	-4.501135	2.139645	-0.221600	0.092758	0.925174	-62.862955	-59.471651	-73.784583
35205	8.664201	-4.402019	2.268943	-0.200145	0.086979	0.987198	-63.332584	-58.945154	-73.371206
35206	8.558888	-4.328402	2.408797	-0.216180	0.086765	1.064076	-63.835454	-58.376607	-72.929219
35207	8.817868	-4.305028	2.557589	-0.242334	0.051154	1.148145	-64.393000	-57.772435	-72.435725
35208	9.159614	-4.375140	2.565638	-0.297488	0.058075	1.286823	-65.015888	-57.091195	-71.900682
35209	8.947622	-4.513860	2.700559	-0.370671	0.078800	1.457061	-65.695871	-56.314027	-71.341067
35210	9.027701	-4.543192	2.865475	-0.418341	0.052484	1.580744	-66.443333	-55.473594	-70.729700
35211	9.439972	-4.561553	2.896331	-0.533760	0.059495	1.744662	-67.265772	-54.541482	-70.098926
35212	9.315211	-4.769999	2.972291	-0.632877	0.102792	1.962475	-68.146010	-53.478452	-69.461134
35213	9.885176	-4.913355	3.469819	-0.696793	0.101616	2.146043	-69.066646	-52.312783	-68.807228
35214	10.793245	-4.679522	3.915855	-0.847781	0.225461	2.338904	-69.996629	-51.011924	-68.242861
35215	11.614083	-4.307514	4.607111	-0.989370	0.425456	2.473332	-70.858807	-49.595474	-67.858927
35216	11.466258	-4.753771	4.490287	-1.388612	0.680302	2.683097	-71.798619	-48.014509	-67.669216
35217	11.931351	-7.131806	4.435877	-1.584724	0.702807	2.915417	-72.840087	-46.301158	-67.487061
35218	14.774095	-6.190742	4.253161	-1.433484	1.202309	2.811793	-73.469035	-44.560247	-67.758886
35219	11.526754	-4.756185	4.843347	-1.947894	1.930928	3.072560	-74.043408	-42.561033	-68.544767
35220	10.825938	-5.621693	3.043087	-1.965395	1.985696	3.197006	-74.639361	-40.491604	-69.345981
35221	8.759637	-5.715255	2.143715	-2.211231	2.083736	3.474234	-75.382472	-38.260389	-70.171545
35222	8.327407	-6.153128	1.992297	-2.221952	1.702055	3.569183	-76.319636	-36.041084	-70.729488
35223	9.361326	-6.032957	2.043056	-2.288502	1.562098	3.747724	-77.364087	-33.746888	-71.195757
35224	9.248478	-6.714764	2.016564	-2.405122	1.534245	3.966731	-78.498385	-31.343157	-71.650778
35225	9.490118	-6.660378	1.755536	-2.450919	1.490696	4.054954	-79.671500	-28.900602	-72.111415
35226	9.435702	-6.065308	1.618662	-2.427279	1.612700	4.128511	-80.796639	-26.415991	-72.685724
35227	9.272719	-5.338348	1.573945	-2.479097	1.798859	4.213796	-81.909318	-23.874578	-73.409990
35228	8.900765	-5.060148	0.947696	-2.502476	2.089181	4.280892	-82.984796	-21.289957	-74.345402
35229	8.215950	-4.299684	0.675416	-2.493733	2.449802	4.306930	-84.008238	-18.679527	-75.531520
35230	7.416572	-3.947430	-0.521418	-2.501286	2.908738	4.224332	-84.995048	-16.115740	-77.026506
35231	6.533930	-1.704951	0.101517	-1.821660	3.260337	3.561078	-85.584162	-13.929119	-78.780195
35232	12.592483	-4.779295	4.790703	-1.639683	2.981030	2.313141	-86.146556	-12.490169	-80.431721
35233	17.064563	-10.034838	-0.765925	-1.275806	2.909857	0.807497	-86.523958	-11.922227	-82.103438
35234	13.073053	-4.689898	1.254098	-0.226196	3.398885	-0.848942	-86.229590	-12.292851	-84.122764
35235	8.713191	-3.577913	1.378777	-0.218202	2.978877	-1.684060	-85.955406	-13.139644	-85.935467
35236	7.913220	-6.036639	0.070213	0.232504	2.867814	-2.154083	-85.398910	-14.256287	-87.718045
35237	6.109946	-6.957124	0.329720	0.745546	2.927344	-2.310415	-84.497937	-15.427716	-89.566690
35238	5.104132	-6.885634	-0.252854	1.230992	2.686538	-2.511973	-83.305866	-16.705837	-91.319208
35239	6.220631	-6.289870	-0.551067	1.590614	2.559761	-2.725740	-81.875838	-18.065893	-93.053912
35240	6.792185	-6.443591	-1.103853	1.777131	2.611777	-2.884355	-80.265541	-19.477174	-94.887059
35241	7.175639	-6.508017	-1.505377	1.958399	2.629124	-3.089801	-78.477993	-20.939832	-96.812295
35242	7.686883	-6.548595	-1.942749	2.035347	2.615957	-3.325858	-76.562131	-22.488042	-98.831860
35243	8.386446	-6.707419	-2.355272	2.054961	2.631747	-3.610427	-74.533075	-24.115478	-100.983490
35244	9.160109	-6.906747	-2.758588	2.022161	2.699760	-3.911295	-72.383187	-25.835579	-103.324576
35245	9.451661	-6.907492	-3.222646	1.928397	2.850492	-4.164451	-70.114002	-27.570712	-105.914022
35246	8.971054	-6.900021	-3.763348	1.763722	3.011589	-4.331258	-67.745093	-29.279145	-108.761187
35247	7.941535	-6.670202	-4.304642	1.535702	3.101650	-4.358230	-65.345104	-30.863420	-111.793294
35248	6.819459	-6.763429	-4.861433	1.222189	3.018667	-4.264998	-63.028357	-32.323710	-114.872689
35249	6.067730	-6.873295	-5.356897	0.904268	2.736065	-4.137005	-60.887395	-33.679597	-117.851085
35250	5.834022	-6.618262	-5.503702	0.557789	2.300670	-4.032492	-58.992348	-35.032698	-120.637464
35251	6.480642	-6.304322	-5.422476	0.140757	1.786692	-3.974762	-57.422211	-36.429782	-123.187274
35252	7.608616	-6.300251	-5.195517	-0.312997	1.356787	-3.970818	-56.159104	-37.921436	-125.570000
35253	8.790400	-6.410532	-4.656289	-0.750582	1.046184	-3.989213	-55.159570	-39.471275	-127.856085
35254	9.783495	-6.670902	-4.066207	-1.155678	0.929372	-3.997160	-54.329927	-41.048480	-130.160776
35255	10.232476	-7.094294	-3.588114	-1.469349	0.985332	-3.965046	-53.567998	-42.553712	-132.566452
35256	10.212426	-7.451210	-3.290570	-1.731946	1.108058	-3.893310	-52.819877	-43.974437	-135.102570
35257	9.988889	-7.577264	-3.143660	-1.937763	1.202228	-3.800368	-52.080870	-45.281720	-137.734548
35258	9.582641	-7.672260	-3.003730	-2.099712	1.221663	-3.693542	-51.359209	-46.524771	-140.411339
35259	9.490511	-7.672734	-2.852755	-2.221137	1.164249	-3.586476	-50.681552	-47.703301	-143.072700
35260	9.811860	-7.712022	-2.762677	-2.317897	1.075808	-3.504419	-50.034882	-48.871890	-145.714831
35261	10.310927	-7.664990	-2.606271	-2.413854	1.007423	-3.444035	-49.412796	-50.004947	-148.353831
35262	10.740452	-7.607059	-2.518913	-2.494242	0.985633	-3.395918	-48.768140	-51.121486	-151.035692
35263	11.099044	-7.568664	-2.479262	-2.557683	1.001901	-3.372788	-48.069173	-52.186736	-153.795106
35264	10.967444	-7.474462	-2.504245	-2.602337	1.013838	-3.368309	-47.283135	-53.238629	-156.653832
35265	10.627729	-7.358276	-2.666809	-2.636634	0.994417	-3.354067	-46.434700	-54.252014	-159.578997
35266	10.202768	-7.244520	-2.817576	-2.668607	0.947185	-3.298945	-45.545523	-55.250690	-162.536594
35267	10.014619	-7.317965	-2.831584	-2.699092	0.867999	-3.204842	-44.672986	-56.201320	-165.463596
35268	10.148284	-7.406568	-2.897525	-2.709022	0.813286	-3.092178	-43.792746	-57.119626	-168.371572
35269	10.141272	-7.450258	-2.851788	-2.719935	0.757957	-2.970619	-42.936086	-57.973284	-171.233324
35270	10.078583	-7.438606	-2.860035	-2.711399	0.672486	-2.870322	-42.086617	-58.816784	-174.051152
35271	10.019266	-7.404113	-2.757700	-2.697141	0.545242	-2.792764	-41.275295	-59.648200	-176.793589
35272	9.975168	-7.367303	-2.531646	-2.670903	0.387864	-2.726891	-40.489298	-60.518904	-179.462351
35273	9.890568	-7.455334	-2.329900	-2.643945	0.205322	-2.659190	-39.768588	-61.411593	177.980982
35274	9.792118	-7.503809	-2.010810	-2.588856	-0.001598	-2.591721	-39.094205	-62.371429	175.538348
35275	9.650915	-7.637449	-1.650859	-2.514187	-0.177218	-2.495477	-38.484394	-63.346921	173.234549
35276	9.469292	-7.637854	-1.359337	-2.396642	-0.341133	-2.375031	-37.913210	-64.357724	171.071916
35277	9.142124	-7.671196	-1.048090	-2.262375	-0.477233	-2.220022	-37.419988	-65.352026	169.095336
35278	8.847198	-7.738979	-0.779098	-2.101587	-0.621471	-2.034552	-37.021152	-66.356051	167.341806
35279	8.516942	-7.720312	-0.642793	-1.915240	-0.772360	-1.824205	-36.785036	-67.338055	165.891727
35280	8.173654	-7.725541	-0.474884	-1.723590	-0.938993	-1.580305	-36.770593	-68.326046	164.812506
35281	7.913104	-7.643758	-0.327866	-1.519761	-1.131106	-1.318978	-37.087022	-69.298637	164.218153
35282	7.877478	-7.622449	-0.188931	-1.318453	-1.350013	-1.054892	-37.805159	-70.294851	164.180667
35283	8.454260	-7.637794	0.042766	-1.105187	-1.562435	-0.819213	-38.977838	-71.288484	164.752049
35284	9.047357	-7.699392	0.234646	-0.901833	-1.756256	-0.647528	-40.577415	-72.313600	165.893548
35285	9.681700	-7.648820	0.407734	-0.708695	-1.925191	-0.570339	-42.561283	-73.356264	167.544989
35286	10.347229	-7.604420	0.728038	-0.509928	-2.044966	-0.590917	-44.806757	-74.451586	169.578954
35287	11.010766	-7.481843	1.211971	-0.315707	-2.097723	-0.704648	-47.168992	-75.577742	171.837123
35288	11.193286	-7.309641	1.624567	-0.133805	-2.011205	-0.833201	-49.452125	-76.714269	174.110174
35289	10.767898	-7.319339	1.908428	0.040705	-1.864374	-0.931769	-51.573804	-77.806245	176.309361
35290	10.065404	-7.336683	2.058200	0.225977	-1.731953	-0.994275	-53.599876	-78.874315	178.510539
35291	8.982405	-7.223810	1.971788	0.398030	-1.635555	-0.992479	-55.693048	-79.881020	-179.127700
35292	7.941127	-7.023996	1.967237	0.546881	-1.616857	-0.918129	-58.291023	-80.838386	-176.174651
35293	7.266596	-6.998158	1.862351	0.679698	-1.658004	-0.791153	-61.789624	-81.706493	-172.241044
35294	7.028312	-7.003182	1.851298	0.799366	-1.721428	-0.632681	-66.632435	-82.472313	-166.889475
35295	6.989808	-6.936979	1.813306	0.900271	-1.759922	-0.457625	-72.864242	-83.068832	-160.087825
35296	7.241604	-6.927357	1.795387	0.995469	-1.752896	-0.295204	-80.315829	-83.474027	-152.010582
35297	7.723144	-6.884207	1.905522	1.082433	-1.712085	-0.181951	-88.282409	-83.676161	-143.369590
35298	7.971510	-6.693337	2.003704	1.155551	-1.626398	-0.112770	-96.157032	-83.707834	-134.781288
35299	7.985686	-6.503389	2.037900	1.204054	-1.516154	-0.095076	-103.267468	-83.615057	-126.932985
35300	7.788233	-6.399834	1.967967	1.214085	-1.393082	-0.072085	-109.501314	-83.428909	-119.959351
35301	7.435397	-6.379333	1.985931	1.208638	-1.272593	-0.020169	-114.602298	-83.165735	-114.125916
35302	7.154097	-6.258727	1.960785	1.164945	-1.127046	0.076988	-118.542871	-82.834428	-109.483548
35303	6.880662	-6.179183	1.898891	1.075745	-0.970021	0.229233	-121.155855	-82.443877	-106.227244
35304	6.705035	-6.028912	1.882007	0.936114	-0.816647	0.398702	-122.690514	-81.998343	-104.137197
35305	12.158433	-6.193208	2.581719	1.045367	-0.861647	0.324822	-124.236613	-81.570903	-101.969764
35306	23.345488	0.162013	6.889144	1.270427	1.315186	0.227646	-118.666563	-81.848395	-106.863089
35307	9.164225	0.702799	1.399449	-1.091778	3.484470	0.897570	-104.739968	-82.111220	-121.557277
35308	5.371404	-2.783006	-2.005383	-0.846394	2.375556	1.121157	-95.043823	-81.708962	-131.840377
35309	7.027350	-1.621614	-1.532946	-0.650245	2.263353	0.615444	-86.654563	-81.374957	-140.697983
35310	10.217543	2.223936	-1.282657	-0.882963	1.933658	0.590220	-80.378453	-80.913057	-147.561994
35311	13.903002	4.487501	-3.661124	-1.119544	1.675410	0.711092	-75.843996	-80.316409	-152.807819
35312	15.610861	2.589970	-2.262886	-1.367554	2.211011	0.513902	-70.280705	-79.667069	-159.252974
35313	11.967392	-3.489977	2.870355	-1.244326	2.978498	0.355465	-63.165423	-78.803990	-167.220644
35314	5.587905	-2.379152	4.325919	-0.735579	2.710638	0.308016	-57.493225	-77.884791	-173.442703
35315	7.673045	-1.276386	4.897593	-0.588517	1.715889	0.372939	-54.681919	-77.159142	-176.667120
35316	10.253161	-0.614057	3.904606	-0.465783	1.547109	0.396017	-52.499554	-76.454691	-179.183176
35317	7.270942	-0.591408	7.615451	-0.446338	1.598398	0.613787	-50.746398	-75.610778	178.746954
35318	7.188129	-4.295625	6.281367	-0.052754	0.718619	0.894483	-50.809655	-74.957732	178.780705
35319	7.108101	-1.599708	3.734183	0.520190	0.460909	1.037104	-51.127217	-74.330313	179.419260
35320	7.830724	-0.955205	1.438836	0.254543	0.124090	1.293781	-52.399892	-73.707640	-179.105664
35321	13.755530	-2.530459	1.237234	0.045724	-0.232031	1.262902	-54.188756	-73.207400	-177.212100
35322	15.851687	-4.741177	-0.842838	-0.424287	0.319904	1.035864	-55.074601	-72.620937	-176.540235
35323	8.793371	-4.789378	0.708410	-0.007212	1.065268	0.646902	-54.191761	-71.965867	-177.471134
35324	8.289475	-2.380974	3.379824	0.210553	0.379192	0.368042	-53.924539	-71.671261	-177.626160
35325	10.633242	-3.069403	0.867694	-0.101766	0.219234	0.390302	-54.072238	-71.416990	-177.531757
35326	8.777529	-3.228887	1.702332	0.085447	0.528711	0.282161	-53.595139	-71.111293	-177.984620
35327	8.940478	-2.485630	2.491269	0.046805	0.156634	0.236889	-53.592541	-70.949271	-177.958845
35328	9.467735	-3.033470	1.288686	0.010531	0.194152	0.207573	-53.543381	-70.791020	-178.005280
35329	8.868808	-2.639186	1.995807	0.058508	0.161709	0.167134	-53.459744	-70.659410	-178.058204
35330	9.394604	-2.866639	1.564948	0.010748	0.092742	0.153279	-53.492039	-70.560687	-178.018261
35331	9.175513	-2.718906	1.755799	0.053891	0.146330	0.128276	-53.394565	-70.452192	-178.088742
35332	9.136809	-2.771403	1.779826	0.022122	0.104571	0.118651	-53.371975	-70.365364	-178.100112
35333	9.070219	-2.810157	1.815331	0.025020	0.088029	0.097739	-53.337923	-70.290808	-178.120885
35334	9.155033	-2.820695	1.753552	0.026548	0.044933	0.068624	-53.341850	-70.247346	-178.101417
35335	9.180703	-2.730314	1.772664	0.015505	0.051470	0.053142	-53.317736	-70.205791	-178.117436
35336	9.126148	-2.763705	1.780346	0.014601	0.029820	0.055179	-53.335050	-70.173668	-178.091020
35337	9.224649	-2.737383	1.667518	0.010711	0.025483	0.051238	-53.345013	-70.141879	-178.073738
35338	9.243913	-2.735101	1.706570	0.013770	0.036763	0.057820	-53.356438	-70.106161	-178.054091
35339	9.220251	-2.747478	1.675221	0.013084	0.052774	0.061333	-53.339869	-70.060398	-178.063575
35340	9.219675	-2.733276	1.708762	0.015159	0.060527	0.073397	-53.335141	-70.009400	-178.060273
35341	9.254717	-2.752370	1.678699	0.018444	0.077402	0.081192	-53.303213	-69.946080	-178.082841
35342	9.191114	-2.768388	1.740575	0.017561	0.087841	0.083429	-53.272399	-69.881132	-178.105863
35343	9.239705	-2.855573	1.717454	0.024524	0.090225	0.086388	-53.226163	-69.811021	-178.139980
35344	9.207008	-2.850016	1.741429	0.037171	0.098414	0.081042	-53.169270	-69.743526	-178.178859
35345	9.193211	-2.857179	1.774036	0.037814	0.100550	0.080903	-53.098139	-69.672357	-178.231431
35346	9.184433	-2.917250	1.781357	0.042778	0.099355	0.060700	-53.018813	-69.613814	-178.290864
35347	9.058357	-2.807649	1.527050	0.074986	0.102000	0.053006	-52.899642	-69.554848	-178.372012
35348	9.926186	-3.035138	1.570722	0.012276	0.117021	0.016612	-52.776397	-69.510245	-178.497041
35349	8.417909	-2.801564	2.236611	0.126545	0.223362	0.057852	-52.486111	-69.406707	-178.729442
35350	9.847987	-2.711122	1.501463	0.057208	0.101408	0.054475	-52.392981	-69.350029	-178.794928
35351	8.805827	-3.243353	1.962063	0.085742	0.275547	0.007424	-52.020538	-69.250399	-179.140390
35352	9.174871	-2.576620	2.047145	0.092884	0.077491	-0.017067	-51.870694	-69.234249	-179.244746
35353	9.193673	-2.878257	1.747459	0.064299	0.202180	-0.003546	-51.591068	-69.164578	-179.504293
35354	8.899231	-2.672920	2.170543	0.062356	0.130206	-0.001239	-51.412377	-69.122256	-179.658309
35355	9.096082	-2.790327	1.977072	0.042984	0.107195	0.014923	-51.276066	-69.077695	-179.777690
35356	9.091897	-2.811315	1.959270	0.035220	0.088748	0.015311	-51.177987	-69.042576	-179.862126
35357	9.152589	-2.891642	1.916161	0.034971	0.096391	0.005446	-51.050853	-69.005958	-179.976657
35358	9.049026	-2.797608	2.014289	0.043469	0.091746	-0.013557	-50.918208	-68.982474	179.906895
35359	9.115380	-2.713693	2.000897	0.030317	0.077347	0.001235	-50.812518	-68.954436	179.812439
35360	9.166422	-2.909018	1.870794	0.027485	0.084945	0.003271	-50.713288	-68.925787	179.721939
35361	9.142668	-2.813448	2.004779	0.042653	0.093871	-0.006929	-50.574403	-68.895231	179.599445
35362	9.079799	-2.826782	1.986242	0.041707	0.093137	-0.008863	-50.446893	-68.868817	179.487316
35363	9.049380	-2.811845	2.009290	0.041923	0.088924	-0.015476	-50.306689	-68.843636	179.362913
35364	9.041056	-2.769172	2.095429	0.033936	0.074682	-0.008454	-50.205662	-68.823616	179.274366
35365	9.138869	-2.793442	1.986515	0.031126	0.055719	-0.005061	-50.119692	-68.805872	179.201459
35366	9.096863	-2.800012	2.001242	0.031495	0.073931	-0.003592	-50.025909	-68.783886	179.119153
35367	9.095319	-2.791861	2.088767	0.029391	0.058466	-0.004014	-49.939110	-68.764589	179.044269
35368	9.125030	-2.790637	2.028872	0.026245	0.067442	-0.004016	-49.855643	-68.745088	178.969775
35369	9.045169	-2.763724	2.106886	0.025677	0.066702	-0.007635	-49.758564	-68.724247	178.881558
35370	9.116340	-2.863267	2.011464	0.019864	0.051094	-0.007067	-49.694534	-68.712051	178.823975
35371	9.142589	-2.786814	2.003686	0.033173	0.068365	-0.013324	-49.586175	-68.692983	178.728242
35372	9.091693	-2.772558	2.068382	0.035602	0.065749	-0.001777	-49.502090	-68.672967	178.658787
35373	9.128180	-2.805055	2.013120	0.039376	0.085485	-0.003343	-49.380994	-68.643056	178.553165
35374	9.086400	-2.783635	2.137982	0.044758	0.081520	-0.001679	-49.274692	-68.617014	178.465453
35375	9.183205	-2.828833	2.003743	0.036897	0.078382	-0.006652	-49.160292	-68.591047	178.365460
35376	9.087393	-2.855455	2.102881	0.043643	0.088402	-0.013526	-49.036263	-68.567425	178.257981
35377	9.121589	-2.790925	2.128464	0.039781	0.077662	-0.025596	-48.903365	-68.549759	178.139856
35378	9.062453	-2.761882	2.162725	0.035770	0.070540	-0.022072	-48.795778	-68.536379	178.045163
35379	9.097754	-2.805864	2.159088	0.031742	0.048684	-0.022078	-48.702930	-68.527979	177.965104
35380	9.111555	-2.769339	2.116712	0.031267	0.040944	-0.024807	-48.627889	-68.526854	177.902600
35381	9.107750	-2.800104	2.146608	0.031269	0.040947	-0.024816	-48.541213	-68.522479	177.828879
35382	9.071566	-2.750587	2.160826	0.028280	0.035944	-0.023091	-48.475083	-68.522449	177.774103
35383	9.104254	-2.727436	2.125924	0.021617	0.027303	-0.019954	-48.413539	-68.521109	177.721445
35384	9.160261	-2.663730	2.102098	0.026182	0.033209	-0.007155	-48.367057	-68.515250	177.686488
35385	9.071274	-2.753656	2.092371	0.023456	0.066186	0.011323	-48.292518	-68.485673	177.620988
35386	9.005499	-2.646038	2.256928	0.023351	0.048100	0.024279	-48.262065	-68.460681	177.601500
35387	9.047973	-2.736786	2.173651	-0.003995	0.029638	0.040041	-48.270799	-68.432738	177.608598
35388	9.006488	-2.727425	2.211357	0.005350	0.027938	0.042370	-48.289955	-68.407692	177.631356
35389	9.061996	-2.778285	2.159197	-0.006246	0.007916	0.047611	-48.330662	-68.384787	177.671457
35390	9.155935	-2.834837	2.152040	-0.004646	0.019161	0.044765	-48.367239	-68.362041	177.706793
35391	8.991182	-2.739557	2.237601	0.009608	0.014093	0.041492	-48.386175	-68.339388	177.733257
35392	9.261790	-2.910045	1.963050	-0.010547	0.004145	0.036375	-48.434216	-68.325925	177.777289
35393	8.852980	-2.652236	2.392511	0.019050	0.052208	0.033458	-48.398905	-68.292214	177.751202
35394	9.036521	-2.654745	2.212053	-0.011891	-0.022288	0.059046	-48.497741	-68.279060	177.849085
35395	9.112201	-2.809399	2.166848	-0.021510	-0.000042	0.079033	-48.585175	-68.245621	177.930113
35396	9.058504	-2.824299	2.195563	-0.013365	-0.004637	0.077876	-48.683371	-68.217572	178.026423
35397	9.098810	-2.831861	2.106386	-0.016242	-0.011759	0.076320	-48.777339	-68.189630	178.117772
35398	9.068996	-2.805162	2.146091	-0.004599	-0.003612	0.076134	-48.867351	-68.161824	178.210699
35399	9.117042	-2.825845	2.088756	-0.004843	0.000654	0.082659	-48.946907	-68.126366	178.293596
35400	9.147306	-2.813319	2.051929	0.008310	0.032041	0.090575	-49.004260	-68.078821	178.359325
35401	8.989162	-2.815283	2.251442	0.003898	0.031330	0.103902	-49.065117	-68.022581	178.427516
35402	9.116579	-2.952656	2.127181	0.001995	0.008094	0.097470	-49.157629	-67.980973	178.527293
35403	9.060897	-2.879526	2.157598	0.021442	0.028913	0.079612	-49.187921	-67.936108	178.573397
35404	8.961843	-2.825435	2.248484	0.011291	0.008939	0.078046	-49.255791	-67.902530	178.652368
35405	9.050719	-2.839129	2.184623	0.009149	-0.003644	0.086269	-49.333655	-67.866903	178.742243
35406	9.046845	-2.867615	2.157010	0.006649	-0.000871	0.090672	-49.425772	-67.831401	178.844549
35407	8.954275	-2.848752	2.249217	0.004993	0.001297	0.100681	-49.513318	-67.787555	178.942357
35408	8.913459	-2.823761	2.310702	-0.004039	-0.027626	0.107636	-49.654887	-67.754444	179.091513
35409	9.188112	-2.929853	2.061767	-0.011877	-0.050162	0.117597	-49.821539	-67.722084	179.264403
35410	9.188294	-3.015657	2.008239	0.003535	0.018234	0.114101	-49.914730	-67.668921	179.366025
35411	9.027881	-2.949716	2.178565	0.020483	0.029889	0.105732	-49.965810	-67.612015	179.434116
35412	9.045347	-2.959212	2.137727	0.022881	0.025767	0.104988	-50.031062	-67.559989	179.517562
35413	9.055283	-2.927082	2.174571	0.027538	0.037123	0.104550	-50.068760	-67.500890	179.575601
35414	8.909883	-2.914731	2.300116	0.023898	0.039947	0.113992	-50.125784	-67.439635	179.650819
35415	9.009477	-2.911890	2.243655	0.021523	-0.004838	0.120959	-50.225175	-67.388665	179.771992
35416	9.222638	-3.014461	1.998760	0.022353	0.024100	0.135133	-50.317542	-67.323792	179.884597
35417	8.893915	-3.075520	2.254315	0.036540	0.057911	0.117925	-50.338544	-67.251084	179.930230
35418	9.019457	-2.923618	2.237711	0.039517	0.013953	0.122473	-50.419855	-67.195415	-179.958406
35419	9.060226	-3.010728	2.102028	0.037300	0.049008	0.128017	-50.457903	-67.121465	-179.893762
35420	8.795086	-3.014920	2.443026	0.045045	0.054828	0.127172	-50.496496	-67.048743	-179.825244
35421	8.973660	-3.041572	2.317020	0.019970	-0.025835	0.114300	-50.610087	-67.008057	-179.689271
35422	9.352659	-3.216290	1.961159	0.007988	-0.016892	0.122809	-50.740097	-66.963176	-179.544459
35423	9.035126	-3.214330	2.083170	0.053750	0.057434	0.098477	-50.733233	-66.899145	-179.518275
35424	8.836938	-3.011632	2.397486	0.047963	0.035458	0.089399	-50.756923	-66.850040	-179.464083
35425	8.969953	-3.104123	2.197483	0.041215	0.012723	0.078454	-50.786448	-66.811091	-179.406110
35426	9.071158	-3.070122	2.250011	0.044890	0.021946	0.079807	-50.817484	-66.771089	-179.345816
35427	9.024870	-3.132275	2.125018	0.032158	0.025866	0.079952	-50.839574	-66.726694	-179.301548
35428	8.903859	-3.065381	2.341157	0.039089	0.032232	0.073553	-50.857825	-66.685726	-179.258771
35429	8.877800	-3.119455	2.252309	0.026860	0.008705	0.065075	-50.887930	-66.654135	-179.209054
35430	8.907958	-3.097015	2.296358	0.029392	0.012880	0.059759	-50.919918	-66.626249	-179.157354
35431	8.939839	-3.082582	2.259463	0.023685	0.000826	0.058312	-50.954095	-66.600489	-179.105161
35432	8.986701	-3.094362	2.283799	0.022022	-0.005533	0.057010	-51.006762	-66.580423	-179.035515
35433	9.137144	-3.125056	2.140627	0.011307	-0.018922	0.065248	-51.073892	-66.558650	-178.955121
35434	8.972397	-3.200372	2.226771	0.013126	0.021597	0.056668	-51.103311	-66.528920	-178.916362
35435	8.925558	-3.155669	2.260006	0.022523	0.012465	0.044060	-51.114009	-66.505268	-178.890456
35436	8.918544	-3.125061	2.257959	0.014608	0.009414	0.039156	-51.140517	-66.487698	-178.853944
35437	8.956570	-3.143048	2.224379	0.011365	0.007176	0.035190	-51.155624	-66.469897	-178.830194
35438	8.941087	-3.090419	2.271355	0.016160	0.009326	0.032429	-51.175734	-66.455337	-178.799688
35439	8.916494	-3.112800	2.289114	0.007984	0.012753	0.037213	-51.188675	-66.434625	-178.780409
35440	8.804084	-3.112738	2.317399	0.012878	0.003593	0.028926	-51.213587	-66.423667	-178.746712
35441	8.787238	-3.080658	2.335275	0.000931	-0.018321	0.030983	-51.257190	-66.416879	-178.698384
35442	8.901630	-3.140907	2.281609	0.002131	-0.040716	0.030732	-51.335054	-66.420938	-178.613626
35443	8.924734	-3.124660	2.261378	-0.011912	-0.041513	0.040080	-51.417214	-66.418324	-178.531255
35444	8.981958	-3.157111	2.230973	-0.011208	-0.057693	0.035335	-51.523970	-66.426260	-178.423319
35445	9.096541	-3.151404	2.144610	-0.012826	-0.064580	0.042960	-51.632746	-66.430450	-178.312487
35446	9.118887	-3.299571	2.073748	-0.014540	-0.030319	0.041497	-51.718361	-66.425737	-178.229713
35447	8.993183	-3.244037	2.145294	0.008061	-0.007174	0.020424	-51.737673	-66.419576	-178.203431
35448	8.939461	-3.175071	2.225885	0.006536	0.000443	0.017294	-51.759890	-66.414792	-178.176667
35449	8.923143	-3.141423	2.244364	0.006812	-0.002541	0.007153	-51.764344	-66.412954	-178.167375
35450	8.902946	-3.149097	2.207689	0.002710	-0.002568	0.009781	-51.785761	-66.412601	-178.143878
35451	8.951385	-3.157120	2.231206	0.007156	-0.006059	0.005935	-51.792654	-66.412556	-178.131711
35452	8.933290	-3.144044	2.221595	0.005577	-0.009455	0.013109	-51.822246	-66.413127	-178.097503
35453	8.893968	-3.129917	2.255384	0.002546	-0.016541	0.011622	-51.847208	-66.414228	-178.068502
35454	8.931184	-3.166872	2.191533	0.000513	-0.019380	0.011553	-51.888695	-66.418985	-178.024483
35455	8.910085	-3.166297	2.233779	0.001666	-0.019453	0.006516	-51.913046	-66.423404	-177.996700
35456	8.962301	-3.161842	2.202282	-0.000065	-0.029303	0.005688	-51.960431	-66.434276	-177.946615
35457	8.989277	-3.197540	2.159467	0.000361	-0.025834	0.003548	-51.989765	-66.442272	-177.914215
35458	9.018116	-3.212305	2.145061	0.004168	-0.009652	0.003982	-52.013087	-66.446953	-177.887744
35459	9.066770	-3.152934	2.138911	0.008460	-0.008824	0.006585	-52.022641	-66.447570	-177.871862
35460	8.978781	-3.197872	2.179504	0.006942	0.007937	0.005766	-52.027647	-66.445241	-177.863645
35461	8.928671	-3.115220	2.208016	0.005600	0.007209	0.005568	-52.021405	-66.440664	-177.866781
35462	8.987414	-3.124331	2.210300	0.003523	0.002508	0.018105	-52.043977	-66.434667	-177.841539
35463	8.984569	-3.146988	2.183359	-0.000611	0.008138	0.023500	-52.054811	-66.421662	-177.829928
35464	8.951693	-3.147712	2.249600	-0.005106	0.000626	0.037645	-52.100006	-66.407486	-177.785396
35465	9.012894	-3.147229	2.198078	-0.009590	0.000631	0.041949	-52.138558	-66.388773	-177.749148
35466	9.011248	-3.151800	2.198273	-0.006550	0.009349	0.055568	-52.189831	-66.363388	-177.698875
35467	8.916014	-3.167862	2.235519	-0.007552	0.006740	0.066282	-52.240252	-66.331487	-177.648381
35468	8.921157	-3.120479	2.237517	-0.019586	0.005331	0.076159	-52.319348	-66.298131	-177.575865
35469	8.973561	-3.177957	2.183772	-0.016197	-0.004268	0.083475	-52.399450	-66.262231	-177.498336
35470	9.098212	-2.986564	2.237711	-0.015824	-0.008531	0.115866	-52.521700	-66.215578	-177.376280
35471	9.043252	-3.222744	2.192152	-0.050489	0.002300	0.159635	-52.674037	-66.142599	-177.241207
35472	9.048039	-3.163538	2.220256	-0.023260	-0.005539	0.166615	-52.835929	-66.071525	-177.080341
35473	8.990312	-3.185429	2.248513	-0.049183	0.006683	0.199710	-53.012310	-65.978403	-176.917974
35474	8.870326	-3.221408	2.247278	-0.053295	-0.000783	0.212021	-53.219251	-65.884481	-176.726415
35475	9.011047	-3.282771	2.155183	-0.054594	-0.005470	0.221038	-53.424685	-65.785261	-176.535361
35476	8.930559	-3.306580	2.226939	-0.050373	0.009380	0.223362	-53.625033	-65.682092	-176.348927
35477	8.946437	-3.309138	2.209391	-0.057760	0.005387	0.234440	-53.828011	-65.572452	-176.162248
35478	8.992622	-3.307431	2.206549	-0.064641	0.016181	0.248898	-54.045164	-65.454608	-175.966031
35479	9.011344	-3.422375	2.141393	-0.061023	0.018726	0.266733	-54.256509	-65.324926	-175.771853
35480	9.058285	-3.403453	2.168449	-0.057398	0.052769	0.283833	-54.453858	-65.178011	-175.592494
35481	8.997440	-3.414526	2.228974	-0.055936	0.070844	0.307802	-54.635001	-65.011288	-175.427940
35482	9.132911	-3.459676	2.253783	-0.059927	0.118443	0.337061	-54.801334	-64.817276	-175.283972
35483	8.927337	-3.483069	2.252128	-0.082966	0.146857	0.385580	-54.972077	-64.588637	-175.147523
35484	8.824736	-3.501481	2.192726	-0.063621	0.140987	0.398933	-55.155825	-64.357807	-174.986121
35485	8.854045	-3.540767	2.307498	-0.072135	0.145688	0.411682	-55.333653	-64.116903	-174.834383
35486	8.845694	-3.526284	2.319703	-0.078714	0.135187	0.433844	-55.548707	-63.871028	-174.647163
35487	8.775462	-3.624343	2.331992	-0.090584	0.110588	0.447968	-55.788005	-63.623817	-174.438039
35488	9.035204	-3.634212	2.391727	-0.094817	0.095065	0.462524	-56.061123	-63.376521	-174.195496
35489	8.965491	-3.698331	2.264568	-0.116849	0.108809	0.524764	-56.356877	-63.092447	-173.939060
35490	9.318862	-3.823468	2.430726	-0.117545	0.076090	0.552643	-56.706246	-62.806958	-173.624399
35491	9.312136	-3.767820	2.328800	-0.152579	0.122675	0.619263	-57.054539	-62.471861	-173.330491
35492	9.210427	-3.947111	2.276399	-0.162368	0.124044	0.685161	-57.449094	-62.105917	-172.991977
35493	9.148345	-4.019146	2.267418	-0.153236	0.147074	0.729539	-57.822729	-61.708216	-172.667791
35494	8.961123	-3.991640	2.330046	-0.161755	0.172874	0.778009	-58.206316	-61.280305	-172.338931
35495	8.671030	-4.007528	2.371664	-0.163766	0.161283	0.820687	-58.603296	-60.831843	-171.992336
35496	8.630162	-4.042552	2.456148	-0.172880	0.151089	0.845905	-59.026884	-60.374984	-171.622129
35497	8.446518	-4.005025	2.462467	-0.193823	0.132692	0.886633	-59.476516	-59.899993	-171.231533
35498	8.507187	-4.230404	2.360186	-0.208809	0.103386	0.914540	-59.970328	-59.420142	-170.800375
35499	8.443039	-4.311341	2.403283	-0.212118	0.099025	0.948342	-60.461620	-58.920840	-170.369593
35500	8.486813	-4.344009	2.414709	-0.211515	0.081714	0.974366	-60.974175	-58.413462	-169.913923
35501	8.364098	-4.418875	2.372090	-0.220852	0.081664	1.019515	-61.487217	-57.879370	-169.458712
35502	8.409063	-4.617912	2.341505	-0.224388	0.064321	1.056154	-62.025569	-57.331233	-168.976046
35503	8.484427	-4.648991	2.313844	-0.217394	0.077354	1.095877	-62.540091	-56.755236	-168.511115
35504	8.531138	-4.745315	2.416727	-0.217024	0.095352	1.141671	-63.051521	-56.150816	-168.049469
35505	8.360423	-4.849880	2.330828	-0.230724	0.116915	1.192005	-63.547677	-55.511033	-167.609395
35506	8.194411	-5.075041	2.260433	-0.234954	0.122588	1.221029	-64.044930	-54.854601	-167.170650
35507	8.248401	-5.170487	2.290045	-0.225696	0.104400	1.246053	-64.533222	-54.185855	-166.729635
35508	8.174352	-5.209141	2.305389	-0.228601	0.126877	1.294549	-65.015518	-53.486103	-166.297640
35509	8.049622	-5.314718	2.330987	-0.229044	0.119480	1.337333	-65.491494	-52.762029	-165.866491
35510	8.034223	-5.379532	2.407942	-0.231999	0.111932	1.384342	-65.980138	-52.014738	-165.420818
35511	8.015616	-5.394917	2.532820	-0.246744	0.113375	1.440553	-66.466706	-51.233677	-164.980308
35512	8.044513	-5.421897	2.709855	-0.279202	0.108035	1.513348	-66.985533	-50.414815	-164.520975
35513	7.869280	-5.521712	2.762503	-0.356113	0.091264	1.618830	-67.558910	-49.539558	-164.038491
35514	7.850396	-6.091143	2.508726	-0.422168	0.012275	1.754135	-68.237191	-48.607811	-163.464688
35515	8.708107	-6.394103	2.048404	-0.412034	-0.109387	1.849872	-68.969772	-47.644262	-162.797720
35516	9.326774	-6.942175	2.951818	-0.440561	-0.103849	1.948835	-69.714122	-46.622504	-162.130680
35517	10.363027	-6.465833	3.119847	-0.384406	-0.051208	1.978819	-70.365200	-45.567280	-161.532531
35518	8.860806	-6.498408	2.591647	-0.585152	0.196970	2.172227	-71.012224	-44.357634	-161.095743
35519	8.400264	-7.010973	1.971048	-0.549877	0.114038	2.313557	-71.673652	-43.081250	-160.594400
35520	8.825048	-7.368226	1.952062	-0.571008	0.116310	2.469581	-72.348731	-41.717256	-160.083297
35521	8.475726	-7.712978	2.027404	-0.562116	0.106114	2.638874	-73.011529	-40.256172	-159.563634
35522	8.720939	-7.824486	1.914683	-0.537139	0.073142	2.773293	-73.668186	-38.724414	-159.020558
35523	7.929216	-8.042431	1.713149	-0.587331	0.074707	2.957408	-74.336326	-37.084188	-158.480596
35524	7.280641	-8.525834	1.358955	-0.590469	-0.094029	3.111909	-75.063905	-35.381301	-157.828491
35525	6.495210	-8.341608	0.919781	-0.590378	-0.354794	3.276892	-75.861348	-33.615309	-157.017643
35526	6.755066	-8.992802	0.784721	-0.576959	-0.713638	3.448639	-76.753824	-31.794959	-155.985590
35527	6.908328	-9.318638	0.896459	-0.534417	-0.975007	3.602939	-77.658563	-29.905930	-154.818335
35528	7.246548	-9.355396	0.893725	-0.435423	-1.185445	3.699047	-78.523954	-27.974863	-153.555362
35529	7.235481	-8.880415	1.201843	-0.385298	-1.261168	3.814362	-79.319390	-25.969288	-152.288269
35530	6.916589	-8.932578	0.791446	-0.317752	-1.280142	3.936404	-80.031263	-23.884582	-151.043421
35531	6.703265	-8.631740	0.954956	-0.170528	-1.246379	4.011345	-80.587804	-21.739571	-149.859842
35532	6.178483	-8.223960	0.763900	-0.075371	-1.134890	4.105743	-81.020743	-19.524310	-148.769341
35533	5.216320	-7.777492	0.749271	0.050003	-0.978403	4.175440	-81.298382	-17.246874	-147.797960
35534	4.478962	-7.348062	0.862397	0.164335	-0.884389	4.198246	-81.459320	-14.947943	-146.898814
35535	4.517598	-5.119941	0.152197	0.582252	-0.988736	3.819688	-81.345335	-12.869062	-145.984475
35536	8.555097	-2.389248	1.258865	1.029873	-1.286958	2.506750	-80.967268	-11.566944	-145.011042
35537	12.897252	-4.811916	0.564302	0.860616	-1.136936	1.320277	-80.625972	-10.924800	-144.231802
35538	13.424359	-5.384980	0.225745	1.160258	-1.055274	-0.200198	-80.080092	-11.144769	-143.642278
35539	11.187746	-2.390502	1.608045	1.215895	-0.939664	-1.441296	-79.461965	-12.053457	-143.250850
35540	9.675766	-2.449654	1.515641	1.162078	-0.783357	-2.258829	-78.847147	-13.416779	-143.046694
35541	8.384180	-3.822178	1.631917	1.226861	-0.355319	-2.742331	-78.115134	-14.997428	-143.164317
35542	6.404429	-4.518159	1.859140	1.319797	0.005232	-2.905790	-77.263762	-16.632796	-143.534203
35543	4.554949	-4.510814	1.513929	1.401016	0.217454	-2.892694	-76.303887	-18.218223	-144.058209
35544	3.211372	-4.356930	1.286134	1.415801	0.288390	-2.802969	-75.308072	-19.744899	-144.641763
35545	2.991121	-4.602218	1.121202	1.362779	0.167158	-2.742532	-74.338849	-21.236805	-145.179342
35546	3.601638	-4.955974	0.981166	1.295000	0.015714	-2.722956	-73.424274	-22.743656	-145.653283
35547	4.220855	-5.137736	1.047326	1.177077	-0.169110	-2.766267	-72.588490	-24.288157	-146.057169
35548	4.865907	-5.259734	1.038841	1.065814	-0.371451	-2.914043	-71.839566	-25.953859	-146.393840
35549	5.588922	-5.295653	1.204610	0.933810	-0.496100	-3.091345	-71.156406	-27.724159	-146.721440
35550	6.159560	-5.490367	1.341735	0.807599	-0.503797	-3.217714	-70.518022	-29.571707	-147.097175
35551	6.300283	-5.669726	1.428417	0.695171	-0.431703	-3.261941	-69.883866	-31.414414	-147.561525
35552	6.184236	-5.782803	1.458104	0.564666	-0.348806	-3.259421	-69.272550	-33.246163	-148.107514
35553	6.122079	-6.001747	1.456970	0.432141	-0.295503	-3.229041	-68.681985	-35.034323	-148.718224
35554	6.166096	-6.469228	1.553974	0.287253	-0.272227	-3.184408	-68.142418	-36.800539	-149.364138
35555	6.253276	-6.759466	1.545181	0.145706	-0.283159	-3.148297	-67.650934	-38.533330	-150.031468
35556	6.322580	-6.879017	1.552513	-0.011942	-0.299602	-3.095872	-67.235606	-40.249780	-150.702476
35557	6.666324	-6.958494	1.679496	-0.189225	-0.348017	-3.052308	-66.909954	-41.938619	-151.362556
35558	7.104394	-7.118898	1.771304	-0.380953	-0.365451	-3.021663	-66.681712	-43.624947	-152.024995
35559	7.592815	-7.151709	1.900951	-0.570093	-0.349232	-2.997465	-66.519346	-45.281067	-152.722983
35560	8.136000	-7.149248	2.000525	-0.764063	-0.282156	-2.967866	-66.412507	-46.917310	-153.483195
35561	8.444680	-7.219997	2.080794	-0.946796	-0.166059	-2.926433	-66.311837	-48.491988	-154.352428
35562	8.517252	-7.237151	2.071337	-1.110063	-0.032577	-2.882924	-66.202678	-50.024266	-155.339666
35563	8.483512	-7.237121	2.008096	-1.255029	0.094826	-2.824282	-66.059431	-51.482582	-156.452917
35564	8.317904	-7.204976	1.903525	-1.377453	0.201182	-2.733466	-65.898711	-52.878989	-157.658535
35565	8.184351	-7.231078	1.925829	-1.465653	0.259830	-2.633339	-65.718041	-54.194788	-158.927107
35566	8.238809	-7.393072	2.016593	-1.523716	0.283446	-2.530209	-65.539179	-55.460987	-160.216475
35567	8.210991	-7.687037	2.079622	-1.517203	0.275903	-2.452268	-65.326578	-56.673632	-161.520215
35568	8.006819	-7.871304	2.217632	-1.451002	0.203651	-2.374685	-65.112540	-57.872443	-162.764958
35569	7.875679	-8.135489	2.328093	-1.320037	0.073664	-2.267115	-64.912884	-59.032494	-163.886516
35570	7.990569	-8.056035	2.421770	-1.122911	-0.086382	-2.154821	-64.744230	-60.182777	-164.829654
35571	8.422829	-8.014308	2.479124	-0.895395	-0.213439	-2.056433	-64.554112	-61.300405	-165.635415
35572	8.932823	-7.850482	2.602200	-0.638713	-0.275199	-1.977736	-64.278544	-62.401746	-166.364481
35573	9.376387	-7.654247	2.528208	-0.375634	-0.274868	-1.929474	-63.824338	-63.465195	-167.116039
35574	9.482505	-7.303208	2.326999	-0.123041	-0.229896	-1.885671	-63.155885	-64.501390	-167.939570
35575	9.253338	-7.062601	1.956273	0.099725	-0.223434	-1.832430	-62.311466	-65.493775	-168.808044
35576	9.070922	-6.751617	1.702438	0.295845	-0.277539	-1.772317	-61.389485	-66.474205	-169.632903
35577	8.793691	-6.463656	1.473047	0.472482	-0.363932	-1.693397	-60.438672	-67.423944	-170.371811
35578	8.550361	-6.222679	1.238459	0.612816	-0.493535	-1.611881	-59.562459	-68.374682	-170.939510
35579	8.446282	-5.961397	1.169216	0.731484	-0.644253	-1.515060	-58.813704	-69.309771	-171.292792
35580	8.338319	-5.597353	1.198740	0.808467	-0.807002	-1.395370	-58.299811	-70.242072	-171.347721
35581	8.569292	-5.483819	1.333771	0.849636	-0.972088	-1.282387	-58.058247	-71.160533	-171.087708
35582	8.963711	-5.287692	1.412401	0.870305	-1.074301	-1.185706	-58.062831	-72.071126	-170.558326
35583	9.302642	-5.239655	1.512942	0.864979	-1.102308	-1.087635	-58.225744	-72.934252	-169.867715
35584	9.489682	-5.159360	1.575962	0.839834	-1.091271	-0.998421	-58.537773	-73.757024	-169.040661
35585	9.765592	-5.239675	1.776751	0.803999	-1.065506	-0.925919	-58.945393	-74.527800	-168.137882
35586	9.978038	-5.313460	2.004892	0.761377	-1.011050	-0.892551	-59.400677	-75.270933	-167.215333
35587	10.075334	-5.345067	2.220885	0.727422	-0.921321	-0.889693	-59.753023	-75.978293	-166.421191
35588	9.876178	-5.296570	2.422680	0.705467	-0.804281	-0.912691	-59.928996	-76.668274	-165.824853
35589	9.508499	-5.197281	2.453665	0.686771	-0.706870	-0.919828	-59.909580	-77.327786	-165.440776
35590	8.991119	-4.943791	2.417631	0.656857	-0.619880	-0.896011	-59.783348	-77.955591	-165.185368
35591	8.316061	-4.673436	2.547191	0.606441	-0.573564	-0.833027	-59.643164	-78.533942	-164.973485
35592	8.179510	-4.777202	2.558111	0.525409	-0.572005	-0.754828	-59.696246	-79.077419	-164.613022
35593	8.353852	-4.816044	2.503910	0.469475	-0.528369	-0.681114	-59.771199	-79.567528	-164.262859
35594	8.361671	-4.780409	2.373674	0.413898	-0.460496	-0.633088	-59.818174	-80.017566	-163.974583
35595	8.272602	-4.709761	2.244265	0.359653	-0.372016	-0.586615	-59.698752	-80.415752	-163.886500
35596	8.076185	-4.627819	2.115761	0.305960	-0.288391	-0.536941	-59.477729	-80.767709	-163.933160
35597	7.996733	-4.499816	1.945748	0.245518	-0.210123	-0.464700	-59.135059	-81.058587	-164.137565
35598	7.810737	-4.417630	1.779703	0.186622	-0.136760	-0.380034	-58.774006	-81.287824	-164.394975
35599	8.020601	-4.362672	1.727943	0.130557	-0.070830	-0.295483	-58.345918	-81.453908	-164.752143
35600	8.345904	-4.581181	1.808150	0.098005	-0.000238	-0.252852	-57.815758	-81.578581	-165.231582
35601	8.380351	-4.510449	1.716364	0.088831	0.063854	-0.267650	-56.993971	-81.688547	-166.010604
35602	8.038967	-4.223648	1.533461	0.079620	0.077735	-0.300255	-56.078590	-81.808561	-166.889609
35603	7.563822	-4.013835	1.317395	0.046411	0.055628	-0.301470	-55.185485	-81.933624	-167.764757
35604	7.239136	-3.766592	1.109625	0.009188	-0.001955	-0.254182	-54.634434	-82.054025	-168.316026
35605	7.046896	-3.611720	0.965016	-0.061853	-0.051231	-0.152307	-54.477838	-82.142618	-168.509742
35606	7.036179	-3.677265	0.906635	-0.141055	-0.091054	-0.033931	-54.831567	-82.188752	-168.234345
35607	7.221875	-3.785420	0.951494	-0.207855	-0.107862	0.084704	-55.522675	-82.184678	-167.656809
35608	7.294096	-3.835270	1.084372	-0.277866	-0.116431	0.183202	-56.556458	-82.134325	-166.774055
35609	15.617134	-3.903489	2.849898	0.118377	-0.486481	-0.114897	-57.947678	-82.340962	-165.301361
35610	16.104154	1.769577	1.214648	-0.386978	1.547069	0.582554	-54.323265	-81.568338	-169.185698
35611	7.372698	-1.652443	-0.639928	-0.786834	1.918350	0.624926	-50.604522	-80.614590	-173.405839
35612	11.269145	0.336029	-0.137354	-0.044599	0.750441	0.136364	-49.016542	-80.277423	-175.042327
35613	11.266205	0.821987	0.281021	-0.376405	1.756505	0.338222	-45.819367	-79.453866	-178.508981
35614	4.110091	1.050280	2.731667	-0.729173	1.659816	0.682315	-44.233491	-78.506078	179.449361
35615	6.557336	-1.501231	2.534942	-0.540032	0.469929	0.804954	-45.207236	-77.990710	-179.871935
35616	10.167111	-1.604777	3.160137	-0.601759	0.627338	0.962671	-46.165177	-77.345824	-179.244829
35617	9.774069	-2.523145	3.386333	-0.466780	0.676613	0.985210	-46.896190	-76.669925	-178.768931
35618	9.533827	-2.913556	3.848718	-0.229525	0.567020	0.908095	-47.525551	-76.067880	-178.257276
35619	8.423695	-2.552378	3.707708	-0.021971	0.470794	0.953709	-48.195226	-75.482180	-177.579250
35620	8.167133	-1.735449	2.511421	0.093745	0.284714	1.076634	-49.238453	-74.910852	-176.445355
35621	8.725591	-1.519235	1.323401	0.045585	0.186332	1.183275	-50.503844	-74.324113	-175.105717
35622	8.932421	-1.248257	0.959126	-0.018641	0.213300	1.240194	-51.757253	-73.693750	-173.813758
35623	8.704616	-1.944005	0.938968	-0.119506	0.263591	1.330128	-52.981441	-72.998418	-172.607303
35624	10.371527	-2.865057	2.537478	-0.152598	0.236272	1.362474	-54.219637	-72.289252	-171.402561
35625	16.449436	-6.799653	4.382928	-0.263535	-0.286035	1.125735	-55.927455	-71.854687	-169.766144
35626	10.500567	-5.676425	-0.356678	-0.189263	0.266457	0.459836	-56.114400	-71.549912	-169.684401
35627	6.382453	-1.866338	2.855514	0.407218	0.287702	0.266685	-55.729485	-71.331463	-169.844146
35628	11.941250	-2.769062	1.681118	-0.132515	-0.552423	0.305508	-56.889403	-71.360198	-168.701057
35629	10.283285	-3.686775	-0.435457	0.005310	0.504009	0.291414	-56.446917	-71.062489	-169.165066
35630	8.202189	-2.637504	3.205127	0.164228	0.292678	0.208712	-56.157294	-70.868921	-169.372994
35631	9.527969	-2.860577	1.186075	0.039320	0.061673	0.178527	-56.214052	-70.764745	-169.288878
35632	8.607532	-2.672608	2.347266	0.049787	0.153271	0.207628	-56.182133	-70.615931	-169.293561
35633	9.385451	-2.970063	1.451243	0.038888	-0.002246	0.178706	-56.324228	-70.531982	-169.119094
35634	8.838871	-2.831745	2.044332	0.016344	0.060727	0.160366	-56.392405	-70.435058	-169.037915
35635	8.938628	-2.813490	1.793601	0.021259	-0.057480	0.157147	-56.597067	-70.378634	-168.807577
35636	8.979306	-2.673374	1.922714	-0.001325	-0.079657	0.174270	-56.873416	-70.318954	-168.516022
35637	9.136417	-2.871979	1.703469	-0.018551	-0.114706	0.179980	-57.194725	-70.268671	-168.185846
35638	9.172338	-2.922764	1.763282	-0.024729	-0.114944	0.164736	-57.520166	-70.223436	-167.856177
35639	9.201196	-2.968281	1.634991	-0.025209	-0.127121	0.143346	-57.827770	-70.193453	-167.544445
35640	9.173519	-2.887545	1.682848	-0.027649	-0.126250	0.133892	-58.141547	-70.165417	-167.228805
35641	9.132658	-2.865442	1.599926	-0.026611	-0.121954	0.135112	-58.434284	-70.136762	-166.933621
35642	9.090288	-2.883767	1.599112	-0.029229	-0.124613	0.138510	-58.748706	-70.104863	-166.618131
35643	9.094966	-2.843282	1.585123	-0.034464	-0.111665	0.149824	-59.042172	-70.064884	-166.326832
35644	9.217986	-2.866255	1.491804	-0.040544	-0.102897	0.147501	-59.338653	-70.021089	-166.037163
35645	9.118736	-3.039799	1.591499	-0.046512	-0.077044	0.153341	-59.592459	-69.968311	-165.795251
35646	9.257628	-3.156721	1.671038	-0.035370	-0.111122	0.131703	-59.882081	-69.933788	-165.509554
35647	9.380797	-3.460440	1.341107	-0.018410	-0.113127	0.053627	-60.088520	-69.940073	-165.300839
35648	9.258280	-2.984529	1.582528	0.017351	-0.066203	0.013867	-60.194021	-69.950577	-165.178978
35649	9.238849	-3.013862	1.649798	-0.011993	-0.072379	0.031232	-60.324038	-69.956079	-165.047721
35650	9.360322	-3.197955	1.364890	-0.010823	-0.068982	0.001007	-60.439640	-69.973612	-164.932291
35651	9.159258	-2.928639	1.601472	0.012278	-0.000184	-0.010369	-60.424954	-69.979299	-164.940265
35652	9.035482	-3.022003	1.587878	-0.004468	-0.046784	-0.002897	-60.503687	-69.992466	-164.860207
35653	9.200388	-2.969699	1.509660	-0.002828	-0.035781	-0.005956	-60.549874	-70.005991	-164.812611
35654	9.191238	-3.054568	1.536384	-0.000547	-0.042166	-0.009983	-60.614659	-70.021348	-164.745005
35655	9.177842	-3.017822	1.550708	-0.001250	-0.027021	-0.012228	-60.643194	-70.035514	-164.715238
35656	9.010347	-2.947390	1.609543	-0.000252	-0.035346	-0.012664	-60.696463	-70.050268	-164.659705
35657	9.024470	-2.926079	1.608004	-0.003874	-0.062960	-0.007594	-60.779722	-70.072164	-164.573330
35658	9.069811	-2.945628	1.541191	-0.010021	-0.078420	0.005924	-60.912494	-70.089586	-164.439183
35659	9.184585	-2.985160	1.500353	-0.012316	-0.091505	0.009141	-61.053379	-70.110904	-164.296687
35660	9.178466	-3.040055	1.494104	-0.010363	-0.087468	0.005338	-61.198886	-70.130915	-164.149226
35661	9.177442	-3.031714	1.432491	-0.003251	-0.078171	0.006877	-61.314877	-70.149464	-164.027711
35662	9.109644	-2.965886	1.472998	0.009861	-0.066083	0.005435	-61.419533	-70.163353	-163.911381
35663	9.077478	-2.917240	1.476561	0.006796	-0.069717	0.003699	-61.515945	-70.181036	-163.804586
35664	9.151567	-2.961485	1.449414	0.003170	-0.060622	0.007145	-61.618329	-70.192451	-163.694754
35665	9.082330	-2.983608	1.497830	-0.000458	-0.077885	0.010734	-61.735985	-70.208675	-163.569815
35666	9.150593	-2.994772	1.464202	-0.002493	-0.073816	0.009844	-61.862383	-70.222162	-163.437918
35667	9.241266	-3.043532	1.390109	0.000437	-0.074659	0.005116	-61.971158	-70.240177	-163.321895
35668	9.334236	-3.100379	1.371255	0.012955	-0.045116	-0.007630	-62.035485	-70.254639	-163.246559
35669	9.255925	-3.062134	1.466788	0.016486	-0.023204	-0.015402	-62.047421	-70.269131	-163.223674
35670	9.230788	-3.060406	1.377813	0.021344	-0.020023	-0.023902	-62.059449	-70.285078	-163.198796
35671	9.214073	-2.997544	1.443754	0.027452	-0.002413	-0.021901	-62.030894	-70.297275	-163.212253
35672	9.233574	-3.008550	1.452512	0.029259	-0.000712	-0.016592	-62.016549	-70.304348	-163.210567
35673	9.223277	-2.995677	1.423190	0.032366	0.015504	-0.013096	-61.966433	-70.307266	-163.243931
35674	9.076839	-2.947372	1.549823	0.024551	0.000598	-0.001659	-61.964091	-70.306448	-163.232355
35675	9.214224	-2.936223	1.467058	0.012292	-0.034704	0.006666	-62.011297	-70.312879	-163.174568
35676	9.114847	-2.934405	1.480977	0.009256	-0.016712	0.021296	-62.059316	-70.305104	-163.118799
35677	9.095609	-2.923714	1.470040	-0.001877	-0.048951	0.034641	-62.155756	-70.301147	-163.017338
35678	9.202854	-2.972913	1.507847	-0.008722	-0.061835	0.044178	-62.294810	-70.293771	-162.875798
35679	9.146607	-2.994004	1.457486	-0.011264	-0.058813	0.050395	-62.422167	-70.284290	-162.747201
35680	9.129632	-2.994474	1.496979	-0.011601	-0.071305	0.050295	-62.580492	-70.276092	-162.586914
35681	9.123006	-2.925877	1.403323	-0.010890	-0.063601	0.065132	-62.724965	-70.260148	-162.439889
35682	9.016937	-2.936207	1.489745	-0.015240	-0.072682	0.079765	-62.908331	-70.237010	-162.255169
35683	9.157382	-2.911627	1.424671	-0.017327	-0.101992	0.104518	-63.138859	-70.210612	-162.020573
35684	9.118584	-2.992451	1.460417	-0.025561	-0.098443	0.123822	-63.395085	-70.171097	-161.764617
35685	9.127705	-3.071831	1.459837	-0.029080	-0.123749	0.131953	-63.681156	-70.135469	-161.478027
35686	9.227609	-3.112736	1.381603	-0.034453	-0.136973	0.132876	-64.001423	-70.100169	-161.159258
35687	9.255061	-3.165245	1.304986	-0.029225	-0.121303	0.124404	-64.276817	-70.066804	-160.883985
35688	9.215455	-3.190299	1.360044	-0.018013	-0.102883	0.112945	-64.523434	-70.032316	-160.633403
35689	9.193882	-3.090295	1.281295	-0.011540	-0.095626	0.102330	-64.735517	-70.003274	-160.414601
35690	9.159849	-3.091454	1.365068	-0.001729	-0.076915	0.111675	-64.933374	-69.962479	-160.205872
35691	9.125134	-3.109030	1.347074	-0.010198	-0.083502	0.121800	-65.138912	-69.919862	-159.993112
35692	9.146780	-3.055341	1.392913	-0.008052	-0.088758	0.126252	-65.364972	-69.873815	-159.758086
35693	9.180880	-3.165975	1.276979	-0.013624	-0.089320	0.130719	-65.584647	-69.827374	-159.532235
35694	9.177919	-3.177750	1.268991	-0.008387	-0.077129	0.122773	-65.790014	-69.779803	-159.319315
35695	9.188495	-3.168752	1.264503	-0.004416	-0.073746	0.119332	-65.973140	-69.735121	-159.126661
35696	9.190451	-3.269695	1.242462	-0.003303	-0.066051	0.120157	-66.156364	-69.685876	-158.934111
35697	9.235929	-3.221561	1.222216	0.010693	-0.047394	0.100377	-66.280129	-69.644652	-158.795416
35698	9.158639	-3.217049	1.270045	0.003578	-0.027949	0.103742	-66.393898	-69.594953	-158.672640
35699	9.153275	-3.257392	1.295501	0.008496	-0.034028	0.091246	-66.493396	-69.555275	-158.561104
35700	9.166351	-3.270115	1.246443	0.004707	-0.036260	0.089247	-66.608294	-69.514937	-158.436360
35701	9.167226	-3.286845	1.297065	0.005711	-0.035383	0.078779	-66.702904	-69.481982	-158.331690
35702	9.156893	-3.250776	1.235469	0.007536	-0.030187	0.071345	-66.795983	-69.449549	-158.228454
35703	9.150486	-3.263660	1.309929	0.005974	-0.025069	0.063457	-66.866158	-69.422227	-158.149677
35704	9.139808	-3.282211	1.228431	0.008306	-0.026919	0.053552	-66.942990	-69.398348	-158.063283
35705	9.144178	-3.264813	1.252228	0.008886	-0.019076	0.057808	-66.999356	-69.372593	-157.997452
35706	9.142697	-3.269496	1.250822	0.005824	-0.016918	0.046632	-67.059103	-69.350073	-157.930802
35707	9.169126	-3.274535	1.336242	0.001034	-0.020012	0.055092	-67.119376	-69.325913	-157.865582
35708	9.182253	-3.338698	1.035969	0.017374	-0.003301	0.025482	-67.140667	-69.311494	-157.832938
35709	9.047656	-3.236939	1.393912	-0.010109	-0.011829	0.042006	-67.187987	-69.292395	-157.788375
35710	9.124499	-3.303513	1.244518	0.019783	-0.009799	0.019702	-67.213449	-69.282468	-157.749786
35711	9.124005	-3.305178	1.243718	0.001855	-0.015574	0.019752	-67.245991	-69.275938	-157.713688
35712	9.143379	-3.264141	1.270633	0.007978	-0.015207	0.011830	-67.281060	-69.271361	-157.672049
35713	9.149931	-3.323357	1.226097	0.002753	-0.010079	0.005204	-67.296878	-69.271291	-157.653280
35714	9.158808	-3.269507	1.222679	0.005069	-0.011941	-0.004683	-67.319342	-69.274722	-157.626892
35715	9.123945	-3.306695	1.240120	0.003792	-0.002342	-0.006137	-67.317136	-69.278935	-157.626759
35716	9.085153	-3.253797	1.273398	0.006094	-0.003072	-0.007467	-67.324956	-69.281889	-157.615395
35717	9.151904	-3.265173	1.245049	0.006094	-0.003072	-0.007468	-67.321675	-69.286967	-157.615000
35718	9.090731	-3.285993	1.278216	-0.000404	-0.003293	-0.010070	-67.331948	-69.291359	-157.604988
35719	9.126308	-3.247240	1.259531	0.003450	-0.013705	-0.011640	-67.342623	-69.300990	-157.591292
35720	9.086704	-3.250238	1.271420	0.002928	-0.010100	-0.008708	-67.361251	-69.306173	-157.570299
35721	9.127166	-3.245527	1.257728	0.006707	-0.011308	-0.006288	-67.369850	-69.312443	-157.556830
35722	9.113702	-3.265123	1.254643	0.008630	-0.006189	-0.001481	-67.383894	-69.312953	-157.537236
35723	9.108834	-3.231082	1.249361	0.007296	-0.003466	-0.002026	-67.383666	-69.315239	-157.532841
35724	9.085693	-3.224236	1.318429	0.005649	-0.002964	0.008136	-67.400446	-69.309964	-157.512142
35725	9.087257	-3.249545	1.269234	0.002065	-0.012153	0.005386	-67.419704	-69.310240	-157.490121
35726	9.113630	-3.266119	1.252566	0.000678	-0.016306	0.005750	-67.456533	-69.309167	-157.451026
35727	9.153721	-3.262680	1.238207	0.002705	-0.016952	0.006112	-67.482570	-69.310105	-157.421366
35728	9.140045	-3.283050	1.234597	0.006694	-0.010175	0.002267	-67.505274	-69.309530	-157.393677
35729	9.101000	-3.231089	1.267421	0.008199	-0.007215	0.005562	-67.514198	-69.308617	-157.378945
35730	9.094829	-3.254058	1.241405	0.008318	-0.008408	0.009221	-67.537455	-69.303982	-157.349661
35731	9.126974	-3.248647	1.251051	0.007771	-0.008240	0.012608	-67.552135	-69.299560	-157.329039
35732	9.134218	-3.252366	1.227599	0.007369	-0.005826	0.019199	-67.578000	-69.289083	-157.297539
35733	9.089259	-3.264606	1.317022	0.007370	-0.005826	0.019197	-67.593311	-69.280638	-157.276486
35734	9.099128	-3.237253	1.265133	0.005954	-0.013415	0.020016	-67.630956	-69.271386	-157.233246
35735	9.098596	-3.239273	1.263786	0.003052	-0.019389	0.025642	-67.671394	-69.262473	-157.187969
35736	9.116688	-3.255441	1.269422	0.000696	-0.025531	0.027880	-67.733369	-69.251677	-157.121921
35737	9.131371	-3.262792	1.221100	0.001118	-0.023370	0.029387	-67.782539	-69.241611	-157.068483
35738	9.145875	-3.270294	1.173564	0.004077	-0.009384	0.031403	-67.821805	-69.225426	-157.024633
35739	9.128593	-3.324243	1.198430	0.006500	-0.012446	0.025171	-67.850111	-69.215209	-156.990205
35740	9.129083	-3.270126	1.218586	0.014999	-0.001374	0.023101	-67.867074	-69.201699	-156.963508
35741	9.085481	-3.307442	1.260099	0.010401	0.000093	0.025765	-67.875906	-69.188453	-156.947513
35742	9.113785	-3.294236	1.216551	0.012519	-0.006323	0.021682	-67.900280	-69.176770	-156.914397
35743	9.092892	-3.257690	1.257484	0.012399	-0.003991	0.026575	-67.914085	-69.163971	-156.891856
35744	9.084372	-3.257689	1.280693	0.012551	-0.001744	0.029774	-67.936504	-69.147010	-156.860801
35745	9.091079	-3.262553	1.257987	0.013521	0.000246	0.027896	-67.944455	-69.132593	-156.843832
35746	9.094877	-3.299211	1.263324	0.007106	-0.003451	0.037966	-67.976826	-69.111656	-156.805449
35747	9.096556	-3.270975	1.234929	0.007226	-0.005783	0.033069	-67.999619	-69.095781	-156.776449
35748	9.085132	-3.302973	1.285435	0.000776	-0.014056	0.035045	-68.048532	-69.078667	-156.724228
35749	9.133304	-3.329693	1.199381	0.000743	-0.017492	0.035496	-68.092564	-69.063992	-156.676459
35750	9.079890	-3.300246	1.228768	-0.001403	-0.015651	0.031478	-68.142739	-69.049095	-156.624205
35751	9.130179	-3.310680	1.244883	0.004520	-0.019850	0.029352	-68.184336	-69.038164	-156.576718
35752	9.092115	-3.285838	1.228159	-0.000309	-0.014850	0.033251	-68.233566	-69.022136	-156.524789
35753	9.116027	-3.280403	1.259881	0.004136	-0.017428	0.035927	-68.275550	-69.007164	-156.477115
35754	9.119117	-3.277481	1.181660	0.000094	-0.014978	0.043749	-68.330292	-68.985561	-156.419017
35755	9.107232	-3.310852	1.231696	0.001197	-0.013033	0.054064	-68.377677	-68.959971	-156.367345
35756	9.139491	-3.334308	1.191837	-0.000053	-0.016076	0.049080	-68.436650	-68.935741	-156.304781
35757	9.090336	-3.339982	1.226792	-0.000244	-0.009114	0.049857	-68.476904	-68.911536	-156.261621
35758	9.096433	-3.346833	1.202780	0.001622	-0.012014	0.047010	-68.527879	-68.887533	-156.206576
35759	9.087435	-3.348533	1.224979	0.003959	-0.009318	0.045218	-68.563294	-68.865820	-156.166008
35760	9.073755	-3.316386	1.242194	0.003690	-0.009229	0.046902	-68.608921	-68.841274	-156.115407
35761	9.098459	-3.337202	1.225402	-0.001725	-0.020122	0.051104	-68.665469	-68.818652	-156.055656
35762	9.104629	-3.344080	1.200703	0.001855	-0.015531	0.045749	-68.719905	-68.796015	-155.996712
35763	9.103273	-3.348330	1.199143	0.002205	-0.020241	0.048154	-68.772549	-68.774952	-155.938715
35764	9.127969	-3.369260	1.181803	-0.003744	-0.019458	0.050727	-68.837952	-68.750443	-155.871425
35765	9.151427	-3.365593	1.212919	-0.009425	-0.018761	0.051611	-68.896816	-68.727182	-155.813886
35766	9.146401	-3.361561	1.157294	-0.015987	-0.013174	0.053463	-68.961714	-68.699880	-155.754641
35767	9.126125	-3.352878	1.148089	-0.020132	-0.009519	0.057627	-69.016937	-68.671459	-155.707574
35768	9.109208	-3.353379	1.192877	-0.020082	-0.006081	0.057167	-69.076075	-68.640701	-155.657009
35769	9.047519	-3.324066	1.245333	-0.024391	-0.015019	0.071658	-69.148286	-68.605856	-155.594299
35770	9.104874	-3.366797	1.188169	-0.038113	-0.027791	0.080199	-69.258903	-68.567148	-155.499506
35771	9.108937	-3.352470	1.209880	-0.044979	-0.025537	0.084176	-69.363170	-68.527643	-155.414996
35772	9.104245	-3.417074	1.185402	-0.049872	-0.027378	0.088951	-69.483638	-68.484049	-155.316800
35773	9.109016	-3.428323	1.157941	-0.052207	-0.030055	0.090701	-69.600760	-68.441821	-155.222874
35774	9.073659	-3.588822	1.107703	-0.044834	-0.026711	0.087736	-69.715932	-68.398617	-155.127210
35775	9.037512	-3.431977	1.179327	0.001129	-0.025699	0.090156	-69.795535	-68.355690	-155.040714
35776	9.154541	-3.431870	1.136700	-0.025375	-0.034229	0.113755	-69.921832	-68.299853	-154.921019
35777	9.155503	-3.331281	1.173799	-0.005386	-0.041959	0.136394	-70.048996	-68.235096	-154.787275
35778	9.738664	-2.859267	1.123915	-0.052110	-0.078280	0.223241	-70.301417	-68.128593	-154.548104
35779	8.993747	-3.723558	1.177472	-0.140511	0.024925	0.319117	-70.500974	-67.951996	-154.419569
35780	9.026742	-3.481511	1.182600	-0.062867	-0.068924	0.282422	-70.769275	-67.811085	-154.169413
35781	9.205224	-3.435363	1.176316	-0.098777	-0.025649	0.327156	-71.009901	-67.639220	-153.970370
35782	8.987071	-3.592547	1.194929	-0.106675	-0.028651	0.346918	-71.272459	-67.455087	-153.752995
35783	9.098667	-3.586606	1.120121	-0.097768	-0.046571	0.360386	-71.547274	-67.268319	-153.515760
35784	9.100091	-3.577854	1.164406	-0.106390	-0.028490	0.385861	-71.818192	-67.062219	-153.288540
35785	9.147694	-3.686351	1.107584	-0.116917	-0.031677	0.413738	-72.098620	-66.842877	-153.056414
35786	9.204769	-3.744761	1.048549	-0.109815	-0.023581	0.449226	-72.381850	-66.600529	-152.817192
35787	9.212617	-3.782282	1.076800	-0.100140	0.005618	0.492550	-72.627291	-66.330839	-152.611892
35788	9.200321	-3.809498	1.100156	-0.096391	0.023024	0.546734	-72.872081	-66.026422	-152.405315
35789	9.142954	-3.808854	1.133452	-0.082134	0.026318	0.598704	-73.111172	-65.694415	-152.194707
35790	9.100970	-3.851520	1.126011	-0.077703	0.036631	0.648323	-73.354263	-65.331363	-151.977180
35791	8.971629	-3.931423	1.173812	-0.082441	0.050326	0.691013	-73.585243	-64.944032	-151.774492
35792	8.894334	-3.935930	1.255377	-0.077217	0.036020	0.731484	-73.843676	-64.534633	-151.538356
35793	8.951573	-4.005615	1.206192	-0.086465	0.045742	0.772003	-74.095144	-64.102699	-151.314121
35794	9.045119	-4.156209	1.230540	-0.090681	0.065366	0.818484	-74.340401	-63.639926	-151.099553
35795	8.950360	-4.182716	1.235897	-0.097617	0.108361	0.858043	-74.540484	-63.150093	-150.938152
35796	8.808944	-4.282255	1.109852	-0.096740	0.134472	0.897090	-74.723288	-62.632767	-150.795830
35797	8.762272	-4.428410	1.150202	-0.087039	0.147856	0.911658	-74.878859	-62.106912	-150.676345
35798	8.871605	-4.410177	1.118920	-0.060278	0.169806	0.949092	-75.007863	-61.555239	-150.570012
35799	8.820511	-4.437338	1.199054	-0.069446	0.170839	1.023018	-75.150639	-60.964076	-150.452377
35800	9.078155	-4.615146	1.394396	-0.056886	0.131325	1.074250	-75.338476	-60.348470	-150.275173
35801	9.486719	-4.563946	1.474314	-0.108079	0.095738	1.191849	-75.605465	-59.674087	-150.038232
35802	9.492431	-4.757549	1.329532	-0.122079	0.130476	1.317701	-75.872037	-58.922777	-149.810501
35803	9.084077	-4.809810	1.272782	-0.172293	0.218085	1.408000	-76.092100	-58.110230	-149.668026
35804	8.848226	-5.311366	1.310224	-0.187186	0.213468	1.459026	-76.331637	-57.268131	-149.512533
35805	9.196374	-5.065366	1.271479	-0.153796	0.212677	1.497122	-76.546480	-56.406103	-149.360967
35806	9.225935	-5.211338	1.217666	-0.217339	0.299375	1.612071	-76.744470	-55.466800	-149.273414
35807	8.649059	-5.500056	1.125303	-0.265038	0.303916	1.730219	-76.976078	-54.462245	-149.175826
35808	7.600757	-6.218029	1.119387	-0.350225	0.081081	1.876558	-77.445816	-53.402525	-148.844218
35809	9.010340	-6.324023	0.689687	-0.142676	-0.205427	1.939415	-77.991874	-52.342188	-148.261689
35810	9.613308	-5.764546	1.366454	-0.241422	-0.028145	2.122750	-78.469217	-51.153824	-147.831426
35811	8.706313	-6.141498	1.397861	-0.261658	-0.046943	2.309660	-78.965481	-49.861724	-147.382458
35812	9.350373	-6.605294	1.288963	-0.304784	-0.144205	2.476100	-79.544170	-48.482457	-146.850081
35813	9.979863	-7.016892	1.702236	-0.319639	-0.052911	2.654593	-80.056671	-46.991287	-146.404876
35814	10.323704	-7.292691	1.907880	-0.373750	0.027101	2.815551	-80.541889	-45.397878	-146.031072
35815	13.426745	-8.877172	2.559102	-0.373835	0.004148	2.787022	-81.006452	-43.821702	-145.674384
35816	12.155491	-7.182902	1.588061	-0.332038	0.568815	2.850535	-81.136021	-42.157408	-145.765271
35817	10.964248	-7.439313	1.480107	-0.440478	0.794217	3.012304	-81.226066	-40.382520	-146.011131
35818	10.769094	-6.982283	1.042126	-0.418513	0.995416	3.155903	-81.231797	-38.508849	-146.381697
35819	9.514818	-7.592996	0.773789	-0.478878	1.009152	3.395447	-81.294429	-36.498540	-146.729227
35820	9.515297	-7.668814	0.574515	-0.386107	0.928156	3.530897	-81.361166	-34.419371	-146.998188
35821	9.257491	-7.469100	0.470835	-0.419481	0.912047	3.725945	-81.471304	-32.230874	-147.234910
35822	8.194024	-7.090183	0.158543	-0.403471	0.852659	3.952818	-81.614610	-29.920389	-147.408543
35823	6.932692	-6.504027	-0.118123	-0.385395	0.708704	4.178355	-81.804438	-27.493232	-147.472778
35824	5.358882	-5.584722	-0.501616	-0.321575	0.537840	4.403131	-82.015923	-24.954222	-147.415723
35825	4.181598	-2.502364	-0.618240	0.065869	0.076076	4.281409	-82.108143	-22.519028	-147.092530
35826	5.384325	-2.436607	1.700588	-0.218702	-0.376685	4.122586	-82.444023	-20.209826	-146.520864
35827	-0.543271	-26.901158	-6.953715	-2.307688	2.133497	6.536740	-83.517060	-16.343646	-147.316085
35828	-4.691351	-0.105485	7.488643	3.012974	-0.918109	3.177577	-82.001891	-14.605935	-146.535399
35829	5.872909	1.261252	-0.080288	-1.040027	-1.925428	2.318323	-82.914377	-13.434263	-145.228222
35830	41.835947	-3.445102	-5.564040	0.715737	-3.773710	-2.057454	-83.011657	-14.871272	-143.163264
35831	22.191454	-2.510927	2.079017	-1.398497	2.466093	-2.781107	-83.369056	-16.286430	-144.815572
35832	9.013886	-1.293478	3.799960	0.257580	0.996154	-3.834334	-82.965680	-18.406916	-145.682707
35833	11.113139	-2.704884	1.842055	0.230121	1.712250	-4.070382	-82.383774	-20.595450	-147.030039
35834	5.734360	-5.384591	1.918642	0.427317	2.637106	-3.288781	-81.449907	-22.257300	-148.921628
35835	0.171562	-6.914386	0.003452	1.007975	2.460821	-2.839885	-80.172848	-23.638922	-150.714934
35836	-1.169279	-5.587782	1.099849	1.942880	1.419097	-3.334184	-78.535956	-25.374865	-151.981059
35837	1.065284	-3.705677	0.975077	2.248071	0.041307	-3.367215	-77.034414	-27.255839	-152.461943
35838	3.494156	-3.660609	0.032209	2.338504	-0.323096	-3.351842	-75.548175	-29.173677	-152.774407
35839	4.653626	-3.102989	0.603641	2.433043	-0.430022	-3.147027	-74.017587	-30.978625	-153.046308
35840	5.138614	-2.894582	0.276632	2.471632	-0.497470	-3.059316	-72.458261	-32.747679	-153.320198
35841	5.770008	-2.302940	0.184599	2.466216	-0.428643	-3.045541	-70.834773	-34.481615	-153.699809
35842	6.513661	-1.989066	0.036560	2.293378	-0.348023	-2.996184	-69.239625	-36.172192	-154.188464
35843	7.015289	-2.022326	-0.257120	2.039256	-0.287116	-2.972820	-67.715587	-37.817515	-154.778991
35844	7.269106	-2.183550	-0.358014	1.715611	-0.271758	-2.995141	-66.312853	-39.467805	-155.453507
35845	7.028136	-2.513046	-0.538536	1.352311	-0.299181	-3.008309	-65.068841	-41.109653	-156.178678
35846	6.561405	-2.917436	-0.503868	0.967785	-0.428932	-2.979172	-64.056496	-42.766980	-156.866005
35847	6.331979	-3.569029	-0.500198	0.591007	-0.639699	-2.900238	-63.329464	-44.419503	-157.428969
35848	6.300933	-4.191881	-0.425034	0.246421	-0.865137	-2.777192	-62.910338	-46.073604	-157.822705
35849	6.482943	-4.962499	-0.300572	-0.082557	-1.089761	-2.611456	-62.822278	-47.690414	-158.007912
35850	7.415783	-5.668447	0.205542	-0.370393	-1.321795	-2.486780	-63.066708	-49.314645	-157.967483
35851	8.933584	-6.463442	0.876097	-0.626383	-1.451596	-2.451360	-63.560106	-50.943542	-157.792070
35852	10.289953	-7.275616	1.458737	-0.841994	-1.328380	-2.446424	-64.128588	-52.548119	-157.685239
35853	10.469919	-7.986196	1.758618	-1.063289	-0.983476	-2.366653	-64.632994	-54.014900	-157.815830
35854	9.869437	-8.491129	2.038566	-1.263548	-0.670804	-2.253123	-65.077684	-55.357685	-158.160788
35855	9.084087	-8.708367	2.004261	-1.487349	-0.372789	-2.081827	-65.478977	-56.530948	-158.704839
35856	8.161226	-9.098648	2.099089	-1.727932	-0.141255	-1.839852	-65.918186	-57.535539	-159.363927
35857	7.330494	-9.661853	2.206350	-1.945534	-0.026018	-1.579703	-66.471216	-58.370108	-160.026409
35858	6.845414	-10.208093	2.415571	-2.096440	-0.015463	-1.318349	-67.201337	-59.077920	-160.579933
35859	6.664986	-10.700069	2.630600	-2.180967	-0.045542	-1.034411	-68.111486	-59.636458	-160.974302
35860	6.707158	-10.966809	2.896988	-2.178010	-0.082262	-0.753695	-69.169316	-60.064690	-161.196344
35861	6.924570	-11.196549	3.206804	-2.116393	-0.099455	-0.470262	-70.312519	-60.337631	-161.276139
35862	7.235770	-11.357623	3.406414	-1.968923	-0.080504	-0.230166	-71.446811	-60.485110	-161.271118
35863	7.390722	-11.438477	3.487571	-1.750637	-0.020809	-0.033449	-72.459590	-60.507461	-161.259746
35864	7.430866	-11.357544	3.374933	-1.472654	0.037281	0.105809	-73.304435	-60.449847	-161.260446
35865	7.313203	-11.257330	3.241819	-1.173778	0.069290	0.198706	-73.966594	-60.329854	-161.272187
35866	7.032880	-11.060749	3.030520	-0.849325	0.048062	0.229101	-74.474893	-60.201534	-161.249015
35867	6.849303	-10.762865	2.764916	-0.530403	-0.031645	0.220371	-74.867630	-60.084982	-161.146397
35868	6.611600	-10.431648	2.450924	-0.231634	-0.169210	0.185246	-75.216013	-60.011873	-160.899142
35869	6.498264	-10.088184	2.153428	0.049865	-0.360451	0.109702	-75.561397	-60.003572	-160.467187
35870	6.559080	-9.683571	1.885631	0.291707	-0.557085	0.015471	-75.940509	-60.076941	-159.838248
35871	6.596803	-9.252778	1.663747	0.505827	-0.740824	-0.101679	-76.344930	-60.235587	-159.037686
35872	6.604166	-8.777927	1.454552	0.679014	-0.901613	-0.238547	-76.789327	-60.491018	-158.080283
35873	6.747601	-8.279272	1.343863	0.802234	-1.033742	-0.378683	-77.270297	-60.835818	-157.001118
35874	6.938631	-7.909000	1.212413	0.881132	-1.112461	-0.508853	-77.783077	-61.259847	-155.839540
35875	7.157768	-7.564682	1.106874	0.917675	-1.136428	-0.616407	-78.296002	-61.740726	-154.657429
35876	7.183042	-7.197135	1.080394	0.910552	-1.103195	-0.700926	-78.796341	-62.260853	-153.501183
35877	7.022072	-6.950951	1.014927	0.864358	-1.048883	-0.749706	-79.279120	-62.797276	-152.398704
35878	6.719458	-6.711443	0.930817	0.793363	-0.989697	-0.765218	-79.772345	-63.331889	-151.336732
35879	6.438577	-6.511351	0.883294	0.703213	-0.933550	-0.748835	-80.280946	-63.847515	-150.318834
35880	6.184729	-6.263838	0.895993	0.599294	-0.875770	-0.691290	-80.829984	-64.320364	-149.327642
35881	6.157948	-6.187689	0.880622	0.494587	-0.801754	-0.608513	-81.386623	-64.736241	-148.397014
35882	6.174510	-6.132719	0.879066	0.388554	-0.709981	-0.500647	-81.942374	-65.078253	-147.538357
35883	6.165633	-6.117289	0.950023	0.308126	-0.606374	-0.384081	-82.446874	-65.343859	-146.788020
35884	6.064291	-5.949101	0.892800	0.233471	-0.485331	-0.268897	-82.881148	-65.530839	-146.164141
35885	5.824409	-5.724742	0.902681	0.161036	-0.369547	-0.165816	-83.227175	-65.651143	-145.682653
35886	5.618702	-5.594931	0.854325	0.098636	-0.287433	-0.073573	-83.529400	-65.710176	-145.289528
35887	5.598209	-5.576253	0.861865	0.036020	-0.228650	0.025865	-83.801374	-65.710288	-144.968324
35888	5.609332	-5.526977	0.852052	-0.010708	-0.189217	0.110226	-84.068157	-65.656651	-144.682733
35889	5.751534	-5.348936	0.897454	-0.040891	-0.129047	0.189846	-84.278619	-65.556329	-144.477192
35890	5.900152	-5.246105	0.925793	-0.063347	-0.045007	0.270150	-84.411619	-65.402135	-144.371231
35891	5.940333	-5.087537	0.928657	-0.089826	0.044489	0.335927	-84.449011	-65.208480	-144.386546
35892	6.024667	-5.172114	0.958148	-0.103747	0.126845	0.410308	-84.408550	-64.964412	-144.496951
35893	6.176391	-5.348107	0.938673	-0.099278	0.191551	0.498080	-84.293354	-64.669999	-144.686926
35894	6.130984	-5.435106	0.945873	-0.077059	0.242523	0.588678	-84.125450	-64.317079	-144.922075
35895	6.030314	-5.362690	0.835801	-0.039917	0.274955	0.680448	-83.909606	-63.913298	-145.187231
35896	5.892293	-5.344099	0.797073	-0.019579	0.276075	0.789082	-83.707590	-63.443134	-145.425288
35897	5.848531	-5.607355	0.695750	0.003912	0.216398	0.895774	-83.574451	-62.919705	-145.571782
35898	6.117749	-5.816023	0.650249	0.019165	0.153021	0.997969	-83.525066	-62.337743	-145.615170
35899	6.485238	-6.104299	0.609926	0.042429	0.083382	1.081113	-83.543094	-61.717258	-145.567051
35900	6.987252	-6.385248	0.632117	0.076062	0.053847	1.130123	-83.581919	-61.066099	-145.473320
35901	7.226623	-6.466917	0.677128	0.121705	0.079183	1.139155	-83.562488	-60.412822	-145.415480
35902	7.190107	-6.618158	0.682390	0.150881	0.111961	1.122270	-83.496428	-59.762103	-145.392089
35903	7.189338	-6.838786	0.683013	0.206454	0.148973	1.093321	-83.356300	-59.130410	-145.417262
35904	6.845159	-6.940699	0.639745	0.252578	0.185734	1.089767	-83.163068	-58.492979	-145.474109
35905	6.270826	-6.852222	0.547628	0.299729	0.171493	1.105681	-82.957800	-57.852629	-145.513389
35906	5.825403	-6.782068	0.439009	0.318344	0.090359	1.158902	-82.828582	-57.182129	-145.450499
35907	5.547931	-6.825800	0.330814	0.330873	-0.037890	1.256805	-82.809915	-56.470785	-145.246121
35908	5.484572	-7.038693	0.343175	0.334302	-0.197976	1.359634	-82.934245	-55.706299	-144.865677
35909	5.662393	-7.214041	0.360898	0.344520	-0.338158	1.449362	-83.160127	-54.905819	-144.350685
35910	5.895879	-7.262772	0.449914	0.363919	-0.428234	1.528039	-83.440507	-54.058937	-143.750196
35911	5.877166	-7.579943	0.604181	0.370471	-0.459800	1.597241	-83.722674	-53.179347	-143.135881
35912	5.866930	-7.654409	0.605964	0.421517	-0.505941	1.646041	-83.996350	-52.266282	-142.488541
35913	5.921818	-7.895635	0.520025	0.423610	-0.538268	1.717210	-84.271370	-51.319437	-141.829479
35914	5.705086	-7.653661	0.428398	0.476925	-0.578538	1.770936	-84.528118	-50.335202	-141.145859
35915	5.365410	-7.104376	0.131216	0.453082	-0.635724	1.844860	-84.814546	-49.316935	-140.431064
35916	4.788683	-6.328345	-0.593759	0.375852	-0.715693	1.910189	-85.177811	-48.255340	-139.661887
35917	67.121535	-19.037224	5.328228	2.893181	-2.945088	-3.749149	-85.273425	-50.537134	-137.352556
35918	21.205712	33.748374	-0.085759	2.488866	6.765425	-6.960697	-78.150035	-53.925795	-144.551874
35919	-9.960355	-21.739151	1.897720	-6.543942	8.547757	-1.261992	-75.177624	-53.499183	-152.888490
35920	4.243518	-18.941210	-3.161200	6.144283	-1.573518	-5.117808	-71.700970	-56.563144	-152.834572
35921	17.020671	6.362198	1.208560	0.980058	2.360624	-4.805812	-67.629141	-58.676738	-156.989582
35922	2.656776	-13.490101	0.586335	-0.025958	1.907138	-1.599141	-65.384785	-59.078847	-159.629238
35923	7.264232	-7.738320	6.156737	3.250058	-1.500803	-4.712353	-62.805036	-61.883605	-160.453016
35924	27.363283	4.050437	2.156802	2.165769	-0.457348	-3.866634	-59.945355	-63.950434	-162.271103
35925	12.053425	-2.502006	5.165863	-0.183430	2.547519	-1.344920	-56.688924	-63.839973	-166.014063
35926	5.451676	-2.926893	4.968511	1.023670	0.094781	-1.169947	-55.243864	-64.363059	-166.968912
35927	10.156094	-1.644747	2.820936	0.579451	-0.281338	-1.244267	-54.320647	-65.038928	-167.622652
35928	8.406541	-2.083379	3.730115	0.023189	0.230290	-0.953143	-53.385295	-65.400112	-168.638554
35929	7.912918	-2.987245	3.667500	-0.007377	-0.395484	-0.845129	-53.150708	-65.924188	-168.900484
35930	8.948839	-3.330954	2.491420	-0.152440	-0.567845	-0.874052	-53.153587	-66.518054	-168.992985
35931	9.198479	-0.892553	3.093753	0.154803	-0.645233	-0.531193	-53.330323	-66.983607	-168.703924
35932	11.502737	-3.133201	2.145311	-0.676899	-1.042636	-0.130888	-54.769286	-67.393123	-167.563727
35933	11.337218	-4.470035	-1.976189	-0.097533	-0.579741	-0.126232	-55.383218	-67.643064	-166.959607
35934	9.372479	-2.358125	2.523423	0.107966	0.408357	-0.138373	-54.752431	-67.572370	-167.575126
35935	7.637909	-3.104559	3.689785	-0.199184	-0.155427	-0.095491	-54.966933	-67.668844	-167.466399
35936	9.588010	-3.202766	1.202960	0.008474	-0.426555	-0.150320	-55.338897	-67.877406	-167.059461
35937	9.007402	-2.755195	2.257103	-0.141132	0.014720	-0.102840	-55.320144	-67.921544	-167.166805
35938	8.643754	-3.110643	2.387362	-0.055869	-0.243631	-0.083251	-55.576045	-68.038292	-166.925427
35939	9.246160	-2.879118	1.855312	-0.084293	-0.225272	-0.064802	-55.837478	-68.142164	-166.695526
35940	8.850100	-3.142883	2.110746	-0.091500	-0.161650	-0.052736	-56.045737	-68.217353	-166.527772
35941	9.224799	-2.885766	1.856380	-0.046866	-0.246782	-0.039533	-56.335726	-68.315325	-166.244328
35942	9.404151	-3.082411	1.540821	-0.065932	-0.105508	-0.011147	-56.497795	-68.352372	-166.110675
35943	9.125812	-3.173464	1.884869	-0.035738	-0.039958	-0.019727	-56.550736	-68.374902	-166.075579
35944	9.248595	-3.090215	1.758027	-0.013748	-0.034226	-0.033161	-56.579980	-68.399883	-166.052691
35945	9.132620	-3.138435	1.850624	-0.024118	0.034613	-0.041570	-56.518869	-68.409298	-166.133106
35946	8.928296	-3.052327	2.049106	-0.010525	0.015305	-0.051929	-56.471420	-68.427618	-166.190718
35947	9.028870	-2.989302	2.000360	-0.017675	-0.014896	-0.061873	-56.450010	-68.462356	-166.224455
35948	8.976717	-3.008715	2.007517	-0.021492	0.003659	-0.055151	-56.420084	-68.485890	-166.269954
35949	8.922581	-2.921056	2.103893	-0.015990	-0.023268	-0.044294	-56.421847	-68.514881	-166.277735
35950	9.019737	-2.934481	1.955367	-0.024897	-0.042205	-0.024755	-56.473823	-68.538438	-166.237292
35951	9.013062	-2.993478	2.009959	-0.030183	-0.035827	-0.012596	-56.524581	-68.556260	-166.201165
35952	9.078136	-3.022611	1.902845	-0.017111	-0.047882	-0.010215	-56.590828	-68.574648	-166.140600
35953	9.128871	-3.021640	1.865846	-0.020908	-0.025896	-0.004060	-56.631167	-68.585230	-166.109966
35954	9.126535	-3.108451	1.875044	-0.009376	-0.019137	-0.010486	-56.657800	-68.594680	-166.087199
35955	9.166501	-3.033151	1.772810	0.003971	0.002003	-0.020889	-56.636333	-68.604520	-166.107641
35956	9.136508	-2.832758	2.236919	-0.010627	0.013749	0.010055	-56.640059	-68.593802	-166.110253
35957	9.331593	-3.438548	1.077152	0.015464	0.006436	-0.030442	-56.598896	-68.606811	-166.144775
35958	8.652894	-2.684309	2.691846	-0.002149	0.135203	-0.027394	-56.419687	-68.575618	-166.338676
35959	8.994457	-3.046158	1.903385	0.031975	-0.076784	-0.011589	-56.485564	-68.605938	-166.248067
35960	9.205678	-2.914471	1.861483	-0.026013	0.035641	0.000292	-56.463503	-68.592975	-166.287835
35961	8.950411	-3.092688	2.050931	0.003948	-0.010443	-0.001089	-56.473125	-68.597274	-166.274899
35962	9.216848	-3.025395	1.749121	-0.005911	-0.013252	-0.007442	-56.492849	-68.603492	-166.257414
35963	9.004687	-3.060859	1.987854	-0.000451	0.026555	-0.008222	-56.454141	-68.599489	-166.299094
35964	9.040377	-3.022450	1.971068	0.008645	-0.009688	-0.011067	-56.458237	-68.606332	-166.289437
35965	9.003044	-2.944777	2.023995	0.006061	0.000379	-0.006170	-56.449355	-68.609632	-166.295075
35966	9.017744	-2.981179	2.007235	0.000015	-0.033420	0.000528	-56.496657	-68.618456	-166.244322
35967	9.141321	-3.020081	1.900378	-0.001965	-0.031588	0.006952	-56.542001	-68.625592	-166.196666
35968	9.119347	-3.037448	1.918280	0.003224	-0.015972	-0.000244	-56.565542	-68.629264	-166.169454
35969	9.123552	-3.007347	1.887518	0.000206	-0.013884	0.000683	-56.582986	-68.633793	-166.150424
35970	9.051816	-3.024729	1.939467	0.009611	-0.015713	-0.008111	-56.596199	-68.641158	-166.130373
35971	9.042141	-2.963723	1.978356	0.001529	-0.015476	-0.002362	-56.612395	-68.647642	-166.111871
35972	9.097312	-2.989921	1.896256	0.003135	-0.026294	0.001533	-56.650020	-68.653734	-166.069589
35973	9.102857	-3.023410	1.901410	-0.004536	-0.014741	0.000089	-56.670792	-68.658807	-166.049907
35974	9.049585	-3.053931	1.962522	0.005203	-0.017802	-0.006678	-56.690216	-68.666162	-166.025894
35975	9.057907	-2.993049	1.902195	0.002514	-0.015834	-0.007441	-56.702245	-68.675181	-166.011264
35976	9.067745	-3.002099	1.932629	0.000161	-0.015099	-0.006173	-56.721639	-68.681450	-165.990384
35977	9.101070	-3.050906	1.924985	0.001076	-0.021227	-0.013787	-56.736025	-68.695200	-165.974108
35978	9.087459	-3.006230	1.884202	0.003052	-0.023057	-0.020220	-56.752219	-68.710708	-165.954885
35979	9.057182	-3.018008	1.924831	0.000024	-0.019858	-0.023014	-56.758124	-68.728447	-165.948362
35980	9.118615	-3.081685	1.903502	-0.001441	-0.028691	-0.028770	-56.776947	-68.749832	-165.929079
35981	9.108419	-2.954983	1.905227	0.007792	-0.015416	-0.031403	-56.766174	-68.770196	-165.935677
35982	9.074533	-2.996061	1.975809	0.000343	-0.018863	-0.028438	-56.772121	-68.788351	-165.929114
35983	9.062242	-3.007445	1.917533	0.005388	-0.021560	-0.028954	-56.772287	-68.809470	-165.925453
35984	9.053382	-2.944536	1.955468	0.003993	-0.030290	-0.024133	-56.793740	-68.829157	-165.900013
35985	9.082137	-2.958829	1.939481	0.002297	-0.035460	-0.018211	-56.821641	-68.849484	-165.868512
35986	9.114544	-2.943696	1.893370	-0.002440	-0.041987	-0.010761	-56.872167	-68.866425	-165.815853
35987	9.103513	-3.020417	1.869686	-0.001708	-0.037569	-0.007887	-56.913475	-68.882441	-165.772446
35988	9.140404	-2.988029	1.902762	0.001630	-0.034105	-0.018562	-56.945663	-68.900652	-165.736952
35989	9.105715	-3.017528	1.863621	-0.004060	-0.026618	-0.018973	-56.965821	-68.918554	-165.717669
35990	9.065505	-2.969224	1.943928	-0.000348	-0.026611	-0.020169	-56.988566	-68.935201	-165.693515
35991	9.088327	-2.944066	1.866580	-0.006150	-0.036324	-0.017628	-57.023203	-68.955478	-165.660005
35992	9.107886	-2.955598	1.872917	-0.003349	-0.025639	-0.015511	-57.050265	-68.969589	-165.633067
35993	9.174984	-2.903270	1.810489	-0.000813	-0.013622	-0.004838	-57.063907	-68.976632	-165.618781
35994	9.067766	-2.959069	1.882433	-0.008205	0.026745	0.006482	-57.046050	-68.963866	-165.642950
35995	9.094818	-2.975809	1.870521	0.007479	0.001230	0.004472	-57.043908	-68.961806	-165.640482
35996	9.116500	-2.959233	1.851719	0.006350	0.024671	0.010846	-57.023835	-68.947600	-165.658093
35997	9.062446	-2.991020	1.916924	0.007344	0.023202	0.009485	-56.998408	-68.936277	-165.680659
35998	9.047610	-2.954741	1.934209	0.012957	0.011063	0.003621	-56.985678	-68.929798	-165.686346
35999	9.021034	-2.995775	1.930505	-0.000628	0.003678	0.002798	-56.983773	-68.927778	-165.688602
36000	9.110149	-2.933988	1.903594	0.002646	-0.013394	0.006251	-57.009529	-68.927676	-165.659370
36001	9.088587	-3.002606	1.850868	-0.004387	-0.007760	0.009487	-57.029457	-68.926009	-165.640536
36002	9.133323	-2.975480	1.863937	-0.000352	-0.007873	0.006599	-57.050285	-68.924026	-165.618425
36003	9.092473	-2.980527	1.874407	-0.001606	-0.000516	0.012195	-57.061764	-68.918796	-165.606939
36004	9.092271	-2.981400	1.873997	-0.000352	-0.007872	0.006599	-57.082550	-68.916825	-165.584870
36005	9.110572	-2.995037	1.883096	0.000425	0.003423	0.008298	-57.084794	-68.912241	-165.582033
36006	9.082379	-2.972941	1.842260	0.006789	-0.000861	0.004725	-57.091190	-68.908999	-165.570999
36007	9.126883	-2.945661	1.856806	0.003898	0.012756	0.010751	-57.081785	-68.900329	-165.578514
36008	9.104061	-2.963802	1.878539	0.010043	0.016686	0.014549	-57.072344	-68.886918	-165.582458
36009	9.062602	-2.969233	1.891274	0.004672	0.019502	0.016761	-57.058962	-68.873255	-165.593764
36010	9.097365	-2.939784	1.930086	0.013943	0.029444	0.025293	-57.040066	-68.850716	-165.605449
36011	9.087589	-2.989736	1.883403	0.002137	0.026231	0.032844	-57.032772	-68.827223	-165.611786
36012	9.117802	-2.985179	1.897413	0.009210	0.022921	0.032741	-57.030671	-68.803151	-165.608370
36013	9.102629	-3.002133	1.843807	0.014049	0.032992	0.035267	-57.010159	-68.776384	-165.621567
36014	9.132441	-2.997581	1.859861	0.019298	0.053263	0.034318	-56.966053	-68.742099	-165.657017
36015	9.054149	-3.041741	1.894695	0.026183	0.067271	0.032937	-56.894600	-68.705725	-165.717426
36016	9.026588	-2.889901	1.974358	0.037619	0.058060	0.036297	-56.835978	-68.668974	-165.757211
36017	9.017253	-3.004023	1.967265	0.025090	0.048228	0.048400	-56.801313	-68.631114	-165.778825
36018	9.063701	-2.950181	1.956461	0.029748	0.038770	0.050762	-56.782602	-68.593474	-165.780609
36019	9.097820	-2.974464	1.925446	0.027787	0.039506	0.060896	-56.767194	-68.552357	-165.779887
36020	9.190097	-2.996382	1.785751	0.034827	0.059403	0.072593	-56.737897	-68.497791	-165.789922
36021	9.106240	-3.079820	1.906428	0.037989	0.099952	0.072983	-56.653072	-68.431870	-165.857542
36022	9.052478	-3.085708	1.949243	0.044244	0.087544	0.063760	-56.577728	-68.372669	-165.911315
36023	9.075468	-3.049559	1.963391	0.048335	0.091968	0.056529	-56.484352	-68.317064	-165.981814
36024	9.066951	-3.020467	1.965744	0.051324	0.085339	0.059897	-56.405230	-68.260354	-166.035334
36025	9.117319	-2.995099	1.913255	0.056617	0.098867	0.070623	-56.310878	-68.195759	-166.101830
36026	9.040404	-3.024054	2.031666	0.053123	0.112792	0.079881	-56.214707	-68.120748	-166.172663
36027	9.039314	-2.943493	2.030288	0.061987	0.089445	0.090683	-56.145271	-68.049532	-166.209052
36028	9.163202	-3.082109	1.929026	0.053117	0.128249	0.106934	-56.053294	-67.956656	-166.275446
36029	9.020458	-3.070679	2.043023	0.061329	0.132668	0.107351	-55.947651	-67.863632	-166.351363
36030	9.183776	-3.080472	1.860387	0.081941	0.128686	0.113004	-55.844797	-67.767662	-166.411764
36031	9.136791	-3.213469	1.909065	0.102973	0.213620	0.121917	-55.635013	-67.641501	-166.574559
36032	8.981835	-3.140288	2.070009	0.132349	0.185949	0.117378	-55.443264	-67.524782	-166.699999
36033	9.105715	-3.084514	2.056032	0.135994	0.197693	0.122665	-55.237145	-67.403030	-166.838625
36034	9.160799	-3.199619	2.123254	0.132448	0.204845	0.132908	-55.039575	-67.272499	-166.970545
36035	9.289113	-3.175413	1.823328	0.165633	0.204040	0.148743	-54.833481	-67.136057	-167.090986
36036	9.072704	-3.149728	2.211991	0.140471	0.267049	0.178358	-54.602126	-66.963336	-167.254906
36037	9.098146	-3.191085	2.018759	0.190163	0.242254	0.180214	-54.369016	-66.799135	-167.389727
36038	8.994931	-2.721570	2.487957	0.175635	0.267726	0.232491	-54.164528	-66.600527	-167.502903
36039	8.486705	-2.531596	3.066584	0.089313	0.171115	0.345815	-54.197145	-66.382963	-167.411356
36040	8.939581	-2.484941	2.718355	-0.026049	-0.099644	0.452933	-54.665857	-66.204193	-166.915826
36041	9.407256	-3.218698	1.912391	-0.073352	-0.036136	0.578098	-55.175128	-65.945505	-166.404487
36042	9.108477	-3.118787	2.483951	-0.082848	-0.046423	0.639001	-55.737339	-65.658158	-165.840240
36043	9.087069	-3.883369	1.827808	-0.103626	-0.011164	0.638312	-56.257328	-65.359016	-165.333909
36044	9.061850	-3.531925	2.206212	-0.039241	0.028655	0.594497	-56.661616	-65.065165	-164.913452
36045	8.863709	-3.601916	2.136795	-0.054415	0.082179	0.601807	-57.011449	-64.751235	-164.561417
36046	8.377714	-3.656611	2.456644	-0.053581	0.090967	0.571477	-57.327553	-64.446962	-164.245580
36047	8.460207	-3.561094	2.422209	-0.034709	0.017826	0.504306	-57.652548	-64.198276	-163.906863
36048	8.741914	-3.507444	2.287179	-0.055155	-0.009741	0.510977	-58.018117	-63.952482	-163.535629
36049	8.457376	-3.815123	2.305297	-0.066499	0.028256	0.501228	-58.336364	-63.700402	-163.223299
36050	8.338031	-3.848113	2.366367	-0.046303	-0.025776	0.439707	-58.656915	-63.492368	-162.895136
36051	8.418664	-3.876202	2.212248	-0.043395	-0.039873	0.376640	-58.944145	-63.320084	-162.601549
36052	8.518332	-4.038544	2.066844	-0.021330	-0.031357	0.321035	-59.177928	-63.170563	-162.353518
36053	8.386734	-4.253972	2.108835	0.023138	0.023491	0.235929	-59.278284	-63.048000	-162.225952
36054	8.626711	-3.889986	2.246289	0.059899	-0.004210	0.172546	-59.350517	-62.963183	-162.106475
36055	8.820890	-3.719745	2.241169	0.034617	0.009334	0.205665	-59.439019	-62.859507	-161.984611
36056	8.947455	-3.647964	2.387379	0.008999	-0.020436	0.283303	-59.616978	-62.724525	-161.778818
36057	9.165237	-3.549445	2.371830	-0.046009	-0.053748	0.439725	-59.939671	-62.522792	-161.444933
36058	9.170132	-3.709563	2.342967	-0.110097	-0.052461	0.608268	-60.387151	-62.234451	-161.011193
36059	8.840399	-3.798640	2.265041	-0.151143	-0.045373	0.723503	-60.899711	-61.886355	-160.528854
36060	8.388053	-4.160456	2.331363	-0.152876	-0.020269	0.730905	-61.384672	-61.524235	-160.077675
36061	8.018485	-4.143371	2.460526	-0.120969	-0.058820	0.649359	-61.832410	-61.213417	-159.646348
36062	8.310554	-4.221315	2.314311	-0.119517	-0.122648	0.570117	-62.293203	-60.956753	-159.198257
36063	8.839157	-4.244540	2.168170	-0.122532	-0.118415	0.580033	-62.745971	-60.693685	-158.759930
36064	9.549919	-4.251681	2.305434	-0.125143	-0.108268	0.674103	-63.228744	-60.376748	-158.287885
36065	10.174584	-4.272491	2.167163	-0.149132	-0.060260	0.873183	-63.757397	-59.944908	-157.776761
36066	10.001096	-4.167526	2.221568	-0.187603	0.052848	1.124693	-64.302885	-59.351381	-157.269319
36067	9.409159	-4.512547	2.111597	-0.219250	0.146580	1.301163	-64.835120	-58.642495	-156.794759
36068	8.496134	-4.527333	2.237685	-0.209357	0.191434	1.385018	-65.337077	-57.875740	-156.345744
36069	8.317395	-4.518987	2.329376	-0.207362	0.150144	1.395683	-65.851572	-57.112433	-155.876379
36070	8.151247	-4.729480	2.206990	-0.238328	0.163553	1.399823	-66.354884	-56.340362	-155.437890
36071	7.999119	-4.970829	2.178472	-0.244627	0.149147	1.390930	-66.847515	-55.575467	-155.012344
36072	8.110204	-5.060963	2.135891	-0.238391	0.136745	1.393611	-67.329489	-54.808654	-154.591899
36073	7.964820	-5.092516	2.086265	-0.236690	0.141594	1.417467	-67.793655	-54.027472	-154.187733
36074	7.812051	-5.206821	2.323302	-0.250211	0.144903	1.436021	-68.252512	-53.232598	-153.796151
36075	7.795639	-5.309933	2.259764	-0.263196	0.119597	1.441646	-68.718902	-52.439459	-153.399947
36076	8.217361	-5.354776	2.318649	-0.269219	0.084702	1.479745	-69.206923	-51.629907	-152.976839
36077	8.234169	-5.461545	2.344088	-0.316151	0.136438	1.552023	-69.685405	-50.770264	-152.595120
36078	7.726848	-5.596818	2.395204	-0.348571	0.151321	1.601338	-70.168203	-49.877994	-152.227596
36079	7.390436	-5.569623	2.387296	-0.372394	0.117079	1.598260	-70.666357	-48.993179	-151.852522
36080	6.864225	-5.752945	2.307935	-0.431392	0.105499	1.571667	-71.183587	-48.121652	-151.492529
36081	5.934719	-5.895375	2.203184	-0.465624	0.087401	1.473384	-71.693705	-47.305871	-151.163406
36082	5.677771	-6.157598	2.292926	-0.484063	-0.012539	1.290163	-72.224801	-46.604457	-150.816440
36083	5.880339	-6.321132	2.195021	-0.493608	-0.051590	1.095255	-72.734940	-46.015363	-150.501848
36084	5.962139	-6.606611	1.973635	-0.516280	-0.065450	0.916203	-73.226629	-45.523498	-150.228668
36085	6.488324	-6.996602	1.825714	-0.478981	-0.093329	0.774227	-73.680702	-45.113926	-149.975802
36086	7.136936	-7.059838	1.661570	-0.429268	-0.058560	0.686792	-74.069025	-44.744251	-149.774398
36087	7.447779	-7.224717	1.622827	-0.390945	-0.000158	0.673252	-74.396380	-44.373472	-149.626860
36088	7.749518	-7.175684	1.692979	-0.330615	0.057597	0.690289	-74.658663	-43.982533	-149.522562
36089	7.424471	-7.116204	1.527750	-0.304743	0.141307	0.735535	-74.864599	-43.555065	-149.477040
36090	7.139819	-7.308837	1.474236	-0.245177	0.154711	0.761350	-75.032446	-43.109887	-149.437469
36091	6.591487	-7.108963	1.476814	-0.207543	0.212226	0.748217	-75.144734	-42.664761	-149.446970
36092	6.096176	-7.393132	1.489732	-0.194354	0.181002	0.710972	-75.260844	-42.243534	-149.440323
36093	6.360562	-7.100198	1.801977	-0.127098	0.119869	0.645932	-75.358448	-41.868546	-149.403089
36094	6.200181	-7.044340	1.817662	-0.150979	0.183347	0.606359	-75.433748	-41.504933	-149.420372
36095	6.107896	-7.114933	1.862300	-0.135380	0.140734	0.555663	-75.512941	-41.176936	-149.417669
36096	6.009247	-7.009970	1.778607	-0.146940	0.138707	0.528450	-75.597172	-40.862952	-149.418048
36097	5.411133	-6.984301	1.755270	-0.150637	0.128168	0.516492	-75.685452	-40.558478	-149.414781
36098	6.270253	-6.954408	1.854660	-0.153518	0.043096	0.516576	-75.816327	-40.264536	-149.349025
36099	7.156371	-7.200852	2.320579	-0.184958	0.038804	0.592391	-75.973826	-39.930356	-149.268780
36100	7.781539	-7.250592	2.671337	-0.224737	0.085003	0.695546	-76.144288	-39.530906	-149.203970
36101	7.709547	-7.106347	2.498138	-0.304301	0.184140	0.834020	-76.327850	-39.042087	-149.189173
36102	7.522752	-7.651954	2.409452	-0.381172	0.208731	0.968249	-76.558332	-38.473968	-149.170233
36103	8.786223	-8.258509	2.375416	-0.391946	0.243402	1.036436	-76.783873	-37.864396	-149.168404
36104	7.898497	-7.844185	2.395187	-0.454960	0.452014	1.176563	-76.969353	-37.148472	-149.292266
36105	7.531711	-7.708222	2.115021	-0.439600	0.510226	1.269408	-77.130177	-36.374555	-149.444134
36106	7.235903	-7.729709	1.929297	-0.488250	0.586226	1.380322	-77.300106	-35.528537	-149.631556
36107	6.722870	-8.008118	1.813866	-0.504882	0.593845	1.489923	-77.487070	-34.621609	-149.809326
36108	6.651768	-7.996354	1.801936	-0.508452	0.561223	1.567672	-77.697061	-33.674992	-149.954655
36109	6.731589	-8.063376	1.914604	-0.527280	0.555911	1.653100	-77.926361	-32.682352	-150.087418
36110	6.804704	-8.264436	1.980926	-0.532765	0.590359	1.724952	-78.153047	-31.645230	-150.235517
36111	7.017079	-8.386705	1.974310	-0.534620	0.652977	1.769513	-78.362814	-30.576863	-150.422071
36112	6.875889	-8.296852	1.928212	-0.544081	0.761067	1.818854	-78.548840	-29.468584	-150.673891
36113	6.221496	-8.466895	1.635533	-0.585036	0.815120	1.888392	-78.748856	-28.316265	-150.953360
36114	6.257548	-8.481450	1.711488	-0.557457	0.823072	1.907904	-78.936829	-27.152754	-151.236447
36115	5.990048	-8.051672	1.645744	-0.550659	0.916989	1.984129	-79.102815	-25.937076	-151.570667
36116	5.501785	-8.003553	1.682122	-0.587772	0.998446	2.064381	-79.279381	-24.668417	-151.946295
36117	6.309911	-8.135290	1.852734	-0.571070	1.026178	2.106501	-79.448289	-23.374099	-152.334762
36118	6.494826	-8.535462	1.952323	-0.641590	1.172296	2.193959	-79.635599	-22.016705	-152.802943
36119	6.165189	-8.526064	1.857310	-0.656907	1.259291	2.263422	-79.825131	-20.612399	-153.316562
36120	5.571532	-8.323632	1.628671	-0.735392	1.317293	2.339851	-80.062767	-19.161596	-153.857604
36121	4.227760	-8.308887	1.159685	-0.845812	1.247617	2.484352	-80.393358	-17.637889	-154.345115
36122	2.812804	-8.173079	0.572242	-0.900460	0.950836	2.599748	-80.820490	-16.080673	-154.652506
36123	1.092003	-8.055601	-0.101231	-0.988877	0.542187	2.751638	-81.369853	-14.475421	-154.717391
36124	-0.496917	-7.247386	-0.394189	-0.933957	-0.071324	2.843684	-81.972765	-12.870427	-154.432668
36125	0.528281	-6.011013	-0.026312	-0.874030	-0.808703	2.737350	-82.617307	-11.378702	-153.747686
36126	-0.423796	-7.847227	-1.367865	-0.967649	-0.841711	2.699427	-83.297969	-9.903827	-153.067474
36127	1.264361	-3.827809	0.391733	-0.085179	-1.327528	1.735660	-83.491529	-9.003828	-152.185257
36128	13.513151	6.968787	2.759418	1.163421	-2.125954	-0.932262	-83.014359	-9.678292	-151.022640
36129	22.704827	3.630892	3.343043	-0.771489	-0.052287	-0.745008	-83.452699	-10.106092	-151.043206
36130	11.311866	-6.561728	0.093118	0.191799	1.636912	-1.939214	-83.144420	-11.103429	-152.123179
36131	6.441067	2.309396	3.929757	1.389590	0.788429	-3.194199	-82.203437	-12.861423	-152.819459
36132	5.364907	-1.449428	-0.443679	0.939975	1.127525	-2.965423	-81.450696	-14.455718	-153.726846
36133	1.869460	-2.537412	1.021429	1.458107	0.974978	-3.036796	-80.389514	-16.086129	-154.582979
36134	2.659495	-2.628470	0.216587	1.707372	0.273172	-3.001537	-79.271812	-17.755879	-155.062276
36135	3.467874	-2.375039	0.173061	1.766647	0.094066	-2.925785	-78.131330	-19.389577	-155.464220
36136	4.668667	-2.373175	0.136559	1.813741	-0.183637	-2.914461	-76.997316	-21.047805	-155.738923
36137	6.028023	-2.249867	0.004402	1.722090	-0.221226	-2.898443	-75.903782	-22.692368	-156.025120
36138	6.777975	-2.300958	0.110888	1.592536	-0.145521	-2.917028	-74.842591	-24.335982	-156.398544
36139	7.208720	-2.580529	-0.070304	1.409756	-0.083685	-2.978804	-73.840002	-25.992732	-156.856233
36140	7.418534	-2.822019	-0.254091	1.189665	-0.072787	-3.056915	-72.924933	-27.689044	-157.374140
36141	7.454459	-3.109565	-0.232954	0.941604	-0.110883	-3.128969	-72.125345	-29.418592	-157.917784
36142	7.635265	-3.515734	-0.116842	0.704446	-0.149965	-3.153612	-71.439256	-31.168462	-158.478959
36143	7.870374	-4.132725	0.102448	0.487647	-0.162302	-3.128526	-70.852412	-32.895301	-159.058199
36144	8.024471	-4.640350	0.311918	0.326525	-0.152310	-3.070472	-70.329689	-34.590823	-159.663889
36145	8.210631	-5.161473	0.549953	0.208160	-0.145838	-3.004532	-69.849372	-36.238310	-160.286579
36146	8.572398	-5.567935	0.802772	0.160075	-0.151246	-2.943961	-69.375326	-37.857301	-160.922784
36147	8.962521	-5.863887	1.143575	0.146456	-0.151334	-2.907655	-68.881469	-39.445303	-161.578804
36148	9.405794	-6.233286	1.323763	0.167346	-0.144786	-2.895960	-68.338769	-41.028612	-162.272212
36149	9.393198	-6.512199	1.309419	0.183277	-0.156527	-2.900774	-67.752228	-42.604108	-162.994100
36150	9.448185	-6.670087	1.205176	0.163125	-0.233307	-2.887397	-67.175781	-44.191754	-163.698800
36151	9.435445	-6.837226	0.987289	0.065092	-0.340677	-2.823549	-66.684514	-45.757111	-164.340808
36152	9.527410	-7.035646	0.859607	-0.106814	-0.504493	-2.693804	-66.376912	-47.296563	-164.850876
36153	9.874892	-7.362011	0.797965	-0.347774	-0.681150	-2.536762	-66.325350	-48.784967	-165.187945
36154	10.782094	-7.684626	0.961180	-0.667673	-0.838026	-2.354783	-66.592535	-50.222337	-165.341745
36155	11.599341	-8.461729	1.290981	-1.070137	-0.870949	-2.141895	-67.177682	-51.547379	-165.377657
36156	11.910336	-10.061763	1.764685	-1.483332	-0.842671	-1.932858	-68.060117	-52.763995	-165.338762
36157	12.184337	-11.751753	2.327321	-1.774965	-0.801211	-1.812435	-69.142391	-53.898780	-165.257206
36158	12.502690	-13.353753	2.898408	-1.979553	-0.707851	-1.734771	-70.328470	-54.980180	-165.195860
36159	12.792687	-15.016551	3.408352	-2.056337	-0.564183	-1.688546	-71.490904	-56.000583	-165.214829
36160	13.029892	-16.243236	3.767966	-1.967694	-0.374957	-1.685539	-72.477441	-56.993281	-165.386097
36161	12.763834	-16.755852	3.922776	-1.741836	-0.145262	-1.711162	-73.145985	-57.954938	-165.776667
36162	12.238821	-16.661245	3.822125	-1.446207	0.091597	-1.757786	-73.423270	-58.911360	-166.425785
36163	11.252176	-16.360444	3.540654	-1.115903	0.312904	-1.800804	-73.273079	-59.848954	-167.343069
36164	9.787290	-15.950735	3.167702	-0.771034	0.441204	-1.854242	-72.747816	-60.797023	-168.457741
36165	8.026701	-15.233746	2.745531	-0.431167	0.425230	-1.890444	-71.972420	-61.755887	-169.623420
36166	5.994143	-14.482670	2.324844	-0.116440	0.255112	-1.859329	-71.137475	-62.724943	-170.643629
36167	3.848699	-13.618598	2.211655	0.193935	-0.124935	-1.790224	-70.492621	-63.717676	-171.241279
36168	2.689951	-12.636641	2.157950	0.466201	-0.707280	-1.683858	-70.349643	-64.765863	-171.104461
36169	2.821749	-11.912336	2.072076	0.694870	-1.227237	-1.521442	-70.762242	-65.822407	-170.211896
36170	3.382245	-11.168457	2.177162	0.898927	-1.579602	-1.322561	-71.648696	-66.833524	-168.682437
36171	4.204381	-10.460983	2.254156	1.070129	-1.748609	-1.121808	-72.847892	-67.751694	-166.717716
36172	4.708411	-9.693529	2.300548	1.204230	-1.732354	-0.939318	-74.155243	-68.550617	-164.566352
36173	4.961703	-8.884434	2.301337	1.288946	-1.629037	-0.757514	-75.454946	-69.214642	-162.381285
36174	5.197390	-8.162745	2.231610	1.319874	-1.462447	-0.578498	-76.663093	-69.738145	-160.283989
36175	5.392688	-7.433632	2.120778	1.302274	-1.259568	-0.390342	-77.707589	-70.116754	-158.377396
36176	5.506553	-6.796049	1.970987	1.230939	-1.038457	-0.182120	-78.567646	-70.340233	-156.713931
36177	5.503134	-6.259890	1.798486	1.134852	-0.844552	0.015590	-79.255101	-70.424947	-155.293660
36178	5.626265	-5.576103	1.547310	1.024294	-0.670715	0.202500	-79.793472	-70.379128	-154.098918
36179	5.882759	-4.940269	1.353492	0.881562	-0.499733	0.379831	-80.181980	-70.214994	-153.149574
36180	6.050453	-4.386795	1.145677	0.711651	-0.336139	0.541649	-80.446236	-69.939452	-152.434342
36181	6.300078	-3.801738	0.983682	0.528451	-0.202413	0.682577	-80.628549	-69.573150	-151.917143
36182	6.758925	-3.568314	0.944547	0.327145	-0.064098	0.810091	-80.740275	-69.118812	-151.596895
36183	7.142805	-3.465808	0.956972	0.143136	0.083879	0.913556	-80.753770	-68.594865	-151.494325
36184	7.457034	-3.490536	1.001939	-0.009598	0.228965	0.986968	-80.666656	-68.013264	-151.593433
36185	7.578101	-3.462326	0.996385	-0.131835	0.357035	1.034441	-80.487172	-67.395477	-151.868884
36186	7.562701	-3.540671	1.053897	-0.238614	0.445840	1.065415	-80.272710	-66.748550	-152.249616
36187	7.793838	-3.982110	1.006367	-0.308338	0.491907	1.080403	-80.055855	-66.090876	-152.678809
36188	7.877817	-4.405050	1.042931	-0.334652	0.504325	1.073545	-79.856742	-65.432399	-153.106886
36189	8.040742	-4.788367	1.029258	-0.324435	0.475327	1.032951	-79.691709	-64.802015	-153.493536
36190	8.245716	-4.978241	1.006998	-0.293243	0.437380	0.971490	-79.555765	-64.206865	-153.829727
36191	8.596789	-5.124645	0.983049	-0.253838	0.396377	0.888591	-79.434804	-63.665271	-154.126104
36192	9.041305	-5.282938	0.967729	-0.200585	0.403888	0.787066	-79.264380	-63.176736	-154.444614
36193	9.383006	-5.423136	0.795066	-0.137974	0.457988	0.671286	-78.981040	-62.749914	-154.851289
36194	9.466277	-5.407900	0.595505	-0.067304	0.541031	0.565597	-78.558238	-62.369060	-155.370605
36195	9.229631	-5.287194	0.394081	-0.004976	0.608047	0.481643	-78.020642	-62.028538	-155.981391
36196	8.844148	-5.039778	0.167540	0.047966	0.643486	0.442045	-77.423027	-61.700032	-156.627458
36197	8.246454	-4.823762	-0.066780	0.071140	0.612229	0.425390	-76.851695	-61.384739	-157.230765
36198	7.782094	-4.653984	-0.211811	0.078613	0.516855	0.429266	-76.388747	-61.074348	-157.707169
36199	7.529961	-4.532398	-0.289052	0.076107	0.388611	0.432448	-76.062541	-60.781103	-158.030324
36200	7.453762	-4.444930	-0.257273	0.071325	0.253874	0.451213	-75.885649	-60.492468	-158.186163
36201	7.477183	-4.498537	-0.117123	0.070419	0.135029	0.501643	-75.837094	-60.195277	-158.195425
36202	7.503897	-4.608063	0.044102	0.090743	0.028517	0.553533	-75.895619	-59.881192	-158.067725
36203	7.480177	-4.634945	0.180672	0.121922	-0.053907	0.618925	-76.024605	-59.545080	-157.837269
36204	7.234672	-4.660145	0.304640	0.171419	-0.142366	0.661300	-76.217380	-59.194256	-157.499032
36205	7.059154	-4.582933	0.346273	0.218267	-0.243010	0.688926	-76.473103	-58.843973	-157.054706
36206	6.922361	-4.747393	0.454475	0.262743	-0.354443	0.696777	-76.802501	-58.499893	-156.492835
36207	6.871262	-4.947207	0.619126	0.320189	-0.470455	0.687192	-77.188840	-58.177326	-155.823223
36208	6.859738	-5.181004	0.770040	0.385098	-0.588627	0.675528	-77.634219	-57.870399	-155.038055
36209	6.895101	-5.347633	0.802856	0.464329	-0.702669	0.665614	-78.118529	-57.582495	-154.150416
36210	6.847720	-5.647350	0.835850	0.537725	-0.784779	0.684526	-78.627257	-57.286134	-153.181160
36211	6.650602	-5.936498	0.871317	0.635136	-0.867163	0.708340	-79.139330	-56.984094	-152.138086
36212	6.600213	-6.164462	1.013368	0.727882	-0.956637	0.798752	-79.677712	-56.631957	-150.996251
36213	6.712126	-6.632958	1.207362	0.826614	-1.007854	0.900040	-80.196818	-56.225486	-149.804613
36214	6.689963	-6.795514	1.474338	0.938365	-1.007874	1.001783	-80.647466	-55.752298	-148.612109
36215	6.571564	-6.924185	1.591514	1.043008	-1.001651	1.108450	-81.021124	-55.217105	-147.433182
36216	6.352647	-6.925100	1.651741	1.127232	-0.998989	1.186596	-81.331701	-54.629501	-146.264060
36217	6.016039	-6.856985	1.705016	1.195371	-0.996196	1.227148	-81.578760	-54.019381	-145.116615
36218	5.745382	-7.151400	1.837346	1.256638	-0.975314	1.262338	-81.756097	-53.380871	-144.002541
36219	5.513012	-7.460766	2.005375	1.360954	-0.905832	1.324708	-81.803488	-52.704249	-142.967211
36220	4.666099	-7.514298	2.003148	1.469030	-0.812712	1.478554	-81.717001	-51.928402	-142.012016
36221	3.676717	-7.381906	1.706336	1.562167	-0.810228	1.719458	-81.578771	-51.021481	-141.044425
36222	2.864076	-6.779369	1.293082	1.617801	-0.922138	2.007157	-81.491750	-49.957171	-139.954535
36223	36.082778	-12.329011	0.596926	1.852658	-2.966404	-0.580801	-82.397296	-50.525341	-137.395656
36224	57.388132	13.241192	-7.708353	4.812805	2.505524	-6.348621	-76.979732	-53.844141	-140.758555
36225	-13.381428	4.564966	13.364019	-6.235197	11.142594	-4.036388	-71.185381	-54.319750	-152.316004
36226	3.517727	-33.442440	-8.550764	3.310583	0.219504	-2.194127	-68.505035	-55.455229	-153.273114
36227	-3.904255	-1.054511	-0.295171	1.137477	2.228346	-5.355028	-64.211034	-57.755853	-157.633711
36228	6.843037	-11.435849	5.367910	2.183387	-1.714874	-2.860181	-63.218709	-59.657617	-157.330790
36229	26.653446	3.017148	0.848393	3.696216	-2.217075	-5.343656	-60.509001	-62.956863	-158.004446
36230	20.379295	-0.666096	8.098946	-0.395894	2.518715	-1.620506	-57.375218	-63.005683	-161.776368
36231	5.892762	-4.316016	2.003136	0.783672	0.811868	-1.012248	-55.529066	-63.232475	-163.342552
36232	8.146875	-2.492064	4.683532	0.862057	0.062028	-1.491613	-53.987843	-63.908262	-164.511862
36233	9.503408	-0.638235	3.992392	0.338265	-0.163842	-1.093017	-53.181532	-64.468443	-165.192054
36234	8.895928	-2.838008	2.996673	-0.164993	-0.035319	-0.766727	-52.754489	-64.829703	-165.768901
36235	8.531294	-2.608109	2.873492	0.057994	-0.310526	-0.693849	-52.506571	-65.254114	-166.005526
36236	9.063528	-2.059195	3.775203	-0.258936	-0.690784	-0.353888	-53.079341	-65.653354	-165.538607
36237	9.467361	-3.956913	1.609586	-0.358898	-0.517864	-0.306175	-53.581557	-65.971737	-165.213310
36238	10.375723	-3.456150	2.056067	-0.154711	-0.673246	-0.240221	-54.193905	-66.308707	-164.640285
36239	10.629036	-3.483416	0.132610	-0.018638	-0.329183	-0.185909	-54.412973	-66.505740	-164.412715
36240	8.554516	-2.576168	3.264221	-0.128551	0.176342	-0.117667	-54.210293	-66.500123	-164.713727
36241	8.549426	-3.402471	2.412094	-0.089418	-0.331370	-0.099336	-54.541252	-66.657450	-164.408711
36242	9.538248	-2.933933	1.746120	-0.047049	-0.183085	-0.093131	-54.697823	-66.760230	-164.267247
36243	8.629316	-3.150699	2.563214	-0.118858	-0.063513	-0.059955	-54.788965	-66.809762	-164.242002
36244	8.782602	-3.062045	2.400045	-0.061477	-0.244421	-0.065003	-55.044995	-66.919297	-164.001535
36245	9.117468	-3.142432	1.992367	-0.105925	-0.205423	-0.054949	-55.290619	-67.012841	-163.800407
36246	9.063106	-3.189828	2.013139	-0.082001	-0.164099	-0.051475	-55.483448	-67.089096	-163.641667
36247	9.072536	-3.164730	2.074335	-0.075786	-0.147672	-0.055848	-55.649410	-67.163805	-163.508496
36248	9.163660	-3.125377	1.952867	-0.064164	-0.119903	-0.052967	-55.783197	-67.226167	-163.402888
36249	9.157919	-3.117080	1.965092	-0.047629	-0.058749	-0.045648	-55.841852	-67.267190	-163.368702
36250	8.987737	-3.121595	2.079686	-0.051781	-0.021335	-0.041585	-55.866450	-67.292391	-163.373852
36251	8.889863	-3.113772	2.142013	-0.031907	-0.029811	-0.038851	-55.888703	-67.320875	-163.369374
36252	8.914906	-3.038078	2.131856	-0.024768	-0.032777	-0.028454	-55.920942	-67.343534	-163.349467
36253	8.875934	-2.984768	2.207665	-0.018352	-0.041817	-0.002830	-55.976877	-67.358767	-163.300079
36254	9.029774	-3.081036	2.043893	-0.018418	-0.050238	0.016478	-56.059953	-67.365670	-163.221148
36255	9.029511	-3.140962	2.025204	-0.008138	-0.033650	0.019804	-56.118197	-67.367484	-163.162923
36256	9.065506	-3.168804	2.042861	-0.007427	-0.017717	0.018418	-56.159395	-67.363038	-163.122547
36257	9.042474	-3.181808	2.008459	0.009492	-0.002769	0.005400	-56.161273	-67.361825	-163.114447
36258	9.047091	-3.156813	2.032894	0.014006	0.017512	-0.001622	-56.134660	-67.355683	-163.134242
36259	8.983736	-3.115980	2.081463	0.017165	0.021209	-0.000178	-56.100534	-67.349467	-163.160391
36260	8.973900	-3.168523	2.091367	0.027794	0.011904	-0.003851	-56.070721	-67.346184	-163.175099
36261	8.965975	-3.046734	2.144207	0.036479	0.004644	-0.001168	-56.043659	-67.345727	-163.181602
36262	8.992528	-3.064662	2.133917	0.021559	0.014797	0.017574	-56.030535	-67.331342	-163.182097
36263	9.022816	-3.113825	2.077871	0.020032	0.005234	0.026355	-56.033320	-67.317617	-163.166467
36264	8.976314	-3.146280	2.120937	0.015978	0.006481	0.025535	-56.038914	-67.302126	-163.150141
36265	9.043267	-3.160279	2.044491	0.019223	0.001737	0.019912	-56.041182	-67.292582	-163.135571
36266	9.042587	-3.161439	2.045706	0.014025	0.013519	0.013259	-56.030490	-67.280684	-163.138113
36267	9.042499	-3.104156	2.062072	0.020591	0.018314	0.011424	-56.006674	-67.269865	-163.150970
36268	9.149141	-3.235005	2.000691	-0.021161	0.005202	0.018885	-56.029878	-67.257975	-163.138625
36269	9.012662	-3.139234	1.958355	0.081138	0.120045	-0.006322	-55.842756	-67.222924	-163.290959
36270	8.634910	-3.114856	2.427261	-0.009093	0.042610	0.007580	-55.808266	-67.204388	-163.333700
36271	9.016809	-2.949485	2.199190	0.045324	0.001215	0.011341	-55.789634	-67.199097	-163.325569
36272	8.945198	-3.221795	2.097449	-0.001066	0.020849	0.018446	-55.783374	-67.182413	-163.332692
36273	9.027543	-3.105337	2.159924	0.021243	-0.008758	0.006521	-55.786075	-67.182620	-163.316383
36274	8.994733	-3.167656	2.081109	0.012648	0.027657	0.008385	-55.756592	-67.168516	-163.340179
36275	8.971939	-3.128047	2.172808	0.016463	0.005270	0.001205	-55.742169	-67.166720	-163.345420
36276	8.985623	-3.104705	2.120582	0.014515	0.008321	0.003825	-55.729884	-67.161018	-163.349399
36277	8.984668	-3.162901	2.107450	0.012811	0.007775	0.005461	-55.718003	-67.156398	-163.354153
36278	8.984937	-3.105117	2.122882	0.013864	0.008677	0.007181	-55.708255	-67.149005	-163.355785
36279	9.038474	-3.141396	2.100433	0.015323	0.011828	0.010253	-55.694061	-67.140807	-163.361488
36280	8.965279	-3.151089	2.101507	0.013383	0.016866	0.005420	-55.674046	-67.131618	-163.374566
36281	8.983324	-3.106470	2.127726	0.012970	0.012631	0.011518	-55.661284	-67.122561	-163.380178
36282	8.959854	-3.122306	2.150166	0.011918	0.011729	0.009797	-55.651226	-67.112971	-163.383365
36283	9.004521	-3.150535	2.095225	0.013461	0.006427	0.005826	-55.640788	-67.108612	-163.386150
36284	8.976986	-3.135975	2.162867	0.007869	0.013970	0.005246	-55.627052	-67.100462	-163.395849
36285	8.985597	-3.141249	2.142093	0.011839	0.009302	0.006765	-55.615050	-67.094728	-163.401341
36286	9.003797	-3.093561	2.113736	0.011113	0.020098	0.009707	-55.596013	-67.082495	-163.414779
36287	8.970423	-3.162308	2.145069	0.013636	0.026136	0.007045	-55.564396	-67.071175	-163.440452
36288	8.933563	-3.139992	2.181460	0.009407	0.019554	0.011340	-55.548218	-67.058356	-163.451852
36289	9.010429	-3.103272	2.153215	0.018254	0.020120	0.008934	-55.522163	-67.048087	-163.468616
36290	8.990998	-3.148913	2.131387	0.010312	0.028468	0.009610	-55.494219	-67.033200	-163.492234
36291	8.940127	-3.146680	2.167155	0.017125	0.028668	0.010517	-55.460549	-67.019401	-163.517974
36292	8.985170	-3.116759	2.128276	0.019730	0.025255	0.004546	-55.426958	-67.007949	-163.541873
36293	8.975300	-3.111985	2.153375	0.017454	0.028491	0.008833	-55.392073	-66.994989	-163.568732
36294	8.969375	-3.140556	2.187656	0.015748	0.027947	0.010465	-55.362354	-66.979874	-163.590911
36295	8.954647	-3.161067	2.189430	0.019078	0.025616	0.007893	-55.329074	-66.968282	-163.615022
36296	8.976809	-3.146530	2.170994	0.015488	0.017688	0.012564	-55.312519	-66.955522	-163.623062
36297	9.008195	-3.137027	2.129993	0.015094	0.016425	0.007489	-55.291432	-66.947112	-163.636406
36298	8.952442	-3.162589	2.196239	0.013967	0.024975	0.009064	-55.265023	-66.933633	-163.656108
36299	8.969881	-3.172921	2.154844	0.017386	0.026062	0.005792	-55.230704	-66.922869	-163.682410
36300	8.946941	-3.129907	2.192466	0.015196	0.020834	0.003055	-55.203596	-66.913572	-163.702111
36301	8.942343	-3.096804	2.185636	0.017222	0.020209	0.003468	-55.174093	-66.905805	-163.723283
36302	8.949885	-3.163052	2.205975	0.012981	0.013632	0.007771	-55.159823	-66.896651	-163.730410
36303	8.927488	-3.117339	2.187852	0.012170	0.009127	0.005079	-55.146690	-66.891750	-163.736933
36304	8.994704	-3.136398	2.221238	0.010790	0.008403	0.005036	-55.137331	-66.885602	-163.740087
36305	8.953430	-3.138974	2.232577	0.009623	0.002107	0.011475	-55.138302	-66.879992	-163.732863
36306	8.998291	-3.167701	2.177559	0.007461	0.010739	0.007598	-55.130220	-66.871885	-163.736701
36307	8.966162	-3.175213	2.166912	0.007940	0.003536	0.005656	-55.126118	-66.868542	-163.736042
36308	9.025596	-3.125417	2.127681	0.013163	0.020473	0.006354	-55.103108	-66.857840	-163.752563
36309	8.951441	-3.140667	2.238164	0.014305	0.024799	0.007365	-55.073307	-66.846722	-163.775886
36310	8.951136	-3.138200	2.185911	0.015415	0.015263	0.009524	-55.057182	-66.836248	-163.783522
36311	8.955014	-3.113918	2.211420	0.014684	0.025085	0.016157	-55.033638	-66.820902	-163.799807
36312	8.907877	-3.145263	2.255650	0.009146	0.021208	0.019713	-55.022405	-66.803701	-163.806031
36313	8.962185	-3.121618	2.193678	0.016361	0.011764	0.015673	-55.012157	-66.792955	-163.806808
36314	8.988231	-3.140981	2.184168	0.013698	0.025633	0.021176	-54.994596	-66.773622	-163.817082
36315	9.009993	-3.127859	2.165928	0.016022	0.022859	0.027367	-54.981383	-66.753739	-163.821297
36316	8.957545	-3.185183	2.187817	0.013142	0.041318	0.030103	-54.953889	-66.725073	-163.842737
36317	8.951420	-3.157067	2.236880	0.016636	0.032938	0.023557	-54.926474	-66.703659	-163.862032
36318	8.950004	-3.158663	2.240290	0.013893	0.032477	0.019741	-54.900344	-66.682764	-163.881528
36319	8.930870	-3.147069	2.233047	0.018181	0.027622	0.019610	-54.874885	-66.664945	-163.897734
36320	8.852509	-3.127342	2.279752	0.008179	0.022751	0.020985	-54.863588	-66.646677	-163.904647
36321	8.846483	-3.156461	2.312324	0.005155	0.001109	0.009296	-54.866524	-66.642430	-163.898057
36322	8.956462	-3.110713	2.239135	0.002179	-0.008156	0.014359	-54.887104	-66.637459	-163.873987
36323	8.969270	-3.150167	2.225703	-0.004226	-0.006091	0.014776	-54.907399	-66.633014	-163.854343
36324	8.973679	-3.126483	2.248175	-0.007633	-0.006186	0.014315	-54.931387	-66.627422	-163.832683
36325	8.968404	-3.208700	2.155035	-0.014114	-0.018964	0.019625	-54.974991	-66.624931	-163.793816
36326	9.083770	-3.081046	2.117933	-0.008469	-0.000757	0.025366	-55.001933	-66.612370	-163.769461
36327	9.062155	-3.245179	2.066798	-0.002452	0.030147	0.031991	-54.994934	-66.587923	-163.778444
36328	9.183811	-3.184386	2.053880	0.022552	0.058451	0.038320	-54.949803	-66.549842	-163.813269
36329	9.030265	-3.178186	2.159176	0.037350	0.097400	0.053249	-54.863656	-66.493270	-163.883686
36330	8.895112	-3.070197	2.304412	0.040378	0.094244	0.080705	-54.802333	-66.423515	-163.925074
36331	8.714830	-3.197629	2.403211	0.023385	0.083356	0.078811	-54.759236	-66.359557	-163.957310
36332	8.637893	-3.214362	2.461757	0.020932	0.026101	0.055465	-54.763158	-66.324122	-163.939664
36333	8.807155	-3.177411	2.281989	0.017331	-0.001709	0.032735	-54.779708	-66.309841	-163.910574
36334	8.734759	-3.284745	2.385427	0.000487	0.004206	0.018520	-54.790780	-66.298924	-163.897899
36335	8.933138	-3.207680	2.259824	0.020990	-0.036067	-0.005145	-54.813352	-66.313719	-163.859940
36336	9.246834	-3.059839	2.084703	0.010324	0.002703	0.029031	-54.828259	-66.298371	-163.836917
36337	9.215468	-3.217510	2.002750	0.039367	0.037227	0.071495	-54.819721	-66.253075	-163.821430
36338	9.188400	-3.184190	2.098757	0.046290	0.082131	0.108558	-54.789173	-66.174307	-163.825564
36339	8.952022	-3.277070	2.223325	0.086446	0.132853	0.126163	-54.693485	-66.071815	-163.875867
36340	8.802019	-3.023509	2.519453	0.075220	0.090935	0.145801	-54.665279	-65.972738	-163.859315
36341	8.951161	-3.130958	2.264720	0.064414	0.072687	0.176231	-54.682970	-65.866751	-163.799338
36342	8.788369	-3.200046	2.518691	0.032378	0.070833	0.186026	-54.729568	-65.755529	-163.727661
36343	8.953253	-2.920215	2.549677	0.019318	-0.018444	0.201673	-54.885195	-65.667665	-163.544604
36344	9.191801	-3.249711	2.209974	-0.036756	-0.025378	0.300388	-55.151720	-65.534216	-163.274796
36345	9.272570	-2.935629	2.376996	-0.005904	-0.041465	0.388624	-55.475270	-65.365117	-162.922632
36346	9.162350	-3.347681	2.179382	-0.068484	-0.012289	0.481657	-55.866335	-65.140457	-162.534962
36347	8.944394	-3.231770	2.432269	-0.070637	0.009444	0.521515	-56.255191	-64.890009	-162.150437
36348	9.032119	-3.320007	2.265342	-0.076272	-0.025836	0.564312	-56.705293	-64.627913	-161.700875
36349	8.915536	-3.574367	2.218604	-0.105276	0.041298	0.600785	-57.117700	-64.327064	-161.310538
36350	8.347381	-3.895657	2.360281	-0.099980	0.088164	0.538317	-57.433228	-64.039579	-161.023404
36351	8.167417	-3.701864	2.534221	-0.039096	0.012421	0.428457	-57.712483	-63.829024	-160.737290
36352	8.385581	-3.629291	2.410283	-0.052883	-0.043606	0.360003	-58.009535	-63.666908	-160.439584
36353	8.641321	-3.828261	2.259404	-0.050037	-0.047315	0.327899	-58.284295	-63.522105	-160.164650
36354	8.675112	-3.922594	2.262906	-0.041713	-0.025617	0.280776	-58.503327	-63.392022	-159.946244
36355	8.820638	-3.783589	2.172537	-0.012128	-0.032152	0.265220	-58.699249	-63.272382	-159.734597
36356	8.829373	-3.733791	2.240267	-0.021943	-0.000776	0.279515	-58.878210	-63.134875	-159.547912
36357	8.662172	-3.764402	2.312996	-0.022991	0.012213	0.293711	-59.050355	-62.987543	-159.369411
36358	8.653352	-3.702252	2.371497	-0.025016	-0.010249	0.298037	-59.247064	-62.843197	-159.164293
36359	8.880567	-3.728933	2.274691	-0.046286	-0.038083	0.335465	-59.500359	-62.689385	-158.909066
36360	8.972095	-3.873519	2.179342	-0.059571	-0.011120	0.393246	-59.765988	-62.497464	-158.648019
36361	8.777588	-4.028829	2.299281	-0.074142	0.038208	0.461444	-60.025744	-62.258224	-158.402614
36362	8.817891	-3.747037	2.371825	-0.062825	0.000982	0.520310	-60.342289	-61.998562	-158.084975
36363	8.947340	-3.706507	2.431602	-0.117244	0.002525	0.603253	-60.724897	-61.697386	-157.727040
36364	8.814617	-3.960055	2.380820	-0.161097	0.007938	0.672689	-61.156125	-61.357576	-157.341199
36365	8.798406	-4.159933	2.334318	-0.158500	-0.002094	0.691212	-61.593808	-61.010983	-156.945128
36366	8.764386	-4.275423	2.205110	-0.154355	0.020596	0.690987	-61.999847	-60.655818	-156.581125
36367	8.853398	-4.357486	2.333095	-0.145782	0.012642	0.682426	-62.394228	-60.307038	-156.223721
36368	8.834352	-4.484095	2.161922	-0.130194	0.045657	0.691819	-62.747209	-59.942491	-155.902389
36369	8.883429	-4.459630	2.169258	-0.119049	0.073574	0.727202	-63.076443	-59.552803	-155.600031
36370	9.198639	-4.394998	2.243804	-0.107667	0.084139	0.793263	-63.411586	-59.124600	-155.281865
36371	8.997460	-4.391739	2.272559	-0.133426	0.165334	0.890345	-63.723691	-58.626089	-155.006395
36372	8.557896	-4.481977	2.401380	-0.141725	0.192466	0.952952	-64.035159	-58.086697	-154.735665
36373	8.491595	-4.357562	2.532186	-0.148142	0.144302	1.007473	-64.400677	-57.531413	-154.403866
36374	8.551129	-4.446610	2.442039	-0.198059	0.136507	1.088164	-64.820457	-56.934047	-154.039340
36375	8.619343	-4.836623	2.330122	-0.227696	0.140463	1.160077	-65.265849	-56.297931	-153.661994
36376	8.864562	-4.879144	2.348243	-0.211701	0.137470	1.240458	-65.718128	-55.618021	-153.262295
36377	8.979415	-4.848287	2.456752	-0.226876	0.155534	1.358818	-66.188121	-54.871180	-152.848279
36378	8.713676	-4.820718	2.583400	-0.281248	0.181750	1.489649	-66.693758	-54.046717	-152.424659
36379	8.417810	-4.807890	2.728192	-0.316108	0.170402	1.594669	-67.238085	-53.168127	-151.973270
36380	8.467179	-4.884394	2.725560	-0.377908	0.137838	1.673268	-67.840182	-52.251561	-151.488354
36381	8.268593	-5.014710	2.669992	-0.443430	0.158377	1.754838	-68.462380	-51.285004	-151.019527
36382	8.059920	-5.454988	2.595421	-0.509214	0.174799	1.788785	-69.094686	-50.293027	-150.579701
36383	7.973899	-5.851271	2.418174	-0.520586	0.196920	1.783817	-69.693654	-49.297093	-150.185804
36384	8.046481	-6.250153	2.140999	-0.498140	0.243812	1.775069	-70.227401	-48.293480	-149.855391
36385	7.892747	-6.423739	2.073819	-0.456570	0.324863	1.754116	-70.666511	-47.284547	-149.615527
36386	7.413845	-6.640315	1.810002	-0.421276	0.437096	1.713677	-70.999393	-46.274648	-149.489628
36387	6.979957	-6.983171	1.692397	-0.346964	0.454492	1.649952	-71.259238	-45.296321	-149.404238
36388	7.233745	-6.603622	1.975828	-0.246710	0.459303	1.547319	-71.434864	-44.371925	-149.355359
36389	6.944682	-6.598035	2.301171	-0.260666	0.581411	1.469843	-71.537572	-43.468009	-149.422373
36390	6.410162	-6.571132	2.540277	-0.223250	0.622443	1.364955	-71.580816	-42.613075	-149.546172
36391	6.060579	-7.027818	2.242995	-0.271639	0.658545	1.248917	-71.616600	-41.815413	-149.724312
36392	6.265886	-8.184964	2.174100	-0.303391	0.562446	1.119330	-71.698712	-41.105010	-149.862563
36393	5.266624	-6.714539	2.095017	-0.175296	0.487620	1.002794	-71.725836	-40.472238	-149.974543
36394	5.224938	-6.893825	1.698287	-0.207268	0.476206	0.886821	-71.760437	-39.903902	-150.104703
36395	5.105318	-7.355472	1.798801	-0.158805	0.442645	0.794498	-71.769858	-39.392623	-150.232287
36396	4.913764	-7.198123	1.671287	-0.091128	0.395472	0.711073	-71.750982	-38.934355	-150.344663
36397	4.732743	-7.356652	1.650916	-0.067187	0.332262	0.653868	-71.738609	-38.519373	-150.425717
36398	5.181708	-7.439815	1.918666	0.013749	0.213109	0.593375	-71.723746	-38.157755	-150.436870
36399	5.596315	-7.323160	2.161759	0.031911	0.201303	0.552993	-71.697586	-37.821159	-150.449407
36400	5.961133	-7.483313	2.235861	0.057106	0.211625	0.520561	-71.648884	-37.499354	-150.475505
36401	5.952734	-7.497723	2.316344	0.071083	0.226053	0.504977	-71.583993	-37.184377	-150.515076
36402	5.994556	-7.438829	2.392239	0.087338	0.232601	0.496084	-71.506951	-36.872028	-150.559889
36403	6.170508	-7.524534	2.542892	0.089719	0.257908	0.491089	-71.417762	-36.558709	-150.622821
36404	6.180741	-7.573123	2.484350	0.097377	0.281573	0.496745	-71.316791	-36.236950	-150.698953
36405	5.915031	-7.435764	2.423501	0.103038	0.315269	0.514449	-71.202121	-35.900220	-150.793174
36406	5.718192	-7.473840	2.534032	0.105219	0.311035	0.529649	-71.091548	-35.554962	-150.879320
36407	5.938195	-7.492707	2.685773	0.109760	0.303284	0.533121	-70.982421	-35.210053	-150.958899
36408	5.889289	-7.462220	2.718136	0.093359	0.335781	0.541285	-70.872974	-34.853618	-151.056414
36409	5.715888	-7.496595	2.699485	0.088345	0.349773	0.550071	-70.763034	-34.490540	-151.160411
36410	5.710092	-7.553552	2.698266	0.083422	0.349965	0.553702	-70.658052	-34.124436	-151.261907
36411	5.710591	-7.572849	2.713436	0.072674	0.372065	0.559889	-70.552753	-33.751495	-151.375643
36412	5.481556	-7.616233	2.704542	0.066876	0.388872	0.582253	-70.449414	-33.362258	-151.493325
36413	5.270350	-7.661490	2.619894	0.077179	0.382601	0.587917	-70.344055	-32.971823	-151.604785
36414	5.167465	-7.674483	2.704238	0.076755	0.369123	0.598266	-70.246725	-32.577425	-151.703417
36415	5.169938	-7.668571	2.766481	0.086157	0.347826	0.594257	-70.151551	-32.190002	-151.788649
36416	5.078374	-7.675714	2.795781	0.073462	0.352201	0.592555	-70.063501	-31.801713	-151.875478
36417	4.909582	-7.664722	2.786099	0.070509	0.350638	0.585666	-69.977421	-31.418142	-151.962328
36418	4.799225	-7.711784	2.850024	0.071572	0.329177	0.572543	-69.897637	-31.044932	-152.037214
36419	4.862538	-7.717497	2.910021	0.066647	0.319298	0.565589	-69.823439	-30.678139	-152.107105
36420	4.722925	-7.681694	2.869927	0.054236	0.323504	0.562375	-69.755878	-30.311349	-152.179104
36421	4.591289	-7.687761	2.961165	0.044000	0.300162	0.570307	-69.702690	-29.945683	-152.234525
36422	4.754121	-7.706666	3.062754	0.042697	0.264172	0.572908	-69.662609	-29.584913	-152.266073
36423	4.626093	-7.620010	3.112568	0.012741	0.271939	0.596363	-69.639890	-29.210808	-152.297158
36424	4.906113	-7.696729	3.225549	-0.012087	0.250745	0.622220	-69.641241	-28.826213	-152.308704
36425	5.184879	-7.652419	3.369404	-0.049078	0.266583	0.663386	-69.663275	-28.417170	-152.321075
36426	5.100729	-7.685085	3.451693	-0.096038	0.277163	0.721539	-69.715666	-27.974013	-152.326640
36427	5.602585	-7.755883	3.533123	-0.131740	0.306589	0.785232	-69.786305	-27.491558	-152.336703
36428	5.773065	-7.881272	3.586879	-0.187856	0.359392	0.870499	-69.883145	-26.952151	-152.360191
36429	6.094977	-7.889992	3.681109	-0.229000	0.425341	0.955158	-69.993615	-26.354935	-152.406064
36430	6.299122	-7.976836	3.848052	-0.299844	0.522265	1.048476	-70.128196	-25.688089	-152.490684
36431	6.629044	-8.018421	3.936693	-0.345468	0.629853	1.132313	-70.269397	-24.955870	-152.622970
36432	6.815245	-7.885785	3.953614	-0.431936	0.816533	1.221699	-70.423156	-24.139465	-152.848188
36433	6.478114	-7.746165	3.844318	-0.499716	1.017381	1.298174	-70.577233	-23.244187	-153.176895
36434	5.790414	-7.909311	3.552313	-0.609333	1.192681	1.391620	-70.766422	-22.266039	-153.589796
36435	5.545016	-7.986904	3.349437	-0.648225	1.233431	1.472845	-70.981664	-21.237629	-154.010770
36436	5.533303	-7.906894	3.349425	-0.705787	1.314926	1.575059	-71.226999	-20.140481	-154.460200
36437	5.912028	-7.666657	3.484316	-0.729216	1.376681	1.683223	-71.488734	-18.974958	-154.925981
36438	5.785576	-7.463166	3.356563	-0.827884	1.482532	1.829260	-71.804854	-17.713632	-155.427678
36439	5.991636	-6.432276	2.346758	-0.724355	1.497672	1.819176	-72.068382	-16.457049	-155.942820
36440	6.955223	-2.064374	2.148766	-0.363803	1.496472	1.330955	-72.110118	-15.469010	-156.547603
36441	7.359433	2.288374	1.045113	-0.184830	1.757205	0.448022	-71.977324	-14.914848	-157.457833
36442	6.753014	-1.779164	3.212029	-0.368014	2.462311	-0.024803	-71.834466	-14.492184	-158.849250
36443	6.452315	-5.718351	3.246445	0.712359	1.808479	-0.927127	-71.126740	-14.667205	-160.038597
36444	5.644838	-0.810010	2.987989	1.277390	0.969869	-1.553854	-70.174407	-15.325661	-160.887447
36445	3.250058	-1.510786	1.300178	1.384659	0.684753	-1.696968	-69.182411	-16.101628	-161.620217
36446	2.544791	-0.599199	1.532183	1.723464	-0.209856	-1.911325	-68.108029	-17.168277	-161.920453
36447	4.634071	-0.400650	1.030644	1.768066	-0.766820	-1.992175	-67.085613	-18.391440	-161.950549
36448	6.110585	-0.173378	1.314115	1.716405	-0.910573	-2.079109	-66.102746	-19.695181	-161.945781
36449	7.473986	-0.227203	1.299820	1.619244	-0.876364	-2.225262	-65.149279	-21.064184	-162.019015
36450	8.066493	-0.244495	1.275547	1.441497	-0.675044	-2.357598	-64.230894	-22.454616	-162.265804
36451	7.641180	-0.724699	1.148944	1.236813	-0.506470	-2.481865	-63.364922	-23.859083	-162.665347
36452	6.995752	-1.255706	0.935143	1.042067	-0.481198	-2.552223	-62.574552	-25.291643	-163.127907
36453	6.380590	-1.648384	0.649276	0.816291	-0.514417	-2.523113	-61.905519	-26.708644	-163.586719
36454	6.016625	-2.064800	0.480719	0.578976	-0.664034	-2.441048	-61.401215	-28.125426	-163.959772
36455	6.495633	-2.430576	0.659251	0.325194	-0.852789	-2.331813	-61.096851	-29.532239	-164.204201
36456	7.327383	-3.120388	1.099656	0.058703	-0.959999	-2.212039	-60.984307	-30.913166	-164.359831
36457	8.053074	-3.995343	1.418863	-0.151434	-0.974325	-2.097673	-61.012931	-32.235458	-164.470565
36458	8.070779	-4.677943	1.521270	-0.320459	-0.935755	-1.972279	-61.144923	-33.489990	-164.565088
36459	8.057114	-5.310295	1.453595	-0.485484	-1.000309	-1.849852	-61.418519	-34.695360	-164.572967
36460	8.061505	-5.779082	1.417014	-0.657553	-1.073849	-1.748531	-61.839887	-35.875762	-164.495665
36461	8.054452	-6.285871	1.529535	-0.851869	-1.198772	-1.654423	-62.449345	-37.035226	-164.291170
36462	8.423442	-6.828889	1.807769	-1.025680	-1.332485	-1.582303	-63.240281	-38.197163	-163.958661
36463	8.929139	-7.487696	2.087314	-1.187903	-1.411940	-1.515301	-64.194649	-39.334287	-163.521264
36464	9.436652	-8.179597	2.286479	-1.305067	-1.434007	-1.478050	-65.260280	-40.457916	-163.026688
36465	10.030504	-8.794937	2.485659	-1.417199	-1.399719	-1.472101	-66.408272	-41.556217	-162.514441
36466	10.523104	-9.466767	2.764881	-1.528782	-1.274805	-1.485433	-67.590513	-42.632247	-162.058959
36467	10.803623	-10.593392	2.988100	-1.622150	-1.072397	-1.508084	-68.753471	-43.663266	-161.717296
36468	10.952522	-11.757369	3.300121	-1.616014	-0.826034	-1.591779	-69.795525	-44.690992	-161.552350
36469	10.990858	-12.564778	3.463878	-1.535986	-0.560248	-1.696878	-70.648524	-45.714929	-161.590285
36470	10.571591	-12.935034	3.553069	-1.404232	-0.275568	-1.782086	-71.260898	-46.738687	-161.858224
36471	9.969773	-13.134390	3.528387	-1.249715	-0.033116	-1.829119	-71.635889	-47.738711	-162.322532
36472	8.991144	-13.065488	3.398150	-1.075642	0.144856	-1.834956	-71.794465	-48.717662	-162.937916
36473	7.926622	-12.789865	3.347122	-0.904558	0.171487	-1.788869	-71.834262	-49.661192	-163.569874
36474	7.026903	-12.493999	3.185420	-0.731586	0.100449	-1.712068	-71.821560	-50.581444	-164.134111
36475	6.157452	-12.184654	3.005653	-0.554776	-0.054993	-1.618003	-71.818994	-51.472485	-164.546060
36476	5.439648	-12.017063	2.903153	-0.358915	-0.304100	-1.496416	-71.895059	-52.347010	-164.712001
36477	5.243510	-11.900379	2.842170	-0.133828	-0.640980	-1.391451	-72.107380	-53.219155	-164.541476
36478	5.956870	-11.640022	2.789405	0.094696	-0.943965	-1.282151	-72.449420	-54.088316	-164.050641
36479	6.564049	-11.545006	2.692170	0.299062	-1.105365	-1.179866	-72.843126	-54.922906	-163.356437
36480	7.149823	-11.331789	2.565385	0.513388	-1.191070	-1.123681	-73.221489	-55.741947	-162.539859
36481	7.285162	-10.970564	2.348757	0.709963	-1.168281	-1.102677	-73.501145	-56.539394	-161.713057
36482	7.277762	-10.166683	2.032129	0.863262	-1.097230	-1.103459	-73.659003	-57.327013	-160.935499
36483	6.880910	-9.438719	1.726504	0.930813	-0.947411	-1.080012	-73.674619	-58.073933	-160.285896
36484	6.701109	-8.719074	1.348432	0.944413	-0.811628	-1.056457	-73.583087	-58.788689	-159.759163
36485	6.493035	-8.133443	1.105377	0.886728	-0.620841	-0.999766	-73.373021	-59.439451	-159.411745
36486	6.037733	-7.543288	0.820713	0.787100	-0.442324	-0.923983	-73.077469	-60.021943	-159.232657
36487	5.616263	-7.006565	0.581825	0.628154	-0.300163	-0.826323	-72.762147	-60.525452	-159.181132
36488	5.136479	-6.797766	0.355202	0.435900	-0.199964	-0.714398	-72.491246	-60.952406	-159.206208
36489	4.568932	-6.579284	0.350545	0.233361	-0.194068	-0.582035	-72.367427	-61.304330	-159.194734
36490	4.185865	-6.644966	0.420936	0.012710	-0.250429	-0.428999	-72.477345	-61.583704	-159.062111
36491	4.043857	-6.961732	0.846365	-0.192783	-0.385355	-0.239477	-72.903461	-61.780827	-158.703362
36492	4.639874	-7.118691	1.280468	-0.324925	-0.495650	-0.062612	-73.580935	-61.898322	-158.146847
36493	5.227916	-7.302205	1.750450	-0.422930	-0.464155	0.086434	-74.328047	-61.924663	-157.574486
36494	5.803768	-7.415577	2.078253	-0.448880	-0.341905	0.174446	-74.991423	-61.880871	-157.114677
36495	6.155335	-7.424635	2.247131	-0.429673	-0.140534	0.218445	-75.442896	-61.780822	-156.881626
36496	6.283913	-7.392517	2.268767	-0.395741	0.085568	0.226426	-75.644348	-61.643275	-156.910837
36497	6.078757	-7.383693	2.155443	-0.340256	0.270795	0.203431	-75.615395	-61.492278	-157.165272
36498	5.734784	-7.218086	1.973470	-0.296285	0.395608	0.181940	-75.432847	-61.334586	-157.566828
36499	5.270650	-6.997654	1.776387	-0.256381	0.449774	0.162321	-75.168539	-61.179658	-158.035635
36500	5.080125	-6.979261	1.557537	-0.234789	0.454172	0.163718	-74.894151	-61.021331	-158.502926
36501	5.061556	-7.199909	1.381947	-0.207626	0.441986	0.181113	-74.622777	-60.855061	-158.949301
36502	5.192505	-7.454684	1.294479	-0.179200	0.429330	0.227514	-74.366969	-60.662799	-159.360258
36503	5.092458	-7.591802	1.169165	-0.130654	0.422501	0.304358	-74.113373	-60.429646	-159.737283
36504	4.843755	-7.472559	0.985396	-0.087232	0.406656	0.399492	-73.884305	-60.144082	-160.058633
36505	4.570780	-7.458892	0.846140	-0.051234	0.338126	0.504306	-73.731353	-59.813002	-160.269004
36506	4.576796	-7.519984	0.824922	-0.022228	0.232257	0.617576	-73.698494	-59.434298	-160.321876
36507	4.721234	-7.555020	0.809935	0.009781	0.108566	0.741220	-73.792415	-59.009603	-160.205851
36508	5.010457	-7.447322	0.750270	0.055395	0.008201	0.873603	-73.985496	-58.525243	-159.942922
36509	5.107462	-7.120048	0.658954	0.097965	-0.086160	1.007614	-74.261574	-57.983874	-159.552087
36510	5.157742	-6.816674	0.624467	0.129068	-0.212649	1.126450	-74.649974	-57.392150	-159.005013
36511	5.393660	-6.790406	0.774684	0.137309	-0.364408	1.222339	-75.164570	-56.770738	-158.298096
36512	6.006905	-6.973572	1.054028	0.162885	-0.494237	1.260832	-75.761418	-56.139624	-157.469987
36513	6.650217	-7.382305	1.479001	0.205642	-0.537657	1.264502	-76.341359	-55.511143	-156.626415
36514	6.966001	-7.635186	1.817442	0.285296	-0.489761	1.236693	-76.810291	-54.883858	-155.856174
36515	6.953658	-8.082952	2.044957	0.360506	-0.436373	1.204159	-77.164804	-54.268344	-155.167465
36516	6.703580	-8.257711	2.099313	0.470175	-0.380930	1.177414	-77.394952	-53.654835	-154.549495
36517	6.024435	-8.419513	2.160221	0.557471	-0.358553	1.184063	-77.543027	-53.037558	-153.966593
36518	5.323804	-8.355573	2.158983	0.686751	-0.386468	1.236782	-77.636032	-52.389217	-153.354779
36519	4.668966	-8.160597	2.228306	0.804181	-0.465997	1.365428	-77.723663	-51.682274	-152.659002
36520	4.139713	-8.172522	2.561223	0.945904	-0.594988	1.545935	-77.833346	-50.884478	-151.823271
36521	3.982651	-8.402912	2.836613	1.106479	-0.783726	1.740612	-77.984035	-50.003753	-150.805376
36522	4.270150	-8.053066	3.327626	1.282488	-0.990275	1.925909	-78.168398	-49.036559	-149.596081
36523	5.150325	-8.053624	4.189298	1.436399	-1.100018	2.075628	-78.317513	-48.001047	-148.298317
36524	11.048965	-6.459435	2.258381	1.916547	-1.234651	1.757552	-78.202331	-47.153915	-146.965403
36525	95.260470	15.690193	0.979808	7.155014	-4.228448	-7.795493	-75.688869	-52.052274	-144.881057
36526	-11.745460	12.434724	2.852491	-6.678847	12.432289	-5.260455	-69.489241	-52.799722	-157.519038
36527	8.014425	-35.954996	0.442551	0.528921	0.669895	-1.714436	-68.234556	-53.577995	-158.707416
36528	-1.776274	-1.324020	-8.179659	2.132367	1.171029	-4.584682	-64.666919	-55.716548	-161.582234
36529	7.378947	-12.880808	9.275657	1.290827	0.155827	-1.807805	-63.127953	-56.607899	-162.544371
36530	12.007507	-2.326469	-3.824642	3.150257	-1.802332	-4.336750	-60.919691	-59.284283	-163.019328
36531	10.845166	2.109592	7.449671	0.533785	1.489583	-2.707065	-58.003052	-60.187259	-166.041619
36532	12.784936	-5.302557	9.104799	1.340101	-0.897276	-2.376674	-56.695165	-61.609463	-166.659351
36533	17.523069	3.162076	2.561729	0.984303	-0.967462	-1.536690	-56.082498	-62.650032	-166.714243
36534	9.234317	-4.398474	3.179778	-0.780692	0.780032	-0.552893	-55.472054	-62.659323	-167.904642
36535	7.054485	-4.995396	4.021551	0.374822	-0.577984	-0.863940	-55.239738	-63.255291	-167.924175
36536	10.555699	-1.862903	2.233817	0.066108	-0.602195	-0.727005	-55.296058	-63.792756	-167.818456
36537	8.585936	-4.111580	2.636002	-0.339467	-0.141979	-0.600546	-55.226087	-64.122343	-168.112635
36538	9.422684	-4.089239	2.215851	0.002440	-0.537997	-0.639661	-55.318864	-64.597822	-168.007699
36539	10.706158	-2.519653	1.499975	0.115516	-0.347883	-0.419891	-55.309910	-64.909552	-167.944247
36540	8.768837	-4.073076	2.144918	-0.246686	0.040079	-0.403685	-55.129366	-65.085201	-168.298985
36541	8.014305	-2.612102	3.691978	0.044029	-0.304960	-0.377347	-55.147004	-65.362953	-168.251599
36542	8.345077	-3.069177	2.705508	-0.262113	-0.517917	-0.299347	-55.620885	-65.671413	-167.895443
36543	10.486215	-3.330452	1.529626	-0.101932	-0.766484	-0.127280	-56.399639	-65.977872	-167.105671
36544	10.502945	-3.087708	0.340218	-0.006694	-0.193422	-0.073580	-56.560224	-66.072995	-166.933645
36545	8.429658	-3.172255	3.014352	-0.148284	0.132309	-0.016007	-56.491414	-66.039306	-167.101720
36546	8.992895	-3.651362	2.056732	-0.000060	-0.315200	-0.038832	-56.805653	-66.156032	-166.757603
36547	9.398682	-3.089575	1.674711	-0.040962	-0.055308	-0.056884	-56.848838	-66.201124	-166.735878
36548	8.693432	-3.485350	2.385407	-0.076475	-0.044833	-0.054380	-56.904324	-66.240140	-166.722709
36549	9.088261	-3.300555	1.983047	-0.014702	-0.124332	-0.077082	-56.993848	-66.316482	-166.633951
36550	8.971404	-3.343640	2.063526	-0.059984	-0.031693	-0.087139	-57.002393	-66.367126	-166.661723
36551	8.737992	-3.129458	2.353519	-0.022448	-0.078768	-0.084739	-57.041455	-66.432893	-166.632958
36552	8.856622	-3.169488	2.132445	-0.054073	-0.095140	-0.066342	-57.131537	-66.493311	-166.568069
36553	8.802656	-3.146698	2.255295	-0.053368	-0.101128	-0.042439	-57.243922	-66.545617	-166.478702
36554	8.880446	-3.184855	2.173314	-0.048476	-0.143315	-0.027331	-57.413130	-66.602022	-166.324131
36555	9.037257	-3.234038	1.990883	-0.056210	-0.138433	-0.006777	-57.595334	-66.648380	-166.160548
36556	9.077943	-3.303627	1.870825	-0.037286	-0.099302	-0.008569	-57.723427	-66.681874	-166.043876
36557	9.124898	-3.277307	1.878394	-0.018034	-0.059128	-0.005196	-57.796636	-66.702935	-165.975240
36558	9.107742	-3.263540	1.865797	-0.001368	-0.000716	-0.000110	-57.799570	-66.702139	-165.972477
36559	8.939568	-3.298257	2.067758	-0.001326	0.027118	-0.001365	-57.768893	-66.694989	-166.006532
36560	8.931102	-3.287063	2.037779	0.010442	0.010523	-0.010539	-57.745031	-66.695828	-166.025587
36561	8.916200	-3.256698	2.109294	0.004307	0.021801	-0.008259	-57.712232	-66.693631	-166.058440
36562	8.943588	-3.215980	2.116843	0.010945	0.004563	-0.005928	-57.698046	-66.694062	-166.066647
36563	8.925712	-3.201991	2.108030	0.004879	0.006542	0.003212	-57.690231	-66.690975	-166.071939
36564	8.926639	-3.251833	2.035468	0.000934	-0.001455	0.009168	-57.699245	-66.685949	-166.061129
36565	8.975687	-3.316509	2.038852	0.001026	0.000829	0.001784	-57.699044	-66.685302	-166.060535
36566	8.940038	-3.288843	2.020366	0.010056	0.009494	-0.005174	-57.680338	-66.683877	-166.074222
36567	8.957881	-3.245185	2.049920	0.011721	0.008955	-0.003047	-57.661447	-66.683080	-166.087307
36568	8.998613	-3.242060	2.041747	0.012152	0.014630	0.008315	-57.645369	-66.673559	-166.096829
36569	8.947392	-3.299022	2.056737	0.012632	0.019110	0.002370	-57.618423	-66.667022	-166.118119
36570	8.956732	-3.244987	2.055245	0.014254	0.015093	-0.005425	-57.590863	-66.664013	-166.138839
36571	8.946931	-3.241365	2.079294	0.008870	0.016849	0.000364	-57.567201	-66.659133	-166.158901
36572	8.891931	-3.264221	2.087107	0.009921	0.004901	-0.000906	-57.556764	-66.657077	-166.163680
36573	8.915206	-3.247097	2.068419	0.007436	-0.000096	-0.002221	-57.551076	-66.658652	-166.165061
36574	8.909839	-3.220840	2.115774	0.005152	-0.008628	0.005867	-57.563345	-66.657487	-166.148087
36575	8.970040	-3.224723	2.060560	0.000817	-0.018820	0.010388	-57.591412	-66.658715	-166.116835
36576	8.997356	-3.299195	2.027530	-0.001485	-0.016914	0.007915	-57.618209	-66.659110	-166.088180
36577	8.960664	-3.279376	2.061239	0.002122	-0.009977	-0.003178	-57.625972	-66.664180	-166.078228
36578	8.967547	-3.241427	1.978030	0.007046	-0.001124	0.003143	-57.626782	-66.662044	-166.072557
36579	8.974472	-3.259183	2.064276	0.007527	0.003354	-0.002802	-57.616763	-66.662842	-166.078597
36580	8.956708	-3.245092	2.055184	0.008165	0.001987	-0.002458	-57.609461	-66.662477	-166.081068
36581	8.974534	-3.258387	2.065259	0.003513	0.004656	-0.003709	-57.599636	-66.663313	-166.089402
36582	8.960880	-3.277664	2.063019	0.009376	0.008547	-0.008639	-57.579876	-66.663934	-166.104687
36583	8.937743	-3.236848	2.102071	0.004038	0.011444	-0.006542	-57.560122	-66.664053	-166.123508
36584	8.928200	-3.120028	2.162579	0.010123	0.001369	0.008494	-57.560172	-66.658601	-166.116754
36585	9.222750	-3.622077	1.583097	-0.016370	-0.008630	-0.011809	-57.570860	-66.667434	-166.115155
36586	8.735439	-2.950253	2.514022	0.009534	0.079279	-0.015553	-57.466901	-66.649651	-166.222065
36587	8.986073	-3.299794	1.925108	0.033390	-0.014316	0.001151	-57.464657	-66.653978	-166.203497
36588	8.983009	-3.257750	2.053776	-0.026714	0.051614	0.002303	-57.425211	-66.636055	-166.262761
36589	8.926227	-3.287945	2.117439	0.029814	0.015848	-0.006414	-57.385882	-66.634730	-166.286821
36590	8.982088	-3.313319	2.040841	-0.005784	0.035519	-0.010636	-57.343251	-66.627998	-166.336501
36591	8.857496	-3.271688	2.144651	0.011338	0.016022	-0.021867	-57.303260	-66.634059	-166.372815
36592	8.898998	-3.209828	2.155090	0.004995	0.006480	-0.017796	-57.281735	-66.639750	-166.392776
36593	8.909127	-3.211411	2.133034	0.003992	-0.005959	-0.015815	-57.274798	-66.649690	-166.397666
36594	8.946731	-3.230137	2.097547	-0.001530	-0.009967	-0.012560	-57.279088	-66.657956	-166.393577
36595	8.966325	-3.235827	2.052363	-0.002138	-0.005114	-0.002986	-57.283925	-66.661451	-166.389469
36596	8.961236	-3.265631	2.080482	-0.000162	-0.009249	-0.012451	-57.286704	-66.669454	-166.386175
36597	8.967240	-3.234185	2.050955	0.001886	-0.007586	-0.008884	-57.287767	-66.676556	-166.383666
36598	8.884104	-3.247027	2.123665	-0.000376	-0.003371	-0.008246	-57.287115	-66.680723	-166.384245
36599	8.911922	-3.206435	2.128843	0.003279	-0.018475	-0.005010	-57.302348	-66.689329	-166.365438
36600	8.968532	-3.232505	2.047949	0.000879	-0.018851	-0.000096	-57.324138	-66.694362	-166.340796
36601	8.903222	-3.259539	2.129535	0.000468	-0.009442	-0.005300	-57.330680	-66.700310	-166.333206
36602	8.969367	-3.231863	2.045303	0.003486	-0.023179	-0.002411	-57.354171	-66.707800	-166.305089
36603	8.936890	-3.245444	2.085286	0.003747	-0.011652	0.002652	-57.367032	-66.710592	-166.288576
36604	8.974118	-3.208610	2.067946	0.003960	-0.017529	-0.001555	-57.384545	-66.715929	-166.266674
36605	8.964840	-3.262210	2.070298	0.001740	-0.011002	0.002197	-57.397510	-66.718736	-166.251301
36606	8.951353	-3.225492	2.084936	0.007377	-0.015148	0.002120	-57.413035	-66.721570	-166.229435
36607	8.961032	-3.228896	2.061836	0.005158	-0.008621	0.005873	-57.424012	-66.721866	-166.214095
36608	8.955677	-3.259659	2.089839	0.004387	-0.013018	0.002995	-57.439481	-66.723627	-166.194158
36609	8.947522	-3.249287	2.057392	0.007301	-0.004681	0.002050	-57.442068	-66.724551	-166.186614
36610	8.969586	-3.239677	2.091920	0.005891	-0.007711	-0.001172	-57.447726	-66.726695	-166.176421
36611	8.988859	-3.189064	2.065718	0.006276	-0.005512	0.000266	-57.450556	-66.728736	-166.169251
36612	8.957231	-3.252424	2.034542	0.005468	0.004045	0.007241	-57.449273	-66.723204	-166.166880
36613	8.969436	-3.239952	2.092139	0.007479	0.002221	0.000887	-57.443176	-66.722562	-166.168678
36614	8.978814	-3.243176	2.070594	0.003596	0.009283	0.002512	-57.433693	-66.717709	-166.176403
36615	8.941671	-3.223348	2.106107	0.007433	0.001083	0.004581	-57.431548	-66.715634	-166.173928
36616	8.997424	-3.250123	2.027405	0.002911	0.009512	0.005860	-57.424591	-66.709101	-166.179332
36617	8.950643	-3.227231	2.085295	0.001500	0.006481	0.002639	-57.418400	-66.706299	-166.184963
36618	8.958562	-3.237897	2.118244	0.001425	0.016948	0.002568	-57.401600	-66.699071	-166.202014
36619	8.926624	-3.244750	2.106650	0.000766	0.005573	0.009683	-57.401899	-66.693148	-166.201037
36620	8.972668	-3.212082	2.068846	-0.000855	0.008421	0.010666	-57.401756	-66.684650	-166.201375
36621	8.943432	-3.260298	2.117567	-0.000216	0.007055	0.011011	-57.401909	-66.677628	-166.201169
36622	8.962168	-3.267470	2.073569	0.000724	0.003260	0.006570	-57.403693	-66.672709	-166.198424
36623	8.920758	-3.214459	2.102386	-0.001150	0.009674	0.008645	-57.399757	-66.666021	-166.203254
36624	8.947666	-3.232248	2.090292	-0.001675	0.002887	0.011484	-57.406835	-66.658854	-166.196241
36625	8.933414	-3.253599	2.087472	-0.001041	0.002697	0.018635	-57.417784	-66.649497	-166.184792
36626	9.010911	-3.215326	2.061657	-0.001175	-0.003067	0.016104	-57.434512	-66.641943	-166.166956
36627	9.015496	-3.243642	2.014791	-0.003373	0.018557	0.026003	-57.434312	-66.624134	-166.169105
36628	8.985490	-3.293164	2.064483	-0.004305	0.021177	0.023636	-57.431106	-66.605482	-166.174943
36629	8.966532	-3.281296	2.057095	0.003367	0.029119	0.016554	-57.408539	-66.588977	-166.197256
36630	8.947591	-3.268997	2.050338	0.005468	0.031920	0.016423	-57.382660	-66.570496	-166.221705
36631	8.942260	-3.236712	2.047192	0.010056	0.039720	0.017599	-57.345282	-66.550202	-166.255991
36632	8.883009	-3.219056	2.185093	0.011450	0.055535	0.023844	-57.295133	-66.520835	-166.303176
36633	8.896334	-3.250949	2.119227	0.017204	0.020019	0.034502	-57.287689	-66.498474	-166.300371
36634	8.945298	-3.197350	2.109388	0.020358	0.038752	0.042286	-57.264289	-66.465407	-166.312833
36635	8.975779	-3.301162	2.034697	0.019866	0.034284	0.048227	-57.249330	-66.432012	-166.316560
36636	8.959756	-3.268044	2.054836	0.027742	0.050302	0.046767	-57.212232	-66.393213	-166.339365
36637	8.923920	-3.285164	2.102431	0.036594	0.066018	0.050774	-57.154678	-66.348736	-166.379126
36638	8.977421	-3.258731	2.049081	0.039299	0.065137	0.047867	-57.095703	-66.304787	-166.418608
36639	9.107188	-3.257247	2.006902	0.046530	0.084896	0.059625	-57.018462	-66.250137	-166.473684
36640	9.010455	-3.378305	2.022236	0.051891	0.133166	0.069515	-56.893993	-66.174512	-166.576901
36641	8.818515	-3.344551	2.243567	0.067758	0.115157	0.050851	-56.766355	-66.114496	-166.673838
36642	8.797614	-3.162840	2.300825	0.067725	0.100055	0.044719	-56.652287	-66.060983	-166.755859
36643	8.698063	-3.295669	2.420976	0.025175	0.053531	0.042113	-56.610109	-66.024434	-166.786056
36644	8.884020	-3.336742	2.216302	0.024273	-0.003199	0.031046	-56.622672	-66.009958	-166.756762
36645	8.959362	-3.372047	2.094653	0.018933	0.014759	0.009398	-56.602643	-66.001280	-166.766638
36646	8.972811	-3.295551	2.118435	0.026883	0.020289	0.008032	-56.572173	-65.990412	-166.782813
36647	9.078848	-3.380662	1.995323	0.037459	0.070351	0.013162	-56.484629	-65.962362	-166.854987
36648	9.106454	-3.325196	2.089122	0.065914	0.076188	0.024032	-56.383493	-65.926147	-166.924079
36649	9.366743	-3.124735	1.914978	0.078221	0.093405	0.094855	-56.306455	-65.851722	-166.959203
36650	8.967682	-3.436082	1.966446	0.088903	0.214704	0.144764	-56.131801	-65.713817	-167.094573
36651	8.936397	-3.044400	2.403003	0.172403	0.212898	0.143673	-55.911202	-65.577854	-167.228115
36652	8.428335	-3.474171	2.536617	0.040809	0.169114	0.151260	-55.819556	-65.451204	-167.302850
36653	8.516544	-3.237047	2.661845	0.132975	0.079003	0.113831	-55.741727	-65.372292	-167.304478
36654	9.030693	-3.237066	2.199698	0.056365	0.048576	0.128706	-55.750693	-65.295103	-167.258775
36655	9.223903	-3.103479	2.299170	0.077147	0.044393	0.182061	-55.788143	-65.195024	-167.168685
36656	9.621529	-2.842459	2.114993	0.065169	0.007655	0.345833	-55.983441	-65.027978	-166.911938
36657	9.663450	-2.862501	2.114163	0.045356	0.061655	0.546858	-56.267503	-64.748617	-166.569350
36658	9.302918	-3.364935	2.261562	-0.029664	0.101550	0.686044	-56.640174	-64.388417	-166.175241
36659	8.979019	-3.578738	2.271158	-0.025999	0.124651	0.722948	-57.000296	-64.003117	-165.791603
36660	8.259944	-4.011850	2.444626	-0.044133	0.187218	0.665042	-57.263687	-63.624439	-165.526003
36661	7.774986	-3.779109	2.848159	-0.004409	0.079712	0.526150	-57.514768	-63.346359	-165.248055
36662	8.288377	-3.552522	2.526700	-0.023478	-0.013826	0.454851	-57.818622	-63.129906	-164.922520
36663	8.421697	-3.788445	2.465055	-0.062899	-0.008095	0.427423	-58.117638	-62.925225	-164.627268
36664	8.672923	-3.796885	2.358212	-0.043808	-0.047878	0.406612	-58.427598	-62.740992	-164.306774
36665	8.808152	-3.654312	2.251977	-0.052320	-0.011274	0.437626	-58.720856	-62.530867	-164.010141
36666	8.507551	-3.953736	2.334604	-0.050472	0.015363	0.435930	-58.983337	-62.312064	-163.746328
36667	8.311238	-4.042282	2.372654	-0.035914	0.021554	0.395399	-59.204652	-62.111809	-163.519243
36668	8.263984	-4.066913	2.491147	-0.029988	-0.024979	0.325510	-59.424903	-61.958217	-163.289012
36669	8.710605	-3.899516	2.327646	-0.031542	-0.062318	0.304460	-59.666176	-61.826406	-163.035787
36670	8.817925	-3.952738	2.270852	-0.051045	-0.033335	0.331641	-59.904681	-61.671302	-162.797905
36671	8.720765	-4.057105	2.351501	-0.049429	-0.027529	0.358077	-60.147766	-61.501925	-162.553545
36672	8.806431	-3.671639	2.578347	-0.078476	-0.062991	0.412798	-60.465775	-61.313843	-162.242254
36673	8.979536	-3.756102	2.441709	-0.150715	-0.084597	0.534732	-60.901816	-61.070898	-161.842997
36674	8.811380	-4.187178	2.331132	-0.201330	-0.019645	0.635116	-61.351232	-60.757213	-161.460389
36675	8.572040	-4.297951	2.345452	-0.183645	-0.042104	0.663459	-61.815152	-60.434822	-161.048468
36676	8.648528	-4.221750	2.324060	-0.190068	-0.056281	0.701520	-62.304061	-60.094384	-160.610493
36677	8.898639	-4.265261	2.265034	-0.201002	-0.051688	0.759056	-62.810530	-59.722522	-160.158056
36678	8.553126	-4.430470	2.299522	-0.216322	-0.005169	0.785819	-63.286090	-59.322089	-159.749722
36679	8.641396	-4.536448	2.402248	-0.192898	-0.035093	0.797072	-63.767252	-58.922707	-159.317693
36680	8.598998	-4.392439	2.154458	-0.186647	-0.035066	0.835627	-64.249499	-58.500726	-158.878159
36681	8.258061	-4.671857	2.218793	-0.208427	-0.002126	0.858446	-64.713581	-58.057834	-158.472788
36682	8.247625	-4.659243	2.310189	-0.186615	-0.035367	0.864648	-65.183603	-57.617194	-158.043512
36683	8.378429	-4.523492	2.459027	-0.208350	-0.062837	0.916710	-65.695427	-57.154894	-157.577414
36684	8.502653	-4.365943	2.486592	-0.251267	-0.100953	1.002286	-66.279234	-56.653457	-157.052017
36685	8.647417	-4.497692	2.549323	-0.320900	-0.128840	1.126533	-66.950251	-56.090765	-156.466771
36686	9.299570	-4.598935	2.536828	-0.361801	-0.161074	1.273540	-67.696337	-55.452709	-155.814710
36687	9.493298	-5.035762	2.137704	-0.430510	-0.069610	1.440229	-68.437560	-54.702580	-155.211362
36688	9.152099	-5.595701	1.801714	-0.412941	0.030114	1.554389	-69.100386	-53.865922	-154.685986
36689	8.483824	-5.908139	1.620155	-0.353703	0.124207	1.588989	-69.645665	-52.989229	-154.259184
36690	7.998198	-5.911913	1.858541	-0.282398	0.157230	1.536689	-70.092854	-52.131341	-153.899373
36691	7.802273	-5.749275	1.992295	-0.244247	0.172232	1.459968	-70.472790	-51.311029	-153.593459
36692	7.841212	-5.815597	2.110977	-0.248318	0.205453	1.392525	-70.804091	-50.519059	-153.349561
36693	7.776024	-5.975790	2.052823	-0.242198	0.250864	1.329977	-71.078226	-49.752311	-153.173002
36694	7.645621	-6.148440	1.789389	-0.220770	0.295934	1.276770	-71.292731	-49.004990	-153.056663
36695	7.472556	-6.222742	1.840681	-0.187657	0.341487	1.254983	-71.450602	-48.261545	-152.989362
36696	7.568875	-6.041906	2.075424	-0.156143	0.355267	1.233628	-71.574563	-47.526482	-152.942505
36697	7.173348	-6.256745	1.973050	-0.179826	0.413828	1.209415	-71.670595	-46.794560	-152.951836
36698	7.013024	-6.487525	2.103651	-0.155764	0.400399	1.139907	-71.746436	-46.102289	-152.969978
36699	6.928515	-6.385514	2.130066	-0.136516	0.426166	1.081222	-71.785590	-45.437933	-153.024272
36700	6.820849	-6.584066	2.115478	-0.138003	0.429342	1.029945	-71.815166	-44.800355	-153.093765
36701	6.932483	-6.516783	2.094935	-0.127410	0.438347	0.984651	-71.826698	-44.186428	-153.181246
36702	6.873765	-6.596694	2.207148	-0.127791	0.458866	0.948761	-71.822832	-43.587796	-153.292089
36703	6.913063	-6.554139	2.219921	-0.136250	0.472637	0.914480	-71.812562	-43.005932	-153.420666
36704	6.964461	-6.583885	2.257276	-0.142996	0.494444	0.877558	-71.791045	-42.439684	-153.572789
36705	6.924819	-6.626225	2.235430	-0.157424	0.544287	0.845856	-71.750333	-41.882246	-153.767584
36706	6.936830	-6.663184	2.236981	-0.151285	0.594917	0.817403	-71.680143	-41.330541	-154.003481
36707	6.680552	-6.721644	2.325702	-0.170776	0.644595	0.791267	-71.597081	-40.784352	-154.278671
36708	6.484862	-6.734895	2.318276	-0.177479	0.659278	0.768573	-71.511671	-40.247077	-154.566324
36709	6.469407	-6.357033	2.554528	-0.189279	0.681146	0.729266	-71.421172	-39.727291	-154.875664
36710	6.329556	-6.354390	2.647608	-0.264362	0.747192	0.701564	-71.344257	-39.209713	-155.234593
36711	6.197087	-5.916442	2.620100	-0.293614	0.734603	0.652274	-71.286843	-38.721281	-155.593153
36712	6.895837	-4.815697	3.167716	-0.364400	0.757048	0.560243	-71.250819	-38.278093	-155.986001
36713	6.356019	-5.459901	3.169513	-0.634882	0.972993	0.554038	-71.281290	-37.798853	-156.526626
36714	3.508522	-8.298819	2.719295	-0.833032	0.888061	0.783007	-71.498147	-37.211562	-156.953820
36715	4.547518	-8.278842	2.972351	-0.607144	0.337750	0.773850	-71.812785	-36.730240	-157.008811
36716	5.957073	-7.225477	2.677647	-0.699804	0.340115	0.823018	-72.184230	-36.221588	-157.057802
36717	5.859000	-7.480197	2.487821	-0.745515	0.379819	0.874932	-72.571019	-35.678364	-157.126281
36718	6.367725	-7.460980	2.434239	-0.744458	0.407388	0.954075	-72.954023	-35.087162	-157.200780
36719	6.837337	-7.396127	2.633484	-0.765779	0.441850	1.051418	-73.345808	-34.437655	-157.282893
36720	7.666026	-7.185825	2.867163	-0.793432	0.576091	1.158454	-73.713322	-33.707714	-157.437618
36721	7.449562	-7.113169	2.863643	-0.905667	0.688886	1.287862	-74.117396	-32.889782	-157.646506
36722	6.937530	-7.270257	2.886564	-0.987839	0.767587	1.426615	-74.554158	-31.984365	-157.886622
36723	7.061794	-7.359748	2.674519	-1.055832	0.789194	1.557360	-75.035144	-31.005131	-158.123619
36724	6.927404	-7.208464	2.583079	-1.147987	0.880268	1.689525	-75.550012	-29.941319	-158.404418
36725	7.131174	-7.200582	2.449525	-1.222309	0.963460	1.829444	-76.093647	-28.790265	-158.723664
36726	6.225795	-7.249404	2.273557	-1.283767	1.060937	1.993673	-76.656458	-27.537700	-159.088556
36727	6.173828	-7.357295	1.760990	-1.328100	1.060186	2.125929	-77.256806	-26.214386	-159.443512
36728	5.587669	-8.115594	1.488393	-1.388453	1.162696	2.284862	-77.875914	-24.793495	-159.852048
36729	5.456431	-7.729858	1.326174	-1.308018	1.086712	2.402335	-78.479175	-23.319104	-160.210335
36730	4.382781	-8.778132	0.745173	-1.349611	1.208526	2.571989	-79.089098	-21.740047	-160.635404
36731	3.528272	-8.743190	0.960573	-1.241381	1.061727	2.753637	-79.682933	-20.077684	-160.964092
36732	3.529679	-8.690338	0.622743	-1.164997	0.964932	2.898302	-80.261059	-18.347333	-161.234428
36733	3.491551	-7.987840	0.736335	-1.076656	0.874227	2.993886	-80.811215	-16.573354	-161.456406
36734	2.876114	-7.455953	0.738160	-1.024356	0.712910	2.988032	-81.358935	-14.819935	-161.599994
36735	0.313703	-8.808365	0.089683	-0.884600	0.372028	2.977086	-81.875117	-13.101738	-161.560763
36736	-2.907877	-11.286355	-0.231878	-0.610992	-0.278416	3.094046	-82.312056	-11.368914	-161.149546
36737	1.937878	-8.400461	2.462143	0.758063	-1.259582	2.058413	-82.045141	-10.299084	-160.257920
36738	10.072864	6.968250	3.073319	1.823686	-1.970249	-0.122142	-81.203368	-10.533650	-159.132637
36739	22.041773	-3.522964	4.756279	0.117971	-0.688085	-0.346600	-81.203299	-10.790588	-158.766814
36740	10.262514	-9.931157	0.663742	1.851399	0.775861	-2.000475	-80.016540	-11.851433	-159.405200
36741	6.639335	2.427240	5.037577	2.323442	-0.040202	-2.874381	-78.621614	-13.474438	-159.694566
36742	4.358152	-2.834524	-0.137524	1.772673	0.390470	-2.650078	-77.469988	-14.916848	-160.245429
36743	2.480804	-2.040668	2.202910	2.168917	0.148140	-2.751241	-76.102816	-16.432450	-160.705222
36744	2.985289	-2.941011	0.543735	2.069042	-0.056722	-2.524161	-74.813927	-17.844050	-161.053158
36745	2.652829	-2.608022	0.985195	2.047863	-0.272227	-2.390839	-73.565673	-19.204977	-161.288253
36746	3.557516	-2.404233	0.640374	1.943618	-0.435122	-2.336289	-72.395417	-20.561620	-161.452379
36747	4.243717	-2.410716	0.626606	1.792473	-0.570517	-2.315616	-71.328473	-21.924620	-161.562010
36748	4.947726	-2.270199	0.504015	1.595222	-0.595088	-2.277248	-70.369216	-23.273008	-161.677908
36749	5.195965	-2.239216	0.388319	1.381946	-0.596813	-2.235906	-69.524911	-24.594104	-161.806852
36750	5.382689	-2.452664	0.204066	1.138884	-0.619899	-2.212069	-68.815242	-25.909337	-161.939420
36751	5.762130	-2.796445	0.144470	0.887030	-0.723933	-2.222206	-68.267013	-27.246489	-162.028404
36752	6.432217	-3.161407	0.189063	0.606605	-0.882176	-2.281457	-67.908376	-28.652594	-162.051227
36753	7.322684	-3.717781	0.289331	0.307358	-1.013146	-2.383193	-67.744717	-30.136611	-162.025531
36754	7.819352	-4.417184	0.674635	0.028943	-1.069453	-2.490289	-67.743202	-31.694392	-161.995983
36755	8.094972	-5.415884	1.014345	-0.196493	-1.095769	-2.573132	-67.871311	-33.297063	-161.966801
36756	8.103285	-6.271256	1.156595	-0.351248	-1.136489	-2.641769	-68.096367	-34.949984	-161.924657
36757	8.097825	-6.982540	1.341933	-0.487930	-1.196432	-2.659666	-68.428091	-36.619823	-161.835225
36758	8.050537	-7.755206	1.584342	-0.611891	-1.265664	-2.644639	-68.872943	-38.300946	-161.680984
36759	8.063921	-8.601168	1.795559	-0.710358	-1.322920	-2.600708	-69.424758	-39.963691	-161.451350
36760	8.301997	-9.190802	2.046662	-0.788970	-1.342607	-2.502133	-70.070904	-41.580887	-161.155241
36761	8.248567	-9.783016	2.304975	-0.857896	-1.272292	-2.314249	-70.783502	-43.074883	-160.826787
36762	8.130157	-10.083915	2.459075	-0.909648	-1.173422	-2.036964	-71.553058	-44.402390	-160.468875
36763	8.138233	-10.412887	2.546174	-0.985168	-1.016733	-1.652868	-72.377803	-45.483671	-160.100226
36764	8.116587	-10.766599	2.602051	-1.064393	-0.866395	-1.219642	-73.264184	-46.303585	-159.716528
36765	8.457887	-11.294354	2.506529	-1.150838	-0.741877	-0.806351	-74.218221	-46.866549	-159.310681
36766	8.865742	-11.892096	2.529010	-1.212120	-0.632544	-0.493307	-75.208655	-47.240119	-158.907840
36767	9.355333	-12.427102	2.441281	-1.234419	-0.558473	-0.326672	-76.202670	-47.500917	-158.517895
36768	9.764542	-12.811864	2.404996	-1.222681	-0.483194	-0.310177	-77.154212	-47.742675	-158.179600
36769	10.077131	-13.114945	2.422248	-1.172892	-0.406305	-0.441285	-78.017746	-48.040057	-157.921236
36770	10.215060	-13.140723	2.426985	-1.072193	-0.312436	-0.686171	-78.740589	-48.465876	-157.777246
36771	10.216179	-13.026298	2.376775	-0.947322	-0.189179	-0.979966	-79.282796	-49.038125	-157.777797
36772	9.569396	-12.777473	2.295077	-0.807779	-0.053210	-1.284548	-79.624247	-49.771574	-157.939006
36773	8.758611	-12.334676	2.159205	-0.671168	0.021552	-1.541822	-79.805018	-50.638975	-158.204020
36774	7.757717	-12.185446	2.115861	-0.564179	0.047814	-1.695243	-79.883303	-51.594124	-158.519914
36775	6.721329	-12.023348	2.119827	-0.434969	-0.009317	-1.751069	-79.913495	-52.583200	-158.797324
36776	5.928575	-11.795972	2.006440	-0.308634	-0.107725	-1.697099	-79.945841	-53.554723	-158.979082
36777	5.277875	-11.292315	1.959084	-0.184652	-0.234065	-1.569472	-80.018295	-54.463985	-159.020095
36778	5.127454	-10.725319	1.866367	-0.080856	-0.318669	-1.386726	-80.126470	-55.280799	-158.945279
36779	5.097756	-10.082959	1.802238	0.019984	-0.351760	-1.201284	-80.234010	-55.993774	-158.800943
36780	5.196827	-9.541216	1.650906	0.080833	-0.325431	-1.026339	-80.315279	-56.606953	-158.648207
36781	5.335907	-9.156204	1.577842	0.126990	-0.276266	-0.882936	-80.351702	-57.132635	-158.517639
36782	5.505979	-8.776526	1.476786	0.143611	-0.238999	-0.759615	-80.367404	-57.586199	-158.401734
36783	5.702734	-8.648233	1.404439	0.146978	-0.216729	-0.672890	-80.375416	-57.987476	-158.292543
36784	5.599481	-8.507729	1.318159	0.154418	-0.222997	-0.625400	-80.394527	-58.363193	-158.166241
36785	5.450645	-8.322465	1.296831	0.168939	-0.278243	-0.617564	-80.458829	-58.739017	-157.977219
36786	5.421793	-8.127857	1.298046	0.196174	-0.343938	-0.618417	-80.573222	-59.121597	-157.712637
36787	5.498695	-8.129102	1.328926	0.252917	-0.387933	-0.615952	-80.701416	-59.506369	-157.394880
36788	5.467857	-7.948075	1.281238	0.337068	-0.394588	-0.581290	-80.799544	-59.871611	-157.057571
36789	5.493125	-7.642233	1.141468	0.420678	-0.370033	-0.521511	-80.839169	-60.200812	-156.733431
36790	5.565774	-7.289582	1.006431	0.503033	-0.339101	-0.425610	-80.820643	-60.472268	-156.423008
36791	5.604705	-6.817265	0.796036	0.569835	-0.292614	-0.298450	-80.739241	-60.668320	-156.141422
36792	5.498441	-6.357054	0.641074	0.607747	-0.251357	-0.148321	-80.621145	-60.774901	-155.877454
36793	5.199182	-6.029723	0.514966	0.617270	-0.246735	0.028191	-80.521838	-60.782525	-155.585819
36794	5.211940	-5.755043	0.503251	0.598787	-0.317692	0.216593	-80.536860	-60.689179	-155.175125
36795	5.499277	-5.563125	0.506640	0.545501	-0.380804	0.398036	-80.672621	-60.500195	-154.660335
36796	6.081678	-5.301341	0.533545	0.483062	-0.429809	0.528466	-80.909699	-60.239587	-154.068937
36797	6.751101	-5.037229	0.555248	0.409000	-0.405278	0.617464	-81.170050	-59.926682	-153.498013
36798	7.340842	-4.715534	0.593609	0.316697	-0.317220	0.659521	-81.396137	-59.579444	-153.025977
36799	7.879867	-4.558876	0.712702	0.217217	-0.184859	0.654554	-81.543185	-59.224666	-152.710370
36800	8.275867	-4.383622	0.785439	0.119829	-0.014204	0.611210	-81.574852	-58.878175	-152.593116
36801	8.524864	-4.288280	0.815463	0.033413	0.179565	0.551750	-81.465255	-58.550724	-152.698772
36802	8.385549	-4.186776	0.772196	-0.042444	0.371457	0.477471	-81.215650	-58.247017	-153.020122
36803	8.003616	-3.960654	0.727956	-0.106438	0.502778	0.395634	-80.876224	-57.978656	-153.491509
36804	7.667749	-3.865731	0.648725	-0.189063	0.571356	0.322649	-80.519007	-57.742196	-154.041073
36805	7.652886	-4.133571	0.736269	-0.259358	0.588334	0.273222	-80.184861	-57.531768	-154.612402
36806	7.826774	-4.375809	0.814933	-0.305818	0.604972	0.231208	-79.862595	-57.340229	-155.202495
36807	7.814374	-4.635590	0.796383	-0.328759	0.635382	0.187468	-79.524136	-57.169818	-155.828665
36808	7.599350	-4.757876	0.803202	-0.330134	0.653900	0.141864	-79.168628	-57.019714	-156.477245
36809	7.515708	-4.990425	0.831543	-0.328478	0.645103	0.116889	-78.819052	-56.883812	-157.118634
36810	7.480731	-5.120316	0.851954	-0.297482	0.624491	0.100209	-78.471496	-56.756135	-157.737419
36811	7.272959	-5.167502	0.853163	-0.263585	0.591577	0.108345	-78.136764	-56.627044	-158.318462
36812	7.133427	-5.288459	0.851261	-0.220417	0.530275	0.113857	-77.834834	-56.499047	-158.831515
36813	6.911100	-5.316704	0.837883	-0.163634	0.445033	0.135692	-77.578280	-56.369203	-159.251737
36814	6.890141	-5.289919	0.800748	-0.113572	0.332747	0.164867	-77.396277	-56.234690	-159.548639
36815	7.048291	-5.332666	0.808847	-0.058314	0.217467	0.197258	-77.285476	-56.097524	-159.722060
36816	7.222399	-5.313348	0.875557	0.000656	0.125330	0.234052	-77.226463	-55.949850	-159.792722
36817	7.350625	-5.416343	0.970449	0.050996	0.037847	0.263795	-77.215569	-55.798068	-159.770393
36818	7.480929	-5.677491	1.061119	0.105785	-0.037189	0.282063	-77.239291	-55.644097	-159.668303
36819	7.743071	-5.986599	1.181389	0.182960	-0.112148	0.280209	-77.277760	-55.502088	-159.494384
36820	7.828549	-6.088042	1.281085	0.264700	-0.148074	0.268281	-77.296753	-55.369686	-159.287117
36821	7.634591	-6.121966	1.261598	0.357151	-0.186770	0.257003	-77.289920	-55.249992	-159.046362
36822	7.310657	-6.017538	1.188658	0.443420	-0.236933	0.254971	-77.274005	-55.136176	-158.756272
36823	6.893458	-6.057784	1.076770	0.517954	-0.315747	0.278834	-77.280581	-55.020594	-158.386120
36824	6.517446	-6.208559	1.012380	0.603510	-0.429384	0.333719	-77.338247	-54.886806	-157.893247
36825	6.383557	-6.319221	0.999073	0.668682	-0.580332	0.441461	-77.493459	-54.712798	-157.234246
36826	6.378003	-6.398128	0.984474	0.734387	-0.744099	0.562919	-77.757296	-54.487667	-156.394270
36827	6.735409	-6.387688	1.005128	0.791104	-0.876279	0.675917	-78.101678	-54.214350	-155.412479
36828	6.923242	-6.176522	1.071448	0.834451	-0.951086	0.756010	-78.482072	-53.899153	-154.351939
36829	7.180713	-6.154226	1.086343	0.853312	-0.992042	0.790369	-78.874174	-53.567100	-153.259048
36830	7.379761	-6.267321	1.108255	0.867251	-0.991911	0.772366	-79.242977	-53.238746	-152.180565
36831	7.198642	-6.343672	1.120657	0.892039	-0.960892	0.733551	-79.555291	-52.927303	-151.150468
36832	6.721315	-6.475888	1.120310	0.890222	-0.941406	0.721066	-79.841931	-52.615456	-150.149617
36833	5.985064	-6.768801	1.167063	0.900669	-0.923108	0.738294	-80.099523	-52.291410	-149.173664
36834	5.053237	-6.846958	1.225700	0.921050	-0.930268	0.837522	-80.352047	-51.907017	-148.184509
36835	4.120177	-7.305020	1.045048	0.898228	-0.949360	1.025851	-80.638692	-51.417520	-147.162738
36836	32.554506	-17.570824	5.990067	0.837946	-2.107550	-0.249779	-81.635831	-51.742741	-145.276798
36837	41.019208	-4.737081	-11.579430	4.284256	3.041119	-4.702984	-76.235108	-54.054149	-148.968340
36838	-7.902206	17.075709	21.865468	-3.308401	7.110123	-3.331265	-71.921101	-54.772783	-156.601568
36839	8.057047	-39.768389	-13.338818	0.458543	1.673577	-0.769524	-70.168357	-54.878752	-158.424178
36840	-8.262750	-2.161767	2.309835	4.242679	2.282934	-4.745383	-64.407853	-56.881199	-162.444475
36841	3.057260	-3.530498	8.202190	0.855681	-1.717037	-2.521188	-64.333072	-58.609610	-161.952994
36842	23.715251	-2.814336	-2.834619	3.137463	-2.273841	-4.009192	-62.784924	-61.244351	-161.664079
36843	14.693310	1.552180	8.538692	-0.153697	2.600403	-2.064060	-59.431285	-61.560541	-165.583458
36844	10.180704	-5.509020	5.245400	1.150278	-0.258632	-1.275937	-58.303109	-62.261722	-166.114961
36845	11.510702	0.325745	3.047696	0.772987	-0.400917	-1.055013	-57.617447	-62.896459	-166.388274
36846	7.666463	-3.295312	3.674478	-0.268901	0.505800	-0.553068	-56.959610	-63.005420	-167.299565
36847	6.724429	-3.756779	4.118194	0.105588	-0.447840	-0.747045	-56.862015	-63.504586	-167.340927
36848	9.401589	-3.054732	2.562149	-0.023639	-0.777170	-0.729637	-57.172929	-64.096495	-167.009061
36849	9.116294	-4.028518	2.099358	-0.302838	-0.445224	-0.669920	-57.361102	-64.557785	-166.992620
36850	8.836878	-4.666280	2.136389	-0.136536	-0.532182	-0.790115	-57.468024	-65.102299	-166.960466
36851	9.014068	-4.371833	2.053118	-0.117493	-0.580610	-0.969455	-57.495831	-65.749973	-167.003738
36852	9.973432	-0.774345	2.333535	0.284066	-0.693181	-0.774552	-57.551836	-66.336406	-166.763913
36853	12.033090	-2.621203	0.836455	-0.405807	-0.919872	-0.118685	-58.731613	-66.672832	-165.730848
36854	10.447774	-4.433673	-1.372644	-0.068717	0.233891	-0.216656	-58.356180	-66.707828	-166.182109
36855	7.461698	-1.902653	4.947229	0.011634	0.462972	-0.179549	-57.701158	-66.655111	-166.887959
36856	8.272735	-3.804359	2.397970	-0.173436	-0.527616	-0.115261	-58.317106	-66.870349	-166.325394
36857	9.711196	-2.868664	1.199361	0.047930	-0.299654	-0.161627	-58.519523	-67.039625	-166.075406
36858	8.723249	-3.199939	2.454852	-0.261496	-0.015313	-0.113076	-58.608144	-67.098561	-166.141487
36859	9.087736	-3.561363	1.776066	-0.043674	-0.335729	-0.151490	-58.917232	-67.272998	-165.833140
36860	9.458962	-3.084006	1.609304	-0.142634	-0.133163	-0.178570	-59.030194	-67.399065	-165.798900
36861	8.787453	-3.594204	2.141242	-0.156924	-0.095809	-0.206443	-59.087094	-67.529209	-165.834467
36862	9.094385	-3.482417	1.807856	-0.056497	-0.278769	-0.283160	-59.251740	-67.749452	-165.691055
36863	9.256505	-3.041125	1.720424	-0.064728	-0.179852	-0.296948	-59.292967	-67.948824	-165.686412
36864	8.958547	-3.209960	1.968271	-0.084503	-0.137933	-0.266811	-59.317447	-68.119705	-165.711849
36865	8.891998	-3.354457	1.856806	-0.016156	-0.213433	-0.292844	-59.376006	-68.326863	-165.658586
36866	8.907148	-2.806225	1.889117	0.038117	-0.217596	-0.299096	-59.405946	-68.536907	-165.602529
36867	9.049545	-2.516315	1.870067	0.023435	-0.207101	-0.192774	-59.510273	-68.692801	-165.475898
36868	9.122112	-2.849830	1.731208	-0.005376	-0.163334	-0.095499	-59.650555	-68.786477	-165.328289
36869	9.239118	-3.009083	1.568871	0.030695	-0.140226	-0.068421	-59.761113	-68.861321	-165.190694
36870	9.312255	-2.870897	1.548381	0.037969	-0.063260	-0.038523	-59.792677	-68.897771	-165.133157
36871	9.259366	-2.893140	1.554300	0.031414	0.012193	-0.005399	-59.755121	-68.897394	-165.153948
36872	9.097843	-3.001868	1.795794	0.022802	0.057358	0.009130	-59.676424	-68.875477	-165.223941
36873	9.105668	-2.996068	1.724227	0.036718	0.029968	0.012117	-59.626241	-68.861277	-165.255016
36874	9.081128	-2.967233	1.822420	0.025902	0.057435	0.021922	-59.555506	-68.832974	-165.314590
36875	8.990425	-3.049297	1.957813	0.023561	0.018899	0.030947	-59.541222	-68.812667	-165.315261
36876	9.133490	-2.994462	1.747031	0.029092	-0.001245	0.029686	-59.549356	-68.797556	-165.288294
36877	9.098184	-3.099627	1.798259	0.017745	0.011539	0.025817	-59.543936	-68.781921	-165.283031
36878	9.142203	-3.065536	1.760322	0.025247	-0.010318	0.018123	-59.557128	-68.775164	-165.253001
36879	9.213795	-3.038193	1.654951	0.024778	0.011759	0.014644	-59.539040	-68.764983	-165.257005
36880	9.163153	-3.049727	1.744818	0.027391	0.036289	0.016573	-59.490643	-68.745465	-165.291739
36881	9.148762	-3.070811	1.746289	0.036219	0.043948	0.013345	-59.424260	-68.726551	-165.340532
36882	9.129355	-3.066353	1.796264	0.034830	0.040953	0.010050	-59.360989	-68.708874	-165.386671
36883	9.086489	-3.014552	1.831669	0.037246	0.047141	0.007729	-59.285968	-68.691752	-165.444116
36884	9.084351	-2.958506	1.856371	0.033444	0.035593	0.014152	-59.233506	-68.673595	-165.479516
36885	9.052584	-3.022821	1.828749	0.025778	0.041387	0.020749	-59.182274	-68.651711	-165.518491
36886	8.981872	-2.964906	1.930435	0.025345	0.031121	0.024027	-59.147621	-68.629997	-165.539763
36887	9.048892	-2.970294	1.855323	0.020470	0.012938	0.036590	-59.147202	-68.608665	-165.527447
36888	9.002577	-3.009055	1.895662	0.007709	0.015730	0.041038	-59.154742	-68.583113	-165.514257
36889	9.097052	-3.031618	1.805554	0.010937	0.003200	0.040018	-59.174515	-68.562954	-165.486113
36890	9.123059	-3.051274	1.793370	0.006759	0.019458	0.045559	-59.181231	-68.534089	-165.474389
36891	9.044816	-3.097398	1.821907	0.006105	0.022002	0.041528	-59.181302	-68.507664	-165.470382
36892	9.083250	-3.031591	1.779497	0.011755	0.016831	0.034494	-59.180161	-68.485023	-165.464025
36893	9.082588	-3.099290	1.816103	0.008212	0.030639	0.033488	-59.162270	-68.460018	-165.478028
36894	9.053709	-3.085580	1.832602	0.012881	0.029277	0.020422	-59.134532	-68.440654	-165.499575
36895	9.051608	-3.030835	1.855485	0.009877	0.031366	0.021342	-59.105831	-68.421403	-165.524181
36896	9.060451	-3.099715	1.870015	0.006760	0.025456	0.016470	-59.083483	-68.405107	-165.543711
36897	9.077180	-3.049567	1.846974	0.004957	0.016821	0.012249	-59.068970	-68.394601	-165.556094
36898	9.076409	-3.050816	1.848699	0.001288	0.019093	0.016544	-59.057743	-68.380146	-165.567039
36899	9.043879	-3.067207	1.891990	-0.001130	0.015273	0.011464	-59.048077	-68.370480	-165.577961
36900	9.047584	-3.037310	1.864497	-0.004964	0.004914	0.014205	-59.056267	-68.361359	-165.571873
36901	9.047007	-3.038849	1.864792	-0.001599	0.003827	0.018457	-59.066244	-68.351629	-165.561954
36902	9.114879	-3.043966	1.787714	-0.000197	0.008008	0.018035	-59.070686	-68.339724	-165.556960
36903	9.076188	-2.971160	1.845231	0.006536	0.031191	0.031332	-59.051690	-68.315606	-165.573198
36904	9.084175	-3.041940	1.860446	0.001331	0.043108	0.046137	-59.032730	-68.279566	-165.592452
36905	9.063383	-3.033239	1.856075	0.009295	0.056663	0.061143	-59.002928	-68.233288	-165.618631
36906	9.042695	-3.090191	1.886231	0.006848	0.049314	0.067142	-58.988831	-68.185107	-165.629257
36907	9.084894	-3.060973	1.852776	0.020713	0.051857	0.070825	-58.965708	-68.135487	-165.641210
36908	9.037027	-3.158792	1.877161	0.009097	0.063604	0.072241	-58.936750	-68.080588	-165.666474
36909	9.051284	-3.121858	1.911384	0.017596	0.045957	0.065926	-58.919168	-68.035113	-165.674387
36910	9.076347	-3.135065	1.848946	0.015286	0.049049	0.059758	-58.895414	-67.990643	-165.690232
36911	9.014123	-3.138816	1.908603	0.013894	0.046053	0.056472	-58.873038	-67.949774	-165.705611
36912	9.039226	-3.159360	1.899300	0.014011	0.032222	0.046396	-58.860743	-67.916845	-165.709891
36913	9.045979	-3.109146	1.899960	0.013343	0.032487	0.039211	-58.842571	-67.888457	-165.721080
36914	9.012500	-3.119236	1.890977	0.009675	0.034780	0.043478	-58.827599	-67.856206	-165.730936
36915	9.032496	-2.984517	1.861305	0.012590	0.047695	0.048920	-58.798711	-67.818545	-165.754168
36916	8.951940	-3.168635	2.014613	-0.012123	0.061259	0.060068	-58.776599	-67.770316	-165.785234
36917	9.000427	-3.163986	1.931539	0.018660	0.008760	0.049158	-58.791190	-67.744095	-165.757747
36918	9.044196	-3.133516	1.894913	0.001015	0.021294	0.052900	-58.804235	-67.711244	-165.742699
36919	9.060189	-3.216145	1.940291	0.005698	0.018711	0.043581	-58.810226	-67.684800	-165.732523
36920	9.035969	-3.172326	1.926723	0.009267	0.010681	0.036704	-58.819445	-67.663042	-165.716496
36921	9.025902	-3.164192	1.897032	0.008524	0.024853	0.029034	-58.805967	-67.641905	-165.725616
36922	8.974312	-3.167642	1.931491	0.009718	0.016388	0.027088	-58.801173	-67.623176	-165.724461
36923	9.027737	-3.081630	1.892406	0.019136	0.015638	0.035829	-58.797504	-67.601443	-165.716399
36924	8.998385	-3.133205	1.942289	0.012268	0.027055	0.041580	-58.789002	-67.572456	-165.717676
36925	9.010482	-3.173148	1.928567	0.022253	0.020376	0.044356	-58.784048	-67.545138	-165.709068
36926	9.018022	-3.179588	1.908732	0.017561	0.021865	0.046814	-58.782425	-67.515136	-165.699621
36927	8.997324	-3.178033	1.955951	0.022230	0.019208	0.048033	-58.781484	-67.486364	-165.686681
36928	9.018446	-3.164469	1.939107	0.022838	0.015561	0.045213	-58.783109	-67.459026	-165.670442
36929	8.951940	-3.197376	2.024207	0.022165	0.015761	0.048564	-58.786616	-67.431018	-165.652720
36930	8.983546	-3.178238	1.930102	0.029865	-0.004039	0.042565	-58.805352	-67.410800	-165.613581
36931	8.985472	-3.167201	2.010337	0.016842	0.002431	0.048049	-58.827164	-67.386994	-165.579330
36932	8.952479	-3.177664	1.997778	0.017127	-0.016201	0.051116	-58.873448	-67.366180	-165.518239
36933	8.993264	-3.226652	1.912987	0.015575	-0.026109	0.048948	-58.930044	-67.350360	-165.447075
36934	9.245222	-3.059305	1.995664	0.025828	-0.035238	0.057422	-58.997985	-67.332033	-165.357098
36935	9.271695	-3.496970	1.234608	-0.000489	0.010370	0.043776	-59.017066	-67.307940	-165.336548
36936	8.916544	-2.790964	2.205202	0.073837	0.141466	0.077081	-58.864161	-67.227772	-165.456169
36937	9.093477	-3.353772	1.750567	0.061247	0.077063	0.108164	-58.815556	-67.152361	-165.470656
36938	9.058408	-3.135507	1.962207	0.062868	0.161189	0.103323	-58.666052	-67.053333	-165.593552
36939	8.839978	-3.320075	2.123289	0.046599	0.127115	0.095562	-58.560090	-66.969128	-165.679479
36940	9.150664	-3.303238	1.759055	0.077681	0.098562	0.081034	-58.460128	-66.899545	-165.739458
36941	9.010599	-3.275043	1.952859	0.063661	0.184379	0.071295	-58.263443	-66.809822	-165.913517
36942	8.939395	-3.251733	2.071861	0.080511	0.142958	0.075764	-58.109179	-66.729278	-166.030913
36943	9.054520	-3.205946	1.998136	0.081674	0.135636	0.080614	-57.966170	-66.649423	-166.135503
36944	9.091230	-3.258237	1.930982	0.073593	0.152185	0.099098	-57.823742	-66.554522	-166.244471
36945	9.283339	-3.401587	1.759473	0.101803	0.196446	0.099875	-57.616892	-66.446501	-166.406250
36946	9.346890	-3.294465	1.880190	0.131408	0.255367	0.110550	-57.338101	-66.313992	-166.628102
36947	9.420707	-3.244041	1.723030	0.169387	0.275406	0.206251	-57.085254	-66.129665	-166.798175
36948	8.811317	-3.212562	2.352146	0.183200	0.425800	0.194317	-56.658613	-65.902704	-167.150021
36949	8.220490	-3.064467	2.913494	0.134512	0.220856	0.252742	-56.523920	-65.712619	-167.213018
36950	8.436856	-3.309216	2.448154	0.107120	0.150865	0.191759	-56.438038	-65.572879	-167.239663
36951	8.761391	-3.392415	2.377809	0.063242	0.071102	0.171775	-56.446750	-65.468815	-167.190102
36952	9.000550	-3.471455	2.103545	0.092604	0.094011	0.158813	-56.406191	-65.362792	-167.176087
36953	9.066559	-3.362091	2.158094	0.103749	0.114846	0.165683	-56.341929	-65.247780	-167.181215
36954	9.232238	-3.110253	2.182985	0.118324	0.118297	0.221701	-56.305087	-65.104082	-167.146853
36955	8.940261	-3.184533	2.431081	0.047350	0.158827	0.330761	-56.340928	-64.896385	-167.077197
36956	8.905359	-3.264022	2.468426	0.078904	0.060827	0.367896	-56.482385	-64.701139	-166.870636
36957	8.815317	-3.230417	2.402990	0.003419	0.069236	0.406619	-56.680869	-64.485304	-166.648555
36958	8.725692	-3.373130	2.445098	-0.005810	0.034203	0.458019	-56.949879	-64.254595	-166.353608
36959	8.692364	-3.743723	2.304160	-0.037381	0.024212	0.448517	-57.235359	-64.031780	-166.059992
36960	8.686889	-3.834913	2.210708	0.008736	0.011781	0.409806	-57.478064	-63.830066	-165.783948
36961	8.652120	-3.573253	2.371298	0.024489	0.030934	0.377399	-57.668698	-63.638513	-165.555541
36962	8.752966	-3.558266	2.309611	0.013973	0.017256	0.386399	-57.881540	-63.445588	-165.308577
36963	8.684428	-3.786027	2.241466	-0.003696	0.068261	0.378720	-58.046927	-63.241364	-165.125711
36964	8.463197	-3.754799	2.441378	0.010764	0.061888	0.343976	-58.187324	-63.054928	-164.961157
36965	8.626485	-3.693726	2.400810	0.005480	0.015552	0.321921	-58.359507	-62.893826	-164.764164
36966	8.905246	-3.678799	2.282364	-0.002048	0.018577	0.347474	-58.546143	-62.718230	-164.555367
36967	8.999958	-3.730532	2.256606	-0.005302	0.048620	0.404988	-58.736374	-62.506056	-164.344364
36968	8.723317	-3.889713	2.330133	-0.016009	0.093063	0.437626	-58.906851	-62.263593	-164.162040
36969	8.536488	-3.760550	2.501344	-0.009188	0.066075	0.441657	-59.097352	-62.027652	-163.952349
36970	8.621366	-3.650974	2.441444	-0.032296	0.015012	0.482888	-59.367483	-61.785190	-163.666827
36971	8.458873	-3.936296	2.314163	-0.050125	0.043476	0.511804	-59.632324	-61.520347	-163.398354
36972	8.030514	-4.326155	2.388067	-0.056040	0.056102	0.454526	-59.854468	-61.278886	-163.181611
36973	7.744378	-4.427642	2.416995	-0.005998	0.004002	0.302394	-60.012253	-61.128257	-163.005300
36974	8.172219	-4.104434	2.411757	0.023039	-0.044826	0.182402	-60.134064	-61.050125	-162.850763
36975	8.344371	-4.109413	2.432551	0.012034	-0.054066	0.140956	-60.248244	-60.995913	-162.712179
36976	8.784230	-4.027355	2.337071	0.007362	-0.076960	0.158110	-60.394137	-60.938656	-162.540180
36977	8.838401	-3.927687	2.470314	-0.027119	-0.070052	0.231462	-60.589770	-60.843474	-162.333868
36978	9.117399	-3.863068	2.381241	-0.064023	-0.109825	0.381546	-60.915609	-60.683118	-162.002179
36979	9.054730	-4.190229	2.186623	-0.104277	-0.087423	0.541331	-61.318557	-60.436196	-161.607905
36980	8.836833	-4.226860	2.273816	-0.117492	-0.091191	0.651881	-61.778344	-60.132384	-161.155694
36981	8.748991	-4.024601	2.533074	-0.131593	-0.092640	0.711915	-62.265851	-59.797518	-160.679481
36982	8.622011	-4.215624	2.420310	-0.162611	-0.067349	0.743497	-62.752966	-59.437149	-160.222494
36983	8.360961	-4.388380	2.301951	-0.172627	-0.051566	0.766581	-63.231416	-59.059703	-159.780672
36984	8.551989	-4.538503	2.348625	-0.144497	-0.081438	0.758410	-63.704926	-58.691495	-159.323908
36985	8.775303	-4.356632	2.231299	-0.146973	-0.078903	0.812155	-64.188881	-58.293758	-158.854855
36986	8.394724	-4.597992	2.295716	-0.178359	-0.026931	0.877293	-64.661698	-57.846763	-158.417808
36987	8.470546	-4.460489	2.529830	-0.166246	-0.085826	0.903465	-65.173365	-57.399227	-157.924559
36988	8.572108	-4.633285	2.268987	-0.222363	-0.072147	0.950864	-65.709861	-56.920652	-157.437284
36989	8.259841	-4.952381	2.136329	-0.237348	-0.048208	0.990966	-66.235799	-56.413762	-156.970371
36990	8.186663	-5.189328	1.955025	-0.197116	-0.047936	0.975150	-66.718944	-55.912217	-156.524297
36991	8.137288	-5.159620	2.079851	-0.170399	-0.026034	0.970196	-67.155493	-55.407053	-156.113649
36992	8.018575	-5.068823	2.110968	-0.152080	-0.024578	0.972627	-67.569393	-54.897919	-155.715112
36993	8.094082	-5.209062	2.245028	-0.175144	-0.029789	0.978156	-67.990786	-54.385995	-155.321270
36994	8.132950	-5.315576	2.060070	-0.167021	-0.028620	0.982371	-68.396670	-53.869300	-154.938092
36995	8.030735	-5.242207	2.100960	-0.169507	-0.023625	0.992583	-68.792574	-53.345202	-154.566725
36996	7.760418	-5.415766	2.105226	-0.186584	0.011243	0.985360	-69.161030	-52.815720	-154.239186
36997	7.458094	-5.319827	2.277520	-0.190833	-0.022825	0.955879	-69.538712	-52.308281	-153.901031
36998	7.186280	-5.236859	2.247032	-0.221291	-0.049561	0.906490	-69.930477	-51.830705	-153.564681
36999	7.290279	-5.272620	2.467220	-0.273895	-0.091565	0.840210	-70.356184	-51.396179	-153.221584
37000	7.436102	-5.500828	2.312253	-0.326805	-0.121681	0.803331	-70.815290	-50.985067	-152.872240
37001	7.610360	-5.758819	2.115941	-0.360612	-0.144791	0.787889	-71.297741	-50.585455	-152.516021
37002	7.986289	-6.077875	1.901738	-0.360634	-0.115482	0.783306	-71.751838	-50.180576	-152.194272
37003	7.986251	-6.352278	1.644684	-0.325912	-0.065217	0.798363	-72.149670	-49.757667	-151.918373
37004	7.844728	-6.522952	1.531540	-0.272750	-0.019690	0.810390	-72.483783	-49.318557	-151.684157
37005	8.035010	-6.423229	1.674962	-0.203632	0.022274	0.822082	-72.748895	-48.865669	-151.487538
37006	8.062053	-6.312439	1.814524	-0.178681	0.065741	0.877668	-72.978532	-48.373886	-151.317499
37007	7.887065	-6.176985	2.090308	-0.190185	0.100137	0.935817	-73.200262	-47.844627	-151.165812
37008	7.851174	-6.079361	2.241295	-0.203074	0.120437	0.989348	-73.422290	-47.281735	-151.022188
37009	7.756478	-6.134034	2.140152	-0.252212	0.150784	1.039058	-73.658859	-46.686744	-150.896062
37010	7.378524	-6.131747	2.054504	-0.285753	0.167701	1.076764	-73.906435	-46.067476	-150.779752
37011	7.075817	-6.301883	2.011506	-0.302900	0.194210	1.084386	-74.145764	-45.439961	-150.687705
37012	6.931403	-6.531901	2.094552	-0.329233	0.209121	1.055436	-74.383134	-44.825401	-150.618436
37013	6.759342	-6.490100	2.075992	-0.327337	0.221531	1.003697	-74.601684	-44.237748	-150.574008
37014	6.384558	-6.445861	2.089387	-0.354349	0.241880	0.948355	-74.813796	-43.677065	-150.560370
37015	6.137704	-6.649218	1.967322	-0.384288	0.244875	0.889113	-75.031233	-43.149103	-150.564132
37016	6.145779	-6.850577	1.881829	-0.375397	0.207871	0.819582	-75.251016	-42.664656	-150.556639
37017	6.219921	-6.890907	1.753948	-0.373881	0.212633	0.761895	-75.458426	-42.211922	-150.566492
37018	6.115797	-7.025925	1.662946	-0.367477	0.207957	0.708190	-75.655973	-41.789217	-150.585311
37019	6.084588	-7.195740	1.606052	-0.351855	0.191054	0.654708	-75.845400	-41.399112	-150.603406
37020	5.989843	-7.198805	1.460093	-0.312717	0.171090	0.608563	-76.015326	-41.036983	-150.616839
37021	5.911432	-7.201425	1.506751	-0.291194	0.148959	0.565057	-76.177839	-40.702624	-150.623211
37022	5.851249	-7.296611	1.580757	-0.271862	0.112430	0.525107	-76.341044	-40.394960	-150.611195
37023	5.838913	-7.377961	1.559895	-0.261163	0.048588	0.486441	-76.523171	-40.117912	-150.560669
37024	6.093993	-7.269326	1.670210	-0.228722	0.005984	0.451109	-76.701484	-39.865529	-150.486569
37025	6.014875	-7.262821	1.654774	-0.252735	0.030952	0.427575	-76.878525	-39.623390	-150.435902
37026	5.852734	-7.296260	1.617522	-0.230605	-0.010536	0.393752	-77.057328	-39.404802	-150.361987
37027	5.864889	-7.258994	1.652346	-0.236383	-0.027451	0.361707	-77.243090	-39.206659	-150.282292
37028	5.668911	-7.382734	1.620406	-0.234703	-0.047958	0.337695	-77.433721	-39.023728	-150.192721
37029	5.630634	-7.249766	1.586364	-0.235845	-0.049500	0.305766	-77.621841	-38.859207	-150.108157
37030	5.924150	-7.393999	1.653057	-0.236412	-0.063345	0.286845	-77.813757	-38.706134	-150.017449
37031	6.360036	-7.430585	1.718239	-0.240907	-0.056248	0.286609	-78.004496	-38.552722	-149.932762
37032	6.419512	-7.433286	1.668335	-0.251440	-0.032044	0.303712	-78.191215	-38.386038	-149.863617
37033	6.493678	-7.514781	1.694297	-0.261537	-0.023999	0.329491	-78.381997	-38.204384	-149.797308
37034	6.466267	-7.644893	1.535944	-0.278906	-0.019168	0.376813	-78.583885	-37.994861	-149.728505
37035	6.371922	-7.534687	1.513032	-0.272859	-0.039385	0.438914	-78.795828	-37.753097	-149.637671
37036	6.427304	-7.698242	1.573856	-0.291753	-0.072113	0.514750	-79.037760	-37.471477	-149.514567
37037	7.105029	-7.440380	1.759068	-0.286210	-0.068129	0.581158	-79.278734	-37.152188	-149.387293
37038	7.000192	-7.574999	1.784284	-0.340768	0.013905	0.677190	-79.521618	-36.769276	-149.307445
37039	6.987805	-7.555183	1.783937	-0.367168	0.033049	0.771348	-79.777081	-36.331518	-149.231464
37040	6.924209	-7.561212	1.771827	-0.409499	0.063397	0.875703	-80.049459	-35.831200	-149.166689
37041	6.667607	-7.699043	1.719583	-0.484064	0.065541	0.999236	-80.369958	-35.261032	-149.092196
37042	6.960223	-7.587329	1.929972	-0.501985	0.039120	1.104431	-80.714520	-34.633281	-148.992048
37043	7.029859	-7.527058	1.888667	-0.597741	0.086241	1.218504	-81.098988	-33.936490	-148.917235
37044	6.960929	-7.519286	2.098650	-0.670943	0.144028	1.321672	-81.504918	-33.175713	-148.877478
37045	6.928072	-7.473115	2.076454	-0.764394	0.210909	1.429921	-81.941850	-32.347960	-148.879108
37046	6.680836	-7.301954	1.877960	-0.877354	0.259331	1.545034	-82.427388	-31.451147	-148.910537
37047	6.176599	-7.483817	1.738075	-1.007806	0.294249	1.690015	-82.978302	-30.469660	-148.961795
37048	6.573569	-7.369634	1.781718	-1.086147	0.265732	1.814956	-83.583074	-29.419651	-148.995739
37049	6.987824	-6.949073	1.819906	-1.196573	0.221168	1.947231	-84.264322	-28.297212	-149.004440
37050	6.061399	-7.600124	1.394085	-1.451974	0.328944	2.173760	-85.057992	-27.040385	-149.085373
37051	5.701166	-8.227042	1.447190	-1.483845	0.206408	2.358123	-85.902539	-25.684548	-149.097789
37052	5.594994	-8.058347	1.154452	-1.574902	0.159937	2.536557	-86.804670	-24.229252	-149.096616
37053	5.157743	-8.317674	0.870658	-1.653382	0.102495	2.726801	-87.758717	-22.666263	-149.079453
37054	5.939249	-7.800228	0.702478	-1.627679	0.063492	2.842855	-88.696217	-21.038150	-149.064241
37055	5.917207	-7.728597	0.586757	-1.712672	0.302457	3.024338	-89.623219	-19.303350	-149.221415
37056	5.846882	-7.792684	0.305695	-1.751104	0.460884	3.198725	-90.537147	-17.472306	-149.502273
37057	4.748740	-8.042884	-0.162371	-1.840811	0.641597	3.443318	-91.472848	-15.506542	-149.921302
37058	4.172174	-7.959757	-0.297450	-1.771530	0.580947	3.605860	-92.383238	-13.454458	-150.336539
37059	3.778298	-7.819467	-1.073499	-1.851069	0.552129	3.847497	-93.350453	-11.268937	-150.772476
37060	3.188742	-7.860391	-0.935546	-1.788133	0.519001	4.080006	-94.293544	-8.958007	-151.231973
37061	2.774693	-8.118401	-1.513650	-1.812130	0.434201	4.347142	-95.270048	-6.497026	-151.691290
37062	2.516712	-7.675494	-1.561145	-1.673296	0.408867	4.523776	-96.183177	-3.943254	-152.184850
37063	1.732140	-7.679259	-1.980075	-1.664562	0.463778	4.678354	-97.110578	-1.311845	-152.759237
37064	1.023740	-7.930438	-2.320540	-1.616914	0.431904	4.842797	-98.036879	1.404088	-153.370006
37065	0.494822	-7.905049	-3.079653	-1.427834	0.296615	4.951746	-98.883543	4.185058	-153.955771
37066	1.041588	-8.521662	-2.675344	-1.209724	0.062815	4.970622	-99.624376	6.988141	-154.451387
37067	12.443281	-7.583686	2.922636	-0.034209	-0.511838	3.128772	-99.645277	8.804303	-154.462014
37068	17.088591	-6.881763	-2.464380	-0.497716	-0.279714	1.168965	-99.922460	9.488816	-154.417194
37069	26.944826	1.492297	3.425937	0.998091	0.700147	-2.375175	-99.376212	8.079670	-154.586161
37070	20.245210	-4.537432	2.644623	-0.611281	3.032188	-3.712238	-99.889329	5.686993	-155.953124
37071	11.141709	-10.051303	1.484130	0.959730	3.399185	-5.069364	-99.441575	2.496258	-157.388497
37072	7.108408	-11.067227	0.665417	1.938807	3.606308	-5.792923	-98.347206	-1.108952	-158.917222
37073	1.797514	-12.006480	-0.558447	2.823501	3.681426	-5.636395	-96.645611	-4.586388	-160.588554
37074	-1.931727	-11.632299	-0.436311	3.724659	2.890415	-5.432989	-94.361673	-7.850411	-161.947133
37075	-2.025803	-10.428283	-1.584308	4.351970	1.774676	-5.076926	-91.726009	-10.809319	-162.819077
37076	-0.818680	-9.698110	-2.128679	4.638691	1.146759	-4.626555	-88.927396	-13.469931	-163.476686
37077	0.361404	-9.118047	-2.226163	4.828184	0.553129	-4.293686	-86.049251	-15.913918	-163.915058
37078	1.767914	-7.982970	-2.491126	4.859900	0.135281	-4.073881	-83.171183	-18.236289	-164.226369
37079	4.026905	-6.727145	-2.025915	4.751753	-0.169077	-4.011578	-80.366164	-20.525125	-164.473242
37080	8.396668	-5.551110	-2.657161	4.387345	-0.261346	-4.154417	-77.728615	-22.896409	-164.803178
37081	11.221840	-4.046832	-3.113640	3.849015	0.261380	-4.304801	-75.199837	-25.259629	-165.594589
37082	11.277680	-3.783485	-3.127042	3.105861	0.760467	-4.555358	-72.852284	-27.655733	-166.866430
37083	10.429630	-4.257618	-3.495144	2.462823	1.071420	-4.850416	-70.639008	-30.103235	-168.525971
37084	8.154383	-4.607626	-3.688360	1.802066	1.162052	-4.941089	-68.625042	-32.533229	-170.412057
37085	5.937470	-4.932692	-3.940759	1.155661	0.912677	-4.827458	-66.941590	-34.896762	-172.251016
37086	4.570528	-5.202703	-3.967230	0.547419	0.441655	-4.584002	-65.689279	-37.208304	-173.845051
37087	4.571870	-5.136084	-3.733661	-0.015175	-0.144991	-4.270774	-64.949486	-39.466986	-175.051199
37088	5.942554	-5.175903	-3.275048	-0.557685	-0.654528	-3.945057	-64.735338	-41.680291	-175.871909
37089	8.075426	-5.395199	-2.536203	-1.016870	-0.979409	-3.697146	-64.955056	-43.836700	-176.406224
37090	10.487822	-5.822257	-1.609204	-1.365241	-1.074111	-3.559646	-65.440415	-45.954392	-176.827843
37091	12.306412	-6.276770	-0.941331	-1.603857	-0.921810	-3.501209	-65.991267	-48.000596	-177.331164
37092	13.010323	-6.971630	-0.466119	-1.769861	-0.672811	-3.496907	-66.481661	-49.998166	-178.026487
37093	12.868589	-7.468214	-0.328249	-1.838977	-0.451549	-3.507810	-66.846289	-51.946542	-178.913248
37094	12.299387	-7.737801	-0.209545	-1.889137	-0.362487	-3.517504	-67.138668	-53.891620	-179.905174
37095	12.321767	-7.750212	-0.110539	-1.930790	-0.403533	-3.535801	-67.436426	-55.850142	179.106468
37096	12.966294	-8.078517	0.140274	-1.997765	-0.460838	-3.554946	-67.765933	-57.842854	178.131037
37097	13.712584	-8.359708	0.585747	-2.049070	-0.442805	-3.569161	-68.057224	-59.833631	177.099651
37098	14.022769	-8.830653	0.960099	-2.054154	-0.311936	-3.542968	-68.175722	-61.792919	175.885449
37099	13.802407	-9.345310	1.359621	-2.003797	-0.156531	-3.476204	-68.044668	-63.675030	174.446670
37100	13.370841	-9.679939	1.625307	-1.844600	-0.031973	-3.378417	-67.598392	-65.483299	172.780692
37101	12.991150	-9.848018	1.835492	-1.616681	0.050520	-3.273072	-66.805147	-67.201554	170.903709
37102	12.492672	-10.003297	1.885727	-1.325353	0.042987	-3.167744	-65.693975	-68.861450	168.885242
37103	12.111166	-10.099764	1.880993	-0.971261	-0.088268	-3.091421	-64.355205	-70.489119	166.864496
37104	12.199279	-10.078272	1.902662	-0.588957	-0.266812	-3.045575	-62.798224	-72.127804	164.863308
37105	12.547613	-10.097958	1.907404	-0.204387	-0.433698	-3.007727	-60.982931	-73.765629	162.842422
37106	12.506201	-9.868150	1.901391	0.175432	-0.595808	-3.003490	-58.816006	-75.432980	160.697959
37107	12.079709	-9.418856	1.751263	0.504167	-0.705922	-2.985374	-56.161467	-77.093638	158.263092
37108	11.345221	-9.011460	1.627769	0.782853	-0.805282	-2.927206	-52.915874	-78.734207	155.401771
37109	10.600757	-8.346674	1.292422	0.993365	-0.880302	-2.803824	-48.993737	-80.300754	151.992436
37110	9.966597	-7.789747	1.107896	1.114513	-0.929132	-2.623323	-44.252290	-81.765372	147.838118
37111	9.623384	-7.146965	0.824755	1.173267	-0.964288	-2.412319	-38.523114	-83.095479	142.737319
37112	9.661456	-6.601260	0.614583	1.151594	-0.992405	-2.195148	-31.467935	-84.289208	136.302475
37113	9.535605	-6.241962	0.458608	1.062866	-1.016715	-2.006349	-22.476962	-85.333024	127.886645
37114	9.444679	-5.766395	0.277172	0.964063	-1.049596	-1.854969	-10.362674	-86.218494	116.292922
37115	9.163304	-4.889955	0.154208	0.825397	-1.015025	-1.698646	5.830765	-86.844321	100.544317
37116	8.930895	-3.803151	0.260487	0.627217	-1.034239	-1.543485	25.756779	-87.180469	80.950861
37117	9.837435	-3.298623	0.162611	0.339488	-1.024690	-1.423144	46.449690	-87.174316	60.428257
37118	10.384213	-3.102929	0.146731	0.071582	-0.906628	-1.391153	63.448546	-86.815405	43.446784
37119	10.388220	-2.661169	0.070338	-0.187101	-0.743903	-1.406927	74.633292	-86.211948	32.134348
37120	9.920104	-2.244743	-0.051994	-0.467495	-0.528565	-1.391679	80.832362	-85.494056	25.650011
37121	9.219304	-2.027495	-0.245331	-0.734775	-0.335021	-1.326149	83.838630	-84.765989	22.210559
37122	8.641315	-2.030463	-0.480755	-0.984492	-0.189328	-1.236771	85.108264	-84.068995	20.367661
37123	8.452829	-2.194733	-0.662661	-1.193859	-0.125429	-1.148821	85.568960	-83.418435	19.216247
37124	8.348195	-2.227852	-0.811365	-1.342041	-0.153731	-1.139119	85.948502	-82.772200	18.059029
37125	8.096786	-2.017388	-0.931252	-1.479536	-0.256341	-1.152810	86.535486	-82.122362	16.611951
37126	8.099236	-1.969969	-0.851593	-1.561404	-0.364568	-1.142885	87.351326	-81.477896	14.883600
37127	8.048938	-1.831500	-0.901820	-1.622572	-0.424309	-1.085767	88.145513	-80.865428	13.139257
37128	7.993651	-1.691448	-0.797502	-1.643085	-0.466248	-1.003054	88.920544	-80.296206	11.399238
37129	8.047997	-1.773077	-0.768472	-1.642688	-0.465240	-0.903501	89.538731	-79.781780	9.816165
37130	7.921351	-1.769091	-0.666544	-1.596974	-0.506924	-0.813771	90.219799	-79.314778	8.193168
37131	7.931429	-1.703580	-0.492495	-1.539010	-0.573434	-0.753531	91.021197	-78.879106	6.479210
37132	7.832901	-1.875978	-0.297450	-1.470247	-0.643662	-0.690120	91.983028	-78.472967	4.639282
37133	7.888497	-2.072532	0.023701	-1.351257	-0.701948	-0.621437	93.072639	-78.099106	2.735989
37134	7.863315	-2.201924	0.335992	-1.215899	-0.713376	-0.540690	94.205699	-77.762990	0.865146
37135	7.745414	-2.172996	0.695679	-1.053131	-0.687716	-0.454565	95.294143	-77.470401	-0.866826
37136	7.853509	-2.077587	0.856325	-0.893083	-0.656512	-0.364983	96.367544	-77.223399	-2.491029
37137	8.017738	-1.912156	0.965030	-0.759186	-0.604502	-0.309756	97.344576	-77.005441	-3.939352
37138	8.156805	-1.748490	1.083239	-0.651430	-0.527092	-0.246374	98.188646	-76.824291	-5.188655
37139	8.051261	-1.687379	1.075821	-0.559884	-0.413622	-0.180143	98.800254	-76.686803	-6.146367
37140	7.651946	-1.706648	0.930339	-0.514395	-0.306416	-0.083737	99.215835	-76.611765	-6.875845
37141	7.311263	-1.602251	0.753343	-0.477428	-0.228791	0.029599	99.498473	-76.606786	-7.447409
37142	7.197003	-1.828217	0.550718	-0.495644	-0.205712	0.143451	99.772632	-76.668238	-8.020435
37143	7.127886	-1.835265	0.600829	-0.530855	-0.217006	0.235339	100.087355	-76.779216	-8.656148
37144	19.355862	0.763073	1.442807	0.228662	-0.571566	0.032729	101.611209	-76.736435	-10.086289
37145	15.191150	11.623839	-3.563663	-0.764559	2.050925	1.905878	96.775040	-78.002695	-5.579362
37146	2.604015	0.965036	0.676227	-1.855950	3.565542	1.502321	85.804114	-78.913291	4.531741
37147	6.348736	1.611621	0.509650	0.102779	1.272676	1.606681	81.476017	-79.747725	8.995872
37148	8.772623	6.056988	-0.357192	-0.977108	2.180264	1.699917	72.711409	-80.420929	17.324898
37149	5.362284	0.670182	1.813438	-1.707469	1.561589	2.098951	63.836049	-81.208596	25.324110
37150	8.849962	0.305125	2.479738	-1.242415	0.533956	1.899875	57.721709	-82.011558	30.785099
37151	8.408305	0.214494	3.036792	-1.550094	0.750653	2.076086	48.963191	-82.710602	38.725701
37152	8.794266	-1.354655	4.634514	-1.379964	0.344033	2.200349	39.601662	-83.453537	47.359204
37153	10.476763	-2.341405	5.266244	-1.053705	0.480099	2.314754	27.584591	-83.960821	58.841290
37154	9.384448	-1.736296	5.809337	-0.635266	0.575444	2.395882	13.748745	-84.139838	72.385619
37155	9.676435	-1.625853	5.424472	-0.289877	0.497823	2.536379	-0.688991	-84.021081	86.733123
37156	9.064159	-1.125179	3.180438	0.023900	0.453819	2.627947	-14.137735	-83.566885	100.274304
37157	9.954327	-0.779785	1.165333	-0.003246	0.238310	2.751096	-26.225420	-82.891564	112.444325
37158	13.050720	-1.907855	-2.022364	-0.091699	0.354432	2.889796	-36.097989	-81.857661	122.351326
37159	11.369411	-1.968297	-1.390133	-0.302012	1.001829	2.747154	-41.809699	-80.420488	127.956500
37160	11.557542	-1.690445	0.527959	-0.640913	0.780577	2.643408	-46.468138	-79.044160	132.317229
37161	13.202521	-4.733934	2.434619	-0.672340	0.991053	2.453739	-49.375077	-77.620267	134.892074
37162	11.103054	-3.972070	3.739740	-0.422191	0.925885	2.228838	-51.376962	-76.298247	136.698518
37163	14.491466	-4.631987	4.850996	-0.305898	0.652059	2.020575	-53.175130	-75.154308	138.373182
37164	18.909930	-6.115597	0.464871	-0.217601	0.833095	1.646946	-53.948174	-74.111324	139.045589
37165	10.936732	-4.946776	1.025752	-0.153940	1.723954	0.996120	-52.510037	-73.063239	137.454650
37166	8.389856	-2.986312	3.191690	0.049647	1.081979	0.689874	-51.696203	-72.370205	136.632053
37167	9.152684	-3.259887	2.863935	-0.051218	0.751744	0.577436	-51.319149	-71.843646	136.205168
37168	7.558906	-3.008523	3.552301	0.059602	0.381621	0.458334	-51.271642	-71.501542	136.191021
37169	9.333213	-2.610547	1.938752	0.052832	-0.131748	0.356216	-51.795661	-71.389174	136.775868
37170	9.657211	-2.430099	1.620811	-0.021554	0.155843	0.349603	-51.971324	-71.175885	136.948253
37171	8.949212	-2.820096	2.150565	-0.039661	0.146369	0.348609	-52.159207	-70.967271	137.123021
37172	9.073948	-2.516053	1.972783	0.032006	0.028790	0.320020	-52.432473	-70.811517	137.431571
37173	9.466069	-2.621692	1.694280	-0.015144	0.059346	0.341573	-52.704056	-70.635921	137.710259
37174	9.385206	-2.720145	1.647937	0.001477	0.154434	0.330978	-52.834021	-70.430795	137.848925
37175	9.228111	-2.779960	1.932875	0.006705	0.190320	0.318045	-52.894712	-70.220169	137.917626
37176	9.243154	-2.827479	1.865197	0.027938	0.175120	0.298672	-52.948122	-70.022550	137.991343
37177	9.154202	-2.997572	1.907113	0.008494	0.235389	0.257335	-52.892074	-69.824083	137.937019
37178	8.831724	-3.010666	2.253757	0.043921	0.201463	0.196627	-52.807385	-69.663973	137.873452
37179	8.814905	-2.977618	2.359686	0.020089	0.099042	0.146171	-52.810435	-69.563431	137.889153
37180	9.062312	-2.784806	2.048646	0.058908	-0.000927	0.104738	-52.880301	-69.515267	137.999636
37181	9.196648	-2.743535	1.980693	0.008375	0.075031	0.110257	-52.885742	-69.439428	138.010739
37182	8.887702	-2.909346	2.261428	-0.009697	0.058267	0.106011	-52.923228	-69.370188	138.044730
37183	8.997948	-2.832391	2.117995	0.009120	-0.027775	0.086012	-53.030468	-69.340902	138.165082
37184	9.041437	-2.856535	2.140998	-0.028763	-0.024601	0.076769	-53.152074	-69.313512	138.277329
37185	9.022073	-2.941494	2.071149	-0.031049	-0.065481	0.050664	-53.295458	-69.313200	138.411748
37186	9.193075	-2.811220	1.989618	-0.026455	-0.069092	0.042621	-53.438581	-69.316517	138.548420
37187	9.121834	-2.838927	1.931609	-0.042016	-0.026323	0.043086	-53.533640	-69.306128	138.624468
37188	9.120255	-2.834532	1.982648	-0.036017	-0.011632	0.035944	-53.606073	-69.292809	138.679725
37189	8.979545	-2.870981	2.160596	-0.064001	-0.004486	0.033286	-53.678110	-69.279450	138.717705
37190	9.073160	-2.859058	2.000042	-0.042703	-0.062513	0.026787	-53.808168	-69.287540	138.830483
37191	9.244883	-2.862746	1.853422	-0.054551	-0.023291	0.034546	-53.898787	-69.279904	138.894120
37192	9.086113	-2.818317	1.930656	-0.045545	0.029343	0.041467	-53.931196	-69.250086	138.900753
37193	9.096671	-2.715959	1.981289	-0.031841	0.026014	0.072238	-53.981875	-69.208326	138.935612
37194	9.046205	-2.942182	2.040227	-0.060942	0.061208	0.082985	-54.020885	-69.148541	138.939867
37195	9.058243	-3.034178	1.913113	-0.044354	0.034252	0.031347	-54.032310	-69.122954	138.925066
37196	9.147809	-2.902333	1.984289	-0.060656	0.058121	-0.000376	-54.001346	-69.102848	138.854597
37197	8.969349	-2.840341	2.063607	-0.057662	0.061833	0.008065	-53.966490	-69.078755	138.782086
37198	9.291419	-2.820450	1.836800	-0.053590	0.053040	0.040006	-53.973421	-69.041631	138.756498
37199	8.957445	-2.986712	2.041112	-0.071185	0.157789	0.041130	-53.859981	-68.969816	138.591475
37200	9.038224	-2.995122	2.084846	-0.053022	0.070253	0.026308	-53.834238	-68.933200	138.531195
37201	9.111259	-2.966700	1.932839	-0.046479	0.096438	0.004276	-53.748978	-68.899060	138.411447
37202	8.998899	-2.858167	2.230422	-0.053654	0.103324	0.027273	-53.685379	-68.850732	138.310158
37203	8.912745	-2.950877	2.137695	-0.028207	0.054118	0.052861	-53.683333	-68.808441	138.290803
37204	9.029773	-2.850420	2.072557	0.010860	0.039684	0.070368	-53.696600	-68.761778	138.311559
37205	9.131240	-3.102853	1.984574	0.000968	0.052189	0.079207	-53.703149	-68.707977	138.319353
37206	9.054568	-2.979575	2.111933	0.047171	0.048184	0.057764	-53.674516	-68.664247	138.317472
37207	9.072964	-2.923292	2.074906	0.040888	0.036382	0.069270	-53.668261	-68.620399	138.336080
37208	9.135236	-3.011562	2.049297	0.047456	0.029377	0.081404	-53.682114	-68.572134	138.380004
37209	9.132971	-3.109914	1.990326	0.043647	0.026618	0.066719	-53.683446	-68.532776	138.408474
37210	9.091423	-2.992499	2.051591	0.048996	0.027185	0.050198	-53.671944	-68.499654	138.426114
37211	9.102348	-3.064161	2.033402	0.048902	0.025855	0.038000	-53.646372	-68.473814	138.428915
37212	9.053722	-2.989694	2.124226	0.046034	0.040803	0.025750	-53.599660	-68.447344	138.406877
37213	9.073440	-2.972120	2.081295	0.042186	0.013577	0.023526	-53.579880	-68.432355	138.411769
37214	9.072540	-2.973347	2.083464	0.038256	0.007866	0.021972	-53.572867	-68.418822	138.427622
37215	9.117895	-3.000471	2.056975	0.032541	0.001046	0.021118	-53.571150	-68.409207	138.445996
37216	9.098288	-2.944796	2.060239	0.033759	0.014468	0.016826	-53.554604	-68.395800	138.448824
37217	9.031017	-2.989504	2.079247	0.029346	0.022428	0.023862	-53.532194	-68.377644	138.442975
37218	9.101857	-2.977503	2.081833	0.040289	0.020408	0.023864	-53.511080	-68.358973	138.444909
37219	9.054125	-2.994870	2.108704	0.039731	0.026260	0.022817	-53.477426	-68.339990	138.433363
37220	9.112667	-3.006805	2.070845	0.037263	0.018831	0.023727	-53.459800	-68.321919	138.437182
37221	9.165690	-2.988674	2.016509	0.034107	0.018001	0.019737	-53.436342	-68.307168	138.433138
37222	9.091242	-2.994334	2.074139	0.026633	0.036621	0.015424	-53.397176	-68.286849	138.407212
37223	9.095709	-3.025186	2.094175	0.026955	0.032982	0.014828	-53.356365	-68.269233	138.380078
37224	8.988151	-3.072955	2.156927	0.021041	0.006129	0.005655	-53.347295	-68.263822	138.383091
37225	9.103557	-2.937539	2.072313	0.036913	-0.010405	-0.006395	-53.332635	-68.270797	138.390247
37226	9.115772	-3.047439	2.047590	0.006719	0.022446	-0.005118	-53.303724	-68.264748	138.363066
37227	9.070489	-2.936170	2.086043	0.035385	0.012847	-0.008248	-53.261541	-68.264612	138.339651
37228	9.008475	-2.957847	2.179336	0.006424	0.033256	-0.001023	-53.223926	-68.252968	138.302911
37229	8.990559	-2.909690	2.129269	0.028859	0.010436	0.005198	-53.199836	-68.247478	138.294947
37230	9.022902	-2.867825	2.126658	0.023008	0.050222	0.026027	-53.156557	-68.217585	138.262332
37231	8.925136	-2.977463	2.224426	0.030108	0.051041	0.040185	-53.115320	-68.182096	138.236668
37232	9.004552	-2.930646	2.145887	0.043148	0.033557	0.044059	-53.095219	-68.149655	138.241435
37233	9.063102	-2.995683	2.052116	0.035713	0.052895	0.045776	-53.053627	-68.110957	138.218838
37234	9.032491	-2.936772	2.147585	0.051188	0.071578	0.052789	-52.993243	-68.061422	138.185146
37235	8.995780	-2.983507	2.161305	0.049405	0.064744	0.062121	-52.944630	-68.011144	138.163422
37236	8.999384	-3.027065	2.131728	0.053131	0.079885	0.065465	-52.884963	-67.952922	138.131674
37237	8.920518	-3.026641	2.248001	0.051413	0.076651	0.057834	-52.818495	-67.900465	138.091908
37238	9.051777	-2.995230	2.165010	0.062678	0.048706	0.050665	-52.776196	-67.859766	138.084786
37239	9.078091	-2.977445	2.092323	0.056980	0.077836	0.057309	-52.705187	-67.807109	138.043533
37240	9.046917	-3.012134	2.127829	0.060908	0.084336	0.064859	-52.636503	-67.747564	138.006800
37241	9.090389	-2.959501	2.118918	0.068338	0.101712	0.076684	-52.549488	-67.677738	137.955247
37242	9.016826	-2.999250	2.201335	0.071781	0.128500	0.090056	-52.447838	-67.591302	137.889552
37243	8.956509	-3.024235	2.271342	0.073829	0.119559	0.091321	-52.351406	-67.508527	137.831154
37244	8.916107	-3.021920	2.347472	0.072292	0.108405	0.093995	-52.275916	-67.427261	137.794013
37245	8.946036	-3.037594	2.294669	0.064471	0.089039	0.091339	-52.219012	-67.355126	137.772556
37246	9.007365	-3.044022	2.284663	0.058300	0.087381	0.093248	-52.174316	-67.281544	137.760057
37247	8.963460	-3.063526	2.283736	0.052694	0.086331	0.093640	-52.129437	-67.209306	137.744301
37248	9.024726	-3.070639	2.273514	0.053226	0.087746	0.098129	-52.091677	-67.133379	137.736154
37249	8.940241	-3.051592	2.319970	0.043348	0.099789	0.100589	-52.043911	-67.053252	137.711433
37250	8.886851	-3.116721	2.348422	0.036729	0.080885	0.098803	-52.023764	-66.979435	137.712133
37251	8.898139	-3.025399	2.351113	0.039276	0.080445	0.098195	-51.997222	-66.907201	137.707916
37252	8.799004	-3.063192	2.403932	0.032581	0.055053	0.099060	-52.007054	-66.842374	137.738628
37253	8.906151	-3.047199	2.420145	0.027647	0.031516	0.105291	-52.044589	-66.784185	137.796866
37254	9.025113	-3.090343	2.290307	0.028519	0.021300	0.109681	-52.100593	-66.726423	137.875323
37255	8.978168	-3.144959	2.333316	0.015363	0.043472	0.121994	-52.145712	-66.656435	137.934208
37256	8.906037	-3.196881	2.352754	0.018385	0.029131	0.113056	-52.201386	-66.594343	138.006051
37257	8.999110	-3.186039	2.256437	0.020652	0.023542	0.097511	-52.243872	-66.542397	138.065425
37258	8.892204	-3.225764	2.339394	0.017677	0.051538	0.087371	-52.255333	-66.484041	138.088672
37259	8.921854	-3.232682	2.333895	0.019520	0.027930	0.072051	-52.273047	-66.442076	138.120366
37260	8.970039	-3.191144	2.264980	0.020675	0.044270	0.062085	-52.269894	-66.397717	138.129553
37261	8.952780	-3.210553	2.283263	0.022892	0.055335	0.051723	-52.240883	-66.355352	138.112378
37262	8.829007	-3.188533	2.368965	0.029247	0.077920	0.044042	-52.183698	-66.307357	138.067931
37263	8.788157	-3.171814	2.492763	0.023173	0.058774	0.034795	-52.137659	-66.271431	138.032322
37264	8.896335	-3.182178	2.381851	0.020027	0.034725	0.028324	-52.117890	-66.245702	138.022954
37265	8.894505	-3.184243	2.385921	0.031745	0.038268	0.031980	-52.085916	-66.218252	138.008064
37266	8.904481	-3.162451	2.430243	0.028450	0.024553	0.043163	-52.083658	-66.189392	138.023102
37267	8.936776	-3.217754	2.366037	0.019004	0.016241	0.039926	-52.087924	-66.166103	138.039841
37268	8.910176	-3.218035	2.344709	0.027865	0.023975	0.044660	-52.087744	-66.136769	138.056787
37269	8.845988	-3.104899	2.501084	0.025364	0.015836	0.049503	-52.096350	-66.109293	138.082265
37270	8.962233	-3.063901	2.409842	0.002590	-0.014995	0.065625	-52.166952	-66.084175	138.160801
37271	8.930418	-3.194109	2.374583	-0.014630	0.003836	0.084583	-52.238280	-66.045011	138.229843
37272	8.981206	-3.176082	2.371623	-0.004612	-0.011011	0.097517	-52.333670	-66.003965	138.331034
37273	9.013496	-3.195971	2.308140	-0.004750	0.007360	0.114644	-52.418815	-65.949842	138.421447
37274	8.911255	-3.163728	2.341431	0.001178	0.021052	0.142318	-52.512519	-65.877132	138.524506
37275	8.856077	-3.181251	2.419088	-0.000495	0.010006	0.154927	-52.622885	-65.803636	138.645330
37276	8.790339	-3.181912	2.459430	0.000436	0.014384	0.166056	-52.740797	-65.722275	138.774588
37277	8.761353	-3.162675	2.562837	-0.019467	-0.014671	0.182190	-52.906323	-65.644657	138.944163
37278	8.823607	-3.336132	2.368996	-0.037557	-0.034917	0.177463	-53.102537	-65.574772	139.135656
37279	8.941087	-3.337998	2.290023	-0.022011	-0.032207	0.175286	-53.279874	-65.505894	139.316798
37280	8.916825	-3.287346	2.341366	-0.024109	-0.003287	0.183246	-53.438754	-65.422049	139.475935
37281	8.887823	-3.321411	2.386201	-0.030983	-0.013330	0.187044	-53.608911	-65.340891	139.643753
37282	8.852289	-3.419591	2.353408	-0.027364	-0.002303	0.191119	-53.772304	-65.252704	139.806014
37283	8.823866	-3.339534	2.389317	-0.026015	-0.004049	0.183665	-53.925656	-65.169576	139.958686
37284	8.859795	-3.252826	2.459274	-0.034154	-0.014224	0.206265	-54.113598	-65.077991	140.143941
37285	8.808457	-3.368360	2.437778	-0.065589	-0.025222	0.232540	-54.343569	-64.978812	140.356347
37286	8.776099	-3.438306	2.351643	-0.055222	-0.039558	0.233932	-54.585494	-64.882167	140.588164
37287	8.859134	-3.394796	2.338049	-0.060346	-0.038947	0.238685	-54.826981	-64.783913	140.816952
37288	8.915183	-3.339563	2.354391	-0.066993	-0.034081	0.258917	-55.083941	-64.672915	141.058319
37289	8.807163	-3.556686	2.345729	-0.093278	-0.027804	0.281445	-55.358760	-64.550025	141.303535
37290	8.625046	-3.709626	2.323487	-0.078262	-0.016823	0.253069	-55.596679	-64.435259	141.517118
37291	8.531773	-3.579113	2.433467	-0.056224	-0.027980	0.215160	-55.801447	-64.342928	141.708649
37292	8.589807	-3.520233	2.449611	-0.068585	-0.054508	0.199086	-56.031518	-64.265159	141.920012
37293	8.721764	-3.585584	2.366112	-0.075611	-0.064573	0.193022	-56.266093	-64.194394	142.132563
37294	8.706492	-3.657263	2.333583	-0.073856	-0.062938	0.178672	-56.491581	-64.128296	142.335739
37295	8.767666	-3.678055	2.306182	-0.071501	-0.060563	0.172605	-56.704315	-64.065310	142.526866
37296	8.757797	-3.715225	2.224769	-0.063363	-0.048688	0.161940	-56.896951	-64.002111	142.700407
37297	8.728579	-3.665487	2.306594	-0.055090	-0.039016	0.152920	-57.064682	-63.941298	142.852119
37298	8.683226	-3.608802	2.331481	-0.064141	-0.046888	0.161653	-57.254154	-63.877204	143.021822
37299	8.703236	-3.629065	2.348327	-0.063631	-0.057000	0.165882	-57.451046	-63.815265	143.200732
37300	8.867605	-3.614880	2.294921	-0.083275	-0.079638	0.185118	-57.696465	-63.749350	143.420765
37301	8.979034	-3.657921	2.258463	-0.098457	-0.078125	0.222874	-57.967203	-63.665557	143.660000
37302	8.975902	-3.721382	2.210677	-0.108559	-0.064591	0.261811	-58.256392	-63.556889	143.913044
37303	8.839050	-3.697513	2.244716	-0.114661	-0.055675	0.294448	-58.553834	-63.430370	144.172189
37304	8.717766	-3.683473	2.335723	-0.131463	-0.060970	0.324009	-58.884709	-63.289003	144.457738
37305	8.730385	-3.699666	2.277980	-0.146401	-0.080449	0.352052	-59.252343	-63.140138	144.775774
37306	8.786698	-3.681775	2.357151	-0.167015	-0.085757	0.394633	-59.661115	-62.969517	145.126627
37307	8.703737	-3.767772	2.303650	-0.206821	-0.100709	0.441476	-60.124794	-62.780104	145.514641
37308	8.885265	-3.821637	2.280040	-0.217688	-0.116039	0.481866	-60.629164	-62.572098	145.941613
37309	8.964569	-3.865742	2.338933	-0.257347	-0.101936	0.564298	-61.175821	-62.318448	146.392074
37310	8.904427	-4.093586	2.191539	-0.277676	-0.061704	0.671834	-61.745402	-61.996310	146.855948
37311	8.945601	-4.089557	2.197035	-0.293641	-0.064238	0.752806	-62.351682	-61.633010	147.353088
37312	9.240970	-4.188023	2.185139	-0.295627	-0.075423	0.845734	-63.003332	-61.221451	147.901870
37313	9.624195	-4.384614	2.151972	-0.304567	-0.066649	0.941384	-63.675889	-60.757011	148.471554
37314	9.789319	-4.383125	2.177321	-0.282985	-0.005000	1.055733	-64.314275	-60.213749	149.018424
37315	9.166759	-4.332259	2.131284	-0.306617	0.092991	1.158600	-64.898158	-59.591660	149.490415
37316	8.933955	-4.535415	2.182606	-0.293464	0.108675	1.203769	-65.461221	-58.938695	149.949437
37317	8.729319	-4.518904	2.172769	-0.294299	0.137008	1.253921	-65.996456	-58.251935	150.379151
37318	8.447706	-4.670006	2.130972	-0.302169	0.149230	1.295063	-66.523799	-57.537471	150.796848
37319	8.262584	-4.721029	2.175404	-0.301930	0.146594	1.310045	-67.036015	-56.815002	151.200698
37320	8.127547	-4.929525	2.129651	-0.310895	0.157563	1.312292	-67.529114	-56.085769	151.578134
37321	8.037173	-4.994322	2.143742	-0.298206	0.166157	1.298780	-67.984095	-55.361405	151.922151
37322	7.965614	-5.128756	2.211489	-0.299668	0.182818	1.282026	-68.409056	-54.639680	152.230807
37323	7.759090	-5.233182	2.067583	-0.309703	0.213499	1.249257	-68.791432	-53.929064	152.483394
37324	7.631924	-5.601136	1.976701	-0.311037	0.224545	1.230161	-69.152025	-53.224180	152.709507
37325	7.589707	-5.640949	2.025550	-0.268018	0.205786	1.173698	-69.473874	-52.553848	152.920726
37326	7.511004	-5.700000	1.846720	-0.271343	0.213899	1.138546	-69.776463	-51.898794	153.106265
37327	7.507132	-5.979959	1.867667	-0.246826	0.198866	1.107815	-70.057843	-51.263969	153.285099
37328	7.668932	-5.873481	1.950527	-0.206591	0.209132	1.077216	-70.297522	-50.641822	153.440658
37329	7.483138	-5.977492	1.955864	-0.214536	0.240516	1.059627	-70.509516	-50.024084	153.556576
37330	7.338030	-6.084135	1.919276	-0.187860	0.240124	1.042159	-70.700202	-49.414282	153.664744
37331	7.478949	-6.222094	2.054801	-0.177964	0.244820	1.028329	-70.873193	-48.812185	153.758899
37332	7.368976	-6.133123	1.991861	-0.163781	0.269099	1.015907	-71.019264	-48.210774	153.827877
37333	7.172361	-6.314499	2.009267	-0.161108	0.272353	1.008792	-71.155612	-47.613839	153.887432
37334	7.208976	-6.257817	2.151256	-0.146531	0.269126	0.991575	-71.281721	-47.025419	153.943968
37335	6.937595	-6.287428	2.066126	-0.159013	0.296077	0.979875	-71.392998	-46.439664	153.971885
37336	7.048018	-6.454441	2.088469	-0.159163	0.280527	0.965383	-71.510773	-45.863251	154.007895
37337	6.977052	-6.515425	2.207626	-0.152954	0.305476	0.951983	-71.605102	-45.290882	154.017488
37338	7.029913	-6.484285	2.302246	-0.143409	0.329579	0.936856	-71.679091	-44.721059	154.005033
37339	6.844001	-6.587834	2.293998	-0.165353	0.361672	0.921479	-71.743400	-44.155166	153.961794
37340	6.733431	-6.619050	2.315200	-0.158182	0.377936	0.902216	-71.793691	-43.595566	153.902668
37341	6.410314	-6.662067	2.152662	-0.209653	0.362272	0.898534	-71.879204	-43.042125	153.852453
37342	6.274448	-6.831763	2.221564	-0.191881	0.308398	0.882880	-71.980751	-42.505543	153.839134
37343	6.510453	-6.688880	2.289732	-0.215361	0.336753	0.864024	-72.076216	-41.975547	153.797826
37344	6.273644	-7.002141	2.165937	-0.225089	0.323491	0.851793	-72.183236	-41.453301	153.763849
37345	6.270115	-7.092030	2.099662	-0.210534	0.332541	0.842306	-72.274005	-40.936002	153.718754
37346	6.172589	-7.186758	2.127802	-0.226210	0.323958	0.823085	-72.376452	-40.429428	153.676034
37347	6.232182	-7.422586	2.183853	-0.197385	0.299382	0.786629	-72.466414	-39.948394	153.640434
37348	5.919679	-7.105015	2.138100	-0.192310	0.307173	0.758222	-72.547409	-39.480248	153.593633
37349	5.760359	-7.363790	2.019441	-0.196669	0.298448	0.744621	-72.631093	-39.022422	153.548053
37350	5.724763	-7.405587	1.957411	-0.160912	0.253100	0.718880	-72.712384	-38.585105	153.529469
37351	5.786212	-7.398382	2.007945	-0.144187	0.246697	0.706346	-72.783160	-38.157116	153.510656
37352	5.858863	-7.598231	2.051462	-0.136563	0.233102	0.687397	-72.854404	-37.740434	153.498007
37353	5.836646	-7.547361	2.074216	-0.107655	0.244278	0.667643	-72.899852	-37.334079	153.471625
37354	5.651348	-7.725438	1.949092	-0.099677	0.240814	0.659102	-72.942858	-36.931604	153.446915
37355	5.580209	-7.717792	1.951315	-0.060547	0.201452	0.642503	-72.975700	-36.546242	153.444090
37356	5.507457	-7.704688	2.008417	-0.043463	0.187059	0.626316	-73.004251	-36.170738	153.448798
37357	5.642507	-7.793510	2.142278	-0.015283	0.172817	0.610121	-73.018408	-35.807916	153.458260
37358	5.398186	-7.633576	2.158218	-0.004710	0.186786	0.589827	-73.020311	-35.452431	153.455365
37359	5.396344	-7.672123	2.204331	0.002008	0.164109	0.577614	-73.023898	-35.108878	153.463843
37360	5.492461	-7.728457	2.269549	0.002710	0.162620	0.562814	-73.027674	-34.772220	153.471561
37361	5.435880	-7.704013	2.350854	-0.001767	0.158546	0.542592	-73.031335	-34.448789	153.476504
37362	5.458533	-7.735241	2.386591	-0.006963	0.164842	0.531797	-73.036148	-34.128752	153.476336
37363	5.388963	-7.825719	2.363879	-0.016183	0.166725	0.519925	-73.042391	-33.816376	153.471202
37364	5.331053	-7.807010	2.366929	-0.021735	0.158378	0.502520	-73.054710	-33.513465	153.469296
37365	5.296972	-7.829537	2.395678	-0.029788	0.158286	0.495041	-73.069044	-33.216137	153.464616
37366	5.246322	-7.860520	2.379116	-0.032087	0.153972	0.480063	-73.086344	-32.926272	153.460932
37367	5.237830	-7.848489	2.417444	-0.040978	0.153886	0.468323	-73.105718	-32.644327	153.453645
37368	5.217397	-7.943893	2.428471	-0.045098	0.156531	0.454347	-73.126762	-32.368139	153.442997
37369	5.261188	-7.896642	2.413068	-0.055205	0.155968	0.447340	-73.151319	-32.097358	153.430033
37370	4.984184	-7.960525	2.409340	-0.061727	0.154349	0.435268	-73.180622	-31.832012	153.416825
37371	4.965966	-7.831847	2.348892	-0.064287	0.154752	0.433388	-73.209345	-31.569096	153.401692
37372	4.930875	-7.953908	2.368728	-0.073073	0.150485	0.430819	-73.245958	-31.306838	153.389831
37373	4.806243	-7.948304	2.371183	-0.077223	0.143034	0.433109	-73.285920	-31.046024	153.381864
37374	4.790803	-7.966154	2.361987	-0.085307	0.129677	0.428790	-73.336077	-30.788310	153.382534
37375	4.963831	-8.082485	2.430525	-0.091382	0.123919	0.428005	-73.389697	-30.533445	153.385322
37376	4.932056	-8.129452	2.431148	-0.097287	0.127684	0.422130	-73.446426	-30.279713	153.385423
37377	4.799471	-8.106175	2.351351	-0.100034	0.122411	0.421777	-73.504577	-30.028511	153.387402
37378	4.809492	-8.270296	2.328833	-0.106934	0.109408	0.412746	-73.571423	-29.782906	153.396704
37379	4.748564	-8.245437	2.352748	-0.104233	0.097573	0.408453	-73.638185	-29.543041	153.411252
37380	4.700504	-8.168124	2.363347	-0.103784	0.091265	0.395397	-73.706869	-29.309876	153.428087
37381	4.669568	-8.181996	2.435610	-0.112142	0.091035	0.385847	-73.777688	-29.083465	153.441875
37382	4.480369	-8.059919	2.439268	-0.122402	0.088668	0.376787	-73.855700	-28.860918	153.456189
37383	4.615161	-8.212597	2.522737	-0.141496	0.081495	0.365252	-73.943961	-28.647328	153.471465
37384	4.519564	-8.124629	2.468787	-0.151756	0.079132	0.356192	-74.039362	-28.437589	153.487203
37385	4.261902	-7.915893	2.456868	-0.166541	0.087228	0.351795	-74.138622	-28.230470	153.495627
37386	4.417192	-8.124508	2.430617	-0.203738	0.065966	0.366464	-74.267969	-28.017068	153.520454
37387	4.582212	-8.325845	2.500331	-0.218826	0.046027	0.370279	-74.410192	-27.806094	153.556779
37388	4.573039	-8.344646	2.474218	-0.235897	0.029890	0.365400	-74.567547	-27.598704	153.602603
37389	4.489024	-8.305503	2.413090	-0.264859	0.021584	0.365604	-74.741903	-27.393845	153.651906
37390	4.558878	-8.378056	2.491220	-0.285814	0.005081	0.363610	-74.933752	-27.190933	153.711257
37391	4.453997	-8.444611	2.394416	-0.313002	-0.008226	0.359277	-75.142563	-26.993698	153.776323
37392	4.317297	-8.487652	2.355892	-0.337666	-0.036044	0.356223	-75.373888	-26.800506	153.858124
37393	4.112702	-8.472188	2.227625	-0.362143	-0.080254	0.347192	-75.628797	-26.619845	153.963970
37394	3.830343	-8.392692	2.118470	-0.387259	-0.142969	0.338966	-75.915515	-26.450636	154.107229
37395	3.430762	-8.307610	1.971820	-0.418648	-0.233976	0.332893	-76.242614	-26.298172	154.303948
37396	3.300157	-8.197625	1.901264	-0.445310	-0.350571	0.342091	-76.617932	-26.153606	154.574030
37397	3.411154	-8.294390	1.885196	-0.482105	-0.469099	0.344149	-77.044257	-26.023253	154.915711
37398	3.352050	-8.295793	1.866085	-0.515150	-0.579512	0.358141	-77.520405	-25.894924	155.327349
37399	3.341201	-8.365895	1.801456	-0.553728	-0.702031	0.362218	-78.049245	-25.777601	155.813199
37400	3.292965	-8.392880	1.715061	-0.590335	-0.819204	0.356593	-78.630119	-25.671004	156.370446
37401	3.225135	-8.496726	1.609341	-0.636342	-0.956083	0.352923	-79.271150	-25.577932	157.009997
37402	3.358048	-8.546601	1.540085	-0.651204	-1.081619	0.344416	-79.953705	-25.494085	157.726145
37403	3.570194	-8.611304	1.507970	-0.687890	-1.179508	0.326366	-80.679954	-25.423822	158.499102
37404	3.771273	-8.654356	1.443017	-0.704630	-1.242536	0.315523	-81.431952	-25.354333	159.309810
37405	3.990553	-8.745807	1.389578	-0.728341	-1.288633	0.299272	-82.206591	-25.290059	160.145610
37406	4.251371	-8.807672	1.306381	-0.729490	-1.293315	0.283235	-82.982180	-25.222997	160.982365
37407	4.394814	-8.810845	1.220618	-0.722414	-1.235028	0.268797	-83.735015	-25.152241	161.779086
37408	4.634765	-8.957060	1.278428	-0.728965	-1.160484	0.258056	-84.470777	-25.071832	162.527378
37409	4.632997	-9.753236	1.801003	-0.699728	-0.960105	0.294987	-85.134429	-24.953718	163.149134
37410	3.752674	-11.538906	3.397497	-0.453184	-0.694244	0.403683	-85.587236	-24.753716	163.607714
37411	3.339665	-12.278856	4.230281	0.061379	-0.760217	0.425969	-85.759796	-24.543578	164.106177
37412	3.726138	-12.259761	4.571897	0.542554	-0.731396	0.461364	-85.648111	-24.309498	164.587788
37413	3.737874	-12.251988	4.903906	1.051464	-0.648399	0.480570	-85.221814	-24.064965	165.018105
37414	4.739442	-12.177159	4.411616	1.525473	-0.603641	0.388790	-84.509602	-23.871975	165.417628
37415	5.424540	-11.544774	4.054817	1.909316	-0.406541	0.236429	-83.524100	-23.761909	165.686602
37416	5.448929	-10.969223	3.636805	2.181718	-0.233244	0.059152	-82.333628	-23.742644	165.836619
37417	5.014793	-10.319719	3.079358	2.386892	-0.064548	-0.113167	-80.977977	-23.812553	165.866621
37418	4.420784	-9.994386	2.675951	2.511763	0.018569	-0.243169	-79.522849	-23.946053	165.829795
37419	4.231834	-9.825876	2.251597	2.622762	0.021426	-0.356257	-77.996946	-24.144264	165.773322
37420	4.223637	-9.351178	1.760324	2.656789	0.022187	-0.409765	-76.444738	-24.368403	165.703155
37421	3.971670	-8.826032	1.321046	2.609766	0.057614	-0.417068	-74.907917	-24.592181	165.603311
37422	3.559250	-8.345203	1.062249	2.483059	0.058926	-0.392977	-73.441156	-24.797607	165.500370
37423	3.214484	-8.085568	0.885662	2.306206	0.027123	-0.342597	-72.085863	-24.980905	165.420122
37424	3.016034	-7.831795	0.789632	2.092000	-0.039422	-0.275212	-70.873126	-25.135589	165.388917
37425	3.001751	-7.617488	0.789949	1.849744	-0.115205	-0.189909	-69.825264	-25.260694	165.417390
37426	3.080413	-7.422504	0.880026	1.585069	-0.194490	-0.069556	-68.959294	-25.335172	165.517765
37427	3.256181	-7.262515	0.975260	1.318129	-0.252391	0.047555	-68.272484	-25.362970	165.677956
37428	3.485922	-7.112305	1.097315	1.043723	-0.286379	0.150874	-67.761668	-25.342181	165.882727
37429	3.772668	-7.095483	1.259367	0.785245	-0.296264	0.242394	-67.410933	-25.278960	166.115080
37430	4.089275	-7.202074	1.421021	0.541222	-0.266127	0.301692	-67.198503	-25.176321	166.344961
37431	4.378758	-7.289559	1.665541	0.337259	-0.215622	0.325054	-67.092457	-25.053129	166.550764
37432	4.586736	-7.337329	1.904839	0.161231	-0.134271	0.325545	-67.067076	-24.909403	166.709762
37433	4.657789	-7.448957	2.064143	0.024463	-0.051518	0.308745	-67.097439	-24.758410	166.815809
37434	4.684577	-7.659928	2.159449	-0.078809	0.023505	0.277675	-67.165578	-24.604835	166.870903
37435	4.624135	-7.757086	2.237917	-0.149442	0.083662	0.248418	-67.256111	-24.455493	166.883112
37436	4.487195	-7.894650	2.287309	-0.191688	0.110017	0.213686	-67.361391	-24.316599	166.871842
37437	4.283096	-7.956073	2.354302	-0.203255	0.119067	0.178237	-67.467055	-24.196553	166.845960
37438	4.120363	-7.995237	2.388135	-0.195944	0.109526	0.144568	-67.568056	-24.094491	166.817878
37439	4.011094	-8.067783	2.461341	-0.169587	0.087119	0.117437	-67.655978	-24.013710	166.795588
37440	3.886221	-8.159653	2.463677	-0.125537	0.048448	0.099986	-67.726792	-23.948694	166.792057
37441	3.830810	-8.178169	2.521648	-0.070118	0.010126	0.090497	-67.773212	-23.898952	166.807850
37442	3.730993	-8.206100	2.556456	-0.000176	-0.042473	0.079946	-67.791697	-23.864290	166.852234
37443	3.759459	-8.203335	2.563720	0.068619	-0.081650	0.081386	-67.779241	-23.839253	166.919053
37444	3.765899	-8.173806	2.582026	0.147189	-0.127768	0.088890	-67.734179	-23.818371	167.015032
37445	3.735325	-8.100284	2.585740	0.227686	-0.167057	0.091403	-67.651493	-23.806697	167.133740
37446	3.814956	-8.103655	2.548085	0.304274	-0.211685	0.095815	-67.536763	-23.800729	167.280018
37447	3.831631	-8.076885	2.547242	0.376850	-0.253709	0.094186	-67.389112	-23.807047	167.449557
37448	3.826869	-8.023239	2.465226	0.441526	-0.297266	0.084875	-67.214771	-23.826480	167.642694
37449	3.838507	-7.899442	2.444275	0.500138	-0.337054	0.066545	-67.013325	-23.866903	167.853611
37450	3.809879	-7.832616	2.412139	0.535038	-0.387701	0.052454	-66.803611	-23.924978	168.090889
37451	3.826096	-7.706348	2.391802	0.565490	-0.427273	0.031182	-66.582604	-24.005879	168.344848
37452	3.862600	-7.558136	2.349657	0.575728	-0.465087	0.014693	-66.364474	-24.103158	168.616998
37453	3.922609	-7.495853	2.352220	0.566217	-0.483535	0.004637	-66.154196	-24.212713	168.896289
37454	4.021884	-7.475097	2.371791	0.542396	-0.491844	-0.007158	-65.960083	-24.329500	169.177923
37455	4.063558	-7.410910	2.381536	0.504065	-0.489298	-0.013869	-65.785725	-24.451797	169.455458
37456	4.094908	-7.437544	2.430878	0.455374	-0.488274	-0.020394	-65.640277	-24.576252	169.731388
37457	4.103250	-7.475432	2.530392	0.396377	-0.476605	-0.026518	-65.524250	-24.703423	169.998207
37458	4.174770	-7.544484	2.592250	0.337225	-0.463493	-0.032739	-65.440372	-24.829486	170.256694
37459	4.203126	-7.476335	2.690173	0.269630	-0.449645	-0.036239	-65.390499	-24.956001	170.505608
37460	4.203232	-7.460362	2.794692	0.203870	-0.419071	-0.044377	-65.372150	-25.077995	170.735788
37461	4.217230	-7.489569	2.838044	0.130711	-0.394893	-0.039596	-65.389245	-25.193326	170.952723
37462	4.432212	-7.648259	2.970224	0.060501	-0.362014	-0.036098	-65.441056	-25.297337	171.152739
37463	4.560494	-7.658206	3.035739	-0.000672	-0.305147	-0.029495	-65.513364	-25.385730	171.321151
37464	4.580022	-7.639634	3.071673	-0.061912	-0.235548	-0.029725	-65.605525	-25.456053	171.450388
37465	4.760429	-7.638144	3.082527	-0.119238	-0.149765	-0.028363	-65.707824	-25.506681	171.529745
37466	4.870433	-7.648732	3.085042	-0.178042	-0.063088	-0.031198	-65.823747	-25.536888	171.559141
37467	4.955483	-7.599527	3.046325	-0.232422	0.031059	-0.034483	-65.945211	-25.548100	171.532367
37468	4.955671	-7.533732	2.934644	-0.286993	0.116563	-0.038363	-66.077928	-25.540224	171.455829
