// General information: 
//  MT Manager version: 2022.2.0 
//  XDA version: 2022.2.0 build 7381 rev 124627 built on 2023-07-19
// Device information: 
//  DeviceId: 00B4BB4F
//  ProductCode: MTW2-3A7G6
//  Firmware Version: 4.6.0
//  Hardware Version: 2.0.0
// Device settings: 
//  Filter Profile: human(46.1)
//  Option Flags: Orientation Smoother Disabled, Position/Velocity Smoother Disabled, Continuous Zero Rotation Update Disabled, AHS Disabled, ICC Disabled
// Coordinate system: ENU
PacketCounter	Acc_X	Acc_Y	Acc_Z	Gyr_X	Gyr_Y	Gyr_Z	Roll	Pitch	Yaw
31594	9.144655	-2.760668	1.769407	-0.008415	-0.007777	-0.017899	-57.114903	-70.346052	-8.534726
31595	9.205392	-2.764857	1.726491	-0.011714	-0.017169	-0.011197	-57.134323	-70.357543	-8.520896
31596	9.168828	-2.750649	1.769561	-0.013828	-0.015265	-0.016811	-57.148182	-70.371274	-8.515112
31597	9.203669	-2.763358	1.746761	-0.012491	-0.021575	-0.020942	-57.165540	-70.388823	-8.503946
31598	9.193473	-2.739639	1.768752	-0.011973	-0.018202	-0.020677	-57.178593	-70.405238	-8.496971
31599	9.208628	-2.759058	1.718495	-0.012585	-0.016155	-0.016802	-57.192327	-70.419108	-8.489711
31600	9.232239	-2.749797	1.720244	-0.008574	-0.013278	-0.018278	-57.198981	-70.432869	-8.487980
31601	9.172783	-2.743223	1.760570	-0.012038	-0.007321	-0.014274	-57.202658	-70.442779	-8.491063
31602	9.204197	-2.757151	1.762759	-0.005205	-0.013814	-0.018143	-57.208034	-70.456629	-8.489216
31603	9.188380	-2.761529	1.709637	-0.012679	-0.010737	-0.012660	-57.218126	-70.466822	-8.485881
31604	9.203924	-2.729518	1.711602	-0.007577	-0.014251	-0.014530	-57.228852	-70.479058	-8.478594
31605	9.217235	-2.775437	1.734349	-0.007695	-0.012035	-0.018138	-57.233073	-70.492293	-8.478459
31606	9.187173	-2.758645	1.729558	-0.007331	-0.014165	-0.018267	-57.240394	-70.506305	-8.473910
31607	9.186342	-2.731869	1.679775	-0.006574	-0.012966	-0.016265	-57.246890	-70.518926	-8.470679
31608	9.177404	-2.733840	1.751058	-0.008184	-0.009947	-0.016132	-57.250613	-70.530570	-8.470631
31609	9.181296	-2.731251	1.725489	-0.003596	-0.016831	-0.018263	-57.258932	-70.545351	-8.463658
31610	9.209604	-2.746348	1.751343	-0.007457	-0.016467	-0.010910	-57.276064	-70.556540	-8.448524
31611	9.193801	-2.750733	1.697858	-0.004477	-0.018072	-0.018389	-57.286502	-70.571766	-8.439840
31612	9.211152	-2.743515	1.747641	-0.009607	-0.020022	-0.018773	-57.302463	-70.587812	-8.428481
31613	9.210411	-2.716525	1.697317	-0.006481	-0.018382	-0.020383	-57.312757	-70.604094	-8.421169
31614	9.185151	-2.723872	1.716616	-0.006820	-0.010792	-0.017990	-57.315201	-70.616870	-8.421115
31615	9.166141	-2.729159	1.687711	-0.006211	-0.015095	-0.016379	-57.324375	-70.630203	-8.414827
31616	9.209374	-2.713221	1.717068	-0.007578	-0.014251	-0.014507	-57.335264	-70.642426	-8.407289
31617	9.183979	-2.721019	1.736496	-0.004574	-0.012654	-0.014249	-57.342044	-70.653976	-8.402547
31618	9.187775	-2.718874	1.710482	-0.003985	-0.024678	-0.009420	-57.369583	-70.666981	-8.376530
31619	9.222327	-2.732161	1.687730	-0.003693	-0.013672	-0.008640	-57.382225	-70.676137	-8.365040
31620	9.219651	-2.732561	1.710553	-0.003693	-0.013672	-0.008639	-57.395330	-70.685352	-8.352765
31621	9.205207	-2.762872	1.705848	-0.001689	-0.013360	-0.006642	-57.408177	-70.693446	-8.339843
31622	9.196009	-2.713698	1.656169	-0.003206	-0.015758	-0.010636	-57.422241	-70.704297	-8.326871
31623	9.248844	-2.746533	1.733749	-0.003206	-0.015758	-0.010634	-57.435772	-70.715057	-8.314146
31624	9.224850	-2.727957	1.680724	0.002164	-0.013717	-0.013991	-57.440645	-70.726854	-8.308329
31625	9.220497	-2.702635	1.655612	-0.001302	-0.007770	-0.009988	-57.442642	-70.734837	-8.306670
31626	9.191779	-2.711919	1.699979	-0.000423	-0.006527	-0.009860	-57.442880	-70.742432	-8.306624
31627	9.215109	-2.703020	1.702324	-0.003452	-0.013584	-0.012369	-57.452052	-70.753358	-8.298670
31628	9.200736	-2.733181	1.697592	-0.003812	-0.013716	-0.006761	-57.466750	-70.761650	-8.285612
31629	9.246974	-2.716528	1.702706	-0.003964	-0.016957	-0.012624	-57.480682	-70.773737	-8.272927
31630	9.205000	-2.730050	1.670338	-0.005458	-0.013896	-0.014359	-57.489868	-70.785728	-8.266017
31631	9.251316	-2.712899	1.675765	-0.003949	-0.009236	-0.015841	-57.490266	-70.796991	-8.267657
31632	9.191933	-2.706852	1.716436	-0.008189	-0.012211	-0.010614	-57.502305	-70.806730	-8.260340
31633	9.226446	-2.719628	1.694453	-0.000827	-0.007592	-0.017456	-57.497207	-70.818267	-8.265906
31634	9.235063	-2.741251	1.693398	-0.001208	-0.013183	-0.014105	-57.503463	-70.829928	-8.258373
31635	9.230773	-2.715659	1.668077	0.001036	-0.012781	-0.015847	-57.505935	-70.842286	-8.254794
31636	9.228322	-2.715171	1.691378	0.001415	-0.007190	-0.019196	-57.497810	-70.854552	-8.260721
31637	9.224047	-2.689147	1.666586	0.003908	-0.008963	-0.019200	-57.490342	-70.867353	-8.265921
31638	9.224613	-2.687321	1.666397	0.007561	0.001514	-0.018306	-57.467158	-70.876494	-8.284712
31639	9.210166	-2.716737	1.663557	0.001968	0.007099	-0.014430	-57.442636	-70.882040	-8.309138
31640	9.199310	-2.693524	1.688447	0.005590	0.004398	-0.012569	-57.421670	-70.887514	-8.326499
31641	9.230352	-2.707675	1.692319	0.000246	0.007809	-0.006956	-57.403779	-70.889227	-8.344950
31642	9.196539	-2.692844	1.713797	0.007087	0.001339	-0.010832	-57.388054	-70.894825	-8.354677
31643	9.238768	-2.728841	1.693230	0.004105	0.005195	-0.008830	-57.369911	-70.898246	-8.371054
31644	9.226025	-2.680506	1.669553	0.006329	0.000139	-0.012825	-57.354267	-70.905140	-8.381404
31645	9.262227	-2.718395	1.697153	0.008572	0.000541	-0.014567	-57.334910	-70.912764	-8.396356
31646	9.234768	-2.700516	1.670546	0.012457	0.011108	-0.017408	-57.296353	-70.918545	-8.429957
31647	9.239999	-2.722862	1.696135	0.016706	0.011826	-0.017157	-57.254254	-70.923916	-8.464041
31648	9.227311	-2.673504	1.673669	0.017940	0.013201	-0.022628	-57.204933	-70.931487	-8.503375
31649	9.205174	-2.627573	1.724375	0.019980	0.024436	-0.016130	-57.144269	-70.932428	-8.555114
31650	9.190495	-2.656864	1.723226	0.014092	0.013553	-0.015278	-57.103351	-70.936355	-8.588090
31651	9.224588	-2.669412	1.704018	0.013363	0.015552	-0.009548	-57.064756	-70.936869	-8.620489
31652	9.198591	-2.677528	1.726729	0.010748	0.017279	-0.007677	-57.027165	-70.935950	-8.652791
31653	9.227572	-2.666469	1.683426	0.012246	0.014222	-0.005938	-56.994318	-70.935130	-8.679786
31654	9.229289	-2.691007	1.733537	0.010628	0.017236	-0.005808	-56.958678	-70.933358	-8.711285
31655	9.250085	-2.657113	1.690605	0.011889	0.021812	-0.003557	-56.917654	-70.929011	-8.747148
31656	9.205932	-2.697876	1.734789	0.009023	0.025711	-0.003425	-56.873346	-70.923386	-8.786990
31657	9.226713	-2.663999	1.692019	0.014000	0.016712	-0.005675	-56.836305	-70.921636	-8.817362
31658	9.220150	-2.665659	1.742739	0.013149	0.026389	-0.001299	-56.790660	-70.914757	-8.856134
31659	9.256994	-2.678124	1.700169	0.012139	0.019641	-0.001809	-56.754158	-70.910221	-8.887065
31660	9.199716	-2.671920	1.720264	0.014780	0.028837	0.000829	-56.706196	-70.901535	-8.927216
31661	9.236751	-2.632559	1.730239	0.011784	0.034950	-0.002644	-56.648025	-70.892563	-8.981296
31662	9.218341	-2.664308	1.754338	0.012777	0.028520	-0.001158	-56.599989	-70.884956	-9.024255
31663	9.243877	-2.655051	1.736179	0.010275	0.022572	0.002062	-56.564131	-70.877610	-9.055640
31664	9.248403	-2.679086	1.762494	0.010264	0.017110	-0.000188	-56.533897	-70.873058	-9.081061
31665	9.231633	-2.684730	1.712785	0.010769	0.020484	0.000071	-56.498861	-70.867311	-9.111279
31666	9.220024	-2.662521	1.739138	0.009643	0.021411	-0.001794	-56.461857	-70.862199	-9.143812
31667	9.261908	-2.699054	1.720643	0.014385	0.020044	-0.003524	-56.422112	-70.858296	-9.176823
31668	9.230755	-2.683282	1.719773	0.016887	0.025991	-0.006736	-56.370275	-70.854115	-9.221922
31669	9.216067	-2.661297	1.770776	0.016629	0.022699	-0.010722	-56.319045	-70.852783	-9.265732
31670	9.215737	-2.711951	1.721726	0.018752	0.023060	-0.010586	-56.266535	-70.851275	-9.309019
31671	9.261236	-2.694535	1.731308	0.019379	0.026476	-0.012190	-56.207217	-70.849413	-9.359723
31672	9.218823	-2.656100	1.755248	0.020385	0.033226	-0.011669	-56.139180	-70.845213	-9.418289
31673	9.223491	-2.678369	1.783255	0.027251	0.034472	-0.018724	-56.058422	-70.843863	-9.486916
31674	9.195701	-2.660152	1.759521	0.021383	0.036764	-0.018859	-55.978429	-70.841974	-9.560215
31675	9.226526	-2.672761	1.767036	0.023879	0.037247	-0.024312	-55.890671	-70.842320	-9.638299
31676	9.187514	-2.632230	1.767196	0.024748	0.030778	-0.020956	-55.814579	-70.843209	-9.705906
31677	9.241144	-2.636845	1.777967	0.021130	0.038935	-0.020575	-55.729557	-70.841168	-9.782761
31678	9.192223	-2.651539	1.799225	0.018757	0.035277	-0.024691	-55.647459	-70.842233	-9.856099
31679	9.180788	-2.627176	1.826881	0.020001	0.032146	-0.019213	-55.573610	-70.841675	-9.921811
31680	9.187318	-2.623095	1.781741	0.016377	0.027123	-0.017872	-55.510532	-70.842143	-9.976816
31681	9.195377	-2.644533	1.784581	0.013248	0.023227	-0.010809	-55.460531	-70.840465	-10.021378
31682	9.195441	-2.642920	1.786640	0.014379	0.013620	-0.018902	-55.415839	-70.845747	-10.057791
31683	9.198949	-2.640131	1.764056	0.007382	0.014581	-0.015460	-55.376575	-70.849053	-10.094542
31684	9.215316	-2.632370	1.817312	0.015876	0.010569	-0.017155	-55.336995	-70.854528	-10.124516
31685	9.218918	-2.629453	1.794430	0.008386	0.010400	-0.019437	-55.299063	-70.861055	-10.159247
31686	9.215910	-2.628673	1.819652	0.009756	0.007310	-0.015830	-55.268576	-70.866959	-10.183555
31687	9.234155	-2.594941	1.799534	0.005887	0.004452	-0.016233	-55.243121	-70.873907	-10.206592
31688	9.188874	-2.609713	1.793331	0.006130	0.007752	-0.012246	-55.217165	-70.877969	-10.230574
31689	9.208519	-2.601384	1.821764	0.005257	0.006505	-0.012378	-55.192893	-70.882425	-10.252742
31690	9.171402	-2.639425	1.815386	0.005385	-0.001169	-0.011026	-55.180879	-70.888897	-10.263130
31691	9.220480	-2.621214	1.798455	0.004129	0.005181	-0.008784	-55.162425	-70.892092	-10.279822
31692	9.243454	-2.612129	1.802277	0.002886	0.000596	-0.011038	-55.149213	-70.897910	-10.291570
31693	9.198181	-2.627432	1.795357	0.004257	-0.002493	-0.007432	-55.142369	-70.902980	-10.295896
31694	9.239077	-2.586395	1.777999	0.000260	0.002321	-0.009187	-55.130146	-70.907420	-10.309497
31695	9.218043	-2.618744	1.823161	0.000509	0.000154	-0.007451	-55.121830	-70.911631	-10.317652
31696	9.221504	-2.617128	1.799157	0.002127	0.002610	-0.005322	-55.112071	-70.914145	-10.324955
31697	9.221580	-2.616675	1.799425	0.003250	0.001689	-0.003453	-55.103881	-70.915973	-10.331316
31698	9.218336	-2.617224	1.823860	0.002127	0.002610	-0.005322	-55.093645	-70.918394	-10.339803
31699	9.216852	-2.591888	1.775558	-0.002372	0.001802	-0.001876	-55.090015	-70.919444	-10.344747
31700	9.221715	-2.615646	1.800229	0.003745	0.005066	-0.003194	-55.077561	-70.920067	-10.354037
31701	9.221668	-2.615393	1.800839	0.001119	0.006792	-0.001344	-55.065657	-70.919230	-10.365618
31702	9.195518	-2.624452	1.821959	-0.000377	0.002129	0.000126	-55.062917	-70.919300	-10.367217
31703	9.224840	-2.614354	1.777512	0.000991	0.006753	0.000519	-55.052907	-70.917600	-10.376873
31704	9.226289	-2.639203	1.826648	0.002496	0.005948	-0.003200	-55.039906	-70.918001	-10.390570
31705	9.221323	-2.615311	1.802723	-0.002009	0.002896	0.005707	-55.041777	-70.915130	-10.389473
31706	9.221134	-2.615616	1.803248	0.000614	0.008882	0.000645	-55.029739	-70.912807	-10.403497
31707	9.217636	-2.616799	1.828006	0.003612	0.002783	0.004131	-55.027048	-70.910712	-10.403819
31708	9.209613	-2.646087	1.776647	-0.000377	0.002129	0.000126	-55.023980	-70.910744	-10.406940
31709	9.217456	-2.617069	1.828527	0.000368	0.003338	0.002122	-55.020489	-70.909410	-10.410075
31710	9.197913	-2.624352	1.801225	0.003740	0.002822	0.002269	-55.016496	-70.908219	-10.409386
31711	9.212366	-2.593496	1.804812	-0.001882	0.002935	0.003845	-55.016478	-70.906209	-10.410211
31712	9.205754	-2.648182	1.801905	-0.002138	0.002858	0.007570	-55.020744	-70.902496	-10.404616
31713	9.212052	-2.594338	1.805203	0.001001	0.001286	-0.001729	-55.016022	-70.903645	-10.408671
31714	9.197404	-2.625629	1.801965	-0.000384	-0.000115	0.005588	-55.021228	-70.901901	-10.404160
31715	9.251050	-2.632657	1.808991	0.000377	-0.002129	-0.000127	-55.023015	-70.903419	-10.401706
31716	9.220085	-2.617840	1.805380	0.001618	0.002456	0.002129	-55.020317	-70.902371	-10.402028
31717	9.211813	-2.595003	1.805471	0.001618	0.002456	0.002129	-55.017316	-70.901324	-10.403889
31718	9.223241	-2.617168	1.781659	0.001994	0.000327	0.002003	-55.017057	-70.901067	-10.403238
31719	9.208356	-2.596230	1.829920	0.000873	0.001247	0.000133	-55.014227	-70.901354	-10.405368
31720	9.223114	-2.617500	1.781828	-0.000384	-0.000115	0.005588	-55.019805	-70.899649	-10.399280
31721	9.223014	-2.617723	1.782021	0.007240	0.002342	0.000554	-55.012242	-70.899379	-10.402558
31722	9.222876	-2.617885	1.782496	-0.001386	0.006312	0.004105	-55.008176	-70.896259	-10.408107
31723	9.242138	-2.611133	1.810450	0.001866	0.000289	0.003866	-55.009618	-70.895108	-10.405114
31724	9.222576	-2.618501	1.783141	0.002114	0.005833	0.002389	-55.002182	-70.892821	-10.409980
31725	9.227243	-2.642697	1.808036	-0.000008	0.005468	0.002249	-54.996148	-70.890727	-10.416036
31726	9.218970	-2.619791	1.808244	0.001746	0.002494	0.000267	-54.991936	-70.890670	-10.419459
31727	9.241649	-2.611773	1.812022	0.000368	0.003338	0.002123	-54.988453	-70.889336	-10.422587
31728	9.210635	-2.596966	1.808653	0.001746	0.002494	0.000267	-54.983886	-70.889184	-10.425419
31729	9.225399	-2.618066	1.760851	0.002491	0.003703	0.002263	-54.978826	-70.887663	-10.428928
31730	9.195884	-2.628151	1.806040	0.001874	0.002532	-0.001596	-54.972414	-70.888449	-10.436283
31731	9.221866	-2.619215	1.785766	0.003107	0.004874	0.006123	-54.969080	-70.884732	-10.437593
31732	9.237704	-2.613432	1.838277	0.003860	0.008327	0.002658	-54.957590	-70.881550	-10.447725
31733	9.190508	-2.604823	1.783566	0.004236	0.006198	0.002531	-54.948413	-70.879082	-10.454534
31734	9.221300	-2.619809	1.787814	0.001370	0.004624	0.000394	-54.941574	-70.878261	-10.461539
31735	9.248754	-2.635786	1.816160	0.003363	0.004951	0.002398	-54.934460	-70.876266	-10.466693
31736	9.221038	-2.619968	1.788934	0.004365	0.006236	0.000669	-54.924330	-70.874766	-10.472368
31737	9.217557	-2.621028	1.813645	0.002490	0.003704	0.002264	-54.919279	-70.873244	-10.475868
31738	9.212657	-2.597022	1.789770	0.003620	0.005026	-0.001327	-54.908757	-70.873021	-10.484101
31739	9.217364	-2.620924	1.814775	0.003115	0.007118	0.000662	-54.897213	-70.871124	-10.494095
31740	9.223962	-2.618886	1.767148	0.001122	0.006791	-0.001342	-54.885576	-70.870300	-10.505394
31741	9.236567	-2.613655	1.843662	0.002619	0.003741	0.000402	-54.878634	-70.869637	-10.510818
31742	9.217080	-2.620700	1.816541	0.001122	0.006791	-0.001342	-54.867408	-70.868868	-10.520420
31743	9.216992	-2.620610	1.817120	0.004741	0.004106	0.000544	-54.858894	-70.868018	-10.526221
31744	9.216841	-2.620860	1.817523	0.000110	0.003264	0.005849	-54.859809	-70.865075	-10.525419
31745	9.211895	-2.597043	1.793660	0.004494	0.006273	-0.001192	-54.846862	-70.864323	-10.536063
31746	9.193791	-2.629299	1.815000	0.001359	0.002381	0.005857	-54.848028	-70.861632	-10.534403
31747	9.247328	-2.636441	1.822463	0.001617	0.002457	0.002131	-54.845043	-70.860582	-10.536247
31748	9.211484	-2.597711	1.794802	0.003363	0.004951	0.002400	-54.838560	-70.858664	-10.539691
31749	9.167269	-2.639127	1.836569	0.000991	-0.000958	0.003734	-54.842065	-70.857990	-10.535044
31750	9.242191	-2.613029	1.799016	0.002243	0.005871	0.000529	-54.832893	-70.856622	-10.543516
31751	9.220807	-2.646079	1.844295	0.002498	-0.001765	0.000016	-54.833089	-70.857956	-10.541458
31752	9.188421	-2.606279	1.792170	0.000368	0.003339	0.002124	-54.830232	-70.856781	-10.546176
31753	9.242087	-2.613015	1.799569	-0.000991	0.000957	-0.003734	-54.825188	-70.858973	-10.551780
31754	9.215898	-2.622190	1.820387	0.001358	0.002382	0.005857	-54.826356	-70.856257	-10.549142
31755	9.233813	-2.590250	1.799603	0.002628	-0.001728	-0.001847	-54.824656	-70.858451	-10.549013
31756	9.193060	-2.630516	1.816940	-0.001508	0.000808	0.003718	-54.828053	-70.857346	-10.545521
31757	9.215738	-2.622674	1.820500	0.001993	0.000327	0.002005	-54.827608	-70.857058	-10.544449
31758	9.215666	-2.622820	1.820651	0.002866	0.001574	0.002140	-54.825509	-70.856313	-10.543088
31759	9.230152	-2.591940	1.824230	0.003610	0.002784	0.004137	-54.822850	-70.854216	-10.543378
31760	9.215446	-2.623194	1.821226	0.002995	0.001612	0.000277	-54.819239	-70.854381	-10.542165
31761	9.241551	-2.614195	1.800609	-0.001002	-0.001284	0.001729	-54.822421	-70.854755	-10.539069
31762	9.203873	-2.601384	1.845094	0.002369	-0.001802	0.001879	-54.824917	-70.855330	-10.535674
31763	9.204125	-2.653710	1.793636	-0.000129	-0.000037	0.001863	-54.826044	-70.855229	-10.534224
31764	9.207192	-2.600716	1.820753	0.001496	-0.003050	0.001745	-54.830283	-70.856184	-10.528673
31765	9.218672	-2.622996	1.796675	-0.000258	-0.000075	0.003726	-54.833306	-70.855223	-10.525294
31766	9.195580	-2.579145	1.844492	0.003618	-0.002685	0.001887	-54.836366	-70.856129	-10.521914
31767	9.223494	-2.647407	1.820231	-0.002247	-0.013581	0.002685	-54.857768	-70.860110	-10.500288
31768	9.272469	-2.630566	1.802193	-0.002878	-0.003815	0.003324	-54.867408	-70.860625	-10.491092
31769	9.184495	-2.610202	1.814921	0.001989	-0.007383	0.005219	-54.880430	-70.861373	-10.475767
31770	9.215380	-2.625585	1.818114	0.000365	-0.004371	0.005338	-54.890909	-70.861169	-10.464584
31771	9.215364	-2.625974	1.817631	0.000869	-0.006463	0.003349	-54.901556	-70.862488	-10.452452
31772	9.233358	-2.594212	1.796228	-0.001629	-0.004698	0.003333	-54.911738	-70.863302	-10.441617
31773	9.241434	-2.617746	1.796045	-0.002262	-0.002643	0.007186	-54.922660	-70.861563	-10.431093
31774	9.207003	-2.604483	1.816322	0.000734	-0.001032	0.007461	-54.930111	-70.859227	-10.424054
31775	9.241077	-2.619122	1.795873	0.000358	0.001098	0.007588	-54.934855	-70.856066	-10.418480
31776	9.237441	-2.620998	1.820144	-0.004520	0.002425	0.011157	-54.944373	-70.850872	-10.411264
31777	9.240595	-2.620667	1.796100	0.000745	0.001209	0.001997	-54.943443	-70.850297	-10.411462
31778	9.209521	-2.606152	1.792636	0.003354	0.002708	0.007864	-54.944905	-70.846622	-10.410726
31779	9.240115	-2.621871	1.796811	0.000352	0.006567	0.009838	-54.944394	-70.840606	-10.410718
31780	9.205550	-2.608532	1.817873	0.001988	0.005795	0.004256	-54.938942	-70.837510	-10.415456
31781	9.216807	-2.631024	1.794503	0.001859	0.005758	0.006119	-54.935140	-70.833504	-10.418019
31782	9.209769	-2.633510	1.843592	0.001109	0.010018	0.006372	-54.927161	-70.828031	-10.421485
31783	9.250498	-2.646000	1.775562	0.003237	0.004912	0.004264	-54.921958	-70.825174	-10.424695
31784	9.204483	-2.610402	1.820590	0.002732	0.007005	0.006255	-54.916061	-70.820659	-10.428631
31785	9.212293	-2.634059	1.821496	-0.000768	0.007488	0.007968	-54.913190	-70.815217	-10.431802
31786	9.211979	-2.634709	1.822145	0.000610	0.006641	0.006113	-54.909287	-70.810982	-10.435130
31787	9.229718	-2.603282	1.801805	0.000855	0.004475	0.007851	-54.909436	-70.806587	-10.434118
31788	9.222895	-2.658114	1.799189	-0.000393	0.005358	0.007843	-54.909634	-70.802036	-10.435224
31789	9.214472	-2.635798	1.799478	0.002978	0.004837	0.007994	-54.908214	-70.797454	-10.434586
31790	9.233588	-2.629305	1.827697	0.001859	0.005758	0.006122	-54.904904	-70.793532	-10.436598
31791	9.210562	-2.637824	1.824797	0.000740	0.006679	0.004250	-54.898750	-70.790099	-10.442331
31792	9.236474	-2.629264	1.804709	-0.000264	0.005395	0.005980	-54.897246	-70.786331	-10.440956
31793	9.213460	-2.637861	1.801642	0.002233	0.003628	0.005997	-54.895994	-70.783085	-10.440593
31794	9.209917	-2.639085	1.826229	0.001374	0.004623	0.000396	-54.888669	-70.782228	-10.450605
31795	9.235909	-2.630245	1.806175	0.002862	0.007041	0.004394	-54.880954	-70.778608	-10.456704
31796	9.183352	-2.648756	1.847960	-0.003261	0.003787	0.005702	-54.882816	-70.775496	-10.455362
31797	9.238903	-2.630153	1.782757	-0.001753	0.002977	0.001982	-54.880931	-70.774345	-10.458087
31798	9.228629	-2.633243	1.855507	0.000370	0.003339	0.002126	-54.877865	-70.773047	-10.459959
31799	9.200959	-2.617661	1.827967	0.002232	0.003628	0.005998	-54.876617	-70.769800	-10.459591
31800	9.204157	-2.617113	1.804180	0.003611	0.002781	0.004142	-54.874465	-70.767724	-10.456975
31801	9.231427	-2.633582	1.832450	-0.002517	0.004996	0.007702	-54.875711	-70.763227	-10.456847
31802	9.205056	-2.643136	1.853326	0.001862	0.000289	0.003872	-54.877628	-70.762144	-10.452799
31803	9.230982	-2.634735	1.833031	0.000350	0.006568	0.009845	-54.877145	-70.756125	-10.452763
31804	9.203221	-2.619429	1.805593	0.000240	0.003303	0.003991	-54.876168	-70.754069	-10.454908
31805	9.211156	-2.642899	1.806031	0.000484	0.001136	0.005729	-54.879014	-70.751770	-10.451266
31806	9.230356	-2.636329	1.833895	0.001358	0.002382	0.005864	-54.880191	-70.749040	-10.448308
31807	9.207418	-2.644728	1.830661	0.000370	0.003339	0.002126	-54.876743	-70.747702	-10.451400
31808	9.210662	-2.644134	1.806745	-0.000765	0.002020	0.005720	-54.879821	-70.745104	-10.443397
31809	9.202403	-2.621533	1.806710	0.002736	0.001534	0.004008	-54.879216	-70.743480	-10.442042
31810	9.210312	-2.644900	1.807404	0.002864	0.007041	0.004397	-54.871856	-70.739938	-10.448551
31811	9.206741	-2.646118	1.832058	0.001619	0.002455	0.002135	-54.868889	-70.738887	-10.450376
31812	9.190608	-2.652497	1.780622	0.003237	0.004911	0.004271	-54.864259	-70.735975	-10.447570
31813	9.206399	-2.646704	1.832930	0.002363	0.003665	0.004135	-54.861134	-70.733589	-10.449112
31814	9.229038	-2.638993	1.836693	0.001861	0.000288	0.003874	-54.862999	-70.732565	-10.448317
31815	9.220803	-2.616291	1.836701	0.002363	0.003665	0.004136	-54.859874	-70.730178	-10.449858
31816	9.197846	-2.624668	1.833575	0.002363	0.003665	0.004136	-54.857100	-70.727877	-10.452173
31817	9.235401	-2.638011	1.789284	0.000744	0.001209	0.002000	-54.856179	-70.727301	-10.452362
31818	9.200902	-2.624426	1.810151	0.000107	0.008736	0.008110	-54.851957	-70.721414	-10.453645
31819	9.205394	-2.648772	1.834988	0.002123	0.000362	0.000144	-54.849632	-70.721986	-10.454484
31820	9.197180	-2.625992	1.835021	0.000984	0.004512	0.005992	-54.848592	-70.718593	-10.455030
31821	9.216567	-2.671546	1.811682	0.001488	0.002419	0.004001	-54.847513	-70.716680	-10.454935
31822	9.226399	-2.616751	1.791155	0.003870	0.008323	0.002669	-54.836792	-70.713602	-10.463490
31823	9.188544	-2.603833	1.836293	0.000371	0.003340	0.002127	-54.833354	-70.712263	-10.466571
31824	9.204511	-2.650297	1.837215	-0.002760	0.007166	0.005966	-54.830868	-70.707958	-10.469831
31825	9.233929	-2.640648	1.792983	0.004747	0.004099	0.000552	-54.822424	-70.707106	-10.475560
31826	9.192618	-2.628850	1.862196	-0.001643	0.006245	0.007840	-54.821750	-70.702153	-10.477585
31827	9.203819	-2.651692	1.838671	-0.003393	0.003754	0.007569	-54.825047	-70.698129	-10.475816
31828	9.218312	-2.621178	1.842230	0.001487	0.002419	0.004002	-54.824629	-70.696219	-10.471007
31829	9.229616	-2.643740	1.818600	-0.004510	0.004675	0.005695	-54.825569	-70.692769	-10.472414
31830	9.198539	-2.629325	1.815042	-0.004137	0.002545	0.005568	-54.829775	-70.690317	-10.473509
31831	9.194947	-2.630764	1.839370	-0.001883	0.002942	0.003848	-54.829786	-70.688303	-10.474305
31832	9.198195	-2.630277	1.815409	-0.000767	0.002021	0.005722	-54.833017	-70.685960	-10.473607
31833	9.225417	-2.646976	1.843386	-0.004027	0.000341	0.009172	-54.842744	-70.682311	-10.465409
31834	9.174980	-2.639765	1.811913	-0.002889	0.001660	0.005578	-54.847373	-70.679994	-10.460259
31835	9.197573	-2.632334	1.815581	-0.005384	0.003430	0.005560	-54.850349	-70.677018	-10.460040
31836	9.231594	-2.647075	1.795532	-0.000395	0.005360	0.007852	-54.850409	-70.672568	-10.466454
31837	9.216376	-2.626672	1.844091	-0.000395	0.005360	0.007852	-54.850103	-70.667882	-10.466683
31838	9.193227	-2.635600	1.841045	-0.001906	0.006172	0.011574	-54.853661	-70.661342	-10.465869
31839	9.219070	-2.627731	1.820726	-0.003284	0.001550	0.011175	-54.863216	-70.656355	-10.457402
31840	9.204016	-2.659895	1.817446	-0.006655	0.002075	0.011022	-54.873773	-70.651181	-10.447820
31841	9.195590	-2.638125	1.817218	-0.002300	0.000592	0.014917	-54.887544	-70.644755	-10.434286
31842	9.226004	-2.654527	1.821208	-0.004160	0.005775	0.013298	-54.894634	-70.637487	-10.428448
31843	9.194720	-2.640757	1.817798	-0.001665	0.004004	0.013316	-54.901975	-70.630686	-10.421343
31844	9.217024	-2.634215	1.821718	-0.004423	0.005702	0.017031	-54.912744	-70.621691	-10.411997
31845	9.201683	-2.666935	1.818943	-0.007289	0.009604	0.017143	-54.919415	-70.611251	-10.409018
31846	9.200996	-2.616347	1.870737	-0.004797	0.002363	0.014903	-54.932729	-70.604276	-10.395084
31847	9.200602	-2.670115	1.819746	-0.008536	0.010490	0.017137	-54.938915	-70.593547	-10.393375
31848	9.222856	-2.663564	1.823959	-0.003152	0.007057	0.011574	-54.942180	-70.586644	-10.389346
31849	9.218906	-2.665803	1.848819	-0.010765	0.012336	0.013389	-54.943684	-70.577065	-10.393957
31850	9.171540	-2.605746	1.845363	-0.006628	0.009789	0.007817	-54.941725	-70.571087	-10.400258
31851	9.152912	-2.639060	1.866331	-0.018917	0.001060	0.015890	-54.965223	-70.564045	-10.386499
31852	9.209583	-2.647153	1.848736	-0.016454	-0.008424	0.019119	-55.003326	-70.558623	-10.353974
31853	9.160189	-2.666031	1.864631	-0.016692	-0.006255	0.017384	-55.036635	-70.553277	-10.328456
31854	9.212373	-2.650055	1.822266	-0.015952	-0.010517	0.017128	-55.075601	-70.549636	-10.299089
31855	9.228062	-2.697986	1.821707	-0.015176	-0.001598	0.015925	-55.100461	-70.543438	-10.281610
31856	9.234531	-2.697575	1.773177	-0.009281	0.003812	0.012886	-55.112905	-70.537087	-10.273851
31857	9.219112	-2.678099	1.821600	-0.008294	0.008318	0.018893	-55.123367	-70.526242	-10.267460
31858	9.214961	-2.680945	1.846591	-0.001416	0.012765	0.019598	-55.125137	-70.513711	-10.266601
31859	9.194928	-2.689535	1.819822	-0.000413	0.008579	0.015605	-55.127683	-70.504327	-10.263817
31860	9.209062	-2.660180	1.824251	-0.001785	0.014896	0.019731	-55.127212	-70.491055	-10.264498
31861	9.212831	-2.685961	1.849927	0.002963	0.013516	0.018027	-55.123511	-70.478914	-10.266289
31862	9.161920	-2.679468	1.819700	-0.000540	0.014010	0.019743	-55.123321	-70.465853	-10.264238
31863	9.188522	-2.697239	1.848896	0.000972	0.013198	0.016017	-55.119331	-70.454761	-10.267545
31864	9.184363	-2.699772	1.874234	-0.001285	0.012804	0.017740	-55.119166	-70.443065	-10.268314
31865	9.182694	-2.676208	1.826719	-0.001528	0.009505	0.013737	-55.119395	-70.434255	-10.268663
31866	9.178594	-2.678646	1.851896	0.000839	0.013160	0.017890	-55.117743	-70.422345	-10.268242
31867	9.215761	-2.693128	1.808335	0.000352	0.006561	0.009880	-55.117233	-70.416312	-10.268233
31868	9.154735	-2.688914	1.850029	-0.001896	0.011637	0.013870	-55.115635	-70.406968	-10.274607
31869	9.199834	-2.674394	1.858044	0.000085	0.006486	0.013618	-55.118819	-70.399203	-10.270841
31870	9.150277	-2.692340	1.875465	-0.002783	0.004925	0.011465	-55.124085	-70.392989	-10.265319
31871	9.199025	-2.676605	1.858870	-0.004773	0.004608	0.009450	-55.128691	-70.387799	-10.262997
31872	9.149655	-2.694092	1.875980	0.001722	0.000242	0.005753	-55.132640	-70.385954	-10.259091
31873	9.183746	-2.708840	1.855657	-0.003771	0.000421	0.005451	-55.138518	-70.384014	-10.254809
31874	9.187126	-2.708155	1.831573	-0.000367	0.002131	0.000131	-55.136225	-70.384152	-10.255649
31875	9.210017	-2.699993	1.835238	0.002893	-0.001664	-0.005590	-55.130887	-70.388086	-10.259221
31876	9.206684	-2.700411	1.859470	0.003404	0.001711	-0.005320	-55.120998	-70.390832	-10.269831
31877	9.198811	-2.676782	1.859670	0.003914	0.005086	-0.005050	-55.106662	-70.392300	-10.282333
31878	9.179552	-2.683130	1.832347	0.006773	0.001178	-0.005165	-55.097124	-70.395306	-10.285942
31879	9.184097	-2.706698	1.857040	0.004148	0.002917	-0.003312	-55.087112	-70.396668	-10.293712
31880	9.195563	-2.676217	1.884870	0.004649	0.000823	-0.005311	-55.078005	-70.399744	-10.302031
31881	9.187830	-2.704678	1.833181	0.002015	-0.002907	-0.005728	-55.074670	-70.404150	-10.304010
31882	9.180120	-2.680858	1.832827	0.003161	-0.001589	-0.009326	-55.067011	-70.409917	-10.303985
31883	9.211131	-2.695142	1.836778	0.002426	0.002674	-0.009064	-55.052993	-70.414058	-10.317053
31884	9.207868	-2.695148	1.861238	0.002560	0.002711	-0.010932	-55.038249	-70.419214	-10.328159
31885	9.180775	-2.678021	1.833693	0.005427	0.004273	-0.008777	-55.020654	-70.422693	-10.343197
31886	9.207267	-2.668152	1.813631	0.004683	0.003067	-0.010784	-55.004094	-70.427647	-10.356454
31887	9.203945	-2.668228	1.838269	0.004047	0.005124	-0.006917	-54.987875	-70.429970	-10.370870
31888	9.182172	-2.700541	1.883839	0.003545	0.007218	-0.004918	-54.972243	-70.430833	-10.382575
31889	9.207434	-2.666290	1.815522	0.004522	0.006255	-0.001173	-54.959569	-70.430087	-10.392940
31890	9.177572	-2.676028	1.860727	0.003878	0.002843	0.000426	-54.953901	-70.429735	-10.392512
31891	9.196813	-2.669072	1.888898	0.001387	0.004619	0.000408	-54.946647	-70.428785	-10.399031
31892	9.180821	-2.675402	1.837281	0.000340	0.001095	0.007611	-54.952062	-70.425848	-10.396359
31893	9.188571	-2.699160	1.837595	0.001586	0.000207	0.007620	-54.957189	-70.422967	-10.389618
31894	9.207682	-2.692798	1.865557	0.003476	0.002731	0.006031	-54.956832	-70.419995	-10.384913
31895	9.202995	-2.669270	1.841508	0.000107	0.003264	0.005874	-54.957157	-70.416927	-10.384166
31896	9.210739	-2.692887	1.842041	0.000107	0.003264	0.005874	-54.958159	-70.413956	-10.381950
31897	9.191257	-2.700236	1.814492	0.005224	-0.000251	0.004041	-54.958492	-70.412904	-10.378083
31898	9.198998	-2.671319	1.866592	0.003143	0.007105	0.000687	-54.948250	-70.411038	-10.380055
31899	9.183092	-2.677289	1.815101	0.002123	0.000355	0.000148	-54.945960	-70.411613	-10.380858
31900	9.176122	-2.679113	1.863436	0.000134	0.000037	-0.001868	-54.944410	-70.413250	-10.374869
31901	9.206917	-2.694277	1.867193	0.000233	-0.002168	0.001738	-54.948001	-70.413909	-10.370579
31902	9.179683	-2.678213	1.838873	-0.001388	-0.004618	-0.000408	-54.954852	-70.416481	-10.358743
31903	9.202514	-2.670491	1.842137	-0.003270	-0.001673	0.003449	-54.961381	-70.416175	-10.353465
31904	9.187655	-2.701667	1.838494	-0.001756	-0.002487	-0.000278	-54.965609	-70.417943	-10.344685
31905	9.207132	-2.694528	1.865774	0.000494	-0.007564	-0.004266	-54.970618	-70.423193	-10.338731
31906	9.202841	-2.670201	1.840924	-0.001621	-0.002450	-0.002146	-54.972676	-70.425913	-10.337707
31907	9.210897	-2.693009	1.841071	0.002392	0.000430	-0.003589	-54.966679	-70.428217	-10.342280
31908	9.180242	-2.677479	1.837149	-0.001487	-0.002413	-0.004014	-54.966795	-70.431598	-10.338114
31909	9.206671	-2.668263	1.816494	0.000268	0.000074	-0.003736	-54.962345	-70.434088	-10.342335
31910	9.146219	-2.662648	1.857153	0.000870	-0.004226	-0.002128	-54.965217	-70.437383	-10.340272
31911	9.199964	-2.669544	1.864365	-0.000475	-0.001132	-0.005743	-54.960927	-70.441212	-10.344776
31912	9.192206	-2.698437	1.812357	-0.003645	-0.005011	0.001312	-54.970632	-70.443081	-10.334962
31913	9.200161	-2.669443	1.863538	0.001982	-0.005151	-0.000251	-54.975327	-70.445655	-10.328437
31914	9.200218	-2.669426	1.863283	-0.002123	-0.000356	-0.000148	-54.976529	-70.446603	-10.326266
31915	9.184378	-2.675587	1.811102	-0.001656	-0.004693	0.003329	-54.986020	-70.447346	-10.316864
31916	9.219668	-2.714959	1.838908	-0.000510	-0.003375	-0.000269	-54.990413	-70.449499	-10.313395
31917	9.192429	-2.698807	1.810674	0.000368	-0.002131	-0.000130	-54.992160	-70.451022	-10.310981
31918	9.200324	-2.669831	1.862179	-0.001012	-0.001281	0.001729	-54.995871	-70.451514	-10.306495
31919	9.177462	-2.678004	1.858424	-0.001146	-0.001318	0.003598	-55.000860	-70.451020	-10.301560
31920	9.207172	-2.668494	1.813609	0.002223	-0.001850	0.003754	-55.005320	-70.450739	-10.294976
31921	9.200145	-2.670766	1.861724	-0.003269	-0.001673	0.003450	-55.011859	-70.450431	-10.289687
31922	9.203548	-2.670254	1.837310	-0.002157	-0.002598	0.005327	-55.021193	-70.449642	-10.280491
31923	9.180650	-2.678743	1.833263	0.000567	-0.006543	0.007083	-55.035331	-70.449227	-10.264805
31924	9.172605	-2.656235	1.832643	-0.000034	-0.002243	0.005475	-55.043228	-70.448199	-10.253112
31925	9.180467	-2.679898	1.832495	-0.000678	-0.005655	0.007075	-55.056896	-70.447494	-10.238682
31926	9.184873	-2.704698	1.856116	-0.003446	-0.009422	0.008528	-55.079118	-70.447425	-10.215426
31927	9.176857	-2.682475	1.854960	-0.004692	-0.008534	0.008520	-55.100227	-70.446982	-10.195540
31928	9.176780	-2.683499	1.853859	-0.004224	-0.012871	0.011998	-55.130639	-70.446463	-10.165843
31929	9.203078	-2.675536	1.831974	-0.001333	-0.014536	0.006410	-55.155824	-70.448971	-10.139590
31930	9.157517	-2.691852	1.823583	-0.000689	-0.011124	0.004810	-55.175211	-70.451163	-10.118006
31931	9.176898	-2.685634	1.850179	-0.000722	-0.013367	0.010287	-55.202080	-70.451458	-10.089595
31932	9.176922	-2.686653	1.848582	-0.000633	-0.021042	0.011630	-55.240644	-70.453701	-10.049991
31933	9.206740	-2.677759	1.802110	-0.001100	-0.016704	0.008154	-55.270198	-70.456079	-10.018961
31934	9.211269	-2.702746	1.824871	-0.000121	-0.017667	0.011901	-55.304328	-70.457078	-9.982467
31935	9.214683	-2.702831	1.799328	-0.003211	-0.011589	0.010276	-55.330264	-70.456778	-9.956561
31936	9.206617	-2.680830	1.798170	-0.000708	-0.007898	0.012559	-55.352695	-70.454371	-9.933840
31937	9.225836	-2.675005	1.825148	-0.000576	-0.007861	0.010690	-55.372544	-70.452654	-9.912790
31938	9.199319	-2.736801	1.793794	-0.000164	-0.002280	0.007348	-55.382288	-70.450814	-9.902370
31939	9.199192	-2.685557	1.845080	-0.002919	-0.000577	0.011071	-55.394151	-70.446544	-9.891219
31940	9.171521	-2.670598	1.817130	-0.000181	0.000945	0.015094	-55.406697	-70.439977	-9.876999
31941	9.167746	-2.672951	1.840927	-0.004211	-0.007400	0.014278	-55.431280	-70.436411	-9.853134
31942	9.193720	-2.665696	1.819569	-0.005720	-0.006585	0.018011	-55.459742	-70.430945	-9.825840
31943	9.178494	-2.698288	1.815308	-0.002733	-0.010457	0.016028	-55.489116	-70.427538	-9.795990
31944	9.201047	-2.692000	1.818003	-0.006833	-0.005658	0.016136	-55.515159	-70.422591	-9.770684
31945	9.197309	-2.694467	1.841475	-0.003332	-0.006157	0.014420	-55.537676	-70.418540	-9.748474
31946	9.166321	-2.680760	1.836662	-0.005506	-0.014222	0.017491	-55.575247	-70.415730	-9.712594
31947	9.211563	-2.718802	1.791224	-0.002219	-0.007084	0.016300	-55.600048	-70.411083	-9.687282
31948	9.203441	-2.696981	1.790260	-0.002703	-0.008214	0.010552	-55.621728	-70.409649	-9.668773
31949	9.196414	-2.700117	1.837661	-0.003847	-0.009530	0.014157	-55.648749	-70.406799	-9.642095
31950	9.199630	-2.700429	1.812669	-0.001955	-0.007009	0.012561	-55.670367	-70.403978	-9.620293
31951	9.199423	-2.701632	1.811926	-0.004079	-0.007361	0.012418	-55.693045	-70.401243	-9.598364
31952	9.176380	-2.710729	1.807443	-0.001359	-0.011310	0.014175	-55.721669	-70.399080	-9.569064
31953	9.199080	-2.704092	1.809996	-0.004828	-0.008565	0.010412	-55.744549	-70.397677	-9.547377
31954	9.202436	-2.703914	1.784958	-0.005677	-0.007563	0.004793	-55.762058	-70.398741	-9.532675
31955	9.233063	-2.720071	1.787913	-0.001955	-0.007009	0.012565	-55.783166	-70.395811	-9.511120
31956	9.202176	-2.705732	1.783545	-0.004048	-0.005116	0.006938	-55.798164	-70.395035	-9.499217
31957	9.206572	-2.730427	1.807279	-0.002673	-0.005969	0.005074	-55.811521	-70.395317	-9.486327
31958	9.206495	-2.730949	1.806888	-0.001275	-0.001354	0.005477	-55.818665	-70.394012	-9.480203
31959	9.201923	-2.707303	1.782467	-0.000263	-0.000075	0.003742	-55.821594	-70.393026	-9.476917
31960	9.206272	-2.731657	1.806953	0.000386	0.003336	0.002137	-55.818941	-70.391868	-9.480095
31961	9.178864	-2.715485	1.779396	0.000518	0.003373	0.000266	-55.813693	-70.391421	-9.485015
31962	9.194845	-2.709821	1.831221	-0.004149	-0.002909	0.003326	-55.822860	-70.391632	-9.476744
31963	9.198163	-2.709299	1.806866	-0.000394	-0.000113	0.005614	-55.827604	-70.389771	-9.471611
31964	9.202480	-2.733765	1.831327	-0.002982	0.003875	0.001987	-55.825702	-70.388442	-9.475809
31965	9.182900	-2.740900	1.803851	-0.000626	0.002057	0.003872	-55.826120	-70.386709	-9.475411
31966	9.197784	-2.710250	1.807369	0.000749	0.001204	0.002008	-55.825532	-70.386205	-9.475933
31967	9.182654	-2.741434	1.804291	0.001136	0.004540	0.004146	-55.821885	-70.383543	-9.478778
31968	9.174620	-2.718595	1.804563	0.001267	0.004577	0.002274	-55.816753	-70.381827	-9.483798
31969	9.197365	-2.711046	1.808307	0.000980	-0.000966	0.003750	-55.820159	-70.381125	-9.479250
31970	9.171002	-2.720175	1.828831	-0.002388	-0.000426	0.003599	-55.825139	-70.380427	-9.475839
31971	9.200569	-2.710950	1.783911	-0.000164	-0.002282	0.007356	-55.834206	-70.378438	-9.465977
31972	9.193589	-2.713566	1.831981	0.001080	-0.003173	0.007363	-55.844144	-70.376865	-9.456969
31973	9.193456	-2.714158	1.831770	-0.001276	-0.001354	0.005478	-55.850915	-70.375468	-9.450220
31974	9.178373	-2.745502	1.828155	-0.000782	-0.003448	0.003477	-55.858946	-70.375753	-9.440540
31975	9.196747	-2.713947	1.807098	0.000099	-0.002207	0.003613	-55.864382	-70.375514	-9.434371
31976	9.177280	-2.720992	1.779154	0.002718	-0.003951	0.001756	-55.869250	-70.376825	-9.429644
31977	9.204596	-2.737486	1.806669	0.001705	-0.005230	0.003491	-55.877678	-70.377615	-9.419324
31978	9.170438	-2.723448	1.826786	0.000100	-0.002207	0.003614	-55.883611	-70.377504	-9.414327
31979	9.204492	-2.738180	1.806145	0.004580	-0.003676	0.005643	-55.890263	-70.376773	-9.404142
31980	9.162389	-2.701088	1.826470	0.003624	0.002758	0.004160	-55.888003	-70.374824	-9.406762
31981	9.196420	-2.715743	1.806063	0.002586	-0.003989	0.003628	-55.894397	-70.375150	-9.398064
31982	9.185132	-2.693959	1.829645	0.002817	-0.006158	0.005370	-55.905646	-70.375530	-9.387875
31983	9.170049	-2.725407	1.825819	0.001442	-0.005304	0.007236	-55.917696	-70.374565	-9.373868
31984	9.196250	-2.717268	1.804635	0.003048	-0.008327	0.007114	-55.933037	-70.374779	-9.359312
31985	9.168917	-2.701674	1.775827	-0.001852	-0.012438	0.008434	-55.957548	-70.375531	-9.334080
31986	9.230273	-2.733062	1.782498	0.002324	-0.004063	0.007373	-55.968192	-70.374270	-9.323686
31987	9.195983	-2.719505	1.802626	0.002062	-0.004138	0.011117	-55.981819	-70.371082	-9.307629
31988	9.195850	-2.720129	1.802361	0.004711	-0.003639	0.003772	-55.986941	-70.371286	-9.299540
31989	9.172837	-2.728363	1.798874	0.004607	0.001792	0.007911	-55.988328	-70.367720	-9.294930
31990	9.137517	-2.689631	1.770672	0.005040	-0.008015	0.009131	-56.004196	-70.366823	-9.275743
31991	9.195429	-2.721973	1.801724	0.001442	-0.005304	0.007238	-56.016237	-70.365849	-9.261746
31992	9.195324	-2.722691	1.801179	0.001672	-0.007473	0.008982	-56.032955	-70.364814	-9.243310
31993	9.195157	-2.723558	1.800717	0.005430	-0.004679	0.011270	-56.045492	-70.361721	-9.226361
31994	9.172091	-2.732138	1.796947	-0.000162	-0.002280	0.007361	-56.055010	-70.359793	-9.215841
31995	9.206041	-2.747193	1.776231	0.002324	-0.004063	0.007376	-56.065009	-70.358353	-9.203476
31996	9.168431	-2.734308	1.820631	0.002093	-0.001894	0.005632	-56.071220	-70.357179	-9.196847
31997	9.217423	-2.718395	1.803416	0.000720	-0.001039	0.007498	-56.078217	-70.354712	-9.188644
31998	9.186121	-2.755721	1.748147	0.002093	-0.001894	0.005632	-56.084136	-70.353443	-9.179972
31999	9.163523	-2.711964	1.796094	0.000359	0.001093	0.007627	-56.088612	-70.350233	-9.174666
32000	9.194045	-2.728029	1.799631	-0.003169	-0.003869	0.007084	-56.101622	-70.348931	-9.162416
32001	9.186065	-2.705749	1.798996	0.001179	-0.005377	0.010987	-56.117248	-70.346189	-9.144772
32002	9.190341	-2.730592	1.822957	-0.002157	-0.002591	0.005347	-56.126305	-70.345291	-9.136510
32003	9.216489	-2.722329	1.802253	-0.000622	0.002059	0.003874	-56.126695	-70.343556	-9.136140
32004	9.216314	-2.722796	1.802446	-0.001995	0.002914	0.005740	-56.128938	-70.340763	-9.135109
32005	9.193278	-2.731008	1.799029	-0.000261	-0.000074	0.003746	-56.131846	-70.339770	-9.131846
32006	9.197547	-2.755563	1.823423	-0.004120	0.002565	0.005598	-56.135687	-70.337154	-9.130061
32007	9.170101	-2.739710	1.795574	-0.002386	-0.000422	0.003603	-56.140148	-70.336340	-9.126441
32008	9.192879	-2.732331	1.799058	-0.001504	0.000818	0.003739	-56.142910	-70.335128	-9.124532
32009	9.203929	-2.754919	1.775210	-0.006474	0.004386	0.003712	-56.143408	-70.332728	-9.127608
32010	9.218822	-2.724369	1.778986	0.000914	0.006708	0.002402	-56.135961	-70.330310	-9.135132
32011	9.169581	-2.740862	1.796472	-0.002354	0.001821	-0.001887	-56.132513	-70.331392	-9.139891
32012	9.172890	-2.740054	1.772523	-0.004350	0.004735	0.003855	-56.132003	-70.328910	-9.143228
32013	9.169358	-2.741247	1.797024	-0.000720	0.004265	0.000258	-56.126283	-70.328191	-9.149406
32014	9.214980	-2.725973	1.804464	-0.002225	0.005083	0.003998	-56.124006	-70.325512	-9.153733
32015	9.191922	-2.734041	1.801348	-0.002094	0.005120	0.002125	-56.119605	-70.323632	-9.159347
32016	9.180555	-2.712100	1.825809	-0.001211	0.006360	0.002261	-56.113699	-70.321394	-9.166792
32017	9.168755	-2.742140	1.798739	0.000522	0.003373	0.000265	-56.108463	-70.320957	-9.171700
32018	9.214468	-2.726587	1.806151	-0.000589	0.004302	-0.001615	-56.101366	-70.321187	-9.179414
32019	9.165237	-2.742977	1.823666	0.001405	0.004613	0.000402	-56.094098	-70.320288	-9.185944
32020	9.191434	-2.734385	1.803317	-0.002616	0.001747	0.001859	-56.094675	-70.319732	-9.188662
32021	9.171895	-2.741288	1.775765	-0.000360	0.002132	0.000129	-56.091473	-70.319754	-9.191947
32022	9.186923	-2.710348	1.779470	0.000294	0.005542	-0.001478	-56.082241	-70.319517	-9.201328
32023	9.180080	-2.712108	1.828182	0.001896	0.002518	-0.001601	-56.075688	-70.320239	-9.206799
32024	9.202433	-2.756467	1.780556	-0.000852	0.004228	0.002132	-56.072251	-70.318744	-9.211391
32025	9.157002	-2.719979	1.825452	0.002287	0.005853	0.000539	-56.062954	-70.317382	-9.219539
32026	9.191029	-2.734396	1.805359	0.002125	0.000348	0.000143	-56.061178	-70.318039	-9.219506
32027	9.183200	-2.711260	1.805315	-0.000360	0.002132	0.000129	-56.057977	-70.318061	-9.222791
32028	9.179763	-2.712331	1.829446	-0.003139	-0.001625	0.001593	-56.063146	-70.318673	-9.219298
32029	9.197761	-2.732682	1.757182	0.001765	0.002481	0.000273	-56.058393	-70.318516	-9.222938
32030	9.187455	-2.735588	1.829997	-0.001963	0.005157	0.000252	-56.052702	-70.317587	-9.229501
32031	9.213640	-2.726838	1.809988	0.002059	0.008023	-0.001205	-56.039097	-70.316358	-9.242364
32032	9.159973	-2.719128	1.803352	0.001405	0.004613	0.000403	-56.032243	-70.315504	-9.247763
32033	9.190553	-2.734447	1.807704	0.002059	0.008023	-0.001204	-56.018640	-70.314274	-9.260623
32034	9.190422	-2.734635	1.808091	-0.000395	-0.000111	0.005619	-56.023743	-70.312483	-9.255573
32035	9.182473	-2.711947	1.807981	-0.000624	0.002058	0.003876	-56.024145	-70.310748	-9.255191
32036	9.167289	-2.743106	1.804729	-0.001374	0.000855	0.001866	-56.025320	-70.310497	-9.256655
32037	9.220775	-2.750869	1.812209	-0.000720	0.004265	0.000259	-56.019611	-70.309774	-9.262822
32038	9.190000	-2.735581	1.808800	0.001633	0.002444	0.002147	-56.016792	-70.308774	-9.265149
32039	9.166987	-2.743421	1.805782	0.001927	0.007986	0.000670	-56.004997	-70.306664	-9.276170
32040	9.155579	-2.721450	1.830389	-0.000101	0.005431	0.004143	-56.001413	-70.303883	-9.282681
32041	9.223643	-2.750697	1.789678	-0.003271	-0.001662	0.003466	-56.007904	-70.303535	-9.277444
32042	9.143701	-2.751940	1.803109	0.001405	0.004613	0.000403	-56.001078	-70.302704	-9.283499
32043	9.189374	-2.736573	1.810482	-0.002617	0.001748	0.001859	-56.001232	-70.302027	-9.284594
32044	9.189290	-2.736845	1.810496	0.000978	-0.000966	0.003754	-56.004861	-70.301360	-9.279600
32045	9.181426	-2.713961	1.810275	-0.000132	-0.000037	0.001873	-56.005972	-70.301248	-9.278167
32046	9.189185	-2.737272	1.810385	-0.001015	-0.001277	0.001736	-56.009509	-70.301667	-9.275024
32047	9.192557	-2.736578	1.786083	-0.001147	-0.001314	0.003610	-56.014449	-70.301139	-9.270141
32048	9.192545	-2.736758	1.785868	-0.001765	-0.002480	-0.000274	-56.018442	-70.302965	-9.268186
32049	9.174055	-2.768605	1.806544	-0.001242	0.000892	-0.000007	-56.017274	-70.303448	-9.269849
32050	9.212041	-2.729917	1.813485	0.000132	0.000037	-0.001873	-56.014982	-70.305113	-9.271563
32051	9.184832	-2.713463	1.785507	0.000360	-0.002133	-0.000130	-56.016800	-70.306624	-9.269079
32052	9.162932	-2.746092	1.830551	-0.000456	0.004339	-0.003487	-56.007962	-70.307752	-9.279276
32053	9.192670	-2.736199	1.786082	-0.000228	0.002170	-0.001744	-56.002963	-70.308651	-9.284391
32054	9.200897	-2.707189	1.837900	-0.002485	0.001785	-0.000014	-56.001887	-70.308943	-9.286632
32055	9.192682	-2.736078	1.786209	-0.000750	-0.001203	-0.002010	-56.001424	-70.311050	-9.287247
32056	9.166420	-2.744616	1.806843	-0.000228	0.002170	-0.001743	-55.996804	-70.312019	-9.292329
32057	9.189297	-2.736809	1.810515	-0.001242	0.000892	-0.000007	-55.995635	-70.312502	-9.293994
32058	9.178093	-2.714559	1.834511	0.000132	0.000037	-0.001873	-55.993686	-70.314228	-9.295663
32059	9.189349	-2.736580	1.810597	-0.002353	0.001822	-0.001887	-55.990235	-70.315307	-9.300427
32060	9.189313	-2.736701	1.810597	-0.002389	-0.000422	0.003602	-55.995149	-70.314579	-9.296668
32061	9.212123	-2.729236	1.814093	-0.000132	-0.000037	0.001873	-55.996262	-70.314468	-9.295233
32062	9.189239	-2.736999	1.810520	-0.003235	0.000582	-0.002024	-55.995252	-70.316077	-9.297972
32063	9.192657	-2.735992	1.786466	-0.001602	0.003025	0.000123	-55.991574	-70.315816	-9.302520
32064	9.200469	-2.758892	1.786938	0.000919	0.003484	-0.005353	-55.981447	-70.318111	-9.313234
32065	9.189281	-2.736219	1.811486	0.002324	0.008097	-0.004948	-55.964240	-70.318630	-9.329761
32066	9.184861	-2.711801	1.787880	0.001177	0.006783	-0.001339	-55.953121	-70.317931	-9.340715
32067	9.189155	-2.735598	1.813066	0.000721	0.011122	-0.004825	-55.932929	-70.317418	-9.361388
32068	9.185677	-2.736162	1.838046	0.002552	0.005928	-0.003204	-55.920588	-70.317909	-9.373325
32069	9.192546	-2.733742	1.790480	0.001214	0.009027	-0.006827	-55.901096	-70.319015	-9.392954
32070	9.189079	-2.734217	1.815533	0.003074	0.009301	-0.002936	-55.884242	-70.318247	-9.407423
32071	9.184713	-2.709628	1.791930	0.000692	0.005654	-0.007094	-55.869279	-70.320561	-9.422560
32072	9.192636	-2.732008	1.792662	0.000825	0.005691	-0.008967	-55.852964	-70.323812	-9.438657
32073	9.189338	-2.732131	1.817359	0.000825	0.005691	-0.008966	-55.836183	-70.326998	-9.455643
32074	9.189462	-2.731369	1.817877	0.001934	0.004762	-0.007086	-55.822197	-70.329715	-9.470634
32075	9.189577	-2.730526	1.818561	0.001479	0.009101	-0.010570	-55.799065	-70.332561	-9.493966
32076	9.162396	-2.713368	1.791583	0.002095	0.010267	-0.006687	-55.778057	-70.333241	-9.513500
32077	9.178462	-2.706779	1.844135	0.001186	0.003558	-0.009095	-55.763760	-70.337168	-9.527627
32078	9.182079	-2.705050	1.820271	0.000171	0.002281	-0.007360	-55.753519	-70.340758	-9.539613
32079	9.163752	-2.736225	1.841187	-0.000711	0.001040	-0.007498	-55.745080	-70.344739	-9.548673
32080	9.205356	-2.695825	1.823954	0.001026	-0.001947	-0.009493	-55.738434	-70.350783	-9.556834
32081	9.190623	-2.725839	1.820309	-0.001980	-0.003537	-0.009775	-55.734728	-70.357318	-9.561641
32082	9.190934	-2.724872	1.820186	0.002922	0.000572	-0.011089	-55.722229	-70.363254	-9.573081
32083	9.214118	-2.716031	1.823753	0.001159	-0.001910	-0.011364	-55.713119	-70.370016	-9.581715
32084	9.199359	-2.745875	1.820556	0.002199	0.004837	-0.010827	-55.695322	-70.374435	-9.599949
32085	9.195245	-2.720582	1.796652	0.001583	0.003670	-0.014709	-55.675516	-70.380976	-9.619680
32086	9.214977	-2.712459	1.824730	0.002693	0.002742	-0.012828	-55.658802	-70.387031	-9.634330
32087	9.195849	-2.718047	1.797400	0.003574	0.003983	-0.012690	-55.639249	-70.392511	-9.652581
32088	9.219033	-2.708854	1.801446	0.003840	0.004057	-0.016433	-55.616727	-70.399819	-9.672780
32089	9.227160	-2.730581	1.802305	0.002849	0.008248	-0.012428	-55.592141	-70.403790	-9.696813
32090	9.188844	-2.690746	1.799188	0.006483	0.007781	-0.016017	-55.563311	-70.409671	-9.722700
32091	9.224220	-2.728547	1.828354	0.008245	0.010264	-0.015740	-55.529916	-70.414546	-9.752800
32092	9.197203	-2.710697	1.801567	0.004877	0.010804	-0.015892	-55.498374	-70.419396	-9.781378
32093	9.186150	-2.686895	1.826611	0.006254	0.009951	-0.017754	-55.464666	-70.425312	-9.813019
32094	9.186412	-2.685248	1.827714	0.004876	0.010804	-0.015889	-55.432747	-70.430158	-9.844412
32095	9.190130	-2.682655	1.804693	0.005010	0.010841	-0.017759	-55.398528	-70.435774	-9.877350
32096	9.213238	-2.673269	1.809289	0.006350	0.007745	-0.014137	-55.371431	-70.440733	-9.900851
32097	9.195029	-2.703747	1.830971	0.005106	0.008636	-0.014144	-55.343364	-70.445353	-9.927199
32098	9.157570	-2.689056	1.876358	0.006216	0.007709	-0.012264	-55.318059	-70.449414	-9.948348
32099	9.187525	-2.678182	1.832482	0.003958	0.007320	-0.010540	-55.295683	-70.452757	-9.969354
32100	9.199106	-2.699176	1.809130	0.006064	0.002203	-0.012661	-55.277535	-70.458933	-9.987115
32101	9.184589	-2.676625	1.857593	0.004954	0.003130	-0.014539	-55.256451	-70.465523	-10.006142
32102	9.189318	-2.699352	1.882337	0.002696	0.002741	-0.012815	-55.239328	-70.471449	-10.019685
32103	9.193049	-2.697258	1.858581	0.003442	0.003946	-0.010806	-55.221443	-70.476011	-10.036236
32104	9.207287	-2.640337	1.813650	0.001914	-0.000707	-0.009342	-55.212550	-70.481462	-10.042678
32105	9.166262	-2.679165	1.831001	0.005797	0.002131	-0.008918	-55.197454	-70.485726	-10.054837
32106	9.200715	-2.692550	1.810823	0.003158	-0.001596	-0.009333	-55.188929	-70.491487	-10.061733
32107	9.197478	-2.692602	1.835094	0.002428	0.002667	-0.009073	-55.174896	-70.495646	-10.074812
32108	9.220571	-2.683753	1.838862	0.005416	-0.001207	-0.011054	-55.163015	-70.502063	-10.082534
32109	9.182199	-2.644404	1.834884	0.002793	0.000536	-0.009202	-55.151473	-70.506980	-10.092748
32110	9.193804	-2.665654	1.811161	0.003672	0.001778	-0.009063	-55.138436	-70.511545	-10.105234
32111	9.221219	-2.681281	1.839221	0.002623	-0.001742	-0.001852	-55.136811	-70.513751	-10.105031
32112	9.167725	-2.673604	1.831805	0.002391	0.000426	-0.003592	-55.131464	-70.516172	-10.108895
32113	9.194079	-2.664500	1.811465	0.005261	0.001986	-0.001436	-55.123759	-70.516961	-10.113539
32114	9.213436	-2.657381	1.839509	0.001892	0.002522	-0.001593	-55.117612	-70.517686	-10.117000
32115	9.174760	-2.671012	1.784123	0.002623	-0.001742	-0.001851	-55.115985	-70.519892	-10.116798
32116	9.167842	-2.672688	1.832557	0.004016	0.002875	-0.001445	-55.108145	-70.520444	-10.122364
32117	9.213474	-2.656861	1.840069	0.001758	0.002485	0.000277	-55.103368	-70.520264	-10.126029
32118	9.221332	-2.679858	1.840725	0.003650	0.005007	-0.001316	-55.092974	-70.520052	-10.134585
32119	9.175616	-2.695404	1.834047	0.001527	0.004653	-0.001464	-55.083837	-70.519978	-10.143016
32120	9.186067	-2.640252	1.813417	0.000647	0.003411	-0.001602	-55.077327	-70.520471	-10.148902
32121	9.201848	-2.686447	1.814128	0.000745	0.001206	0.002008	-55.076435	-70.519897	-10.149062
32122	9.224568	-2.678674	1.818161	0.003151	0.007102	0.000683	-55.065826	-70.518083	-10.156067
32123	9.190248	-2.664315	1.839026	-0.000597	0.004300	-0.001611	-55.058239	-70.518193	-10.164144
32124	9.170866	-2.671244	1.811442	0.001111	-0.000925	0.001879	-55.060167	-70.518446	-10.161985
32125	9.190138	-2.664494	1.839318	0.000379	0.003338	0.002138	-55.056776	-70.517111	-10.165019
32126	9.185650	-2.640554	1.815088	-0.000000	0.000000	0.000000	-55.056525	-70.517958	-10.165054
32127	9.201451	-2.686831	1.815570	-0.000134	-0.000036	0.001870	-55.057659	-70.517857	-10.163600
32128	9.201413	-2.686916	1.815636	0.000879	0.001243	0.000139	-55.055616	-70.518244	-10.163843
32129	9.189995	-2.664770	1.839632	-0.001245	0.000889	-0.000009	-55.054415	-70.518721	-10.165541
32130	9.190012	-2.664694	1.839660	0.000134	0.000036	-0.001870	-55.052200	-70.520380	-10.166383
32131	9.212866	-2.656656	1.843405	0.001892	0.002521	-0.001592	-55.045566	-70.521064	-10.171937
32132	9.204884	-2.685740	1.791918	-0.001379	0.000853	0.001860	-55.046562	-70.520750	-10.172293
32133	9.212794	-2.656695	1.843710	-0.001476	0.003057	-0.001750	-55.041000	-70.521333	-10.178758
32134	9.194363	-2.688533	1.864710	-0.000366	0.002132	0.000129	-55.038402	-70.521436	-10.181180
32135	9.193402	-2.663512	1.816345	-0.003600	0.002704	-0.001898	-55.034388	-70.522204	-10.187292
32136	9.197907	-2.687154	1.840917	0.000171	0.002277	-0.007349	-55.024186	-70.525761	-10.198228
32137	9.193533	-2.662812	1.816709	-0.003734	0.002667	-0.000028	-55.022032	-70.525662	-10.202449
32138	9.198014	-2.686541	1.841276	0.000171	0.002277	-0.007349	-55.012006	-70.529213	-10.211779
32139	9.189296	-2.637812	1.792763	-0.002318	0.004055	-0.007367	-55.000376	-70.532104	-10.225190
32140	9.201779	-2.684362	1.817559	0.000403	0.000109	-0.005608	-54.994396	-70.535535	-10.231681
32141	9.198442	-2.684704	1.841821	0.000171	0.002277	-0.007348	-54.983711	-70.539000	-10.242576
32142	9.198646	-2.683850	1.842043	0.000440	0.002350	-0.011086	-54.969744	-70.544289	-10.257517
32143	9.187500	-2.660600	1.866200	-0.000670	0.003275	-0.012965	-54.952975	-70.550059	-10.275376
32144	9.202736	-2.680626	1.818230	-0.003306	-0.000454	-0.013381	-54.942843	-70.557362	-10.288513
32145	9.165446	-2.665866	1.862524	-0.001658	-0.001233	-0.018978	-54.927000	-70.567432	-10.305988
32146	9.195765	-2.654378	1.817755	-0.000780	0.000010	-0.018837	-54.909826	-70.577110	-10.322915
32147	9.191769	-2.628722	1.793439	-0.001281	0.002105	-0.016838	-54.891294	-70.585074	-10.343010
32148	9.188564	-2.628559	1.817746	0.001416	0.001389	-0.007336	-54.881670	-70.588922	-10.351881
32149	9.197576	-2.675952	1.866963	0.000314	0.007784	-0.006947	-54.863906	-70.590375	-10.370192
32150	9.188765	-2.627226	1.818659	0.000170	0.002278	-0.007345	-54.853744	-70.593968	-10.382042
32151	9.189826	-2.651727	1.867377	-0.003467	0.002738	-0.003765	-54.847830	-70.595593	-10.390086
32152	9.201349	-2.673389	1.843755	-0.000197	0.004409	-0.007215	-54.835256	-70.598388	-10.402853
32153	9.193525	-2.649739	1.843703	-0.002965	0.000643	-0.005763	-54.829966	-70.601639	-10.409931
32154	9.201674	-2.672069	1.844049	0.000439	0.002351	-0.011081	-54.815909	-70.606904	-10.424872
32155	9.190504	-2.648839	1.868138	-0.001549	0.002032	-0.013097	-54.801071	-70.613130	-10.441211
32156	9.228532	-2.661084	1.823867	0.001550	0.001427	-0.009202	-54.789315	-70.617825	-10.453539
32157	9.190984	-2.646886	1.868545	-0.002052	0.004127	-0.011098	-54.773838	-70.622421	-10.470860
32158	9.206185	-2.667132	1.820611	-0.000205	-0.001060	-0.009480	-54.766388	-70.628042	-10.476879
32159	9.186998	-2.620993	1.844426	0.000071	0.004483	-0.010949	-54.749347	-70.632447	-10.494567
32160	9.214464	-2.636256	1.872719	0.001416	0.001390	-0.007333	-54.739294	-70.636241	-10.505110
32161	9.198829	-2.641419	1.821129	-0.001175	0.005371	-0.010957	-54.721764	-70.640354	-10.524073
32162	9.203337	-2.612535	1.897176	0.000404	0.000110	-0.005604	-54.715774	-70.643823	-10.531955
32163	9.218482	-2.633102	1.849113	-0.001585	-0.000209	-0.007620	-54.709041	-70.648220	-10.539721
32164	9.195930	-2.640152	1.845460	0.002053	-0.000667	-0.011197	-54.698174	-70.654589	-10.550517
32165	9.196165	-2.639346	1.845442	0.001650	-0.000777	-0.005594	-54.692249	-70.658226	-10.555463
32166	9.177053	-2.645763	1.817491	0.001141	-0.004152	-0.005863	-54.691493	-70.663243	-10.556289
32167	9.193088	-2.639199	1.869068	-0.000105	-0.003265	-0.005872	-54.689622	-70.667834	-10.558003
32168	9.208237	-2.659985	1.820690	0.000872	-0.004226	-0.002127	-54.692462	-70.671014	-10.552153
32169	9.216332	-2.630314	1.871879	0.003025	-0.007098	-0.009718	-54.690276	-70.678672	-10.552301
32170	9.178066	-2.643594	1.815530	-0.002133	-0.011296	-0.004680	-54.701901	-70.685464	-10.541620
32171	9.223987	-2.627181	1.821989	-0.000848	-0.004472	-0.007877	-54.700173	-70.691393	-10.543634
32172	9.209527	-2.657343	1.818023	0.003393	-0.009228	-0.009846	-54.701065	-70.699908	-10.540189
32173	9.221258	-2.626436	1.844750	-0.000110	-0.008735	-0.008135	-54.704362	-70.707368	-10.536430
32174	9.221648	-2.625612	1.843970	-0.001222	-0.007811	-0.010012	-54.705940	-70.715458	-10.533195
32175	9.194671	-2.608811	1.815315	-0.001860	-0.005753	-0.006147	-54.708141	-70.721002	-10.531661
32176	9.204020	-2.656142	1.863488	-0.000346	-0.006567	-0.009872	-54.707298	-70.728584	-10.532184
32177	9.199829	-2.631570	1.838271	-0.003512	-0.010446	-0.002818	-54.719878	-70.734124	-10.520656
32178	9.203626	-2.630141	1.813195	-0.000110	-0.008734	-0.008133	-54.723445	-70.741683	-10.519100
32179	9.215502	-2.651426	1.788436	-0.002100	-0.009055	-0.010147	-54.726422	-70.750190	-10.516889
32180	9.223770	-2.621421	1.839313	0.000900	-0.007453	-0.009861	-54.726417	-70.758072	-10.513622
32181	9.204797	-2.627572	1.810975	0.001643	-0.006246	-0.007856	-54.725660	-70.764577	-10.513096
32182	9.224446	-2.619850	1.838162	-0.001727	-0.005717	-0.008011	-54.726357	-70.770972	-10.510586
32183	9.208890	-2.625164	1.785748	0.000396	-0.005359	-0.007864	-54.725116	-70.777188	-10.511327
32184	9.233040	-2.641648	1.837262	-0.002870	-0.007035	-0.004415	-54.732247	-70.782440	-10.502063
32185	9.179712	-2.633891	1.829302	-0.001964	-0.003549	-0.009748	-54.728141	-70.788938	-10.507270
32186	9.214140	-2.595092	1.859989	-0.000850	-0.004472	-0.007872	-54.726872	-70.794898	-10.507208
32187	9.206546	-2.623655	1.807758	-0.002869	-0.007035	-0.004414	-54.733032	-70.800055	-10.502094
32188	9.252431	-2.607191	1.814255	-0.000480	-0.006603	-0.008001	-54.734398	-70.806871	-10.501472
32189	9.215143	-2.645530	1.806759	0.000263	-0.005395	-0.005996	-54.735061	-70.812225	-10.500279
32190	9.203951	-2.622804	1.830149	-0.001727	-0.005716	-0.008009	-54.735698	-70.818740	-10.502880
32191	9.227029	-2.614308	1.833083	-0.002869	-0.007035	-0.004413	-54.741868	-70.823896	-10.497756
32192	9.204508	-2.621655	1.828995	0.000158	-0.003190	-0.009599	-54.736750	-70.830291	-10.502359
32193	9.204820	-2.620859	1.828565	-0.001727	-0.005716	-0.008008	-54.737072	-70.836693	-10.502733
32194	9.231322	-2.611388	1.807484	-0.001116	-0.004546	-0.004137	-54.739637	-70.840852	-10.495642
32195	9.213271	-2.642862	1.828163	0.000160	0.002279	-0.007337	-54.728749	-70.844295	-10.506739
32196	9.174571	-2.604191	1.824133	0.001883	-0.002943	-0.003853	-54.728007	-70.847897	-10.503245
32197	9.236393	-2.633887	1.831543	0.000769	-0.002019	-0.005728	-54.724088	-70.852009	-10.506594
32198	9.209194	-2.617388	1.803354	-0.000240	-0.003301	-0.003999	-54.724029	-70.855705	-10.507032
32199	9.205876	-2.618089	1.827214	-0.001620	-0.002452	-0.002141	-54.725480	-70.858282	-10.506146
32200	9.217513	-2.639732	1.803144	0.001777	-0.000737	-0.007457	-54.717861	-70.862796	-10.512502
32201	9.198168	-2.594073	1.826729	-0.002734	-0.001529	-0.004016	-54.716917	-70.865945	-10.514826
32202	9.232543	-2.608035	1.806089	-0.003875	-0.002849	-0.000421	-54.722537	-70.868012	-10.511869
32203	9.237126	-2.632134	1.830365	0.004113	0.000681	0.002158	-54.720580	-70.867542	-10.511113
32204	9.225625	-2.610035	1.854405	-0.001114	0.000923	-0.001875	-54.718182	-70.868870	-10.508772
32205	9.229031	-2.609086	1.830442	0.000372	0.003338	0.002132	-54.714761	-70.867532	-10.511834
32206	9.209590	-2.616277	1.802941	0.000743	0.001208	0.002004	-54.714678	-70.867010	-10.507853
32207	9.212945	-2.615490	1.779016	0.000372	0.003338	0.002133	-54.711258	-70.865673	-10.510915
32208	9.220690	-2.586583	1.830985	0.000372	0.003338	0.002133	-54.708172	-70.864331	-10.511773
32209	9.235419	-2.608254	1.783170	-0.002281	0.002831	0.009452	-54.713938	-70.859738	-10.506720
32210	9.216980	-2.640711	1.804435	0.003133	0.007110	0.000679	-54.702852	-70.857970	-10.519607
32211	9.220045	-2.587952	1.832299	0.000850	0.004472	0.007870	-54.703105	-70.853574	-10.518490
32212	9.208490	-2.618482	1.805358	-0.000369	0.007600	0.002391	-54.695006	-70.850725	-10.525670
32213	9.234527	-2.609847	1.785454	0.000745	0.006677	0.004266	-54.688917	-70.847284	-10.531331
32214	9.204558	-2.620218	1.830800	0.000612	0.006640	0.006133	-54.685079	-70.842942	-10.531657
32215	9.223590	-2.613776	1.859254	0.000241	0.008771	0.006262	-54.678368	-70.837874	-10.538282
32216	9.211999	-2.644313	1.832473	0.000745	0.006677	0.004267	-54.672719	-70.834405	-10.540068
32217	9.207227	-2.620606	1.808714	-0.002492	0.007242	0.002245	-54.665807	-70.831720	-10.548564
32218	9.203573	-2.621800	1.833482	0.000878	0.006714	0.002401	-54.658585	-70.829188	-10.551907
32219	9.214907	-2.644023	1.810166	-0.001112	0.006393	0.000388	-54.650257	-70.827652	-10.561065
32220	9.226072	-2.614073	1.838227	0.003372	0.004941	0.002419	-54.643875	-70.825668	-10.561741
32221	9.206582	-2.621270	1.811035	-0.001245	0.006356	0.002254	-54.637456	-70.823272	-10.568959
32222	9.202978	-2.622446	1.835547	-0.000504	0.002094	0.001996	-54.636702	-70.822448	-10.567152
32223	9.206336	-2.621593	1.811814	0.001012	0.006751	0.000535	-54.626822	-70.820724	-10.576665
32224	9.225539	-2.614807	1.839856	-0.003637	0.000454	0.003577	-54.631183	-70.819648	-10.572752
32225	9.198116	-2.598876	1.812112	0.000269	0.005544	-0.001469	-54.621441	-70.819260	-10.582570
32226	9.232351	-2.613021	1.792052	-0.000134	-0.000037	0.001867	-54.623264	-70.819165	-10.575355
32227	9.210579	-2.646071	1.837067	-0.000370	0.002131	0.000129	-54.619996	-70.819162	-10.578706
32228	9.239005	-2.558928	1.795736	0.007885	0.005732	-0.001018	-54.606402	-70.818541	-10.586724
32229	9.157892	-2.663923	1.878871	-0.007883	-0.000263	0.003282	-54.613659	-70.817860	-10.583488
32230	9.292453	-2.566484	1.803402	-0.000504	0.002094	0.001996	-54.612678	-70.816999	-10.582521
32231	9.187521	-2.654357	1.834314	0.001010	0.001282	-0.001728	-54.607988	-70.818146	-10.586540
32232	9.228514	-2.614446	1.817375	-0.004244	0.004753	0.001969	-54.605700	-70.816560	-10.592658
32233	9.210239	-2.646534	1.838103	0.001988	-0.005148	-0.000250	-54.610493	-70.819149	-10.586044
32234	9.225052	-2.615336	1.841549	-0.000844	0.006467	-0.003345	-54.598661	-70.819399	-10.599680
32235	9.197788	-2.598846	1.813815	0.002895	-0.001661	-0.005582	-54.593164	-70.823321	-10.603411
32236	9.202412	-2.622520	1.838277	-0.001484	0.003054	-0.001746	-54.588093	-70.823981	-10.607489
32237	9.220735	-2.590292	1.817492	-0.001485	-0.002415	-0.004010	-54.587615	-70.827420	-10.608562
32238	9.199126	-2.622904	1.862289	0.000267	0.000074	-0.003733	-54.583534	-70.829939	-10.610920
32239	9.228987	-2.612656	1.817546	-0.000609	-0.001170	-0.003871	-54.581013	-70.832900	-10.613624
32240	9.222172	-2.614143	1.865761	0.001648	-0.000775	-0.005590	-54.575938	-70.836679	-10.616353
32241	9.225842	-2.612646	1.841405	-0.002227	-0.003623	-0.006015	-54.575590	-70.841454	-10.617738
32242	9.203257	-2.620180	1.837383	-0.001114	-0.004546	-0.004139	-54.578203	-70.845841	-10.618229
32243	9.218188	-2.588789	1.840442	0.000638	-0.002056	-0.003862	-54.576165	-70.849092	-10.619665
32244	9.226415	-2.611303	1.840439	0.000029	-0.003227	-0.007733	-54.572363	-70.854466	-10.621235
32245	9.226658	-2.610575	1.840255	0.003028	-0.001623	-0.007447	-54.564941	-70.859247	-10.626921
32246	9.207538	-2.616952	1.812416	-0.000475	-0.001133	-0.005737	-54.560777	-70.863062	-10.630313
32247	9.223560	-2.610379	1.864166	0.000772	-0.002019	-0.005728	-54.556822	-70.867171	-10.633697
32248	9.230734	-2.607737	1.815739	-0.000208	-0.001059	-0.009469	-54.548851	-70.872821	-10.644660
32249	9.196695	-2.592921	1.835759	0.000267	-0.005395	-0.005995	-54.549469	-70.878177	-10.643510
32250	9.200433	-2.591397	1.811055	-0.000609	-0.006640	-0.006133	-54.552713	-70.884031	-10.637144
32251	9.205222	-2.614983	1.834944	-0.003608	-0.002775	-0.004155	-54.553787	-70.887657	-10.637860
32252	9.231730	-2.605572	1.813785	0.001010	-0.009656	-0.006253	-54.560343	-70.894663	-10.627417
32253	9.194208	-2.591979	1.857694	-0.001485	-0.002415	-0.004008	-54.559860	-70.898101	-10.628494
32254	9.224173	-2.581584	1.812430	0.001010	-0.009656	-0.006253	-54.566215	-70.905107	-10.620964
32255	9.209670	-2.612153	1.808504	-0.001485	-0.002416	-0.004008	-54.565733	-70.908544	-10.622041
32256	9.235876	-2.550696	1.838953	-0.001989	-0.005791	-0.004275	-54.570447	-70.913344	-10.618582
32257	9.206530	-2.612666	1.831678	-0.000265	-0.005544	0.001470	-54.578746	-70.915264	-10.609627
32258	9.206636	-2.612733	1.831051	-0.003131	-0.007111	-0.000680	-54.589013	-70.918734	-10.600233
32259	9.195343	-2.590455	1.854196	-0.000371	-0.008807	-0.004395	-54.596155	-70.924475	-10.592566
32260	9.233297	-2.603377	1.808953	-0.004378	-0.006225	-0.000688	-54.605887	-70.927667	-10.584668
32261	9.233398	-2.603468	1.808305	-0.002388	-0.005903	0.001324	-54.615758	-70.929772	-10.575337
32262	9.264363	-2.618506	1.811482	-0.000875	-0.006714	-0.002399	-54.623032	-70.934039	-10.567755
32263	9.237152	-2.602188	1.783054	-0.000239	-0.003301	-0.003998	-54.623050	-70.937766	-10.567546
32264	9.230455	-2.603699	1.830932	-0.003105	-0.004868	-0.006148	-54.625274	-70.943015	-10.562941
32265	9.214706	-2.609578	1.778579	-0.002759	-0.003773	0.001453	-54.632611	-70.944352	-10.556517
32266	9.199841	-2.588390	1.826364	0.000637	-0.002056	-0.003861	-54.630802	-70.947682	-10.559366
32267	9.230797	-2.603254	1.829842	-0.001379	-0.004621	-0.000404	-54.636714	-70.950167	-10.553614
32268	9.230854	-2.603274	1.829522	-0.004246	-0.000719	-0.000292	-54.639556	-70.951436	-10.555433
32269	9.208062	-2.611459	1.825688	-0.000769	-0.003451	0.003465	-54.647252	-70.951726	-10.547423
32270	9.237670	-2.601851	1.780858	0.000611	0.001170	0.003869	-54.648732	-70.950334	-10.542998
32271	9.227271	-2.605047	1.853228	-0.001884	-0.002528	0.001591	-54.654018	-70.951193	-10.538213
32272	9.234175	-2.603172	1.804763	0.001247	-0.000886	0.000008	-54.654455	-70.952326	-10.534661
32273	9.214831	-2.610186	1.777037	-0.001247	0.000886	-0.000008	-54.653221	-70.952801	-10.536387
32274	9.234214	-2.603177	1.804556	-0.001380	-0.004621	-0.000404	-54.659389	-70.955232	-10.527974
32275	9.203380	-2.588300	1.800484	-0.002388	-0.000435	0.003586	-54.664047	-70.954465	-10.524159
32276	9.234246	-2.603506	1.803917	0.002362	-0.007277	-0.000379	-54.672080	-70.957951	-10.514789
32277	9.234335	-2.603481	1.803499	-0.002999	-0.001605	-0.000283	-54.674959	-70.959380	-10.513227
32278	9.230942	-2.604375	1.827515	0.001380	-0.000848	-0.001858	-54.673317	-70.961224	-10.507461
32279	9.219707	-2.634331	1.799822	-0.000504	-0.003376	-0.000266	-54.677183	-70.963231	-10.503342
32280	9.231127	-2.604001	1.827110	-0.000479	-0.001132	-0.005735	-54.672577	-70.967126	-10.514797
32281	9.234688	-2.602754	1.802739	-0.000504	-0.003376	-0.000266	-54.676443	-70.969134	-10.510678
32282	9.231305	-2.603638	1.826730	0.000132	0.000038	-0.001866	-54.674520	-70.970889	-10.512541
32283	9.212051	-2.610304	1.799023	0.000397	0.000113	-0.005598	-54.668021	-70.974234	-10.518840
32284	9.231517	-2.602930	1.826665	0.000504	-0.002093	-0.001995	-54.667782	-70.976580	-10.518532
32285	9.231597	-2.602826	1.826412	-0.000504	-0.003376	-0.000266	-54.671651	-70.978588	-10.514411
32286	9.208865	-2.610726	1.822683	0.000132	0.000038	-0.001866	-54.669455	-70.980199	-10.513232
32287	9.227011	-2.578803	1.801911	-0.001512	0.000810	0.003723	-54.672060	-70.978955	-10.511058
32288	9.216854	-2.634114	1.822720	0.001859	-0.005184	0.001616	-54.679084	-70.980666	-10.500784
32289	9.235050	-2.602162	1.801736	-0.001247	0.000885	-0.000008	-54.677849	-70.981142	-10.502512
32290	9.230432	-2.578237	1.777257	-0.001883	-0.002528	0.001592	-54.683848	-70.982163	-10.497695
32291	9.212306	-2.610263	1.797775	-0.001619	-0.002453	-0.002140	-54.685305	-70.984741	-10.496800
32292	9.192816	-2.565119	1.821293	0.003610	-0.002694	0.001890	-54.688088	-70.985483	-10.490754
32293	9.254594	-2.647604	1.777506	-0.001007	0.004186	0.003990	-54.686080	-70.982996	-10.493154
32294	9.196087	-2.564545	1.797418	0.004617	-0.001411	0.000162	-54.685523	-70.984199	-10.486182
32295	9.238322	-2.601995	1.777264	-0.001776	0.000735	0.007455	-54.691967	-70.981234	-10.480108
32296	9.203875	-2.588437	1.797752	0.002734	0.001529	0.004014	-54.691743	-70.979646	-10.476768
32297	9.234516	-2.604090	1.801690	0.000215	0.001057	0.009467	-54.698539	-70.975634	-10.469114
32298	9.222799	-2.582789	1.825710	0.001594	0.000209	0.007609	-54.704333	-70.972798	-10.460197
32299	9.237423	-2.604910	1.777668	0.001066	0.000059	0.015074	-54.717369	-70.966494	-10.445426
32300	9.230136	-2.608087	1.826291	0.000217	0.006526	0.011729	-54.719250	-70.959763	-10.446383
32301	9.198895	-2.594238	1.822828	0.001065	0.000059	0.015076	-54.732273	-70.953456	-10.431626
32302	9.224712	-2.586677	1.802398	-0.000553	0.003076	0.015197	-54.742516	-70.946167	-10.423512
32303	9.206027	-2.620176	1.823458	-0.000685	0.003039	0.017065	-54.754392	-70.937943	-10.411028
32304	9.200967	-2.597643	1.799358	-0.000553	0.003076	0.015199	-54.765216	-70.930702	-10.398353
32305	9.231312	-2.614142	1.803552	0.001200	0.005565	0.015474	-54.771053	-70.922386	-10.391114
32306	9.201076	-2.625707	1.848651	0.000296	0.002078	0.020810	-54.787594	-70.912769	-10.372916
32307	9.223353	-2.619512	1.852342	-0.003685	0.001437	0.016786	-54.803048	-70.905201	-10.358462
32308	9.213750	-2.573113	1.803640	0.000798	-0.000016	0.018816	-54.820549	-70.897297	-10.340190
32309	9.225843	-2.621854	1.828267	-0.000316	0.000908	0.016942	-54.834911	-70.889828	-10.324846
32310	9.206025	-2.630319	1.800715	-0.000553	0.003077	0.015205	-54.845120	-70.882522	-10.315966
32311	9.224922	-2.624769	1.828734	-0.001799	0.003964	0.015197	-54.854524	-70.874860	-10.306769
32312	9.201700	-2.634046	1.825317	-0.002175	0.000626	0.013064	-54.867220	-70.869369	-10.293004
32313	9.231006	-2.625419	1.780826	-0.000789	0.005245	0.013469	-54.872658	-70.862094	-10.287391
32314	9.223718	-2.628443	1.829526	-0.001401	0.004076	0.009597	-54.876759	-70.857044	-10.282115
32315	9.226863	-2.628284	1.805764	0.000855	0.004470	0.007875	-54.876985	-70.852645	-10.281022
32316	9.203735	-2.637088	1.802518	0.000958	0.002264	0.011482	-54.884288	-70.847454	-10.273182
32317	9.218267	-2.606890	1.806245	-0.000258	0.005394	0.006000	-54.882123	-70.843629	-10.275296
32318	9.196299	-2.640360	1.851550	0.001356	0.002376	0.005879	-54.883228	-70.840921	-10.275000
32319	9.217854	-2.607934	1.806847	0.002602	0.001488	0.005887	-54.884586	-70.838436	-10.271649
32320	9.191457	-2.617156	1.827582	0.000745	0.001207	0.002006	-54.883750	-70.837811	-10.269727
32321	9.222178	-2.632660	1.831230	-0.003031	-0.003843	0.005190	-54.894865	-70.837410	-10.259464
32322	9.225624	-2.631872	1.806867	0.000133	0.000037	-0.001868	-54.892446	-70.839027	-10.260366
32323	9.217676	-2.608724	1.806609	-0.002123	-0.000356	-0.000146	-54.893278	-70.839979	-10.260439
32324	9.194864	-2.616735	1.802887	0.000235	-0.002168	0.001738	-54.897464	-70.840699	-10.254300
32325	9.229090	-2.631075	1.782411	0.001113	-0.000925	0.001876	-54.899126	-70.840889	-10.251531
32326	9.214176	-2.610011	1.830533	0.000878	0.001244	0.000138	-54.896658	-70.841264	-10.254346
32327	9.240434	-2.601099	1.810053	0.003369	-0.000531	0.000154	-54.894863	-70.842132	-10.253867
32328	9.191397	-2.617696	1.827111	0.002389	0.000431	-0.003590	-54.888964	-70.844549	-10.262759
32329	9.194928	-2.616535	1.802852	-0.000509	-0.003375	-0.000267	-54.892829	-70.846552	-10.258642
32330	9.214415	-2.609470	1.830098	-0.000885	-0.006713	-0.002402	-54.900230	-70.850832	-10.251864
32331	9.203212	-2.639371	1.801849	-0.000650	-0.008881	-0.000663	-54.911238	-70.854834	-10.240271
32332	9.222773	-2.632121	1.829006	-0.000111	-0.003263	-0.005870	-54.910085	-70.859580	-10.243033
32333	9.200137	-2.639682	1.825051	-0.001254	-0.004581	-0.002272	-54.914110	-70.862920	-10.239199
32334	9.218587	-2.607445	1.803809	-0.001121	-0.004544	-0.004140	-54.916522	-70.867158	-10.237443
32335	9.222279	-2.605930	1.779193	0.000390	-0.005357	-0.007867	-54.915345	-70.873377	-10.238119
32336	9.200795	-2.638328	1.823694	-0.002367	-0.003657	-0.004148	-54.917823	-70.877286	-10.230093
32337	9.227242	-2.628981	1.802808	0.002012	-0.002907	-0.005724	-54.914437	-70.881693	-10.232122
32338	9.216059	-2.606241	1.826420	-0.000856	-0.004470	-0.007875	-54.912999	-70.887642	-10.233705
32339	9.216340	-2.605687	1.825793	-0.000384	-0.008807	-0.004397	-54.920231	-70.893369	-10.225950
32340	9.201799	-2.636279	1.821591	0.000862	-0.009694	-0.004389	-54.927740	-70.899349	-10.218613
32341	9.228337	-2.626981	1.800115	-0.002507	-0.009163	-0.004542	-54.936543	-70.905261	-10.210482
32342	9.240014	-2.648804	1.775283	-0.003885	-0.008313	-0.002682	-54.947285	-70.910092	-10.200138
32343	9.224250	-2.602398	1.774137	-0.001999	-0.005788	-0.004275	-54.951485	-70.914768	-10.196571
32344	9.221025	-2.603021	1.797728	-0.003245	-0.004901	-0.004283	-54.955422	-70.919279	-10.197749
32345	9.217727	-2.603818	1.821449	-0.000508	-0.003375	-0.000266	-54.959312	-70.921280	-10.193606
32346	9.225879	-2.626623	1.821228	-0.003113	-0.004864	-0.006150	-54.961794	-70.926673	-10.193547
32347	9.206687	-2.633225	1.793069	0.000870	-0.004225	-0.002125	-54.964280	-70.929826	-10.190055
32348	9.233048	-2.624136	1.772112	-0.003746	-0.002808	-0.002286	-54.967799	-70.932723	-10.190752
32349	9.255869	-2.564001	1.827014	0.000877	0.001244	0.000137	-54.965013	-70.933016	-10.192834
32350	9.206848	-2.633143	1.792360	-0.002526	-0.005938	0.003196	-54.977275	-70.934283	-10.180336
32351	9.236496	-2.623446	1.747422	-0.001615	0.003018	0.000121	-54.973493	-70.934000	-10.184982
32352	9.206805	-2.581186	1.843646	0.004985	-0.003548	0.000031	-54.975562	-70.936076	-10.180161
32353	9.229699	-2.625524	1.795253	-0.006773	-0.006652	0.002907	-54.990516	-70.937665	-10.168111
32354	9.244490	-2.594800	1.798345	0.001623	0.002450	0.002141	-54.988191	-70.936728	-10.169209
32355	9.199981	-2.635686	1.839880	0.000132	0.000037	-0.001868	-54.985564	-70.938359	-10.171575
32356	9.225060	-2.601834	1.770746	0.000983	-0.000962	0.003743	-54.989601	-70.937707	-10.164345
32357	9.229599	-2.625952	1.795142	0.001009	0.001281	-0.001731	-54.984912	-70.938864	-10.168361
32358	9.228407	-2.601020	1.746768	0.000614	0.001169	0.003872	-54.986438	-70.937577	-10.168887
32359	9.229478	-2.626129	1.795505	0.000640	0.003412	-0.001602	-54.979189	-70.937973	-10.175835
32360	9.198629	-2.610925	1.792073	0.000508	0.003375	0.000266	-54.974459	-70.937556	-10.178019
32361	9.244143	-2.595166	1.799601	0.000008	0.005469	0.002262	-54.968459	-70.935462	-10.184029
32362	9.194966	-2.612042	1.817217	0.001149	0.006787	-0.001336	-54.957458	-70.934801	-10.195416
32363	9.229106	-2.626214	1.797291	0.001623	0.002450	0.002141	-54.954516	-70.933756	-10.197211
32364	9.228988	-2.626314	1.797750	0.001017	0.006750	0.000532	-54.945154	-70.932195	-10.208066
32365	9.232244	-2.625446	1.774358	0.003885	0.008313	0.002682	-54.933477	-70.928967	-10.217732
32366	9.217191	-2.604502	1.823184	0.002131	0.005826	0.002408	-54.926751	-70.926856	-10.224069
32367	9.228510	-2.626609	1.799773	0.001518	0.004656	-0.001464	-54.917446	-70.926776	-10.232660
32368	9.251243	-2.618520	1.803971	0.002026	0.008031	-0.001198	-54.904320	-70.925568	-10.243928
32369	9.189467	-2.588254	1.797290	0.006008	0.008670	0.002828	-54.891093	-70.922152	-10.253947
32370	9.224704	-2.627334	1.826149	0.001650	0.004693	-0.003332	-54.880255	-70.922940	-10.262138
32371	9.220067	-2.603153	1.802441	0.000648	0.008881	0.000662	-54.867755	-70.920469	-10.274639
32372	9.216487	-2.604152	1.827240	0.001385	0.004619	0.000404	-54.860253	-70.919533	-10.283509
32373	9.219907	-2.603012	1.803465	0.002019	0.002562	-0.003460	-54.851598	-70.921075	-10.291109
32374	9.216451	-2.603732	1.828018	0.000272	0.005543	-0.001472	-54.842429	-70.920756	-10.298239
32375	9.219968	-2.602412	1.804020	0.002013	-0.002907	-0.005723	-54.839024	-70.925162	-10.300287
32376	9.213329	-2.655852	1.800855	0.001407	0.001393	-0.007332	-54.829523	-70.928944	-10.304435
32377	9.243012	-2.593419	1.807910	0.000271	0.005543	-0.001472	-54.819724	-70.928570	-10.314304
32378	9.216809	-2.602049	1.828609	0.003127	-0.003831	-0.003847	-54.819039	-70.932533	-10.316134
32379	9.224939	-2.624566	1.828936	0.001915	0.004768	-0.007066	-54.804003	-70.935034	-10.330547
32380	9.225032	-2.624036	1.829233	0.002388	0.000432	-0.003589	-54.797901	-70.937387	-10.337825
32381	9.217082	-2.600627	1.829258	-0.000473	0.004336	-0.003477	-54.788243	-70.938349	-10.347996
32382	9.224055	-2.598354	1.781065	0.000635	-0.002057	-0.003864	-54.786712	-70.941603	-10.346260
32383	9.225250	-2.623081	1.829502	0.000133	0.000037	-0.001867	-54.784070	-70.943231	-10.348642
32384	9.220764	-2.598889	1.805026	-0.002868	-0.001564	-0.002151	-54.785370	-70.945618	-10.350366
32385	9.247072	-2.589815	1.784414	0.001009	0.001281	-0.001730	-54.780669	-70.946770	-10.354393
32386	9.232328	-2.620651	1.780996	-0.001621	-0.002451	-0.002142	-54.782492	-70.949423	-10.353952
32387	9.217501	-2.599428	1.828850	0.000369	-0.002131	-0.000129	-54.784315	-70.950954	-10.351465
32388	9.220934	-2.598368	1.804909	0.002394	0.005901	-0.001326	-54.773281	-70.950383	-10.359158
32389	9.217457	-2.599187	1.829415	-0.002360	0.001811	-0.001884	-54.769645	-70.951432	-10.364102
32390	9.220885	-2.598175	1.805436	-0.001616	0.003018	0.000121	-54.766612	-70.951317	-10.369111
32391	9.251633	-2.613411	1.809371	-0.001379	0.000850	0.001859	-54.767299	-70.950932	-10.368886
32392	9.232200	-2.620584	1.781756	-0.000502	0.002094	0.001996	-54.766572	-70.950174	-10.369137
32393	9.240024	-2.591614	1.833666	0.000507	0.003375	0.000267	-54.761232	-70.949700	-10.374145
32394	9.236669	-2.644485	1.806737	-0.000341	0.004374	-0.005343	-54.750807	-70.951816	-10.388229
32395	9.220674	-2.598122	1.806589	-0.000370	0.002131	0.000129	-54.747523	-70.951817	-10.391593
32396	9.228622	-2.621204	1.807065	0.000507	0.003375	0.000267	-54.742635	-70.951433	-10.396897
32397	9.220583	-2.598057	1.807148	0.001886	0.002526	-0.001592	-54.735876	-70.952108	-10.402571
32398	9.224050	-2.596832	1.783309	0.000773	0.003450	-0.003467	-54.726903	-70.953392	-10.411825
32399	9.201250	-2.604534	1.780062	0.000640	0.003412	-0.001600	-54.719647	-70.953777	-10.418780
32400	9.217138	-2.598285	1.832301	-0.000474	0.004336	-0.003476	-54.710308	-70.954747	-10.427370
32401	9.217064	-2.598234	1.832747	0.000004	0.005469	0.002263	-54.704335	-70.952644	-10.433353
32402	9.216950	-2.598291	1.833238	-0.003099	0.006073	-0.001626	-54.696002	-70.952220	-10.443648
32403	9.280914	-2.602291	1.768705	0.008389	0.003636	-0.003019	-54.682643	-70.953193	-10.452362
32404	9.167707	-2.614822	1.851560	-0.002351	0.012749	0.002643	-54.669084	-70.948679	-10.471003
32405	9.242846	-2.589280	1.814677	-0.000503	0.002094	0.001996	-54.667720	-70.947818	-10.472417
32406	9.197109	-2.605276	1.808024	0.004014	0.008352	0.000820	-54.654672	-70.945542	-10.484434
32407	9.219713	-2.597386	1.812544	-0.003095	0.011542	0.000638	-54.640709	-70.942184	-10.500749
32408	9.216051	-2.598515	1.837434	0.000004	0.005469	0.002264	-54.635116	-70.940218	-10.509562
32409	9.226255	-2.595818	1.765774	0.003511	0.010446	0.002818	-54.620950	-70.936203	-10.522089
32410	9.189350	-2.607778	1.859617	-0.003602	0.008167	0.000371	-54.612865	-70.934180	-10.527306
32411	9.214432	-2.573945	1.791159	-0.001109	0.006393	0.000389	-54.604499	-70.932643	-10.536497
32412	9.218763	-2.598216	1.816181	-0.001746	0.008450	0.004253	-54.598485	-70.928831	-10.544285
32413	9.222060	-2.597545	1.792536	0.001620	0.002451	0.002144	-54.595570	-70.927782	-10.546054
32414	9.226421	-2.621863	1.817319	-0.001376	0.006319	0.004124	-54.591384	-70.924502	-10.548185
32415	9.183955	-2.584941	1.837899	0.001250	0.004582	0.002274	-54.585928	-70.922685	-10.552867
32416	9.199829	-2.631271	1.838700	-0.001750	0.002981	0.001988	-54.584172	-70.921617	-10.558664
32417	9.240832	-2.591389	1.821913	0.000272	0.005544	-0.001469	-54.574387	-70.921228	-10.568520
32418	9.217993	-2.599250	1.818609	0.002123	0.000357	0.000148	-54.572801	-70.921849	-10.565456
32419	9.237313	-2.592195	1.846459	-0.002359	0.001811	-0.001885	-54.569162	-70.922894	-10.570403
32420	9.248758	-2.614234	1.822830	0.001384	0.004620	0.000407	-54.562267	-70.922003	-10.576070
32421	9.217910	-2.598951	1.819458	0.001652	0.004694	-0.003327	-54.551053	-70.922762	-10.586600
32422	9.199672	-2.630585	1.840469	0.000268	0.000074	-0.003734	-54.547156	-70.925304	-10.587882
32423	9.218023	-2.598189	1.819975	0.000540	0.005618	-0.005203	-54.533527	-70.926631	-10.601642
32424	9.195258	-2.605792	1.816677	0.002257	0.000395	-0.001719	-54.529747	-70.928156	-10.604556
32425	9.229441	-2.567513	1.847841	0.001515	-0.000813	-0.003725	-54.525656	-70.930930	-10.607633
32426	9.222728	-2.621316	1.844682	0.000134	0.000037	-0.001867	-54.523860	-70.932654	-10.606793
32427	9.221732	-2.596167	1.796216	-0.002359	0.001811	-0.001885	-54.520217	-70.933698	-10.611744
32428	9.214763	-2.597866	1.844795	0.001652	0.004694	-0.003326	-54.508923	-70.934397	-10.621635
32429	9.249076	-2.611689	1.824862	-0.001348	0.003092	-0.003613	-54.501306	-70.935820	-10.630178
32430	9.252642	-2.610213	1.801064	0.003166	0.003882	-0.007051	-54.486795	-70.938643	-10.645595
32431	9.192093	-2.604476	1.842439	0.001281	0.006825	-0.003196	-54.473031	-70.938627	-10.659046
32432	9.221889	-2.594255	1.798174	0.001145	0.001319	-0.003595	-54.467026	-70.940802	-10.666660
32433	9.206869	-2.572876	1.846696	0.002023	0.008033	-0.001190	-54.453141	-70.939448	-10.679790
32434	9.199053	-2.601780	1.795379	0.002627	-0.001736	-0.001849	-54.451664	-70.941654	-10.678491
32435	9.229945	-2.616512	1.799337	0.002156	0.002600	-0.005322	-54.441047	-70.944034	-10.688083
32436	9.226598	-2.616929	1.823521	0.002020	-0.002906	-0.005721	-54.437968	-70.948343	-10.683884
32437	9.223253	-2.617267	1.847801	0.001920	0.004768	-0.007059	-54.422879	-70.950809	-10.698350
32438	9.218889	-2.592517	1.823672	0.005154	-0.001267	-0.007300	-54.414032	-70.955419	-10.704471
32439	9.188254	-2.576685	1.819973	0.002290	0.002637	-0.007188	-54.401474	-70.958654	-10.716035
32440	9.241948	-2.583288	1.827745	0.002021	0.002563	-0.003455	-54.393034	-70.960323	-10.727601
32441	9.227224	-2.613943	1.824634	0.003268	0.001677	-0.003446	-54.384824	-70.962134	-10.733971
32442	9.219280	-2.590431	1.824658	0.002156	0.002600	-0.005321	-54.374523	-70.964415	-10.737969
32443	9.207803	-2.568057	1.848749	0.002123	0.000358	0.000148	-54.372223	-70.964992	-10.738781
32444	9.188531	-2.575143	1.820754	-0.003639	-0.005016	0.001310	-54.381515	-70.966815	-10.732331
32445	9.235208	-2.584278	1.876079	-0.000506	-0.003376	-0.000269	-54.385359	-70.968832	-10.728236
32446	9.222949	-2.589353	1.799801	-0.000876	-0.001245	-0.000139	-54.387341	-70.970135	-10.723966
32447	9.242260	-2.582350	1.827493	0.000000	0.000000	0.000000	-54.386598	-70.970901	-10.724418
32448	9.219385	-2.590498	1.824031	0.000237	0.003302	0.004002	-54.385218	-70.968738	-10.727456
32449	9.238537	-2.583760	1.852150	0.002494	0.003697	0.002284	-54.380263	-70.967207	-10.730852
32450	9.219053	-2.591101	1.824856	0.003101	0.004868	0.006156	-54.378025	-70.963694	-10.732532
32451	9.230345	-2.613715	1.801350	0.001349	0.002379	0.005878	-54.378983	-70.960928	-10.730366
32452	9.218614	-2.592142	1.825596	0.000979	0.004510	0.006008	-54.377165	-70.957408	-10.734694
32453	9.206867	-2.570590	1.849890	-0.001144	0.004151	0.005860	-54.377141	-70.954059	-10.735079
32454	9.240945	-2.585371	1.829871	-0.000909	0.001984	0.007597	-54.381993	-70.950649	-10.728649
32455	9.222415	-2.617987	1.850962	-0.000268	0.005396	0.005999	-54.379923	-70.946820	-10.730667
32456	9.206129	-2.572511	1.850888	-0.001279	0.004115	0.007727	-54.382071	-70.942815	-10.735429
32457	9.217414	-2.595061	1.827505	0.004247	0.006185	0.002564	-54.373033	-70.940322	-10.742084
32458	9.220729	-2.594519	1.803734	0.001584	0.000210	0.007616	-54.378861	-70.937507	-10.733595
32459	9.217035	-2.596097	1.827945	-0.002897	0.001663	0.005582	-54.382927	-70.935118	-10.730716
32460	9.197296	-2.551579	1.851804	-0.001279	0.004115	0.007728	-54.385686	-70.931119	-10.730392
32461	9.220054	-2.596528	1.804293	-0.002156	0.002871	0.007588	-54.389635	-70.927392	-10.727188
32462	9.216279	-2.598210	1.828756	0.000844	0.004472	0.007877	-54.390618	-70.923128	-10.726178
32463	9.227312	-2.568794	1.856672	-0.001144	0.004152	0.005861	-54.390594	-70.919778	-10.726564
32464	9.189498	-2.608364	1.849868	0.001583	0.000210	0.007618	-54.396754	-70.916979	-10.715881
32465	9.226873	-2.569949	1.857252	-0.000502	0.007564	0.004264	-54.390228	-70.913236	-10.722758
32466	9.188961	-2.609732	1.850605	-0.003438	0.001516	0.013051	-54.401823	-70.907406	-10.713777
32467	9.245790	-2.616960	1.833942	-0.002663	-0.000504	0.007320	-54.410340	-70.904929	-10.706047
32468	9.234100	-2.595508	1.857842	-0.004144	0.002551	0.005573	-54.414341	-70.902359	-10.705641
32469	9.210129	-2.579124	1.805780	-0.003033	0.001627	0.007451	-54.420324	-70.899111	-10.700816
32470	9.207305	-2.605986	1.878513	-0.003303	0.001553	0.011186	-54.430594	-70.894173	-10.689905
32471	9.202754	-2.635193	1.802528	-0.004688	-0.003066	0.010776	-54.447032	-70.890937	-10.675017
32472	9.244572	-2.621382	1.833762	-0.003303	0.001553	0.011187	-54.457939	-70.886139	-10.664062
32473	9.156404	-2.600980	1.846504	-0.004045	0.000346	0.009180	-54.467875	-70.882510	-10.655667
32474	9.216734	-2.607197	1.805868	-0.001413	0.004078	0.009600	-54.472184	-70.877464	-10.649347
32475	9.212876	-2.609168	1.830300	-0.003672	0.003685	0.011319	-54.479463	-70.871726	-10.643536
32476	9.235365	-2.602265	1.834091	-0.003168	0.001590	0.009321	-54.487632	-70.867662	-10.636838
32477	9.181530	-2.595928	1.826545	-0.002800	-0.000541	0.009190	-54.498044	-70.864322	-10.627182
32478	9.212088	-2.611898	1.830373	-0.001787	0.000740	0.007463	-54.505011	-70.861361	-10.617328
32479	9.234696	-2.604696	1.834008	-0.000541	-0.000148	0.007472	-54.511948	-70.858691	-10.609980
32480	9.211690	-2.613293	1.830386	0.001582	0.000208	0.007621	-54.517407	-70.855772	-10.600740
32481	9.230669	-2.607260	1.858435	-0.005285	0.006705	0.011443	-54.521652	-70.848970	-10.599118
32482	9.207562	-2.616057	1.855017	0.004073	-0.001569	0.007641	-54.528400	-70.846740	-10.588706
32483	9.210835	-2.615787	1.831124	-0.001645	0.006247	0.007865	-54.527747	-70.841759	-10.590061
32484	9.214119	-2.615542	1.807143	-0.000174	-0.002280	0.007342	-54.537968	-70.839990	-10.578928
32485	9.241230	-2.632197	1.835119	0.000607	0.001169	0.003877	-54.539026	-70.838559	-10.577105
32486	9.206828	-2.618258	1.855554	-0.001749	0.002983	0.001990	-54.537747	-70.837428	-10.576565
32487	9.213807	-2.616509	1.807336	0.002356	-0.001813	0.001887	-54.539906	-70.837917	-10.572517
32488	9.206684	-2.618613	1.855771	-0.002116	0.005114	0.002121	-54.535680	-70.836064	-10.580624
32489	9.236474	-2.608821	1.811413	0.001013	0.001280	-0.001728	-54.530995	-70.837211	-10.584635
32490	9.203147	-2.619482	1.880120	0.002859	-0.003908	-0.000112	-54.534287	-70.839482	-10.581348
32491	9.233017	-2.609639	1.835433	-0.000368	0.002132	0.000131	-54.531028	-70.839479	-10.584687
32492	9.210184	-2.617548	1.831885	0.000000	0.000000	-0.000000	-54.530515	-70.840357	-10.588019
32493	9.206687	-2.618421	1.856028	0.000135	0.000037	-0.001868	-54.527868	-70.841983	-10.590406
32494	9.218197	-2.640365	1.832206	0.001013	0.001280	-0.001728	-54.523293	-70.843132	-10.594248
32495	9.210289	-2.617019	1.832112	0.001149	0.001317	-0.003596	-54.516690	-70.845138	-10.600209
32496	9.229621	-2.609892	1.859944	0.001246	-0.000888	0.000009	-54.516500	-70.846146	-10.597659
32497	9.210350	-2.616732	1.832210	0.001013	0.001280	-0.001728	-54.511812	-70.847293	-10.601674
32498	9.198863	-2.594532	1.856272	-0.000368	0.002132	0.000131	-54.509290	-70.847343	-10.601197
32499	9.218344	-2.639558	1.832626	0.000639	-0.002058	-0.003867	-54.507251	-70.850598	-10.602635
32500	9.233258	-2.608313	1.836105	0.000645	0.003412	-0.001597	-54.500894	-70.851087	-10.606913
32501	9.202510	-2.592867	1.832503	0.003272	0.001673	-0.003447	-54.492736	-70.852904	-10.613231
32502	9.241286	-2.630756	1.836900	0.002026	0.002561	-0.003456	-54.484690	-70.854489	-10.618689
32503	9.206127	-2.591187	1.808916	0.002026	0.002561	-0.003456	-54.476041	-70.856015	-10.626281
32504	9.199151	-2.592728	1.857365	0.003640	-0.000459	-0.003577	-54.470715	-70.858682	-10.630966
32505	9.222210	-2.636608	1.809637	-0.000974	0.000962	-0.003746	-54.465653	-70.860875	-10.636581
32506	9.210763	-2.614233	1.833702	0.001891	0.002524	-0.001588	-54.459811	-70.861721	-10.642098
32507	9.184468	-2.622898	1.854293	0.002627	-0.001739	-0.001849	-54.458134	-70.863928	-10.641947
32508	9.210841	-2.613924	1.833751	0.000000	0.000000	0.000000	-54.457542	-70.864683	-10.641540
32509	9.214421	-2.612782	1.809594	0.001517	-0.000814	-0.003727	-54.453455	-70.867458	-10.644613
32510	9.214488	-2.612508	1.809649	0.001013	0.001280	-0.001728	-54.449249	-70.868690	-10.648311
32511	9.225815	-2.582376	1.837300	0.002123	0.000356	0.000150	-54.446963	-70.869268	-10.649109
32512	9.233779	-2.605340	1.837708	0.003136	0.001636	-0.001578	-54.441531	-70.870378	-10.652869
32513	9.207416	-2.614110	1.858483	0.000509	0.003375	0.000271	-54.436230	-70.869893	-10.657838
32514	9.218956	-2.636034	1.834620	0.003131	-0.003834	-0.003847	-54.435514	-70.873826	-10.658164
32515	9.225919	-2.581673	1.837768	0.001891	0.002524	-0.001588	-54.428777	-70.874491	-10.663814
32516	9.219061	-2.635560	1.834771	0.000136	0.000037	-0.001868	-54.426658	-70.876272	-10.668247
32517	9.211174	-2.612234	1.834486	-0.001852	-0.000282	-0.003886	-54.423628	-70.878943	-10.672244
32518	9.211278	-2.611988	1.834315	-0.001619	-0.002451	-0.002148	-54.425520	-70.881548	-10.668834
32519	9.211387	-2.611808	1.834022	-0.000374	-0.003338	-0.002139	-54.427431	-70.884424	-10.666705
32520	9.203461	-2.588737	1.833566	-0.002259	-0.000393	0.001718	-54.430461	-70.884603	-10.666356
32521	9.211446	-2.611827	1.833703	-0.000742	-0.001207	-0.002008	-54.429843	-70.886708	-10.667127
32522	9.222803	-2.581799	1.861030	-0.001890	-0.002524	0.001588	-54.435641	-70.887697	-10.663168
32523	9.208029	-2.612851	1.857216	0.001105	-0.006394	-0.000392	-54.442498	-70.890777	-10.654907
32524	9.203657	-2.588947	1.832286	-0.000412	-0.005580	0.003335	-54.453208	-70.891922	-10.643350
32525	9.215181	-2.611295	1.807872	-0.000276	-0.005543	0.001467	-54.461503	-70.893851	-10.634406
32526	9.208231	-2.613260	1.855638	-0.000141	-0.005507	-0.000401	-54.468705	-70.896708	-10.623693
32527	9.246125	-2.626476	1.810866	0.001614	-0.003019	-0.000121	-54.470996	-70.898536	-10.619957
32528	9.203892	-2.589271	1.830644	-0.003136	-0.001636	0.001579	-54.476043	-70.899074	-10.613649
32529	9.230196	-2.580412	1.810232	0.002768	0.003768	-0.001448	-54.467258	-70.899262	-10.620934
32530	9.234632	-2.604444	1.834688	-0.001890	-0.002524	0.001588	-54.472666	-70.900205	-10.618557
32531	9.226643	-2.581623	1.834200	0.000098	-0.002205	0.003606	-54.478313	-70.900024	-10.612189
32532	9.203770	-2.589785	1.830530	0.000742	0.001207	0.002008	-54.478171	-70.899548	-10.610601
32533	9.215141	-2.612254	1.806690	-0.000406	-0.000110	0.005604	-54.483206	-70.897738	-10.605185
32534	9.230806	-2.606682	1.858565	0.000975	-0.000961	0.003746	-54.487292	-70.897108	-10.598162
32535	9.234224	-2.606155	1.834313	-0.001283	-0.001354	0.005465	-54.494369	-70.895777	-10.591118
32536	9.207812	-2.615446	1.854639	0.000097	-0.002205	0.003606	-54.500541	-70.895682	-10.584376
32537	9.234039	-2.606958	1.834100	-0.004007	0.002590	0.003708	-54.502179	-70.893857	-10.584739
32538	9.233895	-2.607428	1.834157	-0.000406	-0.000110	0.005605	-54.507366	-70.892047	-10.578872
32539	9.237315	-2.606822	1.810003	-0.000135	-0.000037	0.001868	-54.508555	-70.891954	-10.577362
32540	9.210878	-2.616029	1.830563	0.000472	0.001133	0.005745	-54.512059	-70.889742	-10.572809
32541	9.217765	-2.614641	1.782261	-0.001284	-0.001354	0.005465	-54.519132	-70.888410	-10.565768
32542	9.207091	-2.617878	1.854787	-0.000871	0.004226	0.002129	-54.515376	-70.886715	-10.567558
32543	9.221867	-2.587080	1.858333	0.001110	-0.000925	0.001878	-54.517057	-70.886913	-10.564773
32544	9.176178	-2.603129	1.851026	-0.000271	-0.000074	0.003737	-54.520976	-70.886020	-10.557154
32545	9.233193	-2.609899	1.834179	-0.003040	-0.003841	0.005185	-54.532134	-70.885645	-10.546855
32546	9.210326	-2.618073	1.830419	-0.000368	0.002132	0.000131	-54.529128	-70.885724	-10.551998
32547	9.233166	-2.610178	1.833917	-0.001388	-0.004618	-0.000410	-54.535018	-70.888218	-10.546271
32548	9.202438	-2.595077	1.829736	-0.001013	-0.001280	0.001729	-54.538578	-70.888625	-10.542009
32549	9.221870	-2.640375	1.805871	-0.001756	-0.002487	-0.000280	-54.541935	-70.890349	-10.539187
32550	9.198992	-2.596133	1.853393	-0.001756	-0.002487	-0.000280	-54.545514	-70.892136	-10.537758
32551	9.210521	-2.618174	1.829291	-0.000743	-0.001207	-0.002008	-54.544909	-70.894241	-10.538515
32552	9.210528	-2.618278	1.829106	-0.003272	-0.001672	0.003448	-54.552144	-70.894041	-10.532810
32553	9.225396	-2.587480	1.832217	-0.000510	-0.003375	-0.000270	-54.555996	-70.896056	-10.528709
32554	9.225362	-2.587656	1.832142	-0.000638	0.002058	0.003868	-54.557166	-70.894445	-10.527713
32555	9.202404	-2.596076	1.828488	-0.000173	-0.002279	0.007343	-54.566651	-70.892541	-10.517447
32556	9.210264	-2.619665	1.828451	-0.000781	-0.003449	0.003467	-54.575035	-70.892944	-10.508385
32557	9.210177	-2.620093	1.828272	-0.000405	-0.000111	0.005606	-54.580062	-70.891131	-10.502978
32558	9.187275	-2.628414	1.824461	-0.000781	-0.003449	0.003467	-54.588434	-70.891510	-10.493128
32559	9.224932	-2.589791	1.831288	0.001110	-0.000925	0.001878	-54.590118	-70.891708	-10.490340
32560	9.202097	-2.597836	1.827531	0.000232	-0.002168	0.001738	-54.594279	-70.892455	-10.486148
32561	9.232800	-2.613293	1.831322	-0.001515	0.000815	0.003728	-54.596895	-70.891211	-10.483965
32562	9.224763	-2.590535	1.831089	0.004344	-0.001496	0.003905	-54.600144	-70.890738	-10.476262
32563	9.216738	-2.567856	1.830689	-0.002162	-0.002597	0.005327	-54.609259	-70.889880	-10.467592
32564	9.209666	-2.622450	1.827472	-0.000772	0.002021	0.005737	-54.612386	-70.887395	-10.463822
32565	9.228770	-2.616141	1.855382	0.000338	0.001096	0.007615	-54.617280	-70.884241	-10.458104
32566	9.220674	-2.593578	1.855191	-0.000270	-0.000074	0.003738	-54.620741	-70.883418	-10.457267
32567	9.231930	-2.616238	1.831499	0.000849	0.004471	0.007886	-54.621051	-70.879019	-10.456091
32568	9.231719	-2.616870	1.831662	-0.002529	-0.000465	0.005458	-54.628040	-70.877478	-10.450852
32569	9.242983	-2.639612	1.807805	0.002461	0.001450	0.007765	-54.631378	-70.874137	-10.445493
32570	9.231382	-2.617926	1.831852	-0.002625	0.001741	0.001851	-54.632041	-70.873490	-10.444517
32571	9.208377	-2.626269	1.828482	0.000849	0.004470	0.007886	-54.632349	-70.869090	-10.443342
32572	9.234474	-2.618063	1.808275	-0.000772	0.002021	0.005738	-54.635179	-70.866607	-10.442605
32573	9.207970	-2.627338	1.828996	0.001486	0.002412	0.004018	-54.634195	-70.864698	-10.442411
32574	9.245528	-2.588855	1.836311	0.000241	0.003301	0.004009	-54.633002	-70.862581	-10.445161
32575	9.207671	-2.627969	1.829595	0.000377	0.003338	0.002140	-54.629613	-70.861242	-10.448187
32576	9.230346	-2.620362	1.833589	0.002365	0.003655	0.004158	-54.627169	-70.858973	-10.449965
32577	9.207334	-2.628686	1.830260	-0.002018	0.002910	0.005729	-54.629158	-70.856099	-10.448750
32578	9.229942	-2.621301	1.834279	-0.001370	0.006322	0.004131	-54.625259	-70.852938	-10.453437
32579	9.221864	-2.598600	1.834260	-0.002395	-0.000427	0.003589	-54.629911	-70.852171	-10.449632
32580	9.229696	-2.621885	1.834682	0.001391	0.004617	0.000411	-54.622752	-70.851284	-10.458134
32581	9.244464	-2.591024	1.838608	0.002134	0.005824	0.002421	-54.615284	-70.848989	-10.464413
32582	9.175847	-2.614803	1.828184	0.002500	0.003692	0.002290	-54.610999	-70.847499	-10.464423
32583	9.229286	-2.622270	1.836193	-0.001099	0.006395	0.000393	-54.602679	-70.845961	-10.473564
32584	9.194876	-2.608223	1.856837	-0.001883	0.002947	0.003860	-54.603346	-70.844077	-10.474953
32585	9.217568	-2.600659	1.860707	-0.001747	0.002984	0.001991	-54.601513	-70.842924	-10.477621
32586	9.194638	-2.608795	1.857214	0.001852	0.000280	0.003888	-54.603731	-70.841883	-10.473461
32587	9.236686	-2.646529	1.837380	-0.003127	0.003837	0.003851	-54.603320	-70.839579	-10.475460
32588	9.197977	-2.608328	1.833318	-0.000743	-0.001206	-0.002010	-54.603308	-70.841794	-10.476175
32589	9.205917	-2.631357	1.833545	-0.002490	0.001778	-0.000019	-54.601602	-70.841980	-10.479158
32590	9.197982	-2.608286	1.833352	0.000000	0.000000	-0.000000	-54.601304	-70.842833	-10.480028
32591	9.205901	-2.631379	1.833594	0.000000	0.000000	-0.000000	-54.600581	-70.843601	-10.480461
32592	9.232270	-2.622459	1.813149	0.002259	0.000390	-0.001720	-54.596658	-70.845070	-10.482801
32593	9.194495	-2.609079	1.857522	-0.005492	0.000182	-0.000309	-54.598542	-70.845922	-10.483805
32594	9.205914	-2.631495	1.833365	0.000325	-0.004374	0.005346	-54.608630	-70.845639	-10.473126
32595	9.228800	-2.623771	1.836492	-0.000890	-0.006712	-0.002412	-54.615140	-70.849761	-10.466441
32596	9.217475	-2.601613	1.859835	-0.001527	-0.004654	0.001458	-54.623497	-70.851488	-10.458542
32597	9.221081	-2.600642	1.835302	-0.000377	-0.003338	-0.002141	-54.625437	-70.854362	-10.456385
32598	9.224696	-2.599582	1.810841	-0.000513	-0.003375	-0.000271	-54.630088	-70.856544	-10.452760
32599	9.201895	-2.607527	1.806965	-0.001014	-0.001280	0.001729	-54.633321	-70.856928	-10.449620
32600	9.221144	-2.600897	1.834624	-0.002395	-0.000427	0.003589	-54.638113	-70.856187	-10.446416
32601	9.209713	-2.578919	1.858262	0.001977	-0.005153	-0.000253	-54.642953	-70.858781	-10.439760
32602	9.214192	-2.655084	1.831079	-0.000366	0.002132	0.000131	-54.640170	-70.858927	-10.445521
32603	9.198335	-2.609075	1.830458	-0.001663	-0.004691	0.003328	-54.649895	-70.859695	-10.435903
32604	9.202826	-2.633245	1.854201	0.002709	-0.009417	-0.000515	-54.660210	-70.863849	-10.421795
32605	9.232835	-2.623403	1.808904	-0.000147	-0.005506	-0.000402	-54.666607	-70.866629	-10.414780
32606	9.232913	-2.623467	1.808413	-0.001527	-0.004654	0.001459	-54.675138	-70.868370	-10.406166
32607	9.221515	-2.601491	1.831916	-0.000648	-0.003411	0.001599	-54.680913	-70.869521	-10.400114
32608	9.232949	-2.623863	1.807652	0.000461	-0.004337	0.003477	-54.689422	-70.870125	-10.389811
32609	9.191740	-2.611632	1.875663	0.000219	-0.007638	-0.000532	-54.698366	-70.873672	-10.379879
32610	9.206756	-2.632954	1.827030	-0.001662	-0.004691	0.003329	-54.708462	-70.874471	-10.369372
32611	9.202439	-2.609045	1.801998	-0.000660	-0.008881	-0.000672	-54.719459	-70.878493	-10.357801
32612	9.234177	-2.649422	1.853698	-0.000417	-0.005580	0.003338	-54.730096	-70.879596	-10.346276
32613	9.221891	-2.602527	1.828548	-0.003651	-0.005007	0.001311	-54.739478	-70.881408	-10.338228
32614	9.256217	-2.616868	1.807774	0.001976	-0.005153	-0.000252	-54.744822	-70.884083	-10.331634
32615	9.199189	-2.610444	1.824201	-0.003368	0.000536	-0.000157	-54.745160	-70.884747	-10.332985
32616	9.225534	-2.601796	1.803378	0.000827	-0.006469	0.003347	-54.756474	-70.886129	-10.318220
32617	9.218586	-2.603956	1.851028	-0.004530	-0.006250	0.001172	-54.767910	-70.888415	-10.308531
32618	9.207197	-2.634236	1.822956	-0.004151	-0.002912	0.003312	-54.777295	-70.888818	-10.305533
32619	9.222096	-2.603643	1.825924	-0.001662	-0.004691	0.003330	-54.787043	-70.889578	-10.295892
32620	9.233554	-2.625939	1.801539	-0.001392	-0.004617	-0.000410	-54.793676	-70.892147	-10.288126
32621	9.199341	-2.611923	1.821318	-0.003920	-0.005081	0.005051	-54.806890	-70.892228	-10.276187
32622	9.222077	-2.604622	1.824623	-0.003772	0.000425	0.005452	-54.813095	-70.890312	-10.271559
32623	9.221948	-2.605184	1.824471	-0.003407	-0.001707	0.005322	-54.821710	-70.889152	-10.264175
32624	9.198993	-2.613611	1.820653	-0.005896	0.000072	0.005305	-54.829766	-70.887497	-10.259715
32625	9.225173	-2.605198	1.800310	0.000014	0.005469	0.002271	-54.823816	-70.885397	-10.265672
32626	9.210080	-2.636534	1.797202	-0.002893	0.001667	0.005592	-54.828007	-70.883073	-10.264940
32627	9.217846	-2.608141	1.848819	-0.000174	-0.002281	0.007349	-54.837470	-70.881152	-10.254697
32628	9.209788	-2.637581	1.797160	0.001624	0.002448	0.002149	-54.835070	-70.880215	-10.257099
32629	9.209715	-2.637843	1.797150	-0.002028	-0.002559	0.003461	-54.842271	-70.880206	-10.250377
32630	9.206197	-2.638962	1.821168	0.003368	-0.000537	0.000157	-54.840883	-70.881176	-10.251281
32631	9.221150	-2.607894	1.824634	0.002259	0.000390	-0.001722	-54.836709	-70.882623	-10.253997
32632	9.229155	-2.630595	1.824910	0.005017	-0.001315	-0.005444	-54.830230	-70.886472	-10.258149
32633	9.206424	-2.638161	1.821181	-0.003003	-0.001595	-0.000288	-54.833120	-70.887901	-10.256581
32634	9.210048	-2.636829	1.796934	0.005152	-0.001278	-0.007314	-54.824618	-70.892609	-10.263252
32635	9.221577	-2.606526	1.824429	0.002354	-0.001816	0.001887	-54.826808	-70.893093	-10.259175
32636	9.210276	-2.636119	1.796806	0.003162	-0.001594	-0.009332	-54.817948	-70.898728	-10.262633
32637	9.226333	-2.629457	1.848666	0.001649	-0.000778	-0.005601	-54.812002	-70.902376	-10.267594
32638	9.202747	-2.559799	1.847815	-0.000379	-0.003337	-0.002140	-54.814149	-70.905275	-10.265790
32639	9.248543	-2.648010	1.751707	0.005979	-0.007747	-0.003966	-54.816707	-70.910458	-10.259126
32640	9.226777	-2.628203	1.848233	-0.000045	0.009918	-0.006817	-54.796583	-70.911242	-10.280957
32641	9.222445	-2.603682	1.824105	0.006724	-0.006541	-0.001956	-54.798999	-70.915087	-10.273993
32642	9.211092	-2.633377	1.796647	-0.000828	0.006469	-0.003348	-54.786929	-70.915245	-10.285240
32643	9.253368	-2.617988	1.828369	0.007410	-0.000887	-0.009034	-54.774538	-70.920536	-10.293526
32644	9.177052	-2.617984	1.817549	0.002637	0.003728	0.000418	-54.768280	-70.919953	-10.297543
32645	9.248932	-2.593434	1.804808	0.004395	0.006213	0.000697	-54.757305	-70.918342	-10.306160
32646	9.195242	-2.586047	1.797957	0.003516	0.004971	0.000557	-54.748537	-70.917246	-10.314169
32647	9.229281	-2.600597	1.778324	0.001501	0.007881	0.006288	-54.742313	-70.912466	-10.319514
32648	9.195663	-2.611807	1.847881	-0.001732	0.008454	0.004261	-54.735539	-70.908486	-10.327380
32649	9.225170	-2.602548	1.804155	0.000770	0.012145	0.006550	-54.724229	-70.902173	-10.338551
32650	9.221326	-2.604153	1.829085	0.000852	0.004470	0.007889	-54.725328	-70.897879	-10.335446
32651	9.175197	-2.620957	1.822623	-0.001150	0.012851	0.015890	-54.723096	-70.886963	-10.338173
32652	9.220312	-2.606546	1.830786	-0.001028	0.007418	0.011751	-54.724767	-70.879842	-10.335576
32653	9.196942	-2.615676	1.828034	0.000094	0.011962	0.015902	-54.723036	-70.869214	-10.337019
32654	9.227095	-2.632299	1.832852	-0.000284	0.008624	0.013763	-54.724415	-70.860751	-10.335251
32655	9.214354	-2.586244	1.809028	-0.000014	0.008697	0.010023	-54.721542	-70.853953	-10.337969
32656	9.226164	-2.634501	1.834374	-0.001164	0.007382	0.013624	-54.725210	-70.846044	-10.335602
32657	9.164286	-2.604955	1.827359	0.003490	0.008197	0.008313	-54.719377	-70.840212	-10.339328
32658	9.198073	-2.620190	1.808107	-0.000879	0.012925	0.012157	-54.713789	-70.831050	-10.344295
32659	9.187005	-2.624159	1.881366	-0.001909	0.006177	0.011615	-54.716915	-70.824342	-10.341812
32660	9.189295	-2.599283	1.809243	0.001459	0.005639	0.011775	-54.719444	-70.817659	-10.332174
32661	9.204668	-2.646409	1.810368	-0.002001	0.008382	0.008007	-54.716224	-70.811908	-10.336465
32662	9.200762	-2.648198	1.835172	0.000351	0.006565	0.009896	-54.716408	-70.806053	-10.339625
32663	9.242544	-2.634322	1.867231	0.000487	0.006602	0.008026	-54.714176	-70.800882	-10.341362
32664	9.207213	-2.595624	1.839438	-0.001137	0.004155	0.005875	-54.714863	-70.797704	-10.343139
32665	9.188406	-2.628286	1.860573	0.003946	0.003858	0.011797	-54.717917	-70.791679	-10.337180
32666	9.191659	-2.627947	1.836985	0.000896	0.006712	0.002415	-54.710642	-70.789137	-10.341442
32667	9.191402	-2.628504	1.837474	-0.001410	0.004082	0.009617	-54.714391	-70.784057	-10.337996
32668	9.225414	-2.643494	1.817496	-0.000637	0.002059	0.003873	-54.715195	-70.782416	-10.339571
32669	9.191009	-2.629610	1.837854	-0.002897	0.001672	0.005594	-54.719209	-70.780015	-10.336746
32670	9.213661	-2.622342	1.841678	0.001351	0.002374	0.005895	-54.720974	-70.777409	-10.334893
32671	9.190644	-2.630606	1.838258	-0.001880	0.002950	0.003864	-54.721048	-70.775394	-10.335624
32672	9.224766	-2.645254	1.818227	-0.000500	0.002096	0.002002	-54.720476	-70.774648	-10.335775
32673	9.208899	-2.599330	1.818028	-0.002244	0.005082	0.003995	-54.718025	-70.771866	-10.339401
32674	9.175272	-2.662409	1.835538	-0.000137	-0.000037	0.001871	-54.719482	-70.771821	-10.338423
32675	9.232321	-2.617099	1.870356	-0.002397	-0.000424	0.003591	-54.724119	-70.771050	-10.334636
32676	9.190189	-2.631831	1.838777	0.003868	-0.002636	-0.001843	-54.723738	-70.773700	-10.333382
32677	9.178831	-2.609737	1.862340	-0.005038	-0.004149	0.003168	-54.734484	-70.774360	-10.324727
32678	9.243059	-2.614636	1.796859	0.001317	-0.008566	0.001345	-54.746541	-70.777476	-10.311680
32679	9.194671	-2.656255	1.861822	-0.000000	0.000000	0.000000	-54.745829	-70.778245	-10.312101
32680	9.243123	-2.614754	1.796358	0.001471	-0.003060	0.001749	-54.750528	-70.779334	-10.308201
32681	9.167513	-2.640143	1.833565	-0.001244	0.000891	-0.000009	-54.749325	-70.779813	-10.309899
32682	9.239483	-2.616076	1.820462	-0.002897	0.001672	0.005594	-54.753606	-70.777516	-10.309778
32683	9.186666	-2.633834	1.861319	0.002851	-0.003914	-0.000113	-54.756408	-70.779632	-10.304750
32684	9.224443	-2.647326	1.816849	-0.002624	0.001745	0.001852	-54.757306	-70.779092	-10.306010
32685	9.193711	-2.632113	1.812969	0.001244	-0.000891	0.000009	-54.757087	-70.780152	-10.305156
32686	9.212984	-2.625333	1.840804	0.000744	0.001205	0.002012	-54.756591	-70.779636	-10.305235
32687	9.224308	-2.647762	1.816900	-0.001153	-0.001315	0.003601	-54.761721	-70.779154	-10.300171
32688	9.193592	-2.632526	1.812971	0.002260	0.000387	-0.001721	-54.758186	-70.780718	-10.303087
32689	9.186507	-2.634355	1.861367	-0.003731	0.002672	-0.000028	-54.755999	-70.780617	-10.307336
32690	9.212861	-2.625625	1.841005	0.002124	0.000351	0.000150	-54.754239	-70.781245	-10.306580
32691	9.216333	-2.624693	1.817192	-0.001090	0.006397	0.000395	-54.745942	-70.779714	-10.315698
32692	9.209163	-2.626627	1.865840	-0.000363	0.002132	0.000132	-54.743304	-70.779792	-10.317741
32693	9.212690	-2.625532	1.841990	-0.000454	0.004338	-0.003479	-54.733731	-70.780754	-10.327823
32694	9.204789	-2.654316	1.790661	0.000654	0.003411	-0.001598	-54.727268	-70.781260	-10.334132
32695	9.196970	-2.630858	1.790729	0.002170	0.002593	-0.005331	-54.716773	-70.783664	-10.343598
32696	9.227793	-2.593579	1.846277	0.002397	0.000424	-0.003591	-54.711555	-70.786177	-10.349906
32697	9.194397	-2.655939	1.863626	-0.002958	0.000649	-0.005773	-54.706183	-70.789431	-10.357059
32698	9.212932	-2.623783	1.843273	-0.001318	0.008566	-0.001344	-54.693663	-70.788052	-10.372392
32699	9.201447	-2.653639	1.816149	-0.002351	0.001818	-0.001890	-54.690063	-70.789103	-10.377301
32700	9.231443	-2.591489	1.823236	-0.000317	0.004375	-0.005349	-54.678786	-70.791009	-10.391643
32701	9.201492	-2.653029	1.816810	-0.001834	0.005192	-0.001617	-54.670621	-70.790813	-10.401073
32702	9.209345	-2.623873	1.868814	-0.000227	0.002169	-0.001739	-54.666392	-70.791750	-10.402308
32703	9.216431	-2.621825	1.820829	-0.000591	0.004301	-0.001607	-54.658718	-70.791844	-10.410463
32704	9.201448	-2.600300	1.869379	0.001443	0.006858	-0.005066	-54.643719	-70.792783	-10.424649
32705	9.201463	-2.652277	1.818058	-0.002777	-0.003762	0.001447	-54.651020	-70.794123	-10.418273
32706	9.205051	-2.598988	1.845503	-0.003031	0.008325	-0.007106	-54.634747	-70.795537	-10.436673
32707	9.209383	-2.622765	1.870184	-0.002124	-0.000351	-0.000151	-54.635578	-70.796493	-10.436752
32708	9.216494	-2.620782	1.822011	0.001897	0.002520	-0.001588	-54.629387	-70.797201	-10.440354
32709	9.160115	-2.639205	1.887355	-0.002852	0.003913	0.000113	-54.625165	-70.796619	-10.446224
32710	9.247094	-2.636219	1.826257	0.000090	-0.002206	0.003610	-54.631540	-70.796550	-10.438985
32711	9.189858	-2.630052	1.842972	-0.001366	0.006324	0.004138	-54.627067	-70.793288	-10.444220
32712	9.189737	-2.630265	1.843269	-0.001244	0.000891	-0.000009	-54.626378	-70.793924	-10.448745
32713	9.216065	-2.621777	1.822754	-0.001291	-0.001352	0.005471	-54.633426	-70.792585	-10.441735
32714	9.178061	-2.608869	1.867346	-0.003853	0.008105	0.004119	-54.628503	-70.788859	-10.450308
32715	9.215722	-2.622656	1.823221	0.000089	-0.002206	0.003610	-54.634132	-70.788673	-10.443962
32716	9.185700	-2.632700	1.867682	0.000970	-0.000964	0.003751	-54.638417	-70.788176	-10.440400
32717	9.207698	-2.600223	1.822829	-0.001518	0.000817	0.003732	-54.641029	-70.786930	-10.438224
32718	9.219808	-2.647655	1.847350	0.001470	-0.003060	0.001748	-54.645609	-70.787956	-10.432285
32719	9.189114	-2.632582	1.843071	-0.001671	-0.004689	0.003327	-54.655308	-70.788725	-10.422699
32720	9.215463	-2.624258	1.822225	-0.002172	-0.002594	0.005330	-54.665201	-70.788009	-10.414231
32721	9.215441	-2.624491	1.822003	0.003731	-0.002672	0.000028	-54.665963	-70.789650	-10.410830
32722	9.211901	-2.625476	1.846011	0.002350	-0.001818	0.001890	-54.668851	-70.790206	-10.404214
32723	9.234640	-2.618181	1.849475	-0.002446	-0.002667	0.009072	-54.681744	-70.787617	-10.391714
32724	9.188831	-2.634376	1.841920	0.002213	-0.001855	0.003761	-54.686341	-70.787359	-10.386951
32725	9.200193	-2.604898	1.869156	-0.000702	-0.005653	0.007079	-54.700345	-70.786690	-10.372217
32726	9.222929	-2.649879	1.820810	0.000542	-0.006544	0.007089	-54.715219	-70.786276	-10.352201
32727	9.203602	-2.605252	1.843894	-0.000702	-0.005653	0.007080	-54.729221	-70.785604	-10.337468
32728	9.223544	-2.676223	1.868082	-0.002463	-0.008136	0.006797	-54.747421	-70.785987	-10.323330
32729	9.207114	-2.605374	1.818417	-0.000291	-0.005543	0.001466	-54.755714	-70.787903	-10.314394
32730	9.211439	-2.629838	1.842104	-0.001219	-0.009027	0.006807	-54.774536	-70.788550	-10.297130
32731	9.237796	-2.621586	1.821097	0.000090	-0.002206	0.003611	-54.780166	-70.788358	-10.290785
32732	9.211327	-2.630747	1.841367	-0.000047	-0.002243	0.005483	-54.788401	-70.787458	-10.283797
32733	9.218319	-2.629339	1.792861	0.001196	-0.003134	0.005492	-54.796425	-70.786692	-10.274244
32734	9.211092	-2.631833	1.840992	-0.000546	-0.000147	0.007486	-54.803984	-70.784164	-10.269124
32735	9.233820	-2.624576	1.844494	-0.002035	-0.002556	0.003461	-54.811157	-70.784158	-10.262433
32736	9.210947	-2.632617	1.840592	0.000226	-0.002169	0.001740	-54.815636	-70.784997	-10.259039
32737	9.215177	-2.656849	1.865075	0.002506	0.003687	0.002295	-54.810716	-70.783475	-10.262400
32738	9.229358	-2.601150	1.820034	0.002576	-0.003988	0.003630	-54.817627	-70.783899	-10.253000
32739	9.218542	-2.656553	1.840880	-0.002896	0.001673	0.005596	-54.821635	-70.781496	-10.250184
32740	9.218477	-2.656750	1.840923	0.000137	0.000037	-0.001872	-54.819919	-70.783188	-10.248598
32741	9.202793	-2.610597	1.840371	-0.001154	-0.001314	0.003602	-54.825053	-70.782705	-10.243531
32742	9.214076	-2.633208	1.816319	-0.001291	-0.001351	0.005474	-54.832456	-70.781413	-10.236599
32743	9.214699	-2.658770	1.864698	-0.002534	-0.000460	0.005465	-54.838995	-70.779775	-10.230882
32744	9.213821	-2.634285	1.816051	-0.001291	-0.001351	0.005474	-54.846451	-70.778484	-10.223212
32745	9.213723	-2.634635	1.816037	0.000744	0.001204	0.002013	-54.845608	-70.777914	-10.223324
32746	9.183635	-2.644681	1.860893	-0.001134	0.004155	0.005879	-54.845790	-70.774591	-10.224029
32747	9.213519	-2.635255	1.816175	0.001086	-0.006398	-0.000396	-54.852686	-70.777657	-10.215737
32748	9.217848	-2.659220	1.840505	0.001536	0.004651	-0.001458	-54.844109	-70.777677	-10.224203
32749	9.236404	-2.627212	1.820052	-0.001107	0.000928	-0.001881	-54.841014	-70.779022	-10.227823
32750	9.194316	-2.589623	1.840310	0.001400	0.004615	0.000414	-54.834784	-70.778214	-10.231829
32751	9.190652	-2.642682	1.813103	0.001605	-0.003024	-0.000123	-54.837108	-70.780039	-10.228064
32752	9.213439	-2.635101	1.816806	-0.004365	0.004734	0.003848	-54.836967	-70.777495	-10.227892
32753	9.232585	-2.628654	1.844871	0.002732	0.001517	0.004035	-54.836480	-70.775874	-10.226420
32754	9.182403	-2.620516	1.813599	-0.003846	0.008108	0.004121	-54.831503	-70.772074	-10.232585
32755	9.197946	-2.667134	1.814113	0.000813	-0.006471	0.003348	-54.842194	-70.773412	-10.220440
32756	9.209375	-2.637362	1.841666	-0.001086	0.006398	0.000396	-54.833990	-70.771951	-10.232443
32757	9.220732	-2.607630	1.869526	-0.001517	0.000818	0.003735	-54.836591	-70.770702	-10.230279
32758	9.224089	-2.659150	1.793848	0.000089	-0.002206	0.003612	-54.842487	-70.770541	-10.223901
32759	9.212585	-2.637335	1.817893	-0.000116	0.005433	0.004149	-54.838482	-70.767575	-10.227885
32760	9.190342	-2.670400	1.862961	0.001106	-0.000928	0.001881	-54.840511	-70.767842	-10.225919
32761	9.238731	-2.629264	1.797772	-0.004501	0.004698	0.005721	-54.841491	-70.764383	-10.227284
32762	9.182260	-2.647870	1.863147	0.001899	0.002519	-0.001589	-54.835540	-70.765190	-10.232628
32763	9.234903	-2.630639	1.822713	-0.001858	0.008421	0.006145	-54.830412	-70.760303	-10.238858
32764	9.204671	-2.640801	1.867997	0.000765	0.006674	0.004292	-54.825019	-70.757006	-10.245991
32765	9.211565	-2.639192	1.820365	0.000902	0.006711	0.002420	-54.817087	-70.754428	-10.253517
32766	9.215692	-2.663470	1.845152	-0.000499	0.002096	0.002004	-54.816575	-70.753644	-10.252128
32767	9.203535	-2.616360	1.820762	0.001762	0.002482	0.000283	-54.811803	-70.753462	-10.255784
32768	9.234119	-2.631891	1.824875	0.000607	0.001168	0.003886	-54.813555	-70.752200	-10.256125
32769	9.214742	-2.638867	1.797242	0.003005	0.001590	0.000293	-54.809276	-70.752309	-10.258505
32770	9.184710	-2.648523	1.842183	0.001401	0.004614	0.000416	-54.802523	-70.751437	-10.264461
32771	9.184706	-2.648342	1.842464	0.002399	0.000422	-0.003593	-54.796481	-70.753750	-10.269075
32772	9.204010	-2.641345	1.870486	0.000519	0.003374	0.000274	-54.792115	-70.753364	-10.271336
32773	9.230383	-2.632548	1.850329	0.001900	0.002518	-0.001589	-54.785445	-70.754046	-10.276919
32774	9.207528	-2.640223	1.846795	0.000000	0.000000	-0.000000	-54.785152	-70.754907	-10.278718
32775	9.180402	-2.623914	1.818809	0.000881	0.001241	0.000142	-54.782415	-70.755201	-10.280752
32776	9.207499	-2.640184	1.846996	0.005491	-0.000194	0.000312	-54.780031	-70.756030	-10.279561
32777	9.207515	-2.640162	1.846947	-0.003005	-0.001590	-0.000293	-54.782906	-70.757463	-10.278010
32778	9.211104	-2.639195	1.822694	0.004610	-0.001434	0.000170	-54.781857	-70.758610	-10.274706
32779	9.207558	-2.640197	1.846683	-0.001900	-0.002518	0.001589	-54.787125	-70.759469	-10.269950
32780	9.180449	-2.623958	1.818507	0.003367	-0.000543	0.000161	-54.786071	-70.760427	-10.268147
32781	9.238276	-2.655515	1.850435	-0.000744	-0.001204	-0.002014	-54.785505	-70.762538	-10.268869
32782	9.180569	-2.623744	1.818210	0.000724	-0.004265	-0.000264	-54.790281	-70.764937	-10.264617
32783	9.245621	-2.601360	1.853149	0.001243	-0.000892	0.000010	-54.790073	-70.765998	-10.263754
32784	9.207738	-2.639996	1.846071	0.002124	0.000349	0.000151	-54.788310	-70.766703	-10.266510
32785	9.203477	-2.615902	1.821709	0.001243	-0.000892	0.000010	-54.788102	-70.767763	-10.265648
32786	9.211184	-2.639454	1.821914	-0.000686	-0.000182	0.009361	-54.797038	-70.764322	-10.260869
32787	9.222515	-2.610110	1.849355	0.000087	-0.002206	0.003612	-54.802665	-70.764130	-10.254528
32788	9.230248	-2.633644	1.849441	0.002074	-0.001893	0.005636	-54.809120	-70.762967	-10.246803
32789	9.187978	-2.648730	1.817827	-0.001293	-0.001350	0.005475	-54.816152	-70.761620	-10.239811
32790	9.252140	-2.601877	1.804452	0.003837	0.000589	0.005919	-54.818486	-70.759516	-10.236100
32791	9.180566	-2.651614	1.866164	-0.000411	-0.000109	0.005617	-54.823480	-70.757692	-10.230732
32792	9.229686	-2.635679	1.849347	-0.000411	-0.000109	0.005617	-54.828960	-70.755968	-10.225988
32793	9.225331	-2.612091	1.824774	0.003678	-0.004918	0.005514	-54.837964	-70.755779	-10.213891
32794	9.180112	-2.653236	1.866093	-0.004118	0.008037	0.007867	-54.836479	-70.750164	-10.214813
32795	9.236289	-2.635500	1.801182	0.007045	-0.005462	0.005675	-54.844432	-70.750079	-10.201785
32796	9.171881	-2.631447	1.866034	-0.002788	0.004940	0.011490	-54.850310	-70.743835	-10.192172
32797	9.228024	-2.613976	1.800950	0.004783	-0.005847	0.007397	-54.861697	-70.743069	-10.176880
32798	9.182867	-2.655043	1.841985	0.000470	0.001132	0.005759	-54.864916	-70.740847	-10.175092
32799	9.227664	-2.615323	1.800839	-0.000823	-0.000217	0.011236	-54.875584	-70.736424	-10.163963
32800	9.205271	-2.648831	1.845723	0.005080	-0.000305	0.005930	-54.878420	-70.734570	-10.157581
32801	9.205086	-2.649496	1.845690	-0.001568	-0.001421	0.009223	-54.889223	-70.731487	-10.146760
32802	9.208413	-2.649357	1.821548	-0.000909	0.001988	0.007623	-54.893667	-70.727973	-10.140041
32803	9.204651	-2.650968	1.845744	0.004061	-0.001582	0.007662	-54.899985	-70.725673	-10.130555
32804	9.203789	-2.626603	1.797208	0.002818	-0.000689	0.007653	-54.906433	-70.723193	-10.122736
32805	9.227126	-2.644548	1.849458	0.000333	0.001096	0.007634	-54.911267	-70.720024	-10.117085
32806	9.211853	-2.676122	1.846015	-0.001431	-0.001384	0.007351	-54.920520	-70.717814	-10.106504
32807	9.199706	-2.629415	1.821306	0.003092	-0.000617	0.003907	-54.922559	-70.716956	-10.102139
32808	9.177372	-2.662538	1.866322	0.004720	0.001827	0.006063	-54.923372	-70.714403	-10.096882
32809	9.207167	-2.653360	1.822019	0.000248	0.003301	0.004020	-54.921894	-70.712203	-10.097967
32810	9.203516	-2.654618	1.846160	0.002570	-0.003990	0.003634	-54.929222	-70.712710	-10.089288
32811	9.229898	-2.646266	1.825441	0.000086	-0.002205	0.003615	-54.934835	-70.712512	-10.082961
32812	9.184060	-2.662230	1.817901	-0.000189	-0.002277	0.007361	-54.944984	-70.710759	-10.074804
32813	9.226106	-2.648287	1.849201	0.002073	-0.001893	0.005640	-54.950944	-70.709508	-10.066903
32814	9.206648	-2.655585	1.821399	0.000471	0.001132	0.005762	-54.954274	-70.707296	-10.064746
32815	9.229354	-2.648294	1.825253	0.001490	0.002409	0.004030	-54.953288	-70.705385	-10.064557
32816	9.176356	-2.665943	1.866455	0.001490	0.002409	0.004030	-54.952553	-70.703530	-10.065560
32817	9.229117	-2.648900	1.825573	-0.001020	-0.001276	0.001732	-54.955782	-70.703908	-10.062430
32818	9.198412	-2.633654	1.821715	0.001628	0.002444	0.002156	-54.953489	-70.702968	-10.064891
32819	9.206019	-2.657162	1.822280	-0.001131	0.004159	0.005884	-54.953403	-70.699612	-10.065341
32820	9.179399	-2.666173	1.843196	0.003393	0.004924	0.002440	-54.946641	-70.697735	-10.074696
32821	9.197918	-2.634558	1.822902	0.000386	0.003337	0.002147	-54.943277	-70.696402	-10.077700
32822	9.194257	-2.635654	1.847305	0.002870	0.001551	0.002167	-54.941516	-70.695690	-10.075791
32823	9.216770	-2.680352	1.799907	-0.000111	0.005435	0.004152	-54.937513	-70.692725	-10.079772
32824	9.205282	-2.658321	1.824309	0.003530	0.004960	0.000567	-54.929089	-70.691672	-10.087198
32825	9.228015	-2.650780	1.828411	0.000248	0.003302	0.004021	-54.927614	-70.689470	-10.088283
32826	9.201468	-2.659590	1.849211	0.003890	0.002827	0.000435	-54.921648	-70.689086	-10.089609
32827	9.197183	-2.635512	1.825228	0.001406	0.004613	0.000415	-54.914367	-70.688143	-10.096141
32828	9.227681	-2.651194	1.829496	0.002594	0.001480	0.005914	-54.916064	-70.685836	-10.098497
32829	9.201098	-2.660154	1.850238	0.003752	0.002791	0.002309	-54.911658	-70.684606	-10.100560
32830	9.204568	-2.659299	1.826488	0.002648	0.003720	0.000425	-54.904879	-70.683955	-10.106941
32831	9.227344	-2.651572	1.830645	0.003530	0.004960	0.000567	-54.896064	-70.682826	-10.113812
32832	9.197214	-2.661102	1.875902	0.006537	0.006547	0.000861	-54.884107	-70.681172	-10.125143
32833	9.207811	-2.658409	1.803953	0.000745	0.001205	0.002016	-54.883272	-70.680601	-10.125249
32834	9.204373	-2.607152	1.879840	0.003668	0.004995	-0.001306	-54.872701	-70.680256	-10.130488
32835	9.204080	-2.659333	1.828893	-0.000856	0.004231	0.002137	-54.868852	-70.678631	-10.134759
32836	9.196200	-2.636300	1.829038	0.001406	0.004613	0.000416	-54.862249	-70.677720	-10.137848
32837	9.215435	-2.629507	1.857151	0.000883	0.001240	0.000142	-54.859525	-70.678016	-10.139870
32838	9.207463	-2.658440	1.805683	0.001903	0.002515	-0.001590	-54.853455	-70.678774	-10.145033
32839	9.223172	-2.652389	1.857938	0.000661	0.003409	-0.001600	-54.846322	-70.679171	-10.151862
32840	9.207434	-2.658201	1.806180	-0.001242	0.000893	-0.000010	-54.846145	-70.679741	-10.149720
32841	9.218987	-2.628001	1.833966	0.003062	0.003826	-0.005195	-54.833695	-70.681683	-10.160727
32842	9.200293	-2.659596	1.855040	0.001627	0.002445	0.002158	-54.831120	-70.680729	-10.164893
32843	9.181221	-2.614024	1.878724	0.002898	-0.001680	-0.005600	-54.825738	-70.684677	-10.168509
32844	9.200484	-2.658938	1.855034	-0.000606	-0.001169	-0.003889	-54.823094	-70.687688	-10.175268
32845	9.204179	-2.657663	1.830821	0.001518	-0.000822	-0.003736	-54.819108	-70.690480	-10.178242
32846	9.204318	-2.657204	1.830789	0.001656	-0.000787	-0.005610	-54.813475	-70.694084	-10.180548
32847	9.196723	-2.633516	1.830419	0.000773	-0.002027	-0.005752	-54.809625	-70.698218	-10.183831
32848	9.201156	-2.656934	1.854570	0.001271	-0.004125	-0.007756	-54.807288	-70.704121	-10.185291
32849	9.182135	-2.663095	1.826340	0.000251	-0.005400	-0.006025	-54.807989	-70.709497	-10.184069
32850	9.224521	-2.648099	1.857360	-0.001129	-0.004543	-0.004162	-54.810757	-70.713757	-10.179697
32851	9.194191	-2.632132	1.852646	-0.001899	-0.011219	-0.008454	-54.818187	-70.722191	-10.172650
32852	9.228850	-2.645692	1.831562	0.002266	-0.008320	-0.011764	-54.816238	-70.731239	-10.174889
32853	9.179963	-2.661133	1.847664	0.000748	-0.007498	-0.008028	-54.817577	-70.738245	-10.172690
32854	9.214704	-2.622681	1.878175	0.001990	-0.008391	-0.008017	-54.819737	-70.745551	-10.168410
32855	9.229964	-2.643231	1.829503	-0.000494	-0.006605	-0.008037	-54.820584	-70.752266	-10.167485
32856	9.172581	-2.610786	1.796737	-0.002258	-0.009086	-0.008320	-54.825580	-70.759970	-10.165540
32857	9.196500	-2.627182	1.848208	0.003010	-0.007114	-0.009747	-54.823487	-70.767655	-10.165602
32858	9.226796	-2.616905	1.802987	0.003840	-0.008113	-0.004118	-54.827747	-70.773113	-10.161936
32859	9.197097	-2.625901	1.847058	-0.000855	-0.004472	-0.007905	-54.826066	-70.779062	-10.163909
32860	9.197419	-2.625260	1.846366	-0.001153	-0.010014	-0.006434	-54.834037	-70.786241	-10.156674
32861	9.209043	-2.647078	1.821674	0.000337	-0.007604	-0.002406	-54.841090	-70.790648	-10.148674
32862	9.201428	-2.623725	1.820810	-0.000024	-0.005471	-0.002275	-54.845942	-70.794331	-10.143287
32863	9.220929	-2.616690	1.847960	-0.001788	-0.007952	-0.002557	-54.854545	-70.798923	-10.134935
32864	9.206111	-2.647216	1.843849	-0.003999	-0.006096	-0.006323	-54.858954	-70.804787	-10.133843
32865	9.232809	-2.638095	1.822548	-0.001290	-0.010049	-0.004560	-54.868206	-70.811009	-10.124503
32866	9.202379	-2.622353	1.817981	-0.003615	-0.002759	-0.004178	-54.869324	-70.814668	-10.127846
32867	9.199132	-2.622744	1.841404	-0.001899	-0.011219	-0.008446	-54.876825	-70.823096	-10.120729
32868	9.214365	-2.643383	1.792531	-0.000632	-0.006640	-0.006160	-54.879857	-70.828976	-10.118498
32869	9.214664	-2.642750	1.791931	-0.001739	-0.005713	-0.008043	-54.880233	-70.835400	-10.118828
32870	9.211407	-2.643049	1.815563	-0.000993	-0.004507	-0.006029	-54.880732	-70.840497	-10.118538
32871	9.203832	-2.619392	1.814889	-0.002236	-0.003615	-0.006039	-54.880465	-70.845291	-10.119850
32872	9.208395	-2.642644	1.838992	0.002421	-0.002811	-0.011355	-54.871782	-70.852323	-10.126294
32873	9.204404	-2.617788	1.814302	-0.002236	-0.003615	-0.006039	-54.871512	-70.857116	-10.127609
32874	9.189573	-2.648085	1.810691	-0.001580	-0.000206	-0.007640	-54.865357	-70.861594	-10.134132
32875	9.227796	-2.608563	1.817339	-0.002348	-0.006882	-0.011926	-54.863965	-70.870223	-10.136703
32876	9.205324	-2.615357	1.813138	-0.000721	-0.004436	-0.009772	-54.860672	-70.877039	-10.139258
32877	9.236371	-2.629674	1.816660	-0.002935	-0.002581	-0.013536	-54.852266	-70.885003	-10.149608
32878	9.206079	-2.613292	1.812284	-0.003726	-0.006026	-0.010062	-54.852465	-70.892555	-10.154471
32879	9.206472	-2.612424	1.811538	-0.003365	-0.008159	-0.010192	-54.855026	-70.900792	-10.153476
32880	9.237524	-2.626990	1.814675	-0.003862	-0.006062	-0.008189	-54.857501	-70.907371	-10.148993
32881	9.218527	-2.633116	1.786233	0.000748	-0.007495	-0.008019	-54.858880	-70.914372	-10.146754
32882	9.207547	-2.610121	1.809394	-0.004608	-0.007267	-0.010200	-54.861290	-70.922378	-10.147678
32883	9.207847	-2.609356	1.808969	-0.001582	-0.000206	-0.007637	-54.854494	-70.926796	-10.155502
32884	9.212429	-2.632733	1.832998	-0.003862	-0.006062	-0.008187	-54.856997	-70.933493	-10.155613
32885	9.212775	-2.631949	1.832385	-0.001603	-0.005676	-0.009909	-54.855455	-70.940778	-10.157890
32886	9.228209	-2.600062	1.835045	-0.001986	-0.009014	-0.012050	-54.856964	-70.950198	-10.157139
32887	9.228669	-2.598918	1.834353	-0.002575	-0.004712	-0.013660	-54.851085	-70.958924	-10.164592
32888	9.206220	-2.605663	1.830193	-0.001603	-0.005676	-0.009907	-54.849889	-70.966217	-10.165726
32889	9.213667	-2.602796	1.781161	-0.000742	-0.009904	-0.012039	-54.851555	-70.975896	-10.164087
32890	9.237741	-2.619088	1.832627	-0.000858	-0.004470	-0.007895	-54.850299	-70.981825	-10.163134
32891	9.233708	-2.594322	1.807671	-0.002619	-0.006953	-0.008174	-54.852730	-70.988719	-10.161824
32892	9.226154	-2.570586	1.806787	-0.001873	-0.005748	-0.006163	-54.855011	-70.994295	-10.162626
32893	9.222726	-2.623237	1.779081	-0.001491	-0.002411	-0.004021	-54.854594	-70.997745	-10.163644
32894	9.211530	-2.600699	1.802675	0.000996	-0.004192	-0.004003	-54.855495	-71.001788	-10.161544
32895	9.245902	-2.614701	1.782078	-0.001491	-0.002411	-0.004021	-54.855078	-71.005239	-10.162562
32896	9.231213	-2.593040	1.829869	-0.001356	-0.002374	-0.005892	-54.853060	-71.009489	-10.161557
32897	9.200685	-2.577292	1.825732	-0.000247	-0.003301	-0.004012	-54.853152	-71.013229	-10.161284
32898	9.239344	-2.615461	1.829720	-0.002353	0.001818	-0.001889	-54.849543	-71.014280	-10.167022
32899	9.189295	-2.606865	1.798299	0.001896	0.002520	-0.001592	-54.842799	-71.014966	-10.172678
32900	9.231494	-2.592036	1.829872	-0.002353	0.001818	-0.001889	-54.839546	-71.016062	-10.177317
32901	9.212240	-2.598743	1.801868	-0.002143	-0.005821	-0.002420	-54.845680	-71.019887	-10.171802
32902	9.223703	-2.620741	1.777692	-0.001109	0.000927	-0.001880	-54.842575	-71.021256	-10.177561
32903	9.227363	-2.567488	1.805014	0.000135	0.000036	-0.001871	-54.839953	-71.022892	-10.179926
32904	9.193985	-2.630107	1.822194	-0.002506	-0.003689	-0.002289	-54.843479	-71.025934	-10.178276
32905	9.238912	-2.589314	1.780639	-0.000745	-0.001205	-0.002010	-54.842919	-71.028045	-10.178994
32906	9.186344	-2.606536	1.821491	0.003121	-0.003840	-0.003854	-54.842261	-71.031949	-10.178905
32907	9.190041	-2.605106	1.797035	0.001131	-0.004155	-0.005873	-54.840937	-71.036842	-10.179293
32908	9.243817	-2.612117	1.804073	0.000116	-0.005433	-0.004142	-54.844016	-71.041389	-10.175568
32909	9.190476	-2.604253	1.796046	-0.000764	-0.006675	-0.004281	-54.848746	-71.046367	-10.170703
32910	9.239882	-2.587216	1.778657	-0.000113	-0.003265	-0.005882	-54.847368	-71.051009	-10.171412
32911	9.213764	-2.595518	1.798720	-0.000764	-0.006675	-0.004280	-54.852102	-71.055987	-10.166544
32912	9.236817	-2.587351	1.801770	-0.004496	-0.004004	-0.004307	-54.855434	-71.060137	-10.167180
32913	9.233503	-2.587879	1.825613	-0.000477	-0.001132	-0.005751	-54.851024	-71.063976	-10.171806
32914	9.237006	-2.586933	1.801399	-0.000403	-0.000110	0.005612	-54.856357	-71.062159	-10.165788
32915	9.214098	-2.594948	1.797833	-0.002353	0.001817	-0.001889	-54.852708	-71.063216	-10.170745
32916	9.236932	-2.587164	1.801449	-0.002259	-0.000388	0.001723	-54.855786	-71.063367	-10.170149
32917	9.218423	-2.619251	1.822144	-0.003502	0.000502	0.001714	-54.858055	-71.063170	-10.169547
32918	9.255316	-2.555619	1.780619	-0.001244	0.000890	-0.000009	-54.857025	-71.063640	-10.170854
32919	9.213909	-2.595518	1.797977	-0.000996	0.004191	0.004002	-54.855020	-71.061154	-10.173251
32920	9.236612	-2.588002	1.801884	-0.001742	0.002986	0.001992	-54.853487	-71.060013	-10.174930
32921	9.236526	-2.588118	1.802162	0.000517	0.003374	0.000270	-54.848144	-71.059545	-10.179940
32922	9.239891	-2.587357	1.778405	0.001128	0.004543	0.004151	-54.845091	-71.056911	-10.181506
32923	9.221216	-2.619616	1.799663	-0.001360	0.006323	0.004133	-54.840513	-71.053660	-10.186844
32924	9.232543	-2.589863	1.827653	-0.000727	0.004264	0.000261	-54.834700	-71.052884	-10.193490
32925	9.220942	-2.619961	1.800563	0.000018	0.005470	0.002271	-54.828710	-71.050787	-10.199486
32926	9.232300	-2.590110	1.828534	-0.000727	0.004264	0.000261	-54.823004	-71.050048	-10.206733
32927	9.232233	-2.590216	1.828718	-0.000135	-0.000037	0.001871	-54.824229	-71.049956	-10.205194
32928	9.224194	-2.619358	1.777183	-0.002851	0.003913	0.000113	-54.820327	-71.049373	-10.208547
32929	9.220688	-2.620150	1.801589	0.003274	0.001666	-0.003454	-54.812156	-71.051211	-10.214877
32930	9.235719	-2.588950	1.805101	0.000135	0.000037	-0.001871	-54.810021	-71.052932	-10.217766
32931	9.217218	-2.620743	1.826089	0.001397	0.004616	0.000410	-54.802618	-71.051987	-10.224421
32932	9.212815	-2.596600	1.802018	0.001015	0.001278	-0.001731	-54.798096	-71.053156	-10.228696
32933	9.201481	-2.574186	1.826100	-0.000094	0.002205	-0.003611	-54.790965	-71.054889	-10.235966
32934	9.247120	-2.610437	1.782005	0.000135	0.000037	-0.001871	-54.788576	-71.056522	-10.237596
32935	9.209465	-2.596792	1.826472	-0.000974	0.000964	-0.003751	-54.783507	-71.058730	-10.243219
32936	9.235920	-2.587621	1.805974	-0.002963	0.000649	-0.005770	-54.778601	-71.062054	-10.249944
32937	9.213157	-2.595111	1.802416	0.001015	0.001278	-0.001731	-54.773905	-71.063213	-10.253967
32938	9.236105	-2.587022	1.805886	-0.001126	-0.004543	-0.004151	-54.776029	-71.067445	-10.254274
32939	9.239758	-2.585647	1.781579	-0.002083	0.001891	-0.005630	-54.768515	-71.070226	-10.263154
32940	9.232894	-2.587049	1.829867	-0.000475	-0.001132	-0.005752	-54.764496	-71.074063	-10.265516
32941	9.240964	-2.609546	1.829984	-0.000340	-0.001095	-0.007622	-54.758132	-71.078763	-10.272123
32942	9.244674	-2.607984	1.805659	-0.001355	-0.002374	-0.005891	-54.755985	-71.083067	-10.274279
32943	9.222025	-2.615277	1.801827	0.000769	-0.002022	-0.005742	-54.752061	-71.087193	-10.277636
32944	9.237207	-2.583715	1.804986	0.000024	-0.003227	-0.007752	-54.748803	-71.092722	-10.280657
32945	9.211063	-2.591978	1.825254	-0.002734	-0.001521	-0.004029	-54.747852	-71.095881	-10.282991
32946	9.226109	-2.612754	1.776965	-0.001355	-0.002374	-0.005890	-54.746100	-71.100231	-10.283659
32947	9.237805	-2.582158	1.804154	-0.000856	-0.004469	-0.007891	-54.744370	-71.106173	-10.285680
32948	9.238132	-2.581201	1.803848	-0.002061	-0.001337	-0.013380	-54.733748	-71.113661	-10.299889
32949	9.215637	-2.588004	1.799953	-0.001965	-0.003542	-0.009769	-54.729564	-71.120174	-10.305175
32950	9.235310	-2.580182	1.827365	-0.003075	-0.002616	-0.011648	-54.723086	-71.127263	-10.314027
32951	9.227699	-2.608163	1.775453	0.001173	-0.001910	-0.011351	-54.713331	-71.133976	-10.323300
32952	9.269250	-2.567559	1.758102	-0.004589	-0.001800	-0.007915	-54.710586	-71.139048	-10.326176
32953	9.239742	-2.576284	1.802633	0.002321	-0.000594	-0.014951	-54.694870	-71.147008	-10.341052
32954	9.205813	-2.560788	1.823101	-0.002047	0.004133	-0.011106	-54.679272	-71.151599	-10.356890
32955	9.213067	-2.557919	1.774808	0.001404	-0.004079	-0.009610	-54.674018	-71.158214	-10.361266
32956	9.225671	-2.604362	1.798968	-0.003113	-0.004859	-0.006166	-54.676183	-71.163529	-10.360850
32957	9.225938	-2.603750	1.798486	-0.000855	-0.004469	-0.007888	-54.674427	-71.169467	-10.362896
32958	9.233245	-2.548992	1.801150	-0.001734	-0.005711	-0.008027	-54.675445	-71.175956	-10.361553
32959	9.218624	-2.579323	1.797116	-0.002748	-0.006991	-0.006296	-54.679780	-71.181986	-10.358310
32960	9.226827	-2.601887	1.796622	-0.002748	-0.006991	-0.006296	-54.684425	-71.188009	-10.353608
32961	9.222712	-2.577186	1.771563	0.000755	-0.007489	-0.008009	-54.685776	-71.195005	-10.351397
32962	9.219541	-2.577341	1.795252	-0.001087	-0.002300	-0.009625	-54.680111	-71.201094	-10.356527
32963	9.250565	-2.591722	1.798890	-0.003577	-0.000521	-0.009642	-54.672782	-71.206545	-10.366106
32964	9.246392	-2.566881	1.774282	0.001268	-0.004115	-0.007739	-54.669687	-71.212305	-10.368423
32965	9.243158	-2.567142	1.798154	-0.002466	-0.001448	-0.007764	-54.664818	-71.217185	-10.374733
32966	9.216072	-2.550444	1.769955	-0.001489	-0.002411	-0.004016	-54.664581	-71.220626	-10.375199
32967	9.251449	-2.589280	1.797859	-0.000110	-0.003263	-0.005877	-54.662691	-71.225226	-10.376936
32968	9.243668	-2.565846	1.797381	-0.002868	-0.001560	-0.002155	-54.663829	-71.227563	-10.379094
32969	9.247224	-2.564795	1.772964	-0.000512	-0.003374	-0.000269	-54.667792	-71.229578	-10.374893
32970	9.255139	-2.587884	1.773249	0.001391	0.004617	0.000408	-54.660637	-71.228636	-10.380793
32971	9.247141	-2.564888	1.773261	-0.000134	-0.000037	0.001869	-54.661878	-71.228546	-10.379238
32972	9.220775	-2.573992	1.793721	-0.001147	-0.001317	0.003600	-54.667506	-71.228082	-10.372869
32973	9.220698	-2.574355	1.793595	-0.002392	-0.000429	0.003591	-54.672257	-71.227316	-10.368972
32974	9.239996	-2.567707	1.821242	0.002356	-0.001815	0.001886	-54.675092	-71.227883	-10.364381
32975	9.247853	-2.590983	1.821545	-0.002990	0.003872	0.001983	-54.672703	-71.226444	-10.368387
32976	9.223995	-2.573929	1.769616	0.002124	0.000354	0.000147	-54.670665	-71.227022	-10.368473
32977	9.254685	-2.589404	1.773403	-0.001281	-0.001355	0.005469	-54.677883	-71.225685	-10.361298
32978	9.212466	-2.552231	1.793571	0.001892	0.002523	-0.001592	-54.671093	-71.226336	-10.367239
32979	9.247638	-2.591433	1.821991	-0.000366	0.002132	0.000131	-54.667790	-71.226339	-10.370624
32980	9.246589	-2.566599	1.773665	-0.000634	0.002057	0.003869	-54.668949	-71.224730	-10.371018
32981	9.243026	-2.567750	1.797966	0.000879	0.001243	0.000139	-54.666163	-71.225024	-10.373104
32982	9.228145	-2.598621	1.794578	-0.000745	-0.001205	-0.002008	-54.666094	-71.227208	-10.373904
32983	9.246597	-2.566533	1.773719	-0.001990	-0.000316	-0.002017	-54.664994	-71.229027	-10.375944
32984	9.220352	-2.575208	1.794150	-0.000745	-0.001205	-0.002008	-54.664763	-71.231192	-10.377405
32985	9.239793	-2.567959	1.821917	0.001281	0.001355	-0.005469	-54.656122	-71.234071	-10.385430
32986	9.243417	-2.566519	1.797714	0.003124	-0.003835	-0.003852	-54.655585	-71.237882	-10.380648
32987	9.247009	-2.565179	1.773532	-0.000098	0.002206	-0.003608	-54.648376	-71.239608	-10.387996
32988	9.247080	-2.564916	1.773543	0.000500	-0.002094	-0.002000	-54.648665	-71.242054	-10.387663
32989	9.240198	-2.566670	1.821677	-0.000745	-0.001206	-0.002008	-54.648081	-71.244163	-10.388405
32990	9.220949	-2.573314	1.793798	-0.000611	-0.001168	-0.003877	-54.645906	-71.247158	-10.390486
32991	9.243876	-2.565159	1.797296	0.002624	-0.001740	-0.001853	-54.644279	-71.249372	-10.390291
32992	9.258830	-2.534100	1.800527	-0.003002	-0.001597	-0.000286	-54.647612	-71.250845	-10.388284
32993	9.247514	-2.563846	1.772821	-0.000477	-0.001131	-0.005746	-54.643119	-71.254676	-10.392992
32994	9.229216	-2.595584	1.793465	0.002356	-0.001815	0.001886	-54.645578	-71.255189	-10.389721
32995	9.209935	-2.550257	1.817038	0.000634	-0.002057	-0.003869	-54.643557	-71.258450	-10.391146
32996	9.255642	-2.586448	1.772722	-0.001245	0.000889	-0.000008	-54.642935	-71.258944	-10.389670
32997	9.236328	-2.541164	1.796396	-0.000745	-0.001206	-0.002008	-54.642349	-71.261053	-10.390412
32998	9.218029	-2.572926	1.817022	-0.000745	-0.001206	-0.002008	-54.642128	-71.263169	-10.389815
32999	9.255806	-2.586116	1.772348	-0.001757	-0.002486	-0.000277	-54.645578	-71.264894	-10.386909
33000	9.244466	-2.563903	1.796051	0.000500	-0.002094	-0.002000	-54.645731	-71.267304	-10.386374
33001	9.218223	-2.572745	1.816294	-0.002770	-0.003766	0.001453	-54.653218	-71.268644	-10.379817
33002	9.244517	-2.564078	1.795538	-0.000134	-0.000037	0.001869	-54.654848	-71.268560	-10.376627
33003	9.267325	-2.556302	1.799094	-0.002124	-0.000354	-0.000147	-54.655699	-71.269517	-10.376687
33004	9.247964	-2.563296	1.771273	0.001111	-0.000926	0.001877	-54.657793	-71.269741	-10.373367
33005	9.236540	-2.541255	1.795177	0.000000	0.000000	-0.000000	-54.657084	-71.270512	-10.373790
33006	9.252428	-2.587345	1.795607	0.000134	0.000037	-0.001869	-54.654876	-71.272154	-10.374128
33007	9.244498	-2.564178	1.795491	-0.000366	0.002132	0.000130	-54.651566	-71.272157	-10.377519
33008	9.244438	-2.564297	1.795631	-0.002624	0.001740	0.001853	-54.652210	-71.271450	-10.374938
33009	9.213651	-2.549104	1.791933	0.001012	0.001280	-0.001730	-54.647464	-71.272605	-10.379011
33010	9.244323	-2.564487	1.795950	0.001356	0.002374	0.005885	-54.648770	-71.269898	-10.378342
33011	9.267058	-2.556885	1.799637	-0.002124	-0.000354	-0.000147	-54.649622	-71.270855	-10.378402
33012	9.251154	-2.562769	1.747985	0.011497	0.003013	0.000874	-54.639245	-71.270210	-10.381951
33013	9.158053	-2.593708	1.906805	-0.018100	0.012256	0.009230	-54.641044	-71.262604	-10.390677
33014	9.334137	-2.509289	1.762693	0.009680	-0.012654	0.001535	-54.654029	-71.266788	-10.367419
33015	9.169203	-2.668650	1.831633	-0.002185	0.018259	0.003053	-54.632402	-71.260079	-10.391253
33016	9.273250	-2.504483	1.804496	-0.006407	-0.003306	0.005036	-54.645418	-71.259680	-10.381453
33017	9.197761	-2.582321	1.790414	0.005260	0.001988	-0.001436	-54.637553	-71.260463	-10.386249
33018	9.250273	-2.564729	1.749776	-0.001367	0.006320	0.004131	-54.633264	-71.257225	-10.391094
33019	9.228216	-2.546010	1.846454	-0.002892	0.001666	0.005591	-54.637382	-71.254831	-10.388169
33020	9.227131	-2.573375	1.746682	0.000513	0.003374	0.000270	-54.632496	-71.254435	-10.393236
33021	9.239388	-2.568613	1.823045	0.000244	0.003300	0.004009	-54.631022	-71.252239	-10.394320
33022	9.234781	-2.544927	1.799021	-0.001001	0.004189	0.004000	-54.629436	-71.249829	-10.397960
33023	9.250469	-2.591489	1.799719	-0.000635	0.002057	0.003870	-54.630040	-71.248109	-10.397380
33024	9.234465	-2.545706	1.799538	-0.004369	0.004724	0.003845	-54.629480	-71.245566	-10.400877
33025	9.245722	-2.568126	1.775974	0.002502	0.003691	0.002287	-54.624493	-71.244044	-10.404303
33026	9.245563	-2.568470	1.776304	0.001355	0.002373	0.005887	-54.625821	-71.241311	-10.401961
33027	9.238419	-2.570779	1.824903	-0.000866	0.004226	0.002131	-54.621876	-71.239684	-10.406324
33028	9.233858	-2.547005	1.800814	-0.000635	0.002057	0.003870	-54.622949	-71.237985	-10.404054
33029	9.238121	-2.571435	1.825485	0.001123	0.004542	0.004149	-54.619401	-71.235311	-10.406795
33030	9.233494	-2.547755	1.801623	-0.001366	0.006321	0.004132	-54.615118	-71.232063	-10.411707
33031	9.249160	-2.594333	1.802350	-0.001514	0.000814	0.003731	-54.617799	-71.230821	-10.409466
33032	9.241095	-2.571606	1.802375	0.001123	0.004542	0.004149	-54.614356	-71.228119	-10.412031
33033	9.240879	-2.572249	1.802564	-0.004042	0.000349	0.009192	-54.624454	-71.224480	-10.403485
33034	9.240695	-2.572738	1.802809	-0.001097	0.006395	0.000394	-54.616228	-71.223007	-10.414570
33035	9.244106	-2.571882	1.778945	-0.000135	-0.000037	0.001870	-54.617472	-71.222917	-10.413012
33036	9.240530	-2.573127	1.803102	-0.001514	0.000814	0.003731	-54.620502	-71.221697	-10.410251
33037	9.236010	-2.549353	1.778877	-0.001745	0.002984	0.001993	-54.618637	-71.220548	-10.412950
33038	9.232399	-2.550606	1.803196	0.000610	0.001168	0.003879	-54.620200	-71.219216	-10.412677
33039	9.232253	-2.550951	1.803457	0.002368	0.003653	0.004158	-54.617174	-71.216833	-10.414114
33040	9.217189	-2.582255	1.800265	-0.001514	0.000815	0.003731	-54.620528	-71.215666	-10.410485
33041	9.235493	-2.550683	1.779655	0.002733	0.001521	0.004027	-54.620093	-71.214052	-10.408964
33042	9.236248	-2.576090	1.828399	-0.003124	0.003836	0.003854	-54.620297	-71.211827	-10.410052
33043	9.220330	-2.582190	1.776668	0.002124	0.000353	0.000148	-54.618032	-71.212412	-10.410834
33044	9.235184	-2.551417	1.780208	-0.000635	0.002057	0.003871	-54.618888	-71.210751	-10.412003
33045	9.239457	-2.575844	1.804717	0.000610	0.001168	0.003879	-54.620010	-71.209323	-10.410122
33046	9.227967	-2.553977	1.828699	-0.000135	-0.000037	0.001870	-54.621399	-71.209208	-10.407916
33047	9.219972	-2.583243	1.776995	-0.000270	-0.000075	0.003740	-54.624594	-71.208256	-10.404378
33048	9.257636	-2.544792	1.784062	0.001854	0.000278	0.003888	-54.626574	-71.207133	-10.400373
33049	9.216258	-2.584977	1.801124	-0.001284	-0.001354	0.005470	-54.633793	-71.205798	-10.393198
33050	9.265322	-2.568591	1.784391	0.001394	0.004617	0.000411	-54.626764	-71.204868	-10.398713
33051	9.204678	-2.563211	1.825427	-0.000135	-0.000037	0.001870	-54.628008	-71.204778	-10.397155
33052	9.242363	-2.576714	1.781008	-0.001379	0.000852	0.001862	-54.628949	-71.204398	-10.396781
33053	9.238778	-2.577867	1.805306	0.001624	0.002447	0.002150	-54.626047	-71.203353	-10.398538
33054	9.211493	-2.561734	1.777475	-0.001244	0.000890	-0.000008	-54.625080	-71.203815	-10.398930
33055	9.230772	-2.554947	1.805380	0.002868	0.001558	0.002158	-54.622694	-71.203062	-10.399388
33056	9.242076	-2.577360	1.781566	-0.004883	0.001352	0.003575	-54.626780	-71.201728	-10.396900
33057	9.230600	-2.555347	1.805697	0.002773	0.003764	-0.001451	-54.617904	-71.201928	-10.404272
33058	9.219035	-2.585664	1.778336	-0.000675	-0.000187	0.009350	-54.627277	-71.198406	-10.393936
33059	9.230299	-2.556214	1.806006	0.001624	0.002447	0.002150	-54.624376	-71.197361	-10.395692
33060	9.238128	-2.579422	1.806409	-0.002489	0.001780	-0.000017	-54.622881	-71.197582	-10.399496
33061	9.215241	-2.587368	1.802892	0.000744	0.001205	0.002010	-54.622052	-71.197015	-10.399595
33062	9.207289	-2.564362	1.802831	-0.000365	0.002132	0.000131	-54.619404	-71.197104	-10.402339
33063	9.241553	-2.578490	1.782643	0.000270	0.000075	-0.003740	-54.614795	-71.199597	-10.406718
33064	9.230173	-2.556271	1.806568	-0.000135	-0.000037	0.001870	-54.616264	-71.199522	-10.405445
33065	9.241542	-2.578579	1.782571	-0.001015	-0.001280	0.001730	-54.619580	-71.199910	-10.402230
33066	9.237960	-2.579666	1.806921	-0.001095	0.006396	0.000394	-54.611768	-71.198446	-10.410030
33067	9.241453	-2.578718	1.782830	-0.001394	-0.004616	-0.000411	-54.617792	-71.200941	-10.404183
33068	9.230087	-2.556500	1.806687	0.000650	0.003412	-0.001599	-54.611143	-71.201420	-10.410569
33069	9.211617	-2.588418	1.827507	-0.001015	-0.001280	0.001730	-54.614460	-71.201807	-10.407354
33070	9.241482	-2.578642	1.782790	0.000135	0.000037	-0.001870	-54.612229	-71.203501	-10.410027
33071	9.230115	-2.556425	1.806647	-0.000879	-0.001242	-0.000140	-54.613594	-71.204750	-10.408791
33072	9.237983	-2.579637	1.806844	-0.002624	0.001742	0.001853	-54.614110	-71.204050	-10.407593
33073	9.237928	-2.579654	1.807100	0.002774	0.003764	-0.001450	-54.605234	-71.204250	-10.414964
33074	9.241444	-2.578582	1.783075	0.000365	-0.002132	-0.000132	-54.607421	-71.205801	-10.411879
33075	9.256336	-2.547819	1.786483	-0.000635	0.002057	0.003872	-54.608030	-71.204081	-10.411295
33076	9.207082	-2.564659	1.803467	-0.001244	0.000890	-0.000008	-54.607499	-71.204650	-10.412128
33077	9.214991	-2.587684	1.803714	0.000135	0.000037	-0.001870	-54.604839	-71.206282	-10.414530
33078	9.264173	-2.570960	1.786941	-0.000365	0.002132	0.000132	-54.601902	-71.206397	-10.420880
33079	9.207058	-2.564523	1.803779	-0.000365	0.002132	0.000132	-54.598606	-71.206399	-10.424256
33080	9.229803	-2.556879	1.807596	-0.000635	0.002057	0.003872	-54.599720	-71.204741	-10.423321
33081	9.237639	-2.580077	1.807974	0.001015	0.001280	-0.001730	-54.594988	-71.205896	-10.427380
33082	9.241157	-2.579005	1.783949	0.002124	0.000352	0.000149	-54.593103	-71.206461	-10.425654
33083	9.233191	-2.556076	1.783859	-0.000635	0.002057	0.003872	-54.593714	-71.204741	-10.425068
33084	9.237466	-2.580418	1.808372	0.000744	0.001205	0.002010	-54.593344	-71.204211	-10.424336
33085	9.218063	-2.587467	1.780749	-0.000500	0.002095	0.002002	-54.592002	-71.203352	-10.425731
33086	9.232906	-2.556812	1.784275	-0.001515	0.000815	0.003732	-54.595171	-71.202139	-10.422061
33087	9.263546	-2.572365	1.788174	-0.001380	0.000853	0.001862	-54.595900	-71.201758	-10.421800
33088	9.229272	-2.558074	1.808618	0.001894	0.002522	-0.001590	-54.589343	-71.202475	-10.428669
33089	9.221248	-2.587419	1.756974	-0.001556	-0.001429	0.009211	-54.600470	-71.199419	-10.417531
33090	9.228976	-2.559068	1.808724	-0.003124	0.003837	0.003855	-54.600392	-71.197077	-10.416624
33091	9.240319	-2.581320	1.784944	0.000135	0.000037	-0.001870	-54.597733	-71.198709	-10.419025
33092	9.236748	-2.582476	1.809102	-0.001650	0.000778	0.005602	-54.602843	-71.196641	-10.413602
33093	9.228721	-2.559819	1.808959	0.000609	0.001167	0.003881	-54.603969	-71.195213	-10.411717
33094	9.266355	-2.573501	1.764663	0.000609	0.001167	0.003881	-54.605205	-71.193749	-10.409151
33095	9.224927	-2.561570	1.833411	0.001353	0.002372	0.005892	-54.606212	-71.190982	-10.406942
33096	9.205437	-2.568858	1.805887	0.001489	0.002409	0.004021	-54.605737	-71.189085	-10.404580
33097	9.235961	-2.584770	1.809843	-0.004046	0.000352	0.009195	-54.615823	-71.185445	-10.396047
33098	9.235815	-2.585319	1.809804	-0.000136	-0.000037	0.001871	-54.617202	-71.185374	-10.396025
33099	9.227824	-2.562585	1.809620	-0.002895	0.001668	0.005595	-54.621315	-71.182979	-10.393105
33100	9.208396	-2.569730	1.781971	-0.000364	0.002132	0.000132	-54.618354	-71.182998	-10.395661
33101	9.227656	-2.563052	1.809815	0.000973	-0.000965	0.003750	-54.622065	-71.182337	-10.390826
33102	9.204731	-2.571212	1.806133	-0.000271	-0.000075	0.003741	-54.625826	-71.181442	-10.385992
33103	9.235331	-2.586858	1.810076	-0.000635	0.002057	0.003873	-54.626435	-71.179722	-10.385408
33104	9.235233	-2.587118	1.810203	0.001988	0.000314	0.002019	-54.626482	-71.179494	-10.384660
33105	9.227257	-2.564293	1.810091	-0.004003	0.002596	0.003716	-54.628129	-71.177668	-10.385018
33106	9.238554	-2.586805	1.786139	0.000093	-0.002207	0.003609	-54.633944	-71.177419	-10.377431
33107	9.269172	-2.602447	1.789988	-0.000635	0.002057	0.003873	-54.634552	-71.175698	-10.376847
33108	9.204073	-2.573278	1.806546	0.000473	0.001130	0.005753	-54.637918	-71.173462	-10.374414
33109	9.226818	-2.565812	1.810176	-0.001016	-0.001279	0.001730	-54.641232	-71.173849	-10.371201
33110	9.241626	-2.587343	1.762128	-0.000771	0.002020	0.005744	-54.644215	-71.171349	-10.369812
33111	9.230120	-2.565563	1.786128	-0.000136	-0.000037	0.001871	-54.645460	-71.171258	-10.368254
33112	9.237906	-2.588934	1.786405	0.000609	0.001167	0.003882	-54.646700	-71.169876	-10.369098
33113	9.226419	-2.567054	1.810452	0.000744	0.001204	0.002011	-54.645875	-71.169308	-10.369193
33114	9.234227	-2.590338	1.810734	-0.000136	-0.000037	0.001871	-54.647697	-71.169273	-10.366401
33115	9.226314	-2.567324	1.810604	-0.000364	0.002132	0.000132	-54.644409	-71.169276	-10.369770
33116	9.252626	-2.558742	1.790085	-0.003276	-0.001668	0.003452	-54.651387	-71.168983	-10.364327
33117	9.237586	-2.589938	1.786605	0.000744	0.001204	0.002011	-54.650562	-71.168415	-10.364422
33118	9.233185	-2.566043	1.762265	-0.002260	-0.000389	0.001722	-54.653877	-71.168514	-10.359707
33119	9.263848	-2.581611	1.765981	0.000092	-0.002207	0.003610	-54.659654	-71.168330	-10.353222
33120	9.233965	-2.591506	1.810395	0.001607	-0.003023	-0.000124	-54.662356	-71.170190	-10.349686
33121	9.237484	-2.590704	1.786017	-0.003276	-0.001667	0.003453	-54.669171	-71.169901	-10.344142
33122	9.226091	-2.568743	1.809726	0.000364	-0.002132	-0.000132	-54.671655	-71.171521	-10.341155
33123	9.237475	-2.590884	1.785804	-0.000364	0.002132	0.000132	-54.668366	-71.171524	-10.344523
33124	9.255932	-2.559013	1.765279	-0.000364	0.002132	0.000132	-54.665478	-71.171508	-10.345180
33125	9.207567	-2.600575	1.830654	-0.000745	-0.001204	-0.002011	-54.664898	-71.173619	-10.345917
33126	9.229653	-2.567529	1.785716	0.001379	-0.000853	-0.001863	-54.663108	-71.175560	-10.346495
33127	9.233999	-2.591612	1.810073	-0.001379	0.000853	0.001863	-54.663837	-71.175178	-10.346233
33128	9.233972	-2.591722	1.810050	-0.002124	-0.000351	-0.000149	-54.665110	-71.176180	-10.346105
33129	9.252498	-2.559812	1.789219	0.003732	-0.002672	0.000025	-54.665958	-71.177825	-10.342625
33130	9.237523	-2.590708	1.785811	-0.000364	0.002132	0.000132	-54.663199	-71.177829	-10.342924
33131	9.256847	-2.583871	1.813595	0.000364	-0.002132	-0.000132	-54.665084	-71.179369	-10.340386
33132	9.222627	-2.569527	1.833847	0.000880	0.001242	0.000140	-54.662263	-71.179598	-10.342159
33133	9.237531	-2.590698	1.785786	-0.000880	-0.001242	-0.000140	-54.663632	-71.180846	-10.340920
33134	9.226136	-2.568646	1.809636	-0.000136	-0.000037	0.001871	-54.665096	-71.180791	-10.340866
33135	9.241015	-2.589904	1.761570	0.000000	0.000000	-0.000000	-54.664394	-71.181563	-10.341282
33136	9.233964	-2.591843	1.809918	0.000880	0.001242	0.000140	-54.662045	-71.181917	-10.343595
33137	9.241057	-2.537822	1.813221	-0.001244	0.000891	-0.000008	-54.660826	-71.182397	-10.345310
33138	9.237402	-2.591056	1.785934	0.001853	0.000276	0.003891	-54.663083	-71.181377	-10.343198
33139	9.233856	-2.592023	1.810211	-0.000092	0.002207	-0.003610	-54.655896	-71.183105	-10.350521
33140	9.225958	-2.568920	1.810156	0.000609	0.001167	0.003882	-54.657360	-71.181727	-10.349461
33141	9.240794	-2.590276	1.762182	-0.001244	0.000891	-0.000008	-54.656141	-71.182207	-10.351176
33142	9.225894	-2.569116	1.810199	-0.000880	-0.001242	-0.000140	-54.658039	-71.183526	-10.349766
33143	9.237305	-2.591261	1.786140	-0.000880	-0.001242	-0.000140	-54.659408	-71.184774	-10.348527
33144	9.260129	-2.583554	1.789738	-0.001379	0.000853	0.001863	-54.660212	-71.184420	-10.350546
33145	9.221535	-2.545224	1.785655	0.001244	-0.000891	0.000008	-54.660027	-71.185483	-10.349662
33146	9.237319	-2.591353	1.785930	-0.001625	-0.002446	-0.002152	-54.661763	-71.188103	-10.349608
33147	9.225917	-2.569311	1.809806	-0.000635	0.002057	0.003874	-54.662371	-71.186382	-10.349025
33148	9.225846	-2.569574	1.809795	0.000228	-0.002170	0.001739	-54.666269	-71.186988	-10.342711
33149	9.252147	-2.561050	1.789265	0.000609	0.001167	0.003883	-54.667393	-71.185558	-10.340829
33150	9.233555	-2.593187	1.810079	0.001988	0.000314	0.002020	-54.667684	-71.185430	-10.342129
33151	9.229156	-2.569255	1.785802	0.001988	0.000314	0.002020	-54.667378	-71.185153	-10.340924
33152	9.233444	-2.593500	1.810196	-0.000136	-0.000037	0.001871	-54.668640	-71.185039	-10.340003
33153	9.228999	-2.569689	1.785990	0.000246	0.003299	0.004015	-54.667176	-71.182840	-10.341076
33154	9.225387	-2.570985	1.810134	0.002579	-0.003988	0.003627	-54.674581	-71.183259	-10.329385
33155	9.259534	-2.585579	1.789891	-0.000862	0.004227	0.002135	-54.670652	-71.181632	-10.333734
33156	9.225150	-2.571523	1.810575	0.001126	0.004541	0.004155	-54.667587	-71.179044	-10.337626
33157	9.228528	-2.570821	1.786794	0.001625	0.002446	0.002152	-54.664693	-71.177999	-10.339374
33158	9.236278	-2.594116	1.787306	0.000381	0.003336	0.002144	-54.661663	-71.176751	-10.344361
33159	9.228296	-2.571281	1.787332	-0.000635	0.002058	0.003875	-54.662271	-71.175030	-10.343778
33160	9.235971	-2.594952	1.787675	-0.003031	0.001633	0.007468	-54.668653	-71.171792	-10.338490
33161	9.227966	-2.572115	1.787838	0.004538	0.006244	-0.001168	-54.655657	-71.171041	-10.349149
33162	9.220820	-2.574117	1.836498	0.001852	0.000276	0.003892	-54.657680	-71.169922	-10.345190
33163	9.250483	-2.564926	1.792312	0.000128	0.008731	0.008163	-54.652875	-71.163984	-10.349864
33164	9.227349	-2.573368	1.789218	0.000110	0.003262	0.005887	-54.653834	-71.161023	-10.350606
33165	9.257845	-2.589144	1.793470	0.001126	0.004541	0.004157	-54.650306	-71.158347	-10.353326
33166	9.219876	-2.576201	1.838315	0.000990	0.004503	0.006028	-54.649211	-71.154847	-10.353135
33167	9.223175	-2.575787	1.814574	-0.001134	0.004153	0.005879	-54.649184	-71.151495	-10.353526
33168	9.230831	-2.599268	1.815246	0.003387	0.004928	0.002435	-54.642895	-71.149636	-10.359676
33169	9.222785	-2.576433	1.815635	-0.000480	0.007564	0.004281	-54.636274	-71.145899	-10.366637
33170	9.253207	-2.592401	1.819982	0.001080	0.002297	0.009640	-54.641763	-71.141409	-10.357218
33171	9.218013	-2.553584	1.791891	0.001852	0.000276	0.003893	-54.643403	-71.140270	-10.354039
33172	9.233584	-2.599991	1.792680	0.002280	0.005856	0.000555	-54.634300	-71.138765	-10.357503
33173	9.225612	-2.577139	1.792742	-0.000409	-0.000111	0.005615	-54.639436	-71.136950	-10.351998
33174	9.248253	-2.569988	1.796565	-0.001271	0.004117	0.007751	-54.642006	-71.132805	-10.349253
33175	9.225138	-2.578498	1.793227	-0.000027	0.003225	0.007760	-54.644440	-71.128881	-10.346372
33176	9.255586	-2.594548	1.797319	0.000335	0.001093	0.007628	-54.650019	-71.125935	-10.345850
33177	9.228153	-2.579204	1.769392	-0.000074	0.000982	0.013244	-54.660859	-71.120191	-10.334114
33178	9.255050	-2.596231	1.797647	-0.000861	0.004228	0.002137	-54.657571	-71.118728	-10.341385
33179	9.224094	-2.581621	1.794104	-0.001680	0.004006	0.013368	-54.665313	-71.111924	-10.333895
33180	9.246643	-2.574663	1.798156	0.001127	0.004540	0.004159	-54.662360	-71.109325	-10.336542
33181	9.242899	-2.576078	1.822669	0.000109	0.003262	0.005890	-54.662847	-71.106263	-10.335637
33182	9.223401	-2.583419	1.795077	0.000471	0.001130	0.005757	-54.666329	-71.103933	-10.328309
33183	9.219647	-2.585011	1.819377	-0.002152	0.002876	0.007612	-54.670304	-71.100194	-10.325085
33184	9.230773	-2.607907	1.795654	-0.000909	0.001984	0.007621	-54.675226	-71.096757	-10.318894
33185	9.196321	-2.594201	1.816072	0.002459	0.001442	0.007780	-54.678678	-71.093414	-10.313431
33186	9.245414	-2.578136	1.799502	0.001626	0.002445	0.002155	-54.676022	-71.092456	-10.318546
33187	9.230168	-2.609489	1.796466	-0.001632	0.006250	0.007887	-54.675359	-71.087470	-10.319911
33188	9.222081	-2.587111	1.796539	-0.003033	0.001636	0.007471	-54.682085	-71.084249	-10.312449
33189	9.229678	-2.610883	1.796957	0.000109	0.003262	0.005891	-54.682570	-71.081186	-10.311546
33190	9.198853	-2.595867	1.793342	0.001626	0.002444	0.002155	-54.679748	-71.080128	-10.313800
33191	9.263736	-2.573902	1.828682	0.000471	0.001130	0.005759	-54.682806	-71.077833	-10.309957
33192	9.225004	-2.587844	1.773193	0.000745	0.001204	0.002014	-54.682107	-71.077362	-10.314732
33193	9.255490	-2.603686	1.777359	-0.002513	0.005010	0.007746	-54.683503	-71.072853	-10.314454
33194	9.221028	-2.589908	1.797917	0.001352	0.002370	0.005901	-54.684904	-71.070080	-10.310689
33195	9.225157	-2.614423	1.822309	0.000087	-0.002207	0.003612	-54.690655	-71.069894	-10.304232
33196	9.213696	-2.592588	1.846243	0.001489	0.002407	0.004028	-54.690267	-71.068123	-10.306458
33197	9.216465	-2.566844	1.773664	-0.001019	-0.001278	0.001731	-54.693568	-71.068509	-10.303262
33198	9.224922	-2.615198	1.822390	0.000745	0.001204	0.002014	-54.693289	-71.068007	-10.303283
33199	9.228403	-2.614503	1.798245	-0.001156	-0.001314	0.003604	-54.698527	-71.067529	-10.298122
33200	9.239800	-2.584942	1.825833	-0.000635	0.002059	0.003878	-54.699424	-71.065879	-10.299835
33201	9.220389	-2.592003	1.798176	0.000745	0.001204	0.002014	-54.698606	-71.065310	-10.299925
33202	9.243158	-2.584505	1.801952	0.001850	0.000274	0.003896	-54.700742	-71.064203	-10.295827
33203	9.231662	-2.562778	1.825932	-0.002897	0.001674	0.005600	-54.704829	-71.061803	-10.292936
33204	9.220039	-2.593082	1.798416	-0.001380	0.000855	0.001864	-54.705952	-71.061434	-10.291726
33205	9.216380	-2.594400	1.822562	-0.000411	-0.000111	0.005618	-54.711064	-71.059615	-10.286246
33206	9.242639	-2.586224	1.802149	0.000470	0.001130	0.005760	-54.714465	-71.057423	-10.285462
33207	9.219632	-2.594402	1.798594	0.000608	0.001167	0.003887	-54.715581	-71.055991	-10.283589
33208	9.223717	-2.618849	1.823246	0.001129	0.004540	0.004162	-54.712595	-71.053386	-10.286534
33209	9.268503	-2.578938	1.782510	0.001960	0.003537	0.009790	-54.715398	-71.048409	-10.282059
33210	9.184714	-2.581564	1.820116	0.000408	0.008806	0.004428	-54.706786	-71.044249	-10.294160
33211	9.249353	-2.611970	1.804157	-0.002674	-0.000495	0.007341	-54.715373	-71.041751	-10.286377
33212	9.242070	-2.614394	1.852517	0.004856	0.001862	0.004190	-54.713830	-71.040007	-10.285596
33213	9.218332	-2.597522	1.800756	-0.001493	0.006288	0.006018	-54.711229	-71.035884	-10.288927
33214	9.218112	-2.598074	1.801085	0.000470	0.001130	0.005761	-54.714479	-71.033686	-10.289328
33215	9.240771	-2.590873	1.805044	0.000992	0.004503	0.006036	-54.712903	-71.030145	-10.290070
33216	9.221931	-2.623240	1.825967	-0.001655	0.000782	0.005610	-54.717882	-71.028129	-10.289398
33217	9.259682	-2.585176	1.833306	0.002234	0.003610	0.006046	-54.716817	-71.024879	-10.288847
33218	9.221462	-2.624487	1.826543	-0.001408	0.004082	0.009632	-54.720554	-71.019719	-10.283681
33219	9.247051	-2.591385	1.757659	0.000085	-0.002207	0.003613	-54.726290	-71.019532	-10.277241
33220	9.224716	-2.624426	1.802699	0.000907	0.006709	0.002424	-54.718791	-71.017009	-10.284468
33221	9.208973	-2.578521	1.802631	-0.000773	0.002023	0.005753	-54.721326	-71.014421	-10.281933
33222	9.239405	-2.594481	1.806856	0.000992	0.004503	0.006038	-54.720136	-71.010915	-10.282268
33223	9.212748	-2.603617	1.827773	-0.000113	0.005433	0.004155	-54.716120	-71.007946	-10.286259
33224	9.216188	-2.602854	1.804026	0.001765	0.002480	0.000285	-54.711916	-71.007894	-10.292162
33225	9.235327	-2.596442	1.832132	-0.000029	0.003226	0.007769	-54.714327	-71.003965	-10.289306
33226	9.215859	-2.603755	1.804410	-0.002400	-0.000420	0.003595	-54.719394	-71.003287	-10.288256
33227	9.215720	-2.604124	1.804583	0.001130	0.004540	0.004165	-54.715891	-71.000609	-10.290954
33228	9.246197	-2.619894	1.808839	0.002731	0.001513	0.004041	-54.715940	-70.999060	-10.289404
33229	9.219051	-2.603587	1.781094	0.002785	0.003757	-0.001446	-54.707160	-70.999265	-10.296679
33230	9.211812	-2.605591	1.829680	-0.001878	0.002953	0.003871	-54.707976	-70.997384	-10.298493
33231	9.241712	-2.596257	1.785283	0.000745	0.001203	0.002016	-54.707161	-70.996816	-10.298581
33232	9.211620	-2.605954	1.830128	0.002647	0.003720	0.000427	-54.700999	-70.996249	-10.303638
33233	9.211479	-2.606233	1.830442	-0.002016	0.002916	0.005745	-54.703024	-70.993370	-10.302395
33234	9.237773	-2.597859	1.810341	0.001406	0.004613	0.000418	-54.696413	-70.992528	-10.308157
33235	9.207048	-2.582622	1.806588	-0.002401	-0.000420	0.003595	-54.701122	-70.991758	-10.304308
33236	9.248987	-2.620266	1.786819	0.001682	0.004686	-0.003329	-54.690206	-70.992634	-10.318115
33237	9.226235	-2.575883	1.834900	0.000606	0.001167	0.003890	-54.691322	-70.991201	-10.316245
33238	9.214621	-2.606062	1.807398	-0.001380	0.000857	0.001864	-54.692450	-70.990878	-10.316575
33239	9.210935	-2.607283	1.831682	0.001489	0.002407	0.004032	-54.691515	-70.988968	-10.316339
33240	9.214453	-2.606507	1.807612	-0.000883	-0.001240	-0.000143	-54.693294	-70.990289	-10.316198
33241	9.240876	-2.597934	1.787172	0.000744	0.001203	0.002016	-54.692481	-70.989720	-10.316284
33242	9.180177	-2.592106	1.828008	0.001903	0.002516	-0.001588	-54.686340	-70.990423	-10.318772
33243	9.202973	-2.584488	1.831931	-0.000636	0.002060	0.003881	-54.686948	-70.988698	-10.318193
33244	9.232852	-2.575507	1.787228	-0.003339	-0.003903	0.008940	-54.702363	-70.986623	-10.304147
33245	9.187600	-2.616833	1.827708	-0.002620	-0.008169	0.008674	-54.722592	-70.986043	-10.284016
33246	9.236844	-2.601330	1.810100	-0.004745	-0.008515	0.008523	-54.745099	-70.985660	-10.259738
33247	9.236879	-2.602010	1.808940	-0.004634	-0.013948	0.004367	-54.770197	-70.989000	-10.235677
33248	9.214080	-2.610306	1.804027	-0.005490	-0.009718	0.006508	-54.792687	-70.990005	-10.214366
33249	9.252125	-2.572257	1.810154	-0.001848	-0.010192	0.002921	-54.809711	-70.992776	-10.197158
33250	9.214196	-2.611229	1.802098	-0.005711	-0.007548	0.004768	-54.827790	-70.993849	-10.179874
33251	9.225614	-2.633850	1.777072	-0.004497	-0.013911	0.002495	-54.850991	-70.998043	-10.157738
33252	9.237312	-2.604287	1.803444	-0.005214	-0.009645	0.002762	-54.869729	-71.000780	-10.140948
33253	9.206826	-2.589075	1.798466	-0.002593	-0.011395	0.000906	-54.886910	-71.004885	-10.124027
33254	9.203437	-2.590330	1.821316	-0.003392	-0.014841	0.004380	-54.913113	-71.008559	-10.098116
33255	9.264175	-2.596657	1.779278	-0.004993	-0.011814	0.004505	-54.935700	-71.011110	-10.076931
33256	9.188509	-2.622330	1.815213	-0.004909	-0.014022	0.008121	-54.965158	-71.012771	-10.050006
33257	9.237904	-2.606533	1.797162	0.000635	-0.011979	0.002941	-54.983262	-71.016104	-10.030153
33258	9.230361	-2.583571	1.795608	-0.004003	-0.016006	0.000493	-55.007888	-71.022111	-10.011548
33259	9.238269	-2.607030	1.794560	-0.003226	-0.009335	0.004791	-55.026379	-71.023702	-9.993627
33260	9.212026	-2.615915	1.813802	-0.005108	-0.015075	-0.001388	-55.048064	-71.030193	-9.978764
33261	9.212292	-2.616122	1.812151	-0.003918	-0.018214	0.004111	-55.078449	-71.035012	-9.948687
33262	9.204807	-2.593425	1.809956	-0.006568	-0.021932	0.003690	-55.115450	-71.041391	-9.917669
33263	9.258588	-2.601757	1.815288	-0.007946	-0.021075	0.005558	-55.153474	-71.046454	-9.881957
33264	9.257766	-2.629287	1.713245	-0.004802	-0.019453	0.003975	-55.185877	-71.051684	-9.850469
33265	9.262558	-2.601833	1.787324	-0.007643	-0.015532	0.004093	-55.214770	-71.055610	-9.824229
33266	9.251081	-2.632034	1.758457	-0.002954	-0.009261	0.001047	-55.229823	-71.059004	-9.812819
33267	9.239852	-2.610113	1.781884	-0.002396	-0.000420	0.003601	-55.234531	-71.058220	-9.808973
33268	9.266125	-2.601922	1.761343	-0.001648	0.000782	0.005616	-55.239590	-71.056168	-9.805652
33269	9.231810	-2.587900	1.781873	-0.002228	0.005085	0.004008	-55.237037	-71.053394	-9.809380
33270	9.235843	-2.612434	1.806620	-0.002228	0.005085	0.004008	-55.235003	-71.050671	-9.812404
33271	9.208462	-2.596662	1.779046	-0.002635	0.004973	0.009632	-55.238190	-71.045286	-9.810310
33272	9.215887	-2.620585	1.779731	-0.002721	0.007181	0.006016	-55.235164	-71.040907	-9.815783
33273	9.223058	-2.567261	1.783290	-0.001784	0.000744	0.007492	-55.241621	-71.037912	-9.809715
33274	9.215405	-2.621912	1.780274	-0.003605	0.005942	0.005876	-55.240489	-71.033874	-9.809422
33275	9.203847	-2.600508	1.804666	-0.003877	0.005867	0.009626	-55.243154	-71.028200	-9.808632
33276	9.214772	-2.623550	1.781138	-0.002500	0.005010	0.007759	-55.245030	-71.023757	-9.808086
33277	9.237361	-2.616652	1.785207	-0.003741	0.005905	0.007752	-55.245785	-71.018954	-9.809234
33278	9.229336	-2.594356	1.785296	-0.004404	0.002495	0.009353	-55.253687	-71.014700	-9.808105
33279	9.210333	-2.627298	1.805929	-0.009810	0.000492	0.012666	-55.269985	-71.009350	-9.796493
33280	9.213637	-2.627372	1.781376	-0.007447	-0.004556	0.006781	-55.286558	-71.008513	-9.786177
33281	9.236405	-2.620377	1.784690	-0.003774	0.000437	0.005470	-55.292641	-71.006568	-9.781710
33282	9.236289	-2.621032	1.784327	-0.006206	-0.005450	0.006789	-55.309767	-71.005816	-9.760866
33283	9.229173	-2.623575	1.832134	-0.006648	-0.001108	0.003306	-55.317559	-71.005394	-9.756333
33284	9.205548	-2.606665	1.779502	-0.003724	-0.007240	0.006804	-55.336046	-71.005362	-9.736766
33285	9.224877	-2.600778	1.806385	-0.005629	-0.009755	0.008398	-55.359912	-71.005356	-9.714616
33286	9.205428	-2.608432	1.777531	-0.009131	-0.009242	0.010119	-55.386960	-71.004452	-9.694221
33287	9.232469	-2.625907	1.804331	-0.005273	-0.011888	0.008265	-55.413418	-71.005196	-9.669113
33288	9.228204	-2.602721	1.778965	-0.006121	-0.007660	0.010410	-55.437272	-71.003646	-9.648170
33289	9.212818	-2.634785	1.774647	-0.007633	-0.006841	0.014155	-55.463722	-70.999964	-9.624502
33290	9.240221	-2.600550	1.853237	-0.005765	-0.009793	0.010277	-55.489852	-70.999168	-9.601569
33291	9.189555	-2.644909	1.769191	-0.006748	-0.005602	0.014298	-55.514216	-70.995009	-9.579571
33292	9.208750	-2.639674	1.795928	-0.006566	-0.013241	0.013756	-55.548534	-70.993571	-9.547641
33293	9.238534	-2.631365	1.749984	-0.006786	-0.011069	0.012016	-55.578254	-70.992255	-9.520000
33294	9.254355	-2.626946	1.800537	-0.007316	-0.014440	0.011742	-55.612969	-70.992180	-9.488123
33295	9.246094	-2.656871	1.747299	-0.005055	-0.014059	0.010014	-55.643917	-70.992767	-9.458133
33296	9.223077	-2.665645	1.742496	-0.009622	-0.007144	0.012141	-55.669671	-70.989954	-9.432464
33297	9.215788	-2.591565	1.793215	-0.000850	-0.005697	0.008974	-55.685747	-70.988323	-9.415655
33298	9.227494	-2.640190	1.816662	-0.005596	-0.014213	0.017522	-55.724808	-70.985507	-9.380113
33299	9.207907	-2.648425	1.787347	-0.005107	-0.016308	0.015514	-55.764014	-70.984194	-9.341419
33300	9.234163	-2.641437	1.765137	-0.007367	-0.016688	0.017247	-55.806847	-70.982265	-9.303291
33301	9.234050	-2.642984	1.763408	-0.007099	-0.016611	0.013495	-55.845715	-70.981989	-9.266161
33302	9.264581	-2.659845	1.765513	-0.006079	-0.015334	0.011759	-55.880996	-70.982127	-9.230776
33303	9.248539	-2.666463	1.712408	-0.002621	-0.008173	0.008699	-55.901213	-70.981402	-9.210660
33304	9.203292	-2.630465	1.755992	-0.002487	-0.008134	0.006822	-55.919978	-70.981651	-9.194859
33305	9.233872	-2.646692	1.758778	0.000347	-0.012060	0.006699	-55.941984	-70.983118	-9.171052
33306	9.244869	-2.669717	1.734151	-0.002930	-0.000574	0.011119	-55.954765	-70.978912	-9.160523
33307	9.218356	-2.679100	1.754153	-0.003239	-0.009333	0.004807	-55.973308	-70.980399	-9.142552
33308	9.230095	-2.650171	1.780850	-0.001649	-0.009147	0.012461	-55.998542	-70.978187	-9.111909
33309	9.236900	-2.649089	1.731773	-0.001601	-0.006897	0.006964	-56.014796	-70.977864	-9.095367
33310	9.236867	-2.649662	1.731072	-0.000227	-0.007754	0.005091	-56.029865	-70.978843	-9.085231
33311	9.236879	-2.650137	1.730281	-0.001114	-0.008992	0.004953	-56.046862	-70.980143	-9.067608
33312	9.214650	-2.683495	1.774436	-0.001954	-0.004763	0.007099	-56.060842	-70.979111	-9.054924
33313	9.225737	-2.628776	1.753261	0.001726	-0.002991	-0.002007	-56.061481	-70.981798	-9.052883
33314	9.233516	-2.651985	1.752662	-0.000274	-0.013220	0.002808	-56.081849	-70.985429	-9.031594
33315	9.203017	-2.636682	1.748091	-0.001687	-0.004685	0.003344	-56.091749	-70.986113	-9.021826
33316	9.233594	-2.652795	1.751025	-0.004260	-0.010608	0.006549	-56.115248	-70.987290	-8.999918
33317	9.259955	-2.644889	1.729508	-0.002487	-0.008134	0.006827	-56.133597	-70.987416	-8.981698
33318	9.214072	-2.660641	1.721547	-0.003593	-0.007198	0.004945	-56.150060	-70.988242	-8.967489
33319	9.233535	-2.654484	1.748776	0.001326	-0.003108	0.003627	-56.156321	-70.988284	-8.959744
33320	9.259838	-2.646327	1.727935	-0.002173	-0.002591	0.005357	-56.165869	-70.987420	-8.953252
33321	9.176393	-2.648502	1.765086	-0.003545	-0.001733	0.007230	-56.176356	-70.985308	-8.943989
33322	9.236589	-2.655315	1.723882	0.001814	-0.001988	0.009399	-56.186659	-70.982337	-8.933073
33323	9.232913	-2.657256	1.747848	-0.000446	-0.002367	0.011135	-56.199852	-70.978567	-8.919069
33324	9.220854	-2.610808	1.723270	0.001813	-0.001988	0.009400	-56.210067	-70.975599	-8.909162
33325	9.224691	-2.636140	1.747703	-0.000882	0.005194	0.015432	-56.217030	-70.967373	-8.902012
33326	9.178386	-2.652739	1.740591	0.001633	-0.004277	0.016781	-56.237200	-70.961587	-8.880890
33327	9.257841	-2.653893	1.727030	-0.002218	-0.001624	0.018646	-56.257285	-70.953998	-8.860668
33328	9.204636	-2.672666	1.768005	0.000041	-0.001246	0.016912	-56.274284	-70.947105	-8.840744
33329	9.226382	-2.641425	1.723292	-0.003007	0.004855	0.015292	-56.282766	-70.939050	-8.833273
33330	9.241082	-2.689416	1.723866	0.002570	0.002424	0.019209	-56.295568	-70.929954	-8.817549
33331	9.232932	-2.667712	1.724328	0.001916	0.008942	0.013975	-56.294370	-70.921226	-8.817335
33332	9.194967	-2.655215	1.769934	0.003824	0.011453	0.012374	-56.287249	-70.912453	-8.822326
33333	9.224984	-2.672110	1.774540	0.003371	0.005872	0.015727	-56.291056	-70.903867	-8.815934
33334	9.246651	-2.640870	1.730495	0.003775	0.009204	0.017880	-56.292245	-70.893275	-8.815431
33335	9.200760	-2.682813	1.772804	0.002052	0.012197	0.019890	-56.291921	-70.880694	-8.814211
33336	9.245245	-2.644439	1.732552	0.002619	0.007891	0.021503	-56.298936	-70.868819	-8.808935
33337	9.195124	-2.662436	1.750588	0.001568	0.014293	0.021908	-56.297853	-70.854609	-8.808813
33338	9.243690	-2.648445	1.734729	0.005849	0.007292	0.023537	-56.306151	-70.841992	-8.798479
33339	9.251070	-2.698955	1.784498	0.004449	0.015829	0.024076	-56.303290	-70.826260	-8.798492
33340	9.226616	-2.683232	1.734031	0.005955	0.015007	0.020324	-56.297342	-70.812597	-8.800819
33341	9.199409	-2.693308	1.756259	0.008001	0.017555	0.016845	-56.283489	-70.799763	-8.810315
33342	9.218162	-2.688209	1.785638	0.005335	0.013848	0.016428	-56.276587	-70.788393	-8.813820
33343	9.198069	-2.695954	1.759215	0.005953	0.011790	0.012535	-56.267878	-70.779446	-8.819113
33344	9.209479	-2.667268	1.787908	0.005413	0.008420	0.012262	-56.264082	-70.771709	-8.820063
33345	9.220098	-2.690401	1.764708	-0.000697	0.007487	0.008065	-56.260991	-70.766261	-8.823442
33346	9.219740	-2.691077	1.765546	-0.000022	0.010895	0.006459	-56.251751	-70.760480	-8.831859
33347	9.208414	-2.669370	1.790256	0.005626	0.003029	0.006214	-56.249438	-70.757332	-8.830576
33348	9.226785	-2.715431	1.766572	-0.002667	-0.000487	0.007376	-56.258184	-70.754753	-8.821069
33349	9.188602	-2.676934	1.762681	-0.000484	0.002097	0.002015	-56.256815	-70.753902	-8.822494
33350	9.215571	-2.693759	1.790642	-0.002127	-0.000336	-0.000146	-56.257636	-70.754961	-8.830314
33351	9.196147	-2.700188	1.762769	-0.000754	-0.001197	-0.002021	-56.257239	-70.757082	-8.830875
33352	9.199638	-2.699245	1.738561	-0.004737	0.001425	0.001723	-56.259424	-70.756637	-8.831506
33353	9.219131	-2.692599	1.766407	0.001294	0.001349	-0.005502	-56.251203	-70.759606	-8.839109
33354	9.222717	-2.691110	1.742541	-0.000292	0.004383	-0.005373	-56.239977	-70.761610	-8.854102
33355	9.188806	-2.675920	1.763162	0.002397	0.000412	-0.003615	-56.234121	-70.763978	-8.858533
33356	9.215927	-2.692193	1.791164	-0.000832	0.001013	-0.005647	-56.227835	-70.767188	-8.866876
33357	9.215461	-2.666667	1.742741	0.001373	-0.000861	-0.001875	-56.225890	-70.769132	-8.867785
33358	9.208542	-2.668450	1.790966	-0.001992	-0.000298	-0.002027	-56.226025	-70.771073	-8.866799
33359	9.226686	-2.688383	1.718562	0.000754	-0.002021	-0.005776	-56.222455	-70.775245	-8.869805
33360	9.219863	-2.689802	1.766846	0.001294	0.001349	-0.005501	-56.214676	-70.778279	-8.878276
33361	9.212488	-2.666061	1.766580	-0.002261	-0.003592	-0.006062	-56.214716	-70.783087	-8.879289
33362	9.223705	-2.687718	1.742548	-0.002284	0.004084	-0.007398	-56.203412	-70.786130	-8.892976
33363	9.232333	-2.658292	1.794247	-0.000888	-0.004453	-0.007936	-56.202125	-70.792105	-8.894561
33364	9.220683	-2.687220	1.766501	0.001564	0.001425	-0.009261	-56.190917	-70.796945	-8.906612
33365	9.194542	-2.694643	1.787066	0.000057	-0.000970	-0.013301	-56.179407	-70.804362	-8.918448
33366	9.213790	-2.661803	1.766209	0.000271	-0.003142	-0.011555	-56.172766	-70.811745	-8.928285
33367	9.184318	-2.670175	1.810177	-0.000457	-0.012016	-0.012237	-56.177625	-70.822179	-8.923101
33368	9.184216	-2.643980	1.760715	-0.000942	-0.009920	-0.010222	-56.182054	-70.830993	-8.918392
33369	9.218622	-2.658068	1.739160	-0.007376	-0.013180	-0.005153	-56.198982	-70.838425	-8.904628
33370	9.241889	-2.650186	1.741655	-0.000458	-0.008798	-0.004442	-56.207112	-70.844078	-8.891811
33371	9.196132	-2.665013	1.733976	-0.002127	-0.000337	-0.000145	-56.208035	-70.845032	-8.891806
33372	9.212112	-2.659587	1.785786	-0.002261	-0.000375	0.001734	-56.211184	-70.845154	-8.890600
33373	9.215519	-2.658877	1.761587	-0.000269	-0.000076	0.003760	-56.214268	-70.844165	-8.887182
33374	9.226487	-2.681444	1.737476	0.000081	-0.002211	0.003625	-56.220522	-70.843947	-8.879304
33375	9.226425	-2.681709	1.737396	-0.001373	0.000860	0.001874	-56.221225	-70.843557	-8.879075
33376	9.199958	-2.690455	1.757758	0.000430	-0.004345	0.003491	-56.230063	-70.844119	-8.869406
33377	9.215349	-2.659910	1.760919	-0.003015	-0.001573	-0.000285	-56.233063	-70.845533	-8.867741
33378	9.199996	-2.690786	1.757050	0.000780	-0.006479	0.003357	-56.244173	-70.846847	-8.857511
33379	9.215347	-2.660407	1.760179	-0.002396	-0.000413	0.003615	-56.248804	-70.846034	-8.853745
33380	9.222865	-2.684066	1.759889	-0.003608	-0.007191	0.004947	-56.264966	-70.846757	-8.838503
33381	9.218746	-2.660395	1.734938	-0.003958	-0.005057	0.005082	-56.278205	-70.846722	-8.826571
33382	9.226249	-2.684144	1.734573	-0.003069	-0.003822	0.005221	-56.289773	-70.846272	-8.817000
33383	9.222771	-2.685470	1.758241	-0.000324	-0.005542	0.001472	-56.298293	-70.848110	-8.807861
33384	9.211833	-2.663324	1.781648	-0.004443	-0.006178	-0.000698	-56.308513	-70.851382	-8.806642
33385	9.248404	-2.729221	1.685050	-0.005760	0.000148	0.003466	-56.314163	-70.850460	-8.803839
33386	9.188896	-2.671244	1.777330	-0.001428	-0.004605	-0.000413	-56.320588	-70.852951	-8.800153
33387	9.252789	-2.676673	1.711808	-0.004172	-0.002885	0.003337	-56.329374	-70.853053	-8.793066
33388	9.188923	-2.671723	1.776470	-0.004927	-0.004082	0.001317	-56.338970	-70.854549	-8.785382
33389	9.204377	-2.641394	1.779060	-0.008401	-0.011235	0.004386	-56.362613	-70.856801	-8.765134
33390	9.185570	-2.673714	1.798562	-0.004282	-0.010600	0.006555	-56.385403	-70.857881	-8.744056
33391	9.249401	-2.679745	1.732327	-0.007780	-0.010076	0.008287	-56.410669	-70.857899	-8.721713
33392	9.227034	-2.713245	1.776194	-0.003742	-0.007230	0.006830	-56.428695	-70.857730	-8.704349
33393	9.215253	-2.666662	1.751186	0.001133	-0.005399	0.011018	-56.444912	-70.854957	-8.686179
33394	9.229533	-2.688723	1.702669	-0.000186	-0.002289	0.007388	-56.455156	-70.853023	-8.674728
33395	9.241339	-2.659546	1.730268	-0.000616	0.002057	0.003896	-56.455619	-70.851289	-8.674295
33396	9.229239	-2.689609	1.702865	0.001511	0.002393	0.004039	-56.455210	-70.849417	-8.672634
33397	9.214540	-2.668835	1.751622	0.002458	0.009094	0.006468	-56.446583	-70.844227	-8.679960
33398	9.214242	-2.669471	1.752222	0.000005	0.003215	0.007796	-56.449245	-70.840341	-8.677271
33399	9.240371	-2.661803	1.731964	-0.000129	0.003177	0.009677	-56.453159	-70.835491	-8.672890
33400	9.210200	-2.672157	1.776857	0.000219	0.001042	0.009543	-56.460142	-70.831479	-8.667769
33401	9.220915	-2.695382	1.752799	-0.006295	-0.000003	0.010992	-56.473149	-70.827008	-8.657501
33402	9.216549	-2.672187	1.728477	-0.003145	0.001606	0.009395	-56.481329	-70.822902	-8.652590
33403	9.223890	-2.696032	1.728667	0.001859	0.000258	0.003906	-56.482852	-70.821732	-8.649534
33404	9.186335	-2.682619	1.773434	0.000273	0.003292	0.004036	-56.481696	-70.819534	-8.647952
33405	9.201624	-2.652444	1.776864	0.000160	-0.004423	0.007255	-56.493666	-70.818245	-8.634866
33406	9.192927	-2.681935	1.724855	-0.004034	0.000371	0.009257	-56.503952	-70.814531	-8.625766
33407	9.235224	-2.668797	1.755891	-0.000730	-0.005658	0.007116	-56.517996	-70.813697	-8.611023
33408	9.189158	-2.684523	1.748183	-0.006703	-0.003333	0.008839	-56.534391	-70.811339	-8.597558
33409	9.253560	-2.715488	1.731010	0.001933	-0.005169	-0.000265	-56.539535	-70.813877	-8.590623
33410	9.189106	-2.685138	1.747515	-0.004869	0.001387	0.003609	-56.543590	-70.812499	-8.587912
33411	9.234959	-2.670617	1.754517	-0.004174	-0.002882	0.003340	-56.552364	-70.812590	-8.580837
33412	9.185502	-2.686936	1.771213	-0.005759	0.000152	0.003471	-56.558722	-70.811688	-8.574446
33413	9.147354	-2.648394	1.767390	-0.008581	0.004086	0.003597	-56.560682	-70.809456	-8.577261
33414	9.238186	-2.671349	1.728923	-0.016954	-0.022497	0.010662	-56.610586	-70.812207	-8.533622
33415	9.210678	-2.732928	1.696224	-0.012328	-0.003142	0.010433	-56.630814	-70.808984	-8.519366
33416	9.219162	-2.705219	1.746854	-0.011214	-0.014971	0.005856	-56.662966	-70.811771	-8.494525
33417	9.233677	-2.727011	1.697192	-0.012879	-0.009724	0.002360	-56.685256	-70.814480	-8.478421
33418	9.219517	-2.705858	1.743992	-0.008286	-0.014401	-0.005289	-56.704889	-70.822339	-8.461337
33419	9.219975	-2.705285	1.742456	-0.012488	-0.012818	-0.011082	-56.719076	-70.832456	-8.453576
33420	9.228099	-2.727330	1.741197	-0.006811	-0.010755	-0.018183	-56.721170	-70.845353	-8.455000
33421	9.217850	-2.703639	1.763822	-0.007139	-0.016298	-0.016709	-56.732018	-70.859259	-8.447530
33422	9.248522	-2.692373	1.717375	-0.008735	-0.016474	-0.024373	-56.737504	-70.876920	-8.446351
33423	9.199425	-2.680830	1.684370	-0.002221	-0.015429	-0.025826	-56.736086	-70.894920	-8.448883
33424	9.235434	-2.564731	1.718011	0.006227	-0.005453	-0.013289	-56.727984	-70.903836	-8.453398
33425	9.230721	-2.694303	1.687342	-0.002896	0.009357	0.004300	-56.720001	-70.899613	-8.463286
33426	9.208627	-2.650082	1.736092	0.010636	0.001678	0.000708	-56.712064	-70.899541	-8.464586
33427	9.257434	-2.711562	1.716391	0.000204	0.008714	0.008206	-56.706748	-70.893648	-8.469773
33428	9.235125	-2.667892	1.765397	0.005696	0.008486	0.008494	-56.698968	-70.887703	-8.475714
33429	9.208477	-2.676864	1.786562	0.006116	0.000927	0.004188	-56.697382	-70.886184	-8.473368
33430	9.233006	-2.695186	1.666408	0.006442	0.006470	0.002716	-56.687129	-70.883667	-8.480104
33431	9.219115	-2.699239	1.763950	0.007249	0.009919	-0.000772	-56.667972	-70.881692	-8.495667
33432	9.225852	-2.696849	1.716886	0.005930	0.013031	-0.004402	-56.642702	-70.880597	-8.520999
33433	9.234388	-2.667488	1.769854	0.006892	0.008841	-0.008433	-56.618277	-70.882624	-8.542354
33434	9.229349	-2.694472	1.694559	0.006647	0.001086	-0.003334	-56.609275	-70.884661	-8.550128
33435	9.214875	-2.672993	1.743502	0.004773	0.011718	-0.000778	-56.589056	-70.882115	-8.568317
33436	9.225778	-2.694762	1.720555	0.006759	0.008802	-0.006551	-56.567051	-70.883272	-8.586587
33437	9.221616	-2.669915	1.697618	0.007708	0.015502	-0.004121	-56.536893	-70.881125	-8.613516
33438	9.214551	-2.671421	1.747618	0.008597	0.016737	-0.003981	-56.505098	-70.878538	-8.641699
33439	9.244941	-2.686460	1.753009	0.009212	0.014681	-0.007876	-56.471796	-70.878435	-8.671044
33440	9.221204	-2.667846	1.703095	0.010834	0.024789	-0.007051	-56.424347	-70.874689	-8.714369
33441	9.176674	-2.655090	1.798490	0.013577	0.023069	-0.010801	-56.374334	-70.873306	-8.758754
33442	9.213992	-2.668004	1.755765	0.009507	0.010296	-0.002499	-56.352294	-70.872083	-8.778079
33443	9.213846	-2.667469	1.757349	0.008381	0.018911	-0.005719	-56.315640	-70.869581	-8.811477
33444	9.153287	-2.660887	1.799571	0.002318	0.005840	0.000554	-56.307040	-70.868402	-8.821656
33445	9.243470	-2.657599	1.714747	0.001755	0.010148	-0.001056	-56.290507	-70.866457	-8.837775
33446	9.217487	-2.691252	1.784539	-0.000158	0.007638	0.000545	-56.280497	-70.864560	-8.846758
33447	9.236277	-2.659510	1.764421	-0.000563	0.004307	-0.001610	-56.272811	-70.864735	-8.854920
33448	9.224297	-2.688986	1.737452	0.003127	0.009287	-0.002930	-56.255619	-70.864042	-8.871618
33449	9.205642	-2.643238	1.762159	0.000111	0.007716	-0.003215	-56.241394	-70.863895	-8.886292
33450	9.258093	-2.703417	1.718561	0.005412	0.005201	0.004467	-56.235171	-70.860866	-8.886013
33451	9.223814	-2.688780	1.740330	0.007627	0.020930	0.000063	-56.201525	-70.854946	-8.916687
33452	9.189576	-2.673895	1.762218	0.004230	0.008350	-0.001043	-56.186795	-70.853572	-8.926728
33453	9.242262	-2.656791	1.722490	0.004960	0.017224	-0.000356	-56.159396	-70.849025	-8.952408
33454	9.219590	-2.689323	1.769001	0.009563	0.015762	-0.000198	-56.131579	-70.844914	-8.979067
33455	9.238155	-2.657472	1.750341	0.008515	0.022166	0.000209	-56.095924	-70.838511	-9.011332
33456	9.195947	-2.696504	1.769438	0.009213	0.017897	-0.000059	-56.065749	-70.833595	-9.036858
33457	9.226402	-2.635102	1.778167	0.007164	0.015350	0.003420	-56.043180	-70.827835	-9.056091
33458	9.221770	-2.687876	1.752519	0.010374	0.019208	-0.003676	-56.007403	-70.824281	-9.089588
33459	9.221486	-2.687452	1.754660	0.009889	0.021305	-0.001659	-55.970490	-70.819018	-9.122356
33460	9.199016	-2.642715	1.804647	0.010451	0.016999	-0.000047	-55.941435	-70.814363	-9.142530
33461	9.186847	-2.672347	1.778719	0.008537	0.014490	0.001551	-55.917585	-70.809753	-9.162289
33462	9.205424	-2.640744	1.759763	0.010177	0.016923	0.003716	-55.892378	-70.803408	-9.180839
33463	9.212531	-2.664389	1.761616	0.007989	0.014340	0.009074	-55.876012	-70.795272	-9.193006
33464	9.219561	-2.688242	1.763544	0.006190	0.019546	0.007459	-55.852386	-70.786179	-9.212135
33465	9.196888	-2.644275	1.813186	0.009363	0.013478	0.007204	-55.834706	-70.779205	-9.224862
33466	9.177084	-2.651420	1.786525	0.000181	0.008726	0.008211	-55.830513	-70.773410	-9.229721
33467	9.214794	-2.690948	1.791379	0.000455	0.008800	0.004451	-55.821767	-70.769244	-9.238392
33468	9.199420	-2.645147	1.791542	0.001090	0.002284	0.009687	-55.827185	-70.764755	-9.230068
33469	9.237120	-2.684907	1.796086	0.001418	0.007827	0.008219	-55.822691	-70.759117	-9.233652
33470	9.217403	-2.691982	1.769110	0.002582	0.009136	0.004601	-55.813337	-70.754946	-9.244498
33471	9.198440	-2.646976	1.793872	0.002096	0.011234	0.006618	-55.802360	-70.748970	-9.254537
33472	9.186669	-2.702407	1.815603	0.002793	0.006964	0.006347	-55.797044	-70.744519	-9.257068
33473	9.231871	-2.662682	1.775397	0.003609	0.010409	0.002865	-55.782869	-70.740585	-9.269578
33474	9.189770	-2.701919	1.793112	0.001429	0.004605	0.000421	-55.776158	-70.739841	-9.279897
33475	9.205085	-2.671314	1.796971	0.001640	0.002433	0.002166	-55.773285	-70.738808	-9.281630
33476	9.185615	-2.677947	1.769428	-0.002824	0.003934	0.000121	-55.769770	-70.738325	-9.286147
33477	9.216013	-2.693731	1.773681	0.001429	0.004605	0.000421	-55.762465	-70.737418	-9.292703
33478	9.208412	-2.670435	1.773955	0.001567	0.004642	-0.001459	-55.754032	-70.737481	-9.300982
33479	9.212321	-2.694450	1.798819	0.002456	0.005878	-0.001316	-55.742812	-70.736986	-9.311061
33480	9.204724	-2.671052	1.799208	0.003694	0.004978	-0.001309	-55.732616	-70.736829	-9.319906
33481	9.212175	-2.694107	1.800079	0.002107	0.008013	-0.001181	-55.718831	-70.735580	-9.332915
33482	9.208114	-2.669785	1.776476	0.001219	0.006777	-0.001323	-55.707758	-70.734862	-9.342809
33483	9.223481	-2.638925	1.780442	0.001916	0.002508	-0.001594	-55.701157	-70.735584	-9.348322
33484	9.188996	-2.701211	1.798139	0.000731	0.008875	0.000693	-55.689578	-70.733247	-9.359402
33485	9.257320	-2.653490	1.761674	0.006499	0.008721	-0.002758	-55.670864	-70.732511	-9.374966
33486	9.158664	-2.710176	1.844494	0.002107	0.008013	-0.001180	-55.657128	-70.731235	-9.388786
33487	9.241666	-2.683894	1.759909	-0.000507	0.009775	0.000686	-55.644191	-70.728527	-9.402483
33488	9.177394	-2.678251	1.825562	0.005749	0.007523	-0.004781	-55.626215	-70.729270	-9.421570
33489	9.241562	-2.683138	1.761609	0.002385	0.008086	-0.004940	-55.608704	-70.729766	-9.438358
33490	9.196292	-2.645834	1.806527	0.003206	0.007077	0.000710	-55.597997	-70.728030	-9.448848
33491	9.211266	-2.692185	1.807587	0.003694	0.004979	-0.001306	-55.587303	-70.727812	-9.457619
33492	9.184318	-2.675243	1.780221	0.002246	0.008050	-0.003059	-55.572231	-70.727486	-9.472194
33493	9.196078	-2.645225	1.808503	0.004931	0.004079	-0.001297	-55.562052	-70.727554	-9.479669
33494	9.207188	-2.667212	1.785119	0.003833	0.005015	-0.003186	-55.550143	-70.728311	-9.490901
33495	9.203581	-2.667808	1.809837	0.002595	0.005915	-0.003194	-55.537064	-70.728679	-9.502867
33496	9.195981	-2.644334	1.810302	0.003344	0.007114	-0.001170	-55.524620	-70.727713	-9.509938
33497	9.214535	-2.689770	1.787322	-0.000159	0.007640	0.000550	-55.514263	-70.725752	-9.520692
33498	9.199354	-2.643186	1.787618	0.003484	0.007150	-0.003049	-55.499693	-70.725632	-9.530749
33499	9.191455	-2.696689	1.785181	0.003274	0.009322	-0.004793	-55.480141	-70.725646	-9.549160
33500	9.206801	-2.665629	1.789477	0.005820	0.005315	-0.001152	-55.468624	-70.725409	-9.561404
33501	9.195635	-2.642990	1.814018	0.002735	0.005951	-0.005073	-55.453671	-70.726646	-9.575270
33502	9.206837	-2.664753	1.790593	0.000958	0.003480	-0.005361	-55.443745	-70.728986	-9.587213
33503	9.203319	-2.665174	1.815041	0.002196	0.002581	-0.005352	-55.433386	-70.731448	-9.596539
33504	9.199827	-2.665597	1.839353	-0.000819	0.001009	-0.005649	-55.427420	-70.734600	-9.600412
33505	9.230107	-2.655624	1.795031	0.001098	0.003517	-0.007240	-55.414665	-70.737649	-9.612942
33506	9.203706	-2.663374	1.815721	0.000209	0.002281	-0.007384	-55.404838	-70.741233	-9.620703
33507	9.203865	-2.662613	1.816034	-0.000001	0.004452	-0.009128	-55.389683	-70.744865	-9.636442
33508	9.200492	-2.662767	1.840124	0.000371	-0.005359	-0.007934	-55.389376	-70.751266	-9.638764
33509	9.188993	-2.691742	1.812297	-0.000539	0.001082	-0.009407	-55.378811	-70.756126	-9.649967
33510	9.231162	-2.651716	1.795384	-0.000189	-0.001053	-0.009542	-55.371527	-70.761844	-9.658496
33511	9.189607	-2.689821	1.812032	-0.000448	-0.004351	-0.013581	-55.364343	-70.770440	-9.666062
33512	9.201415	-2.633802	1.790861	-0.000938	-0.002252	-0.011565	-55.356809	-70.777455	-9.676380
33513	9.205854	-2.656552	1.814830	-0.000917	-0.005477	-0.019362	-55.346000	-70.789142	-9.688069
33514	9.206477	-2.654866	1.814135	-0.001594	-0.008884	-0.017760	-55.341621	-70.801161	-9.694976
33515	9.184169	-2.660723	1.809704	-0.004282	-0.004916	-0.019520	-55.331809	-70.812738	-9.707648
33516	9.199722	-2.680240	1.760352	-0.001475	-0.021992	-0.020601	-55.342869	-70.830382	-9.695484
33517	9.235317	-2.640843	1.790034	-0.003701	-0.012445	-0.025702	-55.337120	-70.847326	-9.703501
33518	9.186832	-2.654565	1.805226	-0.007250	-0.017391	-0.026272	-55.339869	-70.866118	-9.702672
33519	9.240936	-2.635092	1.762472	-0.005383	-0.020349	-0.030152	-55.341628	-70.887735	-9.703759
33520	9.207834	-2.617999	1.781013	-0.005968	-0.012820	-0.023964	-55.340346	-70.904044	-9.705206
33521	9.235035	-2.607811	1.759406	-0.002761	-0.010192	-0.014134	-55.341853	-70.914802	-9.704971
33522	9.160090	-2.579564	1.847127	-0.004692	-0.009481	-0.004750	-55.352958	-70.920979	-9.696161
33523	9.193948	-2.646096	1.774066	-0.008515	-0.014502	-0.001564	-55.375486	-70.927215	-9.677171
33524	9.210020	-2.640714	1.824172	-0.007873	-0.021017	0.003666	-55.412009	-70.933142	-9.642823
33525	9.210345	-2.641200	1.821823	-0.010533	-0.024727	0.003240	-55.454209	-70.940428	-9.604246
33526	9.225417	-2.663025	1.771160	-0.009432	-0.025662	0.005129	-55.498652	-70.947132	-9.567029
33527	9.252168	-2.655073	1.748412	-0.008225	-0.018882	0.003807	-55.532125	-70.952235	-9.536288
33528	9.233626	-2.610045	1.770401	-0.004188	-0.016032	0.002364	-55.558508	-70.957110	-9.510043
33529	9.215029	-2.641632	1.789869	-0.001546	-0.007865	-0.006331	-55.563578	-70.963427	-9.505302
33530	9.237619	-2.608889	1.744179	-0.000777	-0.011123	0.004812	-55.583663	-70.965616	-9.485865
33531	9.173589	-2.604267	1.807982	-0.003040	-0.011500	0.006542	-55.606663	-70.967023	-9.463064
33532	9.207716	-2.619759	1.786222	-0.004384	-0.018317	0.009747	-55.643033	-70.969114	-9.426717
33533	9.204162	-2.622041	1.808561	-0.014003	-0.015517	0.015060	-55.685812	-70.967780	-9.389637
33534	9.222932	-2.669003	1.782305	-0.006938	-0.031913	0.014281	-55.746405	-70.972063	-9.329304
33535	9.218899	-2.646362	1.755465	-0.014889	-0.016753	0.014926	-55.791262	-70.971169	-9.290563
33536	9.275976	-2.654722	1.736448	-0.007098	-0.027492	0.007040	-55.839301	-70.977422	-9.242663
33537	9.226824	-2.671516	1.750929	-0.011731	-0.018358	0.005549	-55.875823	-70.981471	-9.210827
33538	9.230549	-2.670946	1.724992	-0.004058	-0.015992	0.000495	-55.900481	-70.987143	-9.185142
33539	9.228035	-2.620086	1.799300	-0.002282	-0.013520	0.000777	-55.920506	-70.991893	-9.165030
33540	9.204592	-2.679702	1.742565	-0.006184	-0.016330	0.000350	-55.946766	-70.997729	-9.138189
33541	9.209031	-2.627046	1.768656	-0.011976	-0.008508	0.002477	-55.967040	-71.000059	-9.123689
33542	9.205780	-2.628324	1.791117	-0.008497	-0.022173	-0.000204	-56.002098	-71.008056	-9.091291
33543	9.221331	-2.675077	1.788993	-0.015147	-0.023264	0.003119	-56.045179	-71.014801	-9.054594
33544	9.247535	-2.641600	1.717543	-0.008012	-0.024268	-0.002214	-56.080798	-71.024387	-9.022205
33545	9.229240	-2.673009	1.735854	-0.007960	-0.022017	-0.007715	-56.108024	-71.035870	-8.997924
33546	9.252746	-2.664847	1.737435	-0.009766	-0.016812	-0.009328	-56.127802	-71.046412	-8.981564
33547	9.188847	-2.633422	1.752355	-0.002499	-0.017776	-0.016543	-56.137862	-71.060736	-8.972127
33548	9.250666	-2.663274	1.758176	-0.001611	-0.016540	-0.016402	-56.146123	-71.074602	-8.964410
33549	9.231917	-2.591361	1.732452	0.001320	-0.009538	-0.011951	-56.146860	-71.084111	-8.962517
33550	9.262686	-2.606569	1.735659	-0.004387	-0.000716	0.001591	-56.151751	-71.084419	-8.960495
33551	9.224360	-2.645045	1.728558	0.000754	0.001197	0.002018	-56.150917	-71.083854	-8.960606
33552	9.213142	-2.623210	1.752869	0.001023	0.004490	0.006050	-56.149066	-71.080278	-8.962353
33553	9.171303	-2.586219	1.773114	-0.001122	-0.005777	0.012744	-56.168972	-71.076834	-8.941675
33554	9.235570	-2.618038	1.755635	-0.008790	-0.008145	0.017812	-56.201916	-71.071785	-8.911515
33555	9.215649	-2.626684	1.726981	-0.005072	-0.007625	0.025618	-56.238584	-71.062792	-8.875507
33556	9.234643	-2.622601	1.753700	-0.004371	-0.011892	0.025351	-56.280972	-71.055294	-8.832368
33557	9.245149	-2.647493	1.728399	-0.006899	-0.012347	0.030850	-56.330015	-71.045290	-8.784379
33558	9.244565	-2.650365	1.727122	-0.004639	-0.011970	0.029118	-56.375916	-71.035961	-8.737327
33559	9.251571	-2.676178	1.726241	-0.002945	-0.007286	0.025773	-56.410891	-71.026752	-8.701814
33560	9.231446	-2.685038	1.698106	-0.002972	0.000391	0.024439	-56.434379	-71.015742	-8.677660
33561	9.216272	-2.666106	1.746659	0.006964	0.006342	0.025426	-56.444386	-71.002373	-8.662543
33562	9.215558	-2.668392	1.746938	0.005210	-0.003805	0.026488	-56.470607	-70.991772	-8.635145
33563	9.203937	-2.648551	1.770676	0.000956	-0.004477	0.026204	-56.499720	-70.981449	-8.603459
33564	9.221166	-2.671359	1.697790	-0.004455	-0.006461	0.029544	-56.538436	-70.970186	-8.563187
33565	9.225608	-2.646368	1.773089	-0.000067	-0.005751	0.027952	-56.571428	-70.959417	-8.528015
33566	9.231691	-2.647494	1.724287	-0.003343	-0.004184	0.039235	-56.614408	-70.942721	-8.485229
33567	9.245022	-2.672481	1.676031	0.001863	0.003185	0.041956	-56.646588	-70.922421	-8.449736
33568	9.259885	-2.670883	1.728534	0.005423	0.008123	0.042518	-56.670353	-70.900307	-8.423954
33569	9.235524	-2.682371	1.726076	0.001989	0.014117	0.046550	-56.691393	-70.874356	-8.400165
33570	9.278789	-2.723780	1.683339	0.008436	0.020582	0.049281	-56.702900	-70.845135	-8.382943
33571	9.269605	-2.704604	1.686068	0.017880	0.033075	0.043154	-56.685559	-70.814843	-8.390141
33572	9.244826	-2.715738	1.686323	0.015608	0.040383	0.043567	-56.659948	-70.782132	-8.412740
33573	9.261796	-2.687975	1.670664	0.024933	0.056050	0.047141	-56.610777	-70.742690	-8.449374
33574	9.263963	-2.639725	1.704208	0.025288	0.060352	0.062651	-56.570369	-70.694569	-8.477944
33575	9.320739	-2.728950	1.667624	0.035713	0.082754	0.066808	-56.496741	-70.637268	-8.533974
33576	9.208509	-2.691833	1.785930	0.040651	0.090045	0.073361	-56.416828	-70.574562	-8.596726
33577	9.268455	-2.679070	1.682427	0.042705	0.099033	0.085570	-56.334880	-70.503095	-8.657375
33578	9.225966	-2.774930	1.783249	0.051688	0.112379	0.098535	-56.242645	-70.421404	-8.731111
33579	9.246673	-2.826898	1.723566	0.077410	0.114148	0.102214	-56.136667	-70.337130	-8.796222
33580	9.738546	-2.580935	1.525333	0.094897	0.131847	0.152161	-56.042958	-70.223556	-8.842128
33581	9.372526	-2.886334	1.604469	0.124373	0.232486	0.193917	-55.837840	-70.057685	-8.984135
33582	9.379247	-2.664754	1.862870	0.136323	0.229867	0.213904	-55.650555	-69.883241	-9.104292
33583	9.348144	-2.742983	1.809720	0.133054	0.250035	0.257489	-55.479397	-69.681331	-9.205135
33584	9.318508	-2.514079	1.941303	0.128810	0.270163	0.285919	-55.313639	-69.459604	-9.307155
33585	9.308808	-2.151020	2.450367	0.006759	0.270421	0.398208	-55.315591	-69.184598	-9.300614
33586	9.392878	-3.023268	1.547520	0.086718	0.127733	0.516334	-55.547311	-68.900544	-9.004337
33587	10.201005	-2.119984	1.858850	0.014070	0.331655	0.665597	-55.688700	-68.479280	-8.843603
33588	9.243017	-2.907981	2.209342	-0.002534	0.316369	0.832521	-55.985737	-67.983827	-8.528369
33589	9.897071	-2.909629	2.014832	0.015538	0.335611	0.933024	-56.313099	-67.433524	-8.164631
33590	10.344162	-2.847834	2.394278	0.036224	0.475516	1.069848	-56.557414	-66.773057	-7.877235
33591	10.710560	-3.361027	2.565800	-0.140432	0.588300	1.137994	-56.812387	-66.043830	-7.686492
33592	11.898540	-3.525242	2.581952	-0.147774	0.490136	1.225563	-57.221415	-65.302791	-7.330443
33593	11.054792	-3.121535	2.446892	-0.266410	0.613559	1.538178	-57.750920	-64.371435	-6.913760
33594	11.060273	-3.620658	2.461868	-0.297307	0.556619	1.765767	-58.458576	-63.344827	-6.314944
33595	11.607037	-3.543224	2.628183	-0.323506	0.626187	1.996697	-59.197537	-62.181041	-5.692010
33596	11.035962	-3.150556	3.097064	-0.400214	0.678029	2.255963	-60.014656	-60.870433	-5.023048
33597	11.091244	-3.731375	2.883975	-0.500541	0.631655	2.537648	-60.999509	-59.427456	-4.217946
33598	12.676963	-4.110581	3.655236	-0.478721	0.639449	2.744403	-61.977302	-57.871731	-3.393942
33599	15.123933	-4.514465	3.430689	-0.414546	0.946605	2.858502	-62.647198	-56.170230	-2.878241
33600	10.589963	-3.892010	3.400374	-0.667691	1.446678	3.172771	-63.159184	-54.175319	-2.720290
33601	8.965410	-5.871098	2.312617	-0.721095	0.907188	3.391198	-64.103005	-52.204373	-2.057266
33602	9.893656	-5.233666	2.538950	-0.570620	0.654235	3.486442	-65.075410	-50.240148	-1.229108
33603	11.160958	-5.151437	2.570390	-0.557321	0.867664	3.509841	-65.838717	-48.205119	-0.642549
33604	8.845654	-5.009874	2.664235	-0.613306	1.084153	3.556618	-66.465742	-46.091192	-0.266315
33605	7.564685	-5.745844	1.840427	-0.559918	1.001028	3.539442	-67.059889	-44.002242	0.120228
33606	5.512007	-5.576150	1.658393	-0.530392	0.971104	3.537155	-67.612791	-41.918758	0.485909
33607	2.973025	-5.337812	1.374563	-0.517758	0.738390	3.495253	-68.221962	-39.904758	0.963437
33608	2.024501	-4.021016	0.025232	-0.260820	0.223264	3.107668	-68.803926	-38.202112	1.650239
33609	6.183101	0.600855	0.843710	0.222386	-0.442296	2.131302	-69.196945	-37.153647	2.502152
33610	9.378353	3.590540	1.416294	0.377798	-0.510728	1.579139	-69.424052	-36.411678	3.243335
33611	9.579366	1.151483	2.269887	0.294177	-0.396230	1.095430	-69.571293	-35.904091	3.779059
33612	10.718827	-0.957570	2.245604	0.823470	-0.655088	0.072164	-69.364770	-35.998270	4.231423
33613	10.446453	3.270198	1.655771	1.022875	-0.842947	-0.815262	-68.988104	-36.607345	4.585607
33614	9.670278	2.118446	1.256823	0.887653	-0.809584	-1.393138	-68.587789	-37.520739	4.765820
33615	9.295610	1.797011	1.016370	0.913752	-0.888468	-1.850725	-68.128370	-38.694899	4.870222
33616	8.592177	1.501919	0.947821	0.769942	-0.880068	-2.170569	-67.686533	-40.038479	4.869762
33617	8.597684	1.299801	0.797879	0.626184	-0.967893	-2.495405	-67.297248	-41.572407	4.823564
33618	8.651073	0.773030	0.837421	0.407207	-1.002088	-2.796792	-66.978151	-43.273782	4.697061
33619	8.933823	0.369128	0.971605	0.179545	-1.044359	-3.046610	-66.743040	-45.114863	4.507820
33620	9.241072	-0.220618	1.037274	-0.071544	-1.037370	-3.247270	-66.585021	-47.060544	4.232243
33621	9.827560	-1.011289	1.314988	-0.323303	-0.994096	-3.386362	-66.491721	-49.067944	3.858237
33622	10.440861	-2.048720	1.482122	-0.531898	-0.904178	-3.489875	-66.408722	-51.109958	3.353407
33623	10.946521	-2.985715	1.613831	-0.683379	-0.785553	-3.573382	-66.273446	-53.166703	2.686542
33624	11.362161	-3.911974	1.721715	-0.798194	-0.650497	-3.628376	-66.037846	-55.220967	1.832867
33625	11.612855	-5.043966	1.741677	-0.871072	-0.528318	-3.643256	-65.672610	-57.250455	0.793638
33626	11.661224	-5.895473	1.743493	-0.857036	-0.421973	-3.615688	-65.124822	-59.236924	-0.427296
33627	11.400916	-6.432539	1.822224	-0.831504	-0.383754	-3.570209	-64.425536	-61.182053	-1.781538
33628	11.140330	-6.862367	1.916083	-0.782704	-0.414869	-3.511581	-63.609839	-63.097094	-3.210602
33629	11.017398	-7.311871	2.143406	-0.729344	-0.493838	-3.430299	-62.723751	-64.979529	-4.660439
33630	10.800612	-7.646418	2.368842	-0.668228	-0.609640	-3.330080	-61.811458	-66.833124	-6.078388
33631	10.625802	-7.889942	2.642521	-0.606877	-0.780786	-3.244689	-60.941217	-68.680198	-7.393803
33632	10.714175	-8.068171	2.895997	-0.552993	-0.981798	-3.181794	-60.163170	-70.546368	-8.561096
33633	11.033677	-8.134903	3.097529	-0.508515	-1.149880	-3.159522	-59.434449	-72.443206	-9.636362
33634	11.571041	-8.208767	3.404006	-0.479424	-1.221511	-3.143699	-58.610729	-74.349738	-10.781835
33635	11.853134	-8.393211	3.604399	-0.441738	-1.163369	-3.120091	-57.409595	-76.220009	-12.284895
33636	12.048999	-8.343298	3.713116	-0.377797	-0.987541	-3.091517	-55.399225	-78.010659	-14.568416
33637	12.049619	-8.432167	3.770615	-0.288341	-0.683560	-3.043944	-51.926798	-79.649262	-18.275577
33638	12.108610	-8.649722	3.717023	-0.136090	-0.326227	-3.021204	-46.143931	-81.082414	-24.219133
33639	12.065873	-8.947237	3.652766	0.069554	0.033461	-3.056518	-37.074074	-82.235348	-33.344514
33640	11.414559	-9.287575	3.521378	0.299845	0.243621	-3.186518	-24.145999	-83.051159	-46.204960
33641	9.785429	-9.128380	3.025176	0.575492	0.373378	-3.332963	-7.837206	-83.375310	-62.294917
33642	7.006516	-8.777374	2.572329	0.836094	0.447790	-3.212442	8.229261	-83.110465	-77.989475
33643	3.945217	-8.543453	1.767597	1.090990	0.407923	-2.730472	20.425512	-82.493857	-89.651411
33644	1.275204	-7.849776	1.035345	1.304198	0.151925	-2.004895	28.569298	-81.937136	-97.116022
33645	0.318896	-6.702353	0.482143	1.401941	-0.337450	-1.374056	34.743329	-81.688177	-102.541698
33646	1.650900	-5.454090	-0.033723	1.344034	-0.815083	-0.861735	40.168631	-81.758497	-107.245480
33647	3.556348	-4.423303	0.203323	1.227798	-1.123607	-0.517900	45.479382	-82.028957	-111.898884
33648	6.200871	-3.203767	0.591165	1.093477	-1.238624	-0.345586	50.934743	-82.354296	-116.772483
33649	13.730565	-4.573229	3.560520	0.858588	-0.978616	-0.103559	55.105927	-82.643967	-120.483153
33650	11.348664	-4.114236	1.220195	0.387228	1.257307	1.633095	46.247573	-82.911894	-111.330317
33651	-1.299860	3.351723	-2.556470	1.263212	1.114926	1.206145	39.403235	-82.912913	-103.703795
33652	12.622133	4.783458	-1.424872	0.597367	-0.618522	0.848975	38.445534	-83.494211	-102.394315
33653	10.526320	1.277746	-2.887482	-0.383389	1.109097	1.714251	27.955971	-83.500226	-92.057988
33654	5.629211	0.339271	-1.243538	-0.285918	0.535999	1.588670	19.337328	-83.584429	-83.549029
33655	11.077746	0.637862	-0.649133	-0.402582	0.007836	1.470747	11.749542	-83.806516	-76.146986
33656	11.653913	-1.286609	1.721745	-0.583423	0.708143	1.588433	2.822378	-83.519137	-67.501146
33657	10.057384	-1.222584	2.300526	-0.318684	0.698800	1.457022	-4.430158	-83.106643	-60.382654
33658	8.996040	-0.269388	2.887449	-0.294563	0.668804	1.494930	-10.962991	-82.612057	-53.968672
33659	8.833433	-0.873269	2.319987	-0.203208	0.564136	1.585528	-17.053424	-82.078318	-47.940823
33660	11.666800	-1.216640	2.612881	-0.139122	0.456738	1.695554	-22.842350	-81.500891	-42.172332
33661	10.661689	-1.665281	1.525189	-0.097841	0.702657	1.700578	-27.442615	-80.722457	-37.572761
33662	9.794745	-0.579918	1.003519	-0.208093	0.438400	1.735499	-31.918031	-80.012109	-33.154109
33663	11.552296	-2.074484	1.378215	-0.320980	0.471504	1.686112	-35.666886	-79.250587	-29.529806
33664	11.258115	-2.206216	1.822489	-0.373476	0.521535	1.628611	-38.734177	-78.448959	-26.621393
33665	10.354340	-2.075335	2.209135	-0.343140	0.476932	1.500999	-41.217148	-77.687596	-24.284307
33666	10.162683	-2.388873	2.463799	-0.395387	0.352226	1.459053	-43.583945	-76.975551	-22.090406
33667	12.328091	-2.319342	3.526249	-0.331053	0.178174	1.364499	-45.813807	-76.353727	-19.993432
33668	16.157800	-4.407004	2.212779	-0.389378	0.325237	1.188632	-47.374590	-75.731656	-18.614785
33669	10.718679	-3.948758	1.569757	-0.262556	0.727545	0.755573	-47.469792	-75.131596	-18.671548
33670	9.927033	-2.618740	2.176465	-0.145400	0.400268	0.468747	-47.597921	-74.779419	-18.624856
33671	9.471238	-2.765176	2.193367	-0.144647	0.396952	0.364900	-47.581777	-74.472420	-18.727246
33672	8.907957	-2.521360	2.425403	-0.052842	0.107902	0.219764	-47.751768	-74.338465	-18.581916
33673	9.749752	-2.105682	1.593452	-0.037902	0.039454	0.145083	-47.911325	-74.262437	-18.438429
33674	9.240786	-2.170925	2.016023	-0.057299	0.083413	0.127496	-47.991367	-74.176935	-18.389096
33675	9.374955	-2.150099	1.768872	-0.027686	-0.004791	0.083079	-48.125495	-74.144123	-18.265858
33676	9.367134	-1.897366	1.809367	-0.037320	0.002290	0.075821	-48.244990	-74.111617	-18.163587
33677	9.272444	-2.102283	1.880779	-0.051369	0.001524	0.088003	-48.388737	-74.074140	-18.044414
33678	9.374331	-2.120073	1.768158	-0.030694	-0.054598	0.062282	-48.570973	-74.068904	-17.872922
33679	9.431551	-1.970516	1.683549	-0.024808	-0.032436	0.058885	-48.711068	-74.056623	-17.741703
33680	9.386314	-2.100628	1.764196	-0.030310	-0.026890	0.059088	-48.846750	-74.042056	-17.618381
33681	9.459241	-2.128445	1.695603	-0.026427	-0.035790	0.045628	-48.974985	-74.036593	-17.500447
33682	9.370726	-2.062989	1.733943	-0.018331	-0.019557	0.028899	-49.052748	-74.032188	-17.430220
33683	9.378187	-2.010233	1.711421	-0.018602	-0.030688	0.031668	-49.150354	-74.030749	-17.339476
33684	9.297373	-1.888866	1.730478	-0.019937	-0.017999	0.045596	-49.248425	-74.018457	-17.249081
33685	9.423276	-2.080212	1.733656	-0.048649	-0.016017	0.055471	-49.371889	-74.001106	-17.149337
33686	9.204491	-2.121476	1.845341	-0.034787	-0.024028	0.038854	-49.478531	-73.993898	-17.058864
33687	9.363346	-1.877083	1.732200	-0.034797	-0.067169	0.046389	-49.659716	-73.999390	-16.890808
33688	9.429763	-2.040612	1.701134	-0.060657	-0.018729	0.075089	-49.819655	-73.974240	-16.760302
33689	9.286096	-2.133269	1.793960	-0.054778	-0.050728	0.078293	-50.027958	-73.959393	-16.575918
33690	9.423786	-2.004680	1.594971	-0.030548	-0.055986	0.077181	-50.229404	-73.946762	-16.384250
33691	9.429980	-1.933394	1.672509	-0.052503	0.000889	0.106839	-50.392822	-73.900099	-16.245181
33692	9.333060	-2.142024	1.742414	-0.055150	-0.011414	0.142781	-50.621596	-73.841875	-16.039659
33693	9.498141	-2.138192	1.493771	-0.028554	-0.008360	0.133229	-50.816307	-73.786590	-15.853641
33694	9.430460	-2.127234	1.661118	-0.035388	0.058404	0.144144	-50.926140	-73.702157	-15.760089
33695	9.331647	-2.205838	1.746131	-0.027842	0.047728	0.143680	-51.045486	-73.621748	-15.652037
33696	9.394835	-2.139250	1.641653	-0.014504	0.042602	0.140239	-51.160415	-73.544635	-15.540621
33697	9.345043	-2.067786	1.720179	-0.019470	0.066553	0.160685	-51.265018	-73.449755	-15.442852
33698	9.361679	-2.206575	1.720285	-0.026720	0.068111	0.179162	-51.393131	-73.345977	-15.324876
33699	9.304583	-2.243800	1.766458	-0.016647	0.065822	0.168419	-51.503919	-73.247779	-15.218858
33700	9.464922	-2.299442	1.669455	-0.015502	0.056278	0.162185	-51.620373	-73.155697	-15.106227
33701	9.349134	-2.303918	1.685307	-0.013958	0.094533	0.137745	-51.648972	-73.060971	-15.084389
33702	9.308043	-2.174578	1.748326	-0.011970	0.099500	0.129059	-51.659534	-72.968358	-15.080253
33703	9.273462	-2.199496	1.801750	-0.014415	0.105289	0.146305	-51.682119	-72.865958	-15.064958
33704	9.310687	-2.144738	1.723724	-0.016471	0.108956	0.163417	-51.720655	-72.754538	-15.034235
33705	9.344911	-2.120430	1.719703	-0.019753	0.149499	0.194951	-51.737343	-72.614563	-15.028302
33706	9.244777	-2.306549	1.856808	-0.034621	0.178233	0.219363	-51.749547	-72.453392	-15.036041
33707	9.182868	-2.320725	1.864333	-0.015046	0.168622	0.216069	-51.759725	-72.297130	-15.034098
33708	9.205037	-2.226990	1.917180	0.007356	0.162259	0.237525	-51.790229	-72.133448	-14.997375
33709	9.262122	-2.407315	1.882405	0.006073	0.168056	0.266357	-51.843495	-71.954738	-14.937415
33710	9.188606	-2.453723	1.861581	0.023561	0.168096	0.254561	-51.873643	-71.781297	-14.891226
33711	9.237080	-2.507637	1.909903	0.019327	0.174293	0.240218	-51.881136	-71.612143	-14.871360
33712	9.211603	-2.482803	1.926755	0.051789	0.161359	0.233695	-51.881052	-71.450483	-14.839906
33713	9.324220	-2.896569	1.760837	0.027273	0.132090	0.169708	-51.866110	-71.328039	-14.838873
33714	9.190579	-2.439529	2.130709	0.113220	0.091371	0.133633	-51.819261	-71.236237	-14.819590
33715	9.329475	-2.630056	1.855553	0.056141	0.084137	0.122106	-51.802061	-71.152216	-14.803469
33716	9.165538	-2.592401	2.063285	0.074007	0.062319	0.098698	-51.779796	-71.086441	-14.781930
33717	9.291357	-2.656738	1.912987	0.057405	0.012795	0.070576	-51.802246	-71.050905	-14.723113
33718	9.337784	-2.566911	1.905366	0.059801	0.016881	0.048552	-51.795836	-71.023803	-14.693407
33719	9.290879	-2.585563	1.899839	0.043150	0.024178	0.036911	-51.776715	-70.999390	-14.687172
33720	9.335405	-2.545695	1.863859	0.037332	0.022401	0.019458	-51.746005	-70.983430	-14.696776
33721	9.283482	-2.513062	1.934611	0.032927	0.021639	0.021000	-51.719733	-70.967076	-14.704299
33722	9.333528	-2.548118	1.869936	0.033375	0.027260	0.017786	-51.683313	-70.950141	-14.722346
33723	9.238509	-2.478582	1.961885	0.026626	0.052434	0.021554	-51.621260	-70.922588	-14.771547
33724	9.203481	-2.543617	1.981049	0.024664	0.021247	0.027994	-51.608255	-70.903199	-14.770103
33725	9.260200	-2.525601	1.920747	0.021374	0.029537	0.024784	-51.582400	-70.882329	-14.784194
33726	9.275102	-2.573371	1.923219	0.016840	0.014617	0.017484	-51.571706	-70.870019	-14.785048
33727	9.262308	-2.552726	1.949300	0.014245	0.020887	0.010362	-51.546378	-70.858701	-14.802908
33728	9.212033	-2.596099	2.013317	0.006817	-0.008772	0.001522	-51.555305	-70.861886	-14.789073
33729	9.402613	-2.555529	1.774241	0.009270	-0.025622	-0.018685	-51.563165	-70.880170	-14.774820
33730	9.252220	-2.605387	1.968113	-0.003058	0.019676	-0.026639	-51.512000	-70.885852	-14.830576
33731	9.185910	-2.573940	2.129640	0.001996	-0.067088	-0.043637	-51.552079	-70.930111	-14.786643
33732	9.437650	-2.560784	1.769772	0.005499	-0.070773	-0.051251	-51.588017	-70.979060	-14.745041
33733	9.353133	-2.560723	1.949268	-0.015519	-0.009638	-0.041380	-51.565906	-71.001837	-14.777522
33734	9.248327	-2.515744	1.881251	0.026589	-0.048638	-0.045988	-51.566476	-71.040543	-14.760560
33735	9.455973	-2.414753	1.723565	0.019554	0.025583	-0.020891	-51.499393	-71.041568	-14.819334
33736	9.431878	-2.265534	1.588084	0.040271	0.139898	-0.012940	-51.280719	-70.998090	-15.025931
33737	8.735303	-2.273556	2.479009	0.013618	0.253173	0.046570	-50.993609	-70.887066	-15.321123
33738	8.857433	-2.389730	2.308475	0.042560	0.016941	0.079631	-51.030149	-70.846246	-15.256386
33739	9.176228	-2.415415	2.045010	0.013433	0.053652	0.090506	-51.046663	-70.787364	-15.230440
33740	9.117942	-2.571327	2.054973	0.017633	0.017051	0.087466	-51.104935	-70.742985	-15.157773
33741	9.200032	-2.575360	2.022274	0.006916	0.016568	0.073548	-51.154655	-70.704989	-15.100590
33742	9.276729	-2.580649	1.889046	0.017840	0.015218	0.064757	-51.191357	-70.671361	-15.050619
33743	9.295205	-2.553179	1.996415	0.014700	0.029017	0.062060	-51.208692	-70.634003	-15.023009
33744	9.294159	-2.635683	1.994082	0.030152	0.000794	0.064302	-51.255924	-70.605738	-14.954378
33745	9.303140	-2.611797	2.022734	0.029745	-0.012512	0.068731	-51.323875	-70.580263	-14.863954
33746	9.283826	-2.546639	1.725559	0.051078	-0.009954	0.059117	-51.367157	-70.558118	-14.786777
33747	9.218615	-2.519577	1.996707	0.017180	0.149356	0.046859	-51.215198	-70.484422	-14.937208
33748	8.906128	-2.498062	2.200940	0.043692	0.047176	0.048820	-51.180149	-70.446433	-14.947589
33749	9.156482	-2.417772	2.108469	0.023792	0.076592	0.069029	-51.139367	-70.388875	-14.976094
33750	9.051718	-2.586783	2.111762	0.025460	0.037285	0.073127	-51.151764	-70.343591	-14.947197
33751	9.113921	-2.443043	2.061951	0.019741	0.053814	0.081821	-51.154735	-70.288510	-14.931717
33752	9.112493	-2.681182	2.054188	0.023185	0.034657	0.078452	-51.176839	-70.241789	-14.893874
33753	9.317969	-2.516347	1.908405	0.031664	0.075540	0.080948	-51.145057	-70.179290	-14.908058
33754	8.898864	-2.659332	2.254527	0.013148	0.060447	0.082065	-51.144467	-70.121693	-14.900431
33755	9.317997	-2.502245	1.972579	0.026853	0.034210	0.074999	-51.160585	-70.076702	-14.866613
33756	9.037537	-2.702236	2.115272	0.021420	0.063017	0.071616	-51.141692	-70.022842	-14.873411
33757	9.169154	-2.612422	2.075661	0.024136	0.037200	0.063793	-51.144487	-69.981777	-14.855409
33758	9.156063	-2.646979	2.051478	0.026410	0.039823	0.058547	-51.138285	-69.942083	-14.845659
33759	9.194833	-2.637750	2.089077	0.024440	0.041767	0.052928	-51.124592	-69.904225	-14.845015
33760	9.162245	-2.626505	2.088356	0.021097	0.034635	0.053935	-51.123225	-69.868454	-14.833356
33761	9.132909	-2.639450	2.111643	0.016464	0.040560	0.046586	-51.109378	-69.833859	-14.837744
33762	9.145992	-2.612681	2.120186	0.024257	0.038491	0.048880	-51.096571	-69.798956	-14.836338
33763	9.167910	-2.583970	2.080869	0.023029	0.040394	0.058447	-51.090804	-69.759131	-14.828110
33764	9.230564	-2.542697	2.075138	0.028530	0.044404	0.074399	-51.093294	-69.710723	-14.807788
33765	9.172730	-2.644163	2.115064	0.021100	0.054048	0.089918	-51.102723	-69.651953	-14.784529
33766	9.153993	-2.682599	2.115998	0.021806	0.049778	0.089617	-51.117197	-69.594825	-14.755518
33767	9.103737	-2.653530	2.163718	0.023571	0.046789	0.087619	-51.131477	-69.539686	-14.725554
33768	9.121384	-2.757274	2.092955	0.016660	0.043641	0.073564	-51.140556	-69.491921	-14.705430
33769	9.117333	-2.711282	2.149839	0.024796	0.050558	0.057786	-51.120839	-69.448735	-14.710999
33770	9.126795	-2.737941	2.131273	0.022491	0.046945	0.053503	-51.103395	-69.408730	-14.715627
33771	9.100517	-2.697433	2.183354	0.022139	0.044834	0.038121	-51.073272	-69.376369	-14.733943
33772	9.118191	-2.745329	2.164354	0.021075	0.037078	0.027845	-51.043898	-69.351348	-14.752188
33773	9.079101	-2.708057	2.162620	0.020362	0.030421	0.023385	-51.017872	-69.330739	-14.767221
33774	9.162968	-2.708732	2.131965	0.011150	0.020216	0.021725	-51.008328	-69.314515	-14.770354
33775	9.189412	-2.701935	2.114769	0.009557	0.017791	0.019480	-50.999706	-69.300196	-14.773403
33776	9.138266	-2.719238	2.131375	0.011157	0.022442	0.018142	-50.984144	-69.284765	-14.782967
33777	9.063077	-2.691712	2.195692	0.015599	0.027597	0.009483	-50.951018	-69.271356	-14.808516
33778	9.117097	-2.675749	2.159571	0.011321	0.014794	0.017452	-50.943739	-69.258990	-14.809124
33779	9.125320	-2.675147	2.114066	0.008155	0.031816	0.022582	-50.922466	-69.238224	-14.826563
33780	9.075242	-2.665697	2.207823	0.016808	0.028729	0.028682	-50.906423	-69.215830	-14.833183
33781	9.098468	-2.635692	2.167047	0.010054	0.023208	0.039033	-50.909853	-69.190857	-14.823038
33782	9.169110	-2.693814	2.156195	0.011617	0.024430	0.054473	-50.926315	-69.158546	-14.798067
33783	9.156136	-2.728448	2.130723	0.007370	0.032489	0.062497	-50.942619	-69.119781	-14.775786
33784	9.106293	-2.773516	2.172571	0.015343	0.029408	0.053366	-50.949972	-69.086162	-14.758267
33785	9.183792	-2.728890	2.094327	0.022245	0.037010	0.060345	-50.950357	-69.046721	-14.743895
33786	9.070004	-2.715661	2.227361	0.027928	0.047741	0.063725	-50.938921	-69.001875	-14.738769
33787	9.122389	-2.703995	2.193816	0.029679	0.039268	0.059300	-50.931418	-68.962085	-14.728276
33788	9.084980	-2.694361	2.216653	0.014600	0.037979	0.069386	-50.944197	-68.918246	-14.705382
33789	9.170700	-2.726446	2.087417	0.024122	0.036111	0.075720	-50.958800	-68.872288	-14.674600
33790	9.153362	-2.736723	2.163667	0.014042	0.049840	0.089525	-50.976872	-68.815202	-14.646359
33791	9.129428	-2.776200	2.188320	0.017756	0.052591	0.092031	-50.991150	-68.756032	-14.619816
33792	9.072834	-2.774900	2.183874	0.017118	0.061317	0.085220	-50.990135	-68.696720	-14.610145
33793	9.013937	-2.798360	2.228164	0.020499	0.062953	0.081886	-50.981505	-68.638329	-14.606485
33794	9.057504	-2.713360	2.247225	0.022089	0.053397	0.069730	-50.972361	-68.588770	-14.602479
33795	9.073262	-2.766377	2.228884	0.007867	0.040117	0.099722	-51.013201	-68.530673	-14.553446
33796	9.151477	-2.700040	2.226729	0.020712	0.021109	0.120041	-51.087193	-68.470324	-14.460933
33797	9.046264	-2.742000	2.257716	0.004713	0.030652	0.144445	-51.180544	-68.395635	-14.357334
33798	9.106289	-2.787483	2.246466	0.002838	0.009462	0.161467	-51.314190	-68.320838	-14.211570
33799	9.097388	-2.855388	2.219637	-0.003038	0.012941	0.170944	-51.454111	-68.240453	-14.062514
33800	9.094935	-2.845516	2.172449	0.000680	0.012426	0.167498	-51.589074	-68.161638	-13.916504
33801	8.986382	-2.966913	2.199603	0.000837	0.039910	0.158726	-51.683779	-68.076910	-13.813614
33802	8.989562	-2.874675	2.258972	0.015238	0.036630	0.140612	-51.757960	-68.001408	-13.723983
33803	9.000309	-2.804931	2.318247	0.003793	0.026220	0.138724	-51.847350	-67.930425	-13.624888
33804	9.024329	-2.914263	2.197959	-0.004363	0.022771	0.158845	-51.962794	-67.851494	-13.502749
33805	8.997292	-2.856180	2.323046	-0.005028	0.027070	0.159290	-52.072715	-67.770785	-13.386831
33806	9.052618	-2.855508	2.262214	-0.018976	0.003093	0.178932	-52.233773	-67.689484	-13.224309
33807	9.095427	-2.987208	2.193128	-0.025946	0.015231	0.187276	-52.390673	-67.600008	-13.070415
33808	9.031877	-2.995449	2.207755	-0.024024	0.025382	0.186621	-52.534235	-67.507103	-12.929747
33809	8.912552	-3.017974	2.260991	-0.021589	0.030161	0.177810	-52.661967	-67.416450	-12.804528
33810	8.832898	-3.002358	2.323676	-0.009256	0.022093	0.164776	-52.780336	-67.334403	-12.681807
33811	8.911521	-2.891717	2.370839	-0.021466	-0.003689	0.169054	-52.935792	-67.259242	-12.526308
33812	8.975365	-3.043496	2.228380	-0.032826	-0.020586	0.174264	-53.120083	-67.187305	-12.346600
33813	8.976915	-3.083323	2.226362	-0.029326	-0.013519	0.173438	-53.292205	-67.113143	-12.177736
33814	9.034448	-3.057002	2.238726	-0.028819	-0.012358	0.177570	-53.465690	-67.036449	-12.007073
33815	9.052195	-3.067568	2.241908	-0.032274	-0.006259	0.181835	-53.636136	-66.955552	-11.841673
33816	9.038149	-3.088964	2.163889	-0.031937	-0.001873	0.194006	-53.810794	-66.867314	-11.671471
33817	8.966309	-3.123306	2.248732	-0.039860	0.008035	0.194411	-53.977633	-66.775383	-11.514507
33818	8.902741	-3.131386	2.261541	-0.038255	0.002789	0.196134	-54.149963	-66.684197	-11.350550
33819	8.856354	-3.109070	2.278313	-0.038232	-0.005890	0.185772	-54.321653	-66.600579	-11.187074
33820	8.850921	-3.126237	2.275930	-0.047021	-0.017921	0.180107	-54.506441	-66.523370	-11.014806
33821	8.893349	-3.155602	2.306296	-0.054701	-0.033099	0.178106	-54.708575	-66.451944	-10.828229
33822	8.943292	-3.210619	2.211685	-0.058450	-0.032486	0.181858	-54.914521	-66.378250	-10.639829
33823	8.955149	-3.274230	2.184140	-0.052173	-0.025076	0.175499	-55.102324	-66.304892	-10.467109
33824	8.893943	-3.304149	2.218617	-0.045594	-0.015416	0.163537	-55.266724	-66.233742	-10.315835
33825	8.893989	-3.318130	2.191896	-0.036354	-0.017450	0.150643	-55.416935	-66.169212	-10.174110
33826	8.954373	-3.239872	2.255934	-0.036314	-0.014190	0.156895	-55.568098	-66.100473	-10.031343
33827	8.972706	-3.249558	2.257805	-0.047209	-0.024336	0.168694	-55.743381	-66.029316	-9.868841
33828	9.029492	-3.276801	2.216457	-0.058888	-0.020369	0.181832	-55.930247	-65.950398	-9.700987
33829	8.992640	-3.329004	2.155477	-0.062084	-0.014335	0.205687	-56.127753	-65.858034	-9.523274
33830	8.902579	-3.293352	2.237302	-0.065511	-0.007171	0.219937	-56.328929	-65.756300	-9.343654
33831	8.915619	-3.259574	2.315144	-0.073642	-0.014832	0.244087	-56.557502	-65.645236	-9.138837
33832	8.821108	-3.153788	2.447757	-0.106631	-0.020068	0.284028	-56.836688	-65.516271	-8.899097
33833	9.092846	-3.018160	2.502242	-0.158819	-0.089851	0.339629	-57.253477	-65.381776	-8.540600
33834	9.661242	-3.404487	2.068413	-0.220691	-0.079216	0.451802	-57.765327	-65.188544	-8.116108
33835	9.372888	-3.643835	1.970884	-0.221659	0.033438	0.550566	-58.216336	-64.911682	-7.758430
33836	8.916198	-3.296854	2.393389	-0.220404	0.028851	0.606819	-58.698693	-64.607464	-7.364546
33837	8.900952	-3.183301	2.542921	-0.270024	-0.046547	0.657934	-59.306963	-64.298848	-6.861520
33838	9.079197	-3.385386	2.560697	-0.319877	-0.107555	0.705118	-60.021089	-63.982029	-6.271372
33839	9.405369	-3.465777	2.458683	-0.355468	-0.133231	0.757778	-60.795307	-63.642964	-5.635236
33840	9.516103	-3.817783	2.150451	-0.390051	-0.078050	0.809809	-61.545122	-63.258797	-5.046630
33841	9.416814	-4.088885	2.008816	-0.372605	-0.004810	0.850537	-62.214701	-62.831082	-4.534627
33842	9.484930	-4.376612	1.658127	-0.335942	0.060105	0.894327	-62.804654	-62.361385	-4.086686
33843	9.192109	-4.531189	1.575624	-0.270808	0.161193	0.920681	-63.255950	-61.850145	-3.751294
33844	8.950029	-4.457336	1.799713	-0.203581	0.208041	0.929266	-63.615838	-61.321374	-3.474510
33845	8.815928	-4.313011	1.956135	-0.176220	0.258503	0.923132	-63.899153	-60.782271	-3.265794
33846	7.576704	-4.106239	1.610906	-0.200028	0.320585	0.973771	-64.153955	-60.201010	-3.104488
33847	9.172593	-4.740190	2.594361	-0.085518	0.119312	0.874975	-64.471918	-59.720387	-2.793455
33848	8.652506	-3.701441	2.589782	-0.250604	0.319707	0.945270	-64.728904	-59.153324	-2.661544
33849	8.071363	-4.768699	2.305368	-0.175611	0.185601	0.920735	-65.040749	-58.631310	-2.414501
33850	8.617967	-4.364330	2.047701	-0.224738	0.256381	0.929783	-65.316269	-58.086888	-2.241906
33851	8.059320	-4.888502	2.144345	-0.199544	0.232003	0.927005	-65.588843	-57.549323	-2.054593
33852	8.637062	-4.627819	2.267747	-0.194265	0.262327	0.917017	-65.823562	-57.009359	-1.907687
33853	8.244297	-4.849624	2.069748	-0.202456	0.311333	0.925264	-66.020737	-56.453362	-1.810251
33854	8.292301	-5.137292	1.924438	-0.191350	0.361322	0.918816	-66.166478	-55.888955	-1.766571
33855	8.129809	-5.317120	1.890508	-0.144701	0.401355	0.910212	-66.249098	-55.319781	-1.766564
33856	8.170963	-5.458657	1.837703	-0.106035	0.436758	0.898212	-66.278696	-54.748714	-1.804374
33857	7.764337	-5.543950	1.856681	-0.070521	0.475211	0.886494	-66.256095	-54.174950	-1.881442
33858	7.846195	-5.541680	2.030312	-0.011680	0.441187	0.862097	-66.218678	-53.621784	-1.935839
33859	7.814664	-5.441390	2.156517	0.008038	0.472495	0.858423	-66.147906	-53.063297	-2.017952
33860	7.827070	-5.560868	2.311404	0.028711	0.462494	0.849600	-66.072209	-52.511662	-2.092160
33861	7.652888	-5.413065	2.504229	0.032834	0.471806	0.850648	-65.989868	-51.957278	-2.172150
33862	7.588330	-5.478270	2.564238	0.024484	0.445182	0.854250	-65.933547	-51.407134	-2.225873
33863	7.527366	-5.466287	2.524776	0.019242	0.435811	0.867202	-65.891038	-50.852408	-2.265934
33864	7.589357	-5.514997	2.669191	-0.001534	0.417966	0.880798	-65.877034	-50.294708	-2.285021
33865	7.348733	-5.455214	2.726828	-0.028948	0.404704	0.894852	-65.890792	-49.732792	-2.288329
33866	7.338731	-5.503939	2.845307	-0.052091	0.378436	0.906844	-65.937266	-49.170720	-2.266264
33867	7.237230	-5.499716	2.934315	-0.086313	0.349443	0.911033	-66.020391	-48.613229	-2.221188
33868	7.140208	-5.515944	2.917547	-0.129271	0.331772	0.916617	-66.138611	-48.056844	-2.161893
33869	7.114254	-5.634742	2.890790	-0.169281	0.322040	0.911078	-66.281341	-47.505548	-2.099739
33870	7.114188	-5.804643	2.842325	-0.203969	0.305618	0.911462	-66.451209	-46.957688	-2.027339
33871	7.217394	-6.008837	2.772633	-0.225091	0.300639	0.918800	-66.634577	-46.406981	-1.952167
33872	7.110185	-6.196428	2.712516	-0.238943	0.304199	0.924030	-66.822598	-45.852532	-1.881058
33873	7.061346	-6.387816	2.619223	-0.241822	0.301678	0.933858	-67.012689	-45.293329	-1.808483
33874	7.096761	-6.568225	2.579134	-0.240173	0.287802	0.952018	-67.210639	-44.727446	-1.722961
33875	7.099499	-6.787179	2.372437	-0.250057	0.264428	0.989793	-67.431000	-44.146558	-1.612438
33876	7.061633	-7.174132	2.507063	-0.230222	0.195228	1.026042	-67.679319	-43.561276	-1.444223
33877	7.137063	-6.513521	2.570037	-0.211716	0.167718	1.060422	-67.932640	-42.963202	-1.251170
33878	7.051644	-6.857057	2.766119	-0.227042	0.166370	1.125625	-68.203257	-42.330110	-1.043555
33879	6.954645	-6.790940	2.733208	-0.240134	0.151072	1.176036	-68.492038	-41.672685	-0.817172
33880	6.633626	-6.792324	2.775079	-0.258518	0.116501	1.233347	-68.811831	-40.990993	-0.557049
33881	6.601064	-6.916663	2.729656	-0.287214	0.060990	1.298727	-69.177091	-40.284585	-0.248447
33882	6.524603	-6.928979	2.872846	-0.304333	0.000043	1.367745	-69.582448	-39.551898	0.111693
33883	6.869748	-6.818066	3.028533	-0.354210	-0.054112	1.456660	-70.043491	-38.780043	0.520799
33884	7.164600	-7.001383	3.262745	-0.415287	-0.076018	1.567232	-70.553611	-37.950118	0.959504
33885	7.628554	-6.936882	3.347729	-0.467715	-0.080974	1.690526	-71.099118	-37.051265	1.415839
33886	7.740668	-7.232064	3.593127	-0.575294	-0.022930	1.838588	-71.687239	-36.057905	1.850075
33887	9.000482	-7.715178	3.819176	-0.621350	-0.010520	1.957146	-72.294672	-34.994122	2.283232
33888	9.207932	-8.212689	3.025539	-0.704244	0.228650	2.127364	-72.862433	-33.792807	2.574284
33889	8.231684	-8.586454	2.382610	-0.702498	0.296559	2.333346	-73.411720	-32.464873	2.843348
33890	9.005452	-9.326580	2.536030	-0.678276	0.251614	2.549598	-73.968563	-31.023326	3.163344
33891	10.079201	-9.417339	2.843887	-0.624369	0.377494	2.724444	-74.452417	-29.463158	3.414253
33892	9.334623	-9.438151	2.660923	-0.668297	0.533015	2.946304	-74.917868	-27.755410	3.586920
33893	9.009825	-9.717485	2.248493	-0.666395	0.514320	3.162383	-75.390298	-25.929254	3.788150
33894	8.689849	-9.739096	1.992257	-0.671298	0.447998	3.395366	-75.883804	-23.982180	4.046473
33895	8.675417	-9.679395	1.839586	-0.696888	0.266681	3.601819	-76.429283	-21.942642	4.421780
33896	7.807522	-9.217456	1.501451	-0.701355	0.102039	3.894911	-77.004806	-19.758613	4.909877
33897	7.389402	-8.516481	1.123477	-0.652936	-0.171104	4.142362	-77.586749	-17.465625	5.561696
33898	6.474010	-7.747620	0.592787	-0.622069	-0.324368	4.436376	-78.151833	-15.021020	6.307622
33899	4.761537	-6.998929	0.572451	-0.585413	-0.487243	4.807958	-78.688579	-12.379090	7.158409
33900	3.807611	-6.705849	-0.489960	-0.389163	-0.703597	5.032669	-79.096629	-9.628782	8.127596
33901	3.777789	-7.772051	2.630553	0.226288	-0.789758	4.816998	-79.107946	-7.004864	9.104109
33902	10.770959	-14.104891	2.642127	0.329414	-1.940935	3.342505	-79.076518	-5.336362	10.567282
33903	17.562158	-11.477305	1.250231	1.446039	-2.060893	1.444544	-78.364237	-4.756391	11.892489
33904	17.169452	-6.221361	4.262322	1.381308	-1.516694	0.006239	-77.645059	-4.935627	12.746704
33905	16.379683	-6.903658	2.867758	1.304186	-1.029243	-1.550208	-76.933652	-5.932582	13.128427
33906	13.613370	-8.047412	3.808633	1.398270	-0.108374	-2.841947	-76.094831	-7.533191	12.807303
33907	10.422381	-9.803619	3.196822	1.561358	0.449231	-3.622840	-75.085308	-9.480354	12.033135
33908	7.194327	-10.111255	2.843245	1.675833	0.874178	-3.968898	-73.922688	-11.541054	10.924825
33909	4.224835	-10.239942	2.467060	1.694548	1.031885	-3.905220	-72.682663	-13.515204	9.686365
33910	2.175020	-10.356999	2.126985	1.675020	1.017645	-3.638246	-71.414904	-15.321911	8.450742
33911	1.083599	-10.199778	1.985197	1.575222	0.856395	-3.243370	-70.201523	-16.916467	7.332629
33912	0.886351	-10.013108	1.872217	1.426508	0.578892	-2.862333	-69.103930	-18.342074	6.408378
33913	1.520033	-9.382784	1.980869	1.248692	0.252538	-2.577110	-68.156452	-19.665205	5.696895
33914	2.611583	-8.796631	2.410414	1.035774	-0.096401	-2.425558	-67.387052	-20.975757	5.191153
33915	4.345177	-8.267565	2.753157	0.848046	-0.343441	-2.429367	-66.757508	-22.335166	4.802774
33916	6.171986	-7.771305	3.014857	0.706291	-0.381605	-2.518850	-66.192899	-23.748892	4.394988
33917	7.217030	-7.282559	3.249226	0.569181	-0.191846	-2.624133	-65.633011	-25.167156	3.831161
33918	7.030385	-7.075575	3.084558	0.428287	0.092712	-2.755436	-65.044448	-26.583090	3.045708
33919	6.063212	-7.014451	2.782322	0.306469	0.317909	-2.889347	-64.418904	-28.003244	2.065211
33920	5.072154	-7.107224	2.398366	0.167972	0.408093	-2.942042	-63.803939	-29.421127	0.986478
33921	3.953118	-7.238801	1.963136	0.038779	0.400922	-2.928058	-63.228040	-30.821128	-0.116151
33922	2.831696	-7.051414	1.654961	-0.083612	0.244892	-2.856889	-62.742900	-32.219164	-1.134725
33923	2.465454	-6.615210	1.471044	-0.204180	-0.020926	-2.757035	-62.395245	-33.627568	-1.989003
33924	3.167423	-6.242236	1.472540	-0.337489	-0.280202	-2.659612	-62.201341	-35.054801	-2.674567
33925	4.168359	-5.771909	1.586408	-0.433847	-0.430178	-2.630511	-62.099244	-36.503354	-3.273828
33926	5.124051	-5.249017	1.624003	-0.497910	-0.472406	-2.679560	-62.018969	-37.989893	-3.876923
33927	5.620090	-4.787522	1.615130	-0.523568	-0.426631	-2.770783	-61.892766	-39.506772	-4.557338
33928	5.323084	-4.412900	1.613090	-0.531333	-0.398544	-2.848507	-61.713736	-41.056526	-5.304202
33929	4.812589	-4.468556	1.498612	-0.490875	-0.452014	-2.911267	-61.488089	-42.647817	-6.063439
33930	4.496438	-4.377600	1.379155	-0.397760	-0.536434	-2.936663	-61.206460	-44.275232	-6.803257
33931	4.623133	-4.173908	1.307467	-0.302115	-0.640576	-2.913571	-60.890662	-45.914448	-7.493050
33932	5.095276	-3.886955	1.216996	-0.220496	-0.687848	-2.914640	-60.513185	-47.567171	-8.183933
33933	5.631562	-3.474730	0.998366	-0.172513	-0.680113	-2.950226	-60.049002	-49.229194	-8.936399
33934	5.770666	-3.054661	0.663970	-0.168968	-0.603701	-2.957814	-59.483083	-50.871111	-9.799956
33935	5.065293	-3.274379	0.549847	-0.174478	-0.598065	-2.944029	-58.861086	-52.496028	-10.719663
33936	4.636812	-3.595016	0.451760	-0.100489	-0.774040	-2.976073	-58.230595	-54.185664	-11.576436
33937	4.764922	-3.677116	0.478020	-0.019674	-0.957828	-2.982014	-57.608215	-55.925634	-12.349007
33938	5.226730	-3.473156	0.600146	0.021661	-1.098077	-2.965925	-57.000888	-57.699182	-13.058957
33939	5.997514	-3.467193	0.634842	0.000539	-1.131285	-2.953119	-56.365256	-59.469951	-13.802974
33940	6.397173	-3.513303	0.659124	-0.087685	-1.062413	-2.931330	-55.651824	-61.206428	-14.680895
33941	6.335657	-3.837974	0.613075	-0.246048	-0.973553	-2.877143	-54.886404	-62.879853	-15.706606
33942	5.892463	-4.455282	0.727713	-0.401421	-0.938834	-2.795827	-54.119563	-64.500022	-16.817742
33943	5.934462	-5.098487	1.006641	-0.535179	-0.993651	-2.707244	-53.431404	-66.088625	-17.912357
33944	6.310147	-5.863167	1.552922	-0.629469	-1.055135	-2.629535	-52.805523	-67.660139	-18.984244
33945	6.679151	-6.752095	2.143175	-0.670934	-1.090134	-2.549357	-52.193327	-69.200040	-20.055516
33946	6.734740	-7.699405	2.775147	-0.681756	-1.056134	-2.425008	-51.536191	-70.670016	-21.170168
33947	6.260535	-8.687587	3.505651	-0.630132	-1.007084	-2.239710	-50.845596	-72.032449	-22.279704
33948	6.192866	-9.649242	4.198422	-0.498001	-1.002495	-2.032661	-50.176244	-73.299689	-23.279080
33949	7.149627	-10.199958	4.802752	-0.302578	-0.957614	-1.864815	-49.411666	-74.470705	-24.255033
33950	7.852356	-10.275730	5.187522	-0.091342	-0.750661	-1.692892	-48.290238	-75.486922	-25.469663
33951	7.745006	-10.263336	5.372818	0.146621	-0.512358	-1.523535	-46.718118	-76.329699	-27.003595
33952	7.552623	-10.341712	5.199493	0.406950	-0.335648	-1.338193	-44.806122	-77.015637	-28.728300
33953	7.397590	-10.095452	4.841443	0.686447	-0.209058	-1.144678	-42.678150	-77.556451	-30.506237
33954	7.005969	-9.497024	4.281971	0.925801	-0.120366	-0.927647	-40.524219	-77.962921	-32.166987
33955	7.047123	-8.973844	3.864704	1.096255	-0.105413	-0.703924	-38.599604	-78.267106	-33.491587
33956	7.183151	-8.397010	3.354072	1.195172	-0.088229	-0.491969	-36.980574	-78.481416	-34.444984
33957	6.888588	-7.805657	3.088698	1.208066	-0.113670	-0.283277	-35.831947	-78.630870	-34.910398
33958	6.738181	-7.146727	2.740624	1.184633	-0.198843	-0.100356	-35.249100	-78.758358	-34.812257
33959	34.521263	-31.454919	23.345920	-1.279509	0.635961	2.371141	-40.063831	-77.639895	-30.642512
33960	-16.134760	-3.521234	-10.938227	1.737594	2.552068	3.201813	-40.923368	-75.336949	-28.734680
33961	13.675517	6.018006	21.824254	-0.382576	-0.653824	1.419888	-44.366969	-75.061995	-25.399398
33962	26.704011	-13.551426	-4.657615	-0.621889	-2.015456	1.386203	-49.960686	-75.265371	-19.981455
33963	9.552782	-2.453705	1.344348	0.951584	1.834523	0.228005	-46.828489	-74.470317	-22.660939
33964	4.545642	-0.710932	4.282268	-0.284133	0.272217	0.551094	-47.350754	-74.133292	-22.287417
33965	11.910962	-3.041802	-0.842339	0.302288	-1.586374	0.207487	-49.899192	-74.645790	-19.461306
33966	12.622842	-0.856047	0.281647	-0.165102	0.709522	0.250075	-49.216505	-74.273434	-20.267947
33967	7.338577	-3.688482	2.903055	-0.379880	0.867405	0.429247	-48.688383	-73.762349	-21.043398
33968	9.045176	-2.919066	1.903849	0.317426	-0.324940	0.041370	-49.044421	-73.867380	-20.483168
33969	10.122595	-1.160283	1.866903	-0.001182	0.159871	0.049759	-48.870430	-73.786501	-20.664728
33970	8.326099	-2.555916	2.315959	-0.128946	0.150615	0.125272	-48.884357	-73.676088	-20.727062
33971	9.405285	-2.024106	1.883242	0.048135	-0.197623	0.080940	-49.252126	-73.716006	-20.314843
33972	9.696395	-2.156365	1.482285	-0.053203	-0.001560	0.101532	-49.415568	-73.672846	-20.176193
33973	9.437479	-2.308032	1.697049	0.010021	0.008920	0.088556	-49.508045	-73.631736	-20.073531
33974	9.500220	-2.130029	1.682756	0.022105	0.030955	0.067493	-49.535957	-73.591192	-20.031119
33975	9.160759	-2.052064	1.991147	0.014299	0.050023	0.076832	-49.549707	-73.539871	-20.007935
33976	9.118121	-2.074193	1.958459	0.012168	-0.041838	0.097696	-49.728179	-73.513123	-19.814438
33977	9.340871	-2.089948	1.789663	0.014636	-0.075911	0.105043	-49.962166	-73.495944	-19.561355
33978	9.439844	-2.159117	1.668210	0.006410	-0.057161	0.119932	-50.192951	-73.464635	-19.316688
33979	9.414762	-2.099738	1.644763	0.027654	-0.022723	0.130354	-50.370372	-73.416280	-19.114754
33980	9.477698	-2.059082	1.612346	0.032019	0.012905	0.166277	-50.537213	-73.338483	-18.921376
33981	9.587563	-2.262309	1.538459	0.034715	0.072183	0.184451	-50.633467	-73.231351	-18.799802
33982	9.305918	-2.371561	1.767143	0.052218	0.139510	0.157689	-50.589975	-73.111180	-18.813870
33983	9.170991	-2.366818	1.984382	0.056608	0.098419	0.132806	-50.572263	-73.017365	-18.798175
33984	9.275544	-2.379558	1.860646	0.061540	0.046761	0.099220	-50.588456	-72.956804	-18.744258
33985	9.175915	-2.294844	1.910823	0.061141	0.046948	0.067608	-50.564980	-72.910574	-18.731865
33986	9.091824	-2.284518	2.026124	0.041604	-0.012152	0.050695	-50.619696	-72.892910	-18.649573
33987	9.263118	-2.319300	1.898151	0.032546	-0.078600	0.018492	-50.735263	-72.914027	-18.508848
33988	9.306794	-2.376126	1.791964	0.006574	-0.080708	-0.018235	-50.827791	-72.951705	-18.408011
33989	9.391006	-2.387781	1.672951	0.031397	-0.065166	-0.043335	-50.852261	-72.995311	-18.363299
33990	9.499612	-2.365553	1.638426	0.044662	-0.041917	-0.066190	-50.810366	-73.040224	-18.380244
33991	9.495764	-2.224592	1.552916	0.071894	0.007697	-0.078026	-50.664209	-73.072822	-18.489665
33992	9.607637	-2.067552	1.519215	0.092364	0.071873	-0.045681	-50.453382	-73.067220	-18.654624
33993	9.414604	-2.096301	1.745540	0.073753	0.158286	-0.005040	-50.175326	-73.012303	-18.900838
33994	9.280930	-2.258443	1.919266	0.057680	0.127395	0.003889	-49.965203	-72.964104	-19.085915
33995	9.339300	-2.358673	1.830433	0.054147	0.108640	-0.039270	-49.730779	-72.941937	-19.298356
33996	9.295198	-2.346362	1.909944	0.049125	0.110086	-0.070910	-49.461540	-72.932349	-19.550453
33997	9.153572	-2.262716	1.953666	0.044851	0.076740	-0.112017	-49.189879	-72.953139	-19.807427
33998	9.196522	-2.055234	2.038295	0.023338	0.034287	-0.115897	-48.987234	-72.990808	-20.005284
33999	9.215072	-1.983788	1.974895	0.003574	-0.005951	-0.084150	-48.888980	-73.030171	-20.105575
34000	9.260164	-1.984082	1.905363	-0.013184	-0.024997	-0.044321	-48.878322	-73.059070	-20.124517
34001	9.336234	-1.821497	1.883451	-0.007765	-0.034311	0.021782	-48.957387	-73.063351	-20.046211
34002	9.313982	-1.994530	1.907890	-0.046918	-0.018984	0.090479	-49.123847	-73.031688	-19.900193
34003	9.355703	-2.141580	1.821391	-0.040111	-0.042843	0.112309	-49.344316	-72.999751	-19.693393
34004	9.401505	-2.235752	1.741431	-0.029194	-0.026632	0.116556	-49.541903	-72.959290	-19.504149
34005	9.316711	-2.310998	1.867109	-0.029340	-0.014057	0.104996	-49.704765	-72.919451	-19.351068
34006	9.302848	-2.328327	1.935941	-0.027755	-0.034904	0.082269	-49.870474	-72.896717	-19.194241
34007	9.266163	-2.296051	1.903854	-0.026187	-0.071491	0.067056	-50.066792	-72.894418	-19.004229
34008	9.327923	-2.223499	1.840737	-0.039450	-0.077912	0.056458	-50.269320	-72.898511	-18.815882
34009	9.371299	-2.393750	1.796052	-0.056573	-0.076967	0.037215	-50.455487	-72.910996	-18.654714
34010	9.353830	-2.402054	1.758826	-0.028737	-0.084746	0.002197	-50.597798	-72.941227	-18.522969
34011	9.395701	-2.358683	1.737223	-0.040593	-0.072041	-0.037835	-50.679449	-72.984940	-18.461590
34012	9.350276	-2.322976	1.774917	-0.037664	-0.074819	-0.064065	-50.734789	-73.040824	-18.426194
34013	9.379561	-2.226431	1.732030	-0.036619	-0.074084	-0.076932	-50.771264	-73.102590	-18.409693
34014	9.461241	-2.186772	1.667466	-0.037654	-0.050517	-0.064972	-50.790449	-73.150059	-18.412094
34015	9.365812	-2.300427	1.708366	-0.037357	-0.019892	-0.057758	-50.770991	-73.183679	-18.454479
34016	9.284376	-2.172744	1.756080	-0.016726	-0.025609	-0.066843	-50.739267	-73.222951	-18.497533
34017	9.483997	-1.927945	1.640158	-0.005761	-0.009901	-0.025539	-50.725517	-73.238645	-18.515036
34018	9.431021	-2.030795	1.696789	-0.026771	0.066190	0.038020	-50.690587	-73.198108	-18.567446
34019	9.306521	-1.985741	1.812530	-0.009253	0.051651	0.092942	-50.730755	-73.138929	-18.530713
34020	9.384539	-2.141996	1.689194	-0.015503	0.056218	0.139793	-50.825483	-73.056856	-18.440896
34021	9.270861	-2.282331	1.811825	-0.010838	0.079175	0.138960	-50.880187	-72.967246	-18.389883
34022	9.321193	-2.171210	1.841242	0.001458	0.049036	0.149165	-50.984986	-72.883528	-18.279285
34023	9.349013	-2.271431	1.717572	-0.009213	0.069609	0.164212	-51.080566	-72.786070	-18.184467
34024	9.296768	-2.283611	1.816614	0.002989	0.079405	0.167839	-51.160394	-72.682996	-18.098988
34025	9.281244	-2.406608	1.809383	0.002070	0.069616	0.161188	-51.243997	-72.586803	-18.009843
34026	9.192839	-2.455464	1.897582	0.005758	0.075211	0.122869	-51.275195	-72.505264	-17.973593
34027	9.305977	-2.314105	1.840139	0.018620	0.025403	0.104666	-51.346436	-72.450134	-17.887390
34028	9.398323	-2.387398	1.753903	0.000746	0.066502	0.099317	-51.365515	-72.382226	-17.866843
34029	9.237328	-2.588091	1.836298	0.018953	0.076818	0.062114	-51.315666	-72.327718	-17.907450
34030	9.313296	-2.174276	1.879449	0.054922	0.047973	0.062312	-51.288224	-72.282995	-17.903142
34031	9.274736	-2.426837	1.851155	0.009297	0.064355	0.082718	-51.284785	-72.223730	-17.900853
34032	9.179619	-2.444889	1.938507	0.034499	0.033881	0.048575	-51.273361	-72.190198	-17.892011
34033	9.291489	-2.271976	1.856132	0.024173	0.008035	0.043234	-51.295705	-72.168767	-17.853685
34034	9.293177	-2.530900	1.780908	0.010650	0.046846	0.032137	-51.261621	-72.137932	-17.883003
34035	9.203520	-2.391141	1.959749	0.030080	0.024826	0.008048	-51.218106	-72.126207	-17.910307
34036	9.225244	-2.326826	1.873359	0.026172	0.008646	0.009734	-51.203270	-72.119072	-17.910063
34037	9.073303	-2.264623	2.103529	0.013604	-0.013877	0.021503	-51.237770	-72.115224	-17.865314
34038	9.235116	-2.301897	1.899086	0.001823	-0.083552	0.031610	-51.388957	-72.131319	-17.705281
34039	9.328552	-2.499671	1.786819	-0.021339	-0.058552	0.020320	-51.504286	-72.143899	-17.596648
34040	9.284790	-2.544579	1.817506	-0.011303	-0.070726	-0.016168	-51.592771	-72.176659	-17.510419
34041	9.352131	-2.305476	1.724620	0.003557	-0.058618	-0.032786	-51.635568	-72.213016	-17.463021
34042	9.319958	-2.268610	1.818616	-0.003818	-0.024630	-0.006750	-51.666113	-72.225108	-17.433163
34043	9.352440	-2.382782	1.734827	0.010958	-0.013590	0.002687	-51.681057	-72.229507	-17.410570
34044	9.241828	-2.428520	1.835406	0.010451	0.009568	-0.000292	-51.662668	-72.226545	-17.423515
34045	9.213807	-2.311201	1.893987	0.018818	-0.007761	0.001849	-51.664006	-72.229250	-17.410482
34046	9.304768	-2.350497	1.780203	0.018428	-0.010397	0.010890	-51.681442	-72.228352	-17.381007
34047	9.230534	-2.358039	1.891385	0.012508	0.002749	0.013995	-51.685116	-72.221862	-17.369316
34048	9.256719	-2.320065	1.825132	0.018438	-0.018218	0.013743	-51.716669	-72.222453	-17.325012
34049	9.379796	-2.324581	1.745772	0.011493	-0.000292	0.030450	-51.743371	-72.209637	-17.289746
34050	9.356517	-2.363782	1.789179	0.016580	0.023464	0.037149	-51.743392	-72.184903	-17.279672
34051	9.266710	-2.376473	1.850757	0.007676	0.034999	0.039934	-51.733285	-72.155297	-17.285362
34052	9.318935	-2.386262	1.861726	0.004388	0.016165	0.028271	-51.740693	-72.137146	-17.274864
34053	9.233082	-2.545457	1.782567	0.006580	0.039357	0.008558	-51.690641	-72.120104	-17.323185
34054	9.089337	-2.225941	2.169621	0.007386	0.013337	0.001875	-51.671263	-72.114823	-17.339028
34055	9.262429	-2.433310	1.826188	0.000731	-0.048843	0.013176	-51.752628	-72.127015	-17.252787
34056	9.309080	-2.310953	1.769558	0.001032	-0.026867	0.015708	-51.808164	-72.129761	-17.193739
34057	9.371070	-2.370720	1.821798	0.003384	-0.014772	0.026568	-51.855229	-72.123801	-17.141943
34058	9.430081	-2.370044	1.657872	0.012659	0.007288	0.038890	-51.881790	-72.103991	-17.106338
34059	9.210619	-2.389923	1.969981	-0.000328	0.044724	0.036943	-51.859250	-72.072296	-17.129917
34060	9.256786	-2.397810	1.879600	0.011467	-0.012867	0.042168	-51.918037	-72.058132	-17.061149
34061	9.267401	-2.293966	1.893423	-0.003713	0.010895	0.042300	-51.950320	-72.035981	-17.029143
34062	9.226442	-2.467544	1.867464	-0.008684	-0.017507	0.042576	-52.027331	-72.023232	-16.953339
34063	9.289269	-2.421806	1.856988	0.001306	-0.022217	0.038767	-52.098801	-72.014318	-16.877105
34064	9.305234	-2.443261	1.806191	-0.011043	-0.015643	0.040818	-52.172479	-72.001645	-16.806220
34065	9.312981	-2.469563	1.803588	0.003043	-0.014977	0.030311	-52.223574	-71.993961	-16.750354
34066	9.269252	-2.436671	1.823638	-0.008673	-0.011063	0.018960	-52.265798	-71.989540	-16.711110
34067	9.326615	-2.414125	1.760246	0.005804	-0.012524	0.008220	-52.288015	-71.990984	-16.683944
34068	9.334727	-2.437966	1.759055	-0.001641	0.009139	0.012218	-52.290776	-71.982530	-16.681960
34069	9.212783	-2.412469	1.916528	0.001277	0.013073	0.009054	-52.280807	-71.974623	-16.691366
34070	9.255775	-2.420280	1.848704	-0.001586	-0.007140	0.006613	-52.300180	-71.974414	-16.671881
34071	9.202362	-2.442033	1.886465	-0.010940	-0.002019	0.003009	-52.311722	-71.974535	-16.666027
34072	9.198440	-2.416518	1.862145	-0.012782	-0.023953	-0.007083	-52.346215	-71.986416	-16.637389
34073	9.248393	-2.397391	1.845023	-0.019710	-0.026085	-0.011397	-52.380877	-72.001493	-16.612508
34074	9.257646	-2.419246	1.840673	-0.020903	-0.033662	-0.019814	-52.419987	-72.022534	-16.583912
34075	9.318433	-2.442277	1.720100	-0.018855	-0.030970	-0.023156	-52.448448	-72.044648	-16.565042
34076	9.296269	-2.349147	1.798503	-0.017099	-0.014533	-0.013694	-52.465288	-72.056222	-16.557571
34077	9.219398	-2.456739	1.846001	-0.029537	-0.016514	-0.018236	-52.484960	-72.071051	-16.554375
34078	9.238384	-2.393580	1.778580	-0.018536	-0.027700	-0.020882	-52.513422	-72.090483	-16.535555
34079	9.296902	-2.396306	1.760111	-0.013576	-0.025829	-0.018564	-52.536756	-72.108707	-16.518901
34080	9.285434	-2.403304	1.829549	-0.013795	-0.017479	-0.008243	-52.561839	-72.118825	-16.500782
34081	9.244956	-2.415798	1.794084	-0.009163	-0.021935	-0.014165	-52.581972	-72.133688	-16.484837
34082	9.265768	-2.330068	1.804565	-0.007825	-0.025144	-0.010719	-52.611845	-72.147594	-16.458095
34083	9.338805	-2.430741	1.753328	-0.013715	-0.019809	-0.004748	-52.641821	-72.157425	-16.434552
34084	9.367166	-2.340839	1.717023	0.004804	-0.006053	0.007022	-52.656674	-72.156609	-16.415989
34085	9.357124	-2.426833	1.781195	-0.008299	0.018706	0.018637	-52.654318	-72.142398	-16.423153
34086	9.222730	-2.425135	1.785728	0.003814	0.022186	0.012079	-52.635277	-72.129466	-16.440796
34087	9.230053	-2.349734	1.871981	0.007663	0.009395	0.018291	-52.636575	-72.118649	-16.434512
34088	9.293118	-2.401813	1.778752	0.006103	0.013130	0.028025	-52.646200	-72.101602	-16.420657
34089	9.247261	-2.448695	1.817192	0.014441	0.006662	0.033291	-52.663579	-72.084902	-16.393390
34090	9.297169	-2.353699	1.787868	0.021996	0.004441	0.039010	-52.688082	-72.065864	-16.354327
34091	9.289959	-2.411356	1.782339	0.018720	0.016576	0.051510	-52.708486	-72.037412	-16.321297
34092	9.288402	-2.415870	1.784341	0.021945	0.015957	0.053473	-52.732149	-72.007776	-16.283136
34093	9.309236	-2.412912	1.791494	0.020630	0.025293	0.061998	-52.750241	-71.971509	-16.251375
34094	9.307167	-2.418580	1.794601	0.023632	0.029963	0.068318	-52.768915	-71.930238	-16.217430
34095	9.329650	-2.465072	1.748181	0.027261	0.035038	0.067209	-52.774926	-71.888211	-16.194367
34096	9.210105	-2.412877	1.838672	0.025336	0.050420	0.059510	-52.754645	-71.843866	-16.200371
34097	9.158553	-2.436204	1.857684	0.024656	0.036067	0.057861	-52.750779	-71.805748	-16.189264
34098	9.275843	-2.447738	1.806107	0.018792	0.025146	0.058234	-52.767978	-71.770747	-16.159762
34099	9.284038	-2.396821	1.792639	0.021833	0.040703	0.067688	-52.769566	-71.726538	-16.144610
34100	9.320478	-2.441520	1.799736	0.023166	0.043633	0.083148	-52.784690	-71.673762	-16.114641
34101	9.218743	-2.485212	1.833721	0.023302	0.056948	0.080951	-52.776836	-71.617871	-16.108541
34102	9.230115	-2.489557	1.891444	0.024947	0.040726	0.081090	-52.792590	-71.567041	-16.076815
34103	9.322223	-2.534185	1.758842	0.025747	0.041221	0.071811	-52.795278	-71.520768	-16.058121
34104	9.179508	-2.517467	1.891539	0.029002	0.058551	0.064576	-52.767157	-71.471295	-16.070197
34105	9.195606	-2.517273	1.924860	0.028662	0.025784	0.057068	-52.773898	-71.437102	-16.045457
34106	9.282390	-2.513971	1.869642	0.025605	0.026514	0.053251	-52.779590	-71.403895	-16.023920
34107	9.167506	-2.457162	1.934494	0.023865	0.037248	0.052525	-52.768777	-71.367800	-16.020593
34108	9.229205	-2.540863	1.890049	0.020347	0.005863	0.052536	-52.804575	-71.342072	-15.970454
34109	9.318665	-2.486394	1.864104	0.027333	0.015781	0.054037	-52.822235	-71.312721	-15.934973
34110	9.310729	-2.517239	1.812735	0.023466	0.019107	0.065537	-52.851445	-71.276459	-15.889885
34111	9.316593	-2.546010	1.814925	0.027196	0.035055	0.067570	-52.856842	-71.234250	-15.867423
34112	9.202803	-2.566519	1.872725	0.022913	0.046810	0.057409	-52.840703	-71.192114	-15.870551
34113	9.217723	-2.488948	1.913472	0.032798	0.031122	0.050493	-52.830763	-71.159066	-15.860891
34114	9.225602	-2.565248	1.861876	0.021037	0.038845	0.056435	-52.825415	-71.120131	-15.853754
34115	9.215518	-2.546460	1.867331	0.029781	0.045065	0.046310	-52.794386	-71.084165	-15.868207
34116	9.242744	-2.489120	1.884061	0.032616	0.049641	0.054546	-52.766211	-71.042351	-15.878188
34117	9.206557	-2.557541	1.902285	0.029319	0.061083	0.057591	-52.725764	-70.995679	-15.902887
34118	9.167130	-2.500361	1.982768	0.034899	0.053170	0.058898	-52.696194	-70.950654	-15.912968
34119	9.193562	-2.544233	1.914475	0.027382	0.042990	0.063013	-52.686402	-70.907787	-15.906419
34120	9.213771	-2.541766	1.924409	0.038681	0.048180	0.062360	-52.664814	-70.862915	-15.905764
34121	9.269561	-2.524882	1.868219	0.040089	0.053560	0.072522	-52.643446	-70.812045	-15.903759
34122	9.251647	-2.562147	1.868956	0.044663	0.063706	0.087194	-52.623014	-70.750468	-15.898250
34123	9.252446	-2.567074	1.852906	0.059638	0.077016	0.091499	-52.578928	-70.682798	-15.908446
34124	9.242822	-2.605146	1.933546	0.057698	0.101577	0.103722	-52.518617	-70.600515	-15.937289
34125	9.230265	-2.590612	1.945362	0.067093	0.101876	0.108166	-52.455191	-70.516590	-15.963474
34126	9.270754	-2.584593	1.966617	0.067067	0.104982	0.114292	-52.396322	-70.428299	-15.985124
34127	9.315440	-2.577268	1.964343	0.069714	0.107179	0.128050	-52.344876	-70.333478	-15.997025
34128	9.516935	-2.540842	1.795919	0.073954	0.111844	0.176293	-52.334502	-70.214654	-15.962994
34129	9.279147	-2.690719	1.979543	0.054421	0.181489	0.204152	-52.272824	-70.059293	-15.995109
34130	9.211097	-2.649132	1.941320	0.112122	0.152040	0.212211	-52.225209	-69.910125	-15.977381
34131	9.356021	-2.542544	2.026349	0.104978	0.184922	0.251918	-52.177246	-69.731914	-15.964088
34132	8.962593	-2.518697	2.398276	0.052050	0.176206	0.266844	-52.186459	-69.549543	-15.922422
34133	9.166490	-2.572215	2.199848	0.039489	0.051123	0.310809	-52.392126	-69.391522	-15.678336
34134	9.292581	-2.656564	2.029632	0.015560	0.091602	0.342841	-52.590786	-69.204047	-15.456400
34135	9.157887	-2.781570	2.130068	-0.009301	0.086082	0.367675	-52.826979	-69.007347	-15.208974
34136	9.239512	-2.760650	2.110689	0.003403	0.065783	0.380068	-53.088384	-68.811131	-14.926680
34137	9.320455	-2.868683	2.031147	-0.024637	0.102679	0.405957	-53.338256	-68.590401	-14.673328
34138	9.193085	-2.917162	2.092095	-0.035022	0.130679	0.413019	-53.564304	-68.356014	-14.451873
34139	9.157057	-2.886322	2.105225	-0.022780	0.138658	0.430889	-53.782692	-68.110832	-14.230460
34140	9.108734	-2.864881	2.290555	-0.047795	0.138846	0.458726	-54.035152	-67.851889	-13.987653
34141	8.988573	-2.913462	2.303972	-0.072580	0.131538	0.483891	-54.322977	-67.583755	-13.721228
34142	9.179521	-2.978331	2.330279	-0.084687	0.109277	0.521813	-54.667959	-67.304308	-13.400190
34143	9.382732	-3.045671	2.287708	-0.119591	0.191208	0.607729	-54.999046	-66.957342	-13.114909
34144	9.122227	-3.194346	2.193440	-0.159549	0.207765	0.660777	-55.367436	-66.578858	-12.813473
34145	9.061878	-3.367469	2.140672	-0.136366	0.201361	0.694814	-55.742397	-66.186086	-12.489193
34146	9.329257	-2.944517	2.559194	-0.180951	0.151499	0.765224	-56.235985	-65.774393	-12.062305
34147	9.242529	-3.212885	2.461997	-0.277318	0.146760	0.845833	-56.827890	-65.324533	-11.586318
34148	9.543351	-3.571175	2.413713	-0.268191	0.046529	0.885845	-57.527046	-64.883860	-10.984926
34149	9.669613	-3.471788	2.211738	-0.268207	0.075794	0.950380	-58.213721	-64.400416	-10.394776
34150	9.351939	-3.587133	2.322297	-0.281722	0.134359	1.010695	-58.863997	-63.866590	-9.851473
34151	9.394518	-3.624150	2.349493	-0.275009	0.128791	1.058849	-59.519152	-63.308516	-9.295575
34152	9.106619	-3.749924	2.218408	-0.300150	0.167890	1.117318	-60.160183	-62.706994	-8.769167
34153	9.009653	-3.915233	2.155780	-0.281959	0.174803	1.149606	-60.775636	-62.085312	-8.256643
34154	9.041062	-4.016172	2.232636	-0.276494	0.199555	1.202134	-61.368829	-61.427499	-7.763110
34155	8.879475	-4.100332	2.241871	-0.266084	0.208446	1.251662	-61.946989	-60.740404	-7.276452
34156	8.880448	-4.092096	2.350935	-0.257281	0.215155	1.297528	-62.512657	-60.025497	-6.795343
34157	8.948993	-4.198312	2.343522	-0.263363	0.235353	1.367689	-63.070304	-59.267710	-6.323655
34158	8.968635	-4.387709	2.245545	-0.263798	0.274337	1.444774	-63.604557	-58.457753	-5.876074
34159	8.879463	-4.475962	2.209847	-0.249995	0.316117	1.529527	-64.105648	-57.592043	-5.453886
34160	8.644166	-4.690288	2.357314	-0.273350	0.347226	1.594459	-64.597477	-56.682760	-5.054837
34161	8.423971	-4.772678	2.392627	-0.268182	0.325057	1.631707	-65.092938	-55.758146	-4.643278
34162	8.821343	-4.890688	2.389043	-0.272417	0.308601	1.687002	-65.599654	-54.806300	-4.216732
34163	8.183600	-4.948973	2.438352	-0.316329	0.381619	1.755207	-66.075922	-53.800035	-3.853113
34164	7.819827	-5.243662	2.315447	-0.307151	0.356407	1.796463	-66.556186	-52.775809	-3.473585
34165	8.177323	-5.207567	2.498401	-0.291816	0.313757	1.838091	-67.045643	-51.737786	-3.065709
34166	8.275499	-5.196342	2.785767	-0.347153	0.358977	1.910568	-67.534681	-50.648992	-2.693438
34167	7.925633	-5.312168	2.831487	-0.405756	0.388735	1.982326	-68.033776	-49.514091	-2.345461
34168	7.497334	-5.524105	2.664404	-0.471042	0.393197	2.028049	-68.557085	-48.351621	-2.009362
34169	7.471336	-6.207209	2.583533	-0.541657	0.351201	2.088758	-69.136166	-47.163664	-1.646001
34170	8.198556	-6.630492	2.832033	-0.487764	0.277335	2.070658	-69.699592	-45.997588	-1.255088
34171	9.031096	-6.923251	3.024011	-0.551253	0.274636	2.049309	-70.273000	-44.841258	-0.893100
34172	7.105429	-6.164514	2.571315	-0.588389	0.329955	2.081768	-70.823740	-43.654117	-0.586963
34173	7.100616	-6.787243	2.262777	-0.621099	0.314000	2.093392	-71.383346	-42.461854	-0.288152
34174	7.305035	-7.076413	2.352424	-0.615072	0.274912	2.108489	-71.942674	-41.266089	0.021890
34175	6.692281	-6.996029	2.292738	-0.615027	0.301813	2.111679	-72.471052	-40.062000	0.292386
34176	6.817725	-7.531824	2.392712	-0.625736	0.252007	2.087559	-73.008560	-38.877481	0.573943
34177	6.894589	-7.133615	2.530586	-0.613018	0.260455	2.029813	-73.511312	-37.721568	0.818855
34178	6.429070	-7.621453	2.399834	-0.656084	0.304133	1.992209	-74.002626	-36.577511	1.009955
34179	6.792274	-7.964686	2.386417	-0.642675	0.263695	1.909549	-74.481039	-35.484288	1.197746
34180	7.057819	-7.892734	2.623260	-0.655323	0.322673	1.823546	-74.924773	-34.428316	1.316899
34181	6.707270	-8.166900	2.385006	-0.679223	0.416394	1.750567	-75.331810	-33.398459	1.349432
34182	6.176670	-8.093472	2.253233	-0.674466	0.421897	1.677988	-75.722463	-32.407803	1.357234
34183	5.841720	-8.190110	2.074791	-0.671761	0.430453	1.634176	-76.100141	-31.440394	1.344129
34184	5.399257	-8.196959	1.986410	-0.670497	0.417754	1.594844	-76.474921	-30.496622	1.325944
34185	5.339427	-8.141480	2.097108	-0.645130	0.349839	1.551769	-76.850194	-29.586039	1.337778
34186	5.122526	-8.195522	2.029782	-0.674720	0.296928	1.553957	-77.255707	-28.680928	1.376714
34187	4.449850	-8.078004	1.859087	-0.726473	0.128074	1.563964	-77.737473	-27.790979	1.515814
34188	3.382951	-8.444743	1.221899	-0.748652	-0.121169	1.639858	-78.302502	-26.887013	1.812184
34189	3.125119	-8.175813	1.281370	-0.690071	-0.443339	1.612117	-78.912449	-26.032474	2.294356
34190	3.717940	-8.119484	1.209692	-0.703219	-0.632924	1.671030	-79.571817	-25.160211	2.887932
34191	2.586254	-7.738903	0.745513	-0.700928	-0.746057	1.920391	-80.254892	-24.152529	3.563276
34192	1.442305	-9.110276	0.415703	-0.926825	-0.934141	2.413561	-81.113358	-22.875126	4.383780
34193	1.343271	-14.986601	-1.215150	-1.289282	-0.887167	3.062591	-82.158951	-21.213727	5.201953
34194	7.643366	-18.118592	0.013687	-1.011601	-1.025922	2.110794	-83.017432	-20.090603	5.992046
34195	9.922526	-11.254675	1.477389	-0.876366	-0.833308	1.272913	-83.719954	-19.422034	6.585733
34196	8.479717	-12.695208	0.929083	-1.397822	0.125772	0.812525	-84.512912	-18.952122	6.560856
34197	7.034027	-15.778362	1.922976	-1.246090	0.345810	0.190889	-85.162525	-18.826107	6.362998
34198	5.619751	-18.613585	1.983214	-1.014590	0.534074	-0.118805	-85.638255	-18.870168	6.035445
34199	3.298693	-20.823670	2.942388	-0.547571	0.462608	-0.200265	-85.858294	-18.965679	5.747350
34200	2.642605	-22.337638	3.590472	-0.022296	-0.062117	-0.214298	-85.880590	-19.091301	5.776034
34201	2.814099	-22.845156	3.604153	0.485441	-0.375438	0.003849	-85.676601	-19.105670	6.003544
34202	2.853691	-23.139075	3.981940	0.944282	-0.560858	0.416607	-85.252540	-18.893374	6.362724
34203	3.745284	-22.722103	3.976046	1.366820	-0.659235	0.924025	-84.611948	-18.400121	6.809461
34204	5.151383	-21.548464	4.043145	1.669418	-0.564411	1.507375	-83.788210	-17.573500	7.239801
34205	7.319114	-20.616607	4.398062	1.874100	-0.359816	1.929425	-82.816440	-16.500369	7.589070
34206	9.674964	-19.118318	4.301653	2.036007	-0.083471	2.006794	-81.707409	-15.367398	7.799593
34207	11.015755	-16.330337	3.653677	2.094638	0.180661	1.705040	-80.519933	-14.386992	7.850165
34208	11.527902	-13.281225	2.902244	1.976758	0.373525	1.084145	-79.361418	-13.738293	7.744980
34209	12.271410	-10.825592	2.685028	1.789006	0.486065	0.232280	-78.276086	-13.554496	7.490609
34210	13.486889	-8.739838	2.829668	1.576314	0.643668	-0.702673	-77.263815	-13.870756	7.032008
34211	13.944392	-7.996952	2.833427	1.281147	1.152028	-1.399041	-76.320770	-14.501111	6.180478
34212	11.035957	-7.399154	2.722280	1.206798	1.820293	-1.766599	-75.294587	-15.228459	4.877765
34213	7.607753	-4.769384	2.266893	1.281381	2.044871	-1.805264	-74.169165	-15.918571	3.421831
34214	5.223950	-3.075047	1.113862	1.143607	2.076600	-1.650826	-73.104034	-16.493198	1.955597
34215	3.604788	-2.096156	0.398863	1.080035	1.862304	-1.596087	-72.095667	-17.047562	0.606693
34216	2.762912	-0.773478	-0.105638	1.062870	1.410130	-1.722513	-71.148394	-17.731940	-0.522769
34217	2.598031	0.554966	-0.573276	1.003576	0.951198	-1.883998	-70.287577	-18.571673	-1.439143
34218	2.460639	1.836204	-0.957920	0.924136	0.643748	-1.980478	-69.503162	-19.513161	-2.218164
34219	2.511137	2.967943	-1.482785	0.822843	0.427601	-2.015083	-68.798406	-20.505720	-2.899052
34220	2.797652	3.826852	-2.125962	0.681469	0.320422	-2.037042	-68.177122	-21.527143	-3.540530
34221	2.573860	4.623299	-2.744799	0.524043	0.259812	-2.134152	-67.634227	-22.604938	-4.185566
34222	2.441216	5.183852	-3.163421	0.345411	0.175337	-2.277522	-67.181041	-23.774347	-4.831888
34223	2.368117	5.347654	-3.354643	0.168713	0.101581	-2.399830	-66.816107	-25.018092	-5.480616
34224	1.618243	5.349089	-3.608670	-0.042749	0.002940	-2.536257	-66.562486	-26.355528	-6.120488
34225	1.082150	5.070279	-3.604515	-0.243176	-0.141608	-2.654217	-66.429609	-27.783273	-6.717978
34226	1.087357	4.267517	-3.391502	-0.398690	-0.294899	-2.686223	-66.406808	-29.265263	-7.242577
34227	1.224488	3.455947	-2.935734	-0.494925	-0.487391	-2.743888	-66.474746	-30.818770	-7.672709
34228	2.268971	2.267879	-2.469856	-0.483775	-0.675191	-2.803422	-66.575670	-32.450239	-8.007493
34229	3.315714	1.144683	-2.123428	-0.383873	-0.730708	-2.876303	-66.617823	-34.129752	-8.330871
34230	3.632801	0.554951	-1.842737	-0.159044	-0.789002	-2.999331	-66.520195	-35.890630	-8.658779
34231	3.883382	0.628745	-1.677131	0.091323	-0.937779	-3.158833	-66.293865	-37.765072	-8.948539
34232	4.254427	0.722151	-1.492123	0.254606	-1.141658	-3.348242	-66.004840	-39.788751	-9.176149
34233	4.921623	0.676608	-1.279928	0.331139	-1.346544	-3.538248	-65.706460	-41.955040	-9.341679
34234	5.528682	0.140614	-1.014181	0.348365	-1.441025	-3.696471	-65.389282	-44.229685	-9.512942
34235	5.670004	-0.262005	-0.713494	0.333611	-1.462566	-3.782106	-65.048323	-46.549168	-9.722895
34236	5.461814	-1.299973	-0.414254	0.310395	-1.452941	-3.782980	-64.686444	-48.870256	-9.970902
34237	5.535268	-2.592644	0.068410	0.358218	-1.538040	-3.751588	-64.326084	-51.190555	-10.172842
34238	6.220549	-4.004934	0.558145	0.484587	-1.694369	-3.732839	-63.971507	-53.543997	-10.269298
34239	6.892130	-4.879158	1.030954	0.625800	-1.816842	-3.724896	-63.600121	-55.919317	-10.284587
34240	7.495441	-5.588175	1.640867	0.707742	-1.871211	-3.671026	-63.220961	-58.285507	-10.252627
34241	8.218883	-6.605796	2.329826	0.726627	-1.879377	-3.567473	-62.860369	-60.596360	-10.187511
34242	8.652964	-7.992753	2.978635	0.726310	-1.804835	-3.412426	-62.483166	-62.813384	-10.142782
34243	8.676194	-9.279904	3.736916	0.759249	-1.726183	-3.248633	-62.067225	-64.921930	-10.121156
34244	8.868592	-10.424629	4.440906	0.797242	-1.663622	-3.059494	-61.640766	-66.922230	-10.087497
34245	9.252389	-11.493285	4.932054	0.823730	-1.560863	-2.826146	-61.194505	-68.772799	-10.059391
34246	9.396612	-12.179246	5.330459	0.825166	-1.402860	-2.556898	-60.698276	-70.448206	-10.084016
34247	9.410807	-12.526049	5.511307	0.784514	-1.222093	-2.250258	-60.168641	-71.915916	-10.168342
34248	9.821667	-12.846386	5.458007	0.696469	-1.017405	-1.951403	-59.589330	-73.179231	-10.356977
34249	9.756206	-12.848009	5.282319	0.602500	-0.734244	-1.616362	-58.859532	-74.190977	-10.757375
34250	9.000603	-12.649804	4.905341	0.516991	-0.508348	-1.262753	-58.093178	-74.962889	-11.244814
34251	8.079393	-11.996356	4.471337	0.463818	-0.365538	-0.916210	-57.436418	-75.519433	-11.648858
34252	10.352135	-11.878116	5.459764	0.443907	-0.311095	-0.613438	-57.025423	-75.913540	-11.810325
34253	61.959694	-42.650228	27.763416	-0.661474	1.844006	1.289761	-55.612759	-74.713324	-13.662105
34254	-33.693302	-19.628750	-19.034141	1.657860	6.878536	2.323579	-47.304273	-71.209220	-21.353445
34255	11.063443	-1.173710	29.611026	1.772411	-2.914359	-1.416956	-48.432027	-72.932530	-19.100664
34256	12.810676	-2.941876	-8.804005	0.172083	-1.105649	-1.388236	-48.146397	-73.947167	-19.295818
34257	5.897935	2.542494	7.135878	-0.322922	1.417761	-0.081396	-46.186248	-73.429762	-21.530608
34258	6.444444	-0.603346	1.010531	0.408105	-1.450444	0.216406	-48.324993	-73.902473	-19.058348
34259	15.791893	0.378588	0.454620	-0.117641	-1.060936	0.078028	-50.108036	-74.266498	-17.274039
34260	8.233097	-2.973404	0.831947	-0.697616	0.865525	0.443001	-49.756073	-73.752802	-18.055967
34261	9.448822	-3.379542	1.446005	0.196286	-0.371145	0.180453	-50.431529	-73.810688	-17.235090
34262	10.615625	-1.518042	1.272101	0.019162	0.225568	0.162124	-50.285392	-73.656427	-17.375927
34263	8.630182	-2.798229	2.090313	-0.073670	0.286934	0.186472	-50.130280	-73.469890	-17.581352
34264	9.573546	-2.327584	1.729068	0.105965	0.057606	0.090726	-50.099285	-73.408572	-17.550399
34265	9.096769	-2.288433	2.041231	0.017219	0.150327	0.052905	-49.932763	-73.330773	-17.713590
34266	8.878798	-2.272630	2.165557	0.009321	0.025481	0.016006	-49.912619	-73.314080	-17.729099
34267	9.052080	-2.046338	2.062342	-0.011093	-0.074190	-0.019054	-50.003292	-73.350558	-17.640779
34268	9.118101	-2.021949	2.089599	-0.086937	-0.119930	-0.025368	-50.201179	-73.405481	-17.486294
34269	9.034740	-2.105810	2.001465	-0.106860	-0.213080	-0.016801	-50.557278	-73.491525	-17.178370
34270	9.576714	-2.150350	1.609605	-0.099805	-0.282746	-0.000781	-51.041147	-73.593940	-16.733493
34271	9.889500	-2.175060	1.111060	-0.043022	-0.165471	0.035809	-51.359960	-73.638133	-16.426575
34272	9.975006	-2.071031	1.127929	0.010764	0.040704	0.097488	-51.413088	-73.579629	-16.364805
34273	9.496095	-2.198164	1.502712	0.036025	0.188170	0.142948	-51.279948	-73.449103	-16.481823
34274	8.963552	-2.304727	2.248268	0.028986	0.161663	0.140198	-51.192615	-73.328203	-16.555676
34275	8.891196	-2.233292	2.176369	0.011534	-0.042359	0.083906	-51.348692	-73.306660	-16.385538
34276	9.371125	-2.461209	1.752382	-0.055504	-0.100048	0.024854	-51.562398	-73.330930	-16.195682
34277	9.279900	-2.675797	1.684062	-0.052354	-0.067486	-0.081686	-51.595597	-73.392405	-16.192035
34278	9.152650	-2.435455	1.923193	-0.038773	-0.116654	-0.188282	-51.571214	-73.518126	-16.240689
34279	9.340022	-2.265075	1.776316	-0.057483	-0.179074	-0.235965	-51.590975	-73.688587	-16.254118
34280	9.397261	-2.088464	1.607131	-0.056481	-0.169838	-0.242143	-51.592005	-73.857407	-16.286788
34281	9.434296	-1.902671	1.660026	-0.060294	-0.164373	-0.195028	-51.641104	-74.004254	-16.271339
34282	9.365621	-1.918484	1.679599	-0.072735	-0.152061	-0.138409	-51.752936	-74.120151	-16.198408
34283	9.384724	-1.957035	1.685518	-0.081323	-0.164271	-0.085944	-51.952440	-74.217791	-16.039168
34284	9.528932	-2.229984	1.486857	-0.098825	-0.178033	-0.069238	-52.210998	-74.311442	-15.829391
34285	9.738447	-2.209122	1.179914	-0.027311	-0.114680	-0.078900	-52.312514	-74.388187	-15.739914
34286	9.690231	-2.042742	1.257548	0.012544	0.005096	-0.045426	-52.242998	-74.406667	-15.804653
34287	9.630574	-1.988390	1.333544	0.055335	0.081613	0.011765	-52.093049	-74.373441	-15.927123
34288	9.595450	-2.137015	1.401390	0.077745	0.151722	0.049117	-51.869110	-74.297437	-16.113469
34289	9.270326	-2.091331	1.626175	0.111061	0.192233	0.047022	-51.557206	-74.208824	-16.371117
34290	9.300883	-1.801152	1.850733	0.091793	0.146824	0.077265	-51.372856	-74.121509	-16.508110
34291	9.427882	-2.008343	1.568560	0.054075	0.145243	0.110977	-51.252652	-74.020636	-16.600591
34292	9.352461	-1.972843	1.726913	0.033766	0.170721	0.125754	-51.128166	-73.902922	-16.710027
34293	9.316193	-2.258845	1.760822	0.017446	0.135875	0.121796	-51.059425	-73.800500	-16.770881
34294	9.375294	-2.109989	1.674363	0.043048	0.126615	0.112811	-50.983627	-73.704356	-16.824184
34295	9.362664	-1.966966	1.701088	0.043737	0.144943	0.129636	-50.897413	-73.595127	-16.887611
34296	9.435768	-1.955360	1.803115	0.025032	0.115536	0.219059	-50.979517	-73.455703	-16.787081
34297	9.473275	-2.187120	1.582038	0.040199	0.179391	0.239361	-50.977357	-73.285216	-16.764993
34298	9.124417	-2.299642	2.031805	0.022544	0.137694	0.238404	-51.048747	-73.129164	-16.676981
34299	9.322723	-2.362897	1.748764	0.045454	0.081601	0.193102	-51.130640	-73.014481	-16.563851
34300	9.317805	-2.406423	1.804544	0.016301	0.083681	0.169649	-51.201004	-72.908439	-16.480540
34301	9.356306	-2.349223	1.726581	0.051374	0.070065	0.136518	-51.228153	-72.823097	-16.421023
34302	9.285935	-2.259357	1.881978	0.034179	0.082565	0.131399	-51.244316	-72.734508	-16.383655
34303	9.206389	-2.299531	1.922959	0.018642	0.038248	0.122513	-51.318876	-72.666808	-16.294070
34304	9.209897	-2.384463	1.895670	-0.002095	0.023088	0.101297	-51.405568	-72.612938	-16.204554
34305	9.286476	-2.334780	1.790901	0.008600	0.004713	0.079459	-51.483599	-72.576430	-16.117310
34306	9.333576	-2.323366	1.777005	0.000952	0.020053	0.073147	-51.540049	-72.536191	-16.057623
34307	9.217657	-2.374643	1.905159	-0.002086	0.019958	0.058031	-51.577630	-72.503816	-16.019171
34308	9.197773	-2.385128	1.877201	-0.008615	-0.006964	0.036287	-51.636022	-72.489711	-15.963176
34309	9.328177	-2.388397	1.748425	-0.006252	-0.015832	0.014933	-51.678169	-72.489405	-15.922433
34310	9.245986	-2.343129	1.812467	-0.008793	-0.001634	0.003129	-51.691660	-72.488286	-15.913626
34311	9.321653	-2.315128	1.777051	0.005831	-0.012422	0.008408	-51.714677	-72.489693	-15.885681
34312	9.345223	-2.229793	1.764009	0.003339	0.015070	0.031634	-51.729461	-72.469824	-15.868229
34313	9.189162	-2.319582	1.906502	0.011484	0.017147	0.047242	-51.750694	-72.443264	-15.838755
34314	9.258671	-1.315561	1.982517	0.064348	-0.005631	0.128216	-51.867712	-72.387230	-15.677381
34315	9.206935	-3.598486	1.651617	-0.188127	0.000007	0.160840	-52.152987	-72.315376	-15.490822
34316	9.552404	-2.818237	1.279199	0.179230	-0.021880	-0.067961	-52.008781	-72.353497	-15.534449
34317	9.204975	-1.801544	2.431853	-0.018825	0.084816	-0.003706	-51.894464	-72.325995	-15.665435
34318	9.338237	-2.325988	1.492527	0.103847	-0.049885	0.030380	-51.941823	-72.329627	-15.553339
34319	9.334570	-2.236692	1.875409	-0.037376	0.092849	0.065436	-51.903683	-72.268083	-15.615548
34320	9.277104	-2.442757	1.854084	0.078244	0.003287	0.053179	-51.915510	-72.242659	-15.556118
34321	9.489339	-2.362576	1.553826	0.018588	0.070827	0.060565	-51.871280	-72.191088	-15.591077
34322	9.241426	-2.335112	1.946363	0.071679	0.087694	0.061375	-51.777576	-72.132115	-15.646434
34323	9.320274	-2.359971	1.842819	0.045839	0.067628	0.069274	-51.732365	-72.077734	-15.666038
34324	9.188132	-2.412951	1.923844	0.044258	0.069856	0.058194	-51.676352	-72.026490	-15.698324
34325	9.190122	-2.441682	1.952845	0.035272	0.029193	0.040519	-51.659285	-71.998682	-15.694714
34326	9.237952	-2.372550	1.846253	0.032190	0.026722	0.030730	-51.640018	-71.975094	-15.695644
34327	9.199782	-2.312147	1.923023	0.028516	0.030242	0.040272	-51.625147	-71.947024	-15.693795
34328	9.085363	-2.435867	2.045074	0.000984	0.006926	0.036410	-51.657220	-71.927926	-15.659528
34329	9.146912	-2.414024	1.956143	-0.001735	-0.049885	0.004305	-51.730879	-71.944484	-15.582790
34330	9.305683	-2.535249	1.769631	-0.017049	-0.046513	-0.014974	-51.791055	-71.967427	-15.529834
34331	9.249988	-2.425913	1.863616	0.002035	-0.044934	-0.034396	-51.813841	-71.999612	-15.504341
34332	9.262020	-2.366758	1.840762	-0.008426	-0.046660	-0.037009	-51.845529	-72.032511	-15.476159
34333	9.308626	-2.449700	1.762130	-0.003726	-0.050344	-0.033352	-51.880483	-72.066131	-15.441356
34334	9.193518	-2.257552	1.878631	0.021036	-0.030827	-0.028176	-51.883084	-72.089445	-15.426013
34335	9.260838	-2.182682	1.940654	-0.002273	-0.076593	0.012936	-52.004734	-72.111438	-15.299238
34336	9.383989	-2.293559	1.772096	-0.007006	-0.057247	0.040876	-52.135966	-72.112841	-15.165611
34337	9.367048	-2.380820	1.733090	-0.005412	-0.038481	0.048457	-52.244976	-72.105201	-15.054014
34338	9.310884	-2.456916	1.740016	-0.004710	-0.019475	0.040995	-52.321941	-72.093170	-14.976020
34339	9.255654	-2.456768	1.878643	-0.006985	-0.010645	0.024856	-52.367036	-72.086399	-14.932528
34340	9.302521	-2.492572	1.832137	-0.016446	-0.022767	0.006265	-52.417672	-72.091236	-14.889268
34341	9.233149	-2.439069	1.823163	-0.000968	-0.010682	-0.017997	-52.413007	-72.103919	-14.894447
34342	9.246577	-2.329754	1.832015	-0.009865	-0.030976	-0.014835	-52.448660	-72.121194	-14.862975
34343	9.326759	-2.427858	1.734828	-0.009910	-0.025551	-0.012423	-52.476127	-72.136536	-14.839775
34344	9.282887	-2.340884	1.806629	-0.008701	-0.021010	-0.010033	-52.502364	-72.148147	-14.817499
34345	9.220065	-2.415709	1.862357	-0.018757	-0.017083	-0.015804	-52.519355	-72.162068	-14.810633
34346	9.216637	-2.389328	1.836688	-0.005057	-0.024526	-0.019566	-52.538191	-72.179236	-14.793939
34347	9.230524	-2.306919	1.892079	-0.012097	-0.036834	-0.015511	-52.579703	-72.199902	-14.757312
34348	9.286283	-2.336399	1.794944	-0.017616	-0.049088	-0.003859	-52.657706	-72.218455	-14.686035
34349	9.235503	-2.406758	1.775759	-0.018520	-0.049544	0.007317	-52.745928	-72.233101	-14.604228
34350	9.304199	-2.383670	1.784094	-0.009236	-0.044577	0.004539	-52.822078	-72.246200	-14.529867
34351	9.313011	-2.407564	1.779027	-0.017310	-0.045004	0.009720	-52.905977	-72.258107	-14.451884
34352	9.306906	-2.435080	1.722022	-0.015901	-0.033391	-0.004077	-52.960863	-72.271226	-14.403866
34353	9.322558	-2.430879	1.770838	-0.021104	-0.033074	-0.008058	-53.010866	-72.287100	-14.363761
34354	9.315245	-2.407056	1.767984	-0.017367	-0.031084	-0.017051	-53.049448	-72.305341	-14.333748
34355	9.324514	-2.428365	1.763978	-0.011764	-0.034309	-0.024583	-53.078181	-72.329192	-14.310358
34356	9.349657	-2.312599	1.699978	-0.003986	-0.025471	-0.017696	-53.100456	-72.345789	-14.289419
34357	9.293951	-2.360583	1.808735	-0.016383	-0.015781	-0.007986	-53.123198	-72.355656	-14.275098
34358	9.324961	-2.348014	1.762269	-0.012946	-0.034927	-0.009682	-53.172982	-72.371830	-14.230681
34359	9.340776	-2.339958	1.663457	-0.015290	-0.015964	0.005188	-53.209658	-72.375710	-14.201085
34360	9.303338	-2.384180	1.801185	-0.024013	-0.006644	0.011297	-53.247670	-72.372544	-14.175674
34361	9.319067	-2.404740	1.750912	-0.014920	-0.017315	0.016333	-53.298120	-72.371757	-14.131404
34362	9.255425	-2.454880	1.759648	-0.020157	-0.012351	0.003430	-53.333677	-72.374149	-14.106249
34363	9.304910	-2.437293	1.742020	-0.010821	-0.026003	-0.001197	-53.375494	-72.384372	-14.068574
34364	9.358471	-2.417010	1.699777	-0.011107	-0.026933	-0.008803	-53.413873	-72.397362	-14.035021
34365	9.405053	-2.423238	1.605472	-0.000160	-0.008634	-0.006480	-53.418783	-72.404072	-14.029661
34366	9.373450	-2.385186	1.703221	0.002831	0.014729	0.001577	-53.399983	-72.398062	-14.047720
34367	9.301907	-2.438158	1.763390	0.010603	0.015007	0.000108	-53.371544	-72.393664	-14.070878
34368	9.275464	-2.447287	1.784109	0.013427	-0.000579	-0.014408	-53.351652	-72.400236	-14.083715
34369	9.363200	-2.411065	1.676227	0.017594	-0.019333	-0.025413	-53.341452	-72.419310	-14.083535
34370	9.424337	-2.384419	1.589224	0.015603	0.023130	-0.023240	-53.276358	-72.421821	-14.142480
34371	9.310226	-2.398280	1.673344	0.027942	0.060838	-0.037702	-53.130670	-72.419020	-14.278206
34372	9.180838	-2.291039	1.891173	0.022338	0.064059	-0.030143	-52.995088	-72.410533	-14.407051
34373	9.279728	-2.275426	1.764117	0.020238	0.030288	-0.014782	-52.922960	-72.407619	-14.470247
34374	9.218491	-2.298544	1.855521	0.007258	0.047441	-0.000623	-52.852282	-72.391274	-14.540074
34375	9.211054	-2.325602	1.806042	0.010735	0.023655	0.006605	-52.818560	-72.380850	-14.568697
34376	9.286074	-2.298464	1.773307	0.015729	0.020906	0.017842	-52.801417	-72.365239	-14.577266
34377	9.228225	-2.322708	1.838646	0.002032	0.015911	0.033541	-52.813191	-72.345199	-14.563384
34378	9.331399	-2.365063	1.778882	0.010827	0.005092	0.042311	-52.848100	-72.323896	-14.520273
34379	9.327809	-2.420714	1.750770	0.003816	0.021543	0.039820	-52.857514	-72.299036	-14.507791
34380	9.269193	-2.418861	1.768707	0.015306	0.016030	0.032368	-52.863295	-72.278488	-14.492552
34381	9.300955	-2.357698	1.756464	0.014924	0.018158	0.032563	-52.863284	-72.258113	-14.483281
34382	9.364911	-2.361914	1.694939	0.022928	0.024793	0.041136	-52.861626	-72.230532	-14.471265
34383	9.367393	-2.390912	1.722631	0.025718	0.053515	0.053491	-52.827673	-72.188365	-14.491143
34384	9.340811	-2.353920	1.777938	0.035161	0.062487	0.066150	-52.792491	-72.136325	-14.506977
34385	9.294916	-2.324096	1.806044	0.035535	0.077501	0.082703	-52.750670	-72.072510	-14.529224
34386	9.269042	-2.366608	1.856704	0.034958	0.067147	0.096732	-52.742041	-72.004910	-14.517279
34387	9.213757	-2.444592	1.848960	0.030471	0.055436	0.095393	-52.747823	-71.942957	-14.492533
34388	9.237343	-2.442600	1.834432	0.031975	0.038349	0.086319	-52.769926	-71.890092	-14.450048
34389	9.241154	-2.396038	1.843961	0.032724	0.034093	0.085976	-52.793913	-71.839827	-14.404772
34390	9.319843	-2.451450	1.783658	0.036251	0.042214	0.092645	-52.814474	-71.782726	-14.361306
34391	9.302069	-2.490034	1.784228	0.044581	0.053610	0.088623	-52.807068	-71.724487	-14.341902
34392	9.289416	-2.424239	1.844854	0.055450	0.066379	0.090529	-52.780834	-71.659987	-14.336112
34393	9.236455	-2.449505	1.867096	0.043538	0.060895	0.098790	-52.774594	-71.594588	-14.316095
34394	9.240817	-2.481172	1.873122	0.049519	0.054035	0.106044	-52.784768	-71.527292	-14.275505
34395	9.220985	-2.470808	1.927911	0.037245	0.060743	0.107943	-52.791633	-71.457767	-14.245456
34396	9.245621	-2.520111	1.860711	0.035303	0.041014	0.092757	-52.813548	-71.401040	-14.201041
34397	9.265292	-2.520032	1.870100	0.033945	0.046451	0.085711	-52.818523	-71.346608	-14.174961
34398	9.243708	-2.532913	1.846859	0.039913	0.046463	0.080442	-52.817514	-71.293613	-14.151929
34399	9.251568	-2.510457	1.881249	0.041617	0.051213	0.077273	-52.802931	-71.241384	-14.141842
34400	9.237782	-2.545979	1.858503	0.046931	0.056379	0.081908	-52.786019	-71.184290	-14.131348
34401	9.233462	-2.502141	1.918185	0.045635	0.059544	0.078409	-52.759191	-71.128658	-14.131760
34402	9.207540	-2.516585	1.919951	0.035808	0.054466	0.086799	-52.756188	-71.070001	-14.113295
34403	9.254132	-2.506928	1.910503	0.039752	0.044150	0.086069	-52.760948	-71.016213	-14.083872
34404	9.282104	-2.503489	1.872693	0.037074	0.056751	0.092849	-52.760144	-70.954008	-14.062300
34405	9.240739	-2.549971	1.869887	0.035125	0.065089	0.099265	-52.752985	-70.886940	-14.048273
34406	9.212218	-2.542191	1.973249	0.042928	0.068457	0.103920	-52.744390	-70.815635	-14.031381
34407	9.221231	-2.623198	1.903172	0.039780	0.064559	0.109076	-52.744954	-70.744278	-14.006340
34408	9.191142	-2.614516	1.881878	0.053354	0.061475	0.098346	-52.733857	-70.677940	-13.985758
34409	9.382514	-2.558495	1.853436	0.063363	0.052949	0.111459	-52.738184	-70.609524	-13.942384
34410	9.340956	-2.580706	1.804879	0.059321	0.096794	0.138302	-52.717206	-70.512724	-13.928640
34411	9.319021	-2.649549	1.859790	0.090644	0.117040	0.144362	-52.655560	-70.407067	-13.938636
34412	9.350699	-2.547387	1.888973	0.094765	0.145807	0.168482	-52.581574	-70.279498	-13.959603
34413	9.257012	-2.590695	1.987755	0.096944	0.164362	0.195340	-52.506729	-70.134159	-13.979806
34414	9.352970	-2.574369	1.952424	0.103345	0.162749	0.222480	-52.459659	-69.976135	-13.966951
34415	9.320478	-2.474547	2.148568	0.078967	0.190217	0.259906	-52.425652	-69.792428	-13.954674
34416	9.025957	-2.408517	2.266868	0.028897	0.157092	0.274347	-52.477123	-69.612836	-13.882206
34417	9.501535	-2.514993	2.068429	-0.011246	0.103941	0.340793	-52.673934	-69.422355	-13.678681
34418	9.235343	-2.959060	1.908759	0.020374	0.170817	0.373176	-52.800628	-69.192831	-13.530831
34419	9.313093	-2.610202	2.162910	0.000614	0.136520	0.424283	-53.019809	-68.952522	-13.295483
34420	9.229918	-2.773155	2.181141	-0.015408	0.163562	0.445686	-53.232443	-68.691918	-13.076980
34421	9.213556	-2.816498	2.194743	-0.028652	0.144797	0.483872	-53.499894	-68.420719	-12.806965
34422	9.595670	-2.978095	2.308045	-0.053763	0.192023	0.545381	-53.774869	-68.103762	-12.544166
34423	9.473036	-2.860770	1.968794	-0.055994	0.275337	0.612933	-54.002342	-67.727855	-12.332993
34424	9.580545	-3.013891	2.093706	-0.084132	0.348470	0.691592	-54.222527	-67.289710	-12.146927
34425	9.445761	-3.213103	2.172141	-0.097004	0.392497	0.736350	-54.427182	-66.816618	-11.984726
34426	9.619674	-3.282825	2.201765	-0.076876	0.404944	0.767426	-54.625626	-66.323831	-11.816543
34427	9.983659	-3.261717	2.407383	-0.078930	0.419446	0.847899	-54.859890	-65.789188	-11.609387
34428	10.452883	-3.230687	2.565848	-0.112182	0.396203	0.943715	-55.197570	-65.215963	-11.309039
34429	9.754883	-3.464671	2.449291	-0.173130	0.470362	1.065011	-55.562729	-64.561473	-11.014999
34430	9.682403	-2.957532	2.861112	-0.173529	0.368222	1.173040	-56.083940	-63.886922	-10.546724
34431	9.486935	-3.461511	2.561042	-0.276178	0.404214	1.277092	-56.667924	-63.150162	-10.070760
34432	9.165665	-3.593958	2.623367	-0.264847	0.360799	1.352520	-57.304492	-62.387751	-9.525617
34433	9.446673	-3.519745	2.766293	-0.285300	0.352666	1.434387	-57.973565	-61.586169	-8.952600
34434	9.390390	-3.739721	2.611349	-0.328716	0.374400	1.529496	-58.667163	-60.727811	-8.375894
34435	9.112892	-4.023366	2.524597	-0.345667	0.402123	1.609976	-59.350757	-59.819190	-7.816464
34436	9.261222	-4.298266	2.425134	-0.306771	0.402347	1.686505	-60.014692	-58.868768	-7.249103
34437	9.170263	-4.269910	2.483999	-0.289800	0.447736	1.783379	-60.639628	-57.854744	-6.709788
34438	8.950866	-4.529768	2.450222	-0.266325	0.478980	1.911099	-61.247973	-56.764427	-6.168396
34439	8.969711	-5.095068	2.501527	-0.231105	0.496625	2.044143	-61.839702	-55.599919	-5.615231
34440	9.027913	-5.032839	2.671843	-0.153346	0.491729	2.087026	-62.371852	-54.411429	-5.073061
34441	9.249811	-5.097131	2.915343	-0.173490	0.518287	2.115402	-62.872295	-53.199374	-4.575791
34442	8.683949	-5.154215	2.800806	-0.198452	0.536104	2.178857	-63.366319	-51.947206	-4.097062
34443	8.575362	-5.404537	3.096172	-0.200714	0.511209	2.206380	-63.855108	-50.685372	-3.617883
34444	8.552860	-5.528147	3.011832	-0.231409	0.512926	2.248797	-64.344566	-49.398217	-3.152491
34445	7.887107	-5.529143	3.027600	-0.328424	0.464231	2.315978	-64.906764	-48.086073	-2.654611
34446	7.794458	-6.038883	2.872419	-0.376806	0.322604	2.345742	-65.553665	-46.788575	-2.069623
34447	7.879677	-5.676178	3.132540	-0.389141	0.285065	2.347974	-66.193528	-45.494818	-1.491092
34448	7.662854	-6.011683	3.132370	-0.437994	0.277181	2.360961	-66.836260	-44.191204	-0.935690
34449	7.488211	-6.203918	3.193836	-0.466748	0.239295	2.336596	-67.477398	-42.904985	-0.392896
34450	7.298429	-6.238095	3.220445	-0.512061	0.264704	2.295806	-68.095575	-41.630283	0.089850
34451	6.734974	-6.426490	3.015757	-0.549733	0.266811	2.256644	-68.700593	-40.372635	0.532332
34452	6.625886	-6.684281	3.112789	-0.585010	0.196718	2.195418	-69.323443	-39.158295	0.981964
34453	6.445862	-6.828385	2.944809	-0.610610	0.141885	2.154974	-69.954852	-37.973227	1.434019
34454	6.255304	-7.011216	2.767333	-0.648672	0.119874	2.105435	-70.588607	-36.815016	1.865554
34455	5.504400	-7.370584	2.471091	-0.677953	0.082268	2.074001	-71.229138	-35.677423	2.292366
34456	4.862277	-7.613237	1.995412	-0.659724	-0.117203	2.029866	-71.910956	-34.595770	2.820234
34457	4.393895	-7.695180	1.697567	-0.644199	-0.304797	1.994018	-72.627782	-33.561508	3.441277
34458	4.020946	-8.471470	1.665561	-0.651598	-0.529758	2.004088	-73.408601	-32.552383	4.188160
34459	3.475326	-7.878963	1.275276	-0.485345	-0.806540	2.027390	-74.167553	-31.566739	5.094574
34460	3.361262	-7.261992	1.261762	-0.451934	-0.919378	2.127925	-74.928099	-30.532209	6.066797
34461	3.870180	-8.901935	1.582704	-0.464718	-0.909316	2.291831	-75.676803	-29.394986	7.033231
34462	3.059134	-11.752758	1.918239	-0.561006	-0.732446	2.705048	-76.426076	-27.992113	7.923862
34463	4.820343	-14.363795	2.233277	-0.411383	-0.959056	2.504897	-77.108365	-26.721542	8.896211
34464	7.198933	-9.739026	2.125544	-0.065889	-1.181327	1.802388	-77.584626	-25.862071	9.885604
34465	7.912579	-9.093534	2.161539	-0.393451	-0.708127	1.176040	-78.067689	-25.289723	10.483035
34466	7.615316	-9.961042	3.026010	-0.351259	-0.457138	0.450826	-78.414732	-25.090347	10.825035
34467	7.043691	-10.782811	3.072339	-0.330157	-0.127871	-0.037440	-78.635351	-25.126709	10.899843
34468	5.175993	-11.433272	2.972230	-0.266354	0.060647	-0.262551	-78.758374	-25.267738	10.830026
34469	3.907796	-11.669008	2.798013	-0.187231	0.076625	-0.258234	-78.831455	-25.405107	10.750798
34470	3.325226	-12.267789	2.612240	-0.127067	0.057969	-0.064677	-78.885627	-25.435284	10.707194
34471	2.908293	-13.036787	2.434410	-0.043226	0.035086	0.215846	-78.912141	-25.310820	10.711948
34472	2.485113	-13.090168	2.214509	0.072425	-0.025354	0.529430	-78.905007	-25.015917	10.792569
34473	2.382307	-12.863135	2.168010	0.138954	-0.120029	0.854259	-78.899854	-24.549615	10.970899
34474	3.070987	-12.935200	2.214836	0.151364	-0.218630	1.133416	-78.924995	-23.936083	11.243072
34475	4.169223	-13.200786	2.426041	0.184473	-0.244806	1.327275	-78.942876	-23.217434	11.552753
34476	5.521362	-13.517963	2.782935	0.214997	-0.202038	1.413171	-78.933192	-22.444459	11.844957
34477	6.629371	-13.591165	3.255498	0.295812	-0.084219	1.361319	-78.843629	-21.689164	12.058474
34478	7.239029	-13.346130	3.456208	0.381598	0.099079	1.201978	-78.655943	-21.002133	12.143294
34479	7.192028	-13.206211	3.441100	0.458341	0.283895	0.995356	-78.375783	-20.411633	12.094488
34480	6.529433	-12.978737	3.278755	0.520937	0.397199	0.789108	-78.029555	-19.922207	11.955946
34481	5.801105	-12.508983	3.031237	0.554950	0.416686	0.658438	-77.656212	-19.503899	11.792630
34482	5.109208	-12.106103	2.837171	0.574377	0.400998	0.621742	-77.275701	-19.106109	11.637182
34483	4.712324	-11.740607	2.812637	0.574651	0.323567	0.669073	-76.913668	-18.691806	11.536871
34484	4.813476	-11.510536	2.972162	0.567758	0.232491	0.732863	-76.577261	-18.252433	11.501932
34485	5.343884	-11.117783	3.172146	0.543143	0.172547	0.765648	-76.268069	-17.803572	11.509359
34486	6.139165	-10.689275	3.456554	0.527140	0.178365	0.731820	-75.966485	-17.371998	11.511058
34487	6.947490	-10.163290	3.601706	0.498509	0.260212	0.624362	-75.663035	-16.989410	11.451700
34488	7.643265	-9.714736	3.672083	0.461557	0.373561	0.417996	-75.353887	-16.704269	11.298005
34489	7.957830	-8.957577	3.549158	0.429243	0.493093	0.125565	-75.031597	-16.563286	11.032295
34490	7.801821	-8.167872	3.388456	0.364894	0.620949	-0.173622	-74.712435	-16.567210	10.647061
34491	7.374249	-7.692555	3.208987	0.292356	0.746456	-0.428333	-74.402040	-16.690660	10.148779
34492	7.077908	-7.151895	3.080724	0.265370	0.882599	-0.562386	-74.076545	-16.864628	9.549186
34493	6.629175	-6.853414	2.861442	0.249068	1.056916	-0.621163	-73.726159	-17.039433	8.837915
34494	5.936777	-6.478538	2.446550	0.293379	1.150956	-0.706066	-73.327196	-17.242011	8.056196
34495	5.153719	-5.864245	2.081476	0.327783	1.144968	-0.790676	-72.901703	-17.485740	7.260759
34496	4.661073	-5.284094	1.744158	0.373899	0.978353	-0.894689	-72.468158	-17.810248	6.539146
34497	4.611758	-4.582490	1.554434	0.403724	0.780288	-1.007502	-72.040864	-18.224561	5.906504
34498	4.793774	-3.942045	1.577900	0.405515	0.601790	-1.119974	-71.631640	-18.729017	5.350216
34499	5.290281	-3.554437	1.540070	0.401669	0.502375	-1.241054	-71.229119	-19.312192	4.822200
34500	5.407369	-3.074196	1.397520	0.380632	0.517677	-1.367073	-70.819452	-19.959003	4.253986
34501	4.845617	-2.618463	1.094874	0.359699	0.514909	-1.484535	-70.405579	-20.664205	3.656278
34502	4.422535	-2.154072	0.837257	0.332448	0.471870	-1.597618	-69.997155	-21.436793	3.051459
34503	4.208234	-1.858722	0.626965	0.281641	0.422147	-1.680698	-69.611222	-22.257850	2.448822
34504	4.129835	-1.565384	0.442381	0.225535	0.376131	-1.762954	-69.248434	-23.131033	1.845365
34505	4.291437	-1.355055	0.342478	0.165393	0.375618	-1.837310	-68.901509	-24.038241	1.215880
34506	4.237233	-1.159916	0.153932	0.099340	0.412881	-1.902801	-68.563015	-24.971918	0.538889
34507	3.748568	-1.088508	-0.025060	0.048458	0.402005	-1.951046	-68.237228	-25.927296	-0.153935
34508	3.151543	-1.078219	-0.093600	0.051074	0.314173	-2.017413	-67.909521	-26.936153	-0.822597
34509	2.787232	-1.148762	-0.033432	0.089647	0.117231	-2.063953	-67.592766	-28.006035	-1.397246
34510	3.314376	-1.437847	0.118036	0.162733	-0.098159	-2.116780	-67.273373	-29.151564	-1.868326
34511	4.004796	-1.685885	0.331976	0.250161	-0.206564	-2.180689	-66.914120	-30.349341	-2.302833
34512	4.570434	-1.916320	0.400448	0.349570	-0.261467	-2.259962	-66.488047	-31.602068	-2.739954
34513	5.033622	-1.970747	0.407308	0.437998	-0.250823	-2.363742	-65.975372	-32.900242	-3.229806
34514	5.031938	-2.020536	0.203621	0.489232	-0.234788	-2.469407	-65.388693	-34.249453	-3.782303
34515	4.996310	-2.132598	-0.013130	0.520740	-0.251658	-2.554805	-64.750244	-35.638435	-4.375474
34516	4.722499	-2.216102	-0.153588	0.543322	-0.307710	-2.627977	-64.076257	-37.077396	-4.985883
34517	4.642331	-2.276890	-0.320146	0.556661	-0.423086	-2.683041	-63.397699	-38.564047	-5.571789
34518	4.793014	-2.289160	-0.419954	0.558013	-0.570904	-2.727345	-62.735841	-40.110355	-6.110324
34519	5.298679	-2.429461	-0.399308	0.534218	-0.709160	-2.775415	-62.103511	-41.708769	-6.607984
34520	5.826289	-2.620557	-0.253588	0.509774	-0.855852	-2.835913	-61.502459	-43.377718	-7.063917
34521	6.531325	-3.043144	-0.002588	0.465201	-0.992023	-2.915158	-60.937525	-45.116110	-7.491069
34522	6.988582	-3.644639	0.301264	0.417398	-1.079546	-3.002733	-60.382595	-46.924408	-7.929041
34523	7.224037	-4.126820	0.566701	0.375740	-1.179613	-3.079499	-59.842885	-48.791759	-8.366101
34524	7.474770	-4.464913	0.631721	0.285211	-1.237860	-3.119681	-59.332307	-50.697955	-8.820284
34525	7.616832	-4.694422	0.638712	0.145346	-1.257664	-3.106443	-58.875038	-52.596066	-9.296744
34526	7.477392	-4.914709	0.688767	-0.045403	-1.227977	-3.047377	-58.485562	-54.459173	-9.812872
34527	7.515122	-5.092439	0.712565	-0.236556	-1.236447	-2.958999	-58.205613	-56.274917	-10.317428
34528	7.691011	-5.447062	1.035711	-0.453397	-1.240135	-2.864796	-58.056976	-58.049868	-10.803111
34529	7.774882	-6.277524	1.600772	-0.629005	-1.278297	-2.766171	-58.056951	-59.783070	-11.223601
34530	8.171843	-7.165916	2.362111	-0.706981	-1.329000	-2.672239	-58.173393	-61.491058	-11.554504
34531	8.961036	-8.123799	3.175778	-0.698515	-1.334384	-2.567319	-58.337298	-63.145013	-11.821040
34532	9.395810	-8.959946	4.021945	-0.594208	-1.282784	-2.479810	-58.434478	-64.745665	-12.091641
34533	9.657515	-9.624507	4.531030	-0.400823	-1.221925	-2.403782	-58.389092	-66.286387	-12.393526
34534	9.474230	-9.901219	4.954152	-0.180479	-1.117701	-2.294580	-58.146454	-67.746257	-12.769225
34535	9.006273	-9.910515	4.917716	0.056642	-1.001467	-2.135482	-57.700006	-69.088526	-13.214089
34536	8.665918	-9.402065	4.730569	0.277777	-0.871612	-1.936299	-57.061657	-70.296363	-13.724856
34537	8.451901	-8.737108	4.259093	0.431447	-0.745118	-1.714667	-56.287584	-71.352594	-14.282338
34538	8.181987	-7.919992	3.807242	0.541964	-0.647245	-1.519065	-55.424540	-72.284610	-14.863725
34539	8.162006	-7.243777	3.522764	0.586254	-0.586733	-1.332684	-54.565914	-73.103691	-15.410913
34540	8.645864	-6.759436	3.374271	0.579604	-0.523107	-1.180744	-53.717791	-73.830536	-15.949059
34541	8.994607	-6.421131	3.112480	0.507625	-0.420531	-1.053232	-52.835641	-74.459090	-16.563431
34542	9.074517	-6.141325	2.857490	0.377191	-0.295068	-0.925538	-51.925724	-74.984853	-17.282530
34543	8.893450	-6.005640	2.603709	0.210402	-0.162635	-0.778140	-51.029829	-75.392486	-18.084214
34544	8.630766	-5.950215	2.409104	0.046062	-0.056985	-0.627800	-50.217657	-75.693385	-18.895600
34545	8.182885	-5.861594	2.319099	-0.073161	-0.018283	-0.519159	-49.532033	-75.928358	-19.645735
34546	7.591450	-5.713235	2.215009	-0.142003	-0.046174	-0.431257	-49.048245	-76.134674	-20.228056
34547	6.653761	-5.519945	2.216218	-0.142386	-0.126075	-0.332628	-48.840212	-76.326598	-20.525940
34548	18.388441	-12.308483	10.527024	-0.346654	-0.164809	-0.082778	-49.207645	-76.425701	-20.352234
34549	4.220674	-15.177446	-0.528418	-0.008499	3.411792	2.629085	-47.471655	-74.001389	-22.152006
34550	-1.928516	-5.596403	19.130880	-0.189050	2.601594	2.243099	-46.865333	-72.045815	-22.899325
34551	27.601543	-15.077273	2.802722	-0.151513	-3.498119	0.604416	-52.533895	-73.080133	-17.049119
34552	8.742664	-4.764996	-1.706235	0.703056	1.870963	-0.755436	-48.548005	-72.732085	-20.797763
34553	2.345651	4.920084	7.917883	-0.171870	0.302005	0.071012	-48.317360	-72.587600	-21.142247
34554	12.466990	-5.283627	0.904966	-0.296096	-2.353784	0.394285	-52.341032	-73.274265	-17.110896
34555	10.862505	-1.981624	-2.473180	0.351741	0.291003	-0.107319	-51.576566	-73.220723	-17.698476
34556	9.000557	-0.288884	4.332868	-0.257500	0.322491	0.353724	-51.665164	-72.946443	-17.760203
34557	10.104490	-3.814951	-0.433580	-0.027491	-0.196840	0.374012	-52.397550	-72.847667	-17.010109
34558	9.063769	-1.257563	2.783642	0.044197	0.466192	0.292814	-52.027926	-72.550734	-17.370839
34559	8.687282	-2.846155	2.154382	-0.125159	-0.027675	0.403648	-52.586092	-72.378199	-16.860374
34560	9.946085	-2.488054	1.145211	0.088348	-0.007391	0.263858	-52.836392	-72.259773	-16.544625
34561	9.016665	-2.625267	2.305687	-0.142877	0.257966	0.257512	-52.828532	-72.053684	-16.638577
34562	8.782953	-2.639283	2.124089	0.019509	-0.071438	0.197209	-53.130707	-71.987397	-16.309237
34563	9.610290	-2.257115	1.660931	-0.020428	-0.091075	0.189450	-53.469328	-71.932332	-15.965113
34564	9.437702	-2.775604	1.642994	-0.088384	0.040741	0.183610	-53.656475	-71.833104	-15.821580
34565	9.159671	-2.694821	1.906513	-0.010219	-0.001564	0.119923	-53.787532	-71.779024	-15.689483
34566	9.443420	-2.790535	1.570735	-0.020572	-0.012376	0.052237	-53.873273	-71.758301	-15.611719
34567	9.381846	-2.564823	1.739403	0.005971	0.063762	-0.001436	-53.778265	-71.738184	-15.707852
34568	9.212506	-2.477023	1.900291	-0.006709	0.050904	-0.007319	-53.706363	-71.723576	-15.787725
34569	9.349688	-2.548403	1.745125	-0.004055	0.036024	-0.008999	-53.648403	-71.716285	-15.850908
34570	9.283089	-2.645683	1.726102	-0.011459	0.068292	-0.044973	-53.516387	-71.713057	-15.996967
34571	9.255253	-2.475786	1.846010	-0.001772	0.048842	-0.065722	-53.380751	-71.727422	-16.140575
34572	9.330615	-2.463046	1.739557	-0.010287	0.047439	-0.066258	-53.254925	-71.740902	-16.279396
34573	9.318570	-2.437691	1.770348	0.004219	0.074341	-0.047212	-53.099318	-71.737807	-16.440403
34574	9.198181	-2.456065	1.878354	-0.000431	0.081828	-0.035183	-52.952420	-71.725004	-16.595474
34575	9.164218	-2.418766	1.982612	0.005895	0.051649	-0.025392	-52.850282	-71.719537	-16.699175
34576	9.199447	-2.400877	1.919259	-0.002237	0.017558	-0.007360	-52.822598	-71.716115	-16.729793
34577	9.211751	-2.420836	1.894958	-0.008570	0.003966	0.001969	-52.823360	-71.714622	-16.733855
34578	9.197213	-2.452678	1.887494	-0.008794	-0.024352	0.019188	-52.885118	-71.713582	-16.674227
34579	9.329099	-2.481792	1.805619	-0.000847	-0.028079	0.034170	-52.959424	-71.708441	-16.596172
34580	9.270479	-2.509533	1.864719	0.005412	-0.026447	0.045970	-53.043806	-71.695825	-16.504135
34581	9.223359	-2.423948	1.814399	0.028258	-0.043960	0.056198	-53.146195	-71.685982	-16.378926
34582	9.338131	-2.410456	1.734852	0.031404	-0.030127	0.078785	-53.254481	-71.659478	-16.246000
34583	9.255074	-2.478246	1.837289	0.016848	0.003174	0.091631	-53.334268	-71.617081	-16.151456
34584	9.269098	-2.532398	1.834193	0.024828	-0.025221	0.092336	-53.452641	-71.582539	-16.011814
34585	9.349968	-2.556613	1.721208	0.034560	-0.012186	0.083099	-53.533957	-71.549203	-15.904921
34586	9.296344	-2.533458	1.791673	0.024160	0.022796	0.073698	-53.566644	-71.506791	-15.855965
34587	9.188517	-2.628315	1.814729	0.024722	0.021846	0.047216	-53.569693	-71.478373	-15.837506
34588	9.171826	-2.485891	1.906220	0.015357	0.017249	0.016034	-53.556328	-71.464427	-15.842424
34589	9.203922	-2.550511	1.855437	-0.004876	-0.003470	0.010668	-53.574024	-71.461471	-15.826400
34590	9.253440	-2.533201	1.841124	0.002549	-0.004124	0.003393	-53.584527	-71.460624	-15.813882
34591	9.179281	-2.511294	1.904423	-0.011717	-0.013255	0.007268	-53.616145	-71.462560	-15.787309
34592	9.235333	-2.539247	1.809152	0.001432	-0.031901	0.005622	-53.667757	-71.470118	-15.732104
34593	9.241859	-2.514709	1.860442	-0.012887	-0.023128	0.002243	-53.708587	-71.477710	-15.696524
34594	9.215464	-2.525450	1.876158	-0.002033	-0.042229	0.002322	-53.773174	-71.490267	-15.629733
34595	9.276100	-2.550323	1.755196	-0.002364	-0.042446	0.006061	-53.838615	-71.502607	-15.561847
34596	9.196496	-2.483157	1.895173	-0.008546	-0.030160	0.003495	-53.891578	-71.510501	-15.511255
34597	9.265066	-2.531172	1.772511	-0.003783	-0.060260	0.005736	-53.982364	-71.528951	-15.417512
34598	9.311174	-2.516535	1.777710	0.000427	-0.038627	0.004783	-54.043356	-71.539063	-15.353038
34599	9.239365	-2.542657	1.783597	-0.002114	-0.031464	0.007424	-54.095107	-71.546979	-15.299452
34600	9.261560	-2.430583	1.748189	0.019056	-0.030458	0.014178	-54.143620	-71.549956	-15.236886
34601	9.299648	-2.471447	1.750038	0.007981	0.013794	0.041662	-54.161060	-71.526760	-15.213373
34602	9.217556	-2.506513	1.808571	0.010496	0.015051	0.047600	-54.184643	-71.498945	-15.182249
34603	9.306068	-2.578966	1.743136	0.011685	0.013465	0.038032	-54.196671	-71.477542	-15.162199
34604	9.199813	-2.572221	1.852425	0.002235	0.025714	0.023975	-54.186475	-71.457133	-15.171687
34605	9.288241	-2.537507	1.749283	0.016271	0.002910	0.019986	-54.192424	-71.447653	-15.155273
34606	9.263517	-2.470281	1.755295	0.014603	0.035290	0.027597	-54.165534	-71.422355	-15.174898
34607	9.207538	-2.522440	1.843545	0.005739	0.042123	0.039350	-54.142671	-71.390728	-15.195245
34608	9.226104	-2.569042	1.820237	0.013007	0.020409	0.035187	-54.144855	-71.366905	-15.185160
34609	9.232843	-2.594769	1.821124	0.001564	0.022251	0.025433	-54.137966	-71.348409	-15.191179
34610	9.235093	-2.517407	1.808122	0.016495	0.019267	0.023890	-54.128476	-71.330218	-15.191304
34611	9.206406	-2.558717	1.875556	0.002524	0.018804	0.032625	-54.132935	-71.309539	-15.184765
34612	9.141017	-2.609670	1.884110	0.004812	-0.004728	0.026112	-54.165237	-71.298373	-15.147835
34613	9.201727	-2.537377	1.852041	0.008377	-0.034537	0.017011	-54.224034	-71.302827	-15.080388
34614	9.212353	-2.511443	1.879264	0.008058	-0.031709	0.026793	-54.292132	-71.300352	-15.003699
34615	9.260918	-2.595037	1.775315	-0.001985	-0.043161	0.024946	-54.376598	-71.303941	-14.915421
34616	9.349295	-2.617780	1.759756	-0.003704	-0.038499	0.012203	-54.446395	-71.310468	-14.844053
34617	9.273111	-2.645916	1.790103	-0.006149	-0.017066	-0.009902	-54.463037	-71.321551	-14.829897
34618	9.293049	-2.611080	1.770216	-0.010993	-0.024852	-0.026183	-54.480477	-71.341414	-14.818213
34619	9.259463	-2.595417	1.788174	-0.008459	-0.019506	-0.038646	-54.473499	-71.366711	-14.830387
34620	9.187014	-2.569303	1.850013	-0.014571	-0.030490	-0.036462	-54.490683	-71.393249	-14.821139
34621	9.149000	-2.451226	1.853064	-0.006638	-0.037275	-0.027456	-54.518367	-71.419240	-14.795637
34622	9.224709	-2.577389	1.821892	-0.019252	-0.051738	-0.020315	-54.583819	-71.445304	-14.738296
34623	9.282757	-2.504402	1.809725	-0.018511	-0.055992	-0.020778	-54.651211	-71.474369	-14.678097
34624	9.338895	-2.733810	1.662268	-0.024423	-0.044178	-0.036616	-54.693266	-71.505514	-14.648569
34625	9.259621	-2.480041	1.773539	-0.007663	-0.024334	-0.050473	-54.681030	-71.537955	-14.665794
34626	9.265010	-2.474021	1.747736	-0.011272	-0.011851	-0.022694	-54.684205	-71.551889	-14.669322
34627	9.285409	-2.544150	1.766176	-0.011061	-0.014086	-0.021061	-54.688724	-71.567184	-14.670933
34628	9.387867	-2.630647	1.673322	-0.005197	0.011663	-0.034706	-54.643456	-71.578951	-14.721852
34629	9.123366	-2.621892	1.804543	-0.002075	0.038395	-0.055896	-54.534397	-71.593089	-14.837743
34630	9.071722	-2.363786	2.025741	0.010336	-0.019640	-0.039644	-54.519053	-71.617531	-14.847740
34631	9.265521	-2.432616	1.724206	0.000561	-0.034412	-0.015421	-54.550990	-71.636949	-14.813443
34632	9.293925	-2.526505	1.740619	-0.007255	-0.010691	-0.009149	-54.563624	-71.644194	-14.804569
34633	9.295776	-2.370218	1.733966	0.013383	0.000750	0.008229	-54.562484	-71.640885	-14.797386
34634	9.262594	-2.512993	1.737822	-0.002529	0.019895	0.038128	-54.576680	-71.615913	-14.784012
34635	9.250441	-2.572495	1.756210	0.011420	0.020384	0.029374	-54.570200	-71.596212	-14.783640
34636	9.276404	-2.563913	1.739319	0.016459	0.018578	0.014285	-54.551546	-71.582815	-14.793418
34637	9.267796	-2.541717	1.742902	0.019787	0.020376	0.010876	-54.521861	-71.571748	-14.812452
34638	9.335211	-2.519955	1.759874	0.024812	0.019850	0.016706	-54.499107	-71.556803	-14.821510
34639	9.316985	-2.602360	1.725362	0.010950	0.034339	0.010269	-54.454429	-71.541365	-14.861690
34640	9.137056	-2.436520	1.817507	0.048128	0.043882	0.007441	-54.375631	-71.522727	-14.915754
34641	9.209437	-2.488933	1.803183	0.014781	0.019853	0.029484	-54.368281	-71.503152	-14.914269
34642	9.303156	-2.458816	1.801557	0.033259	0.027906	0.040745	-54.353579	-71.474332	-14.909736
34643	9.227528	-2.615129	1.774991	0.012292	0.048664	0.040386	-54.318560	-71.440058	-14.938937
34644	9.165262	-2.516763	1.904318	0.021921	0.019674	0.035485	-54.316564	-71.416446	-14.927852
34645	9.277093	-2.552522	1.797515	0.014014	0.008556	0.033791	-54.329603	-71.398641	-14.905318
34646	9.265456	-2.583184	1.768910	0.014312	0.014153	0.032591	-54.336655	-71.378222	-14.889279
34647	9.190455	-2.562904	1.835131	0.019611	0.016179	0.031199	-54.333334	-71.359076	-14.880620
34648	9.243508	-2.544944	1.797913	0.015011	-0.008700	0.029900	-54.368797	-71.347544	-14.834169
34649	9.347847	-2.557401	1.691123	0.018760	0.009559	0.028484	-54.372361	-71.331870	-14.818757
34650	9.245440	-2.575118	1.823076	0.013610	0.025534	0.020705	-54.352308	-71.313200	-14.831749
34651	9.264219	-2.515042	1.761193	0.025775	0.016390	0.023974	-54.337994	-71.297347	-14.830963
34652	9.274535	-2.565754	1.786042	0.013288	0.046264	0.023175	-54.292148	-71.270604	-14.871386
34653	9.207052	-2.567581	1.853628	0.018284	0.042690	0.022997	-54.245171	-71.246405	-14.909625
34654	9.244936	-2.579328	1.813607	0.012252	0.036491	0.016301	-54.206729	-71.226117	-14.942866
34655	9.165706	-2.559783	1.905249	0.012404	0.033547	0.008399	-54.161408	-71.211748	-14.982923
34656	9.169401	-2.557581	1.883577	0.011165	0.008115	0.007188	-54.153438	-71.205203	-14.984639
34657	9.227308	-2.535251	1.822870	0.007086	0.010589	0.011067	-54.145179	-71.197291	-14.988769
34658	9.192020	-2.523346	1.843766	0.004852	0.002421	0.013763	-54.155051	-71.189608	-14.975454
34659	9.280431	-2.517410	1.786163	0.010739	0.003129	0.019809	-54.163475	-71.180139	-14.959748
34660	9.257700	-2.603265	1.774512	0.004145	0.030668	0.019003	-54.140404	-71.160556	-14.981665
34661	9.194193	-2.630002	1.862873	0.006252	0.024906	0.007073	-54.109239	-71.149690	-15.010504
34662	9.244225	-2.584140	1.804610	0.006409	0.021958	-0.000835	-54.077277	-71.142236	-15.040449
34663	9.169819	-2.560604	1.870906	0.006576	0.022062	-0.002703	-54.040224	-71.136851	-15.075316
34664	9.235046	-2.588868	1.855987	0.002605	0.006039	-0.002929	-54.030013	-71.135721	-15.084580
34665	9.243616	-2.583005	1.809344	0.001262	0.016993	-0.007355	-53.998321	-71.134190	-15.117001
34666	9.200207	-2.574328	1.878094	0.003469	0.001169	-0.014816	-53.982497	-71.140213	-15.131673
34667	9.197037	-2.547379	1.855330	0.001577	-0.003739	-0.009825	-53.976306	-71.146806	-15.136955
34668	9.200958	-2.572070	1.877508	0.004981	-0.009681	-0.012259	-53.976833	-71.155304	-15.133430
34669	9.200632	-2.494459	1.884758	-0.000966	-0.017502	-0.005927	-53.994638	-71.164727	-15.114895
34670	9.198401	-2.545308	1.851402	-0.005461	-0.028449	0.001995	-54.040725	-71.172939	-15.069551
34671	9.295589	-2.561380	1.789650	-0.006200	-0.024192	0.002471	-54.078971	-71.180709	-15.032592
34672	9.211317	-2.566257	1.821778	-0.007345	-0.015470	-0.000322	-54.106234	-71.185625	-15.008276
34673	9.285572	-2.589653	1.756190	-0.003623	-0.012765	0.002076	-54.127088	-71.189728	-14.988133
34674	9.277138	-2.594829	1.803350	-0.003961	0.001863	-0.007534	-54.121696	-71.192177	-14.996268
34675	9.219730	-2.588744	1.818562	0.002998	-0.001477	-0.005702	-54.115705	-71.196100	-15.000476
34676	9.222546	-2.537084	1.850265	0.004492	0.010948	-0.007923	-54.092699	-71.195682	-15.022104
34677	9.141547	-2.566891	1.907733	0.007089	-0.000900	-0.003541	-54.085703	-71.198408	-15.024897
34678	9.214886	-2.513341	1.851411	0.006548	-0.016762	0.005880	-54.112887	-71.200896	-14.992257
34679	9.243564	-2.551967	1.776265	0.003310	-0.010717	0.006444	-54.131299	-71.202283	-14.970497
34680	9.214932	-2.514775	1.849237	0.002848	-0.013363	0.015560	-54.165503	-71.199136	-14.932679
34681	9.273823	-2.570164	1.777871	-0.001232	-0.010888	0.019439	-54.199547	-71.194536	-14.897155
34682	9.285616	-2.592385	1.751921	0.003905	-0.008973	0.019921	-54.231401	-71.187886	-14.861176
34683	9.229680	-2.565775	1.844863	0.002155	0.006444	0.012221	-54.232726	-71.180828	-14.858165
34684	9.210869	-2.571601	1.816500	0.004141	0.001293	0.011704	-54.242335	-71.174564	-14.845542
34685	9.209037	-2.524261	1.871822	0.009647	0.001077	0.011949	-54.246414	-71.169428	-14.835087
34686	9.220802	-2.545727	1.847083	0.006103	0.001529	0.013721	-54.256522	-71.162153	-14.820745
34687	9.271564	-2.577897	1.778454	0.009493	0.004027	0.019861	-54.264415	-71.152350	-14.806352
34688	9.267355	-2.553768	1.756986	0.012957	0.016686	0.019651	-54.255737	-71.137252	-14.807709
34689	9.223004	-2.547759	1.827212	0.007740	0.027886	0.020733	-54.233020	-71.119056	-14.826724
34690	9.202825	-2.582707	1.847324	0.012788	0.016583	0.021530	-54.226438	-71.103130	-14.825969
34691	9.189759	-2.564272	1.874291	0.011919	0.018404	0.027384	-54.220755	-71.085017	-14.824451
34692	9.185328	-2.540827	1.853083	0.013587	0.007657	0.028081	-54.232199	-71.069040	-14.804153
34693	9.192274	-2.566459	1.852634	0.016682	-0.000829	0.032904	-54.255215	-71.054799	-14.769409
34694	9.245436	-2.549560	1.815024	0.012467	-0.000781	0.042168	-54.292355	-71.035093	-14.722615
34695	9.268493	-2.594063	1.765717	0.026803	0.005940	0.041801	-54.308953	-71.014439	-14.688517
34696	9.235066	-2.533822	1.819082	0.024602	0.027164	0.051801	-54.310569	-70.980911	-14.671927
34697	9.225949	-2.592107	1.814839	0.035866	0.019821	0.060979	-54.321700	-70.946689	-14.638107
34698	9.352735	-2.572971	1.670489	0.040015	0.049781	0.070459	-54.302002	-70.896928	-14.634719
34699	9.224843	-2.600891	1.802438	0.047152	0.083642	0.076789	-54.236263	-70.834008	-14.675399
34700	9.197017	-2.566377	1.861527	0.054447	0.086613	0.087054	-54.175367	-70.764212	-14.706881
34701	9.232173	-2.584575	1.827554	0.057272	0.096541	0.097934	-54.107697	-70.687114	-14.743500
34702	9.187245	-2.610291	1.928677	0.056903	0.101744	0.104306	-54.042609	-70.604213	-14.777965
34703	9.199199	-2.636877	1.890316	0.065269	0.089861	0.105326	-53.986979	-70.525911	-14.796993
34704	9.236954	-2.605625	1.887651	0.063665	0.093643	0.115266	-53.939754	-70.440646	-14.808430
34705	9.327313	-2.655340	1.762892	0.077281	0.109977	0.118077	-53.863783	-70.349637	-14.841765
34706	9.324680	-2.614641	1.808330	0.088907	0.156142	0.137687	-53.743383	-70.232863	-14.915587
34707	9.313125	-2.705417	1.842311	0.086719	0.179753	0.144384	-53.598856	-70.105982	-15.016098
34708	9.254026	-2.685275	1.930331	0.102814	0.191949	0.150837	-53.439963	-69.970848	-15.122521
34709	9.456220	-2.628375	1.847708	0.095034	0.161765	0.196459	-53.364896	-69.825999	-15.144166
34710	9.331207	-2.709063	1.889795	0.104415	0.233029	0.211640	-53.213470	-69.648743	-15.241864
34711	9.130641	-2.669989	2.205474	0.099701	0.203780	0.246321	-53.131902	-69.466568	-15.267641
34712	9.318285	-2.696870	1.940512	0.118407	0.179581	0.269831	-53.093878	-69.280932	-15.235837
34713	9.100100	-2.691971	2.246894	0.054588	0.215128	0.302782	-53.076789	-69.068973	-15.220348
34714	9.127181	-2.753102	2.144325	0.082183	0.135186	0.289699	-53.129673	-68.889519	-15.113307
34715	9.361948	-2.428715	2.215663	0.045205	0.104945	0.387239	-53.321210	-68.676581	-14.879749
34716	9.257877	-2.772302	2.106026	-0.021045	0.143777	0.458890	-53.565109	-68.416125	-14.630701
34717	9.211896	-2.727376	2.244058	-0.009638	0.106997	0.502186	-53.873404	-68.148679	-14.304484
34718	9.239840	-2.787958	2.186134	-0.058330	0.099621	0.564230	-54.263609	-67.853239	-13.919731
34719	9.216402	-2.894750	2.163614	-0.083066	0.117130	0.606404	-54.669673	-67.532274	-13.531951
34720	9.236281	-2.943902	2.207006	-0.081434	0.120858	0.645259	-55.092007	-67.189868	-13.124959
34721	9.256519	-3.147272	2.188416	-0.129203	0.144215	0.690966	-55.536250	-66.818089	-12.722471
34722	9.248378	-3.538623	2.253234	-0.115302	0.232851	0.689770	-55.863927	-66.416271	-12.437497
34723	9.717962	-3.179581	2.220441	-0.078779	0.236658	0.804569	-56.237028	-65.958929	-12.078702
34724	9.229613	-3.325086	2.262109	-0.202222	0.381096	0.877396	-56.567444	-65.419227	-11.843331
34725	9.468007	-3.627393	2.405837	-0.182486	0.240451	0.920991	-57.046557	-64.903001	-11.430280
34726	10.265814	-3.102735	2.944869	-0.220134	0.153005	1.022457	-57.684575	-64.362241	-10.863831
34727	9.984480	-3.450978	2.273955	-0.315034	0.221267	1.175519	-58.376279	-63.724528	-10.294965
34728	9.418306	-3.591928	2.512201	-0.333501	0.252792	1.262598	-59.070779	-63.030963	-9.731896
34729	9.461500	-3.530326	2.511989	-0.337424	0.219425	1.343204	-59.811327	-62.305116	-9.115601
34730	9.381980	-3.675208	2.514600	-0.385613	0.242540	1.455930	-60.584063	-61.512135	-8.490166
34731	9.405239	-3.978591	2.380124	-0.391927	0.251539	1.548192	-61.359502	-60.667362	-7.860551
34732	9.600278	-4.076539	2.412704	-0.380703	0.277038	1.646603	-62.114704	-59.761231	-7.241763
34733	9.528339	-4.307816	2.144747	-0.376853	0.342387	1.782021	-62.831359	-58.765909	-6.658887
34734	9.013211	-4.555058	2.069283	-0.343021	0.395315	1.919955	-63.503979	-57.682120	-6.098918
34735	8.768086	-4.536309	2.195210	-0.264828	0.414817	2.039671	-64.123058	-56.529316	-5.542031
34736	8.393746	-4.574316	2.689378	-0.294881	0.426649	2.138367	-64.748333	-55.318687	-4.991198
34737	7.742381	-4.751264	2.552787	-0.318414	0.345468	2.173163	-65.418120	-54.106836	-4.393841
34738	8.470651	-4.828579	2.812812	-0.337581	0.244422	2.194953	-66.136940	-52.902601	-3.740351
34739	8.448543	-4.992435	2.668225	-0.407264	0.271418	2.278593	-66.858711	-51.644124	-3.122510
34740	8.086175	-5.539975	2.726738	-0.456159	0.248170	2.358346	-67.604302	-50.343334	-2.499407
34741	8.898877	-6.507793	3.447609	-0.478009	0.243513	2.380161	-68.328529	-49.027636	-1.908468
34742	10.545568	-6.433581	3.650308	-0.510560	0.127557	2.263469	-69.075424	-47.792989	-1.300946
34743	7.614996	-5.849822	2.864372	-0.687236	0.195250	2.340558	-69.863031	-46.498669	-0.763363
34744	8.141452	-6.128164	2.884217	-0.720221	0.065528	2.297437	-70.697345	-45.247164	-0.175832
34745	8.216545	-6.665451	2.867785	-0.771870	0.088323	2.287120	-71.510977	-43.991748	0.353258
34746	8.676233	-7.088885	2.543166	-0.784302	0.082339	2.220939	-72.291622	-42.767934	0.835759
34747	7.421167	-6.966328	2.470597	-0.875928	0.185963	2.159258	-73.035078	-41.556003	1.196056
34748	6.356492	-7.504239	2.016691	-0.912062	0.027281	2.082900	-73.840216	-40.408122	1.627136
34749	5.455981	-7.817927	1.300888	-0.897731	-0.218277	2.042987	-74.719782	-39.316011	2.197326
34750	5.450208	-7.806643	1.296716	-0.801766	-0.505171	1.929016	-75.631910	-38.322005	2.919738
34751	5.053929	-7.649716	0.912325	-0.749330	-0.636348	1.897446	-76.539087	-37.355183	3.699108
34752	4.030480	-7.800025	0.667074	-0.723711	-0.843585	1.921989	-77.492820	-36.391023	4.597554
34753	3.329271	-8.098071	0.445049	-0.578480	-1.087533	2.011334	-78.439071	-35.394587	5.646636
34754	1.515094	-11.308521	1.440234	-0.671907	-0.941481	2.629883	-79.391703	-34.019691	6.643439
34755	0.662317	-14.744561	2.557940	-0.292000	-1.204026	2.963776	-80.201185	-32.471330	7.815178
34756	6.250463	-12.479555	2.064379	0.264587	-1.909990	2.345258	-80.859363	-31.325324	9.347480
34757	9.684691	-7.640827	1.594253	0.292906	-1.483437	1.706906	-81.284971	-30.491813	10.503276
34758	9.757053	-6.930294	1.902125	-0.022808	-0.765787	1.008872	-81.601275	-29.985074	11.105471
34759	9.556120	-7.583898	2.157513	-0.021241	-0.298254	0.177184	-81.719194	-29.910165	11.317885
34760	8.160059	-8.578929	1.947541	-0.086242	0.239978	-0.324351	-81.674650	-30.074273	11.130185
34761	5.576789	-9.233393	1.562533	-0.053163	0.494068	-0.491565	-81.518070	-30.312276	10.758854
34762	3.414483	-9.429542	1.239454	-0.031651	0.521801	-0.362372	-81.344678	-30.473263	10.380615
34763	1.715929	-9.896383	0.927650	0.000478	0.385381	-0.020257	-81.214852	-30.452011	10.125649
34764	0.978685	-10.060742	0.922514	0.058858	0.116253	0.418914	-81.164191	-30.204570	10.092359
34765	1.343107	-10.140629	0.833519	0.089472	-0.136389	0.899260	-81.202797	-29.708149	10.272914
34766	1.994984	-10.170983	0.904192	0.103100	-0.347189	1.284147	-81.317348	-29.010682	10.627178
34767	3.107146	-10.065781	1.043904	0.104820	-0.522506	1.500525	-81.488678	-28.206103	11.111017
34768	4.300151	-9.984709	1.314729	0.096241	-0.607571	1.553484	-81.683829	-27.375782	11.647906
34769	5.282052	-10.095713	1.512495	0.077516	-0.559998	1.483384	-81.862817	-26.581267	12.140978
34770	5.697754	-10.206171	1.770406	0.066892	-0.438708	1.344359	-82.000401	-25.853120	12.539284
34771	5.589143	-10.623490	1.927312	0.061546	-0.288644	1.203015	-82.088727	-25.194113	12.826780
34772	5.151580	-11.115010	2.042646	0.088135	-0.157301	1.080467	-82.119168	-24.592569	13.019310
34773	4.526621	-11.747704	2.026426	0.134905	-0.046328	1.037987	-82.090456	-24.007878	13.138070
34774	3.894628	-12.244224	1.951144	0.211497	-0.005333	1.062455	-82.007560	-23.404641	13.233671
34775	3.288328	-12.633487	1.848724	0.297753	-0.017882	1.137717	-81.880034	-22.761396	13.344278
34776	3.113203	-13.024088	1.859126	0.391882	-0.103826	1.231109	-81.721229	-22.070782	13.517105
34777	3.448305	-13.262525	1.874049	0.482217	-0.170761	1.325343	-81.527294	-21.334518	13.740601
34778	3.842184	-13.337704	1.988677	0.572298	-0.211934	1.389063	-81.290795	-20.564586	13.996765
34779	4.310556	-13.150614	2.098796	0.652480	-0.214057	1.417217	-81.007171	-19.781874	14.259231
34780	4.653439	-12.943765	2.210574	0.713807	-0.156082	1.412992	-80.674500	-18.995642	14.489719
34781	4.863490	-12.508926	2.237998	0.765190	-0.076376	1.383589	-80.294518	-18.221802	14.673781
34782	4.952923	-12.231671	2.321189	0.769468	0.040641	1.372374	-79.889636	-17.442052	14.792065
34783	4.918940	-11.908618	2.323948	0.769497	0.123766	1.352920	-79.469719	-16.667484	14.864582
34784	4.954981	-11.543561	2.357578	0.733561	0.193286	1.319463	-79.058586	-15.903053	14.898178
34785	5.148158	-11.070526	2.331261	0.701322	0.252353	1.246834	-78.655465	-15.174958	14.894451
34786	5.423536	-10.467907	2.373820	0.646600	0.322931	1.141314	-78.271401	-14.496393	14.842422
34787	5.791894	-9.963018	2.458485	0.581760	0.409628	0.993530	-77.909463	-13.891726	14.726925
34788	6.143511	-9.575351	2.443429	0.532942	0.509277	0.792525	-77.558092	-13.385471	14.532994
34789	6.533995	-9.168105	2.531661	0.495432	0.592969	0.529068	-77.211744	-13.016221	14.260650
34790	6.983298	-8.837189	2.590945	0.454204	0.686187	0.209024	-76.869536	-12.811212	13.895311
34791	7.050638	-8.389476	2.418421	0.435354	0.776536	-0.167966	-76.516384	-12.803227	13.428759
34792	6.977536	-8.041759	2.398042	0.389516	0.870572	-0.530679	-76.165507	-12.981279	12.858048
34793	6.352844	-8.006598	2.271164	0.341157	0.990262	-0.831560	-75.814296	-13.306972	12.174467
34794	5.767353	-7.659090	2.098059	0.305736	1.071485	-0.995320	-75.461913	-13.708017	11.417499
34795	5.044480	-7.755151	1.981286	0.232357	1.184948	-0.984200	-75.130665	-14.081909	10.593736
34796	4.461155	-7.543554	1.870381	0.175500	1.237293	-0.877242	-74.823007	-14.384812	9.753097
34797	3.999035	-6.954248	1.754901	0.102684	1.263045	-0.700212	-74.556263	-14.581461	8.922949
34798	3.912087	-6.522975	1.537737	0.039203	1.247034	-0.561924	-74.331037	-14.701450	8.122408
34799	4.021436	-6.124386	1.491507	0.011585	1.208894	-0.506138	-74.127939	-14.793056	7.351782
34800	4.092887	-5.794843	1.467168	0.015504	1.138000	-0.530060	-73.930313	-14.907296	6.616930
34801	4.354469	-5.259378	1.405653	0.038628	1.001980	-0.623562	-73.733535	-15.091360	5.943249
34802	4.701128	-4.729113	1.429932	0.056454	0.856443	-0.771165	-73.538668	-15.378987	5.326357
34803	5.104586	-4.400619	1.396694	0.071616	0.708927	-0.953569	-73.345373	-15.787711	4.760657
34804	5.178382	-4.053983	1.358832	0.124566	0.557731	-1.187301	-73.128935	-16.349197	4.238149
34805	5.208504	-3.723565	1.165421	0.177645	0.391815	-1.448167	-72.889626	-17.077902	3.760967
34806	5.263768	-3.323315	1.074246	0.213291	0.281838	-1.686602	-72.627878	-17.955640	3.298950
34807	5.499857	-3.092677	0.997333	0.237613	0.245996	-1.876703	-72.338685	-18.939415	2.816226
34808	5.454803	-2.907532	0.941702	0.222871	0.314934	-2.003124	-72.025697	-19.979943	2.261588
34809	5.012645	-2.837397	0.755494	0.218154	0.409397	-2.075436	-71.678523	-21.037660	1.628294
34810	4.227032	-2.621117	0.588505	0.208217	0.474039	-2.109613	-71.305163	-22.101126	0.938733
34811	3.572565	-2.647495	0.385715	0.194929	0.459879	-2.099825	-70.926985	-23.154999	0.246894
34812	3.115821	-2.620906	0.256787	0.206355	0.347555	-2.079747	-70.553256	-24.217962	-0.387670
34813	3.198864	-2.544292	0.283407	0.226123	0.156064	-2.068131	-70.201042	-25.304860	-0.918539
34814	3.767234	-2.539266	0.400598	0.251957	-0.024341	-2.082921	-69.864819	-26.435208	-1.356990
34815	4.827933	-2.588399	0.528545	0.303225	-0.183230	-2.160141	-69.521889	-27.633178	-1.728565
34816	5.655897	-2.564389	0.617724	0.353510	-0.263202	-2.296295	-69.144856	-28.921576	-2.095744
34817	6.059714	-2.642584	0.669406	0.393642	-0.328190	-2.476808	-68.728861	-30.314237	-2.480475
34818	6.037132	-2.689673	0.487994	0.431968	-0.424997	-2.690203	-68.276836	-31.842157	-2.875628
34819	5.735358	-2.645794	0.383587	0.468571	-0.543326	-2.884494	-67.796868	-33.492130	-3.266850
34820	5.443986	-2.714232	0.254102	0.491398	-0.666256	-2.993121	-67.308180	-35.227774	-3.632930
34821	5.146617	-2.823178	0.145604	0.511861	-0.740917	-3.009251	-66.809581	-36.981838	-3.980799
34822	5.152757	-2.881120	0.167135	0.527839	-0.790761	-2.956777	-66.305807	-38.721518	-4.308165
34823	5.799643	-2.892106	0.190104	0.526472	-0.816697	-2.899134	-65.800061	-40.430339	-4.627997
34824	6.832041	-2.981581	0.199138	0.489311	-0.814989	-2.894893	-65.289438	-42.138897	-4.976392
34825	7.729298	-3.142924	0.236626	0.422128	-0.808808	-2.955468	-64.772396	-43.870405	-5.379349
34826	7.909432	-3.512248	0.227950	0.327942	-0.823281	-3.033401	-64.264746	-45.648030	-5.832979
34827	7.780441	-4.140105	0.282525	0.294941	-0.939857	-3.108532	-63.782782	-47.485820	-6.263494
34828	7.924903	-4.615444	0.395641	0.281024	-1.091662	-3.161029	-63.343550	-49.392046	-6.634980
34829	8.179821	-4.783434	0.408015	0.276111	-1.236573	-3.183682	-62.953447	-51.340298	-6.935658
34830	8.544708	-4.743637	0.448976	0.233426	-1.315247	-3.182475	-62.607155	-53.312672	-7.204025
34831	8.876662	-4.661726	0.440119	0.174470	-1.319261	-3.159468	-62.273929	-55.268027	-7.490887
34832	9.098238	-4.643046	0.307435	0.083034	-1.251142	-3.114156	-61.925141	-57.186687	-7.853202
34833	9.012633	-4.650861	0.106205	-0.054071	-1.188990	-3.050919	-61.590771	-59.049805	-8.283066
34834	9.077219	-4.755125	-0.037084	-0.219491	-1.159535	-2.994428	-61.307852	-60.880837	-8.755191
34835	8.544773	-5.182552	0.055673	-0.394446	-1.130401	-2.891998	-61.104240	-62.645717	-9.242467
34836	8.054748	-6.461529	0.661984	-0.482475	-1.233729	-2.789787	-61.072184	-64.393156	-9.587302
34837	8.097745	-7.782351	1.532514	-0.455786	-1.375345	-2.675984	-61.225292	-66.117107	-9.705953
34838	8.375949	-8.942902	2.490277	-0.313309	-1.505363	-2.549550	-61.541515	-67.818716	-9.557719
34839	8.752849	-9.484630	3.360714	-0.093868	-1.540621	-2.409210	-61.910778	-69.453330	-9.218688
34840	9.039872	-9.791262	3.831396	0.129495	-1.466044	-2.241252	-62.230167	-70.986894	-8.800784
34841	9.087984	-9.730856	3.973428	0.318005	-1.285138	-2.043669	-62.372781	-72.366704	-8.458329
34842	8.507025	-9.579691	3.862575	0.451976	-1.059917	-1.812434	-62.299132	-73.573178	-8.264824
34843	7.584344	-9.251270	3.615840	0.547159	-0.863520	-1.542414	-62.073814	-74.586462	-8.172820
34844	6.556514	-8.877760	3.238817	0.619112	-0.712523	-1.230324	-61.830998	-75.404532	-8.057236
34845	5.236483	-8.420942	2.955347	0.672140	-0.609776	-0.852747	-61.747308	-76.001031	-7.745886
34846	3.905948	-7.760678	2.702321	0.728280	-0.583683	-0.434930	-62.058220	-76.381543	-6.996304
34847	34.475917	-19.868624	18.681807	0.626854	-0.589760	0.117814	-63.070090	-76.478124	-5.585606
34848	14.382116	-14.482612	6.992652	1.630313	5.982334	2.438792	-53.953799	-73.490205	-14.052938
34849	-5.177333	-32.386570	13.857089	-0.936799	7.173050	3.963298	-49.141880	-69.151829	-19.694498
34850	0.155724	-15.126245	11.674425	2.942459	-2.050332	-0.811024	-49.038044	-70.272068	-18.008142
34851	7.877382	-1.527465	3.031408	1.941802	-0.887552	-0.435329	-48.542061	-70.795506	-17.353863
34852	5.398559	-4.123808	5.068077	1.290469	-0.890926	0.613319	-49.577754	-70.863193	-15.474783
34853	9.311846	1.516700	1.100535	1.993919	-1.874109	-0.455077	-50.369353	-71.754341	-13.432812
34854	15.547811	10.100223	-0.969174	1.053797	-1.591398	-0.834904	-51.024380	-72.700644	-12.111001
34855	11.665092	-0.312498	2.485562	-2.213244	1.075243	0.715045	-51.585529	-71.996509	-12.852576
34856	5.730785	-7.808205	1.399110	-0.559902	0.041750	0.775207	-52.680345	-71.630491	-12.037797
34857	9.531604	-2.852625	0.700695	0.903492	-1.319857	-0.277167	-53.725635	-72.211454	-10.393391
34858	13.822163	0.324845	-0.249709	0.220448	0.003056	0.121792	-53.725702	-72.153211	-10.260646
34859	8.642432	-3.048512	2.464141	-0.616610	1.148932	0.501515	-52.990649	-71.530525	-11.405710
34860	7.272022	-4.118517	2.458856	0.235435	0.026128	0.284689	-53.114660	-71.390431	-11.132653
34861	9.955290	-1.855447	1.848688	0.281640	-0.107583	0.102809	-53.203914	-71.381027	-10.867893
34862	8.734565	-2.583163	2.282984	-0.129895	0.213883	0.153652	-53.146542	-71.236293	-11.007043
34863	9.013788	-2.616744	1.885568	0.106121	-0.147668	0.112421	-53.398037	-71.236043	-10.676910
34864	9.385673	-2.097209	1.879722	-0.011448	-0.001822	0.142976	-53.552410	-71.169993	-10.520775
34865	8.961768	-2.625685	2.117439	-0.046160	-0.047809	0.186607	-53.828074	-71.100836	-10.257107
34866	9.568129	-2.847577	1.508154	0.009718	-0.140951	0.149957	-54.162623	-71.077970	-9.897576
34867	9.562666	-2.758492	1.481277	0.019942	0.042498	0.104922	-54.195500	-71.015755	-9.850428
34868	9.181982	-2.695671	1.899115	0.024994	0.082721	0.074016	-54.143802	-70.952813	-9.889973
34869	9.207629	-2.563040	1.938235	0.025655	0.042299	0.048464	-54.118696	-70.916891	-9.900677
34870	9.174866	-2.603793	1.886523	0.007329	0.027428	0.046122	-54.124510	-70.885455	-9.890090
34871	9.362659	-2.730112	1.768300	0.007054	0.025190	0.026968	-54.112207	-70.865257	-9.898528
34872	9.327771	-2.691214	1.744168	0.021296	0.075561	-0.000704	-54.000444	-70.839364	-10.003932
34873	9.160047	-2.531724	1.976299	0.019312	0.085112	-0.007737	-53.867841	-70.815019	-10.132300
34874	9.100547	-2.599912	1.996668	0.007154	0.055863	-0.004987	-53.786742	-70.797639	-10.213847
34875	9.146549	-2.560130	1.959168	0.000329	0.017568	-0.010112	-53.752742	-70.797143	-10.249345
34876	9.199883	-2.596449	1.869045	-0.003577	0.004922	-0.005604	-53.744842	-70.797272	-10.259890
34877	9.203224	-2.619699	1.894602	-0.000378	0.014175	-0.008505	-53.717312	-70.797177	-10.288965
34878	9.214946	-2.588944	1.922945	0.002953	0.005926	-0.006954	-53.703017	-70.797594	-10.302319
34879	9.218941	-2.587866	1.899366	-0.000372	0.004321	-0.003514	-53.693408	-70.798531	-10.312414
34880	9.192562	-2.571603	1.870688	-0.004680	-0.002905	0.008942	-53.710658	-70.794610	-10.296994
34881	9.302217	-2.641968	1.813094	0.003508	0.008214	0.008438	-53.705304	-70.788707	-10.300229
34882	9.272405	-2.549545	1.812767	0.015539	0.035263	0.011258	-53.662675	-70.770779	-10.335955
34883	9.281807	-2.597965	1.842476	0.012387	0.050124	0.021594	-53.609669	-70.744568	-10.384273
34884	9.187063	-2.677326	1.929898	0.014140	0.064627	0.013285	-53.531291	-70.715707	-10.458732
34885	9.163375	-2.632281	1.981490	0.010277	0.032253	0.001185	-53.483433	-70.704951	-10.502891
34886	9.251708	-2.607180	1.876360	0.013025	0.032667	-0.006173	-53.429017	-70.695901	-10.552651
34887	9.212644	-2.644048	1.872596	0.004865	0.039073	-0.012009	-53.362542	-70.688855	-10.619828
34888	9.117455	-2.514514	2.036129	-0.000280	0.027334	-0.007539	-53.321505	-70.682234	-10.663495
34889	9.224538	-2.588136	1.855792	0.005116	0.004070	-0.003121	-53.309510	-70.683054	-10.672793
34890	9.204695	-2.618730	1.878024	0.000952	0.026428	-0.007510	-53.268986	-70.676727	-10.715167
34891	9.171280	-2.473001	1.953180	0.016146	0.035357	0.003772	-53.216468	-70.663651	-10.760713
34892	9.082185	-2.422347	2.066247	-0.009354	0.024913	0.039082	-53.229408	-70.636457	-10.752687
34893	9.083410	-2.608458	1.938678	-0.008330	-0.019837	0.043515	-53.301824	-70.624052	-10.680678
34894	9.187812	-2.452698	1.933792	-0.018341	-0.006013	0.058972	-53.379415	-70.598296	-10.609564
34895	9.182806	-2.690467	1.926168	-0.032652	-0.016956	0.066619	-53.484115	-70.574207	-10.518082
34896	9.132174	-2.658526	1.990155	-0.021444	-0.029505	0.047561	-53.582726	-70.561640	-10.426541
34897	9.201100	-2.669745	1.897973	-0.024510	-0.057358	0.043424	-53.712891	-70.561861	-10.303094
34898	9.255163	-2.658003	1.852025	-0.020396	-0.055647	0.030567	-53.828657	-70.565877	-10.192719
34899	9.201429	-2.676230	1.887213	-0.010515	-0.043198	0.020807	-53.910616	-70.571622	-10.111891
34900	9.268773	-2.555938	1.872010	-0.001290	-0.050549	0.028571	-54.006928	-70.574730	-10.010543
34901	9.275143	-2.635053	1.818517	-0.008026	-0.017617	0.036167	-54.068533	-70.564666	-9.949786
34902	9.235683	-2.676136	1.809710	0.001193	-0.012933	0.035287	-54.120296	-70.551956	-9.894162
34903	9.257968	-2.671667	1.813273	0.008616	0.001325	0.025453	-54.137163	-70.540475	-9.870731
34904	9.143570	-2.604321	1.896009	0.004636	0.013861	0.024165	-54.141107	-70.523933	-9.863727
34905	9.283369	-2.667994	1.795225	0.016019	0.005726	0.020614	-54.143323	-70.513219	-9.851334
34906	9.163341	-2.677546	1.901797	0.000372	0.048248	0.013020	-54.094063	-70.490317	-9.903363
34907	9.147446	-2.655999	1.951926	0.005220	0.007362	0.002820	-54.083457	-70.487315	-9.911134
34908	9.217081	-2.610280	1.915624	-0.007537	0.005433	0.001737	-54.084158	-70.484031	-9.914969
34909	9.196619	-2.693900	1.885517	-0.007882	-0.001199	-0.008279	-54.081743	-70.489057	-9.922015
34910	9.167467	-2.623963	1.931607	-0.015559	0.005295	-0.019791	-54.066784	-70.495816	-9.947338
34911	9.125205	-2.660869	1.947555	-0.024160	-0.011334	-0.017823	-54.077907	-70.508676	-9.949916
34912	9.145888	-2.628469	1.924543	-0.019535	-0.025966	-0.020440	-54.105570	-70.526248	-9.932438
34913	9.181228	-2.642600	1.901394	-0.023725	-0.041930	-0.019996	-54.154611	-70.550389	-9.894536
34914	9.167407	-2.618980	1.944626	-0.023010	-0.038536	-0.021590	-54.199820	-70.572709	-9.860564
34915	9.168384	-2.669889	1.888209	-0.031437	-0.066094	-0.027988	-54.277804	-70.608634	-9.796671
34916	9.247352	-2.644838	1.844868	-0.029411	-0.069069	-0.033738	-54.355804	-70.646789	-9.731837
34917	9.233704	-2.672607	1.834732	-0.038242	-0.058362	-0.039279	-54.417204	-70.685338	-9.689681
34918	9.258921	-2.662162	1.832151	-0.032861	-0.061919	-0.044829	-54.477627	-70.726242	-9.645595
34919	9.234306	-2.666153	1.846415	-0.031253	-0.047432	-0.051248	-54.509408	-70.766711	-9.630592
34920	9.237900	-2.584459	1.843554	-0.026396	-0.046682	-0.058430	-54.533095	-70.808883	-9.621506
34921	9.143840	-2.634271	1.895618	-0.035659	-0.048105	-0.049662	-54.570005	-70.848829	-9.603754
34922	9.218428	-2.660150	1.826000	-0.028809	-0.067852	-0.056279	-54.625828	-70.897027	-9.562119
34923	9.246751	-2.469396	1.779073	-0.018819	-0.064134	-0.051490	-54.673277	-70.943131	-9.523015
34924	9.273885	-2.560169	1.800045	-0.023191	-0.036377	-0.023198	-54.715390	-70.965430	-9.492497
34925	9.231505	-2.673854	1.811182	-0.015596	-0.026440	-0.027650	-54.733027	-70.987894	-9.482987
34926	9.223804	-2.494933	1.836020	-0.011690	-0.041183	-0.020841	-54.777487	-71.010678	-9.443025
34927	9.268084	-2.685655	1.783918	-0.025955	-0.034619	-0.019437	-54.820189	-71.031994	-9.413288
34928	9.258661	-2.635834	1.755409	-0.010721	-0.028936	-0.042658	-54.826595	-71.060948	-9.412984
34929	9.181792	-2.502329	1.818292	-0.014754	-0.023012	-0.031112	-54.835907	-71.083897	-9.411770
34930	9.287953	-2.622418	1.729911	-0.010006	-0.023397	-0.021327	-54.854899	-71.101043	-9.397727
34931	9.208459	-2.644381	1.789652	-0.005000	0.003674	-0.026635	-54.826428	-71.113089	-9.430543
34932	9.173396	-2.472978	1.837461	0.008278	-0.024936	-0.027787	-54.830836	-71.133778	-9.420846
34933	9.332804	-2.577519	1.709206	-0.009718	-0.011343	-0.007156	-54.844413	-71.141655	-9.412076
34934	9.199270	-2.616727	1.810823	-0.002643	0.018250	-0.015941	-54.807303	-71.142559	-9.452864
34935	9.211654	-2.560673	1.790026	0.003775	-0.009233	-0.015581	-54.802099	-71.153685	-9.455773
34936	9.217062	-2.429830	1.820127	0.013836	0.019648	0.008029	-54.776800	-71.142904	-9.474101
34937	9.188318	-2.541459	1.888521	0.004848	0.014907	0.033641	-54.785498	-71.123014	-9.461668
34938	9.254865	-2.627142	1.798783	0.006102	0.003070	0.027190	-54.805810	-71.108751	-9.436474
34939	9.242271	-2.659188	1.772014	0.007988	0.007755	0.021965	-54.811180	-71.096687	-9.425653
34940	9.137155	-2.486338	1.910012	0.015453	0.007808	0.024373	-54.816900	-71.082182	-9.410217
34941	9.230831	-2.539289	1.750911	0.023035	-0.006386	0.039056	-54.849386	-71.066778	-9.361617
34942	9.206881	-2.547376	1.896017	0.003164	0.009141	0.052110	-54.886863	-71.038843	-9.320040
34943	9.292493	-2.603855	1.784396	0.015189	-0.018573	0.050958	-54.951686	-71.021848	-9.241987
34944	9.369274	-2.741330	1.570527	0.014790	0.013153	0.036116	-54.961499	-71.000083	-9.222609
34945	9.158047	-2.520748	1.941993	0.009980	0.037602	0.035641	-54.938007	-70.971775	-9.241102
34946	9.273324	-2.619514	1.737832	0.028854	0.008746	0.032980	-54.942738	-70.952943	-9.218573
34947	9.305722	-2.662253	1.769683	0.003780	0.044328	0.031909	-54.910194	-70.924168	-9.250407
34948	9.129029	-2.665155	1.893801	0.024313	0.024496	0.018617	-54.882507	-70.906897	-9.264932
34949	9.190331	-2.596872	1.858171	0.012197	0.010599	0.018694	-54.878342	-70.895425	-9.261637
34950	9.204355	-2.644614	1.859996	0.008994	0.000266	0.010138	-54.884153	-70.890113	-9.249999
34951	9.193566	-2.597920	1.834620	0.007619	-0.009793	0.005528	-54.897669	-70.891531	-9.230769
34952	9.231565	-2.613127	1.789628	0.007923	-0.019602	0.006751	-54.927738	-70.894355	-9.194105
34953	9.259273	-2.553201	1.819492	0.009818	-0.003985	0.007993	-54.934481	-70.892701	-9.180710
34954	9.303264	-2.644742	1.725281	0.007466	0.001124	0.013894	-54.943528	-70.885360	-9.166569
34955	9.246453	-2.584996	1.793914	0.014019	0.030594	0.012642	-54.905502	-70.870141	-9.198008
34956	9.129940	-2.670932	1.874724	0.008874	0.017772	0.005678	-54.883453	-70.861184	-9.215929
34957	9.196541	-2.548303	1.865007	0.017200	0.000431	0.003125	-54.875360	-70.860359	-9.213758
34958	9.191636	-2.602117	1.838340	0.000188	-0.001078	0.013237	-54.890903	-70.854075	-9.197150
34959	9.232775	-2.641772	1.818698	0.006570	-0.011049	0.007273	-54.908336	-70.855088	-9.174406
34960	9.229357	-2.618419	1.793279	0.002876	-0.008327	0.007210	-54.926390	-70.854021	-9.153510
34961	9.255806	-2.635470	1.821056	0.004554	-0.009161	0.001568	-54.937020	-70.857083	-9.139189
34962	9.267215	-2.633898	1.748644	0.003134	0.004852	0.006262	-54.936218	-70.852131	-9.138095
34963	9.221451	-2.620335	1.841794	0.002011	0.017828	-0.004299	-54.906295	-70.849058	-9.168246
34964	9.187280	-2.604557	1.862497	0.001939	0.002487	-0.001589	-54.901931	-70.848575	-9.171649
34965	9.240916	-2.588516	1.822624	0.005482	0.009598	-0.004639	-54.880810	-70.848369	-9.190375
34966	9.153121	-2.588531	1.883452	0.004104	0.000624	0.002230	-54.881326	-70.846719	-9.187297
34967	9.190976	-2.603664	1.839447	0.003919	-0.007071	0.005473	-54.893192	-70.847266	-9.172053
34968	9.255685	-2.611084	1.774879	0.009404	-0.007330	0.005837	-54.904802	-70.846552	-9.154013
34969	9.172048	-2.583282	1.910731	0.003918	0.003874	0.011949	-54.908036	-70.840457	-9.147906
34970	9.174803	-2.636065	1.835474	0.007800	-0.011955	0.007300	-54.928168	-70.840587	-9.121815
34971	9.213543	-2.598982	1.841888	0.002390	-0.006211	0.009230	-54.943303	-70.839085	-9.104036
34972	9.197671	-2.630358	1.837833	0.006606	-0.013234	0.010929	-54.969264	-70.837934	-9.072495
34973	9.256334	-2.538337	1.774259	0.010302	-0.014867	0.022476	-55.004076	-70.833056	-9.029085
34974	9.243290	-2.595304	1.795334	0.004264	0.003916	0.034786	-55.030722	-70.815074	-8.998235
34975	9.256727	-2.645055	1.796918	0.008852	0.002424	0.035005	-55.054777	-70.798623	-8.967088
34976	9.259448	-2.647491	1.774022	0.010912	0.018064	0.034353	-55.058039	-70.776206	-8.956961
34977	9.163330	-2.626867	1.835993	0.017070	0.023378	0.029459	-55.043889	-70.755480	-8.961283
34978	9.226065	-2.685266	1.871367	0.014222	0.008717	0.024430	-55.048482	-70.740800	-8.947735
34979	9.150570	-2.608024	1.862677	0.014336	0.010924	0.018891	-55.042717	-70.729126	-8.944834
34980	9.187361	-2.649186	1.868111	0.012636	-0.009037	0.023077	-55.070750	-70.720911	-8.907413
34981	9.217707	-2.642607	1.822953	0.005990	-0.013325	0.018507	-55.101950	-70.717368	-8.870417
34982	9.221744	-2.619216	1.749137	0.010992	-0.011475	0.020893	-55.132094	-70.710972	-8.831753
34983	9.256254	-2.584182	1.780208	0.011571	0.002844	0.027645	-55.146894	-70.697826	-8.808741
34984	9.214846	-2.701572	1.772020	0.005355	0.012855	0.031717	-55.157669	-70.678383	-8.794018
34985	9.238051	-2.643927	1.828075	0.022137	0.008811	0.021204	-55.152353	-70.666310	-8.785903
34986	9.221221	-2.676252	1.826885	0.011570	0.025832	0.025458	-55.136334	-70.645570	-8.795801
34987	9.186258	-2.662480	1.848633	0.016319	0.011220	0.020971	-55.130911	-70.632819	-8.791333
34988	9.209101	-2.632618	1.804958	0.015603	0.007830	0.022589	-55.133994	-70.619329	-8.778534
34989	9.238465	-2.650687	1.810734	0.010354	0.013609	0.022623	-55.130329	-70.605019	-8.775824
34990	9.203600	-2.636889	1.832026	0.013379	0.015158	0.022950	-55.125218	-70.588971	-8.773060
34991	9.152782	-2.653679	1.849997	0.013740	0.010838	0.026485	-55.126898	-70.573753	-8.762626
34992	9.190942	-2.618395	1.857825	0.016652	-0.002951	0.029542	-55.150138	-70.560544	-8.727809
34993	9.261863	-2.652147	1.794991	0.010144	0.007028	0.037394	-55.169022	-70.541442	-8.701311
34994	9.241407	-2.661926	1.768871	0.017392	0.024528	0.037234	-55.162306	-70.515629	-8.697810
34995	9.216212	-2.696731	1.816633	0.014632	0.026311	0.040978	-55.156255	-70.488529	-8.695028
34996	9.234474	-2.668920	1.799172	0.024555	0.036538	0.034796	-55.127286	-70.459940	-8.710783
34997	9.228883	-2.672386	1.827620	0.025392	0.043237	0.039146	-55.091044	-70.428155	-8.733498
34998	9.181960	-2.637145	1.875634	0.024849	0.050829	0.045370	-55.052941	-70.389916	-8.758778
34999	9.225437	-2.655779	1.788749	0.028448	0.041540	0.058345	-55.035042	-70.349664	-8.760170
35000	9.225944	-2.684652	1.819410	0.032871	0.068471	0.062483	-54.985125	-70.297599	-8.793129
35001	9.208816	-2.643357	1.825769	0.047391	0.076116	0.071758	-54.923638	-70.239678	-8.829296
35002	9.197398	-2.650365	1.882724	0.050619	0.086470	0.080405	-54.857020	-70.173273	-8.869224
35003	9.238492	-2.695876	1.849464	0.056359	0.089523	0.084930	-54.785665	-70.104730	-8.910452
35004	9.188106	-2.716964	1.852391	0.055665	0.112434	0.092286	-54.694258	-70.024156	-8.973710
35005	9.218648	-2.687620	1.895472	0.064498	0.109376	0.096659	-54.604335	-69.943508	-9.029776
35006	9.270870	-2.733599	1.793330	0.066909	0.126183	0.103861	-54.500709	-69.852904	-9.099256
35007	9.289462	-2.683016	1.862581	0.074844	0.149335	0.125357	-54.381547	-69.745497	-9.180228
35008	9.444928	-2.775605	1.831377	0.079701	0.159982	0.140052	-54.262504	-69.626679	-9.258433
35009	9.651287	-2.662087	1.590529	0.103435	0.161684	0.216934	-54.195891	-69.472461	-9.265968
35010	9.395064	-2.717882	1.893035	0.092701	0.279723	0.259306	-54.030593	-69.258011	-9.385819
35011	9.291965	-2.614906	1.930545	0.135854	0.242456	0.301120	-53.923544	-69.037554	-9.416767
35012	9.242984	-2.179255	2.400184	0.060361	0.254578	0.392164	-53.927634	-68.769956	-9.375298
35013	8.835547	-3.201159	2.145460	-0.016471	0.225231	0.488044	-54.089492	-68.468650	-9.211302
35014	9.055583	-2.556321	2.479506	0.065014	0.048073	0.458313	-54.383823	-68.239375	-8.854537
35015	9.399624	-2.753219	2.030521	-0.049802	0.094689	0.521770	-54.733086	-67.965137	-8.508557
35016	9.247201	-2.809071	2.211814	-0.086045	0.111572	0.594428	-55.134833	-67.649569	-8.127871
35017	9.279034	-3.061950	2.079415	-0.086450	0.109813	0.624834	-55.550092	-67.320089	-7.731656
35018	9.333447	-2.952003	2.128185	-0.101379	0.140190	0.662402	-55.958273	-66.961096	-7.351676
35019	9.163019	-3.224757	2.235983	-0.140580	0.201523	0.698511	-56.334235	-66.565190	-7.029869
35020	10.168245	-3.122482	2.500567	-0.114362	0.203539	0.787517	-56.746495	-66.124409	-6.651282
35021	9.463504	-3.125597	2.197010	-0.242802	0.435179	0.942089	-57.076269	-65.536831	-6.441990
35022	9.487005	-3.680150	2.287251	-0.219492	0.351314	0.975522	-57.490720	-64.957777	-6.124039
35023	10.072293	-3.469678	2.637501	-0.245656	0.272565	1.068040	-58.041281	-64.357635	-5.670280
35024	10.565041	-3.548997	2.340800	-0.278036	0.219836	1.191118	-58.715797	-63.710476	-5.097167
35025	9.781896	-3.619874	2.283789	-0.341612	0.395405	1.303226	-59.290122	-62.954526	-4.673195
35026	8.985410	-4.048506	2.324752	-0.319953	0.388743	1.341414	-59.853960	-62.179098	-4.244415
35027	9.154458	-3.946712	2.272864	-0.276088	0.349883	1.367284	-60.414938	-61.400698	-3.787018
35028	8.994929	-3.966609	2.425194	-0.288255	0.397231	1.418550	-60.940629	-60.580709	-3.374720
35029	9.027686	-3.915584	2.572305	-0.280167	0.379598	1.454340	-61.468320	-59.746494	-2.951130
35030	8.934163	-4.114628	2.289995	-0.313254	0.419637	1.525543	-61.988986	-58.862951	-2.554299
35031	8.671901	-4.348896	2.396005	-0.289726	0.425822	1.592955	-62.494735	-57.942442	-2.155096
35032	8.913668	-4.573603	2.247468	-0.261021	0.436530	1.669434	-62.982946	-56.977794	-1.753323
35033	8.418823	-4.703966	2.278637	-0.249976	0.498814	1.751841	-63.423744	-55.953793	-1.396004
35034	8.252714	-4.883746	2.391881	-0.218429	0.487598	1.789892	-63.846998	-54.911097	-1.033952
35035	8.434887	-4.980850	2.592519	-0.214523	0.457217	1.797253	-64.269719	-53.871291	-0.664853
35036	8.419636	-5.091284	2.567512	-0.231827	0.473709	1.856369	-64.689446	-52.794772	-0.307142
35037	8.162765	-5.520857	2.559780	-0.232442	0.506807	1.913319	-65.083574	-51.679696	0.023286
35038	8.229316	-5.812016	2.438523	-0.168904	0.485789	1.949709	-65.446799	-50.548918	0.365623
35039	8.542734	-5.929844	2.716529	-0.161687	0.501620	1.996718	-65.789786	-49.389053	0.692933
35040	9.038674	-5.861193	2.925941	-0.115966	0.564244	2.045256	-66.065290	-48.187591	0.970853
35041	8.391358	-5.879264	2.746734	-0.212366	0.674752	2.131455	-66.338752	-46.914983	1.176930
35042	7.611303	-6.651784	2.511864	-0.314242	0.580736	2.205326	-66.726009	-45.623871	1.463705
35043	7.316921	-6.807131	2.639215	-0.268835	0.336676	2.202592	-67.196258	-44.387824	1.911231
35044	7.841180	-6.106403	3.173473	-0.329535	0.286058	2.202466	-67.703981	-43.159967	2.372182
35045	6.988303	-6.453731	3.170077	-0.380431	0.276933	2.215961	-68.223920	-41.924315	2.819180
35046	7.038732	-6.561043	3.140796	-0.440816	0.168254	2.180624	-68.800234	-40.726936	3.309482
35047	6.617555	-6.713596	3.162620	-0.501358	0.094085	2.141573	-69.413881	-39.562138	3.816138
35048	6.525857	-6.906374	3.096126	-0.568575	0.001393	2.081814	-70.073596	-38.443376	4.346858
35049	6.553725	-7.051135	3.027138	-0.599751	-0.078096	1.991660	-70.747860	-37.384067	4.885358
35050	5.918130	-7.592652	2.636369	-0.684589	-0.165076	1.922101	-71.474742	-36.373284	5.443171
35051	4.834199	-7.457561	2.353437	-0.683408	-0.382814	1.879367	-72.259546	-35.418995	6.114310
35052	4.393789	-7.449957	1.751623	-0.659740	-0.624458	1.851592	-73.097335	-34.513269	6.916796
35053	3.950053	-7.907304	1.440653	-0.714721	-0.869496	1.880192	-74.035889	-33.621699	7.861687
35054	2.964019	-8.535581	1.060618	-0.681220	-1.215836	1.940357	-75.059040	-32.736139	9.018139
35055	3.100984	-8.304375	0.776815	-0.520916	-1.702819	1.874100	-76.124789	-31.939623	10.452979
35056	3.219318	-7.957970	0.476430	-0.448417	-1.969690	1.873123	-77.208156	-31.155728	12.032370
35057	2.198611	-7.732629	0.460114	-0.347647	-2.180902	2.010186	-78.278360	-30.296197	13.737526
35058	2.256260	-9.079509	0.941400	-0.369508	-2.388594	2.186186	-79.398854	-29.332098	15.564924
35059	4.941139	-13.386743	1.757464	-0.417608	-2.438995	2.115705	-80.512844	-28.382861	17.377692
35060	8.973731	-10.736096	1.501089	0.234563	-2.449890	1.231788	-81.180287	-27.909033	19.077141
35061	9.849096	-7.520466	2.603116	-0.112549	-1.742641	0.583413	-81.791769	-27.727012	20.249863
35062	8.274872	-9.180319	2.825166	-0.126971	-1.099676	-0.170763	-82.186786	-27.911802	20.940320
35063	8.214327	-10.298266	3.001064	0.029194	-0.611462	-0.792369	-82.322988	-28.409617	21.264968
35064	6.722681	-11.860618	2.931303	0.180283	-0.041504	-1.005822	-82.190130	-28.984232	21.203671
35065	4.537599	-12.455422	2.581374	0.489164	0.276442	-0.977921	-81.778111	-29.517727	20.934645
35066	2.636058	-12.231325	2.089817	0.744511	0.423400	-0.679840	-81.181743	-29.867269	20.592345
35067	1.310926	-11.977398	1.518602	0.926427	0.450650	-0.214368	-80.492912	-29.948163	20.275987
35068	1.046401	-11.432077	0.992866	1.040420	0.352759	0.310211	-79.799927	-29.738262	20.081771
35069	1.351246	-10.806968	0.517127	1.040834	0.234185	0.822787	-79.177427	-29.251034	20.029260
35070	2.049699	-10.341837	0.203964	0.968737	0.056843	1.208369	-78.678213	-28.564661	20.144962
35071	2.926675	-9.927870	-0.034135	0.854576	-0.116621	1.421571	-78.310472	-27.780620	20.403767
35072	3.519717	-9.460100	0.008579	0.703217	-0.275670	1.483344	-78.077944	-26.980087	20.774071
35073	4.200374	-9.525030	0.208080	0.522670	-0.409297	1.435822	-77.978638	-26.224720	21.221712
35074	4.732095	-9.669376	0.597176	0.364709	-0.486375	1.320782	-77.978835	-25.541588	21.700259
35075	4.863717	-9.944056	0.921049	0.222034	-0.504097	1.189115	-78.051298	-24.935863	22.169234
35076	4.811353	-10.424592	1.464150	0.108695	-0.506007	1.082733	-78.178484	-24.387510	22.622427
35077	4.962001	-11.147164	1.970658	0.044940	-0.471393	0.995801	-78.323082	-23.884671	23.039721
35078	5.101214	-11.746377	2.483743	0.044992	-0.393942	0.941184	-78.442195	-23.400908	23.400030
35079	5.247033	-11.948919	2.904891	0.102035	-0.273445	0.913078	-78.493943	-22.920396	23.680974
35080	5.124922	-11.843444	3.113206	0.178494	-0.110243	0.928446	-78.462391	-22.410764	23.863583
35081	4.764079	-11.496309	3.194939	0.260058	0.018779	0.989343	-78.355220	-21.854074	23.975382
35082	4.663256	-11.341019	3.206860	0.345346	0.089124	1.076506	-78.187502	-21.238778	24.056771
35083	4.748232	-10.964042	3.209803	0.450505	0.127745	1.141019	-77.953440	-20.584778	24.124991
35084	4.860554	-10.400703	3.169414	0.532386	0.124370	1.199840	-77.676492	-19.896800	24.205703
35085	5.411642	-10.063384	3.262074	0.617965	0.105204	1.197839	-77.353997	-19.214454	24.300902
35086	6.178848	-9.528100	3.287562	0.707399	0.099454	1.102462	-76.977840	-18.585086	24.390736
35087	6.967641	-8.790135	3.205160	0.766875	0.134264	0.914105	-76.553130	-18.058410	24.438353
35088	7.421360	-8.194357	3.127433	0.800031	0.196135	0.656450	-76.088223	-17.665908	24.417300
35089	7.539071	-7.526725	2.893537	0.810668	0.253182	0.352885	-75.594665	-17.435151	24.321828
35090	7.513336	-6.858277	2.647538	0.812316	0.295796	0.030969	-75.079134	-17.375109	24.154894
35091	7.544495	-6.191785	2.449971	0.804892	0.344033	-0.264565	-74.545564	-17.470533	23.914059
35092	7.662679	-5.697391	2.239832	0.790933	0.396666	-0.527447	-73.996883	-17.700392	23.598795
35093	7.598166	-5.268962	1.904362	0.764162	0.419277	-0.794631	-73.443199	-18.070861	23.222527
35094	7.057418	-4.714309	1.599153	0.734648	0.413911	-1.032575	-72.890114	-18.569629	22.803084
35095	6.304814	-4.060701	1.439320	0.687032	0.403577	-1.192451	-72.351114	-19.153376	22.354366
35096	5.977793	-3.658509	1.307215	0.631500	0.407386	-1.200588	-71.835895	-19.737869	21.894652
35097	5.658925	-3.611300	1.226742	0.562283	0.450164	-1.138167	-71.349393	-20.275965	21.415183
35098	5.647492	-3.319775	1.110910	0.535479	0.448538	-1.102347	-70.874582	-20.792499	20.937300
35099	5.705051	-2.939290	0.950148	0.497170	0.434167	-1.123222	-70.417009	-21.318035	20.457379
35100	5.837125	-2.517748	0.807326	0.444034	0.367263	-1.217817	-69.990170	-21.905866	19.990312
35101	6.030265	-1.982345	0.662984	0.393075	0.302989	-1.374756	-69.586751	-22.585853	19.520384
35102	5.993497	-1.699384	0.703824	0.295530	0.255271	-1.505727	-69.230426	-23.345077	19.042200
35103	5.953573	-1.605473	0.636265	0.232606	0.170977	-1.635899	-68.909161	-24.186327	18.576457
35104	5.881078	-1.346112	0.693147	0.162466	0.069651	-1.763119	-68.630670	-25.117072	18.133062
35105	5.743610	-1.310362	0.715775	0.103941	-0.053215	-1.881510	-68.395062	-26.132135	17.726667
35106	5.826526	-1.297859	0.822148	0.066216	-0.151313	-1.991925	-68.184921	-27.228578	17.344309
35107	5.954944	-1.337523	0.869224	0.033318	-0.198460	-2.068181	-67.988023	-28.371171	16.963702
35108	6.146230	-1.334306	0.965419	0.006294	-0.204128	-2.120595	-67.790687	-29.545353	16.564788
35109	6.388541	-1.332036	0.969643	-0.031488	-0.183797	-2.171527	-67.590796	-30.737187	16.131375
35110	6.639593	-1.361252	0.883771	-0.074290	-0.164485	-2.240254	-67.386253	-31.964015	15.657706
35111	6.875123	-1.333130	0.834937	-0.131099	-0.143711	-2.320454	-67.181404	-33.223001	15.138544
35112	7.156179	-1.372233	0.711139	-0.171312	-0.128476	-2.409382	-66.963120	-34.528567	14.572191
35113	7.463054	-1.441368	0.651516	-0.212875	-0.138207	-2.506091	-66.737919	-35.880771	13.970523
35114	7.695714	-1.545213	0.534694	-0.235565	-0.178796	-2.627098	-66.498085	-37.309026	13.343219
35115	8.015696	-1.666177	0.484380	-0.247699	-0.258101	-2.760821	-66.249397	-38.818343	12.710179
35116	8.242266	-1.749798	0.452579	-0.250804	-0.352078	-2.893056	-65.989021	-40.422213	12.077926
35117	8.588846	-2.014528	0.419915	-0.245642	-0.461445	-3.024170	-65.719218	-42.112294	11.455978
35118	8.772814	-2.262805	0.517791	-0.252313	-0.536702	-3.115618	-65.435304	-43.871842	10.828971
35119	9.105818	-2.546112	0.588008	-0.246416	-0.602068	-3.170947	-65.133497	-45.667275	10.200423
35120	9.480299	-2.880906	0.662910	-0.257528	-0.639316	-3.210405	-64.807742	-47.496418	9.550101
35121	9.924553	-3.125645	0.699785	-0.270566	-0.646528	-3.228688	-64.446390	-49.327427	8.860161
35122	10.223067	-3.435120	0.686893	-0.316104	-0.596856	-3.199664	-64.038430	-51.135049	8.095006
35123	10.300434	-3.788648	0.533540	-0.370956	-0.523149	-3.109673	-63.588535	-52.866994	7.254819
35124	10.372809	-4.095294	0.417629	-0.436868	-0.461420	-2.998776	-63.109177	-54.529433	6.350589
35125	10.893856	-4.386931	0.272431	-0.523756	-0.474312	-2.907151	-62.660957	-56.136737	5.441181
35126	11.848945	-4.585455	0.149057	-0.621568	-0.592330	-2.927861	-62.285222	-57.789685	4.569210
35127	12.917875	-4.719972	0.182785	-0.745097	-0.701791	-3.035189	-61.960397	-59.515753	3.689393
35128	13.568588	-5.124446	0.385241	-0.917307	-0.702331	-3.135215	-61.612241	-61.297645	2.685504
35129	13.502945	-5.699265	0.673369	-1.066670	-0.647134	-3.190344	-61.181111	-63.080865	1.507522
35130	13.224842	-6.373885	1.005768	-1.178193	-0.592149	-3.219757	-60.622686	-64.866721	0.135702
35131	12.911200	-6.816162	1.444799	-1.214851	-0.577642	-3.218074	-59.926775	-66.632951	-1.390535
35132	12.588430	-7.084232	1.906916	-1.208627	-0.614133	-3.188357	-59.108793	-68.394576	-3.024469
35133	12.423471	-7.442559	2.303761	-1.145139	-0.669774	-3.132575	-58.162564	-70.127839	-4.737372
35134	12.203477	-7.709651	2.707000	-1.015568	-0.698393	-3.036964	-57.013524	-71.819789	-6.567501
35135	12.045215	-7.774706	3.029377	-0.834198	-0.686555	-2.902575	-55.588149	-73.422655	-8.561398
35136	11.896654	-7.797399	3.152047	-0.636890	-0.628119	-2.742106	-53.776885	-74.920650	-10.822524
35137	11.585742	-7.728771	3.164037	-0.416144	-0.539630	-2.587956	-51.464231	-76.287756	-13.455808
35138	11.209059	-7.769971	3.073087	-0.218351	-0.446908	-2.437234	-48.562207	-77.529617	-16.562883
35139	10.869054	-7.826548	3.039676	-0.031671	-0.379856	-2.293771	-45.068282	-78.638130	-20.151790
35140	10.131914	-7.665919	2.855427	0.136234	-0.343556	-2.167854	-40.939206	-79.635869	-24.275903
35141	9.210710	-7.417612	2.655527	0.268832	-0.368047	-2.046230	-36.294086	-80.533761	-28.834580
35142	8.410075	-7.177284	2.530799	0.371991	-0.447901	-1.897226	-31.284069	-81.357221	-33.691216
35143	8.092970	-6.930459	2.458477	0.447397	-0.533043	-1.739164	-26.013145	-82.104361	-38.758009
35144	8.046009	-6.573742	2.418917	0.483131	-0.538843	-1.575002	-20.382944	-82.748105	-44.157831
35145	7.837274	-6.204092	2.471279	0.484846	-0.454010	-1.406418	-14.476230	-83.238807	-49.828684
35146	8.096861	-6.328807	2.543011	0.444593	-0.346923	-1.240566	-8.501447	-83.578301	-55.586232
35147	8.513001	-6.761333	2.572511	0.415838	-0.210392	-1.101843	-2.697331	-83.760509	-61.185884
35148	8.502751	-7.005679	2.445732	0.392970	-0.099471	-1.024893	2.958929	-83.817974	-66.648574
35149	7.743374	-7.048522	2.286054	0.362751	-0.044340	-0.985747	8.374781	-83.787736	-71.886863
35150	6.883454	-7.386376	1.965239	0.307630	-0.056709	-0.918828	13.359406	-83.721412	-76.723523
35151	5.921297	-7.908181	1.679349	0.258217	-0.131098	-0.793937	17.665730	-83.672248	-80.906877
35152	4.966151	-8.270072	1.518248	0.231871	-0.255284	-0.615554	21.262948	-83.693448	-84.392092
35153	4.616292	-8.787188	1.533245	0.193403	-0.377979	-0.372558	23.941872	-83.811426	-86.975249
35154	11.473432	-11.707575	4.313311	-0.066834	0.154114	1.099852	18.128053	-83.956363	-81.166523
35155	1.719539	-6.328600	4.509515	-0.017595	1.330913	1.354308	9.664340	-83.401134	-72.661179
35156	4.417015	-9.745523	2.414662	-0.542849	1.217205	1.710614	0.757597	-82.794865	-64.002999
35157	5.266672	2.835375	0.446420	0.474257	0.600502	1.021201	-3.418313	-82.437410	-59.517933
35158	12.951643	5.459872	1.229806	-0.895408	0.207248	1.670740	-10.873812	-82.200842	-52.512776
35159	11.232702	-2.630886	0.049685	-1.491036	0.874050	1.829749	-17.930248	-81.454450	-46.247007
35160	9.577140	-2.935817	3.391323	-0.864305	0.581662	1.570953	-23.090601	-80.827201	-41.525684
35161	9.461005	-1.472780	3.332593	-0.795002	0.617038	1.618073	-27.631546	-80.110805	-37.382906
35162	10.091051	-2.618472	3.960981	-0.733587	0.476553	1.608045	-31.740831	-79.417359	-33.634407
35163	12.089518	-2.416388	5.844628	-0.518640	0.432915	1.544636	-35.152194	-78.723035	-30.462468
35164	11.256933	-3.358643	3.786366	-0.473341	0.376878	1.668852	-38.511669	-77.976685	-27.309316
35165	9.565814	-2.747276	3.793181	-0.261098	0.190418	1.506515	-41.364514	-77.339456	-24.541892
35166	8.835442	-0.835816	2.187059	-0.146895	-0.063600	1.426588	-44.174672	-76.810618	-21.745042
35167	9.047981	-1.607115	0.999297	-0.383847	-0.192801	1.512088	-47.251454	-76.268143	-18.807269
35168	10.322073	-2.113407	1.490638	-0.378902	-0.216010	1.444910	-50.037614	-75.727906	-16.159520
35169	9.855732	-2.545597	1.582206	-0.376345	-0.164280	1.358567	-52.414040	-75.180666	-13.926919
35170	9.682834	-2.746450	1.925497	-0.355620	-0.223935	1.329823	-54.682376	-74.643420	-11.788596
35171	9.801137	-2.861150	2.215775	-0.240843	-0.168227	1.364232	-56.676882	-74.052907	-9.860331
35172	13.970356	-5.162875	4.549974	-0.253239	-0.430995	1.279473	-58.889643	-73.563609	-7.707206
35173	14.324174	-6.188470	0.246134	0.063659	-0.778060	0.605210	-60.745487	-73.488765	-5.733596
35174	9.508440	-2.039229	0.843589	0.034143	-0.188262	0.351885	-61.373082	-73.363636	-5.058291
35175	12.341463	-3.409367	-0.746983	-0.054154	-0.232066	0.232954	-62.006324	-73.309975	-4.429379
35176	8.413962	-2.307079	2.585646	-0.077593	0.412732	0.268349	-61.604024	-73.061939	-4.896054
35177	9.657904	-3.010761	0.790530	0.093730	-0.268930	0.242482	-62.210113	-73.012724	-4.205950
35178	9.561911	-2.188818	1.527377	-0.029429	0.145174	0.205477	-62.168605	-72.868951	-4.266956
35179	8.838979	-2.952880	1.515027	-0.027437	-0.047016	0.199899	-62.433410	-72.780855	-4.005943
35180	9.555640	-2.599263	1.251294	0.012428	-0.080685	0.137990	-62.678132	-72.731149	-3.742188
35181	9.284758	-2.700673	1.331283	-0.033711	-0.025107	0.125860	-62.844192	-72.674409	-3.588189
35182	9.236877	-2.601076	1.402312	-0.005605	-0.088237	0.112319	-63.087513	-72.639221	-3.336582
35183	9.254692	-2.550664	1.302721	-0.009661	-0.075698	0.111359	-63.308365	-72.602619	-3.110663
35184	9.348786	-2.635230	1.323927	-0.030635	-0.108827	0.125271	-63.608170	-72.565427	-2.814782
35185	9.388902	-2.807148	1.184220	-0.021709	-0.077152	0.097734	-63.825314	-72.535584	-2.599898
35186	9.387081	-2.663844	1.212009	-0.000878	-0.087931	0.088064	-64.042145	-72.511551	-2.373032
35187	9.500741	-2.685188	1.144147	0.004829	-0.041290	0.093824	-64.181006	-72.474308	-2.224222
35188	9.494198	-2.773616	1.159585	-0.000239	-0.021741	0.110449	-64.305724	-72.421891	-2.093492
35189	9.756595	-2.834449	0.646763	0.076820	0.061375	0.094498	-64.235708	-72.358641	-2.120469
35190	9.201185	-2.508752	1.509494	0.029377	0.205989	0.104480	-63.970321	-72.252432	-2.381322
35191	8.940749	-2.850801	1.496056	0.036870	0.113170	0.101382	-63.847047	-72.172537	-2.488295
35192	9.668234	-2.414190	1.003988	0.121377	-0.007541	0.138433	-63.900107	-72.102411	-2.359429
35193	9.327979	-2.869197	1.241050	0.009452	0.221735	0.143420	-63.654867	-71.973349	-2.611238
35194	9.103308	-2.749029	1.437755	0.093387	0.100292	0.119675	-63.539277	-71.885597	-2.676502
35195	9.229970	-2.516308	1.458525	0.058325	0.133829	0.146041	-63.410388	-71.777277	-2.776678
35196	9.082056	-2.751758	1.486911	0.047424	0.086907	0.166894	-63.380201	-71.668707	-2.779809
35197	9.136243	-2.723454	1.529347	0.042130	0.053663	0.154657	-63.392518	-71.576501	-2.741089
35198	9.243696	-2.802488	1.419769	0.037404	0.014536	0.162953	-63.475852	-71.488493	-2.630586
35199	9.386339	-2.868878	1.215489	0.059091	0.017776	0.158377	-63.535165	-71.403527	-2.532003
35200	9.308730	-2.780371	1.342282	0.061729	0.069596	0.155026	-63.513399	-71.305473	-2.517600
35201	9.243128	-2.761141	1.345081	0.069942	0.066043	0.170491	-63.501650	-71.201957	-2.487384
35202	9.382147	-2.782743	1.248807	0.068582	0.090590	0.187844	-63.469041	-71.081725	-2.480274
35203	9.297269	-2.925566	1.341801	0.056537	0.132752	0.181305	-63.373727	-70.955582	-2.546507
35204	9.224242	-2.909979	1.398748	0.070729	0.132931	0.164835	-63.261158	-70.836259	-2.622714
35205	9.218252	-2.949828	1.460572	0.052408	0.133013	0.145082	-63.143198	-70.728492	-2.715530
35206	9.285390	-3.213612	1.294197	0.047971	0.100161	0.069483	-63.023045	-70.666284	-2.813685
35207	8.969274	-2.707462	1.763668	0.035938	0.120074	0.030307	-62.850248	-70.620310	-2.974703
35208	9.138001	-2.958328	1.435284	0.028677	0.062315	0.029265	-62.767333	-70.588348	-3.045157
35209	9.067375	-2.806065	1.613895	0.022701	0.051728	0.026255	-62.698850	-70.562189	-3.103675
35210	9.171721	-2.852846	1.505727	0.018860	0.014801	0.044265	-62.701570	-70.535034	-3.089296
35211	9.246347	-2.909938	1.440597	0.014588	0.014220	0.044038	-62.705144	-70.509666	-3.076333
35212	9.175276	-2.958942	1.479787	0.009381	0.019233	0.030768	-62.696860	-70.488230	-3.079384
35213	9.191005	-2.930976	1.485756	0.019730	0.014365	0.017401	-62.677517	-70.476385	-3.087606
35214	9.240113	-2.918050	1.470290	0.018074	0.009742	0.018882	-62.669088	-70.463500	-3.085528
35215	9.298841	-2.975946	1.353756	0.015753	0.026083	0.004716	-62.625846	-70.455024	-3.121528
35216	9.235662	-2.920371	1.500038	0.014188	0.039028	0.001841	-62.565105	-70.443096	-3.177329
35217	9.284684	-2.955070	1.409857	0.007251	0.037110	-0.004386	-62.504270	-70.436309	-3.237174
35218	9.164978	-2.938525	1.496982	0.004237	0.040159	-0.013879	-62.436025	-70.432038	-3.306998
35219	9.227940	-2.943541	1.434273	0.004228	0.024895	-0.015098	-62.386439	-70.433889	-3.356746
35220	9.281141	-2.877197	1.473595	0.002713	0.050856	-0.013078	-62.304443	-70.426323	-3.442094
35221	9.127990	-2.920332	1.552878	0.002577	0.035537	-0.012388	-62.242664	-70.423923	-3.505789
35222	9.244213	-2.834383	1.478238	0.008416	0.030805	-0.008650	-62.189378	-70.419412	-3.557202
35223	9.170561	-2.956385	1.513735	-0.002827	0.039016	-0.004667	-62.131592	-70.412128	-3.619949
35224	9.286510	-2.871407	1.439344	0.015124	0.030370	0.005085	-62.085486	-70.400756	-3.659667
35225	9.238995	-2.885007	1.437159	0.014732	0.068371	0.013912	-61.990089	-70.376138	-3.751671
35226	9.157591	-2.935823	1.553399	0.024796	0.066469	0.014256	-61.894406	-70.350380	-3.838159
35227	9.183060	-2.827117	1.520698	0.027406	0.062427	0.015993	-61.802193	-70.326215	-3.919100
35228	9.147936	-2.839613	1.595936	0.026070	0.061889	0.035117	-61.728493	-70.291088	-3.981495
35229	9.199104	-2.902858	1.532037	0.033191	0.051739	0.046190	-61.671324	-70.254522	-4.021718
35230	9.163262	-2.917467	1.606768	0.031738	0.057947	0.054335	-61.614891	-70.210743	-4.062342
35231	9.088107	-2.916068	1.577185	0.036564	0.033590	0.048770	-61.583484	-70.177799	-4.073151
35232	9.252619	-2.923155	1.506130	0.035343	0.034517	0.048803	-61.553810	-70.143185	-4.083148
35233	9.103669	-2.919068	1.614478	0.036791	0.059693	0.056717	-61.492079	-70.099103	-4.126068
35234	9.138188	-2.937508	1.574923	0.040316	0.033108	0.043217	-61.457482	-70.067689	-4.138277
35235	9.106248	-2.949692	1.623437	0.027777	0.031491	0.038612	-61.426679	-70.040423	-4.153807
35236	9.124967	-2.921218	1.606995	0.038549	0.027582	0.033089	-61.393219	-70.015618	-4.165886
35237	9.103565	-2.879287	1.659294	0.035521	0.023842	0.036489	-61.367072	-69.991513	-4.171746
35238	9.142435	-2.895709	1.592577	0.041190	0.001543	0.044610	-61.376762	-69.968066	-4.136290
35239	9.187443	-2.886842	1.601893	0.037619	0.015118	0.053236	-61.374054	-69.937933	-4.115920
35240	9.102061	-2.964792	1.612581	0.038197	0.003202	0.052320	-61.388833	-69.910163	-4.076857
35241	9.147093	-2.956199	1.621174	0.045797	-0.004508	0.052116	-61.407486	-69.885974	-4.028744
35242	9.172504	-3.002322	1.525304	0.039689	0.002374	0.048512	-61.419536	-69.860344	-3.991661
35243	9.127903	-2.917549	1.648563	0.044351	0.005323	0.039380	-61.415884	-69.839862	-3.968176
35244	9.179696	-2.981586	1.580332	0.042091	-0.007115	0.047911	-61.438996	-69.817139	-3.917830
35245	9.175482	-2.960336	1.557463	0.043452	0.001875	0.042936	-61.443150	-69.795809	-3.886569
35246	9.197403	-2.957518	1.562678	0.039526	0.004572	0.046808	-61.450800	-69.770444	-3.854253
35247	9.279125	-2.963733	1.527377	0.040041	0.015517	0.049647	-61.443191	-69.741999	-3.837603
35248	9.143848	-2.979056	1.584732	0.032484	0.030878	0.050472	-61.421686	-69.707601	-3.840660
35249	9.144798	-3.007604	1.612342	0.031059	0.028592	0.044446	-61.397590	-69.678191	-3.847070
35250	9.136797	-2.987279	1.615822	0.035709	0.021652	0.038379	-61.377881	-69.652412	-3.846242
35251	9.118501	-3.019899	1.614269	0.020081	0.010934	0.032826	-61.375476	-69.633692	-3.836227
35252	9.111182	-2.998678	1.615584	0.021969	0.000357	0.026314	-61.383563	-69.619832	-3.814145
35253	9.106967	-3.001545	1.640293	0.011556	0.001279	0.018100	-61.388214	-69.611167	-3.801811
35254	9.163811	-2.986779	1.575589	0.021830	-0.005997	0.010380	-61.393180	-69.607068	-3.783140
35255	9.223410	-2.996585	1.535355	0.013719	0.011427	0.015162	-61.380690	-69.597097	-3.787770
35256	9.185971	-2.982633	1.582063	0.017738	0.021765	0.016201	-61.354769	-69.582464	-3.804556
35257	9.205437	-2.953525	1.564690	0.014511	0.031006	0.028330	-61.325142	-69.560490	-3.826992
35258	9.183325	-2.987289	1.588629	0.011423	0.040292	0.038546	-61.294428	-69.529540	-3.852762
35259	9.158260	-2.996691	1.588985	0.022825	0.037441	0.037044	-61.257932	-69.501407	-3.877452
35260	9.139460	-2.979578	1.665667	0.018900	0.040154	0.040910	-61.225035	-69.469308	-3.900990
35261	9.141046	-2.982262	1.645779	0.021681	0.039330	0.048740	-61.195440	-69.434772	-3.919022
35262	9.155090	-3.032547	1.625462	0.023334	0.034070	0.050366	-61.175233	-69.399607	-3.926300
35263	9.169944	-3.007171	1.633590	0.018387	0.045401	0.052927	-61.142649	-69.361285	-3.949550
35264	9.130961	-3.046355	1.606170	0.021045	0.035980	0.048490	-61.119944	-69.326540	-3.960904
35265	9.179198	-2.986860	1.669746	0.012354	0.037064	0.046155	-61.097096	-69.293916	-3.977452
35266	9.123254	-3.055562	1.637913	0.010997	0.037958	0.048094	-61.077337	-69.258829	-3.991817
35267	9.097947	-3.015627	1.713575	0.008458	0.024551	0.046896	-61.073925	-69.229298	-3.989976
35268	9.140329	-3.033339	1.622344	0.003001	0.005251	0.050856	-61.104010	-69.201892	-3.955932
35269	9.151118	-3.084775	1.623253	0.002282	0.016174	0.042022	-61.111593	-69.177125	-3.946111
35270	9.129997	-3.043208	1.673006	0.003146	0.011969	0.037878	-61.123187	-69.154374	-3.931754
35271	9.202265	-3.077681	1.585058	-0.000060	0.010448	0.039509	-61.137780	-69.132450	-3.915865
35272	9.224137	-3.125020	1.514726	0.004062	0.035090	0.030111	-61.112767	-69.107208	-3.940123
35273	9.218924	-3.078149	1.619714	0.006832	0.060627	0.022646	-61.045314	-69.079842	-4.007830
35274	9.150880	-3.096830	1.591041	0.010038	0.084061	0.013119	-60.940640	-69.049502	-4.113730
35275	9.085027	-3.038863	1.740855	0.012602	0.101920	0.006997	-60.805011	-69.018366	-4.250933
35276	9.063540	-3.044458	1.721771	0.010037	0.086291	0.009491	-60.695435	-68.989063	-4.362130
35277	9.038193	-3.001189	1.801895	0.006177	0.079198	0.014516	-60.599219	-68.960360	-4.461109
35278	9.087131	-3.039990	1.715391	0.003521	0.051479	0.023740	-60.549440	-68.933629	-4.512271
35279	9.101627	-3.087967	1.696419	-0.001434	0.061859	0.014613	-60.480518	-68.909686	-4.586706
35280	9.134525	-3.029796	1.710160	0.000428	0.066500	0.011252	-60.404243	-68.884899	-4.668187
35281	9.192260	-3.116234	1.648316	-0.000854	0.077264	0.010135	-60.312203	-68.858747	-4.767075
35282	9.123982	-3.083712	1.696863	0.006353	0.101160	0.004833	-60.183705	-68.827211	-4.900946
35283	9.061555	-3.074562	1.746743	0.014451	0.104350	0.007586	-60.046887	-68.794442	-5.038495
35284	9.049498	-3.052187	1.780932	0.017527	0.108056	0.004261	-59.903564	-68.760990	-5.181464
35285	9.017401	-2.984573	1.862678	0.014794	0.092387	0.008634	-59.783393	-68.730910	-5.301000
35286	9.029464	-3.007225	1.822248	0.005761	0.071497	0.017953	-59.704145	-68.701034	-5.382497
35287	9.050818	-3.003403	1.832322	-0.000464	0.059649	0.032067	-59.652158	-68.668709	-5.438276
35288	8.998228	-3.019515	1.853133	-0.003904	0.050452	0.034961	-59.618032	-68.636473	-5.477302
35289	9.023610	-3.016074	1.836564	-0.015057	0.031518	0.040396	-59.616348	-68.608162	-5.488066
35290	9.025726	-3.019594	1.814239	-0.019930	0.018772	0.052575	-59.644450	-68.576401	-5.470127
35291	9.090591	-3.057978	1.775234	-0.016941	0.012606	0.052266	-59.676387	-68.547696	-5.445934
35292	9.136339	-2.976040	1.811718	-0.035164	0.007963	0.068127	-59.738064	-68.511367	-5.401285
35293	9.196596	-3.018155	1.795539	-0.044492	0.009889	0.085151	-59.813034	-68.467148	-5.347793
35294	9.202839	-3.176403	1.667422	-0.042992	0.028433	0.104323	-59.879451	-68.406974	-5.302839
35295	9.088311	-3.063623	1.829399	-0.029822	0.035524	0.105852	-59.928426	-68.345085	-5.268225
35296	9.045627	-3.134235	1.847130	-0.040704	0.031942	0.110702	-59.993194	-68.280720	-5.223598
35297	9.094421	-3.106808	1.784131	-0.039112	0.014616	0.117147	-60.081041	-68.219177	-5.152834
35298	9.075402	-3.222227	1.728856	-0.038477	0.039857	0.111652	-60.134693	-68.152046	-5.118764
35299	8.981201	-3.205108	1.766933	-0.027409	0.036829	0.114130	-60.185442	-68.085613	-5.080688
35300	9.105367	-3.133782	1.794183	-0.010689	0.023579	0.116099	-60.245892	-68.020884	-5.022095
35301	9.116765	-3.191345	1.772411	-0.012992	0.036298	0.124893	-60.296042	-67.949220	-4.975720
35302	9.092507	-3.208095	1.747902	-0.017318	0.056406	0.134216	-60.332024	-67.866132	-4.947573
35303	8.957886	-3.201561	1.879844	-0.012628	0.051633	0.124455	-60.362353	-67.790316	-4.922324
35304	9.058672	-3.187578	1.828483	-0.010067	0.043140	0.131753	-60.408164	-67.712205	-4.879038
35305	9.115716	-3.235111	1.817280	-0.013873	0.063380	0.135305	-60.432008	-67.627648	-4.861542
35306	8.905626	-3.171568	1.864872	-0.019646	0.059336	0.144401	-60.471838	-67.538648	-4.830611
35307	8.990363	-3.063492	1.913519	-0.023052	0.026134	0.153037	-60.557379	-67.455740	-4.752004
35308	9.227945	-3.247478	1.775736	-0.045789	0.019877	0.184243	-60.685519	-67.357917	-4.641599
35309	9.202952	-3.295850	1.773359	-0.046975	0.055418	0.212911	-60.788382	-67.236764	-4.558958
35310	9.115763	-3.335507	1.813152	-0.042734	0.077483	0.234970	-60.877919	-67.097340	-4.488350
35311	9.109206	-3.332016	1.771679	-0.043126	0.097045	0.238925	-60.944630	-66.951471	-4.442415
35312	9.072763	-3.435800	1.746819	-0.047689	0.113944	0.244345	-60.998635	-66.797162	-4.413381
35313	9.014351	-3.344653	1.876670	-0.027874	0.121620	0.244783	-61.030532	-66.641501	-4.395729
35314	8.947209	-3.355476	1.901536	-0.045027	0.118540	0.257345	-61.085082	-66.479393	-4.364375
35315	9.035188	-3.383400	1.927844	-0.047421	0.109449	0.270437	-61.157487	-66.314217	-4.314695
35316	9.013330	-3.361834	1.936168	-0.062190	0.112093	0.285739	-61.245612	-66.139612	-4.257317
35317	9.057307	-3.452452	1.852271	-0.066493	0.111409	0.309442	-61.348997	-65.954234	-4.185560
35318	9.110508	-3.543192	1.845407	-0.064781	0.124553	0.323140	-61.445257	-65.757337	-4.120729
35319	9.209019	-3.551947	1.902670	-0.060398	0.154173	0.348602	-61.518722	-65.540453	-4.077758
35320	9.163731	-3.665691	1.759213	-0.051021	0.206167	0.366885	-61.541173	-65.299190	-4.085204
35321	8.883472	-3.727832	1.851482	-0.036915	0.243502	0.374376	-61.517911	-65.044911	-4.133821
35322	8.613122	-3.462881	2.083579	-0.034160	0.218993	0.359038	-61.512635	-64.804105	-4.161258
35323	8.601248	-3.518361	2.098703	-0.055037	0.171445	0.351332	-61.564077	-64.581113	-4.138917
35324	8.688961	-3.555172	2.105045	-0.073462	0.141559	0.345473	-61.654934	-64.368264	-4.084870
35325	8.776247	-3.642915	2.031965	-0.083424	0.119778	0.367018	-61.783694	-64.151354	-3.994669
35326	8.928105	-3.747017	2.019418	-0.101351	0.110341	0.391270	-61.945411	-63.923710	-3.879375
35327	8.774092	-3.808307	1.972563	-0.106415	0.122835	0.408949	-62.103134	-63.684555	-3.771227
35328	8.640789	-3.940583	2.001529	-0.093026	0.110931	0.415626	-62.267869	-63.444145	-3.646769
35329	8.511099	-3.922634	2.011147	-0.101056	0.091882	0.413754	-62.451546	-63.210503	-3.505692
35330	8.551307	-3.581679	2.290706	-0.086474	0.044307	0.404601	-62.668254	-62.992928	-3.318243
35331	9.127810	-3.626054	2.234869	-0.151908	0.001504	0.459965	-62.988430	-62.758867	-3.055972
35332	9.577088	-4.095179	1.984406	-0.180102	0.048275	0.550830	-63.319956	-62.464676	-2.798780
35333	10.171406	-4.020116	2.293193	-0.149664	0.096019	0.653493	-63.630020	-62.105885	-2.545073
35334	9.282338	-3.771255	2.212583	-0.241786	0.221811	0.774058	-63.922745	-61.651818	-2.370211
35335	8.738558	-4.140450	2.301339	-0.220221	0.170592	0.828353	-64.267854	-61.182983	-2.120568
35336	9.075912	-3.610910	2.439252	-0.253185	0.161658	0.877247	-64.653172	-60.689515	-1.845653
35337	8.734428	-4.028422	2.388369	-0.320990	0.179990	0.941528	-65.076081	-60.158127	-1.570525
35338	9.026589	-4.251795	2.181821	-0.324136	0.167647	0.985860	-65.518853	-59.604847	-1.273261
35339	8.715432	-4.661319	1.912530	-0.346788	0.246635	1.038353	-65.912500	-59.005229	-1.046214
35340	8.430355	-5.137376	1.620576	-0.299453	0.192861	1.091683	-66.334789	-58.388600	-0.752702
35341	8.843579	-5.030902	1.690771	-0.184767	0.184241	1.117210	-66.694468	-57.760231	-0.453316
35342	8.465757	-5.028516	1.634554	-0.187577	0.275416	1.154248	-66.982601	-57.090190	-0.238893
35343	8.276036	-5.143033	1.871159	-0.129755	0.288497	1.157463	-67.218106	-56.415747	-0.045848
35344	8.077990	-4.960143	2.096762	-0.122876	0.298284	1.151395	-67.432818	-55.741217	0.128062
35345	7.919150	-5.011833	2.193898	-0.130518	0.292696	1.141796	-67.645087	-55.073361	0.295423
35346	7.789677	-5.034530	2.272056	-0.144984	0.279615	1.125987	-67.864487	-54.415653	0.462379
35347	7.815143	-5.122277	2.232097	-0.158903	0.269781	1.114197	-68.088042	-53.766673	0.626335
35348	7.934651	-5.290268	2.312047	-0.173059	0.267409	1.113132	-68.315268	-53.117678	0.785790
35349	8.053287	-5.335785	2.297100	-0.173078	0.271331	1.121190	-68.534945	-52.463912	0.937462
35350	7.810286	-5.352695	2.318815	-0.198111	0.305849	1.141570	-68.745395	-51.791036	1.060296
35351	7.714691	-5.518574	2.321449	-0.213131	0.298086	1.154533	-68.966864	-51.113252	1.187698
35352	7.695391	-5.639207	2.319503	-0.227408	0.297057	1.162492	-69.194138	-50.430441	1.312934
35353	7.692649	-5.777688	2.144500	-0.232998	0.305419	1.181111	-69.417619	-49.736324	1.430629
35354	7.667780	-6.051106	2.187965	-0.233106	0.331155	1.196326	-69.623928	-49.027954	1.526514
35355	7.683271	-6.223833	2.097132	-0.211345	0.339553	1.214292	-69.811562	-48.308700	1.615511
35356	7.940312	-6.530645	2.173932	-0.193604	0.362733	1.211299	-69.971026	-47.585684	1.680907
35357	7.743218	-6.412276	2.041938	-0.164768	0.406459	1.232482	-70.089327	-46.843233	1.713858
35358	7.436361	-6.817186	1.862690	-0.158600	0.389734	1.280873	-70.221725	-46.077309	1.771137
35359	7.598857	-6.883202	1.983988	-0.095538	0.364311	1.299827	-70.332457	-45.306596	1.849784
35360	7.753349	-6.737054	2.164675	-0.089571	0.395908	1.341937	-70.428574	-44.506395	1.913164
35361	7.545466	-6.929021	2.233333	-0.060118	0.414442	1.396440	-70.505183	-43.673731	1.974176
35362	7.424183	-6.817396	2.363324	-0.047359	0.428407	1.427966	-70.571482	-42.820781	2.031221
35363	7.192138	-6.829826	2.432027	-0.053593	0.447430	1.465316	-70.635768	-41.944515	2.081463
35364	6.859718	-6.819160	2.493869	-0.062272	0.444930	1.504159	-70.711376	-41.047193	2.141595
35365	6.871312	-6.857390	2.585843	-0.074416	0.426761	1.531982	-70.803877	-40.138670	2.218668
35366	6.631570	-6.905360	2.543725	-0.098218	0.433268	1.560448	-70.909206	-39.212978	2.295375
35367	6.341389	-6.772770	2.635504	-0.125168	0.407035	1.609480	-71.044983	-38.265943	2.398199
35368	6.484257	-7.084199	2.714505	-0.168422	0.371204	1.660262	-71.224232	-37.297403	2.533152
35369	6.258297	-7.252207	2.795298	-0.206454	0.350710	1.703425	-71.433659	-36.309230	2.685757
35370	6.099705	-7.233345	2.840309	-0.250763	0.296376	1.737776	-71.688594	-35.311399	2.875824
35371	6.078442	-7.393883	2.929061	-0.295035	0.247845	1.780407	-71.984693	-34.298645	3.098913
35372	6.271077	-7.351251	3.006663	-0.349373	0.223691	1.825137	-72.317872	-33.264446	3.338095
35373	6.398652	-7.745105	3.093490	-0.410725	0.221534	1.866956	-72.681967	-32.206879	3.576727
35374	6.615161	-8.011397	2.975140	-0.461289	0.239417	1.899693	-73.063229	-31.126877	3.799603
35375	6.108282	-8.074832	2.827236	-0.506625	0.230503	1.967368	-73.470299	-30.010143	4.029796
35376	6.092328	-8.264919	2.698139	-0.543499	0.197818	2.045453	-73.906088	-28.854206	4.283087
35377	6.238260	-8.401284	2.727685	-0.559967	0.172204	2.128228	-74.354926	-27.655091	4.554048
35378	6.170549	-8.584548	2.707605	-0.605843	0.177662	2.206315	-74.823385	-26.410171	4.821239
35379	6.068917	-8.766894	2.518336	-0.633002	0.143711	2.306928	-75.311850	-25.112590	5.111250
35380	5.900179	-9.005928	2.302591	-0.694506	0.066896	2.419361	-75.849730	-23.761474	5.449838
35381	5.792630	-9.407236	2.081260	-0.727358	-0.088759	2.541618	-76.435798	-22.360564	5.882747
35382	5.471840	-9.364567	1.758252	-0.738520	-0.290498	2.710371	-77.064261	-20.888232	6.440112
35383	5.521296	-9.394175	1.614196	-0.745199	-0.489408	2.894666	-77.723784	-19.331640	7.117176
35384	5.651519	-9.328708	1.616871	-0.718529	-0.638684	3.101976	-78.378460	-17.669882	7.882927
35385	5.514722	-9.042858	1.359808	-0.685435	-0.757458	3.295309	-79.011059	-15.904256	8.714230
35386	4.581676	-8.691593	0.970091	-0.669377	-0.851380	3.518164	-79.622641	-14.015375	9.597375
35387	4.080379	-8.575537	0.797080	-0.608950	-1.007564	3.756579	-80.189800	-11.998214	10.568033
35388	3.721029	-8.735779	0.084128	-0.522840	-1.157911	3.987083	-80.689158	-9.857397	11.620926
35389	2.331181	-7.814986	-1.559032	-0.327840	-1.414943	4.027260	-81.057021	-7.708433	12.801389
35390	5.987207	-0.730647	-2.585559	0.517802	-2.719480	2.747458	-80.981576	-6.398566	14.599938
35391	19.666310	0.393417	-0.739049	0.238815	-3.418774	1.166052	-81.066788	-6.044973	16.651320
35392	27.146779	-6.309474	-1.327682	-0.616207	-2.265247	-0.777313	-81.556180	-6.684518	17.874748
35393	25.175558	-1.831368	1.839390	-0.101328	-1.324369	-3.144533	-81.679387	-8.578335	18.367397
35394	19.342089	-1.617955	2.740910	-0.514498	0.118124	-4.455027	-81.900186	-11.100976	17.929708
35395	13.889856	-4.132936	2.593621	-0.188063	1.159150	-5.129207	-81.769223	-13.916512	16.829132
35396	9.071537	-5.682918	2.003319	0.079167	1.925133	-5.041961	-81.310281	-16.619401	15.257984
35397	4.008017	-7.016265	1.053874	0.464704	2.081196	-4.464295	-80.536388	-18.958033	13.597939
35398	-0.538171	-6.928590	0.416589	1.007274	1.509235	-3.974646	-79.505192	-21.059178	12.271759
35399	-1.272288	-5.480047	0.585339	1.418921	0.312189	-3.844848	-78.449269	-23.188040	11.627830
35400	2.107868	-4.526351	0.445216	1.660828	-0.774917	-3.764071	-77.490492	-25.397533	11.611116
35401	5.650112	-4.184616	1.260702	1.838214	-1.260953	-3.822541	-76.542834	-27.694753	11.848230
35402	8.316083	-4.031034	1.776902	1.958817	-1.313089	-3.878283	-75.527119	-30.040520	12.069597
35403	10.091925	-4.020865	2.068928	2.026059	-0.986766	-3.944370	-74.340782	-32.370489	12.021274
35404	10.769055	-3.964315	1.892434	2.052414	-0.478739	-3.995135	-72.911361	-34.652404	11.562938
35405	9.926519	-3.874581	1.357813	1.998741	0.022152	-3.996964	-71.249993	-36.828296	10.680177
35406	8.508675	-4.199860	0.512742	1.854288	0.245105	-3.971194	-69.489145	-38.933276	9.543844
35407	7.215516	-4.563995	-0.109033	1.644312	0.214924	-3.874482	-67.773146	-40.956566	8.339371
35408	6.790362	-4.947419	-0.651916	1.422445	-0.023714	-3.716076	-66.220559	-42.931128	7.236956
35409	7.483082	-4.760207	-0.946135	1.157513	-0.247017	-3.514076	-64.879527	-44.823404	6.259676
35410	8.522677	-4.551787	-1.207718	0.799415	-0.373123	-3.318380	-63.772982	-46.639195	5.354829
35411	9.910432	-4.500139	-1.131794	0.413932	-0.421449	-3.185125	-62.876626	-48.379140	4.461404
35412	10.887438	-4.762438	-0.958776	-0.026691	-0.346753	-3.114417	-62.140110	-50.063714	3.469132
35413	10.792196	-5.248138	-0.788484	-0.464424	-0.209756	-3.041427	-61.525239	-51.657539	2.333770
35414	10.141267	-5.573828	-0.774293	-0.853545	-0.155841	-2.948574	-61.060172	-53.192483	1.130339
35415	9.508373	-5.858618	-0.873303	-1.226287	-0.240087	-2.839170	-60.842923	-54.682218	-0.007168
35416	9.301637	-5.954899	-0.977353	-1.538789	-0.458058	-2.739390	-60.948031	-56.191675	-0.949930
35417	10.063764	-5.951528	-0.770149	-1.809299	-0.690957	-2.656183	-61.389368	-57.716614	-1.659799
35418	11.180843	-6.057264	-0.224709	-2.031790	-0.810319	-2.614908	-62.061811	-59.266493	-2.236540
35419	12.323134	-6.107603	0.252535	-2.178385	-0.815086	-2.660143	-62.803989	-60.834510	-2.820162
35420	12.852094	-6.177771	0.537067	-2.277975	-0.716627	-2.733131	-63.476510	-62.427613	-3.539332
35421	12.306155	-6.311250	0.801413	-2.335567	-0.634362	-2.823712	-64.042616	-64.040253	-4.403753
35422	12.003964	-6.421341	1.063774	-2.309268	-0.625877	-2.886654	-64.523627	-65.696557	-5.334082
35423	11.966087	-6.403021	1.237161	-2.274552	-0.620003	-2.923721	-64.918935	-67.363821	-6.323566
35424	12.268859	-6.311037	1.584394	-2.204915	-0.588304	-2.966789	-65.150516	-69.057571	-7.434822
35425	12.372987	-6.317283	1.833189	-2.122998	-0.510188	-3.006278	-65.111908	-70.744123	-8.770845
35426	12.330762	-6.353974	1.907989	-2.008948	-0.434120	-3.028745	-64.727245	-72.431581	-10.389394
35427	12.263741	-6.404904	1.933845	-1.893993	-0.376743	-3.032658	-63.957334	-74.092296	-12.326127
35428	12.218095	-6.375152	1.789097	-1.771506	-0.319948	-3.006530	-62.707388	-75.724020	-14.671784
35429	12.088821	-6.472570	1.534378	-1.667293	-0.237095	-2.947834	-60.832557	-77.277630	-17.581785
35430	11.853289	-6.453499	1.106196	-1.577709	-0.188447	-2.882399	-58.216402	-78.765623	-21.179859
35431	12.128195	-6.570896	0.720588	-1.520886	-0.221078	-2.849173	-54.803046	-80.198749	-25.537197
35432	12.809384	-6.600565	0.618954	-1.478640	-0.255589	-2.898029	-50.025397	-81.613969	-31.232991
35433	12.937014	-6.558394	0.495462	-1.499683	-0.250803	-2.993080	-42.924939	-82.960400	-39.264356
35434	12.527318	-6.828099	0.416373	-1.518981	-0.179944	-3.057001	-32.005323	-84.120659	-51.128331
35435	11.514544	-7.081524	0.236868	-1.543595	-0.067155	-3.011195	-16.675200	-84.874993	-67.416346
35436	10.135578	-7.242830	0.132046	-1.574215	-0.005292	-2.860132	1.105115	-85.106357	-86.168733
35437	9.502372	-7.503729	0.042403	-1.592789	-0.027516	-2.677161	17.558506	-84.870712	-103.600073
35438	9.493866	-7.688728	0.011430	-1.605111	-0.050595	-2.486829	30.609706	-84.310884	-117.632355
35439	9.480029	-7.850242	0.074325	-1.619369	-0.010752	-2.304878	39.880275	-83.550692	-127.887461
35440	9.266492	-8.041316	-0.004801	-1.635857	0.091624	-2.116014	46.047197	-82.681969	-135.042561
35441	8.341772	-8.156228	-0.190086	-1.657969	0.183682	-1.894559	49.867315	-81.804300	-139.856220
35442	7.341321	-8.289515	-0.362874	-1.668741	0.206232	-1.665916	52.297105	-80.984645	-143.280171
35443	6.525868	-8.387428	-0.475704	-1.659928	0.180569	-1.411104	53.795386	-80.275849	-145.762307
35444	6.177138	-8.158671	-0.483971	-1.648364	0.076662	-1.177897	54.899344	-79.699868	-147.841918
35445	6.301379	-7.669045	-0.335447	-1.673768	0.013617	-0.958512	55.594417	-79.243778	-149.524010
35446	6.231729	-7.123177	-0.092516	-1.703365	-0.001924	-0.742001	55.879928	-78.891794	-150.808346
35447	6.551200	-6.618502	0.107511	-1.741619	0.033759	-0.528895	55.663125	-78.629977	-151.604395
35448	6.813098	-6.148912	0.227003	-1.779752	0.085524	-0.341693	55.008242	-78.440545	-151.976234
35449	7.256700	-5.453386	0.136730	-1.822741	0.147763	-0.205069	53.964370	-78.295359	-151.976432
35450	7.580934	-4.887927	-0.101656	-1.907444	0.260267	-0.100242	52.475683	-78.160218	-151.571718
35451	7.413897	-4.658322	-0.486878	-2.000794	0.374085	-0.013866	50.560933	-78.020292	-150.786143
35452	6.834255	-4.652866	-0.841477	-2.080904	0.431991	0.088937	48.342132	-77.898929	-149.736141
35453	6.119559	-4.888192	-1.119253	-2.122163	0.384472	0.197452	46.020836	-77.831909	-148.605202
35454	-3.205582	-8.118078	-6.197093	-3.035635	0.287626	1.864919	40.035571	-78.442544	-144.266441
35455	2.667687	-1.304298	2.617948	-0.514495	-2.252653	1.530495	40.620902	-79.993853	-145.162014
35456	17.761327	2.858049	-3.665864	-1.963400	-1.571787	1.300026	39.566785	-81.164589	-145.233593
35457	9.325478	0.815548	0.418231	-2.795734	0.777865	2.490926	28.512116	-81.595536	-135.673131
35458	8.929288	-3.359944	0.108832	-1.957914	-0.090808	2.271715	19.190815	-82.173667	-127.390988
35459	11.307782	-0.886914	1.101210	-1.972775	0.153631	2.129234	9.172159	-82.388029	-118.421467
35460	11.569110	-3.861565	2.469738	-2.054463	0.475563	2.213733	-1.505416	-82.203402	-108.834931
35461	12.334396	-2.871964	4.921753	-1.669250	0.566283	2.045981	-10.497710	-81.757480	-100.719754
35462	14.779628	-3.531619	8.206962	-1.241792	0.926544	1.975328	-17.600311	-80.969173	-94.255783
35463	12.398433	-3.963549	8.560636	-0.680339	1.436513	1.981939	-22.613703	-79.805510	-89.566394
35464	7.839462	-3.464501	6.957080	-0.357873	0.661755	1.993236	-27.495791	-78.979327	-84.808391
35465	11.509513	-3.675976	4.165841	0.071643	-0.194058	1.778062	-32.184897	-78.569157	-79.985817
35466	11.553783	-1.640452	0.781905	-0.038324	-0.042563	1.696507	-36.168381	-78.043803	-75.940570
35467	11.031919	-1.639570	0.564202	-0.277588	0.028177	1.545831	-39.506343	-77.488242	-72.687570
35468	11.596224	-2.523137	2.012980	-0.361051	0.081743	1.410799	-42.278442	-76.924219	-70.057294
35469	16.160629	-4.338893	3.315510	-0.218506	0.111763	1.192825	-44.315807	-76.409593	-68.091891
35470	10.632547	-3.321178	2.342340	-0.180284	0.474883	0.854249	-45.062756	-75.872383	-67.429195
35471	10.121522	-2.677326	1.350517	-0.048639	-0.024800	0.598255	-46.074587	-75.638302	-66.413726
35472	10.851575	-2.013012	0.992603	-0.120541	0.229772	0.440538	-46.459382	-75.365206	-66.087894
35473	9.148201	-2.863183	2.292691	-0.202988	0.304797	0.362221	-46.635065	-75.095196	-66.026187
35474	9.236125	-2.771752	1.885111	0.005628	-0.042096	0.166820	-46.951896	-75.042293	-65.695257
35475	9.964470	-2.008959	1.349590	0.013974	-0.034424	0.086287	-47.122776	-75.020315	-65.509788
35476	9.885054	-2.319472	1.268261	-0.024504	0.120327	0.050489	-47.030879	-74.952392	-65.619786
35477	9.369320	-2.088981	1.784123	0.023803	0.148504	-0.006797	-46.775577	-74.897861	-65.869765
35478	9.342447	-2.110063	1.796955	0.029010	0.078917	-0.034194	-46.596241	-74.881320	-66.038637
35479	9.424513	-2.070141	1.756883	0.016455	0.040670	-0.055504	-46.442058	-74.889118	-66.188281
35480	9.250696	-1.749599	1.769926	0.023049	0.053887	-0.065054	-46.259719	-74.894993	-66.363798
35481	9.324437	-1.854179	1.704847	-0.012506	0.025938	-0.029493	-46.182656	-74.897668	-66.450742
35482	9.088494	-1.933969	1.998065	-0.028270	0.004054	-0.019388	-46.173005	-74.904300	-66.477842
35483	9.258027	-1.844944	1.844843	-0.004155	-0.082636	-0.011397	-46.284383	-74.942526	-66.364660
35484	9.474563	-1.958855	1.693530	-0.034854	-0.072188	0.006965	-46.434789	-74.968380	-66.229909
35485	9.345024	-1.972145	1.661990	-0.023568	-0.083672	-0.016987	-46.551828	-75.009200	-66.122417
35486	9.495031	-1.833072	1.560321	-0.044158	-0.059715	-0.012518	-46.660536	-75.038103	-66.036389
35487	9.254147	-1.935387	1.819614	-0.063257	-0.050548	-0.004529	-46.767934	-75.060607	-65.962443
35488	9.383435	-1.980920	1.680871	-0.042347	-0.119612	0.003767	-46.994433	-75.106051	-65.753460
35489	9.559195	-1.928180	1.479269	-0.039114	-0.082393	-0.005897	-47.137171	-75.141440	-65.628662
35490	9.270873	-1.899433	1.805555	-0.065052	-0.056626	0.008408	-47.285584	-75.160113	-65.513987
35491	9.455535	-1.989137	1.553230	-0.044488	-0.104781	0.022360	-47.509703	-75.192082	-65.308221
35492	9.559409	-1.881862	1.438042	-0.037026	-0.069734	0.022772	-47.684912	-75.209538	-65.149243
35493	9.601701	-1.736009	1.314551	-0.055449	-0.002985	0.026839	-47.759546	-75.200073	-65.104611
35494	9.580530	-1.705698	1.515157	-0.126953	0.106161	0.048785	-47.742269	-75.138662	-65.198038
35495	8.837501	-2.066091	2.179677	-0.149344	0.080359	0.083823	-47.819888	-75.072917	-65.205965
35496	9.196625	-2.106213	1.824084	-0.085007	-0.129525	0.078487	-48.197456	-75.089297	-64.865934
35497	9.639772	-2.054570	1.483106	-0.083461	-0.097673	0.066185	-48.495984	-75.098921	-64.606197
35498	9.351846	-2.018132	1.666669	-0.098044	-0.067972	0.061163	-48.757988	-75.098483	-64.393507
35499	9.564522	-2.015876	1.422329	-0.069791	-0.108466	0.056112	-49.052514	-75.115869	-64.129822
35500	9.631057	-1.989330	1.481970	-0.097312	-0.011110	0.073041	-49.238268	-75.088481	-63.995604
35501	9.399970	-2.224430	1.592340	-0.086142	-0.012013	0.058819	-49.388647	-75.068181	-63.890757
35502	9.472088	-1.985112	1.481776	-0.049806	-0.026401	0.041040	-49.526610	-75.060233	-63.777811
35503	9.454026	-1.940340	1.578650	-0.080886	0.022441	0.059402	-49.617944	-75.026755	-63.730945
35504	9.324194	-2.134655	1.658350	-0.087649	0.013249	0.065342	-49.746024	-74.993387	-63.650649
35505	9.457717	-2.042202	1.507829	-0.039175	-0.026256	0.057492	-49.889586	-74.978697	-63.524954
35506	9.480408	-2.095777	1.576645	-0.064001	0.012681	0.065355	-50.004251	-74.945431	-63.444505
35507	9.324146	-2.136609	1.596728	-0.034004	-0.011249	0.057152	-50.119231	-74.925232	-63.345310
35508	9.497067	-1.858299	1.414008	-0.021802	0.003608	0.063628	-50.221434	-74.895967	-63.252707
35509	9.307037	-2.029514	1.667282	-0.067013	0.074003	0.098550	-50.271856	-74.826212	-63.239950
35510	9.144085	-2.215209	1.791677	-0.035765	-0.008895	0.100926	-50.451548	-74.784991	-63.075300
35511	9.391229	-2.100886	1.550253	-0.010583	-0.056768	0.079913	-50.655897	-74.771071	-62.869506
35512	9.309402	-2.037160	1.688592	-0.021358	-0.037913	0.090317	-50.858900	-74.744758	-62.672100
35513	9.280945	-2.001603	1.528808	0.006330	-0.064097	0.127392	-51.127145	-74.711928	-62.389977
35514	9.468574	-1.869433	1.457810	0.032970	-0.032182	0.183565	-51.409713	-74.641417	-62.077720
35515	9.396151	-2.061266	1.620117	0.014126	0.048613	0.242550	-51.635165	-74.516067	-61.835153
35516	9.257976	-2.270930	1.660183	0.061181	-0.001091	0.267532	-51.951366	-74.395993	-61.470885
35517	9.702998	-2.203443	1.216309	0.096901	-0.040374	0.229815	-52.248928	-74.307076	-61.103913
35518	9.541400	-2.060662	1.452792	0.048750	0.161169	0.233128	-52.260536	-74.144895	-61.063160
35519	9.029813	-2.269343	1.887751	0.043452	0.160630	0.268174	-52.308996	-73.967822	-60.986570
35520	9.326535	-2.392486	1.647623	0.110929	0.010812	0.261621	-52.553558	-73.845182	-60.666227
35521	9.371374	-2.421534	1.622249	0.107704	0.032607	0.230372	-52.715491	-73.729715	-60.433022
35522	9.214405	-2.309266	1.770458	0.095302	0.004090	0.202050	-52.901815	-73.635986	-60.182335
35523	9.490789	-2.435052	1.422760	0.117457	-0.072691	0.191553	-53.171158	-73.574114	-59.831125
35524	9.459815	-2.330206	1.562329	0.089191	0.026035	0.163187	-53.277200	-73.490169	-59.667616
35525	9.246457	-2.433414	1.731727	0.064825	0.016098	0.151128	-53.388449	-73.415985	-59.512514
35526	9.248345	-2.479372	1.689851	0.077700	-0.059136	0.112599	-53.572185	-73.384152	-59.274693
35527	9.336497	-2.436726	1.622762	0.064109	-0.103000	0.087715	-53.793773	-73.379389	-59.004813
35528	9.395500	-2.483921	1.626999	0.033016	-0.105535	0.052492	-54.006095	-73.390528	-58.763857
35529	9.479073	-2.492833	1.400623	0.031125	-0.153090	0.013724	-54.241634	-73.436341	-58.499182
35530	9.444816	-2.340407	1.444125	0.026273	-0.080682	-0.005118	-54.355362	-73.465488	-58.365193
35531	9.259040	-2.370642	1.643838	-0.002107	-0.074409	-0.005435	-54.466648	-73.493613	-58.250074
35532	9.429506	-2.394477	1.473194	0.024636	-0.112518	-0.000620	-54.637514	-73.531068	-58.057513
35533	9.337882	-2.409124	1.567270	-0.010834	-0.092189	-0.014135	-54.773193	-73.568979	-57.922215
35534	9.412939	-2.396128	1.440356	0.012650	-0.126801	-0.018975	-54.954784	-73.619442	-57.725711
35535	9.472550	-2.279081	1.397363	0.007704	-0.064429	-0.009244	-55.042306	-73.645738	-57.629591
35536	9.323486	-2.304481	1.542007	0.006100	-0.035028	0.015696	-55.120795	-73.649612	-57.544501
35537	9.475744	-2.369475	1.322066	0.030772	-0.026619	0.022806	-55.170604	-73.648388	-57.473918
35538	9.367018	-2.283022	1.510397	0.020996	0.055966	0.034504	-55.115826	-73.613603	-57.518824
35539	9.398257	-2.350424	1.529524	0.029369	0.034155	0.049258	-55.098643	-73.580042	-57.518895
35540	9.496051	-2.411136	1.304712	0.032623	0.041099	0.054730	-55.083647	-73.540619	-57.515398
35541	9.372200	-2.416804	1.501337	0.025539	0.097338	0.049147	-54.968467	-73.486360	-57.619956
35542	9.349874	-2.424181	1.495841	0.042894	0.046225	0.033909	-54.916775	-73.455022	-57.648607
35543	9.395101	-2.451997	1.528966	0.000956	0.076963	0.013002	-54.808694	-73.424333	-57.760492
35544	9.148920	-2.492239	1.743742	0.002599	0.022145	-0.024266	-54.753776	-73.428154	-57.816608
35545	9.372175	-2.311538	1.572658	-0.002573	-0.030097	-0.036839	-54.760970	-73.456125	-57.810339
35546	9.263930	-2.362842	1.619909	-0.014071	-0.002495	-0.029654	-54.748271	-73.470594	-57.832362
35547	9.413010	-2.337161	1.427051	0.005200	-0.034394	-0.020192	-54.776371	-73.492195	-57.799643
35548	9.364496	-2.325903	1.499444	-0.013976	0.033377	-0.007384	-54.731804	-73.484384	-57.854843
35549	9.306802	-2.492662	1.549904	-0.001863	-0.018068	-0.015993	-54.742856	-73.498624	-57.844129
35550	9.529660	-2.312938	1.377481	0.009515	-0.019167	-0.016273	-54.757893	-73.512342	-57.823125
35551	9.309279	-2.436344	1.575905	-0.030234	0.047192	-0.013341	-54.685060	-73.503747	-57.916849
35552	9.363978	-2.374119	1.474203	0.010916	-0.012363	-0.022745	-54.681286	-73.518250	-57.914629
35553	9.406229	-2.311015	1.528100	-0.011824	0.037246	-0.009550	-54.617855	-73.511147	-57.987544
35554	9.245320	-2.513566	1.613601	-0.019848	0.006074	-0.023945	-54.601211	-73.520098	-58.017130
35555	9.369149	-2.365731	1.559888	-0.000608	-0.034453	-0.045640	-54.604061	-73.553630	-58.014221
35556	9.405178	-2.356926	1.457552	-0.015555	-0.000028	-0.050241	-54.564922	-73.576869	-58.064686
35557	9.184517	-2.335548	1.749755	-0.031333	0.016430	-0.050716	-54.498910	-73.595855	-58.151916
35558	9.381591	-2.370389	1.457277	0.001212	-0.058591	-0.051446	-54.541472	-73.639110	-58.107190
35559	9.444703	-2.248298	1.504897	-0.010370	0.004827	-0.036127	-54.498093	-73.655142	-58.158290
35560	9.322965	-2.390666	1.557091	-0.021312	0.004456	-0.026620	-54.481496	-73.665852	-58.188671
35561	9.459511	-2.348330	1.379232	0.006671	-0.023468	-0.030401	-54.479785	-73.688622	-58.186171
35562	9.544648	-2.313083	1.375156	0.005141	0.037302	-0.003946	-54.421494	-73.677816	-58.244202
35563	9.580892	-2.360165	1.337110	0.017782	0.055009	0.018306	-54.344019	-73.651716	-58.314018
35564	9.774315	-2.364430	1.180434	0.040276	0.083855	0.045402	-54.248405	-73.602357	-58.389996
35565	9.700884	-2.348645	1.072263	0.022466	0.235595	0.032862	-53.901900	-73.508691	-58.737558
35566	9.528726	-2.324925	1.308657	-0.027656	0.442465	0.002089	-53.243103	-73.357064	-59.441824
35567	8.627447	-2.332985	2.258815	-0.037193	0.484573	-0.008314	-52.517306	-73.194085	-60.221627
35568	8.706633	-2.088568	2.305050	0.064599	0.154445	0.032198	-52.294289	-73.125393	-60.416382
35569	9.352729	-2.074589	1.607810	0.029207	0.156934	0.070987	-52.125088	-73.038929	-60.575443
35570	8.865521	-2.335526	2.153699	-0.010942	0.194891	0.102362	-51.969745	-72.923925	-60.744868
35571	9.195422	-2.309587	1.744648	0.082011	0.021100	0.101558	-52.007467	-72.871410	-60.655936
35572	9.429430	-2.261659	1.603565	0.036827	0.127368	0.132067	-51.959188	-72.766741	-60.684792
35573	9.268424	-2.509749	1.740587	0.047187	0.126201	0.140190	-51.907577	-72.659695	-60.710227
35574	9.481674	-2.364164	1.560599	0.095016	0.131571	0.140918	-51.830950	-72.549534	-60.733897
35575	9.354309	-2.412275	1.723481	0.049641	0.209881	0.153507	-51.675044	-72.406792	-60.867260
35576	9.260302	-2.563175	1.736094	0.067947	0.195669	0.133066	-51.516778	-72.277320	-60.992934
35577	9.313104	-2.561801	1.753589	0.057188	0.179480	0.084996	-51.327161	-72.175897	-61.157344
35578	9.164489	-2.359679	1.964552	0.066400	0.173305	0.078380	-51.144037	-72.078630	-61.310234
35579	9.215069	-2.464560	1.883768	0.055660	0.132798	0.087005	-51.025329	-71.992819	-61.401197
35580	9.365492	-2.448834	1.753408	0.061813	0.134255	0.081083	-50.904053	-71.908208	-61.491960
35581	9.276662	-2.434119	1.797856	0.051974	0.175359	0.083745	-50.728302	-71.808308	-61.645265
35582	9.233210	-2.444120	1.915131	0.069666	0.180538	0.086649	-50.548928	-71.704261	-61.792577
35583	9.271762	-2.482147	1.834995	0.066660	0.171081	0.095883	-50.387392	-71.600268	-61.922221
35584	9.259553	-2.506341	1.910599	0.073152	0.190816	0.096450	-50.206779	-71.487863	-62.068926
35585	9.222850	-2.446646	1.997403	0.068560	0.173787	0.099513	-50.047974	-71.381040	-62.194707
35586	9.253646	-2.555609	1.947836	0.066790	0.163185	0.091756	-49.905323	-71.280612	-62.305381
35587	9.224265	-2.476807	2.017900	0.072949	0.164602	0.085906	-49.744081	-71.182931	-62.431230
35588	9.342164	-2.503387	1.908356	0.066507	0.162067	0.097453	-49.611921	-71.080240	-62.531131
35589	9.309617	-2.531279	1.969820	0.059783	0.196610	0.093985	-49.429309	-70.966918	-62.687711
35590	9.119413	-2.582097	2.088476	0.046985	0.172328	0.083654	-49.283385	-70.866222	-62.814154
35591	9.306916	-2.474880	1.974358	0.046854	0.170382	0.076611	-49.125696	-70.769976	-62.952383
35592	9.115094	-2.574347	2.149679	0.031327	0.179453	0.067532	-48.965482	-70.673356	-63.103629
35593	9.138432	-2.505747	2.147870	0.044225	0.133650	0.066074	-48.845902	-70.595257	-63.203217
35594	9.081444	-2.499316	2.229701	0.027160	0.114924	0.075407	-48.777711	-70.519374	-63.259564
35595	9.215166	-2.544147	2.058864	0.045972	0.076965	0.081825	-48.744158	-70.455816	-63.266910
35596	9.217983	-2.531524	2.095363	0.027187	0.099821	0.091034	-48.711535	-70.378878	-63.285542
35597	9.178115	-2.632859	2.094431	0.035790	0.088012	0.091437	-48.680936	-70.307002	-63.295953
35598	9.176880	-2.532634	2.154833	0.030165	0.082845	0.089105	-48.665290	-70.237309	-63.294760
35599	9.151812	-2.597854	2.123131	0.026239	0.083006	0.089664	-48.644502	-70.168088	-63.300570
35600	9.149698	-2.553442	2.115504	0.028882	0.093548	0.089467	-48.617357	-70.094183	-63.312390
35601	9.044910	-2.569943	2.264757	0.024144	0.092549	0.089439	-48.586449	-70.021442	-63.330246
35602	9.081169	-2.574192	2.215895	0.027999	0.050419	0.095051	-48.616688	-69.961471	-63.281547
35603	9.117164	-2.577413	2.207022	0.011626	0.045577	0.104088	-48.663409	-69.900217	-63.224408
35604	9.133737	-2.584665	2.183363	0.016431	0.041303	0.099139	-48.714625	-69.841903	-63.160391
35605	9.121155	-2.665270	2.176034	0.002674	0.032781	0.097664	-48.774225	-69.788216	-63.094951
35606	9.219208	-2.607795	2.149209	0.012696	0.023589	0.095402	-48.843785	-69.738147	-63.013623
35607	9.207394	-2.690279	2.098990	-0.000557	0.037440	0.096704	-48.898155	-69.683069	-62.955689
35608	9.223465	-2.695130	2.117401	0.010341	0.049404	0.088403	-48.931211	-69.626255	-62.914682
35609	9.051056	-2.655434	2.174383	0.007182	0.069688	0.088373	-48.934774	-69.562616	-62.906183
35610	8.922865	-2.584339	2.372163	0.019455	0.057967	0.084436	-48.948384	-69.504287	-62.880333
35611	8.963211	-2.676869	2.295874	0.001738	0.017049	0.090822	-49.018136	-69.459379	-62.804485
35612	9.089489	-2.598090	2.266422	-0.003828	-0.007016	0.089575	-49.124706	-69.423180	-62.693577
35613	9.056215	-2.735693	2.213957	-0.013943	-0.019738	0.091312	-49.245685	-69.391743	-62.572567
35614	9.161013	-2.712850	2.183298	-0.016555	-0.035523	0.086474	-49.388609	-69.367366	-62.430562
35615	9.217953	-2.770311	2.070596	-0.018777	-0.022316	0.080198	-49.503649	-69.341534	-62.318816
35616	9.247370	-2.788562	2.112411	-0.012902	-0.002451	0.070904	-49.590316	-69.311455	-62.234657
35617	9.293389	-2.775136	2.041651	0.002556	0.003594	0.085112	-49.667478	-69.273737	-62.150292
35618	9.173493	-2.743702	2.110939	-0.001945	0.052820	0.085824	-49.698257	-69.216588	-62.119150
35619	9.072524	-2.708699	2.196867	0.014527	0.052829	0.088322	-49.714515	-69.159183	-62.092544
35620	8.995444	-2.563164	2.348553	0.001149	0.051669	0.105239	-49.763367	-69.093964	-62.040144
35621	8.998518	-2.554966	2.378511	-0.013319	0.007631	0.148071	-49.904502	-69.027081	-61.896891
35622	9.095450	-2.705347	2.188260	-0.030221	-0.013228	0.178276	-50.114283	-68.953608	-61.691298
35623	9.132188	-2.662990	2.240481	-0.034418	-0.016886	0.203121	-50.345598	-68.871115	-61.464207
35624	9.219651	-2.693190	2.154459	-0.049505	-0.034692	0.233001	-50.639147	-68.780663	-61.180404
35625	9.505765	-2.791379	2.017883	-0.053769	-0.022229	0.275596	-50.950889	-68.667127	-60.878612
35626	9.274513	-2.894825	2.128499	-0.077929	0.027566	0.301289	-51.246998	-68.522772	-60.609117
35627	9.225025	-2.696774	2.299574	-0.065938	-0.018132	0.341063	-51.613152	-68.377238	-60.255753
35628	9.222849	-2.627625	2.305026	-0.117157	-0.020579	0.406289	-52.070926	-68.201372	-59.835879
35629	9.125792	-2.787839	2.231343	-0.157504	-0.042008	0.463655	-52.611740	-68.006542	-59.349969
35630	8.904273	-3.284663	1.970961	-0.168443	-0.007430	0.479866	-53.131228	-67.789779	-58.894049
35631	9.194034	-2.649474	2.505376	-0.131196	-0.075071	0.426639	-53.645528	-67.619993	-58.419127
35632	9.319116	-2.924172	2.139172	-0.222620	-0.035501	0.539998	-54.258161	-67.381647	-57.894693
35633	9.022412	-3.297871	2.193805	-0.243081	-0.002356	0.531917	-54.821292	-67.134972	-57.434797
35634	9.267774	-3.246461	2.017647	-0.198197	0.001432	0.529202	-55.347981	-66.885680	-56.986648
35635	9.231166	-3.334402	2.086239	-0.215344	0.086757	0.548289	-55.788720	-66.599248	-56.640910
35636	9.128991	-3.392508	2.201284	-0.191852	0.135992	0.556616	-56.165373	-66.291125	-56.350589
35637	9.267130	-3.225504	2.375398	-0.196308	0.186188	0.595389	-56.503936	-65.948851	-56.103022
35638	9.081255	-3.267004	2.314520	-0.231133	0.251079	0.675669	-56.846972	-65.546129	-55.872704
35639	9.139505	-3.470113	2.346587	-0.239339	0.209612	0.751524	-57.273981	-65.120238	-55.553404
35640	9.579543	-3.452883	2.487857	-0.257388	0.101930	0.829465	-57.865469	-64.687555	-55.063803
35641	9.647504	-3.507676	2.349885	-0.299239	0.127985	0.926272	-58.491377	-64.198728	-54.559745
35642	9.293936	-3.685532	2.332643	-0.315491	0.175114	0.973838	-59.092557	-63.669287	-54.092450
35643	9.023039	-3.737679	2.316804	-0.308557	0.183601	1.002008	-59.672006	-63.122427	-53.641796
35644	9.040081	-3.835661	2.323315	-0.310310	0.183581	1.030011	-60.252691	-62.558642	-53.189735
35645	9.113037	-3.799122	2.373723	-0.318534	0.206121	1.067106	-60.811310	-61.969022	-52.764480
35646	8.728827	-4.075843	2.257490	-0.351299	0.232651	1.119964	-61.375590	-61.342605	-52.352825
35647	8.945433	-4.205600	2.272024	-0.310775	0.200891	1.156342	-61.938395	-60.705635	-51.912708
35648	8.875638	-4.213995	2.221671	-0.327880	0.246264	1.209065	-62.478719	-60.026760	-51.508047
35649	8.767667	-4.413464	2.128769	-0.322500	0.254506	1.251762	-63.003178	-59.323201	-51.114201
35650	8.886529	-4.560595	2.300931	-0.295430	0.279982	1.285907	-63.489409	-58.592843	-50.745159
35651	9.196996	-4.277654	2.350833	-0.275093	0.344118	1.323435	-63.903707	-57.826502	-50.442844
35652	9.043153	-4.557847	2.426057	-0.326493	0.484852	1.374058	-64.242090	-56.996801	-50.264209
35653	8.522879	-4.715601	2.459540	-0.337165	0.524644	1.387140	-64.544729	-56.150963	-50.132722
35654	8.535765	-4.800207	2.538662	-0.325122	0.565742	1.369040	-64.796956	-55.303141	-50.053932
35655	8.386395	-4.832957	2.712276	-0.352382	0.646324	1.355677	-64.990419	-54.443446	-50.063900
35656	8.298653	-5.150043	2.830513	-0.368170	0.689149	1.356325	-65.162436	-53.572200	-50.113075
35657	9.169943	-4.759027	2.990817	-0.332724	0.735348	1.324302	-65.266895	-52.707488	-50.220425
35658	9.105577	-4.966212	3.079740	-0.451640	1.004525	1.301304	-65.256457	-51.789447	-50.561992
35659	8.757193	-5.388624	2.875462	-0.462058	1.082031	1.258429	-65.195080	-50.875775	-50.979295
35660	8.449010	-5.012436	2.943561	-0.491592	1.220421	1.218618	-65.067313	-49.948356	-51.511700
35661	7.879379	-5.159337	2.790707	-0.537410	1.275959	1.195379	-64.938285	-49.019460	-52.086063
35662	7.706066	-5.249474	2.839051	-0.578320	1.316204	1.162697	-64.819098	-48.096400	-52.688263
35663	7.709980	-5.595050	3.157018	-0.609203	1.345849	1.168000	-64.715924	-47.163098	-53.299960
35664	8.094387	-5.321214	3.214707	-0.624662	1.365790	1.156556	-64.626439	-46.229733	-53.915967
35665	8.114644	-5.919343	3.315279	-0.764022	1.438573	1.179470	-64.596988	-45.266598	-54.567820
35666	7.857004	-6.057962	3.368534	-0.794442	1.395997	1.214239	-64.633137	-44.295700	-55.163974
35667	8.428424	-6.068600	3.455247	-0.831681	1.401615	1.266521	-64.711052	-43.297025	-55.739489
35668	9.082651	-6.111221	3.584375	-0.893309	1.553873	1.295238	-64.772881	-42.246660	-56.403470
35669	8.376769	-6.142880	3.498459	-0.933494	1.682644	1.378215	-64.830044	-41.122458	-57.121327
35670	7.773255	-6.659657	2.999965	-0.967809	1.684345	1.480285	-64.946857	-39.945876	-57.796182
35671	7.506283	-6.898351	3.241961	-1.011428	1.650703	1.619031	-65.144231	-38.706598	-58.398711
35672	7.546519	-7.149922	3.478319	-1.048756	1.550542	1.773373	-65.447364	-37.413358	-58.883232
35673	8.157018	-7.187118	3.552299	-1.068019	1.502667	1.893271	-65.807775	-36.070763	-59.303220
35674	8.295770	-7.191090	3.521248	-1.140489	1.524043	2.017664	-66.230006	-34.660940	-59.704373
35675	8.083492	-7.351417	3.365779	-1.253287	1.514115	2.151374	-66.743592	-33.185328	-60.070324
35676	7.795848	-7.420937	3.166201	-1.296234	1.443013	2.308889	-67.332061	-31.646333	-60.359871
35677	7.781270	-7.885532	3.004438	-1.332094	1.429639	2.486236	-67.966233	-30.018148	-60.611198
35678	8.516825	-7.582910	3.467996	-1.286144	1.452484	2.599082	-68.580717	-28.328638	-60.864502
35679	9.256205	-7.577670	3.314944	-1.279388	1.664709	2.677488	-69.138896	-26.554593	-61.243390
35680	8.623689	-6.806247	3.219101	-1.332922	1.920683	2.787714	-69.679316	-24.674795	-61.762281
35681	7.767131	-6.052895	2.895474	-1.349350	2.126557	2.873478	-70.197840	-22.711132	-62.395256
35682	7.144765	-6.024508	2.459639	-1.424206	2.302464	2.962941	-70.746113	-20.673187	-63.122235
35683	6.680454	-5.974869	2.270813	-1.454175	2.462341	3.042093	-71.305540	-18.566949	-63.936816
35684	6.549699	-5.207647	1.550362	-1.416239	2.602990	3.026307	-71.844438	-16.454066	-64.845622
35685	7.907346	-0.549199	-0.163912	-1.177657	2.342352	2.431410	-72.282496	-14.716125	-65.725641
35686	12.100483	1.816796	-0.694878	-1.490284	2.337320	1.639085	-72.887389	-13.423595	-66.753150
35687	14.319398	-4.508589	0.492254	-2.129572	2.592803	0.766328	-73.807792	-12.577980	-68.084545
35688	13.069076	-4.412284	0.258220	-1.364177	2.238701	-0.548891	-74.296117	-12.533948	-69.436796
35689	10.599520	-0.825161	0.281369	-1.437131	2.100291	-1.343386	-74.810584	-12.956133	-70.836018
35690	8.418753	-2.570721	0.079048	-1.413365	1.999566	-1.852670	-75.293758	-13.693677	-72.255278
35691	6.483922	-4.261639	0.290389	-1.207576	1.767525	-2.105473	-75.661980	-14.608349	-73.578091
35692	4.820153	-5.070302	0.497051	-0.855969	1.252107	-2.281569	-75.877111	-15.707409	-74.631956
35693	5.691355	-4.606588	0.721798	-0.475367	0.643104	-2.484052	-75.942706	-16.998931	-75.365311
35694	7.012139	-4.478839	1.063783	-0.281302	0.456246	-2.617777	-75.906548	-18.398922	-76.014905
35695	8.575032	-4.680293	1.248926	-0.017258	0.412943	-2.809560	-75.699434	-19.902278	-76.675449
35696	10.026280	-4.697680	1.097846	0.165560	0.631301	-3.049657	-75.306595	-21.512883	-77.518120
35697	10.786641	-5.056227	0.713201	0.315420	0.895870	-3.404304	-74.713506	-23.265097	-78.599791
35698	11.541845	-5.273045	0.138930	0.449097	1.093191	-3.865844	-73.914073	-25.238715	-79.918900
35699	12.116962	-5.508595	-0.511866	0.502092	1.309597	-4.347546	-72.918404	-27.412829	-81.514233
35700	12.116090	-6.020836	-1.091684	0.492100	1.588143	-4.765981	-71.710961	-29.749725	-83.447340
35701	11.503774	-6.746405	-1.753168	0.455704	1.885843	-5.040295	-70.273095	-32.129353	-85.734777
35702	10.164262	-7.457667	-2.461710	0.399797	2.116410	-5.142079	-68.616531	-34.474960	-88.332630
35703	8.438898	-7.808818	-3.127410	0.334017	2.150748	-5.087828	-66.817242	-36.706403	-91.093952
35704	6.935961	-8.055268	-3.746234	0.243252	1.939269	-4.925108	-64.996386	-38.842014	-93.836832
35705	5.937646	-8.014989	-4.046170	0.131596	1.512231	-4.712462	-63.285547	-40.894991	-96.386980
35706	6.173421	-8.009912	-3.975673	-0.005424	0.983764	-4.476863	-61.774926	-42.923840	-98.651481
35707	7.566583	-7.818207	-3.810252	-0.185018	0.546829	-4.258025	-60.481923	-44.910031	-100.667664
35708	9.026726	-7.754953	-3.455511	-0.383193	0.301978	-4.103529	-59.328065	-46.870412	-102.579271
35709	10.265297	-7.735002	-3.132114	-0.580887	0.245313	-3.974057	-58.225680	-48.745726	-104.515717
35710	11.012267	-8.053363	-2.961141	-0.765829	0.334658	-3.864918	-57.076934	-50.527091	-106.598307
35711	11.011670	-8.257046	-2.947819	-0.924969	0.450562	-3.766295	-55.846033	-52.184184	-108.852198
35712	10.753964	-8.413226	-3.032818	-1.072549	0.468437	-3.677776	-54.570589	-53.775002	-111.218501
35713	10.756602	-8.581784	-3.145747	-1.207001	0.418355	-3.607027	-53.280836	-55.305333	-113.650386
35714	10.986373	-8.471973	-3.152653	-1.367886	0.368411	-3.528856	-51.988939	-56.797770	-116.151760
35715	11.509600	-8.231909	-3.320639	-1.559507	0.410005	-3.454020	-50.652650	-58.196979	-118.795145
35716	11.886642	-7.901152	-3.621500	-1.787801	0.549468	-3.391280	-49.204986	-59.494964	-121.682915
35717	12.195326	-7.458587	-4.148183	-2.070515	0.754557	-3.340561	-47.622218	-60.640745	-124.877634
35718	11.926811	-7.081028	-4.854985	-2.432287	0.932461	-3.293396	-45.957794	-61.664229	-128.367892
35719	11.086102	-6.715574	-5.491777	-2.840775	0.954392	-3.257333	-44.361831	-62.603164	-132.013800
35720	10.329529	-6.660716	-5.983006	-3.284437	0.806438	-3.211182	-42.987637	-63.553691	-135.664382
35721	10.177966	-6.754619	-6.131959	-3.717632	0.587284	-3.136391	-41.927310	-64.519618	-139.212429
35722	10.265397	-6.860367	-6.065292	-4.126543	0.432384	-3.023962	-41.148468	-65.497402	-142.678959
35723	10.555758	-7.167300	-5.687798	-4.489578	0.361250	-2.890532	-40.608524	-66.425825	-146.086401
35724	10.701555	-7.279842	-5.198306	-4.766974	0.378736	-2.746403	-40.196741	-67.294854	-149.502983
35725	10.520137	-7.362799	-4.811424	-4.982442	0.410552	-2.589230	-39.915287	-68.070474	-152.892750
35726	10.348219	-7.619913	-4.327645	-5.112301	0.412510	-2.427999	-39.747092	-68.794270	-156.221664
35727	10.843373	-8.180451	-3.938095	-5.145999	0.387938	-2.290672	-39.673983	-69.462727	-159.455077
35728	11.362369	-8.524337	-3.669215	-5.105211	0.426424	-2.205530	-39.519616	-70.093835	-162.735056
35729	11.381307	-8.644533	-3.666244	-5.040707	0.483490	-2.146259	-39.247573	-70.660885	-166.089723
35730	11.114836	-8.732262	-3.688820	-4.953484	0.474558	-2.140009	-38.816918	-71.235346	-169.546079
35731	10.223800	-8.669521	-3.498402	-4.864050	0.400151	-2.177486	-38.252012	-71.834179	-173.079468
35732	8.024105	-8.436125	-2.778787	-4.849613	0.217927	-2.141873	-37.768792	-72.504475	-176.503932
35733	8.475165	-9.785442	-2.283759	-4.660846	-0.164474	-2.057679	-37.591613	-73.300605	-179.482916
35734	8.849764	-9.662037	-1.566014	-4.406587	-0.255339	-1.894899	-37.459261	-74.090050	177.750514
35735	9.414544	-9.938357	-0.993104	-4.176203	-0.294360	-1.743459	-37.365550	-74.831748	175.169998
35736	10.719013	-10.264724	-0.396973	-3.920205	-0.175177	-1.690731	-36.904666	-75.507772	172.371520
35737	11.452364	-10.745909	0.108733	-3.653709	0.097799	-1.720981	-35.730442	-76.047523	169.000892
35738	10.908168	-11.244854	0.346087	-3.361025	0.393555	-1.819819	-33.604309	-76.465316	164.831395
35739	9.487936	-11.719171	0.394735	-3.082109	0.644230	-1.875758	-30.724935	-76.725876	160.056408
35740	7.572360	-12.472204	0.191677	-2.796379	0.815296	-1.787076	-27.530516	-76.824787	155.130943
35741	5.335757	-13.403915	-0.257259	-2.460961	0.822895	-1.583493	-24.574886	-76.800295	150.647417
35742	3.739668	-13.986589	-0.478235	-2.065082	0.553435	-1.339168	-22.195626	-76.820907	146.990101
35743	3.217161	-13.998549	-0.458899	-1.684839	0.084243	-1.100765	-20.555984	-77.006472	144.315975
35744	3.500696	-13.347611	-0.147213	-1.384851	-0.355966	-0.848324	-19.635297	-77.371184	142.559416
35745	4.110851	-12.766913	0.423077	-1.147770	-0.601002	-0.579503	-19.390662	-77.807243	141.635866
35746	4.312601	-13.068043	0.765861	-1.061290	-0.643952	-0.214416	-20.031178	-78.201490	141.670018
35747	5.407427	-11.935000	2.591344	-1.148383	-0.413544	1.114011	-23.942308	-78.182819	144.993747
35748	5.409358	-2.369175	3.612505	-0.948567	-0.000715	0.586319	-25.933667	-78.046318	146.473934
35749	13.616430	-2.588618	-0.379079	-1.377822	-0.611276	1.261663	-30.506945	-78.013728	150.342098
35750	18.257431	-2.012200	4.599888	-1.265607	0.521462	0.838821	-32.406090	-77.512616	151.543849
35751	9.827662	-1.501954	5.501617	-0.925568	1.745565	0.911048	-32.518491	-76.389256	151.115159
35752	4.902913	-2.245786	7.653025	-0.698233	1.169813	1.159751	-33.680860	-75.469099	151.901447
35753	8.590266	-3.424810	6.202170	0.064077	0.126866	1.240386	-35.703059	-75.005449	154.030911
35754	10.724955	-2.633889	2.486097	0.090597	0.030736	1.300178	-37.807515	-74.548910	156.265997
35755	11.311960	-2.129075	1.038380	-0.046817	-0.055064	1.039356	-39.565588	-74.201986	158.063954
35756	11.996988	-2.534981	2.453577	-0.244927	0.040355	0.890049	-41.015478	-73.857882	159.426334
35757	13.169644	-3.989223	2.172361	-0.160951	0.219175	0.762613	-41.939682	-73.475119	160.293603
35758	10.318345	-3.433796	2.871165	-0.111985	0.219566	0.449861	-42.363413	-73.212073	160.669118
35759	8.837454	-2.377132	2.471694	0.033143	-0.101880	0.291221	-42.880040	-73.142777	161.228982
35760	10.069797	-1.956465	1.422089	-0.032530	-0.230813	0.248328	-43.543006	-73.144725	161.902402
35761	9.627547	-2.233738	1.681291	-0.101752	-0.038940	0.208960	-43.935873	-73.078814	162.252349
35762	9.416129	-2.318877	1.796715	-0.050454	-0.139118	0.158126	-44.364334	-73.075848	162.670134
35763	9.708730	-2.233081	1.602190	-0.038883	-0.120842	0.108231	-44.690406	-73.082471	162.987976
35764	9.648140	-2.297554	1.477267	-0.020355	-0.088492	0.076614	-44.925557	-73.090386	163.221703
35765	9.727281	-1.977712	1.355994	-0.001651	-0.035585	0.027076	-45.008909	-73.094598	163.308132
35766	9.542334	-1.963629	1.311593	-0.038602	0.079195	0.005404	-44.936474	-73.063172	163.209428
35767	9.389236	-1.918697	1.784983	-0.070719	0.131816	0.021558	-44.829898	-73.001692	163.055939
35768	8.842903	-2.221133	2.268591	-0.069449	0.060130	0.037930	-44.844248	-72.964788	163.029458
35769	9.189757	-2.131251	1.871159	-0.023204	-0.113416	0.017824	-45.030049	-73.004325	163.210163
35770	9.479004	-1.965093	1.701210	-0.046099	-0.102845	0.019431	-45.222492	-73.040767	163.383882
35771	9.378509	-2.122405	1.745928	-0.068051	-0.073007	0.029937	-45.397544	-73.058742	163.526424
35772	9.323480	-2.073705	1.746177	-0.044849	-0.110490	0.021651	-45.603767	-73.096981	163.715243
35773	9.448773	-2.147037	1.666658	-0.055067	-0.103591	0.013347	-45.791783	-73.133716	163.879057
35774	9.451062	-2.063995	1.578511	-0.039390	-0.106098	0.001975	-45.964667	-73.177892	164.036230
35775	9.491202	-2.081252	1.628569	-0.041429	-0.088002	0.012256	-46.123649	-73.208590	164.177810
35776	9.464287	-2.153068	1.589821	-0.042303	-0.071384	0.017781	-46.272786	-73.232182	164.308379
35777	9.515790	-2.225153	1.521128	-0.029041	-0.063395	0.003832	-46.380667	-73.256433	164.403967
35778	9.454967	-2.034793	1.547420	-0.008733	-0.030393	-0.002495	-46.428011	-73.272078	164.448291
35779	9.505455	-2.052689	1.557832	-0.030919	-0.005365	0.013424	-46.469720	-73.269377	164.473646
35780	9.342681	-2.002166	1.567733	-0.023348	0.016151	0.014660	-46.483683	-73.259496	164.474366
35781	9.471322	-1.972058	1.474322	-0.037556	0.032329	0.022041	-46.488412	-73.238341	164.457134
35782	9.176479	-1.915140	1.882944	-0.075289	0.066047	0.040633	-46.497312	-73.197973	164.421482
35783	9.270784	-2.183326	1.711179	-0.078071	-0.017794	0.048618	-46.628914	-73.185513	164.512530
35784	9.348586	-2.136575	1.749833	-0.060465	-0.043852	0.047182	-46.788978	-73.185590	164.643660
35785	9.433623	-2.145677	1.538477	-0.058115	-0.055049	0.038118	-46.946854	-73.191973	164.774101
35786	9.427849	-2.115191	1.556509	-0.054772	-0.027036	0.038514	-47.069132	-73.188888	164.869158
35787	9.421833	-2.016646	1.575608	-0.056532	-0.008291	0.058823	-47.187868	-73.168178	164.959664
35788	9.403274	-2.110454	1.571376	-0.062094	-0.000986	0.081016	-47.332434	-73.136942	165.073641
35789	9.513843	-2.104669	1.472223	-0.053492	0.018377	0.095824	-47.458983	-73.090163	165.174163
35790	9.465477	-2.130632	1.590097	-0.060114	0.069861	0.113674	-47.544570	-73.017558	165.227723
35791	9.422307	-2.229253	1.537420	-0.041730	0.072647	0.117256	-47.615159	-72.940646	165.276841
35792	9.446835	-2.171595	1.575379	-0.025719	0.094208	0.117832	-47.651729	-72.856827	165.299774
35793	9.324561	-2.128605	1.705797	-0.030181	0.115923	0.122654	-47.662368	-72.760908	165.293110
35794	9.370265	-2.211065	1.653119	-0.034188	0.097633	0.121522	-47.703208	-72.674183	165.315448
35795	9.180274	-2.149152	1.840927	-0.036348	0.098502	0.122825	-47.740922	-72.584909	165.333445
35796	9.338278	-2.320492	1.688092	-0.057870	0.049168	0.109812	-47.845647	-72.521770	165.408540
35797	9.142697	-2.324519	1.895154	-0.054899	0.048303	0.073679	-47.900854	-72.472658	165.433746
35798	9.313283	-2.181841	1.708702	-0.018067	-0.035945	0.079551	-48.059641	-72.454934	165.589489
35799	9.464234	-2.177453	1.593474	-0.028667	0.007608	0.103978	-48.190476	-72.408427	165.709798
35800	9.418663	-2.393955	1.612110	-0.038748	0.024966	0.101766	-48.304812	-72.357740	165.806532
35801	9.418056	-2.351568	1.537673	-0.006736	0.016272	0.071222	-48.371068	-72.321820	165.872317
35802	9.451357	-2.202994	1.623116	-0.008961	0.065411	0.076421	-48.383065	-72.266516	165.879578
35803	9.351739	-2.260291	1.657373	-0.002748	0.088353	0.085766	-48.367492	-72.196920	165.861874
35804	9.335669	-2.302624	1.713208	0.002308	0.084483	0.098162	-48.373334	-72.125041	165.869452
35805	9.365503	-2.364739	1.654366	0.013457	0.070487	0.093646	-48.381568	-72.058870	165.886511
35806	9.362892	-2.338075	1.661990	0.017728	0.092937	0.079571	-48.345593	-71.991719	165.859413
35807	9.192816	-2.424864	1.831608	0.002985	0.090741	0.058015	-48.291608	-71.933084	165.804739
35808	9.255461	-2.310703	1.801594	0.032648	0.031040	0.051825	-48.296214	-71.901366	165.829302
35809	9.277610	-2.264415	1.785080	0.028610	0.029984	0.061329	-48.311143	-71.864464	165.862560
35810	9.286747	-2.305567	1.741112	0.026274	0.019816	0.073230	-48.358736	-71.827838	165.928525
35811	9.362824	-2.348918	1.713009	0.025051	0.006119	0.073881	-48.421052	-71.794623	166.009530
35812	9.327361	-2.354715	1.706428	0.026735	0.021853	0.076448	-48.468987	-71.755795	166.076153
35813	9.311410	-2.429102	1.756988	0.021802	0.016066	0.067905	-48.512849	-71.721323	166.135799
35814	9.405971	-2.472471	1.656925	0.027916	-0.012731	0.043870	-48.567263	-71.709557	166.209975
35815	9.395904	-2.423450	1.629032	0.019352	0.015610	0.021267	-48.559389	-71.695267	166.213663
35816	9.311410	-2.386398	1.684772	0.024584	0.021385	0.000029	-48.521140	-71.689377	166.188228
35817	9.348297	-2.248831	1.694828	0.018089	0.041952	-0.000343	-48.455118	-71.674357	166.129902
35818	9.208832	-2.260447	1.891320	0.010564	0.052252	0.027917	-48.417068	-71.644765	166.096206
35819	9.297350	-2.353992	1.743653	0.025486	0.021997	0.031555	-48.409319	-71.623640	166.103730
35820	9.297020	-2.322596	1.746153	0.013255	0.032703	0.042658	-48.411918	-71.595153	166.114483
35821	9.289437	-2.325944	1.772803	0.026810	0.021888	0.048267	-48.422608	-71.566908	166.142244
35822	9.368609	-2.317538	1.670173	0.035851	0.026648	0.067272	-48.448028	-71.530167	166.190702
35823	9.358111	-2.391782	1.699576	0.030122	0.057520	0.067974	-48.433393	-71.479925	166.193773
35824	9.280616	-2.410921	1.787453	0.034004	0.053735	0.062044	-48.419152	-71.435133	166.199301
35825	9.326091	-2.349008	1.753253	0.040528	0.046270	0.059978	-48.403909	-71.392597	166.208021
35826	9.289054	-2.387856	1.751206	0.032182	0.064960	0.067705	-48.382920	-71.341108	166.205322
35827	9.274129	-2.392481	1.804802	0.034389	0.054419	0.070271	-48.372483	-71.291063	166.215409
35828	9.340609	-2.384391	1.752292	0.044072	0.046675	0.070272	-48.370763	-71.245431	166.240244
35829	9.347765	-2.407967	1.786663	0.044911	0.061136	0.084324	-48.361546	-71.186812	166.257991
35830	9.324883	-2.501094	1.789802	0.057036	0.040067	0.093744	-48.386768	-71.133644	166.319149
35831	9.397283	-2.495658	1.712966	0.083994	0.025953	0.094622	-48.410455	-71.083994	166.395353
35832	9.417730	-2.487436	1.698869	0.083509	0.046059	0.101494	-48.421229	-71.025210	166.457299
35833	9.371214	-2.410504	1.541692	0.124525	0.072118	0.101470	-48.371368	-70.955065	166.480329
35834	9.688749	-2.243009	1.510023	0.086048	0.203470	0.116081	-48.202345	-70.830088	166.353584
35835	8.776867	-2.458612	2.287780	0.063093	0.296174	0.128360	-47.944542	-70.662746	166.119104
35836	9.118652	-2.283753	1.964018	0.123658	0.082726	0.140355	-47.930458	-70.573543	166.179229
35837	9.058965	-2.464047	2.021478	0.039708	0.211377	0.132482	-47.796989	-70.436764	166.062083
35838	8.981423	-2.383177	2.113942	0.075560	0.064969	0.130552	-47.820904	-70.358594	166.133368
35839	9.239919	-2.410878	1.942759	0.041738	0.120030	0.137243	-47.801291	-70.254907	166.138242
35840	9.039253	-2.703506	2.036084	0.037469	0.061450	0.102796	-47.820829	-70.189869	166.181755
35841	9.387883	-2.422158	1.847991	0.065868	0.031716	0.087003	-47.837658	-70.141485	166.240072
35842	9.263169	-2.595960	1.879212	0.030126	0.096019	0.094372	-47.811642	-70.066718	166.230688
35843	9.232501	-2.548721	1.929042	0.056243	0.068526	0.076513	-47.779556	-70.008630	166.231142
35844	9.228958	-2.554884	1.937824	0.044599	0.093871	0.078126	-47.730955	-69.941579	166.206528
35845	9.225347	-2.560695	1.947324	0.050746	0.085607	0.067924	-47.673426	-69.880545	166.176538
35846	9.160082	-2.544114	1.989136	0.039272	0.088716	0.057950	-47.613164	-69.824014	166.136222
35847	9.176372	-2.497496	2.001113	0.043120	0.080019	0.054107	-47.552435	-69.770962	166.098143
35848	9.125236	-2.532587	2.047925	0.032445	0.077599	0.054545	-47.505808	-69.720146	166.068159
35849	9.168735	-2.540566	2.017574	0.036322	0.062709	0.056132	-47.471282	-69.672920	166.053842
35850	9.143872	-2.525934	2.042279	0.035074	0.057300	0.056359	-47.448492	-69.629190	166.050861
35851	9.170167	-2.550533	2.006292	0.038246	0.048699	0.057398	-47.430261	-69.586854	166.055097
35852	9.183113	-2.573234	2.017730	0.036031	0.066257	0.060726	-47.401472	-69.537812	166.046290
35853	9.155802	-2.542869	1.990355	0.044289	0.054352	0.057728	-47.373824	-69.493146	166.044172
35854	9.199868	-2.601642	2.012495	0.035675	0.062848	0.060900	-47.349473	-69.445357	166.039872
35855	9.214709	-2.589717	2.023477	0.043530	0.062013	0.053717	-47.309644	-69.399404	166.024277
35856	9.220698	-2.560597	2.005928	0.045397	0.064638	0.057042	-47.273970	-69.352549	166.013820
35857	9.173810	-2.631045	2.029915	0.040292	0.082460	0.056634	-47.216463	-69.297409	165.977336
35858	9.095583	-2.610259	2.116664	0.040931	0.064918	0.039909	-47.165734	-69.257647	165.948030
35859	9.102139	-2.579570	2.098572	0.037136	0.054862	0.035233	-47.119026	-69.222227	165.921141
35860	9.159703	-2.584287	2.146656	0.036023	0.044593	0.035879	-47.089740	-69.192068	165.911744
35861	9.184791	-2.591744	2.057494	0.033929	0.035838	0.039581	-47.070501	-69.162236	165.912266
35862	9.202673	-2.594126	2.117971	0.028022	0.033671	0.040618	-47.062808	-69.134354	165.921058
35863	9.225801	-2.636300	2.029271	0.030127	0.034104	0.035906	-47.043928	-69.106741	165.919634
35864	9.201742	-2.619945	2.051768	0.031761	0.045095	0.041841	-47.022881	-69.073896	165.916419
35865	9.175428	-2.638222	2.075466	0.028922	0.035668	0.040558	-47.007780	-69.043721	165.918301
35866	9.195893	-2.660368	2.061685	0.028271	0.039812	0.033539	-46.986173	-69.016427	165.912334
35867	9.145081	-2.588479	2.124560	0.022300	0.047329	0.032145	-46.953630	-68.985218	165.891469
35868	9.110014	-2.638774	2.172815	0.023965	0.037357	0.023261	-46.926849	-68.963193	165.877305
35869	9.148958	-2.593430	2.109213	0.024252	0.027638	0.024074	-46.906516	-68.943060	165.870717
35870	9.205130	-2.582233	2.103200	0.022441	0.034150	0.031553	-46.892636	-68.918823	165.869430
35871	9.152722	-2.599529	2.093083	0.023613	0.036905	0.039726	-46.878554	-68.888514	165.869146
35872	9.159533	-2.619771	2.125506	0.025146	0.026429	0.045716	-46.885912	-68.861390	165.892280
35873	9.133329	-2.638314	2.147635	0.017462	0.026465	0.041391	-46.888324	-68.834472	165.905903
35874	9.145553	-2.643877	2.103302	0.022485	0.016147	0.032998	-46.895440	-68.816701	165.927142
35875	9.159556	-2.664509	2.111674	0.019094	0.034491	0.031051	-46.877790	-68.790965	165.920255
35876	9.138028	-2.612944	2.132382	0.022935	0.042396	0.029262	-46.852657	-68.764485	165.907172
35877	9.129488	-2.613981	2.160102	0.020150	0.039951	0.032384	-46.829948	-68.736050	165.895503
35878	9.123136	-2.581293	2.186217	0.020086	0.035954	0.044237	-46.828558	-68.705845	165.906137
35879	9.090293	-2.653234	2.159443	0.022699	0.037100	0.046133	-46.821314	-68.672782	165.912630
35880	9.148175	-2.609723	2.152955	0.022908	0.039225	0.050923	-46.821540	-68.638509	165.926732
35881	9.150407	-2.649956	2.135086	0.023403	0.039959	0.057512	-46.822220	-68.599571	165.942171
35882	9.132579	-2.636378	2.134565	0.029457	0.055258	0.055394	-46.806105	-68.557157	165.942747
35883	9.116061	-2.638223	2.187167	0.025115	0.057135	0.057941	-46.787969	-68.511305	165.939031
35884	9.191642	-2.634592	2.113665	0.033645	0.052921	0.067660	-46.784244	-68.464698	165.955495
35885	9.188481	-2.640593	2.119912	0.031248	0.064418	0.077894	-46.774763	-68.407657	165.964861
35886	9.128587	-2.675719	2.188025	0.028939	0.062725	0.087591	-46.783135	-68.348901	165.991437
35887	9.136930	-2.615863	2.168149	0.029623	0.055089	0.091599	-46.797828	-68.289796	166.025823
35888	9.118562	-2.725778	2.201233	0.022246	0.054595	0.098861	-46.829450	-68.229529	166.073312
35889	9.124299	-2.701342	2.181910	0.027663	0.048498	0.100084	-46.860133	-68.169449	166.123739
35890	9.080560	-2.706035	2.200726	0.023880	0.056451	0.093931	-46.883719	-68.110507	166.163604
35891	9.148612	-2.704407	2.150797	0.029927	0.053723	0.093311	-46.900679	-68.051198	166.200679
35892	9.185578	-2.732053	2.196427	0.029350	0.071398	0.109802	-46.920766	-67.979771	166.240171
35893	9.309451	-2.705274	2.086994	0.044057	0.068751	0.130094	-46.949265	-67.899175	166.298469
35894	9.042908	-2.864666	2.206174	0.032377	0.114612	0.139305	-46.951172	-67.798507	166.320234
35895	9.022713	-2.697698	2.302967	0.073383	0.086441	0.132465	-46.946482	-67.709994	166.360906
35896	9.133546	-2.700029	2.347292	0.042750	0.087999	0.147841	-46.977525	-67.616159	166.420609
35897	8.863009	-2.758298	2.380419	0.011537	0.080968	0.142496	-47.022789	-67.525568	166.477040
35898	9.081695	-2.705929	2.322151	0.029139	0.033184	0.142500	-47.111227	-67.455326	166.590493
35899	9.047768	-2.752749	2.294540	0.009183	0.053814	0.160916	-47.201508	-67.367517	166.694285
35900	9.009898	-2.780086	2.341156	0.012327	0.037646	0.169305	-47.318657	-67.284128	166.828537
35901	9.040400	-2.763955	2.352627	-0.000043	0.017737	0.180829	-47.467251	-67.201752	166.989961
35902	9.027909	-2.834393	2.304256	-0.008782	0.010616	0.191704	-47.642206	-67.119089	167.173961
35903	9.109345	-2.862503	2.255403	-0.007254	0.004977	0.195633	-47.818865	-67.034987	167.361567
35904	9.038227	-2.890493	2.287697	-0.015206	0.010916	0.202151	-48.004106	-66.947336	167.552953
35905	8.995909	-2.940457	2.279291	-0.020922	0.010157	0.198081	-48.182913	-66.859747	167.734622
35906	9.033420	-2.928794	2.265025	-0.010073	0.003980	0.195125	-48.363187	-66.777284	167.924029
35907	9.038444	-2.929641	2.293183	-0.019975	0.015728	0.200850	-48.535695	-66.685948	168.099666
35908	8.974068	-2.959146	2.302253	-0.026132	0.010236	0.200427	-48.720995	-66.598388	168.284757
35909	9.022262	-2.985913	2.242305	-0.021233	-0.002876	0.198919	-48.908347	-66.514465	168.476019
35910	9.052696	-2.973503	2.250952	-0.031376	0.015159	0.202401	-49.090828	-66.423738	168.654978
35911	8.994751	-3.090334	2.269006	-0.033328	0.025845	0.201105	-49.255803	-66.327634	168.814516
35912	8.941737	-3.031640	2.326997	-0.023957	0.020415	0.194612	-49.419620	-66.237923	168.977964
35913	8.967909	-3.037923	2.285986	-0.031842	0.022893	0.198154	-49.581648	-66.143839	169.135438
35914	8.954117	-3.055209	2.309979	-0.035872	0.015988	0.209598	-49.766741	-66.048848	169.314906
35915	8.991267	-3.045996	2.296112	-0.037290	0.019038	0.212322	-49.944830	-65.949591	169.486777
35916	8.976935	-3.065069	2.319806	-0.042526	0.017308	0.231290	-50.147417	-65.844129	169.681490
35917	8.960737	-3.140417	2.270204	-0.047044	0.016742	0.242062	-50.354504	-65.732132	169.879313
35918	8.911635	-3.067049	2.377722	-0.054451	0.008096	0.246613	-50.581816	-65.622690	170.093973
35919	8.973880	-3.064929	2.394214	-0.081088	-0.025617	0.263817	-50.863274	-65.515745	170.352398
35920	9.158844	-3.194492	2.199661	-0.097812	-0.033154	0.297956	-51.191855	-65.397454	170.651433
35921	9.207542	-3.216328	2.186694	-0.103953	0.005266	0.331052	-51.503492	-65.248212	170.929161
35922	9.099951	-3.289557	2.184158	-0.106547	0.028592	0.364282	-51.821631	-65.076837	171.211848
35923	8.820179	-3.175959	2.398205	-0.103203	0.043274	0.387626	-52.131434	-64.887382	171.488792
35924	8.748824	-3.132420	2.500067	-0.131185	-0.005858	0.415487	-52.526517	-64.703498	171.841732
35925	8.907540	-3.235751	2.499416	-0.172566	-0.034468	0.467280	-52.999155	-64.503072	172.255800
35926	8.935756	-3.347695	2.379820	-0.211693	-0.042769	0.536953	-53.550324	-64.273608	172.731850
35927	9.009260	-3.509376	2.200510	-0.216020	-0.030775	0.576971	-54.105551	-64.017932	173.211614
35928	9.133429	-3.591368	2.184712	-0.210436	-0.025463	0.596112	-54.661221	-63.751222	173.695467
35929	9.003268	-3.724362	2.072185	-0.220105	0.004483	0.658015	-55.218793	-63.441920	174.177497
35930	9.067823	-3.820605	2.169779	-0.193213	-0.018667	0.682226	-55.792124	-63.128249	174.694628
35931	9.251829	-3.659321	2.385241	-0.194453	-0.020671	0.697587	-56.359467	-62.803988	175.206804
35932	9.339376	-3.790741	2.211862	-0.198663	0.012449	0.738662	-56.916568	-62.449001	175.705130
35933	9.093478	-3.873324	2.246041	-0.202434	0.067077	0.765042	-57.422499	-62.060623	176.146055
35934	8.918166	-3.987873	2.205725	-0.181887	0.088549	0.769967	-57.893119	-61.663181	176.560662
35935	8.860882	-3.949368	2.242366	-0.176428	0.101572	0.786401	-58.340474	-61.250632	176.955165
35936	8.729693	-4.036898	2.191267	-0.182228	0.118670	0.794521	-58.774393	-60.829191	177.330788
35937	8.613449	-4.143918	2.249184	-0.176240	0.118139	0.800823	-59.191833	-60.401867	177.694302
35938	8.586655	-4.148205	2.274818	-0.172459	0.112425	0.810438	-59.611560	-59.971783	178.063117
35939	8.622116	-4.205374	2.297634	-0.180409	0.114047	0.832252	-60.028746	-59.527510	178.426735
35940	8.561755	-4.329604	2.271198	-0.185197	0.112925	0.848258	-60.451699	-59.075858	178.794090
35941	8.735503	-4.429770	2.288440	-0.177108	0.114193	0.870590	-60.862787	-58.609767	179.156224
35942	8.907825	-4.464030	2.250632	-0.182238	0.142994	0.901639	-61.261630	-58.120394	179.500835
35943	8.822618	-4.628120	2.251256	-0.192476	0.189976	0.936822	-61.627781	-57.597686	179.803354
35944	8.733462	-4.774219	2.099665	-0.170746	0.218678	0.960246	-61.963882	-57.056007	-179.914877
35945	8.611903	-4.894808	2.119632	-0.164263	0.265625	0.981654	-62.253993	-56.488490	-179.680232
35946	8.599458	-4.905805	2.142509	-0.131328	0.288057	0.994345	-62.510266	-55.909585	-179.463791
35947	8.535558	-4.992729	2.186644	-0.122741	0.346734	1.018180	-62.714621	-55.301001	-179.301017
35948	8.349575	-5.076613	2.248015	-0.113223	0.372630	1.046224	-62.904319	-54.672680	-179.150136
35949	8.268790	-5.052045	2.334498	-0.111497	0.385542	1.072521	-63.082556	-54.025661	-179.009055
35950	8.130036	-5.136417	2.413011	-0.123780	0.389245	1.100612	-63.274677	-53.364727	-178.860309
35951	8.114272	-5.123577	2.572817	-0.130480	0.381638	1.128779	-63.474504	-52.689362	-178.703406
35952	7.912982	-5.111392	2.593907	-0.158037	0.390386	1.157191	-63.692395	-51.998536	-178.544318
35953	7.865049	-5.218313	2.649715	-0.189214	0.382403	1.180012	-63.929161	-51.295939	-178.380281
35954	7.832849	-5.429311	2.694767	-0.213186	0.389211	1.208930	-64.182128	-50.578016	-178.213661
35955	7.851433	-5.797355	2.670662	-0.227443	0.396354	1.236065	-64.435104	-49.842154	-178.053661
35956	8.145950	-5.618708	2.787405	-0.185490	0.400714	1.218617	-64.654323	-49.115541	-177.907072
35957	8.248954	-5.617539	2.784834	-0.232831	0.477154	1.219129	-64.845255	-48.367941	-177.830165
35958	7.608717	-5.908079	2.637892	-0.269930	0.502567	1.242622	-65.049215	-47.603608	-177.765901
35959	7.472287	-6.292737	2.619098	-0.301717	0.428613	1.265669	-65.309934	-46.843121	-177.645832
35960	7.317676	-6.200605	2.532959	-0.278376	0.364675	1.284255	-65.595263	-46.089591	-177.474519
35961	7.443082	-6.158211	2.470975	-0.313986	0.375287	1.324731	-65.893546	-45.310036	-177.308715
35962	7.309095	-6.702376	2.280859	-0.319658	0.348424	1.387195	-66.220411	-44.505226	-177.107589
35963	7.487612	-6.915600	2.086961	-0.257899	0.329256	1.450763	-66.523226	-43.668862	-176.884332
35964	7.145624	-6.906350	2.204024	-0.238174	0.333338	1.541359	-66.827629	-42.784913	-176.641869
35965	7.253152	-6.834471	2.424343	-0.193238	0.261245	1.618924	-67.142949	-41.873434	-176.337614
35966	7.259185	-6.923090	2.496200	-0.224002	0.253882	1.711139	-67.490385	-40.915411	-176.009344
35967	6.992937	-7.027821	2.494333	-0.233906	0.181942	1.819916	-67.879187	-39.911968	-175.615918
35968	6.897795	-7.184765	2.609556	-0.261186	0.102146	1.940344	-68.328747	-38.861286	-175.146698
35969	6.992370	-7.264769	2.775299	-0.290973	-0.005357	2.057919	-68.837698	-37.765501	-174.594245
35970	7.632651	-7.301495	2.963656	-0.322221	-0.077221	2.183139	-69.396060	-36.615289	-173.979747
35971	7.762098	-7.674183	2.984264	-0.416685	-0.100851	2.323309	-70.009494	-35.387603	-173.341875
35972	7.697520	-8.041715	2.640378	-0.441157	-0.224249	2.474229	-70.680824	-34.098618	-172.611650
35973	7.818632	-8.186213	2.604373	-0.479292	-0.295749	2.645105	-71.385884	-32.721200	-171.829480
35974	7.754372	-8.446998	2.463083	-0.517508	-0.400504	2.829881	-72.139390	-31.256048	-170.971719
35975	7.482162	-8.890476	2.172999	-0.558264	-0.522718	3.048728	-72.935550	-29.680374	-170.031973
35976	7.737594	-9.419947	2.185027	-0.571642	-0.710637	3.243846	-73.775247	-28.019442	-168.976430
35977	8.139178	-9.552386	2.385511	-0.537896	-0.829506	3.414945	-74.591161	-26.267162	-167.863130
35978	9.173240	-9.161953	2.286222	-0.480897	-0.908414	3.539140	-75.358115	-24.447040	-166.722930
35979	8.863283	-8.616090	2.235481	-0.467292	-0.751962	3.698057	-76.034359	-22.501056	-165.696922
35980	7.876770	-8.062129	1.827299	-0.394887	-0.616389	3.864947	-76.605562	-20.436959	-164.763497
35981	6.502236	-7.333810	1.584962	-0.326164	-0.450360	4.030531	-77.065099	-18.247822	-163.939653
35982	5.551514	-7.288063	1.533356	-0.273094	-0.375111	4.172885	-77.452396	-15.967780	-163.166953
35983	5.922315	-5.409328	0.109104	0.177781	-0.417084	3.888239	-77.540808	-13.845291	-162.426256
35984	10.945379	1.278861	0.550104	0.990751	-0.875854	2.496449	-77.165559	-12.564608	-161.600200
35985	16.912950	-1.221640	1.071431	0.384231	-0.571130	1.281895	-77.049943	-11.922426	-161.105913
35986	17.490135	-3.998324	0.931862	0.834354	-0.489387	-0.564696	-76.618661	-12.308713	-160.900680
35987	14.434739	0.974776	1.487370	0.946462	-0.394975	-1.929814	-76.066704	-13.437351	-160.942724
35988	11.435878	-0.202271	0.859923	0.877515	-0.062901	-2.751169	-75.478454	-14.984170	-161.304855
35989	9.604823	-1.550048	1.114421	1.004532	0.227767	-3.215122	-74.732263	-16.731644	-161.928004
35990	7.882679	-2.260363	0.896271	1.086770	0.401410	-3.336352	-73.878375	-18.521535	-162.701295
35991	6.587485	-2.209815	0.513847	1.143202	0.447260	-3.377710	-72.941765	-20.303895	-163.547377
35992	5.998255	-2.212814	0.037963	1.146608	0.388554	-3.489724	-71.971314	-22.156177	-164.419971
35993	6.133713	-2.404167	-0.210106	1.119111	0.165215	-3.688286	-71.004603	-24.130817	-165.247105
35994	6.931329	-2.651104	-0.208617	1.083265	-0.150796	-3.961749	-70.068967	-26.313605	-165.991250
35995	7.838657	-2.959858	0.046664	0.998608	-0.374090	-4.230658	-69.161668	-28.661260	-166.716387
35996	8.539059	-3.285007	0.200624	0.931321	-0.461062	-4.432807	-68.241940	-31.138352	-167.494565
35997	8.311292	-3.451676	0.291991	0.828160	-0.405408	-4.522864	-67.281407	-33.625756	-168.401165
35998	7.618253	-3.692129	0.288777	0.720571	-0.333659	-4.498708	-66.285855	-36.085799	-169.423102
35999	7.287355	-4.177267	0.228736	0.607632	-0.302117	-4.322734	-65.284835	-38.416493	-170.500869
36000	7.084607	-4.727256	0.175051	0.500657	-0.377066	-4.081398	-64.340465	-40.641107	-171.535481
36001	7.483735	-5.320822	0.289814	0.423359	-0.593750	-3.889274	-63.496492	-42.792988	-172.438585
36002	8.375489	-5.915628	0.527319	0.340248	-0.838554	-3.798287	-62.770305	-44.968424	-173.206104
36003	9.687830	-6.307681	0.889185	0.228857	-1.063951	-3.784197	-62.159416	-47.173647	-173.871705
36004	11.040502	-6.746249	1.363715	0.069541	-1.138900	-3.813981	-61.612375	-49.425898	-174.551867
36005	11.731674	-7.258866	1.720049	-0.112770	-1.063302	-3.852065	-61.039397	-51.655464	-175.377155
36006	11.787805	-7.865676	1.905045	-0.326564	-0.884524	-3.859047	-60.387930	-53.849599	-176.431056
36007	11.447529	-8.386400	1.911965	-0.546099	-0.648365	-3.807077	-59.606648	-55.925274	-177.768092
36008	10.909723	-8.748279	1.714904	-0.801428	-0.401671	-3.678730	-58.713700	-57.870900	-179.382179
36009	10.361321	-8.973478	1.504117	-1.043075	-0.191143	-3.487005	-57.730351	-59.627973	178.769040
36010	9.955986	-9.104464	1.384117	-1.283259	-0.029363	-3.238262	-56.722384	-61.214819	176.764988
36011	9.692723	-9.117676	1.253270	-1.481423	0.084038	-2.973874	-55.720616	-62.605308	174.667808
36012	9.229688	-9.007687	1.092886	-1.625798	0.165336	-2.685783	-54.760125	-63.832714	172.549115
36013	9.011486	-8.666409	1.200323	-1.694306	0.155511	-2.400117	-53.908474	-64.898915	170.528139
36014	9.324346	-8.418035	1.463257	-1.701172	0.130040	-2.126540	-53.172527	-65.851083	168.647129
36015	9.907925	-8.148050	1.903815	-1.638271	0.114748	-1.915717	-52.482754	-66.686832	166.868640
36016	10.466760	-7.992780	2.330682	-1.510460	0.139155	-1.785990	-51.712114	-67.461132	165.093140
36017	10.670329	-7.789682	2.668650	-1.318403	0.152436	-1.718587	-50.788032	-68.175252	163.279785
36018	10.800851	-7.507901	2.907733	-1.087405	0.122982	-1.702261	-49.684577	-68.895084	161.425654
36019	10.555933	-7.153714	2.971202	-0.837675	0.006471	-1.735528	-48.434581	-69.644661	159.576308
36020	10.210687	-6.794010	3.009894	-0.583757	-0.191723	-1.793071	-47.085067	-70.493579	157.786208
36021	9.951206	-6.478321	2.942943	-0.341342	-0.410914	-1.846874	-45.657927	-71.422823	156.069929
36022	9.811674	-6.227906	2.828923	-0.122337	-0.579038	-1.850229	-44.139838	-72.419880	154.400520
36023	9.814959	-6.010546	2.706562	0.068591	-0.673481	-1.806610	-42.510639	-73.411668	152.737603
36024	9.909970	-5.782388	2.492569	0.221085	-0.685695	-1.723337	-40.724425	-74.374219	151.011523
36025	9.919298	-5.564435	2.291343	0.321160	-0.637424	-1.630127	-38.753055	-75.252986	149.159859
36026	9.623060	-5.321383	2.050789	0.387877	-0.576456	-1.541755	-36.576120	-76.066599	147.143563
36027	9.780320	-5.281400	1.995928	0.417356	-0.547309	-1.468850	-34.244677	-76.810646	144.991601
36028	9.708325	-5.308350	2.006326	0.445785	-0.516859	-1.414328	-31.702323	-77.511873	142.647286
36029	9.351052	-5.196101	1.966595	0.461173	-0.548620	-1.393997	-28.971246	-78.187400	140.124276
36030	8.826854	-4.932298	1.804776	0.475465	-0.632149	-1.403148	-25.991026	-78.890819	137.362662
36031	8.285161	-4.606952	1.721469	0.459731	-0.751115	-1.387979	-22.846997	-79.612290	134.430977
36032	8.006379	-4.605199	1.807754	0.417535	-0.897551	-1.349304	-19.557219	-80.381808	131.334626
36033	8.105982	-4.678093	1.934573	0.388224	-0.993482	-1.281228	-16.104285	-81.149336	128.062104
36034	8.282900	-4.802739	2.165664	0.356769	-0.982447	-1.188329	-12.381786	-81.872208	124.506301
36035	8.238973	-4.967599	2.302501	0.328938	-0.897396	-1.084687	-8.411685	-82.490908	120.689560
36036	7.937703	-5.175811	2.425492	0.312817	-0.787506	-0.971000	-4.245275	-83.009523	116.671431
36037	7.481097	-5.386554	2.414724	0.308978	-0.685352	-0.837088	-0.159877	-83.420967	112.735840
36038	6.936095	-5.614110	2.380701	0.314653	-0.623689	-0.683781	3.642928	-83.774040	109.091670
36039	6.400913	-5.837570	2.339471	0.336603	-0.597043	-0.515918	6.907614	-84.087897	106.002840
36040	5.958513	-6.066683	2.225395	0.375008	-0.615783	-0.327039	9.501040	-84.417396	103.613234
36041	5.652939	-6.208199	2.174774	0.423112	-0.651962	-0.130281	11.238369	-84.771658	102.111952
36042	5.890809	-6.215340	2.142774	0.476071	-0.689037	0.085844	11.893176	-85.174951	101.729268
36043	6.387333	-6.160179	2.223215	0.514608	-0.702164	0.267051	11.344373	-85.600050	102.575946
36044	6.718280	-5.815344	2.327424	0.537443	-0.700420	0.359116	9.914268	-86.039054	104.319288
36045	6.910452	-5.330075	2.420322	0.515165	-0.658615	0.418015	7.484073	-86.448656	107.050788
36046	7.022669	-4.847397	2.426296	0.456335	-0.565501	0.504323	3.373111	-86.805148	111.431326
36047	8.852538	-4.359045	2.726820	0.395452	-0.454340	0.589088	-2.666872	-87.068286	117.707109
36048	25.997656	-6.031355	10.208388	0.700362	1.169590	0.739572	-8.528023	-86.364500	123.980123
36049	-0.580061	2.591120	-3.776621	-0.782234	3.754285	1.444581	-13.726636	-84.092687	128.746343
36050	8.766238	-1.173984	1.638292	0.333976	0.514130	0.862110	-17.280587	-83.680969	132.513151
36051	15.221698	2.698730	-1.452030	0.292847	1.346278	0.751489	-18.563275	-82.815028	133.974009
36052	3.639442	3.392514	0.761620	-1.034167	3.118311	1.415457	-20.364344	-80.864537	135.194629
36053	2.090731	-0.245584	2.194657	-0.750145	1.055405	1.730387	-24.827683	-79.925320	139.285608
36054	9.590799	-0.487219	4.441109	-0.495277	0.610709	1.675186	-28.920046	-79.182785	143.158014
36055	14.744138	-4.911910	6.159296	-0.576140	1.058747	1.981024	-32.558496	-78.081435	146.532648
36056	13.466698	-3.772536	6.872624	-0.089453	1.024639	1.740211	-34.910862	-77.041955	148.888483
36057	21.335531	-7.014629	2.401604	0.071251	0.431710	1.528838	-37.244277	-76.326749	151.328545
36058	11.660986	-3.499401	1.413406	-0.164708	1.444605	0.680905	-36.620459	-75.432542	150.587271
36059	7.372390	-2.103944	2.977766	0.063945	0.822452	0.448880	-36.305733	-74.901414	150.299899
36060	9.822344	-2.453929	2.571651	0.000805	0.243774	0.319158	-36.559725	-74.682132	150.562714
36061	9.051979	-1.438987	2.316307	0.045158	0.303111	0.240801	-36.559001	-74.461157	150.589103
36062	9.539038	-1.619386	1.758510	-0.046616	0.171528	0.241423	-36.790491	-74.301275	150.800822
36063	8.991798	-1.551298	2.264172	-0.075401	0.259598	0.230356	-36.890293	-74.103808	150.859943
36064	8.773498	-1.853233	2.480955	-0.089227	0.054285	0.262269	-37.312551	-73.989886	151.245002
36065	9.508725	-1.952377	1.800255	-0.024292	-0.022894	0.224298	-37.707260	-73.922751	151.641525
36066	9.679040	-1.771941	1.734953	-0.037097	0.049385	0.189395	-37.982373	-73.835250	151.904810
36067	9.281788	-1.857576	2.107339	-0.061070	0.096194	0.190695	-38.194657	-73.725185	152.089754
36068	9.296554	-1.921146	1.988701	-0.020840	0.037402	0.171975	-38.442695	-73.648679	152.334766
36069	9.551148	-1.974482	1.911653	-0.024867	0.027743	0.138028	-38.632271	-73.587691	152.517814
36070	9.393709	-1.958840	1.948142	-0.011113	0.055899	0.100460	-38.740409	-73.528084	152.622915
36071	9.340503	-1.867703	1.993116	-0.006280	0.022247	0.087266	-38.847267	-73.487543	152.730907
36072	9.477672	-1.831246	1.885480	-0.002682	0.025141	0.077623	-38.952302	-73.449760	152.837846
36073	9.331661	-1.828967	1.949004	-0.008173	0.046231	0.076002	-39.013352	-73.402495	152.896958
36074	9.308918	-1.839940	2.022647	-0.008415	0.031037	0.076496	-39.111982	-73.362436	152.993823
36075	9.358563	-1.813505	2.091779	-0.020398	0.003719	0.067221	-39.217652	-73.337181	153.092221
36076	9.636730	-2.151084	1.595278	-0.021414	-0.004697	0.032107	-39.300452	-73.328979	153.164811
36077	9.319812	-1.426953	2.130158	-0.008809	0.079582	0.031016	-39.253757	-73.283154	153.111094
36078	9.090279	-1.991195	2.089168	-0.058448	0.031257	0.073719	-39.375416	-73.243939	153.202125
36079	9.467408	-1.824523	1.954471	-0.024291	-0.026819	0.057604	-39.505036	-73.235562	153.323262
36080	9.389669	-1.937806	1.976063	-0.052510	0.019775	0.056575	-39.611308	-73.207566	153.401790
36081	9.363495	-1.977256	1.940662	-0.031746	-0.017001	0.046003	-39.715977	-73.198965	153.492426
36082	9.446448	-1.873543	1.893908	-0.021186	0.010857	0.041617	-39.792908	-73.180314	153.559058
36083	9.217778	-1.892199	2.056206	-0.028998	0.016032	0.045246	-39.854565	-73.157381	153.606419
36084	9.289125	-1.860556	2.052570	-0.027062	-0.034826	0.054045	-40.008077	-73.154188	153.749557
36085	9.408557	-1.944480	1.952521	-0.025547	-0.032669	0.049164	-40.132376	-73.151105	153.864438
36086	9.393244	-2.000841	1.941956	-0.023784	-0.027409	0.034154	-40.246123	-73.151845	153.967994
36087	9.365183	-1.933798	1.908627	-0.006755	-0.037502	0.017024	-40.319157	-73.162657	154.040559
36088	9.396606	-1.866077	1.918691	-0.012386	-0.019836	0.015534	-40.390378	-73.166929	154.106497
36089	9.343253	-2.112873	1.989147	-0.044337	-0.014921	-0.029830	-40.389746	-73.185242	154.079600
36090	9.050106	-1.970320	2.186255	-0.017107	-0.062231	-0.086034	-40.369135	-73.245721	154.046780
36091	9.293657	-1.545771	1.888265	-0.029280	-0.132059	-0.063774	-40.455306	-73.327747	154.119537
36092	9.189684	-1.711158	2.067057	-0.093844	-0.062343	-0.012389	-40.586145	-73.360895	154.198950
36093	9.227760	-1.899575	2.003975	-0.083079	-0.162592	0.010975	-40.852209	-73.428129	154.427223
36094	9.597089	-1.878002	1.713654	-0.078871	-0.142223	0.014253	-41.115670	-73.485639	154.653905
36095	9.420006	-1.927012	1.825161	-0.091183	-0.087023	0.017289	-41.302691	-73.517355	154.794770
36096	9.498511	-1.940510	1.734691	-0.074682	-0.093756	0.004897	-41.490593	-73.557163	154.945077
36097	9.548851	-1.924334	1.742093	-0.074805	-0.038494	0.004854	-41.588814	-73.572561	155.003097
36098	9.425682	-1.794020	1.786838	-0.064291	-0.025486	0.009405	-41.690165	-73.581287	155.069346
36099	9.553786	-1.858557	1.715950	-0.080802	0.013057	0.020823	-41.748509	-73.568499	155.082208
36100	9.245024	-1.937472	1.980477	-0.083088	0.037583	0.033147	-41.813427	-73.541228	155.099248
36101	9.373403	-1.913854	1.840474	-0.063106	-0.020637	0.042891	-41.936955	-73.534364	155.190655
36102	9.436316	-1.933081	1.804753	-0.068868	0.002240	0.049720	-42.063009	-73.515780	155.279946
36103	9.368921	-1.939807	1.784591	-0.057823	-0.001332	0.053172	-42.172937	-73.496651	155.360341
36104	9.466386	-1.910629	1.814494	-0.055074	0.013429	0.059866	-42.290630	-73.469343	155.449168
36105	9.368849	-1.938391	1.837982	-0.053751	0.037478	0.061060	-42.358576	-73.430647	155.488223
36106	9.353684	-1.948412	1.886473	-0.055553	0.020117	0.066270	-42.476302	-73.397984	155.576825
36107	9.325513	-1.954702	1.854067	-0.054136	0.014220	0.073330	-42.591370	-73.364316	155.664841
36108	9.408545	-1.888992	1.807348	-0.043214	0.015823	0.084993	-42.733128	-73.326102	155.785931
36109	9.389326	-2.041025	1.870982	-0.061569	0.038557	0.098264	-42.854872	-73.272382	155.876509
36110	9.363280	-2.035166	1.891813	-0.038797	0.007776	0.089191	-43.009136	-73.235769	156.013351
36111	9.477578	-2.018774	1.799544	-0.036361	0.007057	0.086220	-43.139276	-73.199818	156.127823
36112	9.431189	-2.133441	1.831199	-0.033359	0.021311	0.071230	-43.246925	-73.164435	156.219266
36113	9.397693	-2.057053	1.879732	-0.019444	0.016794	0.058435	-43.315580	-73.135218	156.279662
36114	9.351474	-1.975277	1.848570	-0.017237	0.019405	0.058698	-43.398638	-73.105491	156.355081
36115	9.395164	-2.102818	1.881052	-0.034523	0.036924	0.047185	-43.434014	-73.072286	156.371683
36116	9.223386	-2.060095	1.913128	-0.009489	0.010281	0.033372	-43.489435	-73.056311	156.422870
36117	9.410124	-1.934090	1.823417	-0.015645	-0.000279	0.047743	-43.562664	-73.038331	156.490356
36118	9.283445	-2.014593	1.885081	-0.025460	0.031011	0.058759	-43.634638	-73.003707	156.549293
36119	9.331820	-2.038386	1.899633	-0.022016	0.006051	0.071647	-43.735300	-72.973590	156.641672
36120	9.344331	-2.076641	1.850988	-0.017947	0.009356	0.068837	-43.843968	-72.943882	156.743504
36121	9.287050	-1.950554	1.920741	-0.007040	0.007503	0.078924	-43.943259	-72.910176	156.843456
36122	9.329382	-2.005092	1.829663	-0.023592	0.019786	0.109429	-44.095128	-72.859905	156.987143
36123	9.332727	-1.980695	1.810900	-0.021536	0.042942	0.130820	-44.224864	-72.790783	157.110322
36124	9.356798	-2.098820	1.841219	-0.026963	0.049244	0.138116	-44.376663	-72.716779	157.252005
36125	9.325721	-2.118431	1.938875	-0.020231	0.048746	0.139132	-44.506944	-72.641770	157.376634
36126	9.395977	-2.122581	1.812352	-0.016165	0.048661	0.134716	-44.646512	-72.569182	157.512084
36127	9.234818	-2.126510	1.925009	-0.018136	0.068002	0.138849	-44.748410	-72.486279	157.608319
36128	9.193870	-2.161384	1.993333	-0.028241	0.032124	0.138189	-44.918266	-72.418843	157.768378
36129	9.277329	-2.136207	1.945541	-0.017256	-0.005145	0.134206	-45.104952	-72.367293	157.954169
36130	9.314527	-2.148396	1.930643	-0.034930	-0.008913	0.139836	-45.330664	-72.315426	158.168914
36131	9.356021	-2.207469	1.836588	-0.028982	-0.020031	0.131024	-45.536834	-72.270748	158.368208
36132	9.367000	-2.148111	1.792721	-0.026356	-0.000700	0.127546	-45.729394	-72.220170	158.553407
36133	9.357173	-2.196815	1.813986	-0.039969	0.018847	0.131518	-45.890663	-72.159364	158.699044
36134	9.446341	-2.350422	1.858796	-0.027564	0.026856	0.116554	-46.033046	-72.102051	158.830902
36135	9.376973	-2.427620	1.837483	-0.004779	0.036923	0.083194	-46.089941	-72.053802	158.888124
36136	9.324208	-2.217807	1.967612	0.012612	0.033554	0.066019	-46.137782	-72.014592	158.944848
36137	9.312256	-2.307757	1.936582	0.002412	0.024243	0.059662	-46.177434	-71.981070	158.988298
36138	9.261364	-2.225424	1.929340	0.008283	0.009700	0.049319	-46.237296	-71.958199	159.055071
36139	9.356408	-2.280608	1.904635	-0.004559	0.012800	0.048875	-46.282053	-71.933651	159.099703
36140	9.305519	-2.266411	1.892487	0.003618	0.015925	0.041748	-46.327196	-71.911429	159.148198
36141	9.313943	-2.255141	1.923466	0.002350	0.017207	0.046502	-46.359307	-71.886102	159.183701
36142	9.379954	-2.287335	1.816258	0.004910	0.026618	0.048306	-46.397845	-71.856925	159.226035
36143	9.294261	-2.246037	1.925360	0.012939	0.044780	0.045734	-46.387905	-71.821011	159.223680
36144	9.268594	-2.302706	1.944595	0.005335	0.039965	0.042996	-46.402795	-71.788780	159.241388
36145	9.257466	-2.287113	1.921149	0.018602	0.033563	0.038607	-46.395188	-71.760256	159.244906
36146	9.282149	-2.292723	1.957439	0.007959	0.027556	0.037089	-46.417027	-71.735382	159.271516
36147	9.295149	-2.258250	1.915273	0.011659	0.017195	0.029643	-46.423209	-71.717042	159.285366
36148	9.277145	-2.312006	1.909010	0.008582	0.020928	0.029048	-46.443292	-71.698131	159.310509
36149	9.299819	-2.296167	1.893613	0.009333	0.016153	0.025973	-46.447683	-71.681725	159.321071
36150	9.362575	-2.279411	1.865181	0.014540	0.029772	0.021415	-46.444115	-71.662503	159.324897
36151	9.283669	-2.302810	1.946427	0.014038	0.042914	0.022618	-46.408318	-71.636921	159.295961
36152	9.305731	-2.320985	1.930892	0.011272	0.036850	0.024013	-46.400901	-71.613843	159.293756
36153	9.304830	-2.287975	1.937272	0.019673	0.044924	0.013463	-46.348633	-71.591256	159.250856
36154	9.179086	-2.278105	2.057824	0.007465	0.036773	0.016747	-46.334937	-71.571232	159.239731
36155	9.278911	-2.342972	1.958506	0.010089	0.002790	0.013168	-46.340338	-71.565425	159.251823
36156	9.262786	-2.257385	1.959905	0.003385	0.011694	0.011839	-46.354306	-71.557352	159.267395
36157	9.264719	-2.278910	2.011103	0.002766	0.001421	0.010380	-46.362284	-71.553242	159.277781
36158	9.332571	-2.273895	1.904589	0.002892	0.003281	0.015335	-46.391061	-71.547051	159.308673
36159	9.308255	-2.293572	1.922911	0.001600	0.017812	0.018027	-46.388375	-71.533289	159.307113
36160	9.333537	-2.297607	1.957810	0.005516	0.016082	0.018700	-46.403675	-71.520662	159.325386
36161	9.337008	-2.311704	1.884319	0.005837	0.036157	0.018154	-46.375955	-71.499598	159.299989
36162	9.258289	-2.300228	1.967515	0.008083	0.038734	0.018432	-46.361386	-71.478150	159.288315
36163	9.226799	-2.286565	2.013735	0.012384	0.030315	0.012713	-46.330825	-71.461645	159.263871
36164	9.199614	-2.319642	1.980878	0.009322	0.020811	0.014171	-46.332683	-71.449057	159.270274
36165	9.255883	-2.303587	1.974889	0.002807	0.004816	0.011947	-46.338236	-71.442956	159.278132
36166	9.311945	-2.321794	1.966164	0.006378	0.009492	0.009050	-46.349681	-71.436973	159.292870
36167	9.245753	-2.286113	1.949833	0.008116	0.016896	0.010766	-46.335886	-71.426582	159.283528
36168	9.254821	-2.271779	1.980788	0.009303	0.012495	0.014415	-46.348231	-71.417201	159.300986
36169	9.293929	-2.307085	1.966708	0.004591	0.015615	0.015229	-46.343292	-71.405467	159.298855
36170	9.236815	-2.291200	1.977616	0.008579	0.012353	0.019292	-46.361893	-71.394133	159.322481
36171	9.285096	-2.345969	1.990625	0.000147	0.013860	0.016232	-46.362831	-71.382677	159.323864
36172	9.308653	-2.294903	1.976915	0.004907	0.014133	0.016985	-46.378569	-71.371600	159.342252
36173	9.297612	-2.380157	1.944687	0.005800	0.015853	0.007096	-46.363098	-71.363146	159.329738
36174	9.260391	-2.298030	2.016828	0.010487	0.017655	0.004464	-46.356612	-71.355881	159.328048
36175	9.196123	-2.316798	2.048459	0.001522	0.002433	0.005158	-46.357826	-71.353536	159.330555
36176	9.264488	-2.311365	1.942085	0.005435	0.000700	0.005839	-46.376618	-71.352405	159.352494
36177	9.219686	-2.299588	2.031406	0.000385	-0.003013	0.005144	-46.385157	-71.352218	159.362045
36178	9.282867	-2.350550	1.995612	0.002581	-0.017075	0.005929	-46.427510	-71.358077	159.407129
36179	9.287989	-2.329085	1.920565	0.001447	-0.009279	0.003844	-46.441634	-71.360901	159.423215
36180	9.320927	-2.330572	1.930476	0.008288	0.005232	0.007818	-46.455480	-71.357169	159.441665
36181	9.306350	-2.333790	1.978413	0.008292	0.018474	0.005746	-46.433755	-71.348245	159.424056
36182	9.230720	-2.312728	1.932736	0.014305	0.009132	0.002009	-46.432539	-71.345401	159.430251
36183	9.209236	-2.316760	2.003653	0.007298	0.006286	0.000974	-46.420803	-71.343269	159.422582
36184	9.202162	-2.318021	2.026975	0.005529	-0.009436	-0.000484	-46.444504	-71.348801	159.449771
36185	9.200448	-2.297177	1.975042	0.005090	-0.023061	-0.005120	-46.463015	-71.360786	159.472691
36186	9.257731	-2.279715	1.966296	-0.000390	-0.010230	-0.003071	-46.488047	-71.367701	159.497710
36187	9.279311	-2.275351	1.895168	-0.002082	-0.014240	-0.003217	-46.502067	-71.375411	159.511551
36188	9.328585	-2.294449	1.909004	-0.000285	0.013485	0.009514	-46.512509	-71.367762	159.521240
36189	9.249950	-2.316623	1.987400	0.001744	0.011089	0.013238	-46.512356	-71.358643	159.522438
36190	9.287399	-2.297086	1.924713	0.003750	0.013617	0.015143	-46.526859	-71.348618	159.538855
36191	9.264936	-2.337025	1.994317	0.002982	0.023325	0.016380	-46.514594	-71.333368	159.528018
36192	9.264500	-2.303917	1.998996	0.013035	0.027354	0.016200	-46.508065	-71.317501	159.527853
36193	9.240118	-2.289238	2.020950	0.006531	0.023367	0.025257	-46.504094	-71.298544	159.527917
36194	9.253004	-2.323054	1.973877	0.009203	0.009396	0.022797	-46.529422	-71.287023	159.559071
36195	9.325281	-2.326172	1.972044	0.002709	0.018653	0.029775	-46.538652	-71.268045	159.570761
36196	9.281977	-2.308431	1.937250	0.007969	0.032256	0.025199	-46.539353	-71.246524	159.575170
36197	9.297308	-2.294210	1.947216	0.012933	0.046108	0.032202	-46.511928	-71.215714	159.554336
36198	9.328041	-2.332894	1.959932	0.011459	0.050761	0.040122	-46.505314	-71.180715	159.553129
36199	9.262328	-2.320277	1.998340	0.019163	0.067279	0.044147	-46.462497	-71.136585	159.519795
36200	9.212161	-2.359887	2.039073	0.018816	0.060446	0.042637	-46.442884	-71.096733	159.509301
36201	9.240212	-2.254940	1.958579	0.022279	0.066942	0.046297	-46.401456	-71.051832	159.479305
36202	9.301913	-2.364988	1.979707	0.021457	0.076962	0.057454	-46.377565	-70.999315	159.465878
36203	9.291718	-2.371005	2.011251	0.030962	0.087343	0.055305	-46.317306	-70.942599	159.421207
36204	9.201446	-2.342597	2.072048	0.030215	0.097069	0.056495	-46.263562	-70.882523	159.381484
36205	9.191594	-2.313994	2.106349	0.032919	0.081567	0.057437	-46.212089	-70.827185	159.347269
36206	9.298616	-2.402848	2.041377	0.026157	0.068942	0.058409	-46.196675	-70.777452	159.345641
36207	9.280153	-2.355477	2.047014	0.032430	0.081497	0.060642	-46.149576	-70.720806	159.315741
36208	9.267428	-2.375857	2.026556	0.033400	0.095235	0.061957	-46.103216	-70.659176	159.285712
36209	9.176684	-2.347633	2.087788	0.040777	0.104916	0.064457	-46.028666	-70.591627	159.231759
36210	9.191867	-2.322518	2.156447	0.033589	0.089174	0.075439	-46.004977	-70.526842	159.225857
36211	9.312340	-2.356697	1.998294	0.035984	0.087191	0.085846	-45.978447	-70.457511	159.219892
36212	9.370344	-2.450056	1.973388	0.049595	0.124508	0.094993	-45.926779	-70.370613	159.194013
36213	9.254844	-2.462379	2.105430	0.061001	0.139251	0.101260	-45.843636	-70.274175	159.143139
36214	9.529534	-2.432000	1.930515	0.086912	0.149859	0.110081	-45.759303	-70.170944	159.105221
36215	9.377406	-2.458407	2.005620	0.099564	0.230516	0.132203	-45.586529	-70.025221	158.982451
36216	9.202785	-2.474219	2.205951	0.126608	0.216721	0.142116	-45.441796	-69.882028	158.904356
36217	9.204120	-2.414052	2.209620	0.129584	0.217566	0.132455	-45.270429	-69.741189	158.801185
36218	9.172441	-2.407371	2.250614	0.104541	0.206809	0.148440	-45.159203	-69.599282	158.745178
36219	9.302947	-2.350536	2.192585	0.124260	0.200745	0.173492	-45.056725	-69.448434	158.712096
36220	9.220891	-2.164016	2.352436	0.126899	0.203158	0.240061	-45.036986	-69.270814	158.767407
36221	9.361331	-2.440437	2.156992	0.105794	0.191274	0.303135	-45.093955	-69.071206	158.893523
36222	9.221515	-2.476275	2.445215	0.116531	0.225807	0.346200	-45.165912	-68.841340	159.040841
36223	8.306759	-2.553906	2.850046	0.057530	0.146162	0.299722	-45.290175	-68.661198	159.209845
36224	9.026774	-2.193700	2.448622	0.068124	-0.022455	0.326162	-45.621974	-68.538917	159.606800
36225	8.897902	-2.567150	2.526219	-0.014992	0.021342	0.345843	-45.957589	-68.389110	159.958680
36226	9.089664	-2.635339	2.359671	0.003646	-0.062496	0.346374	-46.379077	-68.272571	160.413123
36227	9.370339	-2.596060	2.326869	-0.008043	-0.047361	0.371483	-46.797931	-68.137357	160.859570
36228	9.531591	-2.757341	2.170872	-0.011919	-0.048155	0.415202	-47.269931	-67.983855	161.359690
36229	9.474768	-3.118232	2.068002	-0.007434	0.017793	0.409040	-47.645016	-67.805047	161.760248
36230	9.094431	-2.949245	2.286354	0.024231	0.066799	0.358890	-47.911687	-67.628796	162.062020
36231	9.087703	-3.014596	2.269653	0.028909	0.091118	0.346660	-48.121823	-67.446992	162.307644
36232	8.964441	-2.371932	2.509125	0.055738	0.012246	0.350152	-48.410114	-67.294298	162.653110
36233	8.846704	-2.846580	2.493355	-0.062229	0.081657	0.390306	-48.713583	-67.096450	162.943948
36234	8.769375	-2.792141	2.550602	-0.031561	-0.031365	0.374854	-49.108596	-66.948035	163.351881
36235	9.231208	-2.657484	2.504365	-0.066916	-0.067481	0.398375	-49.563151	-66.800855	163.804776
36236	9.470631	-3.068935	2.137217	-0.108586	-0.054369	0.460915	-50.088250	-66.620754	164.307230
36237	9.354409	-3.158239	2.149264	-0.082712	0.039312	0.469922	-50.490897	-66.400005	164.694900
36238	8.966849	-3.090996	2.361456	-0.083263	0.084003	0.476941	-50.859711	-66.159687	165.044088
36239	8.823611	-3.022739	2.452391	-0.079509	0.062720	0.479907	-51.230757	-65.924039	165.400582
36240	8.744167	-2.977124	2.510836	-0.108727	0.040437	0.495294	-51.657875	-65.689192	165.798944
36241	8.761267	-3.096333	2.493462	-0.137085	0.000175	0.503530	-52.127676	-65.462893	166.228972
36242	9.020156	-3.242032	2.401460	-0.146036	-0.021740	0.514102	-52.635828	-65.238615	166.694394
36243	9.268266	-3.454262	2.202880	-0.151217	0.028309	0.531393	-53.090224	-64.986879	167.100114
36244	9.523062	-3.784434	2.142728	-0.142442	0.127797	0.561561	-53.467392	-64.686594	167.424989
36245	9.422072	-3.725581	2.103507	-0.112568	0.217855	0.621811	-53.763799	-64.326509	167.682233
36246	9.443879	-3.664196	2.244295	-0.090608	0.241829	0.685514	-54.072660	-63.928862	167.966030
36247	9.224743	-3.393548	2.589363	-0.096297	0.258196	0.744615	-54.389153	-63.497009	168.257809
36248	9.177350	-3.299302	2.732346	-0.138211	0.205415	0.821917	-54.829936	-63.046318	168.660804
36249	8.922046	-3.223700	2.770363	-0.190356	0.207062	0.876412	-55.308808	-62.567483	169.076884
36250	8.787802	-3.453335	2.820933	-0.230377	0.160786	0.928812	-55.879155	-62.077729	169.569966
36251	8.938101	-3.427806	2.685753	-0.251798	0.118746	0.977573	-56.499329	-61.575265	170.110153
36252	8.796171	-3.760571	2.570757	-0.302822	0.133116	1.032448	-57.156983	-61.039723	170.660112
36253	8.793613	-3.948461	2.454706	-0.299307	0.109770	1.071278	-57.822688	-60.489087	171.226792
36254	8.824440	-4.080172	2.377971	-0.297459	0.133087	1.115329	-58.477839	-59.907318	171.783323
36255	8.804403	-4.162415	2.415831	-0.288611	0.152628	1.171920	-59.108279	-59.288488	172.322872
36256	8.723984	-4.245112	2.356331	-0.283713	0.175877	1.227393	-59.729908	-58.633051	172.856473
36257	8.597544	-4.363584	2.386807	-0.281064	0.193499	1.277713	-60.327053	-57.944269	173.369440
36258	8.769999	-4.481927	2.481220	-0.262057	0.217472	1.335284	-60.905689	-57.217735	173.874701
36259	8.667976	-4.642607	2.398804	-0.279826	0.263427	1.380039	-61.446688	-56.453011	174.329781
36260	8.428006	-4.902666	2.425413	-0.283898	0.294896	1.415050	-61.967267	-55.660265	174.758722
36261	8.385253	-5.029861	2.346270	-0.254129	0.307996	1.430020	-62.438419	-54.853962	175.155240
36262	8.279297	-5.198050	2.482961	-0.253392	0.351241	1.452431	-62.875931	-54.023542	175.511899
36263	8.385247	-5.503956	2.685089	-0.222210	0.382158	1.473155	-63.256739	-53.172647	175.827190
36264	8.381656	-5.221493	2.705954	-0.191740	0.415145	1.479375	-63.592844	-52.309354	176.108566
36265	9.142769	-5.796006	2.981045	-0.228375	0.446077	1.474613	-63.907483	-51.439340	176.342557
36266	9.576904	-5.571101	2.616406	-0.130934	0.566795	1.455865	-64.080720	-50.548505	176.465894
36267	8.000129	-5.594315	2.472083	-0.259920	0.710858	1.540683	-64.250975	-49.577286	176.494087
36268	7.805609	-6.239567	2.284689	-0.166962	0.632411	1.563911	-64.424278	-48.614111	176.593514
36269	8.570325	-6.861487	2.636547	-0.215905	0.518929	1.588112	-64.684405	-47.665500	176.777066
36270	7.799872	-6.073723	2.578271	-0.122226	0.466937	1.625080	-64.927558	-46.710504	177.009419
36271	7.748905	-5.991354	2.409539	-0.191941	0.545894	1.654326	-65.158685	-45.719969	177.177625
36272	6.943464	-6.316164	2.519801	-0.163897	0.522971	1.700167	-65.395237	-44.711320	177.374642
36273	7.695230	-6.319736	2.740725	-0.130495	0.464340	1.743147	-65.636830	-43.692907	177.614326
36274	7.288918	-6.143068	2.752153	-0.157324	0.511658	1.793721	-65.878223	-42.636985	177.831121
36275	7.528593	-6.365579	2.874281	-0.175056	0.533070	1.855617	-66.116891	-41.542278	178.037967
36276	7.318221	-6.560621	2.846652	-0.190872	0.549039	1.941780	-66.371330	-40.398940	178.254588
36277	7.379842	-6.620564	2.908639	-0.198656	0.552768	2.033561	-66.630008	-39.204928	178.481312
36278	7.815941	-6.686323	3.150080	-0.220131	0.540495	2.151706	-66.922559	-37.951701	178.743131
36279	7.759361	-6.579880	3.171440	-0.264043	0.604089	2.286246	-67.219442	-36.611219	178.983949
36280	7.908697	-6.767030	3.492756	-0.312307	0.633708	2.433083	-67.549145	-35.186865	179.235558
36281	8.339261	-6.968044	3.630449	-0.379055	0.641958	2.599281	-67.919574	-33.670050	179.507074
36282	7.895936	-6.922450	3.614243	-0.460496	0.709397	2.778251	-68.327822	-32.043954	179.767233
36283	3.797855	-6.853400	3.409055	-0.687015	0.893810	3.238655	-68.842301	-30.130255	-179.998263
36284	6.677893	-8.262180	3.952899	-0.572659	0.139724	3.197598	-69.498078	-28.392084	-179.334650
36285	7.631109	-6.893614	4.357340	-0.787332	0.299999	3.475137	-70.221067	-26.464317	-178.743981
36286	6.923777	-7.671810	3.966639	-0.911709	0.260048	3.710263	-71.016307	-24.412530	-178.116305
36287	5.475573	-8.777360	3.142642	-1.267974	0.307903	4.006310	-71.984275	-22.180497	-177.505375
36288	4.443099	-10.881239	2.839480	-1.473005	-0.306878	4.194897	-73.173938	-19.943179	-176.552823
36289	8.919338	-11.419944	3.048715	-1.124820	-0.991015	4.008092	-74.226077	-17.899083	-175.295267
36290	10.477674	-7.831128	4.015395	-1.112953	-0.475246	4.182569	-75.137851	-15.663326	-174.358288
36291	9.351791	-8.061257	3.311663	-1.244338	-0.034637	4.286937	-76.013623	-13.290221	-173.706402
36292	6.316827	-7.277330	2.334023	-1.064317	0.423664	4.194961	-76.697974	-10.902323	-173.366782
36293	5.785026	-7.951888	2.843542	-0.758001	0.820915	3.772725	-77.137451	-8.691121	-173.334994
36294	6.702930	-7.117213	7.647774	0.008091	0.815692	2.884877	-77.124014	-6.981581	-173.422580
36295	16.295760	-6.653452	-0.475030	0.808591	-1.754663	0.133671	-76.783854	-7.134682	-172.418097
36296	22.228176	-2.906939	4.004608	0.863861	-0.765635	-1.720455	-76.318369	-8.203470	-172.218396
36297	13.650627	-3.835566	4.835484	1.038685	-0.376660	-2.736895	-75.696085	-9.778010	-172.390090
36298	11.946288	-3.440588	3.813094	1.791611	-0.104860	-3.457110	-74.586152	-11.719554	-172.847611
36299	7.758901	-4.828258	2.566965	1.941449	0.691483	-3.420180	-73.266911	-13.493662	-173.793478
36300	3.426340	-4.293878	1.469021	2.297661	0.658450	-3.297870	-71.714235	-15.195545	-174.751385
36301	2.640264	-2.787677	0.539321	2.404898	0.223263	-3.228551	-70.127213	-16.902705	-175.506211
36302	3.374378	-1.911561	0.125992	2.269442	-0.113769	-3.151124	-68.643666	-18.629217	-176.109485
36303	4.584205	-1.853690	0.105089	2.114029	-0.480573	-3.216879	-67.277189	-20.441752	-176.572448
36304	5.986619	-1.557854	0.240387	1.948815	-0.746576	-3.398960	-66.012498	-22.413496	-176.979802
36305	6.992605	-1.378725	0.329165	1.723920	-0.791349	-3.580304	-64.833204	-24.468367	-177.460263
36306	7.051017	-1.436928	0.342940	1.452130	-0.678495	-3.701393	-63.729675	-26.563049	-178.091852
36307	6.545717	-1.624979	0.177185	1.186807	-0.544829	-3.749827	-62.688795	-28.622434	-178.870067
36308	6.082747	-1.929243	-0.054957	0.902259	-0.489697	-3.725652	-61.747183	-30.658169	-179.729317
36309	5.966224	-2.143185	-0.183499	0.622949	-0.524905	-3.679686	-60.929097	-32.653215	179.392742
36310	6.225820	-2.416144	-0.179879	0.345449	-0.621864	-3.635533	-60.256818	-34.659934	178.536639
36311	6.826690	-2.849554	-0.014037	0.082599	-0.761152	-3.623137	-59.735109	-36.676555	177.723714
36312	7.378148	-3.363396	0.277754	-0.149400	-0.872602	-3.621513	-59.340396	-38.736428	176.938381
36313	7.952681	-3.865931	0.562930	-0.325328	-0.968617	-3.636025	-59.034915	-40.810758	176.170076
36314	8.479042	-4.277712	0.818267	-0.469049	-0.993070	-3.615419	-58.781420	-42.896990	175.387493
36315	8.818495	-4.558584	0.979127	-0.592820	-0.948626	-3.557840	-58.547087	-44.921624	174.560339
36316	8.753342	-4.794043	1.049680	-0.724750	-0.863704	-3.449208	-58.329222	-46.883620	173.679014
36317	8.756882	-5.105608	1.063327	-0.856285	-0.801595	-3.305750	-58.150386	-48.736635	172.775930
36318	9.336102	-5.483867	1.250260	-1.034490	-0.770838	-3.170550	-58.053852	-50.531671	171.871682
36319	10.262289	-6.212998	1.713804	-1.242591	-0.752400	-3.098134	-58.046977	-52.266815	170.952297
36320	10.437598	-7.352498	2.342918	-1.441990	-0.669648	-3.041401	-58.077009	-53.968152	169.957393
36321	9.716221	-8.751656	2.842052	-1.570093	-0.529581	-2.890097	-58.102103	-55.535029	168.886948
36322	8.561685	-10.083053	3.139410	-1.649013	-0.364001	-2.607748	-58.129270	-56.933092	167.783680
36323	7.488653	-11.101534	3.288604	-1.678677	-0.188450	-2.207646	-58.187203	-58.065407	166.712311
36324	6.858780	-11.925786	3.475690	-1.656916	-0.040952	-1.748448	-58.306290	-58.947622	165.739214
36325	6.364689	-12.451519	3.358228	-1.578874	0.107980	-1.293027	-58.469320	-59.546908	164.876608
36326	6.376263	-12.548922	3.247062	-1.456200	0.192951	-0.863425	-58.698190	-59.927828	164.176066
36327	6.380192	-12.517958	3.005112	-1.329860	0.266863	-0.485152	-58.983865	-60.087372	163.626483
36328	6.341931	-12.244478	2.768612	-1.173574	0.247904	-0.202650	-59.339815	-60.128902	163.261684
36329	6.471305	-12.180628	2.500376	-1.016812	0.166287	-0.007667	-59.775269	-60.085204	163.092303
36330	6.359432	-12.179432	2.431833	-0.842778	0.013339	0.096073	-60.295163	-60.046739	163.134881
36331	6.087790	-11.960238	2.341894	-0.684845	-0.193917	0.126226	-60.916745	-60.039048	163.399751
36332	5.978216	-11.780656	2.322577	-0.525333	-0.434624	0.072219	-61.634484	-60.133893	163.879963
36333	5.913535	-11.602685	2.322612	-0.381420	-0.642878	-0.011500	-62.415860	-60.313287	164.528747
36334	5.651742	-11.476135	2.496341	-0.227728	-0.822264	-0.132096	-63.229465	-60.605669	165.312909
36335	5.712065	-11.421843	2.580597	-0.045731	-0.959918	-0.267034	-64.015308	-60.987892	166.183488
36336	5.555103	-11.241106	2.685860	0.130204	-1.008898	-0.367199	-64.730025	-61.435825	167.082741
36337	5.120797	-11.175505	2.727054	0.320975	-1.047089	-0.411321	-65.370442	-61.903373	168.019549
36338	4.404136	-10.657971	2.667142	0.490986	-1.058956	-0.395317	-65.966347	-62.366245	169.010225
36339	3.631260	-10.029244	2.639122	0.636912	-1.090458	-0.290727	-66.574034	-62.770970	170.106363
36340	3.157707	-9.560497	2.506904	0.739262	-1.144396	-0.127360	-67.284587	-63.099791	171.378218
36341	2.901559	-9.152681	2.354300	0.824506	-1.206730	0.058770	-68.104566	-63.331860	172.826241
36342	2.964208	-8.681290	2.251362	0.879737	-1.270488	0.241339	-69.065245	-63.471898	174.462512
36343	3.297633	-8.353120	2.185244	0.910574	-1.282982	0.384733	-70.079251	-63.522682	176.178880
36344	3.919121	-8.103975	2.161817	0.925718	-1.246970	0.487544	-71.098365	-63.497991	177.908284
36345	4.550593	-7.966775	2.165143	0.915878	-1.129063	0.565496	-72.006727	-63.396111	179.510703
36346	4.866785	-7.631342	2.069477	0.894512	-0.968726	0.594349	-72.763024	-63.239398	-179.071117
36347	4.825738	-7.345637	1.942676	0.832362	-0.797699	0.612532	-73.351266	-63.037636	-177.876819
36348	4.949675	-7.110343	1.752162	0.771038	-0.666427	0.606501	-73.828912	-62.810876	-176.846055
36349	4.922543	-7.049740	1.605751	0.676495	-0.512675	0.602729	-74.172350	-62.560647	-176.022953
36350	4.587460	-7.082107	1.476564	0.601426	-0.390661	0.628708	-74.437318	-62.272131	-175.337028
36351	4.411239	-7.013288	1.474345	0.520209	-0.283269	0.722295	-74.642946	-61.917294	-174.766744
36352	4.253804	-7.168803	1.311913	0.445267	-0.205692	0.857780	-74.849275	-61.470922	-174.244449
36353	4.189931	-7.153854	1.236184	0.383992	-0.155718	0.985119	-75.052752	-60.949783	-173.760906
36354	4.417021	-7.092424	1.208974	0.322916	-0.119277	1.129534	-75.289585	-60.337492	-173.278797
36355	4.542808	-7.326396	1.344947	0.275592	-0.037468	1.266973	-75.484722	-59.641235	-172.870770
36356	4.238449	-7.750338	1.475367	0.266186	0.029015	1.414893	-75.654138	-58.846968	-172.498152
36357	3.513913	-8.187645	1.436225	0.288217	0.012131	1.587241	-75.842047	-57.964590	-172.083341
36358	2.950545	-8.548483	1.421396	0.324486	-0.156805	1.771835	-76.186647	-56.995149	-171.456306
36359	2.597845	-8.569533	1.522248	0.382452	-0.375445	1.935583	-76.676057	-55.968306	-170.606126
36360	2.281423	-8.531641	1.685512	0.437040	-0.608552	2.073473	-77.314709	-54.881881	-169.528598
36361	2.427951	-8.592632	2.134035	0.514983	-0.836661	2.188403	-78.044547	-53.759888	-168.266569
36362	2.845886	-9.141289	2.796394	0.603582	-1.021067	2.327870	-78.827763	-52.561778	-166.857976
36363	3.617297	-9.501111	3.734971	0.757705	-1.147018	2.460870	-79.555473	-51.300727	-165.381911
36364	4.439733	-9.809668	4.232883	0.946667	-1.175729	2.560421	-80.141803	-49.965429	-163.923596
36365	4.588607	-9.092086	3.985301	1.108665	-1.149022	2.593669	-80.550459	-48.611489	-162.546145
36366	27.549130	-8.754768	0.337911	1.592809	-2.256444	0.954681	-81.178850	-48.265749	-160.487472
36367	87.646057	22.969594	-8.621059	5.953942	-1.310583	-9.520280	-77.425206	-53.765033	-160.923559
36368	-12.420206	-3.253805	10.104804	-9.513813	14.087664	-4.419307	-71.261224	-54.024811	-175.287251
36369	13.466813	-24.090637	-0.931333	3.052977	1.394000	-4.928560	-66.989039	-56.380160	-178.357924
36370	-5.073961	-4.120702	-11.721751	-1.779412	3.786940	-4.610857	-63.248367	-57.862124	175.973733
36371	0.422970	-26.882145	-0.224982	3.149845	-2.292097	-2.764309	-62.173233	-59.872552	176.826519
36372	33.735666	10.077659	3.066561	4.588803	-2.899622	-6.740694	-58.690889	-64.045992	175.859432
36373	15.576260	1.804108	8.940942	-1.511287	3.233872	-1.372820	-55.512249	-63.700571	171.355288
36374	9.469612	-7.551184	3.036911	1.373872	-0.363562	-1.410609	-54.128156	-64.479078	170.689993
36375	11.758356	-0.185826	3.254351	0.998979	-0.443797	-1.621942	-52.809478	-65.377962	169.866418
36376	8.744804	-1.732339	3.595584	0.011173	0.397909	-0.803040	-51.801998	-65.600726	168.764658
36377	7.456704	-4.066949	3.282298	0.086840	-0.191543	-0.890775	-51.235242	-66.069324	168.198325
36378	9.545561	-2.659665	2.678671	0.374911	-0.678885	-0.984887	-50.913027	-66.750789	168.079749
36379	9.539253	-3.081338	2.381805	-0.095702	-0.298562	-0.909130	-50.501769	-67.263026	167.573753
36380	8.949569	-3.451483	2.565295	-0.078235	-0.440077	-1.012955	-50.130960	-67.868899	167.122840
36381	9.776613	-2.057987	1.857269	0.033385	-0.648128	-1.033095	-49.870890	-68.561807	166.863685
36382	11.477045	-0.615817	2.527473	-0.088553	-0.801498	-0.375011	-50.488554	-69.019223	167.470668
36383	10.560408	-3.813205	-0.911222	-0.330635	-0.165604	-0.257663	-50.623498	-69.194282	167.412647
36384	8.201772	-1.727336	3.885633	0.009200	0.128799	-0.199519	-50.289721	-69.234154	167.060140
36385	8.867210	-2.900438	2.379532	-0.207991	-0.470666	-0.127005	-50.838101	-69.462427	167.519132
36386	9.627168	-2.490441	1.513716	-0.080227	-0.294827	-0.131479	-51.121415	-69.625894	167.771435
36387	8.902889	-2.679384	2.318297	-0.180910	-0.172785	-0.079463	-51.355788	-69.724149	167.911142
36388	9.387566	-2.754967	1.695849	-0.091106	-0.317423	-0.087775	-51.722752	-69.875267	168.245552
36389	9.582770	-2.725840	1.523862	-0.104094	-0.124077	-0.076483	-51.860320	-69.954446	168.328832
36390	9.244809	-2.804735	1.922237	-0.063861	-0.074282	-0.073777	-51.930179	-70.012653	168.363264
36391	9.442331	-2.757331	1.689844	-0.037944	-0.079716	-0.079730	-51.972723	-70.077552	168.385704
36392	9.316076	-2.726204	1.825778	-0.036055	0.006698	-0.077861	-51.922154	-70.109035	168.308980
36393	9.251519	-2.767399	1.857553	-0.013739	0.003654	-0.076219	-51.850183	-70.142876	168.224390
36394	9.238516	-2.636415	1.753546	0.010346	0.059534	-0.092513	-51.692263	-70.162175	168.061832
36395	8.915578	-2.595047	2.201040	-0.005900	0.109688	-0.087813	-51.471759	-70.163316	167.824131
36396	8.854703	-2.513626	2.188102	0.021853	0.011237	-0.091458	-51.367656	-70.199082	167.725824
36397	9.104781	-2.433816	2.033554	-0.016405	0.041209	-0.063998	-51.261420	-70.213719	167.603236
36398	8.845030	-2.572569	2.340549	-0.030803	-0.015753	-0.043004	-51.268666	-70.237434	167.591244
36399	9.261863	-2.589587	1.897522	-0.013308	-0.071618	-0.040642	-51.324208	-70.282037	167.642462
36400	9.179699	-2.703304	1.970157	-0.034404	-0.029995	-0.037760	-51.356435	-70.308512	167.654841
36401	9.191996	-2.580096	2.017997	-0.009250	-0.071968	-0.045026	-51.406081	-70.355177	167.702242
36402	9.286412	-2.666708	1.860723	-0.026602	-0.058476	-0.040003	-51.467466	-70.392840	167.750335
36403	9.243792	-2.626722	1.893128	-0.013861	-0.045253	-0.037315	-51.494255	-70.426488	167.770648
36404	9.252243	-2.623603	1.865894	-0.013437	-0.028658	-0.038191	-51.512543	-70.452717	167.780997
36405	9.137222	-2.546989	2.033029	-0.009017	-0.014715	-0.025167	-51.510276	-70.470024	167.773418
36406	9.172166	-2.598198	1.963912	-0.007333	-0.043366	-0.018392	-51.563565	-70.492635	167.824624
36407	9.270608	-2.585093	1.937175	-0.011623	-0.034706	-0.011236	-51.602188	-70.510808	167.858839
36408	9.280776	-2.600911	1.835573	-0.009494	-0.019003	-0.010164	-51.634157	-70.521056	167.886118
36409	9.252412	-2.634132	1.927469	-0.011528	-0.008377	-0.012686	-51.637910	-70.530507	167.883400
36410	9.179971	-2.628688	1.931061	-0.001592	-0.006545	-0.017992	-51.641632	-70.539869	167.885524
36411	9.191135	-2.558598	1.907908	-0.001836	-0.004541	-0.009896	-51.637762	-70.546702	167.880611
36412	9.153592	-2.573951	1.973222	0.001345	0.001982	-0.003218	-51.643757	-70.546417	167.886939
36413	9.208917	-2.541760	1.912612	0.008894	-0.007884	0.004975	-51.652962	-70.547758	167.902413
36414	9.213346	-2.577094	1.889201	0.005611	0.014490	0.014817	-51.658650	-70.534945	167.911016
36415	9.190562	-2.612619	1.960297	0.008538	0.005853	0.017352	-51.663027	-70.525840	167.921154
36416	9.196797	-2.613908	1.937567	0.013105	0.004057	0.013144	-51.675906	-70.517507	167.941947
36417	9.120858	-2.593963	2.017888	0.006701	0.001310	0.007457	-51.677154	-70.514463	167.947651
36418	9.174108	-2.596895	1.956551	0.009647	-0.015626	0.008809	-51.712560	-70.515078	167.990248
36419	9.196589	-2.615594	1.936280	0.004887	-0.017830	0.001673	-51.733374	-70.521427	168.015604
36420	9.227772	-2.599859	1.893128	0.008299	-0.011309	0.006731	-51.761911	-70.521449	168.050103
36421	9.238543	-2.584050	1.921226	0.007229	-0.000129	0.007608	-51.764829	-70.518845	168.057898
36422	9.220647	-2.600945	1.916916	0.009817	0.009268	0.010742	-51.770260	-70.509787	168.068818
36423	9.191167	-2.583079	1.960730	0.012947	0.015223	0.007550	-51.750322	-70.501765	168.055844
36424	9.153535	-2.650505	1.951919	0.007576	0.011598	0.008650	-51.751897	-70.492844	168.061319
36425	9.183640	-2.584090	1.986442	0.010587	-0.000475	0.008096	-51.753808	-70.490143	168.070089
36426	9.165868	-2.600925	1.981587	0.006108	-0.002112	0.009211	-51.774101	-70.485842	168.094539
36427	9.186024	-2.654432	1.961882	0.011427	-0.011651	0.008838	-51.790462	-70.486767	168.119151
36428	9.177345	-2.636626	1.932718	0.004881	-0.017830	0.001679	-51.823811	-70.491431	168.156715
36429	9.197247	-2.586090	1.936460	0.007122	-0.020159	0.003768	-51.848406	-70.497644	168.187444
36430	9.252757	-2.607031	1.925856	0.005375	-0.008965	0.009490	-51.877948	-70.495656	168.221277
36431	9.217507	-2.639958	1.915690	0.006266	-0.000684	0.004206	-51.878701	-70.494776	168.226192
36432	9.201925	-2.621815	1.911123	0.007769	-0.003574	0.001281	-51.891745	-70.494597	168.243984
36433	9.207904	-2.571167	1.963975	0.010941	0.011253	0.009130	-51.879546	-70.487276	168.237999
36434	9.177033	-2.638826	1.931199	0.010730	0.002958	0.009566	-51.890760	-70.481073	168.255658
36435	9.203044	-2.588975	1.913701	0.009681	0.005839	0.009258	-51.886296	-70.475609	168.257115
36436	9.142589	-2.587364	1.998818	0.007130	0.005317	0.017171	-51.904071	-70.465160	168.279553
36437	9.204325	-2.609400	1.965833	0.008874	-0.012171	0.016750	-51.930414	-70.462681	168.313208
36438	9.217475	-2.611065	1.918417	0.005203	-0.002088	0.015670	-51.957073	-70.455532	168.343914
36439	9.179421	-2.627972	1.983780	0.008123	-0.004433	0.012913	-51.970171	-70.452044	168.363059
36440	9.221023	-2.544595	1.918601	0.010957	-0.009632	0.018542	-52.005865	-70.446267	168.406860
36441	9.233984	-2.598944	1.923052	0.008469	0.009303	0.020421	-52.008740	-70.434539	168.415368
36442	9.231231	-2.635050	1.923710	0.011161	0.006963	0.019279	-52.023828	-70.422599	168.437437
36443	9.210849	-2.634849	1.868446	0.009067	0.012726	0.018660	-52.020252	-70.410459	168.439463
36444	9.185216	-2.601361	1.964442	0.010773	0.020138	0.021770	-52.021236	-70.392769	168.446329
36445	9.157924	-2.653648	1.984204	0.006824	0.008766	0.021866	-52.027131	-70.380577	168.457046
36446	9.279361	-2.678736	1.868195	0.011689	0.011813	0.014132	-52.030478	-70.369283	168.466987
36447	9.198475	-2.623822	1.973999	0.012061	0.029832	0.009860	-51.994841	-70.355085	168.436795
36448	9.211102	-2.624931	1.930064	0.019598	0.026258	0.012759	-51.973999	-70.339335	168.425866
36449	9.163432	-2.623815	1.970616	0.013746	0.032969	0.024735	-51.948214	-70.317308	168.407155
36450	9.162297	-2.625498	1.973651	0.025034	0.022157	0.020337	-51.936884	-70.299602	168.409640
36451	9.245608	-2.614407	1.873974	0.021200	0.032839	0.030714	-51.912968	-70.274919	168.397446
36452	9.228362	-2.650744	1.925053	0.022775	0.051410	0.028208	-51.873908	-70.243344	168.369098
36453	9.193451	-2.650729	1.921196	0.023003	0.059709	0.027750	-51.812501	-70.210480	168.318157
36454	9.148957	-2.633530	2.016369	0.023755	0.058263	0.026283	-51.762629	-70.177345	168.278901
36455	9.187689	-2.688871	1.932952	0.024674	0.058235	0.019817	-51.694648	-70.148538	168.221969
36456	9.061001	-2.596892	2.079763	0.032289	0.059520	0.020802	-51.633190	-70.117403	168.175578
36457	9.137442	-2.585707	2.005405	0.029460	0.027829	0.032151	-51.612645	-70.093836	168.171988
36458	9.151199	-2.606719	2.014280	0.022436	0.048601	0.038160	-51.587516	-70.058786	168.158226
36459	9.211905	-2.579107	1.934891	0.042435	0.029057	0.053664	-51.579166	-70.025124	168.175518
36460	9.326994	-2.625815	1.898741	0.027356	0.065192	0.064186	-51.556253	-69.972507	168.167109
36461	9.225855	-2.694468	1.979776	0.039609	0.071533	0.065517	-51.508894	-69.918393	168.141161
36462	9.343000	-2.655534	1.895492	0.033113	0.082577	0.070495	-51.467752	-69.856769	168.116840
36463	9.250123	-2.690315	1.956198	0.035004	0.117763	0.068592	-51.370136	-69.784742	168.034517
36464	9.241298	-2.661250	1.991790	0.035161	0.121217	0.070011	-51.281129	-69.709511	167.960398
36465	9.281316	-2.601473	1.991671	0.042879	0.138314	0.086478	-51.172841	-69.622025	167.871422
36466	9.119217	-2.685726	2.088783	0.030553	0.172785	0.105549	-51.060390	-69.512336	167.769372
36467	9.054032	-2.793279	2.037472	0.053570	0.151029	0.093700	-50.939628	-69.416929	167.673502
36468	9.255814	-2.710873	1.987337	0.065371	0.166502	0.086127	-50.798217	-69.317996	167.561681
36469	9.042964	-2.686821	2.274386	0.063530	0.202741	0.096619	-50.616244	-69.202359	167.406332
36470	9.056597	-2.781063	2.147472	0.070919	0.165275	0.085227	-50.474784	-69.104063	167.297693
36471	8.940535	-2.727252	2.358544	0.056096	0.157278	0.071981	-50.329141	-69.015616	167.176474
36472	9.136199	-2.763754	2.128000	0.068866	0.102481	0.067570	-50.246024	-68.947904	167.128953
36473	9.219322	-2.775054	2.091298	0.058573	0.134868	0.067132	-50.121682	-68.869649	167.031963
36474	9.118212	-2.721258	2.252497	0.077280	0.119580	0.079124	-50.026287	-68.790527	166.976386
36475	9.449228	-2.512026	2.058018	0.097453	0.095614	0.124859	-49.980016	-68.701279	166.986962
36476	9.573648	-2.657717	1.912487	0.073310	0.166666	0.210082	-49.958246	-68.547359	167.007923
36477	9.042771	-2.737694	2.411501	0.072834	0.261985	0.209776	-49.821130	-68.359496	166.905684
36478	8.838055	-2.723709	2.419198	0.052932	0.127891	0.253898	-49.894651	-68.200764	167.016683
36479	8.818251	-2.793732	2.506854	0.030358	0.130704	0.200811	-49.918405	-68.065284	167.061333
36480	8.963881	-2.789905	2.385031	0.009142	0.058776	0.199374	-50.039986	-67.955835	167.197319
36481	8.916021	-2.977712	2.357555	-0.011485	0.077872	0.202999	-50.145300	-67.838760	167.304196
36482	9.091876	-2.769722	2.310901	0.052751	-0.001932	0.208606	-50.313054	-67.747264	167.517251
36483	9.196159	-2.645085	2.293253	-0.002036	0.039875	0.264480	-50.505875	-67.616697	167.724739
36484	9.050412	-2.831988	2.334121	-0.010417	0.027583	0.316488	-50.768883	-67.466156	168.002087
36485	8.973534	-3.097364	2.247191	-0.012422	0.059915	0.318557	-50.987833	-67.303666	168.231879
36486	8.666769	-3.179261	2.414854	0.003916	0.058128	0.258692	-51.154006	-67.167099	168.413725
36487	8.978882	-2.869398	2.381365	0.036724	-0.009174	0.232466	-51.339542	-67.067291	168.638263
36488	9.150504	-2.893508	2.337388	-0.007185	0.012303	0.266699	-51.563109	-66.943017	168.875859
36489	9.288245	-2.919573	2.281617	-0.015109	-0.015964	0.319856	-51.853830	-66.805620	169.182884
36490	9.366224	-2.824690	2.278609	-0.036391	0.010433	0.399567	-52.198868	-66.621114	169.535020
36491	9.140798	-2.876781	2.365025	-0.076765	0.042201	0.485622	-52.588725	-66.386704	169.912480
36492	8.786239	-3.247241	2.219229	-0.090194	0.068554	0.504072	-52.974038	-66.132622	170.276146
36493	8.306884	-3.768074	2.273424	-0.056032	0.106117	0.388505	-53.196876	-65.918907	170.485206
36494	8.085613	-3.591923	2.433898	0.026027	0.044296	0.212808	-53.306867	-65.805614	170.621239
36495	8.583464	-3.322278	2.358015	0.058302	-0.008840	0.097634	-53.356187	-65.764546	170.712262
36496	8.791381	-3.181828	2.447173	0.042921	-0.003886	0.059017	-53.387780	-65.738254	170.773048
36497	9.083900	-3.122447	2.359948	0.027924	-0.033211	0.083408	-53.468217	-65.711989	170.879156
36498	9.149249	-3.054183	2.350122	-0.005031	-0.035608	0.134026	-53.615720	-65.661879	171.037029
36499	9.242629	-2.962003	2.372600	-0.034235	-0.047561	0.213614	-53.843015	-65.580102	171.265358
36500	9.149081	-3.079528	2.368625	-0.067646	-0.042107	0.304202	-54.156713	-65.452848	171.566652
36501	9.096689	-3.332179	2.230475	-0.093731	-0.032023	0.357961	-54.503303	-65.297708	171.889157
36502	8.994689	-3.528490	2.204451	-0.086405	0.004034	0.370781	-54.821712	-65.122659	172.184536
36503	8.873009	-3.459657	2.189339	-0.058220	0.032850	0.369379	-55.082449	-64.939369	172.435678
36504	8.588962	-3.555779	2.312492	-0.051750	0.064145	0.345033	-55.295029	-64.755657	172.636932
36505	8.511379	-3.486616	2.391552	-0.022063	0.016477	0.294391	-55.493235	-64.612246	172.842532
36506	8.574819	-3.365403	2.407680	-0.028494	-0.009033	0.262718	-55.703960	-64.490509	173.056978
36507	8.809801	-3.411223	2.381347	-0.050669	-0.041937	0.264976	-55.952306	-64.379178	173.300417
36508	8.956937	-3.532583	2.302377	-0.066066	-0.040202	0.288370	-56.228119	-64.254432	173.563629
36509	9.032322	-3.593548	2.300560	-0.080148	-0.021155	0.320367	-56.504557	-64.109100	173.820030
36510	9.026025	-3.364893	2.361441	-0.099128	-0.015986	0.360714	-56.816618	-63.941000	174.103137
36511	8.903247	-3.558713	2.381033	-0.144004	0.014357	0.413064	-57.147168	-63.738856	174.379808
36512	8.712444	-3.775708	2.252373	-0.127964	0.010525	0.400885	-57.466815	-63.541841	174.653881
36513	8.872083	-3.879353	2.129434	-0.113950	0.027285	0.391780	-57.745853	-63.344708	174.893166
36514	8.708921	-4.027353	2.062660	-0.071963	0.071602	0.376801	-57.952173	-63.139622	175.077189
36515	8.728171	-3.823642	2.322293	-0.035695	0.056564	0.349182	-58.126388	-62.953514	175.250015
36516	8.980565	-3.613668	2.501265	-0.053469	0.031557	0.411105	-58.374765	-62.743212	175.493836
36517	9.295342	-3.460831	2.571131	-0.105521	-0.000854	0.511863	-58.731031	-62.494053	175.827291
36518	9.658087	-3.598797	2.591160	-0.172337	-0.006690	0.658175	-59.212549	-62.172429	176.258602
36519	9.740212	-3.731615	2.443553	-0.226203	0.031124	0.815680	-59.758594	-61.761536	176.730719
36520	9.956250	-3.830475	2.519737	-0.251283	0.048591	0.994440	-60.387219	-61.253469	177.281266
36521	10.014692	-3.720167	2.486390	-0.285998	0.105494	1.174596	-61.048353	-60.637687	177.850441
36522	9.394419	-4.011702	2.442453	-0.346746	0.196271	1.318734	-61.713077	-59.920292	178.386156
36523	8.969389	-4.193636	2.485563	-0.339755	0.208213	1.372322	-62.355339	-59.170664	178.905712
36524	8.878650	-4.265068	2.452437	-0.346234	0.221606	1.428346	-62.992055	-58.385101	179.417306
36525	8.628838	-4.383733	2.448038	-0.380941	0.243561	1.456939	-63.610456	-57.577422	179.889561
36526	8.694589	-4.542606	2.421098	-0.384344	0.238319	1.482519	-64.223668	-56.754286	-179.643753
36527	8.552345	-4.853175	2.284084	-0.406158	0.267233	1.512406	-64.808338	-55.906957	-179.220523
36528	8.430028	-5.082396	2.202670	-0.379128	0.282659	1.525328	-65.351405	-55.045987	-178.826136
36529	8.504989	-5.279135	2.240677	-0.363215	0.316352	1.543291	-65.841157	-54.166644	-178.480300
36530	8.342284	-5.357558	2.299291	-0.351644	0.360415	1.566235	-66.285323	-53.262527	-178.180432
36531	8.216712	-5.158910	2.460391	-0.329198	0.409581	1.585839	-66.668012	-52.336540	-177.936432
36532	8.059421	-5.090916	2.570734	-0.359580	0.451136	1.602237	-67.034590	-51.390744	-177.733594
36533	7.771190	-5.205323	2.649835	-0.389757	0.504432	1.576921	-67.360785	-50.446624	-177.600697
36534	7.791805	-5.394818	2.976014	-0.405468	0.580653	1.499129	-67.621994	-49.525755	-177.564306
36535	7.291601	-5.516635	2.725703	-0.449448	0.667946	1.424012	-67.827535	-48.626464	-177.632713
36536	7.317759	-6.068186	2.696655	-0.464731	0.694921	1.335863	-68.006008	-47.767581	-177.751840
36537	8.051552	-6.421109	2.762164	-0.449222	0.713845	1.242860	-68.139919	-46.955043	-177.919293
36538	8.039416	-6.338892	2.444301	-0.471942	0.780046	1.195291	-68.243675	-46.153259	-178.150230
36539	7.675593	-7.187779	2.136708	-0.546389	0.781018	1.245980	-68.400404	-45.325343	-178.368111
36540	7.969537	-6.695413	2.271206	-0.406574	0.667823	1.255233	-68.544387	-44.516076	-178.495665
36541	8.225348	-6.738674	2.229088	-0.438018	0.786009	1.320525	-68.656415	-43.648098	-178.694962
36542	8.105809	-7.156994	2.151575	-0.386038	0.772356	1.389282	-68.764593	-42.746073	-178.861792
36543	8.505436	-7.201221	2.056834	-0.327312	0.821927	1.457265	-68.827324	-41.798104	-179.046902
36544	8.413414	-7.165632	2.184087	-0.340187	0.858821	1.546414	-68.902516	-40.794778	-179.230309
36545	7.966672	-7.161690	2.191596	-0.290091	0.877192	1.658771	-68.960658	-39.728017	-179.397077
36546	8.102014	-7.381390	2.132154	-0.260232	0.898397	1.768507	-69.017097	-38.598322	-179.546090
36547	7.814759	-7.219094	2.230371	-0.241241	0.926097	1.889766	-69.070513	-37.398194	-179.683371
36548	7.780477	-7.177457	2.352656	-0.199562	0.954840	1.970523	-69.106876	-36.149308	-179.816265
36549	7.545143	-6.799108	2.567569	-0.198843	1.057992	2.047111	-69.114938	-34.838135	-179.998098
36550	6.755773	-6.684489	2.547645	-0.234986	1.163904	2.130962	-69.124812	-33.461055	179.776678
36551	6.016584	-6.629528	2.604899	-0.248935	1.196356	2.188783	-69.142522	-32.045854	179.546325
36552	5.420642	-6.591119	2.698617	-0.267344	1.223864	2.233581	-69.176508	-30.601985	179.313755
36553	4.867284	-6.667405	2.710739	-0.296885	1.214483	2.281766	-69.239299	-29.133544	179.098851
36554	4.932476	-6.677496	2.892374	-0.307738	1.175119	2.297679	-69.329306	-27.665787	178.913719
36555	4.768957	-6.671779	2.977153	-0.365577	1.215815	2.357791	-69.448952	-26.156904	178.715915
36556	4.683654	-6.530683	3.219292	-0.389634	1.168880	2.420808	-69.606877	-24.625178	178.559572
36557	5.144545	-6.626613	3.129411	-0.463447	1.185135	2.468063	-69.807445	-23.064135	178.399556
36558	5.617577	-5.798455	3.150978	-0.494622	1.198019	2.479702	-70.028590	-21.496236	178.231009
36559	5.254551	-4.580376	2.216018	-0.505764	1.237911	2.418787	-70.243906	-19.952611	178.021369
36560	4.780551	0.188638	0.781562	-0.322494	0.915007	1.989577	-70.391987	-18.705370	177.905832
36561	5.179744	5.169919	-0.631209	-0.207650	0.592217	1.291138	-70.486875	-17.895474	177.830043
36562	6.393752	4.732862	1.580739	-0.564615	0.660395	0.927065	-70.754666	-17.272447	177.640985
36563	9.967838	-2.906701	0.467936	-0.257904	0.088658	0.020918	-70.888495	-17.245222	177.594978
36564	10.343940	2.534666	2.418758	0.492538	-0.203186	-1.291252	-70.564929	-17.986953	177.454327
36565	9.348020	1.352122	1.841912	0.314414	-0.193427	-1.863527	-70.299764	-19.030913	177.187450
36566	7.694030	1.197468	2.146057	0.637783	-0.210733	-2.362835	-69.810427	-20.351265	176.817462
36567	6.270721	0.576249	1.869164	0.642356	-0.116779	-2.479799	-69.275291	-21.706655	176.352711
36568	5.327207	-0.044097	1.871055	0.691915	-0.174966	-2.494200	-68.706517	-23.084302	175.899452
36569	5.727283	-0.294882	1.804551	0.703234	-0.250044	-2.513973	-68.128535	-24.477203	175.466126
36570	6.197748	-0.472209	1.789958	0.659002	-0.304359	-2.583635	-67.564073	-25.922369	175.027090
36571	6.719062	-0.611488	1.851442	0.594399	-0.370674	-2.712810	-67.020140	-27.438990	174.574909
36572	7.091518	-1.065269	1.831490	0.510043	-0.423231	-2.852355	-66.500569	-29.045545	174.094930
36573	7.538632	-1.608137	1.852363	0.394542	-0.467914	-2.963794	-66.022473	-30.708724	173.589642
36574	7.862956	-2.288575	1.935519	0.247519	-0.459057	-3.034584	-65.589254	-32.412508	173.033683
36575	8.313039	-2.904259	2.118812	0.097794	-0.415893	-3.062887	-65.195734	-34.108066	172.418934
36576	8.674472	-3.649675	2.521586	-0.050878	-0.311181	-3.037930	-64.822517	-35.771815	171.717368
36577	8.898670	-4.839842	3.016596	-0.139820	-0.189913	-2.976446	-64.433221	-37.360143	170.929999
36578	8.994304	-6.267534	3.463345	-0.126578	-0.054336	-2.865994	-63.965014	-38.863455	170.055125
36579	8.290362	-7.746434	3.692729	-0.016907	0.010544	-2.717819	-63.399577	-40.257392	169.152640
36580	7.191332	-8.896297	3.746842	0.192384	-0.111395	-2.577078	-62.756251	-41.614330	168.340407
36581	6.429127	-9.601759	3.720954	0.412311	-0.436498	-2.424805	-62.136819	-42.962554	167.771398
36582	6.592696	-9.928601	3.616521	0.561163	-0.830843	-2.269940	-61.628334	-44.345080	167.501783
36583	7.655559	-9.919124	3.404944	0.570826	-1.140376	-2.126472	-61.292831	-45.728364	167.490282
36584	8.807032	-10.083329	3.176397	0.440450	-1.246833	-1.996070	-61.116957	-47.085331	167.596693
36585	9.180817	-10.450229	3.109809	0.245651	-1.237779	-1.875197	-61.087744	-48.369464	167.747816
36586	9.610164	-10.379493	2.894067	0.045973	-1.235371	-1.784404	-61.205057	-49.616765	167.938506
36587	10.419324	-10.399486	2.827105	-0.238450	-1.151323	-1.687551	-61.479575	-50.782363	168.118356
36588	11.109884	-10.757731	2.846198	-0.552469	-0.934585	-1.609207	-61.836848	-51.857980	168.170451
36589	11.054164	-11.610533	3.063923	-0.821208	-0.655826	-1.560119	-62.193529	-52.824450	168.027014
36590	10.512625	-12.360047	3.248121	-0.980864	-0.451801	-1.530558	-62.516904	-53.730890	167.728965
36591	9.877033	-12.687219	3.363502	-1.046223	-0.327008	-1.483835	-62.806010	-54.572942	167.346459
36592	9.154683	-12.654378	3.485709	-1.026025	-0.279619	-1.407086	-63.074250	-55.372495	166.955615
36593	8.696946	-12.502288	3.529172	-0.953124	-0.267496	-1.281467	-63.335023	-56.097763	166.610717
36594	8.244339	-12.667957	3.556409	-0.840633	-0.282749	-1.118328	-63.604570	-56.751150	166.355521
36595	7.779520	-12.719221	3.567865	-0.658696	-0.349965	-0.940201	-63.891580	-57.323763	166.248125
36596	7.368646	-12.293714	3.417434	-0.462198	-0.485345	-0.768036	-64.248682	-57.847721	166.356718
36597	6.966372	-11.890700	3.299955	-0.277204	-0.649517	-0.614481	-64.702904	-58.326578	166.705049
36598	6.985554	-11.454809	3.159626	-0.092685	-0.836774	-0.504826	-65.268985	-58.796860	167.305457
36599	7.090500	-11.104338	3.056156	0.076707	-0.976347	-0.429258	-65.904058	-59.252827	168.097752
36600	7.267222	-10.733247	3.024562	0.231381	-1.074576	-0.384482	-66.580061	-59.706826	169.035450
36601	7.434231	-10.611574	3.058639	0.380503	-1.104993	-0.365662	-67.225676	-60.148709	170.033733
36602	7.360710	-10.316434	3.013436	0.521852	-1.065604	-0.360058	-67.783409	-60.576186	171.018467
36603	7.029699	-10.057411	2.855751	0.657336	-1.001836	-0.350962	-68.223403	-60.978429	171.954501
36604	6.513640	-9.649581	2.705350	0.765334	-0.928167	-0.323887	-68.563399	-61.349033	172.842267
36605	6.121182	-9.449847	2.615090	0.848135	-0.876535	-0.269433	-68.836209	-61.676087	173.705874
36606	5.732639	-8.998620	2.426776	0.912775	-0.811059	-0.189729	-69.054590	-61.945715	174.546120
36607	5.256996	-8.658883	2.205333	0.934555	-0.765784	-0.090086	-69.257140	-62.150865	175.381922
36608	5.195735	-8.219423	1.963628	0.932946	-0.731942	0.025730	-69.482849	-62.285087	176.240399
36609	5.194519	-7.748853	1.693365	0.906769	-0.686948	0.138917	-69.719239	-62.348459	177.094374
36610	5.289968	-7.245461	1.530374	0.843313	-0.642436	0.248944	-69.994968	-62.340707	177.950384
36611	5.552125	-6.654515	1.290405	0.768577	-0.607037	0.339544	-70.303717	-62.276609	178.796721
36612	5.807129	-6.063200	1.188706	0.671117	-0.561487	0.397958	-70.645392	-62.167961	179.616736
36613	6.215098	-5.557266	1.111740	0.569911	-0.507164	0.436984	-70.992423	-62.027739	-179.620768
36614	6.537463	-5.064939	1.200605	0.456704	-0.446422	0.461737	-71.351114	-61.858175	-178.918549
36615	6.937048	-4.679634	1.243773	0.351209	-0.362744	0.470445	-71.676020	-61.669218	-178.321023
36616	7.152213	-4.370316	1.352251	0.249750	-0.249204	0.475177	-71.946165	-61.453187	-177.851819
36617	7.308080	-4.106902	1.365407	0.164513	-0.139278	0.476093	-72.144529	-61.219068	-177.517997
36618	7.333041	-3.974147	1.386362	0.077160	-0.045822	0.468863	-72.299790	-60.969246	-177.290877
36619	7.412762	-4.201408	1.427995	0.007124	0.014030	0.459588	-72.424925	-60.716643	-177.142579
36620	7.472002	-4.416034	1.415763	-0.019325	0.046950	0.429794	-72.527481	-60.471671	-177.038301
36621	7.448461	-4.503262	1.439965	-0.034828	0.074740	0.400074	-72.596291	-60.240926	-176.981756
36622	7.470075	-4.681800	1.397056	-0.025574	0.102503	0.375606	-72.630612	-60.015913	-176.959812
36623	7.471358	-4.705339	1.334677	-0.006140	0.129668	0.359022	-72.617718	-59.798187	-176.978445
36624	7.326607	-4.759707	1.153934	0.018767	0.128040	0.354590	-72.596290	-59.580242	-176.991562
36625	7.188866	-4.670410	0.983297	0.042556	0.116491	0.342151	-72.563366	-59.373992	-177.001140
36626	7.041934	-4.557800	0.808860	0.052849	0.066655	0.334408	-72.573546	-59.177560	-176.954861
36627	7.047231	-4.443624	0.700256	0.049538	0.021390	0.324646	-72.618473	-58.997180	-176.869075
36628	7.170523	-4.412228	0.541647	0.029618	-0.010418	0.318669	-72.706446	-58.822459	-176.747371
36629	7.174044	-4.455790	0.519830	0.010566	-0.027576	0.325389	-72.816174	-58.649861	-176.611582
36630	7.164814	-4.611481	0.537668	-0.013714	-0.044336	0.334498	-72.961363	-58.471963	-176.451534
36631	7.084385	-4.746941	0.559883	-0.022111	-0.054094	0.342719	-73.115173	-58.293960	-176.285452
36632	6.836054	-4.906157	0.607438	-0.015221	-0.080928	0.339114	-73.291583	-58.119124	-176.089147
36633	6.604806	-5.138646	0.629442	0.002404	-0.130621	0.330991	-73.491969	-57.959559	-175.850993
36634	6.289232	-5.302173	0.628119	0.038491	-0.209298	0.317947	-73.740714	-57.816278	-175.532324
36635	6.048231	-5.500135	0.720374	0.075896	-0.308226	0.305251	-74.043083	-57.698021	-175.123072
36636	5.821530	-5.585021	0.768366	0.118705	-0.410382	0.313814	-74.415033	-57.586344	-174.603306
36637	5.718604	-5.879291	0.840187	0.166698	-0.536295	0.345295	-74.867509	-57.477727	-173.953453
36638	5.622821	-6.197019	0.912681	0.227681	-0.636618	0.411143	-75.388768	-57.340798	-173.181009
36639	5.308639	-6.550208	0.803167	0.302951	-0.729995	0.511515	-75.957979	-57.161099	-172.297497
36640	4.807812	-6.693192	0.661335	0.391826	-0.854183	0.657516	-76.609919	-56.907833	-171.253895
36641	4.427095	-6.708380	0.411600	0.465822	-1.055921	0.858384	-77.410282	-56.565339	-169.977181
36642	4.449829	-6.594951	0.213839	0.515641	-1.294852	1.068221	-78.402320	-56.118378	-168.431389
36643	4.992652	-6.393060	0.098359	0.548833	-1.507089	1.239889	-79.537950	-55.587006	-166.678923
36644	5.727252	-6.273167	0.170558	0.553040	-1.630324	1.338478	-80.744175	-54.986851	-164.826980
36645	6.554049	-6.097279	0.426267	0.552205	-1.660403	1.365547	-81.921194	-54.357429	-162.996210
36646	7.140622	-6.059988	0.710756	0.531237	-1.575663	1.338557	-82.993439	-53.710743	-161.296149
36647	7.447787	-6.056015	1.062525	0.516017	-1.403573	1.296501	-83.887405	-53.065327	-159.813792
36648	7.621512	-6.234729	1.429509	0.513672	-1.157912	1.272596	-84.560839	-52.401619	-158.598359
36649	7.139444	-6.340319	1.653442	0.514709	-0.842677	1.298299	-84.969653	-51.705618	-157.705626
36650	6.506461	-6.356905	1.565542	0.524596	-0.580459	1.383122	-85.171165	-50.939547	-157.062856
36651	5.596904	-6.457344	1.374870	0.509654	-0.391248	1.490005	-85.237101	-50.108294	-156.598759
36652	70.300756	-17.494376	6.107637	2.324394	-2.415675	-3.334551	-85.425544	-52.120087	-154.645951
36653	16.231134	15.680317	-3.719599	1.186548	8.483558	-6.264607	-77.507550	-54.956874	-163.635353
36654	-5.641507	-10.840958	11.845280	-3.317604	8.654436	-3.019138	-71.881610	-55.316736	-172.804352
36655	8.666175	-24.886028	-8.560784	4.173447	1.915913	-4.956518	-66.417698	-57.581594	-176.489189
36656	-8.998064	-4.448988	-3.007010	-0.095093	3.575294	-4.159753	-61.823565	-58.830706	178.042062
36657	6.514967	-12.448444	10.218917	3.840666	-3.115311	-3.758089	-60.540971	-61.578386	179.100368
36658	32.886871	9.186167	-2.607844	3.657420	-1.882302	-5.312348	-57.164087	-64.737631	177.664919
36659	16.068694	-1.284458	10.670190	-1.570556	4.078695	-1.304508	-53.171771	-64.016388	172.240201
36660	2.957116	-4.052923	3.281460	1.275051	0.126985	-0.788768	-51.758500	-64.329016	171.481225
36661	9.513947	-0.906377	4.442458	1.005850	-0.996218	-1.634323	-50.883852	-65.417516	171.152059
36662	10.662817	0.407273	3.441082	0.052002	-0.059181	-0.754648	-50.311988	-65.771593	170.556482
36663	8.057677	-3.658747	2.949098	-0.342435	-0.056183	-0.445389	-50.198373	-65.989160	170.217348
36664	8.517134	-3.673148	2.553047	0.090908	-0.510575	-0.644990	-50.123418	-66.458950	170.192129
36665	9.376780	-3.243375	2.519405	-0.047454	-0.399972	-0.700027	-49.959781	-66.914335	169.984656
36666	8.684096	-2.907492	2.766161	-0.053524	-0.349724	-0.756166	-49.695550	-67.373250	169.664432
36667	8.907161	-1.996096	3.603967	-0.143576	-0.772607	-0.559063	-50.098581	-67.904181	170.011592
36668	11.203007	-3.013891	1.379578	-0.265357	-0.943647	-0.417315	-50.917237	-68.431129	170.729612
36669	11.544978	-2.987633	-0.885244	-0.003180	-0.549275	-0.253190	-51.310794	-68.742390	171.150702
36670	9.189018	-2.093737	2.677432	-0.126573	0.422770	-0.156436	-50.761114	-68.658623	170.482704
36671	7.849175	-2.886364	3.362512	-0.122465	-0.184273	-0.092070	-50.955262	-68.766956	170.616075
36672	9.638166	-2.632051	1.602581	0.016651	-0.400664	-0.123543	-51.298265	-68.964950	170.993917
36673	9.164963	-2.726917	2.185097	-0.152981	-0.039117	-0.089065	-51.347724	-69.019567	170.953316
36674	8.799325	-2.830661	2.476107	-0.048076	-0.237812	-0.095868	-51.569749	-69.146300	171.161395
36675	9.353712	-2.563860	1.957196	-0.090640	-0.247317	-0.082689	-51.836550	-69.272073	171.391539
36676	9.191315	-2.835726	2.007832	-0.098686	-0.149023	-0.070834	-52.009946	-69.355550	171.516346
36677	9.264355	-2.785386	1.955828	-0.059135	-0.184857	-0.084130	-52.186758	-69.459425	171.669342
36678	9.325798	-2.751237	1.878067	-0.058422	-0.119046	-0.086309	-52.288642	-69.539177	171.742286
36679	9.274118	-2.771344	1.929320	-0.046478	-0.082312	-0.092791	-52.327508	-69.610858	171.755652
36680	9.201405	-2.721012	1.948634	-0.028528	-0.048334	-0.099896	-52.313884	-69.672007	171.723594
36681	9.098957	-2.698619	2.065211	-0.027950	-0.043615	-0.105165	-52.283032	-69.735738	171.673935
36682	9.121442	-2.623890	2.011402	-0.012928	-0.037528	-0.098838	-52.247810	-69.792630	171.628414
36683	9.084080	-2.661597	2.075113	-0.027267	-0.035887	-0.094247	-52.216974	-69.848685	171.579226
36684	9.077575	-2.566769	2.062871	0.002097	-0.048581	-0.081268	-52.203172	-69.901506	171.565726
36685	9.141932	-2.584059	2.026189	-0.018685	-0.049440	-0.057552	-52.219145	-69.945698	171.571643
36686	9.181882	-2.567518	1.955961	-0.003717	-0.030154	-0.050645	-52.215152	-69.978209	171.565054
36687	9.136838	-2.558971	1.991879	-0.022208	0.004011	-0.031102	-52.192208	-69.991656	171.527403
36688	9.127622	-2.639831	2.069533	-0.011466	-0.010848	-0.020314	-52.197812	-70.003687	171.526307
36689	9.169983	-2.662108	1.980106	-0.010668	-0.004008	-0.020766	-52.188161	-70.015270	171.509841
36690	9.172736	-2.675698	2.031602	-0.010399	-0.007569	-0.025379	-52.184125	-70.028459	171.499143
36691	9.174114	-2.623712	1.977298	-0.004009	-0.003371	-0.023263	-52.167420	-70.040947	171.479234
36692	9.152264	-2.651936	2.048808	-0.006286	0.002430	-0.022376	-52.151407	-70.049279	171.458305
36693	9.157405	-2.635976	1.972874	0.000848	-0.004525	-0.019265	-52.137191	-70.060360	171.444008
36694	9.166521	-2.651307	2.001632	-0.004327	0.003703	-0.015652	-52.124917	-70.065216	171.428256
36695	9.188771	-2.669634	1.983566	0.001092	-0.002403	-0.014471	-52.112541	-70.073380	171.416065
36696	9.172540	-2.579690	1.999149	0.005986	0.002599	-0.015897	-52.095451	-70.078751	171.401478
36697	9.366769	-2.844565	1.762796	-0.035594	-0.031098	-0.016828	-52.137617	-70.098076	171.424943
36698	9.200968	-2.417815	2.128667	0.069640	0.142659	-0.022373	-51.903235	-70.057006	171.218019
36699	8.771657	-2.743308	2.237546	-0.007943	-0.002058	-0.009074	-51.900787	-70.062599	171.210882
36700	9.295968	-2.341218	2.005603	0.016159	-0.011285	0.009557	-51.919804	-70.061405	171.240907
36701	9.086821	-2.812091	2.000290	-0.017964	0.019516	0.019159	-51.923784	-70.046642	171.234501
36702	9.272883	-2.549064	2.037288	0.011778	-0.017729	0.011164	-51.954808	-70.047020	171.274634
36703	9.175951	-2.683921	1.967677	-0.001464	0.026650	0.010816	-51.932347	-70.033502	171.250154
36704	9.144902	-2.643427	2.084653	0.000424	-0.004080	0.008610	-51.950378	-70.030235	171.269547
36705	9.171286	-2.649434	1.991040	0.007296	0.006183	0.002076	-51.939827	-70.027889	171.263078
36706	9.166551	-2.663621	2.067008	0.001318	-0.004268	0.002159	-51.951264	-70.027611	171.276003
36707	9.204350	-2.651772	2.000578	0.005302	-0.001247	0.000778	-51.949820	-70.028474	171.278007
36708	9.186445	-2.667766	1.996808	0.002956	0.005897	-0.001746	-51.943865	-70.026383	171.273430
36709	9.144661	-2.643343	2.085815	0.005789	0.004813	-0.007876	-51.926206	-70.029009	171.258478
36710	9.142946	-2.626926	2.033549	0.005560	-0.006980	-0.010239	-51.926446	-70.035310	171.262082
36711	9.118865	-2.640702	2.052229	0.001576	-0.010001	-0.008858	-51.928633	-70.043613	171.265678
36712	9.133167	-2.588196	2.077152	-0.000798	-0.018680	-0.003522	-51.953552	-70.051029	171.291666
36713	9.197287	-2.631536	1.968962	-0.001021	-0.018633	-0.001910	-51.974739	-70.059242	171.313891
36714	9.159965	-2.643311	2.033480	-0.004384	-0.018281	-0.002368	-52.002330	-70.066007	171.340536
36715	9.194105	-2.595265	1.987828	0.000732	-0.013325	-0.005408	-52.012534	-70.073923	171.352145
36716	9.142796	-2.658752	2.027148	-0.007191	-0.001373	-0.004095	-52.018977	-70.075519	171.354585
36717	9.166177	-2.573373	2.027770	0.001470	-0.014810	-0.006840	-52.029228	-70.084604	171.366693
36718	9.167940	-2.643053	2.006044	-0.002576	-0.004648	-0.004887	-52.036295	-70.087729	171.372613
36719	9.155501	-2.590159	1.998571	-0.004328	-0.009956	-0.001391	-52.049130	-70.092640	171.383935
36720	9.170903	-2.608440	2.003337	-0.006213	-0.000736	-0.000731	-52.057411	-70.092525	171.388932
36721	9.126668	-2.619252	2.092418	-0.011723	-0.009112	0.002535	-52.077256	-70.095363	171.403203
36722	9.150549	-2.659898	1.998843	-0.004240	-0.009130	0.008423	-52.103733	-70.094077	171.428759
36723	9.111518	-2.602302	2.084862	-0.007331	-0.012339	0.003353	-52.125895	-70.097677	171.448171
36724	9.184131	-2.663174	2.004760	-0.010393	-0.034886	0.003136	-52.182917	-70.107838	171.502465
36725	9.140981	-2.624166	2.037884	-0.013549	-0.024911	-0.001360	-52.219834	-70.117977	171.533775
36726	9.225134	-2.666903	1.984627	-0.012938	-0.033375	-0.007184	-52.266472	-70.132267	171.575475
36727	9.223852	-2.650635	1.929472	-0.013317	-0.020969	-0.014809	-52.285336	-70.147104	171.587727
36728	9.204985	-2.645083	1.997722	-0.013460	-0.018278	-0.021624	-52.299375	-70.162657	171.594443
36729	9.228256	-2.612827	1.924142	-0.012400	-0.014996	-0.026690	-52.298696	-70.180785	171.586478
36730	9.211815	-2.572374	1.992554	-0.005838	0.004508	-0.019195	-52.282052	-70.187271	171.565222
36731	9.226645	-2.644174	1.924977	-0.009327	0.005725	-0.008218	-52.271494	-70.189764	171.548628
36732	9.237783	-2.625802	1.954385	-0.006369	0.039287	-0.013816	-52.216621	-70.181628	171.486413
36733	9.155441	-2.652125	1.986734	-0.002247	0.027784	-0.012377	-52.170244	-70.178247	171.436056
36734	9.198348	-2.515745	1.994403	0.000258	0.045613	-0.006905	-52.110443	-70.164740	171.372633
36735	9.041704	-2.637341	2.139081	-0.012640	0.038070	0.000280	-52.069556	-70.151985	171.321775
36736	9.165118	-2.633583	2.022855	-0.004857	0.001152	-0.004002	-52.071224	-70.152809	171.320583
36737	9.196132	-2.620017	1.980447	-0.012788	0.013098	-0.002678	-52.058831	-70.150180	171.299926
36738	9.145448	-2.579667	2.041019	-0.012033	0.013779	0.002299	-52.054925	-70.143724	171.288439
36739	9.180042	-2.602734	1.977513	-0.001876	0.023218	0.011067	-52.037049	-70.131316	171.268598
36740	9.190221	-2.586678	2.008031	-0.001760	0.042032	0.019447	-52.008675	-70.107169	171.237351
36741	9.146459	-2.619807	2.026926	0.000093	0.038490	0.028191	-51.987384	-70.081638	171.215072
36742	9.124945	-2.618529	2.100820	0.004725	0.037383	0.033804	-51.975144	-70.052659	171.204928
36743	9.105644	-2.637726	2.099124	0.005319	0.013090	0.035826	-51.989930	-70.032643	171.224210
36744	9.178015	-2.596619	2.042276	0.005437	0.008232	0.036229	-52.015773	-70.012858	171.255025
36745	9.141097	-2.632463	2.034701	0.002496	0.004499	0.044373	-52.051030	-69.992002	171.294375
36746	9.228521	-2.610559	1.983275	0.009164	0.016978	0.045866	-52.073037	-69.964785	171.323391
36747	9.144668	-2.641904	2.014668	0.002898	0.029433	0.045699	-52.078317	-69.934540	171.331087
36748	9.164881	-2.665718	1.998783	0.017202	0.012000	0.048937	-52.104681	-69.907701	171.369655
36749	9.189605	-2.670663	2.034162	0.010030	0.032149	0.046382	-52.103114	-69.876190	171.374415
36750	9.085619	-2.697451	2.136215	0.017250	0.018160	0.043504	-52.116478	-69.849649	171.399180
36751	9.140911	-2.623205	2.022116	0.022368	0.003768	0.045323	-52.141739	-69.828598	171.440052
36752	9.101368	-2.639378	2.089874	0.014722	0.020029	0.057812	-52.167763	-69.794926	171.476772
36753	9.201897	-2.621605	1.992168	0.030429	0.003121	0.061200	-52.204165	-69.766903	171.534454
36754	9.314264	-2.657818	1.902571	0.028329	0.045286	0.083783	-52.215847	-69.712609	171.564216
36755	9.196018	-2.634946	2.001692	0.045963	0.075360	0.090144	-52.182174	-69.646109	171.556700
36756	9.234405	-2.612847	1.994921	0.055013	0.077538	0.115750	-52.169394	-69.566049	171.576694
36757	9.163002	-2.738200	2.018171	0.051806	0.100270	0.126556	-52.136672	-69.474316	171.573760
36758	9.183215	-2.803904	1.989305	0.072969	0.104045	0.117426	-52.083287	-69.384200	171.561389
36759	9.152134	-2.756772	2.042063	0.086828	0.128033	0.107297	-51.979787	-69.291378	171.504253
36760	8.939838	-2.737531	2.273572	0.084015	0.110267	0.103444	-51.900450	-69.205371	171.470875
36761	9.259018	-2.753679	1.920535	0.094689	0.070773	0.095013	-51.849996	-69.138285	171.475250
36762	9.033820	-2.799759	2.177960	0.094650	0.161012	0.093767	-51.696700	-69.038618	171.369182
36763	9.008823	-2.870777	2.241216	0.095622	0.079391	0.076276	-51.618890	-68.976895	171.344834
36764	9.253299	-2.717604	2.007595	0.106673	0.089060	0.065345	-51.517926	-68.915464	171.302123
36765	9.177197	-2.730348	2.077158	0.115075	0.141203	0.081508	-51.362905	-68.829289	171.206926
36766	9.194787	-2.771229	2.127549	0.111748	0.127959	0.093673	-51.241426	-68.741213	171.145271
36767	9.421255	-2.731515	2.106923	0.139186	0.136740	0.098085	-51.094831	-68.649081	171.073832
36768	9.431638	-2.946653	1.838487	0.093254	0.163018	0.137126	-50.985626	-68.528941	171.013887
36769	9.398248	-2.664395	2.137699	0.181879	0.242416	0.167790	-50.761493	-68.367487	170.885260
36770	9.278985	-2.844335	2.121346	0.150216	0.278652	0.220674	-50.570131	-68.168230	170.771850
36771	9.305523	-2.419194	2.433804	0.225688	0.257852	0.301482	-50.429865	-67.941739	170.760352
36772	8.949378	-2.779036	2.359099	0.111038	0.260499	0.329597	-50.382663	-67.700868	170.778012
36773	9.110946	-2.269707	2.721019	0.113989	0.142752	0.388734	-50.507663	-67.477825	170.984185
36774	8.910107	-2.498887	2.692924	0.013070	0.116010	0.513233	-50.826575	-67.208039	171.337819
36775	8.989219	-2.866413	2.476147	-0.024299	0.028738	0.557196	-51.284105	-66.950161	171.819768
36776	9.209984	-3.064262	2.258980	-0.022991	0.042489	0.573454	-51.733074	-66.677628	172.293804
36777	8.821382	-3.323801	2.375154	-0.065542	0.135985	0.541404	-52.069617	-66.386214	172.620072
36778	8.639585	-3.308380	2.454646	-0.008537	0.075074	0.469880	-52.375074	-66.146849	172.948343
36779	8.781815	-3.051987	2.532194	-0.025453	0.057767	0.434646	-52.670879	-65.929853	173.256403
36780	8.818696	-3.080310	2.549852	-0.068705	0.033105	0.430852	-53.011427	-65.721406	173.586478
36781	9.004879	-3.231695	2.341278	-0.069615	0.014979	0.446885	-53.374003	-65.512036	173.941087
36782	8.799501	-3.436343	2.350728	-0.080156	0.071788	0.445919	-53.681939	-65.281880	174.229200
36783	8.712380	-3.357809	2.396152	-0.050383	0.039165	0.426901	-53.983144	-65.071953	174.529579
36784	8.755773	-3.388631	2.390103	-0.053535	0.044637	0.425615	-54.277905	-64.859087	174.820986
36785	8.618617	-3.511412	2.388811	-0.050041	0.055720	0.410061	-54.540961	-64.650228	175.080440
36786	8.590622	-3.577669	2.416008	-0.034083	0.032811	0.372058	-54.789871	-64.465167	175.334389
36787	8.839530	-3.391153	2.450289	-0.021089	-0.005566	0.367728	-55.059353	-64.295349	175.620175
36788	9.005412	-3.428843	2.351545	-0.050997	0.008454	0.423626	-55.369119	-64.092946	175.931731
36789	8.830751	-3.489384	2.431784	-0.052072	0.021704	0.460749	-55.683559	-63.869059	176.248757
36790	8.548262	-3.659941	2.387732	-0.069360	0.025675	0.472220	-56.008990	-63.636617	176.567219
36791	8.489702	-3.669403	2.472900	-0.025253	-0.015652	0.422171	-56.308580	-63.441487	176.886028
36792	8.170339	-3.769921	2.408159	-0.039041	-0.005579	0.370496	-56.572386	-63.266054	177.156086
36793	8.097885	-3.780540	2.485974	0.011950	-0.083171	0.278330	-56.817409	-63.159724	177.438559
36794	8.296963	-3.794471	2.362433	0.018417	-0.105762	0.210254	-57.038996	-63.091486	177.698745
36795	8.466840	-3.663345	2.468764	0.048021	-0.127940	0.172770	-57.237981	-63.048896	177.953118
36796	8.889556	-3.699029	2.386778	0.020428	-0.140884	0.191294	-57.478138	-62.999764	178.235679
36797	9.138723	-3.663789	2.420496	0.014653	-0.148206	0.263801	-57.768372	-62.918370	178.571286
36798	9.278200	-3.608001	2.288103	-0.029003	-0.142809	0.399292	-58.158879	-62.767479	178.991457
36799	9.332352	-3.770053	2.332791	-0.052230	-0.150616	0.533730	-58.640484	-62.553020	179.500258
36800	9.440149	-3.676676	2.363354	-0.099283	-0.123980	0.662922	-59.191053	-62.264095	-179.942757
36801	9.281613	-3.741779	2.539454	-0.134288	-0.080472	0.762709	-59.761567	-61.911855	-179.383883
36802	9.331217	-3.620150	2.653156	-0.159571	-0.096807	0.861352	-60.401577	-61.511502	-178.760947
36803	9.141187	-3.679663	2.461056	-0.223226	-0.048117	0.978776	-61.073178	-61.036527	-178.140618
36804	8.725922	-4.113104	2.326765	-0.258108	-0.030138	1.041599	-61.760281	-60.520520	-177.522807
36805	8.691861	-4.067022	2.399890	-0.242361	-0.064201	1.083680	-62.463974	-59.989712	-176.871938
36806	8.737695	-4.032942	2.393428	-0.264976	-0.062562	1.138054	-63.181744	-59.425816	-176.216532
36807	8.582799	-4.156931	2.526406	-0.318580	-0.048376	1.172804	-63.906354	-58.837348	-175.584671
36808	8.626716	-4.311182	2.589064	-0.366085	-0.081781	1.206321	-64.676427	-58.234751	-174.927783
36809	8.967234	-4.334451	2.611477	-0.414532	-0.116143	1.261854	-65.495908	-57.607853	-174.240619
36810	9.487228	-4.404981	2.505231	-0.472984	-0.111183	1.386725	-66.362498	-56.908258	-173.532520
36811	9.612796	-4.938788	2.242485	-0.537063	-0.024244	1.534591	-67.213033	-56.106429	-172.881299
36812	9.825149	-5.285065	2.293896	-0.508572	0.055829	1.670060	-67.995759	-55.209512	-172.286238
36813	10.112679	-5.004644	2.302727	-0.489150	0.164055	1.810953	-68.693413	-54.211237	-171.774554
36814	9.720562	-5.331725	2.133653	-0.555210	0.312723	1.987730	-69.339269	-53.083831	-171.367642
36815	9.675316	-5.498861	2.331166	-0.515046	0.372096	2.119872	-69.924442	-51.871753	-171.001573
36816	9.601083	-5.444100	2.557934	-0.528979	0.528484	2.221233	-70.411225	-50.572104	-170.765988
36817	8.612481	-5.558894	2.281186	-0.594951	0.655539	2.280622	-70.845859	-49.215579	-170.643063
36818	8.005837	-6.000121	2.455969	-0.609623	0.671851	2.308548	-71.269653	-47.839979	-170.543681
36819	8.522751	-6.154812	3.094589	-0.608352	0.646397	2.250190	-71.681115	-46.500630	-170.457542
36820	8.319962	-6.462077	2.776183	-0.732852	0.705675	2.195402	-72.108284	-45.179904	-170.447403
36821	8.586653	-7.545448	2.155223	-0.680749	0.832335	2.069643	-72.406795	-43.905941	-170.577493
36822	7.143502	-6.364138	2.294370	-0.668649	0.880822	2.025882	-72.665015	-42.647851	-170.759665
36823	7.035376	-6.259694	1.889075	-0.674536	1.039904	1.926888	-72.833529	-41.417572	-171.084775
36824	6.156449	-6.925382	1.691737	-0.704115	1.080059	1.884661	-73.000430	-40.204300	-171.446680
36825	5.840946	-7.546745	1.530111	-0.630671	0.998603	1.803479	-73.157375	-39.049965	-171.766714
36826	5.940108	-7.338878	1.665124	-0.548770	0.931971	1.717082	-73.291395	-37.954582	-172.056601
36827	5.829906	-7.433438	1.585025	-0.522165	0.933642	1.647159	-73.405142	-36.897893	-172.361241
36828	5.380838	-7.366103	1.547854	-0.484231	0.939145	1.583879	-73.493475	-35.875403	-172.680247
36829	5.052157	-7.584015	1.426841	-0.444261	0.899320	1.521188	-73.572341	-34.894288	-172.983125
36830	4.868010	-7.745889	1.400341	-0.395188	0.830747	1.473145	-73.649606	-33.950898	-173.247371
36831	4.786183	-7.970370	1.392932	-0.328530	0.764922	1.445463	-73.713308	-33.033704	-173.472517
36832	4.867148	-7.796414	1.583411	-0.267034	0.698881	1.426508	-73.767546	-32.137567	-173.656480
36833	4.567166	-7.797292	1.570783	-0.250585	0.687573	1.451931	-73.820732	-31.229554	-173.828023
36834	4.760848	-7.819345	1.834939	-0.197326	0.602878	1.496991	-73.879039	-30.310202	-173.935821
36835	5.798137	-7.816658	2.278694	-0.181799	0.557944	1.557445	-73.948637	-29.364989	-174.004711
36836	6.576528	-8.173054	2.627045	-0.197400	0.597922	1.645456	-74.024333	-28.364950	-174.083092
36837	6.907364	-8.131404	2.828709	-0.212810	0.701315	1.717004	-74.084747	-27.309415	-174.214214
36838	6.524603	-8.035894	2.896650	-0.262596	0.824187	1.796163	-74.148888	-26.191252	-174.406904
36839	6.117233	-7.950351	2.822097	-0.313944	0.882170	1.890436	-74.236895	-25.012161	-174.618842
36840	5.809634	-7.846952	2.756692	-0.364620	0.923181	1.994065	-74.355681	-23.770292	-174.837987
36841	5.663321	-7.895118	2.649162	-0.416275	0.957377	2.093608	-74.505832	-22.468302	-175.062289
36842	5.513999	-7.762919	2.643355	-0.455200	0.996731	2.194427	-74.680541	-21.105867	-175.295169
36843	5.266246	-7.828576	2.492606	-0.501432	1.049699	2.305918	-74.880827	-19.673897	-175.544109
36844	4.929201	-7.721127	2.348858	-0.528891	1.080339	2.395522	-75.101070	-18.189574	-175.800193
36845	4.390700	-7.619547	1.996498	-0.566824	1.077096	2.487382	-75.352396	-16.654928	-176.044551
36846	3.416465	-6.352265	1.626547	-0.551455	0.904352	2.543559	-75.629822	-15.116175	-176.186373
36847	3.457471	-3.618113	1.097499	-0.344009	0.455412	2.327555	-75.846166	-13.760175	-176.108081
36848	4.762325	2.288233	0.474043	0.030401	-0.225635	1.472773	-75.907749	-12.975562	-175.767540
36849	5.552252	5.463174	0.488839	-0.126114	-0.203102	0.840038	-76.031735	-12.537594	-175.531968
36850	7.444121	0.603635	1.660875	-0.319539	-0.377620	0.182837	-76.267108	-12.490595	-175.291233
36851	11.475663	-0.717927	1.656649	0.569824	-0.836604	-1.094507	-76.012276	-13.215039	-174.967799
36852	11.537462	3.314480	3.115529	0.542486	-0.390135	-1.876416	-75.690070	-14.316254	-175.015602
36853	10.268414	0.529983	2.966467	0.591583	0.105684	-2.372547	-75.243991	-15.617707	-175.429186
36854	9.361372	0.098113	3.392937	0.855591	0.563506	-2.724031	-74.542586	-17.045855	-176.178639
36855	7.176758	-1.089611	2.670869	1.015049	0.989032	-2.855565	-73.642602	-18.464812	-177.221543
36856	5.063553	-1.551549	1.882754	1.273336	0.950448	-2.955411	-72.558911	-19.933121	-178.295668
36857	4.162996	-1.625668	1.228202	1.455654	0.624583	-3.035410	-71.392528	-21.477008	-179.234585
36858	4.183801	-1.564824	0.738044	1.569780	0.115396	-3.098182	-70.226440	-23.138529	-179.934252
36859	5.152050	-1.231880	0.623245	1.576523	-0.395407	-3.186992	-69.134789	-24.930357	179.604210
36860	6.638977	-1.179144	0.659617	1.507820	-0.790250	-3.334108	-68.135835	-26.881489	179.297568
36861	8.234696	-1.283508	0.735544	1.361929	-0.967537	-3.480376	-67.225660	-28.937505	179.021009
36862	9.091763	-1.426764	0.769336	1.138775	-0.952740	-3.602483	-66.391623	-31.057625	178.659762
36863	9.466877	-1.831873	0.669832	0.862351	-0.886295	-3.700698	-65.647358	-33.202131	178.190111
36864	9.553590	-2.179206	0.563526	0.542238	-0.805108	-3.726354	-65.012865	-35.343551	177.616531
36865	9.456923	-2.961250	0.632620	0.221937	-0.796761	-3.695302	-64.524442	-37.454215	177.008355
36866	9.650086	-3.960474	1.031923	-0.022124	-0.859008	-3.651333	-64.167066	-39.562544	176.414997
36867	10.045214	-5.311986	1.676245	-0.151804	-0.954457	-3.586262	-63.904006	-41.650155	175.877710
36868	10.339052	-6.738530	2.226076	-0.164098	-0.975455	-3.446700	-63.653366	-43.678581	175.369731
36869	10.158781	-7.974850	2.546470	-0.091238	-0.967902	-3.232858	-63.379908	-45.584604	174.906554
36870	9.755224	-8.774295	2.590025	0.016887	-1.026750	-2.976296	-63.112287	-47.382215	174.551122
36871	9.719708	-9.170282	2.451977	0.072668	-1.164840	-2.710600	-62.947734	-49.069844	174.386716
36872	10.122868	-9.385768	2.225523	0.030003	-1.330649	-2.474491	-62.968903	-50.689187	174.436759
36873	11.105179	-9.419955	2.086692	-0.133611	-1.467265	-2.302356	-63.237272	-52.246741	174.682308
36874	13.070081	-9.379600	1.890915	-0.428199	-1.451083	-2.185145	-63.725961	-53.748039	174.986465
36875	14.452206	-9.816867	1.973989	-0.846099	-1.170781	-2.081635	-64.323298	-55.114835	175.125160
36876	14.699149	-10.718529	2.239522	-1.248287	-0.796405	-2.020629	-64.913684	-56.366205	174.973254
36877	14.147594	-11.709049	2.526310	-1.569218	-0.487305	-1.998752	-65.463540	-57.523644	174.556903
36878	13.391881	-13.057452	2.858308	-1.804934	-0.253393	-1.967687	-65.964765	-58.620541	173.927990
36879	12.260787	-14.098839	3.228906	-1.857994	-0.134717	-1.948041	-66.392692	-59.673569	173.186755
36880	11.100507	-14.713724	3.604106	-1.790654	-0.126322	-1.894184	-66.780980	-60.707101	172.450865
36881	10.336565	-15.014433	3.909480	-1.624984	-0.142538	-1.792688	-67.117083	-61.684996	171.772246
36882	10.035804	-15.290714	4.131450	-1.402056	-0.122536	-1.631941	-67.357966	-62.582127	171.135185
36883	9.579500	-15.286357	4.264737	-1.101596	-0.030267	-1.452127	-67.392987	-63.357574	170.466264
36884	9.185604	-15.289617	4.121685	-0.763525	0.064745	-1.277653	-67.189252	-64.025046	169.750297
36885	8.472386	-14.742063	3.867994	-0.376562	0.170961	-1.127379	-66.691729	-64.581807	168.959067
36886	7.299640	-14.004881	3.352774	-0.024914	0.229381	-0.994687	-65.963198	-65.056186	168.137764
36887	6.007576	-13.028176	2.824091	0.293769	0.161253	-0.888938	-65.154511	-65.482436	167.433059
36888	5.028144	-12.310510	2.495184	0.556916	-0.035136	-0.795982	-64.446299	-65.907608	167.005716
36889	4.752956	-11.694780	2.237477	0.794613	-0.290749	-0.703107	-63.933305	-66.343589	166.942922
36890	4.777749	-11.092431	2.151054	0.993452	-0.495203	-0.614774	-63.593437	-66.787763	167.192564
36891	4.822189	-10.431660	2.169754	1.182745	-0.627692	-0.526213	-63.356436	-67.218927	167.671585
36892	4.759481	-9.784316	2.126300	1.333691	-0.695864	-0.447221	-63.173931	-67.628901	168.301240
36893	4.642740	-9.258023	2.149209	1.446777	-0.723275	-0.367102	-63.017598	-68.004782	169.027927
36894	4.660388	-8.786114	2.077210	1.524831	-0.727765	-0.269279	-62.899267	-68.332621	169.841426
36895	4.852887	-8.381167	2.125933	1.553368	-0.672522	-0.124078	-62.795082	-68.572520	170.686611
36896	5.002543	-7.885432	2.118952	1.555203	-0.549153	0.044816	-62.652958	-68.693900	171.490719
36897	4.928943	-7.326792	1.970988	1.513970	-0.395797	0.228983	-62.456080	-68.682780	172.210814
36898	5.022088	-6.834364	1.781678	1.419397	-0.258306	0.399014	-62.253007	-68.548225	172.866065
36899	5.134900	-6.228807	1.469071	1.292091	-0.132874	0.560393	-62.061830	-68.300659	173.456888
36900	5.378929	-5.650937	1.227194	1.117421	-0.040970	0.696802	-61.944888	-67.957891	174.020748
36901	5.785556	-4.994134	1.019054	0.915476	0.048463	0.798306	-61.886479	-67.542066	174.524680
36902	6.229005	-4.471465	0.875164	0.684682	0.162745	0.878682	-61.869760	-67.052467	174.931761
36903	6.491729	-3.929271	0.821330	0.441864	0.292776	0.933851	-61.859539	-66.502319	175.196442
36904	6.587939	-3.678856	0.880602	0.184127	0.404541	0.993304	-61.903650	-65.889333	175.359859
36905	6.518411	-3.516347	0.960764	-0.035008	0.487665	1.045811	-62.000738	-65.229908	175.444787
36906	6.393422	-3.563573	1.091107	-0.231163	0.503392	1.101772	-62.224175	-64.535184	175.545093
36907	6.455406	-3.701130	1.195737	-0.372198	0.478388	1.176663	-62.580533	-63.811524	175.704393
36908	6.390400	-3.727434	1.410549	-0.463308	0.412583	1.237644	-63.077880	-63.070780	175.963370
36909	6.567624	-3.986513	1.614562	-0.525075	0.315350	1.281421	-63.702649	-62.334205	176.328199
36910	6.929944	-4.270317	1.898577	-0.525319	0.222381	1.291363	-64.401177	-61.611112	176.778229
36911	7.087871	-4.646871	2.031062	-0.486316	0.132645	1.257949	-65.114864	-60.927555	177.274673
36912	7.227130	-4.730638	2.108592	-0.412532	0.045322	1.209675	-65.824413	-60.284068	177.817428
36913	7.408952	-4.822418	2.171287	-0.328379	-0.022433	1.150075	-66.493759	-59.687328	178.373472
36914	7.502604	-4.774257	2.181046	-0.228461	-0.067417	1.091154	-67.105299	-59.125613	178.931499
36915	7.492474	-4.867175	2.152802	-0.127645	-0.112726	1.034287	-67.654259	-58.604219	179.487733
36916	7.344599	-4.814417	2.055748	-0.033607	-0.172664	0.989691	-68.172049	-58.113572	-179.927003
36917	7.428128	-4.828791	2.005428	0.056993	-0.268772	0.948907	-68.685948	-57.665362	-179.281405
36918	7.448751	-4.950004	1.980232	0.137791	-0.351738	0.906171	-69.197576	-57.250756	-178.581122
36919	7.334178	-5.032268	1.882204	0.215973	-0.458211	0.851069	-69.717426	-56.887037	-177.813985
36920	7.355247	-5.219750	1.899691	0.285547	-0.559229	0.788089	-70.251403	-56.569853	-176.979872
36921	7.445816	-5.282963	1.781670	0.357870	-0.640461	0.735881	-70.779496	-56.295545	-176.099664
36922	7.409738	-5.318261	1.672675	0.406178	-0.696667	0.698038	-71.306904	-56.044275	-175.184782
36923	7.143690	-5.189108	1.516955	0.435065	-0.752498	0.660436	-71.839319	-55.822333	-174.240810
36924	6.799473	-5.062738	1.362683	0.437646	-0.821375	0.636973	-72.412752	-55.616656	-173.243470
36925	6.697454	-5.228146	1.230371	0.406842	-0.909564	0.620872	-73.058087	-55.432389	-172.177538
36926	6.679974	-5.539636	1.121182	0.369046	-0.995364	0.616545	-73.785681	-55.253660	-171.035994
36927	6.552834	-5.694244	0.923155	0.323601	-1.080550	0.620858	-74.595533	-55.080826	-169.823137
36928	6.388176	-5.989181	0.768050	0.239555	-1.154801	0.653269	-75.510925	-54.886819	-168.537824
36929	6.376928	-6.574448	0.936167	0.181872	-1.197811	0.731460	-76.493079	-54.646930	-167.207489
36930	6.440988	-6.943985	1.138046	0.170644	-1.129285	0.922327	-77.446849	-54.274702	-165.915133
36931	5.964948	-7.347851	1.313540	0.156944	-1.005515	1.203804	-78.331367	-53.721932	-164.710303
36932	5.342152	-7.621365	1.274201	0.163344	-0.953367	1.505191	-79.185836	-52.978971	-163.528437
36933	5.006504	-7.678354	1.244282	0.189378	-0.967246	1.777421	-80.028160	-52.077981	-162.330082
36934	4.884391	-7.813355	1.240315	0.199728	-1.003641	1.984427	-80.867634	-51.048184	-161.111938
36935	4.750480	-7.741171	1.074734	0.222225	-1.009919	2.124969	-81.658216	-49.933388	-159.921893
36936	73.943804	-14.119302	9.753781	2.939555	-3.480017	-3.174624	-82.093326	-52.011932	-157.193342
36937	16.208418	25.439127	-4.618526	1.081677	7.060565	-6.300486	-75.170071	-54.760034	-165.038938
36938	-7.580788	-20.161837	8.825467	-4.882735	7.946442	-1.561533	-71.480705	-54.309599	-173.000930
36939	9.642880	-15.311242	-4.952606	4.712831	0.160738	-5.020842	-67.167843	-56.969416	-174.952791
36940	-3.662672	-1.816795	-5.074989	-1.337097	3.135328	-2.929579	-64.300530	-57.760139	-179.266822
36941	8.835681	-18.994853	7.375373	2.927852	-1.957096	-3.065318	-62.994346	-59.832403	-178.832176
36942	22.939264	8.558644	-0.253253	3.321059	-1.346716	-4.684372	-59.998261	-62.556738	179.920955
36943	11.675833	-2.899629	5.560603	-1.041636	2.688483	-1.288410	-57.333044	-62.386930	176.243010
36944	10.476112	-6.788180	6.142245	1.815313	-0.218078	-2.022506	-55.241894	-63.419012	175.062415
36945	11.679352	2.034976	3.534802	0.987432	-0.320101	-1.530645	-53.945813	-64.240875	174.249033
36946	8.800543	-2.653638	3.256763	-0.136630	0.448331	-0.760773	-53.056957	-64.437402	173.176181
36947	7.450670	-3.916001	3.666629	0.237434	-0.246357	-0.873377	-52.518280	-64.922070	172.731079
36948	9.402998	-2.504687	2.599069	0.221112	-0.437846	-0.884083	-52.153778	-65.475193	172.469276
36949	9.434601	-3.409379	2.408656	-0.051321	-0.195249	-0.798996	-51.752996	-65.905430	171.997556
36950	9.105911	-3.833779	2.521936	0.053922	-0.265524	-0.851653	-51.307305	-66.381049	171.544194
36951	9.039654	-3.604143	2.321588	-0.050573	-0.253346	-1.016559	-50.748356	-66.925947	170.904164
36952	9.718427	-0.592957	3.241020	0.289632	-0.505165	-0.678318	-50.531072	-67.408909	170.848644
36953	10.593899	-2.996230	1.571114	-0.447274	-0.397282	-0.450248	-50.817170	-67.753489	170.881224
36954	10.027709	-2.593711	1.007631	0.100776	-0.328281	-0.261787	-50.887658	-67.987632	171.019853
36955	9.217902	-1.874809	2.557361	-0.090407	0.099610	-0.079219	-50.758393	-67.987535	170.824864
36956	8.677007	-2.892345	2.597817	-0.046008	-0.119164	0.024556	-50.940199	-68.018938	170.992696
36957	9.165280	-2.655175	2.153644	-0.030977	-0.113173	0.030948	-51.109875	-68.046710	171.156829
36958	8.774818	-2.914026	2.504473	-0.081067	-0.075482	0.046807	-51.283972	-68.052120	171.294649
36959	9.262391	-2.989446	2.082178	-0.023883	-0.194827	0.024630	-51.535690	-68.111489	171.551541
36960	9.477486	-2.904639	1.820221	-0.036852	-0.062712	0.013916	-51.641556	-68.126769	171.643071
36961	9.145395	-2.993707	2.157308	-0.025162	0.004528	0.004382	-51.654105	-68.123963	171.641371
36962	9.163566	-2.892620	2.128818	-0.019649	0.001355	-0.015895	-51.652149	-68.129860	171.627315
36963	9.087895	-2.862281	2.206776	-0.020376	0.033306	-0.022208	-51.606193	-68.128764	171.565527
36964	8.957376	-2.878291	2.272938	-0.015789	0.027740	-0.029278	-51.560632	-68.131289	171.506865
36965	8.943555	-2.802304	2.340925	-0.014217	0.011028	-0.020975	-51.537140	-68.137545	171.473086
36966	8.972916	-2.823215	2.299964	-0.015732	-0.008891	-0.017717	-51.542711	-68.147925	171.469560
36967	9.002360	-2.844437	2.258283	-0.007368	-0.006999	-0.011837	-51.543560	-68.156503	171.466239
36968	8.966916	-2.819612	2.321080	-0.005394	-0.014107	-0.007640	-51.557977	-68.164229	171.478628
36969	9.090426	-2.854714	2.206154	-0.001987	-0.020689	-0.003297	-51.578681	-68.173850	171.500016
36970	9.108927	-2.909159	2.189148	-0.004520	-0.003732	-0.005191	-51.583136	-68.176791	171.502215
36971	9.134612	-2.894439	2.169891	0.006485	-0.003834	-0.013529	-51.571003	-68.185002	171.493459
36972	9.062483	-2.830004	2.246270	0.006997	0.021193	-0.010828	-51.535906	-68.181608	171.460158
36973	9.037166	-2.842615	2.266711	0.009029	0.007007	-0.012536	-51.511032	-68.185506	171.439250
36974	9.044350	-2.843398	2.244461	0.003247	0.011982	-0.007216	-51.491603	-68.183778	171.420511
36975	9.033277	-2.860192	2.217627	0.002838	0.003700	-0.006514	-51.479339	-68.186150	171.409365
36976	9.077209	-2.844976	2.256371	0.004678	0.012508	-0.007071	-51.458618	-68.184176	171.390117
36977	8.990257	-2.832852	2.306298	0.001196	-0.000305	-0.008010	-51.450441	-68.188647	171.382360
36978	9.070181	-2.826460	2.227413	0.003429	-0.009689	-0.011768	-51.451068	-68.196710	171.385339
36979	9.067005	-2.859730	2.228649	0.002867	0.000161	-0.009466	-51.440106	-68.201667	171.375614
36980	9.071008	-2.824241	2.226859	0.001003	-0.006000	-0.015715	-51.434447	-68.210194	171.370325
36981	9.053698	-2.853613	2.274604	-0.000458	-0.002987	-0.012910	-51.425829	-68.217817	171.361074
36982	9.024959	-2.815083	2.262267	-0.001860	-0.007053	-0.016008	-51.422700	-68.226863	171.356744
36983	9.061981	-2.852747	2.250039	-0.002799	-0.009025	-0.015956	-51.419461	-68.238007	171.351841
36984	9.055077	-2.834715	2.219891	-0.004709	-0.009430	-0.012898	-51.423389	-68.246519	171.353355
36985	9.037915	-2.864111	2.267169	-0.004975	-0.006721	-0.018103	-51.416882	-68.257802	171.343592
36986	9.027570	-2.809613	2.258649	-0.004199	-0.013091	-0.019057	-51.419095	-68.270390	171.343574
36987	9.035940	-2.824885	2.286446	-0.005377	-0.015003	-0.017402	-51.422745	-68.284317	171.344499
36988	9.076492	-2.813059	2.218652	-0.005702	-0.031687	-0.019206	-51.446593	-68.303623	171.366843
36989	9.092255	-2.830004	2.222151	-0.009194	-0.016705	-0.021046	-51.451095	-68.319791	171.366331
36990	9.067970	-2.842215	2.239215	-0.008209	-0.019595	-0.020651	-51.461484	-68.335439	171.372641
36991	9.090149	-2.775550	2.187600	-0.009432	-0.016644	-0.019446	-51.467501	-68.350868	171.373613
36992	9.095169	-2.824960	2.216637	-0.009448	-0.015318	-0.022852	-51.471792	-68.365990	171.372598
36993	9.125914	-2.805383	2.298883	-0.022531	-0.022660	-0.015751	-51.495457	-68.381909	171.384480
36994	9.080908	-2.898496	2.010306	0.015853	0.014142	-0.033594	-51.442217	-68.391342	171.337178
36995	8.837527	-2.745821	2.487667	-0.028430	-0.006649	-0.014723	-51.452061	-68.401086	171.330558
36996	9.126950	-2.699571	2.211739	0.008693	-0.032585	-0.013922	-51.473511	-68.418385	171.359180
36997	9.044869	-2.934905	2.176530	-0.022589	-0.015590	-0.009840	-51.494557	-68.429132	171.368205
36998	9.121751	-2.766317	2.209999	-0.003059	-0.030561	-0.017338	-51.517422	-68.447247	171.391103
36999	9.086504	-2.866696	2.179184	-0.012631	-0.007912	-0.019036	-51.515765	-68.459378	171.381852
37000	9.069651	-2.825351	2.246152	-0.005361	-0.017204	-0.023781	-51.518974	-68.475633	171.382196
37001	9.041286	-2.786165	2.232681	-0.006791	-0.017732	-0.023928	-51.520709	-68.493460	171.380190
37002	9.039002	-2.818334	2.232256	-0.004832	-0.022184	-0.026547	-51.526764	-68.512739	171.383920
37003	9.036757	-2.780035	2.251239	-0.006595	-0.035856	-0.025556	-51.547589	-68.537755	171.402550
37004	9.066999	-2.800339	2.206899	-0.012069	-0.037149	-0.017974	-51.582671	-68.558524	171.433015
37005	9.054336	-2.795253	2.249794	-0.007508	-0.039154	-0.022108	-51.611025	-68.583159	171.459165
37006	9.074081	-2.777627	2.249964	-0.009579	-0.046577	-0.023366	-51.650699	-68.609698	171.496088
37007	9.053215	-2.740558	2.210515	-0.010286	-0.046400	-0.018559	-51.692335	-68.635300	171.534782
37008	9.062716	-2.826666	2.214549	-0.015460	-0.052617	-0.012136	-51.752686	-68.658921	171.590280
37009	9.078031	-2.758730	2.183034	-0.009966	-0.052644	-0.016329	-51.803576	-68.685706	171.639092
37010	9.079707	-2.757675	2.177393	-0.012681	-0.064754	-0.012338	-51.876419	-68.713683	171.709690
37011	9.136116	-2.779804	2.163729	-0.011511	-0.062835	-0.014001	-51.942400	-68.742980	171.773728
37012	9.118654	-2.779695	2.101375	-0.013994	-0.053408	-0.008610	-52.006540	-68.765223	171.834157
37013	9.131030	-2.761774	2.124460	-0.006496	-0.038944	-0.005620	-52.049768	-68.782264	171.876849
37014	9.078188	-2.753888	2.180715	-0.012447	-0.038801	0.001782	-52.105635	-68.794644	171.929339
37015	9.204748	-2.824470	2.040846	-0.010379	-0.033581	-0.003331	-52.147044	-68.808736	171.967686
37016	9.162174	-2.853634	2.053813	-0.008417	-0.002782	-0.015631	-52.142863	-68.816323	171.958241
37017	9.119839	-2.756517	2.162192	0.007689	0.011328	-0.014750	-52.111170	-68.819783	171.929286
37018	8.982328	-2.757684	2.198747	-0.003890	0.000953	-0.010442	-52.104730	-68.823720	171.920198
37019	9.073789	-2.748320	2.198456	-0.007203	-0.021584	-0.010535	-52.123810	-68.836853	171.936545
37020	9.109984	-2.771282	2.132276	-0.004869	-0.015547	-0.007478	-52.139868	-68.845261	171.950984
37021	9.103538	-2.769327	2.153989	-0.008658	-0.016380	-0.001342	-52.162086	-68.852401	171.969799
37022	9.165366	-2.794199	2.121624	-0.005392	-0.008369	0.001666	-52.178357	-68.854157	171.984145
37023	9.092576	-2.787179	2.124770	-0.003155	0.003858	0.000886	-52.175780	-68.853175	171.979754
37024	9.070625	-2.767087	2.143221	0.002706	0.014315	0.002381	-52.161514	-68.846650	171.966332
37025	9.056473	-2.764291	2.190583	0.002230	-0.001428	0.011904	-52.172041	-68.842539	171.979300
37026	9.109794	-2.773273	2.130500	-0.004282	0.002813	0.012314	-52.184222	-68.835568	171.989944
37027	9.091330	-2.790020	2.126373	0.002197	-0.000098	0.008501	-52.190115	-68.832529	171.997924
37028	9.134181	-2.761005	2.111880	0.004034	0.007381	0.011367	-52.191313	-68.824393	172.001899
37029	9.093762	-2.757524	2.126406	0.002746	0.015187	0.012151	-52.182338	-68.814332	171.994273
37030	9.076033	-2.789372	2.175738	0.004266	0.007324	0.009762	-52.182000	-68.806958	171.996741
37031	9.072067	-2.754130	2.198292	0.006690	0.004966	0.010289	-52.181015	-68.801331	172.000108
37032	9.067457	-2.774327	2.147266	0.001619	-0.009649	0.014188	-52.205975	-68.797923	172.028087
37033	9.121965	-2.798416	2.138831	0.001819	-0.008377	0.009180	-52.222344	-68.797482	172.047073
37034	9.153665	-2.787048	2.096266	-0.002414	0.006764	0.012210	-52.228640	-68.789213	172.052555
37035	9.076976	-2.815028	2.102178	0.001785	0.014544	0.008797	-52.217930	-68.780899	172.042475
37036	9.151642	-2.773264	2.046737	0.008814	0.024712	0.002265	-52.187881	-68.770845	172.015866
37037	9.033073	-2.790347	2.194978	0.005051	0.041943	0.008449	-52.143116	-68.753056	171.971255
37038	8.978541	-2.783005	2.257563	0.010220	0.009385	0.008724	-52.135982	-68.745472	171.970090
37039	8.999999	-2.803720	2.240415	0.000527	-0.002773	0.003596	-52.141480	-68.745595	171.976625
37040	9.011575	-2.786269	2.266586	0.006333	-0.030642	-0.001377	-52.173971	-68.756650	172.015592
37041	9.033070	-2.721032	2.213371	0.000819	-0.048672	0.002766	-52.232037	-68.773264	172.078702
37042	9.244982	-2.788289	1.970614	0.007987	-0.039411	0.022573	-52.295486	-68.776520	172.151897
37043	9.144254	-2.775923	2.066303	0.006940	0.009318	0.021414	-52.299281	-68.764323	172.160546
37044	9.236810	-2.790678	1.994070	0.025196	0.008795	0.033701	-52.306635	-68.745650	172.184137
37045	9.105947	-2.757583	2.135692	0.022779	0.060081	0.048520	-52.266651	-68.703375	172.155546
37046	9.071545	-2.774149	2.182676	0.035228	0.021324	0.060149	-52.277418	-68.668350	172.188976
37047	9.089523	-2.784690	2.117663	0.029504	0.069475	0.071496	-52.243464	-68.612366	172.170981
37048	8.886291	-2.846420	2.348535	0.039518	0.025122	0.066923	-52.253315	-68.572956	172.206087
37049	9.321841	-2.793457	1.941118	0.041026	0.017256	0.064535	-52.266856	-68.538438	172.246201
37050	9.128623	-2.962598	2.108136	0.041874	0.102588	0.061881	-52.181660	-68.474140	172.180626
37051	9.139338	-2.829392	2.111242	0.071350	0.069688	0.052332	-52.106874	-68.426737	172.144485
37052	9.141740	-2.820217	2.047218	0.070498	0.144479	0.066706	-51.962736	-68.345424	172.033088
37053	8.950987	-2.913031	2.344888	0.071860	0.124739	0.060445	-51.833218	-68.274843	171.938323
37054	9.249480	-2.806684	2.056427	0.103219	0.096650	0.060620	-51.720528	-68.213045	171.880858
37055	9.291236	-2.958839	1.996034	0.093008	0.183113	0.077399	-51.529998	-68.113920	171.733322
37056	9.394938	-2.814846	2.115171	0.142028	0.195684	0.094196	-51.316223	-68.001597	171.590758
37057	9.168983	-2.813986	2.198564	0.113128	0.224802	0.146418	-51.132639	-67.856302	171.462914
37058	8.919551	-2.964010	2.365127	0.130192	0.223187	0.133989	-50.934417	-67.716012	171.329536
37059	9.058155	-2.622936	2.427127	0.124950	0.169444	0.156380	-50.816456	-67.586013	171.279714
37060	8.927660	-2.832267	2.425635	0.090070	0.188665	0.193830	-50.733763	-67.431450	171.246231
37061	9.053069	-2.812355	2.430347	0.115611	0.120061	0.220394	-50.730774	-67.290917	171.315076
37062	9.427217	-2.370390	2.471643	0.122647	0.120377	0.263787	-50.762477	-67.130075	171.425850
37063	9.303483	-2.390351	2.494581	0.002136	0.033494	0.502885	-51.153267	-66.894969	171.851992
37064	9.054176	-3.094361	2.387797	-0.007734	0.115672	0.522202	-51.473986	-66.619885	172.196387
37065	8.729699	-3.452652	2.329889	-0.022661	0.089902	0.494482	-51.797745	-66.366542	172.535601
37066	8.396107	-3.271846	2.652929	0.030381	0.100396	0.369704	-51.976051	-66.164247	172.749561
37067	8.594746	-3.233470	2.488706	0.019088	0.037621	0.287804	-52.154820	-66.021712	172.957387
37068	8.758703	-3.193440	2.490039	0.005774	0.039504	0.238299	-52.300147	-65.899756	173.120312
37069	8.957833	-3.141351	2.448370	0.012499	0.010979	0.224126	-52.456071	-65.794979	173.299361
37070	9.302446	-2.834756	2.398639	0.005047	-0.002835	0.288023	-52.679715	-65.664754	173.548037
37071	9.239422	-3.091295	2.304486	-0.046993	0.059796	0.383390	-52.938239	-65.469829	173.802734
37072	8.831449	-3.341534	2.412427	-0.039441	0.086096	0.407518	-53.181975	-65.253438	174.046194
37073	8.519099	-3.392635	2.531177	-0.034126	0.083486	0.364298	-53.387644	-65.058299	174.251610
37074	8.413557	-3.438606	2.585040	-0.019390	0.042381	0.297180	-53.575185	-64.906868	174.446481
37075	8.711845	-3.471570	2.377802	-0.006849	0.015657	0.234882	-53.733037	-64.793933	174.616850
37076	8.741976	-3.511978	2.420808	-0.000851	0.045692	0.191865	-53.827547	-64.689616	174.720988
37077	8.823443	-3.308617	2.532388	0.021397	0.037446	0.168125	-53.898043	-64.599947	174.812885
37078	8.915931	-3.002539	2.658946	-0.014239	-0.005874	0.221259	-54.069645	-64.499225	174.994071
37079	8.976278	-3.059915	2.603562	-0.072938	-0.040841	0.315735	-54.371654	-64.366923	175.282857
37080	8.998335	-3.279065	2.524081	-0.108925	-0.056059	0.388431	-54.757313	-64.204083	175.641830
37081	9.115947	-3.455417	2.391456	-0.125408	-0.055050	0.447402	-55.184993	-64.013058	176.037680
37082	9.118408	-3.451912	2.409262	-0.131888	-0.025022	0.520833	-55.631300	-63.775426	176.450733
37083	8.946579	-3.640442	2.292972	-0.153623	0.009533	0.589912	-56.092393	-63.493387	176.867441
37084	8.592150	-4.020419	2.222924	-0.140414	0.081332	0.569259	-56.457285	-63.196153	177.185893
37085	8.190090	-4.032421	2.435334	-0.084821	0.067169	0.467962	-56.732803	-62.951919	177.440728
37086	8.251985	-3.583281	2.586565	-0.045250	0.015501	0.365303	-56.968448	-62.771696	177.676570
37087	8.222762	-3.586561	2.703987	-0.100133	-0.023192	0.321144	-57.240590	-62.625197	177.918590
37088	8.573162	-3.605521	2.678448	-0.116779	-0.106909	0.307820	-57.590757	-62.509431	178.237937
37089	8.958456	-3.692952	2.561717	-0.169861	-0.123783	0.343992	-58.003964	-62.381237	178.594563
37090	9.368105	-3.742451	2.444957	-0.196197	-0.120552	0.436492	-58.479613	-62.204806	179.005064
37091	9.665478	-3.776488	2.445302	-0.224454	-0.090793	0.558103	-59.004878	-61.959231	179.454298
37092	9.824246	-4.015561	2.273975	-0.254750	-0.036317	0.691197	-59.562068	-61.629309	179.921156
37093	9.827528	-3.973679	2.413651	-0.251507	0.016191	0.820607	-60.124729	-61.218894	-179.601901
37094	9.456818	-3.801379	2.481793	-0.274644	0.094036	0.940404	-60.677890	-60.723764	-179.149032
37095	8.941314	-3.896624	2.616714	-0.308693	0.119611	1.013663	-61.246049	-60.183504	-178.698924
37096	8.693222	-4.031021	2.581222	-0.325993	0.112060	1.042472	-61.827185	-59.627847	-178.242916
37097	8.664287	-4.210085	2.462323	-0.347327	0.102326	1.058054	-62.416730	-59.065353	-177.788610
37098	8.703820	-4.484798	2.272713	-0.344944	0.128025	1.078281	-62.974792	-58.482792	-177.366899
37099	8.601770	-4.824710	2.203867	-0.325439	0.153122	1.080178	-63.484078	-57.891500	-176.986673
37100	8.734260	-4.859953	2.100136	-0.275657	0.174522	1.100918	-63.941255	-57.281747	-176.631997
37101	8.379279	-4.972795	2.066169	-0.249874	0.233752	1.114958	-64.327418	-56.649279	-176.341806
37102	8.043736	-5.066237	2.040379	-0.191415	0.234079	1.097624	-64.662438	-56.024020	-176.070868
37103	7.569942	-5.246135	1.984030	-0.163182	0.258441	1.040860	-64.931703	-55.422155	-175.857810
37104	7.004524	-5.412058	2.078260	-0.114295	0.232395	0.939582	-65.150603	-54.877978	-175.670708
37105	7.079059	-5.283895	2.207255	-0.060116	0.160977	0.835658	-65.349256	-54.405335	-175.469007
37106	7.110176	-5.148369	2.318296	-0.053160	0.130850	0.743837	-65.531332	-53.986548	-175.281911
37107	7.142672	-5.154009	2.391860	-0.053101	0.089846	0.671225	-65.714339	-53.615790	-175.092474
37108	7.264949	-5.227423	2.472801	-0.063601	0.061747	0.608743	-65.900604	-53.283102	-174.905812
37109	7.432224	-5.297085	2.384484	-0.066250	0.043301	0.565531	-66.083887	-52.977801	-174.723795
37110	7.610947	-5.407697	2.328941	-0.063326	0.024324	0.538992	-66.268408	-52.689603	-174.537600
37111	7.766944	-5.490896	2.313666	-0.059509	0.024862	0.534465	-66.445556	-52.404155	-174.357036
37112	7.972953	-5.542006	2.362089	-0.051076	0.029475	0.547541	-66.616717	-52.109598	-174.177425
37113	8.121314	-5.460034	2.402390	-0.050236	0.050313	0.581644	-66.779882	-51.792907	-174.006411
37114	8.123913	-5.526308	2.392776	-0.058047	0.082364	0.618161	-66.934596	-51.448643	-173.851313
37115	8.175844	-5.639771	2.458924	-0.069362	0.109966	0.663956	-67.087015	-51.074617	-173.706486
37116	8.319518	-5.802186	2.537563	-0.066186	0.139841	0.705207	-67.227448	-50.671151	-173.574180
37117	8.500858	-5.666910	2.617656	-0.062507	0.178492	0.755054	-67.351065	-50.233382	-173.459936
37118	8.803772	-5.864461	2.605333	-0.086389	0.238417	0.797345	-67.459845	-49.759177	-173.382382
37119	8.453082	-5.968232	2.558161	-0.130109	0.286353	0.862883	-67.578018	-49.240403	-173.324630
37120	8.294625	-6.134017	2.552254	-0.138265	0.215317	0.949149	-67.763885	-48.690625	-173.183093
37121	8.720477	-5.756940	2.706107	-0.149082	0.253205	1.029399	-67.948107	-48.090428	-173.050561
37122	8.445512	-6.016794	2.601826	-0.191232	0.337755	1.105239	-68.121209	-47.430978	-172.964591
37123	8.291843	-6.171735	2.473468	-0.191512	0.357529	1.188332	-68.297965	-46.723505	-172.872665
37124	8.347024	-6.275511	2.460882	-0.192295	0.407361	1.257426	-68.459253	-45.968059	-172.801882
37125	8.215571	-6.324255	2.463625	-0.189192	0.486765	1.317919	-68.584730	-45.164052	-172.777563
37126	7.986008	-6.437975	2.398563	-0.180215	0.549798	1.377583	-68.682517	-44.314655	-172.785220
37127	7.863508	-6.503697	2.444803	-0.173689	0.594200	1.440099	-68.764672	-43.423024	-172.809856
37128	7.829424	-6.529440	2.493789	-0.163474	0.648661	1.503707	-68.826143	-42.485884	-172.857027
37129	7.828762	-6.562713	2.510107	-0.160896	0.725583	1.563881	-68.860223	-41.500981	-172.943444
37130	7.544301	-6.563226	2.558993	-0.170970	0.791775	1.635435	-68.884237	-40.464050	-173.056156
37131	7.511931	-6.677958	2.615481	-0.169102	0.838941	1.704460	-68.899956	-39.380671	-173.182184
37132	7.311990	-6.625706	2.745044	-0.179794	0.899193	1.770088	-68.910156	-38.249784	-173.330250
37133	7.081190	-6.439296	2.815095	-0.194652	0.967789	1.823233	-68.912246	-37.076379	-173.508879
37134	6.852523	-6.449817	2.897558	-0.234317	1.053927	1.873384	-68.915660	-35.858534	-173.729003
37135	6.585771	-6.597418	3.046238	-0.287751	1.115684	1.942150	-68.941610	-34.591128	-173.969349
37136	7.051254	-6.575382	3.185710	-0.308215	1.152448	2.017894	-68.982891	-33.276029	-174.211697
37137	7.408904	-6.417172	3.426351	-0.396369	1.273690	2.119183	-69.052183	-31.881804	-174.504236
37138	7.595507	-6.225666	3.493447	-0.476676	1.393102	2.226741	-69.149691	-30.406449	-174.843630
37139	7.452396	-6.026121	3.536414	-0.582541	1.567918	2.334495	-69.275597	-28.837905	-175.263589
37140	7.501180	-5.798450	3.335320	-0.703099	1.709391	2.438003	-69.452556	-27.187074	-175.744201
37141	6.931379	-5.325941	3.128693	-0.798825	1.854584	2.535685	-69.668443	-25.455397	-176.288907
37142	6.647912	-5.564576	3.097660	-0.965936	1.977303	2.647012	-69.974805	-23.643030	-176.882987
37143	5.732531	-5.800415	2.921308	-1.031714	2.118629	2.778856	-70.314479	-21.733989	-177.534203
37144	5.734341	-5.189294	2.928406	-1.155989	2.147977	2.870895	-70.744434	-19.775227	-178.188973
37145	5.199251	-2.569756	2.122244	-1.098070	2.178408	2.790400	-71.149214	-17.857351	-178.883809
37146	4.809944	0.596445	0.724702	-1.237345	2.109065	2.502783	-71.647430	-16.115474	-179.603401
37147	4.195966	3.522312	0.223650	-1.223747	2.041948	2.052511	-72.143071	-14.634893	179.622462
37148	3.885315	3.288875	0.955441	-1.448864	1.899257	1.802075	-72.791515	-13.325694	178.873197
37149	8.701620	-4.365786	2.325098	-1.171959	1.613902	1.151821	-73.304555	-12.425581	178.163398
37150	10.646227	-1.052749	3.969426	-0.218544	1.250653	-0.111712	-73.274347	-12.284629	177.441312
37151	10.236285	-2.053005	3.527480	0.020701	1.119207	-1.079958	-73.086616	-12.692159	176.629369
37152	8.133028	-1.763694	3.287577	0.673922	0.714967	-2.035894	-72.526407	-13.690229	175.872276
37153	5.375647	-1.634364	2.178662	1.058344	0.230632	-2.573347	-71.771679	-15.053943	175.276003
37154	3.716620	-1.601104	1.546569	1.370492	-0.433956	-2.822847	-70.904415	-16.671224	174.981584
37155	3.742254	-1.491816	1.198345	1.550299	-0.923106	-2.871058	-69.999403	-18.399138	174.927162
37156	4.687868	-1.385938	1.186888	1.611834	-1.208404	-2.836812	-69.102138	-20.169650	175.011310
37157	6.480920	-1.514760	1.385357	1.579749	-1.203730	-2.794625	-68.219664	-21.912813	175.075404
37158	7.860398	-2.026117	1.764921	1.537908	-1.005241	-2.821897	-67.303280	-23.633501	174.988171
37159	8.571564	-2.558457	1.894876	1.477717	-0.718268	-2.905319	-66.330147	-25.326496	174.683866
37160	8.368057	-3.240209	1.917842	1.428438	-0.519015	-3.020984	-65.294039	-27.034076	174.193746
37161	8.003627	-3.759457	1.744221	1.368923	-0.476926	-3.136406	-64.234494	-28.776892	173.606540
37162	7.759010	-4.298298	1.605460	1.256309	-0.592059	-3.244357	-63.216335	-30.601217	173.006967
37163	7.804537	-4.601018	1.580898	1.125300	-0.783112	-3.338613	-62.278236	-32.508020	172.447157
37164	8.046816	-5.009016	1.694452	0.943173	-0.997279	-3.427227	-61.455592	-34.516826	171.938164
37165	8.479920	-5.664771	1.892953	0.734741	-1.169903	-3.481867	-60.764845	-36.588156	171.474857
37166	8.855947	-6.455271	2.104625	0.495719	-1.253420	-3.485451	-60.201107	-38.687842	171.018411
37167	8.982802	-7.402579	2.237808	0.242118	-1.267563	-3.442018	-59.764772	-40.759582	170.553283
37168	8.956245	-8.337905	2.333010	-0.032682	-1.222806	-3.337062	-59.456484	-42.771544	170.063353
37169	9.047227	-9.211609	2.521135	-0.325471	-1.160160	-3.190811	-59.299000	-44.684186	169.566208
37170	9.238158	-9.796812	2.637450	-0.605053	-1.059183	-3.019850	-59.273281	-46.489907	169.045406
37171	9.571590	-10.055751	2.724138	-0.919859	-0.927725	-2.821158	-59.401867	-48.152192	168.503812
37172	9.872203	-10.482996	2.904330	-1.265243	-0.759366	-2.564129	-59.700520	-49.647250	167.938275
37173	9.921549	-11.147636	3.187816	-1.580733	-0.583663	-2.288797	-60.163100	-50.950501	167.362705
37174	9.659733	-11.894371	3.374056	-1.795979	-0.445795	-2.031950	-60.746741	-52.097049	166.793709
37175	9.298964	-12.485201	3.625081	-1.909007	-0.380081	-1.799795	-61.437546	-53.105818	166.286804
37176	9.056453	-13.033871	3.980654	-1.909515	-0.372392	-1.564016	-62.210970	-54.003752	165.887972
37177	8.818008	-13.548663	4.283367	-1.814376	-0.382113	-1.347655	-63.025783	-54.790864	165.611896
37178	8.646094	-14.097860	4.513504	-1.615542	-0.428540	-1.168468	-63.834724	-55.506040	165.469409
37179	8.410542	-14.644528	4.732277	-1.307865	-0.502736	-1.014387	-64.593446	-56.155456	165.481074
37180	8.385816	-14.807640	4.748868	-0.922706	-0.623536	-0.894929	-65.281066	-56.776996	165.671469
37181	8.240476	-14.487530	4.524374	-0.498985	-0.719464	-0.813955	-65.848381	-57.372897	166.007074
37182	7.839628	-13.901175	4.269686	-0.092597	-0.791825	-0.768383	-66.273172	-57.964173	166.446746
37183	7.192044	-13.215299	3.955151	0.287655	-0.889470	-0.746804	-66.586732	-58.560942	167.009564
37184	6.644893	-12.666428	3.572725	0.612020	-1.042487	-0.742122	-66.865884	-59.191483	167.745042
37185	6.333232	-11.817504	3.203700	0.894788	-1.209445	-0.763656	-67.146710	-59.865758	168.666029
37186	6.318204	-11.076543	2.850896	1.089646	-1.311165	-0.800479	-67.423893	-60.582017	169.704442
37187	6.287512	-10.222777	2.550146	1.258033	-1.312044	-0.833219	-67.624822	-61.311350	170.759167
37188	6.147478	-9.483597	2.245603	1.321138	-1.251750	-0.831297	-67.763653	-62.026606	171.776665
37189	5.905328	-8.776143	1.930400	1.323691	-1.151625	-0.786150	-67.846797	-62.693721	172.726957
37190	5.668526	-8.291718	1.692522	1.256424	-1.032530	-0.700761	-67.906326	-63.290236	173.601616
37191	5.473028	-7.810871	1.498685	1.156203	-0.909457	-0.599753	-67.954787	-63.805271	174.395984
37192	5.248442	-7.262194	1.331121	1.025246	-0.782507	-0.449963	-68.023080	-64.213555	175.125355
37193	5.074002	-6.799656	1.167415	0.868046	-0.657978	-0.263335	-68.136730	-64.495053	175.803448
37194	5.015231	-6.463132	1.075389	0.705248	-0.522708	-0.058693	-68.292926	-64.638197	176.423752
37195	5.090371	-6.389127	1.020127	0.558491	-0.421508	0.163526	-68.519304	-64.640745	177.028711
37196	5.156394	-6.407763	1.003913	0.439481	-0.358287	0.369370	-68.833843	-64.518603	177.655681
37197	5.126646	-6.410026	0.909422	0.370090	-0.355268	0.532962	-69.246764	-64.307038	178.348922
37198	5.047183	-6.202177	0.946816	0.335490	-0.408893	0.656635	-69.782328	-64.036544	179.157399
37199	5.162383	-6.395098	0.975511	0.325843	-0.499647	0.732487	-70.436088	-63.740070	-179.906303
37200	5.279932	-6.489598	1.138190	0.365136	-0.601586	0.781954	-71.181260	-63.429788	-178.840736
37201	5.513693	-6.575750	1.280972	0.422424	-0.693364	0.840157	-71.989350	-63.099321	-177.664598
37202	5.704096	-6.573900	1.465728	0.485695	-0.772111	0.885904	-72.838619	-62.748233	-176.398294
37203	6.293579	-6.435757	1.610049	0.541349	-0.812917	0.933105	-73.684000	-62.371155	-175.095940
37204	7.038692	-6.277973	1.760893	0.569346	-0.784863	0.953385	-74.463324	-61.967990	-173.845768
37205	7.586061	-6.125245	1.677471	0.582348	-0.672280	0.931066	-75.082610	-61.555181	-172.763767
37206	8.018132	-5.712359	1.574565	0.562530	-0.537345	0.874175	-75.540127	-61.147209	-171.875030
37207	8.382264	-5.217012	1.355400	0.479088	-0.362263	0.802763	-75.832468	-60.753618	-171.226295
37208	8.655601	-4.781487	1.088984	0.350643	-0.159339	0.722620	-75.969233	-60.372649	-170.838399
37209	8.853008	-4.513902	0.957070	0.175309	0.058698	0.638394	-75.966657	-60.010405	-170.725274
37210	8.954250	-4.595420	0.854936	-0.009346	0.262160	0.562793	-75.858364	-59.659470	-170.856572
37211	8.791851	-4.960917	0.844809	-0.174147	0.455143	0.494203	-75.647470	-59.321612	-171.216834
37212	8.241704	-5.204263	0.898073	-0.288483	0.613955	0.460414	-75.355204	-58.976592	-171.749711
37213	7.572198	-5.748042	0.912544	-0.373530	0.691051	0.477265	-75.052528	-58.611858	-172.353468
37214	6.878440	-6.016747	0.991088	-0.395918	0.677660	0.516261	-74.796838	-58.223669	-172.919875
37215	6.374418	-6.140781	1.010391	-0.383581	0.599955	0.570483	-74.623553	-57.818499	-173.382913
37216	6.108551	-6.279394	1.084843	-0.338569	0.477571	0.630027	-74.555226	-57.396052	-173.693597
37217	6.114282	-6.425321	1.177859	-0.268571	0.325849	0.688947	-74.592806	-56.966648	-173.831641
37218	6.607401	-6.467051	1.229757	-0.180407	0.147675	0.733635	-74.743574	-56.536953	-173.775023
37219	7.100364	-6.386079	1.257104	-0.091309	0.011866	0.768359	-74.958656	-56.111010	-173.579089
37220	7.459594	-6.216529	1.219985	0.006539	-0.110583	0.750571	-75.211256	-55.709649	-173.269628
37221	7.598503	-6.060250	1.216181	0.089860	-0.219762	0.689646	-75.482831	-55.359983	-172.877439
37222	7.596064	-6.182733	1.389399	0.167243	-0.311699	0.619796	-75.765190	-55.058115	-172.417016
37223	7.381576	-6.399828	1.703295	0.249588	-0.370947	0.576752	-76.030372	-54.790172	-171.917899
37224	6.844904	-6.802845	1.906286	0.347696	-0.404264	0.585454	-76.263635	-54.517620	-171.387725
37225	6.324933	-7.190283	2.125567	0.443793	-0.463148	0.669381	-76.495048	-54.208136	-170.789766
37226	5.834534	-7.310052	2.214105	0.555549	-0.549543	0.782146	-76.743560	-53.842468	-170.089297
37227	5.498286	-7.306527	2.124500	0.643508	-0.636957	0.899145	-77.016309	-53.424343	-169.292346
37228	5.531833	-7.309355	2.158730	0.721657	-0.721523	1.003357	-77.313694	-52.952782	-168.404225
37229	5.863934	-7.351225	2.091265	0.771278	-0.756857	1.089619	-77.605246	-52.438279	-167.481772
37230	6.138566	-7.157015	2.075264	0.802758	-0.739556	1.160604	-77.861450	-51.875340	-166.574508
37231	6.393855	-6.752213	2.015506	0.809407	-0.665561	1.232462	-78.053389	-51.265043	-165.737129
37232	6.232571	-6.245202	1.877658	0.770733	-0.534638	1.313778	-78.172950	-50.588184	-165.013746
37233	5.635468	-5.799259	1.547038	0.710296	-0.454241	1.377869	-78.265699	-49.869242	-164.363211
37234	4.794906	-5.251957	1.129107	0.586321	-0.416552	1.451880	-78.400851	-49.099369	-163.742858
37235	14.601768	-6.986168	2.465571	0.622252	-0.768589	1.006543	-78.669556	-48.622450	-162.912289
37236	65.469630	7.330640	2.384501	4.905397	-1.144877	-6.313952	-75.659726	-52.291792	-163.168496
37237	-4.774862	11.523610	5.354693	-5.543600	9.753616	-3.429252	-71.133957	-52.579494	-172.879594
37238	-2.644559	-24.281505	0.551213	0.954891	2.176412	-1.574073	-68.635916	-52.997164	-175.328401
37239	5.838376	-1.696198	0.768365	1.619809	-0.190997	-5.412018	-66.181435	-55.903227	-177.203187
37240	4.536803	-17.434107	-7.259094	-0.316880	1.171944	-2.025506	-64.725390	-56.678666	-179.171263
37241	11.673215	-6.128706	8.739806	3.067040	-1.953540	-4.626941	-62.692999	-59.551931	-179.494377
37242	17.300200	2.054826	-1.373559	1.524646	-0.378084	-3.574544	-60.433803	-61.454355	178.914202
37243	11.337583	-4.319073	5.560081	0.457932	1.165273	-2.364533	-57.798735	-62.275330	176.224104
37244	13.691533	-3.360569	5.236497	1.523984	-0.446991	-2.486668	-55.820118	-63.606711	174.983080
37245	13.006369	-0.324706	3.865670	0.652645	0.170577	-1.587841	-54.214631	-64.296898	173.612662
37246	9.318761	-2.689684	3.336171	0.264143	0.178091	-0.996713	-53.183644	-64.695849	172.638302
37247	7.328556	-3.686284	3.795717	0.189593	-0.030283	-1.128430	-52.265798	-65.221625	171.745464
37248	8.960985	-2.974731	2.970856	0.291779	-0.535386	-1.219236	-51.684179	-65.959948	171.290659
37249	9.926462	-3.427208	2.202376	0.071813	-0.360168	-1.199555	-51.032043	-66.626415	170.623688
37250	8.743892	-3.365021	2.600694	-0.101489	-0.138879	-1.337192	-50.092390	-67.267802	169.539618
37251	9.289805	0.749235	4.412210	0.369869	-0.774794	-0.859039	-49.937642	-67.930955	169.601770
37252	12.663249	-3.403745	-0.014739	-0.630642	-1.011204	-0.363096	-51.086960	-68.459123	170.450863
37253	10.962971	-2.484150	-0.004684	0.199456	0.115091	-0.220203	-50.640170	-68.516134	170.093767
37254	7.595303	-1.982238	4.437748	-0.304053	0.275765	-0.077027	-50.435390	-68.449207	169.686644
37255	8.540161	-3.498631	2.327652	-0.020497	-0.573874	-0.092795	-51.009254	-68.699298	170.290804
37256	9.835487	-2.229530	1.605785	-0.013997	-0.289886	-0.123272	-51.237392	-68.857847	170.527266
37257	8.714660	-2.950253	2.562557	-0.187737	-0.143224	-0.071250	-51.444228	-68.941760	170.633982
37258	9.295442	-2.861466	1.937975	-0.017424	-0.378740	-0.113575	-51.793990	-69.126855	170.998183
37259	9.443429	-2.727807	1.842868	-0.097974	-0.172267	-0.122192	-51.939936	-69.243646	171.094574
37260	8.960029	-2.903192	2.199749	-0.043620	-0.178689	-0.142323	-52.046918	-69.370317	171.182541
37261	9.339269	-2.517366	1.887163	-0.034664	-0.198415	-0.142896	-52.171212	-69.505524	171.294389
37262	9.015613	-2.639888	2.215450	-0.069066	-0.108836	-0.118706	-52.232509	-69.596876	171.317898
37263	9.248372	-2.709214	1.964892	-0.038190	-0.202470	-0.116991	-52.390790	-69.721618	171.463678
37264	9.287688	-2.701690	1.958755	-0.064771	-0.110707	-0.121346	-52.450613	-69.814800	171.488211
37265	9.230735	-2.775445	1.831812	-0.034273	-0.110815	-0.140369	-52.473229	-69.918034	171.491693
37266	9.106078	-2.483391	2.151950	-0.045219	-0.059492	-0.126184	-52.453905	-69.995547	171.443865
37267	8.903583	-2.678632	2.247144	-0.045655	-0.105128	-0.119423	-52.496152	-70.087278	171.461290
37268	9.215850	-2.528458	1.958478	-0.026085	-0.166075	-0.108885	-52.616611	-70.194076	171.573808
37269	9.203023	-2.536161	1.941036	-0.041636	-0.101043	-0.086409	-52.684261	-70.269331	171.620652
37270	9.230149	-2.619281	1.891136	-0.027071	-0.102423	-0.068000	-52.765653	-70.335309	171.690961
37271	9.339986	-2.571681	1.834910	-0.032556	-0.055970	-0.057491	-52.799353	-70.381713	171.707244
37272	9.297144	-2.632137	1.846688	-0.025330	-0.017256	-0.059518	-52.779446	-70.414306	171.671033
37273	9.254903	-2.588504	1.882004	-0.013004	0.003018	-0.047959	-52.735571	-70.435911	171.616867
37274	9.174023	-2.558682	1.985903	-0.010870	0.031360	-0.031750	-52.671956	-70.438970	171.543064
37275	9.166720	-2.658961	1.990536	0.001100	0.009258	-0.035100	-52.624410	-70.452515	171.493585
37276	9.179273	-2.587778	1.966316	0.006439	0.014190	-0.039719	-52.564968	-70.465137	171.434744
37277	9.153841	-2.529496	2.008543	0.006295	0.015006	-0.028288	-52.513635	-70.473548	171.384411
37278	9.111324	-2.608948	2.077391	0.000079	0.000546	-0.014837	-52.499672	-70.479596	171.369962
37279	9.170060	-2.544449	2.013748	0.005866	-0.020145	-0.012512	-52.509140	-70.493085	171.383881
37280	9.128384	-2.574926	2.026533	-0.000983	-0.028306	0.000378	-52.547763	-70.502277	171.424579
37281	9.266547	-2.519016	1.932728	0.000541	-0.036668	0.012725	-52.606405	-70.510029	171.487424
37282	9.252714	-2.572357	1.904166	0.003202	-0.003583	0.023716	-52.633801	-70.499986	171.518755
37283	9.233794	-2.640914	1.952874	0.008211	-0.003432	0.022708	-52.655104	-70.491613	171.546653
37284	9.242469	-2.609349	1.928631	0.006308	0.003647	0.016988	-52.664781	-70.482127	171.561074
37285	9.195585	-2.606097	1.966698	0.007664	0.005551	0.013729	-52.666021	-70.474720	171.567355
37286	9.219553	-2.592310	1.948388	0.016498	0.007405	0.016375	-52.664412	-70.464216	171.575996
37287	9.198636	-2.643632	1.946324	0.015163	0.009545	0.007814	-52.650434	-70.458115	171.570690
37288	9.161202	-2.605630	1.960777	0.015409	0.013546	-0.005618	-52.620036	-70.455501	171.548116
37289	9.221320	-2.557722	1.951473	0.008290	0.010835	-0.006333	-52.594492	-70.455390	171.526358
37290	9.147618	-2.602107	2.010611	0.006537	0.017333	0.001166	-52.570978	-70.448374	171.505693
37291	9.144998	-2.635879	2.012630	0.006063	0.001309	-0.012473	-52.552896	-70.454368	171.490499
37292	9.132698	-2.581678	2.006496	0.006340	-0.002231	-0.017101	-52.536622	-70.462477	171.477399
37293	9.148674	-2.598213	2.010842	0.005330	-0.020855	-0.019098	-52.540849	-70.479206	171.485432
37294	9.195980	-2.600912	1.971706	0.002877	-0.018519	-0.019596	-52.544970	-70.494129	171.491869
37295	9.126130	-2.609234	2.026333	0.009092	-0.029608	-0.022880	-52.554589	-70.515627	171.507906
37296	9.169755	-2.576056	2.008091	0.001087	-0.043984	-0.021174	-52.590972	-70.540139	171.547474
37297	9.202272	-2.560467	1.961100	0.011882	-0.052698	-0.015830	-52.635819	-70.566454	171.602561
37298	9.247249	-2.598141	1.920834	0.003844	-0.033753	-0.008445	-52.670126	-70.581602	171.641594
37299	9.201692	-2.592783	1.955701	0.013072	-0.028470	-0.006018	-52.692824	-70.595009	171.673908
37300	9.214087	-2.524251	1.927824	0.013810	-0.029948	-0.007458	-52.717560	-70.608384	171.708839
37301	9.205549	-2.557131	1.950039	0.011003	-0.026749	0.005097	-52.750248	-70.616116	171.750482
37302	9.251752	-2.612188	1.964169	0.012571	-0.013066	0.004252	-52.765398	-70.618297	171.774493
37303	9.203553	-2.591529	1.948589	0.010832	-0.014354	-0.004098	-52.773080	-70.625918	171.789523
37304	9.248639	-2.525676	1.931480	0.009135	-0.011356	0.000391	-52.784178	-70.629273	171.807152
37305	9.216708	-2.643517	1.954066	0.003263	0.010684	-0.005334	-52.762495	-70.628779	171.786457
37306	9.186269	-2.605973	1.944043	0.010268	-0.005382	-0.013081	-52.751896	-70.636219	171.781772
37307	9.194258	-2.501476	1.940527	0.010857	-0.008177	-0.009502	-52.746218	-70.644164	171.782655
37308	9.143200	-2.565316	1.979470	0.007787	-0.013256	0.003654	-52.763768	-70.646711	171.806299
37309	9.161276	-2.549478	1.982149	0.004452	-0.022582	0.005586	-52.795377	-70.652765	171.842811
37310	9.190009	-2.570750	1.938307	0.006982	-0.026272	0.009480	-52.836054	-70.657157	171.890477
37311	9.232456	-2.540652	1.920881	0.006319	-0.026149	0.014320	-52.879884	-70.660439	171.941073
37312	9.236396	-2.577659	1.897011	0.002313	-0.007678	0.017331	-52.906775	-70.654807	171.971292
37313	9.209145	-2.628294	1.917180	0.001303	0.001373	0.011575	-52.914945	-70.649818	171.981050
37314	9.229298	-2.578551	1.920309	0.008300	-0.002873	0.007855	-52.922812	-70.646862	171.994740
37315	9.180260	-2.608905	1.959393	0.008053	0.006844	0.007080	-52.915569	-70.642037	171.992261
37316	9.127669	-2.553306	1.967119	0.009282	-0.014070	0.007193	-52.936777	-70.643258	172.020689
37317	9.143050	-2.572313	1.971067	0.008744	-0.018805	0.012421	-52.967767	-70.644845	172.059153
37318	9.145702	-2.539071	1.967991	0.001823	-0.027735	0.015514	-53.019205	-70.646965	172.115092
37319	9.178948	-2.543107	1.974568	-0.000799	-0.032887	0.025442	-53.086804	-70.647418	172.186562
37320	9.180361	-2.615800	1.949705	-0.007941	-0.041773	0.030146	-53.176471	-70.647620	172.277092
37321	9.260111	-2.575051	1.864146	-0.003009	-0.040268	0.025717	-53.255259	-70.650411	172.359078
37322	9.239650	-2.627817	1.857975	-0.008236	-0.024525	0.020563	-53.313198	-70.649036	172.415799
37323	9.242047	-2.645017	1.907762	-0.001477	-0.024708	0.006630	-53.352175	-70.655220	172.456519
37324	9.257829	-2.613582	1.857979	-0.003045	-0.010718	0.003722	-53.372675	-70.656850	172.476710
37325	9.161736	-2.568869	1.954797	-0.004547	-0.009904	0.000182	-53.387765	-70.660929	172.490248
37326	9.264826	-2.614977	1.831702	-0.001590	-0.025498	-0.003191	-53.420086	-70.670792	172.523847
37327	9.265945	-2.560767	1.904751	-0.006617	0.017346	0.001136	-53.401570	-70.665123	172.500514
37328	9.169858	-2.640009	1.908593	-0.000593	0.002795	-0.003576	-53.395854	-70.665512	172.494405
37329	9.217259	-2.539770	1.891945	-0.001646	0.015347	-0.006308	-53.369872	-70.663945	172.466177
37330	9.131080	-2.581524	1.997997	0.000831	0.003337	-0.003438	-53.362758	-70.664093	172.459449
37331	9.236343	-2.593362	1.875748	-0.011777	0.004063	0.003139	-53.366573	-70.662038	172.456647
37332	9.143941	-2.584275	1.951185	-0.008448	0.001564	-0.002828	-53.367678	-70.662518	172.452995
37333	9.229883	-2.592172	1.899038	-0.005260	-0.002251	-0.003780	-53.369290	-70.665803	172.451816
37334	9.165785	-2.603575	1.932924	-0.007703	0.011904	-0.000232	-53.358938	-70.661562	172.436474
37335	9.165764	-2.603679	1.932883	-0.001182	-0.010258	0.000630	-53.373002	-70.665556	172.450968
37336	9.179899	-2.552122	1.958450	-0.006704	-0.008967	0.001480	-53.391083	-70.667667	172.466366
37337	9.168550	-2.570354	1.929425	-0.012090	-0.016563	0.014530	-53.433207	-70.667417	172.503973
37338	9.214677	-2.576409	1.889952	-0.016046	-0.013413	0.010503	-53.471235	-70.666892	172.534839
37339	9.210561	-2.592404	1.963656	-0.016835	-0.020251	0.010920	-53.517412	-70.669543	172.573860
37340	9.221281	-2.580307	1.862152	-0.015113	-0.021107	0.012844	-53.567274	-70.670552	172.617831
37341	9.205671	-2.613910	1.908274	-0.017214	-0.011851	0.015168	-53.606759	-70.668366	172.649531
37342	9.220950	-2.633669	1.911506	-0.011314	-0.021542	0.010064	-53.652323	-70.670794	172.691254
37343	9.190552	-2.598014	1.898982	-0.014757	-0.019828	0.006213	-53.692230	-70.675433	172.724892
37344	9.190717	-2.599010	1.896818	-0.013767	-0.019205	0.009577	-53.735671	-70.677279	172.762873
37345	9.162725	-2.579392	1.936217	-0.013825	-0.027522	0.008549	-53.787476	-70.683428	172.809683
37346	9.230843	-2.604829	1.876925	-0.010993	-0.032615	0.014214	-53.851510	-70.687649	172.871168
37347	9.206720	-2.571114	1.840685	-0.015186	-0.014106	0.018876	-53.896381	-70.684457	172.909803
37348	9.233053	-2.574471	1.872367	-0.014470	-0.000271	0.024503	-53.929590	-70.672977	172.936513
37349	9.159343	-2.621821	1.930006	-0.014785	-0.005048	0.028105	-53.971092	-70.662438	172.971826
37350	9.207707	-2.544674	1.836866	-0.005406	-0.014319	0.033255	-54.025962	-70.651626	173.027001
37351	9.290729	-2.537787	1.859624	-0.004853	0.022645	0.063424	-54.058928	-70.615372	173.059303
37352	9.155353	-2.585319	1.878438	0.001554	0.032464	0.074983	-54.087778	-70.569467	173.091140
37353	9.517471	-2.522914	1.748182	-0.015396	0.002848	0.114481	-54.200975	-70.516127	173.202144
37354	9.311414	-2.747488	1.587653	0.044621	0.213851	0.112729	-54.003440	-70.391784	173.019956
37355	8.810209	-2.729379	2.351930	0.003332	0.099083	0.099678	-53.966334	-70.312986	172.982891
37356	9.379154	-2.439400	1.742102	0.077440	0.050147	0.111086	-53.962516	-70.244429	173.026267
37357	9.150445	-2.737389	1.958866	-0.011269	0.148985	0.134948	-53.903158	-70.132452	172.956620
37358	9.267657	-2.795469	1.904391	0.056450	0.060824	0.115788	-53.901893	-70.058150	172.989965
37359	9.331455	-2.589082	1.795443	0.052192	0.132666	0.109668	-53.804503	-69.963352	172.918461
37360	9.232766	-2.709083	1.915746	0.042849	0.130450	0.124994	-53.731748	-69.861261	172.867417
37361	9.291654	-2.778814	1.876104	0.057088	0.161379	0.117775	-53.604571	-69.752896	172.767070
37362	9.208499	-2.869619	1.825129	0.065840	0.171280	0.098357	-53.444991	-69.649108	172.637420
37363	9.420563	-2.760272	1.748562	0.093371	0.217128	0.073585	-53.190349	-69.541757	172.423118
37364	8.837978	-2.416629	2.475527	0.089941	0.230660	0.175283	-53.018604	-69.381987	172.295001
37365	9.324262	-2.888176	1.552378	0.171731	0.254941	0.147794	-52.746495	-69.227093	172.109614
37366	8.574236	-2.664180	2.850907	0.069146	0.263746	0.167721	-52.545559	-69.058923	171.937234
37367	9.013167	-2.885092	2.046086	0.167876	0.085572	0.120223	-52.456618	-68.975203	171.945303
37368	9.340443	-2.613356	2.115716	0.079166	0.154913	0.154881	-52.370056	-68.850623	171.901408
37369	9.299001	-2.873200	1.935351	0.143851	0.153054	0.166892	-52.258776	-68.722115	171.870762
37370	9.452200	-2.810663	2.100446	0.115577	0.186543	0.178086	-52.137327	-68.575889	171.811720
37371	9.574455	-2.853626	1.805167	0.137792	0.179222	0.227477	-52.055284	-68.410738	171.808706
37372	9.570849	-2.681576	1.922640	0.163304	0.295550	0.289199	-51.883933	-68.175836	171.725220
37373	9.060395	-3.127797	2.247231	0.131340	0.367755	0.323790	-51.682086	-67.900500	171.589032
37374	8.565153	-2.892989	2.548781	0.195062	0.303685	0.252885	-51.457908	-67.678810	171.467827
37375	8.888279	-2.729408	2.435803	0.143543	0.205060	0.249726	-51.368689	-67.494460	171.460595
37376	8.747160	-2.830720	2.604125	0.090212	0.229830	0.241342	-51.278389	-67.304170	171.419000
37377	8.542318	-2.839604	2.713334	0.046305	0.127448	0.238235	-51.318745	-67.152759	171.491855
37378	8.889590	-2.735599	2.568031	0.059937	0.037216	0.237268	-51.446418	-67.033166	171.667989
37379	9.111577	-2.794505	2.416191	-0.006902	0.012190	0.285769	-51.676266	-66.901348	171.913764
37380	9.428319	-2.765966	2.335039	-0.014328	-0.008629	0.366693	-51.997316	-66.739157	172.254336
37381	9.580206	-2.851012	2.210850	-0.039816	0.015319	0.466720	-52.382846	-66.523282	172.649780
37382	9.407446	-2.872985	2.366410	-0.078599	0.072692	0.569549	-52.806068	-66.238753	173.062798
37383	9.334297	-2.906995	2.376765	-0.085189	0.066152	0.656706	-53.295849	-65.916044	173.545526
37384	9.292106	-3.384525	2.107336	-0.104261	0.148775	0.713627	-53.743130	-65.536630	173.970907
37385	8.628153	-3.793903	2.337256	-0.094173	0.266340	0.645776	-54.003226	-65.148581	174.198044
37386	8.510831	-3.457353	2.520051	-0.003322	0.175637	0.559500	-54.233615	-64.829885	174.450408
37387	8.565512	-3.430518	2.502071	-0.030060	0.198505	0.513915	-54.417938	-64.525140	174.635591
37388	8.332737	-3.503587	2.579966	-0.037274	0.177032	0.465835	-54.590792	-64.248943	174.803840
37389	8.389787	-3.523583	2.485669	-0.019052	0.121808	0.405417	-54.760756	-64.019848	174.980917
37390	8.514113	-3.561354	2.566728	-0.032457	0.102455	0.350008	-54.917714	-63.822070	175.135211
37391	8.666560	-3.624579	2.503069	-0.029137	0.088525	0.312775	-55.058068	-63.646973	175.273431
37392	8.870079	-3.642127	2.477365	-0.032261	0.098008	0.303111	-55.184066	-63.472354	175.393759
37393	8.962012	-3.551509	2.456498	-0.039236	0.113631	0.318188	-55.306671	-63.286235	175.506080
37394	9.349678	-3.520495	2.515148	-0.044024	0.120680	0.370013	-55.457991	-63.072463	175.647626
37395	9.515375	-3.435472	2.651513	-0.075901	0.153970	0.475001	-55.659843	-62.798902	175.825789
37396	9.700121	-3.446946	2.574741	-0.094357	0.189711	0.594369	-55.910530	-62.456195	176.047452
37397	9.113889	-3.783472	2.536981	-0.163012	0.259391	0.700958	-56.195390	-62.040819	176.264123
37398	8.725163	-3.874902	2.694819	-0.128295	0.223604	0.736267	-56.506572	-61.618732	176.533976
37399	8.455202	-3.659791	2.649482	-0.149319	0.214549	0.734773	-56.827698	-61.200229	176.802589
37400	7.908216	-3.919687	2.713887	-0.178675	0.192835	0.694667	-57.154406	-60.806346	177.059328
37401	7.797408	-4.102896	2.550583	-0.158245	0.124851	0.613735	-57.475177	-60.472538	177.323675
37402	8.013897	-4.323150	2.395794	-0.136786	0.092461	0.532851	-57.762283	-60.186381	177.564170
37403	8.352028	-4.462622	2.274278	-0.086868	0.101658	0.484437	-57.982244	-59.921133	177.760915
37404	8.439478	-4.493918	2.395673	-0.053085	0.126909	0.449757	-58.141150	-59.664007	177.909840
37405	8.659431	-4.181253	2.655942	-0.023258	0.121217	0.454557	-58.286935	-59.406827	178.063851
37406	8.793102	-3.887745	2.836366	-0.049602	0.122573	0.520669	-58.478122	-59.115993	178.253459
37407	8.690985	-3.970891	2.873353	-0.103455	0.124340	0.598422	-58.732682	-58.786992	178.481738
37408	8.646753	-4.206021	2.790330	-0.143605	0.117568	0.664509	-59.043090	-58.426277	178.749243
37409	8.737809	-4.343628	2.715145	-0.150370	0.101676	0.726841	-59.392231	-58.039469	179.058905
37410	8.855667	-4.497785	2.651358	-0.159993	0.116475	0.798264	-59.760783	-57.611367	179.386288
37411	9.014500	-4.567075	2.542034	-0.153397	0.140710	0.874210	-60.131177	-57.138232	179.722057
37412	8.860318	-4.636089	2.692391	-0.164975	0.195856	0.967937	-60.497359	-56.600985	-179.953296
37413	9.050035	-4.537272	2.788575	-0.156514	0.189922	1.070557	-60.894656	-56.013617	-179.583228
37414	9.051437	-4.390628	2.918339	-0.199397	0.234030	1.202789	-61.324807	-55.345630	-179.200479
37415	8.845509	-4.423809	2.973473	-0.239574	0.252481	1.337451	-61.800917	-54.603686	-178.786356
37416	8.636291	-4.649001	2.948604	-0.292607	0.281737	1.428779	-62.302947	-53.805130	-178.373837
37417	8.214033	-5.092187	2.827079	-0.321301	0.316512	1.470681	-62.793009	-52.974557	-177.992320
37418	8.344015	-5.400464	2.571536	-0.291823	0.302632	1.490117	-63.264075	-52.135301	-177.609298
37419	8.538898	-5.596310	2.460072	-0.264436	0.377892	1.520874	-63.662968	-51.259759	-177.293704
37420	8.762525	-5.875677	2.433455	-0.222939	0.443971	1.576835	-63.999342	-50.337064	-177.024199
37421	8.844443	-5.900325	2.488651	-0.179285	0.527950	1.651690	-64.268534	-49.354343	-176.806028
37422	8.740769	-6.061093	2.587188	-0.163264	0.625895	1.740851	-64.485639	-48.300336	-176.641657
37423	8.953390	-6.197115	2.653336	-0.106074	0.698826	1.810732	-64.638670	-47.192249	-176.516635
37424	8.797483	-6.468679	2.726582	-0.075507	0.859425	1.841761	-64.688938	-46.028298	-176.506817
37425	8.041441	-6.358510	2.915396	-0.066260	0.901182	1.848520	-64.712216	-44.850889	-176.527022
37426	7.967273	-6.358443	2.800610	-0.025551	0.919852	1.820985	-64.697048	-43.682987	-176.569587
37427	7.489556	-6.710900	2.621303	-0.022099	1.024810	1.794950	-64.624734	-42.502993	-176.693539
37428	7.130027	-6.976137	2.719244	0.049002	1.055465	1.751842	-64.493616	-41.337488	-176.847688
37429	7.195791	-6.777205	2.720275	0.133284	1.095481	1.702738	-64.292519	-40.187228	-177.038263
37430	6.441294	-6.743345	2.628545	0.144757	1.192846	1.672713	-64.046261	-39.027532	-177.294432
37431	5.656719	-6.754290	2.660113	0.174711	1.191569	1.645498	-63.788099	-37.881362	-177.548108
37432	5.365185	-7.005555	2.927879	0.214040	1.119471	1.615105	-63.540411	-36.768221	-177.754445
37433	5.346119	-7.076576	3.083397	0.220790	1.038516	1.575061	-63.319437	-35.695724	-177.913776
37434	5.326947	-6.961186	3.355160	0.242386	0.960618	1.542949	-63.115281	-34.659230	-178.027263
37435	5.516439	-6.739241	3.609677	0.226302	0.910763	1.515320	-62.936985	-33.649560	-178.113365
37436	5.180268	-6.407793	3.688274	0.180728	0.904297	1.504010	-62.789246	-32.647096	-178.194378
37437	4.776278	-6.562880	3.719201	0.140270	0.901142	1.490203	-62.666043	-31.652386	-178.274323
37438	4.261003	-6.721185	3.690093	0.104229	0.858895	1.454472	-62.574012	-30.686827	-178.336921
37439	3.704899	-6.887091	3.746672	0.070222	0.791901	1.389651	-62.512795	-29.771886	-178.378021
37440	3.445800	-6.855473	3.938920	0.062134	0.664231	1.309704	-62.482392	-28.931238	-178.367561
37441	3.223219	-6.728273	3.994880	0.017358	0.580448	1.232375	-62.489143	-28.152151	-178.332010
37442	3.012184	-6.736788	4.174156	-0.029048	0.476498	1.159310	-62.539821	-27.437497	-178.259082
37443	3.191620	-6.779208	4.239909	-0.078702	0.381646	1.063559	-62.628905	-26.796665	-178.161938
37444	3.190951	-6.625659	4.223371	-0.128259	0.342101	0.967395	-62.742412	-26.214764	-178.072176
37445	2.767176	-6.969400	4.175945	-0.211801	0.314013	0.880328	-62.897710	-25.684675	-177.993942
37446	2.383901	-7.058292	4.196947	-0.242371	0.232072	0.758561	-63.074126	-25.237508	-177.906351
37447	2.123541	-7.250782	4.049695	-0.273379	0.188945	0.621201	-63.260417	-24.871831	-177.835639
37448	2.120048	-7.273715	4.054247	-0.304073	0.122616	0.498464	-63.464593	-24.585331	-177.763637
37449	2.542440	-7.298574	4.156032	-0.321170	0.083707	0.381169	-63.673027	-24.369206	-177.704006
37450	2.943989	-7.506727	4.044867	-0.355263	0.084185	0.299876	-63.891157	-24.193905	-177.668023
37451	3.074506	-7.576270	3.828137	-0.365360	0.062398	0.234028	-64.112141	-24.058503	-177.638816
37452	3.051709	-7.952550	3.804011	-0.382930	0.054359	0.194486	-64.340463	-23.944691	-177.616284
37453	3.357725	-8.053436	3.737955	-0.351221	-0.011619	0.151428	-64.560667	-23.870072	-177.568761
37454	3.620477	-8.175805	3.655477	-0.349098	0.009420	0.120419	-64.771415	-23.805418	-177.541603
37455	3.733016	-8.371420	3.491940	-0.324919	0.003202	0.104966	-64.967823	-23.750978	-177.515481
37456	3.578457	-8.361776	3.271043	-0.277305	0.014932	0.100585	-65.133855	-23.695108	-177.497168
37457	3.264361	-8.467226	3.409656	-0.242596	0.017085	0.115028	-65.280792	-23.631959	-177.476664
37458	3.382694	-8.520691	3.298548	-0.187718	-0.068669	0.154313	-65.420009	-23.567957	-177.397139
37459	4.104062	-8.358723	3.624501	-0.172693	-0.114878	0.214963	-65.566995	-23.483977	-177.276062
37460	5.969080	-8.278890	3.955007	-0.154208	-0.116122	0.316248	-65.713927	-23.346283	-177.128293
37461	6.755825	-8.181573	4.277188	-0.203123	-0.007315	0.503741	-65.882427	-23.085534	-176.995346
37462	6.545298	-8.194855	4.200310	-0.268184	0.155856	0.686501	-66.069177	-22.690074	-176.909838
37463	5.871288	-8.384501	3.957746	-0.303065	0.230872	0.858418	-66.274635	-22.187507	-176.825733
37464	5.749519	-8.337227	3.863851	-0.321494	0.246455	1.028165	-66.501536	-21.591553	-176.710717
37465	5.697186	-8.315965	3.874532	-0.341739	0.314313	1.181203	-66.737221	-20.899666	-176.599864
37466	5.554046	-8.260808	3.779255	-0.357178	0.396538	1.321085	-66.974860	-20.114939	-176.505158
37467	5.374006	-8.166943	3.744435	-0.386302	0.475521	1.447328	-67.221585	-19.245810	-176.428919
37468	5.036521	-8.066873	3.833517	-0.416123	0.566145	1.570672	-67.475882	-18.291159	-176.378963
37469	4.969143	-7.901121	3.840899	-0.435427	0.633115	1.684301	-67.735446	-17.261492	-176.345014
37470	5.036527	-7.370764	3.965885	-0.481033	0.727332	1.783594	-68.010500	-16.158853	-176.346147
37471	4.633606	-6.824925	3.648685	-0.542278	0.851466	1.880445	-68.306458	-14.978062	-176.400046
37472	4.765188	-5.479082	3.428286	-0.589741	0.802813	1.954516	-68.639695	-13.768769	-176.417585
37473	4.963936	-3.838293	3.037075	-0.580300	0.825999	1.923575	-68.961932	-12.570872	-176.461352
37474	5.525612	-2.042115	2.214016	-0.625690	0.812759	1.774011	-69.304425	-11.456804	-176.536154
37475	4.706204	1.754585	1.266528	-0.586977	0.668949	1.356647	-69.623666	-10.595230	-176.623935
37476	3.637392	4.736886	-0.676863	-0.839315	0.317554	0.959387	-70.107285	-10.018558	-176.605414
37477	3.824821	3.333359	-0.172634	-1.285170	-0.021477	0.786630	-70.871394	-9.598626	-176.440780
37478	9.315680	-3.906991	0.496056	-1.059562	-0.623039	-0.104517	-71.532158	-9.772831	-176.117772
37479	11.496018	1.223093	2.286595	-0.321511	-1.070047	-1.508519	-71.772306	-10.786983	-175.802751
37480	12.937611	0.171865	2.415999	-0.588924	-0.733820	-2.203243	-72.110684	-12.120980	-175.794595
37481	11.532719	-0.832867	3.003808	-0.224662	-0.378672	-2.918211	-72.168715	-13.779737	-176.108745
37482	10.018267	-1.228819	2.591817	-0.085556	-0.029020	-3.278606	-72.069722	-15.577265	-176.689319
37483	7.947832	-2.184550	2.266108	0.058988	0.181557	-3.459111	-71.824368	-17.430190	-177.432895
37484	7.060350	-2.976971	1.940146	0.252184	0.151286	-3.567685	-71.436951	-19.348280	-178.199416
37485	7.118238	-3.750416	1.836126	0.407730	0.072617	-3.618368	-70.940859	-21.298110	-178.954129
37486	8.009419	-4.273801	1.868861	0.584934	-0.087797	-3.728622	-70.332764	-23.336211	-179.669735
37487	9.239892	-4.317861	1.833147	0.692581	-0.214248	-3.904772	-69.640483	-25.481198	179.616239
37488	10.158215	-4.536376	1.686426	0.728693	-0.281487	-4.102181	-68.879572	-27.742853	178.852426
37489	10.640553	-4.875292	1.504963	0.693080	-0.313107	-4.281440	-68.077153	-30.091545	178.015126
37490	10.631182	-5.363676	1.331641	0.621955	-0.336800	-4.410941	-67.243010	-32.509610	177.097822
37491	10.507168	-5.913761	1.149764	0.504439	-0.378470	-4.460176	-66.415393	-34.945141	176.128646
37492	10.387106	-6.417849	1.116294	0.385250	-0.455522	-4.413230	-65.615338	-37.369128	175.148584
37493	10.753825	-6.927297	1.166941	0.258308	-0.570296	-4.320379	-64.877212	-39.754744	174.202620
37494	11.432508	-7.297614	1.245859	0.137529	-0.660147	-4.223179	-64.189597	-42.109954	173.274677
37495	12.242698	-7.520913	1.399227	0.039260	-0.727280	-4.145503	-63.533900	-44.426672	172.351480
37496	12.919391	-7.657687	1.440273	-0.051265	-0.726105	-4.083756	-62.862964	-46.711006	171.371658
37497	13.348116	-7.718879	1.457618	-0.152969	-0.725685	-4.036986	-62.179074	-48.955794	170.331312
37498	13.614589	-7.830788	1.475707	-0.252989	-0.708664	-3.986680	-61.459862	-51.169542	169.204801
37499	13.939047	-8.047686	1.411241	-0.367499	-0.712164	-3.943217	-60.720431	-53.345440	168.004013
37500	14.012538	-8.260049	1.462465	-0.482461	-0.710352	-3.879899	-59.949771	-55.487268	166.716776
37501	13.977970	-8.367724	1.686210	-0.577592	-0.745578	-3.805073	-59.166277	-57.584217	165.381436
37502	13.970487	-8.521929	1.974868	-0.651791	-0.789832	-3.727358	-58.354006	-59.653632	163.992610
37503	13.524192	-8.474847	2.228918	-0.682444	-0.826371	-3.636531	-57.489476	-61.671477	162.552875
37504	13.076419	-8.528949	2.496690	-0.686963	-0.884087	-3.497186	-56.591984	-63.636908	161.099258
37505	12.536761	-8.624515	2.859358	-0.644885	-0.927379	-3.313242	-55.663302	-65.510133	159.662338
37506	11.856627	-8.610412	3.176990	-0.541126	-0.990173	-3.084318	-54.724644	-67.293195	158.299473
37507	11.393809	-8.592641	3.561913	-0.392937	-1.053915	-2.828618	-53.812499	-68.962311	157.074406
37508	11.091634	-8.419693	3.782707	-0.208976	-1.113766	-2.556267	-52.945549	-70.526130	156.022376
37509	11.368184	-8.261190	3.952381	-0.013932	-1.133652	-2.291379	-52.119011	-71.964083	155.141436
37510	11.802505	-7.995290	4.015544	0.180718	-1.051883	-2.066795	-51.169532	-73.273706	154.254683
37511	12.340387	-7.885479	4.022593	0.383975	-0.932372	-1.910925	-49.971068	-74.459505	153.236473
37512	12.542157	-7.716532	3.935820	0.571695	-0.825649	-1.858030	-48.370382	-75.580760	151.918249
37513	12.156925	-7.453216	3.642305	0.749711	-0.767296	-1.883523	-46.286663	-76.673081	150.214777
37514	11.674507	-7.191088	3.370709	0.894352	-0.800863	-1.941469	-43.723631	-77.790040	148.111963
37515	11.243382	-6.961000	3.043260	0.999012	-0.851437	-1.988154	-40.643324	-78.917470	145.551791
37516	10.312821	-6.537237	2.777318	1.052764	-0.882222	-1.998717	-36.923689	-80.034202	142.381924
37517	9.514654	-6.290730	2.476372	1.061752	-0.925097	-1.951726	-32.599726	-81.108502	138.615935
37518	8.973487	-5.976723	2.270291	1.024295	-0.950625	-1.856067	-27.603770	-82.117985	134.159174
37519	8.717318	-5.743068	2.096959	0.959867	-0.940482	-1.728442	-21.879891	-83.023405	128.941989
37520	8.499016	-5.330595	2.027793	0.872590	-0.907276	-1.590404	-15.300901	-83.810976	122.822622
37521	8.061789	-4.796837	2.022490	0.737722	-0.886347	-1.446789	-7.948689	-84.477150	115.857250
37522	8.193720	-4.283226	2.189715	0.575350	-0.915077	-1.325819	0.317439	-85.054443	107.887576
37523	8.773005	-3.961049	2.456614	0.380555	-0.890323	-1.224784	9.551766	-85.503998	98.841090
37524	9.373038	-3.729738	2.671648	0.202477	-0.778504	-1.174054	19.731341	-85.767547	88.748313
37525	9.727734	-3.283924	2.665826	0.024227	-0.577295	-1.144392	29.717234	-85.793879	78.749629
37526	9.941263	-3.049702	2.439830	-0.168092	-0.319919	-1.139519	38.208753	-85.580419	70.137464
37527	9.774136	-2.773021	1.918589	-0.342190	-0.053017	-1.157278	44.426349	-85.164603	63.703206
37528	9.429269	-2.545020	1.412166	-0.510092	0.157769	-1.182911	48.642582	-84.609392	59.176791
37529	8.990642	-2.528870	0.914549	-0.673721	0.301282	-1.200550	51.363738	-83.970936	56.054471
37530	8.169676	-2.610104	0.476227	-0.797017	0.371313	-1.206638	53.209468	-83.293000	53.737920
37531	7.428819	-2.721061	0.135864	-0.888579	0.333487	-1.147161	54.594959	-82.648895	51.829281
37532	6.838695	-2.722942	-0.044009	-0.936995	0.212720	-1.037897	55.858206	-82.090259	50.013261
37533	6.739636	-2.794784	0.039950	-0.979330	0.037071	-0.912147	57.195138	-81.642153	48.096233
37534	6.981651	-2.958959	0.360120	-0.984267	-0.136031	-0.817316	58.739210	-81.286071	45.964811
37535	7.218642	-2.922269	0.645246	-0.958329	-0.271499	-0.756781	60.462653	-80.990309	43.665135
37536	7.353158	-2.942398	1.049485	-0.925594	-0.346528	-0.700544	62.222841	-80.733104	41.345422
37537	7.353813	-3.024093	1.292522	-0.871488	-0.344990	-0.607330	63.751180	-80.512371	39.290596
37538	7.153898	-3.203526	1.566655	-0.806900	-0.296216	-0.489801	64.924542	-80.332982	37.632082
37539	7.014718	-3.596015	1.607403	-0.724914	-0.286784	-0.369353	65.898124	-80.208420	36.223183
37540	6.776327	-3.917826	1.635334	-0.604150	-0.328976	-0.274225	66.919311	-80.140257	34.835825
37541	6.688816	-4.075605	1.550586	-0.478130	-0.422213	-0.202778	68.189543	-80.124722	33.268753
37542	6.764510	-4.116818	1.545971	-0.361073	-0.469664	-0.106539	69.559575	-80.165547	31.668625
37543	6.846734	-4.262504	1.564021	-0.278625	-0.429517	0.031352	70.710324	-80.265533	30.339188
37544	6.935825	-4.441037	1.555599	-0.225706	-0.336084	0.201904	71.435642	-80.438631	29.472753
37545	17.550963	1.352828	0.154776	0.843264	-0.869054	0.118157	74.663691	-80.648049	26.690357
37546	18.446379	5.538846	0.767633	-0.889406	1.539367	2.091326	66.315546	-81.486443	34.625099
37547	2.211843	12.820613	-7.132898	0.439171	2.859628	1.037125	55.252600	-81.203510	46.069420
37548	9.615709	4.917745	2.055706	-1.462308	0.676520	1.703990	48.362307	-81.733115	52.189705
37549	6.568732	-0.503883	-2.627219	-0.900894	1.443432	1.963287	38.201047	-81.902635	61.933761
37550	6.775183	0.477096	2.915233	-1.169670	1.055121	1.611797	29.763493	-81.918941	69.779185
37551	9.500557	-1.233873	1.847634	-1.214031	-0.000269	1.674094	22.849199	-82.344803	76.057106
37552	11.469045	-0.691032	3.283249	-1.079720	0.411683	1.644337	14.986243	-82.428666	83.365886
37553	10.818967	-1.541529	3.953463	-0.872104	0.672248	1.727985	6.724896	-82.236625	91.197624
37554	8.923712	-0.656506	4.235838	-0.675931	0.759214	1.775310	-1.093847	-81.852434	98.701255
37555	8.775755	-1.633720	4.436177	-0.554576	0.589757	1.883046	-8.533300	-81.424763	105.899504
37556	10.120539	-1.711676	4.302636	-0.268088	0.482458	1.938002	-15.325126	-80.924580	112.617243
37557	11.806636	-1.941404	2.227030	-0.104019	0.438738	2.059728	-21.675145	-80.311348	118.992973
37558	10.492002	-1.033017	1.162510	-0.215128	0.454265	2.015301	-27.134382	-79.596704	124.412043
37559	11.209346	-1.703972	0.612208	-0.361420	0.383724	1.909532	-31.780722	-78.867321	128.930987
37560	11.349589	-1.986648	1.469331	-0.533051	0.487871	1.867817	-35.688583	-78.040273	132.607875
37561	11.619311	-2.862231	2.337893	-0.485257	0.535377	1.705968	-38.669252	-77.205664	135.375010
37562	11.389376	-3.420653	3.345975	-0.354136	0.575637	1.584062	-40.947658	-76.371087	137.507023
37563	14.896437	-3.634623	4.404918	-0.137622	0.466860	1.397466	-42.703375	-75.638461	139.235440
37564	14.012902	-4.072240	0.575210	-0.161846	0.708703	1.080995	-43.466470	-74.918535	139.928719
37565	9.916815	-2.707672	2.058071	-0.101859	0.960962	0.632932	-43.111461	-74.269839	139.500249
37566	10.094718	-2.469747	2.491066	-0.176061	0.567408	0.494333	-43.162347	-73.838672	139.448360
37567	8.504955	-2.919468	2.901489	-0.091366	0.581879	0.386065	-42.988236	-73.444815	139.212648
37568	8.736657	-2.053401	2.651028	0.028567	0.080148	0.252445	-43.224950	-73.312068	139.476870
37569	9.849023	-1.874580	1.809618	-0.061319	0.132750	0.234390	-43.410074	-73.165340	139.633817
37570	8.786993	-2.344664	2.659225	-0.126745	0.212755	0.235711	-43.533480	-72.983561	139.687007
37571	8.971171	-2.313874	2.311000	-0.031143	-0.084467	0.157800	-43.872739	-72.956824	140.023464
37572	9.631463	-2.073818	1.853644	-0.062079	-0.071044	0.116774	-44.161621	-72.939131	140.288545
37573	9.258815	-2.148944	2.041689	-0.070406	0.020117	0.112066	-44.324323	-72.886822	140.416861
37574	9.267478	-2.147691	2.159556	-0.067283	-0.054664	0.103329	-44.575484	-72.867247	140.639447
37575	9.396958	-2.131769	1.908543	-0.042128	-0.032625	0.076254	-44.741885	-72.850583	140.788625
37576	9.401758	-2.237760	1.924497	-0.065894	-0.018643	0.059501	-44.886579	-72.833651	140.900660
37577	9.261593	-2.104419	2.117276	-0.039424	-0.007696	0.045327	-44.977652	-72.819180	140.972643
37578	9.399774	-2.214088	1.876891	-0.029585	-0.025946	0.030579	-45.072893	-72.816806	141.054703
37579	9.432445	-2.113119	1.901463	-0.029521	0.011574	0.015728	-45.094120	-72.806493	141.059520
37580	9.273116	-2.135657	2.027755	-0.031399	0.037296	0.007682	-45.077536	-72.787812	141.023433
37581	9.216097	-2.088744	2.137680	-0.023910	0.006014	0.009761	-45.095030	-72.782169	141.027707
37582	9.209401	-2.097510	2.103873	-0.027828	-0.006911	0.019341	-45.149496	-72.776629	141.068144
37583	9.140711	-2.099513	2.186209	-0.034529	-0.034092	0.023257	-45.243221	-72.781690	141.145858
37584	9.261939	-2.120151	2.052775	-0.033511	-0.086128	0.017996	-45.403359	-72.808560	141.293511
37585	9.400845	-2.157513	1.917601	-0.039633	-0.069528	0.014721	-45.535992	-72.831236	141.408873
37586	9.295959	-2.092265	2.007395	-0.033243	-0.057866	0.010783	-45.649955	-72.849526	141.508325
37587	9.416879	-2.112049	1.874130	-0.033520	-0.051565	0.014795	-45.755854	-72.864845	141.599352
37588	9.379554	-2.186803	1.910651	-0.039319	-0.010818	0.010800	-45.811003	-72.864242	141.633600
37589	9.256547	-2.103677	2.005519	-0.025360	-0.012232	-0.001097	-45.839370	-72.870330	141.648382
37590	9.242809	-2.014629	2.005469	-0.034423	-0.024498	0.014023	-45.914161	-72.873846	141.706118
37591	9.332444	-2.135232	1.990542	-0.044727	-0.031807	0.025928	-46.014783	-72.876587	141.784894
37592	9.405170	-2.168960	1.835892	-0.041446	-0.015373	0.013165	-46.080301	-72.876784	141.828715
37593	9.424048	-2.116052	1.892013	-0.043962	0.015905	-0.001210	-46.081589	-72.871716	141.804008
37594	9.256275	-2.112842	1.997124	-0.041880	0.032696	0.009697	-46.078541	-72.854247	141.775814
37595	9.261998	-2.108494	2.031596	-0.035233	0.011646	0.024535	-46.113700	-72.840245	141.791785
37596	9.306960	-2.169763	1.998241	-0.034610	-0.000490	0.028505	-46.175009	-72.828190	141.835304
37597	9.299897	-2.179545	1.964109	-0.025173	-0.004747	0.025379	-46.227315	-72.820331	141.875258
37598	9.340212	-2.175730	1.953781	-0.023976	-0.005605	0.022177	-46.281154	-72.812897	141.917338
37599	9.333878	-2.218710	1.962394	-0.022951	0.000779	0.014591	-46.310907	-72.807300	141.935020
37600	9.336960	-2.285792	1.991862	-0.014447	-0.017019	-0.009058	-46.334592	-72.817312	141.951252
37601	9.386499	-2.234674	1.916292	0.005195	-0.031663	-0.034580	-46.328785	-72.844926	141.948592
37602	9.290571	-2.156046	1.989858	0.002473	-0.017503	-0.033750	-46.311820	-72.865358	141.932423
37603	9.333197	-2.180166	2.020868	0.008672	-0.033142	-0.038971	-46.300320	-72.895376	141.925891
37604	9.368341	-2.141895	1.932648	0.005234	-0.035228	-0.048653	-46.286362	-72.928994	141.914530
37605	9.221067	-2.184277	2.076061	0.001551	-0.033079	-0.051097	-46.263123	-72.964007	141.891454
37606	9.280790	-2.155314	2.019303	0.007230	-0.072192	-0.062467	-46.280059	-73.017979	141.913604
37607	9.328621	-2.172856	1.936626	0.006089	-0.076944	-0.070147	-46.288948	-73.078251	141.926846
37608	9.296840	-2.131554	1.929744	0.004463	-0.074750	-0.080613	-46.287498	-73.140747	141.928114
37609	9.404545	-2.086690	1.894552	0.011771	-0.074910	-0.082180	-46.274681	-73.205196	141.922071
37610	9.300992	-2.222847	1.956663	0.001430	-0.064445	-0.092282	-46.245366	-73.268445	141.892424
37611	9.351265	-2.165273	1.930084	0.023355	-0.105491	-0.116851	-46.222054	-73.359359	141.882358
37612	9.413185	-2.024142	1.883607	0.018938	-0.089144	-0.126493	-46.170928	-73.446534	141.840447
37613	9.353496	-2.043146	1.895379	0.020560	-0.076089	-0.114402	-46.110925	-73.524758	141.790451
37614	9.342491	-1.942114	1.891398	0.025489	-0.074519	-0.109576	-46.057367	-73.599123	141.749954
37615	9.305107	-1.939558	1.895053	0.009072	-0.061759	-0.086728	-46.020375	-73.660209	141.717119
37616	9.276801	-1.964476	1.920088	0.010348	-0.069709	-0.071909	-46.019283	-73.717128	141.722279
37617	9.309079	-1.927927	1.937418	0.012926	-0.069462	-0.048989	-46.042192	-73.765714	141.754159
37618	9.281388	-1.955223	1.907318	-0.002286	-0.073745	-0.022564	-46.121697	-73.803873	141.835719
37619	9.373426	-1.929575	1.804646	0.009608	-0.081127	-0.003256	-46.226245	-73.838162	141.950613
37620	9.409644	-1.964041	1.798280	-0.004443	-0.048338	0.017382	-46.325997	-73.849650	142.051943
37621	9.404605	-2.007106	1.803766	0.002851	-0.036297	0.029147	-46.415073	-73.852667	142.146679
37622	9.450380	-2.067617	1.767264	0.003485	-0.024600	0.034044	-46.499109	-73.847788	142.236374
37623	9.388085	-2.030149	1.842471	0.004442	-0.005070	0.031353	-46.545439	-73.837508	142.287560
37624	9.360435	-1.990984	1.820496	0.009060	-0.017922	0.041340	-46.626474	-73.826912	142.377459
37625	9.389514	-1.964507	1.843426	0.005928	0.003558	0.051509	-46.686708	-73.804806	142.444017
37626	9.358417	-2.000612	1.820313	0.004774	0.001404	0.066360	-46.775914	-73.776129	142.539887
37627	9.399869	-2.032658	1.799838	-0.002948	0.026166	0.075717	-46.840951	-73.734996	142.606170
37628	9.292584	-2.079018	1.886461	-0.004845	0.032571	0.072520	-46.898618	-73.691478	142.663475
37629	9.319261	-2.021134	1.869028	0.003157	0.005108	0.073177	-46.986208	-73.659602	142.756930
37630	9.333547	-2.011400	1.827553	-0.005745	0.024164	0.083286	-47.070020	-73.614810	142.840968
37631	9.278597	-2.109622	1.912463	-0.011811	0.012816	0.085586	-47.170821	-73.574638	142.939294
37632	9.402209	-2.127721	1.816424	-0.001659	-0.011182	0.078643	-47.295594	-73.545468	143.068512
37633	9.340077	-2.092485	1.838145	-0.004577	0.008139	0.078333	-47.388460	-73.510061	143.162920
37634	9.357110	-2.150762	1.880907	-0.001445	-0.000203	0.073064	-47.489307	-73.478864	143.267354
37635	9.336841	-2.106212	1.838909	0.009506	0.008160	0.069941	-47.562382	-73.446910	143.349564
37636	9.273543	-2.072122	1.916104	0.006462	0.003807	0.082332	-47.664282	-73.410152	143.459857
37637	9.373952	-2.114499	1.829704	0.006541	-0.008895	0.089465	-47.787806	-73.376412	143.592970
37638	9.415015	-2.148404	1.808090	0.006826	0.008652	0.086344	-47.886787	-73.335968	143.700475
37639	9.344505	-2.121587	1.853074	0.010893	0.022964	0.080414	-47.950008	-73.293715	143.773293
37640	9.334183	-2.137434	1.876920	0.008009	0.025053	0.081601	-48.018132	-73.248927	143.849330
37641	9.352931	-2.192463	1.812370	0.008073	0.015343	0.077120	-48.088855	-73.210948	143.928327
37642	9.326836	-2.085042	1.850725	0.010341	0.034008	0.071209	-48.129141	-73.167123	143.976708
37643	9.260539	-2.122444	1.873515	-0.000552	0.035868	0.090795	-48.192483	-73.115419	144.042867
37644	9.299594	-2.158753	1.908985	0.005238	0.019003	0.095522	-48.286674	-73.066903	144.144557
37645	9.372827	-2.160090	1.803527	0.010617	0.015649	0.099920	-48.382495	-73.018937	144.251395
37646	9.402575	-2.171678	1.817803	0.011083	0.035697	0.105614	-48.461361	-72.959661	144.340612
37647	9.360868	-2.220115	1.819936	0.012874	0.049695	0.109273	-48.518730	-72.894669	144.408645
37648	9.274000	-2.209910	1.856851	0.018411	0.062483	0.106933	-48.556662	-72.824620	144.459477
37649	9.335401	-2.223867	1.886018	0.022902	0.052603	0.105280	-48.598504	-72.760211	144.517318
37650	9.244445	-2.285492	1.920473	0.017881	0.057222	0.090831	-48.623712	-72.699062	144.554538
37651	9.303949	-2.231312	1.917346	0.026709	0.024256	0.082719	-48.674432	-72.655066	144.624002
37652	9.294645	-2.245298	1.887467	0.014890	0.036447	0.082677	-48.719562	-72.605264	144.680318
37653	9.307425	-2.237649	1.902509	0.023040	0.024391	0.083465	-48.772480	-72.560861	144.749918
37654	9.306419	-2.243654	1.851268	0.020140	0.036239	0.089074	-48.821963	-72.508355	144.813978
37655	9.285356	-2.269803	1.952796	0.023275	0.044175	0.090703	-48.855718	-72.453335	144.863662
37656	9.227029	-2.332152	1.997040	0.019945	0.025124	0.080998	-48.910214	-72.408478	144.932898
37657	9.316089	-2.283337	1.861457	0.022029	0.013342	0.071764	-48.963637	-72.373219	145.002492
37658	9.338074	-2.300232	1.896829	0.018441	0.024136	0.068563	-49.005074	-72.334072	145.057149
37659	9.278285	-2.294262	1.908951	0.018038	0.021333	0.061346	-49.037206	-72.300286	145.102024
37660	9.342714	-2.303051	1.880706	0.022672	0.026629	0.061385	-49.064036	-72.263294	145.143910
37661	9.274384	-2.304741	1.915274	0.027991	0.039090	0.060646	-49.065374	-72.223135	145.162458
37662	9.285838	-2.262449	1.942834	0.023642	0.034096	0.058992	-49.078549	-72.184377	145.190601
37663	9.287232	-2.332180	1.923573	0.010188	0.049591	0.053721	-49.067778	-72.143273	145.185721
37664	9.261455	-2.359575	1.937549	0.004649	0.041834	0.041268	-49.060698	-72.109287	145.181158
37665	9.237599	-2.282277	2.019249	0.010181	0.034168	0.038495	-49.052951	-72.080563	145.179450
37666	9.256514	-2.334405	1.955876	0.004152	0.024304	0.044413	-49.073247	-72.051798	145.203359
37667	9.263650	-2.329978	1.936567	0.006620	0.017342	0.039224	-49.090826	-72.029073	145.226130
37668	9.277672	-2.318738	1.950137	0.004049	0.017716	0.041995	-49.117041	-72.003824	145.256204
37669	9.260922	-2.337574	1.940457	0.010277	0.024929	0.046048	-49.130169	-71.975293	145.276504
37670	9.308725	-2.361652	1.954825	0.009286	0.021543	0.042036	-49.148189	-71.948590	145.301123
37671	9.290298	-2.347926	1.957028	0.011755	0.022298	0.044449	-49.162018	-71.921734	145.323057
37672	9.266837	-2.372946	1.914420	0.012158	0.023489	0.034469	-49.167016	-71.897583	145.335714
37673	9.270681	-2.336834	1.961748	0.010475	0.022690	0.035647	-49.170900	-71.874395	145.346419
37674	9.254097	-2.354861	1.952085	0.009973	0.018967	0.036832	-49.185786	-71.850917	145.368163
37675	9.227360	-2.348358	1.975508	0.009986	0.023028	0.030447	-49.183518	-71.829856	145.372102
37676	9.265186	-2.347258	2.022779	0.008586	0.018454	0.036413	-49.199318	-71.806753	145.393977
37677	9.241995	-2.371909	1.979276	0.005708	0.010823	0.033184	-49.218682	-71.789072	145.418108
37678	9.254707	-2.327518	2.004187	0.007595	0.015066	0.032404	-49.234851	-71.768974	145.439778
37679	9.248485	-2.369734	1.960661	0.004517	0.011723	0.036361	-49.257231	-71.749573	145.466372
37680	9.288226	-2.367661	1.952673	0.006106	0.015683	0.037173	-49.278736	-71.727172	145.492767
37681	9.293943	-2.330711	1.945032	0.009770	0.023270	0.043991	-49.291453	-71.700137	145.512361
37682	9.244436	-2.380387	1.966845	0.010195	0.032184	0.041600	-49.293846	-71.669652	145.521098
37683	9.241035	-2.352242	1.982078	0.007027	0.039739	0.055129	-49.299029	-71.631624	145.531106
37684	9.206333	-2.388131	2.016600	0.012446	0.035207	0.054373	-49.310474	-71.594466	145.550742
37685	9.199671	-2.296072	2.055128	0.013690	0.032808	0.066339	-49.333354	-71.554153	145.583431
37686	9.220770	-2.415821	1.968815	0.010298	0.029196	0.071876	-49.373201	-71.511626	145.631723
37687	9.287428	-2.288938	1.967863	0.023508	0.050769	0.079170	-49.381148	-71.459024	145.654613
37688	9.260877	-2.386332	2.014457	0.008980	0.069438	0.106097	-49.407240	-71.386603	145.687626
37689	9.252596	-2.500945	2.007406	0.015318	0.067774	0.097366	-49.417792	-71.319739	145.708331
37690	9.233081	-2.457156	1.970469	0.029331	0.053131	0.079176	-49.423212	-71.265108	145.731851
37691	9.182580	-2.373276	2.075374	0.026699	0.066475	0.088275	-49.418771	-71.202685	145.743623
37692	9.250519	-2.449568	1.973748	0.030851	0.058795	0.097069	-49.435457	-71.138158	145.779980
37693	9.286464	-2.420218	1.983529	0.040395	0.079987	0.093135	-49.411194	-71.068583	145.779103
37694	9.208388	-2.463698	2.032264	0.033762	0.092695	0.092599	-49.378295	-70.993375	145.764817
37695	9.210790	-2.464721	2.074834	0.043311	0.089686	0.093086	-49.340323	-70.920202	145.751204
37696	9.174623	-2.469231	2.071419	0.037318	0.080775	0.090610	-49.318539	-70.850307	145.750820
37697	9.211825	-2.471800	2.070573	0.041635	0.075988	0.087864	-49.293321	-70.784515	145.749683
37698	9.291164	-2.436226	2.018242	0.048564	0.086330	0.097438	-49.265657	-70.709581	145.749894
37699	9.255744	-2.540125	2.036139	0.048629	0.111130	0.104861	-49.211317	-70.623267	145.722140
37700	9.207479	-2.488192	2.079324	0.056371	0.102721	0.100979	-49.163122	-70.540669	145.705315
37701	9.169197	-2.526492	2.121470	0.052909	0.118776	0.096429	-49.088773	-70.455122	145.658908
37702	9.129714	-2.531753	2.175086	0.053180	0.104091	0.091691	-49.031589	-70.376021	145.630580
37703	9.113982	-2.481603	2.229261	0.043936	0.087272	0.087630	-48.992119	-70.306089	145.615706
37704	9.095714	-2.535858	2.214024	0.031522	0.072338	0.086302	-48.980438	-70.241242	145.622510
37705	9.143624	-2.562998	2.178986	0.033596	0.050035	0.079698	-48.983549	-70.188739	145.646580
37706	9.218293	-2.533892	2.090703	0.030883	0.051044	0.075655	-48.986598	-70.136498	145.668659
37707	9.222413	-2.566165	2.118794	0.026124	0.069191	0.079403	-48.970675	-70.076919	145.667950
37708	9.177871	-2.577032	2.134250	0.035243	0.061231	0.076016	-48.959397	-70.020702	145.677455
37709	9.214646	-2.546465	2.143858	0.030096	0.069303	0.077038	-48.938708	-69.962102	145.674097
37710	9.150416	-2.540166	2.213859	0.034977	0.076000	0.080620	-48.914908	-69.898345	145.670110
37711	9.113745	-2.511224	2.219901	0.029472	0.066231	0.090106	-48.911740	-69.835258	145.685030
37712	9.143962	-2.587537	2.216087	0.030052	0.054391	0.092573	-48.928385	-69.774479	145.721127
37713	9.149744	-2.587840	2.200012	0.023624	0.043211	0.094913	-48.960240	-69.717975	145.769818
37714	9.166783	-2.645803	2.139503	0.021417	0.045935	0.092842	-48.991596	-69.660250	145.816351
37715	9.169572	-2.646468	2.177922	0.019446	0.054675	0.081199	-48.998195	-69.605352	145.835583
37716	9.083023	-2.628738	2.211499	0.016011	0.050519	0.074807	-49.008796	-69.553700	145.856693
37717	9.117234	-2.599123	2.273578	0.018112	0.043182	0.071331	-49.019394	-69.507386	145.879391
37718	9.061023	-2.622906	2.219310	0.009298	0.033269	0.068073	-49.046841	-69.465125	145.914393
37719	9.115387	-2.610386	2.225763	0.009928	0.023419	0.067378	-49.080782	-69.427934	145.957024
37720	9.110678	-2.649486	2.271350	0.005288	0.025398	0.062897	-49.114157	-69.390857	145.995922
37721	9.178061	-2.628502	2.201019	-0.001100	0.011035	0.063305	-49.164338	-69.360054	146.049174
37722	9.160506	-2.648889	2.190241	-0.006207	0.019132	0.064306	-49.212607	-69.324695	146.096967
37723	9.138709	-2.637500	2.245895	-0.005699	0.026045	0.065031	-49.249577	-69.287497	146.133305
37724	9.129628	-2.618072	2.225581	-0.014449	0.015592	0.068521	-49.310464	-69.251612	146.189561
37725	9.108463	-2.640333	2.268977	-0.017305	0.015239	0.079553	-49.380437	-69.212110	146.254101
37726	9.089799	-2.630106	2.268620	-0.021671	0.004554	0.085898	-49.474667	-69.172731	146.341628
37727	9.184071	-2.688319	2.152731	-0.012231	-0.011524	0.098904	-49.590678	-69.134671	146.458576
37728	9.161145	-2.647975	2.217487	-0.020332	0.013556	0.105608	-49.692253	-69.083241	146.554833
37729	9.168708	-2.715943	2.173885	-0.019900	0.004901	0.110033	-49.803739	-69.034077	146.662305
37730	9.164979	-2.693753	2.185658	-0.016505	0.014817	0.108399	-49.903391	-68.980842	146.758914
37731	9.110738	-2.715347	2.216683	-0.022766	0.029097	0.111279	-49.989136	-68.922078	146.837123
37732	9.189104	-2.686745	2.213353	-0.021084	0.027323	0.120009	-50.087257	-68.859041	146.929350
37733	9.077217	-2.727240	2.241586	-0.024328	0.040866	0.125323	-50.172886	-68.789689	147.006541
37734	9.073662	-2.804483	2.221741	-0.017216	0.036424	0.130224	-50.266983	-68.718722	147.096912
37735	9.094007	-2.762733	2.226812	0.008061	0.026257	0.144653	-50.367576	-68.646100	147.210161
37736	9.068909	-2.694292	2.305894	-0.012625	0.031506	0.169820	-50.500131	-68.559322	147.344753
37737	8.990963	-2.741614	2.291526	-0.010818	0.011784	0.171967	-50.651362	-68.479692	147.500921
37738	9.062337	-2.725711	2.252974	-0.012460	-0.006782	0.185088	-50.838550	-68.399761	147.694511
37739	9.120855	-2.817616	2.255102	-0.026433	0.000082	0.202036	-51.036721	-68.310620	147.891732
37740	9.045451	-2.867069	2.184279	-0.027304	0.009752	0.204218	-51.228175	-68.215741	148.080995
37741	9.077230	-2.786498	2.264663	-0.018080	0.002568	0.211110	-51.423652	-68.121159	148.280727
37742	9.179046	-2.813001	2.227585	-0.024608	0.007903	0.240024	-51.643900	-68.010396	148.502955
37743	9.079066	-2.849738	2.265865	-0.045149	0.026963	0.264530	-51.870733	-67.882567	148.720095
37744	8.988151	-2.880508	2.282634	-0.042735	0.006725	0.276845	-52.129750	-67.754937	148.973363
37745	9.053334	-2.876575	2.297729	-0.047336	-0.000581	0.284935	-52.400370	-67.626804	149.236874
37746	9.079453	-2.941374	2.243118	-0.063287	0.001782	0.309210	-52.697862	-67.485273	149.519506
37747	9.050472	-2.986236	2.283589	-0.074420	0.003456	0.322932	-53.004658	-67.337373	149.805925
37748	9.043407	-3.049346	2.215552	-0.079095	0.002616	0.334824	-53.323850	-67.182669	150.102873
37749	9.033680	-3.049006	2.225281	-0.079689	0.010666	0.338467	-53.630550	-67.023965	150.386556
37750	9.019333	-3.082792	2.278481	-0.091591	0.019393	0.345774	-53.939208	-66.857297	150.664971
37751	9.074614	-3.126554	2.248856	-0.090546	0.022452	0.356144	-54.245073	-66.685253	150.941676
37752	9.059942	-3.130017	2.315335	-0.105575	0.053532	0.364378	-54.530992	-66.497401	151.187310
37753	9.064214	-3.120760	2.341472	-0.119641	0.072222	0.385231	-54.813811	-66.294175	151.421459
37754	9.105285	-3.173364	2.480959	-0.134513	0.119947	0.396447	-55.061184	-66.068509	151.607605
37755	8.810043	-3.218566	2.379839	-0.178325	0.114601	0.422064	-55.351216	-65.833232	151.813637
37756	8.767230	-3.315509	2.237292	-0.159843	0.078041	0.418809	-55.664386	-65.609872	152.056715
37757	8.917918	-3.317536	2.360506	-0.177590	0.073690	0.421526	-55.986653	-65.387123	152.299371
37758	8.837574	-3.379872	2.321673	-0.192099	0.045144	0.448200	-56.362437	-65.159125	152.591905
37759	8.902576	-3.455553	2.290065	-0.184891	0.017215	0.455868	-56.759536	-64.936513	152.913362
37760	8.907038	-3.515378	2.318522	-0.208259	0.013416	0.471975	-57.180591	-64.705334	153.246765
37761	8.910329	-3.549265	2.269680	-0.209549	-0.004200	0.503064	-57.631240	-64.464573	153.613092
37762	8.955270	-3.735849	2.217275	-0.219328	-0.015111	0.520587	-58.104242	-64.216317	153.998421
37763	8.929229	-3.671568	2.244427	-0.207247	-0.015387	0.536751	-58.570289	-63.959969	154.384862
37764	8.870150	-3.813096	2.185638	-0.209336	-0.009436	0.542777	-59.029243	-63.696481	154.762590
37765	8.941221	-3.771110	2.198480	-0.192314	-0.007487	0.550508	-59.470797	-63.428386	155.132980
37766	8.782287	-3.832129	2.148370	-0.201071	0.019100	0.563014	-59.892563	-63.144114	155.476153
37767	8.760190	-3.944797	2.150909	-0.188373	0.017112	0.560889	-60.297930	-62.861434	155.810289
37768	8.847910	-3.982398	2.121689	-0.176892	0.029842	0.576258	-60.687403	-62.565381	156.134459
37769	8.816512	-3.983100	2.218262	-0.174563	0.040251	0.585513	-61.061034	-62.261887	156.443493
37770	8.795841	-4.036223	2.161522	-0.170097	0.063184	0.591438	-61.408261	-61.947131	156.726067
37771	8.658981	-4.106718	2.184125	-0.174393	0.069591	0.605069	-61.750032	-61.624045	157.000855
37772	8.695478	-4.122050	2.201208	-0.165176	0.076125	0.605987	-62.076112	-61.296913	157.264268
37773	8.458522	-4.167645	2.152661	-0.177888	0.091966	0.616308	-62.391520	-60.960693	157.508383
37774	8.452687	-4.267405	2.206368	-0.157239	0.060584	0.615699	-62.718940	-60.631347	157.780225
37775	8.481854	-4.287854	2.189261	-0.166448	0.066072	0.624481	-63.042406	-60.296413	158.042724
37776	8.369233	-4.282111	2.249626	-0.163060	0.054783	0.640409	-63.376480	-59.954439	158.320198
37777	8.459235	-4.382066	2.210471	-0.171248	0.052053	0.653688	-63.714933	-59.606621	158.598663
37778	8.393271	-4.462825	2.180977	-0.174053	0.047062	0.673234	-64.062497	-59.248100	158.886467
37779	8.285703	-4.511771	2.226023	-0.172754	0.040532	0.685573	-64.411215	-58.885033	159.177951
37780	8.501857	-4.543112	2.221332	-0.173953	0.018061	0.704084	-64.781538	-58.515897	159.494654
37781	8.701764	-4.617815	2.310901	-0.191870	0.024649	0.736501	-65.159810	-58.128352	159.810308
37782	8.844273	-4.589632	2.348436	-0.195356	0.050566	0.781130	-65.528902	-57.709235	160.113764
37783	8.965378	-4.661907	2.348278	-0.223392	0.093133	0.828039	-65.886533	-57.255643	160.386435
37784	8.676437	-4.789496	2.224450	-0.252914	0.154449	0.864377	-66.217757	-56.766867	160.608514
37785	8.237601	-5.017033	2.016772	-0.251522	0.185696	0.882627	-66.520729	-56.261702	160.799332
37786	8.245175	-5.175139	1.998071	-0.219916	0.187496	0.889371	-66.801007	-55.751046	160.985346
37787	8.268502	-5.081291	2.099693	-0.201910	0.221672	0.899635	-67.040426	-55.227846	161.135850
37788	8.123016	-5.152783	2.143863	-0.202399	0.247595	0.918454	-67.262501	-54.687610	161.265366
37789	8.098396	-5.166132	2.249542	-0.197314	0.257353	0.931088	-67.472048	-54.139260	161.384375
37790	8.054190	-5.189437	2.342750	-0.211317	0.277506	0.945311	-67.675901	-53.577750	161.486780
37791	8.115008	-5.300843	2.474705	-0.224599	0.285205	0.955467	-67.879194	-53.009953	161.580198
37792	8.092394	-5.182366	2.538870	-0.245789	0.324491	0.959056	-68.065364	-52.430666	161.637092
37793	7.891028	-5.379410	2.461299	-0.290353	0.364757	0.975023	-68.249356	-51.835153	161.659790
37794	7.856252	-5.481667	2.574980	-0.315502	0.368641	0.989185	-68.447154	-51.230311	161.681460
37795	7.730382	-5.589136	2.421259	-0.346470	0.358986	1.019982	-68.672769	-50.611946	161.716743
37796	7.860259	-5.762307	2.589236	-0.373317	0.312700	1.054110	-68.949220	-49.983944	161.797982
37797	8.617602	-5.959268	2.683636	-0.401240	0.324306	1.077460	-69.233961	-49.341726	161.870311
37798	8.504675	-6.125419	2.558505	-0.428500	0.423925	1.105809	-69.475723	-48.663123	161.865289
37799	8.070863	-6.122487	2.483232	-0.452244	0.463959	1.161589	-69.715445	-47.947444	161.839698
37800	8.181804	-6.127948	2.322987	-0.455740	0.516951	1.203566	-69.933288	-47.198000	161.781012
37801	7.950743	-6.415852	2.342823	-0.482221	0.559878	1.271345	-70.153059	-46.404609	161.703870
37802	8.204477	-6.667643	2.202291	-0.451287	0.580162	1.352983	-70.359500	-45.562745	161.631302
37803	8.148011	-6.673247	2.196224	-0.454831	0.600832	1.454062	-70.573853	-44.663257	161.566431
37804	8.349875	-6.920874	2.294015	-0.421345	0.599900	1.549702	-70.786165	-43.711770	161.524540
37805	8.557092	-7.219299	2.185525	-0.418041	0.669539	1.658068	-70.977313	-42.689303	161.454294
37806	8.883391	-7.364929	2.386197	-0.393462	0.716676	1.741129	-71.144900	-41.612695	161.367879
37807	8.820893	-7.212348	2.477341	-0.372187	0.813818	1.836307	-71.268751	-40.467225	161.232161
37808	8.799621	-7.630974	2.483508	-0.395279	0.887508	1.962895	-71.394207	-39.239395	161.074235
37809	9.034837	-7.543273	2.645965	-0.375543	0.930311	2.073373	-71.507490	-37.944365	160.911353
37810	9.513466	-7.905723	2.781763	-0.394877	1.024008	2.176155	-71.610941	-36.576578	160.708175
37811	9.496621	-7.755343	2.929121	-0.388413	1.154767	2.269475	-71.675409	-35.134839	160.438798
37812	9.475496	-7.826231	2.856289	-0.416412	1.315931	2.377625	-71.717517	-33.605612	160.090355
37813	8.611730	-7.582840	2.816823	-0.462157	1.473525	2.504694	-71.755323	-31.979008	159.671784
37814	7.751625	-7.938215	2.565997	-0.494543	1.529423	2.641395	-71.822073	-30.268786	159.252272
37815	8.216554	-7.377722	2.629694	-0.423056	1.483559	2.688822	-71.879481	-28.540849	158.876097
37816	8.589908	-7.409140	2.572435	-0.519394	1.655749	2.737587	-71.960012	-26.756902	158.407798
37817	7.658935	-6.931860	2.771265	-0.514191	1.815151	2.820480	-72.017534	-24.899269	157.864285
37818	7.203530	-6.577197	2.428829	-0.568351	1.925474	2.876078	-72.102748	-22.993657	157.271354
37819	6.639789	-6.293911	2.328778	-0.595721	2.113088	2.922012	-72.185499	-21.029634	156.582233
37820	6.221561	-6.088863	1.949213	-0.582410	2.260628	2.916935	-72.255678	-19.045004	155.812593
37821	5.025433	-4.341679	0.532766	-0.492365	2.440616	2.670425	-72.254579	-17.162302	154.902173
37822	6.348763	3.561392	-2.163796	0.067198	1.592197	1.228435	-72.020628	-16.215303	154.220952
37823	14.669990	3.662595	-0.557969	-1.080096	1.269563	0.325069	-72.456692	-15.816807	153.559489
37824	14.707379	-7.179549	-2.758305	-1.710483	1.729811	-0.843286	-73.126371	-15.989070	152.426072
37825	10.307518	-1.197521	0.312249	-0.557002	1.247826	-2.706233	-73.106470	-17.265972	151.242273
37826	9.539151	-0.292329	0.109248	-1.105772	1.233122	-3.147680	-73.350662	-18.794049	149.983066
37827	7.266504	-3.798448	0.161996	-0.986845	1.626975	-3.425603	-73.397780	-20.408875	148.438984
37828	5.635364	-4.672613	0.706553	-0.720295	1.554832	-3.482655	-73.256234	-22.070791	146.908460
37829	4.278003	-4.797528	0.439569	-0.497759	1.502201	-3.414226	-72.953645	-23.693305	145.397692
37830	3.269880	-4.895824	0.527824	-0.333867	1.326686	-3.376807	-72.552205	-25.321957	143.968566
37831	3.375239	-5.296866	0.463752	-0.138686	0.954140	-3.420228	-72.082866	-27.023819	142.725160
37832	4.525049	-5.278574	0.578295	0.026948	0.578749	-3.483762	-71.570087	-28.823154	141.663060
37833	5.744957	-5.314274	0.792315	0.132215	0.336477	-3.585517	-71.012763	-30.707950	140.693783
37834	7.042565	-5.380072	1.049387	0.224206	0.203270	-3.756791	-70.376233	-32.707344	139.727071
37835	8.000530	-5.748475	1.200870	0.269844	0.258595	-3.916780	-69.615617	-34.766269	138.636664
37836	8.149043	-6.217916	1.221046	0.312157	0.375141	-4.057590	-68.693990	-36.869250	137.367503
37837	7.630241	-6.745234	1.115857	0.320744	0.485597	-4.136368	-67.621783	-38.966482	135.922597
37838	6.864743	-7.297963	0.937374	0.291227	0.529761	-4.127302	-66.445115	-41.032441	134.351787
37839	6.444450	-7.793304	0.718816	0.232698	0.471508	-4.052394	-65.232320	-43.041263	132.740462
37840	6.547022	-8.128343	0.622029	0.135441	0.346334	-3.979199	-64.035843	-45.023406	131.130858
37841	7.286578	-8.027712	0.515348	-0.007265	0.237017	-3.926573	-62.872588	-46.976253	129.508640
37842	8.127970	-7.746192	0.289175	-0.237742	0.240831	-3.869488	-61.730402	-48.882060	127.786496
37843	8.819931	-7.415293	-0.100800	-0.550166	0.341826	-3.818299	-60.593767	-50.705015	125.886111
37844	9.157324	-7.153223	-0.553816	-0.931912	0.509531	-3.745454	-59.456447	-52.425115	123.752475
37845	8.733114	-6.952520	-1.035819	-1.363287	0.673900	-3.655616	-58.347367	-54.020254	121.393196
37846	8.125666	-7.080489	-1.351238	-1.801941	0.663493	-3.557521	-57.385920	-55.551188	118.952550
37847	7.817684	-7.222600	-1.369591	-2.216137	0.529422	-3.464045	-56.653469	-57.052040	116.546473
37848	7.359085	-7.820995	-1.142067	-2.594973	0.304115	-3.345305	-56.225007	-58.559857	114.282918
37849	7.550401	-8.364882	-0.484084	-2.864782	0.053896	-3.199328	-56.102781	-60.066231	112.232522
37850	8.194531	-8.924833	0.284025	-3.063597	-0.052883	-3.016571	-56.179000	-61.524994	110.308475
37851	8.839254	-9.355247	0.905348	-3.172729	0.005160	-2.823218	-56.286681	-62.868958	108.375486
37852	9.144516	-9.696370	1.235827	-3.205507	0.168158	-2.627868	-56.287475	-64.074191	106.323186
37853	8.982251	-9.978270	1.454632	-3.177951	0.327326	-2.443587	-56.139469	-65.134437	104.144101
37854	8.428097	-10.103801	1.340602	-3.082654	0.416794	-2.260682	-55.870876	-66.080596	101.909464
37855	7.918382	-10.156044	1.250712	-2.925211	0.415736	-2.065113	-55.560573	-66.924954	99.743885
37856	7.847856	-10.052100	1.186572	-2.703627	0.349343	-1.879665	-55.251964	-67.703041	97.730106
37857	8.167494	-9.884480	1.159996	-2.452416	0.295036	-1.715313	-54.916035	-68.413028	95.853412
37858	8.298024	-9.780477	1.178067	-2.187838	0.290747	-1.563944	-54.489871	-69.052688	94.050669
37859	8.274413	-9.690264	1.176318	-1.904586	0.316283	-1.427696	-53.922557	-69.611044	92.278346
37860	7.901899	-9.309691	1.039058	-1.625824	0.365510	-1.289093	-53.200248	-70.084864	90.516406
37861	7.270918	-9.054904	0.760400	-1.369838	0.361389	-1.133675	-52.428805	-70.478013	88.863478
37862	7.637870	-9.452316	1.718339	-1.108612	0.372213	-0.980532	-51.603698	-70.793059	87.315381
37863	11.001725	-15.440866	10.653190	-0.977806	1.476771	-0.481519	-49.803165	-70.471380	84.813342
37864	2.621759	-12.792420	4.565287	0.101842	0.708455	-0.467772	-48.389461	-70.410612	83.374876
37865	1.863024	-7.846639	0.968708	0.433662	-0.032010	-0.486006	-47.652108	-70.630647	82.856619
37866	2.214907	-6.005897	-3.690065	0.495688	-0.166889	0.089721	-47.671489	-70.658620	83.178078
37867	6.173396	-7.300765	-0.168507	0.272450	0.198838	1.024126	-48.378920	-70.146936	84.095004
37868	33.444315	-19.191183	5.697069	0.290861	-0.480852	1.096233	-49.919145	-69.853290	85.911160
37869	4.296127	0.202121	-2.785339	1.428641	2.129693	-0.213328	-46.450157	-69.131380	83.081854
37870	6.171913	-5.148504	8.743241	-0.766877	1.965018	-0.096343	-44.727494	-68.384060	80.761873
37871	3.517048	-5.736772	3.701660	1.278881	-0.827975	-0.368295	-44.460926	-68.870775	81.262786
37872	9.829850	-0.070158	2.302373	0.885101	-0.750020	-1.117510	-43.532270	-69.625337	80.811749
37873	10.005661	4.371019	3.570577	0.373081	-0.379231	-0.314090	-43.368472	-69.907584	80.865305
37874	8.507011	-2.395208	3.127022	-0.956920	-0.067854	0.440591	-44.490585	-69.761421	81.476412
37875	7.804610	-4.419459	2.517953	-0.207338	-0.810482	0.110727	-45.629318	-70.045293	82.562774
37876	10.627729	-2.370286	1.717074	-0.069269	-1.000579	-0.115910	-46.699376	-70.491037	83.657230
37877	11.056505	-2.626900	0.817375	-0.257669	-0.449713	0.045135	-47.430832	-70.648377	84.276615
37878	10.198901	-3.311871	0.733809	-0.038301	-0.120095	0.051176	-47.659888	-70.674029	84.495920
37879	9.832646	-2.615028	1.712371	0.016907	0.100364	-0.021277	-47.504936	-70.645000	84.342272
37880	9.123213	-2.752941	2.139718	0.026055	0.125079	-0.056419	-47.284062	-70.621176	84.123751
37881	9.351986	-2.452741	1.998976	0.040342	0.066544	-0.083335	-47.088231	-70.631048	83.940972
37882	9.041980	-2.471090	2.175213	0.010847	0.126527	-0.077750	-46.851303	-70.615047	83.696179
37883	8.935440	-2.385113	2.330749	0.032289	0.040793	-0.061882	-46.714443	-70.625637	83.571016
37884	9.110144	-2.384398	2.138917	0.009551	0.025795	-0.036391	-46.644056	-70.631566	83.501983
37885	9.055585	-2.488031	2.182318	0.016940	0.003547	-0.019563	-46.607324	-70.639074	83.473642
37886	9.128167	-2.441607	2.105537	0.015629	-0.008502	-0.013114	-46.600103	-70.648774	83.475257
37887	9.175255	-2.404688	2.114887	0.014224	-0.020755	-0.000030	-46.615609	-70.657713	83.500634
37888	9.167085	-2.427794	2.115605	0.003906	-0.014799	0.010510	-46.649081	-70.660049	83.538256
37889	9.154104	-2.397964	2.120462	0.006401	-0.016365	0.027151	-46.694335	-70.655923	83.590410
37890	9.293897	-2.436721	2.013323	0.000302	-0.011608	0.042136	-46.761447	-70.643792	83.661499
37891	9.191348	-2.546658	2.150351	-0.006377	0.004150	0.034881	-46.798197	-70.628356	83.696885
37892	9.245633	-2.503215	2.027501	0.005431	-0.006166	0.031432	-46.843847	-70.618525	83.748345
37893	9.261710	-2.484228	2.048801	-0.000054	0.017126	0.030389	-46.856459	-70.599868	83.761988
37894	9.247748	-2.479387	2.081975	0.000229	0.026411	0.030351	-46.865163	-70.577717	83.771119
37895	9.161303	-2.447641	2.117781	0.000317	0.030959	0.033644	-46.864740	-70.552279	83.771170
37896	9.236331	-2.484768	2.064471	0.003336	0.026565	0.041802	-46.884151	-70.525280	83.793545
37897	9.242891	-2.466251	2.065833	0.004492	0.046878	0.052499	-46.883362	-70.485722	83.795743
37898	9.202254	-2.508038	2.083043	0.010564	0.050816	0.057361	-46.887143	-70.442722	83.805931
37899	9.199615	-2.536897	2.113329	0.007364	0.059156	0.056409	-46.874573	-70.396720	83.797374
37900	9.167241	-2.579252	2.154120	0.017279	0.052114	0.047118	-46.861752	-70.357493	83.794019
37901	9.165319	-2.535041	2.109163	0.016152	0.048884	0.034882	-46.832663	-70.324513	83.773262
37902	9.180380	-2.516187	2.134757	0.014205	0.047882	0.035043	-46.813446	-70.291982	83.761236
37903	9.157263	-2.510314	2.147523	0.014246	0.043780	0.034438	-46.791050	-70.261184	83.746422
37904	9.134202	-2.481270	2.134987	0.013590	0.042357	0.048917	-46.793869	-70.225022	83.757425
37905	9.161439	-2.519308	2.179038	0.004340	0.047032	0.052396	-46.793015	-70.185448	83.759467
37906	9.082391	-2.597054	2.207867	0.003026	0.039046	0.043505	-46.799799	-70.152842	83.768251
37907	9.115252	-2.592879	2.146273	0.007461	0.016744	0.026353	-46.803883	-70.136025	83.777444
37908	9.161062	-2.559394	2.158569	-0.000655	0.020045	0.022832	-46.812298	-70.119494	83.785719
37909	9.151674	-2.583797	2.161998	0.000034	0.008937	0.013190	-46.815360	-70.111237	83.789302
37910	9.159866	-2.561888	2.160683	-0.002897	0.009216	0.004427	-46.817631	-70.106636	83.789674
37911	9.159675	-2.562183	2.161144	0.000538	0.001504	0.001452	-46.816265	-70.106196	83.788856
37912	9.159545	-2.562328	2.161524	-0.002039	0.007223	0.001355	-46.817041	-70.103657	83.788158
37913	9.138177	-2.553785	2.169821	-0.001208	-0.003188	0.003717	-46.824546	-70.104110	83.795710
37914	9.180901	-2.547833	2.128477	0.002472	0.002517	0.001283	-46.828113	-70.103441	83.800727
37915	9.210508	-2.534500	2.118671	-0.004964	0.008022	0.011216	-46.832947	-70.096366	83.803150
37916	9.128772	-2.578328	2.173104	0.000299	0.009561	0.009259	-46.838289	-70.089605	83.808726
37917	9.179862	-2.550093	2.130252	0.003734	0.001847	0.006284	-46.839924	-70.087011	83.813047
37918	9.149443	-2.588200	2.166170	-0.000561	0.011295	0.003018	-46.837030	-70.082175	83.809338
37919	9.166442	-2.542985	2.162712	0.004540	0.003973	0.003806	-46.833071	-70.079784	83.808199
37920	9.149455	-2.541346	2.117591	-0.000830	0.010674	0.006947	-46.835323	-70.073545	83.809795
37921	9.135933	-2.557811	2.174524	0.005479	0.006539	0.004018	-46.828096	-70.070059	83.805755
37922	9.178264	-2.575486	2.158996	0.004218	0.007210	-0.000983	-46.822901	-70.068489	83.802503
37923	9.148641	-2.565197	2.144810	0.003009	0.003760	-0.006576	-46.808840	-70.070518	83.789687
37924	9.170140	-2.549809	2.112370	0.005157	0.009777	-0.000771	-46.800408	-70.067850	83.783561
37925	9.173677	-2.544022	2.190305	0.003760	0.010268	0.000848	-46.786452	-70.064224	83.771315
37926	9.113915	-2.548292	2.186644	0.004081	0.007032	0.005637	-46.788755	-70.059955	83.775949
37927	9.177707	-2.551494	2.137844	0.001743	0.004955	0.007044	-46.788774	-70.055826	83.777339
37928	9.155772	-2.567122	2.171796	0.006683	0.009993	0.009609	-46.790491	-70.048734	83.782934
37929	9.142673	-2.536413	2.178795	0.005876	0.007869	0.012087	-46.790240	-70.041356	83.786555
37930	9.167782	-2.576599	2.142646	0.007675	0.008441	0.009229	-46.792776	-70.035027	83.793623
37931	9.146058	-2.568504	2.151855	0.005688	0.011549	0.009987	-46.786134	-70.027082	83.790330
37932	9.183864	-2.556254	2.165620	0.007541	0.008000	0.006538	-46.786376	-70.022048	83.794873
37933	9.132403	-2.561659	2.184796	0.005475	0.006543	0.004016	-46.779164	-70.018560	83.790844
37934	9.140837	-2.539111	2.183348	0.004939	0.005038	0.002565	-46.780031	-70.016343	83.794462
37935	9.140645	-2.539331	2.183898	0.006064	0.003928	0.004876	-46.776414	-70.013522	83.794618
37936	9.131837	-2.562411	2.186282	0.005713	-0.001255	0.005525	-46.787268	-70.012535	83.809333
37937	9.165944	-2.579500	2.147017	0.001846	-0.003283	0.005861	-46.795407	-70.012132	83.819427
37938	9.140329	-2.540517	2.183841	0.000721	-0.002172	0.003550	-46.808068	-70.012324	83.833019
37939	9.144580	-2.571435	2.154638	0.002839	-0.004836	0.005482	-46.817014	-70.012687	83.844576
37940	9.187470	-2.565431	2.113101	0.000861	-0.001997	-0.003069	-46.822280	-70.015571	83.850382
37941	9.166003	-2.580027	2.146129	0.005317	-0.002586	-0.002545	-46.818569	-70.018405	83.849982
37942	9.170356	-2.526672	2.173069	0.005528	0.002423	0.003424	-46.823117	-70.016843	83.857865
37943	9.161449	-2.549988	2.175586	0.001468	0.004343	0.010969	-46.828219	-70.011313	83.864496
37944	9.135464	-2.595272	2.157394	0.004798	0.004865	0.009182	-46.836594	-70.006387	83.876005
37945	9.169123	-2.552430	2.199576	0.007593	0.003881	0.005945	-46.833300	-70.003138	83.877436
37946	9.173477	-2.559755	2.146107	0.005790	0.003312	0.008803	-46.842497	-69.998973	83.890422
37947	9.164448	-2.583222	2.148927	0.004744	0.008988	0.009770	-46.839087	-69.992123	83.889993
37948	9.164120	-2.583777	2.149659	0.006063	0.003930	0.004873	-46.843212	-69.989357	83.897744
37949	9.172581	-2.561395	2.147981	0.004129	0.002916	0.005042	-46.842034	-69.986863	83.899315
37950	9.151167	-2.552847	2.156382	0.003593	0.001410	0.003592	-46.849111	-69.985618	83.908699
37951	9.142432	-2.575646	2.158718	0.006388	0.000425	0.000356	-46.844456	-69.986059	83.907948
37952	9.159652	-2.530238	2.154880	0.006467	0.004992	0.003633	-46.845844	-69.983392	83.913026
37953	9.171655	-2.585854	2.174632	0.002547	0.007087	0.004558	-46.840267	-69.979465	83.908951
37954	9.099366	-2.558514	2.176535	0.005526	0.002425	0.003423	-46.844932	-69.977890	83.916941
37955	9.150417	-2.553893	2.158325	0.000849	-0.001725	0.006239	-46.852244	-69.976714	83.925548
37956	9.171166	-2.586871	2.175484	0.000483	0.005629	0.002037	-46.854650	-69.974459	83.928056
37957	9.150086	-2.554531	2.158970	0.004128	0.002918	0.005041	-46.853468	-69.971965	83.929622
37958	9.141184	-2.577747	2.161493	0.004258	0.003364	0.007730	-46.862447	-69.968215	83.941426
37959	9.192085	-2.573289	2.143760	0.004075	0.007041	0.005628	-46.857198	-69.963860	83.938631
37960	9.136338	-2.548215	2.191557	0.004257	0.003364	0.007729	-46.866197	-69.960108	83.950452
37961	9.165913	-2.535222	2.181838	0.001996	0.005859	0.012413	-46.870779	-69.953379	83.956854
37962	9.177954	-2.568064	2.176676	0.002073	0.010429	0.015688	-46.881476	-69.943530	83.969149
37963	9.147704	-2.559739	2.162893	0.005257	0.010781	0.020518	-46.887232	-69.931482	83.978790
37964	9.176456	-2.571409	2.179039	0.003675	0.014954	0.020032	-46.896481	-69.918041	83.990520
37965	9.180209	-2.580042	2.126824	0.007082	0.020046	0.021520	-46.891648	-69.901947	83.990002
37966	9.136344	-2.587747	2.169990	0.006544	0.018541	0.020070	-46.895202	-69.887085	83.997413
37967	9.144088	-2.566850	2.169747	0.006669	0.018992	0.022756	-46.893131	-69.870886	83.999584
37968	9.134389	-2.591522	2.173712	0.004733	0.017982	0.022922	-46.901412	-69.855048	84.010923
37969	9.133479	-2.593180	2.175558	0.006816	0.019162	0.016137	-46.891996	-69.841551	84.005361
37970	9.149620	-2.573035	2.198114	0.001140	0.016575	0.019327	-46.900114	-69.827764	84.014331
37971	9.110649	-2.587112	2.186837	0.003685	0.014687	0.010720	-46.891822	-69.818286	84.008053
37972	9.118339	-2.589097	2.211038	0.002335	0.011059	0.011750	-46.897470	-69.809824	84.015120
37973	9.156548	-2.553548	2.199715	0.000275	0.009599	0.009230	-46.895338	-69.802961	84.013323
37974	9.117361	-2.590924	2.212931	0.003326	0.009504	0.011373	-46.901790	-69.795263	84.021849
37975	9.151555	-2.584931	2.149949	0.004674	0.013134	0.010341	-46.894303	-69.786551	84.017032
37976	9.129225	-2.600601	2.184538	0.007140	0.015657	0.011621	-46.891859	-69.776338	84.018404
37977	9.166860	-2.588675	2.198896	0.002562	0.015802	0.008404	-46.880504	-69.767392	84.008175
37978	9.115080	-2.594312	2.218352	0.007773	0.008914	0.011900	-46.885667	-69.759699	84.018037
37979	9.123292	-2.572644	2.217215	0.001919	0.010007	0.012984	-46.886125	-69.751106	84.020005
37980	9.148267	-2.613222	2.181355	0.005253	0.010522	0.011202	-46.890168	-69.743071	84.027134
37981	9.135275	-2.582494	2.188225	0.004311	0.007953	0.010994	-46.889469	-69.736115	84.029329
37982	9.104840	-2.596931	2.199355	0.004012	0.011181	0.006203	-46.888191	-69.729911	84.030025
37983	9.134487	-2.583701	2.190090	0.003654	0.005993	0.006860	-46.885704	-69.725451	84.029913
37984	9.163697	-2.594165	2.205598	0.003121	0.004483	0.005413	-46.891699	-69.722197	84.037816
37985	9.112150	-2.599341	2.224493	0.003479	0.009672	0.004755	-46.882918	-69.717177	84.030887
37986	9.141883	-2.585813	2.215243	0.004348	0.007663	0.001694	-46.880683	-69.714230	84.030762
37987	9.162798	-2.595126	2.208204	0.002608	0.011682	0.007815	-46.873374	-69.707142	84.024871
37988	9.124232	-2.608221	2.196282	0.002414	0.006651	0.001861	-46.873580	-69.704519	84.026166
37989	9.154025	-2.594696	2.186821	0.001012	0.007151	0.003474	-46.867717	-69.701021	84.020840
37990	9.110732	-2.600787	2.228608	0.001012	0.007151	0.003474	-46.869890	-69.697525	84.023373
37991	9.149293	-2.564666	2.216901	0.000071	0.004580	0.003267	-46.867253	-69.695121	84.020912
37992	9.119007	-2.578868	2.227590	-0.001793	0.008150	0.006701	-46.873327	-69.689882	84.025888
37993	9.161322	-2.597300	2.211768	-0.001228	-0.003179	0.003718	-46.880679	-69.690328	84.033285
37994	9.139923	-2.588665	2.219992	-0.001506	0.008758	0.002775	-46.881752	-69.686489	84.033103
37995	9.144475	-2.596049	2.166614	-0.000218	0.003973	0.007192	-46.884119	-69.682681	84.035802
37996	9.144048	-2.596985	2.167294	0.003431	0.009969	0.014051	-46.892933	-69.673651	84.046888
37997	9.129904	-2.613846	2.224330	0.003309	0.009519	0.011364	-46.891422	-69.665926	84.047607
37998	9.130007	-2.591067	2.200047	0.000843	0.006997	0.010084	-46.900891	-69.659717	84.057808
37999	9.116526	-2.584054	2.231732	-0.000150	0.008557	0.010457	-46.901486	-69.652748	84.058659
38000	9.120435	-2.615432	2.203467	0.002707	0.003427	0.006651	-46.910292	-69.649369	84.069289
38001	9.150183	-2.602359	2.193782	-0.001213	0.005535	0.007564	-46.911848	-69.644794	84.070516
38002	9.128610	-2.594136	2.202226	0.002827	0.003879	0.009336	-46.922918	-69.640111	84.083633
38003	9.127658	-2.618757	2.227768	0.002947	0.004332	0.012021	-46.928143	-69.634141	84.091316
38004	9.157304	-2.606025	2.218135	-0.002616	0.006037	0.009176	-46.939732	-69.628676	84.101658
38005	9.118702	-2.619653	2.205621	0.002004	0.001762	0.011814	-46.948167	-69.623797	84.112189
38006	9.135358	-2.598920	2.226794	0.002825	0.003881	0.009335	-46.959240	-69.619105	84.125306
38007	9.105561	-2.589716	2.212294	0.001832	0.005441	0.009708	-46.961402	-69.613668	84.129039
38008	9.135252	-2.576910	2.202619	0.002413	0.002823	0.010574	-46.975205	-69.608867	84.144815
38009	9.096091	-2.614021	2.215254	0.001712	0.004989	0.007022	-46.975115	-69.604731	84.146074
38010	9.117038	-2.623704	2.207685	-0.003149	0.004528	0.007728	-46.987191	-69.600453	84.156606
38011	9.104361	-2.592574	2.213883	0.002584	0.002976	0.003965	-46.985653	-69.598385	84.156853
38012	9.103688	-2.616278	2.239235	-0.000700	0.002166	-0.003551	-46.987143	-69.599751	84.157585
38013	9.120837	-2.594153	2.260043	-0.002292	-0.002370	-0.007889	-46.981962	-69.604739	84.150965
38014	9.104148	-2.615033	2.238818	-0.004346	-0.003833	-0.010408	-46.985094	-69.611317	84.151220
38015	9.113385	-2.591392	2.236045	-0.002893	-0.008465	-0.012600	-46.982168	-69.620660	84.146638
38016	9.105146	-2.612863	2.237295	-0.003014	-0.008917	-0.015286	-46.985140	-69.631265	84.147537
38017	9.149402	-2.582264	2.170124	-0.006763	-0.010485	-0.012269	-46.987057	-69.641259	84.145757
38018	9.136804	-2.573677	2.199962	-0.005410	-0.010687	-0.004586	-47.004687	-69.648071	84.160826
38019	9.170144	-2.637785	2.210569	-0.004571	0.000145	-0.003219	-47.002879	-69.650119	84.156412
38020	9.157796	-2.605908	2.216241	-0.001062	-0.003023	-0.002893	-47.011163	-69.653224	84.164167
38021	9.128987	-2.572179	2.175918	-0.000821	-0.002119	0.002478	-47.015766	-69.653769	84.168883
38022	9.119572	-2.618755	2.203090	0.000531	0.001511	0.001446	-47.022595	-69.653284	84.176058
38023	9.119514	-2.618843	2.203224	-0.000992	0.001560	0.000373	-47.020922	-69.653275	84.173974
38024	9.144660	-2.598416	2.247059	-0.001813	-0.000559	0.002852	-47.032928	-69.653005	84.185237
38025	9.128228	-2.596497	2.201028	0.002516	-0.001608	0.000699	-47.033170	-69.654096	84.187340
38026	9.128321	-2.596349	2.200817	-0.002586	-0.002974	-0.003965	-47.041176	-69.657624	84.193863
38027	9.127818	-2.619822	2.225860	0.002345	0.002070	-0.001405	-47.035140	-69.658161	84.189165
38028	9.120357	-2.594500	2.177798	0.002033	-0.003416	-0.010043	-47.034607	-69.664406	84.189403
38029	9.107024	-2.609429	2.233656	-0.000362	-0.001356	-0.008057	-47.026986	-69.669069	84.181362
38030	9.107928	-2.584750	2.208351	0.001912	-0.003867	-0.012729	-47.024208	-69.676613	84.179129
38031	9.137833	-2.593579	2.222860	-0.003481	-0.005841	-0.013469	-47.017733	-69.685297	84.170406
38032	9.129522	-2.614990	2.224550	0.000796	-0.002758	-0.015042	-47.011893	-69.693374	84.164227
38033	9.109393	-2.581015	2.206678	-0.001855	-0.014147	-0.013559	-47.013792	-69.705340	84.165426
38034	9.097101	-2.571611	2.236292	-0.006141	-0.013392	-0.020704	-47.018000	-69.719941	84.165723
38035	9.153426	-2.595949	2.187842	-0.006840	-0.015059	-0.015541	-47.021699	-69.733094	84.165797
38036	9.119958	-2.577647	2.225105	-0.009430	-0.018029	-0.019509	-47.034334	-69.749003	84.173069
38037	9.133898	-2.584024	2.192167	-0.011366	-0.019038	-0.019344	-47.041136	-69.765303	84.173685
38038	9.164792	-2.568820	2.180031	-0.008320	-0.019132	-0.017200	-47.056865	-69.780672	84.184931
38039	9.140350	-2.588082	2.134579	-0.007433	-0.012431	-0.016411	-47.057011	-69.793163	84.180857
38040	9.153182	-2.558332	2.208150	-0.003851	-0.011017	-0.012819	-47.065614	-69.803528	84.187235
38041	9.157965	-2.588142	2.178072	-0.007471	-0.012141	-0.007113	-47.075322	-69.812006	84.193326
38042	9.149689	-2.610144	2.179075	-0.001795	-0.009554	-0.010301	-47.083768	-69.820742	84.200791
38043	9.154545	-2.556124	2.205053	-0.003657	-0.005989	-0.006863	-47.084540	-69.826715	84.199688
38044	9.150813	-2.585196	2.152784	-0.002183	-0.001910	-0.005207	-47.089899	-69.830329	84.203627
38045	9.159683	-2.562165	2.150489	0.002394	-0.002055	-0.001990	-47.087886	-69.832722	84.203251
38046	9.151023	-2.584659	2.152537	0.001401	-0.000497	-0.001615	-47.093408	-69.834279	84.209548
38047	9.129239	-2.599497	2.185794	0.001066	0.003018	0.002896	-47.091549	-69.832643	84.208526
38048	9.120655	-2.538368	2.243623	-0.000533	-0.001509	-0.001448	-47.099527	-69.834523	84.216257
38049	9.167487	-2.586572	2.198758	0.001224	0.003181	-0.003718	-47.090366	-69.835598	84.207553
38050	9.158732	-2.609300	2.200933	-0.002217	-0.001624	0.004093	-47.105318	-69.835194	84.221685
38051	9.154908	-2.555161	2.204664	0.004452	-0.000594	0.000530	-47.103133	-69.835959	84.222383
38052	9.124866	-2.568936	2.215035	-0.000052	0.004127	0.000584	-47.106545	-69.834782	84.225544
38053	9.124822	-2.568992	2.215152	-0.001934	-0.001012	0.000167	-47.108113	-69.835863	84.226341
38054	9.146135	-2.577856	2.206951	-0.002058	-0.001461	-0.002520	-47.115762	-69.838163	84.232790
38055	9.146263	-2.577671	2.206635	-0.002999	-0.004031	-0.002729	-47.118317	-69.841636	84.233989
38056	9.116937	-2.567563	2.191160	-0.002414	-0.006648	-0.001865	-47.132802	-69.845680	84.247502
38057	9.129711	-2.598706	2.184760	-0.000908	-0.002855	-0.009509	-47.125613	-69.851542	84.239598
38058	9.168259	-2.585327	2.197000	-0.001547	-0.008654	-0.004928	-47.138655	-69.857651	84.252102
38059	9.147256	-2.575921	2.204564	-0.001777	-0.000849	-0.006447	-47.132919	-69.861445	84.245216
38060	9.177462	-2.561592	2.194110	-0.000199	-0.005023	-0.005959	-47.139941	-69.866568	84.252130
38061	9.147709	-2.574920	2.203851	-0.004118	-0.002921	-0.005041	-47.139414	-69.870579	84.249364
38062	9.126626	-2.565660	2.211581	-0.005111	-0.001364	-0.004665	-47.146434	-69.873731	84.253278
38063	9.148085	-2.574236	2.203092	-0.005059	-0.005490	-0.005250	-47.149170	-69.878832	84.253412
38064	9.140523	-2.549031	2.154624	-0.003711	-0.001860	-0.006280	-47.154237	-69.882851	84.256100
38065	9.139806	-2.596198	2.204240	-0.008394	-0.006006	-0.003468	-47.161372	-69.887404	84.258885
38066	9.157505	-2.550381	2.199407	-0.005772	-0.003319	-0.008801	-47.166619	-69.893050	84.260507
38067	9.140823	-2.571560	2.177913	-0.004474	-0.008107	-0.004388	-47.172946	-69.898807	84.264822
38068	9.170590	-2.581196	2.192124	-0.006054	-0.003932	-0.004875	-47.183238	-69.903040	84.271645
38069	9.124421	-2.592430	2.155603	-0.005135	-0.010061	-0.008525	-47.187792	-69.911297	84.273669
38070	9.150122	-2.570977	2.198431	-0.005848	-0.007890	-0.012076	-47.194862	-69.920095	84.277186
38071	9.134129	-2.567834	2.151528	-0.005390	-0.010953	-0.013902	-47.194866	-69.930960	84.274209
38072	9.151238	-2.568635	2.196521	-0.003637	-0.006261	-0.016171	-47.194436	-69.940843	84.271089
38073	9.164866	-2.575001	2.164579	-0.004119	-0.011893	-0.018207	-47.190196	-69.953883	84.264370
38074	9.144307	-2.564496	2.171604	-0.007229	-0.007669	-0.019766	-47.189602	-69.965824	84.258887
38075	9.136652	-2.561937	2.147842	-0.001120	-0.007861	-0.015478	-47.181899	-69.976147	84.250312
38076	9.183770	-2.548538	2.182890	-0.000438	-0.006183	-0.020646	-47.174750	-69.987878	84.241994
38077	9.137874	-2.558581	2.146643	0.001217	-0.005784	-0.016886	-47.161786	-69.997983	84.229247
38078	9.125434	-2.549229	2.177151	-0.001711	-0.005241	-0.016343	-47.158868	-70.007537	84.224656
38079	9.155555	-2.557620	2.191380	0.000275	-0.008351	-0.017098	-47.149161	-70.018730	84.214801
38080	9.177419	-2.564941	2.182604	-0.000720	-0.006794	-0.016721	-47.147048	-70.029045	84.211673
38081	9.157059	-2.530960	2.165027	0.000936	-0.006396	-0.012961	-47.139124	-70.037738	84.204120
38082	9.170159	-2.561235	2.158486	-0.006171	-0.004648	-0.016872	-47.137480	-70.047279	84.198168
38083	9.157680	-2.551946	2.189114	0.003678	-0.003256	-0.015609	-47.121496	-70.055859	84.183712
38084	9.149870	-2.549590	2.165719	-0.000999	-0.007408	-0.012795	-47.124449	-70.064762	84.185805
38085	9.158674	-2.549377	2.187951	0.000399	-0.007899	-0.014413	-47.116989	-70.074649	84.178420
38086	9.150990	-2.546903	2.164147	-0.000671	-0.010911	-0.017314	-47.118948	-70.086812	84.179655
38087	9.151654	-2.545366	2.163149	0.000856	-0.010957	-0.016243	-47.112790	-70.098659	84.173935
38088	9.181993	-2.553505	2.176770	-0.002278	-0.015427	-0.021666	-47.116218	-70.114408	84.175753
38089	9.131929	-2.533187	2.168626	0.001040	-0.014633	-0.014143	-47.116478	-70.126807	84.176970
38090	9.132722	-2.531659	2.167072	-0.002096	-0.019101	-0.019567	-47.126340	-70.143104	84.185741
38091	9.154938	-2.538810	2.156948	-0.000918	-0.024330	-0.017846	-47.135015	-70.160838	84.194712
38092	9.151628	-2.506465	2.183647	-0.000651	-0.023707	-0.021779	-47.147050	-70.179856	84.206674
38093	9.101628	-2.509687	2.199299	-0.005806	-0.033485	-0.021005	-47.165827	-70.202482	84.223403
38094	9.158481	-2.533298	2.148369	-0.007635	-0.042734	-0.022020	-47.203882	-70.229004	84.258765
38095	9.168287	-2.532365	2.167349	-0.007832	-0.039048	-0.024126	-47.227060	-70.255102	84.278931
38096	9.157214	-2.498656	2.169133	-0.008269	-0.048782	-0.026765	-47.267603	-70.285957	84.316540
38097	9.180184	-2.505230	2.156336	-0.013731	-0.046636	-0.026912	-47.300205	-70.316169	84.343119
38098	9.152090	-2.516930	2.161783	-0.016752	-0.050646	-0.029653	-47.344884	-70.348946	84.379949
38099	9.201124	-2.538646	2.085869	-0.014812	-0.062405	-0.034305	-47.388914	-70.388381	84.417992
38100	9.177621	-2.496597	2.117337	-0.015928	-0.052606	-0.032745	-47.432356	-70.423203	84.453997
38101	9.200680	-2.526416	2.128949	-0.013016	-0.053126	-0.033308	-47.465723	-70.458603	84.481799
38102	9.223887	-2.508707	2.090985	-0.015120	-0.041787	-0.031357	-47.497577	-70.488633	84.505987
38103	9.208450	-2.527883	2.066519	-0.011368	-0.031520	-0.030511	-47.507462	-70.514480	84.509870
38104	9.226769	-2.503686	2.084278	-0.004297	-0.029140	-0.026027	-47.523957	-70.537361	84.524339
38105	9.236410	-2.478643	2.079937	-0.008520	-0.015156	-0.025989	-47.517619	-70.554965	84.512746
38106	9.207388	-2.490754	2.089241	-0.000413	-0.005667	-0.017998	-47.512614	-70.565374	84.506772
38107	9.195113	-2.457658	2.095190	-0.000520	0.002557	-0.016802	-47.490531	-70.572239	84.483345
38108	9.216512	-2.465369	2.087536	0.003470	0.009384	-0.004533	-47.480031	-70.571135	84.473905
38109	9.224795	-2.489718	2.136406	0.005005	0.009337	-0.003464	-47.461299	-70.569739	84.457388
38110	9.207686	-2.511145	2.116691	0.001086	0.011416	-0.002524	-47.451929	-70.566999	84.447697
38111	9.194797	-2.455657	2.098921	0.001627	0.012917	-0.001071	-47.433486	-70.563202	84.429434
38112	9.185959	-2.502073	2.127333	0.006086	0.012339	-0.000558	-47.422303	-70.559273	84.420858
38113	9.177350	-2.500789	2.105509	0.003071	0.008322	-0.003294	-47.406094	-70.558193	84.405840
38114	9.164453	-2.492559	2.137510	0.004860	0.008903	-0.006159	-47.393566	-70.557954	84.395093
38115	9.190077	-2.507374	2.076215	0.001934	0.009434	-0.005604	-47.374144	-70.557414	84.375977
38116	9.168707	-2.498260	2.085346	0.006139	0.008229	-0.001156	-47.367184	-70.555323	84.371910
38117	9.177075	-2.498875	2.108977	0.003523	0.005274	-0.005132	-47.352338	-70.556195	84.358613
38118	9.194012	-2.476578	2.130362	0.002529	0.006823	-0.004749	-47.345174	-70.556163	84.352137
38119	9.168575	-2.497050	2.087373	0.002274	0.006195	-0.000815	-47.334693	-70.554857	84.342709
38120	9.185348	-2.498780	2.133831	0.004063	0.006776	-0.003679	-47.327875	-70.554390	84.337530
38121	9.176777	-2.497693	2.111669	0.005484	0.006539	0.004017	-47.320462	-70.550914	84.333308
38122	9.176547	-2.497975	2.112335	0.003552	0.005521	0.004188	-47.324078	-70.547617	84.338885
38123	9.171981	-2.467715	2.141989	0.001422	0.008181	0.002261	-47.315106	-70.544243	84.330540
38124	9.175986	-2.522486	2.138533	0.001961	0.001265	0.009150	-47.330148	-70.540507	84.347269
38125	9.205612	-2.485381	2.103420	-0.000170	0.003924	0.007223	-47.332616	-70.536697	84.350090
38126	9.175578	-2.500076	2.114059	0.000824	0.002376	0.006839	-47.344430	-70.533498	84.362705
38127	9.179426	-2.471214	2.166171	0.002358	0.002329	0.007909	-47.348101	-70.530017	84.368337
38128	9.153900	-2.492724	2.122391	-0.003382	-0.004836	0.007826	-47.371982	-70.529198	84.391196
38129	9.196429	-2.510703	2.105439	0.000793	-0.006289	0.002954	-47.381383	-70.531149	84.401956
38130	9.183620	-2.479600	2.111289	0.001818	0.000828	0.006456	-47.394017	-70.528703	84.416046
38131	9.166586	-2.501930	2.090266	-0.000998	-0.006868	0.005818	-47.408279	-70.529669	84.430873
38132	9.183549	-2.480339	2.110731	-0.001136	0.001111	-0.002310	-47.412645	-70.530809	84.434398
38133	9.162321	-2.471701	2.118643	0.000394	-0.007352	0.004194	-47.424909	-70.532647	84.447953
38134	9.209274	-2.519866	2.072629	0.000650	-0.006726	0.000261	-47.440414	-70.535738	84.464378
38135	9.183639	-2.504468	2.134520	-0.002926	0.000531	0.000554	-47.441180	-70.536055	84.463719
38136	9.213354	-2.490754	2.124132	-0.001648	-0.000142	0.005557	-47.455944	-70.534358	84.477962
38137	9.204801	-2.466660	2.076407	-0.004088	0.006005	0.008160	-47.459176	-70.529343	84.479212
38138	9.212815	-2.515861	2.149483	-0.002189	-0.001643	0.004104	-47.474434	-70.528841	84.493650
38139	9.174613	-2.481874	2.087082	0.000770	0.006490	0.007435	-47.473503	-70.523945	84.493437
38140	9.203982	-2.492182	2.102503	-0.005421	0.010793	0.003753	-47.475364	-70.518773	84.491702
38141	9.212076	-2.493840	2.126052	-0.004090	0.006006	0.008159	-47.478588	-70.513759	84.492943
38142	9.190442	-2.485849	2.134963	-0.000820	0.010652	0.006961	-47.481479	-70.507287	84.495096
38143	9.173034	-2.508356	2.115291	-0.001274	0.013703	0.008796	-47.474605	-70.499022	84.487335
38144	9.202379	-2.495194	2.105945	-0.001619	0.008526	0.009440	-47.483183	-70.492325	84.495037
38145	9.189138	-2.488154	2.137887	0.000571	0.010169	0.005337	-47.475689	-70.486890	84.487739
38146	9.171945	-2.486754	2.092990	-0.001221	0.009591	0.008199	-47.481396	-70.480304	84.492636
38147	9.192642	-2.520131	2.110706	0.001844	0.009497	0.010339	-47.479439	-70.473017	84.491988
38148	9.170934	-2.512010	2.120056	-0.000619	0.015397	0.003621	-47.472881	-70.466116	84.484238
38149	9.191786	-2.521233	2.113116	0.001108	0.011673	0.006788	-47.464886	-70.459485	84.476734
38150	9.161681	-2.512070	2.099587	0.004573	0.012643	0.007688	-47.463069	-70.451931	84.477170
38151	9.186560	-2.491815	2.144693	0.002844	0.016368	0.004519	-47.446034	-70.444439	84.461129
38152	9.160761	-2.512966	2.102527	0.002444	0.015306	0.005759	-47.440165	-70.436666	84.455970
38153	9.168889	-2.490554	2.101846	0.002304	0.014868	0.003066	-47.423656	-70.430366	84.440157
38154	9.176663	-2.515790	2.151143	-0.002417	0.014825	0.006479	-47.421933	-70.422475	84.436440
38155	9.176455	-2.492419	2.127286	0.002359	0.010753	0.002471	-47.409641	-70.418020	84.425135
38156	9.146297	-2.506813	2.138516	0.000164	0.009112	0.006572	-47.413306	-70.412303	84.428708
38157	9.184195	-2.494330	2.151887	-0.001907	0.007657	0.004049	-47.408854	-70.408382	84.423130
38158	9.167003	-2.516368	2.131857	-0.001107	0.009785	0.001569	-47.406981	-70.404512	84.420051
38159	9.175300	-2.493865	2.130573	0.000025	0.008674	0.003880	-47.400037	-70.400268	84.413002
38160	9.162101	-2.486471	2.162483	-0.002502	0.010272	0.003190	-47.400140	-70.395524	84.411174
38161	9.187436	-2.526032	2.126260	0.000425	0.009738	0.002639	-47.390361	-70.391390	84.401358
38162	9.166041	-2.493813	2.110385	0.002494	0.011194	0.005162	-47.388646	-70.385454	84.400638
38163	9.152646	-2.510083	2.167385	-0.001645	0.008284	0.000116	-47.379034	-70.382948	84.389739
38164	9.182220	-2.496407	2.157899	0.000160	0.009115	0.006571	-47.382635	-70.377224	84.393245
38165	9.127030	-2.507794	2.100042	0.000080	0.004557	0.003285	-47.379894	-70.374827	84.390690
38166	9.173195	-2.519981	2.161008	-0.000321	0.003494	0.004525	-47.388177	-70.372144	84.398874
38167	9.156307	-2.518305	2.115498	0.002606	0.002959	0.003975	-47.386629	-70.370076	84.399123
38168	9.202730	-2.506596	2.151377	-0.000458	0.003054	0.001833	-47.392568	-70.368696	84.404735
38169	9.172720	-2.520860	2.161997	0.001611	0.004510	0.004356	-47.390170	-70.365866	84.403476
38170	9.151268	-2.512369	2.170551	0.005533	0.002424	0.003426	-47.395134	-70.364056	84.411698
38171	9.181225	-2.474662	2.135685	0.000344	0.005183	-0.000647	-47.387229	-70.363075	84.403821
38172	9.193626	-2.530002	2.155002	0.000537	0.001504	0.001452	-47.393975	-70.362453	84.410898
38173	9.193772	-2.506316	2.130194	0.002469	0.002520	0.001283	-47.390097	-70.361691	84.408590
38174	9.176782	-2.528095	2.109622	0.003464	0.000969	0.000903	-47.395188	-70.361507	84.415691
38175	9.159417	-2.489830	2.169979	0.001875	0.005135	0.000424	-47.387626	-70.360092	84.409110
38176	9.201867	-2.507468	2.154048	0.002068	0.001456	0.002523	-47.394686	-70.359034	84.417454
38177	9.155204	-2.519575	2.118761	0.001474	0.004071	0.001664	-47.389960	-70.357509	84.413639
38178	9.184923	-2.505682	2.108989	0.003406	0.005088	0.001495	-47.390831	-70.355475	84.416227
38179	9.171579	-2.521952	2.165561	0.005667	0.002865	0.006118	-47.389967	-70.352540	84.419064
38180	9.192956	-2.507087	2.132804	0.005797	0.003049	-0.000506	-47.389690	-70.352139	84.421886
38181	9.171360	-2.521913	2.166532	0.006734	0.005617	-0.000295	-47.377999	-70.350840	84.413876
38182	9.171520	-2.497998	2.141978	0.003864	0.002033	-0.000337	-47.380195	-70.350760	84.418151
38183	9.184153	-2.529481	2.136321	0.004400	0.003537	0.001114	-47.373829	-70.349674	84.414374
38184	9.150083	-2.489057	2.150968	0.007728	0.004066	-0.000675	-47.371030	-70.348947	84.415697
38185	9.171345	-2.497603	2.143185	0.003328	0.000529	-0.001789	-47.365675	-70.350251	84.412342
38186	9.175693	-2.527991	2.114478	0.005395	0.001986	0.000734	-47.368180	-70.349736	84.417877
38187	9.166981	-2.466826	2.172410	0.006447	-0.003685	-0.000237	-47.367699	-70.352022	84.421595
38188	9.184084	-2.528726	2.137510	0.002333	0.002080	-0.001409	-47.369500	-70.352373	84.424521
38189	9.179687	-2.498078	2.166722	0.005394	0.001987	0.000733	-47.363981	-70.352049	84.422250
38190	9.171307	-2.497021	2.144028	0.001932	0.001017	-0.000169	-47.368599	-70.352288	84.427924
38191	9.171035	-2.520820	2.169181	0.003062	-0.000094	0.002143	-47.368404	-70.352177	84.429887
38192	9.158267	-2.489443	2.175268	0.004592	-0.000141	0.003214	-47.376522	-70.351436	84.440897
38193	9.154275	-2.519137	2.123289	-0.001338	-0.003632	0.001030	-47.381816	-70.353167	84.446012
38194	9.179511	-2.498600	2.166864	0.001666	0.000394	0.003763	-47.391557	-70.351984	84.456967
38195	9.175669	-2.504752	2.089949	0.003790	-0.002268	0.005695	-47.397371	-70.351218	84.465753
38196	9.183715	-2.529730	2.137908	-0.002525	0.001598	-0.000691	-47.403236	-70.351447	84.470045
38197	9.192258	-2.507095	2.135802	0.002660	-0.001157	0.003383	-47.405875	-70.351225	84.474772
38198	9.170901	-2.498531	2.144003	0.002067	0.001458	0.002522	-47.412753	-70.350152	84.482932
38199	9.170811	-2.498657	2.144242	0.002468	0.002521	0.001282	-47.408874	-70.349389	84.480622
38200	9.170768	-2.498689	2.144388	0.000000	-0.000000	0.000000	-47.415900	-70.349945	84.487684
38201	9.170708	-2.498815	2.144498	0.003598	0.001411	0.003593	-47.415196	-70.348638	84.489431
38202	9.183386	-2.530405	2.138524	0.006445	-0.003685	-0.000237	-47.422605	-70.350721	84.500822
38203	9.153782	-2.520627	2.123644	-0.001395	0.000488	0.001620	-47.423709	-70.350604	84.501453
38204	9.157514	-2.514870	2.200556	0.002926	-0.000535	-0.000549	-47.429066	-70.351595	84.508524
38205	9.179291	-2.476091	2.142333	0.000000	-0.000000	0.000000	-47.428189	-70.352351	84.507899
38206	9.170452	-2.522634	2.169537	0.001531	-0.000047	0.001071	-47.435500	-70.352467	84.516199
38207	9.153743	-2.520702	2.123725	0.001531	-0.000047	0.001071	-47.434964	-70.352789	84.516868
38208	9.140793	-2.513071	2.154642	0.001723	-0.003725	0.003172	-47.448780	-70.353440	84.532192
38209	9.213208	-2.516872	2.127927	-0.000401	-0.001063	0.001240	-47.450737	-70.354084	84.534333
38210	9.162365	-2.498333	2.120974	0.002581	-0.005718	0.000101	-47.463071	-70.356801	84.548607
38211	9.170755	-2.499341	2.143684	0.001531	-0.000047	0.001071	-47.462535	-70.357123	84.549277
38212	9.191968	-2.508319	2.135612	0.001666	0.000395	0.003762	-47.472121	-70.355926	84.560077
38213	9.170631	-2.499654	2.143849	0.001932	0.001017	-0.000169	-47.468752	-70.356360	84.557982
38214	9.170588	-2.499687	2.143996	0.000536	0.001505	0.001451	-47.475145	-70.355708	84.564707
38215	9.191754	-2.508784	2.135989	0.000270	0.000884	0.005382	-47.478909	-70.353849	84.569174
38216	9.170616	-2.476611	2.119081	0.002660	-0.001156	0.003383	-47.489309	-70.353412	84.581446
38217	9.170280	-2.500615	2.144229	0.003597	0.001412	0.003593	-47.488599	-70.352104	84.583188
38218	9.161605	-2.523583	2.146480	-0.001395	0.000489	0.001620	-47.497445	-70.351775	84.591343
38219	9.174726	-2.507931	2.090275	-0.002198	-0.001638	0.004101	-47.504213	-70.351432	84.597500
38220	9.191651	-2.486298	2.110954	0.001395	-0.000489	-0.001620	-47.509093	-70.352850	84.603143
38221	9.191142	-2.533705	2.161238	-0.001587	0.004166	-0.000481	-47.503676	-70.352196	84.596732
38222	9.178388	-2.502278	2.167380	0.002659	-0.001156	0.003382	-47.514028	-70.351759	84.608955
38223	9.169956	-2.501557	2.144518	-0.000859	0.001994	0.003071	-47.514615	-70.350446	84.609363
38224	9.161525	-2.500708	2.121804	0.000938	0.002568	0.000210	-47.518083	-70.349906	84.613231
38225	9.186765	-2.480013	2.165591	-0.000401	-0.001063	0.001240	-47.520041	-70.350549	84.615373
38226	9.148509	-2.493063	2.153020	0.002468	0.002521	0.001281	-47.523824	-70.349575	84.620508
38227	9.169716	-2.501982	2.145048	-0.001395	0.000489	0.001620	-47.524927	-70.349457	84.621138
38228	9.190949	-2.510836	2.137041	-0.000593	0.002615	-0.000861	-47.528009	-70.349351	84.623668
38229	9.178189	-2.479403	2.143223	-0.000859	0.001994	0.003071	-47.528595	-70.348038	84.624074
38230	9.199113	-2.512224	2.160261	0.000135	0.000442	0.002691	-47.537657	-70.347272	84.633398
38231	9.139806	-2.492873	2.130704	0.000135	0.000442	0.002691	-47.539098	-70.346720	84.635317
38232	9.169374	-2.502915	2.145419	-0.000803	-0.002126	0.002481	-47.551487	-70.347034	84.647605
38233	9.190564	-2.511955	2.137382	-0.001452	0.004609	0.002210	-47.548384	-70.345074	84.643734
38234	9.169169	-2.503304	2.145844	0.002468	0.002521	0.001281	-47.552078	-70.344098	84.648781
38235	9.169164	-2.503238	2.145940	-0.004591	0.000140	-0.003213	-47.550191	-70.346159	84.644291
38236	9.169101	-2.503473	2.145938	-0.001127	0.001373	0.007002	-47.563476	-70.343207	84.657336
38237	9.160315	-2.526645	2.148383	0.000480	0.005625	0.002040	-47.557879	-70.340926	84.651992
38238	9.198369	-2.513907	2.161470	0.001072	0.003010	0.002901	-47.563505	-70.339073	84.658244
38239	9.168897	-2.480563	2.121894	-0.000458	0.003057	0.001830	-47.561258	-70.337873	84.655886
38240	9.181164	-2.536106	2.141309	0.000078	0.004562	0.003280	-47.566004	-70.335261	84.660600
38241	9.176989	-2.481948	2.145416	-0.002524	0.001599	-0.000692	-47.563938	-70.335691	84.657178
38242	9.189562	-2.513707	2.139628	-0.000324	0.003500	0.004521	-47.571493	-70.332965	84.664631
38243	9.146853	-2.496522	2.156047	-0.001262	0.000931	0.004310	-47.574905	-70.331538	84.667794
38244	9.197685	-2.515288	2.162777	0.002926	-0.000536	-0.000548	-47.579867	-70.332514	84.674473
38245	9.176644	-2.482792	2.145913	-0.002390	0.002041	0.001999	-47.580112	-70.331636	84.673586
38246	9.155018	-2.497917	2.179227	0.000536	0.001505	0.001451	-47.586164	-70.330978	84.679971
38247	9.180570	-2.537484	2.142224	-0.001798	-0.000574	0.002860	-47.590095	-70.330746	84.683358
38248	9.176403	-2.483478	2.146154	-0.003384	0.003594	0.002378	-47.596901	-70.328885	84.688160
38249	9.188971	-2.515238	2.140365	0.000536	0.001505	0.001451	-47.595510	-70.328446	84.687316
38250	9.175980	-2.507530	2.171501	0.001530	-0.000047	0.001071	-47.602374	-70.328545	84.695171
38251	9.171947	-2.537131	2.119778	-0.003518	0.003152	-0.000313	-47.599452	-70.328216	84.690234
38252	9.167792	-2.483001	2.123817	-0.000860	0.001995	0.003070	-47.607410	-70.326679	84.697799
38253	9.167409	-2.506998	2.149046	0.002066	0.001458	0.002522	-47.606356	-70.325805	84.698243
38254	9.167341	-2.507120	2.149198	-0.000994	0.001552	0.000379	-47.611985	-70.325579	84.703253
38255	9.167259	-2.507298	2.149337	-0.000860	0.001995	0.003070	-47.612564	-70.324265	84.703652
38256	9.180086	-2.515377	2.118486	0.003596	0.001411	0.003593	-47.619178	-70.322732	84.712504
38257	9.175398	-2.508701	2.172607	-0.002524	0.001599	-0.000692	-47.617115	-70.323164	84.709084
38258	9.179984	-2.515583	2.118684	-0.001396	0.000490	0.001619	-47.625528	-70.322821	84.716809
38259	9.196595	-2.517652	2.164657	-0.000592	0.002615	-0.000861	-47.620973	-70.322932	84.711919
38260	9.166963	-2.507860	2.149943	-0.002926	0.000537	0.000548	-47.629032	-70.323024	84.718338
38261	9.175533	-2.485258	2.147810	-0.001396	0.000490	0.001619	-47.630132	-70.322906	84.718965
38262	9.166874	-2.508184	2.149946	-0.001396	0.000490	0.001619	-47.638502	-70.322564	84.726647
38263	9.145518	-2.499552	2.158198	-0.000458	0.003058	0.001830	-47.636251	-70.321365	84.724285
38264	9.166677	-2.508601	2.150300	-0.000861	0.001995	0.003070	-47.644072	-70.319825	84.731713
38265	9.187845	-2.517678	2.142332	-0.002391	0.002042	0.001998	-47.644313	-70.318947	84.730821
38266	9.153560	-2.501217	2.181566	0.001530	-0.000047	0.001071	-47.651003	-70.319041	84.738504
38267	9.183368	-2.487525	2.171373	-0.001263	0.000932	0.004310	-47.654406	-70.317613	84.741657
38268	9.157745	-2.532251	2.152737	0.001530	-0.000047	0.001071	-47.661063	-70.317705	84.749308
38269	9.183296	-2.487708	2.171471	-0.001127	0.001110	-0.002312	-47.657033	-70.319012	84.744650
38270	9.158066	-2.508307	2.127757	-0.001530	0.000047	-0.001071	-47.662994	-70.319973	84.749702
38271	9.187712	-2.518035	2.142482	-0.000536	-0.001505	-0.001451	-47.662652	-70.321925	84.749320
38272	9.166450	-2.509192	2.150577	-0.000994	0.001553	0.000379	-47.668071	-70.321691	84.754124
38273	9.157853	-2.531905	2.152683	-0.000536	-0.001505	-0.001451	-47.667729	-70.323642	84.753742
38274	9.196041	-2.519008	2.165435	-0.000458	0.003058	0.001830	-47.672603	-70.322211	84.758295
38275	9.174971	-2.486619	2.148635	-0.001397	0.000490	0.001619	-47.673704	-70.322093	84.758921
38276	9.174658	-2.510466	2.173691	0.000000	0.000000	0.000000	-47.679937	-70.322616	84.765198
38277	9.187631	-2.518237	2.142592	0.000994	-0.001553	-0.000379	-47.679932	-70.324132	84.766105
38278	9.187652	-2.518209	2.142533	0.000000	-0.000000	0.000000	-47.686142	-70.324653	84.772360
38279	9.179358	-2.517198	2.119475	-0.000938	-0.002568	-0.000210	-47.688630	-70.326490	84.774738
38280	9.179405	-2.517232	2.119232	0.000592	-0.002616	0.000861	-47.698515	-70.327655	84.785257
38281	9.166126	-2.533348	2.175323	0.003595	0.001411	0.003593	-47.697793	-70.326345	84.786985
38282	9.166365	-2.509685	2.150364	-0.001530	0.000047	-0.001071	-47.703635	-70.327300	84.791921
38283	9.179353	-2.517364	2.119301	0.001397	-0.000490	-0.001619	-47.700804	-70.328932	84.790071
38284	9.166412	-2.509567	2.150300	0.001127	-0.001110	0.002312	-47.710126	-70.328899	84.800322
38285	9.166096	-2.533450	2.175334	0.001530	-0.000047	0.001071	-47.709596	-70.329220	84.800996
38286	9.166391	-2.509698	2.150239	0.000994	-0.001553	-0.000379	-47.716595	-70.330495	84.808700
38287	9.187686	-2.518483	2.142067	0.000000	0.000000	0.000000	-47.715730	-70.331252	84.808089
38288	9.166404	-2.509642	2.150251	0.001932	0.001016	-0.000169	-47.719352	-70.331447	84.812779
38289	9.174780	-2.510497	2.173140	-0.003595	-0.001411	-0.003593	-47.718346	-70.334271	84.809830
38290	9.171125	-2.516186	2.096149	0.001530	-0.000047	0.001071	-47.724771	-70.334348	84.817255
38291	9.196327	-2.495459	2.140141	0.000346	0.005184	-0.000651	-47.716857	-70.333382	84.809369
38292	9.157757	-2.532195	2.152750	-0.001397	0.000490	0.001619	-47.724898	-70.333023	84.816729
38293	9.161996	-2.478961	2.179617	0.001932	0.001016	-0.000169	-47.721539	-70.333459	84.814645
38294	9.187600	-2.518293	2.142660	0.000000	0.000000	0.000000	-47.727586	-70.333973	84.820740
38295	9.157714	-2.532227	2.152896	0.000000	0.000000	0.000000	-47.726721	-70.334729	84.820129
38296	9.179280	-2.517350	2.119636	0.002122	-0.002663	0.001933	-47.736777	-70.335447	84.831774
38297	9.174624	-2.510682	2.173585	0.000536	0.001505	0.001450	-47.735383	-70.335009	84.830928
38298	9.196122	-2.495825	2.140596	-0.003518	0.003152	-0.000313	-47.739328	-70.334437	84.832653
38299	9.196117	-2.495759	2.140692	0.001397	-0.000490	-0.001619	-47.736499	-70.336069	84.830806
38300	9.174546	-2.510673	2.173928	0.000536	0.001505	0.001450	-47.741953	-70.335386	84.836603
38301	9.187402	-2.518687	2.143044	-0.000861	0.001995	0.003070	-47.742524	-70.334072	84.836992
38302	9.187641	-2.495110	2.118001	-0.001932	-0.001016	0.000169	-47.750977	-70.334902	84.844475
38303	9.166086	-2.510081	2.151094	-0.000000	0.000000	0.000000	-47.750113	-70.335659	84.843865
38304	9.195968	-2.496082	2.140955	-0.002121	0.002663	-0.001933	-47.752024	-70.335964	84.844286
38305	9.174629	-2.487330	2.149271	0.003595	0.001411	0.003593	-47.751299	-70.334653	84.846011
38306	9.149038	-2.531969	2.130587	0.000592	-0.002616	0.000861	-47.760906	-70.335808	84.856257
38307	9.195823	-2.496425	2.141180	-0.000458	0.003058	0.001829	-47.758647	-70.334611	84.853886
38308	9.174425	-2.487822	2.149576	0.001071	0.003011	0.002901	-47.763479	-70.332733	84.859356
38309	9.186990	-2.519592	2.143747	-0.001397	0.000490	0.001619	-47.764579	-70.332614	84.859981
38310	9.165682	-2.510838	2.151932	0.001932	0.001016	-0.000169	-47.767955	-70.332807	84.864429
38311	9.186925	-2.519653	2.143953	-0.000994	0.001553	0.000379	-47.766226	-70.332805	84.862296
38312	9.148980	-2.508816	2.106330	0.001932	0.001016	-0.000169	-47.769580	-70.332997	84.866724
38313	9.195129	-2.520751	2.167278	-0.001453	0.004611	0.002208	-47.766456	-70.331041	84.862829
38314	9.165440	-2.511009	2.152760	-0.000592	0.002616	-0.000861	-47.768592	-70.330910	84.864428
38315	9.173716	-2.512076	2.175808	-0.001397	0.000490	0.001619	-47.769692	-70.330791	84.865053
38316	9.174268	-2.464621	2.125819	-0.000592	0.002616	-0.000861	-47.771801	-70.330659	84.866627
38317	9.165030	-2.534815	2.178232	0.001932	0.001016	-0.000168	-47.768444	-70.331096	84.864545
38318	9.165562	-2.487364	2.128330	-0.000459	0.003059	0.001829	-47.772824	-70.329651	84.868613
38319	9.165164	-2.511265	2.153635	-0.001988	0.003106	0.000758	-47.770231	-70.328890	84.864956
38320	9.182003	-2.489743	2.174602	0.001662	0.000396	0.003762	-47.778615	-70.327652	84.874568
38321	9.165053	-2.511569	2.153755	-0.000535	-0.001506	-0.001450	-47.778284	-70.329604	84.874199
38322	9.152412	-2.479915	2.159774	-0.000592	0.002616	-0.000861	-47.780316	-70.329471	84.875696
38323	9.165311	-2.487719	2.128997	0.002468	0.002521	0.001282	-47.776428	-70.328713	84.873376
38324	9.152274	-2.480006	2.160254	0.000535	0.001506	0.001450	-47.781594	-70.328028	84.878890
38325	9.173186	-2.512704	2.177315	0.003059	-0.000094	0.002143	-47.781400	-70.327911	84.880852
38326	9.173139	-2.512797	2.177408	-0.000994	0.001553	0.000379	-47.786201	-70.327661	84.885051
38327	9.173104	-2.512858	2.177483	0.001529	-0.000047	0.001072	-47.785673	-70.327981	84.885728
38328	9.177729	-2.519682	2.123575	-0.002524	0.001600	-0.000693	-47.790112	-70.328165	84.888615
38329	9.173078	-2.512821	2.177638	0.000403	0.001063	-0.001240	-47.786423	-70.329039	84.885249
38330	9.156501	-2.510771	2.131585	-0.000346	-0.005184	0.000651	-47.799096	-70.331263	84.898206
38331	9.177801	-2.519778	2.123149	0.000724	-0.002173	0.003552	-47.804224	-70.331348	84.904400
38332	9.160485	-2.481514	2.183061	0.000403	0.001063	-0.001240	-47.806999	-70.331970	84.907302
38333	9.186108	-2.520760	2.146152	0.000403	0.001063	-0.001240	-47.803310	-70.332844	84.903936
38334	9.164855	-2.511914	2.154197	0.000591	-0.002616	0.000861	-47.812581	-70.333989	84.913855
38335	9.173157	-2.512957	2.177146	0.000938	0.002569	0.000210	-47.808358	-70.333668	84.910249
38336	9.173451	-2.489175	2.152162	0.000994	-0.001553	-0.000379	-47.814775	-70.334927	84.917384
38337	9.181711	-2.490274	2.175228	-0.001453	0.004612	0.002208	-47.811645	-70.332972	84.913483
38338	9.181646	-2.490359	2.175405	-0.001529	0.000047	-0.001072	-47.816830	-70.333911	84.917778
38339	9.164751	-2.511969	2.154573	0.001397	-0.000490	-0.001619	-47.814008	-70.335543	84.915939
38340	9.194615	-2.498171	2.144328	0.001259	-0.000667	0.005002	-47.824956	-70.334177	84.928054
38341	9.177600	-2.520209	2.123509	-0.001397	0.000490	0.001619	-47.826056	-70.334057	84.928679
38342	9.164915	-2.488797	2.129440	-0.000403	-0.001063	0.001240	-47.834357	-70.334441	84.936972
38343	9.177565	-2.520420	2.123406	-0.000000	0.000000	0.000000	-47.833497	-70.335197	84.936365
38344	9.164602	-2.512673	2.154387	-0.000403	-0.001063	0.001240	-47.841781	-70.335582	84.944644
38345	9.164632	-2.512674	2.154258	-0.000535	-0.001506	-0.001450	-47.841456	-70.337534	84.944281
38346	9.177638	-2.520388	2.123129	-0.001529	0.000047	-0.001072	-47.846557	-70.338471	84.948488
38347	9.185997	-2.521344	2.145944	0.003518	-0.003153	0.000314	-47.847769	-70.340307	84.952222
38348	9.173411	-2.489636	2.151802	-0.000133	-0.000443	-0.002690	-47.850894	-70.342121	84.955188
38349	9.164868	-2.512135	2.153881	-0.000133	-0.000443	-0.002690	-47.847741	-70.344190	84.952066
38350	9.164911	-2.511952	2.153913	0.000403	0.001063	-0.001240	-47.850304	-70.344809	84.954765
38351	9.156650	-2.510853	2.130847	0.000056	-0.004121	-0.000589	-47.853680	-70.347400	84.958691
38352	9.194920	-2.497939	2.143291	-0.001932	-0.001016	0.000169	-47.861551	-70.348218	84.965605
38353	9.173689	-2.489089	2.151250	-0.000535	-0.001506	-0.001450	-47.861228	-70.350170	84.965244
38354	9.165118	-2.511739	2.153280	-0.001530	0.000047	-0.001072	-47.866244	-70.351107	84.969372
38355	9.157100	-2.486973	2.105295	0.001530	-0.000047	0.001072	-47.865718	-70.351427	84.970051
38356	9.165101	-2.511833	2.153244	-0.000403	-0.001063	0.001240	-47.873878	-70.351809	84.978208
38357	9.173715	-2.489150	2.151067	0.000000	-0.000000	0.000000	-47.873019	-70.352566	84.977603
38358	9.173440	-2.512815	2.176116	0.001397	-0.000490	-0.001619	-47.876364	-70.353942	84.981742
38359	9.182062	-2.490011	2.174047	-0.000994	0.001553	0.000379	-47.874634	-70.353941	84.979607
38360	9.152114	-2.504025	2.184410	0.000535	0.001506	0.001450	-47.879371	-70.353245	84.984702
38361	9.164971	-2.511953	2.153654	0.001473	0.004074	0.001661	-47.874605	-70.351730	84.980846
38362	9.185900	-2.544431	2.170901	-0.000724	0.002173	-0.003552	-47.873857	-70.352900	84.979355
38363	9.173546	-2.489115	2.151827	0.000724	-0.002173	0.003552	-47.878993	-70.352982	84.985556
38364	9.186513	-2.496927	2.120749	0.001800	0.000573	-0.002859	-47.879426	-70.354471	84.986857
38365	9.177920	-2.519431	2.123046	0.002335	0.002078	-0.001409	-47.873239	-70.355028	84.982015
38366	9.173570	-2.488700	2.152207	0.002335	0.002078	-0.001409	-47.873119	-70.355323	84.983057
38367	9.186214	-2.520143	2.146424	0.001932	0.001016	-0.000169	-47.869762	-70.355761	84.980975
38368	9.181866	-2.489500	2.175458	0.000403	0.001063	-0.001240	-47.872116	-70.356375	84.983468
38369	9.186192	-2.519996	2.146691	0.003462	0.000969	0.000903	-47.869093	-70.356376	84.982671
38370	9.173464	-2.488405	2.152997	0.000346	0.005184	-0.000652	-47.867180	-70.355155	84.980601
38371	9.173391	-2.488461	2.153244	-0.001397	0.000490	0.001619	-47.868281	-70.355035	84.981228
38372	9.194590	-2.497396	2.145338	-0.000056	0.004122	0.000589	-47.869173	-70.353696	84.981893
38373	9.194538	-2.497424	2.145527	0.000000	0.000000	0.000000	-47.868314	-70.354453	84.981288
38374	9.164945	-2.487532	2.130788	-0.002121	0.002663	-0.001933	-47.869385	-70.354747	84.980891
38375	9.181543	-2.489510	2.176810	-0.000994	0.001553	0.000378	-47.867655	-70.354746	84.978756
38376	9.164903	-2.487460	2.131055	0.000403	0.001063	-0.001240	-47.869906	-70.355362	84.981156
38377	9.194188	-2.520850	2.171151	-0.001718	0.003726	-0.003174	-47.862178	-70.356035	84.972213
38378	9.177559	-2.518550	2.125653	0.000214	0.004742	-0.003342	-47.857872	-70.356129	84.967522
38379	9.181425	-2.489004	2.177885	0.002599	0.002965	0.003972	-47.856273	-70.354058	84.967712
38380	9.156092	-2.509854	2.134419	-0.000592	0.002616	-0.000862	-47.857606	-70.353916	84.968535
38381	9.164383	-2.510828	2.157466	-0.000000	0.000000	0.000000	-47.856746	-70.354672	84.967929
38382	9.194257	-2.496929	2.147307	-0.000994	0.001553	0.000378	-47.860891	-70.354411	84.971503
38383	9.185911	-2.495916	2.124544	-0.000592	0.002616	-0.000862	-47.856330	-70.354528	84.966607
38384	9.151359	-2.502920	2.188833	0.001397	-0.000490	-0.001619	-47.859366	-70.355902	84.970435
38385	9.177320	-2.518444	2.126810	-0.002524	0.001600	-0.000694	-47.857301	-70.356337	84.967015
38386	9.186225	-2.471975	2.099691	0.001529	-0.000047	0.001072	-47.862606	-70.356396	84.973325
38387	9.164266	-2.510662	2.158158	0.000346	0.005185	-0.000652	-47.854676	-70.355436	84.965421
38388	9.185480	-2.519539	2.150269	0.001127	-0.001110	0.002312	-47.862797	-70.355379	84.974490
38389	9.164124	-2.510966	2.158407	-0.000863	0.001996	0.003069	-47.863361	-70.354064	84.974871
38390	9.177012	-2.519015	2.127463	-0.001397	0.000490	0.001618	-47.870250	-70.353685	84.981098
38391	9.172597	-2.488612	2.156452	0.000535	0.001506	0.001450	-47.868854	-70.353246	84.980248
38392	9.172494	-2.488818	2.156651	-0.003386	0.003597	0.002375	-47.873985	-70.351352	84.983404
38393	9.155489	-2.510880	2.135796	-0.001209	-0.003189	0.003720	-47.881619	-70.351752	84.991082
38394	9.193672	-2.498249	2.148279	0.003650	-0.002711	0.003006	-47.890883	-70.352013	85.002919
38395	9.176669	-2.520226	2.127507	-0.003386	0.003597	0.002375	-47.890239	-70.350378	85.000482
38396	9.154997	-2.535275	2.160849	0.001932	0.001016	-0.000168	-47.892615	-70.350556	85.003952
38397	9.155271	-2.511554	2.135940	0.000535	0.001506	0.001450	-47.891219	-70.350117	85.003101
38398	9.172128	-2.489943	2.156907	0.000535	0.001506	0.001450	-47.895535	-70.349417	85.007797
38399	9.193333	-2.498948	2.148913	0.000132	0.000443	0.002690	-47.896968	-70.348860	85.009707
38400	9.206253	-2.506848	2.118020	-0.000591	0.002616	-0.000862	-47.898096	-70.348716	85.010320
38401	9.146477	-2.534473	2.138586	0.000271	0.000620	-0.003930	-47.892116	-70.350905	85.004443
38402	9.185012	-2.497603	2.126447	0.005393	0.001984	0.000736	-47.892274	-70.350326	85.007679
38403	9.163686	-2.488725	2.134808	-0.000592	0.002616	-0.000862	-47.887713	-70.350444	85.002784
38404	9.184584	-2.521169	2.152184	0.000749	0.006248	-0.001892	-47.882608	-70.349345	84.997600
38405	9.150577	-2.480628	2.166720	0.001340	0.003632	-0.001030	-47.875550	-70.349143	84.991228
38406	9.176125	-2.520003	2.130116	0.001472	0.004076	0.001660	-47.876417	-70.347369	84.992833
38407	9.179942	-2.490453	2.182477	0.002278	0.006202	-0.000820	-47.865992	-70.346090	84.983456
38408	9.162922	-2.512031	2.162267	0.000748	0.006249	-0.001893	-47.860842	-70.344989	84.978227
38409	9.171443	-2.489131	2.160756	0.002277	0.006202	-0.000821	-47.850418	-70.343709	84.968852
38410	9.170941	-2.512906	2.186522	0.001413	0.008199	0.002247	-47.847004	-70.340099	84.965892
38411	9.162775	-2.488326	2.139179	0.000476	0.005630	0.002037	-47.841372	-70.337825	84.960509
38412	9.162595	-2.488475	2.139778	0.002408	0.006646	0.001869	-47.838805	-70.334971	84.959025
38413	9.187303	-2.491612	2.209142	0.001471	0.004076	0.001660	-47.834045	-70.333454	84.955172
38414	9.161946	-2.512552	2.165793	0.000073	0.004567	0.003277	-47.836772	-70.330801	84.957891
38415	9.145225	-2.510778	2.120252	-0.000461	0.003060	0.001827	-47.834507	-70.329604	84.955513
38416	9.200166	-2.476398	2.154232	-0.000922	0.006121	0.003655	-47.836348	-70.326194	84.956730
38417	9.144526	-2.535272	2.145973	-0.000142	-0.000176	0.006621	-47.842901	-70.324206	84.963910
38418	9.169928	-2.491191	2.164807	-0.000461	0.003061	0.001827	-47.846125	-70.322747	84.966818
38419	9.152916	-2.513045	2.144261	0.002465	0.002523	0.001282	-47.842236	-70.321989	84.964496
38420	9.182372	-2.523057	2.159402	-0.003388	0.003599	0.002372	-47.847063	-70.320093	84.967406
38421	9.161310	-2.490843	2.142521	0.001255	-0.000666	0.005003	-47.851655	-70.318980	84.973354
38422	9.169135	-2.515904	2.190645	-0.000461	0.003061	0.001827	-47.854831	-70.317521	84.976173
38423	9.169388	-2.492366	2.165741	0.000130	0.000444	0.002690	-47.856263	-70.316964	84.978080
38424	9.168988	-2.516269	2.190840	0.001528	-0.000047	0.001073	-47.861163	-70.317019	84.984008
38425	9.182307	-2.500492	2.134717	-0.003330	-0.000525	0.001785	-47.864755	-70.317218	84.986104
38426	9.182265	-2.500699	2.134656	-0.001398	0.000491	0.001617	-47.871254	-70.316834	84.991981
38427	9.160894	-2.492169	2.142759	-0.001268	0.000935	0.004307	-47.874641	-70.315401	84.995113
38428	9.177763	-2.470709	2.163474	-0.003864	-0.002031	0.000335	-47.884152	-70.316532	85.002646
38429	9.190409	-2.502642	2.157106	-0.002018	-0.005315	0.006200	-47.897427	-70.316694	85.015823
38430	9.169096	-2.494301	2.164749	-0.001211	-0.003189	0.003720	-47.910403	-70.316832	85.028699
38431	9.152148	-2.516453	2.143544	-0.001615	-0.004251	0.004960	-47.920851	-70.317112	85.039120
38432	9.173359	-2.525837	2.135114	-0.001081	-0.002745	0.006410	-47.936089	-70.315933	85.054433
38433	9.181902	-2.503588	2.132829	-0.000274	-0.000619	0.003930	-47.940344	-70.315255	85.059093
38434	9.168847	-2.496106	2.163724	0.000721	-0.002173	0.003552	-47.950788	-70.315071	85.070424
38435	9.168444	-2.520290	2.188493	-0.000087	-0.004298	0.006032	-47.961566	-70.314910	85.082125
38436	9.151815	-2.518626	2.142415	-0.001398	0.000492	0.001617	-47.967959	-70.314524	85.087872
38437	9.194683	-2.512822	2.101048	-0.001212	-0.003188	0.003720	-47.975581	-70.314920	85.095537
38438	9.168689	-2.497423	2.162871	-0.000404	-0.001063	0.001240	-47.982840	-70.315292	85.102861
38439	9.169014	-2.473798	2.137795	0.003057	-0.000095	0.002145	-47.982648	-70.315172	85.104824
38440	9.160329	-2.496693	2.139907	0.001125	-0.001110	0.002312	-47.990204	-70.315109	85.113383
38441	9.176859	-2.498945	2.185733	0.002653	-0.001158	0.003384	-47.992837	-70.314868	85.118101
38442	9.159845	-2.520945	2.164927	0.001659	0.000397	0.003762	-47.999823	-70.313608	85.126335
38443	9.189718	-2.507296	2.154647	-0.002336	-0.002078	0.001408	-48.004291	-70.314562	85.129965
38444	9.151535	-2.520234	2.141717	0.000994	-0.001554	-0.000378	-48.009519	-70.315809	85.135855
38445	9.172810	-2.529076	2.133638	-0.000994	0.001554	0.000378	-48.007792	-70.315809	85.133722
38446	9.189744	-2.507358	2.154463	0.000994	-0.001554	-0.000378	-48.013005	-70.317060	85.139763
38447	9.168456	-2.498549	2.162559	0.000534	0.001507	0.001450	-48.011607	-70.316621	85.138911
38448	9.159799	-2.521316	2.164692	0.000994	-0.001554	-0.000378	-48.016800	-70.317871	85.144913
38449	9.190035	-2.483773	2.129490	0.003591	0.001412	0.003594	-48.016061	-70.316556	85.146621
38450	9.172632	-2.529522	2.133873	0.001658	0.000397	0.003762	-48.022961	-70.315297	85.154887
38451	9.155585	-2.467561	2.168875	-0.003517	0.003156	-0.000317	-48.020027	-70.314979	85.149939
38452	9.159838	-2.498361	2.140059	0.001254	-0.000666	0.005002	-48.029749	-70.313594	85.160823
38453	9.176295	-2.500796	2.185983	0.003187	0.000350	0.004834	-48.031833	-70.312158	85.165283
38454	9.180855	-2.507980	2.132177	0.000664	0.001951	0.004139	-48.037807	-70.310140	85.171831
38455	9.188621	-2.533167	2.180362	-0.002263	0.002491	0.004684	-48.040302	-70.307947	85.173411
38456	9.159249	-2.500070	2.140584	0.001788	0.000842	0.006451	-48.049415	-70.305365	85.183905
38457	9.159019	-2.500650	2.140894	0.001732	0.004966	0.007038	-48.049193	-70.301220	85.185030
38458	9.188363	-2.511156	2.155930	-0.002078	-0.001187	0.006786	-48.063278	-70.299275	85.198641
38459	9.184136	-2.457699	2.159924	0.002985	0.004301	0.012039	-48.068472	-70.293253	85.206281
38460	9.187505	-2.513560	2.156785	-0.002537	0.010842	0.021783	-48.084468	-70.280309	85.221324
38461	9.157122	-2.505887	2.142884	-0.000882	0.011242	0.025543	-48.098020	-70.265872	85.235491
38462	9.168823	-2.539741	2.138103	-0.001069	0.014923	0.023438	-48.110053	-70.250661	85.247555
38463	9.133674	-2.525232	2.178367	0.002038	0.010706	0.024995	-48.121945	-70.236661	85.261740
38464	9.222257	-2.509534	2.174063	-0.001201	0.014483	0.020746	-48.131656	-70.222762	85.271163
38465	9.166183	-2.546092	2.141863	0.002384	0.015897	0.024338	-48.136461	-70.207055	85.278029
38466	9.160590	-2.541241	2.197138	0.005235	0.010786	0.020519	-48.146560	-70.194668	85.291701
38467	9.152065	-2.518164	2.150084	0.001240	0.008314	0.018163	-48.154431	-70.184495	85.301130
38468	9.164095	-2.551165	2.144760	0.000046	0.004852	0.012577	-48.166078	-70.177760	85.313274
38469	9.180635	-2.530639	2.166048	0.000045	0.004853	0.012577	-48.172795	-70.171294	85.320749
38470	9.150237	-2.545663	2.176600	-0.000362	0.003792	0.013816	-48.187198	-70.164436	85.335587
38471	9.171163	-2.555567	2.168786	0.000378	0.001342	0.008063	-48.193090	-70.161237	85.342389
38472	9.158351	-2.524708	2.174959	-0.003135	0.004504	0.007743	-48.201796	-70.156696	85.349517
38473	9.141235	-2.546895	2.154133	0.001705	-0.003727	0.003175	-48.207751	-70.157520	85.357194
38474	9.166436	-2.526478	2.197785	-0.001400	0.000496	0.001615	-48.213715	-70.157129	85.362715
38475	9.158063	-2.525805	2.174899	0.001778	0.000846	0.006448	-48.217676	-70.154809	85.368318
38476	9.170966	-2.533922	2.144030	0.001934	0.001012	-0.000167	-48.219196	-70.154981	85.371126
38477	9.162659	-2.532889	2.121295	0.002467	0.002521	0.001282	-48.215315	-70.154228	85.368811
38478	9.157815	-2.526115	2.175583	-0.000053	0.004126	0.000585	-48.215067	-70.152891	85.368404
38479	9.178991	-2.535050	2.167854	0.000940	0.002569	0.000209	-48.210870	-70.152578	85.364823
38480	9.149478	-2.524954	2.153126	0.001808	0.000565	-0.002854	-48.210107	-70.154072	85.365093
38481	9.149197	-2.548122	2.178095	-0.000911	-0.002851	-0.009512	-48.203100	-70.159981	85.357397
38482	9.149870	-2.523677	2.152959	-0.000838	0.001723	-0.006239	-48.198890	-70.162477	85.352415
38483	9.179552	-2.533073	2.167789	0.003261	-0.004057	-0.005055	-48.195633	-70.166943	85.351247
38484	9.158499	-2.523503	2.175738	-0.000964	0.001276	-0.008927	-48.189172	-70.170754	85.343754
38485	9.150433	-2.521772	2.152799	0.002675	-0.001438	-0.005919	-48.182232	-70.174588	85.338313
38486	9.150117	-2.544971	2.177915	0.000688	0.001675	-0.005167	-48.178290	-70.176646	85.334641
38487	9.167200	-2.522866	2.198745	-0.000659	-0.001956	-0.004136	-48.175759	-70.179917	85.331857
38488	9.167784	-2.498664	2.173653	-0.000839	0.001724	-0.006239	-48.171466	-70.182410	85.326747
38489	9.159155	-2.520981	2.175897	0.003334	0.000518	-0.001782	-48.166211	-70.183730	85.323500
38490	9.159737	-2.496779	2.150804	-0.004832	-0.000750	-0.008594	-48.164631	-70.188169	85.318585
38491	9.181219	-2.505000	2.142613	0.001148	-0.001389	-0.006992	-48.157359	-70.192441	85.311863
38492	9.151395	-2.518364	2.152699	-0.000126	-0.000447	-0.002688	-48.158949	-70.194250	85.313243
38493	9.164460	-2.526012	2.121713	-0.001120	0.001110	-0.002312	-48.154980	-70.195569	85.308650
38494	9.168491	-2.496123	2.173592	-0.002773	0.000711	-0.006073	-48.153138	-70.198377	85.304859
38495	9.172932	-2.526324	2.144588	-0.003586	-0.001412	-0.003594	-48.152209	-70.201208	85.301995
38496	9.151816	-2.517031	2.152465	-0.001780	-0.000845	-0.006449	-48.151209	-70.204777	85.299853
38497	9.152001	-2.516442	2.152368	-0.005827	0.000808	-0.008218	-48.144018	-70.208733	85.288969
38498	9.169123	-2.494224	2.173105	-0.004707	-0.000302	-0.005906	-48.144594	-70.211863	85.286591
38499	9.147578	-2.508715	2.205971	-0.002593	-0.002968	-0.003971	-48.144538	-70.215448	85.285260
38500	9.160758	-2.516223	2.174657	-0.006641	-0.001315	-0.005740	-48.147579	-70.218899	85.284576
38501	9.182646	-2.501066	2.141096	-0.006459	-0.004994	-0.003638	-48.152498	-70.223117	85.286178
38502	9.165495	-2.546156	2.144730	-0.004653	-0.004427	-0.006493	-48.157248	-70.228079	85.288271
38503	9.173561	-2.570540	2.192214	-0.006054	-0.003932	-0.004877	-48.159357	-70.232421	85.287134
38504	9.174654	-2.522563	2.141644	-0.004248	-0.003364	-0.007733	-48.161297	-70.237496	85.286205
38505	9.140579	-2.505292	2.180497	-0.002776	0.000713	-0.006074	-48.154736	-70.240573	85.277850
38506	9.183738	-2.498636	2.139249	-0.001909	-0.001288	-0.009139	-48.151360	-70.245458	85.272966
38507	9.162296	-2.512847	2.172082	-0.002721	-0.003412	-0.006660	-48.149041	-70.250361	85.269153
38508	9.166900	-2.542640	2.142895	-0.000510	-0.001781	-0.010755	-48.143706	-70.256124	85.262908
38509	9.162897	-2.511143	2.171515	0.000078	-0.004398	-0.009893	-48.137506	-70.262784	85.256677
38510	9.162788	-2.534049	2.196281	-0.001911	-0.001287	-0.009140	-48.134078	-70.267672	85.251773
38511	9.184754	-2.518395	2.162851	0.001200	-0.005508	-0.007581	-48.131016	-70.273769	85.249557
38512	9.176841	-2.516457	2.139458	0.001477	-0.004890	-0.011510	-48.127367	-70.281043	85.246352
38513	9.155884	-2.506627	2.147302	0.000021	-0.000272	-0.009307	-48.116900	-70.285874	85.235554
38514	9.185691	-2.515700	2.162010	0.003132	-0.004493	-0.007749	-48.115855	-70.291388	85.236189
38515	9.156414	-2.505148	2.146767	-0.002723	-0.003411	-0.006661	-48.113517	-70.296291	85.232355
38516	9.164893	-2.505602	2.169493	0.002671	-0.001430	-0.005922	-48.111008	-70.299859	85.231203
38517	9.178083	-2.512916	2.138292	0.000333	-0.003507	-0.004516	-48.109323	-70.303883	85.229924
38518	9.195168	-2.490854	2.158899	0.000866	-0.002000	-0.003066	-48.111543	-70.306451	85.232614
38519	9.186657	-2.513132	2.160889	0.002670	-0.001430	-0.005923	-48.104539	-70.310280	85.227107
38520	9.157312	-2.502776	2.145705	0.000922	-0.006124	-0.003654	-48.111008	-70.314681	85.234618
38521	9.174128	-2.504356	2.190997	0.003316	-0.008171	-0.005647	-48.111965	-70.320972	85.237960
38522	9.166099	-2.502693	2.167752	-0.003904	0.001825	-0.008387	-48.106661	-70.324343	85.229863
38523	9.187581	-2.510875	2.159587	0.006187	-0.004586	-0.005605	-48.101742	-70.329244	85.228710
38524	9.158247	-2.500409	2.144473	0.000737	-0.002443	-0.005756	-48.101615	-70.333129	85.228748
38525	9.158396	-2.499959	2.144360	0.002798	-0.000984	-0.003234	-48.096876	-70.335641	85.225725
38526	9.188451	-2.485626	2.134158	0.004197	-0.001476	-0.004851	-48.094570	-70.338771	85.225685
38527	9.150409	-2.497988	2.121288	0.002264	-0.002491	-0.004684	-48.090380	-70.342478	85.222921
38528	9.167103	-2.499549	2.167137	0.003202	0.000079	-0.004474	-48.087171	-70.344855	85.221271
38529	9.158928	-2.498174	2.144171	0.002393	-0.002046	-0.001994	-48.085257	-70.347245	85.221002
38530	9.167364	-2.498873	2.166813	0.005377	-0.006710	-0.003126	-48.090356	-70.351641	85.229557
38531	9.146305	-2.489562	2.174497	0.003258	-0.004045	-0.005061	-48.087046	-70.356104	85.228331
38532	9.197672	-2.484094	2.156018	0.000865	-0.001999	-0.003067	-48.089163	-70.358673	85.231166
38533	9.167882	-2.497655	2.166023	-0.000663	-0.001951	-0.004139	-48.086586	-70.361941	85.228333
38534	9.189651	-2.482451	2.132690	0.004916	-0.003648	-0.001299	-48.090224	-70.364384	85.235045
38535	9.168105	-2.497124	2.165692	-0.000130	-0.000444	-0.002690	-48.087095	-70.366458	85.231951
38536	9.159857	-2.496027	2.142701	0.004051	-0.001649	0.001768	-48.092092	-70.366832	85.239583
38537	9.168131	-2.497138	2.165566	-0.000404	-0.001063	0.001240	-48.094076	-70.367467	85.241750
38538	9.176826	-2.474376	2.163261	0.000461	-0.003061	-0.001827	-48.098956	-70.369907	85.246836
38539	9.159943	-2.496042	2.142317	0.001528	-0.000047	0.001072	-48.098439	-70.370224	85.247524
38540	9.172608	-2.527595	2.136262	0.001989	-0.003109	-0.000755	-48.103626	-70.372233	85.254160
38541	9.168692	-2.473168	2.139905	-0.000534	-0.001507	-0.001450	-48.103331	-70.374185	85.253829
38542	9.189693	-2.505576	2.156754	0.002393	-0.002046	-0.001995	-48.105663	-70.376317	85.257660
38543	9.194443	-2.512339	2.102677	-0.000404	-0.001063	0.001240	-48.107648	-70.376951	85.259828
38544	9.173131	-2.503559	2.110825	0.000938	0.002570	0.000210	-48.107651	-70.376380	85.260380
38545	9.147125	-2.487904	2.172945	0.002523	-0.001601	0.000695	-48.108018	-70.377452	85.262612
38546	9.198262	-2.483001	2.154761	-0.003387	0.003600	0.002372	-48.111567	-70.375564	85.264279
38547	9.181220	-2.505091	2.134003	0.003777	-0.002267	0.005697	-48.117379	-70.374758	85.273053
38548	9.189436	-2.506351	2.156949	-0.000994	0.001554	0.000377	-48.119869	-70.374501	85.275036
38549	9.181091	-2.505490	2.134086	0.000130	0.000445	0.002690	-48.121300	-70.373940	85.276941
38550	9.159738	-2.496891	2.142202	0.000130	0.000445	0.002690	-48.126933	-70.373125	85.283100
38551	9.189583	-2.483245	2.132055	0.000130	0.000445	0.002690	-48.128363	-70.372564	85.285005
38552	9.167817	-2.498544	2.165273	0.001788	0.000842	0.006451	-48.136571	-70.369997	85.294971
38553	9.180647	-2.506838	2.134417	0.000663	0.001952	0.004139	-48.137446	-70.368241	85.296611
38554	9.167964	-2.475475	2.140353	0.000590	-0.002617	0.000863	-48.144462	-70.369375	85.304287
38555	9.172248	-2.506342	2.111361	-0.004195	0.001476	0.004852	-48.149452	-70.367497	85.307340
38556	9.167792	-2.476165	2.140294	0.000130	0.000445	0.002689	-48.155011	-70.366684	85.313175
38557	9.158659	-2.523007	2.167541	0.000259	0.000890	0.005379	-48.158715	-70.364804	85.317572
38558	9.175842	-2.477971	2.163316	-0.000275	-0.000617	0.003929	-48.167114	-70.363861	85.326199
38559	9.188358	-2.509947	2.157359	-0.001269	0.000937	0.004307	-48.170486	-70.362421	85.329315
38560	9.150387	-2.499422	2.119692	-0.003387	0.003602	0.002372	-48.173917	-70.360536	85.330899
38561	9.175127	-2.502863	2.188519	0.001843	-0.003282	0.005864	-48.182221	-70.360043	85.341144
38562	9.196667	-2.488364	2.155382	-0.003387	0.003602	0.002371	-48.185660	-70.358152	85.342780
38563	9.179609	-2.510378	2.134718	0.001657	0.000397	0.003762	-48.187416	-70.357151	85.345960
38564	9.158204	-2.501983	2.142818	-0.000146	-0.000172	0.006618	-48.198052	-70.354901	85.357812
38565	9.175021	-2.480760	2.163603	-0.000275	-0.000617	0.003929	-48.202307	-70.354215	85.362470
38566	9.149663	-2.501846	2.119957	-0.000331	0.003507	0.004516	-48.206326	-70.351459	85.366818
38567	9.196004	-2.490499	2.155746	0.000848	-0.001727	0.006241	-48.213737	-70.350209	85.375510
38568	9.165888	-2.505007	2.165972	-0.002135	0.002938	0.007372	-48.222543	-70.346440	85.383701
38569	9.157441	-2.504532	2.143104	-0.000276	-0.000617	0.003929	-48.226795	-70.345753	85.388356
38570	9.187311	-2.491004	2.132795	0.000718	-0.002172	0.003552	-48.235963	-70.345567	85.398610
38571	9.208415	-2.500411	2.124801	-0.003129	0.004494	0.007749	-48.239816	-70.341297	85.401105
38572	9.165715	-2.483169	2.141072	0.001123	-0.001110	0.002312	-48.246107	-70.341234	85.408032
38573	9.186537	-2.516057	2.157994	-0.000276	-0.000617	0.003929	-48.250358	-70.340546	85.412685
38574	9.186452	-2.516424	2.157930	-0.000276	-0.000617	0.003929	-48.258624	-70.339604	85.421335
38575	9.165475	-2.484211	2.140894	0.001251	-0.000664	0.005001	-48.263200	-70.338476	85.427263
38576	9.186285	-2.517223	2.157707	-0.001215	-0.003186	0.003719	-48.274820	-70.338605	85.438910
38577	9.164894	-2.508845	2.165737	0.000792	0.002398	0.006827	-48.277941	-70.335527	85.443014
38578	9.199367	-2.502394	2.101642	0.000846	-0.001726	0.006240	-48.289287	-70.334017	85.455384
38579	9.155842	-2.532814	2.168003	-0.003129	0.004495	0.007749	-48.293125	-70.329746	85.457863
38580	9.164333	-2.510602	2.166075	0.000129	0.000446	0.002689	-48.298492	-70.328930	85.463673
38581	9.185871	-2.496215	2.132904	-0.000554	-0.001232	0.007857	-48.307821	-70.326795	85.473550
38582	9.185345	-2.520513	2.157868	-0.000277	-0.000616	0.003928	-48.315974	-70.325855	85.481994
38583	9.164348	-2.488351	2.140908	0.001785	0.000844	0.006449	-48.319976	-70.323530	85.487638
38584	9.177192	-2.496632	2.109993	0.001656	0.000398	0.003761	-48.325588	-70.322277	85.494430
38585	9.163643	-2.512988	2.166227	0.000791	0.002399	0.006826	-48.328697	-70.319198	85.498520
38586	9.163816	-2.489821	2.141476	0.002724	0.003413	0.006659	-48.333170	-70.315563	85.505186
38587	9.176103	-2.522150	2.135916	-0.000075	0.004402	0.009891	-48.337640	-70.310410	85.510194
38588	9.201117	-2.502159	2.179876	0.001250	-0.000663	0.005000	-48.346081	-70.309031	85.520153
38589	9.145766	-2.537077	2.146469	-0.002852	0.005113	0.003819	-48.344826	-70.306206	85.517392
38590	9.183820	-2.524726	2.159433	0.002777	-0.000711	0.006072	-48.353577	-70.304374	85.528139
38591	9.145451	-2.537960	2.146770	0.000662	0.001954	0.004137	-48.354425	-70.302616	85.529750
38592	9.162662	-2.492958	2.142767	0.003716	0.001858	0.006281	-48.359749	-70.299717	85.537364
38593	9.175088	-2.524992	2.136918	-0.000278	-0.000615	0.003928	-48.363984	-70.299026	85.542000
38594	9.153703	-2.516441	2.145120	0.002595	0.002968	0.003970	-48.366127	-70.296709	85.545971
38595	9.183495	-2.502923	2.135276	0.002595	0.002968	0.003969	-48.364475	-70.294637	85.546103
38596	9.191524	-2.504566	2.158550	0.002444	0.002800	0.010585	-48.373939	-70.289547	85.557669
38597	9.169534	-2.520179	2.192087	0.001729	0.004971	0.007034	-48.373644	-70.285400	85.558714
38598	9.165689	-2.526656	2.115629	0.001322	0.003910	0.008273	-48.379908	-70.280872	85.565794
38599	9.169433	-2.497682	2.167820	-0.000332	0.003511	0.004513	-48.379860	-70.278360	85.565848
38600	9.173512	-2.528776	2.139206	0.000788	0.002402	0.006825	-48.386708	-70.275037	85.573999
38601	9.160300	-2.521516	2.170454	0.000788	0.002403	0.006824	-48.389794	-70.271957	85.578064
38602	9.181389	-2.530809	2.162650	-0.000459	0.003064	0.001825	-48.391222	-70.270515	85.579126
38603	9.151764	-2.520999	2.148041	0.002467	0.002521	0.001281	-48.387323	-70.269764	85.576792
38604	9.168622	-2.499533	2.169117	0.000661	0.001956	0.004136	-48.391905	-70.267748	85.581944
38605	9.189738	-2.508739	2.161310	0.001067	0.003017	0.002897	-48.389930	-70.266116	85.580803
38606	9.168325	-2.500173	2.169633	0.002187	0.001908	0.005208	-48.394864	-70.263672	85.588136
38607	9.159957	-2.499452	2.146762	0.001120	-0.001109	0.002311	-48.397164	-70.263861	85.591570
38608	9.181116	-2.508628	2.138809	-0.001859	0.003560	0.003440	-48.400508	-70.261539	85.594154
38609	9.159288	-2.523823	2.172039	-0.000280	-0.000613	0.003927	-48.404731	-70.260847	85.598778
38610	9.180424	-2.533180	2.163967	-0.004200	0.001487	0.004847	-48.413304	-70.258718	85.605427
38611	9.150801	-2.523597	2.149094	-0.001400	0.000496	0.001616	-48.414394	-70.258595	85.606040
38612	9.188936	-2.511101	2.161975	0.000660	0.001956	0.004136	-48.418874	-70.256581	85.610892
38613	9.171820	-2.533170	2.141266	-0.001274	0.000943	0.004303	-48.422204	-70.255136	85.613963
38614	9.158707	-2.525594	2.172433	-0.000459	0.003065	0.001825	-48.423547	-70.253690	85.614880
38615	9.188536	-2.512124	2.162484	-0.002267	0.002500	0.004679	-48.425984	-70.251491	85.616398
38616	9.158937	-2.502358	2.147728	0.000407	0.001061	-0.001239	-48.425959	-70.252123	85.616480
38617	9.167194	-2.503327	2.170774	-0.002519	0.001605	-0.000696	-48.423917	-70.252568	85.613085
38618	9.180120	-2.511474	2.139744	0.000838	-0.001722	0.006238	-48.434878	-70.251054	85.625174
38619	9.167054	-2.503909	2.170696	0.001526	-0.000048	0.001072	-48.434365	-70.251370	85.625866
38620	9.171359	-2.534491	2.141676	-0.002467	-0.002521	-0.001281	-48.440199	-70.253381	85.630469
38621	9.188413	-2.512789	2.162236	-0.000941	-0.002569	-0.000209	-48.442754	-70.255205	85.632918
38622	9.150662	-2.501806	2.124262	-0.000000	0.000000	0.000000	-48.445525	-70.255708	85.635880
38623	9.167211	-2.503851	2.170102	0.000993	-0.001557	-0.000376	-48.445587	-70.257218	85.636857
38624	9.158484	-2.526528	2.172287	0.000941	0.002569	0.000209	-48.444952	-70.256670	85.637381
38625	9.180150	-2.511880	2.139136	-0.001222	-0.003182	0.003718	-48.452559	-70.257042	85.645027
38626	9.167160	-2.504156	2.169963	-0.001527	0.000048	-0.001072	-48.454944	-70.257992	85.646531
38627	9.171445	-2.534681	2.141084	0.004453	-0.000593	0.000529	-48.452829	-70.258748	85.647303
38628	9.167164	-2.504047	2.170074	0.001934	0.001012	-0.000167	-48.453067	-70.258935	85.648651
38629	9.175393	-2.505143	2.193100	-0.001400	0.000496	0.001616	-48.454156	-70.258811	85.649264
38630	9.158389	-2.526841	2.172324	0.000407	0.001061	-0.001239	-48.453989	-70.259454	85.649286
38631	9.163121	-2.533621	2.118423	0.000000	0.000000	0.000000	-48.453158	-70.260212	85.648711
38632	9.150142	-2.525561	2.149589	0.001222	0.003182	-0.003718	-48.447374	-70.261103	85.643171
38633	9.180166	-2.511588	2.139409	0.001579	-0.004174	0.000487	-48.451143	-70.263238	85.648443
38634	9.180175	-2.511617	2.139338	-0.003512	0.003162	-0.000320	-48.451689	-70.262674	85.646441
38635	9.180167	-2.511484	2.139530	-0.000712	0.002170	-0.003551	-48.444911	-70.264129	85.639115
38636	9.188931	-2.488533	2.137501	0.001400	-0.000496	-0.001616	-48.445641	-70.265515	85.640618
38637	9.175509	-2.504310	2.193564	0.000000	-0.000000	0.000000	-48.444810	-70.266272	85.640042
38638	9.137252	-2.517100	2.180842	-0.000993	0.001557	0.000376	-48.446562	-70.266035	85.641631
38639	9.171506	-2.533824	2.141837	0.001400	-0.000496	-0.001616	-48.443809	-70.267673	85.639867
38640	9.171445	-2.533823	2.142097	0.000481	0.005634	0.002034	-48.441547	-70.265176	85.637862
38641	9.167116	-2.503268	2.171175	-0.000533	-0.001508	-0.001448	-48.441290	-70.267128	85.637572
38642	9.180158	-2.511050	2.140078	-0.001526	0.000048	-0.001072	-48.443619	-70.268075	85.639370
38643	9.188406	-2.512141	2.163017	-0.001400	0.000496	0.001615	-48.444709	-70.267951	85.639983
38644	9.180150	-2.511196	2.139942	-0.000941	-0.002569	-0.000209	-48.450654	-70.269530	85.645523
38645	9.150220	-2.524961	2.149962	-0.001526	0.000048	-0.001072	-48.449504	-70.270729	85.643679
38646	9.150705	-2.501219	2.124769	0.000586	-0.002618	0.000863	-48.455797	-70.271882	85.651472
38647	9.192770	-2.542785	2.133683	0.001934	0.001012	-0.000167	-48.452471	-70.272326	85.649423
38648	9.158988	-2.502076	2.147839	-0.000712	0.002170	-0.003551	-48.449127	-70.273541	85.646007
38649	9.167259	-2.503140	2.170718	-0.001222	-0.003182	0.003718	-48.456742	-70.273913	85.653661
38650	9.179863	-2.534672	2.164601	0.004200	-0.001488	-0.004847	-48.453530	-70.277073	85.653001
38651	9.159142	-2.501844	2.147452	-0.002341	-0.002073	0.001406	-48.458011	-70.278015	85.656644
38652	9.150448	-2.524546	2.149478	-0.001119	0.001109	-0.002311	-48.457439	-70.279099	85.655704
38653	9.180450	-2.510621	2.139329	-0.001527	0.000048	-0.001072	-48.456289	-70.280297	85.653860
38654	9.171756	-2.533323	2.141355	-0.001934	-0.001012	0.000167	-48.461295	-70.281115	85.657623
38655	9.167492	-2.502862	2.170052	-0.002341	-0.002073	0.001406	-48.465777	-70.282056	85.661267
38656	9.180489	-2.510696	2.139071	-0.001705	0.003727	-0.003174	-48.461369	-70.282526	85.655304
38657	9.180072	-2.534252	2.164207	-0.000534	-0.001508	-0.001448	-48.461113	-70.284477	85.655015
38658	9.180601	-2.510415	2.138923	-0.002467	-0.002521	-0.001281	-48.466708	-70.286493	85.659486
38659	9.172431	-2.509190	2.115787	-0.001653	-0.000399	-0.003760	-48.463316	-70.289015	85.655183
38660	9.159080	-2.524791	2.171793	-0.000127	-0.000447	-0.002688	-48.463514	-70.290848	85.654805
38661	9.159644	-2.500680	2.146666	-0.000253	-0.000894	-0.005376	-48.458197	-70.294250	85.649311
38662	9.171872	-2.555640	2.165698	-0.001653	-0.000399	-0.003760	-48.458063	-70.296537	85.648201
38663	9.168152	-2.500953	2.169466	0.001273	-0.000943	-0.004304	-48.453064	-70.299498	85.643974
38664	9.151285	-2.522233	2.148633	0.000280	0.000614	-0.003927	-48.450462	-70.301463	85.641442
38665	9.173115	-2.506967	2.115460	0.002266	-0.002499	-0.004680	-48.446356	-70.305176	85.638768
38666	9.181516	-2.507608	2.138284	-0.001654	-0.000399	-0.003760	-48.446262	-70.307464	85.638181
38667	9.202891	-2.516141	2.130160	0.001273	-0.000942	-0.004304	-48.441259	-70.310425	85.633949
38668	9.168745	-2.498984	2.169229	0.000280	0.000614	-0.003927	-48.438633	-70.312399	85.631621
38669	9.160122	-2.521390	2.171351	-0.000127	-0.000447	-0.002688	-48.435553	-70.314478	85.628580
38670	9.190166	-2.507270	2.161190	0.000280	0.000614	-0.003927	-48.432868	-70.316450	85.625839
38671	9.160696	-2.497125	2.146314	-0.001527	0.000048	-0.001072	-48.431713	-70.317649	85.623991
38672	9.165061	-2.527517	2.117321	0.000866	-0.002003	-0.003065	-48.432768	-70.320233	85.625421
38673	9.177391	-2.498732	2.192053	-0.002647	0.001158	-0.003384	-48.428468	-70.322001	85.619550
38674	9.169094	-2.497596	2.169355	-0.002574	0.005730	-0.000110	-48.425323	-70.320377	85.614192
38675	9.169020	-2.497651	2.169602	0.001527	-0.000048	0.001072	-48.424814	-70.320693	85.614887
38676	9.160296	-2.520368	2.171801	0.001933	0.001013	-0.000167	-48.424715	-70.320886	85.615865
38677	9.181986	-2.505488	2.138754	0.000000	0.000000	0.000000	-48.423882	-70.321643	85.615288
38678	9.168985	-2.497688	2.169706	-0.000407	-0.001061	0.001239	-48.429075	-70.322032	85.620617
38679	9.168994	-2.497716	2.169636	-0.001527	0.000048	-0.001072	-48.427920	-70.323231	85.618768
38680	9.182008	-2.505483	2.138666	0.000407	0.001061	-0.001239	-48.427459	-70.323880	85.618951
38681	9.182003	-2.505417	2.138762	-0.002520	0.001605	-0.000696	-48.425407	-70.324325	85.615545
38682	9.177686	-2.474872	2.167717	0.001527	-0.000048	0.001072	-48.428028	-70.324411	85.619258
38683	9.168920	-2.497772	2.169883	0.001654	0.000399	0.003760	-48.429768	-70.323404	85.622420
38684	9.151899	-2.519540	2.149179	-0.002114	0.002666	-0.001935	-48.428041	-70.323747	85.619746
38685	9.160162	-2.520446	2.172278	0.000407	0.001061	-0.001239	-48.424385	-70.324632	85.616418
38686	9.173620	-2.504382	2.116331	0.003333	0.000518	-0.001783	-48.422278	-70.325718	85.616419
38687	9.139346	-2.487509	2.155586	0.000940	0.002569	0.000209	-48.418049	-70.325408	85.612808
38688	9.181383	-2.529160	2.164601	-0.003333	-0.000518	0.001783	-48.424805	-70.325355	85.618210
38689	9.168811	-2.497610	2.170534	0.000407	0.001061	-0.001239	-48.421149	-70.326240	85.614882
38690	9.190132	-2.506354	2.162398	0.000460	-0.003064	-0.001825	-48.424889	-70.328698	85.619045
38691	9.169302	-2.473836	2.145285	-0.001273	0.000942	0.004304	-48.428234	-70.327252	85.622130
38692	9.190086	-2.506599	2.162312	0.001400	-0.000495	-0.001616	-48.428586	-70.328647	85.623405
38693	9.152337	-2.495493	2.124474	0.002927	-0.000543	-0.000543	-48.426150	-70.329843	85.622907
38694	9.190132	-2.506330	2.162427	-0.002114	0.002666	-0.001935	-48.424375	-70.330175	85.619794
38695	9.181818	-2.505325	2.139665	0.002060	0.001460	0.002521	-48.423293	-70.329297	85.620206
38696	9.173108	-2.528009	2.141847	-0.000127	-0.000447	-0.002688	-48.423280	-70.331139	85.620312
38697	9.168788	-2.497439	2.170828	0.003587	0.001412	0.003593	-48.422522	-70.329820	85.621996
38698	9.160479	-2.496500	2.147970	-0.001527	0.000048	-0.001072	-48.424413	-70.330788	85.623398
38699	9.181805	-2.505207	2.139860	-0.001654	-0.000399	-0.003760	-48.421006	-70.333308	85.619080
38700	9.181805	-2.505207	2.139860	0.001654	0.000399	0.003760	-48.425791	-70.332059	85.625064
38701	9.181753	-2.505362	2.139899	0.000000	0.000000	0.000000	-48.424958	-70.332816	85.624487
38702	9.181694	-2.505512	2.139981	-0.000867	0.002003	0.003064	-48.428485	-70.331258	85.627379
38703	9.147333	-2.489025	2.179141	0.000127	0.000447	0.002688	-48.429903	-70.330693	85.629270
38704	9.189779	-2.507061	2.163079	0.000127	0.000447	0.002688	-48.434369	-70.329892	85.634468
38705	9.181476	-2.506211	2.140096	-0.000407	-0.001061	0.001239	-48.436361	-70.330521	85.636643
38706	9.151962	-2.496310	2.125128	-0.001527	0.000048	-0.001072	-48.438228	-70.331486	85.638022
38707	9.189784	-2.507151	2.162954	0.001400	-0.000495	-0.001616	-48.435469	-70.333124	85.636252
38708	9.160241	-2.497376	2.147967	-0.000687	-0.001675	0.005167	-48.445529	-70.332064	85.646364
38709	9.177139	-2.475970	2.168780	-0.000993	0.001556	0.000376	-48.443799	-70.332068	85.644230
38710	9.181433	-2.506545	2.139886	0.000993	-0.001556	-0.000376	-48.446859	-70.333343	85.648242
38711	9.159720	-2.521365	2.173072	0.000940	0.002569	0.000209	-48.442629	-70.333034	85.644630
38712	9.151851	-2.496591	2.125277	0.003460	0.000965	0.000905	-48.442599	-70.332783	85.646287
38713	9.160086	-2.497689	2.148261	-0.000407	-0.001061	0.001239	-48.444592	-70.333412	85.648463
38714	9.151808	-2.496750	2.125274	0.001527	-0.000048	0.001072	-48.447050	-70.333479	85.651681
38715	9.180838	-2.530670	2.165148	-0.002214	-0.001627	0.004094	-48.453793	-70.333099	85.657802
38716	9.189960	-2.484365	2.137926	0.000407	0.001061	-0.001239	-48.453076	-70.333738	85.657053
38717	9.180795	-2.530726	2.165266	-0.000587	0.002618	-0.000863	-48.448522	-70.333870	85.652168
38718	9.151668	-2.497077	2.125494	0.000533	0.001508	0.001449	-48.450043	-70.333204	85.654295
38719	9.181155	-2.507070	2.140468	0.000000	-0.000000	0.000000	-48.449211	-70.333961	85.653719
38720	9.151170	-2.520976	2.150595	0.001120	-0.001109	0.002312	-48.454432	-70.333916	85.659833
38721	9.168155	-2.499331	2.171322	-0.000533	-0.001508	-0.001449	-48.454176	-70.335868	85.659543
38722	9.176437	-2.500336	2.194214	0.001527	-0.000048	0.001072	-48.456563	-70.335945	85.662765
38723	9.151128	-2.521158	2.150564	-0.003387	0.003608	0.002368	-48.455860	-70.334315	85.660266
38724	9.172818	-2.506280	2.117562	0.002800	-0.000991	-0.003231	-48.454098	-70.336590	85.660072
38725	9.198061	-2.485518	2.161418	0.000533	0.001508	0.001449	-48.452692	-70.336153	85.659210
38726	9.159787	-2.498414	2.148694	-0.002927	0.000544	0.000543	-48.456357	-70.336234	85.661359
38727	9.180588	-2.531114	2.165693	0.000000	0.000000	0.000000	-48.455526	-70.336991	85.660784
38728	9.180966	-2.507491	2.140782	0.001067	0.003017	0.002897	-48.456397	-70.335117	85.661953
38729	9.180894	-2.507674	2.140881	-0.000407	-0.001061	0.001239	-48.458390	-70.335746	85.664130
38730	9.168362	-2.476035	2.146762	0.001400	-0.000495	-0.001616	-48.458506	-70.337141	85.664923
38731	9.167909	-2.499714	2.171920	-0.003513	0.003161	-0.000320	-48.455554	-70.336834	85.659958
38732	9.180825	-2.507819	2.141004	0.001246	-0.000662	0.005000	-48.463003	-70.335463	85.668870
38733	9.167717	-2.500323	2.172031	0.001653	0.000399	0.003760	-48.464745	-70.334456	85.672032
38734	9.188900	-2.509468	2.164024	-0.001400	0.000496	0.001615	-48.468659	-70.334107	85.675589
38735	9.197567	-2.486942	2.161881	0.001120	-0.001109	0.002312	-48.470976	-70.334294	85.679038
38736	9.181003	-2.485095	2.115921	0.002646	-0.001158	0.003384	-48.476424	-70.333800	85.686161
38737	9.150516	-2.522831	2.151202	0.000533	0.001508	0.001448	-48.475017	-70.333363	85.685299
38738	9.167892	-2.477507	2.147072	0.001527	-0.000048	0.001072	-48.477322	-70.333436	85.688431
38739	9.189109	-2.486467	2.139139	-0.003513	0.003162	-0.000320	-48.474370	-70.333130	85.683466
38740	9.188595	-2.510360	2.164283	0.002646	-0.001158	0.003384	-48.479783	-70.332644	85.690731
38741	9.150288	-2.523373	2.151537	-0.002394	0.002052	0.001992	-48.479978	-70.331768	85.689788
38742	9.201438	-2.518653	2.133466	0.000533	0.001508	0.001448	-48.481353	-70.331096	85.691521
38743	9.150137	-2.523672	2.151828	0.000533	0.001508	0.001448	-48.479947	-70.330659	85.690660
38744	9.167497	-2.478376	2.147758	0.000533	0.001508	0.001448	-48.481313	-70.329990	85.692453
38745	9.188259	-2.511148	2.164794	-0.000407	-0.001061	0.001239	-48.483307	-70.330618	85.694630
38746	9.180012	-2.510141	2.141771	-0.001526	0.000048	-0.001072	-48.484926	-70.331587	85.695595
38747	9.158723	-2.501234	2.149950	0.002467	0.002521	0.001282	-48.481019	-70.330837	85.693254
38748	9.166897	-2.502423	2.173071	0.000126	0.000448	0.002688	-48.485192	-70.330040	85.697846
38749	9.180329	-2.486702	2.116958	-0.001934	-0.001013	0.000167	-48.486864	-70.331110	85.698751
38750	9.188118	-2.511604	2.164866	0.001119	-0.001109	0.002312	-48.491923	-70.331062	85.704737
38751	9.188101	-2.511698	2.164829	0.000000	-0.000000	0.000000	-48.491094	-70.331819	85.704163
38752	9.158513	-2.501937	2.150023	0.000659	0.001956	0.004136	-48.494661	-70.329829	85.708416
38753	9.187989	-2.512003	2.164949	-0.000533	-0.001508	-0.001448	-48.494410	-70.331780	85.708132
38754	9.183726	-2.481395	2.193780	0.001526	-0.000048	0.001072	-48.496614	-70.331864	85.711376
38755	9.158428	-2.502152	2.150138	-0.000460	0.003065	0.001824	-48.494307	-70.330674	85.708953
38756	9.170835	-2.534100	2.144379	0.000252	0.000895	0.005375	-48.500664	-70.328553	85.715856
38757	9.158180	-2.502849	2.150383	0.000126	0.000448	0.002688	-48.502080	-70.327987	85.717744
38758	9.179386	-2.511914	2.142374	0.001526	-0.000048	0.001072	-48.504268	-70.328067	85.720954
38759	9.188097	-2.489330	2.140156	-0.002341	-0.002073	0.001406	-48.508763	-70.329008	85.724611
38760	9.149341	-2.525981	2.152506	0.001474	0.004078	0.001657	-48.506634	-70.327274	85.723249
38761	9.157941	-2.503574	2.150557	-0.003209	-0.000068	0.004470	-48.512472	-70.326139	85.727804
38762	9.187423	-2.513674	2.165414	0.001401	-0.000496	-0.001615	-48.512389	-70.327545	85.728530
38763	9.170917	-2.511665	2.119413	0.000711	-0.002170	0.003551	-48.517529	-70.327601	85.734728
38764	9.183083	-2.483371	2.194236	-0.001986	0.003114	0.000752	-48.517556	-70.326625	85.733633
38765	9.187298	-2.514163	2.165373	0.000711	-0.002170	0.003551	-48.522696	-70.326682	85.739831
38766	9.157706	-2.504516	2.150458	-0.000867	0.002005	0.003063	-48.525857	-70.325133	85.742759
38767	9.178873	-2.513730	2.142443	-0.001808	-0.000564	0.002854	-48.529772	-70.324879	85.746124
38768	9.149303	-2.504077	2.127441	-0.001808	-0.000564	0.002854	-48.536323	-70.324394	85.752020
38769	9.178714	-2.514430	2.142299	0.002770	-0.000710	0.006071	-48.541202	-70.322813	85.759195
38770	9.165581	-2.507013	2.173330	-0.001275	0.000944	0.004303	-48.547163	-70.321135	85.764847
38771	9.195442	-2.493527	2.163335	-0.000460	0.003066	0.001824	-48.544854	-70.319946	85.762421
38772	9.178393	-2.515312	2.142643	0.001526	-0.000049	0.001072	-48.546962	-70.320031	85.765631
38773	9.165344	-2.507527	2.173736	0.000533	0.001509	0.001448	-48.545555	-70.319594	85.764768
38774	9.186508	-2.516595	2.165900	-0.000460	0.003066	0.001824	-48.545843	-70.318176	85.764881
38775	9.165647	-2.484087	2.149052	0.003052	-0.000097	0.002145	-48.545659	-70.318049	85.766850
38776	9.186366	-2.517003	2.166029	0.002237	-0.002218	0.004623	-48.553706	-70.317431	85.776805
38777	9.156786	-2.507225	2.151220	-0.001578	0.004175	-0.000487	-48.548255	-70.316814	85.770362
38778	9.186697	-2.493650	2.141134	-0.002216	-0.001624	0.004093	-48.557567	-70.316199	85.778961
38779	9.165410	-2.484917	2.149106	0.004453	-0.000594	0.000530	-48.555465	-70.316954	85.779745
38780	9.164362	-2.532526	2.199472	0.000073	0.004575	0.003272	-48.555137	-70.314342	85.779506
38781	9.156499	-2.507893	2.151665	0.000000	-0.000000	0.000000	-48.554311	-70.315099	85.778936
38782	9.164746	-2.508995	2.174565	-0.000408	-0.001061	0.001239	-48.558858	-70.315497	85.783600
38783	9.165184	-2.485436	2.149470	0.000125	0.000448	0.002687	-48.560271	-70.314930	85.785484
38784	9.156396	-2.508352	2.151565	0.001118	-0.001109	0.002311	-48.565124	-70.314885	85.791393
38785	9.194583	-2.495771	2.164402	0.000533	0.001509	0.001448	-48.563717	-70.314448	85.790529
38786	9.148003	-2.507615	2.128861	-0.000460	0.003066	0.001824	-48.563932	-70.313029	85.790558
38787	9.164393	-2.509874	2.175038	-0.000460	0.003066	0.001824	-48.561622	-70.311840	85.788132
38788	9.185573	-2.518981	2.167092	0.001118	-0.001109	0.002311	-48.566453	-70.311796	85.794022
38789	9.173042	-2.487388	2.173043	0.000408	0.001060	-0.001239	-48.562808	-70.312683	85.790706
38790	9.198567	-2.526837	2.136165	0.000000	-0.000000	0.000000	-48.564484	-70.313210	85.792565
38791	9.156044	-2.508953	2.152365	-0.000585	0.002618	-0.000863	-48.559936	-70.313346	85.787686
38792	9.185988	-2.495083	2.142508	0.001349	0.003630	-0.001030	-48.555383	-70.312939	85.783751
38793	9.185962	-2.495149	2.142542	0.001703	-0.003727	0.003175	-48.561422	-70.313746	85.791507
38794	9.194199	-2.496349	2.165363	0.001526	-0.000049	0.001072	-48.563401	-70.313834	85.794628
38795	9.177133	-2.518187	2.144659	-0.003387	0.003612	0.002366	-48.562688	-70.312205	85.792117
38796	9.177082	-2.518365	2.144669	0.000585	-0.002618	0.000863	-48.568059	-70.313357	85.798260
38797	9.198326	-2.527414	2.136519	-0.001401	0.000497	0.001615	-48.569151	-70.313232	85.798874
38798	9.155782	-2.509683	2.152627	0.001526	-0.000049	0.001072	-48.571115	-70.313320	85.801967
38799	9.185780	-2.495915	2.142432	0.000993	-0.001558	-0.000376	-48.571193	-70.314829	85.802961
38800	9.156291	-2.486041	2.127354	-0.000816	-0.002121	0.002478	-48.578466	-70.315099	85.810269
38801	9.185263	-2.519934	2.167298	0.000533	0.001509	0.001448	-48.577058	-70.314662	85.809405
38802	9.164477	-2.487293	2.150336	-0.001526	0.000049	-0.001072	-48.578361	-70.315636	85.809947
38803	9.185306	-2.519774	2.167301	-0.001651	-0.000400	-0.003759	-48.574979	-70.318160	85.805657
38804	9.164080	-2.510782	2.175310	-0.001401	0.000497	0.001615	-48.578507	-70.317809	85.808636
38805	9.155804	-2.509829	2.152361	0.000000	0.000000	0.000000	-48.577683	-70.318566	85.808067
38806	9.164554	-2.487073	2.150263	0.002927	-0.000546	-0.000542	-48.577688	-70.319538	85.809942
38807	9.185332	-2.519685	2.167296	0.000000	-0.000000	0.000000	-48.576863	-70.320295	85.809373
38808	9.194047	-2.497013	2.165245	-0.000993	0.001558	0.000376	-48.577549	-70.320074	85.809585
38809	9.172799	-2.488176	2.173164	-0.001349	-0.003630	0.001030	-48.582950	-70.321765	85.814807
38810	9.172770	-2.488327	2.173116	-0.000460	0.003066	0.001824	-48.583038	-70.320351	85.814712
38811	9.176954	-2.519089	2.144367	-0.001401	0.000497	0.001615	-48.584130	-70.320226	85.815327
38812	9.185247	-2.520100	2.167175	-0.001066	-0.003018	-0.002896	-48.586862	-70.323146	85.817672
38813	9.172831	-2.488352	2.172828	-0.000941	-0.002569	-0.000209	-48.589443	-70.324966	85.820147
38814	9.177126	-2.518936	2.143809	-0.000000	-0.000000	0.000000	-48.590996	-70.325498	85.821889
38815	9.168610	-2.457713	2.201600	0.002927	-0.000546	-0.000543	-48.588575	-70.326695	85.821407
38816	9.185363	-2.519861	2.166959	-0.001577	0.004175	-0.000487	-48.585481	-70.325854	85.817259
38817	9.156317	-2.486149	2.127115	0.002519	-0.001606	0.000697	-48.585883	-70.326921	85.819525
38818	9.164520	-2.487285	2.150161	-0.000460	0.003066	0.001824	-48.585922	-70.325507	85.819381
38819	9.163925	-2.511269	2.175399	0.001651	0.000400	0.003759	-48.587656	-70.324498	85.822534
38820	9.151369	-2.479825	2.181301	-0.001934	-0.001012	0.000167	-48.591673	-70.325342	85.825722
38821	9.193843	-2.497832	2.165166	0.000125	0.000448	0.002687	-48.593086	-70.324774	85.827606
38822	9.155561	-2.510742	2.152333	-0.000408	-0.001060	0.001239	-48.597409	-70.325176	85.832047
38823	9.185491	-2.497123	2.142262	-0.000460	0.003066	0.001824	-48.595096	-70.323988	85.829618
38824	9.193624	-2.498381	2.165461	0.003585	0.001411	0.003593	-48.596645	-70.322442	85.833546
38825	9.164060	-2.488595	2.150604	-0.000408	-0.001060	0.001239	-48.598642	-70.323068	85.835726
38826	9.185278	-2.497610	2.142610	-0.003511	0.003164	-0.000321	-48.597992	-70.322541	85.832998
38827	9.146926	-2.510511	2.130075	0.002592	0.002969	0.003968	-48.596319	-70.320468	85.833106
38828	9.193792	-2.475305	2.141016	0.000533	0.001509	0.001448	-48.597208	-70.319808	85.834478
38829	9.184487	-2.521865	2.168340	0.000533	0.001509	0.001448	-48.595800	-70.319372	85.833614
38830	9.154899	-2.512039	2.153636	-0.000460	0.003067	0.001824	-48.595773	-70.317961	85.833406
38831	9.176591	-2.497318	2.120667	0.000000	-0.000000	0.000000	-48.594949	-70.318718	85.832839
38832	9.184875	-2.498391	2.143422	-0.002876	-0.003581	-0.000042	-48.602310	-70.320630	85.839011
38833	9.184927	-2.498236	2.143383	0.001225	0.003181	-0.003717	-48.593024	-70.321779	85.830201
38834	9.176659	-2.497220	2.120487	-0.002218	-0.001623	0.004093	-48.602028	-70.321173	85.838517
38835	9.154916	-2.512096	2.153495	0.004328	-0.001044	-0.002157	-48.597694	-70.323253	85.836855
38836	9.184909	-2.498307	2.143375	0.000125	0.000449	0.002687	-48.601370	-70.322467	85.840941
38837	9.154869	-2.512165	2.153616	0.001934	0.001012	-0.000167	-48.598046	-70.322912	85.838895
38838	9.193109	-2.499444	2.166423	-0.001934	-0.001012	0.000167	-48.601978	-70.323762	85.841998
38839	9.163611	-2.489468	2.151508	0.001934	0.001012	-0.000167	-48.598654	-70.324208	85.839952
38840	9.184887	-2.498161	2.143640	0.002218	0.001623	-0.004093	-48.592515	-70.325891	85.834890
38841	9.193112	-2.499231	2.166655	-0.003211	-0.000065	0.004468	-48.598345	-70.324753	85.839435
38842	9.163628	-2.489350	2.151573	0.003387	-0.003613	-0.002366	-48.599650	-70.327679	85.842985
38843	9.184383	-2.522024	2.168597	-0.003387	0.003613	0.002366	-48.598931	-70.326050	85.840467
38844	9.154834	-2.512226	2.153692	0.000584	-0.002618	0.000863	-48.604058	-70.327211	85.846375
38845	9.163578	-2.489656	2.151434	0.001117	-0.001109	0.002311	-48.606378	-70.327395	85.849824
38846	9.176068	-2.521380	2.145466	0.000000	-0.000000	0.000000	-48.607768	-70.327935	85.851415
38847	9.163501	-2.489899	2.151478	-0.000868	0.002007	0.003062	-48.608275	-70.326616	85.851732
38848	9.176424	-2.497967	2.120623	-0.000993	0.001558	0.000376	-48.608752	-70.326405	85.851742
38849	9.163361	-2.490354	2.151550	0.001826	-0.003278	0.005862	-48.617034	-70.325884	85.861956
38850	9.184035	-2.523424	2.168440	-0.004328	0.001044	0.002157	-48.621918	-70.325103	85.864621
38851	9.162695	-2.514789	2.176513	0.001650	0.000400	0.003759	-48.623651	-70.324093	85.867773
38852	9.184321	-2.500322	2.143546	0.000657	0.001958	0.004135	-48.626663	-70.322114	85.871486
38853	9.166597	-2.546406	2.147920	-0.003955	0.002391	0.010217	-48.636050	-70.317572	85.879354
38854	9.153394	-2.539056	2.179122	0.002467	0.002520	0.001281	-48.634321	-70.316607	85.879133
38855	9.192530	-2.479142	2.141994	0.000248	0.000898	0.005373	-48.637964	-70.314714	85.883461
38856	9.161834	-2.517058	2.177519	-0.000919	0.006135	0.003647	-48.636327	-70.311363	85.881280
38857	9.162146	-2.493732	2.152811	-0.002270	0.002505	0.004676	-48.638743	-70.309161	85.882772
38858	9.153173	-2.516995	2.155182	-0.000212	0.003966	0.007196	-48.643049	-70.305104	85.887330
38859	9.182962	-2.503733	2.145388	0.002591	0.002969	0.003968	-48.641373	-70.303030	85.887434
38860	9.169813	-2.496141	2.176631	-0.000869	0.002008	0.003062	-48.644026	-70.301494	85.889841
38861	9.173908	-2.527090	2.147982	-0.000336	0.003517	0.004510	-48.643941	-70.298980	85.889853
38862	9.153043	-2.494795	2.131079	-0.000285	-0.000611	0.003925	-48.650308	-70.298062	85.896556
