3,1.3928936368756697e-06,5.88462910400267e-07,1.388762549403566e-09,0.6495311856269836,7.960529183037579e-05,6.220744239726628e-07,0.3503865897655487,2
6,1.9963072972473128e-08,1.5422852328583758e-08,3.591829958460302e-11,0.00055135297589,1.679343199612049e-06,2.7610296271518564e-08,0.9994469285011292,2
6,1.5826045335343153e-11,2.6266105609962228e-11,1.6873380134525134e-13,4.1285360907750157e-07,9.076933094043227e-10,6.041353528551952e-10,0.9999996423721312,2
6,8.936948403537315e-12,3.16946143809338e-12,1.0633282313465485e-13,5.342620283954602e-07,4.810655762632621e-10,6.310366673645261e-10,0.9999995231628418,2
6,3.1298553158920495e-12,5.109945452885789e-12,1.2291261216289262e-13,2.273348371772954e-07,4.5192369291235934e-10,8.0364442878178e-10,0.9999997615814208,2
6,1.797390253126252e-12,2.2387365399001435e-12,5.230581254038989e-14,2.744161164969228e-08,6.16017070687036e-10,4.1510983539438934e-10,1.0,2
6,8.555754195394005e-12,1.8611683375024942e-11,4.83001280030676e-13,1.727990479594155e-07,1.4056031893971974e-09,1.0079306278498732e-09,0.9999998807907104,2
6,6.051924586469859e-12,2.7126622129114427e-11,3.1855277421964645e-13,1.0138296602235641e-07,2.668633536373477e-09,9.178170445878207e-10,0.9999998807907104,2
6,7.122357716625449e-13,6.373299023948453e-12,3.8930105206126323e-14,4.2060225524664936e-08,6.637599914149915e-10,2.4054699898634624e-10,1.0,2
6,1.307904956213135e-12,2.956023013173104e-12,4.233245359613024e-14,2.9324207062586538e-08,9.312150495155435e-10,5.774287159532321e-10,1.0,2
6,4.125267835664026e-12,1.7032682556039624e-11,1.7657773301264085e-13,5.9377583738751134e-08,2.4822359723231102e-09,8.765024261947473e-10,0.9999998807907104,2
6,7.790727264700426e-12,8.416820018730675e-11,4.764318280170432e-13,3.041666474246085e-08,5.940610670052138e-09,2.164314061303685e-09,1.0,2
6,9.446377057312216e-13,7.850333230696727e-12,1.1113978254416805e-13,9.048592986005133e-09,7.185311790003367e-10,5.734019370429165e-10,1.0,2
6,1.178456095728142e-12,3.33354663317742e-11,3.37648772873525e-13,5.103623301749849e-09,2.5966615524453122e-09,1.801295224090893e-09,1.0,2
6,3.6440222042112563e-13,5.389610632788866e-11,9.077316670677225e-14,7.498056397992059e-09,6.996172974282899e-09,7.428217485561105e-10,1.0,2
6,5.975451795696418e-13,1.1527067494965236e-11,3.0078783702040125e-14,3.0688964702818566e-09,2.4301245460378595e-09,1.925387349555052e-10,1.0,2
6,3.6861681242117417e-13,6.147569432679578e-12,3.434528188109645e-14,3.19436299633935e-09,7.370621335489601e-10,3.769761725003207e-10,1.0,2
6,7.829753013478824e-13,5.9073939316645055e-12,5.845116193359605e-14,1.7354709669348267e-08,4.545197274108404e-10,2.6396454466670605e-10,1.0,2
6,6.070848034347986e-13,3.59727894173878e-12,4.270656094387815e-14,9.842465509279918e-09,3.27758792328936e-10,2.5066276831964274e-10,1.0,2
6,1.3495508963817793e-12,1.447023750822396e-11,7.343537805843196e-14,9.476533335828208e-09,1.3023655487387487e-09,4.1080139290272655e-10,1.0,2
6,2.1210893284828725e-12,2.224453087007472e-11,9.376418234506233e-14,1.0819465323663737e-08,7.664559653619563e-09,1.4966338168775906e-09,1.0,2
6,2.108372330889008e-11,1.393858223286415e-10,7.212059725467125e-13,1.4557021188466027e-07,1.0100812630753353e-07,1.2754425959826676e-08,0.9999997615814208,2
6,7.409377278388972e-11,1.0092149338447598e-10,4.339401667857734e-12,3.0940594797357335e-07,3.7067774627530525e-08,2.999081516463775e-08,0.9999996423721312,2
6,2.6668391453488205e-11,2.0197905847840758e-10,7.615655502057894e-12,1.868404524429934e-07,1.1979801151085212e-08,8.625304914744447e-09,0.9999997615814208,2
6,1.0249495002723208e-10,2.55864135434436e-10,1.7646377414859415e-11,2.3703080387349479e-07,2.3537188198474723e-08,1.8791844524912452e-08,0.9999997615814208,2
6,2.2252802031608176e-11,7.518240197068593e-11,1.0137870577742179e-11,1.3715690272420036e-07,3.715830088069083e-09,7.98882737740314e-09,0.9999998807907104,2
6,1.6872218899788294e-10,3.140061766160329e-09,9.354639979308743e-11,7.282807018782478e-06,3.6352653864923923e-07,9.30216081940216e-09,0.9999923706054688,2
6,5.1563343872462746e-11,5.531066715747102e-10,3.2856401627201486e-11,4.234786956658354e-06,5.8565806426713614e-08,3.989194752307412e-09,0.9999957084655762,2
6,4.8336654123737326e-11,1.7687533659938024e-09,1.7008207342517068e-10,2.391210728092119e-06,4.7783522916233785e-08,2.511357166667949e-08,0.999997615814209,2
6,4.814032852906713e-11,4.679856502320945e-09,9.801800343600675e-11,2.058355448752991e-06,2.7994964568733852e-08,5.23417709175078e-09,0.9999979734420776,2
6,6.789039330712399e-10,9.068521933386364e-09,3.38182433445855e-11,8.091173526736384e-07,1.941272245176151e-07,8.589704059147607e-09,0.999998927116394,2
6,3.2397900334713015e-11,2.302511958873765e-09,1.708512454776101e-12,9.71632161395064e-08,1.1849269121455563e-08,1.0955575335813704e-10,0.9999998807907104,2
6,9.155590348364218e-12,4.751729010266104e-10,7.08120221530953e-14,1.2709090668749924e-08,1.7119075046423402e-09,1.6673384894971832e-11,1.0,2
6,9.744030235459e-12,3.6496845545741508e-09,1.8030179129227557e-12,3.113423474587762e-08,1.1016543233210996e-08,2.8482693981146667e-10,1.0,2
6,4.5411027368991156e-12,1.528584703258673e-09,1.3640506909759489e-12,7.801921775296705e-09,1.1883176220806035e-08,3.472112042324227e-10,1.0,2
6,4.629219316903965e-12,1.200221144692648e-09,3.723629043994592e-12,7.605710727887072e-09,4.191564872968456e-09,1.3447935820476428e-10,1.0,2
6,8.968316540791665e-13,2.917165953242318e-10,6.473585773339452e-13,3.408903026524968e-08,7.937214774322853e-10,9.605779713317553e-12,1.0,2
6,3.487819408287685e-12,1.9760693081849467e-09,6.558216968620413e-14,8.041536325720243e-10,1.593545206901581e-08,4.383291472842554e-12,1.0,2
6,3.489536350848033e-12,1.1462357729641326e-09,8.435256209889455e-14,4.1056172350728554e-10,1.223179868503621e-08,4.320375220773221e-12,1.0,2
6,2.2187538264994977e-11,1.6069932939899445e-08,1.3978986154392081e-12,6.18675777275257e-10,3.105730783659055e-08,1.799349731712585e-11,1.0,2
6,4.4248613662034594e-09,2.4985747586470097e-06,1.0439275832663242e-10,3.163795669891556e-09,1.561289877827221e-06,4.68446170742709e-10,0.9999959468841552,2
6,2.0515560361644702e-09,1.1988170172116952e-06,2.0115893326067003e-11,4.575169965104209e-10,8.314719707414042e-06,7.656956735324626e-10,0.999990463256836,2
6,4.158445143787048e-09,1.2099731065973174e-06,9.388868155157935e-11,3.106013002351915e-09,4.753605026053265e-06,1.381055825255828e-09,0.9999940395355223,2
6,3.586803909438885e-10,9.513711063391385e-08,1.1851995079803501e-12,4.4150597067194037e-10,7.24440042176866e-07,3.105125184754698e-11,0.9999991655349731,2
6,6.485968984115685e-10,9.702213787932125e-08,3.901028805541884e-12,3.1772204311941716e-10,1.500098846918263e-06,1.3765612261185112e-10,0.9999983310699464,2
6,5.244403800119811e-10,4.512419593538653e-07,8.328386591482939e-12,1.265624383073316e-09,2.087431312247645e-06,1.9394323647059508e-10,0.99999737739563,2
6,1.0232353159222995e-10,7.574737281856869e-08,5.653595538772371e-13,1.3114989649842812e-10,1.3485057479556415e-06,2.0906500489137336e-11,0.9999985694885254,2
6,1.7359341741851606e-09,3.415730134292972e-07,1.466623914328502e-12,1.6946954950469714e-10,3.1299680358642945e-06,1.0900075286812694e-10,0.999996542930603,2
6,2.9009544988412017e-08,1.8757410771286231e-06,9.855858316976107e-12,6.397651741707477e-09,1.7571730495546944e-05,1.419333539587342e-10,0.9999804496765136,2
6,3.017147864881053e-09,8.536961360050556e-08,1.7529127021437274e-12,8.552956121121723e-10,1.9354724827280734e-06,5.949925274695289e-11,0.9999979734420776,2
6,1.1306066305394324e-08,1.3142336001692456e-06,8.863833278471844e-12,3.4622832378872204e-10,1.2451561815396415e-05,4.435309619577055e-10,0.999986171722412,2
6,2.3223233114322284e-08,1.873358996817842e-06,8.066622023128467e-12,9.53775614043195e-10,4.2846600990742445e-05,3.8749836672735677e-10,0.9999551773071288,2
6,1.5017717069909507e-09,2.5614001515350537e-06,2.5948335277345413e-13,1.2347924766009656e-11,6.652252341154963e-05,2.9435551218703886e-11,0.99993097782135,2
6,1.8952679425865422e-09,4.351721509010531e-05,2.216751901398112e-13,1.0517402920795504e-11,0.0003925682976841,3.4171804275118234e-11,0.9995638728141784,2
6,6.052447432125517e-10,2.3321973685597186e-07,7.172944963690364e-13,1.2390229120473606e-10,3.0928997148294e-05,7.380404620782599e-11,0.9999688863754272,2
6,1.884399927765124e-11,4.6394188046861025e-08,1.8371613366881256e-13,1.5306285405802808e-10,4.174318348759698e-07,2.6057623073172387e-11,0.9999995231628418,2
6,1.8094909251531453e-12,6.820136633223228e-08,2.367413990539413e-13,2.8770433257996325e-10,7.945082103333334e-08,1.3298884563028857e-11,0.9999997615814208,2
6,5.097657322303273e-13,7.427811254956397e-08,7.932508274376139e-13,1.035140528848899e-09,2.480434773133311e-07,1.1762285589966837e-11,0.9999996423721312,2
6,8.00476547026252e-13,1.6120985435463808e-08,6.45403478924389e-12,2.877593718864091e-09,1.3381136909629276e-07,2.7612096636930872e-11,0.9999998807907104,2
6,1.5381754897569877e-11,1.6138754777017539e-09,1.914650946469032e-12,1.0648570913929234e-08,4.641310340502969e-07,1.7469284699367368e-11,0.9999995231628418,2
6,2.7211998279708105e-11,2.503492080307978e-09,1.384634269220586e-12,1.92923614861229e-08,1.0342649829908623e-06,3.6864563485172746e-11,0.999998927116394,2
6,3.528452877099575e-11,7.2679258167340785e-09,4.329079412654369e-13,5.933257796186808e-08,4.766906840814045e-06,1.9884701524253142e-11,0.9999951124191284,2
6,7.913154506655749e-12,1.1448567649452455e-09,1.8470521065318962e-13,5.242908329705642e-09,3.034768099041685e-07,4.3823035478229855e-12,0.9999996423721312,2
6,3.062716399937493e-11,1.0835586650159712e-08,3.1408201235129385e-13,1.047533837450487e-09,2.5928159175236942e-06,1.6584598278024387e-11,0.99999737739563,2
6,6.270834407295921e-10,7.967376092210544e-08,4.877777001754957e-12,5.023597982045658e-09,5.723627509723883e-06,1.9389527483593127e-10,0.999994158744812,2
6,9.348692826816052e-12,3.737847531493088e-11,6.3503051084203184e-15,1.9184723254461744e-11,2.639898184497725e-07,1.945597676022981e-11,0.9999997615814208,2
6,3.687578020716842e-11,1.1312487058212639e-10,1.8603172862309385e-14,5.856127388570442e-11,8.976364540558279e-08,1.6476084385708134e-11,0.9999998807907104,2
6,2.5866146030617543e-11,3.8724069090223516e-11,2.117251517066553e-14,1.1584843501166729e-10,3.008817017757792e-08,6.705803273776567e-11,1.0,2
6,1.1253859823201484e-11,5.4174380259564e-11,1.227645084520652e-14,1.8162116255382443e-10,2.6682533516009244e-08,4.874199308058103e-11,1.0,2
6,1.149990259269318e-11,5.702651684202921e-10,1.209548479712448e-14,9.522890809243734e-11,2.984536706662766e-08,3.641482948513186e-11,1.0,2
6,1.7868212335084288e-12,1.9008446205948104e-10,9.433745593782992e-15,4.474054113301485e-11,3.4964573458751143e-09,2.2646433339712505e-11,1.0,2
6,1.297741536628039e-12,6.477878650157365e-11,8.485275368897306e-15,2.1531618502046435e-11,1.0785777604382929e-08,7.781835592579611e-11,1.0,2
6,5.266864418554397e-13,4.0155066771685455e-11,1.3566358145306284e-15,1.6154667881185247e-11,1.0265721606117495e-09,2.0010541834647452e-11,1.0,2
6,7.039836378772146e-13,1.4886983312756286e-10,2.462545429751011e-15,4.726192007198371e-11,1.4145190574410547e-09,6.787321399359669e-11,1.0,2
6,1.1024396727541549e-13,1.3740349136259766e-10,2.592200127712516e-15,1.1947383186938776e-11,3.3270105420646345e-11,7.293294440602338e-12,1.0,2
6,7.038587377869443e-13,1.6412893266704032e-10,1.5121332124271546e-14,2.0255691221549018e-11,2.860208181409973e-10,3.979359550210226e-11,1.0,2
6,9.52414755677096e-14,1.862554555032148e-10,1.892881298481541e-14,1.8482316371803972e-11,9.8644627188893e-11,5.3117839987626425e-11,1.0,2
6,2.0745784257147903e-10,1.4624196076340468e-08,4.6231778821903546e-11,7.890727182768842e-09,9.58182244659156e-09,1.0234094460770392e-08,1.0,2
6,5.7116832097303665e-11,3.472988119312958e-09,4.708814501513947e-12,4.819182830573254e-09,7.172663352150721e-09,3.6877489950626336e-10,1.0,2
6,3.2927247733960385e-11,2.0701917957666183e-09,4.555668776246025e-12,4.003473552671721e-09,1.5192437530231473e-08,1.4237945544781638e-10,1.0,2
6,1.3251810673103879e-12,9.207958701074047e-11,1.728894195233803e-14,6.06983560635932e-11,8.429921649621974e-09,2.18697317200256e-11,1.0,2
6,5.978396163536237e-12,1.038261032704213e-09,1.3922043856293145e-12,2.3425350548222923e-09,8.000387019535538e-09,5.214753628912661e-10,1.0,2
6,8.634069411576732e-15,6.601622460494783e-12,1.370863268126981e-16,7.937778039035503e-13,1.004639149648767e-09,1.4791416789311509e-12,1.0,2
6,8.362440080678102e-12,1.111406300324802e-09,3.1121741468631564e-13,3.5845855173022305e-09,8.455852196220803e-08,1.203388944048811e-09,0.9999998807907104,2
6,5.4703918478393725e-11,5.608943531854038e-09,8.202848665074537e-13,7.554927794473086e-10,2.6289444576832466e-07,9.477777673794208e-09,0.9999997615814208,2
6,2.081222416627781e-10,7.193825979356917e-08,3.2857488431459188e-12,2.090106532293134e-09,3.0004123345861444e-06,7.2184396238128565e-09,0.9999969005584716,2
6,3.271357837397737e-11,2.462328723140672e-07,7.737604827695588e-12,8.698752274050037e-10,2.2482491601749646e-07,4.9705196403238006e-08,0.9999995231628418,2
6,4.954772148124674e-10,3.293499517553755e-08,3.2942121253043405e-10,2.3113953417919223e-08,2.3416285444000098e-07,5.77772311771696e-07,0.9999991655349731,2
6,3.944649495934982e-09,1.285028616848649e-07,8.12290945617633e-09,1.4435798902923125e-06,3.049611336791713e-07,1.2157621540609398e-06,0.9999969005584716,2
6,1.955400952269315e-09,6.325202406287644e-08,1.7999435275584121e-09,2.582335696388327e-07,3.238119461457245e-07,3.347902577388595e-07,0.999998927116394,2
6,4.136095910212134e-09,8.585548982864567e-08,1.1763547913545835e-09,2.606240627756051e-07,1.2099103230411856e-07,5.405311185313622e-07,0.9999990463256836,2
6,1.567572738281342e-09,4.507730366754004e-08,2.5347605958625508e-11,3.3891407014152726e-08,1.7003058871978285e-07,2.2033789548459026e-07,0.9999995231628418,2
6,5.305115902132229e-09,1.917345855417807e-07,4.3250783510195845e-10,2.0690201836259803e-06,2.4088660666166106e-07,1.515337999080657e-06,0.9999959468841552,2
5,0.0002961387799587,9.865500032901764e-05,0.0001171868862002,0.0470228008925914,0.0017823544330894,0.5436776280403137,0.4070052206516266,2
5,1.1655891285045072e-05,6.413629307644442e-06,3.4191492886748165e-05,0.0074655530042946,6.986834341660142e-05,0.9545820355415344,0.037830326706171,2
5,4.653993812553381e-07,3.851625507422796e-08,1.5365907302111736e-06,0.0017643962055444,4.7363042540382594e-05,0.9977670907974244,0.0004191072075627,2
5,8.671802902426862e-07,2.5302882011857264e-10,2.917039054750603e-08,0.0001381239271722,7.937487680464983e-05,0.9995664954185486,0.0002151632797904,2
5,1.2564779581225594e-06,7.69391668431485e-12,1.3813232335735393e-08,6.111135007813573e-05,2.6221199732390232e-05,0.9995406866073608,0.0003707503201439,2
5,5.623966217171983e-07,5.3018613804800545e-11,7.743771845980518e-09,7.176286453614011e-05,0.0001412999699823,0.9997820258140564,4.31682747148443e-06,2
5,6.229533369150886e-07,7.74125707980744e-10,6.346704850557218e-08,0.0002440512907924,0.0001058608759194,0.9996446371078492,4.756142516271211e-06,1
5,1.815511723179952e-06,1.655691916901958e-09,4.181160022653785e-07,0.0010592828039079,6.88741056364961e-05,0.9988264441490172,4.3244337575742975e-05,1
5,4.378493486001389e-06,5.912893091819527e-11,5.416995740858965e-09,0.000494195788633,0.0002220677997684,0.9992766976356506,2.6364186851424165e-06,1
5,7.330950211326126e-06,1.8126830592102292e-10,2.1328480315219167e-08,0.0003667529381345,0.0001569135638419,0.9994687438011168,3.0998344868748973e-07,1
5,1.0500826874704217e-06,9.290675000162008e-12,2.1630388591376e-09,7.524935790570453e-05,0.0001371674443362,0.9997864365577698,1.7475760216711933e-07,1
5,1.6724512761356891e-06,1.4610857662633592e-11,3.0488636060255203e-09,5.870632594451308e-05,4.278285268810578e-05,0.9998939037322998,2.8571762413776014e-06,1
5,1.897119688010207e-07,1.0178968085083896e-10,4.208837367514207e-08,7.906053360784426e-05,3.3700976928230375e-05,0.999885082244873,1.9351339233253384e-06,1
5,6.389037565668333e-08,4.210977747054479e-11,3.2118609993858627e-09,4.559710941975936e-05,2.6214198442175984e-05,0.9999277591705322,3.076604571106145e-07,1
5,2.8156916798138812e-08,7.565138099296931e-11,5.988482487673251e-10,0.0004513372841756,0.0006269586738198,0.998921513557434,1.8974090210122085e-07,1
5,8.215428692892601e-08,3.03547742497301e-11,5.222934862381122e-10,7.269895286299288e-05,0.0007509854040108,0.9991762042045592,1.0489949886505201e-07,1
5,2.0475351902859987e-07,8.98116747638511e-10,6.7726753094632394e-09,0.0003996144223492,0.0010393043048679,0.9985608458518982,9.24739609331482e-08,1
5,2.233330178569304e-07,1.393678394912001e-09,3.026244854709148e-08,0.0008566690958105,0.0005913043278269,0.9985515475273132,2.0727861738123465e-07,1
5,2.672651362445322e-07,1.8810422108828107e-09,3.1086241136790704e-08,0.0004456820606719,0.0001653210638323,0.9993883371353148,3.041405420844967e-07,1
5,9.368628539618841e-09,6.027045529322095e-11,1.0489923596423978e-08,0.0002624168992042,3.668153658509255e-05,0.9997004270553588,4.863547928835033e-07,1
5,1.0360502677997374e-08,4.459203839513037e-12,7.425966508378679e-10,3.609464692999609e-05,1.8890366845880635e-05,0.9999449253082277,2.2847613578846904e-08,1
5,1.2248645431256475e-09,2.0884766138706823e-11,3.1838391922889286e-09,8.14832019386813e-05,6.246064913284499e-06,0.9999120235443116,2.410304489330884e-07,1
5,9.194622663244445e-08,2.620419714549626e-10,3.3418238842841674e-08,0.000481788883917,8.666403118695598e-06,0.9995068311691284,2.5637295948399696e-06,1
5,2.0549968837713092e-08,6.829646570505332e-11,5.765002919488893e-10,0.0001365108619211,9.356086593470536e-06,0.9998537302017212,4.019567256818846e-07,1
5,2.6653208529126e-09,1.5968917160824603e-11,3.8742312136186285e-10,0.0001190521070384,5.309054358804133e-06,0.9998754262924194,1.1305100144909377e-07,1
5,1.2786608438730696e-09,6.1240045153010395e-12,3.730920780653513e-11,1.3073243280814497e-05,5.193936885916628e-06,0.9999816417694092,2.2505890484580963e-08,1
5,2.831282541748692e-09,1.456679360467561e-10,3.629859191001117e-10,0.0001806248910725,2.774660060822498e-05,0.9997912049293518,3.530608125856816e-07,1
5,2.2314602943218628e-10,6.263389546595777e-12,7.613482067014842e-10,3.367308818269521e-05,4.770124633068917e-06,0.999961256980896,3.17520829185014e-07,1
5,1.978075037101234e-09,6.669143709503443e-11,2.188683190240681e-08,7.647598249604926e-05,4.378767243906623e-06,0.9999178647994996,1.2254052990101627e-06,1
5,4.094723351499852e-07,1.0723986143545972e-08,2.213225570812938e-06,0.0004653081996366,9.821906860452144e-05,0.999414086341858,1.969938239199109e-05,1
5,1.904273858599481e-07,4.2906169284151474e-08,1.5961991550739185e-07,0.0039158221334218,0.000393205526052,0.9956362843513488,5.439541564555839e-05,1
5,1.5666938679714806e-07,2.3870438781159464e-07,2.2611223471358246e-07,0.0120928743854165,0.0007912663859315,0.9870415925979614,7.365801138803363e-05,1
5,2.7318153570377035e-06,4.316542856486194e-07,1.0522884252850417e-07,0.0425428338348865,0.0060412497259676,0.9513942003250122,1.841092671384104e-05,1
5,9.621203389542644e-08,4.956407906320237e-08,5.809612702023514e-08,0.0010268109617754,0.0003247049753554,0.9986392855644226,9.011852853291202e-06,1
3,5.612090490103583e-07,1.525102447885729e-06,1.8030505088972862e-08,0.9993658661842346,0.0005102936993353,0.0001088911012629,1.2868892554251944e-05,1
3,5.530720770252629e-08,2.7247149319009623e-06,6.2204534856391555e-09,0.9996460676193236,0.000325776200043,5.981081812933553e-06,1.933866406034213e-05,1
3,5.916844791897802e-09,3.3593644843676884e-07,5.580996220722055e-10,0.9999662637710572,2.2031630578567277e-05,1.781136660383709e-08,1.1356355571479073e-05,1
3,9.791625288357864e-09,6.419499243293103e-08,3.688885655273033e-11,0.9999711513519288,2.840146771632135e-05,4.417255006217147e-09,3.217791970655526e-07,1
3,3.8063126339693554e-07,1.9491477587507688e-07,4.831339217581386e-10,0.9999430179595948,5.474262798088603e-05,4.757890970097378e-09,1.665957370278193e-06,1
3,7.625405373801186e-07,8.176248798008601e-07,2.310450053499835e-09,0.999964475631714,2.6593072107061744e-05,6.527451468230083e-09,7.272054972418118e-06,1
3,2.2069797012136405e-07,5.549981665353698e-07,2.781356256420508e-09,0.9998756647109984,0.0001173577329609,1.3267514198389564e-08,6.1425703279383015e-06,1
3,2.574068105332117e-07,1.0437361197546124e-06,3.15691051078204e-09,0.9999325275421144,4.584258931572549e-05,1.5995452740114047e-09,2.02566479856614e-05,1
3,1.203059412091534e-07,1.0304086117685074e-06,4.098746064773451e-10,0.9998490810394288,0.0001430505653843,1.910499092261375e-09,6.637852493440732e-06,1
3,8.402246898242538e-09,5.607279263131205e-08,9.606536399697774e-11,0.9999942779541016,5.508356480277143e-06,2.7911975508665416e-10,2.2987342163105493e-07,1
3,2.4083510297145952e-08,1.2273498839476818e-07,3.296523942708518e-09,0.9999524354934692,4.688398985308595e-05,1.7251872819201708e-08,4.754379290261568e-07,1
3,3.965029904406947e-08,2.4000778253707722e-08,7.952938307909108e-11,0.9999425411224364,5.733879515901208e-05,1.1577248049121636e-09,9.119304422711141e-08,1
3,1.944130900710661e-08,3.578708884788284e-09,1.8615543134758997e-11,0.9997705817222596,0.0002294388978043,3.577064422444209e-09,6.432179677773321e-09,1
3,6.017919496059676e-09,1.8416703717605287e-09,1.1658160548044803e-11,0.9999845027923584,1.54259214468766e-05,4.4175368224541594e-11,9.286416080556137e-09,1
3,8.285000774321817e-08,1.329081844581026e-09,1.7355353265635642e-11,0.9999833106994628,1.665434319875203e-05,5.95446136841815e-10,4.072660875209522e-09,1
3,1.1341035666134758e-08,2.9719013916462704e-09,5.858472734709963e-11,0.9999997615814208,2.1127121385688954e-07,2.435579793402809e-10,2.0426579538934675e-08,1
3,7.114546729525272e-10,2.700305257175017e-10,1.9027524000847507e-10,0.9999998807907104,7.543014390876125e-08,1.010060576844829e-10,7.3718475768203015e-09,1
3,5.0139480123334585e-08,7.049650307955345e-10,9.991801136477464e-11,0.9999935626983644,6.428858341678279e-06,2.435087242957934e-09,3.361725120498704e-09,1
3,4.0117591026955786e-08,5.410766279467794e-10,2.1506663117065727e-10,0.9999994039535522,5.121275421515747e-07,1.5695553190475664e-10,3.3593670067944e-09,1
3,8.515920768559226e-08,4.050164648106147e-09,1.5536592457010556e-08,0.999996542930603,2.307080677610429e-07,7.667339652073224e-09,3.160150527037331e-06,1
3,2.62448202059673e-10,1.0169285413752503e-09,9.71460023535542e-10,0.9999991655349731,7.253514411331707e-08,3.07694564272154e-10,7.563059511994652e-07,1
3,3.2654114079377905e-08,1.52015910970249e-09,9.763090336178948e-10,0.9999982118606568,7.538690738329024e-07,1.2181765818297665e-08,9.8461657671578e-07,1
3,1.297643450470787e-07,1.140568528512631e-08,6.931355933659233e-09,0.999996304512024,1.4525186031733028e-07,4.8830450793957425e-09,3.456907734289416e-06,1
3,2.2995134685288572e-09,3.9864395118272005e-10,3.427949868406444e-10,0.9999995231628418,1.2902893331556697e-07,1.5323314839221777e-10,3.245070843149733e-07,1
3,4.054980351497761e-09,5.250795354072578e-10,1.6313182749083666e-10,0.9999984502792358,7.975601192811155e-07,1.7956144904296423e-10,7.151144814088184e-07,1
3,5.276448789004463e-08,4.3236290103720876e-09,1.4732189079769142e-10,0.9999387264251708,6.088207373977639e-05,1.471917077111584e-08,3.722150268004043e-07,1
3,2.4747007998371373e-08,1.6678967540428857e-08,2.7032157068340723e-10,0.9999326467514038,6.665790715487674e-05,1.507678604184548e-08,7.044735639283317e-07,1
3,3.889595756589871e-09,1.4345010734828632e-09,4.2101998970478505e-12,0.9999799728393556,1.994378908420913e-05,1.265452742593709e-09,3.862200159687745e-08,1
3,3.4347418242930412e-09,2.953622679768841e-09,2.6247094775389e-11,0.9999871253967284,1.2651554243348072e-05,5.07805930638483e-09,2.1991951371092e-07,1
3,6.042838407438468e-08,2.522615449862542e-09,2.072738682079578e-11,0.9999239444732666,7.570999150630087e-05,1.3795083964041055e-09,2.593390888705472e-07,1
3,4.2318770709925964e-08,3.5383735941252326e-09,3.397097186885745e-11,0.9999788999557496,2.0537623640848324e-05,2.95478130851734e-09,4.759954208566342e-07,1
3,1.4592655084300077e-08,6.133884511427823e-10,2.87924220056246e-12,0.9999923706054688,7.556703167210799e-06,3.036741968998058e-10,4.538808795473415e-08,1
3,1.0939182715219432e-07,3.6740380182642696e-10,6.163949559101489e-12,0.9999943971633912,4.165828158875229e-06,3.123611147515248e-09,1.3664755442732712e-06,1
3,1.1615450290491937e-07,1.986683040300363e-09,1.9871027046036718e-10,0.9999818801879884,1.6223884813371114e-05,1.4701735828737128e-08,1.7850621816251078e-06,1
3,8.92967690901969e-08,4.917295459705429e-10,3.4080717414841644e-11,0.9999560117721558,4.362372419564053e-05,6.137642838410784e-09,2.687715152660531e-07,1
3,3.199668867637229e-07,2.6022586863128083e-10,1.3074220525655099e-11,0.9996398687362672,0.0003596351307351,2.8984016964273e-08,1.2957764283783038e-07,1
3,3.0184573063252174e-08,1.99460836736165e-10,1.1158854222592662e-11,0.9999430179595948,5.697079177480191e-05,8.067781998022383e-09,1.8974455784359637e-08,1
3,2.5833625016957743e-08,1.2546062799767554e-10,5.187968544345667e-12,0.999974489212036,2.547087387938518e-05,1.2572276553157735e-09,8.432938791713696e-09,1
3,9.541874845808708e-09,8.062412543141662e-11,3.700833910158519e-12,0.999991536140442,8.450251698377542e-06,4.1567835284972427e-10,8.951182572936033e-10,1
3,1.1646375241980424e-07,1.542360683615129e-10,4.2246858789063424e-11,0.9999467134475708,5.317071918398142e-05,1.262850624073053e-08,1.840403274222524e-09,1
3,3.3278253486201943e-09,1.2273708438481634e-10,2.8144825012232918e-11,0.9999862909317015,1.3705409401154611e-05,1.3097012363516571e-09,2.9219389130474838e-09,1
3,3.5067686532386233e-09,3.0204380663256813e-11,3.007077659794577e-12,0.9999693632125854,3.064012707909569e-05,7.315033023758132e-10,3.3702257651313516e-10,1
3,9.092203379079676e-11,2.317910403545897e-12,2.5602068208507855e-13,0.999996781349182,3.179176928824745e-06,3.2557994494863956e-11,2.3217787067930648e-11,1
3,5.7087005261857726e-11,4.568964022226564e-13,1.510545838802682e-13,0.99996018409729,3.9798804209567606e-05,2.1447903453264412e-09,9.704901465790171e-11,1
3,7.940375787440779e-12,9.341867557299821e-13,7.145324642295754e-14,0.999990940093994,9.073230103240348e-06,1.0443969022944086e-09,8.804248996518993e-11,1
3,1.412194037923864e-12,9.086070247967329e-14,8.075551132750297e-15,0.9999891519546508,1.0885188203246798e-05,1.499317558995017e-09,8.474360102539436e-12,1
3,7.214287760931581e-13,8.620774721249809e-14,2.5057267458855614e-15,0.9999958276748656,4.124244696868118e-06,3.9117650091347045e-11,3.737118253743788e-12,1
3,8.159266990347136e-13,8.077781878720187e-14,1.3973270782639826e-13,0.999997854232788,2.159430550818797e-06,6.707493449553681e-10,1.932763150913619e-11,1
3,7.892797526665163e-12,6.980886680350852e-13,3.5892377394861064e-14,0.9999699592590332,3.0020302801858637e-05,1.4451476681998086e-09,1.9780137597291688e-11,1
3,7.338637510179158e-12,2.7569960203699395e-12,3.543104665996305e-13,0.9999685287475586,3.1482930353377014e-05,4.9924251399602335e-09,3.9437009213827423e-10,1
3,8.986367205920942e-12,5.84188045160694e-11,9.143171110633995e-14,0.9999902248382568,9.79124797595432e-06,2.5620731231024152e-11,5.302796535211485e-10,1
3,1.4627093980479344e-10,1.0776151498914643e-10,2.7135236765896128e-11,0.9999473094940186,5.272668931866065e-05,1.6248824508124924e-09,7.654074707375003e-09,1
3,6.35010266591962e-10,2.805313759068895e-10,2.657872255618088e-10,0.9999767541885376,2.318911356269382e-05,1.9588712873996883e-08,1.4701155848229064e-08,1
3,1.9905523410135292e-11,5.647538101234695e-13,3.166521515482468e-12,0.9999946355819702,5.38379026693292e-06,1.2826681383693028e-10,6.081483927555809e-11,1
3,8.641256113439688e-13,1.3223616808760025e-13,2.03081627035695e-12,0.9999994039535522,5.914141070206824e-07,1.2862823653425616e-11,4.8892431769864686e-11,1
3,3.2362172837363534e-12,7.622411382635086e-12,7.038178928553407e-10,0.9999995231628418,5.222806862548168e-07,1.8023967041091995e-10,3.0719857213590274e-10,1
3,7.038103823700514e-13,3.766844963119104e-13,6.3447836394503465e-12,1.0,4.2994631854753607e-08,7.5033918965281e-13,4.3954503231580227e-11,1
3,3.915421372541195e-12,7.297449862268823e-13,1.3786970176621338e-10,0.9999998807907104,6.334022373266636e-08,3.017482964884355e-12,6.399551027991279e-11,1
3,1.0912722808731343e-10,6.564830601872573e-13,9.539473377895291e-11,0.999996542930603,3.435998223721981e-06,5.264099919854992e-11,2.325084222376539e-11,1
3,5.215620687074042e-13,2.543684934994822e-13,2.5736619432836783e-11,1.0,2.254733644235785e-08,1.5739284875415649e-12,2.956035763390652e-11,1
3,4.356584537568153e-11,4.146159977846953e-12,3.3974850710549726e-10,0.9999990463256836,9.109462553169578e-07,9.211063023428777e-10,2.1976360731201794e-09,1
3,4.446622323822647e-12,2.7340085490684678e-12,6.892757198340149e-11,0.9999996423721312,3.596576618747349e-07,2.5815150017649557e-09,1.6171766148431743e-08,1
3,1.8229870195861367e-13,3.678743778785104e-13,2.303962793118175e-12,1.0,1.2890629008666112e-08,2.18303916610374e-11,3.534798898030544e-09,1
3,5.930240023002686e-13,3.498891714553976e-13,6.459032527578179e-13,1.0,4.4182923986113565e-09,9.042880918901096e-13,2.9299859760634206e-10,1
3,3.005722060134275e-10,7.026343916416433e-12,1.6298301250272648e-11,0.9999998807907104,1.2025010676097736e-07,7.288902120761165e-11,1.0410172723851474e-09,1
3,3.840803976945528e-12,1.3022121358660654e-12,1.6624418855415435e-11,1.0,1.661924464713138e-08,9.917539879611414e-13,4.0820283264686447e-10,1
3,3.247783986193298e-11,1.221788295535653e-11,2.781368668366979e-12,1.0,5.5876665072673866e-08,4.7009308744945175e-14,1.975206220805603e-09,1
3,2.4266111689486003e-11,3.3060767665182844e-12,8.6916869534992e-11,1.0,2.2385188813700552e-08,2.9393809435063197e-12,1.957672024488488e-09,1
3,1.7449620914877784e-10,1.1568630602087904e-11,1.0317317312991126e-11,1.0,2.036710178288104e-08,3.1355907453844983e-13,2.725038639184163e-09,1
3,1.4277709015075855e-09,3.7562442739558215e-11,2.5553921825793857e-11,0.9999998807907104,7.666361057090398e-08,1.3780797791969337e-13,1.5658439878052377e-08,1
3,3.307107920846874e-09,5.725633855924173e-10,1.8318557781782372e-10,0.9999994039535522,5.472065822687e-07,2.9553503741452936e-12,5.3366388641507e-08,1
3,9.497566111349445e-08,3.678611415480759e-09,1.0340265532704508e-08,0.9999982118606568,1.0899293556576597e-06,4.0492734165731287e-10,6.521250384139421e-07,1
3,2.7717069528421238e-08,2.2464072824135432e-09,3.739660581203452e-09,0.9999991655349731,3.983175815847062e-07,1.2722138620357979e-10,4.433035769579874e-07,1
3,7.789518363665593e-09,4.755299487513297e-10,2.5644014689518713e-10,0.9999996423721312,2.2569821567230974e-07,9.590654659330512e-12,7.00489195537557e-08,1
3,4.327003644277738e-09,8.174058652166137e-11,2.7608057506789407e-10,0.9999998807907104,5.8649330725302213e-08,5.797941987628619e-12,6.829701248989295e-09,1
3,9.763313491006895e-10,6.255410078814805e-11,3.1983196091545092e-09,1.0,3.565581829789721e-09,2.6404448072447903e-11,6.9307604100288245e-09,1
3,4.381691398602783e-10,1.7352001779880055e-11,1.0842184927639662e-09,1.0,2.7564626137177584e-08,2.1203502495459322e-11,1.3372819518409074e-09,1
3,7.555473469089691e-10,2.405677653610772e-12,6.172151548536342e-14,0.999997615814209,2.346235305594746e-06,1.1018043302810783e-13,8.974995052701829e-11,1
3,8.65766291990866e-10,3.0331286527546238e-12,3.649874727538333e-13,0.9999759197235109,2.4024793674470857e-05,4.810867416243925e-12,9.454649563256368e-11,1
3,3.5371112261373134e-08,4.623021583605169e-12,5.958071275929955e-12,0.9999877214431764,1.2266266821825411e-05,1.9609132373421542e-10,2.9115477390151405e-11,1
3,1.1996278415082884e-09,7.530586397519469e-13,2.581451762420639e-12,0.9999995231628418,4.288921786610445e-07,4.8503347171990896e-11,5.080953019431789e-12,1
3,1.2334551158232896e-09,1.3133755367988886e-11,8.618416852575196e-13,0.999992609024048,7.342245680774795e-06,6.846648682029555e-12,7.967593945723549e-11,1
3,4.3227121881983516e-10,8.113337258974784e-12,3.2121021120712356e-11,1.0,4.743611015101124e-08,1.8263855705580312e-11,2.5084630553284804e-11,1
3,4.280007945278719e-11,4.3300066765623874e-14,1.6037803138475862e-13,1.0,1.8967252657375866e-08,6.06971341677448e-13,2.098773493322201e-13,1
3,1.514370157051914e-10,6.14348741150017e-13,7.234760013297148e-11,1.0,2.3402003890282685e-08,9.510325686690192e-12,7.470711549384389e-11,1
3,1.0320275189990014e-10,1.4411066740979694e-12,1.9912996598869803e-11,1.0,4.5074676630063586e-11,1.663766102969963e-13,3.0783334215023217e-10,1
3,2.1302168362602455e-11,9.739714460291204e-13,2.0562117980515996e-11,1.0,1.8339370300157756e-10,8.731655806379357e-13,3.1226146668394956e-10,1
3,4.6062539893476634e-10,4.245256923773866e-12,3.153808160807903e-12,1.0,4.3141481498309994e-09,2.6184317301197746e-12,4.756598448452111e-10,1
3,1.4568862782837755e-10,2.1211459238362762e-12,1.4823613257025636e-12,1.0,1.2212821864920896e-08,1.3485635351473402e-11,2.0008312784369764e-09,1
3,3.0904878656201613e-09,6.6874296898722366e-12,5.314880046486392e-12,0.9999995231628418,4.232842343299126e-07,1.0022667418230212e-10,1.8755128561309675e-09,1
3,4.4096434836937693e-10,2.795291775825604e-12,1.866582929888061e-11,1.0,3.03929432732275e-08,3.4059230435978805e-10,1.0206744782692569e-08,1
3,1.8450951877468924e-10,4.190049782831773e-12,5.379004880401439e-11,0.9999985694885254,1.4253578228817787e-06,4.820393390003729e-11,2.2424494205974807e-10,1
3,6.226778537232747e-10,1.19849633689606e-11,7.110387278963515e-11,0.9999991655349731,7.959976073834696e-07,4.3287876755337955e-11,2.189227243931668e-09,1
3,2.5821603188980186e-10,4.390289867761688e-11,3.6460636593238505e-11,0.9999983310699464,1.7147096968983533e-06,1.5628821153912398e-11,7.0928876105824665e-09,1
3,1.9485947577724258e-10,3.828895533963816e-11,2.2077889863525435e-11,0.9999992847442628,6.812231845287897e-07,4.605554479453211e-11,3.4285541516965174e-08,1
3,4.174447898463995e-09,4.413659715485352e-11,5.431548544265752e-10,0.9999991655349731,2.397629828010395e-07,3.8378392130944405e-10,5.711848416467546e-07,1
3,1.2389583048388886e-07,1.3209120464097166e-09,4.683469168043075e-09,0.9999972581863404,1.0294248795617025e-06,8.415435570618968e-10,1.5778712167957565e-06,1
3,2.2891315509809832e-08,8.665020784226485e-11,5.113959256064503e-10,0.9999828338623048,1.704357418930158e-05,2.32247487907955e-09,5.212243436858444e-08,1
3,5.6430504713489435e-09,7.299091192569662e-11,9.845541742992123e-11,0.9999682903289796,3.172403739881702e-05,8.223312031319097e-10,2.023792466943064e-09,1
3,1.0991170640295422e-08,4.459426924952048e-11,4.4204234717071245e-10,0.9999125003814696,8.745461673242971e-05,4.364104189136242e-09,2.0675721135177128e-09,1
3,5.4974648833194806e-08,6.855205292310983e-10,3.6955973836683134e-09,0.999705135822296,0.0002947299508377,3.5153117750041936e-08,2.8735062329587894e-08,1
3,4.6317211399582454e-08,4.3479919664690664e-10,2.454783043503994e-09,0.999859094619751,0.0001408482930855,1.5211114146040927e-08,1.169653707222551e-08,1
3,2.1717283971156576e-08,1.6880710718147895e-10,4.016181276433883e-10,0.9999594688415528,4.047065158374608e-05,1.0706977526808712e-09,1.726894072184848e-09,1
3,2.7701247518052696e-08,1.5708620168530807e-11,2.7067831309679486e-10,0.9999812841415404,1.872306711447891e-05,1.1297426327772087e-09,3.1947156031719715e-10,1
3,6.825447229630299e-08,1.4123857638992376e-10,4.806954390090823e-09,0.9996967315673828,0.000303252832964,1.7061680068763962e-08,2.0753270213447195e-09,1
3,1.5248813323154307e-09,5.223291417444376e-12,1.2096319779164588e-10,0.9999583959579468,4.161019023740664e-05,9.871510275871742e-10,1.8528782674831487e-10,1
3,1.2357110001914862e-08,2.7253936954463317e-11,5.360649146801676e-10,0.9995935559272766,0.0004063360975123,7.233003884721256e-08,4.5977581741851745e-09,1
3,2.14140394305673e-09,8.582896546260876e-12,7.986220192102156e-12,0.9997054934501648,0.0002945052983704,3.734628606366641e-09,1.0697925184599555e-10,1
3,1.2216684330823566e-09,1.54780214253053e-12,1.059684431132732e-13,0.999605357646942,0.0003946723300032,4.6284479027214326e-10,8.303423053301895e-13,1
3,6.411930431049483e-10,1.3408065890202492e-12,5.314574193053534e-13,0.9999158382415771,8.41221262817271e-05,2.2996105020212103e-09,1.0198884271839235e-11,1
3,3.861269637361886e-11,8.974407588596689e-13,4.6512252870837406e-14,0.9999903440475464,9.61431214818731e-06,8.001186518891146e-11,8.300291010066019e-12,1
3,9.909618264858365e-11,1.6154613454236189e-12,3.159180003101808e-13,0.9999818801879884,1.8085956980939955e-05,3.0013957985630672e-09,2.2576544800312348e-11,1
3,8.129564799119747e-10,1.541683447570108e-11,6.820309594868235e-11,0.999984860420227,1.498190795246046e-05,1.296809699624646e-07,7.603300211656006e-10,1
3,9.12350284210106e-09,3.959638172901237e-12,2.383372665892836e-10,0.9999914169311525,8.620196240372024e-06,3.97565926846255e-08,4.460391431204691e-11,1
3,3.4783670388449645e-10,4.433249340546341e-12,1.0442859910142488e-09,0.9999992847442628,7.622224984515924e-07,3.2362341695346686e-09,8.309144344798014e-11,1
3,1.4687657340362037e-11,3.150902390565425e-13,2.484783212519659e-10,1.0,4.155142363515552e-08,1.160184188303548e-11,6.132766169897329e-12,1
3,8.263645323580704e-11,7.061674378930349e-13,1.6763793131424618e-10,0.999997854232788,2.1942485091130948e-06,5.22315879436519e-08,8.473512690121421e-12,1
3,4.116354392763588e-12,2.720815380722469e-13,2.82385248517869e-09,0.9999997615814208,2.2008698863373866e-07,7.254871370321325e-09,1.0846100059747066e-11,1
3,3.919667715401864e-11,6.849447902303532e-14,1.3209636051669804e-07,0.9999998807907104,2.2090448581479905e-08,2.266473231316013e-09,3.232728321145295e-11,1
3,3.511998469818422e-10,5.138517107476648e-13,1.419247013245695e-07,0.9999990463256836,6.844392714810965e-07,9.223467145602626e-08,4.8594354234987585e-11,1
3,2.791340249219676e-11,2.776522501496404e-13,1.7473775759668795e-09,1.0,2.9291728154134944e-08,1.2174666830233602e-10,3.700337952716737e-11,1
3,6.223263571136782e-11,6.439839438619754e-13,4.384113627686759e-10,0.9999995231628418,5.125477855472127e-07,4.0542985857427993e-08,3.001292825377533e-10,1
3,3.411164796809918e-12,4.931008943179216e-13,1.12946756114507e-10,0.9999996423721312,3.4709574947555666e-07,1.7120244111268335e-09,2.28076359881646e-11,1
3,6.722680051529649e-11,5.425581858786721e-12,2.972565660286364e-08,0.9999996423721312,3.814362798948423e-07,7.307477289941744e-09,5.736860986260695e-10,1
3,6.459860424357089e-11,1.4216194194061059e-11,3.6651009338584124e-08,0.9999994039535522,5.325902634467639e-07,1.4111388724202811e-09,3.2851024678315355e-10,1
3,5.435931652725268e-12,4.252380132047096e-12,2.519350061902514e-09,1.0,5.1341270790317146e-08,3.0439369774759584e-11,5.256415303023232e-10,1
3,1.2635284485362774e-10,3.452845301343821e-11,1.1552812928528056e-08,0.9999997615814208,2.513316701424628e-07,2.32612179518199e-10,1.861993670360107e-09,1
3,4.5973078122152334e-10,1.3983446345289252e-10,1.7583093381290382e-07,0.9999995231628418,2.4457054337290174e-07,8.437486126444682e-11,1.1659597731750182e-08,1
3,1.7917441974546475e-09,1.9483385738094936e-10,3.1319565607645934e-08,0.9999974966049194,2.4822313662298257e-06,1.441175217359314e-11,1.5568287992095975e-08,1
3,3.6678052262040234e-10,8.233595749640442e-11,2.340534877021128e-08,0.9999997615814208,2.471636548762035e-07,4.4384799655072804e-12,2.1858834742261024e-08,1
3,8.878577734128257e-11,6.263060903233253e-11,1.107916092202288e-09,0.9999997615814208,2.357595292323822e-07,3.6080801974619488e-12,2.021580769451248e-08,1
3,2.0401100253586435e-10,2.3937207771496105e-10,1.9018102648260533e-09,0.9999998807907104,1.535189682044802e-07,2.0691345772178016e-12,2.3064293586116943e-08,1
3,2.584015987294741e-11,4.4996596726409877e-11,2.230764906130389e-09,1.0,5.2160423535951856e-08,8.596185829129467e-13,1.884949085706466e-09,1
3,2.001582927180223e-10,1.0512587328426191e-11,2.260640424855964e-10,0.9999984502792358,1.6051744751166552e-06,1.2114987832378965e-12,3.122889724593847e-10,1
3,5.487030829698368e-10,5.379079993927949e-12,6.737982394255937e-11,0.9999864101409912,1.3550687981478404e-05,6.468808236466396e-13,2.639628446376996e-11,1
3,3.059729414278678e-10,3.1243078870563097e-12,3.1243216347398566e-11,0.9999977350234984,2.313427785338717e-06,1.6886867609550857e-13,1.6915156775265672e-11,1
3,4.811718801178698e-10,1.163628872077882e-12,5.918509606017697e-12,0.9999954700469972,4.545272986433702e-06,3.653386729425556e-13,4.347220500244831e-12,1
3,6.142274189269159e-11,6.986286413745643e-14,3.4254574003689253e-12,0.999994158744812,5.801543466077419e-06,1.195886597214757e-12,1.7697502534622098e-12,1
3,2.70066972257732e-11,6.161191619825229e-14,8.826677588705603e-14,0.9999979734420776,2.0254988157830667e-06,1.7173645521623672e-14,3.0646139922638205e-13,1
3,4.593317740053671e-11,8.107617089627915e-14,1.0895558950506021e-13,0.9999995231628418,4.933488071401371e-07,3.32510067928022e-14,3.925842398562474e-13,1
3,1.5646742582142714e-11,1.5703674051772455e-14,8.009094621774621e-15,0.9999998807907104,1.5283895038464834e-07,1.0688849580629497e-15,1.4951434255711278e-14,1
3,7.2510031833006305e-12,7.906069157367131e-15,3.1989503683797424e-15,1.0,1.5672245723408196e-08,1.166716416437874e-16,7.394357072173022e-15,1
3,7.830149723053735e-11,2.4739113413537427e-14,1.6417940683181864e-13,1.0,1.3803510334753357e-08,1.2848639388768691e-14,3.9636723807648384e-14,1
3,2.723667645587735e-12,2.4994362557027774e-15,3.270028396994758e-16,1.0,1.9410113516471483e-09,9.6464413372505e-17,1.753696061083238e-15,1
3,1.5714067200245374e-11,1.7925653908283656e-13,2.502535938891937e-12,1.0,4.6061373465411386e-11,1.0901748135548313e-15,2.4626383831466425e-12,1
3,2.5087226740438945e-10,8.474257753854353e-12,3.1215707102516526e-11,1.0,1.7924520201439975e-10,1.6618813530183685e-14,5.275747547162091e-11,1
3,1.5777382178505659e-10,5.631952369744564e-12,2.069562056450369e-11,1.0,3.3258658049817313e-09,1.296647251375349e-13,2.3873880650171486e-10,1
3,3.911714355209206e-11,2.285858785242012e-12,5.5244451374614194e-11,1.0,3.6542331383060404e-09,1.7295878813362866e-13,3.460097833252185e-11,1
3,5.217957177450215e-10,1.0350169072498305e-12,1.6824852622221442e-10,1.0,1.0705272224242892e-08,1.0098651515716428e-12,2.609135303643928e-11,1
3,8.55618353945431e-11,1.2433191412183908e-12,1.4775301815372901e-10,1.0,1.8375663657366204e-08,1.756011677213343e-12,2.982995447875503e-11,1
3,2.6905533356824657e-10,1.0943995275985996e-12,4.914206628431339e-12,0.9999980926513672,1.863574425442493e-06,2.0281233290009304e-12,9.739180815981907e-12,1
3,2.1648123293971366e-09,2.243492717990403e-12,1.0264065986032024e-10,0.999991774559021,8.245227945735678e-06,2.291284349753564e-11,3.3876235150387395e-11,1
3,6.827523546526493e-10,4.765965400110872e-12,5.451012419221968e-10,0.9999866485595704,1.331169460172532e-05,2.5994489546987687e-11,4.955627019853637e-10,1
3,2.5313515172875606e-10,1.9688990021693442e-12,1.6970397309634675e-10,0.9999865293502808,1.3466769814840518e-05,1.1946993741518419e-11,7.204726398812866e-11,1
3,8.786913974212495e-10,7.667423120027994e-12,5.145919107496511e-11,0.999698042869568,0.0003020372532773,6.412624875551386e-10,4.1007230944245516e-10,1
3,2.842818647152967e-09,1.6804200392295243e-11,1.4276080317898732e-10,0.99978905916214,0.0002109803899656,6.770095040131706e-10,6.436774446783032e-10,1
3,1.4628211530975932e-08,5.361698498379529e-12,3.854031538352841e-10,0.9999769926071168,2.301359745615628e-05,2.507613894309202e-09,1.959674200691097e-09,1
3,5.925127499750715e-09,6.210702525183409e-12,3.773552581520789e-09,0.9999938011169434,6.1347359405772295e-06,7.391608436435604e-10,1.6405882208303522e-09,1
3,4.933563779729866e-09,2.6732125193995596e-11,2.8124755857561463e-09,0.9999910593032836,8.921188964450266e-06,1.7609315394739866e-10,7.206837349116312e-10,1
3,7.116058298173301e-10,1.2493847970085348e-11,2.5029804895382313e-09,0.999996781349182,3.229238473068108e-06,1.8890126962656237e-10,9.267981382343747e-10,1
3,4.224228522531348e-09,6.337248781296266e-11,1.3592014624919102e-08,0.9999957084655762,4.262928086973261e-06,2.375722951697412e-09,6.738205993173096e-09,1
3,5.2327071564661765e-09,2.2997565657378868e-11,8.38577207673552e-08,0.9999994039535522,4.825144515052671e-07,1.464609211687673e-09,2.7448033179666712e-08,1
3,4.563371014398854e-09,1.926385093109495e-11,2.9734788853374997e-08,0.9999997615814208,1.7281466568874748e-07,6.362663174108717e-10,1.1257394127994758e-08,1
3,1.5870845970766826e-08,2.5443006035352767e-10,1.4633099176819542e-08,0.9999924898147584,7.519028258684557e-06,4.830426614255146e-10,2.205920113240722e-09,1
3,1.200182140337347e-07,2.0353817242746428e-10,1.0104272973876505e-07,0.9999836683273317,1.611048173799645e-05,6.9372201316753035e-09,6.754363290895071e-09,1
3,1.1504726060707073e-08,2.8174540825376404e-11,5.5764211026598795e-09,0.999996304512024,3.670672413136344e-06,3.803874715213595e-10,3.5210434568000437e-10,1
3,9.251797550291483e-09,3.879196443234978e-12,2.169073587410253e-09,0.9999994039535522,6.10410552326357e-07,1.7483433589760011e-09,1.7542280128513002e-10,1
3,9.87614399150516e-08,2.1108380668377613e-11,1.1312989656175889e-08,0.9999898672103882,1.001605050987564e-05,1.1148011402895008e-08,2.900691076224149e-10,1
3,1.2864826715031086e-07,6.064699437091646e-11,2.711828317458753e-09,0.999811589717865,0.0001883515360532,2.3173088337102854e-08,2.632412954284291e-09,1
3,5.877605957493871e-09,1.1510454048235808e-11,1.1364610363884251e-09,0.9999977350234984,2.217146857219632e-06,1.6637816679931914e-09,3.3037278468484033e-10,1
3,1.2586636177758235e-09,1.3972911369619645e-12,1.8200785323330135e-10,0.9999964237213136,3.5899909107683925e-06,4.178992707437601e-09,1.5026659083705596e-10,1
3,1.4501764233898482e-09,2.5266390542288963e-12,1.2056823595063548e-10,0.9999704360961914,2.9613185688504015e-05,9.705603432053069e-09,1.9212073598673382e-10,1
3,1.3101925100400535e-09,7.207505859502249e-12,1.0471179479054624e-09,0.9999493360519408,5.057917223894037e-05,7.546130120772433e-08,3.7265707186762137e-10,1
3,1.642822655689713e-09,9.75424515464729e-12,2.0014137902535367e-08,0.9999414682388306,5.285410952637904e-05,5.5635455282754265e-06,1.0767443603398872e-09,1
3,4.663938124593868e-10,1.5334851444226416e-12,7.434299842401515e-09,0.9999902248382568,7.711264515819494e-06,2.0027007394674e-06,5.796376711941774e-10,1
3,9.197834716090371e-10,8.913626130604979e-13,1.6436733918379076e-10,0.9999828338623048,1.692250771156978e-05,2.817730830884102e-07,9.015318352956214e-11,1
3,1.1768640229004035e-10,8.705763540617362e-12,1.5880998738282415e-09,0.9999974966049194,2.559316953920643e-06,8.236915149950619e-09,1.5837099687221468e-10,1
3,1.3675933996371015e-10,8.864756151361064e-12,5.13505571397843e-10,0.9999988079071044,1.2278874237381388e-06,1.5515739804072835e-09,1.5831624899931282e-10,1
3,7.36995353634029e-10,2.319721151278209e-11,2.6434621158699656e-10,0.999995231628418,4.816442469746107e-06,4.267729503126816e-10,1.917370845427868e-10,1
3,6.914652184164538e-11,5.144956682912039e-11,1.9936374773266152e-09,0.9999991655349731,7.852038379496662e-07,1.604819499512189e-09,8.763513248410958e-10,1
3,1.8598013754034248e-11,1.9681372850910428e-11,1.016560502442587e-09,0.9999995231628418,5.052423830420594e-07,5.488191012759103e-10,1.9575728538168136e-10,1
3,3.707317786094677e-11,3.018392827347505e-12,1.2348007338847109e-10,1.0,5.177000517164743e-08,6.337614461005002e-11,3.645179644240493e-11,1
3,2.4735890419291806e-11,7.937978399596979e-12,3.5142461163317757e-10,0.9999998807907104,8.18442913441686e-08,2.592477101048818e-11,1.9349812030444724e-10,1
3,4.306088541294884e-10,3.805306330456615e-12,1.672234795080385e-09,0.9999939203262328,6.127164851932321e-06,4.585425095182672e-10,1.2960850448440198e-10,1
3,1.4540377790694947e-09,9.323759646295836e-12,2.58420812526694e-10,0.9999898672103882,1.0072374607261736e-05,8.151401081901709e-11,5.5263602721788985e-11,1
3,3.300032247466333e-09,1.0338362388395692e-09,1.4474386134111226e-09,0.999967098236084,3.2813160942168906e-05,6.872294955329038e-10,4.541499620813738e-08,1
3,2.1006649753019246e-09,6.259569529376562e-10,2.0494049512986834e-10,0.9999127388000488,8.722640632186085e-05,3.8469685770259327e-10,1.9147039509448405e-08,1
3,8.888692559771981e-10,1.4746495136108704e-09,3.5151435096025803e-09,0.999898076057434,0.0001014712761389,1.0164418196012548e-09,3.86737013968741e-07,1
4,1.0963950636266873e-08,3.210035570688774e-09,4.0712964249900445e-11,0.0023815820459276,0.9976092576980592,1.152640010104733e-07,8.997742042993195e-06,1
4,2.2699136792425637e-08,1.8569435988879943e-09,1.9581029506166022e-11,0.0012776117073372,0.9987189769744872,4.236205697338846e-08,3.284077138232533e-06,1
4,5.507915190605672e-08,3.3826577094941963e-09,3.363571574044322e-11,0.000207881515962,0.999790370464325,2.6396069774392564e-09,1.809657646845153e-06,1
4,2.6289004750879034e-08,2.643817109682089e-10,9.16690768432149e-13,9.548458024255525e-08,0.9999998807907104,6.954827685978769e-11,3.712672480560286e-08,1
4,8.990016731047492e-09,1.9779148804910385e-11,4.0157249270658673e-13,1.8285111309523927e-06,0.9999980926513672,3.710223100972243e-12,8.668902040653849e-08,1
4,1.2248939640358003e-09,1.31590596197384e-08,1.352434874160591e-13,5.94443633872288e-07,0.9999990463256836,2.8771066475433155e-14,3.387835931789596e-07,1
4,2.542640542557706e-10,4.999213043532791e-09,2.102097081200637e-14,1.7444209632344613e-08,0.9999997615814208,5.846084521424906e-14,2.4015238864194544e-07,1
4,8.853397126529217e-09,4.5020815520047115e-08,5.056332414397903e-13,1.555795421381845e-07,0.999996781349182,1.4596085841714346e-12,2.9250797979329946e-06,1
4,1.2087419065665015e-08,2.7191299878381873e-08,6.809016241463017e-13,2.51418583729901e-07,0.9999955892562866,1.9986642549318927e-12,4.170134161540773e-06,1
4,3.97661370499236e-09,1.4574258244692828e-08,2.1833766348719477e-13,4.234934891655939e-08,0.9999992847442628,1.680743760314185e-12,6.75770365887729e-07,1
4,9.260550659639931e-11,2.359870909796058e-10,6.380291557060778e-16,1.3576597623909947e-09,1.0,7.015624246906743e-14,5.955623194608962e-08,1
4,4.0398179593226224e-12,1.4363688016771903e-10,6.486967084961333e-18,1.1360157606277175e-11,0.9999998807907104,1.6465127872233865e-14,1.2863397103046736e-07,1
4,2.5362894076619288e-11,8.315352295618084e-10,3.0476387717275085e-17,1.3506456369993812e-11,0.9999997615814208,6.499265508370587e-14,2.158737686386303e-07,1
4,5.95830513833856e-13,4.216318405525499e-10,8.266989737166716e-20,2.796071208767404e-13,0.9999988079071044,2.4623546355796418e-15,1.229185613738082e-06,1
4,1.2898866003085985e-12,4.823334440184901e-11,6.269990269060736e-20,6.342521126356804e-12,1.0,8.577146256422401e-15,9.217227869839917e-09,1
4,4.570577423479438e-12,1.749719401485106e-12,1.0331823508498299e-20,7.632238591126493e-11,1.0,6.023575278027655e-15,8.634053888512128e-11,1
4,3.9962678999305717e-11,4.588394009359675e-13,1.1265169198380812e-20,6.386309536754453e-11,1.0,3.304854897774948e-15,4.2525225008027684e-10,1
4,3.5840236334294673e-10,1.261322383344643e-11,2.0327140508781165e-18,6.504947136498629e-10,1.0,5.735768983253578e-14,1.885248579469589e-08,1
4,2.3049716302292467e-10,7.918660302128068e-14,5.0199684983025256e-20,1.8028374626499755e-10,1.0,1.4749030650767183e-14,1.3237910767571748e-09,1
4,1.7642115546223636e-10,4.403547686405605e-15,6.821055731321576e-21,1.4940682371844538e-11,1.0,6.604382381828139e-15,1.4106802836977296e-08,1
4,3.8197311980070476e-10,2.727056719700906e-16,2.998244771323985e-21,3.145141438953836e-11,1.0,1.4388091277217283e-14,2.7569726057663505e-08,1
4,3.1429606139887767e-10,5.156520589482632e-16,1.883382495121413e-20,1.4736041553664592e-10,1.0,1.3891268506576598e-13,1.972440166753131e-08,1
4,8.021274311431625e-09,1.8294439517430563e-14,8.043835975891275e-18,4.3443268427090226e-10,1.0,7.249467519343522e-12,4.954440768756285e-08,1
4,1.631361534748521e-08,2.7281525562944386e-12,2.147941087756529e-16,4.037654655064671e-10,0.9999991655349731,1.6378400372052404e-12,8.515232252648275e-07,1
4,3.09395488784503e-07,6.900722181180097e-12,1.0304215095654871e-14,3.874166321082839e-09,0.9999991655349731,3.8942241792350174e-11,5.364265120988421e-07,1
4,3.9277118446534593e-08,9.872664318011369e-12,2.050622507831167e-15,2.7673079383561117e-09,0.9999923706054688,4.822338275228821e-12,7.632635970367119e-06,1
4,4.628120553462622e-09,8.123521820502244e-12,1.6578430599148628e-15,8.578615595666861e-11,0.9999974966049194,5.5236516749435076e-11,2.474016582709737e-06,1
4,3.1695122221231387e-11,3.06095253310712e-12,2.1214841790851638e-17,2.045796691774182e-12,0.9999997615814208,5.019659818014667e-13,1.8391710909781978e-07,1
4,1.2652205672036844e-11,5.715634562863947e-12,2.18749877543603e-18,2.6936608325811573e-12,0.9999996423721312,4.251490449296881e-14,3.992438450950432e-07,1
4,3.4938172147058744e-12,4.5354895512016163e-13,5.830846285710928e-19,7.261380299133924e-12,0.9999996423721312,1.1400952339320205e-13,3.756709361368849e-07,1
4,2.081023131594861e-10,7.885227193416e-12,2.1440798086571315e-16,2.8364571802441674e-10,0.9999927282333374,1.4340557387415576e-11,7.252963769133203e-06,1
4,4.692369322961687e-12,1.1270349237202382e-11,3.3895111126886335e-18,7.533855483909946e-11,0.9999994039535522,1.4063693243825118e-13,6.285893618951377e-07,1
4,5.578583428533789e-11,9.610404694271324e-10,4.977759050524939e-16,1.164865870428855e-09,0.9999997615814208,8.545152432870573e-12,2.5704875383780745e-07,1
4,2.1423728069347447e-10,3.3487960848788134e-08,1.6356299385104738e-14,2.720733638383876e-09,0.9999982118606568,4.837052980377621e-11,1.7359348021273036e-06,1
4,1.0767440411507677e-10,1.4756994737297193e-08,8.562654369727828e-15,1.984115094444405e-09,0.9999951124191284,8.486675945329479e-11,4.902083674096502e-06,1
4,8.18265510904581e-10,4.6170843148729546e-08,9.661256441129835e-14,4.6525958197207735e-08,0.9999957084655762,7.565318510538431e-11,4.189075752947247e-06,1
4,1.4390404423636483e-09,2.002469017270414e-07,2.803448662450081e-13,1.0405492467668864e-08,0.9999922513961792,1.2041144747954036e-09,7.496164926124038e-06,1
4,1.862855203427216e-09,5.0560664988097415e-08,9.464412760451513e-14,6.406597918839907e-09,0.9999988079071044,2.0667874356394836e-10,1.169786060017941e-06,1
4,2.705555335325016e-09,1.0523899618419821e-07,1.6325386409474926e-13,1.1210579131670784e-08,0.9999923706054688,6.988096906690444e-11,7.519478913309285e-06,1
4,1.7991309775311493e-08,4.001502020400949e-06,5.702280227865009e-12,2.933428833173934e-09,0.9998520612716676,2.5427804306588087e-09,0.0001438710605725,1
6,1.4652337121390246e-08,7.595840401108944e-08,6.812377051357288e-11,9.690991342736766e-10,9.544211206957698e-05,9.830680269828918e-09,0.9999043941497804,1
6,2.019112166351533e-08,9.263183642360673e-08,2.4623275640678344e-10,5.485729648313509e-09,7.066353191476082e-06,1.995302589818948e-09,0.999992847442627,1
6,1.0865917055014052e-08,7.45725685646903e-08,1.1727263604655036e-10,9.082896101908488e-10,3.493536723908619e-06,1.3650551800026276e-09,0.9999964237213136,1
6,5.611159181739823e-08,2.760161237347347e-07,2.1394854776701773e-09,1.6161772364853277e-08,3.827370528597385e-05,8.713982424524147e-09,0.999961256980896,1
6,3.360118228101783e-07,1.2256990089554165e-07,1.709554098283661e-08,8.380043681199822e-08,1.951340163941495e-05,5.3981217718046544e-08,0.999979853630066,1
6,6.235892215045169e-06,6.774206121917814e-05,5.106874141347362e-07,1.766809987202578e-07,1.901815448945854e-05,1.2691204176462634e-07,0.9999061822891236,1
6,1.908069009459723e-07,3.493379097108118e-08,1.7507979066522242e-08,6.674254038330218e-09,1.5761474969622211e-06,2.4068951276490225e-08,0.9999980926513672,2
6,5.69128850713696e-08,1.8414336722116784e-10,3.380559387977655e-09,9.030794778652762e-09,4.051768769386399e-07,2.080154359873632e-08,0.9999995231628418,2
6,1.519700454366557e-08,6.467482105421141e-10,2.3885851074822995e-09,6.128526575110982e-09,6.896069635331514e-07,1.4842758133681856e-08,0.9999992847442628,2
6,2.0529755673237563e-08,7.316337535812066e-10,6.2330651751096874e-09,6.479879743892525e-09,1.0478945569047935e-06,1.310079937866249e-07,0.9999988079071044,2
6,8.289831043839514e-08,6.326266621670129e-09,1.3272050125578974e-07,4.419289609813859e-07,9.839660378929692e-06,1.3792072195428773e-06,0.9999881982803344,2
6,1.4633236844474598e-07,1.163214857768935e-09,1.196133325720439e-07,3.350651809341798e-07,4.7470571189478505e-06,1.8099603948940055e-06,0.999992847442627,2
6,5.2955559937117875e-08,2.817413413680469e-09,2.1647485581866025e-08,2.1579435838248173e-07,1.96985656657489e-05,1.0074537613036227e-06,0.9999790191650392,2
6,2.2106739550054044e-08,4.928213837018802e-09,2.618783945251835e-08,2.257089448676197e-08,6.620379735977622e-06,1.8256100702274123e-06,0.9999914169311525,2
6,4.6550702847980574e-08,9.963851965721917e-09,7.942485780176868e-08,3.433165147725959e-07,1.0286716133123264e-05,5.419828994490672e-06,0.9999837875366212,2
6,1.2832322759948056e-08,3.9552485731064735e-09,6.206442026979175e-09,1.120740407145604e-07,1.0203134479525032e-05,7.627272680110764e-07,0.9999889135360718,2
6,1.8787167377354308e-08,1.897894064128991e-09,1.701450358382317e-08,3.0173069376360224e-08,2.478482656442793e-06,6.991508030296245e-07,0.999996781349182,2
6,2.3977090535254323e-08,2.106644458876872e-08,2.0290327196192948e-09,1.796081061655741e-09,1.4129497003523284e-06,5.057723484469535e-08,0.9999984502792358,2
6,6.637433358491762e-08,5.256241024653718e-07,8.79499921779825e-08,1.5651313134412703e-08,5.071328246231133e-07,7.349350994445558e-08,0.9999986886978148,2
6,4.954515020472172e-08,4.5026094852573806e-08,3.5993164004821665e-08,8.864388334473006e-09,2.293252663321255e-07,6.350521175590984e-08,0.9999996423721312,2
6,1.3953254551779537e-08,4.4589372194536744e-09,9.231297393164083e-10,2.108036245562772e-10,4.224538940889033e-08,1.2124902859511622e-08,1.0,2
6,1.241466218715459e-08,1.9010197860325206e-09,1.1993079862548939e-09,5.04139174850593e-10,3.3765026330456755e-08,1.3168939716479144e-08,1.0,2
6,2.4586903624168603e-09,3.8442599104016035e-10,2.9801766610049185e-10,2.715811464604201e-10,4.5321563391098614e-08,8.921127836458709e-09,1.0,2
6,4.1642557846444106e-08,2.3056893283524005e-08,1.3876988447236727e-09,4.798192398958179e-10,5.463367642732919e-07,3.49568978208481e-08,0.9999994039535522,2
6,2.921774694186752e-06,5.36721563548781e-06,2.4057379732767004e-07,5.4892989709287576e-08,2.793122621369548e-05,3.3456137771281647e-06,0.9999600648880004,2
6,4.817024546355242e-06,6.991271675360622e-06,6.32623653018527e-07,1.2700841978130484e-07,1.4679169908049516e-05,6.526389825012302e-06,0.9999662637710572,2
6,4.249292260283255e-07,4.151465418544831e-06,4.5442902774084366e-08,8.796249062470451e-08,4.43145518147503e-06,7.577884844067739e-07,0.9999901056289672,2
6,1.2815414720535043e-06,1.6784264516900294e-05,4.955798544870049e-07,1.118311274694861e-06,1.4169652786222288e-05,3.5744383239944e-06,0.999962568283081,2
6,3.969975281847837e-08,1.237969354406232e-05,8.368314929896314e-09,7.799521029028257e-08,1.887001235445496e-05,2.782054195904493e-07,0.9999682903289796,2
6,2.975613533351407e-08,3.98130623580073e-06,1.3641448859402772e-08,2.5364943212480284e-07,2.51424671660061e-06,6.527691311930539e-07,0.999992609024048,2
6,2.288045841680741e-08,1.6534442011106876e-06,1.0992579291269068e-08,2.4974085022222425e-07,1.0067032008009846e-06,2.743005325100967e-07,0.999996781349182,2
6,7.783328648258703e-09,1.955756488314364e-06,2.533707110785599e-08,5.278441221889807e-07,3.921537938822439e-07,9.285942041969976e-07,0.9999961853027344,2
6,3.613917609612826e-09,3.3770498930607573e-07,1.0414117346257967e-09,1.0954665441431645e-07,7.761178721921169e-08,9.644013232446015e-08,0.9999992847442628,2
6,1.2477251454257043e-09,7.519956568557974e-08,4.803890063520555e-10,8.606114931808406e-08,3.6930313029870376e-08,6.985214184851429e-08,0.9999997615814208,2
6,3.610230517314683e-11,3.635524992162686e-09,3.606271531397809e-12,7.595185813613625e-09,1.3499861672983116e-08,3.2203746336278982e-09,1.0,2
6,1.1312701470034269e-10,1.092018120374405e-08,1.4690512695203495e-11,4.181042001505375e-08,8.55007726840995e-08,8.832289566385043e-09,0.9999997615814208,2
6,1.302036534145401e-10,2.424462763883639e-08,7.96231396787972e-12,2.434561565678451e-07,1.703016465626206e-07,2.8538329477356683e-09,0.9999996423721312,2
6,2.4750581584243037e-09,1.007502703487262e-07,2.349289374148356e-10,1.8599693021315036e-06,3.209841281659465e-07,2.163571366509132e-08,0.999997615814209,2
6,1.983425645946113e-09,8.15070606563495e-08,1.7890745829252095e-10,1.2926531098855776e-06,1.0832297903107246e-07,2.2235198571252116e-08,0.9999984502792358,2
6,2.1249291215497124e-09,8.532654049986378e-08,1.8125519141154456e-10,9.882890026347011e-07,5.6169174200704226e-08,1.91950952910247e-08,0.999998927116394,2
6,5.567918903714997e-10,3.181275687325069e-08,5.1023855279774815e-11,1.1961273003180397e-06,3.0513142235122366e-08,8.106162852072885e-09,0.9999988079071044,2
6,2.917262265089704e-10,1.2045293651397062e-08,2.145046987256372e-11,1.2957650596945314e-06,3.8490721721018424e-08,5.6110982527002315e-09,0.9999986886978148,2
6,2.2740405392074334e-10,2.4650628205336037e-08,2.5895164484923683e-11,3.095848342127283e-07,5.114928214311477e-08,1.3390126341050744e-08,0.9999996423721312,2
6,6.532206997533763e-10,3.260503333990528e-08,6.192144019756539e-11,6.117950306361308e-07,1.9914234883344761e-07,2.4327437841975552e-08,0.9999990463256836,2
6,1.430984664096968e-08,3.682542057958927e-07,6.415277198357217e-10,5.573408543568803e-06,6.382866558851674e-06,1.477795876780874e-07,0.9999874830245972,2
6,1.989964992787918e-08,6.666368221885932e-07,3.5208542747966476e-09,1.3178863810026089e-05,1.473743964197638e-06,5.747425575464149e-07,0.9999840259552002,2
6,8.312938670762549e-10,8.803279172298063e-08,1.4877352128017662e-10,3.711189435762208e-07,1.0343419631908547e-07,1.2388658099382612e-08,0.9999994039535522,2
6,5.119638046835462e-10,9.918282017906677e-08,1.7777308488134413e-12,3.5071916926199265e-08,1.481481604059809e-07,1.9048738142402044e-09,0.9999997615814208,2
6,3.5079575355645426e-10,2.495748141484455e-08,1.197466062939634e-12,6.068871272191245e-08,4.532112285460244e-08,9.128344191644543e-10,0.9999998807907104,2
6,1.0054301141648736e-10,2.0758736241077718e-07,4.374504664755863e-12,5.339806818938087e-08,1.862193599322381e-08,2.7144866354689157e-09,0.9999997615814208,2
6,6.791435035874427e-12,6.60934489360443e-08,8.837209935184942e-13,2.01435557123375e-09,3.3142513178319173e-09,3.178608931619919e-09,0.9999998807907104,2
6,1.8253736196183199e-13,6.660725659912714e-08,2.4442169073218487e-14,5.051331228300704e-11,4.3667980342831925e-10,9.800547873251019e-11,0.9999998807907104,2
6,1.1481049401115828e-12,5.131226554766499e-09,4.80239695124611e-14,1.0921401977226351e-10,1.315409670077372e-09,1.614103156688529e-10,1.0,2
6,1.863109547282221e-13,1.1516926301524675e-09,1.0826445847746222e-15,2.251923821028345e-11,6.215147063670656e-09,2.2804511751184364e-11,1.0,2
6,1.2803449273013356e-11,2.5898224009779373e-08,4.179757126347716e-13,3.6354974586316757e-09,8.390364847343791e-09,4.4225900719396805e-10,1.0,2
6,8.279151669787765e-12,3.5565225431355436e-08,4.24327944743147e-13,6.045597911175092e-10,1.6543090453069453e-08,3.5499048145481993e-10,1.0,2
6,2.5447885465545994e-10,3.55642015392732e-07,2.1345957987306538e-11,3.5357491157128607e-08,3.539012993769575e-07,6.5366738688510395e-09,0.9999992847442628,2
6,2.955832523188206e-10,3.3440812785556773e-07,4.1758860258589436e-11,6.15274018400669e-08,2.691299698653893e-07,8.333914003344491e-09,0.9999994039535522,2
6,4.1570977216132116e-10,5.112622716296755e-07,1.2811808905444087e-11,7.473234830968067e-08,9.299974408349954e-07,1.06800071009161e-08,0.9999984502792358,2
6,1.7204815350169156e-08,1.7417881963410764e-06,1.5558401234017083e-09,9.540767678117844e-06,2.164288389394642e-06,1.0013972939759697e-07,0.9999865293502808,2
6,4.810503924090881e-07,9.6776102509466e-06,7.447978589425476e-08,3.079567977692932e-05,1.3576893252320588e-05,1.8999076019099448e-06,0.9999434947967528,2
6,9.193120042993996e-09,1.5473019630007911e-06,9.259423228158423e-10,2.9862876544939354e-06,3.103261406067759e-06,8.544682117417325e-08,0.9999922513961792,2
6,1.1100510732831027e-07,2.816685309880995e-06,7.338385454858097e-09,1.3901705642638262e-05,4.561296464089537e-06,2.255443405374536e-07,0.9999784231185912,2
6,1.7413314123970734e-09,4.402018021210097e-07,8.443088589382697e-11,1.4114280020294243e-06,5.27259203408903e-07,8.03669042426236e-09,0.999997615814209,2
6,5.578535411387975e-10,3.1084141483006533e-07,3.6868470082440645e-11,7.557787853329501e-07,7.659240850443894e-07,6.910552130534597e-09,0.9999982118606568,2
6,5.088406432318671e-11,6.608387792539362e-08,4.390043883972794e-12,3.6337922892926144e-07,1.3845781268173596e-06,4.099804939983187e-09,0.9999980926513672,2
6,4.991119063185723e-12,2.2969080859525093e-08,4.1322761185069723e-13,4.1500822334228367e-08,1.5009302387625212e-06,1.7665192642013492e-09,0.9999983310699464,2
6,4.2582395400579686e-13,1.2717097597203521e-08,1.6152408729118442e-13,2.535142318293992e-09,1.554751747789851e-06,1.4963432715120462e-09,0.9999984502792358,2
6,1.2285545844537005e-12,4.361579541978244e-09,3.2674758081510663e-13,9.614350204856237e-09,4.873835450780462e-07,1.176826636140049e-09,0.9999995231628418,2
6,2.244159719166916e-12,3.854816910120462e-09,5.009880856519934e-13,1.0907606906584989e-07,7.293917860806687e-07,2.571248325367037e-09,0.9999991655349731,2
6,8.867867784491044e-14,2.5430144101612484e-10,2.999374371171816e-15,3.769720091639783e-09,8.033633491777438e-08,7.312114802537906e-11,0.9999998807907104,2
6,2.382735122489349e-13,8.271280188543173e-11,1.911595644418177e-14,5.6005631243749585e-09,1.0695006658067996e-08,1.2285845951698349e-10,1.0,2
6,1.9676405958127946e-13,1.7786818892751022e-11,2.093372269149421e-13,6.745380920492038e-10,5.352450038742518e-09,5.344798381656801e-09,1.0,2
6,5.340599382001876e-13,1.1958326689986976e-11,1.744200758217046e-13,1.7673682517482803e-09,9.3579686222256e-09,1.8122685574439856e-08,1.0,2
6,1.5688419530493493e-12,2.455879943852324e-11,5.30289950406021e-13,1.6920735035341753e-08,3.5914993645747024e-08,2.642928507157194e-07,0.9999997615814208,2
6,5.316034938640524e-12,6.892585113771332e-11,1.3725972398612174e-12,2.9453675054469386e-08,9.332460138011812e-08,4.050091604312911e-07,0.9999994039535522,2
6,4.6540436435260616e-12,1.493731874302462e-11,4.883797901679421e-13,1.6039065187101187e-08,3.636518286498358e-08,6.140268737908627e-08,0.9999998807907104,2
6,1.942990039693893e-12,1.3601421378073295e-10,2.153945207958308e-12,3.077591159694748e-08,5.3588262716175457e-08,2.8585311895312774e-08,1.0,2
6,2.094978487562904e-12,1.9485549285214174e-10,1.0020370817820368e-11,1.9199614342824134e-08,7.039275118359002e-08,1.2854147257712614e-07,0.9999997615814208,2
6,1.0105355137748906e-12,4.476016432497509e-11,8.392863660999783e-12,4.300553513303385e-08,2.606656934744933e-08,1.7620306991261714e-08,0.9999998807907104,2
6,2.929540941429276e-12,2.7168267635602206e-10,1.5143259909922158e-11,2.5717959317717032e-08,6.392814810851634e-08,2.5345475052063197e-08,0.9999998807907104,2
6,3.1727652189533773e-12,1.3023897238451099e-10,1.7754507716447045e-12,1.4413157778392362e-08,1.5749737514170192e-08,2.961264566891941e-09,1.0,2
6,1.8036384885622423e-10,1.509255276310739e-09,2.852774440287309e-11,6.908840077812783e-08,8.656705574594525e-08,1.6445403261400315e-08,0.9999997615814208,2
6,1.5508765105476383e-10,6.911775596307734e-09,2.6508746586717532e-11,3.1063876804182655e-08,1.6307458849951217e-07,2.2428263690699172e-08,0.9999997615814208,2
6,8.612014573694536e-11,1.6410966807711702e-08,1.3781187302441822e-10,5.28454684456392e-08,3.2786473980195296e-08,3.143820492823579e-08,0.9999998807907104,2
6,2.3601989806998347e-10,1.5117681329002153e-08,1.4077568277759411e-10,1.1546253375627202e-07,5.812690773154827e-08,4.8882270675676416e-08,0.9999997615814208,2
6,5.300354252724127e-11,3.170471174485101e-08,5.60950175199082e-11,5.983985715829476e-07,1.732300773937823e-07,2.17237410282678e-08,0.9999992847442628,2
6,3.2193023247195635e-10,5.0637510184969876e-08,3.5718669688655775e-10,4.281878887013591e-07,2.336275315428793e-07,4.118214391723996e-08,0.9999992847442628,2
6,2.782203079032541e-10,1.0206020029102092e-08,9.871233691560731e-11,3.475577443623479e-07,8.425790554156266e-08,1.2108695379708934e-08,0.9999995231628418,2
6,1.0664085586808979e-10,1.4889173449716964e-08,3.847724916461459e-11,2.972667516587535e-07,4.614676925029926e-07,8.128600015311349e-09,0.9999991655349731,2
6,1.0028942953876907e-10,6.765328297575479e-09,4.5488363076273686e-11,1.425392781584378e-07,1.5677959197546445e-07,7.464365125997574e-09,0.9999997615814208,2
6,5.4162053314543706e-11,5.513342227203566e-09,9.039195086879559e-11,4.838756808567268e-07,1.4927231006822694e-07,5.709409389709208e-09,0.9999994039535522,2
6,1.748014788471863e-10,1.4541958748282012e-08,3.2197555732693667e-10,5.986506721455953e-07,5.101973101773183e-07,1.692914608497631e-08,0.999998927116394,2
6,8.908122156592313e-11,7.711447480573952e-09,1.023766904584278e-10,2.698773471365712e-07,5.327817120814871e-07,8.79595596359195e-09,0.9999992847442628,2
6,7.534051854607425e-11,6.582287159773159e-09,6.601416635554358e-11,3.962586845318583e-07,7.547148470621323e-07,9.582177717959441e-09,0.999998927116394,2
6,3.23978725791374e-11,6.892733495078573e-09,4.7678090642211395e-11,2.892895736295032e-07,5.532993441192957e-07,1.889674905442007e-08,0.9999990463256836,2
6,1.3142264186638553e-11,5.1506288123448485e-09,2.058360946965987e-11,6.683896458525851e-08,4.325677309680032e-07,2.5484441223966318e-08,0.9999994039535522,2
6,2.4021845710514578e-12,1.6202047481428392e-09,5.431101748887279e-12,7.75996600310691e-09,1.5390919827495966e-07,1.2866382625986716e-08,0.9999998807907104,2
6,1.1252177575110656e-12,1.0283278673028915e-09,3.140553572408833e-12,3.774880141804715e-08,2.310628843815721e-07,3.253217695231569e-09,0.9999997615814208,2
6,3.926286108301563e-13,3.3509581220947377e-10,2.2259343673836085e-11,1.7000740371031497e-08,4.316619950373024e-08,9.217227869839917e-09,1.0,2
6,8.225360090307125e-14,6.188585061073226e-11,2.8627851499964113e-13,2.018990974406165e-09,5.2210584300382834e-08,1.4393472524965034e-10,1.0,2
6,6.218415810489014e-14,3.37490729807044e-11,5.131372215159968e-13,1.96875848956779e-10,2.4724942093712343e-08,7.357933706764186e-11,1.0,2
6,8.505602363921562e-13,1.47819045892561e-09,4.130958686232589e-09,6.16922646301532e-09,6.208360758819255e-08,1.3959748912384384e-08,0.9999998807907104,2
6,1.0556990177879032e-11,1.5786960627650615e-09,7.997620343758172e-10,3.535304049506749e-09,1.0414990470053453e-07,8.168954401810424e-09,0.9999998807907104,2
6,1.7935109994371423e-11,1.272409261288132e-10,1.56263224582176e-10,1.6698027682782168e-10,6.1978280285757145e-09,2.3773423230011304e-09,1.0,2
6,1.3757342487430435e-10,6.34249097686279e-10,9.384184540550675e-10,5.631646260439992e-10,5.122672419588525e-08,4.608383008530836e-09,1.0,2
6,1.2512841240583385e-12,7.621371589383584e-11,2.223750072971597e-10,8.80918324397406e-11,2.563225187657281e-09,2.908334018059122e-09,1.0,2
6,4.9516482223104646e-14,1.6810328684613294e-09,8.085913272282141e-09,2.003384957927068e-10,6.517730799515675e-09,4.2328625937670956e-08,1.0,2
6,2.2454493776510878e-13,1.320278442129563e-09,1.7991739653666627e-08,4.543931619860331e-10,1.7098038540552807e-08,3.5039160906080724e-08,1.0,2
6,9.386993271446113e-14,1.1400349553269962e-09,3.320427266473302e-09,1.2361296708451874e-10,2.353396233445437e-08,1.0187704013731036e-08,1.0,2
6,1.194044591933813e-13,3.658640723713802e-09,1.1891150286658103e-09,1.8594911721514507e-10,5.9211227920741294e-08,3.379265089975547e-09,1.0,2
6,3.629918631301021e-13,4.266246023121312e-09,1.5078633452958456e-08,9.78135572538008e-10,1.7748473624124017e-07,1.627943824189515e-08,0.9999998807907104,2
6,1.1386872618857765e-13,6.042830680286214e-10,2.756279232629666e-11,1.6175423500630615e-10,1.2981580255200242e-07,8.256069439216418e-11,0.9999998807907104,2
6,1.3599637095716016e-13,8.855582933620099e-10,3.897900335836368e-10,5.370813793703633e-10,5.786872847579617e-08,1.2198475562996691e-09,1.0,2
6,4.3837221179454655e-14,7.851120309432246e-10,2.874536997321542e-10,2.5194171193732014e-09,3.294293549060967e-08,4.904859185472787e-09,1.0,2
6,4.808329841059222e-13,5.472148845164782e-10,4.685856147546018e-10,1.6342490694043475e-09,2.335108462148128e-08,9.452434390766484e-09,1.0,2
6,8.271946224779754e-14,4.98138419402494e-10,2.7334234875553415e-10,8.979511356699277e-09,4.5837122986114304e-10,4.026186495309503e-09,1.0,2
6,7.539858494498565e-13,1.265328175570346e-09,1.8710194282789416e-08,1.502442472656185e-07,1.9474521995022087e-09,4.38610960884489e-08,0.9999997615814208,2
6,4.367148732486309e-13,1.2354840484007923e-09,1.7592496348584064e-08,2.7012205805476697e-07,7.680488467443071e-10,7.064048901384012e-08,0.9999996423721312,2
6,2.8589371131983524e-14,7.60574991875984e-10,2.7524302281811686e-10,6.37166763794994e-09,1.1376340841584563e-10,3.9484033820258454e-09,1.0,2
6,3.345996982088984e-13,1.321830533917989e-09,3.8840313187904485e-09,4.59902445015814e-08,4.3921163928040125e-10,5.265038893753626e-08,0.9999998807907104,2
6,9.183917732205617e-13,1.6001777680685334e-09,1.68472489292526e-08,6.517857542576166e-08,1.3282600574981982e-09,6.931027485279628e-08,0.9999998807907104,2
6,1.4545984317222704e-13,2.3058690512556272e-09,7.588221961896124e-08,1.2538993132693577e-07,1.2164479423759642e-09,1.2192738552130322e-07,0.9999996423721312,2
6,7.230316436443018e-15,1.5496207650400604e-09,6.06100192257486e-09,4.3252402548432656e-08,2.6587451684711993e-10,1.82779960056223e-08,0.9999998807907104,2
6,3.5709885840441025e-14,3.319925445666172e-09,1.621119452011044e-07,2.094837583399567e-07,6.527029472458422e-10,1.773785811565176e-07,0.9999995231628418,2
6,1.6867457951208477e-12,4.892642735399022e-09,1.0185213739077881e-07,1.7034948029959199e-07,4.898590866275754e-09,4.860850140175899e-07,0.9999991655349731,2
6,5.723909166739302e-14,1.508460689692015e-09,3.109143875690279e-08,4.400371267365699e-08,2.166386625646055e-09,2.709577415771492e-07,0.9999996423721312,2
6,6.325166356391937e-14,8.895242181727879e-11,1.1607071553898507e-10,5.703478245244753e-10,2.2016408696146073e-09,8.820103758466757e-09,1.0,2
6,1.3558242934396876e-14,5.3949591322099977e-11,2.3587876096797804e-09,7.375430821632277e-10,1.168905749970861e-09,8.658552985707502e-09,1.0,2
6,5.77298058058247e-16,1.2270242114031936e-11,2.6407218425839038e-11,5.813193676429407e-11,1.1515366438175079e-09,3.2371544333997804e-10,1.0,2
6,7.116836891400517e-15,2.220454722867693e-12,3.204940219464492e-12,7.299031518082089e-11,5.4971329710440395e-09,2.2402552035671874e-10,1.0,2
6,7.820096027904869e-17,1.0794219684751027e-11,4.424148547510498e-11,7.936878237968513e-11,2.1303367958580566e-09,1.6743545439013019e-09,1.0,2
6,3.485446345536064e-15,2.477877104889448e-11,4.270707322940465e-13,3.717982172135592e-11,1.2249822489707185e-08,1.379194397577166e-10,1.0,2
6,3.0817093617767225e-15,8.275746060659728e-11,1.0504812991696255e-10,5.489586007989543e-10,3.144720395198419e-08,1.2759027612219144e-08,1.0,2
6,8.445325059940056e-16,7.834706494680431e-11,3.1679294604236574e-11,1.871960364496772e-10,6.0299965021215485e-09,1.0105453362996286e-08,1.0,2
6,2.9591322593642373e-15,2.422430658843844e-11,9.965893128099925e-13,2.7360143664556524e-11,1.2038258390134617e-08,3.1135508060664563e-10,1.0,2
6,6.185884324303588e-14,5.920808288095714e-11,2.6398832122034865e-13,5.398190922045743e-11,5.666865021680678e-08,5.910597011826724e-11,1.0,2
6,5.0337685747665374e-15,5.7985647533564944e-11,2.8026697716093678e-12,2.2673533189854208e-11,8.417357477696896e-09,5.285933357690452e-10,1.0,2
6,3.148190013191397e-15,2.758225592369712e-11,7.0956495887286586e-12,2.1107629533112515e-11,1.000358373914878e-08,1.1112665232460015e-09,1.0,2
6,1.048879373925695e-14,2.0001233308475364e-11,3.539504453420328e-11,9.201023970506483e-11,3.4688967254226104e-09,1.2524871140229266e-09,1.0,2
6,2.289425701969272e-14,6.339388649440059e-12,1.0215669456192789e-11,2.4451862409846647e-11,7.321832029560936e-10,5.423013149652434e-10,1.0,2
6,1.747037437676083e-13,1.0654452146929838e-11,2.0787205290417887e-11,1.3201015280905892e-10,3.496470446506805e-09,1.7541531560638644e-09,1.0,2
6,1.4488595869929788e-12,5.786619013820049e-12,3.79177375262052e-12,8.602345918928833e-11,7.722919193042799e-09,8.432345377507032e-10,1.0,2
6,4.492273740497321e-12,7.857658967935777e-12,9.805592969536203e-12,6.834477428441231e-11,7.182931582860874e-09,1.2739397314831535e-09,1.0,2
6,4.3616726983636283e-13,1.6838799235183166e-12,1.167181802597117e-12,4.264102265727488e-11,5.455214613370174e-10,1.4565472439276306e-10,1.0,2
6,7.400096160847802e-12,1.1520517179119947e-11,1.0539386204044819e-11,7.373655158682269e-11,3.773518386651631e-09,5.70097635765876e-10,1.0,2
6,1.787476763825957e-11,2.9135832635418524e-11,1.0102045935878046e-11,1.1561561708006707e-09,2.455870173889707e-08,3.1029862013198795e-10,1.0,2
6,1.1691498463806129e-11,6.111284395204919e-11,2.308155576391524e-11,8.565381182101817e-10,1.4747640442180911e-08,5.821073623124562e-10,1.0,2
6,2.0532176653320636e-11,6.310042072188438e-11,5.879530196040149e-11,1.1172173186579926e-09,8.931991146710061e-09,7.2210881718604e-10,1.0,2
6,4.725423177753818e-12,1.6223100640644359e-10,1.0600821609418888e-10,3.3007956368180653e-09,7.6027815154589e-09,3.718388374984727e-10,1.0,2
6,5.862025708597285e-12,2.3822308570231603e-09,7.998963713617967e-10,5.6019338501300815e-08,1.7851965239401583e-08,1.1011958012119294e-09,1.0,2
6,2.887074433688408e-11,3.5131828557410927e-09,3.2983521469631677e-10,4.553601939960572e-08,1.7860616097209462e-08,3.5878741644346235e-10,1.0,2
6,2.4466337289474893e-10,2.349519911959419e-09,1.0176778864057212e-10,3.6106269085678373e-09,1.9098084891311373e-08,6.951250686171305e-10,1.0,2
6,2.1857150811488424e-10,6.260417073633562e-09,1.5278989184963618e-10,5.349265919107893e-09,2.5340646914173703e-08,1.877302202579756e-10,1.0,2
6,6.394127005648897e-09,3.5181521695903946e-08,7.15388415173379e-10,8.96084184631718e-09,3.130316486021911e-07,1.3558453249018496e-09,0.9999996423721312,2
6,9.274710777162909e-09,1.0211473977506105e-07,1.002865457344626e-09,4.011398857528548e-08,7.490181701541587e-07,1.2214786959674482e-09,0.9999991655349731,2
6,1.638825430916313e-08,3.804524908446183e-07,3.696726535995509e-10,2.7100954369529973e-08,1.925565356941661e-06,6.620944903446001e-10,0.9999977350234984,2
6,1.8567764215049465e-08,8.632442245470884e-07,6.306574151793143e-10,1.5245893436599545e-08,3.851435394608416e-06,1.6330450325341415e-09,0.9999953508377076,2
6,1.4747110199664348e-08,2.412598405499012e-07,2.0797888411472343e-10,5.022823490463679e-09,5.179673735256074e-06,6.746321834505409e-10,0.9999945163726808,2
6,1.0192890442795033e-07,2.2659157821181e-06,3.052577524087496e-09,1.3206383542296862e-08,6.88650761730969e-05,1.5696974386969487e-08,0.9999287128448486,2
6,1.9262715866830152e-08,9.082763199330656e-07,7.969285786835201e-10,1.8255320810567355e-08,1.7886608475237153e-05,8.489236869024808e-09,0.999981164932251,2
6,4.1781060389212143e-08,6.197291213538847e-07,6.955714337841812e-10,2.9388800726337653e-08,5.7348770496901125e-05,2.1662668103772376e-08,0.9999419450759888,2
6,1.7415213449112346e-07,1.6550409327464877e-06,1.0339305411832813e-08,1.8922199274129525e-07,8.482202247250825e-05,1.827185087677208e-07,0.999912977218628,2
6,3.2146427741963635e-08,3.331616369450785e-07,1.463852594696391e-09,2.079798520071563e-07,7.494325018342351e-06,2.9490498931750156e-08,0.9999918937683104,2
6,5.88033586268466e-08,4.445651597961842e-07,1.5949308540541551e-09,5.027077349950559e-07,2.7709143068932462e-06,2.8285658260074346e-08,0.9999961853027344,2
6,1.2459581810730924e-08,1.3651749952714456e-07,4.215709448196492e-10,5.4352653933165136e-08,5.162490310794965e-07,1.5690780230670498e-08,0.9999992847442628,2
6,2.009907440481129e-08,1.417455308683202e-07,1.143001804315702e-09,2.2907993013632227e-07,3.7656468521163333e-07,1.8488503172875426e-08,0.9999992847442628,2
6,2.38263933027838e-08,9.178734927672849e-08,3.313811725025317e-10,2.403552628038597e-07,3.073287473398523e-07,7.538388580030642e-09,0.9999992847442628,2
6,1.3029424650312649e-08,3.617831723090603e-08,2.736869758601657e-11,9.048059723681945e-08,1.246760632511723e-07,1.246588055003883e-09,0.9999997615814208,2
6,9.053598759578564e-09,2.1214738410435533e-08,8.061065009945523e-11,3.5185824032168966e-08,5.532404045993645e-08,2.386018715938576e-09,0.9999998807907104,2
6,1.965701601491787e-09,4.330777514383044e-09,6.8077769983798656e-12,5.419489745861483e-09,2.162544987527326e-08,4.378784002057045e-10,1.0,2
6,1.0814693585103894e-09,1.519973258368168e-09,5.075540682186741e-12,3.830706418739282e-09,8.941348106361602e-09,1.6864143415062927e-10,1.0,2
6,7.597772411216397e-11,3.4153688210913913e-10,6.825712683868751e-14,3.529326553231016e-10,1.8321207662097553e-08,1.0766379107685076e-11,1.0,2
6,4.003684883624458e-10,3.350294930370978e-09,2.2126161580010573e-12,4.6091912508927635e-09,1.048785023272103e-07,3.6650411872063415e-11,0.9999998807907104,2
6,8.966598574744467e-10,2.6593542923336604e-09,8.294982539389095e-13,6.3764300506363725e-09,4.2594959381858644e-07,1.198032818783279e-11,0.9999995231628418,2
6,5.404792169372286e-10,7.977350446886077e-10,1.9268484377499287e-13,2.206186788811237e-09,1.0522368256715708e-06,1.2615568312224212e-11,0.999998927116394,2
6,1.676322275434572e-10,1.1642325992156088e-10,2.594958210984377e-13,5.76312997324635e-10,4.0009719981526366e-08,1.3342868476762249e-11,1.0,2
6,8.581142463270908e-10,7.408421098809014e-10,2.5631276615034615e-12,2.403365506609134e-09,2.5632220967963804e-07,1.1941325706033012e-10,0.9999997615814208,2
6,1.7515443540006002e-09,4.711837586768297e-09,4.45228229284389e-12,2.800209397690878e-09,6.324617629616114e-07,9.262629552253544e-11,0.9999994039535522,2
6,9.743147399987606e-10,1.0463003796701287e-09,4.1496840685884e-12,1.1082079698354619e-09,6.086224857426714e-08,1.9751258961697715e-10,0.9999998807907104,2
6,8.618168401142157e-09,4.5819836813620896e-09,1.3560648437493938e-10,2.624436667986174e-08,6.24530898107878e-08,1.222556389457452e-09,0.9999998807907104,2
6,5.629143817742488e-10,1.8392486422769135e-09,6.151159009232243e-12,1.040183827960561e-09,5.400125147048129e-08,2.049998087949589e-10,1.0,2
6,8.524549816035787e-11,5.496920141290218e-10,2.6565529290256684e-12,6.095757787427657e-10,8.167366338796e-09,8.614479268809204e-11,1.0,2
6,7.655380218629658e-10,2.3775192925512556e-09,2.93690397522306e-12,4.6277237597536203e-10,2.1296148844385243e-08,4.199565417639661e-10,1.0,2
6,1.4214185384275881e-08,8.862110689733528e-08,8.255803263246263e-10,2.5330962216685293e-07,4.289027089043884e-08,6.9629817467387065e-09,0.9999996423721312,2
6,5.686542792204818e-08,7.327129765144491e-07,1.269659843927684e-08,9.709475307317916e-06,1.6524377599580478e-07,3.5934397679682206e-09,0.9999892711639404,2
6,9.091192509913527e-08,3.62246169061109e-07,3.2933524352074535e-08,8.561391950934194e-06,1.256580617337022e-07,4.602510728091148e-08,0.9999908208847046,2
6,2.6621802540205412e-09,1.2745031696681508e-08,4.992851687646294e-10,2.702186748138047e-06,1.7109464955922247e-09,5.102380185029175e-10,0.9999972581863404,2
6,1.9142264662264097e-08,6.512408390335622e-08,1.2953747796640158e-10,9.577419177730917e-07,3.6979479034471296e-08,1.82735326870187e-10,0.999998927116394,2
6,1.8793228084845734e-10,9.072579132407554e-09,6.455775497515859e-11,6.040540956320228e-09,1.5708860601204575e-10,1.9816542851103239e-10,1.0,2
6,1.7884657296796114e-11,5.3085886797532575e-09,1.8403993064762539e-13,1.7489772130563352e-10,6.9750543119084796e-09,2.0458136920642467e-11,1.0,2
6,3.6048167229019157e-10,1.092099992661133e-07,1.345423772391996e-11,7.757874898040028e-10,1.5515855267267398e-08,2.0851581572500774e-10,0.9999998807907104,2
6,7.639607835230321e-10,4.799962312063144e-07,1.0409284545431774e-11,9.27051657662048e-10,7.691988912483795e-08,8.01927205196229e-11,0.9999994039535522,2
6,5.751518705743307e-10,6.832628969277721e-07,3.0102552395216975e-12,5.880033682181818e-10,4.2460964522206275e-08,3.2297189228591705e-11,0.9999992847442628,2
6,5.003678027470926e-10,1.3018501476835809e-06,3.798849429470508e-11,8.285924724127368e-10,1.8480898233974585e-07,1.9084889224529886e-10,0.9999984502792358,2
6,7.348279103258637e-12,2.068839677349388e-07,2.0372030885146275e-12,9.337951939469845e-11,5.9256176854205484e-08,8.472381650415084e-12,0.9999997615814208,2
6,1.6860569884702414e-10,7.471405183423485e-08,9.617266835335037e-13,9.529448063982926e-11,1.484308427279757e-07,1.5094724081787803e-11,0.9999997615814208,2
6,1.4776642409675134e-10,2.0904343500660619e-07,1.2099022304867812e-11,1.4434994866086015e-11,5.809221192976111e-07,4.190933711178957e-11,0.9999991655349731,2
6,3.2385063519768664e-08,3.939693215215812e-06,7.125467577084875e-11,1.0712729592299295e-09,6.7756827775156125e-06,1.1858129755903946e-10,0.9999892711639404,2
6,1.3856948477553033e-08,1.7007674841806877e-06,2.19433429760052e-11,1.3895981032518991e-09,6.429092991311336e-06,1.2003887467360029e-11,0.9999918937683104,2
6,2.032695789466743e-09,7.502792698232953e-08,1.8664460168377195e-12,1.1110732334174143e-09,2.687858113858965e-07,1.641888339697084e-12,0.9999996423721312,2
6,5.1829833758176855e-09,1.116794123845466e-07,7.1326915727920595e-12,3.780202817438294e-09,8.459190325993404e-08,6.452778849447283e-12,0.9999997615814208,2
6,2.1948222406198423e-10,2.1093011781658788e-08,9.757489954909104e-13,7.294747583763693e-10,1.6870168595417567e-09,7.144971463438067e-13,1.0,2
6,1.3158385785052434e-13,4.523400751188511e-11,8.649563338247908e-15,5.089898554716532e-12,4.352375664734565e-12,3.663065131168791e-14,1.0,2
6,1.0773439432232301e-12,2.375007135402285e-10,9.98262548470262e-15,3.2675286087968658e-12,6.050982631622404e-11,2.4568945510873574e-13,1.0,2
6,1.830815186953938e-11,6.19327478190712e-10,2.337345161168569e-12,4.4219294892400285e-11,1.4918308255396084e-10,2.6836274522046288e-11,1.0,2
6,6.083242416743406e-12,3.915356927564062e-11,3.222764394759936e-13,2.5776608278405e-11,4.487446178536025e-11,3.355054081777276e-12,1.0,2
6,1.1519669766701934e-13,1.0105212500111094e-10,5.024229730171692e-13,3.538044423406772e-12,9.606641003523375e-12,6.078185697810934e-12,1.0,2
6,6.102356033682589e-13,4.1566819430904893e-11,9.601222642180008e-15,1.9875496647808744e-12,3.7973339750418944e-11,5.415500404885866e-13,1.0,2
6,6.823767245700552e-12,3.2876057431963085e-10,9.065568662511987e-14,8.655749728081474e-12,4.014365923010743e-11,1.3251507096495585e-12,1.0,2
6,7.220998105017529e-12,2.568484869236442e-10,7.928090150523259e-14,4.167889124107038e-12,3.363750944451738e-11,1.4766103921190488e-12,1.0,2
6,6.822257602595583e-12,2.1781655645813916e-10,5.488007509373005e-13,3.4988685559955706e-11,1.3193935527455736e-11,1.796009087978723e-12,1.0,2
6,2.3358802739292802e-11,5.426727400781316e-10,3.768104318152554e-12,4.098776526517689e-11,4.7840374023389025e-11,1.5000273592691293e-11,1.0,2
6,2.6819541379397016e-11,6.349908099334556e-11,1.0148932475667616e-12,1.042041453125364e-11,1.1886557710338863e-11,5.594085524668335e-12,1.0,2
6,2.928933831580771e-11,7.915346329767647e-12,1.4343519048280048e-13,2.044634643885712e-12,1.6041980244185794e-11,1.1224298400447363e-11,1.0,2
6,3.9962755327138666e-11,6.956987503442536e-12,8.356341199512383e-14,1.3142114349898317e-12,4.609695004181846e-12,3.174653899137847e-12,1.0,2
6,1.1173152403287643e-09,4.0076431062630036e-10,5.056435413604288e-13,2.097215109908568e-11,3.3180513892006047e-10,6.835282773814955e-12,1.0,2
6,1.5612715564827795e-09,3.676006998798441e-10,1.1044923656222672e-12,1.9360030939497008e-11,3.9187433853449244e-10,1.8187446340633958e-11,1.0,2
6,5.888298182377126e-10,2.968412404769083e-09,3.197489473714954e-13,6.166382942457416e-12,2.511730823329117e-09,9.270618994694502e-12,1.0,2
6,6.208082381498058e-10,4.979562984175345e-09,4.539695103666051e-14,1.3080396141229578e-12,3.756033706281414e-09,2.3166139145880397e-12,1.0,2
6,4.5150700955787215e-09,3.20825410682346e-09,2.1128635137052798e-13,4.8415538071722156e-12,2.1229018543067472e-09,5.37473321057802e-12,1.0,2
6,5.00866370600761e-09,3.636086765013146e-09,1.185014543089724e-13,4.663382961039853e-12,6.789646178617659e-09,2.8560675959660164e-12,1.0,2
6,1.7725292067449772e-10,4.4016248978984145e-11,1.1358452630598308e-14,2.4392865657051066e-13,2.77555256555928e-10,1.749245713555947e-12,1.0,2
6,7.088885468214956e-12,7.629145253908176e-13,4.3102589716059237e-16,1.6604269974479332e-14,1.766500314082098e-11,4.647149635592096e-13,1.0,2
6,4.122299168685117e-10,5.0607920631939856e-11,2.6811572642507046e-14,3.040330574105577e-13,2.0687391799611987e-09,1.0694541606459662e-11,1.0,2
6,9.469359518732292e-09,4.0887176311343865e-08,8.718790663400644e-13,3.692410960320913e-12,6.466604673960319e-08,2.8233922144682566e-11,0.9999998807907104,2
6,6.606641278494862e-08,6.8628864937636536e-06,5.2832915993505924e-12,1.2364413312648814e-11,3.590301048461697e-06,1.2386064396352478e-10,0.99998939037323,2
6,2.211704895671573e-06,0.0001411816047038,4.6168996403750384e-10,8.835860515477023e-11,3.8992475310806185e-05,2.56424859124138e-09,0.9998175501823424,2
6,3.890017978847027e-07,1.09782718027418e-06,3.1832772529050146e-11,7.745167354689109e-12,6.162094905448612e-07,2.403924004301672e-10,0.9999979734420776,2
6,7.98314800931621e-08,1.870010493121299e-07,5.458228313770519e-11,2.90311871764537e-12,2.7863164220320872e-08,2.1823566564993515e-10,0.9999996423721312,2
6,1.843688202107785e-09,1.0530952498921664e-10,2.5702744511739433e-13,1.3386649644689388e-13,1.4637332457212435e-09,1.4616365409669818e-11,1.0,2
6,8.488174746412723e-11,4.3878865818580686e-11,1.3010364236420904e-14,6.359728011145345e-14,8.705200116310152e-09,2.6657298330540202e-12,1.0,2
6,4.107757689553182e-09,3.301727335980331e-09,2.4141914595904312e-12,5.418034510623615e-12,1.0875141676081055e-08,3.0181121490890916e-11,1.0,2
6,1.87807422946662e-08,8.455170785737211e-09,2.7627587717571345e-11,1.283817496755546e-11,1.0809647399412372e-08,2.3163998497111038e-10,1.0,2
6,1.0351862700375134e-09,6.431079224711311e-09,2.8241506355719537e-12,1.847642048039e-12,7.503521359808474e-09,4.683298540641978e-11,1.0,2
6,2.527806852725689e-09,2.7920832312844372e-09,2.6287715060302475e-11,1.5162220437514584e-11,1.4071377396618343e-09,1.436695068468552e-10,1.0,2
6,6.274068375944353e-09,4.5752396315990035e-10,3.7383474787988646e-11,1.5085517904300794e-11,1.1911626129901263e-09,1.6609467967665379e-10,1.0,2
6,1.0764075852875976e-08,2.7958813042516795e-10,3.3280025957260756e-10,5.615543446912952e-11,3.0572471221290702e-09,8.805576268144931e-10,1.0,2
6,3.785205393569413e-08,1.983128800064904e-10,1.2252130421330776e-09,3.9497547593692055e-11,3.4045219976519543e-09,1.250572645439263e-09,1.0,2
6,4.409152154494223e-08,1.2020441586546582e-10,2.07733918955455e-09,1.2287437733959902e-10,4.325452884756942e-09,8.980055588025947e-10,1.0,2
6,1.89910362990986e-08,6.424109161295988e-11,1.7764458792868252e-09,4.5869634479611676e-11,5.369290789758452e-09,5.884188691851476e-10,1.0,2
6,2.9354929154123965e-08,7.58098028796894e-11,1.0007338291373458e-09,5.230010868828572e-11,4.3521666270862625e-09,2.1259925764294247e-10,1.0,2
6,8.086915137539563e-09,2.4610946960934577e-11,5.092982147125723e-10,1.3485223354647856e-11,1.1015445222639642e-09,5.855424478617977e-11,1.0,2
6,7.932636947316497e-08,1.5057755042846566e-10,8.426801478833568e-09,3.6035105455134437e-10,4.338978953910555e-09,6.508508731961625e-10,0.9999998807907104,2
6,0.0002253020065836,5.458890086629253e-07,2.901045263570268e-05,5.638859761347703e-07,1.0812783330038656e-05,1.4786796498356125e-07,0.9997336268424988,2
0,0.9833807945251464,0.0002375057520112,0.0022451707627624,0.0012182111386209,0.001210183603689,1.3019541711400962e-06,0.0117068327963352,2
6,6.060159876142279e-07,9.780656284874567e-10,3.495490545901703e-07,1.3151130850985736e-08,6.730008106359264e-09,9.386647015219296e-10,0.9999990463256836,2
6,4.1102734549269834e-09,2.199295433269466e-12,8.098878900852924e-09,6.359471282912921e-11,1.4043619045445155e-10,1.5801294994677306e-10,1.0,2
6,2.3556589212603285e-07,8.660647199398851e-10,1.553067932036356e-06,5.311374895455856e-09,2.6699796151774532e-08,5.7055600244382285e-09,0.9999982118606568,2
6,6.934489249488253e-08,2.931359321944882e-10,3.512990076615097e-07,1.0885630175039296e-09,4.632174199770134e-09,2.441063573499491e-09,0.9999995231628418,2
6,6.902682869736053e-10,3.506935952572732e-13,1.58166213459765e-09,2.172675060696516e-11,6.920057304959926e-10,2.3189150599733918e-10,1.0,2
6,1.0164717956229195e-09,3.211865723471569e-13,1.779263847367929e-09,1.4823459126844796e-10,6.026670829051284e-10,3.5390404495849737e-10,1.0,2
6,2.430569523426129e-09,4.3862586089279954e-13,2.3054399278521487e-08,6.946612174374421e-10,8.69656624491455e-10,1.5669396891127006e-09,1.0,2
6,1.321381337682226e-10,4.0509950401763576e-14,6.033110677705621e-10,1.0489836083094062e-10,3.0011165774723736e-10,9.914770393582018e-11,1.0,2
6,1.57538676548441e-10,2.4961085173629e-13,9.69247793136674e-09,2.291698830703126e-09,7.160015913498795e-10,3.181652719064232e-10,1.0,2
6,3.930571867982735e-09,2.3398696175069844e-12,1.0460141197654593e-07,5.8445756678793266e-08,1.3695925504819684e-09,1.041672748058886e-09,0.9999998807907104,2
6,1.500196911141671e-10,6.55802278801132e-12,4.7629033161911145e-08,1.5021289812011673e-07,1.0417501306037023e-09,5.5625299505424046e-11,0.9999998807907104,2
6,1.932277671201632e-09,1.364209006177175e-11,5.193559218241717e-07,3.193029556314287e-07,4.2399492250488885e-10,2.541998833649472e-10,0.9999991655349731,2
6,8.283017826314631e-13,1.2041695494468402e-13,2.0464666072861348e-10,5.15427533986923e-10,2.757335158809493e-12,2.4779514377903933e-12,1.0,2
6,1.223742136270689e-12,1.0830711463316948e-13,5.740749542404443e-10,3.39362205004079e-10,2.8471094839360722e-12,9.554816139678568e-12,1.0,2
6,8.053377409389384e-12,2.674008746633011e-13,5.14621956160255e-10,3.630769296325553e-10,3.030190681707623e-11,1.343270026460397e-11,1.0,2
6,5.40428923834213e-10,7.773772077446228e-12,6.515626296277333e-07,2.34722197234305e-08,5.399488078872139e-10,3.984358620812145e-09,0.9999994039535522,2
6,2.429379614143912e-11,2.9327829227654427e-12,3.6883437815049547e-07,4.8363637539239335e-09,1.0004409800590251e-10,1.1946684752572876e-09,0.9999996423721312,2
2,2.8856392830789446e-09,3.1516287357646892e-09,0.9999823570251464,5.980398896099359e-07,1.3642831309113035e-10,1.4840723316922322e-08,1.706594593997579e-05,2
2,3.80905473829074e-10,1.033821805940249e-09,0.9999971389770508,1.1092596423623036e-06,1.4806822434820788e-11,2.080505545620781e-09,1.8471210978532329e-06,2
2,9.044138238323285e-08,7.680342584137634e-09,0.9999648332595824,3.152773206238635e-05,9.693389424469956e-10,8.43464231792268e-09,3.4895404041890288e-06,2
2,6.722704060102558e-10,3.6969569072731185e-10,0.999998927116394,9.961971727534549e-07,1.6407859446121442e-11,2.49539083840844e-10,7.378680777492265e-08,2
2,3.9786421379695004e-10,1.018908291072762e-09,0.9999985694885254,1.3204700053393026e-06,1.2472441482391794e-11,3.7482758563633917e-10,7.517538591628181e-08,2
2,5.508030653800233e-07,2.580915747785184e-08,0.9999213218688964,7.748331699986011e-05,1.922800363374222e-09,9.572552750469754e-10,5.868274115528038e-07,0
2,8.142104945818573e-08,2.052236602878565e-08,0.9999668598175048,3.2202286092797294e-05,8.986954513900968e-10,1.0124793226040651e-09,8.133021083267522e-07,0
2,2.983487457086653e-09,3.108100443682815e-08,0.9999825954437256,1.6355852494598366e-05,1.7330442636520615e-10,7.037012084154526e-10,1.052824018188403e-06,0
2,3.1949692669286385e-08,3.2616028988741164e-08,0.9998993873596193,9.337211668025702e-05,1.1848887426779695e-09,9.200153971988811e-10,7.176174221967813e-06,0
2,6.716765810210745e-09,1.1954557344040497e-08,0.9998262524604796,0.000170225277543,3.234018608466726e-10,3.3384217612564266e-10,3.574724587451783e-06,0
2,1.7262151430497139e-10,3.478231036524448e-09,0.9999349117279052,6.17460609646514e-05,5.525381888138448e-11,2.4685328781082205e-10,3.281396857346408e-06,0
2,3.1173393727490506e-11,1.0757150725737572e-09,0.9999806880950928,1.882247124740388e-05,8.614082364077902e-11,6.4061396187753425e-09,4.6253603613877203e-07,0
2,1.0449902054787683e-09,5.510893963389663e-10,0.9999905824661256,9.287284228776116e-06,3.740937074003803e-11,1.7749118841337006e-09,1.3138665622136614e-07,0
2,7.072789021123072e-10,2.9948873936369575e-10,0.9999935626983644,6.153097729111323e-06,5.3895863466602017e-11,3.240996804265705e-09,2.073802676250125e-07,0
2,2.755753030214692e-07,9.765414032969486e-10,0.999906063079834,8.766063547227532e-05,5.877063835590944e-10,1.0477544165610198e-08,6.014685823174659e-06,0
2,7.990483936737292e-07,1.91529769821841e-09,0.9997236132621764,0.0002327721012989,3.448861196631014e-09,6.03165659640581e-08,4.261404319549911e-05,0
2,3.62455040203713e-07,1.0758530955001788e-08,0.9997251629829408,0.0002632774412631,3.901933443017924e-09,4.707646539259258e-08,1.1102559255959932e-05,0
2,1.893462467705831e-06,4.347995297138141e-09,0.999947190284729,4.2515825043665245e-05,2.763364204128038e-09,3.767246710140171e-07,7.997963621164672e-06,0
2,8.79574315604259e-07,5.3630717644637124e-09,0.999958872795105,3.046332858502865e-05,2.078200944666264e-09,1.3967864731512236e-07,9.663925084169024e-06,0
2,1.418148087850568e-07,3.211516164114414e-09,0.9999653100967408,2.3457696443074383e-05,1.835606555644631e-09,2.551571185449575e-07,1.0814258530444931e-05,0
2,1.1530287338246126e-06,4.5369574763753924e-08,0.9999430179595948,4.4435168092604727e-05,5.673991054777616e-09,8.804310880350387e-08,1.1264161003055053e-05,0
2,1.8985138012794776e-06,1.482369640370962e-07,0.999903917312622,8.724527287995443e-05,1.2153673623060968e-08,1.4095604683461715e-08,6.8277799982752185e-06,0
2,2.2822420930879161e-07,9.827232361203642e-09,0.9999808073043824,1.816049734770786e-05,1.590574338905526e-09,2.2380566289115222e-09,8.783345606389048e-07,0
2,5.1007688739446166e-08,2.9824209768491983e-09,0.9999932050704956,6.223690434126183e-06,4.2527856236596046e-10,3.4961933348398592e-09,5.945648808847181e-07,0
2,1.0051349619288885e-07,1.4252528046654334e-08,0.9999583959579468,4.102802995475941e-05,8.315960142724065e-10,6.69590438651113e-10,4.932781507704931e-07,0
2,0.0002655725984368,1.8370586758464924e-06,0.9990479350090028,0.0006577258463948,1.2331453262959258e-06,1.9398044059926175e-08,2.570366450527217e-05,0
2,1.7797276086639613e-05,3.413326510326442e-07,0.9998618364334106,0.0001105736446334,2.8877373381419602e-08,8.483028501871104e-09,9.3451408247347e-06,0
2,0.0004982587415724,2.6172513116762275e-06,0.9986600875854492,0.0007930453284643,5.287545832288743e-07,4.8792024642807525e-08,4.533365063252859e-05,0
2,7.448983524227515e-05,8.91182992290851e-07,0.999524712562561,0.0003731771139428,2.467715631837564e-08,1.9972965503711748e-08,2.667711851245258e-05,0
2,3.031902451766655e-06,5.003521863500283e-08,0.9999890327453612,6.367518381011905e-06,3.4742603238768766e-10,7.608544017045915e-09,1.5027295603431412e-06,0
2,2.6229000127386826e-07,1.066182075959432e-08,0.99999737739563,2.2548074412043206e-06,7.343025493211641e-11,2.632580597961009e-09,1.6036494798754577e-07,0
2,6.49168782729248e-07,1.4869528719430036e-08,0.9999949932098388,4.331613126851153e-06,1.5349103932305042e-10,2.228737860932028e-09,1.428807507863894e-07,0
2,4.399269528221339e-06,4.6401112285821e-08,0.9999885559082032,6.424651928682579e-06,3.4131414361482365e-10,7.131983004171616e-09,6.155299843157991e-07,0
2,7.382837065961212e-05,3.186615629147127e-07,0.9998900890350342,3.3846605219878256e-05,3.03011504776407e-09,4.0858520122810666e-08,1.8976330693476484e-06,0
2,4.170700049144216e-05,1.7930446460923124e-07,0.9999266862869264,3.056032073800452e-05,2.1063957245104348e-09,2.6949551923394214e-08,8.753887641432812e-07,0
2,0.0002117738476954,4.054591613567027e-07,0.9996823072433472,0.00010426055087,6.225117754610211e-09,2.7072362129842983e-08,1.2277481573619298e-06,0
2,8.318440336552159e-08,5.3347495310163147e-08,0.9999829530715942,1.631641134736128e-05,1.0831081170836754e-10,5.072094744207334e-09,6.21685558144236e-07,0
2,1.634319914955995e-06,1.683723240830659e-07,0.9999816417694092,1.3950331776868552e-05,1.8315124417078718e-10,2.165080559279886e-08,2.487194251443725e-06,0
2,2.9084423758263256e-10,1.6326760388096773e-08,0.9999996423721312,2.598776802642533e-07,2.7711899615312507e-12,1.3321423075751682e-08,1.608557624876994e-07,0
2,1.6547284758416936e-05,8.019994623964521e-08,0.9999449253082277,3.638668931671418e-05,7.942789759241008e-10,1.443393955469219e-07,1.9040786582991127e-06,0
2,5.884746201445523e-08,3.956683514161341e-08,0.9999983310699464,1.0319648708900786e-06,9.81478266715019e-12,1.885908176291196e-07,3.227397940008814e-07,0
2,1.3822020719089778e-06,3.1923988785820256e-07,0.9999943971633912,1.5724858712928835e-06,3.516772636991128e-11,1.824127480176685e-06,4.741981172173837e-07,0
2,1.180261506306124e-06,2.4941937226685695e-07,0.9999942779541016,2.5985759748436976e-06,5.953467580033234e-11,1.0948975841529318e-06,5.85841917200014e-07,0
2,1.0683319118243162e-08,1.7531155549477265e-07,0.999997615814209,1.1301851827738574e-06,1.0805647175649025e-11,5.648827254844946e-07,4.897219696431421e-07,0
2,4.216306479065679e-05,9.07875119082746e-07,0.9999427795410156,7.018570158834336e-06,4.0570113934990094e-10,5.906307251279941e-06,1.195540221488045e-06,0
0,0.9997442364692688,4.276113330092812e-08,0.0002493293141014,6.185223810462048e-06,1.62985429597029e-08,1.062583621092017e-07,6.183684320149041e-08,0
0,0.9999971389770508,4.6592960600833075e-09,1.8735911453404697e-06,9.1213371433696e-07,1.0731737276614696e-08,1.0263152994127722e-08,1.933442295154464e-09,0
0,0.9999948740005492,8.575166354773955e-09,2.000053200390539e-06,2.948440396721708e-06,7.574246296826459e-08,1.6682996317740617e-08,1.7406566854560882e-08,0
0,0.999974012374878,1.002843177388968e-07,1.3174145351513287e-05,1.2005209100607315e-05,2.1856843090972689e-07,3.7463507851498434e-08,3.721440293702472e-07,0
0,0.999985933303833,1.116139856094378e-07,9.578724530001637e-06,4.186275418760488e-06,8.39599820778858e-08,1.5820933896293354e-08,3.5882585791569e-08,0
0,0.9999899864196776,6.994864776288523e-08,5.010216682421742e-06,4.716152034234256e-06,9.613034279709609e-08,5.2747370915540166e-08,1.7540594754450467e-08,0
0,0.9999949932098388,3.284539928927188e-08,1.8920169395642008e-06,2.743467575783143e-06,2.480688010564336e-07,6.007503827731854e-08,4.543582399207935e-09,0
0,0.9999887943267822,8.446199473155502e-08,8.048398740356788e-06,2.9450052352331117e-06,4.2839928937610245e-08,1.1181587922237669e-07,1.101398172664858e-08,0
0,0.9999858140945436,5.005739467378589e-08,5.447589501272887e-06,8.408682333538309e-06,1.1844195313415185e-07,1.04312249504801e-07,4.672735531840999e-09,0
0,0.9999786615371704,1.215152991562718e-07,1.4983514120103791e-05,5.956842414889252e-06,9.72805764831719e-08,1.5436381772815366e-07,1.1419633239029281e-08,0
0,0.9999943971633912,4.302121325849839e-08,2.871808646887075e-06,2.464791350575979e-06,6.84431213926473e-08,5.687808268817208e-08,3.134754233968806e-09,0
0,0.9999881982803344,4.389356433875946e-08,5.5921591410879046e-06,5.0126259338867385e-06,7.251280749187572e-07,3.850369694191613e-07,2.2588437786907892e-08,0
0,0.9999916553497314,4.403501208116722e-08,4.050205461680889e-06,3.3633948532951763e-06,4.892219180874235e-07,4.3606181066024884e-07,3.458330732897252e-09,0
0,0.9999908208847046,6.436349053728918e-08,5.469949883263325e-06,3.380164116606465e-06,1.425533611154606e-07,1.577900832216983e-07,2.9814755109214275e-09,0
0,0.9999934434890748,2.1964181584621656e-08,2.3428046915796585e-06,4.185668331047054e-06,4.25347295163192e-08,2.1590111032310236e-08,6.80244360840021e-10,0
0,0.9999938011169434,6.825883414052214e-09,1.5946543499012478e-06,4.636981884686975e-06,3.195386355514529e-08,1.3727598613400005e-08,2.604849114185015e-10,0
0,0.9999905824661256,4.9259472945095695e-08,5.926456651650369e-06,3.312674380140379e-06,3.904519729758249e-08,4.408101617059401e-08,2.339271443219104e-09,0
0,0.9999958276748656,6.269667096603372e-08,2.657446884768433e-06,1.5152365904214091e-06,2.5546400550524595e-08,1.6146307402209462e-08,3.456610775387503e-09,0
0,0.9999986886978148,1.2449099529021625e-08,8.184493935914361e-07,4.048795005928696e-07,8.842237497752591e-10,4.7529939983803615e-09,2.923651598596422e-10,0
0,0.9999990463256836,5.799007940510137e-09,8.614603643763985e-07,4.878899773075318e-08,3.2043415143512277e-10,6.5803931192931495e-09,2.900011564221927e-09,0
0,0.9999982118606568,5.008511152482242e-07,9.475531896896427e-07,2.6900119465267384e-08,2.0294319114100293e-08,1.0039961750862858e-08,3.010030127370556e-07,0
0,0.9999971389770508,1.1278540767989399e-07,2.545169309087214e-06,1.1365438723487389e-07,3.797725245391348e-09,1.3292708267442777e-08,4.364484240682032e-08,0
0,0.9999849796295166,1.188978785648942e-06,9.978865818993654e-06,4.834655555896461e-07,1.8433158288644338e-07,2.1727379362346253e-07,2.9289144549693447e-06,0
0,0.99999737739563,4.5820510763405764e-07,1.4780255241930718e-06,3.989768799783633e-07,8.442390253549092e-08,2.0204504735943374e-08,2.248823562922553e-07,0
0,0.999997615814209,5.468750430281944e-08,2.267673608002952e-06,6.862268264740123e-08,4.0613762353203237e-10,8.679150731438767e-09,8.707334298030388e-10,0
0,0.9999818801879884,1.278590531228474e-07,1.751402123773005e-05,4.104155095774331e-07,3.103576728946677e-09,2.0728380789591935e-08,7.344739927361843e-09,0
0,0.9999974966049194,3.51293429901034e-08,1.864439127530204e-06,5.227415158515214e-07,1.362894685996707e-09,4.768898165252722e-09,7.090862896852457e-10,0
0,0.99999737739563,8.21979639908932e-08,5.697013421013253e-07,1.929741074491176e-06,1.4879181442495336e-08,7.65399121860355e-09,7.637380505798319e-09,0
0,0.9999997615814208,1.5153934773692868e-09,7.646903554814344e-09,2.387789379554306e-07,1.2355202194669346e-08,1.1755839635085863e-09,3.3139144206550947e-10,0
0,0.9999996423721312,5.972647709739931e-09,1.484931146933377e-07,2.610647982237424e-07,1.5263000863185992e-09,3.605333365186425e-09,6.745684566489274e-11,0
0,0.9999991655349731,2.817921451736538e-09,4.717828616662701e-08,8.092254688563116e-07,1.7722951994869616e-09,1.0583948162334875e-09,4.955270221929098e-11,0
0,0.9999709129333496,1.3071904447770066e-07,5.473005444400769e-07,2.792875784507487e-05,3.773236585402629e-07,3.065246190203652e-08,4.371482287268691e-09,0
0,0.999925136566162,4.98502750190255e-08,2.702936399145983e-07,7.434717554133385e-05,2.138109209681716e-07,1.6626433563260434e-08,3.630104883356465e-09,0
0,0.9999829530715942,2.114655117679831e-08,1.839351511989662e-06,1.504444662714377e-05,4.103453221659947e-08,1.6006393366296836e-07,3.0754538915545027e-09,0
0,0.9999732971191406,5.273016689955057e-09,1.3325047802936751e-06,2.5196410206262957e-05,4.602149061838645e-08,2.452211163017637e-07,1.4936714975988252e-08,0
0,0.9999871253967284,3.3375855412742794e-09,1.2290117865632055e-06,1.1195079423487186e-05,2.6943057562789363e-08,3.4997782449863735e-07,3.4712762442268286e-08,0
0,0.9999574422836304,1.1573408009724062e-08,7.836353574930399e-07,3.310668398626149e-05,6.730752375005977e-06,1.8998978248419007e-06,7.282670821950887e-08,0
0,0.9999405145645142,2.4216067373572517e-08,3.5536193081497917e-06,5.0815291615435854e-05,1.2189035487608637e-06,3.823272891168017e-06,7.508675992085045e-08,0
0,0.9999200105667114,5.97862594986509e-08,1.1759983863157686e-05,5.363917807699181e-05,1.2614316347026031e-06,1.3151289749657735e-05,9.815193635631658e-08,0
0,0.9999969005584716,5.6947997428835614e-09,3.518060509577481e-07,1.4492878790406394e-06,2.199508060130029e-07,1.0383645303591038e-06,5.521136436925644e-09,0
0,0.9999947547912598,1.2038884555920504e-08,8.778929441177752e-07,3.745074536709581e-06,1.6911543809783325e-07,5.265295612844056e-07,1.1073280070661441e-08,0
0,0.9999945163726808,3.2768026070328915e-09,3.470813680905849e-07,4.698320026363945e-06,5.5368186480109216e-08,4.710480254743743e-07,9.634194553242992e-10,0
0,0.9999991655349731,9.590361838007766e-11,7.892816711319028e-08,4.356872409516655e-07,6.439162536509002e-09,3.097341334523662e-07,3.027797734755921e-10,0
0,0.9999990463256836,2.8292562737064486e-10,3.3386836406634763e-08,7.348797339545854e-07,2.3368661672407143e-08,2.2719726189279757e-07,8.768645254342288e-10,0
0,0.9999996423721312,2.764098117058466e-10,4.940548592458072e-08,2.298314711879357e-07,1.1760509899261253e-08,1.0234546010678969e-07,1.764655976899121e-09,0
0,0.9999988079071044,1.759858037075901e-09,5.015104989070096e-07,2.787056985198433e-07,2.238119378716874e-08,4.596798817146919e-07,1.1330814064791639e-09,0
0,0.9999902248382568,1.5376348017070998e-07,5.5056921155483e-06,3.5925236261391547e-06,4.555502997050098e-08,5.019014679419342e-07,2.4565723677483223e-08,0
0,0.9999960660934448,1.778888787384858e-07,2.0140128071943764e-06,1.59314083703066e-06,5.758817067658129e-08,1.770083883911866e-07,1.8057194850484848e-08,0
0,0.9999493360519408,1.124751406678115e-06,4.414076465764083e-05,4.916799298371188e-06,8.042150057008257e-08,2.706391342144343e-07,9.177804116689005e-08,0
0,0.9998950958251952,2.9930909022368724e-06,9.051968663698062e-05,1.0420724720461294e-05,1.0208542278178356e-07,2.872275217669085e-07,5.996729441903881e-07,0
0,0.9999839067459106,2.266112772986162e-07,9.127311386691872e-06,6.659590326307807e-06,3.71745301208648e-08,6.597803547947478e-08,6.970223864755098e-08,0
0,0.9999954700469972,2.6811123987613428e-08,1.7315038576271036e-06,2.656746573848068e-06,2.1225735835628257e-08,4.5295259099020775e-08,1.3263301568144923e-09,0
0,0.999996781349182,8.91780373990514e-08,9.828626161834109e-07,2.1311095679266145e-06,2.8075406888206093e-08,2.0500836583892124e-08,7.59023344176768e-10,0
0,0.9999449253082277,8.269807949545793e-07,3.900239244103432e-05,1.504724696133053e-05,4.155262089966527e-08,9.946172241370733e-08,8.880119395371366e-08,0
0,0.9999957084655762,5.248023171589011e-08,2.3721358957118355e-06,1.8689129319682247e-06,6.805317198654848e-09,1.5989209956046583e-08,2.0478760909270477e-09,0
0,0.9999986886978148,1.3764214656930562e-08,1.762436170338333e-07,1.1811393960670102e-06,8.730330236517148e-09,4.531534258944703e-09,1.9969882691928118e-10,0
0,0.9999910593032836,1.4531747183355037e-07,1.7730072841004585e-06,6.557715551025467e-06,4.364330834505381e-07,3.0668342532180766e-08,4.328311042911537e-09,0
0,0.9999843835830688,1.5023850608031353e-07,3.0065589271544013e-06,1.2284629519854208e-05,1.6001393987608028e-07,4.3216022760361745e-08,6.8265482155993595e-09,0
0,0.9999717473983764,1.2365441115491649e-08,7.957935963531781e-07,2.722385215747636e-05,1.59010355105238e-07,3.705888929061985e-08,1.2027676632442308e-09,0
0,0.9999983310699464,2.716938007907288e-09,3.0720187282895495e-07,1.3095965414322563e-06,2.0401282441184776e-08,2.1845089293037745e-08,8.064066775448353e-11,0
0,0.9999938011169434,1.0418198748141094e-08,3.988706794189056e-06,2.178748673031805e-06,7.4489174828329405e-09,2.6195948521490212e-08,1.5703791045318383e-10,0
0,0.9999992847442628,3.5838589873549154e-09,2.459680956690136e-07,5.035792582930299e-07,2.9705240933708413e-08,1.5591851365570623e-08,5.7526788888040414e-11,0
0,0.999998927116394,2.7385100853649647e-09,3.1567950031785585e-07,6.960952418921806e-07,1.291618634269298e-08,1.1609417427393964e-08,1.026366977519011e-10,0
0,0.9999958276748656,3.966487582829359e-09,8.469146450806875e-07,3.3164342312375084e-06,1.6521262580226903e-08,2.2304588398469605e-08,2.7610894126617325e-10,0
0,0.9999922513961792,1.2178835717691072e-08,2.926036017925071e-07,7.129823643481359e-06,2.0241596132564157e-07,1.6820246528936877e-08,4.180955315291613e-08,0
0,0.9999918937683104,2.4304027235189096e-08,1.0942426342808176e-06,6.901272172399331e-06,1.011301336006909e-07,2.1301053365618827e-08,7.1410588553533225e-09,0
0,0.9999982118606568,1.6269467995044804e-09,1.2326982989918632e-08,1.7870416968435163e-06,3.683394567133291e-08,1.633946977719347e-09,3.117709215794129e-11,0
0,0.9999986886978148,3.246823254698938e-09,1.1401705535263319e-07,1.1838865248137154e-06,6.2693712443717695e-09,5.5494626671759314e-09,2.4465920608895964e-11,0
0,0.9999995231628418,2.3794133330312656e-10,3.6687366478105324e-09,5.153941060598299e-07,5.5848829561000464e-08,1.4976810902567195e-09,4.072031253854469e-11,0
0,0.9999905824661256,6.5660819004165205e-09,8.786246326053515e-07,8.330874152306933e-06,1.608297708344253e-07,1.1530027421713385e-07,3.0048243893077142e-09,0
0,0.9999932050704956,3.1694280533400843e-09,1.8708750104678984e-08,6.497383310488658e-06,2.635441092024849e-07,7.709680005518749e-09,1.0753495871540508e-08,0
0,0.9999788999557496,5.701739969055097e-09,4.317179502777435e-08,2.0422661691554825e-05,5.420280331236427e-07,4.9443458216558164e-09,2.7465015151051372e-08,0
0,0.9999762773513794,4.253340346593859e-09,1.6886451348341325e-08,2.345627399336081e-05,1.937627303050249e-07,1.2730885234901732e-09,2.766677553722729e-09,0
0,0.9999629259109496,5.926289681212893e-09,2.4660725017611185e-08,3.666976044769399e-05,4.1398337202736e-07,2.6543822695401782e-09,4.021370791917889e-09,0
0,0.9999754428863524,8.895931102870236e-09,9.108182297268287e-08,2.433854933769908e-05,1.725466631796735e-07,7.016299985451724e-09,6.2900298303247845e-09,0
0,0.999991536140442,1.2527159753972228e-08,1.459532370517991e-07,8.200566298910417e-06,7.084460662554194e-08,1.1451231962666952e-08,3.381415814018851e-09,0
0,0.9999972581863404,4.10924316796013e-09,2.891017913952965e-07,2.306236410731799e-06,2.996650039222004e-08,1.9896459590995622e-08,9.271013290401696e-09,0
0,0.9999992847442628,2.0139627743276382e-09,5.1789228905363416e-08,7.335110581152549e-07,1.1196553018066881e-08,9.854836946487922e-09,3.361962264136764e-09,0
0,0.9999982118606568,2.121514874886543e-08,9.192197580887297e-08,1.6369892819056986e-06,2.556849665324989e-08,1.1036503266836917e-08,2.470140980648239e-09,0
0,0.9999992847442628,1.5327271896126152e-08,1.0456863464014533e-07,5.934163027632167e-07,2.654732966789197e-08,2.178398794683289e-08,1.271768468313894e-09,0
0,0.9999991655349731,6.893207782354693e-09,7.092275922104818e-08,7.409466320495994e-07,1.6582248463237192e-08,1.2477821442757886e-08,2.199711246486657e-10,0
0,0.9999982118606568,4.6058441505181236e-09,4.8989249989972456e-08,1.7165485814985004e-06,2.6565436073155982e-08,9.145325385873092e-09,2.466745141482818e-10,0
0,0.9999979734420776,1.2921859138259604e-09,1.64130739221946e-07,1.8673904378374573e-06,5.5782281016547586e-09,1.5022800781139267e-08,5.1141903212315037e-11,0
0,0.9999986886978148,1.4363048528309719e-09,3.9753999203639985e-08,1.340043581876671e-06,1.4218076493932584e-08,1.3491503914053736e-08,6.039352351550065e-11,0
0,0.9999964237213136,2.3050933606327817e-08,1.0204616955888923e-06,2.3754519133945e-06,4.3287489148724496e-08,9.189078298277309e-08,2.088005546241334e-09,0
0,0.999992847442627,7.011287550540146e-08,3.167061208841915e-07,6.416664291464258e-06,2.4267515641440696e-07,1.3019471722941487e-08,2.204040949749242e-09,0
0,0.9999942779541016,2.180171243537643e-08,2.104121676893556e-08,5.461884029500652e-06,2.301893289313739e-07,4.184990576305836e-09,2.4398778553091915e-09,0
0,0.9999991655349731,4.798678787665267e-09,1.0281943296774898e-08,7.289425525414117e-07,8.68635581241506e-08,6.6182690439120514e-09,3.6341130105199676e-10,0
0,0.9999990463256836,5.44109024502859e-09,6.032648158793563e-09,9.377238257002318e-07,4.069395842520862e-08,1.6234050770336241e-09,2.5565504574442954e-11,0
0,0.9999982118606568,4.5450466501506526e-08,2.426843082048436e-07,1.240640244759561e-06,1.845072716832874e-07,3.329675735130877e-08,1.1820987744215472e-08,0
0,0.999998927116394,3.213855848116509e-08,6.714458322676364e-08,8.181359021364187e-07,1.165706251526899e-07,2.051183223272801e-08,6.439480060294045e-09,0
0,0.9999995231628418,6.767007931784974e-08,3.3751938133264054e-08,1.790485697483746e-07,1.0185625143321887e-07,1.4891252675397482e-08,7.632770859800075e-08,0
0,1.0,1.4113550328431754e-09,6.041382061283684e-09,2.3614179056608012e-08,6.116966377867071e-10,5.799806745976355e-10,1.8291920061974665e-11,0
0,0.9999997615814208,1.0847917231160409e-08,1.3622980965521949e-08,2.287386138277725e-07,3.056583253169265e-08,1.8749053420918926e-09,1.1378253894633872e-09,0
0,0.9999997615814208,9.423121172247304e-10,1.8633551590596653e-08,2.5784942181417136e-07,1.3814673849310566e-08,1.045582553871327e-08,1.8097077170153846e-09,0
0,0.9999997615814208,2.522104303182004e-09,3.3218217510011534e-08,2.225503266117812e-07,2.6679625619863145e-08,1.2951424821494584e-08,9.100962206076699e-10,0
0,0.999997615814209,5.585945483943533e-09,5.4961372342177135e-08,2.2397309749067063e-06,9.661525268711557e-08,2.1641366032554288e-08,1.597710075351699e-09,0
0,0.9999957084655762,1.0504697556257271e-08,1.8978707316819055e-07,4.047935817652615e-06,2.239623952959846e-08,1.0021761198686365e-08,1.0590742505200978e-08,0
0,0.9998713731765748,3.768073142396133e-08,8.048090194279213e-08,0.0001279186544707,5.279165975480282e-07,1.2489559608752644e-08,2.928221043418944e-08,0
0,0.999994158744812,5.25817944740936e-10,4.233836836675664e-09,5.86208216191153e-06,3.8263994639464733e-08,5.621978882430767e-09,9.858273225527013e-11,0
0,0.9999934434890748,9.960712255008275e-10,1.7665151119672373e-08,6.508516889880411e-06,9.9911998674429e-09,7.58216778251608e-09,1.2459781817408808e-10,0
0,0.999997615814209,9.174259962829724e-11,9.620995200521065e-08,2.0115342067583697e-06,8.510663285221653e-09,2.4260691589006456e-07,5.905455985333319e-11,0
0,0.9999984502792358,1.964970131052013e-10,9.869505390724953e-08,1.343466237813118e-06,1.968502161275865e-08,1.339901984920289e-07,1.8482684827070275e-10,0
0,0.9999873638153076,5.052901208557614e-09,2.983040872095444e-07,1.2146803783252835e-05,4.844523715519245e-08,8.557476860460157e-08,2.559220835252063e-09,0
0,0.9999983310699464,6.146323450195722e-10,3.981737108915695e-07,1.0758577673186664e-06,1.0780968118240253e-08,1.4564901107405606e-07,8.720829214325931e-08,0
0,0.9999992847442628,8.12186706777851e-11,2.397813148036221e-07,1.4376036006069628e-07,4.886115512192646e-09,2.9759303288301453e-07,6.877528324622517e-09,0
0,0.9999990463256836,7.266183748438903e-12,9.837956582714469e-08,9.785574661691498e-08,7.755476261195327e-09,7.32019600491185e-07,1.063531307465837e-08,0
0,0.9999985694885254,3.7012341976005994e-12,4.494787830822133e-08,1.346189719697577e-07,1.4289494920660673e-08,1.3206084759076475e-06,1.398149374054469e-09,0
0,0.9999984502792358,5.6582477418742886e-12,6.434017052470153e-08,1.5388283713946296e-07,1.4121668279187816e-08,1.224896323037683e-06,3.8887529307807256e-10,0
0,0.9999985694885254,1.4433169936989287e-11,3.5645381757376526e-08,2.2183382952789546e-07,2.320900982510921e-08,1.2045534276694525e-06,2.8259799014773712e-11,0
0,0.9999982118606568,2.4690081576461687e-11,3.718044538914e-08,1.637527162756669e-07,2.0570782410800348e-08,1.670274627940671e-06,2.1219567769570347e-11,0
0,0.99999737739563,2.4390697794807176e-10,1.2643060642858472e-07,4.59040933264987e-07,6.984131317722132e-08,1.881554453575518e-06,9.488133612123304e-10,0
0,0.999996781349182,1.3501479101396538e-10,1.5913205686501897e-07,2.633412918839895e-07,8.874805956793352e-08,2.738524017331656e-06,6.981363265268213e-10,0
0,0.9999984502792358,2.0585641524739626e-10,1.3153652389519266e-07,2.451043030760047e-07,3.886880861614373e-08,1.1838162663480034e-06,2.571280965923961e-09,0
0,0.9999943971633912,8.614533530959533e-10,5.486879217642127e-07,1.3312818509803035e-06,1.9138371953886238e-07,3.493123131192988e-06,4.5587271735314525e-09,0
0,0.9999990463256836,1.7680794328622795e-11,4.3691901652209715e-08,9.938821676769295e-08,1.7115674211254372e-08,9.052943710230466e-07,7.873122293000634e-11,0
0,0.9999972581863404,1.954299395923176e-11,5.1441894299841806e-08,3.454734383012692e-07,7.174863725367686e-08,2.230261998192873e-06,7.633880749757792e-10,0
0,0.9999979734420776,1.634201246547562e-10,6.214177261654187e-08,8.442343073511438e-07,6.424008347494238e-08,9.946789987225202e-07,9.49740952549405e-10,0
0,0.9999843835830688,2.173129232119209e-08,2.904390612457064e-06,6.729971119057154e-06,4.284989358893654e-07,5.401858743425692e-06,6.667664109727411e-08,0
0,0.9999654293060304,6.504695306830399e-07,3.693943426696933e-06,2.7920721549890004e-05,9.776604201761074e-07,7.0322869305528e-07,5.786587848888303e-07,0
0,0.9999186992645264,1.3450051028485175e-06,3.9900827687233686e-05,3.801076309173368e-05,6.964936005715572e-07,9.479487630414952e-07,3.434749373809609e-07,0
0,0.9999828338623048,5.173220074539132e-08,1.6583055639785016e-06,1.5249317584675737e-05,1.1418161705023523e-07,1.2311608088566572e-07,3.0639441206403724e-08,0
0,0.9999951124191284,5.828358684567547e-09,2.343240765867449e-07,4.582283509080298e-06,5.64831985627734e-08,2.3260733783558866e-08,1.4755552335543596e-09,0
0,0.9999933242797852,2.0503151176853865e-08,1.1838451428047847e-06,5.308100753609324e-06,9.76150786868857e-08,8.37830285149721e-08,9.005590939636932e-09,0
0,0.9999903440475464,1.2928960302360792e-07,6.81308347338927e-06,2.617787686176598e-06,3.2855901110906416e-08,1.662768482901811e-07,3.070162435392376e-08,0
0,0.9999679327011108,1.3643351621794864e-06,1.5997486116248183e-05,1.3323053281055763e-05,1.1694068291490113e-07,1.525217356856956e-07,1.1755886362152523e-06,0
0,0.9999876022338868,2.409928470115119e-07,7.558115157735301e-06,3.973196271545021e-06,6.987567502392268e-08,2.178310154477004e-07,2.603222526431637e-07,0
0,0.9999383687973022,7.889391895332665e-07,5.246674118097872e-05,7.184054538811324e-06,1.3227693784756414e-07,7.214520678644476e-07,3.881433485730668e-07,0
0,0.9999892711639404,2.0289195390432726e-07,4.914759301755112e-06,4.9136906454805285e-06,1.472543971203777e-07,1.867072256800384e-07,4.731034550786717e-07,0
0,0.9999847412109376,1.876583866078363e-07,8.39236963656731e-06,5.7486390687699895e-06,8.668984463611197e-08,3.865072244479961e-07,3.868066755785549e-07,0
0,0.9998319149017334,1.2443131254258333e-06,0.000128274099552,2.4148583179339767e-05,2.1658954096892563e-07,9.193199161927624e-07,1.315799727308331e-05,0
0,0.999903440475464,8.565907023694308e-07,5.868029984412715e-05,2.697670970519539e-05,3.506775385631045e-07,1.1231572898395823e-06,8.57071609061677e-06,0
0,0.9999583959579468,4.5850939045521965e-07,2.332297844986897e-05,1.4781039681110997e-05,4.551825441012625e-07,4.931290504828212e-07,2.071151584459585e-06,0
0,0.999963641166687,2.951106523596536e-07,2.2756003090762533e-05,9.979547030525282e-06,1.7875670721423378e-07,8.64986134274659e-07,2.3977586351975333e-06,0
0,0.999981164932251,1.149621127183309e-07,8.701381375431083e-06,8.372930096811615e-06,1.1890134032910284e-07,4.2730761151688057e-07,1.063379386323504e-06,0
0,0.999963641166687,1.629472876629734e-07,6.832135113654658e-06,2.835165105352644e-05,7.217322206543032e-08,1.288819930778118e-07,7.751586394988408e-07,0
0,0.9999903440475464,4.954005561330632e-08,2.110907928454253e-07,8.947110472945496e-06,2.158583498612643e-07,9.706573322887381e-09,1.6990196627375553e-07,0
0,0.9999802112579346,9.024340386076801e-08,1.035635008861391e-07,1.889505074359477e-05,5.769095423602266e-07,8.74166605768778e-09,1.241269416141222e-07,0
0,0.9999986886978148,1.8273373925126183e-08,2.4919494023833977e-08,1.350521415588446e-06,1.1475868255672594e-08,1.3342634774815563e-09,4.421489840922277e-09,0
0,0.9999949932098388,2.4458772784896613e-08,8.841872123355188e-09,4.771445219375892e-06,2.28976304583739e-07,5.9961218212833955e-09,1.9254827066106373e-08,0
0,0.9999723434448242,1.9153232244661922e-07,1.4111681423401026e-07,2.661426151462365e-05,5.902796260670584e-07,1.3077541716199905e-08,1.483101783605889e-07,0
0,0.999980926513672,2.4521875729988096e-07,4.390934407183522e-07,1.7369688066537492e-05,3.466009843577922e-07,3.356846889346343e-08,6.267329126785626e-07,0
0,0.9999773502349854,3.3016780776051746e-07,2.628145807648252e-07,2.0450615920708515e-05,7.680578164581675e-07,3.4134842508137815e-08,8.176198207365815e-07,0
0,0.9999964237213136,1.7655645478953377e-07,2.156386926799314e-07,3.182348791597178e-06,5.521516044382224e-08,2.2124778453758157e-08,5.2458251076359375e-08,0
0,0.999990463256836,1.7039909607774462e-06,1.3767213431492564e-06,5.816752036480466e-06,7.302092086547418e-08,7.609371266426025e-08,3.739196756669117e-07,0
0,0.9999936819076538,5.377968363973196e-07,2.059082817140734e-06,3.525725333020091e-06,2.167461765623102e-08,8.951671759405144e-08,9.832631775452685e-08,0
0,0.9999775886535645,1.0802274346133345e-06,1.2241835975146388e-05,8.483214514853898e-06,3.6367566735862056e-08,2.277420918517237e-07,4.408760787555366e-07,0
0,0.9999921321868896,4.193051665879466e-07,2.1747987375420053e-06,5.086671080789529e-06,1.3864379866390664e-08,1.382182404086052e-07,8.884978086598495e-08,0
0,0.9999986886978148,1.2666271231864812e-07,4.236473500895954e-07,6.683730475742777e-07,2.563148360223977e-09,3.4948339333595875e-08,1.4738623654864114e-08,0
0,0.9999980926513672,9.410542389787224e-08,1.7724811129937734e-07,1.5087383644640795e-06,9.604255168937924e-09,1.9183110211429263e-08,2.9329186190807377e-08,0
0,0.9999980926513672,5.0714970001308763e-08,4.253946528365304e-08,1.682377842371352e-06,1.0803546501847451e-08,1.0320364118854286e-08,2.001511845151072e-08,0
0,0.9999918937683104,1.1258267562652693e-07,1.1673400734935059e-07,7.492517397622578e-06,7.027226445188718e-08,3.507023649262919e-08,1.848150077421451e-07,0
0,0.9999933242797852,7.079663788545076e-08,1.1581204262256507e-07,6.353461685648654e-06,4.861018965129915e-08,2.7447919492828987e-08,1.1336123861838133e-07,0
0,0.9999927282333374,7.608430507843877e-08,1.2047703279449706e-08,7.013795766397379e-06,1.0571665143288557e-07,5.713347572822158e-09,5.612113884723158e-09,0
0,0.9999743700027466,5.935127234124594e-08,1.905407920332891e-08,2.5411667593289167e-05,1.1017190360007589e-07,4.636503625476962e-09,7.034019589013951e-09,0
0,0.9999865293502808,4.131810271701397e-07,8.640704862727945e-08,1.2611516467586624e-05,1.3667130360772717e-07,4.348290616462691e-09,3.0808723749942146e-07,0
0,0.9999476671218872,8.718927233530849e-07,9.98463320911469e-08,2.3386226530419663e-05,1.4442929341385025e-07,1.2794012071992712e-08,2.782649789878633e-05,0
0,0.9999399185180664,5.909989226893231e-07,1.0805622707721341e-07,1.6105523172882386e-05,6.712102162964585e-08,2.8217952419140602e-08,4.318108767620288e-05,0
0,0.9999788999557496,6.583192089237855e-07,3.7359935589620363e-08,8.508740393153857e-06,1.6728398577470219e-07,1.0481045364940655e-08,1.1762548638216686e-05,0
0,0.9999939203262328,1.4593458672607085e-06,4.3426791762613e-07,3.6536032439471455e-06,1.532279867433317e-07,1.58149351392467e-08,3.517982918310736e-07,0
0,0.9999918937683104,9.359258683616644e-07,3.689321488309361e-07,5.005741058994317e-06,6.084215442569986e-08,2.9027701131667527e-08,1.6565611531405011e-06,0
0,0.999994158744812,2.287889401486609e-06,4.426668169799086e-07,2.598508444862091e-06,8.201118362194394e-08,1.1816206679782226e-08,4.242968145717896e-07,0
0,0.9999922513961792,4.4233875087229535e-06,1.1958417189816828e-07,3.0095429792709183e-06,1.5670997299821465e-07,4.8887103254458e-09,1.5083533355664258e-07,0
0,0.9999806880950928,8.160307515936438e-06,2.206285500960803e-07,7.548187568318099e-06,8.244903710874496e-07,1.0446656872886706e-08,2.532500957386219e-06,0
0,0.9999157190322876,4.324334076954983e-05,4.709668814939505e-07,2.5546807592036203e-05,1.2237944702064851e-06,1.052619946761979e-08,1.3813455552735832e-05,0
0,0.9997965693473816,9.279068763135e-05,1.4155828012007987e-06,0.0001050370847224,1.317815758739016e-06,2.110719243830772e-08,2.901741027017124e-06,0
0,0.9999555349349976,1.4692429431306664e-05,4.144582987919421e-07,2.8019781893817708e-05,7.852167982491665e-07,1.6530936619574277e-08,4.902532282358152e-07,0
0,0.9999057054519652,3.57283279299736e-05,7.359311098298349e-07,5.6506036344217137e-05,8.454769044874411e-07,1.7280871844604917e-08,4.230556669426733e-07,0
0,0.9999185800552368,3.27002999256365e-05,5.625002472697815e-07,4.0263388655148447e-05,1.365349362458801e-06,1.185215037224907e-08,6.559154826391023e-06,0
0,0.9999654293060304,8.71198881213786e-06,3.141951481211436e-07,2.5280576664954424e-05,1.1083547946100225e-07,1.0051703469571294e-08,1.244993796944982e-07,0
0,0.9998451471328736,0.0001251148059964,8.838482017381466e-07,2.7619207685347646e-05,3.358582887358353e-07,1.8545476265785513e-08,8.035458449739963e-07,0
0,0.9999771118164062,1.217261979036266e-05,2.358513313538424e-07,9.962869626178872e-06,3.871879243888543e-07,5.93186157971104e-08,7.212547359358723e-08,0
0,0.9999961853027344,1.2675029665842883e-06,1.3046317803855345e-07,2.3032710032566683e-06,4.3190166110207435e-08,5.555784809985199e-08,1.278867358678326e-07,0
0,0.9999936819076538,3.441336957621388e-06,5.896721972931118e-07,1.4306456250778863e-06,1.94883860160644e-08,8.978980758911349e-08,7.426141337418812e-07,0
0,0.9999966621398926,1.013618202705402e-06,3.0417432128615474e-08,2.017797442022129e-06,5.398129587774748e-08,1.8723380179608284e-08,1.560121773991341e-07,0
0,0.9999774694442748,3.643080617621308e-06,3.647928963346203e-07,8.645886737213004e-06,2.6673919819586445e-06,9.34816910103109e-07,6.321118235064205e-06,0
0,0.9999817609786988,3.588955905797775e-06,1.4830826557954424e-06,3.6210976759321056e-06,2.5073651954699017e-07,1.7003076209221035e-06,7.548059329565149e-06,0
0,0.9999877214431764,6.522473086079117e-06,1.346389012724103e-06,2.5265558178944048e-06,1.1894918117150158e-07,6.745636369487329e-07,1.0916363635260495e-06,0
0,0.9999969005584716,4.972652618562279e-07,2.470677600285853e-07,9.369075542053906e-07,1.0058315069727541e-07,1.0439158586450503e-06,2.858739378552855e-07,0
0,0.9999914169311525,3.313133163374005e-07,9.488444447924848e-07,1.299128598475363e-06,1.1389004583861607e-07,4.592438017425593e-06,1.373538566440402e-06,0
0,0.9999836683273317,1.3566017287303112e-06,5.094179300613177e-07,3.7643117138941302e-06,1.2854708302256768e-06,8.87617079570191e-06,5.606906370303477e-07,0
0,0.99998939037323,1.3383349823925528e-06,4.431006175309449e-07,3.880049462168245e-06,8.25867687126447e-07,3.7377078569988953e-06,3.665793144591589e-07,0
0,0.9999455213546752,4.417852323967964e-06,1.701249971119978e-06,8.45794056658633e-06,2.925309445345192e-06,3.170713171130046e-05,5.172272267373046e-06,0
0,0.9999048709869384,2.2005207938491367e-05,1.165962476079585e-05,1.3037304597673938e-05,3.632017296695267e-06,3.32583804265596e-05,1.1592722330533434e-05,0
0,0.9999781847000122,1.6050913700382807e-06,1.1358554274920607e-06,3.413282456676825e-06,1.1992631243629148e-06,1.4034792911843397e-05,4.444062540187588e-07,0
0,0.999988317489624,7.07083415818488e-07,1.1357082030372113e-07,1.251669459634286e-06,1.1735470479834476e-06,7.891994755482301e-06,4.7680495640634046e-07,0
0,0.9999690055847168,3.724562020579469e-06,1.2867286613982287e-06,5.362597221392207e-06,2.006428076128941e-06,1.7995738744502887e-05,5.749083697992319e-07,0
0,0.9998475313186646,7.294051465578377e-05,1.244551549461903e-05,4.797528163180687e-06,2.6475829599803542e-06,5.696959124179557e-05,2.738386911005364e-06,0
0,0.9989043474197388,0.0010437603341415,8.434048140770756e-06,5.150091965333559e-06,1.0565971933829132e-05,2.235308784293011e-05,5.335611604095902e-06,0
0,0.9960182309150696,0.0037198679056018,2.9905058909207582e-05,1.6419346138718538e-05,1.3073763511783907e-05,3.635655593825504e-05,0.0001660949492361,0
1,0.0003579577023629,0.9991355538368224,1.279377528362602e-07,8.162462563632289e-07,1.6040370383052505e-06,8.18709366967596e-08,0.0005037891678512,0
1,0.0007305563194677,0.9987769722938538,5.818575573357521e-06,3.3957842333620647e-06,3.784907107728941e-07,1.238145301840632e-07,0.0004826495714951,0
1,3.2896961783990264e-05,0.9999245405197144,1.8354699022893328e-06,2.207621264460613e-06,5.37096696007211e-08,1.8458264250398315e-08,3.836343967122957e-05,0
1,6.40230136923492e-05,0.9997933506965636,1.7805639345169766e-06,1.8062663684759173e-06,9.954532487199685e-08,8.534378537206067e-09,0.0001390149991493,0
1,6.693604518659413e-06,0.9999667406082152,3.689596496769809e-06,4.561649689094338e-07,1.4590445296391865e-08,2.6378693007700352e-08,2.242794471385423e-05,0
1,1.7772305000107735e-05,0.999942660331726,1.001223040475452e-06,8.498671490997367e-07,2.2050667070061536e-08,6.673133157164557e-09,3.769371323869564e-05,0
1,7.405546966765542e-06,0.9999912977218628,3.6334711239760515e-08,6.860235401973115e-08,8.64786464660483e-09,8.076204704998701e-10,1.169227402897377e-06,0
1,1.770353628671728e-05,0.9999767541885376,4.7389994506374933e-07,1.2266518467640708e-07,1.3382364549840986e-08,3.4808984583634132e-09,4.938999154546764e-06,0
1,9.38148446039122e-07,0.9999796152114868,1.4984308336352117e-06,6.637221190430864e-07,1.7347240088838592e-08,2.8443964961155643e-09,1.726156915538013e-05,0
1,3.0385156151169213e-06,0.9999964237213136,1.6904227351233203e-08,6.326477830498335e-08,2.866333836948343e-08,2.7733199070567593e-10,3.54077513975426e-07,0
1,3.1783106351213064e-06,0.9999827146530152,9.589744109916865e-08,5.82490315537143e-07,7.453159156511903e-08,1.359307444381841e-09,1.333525051450124e-05,0
1,3.793671794483089e-06,0.9999843835830688,3.787446757996804e-06,1.1567905175979831e-06,3.907475232267643e-08,4.644082451932263e-09,6.842004950158298e-06,0
1,2.422644129751461e-08,0.9999988079071044,2.0647891574299138e-07,8.740232715354068e-08,2.82253598271609e-09,1.0994415100551436e-10,8.959681849773915e-07,0
1,7.0818400033090265e-09,0.9999997615814208,2.588008252146778e-09,4.638045947302771e-09,1.7110551864263355e-09,5.632530900023802e-12,2.767779676560167e-07,0
1,1.4260765901497052e-08,0.9999983310699464,5.876644948443754e-09,5.605940600617032e-09,8.376710880497741e-09,1.610996232248585e-11,1.628360450922628e-06,0
1,1.3130004861139355e-09,0.9999997615814208,1.0219053159232772e-08,2.8343112745687904e-08,2.073056171170151e-09,1.9556542149579137e-11,1.9845201393309253e-07,0
1,1.180568531822246e-08,0.9999998807907104,1.7916186312305624e-09,5.033053973590995e-09,6.0138010127275265e-09,3.077685675756392e-11,1.4396293579466146e-07,0
1,2.807996111187095e-07,0.9999791383743286,8.146593399871448e-10,3.061695252881691e-08,1.759348720042908e-07,4.663276709226949e-12,2.039228456851561e-05,0
1,1.117195509436897e-07,0.9999985694885254,6.325395762729613e-11,3.746683407968021e-09,4.5028368589328245e-08,1.3774374436198444e-12,1.2856481816925225e-06,0
1,1.5526915376540273e-05,0.9999605417251588,1.0959345236871697e-10,1.1954320200402438e-07,4.754152541863732e-06,9.289262935252562e-12,1.906887700897641e-05,0
1,7.3213077484979294e-06,0.9999864101409912,3.0009614238046817e-10,9.729023986437825e-08,3.267221586611413e-07,1.1200194417748666e-11,5.80793084736797e-06,0
1,6.803116434639378e-07,0.9999887943267822,1.1120592641189475e-10,1.4652225388545048e-07,2.87957703903885e-07,2.3834823004165173e-12,1.0090650903293865e-05,0
1,7.468466264981544e-06,0.9999486207962036,1.5365703154301968e-10,2.3389725356537386e-07,4.494825134315761e-06,3.213934673951257e-11,3.920267408830114e-05,0
1,4.828350938623771e-06,0.9999631643295288,4.7828848520614635e-11,7.145217040260833e-08,5.963537205389002e-06,1.7191754964063222e-11,2.5902645575115457e-05,0
1,5.371416136767948e-06,0.9999842643737792,8.485952912584692e-11,5.043029460694015e-08,5.580855031439569e-07,4.76769968990598e-12,9.833290278038476e-06,0
1,2.458975131958141e-06,0.9999960660934448,1.0113233167574619e-10,3.1284354662375335e-08,1.772961013557506e-07,5.297110406560224e-12,1.327507106907433e-06,0
1,7.891316613495292e-07,0.9999983310699464,6.680068997955145e-11,5.01941377351045e-09,6.716759770597491e-08,4.351862186585676e-12,8.103090749500552e-07,0
1,3.2776836178527446e-06,0.9999957084655762,1.7037754540538683e-10,5.301038275007386e-09,1.4738277798187482e-07,1.5026755881275555e-11,8.700515081727644e-07,0
1,1.1529969015100503e-06,0.9999983310699464,3.1592187199613875e-10,5.400000002708793e-09,1.5492653915316626e-07,1.558943252266687e-11,3.1776403375261e-07,0
1,7.371396577582345e-07,0.9999986886978148,1.2961308415437856e-10,4.16163858929508e-09,2.671097831807856e-07,2.2375819946907072e-11,2.857188121652144e-07,0
1,7.461137556674657e-07,0.9999983310699464,1.0221211377281492e-10,8.415112162651894e-09,5.443406507765758e-07,1.4020036867568033e-11,3.8232661836445924e-07,0
1,3.546050777458732e-07,0.9999994039535522,4.462800962112823e-11,1.7728568613151195e-09,7.297033732811542e-08,1.0578472126043792e-11,2.1304821018475198e-07,0
1,2.1141144657121918e-07,0.9999995231628418,1.06974741564958e-11,3.829294659141169e-09,6.332643209816524e-08,2.8083299574710448e-12,1.477571345276374e-07,0
1,1.126012634244944e-07,0.9999996423721312,6.886866077415732e-12,4.235774397898241e-09,8.893402991816401e-08,2.6598018492557385e-12,2.084665879920067e-07,0
1,1.5346546433647745e-07,0.9999995231628418,7.112162855177351e-12,1.3399570342187415e-09,8.766685510863682e-08,2.5723540051508786e-12,2.678300745628804e-07,0
1,6.264014729140399e-08,0.9999998807907104,8.908871036716892e-12,1.3822470945612506e-09,2.091896433853435e-08,4.310758564343709e-13,4.9351250197560155e-08,0
1,6.653002060375003e-08,0.9999994039535522,3.864936842790101e-11,1.985998032694169e-09,5.808211511748596e-08,1.1364221196019653e-12,4.1875395595525333e-07,0
1,3.7632705840451315e-08,0.9999998807907104,4.170528939556606e-12,8.671041662466904e-10,4.6197992986662946e-08,8.615516340713254e-14,3.5232229578241465e-08,0
1,3.35115295513333e-08,0.9999998807907104,8.211463627116888e-12,2.6199825642336805e-10,1.9255031347142904e-08,1.8298634363398547e-13,2.9465997641864305e-08,0
1,2.2084591932980402e-08,0.9999998807907104,2.9703214714238424e-12,1.560952062051868e-10,2.0313136062100057e-08,1.426809787940381e-13,3.81453659770159e-08,0
1,3.1050462201420714e-10,0.9999998807907104,8.250468179742816e-14,7.080114706320417e-12,4.042568502171662e-09,1.1835500739458982e-14,9.026617675544912e-08,0
1,2.675901278337278e-09,0.9999996423721312,9.45360109638749e-13,1.6583814183013246e-11,1.4299679662599374e-08,1.1526765869920852e-13,3.952640383886319e-07,0
1,5.76739047630781e-08,0.9999979734420776,6.075623077556047e-12,1.45665271511497e-10,2.0501300923569945e-07,9.071124385494345e-13,1.7403535821358671e-06,0
1,1.9012034613297143e-08,0.9999969005584716,2.5371081104064164e-12,1.4633762257521002e-10,2.9879836915824853e-07,3.3970645307163094e-13,2.791671249724459e-06,0
1,8.05369282375068e-09,0.9999994039535522,9.861216010431662e-12,9.521741034523855e-11,2.6817675191637136e-08,4.590176979832328e-13,6.173368092277087e-07,0
1,4.864023073203326e-10,0.9999998807907104,1.1088821375883353e-13,6.942391973796536e-12,1.995758003303649e-09,1.9204174925638307e-14,8.473466550640296e-08,0
1,4.927438013169194e-09,0.9999998807907104,4.421589396702563e-12,1.9982545132468662e-11,5.7303806144659575e-09,5.159577734677179e-13,6.711609046305966e-08,0
1,3.930317848954701e-09,1.0,3.672597382459175e-12,2.3819468966679302e-11,9.693105873509468e-09,2.5871251213387125e-13,3.7720671031138415e-08,0
1,2.0984936011103628e-09,1.0,2.105458385762149e-12,2.0847676016066963e-11,7.46230277570703e-09,1.177749846432985e-13,3.6400439995532e-08,0
1,3.5197070258341507e-10,1.0,6.85333354736445e-13,9.633925601715276e-12,2.2400341581629846e-09,5.714376996764081e-14,1.605969934814766e-08,0
1,2.080685623795375e-09,0.9999998807907104,2.077745094031247e-11,4.0400207484969635e-11,4.791292695927041e-09,2.169435638077477e-12,1.6132806024415913e-07,0
1,9.188123328840449e-08,0.9999935626983644,8.274402829577808e-10,5.608491449038411e-09,5.77776802401786e-07,3.0706437392780117e-10,5.754427547799423e-06,0
1,1.928856718791394e-08,0.9999986886978148,1.914786385004419e-10,1.1961881485333947e-09,1.3437913537472926e-07,7.186408412795942e-11,1.1047154657717329e-06,0
1,1.0632636993079814e-08,0.9999992847442628,3.256987388122745e-11,2.682030153522419e-10,1.1213079176286557e-07,5.617971365889929e-11,5.775525551143801e-07,0
1,6.4356155959899305e-09,0.9999955892562866,3.935292369749988e-11,6.048823664173142e-10,7.693235914985054e-08,4.1309369119835176e-11,4.38206961916876e-06,0
6,8.591146682945804e-10,4.033467746467068e-07,1.028350234827391e-11,2.1216696455272907e-10,4.8342268854639776e-08,1.4753563926106492e-09,0.9999996423721312,0
6,1.4288371374959752e-08,1.4844945326331072e-05,8.218051239516909e-11,1.110696756789764e-09,2.2051986547921842e-07,1.1563950685911097e-08,0.999984860420227,0
6,3.5086035410358825e-08,3.5340995054866653e-06,5.15172848825074e-10,2.430013079646187e-09,3.178606107212545e-07,3.6935105640623085e-08,0.9999960660934448,0
6,1.2726767195658796e-08,3.008794067227427e-07,6.791447959564323e-11,5.375842548893671e-10,1.8399720147499465e-07,1.5555494670138614e-08,0.9999994039535522,0
6,2.252845243688739e-09,5.7412915310806056e-08,7.87969082344242e-12,1.930863108290381e-10,5.153866666773865e-08,2.962834644293366e-09,0.9999998807907104,0
6,5.631979327347381e-10,2.0949941781367443e-09,1.044123880238057e-12,9.656700786231376e-12,1.5984737089524973e-08,1.0346651313497546e-09,1.0,2
6,4.091889327373366e-10,2.6225427385284656e-10,7.601866727248441e-13,3.093541395271515e-11,2.694551248794141e-08,2.037598978432697e-09,1.0,2
6,6.0129612400317e-10,1.4976468676319854e-10,3.06559085842123e-13,3.594701619702434e-11,5.67587576938422e-08,9.969862713177235e-10,1.0,2
6,2.328883752511501e-10,1.4093987088514837e-10,8.564012671762046e-13,3.688703509308056e-11,2.7089285481451952e-08,2.023829548392086e-09,1.0,2
6,4.974168299476388e-10,2.699503509617784e-09,2.9453182514432848e-12,2.285860806194861e-10,7.822174552529759e-08,3.241468427006566e-09,0.9999998807907104,2
6,7.104999366625009e-10,2.410348587389421e-09,5.3180051508283635e-12,3.5609987181217656e-10,1.2466003340705356e-07,4.116957885713646e-09,0.9999998807907104,2
6,1.0537224426343528e-09,4.965544420088008e-09,1.463689759673148e-11,4.19530576944993e-10,1.6549486758776768e-07,7.0634409432557285e-09,0.9999998807907104,2
6,1.6575864014711783e-09,1.8912258425984874e-09,1.6617505982363667e-11,6.113688444386867e-10,1.2483502587201656e-07,8.168595577728865e-09,0.9999998807907104,2
6,2.338365279186405e-09,5.181462370273948e-09,4.1243571058391375e-11,1.655507397835265e-09,1.0038469611117763e-07,2.1583456799589843e-08,0.9999998807907104,2
6,6.20834217368582e-10,3.8972677862680877e-10,1.6527829452273046e-11,4.513698026453738e-10,6.629356619214377e-08,1.797606330455892e-08,0.9999998807907104,2
6,9.232511422041512e-10,1.0740914824225456e-09,1.1065001345733627e-11,8.94471996470969e-10,9.130548050961806e-08,5.573357331201123e-09,0.9999998807907104,2
6,4.93062313200454e-10,2.603394722022756e-10,5.486503612539551e-12,1.7822893161323347e-10,1.618578160389461e-08,2.476622684710605e-09,1.0,2
6,2.1955089135605727e-10,1.0510564640853204e-10,3.295066259775825e-12,1.4095249967205348e-10,6.654856221643968e-09,1.5858730995077506e-09,1.0,2
6,7.709666238753242e-11,5.774438219252609e-11,1.348840635538584e-12,6.996499213318684e-11,2.20674056805592e-09,7.216695574463471e-10,1.0,2
6,2.9862747691344887e-11,5.950095971485325e-11,4.893738409297854e-13,2.3026284004523667e-11,2.1239388026117467e-09,4.1961384367183996e-10,1.0,2
6,2.3677587668302635e-12,4.578901927759782e-12,3.6455495062591096e-14,3.0135663929564682e-12,8.04167454848681e-10,1.9168716614004208e-10,1.0,2
6,1.6886795781156927e-11,6.674259755978795e-11,2.2264841066741567e-13,2.2573552402316288e-11,4.694321376064181e-09,7.555390757474355e-10,1.0,2
6,9.316476409781949e-12,1.2768818988262431e-11,1.7783746751685178e-13,1.3771406758011915e-11,8.454312250272267e-10,1.4490442179493355e-09,1.0,2
6,6.107805775902586e-13,1.3001001100340637e-12,4.874449724201002e-15,2.283601693159332e-12,8.815301960618527e-11,5.667775276885223e-11,1.0,2
6,5.047726993334667e-12,6.598818019787345e-11,2.0827107670862851e-13,3.905235856915823e-11,3.640070023180897e-09,8.716776189743313e-10,1.0,2
6,1.7673024502173895e-11,1.4896300859490452e-10,1.4570182083409322e-12,1.4129489245284788e-10,5.827275550984723e-09,1.5862935409671763e-09,1.0,2
6,5.2711911224800894e-11,1.2918330294375835e-10,3.068868510008871e-12,1.1298644658763736e-10,8.542674123646066e-09,1.280544115189741e-09,1.0,2
6,2.517642171129264e-11,3.981014129461613e-11,1.5216881574242613e-12,1.3865426862214036e-10,2.1241870484800532e-08,2.935978793416893e-09,1.0,2
6,2.2472043670340722e-10,3.7047893641783958e-09,7.185798484021788e-11,1.7679676611592752e-09,3.181950773978315e-07,9.404091727560626e-09,0.9999996423721312,2
6,5.506802791543919e-10,1.8798782530637936e-09,5.3239929825865666e-11,2.445215141477774e-09,6.213887218109448e-07,1.9913205306920645e-08,0.9999994039535522,2
6,3.4193628484224803e-10,1.4119333480167027e-09,5.865403301941186e-11,2.1516317616487868e-09,4.317233504025353e-07,6.555203935221243e-09,0.9999995231628418,2
6,1.6063420038570086e-10,1.4425001193529852e-09,1.1515161740804911e-10,4.327919800317659e-09,6.991439960302159e-08,1.8315081673492275e-09,0.9999998807907104,2
6,3.1109612108615176e-10,7.836653104220659e-09,8.962832559467059e-11,3.667190329181835e-09,4.376521758331364e-07,2.2902646445999153e-09,0.9999995231628418,2
6,3.661047853764643e-10,8.828419773010411e-09,1.7870860347102277e-10,2.030539469899395e-08,1.654396328376606e-06,2.56307908230724e-09,0.9999983310699464,2
6,1.8938446297300796e-11,5.213280918070494e-10,2.6599243641012293e-12,2.4679647214753686e-09,1.7431749199658952e-07,2.6338065062248006e-10,0.9999998807907104,2
6,1.185839204609351e-10,2.9499667153487504e-09,6.977148719888858e-11,1.8160712045300897e-08,9.514715770819748e-08,2.136411936248805e-09,0.9999998807907104,2
6,2.393172882086958e-10,2.224450623700136e-09,4.1798561140060635e-11,1.8916992416961875e-08,1.9906217119114444e-07,2.654090058840097e-09,0.9999997615814208,2
6,1.0987655230110248e-10,1.9764987424508718e-09,9.40510794245064e-11,2.4846670498845924e-08,1.1236336661113457e-07,4.11294687197028e-09,0.9999998807907104,2
6,1.023974221386892e-11,2.532825060796995e-10,2.1402508671580778e-12,2.7125670598593384e-09,5.0908994353449095e-08,4.780263962445018e-10,1.0,2
6,9.552114958386038e-13,1.4628359287782722e-11,1.945570169813865e-13,3.3830424572833806e-10,5.407409187085932e-09,2.2596911841699094e-10,1.0,2
6,3.543161857660904e-13,6.440287973058512e-12,6.020454046320317e-14,1.8513797439556607e-10,2.296726586692444e-09,1.0778856973647776e-10,1.0,2
6,8.965267764282636e-14,4.42544568698966e-12,8.930669009486141e-15,9.398348765898844e-11,1.696979334830928e-09,3.139537241292345e-11,1.0,2
6,3.5409101052739234e-14,5.0494890387053895e-12,8.671930937286052e-15,1.3129024256652855e-10,9.986636406722482e-09,8.478336782635765e-11,1.0,2
6,1.1194524311437111e-13,1.2155493625543023e-11,6.796611342306524e-14,2.783217822877049e-10,6.89237538153975e-08,5.404250380536267e-10,0.9999998807907104,2
6,1.307220933062514e-13,1.2936373326721816e-11,3.4354717828128864e-14,2.0674681411314566e-10,3.768931478020932e-08,2.8561358833556483e-10,1.0,2
6,4.246614995415121e-13,8.219236055651002e-12,3.3112798120864615e-14,1.0981230369466743e-09,3.975276285927976e-08,7.221043207827904e-11,1.0,2
6,6.967925043378786e-13,2.3998636411448612e-11,5.5717061552603565e-14,8.138627549669764e-09,6.389839768417005e-08,8.026498909963209e-11,0.9999998807907104,2
6,4.755708495193454e-14,2.043453297198572e-12,1.0217519155921026e-15,4.712170098564171e-10,6.945939823310709e-09,8.216431007790348e-12,1.0,2
6,2.3058738620775066e-13,6.618150472093021e-12,7.712886353086843e-15,4.147697296730257e-09,1.6324866791705972e-08,2.1289820600900452e-11,1.0,2
6,4.2356135959709117e-13,5.264637684132545e-12,2.5431647551212543e-14,2.465819326502583e-09,1.6430982796578064e-08,6.920476691707478e-11,1.0,2
6,5.289616401144004e-13,2.160606979786928e-12,2.1746410485616423e-14,2.905506280015402e-09,1.4855570995564449e-08,8.966940384658173e-11,1.0,2
6,1.6782670359764135e-14,4.2834499510736873e-13,4.7582287570247135e-15,2.1390123006170822e-10,8.638192383614295e-10,3.06680444928098e-11,1.0,2
6,3.2029709288484975e-13,2.364780029781577e-12,7.523422531664771e-14,4.664235220275259e-09,9.380610066500594e-09,4.139286136073394e-10,1.0,2
6,2.519199313131409e-14,2.688589368499139e-13,6.052112665053599e-15,2.8375601868191325e-10,3.753804489470269e-10,2.263261453250287e-11,1.0,2
6,1.0114934741569173e-13,6.840639166227902e-13,3.039749170690581e-14,8.04434407974952e-10,2.768094420346756e-09,1.0656754645399502e-10,1.0,2
6,2.881710271611642e-15,5.951153198707759e-14,5.82983131441981e-17,6.455217436973637e-12,5.080922349520732e-10,8.735570860424202e-13,1.0,2
6,3.3316472275229595e-14,4.3493859772439363e-13,1.6387961476673103e-14,2.410668019370288e-11,8.304401610814692e-10,5.869771335653695e-11,1.0,2
6,7.80379179245866e-14,6.016657441362816e-13,1.2663828658139066e-14,7.481605612813523e-11,2.1222339441351323e-09,4.7551351745056536e-11,1.0,2
6,1.3564028804701337e-15,7.039425703318e-15,8.561316031201385e-17,2.582915869034364e-12,2.9200759865677384e-11,3.171789545418358e-13,1.0,2
6,4.8072358810671845e-14,1.1663711446327496e-13,2.838505662071042e-15,1.1435639761525618e-11,2.9174776483564813e-10,6.956032104488141e-12,1.0,2
6,1.168805676141836e-16,3.956721713102964e-15,1.7662000505793167e-19,1.2765780931802384e-14,2.627818969369589e-11,7.958235375489682e-15,1.0,2
6,1.172983253225606e-14,5.5921057579488495e-14,4.847042279126695e-16,1.1178038746353924e-12,3.2047278025748576e-11,1.912264834327826e-12,1.0,2
6,2.2123681077905856e-15,1.8153388202921984e-14,1.6191273014782366e-16,2.595552353774899e-13,3.250585217662305e-11,1.594152978026675e-12,1.0,2
6,1.8531556226619038e-15,3.962984928824846e-14,1.1014606673091577e-16,2.7766073403164004e-13,1.8472518653611655e-11,7.350603957977099e-13,1.0,2
6,3.209841729773775e-15,4.978640655121935e-13,4.26726265276101e-17,3.3062769644494344e-13,1.1757295137471147e-10,2.1361226318610682e-13,1.0,2
6,3.249123517977404e-14,1.4891796563248905e-12,5.260227465426405e-17,2.395029487234357e-12,5.046281170706379e-09,1.7318590138371006e-13,1.0,2
6,1.4705975966058246e-13,7.2241526996585925e-12,2.3485661352696304e-16,4.231255536918388e-12,2.6974152689263065e-08,1.1551338227958065e-12,1.0,2
6,5.4965316423783584e-14,6.548474002637805e-12,1.0840041785340835e-15,6.181975070740364e-12,2.8203490654021834e-09,4.153866053208111e-12,1.0,2
6,6.563325729257163e-13,2.3508759175450145e-11,7.24765299858765e-13,4.5343218069149316e-10,8.396031425661477e-09,4.4602255916403877e-11,1.0,2
6,2.4738490769782292e-11,4.6390506019955424e-11,5.550665179224201e-13,5.631334842881586e-10,3.631251033198168e-08,8.709509502491386e-11,1.0,2
6,2.847727742505413e-08,1.4045502538806433e-08,1.116305048398658e-09,3.337057137287047e-07,1.963258455361938e-06,7.617394714998227e-09,0.999997615814209,2
6,2.2590138826217299e-07,2.1854422271871957e-08,1.3824003053386491e-09,6.197669222274271e-07,8.599735338066239e-06,1.2182183262154922e-08,0.9999905824661256,2
6,8.508648008387354e-09,4.306071943460665e-09,6.136614133511742e-11,2.232702058790892e-07,2.1579049644060436e-05,2.8783382344244046e-09,0.9999781847000122,2
6,2.278284760848237e-08,2.23099938523319e-08,1.2854153852437378e-10,5.006560854781128e-07,7.590659515699372e-05,2.2072587313459732e-08,0.9999234676361084,2
6,1.5324921776027622e-08,1.6550607995213795e-08,4.910765127874582e-10,2.290288421136211e-07,3.145663640680141e-06,1.3702235790447048e-08,0.999996542930603,2
6,3.2213158362992544e-08,7.321043682395613e-08,7.898554033047843e-10,1.7157954061985947e-06,2.8725358788506128e-05,1.2254730563654448e-08,0.999969482421875,2
6,1.1365530738771668e-09,7.860717410324014e-09,2.0004228828973678e-10,1.241988485389811e-07,1.083094593923306e-05,1.4956336613636267e-08,0.9999890327453612,2
6,3.6181653229050426e-08,1.5173252165823214e-07,1.4647786317212306e-09,1.759585188665369e-06,0.0002776539477054,2.543669666010828e-07,0.9997201561927797,2
6,3.3716492708890655e-08,2.588623431165616e-07,6.448249045831744e-09,1.6226889556492097e-06,2.467661397531629e-05,3.9818948494030337e-07,0.9999730587005616,2
6,2.7243733935478076e-09,8.467586809501881e-08,2.532810627897675e-10,1.772379647491107e-07,3.542910917531117e-06,2.9516456834244312e-08,0.9999961853027344,2
6,2.3177353369874254e-08,1.760090952984683e-07,1.9126862316198867e-09,2.5285990545853565e-07,3.80796700483188e-06,1.2257534365289757e-07,0.9999955892562866,2
6,6.520375794849542e-09,2.5111559054380453e-08,1.900823054512557e-09,1.0519279669551906e-07,2.438125363823929e-07,1.0184420773384772e-07,0.9999995231628418,2
6,1.7277505648394254e-08,2.2883037686938223e-08,9.280211266116112e-09,2.111195698262236e-07,3.002091091275361e-07,4.470279577617476e-07,0.999998927116394,2
6,3.407814830325151e-08,1.9720060251415816e-08,1.939074678602992e-09,1.0104949410560948e-07,4.1439852793700993e-07,2.923785586972372e-07,0.9999991655349731,2
6,1.2104102609100664e-08,1.051020603881625e-09,2.599781501189113e-10,7.26164373077154e-08,1.2332615995092058e-07,1.4542338533374277e-07,0.9999996423721312,2
6,2.519720210258924e-09,2.259898101986124e-10,3.238912957281848e-11,7.0045715894195845e-09,1.9798353179112386e-08,2.7317115680602914e-08,1.0,2
6,1.1802644195313404e-08,3.4794364611734347e-10,1.4550555205161686e-10,1.6187998497230183e-08,7.402451984717119e-08,1.728451337612569e-07,0.9999996423721312,2
6,5.1349065444128434e-08,1.0734251265631656e-09,9.50066469940225e-10,3.191006925362672e-08,3.443844676098706e-08,5.224244432611158e-07,0.9999992847442628,2
6,5.627363908189409e-09,9.533939610006924e-11,9.26821813740375e-11,5.863844965148246e-09,8.043166133120394e-09,8.774953386136987e-08,0.9999998807907104,2
6,1.552440664909227e-08,1.9415095919850242e-10,5.795922630724704e-10,2.146296473881648e-08,5.178480222411964e-08,2.413204640561162e-07,0.9999996423721312,2
6,1.2183492970052612e-07,4.118412277875905e-09,1.0044808540499162e-08,1.7926979012372612e-07,1.733894094968491e-07,1.1932908137168852e-06,0.9999983310699464,2
6,2.3537007010077104e-08,4.674205467125603e-10,4.0946614987547045e-09,5.845934580861468e-08,2.063923609796348e-08,3.4509722013353894e-07,0.9999996423721312,2
6,8.330311374038503e-08,3.412372051592172e-10,3.1418994073106883e-09,4.8334428015550663e-08,2.3449624464433327e-08,3.553837473191379e-07,0.9999995231628418,2
6,3.875587850643569e-09,5.3070742245253655e-11,3.8939540480953373e-10,1.1946966083087318e-08,1.5334963299196147e-09,6.129749152705699e-08,0.9999998807907104,2
6,3.3694161349906437e-10,4.1950720675032465e-11,2.3682714123118837e-10,3.0022286878761406e-09,1.7376784733347248e-10,6.097039761954193e-09,1.0,2
6,8.641307114309881e-10,1.794702858548547e-10,1.3427968459378548e-10,5.234926270247797e-09,3.928756764359776e-10,2.490335715421565e-09,1.0,2
6,1.0214645795869615e-09,1.0878387773916032e-10,1.9055419742119994e-10,9.806973011450282e-09,3.8399877722028464e-10,6.870243485224137e-09,1.0,2
6,1.999686638498588e-09,6.517652528792438e-10,2.994291259383885e-09,2.104900431731949e-08,3.886045096823665e-10,5.9382654349349195e-09,1.0,2
6,1.0107630288302973e-08,2.761444406473856e-09,9.619856911058378e-09,1.0495974578361714e-07,1.3376925123154138e-09,1.073758149061632e-08,0.9999998807907104,2
6,3.101880974298865e-09,4.2892855933729374e-10,1.5289259858164426e-09,2.7622624187984002e-08,1.349418493612475e-10,1.6413715941965279e-09,1.0,2
6,1.2814608041367135e-08,2.2721431403027732e-09,2.556803213593639e-09,2.0244102927335922e-07,9.157151148464491e-10,1.4552924421096234e-09,0.9999997615814208,2
6,8.197204692805826e-09,3.6612719522821635e-09,7.223143416723587e-09,1.0432943753357905e-07,1.5026402344631151e-09,1.911119040798326e-09,0.9999998807907104,2
6,2.3088666534221147e-09,1.933956328414865e-09,4.821949950439831e-09,7.76313768824366e-08,9.274411238990863e-10,1.2417495920402644e-09,0.9999998807907104,2
6,3.343425980517622e-09,2.686462163836722e-09,1.6503692634728395e-08,1.0566579078385985e-07,1.270229810224066e-09,2.3577573227129282e-09,0.9999998807907104,2
6,1.243510738824227e-09,1.13156006786852e-09,1.3356103778505712e-08,3.3072314664650555e-08,4.365091343938587e-10,1.7610286562330655e-09,1.0,2
6,2.9558415715058564e-09,1.5742671610752266e-09,2.6524775265102107e-08,4.214261295487631e-08,4.169555256616775e-10,2.8441180521809883e-09,1.0,2
6,4.910005180214226e-10,5.195294749960054e-10,7.022844972226494e-09,3.930033187771187e-09,3.072959942063136e-10,3.758233724227011e-09,1.0,2
6,2.2976369418170606e-10,7.296553639069002e-11,9.054181293599584e-10,1.666141891121242e-09,2.95445161391239e-11,2.6253654805685755e-10,1.0,2
6,1.0627632107684803e-09,3.8726158391177984e-10,2.691310108104972e-08,9.256144295477498e-09,1.593039172798072e-10,7.336766305598985e-09,1.0,2
6,6.989273604318669e-10,3.9689310171731046e-10,1.7625417569888672e-08,8.16855028062946e-09,1.4490351973872606e-10,2.7215687481429995e-09,1.0,2
6,3.497068745694776e-10,4.521117369371552e-10,8.85936657368802e-10,3.7062326541104085e-09,2.0551699231319278e-10,2.3467108811736637e-10,1.0,2
6,1.2846467223326383e-09,3.356510624996645e-10,9.808001522060296e-09,4.173886125613535e-09,1.2651395209228866e-10,3.065456777306963e-09,1.0,2
6,1.1776753183756483e-10,2.9472096985116986e-10,1.1613970229973349e-08,3.874375931189888e-09,1.068914262658538e-10,3.7065930325042022e-09,1.0,2
6,1.1506050279219692e-10,7.067048057862735e-10,6.921145967453414e-08,1.3269084497835593e-08,1.9678909890519239e-10,1.3765175665980678e-08,0.9999998807907104,2
6,6.06572958528062e-10,5.385092372023337e-10,4.8196793223098674e-09,9.298701364457427e-09,2.3472301879934316e-10,1.9488126667965844e-09,1.0,2
6,8.059774375679396e-11,2.7453311846059586e-10,1.088897971790459e-09,2.880608862554368e-09,1.1181014447636528e-10,7.303797566748925e-10,1.0,2
6,5.824705717749622e-10,5.7086696481079e-10,5.487621468347471e-09,4.3402210714305064e-09,8.328985418026845e-11,2.3431649953664646e-09,1.0,2
6,3.6629119182229886e-10,3.162105299825413e-10,2.2651380771065988e-09,1.2289513406926744e-08,5.618928933248668e-11,2.107627183889349e-09,1.0,2
6,1.6153443860300598e-10,9.573611348123734e-11,3.8287031878248e-10,4.06256583929121e-09,2.6572183689510528e-11,1.3378586016798975e-09,1.0,2
6,5.075195125270327e-11,6.548817599316691e-10,6.59583887507864e-10,8.85563800068212e-09,1.2803652582604738e-10,1.5305570144619194e-09,1.0,2
