6,5.7116832097303665e-11,6.248699335742457e-10,9.411007563520089e-12,3.869427889213739e-09,3.4582805508165393e-09,8.19301604337852e-09,1.0,2
6,1.2137656331401292e-11,1.0833434843648959e-10,2.6419849381148497e-12,2.2476263072945804e-09,1.5675823972216563e-09,4.371033757166742e-09,1.0,2
6,1.845744737605237e-11,2.2793479603766542e-10,8.479141000439228e-12,4.3277963435173206e-09,2.6403668140773107e-09,1.239537805730606e-08,1.0,2
6,2.1050376719511377e-11,1.5767936956123663e-10,6.418631251503548e-12,2.8386930583934604e-09,2.133647036828279e-09,8.132934325999486e-09,1.0,2
6,1.774469807203083e-11,6.200967517244749e-11,3.036321628152594e-12,1.9443719967426887e-09,1.621828338294051e-09,5.1729016625756685e-09,1.0,2
6,2.8502625606940942e-11,2.4388158159638346e-10,1.0008530462735088e-11,4.575399170647643e-09,3.454107888600788e-09,1.230616764047454e-08,1.0,2
6,1.6772999655856324e-11,4.94900509462326e-10,6.4966959763268495e-12,2.621688866000227e-09,3.560661543389187e-09,6.2747029794252285e-09,1.0,2
6,2.8546802074980168e-11,3.1927652188734607e-10,1.2223407182265776e-11,4.469282277597131e-09,3.2033928842878363e-09,5.975293149163008e-09,1.0,2
6,6.299687160815637e-11,7.505593369039332e-10,4.6183040031122496e-11,1.1510254971369704e-08,7.20121695607645e-09,1.0905176317521637e-08,1.0,2
6,5.563135022090826e-11,4.1309416998203114e-10,1.5325067603821907e-11,7.168382332167766e-09,5.236584499357377e-09,6.635564986368081e-09,1.0,2
6,2.2490134754526988e-11,2.0647450416078075e-10,4.155886572376755e-12,2.4504225315524764e-09,5.526326951610372e-09,3.224997158213227e-09,1.0,2
6,3.1467300553450483e-12,3.2322602927514765e-11,2.866889126269812e-13,4.68773353468066e-10,1.2625801515397939e-09,6.244708083968931e-10,1.0,2
6,5.761080414806719e-12,5.62441898610544e-11,2.4132798624038054e-12,2.1433832486650317e-09,1.0408943706963214e-09,2.4020190281248688e-09,1.0,2
6,1.6243837872020883e-11,2.2068319394108468e-10,1.2540204118172138e-11,7.087070930111849e-09,1.4686691862664247e-09,8.685034025290861e-09,1.0,2
6,1.2080930873736849e-11,1.9244769666748598e-10,1.0573636584354508e-11,6.014524434050372e-09,9.248445342890931e-10,6.534908614241885e-09,1.0,2
6,1.0785020446157922e-11,2.923259412312973e-10,8.293091040278977e-12,5.0349751035128065e-09,1.2899009638189796e-09,8.393086226021751e-09,1.0,2
6,5.1174767548567416e-12,3.5594577285635864e-10,2.8770902760905104e-12,4.221210048171997e-09,6.179552425322753e-10,6.750004999389603e-09,1.0,2
6,3.074657065407771e-12,1.3795573017283402e-10,1.0573529898860734e-12,2.026158574253145e-09,3.722099295444536e-10,3.0555329377790486e-09,1.0,2
6,4.513918318987953e-12,8.710988180782309e-11,1.0899456250740291e-12,2.8867526147280387e-09,7.562455661691557e-10,4.2298662350503954e-09,1.0,2
6,1.3885136096458696e-11,2.3541299465357213e-10,4.385758683306262e-12,5.989932994054925e-09,3.725830310941092e-09,9.585442661830257e-09,1.0,2
6,4.851956683649128e-11,4.538518172392258e-10,5.639960720671411e-12,2.0040978654378705e-08,1.2993713660591766e-08,2.128412823765302e-08,1.0,2
6,2.4972112919186e-11,4.2403247579869685e-10,6.672942363603053e-13,8.365468318061176e-09,1.508418812079526e-08,3.088721722832588e-09,1.0,2
6,3.173771662146052e-11,9.823348801063503e-10,5.695924417889464e-13,4.582982882084252e-08,4.356861538212797e-08,1.445905062347208e-09,1.0,2
6,9.089470495715624e-12,4.1382913762433294e-10,1.564726538443029e-13,1.501787494362361e-08,1.6285712334251912e-08,1.4017285943079827e-10,1.0,2
6,1.1046764891720072e-10,1.2591558906649425e-08,6.1579426453850505e-12,8.018552932753664e-08,1.0187959276208859e-07,1.1825577184154668e-09,0.9999997615814208,2
6,9.335420457501352e-12,2.133260457171104e-09,3.122456503426574e-12,4.2345099870999554e-08,7.006896396433149e-09,1.0070756450986096e-09,1.0,2
6,7.360879267226395e-11,8.433939768792698e-09,2.0058074992612696e-11,2.641356502408599e-07,1.5820850407521906e-08,1.6445423911548571e-09,0.9999997615814208,2
6,2.3424313599917923e-09,2.3392392733967426e-07,1.2617659139735338e-09,1.7575846413819818e-06,2.8635523108278e-07,3.0163203490474195e-08,0.9999977350234984,2
6,1.7428065934854686e-10,1.2705380747490837e-08,1.384155810801868e-11,1.6069313346633862e-07,5.929394930603849e-08,1.726934151236037e-09,0.9999998807907104,2
6,1.4874038112289156e-10,1.5223122318275273e-08,4.165180700343996e-11,1.941536851290948e-07,2.3120581005287025e-08,2.5720250373950652e-09,0.9999997615814208,2
6,4.3676537386794223e-10,3.1594783678201566e-08,1.6083038234526723e-09,2.575581902419799e-06,1.6424392512703893e-08,3.580868224162259e-08,0.99999737739563,2
6,7.722140260568722e-09,3.581446890166262e-07,9.63761781491712e-09,4.394029019749723e-06,1.3261809783671197e-07,6.183270784276829e-07,0.9999945163726808,2
6,1.5903112160486899e-09,8.696562048271518e-08,2.049136194059997e-09,1.233700686498196e-06,4.742535963941919e-08,1.7044912681285498e-07,0.9999984502792358,2
6,1.8313042748907546e-10,2.925648701079808e-08,6.852949319124946e-10,2.964249858905532e-07,6.645721306597352e-09,2.196348170002693e-08,0.9999996423721312,2
6,1.1512021197424004e-10,1.6735729246875053e-08,3.44065914648084e-10,1.1313917269717423e-07,3.003918225275015e-09,1.1162442525858296e-08,0.9999998807907104,2
6,2.4710769541691486e-10,2.677434451925365e-08,2.5789159696643077e-10,6.92102730681654e-08,8.279164021018914e-09,1.4659130798122533e-08,0.9999998807907104,2
6,2.2385839709704317e-11,1.2882543032333162e-08,5.039562517294982e-11,1.6480447229128004e-08,1.1100081964698916e-09,2.064517667932364e-09,1.0,2
6,2.866904214027244e-10,1.5783028217697392e-08,8.768934189884448e-11,9.395077604779091e-09,3.8121417134107105e-09,5.218816045982066e-09,1.0,2
6,2.757148676035825e-10,9.113614751754541e-09,3.9234081261607656e-11,5.591586749176258e-09,3.910718415767178e-09,3.159539074815143e-09,1.0,2
6,2.6662092672546933e-11,8.296046516420574e-09,2.8918032898839208e-11,8.93283780278864e-10,2.8074467195438046e-09,1.759648760035759e-09,1.0,2
6,1.246379627110883e-12,3.724061281573654e-09,1.293357781984028e-12,1.1912915098832855e-10,4.060719815957015e-10,1.7175780242517646e-10,1.0,2
6,1.492358537094618e-12,9.83804815390954e-10,2.4313680409282497e-12,2.84433365749237e-10,2.1246306103339663e-10,5.913735057205827e-10,1.0,2
6,2.8941248269437336e-12,1.265898763591622e-08,1.5162936010948425e-12,1.6081070502993455e-11,6.159961873919428e-09,8.291988623509994e-11,1.0,2
6,5.880208971652258e-13,9.792207045222769e-09,2.5367772119033738e-12,1.7806540963949402e-11,2.9626316955244647e-09,7.734454049446171e-11,1.0,2
6,6.918810142864107e-12,1.9986085675327562e-08,4.043713627832624e-11,5.098356736787935e-10,5.228111277233438e-09,2.5953346138862803e-09,1.0,2
6,3.789382349572712e-11,6.56729604031625e-09,1.9091497480139275e-11,9.184983884580331e-10,3.3575944247132843e-09,1.6518739709425743e-09,1.0,2
6,1.5175328008099065e-11,5.536571645592403e-09,1.2230584383807197e-12,9.4934747563169e-11,1.2288271733496003e-08,1.5665206631876316e-10,1.0,2
6,7.674622656134167e-13,9.909802978214086e-10,3.272579418827498e-13,3.733003836603466e-11,1.1685244993842048e-09,3.4001832599495074e-11,1.0,2
6,1.3826836377239804e-11,1.029692686671524e-08,4.790018034994681e-11,4.206060832956382e-09,4.5295354134111684e-09,1.30322042046771e-09,1.0,2
6,2.1077938006097696e-11,2.005913213309896e-09,4.653475955268549e-12,9.380175525208756e-10,8.13676181987688e-10,6.24502949353456e-10,1.0,2
6,3.424314434438691e-12,2.422040568106354e-09,2.321907856955852e-13,3.940912873812152e-11,2.688076872203737e-09,7.622258380024505e-11,1.0,2
6,2.053685726251947e-13,9.597415223661088e-11,1.667778057583974e-14,6.460810185460186e-12,2.8285954134510405e-10,4.066150541270908e-11,1.0,2
6,8.776562376161534e-15,4.8445220057757865e-11,1.3063378334523656e-14,3.774311592430468e-12,3.580311741524511e-11,7.167923893325323e-11,1.0,2
6,7.226708245494305e-14,4.4609593796707253e-10,9.304608949642357e-13,1.0581086007377394e-10,1.7404847008073432e-10,3.96816662862065e-10,1.0,2
6,5.128789103484023e-13,2.9877536000810782e-09,1.9419008501914137e-12,2.689060085714345e-10,5.035126204866458e-10,8.549760344145341e-10,1.0,2
6,8.21578428119446e-13,3.02516967032318e-09,1.866421730709056e-12,1.1333134430913103e-10,2.737327475799134e-09,5.06644504127962e-10,1.0,2
6,4.289504168530911e-11,4.100964545727948e-08,2.544886350264175e-11,3.014271054979645e-10,4.6548169763127596e-08,1.8293577763728306e-09,1.0,2
6,1.4398154543626696e-11,6.65813217892719e-08,1.177033622477841e-12,2.2516563266683495e-11,3.284885394805315e-07,3.2959229789852884e-10,0.9999995231628418,2
6,4.633970073983362e-13,2.4844482027219783e-09,2.847595680847796e-14,2.1734406809026385e-12,3.2937535365817894e-08,2.7891420076309178e-11,1.0,2
6,2.443864338327884e-13,3.649698543384261e-09,3.844565657040548e-15,1.2510668499429722e-12,2.6885652815167305e-08,1.1292908448645722e-11,1.0,2
6,1.1151398814773785e-12,1.7480184411056143e-08,2.380236849633399e-13,3.156377936797128e-12,5.3700173197057666e-09,1.95406732461656e-10,1.0,2
6,5.690432933885825e-12,3.656486669001424e-08,2.4498159577335255e-12,1.993256774912577e-11,5.391055601933203e-09,1.4603311893068847e-09,1.0,2
6,2.2575141409020283e-11,7.231128762441585e-08,5.832425688245824e-12,2.4035743881323235e-11,1.1213036721358094e-08,2.2344268657548128e-09,0.9999998807907104,2
6,5.888494553074608e-12,2.1503085534391172e-08,2.2159275282762625e-12,4.842858752907019e-11,6.539310426489919e-09,1.4977104001445694e-09,1.0,2
6,2.5361686709080008e-11,2.9094614717450892e-08,1.8946168418854104e-12,2.628110784552717e-10,8.461450562435857e-08,7.729505924203295e-09,0.9999998807907104,2
6,2.5307473131008784e-11,3.892606770250495e-08,1.517375634862983e-12,1.7338115665399556e-10,4.6552344201700186e-08,2.9665840894921303e-09,1.0,2
6,1.647906984481029e-11,6.511868377856446e-08,4.440436733588182e-12,1.2723119779955994e-10,1.0036761644016678e-08,1.1190149917794654e-09,0.9999998807907104,2
6,3.386536656570932e-13,1.0605464062507508e-08,1.2516756294628228e-12,1.0599871674843442e-10,2.94706503645159e-09,1.0663143701350464e-09,1.0,2
6,1.168022435363422e-14,7.610035268612592e-09,4.745650825977756e-14,1.5730890548515397e-11,1.8229870946129265e-09,1.06747784223149e-10,1.0,2
6,4.5576545738400954e-14,3.2247033487919914e-08,8.877152485320394e-12,3.804316861533152e-10,5.8603126795730995e-09,8.60918270007005e-09,1.0,2
6,1.917944752669043e-12,5.018907245357696e-08,4.981475995591289e-11,5.441361805580414e-10,1.440362051852162e-08,3.0077494272973126e-08,0.9999998807907104,2
6,6.538263420258206e-12,3.9544183039197385e-08,2.107190463784825e-11,1.0594780608386143e-09,7.143857061464588e-08,3.4292948924985473e-08,0.9999997615814208,2
6,1.5660552282054097e-12,3.931594108053105e-07,6.270039348832411e-11,1.100617708083007e-09,4.1900225511426477e-08,8.154665209758606e-08,0.9999995231628418,2
6,6.835441934693876e-11,6.190574026732065e-07,2.33039448849226e-10,3.5629030836759053e-09,3.3424734624532e-07,9.710585118227757e-07,0.9999980926513672,2
6,1.565419495419551e-11,3.360129028351367e-07,2.9604840714320124e-12,6.017569220695407e-10,2.0875229438388487e-06,9.561885150333185e-08,0.99999737739563,2
6,3.2105090808087766e-10,1.924342853953931e-07,1.485570238872469e-12,4.17549994580213e-09,3.990378161233821e-07,1.0630138991274407e-09,0.9999994039535522,2
6,2.3191837339453517e-11,1.324294274240856e-08,4.047645194276556e-13,1.4811814275095259e-10,1.146850880928696e-08,2.2910989772029208e-10,1.0,2
6,2.42756148516321e-10,3.3750023220591174e-08,3.16727525283278e-12,9.800348310662343e-10,1.6224696253175352e-08,1.6564584148781591e-09,1.0,2
6,7.022829873193359e-09,2.3269063831321546e-07,2.9334448065077006e-11,8.187449052066141e-10,4.4945533517193326e-08,4.312962875729909e-09,0.9999997615814208,2
6,3.7828287169361374e-09,6.691605136666112e-08,1.2793975948111047e-11,1.3084949790354014e-10,8.567443643414663e-09,2.627154938039666e-09,0.9999998807907104,2
6,3.5901881467736985e-10,7.3244761367163855e-09,8.199534801134334e-13,9.977995860110944e-12,2.4241941787295222e-09,2.7009547376444227e-10,1.0,2
6,1.8792904732389812e-10,2.005458243914404e-09,6.1133793340106815e-12,6.946515584971279e-11,1.1237547559161951e-09,1.4294605499287627e-09,1.0,2
6,1.1769996088872856e-09,6.465827340207397e-08,1.7858142742355199e-10,7.071119800805548e-10,9.587090943341536e-08,1.8529169309999814e-09,0.9999997615814208,2
6,9.3678602652858e-09,2.789050235207924e-08,5.868351360405201e-10,3.91523868881194e-10,1.006135690317933e-07,1.651011594105967e-08,0.9999998807907104,2
6,2.88212426147183e-10,1.851303998989806e-08,6.11501543845705e-11,8.711490973034585e-10,1.956183659501676e-08,4.1315878496206437e-10,1.0,2
6,1.0761195268216284e-09,2.9286585601084883e-08,1.6433315819242011e-10,7.658679801458844e-10,8.25556227823654e-08,1.3133213405680522e-09,0.9999998807907104,2
6,1.3525029984862156e-09,6.592950541062238e-08,4.735495884311547e-10,7.116503386583872e-09,2.3072527710610305e-07,2.142360733259352e-09,0.9999996423721312,2
6,6.851749168035325e-10,1.857337572630513e-08,8.154779629343523e-11,4.799176611669509e-09,1.5605449732447596e-07,2.4917454211070833e-10,0.9999998807907104,2
6,3.096436884675313e-08,1.399909166366342e-07,3.908680490383176e-09,3.1754950668982935e-08,3.204152392299875e-07,5.806880309933149e-09,0.9999995231628418,2
6,1.7150254549846975e-09,1.1475182581932586e-08,3.2724845056009144e-10,5.851890527708292e-09,2.959261102830624e-08,1.2387265657665123e-09,1.0,2
6,1.7392809414928932e-09,2.8197304491328623e-09,2.834514567506829e-10,7.797622991745357e-09,3.799119685510277e-09,9.093450992203601e-10,1.0,2
6,1.4197294728734988e-10,7.801274209962017e-11,2.1308671840913892e-11,5.558132287752926e-10,1.3817931521220572e-10,9.42835476358539e-10,1.0,2
6,6.283472006596291e-12,3.908691512816143e-12,1.2962918499032085e-12,1.4572169859672354e-10,2.61101192750024e-11,4.9766902404657636e-11,1.0,2
6,1.334856487497649e-12,4.873090646284606e-12,1.281243340589544e-12,1.0591524879366432e-10,3.802465287083834e-11,1.6189345697359414e-10,1.0,2
6,1.212291118185549e-12,8.768577877682482e-12,3.104237786960562e-12,4.66586103087252e-10,1.9861865624415387e-11,5.044257789244e-10,1.0,2
6,8.44407754981534e-14,1.3546914458262282e-11,2.3227139612710945e-13,3.6765682165373903e-10,1.9619125768421952e-11,3.2932961913090246e-11,1.0,2
6,1.162884242025819e-12,7.095720538918826e-11,6.225183129399127e-13,2.7123847612386953e-10,1.01265142105067e-10,1.3121891073719638e-10,1.0,2
6,1.3212381763747646e-13,6.695830521985524e-12,9.389841335027961e-14,3.2970546431920766e-11,4.632525266168308e-11,6.596590634844189e-11,1.0,2
6,4.4176788963068425e-12,3.156230554690609e-10,1.7851189276774093e-11,7.224408293815542e-10,2.831715417705993e-10,4.310858336964429e-09,1.0,2
6,4.581260284325373e-12,6.122312101730643e-10,6.230270639673297e-12,3.3434821578026686e-10,1.882649591777863e-09,1.778130642726694e-09,1.0,2
6,1.4147745475145967e-10,6.359234916430978e-09,7.521826911327523e-11,3.2430996776966476e-10,1.559549112073455e-08,1.3293228739996721e-08,1.0,2
6,5.656694210265378e-11,5.252218659990149e-09,3.936968806517172e-11,4.520315510792017e-10,1.1185952608627758e-08,5.7791051943922875e-09,1.0,2
6,9.577025977813848e-11,6.60994770029788e-09,1.6288242976614242e-10,2.322448455771564e-09,3.2886671164078507e-09,1.5876203462994454e-08,1.0,2
6,3.216835131603091e-11,1.7114375472360164e-09,1.982522826460276e-11,9.834296710309332e-10,8.433616582870228e-10,5.856792828495827e-09,1.0,2
6,4.094709326381979e-13,3.348911772893537e-11,5.886380250418044e-13,1.7215925907088092e-10,2.6604283012710006e-11,5.616145881681689e-10,1.0,2
6,1.493035431615955e-13,3.73653338088184e-13,8.161801448450592e-14,2.3103546853420198e-10,1.213886022949362e-11,1.8939649848448423e-10,1.0,2
6,2.130337573014174e-12,5.66779392516259e-12,4.946728443533388e-11,3.3416750255810264e-08,7.376834559869039e-11,6.189015522295449e-09,1.0,2
6,1.7113696527612519e-12,1.950725865562664e-11,2.467542446413229e-12,1.3400503817706522e-08,5.592575846868897e-10,4.512203499729139e-09,1.0,2
6,2.6568469646548465e-12,1.8299492129947303e-11,5.427819652070731e-12,1.535508076244696e-08,1.447276409827225e-09,8.114541039105916e-09,1.0,2
6,1.5689449739397787e-11,1.622649757615502e-11,7.804649287956877e-12,1.6755119958133946e-08,8.109281246504452e-09,3.525407876736608e-08,1.0,2
6,3.5247885339650957e-12,8.775022375395736e-11,1.0285701977641448e-11,6.04987135943702e-08,4.715535073529509e-09,6.973217114847331e-09,0.9999998807907104,2
6,5.477215903049172e-13,3.183520808081042e-11,2.4361910058723346e-12,2.2602106852787077e-08,9.039082815576193e-10,4.378602369570217e-09,1.0,2
6,5.260097912795915e-13,3.4225403761078965e-11,2.0822313057805575e-12,1.2377824099019108e-08,3.5545050236507336e-10,1.9716945853787134e-09,1.0,2
6,8.979831987590907e-14,6.059217017018169e-11,5.8225009015588905e-12,1.4266449355204712e-08,5.2269195915943805e-11,3.54695539606098e-09,1.0,2
6,1.1892436600107522e-14,1.6014352344217994e-10,3.744839941616229e-12,1.2587238806816003e-08,2.3400496818037908e-11,1.898548429579705e-09,1.0,2
6,8.881135369763656e-15,1.1570505838165436e-11,7.222681281456467e-15,3.8923952949687646e-10,5.080522114120356e-11,3.6458541047279525e-11,1.0,2
6,1.5464517687246992e-14,4.751977891043202e-12,6.516194393557705e-15,4.3467801580376886e-10,4.131735231727163e-11,7.118616113244157e-11,1.0,2
6,9.24154534772152e-15,1.7110366942740818e-12,4.885286579024879e-14,1.4287464544793236e-09,4.254523816582534e-11,4.4084494388307855e-10,1.0,2
6,5.455874209140917e-16,3.4307243325501155e-14,3.244726400541617e-14,4.1374864645504767e-10,1.466947982357858e-12,1.362060603193882e-10,1.0,2
6,1.079043956903685e-17,5.6448274602782095e-15,5.45627019704376e-16,3.2309103309424714e-11,3.2123069937557697e-13,1.8950036852205528e-12,1.0,2
6,1.4648935073324244e-15,9.696748612397776e-13,1.1525457237898662e-12,3.3599054094501923e-10,9.516018615457478e-13,3.0738217526860007e-10,1.0,2
6,1.1781717535440123e-14,4.63628874874944e-12,1.1462106437598596e-11,3.6523567503721205e-10,3.404925646988133e-12,3.736740694648688e-09,1.0,2
6,5.349243725923103e-13,2.3593927159226705e-11,6.53027978914089e-11,2.609232385708537e-09,4.252796032000461e-11,1.1265344213029492e-08,1.0,2
6,5.802660869164146e-14,2.1170377950685546e-10,1.543149080740491e-10,5.923197932133917e-09,3.9560202336197386e-11,1.8595532225162973e-08,1.0,2
6,1.4702581058005648e-13,2.2382047604185826e-10,7.710609928324175e-10,2.050993508362353e-08,2.941587806670753e-10,6.668619079164273e-08,0.9999998807907104,2
6,1.5454147293467169e-13,5.41197753278766e-10,2.37161651428508e-10,1.147866335315939e-08,2.3087733114213194e-10,2.9928312272886615e-08,1.0,2
6,1.3060674503712066e-12,6.937158070208226e-10,2.189116221629206e-09,8.030722398189027e-08,8.390951267145397e-10,6.201602786859439e-08,0.9999998807907104,2
6,1.1256287568706114e-11,4.442461065679026e-09,6.066162683282528e-09,4.835781055589905e-07,5.2602904254683835e-09,1.2312651733736857e-06,0.9999983310699464,2
6,2.3779903393639223e-11,2.1324046528548024e-08,6.5174248220500886e-09,2.38373047523055e-07,9.586107907466612e-09,2.815155767166289e-06,0.9999969005584716,2
6,8.576653970360225e-11,1.8900543352629032e-08,2.2036786617718466e-08,5.34414425601426e-07,1.7239793592693786e-08,5.470249107020209e-06,0.9999939203262328,2
6,2.574759572215868e-10,1.204929045428571e-08,1.9589054822688468e-09,1.1208003769525021e-07,6.15035347095727e-08,1.1838232012451044e-06,0.9999985694885254,2
6,5.0108611704402506e-11,2.673247179174609e-09,1.8384964661777303e-09,6.44277733385934e-08,4.041364931595126e-08,7.496670946238737e-07,0.9999991655349731,2
6,2.25497870376401e-10,3.830775252566809e-09,3.653824798277583e-09,1.2748256494887758e-07,4.1774359971213926e-08,2.887899427150842e-06,0.9999970197677612,2
6,1.1618720568984385e-10,5.193850238782716e-09,3.507009571634967e-09,8.242491276178043e-07,7.373678556632512e-08,3.008191697517759e-06,0.9999960660934448,2
6,2.3895864453837845e-11,3.417976346398177e-09,3.121893021873489e-10,5.695568106034443e-08,2.4291612277238528e-08,1.3098900808472538e-07,0.9999997615814208,2
6,1.1614151307348664e-10,2.244493479963694e-09,8.695881237308355e-10,1.2481461908464553e-07,2.896199546853495e-08,5.115349495099508e-07,0.9999994039535522,2
6,2.3417093264477273e-10,2.526200582053661e-08,1.59269486488256e-09,2.3197409859676557e-07,9.914944598676813e-08,7.362194196502969e-07,0.999998927116394,2
6,3.0293387243141007e-10,6.918828177049363e-08,2.59976062899625e-09,3.369969476807455e-07,3.394027316971915e-07,5.017611215407669e-07,0.9999986886978148,2
6,2.796462714171888e-11,3.5748804805280094e-08,6.86912915437432e-10,1.1604593197489521e-07,3.659560547930596e-07,8.655023862047528e-07,0.9999985694885254,2
6,1.0263715571889875e-10,1.657862753745576e-07,2.9040703175553517e-09,9.017122124532762e-07,1.4886326198393365e-06,3.6370065572555177e-06,0.9999939203262328,2
6,1.7209395020145735e-09,2.654102218002663e-07,1.3335328397090508e-08,3.936196208087495e-06,4.158970568823861e-06,9.159283763437998e-06,0.999982476234436,2
6,1.1900833651878884e-09,3.024481998181727e-07,1.06321792259223e-07,1.0685821507649962e-05,2.403653070359724e-06,7.662320422241464e-05,0.9999098777770996,2
5,1.642826873649028e-06,6.5157378230651375e-06,0.0001162848784588,0.0056778625585138,0.0012693216558545,0.6618387699127197,0.3310896158218384,2
5,1.960864892680547e-06,2.616780193420709e-06,3.884510442730971e-05,0.0177913736552,0.0023173086810857,0.9453420639038086,0.0345058441162109,2
5,1.1291222108411605e-06,1.0729295496503256e-07,5.642763881041901e-06,0.0018772649345919,0.0003311207983642,0.9974701404571532,0.0003145965456496,2
5,9.417881301487796e-06,4.8546873188115576e-08,2.513990466468385e-06,0.0018961167661473,0.0014074539067223,0.996267020702362,0.0004175172070972,2
5,2.413916445220821e-05,8.154207620236775e-08,1.2362038432911504e-06,0.0067664748057723,0.0052625518292188,0.987694501876831,0.0002509746700525,2
5,9.474521903030109e-06,3.9635175141938817e-08,2.4395783384534298e-06,0.002271894365549,0.0023284605704247,0.9948309063911438,0.000556843529921,1
5,6.11218001722591e-06,1.948027694709253e-08,7.235844350361731e-07,0.001552881905809,0.0006236445042304,0.9977642297744752,5.242126644589007e-05,1
5,2.3971053451532495e-05,3.318740482427529e-08,4.069057467859238e-06,0.0030988913495093,0.0011103719007223,0.9956860542297364,7.666488090762869e-05,1
5,3.051507064810721e-07,6.322051770979441e-10,2.424745559892472e-07,0.001454735873267,0.0001170306786661,0.9984214305877686,6.205279987625545e-06,1
5,1.4356540987137123e-06,4.4040790458943485e-10,2.743304037267081e-07,0.0004630257899407,4.699244163930416e-05,0.9994774460792542,1.0897155334532728e-05,1
5,9.690712658994016e-07,1.8619258912444536e-10,6.519101702906482e-08,0.000630464463029,4.371468457975425e-05,0.9992412328720092,8.354323654202744e-05,1
5,8.060551408561878e-07,1.0968109753761723e-10,7.570435656134579e-08,0.0007762024761177,4.473239823710173e-05,0.9991238713264464,5.429588054539636e-05,1
5,1.9917139582048549e-07,7.110883930294687e-12,8.278413510254268e-09,7.245672168210149e-05,2.283862340846099e-05,0.9999017715454102,2.754179377006949e-06,1
5,3.397411205696699e-07,2.3133531548702454e-11,1.784778724811531e-08,0.0001311355445068,5.080104165244848e-05,0.9998117089271544,6.01653300691396e-06,1
5,1.138998982241901e-06,1.1713206793384499e-11,9.419891711104357e-08,0.0002775188186205,3.558421667548828e-05,0.9996750354766846,1.062495903170202e-05,1
5,3.10377828327546e-07,6.194459550336319e-13,3.676235493799141e-08,0.0001300893054576,1.4478993762168102e-05,0.999853253364563,1.811864535739005e-06,1
5,1.0596676247587311e-06,1.2595575082062493e-13,7.975954119388007e-09,9.838100231718272e-05,2.4810267859720625e-05,0.9998748302459716,9.163027243630496e-07,1
5,2.845964672815171e-07,1.8796348212699737e-13,7.101733645598073e-10,6.486191705334932e-05,0.0001487432309659,0.9997860789299012,1.1359063023519413e-07,1
5,4.421819994604448e-07,1.3117576469490189e-11,2.4178812285668982e-09,0.0002538897679187,0.0008819035138003,0.998863697052002,1.429821736564918e-07,1
5,4.766002803080482e-06,1.0238687501995523e-11,4.536382824937846e-09,0.0005473100463859,0.0021212184801697,0.9973256587982178,1.0302310329279862e-06,1
5,1.700073880783748e-06,1.5994148713782682e-11,2.204428417584836e-09,0.0003956852306146,0.0062926206737756,0.9933093786239624,6.027075301062723e-07,1
5,3.0587823403038783e-06,5.7725157986965314e-11,1.0521032933752394e-08,0.0012322968104854,0.0070160604082047,0.9917476177215576,9.871935162664158e-07,1
5,1.6023964235500898e-06,1.1370208594096988e-11,1.3180884161911875e-09,0.0003097541048191,0.0056811654940247,0.9940071105957032,3.121720340004686e-07,1
5,3.875152287946548e-08,2.338576381155644e-11,2.3158608364326483e-09,0.0002067217283183,0.0017066820291802,0.9980864524841307,1.4702031592150888e-07,1
5,1.304373000721171e-07,2.78571263279126e-11,3.5139797738281686e-09,0.0016873670974746,0.0051440326496958,0.9931683540344238,1.4521249624976917e-07,1
5,5.488607790482547e-09,9.117222601884299e-12,7.79444064846757e-10,0.0002391470916336,0.0006976570002734,0.9990625977516174,5.840064432049985e-07,1
5,2.750673218088196e-07,2.337256950479816e-11,2.1141897121879083e-09,0.0006731193279847,0.0037409518845379,0.9955846667289734,1.0134571084563504e-06,1
5,4.32452722520793e-08,2.8329161932960645e-11,5.189585983167433e-10,0.0007214309880509,0.0074546937830746,0.9918234944343568,3.600840727813193e-07,1
5,9.53990522134518e-08,4.460436794223588e-12,7.308633698244194e-10,0.0005633436958305,0.0023597243707627,0.9970766305923462,1.1206054750800833e-07,1
5,4.16065518038522e-07,1.0875526174070059e-11,7.805615043210422e-10,0.0016688213218003,0.0100779179483652,0.988252341747284,5.51532139070332e-07,1
5,3.35084934022234e-07,7.54570711469782e-12,9.780183329866075e-10,0.001303068245761,0.0049856547266244,0.9937106370925904,3.62452794888668e-07,1
5,5.599237056230777e-07,2.073940411767561e-12,2.789676822878562e-10,0.0008067158632911,0.0034686543513089,0.995723843574524,2.0589250482316857e-07,1
5,2.874575386613287e-07,3.1630412265087893e-12,2.8290847442491435e-10,0.0018385916482657,0.0076471492648124,0.99051171541214,2.302957682331908e-06,1
5,1.0676345851834412e-07,2.372615125201261e-12,1.3788004071813018e-10,0.0003364248550496,0.0026786278467625,0.9969837069511414,1.0844087228178978e-06,1
5,6.8428027688582915e-09,4.692109981802029e-12,1.3070526605485355e-10,0.0001748738141031,0.0009810753399506,0.9988424181938172,1.578303454152774e-06,1
5,6.895015669527993e-09,2.121227022158778e-12,2.322270153953809e-10,6.385154119925573e-05,0.0004375662247184,0.99949848651886,7.690174896879398e-08,1
5,1.786986669749524e-09,8.496519460221563e-13,2.715642988260214e-11,7.084594835760072e-05,0.000295663397992,0.9996333122253418,7.50366453416973e-08,1
5,4.470481318463726e-09,5.114301343533967e-12,8.55066364935375e-11,0.0001841041666921,0.0004476230824366,0.9993662238121032,2.157978087780066e-06,1
5,1.862344389813586e-09,9.281540380018385e-13,5.6762521766229306e-11,6.0369318816810846e-05,0.000165397170349,0.999774158000946,3.4802347670392926e-08,1
5,1.7900189774877617e-08,3.02939513752154e-11,2.8130484053257016e-10,0.0004230182094033,0.0011862771352753,0.9983903169631958,4.574787340061448e-07,1
5,3.151863836592384e-07,2.9862434747229827e-10,6.56710852364739e-10,0.0020605283789336,0.0098624201491475,0.988059937953949,1.6797312127891928e-05,1
5,2.1724561065639136e-06,1.6819695636272058e-10,1.1862524296191166e-09,0.0008466723957099,0.0033311455044895,0.9958189129829408,1.1337488103890792e-06,1
5,3.542072022355569e-07,3.909011656033634e-11,6.727581269849735e-10,0.0009495124104432,0.0014615983236581,0.9975875616073608,1.065277615452942e-06,1
5,1.4001675197050645e-07,2.0080788420973048e-10,1.0827139185209942e-09,0.0011520244879648,0.0009308191947638,0.9979154467582704,1.627788719815726e-06,1
5,1.1428463864149309e-07,6.368372940102063e-09,6.241092620484778e-08,0.0197260174900293,0.0012449149508029,0.978977918624878,5.1015686040045694e-05,1
5,5.448769684335275e-07,9.56475876279228e-09,1.872180916961952e-07,0.0193143617361783,0.0009097576839849,0.9789902567863464,0.0007848643581382,1
3,6.369792572513688e-06,1.1868547034055157e-07,2.0135921374730973e-08,0.9967759251594543,0.00198919698596,0.0008226263453252,0.0004057229962199,1
3,1.742194285725418e-06,2.250501438538777e-07,4.6967659983465644e-08,0.9968401193618774,0.0021680823992937,0.0005269525572657,0.0004629034665413,1
3,7.500560514017707e-06,1.6202785957375457e-07,5.880091791254927e-08,0.9969876408576964,0.000749394763261,0.0003389766789041,0.0019163895631209,1
3,2.044110260612797e-06,2.1592443033569003e-07,3.851254870568255e-09,0.9991876482963562,0.0007075651665218,4.149229880567873e-06,9.835774108069018e-05,1
3,2.345092070754617e-06,2.9401408596640977e-07,4.717680823773662e-08,0.9983709454536438,0.000570343225263,2.4914252207963727e-05,0.0010311014484614,1
3,1.0831382724063587e-06,1.3566429402089852e-07,1.979130859197653e-09,0.9997361302375792,0.0002387250133324,3.5960712807536765e-07,2.3536564185633324e-05,1
3,4.44006758471005e-07,3.16978287173697e-07,4.363916339400475e-09,0.999825656414032,4.175363937974908e-05,7.844655414146473e-08,0.0001317675778409,1
3,9.740693940329948e-07,1.2778058078311005e-07,1.4407876003375007e-09,0.999805748462677,0.0001583421835675,4.832090994000282e-08,3.4873733966378495e-05,1
3,2.3059078557707838e-07,9.351970930993049e-08,2.828464129578378e-10,0.9998466968536376,0.0001374082639813,3.323434638602407e-09,1.552762114442885e-05,1
3,4.0338852613786e-07,3.493574354251905e-07,7.601531071266264e-10,0.9999428987503052,4.021248605567962e-05,4.7557398019648645e-09,1.6068306649685837e-05,1
3,5.5775751661713e-07,5.7084466931200957e-08,3.1946534306825924e-10,0.9999885559082032,9.846761713561136e-06,7.174273952692545e-10,1.0335680826756288e-06,1
3,3.16744319661666e-07,1.189932987699649e-07,5.863327601218771e-10,0.9999407529830932,5.6659162510186434e-05,2.871486159961023e-09,2.1994824237481225e-06,1
3,7.761503297842864e-07,4.1942360695657044e-08,1.2194160958767242e-10,0.9998488426208496,0.0001156084617832,1.867833887558845e-09,3.469749208306894e-05,1
3,1.16564507379735e-07,2.1980854636449718e-10,6.113355047882019e-12,0.9999979734420776,1.058598058989446e-06,5.672770933551341e-11,9.063758170668734e-07,1
3,2.1373336878127706e-08,1.4275057524937296e-10,3.0081386600405717e-12,0.9999977350234984,1.5402214330606512e-06,2.2233494559320555e-11,7.269657658071083e-07,1
3,8.134005469173644e-08,2.6581094964006624e-11,1.3250238579953777e-12,0.9999996423721312,2.807030909934838e-07,1.1900868311653934e-11,1.2314469444163476e-09,1
3,2.4090336392390554e-09,6.161349642291869e-12,2.7822884241749532e-14,0.9999997615814208,2.268391057214103e-07,2.4389637783895672e-14,1.0960067575727095e-10,1
3,8.164016880064795e-13,2.4857596382199358e-14,7.57594526595482e-16,1.0,8.91506757305649e-10,2.5604538754799068e-17,1.1148384299053404e-11,1
3,1.755706040620919e-13,1.0725002429125968e-14,1.955169706691073e-11,1.0,3.551756545122631e-12,1.4016502158421557e-15,1.1430118185273841e-08,1
3,1.9720223717878405e-12,1.0551001532969201e-13,2.1248267902118645e-12,1.0,8.622896147114645e-11,6.248989803533337e-16,2.65523353304431e-10,1
3,7.181002754236277e-12,1.2388232258596368e-13,3.830260219238324e-13,1.0,1.2004106042518004e-10,1.1288937483650095e-16,6.441887995256579e-11,1
3,1.9636028358860358e-09,3.2188238185959506e-11,1.2675833473141383e-11,1.0,4.011851295615543e-09,9.187308981075878e-15,9.37765420871983e-10,1
3,2.2788436415677182e-10,1.5066940750596558e-11,6.149150199447062e-13,1.0,3.050052155284533e-10,4.57644556037659e-17,1.5411548426325083e-10,1
3,1.0137412437272175e-10,2.8174804503344756e-11,8.359134781935064e-13,1.0,1.5801536468185162e-10,1.6594399486310084e-17,9.291428182400807e-10,1
3,8.513922900021953e-11,3.5695227156018468e-12,2.939868617643504e-12,1.0,2.8174010346937445e-10,6.839181185356452e-16,8.496747194719488e-10,1
3,8.237657517923269e-13,5.830046081317653e-12,4.767895453450244e-11,1.0,5.602235342294648e-11,3.3635259054159376e-15,2.9213280683393353e-08,1
3,6.085334319783087e-11,1.7526161077974223e-11,6.220145232216368e-11,1.0,2.187763969985212e-09,7.319736857651708e-14,4.600964231826765e-08,1
3,1.4305617801468884e-10,1.5003965084248172e-11,4.099853703060097e-12,1.0,3.6692280325212315e-09,3.0868055778555253e-14,6.787509665429071e-09,1
3,3.274935167496551e-08,1.7848312827695165e-09,1.0695774266267222e-09,0.9999960660934448,3.1739671157993143e-06,2.2176419034458658e-10,7.548602525275783e-07,1
3,3.661464234028245e-07,1.3221513661676454e-08,2.736192938890269e-10,0.999853014945984,0.0001455408782931,9.037600112726807e-10,1.0398600807093317e-06,1
3,8.020899144867144e-08,2.517678288072034e-10,7.701239819468686e-13,0.9996933937072754,0.0003065641212742,3.1565312863524036e-11,1.943513794344653e-08,1
3,5.7357880223207764e-08,4.702672140588503e-10,4.1024727560380614e-13,0.998721182346344,0.0012787312734872,7.75315506240659e-11,2.5863132080417017e-08,1
3,6.869050395152955e-08,8.501908899116728e-11,1.0297915542219553e-13,0.9995817542076112,0.0004181635158602,2.6588287127538024e-11,4.7127901581234255e-09,1
3,1.3428437917184512e-08,9.094326680614272e-11,2.0016479793105724e-12,0.9997325539588928,0.0002673790149856,3.49557154055713e-11,5.293521176952254e-09,1
3,4.079782911503571e-08,9.90925119737085e-11,8.75789458315568e-13,0.9999219179153442,7.805958011886105e-05,6.1006490657822265e-12,1.7988996958706593e-08,1
3,2.945479593563505e-07,3.608878473837507e-10,4.4736814946988446e-11,0.999783217906952,0.0002162647579098,1.8565482484689251e-09,2.8529404971777694e-07,1
3,9.847713755561929e-08,5.525715440768407e-10,3.337034815142914e-11,0.9999070167541504,9.200564090861008e-05,1.522224568617503e-10,9.22498941235972e-07,1
3,9.244288179388604e-08,8.616495017488289e-11,1.9165991710368147e-11,0.9999898672103882,8.048414201766718e-06,3.5004617260359083e-11,2.037635795204551e-06,1
3,9.279771262526992e-08,1.924251202822802e-09,5.376532552503477e-11,0.9998517036437988,0.0001183324275189,6.146414627261619e-11,2.982300793519244e-05,1
3,6.311589118013218e-08,3.863673825321712e-09,3.654618621617978e-11,0.99993097782135,3.0011116905370727e-05,1.0838536318447112e-10,3.893665780196898e-05,1
3,2.575917079639112e-08,5.116970847041102e-09,2.0819489188195206e-10,0.9999759197235109,2.128852065652609e-05,2.3149824071588828e-11,2.813379069266375e-06,1
3,4.358083227629095e-09,1.6372163347266874e-10,2.8203492319356366e-10,0.9999929666519164,4.265712050255388e-07,1.4836196160494808e-10,6.6384404817654286e-06,1
3,3.6976544048883397e-09,3.747159804667888e-10,3.1469321593036165e-10,0.9999964237213136,7.790058020873403e-07,1.3837695433949191e-09,2.7772853172791656e-06,1
3,2.1035281960735123e-08,1.7437445931633988e-10,4.344760551333593e-09,0.9999943971633912,5.012217116018292e-06,8.77174173297135e-08,4.187654099041538e-07,1
3,3.055965480669442e-10,1.8449798633302092e-10,1.06031535551665e-07,0.9999990463256836,5.20770413459104e-07,1.634960113960915e-07,1.484225293779673e-07,1
3,1.580453962146677e-10,1.3112423646877147e-10,7.644440103149465e-08,0.9999994039535522,3.1129508215599344e-07,1.2191944165351742e-07,4.7464865815527446e-08,1
3,3.5877217863244937e-10,5.064770269846973e-10,7.28814555372992e-08,0.9999994039535522,2.434818497931701e-07,9.906953124527719e-08,2.08442870075487e-07,1
3,2.918209451863163e-09,1.602634469577424e-09,3.568618067717466e-09,0.9999985694885254,1.2308029226915096e-06,8.238731474818906e-09,1.676682046536371e-07,1
3,6.596604595898725e-09,1.9260333328219303e-09,1.7858011958082898e-08,0.9999953508377076,4.330755473347381e-06,6.851541201058353e-08,1.8832820103398265e-07,1
3,1.3216673311333691e-09,1.9219502378486908e-10,1.7464552026780211e-09,0.9999984502792358,1.4753500181541312e-06,2.7341977570927156e-09,3.2582139652959086e-08,1
3,4.019078403416642e-10,3.2790801324233954e-11,1.5493960558998763e-09,0.9999997615814208,1.2055505749231088e-07,7.470575269508117e-09,1.1561945001403728e-07,1
3,1.2758501199972017e-10,6.056901508122437e-12,1.004299754470139e-09,0.9999997615814208,2.0091542296540865e-07,4.6091141570059335e-08,8.422466635238379e-08,1
3,6.312390055107642e-10,9.039359972345953e-13,2.344232585826944e-09,0.9999996423721312,1.5838548961255586e-07,1.5055447022405133e-07,2.58383163753706e-08,1
3,6.713446243367116e-09,5.590700645485836e-12,1.3220315953077486e-09,0.9999994039535522,3.08682643890279e-07,2.562563850005972e-07,6.293028320669691e-08,1
3,2.06138861535976e-09,2.358382586442609e-12,1.513229874738897e-09,0.9999995231628418,2.1453784881941829e-07,1.4798459346820894e-07,8.21410850448956e-08,1
3,7.517756017705325e-08,1.098885392403215e-11,3.31285110455326e-09,0.9999949932098388,3.6616822853829945e-06,1.1035679108317709e-06,2.270709273943794e-07,1
3,4.609569170810346e-09,1.4337504707778725e-12,1.1729343052380159e-09,0.9999997615814208,1.9050575872370248e-07,3.407959781043246e-08,1.9079656965459435e-08,1
3,1.6945397862677678e-10,2.051156824684625e-13,5.972771721651782e-10,1.0,4.033044120888008e-08,5.242780432013205e-09,1.2631292678477735e-09,1
3,5.5198619980378894e-11,1.3829080025215544e-14,1.2652255979017646e-11,0.9999997615814208,2.706568977828283e-07,1.7494548032459532e-09,4.8761883419956575e-11,1
3,2.3083581920935178e-11,5.4250606963549344e-14,1.721336406745877e-10,1.0,2.8294346421375852e-08,6.043061606675336e-10,1.9964216946277705e-08,1
3,3.2288449258038865e-12,3.778370371025804e-14,5.735192052172544e-13,1.0,4.4607322280398876e-09,6.192545391400794e-13,7.213530328620266e-10,1
3,6.892469928132526e-11,1.5752077376848805e-12,4.8304686639522026e-11,0.9999998807907104,6.622911286058297e-08,9.020662689041004e-12,3.880943566514361e-09,1
3,4.3449835396280884e-10,3.0542538984046352e-12,4.947799392418516e-10,0.9999985694885254,1.4364547951117856e-06,2.0616472085066562e-08,1.0759297452977991e-08,1
3,1.2327290577207606e-10,4.2645834780197234e-13,2.6757457360915277e-10,0.9999994039535522,5.912393135076854e-07,5.974081673798537e-09,1.9877450796457197e-09,1
3,2.279437229246728e-11,8.043285005046585e-13,1.4420445740292998e-11,0.9999977350234984,2.249578301416477e-06,1.3479080351874728e-10,1.1232379470982323e-09,1
3,1.484710965282687e-10,1.942855815464939e-12,5.444453776703995e-10,0.9999996423721312,2.960204597002303e-07,1.1956645673549815e-09,1.0730372146383615e-08,1
3,1.012680009293554e-10,1.389154156289374e-11,3.0221680713538035e-10,0.9999996423721312,2.921707675795915e-07,5.557766399877373e-11,5.950156367617865e-09,1
3,7.998149920140917e-10,3.86522975084902e-12,1.7766606241753635e-10,0.9999992847442628,7.611561159137636e-07,2.2659173148920075e-10,6.572340893740147e-09,1
3,1.0875415151767598e-11,1.0192852421472833e-12,2.7872662511363444e-10,1.0,6.131898544481373e-09,1.0190550486788295e-10,2.2391210663386122e-08,1
3,1.8470898421885096e-11,3.386473393374168e-12,4.1751499479936166e-10,1.0,1.0273150330419868e-08,4.998076952311692e-10,1.2289841144763614e-08,1
3,6.754418135912488e-10,1.2889846308372643e-11,6.923512457790437e-11,0.9999998807907104,8.043630117526845e-08,7.586624661826136e-10,1.8274473490009768e-08,1
3,1.4654055746632366e-10,5.3185329404459295e-12,1.040331021329166e-08,0.9999998807907104,1.540821159551342e-08,1.577029706822941e-08,1.343221498473213e-07,1
3,6.454493189922417e-11,1.221946502316662e-11,8.355527381098681e-10,0.9999997615814208,2.012091897540813e-07,1.6175038197729922e-08,6.734176594136444e-08,1
3,2.1275688155686368e-10,2.4084369915078338e-11,3.5863545466696682e-09,0.9999991655349731,5.798826236969035e-07,1.3452555513993047e-08,2.54366909757664e-07,1
3,8.870027490281983e-10,2.1326256732789872e-11,5.2979829412436175e-09,0.9999971389770508,2.420358669041889e-06,4.4376477603691455e-08,4.235824633269658e-07,1
3,1.192947823858148e-11,2.8950246713788097e-11,8.18879020147989e-10,0.9999995231628418,1.6471068420287338e-07,1.0414181739193396e-09,3.165953046391224e-07,1
3,7.648341682209292e-11,8.124321354552322e-11,8.362114889415294e-10,0.9999982118606568,4.914051032756106e-07,4.0968979320155086e-09,1.3133185348124243e-06,1
3,1.6340589992225316e-09,1.624241990905162e-10,1.0963844054856509e-08,0.9999961853027344,1.1251108844589908e-06,6.458556356392364e-08,2.510942067601718e-06,1
3,2.8217095326965586e-10,2.180165353804497e-10,9.86527859403452e-10,0.9999983310699464,1.5723554724900168e-06,9.344093498953045e-09,8.01490216417733e-08,1
3,1.1663556231944483e-10,2.24949937149832e-11,3.2675648298230437e-10,0.9999985694885254,1.3239350664662195e-06,3.4246807611992836e-09,5.1571738879374613e-08,1
3,2.304839825939542e-11,1.9967432221545955e-11,5.905922972893052e-11,0.9999985694885254,1.3642417115988792e-06,1.0299912034383851e-09,4.356788352311015e-08,1
3,7.151551573159054e-11,2.5639529388499227e-10,2.863420167642516e-09,0.9999964237213136,1.2225568468693382e-07,5.154069948609673e-10,3.4060542475344846e-06,1
3,8.523325795151138e-11,1.4123391345322034e-10,1.188425624576439e-08,0.9999994039535522,8.484443725365055e-08,1.7768920779204223e-09,5.487518706104311e-07,1
3,1.0263851990544024e-09,2.5888050037004007e-10,2.550665456624301e-08,0.9999990463256836,3.467563942649577e-07,4.6864174763072705e-09,6.397020229087502e-07,1
3,2.088903355845773e-11,2.711152136125605e-11,4.4786306607758064e-11,1.0,3.05361780306157e-08,8.735087306255275e-13,1.0791930016296192e-08,1
3,4.378750140254794e-10,1.9102788795244408e-11,1.1721311421464264e-10,0.9999998807907104,8.012576557803187e-08,3.701394225841259e-12,5.386306511923067e-09,1
3,1.3957844602341396e-10,5.3165572638791396e-11,3.5551065563632633e-11,0.9999998807907104,6.74576057235754e-08,2.498990597787909e-13,4.119031338234436e-09,1
3,2.2716342695794367e-11,8.917036553590663e-11,5.0284436337033605e-11,1.0,1.5524884489082073e-08,2.829351878654019e-13,2.183483793771757e-08,1
3,3.6423991600642575e-10,1.542665439835389e-10,2.500897709409311e-12,0.9999994039535522,5.812559038531617e-07,3.589495779603158e-13,5.7439688561089505e-09,1
3,7.262129699675546e-12,3.0285378371797116e-11,9.955836881899577e-14,0.9999998807907104,1.4298913697530224e-07,6.626535681530628e-16,8.912041105091361e-10,1
3,6.7791280401741094e-12,2.296952211766623e-11,1.1750311010652605e-12,1.0,4.6722330893089754e-08,1.245418376852889e-14,1.0039016284935087e-09,1
3,2.2702652258121958e-11,7.076797481353479e-11,5.800892535420822e-13,0.9999998807907104,1.384194234788083e-07,4.573378215846566e-15,3.6171816653052247e-09,1
3,2.7474664904270085e-11,3.480105786879406e-11,5.816802660200959e-13,0.9999998807907104,8.154356834211286e-08,2.4775657803013766e-14,2.3827853024016572e-09,1
3,3.161826703235171e-11,6.20296262271447e-12,1.118977089806239e-12,1.0,1.2652711767202618e-08,2.667298788794088e-14,3.023444827832122e-09,1
3,7.559192161110673e-11,4.433032500111844e-12,1.783436788006798e-12,1.0,2.962542566820048e-08,4.2834334169905574e-13,4.997612546020491e-09,1
3,6.838725332553031e-12,9.727678731974445e-14,3.944772365206163e-14,1.0,1.0939488426231492e-08,1.8064686912685517e-14,1.6418309767285422e-10,1
3,4.498893878962518e-12,1.0486824082722725e-12,6.76142030819199e-13,1.0,4.45355077260956e-08,3.452197024338827e-13,9.280027413183234e-09,1
3,5.495219557172248e-11,8.477644449075493e-14,2.6484441742013858e-15,1.0,4.3604778454664483e-08,1.72658755511184e-14,7.96739896280485e-10,1
3,4.511949494578893e-11,2.5807365955626133e-14,1.656921805705605e-14,1.0,1.108092373414138e-08,4.391169909244083e-14,2.928341943930768e-11,1
3,8.671000549520524e-12,2.0405731818899997e-14,6.588395058465189e-14,1.0,2.725464964825619e-09,2.9371267245593973e-13,2.1966858887445537e-10,1
3,5.416257720103346e-12,3.560419561038147e-15,4.8693018814640644e-15,1.0,4.17007262054625e-10,2.421077025994045e-15,1.6000116162540046e-11,1
3,1.3689265378809964e-13,4.0416003436484746e-15,3.2780893342680695e-13,1.0,1.0464925367242861e-12,1.5183692383914302e-15,8.472784251978283e-09,1
3,2.7479747806685023e-15,7.778391646062754e-15,1.3862946435325848e-13,1.0,3.615739977390342e-13,4.683757686476565e-17,5.609594455613376e-10,1
3,1.4442579847922968e-15,8.116772626403138e-16,5.177710177449381e-16,1.0,6.485493260867999e-15,8.673591336619437e-21,2.516187605494657e-11,1
3,5.394515671837408e-15,2.7394654876803856e-15,4.8494277356644e-16,1.0,7.573500745809704e-13,6.865044614685778e-20,7.69143915224646e-11,1
3,9.63898421800155e-15,1.9674642774344941e-13,4.6535956240833377e-14,1.0,6.591204578659804e-12,5.75323306620842e-18,5.953345594278402e-10,1
3,5.079598351168915e-16,1.9118143483251585e-14,9.185350640901829e-14,1.0,1.4849845528588925e-12,6.195081102980665e-18,1.2515987135586215e-09,1
3,2.7348312010193682e-14,7.109789102940911e-13,5.992472577182051e-12,1.0,3.4259692305305116e-11,3.2010740917367457e-15,7.309696403723365e-09,1
3,3.472020576860552e-13,6.463382888795277e-13,1.383790976770827e-12,1.0,3.3276247535241055e-08,2.183307652508723e-13,1.540127025911886e-09,1
3,1.2544613514197528e-13,3.13036678826692e-13,7.042102221552205e-17,0.9999996423721312,4.095439010143309e-07,1.0688723584478593e-15,3.1908647946110586e-10,1
3,1.4039948023625291e-11,6.291425713733645e-12,5.76041696439232e-14,0.9999984502792358,1.504358237980341e-06,1.2573373332075422e-12,1.1131210397863356e-09,1
3,1.9047520505299783e-11,1.8105473717500157e-12,7.586050369015563e-16,0.999997854232788,2.1855896648048656e-06,2.951151896100033e-14,2.436252068138689e-11,1
3,1.2114721725797748e-10,2.0890572800282006e-13,8.002311378645099e-13,0.9999984502792358,1.4965253285481597e-06,2.093436779178684e-13,1.7641633596673922e-12,1
3,1.499716670294582e-11,5.389526715540717e-13,1.1947002674327879e-15,0.9999969005584716,3.12571546601248e-06,1.8458899857985928e-15,7.732505499617738e-13,1
3,6.415194330616769e-12,3.807116514403797e-12,7.990010969472981e-15,0.9999946355819702,5.372317446017405e-06,1.4645168953082517e-15,6.905381821908918e-11,1
3,7.34147811987107e-12,1.8440628798271907e-12,7.263482858525707e-15,0.9999988079071044,1.247459408659779e-06,6.278275967684654e-16,1.9681291318907054e-10,1
3,3.660859809739847e-11,1.1006999131590868e-11,6.194708374734903e-14,0.999998927116394,1.0979601938743144e-06,3.148842609725609e-14,1.3779399843372177e-08,1
3,1.1584384562723924e-09,4.7004806297268325e-11,1.5705997700316e-12,0.999990463256836,9.453170605411287e-06,4.187113980189117e-13,1.2847252151004798e-07,1
3,8.104327875457784e-09,2.77992712183206e-10,2.143444059396482e-12,0.9999382495880128,2.5953604563255794e-05,4.223381084959843e-13,3.5771769034909084e-05,1
3,1.1619236239823751e-08,6.009354125424693e-11,1.5566889140575246e-12,0.9999974966049194,9.450121751797268e-07,3.1090503571163184e-14,1.5213436199701391e-06,1
3,4.010650922481318e-09,1.0874633832314018e-10,7.470227908479288e-11,0.9999982118606568,9.339843813904736e-07,6.465208685253744e-13,8.083994202934264e-07,1
3,1.1038578051625336e-08,3.0663768746386206e-10,4.3098229846050273e-11,0.999976396560669,1.8170717339671685e-06,1.4897922305523448e-12,2.179283364966977e-05,1
3,2.9127447120913533e-08,2.835689183466883e-10,1.6675351099948443e-09,0.9999985694885254,3.1612736961506016e-07,1.461846442507575e-11,1.1130379107271438e-06,1
3,2.1272175132480697e-08,8.440265847342586e-11,8.415710794906772e-09,0.9999855756759644,8.028628144529648e-07,7.196124807151705e-10,1.3547664821089713e-05,1
3,4.0861691807947404e-10,4.484704621554592e-11,5.949408787842003e-08,0.9999954700469972,1.7110070871240168e-07,5.586497930920585e-09,4.331115178501932e-06,1
3,3.668572556847493e-09,5.988834428372057e-11,2.12238893126937e-09,0.9999986886978148,1.1038150660169777e-06,5.043934159232322e-10,1.8593726736071406e-07,1
3,5.452550855267191e-09,7.113697131355677e-11,1.3833065803936504e-09,0.9999916553497314,8.375085599254817e-06,4.0402379219983694e-09,1.9312247800939986e-08,1
3,2.338686755365416e-08,5.235910038869918e-10,3.521535418826716e-08,0.999997615814209,1.64709206273983e-06,8.98687524397701e-09,6.243642474146327e-07,1
3,6.867876822802542e-10,1.7080960257320754e-10,3.574719542598359e-08,0.9999992847442628,5.845338932886079e-07,7.959680914382261e-09,7.4428129437365e-08,1
3,4.760959200211801e-07,3.4081251709672244e-11,3.2617329281947605e-08,0.9999792575836182,1.893350781756453e-05,1.0796401284096646e-06,1.9692615182975717e-07,1
3,7.863589779333324e-09,7.333365685535664e-12,2.8878235913687433e-10,0.9999995231628418,4.493345500122814e-07,3.1702990233029027e-10,3.163402650940838e-09,1
3,7.187327621949181e-09,1.815904306264049e-12,4.4195611059727464e-10,0.9999977350234984,2.2079302652855404e-06,1.6768373356512711e-09,1.825345541384138e-09,1
3,1.6499770438827e-08,1.1181392183673422e-12,6.791398554639727e-09,0.9999948740005492,4.9603963816480245e-06,7.623975761816838e-08,8.778318516533545e-09,1
3,2.869744220035386e-09,2.2419522835437358e-13,4.1020836033522905e-11,0.9999996423721312,3.2613749567644845e-07,6.762134602267267e-11,2.156496536898089e-09,1
3,9.442686632610275e-09,2.0191373529751533e-13,1.0156400026550827e-10,0.9999943971633912,5.542809049075004e-06,3.9818544017578014e-09,1.197525301144253e-09,1
3,3.614005761320982e-09,1.2277070026290964e-14,1.133173329476156e-11,0.9999932050704956,6.814806056354428e-06,5.172609451875587e-09,7.089463738285673e-11,1
3,2.8217758685222805e-10,2.8386991243961948e-14,2.530299103922773e-12,0.999979853630066,2.008641422435176e-05,1.621699663445497e-09,3.1290067759037754e-11,1
3,4.2679856870897476e-10,7.289211823111735e-14,5.788760096270274e-12,0.9999828338623048,1.712057928671129e-05,2.150147615509468e-09,7.757029046873143e-11,1
3,6.543892094867941e-10,6.993079617982624e-14,6.197891592313319e-13,0.999619483947754,0.0003804451844189,3.493547229282967e-09,2.143146077271396e-11,1
3,3.4770741841327885e-10,5.516308980782482e-13,8.03502403501355e-12,0.99983549118042,0.0001644527510507,3.058225450658369e-09,1.8453082117897424e-10,1
3,3.1858859994571276e-09,2.3089156454825237e-12,1.5468941405583078e-10,0.9998948574066162,0.0001050802893587,2.5590148666765344e-08,9.939747913634278e-10,1
3,3.0233029413295753e-09,4.092886619899705e-12,1.1412643052821636e-10,0.9997603297233582,0.0002397106436546,2.7452935924543453e-08,7.051704220550903e-10,1
3,6.835382260206301e-10,2.518490244910604e-13,4.1174988418823933e-10,0.9999258518218994,7.412012200802565e-05,2.2061948712348567e-08,4.4974728802271706e-11,1
3,2.9733147055566182e-09,1.8569592478284717e-12,4.0810190782281105e-09,0.9995998740196228,0.0004000181797891,1.2554426120914286e-07,5.124479507401247e-09,1
3,1.0218322188393358e-08,9.68033839936558e-14,2.8818900044136337e-10,0.9996993541717528,0.0003004243189934,1.9659934480387165e-07,2.8462510126558977e-10,1
3,6.383878314863978e-09,1.987006913173328e-12,1.0176973708198034e-09,0.9999099969863892,8.986003376776353e-05,6.499458748976394e-08,6.930110263425604e-09,1
3,8.587818456362584e-09,2.721182003687095e-12,2.109864727373178e-09,0.999771773815155,0.0002279321488458,1.79325581939338e-07,7.0105370397754996e-09,1
3,2.3978438790095424e-08,5.762670288872451e-12,1.0085994261999076e-09,0.9994807839393616,0.0005185113986954,7.701256095060671e-07,2.3941317817133267e-09,1
3,3.4566329798479956e-09,2.9878235302538414e-12,2.2415851119728103e-10,0.9998819828033448,0.0001179450628114,2.4589875025071706e-08,5.374916955958042e-09,1
3,3.1638502928643675e-09,7.532345407124108e-12,4.582488277726781e-10,0.9999064207077026,9.350099571747704e-05,9.148097390720976e-09,6.7898779931852005e-09,1
3,8.031331849567279e-11,2.8828209350934e-13,4.405627251902189e-11,0.9999895095825196,1.0467487300047653e-05,1.00792596491317e-09,3.708772733368448e-10,1
3,1.7355464287938102e-10,6.335053141792724e-12,1.251799497392625e-10,0.9997336268424988,0.0002663978666532,2.141749888551203e-09,1.0211789192027254e-09,1
3,2.6403889491488638e-11,7.420741538616271e-13,1.0787350179786159e-10,0.9999464750289916,5.351735308067873e-05,2.527854814360353e-09,9.044308080241591e-10,1
3,1.484962569575643e-10,8.593605970060036e-13,7.538413782093301e-10,0.9999630451202391,3.696494968608022e-05,4.237954431829394e-09,6.406808417125376e-09,1
3,3.109781598897854e-10,3.817439420128466e-12,1.1311720449214135e-08,0.9998528957366944,0.0001469971466576,4.844038770102088e-08,2.1574974695681703e-08,1
3,9.452979510271575e-10,2.869978994041178e-12,3.226183054039211e-08,0.999974250793457,2.5709150577313267e-05,5.400779201636397e-08,4.9816790692602815e-08,1
3,1.4627401512257163e-09,1.1857259098191351e-11,3.77398947648544e-08,0.999950647354126,4.9078600568464026e-05,8.306660959078728e-08,7.033171556258823e-08,1
3,3.9554901021254807e-10,4.151786119760415e-12,8.520399941147615e-10,0.9999665021896362,3.3486885513411835e-05,7.873144802772458e-09,8.424704489584656e-09,1
3,9.463618777516558e-10,2.1296981539409288e-11,4.850874901762836e-08,0.999958634376526,4.1125935240415856e-05,7.58083729124337e-08,8.737231382838219e-08,1
3,1.4359857303247736e-08,1.2646625066614624e-11,9.065725947721148e-08,0.9996157884597778,0.0003839250712189,1.552846242702799e-07,1.0527278604399726e-08,1
3,1.7564830701033431e-09,1.5624106175504693e-11,6.169661670440973e-09,0.9999464750289916,5.350393257685937e-05,2.878010940676745e-09,1.7676791586040963e-08,1
3,7.527479084501465e-09,2.2849108022304776e-11,9.237507647696931e-09,0.9999432563781738,5.665914068231359e-05,2.1244257464303473e-09,2.0566789160625376e-08,1
3,1.8049867378522322e-08,1.26871586153543e-11,9.432037728629441e-08,0.9999545812606812,4.527840428636409e-05,2.0808466061339462e-08,4.1086700264258986e-08,1
3,1.0057792376727548e-09,6.038834796801007e-12,8.364187564779968e-09,0.999991774559021,8.253086889453698e-06,2.1106057179753887e-10,4.40658265432603e-09,1
3,1.039607955277688e-09,9.284946943244332e-12,4.081155413615534e-09,0.999991774559021,8.176507435564417e-06,9.087337132784867e-11,6.697433718727552e-09,1
3,9.293955188782732e-11,4.415849196720556e-12,1.0266183736451495e-10,0.9999996423721312,3.738464329217095e-07,1.2343651220516477e-13,3.8731312601569807e-10,1
3,7.263638301946429e-11,3.270119635148672e-12,1.9326708289302275e-10,0.9999991655349731,8.025988904591941e-07,7.582567793052927e-14,5.229969235465147e-10,1
3,1.6250924217420248e-10,1.3191127877509867e-11,2.3621125055939274e-09,0.999998927116394,1.0196974926657276e-06,8.761291930663162e-13,3.925623826006586e-09,1
3,1.5954465526490935e-09,4.322812940937837e-11,2.2432569579677878e-08,0.9999990463256836,9.129404929808516e-07,3.5318382333310305e-12,1.3098835793812214e-08,1
3,1.2944299798700598e-10,2.2468778573814238e-11,5.410379255721409e-09,0.9999997615814208,1.838557182054501e-07,1.3635971421021437e-13,1.4572840711934987e-09,1
3,2.855458577921688e-11,8.226387453180717e-12,1.6662170254644335e-10,0.9999998807907104,7.139348667806189e-08,6.7995646073804205e-15,2.1196920607646772e-10,1
3,2.0348703624883943e-11,3.0758882853948455e-12,4.894207435157672e-12,0.9999998807907104,9.028563141555425e-08,2.6172576916329033e-16,5.199465163974182e-11,1
3,1.92692199002531e-11,2.2093680780276711e-13,1.9646116330984675e-12,1.0,1.0740757616645167e-08,3.904777219089247e-17,1.659293188960298e-11,1
3,2.3507413030032787e-11,5.0086023788706655e-14,2.3957331344442996e-12,1.0,4.269233411235973e-09,8.655330732646202e-17,8.067506732101215e-12,1
3,1.5244023057747746e-11,1.5454168638697443e-14,2.4843720288457443e-13,1.0,3.4915588198458636e-09,1.4929696849185888e-17,3.370659654167163e-12,1
3,3.780797896979493e-11,1.7462268610268783e-14,3.2290014032824305e-14,0.9999998807907104,9.642842258017481e-08,8.75107721942146e-17,1.5303596931359742e-11,1
3,3.0542370715869176e-11,7.683100439496647e-14,5.0200041199670656e-14,0.9999983310699464,1.6821392136989743e-06,1.9374614736466142e-16,3.0034019715685645e-10,1
3,1.1411296170146799e-12,1.4187297881905914e-15,1.1722674256818815e-14,1.0,3.68409693862759e-08,7.990106790075138e-17,1.4634323483933565e-12,1
3,1.0105991564424157e-12,1.426615347292174e-15,1.2895441008423106e-13,1.0,1.4357788735708256e-08,8.757061242496018e-16,1.0542624065412731e-11,1
3,1.3215355188205685e-13,1.3348230750124946e-16,5.828318566515573e-17,1.0,9.68634150666503e-09,1.2304743813596348e-18,1.3168128696824932e-13,1
3,1.2113631630986456e-14,1.931530588654609e-17,7.304293805069745e-19,1.0,6.8986332202314316e-09,5.828021205425118e-20,1.1143137702439212e-14,1
3,1.6419215298360892e-14,5.946627893423318e-17,2.6600825690240604e-19,0.9999998807907104,9.83051720027106e-08,1.8628485829824426e-18,5.892529116692047e-15,1
3,1.852721941792909e-14,9.472533230906126e-18,3.2640429098105187e-18,1.0,1.9718824351144804e-09,3.289494140564948e-17,4.313125648736788e-14,1
3,3.421757921688401e-18,8.254902689712757e-19,1.6399872042041448e-18,1.0,3.0326693847143597e-12,4.5226730070319006e-20,9.596247001241245e-14,1
3,3.1773566046628573e-19,7.973926108487714e-20,3.045508409418909e-20,1.0,1.0069602215858481e-13,3.179472008512717e-23,2.949674977689465e-16,1
3,1.6289513740617686e-18,1.7829687852039624e-18,1.1321696007256302e-19,1.0,1.2273734410544676e-14,2.7525891198819124e-24,2.043742482717094e-15,1
3,8.544573895603313e-18,5.7168507677361945e-18,6.959762740183752e-19,1.0,1.165623858285364e-13,4.941174799169644e-22,9.601354948726369e-14,1
3,1.2983373127892506e-17,1.4310232868973504e-17,4.314527546167136e-20,1.0,7.407571084305786e-11,1.0334853340219525e-21,8.626830668009498e-14,1
3,1.491689738725949e-16,1.9371174988606894e-16,2.9073237935478934e-17,1.0,1.263641274951155e-11,3.0009236975197274e-20,4.981689973732051e-13,1
3,7.255542771678145e-15,2.861859842734501e-15,3.227176206099775e-16,1.0,4.787095372882355e-11,1.1829062745602187e-19,8.394397373392981e-13,1
3,2.866672871304488e-11,1.229196594770138e-13,1.3064587389352569e-12,0.9999998807907104,6.535571372978667e-08,2.0342375024994803e-15,1.603092658619687e-12,1
3,5.231003347497265e-13,7.095746618046833e-15,1.012561453954397e-12,1.0,1.9144110297020237e-08,9.142513643660336e-17,4.8389643800186156e-14,1
3,3.268618882501517e-12,5.509858265847394e-15,1.6470692539884146e-13,0.9999997615814208,2.609821763144282e-07,2.2294717146988997e-16,2.722397265573443e-14,1
3,2.9608493391439233e-13,5.5758675434269215e-15,1.7177231012089397e-15,0.9999992847442628,6.608890998904826e-07,4.0032940991720667e-17,2.369910908142648e-13,1
3,3.072176844517993e-12,3.15803129090006e-13,1.0472464638099783e-13,0.999997854232788,2.166882040910423e-06,7.703577460996518e-15,7.554285322286525e-12,1
3,5.01872458522068e-12,1.594374046849645e-13,4.3740415477978856e-14,0.9999884366989136,1.1573320080060512e-05,2.726498768510638e-13,2.1175613346136046e-11,1
3,1.7046086764338495e-10,2.178886845255468e-12,3.984322908493626e-13,0.9998894929885864,0.0001105224073398,1.2129950689721005e-11,7.770298293685585e-11,1
3,4.356572602670639e-10,2.8999103465765508e-11,1.4762793580907346e-13,0.9996887445449828,0.0003112531849183,1.387660559376558e-11,7.780857069761281e-10,1
3,9.407105094894064e-10,1.9873614906518175e-11,3.7856081659161383e-13,0.9999104738235474,8.950992196332663e-05,5.731616353407687e-13,1.9453247346312708e-10,1
3,4.7458530438859725e-09,2.6729150143234293e-11,2.2420437902070933e-12,0.9999523162841796,4.771353633259423e-05,9.835538416699818e-13,5.824217219618787e-10,1
3,1.1190536275407226e-09,1.925709765260297e-11,1.007724285961853e-11,0.9999657869338988,3.4195822081528604e-05,3.871032400876162e-12,3.3757481254781396e-09,1
3,3.272660364928015e-08,6.172218292022079e-11,1.8114741651142907e-10,0.9999935626983644,6.413077699107816e-06,4.6355688385069086e-12,1.0373879533176478e-08,1
3,3.184219998786375e-09,1.8287127021010538e-11,4.812526488429113e-10,0.9999992847442628,6.882659135953872e-07,3.7850053495082364e-13,1.598600718466514e-08,1
3,1.6106804778814874e-09,8.908053114597969e-12,9.619036817065664e-11,0.9999996423721312,3.465189308826666e-07,1.3071581848617816e-13,3.129979164739893e-09,1
3,1.1770915353537248e-09,2.8149919895081865e-11,5.551838988537838e-09,0.9999995231628418,4.288128252483148e-07,1.4430871428383618e-11,2.0658253774286092e-08,1
3,1.363817290211955e-07,5.2785498194651836e-11,7.393431644686643e-08,0.9999779462814332,2.1572685000137423e-05,4.399870245919146e-09,2.8801281359847053e-07,1
3,4.028779088116608e-08,3.4230052819994577e-11,2.394172327058186e-08,0.9999375343322754,6.232946179807186e-05,3.08041130381298e-08,8.266643902743455e-08,1
3,1.5794803687185777e-07,6.771519976689344e-12,2.1149288986777037e-09,0.9999165534973145,8.320503548020497e-05,6.389978324250478e-08,7.672094959332298e-09,1
3,9.090450703297392e-08,1.6397159671721617e-11,1.5377888962220252e-09,0.9998348951339722,0.0001648066972848,5.900032018502088e-09,1.1980665703958948e-07,1
3,6.58868160030579e-08,6.930813145622493e-10,2.2185879799963e-09,0.9988071918487548,0.0011925569269806,4.791615104693392e-09,1.5192783564543788e-07,1
3,2.00348566181674e-07,2.1694074314737574e-10,1.1474658723198415e-10,0.9942821264266968,0.0057177408598363,1.5616702597753832e-08,4.777683138001976e-09,1
3,7.223945431178436e-06,2.3848520380731486e-10,1.3115262209595355e-09,0.9583340287208556,0.0416566208004951,2.120324779752991e-06,7.3638224407091e-09,1
3,6.107314334258263e-07,8.550571709009525e-12,1.5438475498008586e-10,0.9946836829185486,0.0053156269714236,1.2938430415943006e-07,2.525577080803032e-09,1
3,1.0115028459267705e-07,1.805628216389188e-11,1.14289622210606e-09,0.9958757758140564,0.0041232714429497,8.880430755198176e-07,5.128597102554977e-09,1
3,4.651442253589266e-08,5.176217527519399e-12,1.1827169799083492e-10,0.99790358543396,0.0020962955895811,1.1384177156514853e-07,7.409369118249742e-09,1
3,1.5850449841536832e-08,1.131189217816464e-12,2.1950509118684455e-11,0.9976602792739868,0.0023394306190311,1.908876612333188e-07,1.497864388078085e-09,1
3,6.032894361851504e-08,2.8949898034369426e-12,4.173799847406734e-11,0.9916383624076844,0.0083612129092216,3.152650265292323e-07,2.0493604591109715e-09,1
3,1.6399421554069704e-07,4.578632178259268e-12,4.815788393064402e-11,0.9574556350708008,0.0425360351800918,8.095262273855042e-06,5.78966152797733e-10,1
3,1.436980596736248e-07,3.514376073140979e-12,7.511430366591297e-11,0.930047571659088,0.069926880300045,2.5409697627765127e-05,4.806172126947672e-10,1
3,1.495455848044003e-07,1.6964098528693402e-11,2.3572586591025235e-11,0.917430341243744,0.0825689658522605,5.163223022464081e-07,1.74479197756483e-09,1
3,1.197366685801171e-07,5.824326437808836e-11,2.289368347674348e-11,0.8748013973236084,0.1251975297927856,9.834304819378303e-07,9.86973835992444e-10,1
3,6.81971243920998e-08,2.1884694056950596e-10,2.1656189341801022e-10,0.7903446555137634,0.2096536755561828,1.6479860960316728e-06,5.479591003165751e-09,1
4,6.787495010485145e-08,8.643027959998051e-11,2.238825617950635e-11,0.2004768848419189,0.7995226979255676,3.7176747014200373e-07,1.9180379506877902e-09,1
4,4.880837991549924e-07,5.435916716756141e-10,1.2847120589576375e-10,0.4841839969158172,0.5157986879348755,1.6852307453518733e-05,3.299725603866932e-09,1
4,7.240601451741212e-10,1.776706928281746e-12,8.603752408328606e-15,0.0001453301665605,0.9998546838760376,1.6305255812198993e-08,2.8080426872634234e-11,1
4,3.778150969163674e-12,6.209894659039637e-14,5.501863135093151e-17,1.7789037656257278e-06,0.9999982118606568,3.308435303495116e-09,2.3779204300078405e-11,1
4,7.933925218195359e-12,1.329578537111881e-13,7.322787102704107e-17,1.5455358379767858e-06,0.9999984502792358,1.94491445171252e-09,1.0768087810308911e-11,1
4,1.893351864179493e-10,4.193277669539697e-13,1.3758703445759977e-15,1.672440703259781e-05,0.9999833106994628,1.7762951998179233e-08,2.119150514789947e-11,1
4,6.674990421506877e-11,7.796244661135987e-13,6.501521030054182e-16,1.0784804544528017e-05,0.9999892711639404,1.2468747145888415e-09,1.0348548407090874e-10,1
4,2.1718037090945328e-10,9.174774655285043e-12,1.4029305908452252e-14,3.34242831740994e-05,0.9999665021896362,2.888568495507116e-08,7.431596449336553e-10,1
4,1.2983905062213807e-09,1.0646069963093918e-11,9.130004152875516e-14,0.0003310799947939,0.999668836593628,7.514501021432808e-08,1.0614572554246138e-09,1
4,3.984297336501186e-10,3.6234477224228456e-11,4.45236219515587e-15,1.5783349738285326e-07,0.9999998807907104,3.90873972078154e-10,8.671554030392771e-10,1
4,6.117879098287149e-13,1.3746664566480651e-14,1.786739979164774e-19,4.934625624786193e-12,1.0,1.7867428456913581e-12,1.7466636470508942e-10,1
4,8.360889021050144e-13,5.319230299283273e-13,3.469931162804688e-19,6.625993590608781e-12,1.0,6.286633540131259e-13,3.1988165588581197e-11,1
4,1.0518770912886639e-13,1.4989527021415202e-14,8.55552455199199e-20,7.251497037390199e-13,1.0,5.958789234608576e-13,2.3985910146961945e-08,1
4,3.7395755844151993e-14,3.765293469810277e-13,3.5519975608336625e-21,2.4874813173885252e-14,1.0,3.7742358338036664e-14,1.5699515298894795e-10,1
4,3.1418989724371973e-14,2.878775559947422e-12,5.790456138843344e-21,1.7868741086931282e-14,1.0,1.6586514469838984e-14,2.0121622423818764e-10,1
4,1.115802007132247e-15,1.8274500023039014e-13,1.656323279949521e-23,3.0895219039912735e-17,1.0,4.711194605650458e-16,1.3379981844696687e-10,1
4,1.6386506951696078e-12,1.313856939910707e-10,5.398045226695753e-19,1.509511509930131e-13,1.0,1.8541971343738478e-13,1.529736892713629e-09,1
4,5.952947553303224e-14,1.886985012689024e-09,2.300659894354897e-20,2.5254055235359417e-14,1.0,5.012654923303509e-14,1.1584854853197156e-08,1
4,7.842864405875964e-16,1.67069298933481e-12,6.955209896490892e-23,2.3121638355701933e-16,1.0,4.87928458826393e-16,9.21997056479995e-09,1
4,2.3369675986040228e-11,1.5192645752559738e-11,6.791082022399923e-17,3.0190849820144194e-11,1.0,1.4467367408232956e-11,6.818781539408292e-09,1
4,8.081613503407858e-12,1.1382477425880833e-11,3.0584575083181202e-18,5.050336451123405e-12,1.0,1.4763955032484621e-13,1.4029384320934923e-09,1
4,7.081925323948468e-12,5.684488036533653e-12,2.6870290114537405e-18,2.296155106329412e-11,1.0,5.5192840484844405e-15,6.652978168375512e-09,1
4,5.894764711078526e-12,2.2841938843859437e-12,1.0616216927264553e-18,3.769213066662225e-11,1.0,1.063548756374366e-15,4.259595343114597e-09,1
4,3.417439248254439e-11,1.987094950389734e-12,3.8933687440809153e-17,8.742030710440217e-11,1.0,4.3040691724647445e-14,1.8923852707075642e-08,1
4,2.2767907351117778e-12,2.3636797814169386e-12,2.536042441774729e-19,9.75980320866432e-12,1.0,4.931698987040026e-16,5.6350149435502324e-08,1
4,4.8479206760099195e-12,1.4507848047906611e-11,1.187038403611439e-18,1.0292629595842762e-11,0.9999998807907104,1.4799518473104746e-15,1.4563104855369605e-07,1
4,1.3585079242095509e-11,2.9014421074058387e-12,2.1608174185432784e-19,7.538673851836819e-11,0.9999998807907104,1.334685564507464e-16,1.518291270485861e-07,1
4,2.155694234229344e-10,3.5747660387386304e-10,5.567236542392196e-17,1.2565530838060113e-08,1.0,1.2367631824396078e-15,4.3538872063209055e-08,1
4,1.898415973033973e-11,2.203251123211736e-11,7.040807311662285e-19,4.6251402707753195e-09,0.9999998807907104,5.975644065822698e-17,1.3741023963120824e-07,1
4,1.9235769921355228e-10,3.246407656587458e-11,1.1644387746212095e-17,1.6170870864584685e-08,0.9999995231628418,4.259019725165025e-15,4.909574613520817e-07,1
4,1.1508587485775656e-11,6.819470335650557e-12,3.40837724130459e-18,9.741916162653295e-10,0.9999880790710448,6.389446924429413e-16,1.1909043678315356e-05,1
4,4.6483063925739636e-11,3.648280462453801e-12,1.0113390583300972e-17,2.09170414322557e-09,0.9999961853027344,6.406903426439377e-15,3.838259999611182e-06,1
4,4.2013659218298466e-10,6.614184460546069e-12,9.046459114824962e-18,2.1324876087192024e-08,0.9999899864196776,1.9195050686730483e-14,1.0053901860374026e-05,1
4,1.7767509685739924e-10,5.926849722809324e-13,1.096412805892859e-18,1.1149177936431445e-07,0.9999890327453612,2.5974574494578868e-15,1.0803661098179871e-05,1
4,8.634309413280139e-12,1.4955202874700204e-13,4.2018018926043385e-20,2.1798920002424893e-08,0.9999996423721312,2.317222475149873e-16,3.943013382468053e-07,1
4,5.947085705837463e-12,6.729274001768997e-15,1.1935340792862013e-21,3.31824279165005e-09,0.9999998807907104,2.651008645858537e-17,7.629179066270808e-08,1
4,2.0049658114307256e-11,6.700967431221179e-15,1.4497731659410877e-21,2.199326554208625e-10,0.9999997615814208,1.4224786766058002e-16,2.468649711317994e-07,1
4,5.916069856226612e-10,1.411656436276637e-13,4.314902465779776e-18,4.016506238713191e-09,0.9998569488525392,2.6967435175131313e-14,0.0001429946714779,1
4,1.597059040570059e-09,1.0200492523131793e-13,1.2720481894333353e-17,8.908864757017908e-10,0.9983021020889282,1.3254839120822176e-13,0.0016979154897853,1
4,4.433978739726285e-10,8.921345717835712e-15,1.5460605354560188e-18,1.5359119531765939e-10,0.9999854564666748,1.0178900806273334e-14,1.4489955901808573e-05,1
4,2.5293553918004363e-09,6.328534837016579e-14,1.5941865486952318e-16,2.256306391723584e-10,0.9994528889656068,1.5267906296884126e-12,0.0005470684845931,1
4,7.116870981427326e-10,1.2215813430249687e-11,5.8327837536365835e-16,2.67477018311979e-09,0.9999984502792358,2.8409185201245902e-14,1.5212058315228203e-06,1
4,4.3595291820963675e-09,2.797470761983778e-11,1.2748609032862696e-14,1.149391781751774e-08,0.9999260902404784,4.196392365540813e-12,7.392466795863584e-05,1
4,2.081838168521699e-08,2.0740126283058655e-10,4.911493778412927e-14,2.940024668163232e-09,0.9999427795410156,1.274609237600366e-11,5.725809751311317e-05,1
4,1.7532122975616457e-10,3.131722381422008e-10,9.684108627717105e-16,1.8598219631016375e-09,0.9999866485595704,1.1385983573076325e-13,1.3350469998840708e-05,1
4,1.1387387560679583e-11,3.065558007095404e-12,8.868124765022817e-18,3.5193349970374928e-12,0.9999887943267822,1.0369016843064793e-13,1.1258211088716052e-05,1
4,5.467629127231531e-10,1.3066317472443243e-10,1.4194322696714406e-16,6.623863124666228e-10,0.9999996423721312,1.5603308575751209e-12,3.224199645046611e-07,1
4,2.9917870264517526e-11,7.435702986495485e-13,8.17943641749013e-19,3.7287706255995085e-10,0.9999825954437256,1.0586739547079754e-13,1.7458714864915237e-05,1
4,3.862054079317723e-11,2.9494545694674905e-11,3.179126740154448e-17,6.585854084306675e-09,0.999998927116394,1.0466052937502246e-12,1.1200735343663837e-06,1
4,1.6697701554768682e-10,2.2062204840800348e-10,3.1812757553858605e-17,2.0673626366374265e-08,0.9999995231628418,1.0016312865929189e-12,4.310770123083785e-07,1
4,3.1699745606239555e-10,8.562000552991832e-10,3.8555941848324767e-16,6.86075409817022e-08,0.9999772310256958,3.377185250202919e-12,2.2665280994260684e-05,1
4,4.5302092632759633e-10,1.6505623534612823e-08,3.4035391065695207e-15,5.8009987924378954e-08,0.9999699592590332,8.596948673778027e-12,2.9880231522838585e-05,1
4,2.7818851666694404e-09,4.8868258772927227e-08,1.296855807827622e-14,4.034766334370943e-07,0.9998408555984496,9.092255594256304e-12,0.0001586909056641,1
4,2.9518205657552703e-09,4.722534896473008e-08,7.632620663972078e-15,2.701158621221112e-07,0.9999834299087524,1.1863932145722569e-12,1.6240490367636085e-05,1
4,1.7370660465587662e-10,5.738819552902896e-08,4.711295190812945e-16,3.847764418196675e-08,0.9999984502792358,5.610272446263109e-13,1.3812747283736826e-06,1
4,1.6863000995570587e-09,1.5494235583446425e-07,3.288005930146402e-15,7.186925188307215e-08,0.9999889135360718,5.885218094109357e-12,1.088192584575154e-05,1
4,8.001377893585014e-10,3.1795096333553374e-08,2.1703188511900404e-15,2.3749333166733777e-08,0.9999908208847046,2.3815420122086373e-12,9.130744729191065e-06,1
4,5.480559561732434e-09,2.2613346573052695e-07,9.823813583356017e-14,2.018595921526867e-07,0.9998986721038818,1.5127704644513074e-10,0.0001008661056403,1
4,1.4089051036947351e-09,8.96640841574481e-08,2.01624216048012e-14,6.28913241484952e-08,0.999944806098938,8.310689636470414e-11,5.507949754246511e-05,1
4,9.071502993229783e-10,1.53805554958808e-08,1.8466365182866557e-14,1.0674715156255846e-07,0.9999772310256958,9.510513210297944e-11,2.2627074940828606e-05,1
4,6.794102347384978e-08,2.3109444100555265e-06,1.653482212260471e-11,1.5834377336432226e-05,0.9974601864814758,1.75682153269463e-08,0.00252156984061,1
4,4.679458243117552e-07,1.993103751374292e-06,6.054527539045562e-12,3.662906601675786e-05,0.987114429473877,6.221069437373217e-09,0.0128465574234724,1
6,1.2773412549904606e-07,1.1416943124231693e-07,2.2622441420150352e-10,2.7877345019078348e-06,0.0001800231693778,3.6682081372418907e-08,0.9998169541358948,1
6,1.1785950881915142e-08,7.277016607076803e-07,5.47863199251708e-10,2.299186974141776e-07,7.387349614873528e-05,1.1946073463775521e-08,0.999925136566162,1
6,1.3059252346181438e-08,3.825551431191343e-08,6.0200648910324625e-09,4.275746903203981e-07,1.8772424255075748e-06,3.762623279612853e-08,0.999997615814209,1
6,3.904741063820438e-08,1.4281933857773764e-08,2.238755847372431e-09,2.1587268861367198e-07,1.976287876459537e-06,7.114307010169797e-08,0.999997615814209,1
6,9.767939701532669e-08,5.3625466733819855e-08,1.7006378527639754e-08,7.241558250825619e-07,2.8363042474666145e-06,4.435680978076562e-07,0.9999958276748656,1
6,3.420067784531966e-08,4.6098652006776326e-08,5.285851401026776e-08,7.218734481284628e-07,1.4708729167978165e-06,8.739835379856231e-07,0.999996781349182,2
6,5.961565463508123e-09,1.381463619054557e-07,2.0398053024450743e-08,3.8740483887522725e-07,4.664279003918637e-06,3.206600354133116e-07,0.9999945163726808,2
6,4.605427594839284e-09,1.0046448117861928e-08,3.9231309867382436e-10,9.419241386865453e-09,6.233001386135584e-06,9.851930116155928e-08,0.9999936819076538,2
6,3.273303184059273e-09,5.9682867536992035e-09,1.944164162992479e-09,2.9469532591974712e-08,1.1380902833479922e-05,3.7782427853017e-07,0.999988317489624,2
6,1.3177662086527596e-11,8.896979290448638e-13,7.729126366706751e-12,2.858031866725952e-10,9.854490912175606e-08,1.8096260490096935e-08,0.9999998807907104,2
6,2.97862401410498e-10,7.620148262388327e-11,2.7830684978802367e-10,3.431078532400988e-09,4.13888017192221e-07,5.51760699352144e-08,0.9999996423721312,2
6,1.4167341078064057e-08,8.314182120550129e-10,2.964418488460296e-09,4.4258445797140666e-08,1.2309222938711173e-06,4.469680163765588e-07,0.9999983310699464,2
6,3.284014615800856e-09,2.383160335739376e-10,8.444654420181053e-10,4.777985118664674e-09,3.451100099027826e-07,9.221378149959493e-08,0.9999995231628418,2
6,2.37692301396919e-08,1.0468580446953979e-09,2.1911559233700473e-09,2.3551036676394688e-08,7.133286317184684e-07,6.764688578186906e-07,0.9999985694885254,2
6,3.822631544636579e-09,1.7372872029852715e-09,9.481025964319656e-10,1.3340819116081093e-08,1.4814547739661066e-06,1.117152123697451e-06,0.9999974966049194,2
6,8.113187455194293e-09,4.3483785461262414e-09,1.1711051017826435e-09,1.1626266172015677e-07,5.877992407476995e-06,6.842494144621014e-07,0.9999933242797852,2
6,6.575244793083357e-10,3.676369653149436e-09,1.9015279628664672e-10,2.7292607285289705e-08,2.5964798169297865e-06,2.954130593479931e-07,0.9999970197677612,2
6,9.49157197283057e-09,8.364329318055752e-08,3.88119647531937e-10,1.0159017449495877e-07,3.656739136204124e-05,6.612746119571966e-07,0.999962568283081,2
6,1.0981093367945505e-07,7.867110412007605e-07,1.953051764758129e-08,1.1444520708892016e-07,5.8742010878631845e-05,1.3721218010687153e-06,0.9999388456344604,2
6,7.357519926642908e-09,3.3347408390227435e-08,3.3235574292689303e-09,2.0287659552309375e-08,1.6971907825791277e-06,2.359955715292017e-07,0.9999980926513672,2
6,9.400862310826594e-10,3.134982407004827e-08,7.272726865181767e-10,1.6822804260741007e-09,3.632262135511155e-08,6.221186765742459e-08,0.9999998807907104,2
6,1.2700282492339454e-10,1.589510745247935e-08,5.6304728240919027e-11,1.3416430189039372e-09,4.281255527871508e-08,1.2322444398193966e-08,1.0,2
6,4.043113399632148e-09,6.4937033528167384e-09,7.930974210701435e-10,3.978350981981293e-09,4.746035529024084e-07,1.728444090076664e-07,0.9999992847442628,2
6,4.6104894901866084e-10,7.439765425942825e-08,5.410665249172553e-10,2.8717979105863382e-09,9.93668720639107e-08,9.26561583014518e-08,0.9999997615814208,2
6,5.754937859592246e-09,3.602086735554622e-07,2.820687461380089e-09,1.0146068873950752e-08,1.1601869118749164e-06,4.046904393817386e-07,0.9999979734420776,2
6,8.025787145982122e-09,1.7063980806142356e-07,2.294974654759585e-09,1.190433884801223e-08,1.469386916141957e-06,5.043475539423525e-07,0.999997854232788,2
6,1.0062017885559273e-08,5.795606128344844e-08,1.973521568388037e-09,2.95900530744575e-08,3.37264026484263e-07,2.23121020326289e-07,0.9999992847442628,2
6,8.395063533228607e-10,1.4955089966406376e-07,4.2404929567751987e-10,3.1756266505311714e-09,1.621468896928491e-07,7.83381821634066e-08,0.9999996423721312,2
6,6.53212168799655e-08,2.8326121537247676e-05,5.529726365693932e-08,4.7506316036560747e-07,2.031404619629029e-05,3.993737664131913e-06,0.9999468326568604,2
6,8.11187490512566e-08,3.576489689294249e-05,2.273035271116441e-08,3.017096616986237e-07,2.8767955882358365e-05,1.0419585123599973e-06,0.9999340772628784,2
6,1.1538762123564085e-07,0.0001962980895768,8.40270999447057e-08,5.31902912825899e-07,5.305239756125957e-05,2.4107205263135256e-06,0.9997474551200868,2
6,2.852691771693117e-08,7.198974344646558e-06,4.365669781236648e-08,4.929900683237065e-07,6.610359832848189e-06,1.088451995201467e-06,0.9999845027923584,2
6,1.0805035088878869e-08,3.2256786653306335e-05,4.334401637606789e-08,2.849448890174245e-07,9.838075129664505e-06,9.641316864872351e-07,0.9999566078186036,2
6,1.236510804858426e-08,4.465772508410737e-05,6.073817360174871e-08,2.826097897923319e-07,8.433586117462255e-06,1.653526965128549e-06,0.999944806098938,2
6,1.6675930636367296e-09,1.7544813090353273e-05,2.090574469093553e-08,3.275689550719108e-07,1.2493728718254715e-06,9.8987482033408e-07,0.9999799728393556,2
6,5.959171822667031e-09,2.0062907424289733e-05,3.3600983329051815e-08,3.047705092740216e-07,7.085660058692156e-07,7.72924295233679e-07,0.9999781847000122,2
6,6.187469203666751e-09,4.091092705493793e-06,2.696370771104739e-08,2.174018192135918e-07,4.868430210080987e-07,1.0365372418164045e-06,0.999994158744812,2
6,1.2173961838612968e-09,9.936754395312164e-06,9.99380755928314e-09,2.005025550033679e-07,2.2381011888228386e-07,3.626929299116455e-07,0.9999892711639404,2
6,3.65136934021848e-08,0.0002568983472883,2.46794485292412e-07,2.8230201110091e-07,1.786164716577332e-06,2.65444214164745e-06,0.9997381567955016,2
6,3.8990908279856746e-08,5.71855234738905e-05,8.63583906607346e-08,5.710020900551172e-08,3.410900717426557e-06,1.0900801044044783e-06,0.9999381303787231,2
6,2.5366709621721384e-08,2.537173349992372e-05,1.1083740503181617e-07,7.624146292073419e-08,1.7921598782777437e-06,1.2587804576469352e-06,0.9999713897705078,2
6,4.382771479072289e-09,2.072325150948018e-05,1.3890400829552618e-08,8.29234707566684e-08,1.9419489944993984e-06,2.39454635675429e-07,0.9999769926071168,2
6,2.5287676397311998e-09,4.792549134435831e-06,1.260205939601633e-09,1.2769818091840081e-08,5.200757868806249e-07,3.4338391685651004e-08,0.9999946355819702,2
6,1.092393731028096e-09,2.27884584091953e-06,7.865125772887892e-10,9.596993422178457e-09,6.520073725369002e-07,4.283431564999773e-08,0.9999970197677612,2
6,1.406600169673311e-09,1.4998544202171615e-06,1.6920204126691372e-09,4.4290075607023034e-08,8.49734703933791e-07,1.2357936896023602e-07,0.9999974966049194,2
6,3.963101513626554e-10,3.958027434691758e-07,4.851065105171415e-10,4.8610733216492015e-08,6.419222131626157e-07,1.7994645418184518e-07,0.9999988079071044,2
6,3.683267302267978e-10,1.24467604223355e-07,7.046825900580701e-10,2.79692045523916e-07,2.5031320660673373e-07,2.559316953920643e-07,0.9999990463256836,2
6,6.223015991402291e-10,2.399927154783654e-07,4.5542714044444205e-10,1.5326128277592946e-07,8.507470283802833e-08,6.112770734034711e-08,0.9999994039535522,2
6,5.48899481422893e-10,2.929350557678845e-07,2.852752201132347e-10,5.089629553367558e-07,1.564664131592508e-07,3.078228161257357e-08,0.9999990463256836,2
6,5.997424085135705e-11,6.620863501893838e-08,3.289446839915833e-11,2.157171365979593e-07,7.51132631648943e-08,6.001813268596834e-09,0.9999996423721312,2
6,1.8523839406814344e-10,5.9466255919460316e-08,2.4470772630458267e-11,1.002700059871131e-06,2.0298926983741694e-07,6.536446051086385e-09,0.9999986886978148,2
6,2.837512669273678e-09,1.9678340379414294e-07,2.4419619104598667e-10,3.256491709180409e-06,5.124081781104906e-07,2.4386690000710587e-08,0.9999960660934448,2
6,1.6383410184062084e-09,5.166496563902002e-08,1.509442293379237e-10,1.5005996374384267e-06,1.7273632124670257e-07,2.1286814089194195e-08,0.9999983310699464,2
6,4.4059422776854257e-10,8.568158627042521e-09,3.4658560743583416e-11,3.281929537024553e-07,7.884951003234164e-08,2.0128888778003784e-08,0.9999995231628418,2
6,4.689063026752649e-10,1.1991867054916838e-08,3.906738474390714e-11,4.152440169491456e-07,7.913590849284446e-08,1.56344377444384e-08,0.9999994039535522,2
6,5.947393966199144e-11,2.209478466852488e-08,5.2514805004566505e-11,1.6803593894110238e-07,8.94701024378719e-09,1.0310818865377769e-08,0.9999997615814208,2
6,1.816684996880369e-10,5.670818836733815e-08,1.411117223071301e-09,5.231489126344968e-07,3.485775579292749e-08,1.186310853995565e-07,0.9999992847442628,2
6,8.757514158297397e-11,2.981440516691691e-08,7.121632172868431e-10,1.64494096566159e-07,1.2761895540336354e-08,1.0564441765836818e-07,0.9999996423721312,2
6,1.0631083791068363e-09,3.125958016880759e-07,3.1623743623754304e-09,6.948945951990027e-07,2.4426043410130663e-08,3.6309953088675684e-07,0.9999986886978148,2
6,1.135566085608275e-09,1.0164142594248916e-07,4.1657863270039286e-10,2.219256884927745e-07,1.1178973302605756e-08,2.4735969716971343e-08,0.9999996423721312,2
6,1.9285391061885093e-08,7.279157898665289e-07,4.53284565438139e-09,1.1179713510500733e-06,3.0087424107705374e-08,4.473122672266072e-08,0.9999980926513672,2
6,4.125699337720334e-09,4.290101855985995e-07,1.0570667896558916e-08,1.2959274044987978e-06,5.340317699165099e-08,1.601240740001231e-07,0.9999980926513672,2
6,1.2396143833637296e-10,1.923623393906837e-08,4.814190712743026e-10,2.8670488205762013e-08,1.1610573613651807e-09,2.448366558382986e-07,0.9999997615814208,2
6,1.344913243273016e-11,4.928201846610136e-08,7.626126119486543e-11,2.5846109252825045e-08,1.3981298341292359e-09,7.915134858649253e-08,0.9999998807907104,2
6,8.78353759083822e-13,2.822997835494334e-08,3.03391478606585e-11,5.674919645315413e-09,1.0348722989661494e-09,2.598337189851918e-08,0.9999998807907104,2
6,1.214158548007438e-12,8.299418041701756e-09,6.363168672529618e-12,1.955701378619778e-09,4.795505104127074e-10,1.3351927563576282e-08,1.0,2
6,1.3074209683633377e-12,2.746606320158662e-08,1.2221429424030816e-10,1.1111504605310074e-08,4.656803387348418e-09,6.592260604065815e-08,0.9999998807907104,2
6,2.95894454771517e-11,3.5335293091520725e-07,1.3966737766324402e-09,5.7418571230982713e-08,4.0529286593482545e-08,2.5504218115202093e-07,0.9999992847442628,2
6,9.210925355773723e-10,8.611780799583357e-07,1.5774892503372943e-08,3.958494403377699e-07,1.110076510713043e-07,1.1653072533590605e-06,0.9999974966049194,2
6,5.882859477335245e-11,1.1474362793251205e-07,3.196964026841442e-09,1.0263553917866377e-07,9.444932835833695e-09,2.203864539751521e-07,0.9999995231628418,2
6,1.949432585843236e-12,1.2459480558391078e-07,1.6080244913396766e-09,5.8566456573316834e-08,5.760589338876798e-09,6.101718099671416e-07,0.9999991655349731,2
6,6.896696321673224e-12,7.346160657561995e-08,7.121276346389037e-10,5.98118674588477e-08,1.2030399787477108e-08,6.26673909209785e-07,0.9999992847442628,2
6,6.02057154130975e-11,1.1650382703010109e-07,1.8633101728227075e-09,1.3372843454817485e-07,2.7066223040606022e-08,8.5976375885366e-07,0.999998927116394,2
6,3.0034103676301876e-11,6.30510470500667e-08,6.084232562209023e-10,4.624356364502091e-08,1.2045258124260272e-08,2.759082633474464e-07,0.9999996423721312,2
6,6.929601892302627e-10,3.705382312091388e-07,6.407199659719254e-09,1.4237075163237026e-07,1.0532527738860153e-07,2.010175876421272e-06,0.99999737739563,2
6,3.8778796840333024e-10,9.252075727772536e-08,2.104932006474769e-09,9.564448788523805e-08,7.09323089154168e-08,1.1863534155054367e-06,0.9999984502792358,2
6,2.008808570874709e-11,2.0431135894227737e-08,5.018804816181444e-10,3.1557931379211375e-08,1.02304609228554e-08,4.027612874324405e-07,0.9999995231628418,2
6,4.855175289586455e-12,6.3298282171331274e-09,9.877735435148692e-11,1.0787730708727851e-08,3.2796214632924144e-09,1.1477934691583869e-07,0.9999998807907104,2
6,2.438479106137148e-11,2.025687706463941e-08,2.8367425075614955e-10,3.220682742721692e-08,1.2045834552054656e-08,1.692368130079558e-07,0.9999997615814208,2
6,8.466229800552226e-11,5.9170673694097786e-08,2.6467998903711987e-09,1.505790265809992e-07,4.517870522136037e-08,1.995665343201836e-06,0.9999977350234984,2
6,3.7190691498656385e-11,5.064810082444637e-08,1.00791786028509e-09,8.554389552273278e-08,3.080528898635748e-08,1.293937316404481e-06,0.9999985694885254,2
6,3.9203723600778056e-11,1.3657643016529164e-08,3.4907390866756316e-10,1.6204869268676705e-07,3.045464325168723e-08,1.396821289745276e-06,0.9999984502792358,2
6,8.797348266531557e-12,7.980549554531535e-09,8.429438397294929e-11,5.071472131135125e-08,2.545042754320548e-08,9.87637008620368e-07,0.999998927116394,2
6,2.6104641018265262e-11,9.061476902161305e-09,1.5984993884110563e-10,1.0098657554635793e-07,5.0348717195447534e-08,1.778411615305231e-06,0.9999980926513672,2
6,1.231314356031632e-10,1.8165449588991578e-08,3.3039032620862935e-10,1.872815573733533e-07,1.8049757954941015e-07,3.9110313991841394e-06,0.9999955892562866,2
6,1.0802797892339731e-11,1.541933136728346e-09,4.8398899471502326e-11,5.7307616430080095e-08,3.719537389201832e-08,2.79917935586127e-06,0.9999971389770508,2
6,1.064697592242925e-12,5.237333344787487e-10,1.6385273346464224e-11,2.608876847887132e-08,1.5019715249309232e-08,1.4444774478761246e-06,0.9999985694885254,2
6,6.037591433749601e-12,2.2660473497637668e-10,2.9533511053392296e-11,1.1311737324604111e-08,8.594772005210416e-09,6.392326667992165e-07,0.9999994039535522,2
6,4.461174051700878e-12,2.1652481890788167e-11,5.872240194104705e-12,7.565644111195981e-09,8.100882631367767e-09,5.023447329222108e-07,0.9999995231628418,2
6,2.0715462331621914e-11,5.8157933330305056e-11,2.335904560057944e-11,3.2423450591068104e-08,7.597438234085985e-09,1.084485802493873e-06,0.999998927116394,2
6,4.3947897404583713e-11,1.7546146480196256e-10,3.4923428732236417e-11,1.8116328703854379e-07,4.79425068533601e-08,8.825514669297263e-06,0.999990940093994,2
6,8.055711479826309e-12,1.2560692069785162e-11,4.646698390647908e-12,1.1190217641399158e-08,1.902121793406764e-09,2.6109120199180325e-07,0.9999997615814208,2
6,1.7406675059672416e-11,1.653957353020541e-11,3.875962051314019e-12,2.9655408795292718e-08,1.1643321862209176e-08,1.1172591030117474e-06,0.9999988079071044,2
6,8.716011939968736e-11,9.07352665224792e-11,1.3805075138595411e-11,9.997394556648943e-08,2.3671731241847738e-08,1.275195472771884e-06,0.9999985694885254,2
6,1.394783455399562e-10,1.6679583061951497e-11,1.4997577832409625e-11,7.619811270842548e-08,1.6253681067723846e-08,2.193137333961204e-06,0.9999977350234984,2
6,4.09338812845661e-10,1.680259542613527e-10,5.5805960547106175e-11,1.7316263267730394e-07,4.6370146833396575e-08,1.7365654230161454e-06,0.9999980926513672,2
6,1.3534429132988635e-10,4.7183406487461e-11,1.106387030602729e-11,6.752072323479298e-08,2.8524329565016163e-08,1.193004550259502e-06,0.9999986886978148,2
6,1.0958558505080871e-09,1.824985496057252e-09,6.693848253469524e-11,7.91603667948948e-07,1.595986759639345e-05,1.1023452316294424e-05,0.9999722242355348,2
6,1.748708400306498e-10,1.3460380365870606e-08,3.3346624073171676e-11,2.177761615484997e-07,3.886641934514046e-06,7.450945531672915e-07,0.9999951124191284,2
6,3.893334959981232e-11,5.5446438551598484e-09,2.8059441922745343e-11,6.533800700481153e-08,1.578053314688077e-07,7.80360593921614e-08,0.9999997615814208,2
6,2.5820198409909345e-11,9.684029578238553e-09,6.116132600375579e-11,4.465184844093528e-08,1.878045878811463e-07,4.087320704115882e-08,0.9999996423721312,2
6,6.779700412185008e-11,9.7665777687439e-09,4.108247075862437e-11,9.504192988174507e-09,2.2978758451586145e-08,1.7930384288433743e-08,1.0,2
6,4.032114225838157e-11,1.6791844359431707e-08,1.0083262003135474e-10,2.2154752699066197e-08,5.218259957473492e-08,2.048922027597655e-07,0.9999997615814208,2
6,3.1224214186442716e-11,3.811263127317943e-08,1.0027952912494698e-09,8.160905906606787e-08,1.7584012468319088e-08,1.1431473012635253e-07,0.9999997615814208,2
6,7.662195877777833e-11,1.0242065684451519e-07,8.394103190312308e-10,8.716500587979682e-08,3.754286836965548e-08,1.0589113941250616e-07,0.9999997615814208,2
6,2.82422396580273e-09,2.552600619765144e-07,7.1271801793670875e-09,1.276937155125779e-06,2.2856350767597178e-07,4.715664374543849e-07,0.9999977350234984,2
6,4.683355370183051e-10,7.181513979048759e-07,5.283870674333002e-09,7.043821028673847e-07,9.849513560311608e-08,2.427949823413656e-07,0.9999982118606568,2
6,2.3662333203944286e-10,2.509062255739991e-07,4.4633563511808916e-10,3.269192916377506e-07,1.1677116873443084e-07,2.603380977461711e-08,0.9999992847442628,2
6,5.2736988387369615e-11,6.360046995723678e-07,4.793380359302546e-09,3.953161069603084e-07,7.007827207416994e-08,8.823967334592454e-08,0.9999988079071044,2
6,2.9589684868991384e-11,2.462507779910084e-07,5.2679287598778055e-09,1.8183154679718427e-06,2.8091239556715664e-08,5.760343313454541e-08,0.999997854232788,2
6,3.0534130779358293e-10,2.84000890360403e-07,5.516916257164439e-09,2.492363591954927e-06,9.319043670075189e-08,1.0654787985231454e-07,0.9999970197677612,2
6,1.3983385283022898e-10,1.6939297609042114e-07,6.065252300402335e-09,7.705894518039713e-07,4.5029668882534686e-08,9.24266174706645e-08,0.999998927116394,2
6,1.9182311294940743e-10,9.526623756528353e-08,6.653655959532044e-10,4.804367677024857e-07,4.5201968390529146e-08,2.0633404318459725e-08,0.9999994039535522,2
6,2.999120674029853e-10,3.463480311438616e-07,1.9655720606692743e-08,2.7947339731326792e-06,9.395802891276617e-08,2.3836113882680365e-07,0.999996542930603,2
6,2.205954086065276e-09,7.288613801392785e-07,2.9176483451465174e-08,6.407447472156491e-06,1.3147668198598694e-07,1.590333766898766e-07,0.999992609024048,2
6,2.438638624369105e-09,9.190785021928604e-07,1.5079921311667022e-08,2.991311248479178e-06,3.5830765909850015e-07,1.825204094529909e-07,0.9999955892562866,2
6,1.935078763892761e-09,5.531680358217272e-07,2.8805397178643943e-08,4.362878826214001e-06,3.096387501955178e-07,2.0176190673737443e-07,0.9999945163726808,2
6,4.490646743349202e-10,1.6753737952512893e-07,4.018563704022426e-09,5.139537506693159e-07,2.971128196804784e-07,6.91982080525122e-08,0.9999990463256836,2
6,1.3119977326780938e-10,1.350342273553906e-07,2.1967732077854407e-09,3.273606807852048e-07,2.1925454518623158e-07,1.1057569082595364e-07,0.9999991655349731,2
6,6.506330196831556e-11,8.850420130102067e-08,3.9099609661086276e-10,1.4997077357747912e-07,3.730076514329994e-07,2.6672902109226012e-08,0.9999994039535522,2
6,8.246400957923061e-12,1.942285798861576e-08,1.5715748147293596e-10,4.672160969221295e-08,1.5617611381912869e-07,3.0164986952740946e-08,0.9999997615814208,2
6,2.697795545986148e-12,1.0431167041247136e-08,6.145368242060911e-11,2.5619502963536437e-08,9.633172481926523e-08,1.139600502853e-08,0.9999998807907104,2
6,1.1646349303787856e-13,4.6437738099314174e-09,4.850328125249881e-11,5.9578582067842945e-09,2.8285983333375952e-08,5.078056641849571e-09,1.0,2
6,5.111123113285543e-13,2.640170304601952e-09,1.0080181481186834e-11,7.743893526424017e-09,8.11327609540058e-08,7.873012242143317e-10,0.9999998807907104,2
6,2.9222956519914245e-13,2.508374619125675e-09,7.053027606396256e-11,2.675738519641868e-09,1.3207608162701945e-07,1.4616685639623483e-09,0.9999998807907104,2
6,6.646973824218223e-14,2.352614103529049e-09,6.166764876525122e-10,9.765175335019194e-10,1.905943847191338e-08,2.041224300697308e-09,1.0,2
6,2.873337689741212e-13,1.910207991784318e-09,3.6110997525540256e-10,3.1732405592066465e-10,6.185949530390644e-08,7.693041204070993e-10,0.9999998807907104,2
6,7.1024731235214125e-12,1.430944363001174e-09,6.687579379160978e-10,1.4422774086142454e-09,9.802899825217537e-08,1.1572635072454316e-09,0.9999998807907104,2
6,3.53276977983763e-13,2.158110357086684e-09,7.186545247783727e-10,9.68112923160902e-10,3.774485080043633e-08,3.1224076657565547e-09,1.0,2
6,9.024478755427501e-13,8.207186930064836e-09,1.75137255808977e-08,6.899764759538129e-09,2.077118388399413e-08,1.5513103690523167e-08,1.0,2
6,3.8460069005409603e-13,2.4750266280904043e-09,4.037560064062973e-09,1.6483929776711646e-09,6.37791730540016e-09,1.7673691843356213e-08,1.0,2
6,3.5019759986841537e-13,2.0304837811124803e-09,2.0917878540416272e-09,4.742188419726291e-09,2.753392625010065e-09,2.4113019136962063e-08,1.0,2
6,1.4757619226039162e-13,6.335516999911306e-09,1.5903870220768113e-08,2.187634517980541e-09,1.6582473172377375e-09,8.358693293075704e-08,0.9999998807907104,2
6,9.189771339734865e-13,1.2447332053966422e-08,7.900922582848581e-09,3.509748225383191e-08,2.5875199760605483e-09,2.5038536577426385e-08,0.9999998807907104,2
6,2.14396764773063e-13,2.1576502362563588e-08,1.983232955637959e-08,5.542490555399127e-08,8.581060861878598e-10,5.007280279301085e-08,0.9999998807907104,2
6,1.4279476581204045e-13,2.517637085475144e-07,5.046862838753441e-07,2.1573545438968722e-07,8.635016257585448e-09,1.2070053116985946e-06,0.999997854232788,2
6,7.950359121045025e-13,2.237138545524431e-07,4.0029743075820086e-08,9.952273103408515e-07,6.298063848220181e-09,1.497842703201968e-07,0.9999986886978148,2
6,3.65995455513593e-13,7.231923291328712e-07,1.4742904852482752e-07,7.964719088704442e-07,4.7699679761592514e-09,1.531139901089773e-06,0.999996781349182,2
6,8.24889689974434e-13,2.735737325565424e-07,2.536463625801844e-07,7.342734988924349e-07,2.208124794123023e-09,1.0200116093983524e-06,0.9999977350234984,2
6,8.045492982770852e-14,2.646175119025429e-07,2.0293747127198006e-07,3.3909194030457e-07,3.3770081175887867e-10,1.0867428272831603e-06,0.9999980926513672,2
6,3.175473664400463e-14,7.48362793956403e-08,5.670363734111561e-09,6.695574938930804e-08,1.5520157381487818e-10,8.456446920490636e-08,0.9999997615814208,2
6,1.5763636869361305e-13,2.6927470031523626e-08,6.5738356980205034e-09,2.101248526287236e-07,2.497340390039682e-10,1.0090779056781685e-07,0.9999996423721312,2
6,1.3334151220244922e-13,4.1373315440296217e-08,4.507480166893174e-09,1.3776752894045785e-07,4.59037807765128e-10,9.82916645853038e-08,0.9999997615814208,2
6,6.9940289725099045e-15,1.496497503694627e-08,7.248091016265333e-10,3.1314023374307e-08,7.422293335501706e-11,4.4279200750452226e-08,0.9999998807907104,2
6,1.5746623704395932e-14,3.528852232648205e-08,5.769772992714195e-10,6.414322939463092e-08,3.321823371926769e-11,3.607654264214944e-08,0.9999998807907104,2
6,4.454699955268316e-13,3.230068656989715e-08,2.5142550263979047e-09,5.961611009297485e-07,1.4696480143960855e-10,3.424998595846773e-08,0.9999992847442628,2
6,1.7979313784305397e-12,3.9741831159290086e-08,1.004352781497353e-10,3.346363541822939e-07,8.983598309697526e-10,9.975571479969858e-09,0.9999996423721312,2
6,4.8608606723066217e-11,1.0034359831934125e-07,2.595519132952972e-09,5.103243893245235e-06,2.5827155525348644e-08,3.422227123905941e-08,0.9999947547912598,2
6,4.024486299769592e-10,5.702940484297869e-07,1.794854753711661e-08,3.3485105177533114e-06,3.4591121078619835e-08,2.414979860532185e-07,0.9999958276748656,2
6,2.335868315179318e-13,8.248824201473327e-08,2.52793630473036e-09,5.626894505894597e-08,4.762516492284874e-10,7.289565928658703e-08,0.9999997615814208,2
6,3.47855806659414e-11,8.9816701631662e-08,2.8447568745093572e-09,2.3746380861666694e-07,2.47654714513601e-08,1.8594150219541921e-07,0.9999995231628418,2
6,7.601404748702745e-12,3.9950457164650295e-08,5.121904012028722e-10,2.455707033277577e-07,2.08175841009961e-08,8.130109030446421e-09,0.9999997615814208,2
6,4.70933925536543e-12,6.292736287605294e-08,1.3420576294720377e-07,6.670683205811656e-07,1.0784182435941148e-08,2.648818338002457e-07,0.999998927116394,2
6,2.8157018383545557e-10,1.842488330794368e-07,2.1739081645932856e-08,3.010929674474028e-07,1.782065695010715e-08,7.167589188838974e-08,0.9999994039535522,2
6,1.6553099169147597e-11,3.3306978508562686e-08,2.7594131424280025e-08,9.439159498469962e-08,4.637453976386041e-09,2.742130789101793e-08,0.9999998807907104,2
6,1.9384160943047848e-10,3.3471216909219954e-08,1.2050929143470055e-09,2.6523247598220223e-08,2.9246763233459205e-07,7.597820150806456e-09,0.9999996423721312,2
6,6.498356713846576e-11,1.0948423323497992e-07,2.3751705047203582e-09,4.318257396107583e-08,2.01399416255299e-07,1.844592212307816e-08,0.9999996423721312,2
6,2.2112924338846263e-11,1.6218535847656312e-08,1.707329166933391e-09,6.967141530367371e-09,8.765167081037363e-08,1.7706183186305683e-08,0.9999998807907104,2
6,3.735081254702122e-12,5.885797182969554e-09,1.6058926410877914e-09,1.0821674223393531e-08,5.418448978389279e-08,4.2256186105760214e-08,1.0,2
6,5.8898862349832096e-12,5.233178779207037e-09,2.304553770038353e-10,2.8761670822774477e-09,1.3234894424840604e-07,9.469107276061097e-09,0.9999998807907104,2
6,2.326259607306983e-14,2.473285132253977e-09,6.755990766826868e-10,3.589599173459135e-10,5.813499015516754e-09,1.3316549640762789e-08,1.0,2
6,6.535344097488571e-13,1.396962545641145e-09,8.964414210943517e-10,6.095350890689133e-10,4.2189988391783124e-08,4.5880998555958286e-08,1.0,2
6,2.279883638649227e-13,1.3382080998880495e-09,2.1076139444797803e-10,1.1932585475271648e-10,3.2201000976783696e-08,4.4050079139879024e-08,1.0,2
6,1.046577392484942e-14,2.27114591022648e-10,8.086813857444142e-11,4.2317583465179e-11,6.168650923399355e-09,2.5111187795801012e-08,1.0,2
6,5.851537804242623e-15,8.190024353149639e-11,1.4160075889613209e-11,1.6282116280241787e-11,6.734085289394898e-09,2.940995003086755e-09,1.0,2
6,4.4045577731952063e-14,1.2329813559031066e-10,6.577317857026088e-11,3.1079836620984125e-11,1.2705236862586844e-08,9.549857793444973e-09,1.0,2
6,2.94938532418524e-14,1.0821807339134182e-10,3.083956007232658e-11,3.75315091505346e-11,1.3216750360811602e-08,1.0636479252923436e-08,1.0,2
6,1.578480837317463e-15,1.3045030333724839e-10,2.792085486424956e-11,1.1015523215807119e-10,1.2148119843402584e-08,2.239791641045485e-08,1.0,2
6,7.616106274357698e-16,2.515040779804689e-11,5.230105628098447e-13,6.967398012702741e-12,8.6645988162104e-09,2.21460427773934e-09,1.0,2
6,2.484331540670865e-15,1.3860660015574398e-11,2.4853970877897202e-12,6.321871498515819e-11,5.027463600981719e-08,1.103928060075532e-08,1.0,2
6,8.099672089989258e-15,5.2987909199275756e-11,1.9715644047901823e-11,1.7705052701710855e-10,5.560332638765431e-08,3.1700199798478934e-08,1.0,2
6,7.462224740038825e-14,4.722208388208138e-11,1.098446420627619e-11,5.6941690945722095e-11,2.737191380219884e-07,1.660203885478495e-08,0.9999997615814208,2
6,2.8071767932641263e-14,6.538255353794041e-11,2.4019519012652424e-11,6.384798939551573e-11,6.1833894449137e-08,1.9693011665822272e-08,0.9999998807907104,2
6,1.2366110468519514e-13,1.6968715321752367e-10,6.489266762832456e-11,3.9510356791838674e-11,6.307920585868487e-08,1.3065809767454084e-08,0.9999998807907104,2
6,6.234352904798193e-14,2.1001412414678452e-11,9.899157014936488e-12,2.042336091911956e-11,3.780501600658681e-08,5.59908674979681e-10,1.0,2
6,1.6399686106728994e-14,1.391516784611524e-12,7.425585753922936e-13,1.5046027574891485e-12,1.1787866682766436e-08,1.87253892947048e-10,1.0,2
6,2.005796253713049e-15,9.824827990013649e-14,1.3395843679112065e-13,8.383276711709797e-13,6.061115498390278e-10,5.8313839867985e-11,1.0,2
6,2.916034799491465e-15,8.724210319010357e-14,5.0037709029395264e-14,5.150061150108187e-13,2.1038346065260782e-10,2.4117166597115158e-11,1.0,2
6,1.2332823428945136e-14,4.247587253713298e-13,1.046710136100304e-12,7.137756097980175e-12,9.876837125943894e-10,6.253226408903245e-11,1.0,2
6,3.1094005628883605e-15,3.010734023201067e-12,2.5514512377866616e-12,9.831736119680912e-12,2.5928112989959118e-09,9.043546467246699e-11,1.0,2
6,4.345558963803628e-15,4.476638244127473e-12,3.3388090903141425e-11,3.6373452860782856e-11,8.494952297155578e-09,3.5735867043307223e-10,1.0,2
6,1.3069154040432746e-15,2.525422362550933e-12,4.82482239924642e-12,1.3492118880464863e-11,6.237862448799092e-10,3.293153250094605e-10,1.0,2
6,2.850596549173329e-13,9.894494078233064e-12,8.89558149363978e-11,2.8324986800498664e-10,3.4551157490625432e-09,8.653942007441627e-10,1.0,2
6,4.5463871382878107e-13,7.85222060983859e-12,3.075157142817808e-11,1.1032239705111023e-10,3.017344152311807e-09,4.2325354332461984e-10,1.0,2
6,3.47789315792782e-13,4.1600209388370495e-11,5.0608114920969165e-11,1.4910114809474348e-10,5.9544844610570635e-09,5.67225544312322e-10,1.0,2
6,4.633282906646441e-12,3.845497531518305e-11,1.0008722149679183e-11,3.1881525197619004e-10,1.6806041003292194e-08,2.9380445298876623e-10,1.0,2
6,1.985126125980674e-11,5.216325149604016e-10,6.438940353126199e-11,6.42942366013699e-09,4.5601986187193695e-08,1.480980893475703e-10,1.0,2
6,1.916629528697644e-11,1.5267199726665124e-09,4.4276793342845617e-10,6.996746737542025e-09,3.898142253433434e-08,1.0134595385125067e-09,1.0,2
6,9.186729849064433e-11,2.547701605237762e-08,5.3879807282442024e-09,3.978026352768893e-09,1.810054754969315e-07,4.420205090838181e-09,0.9999997615814208,2
6,3.4876870835809365e-10,2.1921868764707145e-08,2.158026202181418e-09,8.274595231227977e-09,8.137496365634433e-07,3.556538397120334e-09,0.9999991655349731,2
6,6.561021947959489e-09,1.5300911115900817e-07,2.2781705411034636e-09,1.4466971620663573e-08,3.05049579765182e-05,1.3484314997924685e-08,0.999969244003296,2
6,3.5007758469873806e-08,5.200527084525675e-07,4.432074707239053e-09,5.0163041720452384e-08,0.0001291631197091,2.044654223709585e-08,0.9998701810836792,2
6,6.179451617072118e-08,7.724120791863243e-07,6.219744719260233e-10,1.8604863427640342e-08,0.0003100055328104,1.0463429234164325e-08,0.9996891021728516,2
6,1.133004090547729e-07,7.07658091414487e-06,5.586060503048884e-09,4.5261142389563254e-08,0.000477790919831,9.857190974571497e-08,0.9995148181915284,2
6,4.7716113726892224e-08,4.9138948270410765e-06,4.521409913138541e-09,4.729595914909624e-08,0.0005123595474287,6.616796355274347e-08,0.99948251247406,2
6,1.7053812584322262e-08,1.2209053465994657e-06,1.258692483574464e-09,2.3469198140446682e-08,0.0002806019911076,3.631882350418891e-08,0.9997180104255676,2
6,6.464260682292888e-09,1.2190379266030504e-06,1.1814222933281824e-09,6.373835503836744e-08,8.812287705950439e-05,2.8101542426384185e-08,0.9999105930328368,2
6,5.954719384249074e-09,4.92868593937601e-07,2.964753442746826e-10,8.36353706290538e-08,1.140966469392879e-05,4.049820923057723e-09,0.9999879598617554,2
6,1.3488675065786992e-08,4.652594327581028e-07,9.88585213690385e-10,1.4582741414415068e-07,4.416377123561688e-06,1.091446399925644e-08,0.9999949932098388,2
6,9.233708908595872e-09,2.006709962643072e-07,1.30601884862358e-09,1.0710830338211963e-06,3.2523894333280623e-06,2.2176132929985212e-08,0.9999954700469972,2
6,3.2489502199695153e-09,1.0760215474192593e-07,6.807001073916297e-10,1.2291552309307008e-07,4.062202947352489e-07,6.340857616748963e-09,0.9999994039535522,2
6,6.7676015902407025e-09,1.8585737393550522e-07,2.1266981231615742e-10,2.3036072605009398e-08,5.467340542963939e-06,2.5198449993268923e-09,0.9999942779541016,2
6,7.151390590820483e-09,9.494752362115833e-08,2.0730149541403617e-10,3.777722579201281e-09,2.2106605683802627e-06,1.0781735504394874e-09,0.999997615814209,2
6,6.309924138747647e-09,8.189080347165145e-08,2.7591359752499045e-10,1.2420168227222914e-09,3.791282665588369e-07,9.622527219477206e-10,0.9999995231628418,2
6,6.398530150164561e-09,1.2004255722786186e-07,3.000130976982262e-10,2.621547645631494e-09,3.400178911761032e-07,8.229782966218123e-10,0.9999995231628418,2
6,2.0683126322751373e-09,6.173713984480855e-08,3.650696411838794e-11,3.0564692443668657e-10,1.028554521553815e-07,2.072537141906139e-10,0.9999997615814208,2
6,1.310368813456364e-09,3.3319750514237973e-08,5.4911117319811353e-11,4.1878306378251295e-10,9.420310220775718e-08,3.5319927538246526e-10,0.9999998807907104,2
6,6.531752361205179e-10,2.0441632386791756e-08,3.7218277071371375e-11,1.2945784721996034e-10,4.341523052175945e-08,2.3726526299228107e-10,1.0,2
6,6.485731951499928e-10,1.4453654273438588e-08,7.909886634571706e-11,1.84949514037136e-10,5.0486811176142516e-08,6.626013626664927e-10,1.0,2
6,2.153303313434662e-09,2.7909338840004242e-08,6.303376570704344e-11,1.027876894710289e-09,1.2336053600847666e-07,3.9142827867877367e-10,0.9999998807907104,2
6,1.2653809944307426e-10,3.3788074560447963e-09,2.757398259375932e-12,2.1465405841691878e-10,1.142887562366468e-08,1.6502977803756202e-11,1.0,2
6,7.864425083381477e-11,5.918341816624206e-09,1.9578930490760094e-12,6.26349583310315e-10,1.1100194541313613e-08,1.550725346743942e-11,1.0,2
6,1.5478942780311478e-11,1.0956250351412675e-09,5.348029961591005e-13,1.7499314497460006e-10,1.4533981795850082e-09,6.6472725761268495e-12,1.0,2
6,2.1017972084980127e-10,2.167719515000499e-08,3.4243163860026016e-11,8.540784079968944e-09,7.47693462699317e-09,1.5151993548734308e-10,1.0,2
6,7.484564967796814e-09,1.9910864068606318e-07,6.700804355830313e-10,2.483381251749961e-07,1.8682126068370053e-08,1.3986014568700964e-09,0.9999995231628418,2
6,1.275453165305862e-08,3.895737279435707e-07,4.976308254356354e-09,1.1401522215237492e-06,1.7024044396407593e-08,4.246131002361153e-09,0.9999984502792358,2
6,1.7980164912501095e-08,3.394566761016904e-07,2.395853959669125e-09,2.283040657857782e-06,1.206362565397967e-08,1.4151764204939352e-09,0.99999737739563,2
6,7.841509663819578e-10,3.7305809996723844e-08,4.100763340009194e-10,3.560453194495494e-07,9.121153832225559e-10,2.4311147539535227e-10,0.9999996423721312,2
6,3.760456390722311e-09,1.1701338564762409e-07,3.561877015556547e-09,1.7348869505440234e-06,1.4567980155533176e-09,6.93574253585183e-10,0.9999980926513672,2
6,3.534964543305818e-09,1.4493387823222292e-07,1.52940016207026e-09,7.200538334473094e-07,1.5168036826551654e-09,6.801613716689302e-10,0.9999991655349731,2
6,1.015477368859763e-09,1.6291425097847423e-08,6.090209586639972e-11,2.550342799167993e-07,6.643766647940197e-10,1.1148812428807275e-10,0.9999997615814208,2
6,7.464716844651775e-09,4.592096658484479e-08,9.451227300782959e-11,8.320373012793425e-07,5.97836624649517e-09,9.775114051535637e-11,0.9999991655349731,2
6,8.01012323137229e-09,5.6291355576831854e-08,3.71292108169996e-10,6.306494242380722e-07,1.0567656083537711e-08,7.681980607188166e-10,0.9999992847442628,2
6,2.857482916951426e-09,1.5223763583094296e-08,5.2750522699929186e-11,9.395242983600839e-08,1.1816995382218922e-08,1.5908951933596427e-10,0.9999998807907104,2
6,2.943716381764716e-09,1.310462351966635e-07,8.606286239221105e-10,1.4513564394746936e-07,1.1274284617002197e-08,3.6832510375006677e-09,0.9999997615814208,2
6,2.2108032737833128e-08,7.576755365334975e-07,4.633512240559412e-09,7.077947543621121e-07,1.634539472661345e-07,1.0263263128251763e-08,0.9999983310699464,2
6,6.972881716471591e-10,6.024385434955093e-09,2.703308236984281e-11,1.0480011525260124e-07,1.1803276578348232e-08,4.1682030049727804e-10,0.9999998807907104,2
6,2.7578522798776817e-10,8.936128281789024e-09,3.4602570808672795e-10,3.06920298953628e-07,1.1489106555018225e-08,6.604195523784995e-10,0.9999996423721312,2
6,3.796928049748516e-11,6.449415446141414e-10,2.4895543959679856e-11,3.024610117918769e-09,5.355847432220172e-10,9.420750846089732e-10,1.0,2
6,3.37474187483977e-10,1.3662270204051195e-09,7.882325347985386e-11,1.1718993553344603e-09,2.2919818820632543e-10,2.0803210265540883e-09,1.0,2
6,1.4502406220362474e-10,9.692199931521372e-09,6.457511608770615e-11,8.46638259499599e-10,1.2791063763728514e-09,3.4783247393477264e-09,1.0,2
6,3.467391651579277e-11,1.4934600223170944e-09,2.590386759260266e-11,1.193118159825701e-09,2.358378381472903e-09,1.0107338299647495e-09,1.0,2
6,1.0905935043936663e-09,2.716399478686071e-07,7.3696795332978135e-09,7.946672297975965e-08,2.4264007691954248e-08,9.350029017696217e-08,0.9999995231628418,2
6,7.773723331716552e-10,1.2767210932906894e-07,1.6631219734719591e-09,4.702863165562121e-08,3.0477227852543365e-08,6.011873665556777e-09,0.9999997615814208,2
6,1.0048076815039051e-09,2.5434289341319527e-08,6.669338414866387e-10,3.5918077401220216e-08,3.1016220702895225e-08,4.346224213858108e-10,0.9999998807907104,2
6,4.284071408733325e-08,1.2481348221626831e-06,1.869810262178362e-07,2.5278720841015456e-06,2.702152528399893e-07,4.076194670687983e-08,0.9999955892562866,2
6,2.265981402516104e-09,1.420981902811036e-06,6.72788713629302e-09,5.0642295690295214e-08,1.714903561378378e-07,5.321323381934917e-09,0.9999984502792358,2
6,3.502649503772659e-09,2.3820753369818706e-07,1.232897339775718e-08,6.43747313233689e-08,1.81790795750203e-07,1.4085849819878149e-08,0.9999994039535522,2
6,5.3355946327826595e-09,8.127868795781978e-07,1.0048588627853404e-08,2.8335682245028693e-08,2.294847831763036e-07,8.71276881753147e-08,0.9999988079071044,2
6,1.552770412249771e-11,5.809474679097093e-09,1.779930716705458e-11,2.1716320408593504e-10,9.90415305324177e-10,6.392674722910384e-10,1.0,2
6,2.1419845064318818e-10,4.471422787588608e-09,2.5074249968004558e-11,1.653070874629847e-10,2.4793981978632477e-08,6.472509195276642e-10,1.0,2
6,2.0699773839449875e-10,1.5042203926896036e-07,5.339843012208688e-10,7.450692840471618e-10,5.11492928012558e-08,3.16187165338988e-09,0.9999998807907104,2
6,1.3965615122679688e-11,1.08870956694318e-08,1.617439147026667e-12,1.9428354758321828e-11,1.1065546701161112e-08,5.860194968176913e-11,1.0,2
6,2.6609117687037553e-10,1.870695243155751e-08,1.2577171248917551e-10,7.064933638112335e-10,5.011329573534341e-09,1.655135029032806e-09,1.0,2
6,3.145447444174998e-11,1.8706311166738487e-08,1.0407409656298937e-10,9.230312070229727e-10,1.1447086611937607e-09,3.1312624715340576e-10,1.0,2
6,1.7376519667600118e-10,2.10930934940734e-08,2.457492369323244e-11,1.5385290264013918e-10,7.110400268572903e-09,2.8541211061217103e-10,1.0,2
6,1.468880746202661e-11,2.6301483213586607e-09,4.083815317162953e-12,1.435828626134006e-11,6.18130879814771e-10,9.256877209207204e-11,1.0,2
6,2.0988087656714782e-10,1.5624869176278364e-09,3.9217771391486516e-11,3.031192241653713e-10,2.2387174059002035e-10,5.307209116622856e-10,1.0,2
6,9.886556850968732e-11,2.1308490527616182e-09,2.404341448158931e-10,4.4113007691137796e-10,1.2767456362972052e-11,3.87894355524665e-10,1.0,2
6,6.676819513939947e-11,7.871951979154801e-09,1.3803706788717562e-10,1.6241738509670256e-10,3.7787290657620425e-11,9.161503777832535e-10,1.0,2
6,2.9082479480191378e-11,4.4580699132268364e-09,5.2722569365837295e-11,3.571969803273234e-11,3.421025962513369e-11,3.0422375729699525e-10,1.0,2
6,1.7527373996628626e-10,1.6978090044972305e-08,1.605668237258939e-10,5.178750484002848e-11,1.3091690231892272e-10,9.341343254476442e-10,1.0,2
6,1.0848012071962287e-10,6.192676149652243e-09,9.056751182345836e-11,5.369499983531867e-11,9.481622431639636e-11,5.041814743478311e-10,1.0,2
6,5.026341322322825e-12,3.764245359860752e-09,3.9897083033146866e-12,9.967305626690236e-12,6.460776358352405e-11,3.8456883511006617e-11,1.0,2
6,5.6860093022859104e-11,3.005289883617479e-08,4.7630052679714645e-11,5.989150148044686e-11,2.594774117792298e-10,3.8870459628803644e-10,1.0,2
6,7.262300483201756e-11,3.2102327907068684e-08,4.1871842104690415e-10,4.760111194102024e-10,9.555186503140688e-11,1.2749169497894284e-09,1.0,2
6,7.565870152603793e-11,1.127729243322051e-09,1.931050111481092e-11,1.4549007831821115e-10,1.0869904976118504e-10,3.7505479277832876e-10,1.0,2
6,1.4695980543599774e-11,4.4269785060002675e-10,4.755858901139831e-12,4.319306370903497e-11,6.685803299877334e-11,2.2775140107178515e-10,1.0,2
6,9.110559529013074e-12,2.9360555653390463e-10,2.2261964407327417e-12,1.5469616906904626e-11,4.51576311066848e-11,8.328683576142025e-11,1.0,2
6,7.684195640900171e-11,1.3516756602882651e-09,1.0330372841871329e-11,1.6388149171042699e-10,1.3081108418688814e-10,1.255789916498884e-10,1.0,2
6,5.2103665132419146e-11,6.268993657521094e-10,2.280763251871765e-12,1.8254312991738963e-11,1.0963060320667849e-10,1.2350549749573503e-10,1.0,2
6,2.1879757727827356e-10,2.136273380415332e-09,4.704263454474722e-12,4.175920373383768e-11,3.1627750418650175e-10,2.7326729767906954e-10,1.0,2
6,2.9237948173665984e-10,1.0741509903766655e-09,8.469894924312271e-12,3.9201916018916094e-11,1.0378408549227558e-10,8.392040951044065e-10,1.0,2
6,9.193515393413064e-11,3.4351119171383004e-10,8.157825977239685e-12,2.230903135835849e-11,1.1435166008544327e-10,4.3930389881374765e-10,1.0,2
6,1.0341023870541476e-10,2.1286623852478923e-10,6.2317794154165265e-12,9.921253055211744e-12,2.867941994999512e-11,2.9504776399846833e-10,1.0,2
6,9.280088503205164e-11,7.247618477590477e-11,3.258131394887065e-12,1.0458765797860536e-11,1.9701209413858223e-11,2.2432654345205802e-10,1.0,2
6,5.272249303800436e-10,4.5315376451249273e-10,1.642596757396586e-12,2.277742924827741e-11,3.8082012543405597e-10,4.822646726410085e-10,1.0,2
6,3.0869529155097547e-10,3.666183190365047e-10,2.227309265842581e-12,5.6835369743879476e-11,4.72944072793524e-10,4.2789161103229384e-10,1.0,2
6,4.192826363880186e-10,6.270951813380776e-11,1.6896548179698434e-12,3.8043949934785104e-11,4.4392134412873924e-10,9.650469312560972e-10,1.0,2
6,5.610150677348712e-10,1.0424276025711166e-10,2.276851667273872e-12,9.369282433224768e-11,4.862214519896213e-10,4.436792599982198e-10,1.0,2
6,5.079223847070935e-11,1.700380530822443e-10,4.131155866612252e-13,6.441270693907653e-12,1.3523919484281774e-10,1.0684046702902349e-10,1.0,2
6,7.920272770967074e-11,4.395813157920258e-10,3.647208837026517e-12,1.5216194623746127e-11,2.4178389845808107e-10,1.5443944734183646e-10,1.0,2
6,1.5757474491895351e-10,1.3382592811694847e-09,7.642485819539524e-13,9.302236064767657e-12,2.2904697583037148e-10,2.845417304553344e-11,1.0,2
6,1.6351026088656795e-10,2.107245267168878e-09,6.38770395085253e-13,1.896136372914192e-11,3.1907015918264387e-10,1.5560197227926228e-11,1.0,2
6,7.34284508197014e-12,6.320725887132284e-11,3.4397533649546674e-14,5.714227376864278e-13,3.224839839610638e-11,3.881677965167363e-12,1.0,2
6,9.639850029330431e-11,7.153842102036734e-11,1.699294866061227e-13,1.1562469731662972e-12,2.936188445157306e-11,5.784941102537911e-12,1.0,2
6,4.318834352645684e-12,5.752098884009849e-12,2.394843145068159e-15,1.0068545796366665e-13,7.002637185393734e-12,4.1196912417898473e-13,1.0,2
6,3.988323560299989e-12,5.274527776349958e-12,8.664522787129366e-15,4.705658334779733e-14,4.228536791550663e-12,1.1787977278326922e-12,1.0,2
6,2.6680914422261278e-11,4.943945600133226e-11,3.7066331178437634e-14,3.017447132002554e-13,1.5168208702953656e-11,1.8482765231503384e-12,1.0,2
6,1.0544016354474549e-10,6.214539438609279e-10,1.8005220795216936e-13,2.0403960639125973e-12,1.4158786643125862e-10,3.996768627861913e-12,1.0,2
6,1.9690776786873696e-10,4.2408182521214144e-10,3.2790881555194724e-14,7.182820961279536e-13,9.41292044309705e-10,1.3793349058419113e-12,1.0,2
6,2.1376214687229836e-10,2.465810000629176e-09,3.796191266609676e-14,5.439797375571265e-13,3.574038398568291e-09,3.545631019688522e-12,1.0,2
6,1.4518716229261484e-09,6.758546167162649e-09,2.4667366673586377e-13,2.0862901250334746e-12,3.048886298984144e-08,1.7547067965306695e-11,1.0,2
6,6.853009913015962e-12,9.141547935298532e-11,2.5149685106148167e-15,1.1713606430305281e-13,3.6012712256727747e-10,7.844163144553329e-13,1.0,2
6,3.6966605991561866e-12,6.010180200743953e-12,6.017508933938539e-16,2.416137595713779e-14,3.7827985188698676e-10,5.619127125405798e-13,1.0,2
6,4.381544606302246e-12,3.5946109370327277e-12,3.2537031604254116e-16,2.024484638089852e-14,7.638679688781734e-10,2.2726029500104441e-13,1.0,2
6,7.389165668225672e-12,3.4953932109837986e-11,5.888953684742568e-16,1.4266977424221182e-14,1.1534650568023608e-08,3.7436026500969893e-13,1.0,2
6,2.6417142778845104e-11,1.7622944770145918e-10,3.415581585738872e-15,8.625399521141817e-14,9.52933287834412e-09,7.180875360481009e-13,1.0,2
6,2.814095527783889e-12,2.2309062149700187e-12,3.334663628315161e-16,1.4933536449535795e-14,4.913189854960365e-10,6.184861108503303e-13,1.0,2
6,1.0187405525283537e-13,3.430634411532435e-13,2.9603809778343922e-18,2.4805328096606663e-16,2.5822385896212547e-10,2.4489818064633333e-14,1.0,2
6,8.141934934417784e-13,1.3555101052026286e-12,1.4458000413599977e-17,1.150690023680231e-15,9.281544421924081e-10,4.3727073014993706e-14,1.0,2
6,2.630825516204e-13,1.0627994794995545e-13,1.6864470647586198e-17,1.7286822252387526e-15,8.334451878644343e-11,8.732401466423485e-14,1.0,2
6,8.73872100983636e-13,2.655092671329657e-13,9.840490629766051e-17,1.010076032282323e-14,1.0330909738787142e-10,4.870161348854984e-13,1.0,2
6,1.884892198919519e-12,1.2289324289108117e-12,5.896732094176323e-16,5.3302875351393664e-14,1.880409161714169e-10,1.099158633034725e-12,1.0,2
6,1.8295601307821013e-13,1.470702032380089e-12,1.0045301211178667e-16,1.8932351888469034e-14,1.8882767571781758e-10,2.2280473906816092e-13,1.0,2
6,1.600895251866602e-13,3.2263454061154384e-12,8.510357735001181e-17,1.5644600279965046e-14,2.43256276233339e-10,1.325220722004847e-13,1.0,2
6,8.373524448693563e-14,2.6432855470409637e-12,1.555786442380356e-17,3.675121374623535e-15,2.3983737218458145e-10,5.914907642455211e-14,1.0,2
6,4.8228582179331645e-14,2.5900395109884618e-12,6.2025774272819265e-18,2.0861834920557444e-15,4.6440551404458574e-10,2.5341247112883883e-14,1.0,2
6,9.690757311192622e-13,4.588976074137996e-11,6.645623568997004e-16,9.131671113715713e-14,1.6610617326051622e-09,5.920768432823853e-13,1.0,2
6,1.0715934433205845e-12,6.023274327221495e-12,8.61100788079655e-16,1.9925592209188441e-13,4.3379261294163024e-10,3.3859034825022005e-13,1.0,2
6,6.77843604813752e-14,1.9205182149456546e-12,2.2856450868762333e-16,4.6520865501845094e-14,2.5476898368737006e-10,1.3491898570583416e-13,1.0,2
6,5.740664020537078e-13,1.3866055005584688e-11,4.352443647598911e-15,3.2858766163719466e-13,4.50401521634447e-10,1.1311182025741662e-12,1.0,2
6,3.747469348724941e-12,1.4567298756151814e-11,8.644949719190803e-14,5.547344701650747e-12,8.819476815524752e-10,6.930339982447187e-12,1.0,2
6,8.352166343521956e-14,3.5637251071148073e-13,1.6814767614509152e-15,9.078961269847613e-14,7.058962442352268e-11,4.784753322717439e-13,1.0,2
6,1.996911750540287e-13,1.1836897781392075e-11,5.613475806285013e-15,1.6415560859413258e-13,1.3817300081875314e-10,6.865775851495892e-13,1.0,2
6,1.3502133439091679e-11,4.5970536405315337e-11,3.088715264457087e-13,1.7530777177143797e-11,1.3525086606236412e-09,3.793090407738786e-12,1.0,2
6,1.9671510947949497e-11,8.429174025437192e-11,1.208742524475004e-12,1.0996881877334276e-10,4.3244935410413627e-10,2.142824112594255e-12,1.0,2
6,2.443941403418304e-11,1.2684250351446824e-11,3.164338908089037e-13,3.171230292253746e-11,4.690801636009212e-10,1.0726444689065917e-12,1.0,2
6,1.609660599255491e-10,2.1326124199916308e-10,2.2291790809092493e-12,8.744114460279562e-11,9.784943522106461e-09,6.047229557382128e-12,1.0,2
6,2.291333962844977e-11,7.308169347464144e-11,4.4771993187517355e-13,1.935187253498949e-11,1.2163416940325076e-09,2.011745587823799e-12,1.0,2
6,8.09441125237953e-10,2.1690005347352326e-09,4.881788983474023e-12,7.900342186006881e-11,1.646458080983848e-08,8.08431186577474e-12,1.0,2
6,9.753708951620863e-10,5.6940354653534095e-09,1.6610790867788158e-11,1.464422333397053e-10,1.1267386135216384e-08,1.2854198608303058e-11,1.0,2
6,8.497164777354627e-11,1.2625921419484596e-09,5.579210270861834e-12,3.557426575540035e-11,2.5224753397168342e-09,1.146499301746262e-11,1.0,2
6,3.0778941617626283e-09,1.0034946740233865e-07,1.5920696705418178e-10,3.1204702710674326e-10,9.289876601314973e-08,1.0185399051954036e-10,0.9999997615814208,2
6,7.503862420321639e-09,1.9766811476529258e-07,3.6026026606350564e-10,3.2843830433115784e-10,1.470206001386032e-07,7.733935020182159e-11,0.9999996423721312,2
6,6.26103557888058e-10,6.790345175033963e-09,8.485433709848333e-12,8.41088171332771e-11,1.1093315599453037e-08,1.3040619799287168e-11,1.0,2
6,3.340602263129239e-13,5.616925327633915e-11,7.937073951368428e-15,3.2868545667315285e-13,8.940419238268049e-11,2.6481033620247285e-13,1.0,2
6,1.0931065948238672e-11,1.9025194614163965e-11,1.0256384500376137e-13,2.615900985408759e-12,7.921784062059345e-11,1.0836751418094592e-12,1.0,2
6,3.7677705400085415e-10,1.393531540161419e-10,5.1713151989762896e-12,3.931925618427812e-11,3.753711230736201e-10,2.976754953643024e-11,1.0,2
6,2.294877760045111e-10,8.49524006696356e-10,7.140043764564119e-12,2.392309614296373e-11,1.1649394782153875e-09,3.3297278129174046e-11,1.0,2
6,1.0578710130104696e-09,4.7341450759574855e-09,5.67014546426492e-10,4.691553256996882e-10,1.2955102546285955e-09,1.4281598126331119e-10,1.0,2
6,7.201512303156575e-11,3.0574318077292157e-10,1.7541958163835858e-10,1.1922393627905592e-10,6.904891935999302e-11,1.1568939382866628e-11,1.0,2
6,6.801968988057182e-10,2.6796151963992543e-09,4.7443959871884545e-09,1.1945162636806115e-09,4.4598533199824425e-10,3.4872041365652246e-10,1.0,2
6,6.921984652130674e-10,1.6935205238155504e-08,5.8044911099841565e-09,1.0588016019497104e-09,1.5854949575455635e-09,3.3607064353624594e-10,1.0,2
6,1.036565389078703e-09,1.407012373277894e-08,5.415069992409372e-08,3.407354398632378e-09,2.305408086655802e-09,1.5502794881161464e-10,1.0,2
6,5.1557997871043434e-09,3.536928749880985e-09,3.097165404142288e-07,2.074928140416432e-08,1.1497255369974366e-09,5.14282338937022e-10,0.9999996423721312,2
2,0.0001359588641207,4.3630927393678576e-05,0.9709780812263488,8.52599841891788e-05,4.169768317296985e-07,3.822873168246588e-06,0.0287527609616518,2
2,4.989544322597794e-05,6.909472176630516e-06,0.9992284774780272,2.0284376660129052e-05,3.327760467186636e-08,3.119302505183441e-07,0.0006940380553714,2
2,2.6883359169005416e-05,3.646673576440662e-06,0.999873161315918,3.0134665394143667e-06,1.0675105244217777e-08,2.475947553648439e-07,9.295671043219043e-05,2
2,1.0118452564711331e-06,2.811420927173458e-06,0.9989103078842164,3.271987907282892e-06,1.4686766469651502e-08,1.6245982124019065e-06,0.0010808362858369,2
2,1.6227882042585406e-06,1.5191291140581598e-06,0.9997480511665344,8.909049029171001e-06,4.4277816968474334e-09,1.87359162850953e-07,0.0002396802592556,2
2,2.782001502055209e-05,8.845671800372656e-06,0.99956876039505,4.9653077439870685e-05,5.680444559175157e-08,2.878927602978365e-07,0.0003445727343205,0
2,1.4883243238728028e-05,3.1025153930386296e-06,0.9990647435188292,1.9087021428276785e-05,2.867418125163113e-08,6.559296821251337e-07,0.0008974850643426,0
2,9.122575761466578e-07,3.559358958682424e-07,0.9999688863754272,3.669707666631439e-06,3.2353333345724877e-09,1.4859905661523953e-07,2.596418016764801e-05,0
2,8.275973186755436e-07,1.450611193831719e-06,0.9997755885124208,4.0112805436365306e-05,2.7629175392007713e-08,1.0096641744894441e-07,0.0001819276367314,0
2,7.343624730538069e-08,4.109412543584767e-07,0.99993634223938,3.15828037855681e-05,9.889573604482391e-10,2.4774820417405863e-08,3.148473842884414e-05,0
2,1.6625747889520426e-08,1.8086545594542258e-07,0.9999849796295166,6.62887896396569e-06,4.0604647422171064e-10,1.0547630324708734e-08,8.188516403606627e-06,0
2,1.932174313878932e-07,7.21352506616313e-08,0.99998676776886,5.5800310292397626e-06,6.03369854079716e-10,2.9970014026048375e-08,7.25714835425606e-06,0
2,7.041150240638673e-08,4.4372502117084884e-08,0.9999933242797852,3.179499572070199e-06,2.4093016470772e-10,1.747480027347592e-08,3.28755868395092e-06,0
2,7.644264776729415e-09,2.8495600545852543e-08,0.9999961853027344,1.785041717994318e-06,5.417726683942803e-11,7.846064242755801e-09,1.9785898075497244e-06,0
2,4.031781770663656e-07,2.227139077604079e-07,0.9999821186065674,6.532483894261532e-06,1.3896930273205044e-09,2.3793742087718783e-08,1.0708088666433468e-05,0
2,3.618354753598396e-07,9.566450387410441e-08,0.9999960660934448,2.10805842471018e-06,3.241583945712278e-10,1.3673224330545965e-08,1.2948697758474736e-06,0
2,7.267190405002566e-09,3.1685345902587876e-08,0.9999988079071044,4.504850039666053e-07,5.959777810149447e-11,4.057356672859669e-09,7.117760105757043e-07,0
2,2.67975593715164e-07,4.171542968833819e-07,0.9999905824661256,2.616732672322541e-06,1.5946939324607e-09,2.3156735196039332e-08,6.04008437221637e-06,0
2,1.114649649025523e-06,5.904377644583292e-07,0.9999874830245972,4.316615559218917e-06,1.8195600581805134e-09,1.5937532182874747e-08,6.5593435465416405e-06,0
2,3.177702581069753e-07,2.1081393697386375e-07,0.9999806880950928,1.3623093764181249e-05,7.691118297792342e-10,6.533224627958134e-09,5.165183665667428e-06,0
2,1.426747218147284e-07,2.7051557438539934e-08,0.9999948740005492,2.482104264345253e-06,4.85093465396602e-10,6.258152662752536e-09,2.4814273729134584e-06,0
2,4.763103689242598e-08,1.7786540240649632e-08,0.9999942779541016,1.4630908253820962e-06,5.05619268675872e-10,8.867520051580868e-09,4.245367108524079e-06,0
2,1.1135914945725744e-07,8.074588109252545e-09,0.9999908208847046,7.083915534167318e-06,2.540397614492207e-10,7.676368873887895e-09,1.909488673845772e-06,0
2,4.4710468500852585e-06,3.5042646118199634e-08,0.999691367149353,0.0002970595669467,2.6810026199086682e-08,1.5760464577851965e-07,6.94017171554151e-06,0
2,3.590661208363599e-06,3.0466349443258878e-09,0.999929428100586,6.479783041868359e-05,2.570751789221504e-08,1.1031356734747533e-06,1.0525310472075944e-06,0
2,1.782457002263982e-05,8.003053775240686e-10,0.9999599456787108,1.516238262411207e-05,1.5852419821271724e-08,6.4628757172613405e-06,5.742909934269846e-07,0
2,1.056624205375556e-05,4.8145349929029635e-09,0.9999544620513916,3.122721318504773e-05,7.904497500987873e-09,4.305341860799672e-07,3.2684929465176538e-06,0
2,1.301859470004274e-06,1.9245876003992635e-09,0.9999464750289916,4.928223279421218e-05,3.949396809588279e-09,4.296369979783776e-07,2.477561793057248e-06,0
2,3.350854740347131e-06,1.4291995364956731e-09,0.9998879432678224,5.4215714044403285e-05,3.659996528071474e-09,1.200869178319408e-06,5.330416388460435e-05,0
2,1.6116018741740843e-06,3.2584754339204375e-10,0.9999347925186156,5.446950672194362e-05,3.4108513791153423e-09,1.5054595223773504e-06,7.546516826550942e-06,0
2,3.8958918935350084e-07,2.16272638686732e-10,0.9998941421508788,9.25411659409292e-05,4.9522892453524045e-09,1.0102293117597585e-06,1.196516132040415e-05,0
2,5.465218237077352e-06,1.742499811108189e-09,0.9997262358665466,0.000240992027102,1.579505770621381e-08,1.0218851684840049e-06,2.6171999707003124e-05,0
2,1.6258140931313392e-06,1.0161947949782755e-09,0.9997009038925172,0.0002803246316034,6.807153507537578e-09,4.113694274110458e-07,1.666685966483783e-05,0
2,2.218382064711477e-07,1.343169131473587e-09,0.999923825263977,7.520652434322983e-05,3.128148406972286e-09,2.0151266255652445e-07,4.719220783044875e-07,0
2,6.241134720141872e-09,3.7428635191183446e-10,0.999991774559021,8.175392395060044e-06,6.41836167547538e-11,2.7398185054039462e-08,4.769765027390349e-08,0
2,8.752461866379235e-08,1.3323261383035854e-09,0.9999550580978394,4.466274185688235e-05,7.816998714993416e-10,4.868162761795247e-08,1.1054592619075265e-07,0
2,1.7960685383400232e-08,1.1672627309167184e-08,0.9998421669006348,0.0001570358435856,1.8930955414386827e-10,1.6798317181709874e-09,7.258407208610151e-07,0
2,2.688670619477307e-09,4.594075786457097e-09,0.9999918937683104,8.018178050406277e-06,2.1573619626846785e-11,5.37533073607932e-10,1.7435201016269278e-07,0
2,1.6636905186828699e-09,2.1417163598158595e-09,0.9999905824661256,9.269339898310136e-06,5.154309704741289e-12,3.7160274857228615e-10,7.87351908115852e-08,0
2,1.8549124736200184e-10,1.1278162848071815e-09,0.9999990463256836,9.951717174772057e-07,4.087698061983058e-13,1.9124218875177235e-10,2.512510732799456e-08,0
2,2.3782788503012853e-06,7.081466080194332e-09,0.9999927282333374,4.86510634800652e-06,4.1223458674410907e-11,1.6333397967471795e-09,5.2985690501827776e-08,0
2,3.83890181865354e-08,7.04854230537677e-10,0.9999984502792358,1.5128827044463833e-06,3.8463182291947895e-12,8.59566084976393e-10,1.3129869635974956e-08,0
2,1.3424388267679888e-09,2.556538869491476e-10,0.9999997615814208,1.9846281418267608e-07,2.542481741633907e-13,2.332590787190725e-10,3.950602067703812e-09,0
2,1.7841985666677832e-08,6.165128407786823e-10,0.9999996423721312,3.23204062624427e-07,1.654027500901101e-12,1.0002507710993314e-09,6.797405749381369e-09,0
2,4.5017123362356415e-09,5.482560516689715e-10,0.9999991655349731,8.123330417220131e-07,9.64799963011631e-13,8.484432600930346e-10,5.786490397952093e-09,0
2,6.616810566129061e-08,3.370959511528326e-09,0.9999958276748656,4.034377980133286e-06,5.749694557272145e-12,1.977433328193001e-09,6.396468688052437e-09,0
2,1.1376371844562529e-07,1.4221021027438494e-09,0.9999983310699464,1.5831666360099916e-06,1.126378330884581e-11,3.737717690910358e-09,1.1110045328166508e-08,0
2,1.0422407115129317e-07,5.8693645499374725e-09,0.9999984502792358,1.4552580296367523e-06,1.3418084351957129e-11,1.9062062150965176e-08,5.912149880771267e-09,0
2,9.649605559047814e-09,1.2530768644936072e-09,0.9999996423721312,3.726727868524904e-07,2.290899241141897e-12,1.3733099102353208e-08,2.1360853086349607e-09,0
2,1.4708662376961001e-07,4.9588178008264094e-09,0.9999984502792358,1.3562221283791589e-06,7.800558810000524e-12,9.709194870310969e-08,8.625457681432636e-09,0
2,1.8700193393783596e-08,5.6676601190019944e-08,0.9999953508377076,4.464543962967582e-06,1.3694752797055454e-11,8.10323257383061e-08,2.153450751052333e-08,0
2,0.0103272125124931,2.667236913111992e-05,0.9886616468429564,0.0009616176248528,9.253722055291293e-08,2.437367584207095e-06,2.033536111412104e-05,0
0,0.9999347925186156,1.0217576829063547e-07,4.865801747655496e-05,1.6379997759941034e-05,1.329104293290584e-08,2.1188125032267635e-08,6.43233164510093e-08,0
0,0.9999836683273317,9.027638192549148e-09,3.2070533961814363e-06,1.3043319995631464e-05,1.1422260470794754e-08,1.758305678833949e-08,4.260397190591903e-08,0
0,0.999993085861206,2.670866194875998e-09,1.44787873068708e-06,5.440277163870633e-06,6.568240173976392e-09,6.684284681313102e-09,1.2641496738297062e-09,0
0,0.9999959468841552,3.0519689886432395e-08,5.273191732158011e-07,3.5752188978221966e-06,1.5009653964170866e-08,4.447274104535381e-09,5.532569513633234e-09,0
0,0.9999940395355223,1.456010352285375e-07,3.49640481545066e-06,1.92202264770458e-06,4.33319975456925e-08,2.401437626531333e-08,2.856774301562837e-07,0
0,0.9999876022338868,1.8184535122145465e-07,4.1879470700223465e-06,7.30395868231426e-06,3.7271007613526315e-08,1.3925776976009274e-08,6.420765998882416e-07,0
0,0.9999979734420776,1.5863244939851032e-08,5.2839652653347e-07,1.4438139714911813e-06,1.1974662150748829e-08,7.691709491552956e-09,2.6909914296879837e-08,0
0,0.9999914169311525,1.9478306967357643e-08,7.94776678958442e-06,4.959723582942388e-07,2.052795045059952e-09,3.4370913226666744e-08,1.889920042685844e-08,0
0,0.999992609024048,3.2352389212064736e-08,6.334671070362674e-06,9.711568509374049e-07,2.995068859590333e-09,2.7667924840102387e-08,1.1327507820624304e-08,0
0,0.999997615814209,1.6570240291002847e-08,1.3135945664544124e-06,1.046230750034738e-06,4.890619909048155e-09,1.0138133887949152e-08,3.983561036591254e-09,0
0,0.9999992847442628,4.718024193550718e-09,2.912834702328837e-07,4.485248723540281e-07,1.4438564788221695e-09,4.319522073359394e-09,3.950560434340389e-10,0
0,0.9999960660934448,3.785385516152928e-08,3.145095433865208e-06,7.850442784729239e-07,7.783818034567958e-09,1.5609236569957833e-08,9.036168480136552e-10,0
0,0.9999885559082032,1.3045895741470306e-07,1.034257820720086e-05,9.292736535826408e-07,1.976153107818845e-08,2.3015605421505825e-08,1.8484027641818559e-09,0
0,0.9999908208847046,2.521794506549213e-08,8.851526217767969e-06,2.732253392423445e-07,3.677553150893687e-09,1.6346778153319974e-08,2.776782137559053e-10,0
0,0.9999979734420776,1.6133968827602985e-08,1.79160269908607e-06,2.3699760731688002e-07,3.6105505252237435e-09,1.0332811051227964e-08,3.7133982000447924e-10,0
0,0.9999947547912598,5.320535123587433e-08,4.3676054701791145e-06,7.730624247415108e-07,1.0010250406367051e-08,6.509856653735824e-09,1.0641714176529151e-09,0
0,0.999996781349182,5.891700638471775e-08,2.4144131316461426e-07,2.884658897528425e-06,3.9846767663220823e-08,1.1377460085171263e-09,6.233715210690605e-10,0
0,0.9999969005584716,7.45197112905771e-08,1.965815528137682e-07,2.816192136378959e-06,2.1730155452814873e-08,1.420145667729855e-09,4.921343887964723e-10,0
0,0.9999991655349731,1.6705516969750533e-08,2.982353635161417e-07,4.148303105466767e-07,3.352478517015811e-09,2.325442727268978e-09,6.860950141351906e-10,0
0,0.9999985694885254,2.7944299318960475e-08,8.396444854952279e-07,5.670768814525218e-07,4.349156146332689e-09,5.266525882063888e-09,1.1918449560610611e-09,0
0,0.999995231628418,3.675306103900766e-08,1.8729891735347335e-06,2.8566130367835285e-06,5.345323739192054e-09,4.550755772214643e-09,3.59538110394908e-09,0
0,0.9999958276748656,1.963625884116027e-08,1.6234952227023314e-06,2.4709377157705603e-06,1.7977077604314216e-09,2.6740745173725604e-09,7.537280799496671e-10,0
0,0.9999974966049194,1.109443026336976e-08,1.2435135943178466e-07,2.3244647309184074e-06,4.119618868259067e-09,1.6568420246887428e-10,3.6497273953051135e-11,0
0,0.9999994039535522,3.2724714049692243e-09,1.1501580132744492e-08,5.867462391506706e-07,2.9096860476585107e-09,8.07675870628799e-11,4.402896450206306e-12,0
0,0.9999992847442628,4.808104470122031e-10,5.473223207985711e-09,6.807925956309191e-07,1.3491555650446683e-09,5.825509519219452e-11,2.90467953509288e-12,0
0,0.9999997615814208,2.156324008240062e-09,1.6305040873021426e-08,2.0895085128813665e-07,4.571421019505806e-09,2.4180227264913867e-10,2.2337255309312628e-11,0
0,0.9999998807907104,1.849580488766378e-09,2.894361905703136e-08,9.924773536340581e-08,8.930417516594956e-10,3.3032498958363016e-10,2.0749728324442884e-11,0
0,1.0,6.352200432324651e-10,2.258133768862081e-08,1.0960540919313644e-08,3.1796870691991325e-10,6.876584857096191e-10,1.3544228238959732e-11,0
0,0.9999998807907104,3.7164114008447772e-09,9.228348574197298e-08,2.1089791246708955e-08,1.6009044090381506e-09,4.703067713052178e-09,3.2667904492633676e-10,0
0,0.9999986886978148,2.3385643643791812e-08,1.2812625982405734e-06,1.8649391364533585e-08,2.535166965245139e-09,1.4297294015364061e-08,2.1562640561967328e-09,0
0,0.9999991655349731,3.432302975170387e-08,7.287493986041227e-07,3.8184136741392656e-08,7.914023214539156e-09,1.1134451582961448e-08,1.7659751438969804e-09,0
0,0.9999998807907104,2.2488952922117278e-09,7.653941480612049e-08,5.2852726639684995e-08,3.1475089201649102e-09,3.8625698195460245e-09,4.684256316167533e-10,0
0,0.999998927116394,6.084741599465815e-09,1.116739326789684e-06,2.474959082121586e-08,1.7803483132183826e-09,1.125270543411716e-08,4.1388395488617386e-10,0
0,0.9999997615814208,9.4195096167482e-10,1.85715421707755e-07,4.629782335285881e-09,2.3296384266124903e-10,1.534467664043859e-09,3.493692835032647e-11,0
0,0.9999998807907104,8.677957796798808e-10,1.2243042135651194e-07,7.482326758179171e-09,2.5387156266099003e-10,2.2482435912962732e-09,5.113107159893104e-11,0
0,0.9999997615814208,1.4945766846352624e-09,1.8005545143751078e-07,4.268640552140823e-08,1.4806452730553588e-09,2.910952812129608e-09,8.383619493068649e-11,0
0,0.9999974966049194,2.849758207190689e-09,2.561702558523393e-06,3.112851487685475e-08,2.303626622790489e-09,1.730307275238374e-08,4.916177465119631e-10,0
0,0.9999998807907104,3.592491193415981e-09,5.944104231048186e-08,1.6479912545719344e-08,3.620204580556674e-09,1.5041428103046426e-09,1.7968466992090979e-10,0
0,0.9999998807907104,7.789460632068312e-09,1.5631367489277181e-07,1.384247649838244e-08,4.979904488777721e-09,3.858932284828143e-09,2.2253153486584407e-10,0
0,1.0,3.588759067696401e-09,4.010002285781411e-08,9.998776917541365e-09,1.7004891716965176e-08,3.972522755191221e-09,1.005306171641962e-09,0
0,0.9999996423721312,6.09218986369342e-09,3.848420533358876e-07,3.085812849690228e-08,5.105259859305989e-08,1.636008484240392e-08,1.206601707437471e-09,0
0,0.9999991655349731,5.738218789019811e-09,5.53659845081711e-07,7.311130190146288e-08,8.826125963423692e-08,4.1261309036144667e-08,4.404632658605578e-09,0
0,0.9999995231628418,4.226307304122656e-09,3.101841343777778e-07,8.705914211759591e-08,5.8965511584574415e-08,1.5290048338556517e-08,1.4006356074958146e-09,0
0,0.9999998807907104,3.6091782340541556e-10,1.2558933804029948e-07,1.7797873397285002e-08,1.0013470941316882e-08,6.425254550634918e-09,2.274895827270029e-10,0
0,0.9999997615814208,1.3214389305016283e-10,6.19208719854214e-08,4.8610225178435946e-08,9.243246168466612e-09,2.8260092932441694e-08,3.900202730222624e-11,0
0,1.0,4.011824553118437e-11,1.0348787604641531e-08,3.1319149496056294e-09,1.706059848949337e-09,1.4424764493981002e-08,4.515737436761036e-11,0
0,0.9999998807907104,2.5073590426138987e-10,1.1229715823901645e-07,1.0820889073670514e-08,6.740162206142486e-09,2.435596435645948e-08,1.6349472886645342e-09,0
0,1.0,1.6581898354406374e-10,5.9493562076795576e-08,4.602146663756912e-09,1.3473308024813944e-09,7.922608347143978e-09,7.860016804084323e-11,0
0,1.0,1.9737064760327883e-10,1.3479046323539023e-08,2.1794477333969556e-08,2.2350162609541258e-08,6.186950507469646e-09,2.671443621871105e-10,0
0,0.9999995231628418,1.8404898716184446e-09,1.7070144053832337e-07,6.99944209259229e-08,2.649944406130089e-07,3.4053922348675776e-08,6.830519261313839e-09,0
0,0.9999998807907104,1.2008975411315069e-11,1.6015994219742424e-07,2.0716463211556402e-08,4.4031381318809787e-10,2.399482923465257e-08,1.0360132890463447e-10,0
0,0.9999997615814208,4.7500309241499394e-11,1.325660576867449e-07,1.1071229266690354e-07,4.8623918225132465e-09,2.1425583085488146e-08,1.758628354053826e-09,0
0,0.9999998807907104,4.196968467207185e-11,1.3965468781407253e-07,1.8242888089048392e-08,2.8717157540825156e-09,2.3469544530030362e-08,1.3198125925484303e-09,0
0,0.9999997615814208,1.448142439297584e-10,7.091873754916378e-08,7.04033595866349e-08,1.4000491432852868e-08,3.5493862071689364e-08,4.53030918334818e-10,0
0,0.9999990463256836,4.619215773771224e-11,5.84500810418831e-07,2.0405305889426018e-08,1.5180480206211655e-09,2.9838099635526305e-07,5.362763011440562e-10,0
0,0.9999990463256836,3.467990131178489e-11,1.223602765776377e-07,1.0918366655232604e-07,1.879867816967362e-08,7.590095947307418e-07,1.1174224046062163e-10,0
0,0.9999984502792358,6.235993665892892e-11,1.4382193569417725e-07,3.589383368307608e-07,4.4637321394702674e-08,1.1156180335092358e-06,5.157017521351115e-11,0
0,0.9999932050704956,2.0477617379555113e-09,4.868689984505181e-07,3.230810307286447e-06,8.780029361332709e-07,2.2365320546668954e-06,2.477299199110661e-10,0
0,0.9999860525131226,4.860283286944878e-10,2.0560765534582973e-08,1.1998914715150022e-06,1.104763214243576e-05,1.632559019526525e-06,6.282911413357795e-10,0
0,0.9999910593032836,1.7544210528797066e-10,3.7049804291200417e-07,6.817459734520526e-07,3.004184065957816e-07,7.501226718886755e-06,5.5825583739066425e-11,0
0,0.9999897480010986,3.8449760042524867e-10,3.41828649652598e-06,2.8395496087796346e-07,4.2240603903564995e-08,6.469049822044326e-06,5.937269426103953e-11,0
0,0.9999977350234984,5.1110296550582746e-11,3.948059656977421e-07,1.707047374566173e-07,2.5028983330344093e-08,1.772256496224145e-06,2.8246573482992865e-11,0
0,0.9999982118606568,6.559165710573467e-11,2.1725203680489363e-07,3.0079465318522125e-07,4.122933106032178e-08,1.2465404779504752e-06,5.401281158445848e-11,0
0,0.9999940395355223,3.302675910532571e-10,4.989187800674699e-07,7.553037448815303e-07,3.309118881134055e-07,4.413227543409448e-06,7.705533433544076e-11,0
0,0.999996542930603,3.9735986723243855e-10,2.560834388987132e-07,5.359705141927407e-07,4.697050428603689e-07,2.154086132577504e-06,1.366549928771832e-10,0
0,0.99999737739563,1.1078015171861464e-09,2.1332856192657346e-07,3.7064421576360473e-07,6.304335329332389e-07,1.4311790437204763e-06,6.786168293970717e-10,0
0,0.9999990463256836,1.7251434655807252e-11,1.81884978189828e-08,4.671943543144153e-08,3.5852611546260966e-08,9.396144946549612e-07,6.571966928992089e-12,0
0,0.9999992847442628,5.915499340369834e-11,1.363586363822833e-07,4.4604590243579885e-08,4.644311157875336e-09,5.804952252219664e-07,2.2031827751067823e-11,0
0,0.9999992847442628,1.358922974148413e-09,5.009648589293647e-07,1.949433965364733e-07,3.637638190667758e-09,6.980735633987933e-08,1.1582255154962695e-09,0
0,0.9999971389770508,2.9891602082443576e-08,2.0473901258810656e-06,7.407890052490984e-07,3.507481638465037e-09,2.772817175866749e-08,2.665487608410899e-09,0
0,0.9999873638153076,7.488657729481929e-07,8.588512173446361e-06,3.032767835975392e-06,1.0927781346481424e-07,9.679114754135298e-08,3.5002582166043794e-08,0
0,0.999993085861206,1.796001356524357e-07,5.730645625590114e-06,8.873643082552007e-07,3.9189291811680966e-08,7.119542289046876e-08,5.5245181762586534e-09,0
0,0.9999914169311525,5.178726496524177e-07,5.117467935633613e-06,2.9256698326207697e-06,3.259403058564203e-08,2.7605745245296024e-08,2.88222885558298e-08,0
0,0.999981164932251,4.973812224307039e-07,8.88424528966425e-06,9.186397619487252e-06,8.348769142685343e-08,8.35343669791655e-08,1.0006034045773049e-07,0
0,0.9999599456787108,9.823860409596818e-07,2.511348066036589e-05,1.3489302546076942e-05,9.834869985070328e-08,6.042410660711539e-08,2.444076869778655e-07,0
0,0.9999945163726808,9.404622858255608e-08,1.6317665085807675e-06,3.729878926606034e-06,1.8313734528874196e-08,2.4547748722625332e-08,3.391806169261713e-09,0
0,0.9999923706054688,1.1662902466014204e-07,1.5463519957847891e-06,5.96019117438118e-06,9.919282284442945e-09,1.60313291530656e-08,3.3153204626046318e-09,0
0,0.9999730587005616,1.8475829222097678e-07,8.565591997466981e-06,1.8146058209822517e-05,7.523440537227088e-09,2.166664891944947e-08,1.2726723674916231e-08,0
0,0.9999828338623048,8.075016921793576e-07,5.989285455143545e-06,1.0089292118209414e-05,7.075716013105193e-08,2.45542981502922e-08,3.53676306019679e-08,0
0,0.99998140335083,1.0803809118442589e-06,3.821333393716486e-06,1.352659091935493e-05,3.2648891590270075e-08,1.6016391768403082e-08,1.693523614676451e-07,0
0,0.9999966621398926,1.0001399886050423e-07,9.424184668205272e-07,2.2855483621242456e-06,8.421038977246553e-09,6.119913464885941e-09,3.495585154666969e-09,0
0,0.9999985694885254,1.3201231752191236e-07,6.370810012867878e-08,1.1303985729682609e-06,2.3040431784693286e-08,3.155866457049683e-09,3.9973180321339904e-09,0
0,0.9999984502792358,2.4636028328473003e-08,1.341168882618149e-07,1.4172330793371657e-06,1.8489579645120106e-08,1.0923958626563037e-08,1.9320669508715586e-08,0
0,0.9999997615814208,2.571397095252337e-09,3.333625597790046e-09,2.779709689093579e-07,1.2141306626745065e-08,4.68249605756199e-10,2.4728305514365445e-10,0
0,1.0,1.6681570014220879e-10,1.1414665879172503e-09,2.1601868738230223e-08,1.0892157176201067e-09,3.8463429663515564e-10,2.1431032296015395e-11,0
0,0.9999990463256836,9.068245709897838e-09,1.701497467365698e-07,8.45887370815035e-07,1.058736476267086e-08,2.8286535336263796e-09,2.836400891936819e-09,0
0,0.99999737739563,7.964555237549575e-09,2.37794279200898e-06,2.289434348767827e-07,1.723290621313822e-09,3.633576284300944e-08,1.7972683341582751e-09,0
0,0.9999969005584716,1.8612836072406933e-07,9.440406643079768e-07,1.9388714918022742e-06,9.0058644985902e-09,1.888009926176437e-08,1.1969738977768431e-08,0
0,0.999997854232788,1.8345506447303705e-08,6.112811092862103e-07,1.5162530644374783e-06,3.357433664419318e-09,1.6901188004680993e-08,1.245165304197826e-08,0
0,0.9999927282333374,8.832586217977224e-08,1.5303103282349184e-06,5.546040938497754e-06,2.5317367757793363e-08,4.42358327745751e-08,3.8197438101406085e-08,0
0,0.9999948740005492,7.158511294846903e-08,6.93778758886765e-07,4.303177775000222e-06,1.8559683567787036e-08,4.212696680383488e-08,4.2620708740059854e-08,0
0,0.9999932050704956,6.325432622134032e-08,1.1425796486719265e-07,6.656706773355836e-06,3.9886010938516854e-08,4.4289101275296624e-09,4.5998707065564304e-08,0
0,0.99998939037323,2.9743882912214303e-09,1.4511896573310425e-08,1.054793392540887e-05,1.2010151095864785e-08,7.067648133407545e-10,1.4045942187124183e-09,0
0,0.999969244003296,7.880498031909156e-09,1.157948403829323e-08,3.072999243158847e-05,2.4611354731973734e-08,8.478112656362669e-10,1.9682595553405235e-09,0
0,0.999970316886902,2.517244723776457e-08,1.48189913673491e-08,2.9631344659719616e-05,3.7628939963951786e-08,1.3070650117796843e-09,9.058870320544087e-10,0
0,0.9999881982803344,1.814086836304796e-08,2.8083627867658837e-08,1.175638954009628e-05,3.136536719239302e-08,1.877273891892628e-09,2.4242905460880593e-09,0
0,0.999990463256836,8.522189176574103e-08,4.183087582987355e-07,8.815316505206283e-06,6.175528710627988e-08,1.0951951345816724e-08,4.130346908937099e-08,0
0,0.999991536140442,4.3432091700879034e-08,5.0401045115222594e-08,8.224265002354514e-06,9.625470198670882e-08,3.8675724844949855e-09,1.0507640091361736e-08,0
0,0.9999986886978148,2.3527231274300675e-09,3.262057290953635e-08,1.3525050235330127e-06,2.3565059237284917e-08,9.31267596371299e-09,2.7458684215275753e-09,0
0,0.9999936819076538,7.68836656561689e-08,9.756411145644961e-08,5.839787718286971e-06,9.625123453815833e-08,3.371492418580146e-09,8.481627844503238e-08,0
0,0.999997615814209,6.402095298341237e-09,3.917450364099295e-09,2.403008920737193e-06,3.3239629715353665e-08,7.696516202138071e-10,5.4624829104454875e-09,0
0,0.9999949932098388,1.6294042781694882e-09,9.866338857023036e-10,4.872792942478554e-06,1.7764998005986857e-07,6.524137341479275e-10,4.586280244467389e-09,0
0,0.9999966621398926,2.2473787275600902e-09,4.569593592407273e-09,2.722264980548061e-06,5.520604418052244e-07,2.725263348324347e-09,4.140144937991863e-08,0
0,0.9999841451644896,1.4934000702737652e-08,1.3413581356758184e-09,1.4980381820350884e-05,8.85870747424633e-07,8.95135465750485e-10,6.088971105100427e-09,0
0,0.9999806880950928,7.951418723450844e-08,1.887380847165332e-07,1.8912907762569372e-05,8.742558321728212e-08,1.3989439828776541e-08,1.7752812553339936e-08,0
0,0.9997169375419616,6.392509135366709e-07,6.982782565501111e-07,0.0002787418488878,1.8357135331825705e-06,4.419125332333351e-08,1.0967946764139924e-06,0
0,0.9999276399612428,1.5295999844511246e-07,9.999317285291909e-08,7.085139804985374e-05,1.1762141411963969e-06,2.0284257828961927e-08,2.997778736357759e-08,0
0,0.9999184608459472,1.0918590476194369e-07,2.2716920966558973e-07,8.090036135399714e-05,2.875211748687434e-07,1.2566063745111933e-08,1.0506130188048246e-08,0
0,0.9999022483825684,1.368107973576116e-07,2.7951912784374144e-07,9.706053242553024e-05,3.696248711548833e-07,7.342531027632049e-09,6.1328662148696375e-09,0
0,0.999919295310974,7.215225394929804e-08,5.881689446596283e-08,7.940705108921975e-05,1.0936989838228328e-06,2.145316591040114e-09,2.11449502351968e-09,0
0,0.9997974038124084,2.280405055898882e-07,3.6163680050549374e-08,0.000199120331672,3.2287919111695373e-06,4.915559070894915e-10,1.0197691580060564e-08,0
0,0.9999916553497314,2.1126657756553868e-08,3.1980565751155154e-08,8.069726391113363e-06,2.379856454126639e-07,2.536387322393807e-09,3.8022687776084746e-10,0
0,0.999996781349182,3.444802132435143e-08,3.109670103640383e-07,2.7330736429576064e-06,8.99903369599997e-08,1.5664127772652137e-08,1.0336144162792491e-09,0
0,0.9999949932098388,7.81204221311782e-08,8.80390700785938e-07,3.681297130242456e-06,7.84062876846292e-08,3.383746900453844e-07,2.478940164252208e-09,0
0,0.9999974966049194,7.899566156766015e-08,3.154602552513097e-07,1.803990699045244e-06,1.1336247496274154e-07,1.955243504880855e-07,3.170415263653581e-09,0
0,0.9999970197677612,1.3561844980358728e-07,6.11110024806294e-08,5.581629238804453e-07,2.080812237181817e-06,1.3096504858367553e-07,1.1375233199828472e-08,0
0,0.9999954700469972,1.6022171678287125e-07,2.05566948352498e-07,6.522781745843531e-07,3.2010377708502347e-06,2.763711108855205e-07,1.4337089737637145e-08,0
0,0.9999990463256836,3.1896124852437424e-08,3.394144982848957e-07,1.780875038548402e-07,8.823717223549465e-08,2.836436294728628e-07,1.1403622490746555e-09,0
0,0.9999979734420776,3.21595052810153e-08,7.185030881373677e-08,2.591347936231614e-07,1.3808684116156655e-06,1.792346751017249e-07,1.4060383968228509e-08,0
0,0.9999992847442628,1.9389702343719503e-10,1.3337121407275274e-09,1.986687436783541e-07,4.233184540680668e-07,8.885922397894319e-08,7.550606362372037e-09,0
0,0.9999971389770508,6.278100528334107e-08,1.4886013843806722e-07,1.209683773595316e-06,5.243945793154126e-07,2.356292299054985e-07,6.464535999839427e-07,0
0,0.9999994039535522,3.338442766676053e-08,9.491184727039581e-08,4.744936177303316e-07,5.4641311919567677e-08,1.6865822516365373e-08,7.635882148804285e-09,0
0,0.9999992847442628,1.1233945329536256e-08,2.7051676454448174e-08,6.615146048716269e-07,2.8595161793987245e-08,5.1242592391531624e-09,5.12314246581269e-10,0
0,0.9999982118606568,2.4237021989392815e-07,2.553715638953236e-08,8.222410201597086e-07,6.128450991127465e-07,1.26414487766624e-08,1.4016613647527265e-07,0
0,0.9999977350234984,3.0195380418263085e-08,4.924066487888013e-08,3.588839945223299e-07,1.429208737135923e-06,2.9453951810864965e-07,5.4217341727280655e-08,0
0,0.9999972581863404,1.3702697287953924e-07,1.186127462915465e-07,9.198981842928332e-07,1.2005046983176726e-06,1.875925619287955e-07,2.316242273536773e-07,0
0,0.9999991655349731,1.699544149857957e-08,2.8817728647823063e-08,4.6365659045477525e-07,3.233189147522353e-07,5.191769503198884e-08,2.7264933422088692e-08,0
0,0.9999994039535522,2.9693107972406092e-09,1.4931474368040656e-07,2.634575082538504e-07,1.6015306414374212e-08,1.6172525363344906e-07,1.9417694119283624e-09,0
0,0.9999994039535522,2.275204025181665e-09,2.603690631985956e-07,1.233182445048442e-07,6.216613446241581e-09,1.934178897045058e-07,2.803217657998402e-09,0
0,0.9999991655349731,5.637759592502789e-09,1.2018455208817613e-07,1.7268227736622069e-07,7.965941506427043e-08,4.4674976606984274e-07,5.168291572488215e-09,0
0,0.9999985694885254,1.436074481553362e-09,1.252369372650719e-07,9.968814396188465e-08,8.320633071434713e-08,1.1477388852654258e-06,6.8528014374180665e-09,0
0,0.9999997615814208,4.728564761968812e-10,3.4947778004834624e-08,6.65765114149508e-08,2.8405350960269974e-08,1.3741887983087508e-07,3.8243177513663795e-09,0
0,0.9999994039535522,5.519821266730672e-10,6.011025988073015e-08,1.875704072062945e-07,2.44787177194894e-08,2.3662464343487957e-07,1.1078339134940052e-08,0
0,0.9999984502792358,2.512043018043641e-09,2.469984110575752e-07,2.0033293424148726e-07,4.6703551248583615e-08,9.89632667369733e-07,5.639532929535562e-08,0
0,0.9999988079071044,2.3001159310531702e-10,1.682084587173449e-07,1.2662117399031558e-07,1.3158452993877745e-08,8.558304216421675e-07,7.263452772576785e-08,0
0,0.9999992847442628,4.3667539029179636e-10,7.58166507353053e-08,1.57293811753334e-07,3.4626030043227736e-08,4.818587058252888e-07,5.8407163550100456e-08,0
0,0.999997854232788,9.243205645326211e-10,4.0861579009288107e-07,2.000993077899693e-07,8.312394328413576e-08,1.1719936310328194e-06,1.778903850890856e-07,0
0,0.9999986886978148,4.34100755342115e-10,1.510381082425738e-07,2.204508149361573e-07,7.415983560576933e-08,8.183386057680764e-07,1.9597701239604248e-08,0
0,0.9999957084655762,2.9494311437616716e-09,1.3084858210277162e-06,4.0618857610752457e-07,1.4850400020804957e-07,1.963046997843776e-06,4.660742831674725e-07,0
0,0.9999972581863404,5.325700436209502e-10,5.420504294306738e-07,2.683579509721312e-07,3.803505421728914e-08,1.6655409353916184e-06,2.838230841462064e-07,0
0,0.999995231628418,1.3324753800336708e-10,1.2016839434636497e-07,1.924604617897785e-07,1.302166907635183e-07,4.30292539022048e-06,2.9031673065560426e-08,0
0,0.999990940093994,3.5014137422795244e-11,3.3996649051459826e-08,1.0399056549204033e-07,1.488156158302445e-07,8.810545296000782e-06,8.893660030651063e-09,0
0,0.9999710321426392,2.3913016011789523e-10,1.602644061904357e-07,5.637461413243727e-07,1.042444182530744e-06,2.723209217947442e-05,1.0816346041053748e-08,0
0,0.9999884366989136,5.4336844051983135e-11,3.69191148763548e-08,2.056884653711677e-07,3.763628058095492e-07,1.0945191206701566e-05,4.1978190368219254e-10,0
0,0.9999936819076538,6.087724768732983e-10,1.856390241528061e-07,2.32528392984932e-07,3.8292984072541003e-07,5.439051165012643e-06,1.5433048172752704e-09,0
0,0.9999850988388062,6.467920643515868e-10,2.666101011072897e-07,3.89257309052482e-07,5.088234047434526e-07,1.3787380339636002e-05,4.938693010103634e-09,0
0,0.9999879598617554,2.786458175307871e-09,5.607935804619046e-07,6.0685067637678e-07,1.037623633237672e-06,9.73689202510286e-06,2.0495132257991604e-09,0
0,0.9999916553497314,4.806099074272652e-09,1.0238412642138428e-06,5.189050398257677e-07,6.044484166523034e-07,6.202717031555949e-06,1.4626976074794127e-08,0
0,0.9999778270721436,2.582911662329934e-09,9.118125490203964e-07,5.948330681349034e-07,1.1782863111875486e-06,1.9420795069891028e-05,1.4709866213991065e-08,0
0,0.9999743700027466,3.089165034886321e-10,1.5760055305236165e-07,3.6470859754444973e-07,1.2542868716991509e-06,2.3789125407347456e-05,1.916604208673789e-09,0
0,0.9999840259552002,2.1240871284078366e-09,5.090063268653466e-07,2.8564758736138174e-07,9.358166721540328e-07,1.4270120118453631e-05,1.3729245296190129e-08,0
0,0.999994158744812,2.14062420567096e-10,2.2215296269223475e-07,4.83191570310737e-07,3.105275538928254e-07,4.709740551334107e-06,6.562127197184965e-08,0
0,0.999980926513672,9.022947722314711e-09,2.2299216198007343e-06,2.892047632485628e-06,1.2520040399977006e-06,1.2337713997112589e-05,2.341958804663591e-07,0
0,0.9999951124191284,4.671166120573389e-09,1.4763402305106863e-06,6.549101954078651e-07,2.4317517954841605e-07,2.2766910205973545e-06,1.836577183667032e-07,0
0,0.9999817609786988,2.1395925386968886e-07,9.07498088054126e-06,5.568626875174232e-06,8.467129077871505e-07,1.6510226714672172e-06,8.998122211778536e-07,0
0,0.9999667406082152,2.5750364329724107e-06,7.097763045749161e-06,1.8295133486390117e-05,2.2280237317318097e-06,1.5097172081368626e-06,1.4280253708420787e-06,0
0,0.9999905824661256,2.6299809974261734e-07,2.1859739263163647e-06,6.163979833218036e-06,3.4896018519248173e-07,1.5655882634746376e-07,2.801837979404809e-07,0
0,0.999979853630066,2.099124913002015e-06,5.659978342009708e-06,1.0080423635372426e-05,3.624612929797877e-07,2.3817922567559438e-07,1.6744990034567309e-06,0
0,0.9999886751174928,1.0881337857426845e-06,4.190260824543657e-06,4.864159109274624e-06,1.65637160876031e-07,3.926317333480256e-07,6.654209414591605e-07,0
0,0.9999938011169434,3.638510293058062e-07,1.7702445802569855e-06,3.4087652238667943e-06,2.2834667845472725e-07,1.959836311016261e-07,2.0803101108413105e-07,0
0,0.9999547004699708,2.4176283659471665e-06,1.3717922229261603e-05,2.3682878236286346e-05,2.8316026146058e-07,6.778457191103371e-07,4.542015631159302e-06,0
0,0.9999452829360962,3.2247608032776043e-06,9.319353921455333e-06,3.3265339880017564e-05,6.603053179787821e-07,5.849663011758821e-07,7.60850571168703e-06,0
0,0.9999885559082032,7.581646741527948e-07,6.065311026759446e-07,9.000806130643468e-06,2.563494376772724e-07,1.3821181710227393e-07,6.688980533908762e-07,0
0,0.9999980926513672,1.8437320647990418e-07,2.577291269290072e-08,1.3654970416610013e-06,1.4997415576090134e-07,8.237784676623505e-09,1.5842421419165478e-07,0
0,0.9999878406524658,3.794735903284163e-07,2.9284756237757392e-06,5.592241905105766e-06,2.709723787575058e-07,2.4276928911604045e-07,2.8179747459944338e-06,0
0,0.999996542930603,2.252311475103852e-07,1.5087856297668625e-07,2.240360799987684e-06,9.863221350769893e-08,6.764975069017964e-08,6.512867685160018e-07,0
0,0.9999901056289672,1.588586087564181e-06,1.1352224191796267e-06,2.935780457846704e-06,6.92051145279038e-08,7.693252968010712e-08,4.000314220320433e-06,0
0,0.9999935626983644,2.5825585225902614e-07,1.2140063745391672e-06,4.14145142713096e-06,1.589812228530718e-07,1.3828726252995693e-07,5.199750034989847e-07,0
0,0.9999635219573976,3.143496542179492e-06,1.2959407058588113e-06,2.3345328372670338e-05,1.1711221077348457e-06,2.763058830623777e-07,7.188614745246014e-06,0
0,0.9997946619987488,2.436150134599302e-05,5.448998126666993e-05,8.549078484065831e-05,5.288717943585652e-07,1.2319780580583028e-05,2.820574445649981e-05,0
0,0.999970555305481,2.9595948944916017e-06,4.859271939494647e-06,1.451086973247584e-05,1.1170001101845629e-07,1.0133056775885052e-06,6.039761956344592e-06,0
0,0.999994158744812,3.658643947801466e-07,7.32551711735141e-07,3.45452440342342e-06,4.816621057557313e-08,1.2385551428906186e-07,1.182530468213372e-06,0
0,0.9999960660934448,5.207514846006234e-07,7.508649702003822e-08,2.593272483863984e-06,3.1478481332669617e-07,2.318152247937633e-08,3.8826684090054187e-07,0
0,0.999946117401123,4.944842203258304e-06,4.974186140316306e-06,3.845470564556308e-05,3.3368598906236e-07,2.072373774808512e-07,4.97858991366229e-06,0
0,0.9999380111694336,2.0367891920614056e-05,2.9891741633036872e-06,9.86586201179307e-06,4.5401401393974083e-07,8.189060451968545e-08,2.819693327182904e-05,0
0,0.9999817609786988,1.0650795957189985e-05,1.4627543123424402e-06,3.629637603808078e-06,5.406182026490569e-07,6.108990646680469e-08,1.9118128875561524e-06,0
0,0.9999676942825316,1.914514541567769e-05,8.092865186881681e-07,9.351212611363737e-06,1.099564769901917e-06,3.4197988441064815e-08,1.986927145480877e-06,0
0,0.9999639987945556,2.196051173086744e-05,3.780273516440502e-07,1.2424762644513976e-05,5.850441766597214e-07,1.7330599177967088e-08,5.20701007644675e-07,0
0,0.9999836683273317,6.532437510031741e-06,2.461285077970388e-07,9.188374860968906e-06,1.5192688351817196e-07,7.520434941454823e-09,2.1844469699772162e-07,0
0,0.999983549118042,7.506472229579231e-06,8.224093335229554e-07,7.2913599069579504e-06,1.0394835214810882e-07,2.1912160974579823e-08,7.575508220725169e-07,0
0,0.9999693632125854,1.777676516212523e-05,1.7981002429223736e-06,1.0164553714275826e-05,1.9985139942946264e-07,1.9123998384884544e-08,6.19141758306796e-07,0
0,0.9999593496322632,2.4735341867199168e-05,2.676450321814628e-06,1.2188166692794766e-05,2.838499142399087e-07,3.124331726667151e-08,8.343298532054177e-07,0
0,0.9999258518218994,5.125999450683594e-05,1.0564700460236054e-05,1.0816162102855742e-05,2.188154866189507e-07,7.652133859892275e-08,1.2127403579142992e-06,0
0,0.9999479055404664,3.4922031773021445e-05,6.810866125306347e-06,8.921357220970094e-06,2.0208332784932281e-07,6.150287390482846e-08,1.2217021776450563e-06,0
0,0.9999361038208008,4.768964936374687e-05,2.948292376458994e-06,1.1664193152682856e-05,4.94608286771836e-07,3.260031178342615e-08,1.0941054142676876e-06,0
0,0.999984860420227,9.331212822871748e-06,6.110388426350255e-07,4.50190373157966e-06,3.811055648839101e-07,2.1132237293386424e-08,3.2847870556906855e-07,0
0,0.9999817609786988,1.1345879102009349e-05,5.77668572532275e-07,5.289670298225246e-06,3.347337553805119e-07,1.6321362039661835e-08,5.729189638259413e-07,0
0,0.9999842643737792,6.012093763274606e-06,1.4924258096016274e-07,8.84966993908165e-06,3.218285655748332e-07,5.753607812408745e-09,2.9536167289734294e-07,0
0,0.9999829530715942,4.174963578407187e-06,4.5928348413326603e-07,1.1877325960085727e-05,1.7782041084046798e-07,1.0722766674575725e-08,4.204116521577817e-07,0
0,0.9999810457229614,8.85993449628586e-06,7.74324632857315e-07,7.369456852757139e-06,2.001117849204093e-07,1.3190409653418556e-08,1.6889159724087222e-06,0
0,0.9999701976776124,1.8280548829352483e-05,9.817237014431155e-07,5.891072305530543e-06,3.300618800494704e-07,1.427623175231929e-08,4.247605374985142e-06,0
0,0.9999665021896362,1.576782415213529e-05,3.805581343385711e-07,1.5940839148242958e-05,6.340509912661219e-07,6.54768994579058e-09,8.588573905399244e-07,0
0,0.9999709129333496,1.614188113308046e-05,8.441696195404802e-07,1.094011531677097e-05,4.401040030188597e-07,1.570878005452414e-08,7.560307153653412e-07,0
0,0.9999666213989258,2.1382000340963717e-05,7.11888844762143e-07,9.289842637372203e-06,1.36660833049973e-06,2.5610541243281663e-08,5.725007099499635e-07,0
0,0.9999958276748656,2.8062856927135726e-06,2.750211081092857e-07,7.210093144749408e-07,2.112707875312481e-07,2.5998883046440824e-08,6.237961969191019e-08,0
0,0.9999706745147704,2.448640952934511e-05,1.1918510836039786e-06,1.4234923355616047e-06,8.893624681149959e-07,1.1208588546196553e-07,1.3623223367176251e-06,0
0,0.9999850988388062,1.1127624020446092e-05,1.2795674138033064e-06,1.1168348237333705e-06,4.705344451849669e-07,1.8954195013520805e-07,7.852160592847213e-07,0
0,0.9999449253082277,4.5649318053619936e-05,2.473138692948851e-06,1.8588162902233307e-06,9.600595376468846e-07,5.404745024861768e-07,3.56908526555344e-06,0
0,0.9999608993530272,3.249553992645815e-05,1.86728550488624e-06,2.274278131153551e-06,5.203648356655322e-07,2.0765531871802525e-07,1.8673584918360573e-06,0
0,0.9999165534973145,7.640261901542544e-05,1.528157895336335e-06,7.354689728344965e-07,8.063977361416619e-07,8.78145485216919e-08,3.8953944567765575e-06,0
0,0.9999033212661744,8.43793895910494e-05,7.407276370940963e-06,2.162360715374234e-06,5.52649908058811e-07,2.463947623709828e-07,1.8601149349706247e-06,0
0,0.9999493360519408,4.328972863731906e-05,2.2385061129170936e-06,2.027462187470519e-06,3.623461850565946e-07,7.07004232936015e-08,2.606932866910938e-06,0
0,0.9999561309814452,3.452326564001851e-05,1.6794890598248458e-06,3.460730340520968e-06,7.593129112137831e-07,5.052293161611488e-08,3.467235274001723e-06,0
0,0.9999614953994752,2.8762355213984847e-05,1.414407392985595e-06,2.447426595608704e-06,4.257307750776818e-07,4.99979684320806e-08,5.386066732171457e-06,0
0,0.9999936819076538,3.909286533598788e-06,4.3329359300514636e-07,1.6865905081431265e-06,3.5300217859912664e-08,1.67607669965264e-08,2.58118490137349e-07,0
0,0.9999837875366212,1.191309274872765e-05,1.7292953771175237e-06,1.5534304793618503e-06,1.2544786898160964e-07,6.821731091122274e-08,7.583722094750556e-07,0
0,0.9999961853027344,1.9326691926835338e-06,2.4799979314593656e-07,1.4804558077230467e-06,4.014364307636242e-08,3.9352933356440196e-08,7.155573200634535e-08,0
0,0.9999986886978148,6.739222158103075e-07,3.3568218782420445e-07,2.692001146442635e-07,9.679495427405982e-09,4.0138690593494175e-08,3.0042599519219955e-08,0
0,0.9999892711639404,3.995789484179113e-06,5.770031293650391e-06,5.965447371636401e-07,2.9695371495108706e-08,1.582567108471267e-07,2.070772069373561e-07,0
0,0.9999986886978148,3.354786599629733e-07,6.177397153805941e-07,2.1773145419956566e-07,2.0237544973156222e-08,1.3563871448241116e-07,3.346990595787247e-08,0
0,0.9999980926513672,4.97152484513208e-07,1.0314314522474888e-06,2.262735137037453e-07,2.21443201553484e-08,1.4537241099787934e-07,4.088398242174662e-08,0
0,0.9999961853027344,1.4029352541911069e-06,1.764794092196098e-06,3.532875041400985e-07,1.7349316649983848e-08,1.2881491784355606e-07,9.69512754522839e-08,0
0,0.9999979734420776,7.42191161862138e-07,9.53947960624646e-07,2.27326424351304e-07,1.3915193441960128e-08,1.455405111983055e-07,2.9106603349760007e-08,0
0,0.9999980926513672,6.205428348948772e-07,9.789368959900455e-07,1.408934622304514e-07,9.695028779788116e-09,2.181969449566168e-07,2.000954602010552e-08,0
0,0.9999955892562866,3.381482656550361e-06,5.742364237448783e-07,3.614318018207996e-07,3.0115945293118784e-08,9.425697555798253e-08,3.0801732719965e-08,0
0,0.999995231628418,2.380302021265379e-06,1.8067086102746543e-06,1.6282304216019838e-07,2.4244705798537325e-08,2.968429271277273e-07,5.0441620658148174e-08,0
0,0.9999954700469972,2.2336403162626084e-06,1.6917823586481973e-06,8.676736484858338e-08,2.1920783410678272e-08,3.9966232634469634e-07,6.506873262424051e-08,0
0,0.9999958276748656,2.4423297872999683e-06,1.2055935485477676e-06,1.3794038977721357e-07,2.2790276332784746e-08,3.119700977549656e-07,1.468726225084538e-07,0
0,0.9999990463256836,6.086269195293426e-07,1.256819928130426e-07,2.155563976202757e-07,8.181764599157761e-09,4.03008755256451e-08,4.261129404881103e-08,0
0,0.9999990463256836,2.455808214563149e-07,2.2037730218471554e-07,2.036198480936946e-07,6.750372261166149e-09,1.1878842087753585e-07,9.453079030663505e-08,0
0,0.9999896287918092,3.131806806777604e-06,1.2853828366132802e-06,3.411861655422399e-07,3.4582861019316624e-08,3.695479051657458e-07,5.212875294091646e-06,0
0,0.9999970197677612,1.887995836113987e-06,4.866201379627455e-07,1.185051914376345e-07,9.03826791187612e-09,1.2745617539167142e-07,3.129362085019239e-07,0
0,0.99999737739563,1.421068418494542e-06,4.445410866082966e-07,1.0801318239828107e-07,8.185512712088894e-09,1.657678581068467e-07,5.435905450212886e-07,0
0,0.9999961853027344,7.725785735601676e-07,5.489123395818751e-07,2.1225173441052905e-07,1.2859491249628265e-08,2.495564217497304e-07,2.074131543849944e-06,0
0,0.999996542930603,6.421558396141336e-07,6.043597409188806e-07,2.3744406973946755e-07,8.428139075533636e-09,2.411970854154788e-07,1.83796146302484e-06,0
0,0.9999929666519164,3.610407247833791e-06,1.7004546180032776e-06,6.74964212521445e-07,3.0706562625937295e-08,4.621624896117282e-07,6.031058887856489e-07,0
0,0.999992847442627,3.644745675046579e-06,1.7027344938469469e-06,5.659082944475813e-07,4.9065668861203455e-08,9.137108349932532e-07,3.343801324717788e-07,0
0,0.9999949932098388,2.630997187225148e-06,5.437909180727729e-07,3.994419159880636e-07,3.357656197522374e-08,5.686524104930868e-07,8.514473961440672e-07,0
0,0.9999960660934448,2.508713123461348e-06,2.827375169545121e-07,2.9957791980450565e-07,4.670949493856824e-08,4.855191946262494e-07,2.847811799711053e-07,0
0,0.9999964237213136,2.6134407562494744e-06,1.2881397992714485e-07,3.2206119726652105e-07,6.743009350884678e-08,3.5950870369561017e-07,4.9572495441907456e-08,0
0,0.9999620914459229,3.5416298487689346e-05,4.113619240797562e-07,5.928619657424861e-07,4.072671799804084e-07,1.0371169310019468e-06,9.505414766408649e-08,0
0,0.999991774559021,7.600960998388473e-06,5.2586635490570195e-08,1.1784472064846341e-07,1.0912104642102349e-07,3.1718789728074626e-07,8.348137292557567e-09,0
0,0.9999902248382568,7.420441761496477e-06,2.394190232735127e-07,5.662815283358213e-07,3.3784718311835604e-07,1.2101507991246765e-06,2.868060633431924e-08,0
0,0.9999731779098512,1.6481697457493283e-05,8.544360525775119e-07,4.431396973814117e-06,1.4864824606775071e-06,3.547907454048982e-06,1.130538578308915e-07,0
0,0.9999656677246094,2.409002263448201e-05,1.2901759873784613e-06,3.132499386993004e-06,1.5111013453861233e-06,4.154290763835888e-06,1.9079598700955105e-07,0
0,0.9999667406082152,2.4250990463769995e-05,8.917778018258105e-07,1.3754354313277872e-06,1.4785271105210995e-06,5.3022422434878536e-06,7.3076591888821e-08,0
0,0.999984860420227,1.1292372619209344e-05,6.359770168273826e-07,4.987552983948262e-07,3.878132588397421e-07,2.174660494347336e-06,1.4030230488515374e-07,0
0,0.9999790191650392,1.859485200839117e-05,4.0640111365064513e-07,2.468122772825154e-07,3.407068618344056e-07,1.3075783726890222e-06,6.853860412547874e-08,0
0,0.999974250793457,2.273598511237651e-05,7.565358828287572e-07,3.41130174774662e-07,2.385334312293708e-07,1.3794142432743683e-06,3.2954045536826015e-07,0
0,0.9998179078102112,0.000173119478859,1.9105498267890653e-06,1.5914008599793306e-06,8.584079864704108e-07,3.11463509206078e-06,1.5249952411977574e-06,0
0,0.9999406337738036,5.492411219165661e-05,5.247846388556354e-07,1.7252575617021648e-06,9.430516456632176e-07,9.672465921539697e-07,2.928103981503227e-07,0
1,0.0001532695605419,0.9998134970664978,4.701886382463272e-07,2.315877509317943e-06,3.2654637038831424e-07,5.34737267798846e-08,3.015308902831748e-05,0
1,3.368279294591048e-06,0.9999847412109376,7.898139386952607e-08,4.786041927218321e-07,2.3655156056179294e-08,4.55615367656037e-09,1.1355319657013752e-05,0
1,2.2019429835040686e-08,0.9999974966049194,8.153197228466524e-09,1.9361600323009043e-08,4.83690687502758e-09,3.2370783831225936e-10,2.4975449832709278e-06,0
1,3.993939685642545e-07,0.9999970197677612,1.0872501121639289e-07,9.87798571827625e-08,4.53693216329043e-09,7.920147870876804e-10,2.293215175086516e-06,0
1,5.258855040324306e-08,0.9999995231628418,4.280608223439231e-08,8.749591273726764e-09,1.059833443228797e-09,3.5509595264215927e-10,3.797817953454796e-07,0
1,1.93033802275977e-08,0.9999995231628418,2.5577016060651655e-08,9.121297495084946e-09,7.72090891221211e-10,3.3666266996412725e-10,4.708851122359192e-07,0
1,1.8655481426321785e-07,0.9999995231628418,3.702148987372311e-08,1.3027332990134257e-08,1.179550346286362e-09,2.287281752888504e-10,2.257192903698524e-07,0
1,1.6292638349568733e-07,0.9999992847442628,2.6544544340367796e-08,7.2133778949989855e-09,1.3706841217597796e-09,2.1032954544697446e-10,4.951161827193573e-07,0
1,4.9155559622704466e-08,0.9999997615814208,8.559307929090211e-09,3.2548874706606053e-09,1.258591009190013e-09,1.0049508447629307e-10,1.9313779375806922e-07,0
1,4.067385646067123e-07,0.9999984502792358,7.542841018448598e-09,1.6953276116282723e-08,5.698470140202971e-09,6.458844570289557e-11,1.1882908665938885e-06,0
1,2.9787236144329654e-07,0.9999991655349731,1.831095630677737e-08,1.303602825686312e-08,4.545126053301374e-09,8.967788317493229e-11,5.597376571131463e-07,0
1,1.3935430587252997e-08,0.9999996423721312,7.374222121825369e-09,1.6653380896514136e-08,1.683332806479143e-09,2.9506043441873686e-11,3.248734401495313e-07,0
1,1.6600449015413687e-08,0.9999994039535522,3.7897236460082695e-09,3.3926701448194763e-09,1.0155951635226754e-09,1.351029097623746e-11,5.194408458919497e-07,0
1,1.9274880302955207e-11,0.9999998807907104,8.561431563691713e-09,1.4475688425719111e-09,3.576093587920326e-11,1.7260566240184794e-11,8.204936108313633e-08,0
1,7.55994045142927e-10,0.9999992847442628,2.6267577002414555e-09,5.087524623803574e-09,1.161236218294448e-09,1.6266148150645418e-11,7.373186576842272e-07,0
1,1.018256812201912e-09,0.9999998807907104,7.586233308209954e-10,1.88998883210445e-09,2.0632067165848862e-09,6.494253919353543e-12,1.6383172862788342e-07,0
1,6.531374746598928e-11,0.9999998807907104,3.802067549685262e-10,2.714775348966469e-10,4.11434136760036e-10,5.283347110501824e-12,1.255574915148827e-07,0
1,6.824621312517821e-09,0.9999996423721312,6.768315768956866e-11,1.3852873292918844e-09,1.2202799881677604e-09,9.496867268282694e-13,3.183441208420845e-07,0
1,1.6117754242372942e-08,0.9999996423721312,1.0144909218245957e-11,1.3085775796284336e-09,4.265927611157849e-09,2.182919508130973e-13,3.40734686687938e-07,0
1,4.446070622776688e-09,0.9999998807907104,6.783120614674287e-13,8.82523054634987e-10,6.870740421049959e-09,2.717458724677772e-14,5.1106873399930925e-08,0
1,1.9741751344781733e-08,0.9999998807907104,6.257112016017086e-12,1.0967476926637687e-09,5.3993187698608835e-09,1.775452885838941e-13,5.394040769601816e-08,0
1,8.240473903242673e-08,0.9999997615814208,5.807260488460697e-12,2.3522053194113823e-09,5.8513536238535835e-09,1.860729587988344e-13,1.402622586965663e-07,0
1,9.668531930628889e-08,0.9999996423721312,9.01061777275336e-12,4.2119681076258075e-09,9.43512024065285e-09,1.610357761852241e-13,2.239294474293274e-07,0
1,1.2304337815294278e-07,0.9999995231628418,2.9430159698140557e-11,3.089421163338102e-09,7.076194297184202e-09,8.255680210636497e-13,3.1158711522039084e-07,0
1,1.2857542230904073e-07,0.9999996423721312,1.6583371828526872e-11,3.499117884331326e-09,1.0980038211982901e-08,7.224311752117296e-13,2.3157045347943495e-07,0
1,5.2028756414301824e-08,0.9999998807907104,7.389178678651742e-12,4.988384372239807e-09,3.543817461704179e-09,1.0852319612614584e-13,1.1965170187977492e-07,0
1,1.8512511701374026e-07,0.9999996423721312,1.1227248297718262e-11,7.820871061881007e-09,4.560299249334321e-09,1.6340551687362564e-13,1.8498623433060857e-07,0
1,8.311648969083762e-08,0.9999997615814208,4.3639042032750375e-12,3.202127674128974e-09,2.774388940807171e-09,1.0191717939424597e-13,1.0811382367137413e-07,0
1,2.3336329491030486e-07,0.9999996423721312,1.3409349151893846e-11,3.747888221994344e-09,3.587724561882055e-09,4.037211645720185e-13,1.1357199269923512e-07,0
1,1.635700499491577e-07,0.9999997615814208,5.52575867007743e-12,2.391056908024325e-09,3.484146970933466e-09,2.6592175184948774e-13,8.858698663516408e-08,0
1,1.503515960621371e-07,0.9999997615814208,1.87912684544711e-12,4.591886870741746e-09,5.938841862729305e-09,8.785039481897655e-14,1.2770949808782461e-07,0
1,1.4430681005705992e-07,0.9999995231628418,7.059437127747425e-13,2.2350963746475827e-08,9.670388045890377e-09,3.677323406176512e-14,3.0961757602199214e-07,0
1,1.0320620447146213e-07,0.9999995231628418,9.776973067948669e-13,1.4509082824076812e-08,5.269504832483562e-09,6.306744406228694e-14,3.8762516396673163e-07,0
1,1.6819015513647173e-07,0.9999996423721312,1.0830443529855072e-12,1.9516138038966343e-08,9.70109237385941e-09,8.893765308633576e-14,1.4711233120578981e-07,0
1,8.985339405853666e-08,0.9999997615814208,3.7434947719808265e-13,5.1901363207207404e-09,1.6238281830283086e-08,6.340988931846647e-14,9.16439475417974e-08,0
1,2.2748142214368275e-07,0.9999996423721312,1.0593390314256323e-12,4.2334886707351416e-09,1.4877257648038268e-08,1.2273408472266573e-13,6.192050960862616e-08,0
1,1.456707536817703e-07,0.9999997615814208,2.61122438775796e-12,3.2409550598799797e-09,1.0231516078818004e-08,1.2820515862040777e-13,4.527187158487322e-08,0
1,2.2053323789350546e-07,0.9999997615814208,4.0437033062279415e-12,3.376107393648908e-09,1.2821453232447766e-08,1.9044560037057706e-13,2.6845421885468568e-08,0
1,2.203265978550917e-07,0.9999997615814208,1.830216750722813e-12,3.1008571266255558e-09,1.811013916608317e-08,1.3531894788726406e-13,1.4300063355676684e-08,0
1,1.2963567996848724e-07,0.9999998807907104,5.229346686577707e-13,2.2224830864558953e-09,1.3369635176729844e-08,2.0467707525584702e-14,5.800306901448948e-09,0
1,1.6402570679474593e-07,0.9999997615814208,1.7674864393260605e-12,2.6737891900552313e-09,1.3541971100039518e-08,2.8320062088601702e-14,1.5335379188741172e-08,0
1,2.940309684618114e-07,0.9999996423721312,4.036212770258674e-12,1.008977257299648e-08,2.8416510033935083e-08,6.024897919974792e-14,6.624716775149865e-08,0
1,1.1583344416976617e-07,0.9999997615814208,1.3244680959617616e-12,1.5635718275675003e-09,2.9574266591225754e-08,4.234673795975273e-14,5.4797673953999044e-08,0
1,4.771705164330342e-08,0.9999998807907104,9.711257405869975e-13,4.077740090036031e-10,1.0886513024388478e-08,2.480752995875305e-14,2.0116690535587626e-08,0
1,2.3397449311346463e-08,0.9999998807907104,1.062514117487756e-12,9.641117071357286e-11,4.145260579235811e-09,3.957719433211535e-14,4.205869785778305e-08,0
1,1.8166671722497085e-08,0.9999998807907104,8.124667388517692e-13,3.4115186370309296e-11,3.1189311133772435e-09,3.8602106943895146e-14,4.1141262840938e-08,0
1,2.6139554520909772e-08,0.9999998807907104,1.308680919707983e-12,3.494053310570955e-11,4.113904328306717e-09,5.858241138283898e-14,3.759762279287315e-08,0
1,8.669000095551382e-08,0.9999998807907104,7.636558052581677e-12,5.7265286262930815e-11,6.14337025695022e-09,2.628096850386397e-13,6.155654119766042e-08,0
1,6.37833252881137e-08,0.9999997615814208,1.9569004403030554e-11,1.0300233582727357e-10,6.799636409482446e-09,4.705435260182744e-13,1.3714118551888532e-07,0
1,1.06429148161169e-07,0.9999997615814208,1.6678122424784725e-11,1.228431939503949e-10,4.1874410605657886e-09,4.3969287846085125e-13,1.17585770453843e-07,0
1,9.925151545076005e-08,0.9999998807907104,4.794002347874304e-11,1.175368413708355e-10,4.1309826670499206e-09,9.996543523516088e-13,7.341192542753562e-08,0
1,4.5590848429810655e-08,0.9999998807907104,5.6324454648926095e-12,3.994103311977248e-11,1.2189944165186262e-08,2.8382808256455233e-13,4.4447165947758556e-08,0
1,7.423489378766135e-09,0.9999998807907104,3.028195316029381e-12,1.7031220184149376e-11,2.6486388637891878e-09,1.1575945280464794e-13,1.1283348300139553e-07,0
1,4.487211491266407e-09,1.0,3.386660960350008e-12,1.2253076157875407e-11,3.6804286285274652e-09,1.7664614616972468e-13,4.7648939016653464e-08,0
1,1.751916833825362e-08,0.9999998807907104,9.059284572510151e-12,1.6864681526285175e-11,4.30158486608434e-09,5.544464626999758e-13,6.786774520151084e-08,0
1,1.4440097118040285e-08,1.0,7.2397951349223436e-12,7.549995351130434e-12,3.035596662925854e-09,3.7501772520709414e-13,2.796561560103328e-08,0
1,1.0637553060632854e-08,0.9999998807907104,4.565576215698197e-12,1.0775253085626437e-11,4.186355262447705e-09,2.979876003068871e-13,4.512316920113335e-08,0
1,3.1470646089104552e-09,0.9999998807907104,1.457952031672094e-12,1.3551228715547035e-11,5.466539221288258e-09,1.625547434288763e-13,7.866881901463786e-08,0
1,1.954768791279093e-09,0.9999998807907104,6.72625312652525e-13,2.797505066140516e-12,9.902569431119446e-09,1.2780354303066482e-13,1.6478098530114949e-07,0
1,4.820386756421158e-09,0.9999998807907104,3.758922426794209e-12,3.1729100683636213e-12,3.173320717309025e-09,3.362425626558113e-13,5.8241663936087213e-08,0
1,2.5437871808975387e-09,0.9999998807907104,2.098166041950012e-12,4.054925666074905e-12,8.0277473557544e-09,4.868647260521108e-13,8.43587670829038e-08,0
1,1.6380751199918107e-09,1.0,2.4803960968489136e-12,2.799261473659942e-12,5.438210770591922e-09,6.217054865712003e-13,5.149868087528375e-08,0
1,2.2785795472657355e-09,0.9999998807907104,3.0073187863577377e-12,5.168741303018809e-12,1.7039564426113433e-08,1.3077576131378945e-12,9.244997301038893e-08,0
1,4.004907960819537e-09,0.9999995231628418,1.9534169420909464e-11,1.6649702450077797e-11,7.79464883748915e-08,3.265859457868281e-11,3.710457292527281e-07,0
1,1.2959627149200514e-08,0.9999977350234984,1.765051473034962e-11,1.221220069513862e-10,1.644108806431177e-06,1.3118657549160415e-10,5.904437898607284e-07,0
1,1.9703775251400657e-05,0.7493935227394104,1.1729568427654158e-08,4.28190787715721e-07,0.0024601151235401,1.193036041513551e-06,0.2481250464916229,0
6,4.542691385722719e-06,0.1702698171138763,5.723224116849224e-09,2.270472805321333e-07,0.000528450065758,6.574618964805268e-07,0.8291963338851929,0
6,1.5519390217377804e-06,0.0057072788476943,2.440433410910714e-09,1.5260058106036922e-08,2.6356621674494814e-05,1.605849462293918e-07,0.9942646622657776,0
6,2.135005132686274e-07,0.000873263052199,4.956738353101287e-10,2.4765309802887714e-09,8.086944944807328e-06,2.0325677141386226e-08,0.9991183876991272,0
6,3.4812007498885584e-08,0.0002385044790571,1.2377530944629456e-10,7.305609450725115e-10,3.520198106343741e-06,8.093691050703455e-09,0.9997579455375672,0
6,8.057214273549107e-08,9.694274922367184e-05,2.0143571533015603e-10,4.5709278029271156e-10,2.9006803288211813e-06,2.1179067388743533e-08,0.9999001026153564,0
6,2.4320884861595005e-08,3.454093530308455e-05,7.028563842048641e-11,2.242941665731024e-10,1.0363440878791152e-06,5.274558567691656e-09,0.9999643564224244,0
6,8.829204922733425e-09,1.079082994692726e-05,2.6376952705353677e-11,1.0165561448172156e-10,1.0605803026919602e-06,4.469510539450994e-09,0.9999880790710448,2
6,2.184130654114824e-09,4.187691956758499e-06,2.2499297563927098e-11,7.34561578230597e-11,4.524545147432946e-07,7.5981061442576e-09,0.9999953508377076,2
6,3.1147573409384677e-09,1.2727616194752043e-05,3.439232579283136e-11,1.5353129878548089e-10,7.99839483534015e-07,5.901961142029677e-09,0.9999864101409912,2
6,1.9016399566140763e-09,7.392318821075605e-06,1.1318354239953088e-11,1.160342100181566e-10,2.005381020353525e-06,3.8549017311595435e-09,0.9999905824661256,2
6,9.43856215407379e-10,2.562179588494473e-06,7.872260135433073e-12,4.499807818025836e-11,6.490949999715667e-07,2.6081889981099952e-09,0.999996781349182,2
6,3.3890645845247036e-09,3.115372692263918e-06,2.2889714429430438e-11,5.2642303710603855e-11,2.2244787487579742e-06,1.4446328577832901e-08,0.9999946355819702,2
6,5.943225467319735e-09,1.5847937220314634e-06,2.8091778903061027e-11,5.422562746049131e-11,2.7362941636965843e-06,1.7915814609636982e-08,0.9999957084655762,2
6,4.033089595623096e-08,0.0001143524132203,2.393611142625929e-10,3.8916964095747625e-10,1.355085532850353e-05,2.4158634204241025e-08,0.9998719692230223,2
6,1.5370234507372518e-07,0.0006202048971317,1.1524811105445563e-09,2.3603534682337113e-09,2.9935656129964627e-05,6.285221587631895e-08,0.9993495345115662,2
6,1.2959549167135265e-07,8.985293243313208e-05,7.951220792890011e-10,1.1372667252373956e-09,4.692617494583828e-06,8.049453725789135e-08,0.9999053478240968,2
6,4.56732749398725e-08,1.3721813047595788e-05,2.0275374434941537e-10,5.625139798404176e-10,3.395072326384252e-06,5.6778350909780784e-08,0.9999827146530152,2
6,2.3467094933948832e-08,4.340771283750655e-06,1.5916971907170563e-10,2.473487803467122e-10,9.492266599409048e-07,3.9086412328970255e-08,0.9999946355819702,2
6,1.3410571320093824e-08,1.8502935290598543e-06,9.438494430469292e-11,1.739743626938406e-10,5.007586878491566e-07,2.281885258526017e-08,0.999997615814209,2
6,2.118672881579187e-08,2.5627414288464934e-06,5.031652872133917e-10,3.9685316144399957e-10,6.710759521411092e-07,5.2163134256488775e-08,0.9999966621398926,2
6,1.3386612707222412e-08,8.913742703953176e-07,5.421216253687078e-10,3.7490693882702425e-10,4.793333800989785e-07,8.130320594545992e-08,0.9999985694885254,2
6,3.8460270523899e-09,2.460905648149492e-07,2.092591516733577e-10,1.9324646050034036e-10,3.50060872733593e-07,9.794147359798445e-08,0.9999992847442628,2
6,6.641864391809804e-09,6.486625920842926e-07,4.806507414301109e-10,3.6500200084610407e-10,3.272897686201759e-07,1.0017038931664501e-07,0.999998927116394,2
6,4.528922659119417e-08,2.145590542568243e-06,2.429456191777035e-09,2.0127881583675844e-09,1.5006487501523225e-06,4.242963314027293e-07,0.9999958276748656,2
6,1.0061448563192243e-08,4.6318359636643446e-07,7.475903229803292e-10,4.1772205139345426e-10,1.2152812587373774e-06,3.5076118365395814e-07,0.9999979734420776,2
6,8.236963999763702e-09,6.183446998875297e-08,1.4738929521307398e-10,1.7390369699832317e-10,1.7283275610679993e-07,1.429643958772431e-07,0.9999995231628418,2
6,1.3048566671614026e-09,2.4711169999136476e-08,7.533627194300506e-11,1.6457088469756798e-10,1.0541777584194278e-07,9.591096272743017e-08,0.9999997615814208,2
6,5.81300785285066e-10,1.6123816948265812e-08,5.3779147801691345e-11,1.3054114733623834e-10,1.2484045797123144e-08,4.16169356753926e-08,1.0,2
6,1.8689526315451843e-10,4.3317296416489626e-08,4.403480011183625e-11,1.0153898555298467e-10,4.335909853381281e-09,2.693071188275553e-08,0.9999998807907104,2
6,7.578389304985222e-12,1.6864353469259186e-08,6.274035110886978e-12,4.204572454091782e-11,1.891466983039436e-10,2.034011181706319e-09,1.0,2
6,1.18456189301952e-10,5.823444837460556e-08,7.790121325790267e-11,2.1150881046594347e-10,6.887440062719462e-10,6.129757590400686e-09,0.9999998807907104,2
6,1.109916825114965e-09,3.284776255441102e-07,2.9383290245377225e-10,8.712135457500381e-10,1.3019461064800453e-08,2.4665583353566944e-08,0.9999996423721312,2
6,4.717941148868476e-09,1.187942302749434e-06,1.1511553932308516e-09,2.179373348454305e-09,2.5836275341362125e-08,3.89070216044729e-08,0.9999988079071044,2
6,8.117995720091641e-10,1.1300022606519633e-06,7.05073610607343e-10,4.2569645031242937e-10,1.59586388548405e-08,2.022361655917848e-08,0.9999988079071044,2
6,1.3059906489587547e-09,1.243726842403703e-06,5.698762572947658e-10,6.057513379786882e-10,1.2690446027363578e-08,9.02558738857806e-09,0.9999986886978148,2
6,1.2699508111779778e-10,2.1568027364082812e-08,1.2302159291266436e-11,5.114610124312691e-11,5.0686121966236905e-09,1.9030188536106607e-09,1.0,2
6,1.0343889300656885e-08,5.452220284496434e-05,1.329975796160454e-09,2.6310102985149797e-09,1.1790863254645956e-06,6.376797756502128e-08,0.9999442100524902,2
6,1.7518493322654652e-08,0.000108801999886,2.613235627890731e-09,8.272341034398778e-09,4.010539669252466e-06,1.5106172668311046e-07,0.999886989593506,2
6,5.13689202286116e-10,1.328415692114504e-05,1.2624561118723676e-10,1.0937600825045022e-09,3.885731132413639e-07,2.2613999561826862e-08,0.9999862909317015,2
6,1.533409510479089e-09,9.913538087857889e-05,6.488123371894972e-10,6.181538836358413e-09,3.320741370771429e-06,4.763096939086609e-08,0.9998974800109864,2
6,3.337929044278098e-09,0.0001023398435791,9.496871067327104e-10,4.470614545226681e-09,9.613868314772844e-06,7.481706632006535e-08,0.9998879432678224,2
6,2.2506849717274235e-09,2.764145756373182e-05,1.5554248999904983e-09,3.971614148667868e-09,4.695528332376853e-06,1.1829224888515458e-07,0.9999675750732422,2
6,3.064705156319292e-10,1.1219703992537688e-05,1.9870580181269304e-10,8.196181511266332e-10,7.654854812244594e-07,1.2745716482243097e-08,0.9999880790710448,2
6,1.6719878259685572e-10,7.866082341934089e-06,5.787371137877527e-10,1.4699377270943612e-09,4.967910172126722e-07,2.70175934957706e-08,0.9999916553497314,2
6,5.2732585659187585e-11,5.198500616643287e-07,2.2035779451146095e-11,3.23072485430842e-10,2.940404044693423e-07,2.174238566965414e-09,0.9999992847442628,2
6,8.841956333771606e-11,1.466475168854231e-06,5.583214099380562e-11,4.851846702180751e-10,6.632001827711065e-07,3.0956861518660613e-09,0.999997854232788,2
6,3.670893450324897e-11,7.428886874549789e-07,9.544411094797312e-11,5.599902763719911e-10,3.355516469127906e-07,4.163505540333291e-09,0.999998927116394,2
6,8.28613479914031e-12,3.8605616481390825e-08,3.4292297734078718e-12,8.158079073394829e-11,5.4071026767132935e-08,3.3490415995984785e-10,1.0,2
6,1.0038258418942902e-11,1.6027721372324777e-08,2.8081005402913477e-12,4.335003883637612e-11,1.380697938202502e-07,3.8143649350175214e-10,0.9999998807907104,2
6,5.9139763398940995e-12,5.1882467211328284e-09,2.8721114028740224e-12,2.803269769091621e-11,8.387807781673473e-08,3.1753957796532006e-10,0.9999998807907104,2
6,4.6442450579720066e-12,3.507103274458245e-09,2.52905205458398e-12,1.5873542064115398e-11,8.321660516230622e-08,2.1873203248645723e-10,0.9999998807907104,2
6,2.4889218290524706e-12,3.960743288899948e-09,2.819247439667105e-12,2.7528120408182307e-11,3.4963719031111395e-08,1.911151098488162e-10,1.0,2
6,7.765740090912021e-13,1.0260573501952306e-09,1.2709301113692645e-13,5.7968369687744215e-12,2.4582554658536537e-08,3.0237128773036304e-11,1.0,2
6,9.511185919798896e-14,5.4492871326417e-10,1.6803810608061708e-14,1.2799780766542534e-12,9.148847901485624e-09,1.1021844027736538e-11,1.0,2
6,1.0944259956841355e-13,3.7312120060306597e-10,3.889085031121877e-14,2.517314265024217e-12,7.936644230710499e-09,1.740082210266447e-11,1.0,2
6,4.826660989290521e-13,8.575793963849775e-10,1.710138649614612e-13,6.136007067031324e-12,2.5640233047852238e-08,4.232484501764944e-11,1.0,2
6,9.511227526057264e-13,6.35443031526961e-10,1.1671856515148293e-13,5.016285130332587e-12,3.4028225570637005e-08,2.8608778540606394e-11,1.0,2
6,6.394092070052815e-13,6.528576568243237e-10,1.0180685504693201e-13,3.155474796387448e-12,3.014699245795782e-08,1.9453159569304823e-11,1.0,2
6,5.768400080513604e-13,2.175343460919521e-09,1.8908075246574368e-13,1.85334234938106e-12,5.443257578008343e-08,5.0079322633234113e-11,1.0,2
6,1.0695839830140996e-12,7.983537719802313e-10,1.8476129101056146e-13,1.9921495009178614e-12,1.7000618868223685e-07,4.304707632019067e-11,0.9999998807907104,2
6,2.0680800008696795e-13,2.8461133450008447e-10,7.249349097361232e-14,1.3733624697545577e-12,8.742510004822179e-08,2.2784553757593248e-11,0.9999998807907104,2
6,1.6121713610362662e-13,2.6836183275591447e-10,4.956806991772422e-14,1.2646869228943869e-12,9.26176468851736e-08,1.8415177369113245e-11,0.9999998807907104,2
6,2.086499647103307e-13,2.981085933662086e-10,9.185156839763497e-14,3.4013813900862777e-12,8.87789823877938e-08,4.575577070009551e-11,0.9999998807907104,2
6,1.1333310998657907e-13,1.5744944237283676e-10,6.042173326340633e-14,2.1795553643150227e-12,6.444453504172999e-08,6.618771503097419e-11,0.9999998807907104,2
6,1.5600507810489136e-13,1.5201810643628022e-10,7.765143373141341e-14,4.970000105908312e-12,8.587326050246703e-08,5.5020883682477255e-11,0.9999998807907104,2
6,3.8012341619644494e-14,1.4958054239677662e-10,4.673234929998375e-14,1.870509389739761e-12,2.6150530629820423e-08,4.224145339071228e-11,1.0,2
6,3.6872069254182543e-14,6.485073589246326e-11,1.2666268113027158e-14,2.1526064351157226e-12,3.035493989500537e-08,1.294219766079241e-11,1.0,2
6,3.3168614203956885e-14,2.1387747475842825e-11,5.381196925774781e-15,1.2380963225130937e-12,3.5086845429077584e-08,1.2660393566843451e-11,1.0,2
6,1.5770672663834376e-14,2.835389215083417e-11,1.6030516961063578e-14,1.5249074789350225e-12,3.646052570971392e-09,1.2635810800465386e-11,1.0,2
6,3.621862196007825e-13,6.2281582668966e-11,1.4425186238109334e-14,2.921608094341721e-11,5.017797732875806e-08,2.145483617155275e-11,1.0,2
6,7.339452396531998e-13,1.227371870804461e-09,7.227948979355443e-14,7.054588163635245e-11,4.9005883795416594e-08,3.4442951962754265e-11,1.0,2
6,6.259562746607772e-12,5.4427689022418235e-09,4.05786623920712e-13,4.1450873289328167e-10,1.3864563470633584e-06,3.972484841074929e-10,0.9999985694885254,2
6,2.0414263812371105e-13,1.5284147558691783e-10,4.513064599562613e-16,1.8399927848716798e-12,1.3279547772526712e-07,7.960429190823072e-13,0.9999998807907104,2
6,1.8828000139872738e-13,4.9917382727304727e-11,6.284632949953798e-16,2.1824726054164856e-11,7.123515644025248e-08,1.875135029888453e-12,0.9999998807907104,2
6,8.641878208317471e-15,2.435109926202106e-11,5.3042354592476955e-17,3.6129014276825577e-12,3.178203256126721e-09,1.1153328017014451e-13,1.0,2
6,5.229985823758387e-13,1.1770763252982872e-09,1.8705145464763435e-14,8.380552501963122e-11,6.891991422008914e-09,7.315334102364623e-12,1.0,2
6,6.705728772824286e-14,7.274462698880767e-10,3.0965574258256167e-15,2.193260156824195e-11,9.384242716237168e-09,2.859103362048976e-12,1.0,2
6,1.3106868021472984e-12,5.315377471504234e-09,5.148918807594202e-14,4.916233739549192e-11,2.6340554626358426e-08,5.1926078020736455e-11,1.0,2
6,1.3420259348251307e-10,8.438594534254663e-08,3.2482152818175125e-12,9.68387814381799e-10,1.6531139124253968e-07,5.651152878982656e-10,0.9999997615814208,2
6,2.036427276808084e-11,5.4166601870520026e-08,5.74198837349077e-13,2.942468768640793e-10,1.577808319552787e-07,1.0169947523008815e-10,0.9999998807907104,2
6,6.033659682991299e-11,3.898015421555101e-08,1.6243921355588165e-12,7.270480328891438e-10,1.105108253796061e-07,2.6128862962160326e-10,0.9999998807907104,2
6,2.1352647427974603e-10,2.931710127995757e-07,2.5268193787342238e-11,9.758414520888437e-09,3.6749901255461737e-07,1.253437353909703e-09,0.9999992847442628,2
6,8.477295254660788e-12,1.0398294847391298e-07,8.898029340252689e-13,1.3489374062203294e-09,2.476572262821719e-07,1.245589187348628e-10,0.9999996423721312,2
6,4.639189640082142e-12,1.8489147990408128e-08,2.2644206117399678e-13,1.1996625914889592e-09,9.615109775040764e-08,2.0133242295550247e-11,0.9999998807907104,2
6,5.709651501595303e-13,3.7983012290965235e-09,1.5490504658068754e-13,1.3873574511436004e-10,1.5520473795049842e-08,9.416196988798475e-12,1.0,2
6,2.0117974397926983e-14,8.937878215320437e-11,1.7590704216060953e-14,8.669760222235201e-12,4.649020279856586e-09,5.741138033726889e-12,1.0,2
6,8.788254818965432e-15,8.79028013572869e-12,1.2155987513513909e-14,7.648742208175853e-13,1.548991490629703e-09,1.3383337407052442e-12,1.0,2
6,1.5010741130985772e-12,9.148943408421316e-11,2.189496142983999e-13,8.674408413789081e-12,2.917113128830806e-08,8.901279886786018e-12,1.0,2
6,8.804617462627312e-14,6.930621354594989e-11,4.22951672057921e-14,2.5721148301516283e-12,4.164176559129373e-09,2.643456850984216e-12,1.0,2
6,1.3506369959080666e-13,9.847694187881118e-11,1.275824199975864e-13,3.012221765422152e-12,4.29998570083967e-09,4.867322257046114e-12,1.0,2
6,1.1354565291471497e-12,2.979051449969461e-10,1.6854502819449449e-13,1.0306637487911274e-11,1.616048628250155e-08,8.74376005627342e-12,1.0,2
6,1.1113385331353727e-13,7.021913606131136e-11,6.753039967499763e-14,2.8545644580740825e-12,1.513190017732313e-09,5.283902222014136e-12,1.0,2
6,1.6778047050650113e-12,7.380046573857156e-10,1.1205852868886867e-12,5.052748150435882e-11,7.844403349110962e-09,5.10449425783488e-11,1.0,2
6,5.756134501336274e-13,1.0450459386746047e-09,2.5877878399166447e-12,3.546830190659378e-11,4.1117163007697854e-09,8.597096645690526e-11,1.0,2
6,8.904653815526575e-13,8.56559323469952e-10,1.256256470377748e-11,1.052689532765605e-10,5.128437674528641e-09,1.3153712841162954e-10,1.0,2
6,4.36743360660713e-13,2.51260651173979e-10,1.835940687672233e-12,6.176921474310149e-11,2.272763310884329e-09,4.749225665512391e-11,1.0,2
6,3.86492080743997e-13,1.7575078892217988e-10,1.1137326954777094e-12,5.953024878602163e-11,2.3644632918262687e-09,3.8340282337845366e-11,1.0,2
6,1.5817402455094861e-13,5.088360843785722e-10,1.4465953391759599e-12,4.217567961539714e-11,3.31430238809105e-09,5.803765454337473e-11,1.0,2
6,4.222983074342324e-12,4.054862667857151e-09,4.5781354401919216e-11,2.5927507363299185e-10,8.155971009671248e-09,4.846567036587146e-10,1.0,2
6,1.2612863878325165e-11,1.648829961453657e-09,3.317081678777534e-11,1.2595632870038287e-10,1.5189597135645272e-08,6.352006698406854e-10,1.0,2
6,3.608709164826252e-11,1.2462513687694354e-08,9.256823779724144e-11,2.330065584921215e-10,1.7866272017386112e-08,1.1771639218949304e-09,1.0,2
6,3.123869565802018e-11,1.6054647389296406e-08,2.0678192491629943e-10,6.118074935557161e-10,1.4729172548300085e-08,7.230501197774686e-10,1.0,2
6,2.029196255470822e-11,2.1235306846278945e-08,1.03403723084039e-10,4.678559761828183e-10,4.827014166153276e-08,8.195903955510174e-10,1.0,2
6,2.8623240930225613e-11,2.291354839201176e-08,1.014943129540313e-09,1.36333755396123e-09,1.0993788990276698e-08,6.563313892371525e-09,1.0,2
6,8.157860498236856e-11,4.8996160018077723e-08,1.76305181565084e-09,1.014627715179017e-09,1.761788936960329e-08,5.7934523844949134e-09,1.0,2
6,1.0363968711013527e-10,2.3168881924107157e-08,3.052142982795658e-09,2.372047447352088e-09,2.4279112054159668e-08,3.0048525889725397e-09,1.0,2
6,5.5739052262637756e-11,8.627741188149685e-09,5.18999565546352e-10,1.4525557423539224e-09,1.4173310525222861e-08,7.76142761171883e-10,1.0,2
6,2.519899003003423e-12,4.501063077810841e-09,1.0387206650364078e-09,1.577245667405691e-09,1.0010030582208174e-09,1.372736257998497e-09,1.0,2
6,6.411048775190054e-11,5.700011573850361e-09,6.732052693081413e-10,5.978687545038497e-10,5.438481220920721e-09,1.814543515443745e-09,1.0,2
6,1.296349971813271e-10,3.20225645999983e-09,1.3564425971335226e-10,9.704381048747379e-11,2.820187638974403e-09,6.305700961384274e-10,1.0,2
6,2.2546198241713003e-10,3.065135034674426e-09,1.0829798863243312e-10,1.3439474533250007e-10,7.2583059562703064e-09,6.832435173187433e-10,1.0,2
6,2.684289179821775e-10,5.917571432867419e-10,3.9058242751188737e-11,4.535738104549658e-11,8.286527020118228e-09,1.241550751096554e-09,1.0,2
6,2.417245292818393e-09,2.2955004563840475e-09,7.81229692048413e-10,3.091024380896812e-10,2.8977373389693642e-08,1.3795746767186756e-08,1.0,2
6,1.5134620667822674e-08,5.716375373054916e-09,1.502396873576117e-09,3.643262913577416e-10,2.999871995257308e-08,8.018337105397677e-09,1.0,2
