6,1.361236470764915e-11,6.260246210310071e-10,1.840218429027818e-11,1.0468823319342847e-07,3.302497120216685e-08,4.9401631230239225e-08,0.9999998807907104,2
6,1.7673029706344323e-10,6.465523672005702e-10,2.1949293077527798e-11,9.965574321313397e-08,5.638852229594705e-08,8.08184381639876e-08,0.9999997615814208,2
6,5.128303684487357e-11,1.9675274742780853e-09,6.8008962177124036e-12,3.520144389312918e-07,1.3127255726885778e-08,4.364309358351193e-09,0.9999996423721312,2
6,6.254868584881779e-12,2.1950648243507231e-10,1.72050730867096e-12,1.0051383014797467e-07,5.9685381081919794e-09,8.73734917750113e-10,0.9999998807907104,2
6,1.8652301925214942e-11,1.7138153118878563e-09,2.819871072756719e-12,1.4866078856812237e-07,2.5752861176897568e-08,5.925804291706527e-10,0.9999998807907104,2
6,8.550583852073856e-12,8.624648550892289e-09,5.720118823049347e-12,4.6162853095665923e-08,9.132547162948867e-09,1.8604276452727217e-10,1.0,2
6,4.5050439073657245e-11,6.933722485058524e-09,2.13957302395984e-12,2.9510996313319996e-08,1.743357103123344e-08,7.52702622452972e-10,1.0,2
6,3.423767866439498e-11,1.822701989340203e-09,2.0354284663987032e-12,1.0236789194095763e-08,1.0658635751781276e-08,2.389972442173871e-09,1.0,2
6,4.879126616619267e-12,2.8881073088626863e-09,4.0145759438135753e-13,6.625874293675338e-10,5.549533277360297e-09,1.2271558769150204e-10,1.0,2
6,1.2751494304907848e-10,6.896319604265956e-08,6.004698691400301e-13,1.104310531907515e-09,1.5516155826844624e-07,5.3463716093160585e-11,0.9999997615814208,2
6,8.668999545990985e-12,2.294897427645992e-08,1.856588477790536e-14,3.959674255149537e-11,4.501202965911944e-08,4.397913457021563e-12,1.0,2
6,1.1287807494264611e-10,6.578682132385438e-08,5.962403422550555e-13,8.285156588572207e-11,7.482357489152491e-08,5.578593836874646e-11,0.9999997615814208,2
6,6.311526301594482e-10,1.554574851070356e-06,6.0934850915073105e-12,2.0384613441670751e-10,2.159722782835161e-07,1.3515231989114082e-10,0.9999982118606568,2
6,2.665637932608433e-09,2.0164445686532417e-06,5.52075702861532e-12,8.858287436908086e-10,1.5195789728750242e-06,1.2348762290503856e-10,0.9999964237213136,2
6,1.8100947407617694e-09,1.0219110663456377e-05,1.519238380931487e-11,4.901620775932257e-10,3.086123570028576e-06,3.3590530357230364e-10,0.9999866485595704,2
6,2.435810719791931e-10,6.671179107797798e-06,7.865956150321375e-13,5.005855452377972e-11,1.8245259525428992e-06,6.625915788260883e-11,0.999991536140442,2
6,1.744629857247659e-10,2.967349428217858e-05,2.000141046711035e-13,7.258865817455495e-12,9.995611435442696e-06,2.4953362293134163e-11,0.9999603033065796,2
6,2.280073019278461e-09,7.59801987442188e-05,9.467219759876078e-13,6.703772953420284e-12,0.0001099757646443,5.770832423035444e-11,0.9998140931129456,2
6,1.7174824895604954e-09,0.0001354573760181,4.923357186346899e-13,1.9161672248912964e-11,4.08758241974283e-05,3.229225914447298e-11,0.9998237490653992,2
6,8.40478076025164e-10,1.0075970749312546e-05,7.780926510742027e-13,3.1533425176588636e-11,1.027505368256243e-05,3.2387727916249887e-11,0.9999796152114868,2
6,1.431855523037484e-09,2.9385682864813134e-07,3.495689198176888e-12,2.1949633777218478e-10,4.079113296029391e-07,7.699521575865731e-11,0.9999994039535522,2
6,4.3217388001615115e-10,3.7227771088055306e-08,3.082270766743833e-13,3.75446951306202e-10,1.7090269466280009e-07,9.48331690953097e-12,0.9999998807907104,2
6,4.2834472080421904e-10,1.9024348318907872e-08,1.271342623190841e-12,1.1772196550907663e-09,2.137773122967701e-07,1.09189974770163e-11,0.9999997615814208,2
6,4.428927016797424e-11,4.145071397232414e-09,4.172253905213031e-13,2.9716964999870754e-10,2.4241169072070082e-08,1.1322390941481686e-11,1.0,2
6,3.107254731293807e-11,4.033534395375682e-09,2.32769451500095e-13,1.0618569218356909e-10,1.7209343283752787e-08,6.814558466128329e-12,1.0,2
6,1.8009402302787691e-10,1.3455566438835833e-08,3.0980665081947745e-13,5.399367064562455e-10,1.1234536856363778e-07,1.2931955853390242e-11,0.9999998807907104,2
6,5.740535824472204e-10,2.1634548375004673e-08,1.5381704970059834e-13,6.712904121464192e-10,8.330567879966111e-07,2.6729536986569435e-11,0.9999991655349731,2
6,2.9120041881297576e-12,1.2993824072271562e-10,9.779055515390152e-15,1.1991221904317229e-10,1.4401094539095992e-08,1.812060917982805e-12,1.0,2
6,1.1396565386279786e-13,8.414732799444379e-11,7.623547988194919e-16,7.071855687851292e-12,2.217960703987387e-09,8.703954440872352e-13,1.0,2
6,1.7404596644107764e-12,6.710873523552151e-10,7.066330434338112e-15,1.1798426124975947e-10,2.5796223823704167e-08,2.9799290205551054e-12,1.0,2
6,1.8061535340258008e-12,5.528211222127766e-10,1.7536736358859592e-14,1.938306848359161e-09,3.5059819936122956e-08,4.458709443322384e-12,1.0,2
6,2.1967629538349746e-12,1.2872390930951383e-09,2.787173771401537e-15,1.4123969771517864e-09,6.945690245174775e-08,1.3218714317586588e-12,0.9999998807907104,2
6,9.309652007627456e-12,4.100734418699403e-09,5.033210380054297e-15,9.89008652751977e-10,1.819999084773372e-07,1.7081635585169952e-12,0.9999997615814208,2
6,3.888160626797088e-11,6.3102243430535054e-09,5.4806335115847516e-15,1.8705965665333224e-09,6.687891414003388e-07,1.0985562503076918e-12,0.9999992847442628,2
6,2.9900290576811977e-11,3.255072655861113e-09,5.319131010081196e-15,2.229121776053944e-09,5.359128749660158e-07,1.0196251395283573e-12,0.9999995231628418,2
6,5.90474500891669e-12,8.006594276466216e-10,3.525670246135276e-15,1.988711834099988e-10,1.86251227773937e-07,1.567819008299609e-12,0.9999997615814208,2
6,2.1898278329546272e-11,2.5952500148918034e-09,2.653779465329551e-14,3.0622870905716576e-10,2.58796404750683e-07,5.978007585477618e-12,0.9999997615814208,2
6,9.344935936184128e-11,7.648931266146521e-09,1.7394529013784604e-13,1.248944281329045e-09,2.885786045681016e-07,2.2950905065322047e-11,0.9999997615814208,2
6,3.1807839695474627e-10,1.7113825023784557e-08,5.628983065254778e-13,1.924242321038605e-09,4.053276256854588e-07,5.0999090367431776e-11,0.9999996423721312,2
6,2.599544579595658e-09,1.018269202290867e-07,1.6505675298761346e-11,4.116658125496997e-09,4.039441705572244e-07,1.0777376768800195e-09,0.9999995231628418,2
6,5.4805466831453495e-09,1.3014597755045545e-07,2.7602921684466427e-11,3.597126152499186e-08,5.268433937999362e-07,1.2542913374602451e-09,0.9999994039535522,2
6,5.845750550292904e-10,2.1394260585339e-08,5.845577927959811e-12,4.78323194386121e-08,6.506652994175965e-08,3.6488326249362046e-10,0.9999997615814208,2
6,2.1740981237527987e-10,4.1551242446757905e-09,2.3064293530605795e-12,1.528759674407354e-09,5.374925837742239e-09,5.652016632495814e-10,1.0,2
6,6.623859793997156e-10,7.945982929413731e-07,7.044857752713796e-12,8.155633390849458e-10,2.248882147171116e-08,3.2133140592804916e-10,0.9999991655349731,2
6,3.612456722645873e-10,1.748347813190776e-07,2.803407245927092e-12,2.226356654588812e-09,4.1200628686510754e-08,1.1823189094428699e-09,0.9999998807907104,2
6,1.9273338133785067e-11,5.957358606423213e-09,6.75092780614249e-14,2.6108840089911206e-10,1.0365203806372849e-08,1.1544895595072545e-10,1.0,2
6,4.603166806060877e-12,1.1720379111679335e-09,8.053492361924723e-14,1.803851339132745e-11,8.62846594174016e-09,7.982955962937409e-11,1.0,2
6,1.7832993415289875e-10,1.435365337698613e-08,1.510947617022751e-11,8.243328242230064e-10,1.6778167744035952e-09,2.976531021658957e-09,1.0,2
6,9.695518693453308e-11,3.9903781612338214e-08,1.2660128154151629e-11,4.854162072298607e-10,5.147292370111245e-09,1.0572577258116667e-09,1.0,2
6,1.0848239667682336e-10,2.910682894707861e-08,4.222759988903313e-11,1.0138964112726967e-09,1.2455854125903443e-09,4.924701757502703e-10,1.0,2
6,2.8144417352216067e-10,5.805057767815924e-08,1.4274889430232474e-11,1.6755299370174723e-09,1.236278746041819e-09,3.078932386824107e-10,0.9999998807907104,2
6,2.3635465806748357e-10,2.0418834623114893e-08,6.281821590681247e-11,4.411421006267346e-09,9.240669895937971e-10,6.957591169864941e-10,1.0,2
6,5.040506900755304e-10,1.6284687376355578e-08,2.853783320766468e-10,2.253706021804192e-08,1.619324674351219e-09,8.122686523392986e-09,1.0,2
6,3.9908212151607e-11,9.107893328419435e-10,1.045752243480913e-12,3.460502162599965e-10,2.2306317903897366e-10,2.0486419505250095e-10,1.0,2
6,9.18703690899747e-09,8.12840710295859e-08,3.0358954239417807e-10,1.4953094762404362e-07,1.809349825521167e-08,2.7314554174040492e-08,0.9999997615814208,2
6,1.0421899787615985e-08,1.9348135538166392e-08,7.445603161793102e-11,4.2351882001412384e-08,1.7935239071675824e-08,1.7344119029871763e-08,0.9999998807907104,2
6,4.1061362310301774e-08,8.313847956742393e-07,6.819428577387043e-09,7.649476287951984e-07,8.27387580670802e-08,6.099811002968636e-07,0.999997615814209,2
6,6.311475231335351e-10,1.1177760050884444e-08,7.187092032623353e-10,2.412132573681447e-07,1.0928370208773686e-08,2.3565219109400463e-08,0.9999997615814208,2
6,2.675208499169912e-09,2.0008402046300944e-08,8.231691772664362e-09,1.3415428838925436e-06,3.782853141842679e-08,4.679879737068404e-07,0.9999982118606568,2
6,5.091144839042272e-09,2.250572705975173e-08,2.7210903752461494e-08,1.5561010968667688e-06,5.2359936830725935e-08,1.1123222520836862e-06,0.9999972581863404,2
6,4.5665586867471575e-08,9.864155572358868e-07,1.748985454241847e-07,9.257344572688451e-06,6.474423344116076e-07,2.0002751625725068e-05,0.9999688863754272,2
6,2.536826286814176e-07,2.887722075683996e-06,1.71231675949457e-07,1.0428096175019164e-05,1.5369594166259049e-06,3.7674439226975664e-05,0.9999470710754396,2
6,8.929540058488783e-07,1.4269024859459023e-06,2.169824568909462e-07,3.787527020904236e-05,3.061272764171008e-06,0.0001108091673813,0.9998457431793212,2
6,9.228546332451517e-06,2.356222012167564e-06,9.648655350247282e-07,0.0002519607078284,0.0001837766612879,0.0075748050585389,0.9919769167900084,2
5,1.0706898137868848e-05,6.216902903588561e-08,2.87806960841408e-06,0.0008539218688383,8.193679241230711e-05,0.99022114276886,0.0088292509317398,2
5,9.233390301233158e-06,4.1940928952044494e-08,1.6406605936936103e-05,0.0015393742360174,2.281647357449401e-05,0.9696304202079772,0.0287816915661096,2
5,1.2267724969206029e-07,5.228916952204621e-11,5.2676149664421246e-08,3.4671764296945184e-05,1.289579722651979e-05,0.9995926022529602,0.0003596582391764,2
5,3.152116789806314e-07,2.1803611000015263e-11,2.960086620262814e-09,4.130372690269724e-05,0.0001308203209191,0.999804437160492,2.303248038515449e-05,2
5,5.758026304647501e-07,1.0887675309934064e-11,1.078019340461367e-09,2.592884629848413e-05,0.0002006686554523,0.9997476935386658,2.510728700144682e-05,2
5,5.224681558502198e-07,2.3121497771949606e-11,3.553098093522777e-10,6.41825536149554e-05,0.0027010964695364,0.9972104430198668,2.372052040300332e-05,1
5,1.783121632570328e-07,7.290049098239437e-13,1.726787636491256e-11,7.949693099362776e-06,0.0009200516506098,0.999071478843689,2.580297859822167e-07,1
5,6.569287336333218e-08,3.490930146950872e-13,9.440935880289379e-12,3.729626541826292e-06,0.0005287950043566,0.9994673132896424,1.521055565945062e-07,1
5,3.303807147858606e-07,3.916584070950968e-12,2.6629292521063164e-11,8.340613021573517e-06,0.0020037582144141,0.9979871511459352,3.7740525726803753e-07,1
5,1.0152700014032234e-07,7.533549657582143e-14,4.329616526410618e-12,3.187728907505516e-06,0.0002478414098732,0.9997487664222716,9.828386282606517e-08,1
5,7.0089258841221636e-09,1.182938702505229e-13,7.508675972656143e-12,3.5220027712057345e-06,3.555729927029461e-05,0.9999595880508424,1.2390647725624149e-06,1
5,1.389524717509971e-09,1.4563232618534233e-13,1.2667231846785754e-11,4.602053650160087e-06,6.616278824367328e-06,0.9999868869781494,1.8912186305897196e-06,1
5,3.2739713162754924e-08,8.001467544094254e-12,3.2897923274433083e-10,9.24958658288233e-06,7.346031634369865e-05,0.999915361404419,1.833180476751295e-06,1
5,2.716585623119272e-09,7.671047130841657e-11,7.810481150727354e-10,9.941417374648154e-05,0.0001122613975894,0.999784767627716,3.5234161259722896e-06,1
5,2.00079988132984e-08,6.733339580344833e-11,1.1159021484630214e-09,0.0003457395650912,0.0002048493915935,0.9994422793388368,7.096334229572676e-06,1
5,1.5190215307825383e-08,7.431600473895017e-12,3.45965434078721e-09,4.730754517368041e-05,0.000133028748678,0.9998193383216858,2.929947129359789e-07,1
5,2.845905555659556e-08,1.0032755876077104e-10,7.233987275867548e-08,0.0001314906839979,2.2724330847267996e-05,0.9998382329940796,7.479908617824549e-06,1
5,9.639119724624834e-09,2.2054337522892095e-10,6.132257368562932e-09,6.314806523732841e-05,9.630023123463616e-05,0.9998277425765992,1.2742672879539896e-05,1
5,2.824125715505943e-07,1.748381328603443e-09,1.0897069024906614e-08,0.000247328687692,0.0008231197716668,0.9989268183708192,2.450332885928219e-06,1
5,1.664972870685233e-07,1.8588379724349122e-09,6.800677283536061e-07,0.0013479102635756,0.0001032991858664,0.9985353946685792,1.2552352927741596e-05,1
5,5.366616164792504e-07,5.856358176181685e-10,2.0044739201807715e-08,0.0003288458101451,0.0004209412727504,0.9992456436157228,4.013233592559118e-06,1
5,8.653029226479704e-08,1.5826547017372403e-10,5.48089751362113e-09,3.643447416834533e-05,0.0001133038531406,0.9998496770858764,4.213859199353465e-07,1
5,1.6732451868506363e-08,4.0879421375761276e-11,3.336807219422866e-10,0.0001031141800922,0.0001779361045919,0.9997182488441468,6.566066304003471e-07,1
5,1.879612909760908e-08,3.6702137856670085e-11,1.0560030627715378e-09,0.0001792422845028,4.939525024383329e-05,0.9997699856758118,1.4109962194197578e-06,1
5,4.678400777891056e-09,1.5322147717267143e-10,2.157677592151685e-09,0.0003986275987699,0.000103739053884,0.9994925260543824,4.99940688314382e-06,1
5,3.4376562707549846e-10,8.696515729766928e-11,1.6490246668166006e-10,0.000138099421747,2.2667189114145003e-05,0.999834418296814,4.69091537524946e-06,1
5,1.6140923320140388e-10,2.653968884935853e-11,2.1364578162152978e-10,3.101180482190102e-05,3.448672032391187e-06,0.999964714050293,8.829858302306093e-07,1
5,5.116826407025599e-10,5.619045506666254e-11,1.8182986227799347e-09,1.1637845091172494e-05,6.21146909907111e-06,0.99997878074646,3.3093606361944694e-06,1
5,3.0065642420140655e-08,1.026071561049946e-09,4.1856022647834834e-08,7.766027556499466e-05,2.3389515263261277e-05,0.9998937845230104,5.074799446447287e-06,1
5,2.767777971257601e-07,3.5967239853107464e-08,1.8263431655896056e-08,0.0001531967282062,0.0002134242822648,0.99953293800354,0.0001001828932203,1
5,1.1492537588253526e-08,2.180808778007304e-08,1.3226264528043432e-08,0.0015596767188981,0.0001370379468426,0.998123586177826,0.0001796932338038,1
5,3.704230948642362e-07,3.37550964957245e-08,3.3572167268403064e-08,0.1323606073856353,0.0003608111292123,0.8671971559524536,8.107098256004974e-05,1
3,2.825759679581097e-07,1.3712232771467825e-07,1.2798088278032085e-07,0.5556232333183289,0.0007393723353743,0.4435601830482483,7.672507490497082e-05,1
3,8.342816215645144e-09,5.019330284738999e-09,7.230750720399469e-11,0.9999969005584716,1.849953491728229e-06,1.011162112263264e-06,1.28756440176403e-07,1
3,6.311559608285221e-10,5.621332288541224e-10,2.2108020709260545e-12,0.9999997615814208,2.406960106782208e-07,2.8517819217199762e-09,3.885803323555592e-08,1
3,1.04380802612436e-10,5.400711822201032e-11,6.890249140559594e-14,0.9999996423721312,3.138695490179089e-07,4.0186163424715815e-11,1.413814398887325e-09,1
3,3.3482347450153327e-10,8.931073242068877e-11,1.4379154334234756e-12,0.9999994039535522,5.422899107543344e-07,3.65251495715313e-10,6.224257731446414e-08,1
3,6.503765304088914e-10,1.1634240099089864e-10,4.8200189499414395e-12,0.9999995231628418,4.042208843202389e-07,1.7090871773373095e-10,4.1114571303069176e-08,1
3,5.314285456137213e-09,1.6786788625822167e-09,4.0590780736593495e-11,0.9999948740005492,4.852823167311726e-06,2.8722111355961033e-09,2.159169696369645e-07,1
3,2.357426476251589e-09,2.4703072920573277e-09,1.983753612766481e-11,0.999983549118042,1.6270007108687423e-05,3.1181546233938207e-09,1.4515723023578178e-07,1
3,4.1470862299775035e-09,3.473212162319328e-09,3.965988426557487e-09,0.9999958276748656,6.103233545218245e-07,1.491234336015168e-08,3.5288949220557697e-06,1
3,2.128415776958548e-10,3.1995825433561715e-10,2.531211872047745e-11,0.9999966621398926,3.22962955578987e-06,3.0537500306238025e-10,8.285727659540498e-08,1
3,4.019794719312131e-09,2.8386648587286345e-10,4.321253632699751e-10,0.999984860420227,1.5025405446067452e-05,1.5175025680491674e-07,8.546455987357149e-09,1
3,4.4402291621281626e-08,5.896885757472603e-11,3.841475401666905e-11,0.999993085861206,6.873253823869163e-06,4.075648263324183e-08,3.146346960747337e-09,1
3,1.6553840964661504e-08,1.9390553052112122e-10,1.114554404324508e-08,0.9999992847442628,6.071684310882119e-07,4.0545987900486586e-08,2.4130070386263472e-08,1
3,1.1351301054673969e-07,4.690344779234579e-10,2.566663992453755e-09,0.9999865293502808,1.3318143828655591e-05,2.3738271792694832e-08,5.967832006348317e-09,1
3,7.635593490817882e-09,1.2512498814842843e-09,1.4528830583060426e-08,0.9999997615814208,5.3314415993099835e-08,3.3925096065701155e-09,1.697001721367997e-07,1
3,8.502372694785264e-10,1.0334339634043843e-10,3.5815994614551983e-09,1.0,2.2874598215594236e-08,2.931321851917801e-10,6.866221369250525e-09,1
3,7.110197941528895e-08,2.167750867698714e-09,1.5961211019543953e-08,0.9999996423721312,2.355417478838717e-07,2.5220414645588107e-09,1.7964882914611735e-08,1
3,5.714105300036465e-10,1.8822753078406862e-10,5.359178656405561e-10,1.0,1.8475649454785525e-08,4.420808163985157e-11,9.801662592678896e-09,1
3,1.5785199813933561e-09,1.0248650816890859e-09,1.1490074169895336e-10,0.999998927116394,9.128419833359658e-07,1.1436265129338707e-10,1.4871552878048533e-07,1
3,1.8952006630712503e-09,6.820530251694379e-10,1.4506437717720644e-10,0.9999994039535522,2.64966843133152e-07,1.2518695802210544e-10,3.482717545466585e-07,1
3,5.1080140117676365e-09,3.7033467958913486e-10,2.770950136010697e-10,0.9999997615814208,2.3164027140865079e-07,6.448306888451326e-10,4.851333912370137e-08,1
3,1.1373356478827644e-08,2.4607529902631603e-10,4.0900161035750665e-10,0.9999998807907104,1.2922157566208625e-07,3.366876569210753e-11,5.270110126076588e-09,1
3,1.9540374873727728e-10,3.246161325853869e-11,4.740557946192324e-10,1.0,2.5708251527589713e-08,1.1579314763976443e-11,1.991431020087475e-09,1
3,4.3627577106519774e-09,1.8965763681766387e-10,7.169738136525439e-10,0.9999988079071044,1.1175607141922228e-06,1.0769370117902355e-10,3.019206928911444e-08,1
3,1.667351152978558e-11,8.105799560211013e-13,1.3366041129794781e-12,0.9999998807907104,7.492941023201638e-08,1.75981611553154e-13,6.954180564733291e-10,1
3,2.1906974845276037e-10,3.5045709390058015e-11,1.1910661346092866e-10,0.9999996423721312,2.979941200464964e-07,4.440411927042476e-11,9.660894306762202e-09,1
3,1.5780572404366922e-09,9.336523915104422e-11,4.2097478281100104e-10,0.9999955892562866,4.371538580016932e-06,1.951020678347959e-09,1.9844312859618185e-08,1
3,7.083523101414357e-09,2.4378504770439235e-10,2.1763514601591535e-11,0.9999912977218628,8.67997823661426e-06,2.1253780679852952e-10,7.175641769663343e-08,1
3,2.5114610835430543e-08,1.1848681757964383e-10,8.749539287533636e-12,0.9999932050704956,6.745657628925983e-06,2.0744336803879546e-10,2.695482725911802e-09,1
3,2.7119586576418442e-08,2.9448110616669965e-10,2.3464504644854497e-11,0.9999945163726808,5.389086254581343e-06,1.389522052974712e-09,1.2171780028324974e-08,1
3,1.1257259124874965e-08,1.1962060508796668e-10,2.9930333385330687e-12,0.9999837875366212,1.620370676391758e-05,1.2077953914779727e-10,3.001225579168931e-08,1
3,4.220120697340235e-09,6.65842589397947e-11,1.8901746834387723e-10,0.9999974966049194,2.4386588393099373e-06,1.2217288514193571e-08,3.927462088881839e-08,1
3,5.716416850987117e-08,2.0235796371892434e-10,8.752532726363782e-11,0.9999723434448242,2.4360257157240998e-05,9.896651498308984e-09,3.2061025194707327e-06,1
3,3.825761929476812e-09,3.431252157404252e-11,2.999847982868009e-12,0.9999616146087646,3.8268353819148615e-05,6.113838879606702e-10,5.4118164172223266e-08,1
3,1.321275755472584e-09,6.515606196938473e-12,3.021427509228292e-12,0.9999864101409912,1.3636155927088112e-05,2.9549596103350945e-10,2.4283259847379664e-09,1
3,1.1242982239645372e-10,2.576802920345456e-12,9.945722630883005e-13,0.9999995231628418,4.644144269150274e-07,2.519513027030018e-12,3.2767924484922157e-10,1
3,2.2507642416513814e-09,5.228240063104295e-11,3.622838140593387e-10,0.999998927116394,1.0143282906938111e-06,1.1766531082813003e-09,3.5310347978878553e-09,1
3,3.5348541871371715e-08,7.04707348031519e-10,1.0358739643834271e-08,0.999994158744812,5.310874712449731e-06,7.326323725465046e-08,3.307333713564731e-07,1
3,2.6329325386598157e-09,2.9341713086994397e-11,6.321410062071209e-11,0.9999994039535522,5.784941095043905e-07,1.1456472437387788e-09,6.227424798055381e-09,1
3,2.7870752816738783e-08,3.6102277417571216e-11,3.1728808469466685e-10,0.9999858140945436,1.399985012540128e-05,1.764771440093682e-07,1.9475747237152063e-08,1
3,3.564748773943194e-10,9.225610726748543e-13,8.966025838441638e-12,0.9999957084655762,4.244563115207711e-06,1.6671304337023685e-08,5.321663998358872e-09,1
3,4.145694065815775e-10,1.0117274856433212e-12,2.460197193535074e-12,0.9999942779541016,5.670784958056174e-06,1.2403703841812332e-08,9.149628832361143e-10,1
3,5.91939830485444e-11,1.842419446174137e-13,3.189412099767301e-14,0.9999830722808838,1.6894615328055806e-05,2.832446943656919e-09,2.4611623850034903e-10,1
3,1.3631478758269198e-11,2.0818991062349082e-13,2.7925053355847343e-14,0.9999992847442628,7.197278364401427e-07,1.2921864099568747e-11,1.4905974024537194e-11,1
3,3.863702413564596e-11,1.7961356685823607e-13,2.3894761494967776e-13,0.9999927282333374,7.284977073140908e-06,8.763038628067931e-10,2.8598709511662435e-10,1
3,1.707874813794419e-11,2.6148554214911957e-14,2.4145897277059663e-14,0.9999980926513672,1.8960543002322083e-06,1.4286884175707115e-10,1.2271270805053192e-11,1
3,1.6500511894335101e-12,8.129888635129841e-14,3.1152431844002834e-14,0.9999998807907104,9.076235585325777e-08,7.414591510213064e-12,1.3628913102248229e-11,1
3,9.654486411714291e-13,6.071192675113565e-14,1.9659551696543483e-14,1.0,1.9247799798449705e-08,3.074655601734838e-13,1.2880237675039208e-11,1
3,1.9819278596761025e-12,1.1474347947487697e-12,6.394545483401348e-12,0.9999998807907104,1.6226604770963604e-07,1.1691525525492352e-10,2.5739380071776447e-10,1
3,4.6748525189821415e-11,2.064453859598747e-12,1.7026932641606152e-10,0.99999737739563,2.564156147855101e-06,1.1772983476987521e-08,3.736124742914626e-09,1
3,1.887786177379169e-10,8.96798694333123e-13,1.1688030101056346e-12,0.9999995231628418,4.819443120140932e-07,1.2909734392607675e-09,1.0104157510681944e-08,1
3,2.681264543724637e-09,3.4870467624514845e-11,1.4420310778806567e-10,0.9999954700469972,4.137649739277549e-06,1.411059429301531e-07,2.1750039991275122e-07,1
3,9.315834326173444e-09,9.946560242113378e-10,2.5658046354237743e-08,0.9996912479400636,4.713306771009229e-05,0.0001902626390801,7.133535837056115e-05,1
6,1.1248939973951265e-10,1.1824639878366128e-10,1.7529314888520275e-08,0.0483103543519973,2.312185642949771e-05,0.0002558339911047,0.951410710811615,1
3,2.775604468485682e-10,2.9175752092047696e-11,1.6629946308910346e-09,0.9999842643737792,1.1879810699610973e-05,1.0906991292358723e-06,2.7274959393253084e-06,1
3,3.0482573930290524e-12,5.565338988267055e-12,1.0663508964725563e-09,0.9999998807907104,9.514425869383558e-08,4.2257934929068605e-09,4.97842300717366e-09,1
3,2.032712539956627e-12,2.199207179212625e-12,3.0399058270624835e-10,0.9999998807907104,1.3387990804858418e-07,1.943526450887134e-09,8.508815874108677e-09,1
3,3.0954117741233134e-11,3.780680195991648e-12,1.0381480120003062e-09,0.9999997615814208,2.792173177113e-07,1.8792123412936235e-09,2.8271129881574093e-09,1
3,2.186522317371153e-11,1.8929196751726884e-11,3.1762373287058665e-10,0.9999997615814208,2.484568710769963e-07,3.1668807576323843e-09,5.426470384151116e-09,1
3,3.177356988626201e-11,3.1327360844324303e-11,1.201012622686903e-10,0.9999998807907104,8.011842567157147e-08,5.86620307885255e-10,1.0362213309633714e-09,1
3,6.689256353692441e-12,3.6546876636123216e-12,4.303361486601709e-11,1.0,3.0674511819483996e-09,6.890919085345004e-11,2.5153010230205547e-10,1
3,6.696307397469069e-11,1.8697755149732487e-11,8.734355461115229e-09,1.0,3.946703586166223e-08,4.2546687950562045e-08,8.35215629990671e-09,1
3,6.091709081612606e-11,2.701900855828221e-11,2.0924314725334625e-08,0.9999998807907104,1.172570023300068e-07,4.0385938149256624e-08,8.16562018002287e-09,1
3,1.3849699165291438e-10,1.354448411067244e-11,1.1692150025943704e-10,0.9999998807907104,1.7519546702260413e-07,9.616746288187984e-11,3.277725035832901e-10,1
3,8.260132855486546e-11,7.791855702321548e-12,1.3980884158715234e-11,0.9999998807907104,1.1330470073289689e-07,4.13678726690625e-12,2.9635338627542746e-10,1
3,4.5320889402455926e-11,2.562717616241828e-12,9.726904611623288e-13,1.0,2.885025729426616e-08,4.2682234157633003e-13,6.381661310506104e-10,1
3,6.713558875492964e-11,3.2798295329650173e-12,3.078854532434505e-11,1.0,8.693883835064753e-09,7.260423273876271e-13,2.685323630124969e-10,1
3,1.2110375202656343e-10,1.598174717565293e-12,3.420637796451576e-13,1.0,2.3728768283604044e-08,2.149461469545203e-14,3.813614354863937e-11,1
3,7.369366922249654e-11,3.387145381880674e-12,1.2047783289666908e-13,1.0,1.4624196076340468e-08,3.172167610104035e-15,4.5124657482853436e-11,1
3,1.3627102224411658e-10,6.296729197080575e-12,2.4332388534609173e-11,1.0,4.030765499152267e-09,1.0232273199312777e-13,1.2510444069580018e-10,1
3,4.053961333294609e-11,1.3963431105823432e-11,2.0130297428977426e-10,1.0,6.9577805739129425e-09,8.208841592582951e-14,1.8386909772516447e-09,1
3,7.134434536204548e-12,3.712460026894515e-12,1.728843197074115e-12,1.0,1.8258404788085159e-09,4.0085423417830345e-15,9.300733100348067e-11,1
3,1.024352586261046e-12,6.01651974768691e-13,2.391759750322575e-13,1.0,4.3643838543161445e-10,4.78379750532877e-16,1.6053396459381197e-11,1
3,2.140429489465995e-13,2.214823512309075e-13,7.389373401361922e-13,1.0,1.0988159687697063e-10,6.576523679951182e-16,2.4846779148046668e-11,1
3,1.804397343346809e-12,6.595146249867985e-14,3.0118912734949244e-14,1.0,2.611542537778177e-09,5.568749925571144e-15,9.103937222143532e-13,1
3,3.769462606634244e-12,2.7162308657174318e-14,3.8838957684738176e-14,1.0,7.598432105737629e-09,5.699257797468772e-14,1.0003945371747649e-12,1
3,1.849316706714621e-12,2.5287072579643393e-14,2.474327708869295e-13,1.0,2.228409989868396e-08,3.267602117704161e-13,5.935083154107179e-13,1
3,1.1839211251987725e-13,5.3442722185051235e-15,4.9988438181644675e-16,1.0,9.490587871141544e-09,4.2503361551480093e-16,7.128935571205919e-13,1
3,4.19978112074608e-14,8.975370749761012e-16,2.5372283247104225e-15,1.0,6.258241147527598e-10,2.600490039167294e-15,3.11245929203452e-13,1
3,1.8922821073746532e-14,9.774271843880976e-17,4.985701109371081e-17,1.0,4.04255129371478e-10,3.786444731124351e-17,1.7183838716110927e-14,1
3,1.9724842690183738e-13,1.385901967528567e-15,2.7541128049207806e-16,1.0,2.5291851946107613e-10,1.457556428533969e-17,3.270468409435033e-14,1
3,1.5492734472302401e-15,6.863958487250418e-16,1.114113955171664e-14,1.0,1.2865082263391336e-12,1.3953218407873167e-17,3.4034827365268805e-13,1
3,6.366636818438964e-13,1.5136835198898554e-13,5.038298337561864e-13,1.0,3.7557448817615574e-10,4.182256940803631e-15,4.5137137083539614e-11,1
3,1.0501616937164115e-12,1.9803855278756333e-13,6.870304563970364e-14,1.0,8.828206915501012e-11,1.0240853854826698e-15,2.3618513395051718e-11,1
3,3.708666620333423e-12,1.0730900488944291e-13,1.0922613860467681e-13,1.0,4.221584193331296e-11,1.569977473559977e-15,1.0748118541015206e-11,1
3,3.3794015762839136e-12,6.554365340402657e-14,1.760145306416161e-13,1.0,9.033274683822867e-10,2.0507946672776965e-15,6.736827762310327e-11,1
3,1.087894184459426e-11,3.874100001845411e-14,6.710815497051881e-12,1.0,1.1899182750241264e-09,4.556984740185407e-14,5.728100285762317e-12,1
3,3.5956079780241623e-10,3.3867816862619143e-13,3.2335797234273045e-11,0.9999998807907104,1.1271915667521173e-07,9.354181925574911e-13,3.8224545056975145e-11,1
3,1.617477540793999e-10,3.1688684337151385e-13,1.2187809789176995e-11,0.9999998807907104,1.6897492116640933e-07,2.824531244744605e-13,3.819597763077276e-11,1
3,3.5264358100306476e-10,3.680587085108655e-12,1.4618559140977538e-10,0.9999988079071044,1.1590720987442182e-06,1.5547800677126469e-12,6.561612919675497e-10,1
3,6.584907966122877e-12,1.0630574111963886e-12,1.6208995257116499e-10,0.9999998807907104,1.0686833462614233e-07,4.94660952823911e-13,1.1132414989845072e-09,1
3,3.976786261405962e-11,2.4816461385857025e-11,8.344581969854659e-11,0.9999997615814208,2.277089095059637e-07,4.732051556155525e-12,5.9265303775646325e-09,1
3,1.6039049255400784e-10,1.2122500052391684e-11,5.846819556287741e-11,0.9999998807907104,7.136095092619145e-08,2.395513691924589e-12,3.01623881426849e-09,1
3,2.777257868125105e-10,5.017652959793395e-12,8.902863168902542e-11,1.0,1.7954100428596576e-08,3.4124155324360968e-12,2.076293359465353e-09,1
3,3.2006733374778657e-10,2.256454354962467e-12,6.985821365823597e-10,1.0,1.391065840294914e-08,1.3155337930115252e-11,1.9673704887424037e-09,1
3,2.4131916465108816e-09,2.609731224526013e-12,8.974627707658556e-10,1.0,3.8666925661345886e-08,1.4356452658625951e-11,4.4173462110386197e-10,1
3,7.016732334053087e-11,6.174029386699087e-13,1.9728746414315879e-10,1.0,1.178707975668658e-08,3.398541214075235e-12,9.368822384558941e-10,1
3,4.4070788685068857e-10,6.7817526767932615e-12,1.331169063867321e-09,0.9999998807907104,1.6704262861821917e-07,2.679041155584372e-10,7.372508381564556e-09,1
3,4.804902031807501e-10,1.5604998196416808e-11,1.1068841399008986e-09,0.9999986886978148,1.2712820307569928e-06,1.5933318553429388e-10,1.029437424193702e-09,1
3,1.6383791545671042e-10,8.826005030992956e-12,2.110084676432145e-11,0.9999990463256836,9.736261290527182e-07,2.223902485776197e-12,1.659650056273776e-10,1
3,1.929459259031319e-08,1.0928113275410212e-10,4.85460727173148e-10,0.9999943971633912,5.566206709772814e-06,2.3168240936843887e-10,1.982895847518762e-09,1
3,1.0761268542935907e-09,3.022875560976246e-10,1.013798041071823e-07,0.9999972581863404,2.613786818983499e-06,5.188232954367322e-09,1.661856430246189e-08,1
3,1.3616758831602738e-09,4.681785514826231e-11,3.157922146002079e-09,0.9999992847442628,7.465707767551066e-07,2.7747831810032153e-10,7.0356978021379746e-09,1
3,2.311910662911032e-09,5.544837158866223e-11,1.5169284717231335e-09,0.9999974966049194,2.450502051942749e-06,1.348952616275767e-09,3.2107511316326054e-08,1
3,3.5200928283352084e-10,1.338570573827802e-11,4.156138627697814e-11,0.9999971389770508,2.858381549231126e-06,2.25168231282602e-10,2.553687261652726e-09,1
3,1.0530471633574123e-10,7.657475348255005e-12,1.2757872536184323e-10,0.999996304512024,3.7269448966981145e-06,6.986665468389219e-09,1.71802461146342e-09,1
3,6.862891505088342e-11,1.046886709266115e-11,1.1072823907776196e-10,0.9999889135360718,1.1138623449369334e-05,1.8905893739429306e-08,2.863868253655255e-09,1
3,3.445174701077747e-11,2.1761531378977628e-12,1.1380217081191636e-11,0.9999997615814208,1.8162400294841066e-07,3.889255029143612e-10,5.6057609942872227e-11,1
3,5.326641905334384e-11,3.9525961713707263e-13,3.552203808876442e-10,0.9999971389770508,2.497605919415946e-06,4.152276460445137e-07,3.0466770772896723e-10,1
3,1.2154282788556792e-11,2.460321172053498e-13,2.6383589757372757e-11,0.9999994039535522,5.732805448133149e-07,4.651607987682382e-09,2.0145640364233053e-11,1
3,1.6948353527904136e-12,1.9236776884964946e-13,2.154290417930027e-12,1.0,1.3091679740284691e-08,1.6948903218405589e-12,8.530639844690768e-13,1
3,4.788544560874186e-12,3.4461179027577005e-13,5.846501126109682e-13,0.9999998807907104,8.16634155853535e-08,3.4921124152098578e-12,1.3968588655557945e-12,1
3,3.791440252032263e-12,3.114447989869401e-13,1.986337991866094e-07,0.9999997615814208,8.936931195080433e-09,2.3810436955429276e-10,9.209923101938243e-11,1
3,2.0033304876099223e-11,1.112601005250069e-12,2.010533961538385e-08,1.0,8.46251246855445e-09,9.185662647182014e-11,2.744441063295966e-10,1
3,2.5870450226506136e-10,2.561230578752155e-13,1.0957137419609353e-07,0.9999998807907104,1.1722015358373028e-08,3.4788816272168784e-09,1.580556518998577e-11,1
3,8.358867417679328e-12,1.648754239689729e-13,1.5455859170288022e-07,0.9999998807907104,1.1701593027879651e-09,1.2079461042535655e-10,2.22528870330585e-11,1
3,1.56520885141731e-09,5.193558799167219e-13,2.407699184914236e-06,0.9999972581863404,1.926307078292666e-07,1.0405134531765725e-07,5.588135509881909e-10,1
3,3.9979619007729516e-13,2.6081860195897866e-13,4.913715088150639e-07,0.9999995231628418,3.937985049162762e-09,5.192412277921221e-09,4.948575230145913e-11,1
3,1.6243083267308833e-12,7.877338646829214e-14,6.924645390427031e-08,0.9999998807907104,1.2083315459321398e-09,1.2996152765065716e-10,1.0486890002214809e-11,1
3,2.146793333379637e-11,4.420786924464598e-13,9.096717157319745e-09,1.0,1.6717006445787774e-08,3.200960330129732e-10,4.182997264540189e-12,1
3,1.9398361389422192e-11,6.223458028217431e-14,3.1621434359863083e-09,1.0,5.9192002410668465e-09,1.0659920862687857e-11,7.259181103447254e-12,1
3,2.5761762514897587e-11,1.4663715120627474e-12,1.293265938784316e-09,0.9999998807907104,1.0700356511961219e-07,1.7340727465064987e-10,1.1804952848581962e-10,1
3,4.90358621763054e-13,4.912086362662826e-13,3.8301201099599775e-10,1.0,4.164145028795474e-09,7.648895405942824e-11,2.1970419927797022e-10,1
3,2.1748268116961175e-11,6.716100657382096e-13,2.5314050855484993e-10,1.0,1.134982507977611e-08,1.4668320724720019e-10,7.869317003583731e-11,1
3,1.1223442314411967e-11,1.911400725196355e-12,4.179189494468716e-10,1.0,1.6293883575713153e-08,3.2317161099970626e-12,1.0956015261687212e-10,1
3,3.812688446208634e-12,1.7239895492085489e-12,1.3604393167554464e-08,1.0,4.442292933504177e-08,4.052028851342371e-11,8.945335583376846e-10,1
3,3.738816548026769e-12,6.366928468823363e-13,5.6488942412613605e-09,1.0,4.171548084741517e-08,5.301894340226099e-11,2.649376940055958e-09,1
3,7.098799629720598e-13,3.866048919800441e-13,2.612414506941718e-09,1.0,2.7350104403467404e-09,3.295781345318688e-13,8.559060127311112e-10,1
3,4.61255924948112e-13,3.491678246449887e-13,1.8426607462096456e-10,1.0,3.7440939237853854e-10,1.7539211389131472e-14,1.5808839792796903e-09,1
3,9.096581127243653e-12,1.2149283315499028e-11,2.1581152864769138e-08,1.0,6.455449508280253e-09,6.418187379134134e-13,1.5908272033016146e-08,1
3,2.727719092265879e-11,4.632602461362989e-12,1.6321674567443267e-10,1.0,6.08300743110135e-09,2.0261536318091217e-14,7.590967854298468e-10,1
3,6.27736274419477e-12,9.499389122535897e-13,3.1162288027797296e-11,1.0,4.4176937663564794e-09,2.896887196202308e-15,3.475986512513352e-11,1
3,1.108390289272787e-12,5.005195476831538e-13,1.4381035425004018e-11,1.0,8.878177637505758e-10,4.085357165731126e-16,2.93162230602384e-11,1
3,5.876710251241646e-13,4.562561808398036e-13,3.403375845034695e-11,1.0,1.0908312031432388e-09,2.1632210327294046e-16,2.6166657382531436e-11,1
3,2.244871362367881e-13,1.992042463058383e-13,9.452744142990356e-12,1.0,1.259395088215598e-10,8.115905476423386e-16,7.936904605765349e-12,1
3,5.10865492703988e-14,9.678818483445027e-14,1.1895539241135731e-11,1.0,7.506266164192255e-10,1.9211126525036427e-15,1.602311339166107e-11,1
3,6.88565347860097e-14,6.908714458809738e-14,3.061544420757123e-11,1.0,1.0610354816975587e-09,2.3376004467344762e-15,7.230742480462959e-12,1
3,1.4396754188100713e-12,8.076131350319166e-15,6.655879867438834e-14,1.0,1.1436944724607656e-08,1.7455067347909464e-15,4.4502596052709016e-14,1
3,3.0105587212623033e-14,1.7233885869557685e-15,5.37692915027004e-15,1.0,5.81024728329993e-10,4.2815950457985926e-17,1.1378798023178177e-13,1
3,4.4145936906048183e-13,5.600407781974773e-15,2.4176727582273828e-14,1.0,1.4550576743488364e-08,1.7907206917708911e-16,3.979362954605048e-13,1
3,3.273404767731303e-12,1.265368713266159e-14,1.7523035431531164e-13,1.0,3.0450390653413706e-08,4.433718999986803e-15,1.613064391260688e-12,1
3,4.3035461804417923e-13,9.170042214446102e-16,3.1907117024182734e-15,1.0,5.421743498601472e-09,1.126107327605898e-15,3.4222720872309964e-15,1
3,3.294860120755584e-15,1.125720154139664e-16,4.8408652582716186e-18,1.0,2.444416891123069e-11,1.2094068149409452e-19,7.950883870661344e-17,1
3,3.4482995885792844e-14,1.1829137827959208e-14,1.7999076079404377e-13,1.0,1.2237397510259096e-12,2.063127744922405e-17,1.138579465084777e-12,1
3,1.7139568844054542e-12,2.704719044219206e-13,1.354306510686909e-11,1.0,6.0507020401001635e-12,2.4116196913797138e-15,1.025573029278526e-11,1
3,5.421835940280785e-13,2.4986856659268974e-13,1.931969260135849e-13,1.0,2.684758838855661e-11,2.1244254679072795e-16,1.904697103163877e-12,1
3,4.825411337866514e-12,1.0891663005524466e-12,6.182260953169205e-11,1.0,1.0854551979466719e-10,1.4611382714640672e-14,3.392694805648411e-11,1
3,2.4765467996658297e-13,5.24201992577189e-13,2.475656658840197e-11,1.0,3.591884775722143e-11,1.0522894650438698e-15,4.014924850914703e-11,1
3,2.0321709592874268e-11,6.182879186932e-13,5.133259373124588e-10,1.0,3.841491125200491e-09,3.859977658685066e-13,6.098266336351799e-11,1
3,6.712060768299111e-11,1.6186550797631094e-12,2.581392877232247e-09,1.0,4.4833551982037534e-08,1.45518243722248e-12,2.943865290427894e-11,1
3,2.4434107515070025e-10,2.040076441112149e-12,4.787765295333202e-09,0.9999997615814208,2.022623419861702e-07,1.2723913936363296e-11,1.702914892431906e-10,1
3,6.145191300266362e-11,8.065315451090406e-13,1.7164837606831182e-10,0.9999997615814208,2.6766875294015335e-07,2.9583629383017618e-12,1.6227172383587174e-11,1
3,3.331052378374721e-10,2.2943994794355493e-12,3.2836713903527937e-10,0.9999985694885254,1.4590186765417457e-06,1.8413746222245564e-11,2.005010463212997e-10,1
3,2.7780194811199976e-10,1.513973148237202e-11,1.0520394555513235e-09,0.9999996423721312,3.654186571111495e-07,5.959577276115624e-11,2.012688460339973e-09,1
3,1.926993231649021e-09,2.9109884641664856e-11,2.5967401562354553e-09,0.9999996423721312,3.1728055205348937e-07,8.860339545391227e-11,3.5496341421747957e-09,1
3,7.536447022005176e-10,2.914749691607099e-11,1.6328962626488421e-09,0.9999996423721312,3.586051491311082e-07,2.1084697876538883e-10,6.8537495678810956e-09,1
3,2.0126837974032692e-09,6.889412651478466e-12,4.0654676847218236e-10,0.9999992847442628,6.600853339477908e-07,1.3696067890922592e-10,6.203083047218172e-10,1
3,2.5931059965955683e-08,3.6893832433548813e-10,6.816200937009853e-08,0.9999986886978148,1.2415262062859256e-06,1.429930396312784e-09,1.4373634726894124e-08,1
3,5.842498040919963e-09,5.153916529665459e-11,7.750190889055375e-08,0.9999996423721312,2.685462732188171e-07,3.063409970138764e-09,1.858098741536196e-08,1
3,1.9277823781749248e-08,3.2166355690144144e-10,1.201679680207235e-07,0.9999984502792358,7.227660034914152e-07,3.022277184072664e-08,7.222189424282988e-07,1
3,1.777400893132608e-09,1.2066774246477507e-09,2.319194969402361e-08,0.9999995231628418,3.837407405171689e-07,2.2459283322007195e-09,5.7370858286276416e-08,1
3,5.164776606392252e-09,2.984823221918731e-10,1.8697850379112424e-08,0.9999997615814208,1.4616504984132916e-07,5.029922034438528e-10,4.478602022572886e-08,1
3,1.6118228529649062e-08,1.6518865442183284e-10,1.9153615582467864e-08,0.9999985694885254,1.4247502804209944e-06,3.461938291593469e-09,3.7732323932004874e-09,1
3,2.3315388730793533e-08,2.329397438827208e-11,3.89415610868582e-09,0.9999997615814208,2.405406576144742e-07,6.766667226543176e-10,1.4611324650193322e-10,1
3,1.950347972012878e-08,2.5600116471125034e-10,8.544969887225308e-08,0.9999992847442628,5.519007686416444e-07,8.381129568135748e-09,9.848786675092924e-09,1
3,2.5770694023208307e-08,1.9637103054748195e-10,6.778765282433596e-08,0.9999940395355223,5.903552391828271e-06,4.170805034675595e-09,4.997666169792581e-10,1
3,1.6031286520501453e-08,4.868155878412495e-11,2.5453783081275105e-08,0.999991536140442,8.418054676440079e-06,1.2822961359404417e-08,1.5242418438532468e-10,1
3,2.44435427454448e-09,1.4800400488512718e-11,1.6512755607323015e-09,0.9999905824661256,9.395030247105751e-06,3.388566094386647e-09,5.730933436143282e-11,1
3,2.5101279388373143e-10,7.980813926389274e-12,6.133902830107728e-10,0.9999934434890748,6.546234999404987e-06,6.0533502654891436e-09,5.5658158637506006e-11,1
3,1.3894827510796404e-09,1.0916396909685377e-12,1.0221390400744211e-10,0.9999756813049316,2.4198579922085628e-05,6.03414349598097e-08,1.1454615901629328e-11,1
3,3.0639121795239527e-10,3.2698921695328838e-12,1.0250553877932944e-10,0.9999943971633912,5.620107458526036e-06,9.932762168318732e-09,1.3304674202629928e-11,1
3,2.738518613265573e-12,8.211929400370188e-13,9.523180855008916e-11,0.9999998807907104,6.748874881168376e-08,3.0345743279314163e-11,9.758202058895991e-12,1
3,7.532419826761226e-11,3.3342686250881215e-12,5.913738682777892e-12,0.9999958276748656,4.122620794078102e-06,4.3644053648872465e-11,9.67306703486548e-12,1
3,5.7692510491147424e-11,1.2259429582606174e-11,2.5060471059434875e-11,0.9999996423721312,3.478924384126003e-07,7.394732395860082e-12,3.504697920764244e-11,1
3,8.268580264925163e-11,8.924475741745043e-13,1.679909683582892e-10,0.9999996423721312,2.998036450208019e-07,9.542124035366584e-11,6.671084691600715e-12,1
3,7.18044070383006e-12,4.679875844487702e-12,1.8802658041661147e-10,1.0,4.765221106595163e-08,2.215657128254445e-12,2.1908310235407846e-11,1
3,6.091033059874018e-12,6.9805537218636796e-12,1.6304926159227406e-11,1.0,2.5388152025129784e-08,7.477286341093722e-14,5.300077599024178e-10,1
3,6.584494668254726e-12,3.1534774791452946e-12,4.4622699979512953e-10,1.0,4.548991938690961e-08,2.7856157051170398e-12,7.305507587762605e-11,1
3,9.615519491745772e-10,2.971825285857932e-10,1.2786233405392975e-08,0.9999957084655762,4.333285687607713e-06,1.0147278572958383e-09,1.7941895746886871e-09,1
3,2.8735777646282656e-10,1.0626775154287671e-10,2.0175577875036763e-10,0.9999980926513672,1.900011284305947e-06,2.9692189679186853e-11,7.703467308495249e-10,1
3,1.6295603755267507e-10,2.975728552456758e-10,1.484770639770261e-10,0.9999979734420776,2.016413418459706e-06,1.0074740521004431e-11,1.799595028550982e-09,1
3,1.2691031558986762e-10,1.1524500104220792e-10,1.2443942577766707e-11,0.9999769926071168,2.3034788682707585e-05,1.7736363593090498e-12,2.172598323468833e-09,1
3,3.324770236901031e-09,4.5121200109576876e-09,2.8785659966779065e-10,0.9997946619987488,0.0002052024356089,5.7130810499073086e-11,2.001446972599297e-07,1
3,6.079765135780235e-09,2.3321998554592938e-08,1.975016772348681e-08,0.9994136095046996,0.0005821305094286,1.2754920453161842e-09,4.295618509786436e-06,1
3,4.4478127847469295e-08,9.353512808729648e-08,7.61115686032099e-08,0.9993441700935364,0.0006446391926147,2.1978951991741272e-08,1.098510892916238e-05,1
4,1.0343032954551743e-06,4.925438190639397e-08,4.765905448067541e-10,0.0007587431464344,0.999237060546875,1.4906031964301292e-08,3.09677761833882e-06,1
4,1.1295054669346882e-08,1.4408550741418225e-10,1.4096894224852052e-13,6.23684428546767e-08,0.9999997615814208,7.949071956225849e-11,8.433349307779282e-08,1
4,5.246691525684355e-09,9.063821360122403e-10,1.6258915329532553e-13,3.5023923317112355e-08,0.9999998807907104,1.3072170949868234e-11,1.7063788959603698e-07,1
4,3.2255838000594395e-09,2.479086713691458e-09,2.28033000468364e-12,1.2087360801160685e-07,0.9999969005584716,4.711605411378272e-11,2.966087322420208e-06,1
4,6.485077752582669e-11,2.7746303518649817e-12,6.604521824627081e-16,1.057441911811452e-09,0.9999986886978148,2.1974592013650898e-13,1.3205257118897862e-06,1
4,1.2232944657242226e-09,1.642777233690218e-11,4.003581185107672e-14,4.002247422363325e-09,0.9999873638153076,4.519339763531249e-12,1.2661744221986735e-05,1
4,4.691548927127087e-09,2.825690514907109e-10,4.3863082789400223e-14,3.0679689899670854e-08,0.9999451637268066,5.56620017005266e-13,5.4792886658106e-05,1
4,6.119483392241776e-11,4.110425541603568e-11,1.4914440329967966e-17,1.7887878955846759e-09,0.9999998807907104,1.898788675662281e-15,6.177377542826434e-08,1
4,4.3625672518921015e-11,3.230406775411865e-10,1.269995276045489e-16,1.7840784405365184e-10,1.0,6.2474435448881235e-15,3.8613130470821495e-08,1
4,7.257064393861866e-11,1.3431046275158563e-09,4.066449537463838e-16,5.357940757733104e-10,0.9999997615814208,1.9281134645159935e-14,1.8741742735528533e-07,1
4,3.463975772888261e-10,1.459448339957703e-09,7.63816036532624e-16,5.320174523149035e-09,1.0,1.1241105024898877e-13,5.461227203795716e-08,1
4,3.508986851086249e-11,2.8452343259210977e-10,5.787549894691101e-18,2.810852939294506e-10,1.0,4.155444536374769e-15,5.3594810367485486e-08,1
4,7.830299603162061e-11,2.2741140567883456e-11,1.402151540232922e-17,2.469669579951983e-09,1.0,3.4666124408989224e-14,1.6206941566565547e-08,1
4,6.03572920809814e-12,4.814946726917901e-13,5.685961336272232e-20,1.032815152846034e-10,1.0,6.4295505463501146e-15,7.377329858115901e-10,1
4,1.5382839316582797e-12,1.447485286200454e-14,9.285648646307385e-22,2.984856806165226e-11,1.0,8.959259124313049e-16,4.998840230641122e-10,1
4,7.900481935330105e-10,2.323330980727456e-12,7.394120346316599e-18,5.748312492670493e-09,1.0,6.732504094150715e-13,1.0939237959917136e-08,1
4,3.7691003096362863e-10,1.6274554945870656e-13,3.248353258144342e-19,2.0608077466732766e-09,1.0,1.0411185531310901e-13,9.419587776449134e-09,1
4,5.876228836854125e-09,3.411880424453867e-13,6.205228127554853e-18,1.6581178652330662e-09,1.0,7.135659684659457e-12,1.5648945250745783e-08,1
4,9.963808622615035e-08,4.670173969767433e-12,1.626152645682323e-16,9.396130540295644e-10,0.9999998807907104,4.299521502715287e-11,6.034943655919278e-09,1
4,5.225104473538522e-07,2.9448628458732604e-14,1.0602743387585177e-15,5.86335824337425e-09,0.9999988079071044,1.7745135361124651e-09,7.068170475577062e-07,1
4,8.480558477685919e-08,3.2960893773202864e-15,4.489380830438444e-17,5.659177571004648e-09,0.9999991655349731,8.295968079163885e-11,6.957098435123044e-07,1
4,7.2344334967056065e-09,1.842378483660808e-14,6.386958632797956e-17,9.081059459958853e-09,0.9999881982803344,3.3488597311892576e-11,1.17690196930198e-05,1
4,2.5094117894752803e-09,2.450265569598192e-14,5.385593966448207e-17,1.0586960197400686e-09,0.999967098236084,1.9208738766263167e-11,3.2906453270697966e-05,1
4,2.332012449812737e-08,8.122939170254749e-13,5.459591889685976e-17,2.3948931726636147e-09,0.9999988079071044,6.370544283068602e-12,1.2249587371115922e-06,1
4,5.250190837635671e-10,7.139137913649007e-13,6.447246699127148e-18,1.0192471866510287e-10,0.9999958276748656,1.3250845733170369e-12,4.134314167458797e-06,1
4,2.8780608118950116e-08,1.1188670974958405e-13,1.6341312195894257e-15,7.615360786417114e-09,0.9999995231628418,4.959766486400952e-10,4.563696336390422e-07,1
4,6.972923571879619e-09,7.880873145911517e-13,8.409959316809821e-16,2.1387152049356928e-09,0.9999997615814208,8.572124954309146e-11,1.881184772400957e-07,1
4,9.131431255582356e-08,2.554011863109551e-11,1.91820893885716e-14,2.1576202158257732e-08,0.9999994039535522,1.9314222443611584e-10,5.179281856726448e-07,1
4,2.0768266273396563e-10,2.363399406735134e-12,1.341985929721612e-16,2.8974922461344477e-09,0.9999997615814208,1.964940796878034e-12,2.1772359559690813e-07,1
4,3.20835552569676e-10,5.4939052439306746e-12,1.288214425345337e-16,5.602407981974976e-10,0.9999997615814208,1.1578119539501495e-11,2.5911944590006897e-07,1
4,1.1608598110557368e-10,6.075290270857181e-11,4.340500562451965e-17,1.5324021218621198e-10,0.9999998807907104,2.2008885328366617e-13,1.448777453560979e-07,1
4,9.66359436915809e-10,8.779486165844119e-11,1.0258831070340986e-15,1.9491483427280798e-10,0.9999991655349731,2.176040944656954e-11,8.197332590498263e-07,1
4,1.3743667315324615e-10,1.426926021785846e-09,1.2946704839995296e-15,3.2216548873087447e-10,0.99999737739563,1.9211883819925116e-11,2.673141580089577e-06,1
4,7.111176231200389e-12,1.6279701198218532e-10,2.6760442597141894e-17,1.5057641244986542e-10,1.0,5.996253840678811e-13,1.6660694157621947e-08,1
4,3.0181798900408285e-12,1.2455586562154508e-10,1.842755910954193e-17,1.4722331687089252e-10,1.0,1.0371347877735637e-13,4.11897111973758e-08,1
4,3.0788538385451147e-10,1.3193188763693796e-08,2.4793084658870576e-14,8.150696828579386e-08,0.9999972581863404,1.834875654194157e-11,2.6220632207696326e-06,1
4,6.7959136096362735e-09,2.859077028460888e-07,1.866779571636085e-13,3.023288002168556e-07,0.9999938011169434,2.3729851417186865e-11,5.579570370173315e-06,1
4,1.0881295509079793e-07,7.920883149381552e-07,1.0405544481617568e-11,1.9450849322311115e-06,0.9998708963394164,7.97089894088998e-10,0.0001262021833099,1
4,4.3045611164416187e-07,2.302496966422041e-07,3.4610008001895176e-12,4.917962996842107e-06,0.999658703804016,4.663675223781638e-09,0.0003356485976837,1
6,2.449413338823092e-09,7.417432446032991e-09,1.3061736414687886e-10,2.2201597005278018e-07,5.452723598864395e-06,1.4316816621118276e-09,0.9999942779541016,1
6,3.4664010550855546e-10,4.1246267512562435e-10,3.811723159330427e-11,4.6583670254563e-09,1.31338012465676e-07,1.6694078064372064e-10,0.9999998807907104,1
6,1.648851188917888e-08,8.627760728074917e-10,1.5348987358887456e-10,3.7492821292062224e-08,2.952025397462421e-06,8.493161729461463e-09,0.9999970197677612,1
6,1.8283150993170242e-08,1.2586730768759937e-08,1.060591947599221e-09,7.339174601384002e-08,2.1150030988792423e-06,5.467309271978138e-09,0.9999977350234984,1
6,1.2328996490396094e-08,2.5354166766078382e-08,9.61282164979593e-10,3.9991004285866445e-08,4.853412178817962e-07,4.7719286300207395e-09,0.9999994039535522,1
6,2.9967587522605754e-08,1.5883392734394874e-07,6.707173927367194e-09,6.105207717155281e-08,4.264417157173739e-07,1.1269097655031146e-08,0.9999992847442628,2
6,6.666683134426421e-07,1.095464767786325e-06,1.1681078149194947e-07,1.1498883623062285e-07,4.619217634171946e-06,1.900164079415845e-07,0.9999932050704956,2
6,1.1082448509114329e-05,6.055880021449411e-06,1.0738174296420766e-06,8.054625482145639e-07,0.0001084466057363,5.169562200535438e-07,0.9998719692230223,2
6,6.355491564136173e-07,2.8533023055388185e-07,2.451714067319699e-07,5.747545728240767e-08,6.399967787729111e-06,4.4803633159062883e-07,0.9999918937683104,2
6,9.559910552070505e-08,2.349656025302238e-09,9.76905889515933e-10,1.950472672263004e-09,1.1546039786480833e-06,3.89518675092404e-08,0.9999988079071044,2
6,5.568235650343922e-08,4.493562855145683e-09,9.218991681159139e-10,2.461550963062109e-09,6.871005666653218e-07,2.53816470063839e-08,0.9999992847442628,2
6,6.219795523065842e-08,1.1859322057716781e-07,6.942664665388065e-09,1.1184262405095069e-08,3.844192633550847e-06,2.2714341696428167e-07,0.9999957084655762,2
6,9.404543277469203e-08,1.1823566836710597e-07,8.473991286450655e-09,8.08927467232934e-08,2.4815086362650615e-05,3.355540627580922e-07,0.9999746084213256,2
6,1.479644566870775e-07,9.971206971215452e-09,6.182026623946514e-08,4.43138532091325e-07,1.2902416528959291e-05,9.194961876346496e-07,0.9999854564666748,2
6,2.7058794671575015e-07,3.716340017945186e-07,1.2122620240972992e-08,4.5242410351420403e-07,4.184837598586455e-05,4.08335267820803e-07,0.9999567270278932,2
6,7.115991706996283e-08,1.6539182468022773e-07,7.992118966626549e-09,1.327224197211763e-07,7.965175609569997e-05,3.047683492241049e-07,0.9999196529388428,2
6,2.3493855749734397e-08,7.99566990394851e-09,1.380334602174571e-08,1.176211839037933e-07,2.095855506922817e-06,1.437694407968593e-07,0.999997615814209,2
6,7.852652288420359e-07,8.680885343892442e-07,3.009601812209439e-07,1.0612480849658824e-07,4.546015406958759e-05,1.081528694157896e-06,0.9999513626098632,2
6,6.95476785494975e-07,2.9249838462419575e-07,1.4144971771656858e-07,7.71885027006647e-08,1.4110198208072688e-05,1.1581494163692696e-06,0.999983549118042,2
6,5.248568868410075e-07,5.147233537172724e-07,5.873458874816607e-08,7.174832283851629e-09,1.4911609014234273e-06,3.533875485572935e-07,0.9999971389770508,2
6,5.154965876386086e-08,4.9505654686754497e-08,1.4821113225593763e-09,4.3873507604708095e-10,2.964622751733259e-07,1.7016919429124755e-08,0.9999995231628418,2
6,1.3473414384179705e-08,1.0595008426150798e-08,1.104512814542602e-09,3.0253749505604333e-10,1.826594484555244e-07,3.2116101778001394e-08,0.9999997615814208,2
6,1.4672551174044204e-07,6.737712610060953e-09,4.845380541240729e-09,7.878833141461428e-10,7.770021852593345e-07,1.905244602085077e-07,0.9999988079071044,2
6,1.0902127911549543e-07,3.2810492101020823e-09,2.262815490539083e-09,4.26442270384797e-10,1.2501729997893565e-06,3.371044954292302e-07,0.9999983310699464,2
6,2.864248699552263e-06,1.0267632433169639e-07,5.41668256914818e-08,4.294723687792157e-09,2.655451908140094e-06,1.884723928924359e-06,0.9999924898147584,2
6,1.810888193176652e-06,1.6033761767175747e-06,7.235758658907798e-08,6.1020131170153036e-09,3.865365670208121e-06,1.0906893521678285e-06,0.9999914169311525,2
6,1.5972590290402875e-06,5.810635684611043e-06,1.6756052900746e-07,5.596198349167025e-08,1.3947726984042674e-05,1.4877206240271337e-06,0.9999769926071168,2
6,1.4808269952482078e-06,1.6125544789247215e-05,4.929674446429999e-07,7.530431958002737e-07,1.796178003132809e-05,4.450772848940687e-06,0.9999587535858154,2
6,2.3813321092802653e-07,1.2140266335336491e-05,1.5417383281146613e-07,4.5972612383593525e-07,1.006275306281168e-05,1.5628324945282657e-06,0.9999754428863524,2
6,2.8562451959146532e-08,1.5485466065001674e-06,2.2952937328568623e-08,1.689647888269974e-07,6.3045143861018e-07,3.898132945323596e-07,0.9999971389770508,2
6,1.3107626095631986e-08,1.6030345477702213e-06,1.7273876551371362e-08,2.787005826121458e-07,5.733533043894568e-07,8.009391763152962e-07,0.9999966621398926,2
6,6.0286216019278535e-09,5.379777121561347e-07,4.817688470382109e-09,1.6090581311800636e-07,1.7044628464191194e-07,2.3091840262168267e-07,0.999998927116394,2
6,6.095247417903238e-09,1.4312234952740257e-06,7.034963278584882e-09,4.009949918781786e-07,1.6274095742119243e-06,5.271170380183321e-07,0.9999959468841552,2
6,1.7985278821797122e-09,4.970561917616578e-07,1.8510873944777014e-09,4.071287946771918e-07,6.78125900321902e-07,4.00749172513315e-07,0.9999979734420776,2
6,4.3035008889802384e-10,1.0582589027308133e-07,3.5772124151733914e-10,2.302807331489021e-07,1.1346987349725168e-07,1.0973383268719773e-07,0.9999994039535522,2
6,1.5276215015180838e-10,3.3731470949760485e-08,1.5865493641076256e-10,2.7508610855875304e-07,6.95954511797936e-08,3.912919410709037e-08,0.9999995231628418,2
6,4.054771796102585e-10,5.1890761909589855e-08,1.9465438982901875e-10,3.200086098331667e-07,4.308396626129252e-07,1.414493624452007e-07,0.9999990463256836,2
6,5.034083219723762e-11,8.803475282093132e-09,8.422365235793983e-12,2.767633020539506e-07,3.280498503954732e-07,1.2680946070986464e-08,0.9999992847442628,2
6,6.631176163729435e-11,1.03922976890658e-08,1.0183562326737672e-11,2.094295581400729e-07,4.5744539534098294e-07,1.0528264482445593e-08,0.9999992847442628,2
6,4.3585145909075245e-11,8.551162444803141e-09,4.135317522441229e-12,2.113995236641131e-07,3.063204871978087e-07,2.550918143384706e-09,0.9999994039535522,2
6,1.8738727236566888e-10,1.975973340506698e-08,1.418725380231134e-11,3.642869842224172e-06,1.4477571994575555e-06,2.393054110427784e-08,0.9999948740005492,2
6,1.8802381873683769e-10,1.707933883210444e-08,1.7003998903364348e-11,2.9100549454597058e-06,2.766428224276752e-07,1.2454894005031749e-08,0.999996781349182,2
6,4.374829110087575e-10,6.02857639364629e-08,3.5114924856749496e-11,2.2042756882001413e-06,1.112214476961526e-06,2.3062371568016715e-08,0.9999966621398926,2
6,1.9465708211985344e-10,5.5842544810502666e-08,1.615383000974635e-11,1.0043194151876378e-06,1.1332548410791787e-06,2.569020551845824e-08,0.9999977350234984,2
6,2.011332073115213e-10,3.530795567030509e-08,1.634545623852013e-11,3.272749040661438e-07,3.409607813864568e-07,2.4773543216838334e-08,0.9999992847442628,2
6,5.414551029758741e-10,6.659308127154874e-08,2.2261267482170943e-11,4.992099889022938e-07,7.661428753635846e-07,2.130794385379886e-08,0.9999986886978148,2
6,5.320204277126095e-10,1.1767154717290397e-07,1.4240632111028884e-11,3.50239560020782e-07,3.0107271413726262e-06,2.1051821619266772e-08,0.999996542930603,2
6,3.0109226223373753e-10,7.643516397592975e-08,3.1339078467723658e-12,5.730702241635299e-07,7.411151727865217e-07,9.79553216318152e-10,0.9999986886978148,2
6,5.71026159690291e-09,4.730101181849023e-07,1.3395640152680244e-09,3.844491402560379e-06,1.3719778735321595e-06,1.4590685282200866e-07,0.999994158744812,2
6,7.516247069183635e-10,7.135805901725689e-08,8.163672862715465e-12,3.0262097538980015e-07,2.2120742926290407e-07,4.140556786325078e-09,0.9999994039535522,2
6,7.673165991484153e-10,1.6226211130287993e-07,2.4921944716260747e-11,2.734022928052582e-07,9.2842043386554e-08,1.7509906413692988e-08,0.9999994039535522,2
6,9.254029834093735e-12,1.2926601122842385e-08,3.2429896441865674e-13,4.1474916834260975e-09,1.0635864411412401e-09,5.48093403995864e-10,1.0,2
6,1.0210492867868126e-10,2.37848656325923e-08,7.71410452876653e-12,2.1756184409582602e-08,9.004568646275857e-09,2.430949885834366e-09,1.0,2
6,1.369742101860194e-12,3.3365719076527967e-09,2.5455718533507612e-14,1.0650536702572211e-10,5.0176129917645085e-09,1.9991669431007608e-10,1.0,2
6,1.1659519703888233e-11,1.1382234710310968e-08,9.09570921185654e-13,8.839904919177853e-10,3.8952121528268435e-09,2.2983689951239228e-10,1.0,2
6,7.955180784946503e-12,1.567083884879139e-08,5.1947883521934544e-14,2.1444040987361743e-10,9.435649417355309e-08,5.481714734911769e-11,0.9999998807907104,2
6,2.7892738032470055e-12,2.790033537536374e-09,1.6810220953406528e-14,4.698894051635705e-11,3.805204595863643e-09,2.503339202597488e-11,1.0,2
6,4.427991447900764e-14,2.5114625934463675e-09,2.227246241509108e-15,1.4446465725070912e-11,3.7019725063203172e-09,1.5466961045262906e-11,1.0,2
6,9.124592574571988e-12,6.208360758819255e-08,5.194949830554518e-13,7.707996907413417e-09,1.929665138789005e-08,6.81595557772141e-10,0.9999998807907104,2
6,3.819776960012344e-12,6.618754611054102e-08,2.759489685366656e-13,2.5073596532365627e-09,2.960805716156756e-07,1.1588645598692435e-09,0.9999996423721312,2
6,7.30614267002716e-12,5.7002850439857866e-08,2.5560960683138073e-13,1.1656442922003409e-08,6.530150642447552e-08,6.091444015865476e-10,0.9999997615814208,2
6,7.74416641924347e-10,6.21078299900546e-07,1.3974327250920735e-10,2.158856204914628e-07,1.5515596487603034e-06,1.1483732009764937e-07,0.9999974966049194,2
6,2.1519582560358685e-07,1.4828833627689164e-05,1.3412476462804081e-08,4.643139254767448e-05,4.078156780451536e-05,2.1908565486228326e-06,0.9998955726623536,2
6,3.186544574873551e-07,1.223329127242323e-05,1.8338241147830562e-08,2.861318898794707e-05,1.1081747288699262e-05,7.615766435264959e-07,0.99994695186615,2
6,7.75707604816489e-08,2.451358341204468e-06,4.195280123298062e-09,1.3782523637928534e-05,5.478499133459991e-06,2.5480409249212244e-07,0.9999779462814332,2
6,1.3520166319835882e-08,1.2209561646159273e-06,1.3894209116571687e-09,5.197658992983634e-06,1.1712752439052565e-06,7.873471474795225e-08,0.9999922513961792,2
6,2.665991427619474e-09,6.914515324751846e-07,1.0641838799063663e-10,1.290998625336215e-06,2.5497788556094747e-06,3.086177002842305e-08,0.9999954700469972,2
6,2.775613593131165e-11,3.4043210916934186e-08,1.3109389875726185e-12,5.33225481547106e-08,2.796047056108364e-07,1.1762992802033523e-09,0.9999996423721312,2
6,3.191311798156349e-11,4.500941841456552e-08,4.64959494517192e-12,3.2693655782622955e-08,7.516120490436151e-07,4.631518724096395e-09,0.9999991655349731,2
6,4.413962251259562e-12,7.646813848793954e-09,3.31662757153961e-13,7.543194513459639e-09,4.498323562529549e-07,7.41123107328434e-10,0.9999995231628418,2
6,1.6148734639006432e-13,1.9826607022821463e-09,3.509985271182847e-14,2.30002641932181e-10,8.513756455386101e-08,4.937624198397828e-10,0.9999998807907104,2
6,1.1358326930908936e-13,8.978461307762585e-10,9.524396753864042e-15,2.181936853418165e-10,1.602366381803222e-07,1.1171100156026623e-10,0.9999998807907104,2
6,5.180709919221095e-13,2.036129931326513e-09,6.501856751562826e-14,2.930903519882122e-09,2.345239238366048e-07,5.987061957313243e-10,0.9999997615814208,2
6,3.21631133184952e-12,1.317036146808448e-09,6.046230275344802e-14,6.646079953043228e-08,2.052102900051977e-06,5.985189566182213e-10,0.999997854232788,2
6,1.0189352616860048e-12,2.249739422532926e-10,2.384544384864684e-13,5.907446531949745e-09,6.443519851018209e-08,5.732184504836368e-09,0.9999998807907104,2
6,3.315857245896059e-13,1.8587137037839877e-11,9.022340166642273e-14,6.671552199577491e-10,2.222069106494473e-08,7.254291833902471e-09,1.0,2
6,6.342009166090956e-13,1.7955673840136521e-12,1.2279359386940802e-13,5.45873291013521e-10,1.973444874181496e-08,3.62839855938546e-08,1.0,2
6,5.781603060889262e-12,5.3325774351797855e-11,3.0813225235237773e-12,1.1548527467653004e-08,4.69947138981297e-07,7.245075153150538e-07,0.9999988079071044,2
6,2.4837857465209727e-12,3.378473065543397e-12,4.1980367749758223e-13,3.4198877063573722e-09,2.189125680729376e-08,1.0387969240355233e-07,0.9999998807907104,2
6,2.5285216628811998e-12,3.5796951340649748e-12,1.6181263414686425e-13,8.572445864274414e-09,2.595765380419834e-09,4.2212180417777745e-09,1.0,2
6,1.3147172424083506e-13,7.565188926694777e-12,1.0542477264438577e-12,2.2510125319286093e-08,1.962408680000749e-09,6.137011787643587e-09,1.0,2
6,2.231176181310968e-12,5.11019948579161e-10,1.5339915448997488e-10,4.346802882082557e-07,3.4230592405037896e-07,2.9863460326851055e-07,0.999998927116394,2
6,1.5330485362077817e-12,7.909834592867425e-11,3.933640566056162e-11,1.0444098919037971e-08,2.872840241252561e-07,5.866872925253119e-07,0.9999991655349731,2
6,6.769226672254103e-12,1.0730849542284203e-10,2.430602767666823e-11,6.9026433457963784e-09,2.935688883098919e-07,3.877601102431072e-07,0.9999994039535522,2
6,3.2307063274616965e-11,8.968135956077816e-11,3.402686812870037e-11,3.2068645516858396e-09,8.757779568213665e-08,7.262185164336189e-08,0.9999997615814208,2
6,2.618228030215608e-11,9.686021984478543e-10,1.7037826705035286e-10,3.210745225246114e-09,3.9104737226125514e-08,1.2296916906961997e-07,0.9999998807907104,2
6,4.9419090347724286e-11,6.656655782144583e-10,4.141424009285189e-11,4.9663406720412695e-09,1.3952802468963911e-08,3.889423183522922e-08,1.0,2
6,3.7718297235533875e-11,2.966803913651006e-09,2.0699732206086447e-10,2.141757526885613e-08,3.140488047392864e-08,1.7660386220086369e-07,0.9999997615814208,2
6,5.581534887055817e-11,5.777357969805053e-08,8.730960843195135e-09,1.1704243974008933e-07,4.4984926006463866e-08,1.3419783044810174e-06,0.9999984502792358,2
6,2.002680021817582e-09,1.8231239096166973e-07,1.9582815369290074e-09,9.928660915647924e-08,3.8302155758174194e-07,8.320764663949376e-07,0.9999985694885254,2
6,2.739542592777866e-09,5.298530254549405e-07,1.1891153617327175e-09,6.096357907381389e-08,6.164165711197711e-07,4.391441734696855e-07,0.9999983310699464,2
6,5.389189094984204e-10,2.157304521688275e-07,1.8351641040137423e-10,2.0033743552971828e-08,3.987152581430564e-07,5.1474000173357126e-08,0.9999994039535522,2
6,8.324550493377102e-10,2.107723844346765e-07,2.2248818343229e-09,4.123701273783809e-07,1.3386294028805426e-07,1.870692472039082e-07,0.9999990463256836,2
6,9.626194286127543e-10,2.8348250680210185e-07,3.793743985625042e-09,1.873539531516144e-06,2.579085389697866e-07,3.340775265314733e-07,0.9999972581863404,2
6,1.7235551874605903e-09,2.3097551604678301e-07,4.630376082559451e-09,5.3619978643837385e-06,6.203429734341626e-07,1.1474562597868498e-06,0.999992609024048,2
6,6.376630334870015e-10,2.250412620696807e-07,2.5469211184514502e-09,1.4818959243712015e-05,9.293534048993024e-07,2.6400621777611377e-07,0.9999837875366212,2
6,3.3257552267684787e-10,9.364399033984229e-08,3.908472656632966e-09,3.0890969355823472e-06,6.074317298043752e-07,2.819598421410774e-07,0.9999959468841552,2
6,1.2625582523906329e-10,2.9378520949308043e-08,1.5784973328436536e-10,5.318532885212335e-07,1.0035109880845994e-06,4.4881993233047985e-08,0.9999984502792358,2
6,8.393338801759853e-11,2.447323765863985e-08,1.798933085828125e-10,2.3482647293349146e-07,1.1106469628430204e-06,2.976937274468128e-08,0.9999986886978148,2
6,5.597145468459741e-13,3.017422978146556e-10,4.403014411402673e-13,3.830319172948293e-09,4.422839339213169e-08,2.738103910271405e-10,1.0,2
6,1.0277852787593522e-12,1.3943349808087644e-09,5.7918770474119086e-11,1.5837640532367914e-08,1.499160262596888e-08,1.7655958917117687e-09,1.0,2
6,5.81627107587579e-12,1.4723652297377043e-09,3.366470643917374e-11,1.7809352925723942e-07,2.915578249940154e-07,4.1826803132138924e-10,0.9999995231628418,2
6,6.2563123084946595e-12,2.0869495021003104e-09,7.461695150645653e-11,1.6671761216002778e-07,1.563547868954629e-07,1.2326031306741923e-09,0.9999997615814208,2
6,2.4761796346001175e-12,6.993247092523801e-10,1.0630815117096404e-09,3.8642081534590034e-08,2.1397163152414578e-08,8.045207167128865e-09,1.0,2
6,1.6744583150596348e-11,2.1204324407442243e-10,2.128397458278641e-11,2.006472099580492e-09,2.7386395373696363e-08,8.847444998849595e-10,1.0,2
6,4.4358596656968174e-11,2.534347176563756e-10,8.526537254027743e-10,2.205759797035966e-09,1.0386240312243444e-08,7.434854953913827e-09,1.0,2
6,4.5292197076163276e-11,2.0590935900788307e-10,4.730989905388228e-11,4.5327480657775244e-10,8.005256013632334e-09,1.1803430455259443e-09,1.0,2
6,2.4262650604443305e-14,2.588638157996481e-11,1.3638205842436688e-10,3.346357912992204e-11,1.5171167100369587e-10,2.40864839184951e-09,1.0,2
6,1.5966382675616095e-13,1.6483669984523883e-10,1.4314960328221103e-09,9.689306995630531e-11,6.173885847005066e-10,1.9126298766991567e-08,1.0,2
6,2.7473474680677655e-14,4.762124028445669e-11,3.6116237778216487e-10,1.3850988064834091e-11,2.6739416236765123e-10,1.4327286024240491e-08,1.0,2
6,2.3303185891902254e-14,1.1925055387607128e-10,2.8827512599249866e-10,3.4165462126090056e-11,8.889225466823801e-10,5.848788564577489e-09,1.0,2
6,1.115930739199571e-13,5.419422202668223e-11,1.7667134422083564e-10,4.665102332213067e-11,1.0262667382576751e-09,3.08280667660199e-09,1.0,2
6,4.99595373751327e-13,2.7907931521298224e-10,1.431766261106304e-09,2.5186280838696007e-10,2.1237727132472632e-09,4.3750986833401846e-08,1.0,2
6,4.552250503636612e-14,3.883740828936055e-10,9.89444859378352e-10,5.423085314149033e-10,1.5097046945911075e-09,2.5922686219814753e-08,1.0,2
6,1.6228917488298952e-14,5.328916197200327e-10,1.1195658844442844e-09,4.4370231933044124e-09,5.838554084647285e-10,2.7930646240292845e-08,1.0,2
6,9.844105782266801e-14,2.104709517780634e-09,7.27159088498297e-09,2.0815315693312183e-08,3.248584956594413e-09,5.052751248513232e-07,0.9999995231628418,2
6,1.6927667600974416e-11,8.304491316835083e-09,9.39060740279274e-09,6.090995725571702e-07,3.395232095471101e-09,3.994804558260512e-07,0.999998927116394,2
6,9.519438709526539e-11,7.050535089092591e-08,2.5176225904033345e-07,5.134390448802151e-06,4.66263294640612e-09,2.473939503033762e-06,0.9999921321868896,2
6,2.050544178899827e-10,1.7918893036039665e-07,1.2276203165129118e-07,3.4990084714081604e-06,5.852556661523067e-09,2.6051791337522445e-06,0.9999935626983644,2
6,4.576899623187636e-12,6.52692335734173e-08,3.400504411388283e-08,1.776688236532209e-06,5.682701531561918e-10,6.549173576786416e-07,0.9999974966049194,2
6,1.4531569003661815e-10,2.3486946076900495e-07,7.00209312753941e-08,1.3888999092159793e-05,2.4092561279331903e-09,5.83274413656909e-07,0.9999852180480956,2
6,7.671385228447125e-12,1.4969671724429645e-08,6.31295127284659e-10,8.8044049562086e-07,2.571737267587082e-10,6.319524459286185e-08,0.9999990463256836,2
6,9.850154546187095e-12,1.4986899543600884e-07,5.169155770090583e-09,8.376833307011111e-07,3.073344023718505e-09,4.7321569240921246e-07,0.9999985694885254,2
6,1.6739712914437546e-13,4.176187395898978e-09,2.230264757596689e-11,3.070953269457277e-08,1.4301061723731578e-10,6.989464118589694e-09,1.0,2
6,3.765930438586612e-13,4.934781028254065e-09,2.1151476403691302e-10,5.51835569240211e-07,1.6775590638840043e-10,1.92456219849646e-08,0.9999994039535522,2
6,1.1795567994576928e-11,7.90558800645158e-08,1.3692882383509186e-08,8.999332749226596e-06,4.5611114884991374e-09,5.971720895558974e-08,0.9999908208847046,2
6,6.622708024345281e-12,1.0389019422518687e-07,4.750498661110214e-09,7.597254352731397e-06,7.908200205797301e-10,2.4304592116664026e-08,0.9999922513961792,2
6,7.650957124794022e-12,1.2226823287164734e-07,1.0040682951739657e-07,1.17266981760622e-05,1.6801208202466e-09,4.288416732833866e-07,0.9999876022338868,2
6,4.5211046018067686e-10,1.5868981790845282e-06,4.2782573927979684e-07,4.011710552731529e-05,4.415426246850984e-08,2.669836931090685e-06,0.9999551773071288,2
6,8.311146909578682e-12,1.4324471919735518e-07,4.943107612120912e-08,2.712650029934593e-06,5.10844655465803e-09,4.420549544192909e-07,0.9999966621398926,2
6,7.069976114965071e-12,5.6231584721899714e-08,1.1800432631048352e-08,5.124264248479449e-07,4.494523420106589e-09,1.841718670902992e-07,0.9999992847442628,2
6,1.1059210459300057e-13,2.9654243505206072e-09,2.634041422477917e-11,2.3539785676263132e-09,5.144502601694967e-10,4.768919037445585e-09,1.0,2
6,5.034391306613095e-12,3.683617189054189e-09,2.980290458864942e-10,7.676951518931219e-09,2.2947006073081866e-08,8.765865366910932e-09,1.0,2
6,2.1304747516940478e-13,1.1331750815468665e-10,9.434934777896585e-11,1.1735294680459418e-10,3.0709224052571926e-09,4.374369755311136e-09,1.0,2
6,6.6662187515930185e-15,1.3170829010755723e-11,5.549683976258102e-12,2.845265169304501e-11,1.4632922651358624e-09,9.91746129663795e-10,1.0,2
6,4.3211372251650976e-14,1.556355218312877e-11,8.044009252097807e-13,5.6786284008403236e-11,1.427063978098886e-08,1.2554474126957868e-10,1.0,2
6,7.357725946522883e-14,1.132591156277618e-11,1.3867733187917372e-13,1.6910688127591555e-10,4.9163915605277e-08,8.485778052458315e-11,1.0,2
6,4.97882815433514e-14,2.8119449477226333e-11,5.631906074311799e-13,5.04012220847727e-10,8.128656503458842e-08,5.965913874028672e-11,0.9999998807907104,2
6,2.3154939879539704e-14,7.701519977310056e-12,8.235443034985969e-13,1.1435296459749722e-10,1.6842847117004567e-08,1.0083552048900656e-10,1.0,2
6,2.3011057780921402e-14,1.7084189965488328e-11,1.771076774820246e-13,1.21544121989281e-10,1.2080466404995605e-08,2.2235071422960214e-11,1.0,2
6,1.3007120608452688e-13,2.2148682193856573e-11,3.596421120979909e-12,1.4487863686518662e-10,1.1758854334686932e-08,3.4195796194680383e-10,1.0,2
6,1.014950859359702e-13,2.084735856167086e-11,2.035499199748436e-11,1.2979581298644402e-10,3.9857361855411e-09,5.275166414797637e-10,1.0,2
6,6.702110248073614e-14,7.260039791567863e-12,3.143190785773187e-12,7.203874996530857e-11,1.1006434652571784e-09,2.1656508530920604e-10,1.0,2
6,2.4717062164364427e-12,1.0674692033085798e-11,4.31678390949708e-12,8.758319763879639e-11,6.429889509718123e-09,4.094434236101563e-10,1.0,2
6,3.0386290705841645e-11,3.330699605008647e-11,3.9530937551157663e-11,8.386104588531396e-10,1.4776416534800774e-08,2.51945087015315e-09,1.0,2
6,2.2831410373402857e-11,2.8409486568792275e-11,1.3353282021788536e-11,3.4287819805634e-10,6.794335760673675e-09,7.670931667647095e-10,1.0,2
6,2.377488180285714e-12,1.4818242119463145e-12,5.641919223475789e-12,6.38562813737309e-11,1.4131051884191947e-10,1.1426248835988416e-10,1.0,2
6,8.636388479366097e-12,6.226896168831653e-12,1.0406966954867867e-11,1.1390280385548124e-10,5.034578864915318e-10,1.7292275944491564e-10,1.0,2
6,2.2966106447142032e-11,1.550080723500269e-11,9.810045137337298e-12,1.8261182843648527e-10,8.546515717355874e-10,1.5431343702854147e-10,1.0,2
6,2.0469155537217176e-10,2.3956031602878625e-10,3.0907590375939265e-10,8.475559698517542e-10,1.30274386833662e-08,6.340873603960517e-09,1.0,2
6,1.181247738513136e-10,9.846923276768392e-11,1.7637169502648928e-10,4.1334163869422014e-10,3.783788837807833e-09,1.7991937939498823e-09,1.0,2
6,3.4968802159474066e-11,5.065925456904097e-09,5.620456988708611e-09,2.5709563367115607e-09,6.578600997286799e-10,3.794463410144999e-09,1.0,2
6,3.2125168410862548e-12,4.918959017885527e-09,7.865933682182913e-09,5.059426655407151e-09,8.68314087298927e-10,1.5539541875497775e-09,1.0,2
6,2.458392343862581e-11,4.410352527628447e-09,3.9831277165447427e-10,9.268771861137282e-10,1.228374291173395e-09,5.914366774106837e-10,1.0,2
6,6.514094819110028e-11,1.5148975407441867e-08,3.830005201876929e-09,6.993464474192024e-09,6.813659414461881e-09,2.710943025618917e-09,1.0,2
6,1.2908626945140608e-10,6.8019470056412964e-09,3.4696295836411645e-10,9.16372755455086e-09,8.893858982617076e-09,6.252394713079923e-10,1.0,2
6,2.7319284612303822e-09,1.1525059129269266e-08,1.751220002343956e-10,2.4461701286782045e-07,4.833932365500005e-08,9.939917777757046e-10,0.9999997615814208,2
6,2.5272754999861036e-09,1.0772942538039842e-08,1.8086780684267723e-10,4.616976809757034e-07,8.265496731496569e-09,1.9409660545477436e-09,0.9999995231628418,2
6,1.2799320714407258e-08,1.1905711261306354e-07,9.511261778172295e-10,1.660245629864221e-06,1.817391925840184e-08,8.837112375204015e-09,0.9999982118606568,2
6,8.96321594723304e-08,2.486602284079709e-07,5.3238125019561275e-09,4.429025921126595e-06,1.3275531784984196e-07,9.349433582883648e-08,0.9999949932098388,2
6,4.354812688234233e-08,2.412622563952027e-07,1.8204900920082423e-09,8.335106940648984e-06,1.7396040163930593e-07,4.1971944142460416e-08,0.9999911785125732,2
6,7.314620233955793e-07,4.553662620310206e-06,4.7571884209673954e-08,5.446152499644086e-05,3.615101149989641e-06,6.171428026391368e-07,0.9999361038208008,2
6,3.758150413091244e-08,2.082018681903719e-07,1.5455626778404508e-09,5.039364623371512e-06,2.603019879643398e-07,2.8810340779727998e-08,0.9999945163726808,2
6,9.301249548343549e-08,3.5729846104004537e-07,1.3405007104339004e-09,1.5487751170439878e-06,3.0342287118401146e-06,4.119327812190932e-08,0.9999949932098388,2
6,6.197676327701629e-08,2.050208109949381e-07,1.0204420641812815e-09,1.3941134966444224e-06,2.3810778202459915e-06,1.505866009665624e-08,0.9999959468841552,2
6,2.6449509249459883e-08,1.3590737069080205e-07,1.8026945491911302e-09,8.619208529125899e-07,4.031897731238132e-07,1.6201941122062635e-08,0.9999984502792358,2
6,5.1320096616791495e-08,3.6797391089749e-07,4.344840931480576e-09,7.504566838179016e-06,2.1190476218180265e-07,4.3409499994595535e-08,0.9999918937683104,2
6,2.0853818227806187e-08,1.1303503555382123e-07,1.9251298333244904e-09,2.506874807295389e-06,1.5874949355065837e-08,1.687067907596429e-08,0.99999737739563,2
6,1.869599230985841e-08,2.869163893137739e-07,2.0630613661865027e-08,3.912330157618271e-06,2.4956426258881947e-08,6.305596400579816e-08,0.9999957084655762,2
6,6.035520527802873e-08,1.5587062307531596e-07,5.926834578673379e-09,5.744625468651066e-06,1.9307027088188988e-08,1.9342632384677927e-08,0.9999939203262328,2
6,9.9476027415335e-09,2.5725309882318473e-08,2.3272041238531216e-10,4.2448041881471e-07,1.5186075730255764e-09,3.4764326972691606e-09,0.9999995231628418,2
6,6.758170467691116e-09,4.445044332612724e-09,3.524924449549438e-11,2.0119651367167535e-07,1.985506425938865e-09,1.0274848749602936e-09,0.9999997615814208,2
6,4.933842667753652e-09,7.309207461503321e-09,2.990863112728448e-11,1.1568938873551816e-07,4.8946255937210034e-09,3.9929320960752074e-10,0.9999998807907104,2
6,3.011560112398115e-09,4.75193129290119e-09,9.210096227341148e-12,1.6848598960450545e-08,1.0596910904325796e-08,1.9541679385781663e-10,1.0,2
6,4.650226426150539e-09,7.826304937452733e-09,4.543579922022811e-12,1.624661827293039e-08,1.730267769062266e-07,2.462635928512924e-10,0.9999998807907104,2
6,9.914415954881406e-10,9.719446358857906e-10,2.890831020743723e-12,1.2887254596805062e-09,1.7735995783141334e-08,1.9733940870292344e-10,1.0,2
6,4.5623424482776903e-10,2.860459091813538e-10,7.260450921031669e-13,8.594411848861228e-10,1.5744152648267118e-08,2.1733588886907462e-11,1.0,2
6,2.5870512398995515e-09,2.1561352703258763e-09,1.8934761744637815e-11,9.653953192412246e-09,7.098775967051553e-08,1.740743521549959e-10,0.9999998807907104,2
6,6.971392907395567e-10,1.9806264961452766e-10,3.537963541924705e-12,1.8325287953757646e-09,2.9548268276613503e-09,6.374201166892135e-11,1.0,2
6,8.54646686754279e-10,1.4514028867651518e-10,3.002309989161289e-12,1.3362085882206998e-09,2.251663966390538e-09,4.0791075378576735e-11,1.0,2
6,1.7620055414724334e-10,5.5466069237564135e-11,1.326592156437878e-12,2.0922298615833054e-10,2.369885843123143e-09,2.2932926391217023e-11,1.0,2
6,9.051367433343671e-10,2.597438097939886e-10,2.3096925413912395e-11,7.526710366079215e-10,2.943728150128777e-09,1.1440728919787091e-10,1.0,2
6,9.305328035891236e-11,2.1638919822652977e-10,1.3400278282837965e-11,4.42166220304685e-10,2.4404502863006883e-09,5.2753044987863256e-11,1.0,2
6,1.6772840061296534e-11,4.337485579042344e-11,1.5659902844952778e-12,1.1798983665101126e-11,2.166498980216147e-09,5.72303524015716e-11,1.0,2
6,3.5251402491498496e-11,7.353977843349567e-11,9.017475893595416e-13,4.689866116985853e-12,1.1761366103257842e-08,1.270844193768106e-11,1.0,2
6,5.211044373787388e-10,1.4879069087925243e-09,1.877344946166204e-10,6.822858944488529e-11,9.348249108143136e-08,1.4079670762612295e-09,0.9999998807907104,2
6,3.515739435688836e-11,7.821346903469362e-10,4.789122917681077e-11,1.0888850238144343e-10,1.2408600369440137e-08,1.7262881402135832e-10,1.0,2
6,7.295106185800648e-11,3.6390703783695244e-09,6.737816554691634e-11,1.3106363772052987e-09,5.785678158787277e-09,5.685662010646019e-11,1.0,2
6,1.9413251561850584e-10,6.45474740323948e-09,1.1985173053660758e-12,1.863035059557205e-09,1.6282388770605394e-08,4.264457710567715e-12,1.0,2
6,2.6069301384268332e-08,1.8506224108705286e-08,5.100934119539602e-10,2.485743166857901e-08,5.2590468868629614e-08,2.267809273703847e-09,0.9999998807907104,2
6,1.650173442335756e-09,2.401363774495735e-09,9.592400485036734e-11,6.798419160958247e-09,1.3717208480201746e-09,1.3665500953052854e-09,1.0,2
6,1.9428205572102897e-11,4.3281819794849236e-10,4.166736834038121e-12,3.5733326020359606e-11,3.245921309513733e-10,5.941026559597161e-10,1.0,2
6,8.742054389415665e-13,2.6063176061796867e-09,4.089939921025215e-13,6.710188394515315e-12,1.5916427065221226e-09,1.986160021172356e-11,1.0,2
6,4.785915153765474e-12,4.936732800331356e-09,1.4170552752046373e-12,2.1807074375435054e-12,6.739391711363396e-09,8.033897852532945e-11,1.0,2
6,1.1752132253461944e-11,1.0541915784756384e-08,1.933112009225649e-13,9.323047975989818e-13,7.667687818013746e-09,7.185976206441902e-12,1.0,2
6,1.472758803799934e-09,1.65938942586763e-07,1.5459467039846686e-11,7.503898197258607e-11,6.362839855000857e-08,1.5563704491849959e-10,0.9999997615814208,2
6,4.0810053253403915e-11,2.577928626124049e-07,3.0402749762181713e-11,2.3597085396787065e-10,1.090415491233898e-08,7.232482668317886e-11,0.9999997615814208,2
6,7.841399404795446e-12,5.557978965953225e-08,1.2828419695878196e-13,1.7040093294728997e-11,3.766112754988171e-09,2.2716722166554737e-12,1.0,2
6,5.575712114236353e-11,4.044575518946658e-08,1.029248097882997e-13,7.979453903184107e-11,6.122785123352514e-08,1.5548201831930286e-12,0.9999998807907104,2
6,3.0131729999993695e-08,2.72168722403876e-06,9.294889163902198e-11,1.4498342082447381e-08,3.91801859223051e-06,1.194366411327863e-10,0.9999933242797852,2
6,6.697898347063357e-10,5.971389214209921e-07,1.395117354974218e-10,6.659266027497779e-09,6.945010113668104e-07,3.3155717754640435e-11,0.9999986886978148,2
6,5.2495208180403105e-09,1.3929712849858331e-06,3.979690535449443e-11,1.2003965599305386e-09,1.1873923995153746e-06,2.3847318217362634e-11,0.99999737739563,2
6,8.242403204405946e-09,4.883299880020786e-07,2.1262909835617627e-11,1.7482730541029667e-10,1.6417227470810758e-06,3.244693402848497e-11,0.999997854232788,2
6,3.0696667430163416e-10,6.132309948725378e-08,1.7217183624976262e-12,1.3014632427310602e-10,8.1288881403907e-08,1.5502214312582139e-12,0.9999997615814208,2
6,8.902115850029091e-11,2.9955554481375664e-08,1.2239474841621578e-12,1.2038240196354799e-11,3.4655588621035356e-08,9.086069028239885e-13,1.0,2
6,2.2298437402090695e-11,3.791135405606383e-09,2.9471826997092e-13,6.893742521274504e-12,4.153903887527122e-09,3.287619471364217e-13,1.0,2
6,7.825651585080529e-12,1.2727545684043662e-09,1.037392014738986e-13,7.441099819649466e-12,9.040790893699581e-10,1.0226419862834069e-13,1.0,2
6,1.931745562122611e-12,3.1259278499007337e-10,6.128526641247314e-14,9.405211852386852e-12,2.2607431204857417e-10,9.749429860433577e-14,1.0,2
6,6.569747458724795e-14,4.720957652581959e-11,7.95176796130004e-16,2.5797549860206988e-12,4.642042306102212e-11,1.4573669419697122e-14,1.0,2
6,9.610571344818852e-14,4.175983864262989e-11,1.837409068414209e-15,4.535000413391499e-12,3.138370119337708e-11,5.556594409854981e-14,1.0,2
6,6.285239256137444e-14,1.5110687007213738e-11,1.6848935441293733e-14,1.0326157463824703e-11,8.323802584697669e-12,8.407115064876237e-14,1.0,2
6,1.4152725215724193e-12,1.3862537853737143e-11,1.0151444572101265e-13,2.7487248588364818e-11,1.0845606530918149e-11,2.2735523045377265e-13,1.0,2
6,1.1768898030596608e-13,4.728398662195987e-12,1.7085091297482666e-16,6.63073166252276e-13,2.1358111459979234e-11,7.729586454674909e-15,1.0,2
6,4.238490797486144e-13,6.332560344157745e-12,1.2122547076272782e-15,2.752831599825423e-12,1.429047418594065e-11,2.152768455577873e-14,1.0,2
6,6.133877693964562e-12,3.0332496930851605e-11,2.4296779255954075e-14,1.7858272152726506e-11,5.0157229064540225e-11,1.1212431943194781e-13,1.0,2
6,1.3981739377388893e-11,7.73420286148685e-11,4.1236118523708266e-14,4.094586215225293e-12,2.8932817947024958e-11,3.3625028759629033e-13,1.0,2
6,2.004449124043406e-12,1.2616015870881014e-11,3.093459868689155e-14,1.0564618841205076e-12,2.696988032208081e-12,4.638603411967479e-13,1.0,2
6,2.548563443616203e-11,1.6550734741049844e-11,4.3827605661437424e-14,7.075971319298047e-12,2.692651310254313e-11,1.421004047937047e-12,1.0,2
6,3.856962058762514e-12,2.439715747135085e-12,7.581934212408381e-15,1.3615474850001141e-12,4.5060214240444366e-12,6.359682745704642e-13,1.0,2
6,4.575409929402641e-12,1.7355402054733404e-12,2.1271158933636874e-14,1.2172472231564146e-12,2.949894885653781e-12,1.920375533939756e-12,1.0,2
6,1.8537489251957417e-12,3.1706706487763525e-13,1.8511562013899096e-15,2.5518392195340855e-13,4.482035402542106e-13,1.1300372936657797e-13,1.0,2
6,6.025216350152851e-12,2.5501389194770848e-11,1.3180308691793272e-14,1.848378871835421e-12,1.0703520535171318e-11,9.21815792101488e-13,1.0,2
6,2.660012488053809e-11,2.6206925518579283e-10,1.1750118971342802e-14,1.9218704318951785e-12,5.8186289120243367e-11,6.049372157715395e-13,1.0,2
6,4.2055450788502924e-10,2.538518728556482e-09,2.2508823147374127e-13,1.4093952567517663e-11,1.4108780810317967e-10,1.874037600449463e-12,1.0,2
6,2.1301409247609368e-10,1.1247990316931578e-09,3.3821195491575903e-14,3.0227020973022656e-12,8.425589392846433e-11,8.300778684203204e-13,1.0,2
6,4.949465143289089e-11,7.950453490002117e-11,2.104993340957184e-15,3.7215326306738744e-13,2.806265983479328e-11,2.000556160617825e-13,1.0,2
6,7.274233299048305e-12,8.624070966904708e-13,3.509366291268729e-16,4.5320125148344554e-14,7.673660318285869e-12,1.520103623054228e-13,1.0,2
6,9.727912052281962e-12,5.991326683905951e-13,9.650900701019998e-16,2.2637631447663082e-14,3.7771422274623926e-12,2.308584638559264e-13,1.0,2
6,1.5828623134428454e-10,2.8433136400884957e-10,2.279169488230738e-14,6.147965166472535e-13,3.8676406521886975e-10,1.053319215703341e-12,1.0,2
6,9.33607591235841e-09,1.8813646196491622e-09,4.782162621626286e-13,4.236957139303055e-12,7.310895444589961e-09,1.699789267672891e-11,1.0,2
6,2.585995639847738e-09,5.935071989426888e-09,9.387907389402789e-14,8.16300477733678e-13,2.737762017090972e-08,4.271703216846001e-12,1.0,2
6,1.4029009065552602e-09,1.034105334696278e-08,1.1957789088339749e-13,9.535204657101781e-13,1.7603042579139583e-08,5.305382435455419e-12,1.0,2
6,6.115003642337413e-11,1.3386982633534215e-09,1.9522230715134613e-14,1.2114654169160385e-13,3.647631530157014e-09,1.4786339470537757e-12,1.0,2
6,4.2082973217283376e-10,1.385324743807814e-09,7.663794186936469e-14,2.1127584816198202e-13,7.1564012493752224e-09,5.646311543316962e-12,1.0,2
6,2.773438163156117e-12,4.813739337694578e-11,9.98246327789322e-17,4.9684288767318135e-15,3.585103880432428e-10,2.2557119271960673e-14,1.0,2
6,3.609786352210681e-13,8.843217824683336e-12,1.7907404779311428e-17,5.242102151495245e-16,1.1387260578921143e-10,3.7814993107329615e-14,1.0,2
6,2.1210691623224642e-12,3.259853541617841e-12,1.629319622462768e-16,4.314291589588683e-15,9.843036802292815e-11,1.2044290803418792e-13,1.0,2
6,1.3044668427039665e-12,8.91473613678917e-12,4.0609145080257755e-17,2.9901099483112216e-15,5.835469885084875e-10,1.45271554524316e-14,1.0,2
6,1.2405475952048661e-12,3.0843091969323666e-11,7.266064614948938e-16,2.986247520423389e-14,3.202853537942474e-10,1.836780239624497e-13,1.0,2
6,1.5010075701902411e-13,3.393366100265527e-12,1.1175180958833842e-16,2.78293500677524e-15,2.4065473572254522e-11,1.37588684477781e-13,1.0,2
6,2.638677644439813e-11,4.773354975173838e-11,2.5275307292006027e-14,1.5444983074604237e-13,6.816580078172763e-10,4.858622185133221e-12,1.0,2
6,1.3573166895985976e-11,7.419533043506732e-11,1.7321290140593672e-14,4.917464344251533e-14,4.655842378298303e-10,2.884535709249403e-12,1.0,2
6,1.1307844417773882e-11,1.1404055651198508e-11,1.852887960250571e-14,3.767187842056152e-14,1.1227258706059118e-10,1.5780887881178265e-12,1.0,2
6,2.7967279533913647e-11,5.917477619021838e-11,4.557332701320138e-14,9.572683222274989e-14,4.219702642860312e-10,3.1978204806382138e-12,1.0,2
6,5.856820584071443e-11,1.01579040318045e-11,1.9927721311204655e-13,1.3794139441802857e-12,2.0109114373667578e-10,1.7974313443885892e-12,1.0,2
6,1.4283307175899651e-11,3.572562384812628e-11,1.8760752500124322e-13,2.1706484266276198e-12,2.8219065972834298e-11,4.648044644485483e-13,1.0,2
6,8.769653059292891e-11,1.4279984313081416e-11,7.149197683506414e-13,1.6944248738479106e-12,4.9606360685849886e-11,8.327911927771825e-13,1.0,2
6,1.4407727788601219e-10,7.407839619499866e-11,5.1516551441421746e-12,2.8582420718431534e-12,4.2154793544746383e-10,2.205672493607591e-12,1.0,2
6,7.296890869312732e-10,2.2656760148564992e-11,1.1264001537059087e-10,3.489857361427262e-11,2.4722937586041377e-10,2.4018880634413264e-11,1.0,2
6,1.1381300346613445e-08,1.149445427728324e-09,9.264723987989497e-10,6.398176433108914e-10,1.1471069427670956e-08,1.3147719024608762e-10,1.0,2
6,6.731395956194319e-07,5.747159903535248e-08,2.974492474550061e-08,2.9121782763041884e-09,9.344998375127035e-08,2.7872110175408693e-10,0.9999991655349731,2
6,6.112878025987811e-08,7.673495616700166e-09,2.0792786159518076e-08,2.189629810800397e-09,4.9491677422963676e-09,1.059002885384075e-10,0.9999998807907104,2
6,3.129677139668274e-08,8.770125736745625e-10,9.767155084716704e-09,3.8907177479785554e-10,9.44658906654183e-10,5.616272030772862e-11,1.0,2
6,5.027154248438137e-09,1.6130875801767528e-10,2.281602462517185e-09,4.678387885426183e-11,2.6443872092052345e-10,3.113382815445043e-11,1.0,2
6,3.374564983005257e-08,2.2940067900822922e-10,8.731957379382038e-09,6.569068206063733e-11,1.1280798517532276e-09,1.547115907607477e-10,1.0,2
6,2.119152497925825e-07,9.583109861210912e-10,3.1818558454688173e-07,8.758853087265094e-10,4.19975698662256e-09,1.897446866294672e-09,0.9999994039535522,2
6,5.6617210475451436e-08,3.062668341158314e-09,6.991439249759425e-08,6.194490476119086e-10,9.383936294682373e-09,1.0818529405653976e-09,0.9999997615814208,2
6,8.427875619609893e-10,1.1758304052644775e-10,2.3253163838887762e-09,1.1935953614372607e-10,7.318955996815645e-10,7.795562806389711e-11,1.0,2
6,7.364143739252427e-10,8.281320074132735e-11,2.0495524721830802e-10,1.026550164318074e-10,5.165149419283921e-10,1.7807049237927863e-11,1.0,2
6,4.990306834429248e-09,8.706005361069913e-11,3.576902773971824e-09,1.4308108031713116e-09,3.8762535403691345e-09,1.3547309107853067e-10,1.0,2
6,3.358946010223462e-09,1.4365587608367034e-09,2.137542232105716e-08,2.8146541097839872e-08,5.321707519101437e-09,5.8077407466550206e-11,1.0,2
6,3.295195227792646e-10,1.849580710810983e-09,7.578088850879183e-11,1.2685811290324978e-09,7.902476006904635e-09,5.67081863238339e-13,1.0,2
6,5.070025996256611e-12,1.1110005276870892e-11,3.8803733989033206e-13,2.8096830417823068e-11,3.656746433433611e-11,8.666077092587578e-15,1.0,2
6,7.585937954190936e-12,1.349387546145664e-10,1.7993773138158528e-11,3.004684834273519e-10,1.565417760696075e-11,6.959369061934617e-14,1.0,2
6,6.185144085270322e-13,2.2985563105648588e-11,5.910478270004793e-13,2.1481942960588363e-11,2.559138491398105e-11,9.612766007185188e-15,1.0,2
6,5.0252985800414145e-11,2.3948765193182453e-10,7.519449507498165e-10,3.515595814462813e-09,1.5457708724131436e-10,1.0109519558293425e-12,1.0,2
6,4.717495925149473e-13,4.240959580043002e-12,2.761346880320037e-11,2.1980970862922608e-11,2.0750668978247733e-12,5.194533496920284e-13,1.0,2
6,8.023117586963835e-11,1.2080482170162552e-09,1.6944639469329562e-08,4.652906060442774e-09,1.0618589341149232e-10,1.219060182661158e-11,1.0,2
6,8.462336387182744e-10,6.341213110161448e-10,1.1653711453618598e-06,4.275668885611594e-08,5.224962129624089e-10,6.268970759171211e-11,0.9999988079071044,2
2,2.3291683248771733e-07,1.0517303650203759e-07,0.9999260902404784,4.811312464880757e-06,2.004889143591981e-09,7.277387936710511e-08,6.868413038318977e-05,2
2,6.06075161613262e-07,1.6402072589016825e-08,0.9999841451644896,3.877299604937434e-06,6.59027721283678e-10,1.4983445595362355e-08,1.1381985132175032e-05,2
2,2.344439842261181e-08,7.672850799167463e-09,0.9999959468841552,3.3525113849464105e-06,8.79934111686076e-11,6.843170474724047e-09,7.255106879711093e-07,2
2,4.2241157416356156e-07,1.1799704324744198e-08,0.9999947547912598,4.491030267672613e-06,2.833732137830225e-10,2.316812741653962e-09,2.94403577072444e-07,2
2,9.712566750863516e-09,3.347571331246968e-09,0.999991536140442,8.306962627102621e-06,6.959134657424926e-11,2.3326607312412756e-10,8.672930107422873e-08,0
2,1.1822442580466941e-08,2.950020894232352e-09,0.9999953508377076,4.48838682132191e-06,4.9604619023480006e-11,1.2865919440940843e-10,9.772537623575772e-08,0
2,2.057740866590052e-09,2.035397184130261e-09,0.999996542930603,3.4204554140160326e-06,8.659962504042884e-12,1.2827268414117301e-10,3.671688375561644e-08,0
2,1.992352736124303e-06,8.173975629688358e-08,0.99937242269516,0.0006236999761313,2.261977050110886e-09,2.635775764314729e-10,1.7857870489024208e-06,0
2,9.777601007954216e-06,9.71933332039043e-07,0.9870067834854126,0.0129443407058715,6.53370548775456e-08,1.020798889861396e-09,3.804284278885461e-05,0
2,3.124829675016372e-07,2.286859057676338e-07,0.9854320883750916,0.014510809443891,1.1709214042809892e-08,5.569848471331794e-10,5.650873208651319e-05,0
3,8.185964361473452e-06,7.578057079626888e-07,0.289548248052597,0.7100788950920105,9.10211042537412e-07,2.6928528296110703e-09,0.0003629912971518,0
3,5.993426270833879e-07,1.248758985106235e-09,6.951489126549859e-07,0.9999983310699464,2.077353826734907e-07,2.2312842762675647e-13,1.6544112213523476e-07,0
2,4.254557595118058e-08,4.416197185719284e-09,0.9985406398773192,0.0014556464739143,1.2894129319818148e-08,2.0523527766158626e-08,3.7228758174023824e-06,0
2,7.803080848134415e-08,6.732715496227114e-10,0.999964952468872,3.407050098758191e-05,3.5652187868606693e-09,4.244347451276553e-08,7.897527893874212e-07,0
2,3.475803644903408e-09,9.933753819524327e-11,0.9999825954437256,1.6999383660731837e-05,4.5584361285655456e-10,2.96451467818315e-08,3.84898271477141e-07,0
2,1.2576264474262189e-08,5.746880749057937e-10,0.9999135732650756,8.49164352985099e-05,4.950220233723711e-10,1.1486321227494044e-08,1.5560480051135528e-06,0
2,5.625885091120608e-09,1.3281742372583947e-09,0.9999430179595948,5.140372741152533e-05,1.8599526085960602e-10,1.1361479756999417e-08,5.634393346554134e-06,0
2,3.7871296854063996e-07,6.30091812059419e-10,0.9999792575836182,1.4686893337056972e-05,5.932263569263796e-10,7.811502200638644e-08,5.624027380690677e-06,0
2,4.83692247144063e-06,5.545024439612688e-10,0.9999582767486572,2.9683027605642565e-05,3.434708295557698e-09,4.5627118083757523e-07,6.648923772445414e-06,0
2,2.023616843871423e-06,6.501587046514601e-10,0.999981164932251,1.2150794646004217e-05,9.808898138174982e-10,7.50633262214251e-08,4.587317562254611e-06,0
2,1.577794250806619e-07,1.2791057102390366e-09,0.9999823570251464,1.678834087215364e-05,1.507071578643604e-09,8.622769165356203e-09,7.441873890456918e-07,0
2,8.545305263396585e-07,1.51738142051272e-08,0.9998434782028198,0.0001490907743573,3.381263491419872e-09,4.666459219038188e-09,6.570375262526795e-06,0
2,8.558162534200164e-08,1.1480643102856902e-08,0.9999321699142456,6.374427175614983e-05,4.795564501058891e-10,1.3195067261051463e-09,3.951667167712003e-06,0
2,7.715502903238304e-08,6.352929737829527e-09,0.999984622001648,1.4518826901621653e-05,7.557898196175471e-10,3.673870541121005e-09,6.889710562063556e-07,0
2,4.6931035058150883e-07,2.4098785189607952e-08,0.9999645948410034,3.2634910894557834e-05,2.781953556407757e-09,3.593885855579515e-09,2.3151519599196035e-06,0
2,3.037599753952236e-06,7.568307580640976e-08,0.9999200105667114,7.15683345333673e-05,5.181680862165194e-09,3.542736992656614e-09,5.288899956212845e-06,0
2,1.065968353941571e-05,7.081511199658054e-08,0.9998879432678224,9.737511572893708e-05,9.028736869254317e-09,2.3292503481542326e-09,3.795491693381337e-06,0
2,1.7641457816353068e-05,1.2299138063553985e-07,0.999908685684204,6.476522685261443e-05,6.1322977806810294e-09,4.1411918338951645e-09,8.775156857154798e-06,0
2,0.0001099431829061,1.966448195389603e-07,0.999718964099884,0.0001655848463997,3.014312000004793e-08,1.4800664693837008e-08,5.207931735640159e-06,0
2,9.27004930417752e-06,7.557937919955293e-08,0.9999583959579468,2.794591273413971e-05,2.9490341280080652e-09,8.887758085052155e-09,4.2477822717046365e-06,0
2,1.269395170311327e-06,4.1528370076093786e-08,0.9999772310256958,1.9976629118900743e-05,1.0230226665797204e-09,4.811560039286178e-09,1.4653923017249326e-06,0
2,1.729048726417659e-08,3.1159119728840783e-09,0.9999984502792358,1.3727245686823153e-06,1.6157323742826968e-11,3.99464045175435e-10,1.7352407155613037e-07,0
2,8.753167080044477e-09,2.490720740766505e-09,0.9999980926513672,1.926917775563197e-06,7.095094043535477e-12,2.582179470245194e-10,5.5001038390400936e-08,0
2,4.4558234435498896e-08,8.16333933784108e-09,0.9999970197677612,2.880670535887475e-06,4.74285680174269e-11,9.713023718660452e-10,1.6126421087392373e-07,0
2,6.975182653690126e-09,1.2783931691018322e-09,0.9999992847442628,7.656839215997024e-07,4.068697635750684e-12,2.240646695961246e-10,2.2430777235626923e-08,0
2,7.60271789967959e-10,1.491040513279529e-09,0.9999998807907104,1.611040545412834e-07,8.925193483583227e-13,9.240475051797147e-10,1.9709508691789782e-08,0
2,3.4643782287346875e-10,1.7891937931224786e-09,0.9999997615814208,2.708149224872614e-07,1.0667315555185077e-12,1.0959236851348921e-09,4.3499184698703175e-08,0
2,8.290207631489466e-09,4.316956747629774e-08,0.9999959468841552,3.3280084608122702e-06,1.6218509174548146e-11,9.205998630079648e-09,7.085468496370595e-07,0
2,0.0001959079963853,1.0372128826929838e-06,0.9995997548103333,0.0001678935368545,3.683892080275086e-09,1.0909303682637984e-07,3.526419823174365e-05,0
0,0.7809820175170898,1.161278305517044e-06,0.2190035134553909,6.637515980401076e-06,9.142452128685365e-09,4.155838723818306e-06,2.614279310364509e-06,0
0,0.9648011326789856,8.713594468190423e-08,0.0351974666118621,5.654980554936628e-07,1.215145206678869e-09,5.442419137580146e-07,2.463391695073369e-07,0
0,0.7339048385620117,3.1224698204823653e-07,0.2660802006721496,7.213915978354635e-06,3.528365599692051e-09,6.752512035745895e-06,6.682896582788089e-07,0
0,0.9790888428688048,2.140453148058441e-07,0.0209036991000175,5.634513399854768e-06,3.93707244583652e-09,1.3958373301647953e-06,2.020689180426416e-07,0
0,0.9998039603233336,1.7974281263377637e-07,0.0001901750656543,5.510953997145407e-06,3.6711338413653043e-09,3.2410266470606075e-08,2.2106149799583366e-07,0
0,0.9998542070388794,7.352944209060297e-08,0.0001445466477889,1.03399315776187e-06,4.161703870408928e-09,8.126589534640517e-08,1.4373505052844848e-08,0
0,0.9998960494995116,3.686625689169887e-07,0.0001021435236907,1.301086399507767e-06,1.782628489266358e-09,2.9280139202114697e-08,1.0392975013928665e-07,0
0,0.9999924898147584,1.7434712162867075e-07,7.03402338331216e-06,2.989843324030517e-07,3.377100377122133e-09,2.1356925117288483e-08,1.4106347201447988e-08,0
0,0.999996542930603,6.253321771509945e-08,3.2566606478212634e-06,1.72942378640073e-07,1.4424899053011584e-09,1.1856216453054458e-08,3.0594997646460342e-09,0
0,0.999995231628418,1.6284337789329586e-07,4.385960437502945e-06,1.9555710650820401e-07,4.468417191816343e-09,1.859327980469061e-08,6.908185579135306e-09,0
0,0.999996542930603,9.69611093637468e-08,2.803981487886631e-06,4.706363654349844e-07,5.328920860137032e-09,1.4235006062790491e-08,7.221163222936866e-09,0
0,0.999998927116394,1.2975924335023592e-07,6.452359571085253e-07,2.900613935707952e-07,6.856450962544613e-09,5.399910296688404e-09,1.8785191180370475e-09,0
0,0.9999958276748656,4.001777540452167e-07,3.325542820675764e-06,4.439591236859997e-07,2.0112926435444933e-08,2.2666554855277358e-08,1.3469070303528952e-08,0
0,0.9999953508377076,3.760410436370876e-07,3.780199222092051e-06,4.646233264793409e-07,1.6219763310232338e-08,1.763044643610101e-08,9.058860328536866e-09,0
0,0.9999966621398926,3.733881612788537e-07,2.629072696436197e-06,2.735264672537596e-07,4.4809638666265534e-08,2.6184283186125867e-08,1.0131512517830288e-08,0
0,0.9999908208847046,7.472710308320529e-07,7.985468982951716e-06,3.753313819743198e-07,1.85648847406128e-08,2.2386734244150833e-08,2.177018210147708e-08,0
0,0.9999951124191284,4.221559777306538e-07,3.5830121305480134e-06,9.193016126118892e-07,4.557611177347098e-08,1.0297170227602237e-08,1.0539511485774256e-08,0
0,0.9999991655349731,1.0946852313509225e-07,3.371211789726658e-07,3.497818568121147e-07,1.1025152346633147e-08,3.707862683555163e-09,2.636464602190358e-09,0
0,0.9999892711639404,6.084688948249095e-07,9.260916158382315e-06,7.698167223679775e-07,2.297237600146218e-08,3.289856920218881e-08,3.3953693190369456e-08,0
0,0.9999958276748656,2.732548125550238e-07,2.7870105441252235e-06,9.871104111880411e-07,1.3830755207777656e-08,5.74553693510893e-09,2.1480452971900377e-08,0
0,0.9999960660934448,3.943144122331432e-08,2.9857235404051607e-06,9.520094863546548e-07,1.3004763932400463e-09,2.312485092303973e-09,2.9572455595427982e-09,0
0,0.9999959468841552,4.9730719098306515e-08,3.94250855606515e-06,5.1233946862794255e-08,1.245414216199947e-09,9.520665145146268e-09,4.747246595826482e-09,0
0,0.999994158744812,2.2033712809843567e-07,5.467318715091096e-06,1.841141994418649e-07,2.790389919127278e-09,7.061810691766368e-09,9.86861170559905e-09,0
0,0.9999969005584716,2.230885627341195e-07,1.2483138789320949e-06,2.97928522741131e-07,3.9766671733332266e-08,1.0535027961111611e-08,1.370216409668501e-06,0
0,0.999990940093994,9.856229326032917e-07,3.722660153471225e-07,3.9338561919066716e-07,3.991143557868782e-07,1.0012026763206451e-08,6.899482286826242e-06,0
0,0.9999949932098388,7.689993140047591e-07,5.451607307804807e-07,6.769013793928025e-07,1.5640663377780584e-06,5.925744783752407e-09,1.4668290759800584e-06,0
0,0.9999964237213136,4.001127820174588e-07,1.1103320503025316e-06,7.687331304850886e-08,2.9510610843885846e-08,1.6439983596683305e-08,1.982777803277713e-06,0
0,0.9999866485595704,2.6973111744155176e-07,1.2933697689732073e-05,9.196159567181895e-08,1.4742437492998306e-08,3.173231988284897e-08,7.471891905197482e-08,0
0,0.9999959468841552,5.126552338197144e-08,3.6740125324286055e-06,2.6322180701754405e-07,8.912945048678012e-09,7.148065250817126e-09,1.5385420937263916e-08,0
0,0.9999903440475464,4.8422101883716095e-08,9.439430868951604e-06,1.660215787069319e-07,1.4274421644699942e-08,5.127657587422618e-08,8.857985456245387e-09,0
0,0.999995231628418,1.9963312070103714e-07,3.149252506773337e-06,1.3763367405772442e-06,5.398812419343813e-08,1.8745760499427888e-08,2.4156495470606387e-08,0
0,0.9999985694885254,2.8783874839177773e-08,6.635068530158605e-07,6.923490900589968e-07,7.4440391628627375e-09,8.251155314553671e-09,2.1777937231348687e-09,0
0,0.9999819993972778,9.914474219385738e-08,1.3340430086827835e-05,4.520726179180201e-06,3.230074696602969e-08,4.268475350954759e-08,2.0229142805305852e-08,0
0,0.9999990463256836,2.4582049729104934e-09,3.2929290227912134e-07,6.052904950593074e-07,1.9308772358783703e-09,1.4173784812498981e-08,2.799172227341273e-09,0
0,0.9999871253967284,1.2456721876219491e-08,7.003884093137458e-06,4.706577328761341e-06,1.6307385664049434e-08,1.3578069513187074e-07,9.738746484799776e-07,0
0,0.9999985694885254,1.7510750627280911e-09,1.0629456710375962e-06,3.600893592192733e-07,1.976420804794543e-09,3.4549806571249064e-08,2.4782412566537463e-08,0
0,0.9999992847442628,6.288989329306104e-10,4.375226865249715e-07,2.758442292360997e-07,6.856241130392958e-10,1.8355333253339268e-08,1.0112439774445647e-09,0
0,0.9999979734420776,5.133494185294295e-10,1.5448969179487904e-06,2.6377594508630864e-07,2.9455866634719996e-09,2.134450909352381e-07,1.0732456035000835e-09,0
0,0.9999970197677612,1.375675573456192e-09,2.0913380467391107e-06,3.495356395433191e-07,1.1020565793273818e-08,5.207912181504071e-07,1.847544228716913e-09,0
0,0.9999974966049194,5.34871125168479e-09,1.0543136568230691e-06,9.744608178152705e-07,4.815121101842124e-08,4.625208589459362e-07,2.3022956874285683e-09,0
0,0.999997615814209,3.5951837062953022e-09,6.30958254532743e-07,6.588766723325534e-07,1.0954271090213297e-07,1.0103358363267034e-06,2.77757955524649e-10,0
0,0.999995231628418,1.4169972750721628e-08,2.167099637517822e-06,4.566136340145022e-07,1.0886966350653893e-07,2.0145182588748867e-06,2.7032107663416127e-09,0
0,0.9999958276748656,9.67227098414014e-09,2.961042127935798e-06,6.116040367487585e-07,3.0248351379214e-08,5.743647193412471e-07,1.0388153670604083e-09,0
0,0.9999947547912598,6.4846132907803175e-09,2.793657586153131e-06,6.599319135602855e-07,8.316714428246996e-08,1.721406420074345e-06,1.1567080626662116e-09,0
0,0.999994158744812,1.4892328481508343e-09,1.385149744237424e-06,3.529482910380466e-07,6.218873238594824e-08,3.991676294390345e-06,2.802180709693402e-10,0
0,0.9999977350234984,4.051620150491431e-10,3.252550584420533e-07,6.150339117994008e-07,2.723094496559497e-07,1.0764832722998108e-06,3.349904353910915e-09,0
0,0.9999959468841552,7.810611601932749e-10,2.201398046963732e-06,1.495716048793838e-07,1.8750384356280847e-08,1.704055534901272e-06,1.474026234404846e-09,0
0,0.9999994039535522,2.6303574873765e-09,3.4875901633313333e-07,1.1302297764359537e-07,4.510729123552437e-09,8.086805536322572e-08,5.958465942867973e-10,0
0,0.9999986886978148,1.5067289638182046e-08,5.01969338984054e-07,7.0516074401894e-07,1.2642153102149224e-08,5.5695490885909755e-08,2.973384916060695e-08,0
0,0.999996542930603,5.8087707088816394e-08,2.0655929802160244e-06,1.147287889580184e-06,2.0004438994192242e-08,9.970904102374335e-08,2.1349800150005652e-08,0
0,0.999990940093994,1.338821533636292e-07,7.62988202041015e-06,1.2577946790770511e-06,2.3310914087915083e-08,7.137909818766276e-08,6.672819186093193e-09,0
0,0.9999964237213136,7.888656483601153e-08,2.769757429632591e-06,5.854108167113736e-07,1.020420299369107e-07,2.1718046028240682e-08,1.2678151861678089e-08,0
0,0.9999986886978148,3.0364049052877824e-08,6.662201599283435e-07,6.012767812535458e-07,4.750676296794155e-08,8.992200761781532e-09,1.873423416398623e-09,0
0,0.9999933242797852,4.7829544769228967e-08,3.856465809803922e-06,2.776866267595324e-06,3.3380850084085984e-08,1.6756668941297903e-08,1.6255646828611246e-09,0
0,0.9999953508377076,4.64940050903806e-08,1.532917167423875e-06,3.019136329385219e-06,5.634526800690765e-08,1.688510131714338e-08,1.400870197620918e-09,0
0,0.9999929666519164,4.607175441151412e-08,3.105259111180203e-06,3.879172254528385e-06,2.6365853500465164e-08,1.528615456436455e-08,1.3224064066008623e-09,0
0,0.999977707862854,6.138305508329722e-08,1.765647903084755e-05,4.563821221381659e-06,1.8446749905365323e-08,4.99875270065786e-08,2.835994328265201e-09,0
0,0.9999655485153198,5.4864614185135e-08,3.303261109977029e-05,1.2589699736054172e-06,7.859978445878824e-09,1.1612390693471752e-07,1.7553811737514023e-09,0
0,0.9999959468841552,4.3565197671568974e-08,2.795902446450782e-06,1.1867839475598885e-06,1.663633497628325e-08,4.8469871671841254e-08,1.2307567187619384e-09,0
0,0.9999921321868896,6.221138448836427e-08,4.269821147317998e-06,3.4955344290210637e-06,4.5085741362527194e-08,3.806555781693533e-08,3.734274223177181e-09,0
0,0.9999949932098388,8.116296079663243e-09,6.757945243407448e-07,4.163554876868147e-06,1.737824817382716e-07,2.8903041737748936e-08,6.061458446282586e-09,0
0,0.9999974966049194,5.1717345961321826e-09,6.708627324769623e-07,1.7312662521362654e-06,1.6658683321679746e-08,2.4633417083919085e-08,2.6555610488365744e-10,0
0,0.9999833106994628,1.3923160224749156e-07,1.1352997717040124e-05,4.728942712972639e-06,6.47438369583142e-08,3.934794108317874e-07,4.986265622619612e-09,0
0,0.9999597072601318,2.352786623305292e-07,3.4316981327719986e-05,5.081406015960965e-06,1.44009064229067e-07,3.8669449509143305e-07,7.38644558850865e-08,0
0,0.9999890327453612,1.83828952060594e-08,5.902903467358556e-06,4.360392722446704e-06,2.36973107803351e-07,4.098689032616676e-07,9.33186541374198e-08,0
0,0.9999818801879884,1.0383146786807629e-07,9.99159055936616e-07,1.4819863281445578e-05,2.154426283595967e-06,2.9772735388178265e-08,1.0038385767074943e-07,0
0,0.9998964071273804,1.1117821685502349e-07,5.716854900583712e-08,6.458383722929284e-05,3.8618316466454417e-05,5.767847088833378e-09,1.9872085488259475e-07,0
0,0.9999921321868896,1.4581514884426383e-09,8.257509342968206e-09,7.504354016418802e-06,4.1612821632952556e-07,1.329174770248187e-09,6.226161253231055e-11,0
0,0.9999841451644896,8.720505206838426e-08,4.240922919507284e-07,1.1079338037234264e-05,4.1331782085762825e-06,3.8086966469563777e-08,3.305892093408147e-08,0
0,0.9999833106994628,2.069763738177244e-08,6.330559898515277e-08,8.891163815860637e-06,7.674975677218754e-06,4.308528289698189e-08,2.250241060153257e-08,0
0,0.9999891519546508,7.672582569284715e-08,6.633651992160594e-07,8.285690455522854e-06,1.5696142554588732e-06,1.7610685176805418e-07,7.42882448889759e-08,0
0,0.9999969005584716,5.689102877681763e-08,5.269044436317927e-07,2.2620477011514595e-06,1.294954330433029e-07,5.3885024442479335e-08,1.468452470732018e-08,0
0,0.9999995231628418,6.664507168352429e-09,1.4181046026351396e-07,3.8280683156699524e-07,8.797668371585132e-09,1.3921057195886988e-08,3.7777134198613277e-10,0
0,0.9999990463256836,1.8563230952395315e-08,5.229836688158684e-07,4.430883677741804e-07,1.2152071349191829e-08,2.3310656516173367e-08,7.289181702674341e-09,0
0,0.999996304512024,3.3708662527942586e-08,3.0179330678947736e-06,4.818035108655749e-07,2.924578801355437e-08,1.1183293224803494e-07,1.1745837014132121e-07,0
0,0.9999974966049194,2.6266489427939632e-08,1.6527897059859242e-06,3.939697421628807e-07,5.3077890527220006e-08,2.065775248638602e-07,2.1092627378038745e-07,0
0,0.999993085861206,1.5595108493471346e-07,5.114699888508767e-06,1.2543056300273747e-06,5.992294660472909e-08,1.9317094768211973e-07,1.6390953305744918e-07,0
0,0.9999958276748656,2.8578313049365534e-07,2.456176162013435e-06,1.1129499171147472e-06,8.913730908943762e-08,9.323832728114213e-08,4.659327501599365e-08,0
0,0.9999964237213136,2.439301454160159e-07,2.3539828362117987e-06,7.804461574778543e-07,4.2733347527246224e-08,1.1493909823911964e-07,1.5399196584553465e-08,0
0,0.9999974966049194,3.809381325936556e-07,5.414842121354013e-07,1.1761449059122242e-06,1.9897858294370965e-07,5.8161155891411915e-08,1.8419058278595912e-08,0
0,0.9999977350234984,1.1933452981338633e-07,7.635439942532685e-07,1.3696701444132486e-06,2.6440108769065773e-08,4.7527205282449365e-08,4.7752344300988625e-09,0
0,0.9999984502792358,2.451953484694513e-08,2.857617857898731e-07,1.2128064099670155e-06,3.7954510645477064e-08,6.818149955734043e-08,1.4528416247827634e-09,0
0,0.999996542930603,8.687228358894573e-08,6.755191179763642e-07,2.5006311261677183e-06,9.396107003567523e-08,9.238761577989862e-08,1.7383429140593874e-09,0
0,0.999996304512024,8.704973453177446e-08,2.482177592355584e-07,3.194264536432456e-06,1.266726883386582e-07,2.4704487344706653e-08,1.1942185018654072e-08,0
0,0.9999945163726808,6.901042848284078e-09,1.388042818462054e-07,5.374484317144379e-06,1.0421922880254897e-08,1.0263321748027464e-08,8.88112222652282e-11,0
0,0.9999946355819702,7.931852508136218e-08,1.7376346477249172e-06,3.431999402891961e-06,3.32570344596661e-08,1.841812746761207e-08,1.2949868954947872e-09,0
0,0.9999399185180664,9.340315045847092e-07,8.199168632927467e-07,5.7808250858215615e-05,4.429236355463218e-07,3.6536369485418155e-09,5.424213966875868e-08,0
0,0.999975562095642,4.572476427711081e-06,5.316479132488894e-07,1.737204729579389e-05,4.770795385411475e-07,1.3589563252480731e-08,1.5276084468496265e-06,0
0,0.9999698400497437,5.095452706882497e-06,1.47062223732064e-07,7.046177415759303e-06,4.199430804874282e-06,5.065514940838512e-08,1.373296163365012e-05,0
0,0.9999934434890748,5.953673394287762e-07,5.4349225564465093e-08,3.4232250527566066e-06,1.1793277963079165e-06,1.3558271838576276e-08,1.241994482370501e-06,0
0,0.999968647956848,1.085459757632634e-06,2.2757644657644963e-08,9.04588489447633e-07,1.7834587197285146e-05,7.986175631913285e-08,1.1374375390005298e-05,0
0,0.9999756813049316,4.449390473837411e-07,1.770451376614801e-07,6.554263620728308e-08,3.678699158626842e-06,1.967696192650692e-07,1.975375016627368e-05,0
0,0.999997615814209,9.720600502305389e-08,2.0305621717398026e-07,1.1739201966065593e-07,5.049196829531866e-07,8.427124953414022e-08,1.3634247579830117e-06,0
0,0.999934196472168,2.34179469771334e-06,2.351916737097781e-05,1.981282366614323e-06,1.7617738876651856e-06,1.7488940784460285e-06,3.439919964876026e-05,0
0,0.999904990196228,9.357789167552257e-06,2.5614914193283767e-05,6.729988399456488e-06,5.546004103962332e-06,1.4834752164460951e-06,4.62948955828324e-05,0
0,0.9999971389770508,1.584985653835247e-07,1.4947361250960969e-06,1.057511440194503e-06,4.696316580066196e-08,5.3845383263251285e-08,1.4847822527030985e-08,0
0,0.9999994039535522,1.4733096520558321e-08,2.1686828688416426e-07,3.757052411401674e-07,2.454824254982668e-08,2.6122199514588832e-08,8.880073565364912e-09,0
0,0.9999874830245972,4.2421692825200814e-08,1.6135589930854621e-07,1.209901074616937e-05,1.6117365930767846e-07,2.8269987240037157e-08,4.340334669450385e-08,0
0,0.9999828338623048,9.74234097839144e-08,5.664490458912042e-07,1.6368854630854912e-05,1.1573276026410897e-07,4.0057823724737325e-08,1.5166985889436546e-08,0
0,0.9999830722808838,1.189787042221724e-07,4.915758040624496e-07,1.6292497093672864e-05,4.0187934757796035e-08,1.833907781190192e-08,2.9729003703238277e-09,0
0,0.999969720840454,1.2338681187884504e-07,2.809940269798972e-06,2.617218342493288e-05,7.339497756220226e-07,3.588257300179976e-07,1.0015500429005897e-08,0
0,0.9999974966049194,9.05105046467014e-10,2.895714885653433e-07,2.134184114765958e-06,4.753967441928353e-09,8.346231084033208e-08,7.103984067668989e-09,0
0,0.9999983310699464,3.941955206698822e-09,3.2806019589770585e-07,1.1300802498226403e-06,2.0191146532511084e-09,2.8095218596035924e-08,1.5560604538222833e-07,0
0,0.9999961853027344,5.882890175001876e-09,2.1616976937366417e-06,1.357701989945781e-06,1.171660213294956e-09,1.1230467578116077e-07,1.6348774067864724e-07,0
0,0.9999971389770508,4.0292993941370975e-10,6.453757350755041e-07,1.983206857403274e-06,6.137310215592606e-09,1.650943346476197e-07,3.756483124561783e-08,0
0,0.9999836683273317,6.563444898688431e-09,7.726989679213148e-06,5.6489666349079926e-06,1.9204946966056013e-08,6.603470410482259e-07,2.3256368422153173e-06,0
0,0.999987244606018,7.582496408531371e-09,6.109998139436357e-06,4.964656000083778e-06,1.3791728648016033e-08,1.4259616136769182e-06,2.3901586132524244e-07,0
0,0.9999961853027344,1.8273281776615134e-09,1.70746068306471e-06,1.2964119378011674e-06,6.4937446531132545e-09,6.832510166532302e-07,4.2565517333059695e-08,0
0,0.9999970197677612,1.2516092606773555e-09,9.045400588547636e-07,1.4294503216660814e-06,8.058021805368298e-09,5.807253842249338e-07,1.3264593867745589e-08,0
0,0.9999980926513672,2.8612448521592166e-10,2.580133013907471e-07,1.428293558092264e-06,4.048085866514839e-09,2.773336689188e-07,9.619063323640376e-10,0
0,0.9999972581863404,4.139985299023152e-10,3.7539001596087473e-07,2.140786364179803e-06,3.1450100301810835e-09,2.555549087901454e-07,4.828487054631124e-10,0
0,0.999997615814209,7.718505001808039e-11,2.2291774826044278e-07,2.985405274102959e-07,4.390450225599807e-09,1.7905958884512074e-06,8.788252070512924e-11,0
0,0.9999982118606568,9.089875380174915e-11,2.879305043279601e-07,2.772604830170167e-07,2.4336406223568474e-09,1.2770339026246802e-06,7.995360623569425e-11,0
0,0.9999979734420776,3.364541423245271e-10,3.481975170416263e-07,9.785951533558546e-07,6.541454933284285e-09,6.354741799441399e-07,2.6618762749563984e-10,0
0,0.9999954700469972,4.17284623521752e-10,2.0894358954137718e-07,3.3183343930431874e-06,1.824666817640264e-08,9.516539876130992e-07,2.2480138583969023e-10,0
0,0.9999948740005492,4.5497556833140615e-09,8.225143233175913e-07,1.9423300727794413e-06,1.2646235347801849e-07,2.280556600453565e-06,2.6620621262907207e-09,0
0,0.999996542930603,2.7635638222278654e-09,1.160873694061593e-06,2.2316106651487646e-07,2.0224190322437607e-08,1.9910530681954697e-06,4.6242338846980155e-09,0
0,0.9999865293502808,1.292512621375863e-07,9.834353477344848e-06,1.095771835935011e-06,7.824920089660736e-08,2.190648274336126e-06,1.083055778394737e-07,0
0,0.9999721050262452,7.5676707638194785e-06,1.488980069552781e-05,3.3232795431104023e-06,4.52008407592075e-07,4.594594145146402e-07,1.2401311551002436e-06,0
0,0.9998356103897096,2.5586283300071955e-05,0.0001094242834369,1.0495392416487448e-05,5.36072889190109e-07,1.1195863862667466e-06,1.7220398149220273e-05,0
0,0.9999792575836182,3.75063518731622e-06,1.3442458111967426e-05,2.51046594712534e-06,2.528236677790119e-07,3.6035447692484013e-07,3.260991263687174e-07,0
0,0.9999916553497314,6.422366141123348e-07,4.09564654546557e-06,3.2388572890340583e-06,1.2619160827398448e-07,1.517928467364982e-07,1.7469107049805643e-08,0
0,0.9999854564666748,8.305655114781985e-07,6.310964636213612e-06,7.0095857154228725e-06,2.395674414401583e-07,2.009867046126601e-07,1.1787021136910882e-08,0
0,0.9999815225601196,1.5290401051970548e-06,1.143286772276042e-05,4.82859650219325e-06,2.7033516403207614e-07,4.6483276605613366e-07,4.9882284969271495e-08,0
0,0.999981164932251,8.574132266403467e-07,1.4464076230069622e-05,2.916121047746856e-06,1.27099625046867e-07,2.9111347998878045e-07,1.414225465623531e-07,0
0,0.9999773502349854,1.0567233630354167e-06,1.0763488717202565e-05,9.740168934513347e-06,4.4296763235252e-07,2.919815074164944e-07,2.985626679219422e-07,0
0,0.9999756813049316,9.777832019608468e-07,1.8510852896724828e-05,4.18589706896455e-06,1.7082180647776113e-07,4.793110406353662e-07,7.605268592669746e-08,0
0,0.9998983144760132,8.514502951584291e-07,9.438422421226278e-05,4.403027560329065e-06,2.438497404000373e-07,1.0529270184633788e-06,7.56702149828925e-07,0
0,0.999970316886902,3.874819185512024e-07,2.356986624363344e-05,4.853838163398905e-06,1.2905972823773484e-07,4.589015816236497e-07,3.180240355504793e-07,0
0,0.9999902248382568,9.477656703893445e-08,6.934379143785918e-06,1.97639201360289e-06,6.306632371888554e-08,3.870017906137946e-07,2.141178470083105e-07,0
0,0.9999159574508668,3.736829228273564e-07,7.271768117789179e-05,9.088968909054527e-06,7.13502004145994e-08,1.4940005712560378e-06,2.772773086689995e-07,0
0,0.9998846054077148,1.1161273505422289e-06,7.801387255312875e-05,2.9659562642336823e-05,4.532573427695752e-07,4.245294348947937e-06,1.798923790374829e-06,0
0,0.9999920129776,1.1280134160074342e-08,2.818406983351452e-07,7.594601356686326e-06,1.6666338353843457e-07,3.2110829550902054e-08,1.605972599350025e-08,0
0,0.9999954700469972,2.3043524421950682e-08,5.896957304685202e-07,3.722856718013645e-06,1.643659146566279e-07,1.276932266591757e-07,3.518533020496761e-08,0
0,0.9999668598175048,6.023032597113342e-07,2.838863338183728e-06,2.687201049411669e-05,2.4207929527619854e-06,1.5655541574233214e-07,2.847218070201052e-07,0
0,0.9999927282333374,1.8467561346824368e-07,3.066792714889744e-06,3.193991233274573e-06,1.0924942728252065e-07,2.593468195755122e-07,3.482949750832631e-07,0
0,0.9999902248382568,1.1995651050256129e-07,2.265553803226794e-06,6.634289093199186e-06,2.397613059201831e-07,3.317261416668771e-07,1.8832291459602857e-07,0
0,0.9999864101409912,5.475069428939605e-07,1.0454410812599235e-06,1.1278420060989449e-05,4.22231664742867e-07,9.299626668735073e-08,1.8487531860955642e-07,0
0,0.9999938011169434,4.921537879454263e-07,8.399439366257866e-07,4.516784429142717e-06,2.000736998297725e-07,4.0646426668899955e-08,1.1677353484174092e-07,0
0,0.9999949932098388,3.132446408926626e-07,6.509715717584186e-07,3.827815362456022e-06,1.1917077813450305e-07,3.9267110452101406e-08,3.2599057675497534e-08,0
0,0.9999936819076538,4.212878650378116e-07,3.776814594402822e-07,4.917664227832574e-06,2.509938212824636e-07,3.2684621231737765e-08,3.638231760305644e-07,0
0,0.999991536140442,2.1758357604539927e-07,3.4858899766732065e-07,7.5082798502990045e-06,1.999019616505393e-07,3.416092653196756e-08,1.3092000017422833e-07,0
0,0.9999951124191284,2.991322958223464e-07,1.9541539586498402e-07,4.176694801572012e-06,9.018727809007032e-08,2.823264466655928e-08,2.548880573272072e-08,0
0,0.999980926513672,5.939019160905445e-07,2.903617257743463e-07,1.7966323866858147e-05,1.0964309637984117e-07,1.7541641028628874e-08,7.217432340667075e-08,0
0,0.999970316886902,4.443294301381684e-07,1.0058239752197553e-07,2.890807991207112e-05,1.4422870719954517e-07,1.169449159732494e-08,1.1907366825880673e-07,0
0,0.9999772310256958,1.201391768290705e-07,5.236137923247952e-08,2.220627902715933e-05,3.435737028212316e-07,2.0622520580104723e-08,5.6411668225564426e-08,0
0,0.9999691247940063,4.186485966783948e-07,1.7849414746251568e-07,2.951784335891716e-05,5.926738708694756e-07,7.329438034275881e-08,7.196206297521712e-08,0
0,0.9999810457229614,8.48835441047413e-07,8.515881404491665e-07,1.6219817553064786e-05,2.3415684324845645e-07,1.2088517564734502e-07,6.857506491542154e-07,0
0,0.9999661445617676,2.3405242188800915e-07,3.981666054642119e-07,3.208007910870947e-05,4.0539640622228045e-07,2.652080581810879e-07,5.612319000647403e-07,0
0,0.9999679327011108,3.422499617045105e-07,1.6948961274465546e-06,2.3844413590268232e-05,2.0673851963692869e-07,5.456275857795845e-07,5.441261237137951e-06,0
0,0.999952793121338,8.857475108925428e-07,5.356989731808426e-06,3.75453892047517e-05,9.68140199120171e-08,4.971550993104756e-07,2.745801566561568e-06,0
0,0.9999557733535768,1.41188380098356e-07,4.695537541010708e-07,4.316332706366666e-05,8.661528028142129e-08,1.0585740994883964e-07,1.9269437245839074e-07,0
0,0.999913454055786,1.4004732520334071e-06,4.888992179985507e-07,8.13562874100171e-05,2.27605454483637e-07,5.2963702756869686e-08,2.951550868601771e-06,0
0,0.9999748468399048,2.086849008264835e-06,5.608218245356512e-08,2.2277625248534605e-05,2.0277991552575259e-07,9.567848735514415e-09,5.62287311822729e-07,0
0,0.9999860525131226,3.0072845902395784e-07,5.4133010962686974e-08,1.334558692178689e-05,9.179033355621868e-08,1.8550883496004644e-08,9.813240353651055e-08,0
0,0.999968647956848,7.180706234066747e-07,7.945013180687965e-07,2.679930184967816e-05,2.0131578537530006e-07,5.493295063274672e-08,2.7259086436970392e-06,0
0,0.9999830722808838,9.83854533842532e-07,6.078126943975803e-07,1.3796467101201417e-05,2.677013242191606e-07,4.0344762197719326e-08,1.3568389931606362e-06,0
0,0.99998140335083,2.0773652522620978e-06,2.610301521599468e-07,1.5590987459290773e-05,3.125862235719979e-07,2.6392317664658552e-08,3.38162692514743e-07,0
0,0.9999922513961792,1.7725526504364095e-06,1.4964494710056897e-07,3.249517476433539e-06,8.51249410516175e-07,3.7082845238956e-08,1.6994305269690813e-06,0
0,0.9999613761901855,1.2171464732091408e-05,6.655868673988152e-07,4.70058012069785e-06,1.0375149486208102e-06,9.604201522961377e-08,1.9995999537059103e-05,0
0,0.9999897480010986,4.73065119876992e-06,1.7323991414741613e-06,3.016391247001593e-06,1.3702097589884946e-07,1.4776047407849546e-07,5.485712790687103e-07,0
0,0.9997617602348328,7.56563531467691e-05,1.5377902400359744e-06,2.4158794985851276e-05,1.751274226080568e-06,1.3167391443857926e-07,0.0001349348021904,0
0,0.9998905658721924,1.3324348401511088e-05,7.768898626636656e-07,2.550200770201627e-05,4.263245614311018e-07,5.953881299092245e-08,6.92723406245932e-05,0
0,0.9999372959136964,7.92192713561235e-06,4.029965566587634e-06,4.052000076626428e-05,5.359852934816445e-07,1.0892982515997575e-07,9.72938141785562e-06,0
0,0.999926209449768,1.693049125606194e-05,8.021547159842157e-07,4.5584121835418046e-05,9.112465590987996e-07,1.907159585812224e-08,9.422061339137144e-06,0
0,0.9999762773513794,1.3683389852303662e-06,1.737203433549439e-06,1.990352939174045e-05,1.837506147239765e-07,6.022167298169735e-08,4.341120245499042e-07,0
0,0.9999808073043824,2.037963213297189e-06,4.452312509783951e-07,1.6186791981454007e-05,3.865337703246041e-07,4.4150841205237163e-08,9.783380505723473e-08,0
0,0.9998552799224854,1.518926865173853e-06,2.1487770140993237e-07,0.0001422002678737,7.574074629701499e-07,2.663052711682212e-08,4.897141892001856e-08,0
0,0.999880313873291,2.1015527806866885e-07,8.69206857601057e-08,0.0001185974688269,6.839104571554344e-07,2.3822559924724374e-08,1.3147964494919506e-08,0
0,0.9999635219573976,2.568615400377894e-07,1.4436079709412297e-07,3.586496677598916e-05,2.5015944515871524e-07,4.643252893288263e-08,7.286503844738945e-09,0
0,0.999898076057434,1.4893861361997551e-06,2.824931186751201e-07,9.680683433543892e-05,3.1311499242292484e-06,1.6285815718219965e-07,2.77523017899739e-08,0
0,0.999913215637207,1.4872611018290629e-06,3.539390149853716e-07,8.093644282780588e-05,2.8593769911822164e-06,8.291229960377677e-07,3.886877664172062e-07,0
0,0.9999758005142212,1.3884836107536105e-06,3.1041217596339266e-08,2.262969792354852e-05,1.735242989298058e-07,4.7324896002010064e-08,2.0413356338622183e-08,0
0,0.9999667406082152,9.29473173982842e-07,4.618457083438443e-08,3.150840711896308e-05,2.3515514158134465e-07,4.4747825000968084e-08,5.207530762163515e-07,0
0,0.999984622001648,1.012093321151042e-06,1.159847329290642e-06,8.138935299939476e-06,1.1827656010154897e-07,1.9829312236652186e-07,4.785016699315747e-06,0
0,0.998977541923523,0.0003910979430656,1.7331394701614045e-06,0.0002427909785183,1.4963559806346892e-05,2.720521479204763e-07,0.0003716431383509,0
0,0.9999606609344482,1.93861274055962e-06,2.2086783246777486e-06,3.0873339710524306e-05,3.3628813866926066e-07,8.308959422720363e-07,3.141812157991808e-06,0
0,0.9999101161956788,8.343715762748616e-07,1.593688466527965e-05,3.9106806070776656e-05,2.738402713475807e-07,1.877335125755053e-05,1.4952782294130884e-05,0
0,0.9999254941940308,2.1479063434526324e-06,1.2282641364436133e-05,4.4994587369728833e-05,7.895612839092792e-07,1.2679448445851447e-05,1.5030568647489415e-06,0
0,0.9999862909317015,2.659418214534526e-07,2.635567398101557e-06,3.6822798392677214e-06,1.1884809225648497e-07,6.996715001150733e-06,4.315144863653586e-08,0
0,0.999990463256836,1.9892198110937898e-07,2.3299490692352265e-07,7.031688710412709e-06,2.0383609466989586e-07,1.7988826357395735e-06,2.1430615504414163e-08,0
0,0.9999902248382568,9.315342595073162e-07,1.1728842252978212e-07,7.561350685136858e-06,3.517758386806236e-07,7.846699077163066e-07,1.7244925487602814e-08,0
0,0.9999924898147584,1.1387643326088437e-06,4.339882195836253e-07,4.148427706240909e-06,3.1414671752827417e-07,1.3369487987802131e-06,3.8045175898560046e-08,0
0,0.9999829530715942,4.6187346924853045e-06,1.0681654885047465e-06,7.3958585744549055e-06,8.580291250837035e-07,2.844703203663812e-06,2.622026897824981e-07,0
0,0.9999356269836426,1.1576174983929375e-05,2.359778136451496e-06,4.140016972087324e-05,2.380309751970344e-06,6.030043095961446e-06,5.878793558622419e-07,0
0,0.9999604225158693,1.813537710404489e-05,9.913150051943376e-07,8.034488928387873e-06,3.0333658287418075e-06,9.029353350342715e-06,4.916931288789783e-07,0
0,0.9998642206192015,5.416528074420057e-05,9.076307492250636e-07,6.335613579722121e-05,8.66175105329603e-06,5.910801974096103e-06,2.6836742108571343e-06,0
0,0.9997912049293518,0.0001059647765941,2.892375960072968e-06,3.093426857958548e-05,1.847127168730367e-05,4.470685598789714e-05,5.7742931858228985e-06,0
0,0.9997723698616028,0.0002078763936879,1.5633708017048775e-06,4.851998255617218e-06,6.562086582562188e-06,6.096166998759145e-06,6.905697773618158e-07,0
0,0.9995176792144777,0.0004623474669642,1.900000597743201e-06,3.015910579051706e-06,8.731663001526613e-06,5.473163128044689e-06,8.186480613403546e-07,0
1,3.41015838785097e-05,0.9994550347328186,2.244472341317305e-07,9.159074920717104e-07,2.2741726297681453e-06,6.641810212926201e-09,0.0005073903594166,0
1,0.0010959309292957,0.998457670211792,1.2158697018094244e-06,5.579713615588844e-06,8.756620673011639e-07,1.1905653352073386e-08,0.0004387054650578,0
1,5.173917816136964e-05,0.9998568296432496,4.22295534008299e-06,1.0712062703532863e-06,6.847809430610141e-08,1.2433452489801766e-08,8.608583448221907e-05,0
1,0.0001849087711889,0.9997729659080504,1.8007103790296242e-06,3.4596033060552145e-07,1.0279348572339587e-07,1.5521509411087212e-08,3.988667958765291e-05,0
1,6.931345706107095e-05,0.9997515082359314,7.534258656960446e-07,6.164419801280019e-07,3.3141692057370165e-08,7.528259793332381e-09,0.0001778471778379,0
1,4.99320485687349e-05,0.9999138116836548,1.2537983593574609e-06,2.595579076114518e-07,3.454029240401724e-08,7.0605028490433605e-09,3.470957381068729e-05,0
1,9.839822450885548e-05,0.9998192191123962,5.197849986871006e-06,9.671641691966215e-07,1.1554081424947073e-07,2.595262849069968e-08,7.613567140651867e-05,0
1,2.625823617563583e-05,0.9999611377716064,2.283257174440223e-07,1.8746560215276986e-07,3.0594335953537666e-08,3.947549842564513e-09,1.2085788512194997e-05,0
1,0.0004809161473531,0.9994961023330688,4.733524860967009e-07,7.284925231942907e-07,2.0812807122183585e-07,7.531765433554938e-09,2.1519892470678315e-05,0
1,0.0002800195070449,0.9996274709701538,1.7453139662393369e-06,9.29737143451348e-06,4.799137514055474e-07,9.534889322537763e-09,8.092095231404528e-05,0
1,0.0001684703747741,0.9997994303703308,8.802966817711422e-07,2.8427411962184124e-06,1.6738896135848338e-07,3.77289799402547e-09,2.816956111928448e-05,0
1,2.857236540876329e-05,0.9999525547027588,3.472747209798399e-07,9.482087648393644e-07,1.194219123590301e-07,1.1914151887282287e-09,1.744943619996775e-05,0
1,1.474018699809676e-05,0.9999802112579346,4.7884142873044766e-08,2.1678430073279745e-07,1.2876252242222108e-07,1.6595522178697308e-10,4.58093518318492e-06,0
1,7.597075182275148e-07,0.9999940395355223,3.4032048290555394e-08,9.526736732823339e-08,2.4825162370234466e-08,3.234917542171978e-11,5.001199497201014e-06,0
1,2.5512144929962237e-06,0.9999947547912598,1.42065488262233e-07,1.314566446808385e-07,2.7284061232535354e-08,1.233706470316065e-10,2.4094019863696303e-06,0
1,4.179599386588962e-07,0.9999983310699464,1.080986109514015e-07,1.1648321418533669e-07,2.3570894569502343e-08,5.2737772482380756e-11,1.0470520237504388e-06,0
1,3.3890864870045334e-06,0.9999899864196776,2.539537433676742e-07,1.5859086488489993e-07,9.037054837790492e-08,1.9797453953973587e-10,6.216315341589507e-06,0
1,7.179109502430947e-07,0.9999932050704956,2.042029301208004e-08,2.940163312814548e-08,3.178595520125782e-08,2.821036980404923e-11,5.995605079078814e-06,0
1,7.16075909679148e-09,0.9999983310699464,7.200645057992007e-08,4.950783338841802e-09,3.2503975067044166e-09,7.510632393792349e-11,1.64465404850489e-06,0
1,7.945745750248534e-08,0.999980330467224,1.4621170407735917e-07,1.593700034163703e-07,7.127862033939891e-08,2.1503585023729954e-10,1.9302944565424696e-05,0
1,3.5587129332270706e-07,0.9999799728393556,1.083788490063853e-07,4.1686806895313566e-08,6.36920916008421e-08,1.7090766302185756e-10,1.9545028408174403e-05,0
1,1.6784780427769874e-06,0.9999929666519164,2.139194155148516e-09,1.4174508677911037e-08,4.5570711648679214e-08,9.275647958051358e-12,5.2739528655365575e-06,0
1,4.418616015300359e-07,0.999993085861206,2.121923747822052e-09,8.501264581184387e-09,3.0332621747675155e-08,1.3862124122188124e-11,6.427555490517989e-06,0
1,1.5296056687930104e-07,0.9999971389770508,3.090148692486139e-10,8.020118791307596e-09,2.8730518408792705e-08,6.404414758937049e-12,2.697765467019053e-06,0
1,9.707755452836864e-06,0.9999836683273317,3.216342747691669e-10,4.684328303028452e-08,4.3329666254976473e-07,8.411670665564586e-12,6.152684818516718e-06,0
1,3.745451977010816e-05,0.9999576807022096,2.1351851398065942e-09,8.75886456697117e-08,5.614556926047953e-07,3.572309115185135e-11,4.174105924903415e-06,0
1,3.582811405067332e-05,0.9999567270278932,9.309403248280999e-10,8.172938237294147e-08,5.359497095014376e-07,3.194245909443616e-11,6.737054263794562e-06,0
1,1.1211334822291974e-05,0.9999847412109376,4.15701695288817e-10,1.137015388508189e-07,3.6335634945317e-07,1.2918052912092026e-11,3.508450390654616e-06,0
1,1.987809991987888e-05,0.999976634979248,3.70932645710198e-10,7.309152749712666e-08,2.4043097823778226e-07,2.1542493483517333e-11,3.117664846286061e-06,0
1,7.966130397107918e-06,0.99998939037323,1.4211883059278563e-10,5.3134279198729935e-08,3.130421646346804e-07,1.901302205953304e-11,2.274043708894169e-06,0
1,3.978225322498474e-06,0.9999936819076538,3.4933134163139807e-10,7.457806106003774e-08,9.553240261084284e-07,2.2341389849245274e-10,1.2797078170478926e-06,0
1,1.5835656768103943e-06,0.9999966621398926,1.0616894169368507e-10,2.6126661722969402e-08,5.316824740475568e-07,7.430626253190907e-11,1.2806846143575967e-06,0
1,1.3740145732299425e-06,0.999996542930603,2.0814161505455783e-10,2.1886130241455248e-08,3.211524699509028e-07,7.607649926688609e-11,1.7740131852406194e-06,0
1,2.7977719128102763e-06,0.9999920129776,4.648777196525344e-10,7.510310240377295e-08,6.734699695698509e-07,1.4995957253738368e-10,4.366697794466745e-06,0
1,7.890497727203183e-06,0.99998939037323,1.1124530185924184e-09,3.2286880724541334e-08,8.569518854528724e-07,3.573344120599842e-10,1.9080569018115057e-06,0
1,3.3705164241837338e-06,0.9999945163726808,5.904168265402632e-10,3.072964105399478e-08,6.09771007020754e-07,1.4872116038677774e-10,1.4578416767108138e-06,0
1,2.387853101026849e-06,0.999996304512024,2.614721494875738e-10,1.2008469774116293e-08,4.969653559783183e-07,1.028382656809157e-10,8.283944339382288e-07,0
1,3.47298419001163e-06,0.999992609024048,3.291094341495437e-10,1.0722624566028573e-08,2.4046635189733934e-06,3.913425972168483e-10,1.5420654335684958e-06,0
1,3.2682737582945265e-06,0.9999951124191284,4.81177209188388e-10,1.0152350071734872e-08,6.265535716920567e-07,2.0545172507713258e-10,9.56423946263385e-07,0
1,8.418576271651546e-07,0.9999959468841552,1.3642260932034134e-10,3.1742100059517493e-09,2.316146350267445e-07,4.622700486289766e-11,3.0332391816045856e-06,0
1,1.524960993037894e-07,0.9999953508377076,1.9850873722582207e-10,4.228700944963748e-09,9.605479789343009e-08,2.9899142189870886e-11,4.354373686510371e-06,0
1,1.231886841424057e-07,0.9999972581863404,1.3734023640576964e-10,1.0423416574312228e-09,2.6575952105645232e-08,5.680971752047848e-12,2.6020231871370925e-06,0
1,5.6107744228484087e-08,0.9999994039535522,2.4809683821236383e-11,2.8981858579690817e-10,3.747286925204207e-09,1.4896900987076966e-12,4.810680707123538e-07,0
1,5.209110298665109e-08,0.9999995231628418,3.082061342252196e-11,3.4660957437537826e-10,5.288535387393267e-09,1.5227821174162992e-12,4.549508219042764e-07,0
1,6.329045021402635e-08,0.9999995231628418,9.651252019793331e-11,4.5065134957056325e-10,8.386328964604672e-09,2.162423885787579e-12,4.578954815315228e-07,0
1,3.287282268615854e-08,0.9999997615814208,2.1451637341463048e-11,1.0386347337743017e-10,5.719166473738824e-09,7.798899330155319e-13,2.581441833626741e-07,0
1,7.332794638159612e-08,0.9999977350234984,5.1576236337336206e-11,1.4768564149392202e-10,1.7023642939761885e-08,5.226496752747112e-12,2.175848067054176e-06,0
1,8.959749919768002e-08,0.9999897480010986,5.359192603582308e-11,2.9685048863470337e-10,7.946926672275367e-08,1.172377993297058e-11,1.0113936696143355e-05,0
1,1.219822252096492e-07,0.9999897480010986,4.486170046558158e-10,3.314728214132145e-10,1.3761420802893556e-07,2.5070740622412657e-11,1.0039048902399372e-05,0
1,2.3016160088928928e-09,0.9999997615814208,1.2971126993679973e-12,8.939867075785646e-12,5.6527298397668355e-09,1.844074345265165e-13,1.796677935317348e-07,0
1,4.5681338711744965e-09,0.9999996423721312,8.772137530255186e-12,4.6133281222937583e-11,3.629765821244746e-09,1.1344255613013332e-12,3.123165868146316e-07,0
1,5.748977960351452e-10,1.0,1.8019418422665636e-12,6.554647449807938e-12,1.1219450923860563e-09,2.2783709055680673e-13,4.465211844717487e-08,0
1,2.125519094064998e-09,1.0,2.750338802190444e-12,1.0530123648044842e-11,1.2564542739568194e-09,1.821704408416086e-13,2.2922728604157786e-08,0
1,9.156524982678603e-10,1.0,1.378761579733101e-12,1.792379265841415e-11,4.03108124658047e-09,1.283821004149574e-13,2.5098355393993188e-08,0
1,1.6466769059420015e-09,0.9999998807907104,4.323474304263053e-12,4.3096366753037074e-11,8.380847127398283e-09,4.600767466653166e-13,7.015886183125987e-08,0
1,1.6974871508423914e-09,0.9999997615814208,7.844913087196037e-12,5.6741555898298657e-11,1.0751248780138669e-08,7.330692585079401e-13,2.675937196272571e-07,0
1,6.174109756784675e-08,0.999995231628418,1.610701017007443e-09,7.545892799498687e-10,6.187749335140326e-08,5.829398769252592e-11,4.622630058292998e-06,0
1,1.6185522255796062e-08,0.9999840259552002,9.685129365166743e-10,2.0912640508186087e-09,1.1847032510559077e-07,9.26022591940523e-11,1.5779185559949838e-05,0
6,8.25933454962069e-08,0.0007324795587919,1.6988237483417379e-09,5.199277453016293e-09,5.481758194036956e-07,2.338244087241037e-08,0.9992669224739076,0
6,1.617715810198206e-07,3.133689460810274e-05,1.503983493300609e-09,3.499588840938372e-09,1.4658550639978785e-07,1.2884124878098646e-08,0.9999682903289796,0
6,6.671422880799582e-08,1.2792430652552866e-06,1.2527912041093712e-09,9.902305642128795e-10,5.388388046867477e-08,2.257058362431508e-08,0.9999985694885254,0
6,8.061807887926874e-10,1.5047779911014914e-08,7.870878254712109e-11,1.3522991060277434e-10,1.1589806447886986e-08,9.479769857989597e-09,1.0,0
6,1.8094932496826035e-10,1.301642266193781e-10,1.734431608751974e-12,1.0124190548410628e-11,1.368034663329354e-08,2.607202675974918e-09,1.0,0
6,8.747038093837033e-10,6.297323773551965e-10,1.4107374123051296e-11,4.0284407754054286e-11,2.8042315136644905e-08,1.0407141814994247e-08,1.0,2
6,7.483846875544485e-11,6.908102128527771e-12,6.348932339063362e-13,1.490879988907956e-11,1.4006977799851936e-09,7.450935424202497e-10,1.0,2
6,7.227629605921493e-11,4.061313785275189e-11,1.855096588496141e-12,3.1739413181020026e-11,6.3514642434370225e-09,2.090882356142742e-09,1.0,2
6,3.4811948462776237e-11,3.673194734488128e-11,4.876389006133741e-13,1.701904589479497e-11,7.368319732137252e-09,1.3320734515431811e-09,1.0,2
6,5.928540991462228e-10,3.057029629438545e-10,9.840741936606444e-12,1.7397942808639044e-10,1.2241647695532263e-08,7.938718127320499e-09,1.0,2
6,3.4925559666554307e-10,1.3850492974754047e-10,4.863081725509089e-12,7.758700626414594e-11,4.782336304742785e-09,2.696344036934306e-09,1.0,2
6,1.8386803191106083e-09,7.72438946139431e-10,5.3222704021749217e-11,2.138775684334959e-10,3.4632858358918384e-08,1.5634745054171617e-08,1.0,2
6,1.180228248465198e-09,3.6485342524983366e-10,2.847404256822728e-11,1.5470656700156127e-10,3.0018753705007846e-08,1.665656412797034e-08,1.0,2
6,1.105969649195515e-09,2.584041869369002e-10,2.0325003832755148e-11,1.1478345357529561e-10,1.905416802117088e-08,1.0889254831170092e-08,1.0,2
6,1.400369264992207e-09,1.5405883235786175e-09,2.6416386439409575e-11,1.715371455990322e-10,4.712121537409075e-08,1.8469940243903693e-08,1.0,2
6,1.2041190267098043e-09,9.739784534446014e-10,1.968926237327917e-11,1.6852856610238828e-10,6.875542624129595e-08,2.5465455522066804e-08,0.9999998807907104,2
6,1.7330908930190958e-10,1.945993588492456e-09,6.027641927253136e-12,1.6643400546634268e-10,2.5036630546537708e-08,7.242043409405596e-09,1.0,2
6,9.627337121953515e-11,1.9144162644035842e-10,2.965255645193121e-12,1.454612125195709e-10,8.043994803585974e-09,5.006332681745107e-09,1.0,2
6,9.580547292997732e-12,3.7861384166726346e-11,1.9629848961588705e-13,1.753642717150505e-11,4.503072581485412e-09,3.9657224726319374e-10,1.0,2
6,1.3584613468842209e-11,3.775943169248563e-10,1.7878304088905785e-12,8.781151500381057e-11,3.4565525997010123e-09,1.3342450477793475e-09,1.0,2
6,4.129915159856168e-11,1.6043946726718159e-10,9.28601054557554e-13,1.2280924888141698e-10,5.235106570466996e-09,8.358095882066151e-10,1.0,2
6,2.5295213840204056e-11,9.154533797683939e-10,8.370877775665253e-13,2.4767962680805056e-10,4.6227857097846944e-09,3.4787742131392463e-10,1.0,2
6,1.273270933133119e-10,1.7292622445097553e-08,8.434153549174983e-12,2.2233479501920783e-09,1.210586617617082e-07,1.686263906286456e-09,0.9999998807907104,2
6,5.784490941795895e-11,6.6001577536667355e-09,7.825964702667942e-12,2.68402433611925e-09,6.55071019650677e-08,2.362628315211168e-09,0.9999998807907104,2
6,2.5628366095986616e-10,1.2129062199051076e-08,1.177454800327382e-10,2.329505921494501e-09,3.696873136505019e-07,1.7924531192647922e-08,0.9999996423721312,2
6,1.0482369833253458e-10,7.164031590178865e-09,3.4168765039588316e-11,3.281628302431727e-09,5.759168857366603e-07,1.4348361609961556e-08,0.9999994039535522,2
6,3.7833292054756384e-11,9.174090931374224e-10,4.842698290985492e-12,7.289085446338105e-10,2.749222858255962e-07,3.204143839141693e-09,0.9999997615814208,2
6,4.692317714938277e-12,7.671941415487993e-10,1.1370861934326126e-12,2.1047015519304324e-10,3.7367708927149585e-08,6.903604354846492e-10,1.0,2
6,4.301974401710318e-11,4.2659342724959965e-10,7.255318307947123e-12,6.585856859864235e-10,6.697273846612006e-08,8.954859631593591e-10,0.9999998807907104,2
6,1.8342571385387973e-12,3.0115815397024903e-10,3.9301745993931835e-13,3.8304470706407294e-11,3.0601597700297134e-08,1.2677023319973555e-10,1.0,2
6,2.313715896391094e-13,2.2880901340283086e-10,1.6139712721678637e-13,3.855360475313319e-11,2.9018025315963317e-08,1.818270534137412e-10,1.0,2
6,4.679061500235948e-13,1.5795328933698727e-10,2.640880136101087e-13,1.2753734179860032e-10,1.8862413853071306e-08,1.764295654016479e-10,1.0,2
6,2.7076882402887748e-12,3.06033726138466e-10,5.648561479665304e-12,5.770774413882407e-10,1.1938499255848e-07,1.4287570015980575e-09,0.9999998807907104,2
6,3.557042627024693e-13,3.838762988039868e-11,3.7589861236718425e-13,1.2241145597169378e-10,4.1206213552413835e-08,3.3431443724474263e-10,1.0,2
6,1.2911246507693597e-12,1.0439456243904743e-10,8.550692705971974e-13,1.8359316844573923e-10,6.230187210576332e-08,5.69386870985511e-10,0.9999998807907104,2
6,1.2736534917012765e-12,5.2337727901585745e-11,7.796803567355903e-13,3.243180168865933e-10,3.468303333420408e-08,2.828083045525176e-10,1.0,2
6,2.566375118060599e-13,2.790387365614322e-11,4.3308489661251365e-14,1.6232232225021903e-10,2.04835770567513e-09,4.3310043051913993e-11,1.0,2
6,2.7097226372452266e-13,2.001050540545446e-11,4.4831620918872265e-14,1.03782898941418e-10,5.150837978362688e-09,6.256567486317977e-11,1.0,2
6,2.2332550847666e-13,4.044786033885472e-11,3.783880150941103e-14,3.5620045801820766e-10,4.015549226465964e-09,8.956274610838477e-11,1.0,2
6,6.035561725967546e-14,1.3095630482795606e-11,1.5011128055636078e-14,3.6976727235682455e-10,2.4428952194455182e-09,3.0531296241198547e-11,1.0,2
6,6.945051088044775e-13,1.471923624651872e-11,5.517497063075617e-14,7.401431689757486e-10,4.991991708891419e-09,3.9105055998911447e-11,1.0,2
6,6.816540333489525e-14,5.896069223132461e-12,5.860227938764978e-15,9.047704252473919e-11,3.670306059078143e-09,2.5794954713886927e-11,1.0,2
6,6.574461027669677e-14,8.332885163137016e-13,6.022334798276401e-15,8.541167079156864e-11,1.756121581486525e-09,2.399905274508285e-11,1.0,2
6,1.194331498933707e-13,1.45432223121883e-12,1.74600731008695e-14,9.680126838995662e-11,9.759371089046454e-09,6.755382364609375e-11,1.0,2
6,1.0062133418142773e-13,1.1153227863838766e-12,6.256577948191315e-15,2.2312190983697635e-10,9.610614526422978e-09,4.439152170854221e-11,1.0,2
6,1.2225376960772752e-13,2.1019754947032565e-12,4.305479482321923e-15,5.399779512416103e-10,1.952899353341309e-08,2.6886534665315764e-11,1.0,2
6,1.1398804263765966e-13,2.1457852855677477e-12,1.3469548420423984e-14,5.840180006266849e-10,4.4258241516104135e-09,3.656153504949522e-11,1.0,2
6,2.032238716502197e-13,1.5662710928579517e-12,1.0307762469637972e-14,1.8092041198514155e-09,5.143190762169071e-09,2.8084239794834428e-11,1.0,2
6,2.69039998612719e-13,2.623966148529444e-12,9.914276702122776e-15,2.371414176138842e-09,1.67714251375628e-08,2.957953326720997e-11,1.0,2
6,3.247198788070699e-13,2.5414555442776487e-12,5.447953709930261e-15,1.9847268273309733e-09,1.7333768198568578e-08,1.7138662017357476e-11,1.0,2
6,5.999514036611475e-13,3.320840130660585e-12,1.0983444039794515e-14,8.720920874338844e-09,2.6165098532260345e-08,9.852992033376752e-11,1.0,2
6,3.1919944118441457e-12,3.483337967027933e-12,2.981887333624103e-14,1.561397233729167e-08,1.3844331192558457e-07,9.2855984012985e-10,0.9999998807907104,2
6,4.103059038362833e-13,4.604410928053804e-13,1.8348078725848385e-14,1.2876001376227462e-09,2.4506936480150902e-09,1.4551837512755128e-10,1.0,2
6,4.010542711731929e-13,5.298755141255884e-13,2.0836475177633124e-14,1.7468576585244475e-09,4.417980647986042e-09,1.1016678541642122e-10,1.0,2
6,3.71103328459816e-14,4.676714744633603e-13,7.248453344137643e-17,6.124096368909093e-11,4.868778269440099e-09,1.356860370588242e-12,1.0,2
6,4.4611908026244434e-13,1.687011099392455e-12,9.590460241552192e-15,1.4724108599040162e-09,7.082881836595334e-09,1.660838133688003e-11,1.0,2
6,4.911118712223884e-14,7.571579539560058e-13,2.3577954062629133e-15,1.2455443620940088e-10,2.807452048614323e-09,5.48392971658207e-12,1.0,2
6,6.394043280955053e-13,8.056250111465602e-12,7.125289263774578e-14,6.811914365911774e-10,1.1834748292471886e-08,9.713746300377135e-12,1.0,2
6,3.5835446616410214e-14,2.161851860721376e-12,3.4423291921472683e-16,4.5646620164263566e-12,1.334402810471147e-09,5.765650001703093e-13,1.0,2
6,6.898551974560772e-17,5.246691210832044e-13,1.2808044959231532e-18,1.5078763636474334e-14,4.2499982699784056e-11,1.0822280774986336e-14,1.0,2
6,3.7624178607169835e-15,8.187770773881997e-12,1.489823586176805e-17,1.065810525772981e-12,1.6256676560466587e-10,1.1083875381097745e-13,1.0,2
6,1.0182933530135212e-14,2.386585547242692e-11,3.219050671976324e-15,2.738870588658848e-11,1.5445625334287172e-10,2.9508290342455945e-12,1.0,2
6,3.348381168077268e-15,6.148774523394296e-13,2.822491657170252e-16,9.811804146941938e-12,1.1294356422331119e-10,5.22615642168517e-13,1.0,2
6,2.671007490789905e-16,9.00397988047759e-14,6.761742256944912e-17,1.2034536778574025e-12,2.555056166642089e-11,2.392494297294434e-13,1.0,2
6,8.968876802264297e-14,3.028276631192317e-12,4.0734699582889184e-15,1.0358276736344152e-10,9.87003812014109e-10,1.3673405940481389e-12,1.0,2
6,1.926334786128692e-10,6.223338511190946e-10,6.674064079170705e-12,6.754034220790572e-09,2.2764746177017517e-07,1.8837006954264268e-10,0.9999997615814208,2
6,4.842721224029845e-10,1.0841705311293024e-09,5.546858805605126e-11,3.293450845376356e-08,3.8520852285728324e-07,2.3774854307490045e-10,0.9999996423721312,2
6,8.075072277513583e-10,1.7357774106940835e-09,3.417490596069328e-11,3.793002534280277e-08,2.5830624394984625e-07,3.826614303203968e-10,0.9999997615814208,2
6,1.5569641409474144e-10,9.008977452928946e-10,1.1590426535201814e-11,1.1183603376707651e-08,1.9929809980112625e-07,3.401799675284422e-10,0.9999997615814208,2
6,6.680678787951422e-10,2.1023180973855915e-09,3.0875621503945177e-11,2.514477159820672e-08,6.548493161062652e-07,1.5726396851434286e-09,0.9999994039535522,2
6,2.9119889832784907e-10,1.9218469038406742e-09,4.228222286184469e-11,2.7130433011279823e-08,4.311604868689756e-07,2.4550668165090883e-09,0.9999995231628418,2
6,8.090916825409522e-11,4.170461753716381e-10,2.707792670642029e-11,1.301084928684304e-08,1.37326523486081e-07,1.3006823396111143e-09,0.9999998807907104,2
6,1.4875891629628766e-09,3.136086945687566e-09,9.7644801966279e-11,3.442629861183377e-07,1.631834493309725e-06,4.9829922410538074e-09,0.9999979734420776,2
6,7.060050322138521e-10,7.524549872073293e-10,5.530997881919575e-11,7.828764836403934e-08,8.649730034449021e-07,1.3538062226814418e-08,0.9999990463256836,2
6,2.8558957976265726e-10,5.00154750948667e-10,6.078987313529183e-11,6.759811554957197e-08,1.0419499574254588e-07,6.2868728001319604e-09,0.9999997615814208,2
6,3.4156669159735026e-10,9.732055161748574e-10,5.827756333065537e-11,1.3823178335314878e-07,3.064084523884958e-07,8.558114217294133e-09,0.9999995231628418,2
6,3.1827800811567997e-11,2.389478892528274e-10,1.1140562430900223e-11,1.7487755243905667e-08,4.745746906564818e-08,2.5040867157599678e-09,1.0,2
6,2.166149204452239e-11,4.5184522790009396e-10,7.068918367325594e-11,5.7748426485204625e-08,7.961146053503398e-08,1.5245031903532436e-08,0.9999997615814208,2
6,1.6820032866515788e-10,8.967112608004867e-10,1.3736255188856458e-10,1.776845408585359e-07,9.55111545408727e-08,1.9612675927760392e-08,0.9999996423721312,2
6,2.4566398915126797e-10,1.3157204215019647e-09,8.603691648012556e-10,1.3129553622093226e-07,8.888282110319778e-08,1.4053630081889426e-07,0.9999996423721312,2
6,9.605050088623555e-10,1.7861745416070107e-10,2.416796318627234e-09,1.3582143765233925e-07,9.289890101626953e-08,4.359911258688953e-07,0.9999992847442628,2
6,8.02957922374503e-10,1.286774159448001e-10,4.477341553066338e-10,1.7204186519848008e-08,2.1958662443921643e-08,2.909967236064404e-07,0.9999996423721312,2
6,2.253994768608436e-09,6.502716420886401e-11,8.810875362641467e-10,2.3095836354514176e-08,1.0475359246697737e-08,1.0346705039410151e-06,0.999998927116394,2
6,1.612796651784265e-08,6.198201951690406e-10,6.0576623717167885e-09,2.4290838496199285e-07,1.2170295349278606e-07,9.28450117498869e-06,0.9999903440475464,2
6,1.1308704728207887e-07,1.1304703839698502e-09,2.5239868861604012e-08,1.1370573105295989e-07,3.035325235600794e-08,7.79057063482469e-06,0.9999920129776,2
6,8.199180001611239e-07,3.70068908850385e-09,6.07123666895859e-08,2.093152033921797e-07,7.467549778539252e-08,9.652657354308758e-06,0.9999890327453612,2
6,2.2136181598853e-07,8.201522128103989e-09,2.046398250854509e-08,9.46434610682445e-08,3.73169264378248e-08,1.5441592040588148e-06,0.9999980926513672,2
6,1.4834841799427068e-08,2.128086817876351e-09,2.851472169496105e-09,1.1519617260091765e-07,9.194167649440032e-10,2.6936051611414772e-08,0.9999998807907104,2
6,4.6068338033222734e-10,5.265576863422439e-10,6.751607606325649e-11,1.4576742479732731e-08,5.108439019019251e-11,7.010221292347295e-10,1.0,2
6,9.619095103774455e-11,1.79036424574619e-10,1.4287367296195176e-11,9.769312026008947e-10,4.929370106543374e-11,5.64885915821378e-10,1.0,2
6,5.642599928967762e-11,1.5222935412229075e-10,1.497463264499288e-11,1.8473383933681475e-09,2.4105864526724474e-10,9.45086120474059e-10,1.0,2
6,4.2238415542961144e-10,4.2385375764730776e-10,1.0326654115155876e-10,1.0198241362502358e-08,1.6055649032509223e-09,1.779020486480931e-08,1.0,2
6,4.480992910060877e-09,5.084656695686362e-09,1.3293168787953391e-09,3.418565341917201e-08,1.0827185370487769e-08,1.3216616423505914e-07,0.9999998807907104,2
6,6.163354826504984e-10,3.0079774226976493e-09,6.259159857080475e-10,3.591294017724067e-08,7.535259527458038e-09,4.8092857696246944e-08,0.9999998807907104,2
6,1.401467164541259e-09,3.902127065913419e-09,8.237417969958472e-10,7.17400681082836e-08,1.0395456051526253e-08,4.651851881476433e-08,0.9999998807907104,2
6,1.0189476866429016e-11,4.0788584315665226e-11,4.293725531373527e-12,1.864677523499836e-09,1.738517108051951e-10,1.2458183373809104e-09,1.0,2
6,7.033414128887472e-11,1.87898224757177e-10,3.7607039010678633e-11,2.835732981765204e-09,4.87831330886479e-10,6.321154266686335e-09,1.0,2
6,4.4680762562032677e-11,1.417445882889723e-10,1.377046133371751e-11,2.1690624851800067e-09,2.1878922285001323e-10,2.431956191983886e-09,1.0,2
6,7.111605970777646e-09,8.326751732568027e-09,1.2322199927083943e-09,1.7700837418033188e-07,4.824727284358232e-09,2.1461165289338172e-08,0.9999997615814208,2
6,2.216742345240164e-09,1.427656548536049e-09,6.135311148014465e-10,2.334854443120093e-08,2.8963100806578272e-09,5.3035410729762595e-08,0.9999998807907104,2
6,4.530069208641407e-09,7.750038832909922e-09,3.818529936694404e-09,2.647471717409644e-07,7.930860412841412e-09,6.989890977138202e-08,0.9999996423721312,2
6,4.231695271972313e-10,8.446783827942284e-10,4.701118938577054e-10,3.6161488026209554e-08,1.428697049554728e-09,3.2282844841802216e-08,0.9999998807907104,2
6,8.667518924809771e-10,1.4493010125349315e-09,7.424051928772711e-10,5.921415535681263e-08,1.5292348498618935e-09,6.814896380546999e-08,0.9999998807907104,2
6,5.90858251214854e-10,4.0898912034847967e-10,2.8362720505548106e-10,5.153709636829262e-08,3.4493061185081326e-10,1.2131077475885377e-08,0.9999998807907104,2
6,8.609521984226375e-10,4.901218320085832e-10,5.05076536150284e-10,9.634826625415373e-08,4.727951918859219e-10,1.8991432426673785e-08,0.9999998807907104,2
6,2.2586182923944875e-10,2.1596038846105611e-10,1.7611151426066837e-10,3.669195081101861e-08,6.980134803491467e-10,1.842683516883881e-08,1.0,2
6,2.163272616595435e-10,3.8217931597195326e-10,9.033722103701791e-10,3.072283050187252e-08,3.5611139037605705e-10,3.568481687921121e-08,0.9999998807907104,2
6,3.196896969370755e-09,4.440009693240654e-09,1.2955522876723082e-08,4.051652808811923e-07,2.535522236613019e-09,1.0892621560287809e-07,0.9999995231628418,2
