6,2.185430308943026e-11,5.663768343211473e-10,8.089216796403065e-12,2.2194090121274712e-08,1.2235508606295298e-08,2.566801216019598e-09,1.0,2
6,4.1086053829964e-12,1.6608993347322354e-10,1.7852746191093782e-12,1.1653645159981352e-08,2.0950381429685194e-09,3.679086479912996e-10,1.0,2
6,1.0271091702845905e-12,1.6746254383193104e-10,6.83189019679703e-13,7.577893867960483e-09,1.9263874939667854e-09,3.8679429104071517e-10,1.0,2
6,2.7000556738349117e-12,2.1535984107146078e-10,8.164608312349887e-13,8.008371743528642e-09,2.188222936183592e-09,2.5079954779627656e-10,1.0,2
6,3.3643138188516053e-12,2.3516169567194817e-10,5.401233930599214e-13,1.5865335711851003e-08,4.380657170344193e-09,1.3845739832429868e-10,1.0,2
6,1.755476666809308e-11,1.3439351853605783e-09,1.867500511870679e-12,2.9163343739924134e-08,1.1986545978004416e-08,4.530535391289448e-10,1.0,2
6,3.688077621077923e-11,1.5229971728203395e-09,1.6755404572479926e-12,4.9411063685056433e-08,1.527990889371722e-08,8.698672893103775e-10,1.0,2
6,1.9357852126811178e-11,6.80804357333642e-10,5.414911683106205e-13,2.9751758390261784e-08,6.712951083898133e-09,3.655890312703747e-10,1.0,2
6,2.1605339045605018e-11,5.811300329838787e-10,3.57685425332252e-13,1.2156163187171389e-08,1.5537239050900098e-08,4.4064657478415365e-10,1.0,2
6,6.614187929993021e-12,4.6399736830515787e-10,1.0958129613132877e-13,4.015013210789675e-09,7.614041841463859e-09,2.419873745829193e-10,1.0,2
6,1.8648214916705538e-11,1.0281202555972866e-09,4.475398187892693e-13,1.318263542771092e-08,1.100717561541842e-08,3.934831072083256e-10,1.0,2
6,2.6899871219399074e-11,1.5699522792900211e-09,1.1766144699179582e-12,4.373246298428057e-08,1.6310393036178542e-08,6.594769730305926e-10,1.0,2
6,5.797901395099281e-11,2.4179924729139653e-09,1.3597049918281925e-12,3.711072693590722e-08,4.180827772870544e-08,9.184669136352851e-10,1.0,2
6,5.905863298405478e-11,2.262633413963044e-09,8.933538587704848e-13,2.9491241448909026e-08,9.364666908595609e-08,6.310393318997852e-10,0.9999998807907104,2
6,5.984809869907792e-11,2.513532493253478e-09,1.3360126806943873e-12,3.4276606442062985e-08,9.188391203451829e-08,9.463251293695407e-10,0.9999998807907104,2
6,4.297144237663808e-11,1.682078143439014e-09,4.806724679742859e-13,8.333250534064973e-09,7.675797775164028e-08,4.3790171488922164e-10,0.9999998807907104,2
6,5.040080505724909e-11,2.241324459362204e-09,4.630514721659651e-13,8.386123795389722e-09,9.913308218756357e-08,4.858256019701912e-10,0.9999998807907104,2
6,2.2366036106502563e-11,1.23619403602504e-09,2.6565362865223213e-13,5.437080563552854e-09,5.7575984868663e-08,2.8995256196040486e-10,1.0,2
6,3.681807983491048e-11,1.4977415974115615e-09,6.136530628260417e-13,1.4243608070785284e-08,6.919641748481808e-08,4.720004942448952e-10,0.9999998807907104,2
6,6.295362842134722e-11,2.596547643562985e-09,8.905026238972824e-13,3.808822057749239e-08,1.2882952660220326e-07,6.826559317829606e-10,0.9999998807907104,2
6,2.158161496734756e-11,1.0515140980160707e-09,7.167711519803778e-13,3.23671933699643e-08,1.8188064387913986e-08,3.287511374239216e-10,1.0,2
6,2.640399530962068e-11,1.1746384975808155e-09,7.27947595865336e-13,1.3303830037614262e-08,2.021450384859236e-08,4.790614571703601e-10,1.0,2
6,2.182760049096455e-11,1.4379074597670183e-09,4.804286851158024e-13,1.052945641788483e-08,1.5788597096388912e-08,3.716112417784245e-10,1.0,2
6,3.617667970745586e-11,3.782331337021105e-09,5.11599009683783e-13,1.2333377874540474e-08,3.4663585779526336e-08,4.4843681545891906e-10,1.0,2
6,9.050741406335659e-11,7.607190433134292e-09,3.1636407903101738e-12,2.541892030194504e-08,5.3531667987272165e-08,1.878893707285556e-09,1.0,2
6,3.649715599185477e-11,6.113412442942945e-09,1.73759715383498e-12,9.978086801254449e-09,2.2842856495230993e-08,9.33949029224834e-10,1.0,2
6,2.156889944426865e-11,2.79461942476189e-09,1.329246500196557e-12,1.0321466348273134e-08,1.4321194008459772e-08,6.865576995807031e-10,1.0,2
6,1.999715150413639e-11,3.603684906039461e-09,1.663357711116642e-12,1.5207744397116585e-08,2.118574826681652e-08,6.056747325899892e-10,1.0,2
6,9.964206543200405e-12,9.43385924934148e-10,1.8194645822530026e-13,2.6041211409477683e-09,5.1612158102898327e-08,3.352850774795968e-10,1.0,2
6,6.581255072163339e-12,5.78620484859016e-10,3.3954748192809026e-13,5.7284581522765166e-09,1.3144121346897464e-08,3.0144262086473356e-10,1.0,2
6,1.5759751142985223e-11,8.15968570488934e-10,3.071818515699987e-13,1.5782937623498583e-08,1.5834379141210775e-08,6.66061816811947e-10,1.0,2
6,1.549489529739656e-11,8.09595501749527e-10,9.314067122819307e-14,2.90072357245208e-08,5.489675558578711e-08,1.0339288453176108e-10,1.0,2
6,5.420120255394956e-11,2.0952919399519487e-09,3.381775924831548e-13,1.4552874461060128e-07,7.975081643962767e-07,1.4306067441793855e-10,0.9999990463256836,2
6,1.4815671259271742e-11,1.3011904886894852e-09,1.1060217412067753e-13,9.598244865571814e-09,4.938388542541361e-07,1.7361073689770024e-10,0.9999995231628418,2
6,2.8112789873802054e-11,1.2117544301304406e-08,2.6391228612199225e-12,3.1509454601064135e-08,5.067981874162797e-07,2.2906097019159692e-09,0.9999995231628418,2
6,7.097055148425069e-12,3.215009813928304e-09,1.714795975571795e-13,1.5324436164476651e-09,2.955607101284841e-07,7.886749031627004e-10,0.9999997615814208,2
6,6.163770882583464e-12,2.406021160084037e-09,6.567278188276959e-14,2.1130968086424673e-09,2.1057059029772065e-07,1.6543195979767944e-10,0.9999997615814208,2
6,2.2005583466544462e-10,2.112592234482236e-08,2.7446027221766922e-12,1.1884455197730404e-08,1.1031030453523272e-06,8.10101263848395e-10,0.999998927116394,2
6,1.1340350880573168e-10,7.993260275895864e-09,9.755401781524897e-13,3.467419906755253e-09,5.095951678413257e-07,6.37918828871875e-10,0.9999995231628418,2
6,8.897056008594362e-11,6.656226680945565e-09,8.710866229721947e-12,1.6184113604822414e-08,1.2379646818772017e-07,1.1407983446787282e-09,0.9999998807907104,2
6,2.963923551035918e-10,1.2920904346458428e-08,7.341050510534242e-12,9.463651196028876e-09,1.843830119696577e-07,3.2916911418823247e-09,0.9999997615814208,2
6,4.3498638024885844e-10,2.742537930089384e-08,1.5400905550855268e-10,2.618372434426419e-07,1.1854879744532809e-07,5.3725464077558635e-09,0.9999996423721312,2
6,7.394568291019255e-11,3.760305400390962e-09,1.6009974596054022e-11,4.4677840094209393e-08,5.9574627897518446e-08,1.653254311229091e-09,0.9999998807907104,2
6,1.3136958534887276e-11,6.735327851004057e-10,5.55706652569099e-12,1.30053425806409e-08,1.0844795284015165e-08,7.582748318135656e-10,1.0,2
6,3.2383245390787962e-12,1.115192493905681e-09,4.70682130424005e-12,1.2373622126915508e-08,3.496330336361097e-09,4.685525856196192e-10,1.0,2
6,3.6262186829671968e-12,8.40751746000734e-10,1.692197076907931e-11,1.923866044251099e-08,2.374451080200401e-09,8.71503036403709e-10,1.0,2
6,2.0813168896682835e-13,1.0274022604894739e-10,2.1289636449161459e-13,2.696759482390121e-10,2.648718466780053e-10,2.2783426187333863e-11,1.0,2
6,1.5135427633428122e-12,1.4187693242462274e-09,4.4522021486193004e-11,7.2027002140373506e-09,1.2203635324503637e-10,1.5139571540867536e-10,1.0,2
6,1.2433647861298525e-11,1.2452415987240784e-08,2.0721739601992084e-10,5.1645021592605644e-09,3.7801388685920764e-09,1.4259532443716694e-09,1.0,2
6,4.849752110319683e-12,8.054173328275738e-09,5.9611686246963106e-12,7.674572088944842e-11,8.971671405788584e-09,6.238465993790854e-11,1.0,2
6,1.520594414272658e-12,4.4769588036785985e-10,3.7436362603643365e-14,1.993004719591518e-12,2.8025459730685043e-09,1.6219071224954362e-11,1.0,2
6,9.168486282684628e-12,2.5349830679033406e-08,3.634348030856494e-12,6.485086079255353e-11,2.331774950903309e-08,4.1934822281319834e-10,1.0,2
6,4.620627665208321e-12,1.7338926738830196e-08,5.496852105435489e-12,7.070038998691075e-11,6.8461614155523876e-09,3.1071201167520707e-10,1.0,2
6,1.886834655531744e-12,3.877858034684323e-09,8.393016370875779e-14,4.640818545426084e-12,3.4852064345614053e-08,1.5531111119404528e-11,1.0,2
6,4.123191371663282e-12,3.652888214134009e-09,1.2852427455634086e-12,3.583980681676202e-11,4.1602632450121754e-09,1.4197241993141319e-10,1.0,2
6,5.143410697350248e-11,2.463813331132769e-08,3.816226501474063e-11,4.5434811468680886e-10,1.6412910142094006e-08,1.1121275012015983e-09,1.0,2
6,1.187504608535228e-11,4.694249433612185e-09,8.22982144672163e-13,2.738755576492391e-11,2.0903012654116537e-08,6.556113291145138e-11,1.0,2
6,7.494803389018756e-11,1.600596988282632e-08,1.6035456382873514e-12,2.92273392987763e-11,4.62241764864757e-08,5.3997355198287516e-11,1.0,2
6,2.3741000484966968e-11,2.9143423230237886e-09,6.234189596845964e-13,5.6616485805127674e-11,5.197358987629741e-09,4.291680899548567e-11,1.0,2
6,6.645779759839597e-11,1.643003399998122e-09,6.08759136849768e-13,5.5889685240950726e-11,1.4053467722874302e-08,4.1983617971030895e-11,1.0,2
6,3.316885308080053e-11,3.205520071603018e-09,1.4960057389927508e-13,2.000775586874504e-11,5.695547855566475e-08,5.730178831431232e-11,1.0,2
6,2.2849784130779538e-12,2.102423568572931e-09,2.486306245521458e-13,1.15613123241598e-10,2.0090197949684807e-08,1.1202937189036531e-10,1.0,2
6,1.255068531741399e-11,6.339781477571194e-10,1.1122551447570461e-12,4.809300180319552e-10,7.75753949966429e-09,3.1240976472446386e-10,1.0,2
6,1.926645258262805e-12,7.693602199765337e-09,2.531043679764728e-13,6.13183323561195e-11,8.648027005619953e-08,1.4275633453131317e-10,0.9999998807907104,2
6,1.2430529695850456e-13,9.885035012757726e-10,8.201407353811489e-14,1.2504688257086728e-11,1.6932427016058682e-08,2.7749966213796995e-10,1.0,2
6,4.0640012188841717e-11,2.3915232461035885e-08,2.674826679593956e-11,5.647575185285801e-10,3.4422618000462535e-07,5.658867152646962e-09,0.9999996423721312,2
6,2.597916022931135e-12,1.7314999212203478e-08,1.0729724400637686e-11,8.726103867262579e-11,4.9998152285013475e-09,5.746470854717245e-09,1.0,2
6,5.692408350244094e-12,1.847455699532929e-08,3.217226181642663e-12,1.1246269193687651e-10,1.1511199993208264e-08,9.592313610085055e-10,1.0,2
6,1.0274703310386711e-10,1.7698325791570824e-06,5.697913061514237e-12,1.4542897441849334e-10,5.432942202787672e-07,5.663571833736113e-10,0.999997615814209,2
6,3.5546413035270064e-11,2.8890462999697775e-07,1.0525586478793425e-12,2.1655026730127425e-11,9.244375860362196e-07,3.2642702429974685e-10,0.9999988079071044,2
6,5.233138575255758e-12,1.5571160361105285e-07,2.0009405102879718e-13,6.451767505660788e-12,4.7541266212647326e-07,1.6932594215646188e-10,0.9999994039535522,2
6,1.3400546948136305e-12,8.367287307464721e-08,3.1828237419782857e-13,3.947064550202661e-11,3.610738872339425e-07,8.846376964299906e-10,0.9999995231628418,2
6,2.636261868527168e-11,2.609338309866871e-07,2.976218447039991e-12,2.135619736609584e-10,2.7630659360511345e-07,9.68407909418545e-10,0.9999995231628418,2
6,7.325243927061575e-13,8.962845576832024e-09,1.3640168638681673e-12,6.588392331696724e-11,7.724878514636657e-09,1.7871512048017735e-09,1.0,2
6,4.100377155868973e-12,5.7584852442005285e-09,1.0218041690546189e-12,2.0939346090376174e-10,8.966881459571141e-09,1.6615464559777136e-09,1.0,2
6,2.9711928989199776e-13,3.098009671020918e-08,2.0198207689725575e-11,8.09563083237208e-10,9.80367675929017e-10,9.88932047363278e-09,1.0,2
6,1.3500364021146184e-11,1.0716024689827464e-06,1.4919142310443334e-10,3.866273079466964e-09,1.3940474730134158e-07,1.045691746526245e-07,0.9999986886978148,2
6,7.621393099954688e-12,2.224373929493595e-07,5.911180572804042e-11,2.8672162422083147e-09,1.96970319166212e-07,4.711553458491836e-08,0.9999995231628418,2
6,8.891213459927272e-11,5.4095011137178524e-08,1.6764443999672807e-11,3.7119169959964884e-09,8.892095593182603e-07,2.5779968382266816e-08,0.9999990463256836,2
6,2.158813572350482e-09,1.2409631722221093e-07,2.6191426805155515e-10,1.1461207094498604e-07,1.8862783690565264e-06,1.6274302083729708e-07,0.9999977350234984,2
6,4.083734683746343e-09,2.3084635358827654e-07,3.1026775593190337e-10,1.310299158063799e-08,2.0555399160571145e-08,2.2252791609389533e-08,0.9999997615814208,2
6,7.52338025211685e-10,2.258698117429958e-08,5.50363192519665e-11,4.038022360930427e-09,2.6585251333699492e-08,7.0501839921632844e-09,1.0,2
6,2.2861927906348e-09,2.398186609298137e-07,4.241010875816187e-10,2.06437231753398e-08,9.507711240530625e-08,1.5069430148173524e-08,0.9999996423721312,2
6,1.0975339387320203e-10,9.621420815619787e-08,9.070320189374924e-11,9.307608905828602e-09,1.4872097331419809e-08,2.4686674038321144e-08,0.9999998807907104,2
6,4.48841961861457e-12,6.955597209312714e-11,7.311131951584504e-13,3.256544200969102e-10,2.138846211252598e-09,2.535484489030182e-09,1.0,2
6,1.3618085825672918e-10,1.280485495414041e-09,9.066083994646589e-11,3.1572799930046362e-09,1.955671624642718e-09,2.2137607302852306e-08,1.0,2
6,6.317848022519001e-09,1.7642989291744018e-07,3.7944559494462744e-08,5.4904266022504096e-08,1.833749792012896e-07,7.768687737552683e-08,0.9999994039535522,2
6,2.549468691714907e-10,7.1320638284078094e-09,3.52380867540969e-11,8.249619320999101e-10,1.0353214463521001e-07,2.961229927933573e-09,0.9999998807907104,2
6,1.2852732211854344e-08,1.3972759838054571e-08,1.9367305537087987e-09,4.9006576574583966e-08,9.586885880707996e-07,1.254196035915811e-07,0.9999988079071044,2
6,1.308694947965705e-07,2.9890119890296774e-07,3.773369616766331e-09,6.361109683439281e-08,2.6350824100518366e-06,1.1050352810570985e-07,0.999996781349182,2
6,1.1388559428837652e-08,1.4392067981816581e-08,1.3104126672658369e-08,1.2988623154797097e-07,1.2361585959297372e-06,6.49923990181378e-08,0.9999985694885254,2
6,1.4216123389587665e-08,5.583109796702957e-08,4.4184296221772e-09,2.392480382695794e-07,2.8838035177614074e-06,3.793859804090971e-08,0.999996781349182,2
6,1.8834065418360524e-09,2.9337829943187903e-09,4.101388673127815e-10,8.30743118740429e-08,3.879139853779634e-07,4.049103274894605e-09,0.9999995231628418,2
6,1.3526704756294802e-10,1.5490646265714503e-10,7.922479339228515e-11,3.3999164372744424e-08,3.774823653657222e-08,1.346131206503287e-09,1.0,2
6,9.78023079190038e-11,6.046808054271935e-10,1.240350044895422e-10,1.1697453317083273e-07,1.914469294206356e-08,4.26165902567277e-09,0.9999998807907104,2
6,7.426169922053472e-12,7.733513829322192e-10,3.914692181528068e-11,1.64963935844753e-08,1.100723290292649e-09,6.714103051308484e-09,1.0,2
6,2.22003613409294e-11,9.758304164719787e-10,6.404060615139429e-10,3.5886507987470395e-08,5.502825972669712e-10,5.6755290245291696e-08,0.9999998807907104,2
6,2.1094508084740227e-11,4.0345865537361187e-10,7.104753591002931e-11,7.710806215754928e-09,2.835893464503414e-10,2.31116352722438e-08,1.0,2
6,1.0380718853952864e-11,3.7512629114111457e-10,3.0098412651113904e-10,2.67638782247559e-08,8.468836742991924e-10,4.266899367166843e-08,0.9999998807907104,2
6,1.6158820158665432e-12,3.431586959035116e-11,3.4569250240146226e-11,6.989903322818236e-09,1.6945074510221758e-10,2.9155946990044868e-08,1.0,2
6,1.1978134413156982e-12,1.1691966839144639e-11,5.48139875503062e-12,2.221279826741806e-09,1.9771803638768404e-10,4.728694324995786e-09,1.0,2
6,1.4138641429503609e-12,2.895799398883181e-11,1.1452469181327808e-11,1.1981814651562672e-08,6.537498320469125e-10,1.3224542350087633e-08,1.0,2
6,1.2857335855709362e-11,1.2541070959493084e-10,3.980376098167149e-11,1.6844293071471842e-08,1.2444668628930342e-09,7.797700618539238e-08,0.9999998807907104,2
6,6.009812873047915e-12,2.632304652028239e-10,1.0588817322965127e-10,5.047130358093455e-08,7.449058592179371e-10,1.0351496371185932e-07,0.9999998807907104,2
6,3.280367080402136e-12,7.366977167189148e-11,2.7884448222659227e-11,2.271152155230993e-08,6.157092058423075e-10,8.04106861096443e-08,0.9999998807907104,2
6,2.407136989734937e-13,9.88347858416061e-12,4.302596039867934e-12,5.138199643539565e-09,8.206944152044926e-11,2.045294067443137e-08,1.0,2
6,2.2577102134439117e-13,2.0637793557432005e-11,1.3985554034312564e-11,1.4153968663777052e-08,2.4932528264187676e-10,4.2049798310017656e-08,1.0,2
6,5.872314760109118e-14,1.0635807555850474e-12,2.313976375963034e-13,3.671755344214489e-09,1.3512128915760258e-11,2.5210709075906834e-09,1.0,2
6,6.42033897834543e-14,7.563944045760329e-13,4.802253429983527e-13,1.3811622068260476e-08,1.0679681097802708e-11,1.8596054696118358e-09,1.0,2
6,3.0459315625286365e-13,1.3104943562616822e-12,4.1530242244312843e-13,2.1705286457063263e-08,7.490587317082742e-11,1.926045767319806e-09,1.0,2
6,2.764895788449212e-13,1.4663854982707725e-12,5.794301670414281e-13,7.659140521809604e-08,1.7791439155256938e-10,7.590537087764915e-09,0.9999998807907104,2
6,6.794537805651647e-14,2.1007527314931278e-12,2.502548678267464e-13,5.63779884998894e-08,2.3204234367302234e-10,1.101345414866728e-08,0.9999998807907104,2
6,7.541858847506799e-13,6.744884598758327e-12,3.7474385573832425e-13,6.54983551839905e-08,5.166498895370353e-10,2.578681268516902e-09,0.9999998807907104,2
6,4.395045091754035e-12,4.491889846192088e-11,1.4842170461409898e-12,6.654973105924e-08,5.971213745681325e-09,8.962776298915287e-09,0.9999998807907104,2
6,4.138294741606874e-12,5.852844597864504e-11,2.862382423099441e-12,9.462810623972473e-08,5.0480903901473084e-09,5.401831870699425e-09,0.9999998807907104,2
6,9.275566426047988e-13,1.0727617578976112e-11,6.415360321969378e-13,2.0649165932695723e-08,9.42741884557563e-10,2.8413800201576574e-09,1.0,2
6,1.2337122642924747e-11,1.5468412661867603e-10,2.757771224923267e-12,1.201343309276126e-07,6.9007244363206155e-09,5.7168656475425905e-09,0.9999998807907104,2
6,3.873343052546163e-12,3.0070855527863927e-11,1.4925065306911622e-12,4.244115814344696e-08,4.67605343335009e-10,2.094251216888665e-09,1.0,2
6,2.480394904226524e-13,2.6296340105425028e-11,2.775464970697361e-12,3.0897542302454895e-08,5.0652444044674277e-11,1.217314138379777e-09,1.0,2
6,4.4879892987723097e-13,2.598393201991289e-11,5.80069672850847e-12,4.8585022227598535e-08,4.4689623529547966e-11,2.46674614068354e-09,1.0,2
6,7.12191243479321e-12,2.8223853809628e-11,4.8584292838826926e-11,1.4127367364835666e-07,7.718611166884769e-11,1.3182005709211353e-08,0.9999998807907104,2
6,2.550603229057452e-13,1.0832479011013696e-11,1.4962526009854038e-11,1.3645375496196266e-08,1.466780863434991e-11,5.786803924934247e-09,1.0,2
6,3.660016734130522e-12,9.743992938904268e-12,4.646382237294411e-11,6.360438220553989e-08,6.361666055054727e-11,5.45672840246425e-08,0.9999998807907104,2
6,1.1694990679003705e-12,2.889966391195209e-11,2.7312169886828383e-11,1.8233798471101181e-07,5.92742868676943e-11,5.132461566859092e-08,0.9999997615814208,2
6,5.181336696497008e-12,5.117886149597073e-12,1.7316013802958638e-13,2.5183615193213882e-08,1.0049184401283996e-10,2.539269239321129e-09,1.0,2
6,1.988880848208252e-12,3.0110957130458087e-12,1.850339136468329e-13,7.280865244041479e-09,2.2713582403799395e-10,7.2439498843834835e-09,1.0,2
6,1.4187222230344076e-10,6.577278999220226e-11,1.1711761768729012e-11,2.055354997310133e-07,4.503928341392793e-10,2.569623624992801e-08,0.9999997615814208,2
6,4.678734136231988e-11,1.1584248005291895e-09,3.519676564089913e-11,2.956844298296346e-07,1.6450371620457815e-10,4.1564067743138375e-09,0.9999996423721312,2
6,5.547440111441926e-12,9.247841381565536e-11,1.8337568876564125e-12,9.812268331188534e-09,1.4495907252332074e-10,1.147758443842406e-09,1.0,2
6,2.287856536165034e-12,8.142564400515083e-11,3.2207426287587937e-13,3.226849232262907e-09,2.2682108968830048e-10,5.571569317019963e-10,1.0,2
6,1.8269829822181038e-13,6.824889958734204e-11,1.6878622252029102e-14,3.4585426189615015e-10,2.3739835097735806e-10,1.0749497125761563e-10,1.0,2
6,2.647868556360233e-11,2.0396986322168686e-09,4.421387735098481e-12,1.794410309230443e-08,2.4792552455465966e-09,1.8406041135676787e-08,1.0,2
6,4.106904746836726e-11,6.752913606078438e-08,4.363606698198908e-10,4.0370974119241516e-08,7.381273547935052e-08,4.862617402068281e-07,0.9999992847442628,2
6,5.8417453097092675e-09,3.346500534462393e-07,3.6726888197335943e-09,1.1719610029103933e-06,4.740201404729305e-07,1.3853962173016043e-06,0.9999966621398926,2
6,3.858394936884224e-09,6.742586720065447e-07,3.961410044439617e-08,1.447355998607236e-06,6.175296221044846e-07,6.786096037103562e-06,0.999990463256836,2
6,7.492892528659922e-09,3.627436910846882e-07,9.549074064807429e-08,3.909217696218548e-07,9.364195534544706e-07,8.236057510657702e-06,0.9999899864196776,2
6,3.13415071673262e-10,2.3648688340927043e-07,1.9992658195633343e-08,3.589336756704143e-07,5.112897838444042e-07,1.1622728379734326e-05,0.9999873638153076,2
6,3.2233091196154357e-10,7.41409564852802e-08,2.177946711867662e-08,3.907887276000111e-07,7.059227158379144e-08,7.434657618432539e-06,0.9999920129776,2
6,9.069618667201239e-11,6.71532873752767e-08,7.624395337302303e-09,4.106518929347658e-07,4.8664354324046144e-08,7.736807106084598e-07,0.9999988079071044,2
6,2.0691544477813292e-08,2.2405113213608274e-06,3.237066437122849e-07,4.468879524210934e-06,6.376280907716136e-07,5.697666438209126e-06,0.9999865293502808,2
6,1.2097438002456329e-06,1.623854404897429e-05,3.078812369494699e-06,2.0606723410310224e-05,2.0489382222876884e-05,3.082815601374023e-05,0.9999074935913086,2
6,2.7171176952833775e-07,1.9901979612768628e-05,5.677974058926338e-06,4.756601356348256e-06,6.699840014334768e-06,7.279869896592572e-05,0.9998898506164552,2
6,9.164524250593333e-09,1.6173671610886231e-06,1.0780359716022758e-08,2.897780859711929e-07,3.4204251733171982e-06,1.238314098372939e-06,0.9999934434890748,2
6,3.268168669023908e-08,1.9088017779722577e-06,1.0457799248797529e-07,1.6765544614827377e-06,4.448911568033509e-06,6.009678145346697e-06,0.9999858140945436,2
6,1.8527401834944606e-09,6.077665375414654e-07,3.486599675639468e-09,1.8926779432604238e-07,8.367464943148661e-06,7.554686476396455e-07,0.9999901056289672,2
6,1.9684755159232736e-07,3.3446165161876702e-06,1.021800528633321e-07,5.099873305880465e-06,5.165116454008967e-05,2.2009453459759243e-05,0.9999176263809204,2
6,4.022129189706902e-07,2.484835249561001e-06,2.0169120773516624e-07,1.3654153917741496e-05,5.910895924898796e-05,3.790177288465202e-05,0.9998862743377686,2
6,2.915072343512293e-07,4.12695953855291e-06,1.5611861670095098e-07,4.753647590405308e-05,0.0003677716013044,6.5792424720712e-05,0.99951434135437,2
6,3.744140713024535e-07,3.8951939131948166e-06,3.8837040960970636e-07,0.0002010193711612,0.0003749535244423,0.0001920107897603,0.9992274045944214,2
6,1.2150599104643334e-06,7.576054940727772e-06,3.986370984421228e-07,0.0017017035279422,0.0010966829722747,0.001594524946995,0.9955978989601136,2
5,8.027856529224664e-05,1.2773979278790648e-06,1.7096131159632932e-06,0.0307884402573108,0.0028880655299872,0.963003933429718,0.0032362770289182,2
5,7.444249604304787e-06,1.3781348684460681e-07,1.076239257713496e-07,0.0067630899138748,0.0048594805411994,0.9871076941490172,0.0012619971530511,2
5,1.7836160623119213e-05,5.200258001991642e-09,1.2157464368556248e-07,0.0008662763866595,0.0002229172823717,0.9984301924705504,0.0004626101290341,2
5,6.114198640716495e-06,4.7315584339457934e-08,1.256445045783039e-07,0.0019088322296738,0.0019215564243495,0.9958850741386414,0.0002782877127174,2
5,1.550099295855034e-05,5.948535530819755e-08,5.121158324072894e-07,0.0052519310265779,0.0009838524274528,0.9918256998062134,0.0019224272109568,2
5,1.5072897440404631e-05,9.115364463241349e-09,6.573999655756779e-08,0.0022522793151438,0.0006833037477917,0.9970377683639526,1.1456515494501218e-05,1
5,7.577394626423484e-06,8.840725373993051e-10,2.897929185508019e-08,0.0016877757152542,0.000396436516894,0.9978939890861512,1.419640193489613e-05,1
5,4.644727232516743e-05,2.460837089657275e-09,2.344019236488748e-07,0.0024412188213318,0.0003393593651708,0.9970546960830688,0.0001180509279947,1
5,2.484400965840905e-06,3.5912103846236216e-10,2.0167529868331258e-08,0.0004209392354823,0.0005887263687327,0.9989787340164183,9.082328688236885e-06,1
5,1.3033201184953214e-06,3.948898499861464e-11,6.4091638662944206e-09,0.0001116576386266,9.195293387165292e-05,0.9997946619987488,3.73570571809978e-07,1
5,2.274714006489376e-06,1.6318458737063498e-11,7.486537612066968e-09,7.46947989682667e-05,1.989343036257196e-05,0.999902606010437,4.202744321446517e-07,1
5,1.054626636687317e-06,4.161416003456431e-11,2.2968542623402758e-08,0.0001472668227506,1.6956346371443942e-05,0.9998337030410768,9.385547059537204e-07,1
5,1.331050862063421e-05,1.0026821595232602e-09,4.5598575582062046e-08,0.0002734492009039,8.927117596613243e-05,0.9996143579483032,9.488987416261809e-06,1
5,2.1543050024774857e-05,4.0108710797071007e-10,2.596114256903093e-08,0.0001693215745035,5.325943857314997e-05,0.9997504353523254,5.377827619668096e-06,1
5,2.1216694221948277e-05,1.8732818074518318e-10,1.3227190898135175e-08,0.0002484094293322,9.86913073575124e-05,0.9996299743652344,1.678616285971657e-06,1
5,4.9397756811231375e-05,4.3206804800632876e-10,2.5244910162314227e-08,0.0003527512017171,0.0001413869904354,0.9994556307792664,7.247805910992611e-07,1
5,7.772194294375367e-06,6.403052393855191e-11,6.663730900413611e-09,0.0001709367788862,7.329839718295261e-05,0.9997476935386658,3.4243930713273585e-07,1
5,1.9332160263729747e-06,1.7657536890980374e-11,1.944966854239283e-09,7.416787411784753e-05,5.852118556504138e-05,0.999865174293518,2.317615468427903e-07,1
5,3.1195286283036694e-06,2.4925101912987024e-11,1.2619544298431151e-09,0.0001544819388072,0.0001923242816701,0.9996492862701416,7.80076277351327e-07,1
5,1.1066065326303942e-06,7.348733427336994e-11,6.644098049513046e-10,0.0001520365767646,0.0001516615011496,0.9996949434280396,2.748169549704471e-07,1
5,1.5499841765631572e-06,1.0790164768625932e-11,2.886145766822778e-10,0.0001612342020962,8.311648707604036e-05,0.999754011631012,6.016856701762663e-08,1
5,8.940484690356243e-07,8.155633113293703e-11,1.253578907345343e-09,0.0009530616225674,0.0006181838107295,0.9984272718429564,6.359262556543399e-07,1
5,2.434320833799575e-07,4.823628996231122e-11,2.438077295607854e-09,0.0010313728125765,0.000253279635217,0.9987133741378784,1.692756882221147e-06,1
5,3.737564213679434e-07,3.6644778877992223e-10,4.373667816803817e-10,0.0007879957556724,0.0021736591588705,0.997034788131714,3.182230102538597e-06,1
5,1.8276706441611168e-06,2.8170716870334904e-09,8.527833550431296e-09,0.0028372667729854,0.002350048860535,0.9947920441627502,1.8821809135260992e-05,1
5,1.2080965916538844e-06,2.652218888954394e-09,3.4296545603496043e-09,0.0004965090192854,0.0006248785648494,0.9988736510276794,3.750692485482432e-06,1
5,1.5249077023327118e-06,2.0337218575861016e-09,7.499894039142418e-09,0.0020593225490301,0.0010098185157403,0.9969195127487184,9.816221790970305e-06,1
5,1.501496740274888e-06,6.616083680910378e-09,6.250257200690612e-09,0.003603101009503,0.0025671334005892,0.993806004524231,2.2338903363561254e-05,1
5,3.306799953861628e-07,1.8406640656110083e-09,7.269962853939661e-09,0.0011335116578266,0.0002793365274555,0.998584508895874,2.302288976352429e-06,1
5,1.0766475355694639e-07,1.942765726070661e-09,8.602119017098175e-09,0.0011097540846094,0.0003266115672886,0.9985602498054504,3.30235343426466e-06,1
5,1.1223952469663343e-06,4.2590128646047276e-10,1.1238059371976306e-08,0.0135343037545681,0.0008841531234793,0.9855740666389464,6.361871783155948e-06,1
5,8.448791533055555e-08,1.4318876813412816e-11,6.602624003093638e-10,0.0002151297521777,8.392878953600302e-05,0.999700665473938,2.3461190323814665e-07,1
5,5.1184567695372614e-08,7.300817589372953e-11,1.0037414233110551e-09,0.00064632500289,0.0002252968552056,0.9991274476051332,7.967286705934384e-07,1
5,1.4368904288630802e-08,2.0693757471490493e-11,4.139252829382656e-10,0.000989211956039,0.0001499505888205,0.9988596439361572,1.1719196209014626e-06,1
5,6.932909712986658e-08,1.6608084352220942e-10,8.588763034111934e-10,0.0035656045656651,0.0004281360306777,0.9960030913352966,3.156909997414914e-06,1
5,1.777077756059953e-07,4.29086176312321e-11,3.0220012603443536e-10,0.0011204140027984,0.0005830521695315,0.998296082019806,2.3406877858178635e-07,1
5,1.1401549500078545e-06,3.153411420875329e-10,1.967740193009604e-09,0.003941488917917,0.0029865144751966,0.9930670261383056,3.9169913179648574e-06,1
5,5.895224148844136e-06,1.2741371291369319e-09,7.130805812494145e-08,0.0064801508560776,0.0009342391858808,0.9925382733345032,4.133723996346816e-05,1
5,1.761127236932225e-06,1.472449384642971e-10,1.2505876334500954e-08,0.0028574266470968,0.0046865525655448,0.9924526810646056,1.639514152884658e-06,1
5,1.3524106179829689e-05,3.1420366308765324e-10,1.594387981640466e-07,0.0037964002694934,0.0005462909466587,0.995641589164734,1.970650146176922e-06,1
5,3.75658055418171e-06,2.6975649491944864e-10,2.0562014313441068e-08,0.004225714597851,0.0025029035750776,0.9932641983032228,3.3987757888098717e-06,1
5,1.2754760064126458e-05,2.7724154083585964e-09,7.479389552145221e-08,0.0228546541184186,0.0219606570899486,0.95511132478714,6.053238394088112e-05,1
5,7.096770787029527e-06,7.687321890159637e-09,3.808631632296056e-08,0.0272047240287065,0.1580006331205368,0.8147059679031372,8.155345858540386e-05,1
5,9.296933967561928e-06,2.5915973811407862e-09,7.255731588884373e-07,0.0072659812867641,0.0041094375774264,0.988593816757202,2.074702206300572e-05,1
5,2.17734282159654e-06,5.58473480793964e-08,5.143390922057733e-07,0.2022509723901748,0.0325776822865009,0.7648261785507202,0.0003423895104788,1
3,8.995961309210544e-08,8.190021105747292e-09,1.1146195078026722e-08,0.999691605567932,0.0002948952023871,1.071067430302719e-07,1.3354603652260266e-05,1
3,1.5922349660968393e-08,3.8783887212900944e-09,1.1731260407543687e-10,0.999875545501709,0.0001234791998285,6.170942867811391e-09,9.52076277371816e-07,1
3,8.307451793143629e-08,2.1043136122500528e-09,1.0905732983346184e-09,0.9999619722366332,3.345480945426971e-05,4.8303764543788936e-08,4.493607775657438e-06,1
3,2.6357329829806986e-07,2.279555655348986e-09,1.347123246286941e-10,0.9998960494995116,0.000103231112007,3.20981357049277e-08,3.8929874790483154e-07,1
3,4.881308655058092e-07,9.290743285816916e-09,8.126693762378068e-11,0.999407172203064,0.0005921285483054,2.2080133277313507e-08,2.0249306942332626e-07,1
3,4.839765210817859e-07,6.824049325615533e-09,2.6618349191487306e-10,0.9998148083686828,0.0001843963254941,3.179525620566892e-08,3.07991456338641e-07,1
3,4.201958248017945e-08,2.111864905174343e-09,1.6010956449541425e-11,0.9998953342437744,0.0001045797616825,3.7893274629219315e-10,2.6353124127354025e-08,1
3,2.818699940121405e-08,6.738759550373175e-10,4.244635892769466e-11,0.9999829530715942,1.696639992587734e-05,1.5458012647684427e-09,3.880235510678176e-08,1
3,1.045345001671194e-07,4.092948202583102e-09,1.3907179574612627e-10,0.999968409538269,3.091335383942351e-05,4.177035162200582e-09,5.251812922324461e-07,1
3,2.7371127586661718e-08,3.3894795303801567e-10,3.9291211950676086e-10,0.99999737739563,2.540826699259924e-06,8.614756685787484e-10,5.6503477452451996e-08,1
3,4.8641424221784754e-09,2.4979296409100016e-10,6.395913243473217e-10,0.9999972581863404,2.5550214104441693e-06,2.3260107173683764e-09,1.7901844273637837e-07,1
3,1.203248056746986e-09,2.3542898186512673e-10,9.938403398856988e-12,0.9999991655349731,6.273489248087571e-07,1.8888228481284128e-10,1.740685178219792e-07,1
3,1.1314365444548002e-08,8.354259645182438e-11,7.513499371281096e-12,0.9999990463256836,9.70779751696682e-07,1.0685489160167092e-09,1.6060511143223266e-08,1
3,8.783681421098422e-11,4.057649615613057e-12,1.787393068839252e-13,1.0,2.101705920409813e-09,1.436443466344001e-13,1.9119514860221898e-08,1
3,1.01302619071042e-10,3.627292910479696e-11,4.112345013129737e-12,1.0,5.4649236247428234e-09,5.7173267856147625e-12,1.9588608068943362e-08,1
3,5.619266445384963e-13,4.981262255975005e-13,7.088418258393779e-14,1.0,9.469789397087423e-10,3.759392428435981e-14,4.695850375213695e-10,1
3,3.3012312501690118e-12,6.755017552262377e-12,1.2005084426558454e-11,1.0,2.2576276959007655e-10,1.752454951986504e-12,3.1282151979894486e-08,1
3,1.673236879997167e-13,1.3131991154213818e-12,2.8865619963736044e-11,0.9999998807907104,7.399672888319664e-12,3.0902631663462174e-14,7.820533198810153e-08,1
3,1.9444979480753855e-12,1.0816927215051564e-11,5.462240104670002e-10,0.9999995231628418,2.191536188633769e-11,1.119154335177397e-11,4.547135574739514e-07,1
3,5.730097386164035e-12,5.328139318638847e-11,7.129011270201602e-10,0.9999996423721312,6.999219259729017e-11,2.0540239648036973e-11,3.7075358250149293e-07,1
3,4.126388120084812e-10,6.2898547481538e-10,5.140289235927576e-11,0.9999995231628418,4.757224836282603e-09,5.5653079367168345e-11,4.521220944297966e-07,1
3,1.3525787477888797e-12,1.205226057843234e-10,3.934284809829075e-13,1.0,2.368656604190278e-09,7.558589306755696e-14,2.422138756230652e-08,1
3,9.528657377022576e-12,2.8528890361201315e-10,4.0609505233372983e-13,0.9999992847442628,5.176029560516327e-08,2.1914299801889525e-12,6.528774747494026e-07,1
3,2.142351053502356e-11,1.973063712412681e-09,2.0149327085300373e-12,0.9999998807907104,3.9213858826769865e-08,5.925626200657674e-13,1.0908842540402477e-07,1
3,4.794801355956224e-08,3.475894239102217e-09,2.479150912337857e-11,0.9999990463256836,9.28244389797328e-07,4.351767557420061e-11,1.1333956884129748e-08,1
3,1.4669999659489006e-09,6.373898631117925e-10,7.009726458138965e-13,0.9999996423721312,3.858254160604702e-07,5.122432968247825e-13,1.0031591557435604e-08,1
3,5.3970882873954906e-08,1.010433181569681e-09,5.212551744404603e-12,0.999996304512024,3.5854468478646595e-06,3.0919843074794784e-11,2.750364158643492e-09,1
3,1.3218904193479377e-08,1.5174572709497623e-09,1.209848887739895e-11,0.9999531507492064,4.684049781644717e-05,1.1969956970059314e-10,2.36630732786125e-08,1
3,1.8634947807072425e-08,2.487530847972152e-09,9.77641093080628e-11,0.9999716281890868,2.823674003593624e-05,4.5266754233885815e-10,5.8132261671062224e-08,1
3,1.2172929331200066e-08,1.1615595152392186e-09,2.0204050238392668e-11,0.9999725818634032,2.7359479645383544e-05,3.8053643569568856e-11,2.457077030726396e-08,1
3,1.5540379649792158e-08,7.025697801310571e-09,1.973024001122869e-11,0.9996986389160156,0.0003010361397173,7.512109267970857e-10,3.729573450073076e-07,1
3,7.604326945909179e-09,5.997141450109211e-09,5.282950292506694e-12,0.9999476671218872,5.219488957663998e-05,1.1615965134215144e-10,1.3868728387933518e-07,1
3,4.083867466420088e-08,6.5365877155443294e-09,1.2775955293697902e-10,0.9999479055404664,5.179040090297349e-05,1.7803830631990534e-09,2.971169124066364e-07,1
3,3.9527577655462665e-08,5.058419905168421e-09,2.39777253607798e-10,0.999945878982544,5.37167361471802e-05,2.1812871509041543e-09,3.928078058379469e-07,1
3,6.057316426222314e-08,8.460071754257115e-09,1.6521087276011315e-10,0.9999899864196776,9.929372026817871e-06,6.092999438322977e-10,7.130487489348526e-08,1
3,7.356279585479797e-09,1.7679129271641612e-09,1.4167843981338636e-11,0.9999991655349731,7.848415179978474e-07,7.387228849464744e-12,1.0841167963349108e-08,1
3,8.021728170604092e-09,9.798323263865427e-10,1.3801787403927568e-12,0.9999992847442628,6.67330766646046e-07,8.468995903870846e-13,5.623458676495829e-08,1
3,1.6595834040344926e-08,3.898316391914847e-10,4.776020724739372e-12,0.9999960660934448,3.868293333653128e-06,1.5096576766460146e-10,6.701209542825383e-08,1
3,1.6002259239922267e-10,1.4429446353048103e-11,1.0932950372929617e-13,0.9999998807907104,1.0451326915017489e-07,4.77100760428676e-14,1.8667634549274226e-08,1
3,3.5542729870385864e-10,9.115131566206358e-11,1.889974938704131e-12,0.9999996423721312,3.912041393050458e-07,2.893080523411196e-12,1.2690362538592126e-08,1
3,4.399408268240812e-11,1.0818766889297836e-11,5.810859063891395e-13,0.9999998807907104,8.70874146130518e-08,1.999881597131159e-12,2.921956010482063e-09,1
3,3.502570802838001e-11,5.482724343974788e-11,2.0223822616571848e-11,0.9999990463256836,9.757669339194308e-09,9.835740728825204e-12,8.925953238758666e-07,1
3,1.4825540101126574e-11,9.002085188392073e-11,3.5629259959035764e-11,0.9999997615814208,4.4033100721208036e-08,7.485015385277903e-11,1.6839496197462722e-07,1
3,2.9614624554724637e-12,2.168523138834644e-10,2.905982121603756e-09,0.9999997615814208,8.753950453410653e-09,3.4073840970982866e-10,2.2070872773838346e-07,1
3,5.3739866723301326e-11,1.91607452126874e-10,1.5825489807497204e-09,0.9999998807907104,1.2074727884225922e-08,1.8218770936329062e-10,6.507659122689803e-08,1
3,2.63600752337112e-10,2.0160036140470794e-10,1.2327402210132732e-08,0.9999998807907104,7.320564598956025e-09,3.703029272106305e-10,4.698855704532434e-08,1
3,3.3783788266905646e-11,6.687805864658003e-11,2.081269601106328e-09,1.0,9.565169101222182e-09,8.207777235647028e-10,2.9628759889988032e-08,1
3,2.747573002448433e-10,1.0761538188353016e-10,5.986140916292015e-09,0.9999998807907104,3.4476915544701114e-08,2.606834526019952e-09,5.069194486395646e-08,1
3,9.30351018446629e-10,4.4340286997623934e-10,8.447845090131524e-08,0.9999986886978148,5.558597138133337e-08,4.535849029707606e-09,1.1766152283598783e-06,1
3,1.6001520941610892e-10,2.3670813573128943e-11,2.067042537134966e-09,0.9999995231628418,1.3876016780045576e-08,2.006972366075388e-09,4.528600356934476e-07,1
3,1.7919958572587547e-10,2.4601820580727463e-11,1.7732826318450632e-09,0.9999991655349731,5.330342673914856e-07,2.874477367242889e-08,2.632517634992837e-07,1
3,2.0696611091608474e-10,1.2811213895291829e-11,7.995681339245663e-10,0.9999996423721312,1.6478786335483164e-07,3.903719125730731e-09,1.6826813009629404e-07,1
3,8.305870574654149e-11,4.1129157913634423e-13,2.518617085722763e-11,1.0,2.2370805652371928e-08,8.635470116757915e-11,8.470506074331752e-09,1
3,3.231728469901829e-12,1.386739030898032e-13,1.0988992701910227e-11,1.0,7.363739840116068e-09,4.8692189169585725e-11,1.3363971040902811e-09,1
3,4.3727060167197955e-11,3.165123870461917e-13,4.7446442608123356e-11,1.0,2.95455766519126e-08,8.548521335249858e-10,1.5252014762268118e-08,1
3,7.255267220340754e-11,9.605549455881172e-14,6.145975221805156e-12,1.0,1.1440348224311949e-08,1.7078106984147468e-10,2.5934394631832447e-09,1
3,1.2896789192140543e-10,4.0821388153436394e-13,8.73505868331792e-12,1.0,2.3704023632831195e-08,5.167760663837838e-10,7.713439664769341e-09,1
3,1.7241294503200774e-10,1.4881340246446914e-13,5.0296714709796575e-11,1.0,3.3919427266937425e-08,1.4249390556386743e-09,1.08312354640816e-08,1
3,9.163719089100296e-11,2.292201530581378e-13,2.7674050551151907e-11,1.0,5.55707524441118e-09,3.1121358962105106e-11,3.4614959787404587e-08,1
3,2.4308696722208367e-10,9.425674894454965e-14,1.3388091850419226e-11,1.0,1.3788459263253117e-08,6.55292183363021e-12,1.2090948242615696e-09,1
3,2.0923253407634235e-10,1.7012275919589537e-13,1.0510523701379172e-10,0.9999998807907104,7.475526331290895e-08,4.858568061760771e-11,3.52540752146524e-08,1
3,1.4291570704649814e-10,6.718406213301886e-13,7.122201439724307e-11,0.9999998807907104,6.03101142360174e-08,8.256951372631605e-11,4.322062707728946e-09,1
3,1.8045076067077505e-12,5.618194711537461e-13,2.1051112242265188e-10,1.0,1.5532281016916727e-09,2.097474971485269e-11,2.23014051670134e-08,1
3,2.663882670006501e-09,2.156402443762029e-12,1.9693020825162222e-10,0.9999995231628418,4.653223584227817e-07,5.6618789656681664e-09,6.293245036204098e-08,1
3,3.1512406573064306e-10,1.5728917734242345e-12,1.1665304278096755e-09,0.9999990463256836,8.855798228069034e-07,9.239450093900814e-09,7.973491200630178e-09,1
3,1.3860008973853866e-10,6.159562877111613e-13,1.1413202327670291e-10,0.999996304512024,3.6379451557877474e-06,8.971872689222947e-10,4.39283986963801e-09,1
3,5.225811450237926e-10,6.465227658791761e-13,1.0701251690337088e-10,0.99999737739563,2.565711838542484e-06,2.2591346571232407e-09,9.239593090626386e-09,1
3,9.59553148049963e-09,7.831184485607157e-12,2.337346982628219e-09,0.9999877214431764,1.2241084732522722e-05,5.0132085149812156e-09,4.656784469148079e-08,1
3,4.956442811732131e-09,1.8300569393225885e-12,1.4491225108770324e-08,0.9999791383743286,2.073284304060508e-05,9.912403697853733e-08,1.5741992598350407e-08,1
3,8.931346218155055e-10,1.5029432776439422e-12,1.1449360903803552e-10,0.9999874830245972,1.24623775263899e-05,9.175466497701733e-10,4.102422934693095e-08,1
3,5.058779173339189e-09,1.0177193289495625e-12,1.6654614354294495e-09,0.999988317489624,1.170106861536624e-05,5.029263228095715e-09,1.4412878890368576e-08,1
3,7.614122526922174e-11,5.294192601673631e-12,4.312309884180188e-11,0.9999982118606568,1.7763760524758254e-06,2.394927312021622e-10,3.35345546886856e-08,1
3,9.581101467759368e-10,1.643420989572153e-11,2.0424646696159954e-10,0.9999938011169434,6.044004749128362e-06,8.623982084010605e-10,1.7663430185166362e-07,1
3,2.4220394578833293e-08,5.1190066074902057e-11,1.0572567266109443e-09,0.9999876022338868,1.2134789358242417e-05,4.866377967260861e-09,2.646409882345324e-07,1
3,1.3470089488265558e-09,5.7849520312958085e-11,1.5267687114572934e-09,0.9999823570251464,1.5619812984368764e-05,8.959747610504111e-09,2.0460715859371703e-06,1
3,4.670438948778388e-12,5.100109137096132e-12,2.4436650619685807e-11,0.9999994039535522,5.35087451680738e-07,4.5095632089653386e-11,6.50147740088869e-08,1
3,9.240432863322211e-10,5.8338681108160975e-12,1.275703293002195e-10,0.9999991655349731,7.552586680503737e-07,2.9202476548029205e-10,9.266263845120193e-08,1
3,1.3921412633788322e-10,5.855720422442978e-12,7.1935699584579904e-12,0.9999995231628418,3.805133985679277e-07,6.510287968441997e-12,5.047397877433468e-08,1
3,1.903775748157699e-10,2.022842657267709e-11,2.924773964685379e-11,0.9999996423721312,3.82182719249613e-07,1.2762630362261884e-11,1.3137976928589978e-08,1
3,5.09323083708324e-10,1.5212765769323508e-10,4.530549269077255e-10,0.9999992847442628,7.283721856765624e-07,1.3287754230262294e-10,2.5765768185692653e-08,1
3,3.085833533145177e-10,1.396463361613698e-10,1.2798351267662156e-10,0.9999997615814208,2.004008479161712e-07,1.0131644655186898e-11,6.34432311130695e-08,1
3,3.994232375403861e-11,1.2904045887385251e-10,3.686654280465884e-12,0.9999998807907104,1.522548558341441e-07,8.91754863853976e-14,1.4286351657233354e-08,1
3,2.975517401915262e-11,2.0888563101451038e-10,3.874872211290237e-12,0.9999998807907104,1.9372729198607885e-08,2.0832180720590544e-14,9.002357614917855e-08,1
3,1.5588074722076156e-13,3.4409065874374534e-11,9.73391939967927e-13,0.9999998807907104,2.1539197092579343e-09,2.0232006631967564e-16,1.0215824630677163e-07,1
3,6.074437827741086e-12,1.0153254625944186e-10,1.8823616710489377e-12,0.9999992847442628,2.7595431717486466e-08,1.2915159215457178e-15,7.324073294512345e-07,1
3,1.1188553339022689e-12,1.163749999144592e-11,1.986903141472894e-14,0.9999998807907104,3.6229351962902e-08,6.047651130762174e-17,9.785357946157093e-08,1
3,5.180988017078336e-13,7.135482742864907e-12,1.7902990017120562e-14,1.0,1.7321177381290912e-08,6.016975055027584e-18,2.494314754741822e-09,1
3,4.505841012802936e-12,2.2009961561653132e-11,2.4362931377169827e-12,1.0,3.5877206983059295e-08,3.922200885337615e-16,1.2064577781245589e-08,1
3,7.053049984329096e-12,1.489752071703876e-10,4.573821356379515e-12,0.9999998807907104,7.581222405406153e-08,4.172981082998248e-15,1.2611870658929549e-08,1
3,5.916301303032778e-12,1.7921433434486822e-11,1.955693772074177e-13,1.0,3.9330942058768414e-08,1.9928602077239036e-16,3.6322586605130875e-10,1
3,3.4154695131155544e-12,4.769557578748751e-12,1.0029196711395377e-13,1.0,1.6786692924597446e-08,9.817769632700443e-17,5.775991490652999e-11,1
3,5.7821088195186825e-11,1.9034558651487288e-11,3.3782948660743266e-11,1.0,5.6335430542731046e-08,6.617600754486516e-14,4.903023542723871e-10,1
3,4.6274373222132676e-10,9.701207892565121e-11,1.8389409439656387e-10,0.9999991655349731,8.066273835538595e-07,2.750053006497777e-12,7.051482509012885e-09,1
3,2.399479226422585e-11,5.0241769078418486e-11,3.146074289972489e-09,0.9999998807907104,7.600841200883225e-08,1.4759462749203145e-11,3.0345095325401417e-08,1
3,6.537621000113346e-10,8.150669375539543e-12,1.9873162837580336e-10,0.9999997615814208,2.01944104105678e-07,1.06429734816893e-11,6.275578101622159e-08,1
3,6.419343723251813e-09,1.0596376207039349e-11,8.265841136556595e-12,0.9999988079071044,1.111934807340731e-06,5.438901932997009e-12,1.624839818248347e-08,1
3,6.2944462975167426e-09,4.3034009515607866e-12,2.2562706911144478e-11,0.999996304512024,3.6230396744940654e-06,1.2416355443800595e-10,3.144708671243279e-08,1
3,2.255810649387513e-09,1.934853492702171e-11,3.837755200436499e-12,0.9999992847442628,6.82732036239031e-07,4.628279964141724e-12,7.392950251983166e-09,1
3,3.322421227025529e-10,4.0166307779809785e-12,1.1472730317846349e-12,1.0,4.112149554202915e-08,7.436480359453158e-14,2.227865003590068e-09,1
3,1.5941363507021578e-10,6.543055160179723e-12,1.0994772800532182e-12,1.0,2.5715854334862346e-08,3.60420481166409e-14,3.108081791936001e-09,1
3,1.0319201005845602e-12,6.670550071509462e-13,1.4375954853623753e-12,1.0,7.64792229546174e-10,9.763245857187888e-16,4.3981193686981607e-10,1
3,2.4006458713282663e-12,6.417896596111472e-12,4.092823649437527e-11,1.0,1.0333304878429317e-08,2.9185289303563025e-14,1.5740457826041165e-08,1
3,2.0389217657984515e-12,1.1526166306119467e-11,7.047601434731487e-13,1.0,1.4363293665553556e-08,7.995721030328658e-16,1.0290251317712771e-08,1
3,6.306018641294431e-12,9.53104435652552e-12,1.1429211049795995e-10,0.9999998807907104,1.948775363302957e-09,2.8336287851739306e-13,6.738725488730779e-08,1
3,3.635656500248358e-13,2.8847501644391205e-12,1.8471973896230093e-13,1.0,2.21654516963099e-08,1.3774985113072095e-14,1.5217407778322922e-08,1
3,1.0534576544429795e-09,1.9838027054408516e-10,4.492087057883509e-08,0.9999964237213136,2.923266038123984e-06,5.981075634764465e-09,6.258861162677931e-07,1
3,2.646638984360461e-11,1.411153832675538e-10,2.059112214070069e-09,0.9999990463256836,2.0376515408315757e-07,6.515579742405464e-11,7.403624522339669e-07,1
3,1.1152270773528984e-10,2.72252997923772e-10,2.5868018838082207e-09,0.9999932050704956,6.702439918626624e-07,1.42617126441813e-10,6.091097020544112e-06,1
3,5.7400470154789225e-08,2.4463128744933726e-10,6.092016064940253e-07,0.9999986886978148,4.804240347766608e-07,6.326983825744037e-09,1.521298429452145e-07,1
3,8.507731763529591e-08,6.574885635934891e-10,2.9537790879885506e-08,0.9999977350234984,2.0826298623433104e-06,2.0098026021209134e-10,1.0570099462370308e-08,1
3,1.0942619610432305e-06,1.1601047900100523e-09,1.1553048295809276e-08,0.9999858140945436,1.3125679288350511e-05,1.4314040230889447e-10,3.286664052026822e-09,1
3,2.511175045682989e-09,2.3610309887733827e-11,4.963515709555111e-10,0.9999998807907104,1.330996468595913e-07,7.402689572444389e-13,9.934815470291623e-11,1
3,3.601554112719896e-07,1.2970732821138142e-10,5.411363024343531e-10,0.999998927116394,7.448913379448641e-07,1.4399492015426674e-11,2.755148054145451e-10,1
3,2.812739596791402e-09,4.742694431625338e-11,3.713556198658985e-11,0.9999990463256836,1.0094628350998391e-06,3.025951071742445e-13,1.597818127807571e-10,1
3,2.2816172062789523e-08,5.955604065466247e-11,1.1516390271970599e-11,0.9999983310699464,1.6565750229347032e-06,5.938308113469237e-14,4.817460666495244e-11,1
3,1.831068985325146e-08,3.720151617314649e-11,3.554143090944706e-11,0.9999997615814208,2.732874406774499e-07,1.0091821584130856e-14,3.757547745175671e-11,1
3,3.918611568565211e-08,1.0639082670405031e-10,9.83573889001832e-10,0.9999997615814208,1.6795871715657998e-07,1.3845864830098335e-14,1.9247775595587768e-10,1
3,1.516552439184693e-10,3.371579057609431e-12,1.854694002545454e-11,1.0,5.2486237578364126e-09,5.719801734571478e-16,4.1197011080296164e-12,1
3,1.0202394484792876e-10,1.1228023719112024e-11,1.6328042917734823e-08,1.0,5.944679859481994e-09,1.3027970663262532e-14,8.135019741173366e-11,1
3,4.6410000842378446e-10,5.4415048855727115e-11,3.150698590914658e-09,1.0,4.25505000123394e-08,3.058392238804706e-15,4.1948178264306074e-10,1
3,2.34662955733711e-08,2.3750129640731643e-10,3.030249118296524e-08,0.9999986886978148,1.246415195055306e-06,1.3352562328386441e-13,2.681861399622676e-09,1
3,1.2689041817282032e-08,1.6205952135806e-09,4.386679464118971e-09,0.9999947547912598,5.220189905230654e-06,9.9653857214832e-13,1.2578221131320788e-08,1
3,9.346855733838313e-08,8.064685808051308e-09,1.5624239324552036e-07,0.9999939203262328,5.701899226551177e-06,6.840474020552989e-11,1.1411037803554792e-07,1
3,6.802735015298822e-07,3.528904457539284e-08,1.8886900079451152e-06,0.9999727010726928,2.2984568204265088e-05,8.814123320100008e-10,1.740752736623108e-06,1
3,6.158838345982076e-07,4.6379586393641154e-08,1.4346627494887798e-06,0.9999785423278807,1.8046215700451285e-05,2.022728873285473e-09,1.3596982171293348e-06,1
3,2.221013204461997e-07,2.175591617969985e-08,1.053982600751624e-06,0.9999762773513794,2.0618148482753892e-05,1.905352320363818e-09,1.853631033554848e-06,1
3,1.648732421699606e-07,1.524439241507025e-08,4.541395242085855e-07,0.999994158744812,4.634900960809318e-06,1.0766121327776546e-09,5.833898057971965e-07,1
3,9.230710418250965e-08,4.2718979464950735e-09,1.4731793385180938e-07,0.9999943971633912,5.1598335630842485e-06,3.9708469845578515e-10,1.8293739856289906e-07,1
3,1.7695428766728585e-07,3.670814763268026e-09,1.3587613523213804e-07,0.9999822378158568,1.7364707673550583e-05,2.608389948477452e-09,9.648743315437969e-08,1
3,1.1323468243062962e-06,3.433286543952363e-09,1.4679456228350318e-07,0.999874234199524,0.0001243561418959,1.4816239790604868e-08,6.426925835967269e-08,1
3,5.62966022243927e-07,1.2023825268769883e-09,2.2787656916989365e-07,0.9999642372131348,3.488578659016639e-05,3.388316827113158e-08,1.2177363828413945e-07,1
3,8.689666231020966e-08,6.235760796613475e-10,1.686820212398743e-07,0.9999758005142212,2.389208384556696e-05,1.8261873790947906e-08,9.68736983963936e-08,1
3,2.750094836301287e-07,2.0303536629739935e-10,5.7851583079582276e-08,0.999913454055786,8.584630995756015e-05,2.291627367867477e-07,1.2805921301151102e-07,1
3,2.2082089401465055e-07,8.955664682064324e-11,2.8584562272726544e-08,0.9999089241027832,9.065320045920088e-05,6.112416173209567e-08,2.776499030687773e-08,1
3,4.107023983124236e-07,1.1293598695116812e-10,2.878029476960364e-07,0.999972939491272,2.614592449390329e-05,9.646372234328737e-08,9.745794216087235e-08,1
3,3.103033066054195e-07,7.004365837337545e-11,1.8636502829849638e-07,0.9999639987945556,3.53286559402477e-05,1.462939707153055e-07,1.027491691729665e-08,1
3,1.4630805935667013e-06,1.5280515741622478e-10,4.916059879178647e-07,0.9999549388885498,4.234777588862926e-05,5.967467586742714e-07,1.3869953363609966e-07,1
3,3.206100700481329e-07,2.4386071287296748e-11,3.8058772133808816e-08,0.9999779462814332,2.139249954780098e-05,1.1582131520526673e-07,2.2957456735639425e-07,1
3,1.8614109364989417e-07,7.606485753763881e-12,1.768334456642151e-08,0.9999775886535645,2.2059675757191144e-05,8.239458537673272e-08,3.1244482556758164e-08,1
3,7.467832006113895e-07,5.836299499240026e-11,2.2756614370678108e-08,0.999541997909546,0.0004557041102088,1.567694994264457e-06,6.342302327766447e-08,1
3,1.588735131008434e-06,5.973167793715817e-11,8.301385179265709e-08,0.9992583394050598,0.0007265631575137,1.2685715773841366e-05,7.850076713111775e-07,1
3,2.510716399228841e-07,1.0882615641971681e-10,2.5753683630114214e-08,0.9992691874504088,0.0007273156079463,3.0805551887169717e-06,9.864453431873701e-08,1
3,1.748429241388294e-07,3.280618832146587e-11,1.7937495044861862e-08,0.9993820190429688,0.0006121617625467,5.484845132741612e-06,8.812606466790386e-08,1
3,3.1615211781854675e-08,1.048940587167202e-10,5.049918527788577e-08,0.9999265670776368,7.298029231606051e-05,2.853567480087804e-07,7.55207807401348e-08,1
3,1.8449286187660618e-07,3.609725629516447e-09,3.4346768984505616e-08,0.9996626377105712,0.000335913762683,8.024542808016122e-07,3.791736844505067e-07,1
3,2.990435916672141e-07,4.599467751109642e-10,7.811585156503043e-09,0.9995061159133912,0.0004930553259328,4.552653081191238e-07,7.25148794344932e-08,1
3,2.7678204617132e-08,1.173961206024643e-10,5.500257138635334e-09,0.9999043941497804,9.551987750455736e-05,2.763287820783944e-09,6.194732549147376e-08,1
3,7.700094784013346e-08,5.951888287780703e-11,2.502143381377664e-09,0.9985741376876832,0.0014257282018661,5.681333803408962e-08,1.2029762963550183e-08,1
3,2.822452245254681e-07,1.4275199945734672e-11,1.8222172215587307e-08,0.9924020767211914,0.0075971945188939,4.093579946129466e-07,1.9816006613382345e-08,1
3,1.0918715531715861e-07,6.249819411996427e-11,2.889008143824867e-08,0.9908850789070128,0.009113342501223,1.3851373523721122e-06,7.915058830576527e-09,1
3,6.979484101776734e-09,1.7323526294021896e-11,2.3258223791344793e-08,0.9989207983016968,0.0010790777159854,1.615438662838642e-07,2.8887196634741485e-08,1
3,7.532204193694271e-09,1.5407347273010963e-11,9.183728777450996e-10,0.9992284774780272,0.0007714622770436,4.020786370517726e-09,1.93953986205031e-09,1
3,4.177273069672083e-07,2.0638346587276144e-10,1.9327669065205558e-07,0.9979683756828308,0.0020296410657465,1.3004457741772055e-06,7.399840029620465e-08,1
3,5.3664013677234834e-08,9.359557573418442e-11,3.506398504882213e-09,0.999289870262146,0.0007099632057361,1.4467867970324733e-07,1.6963833004979282e-08,1
3,1.8612876795387479e-09,2.1543202985419008e-11,1.9054666733353542e-09,0.9998416900634766,0.0001581510732648,6.175034172883899e-08,5.0184773670025606e-08,1
3,3.275986770745476e-08,7.120631168033853e-11,7.419065362057607e-09,0.999594509601593,0.0004052832664456,1.4694295202843932e-07,3.9478429414430145e-08,1
3,5.912017968512373e-07,2.162011680795217e-09,5.853065232486188e-08,0.9950815439224244,0.0049081770703196,9.253475582227113e-06,3.4790508607329684e-07,1
3,4.976706691195432e-08,7.581818506352532e-11,5.579930739685324e-09,0.9995269775390624,0.0004725663166027,2.9305738280527294e-07,1.7872345381420018e-07,1
3,4.8939831742700335e-08,6.658457674113548e-10,5.100254885093136e-09,0.9972227811813354,0.0027762039098888,7.730516244919272e-07,1.8660097111933285e-07,1
3,1.0464562194556493e-07,3.0150268393036583e-10,1.7055352685702022e-08,0.9992648959159852,0.0007343956385739,4.59504633454344e-07,7.500441512320323e-08,1
3,2.110745214167764e-07,3.798716341485431e-10,1.0005927464362685e-07,0.990413248538971,0.0095846448093652,1.7625033024160075e-06,5.78499204095806e-08,1
3,2.7377421929486445e-07,1.1609483513419504e-10,1.5162184396899647e-08,0.9946905970573424,0.0053078630007803,1.0433833494971625e-06,1.464087944214043e-07,1
3,2.793397735345593e-09,3.4637414464411265e-11,7.454424577613139e-11,0.993922233581543,0.006077729165554,4.8151744813651476e-09,2.0152706170506466e-08,1
3,1.0809309891612884e-08,7.128789225596677e-11,4.2025374291654324e-09,0.999612271785736,0.000387731444789,4.379620932581929e-08,7.918252720173768e-09,1
3,4.161734956653618e-09,3.3754249395556706e-11,5.744251296846414e-09,0.9997987151145936,0.0002012561453739,1.9294410513737152e-09,3.833567685518346e-09,1
3,7.476740893075372e-10,1.0802390232322878e-11,9.88235626664391e-09,0.9999727010726928,2.728732761170249e-05,1.2570856855464996e-10,3.016822625045989e-10,1
3,1.3374211738081954e-09,4.2867365906973376e-11,4.008278509104457e-08,0.9999419450759888,5.801868610433303e-05,1.0174869280454856e-10,3.8548537695248805e-09,1
3,1.1025317811497182e-11,2.4635508476950063e-12,5.7124109886785845e-09,0.999990940093994,9.034021786646916e-06,1.110462936881884e-11,5.81429682178225e-10,1
3,4.0642936238732825e-10,4.310436382826133e-11,2.142849009345582e-09,0.999941349029541,5.8659075875766575e-05,3.1193107125071506e-11,3.3050873149420564e-09,1
3,5.226506782918251e-09,1.4181626706299966e-10,5.2067491651541786e-08,0.9999829530715942,1.6937588952714577e-05,1.9963247721577204e-10,1.6729510221580313e-08,1
3,2.6070872127803572e-09,5.874203901079511e-11,3.1807914080417277e-09,0.999972939491272,2.704161852307152e-05,8.885399360725188e-12,1.9615247204285424e-09,1
3,2.0395253541583003e-10,3.0404592038513194e-11,2.2059749860137142e-11,0.9999955892562866,4.425701717991615e-06,1.0517781578404245e-13,3.947180804431127e-09,1
3,3.450630614576511e-10,1.2629913608008804e-11,1.8844387161820464e-10,0.9999985694885254,1.4140658777250792e-06,7.585402575158162e-13,9.07324171350865e-09,1
3,6.204091129724532e-10,4.910009551717387e-11,6.038680666620165e-10,0.9999977350234984,2.320343583050999e-06,2.983886575325112e-12,1.744483002497077e-09,1
3,5.012253390113131e-10,5.330478072829159e-11,7.718213568264076e-11,0.999994158744812,5.8548075685394e-06,1.1238428807361369e-12,6.043475719863521e-10,1
3,3.800160630618166e-09,2.2767912555288208e-10,1.708610752881867e-10,0.9999877214431764,1.2318434528424405e-05,9.251722651870686e-13,3.7184774703824525e-10,1
3,5.452090334756576e-09,1.53531146129815e-10,9.058554600871459e-11,0.9999701976776124,2.979007149406243e-05,9.43808182649053e-13,2.528193487894015e-10,1
3,3.6397146407907133e-10,1.6179155237772136e-11,1.500176718960411e-11,0.9999945163726808,5.4818251555843744e-06,1.4636803867453668e-13,7.595368778368082e-11,1
3,5.885636422675589e-10,2.611290697562829e-11,3.96070086450262e-11,0.999984622001648,1.535691808385309e-05,1.44738658992144e-13,3.5118405405931696e-10,1
3,1.3580799818058154e-09,1.5099831107701078e-11,3.1618704182667656e-11,0.9999852180480956,1.478081594541436e-05,2.836307035590513e-13,1.2396483839438588e-10,1
3,3.742911314219555e-09,6.1376121199274705e-12,2.7953205722353047e-11,0.9999849796295166,1.5018214980955236e-05,2.901408497138491e-13,7.076070979161742e-11,1
3,2.4229651618412613e-09,1.2351323956660831e-11,1.2556913842054485e-11,0.9999659061431884,3.412558726267889e-05,2.1079934130717462e-13,2.8437593946328827e-10,1
3,1.0414025197746923e-08,1.1511921624296484e-11,1.4553237087655546e-11,0.9999154806137084,8.449621236650273e-05,1.7126911867892949e-12,4.962774635686172e-10,1
3,2.5143112036829507e-09,6.238419936882567e-12,3.2094383574377e-12,0.999958634376526,4.1355466237291694e-05,2.965040864742752e-13,2.6256274932023866e-10,1
3,5.738172159652777e-10,2.16575433802102e-12,1.3635554274235573e-12,0.9999896287918092,1.0349308467993978e-05,6.726847675891588e-14,2.0235838005255855e-10,1
3,1.2566120366486189e-10,2.382609734508101e-12,6.673147819914739e-13,0.999992609024048,7.335869668168016e-06,3.2516910442471215e-14,2.4994814551426714e-10,1
3,8.751899760461868e-10,4.004951318498096e-12,2.5360577353417124e-12,0.9999529123306274,4.7080349759198725e-05,6.194368477353829e-13,1.7306639454872652e-10,1
3,4.815754392484273e-11,7.396148580737782e-13,3.961299170629484e-12,0.9999436140060424,5.6365763157373294e-05,1.1809637469328838e-12,1.7508579308600503e-10,1
3,1.0752291418336668e-11,1.837192724341019e-12,1.2336264822165877e-11,0.9999799728393556,2.000829590542708e-05,1.1016335684389117e-13,4.197681757744931e-09,1
3,6.067658528396969e-12,2.817403428612142e-13,1.574478611723884e-12,0.999996542930603,3.4512956972321263e-06,3.265369186389268e-15,5.653873480504501e-10,1
3,4.7407308113867056e-12,1.123216103460223e-13,8.175047444547445e-12,0.9999994039535522,5.500963879967458e-07,8.511659598171331e-15,6.792562345925289e-11,1
3,1.307350061541257e-10,3.547437300507883e-12,1.7314049499672635e-11,0.9999961853027344,3.841614670818672e-06,1.79054592875684e-13,3.7666639252087453e-10,1
3,3.118200836427221e-11,6.82909837620288e-13,1.3513230465167504e-11,0.9999957084655762,4.274318143870914e-06,3.5800792804472146e-14,4.5406375881462674e-10,1
3,8.858438288461555e-11,2.010683937056501e-12,2.2924594167417206e-10,0.9999947547912598,5.247302397037856e-06,5.521600971586382e-12,4.189734670312361e-10,1
3,5.651456636002194e-09,2.8018856679246085e-10,1.682639982902856e-08,0.9994903802871704,0.0005093500367365,2.226169026897651e-09,1.9318122213007882e-07,1
3,1.045125930243529e-10,2.926556913473988e-11,4.03286570804795e-10,0.9999185800552368,8.14324666862376e-05,3.581611396352713e-11,4.161924138657014e-09,1
3,1.88526305677783e-09,5.07368203006564e-10,8.045274668688762e-09,0.9999263286590576,7.359056326095015e-05,6.778592964717943e-11,6.07627796966881e-08,1
3,1.38420887196844e-07,2.2735568983023313e-09,2.982990565669752e-07,0.9997997879981996,0.0001997869403567,3.689636374204497e-09,3.7190091006777954e-08,1
3,7.625433227076428e-07,9.07350905521298e-09,9.037484716145629e-08,0.999640941619873,0.0003580701886676,4.360395933211692e-10,9.245699317261825e-08,1
3,2.0969031311324213e-07,3.251905855705672e-09,3.33413163744467e-09,0.997714638710022,0.0022851801477372,1.2825807083061136e-10,2.428630985207292e-08,1
3,3.988120340636669e-07,5.776735534368527e-09,5.702120997597149e-09,0.998717188835144,0.0012823585420846,2.8506444427200956e-10,1.6736306562847858e-08,1
3,2.997580565988756e-07,5.673888026080931e-09,1.9253685312747852e-09,0.9990860223770142,0.0009137049783021,6.114718453797963e-11,1.841325847351527e-08,1
3,3.098444381066656e-07,1.245636482849477e-08,6.64125332505705e-09,0.9964305758476256,0.0035691340453922,1.7362578041968388e-10,3.1073085438038106e-08,1
3,4.32434859476416e-07,3.913136481514812e-09,7.243049493510512e-10,0.9797292947769164,0.0202702432870864,4.107568452038634e-10,4.586951707352682e-09,1
3,2.686092841486243e-07,6.8509740103195335e-09,3.4208738619589946e-10,0.977978527545929,0.0220211874693632,1.1244374320540371e-09,4.260288566371173e-09,1
3,7.209629870885692e-07,9.1959559966881e-09,5.146208792439211e-09,0.9768064022064208,0.0231928005814552,1.1854602632865865e-07,3.5846809964823485e-08,1
3,8.142674801092653e-07,5.67990232624993e-09,9.415026980263974e-09,0.986206829547882,0.0137922978028655,7.113889921583906e-08,1.6515473433287298e-08,1
3,6.176261990731291e-07,3.5321736646665162e-09,4.502695993835459e-10,0.9911028146743774,0.0088965287432074,2.9512638999307232e-09,3.948263493924742e-09,1
3,4.363939751783619e-06,1.0619928048072325e-08,8.224950498458838e-09,0.9726324677467346,0.0273629985749721,9.714536020055677e-08,1.0880173206828658e-08,1
3,7.472247034456814e-07,1.3005335475213542e-08,5.9265956586784804e-09,0.9731467962265016,0.0268524065613746,2.2942661104252693e-08,4.2474741945852656e-08,1
3,2.100767204638032e-07,7.717416039554337e-09,9.643578380291729e-09,0.9851035475730896,0.0148961748927831,3.7107984240947196e-08,7.62890550731754e-08,1
3,8.657593753014226e-06,2.2606822369652946e-07,9.465617267778724e-07,0.9674363732337952,0.0325507558882236,1.1885514368259464e-06,1.84280554549332e-06,1
3,4.952617473463761e-06,1.253110610832664e-07,2.560327629907988e-07,0.9644412994384766,0.0355508029460907,2.0874475126220207e-07,2.3534319097962e-06,1
3,5.863734713784652e-06,1.163453404728898e-07,1.807747764814849e-07,0.9252849817276,0.0747063532471656,1.635834223634447e-07,2.312355263711652e-06,1
3,6.820268367846438e-07,1.3197026760281005e-07,1.722665246006727e-07,0.97552752494812,0.024463603273034,3.2159185536784214e-08,7.876556992414407e-06,1
3,9.080082463697181e-08,1.728570993009271e-07,6.086270332161803e-07,0.9912552833557128,0.0087401084601879,1.1164815560960053e-07,3.6985873066441854e-06,1
3,3.952045517507941e-07,5.599392807198456e-07,4.096962697985873e-07,0.9772112369537354,0.022781191393733,3.2306800790138375e-08,6.142089659988415e-06,1
3,4.444970329586795e-07,4.207997790217632e-06,1.7479558209743118e-06,0.97390615940094,0.0260436590760946,2.1244640890927258e-07,4.361758328741416e-05,1
4,2.491512987035094e-07,1.618117977386646e-07,1.740891319990112e-09,0.0002898833772633,0.9997066855430604,7.462124784751722e-08,2.973980372189544e-06,1
4,9.915406451455057e-08,3.1942768430326396e-09,1.7148433714697653e-11,2.0740470063174143e-05,0.99997878074646,2.681793986880621e-08,3.573775018139713e-07,1
4,6.18354363268736e-08,4.83073026025238e-10,4.5477597382381766e-12,7.673168624933169e-07,0.9999982118606568,7.488324627047405e-09,7.786915148244589e-07,1
4,3.244283064418596e-09,1.3256418532336944e-11,1.5740320085202465e-14,4.0021625125064026e-08,1.0,1.6787378431804e-10,3.6852210172355626e-08,1
4,6.179273093209758e-09,6.7663266482831386e-12,3.6193602639695433e-14,4.4529816278782164e-08,1.0,5.126393975984911e-09,5.1187559080290164e-08,1
4,5.703089556163832e-09,6.434930713283826e-13,5.801949107378567e-15,2.08179447014345e-08,1.0,1.3080989624825179e-09,8.194564138364058e-09,1
4,3.8284767023277766e-10,9.534258148605201e-13,5.791818593329405e-16,1.7041703603837275e-09,1.0,8.250056193759292e-11,1.0131141259250852e-08,1
4,1.3533853204794608e-10,1.7227977602992352e-14,1.7712082621269285e-17,1.6262631519214918e-10,1.0,1.1512066300234379e-10,4.550054777396895e-10,1
4,6.260243712308267e-11,1.8207134137491164e-14,1.624279644077707e-17,8.020164393718332e-11,1.0,1.4966758388190726e-10,1.969473029106439e-09,1
4,1.6763061772007148e-10,8.45994078285152e-14,7.454874611639026e-17,1.168040386634317e-10,1.0,5.761536248094501e-10,2.728408832197715e-09,1
4,3.0371241632742846e-10,7.33634209154968e-14,1.1843438338147262e-16,2.083592187673844e-10,1.0,1.2200500609793608e-09,8.872015344607576e-10,1
4,1.0291595353706383e-10,1.174582214260797e-13,1.1262140802270314e-16,2.9278685031997043e-10,1.0,2.678964827751429e-10,1.2161909257457635e-09,1
4,2.2581529701692915e-10,2.8428539904090666e-13,2.160268725861529e-16,7.672936730429568e-10,1.0,2.852787450713379e-10,7.06775027392581e-10,1
4,3.109793811351125e-10,5.272674115895659e-13,2.3124902079526817e-16,1.3733622017397804e-09,1.0,1.77763137543252e-10,9.040031501150735e-10,1
4,1.77975509330075e-10,1.3447870204560952e-12,1.5026839616835136e-16,1.1311739323005552e-09,1.0,3.0589486499366103e-10,7.119434486391184e-10,1
4,2.5180024731952244e-11,2.863751987283725e-13,1.0913012846566184e-17,2.60122090534054e-10,1.0,1.1425850716950679e-11,1.2565015694576687e-10,1
4,2.6892330376449003e-11,1.0980893792996925e-13,6.2295621268149376e-18,1.9026076547579152e-10,1.0,5.110482783482473e-12,2.344405572451969e-11,1
4,6.401965763069839e-12,4.221038259590373e-14,3.4005215070271737e-18,5.449939111112912e-11,1.0,1.7696264592581556e-11,8.365412529354188e-11,1
4,3.873187794795063e-12,3.602406188022572e-13,5.897626127525983e-18,1.4533856756981932e-11,1.0,2.920666486438961e-11,1.5189784152713767e-10,1
4,9.370625206773371e-14,1.4468505197097817e-14,8.542666376721087e-22,1.3685244344002756e-13,1.0,2.466556384866144e-14,3.479254861646353e-12,1
4,1.4999650759200782e-14,2.369771181587668e-14,8.920558265790326e-22,1.0332012175884916e-14,1.0,4.494540454874282e-14,1.7689412434851448e-11,1
4,1.1184285919271786e-12,5.70622989506421e-14,1.8367116401797218e-19,1.4654546022854764e-12,1.0,1.4862966543280345e-12,7.127284179508919e-11,1
4,1.650479449291642e-12,1.2484828709052877e-12,2.475424578535312e-19,2.967207425944029e-12,1.0,5.439870559217909e-13,9.620654967124054e-11,1
4,1.9743935219390667e-12,7.249070094195176e-11,9.726355669819554e-19,9.747618510969058e-12,1.0,2.85222827344292e-13,5.688441939710741e-10,1
4,6.530696122775126e-13,4.2415355949732e-11,2.4600803781724533e-19,5.064939353344178e-13,1.0,1.108727909829299e-13,1.344086508758835e-09,1
4,3.843985026119601e-12,1.1081862510975428e-10,6.012864794563809e-19,1.1059110441649644e-12,1.0,1.1666671318258381e-13,3.295957728965959e-09,1
4,1.0075664261255389e-11,3.471445131353334e-09,2.6244650817462006e-17,5.788980839832592e-12,1.0,1.105459690800559e-12,4.197597824884269e-09,1
4,1.1158850753145709e-11,6.302794730572714e-09,5.669509153328253e-17,6.160093702495262e-12,1.0,4.840307408354727e-12,4.157755917333361e-09,1
4,2.3685163530982883e-13,3.829944972277843e-10,2.1093455879392836e-19,6.571414419564993e-14,1.0,2.277024055419297e-13,6.064761137736241e-09,1
4,4.640826785362595e-12,6.598411772529289e-08,1.426940323393789e-17,3.636219580646638e-12,0.9999998807907104,6.3653981174569e-13,7.907390298100836e-09,1
4,1.1158456293290307e-13,2.6121625695818548e-11,5.169371210978954e-20,2.112983148638749e-14,1.0,5.1017607564755874e-14,3.0790456850837704e-09,1
4,9.173969906222519e-14,2.6287114845979787e-11,4.9274202355723404e-20,1.4507163780810503e-14,1.0,4.7110376716211564e-14,4.3733523469313695e-09,1
4,3.726766074560461e-14,6.1073190775473566e-12,2.293666987004556e-20,7.270365848255095e-15,1.0,1.7182102298569056e-14,6.032251143039957e-09,1
4,4.995248464000068e-13,1.6902005836594288e-11,1.02130222133363e-18,1.781634057949552e-13,1.0,5.383656844978879e-13,4.551845567135615e-09,1
4,9.630265335180965e-13,8.279807950373196e-10,1.7014635775218157e-18,1.1308269858706366e-12,1.0,7.429250763841752e-14,9.186950755690761e-09,1
4,1.3318376349685799e-12,7.274743474283696e-09,7.980568239559544e-18,2.6255280501791267e-12,1.0,2.205216938959767e-13,2.1905334435246004e-08,1
4,4.789238883945446e-12,9.743927886773918e-10,8.576152342668137e-18,1.7031676416423558e-11,1.0,1.095001757859702e-14,1.2443156727215411e-08,1
4,5.762846796986132e-13,2.7261964907765446e-10,9.37610878690082e-19,7.984821029198563e-13,1.0,4.344398952182364e-15,3.818962923674008e-08,1
4,1.9013501710574143e-12,2.25889928984202e-09,5.821715349121685e-18,2.904105341622332e-12,0.9999998807907104,7.016797218132101e-15,7.49225534946163e-08,1
4,6.640644197725143e-12,1.3460494940886749e-08,4.714517555607207e-17,7.884280034398117e-11,0.9999998807907104,1.3274005782352646e-14,9.14102002980144e-08,1
4,4.78138969389752e-12,1.1791263077043368e-08,3.0720346440974125e-17,3.006645488135007e-10,1.0,8.760974428833213e-15,3.639204138039531e-08,1
4,1.0175725713434948e-11,1.45273100216059e-08,1.2664725785144217e-17,7.840465499064918e-10,1.0,9.189761988491128e-15,1.2751364408813972e-08,1
4,7.782857691651657e-11,2.081669947529008e-07,8.117017207166659e-16,1.6161004978698656e-08,0.9999996423721312,5.6452157401812315e-14,9.060234162916458e-08,1
4,1.9462924327751094e-10,2.1899488444887538e-07,5.410730529425815e-16,9.753822638458589e-09,0.9999996423721312,3.8116509731497834e-14,6.082591141876037e-08,1
4,6.336213220770047e-10,2.5005184056681173e-07,1.0283913833491554e-15,3.0685225027582426e-08,0.9999996423721312,6.173764976894272e-14,7.753295250267912e-08,1
4,2.0606080730622975e-10,3.288190555394977e-07,1.58133533834971e-16,1.6249392942313534e-08,0.9999990463256836,8.19298462759058e-15,6.389520876837196e-07,1
4,1.3191951975244363e-09,1.2966391693680634e-07,7.723123063891768e-16,5.2579707698896534e-08,0.9999992847442628,5.833284159525999e-14,5.078726985630055e-07,1
4,8.812653939926918e-10,9.049412597050832e-08,1.7175418361582272e-15,3.2198311572528844e-08,0.9999966621398926,4.908192992661431e-13,3.186500862284447e-06,1
4,7.531043566544325e-10,4.8495195414943744e-08,5.834203063218826e-16,1.6231714639047823e-08,0.999997615814209,4.270485332545648e-13,2.2636006633547368e-06,1
4,5.772048949914677e-10,6.492886672759823e-09,9.912068884275977e-17,9.019416324917984e-09,0.9999995231628418,3.952198269173424e-13,4.659676164919802e-07,1
4,4.0912260246273036e-09,1.2197088494758648e-07,1.5431947152842697e-15,3.597833853064003e-08,0.9999977350234984,3.084847698467397e-12,2.1127291347511346e-06,1
4,2.084654893153015e-09,4.265639930167709e-08,1.1773195484018239e-16,2.723618592881394e-07,0.9999984502792358,1.6191641939982545e-13,1.1655573644020478e-06,1
4,1.2532916926488722e-09,4.1927801675001326e-08,4.8371543606075825e-17,3.8329406493176076e-07,0.9999994039535522,7.173772752049057e-15,8.95575311687935e-08,1
4,3.737699483252754e-09,1.6360848231755652e-09,5.4495618284504025e-18,6.27529061603127e-07,0.9999991655349731,1.4610470248398242e-15,2.975835968754837e-07,1
4,1.1102554431374756e-09,4.835866949937096e-12,1.4019570132022437e-19,1.801565674419692e-09,0.9999995231628418,1.1146698417191232e-15,4.754195117584459e-07,1
4,5.4166837681890456e-11,5.298926987300223e-13,2.706447318671493e-21,1.6925618892549288e-11,1.0,2.5298033596262444e-17,4.960435973089261e-08,1
4,4.2769388031160815e-10,3.437739459419276e-13,9.481555186449664e-20,5.935421858865864e-12,0.9999994039535522,2.346219854005736e-15,6.551791216224956e-07,1
4,2.574430002511008e-09,1.1250064768653088e-10,2.0204538279930396e-17,4.8913716826914915e-11,0.9999806880950928,1.4498612136175024e-14,1.926725417433772e-05,1
4,5.115515649967151e-11,5.6301054096596914e-11,1.7328543321357728e-19,6.641871514584397e-12,0.9999977350234984,1.1136684634870114e-16,2.308176135557005e-06,1
4,9.347917995228272e-10,4.107020501464831e-09,1.5300580813053027e-16,9.767223696499627e-10,0.9999979734420776,8.425522276666198e-15,1.981397190320422e-06,1
4,3.322710995234956e-09,6.24566069973298e-08,2.7990032217846536e-15,6.879729674835744e-09,0.9999970197677612,3.4496443380863454e-14,2.8640677101066103e-06,1
4,3.383189062233782e-09,2.555219680289156e-07,2.6526236041697282e-14,1.805062654902656e-09,0.9999912977218628,3.439115040925617e-13,8.486179467581678e-06,1
4,1.201965971198149e-09,6.315474365692353e-07,1.698533887426249e-15,9.351341034857796e-09,0.9999992847442628,2.964187733158277e-14,1.367686195408169e-07,1
4,6.909659650000677e-11,1.5963244948125069e-07,6.075606526744016e-17,2.416359556889347e-09,0.9999997615814208,3.624387065698318e-15,1.1910284314353706e-07,1
4,1.522369341699914e-09,2.515229766686389e-07,1.0413777960349268e-14,9.941893530651669e-09,0.9999939203262328,6.586250642093283e-12,5.850692559761228e-06,1
4,4.3154421702773504e-10,2.4084803040835823e-09,3.1809599709152123e-16,6.7511694012978304e-09,0.999979853630066,6.914280953340679e-11,2.013122866628692e-05,1
4,2.6741106551320115e-10,6.859878709519762e-08,1.735798678424228e-16,8.717727095763904e-10,0.9995922446250916,9.771914180611851e-12,0.0004077055782545,1
4,2.9766796666441664e-11,6.5705130225524044e-09,1.8441993824821283e-18,1.1290474805081273e-10,0.999986171722412,1.365960431787619e-13,1.385957239108393e-05,1
4,2.0354398722055575e-10,4.57873369441586e-07,1.0431850652358581e-16,2.8017625997023284e-09,0.9999169111251832,2.9655579207588097e-12,8.258236630354077e-05,1
4,4.4531958676152783e-10,3.845030107640923e-07,4.2578154560722662e-16,1.2257693526862568e-08,0.9999842643737792,1.4369238438005638e-11,1.531953785161022e-05,1
4,2.41671765932594e-10,5.217458237893879e-06,5.506251493678868e-16,3.2677398564828763e-08,0.9999939203262328,4.7585338447397865e-12,8.326544502779143e-07,1
4,6.582154266077112e-11,1.0740857305790996e-06,2.1452542727780588e-16,9.124491384682187e-09,0.9999986886978148,3.461675607621673e-12,2.2234259233755443e-07,1
4,2.9260285167032045e-11,3.553234080300172e-07,9.369354360890956e-17,1.155804896235679e-09,0.9999994039535522,5.448132721873333e-13,2.079111993680272e-07,1
4,4.964400418527859e-12,1.3975645085650967e-09,2.650442192575061e-17,4.656214580567308e-10,0.9999998807907104,1.4602926073220557e-12,9.85499823968894e-08,1
4,3.727800620273447e-12,2.2717017156281827e-09,1.583219060215065e-17,9.016750679435859e-10,1.0,4.7356372295803695e-12,8.767621295646677e-09,1
4,8.033370843540943e-12,1.9907051562739753e-09,1.116848675157257e-16,8.934028516982551e-10,0.9999997615814208,1.6080392226114348e-11,2.530621543428424e-07,1
4,5.6802357956131636e-12,6.970217736324003e-10,1.6951540671480262e-16,4.5347420263297517e-10,0.9999992847442628,5.608132708223579e-11,6.620314820793283e-07,1
4,4.376608016970485e-12,2.9864014039482356e-10,7.338233542590679e-17,4.120467023138729e-10,0.9999998807907104,5.077034279099557e-11,1.178127462253542e-07,1
4,1.221896750447371e-10,1.3916557684012789e-08,6.713498013126386e-15,9.50463352467068e-09,0.9999986886978148,5.345216491647874e-10,1.366391529700195e-06,1
4,4.9647619349002525e-11,2.5897282540654487e-08,9.726442275629688e-16,4.581205637066432e-09,0.9999997615814208,2.5606660888910504e-11,2.2834717583464226e-07,1
4,3.9352406749904034e-11,1.211830191749641e-09,7.52829278052907e-16,4.774505679705498e-09,0.9999996423721312,2.4979917440104416e-11,3.4092127521034854e-07,1
4,6.015905135159372e-11,3.768461542819068e-09,1.6295067373347724e-15,9.249702337399412e-09,0.9999998807907104,2.395007456246212e-11,9.728171335154913e-08,1
4,2.323966019623924e-11,4.827787591921152e-08,3.074908798941013e-16,7.75703279387585e-10,1.0,1.1206393452090067e-11,3.2391032078749056e-08,1
4,8.688588737371106e-11,8.219004854481683e-08,1.2470747497812448e-15,3.266649617472694e-09,0.9999945163726808,4.6793440650061407e-11,5.381361916079186e-06,1
4,1.013077816081065e-10,5.4371017910170856e-08,1.7873496329897168e-15,1.8371684173956735e-09,0.9999995231628418,1.198735138929763e-10,5.27571614838962e-07,1
4,1.64734093033303e-08,1.1133283805975225e-06,3.702342946110271e-11,5.63251489893446e-07,0.9995576739311218,3.902092871044261e-08,0.000440629053628,1
6,2.910601324401796e-07,2.4204230157920392e-06,4.379993185921194e-07,8.179136784747243e-05,0.1043929085135459,6.776882946724072e-05,0.8954543471336365,1
6,3.9692130826551885e-07,1.2298917226871708e-06,1.319659048704125e-07,6.048141585779376e-06,0.0204528626054525,8.415470801992342e-05,0.9794552326202391,1
6,4.1057923283460696e-08,1.5841399090277264e-06,7.608575174344878e-07,1.814948336686939e-05,0.0092672249302268,0.0001774511329131,0.9905348420143129,1
6,4.186550484064355e-08,8.51400301371541e-08,1.2330811216543225e-07,3.942750936403172e-06,0.0004757129354402,7.658030517632142e-05,0.9994434714317322,1
6,1.3821532363067492e-08,2.9929785316795687e-09,1.2202037158459687e-09,1.609979562999797e-07,8.853570761857554e-05,2.7517248781805392e-06,0.9999085664749146,2
6,4.5382639868307714e-09,1.7592037826474891e-09,5.765982136196611e-10,1.4181812169056231e-08,1.0642194865795318e-05,2.0373081497382373e-06,0.9999873638153076,2
6,2.8036401644726542e-08,3.8965897175557984e-09,1.4381041246736004e-08,9.575545618645265e-07,2.9961103791720237e-05,5.033903653384186e-05,0.9999186992645264,2
6,7.195355977707152e-10,1.7423317996700938e-11,1.54227325355194e-10,1.9943298568136925e-08,2.203229541919427e-06,9.65087792792474e-07,0.9999969005584716,2
6,1.653138625989925e-09,4.249886900731248e-11,9.173747872459613e-10,1.936212896680445e-07,6.864857482469233e-07,5.619698981718102e-07,0.9999985694885254,2
6,4.758563321161091e-08,9.196413075507335e-10,7.186850670137801e-09,9.707270010039792e-07,1.2991355106350966e-05,8.956118108471856e-06,0.9999771118164062,2
6,2.5890228627645232e-08,9.600739758752752e-09,2.536036491918025e-09,1.2873277910330216e-07,1.518721728643868e-05,3.5815917271975195e-06,0.9999810457229614,2
6,1.4672392190107077e-08,2.7063256524684224e-08,7.945899049843774e-09,3.9679341057308193e-07,1.5115640508156505e-06,3.771980800593155e-06,0.9999942779541016,2
6,1.1934271348934544e-08,5.3235700292475485e-09,6.643714911547249e-09,1.4444277951497497e-07,1.1558514643184026e-06,3.4175066048192093e-06,0.999995231628418,2
6,3.1661184785036767e-09,5.856833684703133e-09,1.5434077349496531e-09,1.5273226239287396e-08,1.8574367288692886e-07,5.043920623393205e-07,0.9999992847442628,2
6,1.3692456946046151e-08,2.2030245361293055e-07,3.108751034375245e-09,2.2707016711365213e-08,1.3013565194341936e-06,5.844360657647485e-07,0.999997854232788,2
6,1.0086362856043252e-09,1.0638468950219249e-07,7.278970204360745e-10,1.702480378895643e-09,1.5748659620840044e-07,8.034857046368415e-08,0.9999996423721312,2
6,1.803775440123445e-08,6.723602155034314e-07,8.696208197989108e-09,6.655674411604195e-08,1.998790594370803e-06,6.552828040184977e-07,0.999996542930603,2
6,3.697122963330912e-08,4.232144419802353e-06,1.5031730526970932e-08,8.110205129696625e-08,1.0382553227827884e-05,1.4757941926291096e-06,0.9999837875366212,2
6,1.9960481267844446e-07,2.2163565517985265e-05,2.871270794457814e-07,5.942867460362322e-07,5.105382297188044e-05,5.571332167164655e-06,0.999920129776001,2
6,1.6199514618620018e-08,1.3237133316579277e-05,1.5320519963779592e-08,1.6962808047082945e-07,6.027121344232e-06,2.920742758760753e-07,0.9999802112579346,2
6,1.1910675112858373e-08,3.813428702414967e-05,2.013254096766559e-08,1.701034761936171e-07,1.4430396731768267e-05,9.22967274163966e-07,0.999946355819702,2
6,2.2149055922682237e-09,6.0797465266659856e-05,4.7264812508274197e-08,3.312023295620748e-07,4.165286100032972e-06,2.7133414732816163e-06,0.9999319314956664,2
6,1.6192777119172772e-09,1.1277848898316734e-05,8.96359519941825e-09,1.1811455635779566e-07,1.348464820694062e-06,1.0207453442490078e-06,0.9999862909317015,2
6,2.009759692001012e-09,8.085985427896958e-06,9.179705884321264e-09,1.6506579925135156e-07,6.423538820854446e-07,1.8633731997397265e-06,0.9999892711639404,2
6,6.843864364114437e-10,4.382221050036605e-06,4.478561077547738e-09,3.3152559808513615e-07,5.238400717644254e-07,1.89124455118872e-06,0.9999929666519164,2
6,2.1332541635943336e-11,1.139493178925477e-06,7.656328904204202e-10,3.927344849330439e-08,1.1489193951774725e-07,5.640264930661942e-07,0.9999980926513672,2
6,5.4042215147376276e-11,5.2244968173909e-07,1.588373876870719e-10,3.283274807586167e-08,2.986934930504504e-07,3.186725052728434e-07,0.9999988079071044,2
6,4.864560421147246e-10,1.767464937074692e-06,1.5830621258317022e-09,4.110135307655583e-07,5.096448489894101e-07,1.3756580301560462e-06,0.9999959468841552,2
6,1.1692069534774419e-09,1.8117227682523664e-06,2.099334484029214e-09,6.110242338763783e-07,3.7925721585452266e-07,8.688672323842184e-07,0.999996304512024,2
6,2.102221452471298e-10,1.1440725984357414e-06,6.3247220793982706e-09,1.888110773506924e-06,1.131444378188462e-07,9.991452998292516e-07,0.9999958276748656,2
6,5.281613341123759e-11,1.9899906078535426e-07,1.4588399932513596e-10,4.6456932523142324e-07,4.485567473011543e-08,9.0194703261659e-08,0.9999992847442628,2
6,7.192690887336539e-11,1.86765475973516e-07,1.1430116575450455e-10,5.76200022806006e-07,2.951582018795307e-07,6.876349090134681e-08,0.999998927116394,2
6,2.220839311062317e-11,8.499650760995793e-08,2.263695654536324e-11,2.523763100725773e-07,4.567513371966925e-07,2.6434197053504253e-08,0.9999991655349731,2
6,1.2477405220145954e-10,2.296440584359516e-07,6.525023299452926e-10,1.0293022114638006e-06,1.031133592732658e-06,2.978769657602243e-07,0.99999737739563,2
6,5.2720109527948367e-11,1.5993117585821892e-07,1.6469450803136001e-10,4.016442005649879e-07,2.723114107539004e-07,9.399806799592625e-08,0.9999991655349731,2
6,4.7019565324601935e-11,1.7521288953048497e-07,5.350643539347999e-11,3.17781598369038e-07,1.29514489799476e-07,6.658612505816563e-08,0.9999992847442628,2
6,6.046454309460714e-11,1.721470255233726e-07,8.836672366063779e-11,3.6136444236944953e-07,2.8735820478686946e-07,1.498995203519371e-07,0.9999990463256836,2
6,5.1935400424696354e-11,1.4187223484896094e-07,1.8167767290577783e-10,6.472267273238685e-07,6.075825922380318e-07,2.437448074488202e-07,0.9999983310699464,2
6,6.648130396885721e-12,7.721047978748176e-08,3.256223415903925e-11,2.583686580237554e-07,2.152022261725506e-06,8.68960512434569e-08,0.99999737739563,2
6,1.7139127573770339e-12,1.28950423672336e-08,1.2928510258886085e-12,1.3875030013821288e-08,2.851009185178554e-06,7.167692217535659e-09,0.9999971389770508,2
6,1.1400681614037732e-11,1.2650247960266371e-08,6.533563620680916e-12,7.284655545447549e-09,1.35813625092851e-05,1.7925900763771097e-08,0.9999864101409912,2
6,4.1169914699601406e-11,9.08769592911085e-09,3.3848531616476045e-11,2.7278417746856576e-08,1.3640979886986315e-05,4.8325397017379146e-08,0.9999862909317015,2
6,5.207397447276607e-12,3.791225999805192e-09,2.405896228768745e-12,8.193711487081146e-09,2.9436366730806185e-06,6.291173804129357e-09,0.9999970197677612,2
6,2.138662077294517e-12,5.721466411756637e-09,1.4647915042367845e-12,1.3225189832155593e-08,2.473386530255084e-06,3.9906482562912515e-09,0.9999974966049194,2
6,9.953933293935237e-13,7.0829684339912555e-09,4.4231512983522464e-13,1.5047360690800815e-08,3.112366130153532e-06,1.7786238037942324e-09,0.9999969005584716,2
6,1.0502949204793666e-11,2.1144783701743112e-08,2.277982056458905e-12,6.264222207619241e-08,1.4695611753268167e-05,5.815253167895662e-09,0.9999852180480956,2
6,1.7093961662828505e-11,1.3649456676034788e-08,4.08756795772236e-13,1.2278808014798417e-07,2.12642098631477e-05,8.636278914231355e-10,0.9999786615371704,2
6,4.118527133917249e-12,1.2354557377136643e-08,3.131028151592136e-13,9.378871368426189e-08,2.591987367850379e-06,1.1524168286314307e-09,0.9999972581863404,2
6,1.9724374911156417e-11,3.0135904438566286e-08,2.0910395810702642e-12,6.289442353590857e-07,2.8699994345515734e-06,3.384193814071068e-09,0.9999964237213136,2
6,1.5195029956505124e-10,1.059432861438836e-07,7.750828624752959e-12,4.6583036237279885e-06,1.0496407412574628e-05,8.450092181533364e-09,0.9999847412109376,2
6,1.182623998730037e-10,6.593147361400042e-08,1.821606017068933e-12,4.194086159259314e-06,1.3961367585579865e-05,3.8235414834275624e-09,0.9999817609786988,2
6,9.480949358930955e-10,1.1363433571887073e-07,3.867140635493982e-11,1.8399803593638356e-05,1.0960076906485485e-05,3.495555134236383e-08,0.9999704360961914,2
6,2.694202416719804e-09,1.046763458134592e-07,1.5253551199911894e-10,7.772879143885802e-06,4.644041382562136e-06,7.226432785500948e-08,0.9999873638153076,2
6,1.7810592112255108e-08,4.273514946362411e-07,3.776351675810474e-09,2.3396216420223936e-05,2.2177439404913457e-06,1.5687260201957542e-06,0.9999723434448242,2
6,2.446380209519816e-09,1.1739597027826677e-07,1.0892229340697668e-09,2.4062867396423826e-06,1.9149723584632738e-07,1.8453556549502537e-07,0.9999970197677612,2
6,3.5407874410253726e-09,2.2854570147501366e-07,4.4505699126062837e-10,2.313510094609228e-06,2.248374784130647e-07,5.2764857372267215e-08,0.9999971389770508,2
6,9.011361101762815e-10,2.587377707641281e-07,6.885780279297649e-10,5.259888666842016e-07,4.752183357936701e-08,5.807678249425408e-08,0.9999991655349731,2
6,7.480961405903486e-10,1.2231397761297558e-07,1.4018297633811014e-09,5.250631716080534e-07,2.291794487518928e-08,1.2783199565546965e-07,0.9999991655349731,2
6,3.267755510627524e-10,1.127862248040401e-07,1.648712277813047e-10,1.0475912404217524e-07,2.918893216019569e-08,1.410056427175732e-07,0.9999996423721312,2
6,3.2083530710630415e-12,8.778397564412899e-09,2.2675596209748017e-12,3.640840517959986e-09,5.4052748943433934e-09,7.393308187886305e-09,1.0,2
6,4.121839154713758e-12,9.38719679766109e-09,6.87482432093489e-11,3.004394288907974e-09,2.527122289208705e-09,2.6200755343097626e-08,1.0,2
6,5.715625021884829e-12,1.492258938640134e-08,2.959459760587535e-11,2.7373430189214787e-09,3.1091740737565494e-08,5.765026500625937e-08,0.9999998807907104,2
6,5.294736871164218e-12,2.5794301805603936e-08,4.854844304347239e-11,4.28810942310065e-09,5.74889575943871e-08,3.798751890826679e-08,0.9999998807907104,2
6,2.277885866042162e-11,4.671706577141777e-08,1.0410086681567066e-10,6.178081157770521e-09,1.1524725351819145e-07,7.607656726804636e-08,0.9999997615814208,2
6,5.393555393973237e-12,7.415722080850173e-08,7.206813618099162e-11,1.7869332680220396e-08,6.905308680416057e-08,1.1889061113379285e-07,0.9999996423721312,2
6,8.471213314154014e-11,8.986770438923487e-08,1.820909256711189e-10,9.183721516592415e-08,1.3417285060768336e-07,8.767887038629851e-07,0.9999988079071044,2
6,6.713779532319109e-10,5.040880068918341e-07,9.31980936869081e-10,4.3501708546500605e-07,3.740662464224442e-07,6.246092993933416e-07,0.9999980926513672,2
6,1.2664920223670604e-09,1.5971095308486838e-06,3.235920642552514e-09,1.10795997443347e-06,4.179042889518314e-07,8.180102213373175e-07,0.9999959468841552,2
6,8.284601338282015e-10,7.161958706092264e-07,8.608812329669036e-09,9.789674777493929e-07,2.3340810173522186e-07,1.0156815051232115e-06,0.9999970197677612,2
6,8.030128562097616e-09,1.1620904842857271e-06,2.1639207758994417e-08,3.625112640293082e-06,7.927951060082705e-07,3.107362772425404e-06,0.9999912977218628,2
6,2.643798513446427e-09,7.792091309966054e-07,1.5592929614172135e-08,9.3157348146633e-07,2.783176853426994e-07,2.0433717509149574e-06,0.9999960660934448,2
6,4.3196474175388733e-10,4.0649732113706715e-07,3.503621170963811e-09,2.242880015046467e-07,2.808015437949507e-07,8.156440003403986e-07,0.9999983310699464,2
6,6.606808850007084e-11,1.675081620078345e-07,1.232738910950104e-09,7.921985911707452e-08,1.6987300455184598e-07,4.114972682600637e-07,0.9999991655349731,2
6,9.050422737633124e-12,4.548920884417385e-08,4.2134743610811036e-11,3.903212864031502e-09,2.2311151326448453e-07,4.2168576186440994e-08,0.9999996423721312,2
6,4.0384917632252375e-11,6.251143247482105e-08,1.0908234038264908e-10,5.570036876179074e-09,7.762098448438337e-07,6.113036477017887e-08,0.9999990463256836,2
6,3.363543818468706e-11,2.245578301085516e-08,2.6298284730441598e-11,3.6893461619058603e-09,5.12355711634882e-07,2.0156896596290608e-08,0.9999995231628418,2
6,2.082349223608837e-11,1.845030972447148e-08,5.460025487291631e-11,3.8766563292824685e-09,9.436932941753184e-07,8.228531100940017e-08,0.999998927116394,2
6,1.9530863037964247e-10,3.720568031440053e-08,3.2245509040684794e-10,2.2139497346529424e-08,2.5099049594246026e-07,1.888462577426253e-07,0.9999995231628418,2
6,7.010786950978343e-10,9.678707613147709e-08,2.6807158715058677e-09,1.1385873222025113e-07,2.558420533205208e-07,8.488228218084259e-07,0.9999986886978148,2
6,3.1731062222206674e-10,7.953419611794743e-08,9.891499841430118e-10,5.384273649156057e-08,1.005206939908021e-07,2.663052214302297e-07,0.9999995231628418,2
6,1.3165925016878075e-09,4.646508955374884e-07,7.296257376054882e-09,4.205143966373726e-07,2.84962226260177e-07,2.2824508505436825e-06,0.999996542930603,2
6,7.964132686666402e-10,3.071503158480482e-07,3.695256989288964e-09,1.7101015714615644e-07,2.804139569434483e-07,1.066753497980244e-06,0.9999982118606568,2
6,3.84869393299514e-11,4.143639742437699e-08,2.1107907088868672e-10,2.91489197223882e-08,3.778957591293874e-07,2.3531939064014298e-07,0.9999992847442628,2
6,8.282761629341273e-12,2.5263020120291912e-08,1.90335976146816e-11,6.469643043516271e-09,8.179737278624089e-07,9.520426402787052e-08,0.9999990463256836,2
6,9.816971888176871e-12,2.6382592110962836e-08,1.1844533166771589e-11,7.189237205551535e-09,1.7032209598255577e-06,1.1394416077337156e-07,0.9999982118606568,2
6,1.2248448783003239e-11,3.1344622897222514e-08,1.7992158110602396e-11,1.3950461230649582e-08,3.505179620333365e-06,2.965851422231936e-07,0.9999961853027344,2
6,3.500333920283816e-12,1.5270581243953533e-08,2.878851454099496e-12,3.6934020286594205e-09,4.029071533295792e-06,1.0147038409513699e-07,0.9999958276748656,2
6,3.6550732059048566e-12,8.02798272303562e-09,1.1800386189031452e-11,4.033998468599975e-09,1.227332290909544e-06,1.5459833946351864e-07,0.9999986886978148,2
6,3.612813824147021e-12,2.1630659929883226e-08,6.657046441871373e-12,2.1437445152372447e-09,3.076830125792185e-06,7.889998698829005e-08,0.999996781349182,2
6,1.0153351683722669e-12,1.4245408408442016e-08,2.263058447235511e-12,9.76192238155704e-10,3.2184284464165103e-06,7.985742911387207e-08,0.9999966621398926,2
6,1.4125637508646818e-12,1.0168612618599582e-08,2.438741483062889e-12,1.8302253046442731e-09,2.6154075385420583e-06,7.36108347609843e-08,0.9999972581863404,2
6,7.112231810435521e-13,7.2472818857249885e-09,1.3938520476708405e-12,6.972724064802094e-10,1.6361093457817333e-06,4.085741167614288e-08,0.9999983310699464,2
6,9.144444370560306e-14,1.2365233836852951e-10,5.2339039948844784e-14,1.578370212307334e-10,6.642709848847518e-08,3.638708667708101e-09,0.9999998807907104,2
6,1.842031979422745e-13,2.1992971332984723e-10,2.895320430889442e-13,1.4482038901419971e-09,1.2383377168134757e-07,1.2065915200309973e-07,0.9999997615814208,2
6,2.609017602656083e-13,7.196993001556962e-11,1.7056526276006817e-13,2.3375310576057014e-09,8.428123265957765e-08,8.724168765184005e-08,0.9999997615814208,2
6,5.188512922256472e-13,4.1183140231382254e-10,2.433807007925365e-13,4.602874970061066e-09,1.475245738902231e-07,2.086942885171084e-08,0.9999998807907104,2
6,9.050919193807905e-13,1.821168077453805e-10,1.3268848368143404e-13,9.293415814681794e-09,2.3556198414098617e-07,5.075682985022922e-09,0.9999997615814208,2
6,4.928678125348807e-12,4.082105764524613e-09,3.136062590169964e-12,1.6029639837711332e-08,5.532382942874392e-07,6.399310414906267e-09,0.9999994039535522,2
6,8.637804881084232e-12,1.635845681136061e-09,2.234397779646291e-12,9.681390800153622e-09,1.7263943163925433e-07,8.703335274695688e-10,0.9999998807907104,2
6,6.861144985492729e-11,7.757580355871596e-09,7.921870798233144e-11,2.3352768607765032e-08,4.360369700862066e-07,8.802284234832314e-09,0.9999995231628418,2
6,1.8933300760526348e-10,3.3705966018260376e-08,6.65510924147128e-10,1.978582808703777e-08,1.4268795212046823e-06,2.4305993662210312e-08,0.9999984502792358,2
6,2.553405042959866e-09,3.2244503245237865e-07,2.188614800502364e-08,6.709581867880844e-08,3.5288010735712305e-07,1.172665378135207e-07,0.9999991655349731,2
6,4.667915498579589e-10,1.8331768103507787e-07,5.5661852904620446e-09,1.6110131895175073e-08,7.859695472234307e-08,1.5326401481274843e-08,0.9999996423721312,2
6,2.727997161500184e-09,9.975540393725169e-08,1.3068691684381404e-09,3.683119587094552e-08,1.5459761470992817e-07,2.292000145232009e-09,0.9999997615814208,2
6,6.967643351174502e-09,9.259075284262509e-08,2.441314483903056e-09,7.024947734635134e-08,4.6781093487879843e-07,5.037604111635119e-09,0.9999994039535522,2
6,3.817015592488815e-09,2.1058877308632876e-08,5.944300607296782e-10,4.6403577869114094e-08,1.0079931200834837e-07,6.561757248668697e-10,0.9999997615814208,2
6,7.920323952248509e-09,2.977104962553767e-08,3.262057290953635e-10,3.67595532679843e-07,1.8591182424643195e-06,7.62884866389868e-10,0.9999977350234984,2
6,9.105699527722775e-10,7.3406121181562875e-09,2.2614018990729787e-10,3.1435675396096485e-08,4.477215043152683e-07,9.87935733220979e-10,0.9999995231628418,2
6,3.4476077548362127e-10,1.9614385671218315e-09,4.126157401862507e-11,2.073637794808292e-08,4.2253850551787764e-07,3.4533073622888816e-10,0.9999995231628418,2
6,2.3347514893634624e-11,2.592620007568769e-10,1.9191776640115063e-11,6.053500367642073e-09,7.91218155882234e-07,3.57640667081327e-10,0.9999991655349731,2
6,9.299127440298705e-12,1.4543674597966572e-10,9.704626425383056e-13,1.0631316937903532e-09,4.139561497140676e-06,7.585287259415097e-11,0.9999958276748656,2
6,4.926941146732311e-11,3.694272387999576e-10,1.3604829936231244e-11,1.949807648671253e-09,2.360692451475188e-05,2.070470905835009e-09,0.999976396560669,2
6,8.608044138602722e-11,5.240799461070367e-10,1.1779538282297164e-11,2.3328023956992183e-09,5.6890228734118864e-05,1.7104134775181021e-09,0.9999431371688844,2
6,6.745098923843784e-11,4.389917040992231e-10,6.759329901351308e-11,3.12755932263542e-09,1.651204365771264e-05,4.782658713509136e-09,0.9999834299087524,2
6,3.069815929235276e-11,1.6666067137460772e-10,5.585412340969319e-12,2.2161181223445678e-10,2.372012022533454e-05,1.4912271417699683e-09,0.9999762773513794,2
6,6.3724698261269355e-12,1.269807314852045e-10,2.352170107994267e-12,2.586491576472838e-10,6.112894425314153e-06,8.071052159941415e-10,0.9999939203262328,2
6,1.691420441207736e-12,4.758561253370708e-11,1.0416087480383251e-12,2.13904713386448e-10,8.394351880269824e-07,4.568381783975895e-10,0.9999991655349731,2
6,1.6366099014203386e-12,5.4723302278514296e-11,4.821073011293531e-13,5.280991755007847e-10,7.698786816945358e-07,2.883194516467569e-10,0.9999992847442628,2
6,1.1953910951378877e-11,3.968449180380418e-10,3.8701112627104176e-12,5.343926190448656e-09,6.905869213369442e-06,1.924435277800285e-09,0.999993085861206,2
6,3.9272113339094965e-11,1.9474077905812237e-09,4.4879076149806345e-11,1.5517246154672648e-08,1.5334177078329958e-05,1.0318906618067558e-08,0.999984622001648,2
6,6.561707427410468e-11,3.649372359859626e-09,3.1213651108252805e-10,1.070270911895932e-07,9.0660241767182e-06,2.714500091371974e-08,0.9999908208847046,2
6,9.87803033813961e-11,9.59946877543416e-09,4.1712308607166893e-10,5.500404043345952e-08,8.220761628763285e-06,2.9315907923432863e-08,0.9999916553497314,2
6,2.9362616504879924e-11,2.5850637186408676e-09,2.030444423706257e-10,1.923602077624764e-08,1.7453836562708602e-06,8.793866079770396e-09,0.9999982118606568,2
6,3.2745566674874376e-11,2.140638555303553e-09,8.427102765606874e-11,3.982320251338933e-08,1.5375162547570651e-06,4.7880148734691375e-09,0.9999984502792358,2
6,1.82525557168578e-11,2.550080591134929e-09,1.5736674463529002e-10,1.1557631296454929e-08,9.527379916107748e-07,4.51258586053882e-09,0.9999990463256836,2
6,2.0951339621544385e-11,1.4615529897454847e-09,1.3238043994334703e-10,2.321892456080832e-09,9.231312674273796e-07,2.6224917792916362e-09,0.9999990463256836,2
6,3.858802860579047e-11,1.914428171545524e-09,1.3774879847883168e-10,1.141557959272177e-09,1.98676730178704e-06,3.533268344568796e-09,0.9999979734420776,2
6,7.494720122291909e-11,1.8500716514324718e-09,6.401535412869919e-10,5.742065711800136e-10,1.5005597333583864e-06,7.032914250970634e-09,0.9999984502792358,2
6,2.3237614957261063e-11,7.605270302413202e-10,1.6376030531617403e-09,2.453353076248277e-10,2.882763112665998e-07,9.728164940270291e-09,0.9999997615814208,2
6,1.2665772293821154e-12,4.2689463075618045e-10,7.970317184025076e-10,6.097978788588421e-10,4.3005620398162137e-08,2.6857656099110727e-09,1.0,2
6,1.5218971916031165e-12,1.7182989753283806e-10,2.821692879351189e-10,3.9939834772795274e-10,2.7469051033790493e-08,2.745081273403116e-09,1.0,2
6,1.0367273310446165e-13,6.866755497547672e-10,1.7741331737042287e-09,1.5384704621368428e-10,6.502891558568535e-09,6.354700321509199e-09,1.0,2
6,2.794411024190785e-13,4.884438964403158e-10,8.0698386861755e-10,4.9224735398922797e-11,4.5296502548808355e-08,4.950499565836708e-09,1.0,2
6,2.82048337593363e-13,4.1376285730976287e-10,5.081232656856115e-10,1.5279069676132906e-11,2.6096817151710642e-08,6.243757955104456e-09,1.0,2
6,6.56046939863375e-14,3.5344868698494736e-10,5.033243821728206e-10,1.9162676653805555e-11,1.1503539454338352e-08,5.963634031047604e-09,1.0,2
6,1.778093189179486e-13,1.5826993882139814e-10,5.028542027218919e-10,1.049421868848377e-10,1.3256842734676866e-08,2.553836031538026e-09,1.0,2
6,5.378144761133963e-13,3.9720740585558184e-10,2.967540435605542e-09,3.382087387926447e-10,2.8413650099423652e-08,1.920767722651817e-08,1.0,2
6,8.379227352120835e-14,2.182000358175173e-09,5.3712669867422855e-09,3.5600886127973297e-10,5.514757006608306e-08,8.275157625803332e-08,0.9999998807907104,2
6,1.3974392823468128e-11,8.285474528690884e-09,3.202443821237466e-08,3.5513518792384957e-09,1.64133084012974e-07,8.935883784033649e-07,0.999998927116394,2
6,7.712536338744247e-12,1.1805179944701651e-08,7.17075749889773e-08,1.2993650599923969e-08,5.485242482450303e-08,8.909810276236385e-07,0.999998927116394,2
6,1.0734615973895244e-10,1.0120936977386918e-08,1.4776829537765934e-08,6.932200591336368e-08,1.760562753361228e-07,3.890031052833365e-07,0.9999994039535522,2
6,1.648283614631707e-12,8.529384420974394e-10,1.4464291986371334e-09,2.2987659775708383e-08,6.425672438581387e-09,1.831614149239158e-08,1.0,2
6,4.2804767976661894e-13,1.2040549668412835e-09,1.1312860648260423e-09,4.778734741250901e-09,8.57334558901357e-09,3.1518421650389434e-08,1.0,2
6,3.700296972585122e-14,6.83557654923561e-10,1.225278434269228e-09,5.159264571119593e-09,1.9421928509899544e-09,2.597644055413184e-08,1.0,2
6,3.3374155218937607e-14,2.110897456830685e-09,1.082063949553458e-08,2.0518491350429713e-09,3.141169324649695e-09,1.859310856389129e-07,0.9999997615814208,2
6,1.022364904865701e-13,8.903035531027114e-10,2.4958231037430782e-09,1.3686290989411987e-09,2.409682009485436e-09,7.32474418896345e-08,0.9999998807907104,2
6,3.2888344554237586e-14,2.8388340567175874e-09,9.484756313682394e-10,7.533877410814681e-10,2.5572528539186123e-09,2.9819762659144544e-08,1.0,2
6,5.715864413724514e-12,6.12586559256556e-09,2.3396682369281044e-09,1.946535377328473e-09,2.5565757511003543e-08,9.976340464845634e-08,0.9999998807907104,2
6,1.5971385455490485e-12,9.45839850885477e-10,4.3442358044210034e-10,6.601477697820711e-10,4.244907092498806e-09,1.3702780243818324e-08,1.0,2
6,9.112185832271802e-13,3.0641407189335723e-09,8.029354070515637e-09,1.879921995850964e-09,1.1444754477452081e-08,2.0314442394919754e-07,0.9999997615814208,2
6,8.34275614629114e-14,3.559620098680938e-10,3.7574354738723054e-10,1.0475758455141816e-10,2.3290311901291716e-09,7.86487177606432e-08,0.9999998807907104,2
6,1.792910573695031e-13,7.122870071540888e-10,5.05527564254038e-10,1.41129233299786e-10,5.947673020756383e-09,9.601932760006093e-08,0.9999998807907104,2
6,1.5478689564894096e-13,1.8880468299897757e-09,4.1380405768620684e-09,3.7587472023759005e-10,5.7183378032732435e-09,1.0174541387186765e-07,0.9999998807907104,2
6,2.044627835096069e-11,2.3958097727927444e-09,1.0106047110269856e-09,2.007301547202189e-10,5.9171146205017067e-08,2.832615031422847e-08,1.0,2
6,3.3049988527183997e-12,5.121885693348814e-10,5.767616384488861e-10,2.9777560972554795e-10,1.5907209771626185e-08,1.0926122229193425e-08,1.0,2
6,5.609353259661276e-12,1.035056040876725e-09,2.022868539341971e-09,1.8372781074305067e-09,3.3914254515821085e-08,5.5794874498360514e-08,1.0,2
6,2.7012918811519797e-12,4.783565210608741e-10,1.9438814446992578e-10,8.359911651822927e-10,6.495927351579668e-08,3.2829902352204954e-08,0.9999998807907104,2
6,1.2306991363508768e-11,2.8484536951367545e-10,1.3508602569878292e-10,1.7640739979896123e-09,1.1629545326741209e-07,7.670147539329265e-08,0.9999997615814208,2
6,1.167591414177882e-12,1.1912823505433323e-10,1.7995804846293595e-10,8.112601701526501e-10,4.3317047726532116e-08,1.0518560600303317e-07,0.9999998807907104,2
6,2.5415910695492094e-12,2.8739502444530274e-10,9.345578477759632e-11,1.7783907679813638e-10,3.900893830177665e-08,1.269531111347533e-07,0.9999998807907104,2
6,6.634716105506644e-13,1.5814438647510087e-10,6.550000819505186e-11,6.326092427677564e-11,1.2970505736120685e-07,5.701775762645411e-08,0.9999998807907104,2
6,3.846358561515606e-12,5.714373974008423e-10,7.424638681641227e-11,1.0028191471667114e-10,7.087870699251653e-07,4.664812536248064e-08,0.9999992847442628,2
6,1.852641521096765e-12,6.060280055564249e-10,7.448185818104136e-11,4.592914937262549e-11,3.5956159649686015e-07,6.851517753148073e-08,0.9999995231628418,2
6,4.710104376838553e-13,7.676550506374723e-10,2.4605121759502246e-11,3.9675960433749324e-11,1.8453553707331596e-07,1.0760890845062931e-08,0.9999997615814208,2
6,3.0587750214639e-12,2.37923769574877e-09,1.1486975814989362e-09,3.0952532203976086e-10,3.386061280252761e-07,4.5398977022159677e-08,0.9999996423721312,2
6,2.754485441819332e-12,1.2697282114615403e-09,1.8569742965546252e-10,3.032664744329061e-11,2.2700120894114661e-07,4.302497558228424e-08,0.9999997615814208,2
6,3.441705254125793e-12,5.567468153166999e-10,3.255287706060983e-11,8.638562955243234e-12,1.4429406292038038e-07,3.8476213326532616e-09,0.9999998807907104,2
6,3.76273109892189e-11,2.3301536256070676e-09,6.177222622305578e-11,6.025249049690373e-11,7.78292871927988e-07,7.903117271723659e-09,0.9999991655349731,2
6,1.3599960567434176e-11,6.905368499232623e-10,4.52770099190758e-10,6.486160913921069e-11,9.225198027706939e-08,1.5903658834304224e-08,0.9999998807907104,2
6,3.3538063819171797e-12,6.146204101220576e-10,2.3426099948764545e-10,2.4790587985212828e-11,4.8445016886944365e-08,5.126032043278883e-09,1.0,2
6,4.095867308512302e-12,7.253347922286935e-10,2.297032425380152e-10,2.7956347306568038e-11,4.4828507128613644e-08,5.863376451031854e-09,1.0,2
6,2.7154979653776223e-12,5.021085769385536e-10,6.824056597576345e-11,1.8796193768100267e-11,3.143029658758678e-08,4.449430601738413e-09,1.0,2
6,1.964551568298112e-12,2.0070030359864435e-10,3.147325802754786e-11,1.7493033063753494e-11,3.202423215498129e-08,3.277745852514613e-09,1.0,2
6,1.2761119201273874e-12,1.1150899648093572e-10,5.2861400152981456e-12,4.467213057801622e-12,2.0774274744894683e-08,8.721666167055274e-10,1.0,2
6,2.1589209640935497e-13,8.620474126197486e-12,1.6945120437025785e-12,4.124560068485828e-12,5.148588666514797e-09,1.3384218733314412e-10,1.0,2
6,2.533095227444295e-14,4.962820085441244e-12,9.636995194906016e-12,1.0453998777748552e-11,1.504194768742195e-09,1.949830435998834e-10,1.0,2
6,5.031291850428766e-15,1.5897236652073765e-11,6.2045364505880496e-12,7.170480875728913e-11,1.136108096488897e-09,2.630362871958169e-10,1.0,2
6,3.1482754364641284e-14,7.589743937497229e-12,1.1460941787624912e-12,8.675951623793309e-11,6.395528551195183e-10,7.677119356896965e-11,1.0,2
6,1.8863156750568294e-13,2.4846730575789344e-11,1.9499326198851863e-12,8.214511848514404e-10,1.0733501865090034e-09,6.491248510931413e-11,1.0,2
6,1.318745731105492e-13,4.076050955093002e-11,3.528446523674844e-13,2.95736241051614e-10,4.702491729347003e-10,1.8930069317635298e-11,1.0,2
6,1.4338246302064708e-12,1.9244256188599707e-10,6.912214724208443e-12,4.1929886229752356e-09,3.4630924794498692e-09,4.260996763760794e-11,1.0,2
6,1.2913218671445348e-12,2.3609830757109757e-10,5.123964447184548e-11,4.0455211403056524e-10,8.027748243932821e-09,3.868806386364554e-10,1.0,2
6,9.3739052978159e-12,8.9707929973315e-10,1.9766220604733317e-10,5.742358255567126e-10,8.130750472901127e-08,8.100618509310208e-10,0.9999998807907104,2
6,1.506239924453645e-11,4.066635472810276e-09,4.722129909318085e-10,2.1775601322104876e-09,1.0311376286153973e-07,7.247676903077148e-10,0.9999998807907104,2
6,1.2567331723889463e-11,8.867384160282654e-09,3.8552519510126615e-10,4.799460384674603e-09,8.903011661232085e-08,3.892327848920018e-10,0.9999998807907104,2
6,6.01822536250296e-10,5.8795027513269815e-08,3.7034395550250565e-09,3.756764499485144e-08,3.562928725386883e-07,2.739817706043368e-09,0.9999995231628418,2
6,7.961006076584454e-09,4.605979313510034e-07,2.3279707050960496e-08,3.111812532097247e-07,1.2255723049747758e-06,7.864596973661264e-09,0.9999979734420776,2
6,6.872536761903802e-09,4.364302697013045e-07,5.425849991524956e-09,9.734370820524418e-08,1.449025489819178e-06,2.9341085117096104e-09,0.9999979734420776,2
6,3.34114815814246e-08,1.85116596185253e-06,1.7875931845878767e-08,4.5604693355016934e-07,4.616971182258567e-06,4.790245533570214e-09,0.999993085861206,2
6,3.6282685744737356e-09,3.078591817029519e-06,8.33604474337335e-08,1.523466437447496e-07,5.357701866159914e-06,2.460936165959993e-08,0.9999912977218628,2
6,8.737877088549341e-09,2.4238390778918983e-06,1.4580924023732678e-08,1.915322798140551e-07,8.155149771482684e-06,1.1917640208025661e-08,0.9999892711639404,2
6,1.3415243138581444e-08,7.0077671807666775e-06,9.713791371268601e-08,7.092560849741858e-07,2.7490132197272032e-05,1.8413525992855287e-07,0.999964475631714,2
6,2.1205444067362574e-09,4.459553224478441e-07,5.247756895698785e-09,5.284796884552634e-07,7.577420547022484e-06,4.1972590736349964e-08,0.9999912977218628,2
6,1.2083787304106865e-08,1.881355160548992e-06,2.5270038506164383e-08,2.5751962766662477e-06,1.2303994481044356e-05,1.4453719643370277e-07,0.9999830722808838,2
6,6.121998907815396e-09,4.71923300437993e-07,2.4539824394764764e-08,2.589187261037296e-06,8.87160410911747e-07,1.0901291602749553e-07,0.9999959468841552,2
6,1.4719168106580582e-08,4.2556837342999643e-07,1.2342434629886156e-08,1.104706029764202e-06,5.38317351583828e-07,9.055759875309377e-08,0.9999977350234984,2
6,4.1713793308417735e-08,8.497720500599826e-07,1.4531348568880276e-08,6.542950359289534e-07,7.558836045973294e-07,9.244077148196085e-08,0.999997615814209,2
6,8.555052666281426e-09,4.378557605377864e-07,1.3943388665893508e-08,7.849382654967485e-07,3.044637537641393e-07,6.667985275043975e-08,0.9999983310699464,2
6,7.357777498384621e-09,3.762173435006844e-07,1.1220961049218658e-08,7.650929774172255e-07,1.0956539853168581e-07,4.51726336336833e-08,0.9999986886978148,2
6,6.737355118247024e-09,5.419418016572308e-07,5.818629578158152e-09,4.179654240488162e-07,4.6950624721375795e-08,2.4228201667142457e-08,0.9999990463256836,2
6,8.513431737355859e-09,5.415384976004134e-07,1.0194706412391952e-08,8.384201919398038e-07,3.8112951017410523e-08,2.2431915880360972e-08,0.9999985694885254,2
6,6.587024259374631e-09,3.844244815809361e-07,1.758993173339718e-09,2.186696832495727e-07,6.993289503043344e-08,8.541657159355509e-09,0.9999992847442628,2
6,5.351508125528426e-09,2.52283768986672e-07,5.799858926458511e-10,1.6147653525422356e-07,9.178351945138274e-08,2.2628872109464733e-09,0.9999995231628418,2
6,4.188398516902225e-09,1.936154063741924e-07,1.5437076616997558e-10,1.0681694817549214e-07,1.577542860786707e-07,1.994220122369938e-09,0.9999995231628418,2
6,5.790298907015767e-09,2.8210490654601017e-07,8.572446918986286e-11,1.887719918158837e-07,2.945315031865903e-07,1.3761615180740703e-09,0.9999991655349731,2
6,3.564097461605797e-09,2.4886941218937864e-07,6.988385564676847e-11,1.0480626144726557e-07,2.5099552658502944e-07,1.6805766778205111e-09,0.9999994039535522,2
6,4.059936387079688e-09,2.8473999691414065e-07,2.834756041014685e-10,6.397641527655652e-08,3.715534262482834e-07,7.162336057575658e-09,0.9999992847442628,2
6,3.849371488229281e-09,1.6925118018207288e-07,2.7574292849052995e-10,3.6682109794128344e-08,9.435302672500256e-07,9.016657642746397e-09,0.9999988079071044,2
6,3.3161864365638394e-09,3.084438446876448e-07,3.7377786976655614e-10,1.8501566501072372e-08,1.6942150296017644e-06,1.1638893404608552e-08,0.9999979734420776,2
6,8.866898881798591e-10,4.4284153233320473e-08,8.468664658423107e-11,6.650587636158889e-09,8.822620429782546e-07,5.392079671651118e-09,0.9999991655349731,2
6,1.107773761610531e-09,4.503431583202656e-08,8.380012829489747e-12,9.276885926112756e-09,8.978759069577791e-07,2.482327121633432e-10,0.9999990463256836,2
6,2.6163444744042863e-09,5.81258312593036e-08,3.4994566272539274e-11,1.4045004270712981e-08,1.5381643834189165e-06,6.055143053629307e-10,0.9999983310699464,2
6,3.457148178842573e-10,8.256638039938481e-09,1.504656642337121e-11,5.859458696022557e-09,8.237055908466573e-07,1.7213482028655136e-10,0.9999991655349731,2
6,1.695136031543143e-09,1.797686266513665e-08,1.1172768960010515e-10,6.386623674359271e-09,1.3922491461926256e-06,1.1088364670897022e-09,0.9999985694885254,2
6,5.314855222593451e-10,2.7166722205151927e-09,2.1035359218379842e-11,8.656843575316485e-10,3.713268483807042e-07,2.8450378164457385e-10,0.9999996423721312,2
6,3.5324902725175627e-11,4.2593412130642605e-10,2.584581420411736e-12,2.4058185998931947e-10,3.4316641972509394e-08,8.569021187065927e-11,1.0,2
6,6.355046489048276e-10,3.0556372987433633e-09,1.3006933204107174e-11,1.2516939706941344e-09,2.6098294370058284e-07,1.8429133219477478e-10,0.9999997615814208,2
6,4.638852413307859e-09,3.840270679233981e-08,1.62729663077954e-10,9.325469285670351e-09,1.8417563296679875e-06,1.392328807803267e-09,0.9999982118606568,2
6,9.253473542969459e-10,1.2024625739570638e-08,3.945733670351892e-11,6.464135005046501e-09,1.5627283289632032e-07,1.6318124629322028e-10,0.9999998807907104,2
6,4.489348004454996e-09,1.685412485130655e-07,1.088588767739207e-11,9.418377189263085e-09,5.97148357428523e-07,1.0475791761832554e-10,0.9999992847442628,2
6,5.413432813128338e-09,8.607130297377807e-08,1.2490600220793624e-10,6.081975101324133e-08,3.7511350114982633e-07,1.4476539966779e-09,0.9999995231628418,2
6,5.235042621620778e-09,2.7631983812170802e-08,4.436186487599692e-11,4.9041002370131543e-08,6.350122134790581e-07,4.3220910184160733e-10,0.9999992847442628,2
6,2.029901663425093e-10,4.242445950097817e-09,3.4351536372378977e-12,3.5216625171585743e-09,6.527835694214447e-08,2.0791893207139367e-10,0.9999998807907104,2
6,1.4976103690500506e-09,1.4228594302778674e-08,6.714714340105843e-10,1.3785619756845337e-08,5.051609619499686e-08,7.802681167845549e-09,1.0,2
6,7.676304925041677e-09,5.313523487870953e-08,7.81977926855859e-10,4.821188426262779e-08,1.38711442332351e-07,6.684520936772742e-09,0.9999997615814208,2
6,2.7413642911255923e-08,3.790354128341278e-07,1.1872196559181702e-08,6.970583967813582e-07,7.667434687164133e-08,2.8398931206652378e-08,0.9999988079071044,2
6,2.23847635538732e-07,7.090259259712184e-07,9.740547035619327e-09,1.2987998161406722e-06,1.6397984836657997e-07,3.4031717888183266e-08,0.999997615814209,2
6,1.0765030644677154e-08,2.454497121107124e-07,1.3825632194652826e-08,6.015804387971002e-07,9.924307597941606e-09,1.0130107419570322e-08,0.9999991655349731,2
6,2.4906052331630235e-08,1.13500121301513e-07,2.4020403444069416e-08,8.651239227219776e-07,1.0252664495169483e-08,4.1761612834534396e-08,0.999998927116394,2
6,7.486607778162124e-09,8.69453202767545e-08,1.2069521382329642e-08,1.624250103304803e-07,4.072284731648779e-09,6.094912663456853e-08,0.9999996423721312,2
6,7.051362271859317e-10,6.374331462666305e-08,3.7300657007577337e-10,1.4507731904700451e-08,1.2915503111443627e-09,4.598881719886094e-09,0.9999998807907104,2
6,5.244797374182042e-10,4.750981119627795e-08,1.0937875050132104e-09,3.390161928962243e-09,5.918586731823439e-10,1.6278846715067633e-08,0.9999998807907104,2
6,3.9471734214480136e-10,4.7085091381404716e-08,3.6072533848852117e-09,8.511267246547051e-09,3.5039806611791846e-09,2.9087789954473923e-08,0.9999998807907104,2
6,6.59581222972605e-10,1.9942719120535915e-07,6.768542171187164e-09,2.010867028445773e-08,2.1632375890590083e-08,1.8924389166841138e-08,0.9999997615814208,2
6,6.8422485455243995e-09,1.0563417163211852e-06,7.898248810533914e-08,1.7061243795524208e-07,8.097198467282851e-09,2.9927413436325885e-08,0.9999985694885254,2
6,5.600837766905897e-07,1.2864567906945013e-05,6.125439711013314e-08,3.7979947364874533e-07,9.328878718406486e-07,1.3461092684963203e-08,0.9999850988388062,2
6,3.861644472635817e-06,1.290800628339639e-05,1.1510361019873017e-07,1.510133188276086e-06,5.456464350572787e-06,3.833299544453439e-08,0.9999761581420898,2
6,3.473880667570484e-07,7.095653018041048e-06,1.243059557509696e-07,1.4030615602678154e-06,2.70605966079529e-07,2.0426396574180217e-08,0.9999908208847046,2
6,1.2384090197770092e-08,9.921030823534238e-07,2.7586052553374433e-08,1.1718901049562193e-07,1.0165762631686449e-07,1.1376815933772376e-08,0.9999988079071044,2
6,2.1077946332770378e-10,1.1604143423937785e-07,1.094213164520852e-09,1.1581142267402812e-08,1.6933126012474984e-09,1.1716490000424074e-09,0.9999998807907104,2
6,4.5747403087936784e-10,4.280900327557902e-07,1.160937346256219e-09,2.800353948728684e-09,5.2716462306534595e-09,3.193922681887784e-09,0.9999995231628418,2
6,2.0436695391534696e-10,8.412433771809448e-08,3.680024687757744e-11,1.6076844022716583e-10,4.215692328557452e-08,4.0507941445611095e-10,0.9999998807907104,2
6,5.389651225318204e-11,8.191238975996384e-08,1.9601852085937568e-10,2.6926061380549976e-10,2.182745317824697e-09,1.1645195918674742e-09,0.9999998807907104,2
6,6.358161774855374e-10,3.398224919237691e-07,1.118043879699826e-09,1.5926230334528666e-09,6.117889306267443e-09,3.7786160866915e-09,0.9999996423721312,2
6,2.090830264478427e-08,4.441065811988665e-06,2.230912121703454e-09,6.976468847064153e-10,7.73667423459301e-08,1.5007718401349732e-09,0.9999954700469972,2
6,9.5685512846444e-09,1.644393523747567e-05,3.2540722116891636e-08,4.31686775215212e-09,5.2861636845591426e-08,1.1110876663167346e-08,0.9999834299087524,2
6,1.1568747737555896e-08,2.6859725039685145e-06,2.575279367533767e-08,6.300192811892202e-09,1.0842739150973555e-08,2.2297092172607336e-08,0.9999972581863404,2
6,2.15687464333314e-07,6.904273050167831e-06,9.373119169708843e-09,2.591788783590232e-09,1.1906134744776865e-07,5.0968447240506976e-09,0.9999927282333374,2
6,5.877047737357088e-09,1.791222075553378e-06,1.43507259409148e-08,1.5192865854274371e-09,2.1616049394879155e-08,2.127442000343649e-09,0.9999982118606568,2
6,6.159109489090042e-08,1.535097112537187e-06,6.0337486118555725e-09,9.946787837833424e-10,3.385725477755841e-08,2.6646060913293464e-09,0.9999983310699464,2
6,8.540941820456284e-08,1.0736505373643013e-06,7.0911192473488435e-09,1.4924131930271756e-09,2.0063636085865252e-08,5.689707816003421e-09,0.9999988079071044,2
6,6.55821636996734e-08,1.0142836117665863e-06,1.5516568030449207e-09,3.0471353218430863e-10,1.3630142348119989e-08,3.772477441543742e-09,0.9999988079071044,2
6,4.531003572338932e-09,2.1831699825725082e-07,1.212946687534355e-10,7.909613242151892e-11,2.877456273253642e-09,4.3284287265521465e-10,0.9999997615814208,2
6,8.152284181051073e-09,1.30768725625785e-07,5.834857041975282e-10,5.150402326847825e-10,1.7078208847109975e-09,1.3411363131154983e-09,0.9999998807907104,2
6,6.822996567734664e-08,4.030687250633491e-07,7.747122388046535e-10,4.187485636020227e-10,4.1266282835294994e-08,1.4908920764611364e-09,0.9999995231628418,2
6,7.142436864171486e-09,1.518921237675386e-07,8.43443537235089e-10,7.117600953066017e-10,1.853356401682049e-08,3.4055738229454846e-09,0.9999998807907104,2
6,1.4091309452624046e-08,2.229783859775125e-07,3.0635680658974707e-09,1.624106293895977e-09,5.599462227223739e-09,1.4554652594256368e-08,0.9999997615814208,2
6,6.232860272348263e-08,9.922993626787503e-08,7.371983579140816e-10,1.4923491331586547e-09,8.05970401529521e-09,2.488915518128465e-09,0.9999997615814208,2
6,3.63928656099688e-08,2.308421755969903e-07,1.095723067834342e-09,1.0407869011075375e-09,1.1161163548933928e-08,3.7452161372186765e-09,0.9999997615814208,2
6,4.776155915209301e-09,4.714198098554334e-08,2.9466815099077337e-10,6.959940401785046e-10,3.022067041058562e-09,9.616549778712622e-10,1.0,2
6,4.796934405248976e-09,1.5947118470194257e-07,1.054130560618205e-09,1.6929185830960591e-09,1.5055405810926459e-09,2.2486981166025544e-09,0.9999998807907104,2
6,8.309440358011955e-10,1.4571099882232376e-08,5.311672629515485e-11,2.086176925653049e-10,4.832499400642121e-10,2.7669158630949653e-10,1.0,2
6,8.002977169851987e-10,1.844423991315125e-08,2.4458952224692965e-11,8.770523196588441e-11,1.8775145882443667e-09,2.0778335996229916e-10,1.0,2
6,8.204885659779393e-09,2.3497676693295944e-08,1.1881208690500689e-11,7.151386427484141e-11,3.765401768163201e-09,6.116417927692908e-10,1.0,2
6,1.7400349605622978e-08,2.3077717514752294e-08,2.945904284401557e-11,6.634394422722066e-11,4.206638148929187e-09,5.905540501061067e-10,1.0,2
6,3.6346929910280315e-09,1.7348620318102803e-08,9.115374254020647e-12,5.4652827402579256e-11,5.468177022294185e-09,3.758532929332148e-10,1.0,2
6,1.1125029786285268e-09,2.4088000483146743e-09,3.360728795948065e-12,2.2103228969339028e-11,7.415547620404084e-10,2.1230628366453172e-10,1.0,2
6,9.206206352807556e-10,1.26034738201497e-09,2.695506795200031e-12,2.0850819335005436e-11,8.021575625960509e-10,2.379142161057501e-10,1.0,2
6,2.3938398485690016e-10,1.2875921162613935e-10,5.220876357105164e-13,8.287999626876985e-12,1.8011327151956635e-10,4.928025695849492e-11,1.0,2
6,4.083297311385792e-10,4.4687345490679315e-10,2.3739901103964067e-12,2.0155837068824844e-11,2.953326749821628e-10,1.3829427880640566e-10,1.0,2
6,1.997666254638375e-09,5.08901087936664e-10,2.292705305120824e-12,5.914397444017894e-11,2.001785626148944e-09,3.895811728771292e-10,1.0,2
6,2.223399953038552e-08,9.741447115629853e-08,1.7228331608554193e-11,9.019307523061569e-11,1.4139692972037212e-08,3.056953579161359e-10,0.9999998807907104,2
6,1.599174237476575e-09,4.444309809059632e-08,3.5302809286985586e-11,3.650836577495653e-11,1.1635671315346483e-09,1.55729734663268e-10,1.0,2
6,1.4423516825345926e-09,1.4269637915731437e-07,2.1864848473440723e-11,3.45469035323287e-11,1.9385471006216903e-09,6.081701808824391e-11,0.9999998807907104,2
6,2.5988403096199875e-10,2.6233360372884817e-08,4.754478061252955e-13,1.0681793990996449e-12,6.066759872247474e-10,3.295902396491246e-12,1.0,2
6,6.907500266217781e-11,3.473155629762914e-08,1.2153396778541437e-13,2.0016326378498322e-13,5.005489911447113e-10,1.3989841186543006e-12,1.0,2
6,3.9902442461325904e-10,2.938645025096776e-07,6.408937508299574e-13,4.0712675201601277e-13,2.405053267651169e-09,5.232421700779311e-12,0.9999997615814208,2
6,4.004443443506034e-09,2.0117822714382783e-06,1.9534502054135987e-12,2.4937588886247974e-12,4.988205759559605e-08,7.37727934296828e-12,0.9999979734420776,2
6,3.895690170452326e-08,2.726789352891501e-05,8.555876146454365e-11,1.8271944721148792e-11,1.0145657824978116e-06,3.3074684657741216e-10,0.9999716281890868,2
6,7.149298930642089e-09,9.496322491031606e-06,2.635368919617909e-12,3.144956083750428e-12,1.160572992375819e-06,1.7330383655922432e-11,0.9999892711639404,2
6,3.2420805951005605e-07,4.651628114515916e-05,1.4551168603382791e-10,2.6204509048777247e-11,3.0501596484100446e-06,1.653395337308794e-10,0.9999501705169678,2
6,4.811482412492296e-08,9.651203981775325e-06,5.248779275796034e-12,2.0540010664538144e-12,1.1939869182242546e-06,2.0745351617112995e-11,0.9999891519546508,2
6,2.179943692226516e-07,3.322213888168335e-05,1.2404630274354124e-11,6.637315263374744e-12,1.035411605698755e-05,4.668351469283572e-11,0.9999561309814452,2
6,1.7844028477043141e-09,3.788487958900078e-07,4.0353103616854596e-14,3.1222054564135354e-13,1.3459717820296646e-06,1.060639531931529e-12,0.9999983310699464,2
6,9.115346810695255e-10,4.391550945115341e-08,3.5343123284785343e-13,9.70925596865957e-13,2.458464791743609e-07,7.591581009658288e-12,0.9999997615814208,2
6,7.884803365776348e-10,1.5831652433462298e-07,6.314600806221067e-14,8.879526888078139e-13,7.992745736373763e-07,1.5198362316934388e-12,0.9999990463256836,2
6,2.5594861785549483e-09,4.124859458443098e-07,2.6822568146601944e-13,1.5254361359143265e-12,1.894642451816253e-07,4.374528083522789e-12,0.9999994039535522,2
6,1.4232600653585335e-09,3.9522475958619914e-08,4.243519869263218e-14,2.774701312897171e-13,1.2310515273838973e-07,1.3568758746793086e-12,0.9999998807907104,2
6,8.456577105242501e-10,1.750605065353739e-07,1.1877008742006232e-14,4.4923865517333683e-13,8.969703344519075e-07,8.286927459348614e-13,0.999998927116394,2
6,3.084809144238143e-11,5.7642872697272204e-09,1.7069456922160924e-16,1.3296609703583076e-14,5.8629989752034823e-08,2.7103414456351727e-14,1.0,2
6,1.1665510224467823e-10,1.327128185124593e-09,8.59063303264594e-16,2.257214055424728e-14,2.141222843476953e-08,1.6781045411758125e-13,1.0,2
6,3.5185667712767103e-09,4.948999787757202e-08,9.627185896079244e-15,6.760010032216131e-14,2.012018995856124e-07,1.3367158942234614e-12,0.9999997615814208,2
6,3.680911409009724e-10,9.794381972128008e-11,6.6123483031805915e-15,1.340693777784202e-13,7.448992533909404e-09,1.4054404341712345e-12,1.0,2
6,6.542684449772905e-11,1.567416335612748e-11,3.578010741286724e-15,9.329464826547673e-14,1.1028162827386723e-09,7.587902203266829e-13,1.0,2
6,5.2524536803266735e-11,1.7127649992731975e-11,3.588330567199597e-15,1.1163820383538679e-13,1.3023009337587155e-09,5.491441719754353e-13,1.0,2
6,2.752817244988659e-11,7.817018560229981e-11,2.6240873182866147e-15,8.406890770551803e-14,1.7208874325547183e-09,3.032922491711526e-13,1.0,2
6,3.318586074343988e-12,1.3880952810796376e-11,7.0867080353458e-16,6.276637467151487e-14,3.248188384930017e-10,1.0931784855594193e-13,1.0,2
6,2.2364018189419133e-12,1.0906178737890569e-11,1.0485428265599272e-15,1.41318936262326e-13,3.1732103056292255e-10,3.879625570454848e-13,1.0,2
6,1.0366487399396385e-12,1.2975212267465897e-12,1.53778513936663e-16,1.8250176963738842e-14,9.243679433001971e-11,1.648156979817961e-13,1.0,2
6,5.92380745151333e-13,8.093302503869859e-13,8.080622848401101e-17,5.378796010885789e-15,2.0577940740285072e-10,1.0061711256921861e-13,1.0,2
6,1.258591755121108e-12,3.5541621729029416e-12,1.1620044780314169e-15,2.0095883778662588e-14,2.455005920776188e-10,4.76990083715656e-13,1.0,2
6,6.742287284033921e-12,7.0947331343163e-11,5.122527463243421e-15,4.838715352332122e-14,1.1567647950627702e-09,9.600866109071848e-13,1.0,2
6,8.618994407072478e-12,2.1977661010530447e-11,3.4086958431524044e-15,5.6481254677616394e-14,1.2394592019404627e-09,1.0428261986578093e-12,1.0,2
6,7.764148352018552e-11,1.5698646549378026e-10,9.574508747682912e-14,7.332330814562027e-13,2.840404578208222e-09,6.139577995306622e-12,1.0,2
6,9.634887332410358e-11,5.503036359932878e-10,4.3852942110955695e-14,3.8900512585454683e-13,6.029686527853073e-09,3.602133131705432e-12,1.0,2
6,6.887516251774528e-11,8.049297339773887e-11,1.7961137134883676e-14,1.5857912314017064e-13,5.609532838235509e-09,3.234120870415636e-12,1.0,2
6,1.5495604799298235e-11,7.733019953548581e-12,1.0197976835278448e-14,1.666135084716844e-13,4.868302427851745e-10,2.1292245310638998e-12,1.0,2
6,8.947425265970477e-12,6.067722821585797e-13,9.856166853809342e-15,1.0030305985743103e-13,2.1231641444963143e-10,1.6215969539379316e-12,1.0,2
6,1.1319426299061242e-12,5.647019310495159e-13,9.094342879949985e-16,7.007970287788764e-15,2.2712022540449794e-10,3.0647955961277123e-13,1.0,2
6,1.6394105040520857e-12,5.915810240763805e-14,2.5700758388884706e-15,1.2775913986950386e-14,2.9431765358189916e-10,7.670626829027473e-13,1.0,2
6,2.202641281173756e-12,6.658474227712319e-13,2.5283876300816925e-15,9.88965447078563e-14,4.965390876243703e-10,1.3649166161460585e-13,1.0,2
6,3.8891057041468e-11,1.5271210684897338e-10,4.0487317681412935e-14,9.457505091570171e-12,9.857095140120011e-10,9.216681237655957e-13,1.0,2
6,4.1839729597592517e-11,1.7445860034381866e-10,1.172641492372048e-13,9.584989052457969e-12,1.0531098215693644e-09,1.5053203909071169e-12,1.0,2
6,4.0301005588272425e-11,5.0907583704074e-10,1.587258834567437e-13,2.8594743760324004e-12,2.578578239820217e-09,2.1453596277948295e-12,1.0,2
6,3.2500102609134274e-10,1.1463101579067823e-09,5.481377938348908e-12,1.9175326257392374e-11,5.267159153277135e-08,7.958115416650813e-11,1.0,2
6,7.82364104057187e-11,5.213040416007786e-11,3.656130953544334e-12,1.4823048387693773e-12,2.441669977315541e-09,3.816867308326088e-11,1.0,2
6,5.040534843355794e-14,1.6823959488997816e-13,1.0640432515619951e-16,2.961548844362754e-15,1.5810242004477004e-11,1.699128779840929e-14,1.0,2
6,8.750145790228926e-13,8.195860439971779e-13,6.634586136771217e-14,1.9632619098139406e-13,2.2895818921342403e-11,1.4952419727723432e-12,1.0,2
6,3.135717813879113e-12,4.3930907089179133e-13,7.9153677156555e-14,1.803158967625396e-12,8.997087797002479e-12,3.9082571814258454e-13,1.0,2
6,4.853848985068854e-13,1.086895981203262e-12,9.320780197739476e-15,8.570837724437842e-14,8.81985456890888e-12,2.8532021580443545e-13,1.0,2
6,8.369584864574564e-13,4.695218606270979e-12,5.311613507971019e-14,8.581491094984683e-13,3.359467912189551e-11,8.001957386635783e-13,1.0,2
6,1.2576216652272765e-13,7.335104745820331e-12,3.6010304709909596e-14,8.802014699786989e-14,1.0606040351524015e-10,6.032457519622447e-13,1.0,2
6,1.1042500464367166e-12,3.4030705337029226e-11,6.951323197612602e-12,4.189152930794693e-12,3.1834432312471956e-10,3.3024988993490816e-11,1.0,2
6,1.8791372902171592e-09,1.6613569187029498e-08,6.276788155901158e-08,7.098403531635711e-10,1.0125634553048712e-08,7.192046957982256e-09,0.9999998807907104,2
6,1.280774486467351e-09,8.786502121438389e-07,1.9457183952908963e-05,3.6015375570741526e-08,3.617896737750925e-08,3.201185094781067e-08,0.9999796152114868,2
6,3.5037608370203095e-08,1.4694105630042031e-06,0.0001568631414556,1.0572988173862541e-07,1.1265131405480133e-07,8.534222928346935e-08,0.999841332435608,2
2,3.0003873689565808e-05,5.501334271684755e-06,0.9997621178627014,2.9649297630385263e-06,6.066260027637327e-08,1.750279807311017e-06,0.0001976284547708,2
2,1.4960282896936403e-06,9.501416570856236e-06,0.999702513217926,3.989336619270034e-06,2.34989325775814e-08,5.456170129036764e-07,0.0002818471693899,2
2,9.374244882565108e-07,1.0006663615058642e-05,0.9994252920150756,4.378121502668364e-06,1.4331018149960073e-08,2.586604296084261e-06,0.0005568997585214,2
2,0.0001668051845626,0.0001821840851334,0.9712436199188232,0.0002237381268059,8.402041203225963e-06,1.501840688433731e-05,0.0281601976603269,2
2,0.0001269324711756,1.771037932485342e-05,0.995938777923584,4.441388227860443e-05,1.5305765828088624e-06,1.3301184480951632e-05,0.0038573946803808,0
2,5.4606207413598895e-06,3.035582267330028e-06,0.9995036125183104,2.0155481252004392e-05,4.233909933759605e-08,7.186702646322374e-07,0.0004669847839977,0
2,2.4084135930024786e-07,1.1766716170313885e-06,0.9998119473457336,3.3851159969344735e-05,6.625591630893268e-09,2.039015782884235e-07,0.000152555774548,0
2,6.396119545115654e-08,5.757216285928735e-07,0.999933123588562,8.043753950914834e-06,1.3172021251506292e-09,8.26145267751599e-08,5.810871516587213e-05,0
2,4.784323550666159e-07,3.364914391568164e-07,0.9999470710754396,9.768256859388202e-06,2.02692884698763e-09,1.5162258648615534e-07,4.222658390062861e-05,0
2,3.984899166198375e-08,1.778027751697664e-07,0.9999802112579346,7.352721240749815e-06,5.143644954408444e-10,4.3084408929416895e-08,1.219403748109471e-05,0
2,7.080914521395698e-09,3.4317977792852616e-08,0.9999949932098388,3.0172877814038657e-06,4.722374574717136e-11,8.649480243150265e-09,1.894284537229396e-06,0
2,5.3414314749034026e-08,1.9363140424388803e-08,0.9999911785125732,6.7647001742443535e-06,1.7409873542817422e-10,6.180396638910679e-09,2.0748118458868703e-06,0
2,3.010875957443204e-07,2.6255728258206545e-08,0.9999902248382568,6.949891030672006e-06,4.5717057917116217e-10,3.0304718734441856e-08,2.3569493805553066e-06,0
2,7.483723862833358e-09,3.042280383169782e-08,0.9999901056289672,8.026005161809735e-06,1.0196924554728426e-10,2.8500158677502444e-08,1.8222661992695064e-06,0
2,1.9279307039710147e-08,1.5331245606375887e-08,0.9999933242797852,4.6861205191817135e-06,1.1364011814896101e-10,3.0116733995555485e-08,1.9342676296219e-06,0
2,7.904080803200486e-07,8.910601145828423e-09,0.999990463256836,6.044509063940495e-06,5.406468051027956e-10,2.7800323820770245e-08,2.672154778338154e-06,0
2,8.737736152397702e-07,1.3018890854255004e-08,0.9999864101409912,1.096512369258562e-05,7.785103672830472e-10,1.6523188151040813e-08,1.836047317738121e-06,0
2,2.3225869227871957e-08,1.2728765597103122e-08,0.9999923706054688,6.540180493175285e-06,1.308003566569127e-10,4.3146339834265746e-09,1.0895416835410288e-06,0
2,5.883305220777402e-07,4.9552578929024094e-08,0.9999855756759644,1.1886275387951171e-05,8.06012423471003e-10,1.3302979162688189e-08,1.949555326064001e-06,0
2,1.2638361113204157e-05,1.0493278068679501e-07,0.999966025352478,1.937736669788137e-05,2.317904312931773e-09,3.4334924237100495e-08,1.8233957916891088e-06,0
2,2.189297219956643e-06,1.471863413371466e-07,0.9999475479125975,4.815429929294624e-05,1.4929146807673987e-09,1.901791435443556e-08,2.053516482192208e-06,0
2,3.273757329225191e-06,1.696114821925221e-07,0.9999538660049438,4.1196086385753006e-05,3.6131193592581204e-09,4.9837826310294986e-08,1.6024921478674514e-06,0
2,4.005628682079987e-07,3.837513773419232e-08,0.9999935626983644,5.360463546821848e-06,6.267578123164697e-10,2.4320250702203342e-08,6.961307121855498e-07,0
2,1.8397644225842669e-06,2.2543003908026552e-08,0.999992847442627,5.049637366028037e-06,1.3522694075618347e-09,4.8328939072916917e-08,2.59328515994639e-07,0
2,1.8769104315197185e-07,3.385433933189574e-09,0.9999985694885254,1.0070036751130829e-06,1.8048786076807488e-10,9.2071461565979e-09,8.926191696900788e-08,0
2,5.72988163582977e-08,3.736476905658037e-09,0.9999980926513672,1.8205072365162776e-06,2.4020632705124e-10,8.361321413019596e-09,7.568740301167054e-08,0
2,3.294893076599692e-06,1.1110802056180093e-08,0.9999881982803344,8.1708039942896e-06,2.1380786030533727e-09,1.4427235406344609e-08,2.3588073361224815e-07,0
2,1.4913129234628286e-05,1.0923987936450884e-08,0.999974489212036,1.0054464837594423e-05,4.011144749682671e-09,1.511803020548541e-07,3.3688695566524984e-07,0
2,6.428866072383244e-06,2.9056461681165047e-09,0.9999890327453612,4.191421339783119e-06,3.653133573422451e-09,9.554367608188841e-08,2.666180307642208e-07,0
2,1.2980586689081974e-05,2.1943240557931172e-09,0.9999823570251464,4.3338686737115495e-06,1.3756922268015612e-09,1.1681418499165377e-07,2.8561197495946544e-07,0
2,1.2390372603476862e-06,1.2705435314952496e-10,0.9999974966049194,8.79745016391098e-07,8.376008914234845e-11,2.8846388389069944e-08,3.962025516557333e-07,0
2,5.9659214457497e-05,6.663566365361361e-10,0.999929428100586,4.943151907355059e-06,1.4687224769716067e-09,2.909296767938941e-07,5.5589275689271744e-06,0
2,1.0072872100863606e-05,7.899044196513215e-10,0.9999858140945436,2.950672524093534e-06,1.46569878456404e-09,2.937466092589603e-07,7.83352732014464e-07,0
2,3.074089818255743e-06,5.980542172601132e-10,0.9999955892562866,7.46306000110053e-07,1.5486856241864186e-10,8.830033948470374e-08,5.034511332269176e-07,0
2,3.059660957660526e-05,1.393060999888007e-09,0.9999632835388184,5.554389190365328e-06,6.594141233051687e-09,1.2538298221898006e-07,3.674888944260602e-07,0
2,6.68583670631051e-05,1.3913617813443581e-08,0.9999227523803712,9.485155715083238e-06,8.692382813535461e-09,9.493662389559177e-08,8.319625521835405e-07,0
2,9.228454473486636e-06,3.7936366936719423e-08,0.9999836683273317,5.029352450947044e-06,2.009537647396087e-09,2.540977916964948e-08,2.045161409114371e-06,0
2,2.492463181624771e-06,9.550172208605544e-09,0.9999948740005492,2.265367584186606e-06,3.3580110914144257e-10,4.843928813613729e-09,3.0802047490396944e-07,0
2,1.6711734133423306e-05,2.3203149623896024e-08,0.99997878074646,4.144195372646209e-06,1.0560019525485131e-09,5.478886677678929e-09,3.854474073250458e-07,0
2,6.615625807171455e-06,5.6440065065999085e-08,0.9999845027923584,8.33215017337352e-06,9.1295099258204e-10,4.246007101471605e-09,4.304617107209197e-07,0
2,9.579458719599645e-07,3.0375037596286354e-08,0.9999905824661256,8.250858627434354e-06,1.7309900735007486e-10,3.851102103880066e-09,1.408768213195799e-07,0
2,7.077516056597233e-05,8.456217415186985e-08,0.9999077320098876,2.0847030100412667e-05,2.809319443741742e-09,1.2545908312233678e-08,5.153114557288063e-07,0
2,1.965519186342135e-05,5.4094162038609284e-08,0.99996817111969,1.178936418000376e-05,5.484116494258727e-10,1.953269190835272e-08,2.6994976565219986e-07,0
2,0.0003027127822861,3.600657976221555e-07,0.9995803236961364,0.0001159761086455,7.873242502398625e-09,3.2426942908614365e-08,6.284271876211278e-07,0
2,2.6112722935067723e-06,1.0666779459711506e-08,0.9999951124191284,2.109751676471205e-06,7.924284145532923e-11,9.091972508201708e-09,8.357234548839187e-08,0
2,6.725780110627967e-08,7.121743639260103e-09,0.9999918937683104,7.954975444590673e-06,1.0755125956496414e-11,2.397587017810565e-09,3.68271102502149e-08,0
2,1.4880816578966003e-09,2.690946798722393e-09,0.999995231628418,4.733349214802729e-06,1.4793998274684197e-12,7.455718820104096e-10,1.0770369485157973e-08,0
2,2.904012497140229e-08,1.0393986782375464e-09,0.9999964237213136,3.618710024966276e-06,8.525538781889441e-12,1.7590585654758682e-09,1.6459059892781625e-08,0
2,5.5108611007881345e-09,9.559983915607972e-09,0.9999974966049194,2.536495685490081e-06,2.0145293419537854e-11,1.1840430858001127e-08,3.126071845827028e-08,0
2,5.407747849517364e-08,1.6350335840797925e-07,0.9999839067459106,1.5750470993225463e-05,5.131473579389477e-10,7.665594381478513e-08,1.330250540831912e-07,0
2,1.748362876696774e-08,2.3186046860246282e-08,0.999992847442627,6.6842494561569765e-06,1.1712111835926464e-10,2.876981000099477e-07,9.068488537877785e-08,0
2,2.4567947548348457e-05,2.964770374092041e-06,0.9998713731765748,9.051952656591312e-05,1.1503618502217703e-08,5.330210797183099e-07,1.0066072718473151e-05,0
2,0.002333243843168,1.2513328329077922e-06,0.9975849390029908,7.367088255705312e-05,3.8727399953586434e-08,1.4597076187783389e-06,5.437843810796039e-06,0
0,0.999660849571228,1.4096318636802607e-06,0.0002739722258411,6.105654028942809e-05,1.6093405292849638e-06,6.70996129770174e-08,9.60623765422497e-07,0
0,0.9999920129776,8.590058797608435e-08,6.851009402453201e-06,9.982918527384754e-07,5.5226401229901973e-08,2.961987810579103e-08,3.5920944441159015e-08,0
0,0.9999704360961914,1.476202982075847e-07,2.5996030672104095e-05,3.3157207326439675e-06,1.2216148093102674e-07,3.6539667291890516e-08,3.697193307061752e-08,0
0,0.99994957447052,2.9594145871669757e-06,1.8009641280514188e-05,2.622935062390752e-05,2.978418478960521e-06,2.6201931291325312e-08,2.503196583347745e-07,0
0,0.9999839067459106,2.312913665036831e-07,1.4230272427084856e-05,1.5805504745003418e-06,6.464985347065523e-08,2.053203473906251e-08,1.0304717967812849e-08,0
0,0.9999427795410156,4.215228557313822e-07,5.487946327775717e-05,1.8344201180298116e-06,4.8823210363480036e-08,6.111677919307112e-08,6.638416749638054e-08,0
0,0.9994975328445436,2.8508377454272704e-06,0.0004896367900073,8.939963663578965e-06,4.286552268695232e-07,2.691791678444133e-07,2.979177793349663e-07,0
0,0.9999277591705322,3.147166580674821e-06,5.654609776684083e-05,1.1682307558658069e-05,5.899741495341004e-07,1.184638804829774e-07,2.2459364856786126e-07,0
0,0.9998887777328492,5.22258176260948e-07,0.000108280495624,2.0840084289375227e-06,9.380824650406795e-08,1.0175682518820397e-07,5.903775246451914e-08,0
0,0.9999611377716064,3.128641026250989e-07,3.719047526828945e-05,1.3442746649161563e-06,5.076332243447723e-08,4.749283988303432e-08,1.3725815151133249e-08,0
0,0.9999570846557616,2.750080909663666e-07,3.9499176637036726e-05,2.8489380383689422e-06,9.20878946431003e-08,7.941167012859297e-08,4.079732107697964e-08,0
0,0.9999878406524658,1.852303341820516e-07,9.967148798750712e-06,1.7878448943520198e-06,9.96104745354387e-08,2.2939332211535657e-08,1.2143038574663478e-08,0
0,0.999988317489624,1.618564624550345e-07,9.153423889074476e-06,2.2967408312979387e-06,4.4310787927770434e-08,1.5772128492130832e-08,7.986053596198417e-09,0
0,0.9999552965164183,3.7738863056802085e-07,3.4247095754835755e-05,9.808382856135722e-06,1.5994353930182117e-07,4.1452278054521237e-08,4.096333228176263e-08,0
0,0.9999457597732544,1.133732098423934e-06,3.8767386286053807e-05,1.3565329027187543e-05,6.245474537536211e-07,8.13826943613094e-08,4.539150921800683e-08,0
0,0.9999582767486572,2.800492211463279e-07,3.147954703308642e-05,9.700790542410688e-06,1.9540222240266305e-07,6.354184023393827e-08,6.012438102942497e-09,0
0,0.9998786449432372,1.8417837281958784e-06,9.896857955027372e-05,1.972026984731201e-05,6.13569397955871e-07,8.527415218395619e-08,1.1151561807309919e-07,0
0,0.9999550580978394,2.4529848019483325e-07,4.342986721894704e-05,1.1807420605691732e-06,3.213243360278284e-08,9.029432845863995e-08,7.885287978126598e-09,0
0,0.9999781847000122,2.253288471365522e-07,1.927906123455614e-05,2.258108452224405e-06,3.847216945018772e-08,4.59038886901908e-08,5.959853499604151e-09,0
0,0.9999657869338988,1.1353728268659324e-07,3.143391222693026e-05,2.5526105673634447e-06,5.0214744362619974e-08,1.3088579464692884e-07,4.2630747820737724e-09,0
0,0.9998539686203004,1.415753843048151e-07,0.0001421263295924,3.619222979978076e-06,3.701271467093648e-08,2.0351713203581315e-07,9.40778122071606e-09,0
0,0.999984622001648,1.3249643870949512e-07,1.3482690519595051e-05,1.7457510921303765e-06,3.0105390180779075e-08,3.9623238023978053e-08,3.428417105766357e-09,0
0,0.9999933242797852,4.675759157635184e-08,2.627167816626752e-07,6.231721272342838e-06,8.908575210853088e-08,7.72747643651428e-10,4.2454029181016035e-10,0
0,0.9999895095825196,1.6527880575267773e-07,1.5682232969993493e-06,8.491150765621569e-06,1.9088369640485325e-07,5.729611451954497e-09,1.1036612734827143e-09,0
0,0.99999737739563,8.220988689799924e-08,4.380473228593473e-08,2.570524429756915e-06,4.33714149039588e-08,4.6351936178190556e-10,1.0089663132761828e-10,0
0,0.9999986886978148,6.283379860860805e-08,5.2984589160587354e-08,1.189053932648676e-06,4.3886238643153774e-08,3.3807415200648444e-10,1.344455796692401e-10,0
0,0.9999997615814208,1.7960466891508986e-08,5.5338805537985536e-08,1.9018463603970306e-07,3.0063538325464383e-09,5.406941006036448e-10,6.753950176907608e-11,0
0,1.0,8.298578713095141e-09,1.390917159227456e-08,1.918636804987273e-08,1.2461818243991731e-09,1.7404456764680274e-09,4.2274985595502905e-11,0
0,0.9999998807907104,3.9170057419823934e-08,7.297635562508732e-08,1.0818474116547351e-08,1.629853585427554e-09,5.979658990185044e-09,6.902837329514355e-11,0
0,0.9999990463256836,5.8726072893477976e-08,8.1663540640875e-07,5.374943867764159e-08,2.7510382860640444e-09,7.58089413466223e-09,3.769491940808223e-10,0
0,0.9999998807907104,3.954597982414043e-09,9.309157178449824e-08,4.468685421699092e-09,2.249324504433048e-09,5.439434680454269e-09,4.301170183906855e-11,0
0,0.9999998807907104,1.4973188244837843e-09,8.396019524070654e-08,1.7295382903625976e-09,1.3023678802071004e-09,1.002369476310605e-08,8.339603313478605e-11,0
0,0.9999998807907104,1.191098886188513e-09,6.89455745828127e-08,4.3082604150868065e-09,9.122518740412032e-09,1.1817265388458509e-08,5.517802881271905e-10,0
0,1.0,3.694819339372657e-09,2.8698508458546712e-08,9.700226399900204e-09,1.5844982215185155e-08,5.628803645407743e-09,3.223242783789715e-10,0
0,0.9999992847442628,3.7258860885458496e-08,5.581539994636842e-07,1.4141653181809488e-08,2.117232078546749e-08,2.240469321179717e-08,6.365492577486975e-09,0
0,0.9999998807907104,4.324107738540306e-09,8.907598214591418e-08,1.5583328405455177e-08,5.166363781228256e-09,4.209760096074433e-09,3.619125554799041e-10,0
0,0.9999998807907104,7.705776461364167e-09,8.17865597468881e-08,1.7670554797177832e-08,1.4896569311417808e-08,1.3487841066250894e-08,9.615411800112383e-10,0
0,0.9999983310699464,1.3193651682286145e-07,1.3094754649500828e-06,2.9444040094972482e-08,1.6260521817912377e-07,7.464685580771403e-08,7.227404452692099e-09,0
0,0.9999995231628418,2.8310148891819157e-08,2.731977417624876e-07,4.736114433967487e-08,1.4264000469665916e-07,4.9577185023963466e-08,2.6703077526946117e-09,0
0,0.999998927116394,2.361667483796737e-08,9.657589998823823e-07,3.2378579817304853e-08,1.0628740554352591e-08,3.678889726188572e-08,4.933091157788283e-10,0
0,0.9999992847442628,7.568139004376917e-09,5.534619731406565e-07,2.7672912850107423e-08,4.214570026306319e-09,5.61092328155155e-08,4.5213555122103344e-10,0
0,0.9999992847442628,6.8567675981512374e-09,6.108198249421548e-07,2.9698442816084025e-08,8.010551333370586e-09,5.717617668210551e-08,2.5024080030355833e-10,0
0,0.9999994039535522,1.4366436040802457e-08,5.101299507259682e-07,4.200288117317541e-08,1.4522286484464077e-08,5.97083840148116e-08,5.880808617853005e-10,0
0,0.9999990463256836,5.4930402448860605e-09,8.226534760069626e-07,4.9011912750529525e-08,1.2938749627267045e-08,9.607512652110017e-08,4.363272521068495e-10,0
0,0.9999997615814208,3.8651618017304656e-10,1.3720882918732968e-07,4.643447937269229e-08,4.2450278847638864e-09,4.576867240757566e-08,4.059965211244965e-11,0
0,1.0,1.9716220323040543e-10,4.110659901357394e-08,1.950182060284078e-08,3.6845098083659877e-09,3.467886244834517e-08,5.038233719112384e-12,0
0,0.9999997615814208,4.523091345909336e-10,8.069013546219139e-08,3.406484694323808e-08,4.088488658737788e-09,4.834522115970685e-08,1.006749805049223e-11,0
0,0.9999998807907104,9.092751551698086e-11,1.409725314260868e-08,3.6089414123807735e-08,5.653344903322477e-09,7.400563362125467e-08,1.689433141993657e-11,0
0,0.9999997615814208,9.505037867896247e-10,1.775658091673904e-07,1.0262030514240905e-07,7.054203887690846e-09,3.339584253581052e-08,3.9428763032312015e-10,0
0,0.9999997615814208,2.0017879021061447e-10,5.5965287515391544e-08,7.484084818543124e-08,1.859680409665998e-08,1.1816425171673473e-07,3.0942695072866404e-09,0
0,0.9999997615814208,2.9550609181860916e-10,1.066921555548106e-07,1.0081834744823936e-07,9.30906374208007e-09,7.73424275735124e-08,4.676667386682709e-10,0
0,0.9999988079071044,2.415804445377034e-09,3.520819120694796e-07,4.1970082520492724e-07,1.2582478348122097e-07,3.3219089345948305e-07,6.5263310311536316e-09,0
0,0.9999997615814208,5.153798915413788e-11,3.2178704145735544e-08,1.2662179926792305e-07,1.1186802595375413e-08,1.5735899694391264e-07,3.3576558200465456e-10,0
0,0.9999996423721312,3.9102433097015776e-11,9.897776465095377e-08,1.5166830280577417e-07,1.5542241271759852e-08,1.0400972172419642e-07,2.0213291040960253e-09,0
0,0.9999995231628418,7.103855698131767e-11,7.728269224571704e-08,2.537188947826508e-07,2.628919482106085e-08,6.028352572684527e-08,2.9434235049308204e-09,0
0,0.9999995231628418,1.4391235599042762e-11,4.006292897429376e-08,2.4318114810739644e-07,2.915904673272962e-08,1.977521861817877e-07,1.4326506647677204e-09,0
0,0.9999995231628418,8.465109689603789e-12,7.939199520023976e-09,2.925200703884912e-07,6.020722054245199e-08,9.926208832666816e-08,2.404959564827891e-10,0
0,0.9999986886978148,8.801140372050043e-12,3.6104432776795643e-09,3.984002319157298e-07,7.748339498903078e-07,1.4822754224042e-07,6.69930333430102e-10,0
0,0.999987244606018,1.183293601991764e-10,2.5240904477641383e-08,6.60971863908344e-07,1.0742243830463847e-05,1.3801123941448168e-06,6.471788438489057e-09,0
0,0.9999951124191284,6.80412892695159e-10,1.646120573184362e-08,1.1299312063783873e-06,3.568127567632473e-06,1.70044302194583e-07,1.488663414761504e-09,0
0,0.9999895095825196,9.58599422062889e-10,4.4125300746600267e-08,1.2598494549820316e-06,8.475657523376867e-06,7.086057962624182e-07,3.081921606806759e-09,0
0,0.999996304512024,5.6120962044214906e-11,2.711129543087054e-09,3.5307061807543505e-07,2.9733300834777765e-06,3.032663471458364e-07,5.140157743888095e-10,0
0,0.9999940395355223,2.4899600159500324e-09,5.952442094780964e-08,1.7751527821019408e-06,2.8101612770115025e-06,1.2286160426810966e-06,1.0424318075408223e-09,0
0,0.9999943971633912,5.140226577715622e-10,6.711162825467909e-08,2.1078717509226408e-06,1.957479071279522e-06,1.433183911103697e-06,2.972384116617377e-09,0
0,0.9999728202819824,1.704165419891268e-10,1.6570934846527052e-08,3.256064928791602e-06,2.2594909751205705e-05,1.3089426147416816e-06,1.4376443147057216e-08,0
0,0.9999912977218628,8.721606770123457e-10,1.1057039017714489e-07,1.820368311200582e-06,5.021095603296999e-06,1.7015144067045185e-06,1.0106020909006476e-08,0
0,0.9999979734420776,1.9340773427245492e-10,3.658551150920175e-08,6.565210810549615e-07,8.834709319671674e-07,5.051914513387601e-07,4.186411217688146e-09,0
0,0.9999873638153076,2.2870807470098953e-09,1.5019008969829886e-07,3.3793658076319844e-06,8.199077456083614e-06,9.443818385079794e-07,1.7437605137615723e-08,0
0,0.9999939203262328,2.7784292644383864e-09,2.106660019762785e-07,3.863510301016504e-06,1.6344818050129106e-06,2.6919545348391694e-07,6.9744530151183434e-09,0
0,0.9999969005584716,6.355138082447809e-10,8.332609979788685e-08,1.0205195621892926e-06,1.3901677675676185e-06,5.843490953338915e-07,3.5738501047433147e-09,0
0,0.9999949932098388,9.345149543094068e-09,9.029135412674804e-07,3.3288399663433665e-06,5.224501933298598e-07,2.637791851611837e-07,8.232795778440051e-09,0
0,0.9999921321868896,3.707817342046837e-08,1.6724449096727767e-06,5.237304776528617e-06,7.048803922771185e-07,2.421610361125204e-07,1.5081566218100306e-08,0
0,0.9999933242797852,5.300300287558458e-08,1.7713125544105424e-06,4.36497157352278e-06,3.302867526144837e-07,1.4249853563796933e-07,1.2208665189916701e-08,0
0,0.9999951124191284,1.4969156580946222e-08,3.877403003116342e-07,4.212513431411935e-06,2.498952937912691e-07,4.264884978510963e-08,3.984188978733982e-09,0
0,0.9999992847442628,8.228246528574346e-09,6.328125579102561e-08,5.443873760668794e-07,2.7752040665518507e-08,7.283651459744078e-09,6.129166618684677e-10,0
0,0.9999992847442628,8.231181958251454e-09,1.8010885227681683e-08,5.554019253395381e-07,1.5539205833192685e-07,4.353915006305442e-09,2.6210020820371933e-09,0
0,0.999996542930603,1.1049459125445082e-08,9.280318380433529e-08,2.8897381980641512e-06,3.0924039151614124e-07,2.0425424906989065e-08,2.3569310947380014e-09,0
0,0.9999911785125732,4.6731543079658884e-08,1.7057351442417712e-06,6.9158209043962415e-06,8.490476943734394e-08,4.9138265012516065e-08,9.304652159869422e-09,0
0,0.9999990463256836,5.377873701917224e-09,3.135601644999042e-08,8.641205226922466e-07,1.0852695453422713e-07,1.2870152055199924e-08,1.4010724525004292e-10,0
0,0.9999794960021972,4.4400756848972385e-08,5.69662610416799e-08,1.988149415410589e-05,4.250329368460371e-07,1.1282983436444738e-08,7.209053798362673e-09,0
0,0.9999736547470092,4.835020490645547e-07,4.126523265313154e-07,2.4446886527584866e-05,9.013895123644032e-07,2.0651535592719483e-08,8.635025494641013e-08,0
0,0.9999933242797852,5.07628250545622e-08,5.835281058352849e-08,6.434567239921307e-06,1.3890051775433676e-07,9.304901738005356e-09,2.3830648565592583e-09,0
0,0.99998939037323,3.0391043015498553e-09,1.0153724971928568e-08,1.06238212538301e-05,5.186018015024275e-08,2.9462021711168518e-09,1.0872872914513554e-11,0
0,0.9999570846557616,7.340556607005055e-08,1.1909877173366112e-07,4.240108683006838e-05,3.7744689507235307e-07,7.707256166611387e-09,2.838067780785991e-09,0
0,0.999997615814209,1.2474447252941444e-08,3.362631417758166e-08,2.235548436146928e-06,7.20962844980022e-08,7.292717540963167e-09,2.909845975285208e-10,0
0,0.999997615814209,5.5292161960096564e-08,2.4960223754533217e-07,1.6733970369386952e-06,3.2943378869276785e-07,4.8587128986810064e-08,1.0051393495302818e-08,0
0,0.999969482421875,6.135323928901926e-06,2.0480913462961325e-06,2.921353598139831e-06,1.628708741918672e-05,2.113288957161785e-07,2.823321665346157e-06,0
0,0.9999780654907228,2.2170568172441563e-06,7.58223541197367e-06,9.196966857416555e-06,2.356871164010954e-06,2.3450787978163135e-07,2.8237187166269e-07,0
0,0.999996542930603,3.093896623340697e-07,4.67767648615336e-07,1.899794483506412e-06,6.967272270230751e-07,6.955822584586714e-08,3.017438743313505e-08,0
0,0.9999338388442992,4.379597612569341e-06,2.5487024686299264e-06,5.145706018083729e-05,7.097285561030731e-06,7.467507856517841e-08,5.774618330178782e-07,0
0,0.9999393224716188,4.80511198475142e-06,3.6773556075786473e-06,3.259349978179671e-05,1.8837461539078504e-05,8.74419754381961e-08,6.799653533562378e-07,0
0,0.9998989105224608,2.2721796995028853e-06,2.590731583040906e-06,9.47283988352865e-05,1.4003020396557986e-06,2.961689560265768e-08,5.8610645226053755e-08,0
0,0.9998561143875122,8.022198016988114e-06,2.0899260562146083e-05,0.0001118403451982,2.104828581650509e-06,1.0224161428595836e-07,9.042711326401333e-07,0
0,0.9997954964637756,1.4398775419977028e-05,0.0001583778648637,2.4917842893046327e-05,3.6373430702951737e-06,8.802461479717749e-07,2.2956562588660745e-06,0
0,0.9997974038124084,2.677759766811505e-05,0.0001462363288737,1.9270024495199323e-05,5.155015969648957e-06,1.0444691724842414e-06,4.219459697196726e-06,0
0,0.9993866682052612,2.4596844014013183e-05,0.0005641972529701,1.4100297448749188e-05,3.548404492903501e-06,2.101790869346587e-06,4.773488853970775e-06,0
0,0.9996222257614136,2.393457543803379e-05,0.0003298339433968,1.0810981621034443e-05,2.572411858636769e-06,1.117939177674998e-06,9.434983439859934e-06,0
0,0.9997860789299012,1.7185484466608614e-05,0.0001861588098108,7.863752216508146e-06,7.413435128000856e-07,4.077795665580197e-07,1.522444222246122e-06,0
0,0.9995946288108826,8.764900485402904e-06,0.0003898190334439,3.449365749474964e-06,3.809107056440553e-07,7.860735991016554e-07,2.24117184188799e-06,0
0,0.9987888932228088,1.04764385469025e-05,0.001194801647216,2.530804977141088e-06,1.0289013374631396e-07,1.0368213452238706e-06,2.201701363446773e-06,0
0,0.9988961219787598,1.0478683179826476e-05,0.0010882570641115,2.7131040951644536e-06,8.240191817776576e-08,6.055935273252544e-07,1.704268697722e-06,0
0,0.9967023730278016,2.947260691144038e-05,0.0032470987644046,1.0748361091827974e-05,1.87412553032118e-07,1.5132941371120978e-06,8.599188731750473e-06,0
2,0.2378409951925277,0.0025726475287228,0.7556933760643005,0.0002919983817264,3.61907609658374e-06,6.038348510628566e-05,0.0035370292607694,0
0,0.998878300189972,5.255612268229015e-05,0.0010277681285515,2.6016647098003887e-05,9.548092521072249e-07,2.369037929383921e-06,1.1943591744056905e-05,0
0,0.9994137287139891,1.2782516932929866e-05,0.0005358236958272,3.425767499720678e-05,5.585511644312646e-07,6.264335183914227e-07,2.243556764369714e-06,0
0,0.999902606010437,5.712976872018771e-06,4.584103953675367e-05,4.49999060947448e-05,4.6172428369573037e-07,1.2144673178227094e-07,3.148184362089524e-07,0
0,0.9999455213546752,7.449734312103828e-06,3.562176425475627e-05,7.123503110051388e-06,3.138662350465893e-06,2.761834423381515e-07,8.422174460065435e-07,0
0,0.9997490048408508,1.1556742720131297e-05,0.0002291981945745,5.679004971170798e-06,1.3752002132605412e-06,2.107792852257262e-06,1.0708098443501513e-06,0
0,0.9998776912689208,7.843717867217492e-06,0.0001096679188776,1.2073161315129255e-06,6.884777121740626e-07,1.8025313011094115e-06,1.045888893713709e-06,0
0,0.999631643295288,3.7988727854099125e-05,0.0003233066236134,2.143799065379426e-06,5.9804966667798e-07,1.931809492816683e-06,2.414041773590725e-06,0
0,0.9998321533203124,2.770920946204569e-05,0.0001339602022198,1.50642506469012e-06,5.23025107668218e-07,8.818287824396975e-07,3.2738894333306234e-06,0
0,0.9999414682388306,7.967753845150582e-06,4.761655873153359e-05,8.412764600507217e-07,3.478711789739464e-07,6.414288691303227e-07,1.1519443887664238e-06,0
0,0.9999908208847046,1.714193217594584e-06,6.664077773166355e-06,3.1860673743722145e-07,7.521052225456516e-08,2.561210123985802e-07,1.8245793853566286e-07,0
0,0.9999873638153076,3.744561354324105e-06,7.880443263275083e-06,3.880606129769149e-07,1.0310343157016177e-07,2.5786539481487125e-07,2.076507001902428e-07,0
0,0.9999324083328248,4.277601328794845e-05,1.831365625548642e-05,1.3265798770589754e-06,1.7243387446796987e-06,5.337769266589021e-07,2.975834831886459e-06,0
0,0.9999923706054688,3.7589991279674e-06,2.888943754442153e-06,3.943026172237296e-07,3.292957444500644e-07,1.0911070802421818e-07,1.4753656785160274e-07,0
0,0.9999991655349731,1.0028225005953573e-07,5.735101353820937e-07,1.440247672235273e-07,1.8206792518071783e-08,2.6586700840880443e-08,1.549232520048349e-09,0
0,0.9999988079071044,5.283694548552376e-08,9.679340564616723e-07,2.1103238623254586e-07,7.490514875030385e-09,1.6760276722038725e-08,1.5200758429756434e-09,0
0,0.9999948740005492,3.085476407704846e-07,3.5470950479066232e-06,9.206401614392234e-07,7.15149681695948e-08,9.0280877884652e-08,1.8936314916118133e-07,0
0,0.9999960660934448,4.7418171789104246e-07,2.875968448279309e-06,3.228815614875203e-07,1.075884483725531e-07,1.5071827874635346e-07,4.431164413176703e-08,0
0,0.9999951124191284,3.260697667428758e-07,3.7873935525567504e-06,4.083225348949782e-07,7.10008336568535e-08,2.0314617188432749e-07,4.990960533746147e-08,0
0,0.999996781349182,2.535237513257016e-07,2.310973286512308e-06,4.372049886569585e-07,5.653136625483057e-08,8.70356657856064e-08,1.5438963885117122e-08,0
0,0.9999933242797852,6.938565206837666e-07,5.056067948316922e-06,5.758490715379594e-07,7.27868183503233e-08,1.0442730058457529e-07,5.734457175776698e-08,0
0,0.9999825954437256,1.2247426184330834e-06,1.428037830919493e-05,1.0830726751009934e-06,1.0863659838378227e-07,2.427286744932644e-07,5.163314540368447e-07,0
0,0.9999858140945436,2.418427584416349e-06,9.402676369063556e-06,1.2838025895689498e-06,1.1429994373202137e-07,1.4550030869031616e-07,7.996383146746666e-07,0
0,0.9999879598617554,4.613959390553646e-06,4.626618192560272e-06,6.795893909838924e-07,2.2714903025189415e-07,3.4145362093340736e-08,1.8462093294147053e-06,0
0,0.9999922513961792,1.068334313458763e-06,5.291905381454853e-06,1.0834188515218557e-06,1.5307452372326225e-07,1.047799287334783e-07,7.709794402899206e-08,0
0,0.9999923706054688,1.2012581009912535e-06,5.504202363226796e-06,5.59155012069823e-07,1.739684165613653e-07,9.866923988965937e-08,1.1959399159877648e-07,0
0,0.9999868869781494,3.1636934636480878e-06,8.030403478187509e-06,7.564704560536484e-07,4.2602587768669764e-07,1.5963131261287344e-07,5.160462137610011e-07,0
0,0.9999696016311646,2.492250359864556e-06,2.433044573990628e-05,2.6485549824428745e-06,2.8256209816390765e-07,2.344477394444766e-07,4.968999292032095e-07,0
0,0.9999969005584716,1.4170340989494434e-07,1.7921150856636814e-06,3.250126212606119e-07,4.3377767156016496e-08,9.560748992498703e-08,7.651120199625439e-07,0
0,0.9999790191650392,1.2150775319241802e-06,9.639571544539647e-06,3.696943394970731e-06,2.602768347514939e-07,2.0707763326299758e-07,6.009717253618874e-06,0
0,0.9999730587005616,2.0380330170155503e-06,1.4847572856524494e-05,2.863275540221366e-06,4.798078521162097e-07,4.581021926242102e-07,6.2918725234339945e-06,0
0,0.9999839067459106,4.211279360788467e-07,7.875553819758352e-06,4.218544745526742e-06,3.7762842453048506e-07,6.054418122403149e-07,2.63812603407132e-06,0
0,0.9999823570251464,4.729486136056949e-07,9.434936146135442e-06,4.996702955395449e-06,3.4017585903711733e-07,4.951058940605435e-07,1.8573211946204535e-06,0
0,0.9999748468399048,4.781750817528518e-07,6.288686108746333e-06,1.4958457541069947e-05,4.812558813682699e-07,2.5708081352604495e-07,2.709175760173821e-06,0
0,0.999980926513672,4.051078974498523e-07,5.49710466657416e-06,1.148457158706151e-05,2.354953210215172e-07,1.1269025179672101e-07,1.2431818277036657e-06,0
0,0.9999810457229614,3.6884651422042236e-07,6.395859600161202e-06,9.437245353183243e-06,3.2313798215000133e-07,2.2784085729199438e-07,2.149388592442847e-06,0
0,0.99997878074646,2.7859516649186844e-07,8.473998605040833e-06,9.534635864838492e-06,3.5687313015841937e-07,5.029814360568707e-07,2.063179863398545e-06,0
0,0.9999825954437256,2.83575957382709e-07,7.152275884436676e-06,7.689513040531892e-06,3.613309331740311e-07,5.196897063797223e-07,1.3966845244794968e-06,0
0,0.999986171722412,1.981032795583815e-07,3.678141183627304e-06,6.594408660021145e-06,4.437237066667876e-07,3.546869322690327e-07,2.5509762053843588e-06,0
0,0.9999868869781494,1.2571005925110512e-07,3.1897868666419527e-06,5.340069037629291e-06,5.516024543794629e-07,3.06867207200412e-07,3.634931545093423e-06,0
0,0.9999799728393556,1.5671191988531066e-07,5.251976290310267e-06,5.159887678019004e-06,3.846139975394181e-07,3.055320689782093e-07,8.80531661096029e-06,0
0,0.9999920129776,2.51736658185564e-08,2.503168161638314e-06,2.237474518551608e-06,1.879656679193431e-07,2.933067548838153e-07,2.686296511456021e-06,0
0,0.9999964237213136,1.6639168265442095e-08,1.989338898056303e-06,9.81082052931015e-07,1.0862047616910787e-07,2.389264466273744e-07,2.879426119761775e-07,0
0,0.9999970197677612,3.1285818380411e-08,1.4080324035603553e-06,1.040882921188313e-06,1.1292380008853797e-07,1.483534504131967e-07,2.2412348243960883e-07,0
0,0.9999948740005492,3.294622175076256e-08,2.207784973506932e-06,1.8188060266766115e-06,2.154903313567047e-07,3.196461477728008e-07,5.06928756749403e-07,0
0,0.999997615814209,1.6252036161290562e-08,7.873322260820714e-07,1.1377605915185995e-06,1.4396013625628257e-07,2.776477003862965e-07,4.034119527318581e-08,0
0,0.999998927116394,2.918639108173693e-09,3.052160195693432e-07,4.138451004109811e-07,5.546292314306812e-08,3.281091949247639e-07,3.162284878399646e-09,0
0,0.99999737739563,4.39752554370898e-08,6.725891239511839e-07,1.1819806786661502e-06,2.372939746919656e-07,4.792523782271019e-07,1.5978505629732354e-08,0
0,0.9999914169311525,1.554978581452815e-07,5.791052899439819e-06,1.2852307236244087e-06,3.919171547295264e-07,9.35899549858732e-07,5.1917293575343144e-08,0
0,0.9999959468841552,4.1301646547253774e-08,2.7387775389797757e-06,5.285093038764899e-07,1.1869700955458029e-07,6.373575160978362e-07,2.5351566179665497e-08,0
0,0.9999977350234984,1.0115149606804152e-08,1.2785249055013992e-06,2.967726118185965e-07,6.488198778242804e-08,5.717873250432604e-07,3.2669543514884936e-08,0
0,0.999996781349182,3.4803193216248474e-08,1.4606436025133007e-06,1.1292943327134708e-06,1.1293649038179865e-07,4.350426365817839e-07,7.768431231625074e-08,0
0,0.9999974966049194,1.7502358673482377e-08,5.938211415923433e-07,1.1160201438542572e-06,2.1076904488381842e-07,5.425935682978889e-07,4.341236703453433e-09,0
0,0.9999918937683104,6.290341048043048e-08,4.368379904917674e-06,2.1192488475207938e-06,3.0047394261600857e-07,1.0965063665935304e-06,3.0931605721207234e-08,0
0,0.9999805688858032,4.152179826633074e-07,1.0322403795726132e-05,7.913238732726313e-06,1.4668140124740606e-07,2.431971779515152e-07,4.236594577378128e-07,0
0,0.9999808073043824,2.9296088541741483e-06,9.189203638015896e-07,9.15023065317655e-06,1.2283491059861262e-06,1.6341772379746544e-07,4.846599040320143e-06,0
0,0.999975562095642,3.2143730095413048e-06,1.2479188626457471e-05,6.6658130890573375e-06,4.925076950712537e-07,3.9548302765979326e-07,1.283250753658649e-06,0
0,0.99997079372406,3.052664169445052e-06,7.167008334363345e-06,1.6613983461866155e-05,7.405871542687237e-07,1.999138277142265e-07,1.4272633279688307e-06,0
0,0.9999898672103882,9.051566394191468e-07,4.523051302385284e-06,3.829146862699417e-06,9.414504376081825e-08,1.0584022902548897e-07,6.038389415152778e-07,0
0,0.999984622001648,8.788783816271462e-07,2.6780323878483614e-06,1.061415059666615e-05,1.9196751566141762e-07,7.655342670886968e-08,8.43986356358073e-07,0
0,0.9999778270721436,1.0986021834469284e-06,4.251187874615425e-06,1.5862950021983124e-05,3.998489717105258e-07,1.3566797463226976e-07,5.688866622222122e-07,0
0,0.9999935626983644,5.075299327472749e-07,5.250252002042544e-07,4.596242433763109e-06,3.243482922243857e-07,4.0321104677332193e-08,4.70167492494511e-07,0
0,0.9999418258666992,1.8840947859644077e-06,1.128104258896201e-06,4.6568617108277977e-05,1.808729052754643e-06,1.705545997765512e-07,6.61186822981108e-06,0
0,0.9999773502349854,8.078137625489035e-07,1.5937287400902278e-07,1.5455687389476225e-05,1.005883405014174e-06,1.9144188456721167e-08,5.149663593329024e-06,0
0,0.9999539852142334,4.181373242317932e-06,1.094605067919474e-06,3.313511842861772e-05,3.3327726214338327e-06,6.192736634602626e-08,4.177411483397009e-06,0
0,0.9999725818634032,2.933493078671745e-06,4.085721684532473e-06,1.0973916687362362e-05,2.606426733109401e-06,3.897189913004695e-07,6.359088274621172e-06,0
0,0.9999934434890748,1.431866849088692e-06,1.1882315220645978e-06,1.5866517060203478e-06,9.20712636798271e-07,2.6379913720120385e-07,1.0217654562438838e-06,0
0,0.99998676776886,3.1748095352668315e-06,3.571720299078152e-06,2.7099599719804246e-06,1.194362084788736e-06,4.788781780007412e-07,2.1226237549853977e-06,0
0,0.999926209449768,1.4914683561073616e-05,5.475587840919616e-06,2.583293462521397e-05,6.028784810041543e-06,5.226384587331268e-07,2.0945362848578952e-05,0
0,0.9998934268951416,2.7032530852011405e-05,3.068684236495756e-05,3.0420809707720764e-05,5.706581305275904e-06,1.67048824550875e-06,1.1023141269106418e-05,0
0,0.9999741315841676,7.513894161093049e-06,4.163317044003634e-06,8.38999949337449e-06,3.3878759495564736e-06,3.136721602459147e-07,2.164502802770585e-06,0
0,0.9999728202819824,3.67161919712089e-06,1.5225167544485885e-06,2.096166645060293e-05,5.493797061717487e-07,1.434095793229062e-07,3.1462744232158e-07,0
0,0.999969482421875,7.20428488421021e-06,6.5306817305099685e-06,6.889656106068287e-06,1.3802550711261574e-06,5.498701511896797e-07,7.862465281505138e-06,0
0,0.9999903440475464,2.3954455627972493e-06,1.3150790891813813e-06,5.029789008403895e-06,3.4428532558195e-07,2.589383996109973e-07,3.846194260859193e-07,0
0,0.9999613761901855,8.649005394545384e-06,5.443873305921443e-06,1.2851681276515592e-05,2.3993450213311007e-06,9.055072496266804e-07,8.367727787117474e-06,0
0,0.9999816417694092,6.514414053526707e-06,2.8301087695581373e-06,5.9863828028028365e-06,1.0446317446621831e-06,4.357095235718589e-07,1.4389493117050731e-06,0
0,0.9999645948410034,1.2109462659282144e-06,3.1537692848360166e-06,2.672910341061652e-05,1.7119901940532143e-06,1.0825740446307464e-06,1.5730313407402718e-06,0
0,0.9999730587005616,4.013406396552455e-06,4.417037871462526e-06,1.5073192116688006e-05,1.8871209022108813e-06,4.246878120284237e-07,1.0743018492576084e-06,0
0,0.9999628067016602,3.4947322546940995e-06,9.033527021529151e-06,2.155639958800748e-05,1.08002507204219e-06,4.826228519050346e-07,1.62009473569924e-06,0
0,0.9998809099197388,1.5418043403769843e-05,3.469234798103571e-05,5.226208304520696e-05,1.949823627001024e-06,1.1516231097630223e-06,1.375366628053598e-05,0
0,0.9998670816421508,1.39914473038516e-05,5.059160685050301e-05,4.637059828382917e-05,1.6096832951006943e-06,2.002020892177825e-06,1.8313159671379253e-05,0
0,0.9999042749404908,1.0508092600503003e-05,3.152357021463104e-05,3.319919778732583e-05,1.202539124278701e-06,2.949424469989026e-06,1.634030559216626e-05,0
0,0.9999361038208008,5.2582759053620975e-06,8.933511708164588e-06,3.657395791378804e-05,2.757901029326604e-06,1.5804085933268652e-06,8.771272405283526e-06,0
0,0.9999440908432008,1.6462368876091205e-05,9.552899427944794e-06,2.3384938685921952e-05,1.7206217535203905e-06,6.964328918002138e-07,4.211334271531086e-06,0
0,0.9999499320983888,9.325772225565744e-06,1.2289736332604662e-05,2.0697270883829333e-05,8.593478355578554e-07,1.468141363147879e-06,5.478016191773349e-06,0
0,0.9999456405639648,3.986362116847886e-06,2.3502352632931437e-05,1.4559774172084872e-05,4.198462590920826e-07,1.4757631561224116e-06,1.0308939636161084e-05,0
0,0.9998562335968018,1.087073360395152e-05,7.968036516103894e-05,2.41451634792611e-05,7.959499157550454e-07,4.260963578417432e-06,2.393034083070233e-05,0
0,0.9998891353607178,1.230151337949792e-05,5.7645946071716025e-05,1.4588750673283355e-05,5.015057809032442e-07,3.0001460800122004e-06,2.280940680066124e-05,0
0,0.9999089241027832,6.349539034999907e-06,3.164187364745885e-05,3.531842594384216e-05,7.448925316566601e-07,1.5952597323121154e-06,1.5433817679877393e-05,0
0,0.9997851252555848,1.0117895726580173e-05,3.9905695302877575e-05,0.000144042642205,9.65074718806136e-07,2.385195784881944e-06,1.7566184396855533e-05,0
0,0.999966025352478,1.4891066939526354e-06,1.8005016499955673e-06,2.729526568145957e-05,8.34270963423478e-07,2.0564912972531602e-07,2.357780203965376e-06,0
0,0.9999756813049316,1.388542955282901e-06,1.701038399914978e-06,1.7879041479318403e-05,1.499800305282406e-06,4.0395380551672133e-07,1.374864154968236e-06,0
0,0.9998599290847778,2.2223484847927463e-05,2.869652962544933e-05,3.934027336072177e-05,1.0937784281850329e-05,3.826280135399429e-06,3.49838228430599e-05,0
0,0.999908447265625,1.3240109183243476e-05,1.029912345984485e-05,2.0608611521311104e-05,1.257384519703919e-05,3.472142452665139e-06,3.139122054562904e-05,0
0,0.999842882156372,1.3266630048747174e-05,1.983616857614834e-05,2.7079802748630755e-05,8.21120192995295e-06,8.499911018589046e-06,8.020542009035125e-05,0
0,0.9997946619987488,2.0269175365683623e-05,1.5157071175053716e-05,1.2568410056701396e-05,3.302065124444198e-06,5.253010840533534e-06,0.0001487603876739,0
0,0.9999712705612184,3.5343521176400827e-06,4.721824552689213e-06,5.927648089709692e-06,7.892563189670909e-07,2.6398065529065207e-06,1.1053371054003946e-05,0
0,0.9999502897262572,3.524738758642343e-06,6.831965947640128e-06,9.269160727853888e-06,5.173261570234899e-07,2.2663082290819148e-06,2.738181319728028e-05,0
0,0.9998680353164672,9.607858373783529e-06,2.0095030777156356e-05,7.057861239445629e-06,9.839750418905169e-07,2.6395391614641994e-06,9.15609925868921e-05,0
0,0.9997974038124084,9.37185723159928e-06,4.81201677757781e-05,4.573174919642042e-06,1.0890778412431246e-06,7.506198926421348e-06,0.0001320093724643,0
0,0.9999611377716064,6.564345767401392e-06,1.4975666999816896e-05,2.9712186915276102e-06,7.719424388596963e-07,4.406135303725023e-06,9.18347268452635e-06,0
0,0.9999154806137084,2.527292599552311e-05,3.2821295462781563e-05,9.375754416396376e-06,1.3402145668806045e-06,3.4524214242992457e-06,1.2269289072719404e-05,0
0,0.999941349029541,3.388167169759981e-05,1.3342891179490834e-05,3.757481408683816e-06,6.023711875968729e-07,6.695620982100081e-07,6.399925496225478e-06,0
0,0.9999808073043824,6.916857273608912e-06,5.399264409788884e-06,1.9769861410168232e-06,2.531172071940091e-07,5.588968292613572e-07,4.102485945622902e-06,0
0,0.9999433755874634,1.8062473827740178e-05,2.78513616649434e-05,2.838945420080563e-06,9.298016721004388e-07,2.7220730771659878e-06,4.189935225440422e-06,0
0,0.9998739957809448,5.568975029746071e-05,4.266347968950868e-05,6.895123533467995e-06,1.6140754723892314e-06,2.563971975177992e-06,1.644070835027378e-05,0
0,0.9999877214431764,7.908572115411516e-06,1.952274033101276e-06,1.6400177855757647e-06,8.331453216214869e-08,1.403345493145025e-07,5.374686224968173e-07,0
0,0.9999313354492188,4.06211220251862e-05,5.376902663556393e-06,1.4334018487716094e-05,3.6997667507421284e-07,4.3800852722597483e-07,7.475662187061971e-06,0
0,0.9998238682746888,0.0001299010182265,1.0056306564365514e-05,2.117582698701881e-05,1.0700795201046276e-06,7.030835149635095e-07,1.336251079919748e-05,0
0,0.999653935432434,0.0002594282559584,1.626591620151885e-05,2.7735964977182448e-05,1.658957216932322e-06,4.659753756186547e-07,4.045967216370627e-05,0
0,0.999251902103424,0.0004891146672889,0.0001358636218355,4.439738768269308e-05,3.730099706444889e-06,2.578772182459943e-06,7.250456837937236e-05,0
0,0.9998067021369934,0.0001238386321347,1.0081119398819284e-05,3.384336378076114e-05,5.846624389960198e-06,7.256010121636791e-07,1.897425136121456e-05,0
0,0.999841570854187,0.000129427484353,1.2949346455570776e-05,9.793434401217382e-06,1.2950846439707675e-06,5.294547804624017e-07,4.430475655681221e-06,0
0,0.9997653365135192,0.0002003161644097,1.0688668226066513e-05,1.638809590076562e-05,9.353533414468984e-07,3.483014836547227e-07,6.001904239383293e-06,0
0,0.9999628067016602,2.797037996060681e-05,1.785724521141674e-06,5.287442036205903e-06,1.2236471036430885e-07,1.0891805857227157e-07,1.8668546317712755e-06,0
0,0.9998927116394044,1.082618564396398e-05,1.6726328340155303e-06,2.7781547942140605e-06,4.834115330254463e-08,5.1909001541616824e-08,9.18523146538064e-05,0
0,0.999894380569458,7.208458100649295e-06,3.893701796187088e-05,9.65293020271929e-06,2.0800915478957907e-07,5.124692506797146e-06,4.4454496674006805e-05,0
0,0.9999785423278807,3.752070597329293e-06,6.5641097535262816e-06,4.327862825448392e-06,1.0945895212444157e-07,1.0187816315010425e-06,5.659576800098876e-06,0
0,0.9999709129333496,3.0869580314174527e-06,1.8301720047020357e-05,2.0674833649536595e-06,7.275770741443921e-08,1.240875121766294e-06,4.1925927689590026e-06,0
0,0.9999858140945436,1.2336744248386822e-06,4.157537205173867e-06,2.6575344236334786e-06,5.3289682000468026e-08,9.898833468469093e-07,5.191953277972061e-06,0
0,0.9999938011169434,7.702857942604169e-07,2.253183083666954e-06,9.372978411192888e-07,1.5708119249779884e-08,5.344526243789005e-07,1.6523026715731248e-06,0
0,0.999993085861206,3.730671949142561e-07,1.5277371403499274e-06,1.1309822411931236e-06,2.2134624799718953e-08,5.435052798929974e-07,3.4116410461138003e-06,0
0,0.9999876022338868,2.984855655085994e-06,1.959183919097996e-06,2.478318265275448e-06,4.6447201640376086e-08,4.193284439679701e-07,4.5758820306218695e-06,0
0,0.999981164932251,2.3085101474862317e-06,5.439828782982659e-06,2.4379285150644137e-06,4.877648862589013e-08,9.489596095590968e-07,7.660670235054567e-06,0
0,0.9999889135360718,1.5365649232990108e-06,1.907686737467884e-06,3.353270813022391e-06,5.108068634740449e-08,7.982457645994145e-07,3.499709464449552e-06,0
0,0.9999923706054688,2.9636421459144917e-06,4.733274181489833e-07,2.998319132530014e-06,6.835205113020494e-08,1.8637689436218355e-07,8.277238521259278e-07,0
0,0.9999974966049194,9.860987120191569e-07,6.153318281576503e-07,5.560289650929917e-07,2.1186503218473266e-08,2.4673070697645016e-07,1.4304485773664058e-07,0
0,0.9999954700469972,5.187066562939435e-07,1.2679071232923889e-06,4.287158219540288e-07,5.00710513051672e-08,9.066562256521138e-07,1.3748860965279164e-06,0
0,0.9999958276748656,1.0902168696702574e-06,9.919335752783809e-07,5.414688644123089e-07,5.878527886693519e-08,4.933912123306072e-07,1.0169956112804357e-06,0
0,0.9999830722808838,2.060062797681894e-06,1.3775490970147075e-06,1.3458359262585873e-06,1.4869387143789936e-07,8.237134920818789e-07,1.122066350944806e-05,0
0,0.9999892711639404,7.657828291485202e-07,9.488016985415016e-07,2.250911165901925e-06,3.572013440589217e-07,4.331910531618632e-06,2.071962398986216e-06,0
0,0.9999884366989136,8.327364753313304e-07,5.263635785013321e-07,1.090244040824473e-06,7.596822229061218e-07,7.994037332537118e-06,4.360537388947705e-07,0
0,0.9999969005584716,6.219055848077916e-08,3.443035012651308e-08,1.1621125395322451e-06,2.1584763487680905e-07,1.5810006743777194e-06,2.479915828246249e-08,0
0,0.9999940395355223,2.049570895223951e-07,7.703061299935143e-08,1.3155695341993123e-06,5.054367306911445e-07,3.844571438094135e-06,3.3199022198004975e-08,0
0,0.999891757965088,2.2234853531699628e-05,3.824815394182224e-06,1.7534031940158457e-05,1.3715829481952824e-05,4.379516030894592e-05,7.194654699560488e-06,0
0,0.9998154044151306,5.6053861044347286e-05,7.396552064165007e-06,1.9325971152284183e-05,2.368097739235964e-05,6.132235284894705e-05,1.676833926467225e-05,0
0,0.999536395072937,0.0002701093617361,1.306213926000055e-05,5.51083758182358e-05,2.34386207011994e-05,3.617905895225704e-05,6.575624138349667e-05,0
0,0.9997217059135436,0.0002112395886797,5.257394150248729e-06,1.6577547285123728e-05,1.14692284114426e-05,2.196576679125428e-05,1.1785054084612057e-05,0
0,0.9999667406082152,2.255296567454934e-05,5.64774325084727e-07,3.289874030087958e-06,2.0179491002636496e-06,4.0214458749687765e-06,7.49469734273589e-07,0
0,0.9999370574951172,4.552036625682376e-05,2.0299951302149566e-06,3.476293841231381e-06,3.88952730645542e-06,6.94466552886297e-06,1.122394223784795e-06,0
0,0.9999717473983764,1.0465166269568726e-05,1.855660229921341e-06,2.853675823644153e-06,1.8891909121521169e-06,7.879521945142187e-06,3.211278226444847e-06,0
0,0.9998594522476196,8.307366078952327e-05,3.702753247125656e-06,1.0273760381096508e-05,1.856093331298325e-05,1.8375631043454632e-05,6.493411547126016e-06,0
0,0.999887228012085,4.052855729241856e-05,3.81675954486127e-06,1.1998215086350685e-05,2.7475532988319173e-05,2.416982533759437e-05,4.806378456123639e-06,0
0,0.999760925769806,0.0001691903598839,8.806092409940902e-06,7.086536243150476e-06,8.25291317596566e-06,1.246979991265107e-05,3.327367448946461e-05,0
1,9.203280205838382e-05,0.9995166063308716,4.917965270578861e-07,3.0900107503839536e-06,2.192199985984189e-07,6.64083898982426e-09,0.000387615233194,0
1,0.0006871275836601,0.9990376234054564,1.7336653854727049e-06,1.975930717890151e-05,8.277549454760447e-07,2.5045332918693933e-08,0.0002530001802369,0
1,0.0008311586570926,0.999090313911438,5.435749699245207e-06,5.526929726329399e-06,2.013224076335973e-07,1.0509013037562909e-07,6.729872256983072e-05,0
1,0.0004279055574443,0.9995242357254028,6.181044227560051e-06,6.944055712665431e-06,1.593105309893872e-07,4.8807425656605126e-08,3.4626929846126586e-05,0
1,1.30212283693254e-05,0.9999728202819824,3.90200284527964e-07,1.7738432234182258e-07,2.1815178996575924e-08,4.965741595697182e-09,1.3629353816213552e-05,0
1,6.296205810940592e-06,0.9998661279678344,3.027477646355692e-07,6.327201731437526e-07,1.8126170786558763e-08,2.1143786721466995e-09,0.000126624625409,0
1,3.6324941902421415e-05,0.9996198415756226,1.4478906678050407e-06,2.977663598358049e-06,1.8685908287352507e-07,1.6335352626128952e-08,0.0003391519130673,0
1,5.599773430731148e-06,0.9998507499694824,6.672129160278929e-08,2.697904051274236e-07,1.960763427177881e-07,1.244319203230759e-09,0.0001431373239029,0
1,6.099622623878531e-06,0.9995504021644592,3.396503700514586e-07,6.357224719977239e-07,2.2941733845982529e-07,1.913279312759641e-09,0.00044235252426,0
1,2.2592486857320185e-05,0.9999265670776368,3.7298175215028095e-08,3.325155262245971e-07,9.166905812207916e-08,4.1925504734585667e-10,5.038088420405984e-05,0
1,3.5493794712238014e-06,0.9999606609344482,2.1144265005546004e-08,6.484024339670215e-08,6.831000831653e-08,2.4562629707958195e-10,3.563344580470584e-05,0
1,3.733559239549322e-08,0.9999908208847046,1.8748501418031083e-08,5.0455060573995076e-08,4.6302615075433096e-09,9.959656016578221e-11,9.124146345129702e-06,0
1,2.270535537363116e-09,0.9999996423721312,4.638706641024725e-10,1.3651637598144362e-09,4.4146830635583006e-10,1.1447834867561736e-11,3.674587958357733e-07,0
1,8.804463824674257e-10,0.9999996423721312,4.5876905052644185e-10,1.136463145812172e-09,4.769497019552205e-10,1.10762319455171e-11,3.29174412172506e-07,0
1,7.239629729038909e-11,0.9999995231628418,6.335197921814029e-10,2.175412960880862e-09,9.155559643758691e-10,2.324452609558936e-11,4.211907196349785e-07,0
1,8.931924644350886e-12,0.9999998807907104,2.2799987592359017e-11,2.0140433765192256e-10,2.6419419429934976e-10,1.910380057271177e-12,9.131819211916081e-08,0
1,8.597206280214209e-12,0.9999998807907104,1.9744667012489003e-10,2.093163420369137e-10,4.737158998402434e-10,6.039344371822075e-12,1.1952522527280962e-07,0
1,5.371221689642881e-09,0.9999991655349731,4.820150945050726e-10,1.583227215995464e-09,6.838912547380005e-09,2.576508624507756e-11,8.191275924218644e-07,0
1,1.426241851731902e-06,0.9999643564224244,1.4988965624240788e-10,1.0183027754351316e-08,2.3715084296327407e-07,1.1182486360505894e-11,3.398328408366069e-05,0
1,3.469441071501933e-05,0.9999260902404784,4.719062363101044e-10,3.369127341557032e-07,4.436765721038682e-06,6.557766829562439e-11,3.4366032195976004e-05,0
1,1.6344496600595448e-07,0.9999996423721312,8.794020373015242e-11,3.0228944347676645e-10,9.117436583494511e-09,4.795370697752155e-12,1.34426301201529e-07,0
1,1.4249746982386569e-07,0.9999991655349731,2.5779685677851383e-11,3.467570897086602e-09,2.4493655104151912e-08,1.3844392212497558e-12,6.256312303776213e-07,0
1,1.0910832237698289e-08,0.9999996423721312,5.0140377960694587e-11,5.575117589806665e-10,8.879888824253612e-09,3.760542224839902e-12,3.848471976652945e-07,0
1,7.408791802276937e-09,0.9999997615814208,2.7095076182703792e-11,3.08048253572224e-10,6.0885780861497105e-09,1.532745393280355e-12,2.293034384592829e-07,0
1,2.1208421685514626e-08,0.9999996423721312,1.0683452039694784e-10,1.3506443741206906e-09,1.1232105912029056e-08,3.118884057268234e-12,2.784198329663923e-07,0
1,1.5092258820459392e-07,0.9999983310699464,9.089412555951525e-10,3.9407148655357105e-09,6.232435367792277e-08,1.864153276187608e-11,1.4879807395118403e-06,0
1,2.0519061649793002e-07,0.9999979734420776,3.630602485316104e-10,7.377318755885652e-09,2.826652405474306e-07,3.701544279421931e-11,1.5294619970518395e-06,0
1,1.5836893680898356e-06,0.9999871253967284,1.0311312914623727e-09,1.7415631603512338e-08,1.5695601405241175e-06,7.512582916868736e-11,9.712169230624568e-06,0
1,5.474581712405779e-07,0.999996542930603,6.783690831291266e-10,6.219892600967114e-09,9.274709356077437e-08,1.276098497704492e-11,2.820149802573724e-06,0
1,1.3482394933816977e-07,0.999998927116394,3.0473390477681045e-10,1.8737240647936915e-09,3.0345127299824526e-08,6.714188233170049e-12,8.802775255389861e-07,0
1,4.378736093713087e-07,0.9999961853027344,6.625747728250531e-10,1.3697187384309473e-08,7.516015898545447e-08,6.850579565426118e-12,3.325493480588193e-06,0
1,7.275262419170758e-07,0.9999958276748656,1.4339111009675776e-09,1.0000775318985689e-08,1.5966942612521964e-07,2.891399446258713e-11,3.3165067634399747e-06,0
1,5.833524596710049e-07,0.9999940395355223,9.42576239282289e-10,4.543499798614903e-09,2.412162416476349e-07,4.8161533788837474e-11,5.178154879104113e-06,0
1,1.2219846894367947e-06,0.9999607801437378,2.060066561782037e-09,1.8496784548460713e-08,6.523662818835874e-07,6.92023174875267e-11,3.733086123247631e-05,0
1,1.1778288353525568e-06,0.9999585151672364,2.1019594953486376e-09,1.5942877240604503e-08,6.037168986949837e-07,5.941729053215994e-11,3.972832200815901e-05,0
1,1.0709360367400222e-06,0.999976396560669,1.891996781466787e-09,1.7112741446112523e-08,4.304344258798665e-07,3.586200433836062e-11,2.213317202404141e-05,0
1,5.827207019137859e-07,0.999992847442627,1.114871972518472e-09,4.3761332335634515e-09,1.7269270813358164e-07,1.5804912933958803e-11,6.398216555680847e-06,0
1,2.083812887576641e-06,0.9999847412109376,4.1919490101349766e-09,1.0053085475192349e-08,3.992131496488583e-07,5.5997352588210696e-11,1.2723809049930423e-05,0
1,1.1730553524103016e-06,0.9999849796295166,2.415858624260636e-09,1.1015158563054685e-08,4.243463536113268e-07,3.973573206583758e-11,1.3437511370284485e-05,0
1,1.103305294236634e-06,0.9999878406524658,2.2847141956106043e-09,8.20427015213454e-09,3.255618707953545e-07,4.242730125558758e-11,1.0708119589253329e-05,0
1,5.841899337610812e-07,0.9999943971633912,1.298976815000685e-09,3.035406148654829e-09,1.4425074823520845e-07,2.4024520220433665e-11,4.854853159486083e-06,0
1,5.044238378104637e-07,0.9999946355819702,5.945212100399998e-10,4.760587035690378e-09,1.7004032315526277e-07,7.059177027646246e-12,4.639820872398559e-06,0
1,2.683142383830273e-07,0.9999974966049194,2.97761232337379e-10,9.88650050715023e-10,8.471038626112205e-08,5.3837485684826706e-12,2.1845344235771336e-06,0
1,1.4526135316828006e-07,0.9999986886978148,2.0699866820628188e-10,1.8803780754694801e-10,4.870798875344917e-08,4.607974592174546e-12,1.059056330632302e-06,0
1,7.370667276518361e-08,0.9999995231628418,1.0104898862106636e-10,6.350898279494642e-11,2.4906160689397442e-08,2.385226998552481e-12,4.020509720703558e-07,0
1,3.8486042797103444e-08,0.9999992847442628,1.360699053432057e-10,6.145118441880369e-11,1.579807751284079e-08,5.296106869029371e-12,6.622916544074542e-07,0
1,2.994104519871144e-08,0.9999980926513672,8.616389268745194e-10,8.592309502786222e-11,1.1856279513722257e-08,2.259112688585141e-11,1.8481237020751e-06,0
1,1.137919696247991e-07,0.9999977350234984,1.658645443214368e-09,7.884773389754685e-11,1.4502167466901028e-08,3.2079800621476195e-11,2.175607505705557e-06,0
1,1.5757642302105523e-08,0.9999982118606568,5.055672547271682e-10,4.246441739907958e-11,5.858659335444827e-09,1.5061627292589638e-11,1.7737148709784378e-06,0
1,4.354465588107814e-08,0.99999737739563,6.453373391224203e-10,8.429585501845692e-11,6.6669589848800115e-09,1.3169513222999196e-11,2.5168114916596096e-06,0
1,6.143302044847587e-08,0.999997854232788,1.5197293423696576e-09,8.072618962184919e-11,7.926884038056414e-09,2.730779491422197e-11,2.083103026961908e-06,0
1,5.738168340485573e-08,0.9999974966049194,8.987795507842121e-10,4.7785445739245696e-11,1.2558358797321034e-08,2.469698751061955e-11,2.420791133772582e-06,0
1,5.723260798617957e-08,0.9999977350234984,4.995264202278803e-10,3.793408642760454e-11,1.7716379474563837e-08,2.254376893495724e-11,2.220136593678035e-06,0
1,1.8556395531277303e-08,0.9999988079071044,4.039586998239031e-10,4.361838321087497e-11,3.773032108966845e-09,1.2766320119095288e-11,1.1665764532153844e-06,0
1,4.1894608671100286e-08,0.9999971389770508,1.1972521862801955e-09,1.4925066738058487e-10,6.353094494926381e-09,4.6993641616976944e-11,2.846230472641764e-06,0
1,8.060176526214492e-08,0.9999948740005492,1.228016577314861e-09,7.00364627403971e-11,1.7925676942809332e-08,5.238290357034714e-11,5.008043444831856e-06,0
1,1.37381960030325e-07,0.999991536140442,1.615719780190261e-09,6.694551857311382e-11,3.8815716862927736e-08,5.3744543537792566e-11,8.290729965665378e-06,0
1,1.0068874445323672e-07,0.9999971389770508,1.3627460271337102e-09,6.424225734713572e-11,1.6700671068292653e-08,3.2699523644375006e-11,2.7058817977376748e-06,0
1,3.111109592168759e-08,0.999992847442627,2.8223574588537303e-09,1.4439319184766927e-10,1.4274757376142588e-08,4.1509712334075743e-11,7.149976681830594e-06,0
1,2.9552744251759577e-08,0.999987006187439,1.0652819737444472e-09,1.9462381706247808e-10,2.6456069335267784e-08,1.0575178233107607e-10,1.2949129995831754e-05,0
1,6.625512469327077e-06,0.9998852014541626,1.281159427435341e-07,1.788248549239313e-09,1.2076975508534818e-07,1.4103858081426779e-09,0.0001078535278793,0
1,1.0943911547656173e-05,0.9999096393585204,3.8903979771021113e-07,3.755515454173519e-09,1.0056093913135557e-07,1.9347485835652382e-09,7.894223381299525e-05,0
1,6.898104061292543e-07,0.999805986881256,3.2386541448659045e-08,1.110849634500255e-09,2.2994436221779327e-07,1.3032807055779472e-09,0.0001930492726387,0
1,4.169177998392115e-07,0.9950214624404908,2.4622313077315997e-08,2.3247896940858932e-09,1.742536937854311e-06,4.9305999283433274e-09,0.0049763950519263,0
1,3.190309030287608e-07,0.9996047616004944,1.6111696865550584e-08,1.065535104594062e-09,1.8797587131302865e-07,9.82482428746323e-10,0.0003946882789023,0
1,3.7640606365130235e-07,0.999710500240326,1.0571580055795948e-08,4.0401015866109447e-10,2.261685523308188e-07,7.164499549183744e-10,0.0002888939634431,0
1,2.6805369088833686e-06,0.9990573525428772,5.0103142967827814e-08,2.7056510365497392e-09,9.266515803574292e-07,1.764416168725802e-09,0.0009389916667714,0
1,1.0167555046791676e-06,0.999185025691986,1.850543185355491e-08,2.043064828427532e-09,1.0765288607217371e-06,1.6239100064652232e-09,0.0008128678891807,0
1,3.739045837392041e-07,0.9993762373924256,1.60139670413173e-08,2.725531800251701e-09,4.820583967557468e-07,2.492768436113124e-09,0.0006229509599506,0
1,3.451907559792744e-07,0.999394416809082,1.0824779295148801e-08,2.279098909596655e-09,4.6973522671578404e-07,1.523474790765533e-09,0.0006047169445082,0
1,2.463502539740148e-07,0.9992662072181702,6.708587907411356e-09,1.4796606162548187e-09,4.567522751131037e-07,1.102427593657751e-09,0.0007330646039918,0
1,1.79701515889974e-07,0.9986376166343688,4.916597351467544e-09,2.1744357425745875e-09,6.319680778688053e-07,1.2123330117574938e-09,0.0013616051292046,0
1,1.682060144503339e-07,0.9991663694381714,3.981965424060263e-09,1.0881437972898311e-09,4.05528254532328e-07,6.910003680360433e-10,0.0008331162971444,0
1,1.1814869083082159e-07,0.9991626739501952,2.344125338282765e-09,9.335408002186796e-10,4.360041714335239e-07,5.84522596991377e-10,0.0008368383278138,0
1,1.0307938680398365e-07,0.997527539730072,3.160654626910286e-09,1.8622183795002911e-09,1.0423165122119826e-06,1.574513741608996e-09,0.0024713575839996,0
1,1.796733926084926e-07,0.9984423518180848,9.028537917288304e-09,3.51471562964889e-09,1.1153637160532526e-06,4.270672704365097e-09,0.0015563666820526,0
1,3.6071020304007117e-07,0.9976670742034912,1.6405945046926718e-08,6.0439111493337805e-09,1.509564299340127e-06,5.870195884938312e-09,0.0023310515098273,0
1,2.3968584628164535e-07,0.9922745823860168,1.150215656053888e-08,8.182614585905412e-09,2.9067243758618133e-06,7.995321738007988e-09,0.0077222133986651,0
1,1.90678079547979e-07,0.988521933555603,1.0349149981436769e-08,6.0458478223779374e-09,4.312767487135716e-06,1.2247659775255217e-08,0.011473529972136,0
1,8.461208267362963e-07,0.9431540369987488,5.226236510225135e-08,5.5450254166089514e-08,1.807528860808816e-05,6.95411870310636e-08,0.0568269528448581,0
6,2.94260296129778e-08,2.6100094601133605e-06,6.161972043727815e-10,3.08122105607822e-09,5.773792395302735e-07,4.882435078457093e-08,0.999996781349182,0
6,2.1183060638918505e-08,2.3709021661488805e-06,6.144205699776251e-10,2.1348824930100822e-09,4.0822251889949257e-07,3.3482365324744023e-08,0.9999971389770508,0
6,4.4422648670661153e-08,3.880906206177315e-06,1.5495077443361536e-09,5.662472268852525e-09,3.922553162283293e-07,8.757341873888437e-08,0.9999955892562866,0
6,1.2601329757444546e-08,6.142862503111246e-07,3.702849971087829e-10,1.980066999252017e-09,8.804737916534577e-08,5.6903857625911776e-08,0.9999991655349731,0
6,1.2161026852197665e-08,1.2709443808489598e-07,3.1006772149844153e-10,1.188119269635024e-09,1.6785475054348353e-07,7.533981971619141e-08,0.9999995231628418,0
6,2.937995624563428e-08,1.687848367737388e-07,4.741297909838238e-10,1.659851367463716e-09,6.825015930189694e-08,4.74227945801431e-08,0.9999996423721312,2
6,8.89008191506946e-08,9.086352292797528e-06,1.6808373581866931e-09,4.369133499437794e-09,2.608635156775563e-07,7.425207115829836e-08,0.999990463256836,2
6,4.143515752730309e-08,1.3870651400793577e-06,4.866110292489623e-10,1.3993196601447264e-09,5.155516760169121e-07,4.8823572740275274e-08,0.9999979734420776,2
6,9.120388888561592e-09,6.464217108259618e-07,9.431058711761864e-11,3.1578539783083665e-10,1.522396217978894e-07,1.26231487485029e-08,0.9999991655349731,2
6,1.7613567493413033e-08,9.230096793544362e-07,1.4218037858171328e-10,1.4218533017640311e-09,1.4546169779805498e-07,1.5708051748219987e-08,0.999998927116394,2
6,1.424593243370964e-08,6.20708306087181e-06,1.0671978578624676e-10,2.8021478470918733e-09,4.703014724327659e-07,2.0367936670595558e-08,0.9999933242797852,2
6,4.969763711670794e-09,1.3493279311660444e-06,1.6590606666255778e-10,6.9003864844319204e-09,3.4892188693902426e-08,4.9059959650321616e-08,0.9999985694885254,2
6,3.8892694620429324e-10,3.834517485756805e-07,6.095578208853425e-11,2.3776054902668875e-08,7.217633157807768e-09,4.887851012824741e-09,0.9999996423721312,2
6,7.689026304547042e-09,3.827864020422567e-06,4.4141876265335606e-10,2.7743697117443844e-08,3.0828552155526274e-08,1.1384253539858946e-08,0.9999961853027344,2
6,6.999685275843603e-09,3.510154556352063e-06,2.5993568408821943e-10,8.567447196128342e-09,8.027796205567483e-09,3.282087934763922e-09,0.9999964237213136,2
6,6.6378436081038225e-09,1.841345124375948e-06,1.977385144513732e-09,4.071294057439445e-08,4.90879026315838e-09,1.2716874664420176e-08,0.9999980926513672,2
6,9.855344318410175e-10,2.650951103078114e-07,1.1695722168525435e-09,1.7286089004642236e-08,3.631061451514484e-09,1.3285595734657818e-08,0.9999997615814208,2
6,2.7234933752673385e-10,2.3792811987277679e-07,1.1405886651827402e-10,3.4805069937249304e-09,5.733933328144758e-09,2.591149517172653e-09,0.9999997615814208,2
6,5.837704625255569e-11,1.956967388139219e-08,4.122853534266335e-12,8.949055940732363e-10,4.558900368323293e-09,2.9188801375923385e-10,1.0,2
6,1.1300415048154375e-09,7.494870146729228e-08,3.52859907959413e-10,6.9534538127413725e-09,6.919759698575946e-08,5.3711430858527365e-09,0.9999997615814208,2
6,4.970467093468045e-11,1.2568952545422007e-09,3.666690215342605e-12,1.7394226337064111e-10,1.1884920603222326e-08,5.896589466702906e-11,1.0,2
6,1.266992804074829e-12,4.8802090840682766e-11,3.935288306702346e-14,1.0014774599886866e-11,1.7626148318683475e-09,5.884441371672988e-12,1.0,2
6,1.1358247242049258e-12,1.2400899751519034e-10,3.578574069018625e-13,8.833107856265343e-11,4.516456986181083e-09,1.3831900902427918e-11,1.0,2
6,1.2253997187620938e-13,6.765822711113367e-12,3.7621185192734247e-14,1.240638147770312e-11,4.004871545504329e-09,2.553140424771394e-12,1.0,2
6,9.994633023762897e-14,2.9494785520195466e-12,1.1149303255262276e-14,3.223042709457613e-12,6.162547805388385e-09,6.438957982253525e-13,1.0,2
6,2.2420972278216697e-14,8.374103277128397e-13,5.855515725072813e-14,4.2965114972759455e-12,2.7502746746677076e-09,3.269087257840031e-12,1.0,2
6,2.942315690745924e-15,2.6736466231074013e-13,2.39925046925096e-15,1.5573113978928355e-11,2.4205071280647413e-09,5.80382584439848e-13,1.0,2
6,6.643066800045717e-15,3.389935630381674e-13,7.375087919655934e-15,9.838189291011544e-12,3.881624799362271e-09,1.3604469113748239e-12,1.0,2
6,3.6222489851328593e-13,6.712697238342447e-12,8.715483304673477e-13,1.3257865638660604e-10,1.7282204112234467e-08,4.693009175715801e-11,1.0,2
6,1.9608107997524937e-13,6.38934044561168e-12,5.058567497176479e-13,8.35974969803921e-11,9.772390896500838e-09,3.9644725002840886e-11,1.0,2
6,3.77870396648175e-13,7.94732595704728e-12,4.995562882630089e-13,1.8147089386744142e-10,9.631277109178882e-09,3.68921733440164e-11,1.0,2
6,4.200526170926484e-14,5.696285890893771e-12,1.59009734361764e-14,6.214239539614752e-11,3.819674798677397e-09,7.928566657378067e-12,1.0,2
6,7.506852534337402e-14,7.286814381057827e-12,1.3261961820875636e-14,3.586777749808867e-11,2.2859756310111834e-09,5.555243764998608e-12,1.0,2
6,1.4209735276458912e-13,7.872120490193257e-12,6.212428981617822e-14,4.151998536650048e-11,9.377622234296725e-09,2.7317386200320648e-11,1.0,2
6,5.216456606949027e-13,1.946069347336099e-11,1.6344266435056045e-13,5.1081368301897356e-11,3.063149378590424e-08,1.1967321578154608e-10,1.0,2
6,5.929380250679905e-13,1.826274027838526e-11,1.2226729502982925e-13,2.0425074825913825e-11,1.3245873731193571e-08,5.681066034268767e-11,1.0,2
6,1.645067437307246e-12,2.6807726177802135e-11,2.5471367636614733e-13,4.793472563324741e-11,1.4314994523090265e-08,2.9613686503005e-11,1.0,2
6,1.4504549904897912e-12,2.670902214674253e-11,1.2334594066618076e-13,8.817890861934075e-11,9.502706177499933e-09,1.5178192036557903e-11,1.0,2
6,7.106183046515224e-13,3.246644272869581e-11,2.8938304660539043e-13,3.3010125882748647e-11,1.5248030393877343e-08,7.997571355167209e-11,1.0,2
6,1.2639709157796777e-12,5.5375586061057185e-11,4.468344097507959e-13,4.125663699561244e-11,1.104599878232193e-08,1.010764111297746e-10,1.0,2
6,2.191444074817195e-12,7.326815543162724e-11,9.30178785558955e-13,2.2273698510599796e-11,4.436541356511725e-09,1.4310856666366334e-10,1.0,2
6,1.6211957123979378e-11,1.4038745166367048e-10,3.181613176042597e-12,5.3093935498127465e-11,1.9564149411621656e-08,2.3497384593618165e-10,1.0,2
6,8.413701159393216e-12,3.255946207092464e-11,1.97131547197138e-12,4.342071147078741e-11,6.894029347392916e-09,1.5131863817519076e-10,1.0,2
6,4.557867538251825e-12,1.9084909000377515e-11,1.5480263555398e-12,3.698827702458552e-11,4.946949960782376e-09,1.6430684590673647e-10,1.0,2
6,2.1641828953922197e-12,3.692476879813e-11,7.231097231413798e-13,2.626861922427892e-11,5.8093756472032965e-09,1.7720355738326532e-10,1.0,2
6,2.5726348135135524e-12,7.040756172527196e-11,5.999880496945775e-13,9.044753140896587e-11,7.617470210163901e-09,1.4754687749363169e-10,1.0,2
6,5.133408888940982e-13,1.3713793121927775e-11,1.0349887450984003e-13,2.988097963507741e-11,3.256713787536114e-09,4.295030303635983e-11,1.0,2
6,6.299885201184463e-13,1.190850196230997e-11,7.132686233096362e-14,9.085593388746815e-11,7.0220820269639725e-09,4.1847709325582017e-11,1.0,2
6,1.2354919604745662e-12,8.003686255420028e-12,3.4544083901948824e-14,5.89084475643986e-11,3.776564394541992e-09,1.2230426740811318e-11,1.0,2
6,2.064093037115744e-12,7.354268236059447e-12,3.4939282370083375e-14,2.617500660662131e-10,5.658243207307123e-09,1.0852187204424268e-11,1.0,2
6,3.3692133284690677e-12,1.2487121579807248e-11,3.797663409872004e-13,2.6003776909533366e-10,7.663126133650167e-09,5.4001268734449326e-11,1.0,2
6,1.657938218137256e-12,4.482892789620108e-12,5.1256670755657145e-14,1.480509187468115e-10,4.534116637699981e-09,9.41418557692808e-12,1.0,2
6,3.143166933325392e-12,1.85787010775762e-11,2.1543551176946701e-13,2.2051319104043896e-10,2.611748328718022e-08,7.697764647929262e-11,1.0,2
6,8.073860048411763e-13,4.6375004530974095e-12,3.174578181168626e-14,1.1160538465615487e-10,4.570392952985003e-09,9.163486809626864e-12,1.0,2
6,1.6340939018588685e-12,1.4921003668733057e-11,9.034066490764063e-14,2.448538316546234e-10,7.8407982329054e-09,1.845498233399301e-11,1.0,2
6,3.2415303080624014e-13,3.5523595783709668e-12,6.118362499990147e-15,1.9007431739659355e-10,1.4792030933463707e-09,6.49354593533491e-13,1.0,2
6,7.251777303651785e-12,1.0748282472383686e-11,2.985058489453352e-13,2.536447274437137e-09,1.4657147495711342e-08,2.3832828072167797e-11,1.0,2
6,1.3544918225222302e-12,1.6560103982543597e-12,3.830048528764146e-13,5.823194704213107e-10,1.817293648898044e-09,6.15886300292523e-11,1.0,2
6,8.644068967555985e-12,4.7945861690601435e-12,1.4029871014953345e-12,2.4459163583401278e-09,1.2344839817046704e-08,3.98904270726419e-10,1.0,2
6,1.7108906305574045e-11,1.327068012771382e-12,4.888980388063903e-13,1.0983806086883874e-09,8.536305884376816e-09,7.644917476845591e-10,1.0,2
6,6.079979727145747e-13,1.5285583671205416e-13,5.878433726120083e-14,1.2277194018361914e-11,1.65121485928843e-10,6.839798172286747e-11,1.0,2
6,1.3189123187692942e-12,9.66605810150123e-13,5.766101029806847e-13,1.7485068948275284e-10,5.025001595382328e-11,3.86037174449072e-11,1.0,2
6,1.6270992799632957e-12,3.114278149599081e-12,5.994698552662381e-13,3.35106054016876e-10,4.935607478273596e-11,2.1307330899666965e-11,1.0,2
6,1.4791747199923574e-13,7.307618594444565e-13,2.2279441543059976e-14,2.1457577034644792e-11,1.5298783073713906e-11,3.954494717794965e-12,1.0,2
6,9.244283127613635e-14,1.3066955286897277e-12,1.0123871955602245e-13,1.1198386662414349e-10,1.1918369069441326e-10,1.401786846322306e-11,1.0,2
6,5.609323227261098e-15,1.0388696196697578e-12,1.98864735171788e-14,2.2274293520752053e-11,2.08202188128892e-11,2.062574069872092e-12,1.0,2
6,4.195231367973198e-15,3.368808487377861e-12,7.688856028373239e-15,1.0633481074828754e-11,7.839041221702203e-11,3.506441014280992e-13,1.0,2
6,1.0234933560393509e-12,3.8047648365235887e-11,3.836980104303389e-13,1.7316195352612418e-11,1.7760191095561595e-09,3.1648857146127085e-11,1.0,2
6,6.07209866155395e-13,8.419259733827289e-11,1.0490399374911767e-13,1.882945709075212e-11,1.364154345040447e-09,9.103402927312931e-12,1.0,2
6,1.2350191182231018e-11,7.95596366565121e-10,8.034628518061027e-12,1.4809413417804507e-10,3.805088688579872e-09,1.0692955548785575e-10,1.0,2
6,1.50462350911873e-11,6.176418265724236e-10,3.6182320160837996e-12,3.646806814860959e-11,5.662065039047093e-09,1.7972276444844226e-10,1.0,2
6,3.373506196613363e-10,2.0436445424820704e-08,3.0151736662986645e-10,3.688374883292767e-10,3.5926579045053586e-08,2.813563160231069e-09,1.0,2
6,1.418316714074663e-10,1.4789105051704611e-08,1.3430402623360038e-10,7.976487526040188e-11,2.1852587295256853e-08,2.724087844185874e-09,1.0,2
6,2.8951213648653606e-10,5.8808713454538974e-09,3.0343203644145333e-11,2.4513749363741505e-10,1.2245384262143943e-08,6.947897257525425e-10,1.0,2
6,8.417866403931383e-10,2.9932362366480454e-08,9.329497591137326e-11,1.999239523930996e-10,1.697038420900299e-08,1.499968815821262e-09,1.0,2
6,1.4251568813961056e-08,8.353990210707708e-08,9.178607318638399e-10,9.45022726739353e-10,1.5207457693122708e-07,1.5915400553012663e-08,0.9999997615814208,2
6,4.240828488377701e-08,1.2331024379363953e-07,1.4976866413718424e-09,9.307173365336039e-10,4.752920972350694e-07,1.702753493759701e-08,0.9999994039535522,2
6,4.74638675029837e-08,2.018982172558026e-07,4.970033273821173e-09,3.991744712550371e-09,2.617078678213147e-07,1.3361369788356114e-08,0.9999994039535522,2
6,5.538724394682504e-07,2.151324309807024e-07,1.4539128123658427e-08,1.928187387534308e-08,5.42753582521982e-07,4.1660801031184747e-08,0.9999986886978148,2
6,1.2792058612376422e-07,8.679304386305375e-08,6.875628066893569e-09,1.0800429883772722e-08,2.524098761114147e-07,2.8737053625604858e-08,0.9999995231628418,2
6,9.070692641444111e-09,2.907957785680537e-08,2.536321375146144e-09,2.843488333681421e-09,7.36045677740549e-08,8.142230001340067e-09,0.9999998807907104,2
6,1.5604802783286686e-08,2.0960662538982436e-08,1.2318018827173203e-09,9.756964125529064e-10,1.0126971972113097e-07,1.0103024195018406e-08,0.9999998807907104,2
6,3.3679405930797663e-08,5.1910891585293946e-08,4.544201015477256e-09,1.656309311925952e-09,1.4693145544697472e-07,2.6551898457682913e-08,0.9999996423721312,2
6,2.1166474795109025e-08,5.928092861040569e-08,3.8597702811671306e-09,2.502267060222607e-09,1.8330140960642893e-07,2.1403074867976105e-08,0.9999996423721312,2
6,4.056192715040652e-09,3.0354126323572934e-08,2.0059895966539894e-09,7.646389632576245e-10,5.967914518123507e-08,1.0563915076033936e-08,0.9999998807907104,2
6,1.8782918331794466e-08,5.482599618744644e-08,1.183155462491925e-09,1.9833938935676088e-09,3.724510406755144e-07,1.0368006009287e-08,0.9999995231628418,2
6,1.4785210389334225e-08,2.6831807886651404e-08,2.6361499649851794e-09,2.687400080247926e-09,1.1237086994242419e-07,1.7851213840458513e-08,0.9999998807907104,2
