6,9.733216316254456e-11,2.9197688711235514e-10,4.1241496329114113e-11,8.328502190124709e-07,7.0841057464576815e-09,3.829777384112276e-08,0.9999991655349731,2
6,1.8991834146997452e-11,2.747597288577097e-11,2.2438017156095613e-12,2.1424979479434117e-07,1.7024545106991695e-09,6.594771395640464e-09,0.9999997615814208,2
6,8.901090801927136e-12,6.50306961058611e-11,9.275582689080577e-13,1.7303598554008206e-07,2.811604504771026e-09,6.429593746304363e-09,0.9999997615814208,2
6,1.1304753140539692e-11,1.2502658630619834e-10,7.783177748132974e-12,6.740718276887492e-07,9.812854973034746e-10,7.944847446594851e-09,0.9999992847442628,2
6,5.870398611662608e-11,5.154767168669139e-10,1.4655821001241518e-10,3.6351359540276462e-06,3.2268800964629918e-09,2.9085908792580998e-08,0.999996304512024,2
6,1.0234673351872114e-11,2.2900742413511918e-10,1.3972101253756364e-11,1.060852810041979e-06,1.1434243551988743e-09,5.817507808814071e-09,0.999998927116394,2
6,9.11507501422104e-12,3.3693758894060006e-10,3.1796945718781666e-12,4.16082883702984e-07,2.434317192268054e-09,3.539627702053849e-09,0.9999995231628418,2
6,1.0726605714772576e-10,2.262402043484712e-09,1.0773149733411812e-10,1.2573425465234322e-06,1.683039840827405e-08,2.8668379670193644e-08,0.9999986886978148,2
6,1.910093090640164e-11,8.807943818744944e-10,1.1491591532519774e-11,6.887355397111605e-08,1.0217437562687335e-08,1.867757148943383e-08,0.9999998807907104,2
6,8.820122583685919e-12,6.425349141636615e-10,5.899364330375079e-12,5.6020507344101134e-08,9.109408338758841e-09,1.752491662898592e-08,0.9999998807907104,2
6,2.002507968473788e-12,9.904695119633543e-11,2.1064343845578204e-12,2.262293818944272e-08,2.574160440360629e-09,6.097167659646629e-09,1.0,2
6,7.001725046106022e-13,6.843608318929384e-11,1.3037901921281179e-12,8.411900509486259e-09,1.8994792405635508e-09,6.637185467894824e-09,1.0,2
6,1.0041662596924072e-12,1.0056987881368328e-10,9.511227526057264e-13,7.078938324411865e-09,2.584614966494314e-09,2.7797710799859487e-09,1.0,2
6,5.063413338786404e-13,2.1033451369500966e-10,7.140353304284365e-13,1.4203315190641772e-09,4.6243200380047256e-09,2.040531299485337e-09,1.0,2
6,7.35622500414035e-14,7.734428653094483e-10,9.705037338006428e-13,2.6456148383147134e-09,4.032449929525228e-09,1.171436725400099e-09,1.0,2
6,2.256210999008589e-14,3.0496376257627134e-11,1.9719752022170734e-14,5.961879323557183e-10,1.1783117814800903e-09,4.2947867484599556e-10,1.0,2
6,9.528253972499248e-14,1.0944402328849634e-10,2.710539312531652e-13,1.1756493556447367e-09,1.206832300759686e-09,1.993931686428141e-09,1.0,2
6,7.669248401490429e-14,4.508190001861756e-11,4.093535745292899e-14,5.994192919800412e-10,7.936927226559475e-10,3.08734177112413e-10,1.0,2
6,5.1805703959540226e-14,6.785764658512328e-12,9.677300600403546e-15,1.1975519187412687e-10,3.578053964226058e-10,2.6227478522322656e-10,1.0,2
6,1.553945774140919e-12,1.3530679354722963e-10,2.108171796855185e-11,1.0968173924652548e-08,1.955291262234482e-09,2.2126082299678277e-08,1.0,2
6,2.335491869343009e-11,1.5124018704071316e-09,5.89020221486436e-11,2.0013420964914985e-07,4.010130894016584e-08,1.2041107311233645e-07,0.9999996423721312,2
6,7.395325671288866e-12,2.3551658887011048e-11,7.74573872923401e-13,1.4619432420204248e-07,6.309905131729465e-08,1.2658889048111632e-08,0.9999997615814208,2
6,5.721599409536093e-13,1.7347027677153126e-12,1.8052845730896083e-13,7.209630581428429e-08,4.925551522205751e-08,1.9976622578354863e-09,0.9999998807907104,2
6,7.254740292663918e-14,6.842951899566074e-11,1.2377757152570723e-10,1.684694268533349e-07,3.592674602259649e-09,4.3104202518406964e-07,0.9999994039535522,2
6,1.1418408536398306e-12,1.1031707491948596e-10,3.3668576260303946e-10,5.116481247569027e-07,3.4676031490654674e-10,7.945624957983456e-08,0.9999994039535522,2
6,9.273373735574351e-12,8.014915814369417e-11,4.399720310299671e-10,1.0885831613904885e-07,7.296790394129005e-10,2.683463264929742e-07,0.9999996423721312,2
6,1.7329002816035557e-12,2.2230539631351576e-10,1.5187028024055138e-10,1.355125505142496e-07,2.0693939895011222e-09,5.7106447570731695e-08,0.9999997615814208,2
6,6.469243977319517e-12,3.103707846285886e-10,1.216914069512853e-10,9.803123646179301e-08,2.968723267215978e-09,3.435252438066527e-08,0.9999998807907104,2
6,2.955468714812421e-13,8.041228793942422e-10,4.249114601839743e-11,9.449949800455216e-08,2.483178329626412e-09,4.758033966822951e-09,0.9999998807907104,2
6,2.757534435168796e-12,2.852897473815119e-09,2.224830389363497e-11,4.8950102637945754e-08,1.4564679240436362e-08,1.492466772390344e-08,0.9999998807907104,2
6,4.032928505037781e-12,1.6335822694557576e-09,1.2737968232284789e-12,4.141783804811894e-09,4.4596006887331904e-09,1.4064313602624168e-10,1.0,2
6,3.920967283493893e-12,1.0347263046384112e-09,2.462275717519946e-13,3.4380681634971206e-10,2.8520221739825047e-09,9.314490845291346e-11,1.0,2
6,1.7087603033927312e-12,1.5026146993335487e-09,2.5396795533564814e-14,2.4976840040658033e-10,4.694464372789753e-09,8.311222370049887e-12,1.0,2
6,6.507261309657286e-12,4.253143615073896e-08,2.503847552470101e-13,2.401729093381988e-10,4.7934253899484254e-08,6.700625471145472e-11,1.0,2
6,4.930625352450591e-10,9.037413519763504e-07,9.682047698300613e-12,5.615056752894532e-10,2.2602316676056944e-06,6.00768046421507e-10,0.999996781349182,2
6,5.938082248135855e-10,5.706006049877033e-07,8.362266608330504e-12,6.742278957361236e-11,1.1727543096640147e-06,5.823162507745393e-10,0.9999982118606568,2
6,5.832898053448331e-10,2.529201537981862e-06,1.6189920931664048e-11,1.4157758299049306e-10,1.5500738754781196e-06,1.2073315680538599e-09,0.9999959468841552,2
6,3.413044957767397e-09,2.308354623892228e-06,2.827503856051017e-11,4.435302403127394e-10,3.675102334455005e-06,8.352866176508654e-10,0.9999940395355223,2
6,5.799623559177292e-10,6.721643899254559e-07,4.377699244773048e-11,2.6726537649679466e-10,2.2659817204839783e-06,1.1829673907115532e-09,0.9999970197677612,2
6,5.12154450793556e-11,1.628667831710118e-07,6.583281662864149e-12,6.496272964007233e-10,1.1146250926685752e-06,1.6705271888017847e-10,0.9999988079071044,2
6,1.3339646054433274e-10,1.510376392843682e-07,2.122911221813517e-12,6.128505480873513e-10,5.381705705076456e-06,8.952416585827905e-11,0.9999945163726808,2
6,4.151591015411071e-10,2.869399224891822e-07,3.2464784333052776e-11,6.306221655982823e-10,6.866995136078913e-06,9.328634531513558e-10,0.999992847442627,2
6,1.1730337534654467e-10,9.874125339592865e-08,7.493001987109171e-13,2.740933591205419e-10,4.617751983460039e-06,1.2840568885952308e-10,0.999995231628418,2
6,9.967174863234618e-10,7.713908445339257e-08,3.671180113379302e-12,1.3387765340766578e-09,6.3585730458726175e-06,3.0370930770295956e-10,0.9999935626983644,2
6,1.7712785682633123e-09,1.821146184965983e-07,1.5416501408793692e-11,2.977739166354354e-09,2.1104813185957028e-06,6.02754124390259e-10,0.999997615814209,2
6,5.068236941241365e-10,7.890907909313682e-07,4.8164961602426004e-12,1.1248579845357654e-09,2.0910269995511044e-06,3.409409699006716e-10,0.9999970197677612,2
6,1.483822370529353e-10,8.017968866624869e-07,2.140164998346017e-12,1.9924176197783083e-10,1.1803446113844984e-06,1.3497503115189602e-10,0.9999979734420776,2
6,1.4571016268560832e-11,1.2630854939743585e-07,1.3018655164315218e-13,2.2342842853628755e-10,3.957313197133772e-07,9.720784940880913e-12,0.9999995231628418,2
6,5.697782870517365e-11,4.413497833866131e-08,4.323334767443454e-14,2.1391553417515752e-08,7.867224098845327e-07,4.255621896542827e-12,0.9999990463256836,2
6,3.5600699471727275e-11,6.126190044142278e-08,9.731695701023503e-14,5.051604290429169e-08,2.818677785398904e-06,2.6323460772248453e-11,0.9999970197677612,2
6,2.523869307990978e-11,3.151043870275316e-08,1.2436438597690502e-13,9.354442909170757e-08,5.200274699745933e-06,2.994877609796553e-11,0.9999946355819702,2
6,7.092088201432478e-12,3.1913305775788103e-08,9.082686859562816e-13,3.0263993977541765e-08,2.565479348959343e-07,1.3185075427302184e-11,0.9999996423721312,2
6,9.938176670498676e-11,7.45777128940972e-08,2.6360405286536553e-13,2.1231752356243305e-08,5.119979050505208e-06,2.5989842222795545e-11,0.9999947547912598,2
6,6.638899152644484e-11,3.3770817253753194e-08,2.0453402426595657e-12,5.497362121076321e-09,2.164463467124733e-06,7.395090095840827e-11,0.999997854232788,2
6,2.9714637000965993e-11,1.181758690904644e-08,3.81134333078334e-13,5.5390345643502314e-09,5.349305865820497e-06,4.6848906698482295e-11,0.9999946355819702,2
6,5.197167349257903e-11,6.071823932529696e-09,1.6146739707009058e-13,5.894775778614303e-09,1.550982801745704e-06,4.767533590133155e-11,0.9999984502792358,2
6,3.119469266232855e-11,2.7840423300062862e-09,5.3808709874966776e-14,2.3968413365160757e-10,1.4015581939474941e-07,3.2908471087056406e-11,0.9999998807907104,2
6,2.4555430605532888e-11,9.882075158174075e-10,6.380322431411707e-14,4.483205195970896e-10,1.9888052094074737e-08,3.9905322102296026e-11,1.0,2
6,1.3263095482995979e-11,5.046538742448091e-10,6.345657438638734e-15,8.209558727267918e-11,1.770493440744758e-08,8.389183445145498e-12,1.0,2
6,4.607998010941472e-12,3.9235670268311646e-10,1.557118962849241e-14,2.422986533634486e-10,1.0103718750542612e-08,2.4172705503922032e-11,1.0,2
6,1.3798323377986477e-12,1.0060403204947832e-10,1.1202465584130798e-14,2.4643266594015497e-11,1.0421618013012335e-09,2.3322387424085097e-11,1.0,2
6,7.35760410930375e-13,9.633857600555018e-11,6.616713910990741e-15,1.0635935708547262e-11,6.695927146083135e-10,7.548022970538248e-12,1.0,2
6,1.0850861875688622e-11,1.5914492834667726e-08,9.030552320472493e-14,4.297103298189775e-11,2.5932911373871544e-09,3.972503923033166e-11,1.0,2
6,2.0299820852054395e-11,3.806460036059889e-09,6.687289068850466e-13,5.280955117648033e-10,3.4720260000398184e-10,1.9074729296075787e-10,1.0,2
6,1.5116753064158691e-13,6.042981115506051e-10,1.915390309670229e-15,8.928195856239274e-12,3.0014699059499605e-11,2.9490847697905e-12,1.0,2
6,3.849746534062429e-15,7.59404830685817e-11,1.1715286223694626e-16,2.708678821603666e-13,6.52397352720463e-13,5.002227473384357e-13,1.0,2
6,3.6809602268388433e-14,9.991445865109584e-11,1.5582828072945919e-15,2.027589684691633e-12,1.4090881239603448e-12,3.6870119045524795e-13,1.0,2
6,1.1264204629810037e-12,2.905344020920353e-10,6.859764085974733e-14,7.701259074899268e-11,2.4540133813921727e-10,1.2178540294283112e-11,1.0,2
6,1.709920941818377e-12,7.670594714959121e-10,3.7660258483777914e-13,6.501073984699346e-11,6.187888396125274e-11,7.928480788566006e-11,1.0,2
6,2.394591035875804e-12,4.9774115384870754e-11,4.928377584506595e-13,4.410778964292205e-10,1.148746209267415e-09,7.011625169361935e-10,1.0,2
6,1.4665828298424284e-14,5.848058148849589e-11,3.806230639913713e-15,3.7125965496320745e-11,2.020415224013305e-10,2.887411976182364e-10,1.0,2
6,6.292600988888619e-15,3.6450686219380295e-11,3.1368359071103677e-16,8.150174111987152e-12,2.719030278708345e-10,4.605696032888851e-12,1.0,2
6,1.520890184625312e-12,2.3939905613445944e-10,8.068745053612521e-14,2.1149884066318236e-09,4.5912220691946e-09,1.1918596665161374e-10,1.0,2
6,9.852982145452938e-13,2.666709075782592e-10,1.8723180829089558e-13,1.015688866345954e-09,7.355976716638679e-09,1.7660430062793608e-10,1.0,2
6,1.0267982991640777e-10,1.5697846578177632e-08,7.950631819575449e-11,2.4801744302749285e-07,2.8111426786381344e-07,8.377871729692288e-09,0.9999995231628418,2
6,1.883197070506881e-11,3.2130484939330013e-09,5.866462914408399e-13,5.709673178699859e-09,1.517354633051582e-07,1.1007315059430312e-09,0.9999998807907104,2
6,9.180420312837612e-12,3.0691960972717425e-08,2.6556928531262788e-11,1.9034805731621415e-08,1.199199459733791e-07,7.596677953358721e-09,0.9999998807907104,2
6,4.350965421284769e-10,1.3295974099492014e-07,6.867689056333504e-11,1.3333955450889334e-07,6.332794555419241e-07,5.327949192945881e-09,0.9999991655349731,2
6,4.303105441416655e-11,2.842430291138953e-09,2.1100204916635334e-12,1.0946831885405572e-08,4.1478779166936885e-07,4.850033152870026e-10,0.9999996423721312,2
6,1.5482570780989136e-09,9.766322861537446e-09,1.0630227947894255e-10,3.038080649275799e-07,9.727488077260205e-07,1.6570067984389425e-08,0.9999986886978148,2
6,5.687468274118146e-09,2.9502272624881698e-08,8.916326010854903e-10,6.853174454590771e-06,7.33256968032947e-07,3.125900960299077e-08,0.9999923706054688,2
6,2.9257452016651087e-09,3.058148934087512e-08,4.763765493187576e-10,5.595490506493661e-07,4.519510810041538e-07,1.218947289771677e-07,0.9999988079071044,2
6,1.4935231718027353e-07,2.0843458514718805e-06,7.524645440071255e-08,3.787183959502727e-05,2.3208783659356413e-06,1.982015874091303e-06,0.999955415725708,2
6,2.054851622190768e-09,3.870978275699599e-07,7.361889431400924e-10,4.075038759765448e-06,1.998806027359024e-07,5.228837096638018e-08,0.999995231628418,2
6,1.3185422753636542e-09,2.4517007659596857e-06,8.724222055889187e-08,0.0002473655040375,6.97747992717268e-08,1.587721953910659e-06,0.9997484087944032,2
6,4.935517594617522e-08,1.3494351151166484e-05,2.9151439662200573e-07,0.0001501213700976,4.41384418081725e-06,2.8895217837998644e-05,0.9998028874397278,2
5,8.564489917262108e-08,3.8054345168347936e-06,0.0001589054591022,0.0043513635173439,8.213810360757634e-05,0.9766522645950316,0.0187514498829841,2
5,5.95676785675181e-10,5.286554305428126e-09,2.5795377496251604e-06,0.0002387189306318,3.826351530733518e-06,0.99936181306839,0.0003930018574465,2
5,4.2196593441623515e-10,8.554472685773362e-09,2.4253915853478247e-06,0.0005742082139477,9.6420089903404e-06,0.9991927742958068,0.0002209117519669,2
5,7.073877839047783e-08,1.0505339709254713e-08,3.283265186837525e-06,0.0052265231497585,6.483618926722556e-05,0.9945651292800904,0.0001401327463099,2
5,5.0287635389167924e-08,8.271454632335917e-09,8.204578080039937e-06,0.023237457498908,5.654300912283361e-05,0.9765360951423644,0.0001616341614862,2
5,4.118641427908187e-09,1.2761090795176955e-10,2.2651029496501001e-07,0.0001990622549783,3.8977177609922364e-06,0.9997946619987488,2.2003482627042104e-06,1
5,4.2134274735872175e-08,8.642938448266689e-11,1.484881266833327e-07,0.001090892124921,6.845808911748463e-06,0.9988928437232972,9.223611414199697e-06,1
5,2.7625601806136046e-10,3.614990034747634e-12,1.6254887436062402e-09,7.065652607707307e-05,1.2830105333705433e-06,0.9999275207519532,5.260750981506135e-07,1
5,3.53428788457677e-08,1.208447925060696e-11,1.1046336290121417e-08,0.0002698022872209,3.295421947768773e-06,0.9997252821922302,1.5453214246008429e-06,1
5,1.8176562477378866e-08,2.001731419509767e-11,3.6734393304982405e-09,0.0005006630672141,2.76582741207676e-05,0.9994706511497498,1.0310779998690125e-06,1
5,8.149060981565981e-09,2.1119214016485088e-11,5.783997281127995e-09,0.0002256117732031,3.027531784027815e-05,0.9997437596321106,2.9265618195495335e-07,1
5,3.9078496882893894e-08,3.861019837181345e-11,1.1854177195402826e-08,0.0001187879242934,2.9871480364818126e-06,0.9998779296875,2.0090818964035861e-07,1
5,3.4351041904301383e-06,8.121625039159142e-10,1.9012129826023738e-07,0.0003569420077838,0.0001773555122781,0.999450385570526,1.1731938684533816e-05,1
5,1.3665172104992962e-07,2.7944088709652704e-10,1.8205284391115129e-07,0.0005599123542197,2.6545763830654323e-05,0.9994105100631714,2.665152578629204e-06,1
5,5.337207653610677e-08,1.8289742984012317e-11,3.266552806024947e-09,2.388443863310385e-05,5.399893780122511e-06,0.999970555305481,1.0607219991243257e-07,1
5,4.130027875248743e-09,1.27848143183229e-09,8.208996260528068e-10,0.0001084949981304,1.3347014828468671e-05,0.9998775720596312,6.132153771432058e-07,1
5,3.54720697259836e-08,6.242238670406408e-11,2.0724563398744067e-08,2.039478931692429e-05,5.448520710160665e-07,0.9999788999557496,1.1706035252245785e-07,1
5,2.6729799174063373e-07,4.2879905182147127e-10,1.1619541595564443e-07,5.485875954036601e-05,5.02714965477935e-06,0.9999364614486694,3.34209721586376e-06,1
5,5.417426223175426e-07,1.398405724550855e-09,1.470755137233937e-06,0.0002169193467125,1.9094090930593666e-06,0.9997698664665222,9.296221833210438e-06,1
5,4.642529347620439e-07,2.4988977553874747e-09,1.3704196533126378e-07,8.353111479664221e-05,7.716988875472452e-06,0.9998997449874878,8.365520443476271e-06,1
5,5.147255777160353e-08,6.264489815777097e-09,2.7737095820157265e-07,0.0001669403281994,1.1603890015976503e-05,0.9998034834861756,1.7651902453508228e-05,1
5,2.6246299356103012e-08,3.033140183461569e-09,2.0930924549134037e-08,0.000112224559416,5.115823569212807e-06,0.9998770952224731,5.421623882284621e-06,1
5,1.2851060660068471e-08,3.740251841577447e-08,5.491596084539196e-07,0.0009971362305805,1.484504718973767e-05,0.998940408229828,4.709066342911683e-05,1
5,1.0860767929443683e-07,4.64913227915531e-08,3.171447531258309e-07,0.0019716697279363,5.7901866966858506e-05,0.997921884059906,4.8164754844037816e-05,1
5,3.360608502589457e-07,6.751726289166983e-08,5.396109372668434e-06,0.0043135029263794,5.587167834164575e-05,0.9955589771270752,6.568060780409724e-05,1
5,4.240012287937134e-07,1.4233728506951593e-06,1.2312468243180774e-05,0.0812613815069198,0.0007343089673668,0.9148555397987366,0.0031346355099231,1
5,5.464574314828496e-06,4.548860033537494e-06,7.905302481958643e-06,0.0931320413947105,0.0018112779362127,0.9024081230163574,0.0026307189837098,1
5,1.558747680974193e-05,3.709715883815079e-06,5.89484170632204e-06,0.0408482924103736,0.0009659742936491,0.9576796293258668,0.0004809638194274,1
3,4.881597851635888e-05,9.020123798109124e-06,5.567666903516511e-06,0.9768025279045104,0.0006971633993089,0.0221300888806581,0.0003068140649702,1
3,3.50034724760917e-07,1.9022268133994655e-06,4.1703668074433153e-08,0.9999570846557616,6.832220606156625e-06,1.0939123740172365e-06,3.272873436799273e-05,1
3,5.7891192284387216e-08,2.975503434754501e-07,3.184200680905746e-09,0.9999912977218628,3.832926722679986e-06,2.0323657423659824e-08,4.474708930501947e-06,1
3,6.3055054511096395e-09,3.4123214476267094e-08,7.361860565602284e-10,0.999998927116394,7.55416181164037e-07,3.1958327650905e-10,2.58895653360014e-07,1
3,2.2845247471536826e-08,3.464302267275343e-08,5.655825141559489e-09,0.999997854232788,1.2952302768098889e-06,3.5879916815417805e-09,7.825109378245543e-07,1
3,3.889789113031839e-08,1.0761829116745505e-07,3.236466650236025e-09,0.9999929666519164,5.683034487447003e-06,1.940572147418606e-09,1.2056269724780575e-06,1
3,5.271323821887108e-09,1.9611846369116392e-08,1.0065641653511648e-09,0.9999992847442628,2.424368119591236e-07,3.2573124753021427e-10,4.6685622123732173e-07,1
3,3.6212252751965934e-08,1.7728240209180512e-07,5.270396563616941e-09,0.9999932050704956,2.699914148251992e-06,1.8483691244242091e-09,3.829937668342609e-06,1
3,6.7602385911413884e-09,5.9515723904723934e-08,7.462359064014378e-10,0.999990940093994,1.722332626741263e-06,4.5934905879008165e-10,7.190882570284884e-06,1
3,1.518874270800552e-08,3.013143867747203e-08,1.695392159994924e-09,0.9999912977218628,1.5658918073313544e-06,8.389331895841678e-09,7.163116606534459e-06,1
3,5.0304995724559384e-09,1.1839077274089504e-08,1.0804113159679216e-09,0.999997615814209,1.8558816918812229e-06,8.837490184099294e-10,5.563520630857965e-07,1
3,1.2011414973756018e-08,5.2580713116867634e-08,4.25371595724755e-08,0.9999878406524658,7.435477527906187e-06,1.6955013393271656e-07,4.386216915008845e-06,1
3,2.1442874142962864e-08,3.858585007066041e-09,4.318065460751086e-09,0.9999977350234984,1.9503563635225878e-06,1.5859610513757616e-08,2.473046265549783e-07,1
3,4.4967627843561786e-08,1.004163086015808e-09,6.785153688904089e-11,0.9999933242797852,6.587636107724393e-06,1.112346992293567e-09,1.2798232695843126e-08,1
3,1.6983888073696107e-08,9.419399288335127e-11,2.7941846753032348e-11,0.999980926513672,1.909361526486464e-05,2.9530293765844813e-09,1.2147604033785342e-09,1
3,3.0705280540388454e-09,6.895058968225952e-10,1.4115001611969548e-08,0.99999737739563,2.149023885067436e-06,3.2300381036520776e-08,4.862223477175576e-07,1
3,8.208361768069493e-10,1.432102991749673e-09,7.956314789225871e-07,0.9999986886978148,3.89091674435349e-08,2.869814075268096e-08,4.467175642730581e-07,1
3,9.321194927025542e-10,5.796830793158847e-10,1.790836257065109e-09,0.9999998807907104,5.50134124921442e-08,5.332453922868297e-10,8.12628542234961e-08,1
3,4.2886058593261106e-10,2.00327865407246e-09,4.0585276805948917e-10,0.9999998807907104,3.3433639856639275e-08,3.0832220110355024e-10,5.18427256679388e-08,1
3,2.100427387574655e-09,1.4789236502110723e-09,8.449007049549094e-10,0.9999998807907104,5.5971057122405916e-08,1.454992792915277e-09,1.856484033169181e-08,1
3,3.826836092457597e-08,2.6494223703821266e-08,2.1440223463287114e-07,0.9999995231628418,1.3869587256465364e-08,1.3811167320909591e-08,1.6628598586976298e-07,1
3,3.1626121166361543e-10,2.637179363773612e-10,2.1106281167249112e-09,1.0,1.4964968153563516e-09,5.6675587833954204e-11,1.5856562285421205e-08,1
3,2.1970211760979907e-10,9.802886280496635e-11,5.59842970593305e-12,1.0,4.6157371258459534e-09,9.762503305754676e-12,7.264094659120701e-09,1
3,4.4422870937310677e-10,7.947786873074846e-10,1.1590851889398124e-10,0.9999997615814208,2.9575620175137374e-08,3.5017919119972873e-11,1.620520038159157e-07,1
3,5.593566720918375e-10,1.4240419954347772e-09,2.1905892377827027e-10,0.9999997615814208,1.9242470727931504e-08,7.035170362934551e-11,1.837071010868385e-07,1
3,7.584017441830682e-11,3.7923272855344687e-10,9.31957844230169e-10,1.0,1.0522248850008964e-08,4.828305116832965e-11,4.48935359997904e-08,1
3,4.959913590951713e-10,2.4574025037082947e-09,9.765610542444847e-10,0.999996781349182,2.592538805856748e-07,4.103648532094439e-09,2.917607844210579e-06,1
3,2.011546484936844e-10,8.459305478325517e-10,4.073119619363297e-10,0.9999991655349731,5.343657676348812e-07,3.636338452572829e-10,3.0338779311023245e-07,1
3,7.213941111139376e-10,1.767404667063488e-09,1.4948067783571162e-10,0.9999977350234984,2.0521219994407147e-06,8.570525400486416e-10,2.54311970593335e-07,1
3,1.0690083263042991e-09,3.5932650188641446e-09,8.438293119805707e-11,0.9999959468841552,3.5321750146977138e-06,1.2958997763767854e-10,4.740021779525705e-07,1
3,7.317659811434395e-10,2.017951805655116e-09,2.0299219249952927e-10,0.9999964237213136,3.2586767702014185e-06,8.282380337121252e-11,3.460841639935097e-07,1
3,2.2709735481019067e-10,3.678652382710368e-10,1.880218897243324e-11,0.9999984502792358,1.3032812375968206e-06,3.3240875330076136e-11,2.0679905787801545e-07,1
3,3.1243913012346525e-10,6.14496398210207e-10,1.2444162887648158e-11,0.9999984502792358,1.4633872069680365e-06,5.2409073608705725e-11,3.7751924253370817e-08,1
3,1.5900639693811056e-09,5.27607901812388e-10,1.528664694827597e-10,0.9999955892562866,4.3076979636680335e-06,6.598477320096663e-10,5.499062183389469e-08,1
3,1.2141018190803263e-09,3.808540427474583e-10,4.083324303683078e-11,0.9999994039535522,6.057763926037296e-07,5.7434151184976294e-11,2.7478625597154863e-08,1
3,2.414501931724544e-09,4.4683284849966753e-11,7.976705233836423e-12,0.9999992847442628,6.005842010381457e-07,4.001109998874597e-10,1.466980137365681e-07,1
3,9.6098129453992e-11,1.4298887594799137e-12,1.6746451230939539e-12,0.9999996423721312,3.665942642783193e-07,6.832728133288056e-11,5.453963947132934e-10,1
3,7.270043456131248e-10,2.5116430203003803e-12,3.436638126852465e-12,0.999998927116394,1.0395991694167606e-06,1.145124550738785e-09,2.259418430128335e-09,1
3,4.1547479345815925e-10,8.305371147765417e-12,7.217735437103912e-11,0.9999995231628418,4.144057754729147e-07,5.273989689413838e-09,4.526043984043326e-09,1
3,7.204907226388001e-10,1.4186565984453114e-11,2.085447266264584e-11,0.9999997615814208,1.8609871688113347e-07,1.62153929172959e-10,2.870615078975902e-09,1
3,5.4209931682480666e-11,5.024876348347362e-11,6.179312617149435e-11,0.9999998807907104,4.501236716691892e-08,1.4470519227316458e-10,3.1784047394012305e-08,1
3,1.3683540411868478e-10,1.4556269384291554e-11,1.9030053574620176e-11,0.9999997615814208,2.1078719214528974e-07,1.6845823624933587e-09,2.590785364020576e-08,1
3,3.0537006256992067e-10,2.074504977522817e-11,1.827743685567373e-11,0.9999995231628418,4.861209390583099e-07,8.637415227497057e-10,4.91021090454069e-09,1
3,1.65024147125159e-10,3.31987215496099e-11,1.0443911360735749e-11,0.9999997615814208,2.8380267735883535e-07,6.39893138476566e-10,9.953411428398342e-09,1
3,3.863611514054455e-11,1.288419024247922e-11,1.1122470132407523e-11,0.9999997615814208,2.266181269305889e-07,1.550424788554494e-09,2.161599121919266e-09,1
3,4.554800148159899e-10,1.6250827072905594e-11,3.511943513778704e-11,0.9999991655349731,8.131306117320491e-07,8.097696735376303e-09,2.2685691103419003e-09,1
3,1.7889217884814454e-10,1.992748674406464e-11,3.978838439278043e-11,0.9999988079071044,1.1986589925072622e-06,3.1621471663356715e-08,2.858008718575888e-09,1
3,5.639872249774136e-12,1.4259156355667102e-11,1.142682563154418e-11,0.9999995231628418,5.173215527065622e-07,1.042801933692772e-08,2.2697168589047582e-09,1
3,3.253966540661679e-11,1.474852184824016e-11,1.6366621599650518e-11,0.9999983310699464,1.6134081306518055e-06,4.010523468878091e-08,2.2277857780750313e-08,1
3,9.207005297051651e-11,1.4604578657539946e-10,4.443152117929172e-13,0.9999938011169434,6.139862762211124e-06,9.261274525051987e-10,6.72123974254646e-08,1
3,9.409624121548001e-12,6.016716638801434e-12,4.505265755459006e-15,0.999997854232788,2.130026814484154e-06,8.619190430825263e-12,2.9495880737862024e-10,1
3,4.480097626213819e-09,8.379420768367396e-11,1.1332944305220137e-10,0.9999984502792358,1.53777000377886e-06,1.9551995578126483e-08,9.681763835089896e-09,1
3,2.108490271268693e-08,1.3416721067471824e-09,3.4208653271194927e-11,0.9999682903289796,3.1636751373298466e-05,2.3084909983595026e-08,7.626591802534222e-09,1
3,1.849996209557503e-07,1.0733282040931158e-09,3.1939606515152263e-10,0.9998098015785216,0.0001899102935567,1.1615022543765009e-07,4.80051838280815e-08,1
3,2.6530294405802124e-08,8.04438668455809e-11,1.613008504541824e-09,0.9999829530715942,1.6513467926415615e-05,4.922540597362968e-07,5.978565642550393e-09,1
3,6.518282025247402e-10,1.115173665217073e-11,8.216507335623291e-11,0.9999916553497314,8.352424629265442e-06,2.488815908918696e-08,2.0265360500815173e-09,1
3,3.023192807205532e-09,4.7176264630910395e-12,7.888827091573347e-11,0.999992847442627,7.14150519343093e-06,2.6726349133809893e-08,2.9014009944594576e-11,1
3,5.397784264005168e-08,7.431166793026023e-12,3.1177935788662126e-09,0.9999841451644896,1.4995776837167796e-05,8.115357559290715e-07,1.574290253714139e-09,1
3,3.8629522691735474e-08,3.882763468382455e-12,1.7417468356484278e-08,0.9999991655349731,7.854682166907878e-07,4.0416271218646216e-08,1.377729375029446e-09,1
3,1.3987618174837736e-08,1.6478334322056476e-11,5.3607109862241495e-09,0.9999896287918092,1.0392875992693009e-05,2.560131484585781e-08,1.4519256907874476e-09,1
3,4.6565498679207446e-10,6.092318923650586e-12,5.940165248574658e-09,0.9999994039535522,5.566353706853988e-07,1.76182144429049e-08,3.073575394196837e-09,1
3,2.4152790878417815e-11,9.547144325106059e-12,6.613952718836912e-10,0.9999997615814208,1.822738227019727e-07,3.2868585631007363e-10,1.3821335187458315e-09,1
3,8.36522032199305e-11,5.968798589064961e-13,7.519405653688692e-10,0.9999998807907104,1.684404367097159e-07,2.642003948949423e-09,1.6554789761258346e-09,1
3,1.252180914512735e-09,2.7857651949125817e-11,1.5182429757842895e-09,0.9999977350234984,2.121060788340401e-06,1.8166424808896412e-08,1.750668019440127e-07,1
3,2.2069951421954667e-10,2.4619108834889047e-11,2.3201485177537504e-10,0.9999996423721312,3.3664167631286546e-07,1.4134584613856303e-09,3.2954552864339355e-08,1
3,1.3600813530967315e-10,2.9019286973408495e-11,1.748988280592112e-11,0.9999991655349731,8.499890213897743e-07,3.5303135414999076e-10,2.2252821807455806e-08,1
3,1.5912350326274802e-09,7.668041202002485e-11,2.9614064672722755e-11,0.9999994039535522,5.375214868763578e-07,2.241032914795937e-09,9.673025047618466e-09,1
3,8.012366325971242e-10,1.6984477713144486e-10,3.622430480576533e-11,0.9999995231628418,4.823309609491844e-07,6.209201208751125e-11,2.5890654953286685e-08,1
3,6.582336758986784e-11,1.0776957451441582e-11,1.006601486192027e-12,0.9999997615814208,1.8742920815384426e-07,2.7643696793450134e-12,2.5554187654819316e-09,1
3,5.903247508876053e-12,1.214636724533591e-10,2.5259891292366e-13,0.9999997615814208,2.38946824993036e-07,5.2667197453270045e-14,4.868556757742226e-08,1
3,3.101314344222672e-12,1.2665682738721706e-11,1.473526812720283e-12,1.0,3.925959290995706e-08,1.943529294749433e-14,9.327798089486803e-09,1
3,2.346081879114892e-12,2.6507678430737207e-12,6.540478743452191e-14,1.0,2.27462084723129e-08,4.600006178851162e-16,1.5010707121732023e-09,1
3,6.367267824103351e-12,2.0126806037773504e-12,6.055079397951357e-14,0.9999992847442628,7.327831781367422e-07,2.578122313074208e-14,1.6147556625156767e-09,1
3,2.2221289044943585e-11,1.5115556376010808e-11,9.445245800765443e-12,0.9999998807907104,1.6046740825004238e-07,3.927378984091429e-13,9.019935909293508e-09,1
3,1.2531506388135938e-10,6.053625656310402e-11,1.0427890322073363e-11,1.0,3.134881154664981e-08,1.253019769106162e-13,2.76283138589406e-08,1
3,7.0653738415416e-10,4.804234093880311e-11,1.3227517171865431e-11,0.9999994039535522,5.814810037918505e-07,1.967302622890577e-12,2.1751857204321823e-08,1
3,6.157571119658201e-10,6.191391843657357e-11,1.1534787708322723e-10,0.9999995231628418,4.859994646722043e-07,2.7206669209189904e-11,1.6883076270346464e-08,1
3,1.8795371925506288e-09,3.6795160668345866e-11,4.283531862547818e-11,0.9999990463256836,8.970209250946937e-07,3.578219318067788e-11,5.8229141508547855e-09,1
3,5.347538523103879e-10,8.735424709971351e-12,5.95959046001404e-11,0.9999998807907104,1.104269671259317e-07,2.248995954745592e-11,2.393259757038635e-10,1
3,2.82965262332624e-10,1.402770044220403e-12,3.602879713321405e-13,0.9999998807907104,1.0699723418383657e-07,8.000243805102171e-14,4.287802404800978e-11,1
3,1.7040881206131786e-10,3.6875106375518224e-13,2.1392699352425213e-13,0.9999998807907104,9.762596420159753e-08,1.0692759611768965e-12,7.478006061600873e-12,1
3,9.392953081999168e-11,1.1158923177850832e-13,8.372070940156073e-14,0.9999998807907104,1.0965814567498457e-07,1.538650500412797e-12,3.4049317185202987e-12,1
3,6.424709375618676e-11,9.368445282780317e-14,9.456773878519997e-14,1.0,1.6679987391299276e-09,7.816230979508856e-14,4.925448070236538e-12,1
3,3.677775857295618e-13,1.5979108837428823e-14,1.0240697153731456e-15,1.0,3.372359336228925e-11,3.412087932173472e-17,7.34580717651548e-14,1
3,1.666611015589247e-14,1.0102950538266593e-15,1.2966453148462734e-16,1.0,1.9876747817115788e-12,2.6343436034935536e-18,8.673919601239617e-14,1
3,5.773408010348313e-13,2.2798477922148997e-14,1.7691725092295468e-13,1.0,8.022914797789493e-12,5.579421905431837e-16,1.1584476867360085e-12,1
3,5.612924946878095e-13,1.3553394517806794e-12,9.599327626189091e-13,1.0,1.1705934832573206e-11,1.354389758440218e-14,5.052298024388334e-10,1
3,1.0391139337873057e-11,3.164654519341448e-12,1.6988541378781113e-13,1.0,1.226695411915557e-09,7.869991483044729e-15,3.6246322610011816e-10,1
3,5.980189954346571e-11,9.675728100677627e-12,4.443665053976975e-12,1.0,5.672179392846033e-10,1.1731179992268553e-13,7.542259594650601e-10,1
3,2.798499453005032e-11,3.885166494077552e-12,4.782408735519439e-13,1.0,1.704677399239074e-09,1.1065096999470297e-13,1.7741934310588903e-10,1
3,1.4737972994782744e-11,2.998167035819788e-12,3.654929549117003e-13,1.0,4.747217619005538e-10,1.2688416330531964e-14,7.265279350354703e-11,1
3,1.204513051800138e-11,1.2662583655231874e-12,8.458230453924424e-14,1.0,2.3973926843723348e-08,4.670454967865487e-14,5.4996836078291525e-12,1
3,4.775902329862136e-12,1.424624307411193e-12,3.740205302589506e-13,1.0,1.8581278737883625e-08,3.201466733859445e-14,3.0596997158127686e-11,1
3,1.2685620609520498e-10,4.735875754058316e-12,1.21378688350271e-12,0.999998927116394,1.0326112942493635e-06,6.031461679927019e-13,1.0034314490425802e-09,1
3,4.878269455055316e-10,6.388722450373363e-12,1.627072391749418e-12,0.9999948740005492,5.1515662562451325e-06,9.759971693681924e-13,4.454528301778282e-09,1
3,8.796559591850438e-10,7.93160502554624e-12,4.237449367089363e-12,0.9999959468841552,4.024406280223047e-06,5.733188446557791e-13,1.5663358388096071e-09,1
3,4.692858990296145e-09,1.1438315572487312e-11,3.8476739155912654e-11,0.9999897480010986,1.0276687135046814e-05,8.930790677298683e-13,7.512104271967245e-10,1
3,4.449363988356936e-09,5.7728322122585496e-11,1.642743302499028e-10,0.9999984502792358,1.494266371082631e-06,9.320176574956207e-12,8.730444811533289e-09,1
3,4.849210366586476e-09,3.6975503214797806e-10,5.338984254699142e-10,0.9999992847442628,6.815837991780427e-07,2.5464335501323987e-11,8.305655541107626e-08,1
3,2.027658041470204e-09,1.0737138261829315e-10,2.625510087117533e-10,0.9999997615814208,1.482352018911115e-07,8.682070687382469e-12,9.465679795539472e-08,1
3,5.2511676784661176e-08,3.813285798237587e-11,1.8922969857726453e-09,0.9999977350234984,1.977830379473744e-06,2.3219026701326584e-09,2.626846367093094e-07,1
3,1.271662597446266e-08,2.0512595094723807e-11,3.600440168227692e-09,0.9999957084655762,4.094760697626043e-06,2.8569274945766665e-08,1.4901928580002277e-07,1
3,7.542792501702421e-10,2.6263494417450017e-12,1.8220154551773504e-11,0.9999637603759766,3.627435580710881e-05,7.734074491949626e-10,2.3307735741440183e-09,1
3,7.172000771049625e-09,1.1206726518997456e-11,5.660974466970004e-11,0.9999819993972778,1.7961545381695032e-05,1.4347002752490567e-10,6.167545640867189e-11,1
3,3.798348024997011e-10,1.3254085329261756e-11,3.271632617596332e-11,0.9999880790710448,1.1968510079896078e-05,7.894144539444259e-12,6.13498085666464e-10,1
3,2.7090512055849562e-09,7.093240925182265e-12,1.6300977928596083e-11,0.9999866485595704,1.3397992915997747e-05,3.323384623055148e-10,3.3707917013181543e-10,1
3,5.429697802483702e-10,3.3848323449658935e-12,7.223076303741749e-12,0.9999921321868896,7.878811629780103e-06,4.08452716094132e-10,1.4246179791399527e-09,1
3,9.912984877402664e-10,2.037007888755493e-11,4.207070108952493e-11,0.9999969005584716,3.131620587737416e-06,2.4039581436596786e-10,1.1183203252329575e-09,1
3,9.964228331327263e-10,1.7167503529869066e-11,2.1251909954056455e-11,0.9999877214431764,1.228150722454302e-05,9.222574093303848e-11,3.7967676225214575e-10,1
3,1.9657608874013024e-10,2.6783189381596184e-12,3.513754391615276e-12,0.9999964237213136,3.517882760206703e-06,8.488208746992854e-11,1.650361930449762e-10,1
3,9.75615366272109e-10,4.5442271473516975e-11,1.9143812923783088e-10,0.9999969005584716,3.0915341540094232e-06,1.1492029550197458e-09,2.0942447775951223e-09,1
3,3.320917096871767e-09,3.2474887362576865e-11,1.0637464867291335e-11,0.9999854564666748,1.4569452105206436e-05,1.992028764163933e-09,6.74039546399996e-10,1
3,5.474258824023082e-10,9.615440388355267e-12,8.193416084489867e-11,0.99998676776886,1.2945114576723428e-05,2.798211937715678e-07,1.137474225920698e-09,1
3,6.77397027359916e-11,2.156073063142028e-12,1.38218506084975e-10,0.9999994039535522,5.624668233394914e-07,2.607694860046195e-08,2.565566203927005e-09,1
3,1.9032661731366307e-12,4.773616831682537e-12,1.0044139131526464e-11,1.0,1.287934914273592e-08,1.1036659086638423e-10,5.977231154474793e-09,1
3,1.223677825734626e-10,3.715628152378692e-11,8.618176311481207e-11,0.9999998807907104,1.0692807705936502e-07,2.17922613288124e-09,7.622959485864556e-10,1
3,6.868320582414933e-12,1.2255600180532955e-11,4.70185501644238e-10,1.0,4.470723347083094e-09,8.917716565193246e-11,1.2413424732571343e-09,1
3,2.737238333130193e-13,2.300558289876353e-13,7.658077644245864e-11,1.0,5.583040252332694e-09,7.456277262285482e-11,1.6925716037063943e-11,1
3,3.7134989636262994e-13,4.383607463565725e-13,7.106217003727267e-11,1.0,1.6906415822859344e-08,2.3591056885763346e-10,3.3952323591490696e-11,1
3,2.23308958130497e-12,9.023150607766206e-13,1.6538445959946024e-12,0.9999997615814208,1.8557484793291226e-07,1.7849484043597208e-11,6.361083187966797e-11,1
3,8.819499991430391e-11,6.185057349096523e-13,1.4193739239498626e-10,0.9999994039535522,6.092671469559718e-07,1.0876866768372295e-10,2.094223926218941e-11,1
3,4.3404868588226004e-10,2.5522804356081785e-12,1.2091355472421128e-08,0.9999969005584716,3.0742814942641417e-06,1.5559699306777475e-08,4.915715057229875e-10,1
3,5.921720336310442e-10,9.172150018665892e-12,7.504945997993673e-09,0.9999951124191284,4.836856533074752e-06,5.393086421889848e-09,3.3247124497925995e-10,1
3,2.6627713922700025e-10,2.50778846473676e-12,1.372260527432445e-09,0.9999966621398926,3.3611763683438767e-06,3.994751196501056e-08,6.188976414689407e-11,1
3,2.5908147849307284e-10,1.3963467535016427e-11,3.1143429501945263e-10,0.9999797344207764,2.012746517721098e-05,1.391112647297632e-07,6.359806570266358e-10,1
3,1.931714521674621e-08,2.000140331137601e-11,2.261199227859834e-07,0.9999361038208008,5.334889283403754e-05,1.0274900887452532e-05,1.759989376459714e-09,1
3,1.8899926762516728e-11,1.3118510184401133e-12,1.0472958056340076e-09,0.9999990463256836,9.241838370144252e-07,3.3720585435048633e-08,7.431412707425976e-10,1
3,2.1738627564715782e-10,1.6155384321980826e-11,2.7027169835491804e-07,0.9999985694885254,1.055278403327975e-06,8.878360091557624e-08,1.3978407764625445e-08,1
3,1.2785784875291029e-08,2.8837263132963637e-10,3.535901882401049e-08,0.9999700784683228,2.705466795305256e-05,2.202388714067638e-06,6.212229664015467e-07,1
3,5.3694839685647375e-09,2.081616649884932e-11,6.294327192790662e-08,0.9999960660934448,3.393563702047686e-06,4.341474948432733e-07,1.6027660976192237e-08,1
3,2.7899846877232903e-09,9.130775302512716e-11,1.7962187826014997e-07,0.9999939203262328,5.847050033480628e-06,1.5943440345722593e-08,2.47080063076055e-08,1
3,3.3563630097432906e-08,3.645587443035225e-10,6.245778649827116e-08,0.9999854564666748,1.446184887754498e-05,2.275424071385146e-09,1.5014935073054403e-08,1
3,1.167435659255034e-08,4.932306230109873e-10,1.2360616974405048e-09,0.9999903440475464,9.586223313817754e-06,1.1473156452668219e-10,1.8995308437297357e-08,1
3,1.1296451551956466e-09,1.6719793605179942e-10,2.0276738066371536e-09,0.9999998807907104,1.473361805892637e-07,4.191622309662746e-12,3.532311332321569e-09,1
3,3.954986893539569e-10,1.518484643581175e-11,4.740664527602688e-10,0.9999995231628418,4.670389159855404e-07,1.5901467425791238e-12,3.759011435455761e-10,1
3,5.723909124455416e-10,8.218939417936609e-11,1.6252627688118082e-08,0.9999995231628418,5.074675755167846e-07,1.1362791133354144e-12,4.659271191087555e-09,1
3,1.0339229472577928e-10,7.599042922690202e-12,1.0521440385602432e-09,0.9999980926513672,1.909090997287421e-06,3.082541546236412e-13,4.5320475150489864e-10,1
3,5.7422226695802436e-11,3.879172916047835e-13,1.2371823400816884e-12,0.9999996423721312,3.973715365646058e-07,2.6138361020424696e-15,1.8877735746131163e-12,1
3,2.132540845301012e-11,7.753466380218399e-13,2.171984814225425e-12,0.9999936819076538,6.324241439870093e-06,1.9755402283667958e-13,6.315320228572618e-12,1
3,3.183371621862108e-11,3.819860009898757e-13,3.4046754131267228e-12,0.999998927116394,1.0921432931354502e-06,3.1166187659066244e-14,5.120097054667205e-12,1
3,1.1408989204764186e-11,4.370956450516078e-13,9.61651331482516e-13,0.9999995231628418,4.7383619516949693e-07,9.335970886615532e-15,4.812247822449933e-12,1
3,2.8542285201993417e-10,1.8789149923426063e-12,1.6636242730627693e-11,0.9999899864196776,1.0059877240564674e-05,2.264023387169023e-12,4.86193169058069e-11,1
3,2.3529371159791698e-11,4.049687831169519e-13,5.228474445929944e-13,0.9999990463256836,9.702142733658548e-07,5.2977668909756637e-14,2.5658466670797075e-11,1
3,8.039670491843953e-12,6.007560171984033e-14,1.025462809285671e-12,0.9999997615814208,2.756021899585903e-07,1.9857371497990217e-13,6.684765588294006e-12,1
3,4.647575293365014e-12,2.4924383236024462e-14,3.7390033289560343e-14,0.9999995231628418,4.822274490834388e-07,1.1389643771848e-14,2.0733124960793659e-13,1
3,5.411255644960367e-12,1.3644204073048982e-14,4.188991276250775e-15,0.9999991655349731,8.894386951396882e-07,4.107530000130961e-15,4.644714991851145e-14,1
3,4.6325897978816144e-11,1.4174040630435258e-13,3.4756055591065114e-14,0.9999986886978148,1.3654066606250126e-06,3.4684535517130743e-14,5.380498021949344e-13,1
3,3.661859877823748e-12,4.563061778065482e-15,7.027539289969181e-15,0.9999998807907104,9.601072292753089e-08,4.6681006397885925e-15,4.5041685089791325e-14,1
3,1.3327194165954626e-12,5.512232605077666e-16,4.452566330096159e-15,1.0,2.6568523381342857e-08,3.3493395858570857e-15,8.741279218743656e-15,1
3,1.4922560799893179e-12,2.7339326684689205e-15,1.5360864571425592e-14,1.0,8.403253093369755e-10,1.7324186993273281e-15,2.7513696887210976e-14,1
3,1.9395660424970096e-11,7.216157603103304e-14,2.270426752962358e-14,1.0,3.7594617197100895e-08,6.688273795473626e-16,3.2669145980015336e-14,1
3,1.2929250725601804e-10,1.1838584583132028e-12,2.8089621015477134e-13,1.0,4.1748435819499725e-08,4.767422029117738e-15,7.539860120801822e-13,1
3,1.4879510817911168e-11,8.403881431896798e-13,6.754395762316456e-13,1.0,2.699653167681504e-09,5.840295877087545e-16,1.634757975689516e-12,1
3,7.415794540943654e-12,4.670831321544612e-13,9.601474997011916e-12,1.0,2.622769113003187e-09,5.84114555701276e-15,1.972357173418704e-12,1
3,1.13762914019655e-11,4.977048287391206e-12,9.076944924857331e-12,1.0,7.9856290469138e-09,1.5895665927728904e-14,6.052702089531792e-11,1
3,2.575180624297957e-10,2.0117562401101438e-13,7.468082684376764e-13,1.0,8.852936161929392e-09,1.448998298802487e-15,1.1933005581929446e-12,1
3,6.0570495286071954e-09,1.5444368874073522e-12,2.027509063418087e-11,0.9999997615814208,2.8580089406204934e-07,1.778584603814165e-13,1.2225240351299016e-12,1
3,6.8884475901143105e-09,7.954292606526803e-12,2.44889025724504e-10,0.9999988079071044,1.2134871667512923e-06,1.107571066111257e-12,2.012104892423761e-11,1
3,1.1404925892577468e-08,1.7173058114439144e-11,1.441378127964299e-10,0.9999984502792358,1.561992348797503e-06,1.3944000034488149e-12,6.413387182435669e-11,1
3,4.167923250975037e-08,5.010303977259767e-11,1.1261134247320115e-09,0.9999890327453612,1.093062473955797e-05,2.7749490205675187e-11,9.961880625963816e-11,1
3,2.0348805662706587e-07,2.8611168989556285e-10,1.7485337622247243e-08,0.9999934434890748,6.333106284728274e-06,6.417771869493549e-11,1.992002784945157e-09,1
3,5.058071739227897e-10,3.694664366116207e-12,1.9431989350948695e-10,0.9999996423721312,3.7720027989962556e-07,7.475205892649994e-13,7.49454318049736e-11,1
3,4.617341620161142e-09,4.7689793086780335e-11,9.474223183758568e-09,0.999996542930603,3.3924131912499438e-06,6.792801737764975e-11,2.153526246218007e-09,1
3,3.5064883832092164e-06,2.439269231047092e-09,2.127731022483204e-05,0.9999566078186036,1.856482595030684e-05,4.021907429319072e-08,5.815545378595744e-08,1
3,1.9024924995392207e-06,2.4142190468978693e-09,3.632177367762779e-06,0.9999850988388062,9.297522410633974e-06,6.5560721296265e-09,6.935977125976933e-08,1
3,2.7355352472113736e-07,1.744256183933146e-09,5.5100781537476e-07,0.9999954700469972,3.704687742356328e-06,1.6968356719715414e-09,1.8131073531435504e-08,1
3,1.0176580644838397e-07,5.44972400540189e-10,3.1762898089482405e-08,0.9999961853027344,3.73297029909736e-06,6.913249972484437e-10,3.469512233067462e-09,1
3,3.804809622920402e-08,6.622493109453841e-10,7.304433893295936e-07,0.9999988079071044,3.9201199797389563e-07,6.731582513630484e-10,2.51470115841812e-08,1
3,2.7962197890474272e-08,3.2852609521683007e-10,4.077465973750805e-07,0.9999979734420776,1.5098610219865805e-06,4.221893945555166e-09,2.211785243844133e-08,1
3,4.269300006853882e-07,9.034681891506581e-10,6.42448227949899e-08,0.9999630451202391,3.640505019575357e-05,1.1354602591495676e-08,7.459722617397802e-09,1
3,3.266496761966664e-08,9.051315946750904e-11,1.6709579142570877e-07,0.9999891519546508,1.048196918418398e-05,8.047932453791874e-08,3.061064735021546e-09,1
3,2.3179861585731487e-08,2.2961001155952232e-11,7.1366428322505734e-09,0.9999912977218628,8.67976268636994e-06,1.8827957859457456e-08,5.542500902677715e-10,1
3,2.401904168891633e-07,8.784250410398542e-11,1.069541344378422e-08,0.9997157454490662,0.0002839490480255,3.696921879736692e-08,7.640485466531287e-10,1
3,7.948538183200071e-08,9.34540445030052e-10,1.591042142479182e-08,0.9998186230659484,0.0001813452690839,1.575454255942077e-08,5.509129152869718e-09,1
3,3.0808087103650905e-07,2.9257338218791057e-10,8.133671514087837e-09,0.9997474551200868,0.0002521856804378,3.6117349111464137e-08,1.2809315830253354e-09,1
3,7.382407716249872e-07,2.8746163782678025e-10,4.9351484676662956e-08,0.9999741315841676,2.4989887606352568e-05,7.733690665645555e-08,1.5774515027544567e-09,1
3,7.660233677597716e-06,1.2278249250652348e-10,6.299414767596545e-09,0.999886989593506,0.0001047356927301,5.733517127737287e-07,1.1194815213722008e-10,1
3,6.3603274611523375e-06,1.0296720143188054e-09,8.918878080521608e-09,0.9996525049209596,0.0003410193021409,1.2976836671896308e-07,1.2612509925347124e-09,1
3,5.68249674870458e-07,2.026676160227225e-09,6.563163346129386e-09,0.999832034111023,0.0001672097569098,1.1626308804579821e-07,9.121852717619559e-10,1
3,1.3586296532253073e-08,3.4581653512999466e-11,2.2666414578598196e-10,0.9999945163726808,5.509939001058228e-06,1.0542440698202428e-08,5.4169533442172124e-11,1
3,1.334063193247914e-09,1.3859803062177267e-11,1.3751925986849043e-10,0.9999991655349731,8.557376531825867e-07,2.640526020059042e-09,1.40890576982855e-10,1
3,2.367646745327079e-09,1.2166778869115989e-11,6.755538836666908e-12,0.9999970197677612,3.01886234410631e-06,2.397982090673878e-10,6.801777197029679e-11,1
3,2.283866651353605e-09,1.6290007537334006e-11,9.26903345743746e-11,0.999996304512024,3.6498820463748416e-06,1.0561318042334731e-08,2.730917159077251e-10,1
3,6.6661978159743285e-09,2.0779346993071712e-11,4.301439412990327e-11,0.9999938011169434,6.223302534635877e-06,4.602144443310863e-09,1.0571619968313684e-10,1
3,1.2875577048987452e-08,8.858237754427734e-11,1.8281515190565758e-10,0.999909281730652,9.069906082004307e-05,1.4958768446149406e-08,5.824232762741133e-10,1
3,5.506482025907645e-08,1.8595865958204166e-09,4.854106006035863e-09,0.999789535999298,0.000210378144402,2.386815012300758e-08,2.379541008679098e-09,1
3,8.133535089882572e-08,2.9645022547875044e-11,2.405674270899993e-10,0.9998026490211488,0.0001972690661204,6.566096555360446e-10,4.6680978527113837e-11,1
3,3.2602303079443118e-09,3.6325047136909205e-11,1.1193920096408404e-10,0.9998871088027954,0.0001128185685956,1.264909843534667e-10,7.461951195830707e-11,1
3,2.5811817128129633e-09,9.013635671184515e-11,3.2954052819889053e-09,0.999969720840454,3.0270985007518902e-05,1.6006111713817714e-10,6.345639014249116e-10,1
3,5.875456787762801e-10,4.4303415103197346e-11,1.4844705020777836e-08,0.9999854564666748,1.4470581845671404e-05,1.9612377000211007e-10,1.0531667760105279e-09,1
3,2.1391863835873437e-09,2.760207618024424e-10,2.4538257648032413e-08,0.9999396800994872,6.026805203873664e-05,4.900904126969863e-10,6.267148577876469e-09,1
3,1.482795113361135e-07,2.407385624181302e-09,4.777121809240725e-09,0.9993098974227904,0.0006898776046,2.516213071235285e-10,3.311966167984792e-08,1
4,2.6035644395960844e-07,2.952862176996973e-09,3.5856014338198072e-12,2.774989661702421e-05,0.9999719858169556,8.690365788099895e-11,4.5648135937881313e-08,1
4,2.836861234811749e-08,1.132986149343651e-09,5.976880232058668e-13,1.033669263961201e-06,0.9999986886978148,1.508831774799102e-11,2.0269040135190158e-07,1
4,1.4574316198334714e-09,6.69181307588751e-11,4.231975657225089e-15,1.2541084615236286e-08,1.0,8.98734103631227e-13,1.6594475127362784e-08,1
4,3.802061776525534e-09,3.14608561424734e-09,1.3737753610468945e-13,1.455675544548285e-07,0.9999996423721312,5.087518947788361e-12,2.383868888955476e-07,1
4,6.39987007833298e-10,1.2979627095344168e-10,1.608544895351715e-15,2.333013227051594e-10,0.9999996423721312,1.7758777087761857e-11,3.1461397043131e-07,1
4,1.3125164149974111e-11,6.738579139131672e-10,3.2280673774045146e-17,7.00294509881072e-12,0.9999982118606568,6.110964056831036e-13,1.7763336472853553e-06,1
4,2.6930040229050656e-12,5.285698267964989e-11,1.4147761154983136e-19,6.348856173860745e-14,0.9999998807907104,3.147752986542261e-14,1.2841383068007417e-07,1
4,2.5851347104643985e-11,2.483206529291237e-09,5.063245321330987e-18,2.7268749324543817e-12,0.9999998807907104,1.1001310675157541e-13,1.3051045755219093e-07,1
4,2.652156922897109e-12,6.302634858457168e-09,8.275517581541227e-19,6.331285322402902e-13,0.9999994039535522,3.411230589247063e-15,5.805910632261657e-07,1
4,1.882424077725986e-11,2.116118125172761e-08,3.279242146771027e-18,1.5765114907972946e-12,0.9999994039535522,1.5750513067931489e-15,5.523157255993283e-07,1
4,7.121882510813249e-12,1.0233017100347297e-08,2.315099449933307e-18,6.174638708320024e-13,0.9999995231628418,1.0100517436125605e-15,5.285405109134445e-07,1
4,2.7306431855250723e-12,3.91293397683512e-09,2.275098236281161e-19,1.436830689149904e-12,1.0,1.2495714588026154e-16,5.1001613599055424e-08,1
4,5.1645448334580735e-11,1.908747435663827e-07,2.838459022319384e-17,2.6351273940683484e-10,0.9999997615814208,5.494012396986634e-15,4.8162071664137336e-08,1
4,3.842327931519174e-12,9.52172385382255e-08,2.0272933295289037e-18,1.2179102171216982e-10,0.9999998807907104,9.617969118821937e-16,7.694013426373658e-09,1
4,3.434767661264493e-12,4.5326057573902296e-08,2.0654497236199026e-18,1.840388119678238e-10,1.0,3.716655635192151e-15,4.0881484864030426e-08,1
4,1.5413796974894645e-11,7.73787078856003e-08,3.7635893999272656e-17,3.353539668182748e-10,0.9999995231628418,1.1954522929295136e-13,3.250946747357375e-07,1
4,3.529576804439661e-13,4.4878953886495765e-09,3.387998406143427e-19,1.858908339757992e-11,0.9999998807907104,4.664042504938298e-15,1.7371242222452565e-07,1
4,1.4460649691572236e-11,1.6489645204842418e-08,2.256201129751265e-17,1.176690828108562e-10,0.9999971389770508,7.074679383989313e-13,2.824342118401546e-06,1
4,2.3979776497817795e-12,2.2613351191580477e-09,1.7338235551691377e-19,2.2976578972766504e-11,1.0,3.0797484381521814e-14,1.817814521132277e-08,1
4,1.2601891101818308e-12,1.3530375708725726e-09,1.7804938608112038e-19,9.398420236506055e-11,1.0,3.6382284310894006e-14,3.8658574119665445e-09,1
4,4.027800662442793e-12,3.971568407479253e-09,2.7228310685756554e-20,6.497680726802456e-10,1.0,7.31637996020262e-16,5.050614149126886e-09,1
4,1.0012773249412632e-10,1.1335798433265155e-07,1.1593194778872106e-18,6.1595382128132314e-09,0.9999998807907104,2.640021278573889e-15,4.460887126356283e-08,1
4,2.1297465180314387e-10,3.90985288589718e-09,3.0610353649983534e-19,4.2568390479225116e-10,0.9999998807907104,1.1328549826461388e-14,8.557893949046048e-08,1
4,9.232539212311595e-12,4.599991915155144e-11,1.9012411952994622e-20,4.9034860373498016e-12,1.0,4.078305669384793e-15,8.041449284235114e-09,1
4,2.97526489122929e-13,1.0219010018611489e-13,1.8278380490513976e-23,6.182911577471904e-14,1.0,2.182300714564104e-16,6.152224063527001e-09,1
4,2.348417413224752e-13,5.464131209130529e-13,2.9125973271619638e-24,3.8996347925986113e-13,1.0,4.59808940284853e-18,4.67455518737836e-10,1
4,4.51955015296282e-13,2.3540965184143388e-12,1.668448229834949e-23,1.3411241518365702e-12,1.0,7.635821694123981e-18,3.6642466838543436e-10,1
4,5.238734359508389e-12,2.2497932336551507e-12,5.955554628886514e-23,1.955911127504706e-12,1.0,3.509324336668061e-17,1.3955982203217587e-10,1
4,1.400355831293609e-09,3.169897233590291e-09,1.6588260151803716e-17,5.055305618562045e-10,1.0,2.853260637199033e-14,2.8749553848683718e-09,1
4,2.3993343423178715e-10,1.1065641458696264e-10,1.0629752704013218e-18,5.46046097227304e-10,1.0,4.527949297786476e-15,1.007810190856162e-08,1
4,6.695247134480553e-11,6.2528415605001e-12,3.4696517308540093e-20,7.963201625882377e-11,1.0,4.616709033296307e-15,5.5872828141900754e-08,1
4,3.248403629418917e-11,2.469849411795844e-12,1.0256471555221268e-19,4.4919956643241216e-10,1.0,4.883811979367004e-15,3.5861127400949044e-08,1
4,1.069204967618642e-11,1.0678644080108768e-10,5.26586445314677e-18,5.075408981980445e-10,0.9999996423721312,2.333694760874028e-13,3.71262387943716e-07,1
4,1.1106225531257174e-12,2.5178121809688037e-09,5.720467821759735e-19,4.640524943477775e-12,0.9999997615814208,2.7609733482770668e-14,1.9758974190153824e-07,1
4,9.38559896468405e-10,4.169527656472383e-08,2.744516451023981e-16,3.4795657466446524e-09,1.0,4.011929677361081e-12,4.310638601623396e-08,1
4,1.3442479351866155e-09,6.4063856441975994e-09,1.4110647752926502e-16,3.7849995360161865e-10,1.0,5.74263813585274e-12,4.258322050532115e-08,1
4,1.4207894416529145e-08,1.92473962101758e-07,1.0757366711007608e-14,6.889884662797385e-09,0.9999995231628418,8.4480492046346e-11,2.38654820350348e-07,1
4,2.2282181433297413e-08,2.386325377301546e-07,1.3589357842681315e-14,8.19642131943965e-09,0.9999996423721312,9.593220662296176e-11,1.769453916722341e-07,1
4,2.591350067859821e-08,6.592811132577481e-06,1.3797478242393024e-13,1.868524179826636e-08,0.9999889135360718,5.390640711588901e-11,4.56200586995692e-06,1
4,4.280074961116043e-09,1.3098590443405556e-06,2.520279110732569e-14,3.619954114242319e-09,0.9999955892562866,2.6832983751612357e-11,3.075374252148322e-06,1
4,5.097812838528171e-09,2.944973687135644e-07,6.481211509319629e-15,9.5879242323349e-09,0.9999995231628418,7.987654808416789e-12,6.190467871647344e-08,1
4,1.4557532068693037e-08,8.10655578220576e-08,2.3676368279671768e-14,1.0824100726836152e-08,0.9999991655349731,1.3084283656539242e-11,6.894293846926303e-07,1
4,1.2144927552526497e-07,2.3962290924828267e-06,3.618717955497508e-12,2.92133055523891e-08,0.9996498823165894,9.782725740592466e-10,0.0003475859120953,1
4,1.1022034840380002e-08,8.435041536358767e-07,3.4333415017268054e-12,4.4937085164065145e-08,0.9970903396606444,2.2529036414198345e-08,0.0029086272697895,1
4,2.57466137298934e-08,4.692184347732109e-07,6.52740611128272e-13,1.4221126498625836e-08,0.9997478127479552,4.114192986293119e-09,0.000251651945291,1
6,2.4758419314707684e-08,5.553074000630431e-09,1.1741684013966136e-10,4.337032066814572e-08,8.877529035089538e-05,6.395576690465532e-08,0.9999110698699952,1
4,1.906404207829837e-07,1.7148928236565553e-05,3.0295355113452155e-10,8.446349056612235e-06,0.5113527774810791,1.7065151780570886e-07,0.4886212348937988,1
6,1.5405737796569952e-09,1.4233121348183884e-09,7.297931703398318e-11,1.965761553535117e-09,1.8368921246292305e-06,3.703478768102286e-08,0.9999982118606568,1
6,8.967811027105199e-08,1.1456668147502569e-07,4.210661153081219e-09,1.422580879761881e-07,2.975084862555377e-05,2.439501542994549e-07,0.999969720840454,1
6,1.465296577407571e-06,1.211920448440651e-07,1.482818419162868e-07,4.055936528857274e-07,1.627779784030281e-05,1.963137265192927e-06,0.9999796152114868,1
6,4.3897316004404274e-08,4.647518814238083e-09,1.1555446599587071e-09,2.0104855558145122e-09,5.417920192485326e-07,9.460350014478537e-08,0.9999992847442628,1
6,1.99331173789119e-09,3.825744235297357e-11,5.5316039943020805e-11,4.861917535237126e-10,7.89898209063722e-08,2.7200959706874528e-08,0.9999998807907104,2
6,2.0683603718651966e-09,1.2168850996308045e-12,4.4451425179614645e-11,2.1609923572807327e-10,1.5425973387550584e-08,1.954792416825057e-08,1.0,2
6,2.8410220842545182e-09,2.2761405607529817e-11,4.743558323916375e-11,2.4515106611389115e-10,4.1639644621227496e-08,1.5821337129295898e-08,1.0,2
6,6.365179494594031e-09,3.585000629691137e-10,5.251523660376732e-10,4.043454904234522e-09,6.146079556401673e-08,9.437952996904643e-08,0.9999997615814208,2
6,6.674873098688749e-09,4.5568493423076006e-11,1.0389853422054782e-09,6.963511101076847e-09,6.085873138772513e-08,6.170923825266073e-07,0.9999992847442628,2
6,3.6199772068812315e-08,5.132033131793888e-10,3.438192619498181e-09,2.308021507246849e-08,6.738019919794169e-07,3.5267951261630515e-06,0.9999957084655762,2
6,2.2528183762915432e-08,6.829756205029013e-10,1.7595461754282835e-09,4.469814740559741e-09,7.170186790972366e-07,2.248733835585881e-06,0.9999970197677612,2
6,2.705320412133005e-09,1.7904649984856746e-10,1.4993323249612443e-09,4.5320973640627934e-09,8.631243275658562e-08,8.04394971964939e-07,0.9999990463256836,2
6,6.758273229934275e-08,2.378152341719897e-09,1.3009823440768288e-08,3.9067209911536345e-08,5.23216215242428e-07,2.074834128507064e-06,0.9999972581863404,2
6,1.7707509414321978e-07,1.7676759611617854e-08,1.2158922757521395e-08,1.8254803535455721e-07,8.729226692594239e-07,5.898457402508939e-07,0.9999980926513672,2
6,9.084075713872153e-09,8.390059313967413e-09,4.69066674391172e-10,9.613486673387683e-10,8.66306635316505e-08,2.7010857550635592e-08,0.9999998807907104,2
6,6.933851182111539e-08,1.4553088512059276e-08,1.506304236897904e-08,1.0708938624759412e-08,1.9263197259533626e-07,6.885717311888584e-07,0.9999990463256836,2
6,6.344828218374232e-09,3.110429469543874e-09,3.0607977263841235e-10,9.217835938990503e-10,1.2891776179912997e-07,6.323580237221904e-08,0.9999997615814208,2
6,3.039066553967018e-09,1.2664486126467978e-09,8.960493458332053e-11,3.5737973691496444e-10,6.777214878184169e-08,2.8293264620060654e-08,0.9999998807907104,2
6,3.9433672327504616e-08,5.444478645699746e-08,1.2217070688436136e-09,3.665189263202251e-09,5.200623149903549e-07,8.184424160617709e-08,0.9999992847442628,2
6,2.6342000580825697e-08,3.37762684488041e-09,8.874143642145781e-10,5.106396194776153e-09,3.474941081549332e-07,1.490616341470741e-07,0.9999995231628418,2
6,9.296564229543949e-08,1.2033379448439518e-07,1.2709750585315762e-08,1.2621454104078111e-08,9.440555572837184e-07,3.728707156369637e-07,0.9999984502792358,2
6,1.4598036841562134e-06,1.5520488886977546e-05,3.271626383138937e-07,2.7634061439130164e-07,9.750525350682436e-06,1.7739218947099289e-06,0.9999709129333496,2
6,1.7149151290141162e-06,3.4410975786158815e-05,6.382145443240006e-07,4.935696438224113e-07,6.493654382211389e-06,3.072851768592954e-06,0.9999531507492064,2
6,1.300155304306827e-06,1.817781594581902e-05,4.446751233899704e-07,3.973115383359982e-07,4.140681539865909e-06,2.758330992946867e-06,0.9999727010726928,2
6,9.835872560870484e-07,1.5895320757408626e-05,7.837242606001382e-07,1.902352664728824e-06,3.8794892134319525e-06,5.695279014616972e-06,0.99997079372406,2
6,2.533264193971263e-07,8.825561963021755e-06,2.1639161218445227e-07,1.2810946827812586e-06,1.800152631403762e-06,1.761422936397139e-06,0.9999858140945436,2
6,2.8830058340645337e-08,1.997632352868095e-06,2.1794095417249082e-08,2.784713615255896e-07,9.985412816604369e-07,8.043164143600734e-07,0.9999958276748656,2
6,1.833665663752981e-09,7.916092954474152e-07,9.908047715612156e-10,5.389528112687003e-08,5.668172775585845e-07,9.571529346885654e-08,0.9999984502792358,2
6,5.69268299166481e-10,2.543781647545984e-07,4.2657619103714234e-10,7.176070226933008e-08,1.1140005540255517e-07,9.019731095349924e-08,0.9999995231628418,2
6,6.477630237755605e-11,6.648438244383216e-08,1.828784346180612e-10,5.38696625085322e-08,5.150692317101858e-08,6.24266434101628e-08,0.9999997615814208,2
6,9.912532600298007e-12,1.1542087285931757e-08,8.709538298901087e-12,1.7361461601694828e-08,1.4938480674686616e-08,3.6435096717468696e-08,0.9999998807907104,2
6,6.4789870517223394e-12,2.202112092675179e-08,1.0302449865440266e-11,7.331911078267694e-09,2.522606123989135e-08,5.8383474055290214e-08,0.9999998807907104,2
6,3.260711145536277e-12,1.2990069464535736e-08,5.718764871376347e-12,2.3792575021275297e-08,1.865343435270006e-08,3.717632779398628e-08,0.9999998807907104,2
6,1.4885953580900946e-11,8.535148587895947e-09,5.543303663313459e-12,2.9188603534180402e-08,4.339072745551675e-08,2.564003587224306e-08,0.9999998807907104,2
6,2.770905727089712e-11,7.09204472926217e-09,6.025696868555697e-12,1.7894836901177769e-07,1.41709065815121e-07,1.5125987573583192e-08,0.9999996423721312,2
6,1.7260625220782977e-11,2.715869085179179e-09,1.548923641257749e-12,5.3063018867760554e-08,2.700932100196951e-07,5.177351436458366e-09,0.9999996423721312,2
6,1.5474010961469276e-11,2.568607992969873e-09,1.5474266833181982e-12,1.0529740279707769e-07,9.9816688248211e-08,1.8896786357913693e-09,0.9999997615814208,2
6,1.0183047460810002e-10,6.7796923630680794e-09,2.7347403855348947e-11,3.417696063934273e-07,2.91940001062585e-08,1.679876149296433e-08,0.9999996423721312,2
6,2.629196582670801e-10,1.1122055276757692e-08,2.7621559553492322e-11,7.972755042828794e-07,4.8476220371185264e-08,1.8367973808608443e-08,0.9999991655349731,2
6,1.7019889664293686e-10,3.965110462189614e-09,1.1707202915434143e-11,5.208188440519734e-07,2.5990255281271857e-08,1.0891597845841261e-08,0.9999995231628418,2
6,1.0261602678696136e-10,8.590673172825801e-10,5.640701881276522e-12,2.233742577573139e-07,4.044712120787608e-09,1.0904550151735748e-08,0.9999997615814208,2
6,7.031690785197496e-10,1.6941543279358484e-08,1.1195915028405777e-10,1.376137902298069e-06,5.499991218016476e-08,9.329284011982965e-08,0.9999985694885254,2
6,1.4146012139448771e-10,6.967272536684277e-09,1.2801100457426884e-11,3.068119838189887e-07,6.252696493902478e-08,1.3068222060041991e-08,0.9999995231628418,2
6,3.181990435030535e-11,7.842323235252024e-09,5.568224917609776e-13,2.8205489499555373e-08,9.653037125190168e-08,1.2129196536037055e-09,0.9999998807907104,2
6,1.4271563097967288e-10,6.3858855980925e-08,2.6802880661452866e-12,1.4984703966547388e-07,8.259464152615692e-07,1.945972938344198e-09,0.999998927116394,2
6,5.586342499697139e-10,4.054425772892501e-08,6.579338202722385e-12,5.162879688214161e-07,7.752004194117035e-07,2.391035813786857e-09,0.9999985694885254,2
6,2.12194439797031e-09,1.571267205235927e-07,1.496639270848199e-11,5.459006047203729e-07,3.254664306950872e-07,1.971643293074976e-09,0.999998927116394,2
6,9.042738224884771e-10,3.635214440578238e-08,9.230125344594775e-12,4.48132801977863e-08,2.5209612175558505e-08,2.4706541257302206e-09,0.9999998807907104,2
6,1.0646514225776116e-10,4.704362055463207e-08,1.253823542386734e-12,1.8519536126859748e-08,2.317726455203228e-09,4.775369544240958e-10,0.9999998807907104,2
6,9.168210635124295e-11,5.620577425702322e-08,6.446284478434095e-12,1.9326854783230374e-08,3.005947046830215e-09,2.609879201642684e-09,0.9999998807907104,2
6,1.000946070819908e-12,6.149842857183785e-09,1.0219045085775504e-14,1.259061188640942e-10,1.8036845350621886e-09,3.777922072401019e-11,1.0,2
6,2.5848377258053112e-12,2.57988674867704e-09,1.2847910940434054e-13,1.2066044829950327e-09,7.700881599070897e-10,6.087415016509111e-10,1.0,2
6,4.3442829195106114e-11,1.7631705873100145e-08,1.2955948163265174e-12,5.906602762451031e-09,3.8912631339371735e-08,2.6507060990610402e-09,1.0,2
6,4.8328556434551466e-11,2.883567340461468e-08,1.0426570631189014e-12,3.853688035349023e-09,7.018188341589848e-08,1.1400109745096643e-09,0.9999998807907104,2
6,7.433142990009856e-11,2.9092220188431384e-08,5.530045822307872e-13,5.0032475940042795e-09,3.717279071224766e-07,1.0053863297443402e-09,0.9999996423721312,2
6,2.9219738607866308e-12,1.7344648384209904e-08,5.716755736330514e-13,4.114477203387423e-09,8.883216651156546e-08,1.7842287647340527e-09,0.9999998807907104,2
6,2.2016237574348785e-13,3.8073459940335405e-09,3.8652207248659343e-14,6.283861764266874e-10,1.4292540484461824e-08,2.870274851130006e-10,1.0,2
6,1.4449413887618332e-09,7.496190050915175e-07,3.270153592360714e-10,4.036755001379788e-07,1.760987629495503e-06,5.6389122704558765e-08,0.9999970197677612,2
6,2.87400805376592e-08,2.7515957299328875e-06,1.5681115295151924e-09,2.2225119664653903e-06,4.616773821908282e-06,5.19407130639138e-08,0.9999903440475464,2
6,7.37002920914165e-08,2.772063226075261e-06,2.3985777808377406e-09,6.123847924754955e-06,5.478769708133768e-06,6.440231459237111e-08,0.9999854564666748,2
6,4.99752275118226e-08,1.786899360922689e-06,6.761967430435334e-09,1.649194564379286e-05,3.7879019600950414e-06,2.034080353041645e-07,0.999977707862854,2
6,1.2806136151510827e-09,1.5667156105791946e-07,1.1369820362983063e-10,5.882132541046303e-07,3.714232548190921e-07,9.910610110352993e-09,0.999998927116394,2
6,1.3623435712872831e-09,1.867301051561299e-07,6.345947656249962e-10,3.6139454095973633e-07,1.415886714539738e-07,4.0659134725729025e-08,0.9999992847442628,2
6,1.1423730850168567e-09,3.613690466863773e-07,4.2120568144454746e-10,9.43637928685348e-07,2.2915929775990665e-07,2.85289480927986e-08,0.9999984502792358,2
6,2.1912160974579817e-10,4.6820005650261016e-08,1.478313443881163e-10,1.432427154668403e-07,2.225385387077949e-08,3.255926017686761e-08,0.9999997615814208,2
6,3.061223149969372e-11,1.0632704494639713e-08,2.628254731906754e-11,9.808772460928594e-08,1.0271425487928808e-08,1.4659019775820072e-08,0.9999998807907104,2
6,1.2832419155062168e-11,5.330331287467516e-09,3.885336930659067e-12,5.096407207361153e-08,2.21533191790968e-08,4.413802656699772e-09,0.9999998807907104,2
6,1.2640773844330155e-11,4.01233268831902e-09,2.329627159583514e-12,9.821520308150866e-08,7.144197411435016e-08,6.811435415698952e-09,0.9999997615814208,2
6,1.806143234105162e-12,8.044144239605088e-10,1.3421886215295165e-12,6.977276534314569e-09,5.854559059770281e-09,5.118363066713982e-09,1.0,2
6,6.141534329706655e-12,1.6709170505557758e-11,1.4518804995061754e-12,3.9607810364827856e-09,1.4149507121530291e-09,2.4166057599472882e-08,1.0,2
6,4.163400093432079e-12,5.919981085206194e-12,1.6914347526764129e-12,3.745952881217818e-09,3.4452365960113696e-10,2.1860257604089384e-08,1.0,2
6,4.6355298072287e-11,4.173401641632824e-12,2.924315520638765e-12,1.7883420966313682e-08,1.7096852822362507e-09,1.574026953221619e-07,0.9999998807907104,2
6,6.841307468447022e-12,1.9869581240755667e-12,1.092624363381589e-12,1.1115616871393286e-08,8.550623542546986e-10,5.1934467393266466e-08,0.9999998807907104,2
6,1.2698626004892244e-11,2.8490551931548147e-11,3.5379897796172788e-12,3.4271895543724895e-08,8.249213756528206e-09,1.8789579314670848e-07,0.9999997615814208,2
6,3.5546964135234343e-13,6.458860139432754e-13,1.26547549023949e-13,1.3122347652938515e-09,3.1855146298553905e-10,1.1841477132179534e-08,1.0,2
6,5.519205426886277e-13,1.5680503770432175e-11,4.1157564010553543e-13,7.967204673775541e-09,2.9609819041098717e-09,7.335534846220071e-09,1.0,2
6,8.084705187217865e-14,2.2254673798238755e-11,6.313056631276903e-13,1.671377591883072e-09,1.4885684906928984e-09,1.71304093132818e-09,1.0,2
6,1.8504811398478704e-12,4.2629333396604347e-10,1.506636655712601e-11,8.884619262516935e-09,3.229171952057186e-08,1.3194282999506868e-08,1.0,2
6,7.083343026709209e-12,1.9484112101508803e-09,3.015281080376297e-11,1.2673045723943233e-08,7.28282643081002e-08,1.9901332137806094e-08,0.9999998807907104,2
6,1.5682148288287398e-11,7.490434383861101e-10,8.110366545022174e-12,3.897567601995888e-09,3.333729736709756e-08,7.984822580908713e-09,1.0,2
6,3.686612647102461e-12,2.669951204570253e-10,5.411827236345701e-12,4.804205033792641e-09,1.1283623813085342e-08,5.9147984288188135e-09,1.0,2
6,6.234189596845964e-13,3.0385843841074234e-10,5.797677442298532e-12,4.856665292152229e-09,1.5894827676277144e-09,5.3567186242275974e-09,1.0,2
6,1.2457550616074007e-11,2.6259563967734323e-10,1.912174411866641e-11,3.416127825062176e-08,2.0085865415353513e-08,6.69466899694271e-08,0.9999998807907104,2
6,2.3389873371471023e-11,4.6003525988602684e-10,1.1254399495674859e-10,1.8968975723510087e-07,9.885545715349052e-09,2.9849573479623366e-08,0.9999997615814208,2
6,1.6537951563755368e-11,9.993089689075416e-10,5.7160526312216575e-11,1.0941412398324247e-07,4.547314969016725e-09,6.394336171666737e-09,0.9999998807907104,2
6,2.3171188578974267e-10,3.439683382566727e-08,4.457854974049269e-09,2.3660074077724857e-07,6.345265290974568e-08,9.853566496076382e-08,0.9999995231628418,2
6,8.460002143273471e-10,3.9223550629685633e-07,5.5152358235943674e-09,1.781167384251603e-06,1.3518580033178298e-07,7.243301070047893e-08,0.999997615814209,2
6,1.141603811483094e-09,1.534293971872103e-07,5.692634807985541e-09,1.5896337117737858e-06,3.4464097353748e-08,1.6041890660289937e-07,0.9999980926513672,2
6,1.199009891372782e-09,1.8208123719887226e-07,2.4421666910967588e-09,9.715149644762278e-06,2.3341108601471205e-07,9.587891014462002e-08,0.9999897480010986,2
6,1.3444433344389495e-09,1.7008994745992825e-07,3.624531563772848e-09,4.290686774766073e-06,6.777996759410598e-07,2.2667208554594254e-07,0.9999946355819702,2
6,7.913187327623915e-10,1.261684730025081e-07,7.003655877468873e-09,1.9243580027250573e-06,4.189587343716994e-07,3.2484567213941773e-07,0.9999971389770508,2
6,1.4826287420000028e-10,5.5361411455123744e-08,9.262621225580857e-10,1.4599743280996336e-06,4.151516179717874e-07,5.93978661811434e-08,0.9999980926513672,2
6,1.9663060069063929e-10,6.53418297247299e-08,2.868298043523509e-09,2.20543938667106e-06,4.573358012294193e-07,1.2605241295204905e-07,0.9999971389770508,2
6,5.850519374517305e-11,1.908896507529789e-08,4.681466880818164e-10,4.331877505592274e-07,2.8370862992233015e-07,4.436641987126677e-08,0.9999992847442628,2
6,6.509755928751915e-11,1.844971819764396e-08,1.8672520474272147e-10,3.70522002413054e-07,2.819435849232832e-07,2.1179271669780064e-08,0.9999994039535522,2
6,8.861249407854377e-12,1.620359291187867e-09,6.659213111492868e-12,5.535527947131413e-08,6.309605282694974e-08,1.1254557286122235e-09,0.9999998807907104,2
6,1.355931686375378e-11,2.747410743353384e-09,6.922343774584672e-12,6.919268713545534e-08,3.2603699651190254e-07,2.489546568895662e-09,0.9999995231628418,2
6,9.954043665716394e-12,1.6200379926445407e-09,1.317012384566274e-11,1.7142381736334755e-08,7.999002349379225e-08,3.1489439944465403e-09,0.9999998807907104,2
6,7.232720824167095e-14,3.017802951976733e-10,6.661322535239656e-12,2.1217939405460132e-08,1.2070124455476616e-08,5.142952175241078e-10,1.0,2
6,6.392797532658867e-13,7.44795003448928e-10,2.8846243102509384e-11,1.1997803994745482e-07,8.871921863828902e-08,8.921121064098259e-10,0.9999997615814208,2
6,7.71915897087444e-14,2.6803498309746487e-10,6.312003697495072e-11,2.9719146255047235e-08,3.106933732510697e-08,1.6560570692547572e-09,1.0,2
6,3.9782928470608053e-13,1.2787056136165376e-10,5.588507521331332e-12,1.2763385015546191e-08,2.070959048694476e-08,4.357837424251443e-10,1.0,2
6,9.447796006905457e-14,7.40532496434909e-11,7.79655506821797e-12,1.0573571351812916e-08,5.881162667975559e-09,2.5650087609463407e-10,1.0,2
6,6.261371629512348e-13,5.794156265892525e-10,8.0392012491437e-11,5.6014958005334854e-08,2.1284087381445715e-08,1.2313369213146075e-09,1.0,2
6,4.144954345031149e-12,1.2299496976453383e-09,2.096784135208196e-10,1.1357122353672366e-08,2.508562602088205e-08,3.141415572116557e-09,1.0,2
6,1.9882283753408503e-12,1.1355659468303968e-10,1.8507918721905048e-12,4.3810563510326967e-10,6.043710421010928e-09,1.0243986214852896e-10,1.0,2
6,6.33610893786829e-13,1.165472302000481e-10,4.8257795329242895e-12,3.0804303552400825e-10,3.4362996892411957e-09,3.269377268910745e-10,1.0,2
6,2.877165736561716e-13,7.823953984686938e-11,1.8201329332612204e-11,9.520603055923615e-11,1.338407162876365e-09,8.391384254125001e-10,1.0,2
6,6.96442754269562e-14,1.9319565044972897e-11,5.590832050789141e-12,2.872650207985661e-11,1.5143536424844226e-09,2.159296075276984e-09,1.0,2
6,1.300525984647416e-13,2.3432117357558013e-11,2.869074595956977e-11,6.604144314747984e-11,2.04592898178646e-09,9.864209005172596e-09,1.0,2
6,6.731898025136297e-14,3.5738231818349675e-11,7.65212060382936e-11,1.0396021543623846e-10,1.495432555564946e-09,3.830028916240735e-08,1.0,2
6,5.475424936585496e-14,5.827456572848888e-11,1.6282521164701078e-10,9.374319376309613e-11,7.744069385751118e-09,3.212178114608833e-07,0.9999996423721312,2
6,1.3774376943415968e-14,3.9158710996023416e-11,2.711794400145351e-10,2.2347067252237446e-10,3.446709584409291e-09,2.009091133459151e-07,0.9999997615814208,2
6,1.879848383686965e-15,2.7384471426583623e-11,5.67536555945436e-12,2.3744754426568978e-11,1.915092751048064e-09,1.1376899067272461e-07,0.9999998807907104,2
6,9.793652434170186e-15,2.994185455129639e-11,9.211150939214539e-12,4.645186665874768e-11,1.343963385025404e-09,4.3832589113890215e-08,1.0,2
6,1.1488226548447142e-13,3.8013353576005215e-10,2.282379979456905e-10,2.165722046143514e-09,2.279696653673113e-09,1.375321687646647e-07,0.9999998807907104,2
6,2.1114041098184783e-14,3.784501878545399e-10,8.558146413761846e-10,5.36411137730397e-09,1.0013768286798451e-10,4.278243181943253e-08,1.0,2
6,1.5755038129693956e-14,9.058409577988867e-11,4.976132839118462e-10,6.404760721778757e-09,1.9570092074649992e-11,9.76939062979909e-09,1.0,2
6,5.888305810417037e-15,4.2426467894429715e-10,1.2832812069929478e-11,1.079447864427152e-09,1.0882205553341959e-10,7.996431294898797e-10,1.0,2
6,5.160517737960724e-15,2.897901474341324e-09,6.496766680186283e-09,6.179499223435414e-08,8.672575851909059e-11,6.780602035405536e-08,0.9999998807907104,2
6,5.2299805382727965e-14,6.206994473956229e-09,5.5807834797860785e-08,1.8824120218141618e-07,1.95831253990697e-10,1.722215330346444e-07,0.9999996423721312,2
6,9.420577619584976e-15,7.927743794766684e-09,1.6515879508460785e-07,3.717749734732934e-07,8.678462809497134e-11,1.4195317987741873e-07,0.9999994039535522,2
6,1.274860750820339e-13,7.765843967888486e-09,1.2361661028137403e-08,6.310134637033117e-08,4.759946881094379e-10,3.720008834307009e-08,0.9999998807907104,2
6,2.517303423002493e-12,1.4585301855163381e-08,9.496746145032377e-08,2.110407848476825e-07,3.333116449510953e-09,1.2502191282237618e-07,0.9999995231628418,2
6,8.429377855445619e-12,6.776849748035829e-09,1.55819002145563e-08,4.6429079247900524e-08,2.705451862539121e-09,4.7370914302291573e-08,0.9999998807907104,2
6,6.70448202164109e-12,8.931274386725363e-09,2.715900837557683e-09,3.412467819430276e-08,5.242509981684407e-09,2.403128718242442e-08,0.9999998807907104,2
6,5.013083004268282e-11,7.322394690589817e-09,1.4167242379237166e-10,5.148539816701714e-09,2.2456221770994492e-08,6.892175274941792e-09,1.0,2
6,3.478867150949472e-12,4.226469840773461e-08,4.28484661085804e-08,1.0868937749819453e-07,1.2296678342238463e-08,6.837875616838573e-07,0.9999991655349731,2
6,4.524556077023512e-11,1.7497393756116253e-08,6.9340773123371954e-09,1.7487110426372965e-07,3.0033980635835185e-08,4.5778449475619716e-08,0.9999997615814208,2
6,2.4545972893141865e-11,1.98081373525838e-08,6.931523688358253e-10,9.56250634231992e-09,4.627940342061265e-08,2.2521462028635145e-08,1.0,2
6,1.5995224892859097e-12,2.2028168178422902e-09,1.3690279465627953e-10,6.021614873397141e-10,5.0379746596718185e-08,7.750559305463867e-09,1.0,2
6,5.337062782277865e-14,8.203254187044705e-10,4.4004161425803545e-11,3.8307704230966516e-10,2.266375176418478e-08,4.5683883342917406e-09,1.0,2
6,1.7340924364311026e-14,2.766979145807369e-10,4.905462147597461e-11,6.333943924907715e-10,1.7558242859649912e-08,2.894593009727941e-09,1.0,2
6,1.4418248826513088e-15,1.0713819414975843e-10,5.2138133220525066e-12,5.651733595013475e-11,7.369261645351344e-09,6.95635715697307e-10,1.0,2
6,8.549412703663401e-15,2.3474225341324484e-10,8.561260728123797e-11,5.532230229476909e-10,2.9575009108384623e-08,1.3377214003185145e-08,1.0,2
6,6.283149795263156e-15,1.9525692174227058e-10,2.7987165536480507e-12,5.048655937756051e-10,9.85687833576776e-08,1.017288253635229e-09,0.9999998807907104,2
6,1.5348554641603144e-15,4.339150427856708e-10,1.75212813008363e-11,2.5554033888930405e-10,9.31956805061418e-08,1.3054100911347176e-08,0.9999998807907104,2
6,8.106223889836271e-15,4.543047327221217e-10,1.4637987003074393e-11,7.594920248266134e-10,1.56227542902343e-07,1.5957349219775097e-08,0.9999998807907104,2
6,7.94333998347486e-16,1.0236349268222256e-10,6.907394795030442e-11,5.746920272997613e-09,1.5702255495853024e-08,3.3975890545434595e-08,1.0,2
6,7.313034285940084e-15,2.1898363330996595e-11,4.834070210096853e-12,1.4918483115522463e-09,7.745537544678882e-08,9.883342144689776e-09,0.9999998807907104,2
6,1.511314300973749e-14,5.566199844792008e-12,7.999882223677647e-13,1.7128212737027582e-10,5.1326288996733644e-08,1.4991593522140079e-09,1.0,2
6,1.3761565570088747e-14,2.5860756678458548e-12,1.2850900627924685e-13,1.0033268660336604e-10,4.6305159706605545e-09,2.2002544231014556e-10,1.0,2
6,5.0584492513770444e-14,1.2608438598737948e-11,5.8619806057869095e-12,2.9818994495833806e-10,1.0805483618980816e-08,9.582407756170142e-09,1.0,2
6,5.2413971871490695e-14,2.0039628593690467e-13,3.3912548333750464e-13,1.760187308408323e-11,3.7980382727731405e-10,6.529473073335622e-10,1.0,2
6,7.76330768333805e-14,1.8942078537208945e-13,6.538224280559779e-13,3.3302992308303914e-11,1.4007157933537684e-10,5.171705286244331e-10,1.0,2
6,2.481312952416076e-13,4.951858150956112e-13,1.323372509666465e-12,4.316703938744837e-11,1.005300398482234e-09,2.708477664370434e-09,1.0,2
6,3.3259666180028574e-13,9.59427632826748e-13,4.18145769745526e-12,8.041056709373605e-11,1.523880466258731e-09,2.528506071186598e-09,1.0,2
6,7.590416739155366e-14,1.6081790575866314e-13,3.5203394019300843e-13,4.0306980843285426e-12,1.3906001350427744e-10,7.319807537875532e-10,1.0,2
6,1.0402724180387601e-14,1.7724438236554896e-11,3.919421384668276e-11,8.697142311886452e-11,7.108104660424884e-10,3.557769412410039e-09,1.0,2
6,6.146833394929732e-15,2.6159869409569936e-11,5.599243638187978e-11,3.572223628012239e-10,4.834739275594302e-10,2.0025567870618492e-09,1.0,2
6,2.1345260086368114e-13,2.6019540688704268e-11,4.424232855071431e-11,6.948784880833613e-10,7.915368915867305e-10,2.309311852854989e-09,1.0,2
6,2.3454811226911176e-13,1.8334789242402394e-10,1.6927016732726227e-10,2.5541331272194157e-09,1.8791768141568355e-09,3.049791974518712e-09,1.0,2
6,1.3844773851662273e-12,3.454446798056843e-11,3.587261564186317e-12,2.597130843717821e-10,5.669562042065478e-10,1.3390423492243286e-10,1.0,2
6,3.894197811438183e-11,1.038013563992024e-09,2.5008828341555045e-10,8.448654553738776e-10,1.0633030456119741e-08,2.2385093778609644e-09,1.0,2
6,7.758141351565938e-10,8.278216334645094e-09,4.837340528140999e-10,1.3805457221849338e-08,7.133686352744918e-08,2.1771819902483003e-09,0.9999998807907104,2
6,1.077312683506193e-09,9.226038599763342e-09,5.863752816637201e-10,9.774236531256976e-09,7.554619685379295e-08,1.775145030968872e-09,0.9999998807907104,2
6,2.614457983440843e-09,3.37925349924717e-08,3.467189646499946e-09,1.7406755148385855e-08,1.4989205965321164e-07,4.933588204636408e-09,0.9999998807907104,2
6,2.2715536118766977e-08,2.396516549652006e-07,1.5699159305881952e-08,1.24781863064527e-07,4.096581278645317e-07,4.697353617189037e-09,0.9999991655349731,2
6,5.5107655327901746e-08,5.502754447661573e-07,7.655698652797582e-08,2.25190390779062e-07,2.261891950183781e-06,3.25622622199262e-08,0.999996781349182,2
6,5.326692331664162e-08,4.137584426189278e-07,1.0270772676790331e-08,6.289067755460566e-08,2.1195376120886067e-06,1.6393125079616766e-08,0.99999737739563,2
6,1.3015220190482069e-07,1.6296114608849166e-06,5.362919353046892e-08,2.3248519198659778e-07,5.619136572931893e-05,5.555684197133814e-07,0.999941349029541,2
6,1.5450535073568972e-08,8.313396193670998e-08,1.437392094238987e-09,4.970247857727372e-08,7.293435373867396e-06,1.4379213553183945e-07,0.9999924898147584,2
6,5.532732050284039e-09,1.9550061125528373e-08,3.9130768070272376e-10,7.398718793183434e-08,1.1961853942921152e-06,2.815514932308361e-08,0.9999986886978148,2
6,6.038289868115498e-09,1.2761328882504586e-08,6.1777770399285e-11,1.2330357179735074e-08,8.435171366727445e-06,2.4645492757713328e-08,0.999991536140442,2
6,4.9805148449877385e-08,1.0742236611349655e-07,4.4122092091036786e-10,8.32680413509479e-08,6.85273262206465e-05,5.99501106535172e-08,0.9999312162399292,2
6,6.13146866612624e-08,2.09501209269547e-07,5.406601277790911e-10,9.022073754749729e-08,7.21484175301157e-05,8.32016766594279e-08,0.9999274015426636,2
6,1.832206031338046e-08,1.1539396638227117e-07,4.3158612794691454e-10,1.1428780766209456e-07,2.8039560220349813e-06,3.49939668353727e-08,0.9999969005584716,2
6,1.7066776436536202e-08,2.3637994672753848e-08,4.78976684703536e-11,1.9300398435007082e-07,7.268807848959113e-07,1.3139823451524537e-08,0.9999990463256836,2
6,4.9343931607381826e-08,2.413450488347735e-07,5.859082663484115e-10,1.2679084875344415e-06,1.8539232087277924e-06,8.115075189607523e-08,0.999996542930603,2
6,4.403601927549516e-09,1.2155256357004872e-08,5.7187015539694735e-11,8.00040425019688e-08,1.040355357417866e-07,1.0210694512124974e-08,0.9999997615814208,2
6,4.925755803242282e-09,1.0881199052903412e-08,4.255846716705314e-11,3.1768106367735533e-08,8.382450289445843e-08,8.019406472214996e-09,0.9999998807907104,2
6,2.589608749659078e-09,3.92931331916202e-09,1.8618396754876976e-11,2.0413459367318865e-08,2.570045687377842e-08,5.059224150727459e-09,1.0,2
6,6.177809819263302e-09,2.8958138997836613e-08,5.228084284936152e-11,7.194999795956393e-08,6.374793315444549e-08,2.386514541541373e-09,0.9999997615814208,2
6,1.0744284573149798e-08,8.059205214294708e-08,1.0707858211222998e-10,6.607155711435554e-08,1.393076331623888e-06,6.466875479560485e-09,0.9999984502792358,2
6,1.0885170986796313e-08,1.4819447358149773e-07,2.245141572654319e-10,1.960758169161636e-07,9.619442380426335e-07,1.8192473083544771e-09,0.9999986886978148,2
6,3.727179276324932e-08,1.787988708201738e-07,1.586981518419961e-10,2.536187821533531e-06,1.84824193638633e-06,1.639305136080793e-09,0.9999953508377076,2
6,1.0889303680983176e-08,1.0181847898138585e-07,7.606999058440421e-11,8.94120887551253e-07,3.651866506970691e-07,8.874678214532138e-10,0.9999986886978148,2
6,2.8040312294308482e-09,2.5281641669039345e-08,1.899487511725084e-11,1.4245757995468014e-07,1.957001245500578e-07,2.9097407816536247e-10,0.9999996423721312,2
6,1.1945480160591161e-08,5.6098002687576816e-08,9.563275865653864e-11,2.4750750071689254e-07,2.1318112430890326e-07,1.015895589873139e-09,0.9999994039535522,2
6,2.4363600914512066e-08,1.6377717315663176e-07,3.1835500902133163e-09,8.988205877358268e-07,2.445745508339314e-07,1.2675497096381605e-08,0.9999986886978148,2
6,3.850430019269879e-08,2.1734285837737846e-07,3.655105773603395e-09,6.850966087768029e-07,3.817546883055911e-07,4.3261341176048524e-08,0.9999985694885254,2
6,2.4350990557309163e-08,8.06003086495366e-08,2.694203748987434e-10,6.193126722564557e-08,6.110709449558271e-08,6.169731836536131e-09,0.9999997615814208,2
6,8.747591984104021e-09,4.427868560696879e-08,3.227154377061225e-10,1.4825930705342216e-08,9.942677792196265e-08,1.3924192465708531e-08,0.9999997615814208,2
6,1.2524249415335476e-09,2.3021575756843052e-08,1.4289010252799272e-10,2.267346754791788e-09,3.9149071540123266e-08,2.9004898483009356e-09,1.0,2
6,3.4461307141242514e-09,1.0073951983713415e-07,1.2434510088255022e-09,4.327357583377989e-09,2.495320643447485e-07,2.381004726714764e-08,0.9999996423721312,2
6,7.654868738882215e-09,3.678175986010501e-08,1.7971469798427897e-11,2.317212643987432e-09,5.212039582147554e-07,7.176172989176165e-10,0.9999995231628418,2
6,1.6776247946381773e-08,1.3524628172945088e-07,2.7565844051835597e-10,4.7264137492675224e-08,1.999775491867695e-07,8.786328331567005e-10,0.9999995231628418,2
6,2.990821101889196e-08,1.9948609519815366e-07,5.4841808178052176e-11,7.513030908512519e-08,2.49165339027968e-07,6.305734823186525e-10,0.9999995231628418,2
6,2.2568580959614337e-07,2.8358451800158946e-06,1.7870113167006707e-09,5.526121640286874e-07,3.2323185905625e-07,1.7466542656663362e-09,0.9999960660934448,2
6,7.081245367857036e-09,2.364690629974575e-07,7.414990149667844e-11,4.6563698674617626e-08,4.578892998097217e-08,1.4238295265034395e-10,0.9999997615814208,2
6,2.624564343634006e-09,4.1366229197592485e-07,9.024001684787564e-11,5.459142116137628e-08,2.2159394319487543e-08,1.07795918025122e-10,0.9999995231628418,2
6,4.6887400628747855e-09,1.0794695981530822e-06,2.928723236150788e-11,1.1839180302786191e-08,1.958676136837312e-07,6.529825569145942e-10,0.9999986886978148,2
6,1.4790017210941642e-08,1.031541273732728e-06,3.0634175751664827e-10,8.618290969764075e-09,1.3043491264852494e-07,3.0455331589962494e-09,0.9999988079071044,2
6,7.265784063292814e-08,4.6723212676624826e-07,6.549425446422673e-10,1.825906537078481e-08,1.7208225244758069e-07,2.449902058998532e-09,0.9999992847442628,2
6,5.732596491725417e-06,9.444001989322716e-06,1.3317142055768729e-08,5.841584993504512e-07,1.2268110367585903e-05,1.5083045923347527e-08,0.9999719858169556,2
6,1.44702198667801e-07,2.337551023856577e-07,2.271599791950352e-12,1.1353268325464683e-09,1.2424814485711975e-05,8.703984755165095e-11,0.999987244606018,2
6,2.498420599295059e-07,1.0620349257806083e-06,3.3680947808534256e-08,4.897224812339118e-07,5.152678568265401e-07,6.581124090132562e-09,0.9999977350234984,2
6,2.0743723325722385e-06,2.8545224267872985e-05,6.638674676651135e-08,9.94235961115919e-07,3.754619910978363e-06,1.174431485395644e-08,0.999964475631714,2
6,9.030292602574265e-08,2.2511901534016943e-06,8.785006855305255e-08,1.8760498221581656e-07,5.250533945400093e-07,1.4592191455164992e-08,0.999996781349182,2
6,3.510316673782654e-06,1.1289341273368336e-05,2.0662247379732437e-07,2.735634325290448e-06,6.118251008047082e-07,2.5762066258039343e-08,0.9999815225601196,2
6,4.2438291529833805e-06,2.73204695986351e-05,1.3901191309173557e-08,2.1810224097862374e-06,2.295436388521921e-06,2.232454887618473e-09,0.999963879585266,2
6,3.1981056025642836e-08,1.978011852088457e-07,1.3630083173232777e-10,7.40078434091629e-08,4.703096578850818e-07,7.642896038273506e-11,0.9999992847442628,2
6,3.3026083201548324e-08,3.8499388210766483e-07,4.193879132863288e-10,5.8519006529422775e-08,1.4777852186398377e-07,9.20252693492607e-11,0.9999992847442628,2
6,1.7327643764275535e-09,1.7084900605368606e-08,7.644647068150157e-12,2.4115811569913603e-09,5.0069562718135785e-08,3.257691685853992e-11,1.0,2
6,1.2344080202453256e-09,2.4244867447009714e-08,5.060628305297854e-11,1.2475540600576094e-09,2.3969674245449824e-08,1.6396528579321054e-10,1.0,2
6,4.421651586539177e-11,3.5897314010213677e-09,1.7291442583333705e-11,2.582317415456004e-10,9.424453439876854e-10,1.5995661392653737e-11,1.0,2
6,1.893635248606529e-11,5.201921116082531e-09,1.387248302342492e-11,5.268921965395633e-10,4.476249926277376e-10,2.033388388222868e-11,1.0,2
6,9.174032193637329e-12,1.085925793731235e-09,1.9584607373335228e-12,1.7102945448765894e-10,1.8005351376526588e-10,4.621499797435869e-12,1.0,2
6,6.821034622545019e-12,2.841833712796671e-10,2.268670277680296e-13,2.6605705485960307e-11,3.2301893798658554e-11,1.2228625230481516e-12,1.0,2
6,6.838225732191949e-13,1.8745292817978762e-10,2.341583144830489e-13,3.622506374728607e-12,9.27065368916402e-12,2.662264506070322e-12,1.0,2
6,2.1102184669802293e-12,2.885055805368353e-10,8.041033659235419e-13,2.680817373645894e-12,2.0924722024529e-11,9.198544703714616e-12,1.0,2
6,3.005077089945907e-12,3.0393088046309913e-10,2.352411885078731e-13,2.442537491709196e-12,4.89400464598333e-11,9.485343933912647e-12,1.0,2
6,2.413160166483963e-12,2.164783768909828e-10,5.240210392346012e-13,9.351102357724184e-12,5.4425425971560415e-11,8.452303960904128e-12,1.0,2
6,1.1359184426407154e-11,1.8946116897566867e-10,3.726881542091831e-13,5.498152280680735e-12,8.805219053886759e-11,2.1592319945917812e-11,1.0,2
6,6.375122218321705e-12,3.757204963816818e-11,8.642415125562075e-13,1.4680536517333589e-12,2.341219405843642e-11,7.652631306420686e-11,1.0,2
6,1.994386253367786e-11,1.5465457040009234e-11,9.901588013047637e-13,1.6698137013729242e-12,6.214820325034509e-11,3.356689926015121e-10,1.0,2
6,2.3010347099949868e-11,3.755125117105296e-12,1.131213178684476e-12,7.95410438902966e-12,8.220334135611296e-12,3.0153232688512327e-10,1.0,2
6,4.109179663203122e-11,7.485799306816698e-12,2.444644096530335e-12,2.048648750641036e-11,2.07470412377786e-11,3.923364966240683e-10,1.0,2
6,5.204833786187635e-11,9.535354277001584e-12,3.0250034248335837e-12,2.0324731481169422e-11,1.8948311669708676e-11,2.3526219861125236e-10,1.0,2
6,1.2698901652452577e-10,8.622320218920619e-11,9.103108024322015e-12,5.7383597873439385e-11,3.7367151040079705e-11,1.7015548692267402e-10,1.0,2
6,1.8965911740415065e-12,1.1122154412734895e-11,5.6457019370929554e-14,2.208105443282649e-12,7.361832497776444e-12,5.905501348352216e-12,1.0,2
6,1.6782568390549812e-11,4.833052291708384e-10,3.63874376593451e-13,5.124841523374002e-12,1.6001061586834453e-11,5.826333773079062e-12,1.0,2
6,2.8546568320991787e-12,9.313749771422406e-10,7.937678732892767e-15,9.243141191675464e-13,3.178690990979227e-11,2.056955137903077e-13,1.0,2
6,5.649446188638052e-12,5.855232032558889e-08,1.0695978336968533e-13,2.6408716793241416e-12,3.8952099878919455e-10,3.66459250097928e-12,1.0,2
6,6.218969783589046e-11,8.84018334090797e-08,8.363408164797914e-13,1.160310129227904e-11,1.822152539965316e-09,1.5357017740802448e-11,0.9999998807907104,2
6,7.106308163445929e-12,3.232633716265809e-09,1.1831800899545376e-14,1.1336921391892284e-13,7.212289099278735e-11,7.422710991862591e-13,1.0,2
6,6.742085362221317e-11,3.120789671129387e-08,2.0564950296061285e-14,2.9552545848833545e-13,8.130122686189623e-10,4.615586884047784e-13,1.0,2
6,5.241517442300392e-09,5.930814381827076e-07,5.738624636250633e-13,4.4341292790295306e-12,3.867081588282417e-08,1.2672828064719256e-11,0.9999994039535522,2
6,1.0314867182614762e-08,2.609453531476902e-06,8.755815625489939e-13,6.990555270064425e-12,4.621021432171801e-08,7.312301805728616e-12,0.99999737739563,2
6,9.84138770476761e-10,1.863045326899737e-07,5.856005648929506e-14,2.1317261920516392e-13,8.41740366297472e-09,2.6890566596354804e-12,0.9999997615814208,2
6,2.735862736358285e-08,1.5182173456196324e-06,2.9406208371107745e-12,2.687099241033275e-12,8.308942511803252e-08,3.2765491708719445e-11,0.9999983310699464,2
6,3.5618693772221384e-08,7.403581889775523e-07,8.801513337597378e-12,2.716107070158125e-12,6.704439670102147e-08,7.07644082220682e-11,0.9999991655349731,2
6,4.736666170401804e-08,2.844931077561341e-05,9.451676420690893e-12,2.8043155905072004e-12,4.6603744863205065e-07,5.778380551824114e-11,0.9999710321426392,2
6,1.2869518783986678e-09,1.7102465221796592e-07,3.2630988839807423e-13,5.015066595510931e-13,2.5001980930028367e-08,6.168017051971786e-12,0.9999998807907104,2
6,2.0478105877685952e-09,1.8387487216386944e-05,1.0149298936001916e-12,1.5902473565407305e-12,8.539114446648455e-07,1.2814344203804227e-11,0.9999808073043824,2
6,8.388200134490376e-10,3.733981657205732e-06,1.6214236984307684e-12,2.8702554655951618e-12,1.381319663096292e-07,2.640389469565907e-11,0.9999961853027344,2
6,1.0316119486430964e-10,2.049000187298589e-07,1.591419731454893e-14,1.7378874489666632e-13,2.349780459098838e-08,9.305529437286797e-13,0.9999997615814208,2
6,2.946456412189491e-09,5.03354158354341e-07,1.9582766398046347e-12,4.266652135764826e-12,8.457654843141428e-08,2.629115848640229e-11,0.9999994039535522,2
6,1.199869630735817e-11,1.0044896026073502e-09,1.3124166501016308e-14,2.4669480867822724e-13,4.1448086629536357e-10,1.8376678217330027e-12,1.0,2
6,4.238756290408929e-10,4.9857902695293894e-08,1.4139800441625994e-12,5.880682659581416e-12,6.0881610863816604e-09,3.9763851933383165e-11,1.0,2
6,1.8213493213625756e-10,1.5318661894525576e-08,7.368033998677789e-14,1.784566526670528e-12,7.520787548287444e-09,3.307540005770271e-12,1.0,2
6,2.35332286990797e-09,9.646502974192117e-08,1.0011197600079402e-12,2.502326817976908e-11,1.213873801475529e-08,1.022797038036094e-11,0.9999998807907104,2
6,4.812603093817812e-10,1.409273031605096e-09,5.303838423141583e-14,1.5590469887305503e-11,4.057973068682941e-09,1.1300098226932342e-12,1.0,2
6,3.334319709225042e-09,2.4628252770497742e-09,7.994604327501986e-13,2.686742772706196e-10,5.431297189772977e-09,3.0770624763476477e-12,1.0,2
6,4.291210942142243e-09,1.3956421796024188e-08,1.4573822834304528e-12,7.364255871777913e-10,2.720764280539356e-09,7.419341833611592e-13,1.0,2
6,4.091194605315706e-10,8.9349549980966e-09,1.1939676677896749e-12,2.899082016116772e-11,2.556354294913632e-10,1.4103276923041477e-12,1.0,2
6,1.2538871330125542e-10,1.3440069057679691e-09,6.162073211716733e-14,4.714719066545303e-12,1.277235817109812e-10,3.6252213253887283e-13,1.0,2
6,8.066541185014485e-11,2.442296365146035e-11,1.1422629775912924e-14,8.551154576097453e-12,4.374999668099733e-11,2.187997369005809e-13,1.0,2
6,1.0486075202598144e-10,3.779025009587045e-11,1.5952159637178977e-14,4.511353096647852e-12,1.898847225290101e-11,1.6976102869357276e-13,1.0,2
6,1.1921581499763079e-09,1.0082571583192036e-10,9.613504111695427e-14,6.589482431929028e-12,1.3351378336246e-10,1.5542837199580828e-12,1.0,2
6,3.2532307958632604e-09,6.560907372943348e-10,3.516245996627865e-13,1.2381158598362418e-11,3.8186603878997966e-10,3.529572250790536e-12,1.0,2
6,2.0860086227814098e-11,3.621456433344772e-12,1.0828144784080176e-14,3.698203310427417e-13,5.760772501389733e-12,6.701909535146433e-13,1.0,2
6,1.7592124423870812e-09,2.474936922070014e-09,5.044079303545557e-12,5.4963200657454075e-11,1.1952540346360507e-10,1.2035920871067418e-11,1.0,2
6,4.1167441677814044e-10,4.581612172982474e-11,4.07955461946552e-13,1.3416671419685944e-11,1.2487318123977076e-10,1.049457395985165e-11,1.0,2
6,4.3817752204411415e-10,6.255385792686141e-11,2.723652249916886e-12,7.497405474232721e-11,2.262747975101398e-11,5.437663774116031e-12,1.0,2
6,2.1333681349267053e-11,5.929666046372573e-12,1.0400745342016225e-13,6.071777629290676e-12,8.658738656630582e-12,7.56387194631586e-13,1.0,2
6,2.8552410435978004e-11,2.3562885583666704e-12,5.995133317733549e-13,1.3599442752476598e-11,2.27306454908538e-11,6.437524558561281e-12,1.0,2
6,1.1944330073621055e-11,7.566050650581468e-13,4.500637567435208e-15,9.880025400241244e-13,8.203074504387065e-12,2.4131315435466094e-13,1.0,2
6,5.9115637732198856e-12,1.075354066318486e-13,7.807882792187307e-15,2.6767084100425e-13,4.24643691520829e-13,4.321848326264977e-13,1.0,2
6,8.991015397474822e-12,2.151703294706042e-12,3.5249533598003674e-14,7.031784009237096e-13,2.7772601926545626e-12,5.81666984543483e-13,1.0,2
6,1.3186733606104786e-12,6.2370117751009416e-12,7.358143025546111e-15,1.2790061978268374e-13,2.227028891160776e-12,6.685830952453746e-14,1.0,2
6,1.0876504097324589e-13,1.1539276478789162e-11,2.7037622019206696e-15,2.9703134754328203e-14,1.1864128386315786e-12,9.583954859110692e-14,1.0,2
6,2.5884862694036323e-14,1.2235321263098786e-12,9.310688647205887e-15,1.2356139874290797e-13,8.014665862400573e-13,1.830100232870589e-14,1.0,2
6,3.302853268660755e-10,2.2941161470502178e-10,9.672559975193451e-11,1.0895893215456808e-10,1.1049828829712283e-09,2.6042863612157907e-12,1.0,2
6,4.2269066398148425e-06,1.559183431254496e-07,0.0001497880584793,2.111846470143064e-06,5.113828365210793e-07,5.2216936552440536e-08,0.9998431205749512,2
6,2.3382745739652927e-10,3.888626753933977e-09,2.072022624588499e-07,2.9701558990069543e-09,3.0925701999251487e-09,7.650707289919011e-10,0.9999997615814208,2
6,1.5024964605814262e-09,5.4931792448087435e-09,4.315994601711282e-07,7.174643545937442e-09,9.391382782553135e-09,5.526785140652635e-10,0.9999995231628418,2
6,1.580026214031971e-11,1.4943034587489024e-09,6.843742794693242e-10,2.788639541506654e-09,4.589541191535318e-09,7.648819078109881e-12,1.0,2
2,9.994344145525248e-05,1.4745144653716125e-05,0.9902572631835938,0.0009552116971462,3.340357181969012e-07,1.326312144556141e-07,0.0086723668500781,2
2,2.1579101030511083e-06,4.4817761590820737e-07,0.999954342842102,1.9238050299463797e-05,2.298234491604489e-09,1.3313046665075491e-08,2.3839475034037605e-05,2
2,3.132971215791258e-08,5.2918633919318844e-09,0.9999990463256836,5.386029897636035e-07,4.2299143354629365e-11,4.530118058454491e-09,3.486468074243021e-07,2
2,1.491525267738325e-07,8.072591128893691e-08,0.9999853372573853,1.1321696547383908e-05,3.880410992529448e-10,6.34172403479738e-09,3.1443235002370784e-06,2
2,4.482366193769849e-07,4.938240181218134e-07,0.999923825263977,5.874560883967206e-05,4.461158109592134e-09,2.947449218027032e-08,1.6390571545343846e-05,0
2,1.444129793526372e-06,4.6366724859581154e-07,0.9998923540115356,9.5226670964621e-05,2.2603758864647716e-09,4.7516368617550606e-09,1.0497119546926116e-05,0
2,1.3849690731149169e-05,4.501962962422113e-07,0.998879611492157,0.0010482562938705,1.191938139299964e-07,1.727963216957562e-09,5.774034798378125e-05,0
2,8.958338730735704e-05,2.864020416382118e-06,0.9877452254295348,0.0121035035699605,1.893410939146634e-07,1.3089731520921075e-09,5.867452273378149e-05,0
2,2.983470039907843e-05,4.881184167970787e-07,0.9990100860595704,0.0009447118500247,1.1353521678358902e-08,2.1912875958207682e-09,1.471074119763216e-05,0
2,2.7045243768952787e-06,2.231971052424342e-07,0.9994020462036132,0.0005842497921548,1.3411398658291771e-09,6.728322343718672e-10,1.077261367754545e-05,0
2,3.262178506702185e-05,9.186513239001216e-07,0.9945247173309326,0.005329371895641,2.428709855450961e-08,3.4638685253440822e-09,0.0001123885158449,0
2,6.67164713377133e-05,1.4493990647679311e-06,0.9820444583892822,0.0174771174788475,1.1110792286217477e-07,7.0487802261709476e-09,0.0004101368540432,0
2,1.5826710750843631e-06,1.2090649192941785e-07,0.999228835105896,0.000646082451567,5.451104456710709e-09,1.3043538693580103e-08,0.000123429344967,0
2,6.993549561684631e-08,1.9893141356419622e-08,0.9999258518218994,6.132684939075261e-05,1.2492474832370704e-09,2.2717511427572393e-08,1.2602840797626412e-05,0
2,1.061391458279104e-06,1.236324465025973e-08,0.9999123811721802,7.664641452720389e-05,1.0360876601112068e-08,3.235332712847594e-07,9.541260624246206e-06,0
2,5.001173803975689e-07,4.828051736183171e-09,0.9997825026512146,0.0002144815662177,1.8575997629000085e-08,3.634471283930907e-07,2.0974239305360243e-06,0
2,2.109904562530573e-05,8.244825977499205e-08,0.9995017051696776,0.0004683777224272,6.94037680659676e-08,1.0134424854868485e-07,8.501922820869368e-06,0
2,6.311580364126712e-06,2.69668234409437e-08,0.999707281589508,0.0002662989136297,1.956965789418064e-08,2.654212494235253e-07,1.9754590539378117e-05,0
2,7.277998975041555e-06,1.4028876726968065e-08,0.9997897744178772,0.0001842777855927,9.022048885753977e-09,1.9999090739020178e-07,1.8429069314152e-05,0
2,8.649981282360386e-06,1.2896173906540298e-08,0.9998596906661988,0.0001087832642951,9.504291575979096e-09,8.851613841898144e-08,2.267881245643366e-05,0
2,0.0001215705051436,3.9446202748649746e-08,0.9997581839561462,0.0001052582811098,7.653098776927436e-08,2.716728602081276e-07,1.4512728739646263e-05,0
2,2.344427957723383e-05,9.848158555314512e-08,0.9999045133590698,6.179219781188294e-05,1.1846716496677344e-08,3.1681999246302446e-08,1.0078856576001272e-05,0
2,1.9862994804498163e-07,6.853537115603103e-08,0.99998140335083,7.006776286289096e-06,1.2492715750767047e-09,1.185108544632385e-08,1.1346513929311186e-05,0
2,2.538658065986965e-07,5.4309865049617656e-08,0.9999804496765136,1.154972142103361e-05,1.1548838552144503e-09,6.8535661590374275e-09,7.750455552013591e-06,0
2,4.1189665012097976e-08,5.2497490798941734e-09,0.9999970197677612,2.753401759036933e-06,6.274366443070889e-11,1.953019079792284e-09,2.7022750259675377e-07,0
2,2.2472724481303885e-07,1.9970723741380425e-08,0.9999864101409912,1.1922285011678468e-05,2.2544556499415336e-10,2.2189925452664742e-09,1.3721818277190323e-06,0
2,5.0908056437037885e-06,2.7511722677786565e-08,0.9999691247940063,2.358686106163077e-05,1.6710135497532972e-09,5.714509310195126e-09,2.092067688863608e-06,0
2,1.1039289347536396e-05,8.44191490045887e-08,0.999969720840454,1.765935121511575e-05,1.7721246692303792e-09,2.009437771732792e-08,1.4814801261309183e-06,0
2,5.961132956144866e-06,9.96059483782119e-08,0.9999462366104126,4.585051647154614e-05,3.1350397833307397e-09,7.204648877490172e-09,1.8268424355483148e-06,0
2,1.05720091596595e-05,4.312466472811138e-08,0.999962329864502,2.4491157091688365e-05,3.807994364279921e-09,1.3694295475374927e-08,2.5302481390099274e-06,0
2,5.104907540953718e-05,3.9492739745128353e-08,0.9999358654022216,1.207730110763805e-05,2.3146005112550942e-09,2.0064172545630757e-08,9.12050836632261e-07,0
2,2.876757889680448e-06,1.4421623006910522e-08,0.9999881982803344,8.689367859915365e-06,1.802207827417135e-10,2.4995383540726834e-09,1.8595412143440626e-07,0
2,2.14708434214117e-05,2.779187866508437e-07,0.9999626874923706,1.2888101991848089e-05,2.2756327933137754e-09,1.3725862224589493e-08,2.659232677615364e-06,0
2,1.0301978363713715e-06,1.0442045095260256e-07,0.999969720840454,2.6448615244589743e-05,2.019183931167845e-09,5.324459984024088e-09,2.6213735964120133e-06,0
2,3.2358245789509965e-06,3.880146337564838e-08,0.9999923706054688,4.222416009724839e-06,1.1558379947596008e-10,3.397198522492317e-09,9.20828853168132e-08,0
2,5.330326402486208e-08,3.624457178830198e-08,0.999996542930603,3.3173951123899315e-06,1.9165424455791505e-11,1.0613320000629756e-08,1.1044955527950152e-07,0
2,1.3184443048430694e-07,1.252059860235022e-07,0.9999868869781494,1.15005213956465e-05,3.8318162531858485e-10,1.0283627460694333e-07,1.3294740028868546e-06,0
2,0.0002981839352287,8.12985763332108e-06,0.9994524121284484,0.0001987733558053,6.95808708428558e-08,1.2152449926361442e-06,4.11689470638521e-05,0
2,0.0147701669484376,2.7217176466365345e-05,0.9845632910728456,0.0003716400533448,4.814525595975283e-07,8.504621291649528e-06,0.0002586431801319,0
2,4.582431301969336e-06,7.848895620554686e-06,0.9999511241912842,7.397386980301235e-06,3.038976403857418e-09,1.0411533367005177e-05,1.8718325009103864e-05,0
2,1.6216201402130537e-05,3.005786766152596e-06,0.999870538711548,1.8007083781412803e-05,1.0239569547820793e-07,6.829838184785331e-06,8.517313108313829e-05,0
2,1.204482850880595e-05,2.302477696503047e-06,0.9999014139175416,2.862545079551637e-05,3.267730264155944e-08,4.250238816894125e-06,5.139408676768653e-05,0
0,0.9984252452850342,7.195416401373223e-06,0.0011909406166523,0.0001398873137077,3.26617237078608e-06,1.8340201677347068e-06,0.0002316975442226,0
0,0.9992231130599976,5.745214366470464e-06,0.0005226945504546,0.000227982236538,3.777768142754212e-07,2.502623601685628e-07,1.9882623746525496e-05,0
0,0.999943733215332,6.627179800489102e-07,3.0710136343259364e-05,2.4605978978797797e-05,1.2529196169452916e-07,3.9650419836334556e-08,2.115963155802092e-07,0
0,0.9999842643737792,3.023942554136738e-07,2.875860673157149e-06,1.2145341315772384e-05,1.719399023158985e-07,4.393301011873518e-08,2.579282920578408e-07,0
0,0.9999796152114868,5.141599785929429e-07,5.949019396211952e-06,1.3632201444124805e-05,1.6776051836586705e-07,6.037068800424096e-08,1.247139778115525e-07,0
0,0.999990463256836,4.19998826828305e-07,3.6381700283527607e-06,5.194934146857122e-06,7.875589602690526e-08,4.936556408097204e-08,1.9074967383403422e-08,0
0,0.9999951124191284,2.9908835585956695e-07,2.3954112293722574e-06,2.197220283051138e-06,1.8267243717673413e-08,2.99646636392481e-08,2.8860076994874362e-08,0
0,0.9999984502792358,6.774632765882417e-08,6.16893601090851e-07,8.157755928550614e-07,5.068498065696758e-09,1.4259625480406156e-08,3.056635833331711e-09,0
0,0.9999961853027344,3.387202696103486e-07,2.2147639811009867e-06,1.1597489901760127e-06,1.715566178006611e-08,4.357575988933604e-08,8.960914676947596e-09,0
0,0.9999980926513672,1.7115748107698894e-07,7.09221694705775e-07,9.896301662593032e-07,1.5735835745545046e-08,2.6476907777350792e-08,3.371095624871145e-09,0
0,0.9999836683273317,1.666379489506653e-06,1.284151767322328e-05,1.6473691175633576e-06,5.5185502390031616e-08,1.39695032430609e-07,6.98839315305122e-08,0
0,0.99999737739563,3.054330761642632e-07,1.6453788020953652e-06,5.297535494719341e-07,2.2160277168836732e-08,6.640919281153401e-08,1.2863504927906888e-08,0
0,0.999996781349182,2.3246280989042134e-07,2.5655833724158583e-06,3.200231617483951e-07,1.1021762169605154e-08,7.05814358070711e-08,9.072204321114441e-09,0
0,0.9999958276748656,5.812548806716222e-07,2.8459012355597224e-06,6.333239070954733e-07,2.356737383024665e-08,5.8522708457076085e-08,5.8517802159485655e-08,0
0,0.9999984502792358,9.060326533472109e-08,6.376776582328603e-07,8.172551133611705e-07,2.1557218232715062e-08,2.1841175978920543e-08,2.271706822654096e-09,0
0,0.9999984502792358,1.382344123612711e-07,9.386878332406924e-07,3.717636332112306e-07,1.829617524151672e-08,3.655595648410781e-08,1.1537735211675226e-08,0
0,0.9999979734420776,9.996205818652017e-08,1.5604446161887608e-06,3.923564975139016e-07,8.687235819593297e-09,1.6289469328967243e-08,7.882227315292312e-09,0
0,0.9999992847442628,5.545257764083544e-08,3.721505947851256e-07,2.78458770708312e-07,1.3459794168113604e-08,7.359254983185792e-09,2.785575548003294e-09,0
0,0.9999984502792358,3.917089586025213e-08,1.2017891322102514e-06,3.496128613278416e-07,5.473438147163279e-09,2.7211195074983152e-08,1.865610110840521e-09,0
0,0.9999990463256836,1.2367742385777092e-07,3.65576710237292e-07,5.254437951407454e-07,1.7423282372419635e-08,2.2424770929063693e-09,3.5836531520061503e-09,0
0,0.9999977350234984,4.198717533654417e-07,1.2309743624427938e-06,4.708151379873016e-07,4.349893245603199e-08,7.455940753686718e-09,5.06291257806879e-08,0
0,0.9999972581863404,1.0177294598179287e-06,3.690027483571612e-07,8.905081472221354e-07,2.524673163861735e-07,7.421544712116201e-09,2.375636256601865e-07,0
0,0.9998586177825928,1.6530068023712374e-05,7.849543521842861e-07,5.04928891587042e-07,5.198010512685869e-06,8.770317094786152e-08,0.0001181700645247,0
0,0.9999921321868896,4.783462372870417e-07,9.75092348198814e-07,4.881259769717872e-07,9.486976182415674e-07,1.048398914349491e-07,4.858167812926695e-06,0
0,0.9999974966049194,2.681428554751619e-07,1.5656955838494468e-06,3.139392106277228e-07,6.755438874961328e-08,1.6397537550005836e-08,1.9615822566265706e-07,0
0,0.9999998807907104,1.3120224906515432e-08,5.42689839733157e-08,5.018132043232981e-08,2.291589362712898e-09,6.974717470242807e-10,6.115508099924226e-10,0
0,0.9999988079071044,4.180312629387117e-08,8.584609645367891e-07,3.2230593660642626e-07,1.341672217769485e-09,3.058234998576381e-09,7.550570169101434e-10,0
0,0.9999972581863404,2.811673915914525e-08,2.518255257655255e-07,2.5015344817802543e-06,8.951323238193254e-09,1.700934504356155e-09,2.943275068112428e-10,0
0,0.9999985694885254,2.0241248677166368e-08,6.284866316264015e-08,1.0628817790347966e-06,2.7426386850493145e-07,2.042570201865601e-08,4.209936843579953e-10,0
0,0.9999887943267822,6.55196217280718e-08,6.523026968352497e-06,4.05413538828725e-06,2.880837541852088e-07,2.43200531713228e-07,1.5023006838532638e-08,0
0,0.9999982118606568,1.081911116251888e-09,1.014384679365321e-06,1.760681556106647e-07,2.9971157999852955e-08,4.88945261167828e-07,1.5765150296331851e-09,0
0,0.999998927116394,5.615926057522812e-10,6.10171639436885e-07,1.6571296157508186e-07,6.661834195398342e-09,3.243852688683546e-07,1.2572943797195535e-09,0
0,0.99999737739563,3.6108238621324062e-09,1.0816909252753248e-06,1.1491272289276822e-06,4.005260123562948e-08,4.087652598627756e-07,3.6711016448975893e-09,0
0,0.9999935626983644,5.0624637815133156e-09,6.800833602937928e-07,4.480450115806889e-06,4.677354468185513e-07,7.867848808018607e-07,9.95340787568466e-09,0
0,0.999979853630066,7.109812827366113e-08,3.483760565359262e-06,6.164466412883485e-06,4.657072622649139e-06,5.641703864966985e-06,3.8547078418105236e-08,0
0,0.999987006187439,1.1112208042618477e-08,1.3581169469034649e-06,1.993720843529445e-06,1.372286078549223e-06,8.304786206281278e-06,3.897584033296653e-09,0
0,0.9999982118606568,2.174161517487505e-09,2.4162247314052365e-07,5.758217298534873e-07,8.291859643350109e-08,8.158477271535958e-07,9.081505686348024e-11,0
0,0.9999986886978148,1.0600590405474006e-09,2.0090504904146653e-07,3.054707633509679e-07,3.52401166026084e-08,7.156726837820315e-07,6.176453792861025e-11,0
0,0.999998927116394,1.0760015101141107e-09,4.420135724103602e-08,6.644784207310295e-07,9.880133688966453e-08,3.2618049772281665e-07,6.429618643055689e-11,0
0,0.9999980926513672,5.831398142142064e-10,1.706486472130564e-07,5.708863000108977e-07,5.97482880948519e-08,1.0408622301838475e-06,1.8190786377214607e-10,0
0,0.9999986886978148,9.354805124983656e-11,6.17394277924177e-08,4.789678769157035e-07,7.462509898914504e-08,6.480076422121783e-07,3.568323692082487e-10,0
0,0.9999985694885254,3.367053580394241e-10,1.1983220815636741e-07,8.679730854055379e-07,4.307041123752242e-08,3.994075541413622e-07,1.6988607742796091e-10,0
0,0.9999991655349731,6.548375175441379e-10,2.6941981445816054e-07,2.455920764532493e-07,1.4233277667585751e-08,3.33733595425656e-07,4.753084592579171e-10,0
0,0.999994158744812,1.556871254138059e-08,3.0797109502600506e-06,1.7299731780440195e-06,3.3321402526098616e-08,1.0540125003899448e-06,4.680132281720262e-09,0
0,0.999964475631714,2.2551012079929933e-06,1.7914255295181647e-05,1.238595268659992e-05,2.60079531244628e-07,1.3990095339977415e-06,1.2448376764950808e-06,0
0,0.9999898672103882,9.381159884469524e-07,4.013676971226232e-06,4.7298585741373245e-06,1.3375274932059258e-07,1.2160451490217386e-07,1.428025058203275e-07,0
0,0.9999808073043824,1.0768509355330025e-06,1.166891979664797e-05,6.076349109207513e-06,7.515498623433815e-08,8.959054298429693e-08,1.0981134579424181e-07,0
0,0.999951720237732,3.068153318963596e-06,2.563996349636e-05,1.8594982975628227e-05,2.2165174584642958e-07,3.169590172547032e-07,4.937469384458382e-07,0
0,0.9999293088912964,2.9710699891438708e-06,2.1813410057802685e-05,4.378878293209709e-05,4.489252489747742e-07,1.516363710152291e-07,1.4156546512822388e-06,0
0,0.9999430179595948,2.793941803247435e-06,2.8107640900998376e-05,2.447835504426621e-05,4.319608706282452e-07,3.0377375992429734e-07,8.128120612127532e-07,0
0,0.9999921321868896,2.2912418273790538e-07,3.6246490253688535e-06,3.822266990027856e-06,6.168640709347528e-08,2.0094178765361903e-08,5.1704073911196247e-08,0
0,0.9999849796295166,4.193369420590898e-07,6.433047474274645e-06,8.17504133010516e-06,3.0564329733806523e-08,1.572056973486724e-08,1.9689338159878392e-08,0
0,0.9999431371688844,2.9542293304984923e-06,4.1786435758695006e-05,1.1678722330543678e-05,2.916267476393841e-07,6.387747930602927e-08,1.772125131083158e-07,0
0,0.9999635219573976,1.351236505797715e-06,3.0156952561810613e-05,4.751121196022723e-06,9.720769611476501e-08,6.11055739341282e-08,6.071938685181523e-08,0
0,0.999993085861206,8.26105051032755e-08,6.02216550760204e-06,7.391931831080001e-07,1.9703584541730382e-08,4.66054146386341e-08,3.762159028752876e-09,0
0,0.9999194145202636,9.451312052988214e-07,3.989248580182903e-05,3.949817983084358e-05,7.71650050523931e-08,3.1787187992904364e-08,4.512719797844511e-08,0
0,0.9999927282333374,2.0759082985932767e-07,3.168494686178746e-06,3.863741767418105e-06,3.1319956406150595e-08,1.0820769169583856e-08,2.562176248943615e-08,0
0,0.999992847442627,1.821807238400197e-08,4.1667990444693714e-06,2.743657887549489e-06,6.426168397410947e-08,3.4330735587673196e-08,1.46463747796588e-07,0
0,0.9999949932098388,1.3944883470173865e-08,1.5034811440273188e-06,3.3999579045485007e-06,4.846057777285751e-08,2.3962789086340308e-08,1.6874372121833403e-08,0
0,0.9999865293502808,8.369477200176335e-08,1.0140898666577414e-05,2.477878297213465e-06,1.2269141791421134e-07,5.397310474108963e-07,5.7286353438712474e-08,0
0,0.9999691247940063,2.697067202461767e-06,4.552189238893334e-06,1.4706338333780876e-05,7.212551736301975e-06,1.3541564669594666e-07,1.516893576081202e-06,0
0,0.9999605417251588,3.721056600625161e-07,4.805892331205541e-06,3.237964483560063e-05,1.496979507464857e-06,8.7148954719396e-08,3.2983808750941535e-07,0
0,0.9999223947525024,9.777497780305566e-07,9.341270015283952e-06,6.356184167088941e-05,3.250657300668536e-06,7.59347145162792e-08,3.7987277323736645e-07,0
0,0.999952793121338,8.409306246903725e-07,1.1042398000427056e-05,3.038949944311753e-05,2.26571319217328e-06,8.274467688806909e-08,2.487464371370152e-06,0
0,0.9999668598175048,3.561175390132121e-07,8.499100658809766e-06,2.2626540157943964e-05,9.378734375786736e-07,9.520665145146269e-08,5.711625590265612e-07,0
0,0.9999659061431884,2.904468203723809e-07,4.094084033567924e-06,2.857454092008993e-05,8.217143090405443e-07,8.069248735864677e-08,1.5812055664810035e-07,0
0,0.9999876022338868,3.619573476498772e-07,2.8736246804328403e-06,8.804200660961214e-06,2.589218865978183e-07,6.49717364353819e-08,5.5750991378999977e-08,0
0,0.9999887943267822,6.988286145315215e-07,6.823236617492512e-06,3.2040643418440595e-06,1.8020190850620565e-07,1.3840087831340497e-07,1.0710018472082085e-07,0
0,0.9999892711639404,7.174920142460905e-07,1.9840497316181427e-06,7.4388713073858526e-06,3.6491724131337833e-07,1.154785138623993e-07,1.3147322874829118e-07,0
0,0.99998676776886,5.883895823899365e-07,1.6650819816277362e-06,1.015687121252995e-05,6.400468919309787e-07,6.980608446838232e-08,7.101039756207683e-08,0
0,0.9999932050704956,4.673268563237798e-07,4.655153588828398e-06,1.4541822110913929e-06,8.647489835311718e-08,8.519125316297504e-08,2.5215985743898276e-08,0
0,0.9999920129776,3.982376597377879e-07,2.925869239334133e-06,4.399934823595686e-06,1.47979250186836e-07,5.0575270194030963e-08,4.6695053157463924e-08,0
0,0.9999935626983644,2.0651897614243358e-07,8.750324127504427e-07,4.91516902911826e-06,2.830527421338047e-07,8.749243818328979e-08,2.192086689944972e-08,0
0,0.999993085861206,1.680878654042317e-07,2.641977289385977e-06,3.72179715668608e-06,1.479626234868192e-07,1.548176129517742e-07,5.1391271682632584e-08,0
0,0.9999865293502808,4.593946130171389e-07,5.0823905439756345e-06,7.505049325118307e-06,1.730289085344339e-07,1.5045546319925054e-07,1.725089049386952e-07,0
0,0.999995231628418,4.717024637557188e-07,1.2219068139529554e-06,2.843959464371437e-06,9.02569823324484e-08,7.616493746809283e-08,8.70976393230194e-08,0
0,0.9999868869781494,7.743919354652462e-07,3.3237408842978766e-06,7.5885745900450274e-06,6.25028974354791e-07,2.4998905701068e-07,6.062363127057324e-07,0
0,0.9999818801879884,9.763878097146517e-07,1.0136501259694342e-05,6.038643277861411e-06,2.0824013802212e-07,4.802116677637969e-07,1.8455688177709817e-07,0
0,0.9999955892562866,2.3709786489689577e-07,1.1455047115305206e-06,2.0926936485921037e-06,3.398998558168387e-07,3.189901178757282e-07,2.6921904350274417e-07,0
0,0.999996304512024,1.147159025549627e-07,1.1453111028458809e-06,1.552909452584572e-06,4.187698152691155e-07,3.430291997119639e-07,4.922566176901456e-08,0
0,0.9999977350234984,2.9018195846219896e-07,3.600258935421153e-07,1.140930294241116e-06,2.022019458536306e-07,7.398895007781904e-08,6.97928683734972e-08,0
0,0.9999982118606568,1.712291748390271e-07,9.227299528902222e-07,4.314807426908374e-07,9.66472057939427e-08,1.0270493078223809e-07,4.025121569384282e-08,0
0,0.9999991655349731,5.846712269885757e-08,2.893577857321361e-07,5.107300466988818e-07,2.0183627214009906e-08,1.6871192443090877e-08,7.507739319123631e-09,0
0,0.9999991655349731,1.8834031223491365e-08,9.061957939593412e-08,6.464396165029029e-07,3.5699766698371604e-08,7.732376516855766e-09,8.816357643937066e-10,0
0,0.9999954700469972,1.5877226644533948e-07,1.0119647697592883e-07,4.029815954709193e-06,2.0486474738845573e-07,4.684380883190897e-09,5.7596704294837764e-08,0
0,0.999990701675415,9.521831998426932e-07,1.3949160049264721e-08,1.5373299220300396e-06,2.932307097580633e-06,1.1657938614462182e-08,3.765874907912803e-06,0
0,0.9999984502792358,7.22091897387145e-08,3.1140108269767093e-09,1.1980071121797664e-06,2.4081003857645555e-07,1.135452065703646e-09,1.5959759736006163e-08,0
0,0.999996781349182,3.357186812991131e-07,3.312338847649698e-09,1.5354477227447203e-06,9.998411769629456e-07,1.106405078665773e-09,3.286408798430785e-07,0
0,0.9999988079071044,3.1932458455230523e-08,4.087143956610362e-09,8.847262051858706e-07,9.350129204221956e-08,1.048218845056681e-09,1.4205087950358577e-07,0
0,0.9999994039535522,2.285304034899127e-08,1.9620864932790028e-08,4.7128401092777494e-07,6.072909997101307e-08,2.428524270570165e-09,6.499143001548191e-09,0
0,0.9999995231628418,2.7012794223679752e-09,1.4634940725954948e-07,3.65721263051455e-07,4.6464387892797285e-09,9.808558409929446e-09,1.5920845197747724e-10,0
0,0.9999934434890748,3.7295830424000094e-08,3.8089719822664854e-08,5.703675014956389e-06,8.529194701623055e-07,1.3747586180556937e-08,9.930025690607636e-09,0
0,0.9999960660934448,9.261623290512945e-08,3.045010998903308e-07,3.3461426482972456e-06,1.59706033286966e-07,1.4826836647330312e-08,1.4696786010404141e-08,0
0,0.9999966621398926,3.530665182438497e-08,5.341664888192099e-08,2.813139644786133e-06,3.586756065487862e-07,2.789433573013866e-09,7.687948766488263e-08,0
0,0.9999918937683104,5.5954064492880207e-08,8.069469537019813e-09,6.920259693288244e-06,1.003670035970572e-06,4.808637377173851e-10,6.945357711174438e-08,0
0,0.9999986886978148,1.4873640097334828e-08,1.68557789947954e-08,1.1294332580291666e-06,9.482040752573084e-08,1.6708909811313786e-09,1.7081717373912397e-08,0
0,0.9999914169311525,2.9442656312994583e-08,1.348147122826049e-07,8.308878932439256e-06,1.313850219730739e-07,8.648971316915777e-09,1.1337956351553656e-08,0
0,0.9999972581863404,1.4646431623077662e-08,8.122110273234284e-08,2.199002437919262e-06,4.064604297582264e-07,7.878063001953707e-08,3.9184655520330125e-09,0
0,0.9999957084655762,2.2280985945144494e-08,1.3509391294519446e-07,2.655182015587343e-06,1.3614824183605378e-06,1.6194242391520677e-07,2.8251408323853866e-08,0
0,0.9999994039535522,4.1526082572573836e-10,1.198614540953713e-07,3.489064113182394e-07,1.3249429109407629e-08,1.5312015477775279e-07,2.167105161987592e-09,0
0,0.9999983310699464,2.026893541895447e-09,1.1164603108682061e-07,1.4290583294496173e-06,4.026673039447815e-08,1.423625946017637e-07,8.382800231743204e-09,0
0,0.9999982118606568,2.081154582000977e-09,8.974055987209796e-08,1.321357672168233e-06,1.0461720023613454e-07,2.438785031699809e-07,3.361210332286646e-08,0
0,0.9999982118606568,9.159477620812595e-10,9.941751955011568e-08,1.17397405574593e-06,1.423802302724653e-07,3.977599476456817e-07,4.190342739462949e-09,0
0,0.9999977350234984,6.348867542804726e-10,1.590777429782975e-07,7.681591682739963e-07,8.018154318278904e-08,1.2641539797186852e-06,2.0278394519124276e-09,0
0,0.999998927116394,4.094818234490205e-11,1.4134933223886037e-08,5.990058866700565e-07,4.595652569605591e-08,4.1726082145032716e-07,4.1517905779997477e-10,0
0,0.9999983310699464,1.4061064812498358e-11,1.1251476195184296e-08,6.689415386063047e-07,6.94621036245735e-08,8.723028486201656e-07,3.940893167353465e-10,0
0,0.9999990463256836,1.4689204713702608e-12,3.669791359683927e-09,2.3001136639777547e-07,5.3028184510139915e-08,7.74984982854221e-07,4.3675857375191635e-10,0
0,0.9999979734420776,2.1157889676381988e-11,1.2819228345506415e-08,9.61777459451696e-07,1.1930099219625845e-07,9.541890904074537e-07,3.1360334329377793e-09,0
0,0.999995231628418,1.6162517157969347e-10,4.3129372073735794e-08,1.861317059592693e-06,7.826357659723726e-07,2.0362499526527245e-06,1.3544468657755717e-08,0
0,0.9999955892562866,1.4256605618268026e-10,5.10533659792145e-08,9.0117811168966e-07,5.751352318839054e-07,2.834321549016749e-06,2.4004842558156273e-08,0
0,0.9999938011169434,2.2977454661177174e-10,7.76968178684001e-08,1.0266770686939708e-06,6.796166758249456e-07,4.279412678442895e-06,2.8692474174363273e-08,0
0,0.9999961853027344,2.3506618873625484e-10,4.453227830936157e-08,4.774657895723067e-07,5.497232677953434e-07,2.754381512204418e-06,5.828598492740866e-09,0
0,0.9999959468841552,3.698243378202904e-10,1.3490033268226398e-07,8.768162160777138e-07,3.5869999237547745e-07,2.723953457461903e-06,9.737391337694136e-09,0
0,0.9999923706054688,1.1315537395972795e-09,4.114470186777908e-07,1.0083014103656751e-06,5.254758548289828e-07,5.6787785069900565e-06,4.546649634562528e-08,0
0,0.9999974966049194,3.0299304731862264e-10,6.94926569622112e-08,1.3762269190920051e-06,1.4303694229056418e-07,9.127596740654552e-07,2.051825909177296e-08,0
0,0.9999985694885254,3.5625635774749753e-10,2.989768432826168e-08,1.2681069847531037e-06,4.115478446919951e-08,1.1748765871288926e-07,6.5752958633424904e-09,0
0,0.9999778270721436,4.3800591242870723e-07,5.949204364696925e-07,1.8333799744141288e-05,3.039524187897769e-07,7.430085702253565e-08,2.3828133635106497e-06,0
0,0.999996781349182,1.0486776602647296e-07,2.845546873686544e-07,2.564665919635445e-06,6.488143355909416e-08,1.9337154100185217e-08,1.1785159870214557e-07,0
0,0.9999871253967284,8.724628060008399e-07,4.953182269673562e-06,5.227996553003322e-06,9.20897704759227e-08,1.3088296668684052e-07,1.5603681049469742e-06,0
0,0.9999908208847046,1.0437630635351525e-06,6.689914471280645e-07,6.7988139562658034e-06,1.8214291230833626e-07,2.6597637869940627e-08,3.807485597917548e-07,0
0,0.9999912977218628,7.753959607725847e-07,3.218349775124807e-06,4.450434062164277e-06,1.723180105273059e-07,6.497655391513035e-08,7.166710247474839e-08,0
0,0.9999966621398926,1.1052079429418883e-07,4.2034443481497874e-07,2.558084815973416e-06,1.1028874524754428e-07,3.2083367074164926e-08,4.4647709529499486e-08,0
0,0.999996781349182,2.3119399372717453e-07,2.235510009995778e-06,7.358570428550593e-07,3.0494231140210104e-08,4.038896861402464e-08,7.12668750679768e-08,0
0,0.9999896287918092,1.1672257187456123e-06,4.786035788129084e-06,3.53894688487344e-06,1.0734547828405995e-07,9.108520515610509e-08,7.264761165970413e-07,0
0,0.9999676942825316,2.3994402909011114e-06,4.958757926942781e-06,2.1819241737830453e-05,7.624441877851496e-07,1.1151300327583159e-07,2.256351763207931e-06,0
0,0.999987006187439,4.971445832779864e-07,5.870615950698266e-06,5.458766736410325e-06,3.045529695100413e-07,2.634153304370557e-07,6.19580362126726e-07,0
0,0.999987244606018,6.47705576284352e-07,3.149840040350682e-06,7.241547336889198e-06,6.149793989607133e-07,1.4719667262852457e-07,9.80876620815252e-07,0
0,0.9999889135360718,3.631022025274433e-07,4.894663106824737e-06,4.6168283915903885e-06,1.9989610677839667e-07,2.725593333252619e-07,7.067716296660365e-07,0
0,0.9999816417694092,6.551093179041345e-07,3.5137734357704176e-06,1.2768246051564349e-05,4.02227101403696e-07,5.790927275484137e-07,5.904376507714915e-07,0
0,0.999975085258484,1.330937493548845e-06,3.265445002398337e-06,1.708117633825168e-05,6.446030056395102e-07,5.17475200467743e-07,2.121787701980793e-06,0
0,0.9994076490402222,2.7638890969683416e-05,9.085349302040412e-05,0.0004072361334692,4.312285909691127e-06,4.029763658763841e-06,5.835811316501349e-05,0
0,0.989047110080719,0.0003273967013228,0.0009149662801064,0.0092360442504286,1.495831565989647e-05,1.3868235328118317e-05,0.0004456864262465,0
0,0.999848484992981,3.058809397771256e-06,5.503869715539622e-07,0.0001454573794035,8.423220947406662e-07,1.7623049686221748e-08,1.559586507937638e-06,0
0,0.9998751878738404,1.984364871532307e-06,1.55829604864266e-06,0.0001139397718361,1.753742935761693e-06,6.95727422339587e-08,5.45724560652161e-06,0
0,0.9996781349182128,6.365739409375237e-06,1.7169337525047013e-06,0.0003026722406502,2.862873316189507e-06,3.471858533998784e-08,8.21580852061743e-06,0
0,0.9997838139533995,7.802695108694024e-06,6.314685379038565e-07,0.00019610390882,4.189126684650546e-06,2.582086899849401e-08,7.420339443342527e-06,0
0,0.999897599220276,8.01039732323261e-06,1.9563808564271312e-06,8.4988001617603e-05,2.923888814621023e-06,9.301177783527237e-08,4.384725343697937e-06,0
0,0.9998760223388672,1.0996185665135272e-05,2.023508614001912e-06,9.549785318085924e-05,3.5470725379127543e-06,1.243614065060683e-07,1.1827376511064358e-05,0
0,0.9998382329940796,1.4943889254936948e-06,3.6575363537849626e-07,0.0001572436740389,2.2022370558261173e-06,5.890924015261589e-08,5.241982421466673e-07,0
0,0.9999555349349976,5.15760405050969e-07,5.142574650562892e-07,4.2439332901267335e-05,3.142435502923036e-07,8.378018634402906e-08,5.318766511663853e-07,0
0,0.9999537467956544,1.2450664144125767e-06,3.826632109849015e-06,3.559017204679549e-05,5.122335551277502e-07,8.816240324449609e-07,4.242600425641285e-06,0
0,0.9999712705612184,1.00157740234863e-06,2.44657553594152e-06,1.8835080481949262e-05,4.968856046616565e-07,8.007202154658444e-07,5.124944436829537e-06,0
0,0.9999741315841676,8.504290462951758e-07,1.949612851603888e-06,1.6952955775195733e-05,1.598777714661992e-07,4.989374247088563e-07,5.40127848580596e-06,0
0,0.9999911785125732,1.674269611839918e-07,5.249614218882925e-07,7.395736247417517e-06,6.549229425445446e-08,2.158912764116394e-07,4.495850021157821e-07,0
0,0.99998939037323,1.548601460399368e-07,6.460326176238596e-07,8.811052794044372e-06,8.867295520076368e-08,2.2222924656034598e-07,6.492802526736341e-07,0
0,0.9999903440475464,2.619281929128192e-07,1.5113880635908572e-06,5.317990598996403e-06,1.358271077833706e-07,5.756568270953721e-07,1.812266759770864e-06,0
0,0.9999938011169434,1.777489018195411e-07,3.363031169101305e-07,5.080571099824738e-06,9.617711071996383e-08,1.9646716964416558e-07,3.058689230783785e-07,0
0,0.99999737739563,4.6314958979110095e-08,1.443453072624834e-07,1.9590479496400803e-06,6.467920599106948e-08,2.358016786274675e-07,7.201393259492761e-08,0
0,0.9999943971633912,3.7679473763319045e-08,3.095631484484329e-07,4.112561782676494e-06,1.268676896870602e-07,5.455067366710864e-07,5.611385631709709e-07,0
0,0.9999706745147704,2.249793169539771e-07,9.22546234960464e-07,2.4588673113612455e-05,2.748510894434731e-07,5.362290949051385e-07,2.8228027986187958e-06,0
0,0.999980330467224,1.309532393634072e-07,3.3858700021482946e-07,1.8809600078384392e-05,1.1092870266793399e-07,1.263300930531841e-07,1.77913918264494e-07,0
0,0.9999741315841676,2.0652204568705201e-07,1.5834369548883842e-07,2.4331811800948344e-05,3.539889235071314e-07,3.59488154799692e-08,7.996191015990917e-07,0
0,0.999994158744812,8.54378612302753e-08,1.229805235425374e-07,5.096140284877038e-06,2.534795555675373e-07,1.280098302913757e-07,9.000331857578203e-08,0
0,0.9999985694885254,1.2631456058898038e-07,6.414547470967591e-08,1.0289757028658642e-06,1.3811424537379938e-07,3.69784061149403e-08,1.4428788830400665e-08,0
0,0.999998927116394,2.571538537665674e-08,1.7291451825940385e-08,1.0670930805645185e-06,2.8918817562839653e-08,4.732696012865745e-09,9.711268234013914e-09,0
0,0.9999988079071044,9.24962648696237e-08,3.169979478911955e-08,9.805550007513375e-07,3.3852234793130265e-08,8.319599231754182e-09,6.331696056349756e-08,0
0,0.999981164932251,2.143783603969496e-06,5.035218819671172e-08,1.0462111276865471e-05,5.044718704994011e-07,8.352157188085131e-09,5.693133061868139e-06,0
0,0.9999715089797974,4.357979833002901e-06,1.2789126913048676e-07,8.57308077684138e-06,2.0331842733867238e-06,1.7495597859351623e-08,1.3305654647410847e-05,0
0,0.9999957084655762,7.686977596677025e-07,4.2860904159169884e-08,2.8290073714742903e-06,2.621555097448436e-07,8.97209506689478e-09,4.277292759979901e-07,0
0,0.9998995065689088,4.708122105512302e-06,1.605319539521588e-07,1.2311382306506856e-05,2.5067777187359752e-06,2.59178598582821e-08,8.080152474576607e-05,0
0,0.9999833106994628,7.152621947170701e-06,8.567779730128677e-08,2.9379957595665478e-06,5.312394932843745e-07,8.914294191697536e-09,5.988722477923147e-06,0
0,0.9999868869781494,7.070618266880047e-06,4.9605031193777904e-08,3.841256329906173e-06,3.93021764466539e-07,3.500000733680508e-09,1.7147472135548014e-06,0
0,0.999906063079834,3.768080205190927e-05,1.258416659766226e-07,4.980591620551422e-05,4.377429831947666e-06,1.4588919405866818e-08,1.9543947473721346e-06,0
0,0.999987244606018,5.437289473775309e-06,4.583739610097837e-07,6.233852673176443e-06,4.052584472447052e-07,3.3198798377043204e-08,3.04379938143029e-07,0
0,0.9999785423278807,4.677987362811109e-06,8.67789751168857e-08,1.222957143909298e-05,4.253849112956232e-07,5.526724855542397e-09,3.921224106306909e-06,0
0,0.9999629259109496,9.249700269720051e-06,1.793037966990596e-07,6.525533990497934e-06,6.875658868921164e-07,2.3024762541012933e-08,2.028806011367124e-05,0
0,0.999921441078186,1.3375087291933596e-05,1.0097614477899697e-07,5.865687853656709e-06,8.887158742254542e-07,2.786858743775156e-08,5.8327786973677576e-05,0
0,0.9999473094940186,8.276112566818483e-06,2.2344609362789927e-07,4.344336775830016e-05,2.786278514577134e-07,1.2601324428374028e-08,4.5266929760146013e-07,0
0,0.9999650716781616,2.817127460730262e-05,4.5717590069216396e-07,5.292402875056723e-06,3.544501794294775e-07,2.776114982339095e-08,6.612283414142439e-07,0
0,0.9977657794952391,0.0001610245381016,5.545164640352596e-06,6.959152960916981e-05,0.0001487496192567,2.2416886622522725e-06,0.0018469381611794,0
0,0.9949938654899596,0.0009184140362776,6.452247180277482e-05,0.0001005565209197,5.8014560636365786e-05,3.813495141002932e-06,0.0038608380127698,0
0,0.9993473887443542,0.0005527529283426,3.983232545579085e-06,4.524997621047078e-06,7.374830602202563e-06,3.889252582212066e-07,8.359635103261098e-05,0
0,0.9994081258773804,0.0005410206504166,5.868605967407348e-06,4.8158231038542e-06,2.4698599645489594e-06,1.7871600732632944e-07,3.751259282580577e-05,0
0,0.9982696771621704,0.0013132555177435,7.78395333327353e-05,4.122553582419641e-05,1.0638848834787495e-05,3.902818207279779e-06,0.0002835010236594,0
0,0.9846307635307312,0.0099832583218812,0.001289426581934,0.0001832170091802,6.868365016998723e-05,7.760916196275502e-05,0.0037671192549169,0
0,0.9976086616516112,0.0020019053481519,0.0001303801109315,3.2015501346904784e-05,1.0920039130724035e-05,7.711166290391702e-06,0.0002082967548631,0
0,0.9985963702201844,0.0011542158899828,6.342163396766409e-05,2.6033323592855595e-05,1.0144161933567377e-05,5.437053005152848e-06,0.000144462173921,0
0,0.9972963929176332,0.0020814570598304,0.0001334696571575,5.562256774283014e-05,4.3656909838318825e-05,1.9179795344825837e-05,0.0003702967660501,0
0,0.9989726543426514,0.0007795004639774,5.265510844765231e-05,7.522195664932951e-05,5.641745883622207e-05,2.6662357413442805e-05,3.6839061067439616e-05,0
0,0.9996063113212584,0.0002463938435539,4.968923531123437e-05,2.4137101718224585e-05,1.3896188647777308e-05,2.4838778699631803e-05,3.464599285507575e-05,0
0,0.9992228746414183,0.0005730111151933,4.959155921824277e-05,6.774356006644666e-05,3.4486569347791374e-05,2.147118902939837e-05,3.075861241086386e-05,0
0,0.9975829124450684,0.0022311629727482,5.228104055277072e-05,2.7782461984315887e-05,4.6533568820450455e-05,1.4316798115032723e-05,4.499031638260931e-05,0
0,0.9982388019561768,0.0016316451365128,5.229875387158245e-05,1.1055561117245816e-05,1.998004881897941e-05,1.4079777429287788e-05,3.20348990499042e-05,0
0,0.9884220957756042,0.0112144574522972,7.306239422177896e-05,2.91325031867018e-05,0.000104558384919,2.6543413696344945e-05,0.0001301545562455,0
0,0.9979069232940674,0.0019871625117957,2.012769982684404e-05,1.7702681361697614e-05,2.453778506605886e-05,1.200762653752463e-05,3.165299494867213e-05,0
0,0.995309054851532,0.0044796019792556,8.429019362665713e-05,5.520152626559138e-05,1.5980014723027125e-05,8.060891559580341e-06,4.780451854458079e-05,0
0,0.9975468516349792,0.0023634368553757,2.3541801056126133e-05,1.9755765606532805e-05,8.673479896970093e-06,4.653798896470107e-06,3.3120544685516506e-05,0
0,0.9991238713264464,0.0008482854464091,9.484096153755672e-06,3.929269951186143e-06,3.0281585168268066e-06,2.590985786810052e-06,8.891870493243914e-06,0
1,0.0055900830775499,0.993485987186432,5.055022484157234e-06,9.320540812041145e-06,1.042853000399191e-05,1.7890273795728717e-07,0.0008988721529021,0
1,0.003507295390591,0.9953693747520448,2.6902753234026026e-05,4.71270686830394e-06,3.4423046599840745e-06,2.819241728957423e-07,0.0010880191111937,0
1,6.368429603753611e-05,0.99976247549057,7.175399332481902e-07,1.5459021369679249e-06,5.887256406822416e-07,1.1856470472082492e-08,0.0001709971693344,0
1,2.6510520910960626e-05,0.99993097782135,2.741457194588293e-07,7.20875277693267e-07,1.475142852314093e-07,3.279845950387994e-09,4.132116737309843e-05,0
1,5.067834081273759e-06,0.9999459981918336,9.219605203725224e-07,1.0266298886563163e-06,2.364992042203085e-07,4.495363636891625e-09,4.667832763516344e-05,0
1,6.563652021895905e-08,0.999976634979248,4.732439151666768e-08,1.1148294731810893e-07,5.6872082154768584e-08,7.479195041071306e-10,2.309385672560893e-05,0
1,4.2364970198605085e-08,0.9999884366989136,2.7588974660375243e-08,3.3800461096689105e-08,9.975046566523817e-08,4.998515490406419e-10,1.1388199709472246e-05,0
1,1.0588104615294467e-08,0.9999983310699464,4.422474830789724e-09,4.2421341106546606e-08,2.6741743042180133e-08,6.641042576971401e-11,1.676266833783302e-06,0
1,3.3142635302851886e-09,0.9999997615814208,1.6952059755936943e-09,6.4843614921983325e-09,2.913396635051413e-09,2.713582830660144e-11,2.3071496002557978e-07,0
1,8.218274061277953e-09,0.9999995231628418,8.557591968383349e-09,2.4918943353213766e-08,7.911506116897726e-09,1.466590598964146e-10,4.752871518576285e-07,0
1,1.941551630579852e-07,0.9999988079071044,1.3705265811125855e-09,4.0461372918798595e-08,8.183218369595124e-08,2.1349744194765208e-10,9.702649776954786e-07,0
1,1.4798649805580766e-10,0.9999996423721312,1.2616258038278258e-10,1.6995442830847194e-09,2.8253712702763782e-09,1.6773410785320128e-11,3.613505157318287e-07,0
1,5.169551245409743e-11,0.9999997615814208,1.6183598905428198e-10,4.4142034472116615e-10,1.0078229362164848e-09,1.0449310687554723e-11,1.8641739529812185e-07,0
1,3.8705091909285727e-10,0.9999995231628418,9.616379914589854e-10,1.0754301449367176e-08,1.7802270768640936e-09,9.178105324358919e-12,4.812401925846643e-07,0
1,8.834382878020186e-12,0.9999997615814208,9.194039279902809e-11,5.695497962143746e-10,6.810184638439408e-10,5.2410714657114e-12,2.0069731476723973e-07,0
1,1.1717972425717704e-10,0.9999972581863404,2.4493443384621116e-10,9.661125233151322e-10,1.4915856327846202e-09,2.297524323569e-11,2.746298378042411e-06,0
1,2.162307879416403e-07,0.9998469352722168,2.11677023131962e-10,2.0542266554457456e-08,1.1834281394840218e-06,1.9006797871701228e-11,0.0001516565098427,0
1,2.9779116630379576e-06,0.9999710321426392,2.135925325497112e-10,6.127046958681603e-08,3.736338612725376e-06,1.142785172048022e-11,2.216427310486324e-05,0
1,1.414993846537982e-07,0.9999970197677612,2.0420339030824408e-11,6.807780117412676e-09,4.661566492814018e-07,7.348245276150855e-12,2.4287098767672437e-06,0
1,1.0356631037211628e-06,0.9999878406524658,8.398180068036609e-11,1.998009793169331e-07,2.7167943699168973e-06,1.2362649966235484e-11,8.199072908610106e-06,0
1,5.532505838345969e-06,0.9999467134475708,4.204222248116452e-10,2.843904383098561e-07,2.681383421077044e-06,3.0449649746078216e-11,4.479123163037002e-05,0
1,1.5361452824436128e-05,0.9999154806137084,3.719059504803113e-10,1.4468574249804078e-07,2.1501045921468176e-06,3.705378365248535e-11,6.684526306344196e-05,0
1,3.903009655914502e-06,0.9999508857727052,4.844581957819115e-10,1.1102385855110697e-07,1.1177874057466395e-06,4.240154755086323e-11,4.394309144117869e-05,0
1,4.263596053988295e-07,0.999987006187439,1.7575420285798058e-10,1.4615808119344821e-08,2.7892178877664264e-07,3.954528024485704e-11,1.2233606867084744e-05,0
1,8.181731345757726e-07,0.999977707862854,2.4631918726925045e-10,2.4927670594365736e-08,4.2431332758496875e-07,6.173474231818686e-11,2.101102472806815e-05,0
1,1.0609737728373148e-06,0.9999823570251464,1.7540577323948978e-10,1.8511229882278712e-08,5.529319082597794e-07,1.1968617763535858e-10,1.6006140867830254e-05,0
1,1.2227142178744543e-06,0.9999939203262328,1.3642388607681966e-10,7.1964363357324154e-09,7.116456117728376e-07,7.811187807682529e-11,4.153362169745378e-06,0
1,7.658518939024361e-07,0.99999737739563,1.0369477498883839e-10,1.7090061588120875e-09,2.800005916014925e-07,3.3817542516301196e-11,1.5219065971905366e-06,0
1,7.130117865017382e-07,0.9999959468841552,1.3442727486712158e-10,2.986618730105306e-09,8.210371333916555e-07,6.14785236607851e-11,2.47908110395656e-06,0
1,1.3249218682176434e-06,0.9999892711639404,3.213160015835825e-10,4.1489105484515684e-09,5.891238288313616e-07,2.4842969348348726e-10,8.769296982791275e-06,0
1,1.0359583484387258e-06,0.9999935626983644,1.0785800724777416e-10,4.191314406654101e-09,1.348456635241746e-06,2.3166853158063103e-10,3.998542979388731e-06,0
1,2.153306724039794e-07,0.9999955892562866,5.105270026173336e-11,1.6229506627496446e-09,4.556372630304395e-07,8.214440933018706e-11,3.714498461704352e-06,0
1,3.353017632434785e-07,0.9999920129776,1.1166431668208075e-10,1.007988537082838e-08,8.272934906017326e-07,8.469960843804357e-11,6.7948622017866e-06,0
1,5.244273211246764e-07,0.9999899864196776,1.1312332320878582e-10,1.1440887348612705e-08,4.4598496629078e-07,4.5299170664536697e-11,9.03146337805083e-06,0
1,2.0237810360868025e-07,0.999927282333374,7.741699642460631e-11,1.5227943350737405e-08,2.6763686378217244e-07,3.5339179499382916e-11,7.223005377454683e-05,0
1,2.3150855099629558e-07,0.9999955892562866,4.057463046103216e-11,6.087658821485321e-09,2.2349480843786298e-07,1.4133623958689778e-11,3.960388312407304e-06,0
1,2.4503944473508454e-07,0.999998927116394,2.1833793106829086e-10,3.956133198812495e-09,8.128525053052726e-08,9.838066125644753e-12,7.564233328594128e-07,0
1,1.0270839112536124e-07,0.9999995231628418,8.087889385999246e-11,8.744965307450058e-10,6.084516712689947e-08,4.76424585546531e-12,3.158528443236719e-07,0
1,6.076930958442972e-08,0.9999995231628418,2.2874040161990902e-10,5.498616562071844e-10,1.6077038367257046e-08,1.2955948813786478e-11,4.054431599342934e-07,0
1,8.574516652259944e-10,0.9999998807907104,1.247202319719365e-12,3.025143330281921e-11,2.999132053815856e-09,3.553610856098233e-13,9.486375063261221e-08,0
1,2.405268650917946e-09,0.9999996423721312,3.965913535075583e-12,8.496334885643718e-11,6.4412168931937686e-09,6.387093002928336e-13,3.451436327850388e-07,0
1,2.9069968654482636e-09,0.9999997615814208,1.6995490084714682e-11,2.506617691189206e-10,5.9138272057168714e-09,1.5170280396464841e-12,2.873375990475324e-07,0
1,5.96353966209051e-10,0.9999998807907104,3.927860640906555e-12,4.883485976714397e-11,1.9785997285026724e-09,7.656958834340033e-13,1.3599364478977805e-07,0
1,1.2252008296798067e-09,0.9999996423721312,2.5362923566918387e-12,6.737159441438934e-11,9.629399499999636e-09,6.833581552186109e-13,3.478814676327602e-07,0
1,7.187350714588091e-10,0.9999995231628418,7.369327587394836e-13,3.7946097652952204e-11,2.1470782485266682e-08,4.463095203740414e-13,4.860851845478464e-07,0
1,1.6896501975338651e-09,0.9999995231628418,3.4186481770448478e-12,1.7332940638326022e-11,7.088514220043862e-09,4.956561962081442e-13,4.157362241130613e-07,0
1,2.154292033651473e-08,0.9999986886978148,7.405315249897626e-11,2.1094491431394855e-10,2.1272654748827332e-08,2.592146332650036e-12,1.2793553878509556e-06,0
1,2.645803078848985e-07,0.9999920129776,2.3165414031467435e-09,4.419546950629183e-09,1.085895533492476e-07,6.11107275894085e-11,7.572491995233577e-06,0
6,1.096636970032705e-05,0.0004274044767953,3.1881128847999214e-08,7.29301561364082e-08,2.431063137464662e-07,8.548264318619658e-09,0.9995612502098083,0
6,2.872197910619434e-06,0.0006813007639721,1.0088488267001594e-08,1.85690236520486e-08,1.8350579011894297e-07,5.1146837876103746e-09,0.999315619468689,0
6,1.116542534873588e-06,0.0004616488295141,1.6718473716537122e-08,2.04912460333162e-08,5.423730158327089e-07,2.419086975180562e-08,0.999536633491516,0
6,8.378056918445509e-06,0.10384551435709,1.5932248516037362e-06,1.7771580473890938e-07,1.7292273696511984e-05,3.021326904217858e-07,0.8961268067359924,0
6,1.5317334955966544e-08,0.0022132801823318,2.051597558505591e-09,6.425835419321402e-10,1.649837395234499e-05,7.0149681619113835e-09,0.9977701902389526,0
6,1.25476766754673e-08,0.0004033539153169,1.53660473234396e-09,4.877396819757962e-10,1.3201050933275836e-05,4.949295639988804e-09,0.9995834231376648,0
6,1.5925584184728334e-09,5.2141105697955936e-05,1.5010399867509958e-10,3.2765407054213824e-10,9.914086149365176e-06,1.7951986563957691e-09,0.9999380111694336,2
6,6.553650067075978e-09,9.350786422146484e-05,7.162330173393626e-10,1.076040478942275e-09,1.6222320482484065e-05,6.006045882855915e-09,0.9998902082443236,2
6,2.345972083261927e-09,1.939086359925568e-05,2.8961247289238656e-10,4.283470245169951e-10,4.048074060847284e-06,4.057459701556354e-09,0.9999765157699584,2
6,9.083075958038477e-10,1.7722657048580004e-06,7.932979967373299e-11,5.515669865285844e-11,1.0718573548729182e-06,1.078045541724748e-09,0.9999971389770508,2
6,1.1090222074017221e-08,3.6196484870743006e-05,1.2271724747492383e-09,9.538507761419623e-10,2.2003816866345005e-06,4.922251495287355e-09,0.9999614953994752,2
6,8.674369667005521e-09,5.033581328461878e-05,9.205640694176507e-10,1.3885674832181392e-09,3.4460176721040625e-06,6.850012557180207e-09,0.9999462366104126,2
6,4.853270674232135e-09,3.229690628359094e-05,8.508722060263095e-10,5.123365065529129e-10,1.337036223958421e-06,7.005966029538513e-09,0.9999663829803468,2
6,2.1842652131454088e-09,1.7508136807009578e-05,3.262375092294434e-10,2.5581681217801133e-10,1.7533074014863814e-06,3.848861229727163e-09,0.9999806880950928,2
6,1.5211930604053234e-09,3.076214125030674e-05,3.4020181116645176e-10,4.033990919083408e-10,2.484566266502952e-06,3.490097766345457e-09,0.9999667406082152,2
6,1.9380022031612043e-09,2.900176468756399e-06,2.345124927582986e-10,1.0415924789342055e-09,1.7364264977004495e-06,8.46079473149075e-09,0.9999953508377076,2
6,1.717805897527569e-09,3.100712149262108e-07,2.0158551217175358e-10,5.206497455390036e-10,1.0069221616504365e-06,1.6101022737302628e-08,0.9999986886978148,2
6,1.5365280603418796e-08,7.400964250336983e-07,9.608156492646458e-10,1.5339883807641284e-09,8.099459591903724e-07,3.34375407362586e-08,0.9999983310699464,2
6,3.897896050375493e-08,9.450310045622247e-08,1.5360928085073056e-09,1.1790421972079912e-09,1.06310665159981e-07,3.3299670576525386e-08,0.9999997615814208,2
6,3.1528504251809863e-08,4.09430128911481e-07,1.685690698138842e-09,3.283062044445728e-09,7.101318999502837e-08,3.731726039291061e-08,0.9999994039535522,2
6,7.074869756706903e-08,1.2263915323273975e-06,4.5437107409895824e-09,1.0051826038193212e-08,9.321885130475492e-08,1.1863881610452155e-07,0.9999985694885254,2
6,2.7928162893431363e-08,1.0065065225717262e-06,1.5982757339827456e-09,6.93601531764898e-09,4.167932488030601e-08,6.73474858103873e-08,0.9999988079071044,2
6,1.2700130014309252e-07,9.168855285679456e-06,8.799232453782224e-09,3.2450454767740666e-08,8.92712321842737e-08,1.7297345777933518e-07,0.9999903440475464,2
6,2.257796616333962e-09,1.0177449105697178e-08,4.830570665692591e-11,1.1158053370152743e-09,5.562207583409417e-09,1.2528746928808232e-08,1.0,2
6,3.517431623745182e-10,5.131033020688847e-08,1.435108542419128e-11,2.322754211192546e-09,6.374293093358574e-09,3.942495663267209e-09,1.0,2
6,9.750708684919118e-09,1.0277735782437958e-06,7.529257772809216e-10,1.943103100643384e-08,1.6381742184989893e-08,2.1600980559810523e-08,0.999998927116394,2
6,9.24742682428814e-09,1.0688301443906313e-07,1.2159535878186745e-10,1.958401085744299e-08,1.0653878668165362e-08,1.0857233334604643e-08,0.9999998807907104,2
6,8.385735661420313e-09,5.179217623663135e-07,5.49335354982361e-10,1.4565672223909589e-08,1.2189706133369782e-08,1.3479168003982522e-08,0.9999994039535522,2
6,1.0371448144752547e-09,1.1549709633129623e-08,1.014061751236639e-11,2.437412494060709e-09,6.342333880304807e-10,9.471126105609071e-10,1.0,2
6,2.2487411932559102e-09,2.3425405615284944e-08,4.9650283884261626e-11,5.807746727981566e-09,7.565355009120366e-10,3.012617044717558e-09,1.0,2
6,4.0711833904083505e-09,3.514149682359857e-08,2.2377825981134686e-10,1.1302557112458091e-08,4.800083441836023e-09,1.140772898367004e-08,1.0,2
6,8.08348854519636e-09,3.1925586085890245e-07,2.981740410135103e-09,9.646831244936038e-08,1.0436655095702465e-08,6.0556530456779e-08,0.9999995231628418,2
6,2.7948802383548358e-08,2.7314322892380005e-07,4.632297656570472e-09,1.2341131139237405e-07,1.1400261179517202e-08,1.56666246198256e-07,0.9999994039535522,2
6,2.1682518536181306e-07,8.104917469609063e-06,1.2399255844286472e-08,6.732980750712159e-07,2.726806656028203e-07,3.212359729332093e-07,0.999990463256836,2
6,1.2564932205805237e-07,5.542900908039883e-06,4.672694231544484e-08,1.6920926100283395e-06,3.273321169672272e-07,4.33605720218111e-07,0.9999918937683104,2
6,1.410003733326448e-06,3.313618208267144e-06,3.519072677704571e-08,9.962336662283631e-06,5.230499482422601e-07,1.866719827603447e-07,0.999984622001648,2
6,7.772546268824954e-07,1.4560730505763786e-06,4.8134591423831814e-08,1.7912071825776366e-06,1.722875424547965e-07,2.208307563478229e-07,0.9999955892562866,2
6,9.77208969743515e-07,1.3151991424820153e-06,1.0472624722979162e-07,6.027447625456261e-07,9.733874861694859e-08,2.5040549189725425e-07,0.9999966621398926,2
6,6.849086187088461e-09,2.868909021458421e-08,6.004571284634608e-10,4.4550709787927196e-08,6.512547834347515e-09,3.417474969680256e-09,0.9999998807907104,2
6,3.3347550415507854e-11,2.708493207492779e-09,8.9277535017529e-12,4.417120891275772e-09,3.400945969289637e-09,6.823279163903351e-10,1.0,2
6,3.9345722860351096e-12,2.0286286539494822e-10,4.99951913635749e-13,3.864794040353559e-10,6.5531322590572935e-09,8.167747034271143e-11,1.0,2
6,2.3089999964115426e-12,1.218405237812803e-10,4.524759744401613e-13,2.0844188874935554e-10,1.7047335987285805e-08,8.697092351850344e-11,1.0,2
6,1.4218547129615788e-13,9.309531444345875e-12,2.4695738550374428e-14,8.996045575138112e-11,5.2938364802912474e-09,6.613948104472467e-12,1.0,2
6,7.985270126067198e-15,1.099175329748181e-12,4.747094508933056e-16,1.6600266083618977e-12,2.858388192805705e-09,4.0014118320858004e-13,1.0,2
6,7.430012077054744e-15,1.276348059360555e-12,1.4520304649954206e-15,8.197819159616593e-12,3.812069326869505e-09,5.579313595328872e-13,1.0,2
6,4.4619120681196895e-14,1.2319019068729452e-11,4.1387015749195725e-14,2.3624640438368868e-11,5.625100829576013e-09,4.3276104921829977e-11,1.0,2
6,2.875240193503381e-13,2.659118151365769e-12,8.849553576918691e-14,2.9969849518751695e-11,9.69754054835903e-10,4.2454938870006836e-11,1.0,2
6,7.87170621654315e-14,1.2147609307344709e-12,3.9106410031899616e-14,1.5413068391034734e-11,1.0309374881556366e-10,1.8136733434537256e-11,1.0,2
6,1.022142778945613e-13,7.376953323375013e-13,1.297923492857636e-14,1.7298336374427237e-11,1.6993072227133863e-10,1.0307050352098555e-11,1.0,2
6,3.534643552242228e-13,8.181647091591583e-13,1.3073298784401898e-14,1.0928569854629088e-10,9.568686953898011e-10,7.768929596863039e-12,1.0,2
6,2.423315725603309e-13,8.414435055843772e-13,3.1763105329523506e-14,8.3301296416316e-11,7.365646426116256e-10,2.9147840391319235e-11,1.0,2
6,3.283489474238677e-13,1.615139445798608e-12,9.399082464482504e-15,1.6339023189981816e-10,7.67828023384709e-10,4.720063749574788e-12,1.0,2
6,1.863372466309049e-13,4.4663505207633014e-13,7.458978062752e-15,1.0639085445962591e-10,1.1568811880691143e-10,2.003245225951078e-12,1.0,2
6,4.9817446581791255e-14,3.5362619950352064e-13,1.316095864762972e-15,4.789579496899954e-11,1.2601759913355434e-10,6.329393389611915e-13,1.0,2
6,9.565255082140749e-14,2.490872362970881e-13,8.15202296129431e-16,1.8790145828173619e-10,8.741518064958597e-10,5.698510782171928e-13,1.0,2
6,6.922287314756541e-14,1.994106648469524e-13,1.335862860894809e-15,1.8191063932970764e-10,4.322283642110847e-10,2.3732963294262333e-13,1.0,2
6,1.3865564783572398e-13,3.6783792158046063e-13,4.247436973127796e-15,7.843636296023249e-10,7.713524263763816e-10,2.489395137510869e-13,1.0,2
6,2.758101635535332e-13,5.115394869845137e-13,1.365007147027461e-14,5.60897384094261e-10,5.688756687938222e-10,1.626478791059982e-12,1.0,2
6,1.1622893945038848e-13,5.601866084718743e-13,7.743516758525453e-15,8.497488129810549e-11,1.2255612080736e-09,3.682578547659077e-12,1.0,2
6,6.311018873293718e-14,2.2460833648714487e-13,8.982567565197358e-15,7.715623973059138e-11,5.035510342032977e-10,3.5823316969080254e-12,1.0,2
6,1.975860542346129e-14,2.687322749311133e-13,8.438599618338857e-15,2.6402584979434707e-11,1.2304300633925178e-10,1.4022353157089329e-12,1.0,2
6,1.9030318025082566e-14,1.2515532501426038e-13,2.573105834559477e-16,4.674443124241812e-12,1.545009606362946e-11,1.1317737112076509e-13,1.0,2
6,6.33327889914756e-14,3.146806545808317e-13,5.641017082564986e-15,5.19362781947752e-11,2.4223290040481515e-11,6.898158259882603e-13,1.0,2
6,4.280544235041317e-12,3.4297481521505795e-11,6.692549292530714e-12,2.1529422689070543e-09,1.5357094484969023e-09,1.5655379770329603e-10,1.0,2
6,6.664382045350192e-13,5.2779794423862825e-12,9.986953484249913e-14,1.9745236001789124e-10,1.5357291827111652e-10,8.5153637613411e-12,1.0,2
6,3.436338670212425e-13,1.892720789126168e-12,6.803093346638683e-15,3.854691565940982e-11,1.1226702206768023e-10,2.1015305381316685e-12,1.0,2
6,3.421940939700267e-14,6.922766396591506e-13,7.283877850178594e-17,6.10698167383128e-12,1.9181104621290856e-11,5.091622110910132e-14,1.0,2
6,3.441505367902768e-14,3.415917451243117e-13,5.02375009405954e-17,4.4698212145477526e-12,8.295690523407727e-11,1.5873950374653558e-13,1.0,2
6,1.6698575573508015e-13,1.1981264504828948e-12,3.710802902224418e-16,2.913437286561349e-12,1.188363990545227e-10,1.872694057117319e-12,1.0,2
6,5.634879566532477e-14,1.5113957177806394e-13,5.4266671234561604e-17,9.022860583685066e-13,9.471537443239696e-11,3.749240772444457e-13,1.0,2
6,8.726404321368618e-11,1.2438232388500836e-10,6.787634825944702e-14,8.207370338908503e-10,1.2283045691674488e-08,7.932730861082149e-11,1.0,2
6,4.041413904920521e-12,5.3689875462170627e-11,3.530772137334825e-15,6.05307193257687e-11,7.4426296237106734e-09,4.382706437350281e-12,1.0,2
6,6.476841285518731e-11,3.378625434979909e-10,5.076796730403565e-13,3.9133876694741327e-10,1.6238937305956824e-08,1.7415706377033047e-10,1.0,2
6,1.299930302289809e-10,1.2712697561312323e-09,5.744127829637735e-12,9.158988012458735e-10,2.5203942044527142e-08,1.2009402361456978e-09,1.0,2
6,4.252671999271929e-12,5.45719192057703e-10,9.475098928114073e-14,5.0528928263737776e-11,5.6780384838361905e-09,1.799349731712585e-11,1.0,2
6,1.870851029650566e-09,2.9311790328279134e-08,2.063653241346497e-11,7.963872339367127e-10,1.713264907721168e-07,1.5221460758496619e-09,0.9999998807907104,2
6,3.3146335454148363e-08,1.386289909532934e-07,2.382071484507975e-10,6.670644836503925e-08,1.3608095059680636e-06,5.924905899235e-09,0.9999983310699464,2
6,1.1339795769060854e-09,1.7804046237301918e-08,7.610079233444367e-12,8.21009149554186e-10,3.324022372908076e-07,3.4940136894867635e-10,0.9999996423721312,2
6,2.7850818873353944e-10,3.7286682186277176e-08,4.261863431609392e-12,7.510904675989137e-10,1.6049433781972766e-07,9.703379766357044e-11,0.9999998807907104,2
6,3.957560501532953e-09,8.350284019797982e-09,1.2040294976312094e-11,2.043368807491674e-09,8.912581961340038e-07,5.77720093986045e-10,0.9999990463256836,2
6,1.2486359723951066e-09,1.9649620597306242e-08,2.1886398943182783e-11,2.113248243063026e-09,1.0468478421898908e-06,6.84364398484405e-10,0.999998927116394,2
6,1.2533575288742327e-09,1.2788976100353013e-08,1.0546972149805267e-11,5.466822994293352e-09,1.5638570403098129e-06,4.826348209974185e-10,0.9999984502792358,2
6,5.663473023886921e-10,1.4535753933841988e-08,5.153204252206223e-12,1.7373906757711666e-08,7.322592523451021e-07,1.873523558515444e-10,0.9999992847442628,2
6,5.304162109531774e-10,7.798067080955207e-09,7.869191409604069e-12,3.751223331960318e-08,2.775201721760823e-07,1.0255106486223298e-10,0.9999997615814208,2
6,1.4720789032196535e-09,1.7091934978452628e-08,2.1608669714678896e-11,1.338413255780324e-07,2.1694799556826186e-07,5.88937093537467e-11,0.9999996423721312,2
6,1.1260365903598135e-11,4.77764772188749e-10,1.2562168102622784e-13,3.7738265290521156e-10,5.297705385487461e-09,3.812446777544387e-13,1.0,2
6,1.2003836813434532e-09,1.3141414179074218e-08,3.965599723598778e-11,2.199290305426871e-09,3.392699809978694e-08,3.6285172783090396e-11,1.0,2
6,6.610335057111172e-10,2.548036226457384e-09,6.758130166595321e-10,1.3957113687013134e-08,1.692631479421891e-09,4.223194710606393e-11,1.0,2
6,1.7122073203701402e-10,2.806236798491568e-09,1.0725499377528536e-09,3.4880378585455674e-09,1.729115461923669e-10,2.538579069177871e-11,1.0,2
6,2.110781105457704e-09,2.169877610924686e-09,1.071113420181291e-08,1.9875310286465723e-08,1.0975261810486359e-09,2.2536436605768984e-10,1.0,2
6,2.876204552304529e-10,2.7753581655076687e-09,5.367863931127204e-10,1.168747543189852e-09,5.799142832607629e-10,9.616857310490444e-11,1.0,2
6,2.032098378457192e-10,2.544652133451564e-08,4.076482706949491e-09,7.213929453797617e-10,2.65928307152663e-10,4.739437176048965e-10,1.0,2
6,3.09248910923543e-08,1.029074567782118e-07,6.447514522278652e-08,1.2311072161708124e-08,2.302358081962552e-09,1.3565178980101678e-09,0.9999997615814208,2
6,2.255843298826221e-07,2.002384917432209e-06,2.6138809516851325e-07,1.4749404364522434e-08,1.4664605529901564e-08,6.6438565760051915e-09,0.9999974966049194,2
6,4.32153086649123e-07,2.3126137875806307e-06,1.3903421347549738e-07,4.857755087073201e-08,1.2245118341525085e-07,3.013653770977953e-09,0.9999969005584716,2
6,9.517219723420568e-08,1.830691758186731e-06,9.180419624499336e-08,4.305509904156679e-08,1.7578646094307263e-08,4.0187204675135035e-09,0.999997854232788,2
6,7.871604879028382e-08,5.936070692769135e-07,3.11154515486578e-08,5.54233920979641e-08,7.163689197398071e-09,6.403128582910256e-10,0.9999992847442628,2
6,2.32232562069612e-08,1.9390695271681583e-08,1.8225708942054556e-08,3.679377513776672e-08,6.11532158245609e-10,1.109887626249417e-09,1.0,2
6,3.5282357591093216e-10,4.6092267780295515e-09,1.0686854068353568e-07,2.1066675515157843e-08,9.6768024149263e-11,1.831696794241111e-09,0.9999998807907104,2
6,1.7894595527589982e-10,2.816058219945461e-10,1.0994721799661987e-10,3.4773297574730573e-09,7.573305871311219e-11,2.078403248118033e-11,1.0,2
6,2.8007232089066747e-09,1.077804245852576e-08,8.862548028787387e-09,2.113419412808071e-07,3.20892046268284e-09,4.339654746665644e-10,0.9999997615814208,2
