6,2.3768542689595048e-11,9.190147254312107e-11,1.706688176200677e-12,2.067474724753993e-07,1.0021992125075483e-08,1.4979958384842007e-09,0.9999997615814208,2
6,6.478134001453029e-12,9.110441567816707e-11,4.5471756243177513e-13,1.6800601088107214e-07,6.113458184131559e-09,3.800711967372194e-10,0.9999998807907104,2
6,5.667469098191713e-12,6.085762449536958e-11,2.519666604267751e-13,9.523757427132297e-08,5.093246713272492e-09,3.1874650141539007e-10,0.9999998807907104,2
6,1.9765494796430968e-11,1.7914912608940623e-10,8.034961042867328e-13,9.748789153718462e-08,9.722935345735097e-09,7.633216281277554e-10,0.9999998807907104,2
6,5.881142794983418e-12,6.045087347361644e-11,2.535257160457549e-13,3.2015009310271125e-08,3.008104210167062e-09,3.4657404723859026e-10,1.0,2
6,2.5598950043059787e-11,1.4829142080952096e-10,5.921084477757134e-13,9.270902268099237e-08,7.777479993364977e-09,7.036140559080194e-10,0.9999998807907104,2
6,1.5362461303070063e-10,1.0601199917914528e-09,3.338319854925831e-12,1.0374934618084808e-06,3.331457065769428e-08,1.2076161182150711e-09,0.999998927116394,2
6,1.1083060857952631e-10,7.135648738554322e-10,3.0094175849232348e-12,5.896052925891127e-07,1.5315380963443204e-08,2.215312822073656e-09,0.9999994039535522,2
6,2.8227248663470483e-11,7.236678617461578e-11,7.959519003099269e-13,5.778821332569351e-08,3.2432561081208174e-09,1.2965063467262892e-09,1.0,2
6,1.0031406261212794e-10,2.166054419161512e-10,4.052998388293094e-12,6.00697205754841e-07,9.500363162828762e-09,2.4894322159241256e-09,0.9999994039535522,2
6,1.0611045375696904e-10,6.538974361980364e-10,5.920742195131279e-12,1.2378366136545085e-06,2.3571356422280587e-08,5.020019511192686e-09,0.9999988079071044,2
6,1.7966524101797887e-10,3.6004618730878235e-10,6.622748790346966e-12,1.5619178839187953e-06,2.021470102420153e-08,6.124770912663281e-09,0.9999984502792358,2
6,7.743145707950204e-11,9.2304629217832e-11,1.3837878325845265e-12,3.497373199934373e-07,9.650986676490449e-09,1.7644068428523951e-09,0.9999996423721312,2
6,1.4193603757595152e-11,7.250189337781876e-11,1.2360433856994925e-12,1.2199929244616214e-07,3.259186476256559e-09,7.789396905266698e-10,0.9999998807907104,2
6,1.736825093467953e-12,1.6385734782908834e-11,6.157514819207789e-14,1.7597468371377545e-08,1.0671079575530482e-09,1.0596717947564116e-10,1.0,2
6,1.3251658884799733e-12,2.8863586867822196e-11,2.7525415757442833e-13,4.929641050921418e-08,3.7965536270334605e-10,2.792656939032412e-10,1.0,2
6,9.425036272270315e-12,4.3968495511137456e-11,6.396409010095416e-13,1.2211197031319898e-07,2.691036726787388e-09,7.448362482342931e-10,0.9999998807907104,2
6,5.7766600530806394e-11,5.358286592205275e-10,1.5210316730088216e-12,5.972560757072642e-07,3.14794128541962e-08,1.130636140267427e-09,0.9999994039535522,2
6,4.300660088468744e-12,1.609414164438494e-11,1.8587436006588937e-13,3.039955487338375e-08,2.859926073739416e-09,3.2863076149247656e-10,1.0,2
6,3.921051330846304e-11,1.104242738914074e-10,9.270914114525852e-13,2.020985675699194e-06,4.8221455273278486e-08,1.883123434964773e-09,0.9999979734420776,2
6,1.536739138718879e-11,4.126599756348881e-11,7.166836026549496e-13,1.2458728804176644e-07,8.009210183956839e-09,1.1248890707804547e-09,0.9999998807907104,2
6,2.0595849678506358e-11,1.133267257813486e-09,5.2476885684105135e-12,1.2123974784117308e-06,1.0365705627179976e-08,1.6265134794579692e-09,0.9999988079071044,2
6,1.1003668679357426e-12,4.41888574342908e-11,1.7028509136617079e-13,1.4704162332179749e-08,1.7561148091260746e-09,3.4950417560075664e-10,1.0,2
6,2.50309929034076e-12,1.2715455077749738e-10,4.861576636053244e-13,8.168051124357591e-09,4.115082052891239e-09,9.092357977635855e-10,1.0,2
6,7.000309620169842e-13,8.411038358857592e-12,1.8461863710971665e-13,2.237147800343564e-09,1.438571373135744e-09,5.200013752926225e-10,1.0,2
6,4.859632227877109e-12,6.788250083572534e-12,2.2649478050463387e-13,2.2468045202117537e-08,1.4909496970361147e-09,3.5807642961849235e-10,1.0,2
6,1.5577027515090158e-12,1.5145822963857913e-12,4.2059397956616123e-13,6.881391012569793e-09,4.991084767702603e-10,9.158865332814513e-10,1.0,2
6,6.278906561352214e-11,5.368820665818674e-11,3.169388362866954e-12,5.410201993072405e-07,4.488914129296973e-08,7.2507737591820395e-09,0.9999994039535522,2
6,4.1078134817296155e-12,9.85395901161035e-13,3.52152091124755e-13,5.993901908141197e-08,2.492688055966141e-09,3.803157788695444e-09,0.9999998807907104,2
6,1.2803785809367696e-12,1.090259610023181e-12,9.549181107307292e-13,5.83676715848469e-08,1.6921432310912363e-10,7.344575503331895e-10,1.0,2
6,4.25629757133672e-12,1.0741474550102216e-11,4.868622865972228e-11,4.064598613240378e-07,3.3843966518176666e-10,3.390342673270652e-09,0.9999996423721312,2
6,2.463424646562129e-12,6.540729763360176e-11,3.8541592140006737e-10,1.140261360887962e-06,6.462657631267631e-10,1.416113448726719e-08,0.9999988079071044,2
6,4.662516032982733e-12,9.226496650027728e-11,7.632977583327261e-10,2.8319075227045687e-06,1.7741035029938956e-10,8.02383670617246e-09,0.9999971389770508,2
6,9.263308002604996e-12,3.682283089556648e-10,1.467750920802757e-10,3.1153595045907423e-06,1.226839185797246e-09,3.844587315171566e-09,0.9999969005584716,2
6,1.3827328171345243e-11,4.764152627956264e-09,5.441372241676845e-09,2.438326191622764e-06,2.3993857567461422e-08,5.8106049749540034e-08,0.9999974966049194,2
6,1.2564989196675593e-12,1.150861517196233e-09,1.0088756219328587e-10,9.01290434285329e-07,4.5882240229389035e-09,8.401337958652276e-10,0.9999990463256836,2
6,9.544123304172649e-12,6.36284636090778e-10,7.733461440673217e-12,1.1385279208298017e-07,9.114135224308484e-09,1.1201482796874274e-10,0.9999998807907104,2
6,1.0258234366122831e-11,7.882509089895962e-10,3.20796271491286e-11,6.699266918985813e-08,4.7010049186724245e-09,5.997509155974966e-10,0.9999998807907104,2
6,4.570577423479438e-12,3.712442575576347e-10,5.701623201348482e-12,4.2409844525082014e-08,2.529109144333574e-09,3.1177405102056355e-10,1.0,2
6,2.7674949137912463e-11,1.0776189940386871e-09,1.191903888954349e-12,5.572295069811162e-09,4.05990041585369e-09,3.6388444341062254e-11,1.0,2
6,4.673438372404526e-11,1.5132226138803162e-08,5.58582216939052e-12,2.1332928756834235e-09,2.1255567972389144e-08,6.454531353838888e-11,1.0,2
6,2.582001834561254e-10,1.4655692659459874e-08,1.3201152410796668e-12,3.5673072829034425e-10,1.5949780163282412e-07,3.1973521052997e-11,0.9999998807907104,2
6,2.263886855757846e-09,1.920890753126514e-07,6.070241531652698e-12,3.2616745415658954e-10,1.087289774659439e-06,7.196311602175598e-11,0.9999986886978148,2
6,6.934605334407706e-09,3.105584255536087e-06,1.9416452820553157e-11,1.7254610240602375e-10,3.098957449765294e-06,1.4612715204531668e-10,0.9999938011169434,2
6,1.6083818721313035e-09,3.497840225463733e-06,1.1752872980386186e-11,1.7695432619202478e-10,2.1219480004219804e-06,1.3553178024316992e-10,0.9999943971633912,2
6,7.432756077285774e-10,5.210990252635384e-07,8.877224476344647e-12,1.7547621689040227e-10,4.790379989572102e-06,1.502818147702811e-10,0.9999947547912598,2
6,7.613203817369296e-11,1.7861358614368328e-08,1.1248677770497872e-12,1.2592722697934988e-10,4.026258011435857e-07,4.6576589807223456e-11,0.9999996423721312,2
6,4.0235641207697626e-11,9.417520985266492e-09,4.2476818503528475e-14,1.5381827755955868e-10,7.69445804849056e-08,6.7853366154946304e-12,0.9999998807907104,2
6,2.0203522882455968e-11,8.573883825135908e-09,2.419619239940173e-14,2.5350079674302247e-11,8.711732135679996e-08,2.9415454447234697e-12,0.9999998807907104,2
6,4.7133089098316816e-11,1.8799484635678713e-08,1.6038902248428216e-13,3.030849182739104e-11,1.0343760692421713e-07,2.5420237095841177e-11,0.9999998807907104,2
6,1.144091332089259e-12,9.967714431624586e-10,4.5289797980701055e-14,3.226242537013313e-11,4.912480644492234e-09,6.215800877479305e-12,1.0,2
6,3.7120580914651313e-11,4.057493008247093e-09,1.0705265206202229e-13,1.532533822068416e-10,4.387851504361606e-08,1.2221355871755437e-11,1.0,2
6,5.074640360702709e-12,3.015813154760849e-09,3.2779622793259813e-14,1.7899294893486406e-11,1.7839737154190519e-07,4.473291962542314e-12,0.9999998807907104,2
6,2.7842247604659143e-11,5.313074868951162e-09,6.187204340448589e-14,2.9229337700220626e-11,1.8503195065022737e-07,1.2163517588981154e-11,0.9999997615814208,2
6,2.042054546291805e-11,3.3996732096142072e-09,1.686269532211529e-13,7.231197585166882e-11,4.76759367984414e-07,4.7957290916222917e-11,0.9999995231628418,2
6,1.1882612081792754e-11,2.281654420954737e-09,2.7637871917278456e-14,3.7755321091736955e-10,1.1706404023925645e-07,7.821756263515223e-12,0.9999998807907104,2
6,2.259844394947308e-11,1.2506228941333576e-08,5.199089246686432e-14,1.2104528490652908e-10,3.095517797646608e-07,1.0665143247712283e-11,0.9999996423721312,2
6,2.3797621859222847e-11,1.2934343374126913e-08,2.2155405426395842e-14,5.859747409520111e-11,8.817651320214281e-08,3.599968847328716e-12,0.9999998807907104,2
6,1.811083227831745e-11,2.4138362419989793e-08,1.7533962834177105e-13,1.6248952183772758e-10,3.247163817832188e-07,8.857749603241594e-12,0.9999996423721312,2
6,1.7204987434737973e-11,2.8806436347394992e-08,4.4237627206148925e-14,6.760296766827877e-10,1.811344645830104e-06,8.565029761820053e-12,0.9999982118606568,2
6,3.532654724303086e-11,2.0910325915224348e-08,7.166903314846824e-15,5.030195704414098e-10,1.227126517733268e-06,1.871652789350864e-12,0.9999988079071044,2
6,5.156957638696723e-10,1.540426239898807e-07,1.974780582114644e-12,3.2090685664343255e-08,2.0160493932053214e-06,4.295536842890968e-11,0.9999977350234984,2
6,1.5018634114127851e-09,6.136883712315466e-08,4.365693136859639e-12,3.3468278815007586e-08,2.145950702470145e-06,8.942308699078083e-11,0.9999977350234984,2
6,1.3271499454958755e-09,2.7277316405616148e-08,2.8464682000350905e-11,1.2465168452990838e-08,6.985986829022295e-07,2.1925571080938508e-10,0.9999992847442628,2
6,1.3201108262084205e-10,8.890772562608619e-08,1.1147484844931109e-11,2.364831885870444e-09,4.578020025292062e-07,2.387209041554428e-10,0.9999994039535522,2
6,6.619287756803871e-11,2.4669581932812438e-08,1.3397175079379877e-12,1.8299712856162387e-09,4.066382075507136e-07,9.94313520408241e-11,0.9999996423721312,2
6,3.291641403890821e-10,3.4096395040705836e-08,2.6654145470622614e-13,4.712561896269562e-09,1.3789874628855614e-06,2.0702264555416683e-11,0.9999985694885254,2
6,6.252116879768009e-11,2.612488891884368e-09,1.4519265509934517e-13,2.550637256959476e-09,5.96737947944348e-08,1.912688757377268e-11,0.9999998807907104,2
6,3.8654770356805195e-11,4.106722961694231e-09,9.479851799387706e-14,3.552283356356156e-09,6.257256046637849e-08,2.1411624209766167e-11,0.9999998807907104,2
6,1.7220029568942863e-10,1.2970759577513036e-08,5.32550403515436e-13,1.761273793476903e-09,4.060344238610014e-08,2.7781835859608247e-11,1.0,2
6,1.2849940556058923e-10,4.500350758718241e-09,1.21015415570358e-12,2.609426452693242e-09,5.5993458758507594e-09,2.2525424234198788e-11,1.0,2
6,4.747091053580732e-10,5.3434527913509555e-09,2.681558967931874e-12,5.2432804764634974e-09,1.6352478482417613e-08,7.829492609801035e-11,1.0,2
6,1.6128560292871796e-11,3.940306136929194e-10,5.2948425944285636e-14,2.6884755532918803e-10,3.2108174452538657e-10,3.659577415410231e-12,1.0,2
6,3.0717744320396534e-11,7.828779846619226e-10,2.4960849359656483e-13,4.768161421253581e-10,1.361045831593799e-09,2.2118537904014524e-11,1.0,2
6,1.9275230825517573e-13,7.708989696597611e-11,4.951305682186595e-15,4.167324905296477e-12,2.13529367798504e-11,2.926637014330491e-12,1.0,2
6,6.596307159344172e-13,1.3290855915837338e-10,4.8273555393666106e-15,6.150387837910998e-11,9.294968961182092e-11,4.664619385197355e-12,1.0,2
6,7.194489145059825e-13,4.9826170966937866e-11,7.196828141840372e-15,1.7024727114178795e-11,3.723338044131497e-12,1.1986527222174193e-11,1.0,2
6,6.729721814535683e-12,3.97857941036861e-10,1.8648728665904973e-13,1.905755414588484e-11,8.112814586791471e-11,1.2242889861624471e-11,1.0,2
6,1.4333461528792668e-08,5.6467527542736207e-08,3.9813877195094e-10,7.383921030168494e-09,1.531430626755537e-08,3.914583768249713e-09,0.9999998807907104,2
6,9.164194403332715e-10,3.011364713145781e-09,4.337651071661952e-11,1.0918927983993854e-09,1.5848721224287488e-09,1.7336239110932183e-09,1.0,2
6,1.1313663764514481e-12,9.914934324950496e-12,2.3033761652039613e-14,2.223176504001501e-11,7.59877230582795e-11,3.3386674501423297e-12,1.0,2
6,7.560342109302898e-12,9.954272649215223e-12,6.816894596549383e-13,8.538613149866591e-10,2.0768747832633491e-10,7.570057081185411e-11,1.0,2
6,3.646151523067909e-12,8.07146276898818e-12,1.7661741481215382e-14,1.9425547281848307e-10,3.43141359770982e-09,1.0209474758660075e-11,1.0,2
6,3.863758271660522e-12,2.074657529105295e-10,1.900305406738953e-13,2.700384360565522e-09,2.1473578470931898e-08,1.4834858341750135e-10,1.0,2
6,7.58697965563826e-12,9.392954469777948e-11,6.643593010793869e-13,1.5178612811084236e-09,3.836404616208711e-08,3.3983438285645207e-10,1.0,2
6,4.858520807893284e-10,5.6732054609653915e-09,4.1752164225972166e-11,1.0566330388428469e-07,6.930358154022542e-07,2.629945372589759e-09,0.9999991655349731,2
6,5.7813581599472876e-15,1.6509084030391638e-11,2.839068938980966e-15,1.1803508691288211e-11,4.340924508738908e-09,7.96726833812711e-12,1.0,2
6,2.576537073972762e-13,3.6380523593670944e-11,2.6732876505443544e-14,4.45314590757917e-10,2.696909291444172e-07,5.049645077082055e-11,0.9999997615814208,2
6,2.2623920098441275e-11,1.27039410102725e-08,4.842355336154292e-11,9.032913794726485e-08,8.029954301491671e-07,7.642392496620687e-09,0.9999990463256836,2
6,5.649445321276314e-12,1.6317004691845938e-10,7.635072261924503e-12,1.1031049851339958e-08,7.528052492489223e-08,4.250861440624476e-09,0.9999998807907104,2
6,2.476535643225475e-10,1.9822264718527552e-08,5.857815899013018e-10,1.089749048333033e-06,8.729835826670751e-06,1.0525180726972395e-07,0.9999901056289672,2
6,7.047698796086577e-12,1.7820487308028987e-09,1.0216624421466314e-11,1.7209115910077344e-08,1.908499370983918e-06,2.5815024784492383e-08,0.9999980926513672,2
6,1.498010916700654e-12,6.53739840039691e-10,7.20876049825625e-13,2.993023828778973e-09,3.2685264272913634e-08,6.569874089201733e-10,1.0,2
6,2.0200236882511598e-12,3.4622154032604164e-08,5.937839803182854e-11,2.886687511249875e-08,3.139606130631023e-09,1.8653529831880174e-09,0.9999998807907104,2
6,2.97100169986686e-12,1.8335251095180638e-09,8.091762503104059e-12,3.5678080934076206e-08,1.2374253843816516e-09,1.098215185457718e-09,1.0,2
6,2.50589528150158e-06,8.548879577574553e-07,8.685294119459286e-07,0.0036644376814365,0.0031559797935187,0.1107707321643829,0.882404625415802,2
5,3.022295800292341e-07,1.2529278059503213e-08,1.9213005941765005e-07,0.0004115429183002,0.0005283895297907,0.9406182169914246,0.0584414154291152,2
5,3.26570308573082e-08,2.6847291056952827e-10,3.037809221950738e-07,8.681473264005035e-05,5.417244665295584e-06,0.9980410933494568,0.0018663614755496,2
5,7.103633237193209e-08,2.8479557254157406e-11,2.3366968804339198e-08,6.596450475626625e-06,1.7048563677235506e-05,0.9968758821487428,0.0031003321055322,2
5,4.417308048232371e-07,1.564349760840855e-09,4.896716987445871e-08,4.516562330536544e-05,0.00012590966071,0.99839848279953,0.0014299529138952,2
5,6.038688411535986e-07,5.8323412766014834e-09,2.84125036387195e-07,0.0001431648706784,0.0001833666610764,0.9989792704582214,0.0006932438700459,2
5,4.288305603949994e-07,8.266038964421796e-10,9.8243404522691e-08,0.0004987476277165,7.159214146668091e-05,0.9993601441383362,6.909503281349316e-05,1
5,5.704117711502477e-07,1.279909178641958e-09,5.2954142404360034e-08,0.0039756731130182,0.0004495491157285,0.9955030083656312,7.121510134311393e-05,1
5,2.829232812473492e-07,2.921353436935448e-11,1.035271868232712e-09,0.000414342037402,0.0002548676275182,0.9993294477462769,1.083031179405225e-06,1
5,1.267964648832276e-07,4.999891820012259e-11,5.605613750958582e-09,0.0003131648991256,4.220466507831589e-05,0.9996368885040284,7.538802947237855e-06,1
5,2.323388770264501e-08,7.622618682090465e-12,9.723649663229139e-11,0.000434419256635,0.0007131966995075,0.9988466501235962,5.697079814126482e-06,1
5,2.473389271173687e-09,1.853617953573305e-12,1.8889854958015206e-11,0.0002450206957291,0.0001281114236917,0.9996262788772584,5.270056249173649e-07,1
5,1.4274530002467143e-08,3.634196416024693e-11,1.5910164852250827e-10,0.0001985657290788,0.0002321685460628,0.9995688796043396,3.747013863630855e-07,1
5,8.690955155543635e-08,1.5591290480898579e-09,1.371760038892944e-09,0.0016643746057525,0.0020031144376844,0.996327579021454,4.820743924938142e-06,1
5,6.5045346886449815e-09,8.262713846463042e-10,1.142602990000796e-08,0.0018758671358227,0.0001267136831302,0.9979829788208008,1.4340853340399916e-05,1
5,7.995088679990658e-08,4.098852368628058e-10,1.359504064879502e-08,0.0009009324130602,7.881950295995921e-05,0.9990190267562866,1.133294063038193e-06,1
5,3.3843034543679096e-06,1.3354857220093663e-09,8.527190402674023e-07,0.0015519501175731,0.0001154184355982,0.9983273148536682,1.0088117505802074e-06,1
5,5.508736578008211e-09,2.3119482717159912e-10,5.1720906668606403e-08,0.0001609883620403,1.2258524293429218e-05,0.9998121857643129,1.4467011169472244e-05,1
5,2.6853728130049603e-08,4.679452936251494e-10,7.877559937696789e-08,0.0004611574113368,6.163824582472444e-05,0.9994738698005676,3.140863782391534e-06,1
5,5.601325980819639e-08,3.181221258641287e-11,1.6440862893318812e-08,0.0001280756550841,1.5266332411556505e-05,0.9998552799224854,1.255766278518422e-06,1
5,1.008980277106275e-07,5.704925976068863e-10,5.3508916408873126e-08,0.0007288617198355,1.880963100120425e-05,0.999250829219818,1.343631197414652e-06,1
5,3.2867657040469573e-08,2.0163749836488163e-10,1.1950017153594672e-07,0.0005656013381667,3.7580566640826873e-06,0.999428927898407,1.51754534272186e-06,1
5,7.987311789747764e-08,1.4444742624242224e-10,2.805360281854519e-07,0.0008559824782423,1.923721811181167e-06,0.9991405010223388,1.2211697821840062e-06,1
5,4.582931296681636e-07,5.463431484997727e-09,1.7375588186041568e-06,0.0026293969713151,3.964203642681241e-05,0.9973215460777284,7.2837979132600594e-06,1
5,2.3020256776362658e-06,4.603241166023509e-08,9.238739039574284e-06,0.0121640721336007,9.896622214000672e-05,0.987558901309967,0.0001665530871832,1
5,7.249220175253868e-07,2.4105741402991043e-08,6.273300823522732e-05,0.0734125450253486,0.0001137329018092,0.9263542890548706,5.597854033112526e-05,1
5,2.6104130412818453e-08,4.970290845562886e-09,7.100386937963776e-06,0.0210756566375494,3.785481385421008e-05,0.9786754250526428,0.000203820207389,1
5,1.290398245146207e-06,2.982957880703907e-07,2.4948540158220567e-05,0.1383502632379531,0.0002046770678134,0.8611636757850647,0.0002548513293731,1
3,8.863175082751695e-09,4.727666258474983e-09,1.3902673678956036e-08,0.9999961853027344,4.822148298444517e-07,3.6492079402705713e-07,2.9366497074079234e-06,1
3,3.980587592877782e-08,1.3658993047727108e-08,1.7965806620168223e-09,0.9999980926513672,1.5498112588829829e-06,4.9136637869651174e-08,1.9408282980748481e-07,1
3,2.1522963322695435e-07,6.776002692276961e-08,8.224897207753656e-09,0.9999964237213136,1.988728172364062e-06,3.081249531078356e-07,9.671936140875914e-07,1
3,9.292528346804829e-08,6.060166146681922e-09,4.3654146963945095e-09,0.9999972581863404,2.2146796254673973e-06,2.6413431442051664e-08,4.5159364958635706e-07,1
3,1.4163448192050511e-08,3.5019305233419122e-09,1.847394043297257e-10,0.9999924898147584,7.397798526653787e-06,5.082114729049181e-10,5.977587846928145e-08,1
3,3.8506087207679236e-08,1.7142488539789722e-09,3.6508146505909167e-10,0.9999953508377076,4.564271421259036e-06,1.248629089012354e-09,2.864707582261872e-08,1
3,5.15446920701379e-08,6.4593193016548875e-09,3.7910555250597605e-10,0.9999889135360718,1.083476763596991e-05,4.455943947156981e-10,2.4783273033790465e-07,1
3,6.399610619212126e-09,2.5733468689281835e-09,8.165146510308308e-12,0.999992847442627,6.751074124622392e-06,1.1422979749597939e-11,4.115535148230265e-07,1
3,1.2367225465936826e-08,3.3786131670154873e-09,5.552914725259761e-11,0.999988317489624,1.0592509170237465e-05,3.84381033946557e-11,1.0183698577748146e-06,1
3,7.78496467290779e-09,1.4467995690381483e-09,1.2700264451215304e-10,0.9999985694885254,7.252435807458824e-07,1.7621869241590815e-11,6.506697900476865e-07,1
3,8.097163828324484e-08,1.6853221040946664e-08,2.7864996421378407e-10,0.9999918937683104,5.842595783178695e-06,1.567461299645245e-10,2.238534989373875e-06,1
3,5.28577459135704e-07,7.318453754123766e-08,2.450784464258504e-09,0.9999741315841676,7.817439836799167e-06,9.93244375635527e-10,1.7398417185177095e-05,1
3,5.863554086715794e-09,1.0933415062197582e-08,5.028924499050902e-10,0.9999768733978271,2.0020333977299742e-05,1.4390670599606636e-10,3.098833985859528e-06,1
3,3.211187049600994e-08,9.463887451488516e-09,2.520251785043115e-10,0.9999711513519288,2.863309782696888e-05,2.655952124896998e-10,2.1925676207956715e-07,1
3,8.621462654900824e-08,1.2121798009800955e-09,1.9139272111612368e-10,0.9996949434280396,0.0003049131191801,1.3448616442701676e-08,5.07305486507903e-08,1
3,9.73835145856583e-09,2.4630100736722227e-10,1.0356095148100763e-10,0.9999476671218872,5.22807749803178e-05,7.487246378445889e-09,1.0895728763671286e-08,1
3,8.044986343769266e-10,3.866796466356348e-11,2.608433087580853e-11,0.999997854232788,2.090091584250331e-06,1.2665282156376634e-09,1.3530869757971686e-08,1
3,1.1102168073762186e-08,8.651745986298919e-11,1.07076125743788e-10,0.9999946355819702,5.403820523497416e-06,2.1833033991836004e-10,1.36689204399687e-09,1
3,1.281856398804848e-09,3.9543830016031116e-11,3.4999097370258525e-11,1.0,4.8831306997954016e-08,1.2224589829995525e-12,8.56389403836033e-10,1
3,2.3104152271913314e-11,2.821146528192431e-12,3.762610015223267e-12,1.0,3.0745621604211237e-09,4.094506309525181e-13,3.518257352119747e-10,1
3,8.894834868655721e-11,1.4458311934847925e-12,1.1731729303299243e-11,1.0,2.0951300694349584e-09,1.553433163353768e-12,3.7596276786233673e-11,1
3,5.5136212040451944e-08,5.0667893491951326e-11,2.1897982094287727e-08,0.9999998807907104,3.9069401935876165e-08,2.486472361340475e-09,4.0655706579073575e-10,1
3,2.4662101694161723e-08,2.3368298962545003e-10,1.860445686396872e-09,0.9999996423721312,3.724542807503895e-07,4.689162946824864e-10,3.5714271540143723e-09,1
3,6.606743152559602e-09,6.041327160755117e-11,1.0628220081798645e-08,0.9999995231628418,7.492438669487457e-08,4.730325020574355e-09,3.979722293934174e-07,1
3,2.005962507212189e-09,2.983429059355558e-10,6.674201191714246e-09,0.9999997615814208,1.2906766322373642e-08,2.0265127076424247e-10,1.586343074677643e-07,1
3,3.933256387256279e-09,5.839799754880913e-10,8.087681080404251e-10,0.9999997615814208,5.6268191883646075e-08,1.4526128910841152e-10,1.2460522214041705e-07,1
3,3.658304947862234e-08,2.8460316325862323e-09,2.4164552581140693e-09,0.9999992847442628,8.546046359469983e-08,4.6221537708390765e-10,5.774583655693277e-07,1
3,2.8919150407702427e-10,1.5303220496365455e-11,6.422621101620507e-09,1.0,7.1004935264795685e-09,7.174667110421139e-11,1.7557665321632496e-09,1
3,5.970201222282867e-09,5.5701002837915674e-11,9.174828674574087e-10,1.0,2.3929979775516586e-08,1.232198648670746e-10,2.644409136109971e-09,1
3,6.267154795125407e-09,6.293513626909329e-11,2.403836851794239e-10,0.9999998807907104,5.394894486698831e-08,1.3874340565322996e-10,9.776343290468505e-09,1
3,1.9975544829353706e-10,5.7567652034240524e-11,2.021956907460876e-10,0.9999998807907104,5.51978729390612e-08,2.278581316683681e-11,1.1675936661958984e-08,1
3,2.338111260158371e-09,7.930491680019358e-11,8.510057936117477e-11,0.9999998807907104,1.1924309717414874e-07,1.0560191610053948e-11,3.509467205731198e-08,1
3,6.291160037363852e-09,4.2835893165893424e-10,3.260528305681909e-11,0.999996781349182,3.040937372134067e-06,7.97840890576218e-11,1.3213588090366102e-07,1
3,4.4680414923448106e-09,1.3514293017991006e-09,4.185572374804103e-11,0.999998927116394,8.369721058443247e-07,3.4158081918533867e-10,2.13912343838274e-07,1
3,9.037347536988704e-10,2.907496465809345e-10,3.8287602255326894e-12,0.9999948740005492,8.537328994862037e-07,3.2632785362807226e-11,4.221782546665054e-06,1
3,1.2848365704698492e-09,2.467311910336889e-10,1.1952909148571498e-11,0.9999970197677612,3.566176758340589e-07,4.4177776020726256e-11,2.6387897378299385e-06,1
3,1.9483921143148564e-09,4.469753733804538e-11,3.2334968036451528e-12,0.9999977350234984,2.284757783854729e-06,5.886844484104259e-11,1.6692520699024271e-09,1
3,1.5622310112206603e-09,1.7060203250096606e-10,2.569717659148263e-12,0.9999964237213136,3.505026597849792e-06,3.330228454112572e-12,1.1636989150076717e-08,1
3,1.4617294041840976e-09,2.7864463514326587e-10,1.218617828174784e-11,0.9999995231628418,4.361925221019192e-07,2.7826408711961736e-12,5.657585333551651e-08,1
3,2.843898172510961e-10,5.790504881142411e-11,1.387432161346902e-12,0.9999995231628418,4.148735683884297e-07,4.768452343054119e-13,2.462914672207717e-08,1
3,1.1983336545284826e-09,6.277100367269027e-11,1.3494586524609442e-11,0.9999997615814208,2.2194011251031045e-07,1.3627586038789108e-11,1.7096892790391394e-08,1
3,2.468291959711877e-10,2.4183021904433663e-11,1.06723449522228e-11,0.9999994039535522,5.354948484637134e-07,1.657555516454412e-11,2.5890589672172837e-09,1
3,9.041783988195107e-10,9.298432683546576e-12,2.147011735065263e-12,0.9999935626983644,6.4238879531330895e-06,4.417399779299558e-11,4.6282763732641286e-10,1
3,7.843546367958253e-10,1.1685545760198313e-11,1.1245978107088384e-12,0.9999961853027344,3.829828528978396e-06,7.422717995808624e-11,1.3966021394917758e-10,1
3,1.99970567882346e-10,2.2508427413581167e-11,1.5775568785320049e-12,0.9999890327453612,1.093061473511625e-05,2.5693286387351577e-10,1.4280379656561593e-10,1
3,8.161134545936476e-10,2.3193873904814307e-11,1.7481086023174441e-12,0.9999924898147584,7.47047533877776e-06,2.4510199425620266e-10,9.740153822379581e-11,1
3,5.341218023424688e-10,4.3751162415173184e-11,1.5927759328474014e-12,0.9999903440475464,9.657171176513655e-06,3.10408088122216e-10,2.7136728975030167e-10,1
3,7.074820590480256e-11,1.8017958002339296e-12,1.0146634780213577e-13,0.9999723434448242,2.7645040972856805e-05,3.1972960390369565e-10,3.3813021826922807e-11,1
3,6.639180177847592e-11,6.871055916075898e-13,1.68102727918229e-12,0.9999982118606568,1.833140117923904e-06,2.1652836468266654e-10,6.264484764262335e-11,1
3,1.5904833006175068e-09,6.219892222797396e-12,3.173311266535528e-11,0.999954104423523,4.5854903873987496e-05,2.5710850337645752e-08,7.510576049973848e-10,1
3,2.9038954574289733e-10,6.438142120118728e-13,1.3669237963753744e-10,0.9999991655349731,7.971599416123354e-07,9.028616743123051e-10,8.325297118361162e-10,1
3,7.605398255616791e-11,2.78332153332006e-12,1.8107050581139816e-10,0.9999980926513672,1.9349301965121413e-06,5.158503624258515e-10,5.674808956079858e-10,1
3,1.1357997181660195e-10,4.6732793145248114e-14,1.4429583396202704e-11,0.9999998807907104,9.726296923417976e-08,5.3797682454670426e-12,1.0520350562925883e-10,1
3,1.5264479957810548e-10,1.2307166462159624e-13,1.6593069140924401e-09,0.9999997615814208,1.938445279847656e-07,1.5951070464481631e-09,2.175073454679932e-09,1
3,1.2434858698284756e-10,1.4960913367542685e-12,2.9044563976121646e-10,0.9999995231628418,5.324537823980791e-07,5.908459055348203e-09,1.7484068637330095e-09,1
3,5.53757734111926e-11,4.0324861505514075e-13,1.4078225696323445e-08,0.9999996423721312,3.528745082803653e-07,3.716079177706888e-08,5.331743491154839e-09,1
3,1.596505913581403e-11,4.376957238490242e-13,8.844981413957952e-10,1.0,4.941068709740649e-08,6.495363691350065e-10,1.421656903310975e-09,1
3,3.0228583525193635e-11,3.78393849457051e-13,1.432870662398944e-11,0.9999996423721312,3.655009095382411e-07,4.780654205838174e-10,1.5837314792932486e-10,1
3,1.7281772800997741e-12,6.853097733391933e-13,7.613860236732606e-11,1.0,4.982187817859086e-08,1.1083934464695132e-10,1.438157037902954e-09,1
3,1.6110475800634738e-11,6.200784243709512e-12,4.013928078805407e-11,0.9999996423721312,3.5685403076968214e-07,1.6746663777933435e-10,2.1380470727194734e-08,1
3,2.0633304786965567e-10,2.6018980373021527e-11,4.2668926725220047e-10,0.9999994039535522,5.792228421341861e-07,1.3110536656313345e-08,1.0435460495727966e-08,1
3,2.531898024571433e-10,3.7145658077220034e-11,1.2342068339554755e-11,0.9999886751174928,1.133171645051334e-05,1.4250044477748247e-09,4.8745771863423215e-09,1
3,1.2460416032311628e-09,5.7856271856726587e-11,6.489511619051092e-12,0.9999617338180542,3.825690146186389e-05,1.589336995344581e-09,4.535179787268362e-09,1
3,4.078259951967311e-09,4.574404049995096e-11,2.6071925868231816e-11,0.9999818801879884,1.8069818906951696e-05,4.0496089814823217e-10,2.6859166002424213e-09,1
3,4.062738687138357e-11,2.5727421495286285e-12,7.355876433141896e-13,0.9999997615814208,2.672198604614096e-07,1.0160648364343494e-12,3.7660738416711576e-10,1
3,9.354567120922752e-11,1.1978413053115313e-11,3.7750006029110833e-13,0.9999998807907104,1.424085809276221e-07,1.225170681053156e-13,8.391287664721857e-10,1
3,3.871239787067715e-11,6.965860527285983e-11,1.2085586871546372e-11,1.0,2.111023711393045e-08,5.028148172348326e-14,1.1485321138593464e-08,1
3,1.8409171756439413e-11,4.014610865965551e-11,1.0463718086439755e-10,1.0,4.992544155868472e-09,3.1808574058132116e-14,9.863155625566833e-09,1
3,5.850280815344887e-10,4.8159708859740746e-11,2.4826835032243366e-11,1.0,4.0599495321202994e-08,6.41639654819573e-14,3.0547695484273163e-09,1
3,3.5795959529849597e-09,1.0556102519876376e-10,1.513525242635705e-11,0.9999992847442628,6.931700795576035e-07,7.326104241485444e-13,5.985038020739353e-10,1
3,4.134252939991256e-09,1.5512516618465533e-11,5.864898410673503e-12,0.999997854232788,2.1670225578418467e-06,9.724695007595765e-13,7.299711529684672e-11,1
3,1.8383985889158797e-08,2.0352303176096598e-10,2.831505689637748e-11,0.9999970197677612,2.9528166578529635e-06,2.3484218042435497e-11,1.2040628494247583e-09,1
3,1.2659588044527936e-08,6.500464749814583e-11,8.558630887334218e-11,0.999997854232788,2.176667976527824e-06,2.4186489616662143e-11,2.1371695524408092e-09,1
3,3.4995206732446604e-08,4.5242395940725533e-10,7.391174339232974e-10,0.9999979734420776,2.030885752901668e-06,9.558502600537365e-11,1.194974785789782e-08,1
3,2.815875088657549e-09,3.781776281019944e-11,3.444312196565491e-11,0.99999737739563,2.655158368725097e-06,9.38577948000896e-12,1.2991963060926535e-09,1
3,1.117660519689423e-09,2.617558600426229e-11,8.251519606483626e-11,0.9999979734420776,2.003935151151381e-06,5.687298895717952e-11,1.550250483539628e-09,1
3,1.9780340920760864e-08,3.828146410977951e-10,2.4913536511572687e-11,0.9998564720153807,0.0001434822916053,3.1372271447338557e-10,9.99736116114036e-09,1
3,3.330466791240383e-09,8.24665162546534e-12,4.627149900217342e-13,0.9999881982803344,1.1750930752896238e-05,2.673837019850911e-11,3.218810634697533e-11,1
3,5.196974406374011e-09,1.2990056946771134e-11,4.289763531374613e-13,0.9999316930770874,6.833927182015032e-05,1.854440906390309e-10,1.889868990467836e-11,1
3,6.9153469617333485e-09,1.8168048445885156e-12,3.8592816686529655e-14,0.9998564720153807,0.0001434487639926,3.522611716211266e-11,7.238917581683936e-13,1
3,6.625942572391351e-10,1.5533693038458085e-12,1.0615499703770828e-14,0.999998927116394,1.0356369557484868e-06,2.314169255529519e-12,6.777656777826048e-13,1
3,3.6189365393290974e-10,1.5716133906426568e-13,1.1672768346116013e-15,0.9999990463256836,9.186566671814944e-07,7.242408170578253e-13,9.021848887532867e-14,1
3,8.0375173183711e-10,2.4061999680073665e-13,3.2833555075077395e-14,0.9999997615814208,2.923299575741112e-07,5.204859546831253e-12,3.559008150038137e-14,1
3,2.1911568046095727e-11,3.6319742786200544e-14,1.3090515576087787e-14,1.0,1.4839909745489877e-08,2.845467256457936e-14,9.515286914516323e-14,1
3,1.236691413337987e-13,1.0483913982447818e-14,5.735223689911915e-17,1.0,1.0838849956451567e-10,1.9667199272474112e-18,3.0383403854927083e-14,1
3,1.941710952180903e-13,7.394995396202074e-14,2.3383227540802477e-15,1.0,8.638110782221985e-10,1.3468326787155808e-16,2.6576325775490295e-12,1
3,6.010100403464058e-12,1.4093301178852437e-12,1.3204175166453558e-12,1.0,9.288468882928667e-10,4.287581252629966e-15,2.208616102505889e-11,1
3,6.414515728477009e-13,6.706470773686081e-14,2.911290186789067e-14,1.0,1.272496552573443e-10,2.9128774841805745e-15,9.83184887670685e-12,1
3,4.183882840874675e-12,2.0672688821193885e-12,2.738089431835594e-13,1.0,5.44006506508765e-10,9.286815870620472e-15,5.583031866679411e-12,1
3,3.853748483523267e-12,1.076978350250668e-12,4.8190418262860155e-14,1.0,2.339137328277729e-09,5.307641008151691e-15,4.611770167139984e-12,1
3,1.3130239083503081e-12,7.639862592383195e-13,2.7880368979747893e-14,1.0,6.964149812382914e-10,5.777761552174128e-16,2.55646870860049e-12,1
3,1.7992742712413797e-11,7.289938509617845e-13,4.992003338477602e-12,1.0,3.9241847105131455e-08,3.448012003953033e-13,4.850742203743597e-12,1
3,1.877794968130342e-11,9.726383110378325e-13,7.572382391268785e-14,0.9999997615814208,1.9769888126575097e-07,1.275964248403363e-14,9.217650948079026e-12,1
3,5.989370457926135e-12,1.6764566080837429e-12,4.024739254978455e-13,0.9999991655349731,8.629684771221946e-07,1.3404319429595468e-13,3.011278726372524e-11,1
3,2.198225629301831e-11,1.953833796142224e-11,8.714795378395035e-13,0.99999737739563,2.65922039943689e-06,6.928956648895312e-13,2.9677235668934543e-10,1
3,3.156221728417563e-09,2.3104879121049746e-10,1.237265932069187e-12,0.9994513392448424,0.0005486659356392,5.3389268700465564e-11,1.7690284792593047e-09,1
3,1.0862501120811885e-08,7.433705873083341e-10,2.531169718267279e-10,0.9999642372131348,3.580218617571518e-05,4.3243389424851836e-10,7.201591323280354e-09,1
3,1.3243211860469728e-08,1.0471637446052283e-10,6.551858361403262e-11,0.9999935626983644,6.35029482509708e-06,2.6956312182413456e-10,1.851606334923872e-08,1
3,2.153286216000083e-09,3.71305286864243e-12,5.483550245821699e-12,0.9999995231628418,4.2077800799233966e-07,1.2015271590171128e-11,5.551552550997485e-09,1
3,7.384018729794661e-09,2.7290456353079584e-11,1.2850445534062782e-11,0.9999635219573976,3.641277726273984e-05,2.7090438226018415e-10,3.713185037224065e-10,1
3,8.997864142656908e-07,2.7497623969474638e-11,7.275139934925788e-10,0.999957799911499,4.1299663280369714e-05,1.1314092773773154e-08,3.929074665620647e-08,1
3,2.7956062353950983e-08,2.293453968404968e-11,2.5526067370940103e-10,0.9999845027923584,1.5406087186420336e-05,2.194429304935852e-09,4.0124728428736496e-08,1
3,6.737516144994515e-08,1.2933340509668767e-10,1.9849075716393827e-09,0.9999805688858032,1.9373583199921995e-05,4.3649567293968516e-10,2.2076584116348386e-08,1
3,2.6529752616966107e-08,4.582035445510613e-11,2.8303406840457507e-10,0.9999949932098388,4.959015768690733e-06,1.9310331111910276e-11,2.0321706539760953e-09,1
3,9.785873089640519e-08,1.166554852716217e-09,7.834915827231725e-09,0.9999876022338868,1.2327212061791217e-05,7.495267601020926e-11,8.37641334072714e-09,1
3,3.25796833955394e-09,1.6860726356759947e-11,2.7034527394498295e-11,0.9999922513961792,7.741623448964674e-06,2.806178466679965e-12,3.7173007727542284e-11,1
3,4.440070089373194e-09,2.3806016186123102e-11,3.0264180050920686e-11,0.9999940395355223,6.0071142797824e-06,2.6371110156686584e-12,6.001124597254659e-10,1
3,2.8206781355066823e-09,3.5635598638616977e-11,1.3579885826953128e-10,0.9999946355819702,5.395890184445307e-06,3.4274215410246e-11,4.770592254565996e-10,1
3,3.0072269674441543e-10,7.527310372235085e-12,4.795723713979516e-12,0.9999969005584716,3.0587352739530616e-06,7.742009073760658e-13,2.5954530191718558e-11,1
3,1.0199829869605992e-09,1.3035202084399344e-10,8.228164677381855e-11,0.9999865293502808,1.3501270586857572e-05,9.794843755517311e-12,1.6231546662304194e-10,1
3,2.928963516168892e-09,3.073494583838432e-12,1.1497134841387258e-11,0.9999041557312012,9.584835061104968e-05,4.2954705764541856e-11,2.386402186971281e-11,1
3,1.2854341202572783e-10,2.369336823092316e-13,1.963783546584177e-14,0.9999934434890748,6.609738193219528e-06,2.510564184928649e-13,1.202490797908018e-13,1
3,2.073175485450829e-11,1.3360772449337588e-13,1.6574300254739577e-13,0.9999991655349731,7.97499069449259e-07,8.770200142288119e-14,6.345912293911904e-13,1
3,1.742808952709396e-10,4.597353314012009e-13,3.520491732335318e-13,0.9999440908432008,5.5911899835336953e-05,3.9959605069306286e-11,8.194730159206964e-13,1
3,1.0000655858988239e-09,4.1075045383205676e-13,1.2129174617805938e-12,0.999976634979248,2.3422797312377952e-05,2.573488817880776e-11,2.3239637211153186e-12,1
3,7.1946548718671e-10,2.2971498835067106e-12,4.956699655757346e-13,0.9999033212661744,9.66283114394173e-05,1.4002991474693084e-11,3.170492514359413e-12,1
3,1.6872756664065847e-11,2.6111087575962644e-13,2.2995139321337066e-13,0.9999998807907104,1.486405238892985e-07,1.0242381690505308e-14,4.1963394564747963e-13,1
3,1.934440671882976e-12,3.973467130953708e-14,1.3068674831542837e-12,0.9999998807907104,8.627251446569063e-08,1.6801444675633437e-13,2.601137350215915e-13,1
3,4.683644531239262e-12,3.5047539957006046e-14,2.3558818784685803e-10,1.0,4.20897592334768e-08,7.333016030335039e-13,2.037976775184913e-12,1
3,7.419097210496425e-14,5.589287933443219e-15,5.225144969478457e-11,1.0,1.6988746409651867e-08,3.950662767846641e-13,8.409749676155377e-13,1
3,1.7010074989179393e-12,3.980075275432371e-13,1.0590937155052771e-10,0.9999997615814208,2.2430371870996169e-07,4.078007462965383e-12,1.4583671076318083e-11,1
3,4.1198568861977585e-11,2.2025302588712936e-12,9.766285558043821e-10,0.9999991655349731,8.37981076529104e-07,1.1981542147321278e-10,9.031850267682272e-11,1
3,2.881137342591877e-11,4.2675780444201283e-13,1.381885383899828e-09,0.9999994039535522,5.711675044040021e-07,8.424475700374856e-11,3.3887538608556866e-11,1
3,1.9634997794337747e-10,1.2025749319966028e-11,1.7390561879437882e-07,0.9999994039535522,4.592091329413961e-07,1.7399600649170564e-09,3.9075304103519665e-10,1
3,1.6308152744892725e-12,5.99913673425545e-13,1.2604910171187808e-10,1.0,5.048109930072542e-09,2.791141883590198e-12,9.152185086180875e-12,1
3,5.185477915115033e-12,4.116079439092646e-12,4.43172787356616e-09,0.9999997615814208,2.5415610593881865e-07,5.282092541136763e-10,5.828594273893373e-10,1
3,4.7852250162350174e-08,9.989545995958692e-11,1.3739432347392724e-07,0.9999127388000488,8.689016249263659e-05,1.3286928890465788e-07,3.2870319799371824e-09,1
3,1.1819550893577002e-10,1.3960018037384447e-11,6.873247571093088e-08,0.9999997615814208,1.3602802084733412e-07,1.753590606057287e-09,1.2353812195442517e-08,1
3,7.77255095840701e-08,5.457684304488453e-10,4.659351588998106e-07,0.9999394416809082,5.984198651276529e-05,6.933596807812138e-08,4.9787413303192813e-08,1
3,3.002390371875663e-07,3.823559524551712e-10,4.666208042181097e-07,0.9999393224716188,5.965115633443929e-05,7.176719662993493e-08,9.89746240520617e-08,1
3,5.409387160426604e-09,7.062164047999531e-11,2.7853811701561423e-08,0.9999918937683104,8.059699212026317e-06,1.6081693754443902e-09,4.894250338338679e-09,1
3,2.092633843986391e-09,7.932474122007703e-11,2.134734877756728e-08,0.999990463256836,9.557270459481517e-06,4.80417483572637e-10,2.609138016751444e-09,1
3,1.3445986546400944e-08,6.364573451600464e-11,5.6770912415515795e-09,0.9999876022338868,1.2388081813696772e-05,1.1143425765469671e-10,1.6953666248653574e-09,1
3,1.4028467276716583e-09,2.404816103196428e-11,2.5367945521992397e-09,0.9999995231628418,5.122106472299492e-07,1.529611290060351e-12,3.74769326683122e-10,1
3,2.7390216830736055e-11,3.0611338117103597e-12,7.500194215692702e-11,0.9999998807907104,6.26890326316243e-08,1.3724839915561695e-14,1.5090897281799798e-11,1
3,9.694522962178096e-10,5.067501106237327e-12,4.811088194500711e-10,0.9999997615814208,2.414572293218953e-07,3.568771526126641e-13,2.295764793547317e-11,1
3,4.4899817197574516e-10,4.298329921159638e-12,2.2028866231149635e-10,0.9999997615814208,2.7520428602656466e-07,6.221202210072303e-14,9.907295470124032e-12,1
3,1.752567091450885e-09,6.178682999263829e-12,9.731443428862008e-10,0.999997615814209,2.347719146200689e-06,1.0782130396846945e-12,3.487107824717839e-11,1
3,2.271104193596329e-09,2.8873932324952056e-12,7.799669243802043e-11,0.9999887943267822,1.121476998378057e-05,1.084092884906518e-12,8.085547856251374e-12,1
3,1.4731948994040067e-09,2.720757126539741e-11,7.754726305542191e-10,0.9999945163726808,5.468603831104701e-06,1.5289065586482353e-12,1.7218097780880015e-10,1
3,7.128022172508963e-09,2.1708265393605156e-11,3.8848355088383357e-10,0.9999823570251464,1.7693777408567257e-05,7.821142171404727e-12,1.1237494268456771e-10,1
3,3.0089639113661804e-10,6.106691541329923e-12,6.630281393360527e-12,0.9999983310699464,1.6578962913627038e-06,6.63195694650294e-14,5.7594800456639555e-11,1
3,1.1365252072792487e-09,6.136129365036379e-12,7.861533472819371e-12,0.9999951124191284,4.893558980256785e-06,2.313329378316603e-13,7.335700796806677e-11,1
3,3.5072808546310336e-10,4.821995667342316e-12,3.059529019022733e-11,0.999997615814209,2.389108885836322e-06,4.664312013881455e-13,5.304522099347509e-11,1
3,2.146386679502399e-10,8.919533406141766e-13,2.020025422974636e-12,0.9999988079071044,1.2124992281314917e-06,4.433800399853034e-14,2.98237753937336e-11,1
3,1.9838980458430908e-10,2.752717758597312e-12,9.206987386031762e-13,0.9999986886978148,1.3049119615970994e-06,8.572523150596287e-15,4.172544688235691e-12,1
3,1.0807884448515992e-10,2.2214784807690627e-13,4.611199931007365e-15,0.9999961853027344,3.846989329758799e-06,1.6134495337536726e-15,2.6718571474217134e-13,1
3,6.19844287008675e-10,2.4972066515333013e-12,1.05945241186782e-13,0.9999966621398926,3.3817025268945144e-06,5.8370497291963106e-15,2.3682388515522397e-12,1
3,1.5482727599991364e-10,3.2755140830578733e-13,9.86222618870082e-14,0.9999998807907104,1.403373346420267e-07,3.3096218933229764e-16,1.420577793852934e-13,1
3,1.0222461765962976e-09,3.714074187088912e-12,5.160134125548055e-11,0.9999998807907104,1.5868577918354276e-07,6.109549037470671e-14,5.9823305163797524e-12,1
3,7.147132191631654e-11,4.314493369777378e-13,1.6938377783715097e-11,1.0,2.3950343930323473e-08,1.4065566541891265e-15,4.655488776601768e-13,1
3,9.388170102431204e-11,6.272416397043458e-13,1.1722148859222292e-12,0.9999998807907104,1.1874978866899256e-07,1.1368849748267615e-15,2.321247848883351e-13,1
3,1.0259296190362476e-10,2.830733694322851e-13,3.7062835439583e-12,1.0,2.7832262716742665e-08,8.504260553618828e-16,1.562361622454295e-13,1
3,3.840866791282593e-10,2.5933315824649968e-12,3.101602974453499e-09,1.0,3.2683018957868626e-08,5.349466393944277e-14,1.30489976463144e-12,1
3,5.419238391368707e-10,1.7024099144280493e-12,2.2393406573506522e-10,0.9999998807907104,1.369723321431593e-07,1.8959027327670325e-13,3.666388807138654e-12,1
3,7.636723892145979e-11,7.055701942842996e-12,3.002053006184724e-08,1.0,1.084492051717234e-08,3.97814290190035e-12,6.665062252109166e-11,1
3,3.156929606618064e-09,9.521683788649147e-12,3.779402124592934e-09,0.9999996423721312,3.684838532080903e-07,4.919249903256873e-12,3.508095550164292e-11,1
3,3.119394964556932e-09,4.165673014866478e-11,1.3875014026609732e-08,0.9999997615814208,1.743626825145839e-07,1.710009564503956e-11,1.2746290134479918e-10,1
3,8.345539015408576e-08,8.231779841105791e-11,1.3763449047132781e-08,0.9999984502792358,1.41710063417122e-06,8.066036033538282e-11,4.565191003003122e-10,1
3,1.1955329171087214e-07,4.031344702504213e-10,3.2866265087250213e-07,0.9999972581863404,2.2702176920574857e-06,3.9946357333064947e-10,2.4257462705179478e-09,1
3,8.687016439523632e-09,4.3205750088759487e-10,2.4164753753552762e-08,0.999991774559021,8.21273079054663e-06,1.0409368506048011e-10,2.6130260177836813e-09,1
3,4.061641334374144e-08,3.9509664984116455e-10,4.498469508007474e-08,0.9999265670776368,7.338355499086902e-05,1.0717208231980635e-09,2.128300202741684e-09,1
3,6.392499418694797e-09,3.16149245671582e-10,1.8777434718231237e-07,0.999993085861206,6.738995580235496e-06,5.967171201604059e-11,1.5221743865367898e-08,1
3,1.4053720853723917e-08,8.351409008788834e-10,6.6257568320793325e-09,0.999970316886902,2.9628348784171976e-05,1.21743457329182e-11,1.0729729993386172e-08,1
3,2.6655597729074998e-09,4.5961418004836213e-10,1.2864513898591669e-08,0.9999957084655762,4.281217115931213e-06,1.413324839105723e-11,1.7564767418321026e-08,1
3,3.194309927678773e-09,4.9559672338217447e-11,1.6703644023507988e-10,0.999996781349182,3.20523940899875e-06,1.034174807422461e-12,9.765759312330147e-10,1
3,1.3311278301841868e-08,1.4070335174753978e-10,1.870992027974694e-09,0.9999932050704956,6.782045147701865e-06,4.410298948959168e-12,1.462832965870575e-09,1
3,3.4683317551298394e-08,1.919175041109611e-09,1.4779637957929026e-08,0.9999834299087524,1.6484602383570746e-05,4.6590314939365385e-11,1.9289119634890998e-08,1
3,1.5361147021053512e-08,1.7593670964544115e-09,1.4626791333682831e-08,0.9999829530715942,1.7041464161593467e-05,5.1895390762446425e-11,1.9043852717004484e-08,1
3,1.6140099035055755e-08,4.002679021564148e-10,3.3004945443337874e-09,0.9999545812606812,4.544868716038764e-05,6.254087525636719e-11,3.374802437505764e-09,1
3,5.09360820188931e-09,8.250058969316854e-11,4.973233380667352e-09,0.9999812841415404,1.8703063688008115e-05,3.770444026440778e-11,7.128568291214775e-10,1
3,7.972011495382958e-09,1.0459292459907843e-10,3.846192253575964e-09,0.9999889135360718,1.1127654943265952e-05,4.296039565754306e-11,3.970583029033747e-10,1
3,1.1975332370184333e-07,7.051386557987982e-11,2.06696153526309e-08,0.9999790191650392,2.0839908756897785e-05,1.8637600351922856e-09,6.735764168652736e-10,1
3,7.866971074577123e-09,8.912685867112913e-11,4.6547381060690896e-08,0.999992609024048,7.3609721766842995e-06,1.0102141345669224e-08,9.182364202331428e-09,1
3,1.3107074536833352e-08,1.0858636212418559e-10,1.1272958566621584e-08,0.999975562095642,2.4353388653253205e-05,1.1888229289880312e-09,7.812661628747719e-09,1
3,1.2059688359045141e-08,4.7076269965584665e-11,7.31346483373585e-10,0.9999876022338868,1.237587184732547e-05,9.070191819837703e-11,1.7218545478314695e-09,1
3,2.7685338466199028e-08,4.907932393827252e-11,1.6546044534493374e-09,0.9999693632125854,3.060721428482793e-05,2.034942214734769e-09,3.230968825818081e-09,1
3,1.716510933391646e-09,6.520766565598635e-12,1.8685239119853317e-11,0.9999788999557496,2.109770866809413e-05,9.831346153843512e-11,5.131724822859951e-09,1
3,1.0094538538396593e-07,9.55932555335437e-11,5.166532979217209e-09,0.99996018409729,3.9754198951413855e-05,2.3292509254702054e-08,8.341682011803186e-09,1
3,4.587585351600865e-07,3.567583173325062e-10,8.981902333005111e-09,0.999974250793457,2.5095499950111844e-05,7.09075891336397e-08,6.605920699342961e-09,1
3,6.747745828761254e-07,1.868511789737681e-09,3.7654896090089096e-08,0.9998664855957032,0.0001314424880547,1.2755244824802503e-06,2.6956975318626064e-08,1
3,2.1249022097435958e-08,9.050236116081577e-10,1.1095103502611892e-08,0.9999914169311525,8.381652151001617e-06,1.3062359194293547e-08,1.717672404311088e-07,1
3,1.8307593219191174e-09,1.6161008642434638e-10,2.6518820472887224e-09,0.9999971389770508,2.715734353841981e-06,6.197798274598654e-09,1.9464761180643109e-07,1
3,3.2997415910784862e-09,1.373074709487554e-10,1.5900324112916306e-10,0.9998847246170044,0.000115267583169,2.5047297569358307e-09,1.4509851986588274e-08,1
3,1.88987584692768e-07,2.0829176161640813e-09,3.9825167164053716e-08,0.999754011631012,0.0002450557076372,4.6028580413803866e-07,2.162952483786285e-07,1
3,8.86392683696613e-08,1.3433848478072719e-09,1.6981013928329958e-08,0.9991482496261596,0.0008506388985551,1.0003799388869083e-06,8.641979576395897e-08,1
3,2.8562823217725963e-09,1.788778986044903e-10,5.558447924158827e-09,0.9999762773513794,2.3733855414320715e-05,2.5087038224569372e-08,3.081476762645252e-08,1
3,4.395423136571708e-09,3.5544949206212087e-09,5.3940407696018156e-09,0.9999032020568848,9.62612175499089e-05,2.707917268196525e-08,4.731633964638604e-07,1
3,6.770364393560158e-07,2.8179899302926973e-08,1.2023273932015854e-08,0.976017415523529,0.0239802654832601,2.1562442498179735e-07,1.3990764955451596e-06,1
4,7.339726693089689e-08,2.179003999458473e-08,2.5666077336367055e-12,1.3317825278136295e-06,0.9999985694885254,5.643673972599572e-09,4.8268384844618595e-09,1
4,2.448605940230664e-08,4.5715317642525117e-10,8.328621538093718e-14,4.4594493431304734e-08,0.9999998807907104,1.736979171607089e-10,6.511445604928667e-08,1
4,1.2527420767405315e-10,5.412392539358435e-13,2.905572155882751e-17,6.957415199515538e-11,1.0,9.357591741407378e-13,2.761704109843777e-08,1
4,5.544464443119068e-09,7.775394911258005e-11,2.4916355057750392e-14,1.8913707933165824e-08,0.9999997615814208,1.0452944065875157e-10,2.627533035592933e-07,1
4,4.7974513250892414e-11,1.9992738020668807e-10,5.430601856193952e-17,4.6075171455939306e-11,1.0,4.988973643926808e-13,2.349031635873189e-09,1
4,8.571440085480829e-11,2.3114389569034444e-10,1.0246358377843767e-16,2.5923490784562908e-11,1.0,6.585022024191423e-12,3.430896677869555e-09,1
4,1.3308029678249509e-10,3.5536509845890407e-10,3.640542842738655e-16,8.026438541586245e-11,1.0,9.191529481977767e-12,3.105073531628477e-08,1
4,6.993857715187345e-10,2.3351245381775243e-09,1.497899628429846e-15,7.329234441577626e-10,0.9999996423721312,3.688313543470656e-12,3.435151825215144e-07,1
4,9.369098379063969e-12,2.211708594046513e-09,2.1105955043737604e-17,1.4227894036544786e-11,1.0,4.4831105922840334e-14,3.014406146917281e-08,1
4,3.407090581886152e-11,2.0736734551718428e-09,1.1576717754660357e-17,1.7313289690790157e-11,1.0,2.8627348701206624e-14,1.0024116647855408e-08,1
4,6.72537858736888e-10,6.7382348589717375e-09,9.00074256290483e-16,2.2201065430493827e-09,1.0,2.684029214161665e-13,1.0085235757628652e-08,1
4,1.3683550958987212e-09,2.309872471073504e-08,7.637698626490868e-15,3.75370623473259e-09,1.0,2.324634408579218e-12,4.150167853822495e-08,1
4,7.621029141091641e-09,6.601206337109033e-08,6.380624652767286e-14,5.411930104060048e-08,0.9999997615814208,6.4729948831554465e-12,6.746801517465428e-08,1
4,1.935048787871096e-09,8.297657005940096e-10,1.0923310418011855e-15,1.2498906354352355e-09,1.0,3.23827986994929e-13,1.1168896030255835e-08,1
4,4.304813797095797e-11,6.214407322069349e-10,1.5925106145997506e-17,2.494925446794305e-11,0.9999997615814208,1.5991943080645617e-14,2.2500151430904225e-07,1
4,2.9929270173312256e-10,1.241667657581047e-09,4.416291350036605e-16,9.32614652171537e-10,0.9999949932098388,1.0186107362588574e-14,4.955119948135689e-06,1
4,6.166535615470535e-10,1.9401991124823326e-09,2.4147736714983747e-16,8.94658958028316e-10,0.9999990463256836,3.073712820183226e-14,1.006386924018443e-06,1
4,3.1950082579612622e-09,1.477485689349578e-09,2.2297538825494538e-15,1.447624864425734e-08,0.9999998807907104,1.2104836718488526e-13,8.506257387352889e-08,1
4,1.9370800519169507e-09,1.0031087072093213e-10,1.2882342776800382e-16,2.000004428737157e-08,1.0,5.1633763047511175e-14,6.126684493068524e-09,1
4,5.623288057421405e-09,5.839790317985204e-10,2.0036397078293388e-15,5.0033282406047874e-08,1.0,5.250024590411351e-13,4.2053567739230864e-08,1
4,8.673577411855149e-09,2.0768278208294078e-09,8.503193503863523e-15,7.451097872035461e-08,0.9999998807907104,7.004769485806361e-13,4.230441064123625e-08,1
4,3.403829440529193e-09,5.709688277732994e-09,4.768561711948269e-15,6.781783667975105e-08,0.9999986886978148,2.889557896342682e-13,1.2376239055811311e-06,1
4,8.332419199064133e-10,3.079138943817838e-09,2.9301398038873807e-15,6.154253107126806e-09,0.9999997615814208,1.3819390510400045e-12,2.927626781001891e-07,1
4,1.6172493899624382e-10,9.805595918566111e-11,1.514093892529723e-16,7.964950921035551e-10,0.9999998807907104,2.537985555224609e-13,1.583394606541333e-07,1
4,1.5019583354813903e-09,2.4252702623961403e-10,4.99605972674596e-16,1.0573302233751747e-09,0.9999998807907104,2.3645451915910165e-12,1.1712478453773657e-07,1
4,1.451757186687885e-10,5.659184492551317e-12,1.0854259862017766e-18,2.4714177371265574e-09,1.0,2.0818756942442455e-14,5.704601235834161e-09,1
4,6.602871721606007e-11,6.210752832164213e-12,2.1700033884926504e-19,4.004214293473751e-09,1.0,8.976676451049204e-15,3.0951008422874793e-10,1
4,2.153494570167336e-11,1.733873634945926e-11,3.3006654525519033e-19,3.473471732462485e-09,1.0,6.5406744927663015e-15,3.690178385085119e-09,1
4,1.2569184582034154e-10,1.335484084430405e-10,5.532871737433987e-18,7.720414529899244e-09,0.9999998807907104,4.1320357644378594e-14,9.232327613517557e-08,1
4,4.360454358698362e-11,8.009077775983364e-12,3.892086084218878e-20,6.270763353022345e-10,1.0,2.074557117821732e-15,4.761886529536241e-08,1
4,1.4652681845639393e-10,9.530876955710088e-12,1.8964604467880757e-19,5.72501157591887e-10,0.9999957084655762,8.908343762095358e-15,4.283218004275113e-06,1
4,9.968356695644331e-11,9.787868215579977e-14,2.7740034985719974e-20,2.444203728302341e-10,1.0,2.629128604278788e-14,4.0323673289321966e-08,1
4,1.0412512518875872e-10,1.838827484376693e-13,1.6859619478862818e-20,5.981547201994175e-11,1.0,9.101948388783379e-15,1.1810011635304818e-08,1
4,7.155098041833341e-11,1.0907879417418333e-12,6.575130088448159e-20,6.372305461077588e-11,1.0,5.114521731342447e-15,4.920998009083633e-08,1
4,6.221165249620242e-11,2.972057669414774e-11,2.7109758901871506e-19,4.543591197725405e-11,1.0,8.344359579660291e-15,5.246611589626582e-09,1
4,2.9656050948290162e-09,1.067965627044032e-08,2.1795884885972158e-16,2.3335449128580876e-09,1.0,5.196833089728127e-13,5.374526157453374e-09,1
4,7.848220684447682e-11,8.762727765621036e-10,6.234534723067299e-19,1.0356148230639128e-11,0.9999896287918092,2.2027799912891985e-14,1.0324869435862638e-05,1
4,3.8295405041521846e-11,1.4102086165479475e-09,1.873002431796684e-18,6.841075622654458e-11,0.9999960660934448,3.37383353405437e-14,3.930945240426809e-06,1
4,7.054226092151338e-10,2.0153745339257512e-08,5.90501342942251e-16,6.141646302637582e-09,0.9999996423721312,5.580974918317772e-12,3.8206499652915227e-07,1
4,4.0223358865887355e-08,1.3524953601518064e-06,1.7039126525204322e-14,6.689462850317797e-08,0.9999982118606568,3.111359087037968e-11,4.168019813732826e-07,1
4,3.2789075898875812e-09,1.3776229934592266e-08,1.494251881042495e-16,1.235637148155888e-09,0.9999996423721312,1.4158444382184054e-12,3.62120175623204e-07,1
4,5.590135021549258e-09,1.0326412791528129e-07,7.569097533971862e-16,8.197719836289252e-09,0.9999997615814208,3.154992976941995e-12,6.94818140800635e-08,1
4,5.636161759525749e-08,4.284430588086252e-08,2.287690089108701e-15,2.3517570113540387e-08,0.9999974966049194,3.4182778135827257e-11,2.381283593422268e-06,1
4,1.2814266092675552e-08,3.9764586290402804e-08,2.631479798333777e-15,3.941638127002989e-09,0.9999979734420776,6.288855287223116e-12,1.984137043109513e-06,1
4,9.784628929310203e-08,4.079807354173681e-07,4.731406103497191e-14,1.6863706875369644e-08,0.999988317489624,4.2893889828921055e-11,1.1119088412669951e-05,1
4,2.6867054359058784e-08,7.848585426017962e-08,2.281074973548881e-14,7.522555023342647e-09,0.999996542930603,2.5274487364113085e-11,3.344096057844581e-06,1
4,2.6101764305508368e-08,2.983182980642596e-07,1.2334415173259616e-13,2.095624118680917e-08,0.9999911785125732,8.215594871074927e-11,8.44169426272856e-06,1
4,4.083230464857479e-08,4.700878832863964e-07,2.6220678731557484e-13,8.658203931588561e-09,0.9999902248382568,2.234046281301971e-10,9.344942554889712e-06,1
4,3.931918968191894e-08,6.247461215025396e-07,2.049144138876677e-13,2.954114286524145e-08,0.9999986886978148,1.188591308709519e-10,7.197644436018891e-07,1
4,1.7687199260763012e-08,7.850790950669763e-08,1.4561103516518017e-13,2.584643610248349e-08,0.9999876022338868,4.025878935776106e-11,1.2275440894882196e-05,1
4,3.8027572202281596e-08,4.660780064114079e-07,1.2697686868970437e-12,7.10405174686457e-08,0.999968409538269,4.2300857261423625e-10,3.101467154920101e-05,1
4,2.0299955494351707e-08,4.188525508652674e-07,2.0657145698849133e-12,1.9115428528948541e-07,0.9997361302375792,2.026597778481687e-09,0.0002632235991768,1
4,6.009016395580602e-09,3.884729267156217e-07,1.384428189492651e-13,1.7402660645871038e-08,0.9997132420539856,9.32897509242636e-11,0.0002863323315978,1
4,4.7392319402206346e-08,5.93235654378077e-06,4.0708124371402477e-11,1.3755467875853358e-07,0.9966501593589784,6.436942534548962e-09,0.0033437956590205,1
4,1.7908320160131552e-08,1.2687402204392129e-06,4.413229851008005e-11,4.08878207736052e-07,0.9957451224327089,1.9009933183156136e-08,0.0042532002553343,1
4,2.830435903433681e-07,3.5313340049469844e-05,9.672748713107636e-11,5.169545715943968e-07,0.9939306974411012,3.3085563178048e-09,0.0060333195142447,1
4,4.20574707504784e-07,5.175148544367403e-06,6.148130893279813e-10,1.1020180863852149e-05,0.9521074891090392,1.7078566827422037e-07,0.0478756800293922,1
6,4.5040718532618484e-07,5.730093107558787e-06,3.7756286985768384e-08,7.006507303231047e-07,0.0010715953540056,8.63001787365647e-07,0.9989206790924072,1
6,1.926702530852253e-08,1.6206902841986448e-07,6.266571705992874e-10,7.093514220457564e-09,8.459445962216705e-05,1.5126214236715898e-07,0.9999150037765504,1
6,2.94676838485941e-09,8.106805227114933e-10,1.8517664068795623e-09,5.4588863207527545e-08,1.0845292308658829e-05,1.31734353203683e-07,0.9999889135360718,1
6,3.887572042060583e-09,1.483170669613898e-10,3.726762301536901e-11,9.82226122658858e-09,2.1519108486245383e-05,4.556648747211512e-08,0.9999784231185912,1
6,3.5960368904852664e-08,2.2123032294985023e-09,2.722840841684615e-09,1.17353096129591e-07,2.801987466227729e-05,6.194955517457856e-07,0.9999712705612184,1
6,7.940407442674768e-08,1.6613579845170534e-08,7.178758032466703e-09,3.483724810848799e-07,3.076799475820735e-05,5.739042876484746e-07,0.99996817111969,1
6,1.7444148170397966e-07,1.5782630313765367e-08,7.6866033538181e-09,1.5998563185348758e-06,7.977322820806876e-05,8.488754019708722e-07,0.9999175071716307,2
6,7.106809363222055e-08,1.2239102176181405e-08,2.242091134974089e-08,1.1800947277151863e-06,1.0064017260447145e-05,2.1196294710534858e-06,0.9999865293502808,2
6,1.3448291724671438e-07,1.969747698282731e-09,9.410539902887647e-09,1.1191503972440842e-06,1.3305400898389053e-05,2.380604655627394e-06,0.9999830722808838,2
6,2.4881931182108022e-08,7.851745031928203e-09,2.312831481887656e-09,1.246328565684962e-06,1.0909020602412056e-05,3.228667821986164e-07,0.9999874830245972,2
6,1.416933859132996e-08,8.963757380797689e-08,4.2164929880961205e-10,1.3466944892570611e-08,7.434554390783887e-06,4.99191870062532e-08,0.9999924898147584,2
6,9.859799199318786e-09,1.2352019496120192e-07,2.476015226182682e-10,1.3136435272897982e-09,4.4977623474551365e-06,3.803592107942677e-08,0.9999953508377076,2
6,2.752053163135315e-08,8.58227693356639e-08,1.9112125215769993e-09,3.0852516097468197e-09,1.1765795534302017e-05,2.568648653777928e-07,0.9999878406524658,2
6,7.097971632674671e-08,3.3702278301461774e-07,1.4570474604624906e-08,8.1563520382133e-09,1.2996571967960335e-05,8.096314445538155e-07,0.999985694885254,2
6,2.8295099596675755e-10,1.3601812121066814e-08,7.609657348695009e-11,1.8250405353636976e-10,1.0018947023127112e-06,3.3492828510617305e-09,0.9999990463256836,2
6,4.7120765067631964e-09,5.090125299034298e-08,2.970479140440574e-10,1.4229238620711016e-10,7.009530236246064e-06,2.6514468842719907e-08,0.999992847442627,2
6,5.397830182829466e-09,3.772755690079066e-07,5.315479723044803e-10,3.134521808778601e-10,1.7722697521094233e-05,6.362058257991522e-08,0.9999817609786988,2
6,2.5459412356099165e-08,7.383208412647946e-06,3.0597642197705e-09,1.8349823882601866e-09,9.61614423431456e-05,3.8801002233412873e-07,0.9998960494995116,2
6,1.284925730260511e-07,1.179276114271488e-05,9.574813830681704e-09,4.0199736872637e-09,5.914910798310302e-05,7.405952260342019e-07,0.9999282360076904,2
6,6.003660502074126e-08,9.19461490411777e-06,1.1296864776966233e-08,1.6653630696694675e-09,2.6526682631811127e-05,7.344528967223596e-07,0.9999635219573976,2
6,1.0276185946622719e-07,3.7435827834997326e-05,1.8030823056847112e-08,4.954633148201992e-09,6.154139555292204e-05,7.872270089137601e-07,0.9999001026153564,2
6,2.6506878469945153e-08,2.400016273895744e-05,1.1400357102786527e-08,3.2582754272425525e-08,4.722283119917847e-05,1.0166461379412794e-06,0.9999277591705322,2
6,2.214592242921753e-08,0.0001285478210775,1.1508738850807276e-08,3.5489730265680925e-08,5.7453307817922905e-05,1.099192104447866e-06,0.99981290102005,2
6,6.3901670621646645e-09,3.768919123103842e-05,1.2846105512664964e-08,5.74523575380681e-08,1.611198968021199e-05,1.430903125765326e-06,0.9999446868896484,2
6,1.718081232837676e-09,7.567524789919844e-06,1.0815051076917823e-09,8.276753504787848e-09,3.09213510263362e-06,2.2878613492594013e-07,0.9999891519546508,2
6,1.4073013865356644e-08,1.5502409951295704e-05,7.72021913064691e-09,1.9704312848034533e-08,5.59266982236295e-06,4.98543840876664e-07,0.9999784231185912,2
6,3.4552996019954203e-09,5.326882728695637e-06,5.577972306269885e-09,1.3602367232579128e-08,2.096083790092962e-06,4.076415791587351e-07,0.9999921321868896,2
6,4.7209676168336046e-09,1.2280085002203125e-06,1.811505834226068e-09,3.359333922148266e-09,1.3744887610300791e-06,1.358273920004649e-07,0.9999972581863404,2
6,7.072028740395808e-09,1.126123152062064e-06,1.650670822250788e-09,5.364325872392328e-09,2.61491845776618e-06,1.1113354503322627e-07,0.9999961853027344,2
6,7.889630060375906e-10,7.087401172611862e-07,7.360160259040072e-10,2.634447993088429e-09,4.564158757602854e-07,4.6634486494667726e-08,0.9999988079071044,2
6,3.5090472194632127e-10,1.3688608646589273e-07,2.033547497060084e-10,1.930182236264954e-09,3.432646167311759e-07,1.8845934590672183e-08,0.9999995231628418,2
6,9.382507271116224e-11,2.0887412688352924e-08,2.288527874150237e-11,2.175586377717309e-09,8.111269949040434e-07,7.15056991396068e-09,0.9999991655349731,2
6,8.307648319272332e-11,2.312262381565233e-08,8.759320525852932e-12,6.317564693603117e-09,5.339082235877868e-06,2.5886959242882313e-09,0.9999946355819702,2
6,2.341363769531313e-10,3.486729127644139e-08,9.35322565925878e-12,7.569010307406643e-09,3.418649430386722e-05,2.103113683205038e-09,0.9999657869338988,2
6,4.84785211973815e-10,5.340663733477413e-08,2.8966612095060462e-11,2.0082726592818293e-08,9.518852311884984e-05,6.1942002638204485e-09,0.9999046325683594,2
6,2.5549442561612072e-09,1.2325951104230626e-07,1.919385657356276e-11,2.3569795359890122e-07,0.001190168550238,5.425503157852063e-09,0.9988094568252563,2
6,2.007568111750402e-09,1.3157631428839522e-07,6.918592782012567e-11,6.342671099446306e-08,7.348816870944574e-05,5.715430351216355e-09,0.999926209449768,2
6,1.5524981300529814e-09,1.597455110413648e-07,3.067948672885734e-11,4.153490706926277e-08,1.0177300282521172e-05,1.676133010164449e-09,0.9999896287918092,2
6,4.128804409475606e-09,5.355032612897048e-07,2.3716137387275177e-10,4.175531742589556e-08,9.987849807657769e-06,1.0994658516949585e-08,0.99998939037323,2
6,7.1455046324331314e-09,5.354732479645463e-07,3.305374585149678e-10,5.7345292958643774e-08,6.918343387951609e-06,1.2254965930935668e-08,0.9999924898147584,2
6,1.3634444961940773e-10,8.387783623220457e-08,2.2367310369315885e-13,5.614061993064468e-10,9.50331298099627e-07,8.913489391026984e-11,0.999998927116394,2
6,3.18090016548922e-08,7.202000347206194e-07,2.1481523504451872e-10,2.674912025213416e-07,1.8968790982398789e-06,1.6445014239252487e-08,0.9999971389770508,2
6,1.662582072015084e-09,1.966666047792387e-07,1.1198593441452688e-10,2.483222374394245e-07,8.180929711443241e-08,3.017468941379775e-09,0.9999994039535522,2
6,1.5683796483756394e-09,5.538568643714825e-07,5.1235887060796514e-11,2.032568744425589e-07,6.98987463465528e-08,6.465375790298822e-09,0.9999991655349731,2
6,4.4794432052519534e-10,1.476442150760704e-07,2.944172249746968e-12,4.0808792789448496e-08,4.1500324954313335e-08,9.450461524451723e-10,0.9999997615814208,2
6,7.079676289656334e-10,1.0376186310168126e-07,2.3667751786193847e-11,6.386720485807018e-08,1.6790403734034953e-08,4.893943916783883e-09,0.9999998807907104,2
6,6.829293242027744e-10,1.2278833594336902e-07,4.331845646077248e-11,6.219311643462788e-08,1.1788539033830148e-08,2.40387567629341e-08,0.9999997615814208,2
6,3.125574910001205e-09,5.524673269974301e-07,5.653273960071202e-10,1.836155547607632e-07,2.6665722074881163e-08,1.5307864487112965e-07,0.9999991655349731,2
6,2.406612131800045e-10,2.1787876391954347e-07,6.210659764249726e-11,1.4352856680943661e-08,4.657957131115609e-09,1.7146236430676254e-08,0.9999997615814208,2
6,9.926768296253383e-10,2.9441173410305055e-07,3.0192626176983595e-11,3.176652541014846e-08,3.964809991430229e-08,7.932237977570367e-09,0.9999996423721312,2
6,8.766426473627574e-10,2.596787282982405e-07,6.129723898601336e-12,2.2586108983091435e-08,1.5814218556897688e-07,3.6897966904092523e-09,0.9999996423721312,2
6,3.9322342604286575e-10,1.2048046471591078e-07,4.2286083488940465e-12,1.9578889620675e-08,7.893002162973063e-08,2.2643429353763622e-09,0.9999997615814208,2
6,1.255908918529336e-11,2.0354402607836164e-08,8.497004234117937e-14,5.1073620888075766e-09,8.255672412360583e-08,7.706816851360542e-10,0.9999998807907104,2
6,6.058475943149233e-11,1.0060684729751301e-07,2.913092293430064e-12,2.5104048617663466e-08,7.587846795331643e-08,1.7669666840802731e-09,0.9999997615814208,2
6,4.0203165241337047e-08,2.864744601538405e-06,4.512855866778409e-09,6.8745903263334185e-06,1.8847139244826396e-06,9.541484047304041e-08,0.9999881982803344,2
6,7.031307518445828e-07,1.2285028788028283e-05,7.7126912856329e-08,2.712137393245939e-05,3.292436986157554e-06,4.794542292074766e-07,0.9999558925628662,2
6,5.554764470616647e-07,2.365895670664031e-05,1.0921385751316849e-07,1.4304874639492482e-05,5.758674888056703e-06,5.318525495567883e-07,0.9999550580978394,2
6,1.2767604573582505e-07,6.726175342919305e-06,2.139447374815973e-08,1.2583071111293975e-05,3.117080950687523e-06,2.873637470202084e-07,0.9999772310256958,2
6,1.2139643956743384e-07,6.255710104596801e-06,2.4946363197386745e-08,6.581128673133208e-06,5.143819635122782e-06,4.236796939949272e-07,0.9999815225601196,2
6,2.693885825522102e-08,1.712852622404171e-06,1.1600232774355844e-08,9.680622497398872e-06,9.16127305572445e-07,1.0831250563114737e-07,0.9999876022338868,2
6,1.174890407185103e-09,4.284442809421307e-07,3.585599317457166e-10,3.9225363934747293e-07,2.562059080446488e-07,2.213543126572404e-08,0.999998927116394,2
6,7.769132004398215e-10,4.873420493822778e-07,7.438356597333494e-10,2.955732441023429e-07,8.159886419889517e-07,4.9552358660776015e-08,0.9999983310699464,2
6,6.672514762939841e-10,3.320127461847733e-07,4.900673200580741e-10,1.512029257355607e-07,2.407672923254722e-07,4.1665593641937455e-08,0.9999992847442628,2
6,4.149558197052983e-10,2.3259126180619205e-07,8.541695822872342e-11,3.315876426768227e-07,4.350548010734201e-07,4.439831613467504e-08,0.999998927116394,2
6,3.634647444128447e-11,3.7816047182559493e-08,2.5684634974432182e-11,5.2138034334348056e-08,2.8093278814367292e-08,3.032189255236517e-08,0.9999998807907104,2
6,2.401231991022712e-12,9.582151960785268e-09,3.314613123903132e-12,3.7726355373024496e-08,8.501339188171642e-09,1.1520446818735763e-08,1.0,2
6,1.1899509155810506e-11,3.8214889030996355e-09,1.5882437509259772e-12,1.6915711853471296e-07,1.0357317670184331e-08,2.199097126620586e-09,0.9999998807907104,2
6,4.2634909491745525e-11,1.4664741643244383e-09,1.041639691168328e-11,3.654120348528522e-07,9.044379467582075e-09,3.787384983411357e-08,0.9999996423721312,2
6,5.97117300049632e-10,2.398707010797807e-09,1.0333246758253978e-10,5.056052145846479e-07,1.3039437085637928e-08,1.542527883202638e-07,0.9999992847442628,2
6,2.8069936999775003e-11,2.7448161799004108e-11,7.078791545989116e-12,6.253963391600338e-08,8.226568315450321e-10,6.372496130779838e-08,0.9999998807907104,2
6,1.3381785263222312e-11,7.885629649262427e-12,2.4106758256259297e-12,1.8118019085022752e-08,8.54688930740366e-10,9.496169184330938e-08,0.9999998807907104,2
6,8.644856358541729e-11,8.244826349423917e-11,8.56123245213114e-12,1.8445288674229235e-07,2.2711374114692265e-08,8.20472962459462e-07,0.9999990463256836,2
6,1.376179465523153e-11,1.9440573283124877e-12,7.763191673705594e-13,1.7124243356647643e-08,2.761112671834098e-09,1.2687698358604393e-07,0.9999998807907104,2
6,3.263891587557133e-11,1.0398893551810672e-10,1.3268246093836589e-12,8.88224889195044e-08,4.516931184639361e-08,2.187448302493067e-07,0.9999996423721312,2
6,1.1261502147474898e-11,1.0966388908073552e-09,3.205245313955829e-12,9.469689388197366e-08,3.297732220630678e-08,6.395241314294253e-08,0.9999998807907104,2
6,5.857531040071029e-12,7.29005855681919e-10,4.20566836564773e-12,1.4801442205225612e-07,2.6398387475978783e-08,3.6306133210928244e-08,0.9999997615814208,2
6,4.757637426383576e-12,2.482907213163798e-10,3.9052615308232674e-13,1.1081092488041122e-08,5.5489646655360054e-08,3.845112672706818e-09,1.0,2
6,3.276766358251137e-11,9.67418478658999e-10,2.4255263596228978e-12,2.87101578066995e-08,2.1345969969388534e-07,3.2053367959861134e-08,0.9999996423721312,2
6,5.7297500077879696e-12,5.642494804725118e-10,2.887557814384989e-12,1.824188089472045e-08,2.9435049953008278e-08,5.038587325145727e-09,1.0,2
6,1.2313899899751846e-10,5.031863370419387e-09,8.914262383807879e-11,9.08629829154961e-08,1.4664199454728077e-07,4.311821655278436e-08,0.9999997615814208,2
6,1.693724674400876e-11,1.9844468290841633e-09,1.061123411361109e-11,1.852787612222073e-08,1.0398034433478642e-08,4.717991775038399e-09,1.0,2
6,9.238975695602392e-10,9.520991106626298e-09,2.9824104297304643e-10,1.6455136631066125e-07,9.329557570936233e-09,4.578438961289066e-08,0.9999997615814208,2
6,6.661633467075491e-10,5.145230907999121e-09,2.2703140756252796e-10,1.1396446097933223e-07,7.10741643317192e-09,4.0597086581328774e-08,0.9999998807907104,2
6,2.1645190084740307e-09,2.864969950167051e-08,4.594153502068821e-09,5.485237011271238e-07,9.13093867183079e-09,9.019057500836425e-08,0.9999992847442628,2
6,2.785873309818498e-09,1.7085865167132397e-08,9.379489407379538e-10,6.089121029617672e-07,1.2414463235188578e-08,5.8626930865557376e-08,0.9999992847442628,2
6,5.8066329522432625e-09,7.564200643628284e-08,8.765254300158176e-09,8.814729426376289e-07,4.229460515148276e-08,1.5579308865198985e-07,0.999998927116394,2
6,9.005816647977837e-10,1.8764408693527912e-08,4.5353065747377736e-10,8.091329561921158e-08,1.0151860863061303e-07,4.057618241404271e-08,0.9999997615814208,2
6,2.0641333087212388e-09,1.4369311429618392e-07,8.795011829931811e-09,4.072013553013676e-07,4.359402225873056e-07,1.6203159702854466e-07,0.9999988079071044,2
6,5.734955177416623e-09,5.7119454055509784e-08,9.590494620681513e-09,8.830688216221461e-07,3.254983198530681e-07,1.666999338567621e-07,0.9999985694885254,2
6,3.56792440037168e-09,4.7101121225523463e-08,9.034682335595791e-09,8.358146033060621e-07,2.119406019573944e-07,1.0454345300559e-07,0.9999988079071044,2
6,4.682922050136541e-09,4.7758881294157625e-08,2.619860994812484e-09,8.152445616360637e-07,3.02496090398563e-07,4.4455589431890985e-08,0.9999986886978148,2
6,1.531784921127155e-09,6.565113608303363e-08,2.3288557748912812e-09,4.168181533259485e-07,5.983686719446268e-07,5.2229552238713957e-08,0.999998927116394,2
6,6.509612848759615e-10,5.154348770020079e-08,1.3822233357885239e-09,7.13075166913768e-07,1.2286336641409434e-06,5.89112332249897e-08,0.9999979734420776,2
6,1.2411698058212295e-10,1.7716736522288556e-08,1.322100762202183e-10,4.021576671675575e-07,7.027795163594419e-07,2.352168415598044e-08,0.9999988079071044,2
6,1.0116928995940187e-11,1.049906606098716e-09,4.414233301802684e-12,6.917476724765947e-08,8.715502985978675e-08,1.0922341919794576e-09,0.9999997615814208,2
6,9.295295652980706e-13,8.066591838939984e-10,1.152854114255808e-11,5.3351968176684756e-08,3.5137340148594376e-08,1.813138861272989e-09,1.0,2
6,7.272148920371703e-13,1.3503968776529263e-10,2.075450922234268e-12,8.02128941046476e-09,2.045169189557328e-08,5.503981159726834e-10,1.0,2
6,4.5001762732921335e-14,4.218193502825152e-12,8.688987978558092e-14,4.875652659386276e-10,1.122041926038264e-08,1.2705782259647688e-10,1.0,2
6,4.626583743395397e-14,1.3549265008572231e-11,2.93453927607476e-13,3.9868436330081636e-10,1.2876259347649466e-07,1.7841460253631422e-10,0.9999998807907104,2
6,5.61381885462865e-15,5.790284050843919e-12,7.694541618447072e-13,1.54768253768367e-10,1.9417159435874964e-08,5.201273300947662e-10,1.0,2
6,6.169105618058017e-14,4.842726913922846e-12,2.7873151920224104e-13,7.323658346436446e-11,1.776565383693196e-08,1.2013198769089684e-10,1.0,2
6,4.282467460617508e-14,1.8674053622880216e-11,7.662505352445946e-11,2.677467969558478e-10,2.530768927755389e-09,2.555848421792461e-09,1.0,2
6,3.0986403221945624e-13,3.83715975660337e-11,3.80499000363077e-11,3.6112657308962065e-10,6.6131633502664044e-09,2.103442309220327e-09,1.0,2
6,7.80790525550107e-13,1.1532703264593991e-10,7.117370581788406e-10,7.871722162988704e-10,7.48996598076701e-09,2.613292870989881e-08,1.0,2
6,8.124065656311963e-12,3.832444583906636e-09,2.8593536427479197e-08,3.4536122850425954e-09,2.41188953253868e-08,3.553028307123896e-07,0.9999996423721312,2
6,7.35161497650294e-12,1.5331568237186843e-09,6.080120584783799e-08,2.546087118915352e-09,1.676825434060447e-08,2.0360832309052057e-07,0.9999996423721312,2
6,4.810411509230396e-13,7.16569859005034e-10,1.7312718370021685e-08,8.275338747587567e-10,3.2268550054226353e-09,1.0220678348105142e-07,0.9999998807907104,2
6,2.751279022314424e-13,3.1981656434254546e-08,2.509661044314271e-06,1.2226609058529904e-08,7.420213332665071e-09,3.567129169823602e-07,0.9999971389770508,2
6,8.4015091975434e-13,2.5858984287197018e-08,4.3764924129163774e-08,6.402110397374372e-09,1.1569243341114088e-08,1.3105119656131592e-08,1.0,2
6,1.8868913864104195e-13,4.156233579521995e-09,1.1570854496767424e-08,1.0751333157088538e-08,4.329687275372862e-09,5.4698041651590765e-09,1.0,2
6,1.2182916893192788e-13,1.914856362361661e-08,2.7953932502100546e-08,3.4737048792976566e-08,4.639356010471829e-09,5.003518666057971e-08,0.9999998807907104,2
6,3.9399744317797365e-14,6.725150658581924e-09,2.691227685147624e-08,2.1190112775570924e-08,4.223550953419419e-10,3.2985120412831754e-08,0.9999998807907104,2
6,3.5052551003921997e-14,1.2437507912466117e-08,1.8583360406054794e-09,1.9312299315288328e-08,4.2155995361170534e-10,4.6673250153617125e-08,0.9999998807907104,2
6,4.152761034353914e-13,2.9279709323759562e-08,2.775127256882115e-07,2.744690164036001e-07,5.11214348630773e-10,1.710706897029013e-06,0.9999977350234984,2
6,2.8438316697181054e-13,5.8484271647785135e-08,2.678084172202944e-07,4.514022577950527e-07,2.9903077236603787e-10,5.395601192503818e-07,0.9999986886978148,2
6,5.34794387593851e-12,5.7830582989026886e-08,1.8435764559399106e-07,4.780004587701114e-07,4.16859519125623e-10,6.729119377268944e-07,0.9999985694885254,2
6,1.1184148746012923e-10,4.44410034106113e-07,5.867141226190142e-07,7.57477664592443e-06,6.088858306441125e-09,9.616637726139745e-07,0.999990463256836,2
6,5.112919809757699e-11,2.4026775236052345e-07,1.804168618946278e-07,8.326979354933428e-07,3.9912495530813885e-09,1.1358383744664025e-06,0.9999974966049194,2
6,1.950557493302085e-10,1.843579013893759e-07,3.025388650712557e-07,5.141081373949419e-07,5.6396833869598595e-09,1.9502545001159888e-06,0.9999970197677612,2
6,3.156585548502733e-10,2.5301105210928654e-07,2.201176840799235e-07,5.512599727808265e-07,5.069327624340758e-09,8.885924103196885e-07,0.9999980926513672,2
6,1.4036881657020215e-09,3.47030066905063e-07,2.755736829840316e-07,2.0241080278537998e-07,2.3424071571298555e-08,8.843933869684406e-07,0.9999983310699464,2
6,1.7063964824481914e-11,4.746216930584524e-08,1.916953040748126e-09,3.1648902165670734e-08,3.409876603299722e-09,2.1570947694726783e-08,0.9999998807907104,2
6,8.380519889161775e-11,1.2525975812138768e-08,8.765538989097266e-11,2.759070305557998e-09,9.946298007434962e-09,3.4573703899809516e-09,1.0,2
6,6.232849739801205e-12,1.3319394476241088e-08,2.0419554935813267e-10,7.632056764350637e-09,1.6154077187024996e-08,4.255120700236148e-09,1.0,2
6,2.495504074651739e-13,2.0565746883249862e-09,3.2685777695551366e-11,4.704276967970601e-10,1.1691114742973241e-08,1.395726645370132e-09,1.0,2
6,8.700691941010072e-15,2.1800785621195473e-09,5.232176150671286e-11,9.22500964506412e-11,1.0704088282409431e-08,1.723656883889646e-09,1.0,2
6,1.975513131782813e-15,2.7986449269157276e-10,1.343866532811655e-12,2.165541400714344e-12,1.3162511081077357e-08,2.9704441684152977e-10,1.0,2
6,9.299041097148193e-16,4.0741099383012624e-10,6.204983358723548e-13,1.130270573315717e-12,1.2881338662396049e-08,2.427621714762296e-10,1.0,2
6,4.2875160310930266e-15,6.037182559426313e-11,2.3703963596653777e-13,5.517984615240057e-13,3.7899447136169335e-08,6.92463586471348e-11,1.0,2
6,2.7213529586527733e-15,8.371828924547131e-11,1.5078836616833069e-12,1.989962231455089e-12,9.280805457478893e-09,5.500672140001939e-11,1.0,2
6,1.4733100502128168e-16,3.496000017255696e-11,8.121472515765922e-14,1.3425847618982886e-13,5.3620650142249815e-09,3.2766421520502576e-11,1.0,2
6,5.313127981704886e-16,6.274732122779625e-11,4.117483806166666e-13,2.916540056338568e-12,1.7006707153655043e-08,5.632835864410879e-11,1.0,2
6,2.426069438185162e-15,2.508429575165394e-11,3.588923049805543e-13,1.2534680758624628e-11,1.1788002574064649e-08,1.230932439311161e-10,1.0,2
6,2.0952265216797494e-16,6.618264096480697e-12,3.8610672818684133e-13,1.1776859869250256e-11,2.893715267404673e-09,3.952447535926496e-10,1.0,2
6,3.339972672009874e-16,9.838995937427876e-12,7.193620428069121e-14,1.5355995988675097e-11,7.587829919941669e-09,1.5845690037874502e-10,1.0,2
6,1.0125638315758801e-15,7.962343349758595e-13,1.0320436454221149e-13,7.283784686507033e-12,3.2501096258741313e-10,1.14854625810068e-10,1.0,2
6,1.7233622230552854e-15,5.28468544966354e-13,2.1527942731421057e-13,6.371305392993687e-12,6.885654268984354e-10,9.920274324226595e-11,1.0,2
6,1.7437174412173427e-14,6.36717133011e-13,4.36475210358403e-13,1.345444502337534e-11,2.197629855871241e-09,1.9150993291194848e-10,1.0,2
6,1.0992036342011464e-14,1.1967743419535881e-12,7.325522567019904e-13,2.2866840365676208e-11,4.159039224127525e-10,6.219871839796554e-11,1.0,2
6,3.841736143480245e-15,3.6281420576211865e-12,1.4487794644524321e-12,3.1280495554897314e-11,5.76904690685609e-10,3.617812993628178e-11,1.0,2
6,3.489530950165961e-15,3.1937972232165546e-12,8.702464096566054e-12,3.794437680726404e-11,1.1601787308634923e-09,1.6682109860166603e-10,1.0,2
6,6.5608910516348935e-15,3.082735347374743e-13,8.853373763273442e-13,1.35546686721999e-11,9.681086488022571e-11,2.5685224780414014e-11,1.0,2
6,1.609095614998196e-14,7.889989117777775e-13,2.1068833255723926e-13,2.2417456779777467e-11,1.0386647097959667e-10,9.849153610741455e-12,1.0,2
6,6.267112073439843e-15,1.996367914730568e-12,1.944198491435345e-12,1.5212718584844964e-10,1.1949918832243609e-10,8.341322077498603e-11,1.0,2
6,4.227490194252904e-15,2.4010305462590642e-12,1.713172464133661e-12,6.908386085413554e-10,1.7764610962811567e-11,2.7595042570438544e-11,1.0,2
6,1.5488496173544225e-13,5.136371536429429e-11,6.255120119785795e-12,1.763654822184435e-08,6.3206928579973e-10,6.58909524164919e-11,1.0,2
6,1.7444236972887633e-13,1.1890412265902484e-11,1.7937394191508418e-12,2.3674957549957303e-09,4.579386869707491e-10,1.6966927862682724e-11,1.0,2
6,2.0098701349058334e-12,1.8490753372901736e-10,1.7674642999176978e-11,3.598938480564584e-09,3.82114695440805e-09,1.1163412555470488e-10,1.0,2
6,7.04321323485857e-11,1.539157801211388e-09,2.5597837738366986e-10,1.2132974624989856e-08,6.437144151050235e-08,8.107188254058427e-10,0.9999998807907104,2
6,1.660791171254061e-09,1.6781205758320542e-08,3.2245950354337083e-09,5.510621647886183e-08,6.376094461302273e-07,8.642262017133362e-09,0.9999992847442628,2
6,4.417494703368163e-10,1.0050399623651175e-07,6.439237143496257e-09,2.3873612420288737e-08,5.63118362606474e-07,6.063276547507712e-09,0.9999992847442628,2
6,1.101273960912863e-09,1.8861280182136403e-07,1.3259251474551093e-08,3.2158599339027205e-08,1.19384094432462e-06,2.3171631724494546e-08,0.9999985694885254,2
6,7.614436192682206e-09,3.279411657786113e-06,1.162834024626136e-07,7.671832946698488e-08,4.013052148366114e-06,2.9269894952221875e-08,0.9999924898147584,2
6,1.8416033142898414e-08,9.405977834830992e-06,4.2865959670734817e-08,4.5616733501674396e-08,6.499665687442757e-06,2.9048457861335922e-08,0.9999839067459106,2
6,8.199651091445048e-08,9.86588293017121e-06,3.4343624832899884e-08,1.8593301120972683e-08,1.6487065295223147e-05,2.837336232630605e-08,0.9999735355377196,2
6,4.250783902648436e-08,8.189639629563317e-06,2.4396884512611905e-08,2.4711932056220576e-08,6.596649473067373e-05,3.6108424694702996e-08,0.99992573261261,2
6,2.451956149229773e-08,1.1695940429490292e-06,1.0264626482126005e-08,4.44116459163979e-08,2.5886871299007908e-05,3.1529655331041795e-08,0.999972939491272,2
6,1.1290999246682532e-08,2.0176349480038883e-08,1.9192664124645376e-10,7.326076634228684e-09,4.667023858928587e-06,9.90273196777025e-09,0.9999953508377076,2
6,6.761523962950379e-08,1.3900670126076878e-07,1.0716394438503583e-09,4.47767796174503e-08,1.1674556844809558e-05,1.6498741928216987e-08,0.9999879598617554,2
6,1.2108577251979112e-08,3.569255113688996e-08,1.3076408011958307e-10,6.838551058763187e-08,4.3983222894894425e-06,1.1052440740400016e-08,0.9999954700469972,2
6,2.9451863170493198e-09,6.747412850671708e-09,1.4430317184233044e-11,1.1426839918726728e-08,6.825985678915458e-07,2.95446977993663e-09,0.9999992847442628,2
6,6.5985581443328564e-09,3.1187415316935585e-08,7.575744198629053e-11,3.8396681389940575e-08,2.1683988506993046e-06,5.3664219734628205e-09,0.9999977350234984,2
6,7.982496441627518e-09,1.9387750072041854e-08,1.997977824852448e-11,2.7365995691752687e-08,1.2779640883309185e-06,9.502725273335955e-10,0.9999986886978148,2
6,9.787762600410588e-09,4.05618720833445e-08,6.130722318697934e-11,1.3665457210265686e-08,1.8980300637849723e-06,2.6877333691999183e-09,0.9999980926513672,2
6,2.972778467835724e-09,6.176475775276913e-09,2.779054764090461e-12,3.358751499149548e-09,7.247538746923965e-07,2.0442297854472716e-10,0.9999992847442628,2
6,1.919106651371294e-09,2.4240494056471107e-09,5.73158003263491e-13,2.6919233508948533e-09,6.232456826182897e-07,6.553283610211125e-11,0.9999994039535522,2
6,2.0447139537083103e-09,1.2974873397908482e-09,4.539399455286142e-13,1.2477315847192472e-09,8.148508641170338e-07,5.789199675199086e-11,0.9999991655349731,2
6,1.026828222450149e-08,2.1243264924919455e-08,1.2606933726122538e-11,9.204287998443306e-09,2.926952902271296e-06,1.54728826973205e-10,0.9999970197677612,2
6,1.116895353980851e-09,7.984435890229236e-10,8.092266006592963e-13,4.6086959248903265e-10,2.1745363198988346e-07,2.434082969904328e-11,0.9999997615814208,2
6,4.6643582329863875e-09,4.6563402023025455e-09,9.567328179693746e-11,6.107419459056018e-09,3.182059913342528e-07,2.1486247503421646e-10,0.9999996423721312,2
6,1.2320815478972236e-09,1.2011027727965031e-09,1.7712605687725258e-11,1.5597682034851344e-09,8.851959876210459e-08,6.525509993471346e-11,0.9999998807907104,2
6,1.0283872420302488e-08,7.941139301692601e-09,1.6439802297263384e-10,2.869936066574041e-09,2.791169606553013e-07,2.1357668411603467e-10,0.9999997615814208,2
6,1.7157686826863028e-08,1.4514289325973097e-08,7.95320087565443e-10,1.7215602277076412e-09,2.1108149894644162e-07,4.3543715855243187e-10,0.9999997615814208,2
6,3.977230544904842e-09,2.5287917537752943e-08,7.634031740089141e-10,2.068553550671481e-09,9.751076390784875e-08,4.646367179894639e-10,0.9999998807907104,2
6,3.6271979864110893e-10,5.757892385105379e-09,3.9051037403758926e-10,1.4584626562008649e-10,3.6999622921030095e-08,5.198426689112523e-10,1.0,2
6,2.148125705092596e-10,2.204464610855439e-09,1.4795663305644524e-10,2.4688723287979997e-10,1.4310517215676556e-08,2.2890067619130147e-10,1.0,2
6,2.2754383099954367e-10,1.5406704800824402e-09,6.43726608476336e-12,3.06002029271113e-11,1.2238081126270117e-07,1.0241835851632075e-10,0.9999998807907104,2
6,3.0180084126252276e-11,4.6333048508984115e-10,3.291076178940644e-13,9.884910598390027e-12,6.360110660352802e-08,8.984705340830956e-12,0.9999998807907104,2
6,3.054282868286684e-11,1.609372857203084e-09,6.910708442130209e-13,1.6460012519647904e-10,4.364088823649581e-08,3.893378675012826e-12,1.0,2
6,8.797731987364442e-11,7.941701518632271e-09,1.4603686315783904e-11,1.95928659962874e-08,4.298181810469259e-09,8.29738291963089e-11,1.0,2
6,1.9324039257639924e-08,1.1281985479172365e-07,5.718825413225659e-09,6.243646453185647e-07,2.2158120671633696e-08,1.7079610614700872e-08,0.9999992847442628,2
6,3.8026701232318766e-10,5.737337271938259e-09,2.0232407763054458e-11,4.9195407747504305e-09,4.61896687564689e-10,3.036011997359367e-10,1.0,2
6,1.2493107937050496e-10,2.4638919793318333e-09,1.7254576240022246e-11,1.5402064068581467e-09,4.93121599109969e-10,5.840057326622626e-10,1.0,2
6,8.096769088528076e-11,2.4659887465361408e-09,1.5804805381103293e-12,2.4962887312796056e-10,4.179247170554845e-09,8.272478535520378e-11,1.0,2
6,1.609042933614635e-11,4.645164697336668e-09,4.596104313109306e-12,3.383673202739246e-11,2.813922650446443e-09,9.543547202506275e-11,1.0,2
6,1.1372434244316664e-10,8.567247355983909e-09,3.2028498776759395e-12,8.853381222584389e-11,1.0312103881915392e-07,6.371283362005542e-11,0.9999998807907104,2
6,9.275369805550326e-09,7.642648824912612e-08,6.937287966302107e-10,5.6395261793795726e-09,2.0283813739752082e-07,3.4911646906721212e-09,0.9999996423721312,2
6,3.217522429044273e-11,2.7062945662237325e-08,1.0658044542408152e-12,7.07141428746283e-11,8.710648202736593e-09,4.127670774622949e-11,1.0,2
6,4.3644582392587944e-10,2.4770109519067773e-08,3.3018227908743207e-12,1.479899258693962e-10,1.2169925867056008e-07,9.543746348761316e-11,0.9999998807907104,2
6,1.5256111041139775e-08,2.0821651105507044e-06,1.1906561070418322e-08,2.7655506329438143e-08,2.1442349407152506e-07,8.085260461143662e-09,0.999997615814209,2
6,4.2369467934122447e-08,2.2833542061562184e-06,1.0589145560402358e-08,2.4005618826095088e-08,2.729424579683837e-07,3.5889209382133913e-09,0.99999737739563,2
6,1.454612572615588e-07,1.307143975282088e-06,6.330424628941955e-09,8.720964217445727e-08,1.6073131519078745e-06,4.998874203465675e-09,0.999996781349182,2
6,1.9849493160251086e-09,6.251300987969445e-08,1.2302817098408522e-10,1.6990878037859147e-08,3.19272601245757e-07,1.7017617870429547e-10,0.9999995231628418,2
6,2.9559862890771166e-10,2.0592683114273317e-08,2.6110317033478655e-11,2.6219038051777943e-09,1.534160674054874e-07,6.206089808724613e-11,0.9999998807907104,2
6,3.091147893208301e-10,1.490890788602428e-08,1.5598144303963224e-11,5.58484758439448e-10,3.5932199438093455e-08,8.174932952798031e-11,1.0,2
6,1.160863766225262e-11,1.0697959185179684e-09,1.0668681649922409e-12,7.809299040761886e-11,8.886309466049623e-10,1.162206355459494e-11,1.0,2
6,7.343093689528292e-13,2.102434615292026e-10,2.328288251215657e-14,6.751114858122298e-12,9.200181588786548e-11,7.412594843492215e-13,1.0,2
6,1.0053027204096066e-12,1.3232148710073943e-10,2.212319818442263e-13,3.494220190969344e-11,4.5641854878875066e-11,2.072472185185581e-12,1.0,2
6,2.6701354343718064e-13,6.853693307329323e-11,5.4088987147982585e-15,2.4469766490842204e-12,4.088922256340055e-11,1.4751315945658874e-13,1.0,2
6,2.5207930361148545e-12,1.3641197893488055e-10,1.7120576874599116e-13,2.2865837695507096e-11,4.4078334732189355e-11,2.0914418200762563e-12,1.0,2
6,5.114042002374308e-12,1.0649175985477656e-10,6.40326685988693e-14,1.9921318067384064e-11,3.9647677502197e-11,1.9201081696840205e-12,1.0,2
6,9.0220002692612e-13,7.595421687434099e-12,3.646354441668885e-15,1.1612667424887311e-11,1.827227822173705e-12,5.219618953635625e-14,1.0,2
6,3.497572240510061e-12,9.814878076941368e-11,8.097776599659892e-14,1.0985661165474614e-11,1.6457869789210378e-11,5.095345261170449e-13,1.0,2
6,6.262960527796124e-13,1.5557891086537268e-10,1.1684240814463512e-13,3.3120979917033995e-12,5.4037204398615915e-12,1.513320501897453e-12,1.0,2
6,2.017275756160952e-11,9.805747186453218e-11,3.4547807323259687e-12,1.2448384337226948e-11,9.226694061559291e-12,3.93835034029344e-11,1.0,2
6,9.31926584513132e-12,1.0550589915614415e-11,6.399850809891973e-13,7.900248163994483e-12,1.065782011255845e-12,1.4291918343234398e-11,1.0,2
6,1.3104950284670291e-11,1.2944734260195156e-12,3.278789728871495e-13,1.5638470336407084e-12,2.9532333609832984e-12,2.1995818361153496e-11,1.0,2
6,1.4075067500396443e-11,6.520117562178185e-13,3.100674014419602e-13,1.5590551852989742e-12,7.991799496481766e-13,1.3244438532011849e-11,1.0,2
6,5.6331904418893686e-11,6.0453148563455175e-12,5.275188922834739e-13,7.976878706184019e-12,2.5338854278689205e-12,1.5410717840724786e-11,1.0,2
6,7.594204778915703e-12,9.79676409440522e-13,6.250546141870622e-14,6.886050974222457e-13,5.053735750194799e-13,1.5065238553185756e-12,1.0,2
6,6.331231979656016e-12,2.265032258974564e-11,4.2197826179493636e-14,2.5016913453995704e-12,3.972426120685269e-12,1.0510353438270004e-12,1.0,2
6,2.78517105212206e-11,4.608908255043786e-10,5.88932277511417e-13,6.7644557490142976e-12,7.140850410980448e-11,8.188004961551254e-12,1.0,2
6,1.0841634881519902e-11,1.2541964133916395e-09,2.700445661356355e-13,3.533263091826111e-12,6.526407192453121e-11,4.1722719029690936e-12,1.0,2
6,6.140382798579258e-13,3.9758560332892046e-10,1.2448627232394902e-14,3.174162050822299e-13,1.0342852442557504e-11,6.327872253963919e-13,1.0,2
6,7.190600198603292e-11,2.083359618154645e-08,7.164567875604655e-13,2.376912468932124e-12,6.643717798127112e-10,1.5863978533592338e-11,1.0,2
6,7.985011957201138e-11,5.799853930454901e-09,5.042778260938574e-13,2.8218352134123936e-12,1.5796752794727807e-09,2.458922301884492e-11,1.0,2
6,2.62519259802696e-12,9.89800515854844e-12,3.1581494265852128e-15,3.317677621343662e-14,2.5514913098989567e-11,2.432337317670452e-12,1.0,2
6,1.077426776269208e-11,1.768119262113288e-10,1.8124453133927304e-15,4.410071957681831e-14,5.257555155124827e-11,4.793869836684783e-13,1.0,2
6,7.634047838322998e-10,1.4256873015483508e-08,3.9495926603023984e-13,8.398016982345824e-13,3.3651277320245754e-09,2.2124278103996528e-11,1.0,2
6,5.555005344604068e-10,6.259879725689643e-09,1.5609318308393297e-13,5.712287739177703e-13,3.7678998809909103e-10,2.978797980848769e-12,1.0,2
6,4.123472674422146e-09,5.001468039722568e-08,2.6809132171179417e-13,9.851365600013762e-13,7.771728149919e-09,3.3297260348258417e-12,1.0,2
6,1.4164545802941578e-07,9.575646799930837e-07,1.3548630099780024e-11,1.031315397664878e-11,7.357753872838657e-08,5.5224262662800776e-11,0.9999988079071044,2
6,4.1086675395263235e-08,1.649955976290585e-07,1.5802421220525997e-12,1.2052612597193701e-12,4.838434009002413e-08,1.0000494356232624e-11,0.9999997615814208,2
6,4.0123644851064455e-08,3.620749282617908e-07,8.514790435232289e-12,3.875743042475177e-12,4.628715188914612e-08,5.922420887038982e-11,0.9999995231628418,2
6,4.474963066769533e-09,2.9308271365380282e-08,2.649775743875788e-13,3.753676785633181e-13,3.803044279493406e-08,9.556347033146118e-12,1.0,2
6,1.3243416363550862e-09,1.1885170181358262e-08,2.494671136332727e-13,5.371666111052277e-13,4.1273150230836115e-08,1.0334117242494225e-11,1.0,2
6,9.263646516544101e-10,2.4442514678924e-09,6.646099686216655e-14,5.308536813256048e-13,1.3096898676678848e-08,2.991232695565005e-12,1.0,2
6,4.670571152054491e-10,3.052952113336005e-09,8.814615839536703e-14,2.9840509945845695e-13,8.983246146954116e-09,2.1723714407201333e-12,1.0,2
6,3.2993416887450167e-09,9.09146180561038e-09,3.89654156380051e-13,1.0715484489304261e-12,3.3360834095219616e-08,8.662173409113016e-12,1.0,2
6,1.1582832609713377e-10,1.0521997856338672e-10,2.9261152962450916e-14,1.934129939540341e-13,2.276177690774261e-09,1.4223924772391316e-12,1.0,2
6,2.2882602757068327e-10,4.38507985478509e-09,6.192553522917088e-14,3.8094156193206613e-13,2.3537554127983643e-08,3.4970186468807896e-12,1.0,2
6,2.2654696174573274e-10,1.1291626522691443e-09,6.222509351316506e-14,1.095625434995029e-12,3.5700187250853324e-09,2.351094362598727e-12,1.0,2
6,4.010929435804833e-11,1.4505255330199418e-10,2.7610529693741087e-14,1.1425866763142833e-12,5.748945208772226e-10,1.39746666929369e-12,1.0,2
6,4.059439590031744e-11,2.972885132512815e-11,1.8513055332985102e-14,4.758106343823176e-13,2.6091565019648044e-10,1.5999619164264178e-12,1.0,2
6,2.011312123795239e-12,1.2027958490312685e-11,1.3212980446634763e-14,2.3140557937721684e-13,1.6334995855959988e-11,3.745967023984637e-13,1.0,2
6,1.6049210571633663e-10,9.001933226615577e-11,1.1541155943255166e-13,3.898951907860271e-12,2.6208776815472845e-10,6.975439106535197e-13,1.0,2
6,2.2727666970645544e-10,4.343578621779365e-11,3.113872549566355e-13,6.266452634573483e-12,6.225144844052011e-10,3.1866781349115807e-12,1.0,2
6,5.6790721431054785e-11,7.07944076625e-12,1.0135850356729135e-13,1.7252987233318253e-12,5.516043177777874e-11,2.544098612333734e-12,1.0,2
6,7.607531271602852e-11,2.7867105324708152e-12,4.787747889117844e-13,4.442927796499685e-12,1.0614654988305716e-11,5.031069744837469e-12,1.0,2
6,2.550028244119318e-10,1.55487758085604e-11,2.247091401841317e-12,7.215821690165214e-12,2.449845187824096e-11,1.27412802530813e-11,1.0,2
6,3.08112951818984e-10,1.838636361217727e-11,5.780305704569666e-13,2.804482557641763e-12,1.5170869768765805e-11,2.390661670362282e-12,1.0,2
6,2.26201418707106e-11,1.7077632710749137e-12,1.0699120490389667e-13,3.7335908561857145e-13,2.6563805408802432e-12,8.591432686805289e-13,1.0,2
6,2.3012158845148176e-10,1.42454437135342e-10,2.4770582720407e-12,1.0771986601321169e-11,6.514715850114428e-11,3.340897003489829e-12,1.0,2
6,1.936694832282981e-10,6.95141930129317e-11,3.3010738240135677e-12,4.501940920748071e-12,2.029359874589076e-10,1.1694598414657698e-11,1.0,2
6,2.1066713911527257e-12,1.197240115206888e-12,2.1962092517854859e-13,4.2213384480668803e-13,1.2947129262794177e-12,1.2127907185466302e-12,1.0,2
6,2.9072091956017228e-12,2.0218790183768043e-11,3.034884084492096e-13,1.6331031579136512e-12,3.9412962477003426e-11,8.100592137176565e-13,1.0,2
6,8.283002105383129e-13,1.0213282043008977e-13,2.058704599752336e-14,8.340195396285e-14,3.1608359592899538e-12,5.210539573592687e-13,1.0,2
6,5.26727641537994e-13,2.8636538669871153e-13,2.188779934275448e-15,6.21383912206841e-14,5.274668722632381e-12,4.76133618209501e-14,1.0,2
6,5.0387909990290406e-12,3.9252151876056907e-13,2.4589703577905343e-14,2.685679369868188e-12,1.842346934732841e-11,3.5495247691606786e-14,1.0,2
6,9.151168321383518e-13,1.5130001201554832e-12,4.105260057711438e-16,7.166331330438204e-13,3.812850729589812e-11,9.369400947703056e-16,1.0,2
6,8.196708936591968e-12,9.278525864298004e-12,1.9816351047607407e-14,5.499851876006323e-12,5.616529116792002e-11,7.51225186115638e-14,1.0,2
6,1.7910678495880458e-10,4.25760315891921e-10,8.173520996308803e-13,3.178484905830281e-11,1.4504544232352146e-09,1.7180415076700761e-12,1.0,2
6,7.249301419570697e-12,1.5232993755276423e-09,4.9811890723283625e-12,1.1360137656957203e-11,8.210231799976597e-11,3.772383013606051e-12,1.0,2
6,1.2810624956671737e-12,5.7888982496479e-10,2.4853414465342283e-11,6.2877879986045215e-12,6.63164870240429e-11,3.212567711852188e-11,1.0,2
6,1.2445415357997812e-11,4.17203528668697e-11,1.3233832432679726e-11,9.588134106119917e-12,5.711497941263133e-11,3.570442119044115e-12,1.0,2
6,1.842560175616126e-12,9.26156503919251e-13,8.456335458262298e-12,4.082094037793915e-12,4.433066327219626e-12,1.7922175245613237e-12,1.0,2
6,2.8299107848739347e-11,5.723214870773097e-13,3.470266518590392e-09,3.131626902241891e-10,8.114966337791074e-11,3.4482521005241296e-11,1.0,2
6,7.56296284279423e-13,9.723635335497431e-14,2.043407630603067e-11,1.9054029187781648e-11,1.044568685021341e-11,3.10710929641439e-13,1.0,2
6,4.3019774409458484e-08,3.011344507086733e-09,1.749680632201489e-05,4.1721790466908725e-07,1.0895067248384295e-07,3.411461113600467e-09,0.9999818801879884,2
2,0.0002952664508484,1.1621343219303526e-05,0.995044469833374,0.0004352914111223,1.6414912806794746e-06,1.1203881911114877e-07,0.0042115072719752,2
2,1.4272932276071517e-06,2.214889249785301e-08,0.9999603033065796,4.13525958720129e-06,6.223512372116602e-09,3.376690926870651e-08,3.4055105061270297e-05,2
2,2.4924743158294405e-08,1.105775648824192e-08,0.9999842643737792,9.294384653912855e-06,5.145019965624441e-10,3.481581911657372e-09,6.411006324924529e-06,2
2,8.230869639191951e-07,1.9547073293324505e-08,0.999987006187439,1.0328190910513513e-05,1.0548651951935992e-09,3.575253204601836e-09,1.8183616248279575e-06,2
2,2.1267766214805306e-08,3.515540969445396e-09,0.9999958276748656,3.641271860033157e-06,9.166530035020769e-11,1.1547233169650895e-09,5.13017312187003e-07,2
2,1.3787305306323103e-06,1.1724328885520666e-07,0.9996349811553956,0.0003588169929571,1.0993508325896071e-08,6.449582534706622e-10,4.607674327417044e-06,0
2,6.789572921661602e-07,4.943994014183773e-08,0.9999109506607056,8.491719199810177e-05,3.422238936678923e-09,8.96529128713297e-10,3.2841858228493948e-06,0
2,8.666312965033285e-07,2.3824635775326897e-07,0.9996322393417358,0.0003494473639875,1.641964786358585e-08,2.153678124727776e-09,1.7224414477823302e-05,0
2,3.04057472533259e-08,3.1235160236064985e-08,0.9999672174453736,2.915423283411656e-05,7.62195473402727e-10,3.0050062438391482e-09,3.56663326783746e-06,0
2,1.7574150490418108e-07,6.121699414052273e-08,0.9999313354492188,5.2445862820604816e-05,5.4874744748190105e-09,2.2287883538751885e-08,1.584100209583994e-05,0
2,3.0077147439300234e-09,6.606117874952133e-09,0.9999849796295166,1.2648752999666613e-05,2.3995319620162547e-10,1.6836034788525467e-09,2.386013875366189e-06,0
2,2.0462890049088852e-08,2.747569505245906e-09,0.9999866485595704,1.13054311441374e-05,4.69158878413367e-10,4.836651523731916e-09,2.0710876924567856e-06,0
2,8.215920388465747e-07,2.17760938170386e-08,0.9997054934501648,0.0002906572772189,2.2903130059148683e-08,2.59122376888854e-08,2.958488948934246e-06,0
2,1.5216641031656764e-06,2.4044405577683392e-08,0.9987192153930664,0.001270959735848,8.447181443216324e-08,6.760844684094991e-08,8.219702067435719e-06,0
2,1.1642139696732556e-07,7.541475888217521e-09,0.9989159107208252,0.0010736053809523,3.547900107037094e-08,3.865124398316766e-08,1.0326165465812664e-05,0
2,1.749171190112975e-07,5.683250536847595e-10,0.9999758005142212,2.083111940009985e-05,5.537979408387628e-09,3.702720050569042e-07,2.709036380110774e-06,0
2,8.457120515004135e-08,5.016544402103307e-10,0.9999954700469972,2.860146651073592e-06,1.1714046399546874e-09,7.898119491756006e-08,1.456633981433697e-06,0
2,2.755967720702301e-08,1.2414983485697915e-09,0.9999921321868896,6.0301367739157286e-06,6.77692235662164e-10,6.00487481960954e-08,1.787395603969344e-06,0
2,2.4534855924684962e-08,1.3761014550084383e-09,0.9999765157699584,1.8557017028797414e-05,8.817536700789218e-10,1.333159360683567e-07,4.7919011194608174e-06,0
2,4.7558494919996974e-09,2.506873597596382e-09,0.999992609024048,5.7635388657217845e-06,2.961986489413704e-10,1.5615547743763612e-09,1.7122715689765755e-06,0
2,8.641934390318794e-10,1.9054269273510727e-09,0.999996304512024,2.66359097622626e-06,7.706873333956921e-11,7.058509332580343e-10,1.0277101409883471e-06,0
2,4.8054720203083434e-09,8.220800151725881e-10,0.999996542930603,2.569799562479602e-06,9.124323518960864e-11,1.3265870624223908e-09,7.857733521632326e-07,0
2,4.411392140468706e-08,2.425648126802571e-09,0.999987244606018,1.00381903394009e-05,3.5111266671883357e-10,1.2455718678694436e-09,2.780535396595951e-06,0
2,9.546852197672706e-07,1.2777657154572353e-08,0.9999788999557496,1.5349642126238905e-05,4.168435818741045e-09,8.666184214689565e-09,4.766943220602116e-06,0
2,3.6103026559430873e-06,6.569850796722676e-08,0.9999229907989502,4.7373399866046384e-05,1.6377999401129273e-08,1.3269937149118505e-08,2.600801599328406e-05,0
2,3.0759686069359304e-06,3.1617605600331444e-07,0.9998607635498048,5.8955902204616e-05,2.4680227639350963e-08,4.42428209623813e-08,7.681199349462986e-05,0
2,5.892972694709897e-06,3.140184787753242e-07,0.9999160766601562,4.807409641216509e-05,3.5581102508785996e-08,1.4455610930497189e-08,2.9592096325359307e-05,0
2,5.002279408472532e-07,1.065456203264148e-07,0.9999433755874634,4.711385918199085e-05,2.838364432378171e-09,2.568487422749399e-09,8.939354302128777e-06,0
2,4.850493951380486e-06,2.2498700502637806e-07,0.9999476671218872,3.603544973884709e-05,5.009815673417961e-09,8.048700372853546e-09,1.1210608136025256e-05,0
2,1.7634847893077676e-07,2.1322005494539556e-08,0.9999946355819702,4.154244834353449e-06,2.7848176542555336e-10,1.879181033004329e-09,1.1156754453622852e-06,0
2,2.1434293273614458e-07,6.831577792354437e-08,0.9999823570251464,1.3986536032462029e-05,4.020265786941479e-10,9.843694748212783e-10,3.3786307085392764e-06,0
2,4.916049078929063e-07,2.0141639467397e-08,0.9999880790710448,8.765874554228503e-06,1.2414407002392378e-10,1.08760633832361e-09,2.6576292384561384e-06,0
2,8.540702367554331e-09,1.5922658747058452e-08,0.999994158744812,5.023566700401716e-06,6.348624403962333e-11,2.9356689301707206e-10,8.272700142697431e-07,0
2,1.2033655183429912e-09,4.5692658545704035e-09,0.9999994039535522,4.765342964674346e-07,5.515037645315024e-12,3.35056010714041e-10,1.0212917089802433e-07,0
2,8.157351238935462e-09,4.807089837299827e-09,0.9999994039535522,4.159201694164949e-07,6.828737228459225e-12,7.156557013665577e-10,6.450796519175128e-08,0
2,4.4284126943239254e-07,2.9413580904247283e-08,0.9999990463256836,3.1846718684391817e-07,9.926694882755882e-12,5.5246460739510894e-09,1.7538421559493145e-07,0
2,1.6649173630867151e-06,2.0165009217976152e-08,0.999997615814209,4.663090180656582e-07,9.786138045753123e-12,9.25981336052928e-09,2.324036074696778e-07,0
2,3.265106215621927e-06,7.365745346987751e-08,0.999995231628418,7.009322757767222e-07,1.092519824608118e-11,1.3716468849622744e-08,6.789950930397026e-07,0
2,7.479489028128229e-08,1.4316300145367222e-08,0.9999996423721312,1.2479213751248608e-07,1.714050993154026e-12,1.2871633536803984e-08,1.0337742395449825e-07,0
2,7.269346679095179e-05,1.1716777237325005e-07,0.9999223947525024,1.770722633409605e-06,5.803373337442962e-10,2.581224691766693e-07,2.770426817733096e-06,0
2,4.165275640843902e-06,1.0517128146148025e-07,0.9999876022338868,5.21181073054322e-06,5.642833977859141e-10,2.93492888658875e-07,2.5780557280086214e-06,0
2,0.0001464868837501,1.9179817911663122e-07,0.9998469352722168,2.6866189273278e-06,9.269209289008983e-10,3.364269502981188e-07,3.352366547915153e-06,0
2,1.679533852438908e-06,2.214213594697867e-07,0.9999933242797852,1.2364091617200756e-06,8.253889932641201e-11,2.886725098960597e-07,3.179678287779097e-06,0
2,4.834386345464736e-06,2.2282256395556037e-06,0.9999840259552002,3.3014596283464925e-06,2.6501162375680565e-10,2.278290367030422e-06,3.347605570525048e-06,0
2,6.3282650444307365e-06,4.770974555867724e-06,0.9999754428863524,2.419814563836553e-06,2.8930022266671074e-10,1.898466734928661e-06,9.184225746139418e-06,0
2,1.7105253391491718e-07,2.8182153073430527e-06,0.99998939037323,2.3593311198055744e-06,5.3099045993487686e-11,5.872558972441766e-07,4.755614099849481e-06,0
2,0.0050108591094613,2.048585520242341e-05,0.9947983026504515,0.0001009786792565,7.573425442330972e-09,2.07620450964896e-06,6.718885560985655e-05,0
0,0.9992709755897522,3.614124750583869e-07,0.0007256249664351,2.693714577617357e-06,9.295148650778629e-09,1.0272717787529473e-07,1.7680044095413905e-07,0
0,0.9992111921310424,6.225271249604702e-07,0.0007865661173127,1.1863943427670165e-06,1.2467847199104654e-08,1.586096374239787e-07,1.5807130182565746e-07,0
0,0.9996516704559326,7.386568654510484e-07,0.0003438822168391,3.273632501077373e-06,5.658984036926996e-08,2.517869859275379e-07,1.1805678923337837e-07,0
0,0.9993707537651062,2.0559991753543727e-06,0.000622276624199,3.989633114542812e-06,9.001981027267902e-08,5.741129598391126e-07,1.8380228539172094e-07,0
0,0.999932050704956,1.7971897250390612e-06,5.6863344070734456e-05,8.708632776688319e-06,1.3248923380615454e-07,1.8648263733211934e-07,2.425731793209707e-07,0
0,0.9999654293060304,8.874582704265777e-07,3.0251288990257308e-05,3.2570223993388936e-06,6.197463164880901e-08,7.431141568758903e-08,7.486026731839956e-08,0
0,0.9999840259552002,7.052270234453317e-07,8.561750291846693e-06,6.525970547954785e-06,8.563162623431708e-08,4.04377082929841e-08,4.66327314541104e-08,0
0,0.9999932050704956,4.880111532656883e-07,3.719377673405688e-06,2.657424829521915e-06,1.5668732089579862e-08,9.924456811916116e-09,3.0983432708353575e-08,0
0,0.9999905824661256,2.504017970750283e-07,8.029866876313463e-06,1.1165257092216052e-06,8.832393483260148e-09,2.065157111985627e-08,1.6178899997498778e-08,0
0,0.9999938011169434,7.388882039549571e-08,5.566054824157618e-06,5.194175969336357e-07,4.301197620293351e-09,4.244389018026595e-08,2.863980608225347e-09,0
0,0.9999947547912598,1.1295338708805502e-07,3.0185126433934784e-06,2.1258256310829893e-06,1.966247076268246e-08,2.4250288888083563e-08,3.431624762129104e-09,0
0,0.9999920129776,1.1891918205719777e-07,5.929786652814073e-07,7.236411420308286e-06,3.7689083853820193e-08,7.075223962260679e-09,8.69762484256853e-10,0
0,0.999996781349182,8.849535504396044e-08,3.794415022184694e-07,2.820411509674159e-06,7.677672719808015e-09,3.283497918005196e-09,9.464288242000407e-10,0
0,0.9999771118164062,2.1488295942617697e-07,2.973105665660114e-06,1.9516901375027373e-05,6.553510445428401e-08,1.1135203870082933e-08,2.15794559998983e-09,0
0,0.9999947547912598,1.363888344485531e-07,6.378175498866767e-07,4.548851393337827e-06,5.22921368428797e-08,4.993460755997603e-09,2.2466417615163436e-09,0
0,0.9999629259109496,2.4344578264390293e-07,1.9392891772440635e-05,1.7117889001383446e-05,1.5339357162247325e-07,1.9737943546260797e-07,8.933840334179877e-09,0
0,0.9999738931655884,1.5521260365858325e-07,2.353394665988162e-05,2.010086518566822e-06,5.876627540146728e-08,3.371631294157851e-07,1.0848960840803556e-08,0
0,0.9998672008514404,3.511457009608421e-07,0.0001292134984396,2.712167088247952e-06,3.3952787248381355e-08,4.245781042300223e-07,1.0913075954022133e-07,0
0,0.9998888969421388,1.4356837709783576e-06,0.000105285886093,2.666489308467135e-06,8.006539076177432e-08,6.951662498977385e-07,8.727765816729516e-07,0
0,0.9999886751174928,7.664779673177691e-07,6.807379691053939e-07,4.357840452939854e-07,1.6819519998989565e-07,3.5237210482819143e-08,9.30659552977886e-06,0
0,0.9999845027923584,1.6360422705474778e-07,1.4649647710029969e-05,4.546442937680695e-07,3.6719578488941806e-09,6.99169291351609e-08,1.899162072049876e-07,0
0,0.999996542930603,4.876475223625221e-09,3.3787205211410765e-06,6.696089371871494e-08,3.0356772651174424e-10,2.5100328926441762e-08,6.728678725309577e-10,0
0,0.999997854232788,1.8542756663464388e-08,1.970508947124472e-06,7.510181632142121e-08,4.0270609069636976e-09,2.815394495314649e-08,2.215055916465758e-09,0
0,0.9999507665634156,8.065775887189375e-07,4.64943987026345e-05,1.456515974496142e-06,1.4408965398615694e-07,1.6007815872853828e-07,2.7563231697058654e-07,0
0,0.9999991655349731,8.1830648923642e-08,5.836075160914334e-07,1.7625228565520956e-07,2.4984267987804287e-09,1.449623532323585e-09,4.0995690397949154e-08,0
0,0.9999289512634276,4.91333082663914e-07,7.020077464403585e-05,2.524691069538676e-07,4.322432189951542e-09,6.019459419803752e-08,8.609375434787125e-09,0
0,0.9999520778656006,3.316717425150273e-07,4.570693272398785e-05,1.3272310752654448e-06,1.0665125671494025e-07,4.025121995709924e-07,3.1653183185653695e-08,0
0,0.9999504089355468,1.9389892713661538e-07,4.664071093429811e-05,1.4244765225157607e-06,1.3061058723451424e-07,1.1201292409168673e-06,4.6291500410688975e-08,0
0,0.9999637603759766,1.954323778363687e-07,3.088665835093707e-05,4.036465270473855e-06,2.2705106061948757e-07,4.155861859089782e-07,4.208733059840597e-07,0
0,0.9999362230300904,2.0123611932376667e-07,6.212676817085594e-05,9.304913533014768e-07,1.6001104441443204e-08,1.6736764507641058e-07,3.165906719004852e-07,0
0,0.9998793601989746,1.6503720416949363e-06,0.000102410922409,5.95598976360634e-06,2.194534772570478e-06,7.280591489688959e-07,7.764246220176574e-06,0
0,0.9998366832733154,8.899152135199984e-07,0.0001541648671263,3.927530997316353e-06,5.308567665451847e-07,1.3535841389966663e-06,2.4068053789960686e-06,0
0,0.9999951124191284,1.2710628993772843e-08,4.681854079535697e-06,1.675378342724798e-07,2.5016018145862517e-09,6.533296925681499e-08,1.2720208886207729e-08,0
0,0.9999947547912598,1.3380256014272618e-08,4.437324150785571e-06,3.742783860616328e-07,6.834540045019821e-09,8.183294397667852e-08,2.889015604523593e-07,0
0,0.9999837875366212,4.3274703820372914e-09,1.4975691556173842e-05,4.023322901502979e-07,3.200263165581418e-09,2.525874549519358e-07,5.426363145488722e-07,0
0,0.9999871253967284,5.8140665615269435e-09,1.132118904934032e-05,9.591454954716028e-07,6.431536192508247e-09,2.2061165338982394e-07,3.481256669601862e-07,0
0,0.999990701675415,9.685697577310748e-09,6.919267889315961e-06,1.4434663171414286e-06,4.5037204188247415e-08,7.352549005190667e-07,2.1041932996013202e-07,0
0,0.9999895095825196,1.905791968681569e-09,8.064284884312656e-06,1.0678526223273366e-06,2.9051557604020672e-08,1.3626701047542156e-06,2.5073498832739464e-08,0
0,0.999993085861206,9.951669488472703e-10,3.709918246386224e-06,3.002122355155734e-07,3.2559352547423266e-08,2.8728159122692887e-06,2.3494184375749683e-09,0
0,0.99998676776886,2.5659743219108573e-09,5.571974725171458e-06,7.77178797761735e-07,2.68436252781612e-07,6.566605861735297e-06,4.293888355988429e-09,0
0,0.9999747276306152,2.7723690010361682e-08,1.886399695649743e-05,2.135009026460466e-06,3.025661499123089e-07,3.962205482821446e-06,1.9102555981476144e-08,0
0,0.9999936819076538,1.8854549033164862e-09,3.5016694255318725e-06,4.610851078723499e-07,6.000327346100677e-08,2.22735707211541e-06,1.7852626044145834e-09,0
0,0.9999921321868896,3.4025087192190995e-09,4.7157395783870015e-06,1.5061287967910175e-06,6.333176116868344e-08,1.4708521121065132e-06,4.0012664292987665e-09,0
0,0.9999837875366212,1.0993143062520971e-09,4.701621946878731e-06,8.747811079956591e-07,1.1610144667884017e-07,1.046547004079912e-05,1.942895799800226e-08,0
0,0.99998676776886,1.621107914573372e-09,3.780822908083792e-06,7.419627650051552e-07,1.46408410728327e-07,8.556868124287575e-06,1.522156090061344e-08,0
0,0.99992835521698,1.6422319504272312e-08,3.838133125100285e-05,2.427383151371032e-06,2.8231906412656826e-07,3.052055762964301e-05,3.094262623903887e-08,0
0,0.9999865293502808,2.1963652230283518e-08,1.044919372361619e-05,8.602804655311047e-07,3.990180275081912e-08,2.0803954612347297e-06,5.5000271004246315e-09,0
0,0.9997071623802184,1.384472170684603e-06,0.0002818519424181,6.698916422465118e-06,3.4663040082705265e-07,2.322622322026291e-06,2.691311067337665e-07,0
0,0.999397039413452,5.169055839360226e-06,0.0005802566302008,1.4054877283342648e-05,2.1675336370208242e-07,1.7814696775531047e-06,1.5236701074172745e-06,0
0,0.9996228218078612,3.860474862449337e-06,0.0003627362893894,5.5024884204613045e-06,1.5574103429116806e-07,1.2771706678904593e-06,3.6721025935548815e-06,0
0,0.9998852014541626,1.713427081995178e-06,0.0001055330067174,6.5434346652182285e-06,1.8966044024182338e-07,3.289105166004447e-07,4.1288788565907453e-07,0
0,0.9996519088745116,9.331709406978916e-06,0.0003081626782659,2.7066496841143817e-05,1.4079305401537567e-06,1.008420667858445e-06,1.0879031151489471e-06,0
0,0.9999079704284668,1.7825420854933327e-06,7.659514812985435e-05,1.2386859452817587e-05,4.4652205133388644e-07,7.253424314512813e-07,9.313878734928949e-08,0
0,0.9999221563339232,6.066750756872352e-06,6.114855204941705e-05,9.295562449551651e-06,4.20726195216048e-07,4.413430190197687e-07,3.673553692351561e-07,0
0,0.9992901086807252,4.432356581673957e-05,0.0005720350891351,8.256972796516493e-05,1.3243503644844168e-06,2.2783383428759407e-06,7.415218988171546e-06,0
0,0.9964052438735962,2.529263474571053e-05,0.0035216778051108,4.200993134872988e-05,1.5496519267799158e-07,2.8995534648856847e-06,2.760663619483239e-06,0
0,0.99836665391922,5.955474989605136e-06,0.0016098496271297,1.5738154615974054e-05,7.717445527077872e-08,1.3068489579382003e-06,4.010286716038536e-07,0
0,0.998651921749115,1.985281642191694e-06,0.0013327515916898,1.2106045687687583e-05,4.0132906775625095e-08,1.1321583315293535e-06,1.1652489462221639e-07,0
0,0.9995193481445312,2.062145540548954e-06,0.0004738673742394,3.6753131098521408e-06,3.0905852099749616e-08,8.684800718583574e-07,2.102628116062988e-07,0
0,0.9998663663864136,4.5769266421302746e-07,0.0001311855012318,1.7222182577825151e-06,1.073465316636657e-08,2.21014175849632e-07,1.9653088045856748e-08,0
0,0.999848246574402,7.049645205370325e-07,0.000144734076457,6.021873559802771e-06,1.2896591350397555e-08,1.8564303161383577e-07,8.13164149349177e-08,0
0,0.9993851184844972,4.389508831081912e-06,0.0005891523906029,1.7849355572252534e-05,6.684673081736038e-08,4.312738042244746e-07,2.959956191261881e-06,0
0,0.999784767627716,5.255587325336819e-07,0.0002037639496847,1.0193582966167014e-05,6.572012978267594e-08,3.209323153896549e-07,3.022644534667052e-07,0
0,0.999948024749756,8.936506645795816e-08,4.4813594286097214e-05,6.803965334256645e-06,2.8621418124430423e-08,2.057441008673777e-07,1.0292876773121408e-08,0
0,0.9999892711639404,1.7214847503055353e-07,7.96793756308034e-06,2.5890562938002404e-06,1.4749198307129065e-08,3.3011268385507726e-08,1.6455835805118113e-08,0
0,0.999908685684204,1.6479260693813558e-06,5.6917135225376114e-05,3.201732397428714e-05,5.23525010009962e-08,6.589785783717161e-08,6.753618890797952e-07,0
0,0.9999732971191406,7.677170970055158e-07,1.9778162823058665e-06,2.3158556359703653e-05,5.813310508528957e-07,8.98566696605485e-08,1.729461160948631e-07,0
0,0.9999516010284424,6.288702479650965e-06,3.4262761801073798e-06,3.57605422323104e-05,1.8827300891643968e-06,6.931777107865855e-08,9.50220226059173e-07,0
0,0.9999574422836304,3.9486812966060825e-06,1.1227152754145209e-05,2.5919722247635946e-05,5.990975182612601e-07,1.494288426329149e-07,7.304047926481871e-07,0
0,0.9999910593032836,1.01531134077959e-06,3.29706324464496e-07,4.730021828436293e-06,2.146665110558388e-06,6.854636325215324e-08,6.066483706490544e-07,0
0,0.9999759197235109,1.1725035165000008e-06,1.4878190086164976e-05,7.734611244814005e-06,5.050341655987722e-08,1.290134434839274e-07,9.366105047092789e-08,0
0,0.9999731779098512,3.69449344361783e-06,1.065846754499944e-05,1.2053531463607214e-05,1.036176939805955e-07,1.4086239730204397e-07,1.977217181092783e-07,0
0,0.9999566078186036,4.393854396766983e-06,3.213210220565088e-05,6.172158464323729e-06,7.133186841201677e-08,2.6219831283924577e-07,2.777758538741182e-07,0
0,0.9999330043792723,1.026079735311214e-05,5.040359974373132e-05,5.808391051687067e-06,3.0713042775687434e-08,1.7995641599100057e-07,4.020449182462471e-07,0
0,0.9998981952667236,1.1445027666923124e-05,8.243564661825076e-05,7.243616892083082e-06,3.2278396844276365e-08,2.244559738073804e-07,3.608906524732447e-07,0
0,0.9998340606689452,7.752501005597878e-06,0.0001514611794846,5.775917543360265e-06,2.091693218631008e-08,5.240765972303052e-07,4.252476060173649e-07,0
0,0.99997079372406,2.1205769371590577e-06,2.2974400053499267e-05,3.712228362928727e-06,1.482971434541014e-08,2.6522621965341386e-07,1.4572157169823188e-07,0
0,0.999986171722412,1.2519795973275905e-06,8.137628356053028e-06,4.159141099080443e-06,3.1986306936460096e-08,1.394313073888043e-07,1.4392692548881314e-07,0
0,0.9999895095825196,8.332600600624573e-07,5.432437433228188e-07,8.784206329437438e-06,2.881317868741462e-07,2.581638192111768e-08,4.7697998439844014e-08,0
0,0.9999918937683104,6.880974865453027e-07,1.310385300712369e-06,5.908789262321079e-06,1.1999586035926768e-07,5.151967741312546e-08,2.67753073046606e-08,0
0,0.9999721050262452,3.608180577430176e-06,1.9043345673708245e-05,4.603179604600882e-06,8.14230318724185e-08,2.502792426639644e-07,2.1845049502644545e-07,0
0,0.9999815225601196,9.65851882028801e-07,8.042501576710492e-06,9.221071195497643e-06,7.307627214458989e-08,1.0800797412002795e-07,2.155002931658601e-08,0
0,0.9999833106994628,7.431987683048646e-07,1.111753772420343e-05,4.745446403831011e-06,2.6098621930259472e-08,1.0759487878431173e-07,5.106147060729427e-09,0
0,0.9999693632125854,1.2847146990679903e-06,2.4979164663818665e-05,4.18252648159978e-06,1.6112101874909968e-08,1.2239200941621678e-07,2.5575953799261697e-08,0
0,0.9999885559082032,8.793454071565066e-07,6.524674518004758e-06,3.011340368175297e-06,4.558206967431033e-08,4.449730184319378e-08,9.326811891696708e-07,0
0,0.9998704195022584,4.720096512755845e-06,1.812163532122213e-06,8.83726079337066e-06,9.908741276376531e-07,9.871236272829265e-08,0.0001130928794736,0
0,0.9999946355819702,8.478211270812608e-07,9.556785016684444e-07,3.294015641586157e-06,8.197416434541084e-08,2.532871867799713e-08,1.4952921389976837e-07,0
0,0.999916672706604,1.4615988220612053e-05,5.2296782087069005e-06,1.3350707376957873e-05,3.672973036827898e-07,9.730423755627272e-08,4.972329406882636e-05,0
0,0.999984622001648,6.582592504855711e-06,1.20887273169501e-06,4.763921424455475e-06,9.402897660493181e-08,2.3464890475111133e-08,2.7693524771166267e-06,0
0,0.9999891519546508,1.3979718005430186e-06,4.8719471124059055e-06,4.441677447175607e-06,3.19060333708876e-08,2.3833333528955336e-08,9.949857115998385e-08,0
0,0.999996781349182,1.573651218222949e-07,2.749882014541072e-06,3.304952542748652e-07,3.7807756925190006e-09,2.6162817690078558e-08,2.195042148045445e-09,0
0,0.9999933242797852,1.7719588640829897e-07,4.411764166434296e-06,1.992267925743363e-06,3.2934675431306466e-08,5.6832043071608496e-08,5.7756723848001465e-09,0
0,0.9999995231628418,1.6128760549349863e-08,1.5968525701737238e-07,3.556010597094428e-07,5.9762594872836425e-09,1.3253802499946232e-08,2.560647527349857e-10,0
0,0.9999932050704956,8.84322659544523e-08,2.509931391614373e-06,4.1971588871092536e-06,1.2324782083794616e-08,1.743700828171768e-08,5.6341145082683405e-09,0
0,0.9999990463256836,4.857200153196573e-08,5.3675883293635707e-08,7.092108944561915e-07,2.0975713255211306e-07,7.953365965818193e-09,1.399387938860741e-09,0
0,0.9999997615814208,6.091525062146275e-10,3.6261702973661165e-08,2.445027575959102e-07,1.2056822207284768e-08,6.5595076037539e-09,2.028795575981235e-09,0
0,0.9999936819076538,1.3435455414878561e-08,1.1214475534870871e-06,4.081979113834677e-06,3.5518178265192546e-07,6.888340067234822e-07,1.5732045000049766e-08,0
0,0.9999949932098388,2.2093109564025326e-09,3.400014634280524e-07,3.812808699876769e-06,2.0579319937041879e-07,6.112915684752807e-07,1.1939003563554706e-08,0
0,0.9999998807907104,1.2784560736445185e-11,1.5666623554011494e-08,1.2132136362197346e-07,3.813632076798967e-09,2.5120669988609734e-08,4.8204049640787624e-09,0
0,0.9999988079071044,2.2034392366254707e-10,2.2963608614645642e-07,3.640413126504427e-07,3.00349825010926e-08,5.579914272857422e-07,1.961355700075273e-08,0
0,0.9999990463256836,1.995794196574252e-09,3.702689639339951e-07,1.8769972598420281e-07,5.0515659211214376e-08,4.426094335485687e-07,6.0965454906636304e-09,0
0,0.9999984502792358,2.020347666942257e-09,9.879597655526595e-07,2.8948616659363324e-07,1.880254174579932e-08,3.345670336329931e-07,1.786212067145243e-08,0
0,0.9999990463256836,9.622651564455964e-10,5.635926640934485e-07,1.622201182271965e-07,3.292894623641018e-09,1.5180756918198313e-07,7.82671150112435e-10,0
0,0.9999983310699464,1.5233838634998163e-09,1.4045673424334382e-06,9.09106958602024e-08,3.032090800658693e-09,1.847280799438522e-07,1.3644043672655926e-09,0
0,0.9999991655349731,2.175797042536232e-10,3.162870996220591e-07,2.1904511982029362e-07,5.077771536576847e-09,2.119408861744887e-07,6.847745703808528e-10,0
0,0.9999985694885254,3.3656410991511615e-10,6.002860573062208e-07,3.501837966268795e-07,8.150423447261801e-09,4.391175139062398e-07,1.4254019076176403e-09,0
0,0.9999948740005492,2.488332317973629e-10,3.7696833032896393e-07,4.540683562481718e-07,1.0949520401482005e-07,4.211303348711226e-06,7.521820943878764e-10,0
0,0.9999960660934448,7.498967002916855e-10,4.7181984541566646e-07,5.132939122631797e-07,1.4273149417931566e-07,2.864368070731871e-06,8.488711955578764e-10,0
0,0.9999946355819702,1.3673275844894304e-09,9.95379878077074e-07,2.814125252825761e-07,9.58974837317328e-08,3.9701899368083104e-06,1.523183579266174e-09,0
0,0.9999943971633912,1.4113828328277124e-08,2.022696435233229e-06,5.934094247095345e-07,2.2005538369285205e-07,2.701501443880261e-06,1.4078098686809426e-08,0
0,0.9999938011169434,3.421806482606371e-08,1.9215053725929465e-06,6.918890562701563e-07,2.7704172111953085e-07,3.2697162168915384e-06,1.4439180517911154e-08,0
0,0.9999949932098388,1.532957583094685e-08,1.1949016425205627e-06,4.7111967660384845e-07,1.82420606620326e-07,3.059310074604582e-06,4.245743756570164e-09,0
0,0.9999971389770508,1.6319581241930334e-09,3.184854335813725e-07,2.579092495125224e-07,5.87719028999345e-08,2.2357328361977125e-06,3.498141554203471e-09,0
0,0.9999959468841552,3.331922071581061e-09,4.154149166879506e-07,3.833318658053031e-07,2.522583315567317e-07,3.0407579743041424e-06,6.484308645582361e-10,0
0,0.9999958276748656,5.785080414710819e-09,4.224736755986669e-07,9.429787155568192e-07,4.380764551115135e-07,2.239970399386948e-06,5.580383932723976e-10,0
0,0.9999912977218628,1.4379478940895753e-08,2.4570833829784533e-06,5.278299113342655e-07,2.726561660892912e-07,5.375266482587904e-06,1.4840008333294465e-08,0
0,0.9999853372573853,1.4331995998873026e-06,7.490853477065684e-06,4.481694759306265e-06,3.954940837047616e-07,8.688493835506961e-07,7.78706379378491e-08,0
0,0.9999678134918212,1.6256435628747568e-06,2.675816358532757e-05,3.040388492081547e-06,6.199570634635165e-08,6.231446150195552e-07,1.2141990168856864e-07,0
0,0.999971866607666,7.887466608735849e-07,2.340875107620377e-05,3.324790895931073e-06,5.8561838045534393e-08,3.911910653187079e-07,1.546906531757486e-07,0
0,0.9999672174453736,9.54442839429248e-07,2.443852645228617e-05,5.898436029383447e-06,2.0770019659721586e-07,5.31105342815863e-07,6.55068674859649e-07,0
0,0.99994957447052,2.619411361592938e-06,3.693305552587845e-05,8.638244253234006e-06,2.2457243176177147e-07,4.992773483536439e-07,1.4620015917898854e-06,0
0,0.999925971031189,9.23530024010688e-06,5.060495823272504e-05,1.151395554188639e-05,3.722020949226136e-07,6.917496762071096e-07,1.5998880371626e-06,0
0,0.999929666519165,1.518008843959251e-06,5.9945239627268165e-05,6.947462225070922e-06,2.3455557141005562e-07,1.1838014870590996e-06,4.5957796146467444e-07,0
0,0.999986171722412,3.129059678030899e-07,8.59027113619959e-06,3.3149506180052413e-06,3.1557311785945785e-07,7.842837135285663e-07,4.260198807060078e-07,0
0,0.9999486207962036,1.746490852383431e-06,2.583799869171344e-05,2.27085329242982e-05,3.878217569308618e-07,4.5301106865736084e-07,2.747368057498534e-07,0
0,0.9999737739562988,4.2108507614102564e-07,1.7874539480544627e-05,6.483930519607384e-06,2.787824939787243e-07,5.432998477772344e-07,6.741844345015124e-07,0
0,0.9999772310256958,4.493074357014848e-07,1.6115294783958234e-05,4.310335043555824e-06,3.199030800260516e-07,7.299130402316223e-07,8.451423241240263e-07,0
0,0.9999310970306396,4.292973869723937e-07,5.812206291011535e-05,6.670940820185933e-06,2.839003911958571e-07,2.3877928470028564e-06,9.584782674210146e-07,0
0,0.999692678451538,1.462652335249004e-06,0.0002761121431831,1.6750618669902906e-05,3.799108014845842e-07,3.3488906865386525e-06,9.311864232586233e-06,0
0,0.9999442100524902,3.280211728906579e-07,4.386307773529552e-05,7.718156666669529e-06,3.345373613683478e-07,2.0129139102209592e-06,1.49713355312997e-06,0
0,0.9999901056289672,8.298469111878148e-08,1.447163640477811e-06,7.614044079673475e-06,5.226843313721474e-07,1.273843395210861e-07,1.1490132578728662e-07,0
0,0.9999969005584716,3.1021631485828045e-08,2.6544495312919025e-07,2.676081749086734e-06,1.562206506378061e-07,3.944012405554531e-08,1.723323705959956e-08,0
0,0.9999837875366212,8.377408278192888e-08,2.531542122596875e-07,1.19786791401566e-05,3.380978569111903e-06,2.0707172154743605e-07,3.205996961241908e-07,0
0,0.9999648332595824,1.070321104634786e-06,3.587450919440016e-06,2.3363532818621024e-05,3.44119166584278e-06,3.306246583179018e-07,3.333768745505949e-06,0
0,0.9998786449432372,4.415210696606664e-06,4.851466292166151e-05,4.736506525659934e-05,3.612319005696918e-06,3.2322307106369408e-06,1.4138687220111024e-05,0
0,0.9999716281890868,1.1221696922802948e-06,7.85213728704548e-07,2.3674878320889547e-05,2.196169361923239e-06,2.906967893068213e-07,3.5931947195422254e-07,0
0,0.9999734163284302,1.2239081570442067e-06,4.251256200404896e-07,2.4363953343709e-05,4.220059679482802e-07,4.530626895871137e-08,4.6647276263911415e-08,0
0,0.9999727010726928,3.271908553870162e-06,1.080250513041392e-05,1.2295140550122596e-05,1.7462805601553558e-07,2.4197143488891015e-07,4.868724658990686e-07,0
0,0.9999916553497314,1.1665413239825284e-06,3.574941047190805e-06,3.3063936371036107e-06,3.9549068020505735e-08,1.3190405923069193e-07,8.048735367083283e-08,0
0,0.9999936819076538,5.823594619869255e-07,1.4918855413270649e-06,3.884557372657582e-06,6.941118613212893e-08,1.3869407666788902e-07,3.9855915900943735e-08,0
0,0.9999865293502808,1.4884712982166093e-06,4.504316166276112e-06,6.97867699273047e-06,1.0527492833034557e-07,2.2877746630456386e-07,1.140751564321363e-07,0
0,0.9999898672103882,2.427923845971236e-06,2.3624099867447512e-06,4.876761977357091e-06,8.464723322276768e-08,1.511523350927746e-07,9.279371937509497e-08,0
0,0.9999885559082032,1.7323937981927884e-06,4.790695129486267e-07,8.98283178685233e-06,2.474061489010637e-07,5.444576345325913e-08,3.529942915747597e-08,0
0,0.999968647956848,3.0393125598493498e-06,5.224787855695467e-07,2.7125262931804173e-05,4.896849077340448e-07,8.472975565609887e-08,8.872051893149546e-08,0
0,0.9999836683273317,2.4900020889617736e-06,2.987082325489609e-06,1.0126257620868271e-05,2.798763603095722e-07,3.4189031339337816e-07,1.3967331824460416e-07,0
0,0.9999914169311525,7.232056873363035e-07,2.6927941689791624e-06,4.48282071374706e-06,1.2868022736256537e-07,5.642638143399381e-07,5.461274099616276e-08,0
0,0.999962329864502,1.4330109934235225e-06,4.9983186727331486e-06,2.903607855841983e-05,5.38022106866265e-07,8.673937941239274e-07,6.811357025071629e-07,0
0,0.9999940395355223,3.328403295199678e-07,3.519207893987186e-07,4.7164767238427885e-06,4.160960713761597e-07,1.416280355215349e-07,5.25234042925149e-08,0
0,0.99999737739563,1.916120311307168e-07,6.161479859656538e-07,1.568892457726179e-06,9.962434432964073e-08,1.8980384197675448e-07,1.7428503085170632e-08,0
0,0.9999974966049194,3.1455346771736004e-08,1.1607834693450061e-07,2.180752289859811e-06,9.140894263737209e-08,8.834852138761563e-08,1.711932595682697e-09,0
0,0.9999959468841552,5.228990218597573e-08,4.206463088962664e-08,3.823149199888576e-06,1.265780866788191e-07,3.0291193553466655e-08,9.9414532162001e-10,0
0,0.999991774559021,3.391761538296123e-07,3.403387154321536e-07,6.877585292386357e-06,3.900755984886928e-07,1.701983336488411e-07,1.276008561035269e-07,0
0,0.9999903440475464,9.904525768433814e-07,1.0142841944116301e-07,4.6541285882995e-06,1.0542568134042083e-06,1.8733024376160762e-07,2.588128381830757e-06,0
0,0.9999887943267822,1.5745448536108595e-06,7.992156980662912e-08,4.911290034215199e-06,2.1614712295559e-06,2.426519358778023e-07,2.314576704520732e-06,0
0,0.9999970197677612,5.029374392506725e-07,5.5323990721944944e-08,1.5688276562286774e-06,7.333520102292823e-07,8.876382651124005e-08,9.11117652435678e-08,0
0,0.999968647956848,1.2444185813365038e-05,1.7556865827828005e-07,2.403104417680879e-06,1.2651772749450174e-06,9.886846896733915e-08,1.4946544069971424e-05,0
0,0.9999823570251464,1.267760671908036e-05,8.426686122220417e-07,1.7893361246024142e-06,2.2063542814976245e-07,6.477811353988727e-08,2.024818286372465e-06,0
0,0.9999939203262328,3.319262759760022e-06,3.8852476791362285e-08,2.025156391027849e-06,1.1376821618114265e-07,5.4703237495346e-09,5.891326964047039e-07,0
0,0.9999890327453612,7.941232979646884e-06,4.394232746562921e-07,2.2365227323462022e-06,5.8639411548711e-08,1.0685326401471684e-08,3.593727058159857e-07,0
0,0.999974012374878,1.7632484741625376e-05,1.287415756223709e-07,1.9266710751253413e-06,3.419959000439121e-07,1.5315956503059173e-08,5.997033895255299e-06,0
0,0.999936580657959,4.470641215448268e-05,5.589172360487282e-06,1.2658300875045825e-05,9.854675653286905e-08,4.8327049029239795e-08,2.692177929475293e-07,0
0,0.9999773502349854,1.4214323527994566e-05,5.872057613487414e-07,7.745363291178364e-06,1.117446686293988e-07,1.6809059033562335e-08,1.6400052871290427e-08,0
0,0.9999359846115112,5.062520722276531e-05,2.719454244015651e-07,1.045113731379388e-05,1.042447479449038e-06,1.5109137052604638e-08,1.46941670209344e-06,0
0,0.9999091625213624,6.783619755879045e-05,2.7681520009537053e-07,2.2120182620710693e-05,3.618830533014261e-07,1.0927816873618212e-08,1.8628639963935714e-07,0
0,0.9984551668167114,0.0015182509087026,1.6705361360891405e-07,2.5260407710447907e-05,6.059477186681761e-07,3.882827392942545e-09,5.367364792618901e-07,0
0,0.9999370574951172,4.459702904568985e-05,5.685944870492676e-07,1.758151120156981e-05,1.578195281126682e-07,1.298167529029115e-08,8.234977144638833e-08,0
0,0.9998108744621276,9.038871212396772e-05,3.0113394586805957e-06,9.404461889062075e-05,1.1253260936427978e-06,1.21365644645266e-07,5.959499276286806e-07,0
0,0.99998676776886,1.237693027178466e-06,1.761777411957155e-06,8.797897862677928e-06,4.460685829599242e-07,9.26052564409474e-07,1.6471430441811208e-08,0
0,0.9998738765716552,5.364350363379344e-05,1.21754619613057e-05,5.3549920266959816e-05,2.600010475362069e-06,3.3704664019751363e-06,7.395260013254301e-07,0
0,0.9999501705169678,7.314879894693149e-06,2.970234163512941e-06,3.396900137886405e-05,2.6270831767760683e-06,2.675420546438545e-06,2.519219606256229e-07,0
0,0.9996873140335084,0.0002429145970381,3.237436203562538e-06,4.107147469767369e-05,7.417543656629277e-06,6.372360417117306e-07,1.7460119124734774e-05,0
0,0.9966824650764464,0.0015449363272637,5.0586873840074986e-05,0.0001397879677824,4.168365194345824e-06,2.1726443719671806e-06,0.0015758681111037,0
0,0.999983549118042,7.468207058991538e-06,1.184842290058441e-06,3.537285465426976e-06,1.021139226509149e-07,2.1704174457681802e-07,3.933633706765249e-06,0
0,0.999717891216278,3.5891367588192225e-05,4.027646718895994e-05,7.879157055867836e-05,9.208329743159992e-07,2.571132199591375e-06,0.0001236332900589,0
0,0.9998689889907836,3.7012086977483705e-05,1.3886246051697526e-05,5.2221152145648375e-05,1.6274715335384826e-06,4.273466856830055e-06,2.196500099671539e-05,0
0,0.9998629093170166,4.646318484446965e-05,1.4210351764631923e-05,3.810260750469752e-05,3.529590685502626e-06,1.1802601875388063e-05,2.290943666594103e-05,0
0,0.9998623132705688,0.0001094121835194,2.025013600359671e-06,1.1259214261372108e-05,1.0037290849140844e-05,4.600102784024784e-06,3.349610437908268e-07,0
0,0.9999637603759766,2.1490122890099883e-05,6.645362304880109e-07,4.265552888682578e-06,6.648991984548047e-06,2.788989604596281e-06,4.5414432747747924e-07,0
0,0.999912977218628,7.515000470448285e-05,7.404906909869169e-07,2.591215206848574e-06,6.258168923523044e-06,1.994537569771637e-06,2.658862854332256e-07,0
0,0.9998364448547364,0.0001255479437531,1.5004168290033704e-06,8.243271622632165e-06,1.944251016539056e-05,8.35124865261605e-06,3.527691490035068e-07,0
0,0.9998857975006104,9.05168562894687e-05,1.5354047491200618e-06,3.686210447995109e-06,8.806679943518247e-06,9.383526048623024e-06,2.494084867521451e-07,0
0,0.9998997449874878,7.665641169296578e-05,2.8248589387658285e-06,3.595242105802754e-06,6.3447109823755454e-06,9.712468454381453e-06,1.0753383321571164e-06,0
0,0.9997590184211732,0.0002076388336718,4.540957434073789e-06,2.9069610718579497e-06,6.935745659575332e-06,1.6256273738690652e-05,2.7247212983638747e-06,0
0,0.97427099943161,0.0254636090248823,1.0194882634095848e-05,1.1262419320701156e-05,0.0001000577103695,2.228889752586838e-05,0.0001214573640027,0
0,0.9725737571716307,0.0272489432245492,7.319946234929375e-06,1.2417045581969433e-05,7.984211697475985e-05,1.1704806638590526e-05,6.596105959033594e-05,0
1,1.4445264184814732e-07,0.9999061822891236,2.143884375582772e-10,1.3964965184243285e-08,6.095505256098478e-08,1.4219485311439684e-10,9.354468784295022e-05,0
1,1.9769964637816884e-05,0.9999349117279052,8.12104250513812e-09,1.721036682056365e-07,2.452224521221069e-07,8.163217879442185e-10,4.489389539230615e-05,0
1,4.109895996862178e-07,0.9999958276748656,1.9001355155978672e-08,4.467723613288399e-08,2.0175630055518923e-08,3.9166644927313133e-10,3.733527819349547e-06,0
1,8.478353663576854e-08,0.9999985694885254,1.97769814413995e-10,3.1529063804214275e-09,1.3082773975270356e-08,9.563390010458583e-12,1.3298331396072172e-06,0
1,5.0474231102271006e-05,0.9999343156814576,2.754153172190854e-08,1.415056374298729e-07,3.786886964007863e-07,2.0697785152457016e-10,1.4671002645627595e-05,0
1,1.393711136188358e-05,0.99998140335083,7.095906973120236e-09,3.392552372361024e-08,2.904313873841602e-07,1.2675965832542602e-10,4.410639121488202e-06,0
1,6.924865942892211e-07,0.999997854232788,2.4187623015592408e-09,1.6825474347115232e-08,4.3108101976940816e-08,2.0908639403183216e-11,1.4655439599664533e-06,0
1,5.492878329960149e-08,0.9999996423721312,1.727562870534882e-09,1.3360602624246096e-09,4.6555497235090115e-09,1.116928077804502e-11,2.6520658025219745e-07,0
1,1.9438256515513785e-07,0.9999992847442628,2.8995033041212533e-09,2.437968715796046e-09,8.858368261144278e-09,1.9856699617903928e-11,5.619815510726767e-07,0
1,7.195367413004305e-09,0.9999998807907104,7.170510851750578e-10,5.499877220316306e-10,1.2218592804202901e-09,2.724005266144247e-12,8.669447026932177e-08,0
1,2.189938896890453e-09,0.9999998807907104,2.4747939808555936e-10,1.1879604244757758e-10,4.1315634247141015e-10,7.638316520085231e-13,7.628334941500725e-08,0
1,1.606245447760557e-08,0.9999998807907104,6.597297708132999e-10,4.518608265335899e-10,1.0526397531407383e-09,6.840938406027508e-13,5.48662910659914e-08,0
1,1.487076506379026e-08,0.9999998807907104,5.310857087437171e-09,7.017711967094441e-10,9.544551815565683e-10,4.8781959374744055e-12,1.47308071518637e-07,0
1,4.462408220717862e-09,0.9999998807907104,2.156834488786785e-09,1.6689270798675435e-10,5.233026234563454e-10,4.658173152760625e-12,9.508801923630017e-08,0
1,5.902091315679314e-11,1.0,3.4304321605560517e-09,1.8632828613363015e-10,1.4303790096814595e-10,2.054438867291064e-12,4.8306613820159334e-08,0
1,2.139052129868091e-11,1.0,6.135955077368749e-10,4.649042609217169e-11,6.855210149536717e-11,9.515201127019424e-13,2.0603371453375985e-08,0
1,7.533818568994376e-10,0.9999998807907104,1.652336933943843e-09,9.789544175298204e-11,3.8211592223724717e-10,1.364516247388814e-12,1.312013182541705e-07,0
1,4.95323000393455e-08,0.9999996423721312,6.246966138823139e-11,2.654027553283811e-10,5.5102424845188125e-09,3.568008518847754e-13,2.8983373567825765e-07,0
1,1.2450116173567949e-06,0.9999964237213136,1.2721044218011455e-09,2.730247139481889e-09,4.2073558859101474e-08,5.5380426806916905e-12,2.24023028749798e-06,0
1,1.4465925346485164e-07,0.9999992847442628,3.81781099789702e-11,3.9562081388666565e-10,1.4034867490408942e-08,4.098675608979474e-13,5.604657644653344e-07,0
1,2.212340035612215e-07,0.9999994039535522,3.610042820234583e-11,4.1251677074249926e-10,2.3418245120865322e-08,1.2568158319625766e-12,3.536526662628603e-07,0
1,3.1676149774284568e-06,0.9999964237213136,1.4769163669825502e-10,4.771240291745471e-09,1.3677539811851602e-07,1.4469598479463497e-12,3.0282186003205425e-07,0
1,1.058788825503143e-06,0.9999988079071044,4.6750641552462113e-11,9.85230896866085e-10,3.1819190837723e-08,3.0908801451449974e-13,8.247761940083366e-08,0
1,5.016266300117422e-07,0.9999994039535522,8.693439024209937e-11,8.747583768453636e-10,1.0813126394282337e-08,3.621445591323047e-13,9.54743484271603e-08,0
1,9.998366294894367e-07,0.9999988079071044,2.2161850132818015e-10,7.484598496532158e-10,9.941601319951587e-09,8.687788986480595e-13,1.3461348657983765e-07,0
1,1.484737595092156e-06,0.9999983310699464,2.2988694281522726e-10,1.0805996097928983e-09,3.847808116574925e-08,3.111452718737584e-12,9.451991189735055e-08,0
1,2.4622869432278094e-07,0.9999996423721312,6.887973524882796e-11,6.133870078528503e-10,2.7295595117493576e-08,1.072946852892498e-12,7.478048047460106e-08,0
1,3.765065912375576e-07,0.9999995231628418,1.2985444663993206e-10,7.64787455587168e-10,5.951351056410204e-08,2.877780479193515e-12,6.407265829011521e-08,0
1,3.709971565513115e-07,0.9999992847442628,1.9245489923935819e-10,9.982605853053883e-10,1.0158848340324766e-07,4.2740802216889576e-12,1.9796404160388192e-07,0
1,1.0191380539481545e-07,0.9999997615814208,7.796229634093875e-11,2.1482603196343317e-10,2.02844052665796e-08,1.2784992248909832e-12,9.277127333007229e-08,0
1,3.5031870737611825e-08,0.9999998807907104,2.670351786915326e-11,7.014001879301901e-11,1.0998633115377744e-08,1.0180708272938819e-12,1.0493252489141015e-07,0
1,1.7127663909377588e-07,0.9999997615814208,6.584006256860063e-11,2.0971595293683976e-10,1.3853832747656725e-08,5.380424404621831e-12,6.366470017837855e-08,0
1,5.456947249626865e-08,0.9999998807907104,1.2702939394815259e-11,3.3271643773424836e-10,9.305140658000257e-09,9.74082793592235e-13,2.6643675710147363e-08,0
1,5.616226417259895e-08,0.9999998807907104,1.2945232559513632e-11,1.9342064061511619e-10,3.500226775088322e-09,5.495087349559337e-13,1.9789327510011393e-08,0
1,6.43348627704654e-08,0.9999998807907104,3.165452969189353e-11,2.0406935863359618e-10,7.502219290245193e-09,1.7449568266020288e-12,1.0245211257142729e-07,0
1,2.4855899027897976e-07,0.9999996423721312,6.013781833624776e-11,1.0784287907128487e-09,3.3233423124556793e-08,2.5810532097020333e-12,1.2240786873007894e-07,0
1,9.289485092267569e-08,0.9999996423721312,2.0028302627483896e-10,2.0592980654043913e-09,8.276667351481137e-09,7.828172138291123e-12,2.390708004895714e-07,0
1,8.855266742102685e-08,0.9999995231628418,1.5375603568124063e-10,1.2045457964404702e-09,6.284844644710574e-09,5.512198770346588e-12,3.844033074074105e-07,0
1,6.62138077700547e-08,0.9999995231628418,1.152218737088262e-10,9.267436817950169e-11,1.2006143856879703e-09,1.1784734429629018e-12,3.503976131469244e-07,0
1,4.56579414276348e-08,0.9999998807907104,5.139447895041727e-11,7.140454894027926e-11,7.354975517515071e-10,1.161591764615999e-12,5.4761947865245026e-08,0
1,6.16522513041673e-08,0.9999990463256836,1.4505152287624943e-11,7.398160556393307e-11,2.799893206173465e-09,1.2896321380587161e-12,8.361983532267914e-07,0
1,5.860904206400619e-09,0.9999998807907104,4.4424167578056844e-13,1.8079663200581966e-12,4.699245437222999e-10,1.9078800496917517e-14,5.399485658585945e-08,0
1,5.231153732410121e-09,1.0,3.610013492565817e-13,1.975418092992065e-12,3.0888142044105393e-10,2.2652447747976455e-14,1.380198355604989e-08,0
1,8.818017427358882e-09,1.0,4.7075932561868594e-12,7.989577749389909e-12,2.4898644257476116e-10,2.289082009880594e-13,1.1500994823165913e-08,0
1,1.7051554612734774e-09,1.0,2.142880192951627e-13,1.770219604582679e-12,5.102900324516213e-10,3.109159116146745e-14,5.370655387082479e-08,0
1,1.7080883374376299e-09,1.0,2.534407362794755e-12,5.537703542252137e-12,9.99154647907119e-10,1.58981904247249e-13,3.315865981790012e-08,0
1,3.920978541849252e-10,1.0,2.685642235943781e-13,1.2590383379959549e-12,1.9104914872336562e-10,1.4615423061799075e-14,3.916936552883499e-09,0
1,1.11737015473512e-10,1.0,7.748425653267972e-14,3.157767016620517e-13,1.274007149776324e-10,3.947479736615472e-15,7.883908526018502e-10,0
1,1.1471238403615303e-09,1.0,1.3664724733686297e-12,1.0685931306486653e-12,7.99635524462161e-10,7.590648487369733e-14,2.4952901966912573e-09,0
1,2.4233376416660235e-10,1.0,2.6806985450877896e-13,1.0778865864105593e-12,6.388750084518334e-10,3.854817805020935e-14,2.6030833044643487e-09,0
1,3.0366489878197456e-10,1.0,3.68715962709848e-13,1.0258151749917288e-12,7.483993424983736e-10,2.7688792149935595e-14,4.209632198381996e-09,0
1,1.4668215531088435e-09,1.0,2.851533462480682e-12,6.136604679268798e-12,2.346957961307794e-09,9.769999886151057e-14,8.40155855996727e-09,0
1,1.6431105365199983e-08,0.9999997615814208,8.261518552599155e-11,1.444440400621971e-10,4.838710410126623e-08,1.3957509193557316e-12,1.9810522644547746e-07,0
1,1.204310393632113e-07,0.9999955892562866,5.911622302789964e-10,8.061711298523733e-10,4.974623379894183e-07,4.377593079696318e-11,3.766180725506274e-06,0
6,4.081261431565508e-05,0.1683565527200698,5.584672067016072e-07,4.283390637738194e-07,3.971434125560336e-05,2.046376579301068e-07,0.8315616846084595,0
6,6.662175110250246e-06,0.0005846890271641,4.1776512915703285e-08,2.827554190787396e-08,5.548485546569282e-07,1.6191100371543146e-07,0.9994078874588012,0
6,2.367719247331479e-07,4.666390850616153e-06,9.280596291461051e-10,1.883832867477508e-09,5.4013245431860923e-08,3.208803178722519e-08,0.9999951124191284,0
6,4.2002528743978473e-07,4.992105004930636e-06,2.9809557600124487e-10,7.241571231553222e-10,1.3942435828084856e-07,1.5780260653741607e-08,0.9999943971633912,0
6,3.0529708539006606e-08,3.7958329812681775e-08,1.3759465788965028e-10,5.140879388854103e-11,9.539024681259889e-09,2.4635260942318385e-08,0.9999998807907104,0
6,5.47807381678922e-08,1.943639205137515e-07,3.096428391469175e-10,4.249829099745028e-10,2.3870660115221654e-08,1.9474084567150385e-08,0.9999996423721312,2
6,1.6569110528052988e-08,5.604592345775927e-09,8.244047111638507e-11,5.6550979177227845e-11,1.6423840065726836e-08,1.5537949593635858e-08,1.0,2
6,7.717913419469369e-09,6.125703055914755e-09,5.254457979830818e-11,1.7886669576028247e-11,2.077688954216228e-08,1.1899369489754008e-08,1.0,2
6,1.2535201321384193e-08,2.5143143123074196e-09,5.2842372838535206e-11,1.3403575992165796e-11,1.6232279520522752e-08,1.3581008317942178e-08,1.0,2
6,2.0869013894753155e-07,6.342519043300855e-08,2.276350219432288e-09,4.0443851045957047e-10,9.709759751785897e-08,8.783975147252931e-08,0.9999995231628418,2
6,1.911508888952085e-06,2.040343076714635e-07,2.0358310592882845e-08,7.924204403764179e-09,1.5941085962367654e-07,4.954396786160942e-07,0.9999972581863404,2
6,1.890995349640434e-06,3.834272206404421e-07,1.7291807097308265e-08,5.017088966496885e-09,2.896823048104125e-07,8.33851117931772e-07,0.9999966621398926,2
6,8.415018442065048e-07,5.228871486906428e-07,1.4736190045994137e-08,9.078997997846729e-09,2.935856855401653e-07,6.175093290039513e-07,0.999997615814209,2
6,1.0677111959012109e-06,7.866654527788342e-07,2.2988078995922482e-08,7.012760150360009e-09,9.881591722660232e-07,1.7722439906719956e-06,0.9999953508377076,2
6,5.529538498194597e-07,4.2191015836579037e-07,4.162965971943322e-09,1.6592396345771474e-09,1.2019778523608693e-06,5.113236056786263e-07,0.9999972581863404,2
6,2.244713499521822e-07,3.759141122827714e-07,2.308264024364348e-09,3.8064368323986736e-10,9.81371158559341e-07,2.505594522972388e-07,0.9999982118606568,2
6,3.899486245018125e-08,9.005034229403465e-08,2.5645477408353656e-10,1.2582852815246068e-10,3.391082543657831e-07,5.1929696098795837e-08,0.9999995231628418,2
6,6.465577406800094e-09,4.643412765403809e-08,8.290786113196447e-11,9.57012316615824e-11,3.343121690591033e-08,2.038186863728697e-08,0.9999998807907104,2
6,4.136517794961492e-09,6.234737615073982e-09,5.318515419738823e-11,1.3982547064639306e-10,2.297043266707988e-08,1.7245753269889974e-08,1.0,2
6,5.173027006755149e-10,2.949674504648669e-09,1.019976290927982e-11,1.0654295501399956e-10,2.62203392331628e-09,5.790613322176341e-09,1.0,2
6,4.000990927455206e-10,8.151133989997561e-09,8.485353045206699e-12,7.783082511814142e-11,2.298997214822407e-09,4.2282608525567875e-09,1.0,2
6,2.52259463318083e-10,2.7021360704537756e-09,7.384084316219841e-11,1.5262126284998343e-10,6.720364820189673e-10,8.079360291901594e-09,1.0,2
6,9.542768797388135e-10,1.2503555968379487e-09,6.652818573815722e-11,3.470635723257232e-10,5.281620141239785e-10,1.2945105432038416e-08,1.0,2
6,4.141460063777913e-09,9.145567858581673e-09,1.5681857201688132e-10,9.428121616750218e-10,1.3244830787684234e-09,1.089995649294906e-08,1.0,2
6,9.76420722054172e-10,4.216175142346401e-08,4.612282777927135e-11,1.4288991101452098e-09,2.284750832970417e-09,4.9207042884802385e-09,1.0,2
6,5.209285780516382e-10,8.085604186192086e-09,1.4042809449998916e-11,9.84225367872682e-10,8.094750980625064e-10,1.2858724085518247e-09,1.0,2
6,2.963711054349005e-09,1.3626284989243233e-08,8.099244608317234e-10,8.610332002945142e-09,9.86061632346491e-09,1.3855817826424754e-08,1.0,2
6,4.1092693692235124e-09,9.866489847354388e-08,1.9198462264391478e-10,5.638236988403378e-09,4.7815717607591075e-08,5.050353912849914e-09,0.9999998807907104,2
6,7.967097204186757e-09,7.522223199885049e-08,6.32457419769139e-10,6.113935580032148e-09,8.94938665396694e-08,3.5444475798840365e-08,0.9999997615814208,2
6,7.60114176046045e-08,7.821302574484434e-07,8.513898563933253e-08,1.9584776111969407e-07,5.382611902859935e-07,8.231081665144302e-07,0.9999974966049194,2
6,1.5958225674239657e-07,1.5261488215401189e-06,1.11742188835251e-07,5.656976327372831e-07,1.2354396972114048e-07,3.987949526162993e-07,0.9999971389770508,2
6,1.6485414278122337e-07,1.7974906540985105e-06,5.32969082200907e-08,2.0717176596463105e-07,6.901804283643288e-08,2.297367558412589e-07,0.9999974966049194,2
6,2.219111472356872e-08,2.698415642043983e-07,8.293953079885341e-09,2.2634246477082345e-07,2.3084748335122643e-08,1.0996787835892975e-07,0.9999994039535522,2
6,1.0925086613156054e-08,9.577609034749912e-07,1.1290066659341846e-08,1.2409515193212428e-07,5.534086255920556e-08,1.3149490030173186e-07,0.9999986886978148,2
6,4.989152424528243e-10,3.7396794994037925e-08,5.452103768455173e-10,2.4188329561525282e-08,9.620406693500172e-09,9.901492958874767e-09,0.9999998807907104,2
6,3.0417388052761396e-10,6.446860822961753e-09,1.4159218242326688e-10,9.416714519261404e-09,1.6513014955421568e-08,4.521516494548905e-09,1.0,2
6,2.0322252561322248e-11,4.1847192377986175e-09,4.471964118457628e-11,1.9224637437531555e-09,1.4008374016327709e-08,1.7551102793333941e-09,1.0,2
6,8.977883540761677e-13,1.8154808212322848e-10,2.4781297348376585e-13,1.6030121674504016e-10,7.78803133094641e-10,2.5708653955680557e-11,1.0,2
6,2.327646755895252e-12,2.0929641353362167e-10,1.4937304052085184e-13,7.751068537009687e-11,3.2052325238396406e-09,3.473680024179693e-11,1.0,2
6,2.947699864145476e-13,2.5797315672537732e-11,7.307739482986798e-14,2.9299732778875764e-11,9.764351133201288e-11,1.72457916003399e-11,1.0,2
6,1.3933307632663094e-12,1.0014818141446111e-10,4.447020551280601e-13,1.88156448754917e-10,2.3930682435668866e-10,4.239425130392327e-11,1.0,2
6,2.7044921749146134e-13,3.130321739666653e-12,7.394413823380488e-15,1.0212045618851471e-11,3.528456693491222e-11,6.734460211710314e-12,1.0,2
6,1.8611879344567625e-13,1.7619600440124672e-12,5.2740366700352706e-15,3.692749231398729e-12,1.3936105741629843e-11,4.858316006439711e-12,1.0,2
6,1.0657392936902488e-12,7.020249399164458e-12,4.16523877834387e-14,5.0312642940752994e-11,2.64577970643387e-10,6.247777989409897e-11,1.0,2
6,2.566639392340142e-13,1.1749212713851877e-12,6.2872744221998105e-15,1.1898671284371608e-11,1.3262139997305408e-10,8.636190720889836e-12,1.0,2
6,1.6707686937515037e-13,3.433850643067005e-12,1.5531856806553713e-14,6.900784110808189e-11,2.7646263056624315e-10,9.439807442668258e-12,1.0,2
6,7.777119741389157e-14,2.83659402390557e-12,2.430211048132409e-14,3.7094889659972097e-11,6.094417331903301e-11,1.0185473992008198e-11,1.0,2
6,4.2130212621512014e-13,9.832355415961835e-12,8.953151805005112e-14,1.8364677834004084e-10,7.041740524016403e-10,3.036068618733623e-11,1.0,2
6,9.707907221156997e-13,2.7499362162397567e-11,9.614201389217605e-14,2.652131014801995e-10,2.870632176410481e-09,1.4359655825524342e-11,1.0,2
6,4.587178076623233e-13,9.221821223315274e-12,2.4237778667793313e-13,1.109703440249632e-09,2.072332166980217e-10,1.200991563143905e-11,1.0,2
6,1.7960125574256749e-12,3.483524666642035e-12,2.3921326819885923e-14,6.22603524291776e-10,2.3721730135761726e-10,3.208922060363162e-12,1.0,2
6,2.961779476187698e-12,2.9558200505264147e-12,3.274088289438419e-14,2.0929641353362167e-10,9.698866709761944e-11,1.111091687405752e-11,1.0,2
6,8.152843634576247e-13,5.2022110577643055e-12,2.6590139595369933e-14,1.7560637666225176e-10,8.765087960993512e-11,9.900422495712212e-12,1.0,2
6,3.039782661695689e-11,1.2334964993865327e-10,2.053255785880448e-12,3.6108265266676645e-09,3.0340743251144886e-09,3.998000264182622e-10,1.0,2
6,1.5879781864458486e-11,6.916544420532134e-11,2.8958307106419223e-12,1.3535126353048101e-09,8.46407333110477e-10,2.483101502193108e-10,1.0,2
6,6.816569877998724e-13,8.152940995931335e-12,4.448021540936348e-13,1.2866083753948487e-09,6.629865406670987e-11,9.475186607543762e-11,1.0,2
6,2.542963669499576e-12,4.084042826146828e-11,1.026936240038079e-13,6.24791274272951e-10,9.281527213467201e-10,5.449481838004644e-11,1.0,2
6,8.710231429349957e-13,3.520685479263541e-11,1.015921613327364e-12,1.3922223374152052e-09,1.8836004977984544e-10,6.980507283316227e-10,1.0,2
6,4.613723465773933e-12,1.4470465103944008e-10,2.0493433339208167e-12,2.0515141585519814e-08,6.737113089627654e-10,5.634471778037663e-10,1.0,2
6,1.8282100280268138e-13,6.361217802508534e-11,8.783997631372532e-15,4.683846088759934e-10,5.4743175270655087e-11,7.631332198110297e-12,1.0,2
6,4.18503800407935e-13,1.0492257757066524e-10,8.364374121170963e-15,1.163373494761366e-10,9.598239564256872e-11,5.382501735984313e-11,1.0,2
6,5.726428446012344e-12,9.669336442641452e-10,1.8278742302852043e-14,1.23001470120343e-10,1.3451995073410215e-09,1.0809981382253751e-11,1.0,2
6,2.061644854400163e-13,4.809153075768791e-10,1.1089234643258316e-15,5.901436457567133e-12,8.59593674018555e-10,7.851287979129817e-13,1.0,2
6,1.6724019087990816e-12,1.1099172692041748e-09,1.9562953687546347e-12,1.6400125701920842e-10,4.909377349093802e-10,9.770947245746342e-11,1.0,2
6,2.304537311849375e-13,1.1554038281680333e-10,2.605865013789038e-13,6.189741774687008e-11,1.0122071930629416e-10,2.6770530237030243e-11,1.0,2
6,3.0942713669102066e-12,1.0186605725603926e-10,3.010268900469071e-12,1.0898844327034139e-10,1.9819793029007824e-10,3.7828490340174875e-10,1.0,2
6,3.3290181722378515e-10,4.932476094232641e-10,2.2907745145239744e-11,3.421342764653445e-09,1.994612697231446e-09,1.1780758590873575e-09,1.0,2
6,3.018764405116059e-10,1.257945747568101e-09,2.0118771232313648e-11,1.150641448788292e-08,1.4928477343190139e-09,4.4748418859263945e-10,1.0,2
6,7.171770399772014e-10,3.395760339586218e-09,2.9000790657818243e-10,5.3182802162154985e-08,1.148183859100982e-08,1.503509206024489e-09,1.0,2
6,1.3003567667091431e-10,1.6062540186823071e-09,7.768937160257393e-10,3.2816632966614634e-08,1.972529473093232e-09,9.90711956916357e-10,1.0,2
6,4.16135181868782e-12,1.3469633186602435e-09,4.081698867786088e-11,2.415802669020195e-09,1.339484967388671e-09,1.3366284468130374e-10,1.0,2
6,5.6824964872470574e-11,9.738229778122331e-09,8.051646155360359e-11,8.76675176897379e-09,1.4802537862124154e-08,2.9221111641497544e-10,1.0,2
6,1.0202914034473931e-11,2.098021312235687e-09,2.5376980031244223e-11,2.219513683954233e-09,3.3752327599501086e-09,1.0518827475713975e-10,1.0,2
6,1.722374187718145e-10,8.087547520574391e-09,3.502270251587447e-09,5.337038189168197e-08,1.0158927032932752e-08,4.404139719582645e-09,0.9999998807907104,2
6,3.75585812451007e-11,2.283739863884193e-09,2.3489049594260786e-10,1.0875929490339333e-08,9.058897521008191e-10,8.211442081851317e-10,1.0,2
6,3.02250918737812e-10,4.272035614150127e-09,1.4456706942667095e-09,2.7828866322465732e-08,2.4612147875302526e-09,2.326669301666584e-09,1.0,2
6,2.6770201611014954e-09,3.0426108299508314e-09,9.833265313119455e-10,9.33228339050629e-09,3.101898959911864e-09,8.888280333962939e-09,1.0,2
6,5.7387065766079104e-08,2.67904827211396e-08,5.980570705332866e-09,7.226591236531021e-08,2.143420729794343e-08,3.898847467098676e-08,0.9999997615814208,2
6,1.0676988182467541e-08,7.685711622684721e-09,3.941224679948618e-09,4.860558888708511e-08,7.1212711283408225e-09,6.582548195410709e-08,0.9999998807907104,2
6,4.828385513633293e-08,1.4050081098559986e-09,7.86431275656696e-09,3.0843306575434326e-08,6.510063599307614e-09,1.2547405958684976e-07,0.9999998807907104,2
6,2.4204854298659484e-07,1.2893222045562423e-09,3.5970151301967235e-09,2.09518198346359e-08,6.230906457460605e-09,1.912825240424354e-07,0.9999995231628418,2
6,2.434459247524501e-07,1.1079920314571723e-09,3.529024406034864e-09,2.947222910165692e-08,3.823463767815838e-09,1.3329231762782e-07,0.9999996423721312,2
6,2.6950035092454527e-08,6.822391263039407e-11,9.600349404337294e-10,2.0226536889822452e-08,1.0009113537989831e-09,1.6375917510913496e-08,1.0,2
6,1.400789670924496e-07,3.4752100502855043e-11,2.175737146004053e-09,2.966935497283885e-08,3.137911930295445e-09,1.0101930314476705e-07,0.9999997615814208,2
6,1.1924660725526337e-07,1.1918799280863368e-10,1.862089704651737e-09,6.176985589689821e-09,3.325801412046303e-09,1.1862119464467469e-07,0.9999997615814208,2
6,7.209519736761649e-08,2.961136197354719e-11,6.053557655150144e-10,4.586949930995843e-09,1.539891769652968e-09,1.204985125013991e-07,0.9999997615814208,2
6,1.6388651147281053e-07,3.5748848326022647e-11,2.967697643185829e-09,1.859683429472625e-08,1.779795866241329e-09,3.306030009753158e-07,0.9999995231628418,2
6,1.3289043181430316e-06,3.183592001132496e-10,9.697996183888336e-09,1.156238766952811e-07,2.4635852469145906e-08,1.5539621927018743e-06,0.9999970197677612,2
6,4.056027762544545e-07,2.460575632134976e-10,7.204941976368673e-09,1.265595557242705e-07,1.2589186582090406e-08,1.0404049817225314e-06,0.9999983310699464,2
6,7.143659104258404e-07,4.140621734372018e-10,1.7283889874875058e-08,1.603943218242421e-07,8.533068474037009e-09,7.630443974449008e-07,0.9999983310699464,2
6,3.688352592234878e-07,1.9241887250220915e-10,5.323783636157486e-09,7.323452422269838e-08,4.650550611273729e-09,4.856179316448106e-07,0.9999990463256836,2
6,2.578097451078065e-07,1.0292280361312578e-09,1.2691883988225072e-08,1.4755377719666285e-07,6.1711187271384915e-09,1.9680770435570596e-07,0.9999994039535522,2
6,9.606200279677068e-08,1.9386763305817567e-09,7.325368311938972e-09,1.301395684549789e-07,1.762553769601993e-09,3.2007065442485334e-08,0.9999997615814208,2
6,6.031102373071917e-08,3.7030802868542882e-09,9.57624823882952e-09,7.808473867498834e-08,1.847781927466485e-09,1.948092176462524e-08,0.9999997615814208,2
6,3.16289323620822e-08,1.3297354328756226e-09,1.834571050629563e-09,4.5094868283968026e-08,5.14555231756475e-10,1.0389826776702192e-08,1.0,2
6,2.036806812100167e-08,1.6234752209243197e-08,6.102227168014451e-09,1.781154850277744e-07,6.460325607804407e-09,1.3094497930410398e-08,0.9999997615814208,2
