6,3.099534864881015e-11,1.3313505853318475e-10,3.3581193381593266e-12,4.341345061220636e-07,1.3770599105455972e-09,3.1994589200223804e-09,0.9999995231628418,2
6,1.0485525642200956e-10,2.1112168957504446e-10,1.1572237959556196e-11,9.03014552022796e-07,2.163812684585764e-09,6.2778449105849185e-09,0.9999990463256836,2
6,8.391147221509242e-10,1.06772524155474e-09,1.2340335697746951e-10,3.349515736772446e-06,1.0245113202245193e-08,5.962819926708107e-08,0.999996542930603,2
6,8.861566341833438e-11,1.0564577684890608e-10,1.422274884671504e-11,1.1386520100131747e-06,1.506176738885756e-09,8.535986140145724e-09,0.9999988079071044,2
6,1.3262931031210456e-10,2.9988464489427713e-10,1.6476407044274666e-11,1.463387434341712e-06,3.353032740349704e-09,7.284813641206256e-09,0.9999985694885254,2
6,4.964255673201022e-10,2.5581461393642253e-09,6.530194440745872e-11,1.118405180022819e-05,1.4896575528666745e-08,1.4918184021439632e-08,0.9999887943267822,2
6,4.171067935487826e-10,2.578884217285804e-09,2.106416083225149e-11,1.1033838745788673e-05,2.7564739824015305e-08,7.824471737194472e-09,0.9999889135360718,2
6,4.4025474238429396e-11,2.1699009256082038e-10,3.147539954367895e-12,2.0368759123812202e-07,1.5740626579940906e-09,1.3880010474309754e-09,0.9999997615814208,2
6,1.0581931164654888e-10,4.168615730382186e-10,6.115127501593598e-12,2.647103372055426e-07,3.0777824733263515e-09,2.953890687606986e-09,0.9999997615814208,2
6,7.261701795435727e-10,2.4131523446158103e-09,4.8126884422128307e-11,9.33018327486934e-07,1.6301514804695216e-08,1.4982411755681824e-08,0.9999990463256836,2
6,1.9748461546620355e-11,6.164386362472739e-11,1.0022889636307486e-12,9.637399500661561e-08,1.0345544421141992e-09,6.23955220824257e-10,0.9999998807907104,2
6,1.833016204100257e-11,5.2127909627719404e-11,1.3096222240341349e-12,1.1238586949957609e-07,1.186473364001017e-09,1.5382068951907966e-09,0.9999998807907104,2
6,8.507908266786046e-11,2.4633858841660583e-10,8.807775689345654e-12,9.314917974734272e-07,2.222243722371786e-09,3.5969998091189836e-09,0.9999990463256836,2
6,2.149300008802424e-11,1.7931590934328054e-10,2.764443188252308e-12,3.382743329893856e-07,1.9058368216917643e-09,1.3651482166920912e-09,0.9999996423721312,2
6,2.370949790664323e-11,2.3659274539511443e-10,1.4673282120597486e-12,1.909585023440741e-07,3.610074905679994e-09,1.3263256049000915e-09,0.9999997615814208,2
6,1.4442932093350349e-11,1.6831423754748442e-10,7.221862430989434e-12,4.764448817695666e-07,1.5360807070763371e-09,2.487638317560936e-09,0.9999995231628418,2
6,2.4681170301965597e-11,3.0586733146265033e-10,1.0444806478049353e-11,3.488695199393988e-07,9.007623091861204e-09,4.751711912831524e-09,0.9999996423721312,2
6,5.463902334051918e-12,7.970522852840388e-11,1.164344228671288e-12,3.2064423294286826e-07,9.87148940367888e-09,1.333138044401494e-09,0.9999996423721312,2
6,1.7109256719716193e-12,3.12952927461474e-11,3.0453330829294245e-13,4.1155630015055074e-08,1.6709058581199086e-09,5.564093075172137e-10,1.0,2
6,2.642260867567747e-13,5.604369832795664e-12,5.6145924498193784e-14,4.1660594973791384e-09,2.514121133501135e-10,2.1473638145419471e-10,1.0,2
6,2.1633946804128223e-12,1.5919722137769377e-11,3.7437669067261203e-13,1.845493891039496e-08,6.456628010020893e-10,7.613050745369775e-10,1.0,2
6,3.5118576883347297e-12,1.542918744157351e-11,3.251512286413933e-13,2.6243919037938213e-08,5.296671434784628e-10,4.688905375083151e-10,1.0,2
6,1.7329707113766798e-11,1.1493876683754678e-10,1.4654628422219873e-12,8.281789831698917e-08,2.318969016812389e-09,1.044073605349638e-09,0.9999998807907104,2
6,6.514787407457812e-12,3.3901461499175056e-11,8.090354558162871e-13,3.129265735424269e-08,1.121262638292819e-09,1.9150674379631027e-09,1.0,2
6,5.862543089873995e-11,1.2988120128010204e-11,1.6223889636249322e-12,4.5816282323585256e-08,2.1104711311892292e-09,9.00760976918491e-09,1.0,2
6,2.7357428822316617e-11,7.125104759669876e-12,1.5915977303465614e-12,7.853119399214847e-08,1.0148385465313936e-09,6.535468610735505e-09,0.9999998807907104,2
6,4.597551072488271e-12,1.1183220148536233e-12,3.8618850413570105e-13,2.0872654715731187e-08,8.788893224309645e-11,7.773042765002457e-10,1.0,2
6,1.668076614336211e-11,2.5923128661037298e-12,1.045291565977824e-12,2.8529482776207263e-08,6.424504817026389e-10,1.3463649084499707e-09,1.0,2
6,1.750211087170328e-11,5.237535665586489e-12,2.235685378146335e-12,5.553379978096019e-08,9.151984725619401e-10,1.065897592411602e-09,1.0,2
6,1.106244783277699e-11,2.388706203323987e-12,2.7558413450562425e-12,6.993733592253194e-08,2.62113220017568e-10,3.7239875072536677e-10,0.9999998807907104,2
6,1.59016029510628e-11,7.505499693971629e-12,1.7581169159397447e-11,1.1684419831681225e-07,3.812692106475168e-10,1.4915582102759115e-09,0.9999998807907104,2
6,1.0301767078280122e-10,1.3371968810016455e-10,5.739344069444208e-11,1.1977923008998914e-07,4.825298827171309e-09,1.140100547303291e-08,0.9999998807907104,2
6,1.571529364974289e-11,2.2005017252801904e-10,5.289006038688981e-11,8.602883383446169e-08,1.4110910218079196e-09,5.246501011413329e-09,0.9999998807907104,2
6,1.9528436159821357e-11,1.440410346553733e-09,3.5547797344603887e-11,3.726166539763653e-07,2.2132562449428406e-09,1.0895015445377963e-10,0.9999996423721312,2
6,1.4894816283139708e-11,3.689824557007171e-10,1.2565960641822138e-12,2.3395847037477324e-08,2.205915450304019e-09,3.4371221147022624e-11,1.0,2
6,2.8084827866092787e-11,5.10784692320243e-10,8.716214599038818e-13,3.0298888731294944e-08,1.774282054611831e-09,3.1437980690940386e-11,1.0,2
6,5.2541269945916014e-11,1.2066135868238348e-09,1.1444973658028543e-12,6.6921255204022145e-09,3.8251792844334895e-09,3.888171382082639e-11,1.0,2
6,4.414335216806897e-12,3.7345739833938304e-09,3.6121485576939843e-13,8.75207795125732e-10,2.8711359956190563e-09,1.7818737804708995e-11,1.0,2
6,2.681804431303725e-12,9.067990802691384e-10,9.207698080555826e-14,7.854606548507448e-11,2.3863693243697526e-09,9.961869870678264e-12,1.0,2
6,9.401499544148262e-12,2.703347545818246e-09,3.0832118542295506e-13,5.402829295064747e-10,8.853763056038133e-09,4.148284146743286e-12,1.0,2
6,5.780927472831543e-11,1.1668762311956017e-07,1.7025200693687736e-12,8.668725182126025e-10,8.812521912204829e-08,6.291073564868022e-12,0.9999997615814208,2
6,1.877575650510721e-09,1.909292421942155e-07,9.43439076861452e-12,4.4480541472324825e-10,1.543476287224621e-06,1.9694949837667508e-10,0.9999982118606568,2
6,7.071465635277717e-10,2.729653374444752e-07,3.2997004434376365e-11,4.281584420340323e-09,5.611182132270187e-07,2.2395996168711463e-10,0.9999991655349731,2
6,1.2741208088584701e-09,2.230188442808867e-07,6.036748358140276e-12,1.0889031898386747e-09,2.6237012207275257e-06,8.57256071684631e-11,0.9999971389770508,2
6,8.344113178182511e-10,9.787677868189348e-08,1.2918937837905209e-12,4.961075994458497e-10,3.308232862764271e-06,1.0222304946960747e-10,0.999996542930603,2
6,1.3571813672896835e-09,1.1715489023345073e-07,3.3545627213527048e-12,7.001124124883518e-10,3.3065771276596934e-06,7.354666875514225e-11,0.999996542930603,2
6,1.3669702869645306e-10,8.269528173343588e-09,2.1726664792363212e-13,6.280712755435403e-11,1.110817834160116e-06,2.918363467552254e-11,0.999998927116394,2
6,6.054119983112115e-10,3.836832362935638e-08,4.743551905439514e-12,1.9076785984228903e-10,9.931342219715589e-07,1.0786332244050456e-10,0.9999990463256836,2
6,3.136215454002666e-10,4.664534092313488e-09,2.4281824381050528e-12,6.04969963013957e-10,6.856049026282562e-07,1.3759215121422752e-11,0.9999992847442628,2
6,1.0381571990958348e-10,1.2679443051055728e-09,2.373933569253112e-13,5.740798114661772e-11,4.393897938825831e-07,1.2665290691216136e-11,0.9999995231628418,2
6,3.6949007742315127e-10,7.466044671389227e-09,2.55378129667555e-13,3.2394063126384154e-11,3.500042566884076e-07,9.596583076809662e-12,0.9999996423721312,2
6,3.207839549546065e-10,4.6246274365557844e-08,9.146305132538834e-14,1.164428709704568e-11,8.695551514392719e-07,8.859823465157124e-12,0.9999991655349731,2
6,5.577515671539857e-10,3.32298077410087e-06,2.8495635077908574e-14,3.127415047852328e-13,3.04760778817581e-05,3.053612918080262e-12,0.9999661445617676,2
6,8.870641443614601e-10,1.5455567563549266e-06,7.114218881967145e-14,6.652898718040312e-13,3.119395114481449e-05,6.898777989844396e-12,0.9999672174453736,2
6,1.1122914811423355e-09,4.273053093584167e-07,9.588720876335666e-13,1.8937088008819103e-11,2.7359499199519632e-06,2.274631524801229e-11,0.999996781349182,2
6,4.638864292694223e-11,2.7180151462857793e-09,4.8649591435434916e-14,2.080576683161084e-11,1.2420375128385788e-07,3.1097485697628717e-12,0.9999998807907104,2
6,7.483189762291785e-11,5.075606601678828e-09,4.3273826362544293e-13,3.8239003630202717e-10,1.3343250770958548e-07,1.04802113168323e-11,0.9999998807907104,2
6,1.723904114077357e-12,1.7947209274282727e-09,1.3046203386265362e-13,2.903477180904445e-10,8.238162152451878e-09,3.759955454624153e-12,1.0,2
6,2.2861476600688487e-11,8.770363990606711e-09,4.335258280835364e-12,7.2840737885826465e-09,4.7298787109184566e-08,1.4569411649345554e-11,1.0,2
6,4.57057225400348e-10,8.784575733500333e-09,6.6780114424402895e-12,4.3239340996592546e-09,2.395768206042703e-07,5.587475274126952e-11,0.9999997615814208,2
6,6.468287017113994e-10,2.0696790059560044e-08,8.93459460062085e-13,2.2162950585880026e-08,2.877089002595312e-07,2.0561680830200046e-11,0.9999997615814208,2
6,9.376503046221174e-11,1.6282449166737933e-08,3.712185420168268e-11,1.644035485526274e-08,1.575282482235707e-07,2.6478391701445503e-10,0.9999998807907104,2
6,5.906247019238364e-11,1.1025912405315808e-09,1.3797619297095665e-11,9.54708423428485e-10,1.3965102851898337e-08,1.504500968252387e-10,1.0,2
6,3.0213779395049656e-11,3.160943284896689e-09,1.657667232646265e-11,6.107965799806435e-10,1.3002292575947651e-08,1.8419649139289615e-10,1.0,2
6,3.104246859564341e-10,3.685725280533347e-09,8.277887923735516e-12,1.294880203062121e-09,1.218890446352816e-07,9.716232679535251e-11,0.9999998807907104,2
6,8.270097107132557e-11,9.152072433238343e-10,3.109949364005216e-13,3.0637539727429436e-10,4.333184122629064e-08,1.6103660072097625e-11,1.0,2
6,2.894495927663332e-11,5.34533094870282e-12,7.861199281052231e-15,1.0576319334210103e-11,9.731267347490302e-09,1.1926208284829263e-11,1.0,2
6,1.6090405396962382e-10,2.252104232269847e-11,1.218900875414944e-13,9.45080264047604e-11,7.49446815717647e-09,6.559553594742695e-11,1.0,2
6,3.890532063177688e-10,9.819770552255136e-10,3.718588208623946e-13,5.73771696821268e-10,3.76510911337391e-08,3.629708339447646e-11,1.0,2
6,2.994059861149978e-11,2.9009404253765855e-11,3.9705509659229005e-14,1.0022647642382587e-11,5.349446441371697e-10,4.0685708274645904e-11,1.0,2
6,1.4122315296349884e-11,2.040149160720261e-10,1.4334738365935629e-13,6.325477641677679e-11,1.1728021331869343e-10,2.002894725072757e-11,1.0,2
6,2.7874456215437604e-11,6.70550906467504e-11,3.174208874803623e-14,6.0987170175108566e-12,2.575347435307407e-10,6.006860286955629e-11,1.0,2
6,1.804648769830608e-12,1.0643916303898492e-10,1.2449386173915642e-14,1.1519281622324185e-12,1.7560301823760227e-10,2.353468982196905e-11,1.0,2
6,2.120760706804392e-13,2.2746216368774164e-11,1.1126789458337437e-13,2.540461981406783e-12,2.4197651261187447e-12,9.330458627943016e-11,1.0,2
6,2.937076309158377e-13,3.16500187169666e-10,8.915763770713307e-14,2.987321544647981e-12,2.507936740225869e-11,4.1250735466347166e-11,1.0,2
6,1.6433496924372903e-11,1.6348102871432955e-09,2.046292822688312e-12,5.325214921803045e-11,9.315308246993226e-11,3.8390210455041535e-10,1.0,2
6,7.30585592023658e-11,5.195750496511663e-10,4.376859118193632e-12,6.244528782950454e-10,2.0842479131477631e-10,1.224934931265409e-09,1.0,2
6,1.9792519012629126e-10,2.5471178499714142e-09,7.358467307705395e-11,5.619556819880245e-09,5.821285120610753e-10,4.3431773733004775e-09,1.0,2
6,2.9970477488650005e-11,1.5230139371880114e-10,6.327673801598266e-11,1.5287838550648303e-08,1.3548582256106554e-09,7.624651132687177e-09,1.0,2
6,6.239644911865128e-11,4.033750222731669e-09,2.547145827591635e-10,2.1105929448594907e-08,7.438514249002992e-09,1.2764260759468016e-08,1.0,2
6,1.693168868999173e-11,7.822689718217646e-10,1.6056673352027314e-11,1.5746914883152385e-08,2.279328548127069e-08,1.051662534834463e-09,1.0,2
6,2.7197858548655415e-11,1.8664304823889919e-10,8.224049913296838e-12,9.713894399965285e-08,5.1747193197115855e-08,1.6486599863085871e-09,0.9999998807907104,2
6,1.0850613810231556e-11,8.269923634784959e-11,1.26471359426783e-12,4.517966800676732e-08,5.733609498292935e-08,5.891399035284904e-10,1.0,2
6,1.0978054403032456e-11,2.8916555261382365e-10,2.850267591392175e-11,1.1399001209611018e-07,4.1524558014316426e-08,4.177564960627933e-09,0.9999998807907104,2
6,1.6499443955195205e-12,3.9839559429211135e-10,1.7786267250685661e-12,1.9006328955128996e-08,5.2130982197695637e-08,3.856863162177149e-10,1.0,2
6,3.888472877022764e-12,9.543564549741036e-11,2.2997542759028986e-10,8.523505812263465e-08,1.8147657598888145e-08,3.4195679621262798e-09,0.9999998807907104,2
6,3.560289563164787e-11,2.701686874218012e-09,5.63011914866962e-10,2.392537226114655e-07,1.4827972449893426e-07,7.728841566745359e-09,0.9999996423721312,2
6,3.8402325763797757e-10,1.1627300011696208e-08,1.161306606434209e-09,5.146908961251029e-07,4.398162900542957e-07,5.6546795690337603e-08,0.999998927116394,2
6,1.529121496091079e-09,6.4800733667880195e-09,2.6047872747625433e-09,1.2639386568480404e-06,5.311729296408885e-07,4.5663092862469063e-08,0.9999982118606568,2
6,2.0231094577383142e-09,3.81831064544258e-08,1.1489070805836832e-09,3.009928946084983e-07,6.375557290994038e-07,1.3590924652362446e-07,0.999998927116394,2
6,5.7564938926724096e-11,7.173788674208481e-09,1.1187578863314231e-08,1.0150101843464654e-06,1.3526750386461116e-08,3.877715926137171e-07,0.9999985694885254,2
6,1.694829346310378e-11,1.4466882136687784e-09,5.939549546640777e-11,4.9513037225779044e-08,4.895775873592356e-08,2.0739145156767338e-07,0.9999997615814208,2
6,6.379618500140792e-10,3.0584857313442626e-08,7.253837530640794e-09,6.905704594828421e-07,1.3733678372318536e-07,8.684870635988773e-07,0.9999983310699464,2
5,1.3558382079281728e-06,9.401024385624624e-07,6.196897447807714e-05,0.0013827899238094,0.0004438674368429,0.8688088059425354,0.1293003112077713,2
5,2.146825721638379e-07,2.2987453718315013e-08,7.869408364058472e-06,0.0003536745207384,7.802530308254063e-05,0.9923794269561768,0.0071807517670094,2
5,2.3882815725073673e-08,4.980086829031727e-11,9.471111894754358e-08,2.2074256776249968e-05,0.000101078498119,0.9997610449790956,0.0001156529979198,2
5,6.204907094797818e-07,1.7829744625164068e-10,2.1877639255762918e-07,0.0001166838192148,0.0004037984181195,0.9993792772293092,9.944572229869664e-05,2
5,7.848253176234721e-07,2.4489212879785782e-09,7.354605600085051e-07,0.000682656711433,0.0017562265275046,0.997298538684845,0.00026106837322,2
5,4.118504875805229e-06,1.5620589266518436e-08,6.207459364304668e-07,0.002043550601229,0.0035044683609157,0.9942830204963684,0.0001642636489123,2
5,1.3737585504713934e-06,3.674554438504174e-09,9.701221870273002e-08,0.0021569274831563,0.0009249704889953,0.9967998266220092,0.000116800169053,1
5,3.02793978335103e-06,1.1196775950850224e-08,1.5901258620942826e-07,0.0043162130750715,0.0006024842150509,0.9850863218307496,0.0099917538464069,1
5,1.6286188042613506e-07,4.3097708735118085e-10,1.0822211571337448e-08,0.0008912664488889,0.0002335300523554,0.9988009929656982,7.41236362955533e-05,1
5,2.331471726790824e-08,1.3206493190698332e-11,4.947807052957387e-09,0.0002323397056898,1.4007106074132024e-05,0.9997478127479552,5.903539658902446e-06,1
5,1.745019062582287e-08,1.0709601955261049e-10,5.363574473449262e-09,0.0001973112521227,3.2713916880311444e-05,0.9997474551200868,2.2415244529838677e-05,1
5,1.0995284682735471e-09,5.863384864440713e-12,2.0192424121656671e-10,0.0001438650797354,6.593560829060152e-05,0.9997894167900084,8.257709964709647e-07,1
5,1.3944607246685337e-08,2.6652036133612e-10,2.0466470740387877e-09,0.0002772645675577,0.0005388761055655,0.9991763234138488,7.485642981919227e-06,1
5,4.0988634708583056e-08,4.4487860617614667e-10,4.71775152277587e-09,0.0011054754722863,0.0017344076186418,0.9971569776535034,3.1128968203120166e-06,1
5,6.626465420822569e-08,8.689921005000655e-10,1.1685413525697186e-08,0.0008803759119473,0.0019745125900954,0.9970446228981018,0.0001003697907435,1
5,2.739938622653426e-07,2.1620445017633827e-11,7.984386485304641e-09,0.0003914794942829,0.0039556017145514,0.9956501126289368,2.608178874652367e-06,1
5,5.063722596787557e-07,4.3109707470456726e-10,3.2164898300379725e-08,0.001446679001674,0.0013591827591881,0.9968120455741882,0.0003816463577095,1
5,1.6117299139750685e-07,1.2566998830454423e-10,1.890119172287541e-08,0.0005403065006248,4.791671017301269e-05,0.9993836879730223,2.7872669306816533e-05,1
5,6.983173648222873e-07,2.0527730557051704e-11,1.373513303093432e-08,0.0001024682060233,5.352696916816058e-06,0.9998902082443236,1.1641648143267955e-06,1
5,1.0966724630634417e-06,4.3420417261685884e-10,1.5344866710620412e-08,0.0002374781615799,8.310787234222516e-05,0.9996570348739624,2.122218575095758e-05,1
5,4.238990243266017e-07,4.408976517211727e-10,2.18409077490378e-08,0.0001456184108974,1.7785334421205334e-05,0.9998182654380798,1.7940647012437694e-05,1
5,3.890331967681959e-08,1.0817220452707943e-09,5.449814377556095e-09,0.0014490997418761,7.82873248681426e-05,0.9983333945274352,0.0001391754631185,1
5,3.0723626309736574e-07,4.722615187802148e-08,1.90886453310668e-06,0.0123352799564599,4.737521885544993e-05,0.987381637096405,0.0002334584714844,1
5,9.398622324852113e-08,1.6561417126581546e-08,8.310783172760239e-09,0.0004668379260692,0.0003768097958527,0.999123990535736,3.2246527553070337e-05,1
5,6.955531262065051e-08,3.4072474619506465e-08,6.211712921810886e-09,0.0021495770197361,0.000834829872474,0.996358335018158,0.0006571557605639,1
5,1.2032030838327046e-07,2.0560646873946098e-07,3.033255211448705e-07,0.0173480659723281,0.00033643268398,0.9804691672325134,0.0018456840189173,1
5,2.2823903691460146e-06,6.507030292368654e-08,1.0005188414652366e-05,0.0388309024274349,0.0002889433235395,0.9607633948326112,0.0001042721705744,1
5,4.7764810773287536e-08,1.4704707673729445e-08,7.195618763944367e-06,0.2247062027454376,0.0007827847148291,0.7742958068847656,0.0002079510741168,1
3,7.786079549987335e-06,9.28337797745371e-08,1.2548198355943896e-05,0.5215951204299927,0.0009003115701489,0.4774470031261444,3.714399645105004e-05,1
3,1.4102209888733341e-07,2.3061230081111722e-07,9.46639090670942e-07,0.9998093247413636,8.968541806098074e-05,6.210016726981848e-05,3.7618236092384905e-05,1
3,7.717737275925174e-07,4.047055313094461e-07,3.882335875005083e-07,0.9998121857643129,7.085991092026234e-05,0.0001047246623784,1.0708136869652662e-05,1
3,8.693726982755835e-08,4.2469196159800056e-08,8.091513015173746e-10,0.9998555183410645,0.0001420032349415,1.0221089041806408e-06,1.2430033393684423e-06,1
3,7.072833341226216e-08,7.369171584059586e-08,2.748478111769259e-09,0.9999854564666748,1.014183544612024e-05,1.794922468434379e-07,4.099094894627342e-06,1
3,2.0859870275558023e-08,3.9128227768969737e-08,3.879299104170286e-09,0.9999977350234984,1.7440016790715165e-06,1.5278651233074925e-08,5.374375859901193e-07,1
3,4.8982951028619945e-09,9.715408921806556e-09,3.888543098629072e-10,0.999997854232788,1.9681253888848005e-06,8.67024618766976e-10,1.6479479825193266e-07,1
3,1.0290992058514805e-08,8.213744351337482e-09,2.5280458282317397e-10,0.9999842643737792,1.565270940773189e-05,1.8094380438427038e-09,7.966795578795428e-08,1
3,1.4419511806806897e-08,5.834797889292531e-08,1.4793132274704135e-09,0.999935269355774,6.353380740620196e-05,5.353430587717867e-09,1.0061911552838865e-06,1
3,7.535093971000607e-08,8.600834888738974e-08,1.3476594840078349e-10,0.9997676014900208,0.000212661398109,3.826019501218525e-09,1.95509783225134e-05,1
3,5.0867118517317074e-08,1.3527308340144373e-07,1.6093676391548684e-10,0.999919056892395,5.126830001245253e-05,2.912255991915913e-09,2.9455486583174206e-05,1
3,1.3948547916697862e-07,5.150964739186747e-07,3.24050510869256e-08,0.9997957348823548,7.068107152008452e-06,1.2612358091246278e-07,0.0001964092516573,1
3,7.085017017516293e-08,3.07579199443353e-07,9.44954425818878e-09,0.9999650716781616,2.4125369236571718e-05,4.3064531496384006e-08,1.0405980901850851e-05,1
3,9.582879556546686e-08,1.0704936492800245e-08,8.065605072715698e-09,0.9998294115066528,0.0001674766390351,2.2738404368283227e-06,6.715001177326485e-07,1
3,1.7966229393096e-08,4.2141212741597656e-10,5.361793647962188e-11,0.9998971223831176,0.0001025911333272,8.476976631754951e-08,1.2928235548770317e-07,1
3,2.1965753660424525e-08,1.6998205065732463e-09,7.923000905525612e-13,0.7082736492156982,0.2917210161685943,4.376563992991578e-06,9.054343763637008e-07,1
3,4.0923865185504844e-08,4.668372910465735e-10,1.5196599534306188e-10,0.9989385008811952,0.0010584890842437,2.871497144951718e-06,8.339221579944933e-08,1
3,2.497780116073045e-08,1.6937273805694986e-10,4.388184607351242e-11,0.9999935626983644,6.35828200756805e-06,4.5391406189310154e-09,6.86157335394455e-08,1
3,7.533511592328068e-08,5.626545895864864e-10,8.569249476675367e-11,0.9999961853027344,3.699398121170816e-06,7.328245787974196e-10,2.844432689386167e-09,1
3,1.6811425140872416e-08,3.198823983474597e-10,2.678342880813034e-09,0.9999998807907104,2.3644055602289882e-08,3.5501748762989394e-10,2.129874587808445e-08,1
3,1.0598765953773183e-07,2.2378328079497582e-09,2.027293222184312e-09,0.9999971389770508,3.804943560226093e-07,5.72650482588699e-10,2.321984766240348e-06,1
3,3.5397063058439926e-09,1.3033978341070451e-09,1.2187325801327198e-12,0.9999949932098388,3.1467391181649877e-06,1.1275255360453097e-13,1.876623628049856e-06,1
3,1.6572186678498468e-10,4.216215918062538e-11,1.1533816436648524e-11,0.9999997615814208,2.1579182885034245e-07,5.434582471541827e-12,6.01149778844956e-08,1
3,5.353246290695779e-09,3.3374631946969653e-09,1.7376993177720122e-09,0.999996304512024,4.190131335235492e-07,5.385969004123581e-09,3.218402753191185e-06,1
3,2.382784600740706e-07,3.2308169473083126e-09,2.693575362755496e-09,0.999996781349182,1.959994278877275e-06,2.4612406335222662e-08,1.0243808219456696e-06,1
3,1.5294541810817466e-07,1.4788562596734776e-09,5.265727853753788e-10,0.9999924898147584,7.250804173963843e-06,1.4341341447732248e-08,7.713296668043769e-08,1
3,1.8730991868665118e-08,7.829751430543652e-11,1.12455834574976e-11,0.9999910593032836,8.91169020178495e-06,3.134319470632363e-09,2.920544339701792e-08,1
3,1.0763124613788476e-08,3.0440644449569726e-10,3.81943391844497e-12,0.99984872341156,0.0001511633890913,9.186643112890636e-10,4.0691954694693784e-08,1
3,9.410356049954773e-09,3.4030780970972785e-10,6.670742517395079e-12,0.9999673366546632,3.255378032918088e-05,3.879875032364311e-10,9.551536095386837e-08,1
3,4.820522869763977e-10,2.102118201730008e-10,4.995537403879036e-12,0.999996304512024,3.3139033348561497e-06,2.705843327177604e-10,3.952514475713542e-07,1
3,1.48264800436948e-09,4.676726783614527e-10,2.4632153955428396e-11,0.9999991655349731,7.027563242445467e-07,4.851076762513172e-10,7.287753334139779e-08,1
3,9.502873155042836e-09,1.1865644022890363e-09,1.0135670948374642e-11,0.999996542930603,3.325015541122412e-06,1.0593129706748527e-09,7.331666296295225e-08,1
3,7.166632176591747e-09,1.743108990481801e-10,3.710243917653955e-12,0.9999998807907104,9.937502909451724e-08,2.629031888023992e-11,3.24495275094705e-08,1
3,5.283260939847878e-09,2.9070308660283928e-11,1.989368522345436e-12,0.9999991655349731,1.6132476687857892e-08,1.4356796133874196e-11,8.298786724481033e-07,1
3,2.3409626237480552e-08,3.3177880581769514e-11,4.705588783210368e-12,0.9999994039535522,4.966546498508251e-07,1.6418864878797734e-10,1.1268568300693005e-07,1
3,1.3714651636576036e-08,1.9408022064459907e-11,4.280618394469915e-12,0.9999943971633912,5.506623438122915e-06,9.535529033044554e-10,3.403439663429708e-08,1
3,2.1468722355422187e-09,4.035729389562093e-11,1.7010330860892098e-12,0.9999938011169434,6.156732069939608e-06,1.0649394560635628e-10,4.3634185153962335e-09,1
3,7.095380727406564e-09,1.6168304542429898e-11,2.095696012560655e-12,0.999993085861206,6.837564342276892e-06,2.6856941670594376e-10,1.059879828346766e-08,1
3,3.4413318417136907e-08,1.1278963873984084e-10,9.024534591839384e-12,0.999933123588562,6.662031955784187e-05,8.367409543019733e-10,1.897927432992219e-07,1
3,3.206176435455177e-09,3.7377034800556425e-10,1.0204552047116122e-12,0.9999682903289796,3.151906275888905e-05,9.16143549911652e-11,2.029234877909403e-07,1
3,3.4601047027571497e-10,4.982212559179189e-12,6.14790390904979e-13,0.9999823570251464,1.769197297107894e-05,2.3235306040314537e-11,5.416377124589644e-09,1
3,2.166309576168146e-09,1.6881124319592657e-12,1.7082810047173297e-13,0.9999984502792358,1.5265802630892722e-06,1.8638299237316854e-11,3.5378941443120477e-10,1
3,1.5883843129671502e-09,6.548843065057319e-12,1.9749784761161765e-13,0.999991536140442,8.488366802339442e-06,1.6714009343221647e-10,7.119425188273354e-11,1
3,1.3495763617754621e-08,9.520032331900019e-12,3.988032994117763e-12,0.999692678451538,0.0003073325788136,2.4220039307465413e-08,1.0144126649791474e-09,1
3,1.2576045982370944e-08,4.190108329749087e-12,1.7518152727047376e-12,0.9997875094413756,0.0002123752055922,6.423256593279802e-08,3.7341063574558575e-10,1
3,7.214330244309507e-10,2.940939321498942e-13,1.9344430029176463e-14,0.999880075454712,0.0001198625250253,4.3744022293346063e-10,3.6810228476458207e-11,1
3,3.878612708785312e-11,3.1984797568742485e-14,1.628992800094026e-15,0.9998675584793092,0.0001324303593719,5.118561130501574e-10,2.4065578089343957e-12,1
3,2.058065697030376e-11,1.0601765233937689e-13,2.0679154054273688e-14,0.999985694885254,1.4295574146672152e-05,3.1425273494534167e-09,4.177053234549755e-12,1
3,6.805767321232947e-12,1.5483332660697765e-13,4.6501454894825815e-14,0.9999946355819702,5.371369752538158e-06,2.9629547704246302e-09,1.1183678115533889e-11,1
3,1.7710111155366803e-11,3.497117417698703e-13,1.889531554225693e-13,0.9999924898147584,7.515458491980098e-06,2.613940175422158e-09,1.3601674474228442e-11,1
3,9.189690024571928e-13,2.703100160969096e-14,2.6527091544974006e-14,0.9999988079071044,1.1678588407448842e-06,3.779589835550823e-11,1.1590171530850846e-11,1
3,1.4109302268194844e-11,3.0715982871337005e-14,1.0205895915708919e-13,0.9999936819076538,6.3220768424798734e-06,5.4785134762092014e-11,1.9677802789996868e-11,1
3,4.19010702870648e-12,1.1409536510020857e-13,2.943140251909088e-13,0.9999969005584716,3.049513907171786e-06,5.084924235149169e-12,1.7422919010301463e-11,1
3,1.911027325968151e-12,6.705608155332597e-14,3.751846720128661e-14,0.9999991655349731,8.898255714484549e-07,1.518633038332523e-13,1.1811245557991068e-11,1
3,1.5528375026802044e-12,1.6066888217005498e-13,3.875079510745616e-12,0.9999998807907104,7.716886329944829e-08,3.040805454657125e-13,3.1924587973186647e-11,1
3,1.3432892222598608e-13,3.3220845643616374e-14,3.073884549675832e-11,1.0,9.316414306681507e-10,7.927773021387807e-14,2.3438287768962063e-11,1
3,1.6628216165104348e-11,1.7101287833748424e-12,5.3839058211657687e-11,0.9999995231628418,4.415064154272841e-07,8.211339247443661e-11,3.834666806312725e-09,1
3,3.015136057493706e-11,1.4548077152676252e-11,2.0447204693296858e-11,0.9999995231628418,4.909269932795723e-07,3.7496164506656266e-10,4.313364332375613e-09,1
3,1.3120576847214238e-10,5.101645234734109e-12,1.2751236698471669e-11,0.9999991655349731,8.527356953891285e-07,3.3615690786525926e-10,2.393300224667882e-09,1
3,2.132761675599504e-11,6.30094175620155e-13,1.4684168594611413e-13,0.9999998807907104,9.931704170185185e-08,4.337716644209344e-11,8.641784510210471e-10,1
3,7.924229328271082e-11,2.854900994428422e-12,4.85566491528755e-12,0.9999996423721312,4.106612720988778e-07,1.6172189143404123e-09,1.0112309878351764e-09,1
3,8.5581916553501e-11,5.695862184684764e-12,7.60404586519492e-12,1.0,5.637702926719612e-08,6.033939459193505e-10,2.6679620734881837e-09,1
3,7.638917276509004e-10,1.0207553552410433e-11,1.3157804706898089e-11,0.999996781349182,3.210176828361e-06,7.38527516919163e-10,2.759941608587724e-08,1
3,1.4087138122675922e-09,7.350887260004768e-12,1.8235022866686097e-12,0.9999959468841552,4.060184892296093e-06,9.366277892164375e-11,1.5340198000757255e-09,1
3,2.8166047272293326e-10,1.2041586477939958e-11,4.937391641368638e-12,0.9999995231628418,4.985519694855611e-07,6.633274225037456e-12,1.2684504113735784e-08,1
3,3.6323460905762767e-10,2.8328898254992296e-11,1.221078576793544e-12,0.9999992847442628,6.444194582400087e-07,1.3310823797352269e-12,1.9223680425284332e-08,1
3,3.187556885109188e-09,5.4780752850591696e-11,7.920325853505439e-12,0.9999995231628418,4.229283661061345e-07,3.3121472144820308e-12,1.367483726255614e-08,1
3,8.883631608114229e-10,1.1421078492668268e-11,1.4764048273871457e-12,1.0,3.3359622619855145e-08,6.569584828398922e-14,2.4591593206224616e-09,1
3,9.844703177663838e-12,4.079043092880541e-12,2.713582396979275e-12,1.0,1.7253639628123094e-09,5.1838390960974755e-15,1.6190188079079346e-09,1
3,3.7124900376106496e-11,5.699861589658628e-12,1.6544727827333405e-12,1.0,5.217720921990576e-09,3.721947473530121e-15,5.25550269969699e-10,1
3,5.431674554579047e-11,5.924284934150093e-12,4.2521346686752453e-13,1.0,1.612310995824373e-08,1.924149053861312e-15,6.333195079477605e-10,1
3,7.172450133818842e-11,1.0772274565418184e-11,7.273618556416507e-13,1.0,2.1470588862371187e-08,7.870291332708057e-15,2.3634219026291703e-09,1
3,3.2620084411405514e-10,8.306883653164121e-11,1.2143027035282916e-11,0.9999998807907104,8.2691464342588e-08,1.2518682108737106e-13,2.1416475703972537e-08,1
3,9.73931629788538e-11,1.8764779660673803e-11,8.475126525055167e-13,1.0,1.2798707871297664e-08,5.023486865336291e-15,1.557871498469865e-09,1
3,6.276441172348157e-12,5.467362673705622e-13,1.6632386386130488e-14,1.0,5.196315600031197e-10,9.031416669949564e-17,2.8370461535587305e-10,1
3,3.856529678936127e-11,6.570017533485961e-12,4.229454243429021e-13,1.0,1.6320196749575192e-08,6.629653016886408e-14,1.6738948005468044e-09,1
3,3.9494666217998464e-12,4.226615260040367e-13,4.3721092284759733e-13,1.0,8.646038884840833e-10,1.2880930825816869e-14,5.474213096712255e-11,1
3,9.606366917214169e-12,7.920880883702588e-14,2.3406352810811937e-14,1.0,2.4488912231390717e-08,5.992683562924818e-14,9.527846393797557e-12,1
3,1.1238220423703815e-11,1.4637769485013538e-14,1.9175018039890564e-16,0.9999998807907104,7.403075841239115e-08,4.418775221214869e-15,1.5569948217004914e-13,1
3,1.1033096311563462e-11,8.983257388829603e-14,5.4678185807191526e-14,1.0,2.760759842956872e-09,1.3384965065563886e-13,5.40127513028177e-13,1
3,4.185117421888485e-13,1.551657972031703e-14,1.3577988119430322e-14,1.0,1.2964389284331188e-10,1.2390913583742546e-15,2.442560693635687e-12,1
3,3.3485743339408895e-14,4.0471835083807434e-16,2.350564868327354e-16,1.0,1.707125760197492e-11,3.008710039098569e-18,3.778801171982777e-15,1
3,6.949013304884122e-13,9.339965493994783e-15,2.2298392211188896e-15,1.0,1.7041044964027918e-10,1.6396884968772427e-16,9.064012154768113e-14,1
3,5.385929115891974e-12,7.902240568445542e-15,2.1897831177465285e-14,1.0,6.076301684032615e-10,1.1675547884732428e-14,3.8261641034306737e-13,1
3,4.948530821224928e-11,1.989331415526083e-13,2.897253156787169e-14,1.0,3.906521328644885e-09,2.2936009645355143e-13,9.325245436953011e-11,1
3,4.7067877373407896e-11,6.978317229622277e-12,4.032576054628428e-15,1.0,4.489516314265529e-08,5.509208168060376e-15,1.1795531218439235e-09,1
3,1.6687583259678007e-10,4.708310998025045e-12,4.892303142461918e-12,0.9999998807907104,8.014808372536208e-08,6.824521416731733e-12,8.797499950752297e-10,1
3,1.1600293642333169e-10,1.362469165266944e-12,1.959977102491961e-12,0.9999995231628418,5.120162427374453e-07,4.001427661437518e-12,7.010842600907452e-11,1
3,1.582209710471183e-11,3.921653312418533e-13,5.472996730294943e-13,1.0,2.9569310555643824e-08,1.5327733724726685e-14,2.3423537415245832e-11,1
3,1.624258778691601e-12,1.6402665629824262e-13,4.299998670933419e-14,0.9999998807907104,1.5306956413496664e-07,1.00533230896452e-14,1.3209288263899e-12,1
3,1.9976680032396388e-11,4.087273054731444e-13,4.2620549830282156e-14,0.9999980926513672,1.962842134162201e-06,4.6194774757811134e-14,7.657197792498849e-12,1
3,5.877427988743023e-10,3.2132965992887064e-12,1.8963786704156997e-12,0.9999833106994628,1.665548734308686e-05,4.689099369209471e-12,4.212970944328376e-11,1
3,2.876846094679308e-09,3.1436523523220566e-11,2.596154899132258e-13,0.9998677968978882,0.000132167697302,1.8968869443941605e-12,3.2183078424452555e-10,1
3,7.148930780687124e-09,4.553048042754693e-12,8.707132237439907e-13,0.9999988079071044,1.146190243161982e-06,1.7903260254512054e-12,1.2888436151659022e-10,1
3,1.6894663446009872e-08,8.309078425305927e-11,1.794820680967035e-10,0.999998927116394,1.0979099442920417e-06,2.8414496450190896e-11,1.7493464454787502e-09,1
3,1.1398613608548658e-08,4.996278564484147e-12,2.4067626364088213e-11,0.9999997615814208,2.1194887267483867e-07,2.9388813431452387e-12,1.0125704719143867e-09,1
3,4.606511438964844e-08,1.2634888794937904e-11,6.243477956857646e-10,0.9999995231628418,4.380383984425862e-07,1.897938334272098e-10,3.745015408895824e-09,1
3,8.678970431219568e-09,2.2934758259207652e-11,5.244396583670151e-10,0.9999997615814208,5.495027366464456e-08,3.314077137717142e-11,1.5896098659595737e-07,1
3,2.7270621316688448e-08,4.495273511068154e-12,8.766307124652427e-11,0.9999998807907104,1.247845631269229e-07,8.02991007020637e-12,2.9485998087608323e-09,1
3,7.2534923845069e-08,1.2082911060584678e-11,4.06407618669391e-09,0.9999998807907104,4.856685720255882e-08,8.306186988216169e-11,2.135907806177784e-08,1
3,1.6442417427597886e-09,4.833038483309515e-12,2.728526848905233e-10,1.0,2.2897996387882813e-08,2.82338041834862e-12,7.524245226875337e-09,1
3,5.974252759166632e-10,6.2136797443490535e-12,1.780882663560135e-10,1.0,2.95976363418049e-08,3.621675713234157e-13,7.52625073374702e-10,1
3,6.716469602707774e-10,1.0667243130479951e-11,6.803292373902535e-10,1.0,4.5390251557364536e-08,4.665420393762387e-12,3.553713545656478e-09,1
3,2.059149517563696e-09,5.5647379065826286e-11,5.963027849276158e-10,1.0,1.9397504047447e-08,5.510604125791296e-12,1.3768564954830254e-08,1
3,2.600780479866671e-09,4.4207994903677765e-11,1.160593221527506e-08,1.0,1.6177448713960985e-08,4.2903715302688994e-11,1.8791947997698344e-09,1
3,2.4411717092220893e-09,3.831791481334612e-11,1.1648490172433412e-08,1.0,3.5041633594801176e-08,3.5181296764719145e-10,3.6075911147293027e-09,1
3,1.3541443877329584e-07,1.9297383135885585e-11,5.267230540617618e-10,0.9999994039535522,4.229149794809928e-07,2.632398743429576e-10,2.076058436273342e-09,1
3,7.754164421669431e-09,8.583227878444788e-12,3.036995654959185e-10,0.9999996423721312,4.0037360804490163e-07,2.2822878309458614e-10,3.5626572802982533e-09,1
3,5.7486893717539893e-11,5.968685289937936e-13,1.2963121895359642e-11,0.9999998807907104,8.030569631500839e-08,3.0499847439302567e-12,1.2528565684899462e-10,1
3,8.775141030481493e-11,2.2698000163440257e-13,1.5365634112307625e-11,1.0,1.6608534991746637e-08,2.4529300032133383e-12,6.351482534361351e-11,1
3,9.010196061476349e-11,1.364609515880702e-13,5.227292665561933e-13,1.0,1.1359851725956105e-08,1.832231469409834e-13,9.036350660796e-12,1
3,1.918620123886328e-10,2.520205181696933e-13,7.235043185220559e-13,1.0,5.7368584549521984e-08,8.645185262112777e-13,1.8988146124887528e-11,1
3,6.148491160651304e-10,3.466834675239228e-12,1.4159307678163896e-13,0.999996304512024,3.647700168585288e-06,2.2715770237047295e-12,3.8114569833602724e-10,1
3,5.152503076977233e-11,2.0774302959304658e-13,3.518996888590004e-13,1.0,3.3989568493097984e-08,8.926126032976837e-14,1.5386214437945744e-12,1
3,3.906591716784647e-11,9.9021528823795e-13,1.917944752669043e-12,0.9999998807907104,1.1375326636198225e-07,1.3494472195490353e-13,8.604527507172222e-11,1
3,4.1664391381424077e-10,3.8412637870868793e-13,2.3829965778432438e-11,1.0,3.982455609730096e-08,4.092446867498545e-12,5.683471748785252e-11,1
3,4.1129841199527556e-10,3.390045405851639e-13,9.298767311705091e-10,0.9999998807907104,8.062415446374872e-08,2.3182890069445294e-12,2.8804736373899686e-11,1
3,7.01975422234824e-10,3.153009808538193e-13,1.635225843621413e-10,0.9999990463256836,9.882174936137744e-07,2.6406199449269247e-10,3.0664096262178475e-11,1
3,4.9018402184519686e-12,1.8562413636887508e-14,7.931244203063237e-12,1.0,1.3327424497333597e-08,3.9261364884017597e-13,1.3399019307275273e-12,1
3,2.885863076285133e-11,1.8064685218619623e-14,2.7553908807376185e-11,0.9999998807907104,6.564092558392076e-08,5.076341365491123e-13,1.7756266292370817e-12,1
3,1.1079318885942602e-11,3.502521894478e-14,1.16536766348041e-10,0.9999998807907104,6.73314985988327e-08,6.039202883438566e-13,3.532218354612704e-12,1
3,5.597191113371203e-12,4.0316396597052384e-14,1.676671468331392e-09,1.0,2.474588889356255e-08,2.577413759849434e-12,1.094182904004537e-11,1
3,2.5307050899314726e-10,5.098456379304396e-13,1.8197086504301296e-08,1.0,4.0840259174501625e-08,2.917926664181003e-11,2.526368003685775e-11,1
3,3.8053829531925487e-10,1.304613318417469e-12,8.785652738652061e-08,0.9999997615814208,1.6483046749726785e-07,1.399802718182741e-09,3.046156105135367e-10,1
3,3.060115938424701e-09,6.549533051319889e-12,2.6084363113909603e-08,0.9999995231628418,3.8848745020914077e-07,7.117570977044352e-10,3.845013474279568e-10,1
3,3.966721617842951e-09,3.847951905028291e-12,9.426179836680149e-09,0.9999995231628418,4.148625123434613e-07,7.629051279600674e-10,2.991656644635299e-10,1
3,3.819535354665504e-09,9.374899944888937e-13,1.9152775199149372e-10,0.9999958276748656,4.192825599602656e-06,1.3787158081868254e-09,6.066523672298985e-11,1
3,3.132557824248039e-10,3.4801432569064868e-12,2.3900390000441973e-10,0.9999997615814208,2.5057562424990465e-07,2.5898080555086797e-11,3.9093731030170886e-10,1
3,3.855034513833289e-09,2.014185172816152e-11,1.5148124421493492e-10,0.9999983310699464,1.6459611060781754e-06,1.0703445768589503e-10,2.4542384791104155e-10,1
3,5.574672279351489e-09,5.0046626565158896e-11,3.0998501543422204e-09,0.9999935626983644,6.3762804529687855e-06,1.3558440481453715e-10,1.419645401234959e-09,1
3,8.741806389878093e-09,1.2506674862411415e-10,1.9031650921874643e-08,0.9999905824661256,9.417689398105722e-06,3.7005801201139827e-10,7.730731610422481e-09,1
3,2.24660912095942e-08,5.947195513833492e-11,5.626489052446004e-09,0.9999969005584716,3.069755166507093e-06,8.620895664002147e-11,2.46801845626976e-09,1
3,9.093811037530486e-09,9.52778758667172e-11,4.1286848939670046e-10,0.9999990463256836,8.888628713066282e-07,9.34506725475126e-12,2.3784647584790264e-09,1
3,1.0735732303146506e-09,1.1372434244316664e-10,1.610726135803375e-10,0.9999998807907104,5.1089426023054336e-08,2.585112300005493e-13,9.383543719820864e-09,1
3,1.5021904831158395e-09,1.6151925283369728e-11,4.926070662492066e-11,1.0,2.0703746272943132e-08,4.5794209488922786e-14,1.1455773135660151e-10,1
3,5.727152529999557e-09,4.1533016609252016e-11,3.7792016044368986e-11,0.9999990463256836,9.37055176564172e-07,1.8344047526645813e-13,1.591233672604275e-10,1
3,8.770982162786822e-09,7.633707554965952e-11,9.918311727474816e-10,0.9999998807907104,7.795380696506983e-08,1.341583772242541e-13,1.7245773697993627e-09,1
3,1.1757144147139795e-09,1.9761539626905744e-11,2.637707829933333e-10,1.0,1.9307179854877177e-08,1.6876724898227252e-14,2.3414395422527434e-10,1
3,7.91075294159782e-09,1.1602886013095669e-10,2.733678283739493e-10,0.9999997615814208,1.978205261821131e-07,1.5788282139994616e-13,5.348302911656333e-10,1
3,1.534207205722282e-09,4.603870756847428e-11,3.8487553422061887e-11,0.9999998807907104,1.1284574696901473e-07,1.9560543709404822e-14,8.762282566188161e-10,1
3,2.63298771674414e-10,1.2453673075424332e-12,5.999880496945775e-13,1.0,1.5717148471594555e-08,4.704783095635335e-16,3.2236345537395295e-11,1
3,1.2547797245687775e-09,9.805159288667207e-12,5.738719222048161e-11,0.9999996423721312,3.359149900461489e-07,6.326241071795413e-13,2.200132742657956e-09,1
3,9.284523705410663e-10,4.788526346277688e-13,2.614964234731732e-12,0.9999985694885254,1.419013074155373e-06,1.0695560105980497e-12,1.251252573775119e-10,1
3,1.6523885038033368e-10,7.379212258601386e-13,3.702297149410505e-11,0.9999990463256836,9.351768426313356e-07,2.3944700389133544e-12,8.287712183197016e-11,1
3,4.434175804313156e-10,3.285498771914836e-13,1.3830618508098302e-12,0.9999994039535522,6.393363491952186e-07,2.0625372069982277e-12,7.403366981961756e-12,1
3,4.824735055919405e-10,2.8556292801327355e-14,9.388927217071285e-14,0.9999980926513672,1.872089114840492e-06,1.2398994591461545e-12,1.6367047691104308e-12,1
3,1.350604870997696e-11,3.8309453672486996e-14,1.458310333385046e-13,1.0,3.607179976938824e-08,2.2151889392631797e-15,5.14405575427479e-12,1
3,3.1082445645091994e-11,9.693631395626607e-15,1.0219512647962387e-14,1.0,2.7066804353381713e-09,2.6989381375278195e-16,3.001903413346607e-12,1
3,5.060171465870456e-12,3.569204139734121e-15,1.16753251150673e-14,1.0,1.3214045413434403e-09,6.070511755915181e-17,1.398019747926929e-14,1
3,1.568847385335914e-09,1.0247452842879201e-12,5.769986918813253e-12,0.9999998807907104,9.92914763742192e-08,4.193169181559813e-14,9.49605411665333e-13,1
3,2.5575586093395936e-10,4.023493344051943e-12,1.5731692207601733e-12,1.0,2.215581318409932e-08,1.2626155173744037e-14,1.9517158722504035e-11,1
3,3.691851824250136e-10,5.205099372351807e-12,2.638968253990126e-12,1.0,2.870292670209551e-09,6.361629515408635e-15,1.2894667104912384e-11,1
3,2.265573950666066e-09,2.8798857396039598e-11,2.4486440652893293e-11,0.9999997615814208,1.857356153323053e-07,1.488647394373363e-13,7.336187213269341e-10,1
3,4.710722922851572e-10,2.1753867804341628e-11,1.4428434835789259e-10,0.9999998807907104,7.355026099276074e-08,1.2797704519382225e-12,3.1497593422358245e-10,1
3,1.2943886851246589e-08,2.4343593547221376e-12,1.0916041681685583e-10,0.9999992847442628,6.712037929901271e-07,9.628146804135929e-13,1.5716304993529384e-11,1
3,1.6774672317865225e-08,2.4032375048332888e-11,3.0315819299353564e-10,0.999998927116394,1.0283991969117778e-06,7.355560930309701e-13,9.315813398469429e-11,1
3,1.1986086789761431e-08,3.6978885231686576e-11,8.988621513772442e-10,0.9999940395355223,5.903946203034138e-06,1.1152145179549322e-11,3.093182099345171e-10,1
3,3.515563307132652e-08,3.401214032638933e-11,4.8499662619327915e-11,0.9999940395355223,5.912550477660261e-06,8.84785560789636e-12,4.854876500814953e-09,1
3,8.265361728376774e-09,6.653087802899194e-11,5.423040488894415e-12,0.9999889135360718,1.1057930350943934e-05,7.683549109460674e-12,5.093051536064762e-10,1
3,4.122216523683164e-08,6.389102025217142e-10,1.1303089575420702e-09,0.9999903440475464,9.636720278649593e-06,3.6715358531225206e-10,4.9368260590654245e-09,1
3,2.864454131668026e-07,4.0747019092179926e-09,1.3537370113780867e-09,0.999975085258484,2.4649636543472297e-05,1.154137785341902e-09,3.5614842630593564e-08,1
3,2.1345538669947928e-08,4.1687006624435696e-10,9.457018501635162e-10,0.9999990463256836,8.974272986961296e-07,3.17242347842861e-12,1.1093029606001892e-08,1
3,2.906102167798963e-07,2.9729905204334273e-09,6.618049752660228e-08,0.9999980926513672,1.4571561450793524e-06,4.774341477720155e-10,6.799525209544299e-08,1
3,2.2856069392673817e-07,1.0876335387877132e-09,1.088144019334436e-09,0.9999711513519288,2.8561780709424056e-05,4.8742471170371e-10,9.778360521295326e-08,1
3,8.664348456477455e-07,4.1644318549138854e-10,3.0628303449020684e-08,0.999977707862854,2.10911275644321e-05,1.1148662437676649e-08,2.6814140596798097e-07,1
3,1.3424464384570456e-07,1.430639717803217e-09,2.462871862007887e-07,0.9999948740005492,3.578674068194232e-06,2.7239865474371072e-08,1.1721029977707076e-06,1
3,4.150099073285674e-07,4.37707231570883e-10,5.979446626724895e-08,0.9999961853027344,2.2225335669645574e-06,1.4303203954568744e-08,1.1477426369310706e-06,1
3,3.111935882316175e-07,8.82245054789621e-10,9.379913024076815e-08,0.9999899864196776,2.835346549545648e-06,1.742033362006623e-08,6.807450517953839e-06,1
3,1.0516157544770977e-07,5.125952440288016e-10,7.346783803541258e-08,0.9999945163726808,3.739261842383712e-07,1.8177238603200863e-09,4.9098612180387136e-06,1
3,1.8664426448822272e-08,1.005802108267062e-10,7.644656463412502e-09,0.9999996423721312,2.6573596301204816e-07,1.4124094949163887e-10,1.2588243336608684e-08,1
3,7.704333171432155e-08,3.108978074983781e-10,5.992306739699417e-08,0.999998927116394,8.372019806301978e-07,3.670251325083029e-10,4.667516151357631e-08,1
3,2.617208565425244e-07,1.0961115348706583e-09,1.9537740314490293e-08,0.9999957084655762,4.016805633000331e-06,3.183296404252189e-10,2.0903760500345925e-08,1
3,4.231357664252755e-08,5.346024734009801e-10,1.2612143551749e-09,0.9999953508377076,4.563867150864098e-06,2.5644000811730905e-10,3.730885111963289e-08,1
3,2.9194484607586446e-09,4.549989551794198e-11,4.0602962769753503e-08,0.9999996423721312,2.986137133120792e-07,1.2074442556908591e-09,2.039083346616621e-09,1
3,2.766689632949237e-08,1.2111336933351424e-10,1.6279358305837377e-07,0.9999992847442628,4.756919906867552e-07,1.122077541992894e-08,5.853070028649654e-09,1
3,7.314756356180396e-09,1.0219529389399183e-10,5.5299205214964794e-09,0.9999996423721312,3.776465860028111e-07,5.148672599375459e-10,2.9024920245035446e-09,1
3,2.7020155557444525e-10,3.483676454946183e-12,7.637303983676347e-11,0.9999997615814208,2.802615028940636e-07,1.9912460569315726e-11,2.2156755596913766e-10,1
3,5.357134180705714e-10,5.283346243140086e-12,2.6254048934859503e-10,0.9999997615814208,2.53573830377718e-07,5.000552749656606e-11,2.0308697779025664e-10,1
3,1.8276409274875503e-09,1.2344509095485456e-11,2.2804254318220527e-10,0.9999995231628418,4.571454326196545e-07,9.049545834916016e-11,9.859003197165706e-11,1
3,1.756034762045999e-10,4.852003781391501e-12,1.154334058894868e-10,0.9999988079071044,1.1450016472736024e-06,1.8309360971802136e-10,4.3473034200269816e-11,1
3,1.1530325999542511e-10,2.623855776748285e-12,1.9359151781639383e-10,0.9999998807907104,8.52950634566696e-08,8.295974324168398e-11,5.066296687727956e-11,1
3,9.538434486699998e-10,5.981224543427642e-11,8.088419378715628e-10,0.9999995231628418,4.294152233796922e-07,2.7160369439616083e-11,6.579572997544858e-11,1
3,8.936655304658813e-10,6.249789314544119e-12,8.07774291899932e-09,1.0,5.026830507404157e-08,1.0270945899337748e-10,4.7387205270865707e-11,1
3,1.408412275694104e-09,2.7563829690935293e-11,2.55223344680644e-08,0.9999994039535522,6.026067467246321e-07,5.976574235511123e-10,1.9076647206350827e-10,1
3,6.138739516714509e-10,4.514074183892269e-11,1.3711816126971144e-09,0.9999997615814208,2.488687869117712e-07,9.966739239475332e-11,8.236977211417694e-10,1
3,7.676972946235594e-11,3.6954710125325356e-11,2.260744036419737e-09,1.0,4.47436825368186e-08,4.125144323352536e-11,7.661442036344113e-10,1
3,5.429478533436337e-10,7.589527617479773e-11,9.5862606741548e-09,0.9999995231628418,4.178631911599951e-07,1.4117655655621064e-10,6.571750366113348e-10,1
3,1.964851570335213e-08,1.2242919178451214e-10,4.146281096240045e-09,0.9999923706054688,7.6250989877735265e-06,5.125658231186492e-10,3.7063579982898887e-10,1
3,1.1536430122305322e-07,4.3501774404930416e-10,1.0271791417437726e-08,0.99993634223938,6.349135946948081e-05,7.1181163185940485e-09,2.4660433695089523e-09,1
4,3.104533448095026e-07,4.4693148737451345e-08,9.925314042869005e-12,0.0122769242152571,0.9877212643623352,8.325570455269826e-09,1.4696202015329618e-06,1
4,2.847737050615251e-07,2.0869995509542605e-08,8.810194934705251e-11,0.0130321243777871,0.9869672656059264,3.988614594163664e-08,3.3875105032166175e-07,1
4,1.8472019291948527e-06,4.763775905303191e-06,4.8582332823343683e-08,0.2487569898366928,0.751181423664093,6.715556537528755e-07,5.419541776063852e-05,1
4,1.8999726307811216e-06,2.8551289688039105e-07,5.694364979547117e-09,0.0031584117095917,0.9968299269676208,1.6605163466465458e-07,9.318261618318502e-06,1
4,6.138623831475344e-08,2.1497815083648675e-08,2.449851953245652e-11,4.339573024481069e-06,0.9999951124191284,1.969568730331161e-09,3.160195660711907e-07,1
4,9.255298039079209e-08,2.387278819071525e-09,7.391061504144479e-13,1.978178261197172e-07,0.9999995231628418,3.5019867561381085e-10,9.921003396584639e-08,1
4,2.099002216482404e-08,1.984309827562924e-09,3.277050397536285e-13,2.2442424807422867e-08,0.9999996423721312,1.1931261534314783e-10,3.309677367724362e-07,1
4,2.661649789459375e-10,1.4454772448435628e-11,2.255517448431377e-16,5.364357846815436e-10,0.9999949932098388,2.842639047328372e-13,4.983640792488586e-06,1
4,1.8238281995763826e-09,1.2429019619064618e-11,3.628915462653017e-16,4.863049962722243e-09,0.9999710321426392,9.166817695541174e-13,2.895909346989356e-05,1
4,7.332402685022998e-09,5.932467295188815e-10,6.568632763366208e-14,1.512632081812626e-07,0.9999371767044068,3.93296124834297e-11,6.26862165518105e-05,1
4,1.928799120420876e-09,1.5957361820806426e-10,4.402270784237619e-15,3.36693943836508e-08,0.9999960660934448,1.5474328632705814e-12,3.881378233927535e-06,1
4,1.549050998583823e-09,8.476543772450995e-11,3.2948546150414265e-15,1.4424465177853564e-08,0.9999983310699464,6.440322992788683e-13,1.6735369854359303e-06,1
4,4.896212768557007e-09,5.137990588544028e-10,4.649502760882204e-15,5.7101122052927173e-08,0.9999979734420776,6.724636581086074e-13,1.9992012312286533e-06,1
4,1.4946133219950752e-08,6.332028790190235e-10,3.055986665234504e-15,7.696739601215087e-08,0.999998927116394,3.252587814969038e-13,1.0125248763870331e-06,1
4,1.8139518331850013e-08,6.906867855427379e-10,2.822610241782868e-15,3.573854101546203e-08,0.9999995231628418,5.836036948841938e-13,4.42331185013245e-07,1
4,8.617249136477768e-08,9.717494586780615e-10,7.698244541560605e-15,5.0614829660844414e-08,0.9999995231628418,1.9413296924869483e-12,2.981325053497131e-07,1
4,1.5047512125221372e-09,1.1594634974354534e-10,1.1314329943222002e-16,8.437202603239767e-10,0.9999998807907104,5.080659132880409e-14,1.5507045247886708e-07,1
4,1.5130948716191026e-09,4.4805614080045686e-11,2.9275453816746104e-17,3.8667555268823145e-10,1.0,1.8400659143082146e-13,2.4783675556250276e-08,1
4,2.4790709485245092e-09,1.0996120680673016e-11,1.1550911373909926e-17,1.4426710936987772e-09,1.0,7.262030061495894e-13,1.0220166934971076e-08,1
4,2.522090536416499e-09,3.07240725916369e-11,1.564887579788032e-17,9.201716721918274e-09,1.0,2.0929850734485722e-13,1.466953758466616e-08,1
4,4.257343089175691e-10,8.629896385177471e-13,5.262631107529877e-19,1.0675481831867728e-08,1.0,8.635984044850707e-14,6.694573229104606e-10,1
4,8.085291880455259e-10,4.0246809791116833e-13,2.9025463705610628e-18,3.5152623922840576e-08,1.0,1.904104911937265e-12,5.075401210419273e-10,1
4,2.4624599248568305e-08,1.152380708219214e-12,2.581864783891352e-17,1.6181883211174866e-07,0.9999998807907104,1.4535296577466994e-11,2.7478899156108127e-08,1
4,4.2176608872068755e-09,6.426982427157335e-13,2.3798221969625184e-18,3.128078063241446e-08,1.0,1.731502311322353e-13,2.5080026944124256e-08,1
4,1.1955625822679394e-08,6.918298806014508e-14,2.1118739947285224e-18,2.677372634707353e-08,0.9999996423721312,6.856010984629403e-13,3.217110702280479e-07,1
4,6.483750342178851e-11,4.3504188153385e-15,1.330209984120551e-20,3.9323025391446715e-10,1.0,8.748550996595834e-15,2.3959984218890892e-08,1
4,6.774752980831521e-10,1.6011868260180353e-15,5.023454935337466e-20,8.150649044580405e-10,1.0,8.516248145053197e-14,5.843592720822244e-09,1
4,1.3568730139468244e-08,4.2859246425323854e-13,1.6515957948821678e-17,2.085461137113498e-09,0.9999996423721312,4.913077865549564e-13,3.294520638519316e-07,1
4,1.1924723430922768e-08,7.876008005502921e-12,2.798561123525746e-16,4.94459806432701e-10,0.9999997615814208,2.3003001413390844e-12,2.59078177577976e-07,1
4,1.0429993757554712e-08,1.7342416391841198e-10,4.870209689025284e-16,5.188996454741357e-10,1.0,1.1941385380520586e-12,3.6462076025145513e-08,1
4,1.0364198388401744e-09,1.6472328709382644e-11,2.062630443938138e-16,4.0008638069188857e-10,0.9999988079071044,6.463513751997496e-12,1.1341567187628243e-06,1
4,8.217907243590616e-09,1.0111325839112784e-11,9.249430377427509e-16,3.3525540121814852e-09,0.9999988079071044,2.5677812653945864e-10,1.2410587260092143e-06,1
4,1.2902757084987117e-08,5.067972153049992e-10,4.644397693309103e-15,2.3925812442371353e-09,0.9999942779541016,5.423858584485686e-11,5.716983650927432e-06,1
4,1.0001195427378208e-08,7.29217530803794e-09,1.7698626377936514e-14,3.0717608012764686e-08,0.9999977350234984,3.323958469581001e-11,2.259382426927914e-06,1
4,6.277345310223835e-10,5.399782398995967e-09,1.1711935149597051e-16,2.775876861704773e-09,1.0,7.648902670097379e-13,9.960896996119573e-09,1
4,1.3765529827125531e-09,3.847722584993107e-09,6.575993754963556e-16,9.536340606075555e-10,0.9999918937683104,4.1903095576722996e-12,8.060659638431389e-06,1
4,4.11256140253613e-09,1.0195868327400605e-07,1.6735409097680897e-15,2.946187072083717e-09,0.9999995231628418,6.089728547820084e-12,3.013526566064684e-07,1
4,1.4052935481956295e-09,3.114542579396584e-08,1.0785866087430043e-16,2.788087538618811e-10,0.999998927116394,6.5218420941537395e-12,1.0410506092739524e-06,1
4,4.959039845431333e-10,5.605599184832499e-08,4.8069533346987815e-17,2.1638226765929854e-09,0.9999998807907104,1.0528308910448536e-12,7.455747663698277e-08,1
4,8.453949207343213e-10,4.357258092113625e-07,4.623047063203255e-16,1.2366478951975066e-09,0.9999990463256836,3.949259322344467e-12,4.685657586378511e-07,1
4,1.3893822981003724e-08,7.226908564916812e-07,2.7701636557547763e-14,2.525378794970834e-09,0.9999964237213136,8.70612401615567e-11,2.9161490147089357e-06,1
4,1.9036207277167705e-08,1.0525955076445823e-06,5.1348411200108363e-14,1.46708964976483e-08,0.9999972581863404,9.811819412508528e-11,1.6797488342490396e-06,1
4,1.3018325972780076e-08,2.925013120602671e-07,6.737744585351424e-14,1.2057725484737604e-08,0.999992609024048,8.718287203279829e-11,7.035929684207076e-06,1
4,6.959018250540794e-09,1.0241467407468009e-07,1.4150834638185924e-13,1.0013629925254008e-08,0.9999699592590332,4.678577664174455e-11,2.9880375223001465e-05,1
4,3.9688128339321345e-08,8.668300779390847e-07,7.547603167457062e-12,6.230720828170888e-08,0.9992885589599608,9.746398133003707e-10,0.0007104502874426,1
6,1.4539714356942568e-06,4.173157503828406e-05,4.567612510442132e-09,5.476430487760808e-06,0.00403045816347,2.3884831890086392e-08,0.9959207773208618,1
6,1.407702177047554e-09,3.59983943098996e-07,5.2767967079203615e-11,2.0748653906110803e-09,6.7470127760316245e-06,2.047143787820005e-09,0.999992847442627,1
6,3.2538396976811157e-10,6.348501724318112e-09,1.211319673039002e-11,2.2590507242625788e-10,3.1102147204364883e-06,1.7363245563561944e-10,0.9999969005584716,1
6,1.1253213472173229e-07,4.385358067793277e-07,1.5516819473759824e-07,6.1522456462626e-07,2.173766915802844e-05,2.151078035694809e-07,0.9999767541885376,1
6,3.4754052080643305e-07,8.439305929641705e-07,5.439834893650186e-08,3.3927452136595093e-07,3.5992939956486225e-05,1.3906188200962788e-07,0.999962329864502,1
6,1.3975868284887838e-07,5.648107759270715e-08,4.123117403054266e-09,5.4623807699272227e-08,1.3612635484605562e-05,2.14267217302222e-08,0.999986171722412,1
6,5.346889793145237e-07,3.768294050132681e-07,9.28600911720423e-08,1.7936058327450158e-07,1.6384004993597046e-05,3.51107985352428e-07,0.9999819993972778,2
6,1.359378813958756e-07,2.714667743930477e-07,4.732702052478999e-08,1.363720940616986e-07,3.4516158393671503e-06,4.537794495718117e-08,0.9999959468841552,2
6,9.582659110662917e-09,3.4629041301137415e-10,6.74288236357512e-10,3.7204457292716597e-09,4.341871147062193e-07,3.808666271254424e-09,0.9999995231628418,2
6,4.137498876843893e-08,3.3147768974117753e-09,1.675881988738581e-09,1.772003059841154e-07,1.526502728665946e-06,4.6624477612056126e-09,0.9999982118606568,2
6,1.4361583566824265e-07,3.4929811931760923e-08,6.87908119356706e-10,7.369972365722789e-08,2.581385160738137e-05,1.5399644226476994e-08,0.9999738931655884,2
6,4.144158083363436e-08,1.1282616618757402e-08,2.8796365292294013e-10,4.098784600614636e-08,7.188801828306168e-05,1.2608005306447012e-08,0.9999279975891112,2
6,5.4223264100983215e-08,2.125936982011467e-09,9.3091506725429e-10,1.085394956135133e-07,3.020344774995465e-05,2.342375537978114e-08,0.9999696016311646,2
6,3.3402734800347396e-08,1.9241110926770943e-09,4.316174528895544e-09,3.3296240076197137e-07,5.062152922619134e-06,6.603828239803988e-08,0.9999945163726808,2
6,2.703599761844089e-07,1.2516598424383574e-08,1.7598859258782795e-08,5.765803621216037e-07,2.655731259437744e-05,4.5939762571833853e-07,0.9999721050262452,2
6,1.255228028185229e-07,1.2758117229338952e-08,2.625320938420828e-08,9.790597488290589e-08,2.041289917542599e-06,4.598282430379186e-07,0.9999972581863404,2
6,1.6545159908787355e-08,8.061218359500798e-10,2.7795412638198513e-09,1.3979537527575305e-08,6.118861506365647e-07,1.1588067394541213e-07,0.9999992847442628,2
6,1.2354314549156697e-07,8.584815525125578e-09,2.176921753971328e-08,5.188200091765793e-08,3.1752422273712e-06,3.996927375737869e-07,0.9999961853027344,2
6,5.238413223196403e-07,1.3075616323021677e-07,6.850176248462958e-08,7.114935840490945e-08,9.9650378615479e-06,4.596248288635252e-07,0.9999886751174928,2
6,3.5824836430720093e-09,5.070056818823332e-09,1.948500943926845e-10,3.0375840731622356e-10,1.14973408926744e-06,4.487085814020021e-09,0.9999988079071044,2
6,6.378605199586218e-09,2.6574975553472772e-09,3.4194463927050833e-10,5.132041458466573e-10,7.790956146891403e-07,6.1994067657167315e-09,0.9999991655349731,2
6,5.031691685530859e-08,3.6523307045399633e-08,7.286376391135718e-09,4.687464638664096e-09,4.298702151572797e-06,7.692736403441813e-08,0.9999955892562866,2
6,1.9588062727393666e-08,1.102225297699988e-07,4.150684240755709e-09,1.5896569616202783e-09,8.235913924181659e-07,7.638765708861683e-08,0.999998927116394,2
6,1.1452181070126245e-07,1.1859464166263931e-06,1.3517196251200405e-08,6.3195240151969764e-09,8.444598279311322e-06,2.6580130452202866e-07,0.9999899864196776,2
6,4.532405171175924e-07,9.4248598543345e-06,1.7219336712059885e-07,8.366710346763284e-08,2.156874143111054e-05,1.6168336287591956e-06,0.9999667406082152,2
6,2.225630453267513e-07,1.528559732832946e-05,7.504218046960888e-08,7.854504247006845e-08,2.083918843709398e-05,8.790987067186506e-07,0.999962568283081,2
6,1.4090264244259745e-07,2.825735100486781e-05,4.976877789886203e-07,1.0529038263484836e-06,2.801045775413513e-05,3.742292847164208e-06,0.9999383687973022,2
6,2.3688626171747277e-08,1.0344824659114238e-05,5.24433652060452e-08,1.6377966005620692e-07,1.170978521258803e-05,1.954389290403924e-06,0.9999758005142212,2
6,2.845784941030161e-08,8.907453775464091e-06,6.357854687166764e-08,7.849214398447657e-07,8.32464502309449e-06,1.0339761047362115e-06,0.9999808073043824,2
6,8.578157739691505e-09,1.3924880022386787e-06,6.762623350198281e-09,7.930113099519076e-08,1.5963811392794014e-06,4.215527269479935e-07,0.999996542930603,2
6,1.4376739798649394e-09,1.3626191730509165e-06,3.0724449651131636e-09,9.210199891640515e-08,3.251539624216093e-07,3.495749751891708e-07,0.999997854232788,2
6,2.8752575875756747e-09,4.465347274162923e-07,3.971137640945699e-09,4.536652227216109e-07,1.7192823520417733e-07,5.982404900350957e-07,0.9999983310699464,2
6,2.145569766298649e-08,1.0817822158060153e-06,1.3825178335480361e-08,4.042906880385999e-07,5.165998686607054e-07,1.10640564798814e-06,0.999996781349182,2
6,2.4305419898951186e-08,1.5449923012056388e-06,2.3006599292330066e-08,7.889528887972119e-07,4.276338643194322e-07,1.375852093588037e-06,0.9999958276748656,2
6,4.603902592492659e-09,5.216592739998305e-07,3.417840899189173e-09,4.2130665178774507e-07,4.295125677344913e-07,3.774311210236192e-07,0.9999982118606568,2
6,2.4439006374166183e-09,6.16681532505936e-08,6.345247105521422e-10,2.2571842350771481e-07,4.8869484459146406e-08,1.4271374482177634e-07,0.9999995231628418,2
6,1.245019642936995e-09,2.6591528978769933e-08,4.3606707134102857e-10,3.5273652088108065e-07,4.7854847196049384e-08,1.1512626940657357e-07,0.9999995231628418,2
6,3.9053465322735897e-11,1.0886489931749566e-08,1.9074132898144747e-11,7.343600572085053e-08,1.3640018892147054e-07,6.32783923038005e-08,0.9999997615814208,2
6,8.720038580101175e-12,6.23965901169754e-09,2.68776342328414e-12,1.1396672938701611e-08,5.436553465187899e-07,8.106260551699052e-09,0.9999994039535522,2
6,7.370989235644387e-12,4.7714552309230385e-09,1.0497125087563508e-12,1.5663511376828865e-08,5.330863359631621e-07,3.86981025002342e-09,0.9999995231628418,2
6,1.3728628477094327e-11,3.345160592971297e-09,1.7698377485775296e-12,2.839966306567021e-08,2.8575126975738385e-07,1.3519132480155351e-08,0.9999997615814208,2
6,4.986340784718378e-10,3.332124265398306e-08,9.266794970264057e-11,5.271618306323944e-07,4.997864948563802e-07,4.866166491979129e-08,0.999998927116394,2
6,7.755174835644141e-10,3.183133401307714e-08,3.517278482356723e-11,9.098443456423412e-07,1.2719584674414366e-07,1.1827220980364928e-08,0.999998927116394,2
6,7.399799106799775e-10,1.616481348776233e-08,1.5135418959810742e-11,1.1119569762740866e-06,4.56422206696061e-08,6.370869609639841e-09,0.9999988079071044,2
6,8.664891026910481e-10,4.73189913918759e-08,1.4642146869969782e-11,1.839759875110758e-06,9.64319113450074e-08,1.1497243157521098e-08,0.9999979734420776,2
6,1.5599712632763383e-09,5.413791370756371e-08,6.205015667948288e-11,1.3471149031829557e-06,7.334296014960273e-08,7.522271516791079e-08,0.9999984502792358,2
6,9.407883361234326e-10,5.655121526615404e-08,4.692779845272277e-11,9.961637488231645e-07,8.14646625713067e-08,3.1583436310711483e-08,0.9999988079071044,2
6,9.772939124630398e-10,2.285612481500721e-07,2.409334676212182e-10,5.88198099649162e-06,1.6419640758158496e-07,4.205907799814668e-08,0.9999936819076538,2
6,1.8351765662671935e-09,3.477777568150487e-07,9.561530733837031e-11,1.2909046063214191e-06,2.901259108512022e-07,3.9246639715884164e-08,0.9999980926513672,2
6,7.15408787765881e-10,5.690213455977756e-08,6.601685170748439e-11,3.492762914447667e-07,4.95921277376965e-08,2.477633742614671e-08,0.9999995231628418,2
6,1.8128812229178948e-08,8.065460974648886e-07,1.50183299130191e-09,6.094795480748871e-06,2.633246651839727e-07,9.089978192378113e-08,0.9999927282333374,2
6,9.310147319752105e-09,7.84427584221703e-07,8.037901455537622e-10,1.0402387715657824e-06,1.0097904379335888e-07,4.4756561123904255e-08,0.9999979734420776,2
6,3.2214733103330673e-09,1.968976732769079e-07,1.8970554294117647e-10,2.132785965613948e-07,2.3137650018156822e-08,5.9299103405408005e-09,0.9999996423721312,2
6,1.1873102501169797e-10,7.961011050383604e-08,1.1899191701414402e-11,1.3627141193239822e-08,1.229912172107106e-09,1.869128407605558e-09,0.9999998807907104,2
6,1.5010495624245834e-10,1.6860467155765948e-07,9.337946214882376e-12,2.825831302288861e-08,8.452137656433933e-09,4.4949710620301175e-09,0.9999997615814208,2
6,6.1066434027534636e-12,1.9693990438440775e-08,4.981183922368043e-14,1.4255969738030672e-09,1.4240886248018112e-09,1.3019550715309689e-10,1.0,2
6,2.1868314104001027e-10,4.401484829941183e-07,1.1307364766732776e-11,2.4369150253278352e-08,5.7498919403542466e-08,5.228796506884237e-09,0.9999995231628418,2
6,2.2091929674505903e-10,2.4628144501548377e-07,2.177289598614962e-12,5.28693320234197e-08,3.039264981907764e-07,1.479884881305793e-09,0.9999992847442628,2
6,1.0800527583398889e-08,2.592832743175677e-06,5.354137133650737e-10,9.880413927021436e-07,1.1610260344241397e-06,2.060311743434795e-08,0.999995231628418,2
6,1.122480952631122e-07,6.755660706403432e-06,6.110509787049523e-08,1.0231970009044744e-05,3.0515327580360463e-06,1.0079905905513442e-06,0.9999786615371704,2
6,2.784585673154538e-09,1.4981748108766624e-06,1.5472856329523663e-09,7.92615651334927e-07,9.406522849531028e-07,9.955076052392543e-08,0.9999966621398926,2
6,5.2287045804177985e-08,3.5884995668311603e-06,3.970964446153857e-09,5.690783837053459e-06,5.273338956612861e-06,1.2106553981539037e-07,0.9999852180480956,2
6,1.957180984391016e-06,2.460176256136037e-05,3.283852834101708e-08,0.0001833588175941,2.610470801300835e-05,1.0771616416604957e-06,0.9997629523277284,2
6,2.713221363137564e-07,3.784768068726408e-06,9.648751131408062e-09,9.26051779970294e-06,4.811997314391192e-06,1.49264522519843e-07,0.9999816417694092,2
6,5.404332910075027e-07,7.39898496249225e-06,1.9924316418951094e-08,5.8239998907083645e-05,7.805984751030337e-06,1.6647017275772669e-07,0.9999258518218994,2
6,2.0370444886452788e-08,1.1904262464668136e-06,1.8674679580499287e-09,5.339767540135654e-06,1.0764824764919467e-06,6.533217344895094e-08,0.9999923706054688,2
6,6.074913461162623e-09,3.956299394758389e-07,3.5189343106090116e-10,2.9347397685342003e-06,7.65692277582275e-07,1.9790872940461668e-08,0.9999959468841552,2
6,8.270996332271352e-09,4.840421752305701e-07,4.952380727729633e-10,2.717480583669385e-06,3.450488065936952e-06,7.413822089574752e-08,0.9999933242797852,2
6,4.550169685479944e-10,6.919790962456318e-08,2.8954748321208257e-11,3.307474116809317e-07,1.0553419542702611e-06,5.163519833928376e-09,0.9999985694885254,2
6,4.708698986277682e-10,1.1126476096023909e-07,5.049642301524493e-11,4.3637712110466964e-07,3.903980541508645e-06,1.4369311962525444e-08,0.9999954700469972,2
6,5.263060473548187e-11,1.150443207365015e-08,3.550196811877293e-12,1.0516449577835375e-07,5.121700041854638e-07,3.1262614719196327e-09,0.9999994039535522,2
6,4.60358105802694e-11,2.3988835806676437e-08,1.7508654248654665e-11,5.0401752105244675e-08,4.4085712858077386e-08,1.2124599990670504e-08,0.9999998807907104,2
6,3.487195254781028e-11,3.5674943887897825e-08,1.4237526956006883e-11,3.2706335417742594e-08,9.296576308770454e-08,2.4178731905522e-08,0.9999997615814208,2
6,2.2803553489936235e-10,3.579120289032289e-08,7.157659187573273e-11,1.913461744607048e-07,1.218304248595814e-07,2.3994374487301684e-07,0.9999994039535522,2
6,1.7421147857632488e-10,9.076937423913025e-09,1.096491040325498e-11,2.1247871018204026e-07,9.205755446828334e-08,5.11556272897451e-08,0.9999996423721312,2
6,1.0499703190225418e-10,2.834137369234213e-09,2.7345621426977385e-12,6.021505782882741e-08,4.7783174750293256e-08,3.4045751107214535e-08,0.9999998807907104,2
6,9.744907658593148e-11,1.4400564074534827e-09,1.4620714361424092e-11,7.92846179820117e-08,7.65422925042003e-09,8.570422949105706e-08,0.9999998807907104,2
6,4.351646820666133e-11,1.661012299924991e-11,4.573112721839578e-13,1.4806008863388342e-08,3.746124299652821e-09,6.25861673597683e-08,0.9999998807907104,2
6,3.849445068260238e-11,2.186731004605313e-11,8.569533971325427e-13,2.4855630442743862e-08,2.012427779973791e-09,5.103343170276276e-08,0.9999998807907104,2
6,4.073646142632725e-10,1.3323098180251236e-10,1.2049710187977958e-11,2.802408403113077e-07,1.229835646654465e-07,2.764905048024957e-06,0.999996781349182,2
6,6.941993091480471e-10,9.029507697100313e-10,4.9170053445513056e-11,8.625698342257238e-07,5.256000008557749e-07,5.679507012246177e-06,0.9999929666519164,2
6,6.30705383752872e-12,1.296283080876037e-10,5.298926445199137e-13,7.752661446147614e-08,1.8958894898446488e-08,1.4243934032265317e-08,0.9999998807907104,2
6,1.776114411794483e-12,5.351412368792552e-11,2.0374313672820446e-13,1.217185285895539e-07,1.7866883084138866e-08,5.330849539575411e-09,0.9999998807907104,2
6,3.2065357313815213e-12,1.9595049194354172e-10,5.769084428924876e-12,4.2199079786087175e-08,4.4432503898406146e-08,6.913850114642629e-08,0.9999998807907104,2
6,3.925964371306878e-13,9.39699880408984e-12,3.054932337914068e-13,2.4119766184327322e-09,3.1826132840251367e-09,3.078164834136032e-09,1.0,2
6,1.4746743756677283e-11,9.284884666671543e-11,3.4042824982594144e-12,1.156286622006064e-08,6.94241961696207e-08,6.816414099830581e-09,0.9999998807907104,2
6,1.1876501171403928e-10,2.0398891464878943e-09,2.4119648986409278e-11,4.356027538676699e-09,1.2050024622567437e-07,9.915857468456581e-09,0.9999998807907104,2
6,5.509683265181309e-10,3.1667195088402884e-08,1.4113278323790723e-09,1.0137864769887985e-08,7.895773279642526e-08,4.284906296447844e-08,0.9999997615814208,2
6,3.5522751407057735e-10,5.1255626409840715e-09,2.949256672213352e-10,2.4478858939858132e-09,7.384597822124306e-09,2.3778650160011242e-08,1.0,2
6,7.02540026153997e-10,1.4594853325888836e-08,2.9326471806534466e-10,1.6848824557769152e-08,2.5173433115810443e-08,1.5605131409301976e-08,1.0,2
6,2.0668893263575683e-09,2.7194632323812584e-08,1.2072465249701734e-09,4.613661630514798e-08,4.490517824251583e-08,3.7689094511961236e-08,0.9999998807907104,2
6,2.0820213109118413e-08,3.849212077966513e-07,8.304755994004154e-09,9.498405120211828e-07,1.8821224045950657e-07,7.189995443468433e-08,0.9999983310699464,2
6,4.24101642693131e-09,2.281692985661721e-07,1.5114206775024286e-08,2.76853847935854e-06,9.571677850317428e-08,4.5348308219672624e-08,0.999996781349182,2
6,4.276287768334441e-09,1.648028700174109e-07,1.662620796594183e-08,3.68866835742665e-06,3.073762684380199e-07,3.076358154885384e-07,0.9999954700469972,2
6,5.4201105825768545e-09,3.886837305344671e-07,3.285828853449857e-08,3.357775995027623e-06,1.0676990314095749e-06,7.833467634554836e-07,0.9999943971633912,2
6,6.939125940519374e-10,4.613703552536209e-08,1.499450119624157e-09,2.3071656869433355e-06,1.4830358452400105e-07,5.3628010476813877e-08,0.9999974966049194,2
6,2.4449056668096603e-10,2.6071971248597947e-08,3.53634510563694e-10,3.359734535024473e-07,4.57333669601212e-07,5.171035866169405e-08,0.9999991655349731,2
6,7.027365495071436e-11,1.0504199288163818e-08,1.7109760830358312e-10,1.193614167505075e-07,1.1009088751734453e-07,4.199150360761905e-09,0.9999997615814208,2
6,2.062315422601824e-11,2.782412744650742e-09,7.513161967565019e-12,1.9735388434583e-08,1.674464726875158e-07,1.0298334407465859e-09,0.9999998807907104,2
6,1.84652224066717e-11,6.7108114620850764e-09,9.128390404677944e-11,8.16817831150729e-08,1.370751618878785e-07,5.578919104465285e-09,0.9999997615814208,2
6,3.5657785318193858e-12,2.812483357317319e-09,1.8003546570222184e-11,3.969529132064054e-07,6.64213786194523e-08,1.3210007532293844e-09,0.9999995231628418,2
6,9.784608019647312e-13,9.369913733792146e-10,1.197976353534136e-11,1.61224977546226e-06,6.764186366581272e-08,1.1034071573101656e-10,0.9999982118606568,2
6,4.623987824581288e-12,7.691722814229252e-10,4.504656196668844e-12,1.3313403997017303e-06,4.1488735291750345e-07,8.627717984488469e-11,0.9999983310699464,2
6,1.0207772127568404e-12,6.103479943675437e-10,2.9231343040558855e-11,3.773679395635554e-07,3.615354415842376e-08,2.412618715919024e-10,0.9999996423721312,2
6,8.942654695096379e-14,1.3189412062519779e-10,1.190782611404373e-10,1.453065578971291e-07,5.0423261122034554e-09,6.890488180033572e-10,0.9999998807907104,2
6,2.008424351308824e-13,1.497832413654976e-10,4.4967363166392715e-10,5.081159670794477e-08,3.386433578000947e-09,9.935124944959741e-10,1.0,2
6,8.056934026196005e-14,1.1660970800075887e-10,4.284175236790588e-10,3.163259432170662e-09,1.6839757366327035e-09,1.0479122014572795e-09,1.0,2
6,1.007902311958575e-12,1.7795693807443056e-09,1.1095071528188782e-08,4.254073981968531e-09,2.268226140245133e-08,1.578688291203889e-08,1.0,2
6,1.0538738935347849e-12,1.5233923011948034e-09,1.611997291206535e-08,1.377817193670694e-09,1.69629412738459e-08,8.788650696089917e-09,1.0,2
6,7.030714985895026e-12,3.02692843012764e-10,2.825615075252585e-09,4.784861395989991e-10,1.2168364094122808e-08,1.5718638612938207e-09,1.0,2
6,5.9523406169270646e-12,3.7941863539892035e-10,1.1818417355868862e-08,3.4847374985602636e-10,7.033958304702992e-09,5.492112986615893e-09,1.0,2
6,2.9269428135532405e-13,2.717905067672888e-10,1.2106692537372511e-08,2.6053770252332237e-10,3.8990921602533035e-09,4.612085380273356e-09,1.0,2
6,4.87588702052788e-13,8.3698020736378e-11,1.406834426731507e-09,4.151959331899491e-11,4.505031014900851e-09,7.81244935410541e-09,1.0,2
6,5.6168845209746485e-14,3.1362476504703807e-10,4.249872898043351e-09,2.604214344170685e-10,6.156132936752101e-09,1.893165091360061e-08,1.0,2
6,1.2265917990507412e-14,1.4993674357643982e-10,1.800769533488733e-09,1.5610117365394416e-10,5.273808612038522e-10,2.259357145817376e-08,1.0,2
6,1.6915329271831314e-14,3.2994088017268547e-10,1.849220665484097e-09,2.8983532240900445e-10,1.6095629273849e-09,9.650091925550441e-08,0.9999998807907104,2
6,8.755297783427304e-14,2.443219793146767e-10,9.680707790948873e-09,1.0933083771647034e-08,1.443859920513546e-09,6.03969070311905e-08,0.9999998807907104,2
6,1.234661786871094e-13,3.761478906127991e-10,1.7100184379614802e-08,1.3345277771747988e-08,1.2344735234037783e-09,2.969144645703637e-07,0.9999996423721312,2
6,1.8983184029699663e-14,1.2803971216612806e-09,4.7536357072885955e-08,5.8509762368430536e-08,3.9214784197660885e-10,2.449286284900154e-07,0.9999996423721312,2
6,4.7111926204169876e-17,5.823325155418502e-11,6.864178821695821e-13,8.62501806087046e-11,5.763465225905318e-12,1.7861076506697768e-10,1.0,2
6,3.0780673318617658e-15,8.937042772494408e-11,3.491535185973227e-11,1.675153238345217e-09,3.6779058965041855e-11,1.3052801062229944e-09,1.0,2
6,3.839278341858515e-13,1.7346615810431842e-10,3.5312739399273596e-09,1.5531547603586663e-08,1.3064849202493178e-10,4.6490931993048434e-08,0.9999998807907104,2
6,4.154307106651878e-12,3.542835580461201e-09,5.979932637956153e-08,7.884197827934258e-08,1.1042932124283311e-09,4.160756645887887e-07,0.9999994039535522,2
6,2.822292096207879e-12,2.151053779542167e-09,2.8070726187934273e-08,3.0405693962620723e-08,1.3455661029837531e-09,1.9085544522567946e-07,0.9999997615814208,2
6,6.592644724405516e-13,2.008148314303071e-09,6.449014477993843e-08,4.932215702524446e-08,8.642425108895678e-10,1.5891095017650517e-07,0.9999996423721312,2
6,1.5342517837788061e-12,1.8357960707149341e-09,1.3452718938822272e-08,4.3529652771212575e-08,6.648990802382571e-10,7.197251505886015e-08,0.9999998807907104,2
6,4.2827639221490476e-13,8.353139291372712e-10,1.2585096298423082e-09,1.240112457168152e-08,8.13005995858873e-10,2.1776735081857623e-08,1.0,2
6,7.514104898194429e-13,4.1265235672938156e-10,2.04946656867655e-10,2.611507898819809e-09,7.413539226952536e-10,1.3991391156764621e-08,1.0,2
6,4.076925429197242e-13,3.3606809002328925e-10,1.6071420583241292e-10,1.0508124370645078e-09,4.0003345080918957e-10,5.727879059946872e-09,1.0,2
6,2.1264110264263006e-13,3.1129093747139786e-10,2.0237871378725462e-09,7.288211145706214e-10,1.967520590895333e-09,2.069604754240117e-08,1.0,2
6,4.095677789972552e-13,1.6411329240018088e-10,3.061376707691465e-10,1.014832884393968e-09,2.146459898710873e-09,3.911740265039043e-09,1.0,2
6,3.513828725532661e-15,3.471494272599962e-11,6.224049747816096e-11,2.9673352663905916e-10,1.027034346456901e-09,1.6442887051937303e-09,1.0,2
6,8.11235047914376e-15,3.3034248947405587e-11,3.931927279967641e-14,4.5479266186365663e-11,4.779746376470939e-09,1.0693011580353849e-11,1.0,2
6,2.6116543569285797e-15,7.648327110532094e-11,6.122428681653441e-14,5.919269848581044e-12,2.14186020031093e-08,4.911641579563586e-11,1.0,2
6,7.31521031358158e-15,1.1435906388523875e-10,3.435237120805179e-13,1.5660686289442616e-11,1.3634037543397426e-07,8.023575553961493e-11,0.9999998807907104,2
6,7.99984248089176e-15,1.3265125109462872e-10,2.5189410019638153e-13,1.0296576091750607e-11,1.4249783930608828e-07,5.6880798682268357e-11,0.9999998807907104,2
6,1.1657523023614856e-14,1.3971901760556626e-11,1.2634539105855961e-14,1.20330915370781e-12,2.5509015344482577e-08,2.915155096483435e-12,1.0,2
6,5.5441842760348736e-15,6.276752121531226e-12,7.871792275090592e-15,2.694940082724473e-13,1.7782095795837453e-08,5.815164755978986e-12,1.0,2
6,1.5440063507246584e-13,5.0946798862971925e-11,1.908365230163939e-13,7.500090826173533e-12,3.8754496500814646e-08,1.847505655405701e-11,1.0,2
6,3.080731199658904e-13,3.3230657808802626e-11,8.023113423627493e-12,6.992657147764092e-11,2.6314241452496393e-08,7.833645537802525e-11,1.0,2
6,7.313499307028126e-14,8.424958647390568e-12,5.180394958489988e-13,1.1935720641009784e-11,1.1688952028521273e-08,5.148199921922725e-11,1.0,2
6,1.9741815875194002e-13,9.890701972714576e-12,2.276165367298688e-12,5.785010318004602e-11,4.5629628964150015e-09,1.1296898833057512e-10,1.0,2
6,4.238923021458469e-15,2.3306855577442938e-12,4.886348758340736e-14,3.755798623494844e-12,8.153431818591628e-10,1.1449607754954185e-11,1.0,2
6,1.4061870937142392e-14,3.104905655498813e-13,7.574822523783234e-15,2.506128117529816e-12,1.0267910133254787e-10,2.772861584440789e-12,1.0,2
6,2.016551639213993e-12,3.819530629278756e-12,1.6675856659084665e-12,3.9325354084240866e-10,3.187102359802907e-09,8.302116633052137e-11,1.0,2
6,4.800183688036254e-13,1.248654391688975e-12,3.7914987989495774e-12,9.037268849931833e-11,5.044864526126958e-10,8.779325877394939e-11,1.0,2
6,9.55457501311541e-13,3.8324105174070144e-12,6.002309760333446e-12,6.619441106359146e-11,2.301193957610081e-10,2.5069385456433224e-10,1.0,2
6,4.526537835964489e-13,1.128732524113829e-12,2.0164323769750192e-12,2.9118058658683665e-11,3.5959703964527634e-11,7.619554986959541e-11,1.0,2
6,1.2367934367624178e-12,2.654984045113995e-11,5.8007994241382477e-11,1.0783853671147979e-10,3.1086375140709777e-10,1.799914550737469e-09,1.0,2
6,3.2754658360611977e-12,3.6745047976571854e-11,3.3076130723230785e-10,1.1440139807694648e-10,6.821614384477924e-10,6.823842824132953e-09,1.0,2
6,5.698731417314029e-12,2.9561766229369007e-11,9.673246648134182e-10,3.2241959102563555e-10,5.187709706255815e-10,2.1873842737107907e-09,1.0,2
6,3.629318633818768e-12,1.4221553101823048e-10,5.024029636757632e-09,8.962738884399356e-10,4.5098952350386407e-10,2.085621009229044e-09,1.0,2
6,6.9564562443780176e-12,9.511967880015961e-10,1.2329944176769914e-08,2.413090172126431e-09,4.3849185393796114e-10,3.968327444425768e-09,1.0,2
6,2.5869811848266977e-10,1.0133011096868927e-09,1.330966803436695e-08,4.535967601526636e-09,4.4863552872698165e-09,8.257700301328441e-09,1.0,2
6,1.281853956314194e-09,2.4157751354891843e-09,1.0486766122141944e-08,2.4772510709425433e-09,1.3267568377273165e-08,3.654679003872729e-09,1.0,2
6,5.279165105065431e-09,8.307240229044055e-09,5.258733892787859e-09,2.849015023898005e-09,6.484649617277682e-08,3.1035081171637557e-09,0.9999998807907104,2
6,4.75626260598716e-10,3.2934628357850207e-09,2.2689984613410982e-10,7.568039528393911e-10,7.180150696228793e-09,6.59465329566622e-11,1.0,2
6,1.1277916378560347e-09,1.2428805540309897e-08,6.645251016124121e-10,2.7062455054682744e-10,1.5378352813399946e-08,3.2622265999648903e-10,1.0,2
6,2.6526887353384154e-09,5.216509535443947e-08,4.026107780497057e-10,1.174616071075718e-09,3.4746992838563535e-08,2.2694397749933867e-10,1.0,2
6,4.227741356999104e-08,3.9842075238993857e-07,1.3681993316083663e-09,1.0263926375486676e-09,9.404102456755936e-07,1.4370693524057288e-09,0.9999986886978148,2
6,1.5936866759602708e-07,7.106851853677654e-07,2.894246620144258e-09,9.801124356556556e-09,6.245425993256504e-06,3.914638391222525e-09,0.999992847442627,2
6,3.587067283206125e-07,4.060695573571138e-06,1.856672038336171e-09,3.369601131453237e-08,0.0001591007167007,1.0817057471967928e-08,0.9998364448547364,2
6,5.42068733011547e-07,2.5958156584238168e-06,2.4216839644708443e-09,1.2876772359504685e-07,7.143662514863536e-05,2.005091204182463e-08,0.9999252557754515,2
6,1.055889356393891e-06,3.115120307484176e-06,3.4237888080212997e-09,5.718482611882791e-07,0.0001198227691929,5.7332346869998225e-08,0.9998754262924194,2
6,3.744502521385584e-07,1.8990255057360628e-06,1.2748541777796165e-08,9.78119260253152e-07,1.3837983715347946e-05,2.057655734688524e-07,0.9999827146530152,2
6,5.4005564464887363e-08,4.495584278174647e-07,3.8618028774806135e-09,6.266490686357429e-07,9.142863177658e-07,1.4686227700622112e-07,0.999997854232788,2
6,6.584753720062508e-08,6.557696110576217e-07,6.080450365431034e-09,1.07451432995731e-06,7.378686177617055e-07,1.7109924499436604e-07,0.9999972581863404,2
6,4.7615653642196776e-08,9.095934672131989e-08,2.153745626287673e-09,4.428160025327088e-07,1.1037825942139535e-07,4.681471921230696e-08,0.9999992847442628,2
6,1.7729533396959596e-08,3.6210074938480836e-08,3.5490646532743137e-10,9.422268476555473e-08,2.3148912120518617e-08,1.3929931874656631e-08,0.9999998807907104,2
6,3.829230710294951e-09,1.2176165853361454e-08,6.058269164110897e-11,1.1477240491331033e-08,2.2665611609795636e-08,2.381594921274654e-09,1.0,2
6,2.058167858365323e-09,8.23442292130494e-09,2.2742571714751136e-11,6.5623999567776545e-09,1.6856121831665405e-08,1.041251751487948e-09,1.0,2
6,2.2711893477023182e-10,1.3899671413852843e-09,3.590456653778523e-13,4.3276046635121185e-10,9.906291786876409e-09,5.8390743629122e-11,1.0,2
6,3.679072324569432e-10,2.0880328577277396e-09,2.1162512389184818e-13,2.0961962721166566e-10,1.3939369658544365e-08,2.5803368122745415e-11,1.0,2
6,7.901140852695221e-11,3.1988685034178843e-09,9.557941460860977e-14,1.2829368123412619e-10,6.052120138377859e-09,2.3727419334873545e-11,1.0,2
6,5.18445564257064e-10,1.3974108981074096e-08,2.276108988785719e-12,2.6218489601603782e-09,1.1220762097252646e-08,9.464962841265744e-11,1.0,2
6,4.3990744380550945e-10,1.4644792045714894e-08,3.3574763114033526e-14,1.1806797206581618e-10,2.9246351118672465e-07,5.983996284597559e-12,0.9999997615814208,2
6,1.709833663543492e-11,6.68287480909413e-10,3.2925610615784986e-15,3.437364629044204e-11,3.272743498428099e-08,4.628669951663167e-13,1.0,2
6,2.806667398491669e-11,3.0673867890129713e-09,6.280706528726801e-15,8.93903770449178e-11,5.1895760577735934e-08,4.99083901376457e-13,1.0,2
6,3.3809503807713526e-11,3.5424387867522e-09,1.9542793286962158e-14,1.0254287002853245e-10,1.1223742291122109e-07,9.158134320341738e-13,0.9999998807907104,2
6,6.968956661745905e-11,3.1620530638321043e-09,1.5656780613746563e-14,2.2061795446060015e-10,4.523675301015828e-08,5.399884640995556e-13,1.0,2
6,2.3400778537130407e-10,2.3478130550813603e-09,7.244194393657423e-14,1.175499142469505e-09,1.1061073834639501e-08,1.440458212778606e-12,1.0,2
6,2.0727709826307006e-10,2.3104751445401916e-09,7.234680519593861e-14,1.391898485358922e-09,1.3909252416510752e-08,1.3946974001047274e-12,1.0,2
6,2.652446040585232e-09,1.9169723586287546e-08,5.665805498378251e-12,1.98365679437984e-08,1.1262014432134038e-08,1.5790682997285366e-11,1.0,2
6,3.0090896441237186e-10,3.109042356896907e-09,1.2427714022808513e-12,2.4089836792029473e-09,1.868201815469206e-09,1.2494793394379755e-11,1.0,2
6,3.954485183754741e-09,6.271367425370046e-08,1.2538056703981226e-10,4.1961584429373033e-08,4.406467191131469e-09,2.9818136848547283e-10,0.9999998807907104,2
6,8.481143254357448e-08,6.905227678544179e-08,1.0059980626309084e-09,4.329519640577928e-07,1.3937632381555431e-08,2.280987398961542e-09,0.9999994039535522,2
6,4.779727724724125e-09,1.4032599970903448e-08,5.961554166988847e-12,9.282721435965868e-08,9.773415854397172e-09,9.256306658655957e-12,0.9999998807907104,2
6,8.393469030920642e-09,1.7319390366310472e-08,5.763173827055822e-10,4.6905640260774823e-08,8.933454864745727e-09,2.6258124563582892e-09,0.9999998807907104,2
6,5.0345711599675276e-08,1.726602505414121e-07,1.1386195319929016e-09,2.5554962235219136e-07,7.834085380409307e-08,2.3567132689805703e-09,0.9999994039535522,2
6,7.297889376145504e-11,2.4892637284779084e-08,1.0630554596324782e-12,1.2317386000049167e-09,1.084210676793873e-08,4.38797609358943e-12,1.0,2
6,5.277148718008107e-10,5.0819252805922594e-08,2.4670623616912524e-12,4.3839151753211065e-10,1.2879127098130994e-08,1.0977094233588502e-11,1.0,2
6,3.483792143654796e-10,6.087450401537353e-07,1.282723656025747e-13,9.51801398113572e-12,5.01778529837793e-08,2.1771278356508272e-12,0.9999994039535522,2
6,1.242756453301297e-10,1.535028559374041e-06,1.0880138207481489e-13,2.111443181754269e-12,1.910180635888992e-08,9.469602185729896e-12,0.9999984502792358,2
6,1.2570611218620795e-10,9.741268058860442e-07,3.9744947513253165e-14,2.143819627029031e-12,1.5664879171595203e-08,2.9608728663310657e-12,0.9999990463256836,2
6,2.2055969897682992e-11,3.242998332098068e-07,1.0592368928047206e-14,4.848120602890528e-13,9.404486966957393e-09,4.09517661751832e-13,0.9999996423721312,2
6,8.190345290870482e-09,6.918225153640378e-06,2.121017944611836e-11,2.330153604790386e-11,5.52260303265939e-07,2.967188439395585e-10,0.9999924898147584,2
6,9.917935361869468e-10,3.4203794712084346e-06,3.818671507477278e-12,8.409530884156968e-12,2.0062216776750574e-07,5.0852537458734304e-11,0.999996304512024,2
6,1.5750768467270861e-09,3.4736411180347204e-05,9.988618265843739e-11,5.886358761530985e-11,4.690272419338726e-07,9.297071446034976e-11,0.9999648332595824,2
6,3.627769729064312e-07,7.261884456966072e-05,3.5627050198883126e-09,5.606319297690732e-10,3.641029024947784e-06,5.559709914670917e-10,0.9999233484268188,2
6,5.590401386257327e-08,2.616022902657278e-05,2.1590718102260102e-09,6.90557444560369e-10,1.4191491573001258e-06,3.101948142791855e-10,0.9999724626541138,2
6,6.521599402731226e-07,4.387197623145767e-05,9.772467279844932e-09,2.1139936023928385e-08,1.069868631020654e-05,7.416057767883898e-10,0.999944806098938,2
6,3.53948678366578e-07,1.962576607184019e-05,1.3723000513721215e-09,2.943786103770662e-09,7.969890248205047e-06,1.7687949716016502e-10,0.9999719858169556,2
6,3.007747011452011e-07,1.5257879567798229e-05,1.0418977902659774e-09,3.4365437162620083e-09,3.003744041052414e-06,9.441888243477692e-11,0.99998140335083,2
6,3.2771637847872626e-08,7.952347914397251e-06,1.6773220312682466e-10,7.176047533974382e-10,3.590598396385758e-07,1.6283066908706623e-11,0.9999916553497314,2
6,7.070993746083333e-08,1.6645482219246333e-06,8.651445532192881e-11,2.112976460466598e-09,2.1249903170428297e-07,2.406051746728366e-11,0.9999980926513672,2
6,4.4831791057298176e-10,8.645866245160506e-08,3.509870172280216e-11,4.040446310860091e-10,2.419094702332813e-09,4.125755292960776e-12,0.9999998807907104,2
6,3.992153829734946e-11,2.1940124383945655e-08,5.057238482153448e-12,2.8853350264590457e-11,6.421980724979902e-10,2.080448660568557e-12,1.0,2
6,1.1804273704341116e-11,5.8253748491665655e-09,9.770633466795604e-14,8.158910829933474e-13,5.375641043414703e-10,2.4013679499751417e-13,1.0,2
6,1.8700904713675468e-10,3.7487637882804854e-08,1.6181356927123802e-13,2.1989778054010145e-11,2.346156824373224e-09,2.05878418696806e-13,1.0,2
6,7.967611459491764e-09,5.598434427156462e-07,2.4158635161808384e-11,4.629007246959027e-11,1.3476417315416713e-08,2.2819161490938988e-11,0.9999994039535522,2
6,6.685944953233047e-08,1.351220930700947e-06,7.727409684354923e-11,1.3616507921199172e-10,3.5935915576601474e-08,5.101498737336563e-11,0.9999985694885254,2
6,8.065786971656054e-08,1.4661139857707894e-06,1.5047338375318018e-10,2.537811627512099e-10,4.586019031194155e-08,1.20547474780075e-10,0.9999984502792358,2
6,1.2884444799965422e-07,4.903747594653396e-07,4.1480378160096976e-11,1.236775126756129e-10,6.879080416410943e-08,1.8795580369879159e-10,0.9999992847442628,2
6,1.770385722466017e-07,9.131032641107596e-08,1.9766104031315732e-10,1.6254687873473728e-10,1.231111657062911e-08,9.791376598400348e-10,0.9999996423721312,2
6,2.740545994583954e-07,6.136907586551388e-07,1.1171630287520884e-09,3.1866542737901677e-10,9.534306677494442e-09,2.2189616810663884e-09,0.9999991655349731,2
6,3.76273270319416e-08,5.732549013259813e-08,1.1254874116017888e-10,4.263435438023322e-11,1.6771193322995261e-09,3.9474601365441226e-10,1.0,2
6,6.408755748310568e-09,6.493276316632547e-08,2.238519439257125e-11,1.953671079080177e-11,1.36695155195099e-09,1.0497900465589184e-10,0.9999998807907104,2
6,4.62202720541427e-08,6.295684329415963e-07,4.320935623192135e-11,9.800150968519715e-11,4.393834185378864e-09,1.6448704898142094e-10,0.9999994039535522,2
6,2.649947816735221e-09,1.241501657034405e-08,1.9956980946284064e-12,8.812187091145063e-12,7.135336765884404e-11,1.1935607883983844e-11,1.0,2
6,6.323285228759801e-10,3.885143318171913e-09,2.1770794802339344e-12,4.634926990820798e-12,4.9034790117197247e-11,5.9178590847142054e-12,1.0,2
6,5.732029295657526e-10,7.71665786825082e-10,1.7990699262369209e-13,4.211360427053279e-12,3.860408173683716e-11,1.6403613493573554e-12,1.0,2
6,1.0565673336238035e-11,1.4020970148798106e-11,3.5709337810124146e-15,1.7196143055515922e-13,3.4011482866191933e-12,6.985357930110181e-13,1.0,2
6,1.050590951040542e-11,1.0687812614096348e-11,1.1332787532296502e-14,1.1987619013761885e-12,9.149898720639538e-12,1.0039843305678642e-12,1.0,2
6,5.573796198893311e-12,4.771149621218829e-12,2.0028144859804767e-15,6.478354094494043e-13,1.497725901633551e-11,5.539676248104974e-13,1.0,2
6,2.606986328201888e-11,5.4278841837840375e-11,2.3720868002588723e-14,9.047831928121752e-13,6.831349375069351e-11,4.423977677248114e-12,1.0,2
6,5.962291207625703e-13,1.568651632199991e-11,6.849210055451943e-15,2.684617935941325e-13,2.8790241024534424e-11,1.8549584611393666e-12,1.0,2
6,2.3217009911813413e-12,5.567325680327917e-12,3.443079663338535e-15,2.022988032516007e-13,1.681287747912208e-11,1.1682754373285033e-12,1.0,2
6,1.9100641207581148e-11,1.2435190030468668e-11,3.185861947516133e-13,3.1128884192543893e-12,1.4159590167039935e-11,2.248580315000748e-11,1.0,2
6,6.016995929281066e-11,2.626186768051042e-10,1.7188215911331794e-12,5.28744062422426e-12,4.32955282736458e-10,4.944398362960456e-11,1.0,2
6,3.0728605771024315e-10,1.1472724992245276e-09,5.299061536789829e-12,5.121919815359588e-12,3.8045711026057916e-10,8.068710977138238e-11,1.0,2
6,2.6218412857437198e-11,7.488434317082238e-10,1.6529683437987996e-12,4.016699733239149e-12,5.649222409309651e-11,1.8691017483751796e-11,1.0,2
6,2.947172887679539e-12,6.461946949753994e-11,6.492378114069873e-14,1.4669026356019937e-13,1.7804062044102228e-11,4.956207319550821e-12,1.0,2
6,6.5639299551278896e-12,6.30883817409611e-11,3.588373427066728e-14,3.4842406195466363e-13,2.1166771460578996e-11,1.0031498201557019e-12,1.0,2
6,5.5433574397412144e-12,2.2477570152390488e-11,9.015734664906405e-14,3.535425804109677e-13,3.702017858930873e-11,1.7048797269769709e-12,1.0,2
6,1.0825972063255309e-11,4.935456557331186e-11,7.065987335172498e-13,7.823215274378736e-13,2.4599636563871208e-11,5.7411926775163816e-12,1.0,2
6,2.2793380030639018e-11,3.657504854537308e-12,1.2428087530456933e-13,1.2592136534872456e-12,7.63170013295955e-11,8.33782912504355e-13,1.0,2
6,2.55474558175095e-10,1.4796990022158949e-10,8.77565468210273e-12,2.933110004876838e-11,2.1072403544319937e-10,4.491417220781058e-12,1.0,2
6,1.0979512854447646e-09,1.6254847468033518e-10,1.7887795411564156e-11,9.28910212638634e-11,2.9731195283488887e-10,6.442057391004008e-12,1.0,2
6,1.2540073424105458e-09,6.560266219146627e-11,8.549751184805388e-12,2.0448785720272864e-10,8.756415037503018e-11,1.162977483412653e-12,1.0,2
6,8.769205361858211e-10,1.1257616366888712e-11,6.881485398874121e-12,4.826610638941631e-11,4.2643381881202196e-11,1.3421451450223998e-12,1.0,2
6,4.089973585502671e-12,2.178992426218277e-14,1.8765752366205372e-14,3.7110847164387173e-13,1.0840616598839505e-12,1.5542051695106862e-14,1.0,2
6,1.172328067955419e-10,2.2523381272045173e-13,2.9192113136511377e-12,8.830914298429969e-12,3.982090698850804e-12,5.423490974897083e-13,1.0,2
6,3.7768219107725537e-10,5.5723658245196775e-14,1.3021705241866854e-11,1.1494508470044627e-11,1.1879322395560998e-12,1.0866825017954997e-12,1.0,2
6,5.0401731677141015e-09,6.56911211625172e-13,1.1590153281559876e-09,1.0088650054251858e-10,5.01557692947352e-12,3.8581558087225076e-11,1.0,2
6,5.742551323351108e-08,1.4540566667387012e-11,1.7398656737555033e-08,1.1062566418473807e-09,8.576281351757585e-11,4.0489792074716036e-10,1.0,2
6,1.5203246448436405e-06,2.456412850904144e-10,7.279978945007315e-06,2.0493995833703597e-08,2.00923078175208e-09,2.8569962395863516e-08,0.9999911785125732,2
6,4.735460663596314e-07,1.8057012829419958e-10,5.0179087338619865e-06,2.425925771376569e-08,1.231872825968594e-09,9.703041037312232e-09,0.9999945163726808,2
6,9.83627842288115e-07,1.362349955069675e-10,9.933039109455422e-06,1.2417936900988025e-08,8.885585045526057e-10,1.9548981100570018e-08,0.9999891519546508,2
6,2.534075917992596e-07,5.326812775596768e-12,5.394496724875353e-07,1.4281784643799256e-09,2.5646737511486606e-10,3.944779614073468e-09,0.9999991655349731,2
6,8.902329682314303e-07,1.0193691724058596e-10,1.896231765385892e-06,1.7887465730836993e-08,4.740527415059147e-10,4.947634746343965e-09,0.9999972581863404,2
6,8.393058124056552e-07,5.348231926771696e-11,6.142993811408815e-07,1.234906132907554e-08,1.217214773419073e-09,3.792627545351479e-09,0.9999985694885254,2
6,5.33104753230873e-07,9.816701618259316e-11,6.804268650739687e-07,7.820432301741675e-09,6.167252264432932e-10,3.4132434656442e-09,0.9999988079071044,2
6,6.454821743773209e-08,5.383484977250497e-11,3.644531716417987e-07,1.030980856242536e-09,1.6635648414364823e-10,3.907056012053545e-09,0.9999995231628418,2
6,3.521785174598335e-08,2.565671416640547e-12,1.0233922864699708e-07,1.0011289575118099e-09,1.213157491131156e-10,6.1809219964459325e-09,0.9999998807907104,2
6,7.9902989114089e-08,1.0727867379156653e-11,1.264387606170203e-06,4.825512878170457e-09,8.016164954049997e-10,4.893211524858999e-08,0.9999985694885254,2
6,1.701353780081405e-10,1.9423156659426066e-12,1.14220055635883e-09,8.665863165946419e-11,3.471567130985953e-11,8.376780519236958e-11,1.0,2
6,5.597157937131669e-08,2.972629434272456e-11,2.2343262173762926e-07,5.9815055131196e-09,4.489067340074371e-09,9.937400236026406e-09,0.9999996423721312,2
6,2.1571549879695343e-08,5.0712507110306496e-12,2.465744046276086e-06,5.1532545342070086e-08,6.016593889768274e-10,1.0746917133985791e-08,0.99999737739563,2
6,5.771933597742418e-09,8.98578607355649e-12,4.778181406095428e-08,2.0246297083303944e-08,1.6757412124590587e-09,6.187498430287873e-11,1.0,2
6,3.1190902638478235e-10,3.2688628279903265e-12,1.6192659435532162e-09,1.0770257574677089e-08,9.262493549933025e-11,1.1538918692072242e-12,1.0,2
6,1.0951809771564402e-11,6.44038262390817e-13,2.2258781189749e-12,6.808326125096187e-11,3.206708856784424e-11,5.854175380137079e-14,1.0,2
6,9.547971441259405e-11,4.009330714649373e-11,7.401600998768743e-10,1.2386887071613726e-09,4.831427966034418e-11,1.1097065107101844e-11,1.0,2
6,1.5139478212744528e-11,4.2683925838282727e-10,4.676276033066529e-10,8.385113159370404e-10,3.8580895422857247e-11,6.095356424457021e-12,1.0,2
6,9.79034076031837e-10,3.325804742715377e-09,1.108840478991624e-06,1.1174684999559761e-07,5.623128074283557e-10,5.911607869890645e-10,0.9999988079071044,2
6,3.9596115275486444e-10,6.704080135477852e-08,9.142106023318776e-07,4.8130988972161504e-08,3.2543423511555147e-10,1.420657924633417e-09,0.999998927116394,2
2,3.613914941524854e-06,4.715996510640252e-06,0.9897728562355042,4.505091055762023e-05,4.653960061773432e-08,2.360065707307513e-07,0.0101734418421983,2
2,4.349870721398474e-07,6.987229426158592e-07,0.9997679591178894,2.8662740078289065e-05,3.90600218835857e-09,1.3337045245975789e-08,0.0002022099797613,2
2,6.825613962924136e-10,8.710670407197085e-09,0.9999949932098388,1.92293578038516e-06,3.498584061345511e-11,5.06701169911139e-09,3.1582958399667405e-06,2
2,8.446328791933412e-08,5.010549486428317e-08,0.9998781681060792,5.329790292307735e-05,8.02453103965206e-10,1.7764032023137588e-08,6.834103260189295e-05,2
2,4.580473245141548e-08,1.1336542371509497e-07,0.9996507167816162,0.0001097264976124,5.593555618688129e-10,1.0451399745647905e-08,0.0002394252951489,2
2,6.869968842693197e-07,4.93073173402081e-08,0.9982220530509948,0.0011063491692766,1.2009333527629451e-09,4.002420173065957e-09,0.0006707535358145,0
2,1.1061955973445948e-07,5.198366181957681e-09,0.9999285936355592,5.7810302678262815e-05,2.706217472336902e-10,1.0360510671603151e-08,1.3438586393021978e-05,0
2,1.048879560983096e-08,4.577279888451358e-09,0.999968409538269,2.050630973826628e-05,4.9792198142384336e-11,3.9760816861189605e-09,1.1144717063871212e-05,0
2,1.7677995174381067e-06,1.9460365763279697e-07,0.9981955885887146,0.0016163304680958,5.507219569267363e-09,2.551752364965409e-09,0.000186113466043,0
2,6.0931924963369966e-06,2.700823813484021e-07,0.9975345134735109,0.0023583846632391,1.9654317284789613e-08,5.856030771411724e-09,0.0001007196915452,0
2,7.889005004813043e-09,7.011168534631906e-09,0.9999552965164183,3.689134246087633e-05,8.997479150618659e-11,7.355644426887409e-10,7.805856512277387e-06,0
2,1.10022380095387e-09,4.961351773857814e-09,0.9998608827590942,0.0001137819999712,2.2152919776363686e-10,5.287943416476537e-09,2.5314238882856444e-05,0
2,6.663368079529164e-09,2.5292545835498004e-09,0.9999850988388062,6.68171196593903e-06,3.1265251498879815e-10,1.2323177145390218e-08,8.260362847067881e-06,0
2,4.7043574369354246e-08,3.515846946910983e-09,0.9999665021896362,1.542027348477859e-05,1.4464442976702683e-09,5.385502888088922e-08,1.7940570614882745e-05,0
2,1.785071646054348e-08,1.6981297479290447e-09,0.9999223947525024,6.874548125779256e-05,8.646406923773498e-10,2.787424868699873e-08,8.772130968282e-06,0
2,3.248548239298543e-07,3.6205815234779954e-08,0.9977295994758606,0.0021719164215028,4.3786656078737e-08,1.1644875286265233e-08,9.811862400965764e-05,0
2,4.9804562252120383e-08,2.8448494671096114e-09,0.9999538660049438,3.813253715634346e-05,1.4198923148356355e-09,7.864655593436964e-09,7.969912985572591e-06,0
2,4.0758317254585563e-07,6.083442638527004e-10,0.9999823570251464,1.3053381735517178e-05,3.7005143393997736e-10,4.2262371380275e-08,4.132240519538755e-06,0
2,2.3519023173435016e-08,6.058931689700842e-10,0.99998676776886,7.168236606958089e-06,2.139000365719568e-10,2.8366434534632393e-08,6.123564162408002e-06,0
2,1.1212693884488091e-08,2.2681723166328993e-09,0.9999749660491944,5.190728188608773e-06,2.121592762582836e-10,3.746504262380768e-08,1.984772097785026e-05,0
2,1.6018911708215458e-07,1.4107595092127669e-08,0.9999207258224488,1.213690484291874e-05,2.504265683711537e-09,5.6571717976794396e-08,6.698484503431246e-05,0
2,1.62138960035918e-08,4.0674721368816336e-09,0.9999940395355223,4.180081305094063e-06,1.8200221885145138e-10,1.6331020979976072e-09,1.837497848100611e-06,0
2,7.590583095407055e-08,6.116023687496863e-09,0.9999921321868896,5.59740965400124e-06,1.3308179558357836e-10,8.494395742353332e-10,2.0891034182568542e-06,0
2,3.27160876167909e-08,2.6870270453116522e-09,0.999996542930603,2.641490254973178e-06,1.1282863532358077e-10,1.440666919094724e-09,8.85834424479981e-07,0
2,1.2933603557030438e-06,2.8213641201091377e-08,0.9999874830245972,3.275453764217673e-06,1.189581100291548e-09,1.4724380825725802e-08,7.89643672760576e-06,0
2,3.1366256735054776e-05,8.622886298326193e-07,0.9998672008514404,5.445803617476486e-05,3.4039029372934244e-08,4.0079711993712415e-08,4.611934855347499e-05,0
2,0.0017964149592444,4.708030246547423e-06,0.99783855676651,0.0002200340968556,9.123617132900108e-07,2.212983218896625e-07,0.0001391285040881,0
2,0.0001896068861242,9.163300092041028e-07,0.9996366500854492,6.821526767453179e-05,3.9677733099097174e-08,6.66354011968906e-08,0.0001044633172568,0
2,8.024231647141278e-05,7.733683560218196e-07,0.9998601675033568,3.842577643808909e-05,5.57600232653499e-09,4.926827656959176e-08,2.0322728232713416e-05,0
2,1.0573938880042988e-06,4.3599435173291574e-08,0.9999938011169434,4.008712039649254e-06,2.3944507487883016e-10,1.2808667015917765e-08,1.0929816198768094e-06,0
2,3.4159615580620084e-08,2.5985880114376414e-08,0.9999971389770508,2.6461132165422896e-06,2.2860015963521718e-11,2.4915498553212956e-09,2.773722940219159e-07,0
2,1.45279318530811e-06,1.3774388207821178e-07,0.999988317489624,9.186341230815742e-06,5.111042145067302e-10,1.0291132390705116e-08,9.59706540015759e-07,0
2,1.7204287772187854e-08,3.0207541357185625e-08,0.9999979734420776,1.7759876982381684e-06,3.0530068056977555e-11,2.149208366830635e-09,2.508051579752646e-07,0
2,5.538119651760098e-08,3.565395445548347e-08,0.9999948740005492,4.703822469309671e-06,5.0766793546763716e-11,1.748745703800125e-09,3.34086621478491e-07,0
2,2.13273597182706e-06,2.499392621757579e-07,0.9999785423278807,1.7564258087077178e-05,5.845593453734921e-10,4.1839909314944634e-09,1.5017080841062125e-06,0
2,1.2071433630467254e-08,3.779109292167959e-08,0.9999940395355223,5.451745892059989e-06,3.3650911918092774e-11,1.199937149642949e-09,4.788601586369623e-07,0
2,3.4949976940312766e-11,4.370530604091982e-09,0.9999992847442628,7.574832920909103e-07,1.1264906108615635e-12,4.677022102939077e-10,3.788590419162574e-08,0
2,1.0409650225140509e-10,2.3629704859473573e-09,0.9999997615814208,2.6101577077497495e-07,7.358991345983447e-13,1.1647969255790256e-09,3.838716366999506e-08,0
2,4.9853133532451466e-06,8.106819109343633e-07,0.9999605417251588,2.426430546620395e-05,1.3914346341792339e-09,3.93324697256503e-08,9.32305192691274e-06,0
2,9.997530696637114e-07,1.2282211514502708e-07,0.9999887943267822,8.046295079111587e-06,3.698174821931133e-10,1.1514100783927006e-08,1.9885726487700595e-06,0
2,3.9931150053185144e-10,3.237427677049709e-07,0.9999922513961792,2.008730234592804e-06,7.147226560588749e-11,1.1835351187983181e-07,5.221302217250923e-06,0
2,9.922453045874136e-07,2.757229253802507e-07,0.9999160766601562,4.040615385747515e-05,9.535387590631217e-09,8.835308449306467e-07,4.130809975322336e-05,0
2,9.794597417567277e-07,1.7042427771229995e-06,0.9998615980148317,7.623073179274797e-05,2.6173408329555062e-08,1.45545175200823e-06,5.806567423860543e-05,0
0,0.9680379033088684,1.398494168824982e-05,0.0316991880536079,0.0002129964559571,1.209334186569322e-06,5.539894232242659e-07,3.41317972925026e-05,0
0,0.995827853679657,1.933709972945508e-05,0.0034215003252029,0.0007154837367124,3.411687657717266e-06,1.8647149602202265e-07,1.2168975445092656e-05,0
0,0.9827247262001038,1.805018837330863e-05,0.0163953956216573,0.000836698396597,5.9472026805451605e-06,9.847490218817256e-07,1.80718197952956e-05,0
0,0.9850534796714784,8.454329872620292e-06,0.0149123109877109,1.831765621318482e-05,2.243031502757731e-07,6.391545070982829e-07,6.642458629357861e-06,0
2,0.0137591389939188,5.564933599089272e-05,0.9857813715934752,0.0001753325777826,3.05587320781342e-07,1.7883878626889782e-06,0.0002264091308461,0
0,0.9995869994163512,5.012143901694799e-06,0.0003955771680921,1.0770795597636608e-05,1.2514898628523954e-07,1.048046129881186e-07,1.4828054872850771e-06,0
0,0.9995480179786682,3.800894319283543e-06,0.000433050940046,1.438719755242346e-05,2.593907026948728e-07,1.2778322400208708e-07,2.864356076770491e-07,0
0,0.9995347261428832,6.371749805111904e-06,0.0004468880360946,1.0955040124827065e-05,9.469329143030337e-08,8.464905221217124e-08,9.053038070305774e-07,0
0,0.999902844429016,5.3075136747793294e-06,6.228445272427052e-05,2.850953933375422e-05,5.546216925722547e-07,4.194934888346325e-08,3.807695350133145e-07,0
0,0.999706208705902,6.826306616858346e-06,0.0002564749738667,2.959979792649392e-05,1.5940292996674546e-07,3.678584548083563e-08,6.494939270851319e-07,0
0,0.9997337460517884,3.657145725810551e-06,0.0002274742000736,3.409892815398052e-05,2.648974657404324e-07,1.4715865859216137e-07,6.042222366886563e-07,0
0,0.9995185136795044,5.882540335733211e-06,0.000315420620609,0.0001580797543283,1.203426450047118e-06,1.7463682411289485e-07,7.264815735652519e-07,0
0,0.999556839466095,6.838753961346811e-06,0.0003146587696392,0.0001198318932438,1.0973011512760422e-06,2.473517213275045e-07,5.278693606669549e-07,0
0,0.999764621257782,4.98055442221812e-06,1.6486152162542567e-05,0.0002115621609846,1.4742469147677184e-06,7.753232722507164e-08,7.419075700454414e-07,0
0,0.9993133544921876,2.717059942369815e-06,5.100839189253748e-05,0.000629425572697,3.117900632787496e-06,1.9382345328722295e-07,2.1355131707423425e-07,0
0,0.9997854828834534,1.3169066050977565e-06,7.540685601270525e-06,0.000203980715014,1.5264224657585146e-06,5.5116192498871897e-08,7.361756360069195e-08,0
0,0.9999827146530152,1.7931999707343493e-07,4.603245542966761e-06,1.235166382684838e-05,7.848147731692735e-08,3.638537293682021e-08,1.8046306671237742e-09,0
0,0.9999911785125732,1.5164344802087728e-07,7.695800377405249e-06,9.251430128642824e-07,2.876718419031476e-09,2.7769022636903173e-08,4.769768580104028e-09,0
0,0.9999918937683104,1.0887200119213959e-07,6.990997462708037e-06,9.690569413578487e-07,2.981689117831365e-09,9.909311593503391e-09,5.621976661984718e-09,0
0,0.9999819993972778,4.204443484923104e-06,2.7461071567813637e-06,3.910542091034586e-06,5.641234110953519e-07,1.1355466789098044e-08,6.587404186575441e-06,0
0,0.9999450445175172,7.92222999734804e-06,1.7386342960890031e-06,1.4870389577481546e-06,6.274507882153557e-07,2.521890607454225e-08,4.325479676481336e-05,0
0,0.9999651908874512,2.869217496481724e-06,1.3992440699439612e-06,1.280105834666756e-06,8.630790944152977e-07,3.598698228302055e-08,2.844817026925739e-05,0
0,0.9999951124191284,4.4005838617522396e-07,8.326213105647184e-07,3.1058681315698777e-07,4.5299994866354616e-08,2.0198909211899263e-08,3.398356966499705e-06,0
0,0.999998927116394,1.407159118116397e-07,4.906173671770375e-07,6.958772047482853e-08,4.984431978272141e-09,1.1068216565490731e-08,3.949088238641707e-07,0
0,0.9999773502349854,1.890516330149694e-07,2.2015303329681046e-05,2.539732975037623e-07,1.1945370248511722e-09,1.985205244636745e-08,1.2993376685699334e-07,0
0,0.9999996423721312,4.312715518040022e-09,3.731343838353496e-07,3.298750428371022e-08,3.2980110309388517e-10,7.471557594840306e-09,9.63315982538404e-10,0
0,0.9999966621398926,4.67804071035971e-08,2.6605580387695227e-06,4.4784707142753177e-07,1.1866714721975312e-08,4.744183357274778e-08,4.989512447650669e-08,0
0,0.999948501586914,2.96042628633586e-07,4.5733278966508806e-05,5.1392462410149164e-06,9.736409012361946e-09,1.8819117997281865e-07,1.91145474559562e-07,0
0,0.9999992847442628,2.6763148142094906e-08,4.239996371779853e-07,1.8284549696545585e-07,3.988159580359252e-09,1.0470309952381742e-08,2.2587167691767718e-09,0
0,0.999990463256836,4.008325902304932e-07,8.21795310912421e-06,7.63109653689753e-07,1.090394974312403e-08,2.3331853782337933e-08,1.123372328493133e-07,0
0,0.9999971389770508,2.531670020289312e-07,1.5622748605892411e-06,1.0389887847850332e-06,6.368441773929589e-09,3.901848621978843e-09,1.2828317075275208e-08,0
0,0.9999933242797852,8.41749425717353e-09,6.266412128752563e-06,2.506203600205481e-07,4.4748569294483795e-09,1.0966014230007205e-07,7.35398852924618e-10,0
0,0.9999986886978148,3.37869354716247e-09,7.324362627514347e-07,5.246675414127822e-07,2.3209100419308012e-08,1.2609179123046488e-07,3.9057018730304094e-10,0
0,0.9999959468841552,2.5056341446116903e-09,3.0889759727870114e-06,1.209375994903894e-07,9.694360869616505e-09,8.182715873772395e-07,3.0169176046257462e-09,0
0,0.9999986886978148,1.5841305156527596e-08,6.284780056375894e-07,2.225967676849905e-07,4.3417163198000714e-08,5.7559223165526425e-08,4.240139617195382e-07,0
0,0.9999947547912598,2.4929901698556023e-08,2.6187158255197573e-06,2.756386265900801e-07,1.683494730286839e-07,4.797257702193747e-07,1.710599008220015e-06,0
0,0.9999876022338868,9.891480523549491e-09,1.1691802683344577e-05,1.9925006711218884e-07,5.1409880796882135e-09,2.456852712384716e-07,1.8360486819801738e-07,0
0,0.999997854232788,2.7334348118301924e-09,1.4619341754951165e-06,1.371529521065895e-07,1.7747700198356142e-08,1.8962860792726133e-07,3.624422504344693e-07,0
0,0.9999943971633912,1.1137324396059967e-09,2.702032361412421e-06,4.90784998419258e-07,1.2952022565571042e-08,2.956067532977613e-07,2.067312834697077e-06,0
0,0.9999858140945436,1.218518730361495e-09,8.52982964261173e-07,4.362672427760117e-07,2.99813045501196e-08,1.5143770326631056e-07,1.275299109693151e-05,0
0,0.9999945163726808,8.158333453245348e-10,7.79029619479843e-07,1.3647468222188766e-07,2.7131795476975643e-08,1.1176257430633997e-07,4.510598046181258e-06,0
0,0.9999912977218628,1.2976256735797163e-09,5.548779427044792e-06,6.337868398986757e-07,2.9202331219835287e-08,1.0659141480573453e-06,1.4412154314413783e-06,0
0,0.9999920129776,3.20655213492671e-09,2.25908320317103e-06,7.033808060441515e-07,9.427408542705963e-08,7.003707764852152e-07,4.195649125904311e-06,0
0,0.9999927282333374,6.139730057697079e-09,3.7846332361368695e-06,1.3159065019863192e-06,3.548455538293638e-07,9.307569257543946e-07,8.381483098673925e-07,0
0,0.9999951124191284,1.1279946976472386e-09,1.8548029174780824e-06,4.286747810056113e-07,7.387298950334299e-08,2.476661620676168e-06,9.95015714266856e-09,0
0,0.9999896287918092,5.513593581696341e-09,3.59246996595175e-06,1.5668273363189655e-06,3.5076192261840333e-07,4.712194368039491e-06,1.4300334783001745e-07,0
0,0.999987006187439,1.7311373667894262e-08,5.067553502158262e-06,4.203750449960353e-06,3.6677985804089996e-07,3.220792223146418e-06,1.321376146279363e-07,0
0,0.9999746084213256,3.1549799217600594e-08,1.1199455002497416e-05,7.73061219661031e-06,2.1898711111134617e-07,6.029202722857008e-06,8.541142193507768e-08,0
0,0.999990701675415,7.94235521794917e-09,1.4159764987198289e-06,4.764677214552648e-06,5.456483336274687e-07,2.4613059395051096e-06,1.8021006908952586e-08,0
0,0.9999945163726808,1.973512020470025e-09,2.403420921837096e-06,9.181681548398046e-07,5.0621721925381287e-08,2.1794962776766624e-06,3.7716412215615955e-09,0
0,0.9999833106994628,6.152546916382562e-08,1.4968972209317144e-05,7.235482257783588e-07,3.1466239391875206e-08,8.248684935097117e-07,1.2998851772749733e-08,0
0,0.9999804496765136,1.090659154101559e-07,1.864274963736534e-05,4.77805826903932e-07,8.70117844442575e-09,2.2871500959809055e-07,2.2775585861722906e-08,0
0,0.999822437763214,3.893081157002598e-06,0.0001678729749983,2.5860831556201447e-06,9.529298949928489e-08,1.2935649920109429e-06,1.840976096900704e-06,0
0,0.9997196793556212,2.315605115654762e-06,0.0002726771635934,3.693338612720254e-06,9.61762438578262e-08,1.0041301266028313e-06,4.991483137928299e-07,0
0,0.9998297691345216,1.987310270123998e-06,0.0001653213839745,1.4901565918989943e-06,6.258782292434263e-08,5.898308472751523e-07,7.326121931328089e-07,0
0,0.9999325275421144,1.270062512048753e-06,6.416843825718388e-05,1.6539497664780356e-06,6.455386625248138e-08,2.1263369376356425e-07,1.281773620576132e-07,0
0,0.9999126195907592,8.544238880858757e-06,7.307079067686573e-05,3.6592336982721454e-06,3.328579794015241e-07,3.330196136630548e-07,1.4512140751321567e-06,0
0,0.9997939467430116,2.0989446056773886e-06,0.0001993921468965,3.998683041572804e-06,8.726816247417447e-08,2.843165987087559e-07,1.5578757484036032e-07,0
0,0.9999347925186156,1.7543341073178451e-06,5.904269346501678e-05,3.450730218901299e-06,2.183654999043938e-07,1.3379256813550458e-07,5.68759730867896e-07,0
0,0.9998784065246582,2.276462282679858e-06,0.0001114789774874,7.463157544407295e-06,4.1432258512941196e-08,1.1121333898245213e-07,2.596853789782472e-07,0
0,0.9997625946998596,1.2142897958256071e-06,0.0002245491778012,1.1213099242013412e-05,3.627931732808065e-08,2.699673871120467e-07,8.937355033822315e-08,0
0,0.999964475631714,3.767462715131842e-07,3.406262112548575e-05,1.0648574289007229e-06,1.3451756153415316e-08,4.37945999465228e-08,2.5708075668262612e-08,0
0,0.9999721050262452,4.329521345880494e-07,2.695207695069257e-05,4.809893425772316e-07,1.0313562448516224e-08,9.334537764971175e-08,1.664765214570707e-08,0
0,0.9998725652694702,7.40528605547297e-07,0.0001245973980985,1.8798740484271548e-06,1.0392744442810908e-08,1.1732674920494901e-07,3.812145621395757e-08,0
0,0.9996412992477416,7.375271593446087e-07,0.0003563458740245,1.4090196600591298e-06,6.113982653488392e-09,1.7474624769420188e-07,4.0476621165908e-08,0
0,0.9999085664749146,5.364382786865463e-07,8.738991164136678e-05,3.4615991353348363e-06,4.532457076322771e-09,5.1112834853483946e-08,3.079669852468214e-08,0
0,0.999936580657959,2.907373470861785e-07,5.805789987789467e-05,5.027902716392418e-06,6.1546154839220435e-09,3.6430915173468754e-08,1.22010819225693e-08,0
0,0.9999816417694092,2.452187004564621e-07,1.4510450455418322e-05,3.525881311361445e-06,1.157430595810638e-08,2.5970463113367263e-08,2.9469111595403774e-08,0
0,0.9999759197235109,2.0723169313896506e-07,2.1587356968666427e-05,2.191097337345127e-06,1.7348964931329647e-08,5.9443696187599926e-08,2.2938008825690304e-08,0
0,0.9999758005142212,1.8299375597052856e-06,5.218030310061295e-06,1.5770752725075e-05,1.0313020766261616e-06,5.697213723010464e-08,3.157947219278867e-07,0
0,0.9999716281890868,1.1692511634464609e-06,1.3857473959433264e-06,2.446017606416717e-05,1.3387848412094172e-06,4.391662145053488e-08,7.371108523557268e-08,0
0,0.9999505281448364,2.9235168312879978e-06,5.189333933230955e-06,4.066892506671138e-05,5.069498456578003e-07,2.234074791829244e-08,1.3674709009592334e-07,0
0,0.9999476671218872,5.249773494142573e-06,1.7245985191038926e-06,4.027443355880678e-05,4.192679625703022e-06,1.9528380690303493e-08,9.434567687094386e-07,0
0,0.9999762773513794,3.027463208127301e-06,1.136013088398613e-05,9.067568498721812e-06,1.0511413250924306e-07,6.04885102006847e-08,5.8401479208214375e-08,0
0,0.9999579191207886,6.878913609398296e-06,2.645993481564801e-05,8.121195605781395e-06,1.6920584755553136e-07,1.1803856381220613e-07,3.1960996693669586e-07,0
0,0.9999220371246338,6.697532171529019e-06,2.1345413188100792e-05,4.900204294244759e-05,4.452127200238465e-07,1.1611520278620446e-07,4.023469841740735e-07,0
0,0.9999611377716064,3.315341928100679e-06,2.1044806999270804e-05,1.405404145771172e-05,1.5647376017113857e-07,1.4539392623191818e-07,2.3178090202691243e-07,0
0,0.9999498128890992,3.65386699741066e-06,3.3416621590731665e-05,1.2478699318307918e-05,1.2478913902214117e-07,2.6173182732236455e-07,2.024231804398369e-07,0
0,0.9999579191207886,2.850644250429468e-06,2.526736898289528e-05,1.3142122952558566e-05,1.2683028671744978e-07,3.130230936676526e-07,3.936871166843048e-07,0
0,0.9999535083770752,3.058007678191643e-06,3.053879481740296e-05,1.2567518751893658e-05,4.8371951777426154e-08,1.1510869057929085e-07,2.1140957073839675e-07,0
0,0.9999819993972778,1.994720605580369e-06,8.238567716034595e-06,7.606717190355994e-06,5.8490101650932054e-08,1.287101980551597e-07,4.5115221780633874e-08,0
0,0.9999922513961792,1.3887182603866677e-06,3.738563691513264e-06,2.4184919311665e-06,3.9606916857337644e-08,7.83846871854621e-08,5.7711872614163446e-08,0
0,0.999964475631714,2.6923930818156805e-06,2.2898788301972672e-05,8.884503586159553e-06,1.7928235251929436e-07,4.5708625862062046e-07,3.079538544170646e-07,0
0,0.999984860420227,9.364612196804956e-07,6.339396350085735e-06,7.262506642291555e-06,2.662896179117525e-07,3.484134936115879e-07,1.3816734423244272e-08,0
0,0.9999805688858032,9.225949497704278e-07,1.5191410966508556e-05,2.804126552291564e-06,9.763953556785054e-08,2.682030242340261e-07,3.370491796772512e-08,0
0,0.999985933303833,3.6730418173647205e-07,8.63479363033548e-06,4.954400083079236e-06,3.9744016078202555e-08,4.727043290131405e-08,9.40242106395317e-09,0
0,0.99997079372406,1.19030516998464e-06,1.4611133337893987e-05,1.3209012649895158e-05,1.376344300751953e-07,3.514730551046341e-08,3.126149650256593e-08,0
0,0.9999403953552246,1.2863595202361466e-06,2.151960325136315e-05,3.6127748899161816e-05,1.549169752479429e-07,1.364230541867073e-07,4.697082545135345e-07,0
0,0.9999514818191528,1.9741983123822138e-06,2.495453827577876e-06,4.343990804045461e-05,4.760576928219962e-07,1.5035602984880825e-08,1.6596747798303113e-07,0
0,0.99998676776886,1.205135617965425e-06,1.712350581328792e-07,1.0640696018526796e-05,4.282838688141055e-07,4.482446858133926e-09,8.20058460249129e-07,0
0,0.9999781847000122,2.2094395717431325e-06,1.3682359849553904e-06,1.2309087651374284e-05,4.825990345125319e-07,2.98520639319122e-08,5.428680651675677e-06,0
0,0.999963879585266,9.002780643641017e-06,4.903391186417139e-07,4.453007477422943e-06,1.1666802492982242e-06,2.3843188756700332e-08,2.096213756885845e-05,0
0,0.9997082352638244,1.2848098776885308e-05,9.286943054576112e-07,1.5890769645920955e-05,6.473877078860824e-07,8.365376658048262e-08,0.0002613674732856,0
0,0.9998962879180908,8.11838708614232e-06,4.053459178976482e-06,7.142770755308447e-06,4.005769937975856e-07,3.314606544790877e-07,8.372119918931276e-05,0
0,0.9999659061431884,8.537810572306626e-06,6.834232522123784e-07,4.162584446021356e-06,3.510066051148897e-07,1.63625671234513e-07,2.022205808316357e-05,0
0,0.9999908208847046,1.4817289866186911e-06,7.01712394857168e-07,3.771539695662796e-06,1.6503867072970024e-07,1.6932651192291814e-07,3.024298393938807e-06,0
0,0.9999954700469972,2.778587600005267e-07,9.983334159358035e-09,1.0896478670474607e-06,7.227577043522615e-07,9.719498983429276e-09,2.381978447374422e-06,0
0,0.9999969005584716,8.581241672800388e-08,1.9327496829646407e-06,1.0725401580202742e-06,9.293088076844924e-09,3.307707174826646e-08,2.0729048699763556e-08,0
0,0.9999984502792358,1.1076975781065812e-08,2.1888354240218177e-07,1.2799556543541255e-06,5.361637356315896e-09,4.717453538916061e-09,6.437254729263486e-09,0
0,0.99999737739563,5.9288140619173646e-08,2.858852496956388e-07,2.157866902052774e-06,8.245513605231736e-09,2.4231014972286853e-09,7.520125677729085e-08,0
0,0.9999995231628418,5.655683477101547e-09,3.756207718197402e-07,9.971333270186733e-08,1.0976136666229763e-09,5.9650080430628805e-09,9.717643356665915e-10,0
0,0.9999979734420776,6.301594623892015e-08,6.648309067713853e-07,8.670194802107289e-07,2.738389923706564e-07,9.018150848305596e-08,8.90397942043819e-08,0
0,0.9999940395355223,2.604340743062039e-08,2.691206873350893e-06,1.1316609516143217e-06,5.06754361140338e-07,1.326226424680499e-06,2.3597119991336518e-07,0
0,0.9999659061431884,4.955273524842596e-08,9.507527465757448e-06,3.988659955211915e-06,5.344506917026592e-06,5.092469109513331e-06,1.002516637527151e-05,0
0,0.999992847442627,1.3490601524779322e-08,3.070205366384471e-06,1.088991552933294e-06,1.7550995323745158e-07,3.626807369982999e-07,2.552910927988705e-06,0
0,0.9999997615814208,9.53845447071444e-10,8.986607724636998e-08,1.1834920599085309e-07,2.804454446447835e-09,6.207503844279927e-09,7.930680112622213e-09,0
0,0.99999737739563,1.5656997476298784e-08,7.669373189855833e-07,1.7666029634710867e-06,9.64700852534861e-09,5.410059245036791e-08,8.701198339622351e-08,0
0,0.9999936819076538,1.9647792726118496e-08,3.1081972338142805e-06,2.79797131952364e-06,2.0060204164451534e-08,1.983109996217536e-07,2.821585098899959e-07,0
0,0.9999942779541016,5.082398057965065e-09,1.8466682831785877e-06,3.026995273103239e-06,4.9517296929479926e-08,4.900716703559738e-07,3.527787555412943e-07,0
0,0.9999829530715942,1.5492524596538715e-08,6.630085408687592e-06,7.829527930880431e-06,9.091692731999501e-08,5.87220199577132e-07,1.8684900169319008e-06,0
0,0.9999940395355223,1.4861255559495135e-09,2.0133845737291267e-06,1.601018084329553e-06,1.0237729242135175e-07,2.148252406186657e-06,1.5353489857261593e-07,0
0,0.9999938011169434,9.945736456629104e-10,9.857160421233857e-07,1.1876655889864196e-06,1.980324526584809e-07,3.760607114600134e-06,2.6679671805140973e-08,0
0,0.9999938011169434,3.1398328381726515e-09,5.221138508204604e-07,1.312697918365302e-06,5.661894988406857e-07,3.6990084026911055e-06,2.8135202612133984e-08,0
0,0.9999964237213136,2.965187206882547e-09,6.556721814376942e-07,8.808506208879407e-07,1.3964992717774294e-07,1.872144935077813e-06,2.317391389894396e-09,0
0,0.9999821186065674,8.478936663891545e-09,1.219043838318612e-06,3.6587377962860046e-06,9.732755188451847e-07,1.1729977813956792e-05,3.12130396196153e-07,0
0,0.999980330467224,1.446428541385103e-07,7.293958333320916e-06,1.5462641158592303e-06,8.793197707746003e-07,9.530832357995678e-06,3.344263461713126e-07,0
0,0.9999536275863647,2.25748749471677e-07,2.088378641929012e-05,7.490430107282009e-06,1.0230556881651864e-06,1.4437217942031566e-05,2.267669287903118e-06,0
0,0.9999940395355223,1.0287796392560722e-08,9.021346158988308e-07,9.408580012859602e-07,9.408422840806453e-08,3.967704742535716e-06,4.388073904237899e-09,0
0,0.9999901056289672,6.719023559753623e-08,3.2839666346262675e-06,2.142125140380813e-06,2.8311382038737065e-07,4.1564530874893535e-06,6.102985850020559e-08,0
0,0.9999890327453612,5.8422390480927795e-08,6.633825705648633e-06,1.0316836096535551e-06,1.302063310504309e-07,3.0537562452082057e-06,2.63405670608563e-08,0
0,0.9999969005584716,1.817285522065504e-08,1.569809114698728e-06,8.534300945939322e-07,2.2092908835702477e-08,7.257197012222605e-07,2.8836852905556043e-08,0
0,0.9999730587005616,1.1873386256411322e-06,2.050730472547002e-05,3.765208703043754e-06,6.640226501986035e-08,8.888659976946656e-07,4.383936982321757e-07,0
0,0.9999666213989258,2.8535362162074307e-06,2.0242217942723076e-05,8.408199391851667e-06,9.750901597271877e-08,7.325216984099825e-07,1.0103179874931811e-06,0
0,0.9999821186065674,1.0805774763866791e-06,1.3276717254484538e-05,2.694225486266077e-06,4.5605951015659236e-08,4.81419590414589e-07,2.788877111470356e-07,0
0,0.999951720237732,4.502222509472631e-06,3.527785884216428e-05,3.8016751204850152e-06,6.22062543698121e-08,7.97359405169118e-07,3.766974714380922e-06,0
0,0.9999377727508544,9.154577128356324e-06,4.263731898390688e-05,6.313691756076878e-06,1.0051123666698913e-07,3.177990492986283e-07,3.688061497086892e-06,0
0,0.9999724626541138,2.4928897346399026e-06,1.792374678188935e-05,4.450901997188339e-06,2.443641164973087e-07,8.006433063201257e-07,1.6705995449228794e-06,0
0,0.999915361404419,4.309484666009666e-06,6.925813795533031e-05,5.320914624462603e-06,2.1433531571801725e-07,9.67768414739112e-07,4.520528818829916e-06,0
0,0.9998962879180908,2.311486241524108e-06,9.285200212616472e-05,6.5182452999579255e-06,1.0397259586625297e-07,8.35583875868906e-07,1.0881929028982995e-06,0
0,0.999974489212036,9.538946414977545e-07,1.908968624775298e-05,3.857471710944083e-06,2.378045849127375e-07,4.158344495408528e-07,9.49256445892388e-07,0
0,0.9999847412109376,4.313576766890037e-07,8.889845048543066e-06,4.147774689045036e-06,8.904405035536912e-08,2.221921846512487e-07,1.4599213500332553e-06,0
0,0.999992847442627,1.681997474634045e-07,4.453196197573561e-06,1.7539725831738906e-06,5.8104451028384574e-08,1.234635931268713e-07,6.282789968281577e-07,0
0,0.9999947547912598,1.988972258004651e-07,1.5906384760455694e-06,2.7803600914921844e-06,1.2185890341243066e-07,8.406455975773498e-08,4.431891511558206e-07,0
0,0.9999959468841552,5.5856940406329165e-08,1.7844183730630905e-06,1.0699533277147566e-06,1.9145959129218681e-07,1.3736489279381206e-07,6.626514164054242e-07,0
0,0.9999960660934448,8.101228843315766e-08,1.6367189346055966e-06,1.0848322062884108e-06,1.6284056414406225e-07,9.971565617661329e-08,8.652806968711957e-07,0
0,0.9999825954437256,1.584731421644392e-07,4.451859695109306e-06,5.226677330938401e-06,4.596790006416996e-07,3.483253578906443e-07,6.752299668733031e-06,0
0,0.9999769926071168,7.125676404484693e-08,1.776959095423081e-07,2.2251770133152604e-05,2.2313795966510955e-07,2.208922467161756e-08,2.9170894322305685e-07,0
0,0.9999778270721436,3.5021432154280774e-07,1.6733160919102374e-06,1.9829802113235928e-05,6.96785562581681e-08,2.2977811653390745e-08,2.562640588621435e-07,0
0,0.9999748468399048,2.114430344590801e-06,2.559820359238074e-06,1.959907604032196e-05,1.5798767094565846e-07,3.8558578552283513e-08,8.035451060095511e-07,0
0,0.9999589920043944,9.026003908729764e-07,2.554847071678523e-07,3.899003058904782e-05,3.243914932227199e-07,1.989899978127596e-08,4.290842809950846e-07,0
0,0.9999735355377196,1.6892624898900976e-06,2.2051295900382686e-07,2.3423102902597748e-05,6.3116448245637e-07,3.7431629351658564e-08,4.638114603494614e-07,0
0,0.9998551607131958,1.3298214298629318e-06,5.56417383279495e-08,0.0001407403324265,2.591678367025452e-06,2.190830450388148e-08,1.1865132876209829e-07,0
0,0.9997238516807556,8.371302101295441e-06,1.2849137647208408e-06,0.00026559366961,4.013900536392612e-07,6.977335686997321e-08,5.385286954151525e-07,0
0,0.9998866319656372,6.561766440427164e-06,8.383663043787237e-07,0.000104095764982,3.609807777138485e-07,6.135558550113275e-08,1.3740549320573336e-06,0
0,0.999833345413208,1.0839211427082772e-05,1.820344664338336e-06,0.0001504383981227,7.410534408336389e-07,1.173849355495804e-07,2.655877551660524e-06,0
0,0.9999227523803712,7.834076313883997e-06,3.463807843218092e-06,6.483485776698217e-05,3.667472014967643e-07,2.0649551402129878e-07,5.625229846373259e-07,0
0,0.999775230884552,2.7530049919732846e-05,3.626889883889817e-05,0.0001553829497424,7.864270514801319e-07,6.395454192897887e-07,4.183034889138071e-06,0
0,0.9999502897262572,5.067367510491749e-06,1.0149413355975412e-05,3.275161361671053e-05,2.0419096813384385e-07,7.52268761061714e-07,6.57587577279628e-07,0
0,0.9999443292617798,6.552064860443352e-06,6.836787179054227e-06,4.046235699206591e-05,3.274926427820901e-07,5.899535722164728e-07,9.59205067374569e-07,0
0,0.999869465827942,3.66652493539732e-05,2.2197958969627507e-05,6.543529161717743e-05,6.484147547780594e-07,1.5547142311334028e-06,4.058215836266754e-06,0
0,0.9999628067016602,6.723102615069365e-06,2.621825387905119e-06,2.6305953724659048e-05,3.9836163523432333e-07,3.568480053672829e-07,8.035377163650992e-07,0
0,0.9999269247055054,1.0752327398222404e-05,5.0029248086502776e-06,4.793457264895551e-05,7.718564347669599e-07,1.3621522612083936e-06,7.255066975631053e-06,0
0,0.999964714050293,7.658856702619232e-06,5.101835085952189e-06,1.99574697035132e-05,1.4112396229393198e-07,4.7569776029376953e-07,1.94405060938152e-06,0
0,0.9999738931655884,4.365585937193828e-06,4.2462843339308165e-06,1.3209746612119488e-05,1.4636630396580588e-07,3.72316833363584e-07,3.718958168974496e-06,0
0,0.9999748468399048,1.1945847973038326e-06,3.2075891454042e-07,2.259176835650578e-05,2.434164514397708e-07,7.767149412529761e-08,7.4858149901047e-07,0
0,0.9999866485595704,9.808629783947254e-07,5.632460897686542e-07,1.098369375540642e-05,2.8198141421853506e-07,7.182208605627238e-08,4.639560131636245e-07,0
0,0.999996304512024,3.920196434137324e-07,3.031758240013005e-07,2.7574965315579902e-06,4.836165601318498e-08,4.4674703048031006e-08,1.5404519615458415e-07,0
0,0.9999971389770508,3.741547232039011e-07,2.661659266323113e-07,2.251143769171904e-06,3.6185262786148094e-08,3.013420268871414e-08,1.5597024116686953e-08,0
0,0.9999806880950928,4.012182216683868e-06,6.164250976326002e-07,1.4044696399651002e-05,2.0229821018347138e-07,2.1578719255899162e-08,3.012662546098e-07,0
0,0.9999622106552124,2.1234434825601056e-05,1.943919642144465e-06,1.2298083674977534e-05,1.6948466452504365e-07,9.866362660204687e-08,2.140088554369868e-06,0
0,0.9999157190322876,4.697993063018657e-05,2.0828496417379935e-05,1.1677377187879756e-05,4.7372870426443125e-07,5.949090109425015e-07,3.743193474292639e-06,0
0,0.999982476234436,5.7409888540860265e-06,2.60851902567083e-06,8.751116183702834e-06,1.7877491131912393e-07,1.3382039298903692e-07,1.3224330075445326e-07,0
0,0.999924659729004,6.204730743775144e-05,6.854746175122273e-07,8.104523658403195e-06,7.072042649269861e-07,1.6883424436286987e-08,3.716258106578607e-06,0
0,0.9999347925186156,4.674953015637584e-05,2.590440431049501e-07,1.6894362488528714e-05,3.282900422618696e-07,7.196298668077361e-09,9.267218388231412e-07,0
0,0.999974489212036,1.2733013136312366e-05,4.249209837325907e-07,1.1006753993569872e-05,1.891661298714098e-07,6.272233399329252e-09,1.1690918881868129e-06,0
0,0.9999449253082277,1.575860005686991e-05,8.809622613625834e-07,3.6129324143985286e-05,3.3226456253032666e-07,1.1791377652059511e-08,2.028962171607418e-06,0
0,0.9999594688415528,2.705887345655356e-05,3.819964717877156e-07,1.0109088179888204e-05,2.257670814742596e-07,2.8830591247697157e-09,2.751335159700829e-06,0
0,0.9999808073043824,8.837957466312218e-06,6.148118245619116e-07,8.900056855054572e-06,7.33078238113194e-08,4.940019504573456e-09,6.573624204975204e-07,0
0,0.9999929666519164,1.2282304169275449e-06,1.0311403286777933e-07,3.606700602176716e-06,7.867922846571673e-08,3.602951492709394e-09,1.968639708138653e-06,0
0,0.9999709129333496,1.4559954024662147e-06,1.576151902327183e-07,1.57537215272896e-05,1.0150598939162593e-07,5.36420108332436e-09,1.168183189292904e-05,0
0,0.999993085861206,2.33816808759002e-06,6.792387097220853e-08,4.393318704387639e-06,3.005085602580948e-08,3.834108142086734e-09,4.639050033006242e-09,0
0,0.9999881982803344,4.160538082942367e-06,2.2219272466372786e-07,6.971384664211655e-06,4.080966391484253e-07,7.356005937708687e-08,1.8262902301557915e-08,0
0,0.9999778270721436,4.159145646553952e-06,1.074663131817033e-07,1.5830170013941824e-05,1.7962181573238922e-06,1.2123379633521836e-07,9.761040331568439e-08,0
0,0.9999970197677612,4.064339975684561e-07,8.556400388215479e-08,1.9294900539534865e-06,1.4523286040457608e-07,4.375008302304195e-07,3.54920515199808e-09,0
0,0.9999817609786988,4.557663487503305e-06,9.071497970580822e-07,9.771008080861066e-06,6.106268415351224e-07,8.643240221317683e-07,1.5666222452637155e-06,0
0,0.9999731779098512,1.545154759696743e-06,5.522496167031932e-07,1.1523198736540508e-05,1.5864986835367745e-06,1.661501414673694e-06,9.95760547084501e-06,0
0,0.9999942779541016,7.235561270135804e-07,4.3582886632975725e-07,2.338097147003282e-06,2.510494994112378e-07,6.327601909106306e-07,1.3792656545774662e-06,0
0,0.999970555305481,1.9866654383804416e-06,1.6594461840213626e-06,6.633190878346795e-06,9.393269806423632e-07,4.301760327507509e-06,1.3993670108902734e-05,0
0,0.9999630451202391,8.899936574380263e-07,1.8595644633023769e-06,8.552339750167448e-06,8.407524205722439e-07,7.098325113474857e-06,1.7633536117500626e-05,0
0,0.999964475631714,3.082831199208158e-06,2.5072322387131862e-06,5.627887730952352e-06,7.816502716195828e-07,5.132515525474446e-06,1.8332120816921812e-05,0
0,0.999975085258484,2.768420245047309e-06,4.743662884720834e-07,5.452198365674121e-06,4.61562876807875e-06,7.916425602161326e-06,3.639449914771831e-06,0
0,0.9999804496765136,3.427309593462269e-06,2.469685114192544e-07,7.784747140249237e-06,3.4837926250474997e-06,4.0986442400026135e-06,6.330441806312592e-07,0
0,0.9999752044677734,9.343340025225189e-06,1.577323359924776e-06,7.30197371012764e-06,1.133335217673448e-06,4.089108188054524e-06,1.2514943819041946e-06,0
0,0.9999673366546632,1.6890855476958677e-05,2.1264506813167827e-06,7.076240763126407e-06,1.3603755633084802e-06,3.7926051845715847e-06,1.508592731624958e-06,0
0,0.9999748468399048,1.3935877177573277e-05,2.7143455554323737e-06,4.024213922093622e-06,5.247466106084175e-07,2.679587623788393e-06,1.352734784632048e-06,0
0,0.999990940093994,4.341240128269419e-06,6.022993943588517e-07,2.037066906268592e-06,2.749554823822109e-07,1.5334646832343424e-06,3.7973396160850825e-07,0
0,0.9999715089797974,2.372586641286034e-05,3.993304744653869e-07,2.7262490220891777e-06,4.521322978234821e-07,6.820350222369598e-07,4.0538080270380316e-07,0
0,0.9999443292617798,5.3190826292848215e-05,4.152964265813353e-07,1.3970574173072237e-06,1.9880015145190558e-07,3.242818991111563e-07,6.984866729453644e-08,0
0,0.9984742999076844,0.0015185986412689,2.2322003587760264e-06,1.6523633803444682e-06,8.838771918817656e-07,5.313780775395571e-07,1.759663177836046e-06,0
1,0.0015956065617501,0.997661828994751,2.3414472707372624e-06,2.5922599888872355e-06,3.573208005036577e-07,1.368843811633269e-07,0.0007370931562036,0
1,4.80549670101027e-06,0.9999172687530518,3.483823434180522e-07,7.625991429449641e-07,2.389579911721285e-08,1.7182372857860173e-08,7.681194983888417e-05,0
1,5.601096972895903e-07,0.99986732006073,3.107543989244732e-06,1.368631046716473e-06,1.0233791591929275e-08,9.408791612486313e-08,0.000127499908558,0
1,5.998227152304025e-06,0.999915361404419,2.0846161987719825e-06,1.751165996211057e-06,4.9856538453241235e-08,3.76241438004854e-08,7.47504091123119e-05,0
1,0.0011937078088521,0.9983637928962708,9.68561216723174e-05,1.52307284224662e-05,1.7645415937295184e-06,6.090443775974563e-07,0.0003280915843788,0
1,0.0027263648808002,0.9968777894973756,5.595690163318068e-05,1.650661761232186e-05,1.435234025848331e-06,1.594283247641215e-07,0.0003218684869352,0
1,4.6180463186829e-07,0.9998887777328492,6.358221980917733e-06,4.0388943034486157e-07,6.490335380249235e-09,7.509273203254452e-09,0.0001039745475281,0
1,3.300880280221463e-07,0.9999960660934448,4.896306222690328e-07,5.658126767116301e-08,3.6871665720639157e-09,2.027024104123143e-09,3.134656935799285e-06,0
1,1.6009806813599423e-06,0.9999868869781494,7.32205123199492e-08,1.274919583238443e-07,7.97742583102945e-09,6.331275503868027e-10,1.1254980563535357e-05,0
1,1.199748476210516e-05,0.9999731779098512,9.163574077319937e-08,1.196198695652129e-07,6.92612545094562e-08,4.528115382651521e-10,1.449739374947967e-05,0
1,1.2881057955382856e-05,0.9999737739562988,9.018122426596165e-08,3.6508787104594376e-08,3.552206351287168e-08,4.1179476495400985e-10,1.3272036994749216e-05,0
1,2.578656506102561e-07,0.9999988079071044,4.2411411271814365e-08,4.361850880485463e-09,3.244260859958103e-09,9.509810994234867e-11,8.657122521071869e-07,0
1,8.192855283084555e-09,0.9999994039535522,1.867767096541684e-08,3.1545153156287142e-09,1.3680724331166514e-09,6.053807455330684e-11,5.80673031436163e-07,0
1,1.5759031579687388e-10,0.9999996423721312,1.362703372365104e-08,1.761081835915945e-09,5.107601563913987e-10,4.3182176584499736e-11,3.850590246656793e-07,0
1,9.572349579656247e-10,0.9999994039535522,2.838956403294901e-09,1.4540433301846176e-09,6.454358714158558e-10,1.0328338011234006e-11,5.637556910187413e-07,0
1,2.8456514922226006e-09,0.9999992847442628,3.4034419726935994e-09,1.8753050223807573e-09,2.0788715193731373e-09,2.3597150275445067e-11,6.696449759147072e-07,0
1,7.680077906968563e-09,0.999998927116394,1.2237916235946502e-09,4.1707917675104506e-10,4.712383816496413e-09,2.6546369269464517e-11,1.018450575429597e-06,0
1,5.640541419354994e-12,1.0,5.069303310456519e-11,1.0052501192570061e-10,1.1625106433044151e-10,1.1023078066649261e-12,8.870006951156029e-09,0
1,2.6740412550907425e-08,0.9999982118606568,1.5014310628114202e-10,2.155609246656809e-09,3.645267421248377e-09,1.6573346427878333e-12,1.7549691619933585e-06,0
1,2.972047923321952e-07,0.999990940093994,1.9122604888455183e-10,1.559165352382763e-09,3.367397027886909e-08,9.079719615057158e-12,8.745933882892132e-06,0
1,9.162513379123992e-07,0.9999865293502808,1.7944699892691318e-10,4.05421296534314e-09,1.043411756995738e-07,4.7241880546389226e-12,1.2459061508707236e-05,0
1,1.9551657715055626e-06,0.9999886751174928,3.2716609976723987e-10,7.239502775036044e-09,1.417231914047079e-07,1.2567839130506188e-11,9.278661309508608e-06,0
1,9.326114422947284e-07,0.9999977350234984,5.6560988531684224e-11,3.5187273095260703e-09,9.288882552027644e-08,4.372076485570364e-12,1.2959121704625431e-06,0
1,2.0219752627781418e-07,0.9999988079071044,6.345008546349007e-11,5.31745703025166e-10,1.897949708506985e-08,6.540776600894027e-12,9.70378778220038e-07,0
1,2.2635977359186654e-07,0.9999996423721312,3.859427707975094e-11,1.7950993469462162e-10,1.6958116688670092e-08,3.2568630951856918e-12,1.683467871771427e-07,0
1,1.6162563554189546e-07,0.9999992847442628,5.481627651793275e-11,5.13852627115341e-10,1.1951061473780555e-08,3.765522182258563e-12,5.974736154712446e-07,0
1,2.159202239226943e-07,0.9999994039535522,1.0183821841369678e-10,4.460327107658202e-10,1.2035449969971523e-08,6.09807343510127e-12,3.991657138158189e-07,0
1,7.453086254827213e-07,0.9999982118606568,3.0781049931150046e-10,1.252872028345564e-09,2.839474433358191e-08,2.1265511920831592e-11,9.92492232398945e-07,0
1,6.373098813128308e-07,0.9999985694885254,3.73651942719988e-10,9.090663222188765e-10,2.106821384018076e-08,2.0120200644457853e-11,8.100466288851749e-07,0
1,6.373234668899386e-07,0.9999988079071044,2.1109386461048982e-10,4.2131351185581423e-10,1.5191897517752295e-08,1.008347745579119e-11,5.568846290771035e-07,0
1,7.496112743865524e-07,0.9999982118606568,2.5187196772691323e-10,8.10242872795186e-10,4.1233654712868884e-08,1.836922454423462e-11,9.462907542001632e-07,0
1,9.783864243217977e-07,0.99999737739563,3.2759231438639347e-10,1.5545725817744938e-09,8.44305105829335e-08,3.9430226445036354e-11,1.5061237945701578e-06,0
1,1.1490288187587795e-07,0.9999988079071044,5.8148496434595736e-11,8.706214638110055e-10,4.5297049666714884e-08,1.9577835880246752e-11,9.90580929283169e-07,0
1,5.408398919826141e-07,0.999997854232788,3.3221542183881065e-10,2.1029404884131964e-09,5.2300372033187166e-08,5.523284954400687e-11,1.5662172927477511e-06,0
1,2.8292245701777574e-07,0.9999977350234984,7.760325715366889e-11,1.7320896938954886e-09,1.2444837160785482e-08,1.5296911307083327e-11,2.011114247579826e-06,0
1,1.2411156831149128e-06,0.9999922513961792,1.0997258659273256e-10,1.7635604976362632e-08,2.746801612829586e-07,5.3302744162930787e-11,6.268084689509124e-06,0
1,5.06097705965658e-07,0.9999659061431884,7.684222182169353e-12,3.98736466067362e-09,6.931357461326115e-07,9.07433329866425e-12,3.284468402853236e-05,0
1,3.179446537160402e-07,0.9999982118606568,4.0779665755330536e-10,6.348630954278178e-09,9.510721987737725e-09,1.0110586846912016e-11,1.43076670156006e-06,0
1,2.133875796062057e-06,0.9999970197677612,1.205066824105927e-09,2.42197772948316e-09,1.0781199932807796e-08,1.8461052131435448e-11,8.235357427111012e-07,0
1,1.3425544693745906e-06,0.999997615814209,1.4060559383466396e-09,2.450304403822656e-09,9.505892073491395e-09,2.6540209266401327e-11,1.025493929773802e-06,0
1,9.600751127436524e-07,0.99999737739563,1.0217167389914296e-10,1.988897713189885e-09,1.6611499731311596e-08,7.342041905000762e-12,1.704501869426167e-06,0
1,3.82705252377491e-07,0.9999954700469972,7.574876143001674e-11,2.266636212056028e-09,1.4956063054683e-08,5.109660090873991e-12,4.148927018832183e-06,0
1,5.829797373735346e-07,0.9999394416809082,4.6543238013674326e-11,9.238700360292284e-10,4.124995456322722e-08,1.1161708710072382e-11,5.995777974021621e-05,0
1,1.2017201811431732e-07,0.9999959468841552,2.527302499222284e-11,1.3646866969807547e-10,6.220600479167615e-09,1.945347962578614e-12,3.969843419326935e-06,0
1,1.9356178881935197e-08,0.9999997615814208,4.063712907842465e-12,1.0414093198907182e-11,1.408052896501033e-09,2.643964149180722e-13,1.8045962235646584e-07,0
1,4.261839237074128e-08,0.9999997615814208,2.3288908995722224e-11,1.682394154545186e-11,2.055703607339865e-09,1.0223926739938438e-12,1.421517055177901e-07,0
1,5.869799313273916e-09,1.0,2.036228390761563e-12,1.7999254430661749e-12,5.069064057394711e-10,9.59350261449214e-14,2.2382799613751562e-08,0
1,8.088533398620257e-09,0.9999997615814208,1.6078542577208088e-12,2.203392850119723e-12,2.9163378378882503e-09,1.7793243007463433e-13,2.3486458644583766e-07,0
1,7.511239630275668e-09,1.0,1.839768355021976e-12,1.28948067501522e-12,1.0843569375751372e-09,5.78908530271191e-14,2.293073109171928e-08,0
1,8.87174955721548e-09,1.0,4.449330660849515e-12,2.457191134591641e-12,2.342476879135802e-09,1.1193862948111893e-13,1.2033575025327536e-08,0
1,1.5702933069405844e-06,0.999991536140442,2.7757832143926464e-10,1.3612549976116384e-09,1.0736615507767057e-07,2.449142451343977e-11,6.776202098990325e-06,0
1,2.1534258110023077e-07,0.9999994039535522,5.570904154650336e-11,4.812600318260252e-10,8.242609084163632e-08,3.9701891947629956e-12,2.997798560500087e-07,0
1,2.1741364264471486e-09,1.0,2.0288469255308472e-12,3.2627581192379296e-12,4.298312816786165e-09,1.7738555849883267e-13,6.339228697527233e-09,0
1,4.7092711952245744e-09,1.0,4.792428173056029e-12,4.871102219500267e-12,3.990285435406804e-09,1.4879097303202584e-13,1.5129224095744576e-08,0
1,6.96845248171485e-08,0.9999948740005492,4.514641993580426e-09,9.563327907358143e-10,6.055150691963719e-08,1.3846196411648748e-10,5.0139401537308e-06,0
1,9.379739651649288e-08,0.9999943971633912,8.669670537031492e-10,1.7816174091578316e-09,2.5633551103965146e-07,3.0411576035227483e-11,5.224989763519261e-06,0
1,1.807017042665393e-07,0.9999899864196776,7.010917180139131e-09,8.374207993711025e-10,1.2304666086038196e-07,1.1848734493558055e-10,9.745282113726716e-06,0
1,1.7344711977784757e-07,0.9999306201934814,3.2183335996194273e-09,8.294490427829261e-09,9.090302341974166e-07,3.4034788876091677e-10,6.831053178757429e-05,0
1,6.839407546976872e-07,0.9996471405029296,2.4699158274188452e-08,4.3124558146701026e-08,6.200432835612446e-06,3.142661908484001e-09,0.000345901818946,0
6,2.099539415212348e-06,0.0003316590155009,3.9619383329636555e-08,2.996509351760324e-08,1.6599271930317627e-06,1.9640880566385027e-07,0.999664306640625,0
6,1.4277432569542725e-07,3.044186996703502e-06,1.71307112939445e-09,2.5948905246764294e-09,5.78432661768602e-08,8.114019678373552e-09,0.9999966621398926,0
6,2.089877959576825e-08,3.231439791306912e-07,4.971510980666949e-10,5.520801038549904e-10,2.4076747706658352e-08,3.7195662105915517e-09,0.9999996423721312,0
6,1.628593082614316e-07,1.2048682265231037e-06,8.09651901079178e-09,4.35543201504629e-09,5.746531783756837e-08,2.8861498080345882e-08,0.9999985694885254,0
6,2.836487453805603e-07,1.404062732035527e-05,3.9456962142025995e-09,3.122261116317304e-09,5.1319091198820395e-08,1.8765145881616263e-08,0.9999855756759644,0
6,7.96553507598219e-08,2.2830749912827741e-07,2.952058320015993e-10,5.70310292047349e-11,4.338400927395014e-08,4.1695741970215756e-08,0.9999996423721312,0
6,1.3875251170247793e-07,5.349158413991972e-07,4.342253667743989e-09,2.2087134343706794e-09,4.491516136795327e-08,1.385198089565165e-07,0.9999990463256836,2
6,6.710774158591448e-08,3.450672068083805e-07,8.195696898916083e-10,8.929426087433966e-10,7.14302359483554e-08,5.761275900795226e-08,0.9999995231628418,2
6,3.6420015447902194e-08,1.7134238916582945e-08,5.663367552699582e-10,5.058844454453038e-10,2.4321561653550816e-08,5.2578027265326455e-08,0.9999997615814208,2
6,2.367166445083058e-07,3.30019133798487e-07,9.173839465859145e-10,1.087552048417706e-09,1.3574423007867156e-07,2.854683032182948e-07,0.9999990463256836,2
6,2.622925194373238e-06,7.887799142736185e-07,7.024270498590113e-09,3.1539717504358573e-09,5.108798859509989e-07,3.012617980857613e-06,0.999993085861206,2
6,4.322122549638152e-06,1.681526737229433e-05,2.9413802948852208e-08,2.3758994771583275e-08,1.4224386859496008e-06,3.359761194587918e-06,0.9999741315841676,2
6,1.1663149734886249e-06,6.099501661083195e-06,6.838799304631493e-09,1.0588705023906186e-08,3.882484634232242e-06,2.4167025003407616e-06,0.9999864101409912,2
6,8.72114810590574e-07,1.0211932021775285e-05,1.3376832974643094e-08,1.741914701369751e-08,8.854782208800316e-06,2.756449930529925e-06,0.9999772310256958,2
6,1.084259565686807e-06,5.653686821460724e-05,3.128412728869989e-08,3.9373354354665935e-08,9.53462949837558e-06,3.304151960037416e-06,0.9999295473098756,2
6,5.130147542331542e-07,1.2573705134855118e-05,5.019146431806121e-09,4.233200900927159e-09,1.2966781923751114e-06,5.807649472444609e-07,0.9999850988388062,2
6,2.977697199924023e-08,4.687594991992228e-05,8.159547482122774e-10,2.6773270267455022e-09,2.840646686763648e-07,2.1519535664538125e-07,0.9999525547027588,2
6,2.4026272527066798e-08,8.379413884540554e-06,4.51829407221993e-10,1.0854278587046904e-09,3.5848032098328986e-08,9.025594494005419e-08,0.9999914169311525,2
6,8.800230766325967e-09,1.1807836699517793e-06,2.2261069376749987e-10,4.722079949281975e-10,2.227566042733997e-08,4.653027119161379e-08,0.9999988079071044,2
6,4.195721992061863e-09,4.782662585967046e-07,2.2012103251256576e-10,7.097344933981731e-10,8.135428331002004e-09,1.389217096914308e-08,0.9999995231628418,2
6,1.6823266335563858e-08,1.7650988866080295e-06,8.682032315299181e-10,1.8443214733210311e-09,1.5382962459398186e-08,2.080675365334628e-08,0.9999982118606568,2
6,3.901083118762472e-07,2.0035662601003423e-05,9.854715266044424e-09,9.036435599796278e-09,1.7948002550838282e-07,1.550434518549082e-07,0.9999792575836182,2
6,2.4408995713542936e-08,4.988370164937805e-06,2.788337782888561e-09,1.8262314993577886e-09,5.084749332695537e-08,8.499758763491627e-08,0.9999947547912598,2
6,6.0373629651167e-08,9.999732242249593e-08,1.902847435175658e-09,8.10466582734648e-10,6.245176109587193e-08,9.040434179041769e-08,0.9999996423721312,2
6,1.3844477564362026e-07,5.530982321033662e-07,5.736021080338106e-08,3.2465095500811e-08,3.9795736483938526e-08,3.902436276348453e-07,0.999998927116394,2
6,1.003050300596442e-07,4.909189215140941e-07,2.808173027446514e-09,6.420693754449758e-09,6.53445795251173e-08,6.650641637406808e-08,0.9999992847442628,2
6,1.283348609604218e-07,4.582137478337245e-07,2.6240890349527035e-08,1.390194537265188e-08,5.2931376615106274e-08,2.0832436575801694e-07,0.9999990463256836,2
6,1.421772140020039e-06,7.216878202598309e-06,1.8420368519400654e-07,1.1152355483545763e-07,2.7575299554882804e-07,8.555461477044446e-07,0.9999898672103882,2
6,5.201795829634648e-07,5.251781476545148e-05,3.1171612135949545e-07,3.780000952247065e-07,4.727367297618912e-07,1.4340309917315608e-06,0.9999443292617798,2
6,3.0398791750485543e-06,0.0002105893800035,1.3067501640762202e-06,1.2019257837891928e-06,3.747842356460751e-07,2.102508460666286e-06,0.9997813105583192,2
6,6.464284041385326e-08,7.302768062800169e-05,2.838090722434572e-07,5.182424160921073e-07,1.3527711928418285e-07,8.075266464402375e-07,0.999925136566162,2
6,2.0137541412168505e-07,1.9183042240911163e-05,1.4610455423280658e-07,4.829279873774794e-07,2.7321758011567e-07,1.0926337381533813e-06,0.9999786615371704,2
6,8.24840782343017e-08,2.7650179617921825e-05,1.15623755903016e-07,5.018569595449662e-07,1.4972232520449325e-07,1.180620415652811e-06,0.999970316886902,2
6,3.1852586346303724e-08,1.039770995703293e-05,1.7501246674100912e-08,1.6505570954450377e-07,8.5074319144951e-08,1.8061385276268998e-07,0.9999891519546508,2
6,4.408958975687938e-09,1.1614388313319068e-06,1.048380715573671e-09,3.0314168952827465e-08,7.860164075168541e-09,6.580519595900114e-08,0.9999986886978148,2
6,9.307293602489608e-09,1.2008600833723904e-06,1.1222757834161712e-08,3.40241541607611e-08,1.1294092772118349e-08,2.1617512402372085e-07,0.9999985694885254,2
6,5.632683763856504e-10,7.782268198752718e-07,5.028204963508642e-09,5.983556761179898e-09,2.4969164513777287e-09,3.466772113824845e-08,0.9999991655349731,2
6,6.886952674811653e-10,3.184525212418521e-07,2.963048695292514e-09,5.516517243009389e-10,9.430748626471086e-09,1.6824348136879053e-08,0.9999996423721312,2
6,5.308036649109837e-11,4.133184106080989e-08,3.957612709770686e-11,4.034530695640193e-11,5.2109876413908304e-09,8.103664406178267e-10,1.0,2
6,1.0202589467711576e-10,4.5824236849512097e-08,1.0124216048845723e-10,9.124111188807403e-11,3.34735683615861e-09,2.2883837047515954e-09,1.0,2
6,6.582626804751968e-11,2.5437982387188643e-08,3.0476433876547304e-11,8.41157143938176e-11,2.010490662840425e-09,7.819616620885482e-10,1.0,2
6,3.235227016840092e-11,1.3924700503764598e-08,1.7115205086515317e-11,1.514170872018994e-10,5.384568346755714e-10,5.908357136874541e-10,1.0,2
6,2.792385211947135e-10,1.9729895939235572e-08,3.849430843527735e-11,1.4680978654979524e-09,7.345009600534523e-10,1.1497720553421684e-09,1.0,2
6,1.1436387253871415e-10,9.297296266197463e-10,8.241182909707323e-12,1.7732738610831687e-09,2.887670935702857e-10,3.0491739688720543e-10,1.0,2
6,9.096638720063055e-11,3.6613054255063554e-10,1.1836220371874706e-11,1.4939244286082951e-09,1.4960907512850952e-10,5.234574440571294e-10,1.0,2
6,1.2074354849289646e-09,2.1159689556071726e-09,2.0489691540670485e-11,1.0993810306558773e-08,4.680541509927139e-10,4.787307772424754e-10,1.0,2
6,3.865730235919073e-10,2.385058817111485e-09,6.0548120336956216e-12,5.003984338003421e-09,6.864490087465923e-10,1.7552667652687148e-10,1.0,2
6,1.9717535937324726e-10,3.630113321051453e-09,6.284598709493938e-12,3.552155014574509e-09,9.580246596030404e-10,1.4205665810340662e-10,1.0,2
6,1.4762422187453158e-11,2.7366264809813856e-10,3.191871409107677e-13,5.84011339288537e-10,4.2930259347429006e-10,3.2000308652913034e-11,1.0,2
6,1.20398179273562e-12,3.431187972635641e-11,4.8725468646849956e-14,2.8241589622446384e-10,5.1127373168480255e-11,4.114047644221408e-12,1.0,2
6,6.572649542679887e-12,2.4487203931222723e-10,4.113747374429738e-13,1.2945147176424143e-09,2.4861390723884824e-10,3.9649568350785807e-11,1.0,2
6,4.9832889550960324e-12,3.6741704123599556e-10,2.288031092714804e-12,9.168386883029456e-11,6.72686684133339e-10,3.646113133637385e-10,1.0,2
6,4.6939739421769655e-12,7.010742542057358e-10,2.829331820913828e-12,2.608539495518869e-10,6.737383428934152e-10,1.0746996348398595e-10,1.0,2
6,1.7906150737503899e-12,3.510111298843377e-11,5.365921465841361e-13,1.4206208431843947e-10,2.507573315657652e-11,1.3208717106194534e-11,1.0,2
6,9.839034101344346e-12,1.5956969079411462e-10,2.6924766236002814e-11,3.901003520212498e-09,3.601818843179672e-11,4.3710712133160357e-11,1.0,2
6,9.781948862030987e-11,9.199005446269835e-11,4.170965059880488e-13,9.325588079533984e-10,1.7615854608354908e-10,1.1378678381468443e-11,1.0,2
6,6.396232848926431e-11,1.5073359227457672e-10,9.674081197577622e-13,3.4186928288271185e-10,3.1737654171415386e-11,4.0086732544519776e-11,1.0,2
6,6.229967652870981e-10,1.784205116983628e-09,9.257825409059171e-12,2.6143534004319235e-09,1.1640816088842597e-10,5.874901259916854e-11,1.0,2
6,7.111671251891494e-10,7.441604554792035e-10,1.2562810514094022e-10,5.838044270234377e-09,8.902183851189349e-11,4.5646231239260255e-10,1.0,2
6,2.0754323606930747e-11,3.4066877790950294e-11,9.389720988586814e-13,2.5428256722470616e-10,2.2004295954780595e-11,7.864140588731415e-11,1.0,2
6,6.060525969964202e-10,1.9694770259093275e-09,2.7428280133245938e-11,5.0002921803127265e-09,1.4943034587489024e-09,3.28576860164631e-10,1.0,2
6,1.560297308023095e-10,2.7095266030841003e-09,5.259539331836649e-12,1.719732467542201e-09,1.4580405771624783e-09,7.232649201771578e-11,1.0,2
6,2.379792363171873e-08,4.910045348083258e-08,8.483692082172921e-10,1.4551133631357518e-07,9.249104238051586e-08,3.463896947053513e-09,0.9999996423721312,2
6,2.1236581937422727e-10,2.0396364597274892e-09,1.128173336001348e-11,6.357815607316297e-09,2.732966075669196e-09,8.828392183968248e-11,1.0,2
6,8.849473154270981e-09,5.397948310559286e-09,6.171761712803203e-11,3.2689619899883844e-08,1.9788845406765176e-07,1.524935622221335e-09,0.9999997615814208,2
6,3.428240802350046e-09,2.333736093262928e-09,2.0662617450373236e-10,1.3074186178130276e-08,2.6265402297553923e-08,8.174375065728157e-10,1.0,2
6,4.333147174406804e-09,1.4813915427680513e-08,2.7047533657231776e-10,4.241767470603008e-08,3.467615954377834e-07,8.203830392794487e-10,0.9999996423721312,2
6,5.955924198275397e-09,6.626456272584846e-09,7.361934950544934e-10,3.19946821036865e-07,1.7084965975300292e-07,5.708166161966233e-10,0.9999995231628418,2
6,3.285022742716137e-08,1.763817714106608e-08,1.2499989932024391e-09,3.31450110024889e-07,6.585898404409818e-07,3.858840358361704e-09,0.999998927116394,2
6,6.135100760751301e-10,3.2351439305244867e-09,3.6769448596984944e-11,1.2140500160739975e-08,3.682846028141285e-08,2.1425525242868557e-10,1.0,2
6,8.011358243464882e-11,7.222038522769481e-10,1.0028863156597012e-11,5.594584795431956e-09,7.888620423557313e-09,6.726132151246844e-11,1.0,2
6,1.5061769539914668e-11,3.33087918358288e-10,6.613440264174876e-13,7.037940230603111e-10,3.815699312070819e-09,4.8446207982777426e-12,1.0,2
6,4.396406155793287e-11,3.6362651778532035e-10,8.528216110734177e-13,4.181501811473254e-10,9.643923881696992e-09,1.0714979251091884e-11,1.0,2
6,4.3798843024633876e-11,1.756814138609286e-10,2.4098071628453344e-12,1.3451738611891526e-09,3.2535101279762557e-09,1.8169278581670056e-11,1.0,2
6,7.479423330680746e-11,3.7269939912043526e-10,7.883340247955006e-13,9.953580182298083e-10,8.655844929705836e-09,5.200068240590605e-12,1.0,2
6,1.8536726320572683e-10,2.2087065509879267e-09,1.2746552945086531e-11,3.611824839211408e-09,5.993078389110451e-08,5.8095788596501656e-11,0.9999998807907104,2
6,7.207918151230784e-10,5.676759951001031e-09,7.146545161207385e-11,3.0155383967667155e-08,1.5575788836486026e-07,1.7596743506764767e-10,0.9999998807907104,2
6,2.2994911530460627e-10,2.487677175366798e-09,2.8699210976451672e-12,1.0442255948817092e-08,1.7057979562196127e-07,4.328179481483119e-11,0.9999998807907104,2
6,2.6790053508918277e-10,2.844236846044623e-09,1.646213720896128e-11,2.0165709102570872e-08,1.1450776327137647e-07,6.071760316750384e-10,0.9999998807907104,2
6,1.5490164706477568e-11,1.0626252100465192e-09,2.1919456267421866e-12,4.9818449809890815e-08,1.692500717354051e-07,3.6477404430357296e-10,0.9999998807907104,2
6,2.7193405860437276e-10,2.443942825891554e-09,9.09656031056194e-12,1.9278719776139042e-07,2.045428118435666e-06,8.958684349913425e-10,0.9999977350234984,2
6,2.7270213864838406e-10,5.2104276448972095e-09,1.6656663548442194e-10,2.988788594393555e-07,3.2624592449792544e-07,1.4455517671763118e-08,0.9999992847442628,2
6,4.08283601371906e-10,2.455048164762274e-09,7.316339201146603e-11,2.0893030239221846e-07,1.961541329364991e-07,1.7105694638530622e-08,0.9999995231628418,2
6,4.295568345469292e-09,1.4780760615451529e-08,9.011336121744761e-10,1.30938678921666e-06,2.422720513095556e-07,6.231758220565098e-08,0.9999983310699464,2
6,7.708839788733712e-09,2.498306006515349e-09,4.4637621376963916e-10,1.1153425703014364e-06,2.2615066086473237e-07,1.031081211522178e-07,0.9999985694885254,2
6,6.125021378977635e-09,2.8708440069635803e-09,3.6054406682417545e-10,1.796916535568016e-06,4.613604573933117e-07,1.8248927347030985e-07,0.9999974966049194,2
6,7.894971076893853e-08,4.223050797946826e-09,1.4415366678122155e-09,1.7766473092706292e-06,3.811790350027877e-07,4.091006644557638e-07,0.99999737739563,2
6,1.5649517592919437e-07,5.19277021382436e-09,2.3303283747111436e-09,1.4220452158042465e-06,2.300332226923274e-07,3.687190996970458e-07,0.999997854232788,2
6,8.561050179878293e-08,1.1732761429072981e-08,1.1106061625909547e-09,8.702839977559051e-07,2.689550626655546e-07,1.0192593435931485e-07,0.9999986886978148,2
6,4.8239510164194144e-08,8.767607972970382e-09,1.254625070501447e-09,1.2642501587833976e-06,1.801655002964253e-07,9.641081533118269e-08,0.9999984502792358,2
6,1.1584247516793766e-07,6.9804477753621094e-09,2.250261310621226e-09,4.352166797616519e-06,5.314168447512202e-07,2.746774327988533e-07,0.9999947547912598,2
6,4.500148520492076e-08,1.8802994716793364e-09,8.534284390293577e-10,2.431930397506221e-06,5.218384444560797e-07,5.166370442566404e-07,0.9999964237213136,2
6,5.178617090706439e-09,1.7808313157452457e-10,5.587816667707024e-11,1.4172668727496784e-07,3.450915286862255e-08,2.5611587517460066e-08,0.9999998807907104,2
6,6.94416080193605e-10,4.568645114999548e-11,3.1899619664516043e-12,3.826012928698219e-08,1.4336278830739957e-08,2.086719241845003e-09,1.0,2
6,5.693263194217479e-09,5.201143404853781e-10,3.7180945822168354e-11,8.609726620534276e-08,5.7262859343154566e-08,3.248988855730772e-09,0.9999997615814208,2
6,3.948207094595091e-09,4.884708748598142e-10,7.533254575697866e-11,1.311750423838021e-07,1.8470574403295362e-08,7.871681084736792e-09,0.9999998807907104,2
6,6.33436840757895e-08,7.465399853856525e-09,1.2300753748917261e-09,6.190782073645096e-07,4.0717331728501456e-08,3.3326717385762095e-08,0.9999991655349731,2
6,3.356474209681437e-08,1.4698008365954252e-09,7.214587260939709e-10,2.8083374559173535e-07,1.5672837250235716e-08,3.1217052054444145e-08,0.9999996423721312,2
