:1000000058C000007EC000007CC000007AC0000024
:1000100078C0000076C0000074C0000072C000000C
:1000200070C000006EC000006CC000006AC000001C
:1000300068C0000066C0000064C0000062C000002C
:100040000C94435C5EC000000C941D630C944963E7
:1000500058C0000056C0000054C0000052C000004C
:100060000C940B5A4EC00000000000002500280030
:100070002B00040404040404040402020202020229
:10008000030303030303010204081020408001025C
:1000900004081020010204081020000000080002DB
:1000A00001000003040700000000000000003055BC
:1000B000B06311241FBECFEFD8E0DEBFCDBF11E08B
:1000C000A0E0B1E0E4E7F9EC02C005900D92A83F92
:1000D000B107D9F726E0A8EFB1E001C01D92A13623
:1000E000B207E1F710E0C9E5D0E004C02197FE01B6
:1000F0000E945664C735D107C9F70E94AF4F0C94D0
:10010000B8647ECFCF93DF9300D000D000D0CDB7BE
:10011000DEB769837A838B839C835E834D83898179
:100120009A81AB81BC81892B8A2B8B2B21F589810C
:100130009A81880F991F880F991F80509F4FFC014B
:1001400080818823C1F489819A81880F991F880F43
:10015000991F8E5F9E4FFC01808191810E948B527E
:1001600089819A81880F991F880F991F80509F4F0E
:1001700021E0FC01208389819A81880F991F880FD3
:10018000991F80509F4F26960FB6F894DEBF0FBE82
:10019000CDBFDF91CF910895CF93DF9300D000D0F2
:1001A00000D0CDB7DEB79A8389834B835C836D83A0
:1001B0007E8389819A81892BF9F089819A81FC015A
:1001C0008181882341F480EA96E8A1E0B0E08B8346
:1001D0009C83AD83BE8389819A81FC012281338116
:1001E0008B819C81AD81BE81AC01BD01C9010E94A2
:1001F000A75280E090E002C088E090E026960FB61B
:10020000F894DEBF0FBECDBFDF91CF910895CF929E
:10021000EF920F931F93CF93DF93CDB7DEB7629723
:100220000FB6F894DEBF0FBECDBF98878F837A8755
:1002300069875C874B870D871E872F87388BE98AF4
:10024000CA8A8F819885892B09F49DC08F819885F2
:10025000FC01828193813D852985432F622F0E9475
:10026000605319821A821B821C828F819885FC013F
:10027000428153818F819885FC0182819381FC01A9
:10028000808191810896FC0120813181CA01F901A8
:10029000099521E0892B09F420E0222309F465C0A7
:1002A0008F819885FC01428153818F819885FC0163
:1002B00082819381FC01808191810896FC012081DB
:1002C0003181CA01F9010995892B79F029813A8197
:1002D0004B815C818D859E85AF85B889281739074C
:1002E0004A075B0710F481E001C080E0882309F42D
:1002F00047C08F819885FC01428153818F81988509
:10030000FC0182819381FC01808191810A96FC012C
:1003100020813181CA01F90109959E838D838D81E8
:100320009E81019659F48B859C8544E050E060E005
:1003300070E00E94B16488E090E027C089819A81D2
:10034000AB81BC819C01AD012F5F3F4F4F4F5F4F91
:1003500029833A834B835C839C018B859C85820F28
:10036000931F2D81FC0120839BCF8B859C8544E0CE
:1003700050E060E070E00E94B16488E090E005C069
:1003800080E090E002C088E090E062960FB6F894BA
:10039000DEBF0FBECDBFDF91CF911F910F91EF90C8
:1003A000CF900895CF92EF920F931F93CF93DF9347
:1003B000CDB7DEB72D970FB6F894DEBF0FBECDBF19
:1003C0009B838A837D836C835F834E830887198731
:1003D0002A873B87EC86CD868A819B81892B09F40D
:1003E0004FC019828A819B81DC0112968D919C916C
:1003F0002C81622F0E9477538A819B81DC011296A7
:10040000ED91FC918A819B81DC0112968D919C91EA
:10041000DC018D919C910296DC012D913C914885E7
:1004200059858E819F81BC01CF01F90109958C8589
:10043000882359F08A819B81DC0112968D919C91D1
:1004400060E00E949153898309C08A819B81FC01ED
:100450008281938161E00E949153898389818823FD
:1004600019F480E090E00EC08981823019F0898112
:10047000833019F484E090E005C088E090E002C089
:1004800088E090E02D960FB6F894DEBF0FBECDBF8A
:10049000DF91CF911F910F91EF90CF900895CF935F
:1004A000DF9300D0CDB7DEB79A83898300000F9029
:1004B0000F90DF91CF910895CF93DF93CDB7DEB743
:1004C0002A970FB6F894DEBF0FBECDBF9C838B83F7
:1004D0004D835E836F8378873A8729871092F9016D
:1004E0001092F80189859A859A8389838B819C81F2
:1004F0008130910559F1823091051CF4892B41F02E
:1005000063C082309105A1F1039709F443C05CC038
:100510008091F8019091F90181709927892B09F058
:100520004CC08091F8019091F90181609093F9019C
:100530008093F80129818D819E81AF81B885AC01BE
:10054000BD0187E895E00E94A55F3EC08091F8015B
:100550009091F90182709927892B89F58091F80192
:100560009091F90182609093F9018093F8012CC079
:100570008091F8019091F90184709927892B09F5F0
:100580008091F8019091F90184609093F901809332
:10059000F8011AC08091F8019091F90188709927AB
:1005A000892B89F48091F8019091F90188609093EA
:1005B000F9018093F801000007C0000005C00000A9
:1005C00003C0000001C000002A960FB6F894DEBFF9
:1005D0000FBECDBFDF91CF910895EF92FF920F93A1
:1005E0001F93CF93DF93CDB7DEB728970FB6F8945C
:1005F000DEBF0FBECDBF6D837E838F839887198248
:100600001A821B821C820E94B45CDC01CB018983AC
:100610009A83AB83BC830E94B45C9B01AC0189814B
:100620009A81AB81BC8179018A01E81AF90A0A0B27
:100630001B0BD801C70161E02D813E814F81588598
:10064000281739074A075B0708F460E0662309F0BA
:10065000E2CF000028960FB6F894DEBF0FBECDBFE4
:10066000DF91CF911F910F91FF90EF900895CF935D
:10067000DF93CDB7DEB70E94B45CDC01CB01BC01D7
:10068000CD01DF91CF910895CF93DF9300D000D0BB
:1006900000D0CDB7DEB79C838B837E836D831A82B7
:1006A000198289819A8126960FB6F894DEBF0FBE13
:1006B000CDBFDF91CF910895CF93DF93CDB7DEB754
:1006C00028970FB6F894DEBF0FBECDBF9E838D83F3
:1006D00078876F831C821B828D819E81892B19F400
:1006E0008FEF9FEFB2C08F819885892B19F48FEF20
:1006F0009FEFABC08091080190910901A0910A0180
:10070000B0910B018E3F9F4FAF4FBF4F61F48FEF02
:100710009FEFDC018093080190930901A0930A01E7
:10072000B0930B010FC08091080190910901A09135
:100730000A01B0910B012F813885F90180839183E3
:10074000A283B3838091080190910901A0910A01CD
:10075000B0910B018D819E81FC0182819381FC010E
:1007600080819181A281B38180933B0290933C026E
:10077000A0933D02B0933E028D819E81FC01828157
:100780009381FC0184819581A681B78180933F028A
:1007900090934002A0934102B09342028D819E81CA
:1007A000FC0182819381FC0180859185A285B385BE
:1007B0008093430290934402A0934502B093460273
:1007C0008D819E81FC0182819381FC0184859585C8
:1007D000A685B7858093470290934802A09349026B
:1007E000B0934A0210924B0210924C0210924D02AA
:1007F00010924E020E9406151A8219821A821982DC
:1008000010C089819A81880F991F86509E4F21E3DD
:1008100035E1FC013183208389819A8101969A8395
:10082000898389819A81029760F30E9408109C83D2
:100830008B838B819C81892B31F481E090E09093B4
:100840003A02809339028B819C8128960FB6F894E6
:10085000DEBF0FBECDBFDF91CF910895CF93DF9361
:10086000CDB7DEB72C970FB6F894DEBF0FBECDBF65
:1008700069877A878B879C871A8219821B821C82E0
:100880001D821E821F829091370281E0992309F018
:1008900080E0888782E090E090933A02809339026A
:1008A00089859A85AB85BC85892B8A2B8B2B59F43E
:1008B00080913702882339F480913802882319F413
:1008C00081E090E002C080E090E08F8331C06AE078
:1008D00070E080E090E00E943F5D8B819C81AD8163
:1008E000BE81805F984DAF4FBF4F8B839C83AD839C
:1008F000BE8389859A85AB85BC858F3F9F4FAF4F5F
:10090000BF4F81F02B813C814D815E8189859A8525
:10091000AB85BC8582179307A407B50718F481E05F
:1009200090E002C080E090E08F8380E00E94511050
:1009300080913702882339F480913802882319F492
:100940008F81882321F283E090E090933A02809394
:1009500039028F81882321F08CE99FEF9A83898364
:100960008885882311F00E942E1689819A812C9601
:100970000FB6F894DEBF0FBECDBFDF91CF910895C3
:10098000CF93DF93CDB7DEB761970FB6F894DEBF94
:100990000FBECDBF9D878C874E875F87688B798B15
:1009A0001A82198281E08B838C859D858F3F91050A
:1009B00021F018F08FEF9FEF63C080913902909182
:1009C0003A02039731F08091390290913A020197EF
:1009D00031F484E090E090933A02809339028C8560
:1009E0009D85029708F58C859D85880F991F8650F7
:1009F0009E4FFC0180819181892BB1F00E94ED1AFC
:100A00009D838C838C819D81029771F48C859D855B
:100A1000880F991F86509E4FFC01208131818C8563
:100A20009D85F90109958B838C859D859F838E8398
:100A30002C853D858E859F85A889B989A901BC0132
:100A4000CD010E94E40FDC01CB0188879987AA873A
:100A5000BB878B81882371F088859985AA85BB85A2
:100A60002E813F81AC01BD01C9010E94BB1A9A834E
:100A7000898304C08E819F810E94301B89819A8165
:100A800061960FB6F894DEBF0FBECDBFDF91CF9158
:100A90000895CF93DF9300D0CDB7DEB71A821982C5
:100AA00080E00E9451109A83898389819A810F90F6
:100AB0000F90DF91CF910895CF93DF9300D0CDB702
:100AC000DEB71A82198286E090E090933A02809312
:100AD00039020E94E1109A83898344E050E060E08B
:100AE00070E08AEF91E00E94B1640E94C0151092FC
:100AF0003A021092390289819A810F900F90DF910A
:100B0000CF910895CF93DF93CDB7DEB780913802B0
:100B1000DF91CF910895CF93DF93CDB7DEB780916A
:100B20004F02DF91CF910895CF93DF9300D000D093
:100B3000CDB7DEB769837A838B839C8389819A8161
:100B4000AB81BC818093080190930901A0930A01B5
:100B5000B0930B0180E090E00F900F900F900F90FA
:100B6000DF91CF910895CF93DF9300D000D0CDB720
:100B7000DEB79C838B838B819C81FC01138E8B81E0
:100B80009C81FC01158E8B819C81FC01118212825B
:100B9000138214822B813C8180E090E0A0E8BFEBBF
:100BA000F90186839783A087B1878B819C81FC01A3
:100BB00012868B819C819A8389832B813C8180E082
:100BC00090E5A3ECB8E4F901868B978BA08FB18FE9
:100BD0008B819C81FC0114861586168617868B8175
:100BE0009C81FC01118A108A8B819C81FC011386F7
:100BF0008B819C81FC01108289819A810F900F90DA
:100C00000F900F90DF91CF910895CF92EF920F93B5
:100C10001F93CF93DF93CDB7DEB72F970FB6F8941E
:100C2000DEBF0FBECDBF9F878E872E853F8581E0BB
:100C300090E0A0E0B0E0F90181839283A383B483C4
:100C40008E859F8521E0FC01248F1A8219821B82E8
:100C50001C821D821E8229813A818B819C81AD81FB
:100C6000BE81A901BC01CD014DDA9C018E859F8515
:100C7000FC01318B208B2E853F8580EA96E8A1E030
:100C8000B0E0F901828B938BA48BB58B8E859F8509
:100C9000FC0182899389A489B5892E853F85F90154
:100CA00020893189AC01BD01C90176DA80E88C87E1
:100CB0008C858A878BE689879E01275F3F4FCE010F
:100CC000079642E050E0B9010E94A8648E859F8596
:100CD000FC0180899189AE01495F5F4FC12CE12CF5
:100CE00002E010E020E030E068E670E05BDB8D873A
:100CF0008D858823B9F08E859F85FC01848D88239E
:100D000031F08E859F8521E0FC01258F0BC08E85FB
:100D10009F85FC01838D882329F42D858E859F85F1
:100D2000FC01238F61E070E080E090E056DC1C86DF
:100D30008C858A878BE689879E01275F3F4FCE018E
:100D4000079642E050E0B9010E94A8648E859F8515
:100D5000FC0180899189AE01495F5F4FC12CE12C74
:100D600002E010E020E030E068E670E01BDB8D87F9
:100D70008D858823B9F08E859F85FC01848D88231D
:100D800031F08E859F8521E0FC01258F0BC08E857B
:100D90009F85FC01838D882329F42D858E859F8571
:100DA000FC01238F64E670E080E090E016DC85E7CC
:100DB0008D878D858B878E859F85FC0180899189A4
:100DC000AE01455F5F4FC12CEE24E39401E010E0DB
:100DD00020E030E068E670E0E5DA8D878D858823D5
:100DE000A9F48E859F85FC0180899189AE01455FBC
:100DF0005F4FCC24C394E12C01E010E020E030E010
:100E000068E670E004DA8B858C8701C01C868D85CE
:100E10008823B9F08E859F85FC01848D882331F06D
:100E20008E859F8521E0FC01258F0BC08E859F85D7
:100E3000FC01838D882329F42D858E859F85FC01F7
:100E4000238F9C8581E0983609F080E0282F8E85DD
:100E50009F85FC01228F8E859F85FC01828D8823D2
:100E600009F4D2C11C868C858A8789E189879E0115
:100E7000275F3F4FCE01079642E050E0B9010E9444
:100E8000A8648E859F85FC0180899189AE01495FA8
:100E90005F4FC12CE12C02E010E020E030E068E67A
:100EA00070E080DA8D878D858823B9F08E859F85E7
:100EB000FC01848D882331F08E859F8521E0FC0123
:100EC000258F0BC08E859F85FC01838D882329F497
:100ED0002D858E859F85FC01238F8CE18D878D85E7
:100EE0008B878E859F85FC0180899189AE01455F46
:100EF0005F4FC12CEE24E39401E010E020E030E0ED
:100F000068E670E04FDA8D878D858823A9F48E8599
:100F10009F85FC0180899189AE01455F5F4FCC249C
:100F2000C394E12C01E010E020E030E068E670E0DE
:100F30006ED98B858C8701C01C868D858823B9F07E
:100F40008E859F85FC01848D882331F08E859F8559
:100F500021E0FC01258F0BC08E859F85FC01838DD0
:100F6000882329F42D858E859F85FC01238F8C8510
:100F7000877E8C878C858A878CE189879E01275F95
:100F80003F4FCE01079642E050E0B9010E94A864AD
:100F90008E859F85FC0180899189AE01495F5F4FF5
:100FA000C12CE12C02E010E020E030E068E670E0C7
:100FB000F9D98D878D858823B9F08E859F85FC01B1
:100FC000848D882331F08E859F8521E0FC01258F5B
:100FD0000BC08E859F85FC01838D882329F42D8588
:100FE0008E859F85FC01238F8BE18D878D858B8777
:100FF0008E859F85FC0180899189AE01455F5F4F99
:10100000C12CEE24E39401E010E020E030E068E63B
:1010100070E0C8D98D878D858823A9F48E859F853A
:10102000FC0180899189AE01455F5F4FCC24C39458
:10103000E12C01E010E020E030E068E670E0E7D865
:101040008B858C8701C01C868D858823B9F08E85A1
:101050009F85FC01848D882331F08E859F8521E05A
:10106000FC01258F0BC08E859F85FC01838D882315
:1010700029F42D858E859F85FC01238F8C85877EA5
:101080008C878C858A878BE189879E01275F3F4FFC
:10109000CE01079642E050E0B9010E94A8648E8517
:1010A0009F85FC0180899189AE01495F5F4FC12C0A
:1010B000E12C02E010E020E030E068E670E072D958
:1010C0008D878D858823B9F08E859F85FC01848D61
:1010D000882331F08E859F8521E0FC01258F0BC090
:1010E0008E859F85FC01838D882329F42D858E852F
:1010F0009F85FC01238F8AE18D878D858B878E8567
:101100009F85FC0180899189AE01455F5F4FC12CAD
:10111000EE24E39401E010E020E030E068E670E0C7
:1011200041D98D878D858823A9F48E859F85FC0103
:1011300080899189AE01455F5F4FCC24C394E12C37
:1011400001E010E020E030E068E670E060D88B85D8
:101150008C8701C01C868D858823B9F08E859F857C
:10116000FC01848D882331F08E859F8521E0FC0170
:10117000258F0BC08E859F85FC01838D882329F4E4
:101180002D858E859F85FC01238F8C85887F8160CE
:101190008C878C858A878AE189879E01275F3F4FEC
:1011A000CE01079642E050E0B9010E94A8648E8506
:1011B0009F85FC0180899189AE01495F5F4FC12CF9
:1011C000E12C02E010E020E030E068E670E0EAD8D0
:1011D0008D878D858823E9F08E859F85FC01848D20
:1011E000882331F08E859F8521E0FC01258F11C079
:1011F0008E859F85FC01838D882359F42D858E85EE
:101200009F85FC01238F05C08E859F8521E0FC0111
:10121000258F8E859F85FC01148E8E859F8521E00C
:10122000FC01258300002F960FB6F894DEBF0FBE99
:10123000CDBFDF91CF911F910F91EF90CF90089587
:10124000CF92DF92EF92FF920F931F93CF93DF9392
:10125000CDB7DEB766970FB6F894DEBF0FBECDBF31
:1012600080912A0690912B06A0912C06B0912D0614
:101270002091040130910501409106015091070130
:10128000BC01CD010E948050882381F0809104012F
:1012900090910501A0910601B091070180932A0663
:1012A00090932B06A0932C06B0932D0680912E06CA
:1012B000882321F4DCD981E080932E0610923F062A
:1012C0008FE296E09C838B838BE38E8B8E898D8B54
:1012D0008B819C81FC0185819681AE014B5E5F4FC5
:1012E000C12CEE24E39401E010E020E030E068E659
:1012F00070E058D88E8B8E898823F1F48B819C8185
:10130000FC0185819681AE01455F5F4FCC24C3947B
:10131000E12C06E010E020E030E068E670E00E949A
:1013200007019E01255F3F4FCE01059646E050E044
:10133000B9010E94A86415C01A8219820EC09E01CC
:101340002B5F3F4F89819A81820F931FFC0110828E
:1013500089819A8101969A83898389819A810697E6
:1013600074F38E89882379F080914006882321F0D8
:1013700081E08093410607C080913F06882319F4DD
:101380008E8980933F068D81882F90E0382F222709
:101390008E81882F90E0822B932B092E000CAA0BB4
:1013A000BB0BBC01CD010E94EE50DC01CB01809350
:1013B000460690934706A0934806B09349068F814E
:1013C000882F90E0382F22278885882F90E0822B65
:1013D000932B092E000CAA0BBB0BBC01CD010E9464
:1013E000EE50DC01CB0180934A0690934B06A0930C
:1013F0004C06B0934D068985882F90E0382F222720
:101400008A85882F90E0822B932B092E000CAA0B43
:10141000BB0BBC01CD010E94EE50DC01CB018093DF
:101420004E0690934F06A0935006B09351068091BC
:1014300041068823C9F01092460610924706109282
:1014400048061092490610924A0610924B061092D6
:101450004C0610924D0610924E0610924F061092B6
:101460005006109251066CC0809146069091470636
:10147000A0914806B09149062AE038EE4CE151E4CB
:10148000BC01CD010E94A251DC01CB0120E030E083
:1014900040E856E4BC01CD010E948450DC01CB0140
:1014A0008093460690934706A0934806B09349065A
:1014B00080914A0690914B06A0914C06B0914D0642
:1014C0002AE038EE4CE151E4BC01CD010E94A2516A
:1014D000DC01CB0120E030E040E856E4BC01CD0166
:1014E0000E948450DC01CB0180934A0690934B0606
:1014F000A0934C06B0934D0680914E0690914F06F6
:10150000A0915006B09151062AE038EE4CE151E42A
:10151000BC01CD010E94A251DC01CB0120E030E0F2
:1015200040E856E4BC01CD010E948450DC01CB01AF
:1015300080934E0690934F06A0935006B0935106A9
:1015400083E48E8B8E898D8B8B819C81FC018581C0
:101550009681AE014B5E5F4FC12CEE24E39401E017
:1015600010E020E030E068E670E00E94D2018E8B4F
:101570008E898823F1F48B819C81FC018581968181
:10158000AE01455F5F4FCC24C394E12C06E010E030
:1015900020E030E068E670E00E9407019E01255FD0
:1015A0003F4FCE01059646E050E0B9010E94A86485
:1015B00015C01A8219820EC09E012B5F3F4F898190
:1015C0009A81820F931FFC01108289819A81019672
:1015D0009A83898389819A81069774F38E898823F7
:1015E00079F080914006882321F081E080934106C4
:1015F00007C080913F06882319F48E8980933F06A7
:101600008D81882F90E0382F22278E81882F90E0BF
:10161000822B932B092E000CAA0BBB0BBC01CD0116
:101620000E94EE50DC01CB0180935206909353064A
:10163000A0935406B09355068F81882F90E0382FE1
:1016400022278885882F90E0822B932B092E000C6F
:10165000AA0BBB0BBC01CD010E94EE50DC01CB01FB
:101660008093560690935706A0935806B093590658
:101670008985882F90E0382F22278A85882F90E04F
:10168000822B932B092E000CAA0BBB0BBC01CD01A6
:101690000E94EE50DC01CB0180935A0690935B06CA
:1016A000A0935C06B0935D06809141068823C9F043
:1016B000109252061092530610925406109255063C
:1016C000109256061092570610925806109259061C
:1016D00010925A0610925B0610925C0610925D06FC
:1016E0004EC08091520690915306A0915406B0913D
:1016F000550620E030E04AEF5BE3BC01CD010E94DB
:10170000A251DC01CB018093520690935306A09323
:101710005406B09355068091560690915706A091B5
:101720005806B091590620E030E04AEF5BE3BC0177
:10173000CD010E94A251DC01CB018093560690930B
:101740005706A0935806B093590680915A06909177
:101750005B06A0915C06B0915D0620E030E04AEFA8
:101760005BE3BC01CD010E94A251DC01CB0180935F
:101770005A0690935B06A0935C06B0935D0681E4E5
:101780008E8B8E898D8B8B819C81FC0185819681CE
:10179000AE014B5E5F4FC12CEE24E39401E010E0FC
:1017A00020E030E068E670E00E94D2018E8B8E89E6
:1017B0008823E9F48B819C81FC0185819681AE01AF
:1017C0004D5E5F4FCC24C394E12C02E010E020E09A
:1017D00030E068E670E00E9407019E012D5E3F4FF9
:1017E000CE01419642E050E0B9010E94A8648E8982
:1017F000882379F080914006882321F081E080934E
:10180000410607C080913F06882319F48E89809392
:101810003F0680914106882321F080E280935E0696
:1018200004C080913F0680935E062EEF31E0F901FF
:10183000828D938DA48DB58D0196A11DB11DF901E9
:10184000828F938FA48FB58FF901828D938DA48D94
:10185000B58DBC01CD010E94EC506B017C018EEF77
:1018600091E0FC01868D978DA0A1B1A10EEF11E052
:101870009C01AD01C701B6010E94A251DC01CB0160
:10188000F801868B978BA08FB18F000066960FB6FC
:10189000F894DEBF0FBECDBFDF91CF911F910F91A6
:1018A000FF90EF90DF90CF900895CF93DF93CDB767
:1018B000DEB72EEF31E080E090E0A0E2B1E4F90184
:1018C00082A393A3A4A3B5A32EEF31E08DEC9CECEF
:1018D000ACE4BEE3F901868F978FA0A3B1A32EEFEE
:1018E00031E088E99DEFA7E5BDE3F90184839583A5
:1018F000A683B7832EEF31E083E095E2A0E6BEE950
:10190000F90180879187A287B3872EEF31E08FE7B7
:1019100094E8A5E1B9E3F90184879587A687B7879D
:101920002EEF31E08DE990EEA9EFB2E8F901808B5E
:10193000918BA28BB38B8EEF91E025E232E0FC011C
:101940003383228381E392E09093260280932502E1
:1019500087E391E0909332028093310287E391E034
:10196000909334028093330287E391E090933602A0
:10197000809335022EEF31E08EEF91E0FC01828101
:1019800093812C5E3F4FFC01358324832EEF31E0A1
:101990008EEF91E0FC01828193812C5F3F4FFC012F
:1019A000338322832EEF31E08EEF91E0FC018281C0
:1019B00093812A5E3F4FFC013783268381E0809329
:1019C0002F0681E08093240684E296E0CCD88091B3
:1019D000040190910501A0910601B0910701809347
:1019E0002A0690932B06A0932C06B0932D0684E232
:1019F00096E00BD90000DF91CF910895CF93DF934C
:101A000000D0CDB7DEB7809124068823F1F481E0C1
:101A1000809324068091250690912606A0912706A2
:101A2000B09128060197A105B10579F480912906A6
:101A3000882359F08FE296E09A83898389819A817D
:101A4000FC01858196810E944F028FE296E09A8385
:101A5000898389819A81FC0180818823D9F48981D5
:101A60009A8121E0FC01208389819A81FC01818196
:101A70009281A381B4810197A105B10559F429810F
:101A80003A8182E090E0A0E0B0E0F90181839283A6
:101A9000A383B48300000F900F90DF91CF9108953E
:101AA0000F931F93CF93DF93CDB7DEB72A970FB66F
:101AB000F894DEBF0FBECDBF9A8389834B835C83CE
:101AC0006D837E830F83188729873A8729813A811E
:101AD0008B819C81AD81BE81F90180839183A2833A
:101AE000B38389819A819C012C5F3F4F8F819885B8
:101AF000A985BA85F90180839183A283B38300000D
:101B00002A960FB6F894DEBF0FBECDBFDF91CF91FE
:101B10001F910F910895EF92FF920F931F93CF9310
:101B2000DF93CDB7DEB76A970FB6F894DEBF0FBE6E
:101B3000CDBF6D8B7E8B8F8B988F5A8F498F19827B
:101B40001A821B821C82F894898D9A8D892B09F048
:101B50000EC180915C0290915D02A0915E02B091F5
:101B60005F022D893E894F89588D281739074A070A
:101B70005B07C8F080915C0290915D02A0915E02CB
:101B8000B0915F022D893E894F89588D79018A0174
:101B9000E81AF90A0A0B1B0BD801C7018D839E8333
:101BA000AF83B88718C080915C0290915D02A091CC
:101BB0005E02B0915F022D893E894F89588D79016F
:101BC0008A01E81AF90A0A0B1B0BD801C7018D8399
:101BD0009E83AF83B8878091600290916102A0914B
:101BE0006202B09163022D813E814F815885820F40
:101BF000931FA41FB51F898B9A8BAB8BBC8B8091D5
:101C0000600290916102A0916202B0916302298901
:101C10003A894B895C89281739074A075B0798F48A
:101C20008091640290916502A0916602B091670272
:101C30000196A11DB11D8093640290936502A0934B
:101C40006602B093670289899A89AB89BC898093BF
:101C5000600290936102A0936202B09363022091AC
:101C60006402309165024091660250916702809152
:101C7000600290916102A0916202B09163028901B9
:101C80009A01AC01BD0184E592E00ADF8D899E894D
:101C9000AF89B88D80935C0290935D02A0935E0241
:101CA000B0935F028D819E81AF81B8859C01AD01AB
:101CB00060E47DE083E090E00E9411649B01AC0150
:101CC0008091680290916902A0916A02B0916B02C2
:101CD000820F931FA41FB51F80936802909369021F
:101CE000A0936A02B0936B0280916802909169029E
:101CF000A0916A02B0916B0289839A83AB83BC8303
:101D00008091080190910901A0910A01B0910B0105
:101D10008F3F9F4FAF4FBF4F09F442C180910801E1
:101D200090910901A0910A01B0910B018E3F9F4F44
:101D3000AF4FBF4F09F434C120916002309161026E
:101D400040916202509163028091080190910901D3
:101D5000A0910A01B0910B0161E0281739074A07E9
:101D60005B0708F460E0862F80934F0219C1198643
:101D70001A861B861C861D861E861F86188A8091E1
:101D80000C0190910D01A0910E01B0910F018F3FB8
:101D90009F4FAF4FBF4FE1F080910C0190910D012B
:101DA000A0910E01B0910F019C01AD012F5F3F4F3B
:101DB0004F4F5F4F8D899E89AF89B88DBC01CD0192
:101DC0000E943464DC01CB018D8B9E8BAF8BB88F6E
:101DD00080915C0290915D02A0915E02B0915F02E1
:101DE0002D893E894F89588D281739074A075B0787
:101DF00008F447C080915C0290915D02A0915E0260
:101E0000B0915F022D893E894F89588D79018A01F1
:101E1000E81AF90A0A0B1B0BD801C70189879A87B0
:101E2000AB87BC8720915C0230915D0240915E02DD
:101E300050915F028D899E89AF89B88D79018A01A1
:101E4000E81AF90A0A0B1B0BD801C7018D879E8778
:101E5000AF87B88B2D853E854F85588989859A85B2
:101E6000AB85BC8582179307A407B50728F01986B0
:101E70001A861B861C864BC01D861E861F86188AE6
:101E800046C080915C0290915D02A0915E02B0918B
:101E90005F022D893E894F89588D79018A01E81AA0
:101EA000F90A0A0B1B0BD801C70189879A87AB87F0
:101EB000BC8720915C0230915D0240915E0250919E
:101EC0005F028D899E89AF89B88D79018A01E81AF0
:101ED000F90A0A0B1B0BD801C7018D879E87AF87B4
:101EE000B88B2D853E854F85588989859A85AB8528
:101EF000BC8582179307A407B50728F019861A86B0
:101F00001B861C8604C01D861E861F86188A89852E
:101F10009A85AB85BC85892B8A2B8B2BF9F089851B
:101F20009A85AB85BC859C01AD0160E47DE083E0D2
:101F300090E00E9411649B01AC0180916802909135
:101F40006902A0916A02B0916B02820F931FA41FD5
:101F5000B51F89839A83AB83BC8322C0E09068025B
:101F6000F090690200916A0210916B028D859E8546
:101F7000AF85B8899C01AD0160E47DE083E090E02D
:101F80000E941164DC01CB01A8019701281B390BC9
:101F90004A0B5B0BDA01C90189839A83AB83BC834B
:101FA000789489819A81AB81BC81BC01CD016A960C
:101FB0000FB6F894DEBF0FBECDBFDF91CF911F915A
:101FC0000F91FF90EF900895CF93DF9300D000D052
:101FD00000D0CDB7DEB769837A838B839C835E8321
:101FE0004D832D813E8189819A81AB81BC81A9017C
:101FF000BC01CD0190DDDC01CB01BC01CD012696F9
:102000000FB6F894DEBF0FBECDBFDF91CF9108951C
:10201000CF93DF9300D000D000D0CDB7DEB71C82C5
:102020001B821E821D821A82198210925002109207
:10203000510210925202109253029E012B5F3F4FA9
:10204000CE010396B9010E946A4D2D813E818B819C
:102050009C81B9010E94DE3A9A83898389819A81A1
:10206000892B19F089819A8113C09E012B5F3F4F04
:10207000CE010396B9010E948E4D2D813E818B8148
:102080009C81B9010E948F199A83898389819A81E1
:1020900026960FB6F894DEBF0FBECDBFDF91CF916D
:1020A0000895CF93DF9300D000D01F92CDB7DEB755
:1020B0008D831A8219821B8260E070E0CB010E943E
:1020C0003F5D1C820E94AA3C9A83898389819A8100
:1020D000892B39F089819A81029619F081E08B83EE
:1020E0000DC08C81882321F489819A81029619F090
:1020F00081E090E002C080E090E08C838B818823B7
:10210000E1F40E94C2199A83898389819A81892B7B
:1021100039F089819A81029619F081E08B830DC094
:102120008C81882321F489819A81029619F081E0BB
:1021300090E002C080E090E08C838B818823E1F402
:102140000E94333C9A83898389819A81892B39F053
:1021500089819A81029619F081E08B830DC08C8170
:10216000882321F489819A81029619F081E090E018
:1021700002C080E090E08C838D81882391F060E044
:1021800070E0CB010E943F5D8B81882319F48C8124
:10219000882319F481E090E002C080E090E08B8316
:1021A00002C081E08B838B81882309F48ACF8981E7
:1021B0009A810F900F900F900F900F90DF91CF9119
:1021C0000895CF93DF93CDB7DEB728970FB6F89475
:1021D000DEBF0FBECDBF18861F8280914F028823BD
:1021E00029F060E070E0CB010E94101B0E94ED1A04
:1021F0009E838D8319821A821B821C8218C06AE01A
:1022000070E080E090E00E943F5D89819A81AB811F
:10221000BC81805F984DAF4FBF4F89839A83AB835A
:10222000BC8381E03EDF0E94ED1A9E838D8389810D
:102230009A81AB81BC8181159D42A143B14020F4BC
:102240008D819E81892BD9F60E94F81A98878F83F9
:102250000E94453E98878F83109237021092380271
:1022600010923B0210923C0210923D0210923E02EC
:1022700010923F02109240021092410210924202CC
:1022800010924302109244021092450210924602AC
:1022900010924702109248021092490210924A028C
:1022A00010924B0210924C0210924D0210924E026C
:1022B0008EEF9FEFAFEFBFEF80930801909309017E
:1022C000A0930A01B0930B0110924F0248E050E036
:1022D00060E070E084E592E00E94B16410925C02DC
:1022E00010925D0210925E0210925F0210926002E4
:1022F00010926102109262021092630210926402C4
:1023000010926502109266021092670210926802A3
:102310001092690210926A0210926B028F81988566
:1023200028960FB6F894DEBF0FBECDBFDF91CF91D8
:102330000895CF93DF93CDB7DEB728970FB6F89403
:10234000DEBF0FBECDBF80916E0290916F02A09153
:102350007002B09171029A83898389819A81892B55
:1023600009F431C180917202882369F480916E0270
:1023700090916F02A0917002B0917102892B8A2B0B
:102380008B2B09F420C180918602909187020297DD
:1023900009F019C180919002882309F014C1898144
:1023A0009A81FC0180819181A281B3818B839C837E
:1023B000AD83BE8380918C02882309F4F0C08091A4
:1023C0007F0290918002892B31F080917F02909161
:1023D0008002029719F481E090E002C080E090E072
:1023E0008F8380917F0290918002019731F08091DC
:1023F0007F0290918002029719F481E090E002C080
:1024000080E090E088878F81882309F462C0809102
:10241000730290917402A0917502B09176029C01B2
:10242000AD016B817C818D819E810E949E518823AC
:10243000B4F08091880290918902A0918A02B091B3
:102440008B02209173023091740240917502509179
:102450007602BC01CD010E948050882344F1809116
:10246000730290917402A0917502B09176029C0162
:10247000AD016B817C818D819E810E949E511816D9
:1024800044F58091880290918902A0918A02B091CE
:102490008B02209173023091740240917502509129
:1024A0007602BC01CD010E948050882391F4809176
:1024B0007B0290917C02A0917D02B0917E02892BDB
:1024C0008A2B8B2B19F481E080938F0281E080931B
:1024D00090028885882309F462C0809173029091EC
:1024E0007402A0917502B09176029C01AD016B81DE
:1024F0007C818D819E810E9480508823B4F48091DC
:10250000880290918902A0918A02B0918B02209159
:102510007302309174024091750250917602BC01B1
:10252000CD010E949E51882344F5809173029091C1
:102530007402A0917502B09176029C01AD016B818D
:102540007C818D819E810E948050882341F58091FD
:10255000880290918902A0918A02B0918B02209109
:102560007302309174024091750250917602BC0161
:10257000CD010E949E51181694F480917B02909197
:102580007C02A0917D02B0917E02892B8A2B8B2B3D
:1025900019F481E080938F0281E080939002909102
:1025A000900281E0992309F080E080938C028B8176
:1025B0009C81AD81BE818093880290938902A09313
:1025C0008A02B0938B02000028960FB6F894DEBF03
:1025D0000FBECDBFDF91CF910895CF93DF931F92B0
:1025E000CDB7DEB719828091860290918702892B40
:1025F000C9F41092810210929002809114018823F4
:1026000071F182E090E090938702809386021092AD
:1026100014018091820290918302892B01F581E05F
:1026200089831DC01092140180918102882349F092
:1026300010928F02109287021092860210928102ED
:102640000EC08091820290918302892B19F481E05F
:10265000898305C0809190028983109290028091B5
:1026600086029091870282309105F9F083309105BE
:1026700030F4009761F0019709F44CC1AEC183308A
:10268000910509F4EEC0049709F46AC0A6C18091CF
:102690001401882309F4ACC182E090E09093870292
:1026A0008093860210921401A3C18981882309F4C2
:1026B000A1C180917B0290917C02A0917D02B0919A
:1026C0007E02181619061A061B06ECF48091820287
:1026D000909183020197B9F480917B0290917C02E2
:1026E000A0917D02B0917E0280939102909392021C
:1026F000A0939302B093940283E090E090938702BA
:102700008093860277C18091100190911101A09170
:102710001201B0911301892B8A2B8B2BD1F081E010
:1027200080938F028091100190911101A09112016C
:10273000B09113018093910290939202A09393021F
:10274000B093940284E090E0909387028093860295
:1027500051C110928F0210928702109286024AC1D4
:102760008091910290919202A0919302B091940273
:10277000892B8A2B8B2B99F0809191029091920258
:10278000A0919302B09194020197A109B10980939D
:10279000910290939202A0939302B093940280913D
:1027A000910290919202A0919302B0919402892B90
:1027B0008A2B8B2B09F020C1809184029091850295
:1027C000019739F410928F021092870210928602BC
:1027D00013C18091770290917802A0917902B09113
:1027E0007A02892B8A2B8B2BC9F010928F02809151
:1027F000770290917802A0917902B0917A02809349
:10280000910290939202A0939302B093940281E07C
:1028100090E09093870280938602EEC0898188239E
:10282000B9F08091100190911101A0911201B09125
:1028300013018093910290939202A0939302B0931C
:10284000940284E090E09093870280938602D4C043
:1028500010928F0282E090E090938702809386022C
:10286000CBC08091910290919202A0919302B0917D
:102870009402892B8A2B8B2B99F080919102909155
:102880009202A0919302B09194020197A109B1091B
:102890008093910290939202A0939302B09394023A
:1028A0008091910290919202A0919302B091940232
:1028B000892B8A2B8B2B09F0A1C08091100190915C
:1028C0001101A0911201B0911301892B8A2B8B2B3E
:1028D000D1F081E080938F028091100190911101DD
:1028E000A0911201B09113018093910290939202F2
:1028F000A0939302B093940284E090E090938702B7
:10290000809386027BC010928F02109287021092F1
:10291000860274C08091910290919202A0919302DC
:10292000B0919402892B8A2B8B2B99F08091910284
:1029300090919202A0919302B09194020197A10903
:10294000B1098093910290939202A0939302B09365
:1029500094028091910290919202A0919302B09181
:102960009402892B8A2B8B2B09F04AC089818823FA
:1029700069F18091100190911101A0911201B09123
:102980001301892B8A2B8B2BD1F081E080938F024E
:102990008091100190911101A0911201B091130149
:1029A0008093910290939202A0939302B093940229
:1029B00084E090E0909387028093860221C0109279
:1029C0008F0210928702109286021AC082E090E075
:1029D000909387028093860213C010928F02109208
:1029E000900210928102109287021092860209C012
:1029F000000007C0000005C0000003C0000001C0C7
:102A0000000000000F90DF91CF910895CF93DF93E6
:102A1000CDB7DEB7109288021092890210928A0216
:102A200010928B0210928C0280918202909183020C
:102A300090938E0280938D0210928F0210929002DA
:102A400010929102109292021092930210929402AC
:102A5000109287021092860280E090E0DF91CF9181
:102A60000895CF93DF9300D01F92CDB7DEB79B833D
:102A70008A838A819B81892B09F05BC02091820225
:102A80003091830280918D0290918E0241E028174F
:102A9000390709F440E049838091820290918302D2
:102AA00090938E0280938D028981882381F0109209
:102AB0008F02109290021092910210929202109244
:102AC00093021092940210928702109286028091D3
:102AD000820290918302019761F580918602909124
:102AE0008702892B21F480911401882391F480912D
:102AF0008602909187020197E1F480919102909172
:102B00009202A0919302B09194020197A105B105A0
:102B100081F41092910210929202109293021092FC
:102B200094021092140182E090E0909387028093C7
:102B300086028091820290918302019751F48091E4
:102B40006C0290916D022A813B812817390709F4A4
:102B5000F0DB8A819B81892B21F43FDD1092960264
:102B600007C080919602882319F08091950202C0D7
:102B700080918F020F900F900F90DF91CF91089569
:102B8000CF93DF93CDB7DEB71092880210928902FF
:102B900010928A0210928B0210928C02109287027D
:102BA0001092860210928E0210928D0210926D0287
:102BB00010926C0210928F02109290021092910269
:102BC0001092920210929302109294021092950227
:102BD0001092960210926E0210926F021092700282
:102BE000109271021092720210927302109274028B
:102BF000109275021092760288EE93E0A0E0B0E0A9
:102C00008093100190931101A0931201B0931301CE
:102C100010927702109278021092790210927A0242
:102C200010927B0210927C0210927D0210927E0222
:102C30001092800210927F0281E080931401109222
:102C400081021092830210928202109285021092E9
:102C5000840280E090E0DF91CF910895CF93DF93DD
:102C6000CDB7DEB78091820290918302892B39F52E
:102C700080911401882359F080918102882339F4CE
:102C800081E08093950281E08093960218C0809144
:102C90008102282F30E09091140181E0992309F0FE
:102CA00080E0882F90E082239323892B31F01092CB
:102CB000950281E08093960202C010929602000075
:102CC000DF91CF910895CF93DF93CDB7DEB72C97E7
:102CD0000FB6F894DEBF0FBECDBF9E838D8378877D
:102CE0006F835A8749873C872B871A8219820E94F3
:102CF0003A3E9C838B838D819E81FC0180819181F2
:102D00000E941A418B859C8560E070E00E94A33D83
:102D10009C018F819885FC01318320830E948A3D2C
:102D20009C0189859A85FC01318320838F81988558
:102D3000FC0180819181892BE1F08F819885FC01D4
:102D4000208131818B819C81B9010E9470459C0159
:102D50008D819E81FC01318320838D819E81FC01C8
:102D600080819181892B49F486EF9FEF9A83898333
:102D700004C088EF9FEF9A83898389819A812C967A
:102D80000FB6F894DEBF0FBECDBFDF91CF9108958F
:102D9000CF93DF9300D000D000D0CDB7DEB79A83B9
:102DA00089837C836B835E834D8389819A81892BA0
:102DB00021F089819A810E941A418D819E81FC01B6
:102DC0001182108280E090E026960FB6F894DEBF64
:102DD0000FBECDBFDF91CF910895CF93DF9300D089
:102DE00000D000D0CDB7DEB79A8389837C836B8314
:102DF0005E834D838D819E8122E030E0FC01318332
:102E000020838FEF9FEF26960FB6F894DEBF0FBE9C
:102E1000CDBFDF91CF910895CF93DF9300D000D045
:102E2000CDB7DEB78B836C8385E090E09A8389838E
:102E30008B81813F18F01A82198229C08B81843ED0
:102E400040F08B81813F28F481E090E09A83898370
:102E50001EC08B81833D18F08B81833E48F08B81AF
:102E6000803C59F48C81882341F08C81833028F494
:102E700082E090E09A8389830AC08B81883C38F095
:102E80008B81833D20F483E090E09A83898389815C
:102E90009A810F900F900F900F90DF91CF9108952E
:102EA000CF93DF93CDB7DEB767970FB6F894DEBF49
:102EB0000FBECDBF998B888B7B8B6A8B5D8B4C8BC8
:102EC0003F8B2E8B888999899C838B838B819C81F6
:102ED000FC0180818D8319828D81803C49F48A892F
:102EE0009B89029728F08B819C81FC0181818983D9
:102EF0008091980290919902892B09F455C06981BB
:102F00008D818ADF9B878A871A828A859B850597B0
:102F1000C1F18A859B85880F991F82569D4FFC01C0
:102F2000808191819D878C871F861E868C859D85DB
:102F3000892B39F18D81882F90E02C853D85F90111
:102F400009959F878E8721E08E859F85892B09F4BF
:102F500020E02A838A818823A1F08E859F85FC0149
:102F6000228133818C899D89FC01318320838E8568
:102F70009F85FC01248135818E899F89FC013183E5
:102F800020838A81882309F053C08C899D892DEE86
:102F900036E1FC01318320838E899F8920E838E166
:102FA000FC013183208344C08D818F3FA9F580913E
:102FB0009E0290919F029F838E838C899D89FC0144
:102FC000118210828E899F89FC01118210828E816C
:102FD0009F81892B69F12E813F818FEF90E0F9016C
:102FE00009959987888788859985892B09F188852E
:102FF0009985FC01228133818C899D89FC01318373
:10300000208388859985FC01248135818E899F895B
:10301000FC01318320830CC08C899D8928EC36E12A
:10302000FC01318320838E899F89FC0111821082EB
:10303000000067960FB6F894DEBF0FBECDBFDF91DC
:10304000CF910895CF93DF93CDB7DEB780919802EB
:1030500090919902DF91CF910895CF93DF9300D0A3
:10306000CDB7DEB79A83898389819A81909399023B
:103070008093980200000F900F90DF91CF910895F8
:10308000CF93DF93CDB7DEB780919A02DF91CF91D6
:103090000895CF93DF931F92CDB7DEB789839091C8
:1030A0009A028981892B80939A0200000F90DF9108
:1030B000CF910895CF93DF931F92CDB7DEB7898369
:1030C0008981809590919A02892380939A020000C9
:1030D0000F90DF91CF910895CF93DF93CDB7DEB7F7
:1030E00080919B02DF91CF910895CF93DF93CDB76D
:1030F000DEB780919C0290919D02DF91CF9108955F
:10310000CF93DF93CDB7DEB72A970FB6F894DEBF23
:103110000FBECDBF9E838D8378876F835A87498783
:103120008D819E81892B51F48F8198859C838B831F
:103130008B819C812FEFFC0120838BC08F81988530
:103140009A83898389819A812EEFFC0120838D8166
:103150009E81092E000CAA0BBB0B0F96A11DB11D61
:103160008F309105A105B10508F06DC08554974ECB
:10317000FC010C9456641D19171911190B19051926
:10318000F918FF18F318ED18E718E218D018CA1844
:10319000D618DC1889819A8120E3FC01218359C06B
:1031A00089819A8129E2FC01218353C089819A8116
:1031B00022E2FC0121834DC089819A8120E2FC0139
:1031C000218347C089819A81FC01118242C0898193
:1031D0009A8123E2FC0121833CC089819A8121E20A
:1031E000FC01218336C089819A8121E1FC01218380
:1031F00030C089819A8127E2FC0121832AC089811C
:103200009A812AE2FC01218324C089819A8120E1EC
:10321000FC0121831EC089819A8124E2FC01218363
:1032200018C089819A8128E2FC01218312C089811A
:103230009A8126E2FC0121830CC089819A8121E3D5
:10324000FC01218306C089819A8120E2FC0121834F
:1032500000C000002A960FB6F894DEBF0FBECDBFA7
:10326000DF91CF910895CF93DF93CDB7DEB72A9743
:103270000FB6F894DEBF0FBECDBF9E838D837887D7
:103280006F835A8749871A8219828F819885892B83
:10329000D9F11C821B821C821B822BC02B813C819A
:1032A000C901880F991F820F931F880F991F9C01D6
:1032B0008F819885820F931FFC01808191812D81E0
:1032C0003E812817390781F42B813C81C901880F81
:1032D000991F820F931F880F991F9C018F819885DA
:1032E000820F931F9A8389838B819C8101969C8393
:1032F0008B832B813C8189859A852817390720F497
:1033000089819A81892B51F289819A812A960FB6F7
:10331000F894DEBF0FBECDBFDF91CF910895CF935C
:10332000DF9300D000D0CDB7DEB79A8389837C834A
:103330006B8380919702882319F084EF9FEF1BC065
:1033400052D55DD590939F0280939E020E94923049
:103350000E94AA309093A3028093A2020E947C391B
:103360000E9487399093A1028093A00281E080930C
:10337000970280E090E00F900F900F900F90DF91F8
:10338000CF910895EF92FF920F931F93CF93DF9306
:10339000CDB7DEB764970FB6F894DEBF0FBECDBFD2
:1033A0001A8219821C821B8218861F821A8619862D
:1033B0001C861B861E861D86188A1F861E821D82FD
:1033C0001A8A198A1C8A1B8A80919702882319F409
:1033D00087EF9FEFC3C0BE01635F7F4F9E01255FF4
:1033E0003F4FAE01475F5F4FCE0107968B01BC0197
:1033F00080E090E00E94E83C9A83898389819A81E9
:10340000892B49F089819A81049629F089819A81D2
:10341000059609F096C08F819885892B59F02B85E8
:103420003C858D859E85280F391F89859A85821751
:10343000930728F488EF9FEF9A83898385C02F81B3
:1034400038858B859C85820F931F9E838D836D8528
:103450007E859E012D5E3F4FAE014F5E5F4F8D8199
:103460009E811EDD89899A89892B29F484EF9FEF3B
:103470009A83898369C029893A896B857C858F8184
:103480009885AE01415F5F4FF90109959C838B835D
:103490008B899C89892B09F451C08F859889892B48
:1034A00009F44CC01A8219822D853E858F85988932
:1034B0002817390768F42F853889AE01455F5F4FBB
:1034C000BE01675F7F4FCE010796FDDB9A8389833C
:1034D0002D853E858D819E81A90160E070E00E946E
:1034E000B16489819A81892B49F52F8138858B8533
:1034F0009C85820F931F9E838D832B893C894F85EA
:1035000058896D817E818B819C81F90109956F8538
:1035100078894B855C8529853A858F8198857B01E3
:103520008A01AC016FEF7FEF81E090E00E948E3B5B
:103530009A83898389819A81892B29F489819A8147
:103540000DC0000001C000008F819885892B21F0FB
:103550008F8198850E941A4189819A8164960FB65D
:10356000F894DEBF0FBECDBFDF91CF911F910F91B9
:10357000FF90EF900895CF93DF93CDB7DEB72897F4
:103580000FB6F894DEBF0FBECDBF9C838B834D83F7
:103590005E836F8378871A821982809197028823CD
:1035A00019F487EF9FEF10C08D819E81AF81B885A0
:1035B000EB81FC8120E0AC01BD01CF010E94C8334A
:1035C0009A83898389819A8128960FB6F894DEBF01
:1035D0000FBECDBFDF91CF910895CF93DF93CDB7CD
:1035E000DEB78091980290919902DF91CF91089572
:1035F000CF93DF93CDB7DEB70E94A5390E94F9378C
:103600001CD448E050E060E070E08EE992E00E9457
:10361000B1641092970280E090E0DF91CF9108951D
:10362000CF93DF9300D000D000D0CDB7DEB76B834F
:103630007C838D839E838B819C81AD81BE81BC0107
:10364000CD010E9486349A83898389819A81269646
:103650000FB6F894DEBF0FBECDBFDF91CF910895B6
:10366000CF93DF9300D000D01F92CDB7DEB79D83FC
:103670008C8381E089838C819D81298140E050E0A9
:10368000BA010E94C8339B838A838A819B810F90F1
:103690000F900F900F900F90DF91CF910895CF93DF
:1036A000DF9300D000D01F92CDB7DEB78D8381E0CD
:1036B00090E09A8389830E94FC3D9C838B838D815B
:1036C000282F30E08B819C8149815A81BA010E9468
:1036D0002064CB0141E02817390708F040E0842F2F
:1036E0000F900F900F900F900F90DF91CF91089552
:1036F000CF93DF9300D000D01F92CDB7DEB79C836D
:103700008B836D83A6D39A8389838091AB02482FE4
:1037100050E029813A818B819C81B9010E94A86483
:1037200000000F900F900F900F900F90DF91CF91AE
:103730000895CF93DF93CDB7DEB72D970FB6F894EA
:10374000DEBF0FBECDBF998788877B876A875D877D
:103750004C871A821982288539858A859B85820F34
:10376000931F9C838B838B819C819E838D831F827F
:103770000E94A4368F838F81882351F48C859D8588
:1037800022E030E0FC013183208385EF9FEF2DC0E4
:103790008D819E81FC018181882331F08D819E8104
:1037A000FC018181813019F481E090E002C080E069
:1037B00090E08F838F81882351F48C859D8522E052
:1037C00030E0FC01318320838EEF9FEF0EC081E05B
:1037D00090E043DC1A8219828C859D8528E030E0D8
:1037E000FC013183208389819A812D960FB6F8944C
:1037F000DEBF0FBECDBFDF91CF910895CF93DF9392
:10380000CDB7DEB728970FB6F894DEBF0FBECDBF99
:103810009C838B837E836D8358874F838B819C81B0
:10382000892BA9F58D819E819A83898389819A81CB
:1038300048E050E060E070E00E94B16489819A81C4
:103840002FEFFC01208325E089819A81FC012183EF
:1038500020E089819A81FC0122830E94FC3D282F6F
:1038600089819A81FC0123830E94F33D9C01898117
:103870009A81FC013583248389819A8121E0FC01AE
:10388000268389819A8121E0FC01278308C04F812A
:1038900058852D813E818B819C81B90131DC0000EE
:1038A00028960FB6F894DEBF0FBECDBFDF91CF9143
:1038B0000895CF93DF9300D000D000D01F92CDB7F2
:1038C000DEB79B838A837D836C835F834E8381E035
:1038D00089830E94A43689838981882351F48E814B
:1038E0009F8122E030E0FC013183208385EF9FEF50
:1038F0000CC080E090E0B1DB8E819F8121E030E060
:10390000FC013183208380E090E027960FB6F89485
:10391000DEBF0FBECDBFDF91CF910895CF93DF9370
:1039200000D000D000D0CDB7DEB79A8389837C83E6
:103930006B835E834D838D819E8126E030E0FC01A8
:103940003183208380E090E026960FB6F894DEBFA6
:103950000FBECDBFDF91CF910895CF93DF93CDB749
:10396000DEB728970FB6F894DEBF0FBECDBF9C839D
:103970008B837E836D8358874F838D819E819A834D
:10398000898389819A8146E050E060E070E00E947E
:10399000B16489819A812FEFFC01208371DB282F8C
:1039A00089819A81FC01218397DB282F89819A8163
:1039B000FC0122839ADB9C0189819A81FC01358379
:1039C0002483000028960FB6F894DEBF0FBECDBF4B
:1039D000DF91CF910895CF93DF9300D000D000D036
:1039E0001F92CDB7DEB79B838A837D836C835F8311
:1039F0004E8319820E94873689838981882321F02A
:103A00000E94203E0E9498368E819F8122E030E005
:103A1000FC01318320838BEF9FEF27960FB6F8943C
:103A2000DEBF0FBECDBFDF91CF910895CF93DF935F
:103A3000CDB7DEB72D970FB6F894DEBF0FBECDBF62
:103A4000998788877B876A875D874C871A82198266
:103A5000288539858A859B85820F931F9C838B835C
:103A60008B819C819E838D831F828D819E81FC0131
:103A700023818D819E81FC0184819581A681B781FE
:103A8000422FBC01CD01F4D18F838F81882351F463
:103A90008C859D8522E030E0FC013183208384EF1A
:103AA0009FEF09C08C859D8521E030E0FC013183CA
:103AB000208389819A812D960FB6F894DEBF0FBEC0
:103AC000CDBFDF91CF910895CF93DF93CDB7DEB710
:103AD0002F970FB6F894DEBF0FBECDBF9B878A87A6
:103AE0007D876C875F874E871A8219822A853B857E
:103AF0008C859D85820F931F9C838B838B819C81FA
:103B00009E838D831F82A5D1998788878D819E8111
:103B1000FC018181C4DD8F838F81882351F48E85E0
:103B20009F8522E030E0FC01318320838EEF9FEF00
:103B300022C088859985892B51F48E859F8522E046
:103B400030E0FC013183208384EF9FEF14C08D812E
:103B50009E81FC0181818093AB028091AB02882F12
:103B600090E09C012F5F3F4F8E859F85FC01318344
:103B7000208389819A812F960FB6F894DEBF0FBEFD
:103B8000CDBFDF91CF910895CF93DF93CDB7DEB74F
:103B90002D970FB6F894DEBF0FBECDBF99878887EB
:103BA0007B876A875D874C8788859985892B91F506
:103BB00050D19A8389838A859B859C838B838B8153
:103BC0009C8141E050E060E070E00E94B1648B8134
:103BD0009C812FEFFC01208389819A81892B11F12F
:103BE0008091AB02882F90E001962C853D852817A7
:103BF0003907C1F48A859B8501969E838D831F8238
:103C00008D819E816F8174DD8091AB0262D11092B3
:103C1000AB0208C04C855D852A853B8588859985E2
:103C2000B9016EDA00002D960FB6F894DEBF0FBE14
:103C3000CDBFDF91CF910895CF93DF93CDB7DEB79E
:103C40002D970FB6F894DEBF0FBECDBF998788873A
:103C50007B876A875D874C871A8219822885398518
:103C60008A859B85820F931F9C838B838B819C818C
:103C70009E838D831F828D819E81FC0181810FDD5A
:103C80008F838F81882351F48C859D8522E030E0DD
:103C9000FC01318320838EEF9FEF31C08D819E81A7
:103CA000FC0123818D819E81FC0184819581A68107
:103CB000B781422FBC01CD01DBD08F838F81882358
:103CC00051F48C859D8522E030E0FC013183208316
:103CD00084EF9FEF14C08D819E81FC0181818093D0
:103CE000AB028091AB02882F90E09C012F5F3F4F89
:103CF0008C859D85FC013183208389819A812D9655
:103D00000FB6F894DEBF0FBECDBFDF91CF910895FF
:103D1000CF93DF93CDB7DEB72D970FB6F894DEBF04
:103D20000FBECDBF998788877B876A875D874C8761
:103D300088859985892B91F58CD09A8389838A858A
:103D40009B859C838B838B819C8141E050E060E06C
:103D500070E00E94B1648B819C812FEFFC01208375
:103D600089819A81892B11F18091AB02882F90E093
:103D700001962C853D8528173907C1F48A859B85D6
:103D800001969E838D831F828D819E816F81B0DC21
:103D90008091AB029ED01092AB0208C04C855D852D
:103DA0002A853B8588859985B901AAD900002D9679
:103DB0000FB6F894DEBF0FBECDBFDF91CF9108954F
:103DC000CF93DF9300D0CDB7DEB79A838983898103
:103DD0009A8147E050E068E371E045DA0F900F9078
:103DE000DF91CF910895CF93DF93CDB7DEB780EE0B
:103DF0009EE110D092D00000DF91CF910895CF9333
:103E0000DF93CDB7DEB78091AC029091AD02DF9128
:103E1000CF910895CF93DF9300D0CDB7DEB79A83CB
:103E2000898389819A819093AD028093AC020000CE
:103E30000F900F90DF91CF910895CF93DF93CDB77F
:103E4000DEB773D080E090E0E5DF0000DF91CF9136
:103E50000895CF93DF93CDB7DEB78091A6029091FE
:103E6000A702A091A802B091A902DF91CF91089575
:103E7000CF93DF9300D000D01F92CDB7DEB7698318
:103E80007A838B839C834D838D81882351F4898130
:103E90009A81AB81BC81892B8A2B8B2B11F480E01A
:103EA00010C089819A81AB81BC818093A6029093D6
:103EB000A702A093A802B093A9028D818093AA02C1
:103EC00081E00F900F900F900F900F90DF91CF91A6
:103ED0000895CF93DF931F92CDB7DEB789832091EA
:103EE000A6023091A7024091A8025091A9028981AF
:103EF000882F90E0A0E0B0E0820F931FA41FB51FB1
:103F00008093A6029093A702A093A802B093A9025F
:103F100000000F90DF91CF910895CF93DF93CDB73D
:103F2000DEB70000DF91CF910895CF93DF93CDB737
:103F3000DEB70000DF91CF910895CF93DF9300D0DB
:103F40001F92CDB7DEB79B838A831982F894809144
:103F5000B4029091B50221E0892B09F020E0298379
:103F60008981882309F4789489810F900F900F90AC
:103F7000DF91CF910895CF93DF9300D0CDB7DEB717
:103F80009A838983789400000F900F90DF91CF91EE
:103F90000895CF93DF9300D0CDB7DEB79A8389839E
:103FA000F8948091B4029091B50201969093B50275
:103FB0008093B402789400000F900F90DF91CF911E
:103FC0000895CF93DF9300D0CDB7DEB79A8389836E
:103FD000F8948091B4029091B50201979093B50244
:103FE0008093B402789400000F900F90DF91CF91EE
:103FF0000895CF93DF9300D0CDB7DEB79A8389833E
:104000002091AE023091AF0249815A8163E1649FF1
:10401000C001659F900D1124820F931FFC018381C5
:104020009481029799F02091AE023091AF024981BC
:104030005A8163E1649FC001659F900D1124820F36
:10404000931FFC0183819481039719F481E090E030
:1040500002C080E090E00F900F90DF91CF91089523
:10406000CF93DF9300D01F92CDB7DEB719821B82AA
:104070001A821B821A8209C08A819B81BADF8983D6
:104080008A819B8101969B838A838091B002909163
:10409000B1022A813B812817390718F489818823C6
:1040A00059F381E09981992309F080E00F900F90F6
:1040B0000F90DF91CF910895CF93DF9300D000D080
:1040C0001F92CDB7DEB79B838A836C834D8380912B
:1040D000AE029091AF02892B09F477C08091B002B3
:1040E0009091B1022A813B812817390708F06DC0F1
:1040F0002091AE023091AF024A815B8163E1649FFF
:10410000C001659F900D1124820F931FFC018081D7
:104110009181892B09F459C02091AE023091AF02F0
:104120004A815B8163E1649FC001659F900D11240A
:10413000820F931FFC0182819C81981708F045C073
:104140002091AE023091AF024A815B8163E1649FAE
:10415000C001659F900D1124820F931FFC012081E7
:1041600031818C81482F50E06DE0649FC001659FD4
:10417000900D1124820F931FFC0180819181892B66
:1041800021F12091AE023091AF024A815B8163E15F
:10419000649FC001659F900D1124820F931FFC0145
:1041A000208131818C81482F50E06DE0649FC001F7
:1041B000659F900D1124820F931FFC0182819D81C8
:1041C000981718F481E090E002C080E090E08983C5
:1041D00089810F900F900F900F900F90DF91CF91EA
:1041E0000895CF93DF93CDB7DEB729970FB6F89434
:1041F000DEBF0FBECDBF8C836D832E833F83488788
:10420000598719828D81882F90E09B838A838C81C6
:104210008F3F41F48A819B818F3F910509F010F413
:1042200081E08983898129960FB6F894DEBF0FBE9D
:10423000CDBFDF91CF910895CF93DF931F92CDB77C
:10424000DEB789838981882F90E08F7E21E0892BDA
:1042500009F020E0822F0F90DF91CF910895CF9346
:10426000DF9300D0CDB7DEB78A8319828A81882395
:1042700031F08A81813019F08A81823011F481E035
:10428000898389810F900F90DF91CF910895CF930B
:10429000DF9300D0CDB7DEB78A8319828A81882365
:1042A00031F08A81813019F08A81823011F481E005
:1042B000898389810F900F90DF91CF910895CF93DB
:1042C000DF93CDB7DEB781E0DF91CF910895CF9333
:1042D000DF9300D01F92CDB7DEB79B838A832091F6
:1042E000AE023091AF024A815B8163E1649FC001FD
:1042F000659F900D1124820F931FFC0183858230EE
:10430000D9F42091AE023091AF024A815B8163E122
:10431000649FC001659F900D1124820F931FFC01C3
:104320002581368180911D0190911E012817390742
:1043300019F081E090E002C080E090E089838981FB
:10434000882339F08A819B81892B19F481E090E0E0
:1043500002C080E090E0898389810F900F900F90D8
:10436000DF91CF910895CF93DF9300D000D000D09C
:104370001F92CDB7DEB79E838D836F838D819E8123
:10438000FC01208131818F81482F50E06DE0649FD6
:10439000C001659F900D1124820F931F9C838B8316
:1043A0008B819C81FC01438154818D819E81FC0124
:1043B00025853685429FC001439F900D529F900DE9
:1043C000112401969A8389838F81882379F48D81C2
:1043D0009E81FC018781882F90E080719927892B2D
:1043E00029F089819A8104969A83898389819A81A7
:1043F00027960FB6F894DEBF0FBECDBFDF91CF91E9
:104400000895CF93DF93CDB7DEB72B970FB6F8940F
:10441000DEBF0FBECDBF9B878A871D821C821A829A
:1044200019821B821B821EC08A859B856B819BDF44
:104430009F838E83198618868E819F8161E070E04C
:104440000E94A33D998788872885398589819A812B
:104450008217930720F4888599859A8389838B81B5
:104460008F5F8B838A859B85FC0182819B81981756
:10447000D8F28A859B859C012F5E3F4F8A859B855C
:10448000FC018281882F90E0880F991FBC018981EF
:104490009A81A9010E9419429D838C838C819D8100
:1044A000892B39F08A859B852FEF3FEFFC01328BFA
:1044B000218B8C819D812B960FB6F894DEBF0FBEA9
:1044C000CDBFDF91CF910895CF93DF9300D0CDB7CB
:1044D000DEB79A83898389819A81FC0181899289D7
:1044E000019639F089819A81FC01818992890E9423
:1044F000BB4389819A812FEF3FEFFC01328B218BE7
:1045000000000F900F90DF91CF910895CF93DF932C
:10451000CDB7DEB761970FB6F894DEBF0FBECDBF43
:104520009D878C877F876E87598B488B1A8219826B
:104530002C853D858E859F85820F931F9C838B8361
:104540008B819C819E838D838D819E81FC018281E4
:10455000938198878F838D819E81FC0184818987D7
:104560008D819E81FC0185818A871B868F8198853C
:104570004A856985A1DD8B878B85882351F48889DD
:10458000998922E030E0FC01318320838EEF9FEF98
:104590002BC08F8198852DDD982F81E0992309F01C
:1045A00080E08B878B85882351F48889998922E064
:1045B00030E0FC013183208388EF9FEF15C08F81AD
:1045C000988590931A0180931901898580931B0126
:1045D0008A8580931C018889998921E030E0FC015B
:1045E0003183208389819A8161960FB6F894DEBF6A
:1045F0000FBECDBFDF91CF910895CF93DF93CDB79D
:10460000DEB763970FB6F894DEBF0FBECDBF9F87AE
:104610008E87798B688B5B8B4A8B1A8219822E85E9
:104620003F8588899989820F931F9C838B838B8117
:104630009C819E838D838091190190911A019887A6
:104640008F8380911B01898780911C018A871C863A
:104650001B861D868F8198854A8569852DDD8D870E
:104660008D85882351F48A899B8922E030E0FC0102
:10467000318320838AEF9FEF9AC08F819885B9DCC0
:10468000982F81E0992309F080E08D878D8588231C
:1046900051F48A899B8922E030E0FC013183208338
:1046A00088EF9FEF84C08D819E81FC01848195817C
:1046B000A681B7812D813E81F90162812D813E81E4
:1046C000F90171819C01AD01872F8BDD8D878D856F
:1046D000882351F48A899B8922E030E0FC013183F0
:1046E00020838EEF9FEF63C02091AE023091AF0226
:1046F0004F81588563E1649FC001659F900D11242F
:10470000820F931FFC01208131818985482F50E061
:104710006DE0649FC001659F900D1124820F931F6F
:10472000FC01408151818A85282F30E0C901880F22
:10473000991F880F991F880F991F821B930B840F55
:10474000951F9C878B878D819E81FC0121818B85A4
:104750009C85FC0120838D819E81FC0122818B85BB
:104760009C85FC0121838D819E81FC0123818B85A9
:104770009C85FC0122838D819E81FC018481958131
:10478000A681B7812B853C85F90183839483A5831A
:10479000B68380911C018F5F80931C018A899B895D
:1047A00021E030E0FC013183208389819A81639686
:1047B0000FB6F894DEBF0FBECDBFDF91CF91089545
:1047C000CF93DF93CDB7DEB72F970FB6F894DEBF48
:1047D0000FBECDBF9B878A877D876C875F874E879B
:1047E0001A8219822A853B858C859D85820F931FAD
:1047F0009C838B838B819C819E838D8318861F82F3
:1048000019868091AE029091AF02892B79F08D814B
:104810009E81FC01228133818091B0029091B1028E
:104820002817390718F481E090E002C080E090E09A
:1048300089878985882351F48E859F8522E030E021
:10484000FC01318320838EEF9FEFA3C02091AE0245
:104850003091AF028D819E81FC014281538163E1E1
:10486000649FC001659F900D1124820F931F98874C
:104870008F838D819E81FC0182819381BADB982F89
:1048800081E0992309F080E089878985882351F4A4
:104890008E859F8522E030E0FC013183208388EF04
:1048A0009FEF77C08D819E81FC018481958121E0FD
:1048B0008038910508F020E029878985882351F404
:1048C0008E859F8522E030E0FC01318320838EEFCE
:1048D0009FEF5FC08D819E81FC01978181E09923CC
:1048E00009F080E089878985882351F48E859F852A
:1048F00022E030E0FC01318320838EEF9FEF49C03E
:104900008D819E81FC01818197DC8987898588233F
:1049100051F48E859F8522E030E0FC0131832083B5
:1049200086EF9FEF36C08D819E81FC0121818F81B2
:104930009885FC0127838D819E81FC01248135812E
:104940008F819885FC01368325838D819E81FC01B2
:1049500026818F819885FC0120878D819E81FC01B5
:1049600027818F819885FC0121878F819885FC01A3
:104970008085823028F48F81988521E0FC01208792
:104980008E859F8521E030E0FC0131832083898181
:104990009A812F960FB6F894DEBF0FBECDBFDF9180
:1049A000CF9108950F931F93CF93DF93CDB7DEB7C9
:1049B0006C970FB6F894DEBF0FBECDBF988F8F8B6C
:1049C0007A8F698F5C8F4B8F1B861A862F89388D63
:1049D000898D9A8D820F931F9D878C878C859D85ED
:1049E0009F878E87198A188A8E859F85FC01828110
:1049F0009381CC01A0E0B0E08A8B9B8BAC8BBD8B0C
:104A000019821E8A8091AE029091AF02892B99F093
:104A10008091B0029091B102CC01A0E0B0E02A896F
:104A20003B894C895D89281739074A075B071CF4C5
:104A300081E090E002C080E090E089838981882352
:104A400051F48B8D9C8D22E030E0FC01318320837A
:104A50008EEF9FEF40C28A899B89AC89BD89809384
:104A6000150190931601A0931701B093180120919E
:104A7000AE023091AF024A895B8963E1649FC00155
:104A8000659F900D1124820F931F998B888B8E85C3
:104A90009F85FC018181E3DB89838981882351F42F
:104AA0008B8D9C8D22E030E0FC013183208386EFEA
:104AB0009FEF11C204DC882309F47DC0888999899D
:104AC000FC0183819481892B09F075C088899989BB
:104AD000FC018781882F90E082709927892B81F1D2
:104AE00088899989FC0180819181892B91F080913D
:104AF000B302282F30E088899989FC018281882FB0
:104B000090E0820F931F813891051CF481E090E0C2
:104B100002C080E090E089838981882309F43EC047
:104B20002091B30288899989FC0122872091B302E0
:104B300088899989FC018281820F8093B3022EC0FB
:104B400088899989FC0180819181892B91F08091DC
:104B5000B202282F30E088899989FC018281882F50
:104B600090E0820F931F8D3F91051CF481E090E04F
:104B700002C080E090E089838981882379F02091C8
:104B8000B20288899989FC0122872091B202888922
:104B90009989FC018281820F8093B20289818823E6
:104BA00051F48B8D9C8D22E030E0FC013183208319
:104BB00087EF9FEF90C18E859F85FC0181818130B9
:104BC00039F08E859F85FC018181823009F0CBC050
:104BD0001B821A8281E089831B821A82B5C01D82E2
:104BE0001C821F821E821D821C822EC08889998988
:104BF000FC01208131814A815B816DE0649FC001AD
:104C0000659F900D1124820F931FFC0140815181FB
:104C10002C813D81C901880F991F880F991F880F2A
:104C2000991F821B930B840F951FFC018181882F94
:104C300090E02E813F81820F931F9F838E838C8112
:104C40009D8101969D838C8388899989FC012081AF
:104C500031814A815B816DE0649FC001659F900D49
:104C60001124820F931FFC018281882F90E02C81F8
:104C70003D81281739070CF4B9CF8A819B81892B94
:104C800021F588899989FC018781882F90E08071BE
:104C90009927892BD1F088899989FC01458556850A
:104CA0002E813F81429FC001439F900D529F900DE6
:104CB00011248C010B5F1F4F0E94F33D21E08017F0
:104CC000910708F420E0298319C088899989FC019B
:104CD000458556852E813F81429FC001439F900D9F
:104CE000529F900D11248C010F5F1F4F0E94F33DC6
:104CF00021E08017910708F420E029838981882327
:104D000051F48B8D9C8D22E030E0FC0131832083B7
:104D100087EF9FEFE0C088899989FC01208131816C
:104D20004A815B816DE0649FC001659F900D1124F5
:104D3000820F931F2E813F81FC01348323838A815C
:104D40009B8101969B838A8388899989FC01828152
:104D5000882F90E02A813B812817390724F4898124
:104D6000882309F03CCF88899989FC018581968147
:104D7000E4D88E8B8E89882309F49EC01986188604
:104D80008E859F85FC018181882F90E0813091057F
:104D9000D1F08230910509F469C0892B09F071C006
:104DA0008889998921E030E0FC013483238358D934
:104DB000882309F463C081E090E00E942D1880E40C
:104DC0000E945A185BC088899989FC01818992895F
:104DD0000196C9F588899989FC01258136818091E0
:104DE0001D0190911E012817390799F48889998926
:104DF000AC014F5E5F4F20912101309122018091E3
:104E00001F0190912001B9010E94B44499878887BD
:104E10001AC08A899B89AC89BD89181619061A0699
:104E20001B068CF088899989FC0185819681892BE4
:104E300051F488899989E5DA9987888788899989D9
:104E4000FC01108A178688859985892BC9F4888981
:104E5000998923E030E0FC013483238382E090E0F1
:104E60000E942D1880E40E9449180AC088899989F7
:104E700022E030E0FC013483238303C0000001C042
:104E8000000088899989FC018581968174D88B8D71
:104E90009C8D22E030E0FC01318320838885998558
:104EA000892B51F08B8D9C8D22E030E0FC01318309
:104EB00020838DEF9FEF0FC08E89882351F48B8D57
:104EC0009C8D22E030E0FC013183208385EF9FEF51
:104ED00002C08A859B856C960FB6F894DEBF0FBE24
:104EE000CDBFDF91CF911F910F910895CF93DF93A5
:104EF000CDB7DEB728970FB6F894DEBF0FBECDBF93
:104F00009C838B837E836D8358874F838B819C81A9
:104F1000892B29F58D819E819A83898389819A8144
:104F20002FEFFC0120832091AE023091AF028091DF
:104F3000150190911601A0911701B0911801AC01D3
:104F400063E1649FC001659F900D1124820F931F40
:104F5000FC01228589819A81FC01218309C04F814E
:104F600058852D813E818B819C81B9010E948018DA
:104F7000000028960FB6F894DEBF0FBECDBFDF91BC
:104F8000CF910895CF93DF93CDB7DEB766970FB675
:104F9000F894DEBF0FBECDBF9A8B898B7C8B6B8B59
:104FA0005E8B4D8B18861F8229893A898B899C8953
:104FB000820F931F9A87898789859A859C878B871B
:104FC0001D861E8619821A821B821C828B859C85F7
:104FD000FC0181815CD98D878D85882351F48D8971
:104FE0009E8922E030E0FC013183208386EF9FEF31
:104FF00020C28091AE029091AF02892B49F080913E
:10500000B0029091B102892B19F081E090E002C0CA
:1050100080E090E08D878D85882351F48D899E896D
:1050200022E030E0FC01318320838EEF9FEF01C24C
:105030000E9487368E878E85882309F4EBC11E82F5
:105040001D82188A1F868B859C85FC018181882F93
:1050500090E08130910509F456C08230910509F441
:105060006CC1892B09F0BFC119821A821B821C8274
:1050700031C02091AE023091AF0249815A8163E183
:10508000649FC001659F900D1124820F931FFC0146
:1050900083819481892B99F02091AE023091AF02E7
:1050A00049815A8163E1649FC001659F900D11247D
:1050B000820F931F21E030E0FC0134832383898138
:1050C0009A81AB81BC810196A11DB11D89839A8310
:1050D000AB83BC838091B0029091B102CC01A0E07F
:1050E000B0E029813A814B815C81281739074A0752
:1050F0005B070CF4BECF81E090E00E942D1880E4A5
:105100000E945A1870C119821A821B821C82ACC07C
:105110002091AE023091AF0249815A8163E1649FD0
:10512000C001659F900D1124820F931FFC018381A4
:105130009481029709F08DC02091AE023091AF02A8
:1051400049815A8163E1649FC001659F900D1124DC
:10515000820F931FFC0181899289019609F079C021
:105160002091AE023091AF0249815A8163E1649F80
:10517000C001659F900D1124820F931FFC012581B2
:10518000368180911D0190911E0128173907F9F48D
:105190002091AE023091AF0249815A8163E1649F50
:1051A000C001659F900D1124820F931FAC014F5ECB
:1051B0005F4F209121013091220180911F01909138
:1051C0002001B9010E94B4449E838D8342C089812D
:1051D0009A81AB81BC81181619061A061B06CCF100
:1051E0002091AE023091AF0249815A8163E1649F00
:1051F000C001659F900D1124820F931FFC018581D2
:105200009681892B31F52091AE023091AF02498110
:105210005A8163E1649FC001659F900D1124820F44
:10522000931FEFD89E838D832091AE023091AF0201
:1052300049815A8163E1649FC001659F900D1124EB
:10524000820F931FFC01108A178689819A81988B9F
:105250008F8789819A81AB81BC810196A11DB11D87
:1052600089839A83AB83BC838091B0029091B10211
:10527000CC01A0E0B0E029813A814B815C81281704
:1052800039074A075B072CF48D819E81892B09F42D
:105290003FCF8D819E81892B09F0A2C019821A828D
:1052A0001B821C8238C02091AE023091AF0249812E
:1052B0005A8163E1649FC001659F900D1124820FA4
:1052C000931FFC01838194810297D1F42091AE0257
:1052D0003091AF0249815A8163E1649FC001659FAB
:1052E000900D1124820F931F23E030E0FC013483E2
:1052F000238382E090E00E942D1880E40E944918E8
:1053000089819A81AB81BC810196A11DB11D8983E0
:105310009A83AB83BC838091B0029091B102CC019F
:10532000A0E0B0E029813A814B815C8128173907E0
:105330004A075B070CF4B7CF53C019821A821B824D
:105340001C8231C02091AE023091AF0249815A8156
:1053500063E1649FC001659F900D1124820F931F2C
:10536000FC0183819481029799F42091AE023091DF
:10537000AF0249815A8163E1649FC001659F900D2E
:105380001124820F931F21E030E0FC01348323833A
:1053900089819A81AB81BC810196A11DB11D898350
:1053A0009A83AB83BC838091B0029091B102CC010F
:1053B000A0E0B0E029813A814B815C812817390750
:1053C0004A075B070CF4BECF0E943020882351F0BF
:1053D00081E090E00E942D1880E40E945A1802C0DB
:1053E000000001C000000E9498368D819E81892BAB
:1053F00051F08D899E8922E030E0FC0131832083C9
:105400008DEF9FEF16C08D899E8921E030E0FC0171
:10541000318320838E85882351F48D899E8922E0F3
:1054200030E0FC013183208385EF9FEF02C08F8144
:10543000988566960FB6F894DEBF0FBECDBFDF919C
:10544000CF910895CF93DF9300D000D000D0CDB797
:10545000DEB79A8389837C836B835E834D838D81E2
:105460009E8128E030E0FC013183208380E090E0E1
:1054700026960FB6F894DEBF0FBECDBFDF91CF9159
:105480000895CF93DF93CDB7DEB728970FB6F89482
:10549000DEBF0FBECDBF9C838B837E836D83588719
:1054A0004F838D819E819A83898389819A8148E087
:1054B00050E060E070E00E94B16489819A812FEF32
:1054C000FC01208389819A8121E1FC01218389816A
:1054D0009A812FEF3FEFFC013383228389819A81E8
:1054E00020E830E0FC013583248389819A81FC0126
:1054F000168289819A81FC011782000028960FB6D6
:10550000F894DEBF0FBECDBFDF91CF910895CF934A
:10551000DF9300D000D000D0CDB7DEB79A83898367
:105520007C836B835E834D838D819E8128E030E098
:10553000FC013183208380E090E026960FB6F8943A
:10554000DEBF0FBECDBFDF91CF910895CF93DF9324
:10555000CDB7DEB728970FB6F894DEBF0FBECDBF2C
:105560009C838B837E836D8358874F838D819E813F
:105570009A83898389819A8148E050E060E070E0F5
:105580000E94B16489819A812FEFFC012083898177
:105590009A8121E0FC01218389819A812FEFFC010E
:1055A000228389819A8121E0FC01238389819A8168
:1055B0002FEFFC01248389819A8124E3FC01258358
:1055C00089819A8121E030E0FC0137832683000045
:1055D00028960FB6F894DEBF0FBECDBFDF91CF91F6
:1055E0000895CF93DF93CDB7DEB729970FB6F89420
:1055F000DEBF0FBECDBF9D838C837F836E835987B3
:1056000048871A8219821B820E94A4368B838B8161
:10561000882351F48885998522E030E0FC013183AC
:10562000208385EF9FEF0DC081E090E00E942D1850
:105630008885998521E030E0FC01318320838981D0
:105640009A8129960FB6F894DEBF0FBECDBFDF91C9
:10565000CF910895CF93DF93CDB7DEB765970FB69F
:10566000F894DEBF0FBECDBF998B888B7B8B6A8B86
:105670005D8B4C8B1C821B82288939898A899B8986
:10568000820F931F9E838D838D819E8198878F8348
:105690008F819885FC0182819381CC01A0E0B0E0EC
:1056A00089879A87AB87BC871E861D861F861A82CC
:1056B00019828091AE029091AF0221E0892B09F00E
:1056C00020E02F878F85882351F48C899D8922E0E3
:1056D00030E0FC01318320838CEF9FEFC9C08985C6
:1056E0009A85AB85BC85181619061A061B065CF44C
:1056F00089859A85AB85BC850097A140B1051CF4CE
:1057000081E090E002C080E090E08F878F85882361
:1057100051F48C899D8922E030E0FC0131832083A3
:105720008EEF9FEFA5C089859A8543E1489F900140
:10573000499F300D1124C9010E946F409E878D87BB
:105740008D859E85892B51F48C899D8922E030E0DE
:10575000FC01318320838DEF9FEF8AC089859A8574
:1057600043E1489F9001499F300D11248D859E850E
:10577000A90160E070E00E94B1648D859E859093E0
:10578000AF028093AE0289859A859093B10280938F
:10579000B0021A82198253C029813A8143E1429FA3
:1057A000C001439F900D11242D853E85820F931FCC
:1057B0002FEF3FEFFC01328B218B29813A8143E1AE
:1057C000429FC001439F900D11242D853E85820F7D
:1057D000931FFC01138629813A8143E1429FC00156
:1057E000439F900D11242D853E85820F931F21E04C
:1057F000FC01248729813A8143E1429FC001439FF4
:10580000900D11242D853E85820F931F21E030E0FD
:10581000FC013687258729813A8143E1429FC001F7
:10582000439F900D11242D853E85820F931FFC010F
:10583000108A178689819A8101969A838983898142
:105840009A81092E000CAA0BBB0B29853A854B8542
:105850005C8582179307A407B5070CF49DCF8C894C
:105860009D8921E030E0FC01318320838B819C8184
:1058700065960FB6F894DEBF0FBECDBFDF91CF9116
:1058800008950F931F93CF93DF93CDB7DEB7609743
:105890000FB6F894DEBF0FBECDBF9C878B877E8787
:1058A0006D87588B4F871A8219822B853C858D8591
:1058B0009E85820F931F9C838B838B819C819E830B
:1058C0008D838D819E81FC018281938198878F8356
:1058D0008D819E81FC01848189871A868091AE0228
:1058E0009091AF0221E0892B09F420E02A878A8574
:1058F000882351F48F85988922E030E0FC013183C0
:1059000020838CEF9FEFC9C08091B0029091B102CB
:1059100041E02F8138852817390708F040E04A8791
:105920008A85882351F48F85988922E030E0FC0134
:10593000318320838EEF9FEFB0C08985882331F0BB
:1059400089858D3F18F481E090E002C080E090E00E
:105950008A878A85882351F48F85988922E030E0F0
:10596000FC01318320838EEF9FEF97C02091AE0220
:105970003091AF024F81588563E1649FC001659FFC
:10598000900D1124820F931FFC018081918121E0F1
:10599000892B09F020E02A878A85882351F48F8596
:1059A000988922E030E0FC01318320838CEF9FEF67
:1059B00074C08985882F90E02DE0289FB001299F31
:1059C000700D11242091AE023091AF024F815885A5
:1059D000E3E1E49FC001E59F900D11248901080FC8
:1059E000191FCB010E946F40F801918380832091A1
:1059F000AE023091AF024F81588563E1649FC001D0
:105A0000659F900D1124820F931FFC01808191816D
:105A1000892B51F48F85988922E030E0FC01318395
:105A200020838DEF9FEF39C08985882F90E02DE08E
:105A3000289FB001299F700D11242091AE02309152
:105A4000AF024F815885E3E1E49FC001E59F900DCF
:105A50001124820F931FFC0180819181AB0160E0D2
:105A600070E00E94B1642091AE023091AF024F818C
:105A7000588563E1649FC001659F900D1124820FDA
:105A8000931F2985FC0122838F85988921E030E0CE
:105A9000FC013183208389819A8160960FB6F89446
:105AA000DEBF0FBECDBFDF91CF911F910F91089543
:105AB0000F931F93CF93DF93CDB7DEB761970FB6E8
:105AC000F894DEBF0FBECDBF9D878C877F876E8722
:105AD000598B488B1A8219822C853D858E859F852E
:105AE000820F931F9C838B838B819C819E838D83EC
:105AF0008D819E81FC018281938198878F838D8126
:105B00009E81FC01848189878D819E81FC01858134
:105B10008A871B868091AE029091AF0221E0892B8B
:105B200009F420E02B878B85882351F48889998993
:105B300022E030E0FC01318320838CEF9FEF57C1DE
:105B40008091B0029091B10241E02F8138852817F1
:105B5000390708F040E04B878B85882351F488890A
:105B6000998922E030E0FC01318320838EEF9FEFA2
:105B70003EC12091AE023091AF024F81588563E162
:105B8000649FC001659F900D1124820F931FFC013B
:105B90008081918121E0892B09F420E02B878B857E
:105BA000882351F48889998922E030E0FC0131830F
:105BB00020838CEF9FEF1BC12091AE023091AF028A
:105BC0004F81588563E1649FC001659F900D11244A
:105BD000820F931FFC01928181E02985291708F02B
:105BE00080E08B878B85882351F48889998922E00E
:105BF00030E0FC01318320838EEF9FEFF8C02091CD
:105C0000AE023091AF024F81588563E1649FC001BD
:105C1000659F900D1124820F931FFC01208131811B
:105C20008985482F50E06DE0649FC001659F900D0D
:105C30001124820F931FFC018081918121E0892B27
:105C400009F020E02B878B85882351F48889998976
:105C500022E030E0FC01318320838CEF9FEFC7C04E
:105C600081E09A85992309F480E08B878B858823CE
:105C700051F48889998922E030E0FC013183208346
:105C80008EEF9FEFB4C08A85282F30E0C901880FBE
:105C9000991F880F991F880F991FBC01621B730BF6
:105CA0002091AE023091AF024F815885E3E1E49F2D
:105CB000C001E59F900D1124820F931FFC012081EC
:105CC00031818985482F50E0EDE0E49FC001E59FD8
:105CD000900D11248901080F191FCB010E946F40FC
:105CE000F801918380832091AE023091AF024F8101
:105CF000588563E1649FC001659F900D1124820F58
:105D0000931FFC01208131818985482F50E06DE08F
:105D1000649FC001659F900D1124820F931FFC01A9
:105D200080819181892B51F48889998922E030E022
:105D3000FC01318320838DEF9FEF59C08A85282F86
:105D400030E0C901880F991F880F991F880F991F8C
:105D5000BC01621B730B2091AE023091AF024F81E8
:105D60005885E3E1E49FC001E59F900D1124820F67
:105D7000931FFC01208131818985482F50E0EDE09F
:105D8000E49FC001E59F900D1124820F931FFC0139
:105D900080819181AB0160E070E00E94B16420914C
:105DA000AE023091AF024F81588563E1649FC0011C
:105DB000659F900D1124820F931FFC01208131817A
:105DC0008985482F50E06DE0649FC001659F900D6C
:105DD0001124820F931F2A85FC01228388899989C7
:105DE00021E030E0FC013183208389819A81619632
:105DF0000FB6F894DEBF0FBECDBFDF91CF911F91DC
:105E00000F910895CF93DF93CDB7DEB763970FB6A9
:105E1000F894DEBF0FBECDBF9F878E87798B688BCE
:105E20005B8B4A8B1A8219822E853F8588899989D6
:105E3000820F931F9C838B838B819C819E838D8398
:105E40008D819E81FC018281938198878F838D81D2
:105E50009E81FC01848189878D819E81FC018581E1
:105E60008A878D819E81FC01868197819C878B87A3
:105E700081E08D878091AE029091AF0221E0892B65
:105E800009F420E02D878D85882351F48A899B8928
:105E900022E030E0FC01318320838CEF9FEFE0C0F3
:105EA0008091B0029091B10241E02F81388528178E
:105EB000390708F040E04D878D85882351F48A89A1
:105EC0009B8922E030E0FC01318320838EEF9FEF3D
:105ED000C7C021E08F819885892B09F020E02D87AC
:105EE0008D85882351F48A899B8922E030E0FC016A
:105EF0003183208386EF9FEFB3C08985882319F013
:105F00008985823019F481E090E002C080E090E061
:105F10008D878D85882351F48A899B8922E030E022
:105F2000FC013183208386EF9FEF9AC081E09A8540
:105F3000913009F080E08D878D85882351F48A891E
:105F40009B8922E030E0FC013183208386EF9FEFC4
:105F500087C08985882321F48B859C85019739F03A
:105F60008985882339F08B859C85029718F081E01C
:105F700090E002C080E090E08D878D85882351F409
:105F80008A899B8922E030E0FC013183208386EFFF
:105F90009FEF66C08F8198850E94F91F982F81E03E
:105FA000992309F080E08D878D85882351F48A89B3
:105FB0009B8922E030E0FC013183208388EF9FEF52
:105FC0004FC02091AE023091AF024F81588563E1FE
:105FD000649FC001659F900D1124820F931F298536
:105FE000FC0123872091AE023091AF024F8158858A
:105FF00063E1649FC001659F900D1124820F931F80
:106000002A85FC0124872091AE023091AF024F8196
:10601000588563E1649FC001659F900D1124820F34
:10602000931F2B853C85FC01368725872091AE0286
:106030003091AF024F81588563E1649FC001659F35
:10604000900D1124820F931FFC01108A17868A89F4
:106050009B8921E030E0FC013183208389819A8192
:1060600063960FB6F894DEBF0FBECDBFDF91CF9120
:106070000895CF93DF93CDB7DEB72B970FB6F89483
:10608000DEBF0FBECDBF9F838E83798768875B8716
:106090004A871A8219822E813F8188859985820FCD
:1060A000931F9C838B838B819C81FC01918181E078
:1060B000913009F080E08D838D81882351F48A85A9
:1060C0009B8522E030E0FC01318320838FEF9FEF3E
:1060D0000CC04A855B85288539858E819F81B901F1
:1060E00091DE9A83898389819A812B960FB6F894E1
:1060F000DEBF0FBECDBFDF91CF910895CF93DF9369
:1061000000D0CDB7DEB79A83898389819A814CE02C
:1061100050E062E671E00E9433190F900F90DF911A
:10612000CF910895CF93DF93CDB7DEB71092B5022C
:106130001092B40246E050E060E070E08EEA92E037
:106140000E94B1648EE790E310D060D70000DF9129
:10615000CF910895CF93DF93CDB7DEB78091B6028C
:106160009091B702DF91CF910895CF93DF9300D044
:10617000CDB7DEB79A83898389819A819093B702DC
:106180008093B60200000F900F90DF91CF91089599
:10619000CF93DF9300D000D000D0CDB7DEB79E8381
:1061A0008D831A8219821C821B828091AE0290918B
:1061B000AF02892B49F08091B0029091B1022D81FC
:1061C0003E812817390718F08FEF9FEF4EC02091BE
:1061D000AE023091AF024D815E8163E1649FC001E8
:1061E000659F900D1124820F931F9C838B838D815B
:1061F0009E810E946721882339F08B819C81FC015C
:1062000087859089892B19F480E090E02EC01A824E
:10621000198219C08B819C81FC01208131814981C7
:106220005A816DE0649FC001659F900D1124820F1B
:10623000931FFC01858196810E941A4189819A8170
:1062400001969A8389838B819C81FC018281882FAE
:1062500090E029813A8128173907E4F28B819C81EB
:10626000FC01108A178680E090E026960FB6F8941D
:10627000DEBF0FBECDBFDF91CF910895CF93DF93E7
:10628000CDB7DEB72B970FB6F894DEBF0FBECDBFEC
:106290009E838D836F83288739874A875B878D81AB
:1062A0009E81FC01208131818F81482F50E06DE07B
:1062B000649FC001659F900D1124820F931F9C83E2
:1062C0008B838B819C81FC01818592859A83898354
:1062D0008B819C81FC01148613868D819E81FC013B
:1062E00092858F81292F280F89819A81FC01208333
:1062F00089819A8101969A8389838F81882331F5D8
:106300008D819E81FC018781882F90E08071992783
:10631000892BE1F088859985AA85BB8529813A81F9
:10632000F90180839183A283B3838B819C81FC01DB
:1063300083859485049629813A81820F931F9A83DD
:1063400089838B819C81FC01148613868B819C81BF
:1063500029813A81FC013287218700002B960FB6F4
:10636000F894DEBF0FBECDBFDF91CF910895CF93DC
:10637000DF93CDB7DEB72B970FB6F894DEBF0FBE15
:10638000CDBF9B878A8719828A859B85FC01818581
:1063900092859B838A83198277C08A859B85FC01BD
:1063A000408151818981282F30E0C901880F991FD0
:1063B000880F991F880F991F821B930B840F951FBD
:1063C0009D838C838C819D81FC0183819481A58137
:1063D000B6819F838E838C819D81FC0180818F3F5C
:1063E00059F18E819F819987888788859985FC01DD
:1063F00020813181428153818C819D81FC0180818A
:10640000682F70E081E090E002C0880F991F6A95C4
:10641000E2F7092E000CAA0BBB0B82239323A423C3
:10642000B52321E0892B8A2B8B2B09F420E08A816C
:106430009B81FC0120830DC08C819D81FC018181A9
:10644000482F50E02E813F818A819B81B9010E94B3
:10645000A8648C819D81FC018181282F30E08A8590
:106460009B85FC0183859485820F931F2A813B8144
:10647000820F931F9B838A838A859B85FC011486E8
:10648000138689818F5F89838A859B85FC01828140
:106490009981981708F481CF8A859B852A813B8151
:1064A000FC013287218700002B960FB6F894DEBFDF
:1064B0000FBECDBFDF91CF910895EF92FF920F9362
:1064C0001F93CF93DF93CDB7DEB767970FB6F894DE
:1064D000DEBF0FBECDBF998B888B4A8B5B8B6C8BDD
:1064E0007D8B3F8B2E8B1A8219821B821E821D820E
:1064F0001C821F8218868091AE029091AF02892B78
:1065000049F08091B0029091B10228893989281709
:10651000390718F08FEF9FEF2EC12091AE02309116
:10652000AF024889598963E1649FC001659F900D5E
:106530001124820F931F9E838D83888999890E94DD
:1065400067218F838F81882381F08D819E81FC015B
:10655000878590899C012F5F3F4F8D819E81FC0133
:10656000858596852817390719F481E090E002C0E7
:1065700080E090E088871C82DAC08D819E81FC01DA
:10658000208131818C81482F50E06DE0649FC001F3
:10659000659F900D1124820F931F9A8789870E940F
:1065A0008A3D9C878B871E861D868F81882339F0C4
:1065B0008D819E81FC0187859089892B19F481E06A
:1065C00090E002C080E090E08F878F85882309F4F7
:1065D0005FC08D819E816C810E94B3219C01898561
:1065E0009A85FC013087278389859A85FC018781FC
:1065F000908561E070E00E94A33D9E878D878D812C
:106600009E81FC0181899289019689F08D819E810C
:10661000FC01818992892D853E85B9010E947045D2
:106620009C0189859A85FC01368325830AC08D8566
:106630009E850E946F409C0189859A85FC01368366
:10664000258389859A85FC0185819681892BD1F0E6
:1066500089859A85FC01258136818B859C85280F4B
:10666000391F89859A85FC01328721878A899B8910
:10667000AC89BD89ED81FE819C01AD016C81CF01AA
:10668000FDDD06C081E08B8386EF9FEF9A838983CF
:106690008B81882309F048C089859A85FC01858112
:1066A0009681892B09F440C08D819E81FC01258152
:1066B000368180911D0190911E012817390719F02C
:1066C00089859A8554DE8885882371F189859A8524
:1066D000FC018781908561E070E00E94A33D9E8768
:1066E0008D8789859A85FC01A781B08589859A85E2
:1066F000FC0145815681EB85FC852D853E856889A9
:1067000079898E899F897D018F010E948E3B9A83B2
:10671000898389819A81892B39F089859A85FC0141
:10672000858196810E941A418C818F5F8C838D8137
:106730009E81FC0182819C81981720F48B818823A3
:1067400009F41BCF8D819E81FC0187859089AC0166
:106750004F5F5F4F8D819E81FC0125853685CA0183
:10676000B9010E9420649C018D819E81FC01308BC7
:10677000278789819A8167960FB6F894DEBF0FBE8E
:10678000CDBFDF91CF911F910F91FF90EF900895B2
:10679000CF93DF93CDB7DEB760970FB6F894DEBF27
:1067A0000FBECDBF9B878A874C875D876E877F87AB
:1067B000288B1A8219828A859B850E94C91F809125
:1067C000AE029091AF02892B09F491C08091B00282
:1067D0009091B102892B09F48AC01C821B8280919E
:1067E000AE029091AF029E838D831C821B8271C08A
:1067F0002B813C8143E1429FC001439F900D1124B6
:106800002D813E81820F931FFC018781882F90E0AC
:1068100082709927892B09F057C02B813C8143E175
:10682000429FC001439F900D11242D813E81820F14
:10683000931FFC0183819481039709F045C02B814C
:106840003C8143E1429FC001439F900D11242D8163
:106850003E81820F931FFC01858196812A853B85AD
:106860002817390789F58B819C81BC0180E090E075
:1068700030D78F838F81882319F080E090E002C0A9
:106880008FEF9FEF998788878889882331F08B81E4
:106890009C817EDC9A8389830EC0288539858C850E
:1068A0009D85AE85BF85EB81FC81AC01BD01CF012B
:1068B00004DE9A8389838F81882331F08B819C81C8
:1068C000BC0180E090E017D78B819C8101969C836E
:1068D0008B838091B0029091B1022B813C8128176B
:1068E000390728F489819A81892B09F481CF8A8517
:1068F0009B850E94E11F89819A8160960FB6F8946A
:10690000DEBF0FBECDBFDF91CF910895EF92FF9212
:106910000F931F93CF93DF93CDB7DEB76D970FB66D
:10692000F894DEBF0FBECDBF6A8F7B8F8C8F9D8F9B
:106930001A8219828091AE029091AF02892B09F4DC
:10694000D7C1E5D18F838F81882309F4CDC1809190
:10695000AE029091AF02998788878091B0029091A2
:10696000B102CC01A0E0B0E08A879B87AC87BD87ED
:106970001C821B821C821B82A6C18B819C810E946F
:1069800067218E878E85882309F498C12B813C81ED
:1069900043E1429FC001439F900D11242885398512
:1069A000820F931FFC0183819481039709F086C1B4
:1069B0002B813C8143E1429FC001439F900D1124F4
:1069C00028853985820F931FFC0187859089892B43
:1069D00009F474C18B819C81BC0180E090E079D680
:1069E0008F878F85882319F080E090E002C08FEFB9
:1069F0009FEF998B888B1E821D821E821D8239C15A
:106A00002B813C8143E1429FC001439F900D1124A3
:106A100028853985820F931FFC01208131814D81AA
:106A20005E816DE0649FC001659F900D1124820F0F
:106A3000931FFC0185819681892B09F415C12B8157
:106A40003C8143E1429FC001439F900D1124288562
:106A50003985820F931FFC01208131814D815E8138
:106A60006DE0649FC001659F900D1124820F931FFC
:106A7000FC018781908561E070E00E94A33D9B8BC3
:106A80008A8B0E948A3D9D8B8C8B2B813C8143E1BC
:106A9000429FC001439F900D112428853985820FA4
:106AA000931FFC01208131814D815E816DE0649FE7
:106AB000C001659F900D1124820F931FFC01258159
:106AC00036818C899D89820F931F9F8B8E8B2B81A2
:106AD0003C8143E1429FC001439F900D11242885D2
:106AE0003985820F931FFC01208131814D815E81A8
:106AF0006DE0649FC001659F900D1124820F931F6C
:106B0000FC01878190854B815C8163E1649F9001EA
:106B1000659F300D112448855985240F351FF901D3
:106B2000408151816D817E81EDE0E69F9001E79F7C
:106B3000300D1124240F351FF90121853285A9015B
:106B40002E893F89BA01621B730B9B01821B930B39
:106B5000998F888F2B813C8143E1429FC001439FE5
:106B6000900D112428853985820F931FFC01208107
:106B700031814D815E816DE0649FC001659F900D04
:106B80001124820F931FFC0181859285288D398DF8
:106B9000A90160E070E00E94B1642B813C8143E177
:106BA000429FC001439F900D112428853985820F93
:106BB000931FFC01208131814D815E816DE0649FD6
:106BC000C001659F900D1124820F931FFC01A781C6
:106BD000B0852B813C8143E1429FC001439F900DD2
:106BE000112428853985820F931FFC012081318172
:106BF0004D815E816DE0649FC001659F900D112401
:106C0000820F931FFC0145815681EC89FD892A89F9
:106C10003B896B817C81888999897D018F017ED533
:106C20009A83898389819A81892BF1F02B813C8118
:106C300043E1429FC001439F900D1124288539856F
:106C4000820F931FFC01208131814D815E816DE0B7
:106C5000649FC001659F900D1124820F931FFC015A
:106C6000858196810E941A418D819E8101969E8325
:106C70008D832B813C8143E1429FC001439F900D56
:106C8000112428853985820F931FFC018281882F6A
:106C900090E02D813E812817390708F4B1CE2B8171
:106CA0003C8143E1429FC001439F900D1124288500
:106CB0003985820F931FFC01108A17868B819C8176
:106CC00001969C838B838B819C81CC01A0E0B0E0FA
:106CD0002A853B854C855D8582179307A407B507F8
:106CE0000CF44BCE25D004C08AEF9FEF9A838983A2
:106CF00089819A816D960FB6F894DEBF0FBECDBF25
:106D0000DF91CF911F910F91FF90EF900895CF9356
:106D1000DF931F92CDB7DEB781E0898380E090E0FA
:106D20000E949D1F898389810F90DF91CF910895E3
:106D3000CF93DF93CDB7DEB780E090E00E94BB1F1A
:106D40000000DF91CF910895CF93DF93CDB7DEB7E9
:106D50002F970FB6F894DEBF0FBECDBF81E08983B9
:106D60008091AE029091AF02892B09F438C18091D5
:106D7000AE029091AF029B878A878091B00290917A
:106D8000B102CC01A0E0B0E08C879D87AE87BF87C1
:106D9000BEDF89838981882309F421C11A821B827D
:106DA0001C821D821E821F82188619861092AF02D5
:106DB0001092AE021092B1021092B0021092B20282
:106DC0001092B3028FEF9FEFDC0180931501909337
:106DD0001601A0931701B0931801AADF16D71A82E3
:106DE0001B821C821D82E6C02A813B8143E1429FB7
:106DF000C001439F900D11242A853B85820F931F6C
:106E0000FC012581368180911D0190911E0128177A
:106E1000390791F42A813B8143E1429FC001439F9E
:106E2000900D11242A853B85820F931FFC018189D7
:106E300092890E943D4528C08A819B81AC81BD8199
:106E4000181619061A061B06FCF02A813B8143E13D
:106E5000429FC001439F900D11242A853B85820FDC
:106E6000931FFC0185819681892B71F42A813B81D6
:106E700043E1429FC001439F900D11242A853B8529
:106E8000820F931F0E9464222A813B8143E1429F2B
:106E9000C001439F900D11242A853B85820F931FCB
:106EA000FC0180819181892B09F479C01E821F82A7
:106EB0001886198647C02A813B8143E1429FC00161
:106EC000439F900D11242A853B85820F931FFC015F
:106ED000208131814E815F816DE0649FC001659F9B
:106EE000900D1124820F931FFC0180819181892BC9
:106EF000F1F02A813B8143E1429FC001439F900D05
:106F000011242A853B85820F931FFC01208131814A
:106F10004E815F816DE0649FC001659F900D1124DB
:106F2000820F931FFC01808191810E941A418E8102
:106F30009F81A885B9850196A11DB11D8E839F8370
:106F4000A887B9872A813B8143E1429FC001439FC3
:106F5000900D11242A853B85820F931FFC018281AD
:106F6000882F90E0A0E0B0E02E813F8148855985D0
:106F7000281739074A075B070CF49DCF2A813B810C
:106F800043E1429FC001439F900D11242A853B8518
:106F9000820F931FFC01808191810E941A418A8196
:106FA0009B81AC81BD810196A11DB11D8A839B830C
:106FB000AC83BD832A813B814C815D818C859D851D
:106FC000AE85BF85281739074A075B070CF40CCF3D
:106FD0008A859B850E941A4180E40E945A18898103
:106FE0002F960FB6F894DEBF0FBECDBFDF91CF91C5
:106FF0000895CF93DF93CDB7DEB7A6DE0FD080E044
:1070000090E0B3D80000DF91CF910895CF93DF9344
:10701000CDB7DEB70000DF91CF910895CF93DF9316
:10702000CDB7DEB70000DF91CF910895CF93DF9306
:1070300000D000D01F92CDB7DEB78D8381E090E005
:107040009A838983D9D59C838B838D81282F30E0C7
:107050008B819C81089749815A81BA010E942064E2
:10706000CB0141E08217930708F440E0842F0F9092
:107070000F900F900F900F90DF91CF910895CF93C5
:10708000DF9300D000D01F92CDB7DEB78D8381E0B3
:1070900090E09A838983B0D59C838B838D818823EC
:1070A00091F08D81282F30E08B819C81029749815E
:1070B0005A81BA010E942064CB018217930718F00D
:1070C00081E090E002C080E090E00F900F900F9080
:1070D0000F900F90DF91CF910895CF93DF9300D061
:1070E00000D01F92CDB7DEB79C838B836D830E9447
:1070F000291F9A8389838D81482F50E02B813C8101
:1071000089819A81B9010E94A86400000F900F90B4
:107110000F900F900F90DF91CF910895CF93DF9351
:10712000CDB7DEB72F970FB6F894DEBF0FBECDBF39
:107130009B878A877D876C875F874E871A82198233
:107140002A853B858C859D85820F931F9C838B832D
:107150008B819C819E838D831F820E94291F99872A
:1071600088878D819E81FC01818189DF8F838F815A
:10717000882351F48E859F8522E030E0FC01318325
:1071800020838EEF9FEF2AC088859985892B21F077
:1071900088859985892B51F48E859F8522E030E082
:1071A000FC013183208384EF9FEF18C08D819E8185
:1071B000FC0121818B819C810296622F8EDF8D8163
:1071C0009E81FC0181810E94691F8E859F8521E03F
:1071D00030E0FC013183208389819A812F960FB69C
:1071E000F894DEBF0FBECDBFDF91CF910895CF934E
:1071F000DF93CDB7DEB72D970FB6F894DEBF0FBE85
:10720000CDBF998788877B876A875D874C871A827D
:107210001982288539858A859B85820F931F9C83D7
:107220008B838B819C819E838D831F828D819E8128
:10723000FC018181FBDE8F838F81882351F48C8553
:107240009D8522E030E0FC01318320838EEF9FEFAB
:1072500036C08D819E81FC0123818D819E81FC0140
:1072600084819581A681B781422FBC01CD010E9406
:10727000381F8F838F81882351F48C859D8522E070
:1072800030E0FC013183208384EF9FEF18C08D81B3
:107290009E81FC0121818B819C810896622F1DDFDC
:1072A0008D819E81FC0181810E94691F8C859D8555
:1072B00021E030E0FC013183208389819A812D9681
:1072C0000FB6F894DEBF0FBECDBFDF91CF9108950A
:1072D000CF93DF9300D0CDB7DEB79A8389838981BE
:1072E0009A8142E050E06AEA71E00E9433190F90FF
:1072F0000F90DF91CF910895CF93DF93CDB7DEB795
:1073000088E699E30FD00000DF91CF910895CF93E5
:10731000DF93CDB7DEB78091B8029091B902DF91CB
:10732000CF910895CF93DF9300D0CDB7DEB79A8386
:10733000898389819A819093B9028093B802000071
:107340000F900F90DF91CF910895CF93DF93CDB73A
:10735000DEB70000DF91CF910895CF93DF9300D087
:10736000CDB7DEB79A83898389819A81FC01118226
:10737000108229813A8189819A81FC013383228399
:1073800000000F900F90DF91CF910895CF93DF937E
:1073900000D000D0CDB7DEB79A8389837C836B831E
:1073A0008B819C81FC011182108289819A81FC0170
:1073B000828193812B813C81FC01318320832B814D
:1073C0003C8189819A81FC013383228300000F90E4
:1073D0000F900F900F90DF91CF910895CF93DF938F
:1073E00000D000D0CDB7DEB79A8389837C836B83CE
:1073F00089819A81FC01208131818B819C81FC01F2
:107400003183208389819A81FC0180819181892B3C
:10741000D9F089819A81FC0180819181FC012081D0
:10742000318189819A81FC013183208389819A810C
:10743000FC0180819181892B39F429813A818981EC
:107440009A81FC013383228300000F900F900F90EC
:107450000F90DF91CF910895CF93DF9300D000D0AC
:10746000CDB7DEB79A8389837C836B8389819A81C8
:10747000FC01208131818B819C81FC01318320833F
:1074800089819A81FC0180819181892B39F42B813A
:107490003C8189819A81FC013383228389819A818D
:1074A0002B813C81FC013183208300000F900F90E1
:1074B0000F900F90DF91CF910895CF93DF9300D07D
:1074C000CDB7DEB79A83898389819A8146DF000030
:1074D0000F900F90DF91CF910895CF93DF9300D05D
:1074E00000D0CDB7DEB71C821B821A821982F894B5
:1074F0001A8219821DC089819A81880F991F880F6D
:10750000991F86549D4F9E012D5F3F4FB90166DF45
:107510008B819C81892B19F08B819C818BD68B81EF
:107520009C81892B41F789819A8101969A8389836D
:1075300089819A810297F8F2789400000F900F9059
:107540000F900F90DF91CF910895CF93DF9300D0EC
:1075500000D0CDB7DEB71C821B821A821982F89444
:107560001A8219821DC089819A81880F991F880FFC
:10757000991F8E539D4F9E012D5F3F4FB9012EDF06
:107580008B819C81892B19F08B819C8153D68B81B7
:107590009C81892B41F789819A8101969A838983FD
:1075A00089819A8118161906F4F6789400000F90D4
:1075B0000F900F900F90DF91CF910895CF93DF93AD
:1075C000CDB7DEB72C970FB6F894DEBF0FBECDBF98
:1075D0009A8789877C876B871C821B821A82198213
:1075E0008091C602882319F084EF9FEF69C01A8248
:1075F00019820EC089819A81880F991F880F991F5F
:1076000086549D4FAADE89819A8101969A83898347
:1076100089819A81029770F31A8219820EC089813A
:107620009A81880F991F880F991F8E539D4F95DE61
:1076300089819A8101969A83898389819A81892B8C
:1076400071F3F6D39C838B838B819C81892B19F0FA
:107650008B819C8135C0D0D29E838D838D819E810C
:1076600060E070E070D298878F838F81988543E2C5
:1076700051E062E070E0DDD69C838B838B819C813E
:10768000892B19F08B819C811BC0809123019091E3
:1076900024010E942D4D2B853C8589859A85B90151
:1076A0000E94EE499C838B838B819C81892B19F0EE
:1076B0008B819C8105C081E08093C6028B819C8177
:1076C0002C960FB6F894DEBF0FBECDBFDF91CF91E1
:1076D0000895CF93DF9300D000D0CDB7DEB79A8363
:1076E00089837C836B8381E00F900F900F900F90C4
:1076F000DF91CF910895CF93DF9300D000D0CDB725
:10770000DEB79A8389837C836B8380E090E00F905F
:107710000F900F900F90DF91CF910895EF92FF920D
:107720000F931F93CF93DF93CDB7DEB766970FB656
:10773000F894DEBF0FBECDBF9C878B877E876D8799
:10774000588B4F873A8B298B1C8B0B8BFE8AED8ACB
:107750001A8219821C821B821E821D821A86198639
:1077600018861F828B859C85019659F08B859C8598
:10777000992324F08B859C8502971CF08FEF9FEF57
:1077800065C08F859889892B19F48FEF9FEF5EC0B4
:10779000C1D19C018B899C898217930719F08FEFC7
:1077A0009FEF54C08D899E89892B19F48FEF9FEF2D
:1077B0004DC02B893C898D899E89820F931F298911
:1077C0003A892817390718F48FEF9FEF3FC080914F
:1077D000C602882319F487EF9FEF38C08F859889F8
:1077E0009A8389838F85988904969C838B83898962
:1077F0009A8904979E838D83F8942D893E89AE01E2
:10780000475F5F4F6D817E818B819C810E94E44B3D
:1078100098878F838F819885892BA1F429853A8554
:1078200089819A81FC01338322838B859C85880F13
:10783000991F880F991F86549D4F29813A81B9015C
:10784000A5DD01C0000078948F81988566960FB6FB
:10785000F894DEBF0FBECDBFDF91CF911F910F9186
:10786000FF90EF900895CF93DF93CDB7DEB72897C1
:107870000FB6F894DEBF0FBECDBF1A8219821E82EA
:107880001D8218861F8281E090E09C838B8380910B
:10789000C602882319F487EF9FEF53C0F8948B81B9
:1078A0009C81880F991F880F991F86549D4F9E01B8
:1078B000295F3F4FB90192DD78948F819885892B9C
:1078C00089F4F8941C821B828B819C81880F991FFC
:1078D000880F991F86549D4F9E01295F3F4FB90124
:1078E0007DDD78948F819885892B29F18F8198850A
:1078F000FC01828193819E838D838F8198852D8168
:107900003E81A90164E070E00E94284A9A8389833D
:1079100089819A81892B99F0F8942F8138858B8100
:107920009C81880F991F880F991F86549D4FB9011C
:1079300093DD789404C08EEF9FEF9A8389838981C9
:107940009A8128960FB6F894DEBF0FBECDBFDF91A7
:10795000CF910895CF93DF9300D000D000D0CDB762
:10796000DEB71A8219821C821B821E821D828091C0
:10797000C602882319F487EF9FEF21C09E012D5F77
:107980003F4FCE010596A90164E070E00E94FD4AD8
:107990009A83898389819A81892B79F48D819E814B
:1079A0002B813C81FC0133832283F8948D819E815D
:1079B000BC0182EC92E0EADC789489819A81269677
:1079C0000FB6F894DEBF0FBECDBFDF91CF91089503
:1079D0000F931F93CF93DF93CDB7DEB762970FB6A8
:1079E000F894DEBF0FBECDBF9A8789877C876B87EF
:1079F0005E874D87388B2F871A8B098B18861F82DD
:107A00001A8219821C821B821E821D8289859A8598
:107A100099232CF089859A85181619061CF48FEF86
:107A20009FEF6DC08B859C85892B19F48FEF9FEF9D
:107A300066C08D859E85892B19F48FEF9FEF5FC0FF
:107A40008F859889892B19F48FEF9FEF58C089890A
:107A50009A89892B19F48FEF9FEF51C08091C6024C
:107A6000882319F487EF9FEF4AC0F89489859A8597
:107A7000880F991F880F991F8E539D4F9E01295F74
:107A80003F4FB901ABDC78948F819885892B19F42D
:107A90008EEF9FEF34C08F81988504969A838983F7
:107AA0008F819885FC01828193819C838B83498996
:107AB0005A892B813C8189819A81B9010E94384C75
:107AC0009E838D832F8138858B859C85FC01318336
:107AD00020838F819885FC01828193819C012C5F9A
:107AE0003F4F8D859E85FC013183208313D09C01FF
:107AF0008F859889FC01318320838D819E816296D8
:107B00000FB6F894DEBF0FBECDBFDF91CF911F91AE
:107B10000F910895CF93DF9300D0CDB7DEB784E007
:107B200090E09A8389830E94F44C9C0189819A8118
:107B3000820F931F9A83898389819A810F900F9076
:107B4000DF91CF910895CF93DF93CDB7DEB728971C
:107B50000FB6F894DEBF0FBECDBF9E838D837887AE
:107B60006F831A8219821C821B828F819885892BD0
:107B700019F40E940F4D02C00E94064D9C838B8316
:107B80002D813E818B819C818217930718F480E0C0
:107B900090E020C084E090E09A8389830E94F44CB6
:107BA0009C0189819A81820F931F9A8389832981FD
:107BB0003A818D819E81820F931F9A8389830E94CF
:107BC000FD4C9C0189819A81820F931F9A8389833E
:107BD00089819A8128960FB6F894DEBF0FBECDBF7B
:107BE000DF91CF910895CF93DF93CDB7DEB70E9499
:107BF000064DDF91CF910895CF93DF93CDB7DEB7D8
:107C00000E940F4DDF91CF910895CF93DF9300D065
:107C1000CDB7DEB71A8219820E94184D9A838983E4
:107C200089819A81892B19F089819A8104C055DC58
:107C30008CDC89819A810F900F90DF91CF9108950C
:107C4000CF93DF9300D0CDB7DEB71A8219820E949E
:107C5000184D9A83898389819A81892B19F08981AA
:107C60009A8103C03ADC89819A810F900F90DF914D
:107C7000CF910895CF93DF93CDB7DEB780912301E5
:107C800090912401DF91CF910895CF93DF9300D09D
:107C900000D0CDB7DEB71C821B821A821982809178
:107CA000C602882319F480E090E04CC00E94404D49
:107CB0009C838B838B819C81892B19F08B819C8188
:107CC00041C00BDC42DC809123019091240153D50B
:107CD0000E9469469C838B838B819C81892B19F040
:107CE0008B819C812FC01A8219820EC089819A8152
:107CF000880F991F880F991F86549D4FDEDB89815D
:107D00009A8101969A83898389819A81029774F373
:107D10001A8219820EC089819A81880F991F880F53
:107D2000991F8E539D4FC9DB89819A8101969A8351
:107D3000898389819A81181619066CF71092C602F8
:107D40008B819C810F900F900F900F90DF91CF91BE
:107D50000895CF93DF93CDB7DEB72E970FB6F89483
:107D6000DEBF0FBECDBF9A8789877C876B875E8712
:107D70004D8789859A85892B09F450C01A8219820A
:107D80008B859C859C012F5F3F4F4D855E85429F73
:107D9000C001439F900D529F900D11249E838D83AF
:107DA0002D813E8189859A85A90160E070E00E945D
:107DB000B1641C821B822BC089859A8598878F832A
:107DC0008F819885FC01128211828F8198852FEF17
:107DD000FC01208389819A81892B39F089819A81DC
:107DE0002F813885FC01328321838B859C85019608
:107DF00029853A85820F931F9A8789878F81988575
:107E00009A8389838B819C8101969C838B832B81B0
:107E10003C818D859E852817390770F200002E96CB
:107E20000FB6F894DEBF0FBECDBFDF91CF9108959E
:107E3000CF93DF9300D000D000D01F92CDB7DEB734
:107E40008DEF92E003968C7F9B838A8343E050E022
:107E50006BE271E085E291E00E94DC481982A5C0E6
:107E60008981882F90E0880F991F855D9E4FFC01C6
:107E7000808191819D838C838981882F90E0880FF8
:107E8000991F8B5D9E4FFC01808191819F838E8322
:107E90008981282F30E0C901880F991F880F991F09
:107EA000820F931F880F991F89539D4F2A813B8111
:107EB000FC01318320838981282F30E0C901880F9C
:107EC000991F880F991F820F931F880F991F855341
:107ED0009D4F2C813D81FC01318320838981282F96
:107EE00030E0C901880F991F880F991F820F931FD7
:107EF000880F991F87539D4F2C813D81FC01318351
:107F000020838981282F30E0C901880F991F880FAD
:107F1000991F820F931F880F991F83539D4F2E81A6
:107F20003F81FC01318320838E819F81BC016F5F83
:107F30007F4F8981282F30E08C819D81689FA0012F
:107F4000699F500D789F500D1124C901880F991F0A
:107F5000880F991F820F931F880F991F81539D4F80
:107F6000FC01518340834C815D812E813F818A8158
:107F70009B81B901EEDE8981282F30E0C901880F8D
:107F8000991F880F991F820F931F880F991F815384
:107F90009D4FFC01808191812A813B81820F931F3B
:107FA0009B838A8389818F5F89838981833008F4E9
:107FB00057CF4BE251E060E070E083E793E00E942E
:107FC000B16410929F0410929E0483E0898358C08C
:107FD0008981282F30E0C901880F991F880F991FC8
:107FE000820F931F880F991F89539D4FFC011182A7
:107FF00010828981282F30E0C901880F991F880FCE
:10800000991F820F931F880F991F85539D4FFC0165
:10801000118210828981282F30E0C901880F991FB1
:10802000880F991F820F931F880F991F87539D4FA9
:10803000FC01118210828981282F30E0C901880F4C
:10804000991F880F991F820F931F880F991F8353C1
:108050009D4FFC01118210828981282F30E0C901D7
:10806000880F991F880F991F820F931F880F991FE0
:1080700081539D4FFC011182108289818F5F89831A
:108080008981853008F4A4CF19821BC08981882F8B
:1080900090E0880F991F880F991F87509D4FFC0112
:1080A000118210828981882F90E0880F991F880F94
:1080B000991F85509D4FFC011182108289818F5F2D
:1080C00089838981882311F380E090E027960FB699
:1080D000F894DEBF0FBECDBFDF91CF910895CF934F
:1080E000DF9300D000D000D01F92CDB7DEB79F83C2
:1080F0008E831D821C821B821A828E819F81892B16
:1081000019F480E090E08DC0F89419823DC0898117
:10811000882F90E0880F991F8B5D9E4FFC01808116
:1081200091819D838C832E813F818C819D818217DB
:10813000930738F18981282F30E0C901880F991FF2
:10814000880F991F820F931F880F991F87539D4F88
:10815000FC0180819181892BA1F08981282F30E059
:10816000C901880F991F880F991F820F931F880FCD
:10817000991F89539D4FFC01808191819B838A8344
:1081800007C089818F5F89838981833008F4BFCFDD
:108190008A819B81892B21F4789480E090E041C012
:1081A0008981282F30E08A819B81FC0141815281A5
:1081B000C901880F991F880F991F820F931F880F7D
:1081C000991F89539D4FFC01518340838981282F3A
:1081D00030E0C901880F991F880F991F820F931FE4
:1081E000880F991F87539D4FFC0180819181AC01BD
:1081F00041505109C901880F991F880F991F820F9B
:10820000931F880F991F87539D4FFC015183408313
:108210008A819B812981FC01208378948A819B81BA
:10822000019627960FB6F894DEBF0FBECDBFDF9143
:10823000CF910895CF93DF9300D000D01F92CDB798
:10824000DEB79D838C838C819D81892B09F4E9C0E5
:108250008C819D8101979A83898389819A81FC0110
:1082600080818B838B81853038F18B81863020F53E
:108270008B8185508B838B81882F90E0880F991F8D
:10828000880F991F85509D4FFC0180819181892B1A
:1082900009F4C4C08B81882F90E0880F991F880F44
:1082A000991F85509D4FFC01208131818C819D81DA
:1082B0000197F9010995B2C08B818F3F09F4B0C0D5
:1082C0008B81853008F0ACC08B81833008F053C0BF
:1082D000F89489819A812FEFFC0120838B81282FCC
:1082E00030E0C901880F991F880F991F820F931FD3
:1082F000880F991F89539D4FFC012081318189810D
:108300009A81FC01328321838B81282F30E0C901BF
:10831000880F991F880F991F820F931F880F991F2D
:1083200089539D4F29813A81FC01318320838B81C0
:10833000282F30E0C901880F991F880F991F820FDD
:10834000931F880F991F87539D4FFC018081918156
:10835000AC014F5F5F4FC901880F991F880F991FAC
:10836000820F931F880F991F87539D4FFC015183E4
:108370004083789456C0F89489819A812FEFFC014C
:1083800020838B81282F30E0C901880F991F880F27
:10839000991F820F931F880F991F89539D4FFC01CE
:1083A0002081318189819A81FC01328321838B81F3
:1083B000282F30E0C901880F991F880F991F820F5D
:1083C000931F880F991F89539D4F29813A81FC0182
:1083D000318320838B81282F30E0C901880F991FBA
:1083E000880F991F820F931F880F991F87539D4FE6
:1083F000FC0180819181AC014F5F5F4FC901880F03
:10840000991F880F991F820F931F880F991F8753F9
:108410009D4FFC0151834083789403C0000001C04C
:1084200000000F900F900F900F900F90DF91CF9161
:108430000895CF93DF93CDB7DEB72F970FB6F8949B
:10844000DEBF0FBECDBF9B878A877D876C875F8726
:108450004E8783E793E003968C7F9B838A831D82FC
:108460001C828FEF9FEF9F838E838E859F85892B44
:1084700041F08A859B85892B21F08C859D85892BF0
:1084800019F48FEF9FEF6EC18A859B8503968C7FD1
:108490009B878A878A859B859C012F5F3F4F4C85F0
:1084A0005D85429FC001439F900D529F900D112406
:1084B00099878887F89483E089833CC18981282F34
:1084C00030E0C901880F991F880F991F820F931FF1
:1084D000880F991F89539D4FFC0180819181892BC1
:1084E00009F00EC18981282F30E0C901880F991F3A
:1084F000880F991F820F931F880F991F81539D4FDB
:10850000FC0180819181892B09F089C080919E04B2
:1085100090919F0428E231E0A901481B590BCA0140
:10852000288539858217930708F409C18981282F86
:1085300030E0C901880F991F880F991F820F931F80
:10854000880F991F89539D4F2A813B81FC013183FC
:1085500020838981282F30E0C901880F991F880F57
:10856000991F820F931F880F991F85539D4F2C854C
:108570003D85FC01318320838981282F30E0C901AA
:10858000880F991F880F991F820F931F880F991FBB
:1085900087539D4F2C853D85FC0131832083898144
:1085A000282F30E0C901880F991F880F991F820F6B
:1085B000931F880F991F83539D4F2A853B85FC018C
:1085C000318320838981282F30E0C901880F991FCA
:1085D000880F991F820F931F880F991F81539D4FFA
:1085E00028853985FC01318320834C855D852A856A
:1085F0003B858A819B81B901ACDB20919E0430913F
:108600009F0488859985820F931F90939F04809380
:108610009E048981882F90E09F838E8390C08981FA
:10862000282F30E0C901880F991F880F991F820FEA
:10863000931F880F991F81539D4FFC018081918169
:10864000288539858217930708F45AC08981282F15
:1086500030E0C901880F991F880F991F820F931F5F
:10866000880F991F89539D4F2A813B81FC013183DB
:1086700020838981282F30E0C901880F991F880F36
:10868000991F820F931F880F991F85539D4F2C852B
:108690003D85FC01318320838981282F30E0C90189
:1086A000880F991F880F991F820F931F880F991F9A
:1086B00087539D4F2C853D85FC0131832083898123
:1086C000282F30E0C901880F991F880F991F820F4A
:1086D000931F880F991F83539D4F2A853B85FC016B
:1086E000318320834C855D852A853B858A819B81EA
:1086F000B9012FDB8981882F90E09F838E8320C072
:108700008981282F30E0C901880F991F880F991F90
:10871000820F931F880F991F81539D4FFC01808109
:1087200091812A813B81820F931F9B838A83898158
:108730008F5F89838981853008F4C0CE01C0000035
:1087400078948E819F81019621F486EF9FEF9D831F
:108750008C838E859F852E813F81FC013183208310
:108760008C819D812F960FB6F894DEBF0FBECDBFD2
:10877000DF91CF910895CF93DF9300D000D0CDB794
:10878000DEB79C838B8381E08A838B819C810397F6
:1087900024F08B819C8105971CF08FEF9FEFDDC04B
:1087A000F89484E089832BC08981282F30E0C901A7
:1087B000880F991F880F991F820F931F880F991F89
:1087C00089539D4FFC0180819181892B99F4898186
:1087D000282F30E0C901880F991F880F991F820F39
:1087E000931F880F991F81539D4FFC0180819181B8
:1087F000892B11F01A820BC089818150898389816C
:10880000882F90E02B813C81281739076CF22B814F
:108810003C81C901880F991F880F991F820F931FF0
:10882000880F991F89539D4FFC01118210822B8163
:108830003C81C901880F991F880F991F820F931FD0
:10884000880F991F85539D4FFC01118210822B8147
:108850003C81C901880F991F880F991F820F931FB0
:10886000880F991F87539D4FFC01118210822B8125
:108870003C81C901880F991F880F991F820F931F90
:10888000880F991F83539D4FFC01118210828A81AA
:10889000882309F45FC083E0898358C08981282F29
:1088A00030E0C901880F991F880F991F820F931F0D
:1088B000880F991F89539D4FFC0180819181892BDD
:1088C00009F041C08981282F30E0C901880F991F24
:1088D000880F991F820F931F880F991F81539D4FF7
:1088E000FC0180819181892B71F140919E0450910E
:1088F0009F048981282F30E0C901880F991F880FB4
:10890000991F820F931F880F991F81539D4FFC0160
:10891000808191819A01281B390BC90190939F0492
:1089200080939E048981282F30E0C901880F991F08
:10893000880F991F820F931F880F991F81539D4F96
:10894000FC011182108289818F5F89838981853042
:1089500008F4A4CF789480E090E00F900F900F90EF
:108960000F90DF91CF910895CF93DF93CDB7DEB70E
:108970002B970FB6F894DEBF0FBECDBF9F838E83BB
:10898000798768875B874A871A8219828FEF9FEF02
:108990009D838C838A859B85892B41F08E819F8165
:1089A000892B21F088859985892B19F48FEF9FEF0A
:1089B0005BC0F8941B8242C08B81882F90E0880FA7
:1089C000991F880F991F87509D4FFC0180819181CD
:1089D000892B89F58B81882F90E0880F991F880F4C
:1089E000991F85509D4FFC0180819181892B19F53C
:1089F0008B81882F90E005969D838C838B81882FB7
:108A000090E0880F991F880F991F87509D4F2E81E6
:108A10003F81FC01318320838B81882F90E0880F78
:108A2000991F880F991F85509D4F28853985FC0116
:108A30003183208307C08B818F5F8B838B81882359
:108A400009F4BACF78948C819D81019621F486EF48
:108A50009FEF9A8389838A859B852C813D81FC01C8
:108A60003183208389819A812B960FB6F894DEBFDB
:108A70000FBECDBFDF91CF910895CF93DF9300D08C
:108A8000CDB7DEB79A83898389819A81059724F0CF
:108A900089819A8106971CF08FEF9FEF1CC0F89494
:108AA00089819A810597880F991F880F991F875090
:108AB0009D4FFC011182108289819A810597880F50
:108AC000991F880F991F85509D4FFC0111821082BC
:108AD000789480E090E00F900F90DF91CF9108950F
:108AE000CF93DF9300D000D000D0CDB7DEB79C830A
:108AF0008B837E836D831A8219828D819E81892B5F
:108B000019F480E090E0DCC08B819C810597C4F172
:108B10008B819C810697A4F58B819C810597880F9A
:108B2000991F880F991F87509D4FFC01808191816B
:108B3000892B19F18B819C810597880F991F880FCC
:108B4000991F87509D4FFC01208131818D819E812D
:108B50000196F90109959A83898389819A81892BE4
:108B600019F480E090E0ACC02B8189819A81FC01EE
:108B7000208389819A810196A3C080E090E0A0C003
:108B80008B819C8103975CF18B819C8105973CF5DF
:108B90002B813C81C901880F991F880F991F820F73
:108BA000931F880F991F89539D4FFC0180819181EC
:108BB000892BA9F02B813C81C901880F991F880F4F
:108BC000991F820F931F880F991F83539D4FFC019C
:108BD000808191812D813E818217930718F480E076
:108BE00090E06EC0F8942B813C81C901880F991FD9
:108BF000880F991F820F931F880F991F87539D4FCE
:108C0000FC0180819181892B91F02B813C81C901EC
:108C1000880F991F880F991F820F931F880F991F24
:108C200089539D4FFC01808191819A838983898139
:108C30009A81892B21F4789480E090E041C0898169
:108C40009A81FC01418152812B813C81C901880FAD
:108C5000991F880F991F820F931F880F991F89539F
:108C60009D4FFC01518340832B813C81C901880FBA
:108C7000991F880F991F820F931F880F991F875381
:108C80009D4FFC0180819181AC01415051092B81A4
:108C90003C81C901880F991F880F991F820F931F6C
:108CA000880F991F87539D4FFC01518340832B816F
:108CB00089819A81FC012083789489819A81019627
:108CC00026960FB6F894DEBF0FBECDBFDF91CF91D1
:108CD0000895CF93DF93CDB7DEB746E750E060E06D
:108CE00070E08DEF92E00E94B1644BE251E060E0F1
:108CF00070E083E793E00E94B16410929F041092A9
:108D00009E0442E350E060E070E087EC92E00E9455
:108D1000B16444E050E060E070E089EF92E00E94CE
:108D2000B16480E090E0DF91CF910895CF93DF931D
:108D300000D000D000D0CDB7DEB79C838B837E837C
:108D40006D831A82198280913101909132010196CE
:108D500019F084EF9FEF1CC02D813E818B819C8197
:108D6000B901B1D7909332018093310180913101E3
:108D700090913201992354F48FEF9FEF9093320139
:108D80008093310184EF9FEF9A83898389819A814F
:108D900026960FB6F894DEBF0FBECDBFDF91CF9100
:108DA0000895CF93DF9300D000D0CDB7DEB79C837A
:108DB0008B831A8219828B819C81892B39F08B815C
:108DC0009C81019719F08FEF9FEF0BC021E08B8101
:108DD0009C81019709F020E0822F8093A004898173
:108DE0009A810F900F900F900F90DF91CF9108957F
:108DF000CF93DF93CDB7DEB763970FB6F894DEBF9E
:108E00000FBECDBF998B888B7B8B6A8B1B861A8696
:108E10001A8219821F861E861C821B821D821E8258
:108E20001F8218861D861C86198688899989892B38
:108E300019F48FEF9FEFABC08A899B89892B19F4B6
:108E40008FEF9FEFA4C08091310190913201019684
:108E500009F097C087EF9FEF9AC0288939898B81E5
:108E60009C81820F931F9D878C872A893B898B81E8
:108E70009C81A901481B590B8091310190913201CD
:108E80009E01225F3F4F6C857D8553D79B878A87E4
:108E90008A859B85892B09F05BC08E859F85892BF0
:108EA00069F48B819C81892B49F48091A0048823EB
:108EB00029F48AEF9FEF9A8389834EC08E859F8520
:108EC0002B813C81820F931F9C838B8341E02B81FC
:108ED0003C818A899B892817390708F440E0498733
:108EE00089858823C9F520E834E84EE150E08D817A
:108EF0009E81AF81B88582179307A407B50728F034
:108F000081EF9FEF9A83898327C08AE090E0A0E0F9
:108F1000B0E028EE33E040E050E0BC01CD010E941B
:108F20003464DA01C901BC01CD010E943F5D2AE031
:108F300030E040E050E08D819E81AF81B885820FA6
:108F4000931FA41FB51F8D839E83AF83B88704C072
:108F500084EF9FEF9A8389838985882361F48981CF
:108F60009A81069641F089819A810C9621F0898137
:108F70009A810F9619F481E090E002C080E090E0C1
:108F800089878985882309F468CF89819A816396C6
:108F90000FB6F894DEBF0FBECDBFDF91CF9108951D
:108FA000CF93DF93CDB7DEB763970FB6F894DEBFEC
:108FB0000FBECDBF998B888B7B8B6A8B1B861A86E5
:108FC0001A8219821C821B821F861E861D821E82A7
:108FD0001F8218861D861C86198688899989892B87
:108FE00019F48FEF9FEFABC08A899B89892B19F405
:108FF0008FEF9FEFA4C080913101909132010196D3
:1090000009F097C087EF9FEF9AC0288939898B8133
:109010009C81820F931F9D878C872A893B898B8136
:109020009C81A901481B590B80913101909132011B
:109030009E01225F3F4F6C857D85B0D69B878A87D6
:109040008A859B85892B09F05BC08E859F85892B3E
:1090500069F48B819C81892B49F48091A004882339
:1090600029F48EEF9FEF9A8389834EC08E859F856A
:109070002B813C81820F931F9C838B8341E02B814A
:109080003C818A899B892817390708F440E0498781
:1090900089858823C9F520E432E44FE050E08D81D2
:1090A0009E81AF81B88582179307A407B50728F082
:1090B00082EF9FEF9A83898327C08AE090E0A0E047
:1090C000B0E028EE33E040E050E0BC01CD010E946A
:1090D0003464DA01C901BC01CD010E943F5D2AE080
:1090E00030E040E050E08D819E81AF81B885820FF5
:1090F000931FA41FB51F8D839E83AF83B88704C0C1
:1091000084EF9FEF9A8389838985882361F489811D
:109110009A81029641F089819A810C9621F0898189
:109120009A810E9619F481E090E002C080E090E010
:1091300089878985882309F468CF89819A81639614
:109140000FB6F894DEBF0FBECDBFDF91CF9108956B
:10915000CF93DF9300D000D0CDB7DEB71C821B8247
:109160001A8219828091310190913201019619F48D
:1091700080E090E01AC0809131019091320198D640
:109180009C838B838B819C81892B49F48FEF9FEF8C
:1091900090933201809331011A82198204C084EFC6
:1091A0009FEF9A83898389819A810F900F900F9006
:1091B0000F90DF91CF910895CF93DF93CDB7DEB7B6
:1091C0002D970FB6F894DEBF0FBECDBF9987888765
:1091D0007B876A875D874C8721E08C859D85892BFD
:1091E00009F020E029831B821A8293C081E08983E1
:1091F0001B821A8285C08A819B810196880F991FE4
:1092000028853985820F931FFC01208131818A8155
:109210009B81880F991F48855985840F951FFC01F4
:10922000808191812817390708F065C08A819B8168
:10923000880F991F28853985820F931FFC01808133
:1092400091819D838C838A819B81880F991F2A85B8
:109250003B85820F931FFC01808191819F838E83C8
:1092600019828A819B810196880F991F2A853B85E7
:10927000280F391F8A819B81880F991F4A855B853A
:10928000840F951FF90120813181FC0131832083F6
:109290008A819B810196880F991F2A853B85820FC1
:1092A000931F2E813F81FC01318320838A819B8122
:1092B0000196880F991F28853985280F391F8A81C3
:1092C0009B81880F991F48855985840F951FF90147
:1092D00020813181FC01318320838A819B81019629
:1092E000880F991F28853985820F931F2C813D8116
:1092F000FC01318320838A819B8101969B838A8331
:109300008C859D8501972A813B812817390708F4B0
:1093100072CF8981882309F469CF00002D960FB69A
:10932000F894DEBF0FBECDBFDF91CF910895CF93EC
:10933000DF9300D0CDB7DEB79A83898389819A8184
:109340000F900F90DF91CF910895CF93DF9300D0CE
:10935000CDB7DEB79A83898389819A81E8DF0F9040
:109360000F90DF91CF910895CF93DF93CDB7DEB704
:1093700028970FB6F894DEBF0FBECDBF9E838D83B6
:1093800078876F838D819E819A8389831C821B825B
:1093900011C089819A819C012F5F3F4F3A832983B5
:1093A000FC018081882F90E02B813C81820F931FEC
:1093B0009C838B838F8198859C012150310938874C
:1093C0002F83892B31F78B819C8128960FB6F894D7
:1093D000DEBF0FBECDBFDF91CF910895CF93DF9356
:1093E00000D000D000D0CDB7DEB79C838B837E83C6
:1093F0006D831A8219828091A704882319F084EF63
:109400009FEF1DC02D813E818B819C81B9018EDC37
:109410009A83898389819A81892B79F41092A20495
:109420001092A1041092A4041092A3041092A60416
:109430001092A50481E08093A70489819A812696E1
:109440000FB6F894DEBF0FBECDBFDF91CF91089568
:10945000CF93DF93CDB7DEB762970FB6F894DEBF38
:109460000FBECDBF9E878D87788B6F875A8B498BB8
:109470001C821B821E821D8218861F821A821982FC
:109480008D859E85892B19F48FEF9FEFADC089895B
:109490009A89069718F48FEF9FEFA6C08091A704D2
:1094A000882319F487EF9FEF9FC02D853E858F8518
:1094B0009889820F931F9C838B838B819C819E83D1
:1094C0008D838D819E81FC01808191813EDF988713
:1094D0008F838F819885892B41F08F81988506969F
:1094E00029893A892817390718F489EF9FEF7CC03A
:1094F0008091A1049091A2041ADF9C018D819E812C
:10950000FC01338322838F81988504962D813E81CF
:10951000820F931F9A8789878F8198859C012C5F82
:109520003F4F8D819E81B9011FDF01DF9C878B87B3
:1095300089859A852B853C85FC01318320838B812D
:109540009C8164E070E054DC9A83898389819A81EC
:10955000892B19F089819A8147C08B819C8104965F
:109560009C838B8381E090E01CDC2F8138858B818C
:109570009C81B9013DDC9A83898389819A81892BF9
:1095800049F52B813C818F819885820F931F9C83A5
:109590008B838B819C8162E070E02ADC9A838983D3
:1095A00089819A81892BC1F489819A81892B21F43F
:1095B0008D859E850E941A4189819A81069671F057
:1095C0008091A1049091A20401969093A2048093AB
:1095D000A10405C0000003C0000001C0000080E03D
:1095E00090E0DFDB89819A8162960FB6F894DEBF46
:1095F0000FBECDBFDF91CF910895CF93DF93CDB74D
:10960000DEB762970FB6F894DEBF0FBECDBF9E8760
:109610008D87788B6F875A8B498B1A8219821C82AF
:109620001B828D859E85892B19F48FEF9FEFC3C018
:1096300089899A89892B19F48FEF9FEFBCC080919B
:10964000A704882319F487EF9FEFB5C0CE010996D0
:1096500064E070E0A5DC9A83898389819A81892BF3
:1096600019F089819A81A7C089859A856EDE9C83CD
:109670008B838B819C81892B39F489EF9FEF9A83AF
:10968000898389819A8197C02F8538898B819C81B4
:10969000820F931F9C012A5F3F4F8091330190916D
:1096A0003401B9011DDA9E838D838D819E81892BC2
:1096B00039F486EF9FEF9A83898389819A817BC0F1
:1096C0008D819E8198878F832F8538898F8198859A
:1096D000A90160E070E00E94B1642F8138858F8518
:1096E0009889820F931F98878F832F81388589856A
:1096F0009A85AB85BC85F90180839183A283B3836E
:109700008F819885049698878F8381E090E049DB6C
:109710002B813C818F819885B90142DC9A838983B2
:1097200089819A81892B29F089EF9FEF9A83898318
:109730002FC02F8138858B819C81820F931F988742
:109740008F838F81988562E070E02ADC9A83898319
:1097500089819A81892B29F089EF9FEF9A838983E8
:1097600017C080E090E01DDB8D859E852D813E81B8
:10977000FC01318320838B819C819C012A5F3F4FB8
:1097800089899A89FC013183208389819A8113C058
:1097900080E090E006DB8D859E85FC0111821082C1
:1097A00089899A89FC01118210828D819E810E9493
:1097B0001A4189819A8162960FB6F894DEBF0FBE76
:1097C000CDBFDF91CF910895CF93DF93CDB7DEB7B3
:1097D0002A970FB6F894DEBF0FBECDBF9C838B8354
:1097E0007E836D8358874F833A8729878B819C813D
:1097F0009A8389838B819C81892B19F48FEF9FEF4A
:109800002EC08F819885892B19F48FEF9FEF27C089
:1098100089859A85892B19F48FEF9FEF20C0898560
:109820009A8506962D813E812817390718F48FEF07
:109830009FEF15C089859A857ADD9C0189819A817F
:10984000FC013183208389859A859C012A5F3F4FE3
:109850008F819885FC013183208380E090E02A96F7
:109860000FB6F894DEBF0FBECDBFDF91CF91089544
:10987000CF93DF93CDB7DEB762970FB6F894DEBF14
:109880000FBECDBF9E878D87788B6F875A8B498B94
:109890008D859E859C838B831E821D8218861F82E8
:1098A0001C861B861A8219828D859E85892B19F448
:1098B0008FEF9FEF90C089899A89892B19F48FEFD8
:1098C0009FEF89C08F859889059718F48FEF9FEFD8
:1098D00082C08091A704882319F487EF9FEF7BC093
:1098E0008B819C81FC01808191812FDD9E838D8302
:1098F0008B819C81FC018281938127DD98878F83F6
:109900008D819E8106962F8538892817390719F091
:1099100089EF9FEF60C08091A5049091A604892BE8
:1099200039F481E090E09093A6048093A5041DC0D3
:109930008091A3049091A40401962F813885281763
:10994000390728F48CEF9FEF9A8389830EC08091AA
:10995000A3049091A40401962F8138858217930760
:1099600020F48BEF9FEF9A8389838F819885909362
:10997000A4048093A3048D819E8104962D853E8549
:10998000820F931F9A87898789859A85FC01808138
:1099900091819C878B878B859C85D7DC9C878B8767
:1099A0008D819E819C012C5F3F4F8B819C81B901F1
:1099B000DBDC9C018B859C852817390719F083EF28
:1099C0009FEF09C089899A892D813E81FC013183ED
:1099D000208389819A8162960FB6F894DEBF0FBE0C
:1099E000CDBFDF91CF910895CF93DF93CDB7DEB791
:1099F00084E090E0DF91CF910895CF93DF93CDB7CE
:109A0000DEB782E090E0DF91CF910895CF93DF93AE
:109A1000CDB7DEB78CEF9FEFDF91CF910895CF9355
:109A2000DF93CDB7DEB780E290E0DF91CF9108956C
:109A3000CF93DF93CDB7DEB71092A2041092A104AA
:109A40001092A4041092A3041092A6041092A504EC
:109A500080E090E0DF91CF910895CF93DF9300D025
:109A6000CDB7DEB79A83898389819A819093340137
:109A70008093330100000F900F90DF91CF910895F4
:109A8000CF93DF9300D0CDB7DEB71A8219828091D1
:109A9000A704882319F480E090E017C059DB9A836B
:109AA000898389819A81892B71F41092A204109282
:109AB000A1041092A4041092A3041092A604109280
:109AC000A5041092A70489819A810F900F90DF91CD
:109AD000CF910895CF93DF9300D000D0CDB7DEB7FC
:109AE0009A8389837C836B8389819A81892B71F026
:109AF0008B819C81892B51F089819A81FC01118293
:109B000010828B819C81FC011182108200000F90D9
:109B10000F900F900F90DF91CF910895CF93DF9327
:109B200000D000D0CDB7DEB79A8389837C836B8366
:109B300089819A81892B71F08B819C81892B51F0CD
:109B400089819A81FC01118210828B819C81FC01A8
:109B50001182108200000F900F900F900F90DF91F4
:109B6000CF910895CF93DF93CDB7DEB726E030E0F5
:109B700040E855E260E070E080E090E00E945C0226
:109B80000000DF91CF910895CF93DF93CDB7DEB77B
:109B90000000DF91CF910895CF93DF931F92CDB74F
:109BA000DEB7198289810F90DF91CF910895EF92EE
:109BB000FF920F931F93CF93DF9300D000D01F929B
:109BC000CDB7DEB719820E94E05CDC01CB01809347
:109BD000AC049093AD04A093AE04B093AF04209175
:109BE000AC043091AD044091AE045091AF0480912B
:109BF000A8049091A904A091AA04B091AB047901A2
:109C00008A01E81AF90A0A0B1B0BD801C701803434
:109C10009D40A340B10508F43DC08091AC049091F3
:109C2000AD04A091AE04B091AF048093A8049093CA
:109C3000A904A093AA04B093AB044ED10E94E05CA7
:109C4000DC01CB018A839B83AC83BD838091A80414
:109C50009091A904A091AA04B091AB042A813B8100
:109C60004C815D8179018A01E81AF90A0A0B1B0B04
:109C7000D801C70180349D40A340B10538F081E090
:109C800090E09093B2048093B10404C01092B204A7
:109C90001092B10481E0898389810F900F900F9019
:109CA0000F900F90DF91CF911F910F91FF90EF9048
:109CB0000895CF93DF93CDB7DEB71092B0040000C4
:109CC000DF91CF910895CF93DF93CDB7DEB728977B
:109CD0000FB6F894DEBF0FBECDBF9E838D8378870D
:109CE0006F831A82198226E030E040E050E16EE096
:109CF00070E080E090E00E945C0287E895E00E94BE
:109D0000646021E0892B09F420E0222339F087E800
:109D100095E00E94B1609C838B83EFCF89819A810B
:109D200028960FB6F894DEBF0FBECDBFDF91CF915E
:109D30000895CF93DF93CDB7DEB728970FB6F89489
:109D4000DEBF0FBECDBF9A8389837C836B835E8326
:109D50004D8338872F8380918705909188050296DF
:109D6000FC01208131814D815E818B819C81BC0110
:109D700087E895E0F90109958F8198852D813E81CD
:109D8000FC013183208380E090E028960FB6F894A0
:109D9000DEBF0FBECDBFDF91CF910895CF93DF938C
:109DA000CDB7DEB72C970FB6F894DEBF0FBECDBF90
:109DB0009E838D8378876F835A8749873C872B875B
:109DC0008F8198859A8389838B859C85FC0111827C
:109DD000108287E895E00E94646021E0892B09F0F9
:109DE00020E0222319F080E090E059C09091B00467
:109DF00081E08927882329F187E895E00E94B160F6
:109E00009C838B838B819C81029781F781E0809377
:109E1000B00489819A819C012F5F3F4F3A83298347
:109E20002B81FC0120838B859C85FC0180819181A5
:109E30009C012F5F3F4F8B859C85FC0131832083E4
:109E4000D5CF8B859C85FC018081918129853A85C0
:109E50008217930710F587E895E00E94B1609C8314
:109E60008B838B819C81019661F389819A819C010E
:109E70002F5F3F4F3A8329832B81FC0120838B8501
:109E80009C85FC01808191819C012F5F3F4F8B85D8
:109E90009C85FC0131832083D4CF80E090E02C9618
:109EA0000FB6F894DEBF0FBECDBFDF91CF910895FE
:109EB000CF93DF9300D0CDB7DEB79A83898368EE66
:109EC00073E080E090E00E943F5D80E090E00F90C2
:109ED0000F90DF91CF910895CF93DF9300D000D002
:109EE000CDB7DEB719821A821B821C828091B3041F
:109EF00091E0980F9093B304882361F081E090E0A3
:109F00009093B2048093B1048091B3048150809304
:109F1000B3041EC08091350190913601FC01828D01
:109F2000938DA48DB58D89839A83AB83BC830E9466
:109F3000200989819A81AB81BC81AC01BD0180E09F
:109F400090E00E94C0048091B30481508093B304D8
:109F50000F900F900F900F90DF91CF910895CF93B6
:109F6000DF93CDB7DEB72C970FB6F894DEBF0FBEE8
:109F7000CDBF8DEC9CECACE4BEE38B839C83AD83C6
:109F8000BE831F82188619861A861C861B8610922D
:109F9000600610925F060E94A45DE4DD80913501A9
:109FA00090913601FC011182108262E370E080E042
:109FB00090E00E9494059C878B8760E070E080E0D1
:109FC00090E00E9444039C878B878B859C85892B1E
:109FD00019F08B859C858BC00E94550CF894789461
:109FE00080913501909136019C012E5D3F4F80910B
:109FF000350190913601FC0182819381B9010E9463
:10A000005C039C878B878B859C85892B81F46FEF04
:10A010007FEFCB010E942E040E948205882339F035
:10A02000809135019091360121E0FC0126A3F8943E
:10A03000ABDD0E948B05882379F40E94820588237A
:10A0400059F48091350190913601FC0186A1882355
:10A0500019F481E090E002C080E090E080935F0618
:10A060000E9422189A838983789436C00E944905F9
:10A070009C878B870E948B05882361F40E94820550
:10A08000882341F48091350190913601FC0186A12D
:10A09000882319F081E090E002C080E090E0809396
:10A0A00060069091600681E0992309F080E080933A
:10A0B0005F0680916006882309F06EDD89819A81B0
:10A0C000019729F40E942218892B09F4F2DD0E94DD
:10A0D00022189A8389836BDD80915F06882331F68D
:10A0E0000E94FE0C0E945C05F89480E090E02C96A3
:10A0F0000FB6F894DEBF0FBECDBFDF91CF910895AC
:10A10000A8D008F481E008950CD0DEC0D6D040F08D
:10A11000CDD030F021F45F3F19F0BFC0511108C11C
:10A12000C2C0E3D098F39923C9F35523B1F3951B2B
:10A13000550BBB27AA2762177307840738F09F5F68
:10A140005F4F220F331F441FAA1FA9F333D00E2ED7
:10A150003AF0E0E830D091505040E695001CCAF744
:10A1600029D0FE2F27D0660F771F881FBB1F261709
:10A1700037074807AB07B0E809F0BB0B802DBF01DC
:10A18000FF2793585F4F2AF09E3F510568F085C026
:10A19000CFC05F3FECF3983EDCF3869577956795EB
:10A1A000B795F7959F5FC9F7880F911D969587958D
:10A1B00097F90895E1E0660F771F881FBB1F6217AC
:10A1C00073078407BA0720F0621B730B840BBA0B6A
:10A1D000EE1F88F7E0950895E89409C097FB3EF4D8
:10A1E00090958095709561957F4F8F4F9F4F9923E4
:10A1F000A9F0F92F96E9BB279395F6958795779562
:10A200006795B795F111F8CFFAF4BB0F11F460FF21
:10A210001BC06F5F7F4F8F4F9F4F16C0882311F079
:10A2200096E911C0772321F09EE8872F762F05C08D
:10A23000662371F096E8862F70E060E02AF09A9528
:10A24000660F771F881FDAF7880F9695879597F91D
:10A250000895990F0008550FAA0BE0E8FEEF1616B7
:10A260001706E807F907C0F012161306E407F5070A
:10A2700098F0621B730B840B950B39F40A2661F07E
:10A28000232B242B252B21F408950A2609F4A14021
:10A29000A6958FEF811D811D089597F99F6780E82E
:10A2A00070E060E008959FEF80EC089500240A9428
:10A2B0001616170618060906089500240A941216A1
:10A2C0001306140605060895092E0394000C11F4D4
:10A2D000882352F0BB0F40F4BF2B11F460FF04C081
:10A2E0006F5F7F4F8F4F9F4F089557FD9058440FDA
:10A2F000551F59F05F3F71F04795880F97FB991FE5
:10A3000061F09F3F79F087950895121613061406A1
:10A31000551FF2CF4695F1DF08C01616170618062E
:10A32000991FF1CF86957105610508940895E89409
:10A33000BB2766277727CB0197F908958ADF08F4B2
:10A340008FEF08950BD0C0CFB1DF28F0B6DF18F043
:10A35000952309F0A2CFA7CF1124EACFC6DFA0F33F
:10A36000959FD1F3950F50E0551F629FF001729FAA
:10A37000BB27F00DB11D639FAA27F00DB11DAA1FC9
:10A38000649F6627B00DA11D661F829F2227B00D16
:10A39000A11D621F739FB00DA11D621F839FA00DA1
:10A3A000611D221F749F3327A00D611D231F849FF1
:10A3B000600D211D822F762F6A2F11249F57504048
:10A3C0008AF0E1F088234AF0EE0FFF1FBB1F661FE3
:10A3D000771F881F91505040A9F79E3F510570F09C
:10A3E0005CCFA6CF5F3FECF3983EDCF38695779584
:10A3F0006795B795F795E7959F5FC1F7FE2B880F97
:10A40000911D9695879597F90895CF93DF9300D086
:10A4100000D0CDB7DEB79A8389837C836B83898133
:10A420009A812B813C81FC013383228300000F90B1
:10A430000F900F900F90DF91CF910895CF93DF93FE
:10A4400000D0CDB7DEB79A83898320EF31E08981D0
:10A450009A81FC013183208389819A81FC011382D6
:10A46000128200000F900F90DF91CF910895CF934B
:10A47000DF9300D0CDB7DEB79A83898380E090E088
:10A480000F900F90DF91CF910895CF93DF9300D07D
:10A49000CDB7DEB79A83898300000F900F90DF91CC
:10A4A000CF910895CF93DF9300D0CDB7DEB79A83D5
:10A4B000898389819A81C2DF2CEC31E089819A817C
:10A4C000FC013183208329813A8188EE93E0A0E06A
:10A4D000B0E0F90184839583A683B78300000F90D1
:10A4E0000F90DF91CF910895CF93DF9300D0CDB738
:10A4F000DEB79A83898389819A81D4DF2AEB31E0A0
:10A5000089819A81FC013183208300000F900F9094
:10A51000DF91CF910895CF93DF9300D0CDB7DEB711
:10A520009A8389831092D4041092D5041092F70470
:10A530001092F804A1D28AEF94E5AFD58DEA94E5A4
:10A5400099D500000F900F90DF91CF910895CF9390
:10A55000DF9300D000D000D0CDB7DEB79A838983D7
:10A560004B835C836D837E838B819C81AD81BE81B7
:10A57000BC01CD01CDD2000026960FB6F894DEBF07
:10A580000FBECDBFDF91CF910895CF92EF920F9381
:10A590001F93CF93DF93CDB7DEB72B970FB6F89409
:10A5A000DEBF0FBECDBF9B838A836C834D830E833A
:10A5B0001F8328873987EA86CB868A858823D9F145
:10A5C0008A819B816C8193D08A85843010F083E0EE
:10A5D0008A878A859FEF980F9A8791E0882309F4EC
:10A5E00090E0992321F18A819B81FC0180819181F6
:10A5F000FC01208131818A85882F90E0AC01440FD5
:10A60000551F440F551F440F551F8E819F81A885EC
:10A61000B98504C0B695A795979587954A95D2F7C1
:10A62000482F8A819B81642FF9010995D2CF8A81B5
:10A630009B8160E076D08D81813210F080E28D8345
:10A640002B854D8164EB74E08C818DD289831092CF
:10A65000D40489818093D50489812B960FB6F89410
:10A66000DEBF0FBECDBFDF91CF911F910F91EF9055
:10A67000CF900895CF92EF920F931F93CF93DF93D4
:10A6800000D000D01F92CDB7DEB79A8389836B8349
:10A690004C832D8389819A81CD80E12C00E010E0EC
:10A6A00098014C816B8171DF0F900F900F900F908C
:10A6B0000F90DF91CF911F910F91EF90CF90089560
:10A6C000CF93DF9300D000D0CDB7DEB79A838983D4
:10A6D0006B834C8389819A8121E04C816B81CADF35
:10A6E0000F900F900F900F90DF91CF910895CF931F
:10A6F000DF9300D01F92CDB7DEB79A8389836B8337
:10A7000081E08093F9048B818093D6041092F70442
:10A710001092F80400000F900F900F90DF91CF91EE
:10A7200008950F93CF93DF9300D000D0CDB7DEB75D
:10A730009B838A836C839091F8048091D6040C816A
:10A7400021E0492F67ED74E026D389831092F70446
:10A750001092F8041092F90489810F900F900F90D5
:10A760000F90DF91CF910F910895CF93DF9300D099
:10A770001F92CDB7DEB79A8389836B838091F904EA
:10A780008823F9F08091F804803240F089819A8121
:10A7900061E070E03ADE80E090E019C08091F7045B
:10A7A000882F90E02B8189529B4FFC012083809160
:10A7B000F7048F5F8093F7048091F7048093F80487
:10A7C00004C0CE01039661E00CD481E090E00F90CC
:10A7D0000F900F90DF91CF910895CF93DF93CDB776
:10A7E000DEB728970FB6F894DEBF0FBECDBF9C83AF
:10A7F0008B837E836D8358874F838091F9048823F0
:10A8000021F11A82198229813A818F81988528172E
:10A81000390700F58B819C81FC0180819181FC01CD
:10A82000208131814D815E8189819A81840F951FBC
:10A83000FC0140818B819C81642FF90109958981FC
:10A840009A8101969A838983DECF2F818D819E81A3
:10A85000622FC7D38F81988528960FB6F894DEBFF4
:10A860000FBECDBFDF91CF910895CF93DF9300D07E
:10A87000CDB7DEB79A8389838091D504282F30E045
:10A880008091D404882F90E0A901481B590BCA017C
:10A890000F900F90DF91CF910895CF93DF9300D069
:10A8A00000D0CDB7DEB79C838B838FEF9FEF9A8369
:10A8B00089839091D4048091D504981788F480916D
:10A8C000D404882F90E08C549B4FFC018081882F0A
:10A8D00090E09A8389838091D4048F5F8093D4041D
:10A8E00089819A810F900F900F900F90DF91CF91F7
:10A8F0000895CF93DF9300D000D0CDB7DEB79C830F
:10A900008B838FEF9FEF9A8389839091D4048091FA
:10A91000D504981760F48091D404882F90E08C546B
:10A920009B4FFC018081882F90E09A8389838981E5
:10A930009A810F900F900F900F90DF91CF91089513
:10A94000CF93DF9300D0CDB7DEB79A838983000021
:10A950000F900F90DF91CF910895CF93DF9300D0A8
:10A9600000D01F92CDB7DEB79B838A837D836C8333
:10A970008091FC049091FD04892B89F19091D4047D
:10A980008091D504981768F119828981882F90E009
:10A990002C813D8182179307A4F48981882F90E050
:10A9A0002A813B81280F391F8981882F90E0F90186
:10A9B00020818C549B4FFC01208389818F5F898388
:10A9C000E4CF1092D4048C818093D5042091FC04B0
:10A9D0003091FD048C819D81F901099503C000002F
:10A9E00001C000000F900F900F900F900F90DF911B
:10A9F000CF910895CF93DF93CDB7DEB78091FA045E
:10AA00009091FB04892B59F01092F7041092F804EE
:10AA10008091FA049091FB04FC01099501C00000AB
:10AA2000DF91CF910895CF93DF9300D000D0CDB7C1
:10AA3000DEB79A8389837C836B8389819A810197AE
:10AA400039F48B819C81019619F48EEF94E04CDDF2
:10AA500000000F900F900F900F90DF91CF9108950D
:10AA6000CF93DF93CDB7DEB76FEF7FEF81E090E05C
:10AA7000DADFDF91CF910895CF93DF93CDB7DEB7C3
:10AA800010920A0581E080930C0510920D0582E179
:10AA900061E00E94925E83E161E00E94925E89EB38
:10AAA00090E0FC01208189EB90E02E7FFC01208367
:10AAB00089EB90E0FC01208189EB90E02D7FFC0187
:10AAC000208388EB90E028E4FC0120838CEB90E06D
:10AAD00025E4FC0120830000DF91CF910895CF93FE
:10AAE000DF93CDB7DEB78CEB90E0FC0120818CEBDF
:10AAF00090E02A7BFC01208382E160E00E94925E6C
:10AB000083E160E00E94925E0000DF91CF910895A2
:10AB1000CF93DF9300D000D0CDB7DEB769837A83BF
:10AB20008B839C8380E094E2A4EFB0E029813A819A
:10AB30004B815C81BC01CD010E943464DA01C90102
:10AB40004097A109B109B695A7959795879528EBE8
:10AB500030E0F901808300000F900F900F900F906C
:10AB6000DF91CF910895CF93DF93CDB7DEB72A97CA
:10AB70000FB6F894DEBF0FBECDBF8E8378876F838C
:10AB800049872A878985813210F080E0FBC018D779
:10AB9000DC01CB018A839B83AC83BD8329C0809178
:10ABA0000E0590910F05A0911005B0911105892B0C
:10ABB0008A2B8B2BE9F004D79B01AC018A819B8106
:10ABC000AC81BD81281B390B4A0B5B0B80910E05B4
:10ABD00090910F05A0911005B09111058217930770
:10ABE000A407B50728F480911305EBD380E0CAC011
:10ABF00080910A05882399F681E080930A058A8569
:10AC000080930C058FEF80937D0510923805898520
:10AC100081508093390581E080930B058E81882FC8
:10AC200090E0880F991F982F80910B05892B8093B6
:10AC30000B0580910D05813009F048C010920D057B
:10AC4000BFD6DC01CB018A839B83AC83BD838BEBB6
:10AC500090E020910B05FC01208380910E059091DE
:10AC60000F05A0911005B0911105892B8A2B8B2B14
:10AC7000E9F0A6D69B01AC018A819B81AC81BD81A4
:10AC8000281B390B4A0B5B0B80910E0590910F0529
:10AC9000A0911005B091110582179307A407B5077D
:10ACA00028F4809113058DD380E06CC08CEB90E08C
:10ACB000FC018081882F90E088709927892B39F6D4
:10ACC0008CEB90E025ECFC01208305C08CEB90E040
:10ACD00025EEFC01208374D6DC01CB018A839B83A3
:10ACE000AC83BD8329C080910E0590910F05A09182
:10ACF0001005B0911105892B8A2B8B2BE9F060D6BA
:10AD00009B01AC018A819B81AC81BD81281B390BE1
:10AD10004A0B5B0B80910E0590910F05A0911005D9
:10AD2000B091110582179307A407B50728F4809105
:10AD3000130547D380E026C080910A05813099F23F
:10AD4000809138059985891718F48091380589878D
:10AD5000198213C08981282F30E08981882F90E0E3
:10AD60004F815885840F951F285E3A4FF901208145
:10AD7000FC01208389818F5F898399818985981758
:10AD800048F389852A960FB6F894DEBF0FBECDBF73
:10AD9000DF91CF9108950F93CF93DF93CDB7DEB7B7
:10ADA0002B970FB6F894DEBF0FBECDBF8E8378878A
:10ADB0006F8349872A870B878985813210F081E06C
:10ADC00006C1FED5DC01CB018A839B83AC83BD83A6
:10ADD00029C080910E0590910F05A0911005B091AA
:10ADE0001105892B8A2B8B2BE9F0EAD59B01AC014D
:10ADF0008A819B81AC81BD81281B390B4A0B5B0B7F
:10AE000080910E0590910F05A0911005B09111054C
:10AE100082179307A407B50728F480911305D1D2B0
:10AE200085E0D5C080910A05882399F682E0809359
:10AE30000A058B8580930C058FEF80937D0510921A
:10AE40003805898580933905198213C08981882F37
:10AE500090E02F813885280F391F8981882F90E055
:10AE6000F9012081885E9A4FFC01208389818F5FE0
:10AE7000898399818985981748F310920B058E81F3
:10AE8000882F90E0880F991F982F80910B05892BB0
:10AE900080930B0580910D05813009F048C0109218
:10AEA0000D058ED5DC01CB018A839B83AC83BD83EA
:10AEB0008BEB90E020910B05FC01208380910E0527
:10AEC00090910F05A0911005B0911105892B8A2B47
:10AED0008B2BE9F075D59B01AC018A819B81AC81FC
:10AEE000BD81281B390B4A0B5B0B80910E0590919D
:10AEF0000F05A0911005B091110582179307A407C3
:10AF0000B50728F4809113055CD285E060C08CEB16
:10AF100090E0FC018081882F90E088709927892B30
:10AF200039F68CEB90E025ECFC01208305C08CEB1E
:10AF300090E025EEFC01208343D5DC01CB018A8320
:10AF40009B83AC83BD8329C080910E0590910F0532
:10AF5000A0911005B0911105892B8A2B8B2BE9F05C
:10AF60002FD59B01AC018A819B81AC81BD81281BBF
:10AF7000390B4A0B5B0B80910E0590910F05A09148
:10AF80001005B091110582179307A407B50728F49F
:10AF90008091130516D285E01AC08A85882321F096
:10AFA00080910A05823081F280917D058F3F11F4F6
:10AFB00080E00DC080917D05803211F482E007C0F1
:10AFC00080917D05803311F483E001C084E02B96ED
:10AFD0000FB6F894DEBF0FBECDBFDF91CF910F91BA
:10AFE0000895CF93DF9300D000D0CDB7DEB79B8319
:10AFF0008A836C8380915B05282F30E08C81882FB9
:10B0000090E0820F931F819714F081E02CC0809113
:10B010000A05843011F082E026C0198219C08981A6
:10B02000882F90E02A813B81280F391F80915B0592
:10B03000482F50E08981882F90E0840F951FF901F7
:10B040002081865C9A4FFC01208389818F5F8983F0
:10B0500099818C81981718F390915B058C81890FE9
:10B0600080935B0580E00F900F900F900F90DF9121
:10B07000CF910895CF93DF9300D0CDB7DEB79A83F9
:10B08000898389819A819093170580931605000022
:10B090000F900F90DF91CF910895CF93DF9300D061
:10B0A000CDB7DEB79A83898389819A8190931505FC
:10B0B0008093140500000F900F90DF91CF910895B9
:10B0C000CF93DF931F92CDB7DEB789838981882321
:10B0D00031F08CEB90E025ECFC01208305C08CEB7B
:10B0E00090E025E8FC01208300000F90DF91CF91D4
:10B0F0000895CF93DF93CDB7DEB7A5970FB6F89439
:10B10000DEBF0FBECDBF8CEB90E025EDFC012083B0
:10B1100088E08D838D81282F30E040E050E08091E1
:10B120000E0590910F05A0911005B0911105820FA9
:10B13000931FA41FB51F0197A109B1092D81222FCB
:10B1400030E040E050E0BC01CD010E943464DA01FF
:10B15000C90189839A83AB83BC830EC180910E059C
:10B1600090910F05A0911005B0911105892B8A2BA4
:10B170008B2B09F401C189819A81AB81BC81892B18
:10B180008A2B8B2B09F4F4C080E090E0A0E2B1E4BC
:10B190008E839F83A887B9872BEA3AEA4AEA50E46C
:10B1A0006E817F8188859985CDD8DC01CB018A8726
:10B1B0009B87AC87BD8720E030E040E850E46E819B
:10B1C0007F8188859985BED8DC01CB018E879F87DA
:10B1D000A88BB98B20E030E040E85FE36A857B858F
:10B1E0008C859D850E94805088231CF481E08A8B89
:10B1F000ADC020E03FEF4FE757E46E857F8588893B
:10B2000099899CD818160CF078C020E030E04AE705
:10B2100054E46E817F81888599850E948450DC0189
:10B22000CB018B8B9C8BAD8BBE8B20E030E04AE753
:10B2300055E46B897C898D899E8984D8DC01CB019A
:10B240008F8B988FA98FBA8F20E030E040E85FE3C2
:10B250006F89788D898D9A8D0E94805088232CF477
:10B2600081E090E09C8F8B8F3DC020E03FEF4FE767
:10B2700057E46F89788D898D9A8D60D8181644F5BA
:10B2800020E030E040E251E46B897C898D899E8921
:10B2900059D8DC01CB01BC01CD010E947564DC01F1
:10B2A000CB019C8F8B8F0FC080E991E09E8F8D8F9B
:10B2B0008D8D9E8D0197F1F79E8F8D8F8B8D9C8D3F
:10B2C00001979C8F8B8F8B8D9C8D892B69F73EC04E
:10B2D0006F89788D898D9A8D0E947564DC01CB0110
:10B2E0009C8F8B8F8B8D9C8D98A38F8F8F8D98A12A
:10B2F0000197F1F798A38F8F29C020E030E04FE746
:10B3000053E46A857B858C859D8518D81816ACF426
:10B310006E857F85888999890E947564DC01CB01DF
:10B320009AA389A389A19AA19CA38BA38BA19CA179
:10B330000197F1F79CA38BA30FC06A857B858C8551
:10B340009D850E947564DC01CB018A8B8A898DA35F
:10B350008DA18A95F1F78DA389819A81AB81BC81FA
:10B360000197A109B10989839A83AB83BC8304C087
:10B370008091130526D00DC08CEB90E0FC018081FC
:10B38000882F90E080719927892B09F0E7CE1092E1
:10B390000A05A5960FB6F894DEBF0FBECDBFDF91AC
:10B3A000CF910895CF93DF93CDB7DEB78CEB90E0CC
:10B3B00025ECFC01208310920A050000DF91CF915B
:10B3C0000895CF93DF9300D01F92CDB7DEB78B8364
:10B3D00081E0809312058B818823B1F088EB90E0A7
:10B3E000FC01808189838AEB90E0FC0180818A8363
:10B3F00076DB42DB8AEB90E02A81FC01208388EB3C
:10B4000090E02981FC01208300000F900F900F90A5
:10B41000DF91CF9108951F920F920FB60F921124D2
:10B420002F933F934F935F936F937F938F939F934C
:10B43000AF93BF93EF93FF93CF93DF93CDB7DEB777
:10B4400089EB90E0FC018081882F90E0887F99272C
:10B45000092E000CAA0BBB0B893F9105A105B10574
:10B4600008F0FDC1895C954AFC010C9456642A5C85
:10B470002F5C2F5C2F5C2F5C2F5C2F5C2F5C305B74
:10B480002F5C2F5C2F5C2F5C2F5C2F5C2F5C305B64
:10B490002F5C2F5C2F5C2F5C2F5C2F5C2F5C395B4B
:10B4A0002F5C2F5C2F5C2F5C2F5C2F5C2F5C635B11
:10B4B0002F5C2F5C2F5C2F5C2F5C2F5C2F5C395B2B
:10B4C0002F5C2F5C2F5C2F5C2F5C2F5C2F5C685BEC
:10B4D0002F5C2F5C2F5C2F5C2F5C2F5C2F5C6D5BD7
:10B4E0002F5C2F5C2F5C2F5C2F5C2F5C2F5C825BB2
:10B4F0002F5C2F5C2F5C2F5C2F5C2F5C2F5CAF5B75
:10B500002F5C2F5C2F5C2F5C2F5C2F5C2F5C725BA1
:10B510002F5C2F5C2F5C2F5C2F5C2F5C2F5C8E5B75
:10B520002F5C2F5C2F5C2F5C2F5C2F5C2F5CB15B42
:10B530002F5C2F5C2F5C2F5C2F5C2F5C2F5CB15B32
:10B540002F5C2F5C2F5C2F5C2F5C2F5C2F5CB15B22
:10B550002F5C2F5C2F5C2F5C2F5C2F5C2F5CB15B12
:10B560002F5C2F5C2F5C2F5C2F5C2F5C2F5CB95BFA
:10B570002F5C2F5C2F5C2F5C2F5C2F5C2F5CF05BB3
:10B580002F5C2F5C2F5C2F5C2F5C2F5C2F5CB95BDA
:10B590002F5C2F5C2F5C2F5C2F5C2F5C2F5CF05B93
:10B5A0002F5C2F5C2F5C2F5C2F5C2F5C2F5CD35BA0
:10B5B0002F5C2F5C2F5C2F5C2F5C2F5C2F5CF35B70
:10B5C0002F5C2F5C2F5C2F5C2F5C2F5C2F5CF35B60
:10B5D0002F5C2F5C2F5C2F5C2F5C2F5C2F5C095C39
:10B5E0002F5C2F5C2F5C2F5C2F5C2F5C2F5C255C0D
:10B5F0002F5C2F5C2F5C2F5C2F5C2F5C2F5C255CFD
:10B600002F5C2F5C2F5C2F5C2F5C2F5C2F5C2F5CE2
:10B610002F5C2F5C2F5C2F5C2F5C2F5C2F5C2F5CD2
:10B620002F5C2F5C2F5C2F5C2F5C2F5C2F5C2F5CC2
:10B630002F5C2F5C2F5C2F5C2F5C2F5C2F5C2F5CB2
:10B640002F5C2F5C2F5C2F5C2F5C2F5C2F5C2F5CA2
:10B650002F5C2F5C2F5C2F5C2F5C2F5C2F5C2E5C93
:10B660008BEB90E020910B05FC01208381E028DD2D
:10B67000F6C09091380580913905981798F480911B
:10B68000380591E0980F90933805282F30E08BEB28
:10B6900090E0285E3A4FF9012081FC01208381E08F
:10B6A0000FDDDDC080910C05882311F022DDD7C0AD
:10B6B00081E080930D058CEB90E024EAFC0120836F
:10B6C00010920A05CCC080E280937D0512DDC7C0D0
:10B6D00080E380937D050DDDC2C088E380937D0506
:10B6E00061DEBDC02BEB30E08091380591E0980F12
:10B6F00090933805882F90E0F9012081885E9A4F59
:10B70000FC0120839091380580913905981718F431
:10B7100081E0D6DCA4C080E0D3DCA1C02BEB30E01C
:10B720008091380591E0980F90933805882F90E02C
:10B73000F9012081885E9A4FFC01208380910C05DD
:10B74000882311F0D6DC8BC081E080930D058CEB53
:10B7500090E024EAFC01208310920A0580C0C9DC35
:10B760007EC083E080930A0510927C0581E0A8DC0E
:10B7700076C080917C05803298F42BEB30E080918C
:10B780007C0591E0980F90937C05882F90E0F9015B
:10B790002081845A9A4FFC01208381E091DC5FC0B4
:10B7A00080E08EDC5CC0FEDD80917C05803240F460
:10B7B00080917C05882F90E0845A9A4FFC0110827A
:10B7C000209116053091170580917C05882F90E017
:10B7D000BC018CE595E0F901099510927C053FC00C
:10B7E00080E06EDC3CC084E080930A0510925A052C
:10B7F00010925B058091140590911505FC01099547
:10B8000080915B05882329F481E080935B05109289
:10B810003A0580915A0591E0980F90935A05282F88
:10B8200030E08BEB90E0265C3A4FF9012081FC017F
:10B83000208390915A0580915B05981718F481E058
:10B840003FDC0DC080E03CDC0AC081E039DC1092B6
:10B850000A0505C010927D054CDC01C00000000007
:10B86000DF91CF91FF91EF91BF91AF919F918F9118
:10B870007F916F915F914F913F912F910F900FBEEC
:10B880000F901F9018951F920F920FB60F921124D0
:10B890008F939F93AF93BF93CF93DF93CDB7DEB7D3
:10B8A0002597DEBFCDBF8091820590918305A09141
:10B8B0008405B091850589839A83AB83BC8380918D
:10B8C00086058D8389819A81AB81BC810196A11DFA
:10B8D000B11D89839A83AB83BC838D818D5F8D83FA
:10B8E0008D818D3770F08D818D578D8389819A81FF
:10B8F000AB81BC810196A11DB11D89839A83AB8365
:10B90000BC838D818093860589819A81AB81BC81BE
:10B910008093820590938305A0938405B093850559
:10B9200080917E0590917F05A0918005B091810561
:10B930000196A11DB11D80937E0590937F05A09374
:10B940008005B093810500000F900F900F900F902D
:10B950000F90DF91CF91BF91AF919F918F910F90F9
:10B960000FBE0F901F901895CF93DF9300D000D09B
:10B970001F92CDB7DEB78FE590E0FC01808189830F
:10B98000F8948091820590918305A0918405B091EF
:10B9900085058A839B83AC83BD838FE590E02981F5
:10B9A000FC0120838A819B81AC81BD81BC01CD01DA
:10B9B0000F900F900F900F900F90DF91CF910895FF
:10B9C000CF93DF9300D000D000D0CDB7DEB78FE5A6
:10B9D00090E0FC0180818D83F89480917E059091A8
:10B9E0007F05A0918005B091810589839A83AB83FF
:10B9F000BC8386E490E0FC0180818E8385E390E047
:10BA0000FC018081882F90E081709927892B71F04B
:10BA10008E818F3F59F089819A81AB81BC810196DB
:10BA2000A11DB11D89839A83AB83BC838FE590E010
:10BA30002D81FC01208389819A81AB81BC812227E1
:10BA4000382F492F5A2F8E81882F90E0A0E0B0E048
:10BA5000820F931FA41FB51F880F991FAA1FBB1F1A
:10BA6000880F991FAA1FBB1FBC01CD0126960FB6D8
:10BA7000F894DEBF0FBECDBFDF91CF910895EF9256
:10BA8000FF920F931F93CF93DF93CDB7DEB7289725
:10BA90000FB6F894DEBF0FBECDBF6D837E838F835C
:10BAA00098878EDFDC01CB0189839A83AB83BC83CB
:10BAB00035C0AFD617C08D819E81AF81B885019703
:10BAC000A109B1098D839E83AF83B88789819A814B
:10BAD000AB81BC8188519C4FAF4FBF4F89839A8304
:10BAE000AB83BC838D819E81AF81B885892B8A2BE6
:10BAF0008B2BA1F065DF9B01AC0189819A81AB8121
:10BB0000BC8179018A01E81AF90A0A0B1B0BD801DA
:10BB1000C701883E9340A105B10568F68D819E81DD
:10BB2000AF81B885892B8A2B8B2B19F600002896BC
:10BB30000FB6F894DEBF0FBECDBFDF91CF911F913E
:10BB40000F91FF90EF900895CF93DF93CDB7DEB7BD
:10BB5000789484E490E0FC01208184E490E0226009
:10BB6000FC01208384E490E0FC01208184E490E0E7
:10BB70002160FC01208385E490E0FC01208185E4C4
:10BB800090E02260FC01208385E490E0FC012081AC
:10BB900085E490E02160FC0120838EE690E0FC01CA
:10BBA00020818EE690E02160FC01208381E890E016
:10BBB000FC01108281E890E0FC01208181E890E0A6
:10BBC0002260FC01208381E890E0FC01208181E873
:10BBD00090E02160FC01208380E890E0FC0120815E
:10BBE00080E890E02160FC01208381EB90E0FC0183
:10BBF000208181EB90E02460FC01208380EB90E0C9
:10BC0000FC01208180EB90E02160FC0120838AE729
:10BC100090E0FC0120818AE790E02460FC01208311
:10BC20008AE790E0FC0120818AE790E02260FC0135
:10BC300020838AE790E0FC0120818AE790E0216080
:10BC4000FC0120838AE790E0FC0120818AE790E0F4
:10BC50002068FC01208381EC90E0FC011082000050
:10BC6000DF91CF910895CF93DF931F92CDB7DEB7C9
:10BC700089838981882F90E08330910591F0843009
:10BC8000910534F48130910501F1029741F145C0ED
:10BC90008730910571F188309105A9F1049759F029
:10BCA0003CC080E890E0FC01208180E890E02F77A4
:10BCB000FC01208332C080E890E0FC01208180E814
:10BCC00090E02F7DFC01208328C084E490E0FC01FB
:10BCD000208184E490E02F77FC0120831EC084E45F
:10BCE00090E0FC01208184E490E02F7DFC01208322
:10BCF00014C080EB90E0FC01208180EB90E02F7776
:10BD0000FC0120830AC080EB90E0FC01208180EBE5
:10BD100090E02F7DFC012083000000000F90DF9158
:10BD2000CF910895CF93DF93CDB7DEB765970FB668
:10BD3000F894DEBF0FBECDBF8C8B6D8B8C89882FA6
:10BD400090E086569F4F9A83898389819A81FC016E
:10BD500084918B838B818C838C89882F90E08A5788
:10BD60009F4F9E838D838D819E81FC0184918F8363
:10BD70008F8188878C89882F90E08E589F4F9A8773
:10BD8000898789859A85FC0184918B878B858C872F
:10BD90008C85882309F444C08C81882311F08C8120
:10BDA00062DF8C85882F90E0880F991F88599F4FFC
:10BDB0009E878D878D859E85FC0125913491CF01CD
:10BDC000388B2F879E878D878F8598899A8B898B53
:10BDD0008FE590E0FC0180818B8BF8948D8988231E
:10BDE00071F489899A89FC018081982F88858095D2
:10BDF0008923282F89899A89FC0120830BC089898E
:10BE00009A89FC0190818885292F282B89899A8914
:10BE1000FC0120838FE590E02B89FC01208301C089
:10BE2000000065960FB6F894DEBF0FBECDBFDF9160
:10BE3000CF910895CF93DF93CDB7DEB785D5CF935C
:10BE4000DF93CDB7DEB7F89481E0DF91CF9108950D
:10BE5000CF93DF9300D0CDB7DEB79A8389838FE588
:10BE600090E029813A81F9012081FC0120830000C2
:10BE70000F900F90DF91CF910895CF93DF9300D073
:10BE80001F92CDB7DEB79B838A838A819B81FC0199
:10BE9000848D882F90E02A813B81820F931F835AE3
:10BEA0009F4FFC01808189838A819B81FC01848D65
:10BEB000882F90E001968F739078992324F401974E
:10BEC000806C9F6F0196282F8A819B81FC01248FB3
:10BED0008A819B81FC01868997892981FC012083C5
:10BEE0008A819B81FC0180899189FC01808183701A
:10BEF000282F20648A819B81FC0180899189FC0123
:10BF000020838A819B81FC01238D8A819B81FC0196
:10BF1000948D81E0291709F080E0882379F08A81E7
:10BF20009B81FC0182899389FC0120818A819B810C
:10BF3000FC01828993892F7DFC01208300000F90F2
:10BF40000F900F90DF91CF910895CF93DF93CDB7EE
:10BF5000DEB729970FB6F894DEBF0FBECDBF9C8326
:10BF60008B834D835E836F837887298780E099E098
:10BF7000ADE3B0E02D813E814F815885BC01CD01FC
:10BF800073D4DA01C9010197A109B109B695A79542
:10BF9000979587959A8389838B819C81FC01808901
:10BFA000918922E0FC0120838D819E81AF81B8853B
:10BFB0008115914EA105B10529F089819A818115DC
:10BFC0009041E8F08B819C81FC0180899189FC0182
:10BFD000108280E894E8AEE1B0E02D813E814F818F
:10BFE0005885BC01CD0140D4DA01C9010197A109EE
:10BFF000B109B695A795979587959A838983898185
:10C000009A81292F33278B819C81FC01848595851A
:10C01000FC0120838B819C81FC0186859785298189
:10C02000FC0120838B819C81FC01108E8B819C8183
:10C03000FC01848995892985FC0120838B819C8161
:10C04000FC0182899389FC0120818B819C81FC0108
:10C05000828993892061FC0120838B819C81FC0172
:10C0600082899389FC0120818B819C81FC018289DA
:10C0700093892860FC0120838B819C81FC0182894B
:10C080009389FC0120818B819C81FC0182899389A9
:10C090002068FC0120838B819C81FC01828993892B
:10C0A000FC0120818B819C81FC01828993892F7DF9
:10C0B000FC012083000029960FB6F894DEBF0FBE66
:10C0C000CDBFDF91CF910895CF93DF9300D0CDB74F
:10C0D000DEB79A83898389819A81FC01818D882FBB
:10C0E00090E09C01205C3F4F89819A81FC01828D08
:10C0F000882F90E0A901481B590BCA018F7399271B
:10C100000F900F90DF91CF910895CF93DF9300D0E0
:10C11000CDB7DEB79A83898389819A81FC01218D0D
:10C1200089819A81FC01928D81E0291709F080E0D4
:10C13000882319F08FEF9FEF0FC089819A81FC014E
:10C14000828D882F90E029813A81820F931F4D962E
:10C15000FC018081882F90E00F900F90DF91CF91AC
:10C160000895CF93DF9300D01F92CDB7DEB79B83A6
:10C170008A838A819B81FC01218D8A819B81FC01BC
:10C18000928D81E0291709F080E0882319F08FEF64
:10C190009FEF1CC08A819B81FC01828D882F90E0DB
:10C1A0002A813B81820F931F4D96FC0180818983F8
:10C1B0008A819B81FC01828D8F5F282F2F738A815A
:10C1C0009B81FC01228F8981882F90E00F900F9036
:10C1D0000F90DF91CF910895CF93DF9300D000D0DF
:10C1E000CDB7DEB79C838B838B819C81FC01838DD3
:10C1F00089838B819C81FC01848D8A8399818A81CA
:10C20000981768F08981882F90E02FE330E0281B91
:10C21000390B8A81882F90E0820F931F0BC08A818F
:10C22000282F30E08981882F90E0A901481B590B05
:10C23000CA0101970F900F900F900F90DF91CF914F
:10C240000895CF93DF9300D0CDB7DEB79A8389836B
:10C2500089819A81FC01908D81E08927882309F0EA
:10C260004DC089819A81FC0182899389FC0180817A
:10C27000882F90E080729927892B69F489819A81AF
:10C28000FC0180899189FC018081882F90E0807475
:10C290009927892B11F481E001C080E0882379F18E
:10C2A0008FE590E0FC01808188237CF089819A8170
:10C2B000FC0182899389FC018081882F90E0807243
:10C2C0009927892B11F081E001C080E0882349F291
:10C2D00089819A81FC0180899189FC018081882F64
:10C2E00090E08072992721E0892B09F420E0222335
:10C2F00009F4B7CF89819A81C0DDB3CF00000F90D8
:10C300000F90DF91CF910895CF93DF93CDB7DEB734
:10C3100028970FB6F894DEBF0FBECDBF9F838E83E4
:10C3200068878E819F8121E0FC01208F8E819F8113
:10C33000FC01238D8E819F81FC01848D281779F467
:10C340008E819F81FC0180899189FC018081882FE9
:10C3500090E080729927892B11F081E001C080E084
:10C36000882359F18FE590E0FC0180818C8367DDA3
:10C37000898389818823D9F08E819F81FC018689F8
:10C3800097892885FC0120838E819F81FC0180890B
:10C390009189FC0180818370282F20648E819F8188
:10C3A000FC0180899189FC0120831982E2CFCE01B2
:10C3B00004964EDD81E090E06EC08E819F81FC018D
:10C3C000838D882F90E001968F739078992324F4C1
:10C3D0000197806C9F6F01968B838E819F81FC01FA
:10C3E000948D81E02B81291709F080E08823F9F0F2
:10C3F0008FE590E0FC0180818095881F8827881F49
:10C40000882359F38E819F81FC0180899189FC01E9
:10C410008081882F90E08072992721E0892B09F490
:10C4200020E02223D1F28E819F8127DDD6CF8E811D
:10C430009F81FC01838D882F90E02E813F81820FA8
:10C44000931F835A9F4F2885FC0120838FE590E03E
:10C45000FC0180818D83F3DC8A838A818823B1F09B
:10C460008E819F812B81FC01238F8E819F81FC0116
:10C4700082899389FC0120818E819F81FC018289C0
:10C4800093892062FC0120831A82E7CFCE010596B2
:10C49000DFDC81E090E028960FB6F894DEBF0FBE97
:10C4A000CDBFDF91CF910895CF92DF92EF92FF92AF
:10C4B0000F931F93CF93DF93CDB7DEB72E970FB6B1
:10C4C000F894DEBF0FBECDBF9A8389837C836B83D4
:10C4D0005E834D8338872F831A870987FC86EB8616
:10C4E000DE86CD8689819A810E9452522EED31E0FE
:10C4F00089819A81FC013183208389819A812B81F2
:10C500003C81FC013587248789819A812D813E8178
:10C51000FC013787268789819A812F813885FC0124
:10C52000318B208B89819A8129853A85FC01338B57
:10C53000228B89819A812B853C85FC01358B248B4C
:10C5400089819A812D853E85FC01378B268B8981D7
:10C550009A81FC01118E89819A81FC01128E898158
:10C560009A81FC01138E89819A81FC01148E00004E
:10C570002E960FB6F894DEBF0FBECDBFDF91CF91E0
:10C580001F910F91FF90EF90DF90CF900895CF9380
:10C59000DF9300D000D0CDB7DEB79C838B838B8137
:10C5A0009C81FC0180899189FC018081882F90E029
:10C5B0008470992721E0892B09F020E0222371F172
:10C5C0008B819C81FC0186899789FC01808189830C
:10C5D0008B819C81FC01818D8F5F8F738A838B811E
:10C5E0009C81FC01928D81E02A81291709F480E069
:10C5F0008823D9F08B819C81FC01818D882F90E06C
:10C600002B813C81820F931F4D962981FC01208351
:10C610008B819C812A81FC01218F07C08B819C81A9
:10C62000FC0186899789FC01808100000F900F90A2
:10C630000F900F90DF91CF9108951F920F920FB638
:10C640000F9211242F933F934F935F936F937F9398
:10C650008F939F93AF93BF93EF93FF93CF93DF930A
:10C66000CDB7DEB787E895E092DF0000DF91CF918C
:10C67000FF91EF91BF91AF919F918F917F916F91BA
:10C680005F914F913F912F910F900FBE0F901F9090
:10C6900018951F920F920FB60F9211242F933F936C
:10C6A0004F935F936F937F938F939F93AF93BF93BA
:10C6B000EF93FF93CF93DF93CDB7DEB787E895E095
:10C6C000DCDB0000DF91CF91FF91EF91BF91AF9143
:10C6D0009F918F917F916F915F914F913F912F919A
:10C6E0000F900FBE0F901F901895CF92DF92EF9290
:10C6F000FF920F931F93CF93DF9300D000D0CDB75D
:10C70000DEB79A8389837C836B8389819A810197C1
:10C71000C9F48B819C810196A9F40F2EF6ECCF2EE3
:10C72000D12CF02D0F2EF2ECEF2EF12CF02D01EC90
:10C7300010E020EC30E044EC50E065EC70E087E87D
:10C7400095E0B2DE00000F900F900F900F90DF91F8
:10C75000CF911F910F91FF90EF90DF90CF900895B0
:10C76000CF93DF93CDB7DEB76FEF7FEF81E090E03F
:10C77000BCDFDF91CF910895CF93DF93CDB7DEB7C4
:10C7800028970FB6F894DEBF0FBECDBF9C838B8376
:10C790007E836D8358874F831A8219828F81988593
:10C7A0009C012150310938872F8321E0892B09F41E
:10C7B00020E0222319F18B819C81FC0180819181F1
:10C7C000FC01208131818D819E81AC014F5F5F4FE3
:10C7D0005E834D83FC0140818B819C81642FF90134
:10C7E000099521E0892B09F420E0222331F0898189
:10C7F0009A8101969A838983D1CF000089819A8199
:10C8000028960FB6F894DEBF0FBECDBFDF91CF9153
:10C810000895CF93DF93CDB7DEB70000DF91CF91BE
:10C820000895DB018F939F9347D0BF91AF91A29F53
:10C83000800D911DA39F900DB29F900D112408951E
:10C84000AA1BBB1B51E107C0AA1FBB1FA617B70736
:10C8500010F0A61BB70B881F991F5A95A9F7809552
:10C860009095BC01CD010895A1E21A2EAA1BBB1B15
:10C87000FD010DC0AA1FBB1FEE1FFF1FA217B307AC
:10C88000E407F50720F0A21BB30BE40BF50B661FC2
:10C89000771F881F991F1A9469F760957095809586
:10C8A00090959B01AC01BD01CF010895EE0FFF1FD4
:10C8B0000590F491E02D099409D0A59F900DB49FA7
:10C8C000900DA49F800D911D11240895A29FB00189
:10C8D000B39FC001A39F700D811D1124911DB29FB4
:10C8E000700D811D1124911D08950E947D5188F0C5
:10C8F0009F5798F0B92F9927B751B0F0E1F0660F24
:10C90000771F881F991F1AF0BA95C9F714C0B13064
:10C9100091F00E949751B1E008950C949751672FC0
:10C92000782F8827B85F39F0B93FCCF38695779593
:10C930006795B395D9F73EF490958095709561957C
:10C940007F4F8F4F9F4F089581E090E0F89410C083
:10C95000FB01DC0102C001900D9241505040D8F71C
:10C960000895DC0101C06D9341505040E0F70895F7
:04C97000F894FFCF69
:10C974000000FE04000080BFFEFFFFFFFFFFFFFF7B
:10C98400E803000001FFFFFFFFFFFFFFFFFFFF00C1
:10C99400000000FFFF200038001800010001000122
:10C9A40000FFFFFFFFFE0101FF00991BFE1BFE00BD
:10C9B400591C8018FD008E1CAD1CFC00EB1C80185B
:10C9C400F600161D8018F500641DC41DF4001C1E1D
:10C9D400881EDE00D2247627DD00C2278018DA0004
:10C9E400222A412AD900872AA62AE2008622801810
:10C9F400E100FD228018E000E0238018D600F12A2F
:10CA04008018D5002A2B8018D400412C8018D3001C
:10CA1400582D8018C00039308018F0008E388018E6
:10CA2400ED00F738801800000000B553ED5337527D
:10CA3400A05435544D547954000000001A5FBC636F
:10CA4400375245521A5F1A5F1A5F00000000846172
:10CA5400BC63EC6021616460B1608560000000002B
:08CA64001A5FBC633752455212
:00000001FF
