// General information: 
//  MT Manager version: 2022.2.0 
//  XDA version: 2022.2.0 build 7381 rev 124627 built on 2023-07-19
// Device information: 
//  DeviceId: 00B4BB52
//  ProductCode: MTW2-3A7G6
//  Firmware Version: 4.6.0
//  Hardware Version: 2.0.0
// Device settings: 
//  Filter Profile: human(46.1)
//  Option Flags: Orientation Smoother Disabled, Position/Velocity Smoother Disabled, Continuous Zero Rotation Update Disabled, AHS Disabled, ICC Disabled
// Coordinate system: ENU
PacketCounter	Acc_X	Acc_Y	Acc_Z	Gyr_X	Gyr_Y	Gyr_Z	Roll	Pitch	Yaw
63401	9.323663	2.586734	1.121336	0.018651	-0.045773	0.099791	65.680657	-73.241684	-109.850924
63402	9.287046	2.643285	1.140342	0.013881	-0.048609	0.113424	65.686616	-73.311815	-109.843630
63403	9.362786	2.588087	1.127358	-0.011428	-0.056269	0.132491	65.677166	-73.393792	-109.835353
63404	9.370623	2.530959	1.102861	-0.002827	-0.047726	0.136174	65.653800	-73.475591	-109.807458
63405	9.338742	2.539908	1.102744	0.005533	-0.041027	0.142489	65.618895	-73.559181	-109.762508
63406	9.316258	2.527038	1.152205	-0.001248	-0.044780	0.150244	65.579278	-73.647615	-109.716754
63407	9.340346	2.439214	1.136525	-0.001994	-0.049794	0.150944	65.547990	-73.737677	-109.680108
63408	9.328477	2.454321	1.123266	0.013540	-0.049199	0.154564	65.520387	-73.829397	-109.638082
63409	9.304670	2.462921	1.181273	0.010825	-0.061467	0.160440	65.509002	-73.927175	-109.614543
63410	9.296625	2.433034	1.146592	0.008457	-0.070778	0.158822	65.513503	-74.026237	-109.608991
63411	9.271362	2.382699	1.213444	0.005616	-0.095075	0.163162	65.558130	-74.133409	-109.646828
63412	9.367487	2.218765	1.072554	-0.007388	-0.140439	0.138326	65.699663	-74.238247	-109.793140
63413	9.457679	2.419664	1.076163	0.076717	-0.100222	0.130298	65.824038	-74.329421	-109.871464
63414	9.317597	2.438979	1.092957	0.036001	-0.117805	0.134392	65.954919	-74.426721	-109.980764
63415	9.417256	2.321679	1.029613	0.009127	-0.133369	0.135993	66.100785	-74.528494	-110.121512
63416	9.401718	2.405045	1.038394	0.050098	-0.116352	0.145661	66.230670	-74.631220	-110.221293
63417	9.307094	2.379649	1.099712	0.046530	-0.127741	0.148366	66.380508	-74.738005	-110.343799
63418	9.392041	2.370450	1.024911	0.026036	-0.144912	0.166268	66.537843	-74.857955	-110.486209
63419	9.333697	2.320463	1.079676	0.034756	-0.158961	0.171118	66.726882	-74.983613	-110.656164
63420	9.326317	2.289107	1.035019	0.032702	-0.179384	0.186311	66.944539	-75.121642	-110.856884
63421	9.408093	2.240123	0.976319	0.026847	-0.199254	0.189573	67.200702	-75.265687	-111.100743
63422	9.437755	2.265192	0.923179	0.033740	-0.186534	0.197406	67.432405	-75.410722	-111.315103
63423	9.309095	2.281054	0.993947	0.038107	-0.194437	0.204375	67.682319	-75.561021	-111.545517
63424	9.325590	2.240549	1.023087	0.020713	-0.224502	0.213911	67.980982	-75.722529	-111.836407
63425	9.379536	2.179999	0.913240	0.027099	-0.254826	0.232499	68.339473	-75.900039	-112.184987
63426	9.400063	2.195376	0.926002	0.044654	-0.260297	0.240545	68.721168	-76.082362	-112.546868
63427	9.495076	2.199196	0.905788	0.056952	-0.276987	0.257002	69.143466	-76.276370	-112.942987
63428	10.140801	2.187801	0.292842	-0.007346	-0.282081	0.172487	69.620769	-76.425270	-113.433355
63429	9.534568	2.099006	0.642247	0.056956	-0.152568	0.151362	69.872438	-76.536456	-113.653474
63430	9.350016	2.200814	0.896628	0.054053	-0.173013	0.168071	70.158081	-76.660332	-113.910143
63431	9.494361	2.094541	0.724288	0.000991	-0.235917	0.181012	70.553397	-76.803017	-114.310566
63432	9.575575	1.911099	0.604213	-0.026679	-0.174594	0.149143	70.823171	-76.916250	-114.598164
63433	9.591487	2.046777	0.674760	0.035925	-0.155096	0.128316	71.105723	-77.014312	-114.861913
63434	9.530807	2.073627	0.630034	0.013506	-0.137835	0.127180	71.338458	-77.108237	-115.087650
63435	9.534146	2.061881	0.617944	-0.018547	-0.116907	0.118944	71.513674	-77.193759	-115.273120
63436	9.489660	2.010470	0.697307	-0.015225	-0.109032	0.121186	71.671409	-77.278886	-115.438677
63437	9.546854	1.958917	0.657552	0.000742	-0.121086	0.118749	71.872752	-77.364800	-115.639479
63438	9.674504	2.034560	0.512770	0.000556	-0.094464	0.109475	72.017870	-77.440734	-115.782734
63439	9.619030	2.006152	0.546115	-0.012389	-0.062807	0.099727	72.088182	-77.505776	-115.856896
63440	9.593098	1.963317	0.616894	-0.018457	-0.058958	0.090346	72.152627	-77.564938	-115.928614
63441	9.638218	1.958727	0.543667	-0.014329	-0.047878	0.076718	72.204517	-77.614779	-115.985020
63442	9.659219	1.869214	0.488180	-0.024016	-0.013903	0.048459	72.188080	-77.643177	-115.977168
63443	9.558602	1.888928	0.617462	-0.000883	0.015537	0.020001	72.135410	-77.650964	-115.918637
63444	9.524390	1.956273	0.643866	0.012943	0.008763	0.010472	72.114026	-77.654658	-115.884045
63445	9.597485	1.943508	0.611349	0.010489	0.005977	0.007389	72.101754	-77.657242	-115.860200
63446	9.543911	1.961065	0.631233	0.013799	0.010039	0.003999	72.082871	-77.657179	-115.827667
63447	9.582622	1.950659	0.594825	0.014454	0.009570	0.000075	72.069805	-77.655142	-115.800683
63448	9.610625	2.006794	0.529956	0.014551	0.031127	-0.003152	72.004640	-77.647449	-115.720329
63449	9.571790	1.950524	0.540757	0.005797	0.038816	-0.006247	71.919072	-77.636769	-115.624201
63450	9.601064	1.980330	0.600193	0.008848	0.055256	-0.004062	71.791723	-77.624220	-115.483525
63451	9.517214	2.014216	0.589371	0.000575	0.059740	-0.003813	71.649728	-77.611020	-115.332679
63452	9.503449	1.950613	0.679276	-0.006750	0.057798	0.003152	71.501765	-77.601786	-115.180034
63453	9.468864	1.952215	0.680314	-0.003823	0.049967	-0.001904	71.380360	-77.591248	-115.052838
63454	9.522238	1.912385	0.655606	-0.004458	0.038317	-0.010483	71.293549	-77.578047	-114.961452
63455	9.482977	1.901618	0.686156	0.009156	0.034502	-0.016426	71.230191	-77.562392	-114.886066
63456	9.482039	1.970909	0.717847	0.015897	0.019096	-0.028246	71.217475	-77.543062	-114.858605
63457	9.500785	1.979692	0.705185	0.020202	0.007319	-0.026927	71.236160	-77.526714	-114.860753
63458	9.446445	2.022596	0.733474	0.016743	-0.012621	-0.024004	71.298170	-77.515526	-114.909325
63459	9.504621	1.997764	0.671006	-0.004326	-0.031348	-0.012563	71.385543	-77.514061	-114.996220
63460	9.519517	1.969065	0.676121	0.005026	-0.029084	-0.016100	71.474521	-77.510140	-115.079292
63461	9.465763	1.988344	0.691881	0.009786	-0.039363	-0.010413	71.587827	-77.511237	-115.184467
63462	9.470385	2.002859	0.656508	-0.010246	-0.045651	-0.005981	71.700437	-77.515741	-115.300705
63463	9.500297	1.988105	0.687886	-0.002892	-0.044682	-0.008237	71.817860	-77.518885	-115.417534
63464	9.504850	2.024779	0.661782	0.001626	-0.050994	-0.003738	71.948779	-77.525457	-115.545552
63465	9.494979	2.001377	0.588234	-0.009259	-0.053054	0.005457	72.072417	-77.537433	-115.672477
63466	9.544477	2.013658	0.615056	-0.006124	-0.051722	0.009338	72.190644	-77.551144	-115.792035
63467	9.614567	1.763277	0.510544	0.113872	-0.033850	0.018800	72.327293	-77.566929	-115.860018
63468	9.452357	2.174953	0.721018	0.131656	0.008103	0.003687	72.381214	-77.567064	-115.832878
63469	9.496235	2.110165	0.620066	-0.034389	-0.055520	0.023617	72.483192	-77.589186	-115.952345
63470	9.587371	1.815749	0.615396	-0.013086	-0.037046	0.019032	72.554307	-77.605495	-116.027725
63471	9.523290	1.965686	0.631345	0.054845	-0.016712	0.012409	72.620162	-77.614767	-116.057848
63472	9.513008	2.008708	0.589102	0.025636	-0.026231	0.007422	72.695863	-77.622840	-116.115203
63473	9.523954	1.986506	0.634982	0.010761	-0.034590	0.013492	72.780377	-77.635728	-116.190279
63474	9.567499	1.966405	0.552974	0.039761	-0.034221	0.009509	72.882738	-77.646257	-116.266636
63475	9.587123	1.993915	0.545687	0.041925	-0.018060	0.013413	72.944133	-77.656272	-116.299765
63476	9.490911	1.985337	0.621657	0.034756	-0.012574	0.014136	72.986100	-77.665664	-116.317229
63477	9.529971	1.951330	0.572822	0.033215	-0.016080	0.014053	73.037182	-77.675686	-116.344902
63478	9.588131	1.990673	0.539786	0.043832	-0.001655	0.010378	73.059913	-77.681189	-116.337354
63479	9.515518	1.979511	0.562299	0.039825	0.000463	0.013974	73.073390	-77.688403	-116.322666
63480	9.588588	1.966653	0.528491	0.029952	-0.001326	0.003712	73.092444	-77.690199	-116.319494
63481	9.607878	1.994862	0.524678	0.033632	0.019328	0.002942	73.063430	-77.688223	-116.264939
63482	9.569132	2.005332	0.563736	0.028187	0.034760	0.002190	72.992042	-77.683148	-116.170230
63483	9.539022	2.043042	0.541167	0.003572	0.040453	-0.001507	72.896323	-77.675158	-116.065030
63484	9.549436	1.954758	0.565206	-0.000217	0.039602	-0.001465	72.799545	-77.667201	-115.960985
63485	9.563974	1.969997	0.596732	0.013108	0.049161	-0.006652	72.691797	-77.654839	-115.837870
63486	9.544192	1.964875	0.614928	0.005729	0.049189	-0.009121	72.580794	-77.640973	-115.715766
63487	9.563060	1.971757	0.605504	0.009112	0.042859	-0.009803	72.489412	-77.627877	-115.611739
63488	9.558068	1.959526	0.641272	0.017970	0.053033	-0.015759	72.381600	-77.609630	-115.485707
63489	9.546995	1.982336	0.596521	0.021787	0.049194	-0.016814	72.287786	-77.591529	-115.371735
63490	9.556621	1.985673	0.659762	0.019974	0.050623	-0.022820	72.193367	-77.569758	-115.258224
63491	9.487340	2.013403	0.665385	0.014209	0.047494	-0.016749	72.099993	-77.551911	-115.149137
63492	9.433147	2.032735	0.687857	0.003848	0.028113	-0.007123	72.039965	-77.542595	-115.080292
63493	9.506040	2.020831	0.656750	-0.012079	0.003592	0.000307	72.026510	-77.541755	-115.068463
63494	9.545008	1.987569	0.610747	-0.001795	0.004167	0.004474	72.013101	-77.542981	-115.050672
63495	9.559768	2.024194	0.648331	-0.005135	0.004817	0.008881	71.993733	-77.546594	-115.028706
63496	9.598967	1.967834	0.592866	-0.001796	0.007898	0.010203	71.966508	-77.550278	-114.996766
63497	9.564636	2.013563	0.608888	0.009108	0.013681	0.006699	71.935156	-77.551126	-114.954166
63498	9.545389	1.984684	0.614156	0.007748	0.016612	0.005066	71.896014	-77.550454	-114.904423
63499	9.564775	1.990099	0.602080	0.003502	0.017972	0.006473	71.851057	-77.550404	-114.851208
63500	9.560248	1.975923	0.635592	0.006141	0.027232	0.007966	71.782469	-77.549393	-114.772253
63501	9.511293	1.939824	0.597174	0.004745	0.035859	0.002579	71.697330	-77.543986	-114.677145
63502	9.564433	2.011166	0.619900	0.004313	0.033370	0.002950	71.616746	-77.539093	-114.586974
63503	9.569055	1.979430	0.572998	0.011841	0.049239	0.005820	71.500278	-77.532959	-114.455603
63504	9.486463	1.964625	0.673154	0.014475	0.055757	-0.003166	71.375782	-77.520587	-114.314491
63505	9.505634	1.948229	0.654649	0.004924	0.047049	0.001959	71.264252	-77.512644	-114.192235
63506	9.544157	1.960119	0.631872	0.009386	0.047432	-0.002011	71.156704	-77.502314	-114.071457
63507	9.480787	1.951620	0.717758	0.018109	0.045475	-0.002642	71.060742	-77.492072	-113.957405
63508	9.485060	1.965630	0.689796	0.024626	0.036742	-0.005132	70.990993	-77.481958	-113.866392
63509	9.499568	1.958582	0.709939	0.026488	0.021175	-0.002077	70.958889	-77.476504	-113.812831
63510	9.538231	1.970936	0.684130	0.031194	0.017595	-0.004840	70.939491	-77.470103	-113.769538
63511	9.523190	1.979389	0.667372	0.036095	0.020471	-0.009188	70.920668	-77.460923	-113.723932
63512	9.523065	1.957781	0.659164	0.031177	0.022324	-0.003876	70.889015	-77.454150	-113.668091
63513	9.561698	1.970132	0.634100	0.033143	0.033071	-0.003234	70.832943	-77.445816	-113.586082
63514	9.561222	1.993192	0.646635	0.034889	0.043062	-0.004778	70.753953	-77.434623	-113.479560
63515	9.521874	1.982239	0.677605	0.038643	0.054359	-0.007632	70.653416	-77.419834	-113.348716
63516	9.516492	1.992218	0.722876	0.040002	0.051442	-0.006003	70.558512	-77.406308	-113.222875
63517	9.486426	2.030475	0.699982	0.032917	0.037070	-0.004484	70.494255	-77.396434	-113.132543
63518	9.520344	2.029326	0.706871	0.031393	0.027850	-0.000766	70.447239	-77.390190	-113.060819
63519	9.501063	1.978594	0.703254	0.034079	0.026719	0.003492	70.401950	-77.386572	-112.989276
63520	9.578574	2.046631	0.670001	0.036546	0.023855	0.010317	70.358075	-77.387054	-112.917743
63521	9.583500	2.058693	0.640224	0.030048	0.025938	0.021280	70.297045	-77.393158	-112.832419
63522	9.554622	2.046418	0.728115	0.028698	0.026934	0.029108	70.224910	-77.403145	-112.736540
63523	9.555405	1.998737	0.710916	0.031840	0.023580	0.032013	70.161081	-77.415448	-112.647317
63524	9.541154	2.025361	0.703691	0.023368	0.014918	0.042356	70.103048	-77.434867	-112.569025
63525	9.522552	1.993139	0.708830	0.022241	0.018621	0.042867	70.035808	-77.453940	-112.481951
63526	9.484269	1.999542	0.746065	0.034776	0.009914	0.055474	69.984419	-77.481366	-112.403782
63527	9.446139	2.027680	0.791383	0.032591	-0.008254	0.061201	69.971637	-77.515552	-112.366420
63528	9.530458	2.058063	0.704201	0.022324	-0.016458	0.070271	69.963677	-77.556107	-112.340056
63529	9.639615	2.083305	0.561998	0.005119	-0.025038	0.090680	69.949580	-77.609451	-112.317497
63530	9.735075	1.931235	0.458801	-0.002092	0.005035	0.115963	69.833315	-77.670348	-112.194590
63531	9.859973	1.554939	0.573110	0.066050	0.060488	0.130963	69.605444	-77.728337	-111.917483
63532	10.248166	1.437655	0.257089	0.490573	0.162038	0.187978	69.312982	-77.796110	-111.325500
63533	10.096940	2.322951	0.243310	0.911682	0.355450	0.312935	68.656983	-77.890096	-110.114975
63534	9.519658	2.742287	0.381234	0.999558	0.414948	0.389660	67.809075	-78.008756	-108.657250
63535	9.213977	3.409763	0.685756	1.120469	0.480845	0.389398	66.845181	-78.108054	-107.010697
63536	8.356728	4.673100	1.033691	1.410690	0.589617	0.255348	65.906903	-78.106170	-105.220742
63537	8.087946	5.872964	1.647885	1.541619	0.566160	0.138483	65.239336	-78.043777	-103.630564
63538	7.913219	6.985452	1.474044	1.364277	0.326418	0.126286	65.078156	-78.030305	-102.661676
63539	8.624752	6.889312	2.279871	0.790150	0.301310	0.091458	64.693024	-78.003765	-101.800003
63540	8.651024	5.968068	1.563673	0.512095	0.262040	0.012686	64.337203	-77.945153	-101.131102
63541	8.407215	5.478794	1.932446	0.988364	0.368297	-0.049803	64.079906	-77.826700	-100.283567
63542	8.789369	5.890397	2.120735	0.720632	0.161387	0.016163	64.090790	-77.794041	-99.867180
63543	9.030637	4.911326	1.909806	0.458547	0.111820	0.046972	64.036819	-77.789085	-99.537933
63544	9.041928	4.490653	1.795315	0.586249	0.194834	0.015349	63.893983	-77.747411	-99.042972
63545	8.929346	4.780767	1.789959	0.612409	0.236168	-0.030985	63.727679	-77.670482	-98.508411
63546	8.917592	4.971692	1.776257	0.453579	0.175610	-0.019414	63.600288	-77.615293	-98.106844
63547	8.709680	4.850303	1.602130	0.343212	0.141425	-0.041709	63.520038	-77.556389	-97.818056
63548	8.738795	4.834562	1.599236	0.202149	0.093519	-0.077463	63.510402	-77.492184	-97.684450
63549	8.855109	4.443607	1.498481	0.026433	0.043951	-0.140784	63.590235	-77.407178	-97.745436
63550	8.942796	4.068421	1.454001	-0.067743	0.040269	-0.221391	63.711965	-77.282685	-97.904861
63551	8.927336	3.704293	1.392853	-0.153507	0.036389	-0.303971	63.884798	-77.115526	-98.166987
63552	9.188446	3.460277	1.475996	-0.285689	0.007659	-0.351409	64.089161	-76.932077	-98.539559
63553	9.247959	2.676646	1.312130	-0.437561	-0.033229	-0.379802	64.321335	-76.742662	-99.030144
63554	9.455747	2.261424	1.293530	-0.470351	-0.033238	-0.392847	64.535465	-76.547270	-99.522076
63555	9.537517	1.570114	1.163308	-0.541292	-0.073484	-0.374034	64.768795	-76.369820	-100.075752
63556	9.793532	1.187329	1.020780	-0.649805	-0.104363	-0.334614	64.954531	-76.221091	-100.645014
63557	9.637399	0.369260	0.581065	-0.711831	-0.158627	-0.306620	65.186121	-76.098315	-101.298245
63558	9.858041	0.266635	0.589593	-0.690844	-0.163305	-0.298767	65.422086	-75.981319	-101.944118
63559	9.966008	0.123104	0.632506	-0.763957	-0.195120	-0.298520	65.676818	-75.870207	-102.652678
63560	10.170140	-1.128113	-0.202133	-0.928312	-0.343373	-0.203448	66.048752	-75.843726	-103.579599
63561	10.399567	-1.441734	0.294748	-0.984460	-0.321255	-0.055371	66.207984	-75.887659	-104.320169
63562	10.110121	-2.448524	-0.145457	-0.927082	-0.332526	-0.083336	66.450143	-75.919871	-105.112369
63563	10.798606	-3.503332	-0.509685	-1.032465	-0.444825	-0.038428	66.832683	-75.999371	-106.111202
63564	11.285402	-5.378049	-1.050792	-1.124349	-0.521415	0.139526	67.175164	-76.189137	-107.122533
63565	11.808438	-6.216473	-1.418013	-0.827208	-0.381268	0.281473	67.274757	-76.421407	-107.707648
63566	11.245809	-6.557138	-1.940887	-0.574935	-0.275784	0.370651	67.213066	-76.677826	-107.977788
63567	12.060288	-6.325683	-2.923782	-0.421834	-0.369007	0.522229	67.314022	-77.034958	-108.324493
63568	10.611762	-0.331622	1.156361	0.517317	0.394402	0.129370	66.583858	-77.014140	-107.265908
63569	9.065819	2.876906	0.788804	1.242855	0.489203	-0.142279	66.332745	-76.827184	-106.271905
63570	8.420198	4.460177	2.143548	0.383687	0.305380	0.007665	65.865249	-76.759755	-105.560773
63571	9.235591	2.513488	0.728684	-0.666177	-0.453402	0.270232	66.235424	-77.006358	-106.327639
63572	9.967576	0.884553	0.745141	-0.596955	-0.256094	0.266651	66.212723	-77.204777	-106.650108
63573	9.539818	1.011695	0.957618	0.390807	-0.003282	0.064930	66.380949	-77.239257	-106.587870
63574	9.253915	2.119823	0.784417	0.325216	-0.012268	-0.018129	66.615815	-77.231987	-106.632512
63575	9.335485	2.264197	1.086756	-0.136583	-0.159347	0.007640	66.903322	-77.271717	-107.002389
63576	9.487470	1.734031	0.951569	-0.050529	-0.204575	0.024164	67.331440	-77.329511	-107.465802
63577	9.509799	1.963888	0.875316	0.136817	-0.168852	0.013467	67.797693	-77.373249	-107.858184
63578	9.667004	2.171086	0.588083	0.043376	-0.185241	0.014997	68.250058	-77.420407	-108.291136
63579	9.752425	1.930807	0.514261	-0.049120	-0.138563	0.021124	68.535728	-77.460583	-108.607517
63580	9.692803	1.847193	0.650417	0.031051	-0.060570	0.012856	68.688473	-77.479578	-108.740650
63581	9.328987	1.863058	0.871598	0.062611	-0.027519	0.005058	68.788319	-77.487697	-108.801053
63582	9.343806	1.879243	0.892599	0.045954	-0.081500	-0.000840	69.013494	-77.503541	-108.999616
63583	9.506965	2.002063	0.768876	0.064588	-0.108906	-0.001259	69.317483	-77.524765	-109.267941
63584	9.616557	2.074751	0.634997	0.068113	-0.097970	0.017974	69.579591	-77.553604	-109.491291
63585	9.671506	2.053529	0.607570	0.045392	-0.089121	0.027992	69.800049	-77.586076	-109.685284
63586	9.815377	2.075857	0.465128	0.050797	-0.037903	0.041024	69.886598	-77.615121	-109.738989
63587	9.600230	2.037484	0.620512	0.041590	0.013008	0.056190	69.830458	-77.642490	-109.651993
63588	9.330389	1.952068	0.900327	0.013434	-0.015936	0.060506	69.824224	-77.677675	-109.632622
63589	9.548194	1.911552	0.713051	-0.003045	-0.064284	0.057663	69.931409	-77.721074	-109.738988
63590	9.633344	1.916146	0.612926	0.012098	-0.045481	0.048095	70.009072	-77.755387	-109.806261
63591	9.595180	1.924438	0.644561	0.023609	-0.032392	0.044693	70.065178	-77.785502	-109.844707
63592	9.576608	1.937906	0.663738	0.006093	-0.023805	0.046879	70.087132	-77.814900	-109.858488
63593	9.499027	1.867747	0.698232	-0.006716	-0.032260	0.039074	70.130978	-77.841953	-109.902158
63594	9.573424	1.918153	0.690196	0.002299	-0.027730	0.036636	70.170084	-77.866591	-109.935706
63595	9.500893	1.906570	0.709528	-0.001309	-0.036458	0.032447	70.233933	-77.890872	-109.996658
63596	9.546165	1.925598	0.646675	-0.008967	-0.042996	0.031816	70.309732	-77.915849	-110.074328
63597	9.581216	1.920449	0.647790	-0.011425	-0.037253	0.035309	70.367738	-77.941796	-110.135220
63598	9.542877	1.906953	0.671626	-0.019294	-0.039850	0.033382	70.428841	-77.966977	-110.203897
63599	9.563072	1.840464	0.628853	-0.027820	-0.040144	0.025872	70.493784	-77.988355	-110.281477
63600	9.583316	1.866399	0.621426	-0.022560	-0.019686	0.011896	70.521573	-77.998049	-110.317998
63601	9.544462	1.878028	0.656329	-0.018695	-0.008427	0.008748	70.526791	-78.004104	-110.329166
63602	9.544838	1.899819	0.663934	-0.030431	-0.022279	0.009971	70.558469	-78.013248	-110.374272
63603	9.564372	1.835576	0.623350	-0.036460	-0.014041	0.001525	70.574316	-78.016469	-110.406709
63604	9.589316	1.898129	0.594769	-0.028103	-0.003336	-0.000888	70.568908	-78.016131	-110.412538
63605	9.550081	1.887901	0.622590	-0.027628	0.003913	-0.000480	70.545926	-78.014849	-110.400109
63606	9.525095	1.825304	0.651857	-0.036160	0.003626	-0.007982	70.524568	-78.009350	-110.394351
63607	9.485870	1.861651	0.697047	-0.031231	-0.003079	-0.014157	70.529609	-78.002015	-110.412681
63608	9.524970	1.895815	0.678207	-0.030591	-0.014025	-0.015040	70.562637	-77.996072	-110.459263
63609	9.569054	1.919342	0.618064	-0.029477	-0.017725	-0.015509	70.607045	-77.990793	-110.516812
63610	9.543842	1.812027	0.628228	-0.042040	-0.011927	-0.013858	70.627049	-77.985077	-110.556788
63611	9.524193	1.877059	0.667826	-0.019303	-0.000929	-0.025283	70.643283	-77.971316	-110.579574
63612	9.465234	1.909284	0.725435	-0.024759	-0.021342	-0.018251	70.700888	-77.965002	-110.647873
63613	9.563036	1.913321	0.646295	-0.030423	-0.037814	-0.012510	70.792853	-77.965108	-110.754610
63614	9.607097	1.913935	0.576067	-0.014198	-0.019770	-0.012104	70.846991	-77.961789	-110.813178
63615	9.582465	1.920460	0.629006	-0.015755	-0.013809	-0.010331	70.884484	-77.958521	-110.855626
63616	9.601922	1.903327	0.605677	-0.014407	-0.012815	-0.003047	70.912842	-77.958784	-110.887958
63617	9.567718	1.905519	0.600749	-0.006057	0.002634	-0.004559	70.909074	-77.955554	-110.882534
63618	9.562658	1.916711	0.641826	-0.002006	0.005203	-0.007258	70.902510	-77.950159	-110.871893
63619	9.582006	1.899574	0.620235	-0.006715	0.008829	-0.004532	70.882646	-77.945783	-110.850395
63620	9.547570	1.879215	0.608235	-0.013885	0.015166	-0.008625	70.845259	-77.937776	-110.815196
63621	9.542032	1.822718	0.624795	-0.014758	0.022290	-0.020224	70.800594	-77.922370	-110.773048
63622	9.502488	1.905971	0.689501	-0.010469	0.027416	-0.030255	70.753418	-77.900338	-110.725831
63623	9.487233	1.915627	0.673366	-0.015894	0.012618	-0.027112	70.738780	-77.883025	-110.715052
63624	9.574463	1.896932	0.661735	-0.025105	0.008173	-0.031605	70.733067	-77.863893	-110.718816
63625	9.539632	1.924653	0.667221	-0.014082	0.013976	-0.035361	70.723357	-77.841861	-110.712015
63626	9.538829	1.905100	0.660178	-0.011831	0.016078	-0.034565	70.708040	-77.819633	-110.698173
63627	9.557717	1.936106	0.657038	-0.021270	0.013825	-0.030863	70.690720	-77.800062	-110.687800
63628	9.517888	1.928319	0.685958	-0.013638	0.014735	-0.026335	70.670622	-77.782537	-110.670123
63629	9.576030	1.946405	0.646994	-0.017672	0.017789	-0.027518	70.642640	-77.764019	-110.646729
63630	9.555788	1.920807	0.654240	-0.018114	0.024800	-0.025344	70.594186	-77.745112	-110.602658
63631	9.569653	1.916309	0.675336	-0.016978	0.026733	-0.029693	70.546486	-77.723709	-110.558674
63632	9.500503	1.922973	0.668900	-0.027286	0.026870	-0.038483	70.499471	-77.697293	-110.521448
63633	9.553259	1.930249	0.663318	-0.024792	0.031547	-0.045028	70.449186	-77.666672	-110.479393
63634	9.512975	1.946571	0.702350	-0.016714	0.025457	-0.042675	70.415756	-77.638252	-110.449863
63635	9.506985	1.938052	0.736595	-0.013358	0.018227	-0.038469	70.399403	-77.613721	-110.435831
63636	9.545415	1.929298	0.702387	-0.013588	0.011790	-0.036754	70.396340	-77.591120	-110.435555
63637	9.569263	1.927792	0.649915	-0.017157	0.018229	-0.043135	70.381961	-77.564069	-110.425769
63638	9.533918	1.979195	0.665255	-0.007716	0.030023	-0.045100	70.345044	-77.533454	-110.387378
63639	9.478972	2.002533	0.685896	-0.013103	0.030338	-0.044110	70.304511	-77.503541	-110.348425
63640	9.541286	1.968153	0.721287	-0.015570	0.021800	-0.043206	70.281787	-77.475526	-110.329172
63641	9.506296	1.950799	0.710150	-0.009526	0.023919	-0.037750	70.253645	-77.450274	-110.300804
63642	9.485548	1.994424	0.743508	-0.020750	0.017279	-0.036188	70.232982	-77.426916	-110.286700
63643	9.524132	1.985426	0.709248	-0.027264	0.006139	-0.032590	70.233312	-77.407888	-110.297913
63644	9.518389	1.975890	0.742452	-0.024358	0.011551	-0.030068	70.219167	-77.388939	-110.292603
63645	9.528332	1.934967	0.653549	-0.029730	0.002352	-0.030821	70.225649	-77.371599	-110.311571
63646	9.541852	1.976387	0.691061	-0.020987	0.020363	-0.032744	70.194605	-77.349497	-110.286962
63647	9.462334	2.003242	0.764770	-0.015601	0.014421	-0.029865	70.179384	-77.330334	-110.275392
63648	9.559976	2.009644	0.689669	-0.026402	0.003724	-0.020112	70.174327	-77.318271	-110.280597
63649	9.500741	1.995118	0.731133	-0.018558	0.006333	-0.018138	70.166696	-77.306998	-110.278540
63650	9.505251	2.031672	0.708878	-0.013632	0.002638	-0.013941	70.166232	-77.298472	-110.280953
63651	9.499954	2.020247	0.741182	-0.021281	-0.000063	-0.009006	70.164463	-77.293364	-110.286506
63652	9.465895	1.999442	0.727804	-0.018838	-0.002810	-0.002151	70.163871	-77.292252	-110.291846
63653	9.504982	2.032815	0.709207	-0.017948	-0.013862	0.003858	70.185903	-77.296758	-110.319839
63654	9.519939	2.002433	0.717684	-0.017062	-0.014510	0.006861	70.206554	-77.302775	-110.345910
63655	9.525021	2.036833	0.693825	-0.015496	-0.010957	0.006830	70.220514	-77.308314	-110.364189
63656	9.534894	2.016150	0.742754	-0.017992	-0.021308	0.017241	70.248030	-77.321241	-110.397842
63657	9.545774	1.993783	0.660431	-0.012402	-0.005651	0.016283	70.242944	-77.330847	-110.394779
63658	9.521298	1.997098	0.714513	-0.016441	-0.002598	0.015088	70.228366	-77.338988	-110.384376
63659	9.502208	1.967328	0.719210	-0.014650	-0.002997	0.016340	70.215552	-77.348111	-110.374713
63660	9.507440	2.000766	0.696263	-0.015553	-0.003245	0.018088	70.200411	-77.357993	-110.363212
63661	9.517366	1.979396	0.746221	-0.014209	-0.006145	0.019774	70.192408	-77.369578	-110.358222
63662	9.503401	1.961807	0.718524	-0.017108	-0.011542	0.017228	70.197059	-77.380607	-110.367917
63663	9.537965	1.958533	0.722397	-0.010142	-0.013046	0.015327	70.211856	-77.391134	-110.383903
63664	9.494508	2.000970	0.675369	-0.005423	-0.011898	0.013488	70.227341	-77.400214	-110.397839
63665	9.524135	1.962817	0.701935	-0.002057	-0.013500	0.013833	70.249215	-77.410022	-110.416329
63666	9.538888	1.977351	0.727814	-0.005182	-0.014946	0.010011	70.275264	-77.417815	-110.440946
63667	9.510293	1.967238	0.681193	-0.001408	-0.011099	0.020307	70.286149	-77.430648	-110.447795
63668	9.530170	1.993651	0.675707	-0.003638	-0.007545	0.015617	70.290370	-77.440032	-110.449140
63669	9.545234	1.962292	0.684489	-0.010146	-0.008285	0.016200	70.293021	-77.450107	-110.452682
63670	9.525825	1.978211	0.706667	-0.000269	0.001251	0.012975	70.280149	-77.456366	-110.434538
63671	9.511396	2.006725	0.697425	-0.006777	0.000511	0.013559	70.265685	-77.463316	-110.418569
63672	9.531651	1.942480	0.657187	-0.015302	-0.006274	0.014599	70.261009	-77.471905	-110.417646
63673	9.526582	1.996690	0.715709	-0.004320	0.003408	0.016535	70.238296	-77.479897	-110.391786
63674	9.512540	1.956871	0.679688	-0.007891	-0.005284	0.012263	70.237484	-77.487036	-110.390471
63675	9.532342	1.961242	0.666194	-0.007431	0.002865	0.007964	70.221754	-77.490510	-110.373590
63676	9.527442	1.947908	0.698571	-0.002951	0.007056	0.009603	70.196091	-77.493820	-110.343922
63677	9.527592	1.947013	0.699030	-0.007880	0.000367	0.008396	70.185778	-77.498011	-110.332854
63678	9.527600	1.969058	0.708312	-0.003384	0.005457	0.005286	70.167513	-77.499301	-110.311018
63679	9.527865	1.923064	0.691216	-0.006749	0.007065	0.004940	70.144579	-77.500326	-110.286359
63680	9.513063	1.975501	0.691586	-0.004927	0.008461	-0.003305	70.125671	-77.496399	-110.264770
63681	9.527546	1.968420	0.710796	-0.006516	0.008764	0.002349	70.101020	-77.495693	-110.238216
63682	9.566797	1.956303	0.676161	-0.011892	0.014727	-0.000526	70.060480	-77.492035	-110.198556
63683	9.512999	1.930031	0.677653	-0.010085	0.015225	-0.004023	70.023739	-77.486629	-110.161711
63684	9.512460	1.998554	0.706318	-0.006944	0.022320	-0.004068	69.970806	-77.479563	-110.106452
63685	9.561127	1.944689	0.713869	-0.008734	0.022726	-0.005324	69.917896	-77.471969	-110.052249
63686	9.546194	1.974981	0.706948	-0.008283	0.025228	-0.005759	69.858785	-77.463398	-109.991443
63687	9.545849	1.975577	0.709940	-0.007602	0.034184	-0.007903	69.781269	-77.452127	-109.911364
63688	9.530972	1.983207	0.694860	-0.012099	0.029094	-0.004802	69.709980	-77.443271	-109.840317
63689	9.530730	1.961076	0.689347	-0.007817	0.038146	-0.009189	69.624209	-77.430475	-109.751900
63690	9.549832	1.989726	0.688755	-0.015468	0.040217	-0.003404	69.523210	-77.420099	-109.652385
63691	9.549749	1.944532	0.675183	-0.011201	0.043616	-0.003925	69.417975	-77.408963	-109.546005
63692	9.529442	1.984783	0.711165	-0.012777	0.049582	-0.002152	69.295270	-77.397285	-109.422658
63693	9.529192	1.962052	0.707595	-0.012113	0.057647	0.000440	69.152362	-77.385537	-109.278200
63694	9.523593	1.949512	0.745049	-0.012321	0.056859	-0.001732	69.012628	-77.372466	-109.137125
63695	9.517649	1.982555	0.799793	-0.011640	0.045901	-0.002654	68.901384	-77.361335	-109.024824
63696	9.488477	1.974176	0.758809	-0.014332	0.046065	-0.002176	68.787124	-77.350131	-108.911023
63697	9.522253	1.972468	0.768184	-0.012327	0.041706	0.000355	68.683051	-77.341382	-108.806467
63698	9.507695	1.956689	0.744877	-0.013229	0.036704	0.001217	68.588850	-77.333852	-108.712569
63699	9.467968	1.968021	0.784284	-0.017981	0.034659	0.007779	68.491578	-77.330462	-108.618299
63700	9.502002	1.965554	0.792265	-0.016849	0.021434	0.005560	68.427601	-77.328395	-108.557502
63701	9.521653	1.970167	0.781414	-0.013280	0.025382	0.008954	68.353963	-77.327534	-108.484694
63702	9.526925	1.981658	0.752399	-0.013069	0.026183	0.011108	68.275716	-77.327382	-108.407051
63703	9.501846	1.985115	0.808771	-0.017576	0.016322	0.013325	68.216935	-77.330730	-108.351993
63704	9.521860	1.966323	0.788543	-0.015793	0.020677	0.015459	68.146006	-77.334026	-108.283452
63705	9.482663	1.953633	0.817214	-0.017853	0.013712	0.020659	68.086194	-77.341802	-108.227503
63706	9.502821	1.934370	0.796368	-0.012008	0.011142	0.018384	68.037115	-77.348662	-108.179136
63707	9.503052	1.932731	0.797588	-0.012426	0.009547	0.014067	67.996444	-77.353808	-108.139620
63708	9.508374	1.966632	0.776185	-0.012635	0.013512	0.012783	67.946672	-77.357167	-108.090914
63709	9.483296	1.970183	0.831637	-0.011269	0.011507	0.009729	67.906126	-77.359575	-108.050848
63710	9.523085	1.957013	0.796872	-0.013790	0.002034	0.015362	67.880337	-77.366764	-108.027400
63711	9.509013	1.962483	0.778841	-0.018968	-0.001607	0.017601	67.858803	-77.376171	-108.011340
63712	9.509518	1.937934	0.770196	-0.011795	0.002425	0.018778	67.829874	-77.385083	-107.983505
63713	9.509702	1.958856	0.779564	-0.016937	-0.000306	0.016269	67.807646	-77.393499	-107.965543
63714	9.524519	1.927435	0.789326	-0.012877	0.002290	0.013613	67.783351	-77.399695	-107.943092
63715	9.510363	1.933312	0.771383	-0.016900	0.000607	0.011519	67.763533	-77.405392	-107.927578
63716	9.510613	1.909832	0.763002	-0.019064	0.005096	0.002072	67.740199	-77.404856	-107.909746
63717	9.524681	1.947818	0.800309	-0.015003	0.007691	-0.000581	67.716398	-77.402597	-107.889038
63718	9.485290	1.914364	0.818757	-0.014095	0.003180	-0.003201	67.705593	-77.399679	-107.881126
63719	9.485121	1.937074	0.828032	-0.015254	-0.003539	0.000250	67.707476	-77.400301	-107.886883
63720	9.490357	1.972284	0.805177	-0.005389	-0.004437	0.000078	67.716536	-77.400776	-107.894216
63721	9.530227	1.937455	0.759525	-0.007916	-0.018673	0.004822	67.754089	-77.407106	-107.932214
63722	9.524960	1.947076	0.798801	-0.004310	-0.013823	0.003480	67.782760	-77.411419	-107.959007
63723	9.505456	1.941040	0.811046	-0.005463	-0.011020	0.008688	67.799847	-77.418134	-107.974593
63724	9.505616	1.962855	0.818735	-0.014668	-0.021099	0.007946	67.835599	-77.426386	-108.014721
63725	9.550910	1.940208	0.740837	-0.012845	-0.015837	0.005342	67.863202	-77.432362	-108.045414
63726	9.545818	1.926839	0.771530	-0.008818	-0.009397	0.008316	67.874156	-77.438276	-108.056699
63727	9.551216	1.961375	0.748295	-0.010146	-0.006479	0.006623	67.879811	-77.442911	-108.063321
63728	9.506617	1.937254	0.806481	-0.005420	-0.000586	0.005701	67.874260	-77.445536	-108.055701
63729	9.512183	1.926653	0.765583	-0.009236	-0.006228	0.004881	67.881529	-77.449192	-108.063443
63730	9.546349	1.946849	0.779203	-0.003428	-0.004962	0.008238	67.885094	-77.454108	-108.063993
63731	9.532070	1.953537	0.760729	-0.002482	0.000960	0.002636	67.881272	-77.455023	-108.056408
63732	9.512449	1.947642	0.774130	-0.003635	-0.000999	0.006963	67.876498	-77.458406	-108.048536
63733	9.532294	1.952388	0.760877	-0.003179	0.001506	0.006533	67.867188	-77.461271	-108.035737
63734	9.532446	1.951505	0.761232	-0.000516	0.005190	0.011680	67.844840	-77.465821	-108.008032
63735	9.473500	1.934117	0.801642	-0.004785	0.001804	0.012170	67.828403	-77.471611	-107.988876
63736	9.507987	1.908269	0.797676	-0.005487	-0.002408	0.015184	67.817902	-77.479659	-107.976226
63737	9.533455	1.902151	0.743337	-0.007064	-0.005957	0.015195	67.815720	-77.488732	-107.973010
63738	9.528143	1.956046	0.801967	-0.008842	-0.000782	0.014815	67.799743	-77.496232	-107.956721
63739	9.533847	1.944530	0.761536	-0.006143	0.003813	0.015218	67.774665	-77.503201	-107.929514
63740	9.528792	1.930296	0.793805	-0.010407	0.005190	0.016590	67.741713	-77.510345	-107.896756
63741	9.529171	1.883661	0.776453	-0.012369	0.005721	0.008429	67.715096	-77.513294	-107.871628
63742	9.554163	1.923808	0.741662	-0.007148	0.015026	0.002342	67.674409	-77.510738	-107.829036
63743	9.494746	1.952691	0.801183	-0.004913	0.012356	0.002292	67.642213	-77.508985	-107.793817
63744	9.489541	1.916733	0.824711	-0.016640	0.002340	0.008913	67.619981	-77.512667	-107.775699
63745	9.534431	1.939596	0.766792	-0.006956	0.001543	0.001848	67.612909	-77.513031	-107.767413
63746	9.554259	1.944389	0.753767	-0.013285	0.000715	0.009280	67.596112	-77.517260	-107.752891
63747	9.529338	1.925412	0.799092	-0.012375	0.000964	0.007540	67.581703	-77.520765	-107.740271
63748	9.549103	1.952722	0.795238	-0.009224	0.003303	0.006635	67.563633	-77.523026	-107.722063
63749	9.529479	1.946518	0.809249	-0.007433	0.007647	0.008781	67.534813	-77.525724	-107.691784
63750	9.529674	1.922935	0.801052	-0.011246	0.006771	0.008839	67.505085	-77.528388	-107.662823
63751	9.554802	1.962772	0.765960	-0.012366	0.005727	0.008420	67.478362	-77.531309	-107.637586
63752	9.510195	1.915486	0.816237	-0.013054	0.011035	0.013197	67.433031	-77.535335	-107.593708
63753	9.524808	1.884290	0.826469	-0.008800	0.004897	0.010943	67.407796	-77.539766	-107.567904
63754	9.501545	1.910711	0.758923	-0.008305	0.008316	0.005777	67.379050	-77.540456	-107.538224
63755	9.530331	1.917892	0.805315	-0.014193	0.000474	0.011006	67.361217	-77.545892	-107.523165
63756	9.530491	1.916814	0.805982	-0.009001	0.008864	0.009669	67.326850	-77.548514	-107.488138
63757	9.555847	1.911064	0.752833	-0.011279	0.005863	0.013569	67.295175	-77.554110	-107.457196
63758	9.555889	1.955036	0.772161	-0.012591	0.013547	0.012763	67.244393	-77.557320	-107.407466
63759	9.491489	1.901970	0.836397	-0.010585	0.018687	0.017064	67.178834	-77.561905	-107.341418
63760	9.511426	1.905787	0.824547	-0.009036	0.007954	0.014400	67.141766	-77.567204	-107.303649
63761	9.522491	1.907087	0.753285	-0.010145	0.011673	0.014865	67.095383	-77.572167	-107.256982
63762	9.517250	1.915395	0.795286	-0.009272	0.011008	0.017863	67.047287	-77.578598	-107.208059
63763	9.477960	1.903175	0.822694	-0.005445	0.003273	0.011302	67.027263	-77.583545	-107.185628
63764	9.512293	1.877490	0.819094	-0.011040	0.002820	0.010091	67.005603	-77.587699	-107.164814
63765	9.551964	1.887184	0.793174	-0.012149	0.006540	0.010556	66.974629	-77.591518	-107.135104
63766	9.492758	1.892746	0.842897	-0.006977	0.005403	0.007456	66.951763	-77.593699	-107.110672
63767	9.532387	1.902868	0.816544	-0.012599	-0.004573	0.004474	66.953337	-77.596800	-107.114553
63768	9.532509	1.902308	0.816426	-0.010355	-0.002487	0.005312	66.949625	-77.599619	-107.111716
63769	9.532612	1.901788	0.816428	-0.008324	-0.001196	0.003995	66.946034	-77.601711	-107.107801
63770	9.518426	1.908409	0.798006	-0.011514	-0.004444	0.009626	66.941945	-77.607244	-107.105257
63771	9.538427	1.890069	0.775813	-0.012607	0.004038	0.010978	66.916198	-77.611840	-107.081171
63772	9.538500	1.934338	0.794642	-0.009006	0.004114	0.008770	66.893866	-77.614998	-107.058478
63773	9.524407	1.895438	0.758438	-0.008808	0.000148	0.010038	66.880567	-77.619971	-107.044908
63774	9.533420	1.919584	0.826976	-0.011037	0.002826	0.010084	66.858793	-77.624108	-107.023979
63775	9.519336	1.880605	0.790759	-0.007686	0.001191	0.010456	66.843180	-77.629064	-107.007382
63776	9.485394	1.926749	0.804020	-0.011301	-0.003645	0.011774	66.835034	-77.635548	-107.000560
63777	9.500080	1.850264	0.794654	-0.010194	-0.007363	0.011306	66.837649	-77.642879	-107.004096
63778	9.539749	1.883028	0.776679	-0.009673	-0.007788	0.000528	66.851962	-77.644371	-107.019311
63779	9.545274	1.895525	0.744503	-0.003866	-0.006546	0.003895	66.863869	-77.647615	-107.028647
63780	9.520157	1.899744	0.798027	-0.008551	-0.006745	0.000948	66.875893	-77.649092	-107.040861
63781	9.548882	1.862328	0.825266	-0.007839	-0.002530	-0.002054	66.881985	-77.648298	-107.046574
63782	9.539877	1.905459	0.784444	-0.006680	-0.000572	-0.006366	66.887739	-77.644532	-107.051271
63783	9.534283	1.915958	0.825425	-0.007999	0.002354	-0.008053	66.888142	-77.639478	-107.051255
63784	9.534206	1.871351	0.807142	-0.006695	-0.005332	-0.007256	66.906240	-77.636313	-107.068598
63785	9.519733	1.902014	0.797684	-0.010045	-0.003695	-0.007629	66.919564	-77.632842	-107.083011
63786	9.519555	1.880316	0.788810	-0.003688	0.006646	-0.013260	66.916731	-77.623821	-107.077162
63787	9.553365	1.902039	0.803500	-0.008211	0.001563	-0.010210	66.921103	-77.617808	-107.081333
63788	9.538797	1.932880	0.794623	-0.009120	0.001315	-0.008476	66.923066	-77.612506	-107.083582
63789	9.538649	1.911035	0.785812	-0.010901	0.001737	-0.009741	66.924993	-77.606701	-107.086829
63790	9.552836	1.881734	0.795628	-0.006862	0.008159	-0.006745	66.910067	-77.600774	-107.070460
63791	9.498680	1.924256	0.823043	-0.007075	0.007367	-0.008902	66.899840	-77.594147	-107.059018
63792	9.543516	1.925698	0.756354	-0.013416	0.001784	-0.002385	66.891999	-77.591950	-107.053748
63793	9.532530	1.900575	0.820202	-0.003262	0.008237	-0.008951	66.881945	-77.585100	-107.040245
63794	9.532222	1.924071	0.830351	-0.012205	0.009428	-0.010543	66.864854	-77.576884	-107.024793
63795	9.526682	1.866773	0.844419	-0.010687	0.002533	-0.007591	66.862820	-77.572033	-107.023859
63796	9.531715	1.925856	0.832024	-0.003422	0.013130	-0.014953	66.846449	-77.560659	-107.003990
63797	9.491898	1.916115	0.859367	-0.015830	-0.000169	-0.010125	66.850505	-77.555082	-107.012309
63798	9.517023	1.889950	0.796301	-0.013600	-0.002846	-0.010173	66.861580	-77.549823	-107.026518
63799	9.516731	1.936059	0.814565	-0.005317	-0.002571	-0.009424	66.876652	-77.545156	-107.039950
63800	9.516580	1.914499	0.805399	-0.012440	-0.000880	-0.014488	66.888073	-77.537180	-107.053833
63801	9.516498	1.892568	0.796360	-0.014995	-0.001763	-0.002393	66.888501	-77.536034	-107.057947
63802	9.516355	1.915569	0.805516	-0.010037	-0.003688	-0.007646	66.901017	-77.532295	-107.071543
63803	9.535977	1.944041	0.801222	-0.013885	-0.005481	-0.002865	66.911418	-77.531736	-107.085220
63804	9.510811	1.925952	0.845602	-0.013896	-0.010240	-0.003760	66.933385	-77.531515	-107.110758
63805	9.536048	1.944277	0.799800	-0.016634	-0.015752	0.000549	66.963235	-77.535057	-107.145968
63806	9.556040	1.904420	0.767081	-0.015265	-0.012994	-0.001608	66.988812	-77.536583	-107.176006
63807	9.536269	1.921626	0.788866	-0.017034	-0.007810	-0.001980	67.002072	-77.537007	-107.194459
63808	9.516528	1.894005	0.792574	-0.015179	-0.006381	-0.010186	67.020604	-77.532525	-107.217232
63809	9.530655	1.932399	0.828996	-0.016785	-0.006093	-0.004560	67.032514	-77.531203	-107.234155
63810	9.536068	1.923056	0.787807	-0.013645	-0.008518	-0.006345	67.053122	-77.529221	-107.258156
63811	9.496468	1.912779	0.814077	-0.017408	-0.003699	-0.010140	67.064586	-77.524418	-107.274989
63812	9.516143	1.918704	0.800544	-0.018151	-0.008847	-0.002411	67.079414	-77.524583	-107.295714
63813	9.521560	1.931627	0.768439	-0.016369	-0.009270	-0.001147	67.095680	-77.525767	-107.316856
63814	9.516215	1.918784	0.799487	-0.014340	-0.007977	-0.002458	67.110665	-77.525711	-107.335504
63815	9.516362	1.896148	0.789431	-0.016625	-0.015742	0.000527	67.140557	-77.529216	-107.370751
63816	9.536084	1.924355	0.784434	-0.012982	-0.009975	-0.005512	67.164165	-77.527989	-107.397435
63817	9.501994	1.904346	0.769241	-0.012295	-0.015266	-0.010308	67.206297	-77.525659	-107.442677
63818	9.564726	1.888500	0.810037	-0.018078	-0.006980	-0.011889	67.226213	-77.520392	-107.468570
63819	9.515990	1.921433	0.795799	-0.007100	-0.002125	-0.010702	67.240311	-77.514934	-107.482052
63820	9.496072	1.916849	0.809115	-0.021877	-0.003089	-0.010946	67.247789	-77.509300	-107.497437
63821	9.510216	1.932962	0.836246	-0.013614	-0.012330	-0.012000	67.283764	-77.505414	-107.537149
63822	9.535118	1.974792	0.799840	-0.015879	-0.010584	-0.007213	67.308797	-77.503408	-107.566995
63823	9.529999	1.894378	0.803093	-0.017023	-0.007799	-0.002001	67.322011	-77.503797	-107.585396
63824	9.549556	1.923011	0.798843	-0.016498	-0.003427	-0.011888	67.334265	-77.497736	-107.602516
63825	9.529602	1.940748	0.821564	-0.013623	0.001009	-0.004556	67.330958	-77.494828	-107.602000
63826	9.515232	1.925843	0.794199	-0.017226	-0.003827	-0.003260	67.335147	-77.493417	-107.611287
63827	9.549419	1.901550	0.789498	-0.018810	-0.012125	-0.004180	67.359797	-77.493606	-107.642451
63828	9.509821	1.935952	0.833826	-0.011193	-0.010390	-0.004265	67.384084	-77.493108	-107.668783
63829	9.540224	1.967617	0.756584	-0.011438	-0.012109	-0.001691	67.410444	-77.494605	-107.697373
63830	9.535134	1.909467	0.768760	-0.015695	-0.010725	-0.000330	67.429048	-77.496258	-107.720527
63831	9.549532	1.902150	0.786683	-0.011391	-0.001663	-0.004612	67.433425	-77.493909	-107.726570
63832	9.529730	1.919216	0.809262	-0.016137	-0.003719	0.001898	67.432857	-77.495199	-107.730345
63833	9.529821	1.896601	0.799948	-0.009609	-0.002089	-0.003347	67.438009	-77.493613	-107.736139
63834	9.500896	1.934331	0.772672	-0.014535	-0.003993	-0.003734	67.444592	-77.491984	-107.746298
63835	9.515220	1.927304	0.790791	-0.013840	-0.004521	-0.007631	67.457358	-77.488666	-107.762373
63836	9.534796	1.933619	0.777271	-0.007557	-0.004610	-0.010301	67.475898	-77.483695	-107.780686
63837	9.529365	1.921362	0.808467	-0.014296	-0.007024	-0.007221	67.493946	-77.481142	-107.802440
63838	9.534569	1.935033	0.776538	-0.013389	-0.006768	-0.008956	67.512936	-77.477353	-107.824637
63839	9.529094	1.922961	0.807854	-0.006194	-0.001847	-0.012450	67.528423	-77.470895	-107.839013
63840	9.534273	1.914414	0.767137	-0.012020	0.000746	-0.010192	67.531490	-77.464805	-107.844095
63841	9.553612	1.943680	0.763723	-0.014883	0.005830	-0.015713	67.526913	-77.454938	-107.843018
63842	9.513875	1.911609	0.782086	-0.004544	0.013085	-0.020084	67.514652	-77.440908	-107.828009
63843	9.533000	1.941577	0.779470	-0.011038	0.012392	-0.019581	67.500518	-77.427556	-107.814882
63844	9.532616	1.920860	0.771596	-0.009012	0.013689	-0.020890	67.485120	-77.412966	-107.799280
63845	9.531974	1.945403	0.782469	-0.005867	0.016026	-0.021770	67.467556	-77.397657	-107.779603
63846	9.511749	1.941719	0.797265	-0.011035	0.012398	-0.019590	67.452852	-77.384036	-107.765898
63847	9.545385	1.941507	0.803943	-0.002091	0.020709	-0.016162	67.420972	-77.370662	-107.729329
63848	9.516112	1.958010	0.769153	-0.004328	0.013880	-0.017934	67.405067	-77.357588	-107.710455
63849	9.524733	1.939092	0.820632	-0.005896	0.019845	-0.016130	67.373141	-77.344415	-107.676069
63850	9.524071	1.963351	0.831929	-0.001391	0.020193	-0.020068	67.346251	-77.328816	-107.644208
63851	9.484329	1.931030	0.850905	-0.007502	0.015359	-0.011414	67.319445	-77.319120	-107.616010
63852	9.503782	1.915443	0.829943	-0.003868	0.016394	-0.018355	67.298497	-77.305260	-107.591693
63853	9.508461	1.952762	0.809423	-0.002750	0.017435	-0.017929	67.276019	-77.291656	-107.565139
63854	9.522345	1.947089	0.829360	-0.006763	0.015787	-0.020061	67.256608	-77.277026	-107.544095
63855	9.536311	1.919193	0.840207	-0.009622	0.020880	-0.025596	67.229765	-77.258603	-107.517099
63856	9.520892	1.974193	0.842593	0.002913	0.019780	-0.026183	67.212687	-77.239849	-107.492759
63857	9.511230	1.996871	0.794694	-0.008995	0.018470	-0.020021	67.186488	-77.224902	-107.466051
63858	9.519950	1.955560	0.836886	-0.012589	0.013624	-0.018737	67.167685	-77.211444	-107.449048
63859	9.505094	1.964652	0.820125	-0.003199	0.014943	-0.017532	67.150673	-77.198591	-107.428354
63860	9.504476	1.988656	0.830777	-0.010392	0.010003	-0.014049	67.137020	-77.188413	-107.415339
63861	9.538409	1.965644	0.827738	-0.003445	0.013217	-0.014957	67.121415	-77.177301	-107.396229
63862	9.523453	1.996822	0.820150	-0.007952	0.012864	-0.011025	67.099614	-77.168078	-107.373423
63863	9.503878	1.946903	0.815843	-0.009768	0.007587	-0.008466	67.087132	-77.161645	-107.361231
63864	9.483682	1.964574	0.839390	-0.006626	0.009929	-0.009341	67.071286	-77.153963	-107.343752
63865	9.517322	1.986125	0.854787	-0.013571	0.006715	-0.008438	67.058637	-77.147738	-107.333624
63866	9.488593	1.979111	0.809568	-0.006868	0.003444	-0.007675	67.056046	-77.142383	-107.329881
63867	9.522287	2.000471	0.824785	-0.007330	0.010449	-0.005441	67.035429	-77.136904	-107.307911
63868	9.516754	1.987734	0.857370	-0.013160	0.008274	-0.004108	67.014601	-77.132350	-107.289160
63869	9.522195	1.978508	0.817735	-0.008697	0.012436	-0.002384	66.985651	-77.128033	-107.259445
63870	9.516417	1.988192	0.860044	-0.011138	0.014335	-0.004503	66.952422	-77.121908	-107.226784
63871	9.502130	1.973310	0.833569	-0.011833	0.005338	-0.002425	66.938119	-77.119155	-107.213936
63872	9.476917	1.954610	0.879176	-0.012953	0.009055	-0.001946	66.913546	-77.115558	-107.191220
63873	9.467841	1.975296	0.830038	-0.007360	-0.000014	-0.002523	66.914238	-77.113955	-107.191126
63874	9.535968	1.972137	0.840325	-0.010458	-0.001403	-0.006397	66.919567	-77.110361	-107.197618
63875	9.501767	1.974277	0.835421	-0.008023	0.001456	-0.003367	66.917321	-77.107983	-107.194899
63876	9.501449	1.997075	0.845084	-0.008023	0.001456	-0.003367	66.914487	-77.105343	-107.191586
63877	9.521591	1.957899	0.813488	-0.010711	0.001623	-0.002908	66.909864	-77.103169	-107.188009
63878	9.501297	1.997497	0.845789	-0.006907	0.002496	-0.002935	66.904854	-77.100523	-107.181807
63879	9.501009	2.020152	0.855417	-0.008270	-0.000276	-0.000790	66.903924	-77.099892	-107.180583
63880	9.521438	1.958190	0.814584	-0.011627	0.006118	-0.000262	66.885256	-77.097840	-107.163144
63881	9.481434	1.991766	0.860448	-0.010964	0.004649	0.000581	66.870109	-77.096823	-107.148918
63882	9.501174	1.997242	0.847767	-0.009639	0.001709	0.002267	66.860243	-77.097094	-107.139341
63883	9.496053	1.961338	0.870211	-0.008728	0.001972	0.000532	66.852578	-77.096652	-107.131478
63884	9.495774	1.983839	0.880067	-0.011168	0.003873	-0.001588	66.840651	-77.094404	-107.120684
63885	9.541041	1.963409	0.804169	-0.010715	0.006384	-0.001999	66.824192	-77.091633	-107.104965
63886	9.481477	1.968965	0.853887	-0.008027	0.006217	-0.002457	66.809545	-77.088398	-107.089535
63887	9.486530	2.004794	0.832446	-0.012282	0.002835	-0.002023	66.800375	-77.086414	-107.082218
63888	9.515426	1.967539	0.859943	-0.010250	-0.000618	-0.004239	66.801916	-77.083782	-107.084702
63889	9.486397	2.005180	0.833035	-0.007816	0.002237	-0.001205	66.795874	-77.082363	-107.077968
63890	9.495374	1.984412	0.883090	-0.014556	-0.000201	0.001854	66.787992	-77.082846	-107.073317
63891	9.520510	2.003173	0.838624	-0.009383	-0.001312	-0.001229	66.789223	-77.082214	-107.074963
63892	9.520755	1.980535	0.829504	-0.014103	0.002310	0.001443	66.776240	-77.081913	-107.064812
63893	9.520765	1.980248	0.830080	-0.011873	0.004389	0.002310	66.759472	-77.081856	-107.049458
63894	9.500998	1.974335	0.843987	-0.011624	0.006125	-0.000268	66.740844	-77.079790	-107.032057
63895	9.495591	1.960893	0.876238	-0.013446	0.005598	0.003199	66.719527	-77.079926	-107.012958
63896	9.480964	1.990649	0.868179	-0.011624	0.006126	-0.000269	66.700906	-77.077856	-106.995565
63897	9.495520	1.960595	0.877663	-0.010503	0.002409	-0.000752	66.692488	-77.076633	-106.987972
63898	9.480914	1.990473	0.869123	-0.011866	-0.000365	0.001390	66.686981	-77.076907	-106.984175
63899	9.480975	1.990180	0.869134	-0.011656	-0.004347	0.002641	66.690035	-77.078999	-106.989028
63900	9.500803	1.995653	0.855640	-0.008510	-0.006761	0.000859	66.701646	-77.080444	-107.000821
63901	9.500893	1.995493	0.855015	-0.010077	-0.010310	0.000832	66.721074	-77.082933	-107.021553
63902	9.520966	1.978624	0.831641	-0.009166	-0.010045	-0.000903	66.741592	-77.084192	-107.042869
63903	9.515623	1.965437	0.862572	-0.007146	-0.003985	-0.001283	66.750278	-77.084134	-107.050848
63904	9.506492	2.008369	0.821935	-0.011241	-0.007552	0.006057	66.757027	-77.088491	-107.059258
63905	9.501493	1.972100	0.843638	-0.010540	-0.003306	0.003074	66.757913	-77.090574	-107.061231
63906	9.501300	1.994440	0.852941	-0.006032	-0.002946	-0.000849	66.763882	-77.090253	-107.065779
63907	9.501345	1.994329	0.852698	-0.010082	-0.005551	0.001746	66.771498	-77.092143	-107.074388
63908	9.501620	1.971724	0.843088	-0.010496	-0.002342	-0.001671	66.774334	-77.091253	-107.078346
63909	9.481638	1.988551	0.865615	-0.006031	-0.002945	-0.000850	66.780844	-77.091188	-107.083448
63910	9.501437	1.994106	0.852199	-0.007189	-0.004946	0.003458	66.786501	-77.093586	-107.088355
63911	9.521528	1.976892	0.829326	-0.008762	-0.003738	0.004349	66.788143	-77.096435	-107.090060
63912	9.516237	1.963284	0.860695	-0.003597	-0.000095	0.002189	66.785961	-77.097070	-107.084815
63913	9.501937	1.970516	0.842341	-0.012768	-0.005379	0.002199	66.791192	-77.099159	-107.092554
63914	9.510777	1.972044	0.901108	-0.004706	-0.005888	0.000832	66.803030	-77.100387	-107.102344
63915	9.516453	1.962633	0.859797	-0.007393	-0.005718	0.001287	66.813018	-77.102071	-107.111813
63916	9.501919	1.992567	0.850414	-0.009165	-0.010038	-0.000912	66.833570	-77.103315	-107.133163
63917	9.521950	1.975811	0.827051	-0.004248	-0.008132	-0.000497	66.852668	-77.104601	-107.150113
63918	9.487952	1.977406	0.821172	-0.006520	-0.011170	0.003374	66.873138	-77.108355	-107.169823
63919	9.516546	1.984817	0.866389	-0.004001	-0.006395	-0.003072	66.890925	-77.107892	-107.185298
63920	9.497165	1.956287	0.869446	-0.009910	-0.010492	0.007730	66.903625	-77.113787	-107.199030
63921	9.541874	2.003179	0.820559	-0.008260	-0.005016	-0.001724	66.914465	-77.113722	-107.209870
63922	9.522457	1.974585	0.824140	-0.010126	-0.001756	0.007407	66.907242	-77.117483	-107.203290
63923	9.502614	1.990716	0.846978	-0.010541	0.001454	0.003993	66.896254	-77.118977	-107.193096
63924	9.517296	1.960276	0.855831	-0.011651	-0.004337	0.002632	66.898795	-77.120801	-107.197429
63925	9.482857	2.006609	0.869458	-0.008096	-0.005207	0.005185	66.903386	-77.124420	-107.201763
63926	9.522920	1.972596	0.823551	-0.009206	-0.010997	0.003823	66.921520	-77.128368	-107.220654
63927	9.488760	1.996398	0.827186	-0.010777	-0.009788	0.004714	66.935613	-77.132767	-107.236323
63928	9.483621	1.982534	0.857660	-0.011681	-0.014805	0.005520	66.959478	-77.138462	-107.262547
63929	9.523321	1.993334	0.830108	-0.008788	-0.014203	0.007231	66.982461	-77.145174	-107.286156
63930	9.504047	1.964339	0.832905	-0.010570	-0.009014	0.006881	66.992283	-77.150285	-107.297321
63931	9.524201	1.946843	0.809468	-0.007220	-0.010657	0.007263	67.007972	-77.156217	-107.312526
63932	9.538326	1.983736	0.846173	-0.006733	-0.002430	0.003047	67.008540	-77.157831	-107.311945
63933	9.509647	1.998406	0.809631	-0.007641	-0.002695	0.004779	67.008009	-77.160671	-107.310771
63934	9.504595	1.962223	0.831642	-0.010744	0.000687	0.001824	67.000266	-77.160943	-107.304023
63935	9.499096	1.971161	0.872672	-0.008510	-0.001993	0.001769	67.000567	-77.162038	-107.304197
63936	9.504481	1.984225	0.841240	-0.008510	-0.001993	0.001769	67.000359	-77.162881	-107.303864
63937	9.524442	1.967314	0.818574	-0.006487	-0.000692	0.000474	67.000079	-77.163000	-107.302235
63938	9.504563	1.983817	0.841282	-0.005617	-0.001393	0.003482	66.998457	-77.164612	-107.298752
63939	9.524536	1.966870	0.818537	-0.008717	-0.002763	-0.000401	67.002544	-77.164734	-107.302953
63940	9.519020	1.975897	0.859578	-0.005828	0.002588	0.002242	66.992805	-77.164801	-107.291269
63941	9.504667	1.983210	0.841533	-0.008510	-0.001992	0.001768	66.993098	-77.165894	-107.291438
63942	9.524601	1.966315	0.819125	-0.008268	0.004498	0.000126	66.979619	-77.164417	-107.277351
63943	9.499568	1.947027	0.863965	-0.006732	-0.002429	0.003043	66.980686	-77.166280	-107.277281
63944	9.499604	1.946807	0.864056	-0.009835	0.000955	0.000089	66.974547	-77.165577	-107.271644
63945	9.504744	1.982489	0.842369	-0.009172	-0.000518	0.000927	66.971860	-77.165897	-107.269167
63946	9.504770	1.982258	0.842613	-0.009628	0.001726	0.002258	66.961921	-77.166164	-107.259511
63947	9.499672	1.946289	0.864482	-0.006483	-0.005442	-0.000459	66.973536	-77.166855	-107.270093
63948	9.524584	1.987717	0.829088	-0.008962	-0.004499	0.002165	66.978478	-77.168469	-107.275307
63949	9.485204	1.976037	0.855144	-0.010283	-0.006303	-0.000443	66.989889	-77.169360	-107.287905
63950	9.504998	1.981645	0.841482	-0.006728	-0.007179	0.002110	67.002377	-77.171544	-107.299546
63951	9.490892	1.966527	0.813285	-0.007390	-0.005706	0.001271	67.012372	-77.173205	-107.309016
63952	9.519535	1.973793	0.858706	-0.009827	-0.008545	-0.001776	67.030073	-77.173644	-107.327823
63953	9.539280	1.979580	0.845158	-0.008715	-0.002759	-0.000406	67.034131	-77.173759	-107.331955
63954	9.539463	1.957142	0.835694	-0.010041	0.000188	-0.002082	67.031775	-77.172083	-107.330319
63955	9.510846	1.949903	0.789901	-0.013178	-0.002146	-0.001228	67.032677	-77.171627	-107.333848
63956	9.505129	1.981553	0.840223	-0.008259	-0.005000	-0.001739	67.043026	-77.171292	-107.344195
63957	9.519538	1.974024	0.858142	-0.010944	-0.004827	-0.001285	67.051468	-77.171407	-107.354183
63958	9.525032	1.965100	0.817021	-0.008014	-0.003261	-0.004309	67.060446	-77.169327	-107.362979
63959	9.505068	1.982030	0.839782	-0.010040	0.000190	-0.002083	67.058543	-77.167901	-107.361842
63960	9.505267	1.959625	0.830077	-0.012510	-0.008368	-0.001328	67.073852	-77.168534	-107.379773
63961	9.525010	1.965397	0.816563	-0.008714	-0.002757	-0.000409	67.077929	-77.168646	-107.383924
63962	9.505088	1.982098	0.839398	-0.012725	0.000364	-0.001630	67.073180	-77.167170	-107.381410
63963	9.519642	1.952207	0.848146	-0.006899	-0.002224	-0.003872	67.080418	-77.165338	-107.387773
63964	9.504991	1.982489	0.839575	-0.010040	0.000192	-0.002085	67.078054	-77.163660	-107.386127
63965	9.499638	1.969199	0.871210	-0.008925	0.001226	-0.001645	67.073976	-77.162232	-107.382074
63966	9.505106	1.960234	0.830494	-0.011154	-0.000842	-0.002525	67.073798	-77.160553	-107.383325
63967	9.539160	1.958615	0.835709	-0.008017	0.001493	-0.003377	67.071290	-77.158151	-107.380347
63968	9.519200	1.975471	0.858561	-0.011605	-0.003349	-0.002129	67.076270	-77.157241	-107.387154
63969	9.504967	1.960791	0.830768	-0.009583	-0.002048	-0.003421	67.081103	-77.155607	-107.392635
63970	9.504881	1.961209	0.830769	-0.007768	-0.001515	-0.006883	67.088683	-77.151778	-107.399854
63971	9.470475	1.985856	0.835454	-0.006240	0.001054	-0.002101	67.086953	-77.150149	-107.396643
63972	9.538604	1.982629	0.845636	-0.008431	-0.000040	-0.007721	67.091556	-77.145549	-107.401198
63973	9.504369	1.984968	0.840763	-0.007561	-0.000747	-0.004713	67.095798	-77.142942	-107.404874
63974	9.504682	1.940437	0.821858	-0.005995	0.002795	-0.004669	67.092256	-77.139320	-107.399643
63975	9.504165	1.985729	0.841265	-0.006446	0.000288	-0.004273	67.094317	-77.136714	-107.400386
63976	9.518697	1.955960	0.850103	-0.008017	0.001495	-0.003379	67.091366	-77.134062	-107.396949
63977	9.469930	1.987952	0.836647	-0.003799	-0.000860	0.000013	67.093382	-77.133976	-107.396146
63978	9.518648	1.956044	0.850463	-0.010494	0.002435	-0.000755	67.084277	-77.132499	-107.387853
63979	9.498637	1.972966	0.873597	-0.010000	0.001170	-0.006829	67.084735	-77.128346	-107.389035
63980	9.503795	1.986924	0.842619	-0.007772	0.003238	-0.005948	67.080411	-77.123950	-107.384046
63981	9.538034	1.962888	0.838524	-0.009380	0.003469	-0.000315	67.069572	-77.122721	-107.373286
63982	9.489457	1.972402	0.815793	-0.006902	0.002530	-0.002940	67.064450	-77.120070	-107.366967
63983	9.528785	1.984310	0.789847	-0.008679	0.002972	-0.004219	67.058945	-77.116893	-107.361286
63984	9.489087	1.995317	0.826053	-0.009374	-0.001279	-0.001256	67.059554	-77.115981	-107.362298
63985	9.498150	1.974426	0.875583	-0.006896	-0.002218	-0.003881	67.066723	-77.114145	-107.368637
63986	9.523364	1.971312	0.821487	-0.009167	-0.000513	0.000916	67.063563	-77.114208	-107.365662
63987	9.503423	1.987934	0.844435	-0.006238	0.001057	-0.002104	67.061843	-77.112576	-107.362485
63988	9.503358	1.988183	0.844584	-0.011357	-0.001602	-0.004708	67.065428	-77.109915	-107.367716
63989	9.503482	1.966091	0.835214	-0.009792	0.001940	-0.004662	67.062121	-77.106737	-107.365002
63990	9.503371	1.966501	0.835518	-0.008222	0.000734	-0.005556	67.062944	-77.103107	-107.365557
63991	9.517477	1.981620	0.863478	-0.011150	-0.000836	-0.002537	67.063169	-77.101667	-107.367207
63992	9.522750	1.995176	0.832232	-0.009373	-0.001277	-0.001259	67.063776	-77.100753	-107.368217
63993	9.503202	1.967150	0.835911	-0.013133	-0.001158	-0.005990	67.066991	-77.097563	-107.374094
63994	9.502903	1.989848	0.845777	-0.007808	0.002265	-0.001212	67.060289	-77.095883	-107.366687
63995	9.517437	1.960125	0.854606	-0.008427	-0.000028	-0.007731	67.065284	-77.091521	-107.371589
63996	9.488469	1.976046	0.818468	-0.007314	0.001005	-0.007289	67.067688	-77.086916	-107.373232
63997	9.502512	1.991445	0.846413	-0.006650	-0.000470	-0.006453	67.073447	-77.083326	-107.377872
63998	9.496879	2.000841	0.887528	-0.005330	0.001327	-0.003837	67.072883	-77.080471	-107.375306
63999	9.488157	1.977331	0.818980	-0.007351	0.000025	-0.002550	67.073318	-77.078832	-107.374973
64000	9.502329	1.992234	0.846606	-0.007588	-0.006467	-0.000926	67.086560	-77.079252	-107.387897
64001	9.507818	1.983494	0.805569	-0.010905	0.000911	-0.005108	67.085380	-77.076063	-107.387922
64002	9.488061	1.977860	0.818813	-0.006024	-0.002925	-0.000878	67.091322	-77.075718	-107.392437
64003	9.502256	1.992590	0.846587	-0.009165	-0.000512	0.000910	67.088580	-77.076024	-107.389868
64004	9.516460	2.007233	0.874472	-0.010278	-0.001545	0.000467	67.087602	-77.076081	-107.389785
64005	9.502538	1.969905	0.836968	-0.004247	-0.003368	0.000401	67.094751	-77.076755	-107.394506
64006	9.522028	1.998178	0.833297	-0.014281	-0.003167	-0.001700	67.097315	-77.076030	-107.400409
64007	9.482663	1.986425	0.859248	-0.006260	-0.009417	0.000742	67.116862	-77.078232	-107.419008
64008	9.521881	2.020563	0.842107	-0.011597	-0.003339	-0.002151	67.121798	-77.077307	-107.425769
64009	9.502403	1.992375	0.845449	-0.008250	-0.004989	-0.001767	67.132475	-77.077197	-107.436479
64010	9.497132	1.978827	0.876691	-0.009164	-0.000511	0.000909	67.129328	-77.077257	-107.433515
64011	9.522576	1.953399	0.812783	-0.012253	-0.006609	-0.003934	67.143508	-77.076361	-107.450146
64012	9.516828	1.984939	0.863004	-0.009363	-0.006020	-0.002212	67.155949	-77.075999	-107.463292
64013	9.487992	2.000434	0.826242	-0.007792	-0.007226	-0.003107	67.173320	-77.075679	-107.480625
64014	9.522117	1.998792	0.830794	-0.012046	-0.005845	-0.001762	67.183385	-77.075514	-107.492910
64015	9.517084	1.962837	0.852306	-0.007593	-0.001716	0.000013	67.185155	-77.075613	-107.494065
64016	9.493286	2.014108	0.794364	-0.009370	-0.001272	-0.001266	67.185747	-77.074694	-107.495059
64017	9.522102	1.998863	0.830801	-0.010034	0.000205	-0.002102	67.183752	-77.073248	-107.493769
64018	9.502423	1.992892	0.844000	-0.007836	-0.003462	0.002577	67.186543	-77.074846	-107.496117
64019	9.522381	1.976193	0.821153	-0.008257	-0.000239	-0.000823	67.185349	-77.074175	-107.494621
64020	9.502218	2.015072	0.853971	-0.006487	0.004063	0.001405	67.172731	-77.073481	-107.480366
64021	9.502244	2.014810	0.854294	-0.010069	-0.000779	0.002636	67.168380	-77.074754	-107.476652
64022	9.502982	1.947264	0.825363	-0.008499	-0.001985	0.001741	67.168201	-77.075582	-107.476342
64023	9.502319	2.014374	0.854488	-0.006030	0.001826	0.000065	67.162663	-77.074918	-107.469051
64024	9.508070	1.982945	0.803941	-0.013408	-0.003873	0.001300	67.164442	-77.075933	-107.473636
64025	9.522795	1.952483	0.812420	-0.010975	-0.001049	0.004364	67.158517	-77.078183	-107.468967
64026	9.522398	1.996981	0.831926	-0.004253	0.001381	0.001345	67.153407	-77.078053	-107.461102
64027	9.517364	1.960906	0.853628	-0.008705	-0.002745	-0.000436	67.157342	-77.078145	-107.465181
64028	9.522431	1.996787	0.832014	-0.009162	-0.000507	0.000904	67.154191	-77.078202	-107.462211
64029	9.488334	1.998411	0.827219	-0.008049	0.000525	0.001349	67.149229	-77.078508	-107.456734
64030	9.508292	1.981666	0.804468	-0.008498	-0.001983	0.001738	67.149047	-77.079334	-107.456421
64031	9.502827	1.990325	0.845513	-0.005366	0.000350	0.000899	67.146467	-77.079438	-107.451766
64032	9.508171	2.003544	0.814260	-0.010311	-0.002524	0.005196	67.143137	-77.082210	-107.449288
64033	9.517579	1.959666	0.854074	-0.007349	0.000036	-0.002556	67.143507	-77.080561	-107.448851
64034	9.522653	1.995459	0.832664	-0.008748	0.001015	0.005251	67.132870	-77.082574	-107.437958
64035	9.517685	1.959108	0.854179	-0.008490	-0.006727	0.000784	67.144922	-77.084195	-107.450185
64036	9.503084	1.989091	0.845530	-0.006478	-0.000680	0.000453	67.144144	-77.084052	-107.448073
64037	9.503113	1.989006	0.845404	-0.009154	-0.005250	-0.000051	67.153200	-77.084901	-107.457564
64038	9.503391	1.966457	0.835394	-0.006264	-0.004665	0.001675	67.160535	-77.086290	-107.463650
64039	9.517607	1.981098	0.863244	-0.004010	0.003130	-0.001219	67.154381	-77.084661	-107.454600
64040	9.503467	1.966103	0.835362	-0.011208	-0.007539	0.005969	67.161338	-77.088957	-107.463204
64041	9.503371	1.988121	0.844578	-0.004694	-0.005871	0.000779	67.173578	-77.090384	-107.473423
64042	9.523358	1.971397	0.821349	-0.012742	-0.005343	0.002125	67.178332	-77.092161	-107.480668
64043	9.503761	1.965193	0.834151	-0.009395	-0.006996	0.002509	67.188796	-77.094750	-107.491777
64044	9.523348	1.993122	0.830315	-0.006056	-0.003904	0.003847	67.192399	-77.097116	-107.493911
64045	9.503967	1.964447	0.833568	-0.011628	-0.004311	0.002570	67.195353	-77.099143	-107.498684
64046	9.509062	2.000304	0.811813	-0.006021	-0.002914	-0.000890	67.201288	-77.098787	-107.503191
64047	9.503829	1.986626	0.842941	-0.010722	-0.004039	0.000840	67.205791	-77.099840	-107.509015
64048	9.509177	1.999833	0.811624	-0.008081	-0.000461	0.006083	67.198127	-77.102623	-107.500781
64049	9.504472	1.940905	0.823189	-0.013639	-0.010355	0.002894	67.213559	-77.106162	-107.519548
64050	9.523854	1.991282	0.828923	-0.010058	-0.005515	0.001672	67.220702	-77.107737	-107.527666
64051	9.504229	1.985143	0.841925	-0.008496	-0.001977	0.001732	67.220866	-77.108800	-107.527665
64052	9.489879	1.992562	0.823600	-0.012076	-0.006815	0.002952	67.228616	-77.111339	-107.537592
64053	9.519062	1.954377	0.849658	-0.005599	-0.006139	0.002501	67.239300	-77.113737	-107.546821
64054	9.543914	1.995855	0.814663	-0.014100	-0.003371	0.005189	67.235775	-77.116694	-107.546371
64055	9.490396	1.968971	0.813151	-0.008495	-0.001976	0.001731	67.235921	-77.117759	-107.546435
64056	9.504712	1.983286	0.840846	-0.009849	-0.004754	0.003844	67.239330	-77.120313	-107.550600
64057	9.524638	1.966601	0.817998	-0.007804	0.002282	-0.001215	67.232907	-77.118869	-107.543312
64058	9.504973	1.960502	0.831381	-0.008287	-0.001217	0.003905	67.228979	-77.120670	-107.539032
64059	9.504876	1.982415	0.841045	-0.012531	-0.004576	0.004290	67.230320	-77.123663	-107.542619
64060	9.524680	1.987889	0.827576	-0.008280	-0.005960	0.002946	67.238287	-77.126009	-107.550537
64061	9.519542	1.973838	0.858521	-0.009849	-0.004753	0.003841	67.242013	-77.128800	-107.554957
64062	9.524911	1.987011	0.827024	-0.012530	-0.004574	0.004288	67.243044	-77.131548	-107.558257
64063	9.505539	1.958223	0.830272	-0.008735	-0.003723	0.004288	67.244599	-77.134351	-107.559882
64064	9.491183	1.965653	0.811998	-0.010720	-0.004030	0.000832	67.248763	-77.135152	-107.565332
64065	9.490859	2.010182	0.831323	-0.007830	-0.003451	0.002559	67.251895	-77.136982	-107.568050
64066	9.525450	1.963262	0.816568	-0.007830	-0.003451	0.002559	67.254700	-77.138567	-107.570408
64067	9.505652	1.979409	0.839360	-0.006717	-0.002422	0.003007	67.255663	-77.140395	-107.570027
64068	9.505904	1.956805	0.829437	-0.008038	-0.004207	0.000382	67.262212	-77.140998	-107.576348
64069	9.530841	1.976395	0.784870	-0.006684	-0.001428	-0.001728	67.265490	-77.140116	-107.578603
64070	9.505319	2.024070	0.858542	-0.007797	-0.002456	-0.002177	67.270607	-77.138978	-107.583313
64071	9.496691	1.978369	0.779943	-0.009157	-0.000493	0.000895	67.267800	-77.139268	-107.580617
64072	9.505510	2.001653	0.848882	-0.006684	-0.001427	-0.001729	67.270738	-77.138140	-107.582439
64073	9.510964	1.992959	0.807583	-0.009600	-0.007741	0.000315	67.284988	-77.139729	-107.597571
64074	9.540084	1.954944	0.833749	-0.006475	-0.000671	0.000447	67.284185	-77.139583	-107.595432
64075	9.471444	2.003469	0.843384	-0.006229	-0.003662	-0.003075	67.294157	-77.138483	-107.604288
64076	9.525451	1.985199	0.825150	-0.010718	-0.004027	0.000827	67.298323	-77.139280	-107.609740
64077	9.506007	1.956736	0.828428	-0.005811	-0.002149	0.001277	67.300826	-77.140144	-107.610677
64078	9.505671	2.001312	0.847879	-0.005811	-0.002149	0.001277	67.303023	-77.140764	-107.611224
64079	9.505903	1.978769	0.838019	-0.005811	-0.002149	0.001277	67.305528	-77.141619	-107.611980
64080	9.511368	1.969927	0.796899	-0.005811	-0.002149	0.001277	67.307724	-77.142238	-107.612527
64081	9.540110	1.976512	0.842964	-0.009611	0.001744	0.002239	67.298155	-77.142747	-107.603261
64082	9.491787	1.963345	0.810521	-0.008738	0.001021	0.005245	67.287487	-77.144763	-107.592333
64083	9.486419	1.971709	0.851644	-0.008701	-0.002724	-0.000453	67.291350	-77.144833	-107.596211
64084	9.491876	1.962868	0.810630	-0.010059	-0.000762	0.002619	67.286597	-77.145855	-107.592128
64085	9.511588	1.968631	0.797475	-0.004907	-0.001876	-0.000452	67.290686	-77.145742	-107.594100
64086	9.505997	1.999590	0.848283	-0.010268	-0.001517	0.000442	67.289672	-77.145780	-107.593974
64087	9.506386	1.954762	0.828736	-0.007587	-0.001696	-0.000005	67.291391	-77.145864	-107.595129
64088	9.506201	1.977051	0.838702	-0.004912	0.002866	0.000513	67.283227	-77.144971	-107.584521
64089	9.486553	1.970956	0.851899	-0.010054	-0.005502	0.001652	67.290706	-77.146769	-107.592931
64090	9.506066	1.999154	0.848540	-0.007801	0.002291	-0.001217	67.283894	-77.145089	-107.585409
64091	9.486777	1.948300	0.842339	-0.008282	-0.001213	0.003897	67.280275	-77.147124	-107.581419
64092	9.511744	1.967679	0.797972	-0.010267	-0.001515	0.000440	67.279259	-77.147161	-107.581290
64093	9.506180	1.998458	0.848905	-0.006265	0.000087	0.002619	67.275020	-77.148238	-107.575561
64094	9.506597	1.953485	0.829327	-0.009604	-0.002994	0.001269	67.277007	-77.149041	-107.578121
64095	9.511668	1.989438	0.807982	-0.009818	0.000993	0.000059	67.271115	-77.148563	-107.572761
64096	9.520901	1.967801	0.857314	-0.008036	-0.004200	0.000372	67.277665	-77.149158	-107.579081
64097	9.511899	1.966858	0.798150	-0.009154	-0.000486	0.000888	67.274757	-77.149445	-107.576383
64098	9.486832	1.969274	0.852687	-0.007382	0.003802	0.003136	67.260463	-77.149730	-107.560939
64099	9.526544	1.936367	0.807017	-0.008459	-0.000967	-0.003015	67.262866	-77.148059	-107.563254
64100	9.506482	1.975183	0.839914	-0.005361	0.000361	0.000892	67.259880	-77.147920	-107.558220
64101	9.526190	1.980991	0.826731	-0.006923	-0.003172	0.000820	67.264504	-77.148763	-107.561855
64102	9.506721	1.952580	0.830038	-0.006473	-0.000666	0.000441	67.263695	-77.148613	-107.559708
64103	9.506369	1.997207	0.849733	-0.002680	0.000181	0.000446	67.263413	-77.148520	-107.555922
64104	9.526407	1.958399	0.817077	-0.007137	0.000815	-0.000389	67.259600	-77.147604	-107.551085
64105	9.506542	1.974816	0.840094	-0.006019	-0.002899	-0.000907	67.265848	-77.147477	-107.555921
64106	9.506305	1.997382	0.850028	-0.005993	0.002841	-0.004671	67.262154	-77.143849	-107.550533
64107	9.520903	1.967293	0.858455	-0.008490	-0.001965	0.001715	67.262238	-77.144896	-107.550419
64108	9.506483	1.974994	0.840344	-0.004906	-0.001872	-0.000457	67.265992	-77.144539	-107.552032
64109	9.526187	1.980858	0.827090	-0.005809	-0.002145	0.001269	67.268459	-77.145393	-107.552847
64110	9.506540	1.974745	0.840282	-0.009153	-0.000484	0.000885	67.265263	-77.145437	-107.549827
64111	9.511741	1.988547	0.809313	-0.006896	0.002569	-0.002945	67.260307	-77.143025	-107.543792
64112	9.506497	1.974769	0.840720	-0.008489	-0.001964	0.001714	67.260114	-77.143835	-107.543463
64113	9.492010	1.982773	0.822662	-0.007764	-0.001443	-0.006922	67.267810	-77.140208	-107.550852
64114	9.506408	1.975164	0.840794	-0.009152	-0.000484	0.000884	67.264616	-77.140252	-107.547833
64115	9.491971	1.982979	0.822615	-0.009356	-0.005976	-0.002264	67.277359	-77.140086	-107.561280
64116	9.506460	1.975133	0.840281	-0.007371	-0.005677	0.001193	67.286910	-77.141442	-107.570287
64117	9.526193	1.980935	0.826833	-0.006921	-0.003170	0.000816	67.291526	-77.142285	-107.574018
64118	9.486884	1.968917	0.852930	-0.009147	-0.005222	-0.000088	67.300249	-77.142863	-107.583220
64119	9.506573	1.974846	0.839675	-0.008248	-0.000209	-0.000842	67.298897	-77.142171	-107.581550
64120	9.526294	1.980622	0.826414	-0.007161	-0.004924	0.003369	67.304720	-77.144510	-107.586610
64121	9.511867	1.988394	0.808203	-0.009570	-0.001986	-0.003472	67.309244	-77.142820	-107.591732
64122	9.506448	1.997013	0.849299	-0.006472	-0.000663	0.000438	67.308433	-77.142668	-107.589583
64123	9.531900	1.949633	0.775474	-0.009151	-0.000482	0.000882	67.305511	-77.142948	-107.586848
64124	9.506682	1.974347	0.839610	-0.008488	-0.001962	0.001711	67.305321	-77.143756	-107.586520
64125	9.486876	1.990535	0.862538	-0.006921	-0.003169	0.000813	67.309965	-77.144592	-107.590186
64126	9.526448	1.979961	0.826221	-0.009600	-0.002987	0.001258	67.311950	-77.145387	-107.592744
64127	9.526626	1.957652	0.816318	-0.009570	-0.001983	-0.003474	67.316486	-77.143694	-107.597852
64128	9.506773	1.974028	0.839333	-0.008487	-0.001961	0.001709	67.316296	-77.144501	-107.597524
64129	9.506623	1.996297	0.849029	-0.008242	-0.004945	-0.001819	67.326827	-77.144338	-107.608016
64130	9.492417	1.981606	0.820772	-0.009175	-0.006223	0.004638	67.333283	-77.147634	-107.614908
64131	9.506778	1.995798	0.848463	-0.007584	-0.001687	-0.000017	67.334884	-77.147705	-107.615903
64132	9.526830	1.957026	0.815440	-0.008033	-0.004193	0.000358	67.341434	-77.148291	-107.622221
64133	9.512253	1.987009	0.807064	-0.007823	-0.003441	0.002536	67.344548	-77.150097	-107.624863
64134	9.506929	1.995306	0.847930	-0.008032	-0.004192	0.000358	67.351099	-77.150682	-107.631182
64135	9.512321	1.986831	0.806700	-0.007793	-0.002436	-0.002196	67.356454	-77.149765	-107.636140
64136	9.512533	1.964418	0.796592	-0.004479	-0.005104	0.002918	67.364681	-77.151905	-107.642089
64137	9.492775	1.980527	0.819240	-0.007368	-0.005673	0.001184	67.374519	-77.153489	-107.651410
64138	9.527012	1.978332	0.823620	-0.011399	-0.008270	0.003727	67.385347	-77.156754	-107.664095
64139	9.512825	1.963525	0.795313	-0.005143	-0.003623	0.002090	67.390822	-77.158365	-107.667626
64140	9.527193	1.977714	0.823009	-0.007822	-0.003440	0.002534	67.393652	-77.159934	-107.670004
64141	9.493324	1.956901	0.808103	-0.004933	-0.002872	0.004268	67.395417	-77.162532	-107.669600
64142	9.522183	1.963030	0.854006	-0.007163	-0.000183	0.004338	67.389322	-77.164338	-107.662437
64143	9.512970	1.984448	0.804917	-0.005358	0.000365	0.000888	67.386571	-77.164433	-107.657613
64144	9.513036	1.984095	0.805011	-0.005386	-0.000640	0.005618	67.381314	-77.167017	-107.650266
64145	9.527635	1.975540	0.823113	-0.005176	0.000110	0.007796	67.372590	-77.170830	-107.639393
64146	9.522483	1.961318	0.854591	-0.002893	0.004170	-0.000756	67.363757	-77.168982	-107.626913
64147	9.493546	1.976931	0.818988	-0.008490	0.002781	0.002683	67.351852	-77.169497	-107.614644
64148	9.508031	1.968810	0.837334	-0.004245	0.001391	0.001341	67.346669	-77.169370	-107.606702
64149	9.513303	1.982331	0.806198	-0.007612	-0.002688	0.004710	67.346029	-77.172162	-107.605453
64150	9.522656	1.960115	0.855423	-0.003371	0.000659	0.004346	67.340131	-77.173786	-107.596265
64151	9.513352	2.003647	0.816075	-0.005835	-0.003145	0.005990	67.340312	-77.177353	-107.594754
64152	9.508539	1.944694	0.827718	-0.008040	0.005288	0.002309	67.322957	-77.176877	-107.576560
64153	9.493922	1.974706	0.819994	-0.001566	0.001208	0.000897	67.320389	-77.176791	-107.569736
64154	9.527911	1.994957	0.834920	-0.011827	-0.000289	0.001320	67.314780	-77.177023	-107.565813
64155	9.493966	1.974322	0.820416	-0.006923	0.001575	0.001784	67.307417	-77.177323	-107.557233
64156	9.528132	1.972184	0.825403	-0.008485	-0.001954	0.001702	67.307218	-77.178126	-107.556894
64157	9.494044	1.973926	0.820462	-0.003128	-0.002322	0.000816	67.312043	-77.178774	-107.558545
64158	9.528250	1.971692	0.825219	-0.006498	-0.001663	0.005161	67.308946	-77.181340	-107.554067
64159	9.528469	1.949072	0.815336	-0.002678	0.000184	0.000443	67.308600	-77.181237	-107.550135
64160	9.503522	1.951200	0.869341	-0.008510	-0.007698	0.005450	67.318092	-77.185290	-107.559749
64161	9.494239	1.994841	0.829681	-0.007821	-0.003435	0.002528	67.321161	-77.187091	-107.562384
64162	9.508927	1.964389	0.837546	-0.002464	-0.003804	0.001641	67.328770	-77.188270	-107.566515
64163	9.528635	1.970253	0.824216	-0.007582	-0.001678	-0.000023	67.330339	-77.188337	-107.567556
64164	9.508998	1.964089	0.837445	-0.006259	0.000094	0.002610	67.325771	-77.189167	-107.561430
64165	9.514259	1.977626	0.806470	-0.007824	0.001302	0.003507	67.316851	-77.190436	-107.551710
64166	9.528627	1.991635	0.834674	-0.007824	0.001303	0.003507	67.307704	-77.191472	-107.541807
64167	9.503974	1.949012	0.869304	-0.007161	-0.000180	0.004333	67.301833	-77.193507	-107.534884
64168	9.509214	1.962723	0.838188	-0.006680	-0.001402	-0.001748	67.304738	-77.192364	-107.536669
64169	9.494769	1.970666	0.819910	-0.002012	-0.006034	0.000287	67.319293	-77.193555	-107.547714
64170	9.494917	1.948528	0.809615	-0.009116	-0.004197	-0.004836	67.330300	-77.191396	-107.559239
64171	9.514381	1.977186	0.806114	0.000242	-0.002979	-0.003531	67.342760	-77.189893	-107.566810
64172	9.528807	1.969584	0.823827	-0.007340	-0.004656	-0.003556	67.354603	-77.188511	-107.578148
64173	9.509105	1.963937	0.836586	-0.006887	-0.006886	-0.004909	67.373408	-77.187133	-107.596262
64174	9.489427	1.958312	0.849047	-0.002882	-0.010036	-0.003701	67.400451	-77.186858	-107.620569
64175	9.533941	1.984494	0.790933	-0.011130	-0.005493	-0.003569	67.412289	-77.185882	-107.634083
64176	9.528687	1.970939	0.821961	-0.004876	-0.000851	-0.005196	67.418271	-77.182793	-107.637963
64177	9.503787	1.951377	0.866047	-0.007788	-0.007160	-0.003187	67.435541	-77.182381	-107.655003
64178	9.533909	1.963417	0.780162	-0.009537	-0.005690	-0.009197	67.453959	-77.178238	-107.674375
64179	9.508768	1.966647	0.834049	-0.003069	-0.005035	-0.009628	67.475185	-77.173946	-107.692623
64180	9.528420	1.951364	0.810412	-0.009295	-0.008666	-0.012732	67.504036	-77.168581	-107.722554
64181	9.503088	1.977185	0.873984	-0.005504	-0.007827	-0.012720	67.533319	-77.163271	-107.750744
64182	9.513409	1.983913	0.801039	-0.006616	-0.008848	-0.013177	67.564507	-77.157703	-107.781499
64183	9.508069	1.971151	0.831379	-0.010854	-0.012191	-0.012822	67.600875	-77.153281	-107.820009
64184	9.522158	1.986913	0.858717	-0.003917	-0.003283	-0.017366	67.624638	-77.144272	-107.841564
64185	9.527262	1.979759	0.817276	-0.014437	-0.007548	-0.009671	67.645105	-77.140505	-107.866004
64186	9.532157	1.994992	0.786005	-0.013490	-0.000511	-0.019869	67.659286	-77.129562	-107.883358
64187	9.512331	1.968262	0.789485	-0.014180	-0.000040	-0.015967	67.668461	-77.120813	-107.895902
64188	9.526111	2.006471	0.827840	-0.017286	0.003388	-0.018900	67.670472	-77.109535	-107.903003
64189	9.472081	1.981807	0.826818	-0.015929	0.001439	-0.021983	67.680897	-77.097276	-107.917882
64190	9.486167	1.975693	0.845204	-0.018842	-0.000136	-0.018994	67.690230	-77.086713	-107.933410
64191	9.500087	1.991877	0.873250	-0.015253	-0.004772	-0.022153	67.715471	-77.075717	-107.963215
64192	9.505105	1.985225	0.831779	-0.017736	-0.009593	-0.015790	67.744190	-77.068905	-107.997985
64193	9.509945	2.000833	0.800086	-0.011244	-0.007915	-0.020951	67.777781	-77.059219	-108.033943
64194	9.499147	1.996848	0.872118	-0.017509	-0.003095	-0.017353	67.793034	-77.050162	-108.054764
64195	9.543430	2.002351	0.804327	-0.018153	-0.011075	-0.020163	67.829185	-77.041571	-108.097439
64196	9.528576	2.012010	0.786048	-0.012819	-0.001971	-0.019067	67.846078	-77.031357	-108.117188
64197	9.488699	2.023828	0.822830	-0.017950	0.004888	-0.019742	67.845027	-77.019536	-108.121606
64198	9.488248	2.025575	0.823733	-0.022403	0.005534	-0.020586	67.840544	-77.006894	-108.125055
64199	9.502349	2.019221	0.842630	-0.018640	0.005356	-0.015840	67.834371	-76.997043	-108.124660
64200	9.526912	2.018564	0.789413	-0.021748	0.008787	-0.018775	67.821105	-76.984659	-108.118709
64201	9.506892	2.013718	0.804028	-0.018900	0.013059	-0.011308	67.792870	-76.975538	-108.095658
64202	9.520859	2.029019	0.833281	-0.019329	0.005823	-0.011940	67.781434	-76.967421	-108.090162
64203	9.520785	2.007718	0.824520	-0.020008	0.012041	-0.011772	67.755392	-76.958279	-108.070219
64204	9.505962	2.016554	0.807914	-0.015998	0.008893	-0.010566	67.737584	-76.950224	-108.056222
64205	9.505630	2.017553	0.809316	-0.014209	0.014190	-0.013022	67.711125	-76.939943	-108.032331
64206	9.524840	2.024924	0.798075	-0.011311	0.020510	-0.015019	67.673699	-76.926997	-107.995437
64207	9.485331	1.991819	0.816600	-0.014861	0.021438	-0.017593	67.634810	-76.912707	-107.959070
64208	9.498863	2.029612	0.856861	-0.010228	0.020510	-0.009830	67.593285	-76.902499	-107.917327
64209	9.479057	2.002387	0.861988	-0.008171	0.018112	-0.016827	67.565251	-76.889328	-107.888105
64210	9.488943	2.031689	0.801454	-0.007770	0.013832	-0.008717	67.539386	-76.881160	-107.860992
64211	9.469001	2.026260	0.816277	-0.004000	0.019408	-0.007701	67.502376	-76.872524	-107.819993
64212	9.531533	2.031663	0.868928	-0.007326	0.016342	-0.009086	67.471493	-76.863603	-107.787464
64213	9.536658	2.024243	0.829462	-0.005550	0.015880	-0.007800	67.441664	-76.855685	-107.754895
64214	9.501900	2.049024	0.836565	-0.005330	0.022385	-0.009359	67.398587	-76.845282	-107.708667
64215	9.501761	2.027840	0.828813	-0.005298	0.023417	-0.014098	67.357924	-76.832367	-107.664929
64216	9.476483	2.008750	0.875375	-0.008877	0.023316	-0.011940	67.313298	-76.820378	-107.619192
64217	9.456333	2.003833	0.890948	-0.007735	0.025372	-0.016220	67.268948	-76.805886	-107.572926
64218	9.460468	2.063615	0.881804	-0.012197	0.009750	-0.010580	67.251854	-76.797607	-107.557419
64219	9.480498	2.026098	0.849415	-0.007965	0.002602	-0.008169	67.251200	-76.792407	-107.556229
64220	9.499994	2.032954	0.836501	-0.008850	-0.002416	-0.007439	67.260465	-76.788482	-107.565826
64221	9.514335	2.025731	0.854371	-0.003495	-0.002774	-0.008310	67.274558	-76.784399	-107.577143
64222	9.465282	2.058269	0.841371	-0.007076	-0.002880	-0.006151	67.284655	-76.781256	-107.586551
64223	9.504507	2.071098	0.815014	-0.012873	-0.005031	-0.004916	67.295274	-76.779469	-107.599936
64224	9.474428	2.037173	0.890030	-0.001721	-0.003237	-0.007022	67.310053	-76.775944	-107.611002
64225	9.499505	2.035689	0.835404	-0.007755	-0.007160	-0.003236	67.326847	-76.775516	-107.627793
64226	9.479825	2.029703	0.848317	-0.007333	0.000084	-0.002605	67.326781	-76.773592	-107.626912
64227	9.513632	2.050302	0.863188	-0.005335	-0.004376	-0.000125	67.335751	-76.774191	-107.634173
64228	9.528764	1.997879	0.860977	-0.008236	-0.000201	-0.000881	67.334187	-76.773241	-107.632285
64229	9.533272	2.056505	0.850203	-0.003343	0.001666	-0.000392	67.330931	-76.772369	-107.625915
64230	9.479773	2.029776	0.848726	-0.005579	0.004354	-0.000321	67.320120	-76.770709	-107.612964
64231	9.499409	2.035891	0.836005	-0.004247	0.001381	0.001333	67.315333	-76.770811	-107.605588
64232	9.513601	2.050039	0.864154	-0.000903	-0.000285	0.001724	67.315713	-76.771257	-107.601382
64233	9.484766	2.065243	0.828270	-0.002097	0.001357	0.011734	67.302431	-76.776861	-107.583955
64234	9.494345	2.041945	0.877381	-0.003442	-0.001438	0.013822	67.292558	-76.783956	-107.570711
64235	9.480450	2.026380	0.849273	-0.002539	-0.001152	0.012097	67.284370	-76.790303	-107.558746
64236	9.509371	2.031544	0.895205	0.003020	-0.000773	0.013413	67.277067	-76.797034	-107.544339
64237	9.480707	2.046135	0.858990	-0.001207	-0.004125	0.013749	67.274705	-76.804902	-107.537364
64238	9.500946	2.028893	0.835548	-0.000969	-0.002352	0.011198	67.270749	-76.810811	-107.528743
64239	9.500872	2.050145	0.845450	0.004828	-0.000203	0.009963	67.266586	-76.815815	-107.516515
64240	9.515950	2.018664	0.853115	-0.006799	-0.005533	0.017167	67.260809	-76.825582	-107.509455
64241	9.501810	2.025124	0.834872	-0.000763	-0.001613	0.013382	67.253413	-76.832717	-107.497453
64242	9.502089	2.023912	0.834624	-0.000303	-0.003837	0.012021	67.252386	-76.839390	-107.491449
64243	9.516869	2.014634	0.852386	-0.004343	-0.001715	0.015539	67.241118	-76.847671	-107.477228
64244	9.502163	2.065563	0.854350	0.002785	-0.002541	0.015956	67.235181	-76.856135	-107.464365
64245	9.482928	2.057622	0.867021	-0.000367	-0.005900	0.021488	67.229942	-76.868502	-107.454390
64246	9.464334	2.004746	0.859579	-0.004405	-0.003774	0.025004	67.214037	-76.882019	-107.435523
64247	9.518826	1.984937	0.841044	-0.010344	-0.004591	0.014582	67.206676	-76.890433	-107.428936
64248	9.518549	2.028282	0.861006	-0.001838	-0.001598	0.008179	67.203303	-76.894578	-107.421427
64249	9.484858	2.006927	0.846241	-0.010991	0.002663	0.010017	67.183427	-76.898969	-107.402356
64250	9.504913	1.990112	0.823333	-0.008268	-0.001221	0.003852	67.179634	-76.900745	-107.398200
64251	9.484873	2.027679	0.856763	-0.002754	0.002853	0.010898	67.163087	-76.905549	-107.377562
64252	9.519241	2.024706	0.861771	-0.013892	-0.003656	0.012001	67.153800	-76.912169	-107.371074
64253	9.471189	2.010948	0.828666	-0.003881	-0.003933	0.014169	67.148906	-76.920219	-107.363292
64254	9.485744	2.023793	0.856304	-0.008112	-0.007278	0.014502	67.148756	-76.928965	-107.362785
64255	9.481179	1.986051	0.876313	-0.011872	-0.017581	0.012477	67.171975	-76.939148	-107.388409
64256	9.472485	1.984839	0.815929	-0.008512	-0.013485	0.009132	67.190897	-76.946437	-107.407715
64257	9.501464	1.990425	0.860462	-0.014919	-0.022570	0.002807	67.233063	-76.952606	-107.454363
64258	9.546345	1.994553	0.791600	-0.018448	-0.015869	-0.003501	67.263859	-76.953743	-107.491700
64259	9.501590	1.990947	0.857853	-0.006366	-0.012783	-0.012057	67.302828	-76.949891	-107.530310
64260	9.486753	2.022212	0.848829	-0.009486	-0.015104	-0.011263	67.344403	-76.946746	-107.573442
64261	9.521067	1.998989	0.842280	-0.012399	-0.016689	-0.008283	67.385166	-76.945739	-107.617480
64262	9.525869	2.036326	0.820333	-0.001691	-0.006928	-0.012754	67.413938	-76.939992	-107.642886
64263	9.500921	2.016917	0.863985	-0.011522	-0.006942	-0.008004	67.432730	-76.936983	-107.663940
64264	9.525640	2.037750	0.819449	-0.003536	-0.003796	-0.003576	67.444580	-76.935399	-107.673060
64265	9.486513	2.003592	0.835525	-0.005531	0.000666	-0.006047	67.447663	-76.931754	-107.674507
64266	9.505854	2.032247	0.832558	-0.008679	-0.002692	-0.000520	67.451151	-76.931544	-107.678067
64267	9.520633	2.001961	0.840123	-0.004673	-0.005850	0.000691	67.463257	-76.932889	-107.688141
64268	9.505907	2.032237	0.831985	-0.005102	-0.002592	-0.002678	67.470607	-76.931514	-107.693563
64269	9.526212	1.972086	0.788484	-0.004866	-0.000820	-0.005224	67.476525	-76.928616	-107.697249
64270	9.486054	2.026950	0.845334	-0.001968	0.005498	-0.007201	67.471508	-76.923072	-107.688130
64271	9.471626	2.013378	0.817694	-0.007306	0.001135	-0.007335	67.473622	-76.918628	-107.689329
64272	9.500432	1.998237	0.853723	-0.008830	-0.001356	-0.012172	67.484979	-76.911957	-107.701057
64273	9.519632	2.027586	0.850610	-0.004615	-0.003779	-0.008775	67.501272	-76.907834	-107.715322
64274	9.465677	2.024134	0.858646	-0.010382	-0.004882	-0.012279	67.519839	-76.901879	-107.735366
64275	9.485359	2.009383	0.834718	-0.005665	-0.013221	-0.015983	67.563627	-76.896001	-107.778499
64276	9.504761	2.017028	0.820759	-0.010131	-0.007838	-0.015832	67.592347	-76.888804	-107.808821
64277	9.499306	2.004650	0.851210	-0.022979	-0.011797	-0.025494	67.631841	-76.877563	-107.857651
64278	9.538019	2.019782	0.824674	-0.020929	-0.003681	-0.035218	67.662945	-76.859179	-107.896778
64279	9.518184	1.972582	0.817884	-0.020016	0.002379	-0.040675	67.685995	-76.836807	-107.927268
64280	9.482609	2.022582	0.834090	-0.014888	0.006018	-0.042734	67.705384	-76.812322	-107.950815
64281	9.510490	2.032735	0.880492	-0.019530	-0.004558	-0.043067	67.746400	-76.790177	-107.999359
64282	9.481400	1.986567	0.814100	-0.021226	-0.006723	-0.054848	67.801856	-76.762022	-108.063691
64283	9.514447	1.990005	0.819154	-0.008115	0.005839	-0.056196	67.837698	-76.730649	-108.100312
64284	9.551473	2.074588	0.824172	-0.007878	0.007626	-0.058757	67.871657	-76.697299	-108.134714
64285	9.496394	2.075512	0.833784	-0.008128	0.016363	-0.058943	67.886053	-76.662185	-108.149198
64286	9.460934	2.082461	0.830679	-0.003264	0.017190	-0.053718	67.896425	-76.629443	-108.156650
64287	9.473954	2.101373	0.860168	-0.016409	0.008312	-0.046646	67.912742	-76.602588	-108.177910
64288	9.512875	2.074012	0.814563	-0.005033	0.006125	-0.047568	67.941071	-76.575492	-108.204865
64289	9.530715	2.128856	0.822672	-0.004886	0.010538	-0.039629	67.952585	-76.551872	-108.214240
64290	9.490633	2.119625	0.850076	-0.014716	0.010486	-0.034883	67.954140	-76.530572	-108.219375
64291	9.504330	2.114937	0.869425	-0.002936	0.015540	-0.035144	67.951685	-76.508269	-108.213506
64292	9.489405	2.103669	0.842745	-0.017417	0.009615	-0.029717	67.948979	-76.489900	-108.215852
64293	9.508661	2.090698	0.821083	-0.012534	0.017270	-0.032954	67.935211	-76.468397	-108.204241
64294	9.433672	2.126578	0.864663	-0.003697	0.019665	-0.025480	67.914448	-76.450114	-108.179928
64295	9.486760	2.133638	0.858217	-0.025036	0.011600	-0.024047	67.898113	-76.434541	-108.172694
64296	9.461973	2.092706	0.893676	-0.017708	0.011518	-0.021427	67.883719	-76.420164	-108.163188
64297	9.432399	2.110320	0.858741	-0.018770	-0.000015	-0.019176	67.892144	-76.409682	-108.177779
64298	9.486136	2.094952	0.840790	-0.025394	-0.000356	-0.025729	67.903250	-76.395580	-108.199039
64299	9.485591	2.097187	0.841365	-0.011848	0.004238	-0.024681	67.911204	-76.381234	-108.208495
64300	9.484600	2.121469	0.852161	-0.010976	0.003476	-0.021662	67.918501	-76.368465	-108.217338
64301	9.503740	2.129753	0.839538	-0.012311	0.000670	-0.019581	67.929531	-76.357619	-108.230790
64302	9.483259	2.147166	0.863159	-0.008331	0.002247	-0.017348	67.937175	-76.347403	-108.238431
64303	9.483411	2.126306	0.853339	-0.011039	0.001359	-0.012169	67.940656	-76.340328	-108.243049
64304	9.488685	2.119434	0.812582	-0.009737	0.003107	-0.009503	67.938660	-76.334094	-108.241598
64305	9.502482	2.134580	0.841518	-0.009544	0.009622	-0.011042	67.924004	-76.325860	-108.227170
64306	9.477570	2.114555	0.886711	-0.006469	0.010901	-0.007079	67.904743	-76.319233	-108.206024
64307	9.477349	2.115181	0.887579	-0.005758	0.004684	-0.007269	67.899764	-76.314069	-108.199418
64308	9.502258	2.114510	0.834126	-0.004895	0.009709	-0.007981	67.884830	-76.307219	-108.181795
64309	9.461851	2.146492	0.881703	-0.001820	0.010987	-0.004017	67.865503	-76.302403	-108.157725
64310	9.481832	2.130978	0.859211	-0.002915	0.004174	-0.000752	67.857377	-76.300582	-108.145942
64311	9.447679	2.132336	0.854667	0.002403	0.002768	0.003138	67.851977	-76.301340	-108.133837
64312	9.481470	2.152459	0.869608	0.002177	-0.004811	0.009427	67.857312	-76.306861	-108.132905
64313	9.481740	2.151414	0.869247	0.001905	-0.001870	0.012995	67.853080	-76.313849	-108.122239
64314	9.457495	2.128995	0.912856	0.002309	-0.006210	0.021123	67.851161	-76.325880	-108.113764
64315	9.484168	2.081252	0.837104	0.004361	-0.015408	0.022584	67.869388	-76.340881	-108.124787
64316	9.469673	2.109378	0.828215	0.007664	-0.006551	0.020258	67.872049	-76.352526	-108.117869
64317	9.524248	2.090684	0.809514	-0.012543	-0.000964	0.009923	67.860339	-76.357693	-108.108101
64318	9.460030	2.078483	0.890411	-0.000979	0.009159	0.003756	67.838364	-76.357187	-108.080927
64319	9.424945	2.124120	0.906284	-0.004211	-0.003361	0.000316	67.845111	-76.357784	-108.085535
64320	9.479705	2.084784	0.876853	-0.012325	-0.017750	-0.003637	67.882053	-76.359166	-108.125679
64321	9.484201	2.121951	0.855395	0.001638	0.000930	-0.010398	67.892344	-76.353133	-108.130082
64322	9.469998	2.108442	0.826885	-0.004572	-0.009537	-0.005094	67.917053	-76.351964	-108.153067
64323	9.484028	2.123185	0.854251	-0.002567	-0.008219	-0.006351	67.941368	-76.350064	-108.174719
64324	9.483504	2.145868	0.863697	-0.004572	-0.009537	-0.005095	67.966068	-76.348890	-108.197694
64325	9.424775	2.126744	0.901888	-0.009917	-0.014980	-0.000503	67.995668	-76.351540	-108.229097
64326	9.484679	2.101513	0.840852	-0.021914	-0.021823	0.002282	68.030804	-76.356915	-108.273037
64327	9.470241	2.109408	0.821618	-0.020117	-0.015438	-0.004905	68.059419	-76.357309	-108.309326
64328	9.471117	2.065795	0.800185	-0.036269	-0.017720	-0.015038	68.092634	-76.352589	-108.359753
64329	9.539506	2.042678	0.799103	-0.024852	-0.006186	-0.032898	68.122981	-76.336113	-108.400520
64330	9.458822	2.087412	0.882326	-0.018917	0.001319	-0.057868	68.161929	-76.304543	-108.446622
64331	9.456661	2.136828	0.903140	-0.034681	-0.006365	-0.055146	68.206116	-76.276256	-108.507382
64332	9.402432	2.114409	0.900407	-0.043662	-0.026821	-0.053687	68.288094	-76.252866	-108.612387
64333	9.524869	2.128615	0.768594	-0.044009	-0.032966	-0.059136	68.387571	-76.228033	-108.735480
64334	9.542230	2.184753	0.775311	-0.034694	-0.000519	-0.058922	68.421420	-76.196239	-108.785660
64335	9.423144	2.172580	0.865100	-0.047237	0.004293	-0.052737	68.432268	-76.166944	-108.819822
64336	9.471850	2.123558	0.868658	-0.064104	0.001378	-0.054238	68.440872	-76.137241	-108.861370
64337	9.509256	2.163190	0.854394	-0.053277	0.005084	-0.047991	68.442412	-76.110277	-108.888884
64338	9.497283	2.234036	0.828226	-0.045348	0.014037	-0.047234	68.428389	-76.081640	-108.896061
64339	9.472868	2.172463	0.854178	-0.070512	0.014546	-0.043880	68.396183	-76.054880	-108.899163
64340	9.452257	2.169274	0.870307	-0.047047	0.023619	-0.039543	68.354212	-76.028318	-108.878547
64341	9.415948	2.217521	0.889369	-0.036490	0.024421	-0.025956	68.305312	-76.009031	-108.844732
64342	9.332956	2.155313	0.964582	-0.045426	0.010831	-0.006001	68.263275	-76.003026	-108.823087
64343	9.450832	2.172979	0.876519	-0.042513	-0.020919	0.001618	68.284345	-76.008014	-108.864803
64344	9.549326	2.183745	0.800311	-0.014640	-0.006702	0.003160	68.289604	-76.010602	-108.873722
64345	9.509084	2.214339	0.846974	-0.011316	-0.002553	-0.000162	68.290837	-76.010755	-108.876745
64346	9.470151	2.200418	0.872906	-0.031333	-0.010007	0.008601	68.288968	-76.016940	-108.888175
64347	9.495498	2.198474	0.818575	-0.024745	-0.003892	0.011473	68.275599	-76.023574	-108.884137
64348	9.471375	2.175677	0.862517	-0.019426	-0.005318	0.015377	68.264749	-76.032371	-108.879281
64349	9.487627	2.121855	0.859088	-0.021794	-0.013874	0.015923	68.270507	-76.043479	-108.892976
64350	9.498394	2.127765	0.786615	-0.012526	-0.001030	0.009906	68.259087	-76.048455	-108.883459
64351	9.508692	2.082739	0.825683	-0.024927	0.009215	-0.007680	68.233752	-76.042101	-108.866966
64352	9.413672	2.131461	0.892997	-0.004934	0.022475	-0.020145	68.202079	-76.026089	-108.832097
64353	9.442860	2.095598	0.919934	-0.012958	0.009214	-0.028966	68.201825	-76.008415	-108.834481
64354	9.460441	2.149377	0.928456	0.004040	0.003793	-0.034280	68.227302	-75.988854	-108.853207
64355	9.474982	2.174887	0.825842	0.005170	0.005911	-0.038562	68.252645	-75.966758	-108.870838
64356	9.501998	2.206943	0.883114	-0.004167	0.010507	-0.043703	68.267008	-75.940755	-108.882959
64357	9.467467	2.190078	0.868954	-0.009739	0.009043	-0.040313	68.278415	-75.917059	-108.895057
64358	9.501264	2.170754	0.864413	-0.008128	0.008961	-0.045985	68.295619	-75.890167	-108.912449
64359	9.519605	2.182217	0.852610	-0.002098	0.014057	-0.054496	68.312708	-75.857876	-108.926305
64360	9.418008	2.241704	0.960264	0.003056	0.006111	-0.049083	68.344783	-75.829934	-108.952431
64361	9.359883	2.181439	0.977912	-0.008098	-0.018619	-0.039150	68.414224	-75.812697	-109.023575
64362	9.428371	2.212392	0.864346	0.004016	-0.033897	-0.031765	68.516430	-75.802384	-109.121476
64363	9.500562	2.249326	0.850414	0.008758	-0.029500	-0.020662	68.602883	-75.797247	-109.200561
64364	9.549789	2.271959	0.749840	-0.002967	-0.019723	-0.015150	68.657303	-75.792770	-109.253302
64365	9.585038	2.228127	0.733493	-0.028587	0.005805	-0.018328	68.645976	-75.781479	-109.253485
64366	9.559307	2.230560	0.790687	-0.033818	0.040258	-0.025849	68.565273	-75.758765	-109.185067
64367	9.460124	2.220624	0.871394	-0.043545	0.051376	-0.021599	68.452573	-75.736175	-109.089727
64368	9.381199	2.194997	0.928589	-0.050491	0.036937	-0.020453	68.365316	-75.716978	-109.024391
64369	9.395171	2.188351	0.950078	-0.028352	0.022499	-0.015573	68.317178	-75.703603	-108.985982
64370	9.439372	2.195808	0.884928	-0.025993	0.009281	-0.012986	68.295774	-75.694209	-108.974111
64371	9.477292	2.232699	0.870478	-0.012556	0.003752	-0.016137	68.296303	-75.684501	-108.976678
64372	9.476164	2.255881	0.882140	-0.021615	0.013361	-0.011056	68.267327	-75.675269	-108.954403
64373	9.482207	2.227334	0.832256	-0.040938	0.011284	-0.009995	68.231042	-75.667231	-108.935716
64374	9.510370	2.234141	0.880506	-0.032081	0.015835	-0.011939	68.191729	-75.656996	-108.908958
64375	9.494571	2.264985	0.875391	-0.039614	0.014129	-0.012079	68.152021	-75.647245	-108.886108
64376	9.495776	2.221374	0.856761	-0.045479	0.015549	-0.005096	68.100012	-75.640700	-108.854167
64377	9.494620	2.244078	0.869796	-0.042922	0.016921	-0.017269	68.056990	-75.627591	-108.830064
64378	9.528968	2.222202	0.867271	-0.046599	0.027328	-0.017801	67.990655	-75.611756	-108.783993
64379	9.460732	2.203954	0.850787	-0.048814	0.031138	-0.022504	67.919398	-75.592790	-108.734034
64380	9.454924	2.191297	0.885673	-0.047830	0.033709	-0.033782	67.852867	-75.567068	-108.688480
64381	9.452220	2.238369	0.910871	-0.035325	0.033709	-0.038911	67.798112	-75.538809	-108.647471
64382	9.372852	2.214247	0.966402	-0.039462	0.031471	-0.043434	67.749449	-75.508431	-108.615409
64383	9.431062	2.216797	0.920487	-0.033776	0.022420	-0.044167	67.723511	-75.479822	-108.603291
64384	9.424163	2.227538	0.964486	-0.029558	0.019963	-0.040725	67.702037	-75.453372	-108.593446
64385	9.414294	2.231981	0.907390	-0.025681	0.010264	-0.037996	67.700489	-75.430664	-108.601522
64386	9.500264	2.262351	0.916824	-0.025713	0.016119	-0.041722	67.689949	-75.404520	-108.600695
64387	9.425875	2.253235	0.940298	-0.027405	0.027875	-0.043493	67.656060	-75.375094	-108.577009
64388	9.420607	2.220131	0.963467	-0.026231	0.024187	-0.044072	67.630913	-75.345947	-108.561392
64389	9.408813	2.269017	0.928305	-0.018024	0.024411	-0.043095	67.609451	-75.317480	-108.544910
64390	9.421330	2.286856	0.959311	-0.023286	0.020021	-0.043344	67.593942	-75.289625	-108.537508
64391	9.395732	2.268694	1.004820	-0.020262	0.011127	-0.043658	67.598418	-75.263741	-108.548808
64392	9.453273	2.293808	0.967069	-0.014481	-0.002645	-0.045437	67.635302	-75.239723	-108.590365
64393	9.477544	2.298340	0.913252	-0.022224	0.000806	-0.051555	67.665924	-75.211933	-108.630547
64394	9.413744	2.245210	0.972388	-0.020774	0.000089	-0.059470	67.705002	-75.179870	-108.678114
64395	9.474911	2.308764	0.914272	-0.021675	-0.000225	-0.057757	67.742674	-75.148970	-108.724615
64396	9.451966	2.226608	0.926500	-0.027290	0.001006	-0.070965	67.785195	-75.110595	-108.779622
64397	9.523340	2.247254	0.906610	-0.017135	0.005344	-0.087795	67.838311	-75.062537	-108.839441
64398	9.541508	2.241841	0.884529	-0.008564	0.017886	-0.112247	67.890766	-74.998583	-108.893650
64399	9.538347	2.254323	0.886899	0.004185	0.030753	-0.149846	67.954840	-74.912089	-108.952409
64400	9.509073	2.269158	0.943849	0.017723	0.033543	-0.166356	68.033416	-74.815999	-109.018118
64401	9.471736	2.264877	0.930664	0.026355	0.029078	-0.186777	68.140724	-74.710178	-109.108257
64402	9.593520	2.305044	0.904567	0.029523	0.032455	-0.221997	68.269055	-74.584656	-109.218618
64403	9.570536	2.277696	0.898709	0.022971	0.033745	-0.270328	68.426073	-74.433265	-109.362693
64404	9.517237	2.319935	0.979648	0.060052	0.057765	-0.310280	68.585366	-74.255213	-109.487206
64405	9.494363	2.359368	0.965263	0.059924	0.045270	-0.344370	68.789730	-74.061658	-109.658347
64406	9.459867	2.393295	1.022387	0.072128	0.052112	-0.370181	69.002160	-73.852529	-109.831189
64407	9.488948	2.445185	0.999472	0.081158	0.043522	-0.392308	69.245905	-73.633323	-110.031122
64408	9.588696	2.456259	0.965604	0.084590	0.052963	-0.425087	69.490844	-73.394194	-110.230812
64409	9.667549	2.544439	0.947150	0.099346	0.082683	-0.452738	69.703553	-73.134270	-110.388040
64410	9.682344	2.598186	1.000108	0.104014	0.106635	-0.488542	69.894220	-72.849982	-110.519884
64411	9.687530	2.743749	1.097293	0.118552	0.136652	-0.526089	70.059877	-72.539627	-110.615830
64412	9.709060	2.754299	1.094608	0.096255	0.191756	-0.558734	70.135484	-72.200724	-110.632056
64413	9.531772	2.755085	1.021592	0.155655	0.205200	-0.579813	70.233754	-71.848059	-110.636076
64414	9.525061	2.887101	1.055715	0.129638	0.207382	-0.607647	70.327688	-71.479740	-110.651524
64415	9.542274	2.956363	0.945946	0.121199	0.204473	-0.624286	70.428974	-71.103184	-110.679267
64416	9.648099	3.053090	1.033177	0.107304	0.152725	-0.637908	70.607134	-70.728946	-110.797449
64417	9.471299	3.005363	1.066225	0.096918	0.163521	-0.668957	70.774220	-70.335960	-110.909992
64418	9.568110	3.129736	1.394330	0.117134	0.165527	-0.685463	70.952568	-69.933351	-111.022955
64419	9.297644	2.849646	1.028070	0.132940	0.141605	-0.734897	71.193722	-69.508434	-111.192905
64420	9.355890	3.282361	1.220414	0.227277	0.109542	-0.763562	71.539338	-69.073349	-111.417840
64421	9.316997	3.267187	1.235740	0.110515	0.060117	-0.785570	71.886371	-68.634934	-111.716523
64422	9.372503	3.151287	1.270159	0.128123	0.046047	-0.813194	72.261760	-68.183040	-112.035917
64423	9.307777	3.241732	1.173716	0.206159	0.059458	-0.856056	72.667588	-67.704877	-112.340948
64424	9.204590	3.458319	1.208077	0.240295	0.063743	-0.886438	73.084556	-67.208292	-112.637934
64425	9.364482	3.551596	1.211491	0.183762	0.030390	-0.913014	73.507289	-66.702055	-112.977488
64426	9.360083	3.561819	1.096114	0.197516	0.036836	-0.957630	73.929889	-66.169017	-113.309619
64427	9.244144	3.763097	1.058871	0.267343	0.077561	-1.000428	74.340912	-65.605331	-113.586649
64428	9.178285	3.917283	1.157019	0.223015	0.053913	-1.036276	74.751394	-65.024392	-113.892285
64429	9.073759	3.871630	1.136068	0.178535	0.030088	-1.071763	75.159371	-64.426738	-114.224811
64430	9.069768	4.007917	1.075140	0.223460	0.044248	-1.111103	75.571670	-63.803951	-114.535220
64431	8.824892	4.174783	1.120206	0.236010	0.045139	-1.142664	75.982469	-63.162833	-114.837615
64432	8.728915	4.249473	1.211698	0.167235	0.015314	-1.158731	76.374246	-62.515648	-115.164635
64433	8.709964	4.245060	1.156936	0.165859	-0.006428	-1.171063	76.774912	-61.863746	-115.504540
64434	8.588742	4.370433	1.115759	0.213813	0.013188	-1.178351	77.168059	-61.203879	-115.806715
64435	8.603819	4.619690	1.140774	0.213727	0.005065	-1.194291	77.557633	-60.535435	-116.106796
64436	8.705578	4.837214	1.307925	0.154951	-0.009430	-1.193296	77.912826	-59.868092	-116.408041
64437	8.902081	4.704993	1.340312	0.112856	0.041733	-1.190620	78.181507	-59.195658	-116.638958
64438	8.401169	4.647316	0.916845	0.250705	0.117791	-1.210604	78.451827	-58.502360	-116.781139
64439	8.306295	5.178579	0.936969	0.288881	0.125951	-1.221063	78.729943	-57.802212	-116.907824
64440	8.340786	5.325065	0.920033	0.142133	0.074064	-1.208762	78.959819	-57.114148	-117.077983
64441	8.496533	5.236478	0.841213	0.090755	0.066255	-1.205609	79.158810	-56.428658	-117.247742
64442	8.389408	5.267389	0.903442	0.132254	0.111621	-1.217138	79.338372	-55.731237	-117.366794
64443	8.120028	5.447873	0.858703	0.182050	0.127898	-1.222785	79.528262	-55.029011	-117.464723
64444	8.075341	5.676829	0.783539	0.178413	0.088008	-1.211352	79.740563	-54.336854	-117.593506
64445	8.065373	5.785415	1.145575	0.109024	0.035590	-1.199247	79.946059	-53.656848	-117.764129
64446	7.860981	5.526320	0.886688	0.094318	0.032517	-1.195694	80.138382	-52.978512	-117.930330
64447	7.766188	5.770754	0.912048	0.175786	0.078777	-1.205605	80.338175	-52.290049	-118.048698
64448	7.634682	5.916810	1.119195	0.148217	0.046272	-1.193253	80.538723	-51.611113	-118.189185
64449	7.724485	5.887271	1.041932	0.088065	0.021941	-1.182312	80.715301	-50.940648	-118.344434
64450	7.669284	5.979886	1.055793	0.154542	0.038797	-1.195587	80.914234	-50.260521	-118.480821
64451	7.590818	6.112879	1.085769	0.163830	0.040638	-1.194213	81.111836	-49.581014	-118.609859
64452	7.511661	6.198572	1.019419	0.159217	0.034509	-1.197948	81.306113	-48.899347	-118.739316
64453	7.337100	6.298813	0.998713	0.177702	0.034299	-1.196926	81.506073	-48.218295	-118.863569
64454	7.420412	6.424334	0.982761	0.156755	0.017852	-1.196729	81.699497	-47.538148	-118.996523
64455	7.401258	6.498014	1.021113	0.168807	0.019881	-1.201592	81.894234	-46.855087	-119.123304
64456	7.399353	6.601923	0.882611	0.178106	0.018018	-1.207237	82.091187	-46.168373	-119.247230
64457	7.630024	6.824549	0.953369	0.164711	0.024158	-1.226960	82.274005	-45.470022	-119.363588
64458	7.613588	6.913464	0.920305	0.163573	0.049619	-1.240858	82.438531	-44.761280	-119.456470
64459	7.563955	7.000230	0.850807	0.178716	0.068532	-1.255120	82.598703	-44.043171	-119.531896
64460	7.533679	7.084296	0.892015	0.156698	0.072192	-1.272498	82.742316	-43.314451	-119.602611
64461	7.446609	7.181954	0.755225	0.164687	0.089092	-1.298883	82.880454	-42.569741	-119.659531
64462	7.459669	7.324795	0.687934	0.148384	0.116142	-1.333039	82.994953	-41.803270	-119.695994
64463	7.324942	7.378312	0.595941	0.139103	0.173274	-1.379604	83.076561	-41.006666	-119.691309
64464	7.163673	7.413888	0.370502	0.134016	0.209316	-1.448806	83.140940	-40.167862	-119.664564
64465	7.105245	7.648627	0.406624	0.103118	0.230989	-1.522233	83.181478	-39.286212	-119.627703
64466	6.760742	7.811639	0.266005	0.125278	0.214189	-1.594696	83.246384	-38.364113	-119.608775
64467	6.608012	8.015582	0.458859	0.075554	0.135380	-1.658546	83.320634	-37.411384	-119.650993
64468	6.633346	8.051559	0.700325	-0.111473	-0.002830	-1.704297	83.347518	-36.441379	-119.793737
64469	6.592288	7.918375	0.749091	-0.113412	-0.059792	-1.759748	83.396067	-35.443921	-119.978553
64470	6.117472	8.006856	0.602659	0.044906	-0.094136	-1.838948	83.547256	-34.402943	-120.188973
64471	5.845809	8.230823	0.494389	0.111458	-0.229900	-1.924499	83.785136	-33.321678	-120.492192
64472	6.176785	8.710255	0.588202	0.035546	-0.412615	-1.989270	84.039065	-32.213111	-120.914486
64473	6.619389	8.760069	0.575290	-0.059461	-0.584453	-2.071384	84.289226	-31.066636	-121.446611
64474	7.374882	8.748941	0.715705	-0.137340	-0.678368	-2.136100	84.512947	-29.886202	-122.032993
64475	7.852303	8.711517	0.826613	-0.089824	-0.650936	-2.241402	84.741610	-28.642733	-122.595592
64476	7.791850	8.690988	0.774171	0.016812	-0.594767	-2.364834	85.000492	-27.323383	-123.116123
64477	7.554801	8.760113	0.857252	0.021166	-0.589150	-2.486781	85.246707	-25.932713	-123.626990
64478	6.995001	8.337623	0.732407	-0.012148	-0.604232	-2.626226	85.464025	-24.460688	-124.142031
64479	6.583732	7.919997	0.533441	-0.028208	-0.601268	-2.785169	85.657435	-22.896758	-124.651094
64480	6.181291	7.830494	0.326826	0.008313	-0.575503	-2.984653	85.851384	-21.215504	-125.141544
64481	5.628814	7.901871	0.256226	0.035437	-0.560002	-3.200044	86.042990	-19.409781	-125.620165
64482	5.279548	8.060504	0.070334	0.004479	-0.576760	-3.382967	86.204027	-17.497987	-126.104952
64483	4.825036	8.126429	0.000710	-0.085949	-0.608730	-3.548731	86.302132	-15.492447	-126.605679
64484	4.647563	7.247970	-0.164429	-0.312522	-0.678038	-3.625352	86.262618	-13.444560	-127.144219
64485	6.133331	7.761557	-1.416864	-0.303650	-0.954997	-3.163741	86.241693	-11.672188	-127.824190
64486	7.148177	8.473297	-0.371292	-0.388205	-0.924478	-2.576181	86.145338	-10.234291	-128.461427
64487	7.582890	7.515571	-0.300209	-0.676820	-1.351324	-1.782620	85.907602	-9.269879	-129.316187
64488	8.464234	6.784513	-0.003183	-0.805944	-1.354898	-1.050021	85.580343	-8.727258	-130.144319
64489	9.072520	6.608831	0.612728	-0.669703	-1.049965	-0.268584	85.295214	-8.622802	-130.762580
64490	9.155412	6.535309	1.075939	-0.531208	-0.560782	0.380610	85.042137	-8.866887	-131.067056
64491	8.846984	6.833944	1.414025	-0.372440	-0.014690	0.903049	84.827965	-9.384394	-131.028555
64492	8.053243	7.165331	1.407486	-0.320439	0.508011	1.306773	84.587581	-10.102802	-130.663548
64493	7.258052	7.381350	1.348360	-0.353475	0.933540	1.633206	84.274196	-10.983880	-130.028961
64494	6.548508	7.557521	1.285788	-0.390336	1.266647	1.886705	83.886047	-11.983994	-129.177720
64495	5.762962	7.596367	1.050157	-0.384173	1.517215	2.074833	83.449812	-13.071515	-128.157622
64496	4.752382	7.426725	0.873451	-0.403036	1.650332	2.195666	82.959678	-14.208553	-127.037418
64497	3.521425	7.111825	0.564550	-0.377808	1.640204	2.247062	82.458849	-15.368340	-125.903600
64498	2.640323	6.990770	0.409697	-0.317054	1.465763	2.246489	81.994359	-16.529780	-124.856261
64499	1.977813	6.780328	0.375145	-0.340350	1.155881	2.218985	81.546289	-17.695273	-123.979279
64500	1.779396	6.500010	0.406482	-0.388978	0.725925	2.223012	81.128766	-18.891474	-123.343295
64501	2.293034	6.137241	0.581839	-0.421563	0.361553	2.207336	80.748955	-20.109738	-122.914208
64502	3.046985	5.879850	0.805875	-0.340067	0.153721	2.178373	80.448800	-21.326366	-122.602452
64503	3.944559	5.915491	1.115391	-0.272480	0.062961	2.161541	80.199190	-22.543121	-122.338925
64504	4.974477	5.978603	1.464931	-0.268622	0.031212	2.218621	79.948600	-23.791840	-122.080522
64505	5.968466	6.023584	1.685856	-0.267946	0.103043	2.356532	79.664577	-25.112300	-121.753387
64506	6.680749	6.009771	1.849402	-0.216272	0.215791	2.623207	79.353835	-26.567303	-121.313340
64507	6.599554	6.110642	1.824496	-0.074194	0.374168	2.917434	79.044594	-28.171229	-120.722632
64508	5.601007	6.463466	1.808851	0.024803	0.446869	3.162686	78.729966	-29.899647	-120.034898
64509	4.681202	6.685593	1.764990	-0.086017	0.338736	3.284187	78.348630	-31.707493	-119.377224
64510	4.031674	6.532052	1.649169	-0.231436	0.152669	3.274302	77.918814	-33.525093	-118.816651
64511	3.815533	6.351464	1.587280	-0.264090	0.000886	3.157781	77.507542	-35.295024	-118.348334
64512	3.981108	6.243920	1.650254	-0.245268	-0.131308	2.994633	77.150132	-36.985157	-117.972183
64513	4.533762	6.136648	1.779376	-0.266143	-0.258797	2.829235	76.830684	-38.600126	-117.692092
64514	5.404807	5.937910	1.907293	-0.262591	-0.320678	2.702429	76.538616	-40.148801	-117.461028
64515	6.304189	5.718911	1.995482	-0.223150	-0.302811	2.620469	76.254800	-41.651058	-117.215699
64516	7.091434	5.632130	1.993619	-0.122880	-0.236151	2.575287	75.985488	-43.115563	-116.913247
64517	7.488833	5.502681	1.852485	-0.000831	-0.143354	2.561848	75.720695	-44.561137	-116.524939
64518	7.692774	5.249623	1.731319	0.113833	-0.074496	2.572375	75.461471	-45.998859	-116.061337
64519	7.830804	4.978683	1.621344	0.181767	-0.060651	2.573858	75.208383	-47.436559	-115.564301
64520	7.856324	5.063091	1.478137	0.304155	-0.049426	2.570031	74.994580	-48.866452	-115.036665
64521	7.937013	5.538510	1.528562	0.437543	-0.057824	2.550315	74.839716	-50.288236	-114.497920
64522	8.237092	5.845931	1.628521	0.338788	-0.152159	2.567465	74.663805	-51.730015	-114.015455
64523	8.680931	5.669453	1.590071	0.243524	-0.232763	2.572908	74.463083	-53.188788	-113.580587
64524	9.107738	5.462235	1.621558	0.234783	-0.222771	2.576218	74.223533	-54.644114	-113.111572
64525	9.326373	5.095102	1.452678	0.212620	-0.198597	2.579038	73.919382	-56.098590	-112.588366
64526	9.689364	4.819065	1.272979	0.218888	-0.170268	2.585862	73.557235	-57.547806	-111.999923
64527	10.042410	4.565334	1.132744	0.297147	-0.123722	2.605154	73.148166	-59.000530	-111.313504
64528	10.268082	4.384369	0.946378	0.406055	-0.067722	2.644981	72.685218	-60.460113	-110.502370
64529	10.584630	4.415977	1.010887	0.494792	-0.053679	2.682374	72.180403	-61.936984	-109.597634
64530	10.932070	4.783132	1.159383	0.570373	-0.035860	2.727621	71.608175	-63.428390	-108.580211
64531	11.013807	5.482425	1.321120	0.618659	0.015467	2.773044	70.891267	-64.932462	-107.385055
64532	10.885902	6.158534	1.445793	0.575377	0.029660	2.804449	69.998297	-66.440539	-106.038050
64533	10.669571	6.730826	1.512722	0.458457	-0.004756	2.808495	68.925126	-67.950718	-104.584122
64534	10.581286	6.939264	1.569069	0.242723	-0.087422	2.788768	67.670927	-69.453446	-103.083496
64535	10.804953	6.763504	1.524282	0.026211	-0.184709	2.755113	66.239878	-70.949662	-101.541880
64536	11.133880	6.517354	1.478772	-0.068789	-0.206120	2.710917	64.575191	-72.410772	-99.824731
64537	11.242042	6.376263	1.437685	-0.110114	-0.181979	2.657918	62.585937	-73.823054	-97.807200
64538	11.145273	6.222299	1.350196	-0.155072	-0.172446	2.595461	60.246761	-75.175851	-95.466946
64539	10.997918	6.048661	1.222191	-0.167712	-0.167827	2.515662	57.526101	-76.461499	-92.755341
64540	10.830486	5.949075	1.093445	-0.153873	-0.169132	2.426716	54.401006	-77.667729	-89.634427
64541	10.752879	5.872929	1.025140	-0.123105	-0.168842	2.322242	50.817690	-78.785418	-86.041651
64542	10.651020	5.944942	0.961479	-0.085953	-0.169666	2.220972	46.719273	-79.806422	-81.915924
64543	10.592314	5.931040	0.887455	-0.049245	-0.158336	2.131406	41.961012	-80.726495	-77.112305
64544	10.442816	6.061472	0.836947	-0.011111	-0.151693	2.057465	36.451748	-81.539155	-71.538034
64545	10.244218	6.267645	0.849869	0.000315	-0.151703	2.001342	30.044181	-82.242031	-65.061089
64546	9.987094	6.437164	0.882109	-0.001706	-0.167778	1.967538	22.656857	-82.828905	-57.606852
64547	9.472265	6.541851	0.887624	-0.025356	-0.184625	1.909194	14.388684	-83.277722	-49.287691
64548	8.897845	6.671634	0.930705	0.004668	-0.210435	1.813055	5.692418	-83.577528	-40.526431
64549	8.393183	6.862709	1.135389	-0.071260	-0.287751	1.712807	-3.177098	-83.763789	-31.639038
64550	8.770026	7.131211	1.425416	-0.237101	-0.396534	1.638919	-12.179283	-83.862940	-22.715957
64551	8.835179	6.471057	1.453398	-0.452185	-0.377395	1.552345	-20.917713	-83.815796	-14.182709
64552	8.355627	5.480571	1.432445	-0.506698	-0.298024	1.460484	-28.752442	-83.618151	-6.587834
64553	7.961158	5.080354	1.411730	-0.506079	-0.270876	1.388247	-35.647071	-83.324146	0.064703
64554	7.606456	4.816492	1.332887	-0.585696	-0.339873	1.330573	-41.945798	-82.997243	6.075509
64555	7.742049	4.368709	1.181566	-0.786420	-0.456670	1.260164	-47.927734	-82.671233	11.655226
64556	8.179657	3.718096	0.893251	-0.945544	-0.520365	1.164104	-53.427238	-82.343476	16.660622
64557	8.675287	3.446069	0.692575	-0.952295	-0.479791	1.091527	-58.170779	-81.979852	20.903025
64558	8.752119	3.318365	0.478645	-0.900163	-0.358338	1.042882	-61.968322	-81.564013	24.223943
64559	8.303385	3.451118	0.304635	-0.880314	-0.302523	1.023670	-65.196458	-81.115325	26.984059
64560	7.605105	3.708473	0.104298	-0.889042	-0.331183	0.989448	-68.181994	-80.669504	29.496850
64561	6.867244	3.885851	0.031646	-0.891363	-0.405248	0.906370	-71.056614	-80.263334	31.898846
64562	18.654877	6.154474	4.887969	-1.402051	-1.089774	0.549441	-75.835421	-80.139338	35.938195
64563	11.383750	0.962605	0.862084	-2.959697	1.596612	-0.873343	-71.590878	-80.363580	29.916021
64564	1.253885	-10.271361	-4.322522	2.004900	2.726738	-1.712506	-59.503664	-80.611013	18.831148
64565	4.903549	-1.709986	2.003274	1.249170	0.459791	-1.038144	-55.435115	-80.970837	15.439617
64566	7.499666	-2.805902	-1.177937	-0.685989	-0.518835	-0.815802	-55.693426	-81.524110	15.308348
64567	10.459977	-1.653992	1.132880	-0.097296	-0.068107	-1.224071	-53.120053	-82.117049	12.657260
64568	8.675897	-1.388724	1.151649	1.312299	0.749400	-1.465412	-45.909074	-82.477017	6.144569
64569	9.455301	1.290156	2.713666	0.938155	0.054944	-1.303424	-40.944201	-82.967504	1.686349
64570	10.815381	1.149393	3.369906	-0.022791	-0.293093	-1.164736	-37.477383	-83.519196	-1.812783
64571	9.937423	-0.296440	2.830771	0.159193	0.130751	-1.280608	-31.514343	-83.872964	-7.715221
64572	7.560692	-0.196693	2.444298	0.419080	0.208439	-1.422836	-23.850309	-84.145822	-15.174745
64573	7.902296	0.196785	1.762650	0.100953	-0.333867	-1.464366	-16.441089	-84.614617	-22.556440
64574	9.153590	-0.382404	0.773353	0.005685	-0.480479	-1.529750	-7.558469	-85.066666	-31.466698
64575	9.787992	0.113955	0.586931	0.273630	-0.378458	-1.555324	3.109354	-85.318105	-42.009595
64576	15.051414	2.414556	1.017584	0.125481	-0.744522	-1.485705	14.635775	-85.608844	-53.494833
64577	13.674339	0.937685	-0.616413	-0.190815	0.128928	-1.317095	23.210703	-85.292371	-62.201378
64578	11.794759	0.815549	-1.275455	0.168912	0.295284	-1.154360	29.320169	-84.846474	-68.231298
64579	11.760140	0.736959	-1.603470	0.043201	0.356729	-1.009750	33.454389	-84.369493	-72.353948
64580	11.299839	-0.074567	-0.707556	0.072380	0.675804	-0.951464	35.697970	-83.740354	-74.562910
64581	10.461045	0.873630	0.983130	0.433603	0.707293	-0.855906	37.281253	-83.122104	-75.901513
64582	9.862556	2.168087	2.686586	0.248075	0.662905	-0.788659	38.409844	-82.544103	-76.890689
64583	9.105272	1.408120	2.210417	0.055327	0.426759	-0.773341	39.847910	-82.073951	-78.304743
64584	9.337224	0.969144	1.598142	0.004737	0.280431	-0.775031	41.477344	-81.661883	-79.942932
64585	9.449073	0.869803	1.149844	0.051941	0.196041	-0.765717	43.169499	-81.282546	-81.618820
64586	9.390501	0.838664	1.048868	0.082420	0.137649	-0.765969	44.884066	-80.920023	-83.301413
64587	9.291364	0.858952	1.128385	0.141372	0.074551	-0.764027	46.654979	-80.575688	-85.008499
64588	9.599547	1.311443	1.258247	0.183571	0.019515	-0.781900	48.501278	-80.236660	-86.769242
64589	9.239661	1.313602	1.471855	0.106671	0.058088	-0.827945	50.182666	-79.854254	-88.409162
64590	8.562393	0.766086	1.387255	0.080827	-0.017649	-0.878033	52.006025	-79.468371	-90.210449
64591	8.332114	0.867898	1.360192	0.147972	-0.049870	-1.022410	54.067868	-79.016622	-92.217740
64592	8.464658	1.000794	1.073246	0.138906	-0.131337	-1.139972	56.337963	-78.522455	-94.445890
64593	8.448237	0.828857	0.839922	0.135368	-0.148207	-1.283427	58.659226	-77.947041	-96.732570
64594	8.022907	0.630946	0.637195	0.218197	-0.158904	-1.479039	61.079897	-77.259065	-99.077856
64595	8.297187	0.965505	0.884298	0.269474	-0.214755	-1.661825	63.598458	-76.472009	-101.500296
64596	14.007172	3.860778	2.392573	0.186262	-0.412935	-1.553745	66.105028	-75.765997	-103.967126
64597	18.240226	7.815330	1.705018	0.061846	-0.256512	-0.944656	67.494292	-75.325753	-105.360013
64598	8.353079	4.827942	-0.283028	0.290355	0.880718	-0.380179	66.237872	-74.926632	-103.882755
64599	9.558419	3.714184	0.901551	-0.032804	-0.503020	0.210168	67.033429	-75.150723	-104.720461
64600	9.604069	2.366468	1.071902	-1.431429	-0.105766	-0.007567	66.432095	-75.170152	-104.941662
64601	9.674840	0.821225	0.809189	-0.508139	-0.088220	-0.016136	66.332930	-75.181141	-105.135030
64602	9.072657	1.966303	1.374128	0.466422	0.230211	-0.065718	66.204532	-75.093056	-104.720532
64603	8.959549	3.017190	1.376392	0.151193	-0.006145	-0.043306	66.343667	-75.071002	-104.769657
64604	9.380924	2.522618	0.964978	-0.384149	-0.229764	0.008301	66.572234	-75.127416	-105.228772
64605	9.674421	1.869063	0.877447	-0.201576	-0.137458	0.012406	66.721653	-75.164381	-105.497629
64606	9.521634	2.344732	0.930777	0.111539	-0.019028	-0.009980	66.834124	-75.162900	-105.542704
64607	9.246740	2.449967	1.023606	-0.061893	-0.054619	-0.002846	66.912656	-75.172926	-105.655414
64608	9.364082	2.217385	1.123109	-0.139940	-0.121030	0.009057	67.068409	-75.204286	-105.894292
64609	9.485946	2.159945	0.897402	-0.036110	-0.095414	0.002516	67.239341	-75.226071	-106.087264
64610	9.468950	2.380872	0.933027	-0.037735	-0.073397	0.004748	67.363140	-75.244290	-106.232488
64611	9.451131	2.350740	0.929450	-0.077536	-0.084609	0.010090	67.483217	-75.267477	-106.397381
64612	9.489087	2.281610	0.898200	-0.060320	-0.074247	0.012256	67.590249	-75.289705	-106.538618
64613	9.469381	2.295202	0.916078	-0.046955	-0.060039	0.015373	67.674663	-75.310179	-106.648493
64614	9.449659	2.308621	0.934861	-0.057915	-0.055377	0.015785	67.742617	-75.330069	-106.747883
64615	9.417312	2.285604	0.915634	-0.059922	-0.050861	0.013234	67.803255	-75.347351	-106.840842
64616	9.373596	2.255664	0.968256	-0.067132	-0.061350	0.013267	67.880574	-75.367137	-106.955352
64617	9.409498	2.230912	0.958337	-0.063983	-0.073877	0.007222	67.991113	-75.386113	-107.102273
64618	9.454836	2.257888	0.895953	-0.054099	-0.079520	0.006253	68.119314	-75.405954	-107.261626
64619	9.518737	2.314075	0.831393	-0.053333	-0.063869	0.002755	68.219821	-75.420271	-107.391851
64620	9.435668	2.271408	0.909404	-0.053542	-0.049645	0.005780	68.288176	-75.433379	-107.489018
64621	9.422621	2.256220	0.877438	-0.057906	-0.053729	0.003833	68.364797	-75.446036	-107.597255
64622	9.457270	2.254337	0.879048	-0.053290	-0.047794	0.003170	68.431912	-75.457301	-107.692981
64623	9.437251	2.268884	0.899225	-0.043815	-0.039973	0.003064	68.489244	-75.466591	-107.772940
64624	9.378846	2.247818	0.935091	-0.036946	-0.036731	0.002354	68.543842	-75.475051	-107.846053
64625	9.374322	2.232283	0.962453	-0.035246	-0.054305	0.007911	68.631880	-75.489879	-107.952653
64626	9.425204	2.252151	0.859976	-0.027192	-0.060603	0.010395	68.735095	-75.507549	-108.070201
64627	9.497521	2.307755	0.855377	-0.023930	-0.051685	0.008085	68.824483	-75.521838	-108.171484
64628	9.460566	2.249151	0.856579	-0.023604	-0.038592	0.005018	68.888928	-75.531997	-108.246852
64629	9.421073	2.256693	0.889698	-0.024323	-0.038195	0.008950	68.949742	-75.543907	-108.318848
64630	9.470810	2.298633	0.799008	-0.007035	-0.038529	0.013915	69.016668	-75.558770	-108.386967
64631	9.367733	2.270451	0.901982	-0.009201	-0.024580	0.013492	69.054465	-75.570283	-108.426240
64632	9.299922	2.218294	0.999049	-0.017954	-0.052463	0.030360	69.131332	-75.596764	-108.511073
64633	9.450457	2.226417	0.809884	-0.006754	-0.077108	0.030464	69.266987	-75.628025	-108.649918
64634	9.440202	2.238278	0.885868	0.008648	-0.060579	0.027667	69.378979	-75.654620	-108.755253
64635	9.391100	2.289042	0.877321	0.010630	-0.075202	0.025834	69.525325	-75.682862	-108.894817
64636	9.432296	2.277728	0.833676	-0.015399	-0.080882	0.034555	69.661842	-75.717088	-109.039653
64637	9.507645	2.264951	0.794909	-0.011585	-0.078893	0.029819	69.801322	-75.748034	-109.185227
64638	9.454575	2.278206	0.806558	-0.011258	-0.072741	0.035258	69.923696	-75.780864	-109.312983
64639	9.510967	2.236504	0.771254	-0.025040	-0.067491	0.029204	70.032874	-75.809088	-109.435212
64640	9.571850	2.210206	0.706719	-0.029037	-0.041439	0.020078	70.091022	-75.827516	-109.507198
64641	9.497799	2.240397	0.746786	-0.019254	-0.013705	0.008516	70.105283	-75.834045	-109.528093
64642	9.482670	2.269691	0.738813	-0.016616	-0.008049	0.004379	70.111542	-75.837491	-109.539219
64643	9.626606	1.991934	0.761193	0.203573	-0.003243	0.013076	70.227670	-75.844439	-109.533500
64644	9.227091	2.470375	0.866061	0.132226	0.033971	-0.010163	70.240615	-75.831897	-109.463569
64645	9.485088	2.322226	0.853124	-0.097981	-0.064708	0.000108	70.325336	-75.843735	-109.603651
64646	9.567347	2.047800	0.693422	-0.042186	-0.031806	-0.015843	70.383269	-75.840834	-109.683178
64647	9.510491	2.302033	0.784738	0.045420	0.017974	-0.032686	70.398391	-75.819013	-109.666742
64648	9.445464	2.344188	0.755505	-0.034440	0.000387	-0.029899	70.402533	-75.802322	-109.686219
64649	9.531995	2.204053	0.721308	-0.040463	0.002215	-0.029879	70.399955	-75.785044	-109.702281
64650	9.474632	2.289794	0.773062	-0.001533	0.025252	-0.038833	70.376762	-75.758751	-109.674110
64651	9.469549	2.256373	0.795653	-0.035409	0.011724	-0.035632	70.361233	-75.736541	-109.673825
64652	9.538242	2.213751	0.787011	-0.033046	0.028327	-0.049436	70.321683	-75.703929	-109.647400
64653	9.372928	2.289367	0.856897	-0.010433	0.033491	-0.049102	70.284739	-75.670252	-109.610244
64654	9.510287	2.275593	0.737188	-0.055428	0.009051	-0.052977	70.275953	-75.639448	-109.628803
64655	9.504004	2.265920	0.771222	-0.043223	0.034859	-0.062444	70.227718	-75.598303	-109.599375
64656	9.423577	2.265939	0.838193	-0.040423	0.040140	-0.059630	70.167455	-75.557886	-109.555911
64657	9.501377	2.255131	0.769915	-0.061780	0.033535	-0.070151	70.117645	-75.512833	-109.535826
64658	9.478302	2.298516	0.809290	-0.047392	0.054474	-0.070156	70.032106	-75.463924	-109.470360
64659	9.475350	2.326907	0.826255	-0.058040	0.056260	-0.073297	69.940331	-75.412709	-109.404693
64660	9.474050	2.311302	0.822553	-0.080201	0.053645	-0.074104	69.841748	-75.361787	-109.345143
64661	9.501946	2.280340	0.855025	-0.068674	0.065077	-0.085009	69.735784	-75.302474	-109.271076
64662	9.413654	2.363735	0.866858	-0.063577	0.068841	-0.087072	69.626659	-75.241506	-109.190746
64663	9.513290	2.296481	0.757510	-0.092978	0.060478	-0.086926	69.519033	-75.182013	-109.129319
64664	9.554443	2.281304	0.819877	-0.088339	0.081578	-0.109407	69.388502	-75.106419	-109.041475
64665	9.578206	2.372793	0.778050	-0.087494	0.110849	-0.122885	69.211818	-75.017384	-108.905279
64666	9.500051	2.392514	0.823071	-0.108119	0.128975	-0.127913	68.992320	-74.922061	-108.736980
64667	9.374398	2.448187	0.957880	-0.097808	0.146250	-0.120700	68.742283	-74.826620	-108.530798
64668	9.361425	2.356003	0.901722	-0.108671	0.120965	-0.103999	68.524756	-74.745376	-108.364722
64669	9.474777	2.354831	0.949415	-0.105420	0.130042	-0.106399	68.296031	-74.660543	-108.184988
64670	9.363515	2.350953	0.980034	-0.068336	0.158283	-0.108336	68.037128	-74.568687	-107.951893
64671	9.223917	2.390118	1.085022	-0.079611	0.121891	-0.107456	67.844231	-74.484663	-107.793839
64672	9.257097	2.354145	1.079937	-0.065091	0.080797	-0.092099	67.726943	-74.417796	-107.705624
64673	9.326088	2.398015	1.078906	-0.048589	0.065307	-0.090654	67.648808	-74.354799	-107.648167
64674	9.352876	2.444035	1.012111	-0.051016	0.056050	-0.092442	67.587991	-74.293080	-107.610174
64675	9.347858	2.392710	1.027282	-0.038689	0.052665	-0.083096	67.534358	-74.236815	-107.572245
64676	9.271694	2.488260	1.065109	-0.026530	0.048592	-0.075965	67.489442	-74.185435	-107.536177
64677	9.205894	2.456595	1.136976	-0.028606	0.016323	-0.060496	67.492409	-74.149090	-107.551056
64678	9.344392	2.469514	1.028489	-0.020464	-0.008941	-0.041863	67.532027	-74.128371	-107.599242
64679	9.330324	2.459223	0.999647	-0.020585	-0.004206	-0.040811	67.562472	-74.106935	-107.637916
64680	9.362177	2.483791	1.015719	-0.017377	-0.008237	-0.030743	67.593816	-74.091937	-107.675669
64681	9.441040	2.494773	0.955047	-0.022665	0.004558	-0.035238	67.602371	-74.071529	-107.692826
64682	9.450986	2.452972	0.994116	-0.024077	0.013513	-0.040677	67.597015	-74.046516	-107.696412
64683	9.414142	2.479077	1.002217	-0.030731	0.029345	-0.046862	67.563921	-74.014539	-107.675059
64684	9.396662	2.513013	0.998465	-0.031279	0.026149	-0.048783	67.537353	-73.982470	-107.660871
64685	9.390150	2.501835	1.032307	-0.038380	0.026932	-0.049383	67.506449	-73.949682	-107.646350
64686	9.395085	2.499853	0.994698	-0.033997	0.032245	-0.052186	67.469895	-73.914469	-107.623385
64687	9.372323	2.518905	1.021977	-0.033913	0.033464	-0.057024	67.435597	-73.876198	-107.602662
64688	9.424210	2.531097	1.018884	-0.035898	0.032104	-0.055823	67.401231	-73.839085	-107.583100
64689	9.409323	2.522295	0.994915	-0.040411	0.050014	-0.061019	67.336386	-73.795044	-107.534438
64690	9.307925	2.511474	1.073725	-0.037200	0.047721	-0.062830	67.278582	-73.750764	-107.491234
64691	9.348113	2.488586	1.032444	-0.033443	0.048636	-0.062731	67.222105	-73.706096	-107.447108
64692	9.301855	2.463505	1.092959	-0.022890	0.047458	-0.066516	67.176297	-73.659905	-107.407840
64693	9.369638	2.528360	1.099885	-0.014186	0.040169	-0.070142	67.152167	-73.613190	-107.385906
64694	9.374112	2.528644	1.062367	-0.022067	0.030471	-0.073417	67.142865	-73.567125	-107.384185
64695	9.464505	2.558669	1.034445	-0.023785	0.038156	-0.083394	67.127027	-73.513859	-107.376621
64696	9.561080	2.584223	0.966189	-0.028298	0.047102	-0.107164	67.109994	-73.446275	-107.370559
64697	9.464784	2.571837	1.004279	-0.016901	0.076205	-0.122213	67.060013	-73.364036	-107.323246
64698	9.526968	2.605523	1.034983	-0.032867	0.091419	-0.137276	66.985267	-73.270653	-107.259664
64699	9.454468	2.537726	1.031762	-0.031122	0.109572	-0.145107	66.887099	-73.168824	-107.170482
64700	9.385130	2.593661	1.113470	-0.018194	0.131050	-0.159634	66.770430	-73.054668	-107.054233
64701	9.343529	2.630155	1.131610	-0.022188	0.134374	-0.161157	66.649095	-72.938677	-106.935366
64702	9.395169	2.609749	1.116471	-0.023096	0.134747	-0.166714	66.531683	-72.819818	-106.821133
64703	9.401697	2.639145	1.159241	-0.012847	0.148654	-0.165201	66.397773	-72.698289	-106.683344
64704	9.322254	2.638761	1.192439	-0.005263	0.157909	-0.173767	66.260275	-72.570249	-106.537207
64705	9.335452	2.662523	1.195067	0.001367	0.158964	-0.164826	66.120932	-72.446340	-106.384994
64706	9.412547	2.725729	1.131974	0.014279	0.184879	-0.161949	65.945710	-72.317986	-106.187327
64707	9.337435	2.744626	1.238685	-0.019163	0.202127	-0.165053	65.728916	-72.183559	-105.965923
64708	9.382540	2.650218	1.268841	-0.012596	0.197803	-0.168842	65.528250	-72.048133	-105.757406
64709	9.590270	2.697281	1.165139	0.025222	0.235987	-0.185794	65.304396	-71.894337	-105.501484
64710	9.372312	2.760859	1.272934	0.045105	0.268744	-0.210004	65.061462	-71.719950	-105.213311
64711	9.309147	2.773774	1.301372	0.020845	0.239121	-0.246899	64.883282	-71.533070	-105.007649
64712	9.346767	2.732171	1.356062	-0.001902	0.225213	-0.272557	64.735309	-71.336285	-104.847437
64713	9.383336	2.828786	1.303733	0.074797	0.246265	-0.289624	64.615228	-71.125197	-104.670012
64714	9.386454	2.833083	1.432689	0.032102	0.230026	-0.311002	64.513046	-70.907118	-104.537223
64715	9.523742	2.759622	1.424908	0.019182	0.201367	-0.335521	64.466326	-70.683197	-104.470757
64716	9.282788	2.804297	1.525628	0.076986	0.209536	-0.368279	64.464194	-70.440493	-104.416427
64717	9.243364	2.892011	1.484864	0.088414	0.180267	-0.376978	64.517845	-70.200350	-104.414238
64718	9.251388	2.991834	1.377763	0.087804	0.174546	-0.391128	64.587703	-69.954467	-104.429723
64719	9.506146	3.118845	1.348619	0.091111	0.184629	-0.403931	64.653342	-69.699306	-104.438653
64720	9.634032	3.161285	1.351988	0.065075	0.209700	-0.442972	64.693633	-69.417947	-104.436533
64721	9.793166	3.097380	1.484056	0.037127	0.226146	-0.491262	64.726711	-69.107386	-104.443747
64722	9.890710	3.027277	1.404653	0.078818	0.273273	-0.566293	64.766742	-68.746583	-104.432902
64723	9.881028	3.162106	1.510430	0.135328	0.315475	-0.651111	64.835966	-68.331379	-104.418532
64724	9.725585	3.259307	1.547696	0.150674	0.319531	-0.739973	64.960525	-67.869231	-104.454353
64725	9.879347	3.294580	1.958707	0.088639	0.289795	-0.813802	65.127257	-67.375769	-104.574267
64726	9.790572	2.996947	1.674476	0.147779	0.294926	-0.911899	65.369827	-66.829994	-104.740250
64727	9.717431	3.555548	1.812983	0.313113	0.326295	-1.009800	65.712740	-66.225301	-104.912997
64728	9.666286	3.565963	1.683768	0.158330	0.268259	-1.091059	66.064211	-65.591384	-105.193158
64729	9.841656	3.580299	1.728459	0.162002	0.247816	-1.179566	66.468963	-64.914941	-105.531060
64730	9.805294	3.602155	1.678349	0.177905	0.293159	-1.278934	66.860140	-64.175041	-105.845865
64731	9.775298	3.904015	1.419454	0.253239	0.338791	-1.370443	67.267368	-63.375700	-106.132433
64732	9.787345	4.184892	1.489604	0.191104	0.365024	-1.468427	67.633965	-62.517953	-106.415507
64733	9.490260	4.239667	1.631219	0.109904	0.362327	-1.545315	67.969291	-61.619218	-106.718033
64734	9.223011	4.329102	1.541012	0.136597	0.375011	-1.612465	68.313613	-60.681255	-107.016079
64735	8.967893	4.579248	1.535905	0.151068	0.384315	-1.678843	68.662327	-59.705118	-107.312351
64736	9.042752	4.717516	1.597279	0.057471	0.341661	-1.717612	68.989212	-58.716228	-107.648711
64737	8.676670	4.742854	1.619284	-0.022732	0.335923	-1.763819	69.271025	-57.702903	-107.989598
64738	8.116683	4.854057	1.641192	0.107823	0.310219	-1.828877	69.648635	-56.658791	-108.359457
64739	8.327647	5.073132	2.029618	-0.041213	0.221283	-1.831735	69.991531	-55.629522	-108.794651
64740	8.273644	5.026264	1.712173	-0.049518	0.180654	-1.841746	70.340945	-54.601267	-109.249090
64741	7.687523	5.271203	1.608180	0.111556	0.234504	-1.876545	70.728754	-53.542337	-109.642767
64742	7.703628	5.680564	1.930044	0.052958	0.171851	-1.859219	71.102086	-52.502961	-110.065839
64743	8.172231	5.863526	2.468807	-0.179356	0.075316	-1.822374	71.381153	-51.499976	-110.543883
64744	8.232231	5.169120	2.461244	-0.269298	0.074401	-1.803871	71.586348	-50.505928	-111.000006
64745	7.322779	5.171381	2.142693	0.161994	0.179262	-1.803005	71.952380	-49.492211	-111.350008
64746	6.849259	5.689514	2.109569	0.335381	0.158582	-1.810508	72.414120	-48.476357	-111.700654
64747	7.127103	6.233676	2.543624	0.136121	-0.016481	-1.732615	72.835757	-47.531384	-112.156190
64748	7.006799	5.844605	2.159533	-0.000974	-0.104146	-1.698051	73.206187	-46.617855	-112.656003
64749	6.821785	5.936825	2.150080	0.189574	-0.066212	-1.679494	73.642902	-45.706020	-113.103831
64750	6.585348	6.261051	2.355921	0.293157	-0.085166	-1.643218	74.126102	-44.814630	-113.540579
64751	6.643336	6.352984	2.520462	0.164335	-0.176728	-1.590421	74.560781	-43.964169	-114.020129
64752	6.905949	6.273201	2.416928	0.190646	-0.199183	-1.558957	75.001815	-43.131810	-114.494461
64753	7.013546	6.607411	2.384578	0.387265	-0.150189	-1.549050	75.513365	-42.295058	-114.914064
64754	6.885565	6.672349	2.340366	0.395403	-0.162036	-1.544337	76.019924	-41.459799	-115.326032
64755	6.600916	6.641321	2.171889	0.426047	-0.180092	-1.550769	76.539057	-40.620815	-115.737279
64756	6.453526	6.815628	2.005819	0.552208	-0.167448	-1.565329	77.111409	-39.769028	-116.126120
64757	6.361918	7.159606	1.738204	0.710042	-0.172304	-1.581552	77.763052	-38.905789	-116.504472
64758	6.446753	7.644062	1.884054	0.758817	-0.206092	-1.594589	78.443648	-38.035749	-116.891565
64759	6.359536	7.686109	1.741366	0.568018	-0.298461	-1.604130	79.040778	-37.167504	-117.328662
64760	6.271800	7.700336	1.515917	0.477395	-0.389348	-1.624104	79.610894	-36.294022	-117.816210
64761	5.830198	7.669790	1.219831	0.611910	-0.420627	-1.659755	80.257366	-35.399632	-118.312945
64762	5.429156	7.884489	0.988097	0.796810	-0.490202	-1.718108	81.023756	-34.473669	-118.845251
64763	4.949214	8.186551	0.772378	0.917306	-0.629636	-1.745820	81.894665	-33.537901	-119.453773
64764	5.029324	8.632759	0.697371	0.814863	-0.822602	-1.719252	82.755987	-32.624288	-120.167219
64765	4.796977	8.778542	0.456949	0.586390	-1.066420	-1.675320	83.550275	-31.743914	-121.018228
64766	4.007987	8.459281	-0.015898	0.620185	-1.304257	-1.699974	84.423985	-30.853229	-122.006373
64767	3.981317	8.596633	-0.216357	0.666879	-1.601321	-1.757613	85.399074	-29.931318	-123.168422
64768	4.633457	8.962079	0.073168	0.351569	-1.929087	-1.788669	86.269796	-28.989173	-124.518993
64769	5.573540	8.686125	0.090518	0.051293	-2.116516	-1.847169	86.994834	-28.003626	-125.966274
64770	6.197160	8.652273	-0.045517	0.095193	-2.006631	-1.922593	87.677937	-26.956392	-127.317517
64771	5.504475	8.693729	-0.112004	0.252148	-1.775976	-2.078861	88.351984	-25.801095	-128.497808
64772	4.689090	9.872151	-0.479492	0.406838	-1.625903	-2.202152	89.041076	-24.560620	-129.557672
64773	2.822999	11.630605	-1.006104	0.789692	-1.259720	-2.492409	89.823728	-23.139712	-130.361371
64774	-0.403199	14.263264	-1.129021	1.356019	-1.009358	-2.946059	90.838493	-21.448237	-130.974882
64775	1.487368	18.606423	-1.338102	1.402507	-1.372030	-2.548067	91.930844	-19.969421	-131.776473
64776	2.836585	17.161762	-0.543413	-0.883154	-2.574894	-1.710009	91.938657	-18.940182	-133.304180
64777	5.703539	13.733166	-0.458976	-1.522837	-2.846728	-0.707467	91.619023	-18.483791	-135.011294
64778	7.275706	13.356728	0.321323	-0.890190	-2.020221	-0.050051	91.499524	-18.423455	-136.229333
64779	6.857965	14.417272	0.988531	-0.320628	-1.131824	0.401583	91.540085	-18.635798	-136.918625
64780	6.369589	15.818296	1.190654	-0.574702	-0.625338	0.643017	91.340691	-18.994924	-137.305875
64781	5.619610	15.690036	1.124275	-0.925962	-0.173617	0.559592	90.851655	-19.313201	-137.416769
64782	4.080826	15.075945	0.786556	-0.816810	0.372841	0.144064	90.313597	-19.397726	-137.190318
64783	2.132724	14.981944	0.384788	-0.733014	0.696568	-0.379471	89.758627	-19.180124	-136.766422
64784	0.493258	14.310102	0.008671	-0.809336	0.669701	-0.935564	89.169870	-18.640317	-136.365212
64785	-0.161831	13.704796	-0.314696	-0.842187	0.397231	-1.433631	88.622360	-17.813990	-136.141392
64786	-0.071390	13.123009	-0.493718	-0.760802	0.047779	-1.849154	88.191810	-16.753934	-136.142663
64787	0.688491	12.688279	-0.365760	-0.662000	-0.310793	-2.122927	87.880947	-15.543424	-136.370441
64788	1.790778	12.269117	-0.046929	-0.573386	-0.594990	-2.257094	87.661221	-14.264208	-136.774083
64789	2.865571	11.677879	0.384593	-0.516362	-0.742143	-2.279523	87.486614	-12.976169	-137.267218
64790	3.970438	11.213724	0.857115	-0.447304	-0.745811	-2.213692	87.341139	-11.728148	-137.761904
64791	4.766181	10.800094	1.278970	-0.377360	-0.575859	-2.113388	87.206034	-10.533242	-138.155617
64792	5.153062	10.353507	1.533280	-0.257961	-0.259011	-1.990290	87.099073	-9.401430	-138.362740
64793	5.254473	9.957468	1.696077	-0.088595	0.128112	-1.877449	87.050344	-8.322495	-138.343230
64794	4.999944	9.577658	1.614584	0.058094	0.525926	-1.785494	87.054470	-7.285099	-138.091708
64795	4.431631	9.244034	1.402607	0.188278	0.857469	-1.696778	87.114698	-6.288539	-137.646505
64796	3.781251	8.898866	1.127206	0.253646	1.081651	-1.608030	87.206565	-5.337391	-137.069336
64797	3.240433	8.779786	0.803027	0.338931	1.213796	-1.509065	87.349693	-4.440269	-136.412463
64798	2.820982	8.637845	0.529650	0.371028	1.283414	-1.432770	87.518248	-3.587009	-135.712031
64799	2.563010	8.447411	0.299072	0.387598	1.277597	-1.365508	87.706344	-2.774534	-135.011299
64800	2.288541	8.502225	0.225406	0.457033	1.229981	-1.324891	87.945074	-1.989000	-134.334430
64801	2.185495	8.707642	0.248503	0.477127	1.120463	-1.282037	88.205974	-1.233171	-133.716367
64802	2.413412	8.845376	0.314369	0.439840	0.993272	-1.211362	88.454561	-0.522598	-133.166797
64803	2.781495	8.786300	0.407822	0.424692	0.917814	-1.114903	88.701033	0.129027	-132.656072
64804	3.122051	8.889751	0.480811	0.434334	0.908674	-0.998473	88.958625	0.711840	-132.146346
64805	3.336616	8.889088	0.568559	0.404359	0.935033	-0.858911	89.204053	1.212252	-131.617630
64806	3.535651	8.880450	0.618463	0.382025	1.005093	-0.703853	89.442084	1.622515	-131.045509
64807	3.489355	8.847374	0.623815	0.362246	1.123071	-0.558296	89.674458	1.946856	-130.403348
64808	3.449842	8.599074	0.603244	0.291709	1.230140	-0.429864	89.872079	2.196139	-129.698173
64809	3.690295	8.385223	0.670269	0.227978	1.300543	-0.301871	90.037191	2.368934	-128.951705
64810	4.220765	8.425432	0.710968	0.191846	1.410159	-0.144844	90.186150	2.450544	-128.141988
64811	4.426404	8.228028	0.615344	0.160541	1.593510	0.029192	90.321741	2.428717	-127.227379
64812	4.175118	7.920851	0.484039	0.164494	1.735565	0.233261	90.461941	2.288456	-126.232188
64813	3.696051	7.542056	0.303362	0.116995	1.755103	0.422965	90.571468	2.035678	-125.227259
64814	3.501003	7.269608	0.179313	0.083884	1.654450	0.643865	90.654980	1.656823	-124.281961
64815	3.588454	6.963924	0.267242	0.029212	1.481002	0.923480	90.696620	1.116094	-123.438625
64816	4.147253	6.352994	0.549042	-0.175363	1.177717	1.332756	90.609638	0.345015	-122.771661
64817	5.176117	5.925627	0.796781	-0.538751	0.898676	1.902446	90.303561	-0.750983	-122.264618
64818	5.939741	5.698566	0.985192	-0.888912	0.876394	2.414467	89.786574	-2.134576	-121.762546
64819	5.720129	5.056059	0.841834	-0.936776	1.018110	2.724240	89.223682	-3.692629	-121.164129
64820	5.315146	4.623394	0.702819	-0.727357	1.128777	2.962979	88.758154	-5.378444	-120.484613
64821	4.580656	4.485520	0.671078	-0.743769	1.109112	3.196286	88.260807	-7.195259	-119.796700
64822	4.000175	3.959246	0.559851	-1.123956	0.950736	3.389683	87.533394	-9.115890	-119.173932
64823	3.589614	3.149304	0.234046	-1.399549	0.801213	3.511255	86.635330	-11.104576	-118.603334
64824	3.250627	2.402912	-0.225418	-1.448513	0.721444	3.473726	85.693306	-13.062510	-118.044549
64825	2.852473	1.620301	-0.477930	-1.386882	0.610552	3.386738	84.775105	-14.970193	-117.518037
64826	3.189975	0.940899	-0.664592	-1.321830	0.368066	3.447670	83.906823	-16.914856	-117.096339
64827	4.026455	0.580585	-0.614499	-1.468534	0.036394	3.711211	82.983557	-19.028080	-116.818257
64828	4.964115	0.177819	-0.700336	-1.752397	-0.195555	4.078767	81.911923	-21.359160	-116.608456
64829	5.538947	-0.588955	-0.955445	-1.755639	-0.284372	4.248367	80.824556	-23.793571	-116.386067
64830	5.685310	-1.493435	-1.360384	-1.106992	-0.142454	4.374645	80.037755	-26.278411	-116.014140
64831	5.256200	-0.894390	-1.221510	-0.171183	-0.003034	4.485226	79.708346	-28.812349	-115.505159
64832	4.743756	0.577655	-0.759511	0.185514	-0.053011	4.578891	79.562784	-31.398188	-114.993190
64833	4.732634	1.804464	-0.183277	0.008304	-0.206312	4.565833	79.337994	-33.995776	-114.560690
64834	4.948404	2.358715	0.201145	-0.424174	-0.424778	4.556499	78.919902	-36.605158	-114.249264
64835	5.799208	2.340957	0.480736	-0.860321	-0.602163	4.584117	78.289150	-39.252366	-114.018472
64836	7.060941	1.949247	0.502039	-1.103378	-0.611561	4.588751	77.481989	-41.896132	-113.742035
64837	7.954372	1.328364	0.217982	-1.053087	-0.540769	4.646647	76.603966	-44.564705	-113.335235
64838	8.247090	1.819416	0.219444	-0.760051	-0.420898	4.765180	75.740470	-47.273091	-112.732740
64839	7.694584	3.372041	0.325322	-0.511498	-0.353521	4.865167	74.868746	-50.025737	-111.956666
64840	7.694496	5.130438	0.732793	-0.584487	-0.460511	4.936850	73.901699	-52.820604	-111.141991
64841	7.790556	6.668067	0.972713	-0.991183	-0.589241	4.816226	72.683935	-55.565648	-110.335913
64842	8.211851	6.815409	0.762480	-1.520851	-0.716605	4.588143	71.164143	-58.191687	-109.556141
64843	8.778407	5.963492	0.197257	-1.611972	-0.753318	4.355584	69.507525	-60.691779	-108.700361
64844	9.145164	5.418030	-0.297725	-1.058690	-0.711019	4.162786	67.997489	-63.061965	-107.670635
64845	9.524443	6.279974	-0.360785	-0.272193	-0.693365	4.059094	66.748728	-65.366295	-106.452485
64846	9.568935	8.028922	-0.169885	0.275925	-0.744140	3.947641	65.711420	-67.607718	-105.143635
64847	9.777204	9.969406	0.305362	0.618894	-0.745814	3.717049	64.775481	-69.725252	-103.753649
64848	10.051159	10.987060	0.710700	0.655261	-0.760963	3.328226	63.920223	-71.632546	-102.444362
64849	10.113480	11.295753	0.830166	0.726615	-0.755445	3.026513	63.110717	-73.381711	-101.154494
64850	10.405259	11.520732	1.003702	0.867733	-0.667667	2.754772	62.254363	-74.959151	-99.742528
64851	10.770960	12.068201	1.392978	0.972243	-0.624630	2.574708	61.310543	-76.431701	-98.188968
64852	11.464031	12.899979	1.763639	0.865435	-0.602412	2.484791	60.074598	-77.841678	-96.407579
64853	11.567932	13.137401	1.979588	0.640997	-0.552537	2.338816	58.407477	-79.157885	-94.326831
64854	10.770557	13.036778	1.918426	0.741245	-0.365765	2.048604	56.319087	-80.258976	-91.767688
64855	9.579141	13.078754	1.886717	0.943849	-0.177388	1.673608	54.026996	-81.106105	-88.892152
64856	8.662711	13.483859	2.205317	0.971981	-0.143191	1.361195	51.898306	-81.777580	-86.171320
64857	8.466086	13.593129	2.658441	0.542333	-0.295712	1.134308	50.216917	-82.390427	-84.155125
64858	9.054257	12.224082	2.812127	-0.137959	-0.438793	0.919786	48.970906	-82.953999	-82.973531
64859	9.340718	10.413774	2.665910	-0.382523	-0.298377	0.665095	47.706877	-83.352267	-81.916163
64860	8.932244	9.002668	2.301344	-0.252021	0.004382	0.422310	46.109714	-83.526524	-80.448800
64861	8.480976	8.072336	1.938274	-0.113582	0.218401	0.205727	44.535056	-83.521647	-78.924457
64862	8.057857	7.113172	1.554136	-0.243130	0.232754	0.039131	43.444882	-83.440505	-77.962375
64863	27.075328	12.281628	6.472126	-1.011634	-1.129427	-0.217587	47.791720	-83.803186	-82.914344
64864	9.374595	-0.009202	-4.966856	-4.128900	1.927586	-1.886120	44.983302	-82.258305	-82.463472
64865	15.019929	-5.003633	0.457317	0.582637	0.265495	-1.615508	48.967644	-81.475979	-86.145750
64866	14.041927	1.032514	3.296124	-0.003697	1.176046	0.020579	45.695168	-81.027037	-82.831892
64867	6.015331	1.177190	2.369219	1.125124	0.734626	-0.133423	44.824546	-80.675184	-81.291902
64868	6.200368	1.801250	1.446737	0.728279	0.020362	-0.403900	46.172212	-80.501195	-82.229929
64869	7.280522	-0.247591	-0.389258	-0.104360	-0.543759	-0.447552	48.529772	-80.522308	-84.675595
64870	9.441984	-0.239701	-0.351792	-0.228048	-0.413372	-0.613381	50.829830	-80.406867	-87.135297
64871	10.546710	-0.096492	0.239623	0.588263	0.145662	-0.822315	52.485532	-79.984301	-88.468275
64872	10.403627	2.453066	2.492900	0.765744	0.507237	-0.867153	53.300013	-79.412045	-88.845091
64873	9.959259	3.777844	3.482394	0.370957	0.289749	-0.764206	54.173249	-78.959573	-89.512496
64874	9.909377	3.155240	2.370906	-0.068330	-0.104801	-0.623834	55.427994	-78.701431	-90.826280
64875	10.630158	2.223895	1.124608	-0.256594	-0.284655	-0.465567	56.700321	-78.569723	-92.268766
64876	11.093286	1.949085	0.505991	-0.028758	-0.171847	-0.290619	57.538462	-78.482698	-93.135717
64877	10.283579	2.019855	0.677402	0.059308	0.025129	-0.181123	57.789371	-78.385877	-93.351893
64878	9.621672	2.000303	1.165339	-0.022870	0.021605	-0.126917	57.914999	-78.317092	-93.488445
64879	9.471932	1.694876	1.228879	-0.126900	-0.048355	-0.116169	58.131083	-78.273854	-93.778114
64880	9.515370	1.526289	1.084152	-0.107984	-0.052757	-0.136058	58.391796	-78.222832	-94.102504
64881	9.656205	1.564698	0.894663	-0.050804	-0.021600	-0.168276	58.658866	-78.145612	-94.399839
64882	9.696772	1.815395	0.966765	-0.045391	0.031067	-0.171738	58.804902	-78.051647	-94.570559
64883	9.560557	2.097367	1.340536	-0.038693	0.007633	-0.133425	58.956318	-77.982497	-94.742751
64884	9.354216	1.945758	1.223455	-0.081292	-0.091256	-0.096148	59.254988	-77.961456	-95.090644
64885	9.637348	1.822407	0.953966	-0.131228	-0.136977	-0.064113	59.589361	-77.968277	-95.504150
64886	9.602554	1.705970	0.980878	-0.101268	-0.097629	-0.065063	59.847999	-77.963683	-95.822821
64887	9.385682	1.690309	1.089176	-0.060375	-0.088649	-0.076567	60.127336	-77.949626	-96.138556
64888	9.480328	1.732469	1.059265	-0.069312	-0.109506	-0.085373	60.458132	-77.937631	-96.512318
64889	9.560607	1.751400	0.899782	-0.096238	-0.115675	-0.094792	60.802462	-77.921329	-96.915563
64890	9.647854	1.759393	0.891215	-0.091586	-0.088066	-0.097685	61.084618	-77.896315	-97.252681
64891	9.586220	1.797091	0.942869	-0.070290	-0.054494	-0.102440	61.308144	-77.858457	-97.517241
64892	9.524546	1.856912	1.006081	-0.068977	-0.048785	-0.094333	61.504431	-77.823789	-97.753353
64893	9.571213	1.898695	1.045773	-0.065432	-0.068263	-0.086384	61.739863	-77.797361	-98.027313
64894	9.529208	1.885181	0.965418	-0.076451	-0.070224	-0.070765	61.950213	-77.780015	-98.282241
64895	9.467838	1.830045	0.977884	-0.077286	-0.079232	-0.068782	62.180861	-77.764987	-98.558296
64896	9.501385	1.832658	0.977367	-0.070841	-0.084546	-0.058556	62.411709	-77.757225	-98.830937
64897	9.535081	1.834938	0.976085	-0.047909	-0.088458	-0.057973	62.666616	-77.749644	-99.114614
64898	9.581677	1.886928	0.922043	-0.031842	-0.085906	-0.054825	62.917855	-77.743639	-99.385272
64899	9.474473	1.872626	1.018377	-0.036017	-0.089399	-0.047676	63.168899	-77.741031	-99.658036
64900	9.447005	1.870255	0.962985	-0.043616	-0.110528	-0.037782	63.450940	-77.749569	-99.967118
64901	9.561788	1.847877	0.887949	-0.035005	-0.123371	-0.028502	63.760590	-77.764879	-100.299247
64902	9.576362	1.886406	0.915601	-0.015694	-0.105141	-0.018712	64.024742	-77.781203	-100.573622
64903	9.401143	1.909177	0.918459	-0.047389	-0.114545	-0.010181	64.286735	-77.803080	-100.864209
64904	9.557659	1.793011	0.867440	-0.054956	-0.144210	-0.006901	64.610187	-77.834600	-101.222217
64905	9.530807	1.809778	0.818863	0.006340	-0.115166	-0.006037	64.902103	-77.858130	-101.511867
64906	9.612308	1.944301	0.806468	0.027026	-0.102781	-0.004880	65.173120	-77.879903	-101.768129
64907	9.432515	1.827566	0.881822	-0.008320	-0.107233	-0.000096	65.432916	-77.904045	-102.033470
64908	9.641756	1.883502	0.801718	-0.009057	-0.129762	0.001181	65.744370	-77.934851	-102.352179
64909	9.654311	1.866312	0.709292	0.001781	-0.088215	-0.001093	65.966725	-77.953478	-102.573268
64910	9.561118	1.897191	0.755045	0.003293	-0.061380	-0.005352	66.126714	-77.964422	-102.729823
64911	9.601160	1.886730	0.714516	-0.035033	-0.046911	-0.012153	66.239360	-77.967434	-102.860286
64912	9.663254	1.868754	0.753640	-0.037607	-0.022644	-0.013880	66.290124	-77.964847	-102.929118
64913	9.589433	1.906097	0.792940	-0.010838	-0.006493	-0.016458	66.321858	-77.956240	-102.962675
64914	9.561310	1.945729	0.766364	-0.010861	0.001076	-0.005176	66.320155	-77.952748	-102.962193
64915	9.549710	1.940045	0.838412	-0.028120	-0.010363	0.011240	66.321631	-77.959561	-102.974936
64916	9.529647	1.865917	0.821006	-0.034015	-0.013420	0.017148	66.318242	-77.971118	-102.986295
64917	9.569819	1.853017	0.784718	-0.012975	-0.008122	0.016064	66.317681	-77.979944	-102.988084
64918	9.570533	1.895766	0.804297	-0.009826	-0.002045	0.020907	66.296050	-77.990856	-102.966620
64919	9.431230	1.854529	0.893930	-0.022721	-0.016744	0.020986	66.305848	-78.004250	-102.984707
64920	9.470790	1.752562	0.816410	-0.033564	-0.037725	0.008522	66.372182	-78.016869	-103.067077
64921	9.505228	1.772352	0.828571	-0.014799	-0.036070	-0.015352	66.473696	-78.015604	-103.174284
64922	9.472388	1.910162	0.878904	-0.001621	-0.052417	-0.015621	66.620917	-78.018820	-103.320631
64923	9.552417	1.933884	0.821641	-0.025265	-0.070989	-0.014836	66.802505	-78.025625	-103.515824
64924	9.478287	1.859670	0.805585	-0.050398	-0.087326	-0.017885	67.011222	-78.035302	-103.753595
64925	9.546309	1.811350	0.788562	-0.042568	-0.088704	-0.021351	67.234378	-78.042318	-104.001403
64926	9.592780	1.905112	0.753866	-0.028004	-0.083982	-0.022087	67.452597	-78.048659	-104.235757
64927	9.558752	1.887093	0.731790	-0.033035	-0.073254	-0.017183	67.638744	-78.054124	-104.440144
64928	9.592824	1.863520	0.720528	-0.037732	-0.074289	-0.015536	67.820805	-78.061506	-104.643227
64929	9.613144	1.892558	0.711483	-0.029388	-0.064653	-0.012741	67.983304	-78.067215	-104.821298
64930	9.559637	1.912547	0.724572	-0.015389	-0.045200	-0.006685	68.096424	-78.072840	-104.940825
64931	9.598878	1.857661	0.664875	-0.027121	-0.039603	-0.009166	68.193814	-78.074950	-105.051017
64932	9.607652	1.858518	0.721589	-0.012181	-0.018916	-0.009492	68.245511	-78.073417	-105.105885
64933	9.559310	1.870277	0.697216	-0.008080	-0.011619	-0.011022	68.285187	-78.068560	-105.145940
64934	9.539552	1.887722	0.719556	-0.007817	-0.006113	-0.007887	68.305480	-78.065153	-105.166157
64935	9.547568	1.821926	0.747906	0.001068	-0.011250	-0.011849	68.350255	-78.059770	-105.206067
64936	9.538786	1.845516	0.698061	-0.001265	-0.003546	-0.017671	68.377571	-78.050605	-105.229626
64937	9.538851	1.891823	0.718085	0.006631	0.004551	-0.019170	68.392995	-78.037985	-105.236280
64938	9.526978	1.843683	0.770326	-0.000101	-0.001537	-0.021911	68.420070	-78.026134	-105.258913
64939	9.537970	1.896205	0.718226	0.002440	0.003235	-0.028224	68.445313	-78.008968	-105.278059
64940	9.537257	1.876438	0.708585	0.007793	0.006565	-0.023414	68.457981	-77.994607	-105.281342
64941	9.571177	1.920752	0.734304	0.000026	0.008957	-0.024665	68.463912	-77.978135	-105.282160
64942	9.511002	1.883579	0.763653	0.000552	-0.003021	-0.021095	68.494085	-77.967024	-105.307582
64943	9.549687	1.830712	0.707473	-0.009378	-0.000674	-0.032652	68.526484	-77.948316	-105.340973
64944	9.535512	1.931084	0.729620	0.006931	0.003557	-0.032083	68.554548	-77.929962	-105.360506
64945	9.495491	1.944418	0.765558	-0.006388	-0.006110	-0.020337	68.589983	-77.918956	-105.395253
64946	9.543132	1.891202	0.767780	-0.025188	-0.017873	-0.024968	68.645942	-77.908869	-105.462134
64947	9.567856	1.868785	0.702797	-0.013249	-0.007208	-0.028974	68.688414	-77.893469	-105.508102
64948	9.553738	1.968428	0.724687	-0.002297	0.001201	-0.021872	68.706828	-77.881044	-105.523177
64949	9.499716	1.988813	0.742394	-0.014311	-0.011455	-0.008478	68.739262	-77.877463	-105.559504
64950	9.572881	1.909228	0.680078	-0.028918	-0.021904	-0.004055	68.782583	-77.879346	-105.615653
64951	9.541896	1.875896	0.754187	-0.022334	-0.010816	-0.007200	68.807587	-77.876305	-105.649082
64952	9.513861	1.959386	0.747073	-0.013988	-0.020434	-0.001411	68.853263	-77.879282	-105.698892
64953	9.547835	1.912359	0.729704	-0.017458	-0.033967	-0.000049	68.931803	-77.884828	-105.784221
64954	9.567579	1.873571	0.693773	-0.023672	-0.032803	-0.002188	69.003572	-77.889908	-105.866390
64955	9.581881	1.865825	0.709958	-0.019442	-0.014010	-0.011145	69.041928	-77.885388	-105.911781
64956	9.528060	1.908354	0.737645	-0.017743	-0.003744	-0.019466	69.061153	-77.875245	-105.936736
64957	9.527368	1.865830	0.717742	-0.029270	-0.001156	-0.025444	69.075398	-77.860439	-105.963229
64958	9.552737	1.976944	0.714643	-0.013805	0.008559	-0.026872	69.073258	-77.843813	-105.964024
64959	9.506991	1.930997	0.762674	-0.031076	0.002063	-0.016355	69.069776	-77.833213	-105.973444
64960	9.501167	1.918291	0.793993	-0.041870	-0.011320	-0.017604	69.092084	-77.825614	-106.015699
64961	9.565641	1.906594	0.703065	-0.034566	-0.016205	-0.016003	69.131510	-77.818933	-106.071062
64962	9.511828	1.948903	0.730377	-0.015850	-0.013940	-0.013313	69.171081	-77.814154	-106.115728
64963	9.605054	1.942583	0.685438	-0.031208	-0.009420	-0.008943	69.188868	-77.809860	-106.146988
64964	9.506068	1.936207	0.760964	-0.033817	0.000279	-0.006544	69.176477	-77.805806	-106.149026
64965	9.486097	1.908526	0.763670	-0.039540	-0.020019	-0.007124	69.214021	-77.804642	-106.205383
64966	9.578962	1.835757	0.688016	-0.042106	-0.016773	-0.020803	69.252515	-77.796413	-106.264342
64967	9.550417	1.943310	0.692423	-0.014961	0.002856	-0.028336	69.267294	-77.779236	-106.283002
64968	9.510385	1.956302	0.729388	-0.042591	0.000972	-0.028061	69.268267	-77.763511	-106.303860
64969	9.523977	1.905808	0.727802	-0.050887	-0.004887	-0.025259	69.278643	-77.749552	-106.339079
64970	9.548727	1.928178	0.684389	-0.040127	0.000036	-0.030679	69.285708	-77.732613	-106.364729
64971	9.528454	1.947043	0.708441	-0.031209	0.003405	-0.027976	69.289358	-77.715521	-106.381531
64972	9.581698	1.953086	0.701844	-0.032672	0.015131	-0.029802	69.262695	-77.695991	-106.368292
64973	9.507526	1.968030	0.735098	-0.033857	0.012088	-0.020872	69.236911	-77.680949	-106.356523
64974	9.506879	1.903155	0.705716	-0.034622	-0.001653	-0.019991	69.241258	-77.670082	-106.376167
64975	9.540759	1.968840	0.742595	-0.031844	0.017101	-0.016425	69.200275	-77.656404	-106.347657
64976	9.514883	1.906131	0.767826	-0.045235	0.001241	-0.027718	69.198633	-77.640813	-106.367398
64977	9.559098	1.868451	0.681767	-0.043090	0.014059	-0.036376	69.177248	-77.617068	-106.365546
64978	9.499061	1.964999	0.774551	-0.040293	0.025390	-0.044215	69.134895	-77.587723	-106.340707
64979	9.537522	1.958927	0.740965	-0.060816	0.009421	-0.051283	69.128533	-77.556950	-106.364638
64980	9.496666	1.841054	0.718571	-0.063766	0.024450	-0.061639	69.091350	-77.518466	-106.358861
64981	9.514875	1.942239	0.750213	-0.053778	0.028531	-0.085175	69.074121	-77.465657	-106.367537
64982	9.459017	1.946756	0.761893	-0.065927	0.024246	-0.098791	69.070467	-77.407332	-106.397380
64983	9.544856	1.913524	0.741845	-0.073166	0.021796	-0.111911	69.082571	-77.341597	-106.447503
64984	9.562094	1.952573	0.742708	-0.069693	0.023282	-0.125717	69.103087	-77.269055	-106.504347
64985	9.629348	2.033958	0.656776	-0.071529	0.039411	-0.135673	69.095254	-77.187006	-106.533095
64986	9.561396	2.014054	0.733121	-0.085111	0.065889	-0.147154	69.025735	-77.094275	-106.506686
64987	9.557493	2.071910	0.762054	-0.094806	0.068144	-0.152063	68.952689	-76.997576	-106.482221
64988	9.509919	2.220214	0.767476	-0.141423	0.034310	-0.138624	68.917457	-76.915896	-106.524107
64989	9.625895	1.975579	0.694386	-0.215250	0.059137	-0.151784	68.797085	-76.821189	-106.521887
64990	9.671308	1.914030	0.698416	-0.101033	0.132783	-0.179875	68.598890	-76.697032	-106.372620
64991	9.872221	2.018436	0.654613	-0.105735	0.129965	-0.229685	68.453533	-76.545952	-106.280214
64992	9.712259	2.050433	0.765260	-0.066097	0.203168	-0.289553	68.222808	-76.348294	-106.076701
64993	9.300494	2.226016	1.075112	-0.011834	0.172006	-0.258999	68.071952	-76.172543	-105.923102
64994	9.515481	2.146511	0.864110	-0.068167	0.085819	-0.268703	68.082802	-76.010855	-105.969374
64995	9.473849	2.077208	0.958447	-0.009117	0.119319	-0.282680	68.069928	-75.833738	-105.956199
64996	9.510305	2.176792	0.933282	0.011572	0.088739	-0.292847	68.139226	-75.658585	-106.015707
64997	9.464717	2.052237	1.032739	0.010219	0.044471	-0.330457	68.329983	-75.471967	-106.201341
64998	9.420539	2.247873	0.974031	0.121791	0.076403	-0.326251	68.509392	-75.281538	-106.309479
64999	9.430246	2.377233	0.774332	0.073169	0.026283	-0.340529	68.771015	-75.093029	-106.531429
65000	9.633839	2.281187	0.844276	0.011365	-0.010327	-0.401538	69.108562	-74.879961	-106.868994
65001	9.496597	2.426017	0.894699	0.123458	0.080863	-0.402866	69.324994	-74.646412	-107.014681
65002	9.233542	2.431926	1.051802	0.067269	0.024760	-0.405348	69.612192	-74.423452	-107.267498
65003	9.371832	2.372355	0.989453	0.067697	-0.018542	-0.399397	69.972023	-74.211067	-107.595626
65004	9.468893	2.499060	0.872425	0.120050	0.009800	-0.409941	70.304722	-73.987771	-107.864850
65005	9.387243	2.583483	0.880290	0.113157	0.011150	-0.411247	70.625211	-73.762282	-108.125636
65006	9.532104	2.549357	0.887638	0.074513	0.006738	-0.419393	70.927520	-73.533642	-108.390992
65007	9.670383	2.577190	0.827086	0.104159	0.037520	-0.446448	71.201491	-73.283435	-108.609242
65008	9.532051	2.739024	0.847431	0.149235	0.103110	-0.462355	71.385209	-73.013107	-108.706643
65009	9.482721	2.842800	1.068857	0.110558	0.090865	-0.464302	71.566643	-72.743062	-108.824837
65010	9.715270	2.665083	1.083566	0.035701	0.087680	-0.498670	71.724565	-72.455600	-108.963664
65011	9.573340	2.647111	0.807545	0.172064	0.148215	-0.542124	71.878263	-72.132748	-109.016130
65012	9.495195	2.907101	0.945372	0.184023	0.176890	-0.577462	72.005360	-71.786311	-109.033658
65013	9.530512	2.922511	1.059533	0.116028	0.128973	-0.599234	72.181848	-71.435656	-109.144173
65014	9.635497	2.839005	0.883938	0.111282	0.135079	-0.638899	72.359527	-71.062959	-109.259204
65015	9.673357	3.090432	0.912289	0.189608	0.121374	-0.670864	72.614420	-70.674265	-109.408570
65016	9.461495	3.149542	1.001558	0.160654	0.106332	-0.709300	72.884999	-70.267634	-109.592700
65017	9.693129	3.127692	1.285938	0.108067	0.038907	-0.747404	73.236062	-69.850297	-109.894815
65018	9.681129	2.921988	1.019081	0.117426	0.035026	-0.816416	73.613694	-69.395800	-110.220556
65019	9.625579	3.072028	1.161158	0.241472	0.063201	-0.879686	74.033355	-68.900495	-110.516082
65020	9.612651	3.266656	1.113917	0.264994	0.053574	-0.943584	74.487538	-68.371379	-110.835379
65021	9.583711	3.341237	1.099483	0.248267	0.027540	-1.010000	74.974757	-67.807861	-111.201677
65022	9.477609	3.411984	1.012170	0.274655	0.023541	-1.067793	75.480484	-67.212429	-111.573302
65023	9.524865	3.572909	0.981642	0.331387	0.024470	-1.129620	76.015906	-66.580617	-111.943405
65024	9.225719	3.691371	1.022659	0.324599	0.035235	-1.181330	76.525553	-65.917913	-112.291557
65025	9.252545	3.818562	0.893553	0.330203	0.024547	-1.211371	77.038019	-65.238009	-112.640964
65026	9.503583	3.969431	0.968296	0.278733	0.028878	-1.261355	77.506214	-64.529033	-112.976149
65027	9.452573	3.921735	0.920640	0.239200	0.041032	-1.331130	77.934649	-63.777833	-113.294220
65028	9.296109	4.008826	0.830102	0.304113	0.098730	-1.404757	78.332010	-62.978163	-113.538203
65029	9.139944	4.265525	0.931929	0.351025	0.159608	-1.468981	78.687420	-62.134250	-113.706272
65030	9.063233	4.436502	0.850247	0.329094	0.160780	-1.523920	79.024977	-61.259406	-113.869824
65031	8.953896	4.569129	0.975715	0.254630	0.131678	-1.575556	79.345470	-60.357701	-114.063943
65032	8.940919	4.676972	0.981792	0.258238	0.123938	-1.627275	79.669401	-59.427648	-114.261576
65033	9.250817	5.053626	1.293845	0.255785	0.118456	-1.677592	79.990979	-58.468765	-114.459880
65034	9.239750	5.045908	1.431313	0.223927	0.138914	-1.750996	80.272435	-57.466379	-114.634641
65035	8.446385	4.808457	0.536804	0.436456	0.152179	-1.822451	80.660201	-56.421415	-114.792825
65036	9.799109	6.177559	1.322633	0.695656	-0.063404	-1.765878	81.349463	-55.427434	-115.137708
65037	9.132496	5.655225	1.516425	0.033726	-0.140442	-1.817723	81.704723	-54.408476	-115.541969
65038	8.423813	5.048334	0.565099	0.283175	-0.205897	-1.849011	82.233871	-53.375619	-115.989901
65039	8.743476	5.820635	1.054973	0.538353	-0.150613	-1.923241	82.848038	-52.293598	-116.367119
65040	8.595980	6.056445	1.165574	0.365342	-0.301654	-1.953336	83.448318	-51.202726	-116.858572
65041	8.371871	5.798843	0.958836	0.300725	-0.374497	-1.978735	84.035623	-50.098596	-117.388659
65042	8.171295	5.968005	1.076197	0.410941	-0.380345	-2.003365	84.661864	-48.977502	-117.895691
65043	7.847144	6.085786	1.002090	0.509313	-0.421583	-2.031232	85.343146	-47.838715	-118.409674
65044	7.953114	6.314005	1.025180	0.523453	-0.476407	-2.029519	86.036403	-46.699421	-118.938321
65045	7.691903	6.449441	1.041327	0.546123	-0.503439	-2.023882	86.728989	-45.559982	-119.458019
65046	7.723324	6.442542	0.946819	0.554411	-0.524185	-2.038859	87.410259	-44.408437	-119.965286
65047	7.574220	6.545908	0.831298	0.587856	-0.507546	-2.061001	88.074694	-43.239700	-120.431236
65048	7.084293	6.578958	0.331407	0.782271	-0.455907	-2.089660	88.797698	-42.049766	-120.829451
65049	6.905819	7.060353	0.142848	0.986519	-0.394449	-2.105800	89.581671	-40.846429	-121.152431
65050	7.110463	7.575223	0.244053	0.888982	-0.375224	-2.063619	90.278549	-39.664131	-121.434867
65051	6.474875	7.560012	0.128578	0.648506	-0.439155	-2.051314	90.849160	-38.486352	-121.742832
65052	5.753381	7.341447	-0.112127	0.646071	-0.532816	-2.037307	91.443087	-37.313010	-122.098920
65053	5.637866	7.409053	-0.178933	0.703214	-0.667750	-1.991814	92.109211	-36.160464	-122.530755
65054	5.307770	7.495881	-0.023589	0.584175	-0.707871	-1.996746	92.703833	-35.000230	-122.968838
65055	4.755196	8.122928	-0.452557	0.689693	-0.706157	-2.054548	93.337419	-33.803389	-123.382159
65056	3.760884	10.488973	-0.355295	1.421955	-0.345169	-2.372693	94.226828	-32.433727	-123.509640
65057	3.040692	14.587226	-0.163584	2.087914	0.016143	-2.755238	95.340615	-30.861253	-123.343026
65058	5.689020	17.115970	0.868080	0.839442	-0.260468	-2.411369	95.834219	-29.471571	-123.358196
65059	7.421759	12.774110	0.536027	-1.082735	-0.722386	-1.581388	95.397110	-28.528748	-123.726547
65060	9.330936	10.693470	0.647270	-1.030380	-0.013722	-0.718248	94.795772	-28.118037	-123.692902
65061	8.489877	10.548921	0.110959	0.187500	1.159980	-0.129347	94.550058	-28.097897	-122.933769
65062	6.343331	12.855814	-0.036457	1.443865	2.166991	0.216656	94.723404	-28.321881	-121.539816
65063	3.509369	15.664229	-0.076966	1.058673	2.369610	0.387145	94.609201	-28.653103	-120.019380
65064	1.382822	15.919552	-1.094803	-0.192457	1.659340	0.470492	93.992847	-28.993101	-118.959323
65065	1.575402	14.458978	-1.825663	-0.565406	1.191780	0.198068	93.297762	-29.148794	-118.186482
65066	0.903146	14.458710	-2.269583	-0.258056	1.084134	-0.246670	92.805044	-29.040580	-117.467003
65067	0.429003	14.511374	-2.593923	-0.497218	0.597593	-0.687445	92.325914	-28.660749	-117.055030
65068	1.160577	13.820985	-2.800516	-0.703637	0.094474	-1.119560	91.885382	-28.021550	-116.965787
65069	1.865881	13.388244	-2.817488	-0.610759	-0.214713	-1.549334	91.589818	-27.128160	-117.072971
65070	2.336149	12.966836	-2.672778	-0.663498	-0.586399	-1.882948	91.368347	-26.040824	-117.416416
65071	3.051142	12.073916	-2.557576	-0.717953	-0.902988	-2.117670	91.194521	-24.813386	-117.958050
65072	3.537413	11.523178	-2.456750	-0.648251	-1.095385	-2.248454	91.097648	-23.512631	-118.616567
65073	3.272913	11.168440	-2.144058	-0.603438	-1.301968	-2.262104	91.060781	-22.199656	-119.398515
65074	3.456963	11.170445	-1.561564	-0.641848	-1.706014	-2.153437	91.075003	-20.947613	-120.423745
65075	5.125747	11.669199	-0.975556	-0.687027	-2.106227	-1.984356	91.126075	-19.784478	-121.686541
65076	7.394685	12.015115	-0.217682	-0.876047	-2.293382	-1.852395	91.080246	-18.697804	-123.055440
65077	9.059839	11.314197	0.247908	-1.084844	-2.109135	-1.778320	90.854579	-17.655652	-124.308124
65078	9.839136	10.058627	0.547321	-1.163445	-1.629194	-1.701377	90.477445	-16.669847	-125.272224
65079	10.384789	8.905647	0.513459	-1.084225	-0.980593	-1.603900	90.023097	-15.746125	-125.852176
65080	10.705896	8.329902	0.245538	-0.793965	-0.207774	-1.476415	89.606302	-14.900395	-125.977534
65081	10.216614	7.930703	-0.102232	-0.280224	0.564717	-1.297671	89.368339	-14.152589	-125.649241
65082	9.350910	8.133561	-0.277288	0.062947	1.048733	-1.057132	89.262871	-13.539552	-125.036975
65083	8.069351	8.119712	-0.449909	0.006123	1.208484	-0.731082	89.108575	-13.110291	-124.330690
65084	6.740406	7.777490	-0.712140	-0.132547	1.137283	-0.339849	88.887705	-12.903996	-123.664614
65085	5.752680	7.859509	-0.761253	-0.110593	1.025673	0.079508	88.694186	-12.937170	-123.059950
65086	5.058942	8.168239	-0.639498	-0.089961	0.917951	0.413817	88.524232	-13.161221	-122.513417
65087	4.954972	8.319400	-0.248770	-0.298934	0.672800	0.618062	88.264217	-13.504823	-122.106358
65088	5.269858	8.258948	-0.155807	-0.415640	0.575752	0.659824	87.947507	-13.871542	-121.753262
65089	5.183879	8.219210	-0.059654	-0.306126	0.675183	0.534589	87.677649	-14.163607	-121.341942
65090	5.035272	8.108669	0.080245	-0.342956	0.712820	0.386243	87.379750	-14.366860	-120.910182
65091	5.122925	7.431497	0.044480	-0.492056	0.709215	0.288354	86.996205	-14.513023	-120.481887
65092	5.312829	6.645390	0.059485	-0.503746	0.685350	0.295171	86.607864	-14.659732	-120.066122
65093	5.826453	6.064478	0.320456	-0.584724	0.562032	0.495664	86.188251	-14.924379	-119.714455
65094	6.548537	5.452147	0.422483	-0.792524	0.378565	0.928063	85.669970	-15.439123	-119.450271
65095	6.545560	4.541060	0.525442	-1.076462	0.234285	1.530265	84.999827	-16.304010	-119.236238
65096	6.145412	3.944258	0.615359	-1.200801	0.146851	2.068588	84.257402	-17.475862	-119.031850
65097	5.638489	3.554588	0.510211	-1.139585	0.160905	2.348662	83.532380	-18.806569	-118.783980
65098	4.797134	3.093575	0.460266	-0.978014	0.250166	2.452515	82.867385	-20.184601	-118.455605
65099	3.852172	2.631308	0.470128	-0.877289	0.243043	2.466866	82.246984	-21.570943	-118.111055
65100	3.430588	2.205844	0.446346	-0.958988	0.170358	2.461129	81.581387	-22.953001	-117.791415
65101	3.046781	1.679567	0.445042	-1.039451	0.082498	2.416294	80.877649	-24.317169	-117.509162
65102	2.923209	1.006407	0.198499	-0.981692	0.007087	2.332985	80.215625	-25.634712	-117.261635
65103	3.069308	0.437937	0.282347	-0.832831	-0.129834	2.285837	79.666198	-26.940606	-117.087319
65104	4.017596	0.056423	0.703744	-0.784609	-0.348973	2.391766	79.192477	-28.324055	-117.024486
65105	5.148246	-0.159618	1.194131	-0.852726	-0.465199	2.678873	78.690065	-29.885222	-116.986000
65106	5.628593	-0.499278	1.197054	-0.711923	-0.388379	2.920097	78.217169	-31.568628	-116.849097
65107	5.606869	-0.266142	1.331192	-0.296888	-0.162727	3.077308	77.877100	-33.317060	-116.523444
65108	4.695951	0.571974	1.383926	-0.063376	-0.031732	3.169188	77.595093	-35.094930	-116.077577
65109	4.249602	1.245337	1.474548	-0.194603	-0.139252	3.204256	77.253556	-36.908784	-115.678485
65110	4.678400	1.403455	1.372454	-0.467771	-0.308700	3.223327	76.801789	-38.747803	-115.370806
65111	5.786567	1.212495	1.400982	-0.610658	-0.425073	3.293816	76.287459	-40.644769	-115.106440
65112	6.807059	1.274557	1.560613	-0.571886	-0.443501	3.409977	75.763891	-42.601684	-114.804086
65113	7.167324	1.764112	1.766587	-0.544533	-0.403350	3.561783	75.180265	-44.640432	-114.404168
65114	7.008350	2.497061	1.837816	-0.559188	-0.342996	3.665861	74.495664	-46.718701	-113.888258
65115	6.719816	3.048558	1.811252	-0.636972	-0.353265	3.677990	73.711845	-48.806493	-113.316967
65116	6.601638	3.379114	1.740200	-0.766145	-0.409693	3.642488	72.831394	-50.872309	-112.732919
65117	7.116464	3.386987	1.693871	-0.924974	-0.500093	3.589532	71.855931	-52.924711	-112.161707
65118	7.846034	3.124988	1.596379	-0.977614	-0.558836	3.583210	70.813723	-54.971786	-111.559434
65119	8.191989	3.338632	1.546849	-0.838235	-0.559942	3.611125	69.747245	-57.033571	-110.847606
65120	8.448193	3.637322	1.486740	-0.776803	-0.613865	3.646613	68.642490	-59.111161	-110.064648
65121	8.286265	3.853408	1.469439	-0.735340	-0.671439	3.619136	67.493698	-61.184316	-109.221364
65122	8.145234	4.169402	1.418583	-0.576034	-0.701546	3.520954	66.369619	-63.197395	-108.318187
65123	8.713859	4.593558	1.545098	-0.495497	-0.743842	3.405348	65.235582	-65.157630	-107.369349
65124	9.318169	4.822895	1.659278	-0.444542	-0.775112	3.276255	64.076606	-67.043734	-106.374975
65125	9.834588	4.975221	1.627337	-0.279574	-0.732185	3.136236	62.859513	-68.844490	-105.230278
65126	10.011368	5.287850	1.544409	-0.090478	-0.649061	2.971170	61.555311	-70.523394	-103.889673
65127	9.962274	5.950588	1.513193	0.178073	-0.535173	2.802134	60.133633	-72.080293	-102.276757
65128	10.154554	6.948706	1.708735	0.341215	-0.474552	2.665401	58.571994	-73.532314	-100.432341
65129	10.579328	7.796331	1.940926	0.328466	-0.506739	2.590221	56.813367	-74.946772	-98.405159
65130	10.906967	8.150466	2.018926	0.088024	-0.519851	2.534738	54.634237	-76.314216	-96.098618
65131	10.530851	7.668988	1.676196	0.069072	-0.434301	2.424726	51.943724	-77.580979	-93.291808
65132	9.496221	7.770187	1.244615	0.478608	-0.216631	2.219051	48.823294	-78.639309	-89.817808
65133	8.798990	8.764204	1.161985	0.919031	-0.097432	1.982467	45.551146	-79.514013	-85.944577
65134	8.882013	9.857842	1.497380	0.975837	-0.090903	1.741507	42.287939	-80.243305	-82.056872
65135	9.325203	10.323467	1.804148	0.431845	-0.265023	1.541639	39.079870	-80.936569	-78.549662
65136	9.706397	9.485116	1.468556	0.054876	-0.396384	1.419398	35.806191	-81.610795	-75.200863
65137	9.100730	9.063644	1.183194	0.328312	-0.200477	1.158780	32.603960	-82.080268	-71.771152
65138	8.365042	9.480638	1.245238	0.588619	-0.053077	0.874142	29.924656	-82.365445	-68.721572
65139	7.658947	9.701740	1.261862	0.450351	-0.082449	0.632029	27.953326	-82.582381	-66.467937
65140	7.533040	9.164979	1.111301	0.058139	-0.188044	0.432133	26.660701	-82.790848	-65.126096
65141	7.446055	7.961419	0.890673	-0.108304	-0.177765	0.226340	26.034890	-82.939447	-64.552904
65142	7.151829	6.822435	0.467204	0.025064	-0.087912	0.049696	26.024294	-82.996330	-64.522728
65143	7.444634	7.056530	1.331029	0.380116	-0.134274	-0.424832	28.294195	-82.953073	-66.585217
65144	15.325027	9.807615	3.641785	-0.784492	-0.847511	-2.035344	37.747378	-82.723024	-76.560327
65145	16.244132	-0.484190	0.238059	-0.503106	-0.235275	-2.066210	44.794133	-82.040599	-83.955108
65146	19.669931	3.412682	2.904494	0.536339	0.819455	-0.828809	45.132052	-81.372064	-83.981002
65147	9.515857	2.949634	2.893239	1.652389	1.324544	-0.635041	44.353444	-80.575387	-82.228740
65148	7.336736	3.145822	2.388795	1.145444	0.243269	-0.439708	45.486527	-80.298038	-82.707186
65149	8.510199	2.149735	1.379867	-0.213546	-0.479713	-0.258685	47.143483	-80.378960	-84.506762
65150	9.672327	-0.256216	-0.131579	-0.440549	-0.595852	-0.305085	49.092244	-80.476024	-86.733951
65151	9.883617	-1.146204	-0.113451	0.621178	0.152926	-0.544931	50.251640	-80.179543	-87.543699
65152	8.831638	1.044356	1.129221	1.131665	0.416298	-0.663925	51.218565	-79.733360	-87.862110
65153	9.072421	2.305802	2.145185	0.567764	0.124761	-0.687346	52.566154	-79.377763	-88.896275
65154	10.312002	2.899254	3.414390	0.176625	0.079844	-0.684821	53.711951	-79.035691	-89.954598
65155	9.912909	3.286663	3.351784	0.304698	0.131126	-0.651743	54.694313	-78.687024	-90.772544
65156	9.586491	2.792257	1.944990	0.040728	-0.210876	-0.532168	56.071284	-78.504063	-92.148347
65157	10.716124	2.136443	0.641290	-0.296260	-0.451248	-0.353368	57.515425	-78.474158	-93.790024
65158	11.124235	1.717502	0.225727	-0.124422	-0.227110	-0.216657	58.308585	-78.437481	-94.667226
65159	10.229833	1.900663	0.650778	0.107682	0.054350	-0.157135	58.478034	-78.342426	-94.771885
65160	9.504122	2.066664	1.220581	0.010059	0.058278	-0.112382	58.510687	-78.269455	-94.794246
65161	9.151557	1.725417	1.406612	-0.134697	-0.069587	-0.104086	58.753747	-78.237217	-95.115981
65162	9.303333	1.476001	1.198234	-0.127992	-0.123560	-0.124572	59.149812	-78.211963	-95.590371
65163	9.465630	1.547478	0.999388	-0.080637	-0.133308	-0.163791	59.653369	-78.167976	-96.146677
65164	9.816630	1.671505	0.750080	-0.087584	-0.090731	-0.176129	60.060286	-78.106205	-96.608651
65165	9.817082	1.959653	0.970623	-0.060720	-0.027007	-0.167111	60.320982	-78.028754	-96.905322
65166	9.761757	2.124557	1.048363	-0.022829	-0.017195	-0.102062	60.486009	-77.982172	-97.082301
65167	9.332967	1.896217	1.151299	-0.069309	-0.075610	-0.061344	60.711200	-77.970734	-97.347800
65168	9.608801	1.766440	0.908432	-0.108097	-0.107444	-0.042982	60.959792	-77.978633	-97.660190
65169	9.649589	1.743728	0.956649	-0.066401	-0.062678	-0.047447	61.137607	-77.970136	-97.875553
65170	9.521024	1.780874	0.998834	-0.036134	-0.038914	-0.047053	61.271262	-77.956659	-98.028276
65171	9.338223	1.711387	1.095876	-0.062275	-0.060089	-0.049918	61.447851	-77.945974	-98.239991
65172	9.418305	1.628769	0.987729	-0.073812	-0.097782	-0.065251	61.721339	-77.939166	-98.557789
65173	9.519576	1.729921	0.949697	-0.047494	-0.082994	-0.078429	61.995616	-77.919893	-98.860763
65174	9.539252	1.764919	0.941391	-0.016215	-0.062996	-0.078516	62.235244	-77.896429	-99.110225
65175	9.532872	1.889446	1.028732	-0.011918	-0.074604	-0.068060	62.495333	-77.879643	-99.377891
65176	9.505055	1.912749	0.984870	-0.030353	-0.090792	-0.058258	62.766211	-77.873341	-99.667630
65177	9.216126	1.777106	1.159087	-0.055841	-0.133138	-0.050616	63.117920	-77.880140	-100.054762
65178	9.197144	1.775130	1.156312	-0.060375	-0.220587	-0.048114	63.669562	-77.911530	-100.649220
65179	9.419881	1.777354	0.965194	-0.053777	-0.270392	-0.046227	64.350106	-77.953526	-101.371344
65180	9.547735	1.787817	0.814040	-0.047497	-0.255446	-0.059655	65.013920	-77.984670	-102.072786
65181	9.577314	1.863289	0.869480	-0.042403	-0.240226	-0.051646	65.641523	-78.013157	-102.733955
65182	9.656540	1.929369	0.716944	-0.036693	-0.244833	-0.044662	66.275508	-78.046404	-103.398419
65183	9.977487	2.071054	0.513999	-0.017069	-0.191004	-0.017026	66.764117	-78.078985	-103.902538
65184	9.898348	2.047439	0.550998	0.001308	-0.093018	0.013954	66.983935	-78.106747	-104.121321
65185	9.631779	2.203832	0.664735	-0.125375	-0.117091	0.062848	67.144689	-78.163986	-104.353698
65186	9.676599	1.719375	0.688880	-0.138964	-0.096662	0.079498	67.226305	-78.226928	-104.513319
65187	9.538731	1.670453	0.773565	0.031407	-0.022662	0.066444	67.236351	-78.264988	-104.499912
65188	9.532378	1.946295	0.749101	0.027136	-0.029597	0.060963	67.263622	-78.303241	-104.506786
65189	9.620299	1.830183	0.689653	-0.051395	-0.051230	0.067911	67.297773	-78.348411	-104.566445
65190	9.621068	1.779564	0.665797	-0.008635	-0.013910	0.066504	67.258463	-78.386119	-104.526265
65191	9.663217	1.850660	0.672167	0.004436	0.014831	0.069892	67.152570	-78.417701	-104.410288
65192	9.624418	1.832351	0.700247	-0.014554	0.034399	0.065599	66.985434	-78.444118	-104.243102
65193	9.565590	1.808074	0.742089	0.000288	0.034590	0.073081	66.821304	-78.472827	-104.070133
65194	9.652823	1.860691	0.674999	0.004951	0.051783	0.082730	66.599717	-78.504111	-103.836007
65195	9.627744	1.809543	0.713706	0.004102	0.072465	0.096667	66.311225	-78.536276	-103.533944
65196	9.502162	1.707074	0.806645	-0.005164	0.072580	0.090484	66.018404	-78.566362	-103.233104
65197	9.482574	1.671666	0.814963	0.002060	0.057497	0.070384	65.794880	-78.587715	-102.998573
65198	9.497183	1.656900	0.837420	0.001425	0.039136	0.052623	65.634300	-78.605438	-102.828834
65199	9.470089	1.692843	0.815484	-0.011715	0.027347	0.029351	65.527870	-78.612276	-102.721830
65200	9.598336	1.701386	0.790068	-0.016677	0.018195	0.017415	65.452077	-78.616490	-102.649170
65201	9.605439	1.758146	0.783142	-0.000728	0.029141	0.020641	65.357394	-78.618311	-102.547732
65202	9.618237	1.807093	0.735846	-0.001939	0.039594	0.030366	65.219173	-78.624090	-102.402780
65203	9.586304	1.768655	0.813723	0.015634	0.044240	0.038512	65.073321	-78.631482	-102.239588
65204	9.546569	1.753515	0.842853	0.017531	0.039718	0.040932	64.932860	-78.642576	-102.080981
65205	9.580489	1.724473	0.840711	0.008964	0.033243	0.041390	64.807616	-78.653987	-101.942717
65206	9.600452	1.704564	0.820670	0.023146	0.040992	0.037644	64.670534	-78.662921	-101.784287
65207	9.493663	1.740407	0.859612	0.030473	0.028213	0.034773	64.578205	-78.672036	-101.667034
65208	9.534247	1.748728	0.835599	0.006066	0.006777	0.033156	64.524838	-78.686970	-101.603972
65209	9.547594	1.693144	0.832978	-0.006936	0.007156	0.022270	64.480578	-78.694766	-101.557608
65210	9.507744	1.680045	0.858397	0.000853	-0.006856	0.013417	64.483677	-78.702844	-101.555180
65211	9.554241	1.705389	0.802059	-0.022743	-0.004406	-0.000575	64.488400	-78.701688	-101.568007
65212	9.527457	1.663295	0.834600	-0.026280	-0.007091	-0.008831	64.504041	-78.698319	-101.594221
65213	9.579821	1.705049	0.747738	-0.023772	-0.007052	-0.016029	64.534027	-78.689833	-101.633414
65214	9.651043	1.852507	0.833306	0.001330	0.014224	0.008183	64.489366	-78.690006	-101.582001
65215	9.528491	1.810526	0.809533	0.011683	0.001933	0.040336	64.446833	-78.708454	-101.526523
65216	9.630742	1.774027	0.814580	0.000349	-0.002620	0.056144	64.385597	-78.737563	-101.458788
65217	9.552013	1.767510	0.875762	0.021938	0.003484	0.066541	64.311769	-78.769139	-101.365422
65218	9.503306	1.685649	0.809408	0.015872	-0.009020	0.070239	64.257687	-78.807085	-101.295928
65219	9.597589	1.649094	0.754569	-0.005745	-0.006318	0.059691	64.201289	-78.837535	-101.236522
65220	9.593378	1.672905	0.806821	0.012091	0.014917	0.054777	64.101184	-78.861497	-101.122341
65221	9.480991	1.692807	0.874246	0.018356	0.005879	0.052447	64.035151	-78.885141	-101.039053
65222	9.568662	1.642964	0.850739	-0.010983	-0.007425	0.045482	63.991562	-78.909871	-100.995958
65223	9.600786	1.629858	0.755687	-0.002571	0.008101	0.038077	63.925535	-78.925535	-100.924909
65224	9.625662	1.785103	0.818593	0.024057	0.020652	0.050049	63.821813	-78.945510	-100.800091
65225	9.509643	1.673510	0.823006	0.005036	0.016015	0.054199	63.717880	-78.967419	-100.685989
65226	9.533757	1.701171	0.922054	-0.001224	-0.002259	0.061531	63.644240	-78.999030	-100.606595
65227	9.505343	1.647633	0.853356	0.004015	-0.016316	0.059868	63.616857	-79.032026	-100.571093
65228	9.539758	1.616801	0.845725	-0.008748	-0.032712	0.051415	63.632363	-79.066182	-100.586906
65229	9.541479	1.634166	0.853158	-0.009013	-0.037180	0.043599	63.674295	-79.096141	-100.629610
65230	9.506484	1.568299	0.812080	-0.017649	-0.050069	0.028124	63.762136	-79.122729	-100.724276
65231	9.581321	1.573813	0.787622	-0.021204	-0.046702	0.009476	63.868092	-79.137539	-100.839282
65232	9.662784	1.617285	0.744083	-0.011359	-0.028458	0.000085	63.939133	-79.144195	-100.913162
65233	9.619982	1.701087	0.851362	-0.003726	-0.014518	0.005799	63.973864	-79.148979	-100.945444
65234	9.609953	1.635910	0.758594	-0.004854	-0.021558	0.015724	64.009725	-79.161933	-100.979706
65235	9.563875	1.608928	0.812887	0.004429	-0.015611	0.011424	64.044766	-79.169888	-101.007546
65236	9.584930	1.635619	0.809321	-0.001064	-0.014787	0.005409	64.078211	-79.175823	-101.037135
65237	9.529604	1.589835	0.794079	-0.017088	-0.019600	-0.008208	64.137411	-79.174660	-101.102125
65238	9.503227	1.570965	0.835530	-0.025635	-0.027727	-0.022661	64.228358	-79.169334	-101.204591
65239	9.584053	1.617439	0.793115	-0.025524	-0.025680	-0.031938	64.329800	-79.157409	-101.317517
65240	9.587330	1.729400	0.844415	-0.014195	-0.021834	-0.016743	64.403506	-79.153618	-101.395761
65241	9.610122	1.640943	0.745471	-0.032971	-0.034460	-0.010311	64.496160	-79.154982	-101.504088
65242	9.578409	1.628918	0.827652	-0.025224	-0.027247	-0.013746	64.574242	-79.154032	-101.593222
65243	9.531286	1.664656	0.812880	-0.022441	-0.031525	-0.013009	64.668439	-79.153229	-101.696980
65244	9.524522	1.629177	0.829323	-0.044485	-0.053823	-0.017195	64.811757	-79.156928	-101.863773
65245	9.488593	1.568727	0.787071	-0.056577	-0.070643	-0.029525	65.013275	-79.156964	-102.096719
65246	9.549273	1.611035	0.753868	-0.065895	-0.067123	-0.056362	65.229704	-79.143302	-102.350446
65247	9.544792	1.667499	0.810991	-0.074203	-0.074433	-0.068737	65.479645	-79.123498	-102.643004
65248	9.571058	1.715723	0.771796	-0.094108	-0.091702	-0.068546	65.760181	-79.108876	-102.978503
65249	9.642579	1.663527	0.711276	-0.093192	-0.101158	-0.065594	66.066140	-79.096431	-103.339222
65250	9.567498	1.639518	0.713723	-0.082593	-0.084674	-0.067382	66.331123	-79.080155	-103.652193
65251	9.460427	1.580955	0.790781	-0.087928	-0.089384	-0.087319	66.631915	-79.052941	-104.004624
65252	9.519418	1.606805	0.745114	-0.084293	-0.089879	-0.109085	66.956214	-79.015264	-104.379064
65253	9.639155	1.695155	0.682438	-0.073765	-0.086856	-0.111866	67.282397	-78.973802	-104.749186
65254	9.627452	1.664497	0.596231	-0.081049	-0.053397	-0.122977	67.520385	-78.919992	-105.033901
65255	9.588928	1.647424	0.708980	-0.076540	-0.028751	-0.135121	67.708651	-78.852938	-105.265228
65256	9.555074	1.750768	0.746706	-0.060284	-0.015015	-0.139024	67.867970	-78.781935	-105.457750
65257	9.455209	1.596534	0.703661	-0.082820	-0.025877	-0.148956	68.054884	-78.706659	-105.691482
65258	9.524511	1.757428	0.788690	-0.065292	-0.016658	-0.166294	68.239857	-78.621272	-105.913197
65259	9.401519	1.693934	0.843103	-0.060061	-0.028029	-0.184388	68.476370	-78.527280	-106.184370
65260	9.543122	1.768874	0.719080	-0.075631	-0.067510	-0.198218	68.814064	-78.435091	-106.568134
65261	9.659275	1.845957	0.648257	-0.075812	-0.053529	-0.204178	69.118299	-78.335205	-106.917845
65262	9.585358	2.028875	0.753466	-0.063340	-0.047248	-0.173434	69.375465	-78.251383	-107.212438
65263	9.504926	1.795565	0.649855	-0.131673	-0.076293	-0.176189	69.669483	-78.170401	-107.584628
65264	9.826803	1.865774	0.477007	-0.129470	-0.043994	-0.187204	69.885481	-78.077980	-107.876052
65265	9.770135	1.922885	0.509115	-0.076113	0.041204	-0.170567	69.899806	-77.976411	-107.930038
65266	9.549523	1.891717	0.668180	-0.093206	0.053842	-0.182852	69.880810	-77.866941	-107.960119
65267	9.658319	1.888058	0.607049	-0.113183	0.068556	-0.186536	69.819797	-77.751406	-107.958798
65268	9.535862	1.889140	0.704991	-0.113361	0.089537	-0.200749	69.718063	-77.625256	-107.916040
65269	9.458192	2.005734	0.791871	-0.106234	0.084019	-0.201567	69.638515	-77.498586	-107.891658
65270	9.512815	1.999547	0.740542	-0.138004	0.061924	-0.191126	69.583020	-77.383091	-107.910696
65271	9.547976	1.965190	0.690189	-0.143642	0.062353	-0.199675	69.533666	-77.261763	-107.939208
65272	9.651512	1.926838	0.649418	-0.095516	0.072059	-0.196585	69.483934	-77.141313	-107.939210
65273	9.665937	2.061102	0.704120	0.013941	0.147035	-0.205396	69.332876	-76.999888	-107.770760
65274	9.361679	2.205668	0.789126	-0.099870	0.117091	-0.199592	69.181588	-76.868689	-107.669068
65275	9.587705	2.102507	0.721609	-0.135095	0.114733	-0.187450	69.009949	-76.743269	-107.567000
65276	9.685933	2.048805	0.717773	-0.111465	0.146921	-0.197112	68.787996	-76.607102	-107.399408
65277	9.966738	1.912525	0.623167	-0.127985	0.137292	-0.259995	68.638815	-76.438123	-107.316120
65278	9.668293	2.038382	0.761449	-0.020727	0.242251	-0.319183	68.373427	-76.216603	-107.050077
65279	9.317078	2.372463	1.080424	-0.023348	0.202867	-0.298901	68.184055	-76.012910	-106.863479
65280	9.481105	2.026657	0.870901	-0.069823	0.122407	-0.294550	68.136835	-75.829660	-106.850895
65281	9.419846	2.117409	1.025715	0.012715	0.139404	-0.322916	68.128022	-75.626626	-106.828969
65282	9.282181	2.293892	1.011774	0.050170	0.103879	-0.316173	68.205863	-75.435824	-106.874517
65283	9.319319	2.054719	1.217860	0.009835	0.011567	-0.323054	68.453684	-75.259786	-107.119522
65284	9.559532	2.239517	0.787958	0.122897	0.006697	-0.349891	68.788702	-75.071208	-107.388084
65285	9.431455	2.397852	0.908759	0.080155	-0.013097	-0.375640	69.152575	-74.871458	-107.711966
65286	9.600442	2.356212	0.756796	0.089447	0.000987	-0.388905	69.493042	-74.662293	-108.006542
65287	9.524517	2.400069	0.845765	0.095272	0.023364	-0.413399	69.804410	-74.434028	-108.267614
65288	9.387090	2.521668	0.888134	0.123579	0.053233	-0.417148	70.067507	-74.198578	-108.462154
65289	9.377513	2.539764	0.878965	0.124616	0.057160	-0.406714	70.311965	-73.966719	-108.636760
65290	9.398701	2.519146	0.894946	0.099445	0.062222	-0.405811	70.524427	-73.735229	-108.793433
65291	9.340885	2.569566	0.975642	0.141212	0.073123	-0.393320	70.729367	-73.507227	-108.917345
65292	9.320309	2.631538	0.930119	0.129874	0.057253	-0.393839	70.950651	-73.282836	-109.065397
65293	9.437261	2.752167	0.897820	0.132358	0.065919	-0.387920	71.151135	-73.058856	-109.190244
65294	9.459674	2.650042	0.911012	0.111208	0.056809	-0.392367	71.352417	-72.835047	-109.328912
65295	9.540621	2.713784	0.882103	0.137794	0.074789	-0.415245	71.548177	-72.594372	-109.445853
65296	9.408449	2.809233	0.975025	0.149691	0.107913	-0.429139	71.696146	-72.341079	-109.505849
65297	9.371158	2.827399	1.023386	0.131748	0.095903	-0.437840	71.857608	-72.084146	-109.590730
65298	9.568850	2.928193	1.012219	0.129794	0.095902	-0.454149	72.021835	-71.819266	-109.679989
65299	9.455775	2.864278	0.889112	0.142592	0.144282	-0.478135	72.124759	-71.531713	-109.696920
65300	9.374715	3.010634	0.958888	0.167446	0.135770	-0.492088	72.259497	-71.239033	-109.732593
65301	9.196670	2.992001	1.005345	0.142532	0.110526	-0.500905	72.423290	-70.944909	-109.813956
65302	9.266231	3.013371	1.028197	0.107444	0.061413	-0.502229	72.639291	-70.659412	-109.972203
65303	9.365460	3.022397	1.084306	0.114815	0.035992	-0.522798	72.904227	-70.365776	-110.177989
65304	9.662345	3.083467	1.093040	0.126307	0.006298	-0.537171	73.219120	-70.069858	-110.430417
65305	9.572101	3.108453	0.908624	0.161280	0.036999	-0.576793	73.518618	-69.745740	-110.645446
65306	9.416865	3.297373	0.935847	0.178204	0.044925	-0.615335	73.823422	-69.399730	-110.856420
65307	9.259390	3.316210	1.030786	0.137982	0.015212	-0.633042	74.148190	-69.047329	-111.113710
65308	9.209678	3.224894	1.159379	0.112425	-0.028101	-0.653660	74.517345	-68.690647	-111.435064
65309	9.154253	3.241491	1.065509	0.180918	-0.034353	-0.672852	74.931146	-68.322595	-111.762858
65310	9.166188	3.389893	1.120892	0.218202	-0.055611	-0.695456	75.390214	-67.945164	-112.117419
65311	9.143083	3.419971	1.127033	0.198991	-0.094656	-0.722948	75.887701	-67.556030	-112.526195
65312	9.148574	3.508018	1.025737	0.228582	-0.114707	-0.742614	76.418826	-67.158236	-112.954358
65313	9.162424	3.651433	0.930349	0.279646	-0.108216	-0.769416	76.963197	-66.742231	-113.366266
65314	9.220785	3.743494	0.908607	0.240850	-0.124012	-0.793642	77.495385	-66.314076	-113.790570
65315	9.195234	3.791635	0.778206	0.219447	-0.114975	-0.837351	77.999723	-65.857975	-114.199130
65316	9.235357	3.860188	0.760535	0.255351	-0.085786	-0.879315	78.481894	-65.374384	-114.562403
65317	9.218996	3.955238	0.730706	0.247754	-0.072003	-0.921705	78.937848	-64.863384	-114.902890
65318	8.995718	4.014230	0.801684	0.244507	-0.045346	-0.960843	79.353211	-64.327246	-115.202097
65319	8.965487	4.062475	0.997582	0.236516	-0.082214	-0.997665	79.800297	-63.772422	-115.542915
65320	9.065342	4.098246	0.943121	0.216599	-0.095371	-1.030759	80.240755	-63.199900	-115.890867
65321	9.082922	4.146266	0.827551	0.284729	-0.087465	-1.075864	80.703692	-62.599161	-116.221909
65322	8.946058	4.386594	0.753859	0.326006	-0.066021	-1.120406	81.157606	-61.970871	-116.518006
65323	8.980899	4.615956	0.816142	0.317248	-0.080341	-1.159544	81.611964	-61.319835	-116.821963
65324	8.974397	4.702847	0.749702	0.248533	-0.087027	-1.184821	82.021070	-60.654673	-117.121226
65325	8.914167	4.768447	0.823709	0.263643	-0.080207	-1.224516	82.422385	-59.964730	-117.403444
65326	8.728786	4.676796	0.913155	0.266306	-0.105053	-1.253398	82.837415	-59.259932	-117.701892
65327	8.457136	4.757615	0.676745	0.389484	-0.133402	-1.284205	83.337000	-58.537712	-118.018796
65328	8.435881	5.099601	1.032456	0.428837	-0.248967	-1.295449	83.947225	-57.815542	-118.441916
65329	8.718758	5.071257	1.021555	0.273060	-0.356799	-1.323561	84.545239	-57.080574	-118.959774
65330	8.496816	4.915455	0.887906	0.366093	-0.361414	-1.360528	85.178968	-56.322447	-119.461037
65331	8.659138	5.272248	1.012744	0.487594	-0.397377	-1.395967	85.889856	-55.541912	-119.975898
65332	8.641457	5.417876	0.768715	0.497672	-0.433233	-1.449138	86.612224	-54.729366	-120.502661
65333	8.664782	5.618202	0.577982	0.539107	-0.457909	-1.507038	87.352751	-53.880127	-121.028022
65334	8.530332	5.992817	-0.014194	0.721743	-0.467080	-1.596153	88.178621	-52.976493	-121.535206
65335	8.422094	6.169067	-0.329472	0.836063	-0.502579	-1.667566	89.066537	-52.027547	-122.044307
65336	9.589425	7.060081	0.207185	0.595718	-0.642143	-1.662990	89.886134	-51.077914	-122.648581
65337	10.066500	6.824547	0.682457	-0.008437	-0.637870	-1.681784	90.327817	-50.113007	-123.220022
65338	9.157247	5.635849	-0.523494	0.264248	-0.508784	-1.759292	90.813987	-49.101961	-123.652988
65339	9.009009	6.439274	-0.351622	0.780613	-0.266641	-1.849869	91.414859	-48.038864	-123.851251
65340	8.396319	6.837890	-0.412567	0.802305	-0.286305	-1.899205	92.021884	-46.946104	-124.044315
65341	7.682425	6.998143	-0.359593	0.576070	-0.430042	-1.910279	92.568419	-45.842304	-124.336390
65342	7.234787	6.917751	-0.754761	0.457789	-0.692816	-1.914696	93.179688	-44.726583	-124.820420
65343	7.538450	7.373683	-0.683793	0.419917	-0.865267	-1.919973	93.839577	-43.597967	-125.415066
65344	7.282651	7.385583	-0.712659	0.252561	-1.005570	-1.899410	94.451526	-42.470736	-126.092371
65345	5.865334	6.969158	-1.474069	0.483805	-1.154137	-1.931896	95.240108	-41.311716	-126.850693
65346	5.174809	7.142869	-2.234347	0.746978	-1.335261	-1.963751	96.230673	-40.115617	-127.705433
65347	4.567354	7.790199	-2.230972	0.678883	-1.652659	-1.963291	97.290164	-38.886800	-128.751405
65348	5.141916	8.826370	-1.934471	-0.080947	-2.134940	-1.859806	98.092161	-37.666943	-130.112771
65349	4.828911	9.062791	-2.423151	-0.357885	-2.228871	-1.995383	98.718101	-36.348781	-131.484570
65350	4.418179	10.902505	-1.938491	0.080947	-1.897881	-2.366861	99.384810	-34.838381	-132.541675
65351	4.016050	12.069831	-1.672976	0.065761	-1.663012	-2.778711	99.880791	-33.108562	-133.352282
65352	6.549276	13.346478	-1.534342	-0.339600	-1.673894	-2.596030	100.124300	-31.477103	-134.162879
65353	8.501893	11.581536	-1.201548	-1.082526	-1.464075	-2.099896	99.876826	-30.145521	-134.880518
65354	9.774816	9.802385	-1.064528	-1.016601	-1.013279	-1.306253	99.553475	-29.309810	-135.393004
65355	9.430510	8.933556	-0.888987	-0.515791	-0.236627	-0.433975	99.314485	-29.041583	-135.498524
65356	9.284589	10.233379	-0.791639	0.309267	0.579007	0.355965	99.331890	-29.296537	-135.160428
65357	8.499222	12.106675	-0.957264	0.619884	1.239709	0.857456	99.338727	-29.896267	-134.444994
65358	7.322233	13.753052	-1.190086	0.414901	1.554651	1.207797	99.131877	-30.722236	-133.554202
65359	6.353260	14.383984	-1.655376	-0.015683	1.633176	1.377547	98.641442	-31.646380	-132.614964
65360	5.570503	14.131655	-2.069859	-0.320340	1.664657	1.266021	97.936380	-32.501639	-131.623497
65361	4.463653	13.668565	-2.375535	-0.367857	1.681064	0.906061	97.157969	-33.142236	-130.567266
65362	3.180449	13.393414	-2.601835	-0.395302	1.538804	0.388642	96.377889	-33.467182	-129.550015
65363	2.249389	13.078242	-2.715911	-0.497235	1.183612	-0.235657	95.642764	-33.402785	-128.723817
65364	2.071201	12.627542	-2.852937	-0.614848	0.712290	-0.836577	95.000076	-32.963261	-128.184107
65365	2.333981	12.226724	-2.758613	-0.578641	0.267211	-1.411757	94.532847	-32.168095	-127.922382
65366	2.885930	12.016892	-2.539774	-0.522999	-0.194759	-1.897413	94.254851	-31.075478	-127.954187
65367	4.053920	11.886115	-2.148810	-0.515431	-0.641334	-2.264961	94.123968	-29.752026	-128.268381
65368	5.454789	12.017231	-1.678823	-0.481721	-0.945955	-2.502646	94.095331	-28.282820	-128.768037
65369	6.819934	11.885669	-1.223927	-0.516101	-1.098297	-2.640817	94.075422	-26.726173	-129.353370
65370	8.076236	11.615120	-0.680695	-0.567443	-1.107383	-2.666117	94.010357	-25.157523	-129.936419
65371	9.400054	11.246906	-0.110129	-0.667585	-0.990603	-2.593615	93.843616	-23.633705	-130.445607
65372	10.569650	10.767188	0.463309	-0.768656	-0.687872	-2.420244	93.536430	-22.224378	-130.774778
65373	11.201987	10.081951	0.912146	-0.805414	-0.225266	-2.202887	93.102026	-20.955063	-130.833907
65374	11.007879	9.155360	0.945625	-0.635835	0.365069	-1.955748	92.643785	-19.846243	-130.550158
65375	10.210751	8.486421	0.767760	-0.233736	0.988259	-1.729488	92.300885	-18.879722	-129.904343
65376	8.762161	8.504736	0.596744	0.278017	1.475386	-1.527181	92.171516	-18.038183	-128.976918
65377	6.947897	8.743777	0.408595	0.543427	1.671558	-1.345517	92.173423	-17.303945	-127.940899
65378	5.482869	8.969868	0.293968	0.489110	1.505629	-1.157047	92.187308	-16.674132	-127.012234
65379	4.599453	8.766333	0.342631	0.104993	1.138426	-0.974362	92.054120	-16.140634	-126.310274
65380	4.703832	8.423924	0.464263	-0.176067	0.768588	-0.798543	91.828028	-15.698113	-125.835573
65381	5.010866	7.941848	0.620313	-0.221089	0.634693	-0.676307	91.601848	-15.322179	-125.445365
65382	5.035700	7.714190	0.800630	-0.311245	0.493598	-0.480388	91.349596	-15.054139	-125.144156
65383	5.407292	7.376801	1.019320	-0.648156	0.325247	-0.227848	90.932109	-14.928164	-124.947618
65384	6.014720	6.647662	1.303454	-1.071534	0.195472	0.065808	90.293133	-14.966879	-124.831212
65385	6.480143	5.835002	1.273843	-1.401422	0.175515	0.381849	89.467261	-15.186722	-124.725593
65386	6.769906	5.142234	1.314585	-1.638206	0.266217	0.719478	88.489380	-15.595953	-124.558884
65387	6.680995	4.276834	0.991053	-1.727076	0.376725	1.114036	87.435977	-16.228013	-124.309949
65388	5.919690	3.294688	0.769374	-1.722815	0.489049	1.451030	86.356543	-17.042752	-123.970056
65389	5.236603	2.561843	0.496035	-1.605154	0.558764	1.707860	85.317569	-17.997872	-123.559656
65390	4.650202	2.040731	0.254974	-1.444222	0.603539	1.850482	84.347495	-19.022389	-123.094874
65391	4.023095	1.807366	0.170095	-1.229280	0.631928	1.912961	83.477879	-20.076716	-122.588362
65392	3.479934	1.499409	-0.059310	-1.034459	0.599178	1.909869	82.712282	-21.121485	-122.082832
65393	3.273838	1.023776	-0.153206	-0.933625	0.527319	1.892699	82.005085	-22.159287	-121.604370
65394	3.310988	0.540493	-0.296216	-0.796190	0.402306	1.914018	81.391997	-23.210850	-121.184639
65395	3.893709	0.415591	-0.290105	-0.525342	0.315520	1.991858	80.938876	-24.314260	-120.796725
65396	4.238678	0.462158	-0.191072	-0.214148	0.281782	2.164230	80.654635	-25.512161	-120.401417
65397	4.374730	0.947759	0.048449	0.026080	0.226413	2.401467	80.499525	-26.852159	-120.006503
65398	4.341247	1.469677	0.172848	0.064020	0.154746	2.597017	80.365919	-28.304376	-119.627923
65399	4.241196	1.819484	0.186842	0.094006	0.174493	2.682940	80.224561	-29.806975	-119.217374
65400	4.044353	2.233256	0.093009	0.194906	0.200135	2.709866	80.117500	-31.316915	-118.777398
65401	4.169246	2.504500	0.166978	0.184157	0.163665	2.759390	79.997285	-32.862510	-118.344673
65402	4.494743	2.515939	0.261317	-0.045595	0.043345	2.836258	79.769222	-34.457598	-117.971368
65403	5.080126	2.181455	0.135411	-0.224369	-0.072728	2.946067	79.457456	-36.130170	-117.647100
65404	5.521327	2.217177	0.099724	-0.123072	-0.035407	3.042847	79.162711	-37.846753	-117.266165
65405	5.470764	2.610539	0.118390	0.072804	0.052122	3.122515	78.911123	-39.602566	-116.790690
65406	5.438876	3.179528	0.231137	0.059427	0.027571	3.207420	78.630533	-41.401678	-116.298610
65407	5.535249	3.644255	0.342450	-0.121378	-0.046039	3.264360	78.245956	-43.244663	-115.824577
65408	5.777323	4.044551	0.401700	-0.256139	-0.129311	3.298963	77.792528	-45.108676	-115.377425
65409	6.104541	4.654718	0.585424	-0.310229	-0.156417	3.310682	77.283532	-46.985634	-114.911539
65410	6.520841	5.207390	0.833743	-0.433816	-0.168451	3.294492	76.672154	-48.846070	-114.416040
65411	6.936778	5.668367	0.998840	-0.655819	-0.169277	3.293905	75.880651	-50.707911	-113.866114
65412	7.299871	5.606900	0.878237	-0.866203	-0.159058	3.305637	74.896060	-52.563245	-113.237130
65413	7.543416	5.304855	0.672572	-0.960317	-0.147015	3.353678	73.755661	-54.441439	-112.497846
65414	7.457526	5.089270	0.357499	-0.861162	-0.151820	3.392087	72.571086	-56.326447	-111.652121
65415	7.334117	5.451950	0.284410	-0.600950	-0.126042	3.352311	71.411654	-58.180735	-110.678053
65416	7.469235	5.887796	0.262235	-0.447143	-0.181707	3.276131	70.295252	-59.987723	-109.669730
65417	7.751414	6.335415	0.495522	-0.383642	-0.276387	3.181471	69.211012	-61.757869	-108.675303
65418	8.089725	6.894294	0.834274	-0.225416	-0.314048	3.073002	68.174030	-63.463163	-107.647366
65419	8.411227	7.507421	1.192222	-0.090332	-0.259552	2.883089	67.104820	-65.052214	-106.512988
65420	8.582507	7.863569	1.527036	-0.088498	-0.224985	2.717341	65.940794	-66.531159	-105.286962
65421	8.931845	7.979858	1.711870	-0.216324	-0.210773	2.576245	64.607501	-67.926708	-103.970597
65422	8.945876	7.555822	1.645205	-0.304634	-0.180277	2.435159	63.105622	-69.224258	-102.539480
65423	8.893883	6.864331	1.323795	-0.243807	-0.127372	2.281160	61.488051	-70.419075	-100.960182
65424	8.749411	6.030548	0.928170	-0.132990	-0.119707	2.117792	59.865758	-71.510108	-99.319460
65425	8.431385	5.165685	0.396789	0.080399	-0.124292	1.956871	58.325865	-72.511924	-97.647176
65426	8.125889	4.674668	0.145847	0.426957	-0.147591	1.823907	56.980569	-73.439491	-95.979226
65427	8.135839	5.454878	0.543775	0.791406	-0.251204	1.715477	55.969034	-74.341243	-94.449502
65428	8.207625	6.887779	1.489503	0.832760	-0.349528	1.574219	55.182829	-75.197858	-93.135029
65429	8.868945	8.258091	2.564917	0.601860	-0.399393	1.416211	54.434345	-75.995210	-92.001289
65430	9.994859	8.550091	3.196626	-0.001963	-0.404565	1.279923	53.428654	-76.723809	-90.962452
65431	10.731179	7.829502	3.155931	-0.539483	-0.309407	1.201931	51.916284	-77.380444	-89.722814
65432	10.228162	6.887448	2.451006	-0.479737	-0.070434	1.110731	49.956611	-77.899363	-87.992948
65433	9.320497	6.701575	2.014451	-0.258916	0.103629	0.987289	47.832834	-78.287415	-85.969069
65434	8.774406	6.254167	1.648625	-0.515182	0.024213	0.856612	45.846032	-78.635233	-84.237472
65435	8.697104	4.999940	1.135161	-0.814456	-0.166764	0.772412	44.139192	-79.015951	-82.968232
65436	8.565598	3.697624	0.615503	-0.698916	-0.223766	0.677161	42.726828	-79.375038	-81.932980
65437	8.097210	2.781430	0.243408	-0.259239	-0.176314	0.557863	41.668819	-79.664541	-81.002936
65438	7.454972	2.436441	0.137585	0.165975	-0.174572	0.431104	41.105169	-79.902106	-80.328504
65439	7.075858	2.547617	0.402995	0.347741	-0.307929	0.370414	41.058748	-80.174458	-80.073907
65440	7.432824	2.721290	0.876604	0.340364	-0.436981	0.333179	41.381785	-80.487789	-80.198709
65441	7.821982	2.444964	1.247382	0.366036	-0.442456	0.305011	41.826128	-80.793164	-80.431296
65442	8.043120	2.155003	1.461414	0.409450	-0.427582	0.354651	42.143545	-81.110413	-80.510102
65443	7.701360	1.869326	1.547056	0.487560	-0.347350	0.387785	42.228273	-81.406705	-80.307995
65444	6.792650	1.663225	1.388128	0.616737	-0.229431	0.372598	42.113958	-81.646674	-79.830107
65445	25.415253	18.488392	11.593307	1.061637	-0.656900	-0.484056	45.883862	-81.724269	-83.020110
65446	4.309836	0.878535	-2.944332	0.008810	2.530039	-4.176896	49.115659	-78.978650	-86.287131
65447	27.734464	10.678207	8.440177	1.856363	-1.804487	-1.731389	57.432572	-78.799868	-93.673190
65448	10.654189	3.271774	2.594702	-2.080415	1.091120	0.537316	52.779704	-78.694039	-90.139441
65449	1.832062	-1.555723	-1.070405	0.200340	-0.441846	0.101730	53.750045	-78.889968	-91.006307
65450	9.354010	1.049188	0.848632	0.266672	-0.807433	-0.717711	57.022516	-78.813639	-94.180864
65451	11.912953	1.803922	0.612249	-0.196737	-0.443317	-0.608724	58.925710	-78.650560	-96.231094
65452	11.892971	2.439997	1.100744	0.016355	0.150928	-0.605863	59.444909	-78.307515	-96.746308
65453	9.856608	2.636711	1.374818	0.244985	0.102177	-0.392027	59.892705	-78.082039	-97.055060
65454	9.380261	2.586073	1.382644	-0.124117	-0.113119	-0.257487	60.435043	-77.985705	-97.677035
65455	9.939681	1.913535	0.785675	-0.279327	-0.234103	-0.190459	61.080636	-77.953857	-98.495439
65456	10.017432	1.697628	0.691124	-0.103221	-0.077226	-0.175189	61.430155	-77.886537	-98.908248
65457	9.800113	2.047337	0.894241	0.055808	0.027696	-0.128908	61.567290	-77.811934	-99.010490
65458	9.393846	2.150160	1.249692	-0.037115	-0.021140	-0.084486	61.703445	-77.774506	-99.166443
65459	9.332231	1.836588	1.223943	-0.128700	-0.129553	-0.059614	62.012352	-77.777247	-99.552640
65460	9.467354	1.717333	1.078244	-0.101840	-0.163744	-0.057176	62.409750	-77.791426	-100.013837
65461	9.586741	1.690571	0.756462	-0.072665	-0.150996	-0.078357	62.824445	-77.789197	-100.475413
65462	9.694983	1.855897	0.811841	-0.070050	-0.095329	-0.086183	63.114349	-77.769464	-100.807996
65463	9.519106	1.843997	0.896758	-0.063985	-0.064318	-0.087630	63.339284	-77.739110	-101.070369
65464	9.532337	1.993366	0.988893	-0.071885	-0.068661	-0.080902	63.556888	-77.714665	-101.330104
65465	9.497448	1.916553	0.931715	-0.114196	-0.100289	-0.077615	63.823969	-77.698141	-101.665107
65466	9.478330	1.853016	1.002431	-0.119491	-0.115937	-0.061947	64.102368	-77.694849	-102.015013
65467	9.190885	1.643395	1.137757	-0.084800	-0.129653	-0.054999	64.428844	-77.696590	-102.393589
65468	9.457901	1.598815	0.854866	-0.076315	-0.176692	-0.102233	64.921083	-77.686398	-102.937053
65469	9.219444	1.705533	1.179382	-0.047621	-0.178702	-0.128971	65.466202	-77.660177	-103.517672
65470	9.423081	1.733155	0.872490	-0.024964	-0.225704	-0.157914	66.161407	-77.630087	-104.238890
65471	9.587869	2.054101	0.849572	-0.019343	-0.194820	-0.168417	66.796208	-77.584070	-104.894906
65472	9.569572	2.055256	0.701680	-0.036489	-0.197508	-0.153060	67.404510	-77.546799	-105.534115
65473	9.698572	2.170574	0.803178	-0.046182	-0.188093	-0.119958	67.951774	-77.522065	-106.116417
65474	9.439540	2.029136	0.914785	-0.075967	-0.187580	-0.096119	68.452984	-77.510333	-106.669231
65475	9.459674	2.043027	0.882857	-0.061781	-0.252174	-0.069448	69.095476	-77.523460	-107.358268
65476	9.643832	1.996545	0.648415	-0.065999	-0.235843	-0.071921	69.696657	-77.531951	-108.007595
65477	9.525449	1.983555	0.715285	-0.041348	-0.213511	-0.058460	70.249076	-77.540291	-108.592353
65478	9.452171	1.999899	0.728037	-0.059593	-0.216833	-0.070180	70.807316	-77.543319	-109.193910
65479	9.535026	1.948432	0.710891	-0.059012	-0.243981	-0.066061	71.431920	-77.550668	-109.862941
65480	9.584717	1.936224	0.569657	-0.043983	-0.214562	-0.076123	71.998857	-77.547365	-110.464227
65481	9.781062	2.118688	0.481381	-0.036513	-0.176101	-0.068891	72.471211	-77.538512	-110.964153
65482	9.585183	2.091550	0.476405	-0.048324	-0.135649	-0.035159	72.807914	-77.542029	-111.332220
65483	9.564988	2.008085	0.573961	-0.083407	-0.126183	-0.029879	73.099506	-77.544817	-111.674543
65484	9.662089	1.916843	0.431409	-0.074005	-0.085403	-0.048147	73.306597	-77.532110	-111.924942
65485	9.637341	2.027662	0.538879	-0.070166	-0.050671	-0.064319	73.443401	-77.503091	-112.100994
65486	9.567995	2.059767	0.539576	-0.066798	-0.027835	-0.062717	73.521516	-77.472740	-112.215100
65487	9.610735	2.073914	0.472213	-0.063871	0.001850	-0.058473	73.526766	-77.438312	-112.252726
65488	9.619306	2.074750	0.533635	-0.084820	0.019693	-0.054333	73.470779	-77.404824	-112.240040
65489	9.559403	2.037081	0.564752	-0.085460	0.030608	-0.052768	73.389000	-77.368855	-112.201168
65490	9.597132	2.034298	0.532953	-0.069532	0.053757	-0.053813	73.258622	-77.330043	-112.103260
65491	9.556557	2.068331	0.589051	-0.066423	0.063111	-0.062638	73.116796	-77.283253	-111.991642
65492	9.520793	2.075794	0.592472	-0.065529	0.070431	-0.052633	72.948959	-77.242191	-111.852945
65493	9.524065	2.059357	0.688991	-0.064859	0.063065	-0.048419	72.799431	-77.203071	-111.732470
65494	9.493469	2.061005	0.649725	-0.045420	0.055846	-0.049289	72.677479	-77.166162	-111.628971
65495	9.555724	2.102961	0.588218	-0.043212	0.067166	-0.045866	72.530097	-77.127620	-111.497940
65496	9.470965	2.126037	0.711528	-0.044980	0.060668	-0.039045	72.390532	-77.095364	-111.376085
65497	9.489762	2.050768	0.657778	-0.045197	0.048271	-0.034320	72.279687	-77.066279	-111.283670
65498	9.488805	2.032759	0.650873	-0.030157	0.038372	-0.041953	72.204845	-77.036229	-111.219482
65499	9.487261	2.121836	0.702098	-0.027955	0.034433	-0.037414	72.139747	-77.007840	-111.163854
65500	9.481684	2.044636	0.699606	-0.042707	0.013455	-0.040653	72.116095	-76.982852	-111.159568
65501	9.524915	2.058162	0.635007	-0.033197	0.023325	-0.049650	72.083824	-76.949740	-111.140706
65502	9.503596	2.140571	0.698081	-0.033005	0.027447	-0.041566	72.033706	-76.921784	-111.103544
65503	9.522736	2.086996	0.652638	-0.046244	0.012182	-0.033966	72.008413	-76.899195	-111.099517
65504	9.477742	2.059243	0.710089	-0.025490	0.018356	-0.038962	71.982158	-76.874258	-111.082429
65505	9.476115	2.147985	0.759312	-0.022178	0.010693	-0.035074	71.975035	-76.851342	-111.082900
65506	9.500934	2.067933	0.658423	-0.031874	-0.004499	-0.029528	71.991326	-76.835595	-111.113258
65507	9.578483	2.099858	0.608770	-0.036508	0.012150	-0.038476	71.975136	-76.810576	-111.112852
65508	9.493471	2.143116	0.738899	-0.024388	0.019361	-0.038454	71.946975	-76.785736	-111.093150
65509	9.497834	2.141491	0.698968	-0.033866	0.004802	-0.030694	71.943517	-76.766272	-111.104268
65510	9.556519	2.101941	0.626830	-0.030797	0.011754	-0.030106	71.923101	-76.747328	-111.096292
65511	9.535896	2.118916	0.653993	-0.024874	0.030920	-0.034625	71.867466	-76.721088	-111.048510
65512	9.530229	2.083979	0.675790	-0.030852	0.037617	-0.033485	71.790149	-76.695680	-110.982099
65513	9.494289	2.153029	0.711565	-0.023603	0.047815	-0.032963	71.695631	-76.667297	-110.893599
65514	9.533021	2.127604	0.667568	-0.022313	0.048203	-0.025524	71.593492	-76.644259	-110.796633
65515	9.492930	2.115495	0.698076	-0.013264	0.054389	-0.029570	71.488030	-76.616467	-110.690777
65516	9.491677	2.139386	0.715100	-0.010609	0.048253	-0.026458	71.393916	-76.592834	-110.595147
65517	9.475945	2.172258	0.714624	-0.008435	0.048968	-0.020696	71.297513	-76.570781	-110.495736
65518	9.504979	2.112491	0.729915	-0.015286	0.044736	-0.015597	71.200969	-76.553613	-110.400347
65519	9.396223	2.145743	0.773985	-0.005599	0.042235	-0.010666	71.114251	-76.538180	-110.309208
65520	9.454975	2.147001	0.727445	-0.011081	0.019635	-0.002907	71.067494	-76.532490	-110.262524
65521	9.542950	2.129223	0.714851	-0.007358	0.030974	-0.005017	71.001089	-76.522177	-110.193303
65522	9.454370	2.147739	0.733112	0.000136	0.032448	-0.004651	70.933283	-76.513125	-110.118362
65523	9.468018	2.180863	0.776988	-0.004992	0.026400	0.006469	70.869757	-76.509863	-110.050702
65524	9.399524	2.204995	0.781417	-0.002607	0.011215	0.020256	70.828878	-76.518247	-110.005067
65525	9.509214	2.106760	0.706872	-0.014081	0.001219	0.025655	70.801866	-76.530086	-109.980315
65526	9.509326	2.125733	0.719697	-0.001967	0.014363	0.022235	70.752567	-76.538934	-109.925648
65527	9.489990	2.116582	0.733847	-0.015594	0.015510	0.014871	70.700803	-76.542244	-109.876339
65528	9.464722	2.133923	0.801721	-0.000121	0.017505	0.009486	70.655465	-76.543581	-109.824659
65529	9.470337	2.128187	0.761158	-0.010481	0.003796	0.014225	70.633546	-76.548759	-109.803026
65530	9.584498	2.069089	0.668865	-0.006036	0.010149	0.007013	70.603378	-76.550146	-109.770430
65531	9.450491	2.140656	0.788343	0.002548	0.029115	0.002145	70.541324	-76.543983	-109.699855
65532	9.470114	2.147208	0.778066	-0.010954	0.016585	0.013365	70.488731	-76.547557	-109.647097
65533	9.470914	2.103381	0.755961	-0.012252	0.014980	0.010596	70.443354	-76.548643	-109.602389
65534	9.549551	2.131642	0.707831	-0.005642	0.022037	0.009162	70.384838	-76.548878	-109.540413
65535	9.431230	2.108676	0.797421	-0.011302	0.028402	-0.002765	70.320490	-76.540161	-109.475639
00000	9.524421	2.107395	0.754949	-0.016772	0.012944	-0.003188	70.286097	-76.535463	-109.445021
00001	9.425161	2.114238	0.843061	-0.017766	0.015691	-0.017803	70.258907	-76.521085	-109.422262
00002	9.406149	2.044732	0.819996	-0.017645	-0.018358	-0.021501	70.309248	-76.512557	-109.479292
00003	9.508745	2.121827	0.738648	-0.009213	-0.009391	-0.030986	70.353855	-76.495920	-109.525330
00004	9.507447	2.167265	0.761872	-0.008117	-0.008418	-0.030446	70.394317	-76.480631	-109.566592
00005	9.468259	2.112907	0.762624	-0.021333	-0.005988	-0.033380	70.426041	-76.462043	-109.606529
00006	9.507218	2.109305	0.725876	-0.013431	0.002679	-0.032042	70.439692	-76.443754	-109.623350
00007	9.570067	2.172652	0.671867	-0.007939	0.019389	-0.036310	70.424493	-76.418725	-109.607130
00008	9.475355	2.198171	0.731414	-0.018417	0.035031	-0.029081	70.360711	-76.395816	-109.547230
00009	9.484710	2.131665	0.758046	-0.026172	0.030448	-0.022316	70.299547	-76.376208	-109.494459
00010	9.503146	2.162497	0.761410	-0.019995	0.040941	-0.027001	70.220471	-76.353245	-109.419740
00011	9.468549	2.145477	0.749257	-0.031055	0.044068	-0.024172	70.128166	-76.329967	-109.337790
00012	9.496610	2.128998	0.788530	-0.023063	0.044622	-0.029928	70.042082	-76.304655	-109.257653
00013	9.421782	2.139984	0.825219	-0.031877	0.040313	-0.028415	69.961575	-76.279784	-109.188315
00014	9.420444	2.163721	0.840932	-0.028274	0.025111	-0.029361	69.915574	-76.258563	-109.152497
00015	9.479501	2.146057	0.782203	-0.020525	0.017843	-0.029142	69.891917	-76.237703	-109.134978
00016	9.517527	2.184831	0.771977	-0.021444	0.028140	-0.029763	69.843724	-76.215658	-109.092869
00017	9.590491	2.179448	0.743391	-0.029116	0.031989	-0.035902	69.789790	-76.188373	-109.049238
00018	9.594945	2.178798	0.706564	-0.018555	0.058279	-0.045387	69.690410	-76.151928	-108.952698
00019	9.529206	2.144102	0.780271	-0.034392	0.072855	-0.055046	69.560653	-76.106190	-108.834065
00020	9.582513	2.092149	0.745109	-0.030875	0.088052	-0.080448	69.419466	-76.044852	-108.701685
00021	9.508872	2.210302	0.805414	-0.017378	0.111393	-0.094005	69.250131	-75.970314	-108.532150
00022	9.347338	2.201370	0.938159	-0.020083	0.091032	-0.096066	69.124079	-75.899838	-108.408918
00023	9.410164	2.206770	0.855039	-0.019583	0.060378	-0.084730	69.057309	-75.840528	-108.346350
00024	9.456145	2.204090	0.883638	-0.024240	0.062511	-0.099668	68.994038	-75.773891	-108.290263
00025	9.513776	2.193919	0.828589	-0.019012	0.052092	-0.105028	68.962454	-75.705407	-108.263627
00026	9.490535	2.217746	0.858501	-0.011883	0.058359	-0.112639	68.926322	-75.632669	-108.228208
00027	9.413943	2.215235	0.883778	-0.015012	0.058050	-0.123795	68.900256	-75.552933	-108.204884
00028	9.560556	2.169907	0.802563	-0.022053	0.056382	-0.137425	68.882827	-75.467347	-108.194776
00029	9.544605	2.192880	0.892292	0.007146	0.075201	-0.168169	68.869913	-75.360369	-108.171905
00030	9.428754	2.383986	0.879955	0.037794	0.089843	-0.161106	68.837603	-75.255210	-108.110955
00031	9.512146	2.260440	0.842471	0.000558	0.068935	-0.174018	68.838757	-75.146410	-108.106515
00032	9.417557	2.315380	0.875529	0.035239	0.090867	-0.190389	68.826736	-75.025388	-108.068014
00033	9.366627	2.323383	0.948017	0.014771	0.059693	-0.218661	68.888685	-74.894658	-108.118085
00034	9.375507	2.334433	0.970819	0.020327	0.064091	-0.209099	68.935185	-74.769168	-108.149025
00035	9.273043	2.293920	1.022952	0.036368	0.021002	-0.218061	69.082620	-74.646676	-108.274953
00036	9.365952	2.354262	0.962643	0.053048	0.012420	-0.215878	69.250724	-74.528049	-108.412621
00037	9.320336	2.380503	0.998089	0.052828	-0.004639	-0.221654	69.454997	-74.408626	-108.587903
00038	9.544952	2.379320	0.860935	0.054107	-0.018167	-0.227138	69.685261	-74.289816	-108.789654
00039	9.511155	2.501430	0.831209	0.078749	0.028069	-0.253635	69.858651	-74.146396	-108.917627
00040	9.446901	2.581939	0.875588	0.067425	0.044598	-0.240537	69.981354	-74.007699	-108.999860
00041	9.457647	2.553903	0.872088	0.047370	0.048586	-0.242342	70.086199	-73.866199	-109.075389
00042	9.342168	2.583326	0.902220	0.056980	0.075059	-0.241336	70.143903	-73.721059	-109.096284
00043	9.330129	2.508618	0.930318	0.050743	0.052007	-0.241194	70.240966	-73.579465	-109.161797
00044	9.326907	2.650699	0.922283	0.075533	0.061093	-0.241542	70.333041	-73.436896	-109.207481
00045	9.222859	2.631218	0.986518	0.050216	0.049867	-0.218815	70.416621	-73.307742	-109.259330
00046	9.226750	2.625517	1.035687	0.053698	0.022286	-0.201530	70.538076	-73.194169	-109.348823
00047	9.133664	2.715772	1.043307	0.061345	0.018511	-0.163343	70.646747	-73.100908	-109.420291
00048	9.100698	2.687274	1.113453	0.023581	-0.023756	-0.129108	70.785188	-73.035107	-109.545664
00049	9.228336	2.659046	0.947190	0.041607	-0.052705	-0.098595	70.966814	-72.990154	-109.705299
00050	9.362831	2.866482	0.856647	0.039583	-0.034944	-0.071767	71.097457	-72.957306	-109.812990
00051	9.389040	2.855189	0.788109	-0.002067	-0.016957	-0.050638	71.160635	-72.931525	-109.874960
00052	9.366582	2.871953	0.812538	-0.016804	0.019999	-0.034677	71.139101	-72.908552	-109.857281
00053	9.436399	2.772089	0.809289	-0.039242	0.041388	-0.018711	71.058857	-72.889255	-109.791488
00054	9.448962	2.705854	0.839542	-0.053504	0.073736	-0.026672	70.917229	-72.860574	-109.670143
00055	9.396180	2.619460	0.950018	-0.050040	0.087437	-0.040851	70.764110	-72.820561	-109.534529
00056	9.317449	2.649022	1.001498	-0.038193	0.078632	-0.053408	70.640067	-72.776317	-109.422359
00057	9.293935	2.666536	1.033140	-0.033938	0.065431	-0.056768	70.545458	-72.731736	-109.338289
00058	9.272354	2.663098	1.051435	-0.033771	0.048826	-0.060079	70.480816	-72.689477	-109.285624
00059	9.391556	2.736868	0.954295	-0.021478	0.041814	-0.065778	70.440447	-72.644510	-109.250859
00060	9.337573	2.713759	0.953538	-0.020677	0.043757	-0.081726	70.405822	-72.591513	-109.221760
00061	9.364143	2.704629	0.993144	-0.009387	0.042413	-0.089356	70.386150	-72.533705	-109.201406
00062	9.324972	2.734774	1.003920	0.000286	0.049643	-0.104576	70.367738	-72.467237	-109.176695
00063	9.282765	2.727547	1.031984	0.002830	0.037008	-0.109333	70.376632	-72.399699	-109.178949
00064	9.381132	2.798324	0.945387	0.015189	0.036708	-0.116423	70.396047	-72.329326	-109.184951
00065	9.428089	2.780503	0.960712	-0.000671	0.053061	-0.129221	70.387676	-72.247977	-109.171189
00066	9.389174	2.733717	0.966089	0.005858	0.057374	-0.146197	70.384783	-72.157559	-109.159382
00067	9.403741	2.757132	0.959280	0.027821	0.063046	-0.163718	70.396735	-72.055689	-109.149807
00068	9.433019	2.774396	1.071278	0.016693	0.070948	-0.192190	70.404772	-71.937839	-109.142951
00069	9.438709	2.747684	1.112584	0.024295	0.066031	-0.225103	70.445691	-71.802278	-109.165969
00070	9.331415	2.748089	1.089330	0.067127	0.081904	-0.257354	70.502146	-71.647144	-109.179661
00071	9.262724	2.886904	1.129753	0.079318	0.060767	-0.265139	70.604697	-71.490964	-109.234458
00072	9.341926	2.863855	1.137961	0.054518	0.038818	-0.281571	70.735033	-71.330894	-109.333746
00073	9.401161	2.833833	1.056287	0.075652	0.032002	-0.302090	70.898689	-71.160065	-109.455402
00074	9.329653	2.977091	0.992138	0.119840	0.049786	-0.322384	71.066964	-70.975670	-109.555432
00075	9.374472	3.057254	0.969040	0.083911	0.037100	-0.337653	71.241083	-70.784407	-109.683421
00076	9.283146	2.977549	1.053254	0.052450	0.017883	-0.357647	71.433331	-70.586521	-109.849999
00077	9.499848	3.045954	1.045546	0.079691	0.007493	-0.366177	71.658700	-70.384859	-110.035235
00078	9.567628	3.098762	0.984585	0.057767	0.007799	-0.399723	71.882619	-70.165471	-110.232646
00079	9.525009	3.155790	1.048448	0.081793	0.011407	-0.442003	72.131609	-69.921329	-110.442245
00080	9.495315	3.073337	1.172767	0.075884	0.019058	-0.486670	72.380531	-69.651971	-110.655850
00081	9.427013	3.148523	1.058594	0.117296	0.010480	-0.528067	72.679203	-69.360335	-110.897503
00082	9.356919	3.190599	1.162073	0.118036	-0.002596	-0.566464	73.005634	-69.050213	-111.168996
00083	9.386754	3.203632	1.198441	0.119693	-0.031497	-0.606032	73.382678	-68.721833	-111.494189
00084	9.385187	3.234467	1.096466	0.160325	-0.032693	-0.648172	73.790286	-68.370449	-111.828076
00085	9.356228	3.379712	1.092082	0.198750	-0.038049	-0.691614	74.232842	-67.994362	-112.176630
00086	9.400291	3.454346	1.092574	0.179341	-0.059194	-0.731046	74.693588	-67.599469	-112.557896
00087	9.367419	3.491597	1.039465	0.176994	-0.070902	-0.778958	75.171405	-67.177945	-112.960134
00088	9.322232	3.520301	1.056903	0.201123	-0.069133	-0.824209	75.659386	-66.730487	-113.359778
00089	9.365377	3.680722	0.975468	0.221203	-0.073063	-0.869643	76.161985	-66.256328	-113.764110
00090	9.394622	3.741179	1.032132	0.203469	-0.071386	-0.916843	76.648469	-65.754949	-114.163533
00091	9.404642	3.756621	1.019613	0.177773	-0.077811	-0.981544	77.128923	-65.216316	-114.574062
00092	9.337627	3.878998	0.838955	0.237450	-0.057715	-1.034660	77.614274	-64.644686	-114.954174
00093	9.223969	4.048107	0.877015	0.270703	-0.020944	-1.090284	78.071298	-64.035574	-115.283502
00094	9.191768	4.188259	0.963598	0.180277	-0.057872	-1.141393	78.512408	-63.401568	-115.654692
00095	9.219098	4.118878	0.897952	0.141850	-0.057073	-1.202457	78.925766	-62.731399	-116.021491
00096	9.086637	4.242858	0.828240	0.206834	-0.017421	-1.273205	79.329336	-62.016525	-116.337593
00097	8.952845	4.485504	0.919382	0.242306	-0.017367	-1.334571	79.747264	-61.265535	-116.648992
00098	9.000337	4.634726	1.082388	0.145326	-0.076459	-1.384586	80.159890	-60.491684	-117.020286
00099	8.985491	4.658798	1.130826	0.136207	-0.108609	-1.430136	80.586581	-59.693406	-117.416663
00100	9.081144	4.945328	1.198704	0.249863	-0.108932	-1.494042	81.066629	-58.857945	-117.802737
00101	8.958043	5.091405	1.013932	0.357752	-0.234102	-1.516605	81.703130	-58.018128	-118.303263
00102	10.473381	5.491272	1.474431	0.090752	-0.339032	-1.493703	82.250275	-57.197464	-118.883722
00103	8.934451	4.436233	0.862323	0.113358	-0.223022	-1.574307	82.692514	-56.319295	-119.328852
00104	8.384572	5.090485	0.616483	0.684710	-0.140308	-1.637317	83.374057	-55.397557	-119.672259
00105	8.329549	5.822506	0.756255	0.636332	-0.201289	-1.671120	84.054977	-54.457902	-120.052667
00106	8.024474	5.881525	0.687851	0.324576	-0.412656	-1.675278	84.697961	-53.525538	-120.611430
00107	8.211176	5.816435	0.747301	0.236128	-0.573179	-1.687555	85.383292	-52.590100	-121.293395
00108	8.602544	5.751055	0.878922	0.249373	-0.584069	-1.685154	86.051760	-51.651990	-121.952924
00109	8.688742	5.821127	0.838010	0.364471	-0.526345	-1.684488	86.714109	-50.707333	-122.528668
00110	7.969381	5.869875	0.486636	0.579526	-0.471216	-1.711196	87.434150	-49.741704	-123.026979
00111	7.187167	6.183284	0.158635	0.806660	-0.539194	-1.729820	88.301244	-48.762424	-123.554952
00112	6.488900	6.522023	-0.249628	1.009840	-0.709564	-1.729635	89.362281	-47.779689	-124.194656
00113	5.898390	6.835436	-0.555401	1.005029	-0.982476	-1.720839	90.552574	-46.793784	-125.024175
00114	5.109965	7.093217	-1.065061	0.884820	-1.365048	-1.685974	91.860703	-45.811325	-126.125299
00115	4.726121	8.348942	-1.304177	0.869505	-1.836280	-1.655438	93.381743	-44.815193	-127.556866
00116	4.200210	10.206685	-1.068055	0.851506	-2.208478	-1.755368	95.032034	-43.719105	-129.214869
00117	4.046995	11.893368	-0.682806	0.419257	-2.686809	-1.900585	96.606367	-42.478727	-131.159876
00118	4.617370	12.168019	-0.330772	-0.426773	-3.162668	-1.989509	97.845299	-41.119663	-133.377783
00119	5.439317	12.549495	-0.150124	-0.676912	-3.129546	-2.126308	98.820606	-39.652840	-135.473872
00120	6.398023	13.704181	0.629127	-0.855135	-2.836310	-2.379824	99.452964	-38.048349	-137.254883
00121	8.065834	13.622420	0.796026	-1.455813	-2.679038	-2.295582	99.608772	-36.495240	-138.881911
00122	9.535826	12.083806	1.014837	-2.095704	-2.440433	-1.994239	99.272500	-35.138639	-140.350633
00123	10.325323	10.597819	0.893436	-2.276551	-1.976576	-1.578956	98.645866	-34.066891	-141.536770
00124	10.153482	9.533790	0.935754	-2.105798	-1.298734	-1.118364	97.873369	-33.325797	-142.310142
00125	10.265387	9.340577	0.937060	-1.782491	-0.587000	-0.715763	97.037628	-32.874175	-142.642823
00126	9.616111	9.712160	0.655949	-1.450256	0.163348	-0.496201	96.130374	-32.602388	-142.492475
00127	8.217503	10.372472	0.194160	-1.171375	0.800262	-0.421431	95.155972	-32.406194	-141.921312
00128	6.761616	10.988431	-0.331930	-1.026887	1.213171	-0.504488	94.119439	-32.174165	-141.073051
00129	5.312246	11.418993	-0.782067	-1.050980	1.391950	-0.696395	93.006941	-31.824503	-140.103239
00130	4.244842	11.459870	-1.246888	-1.142487	1.357154	-0.955911	91.865129	-31.310185	-139.163068
00131	3.820160	11.294507	-1.635759	-1.163387	1.203794	-1.266401	90.777635	-30.599380	-138.337642
00132	3.655779	10.864284	-1.897404	-1.028906	1.049380	-1.591818	89.840555	-29.690394	-137.635675
00133	3.700502	10.459068	-2.041553	-0.843766	0.820065	-1.854276	89.103492	-28.622043	-137.107222
00134	4.330277	10.201800	-2.060141	-0.652123	0.577009	-2.004280	88.570699	-27.466988	-136.758138
00135	5.192375	9.979139	-1.919949	-0.436395	0.419691	-2.067612	88.219131	-26.274238	-136.524435
00136	6.106377	10.004726	-1.775304	-0.181384	0.347783	-2.052012	88.042439	-25.092423	-136.345033
00137	6.850321	10.154945	-1.417751	0.046659	0.366435	-1.988657	87.995257	-23.944685	-136.156448
00138	7.272960	10.092963	-1.214055	0.239694	0.494104	-1.910388	88.031232	-22.840729	-135.888580
00139	7.343810	10.183017	-1.024398	0.508881	0.726959	-1.867758	88.170740	-21.755908	-135.475850
00140	6.923475	10.620348	-0.917123	0.768586	0.980713	-1.867476	88.410165	-20.669408	-134.906687
00141	6.416947	10.885558	-0.863935	0.853540	1.113306	-1.901889	88.680137	-19.562735	-134.256026
00142	6.023452	10.799148	-0.916683	0.903860	1.180438	-1.958917	88.977848	-18.426547	-133.564234
00143	5.640494	10.803216	-1.002328	0.982020	1.217675	-2.006456	89.325949	-17.265878	-132.848293
00144	5.434058	10.923720	-1.014486	1.000619	1.196226	-2.013230	89.701506	-16.106393	-132.142123
00145	5.310081	10.927175	-1.054185	0.941507	1.125833	-1.975904	90.066973	-14.972390	-131.474065
00146	5.279095	10.756618	-1.112096	0.884232	1.076810	-1.906444	90.418467	-13.882502	-130.831341
00147	5.120717	10.664305	-1.103811	0.826673	1.037149	-1.818895	90.753333	-12.846181	-130.208763
00148	4.724204	10.530282	-1.158071	0.752104	1.001418	-1.711829	91.059947	-11.874389	-129.604670
00149	4.287752	10.310735	-1.144017	0.649313	0.905172	-1.611795	91.328427	-10.961908	-129.055195
00150	4.057921	10.077824	-1.115644	0.505209	0.781505	-1.524687	91.535454	-10.099612	-128.576800
00151	3.744525	9.791565	-1.104760	0.389539	0.666797	-1.446090	91.694620	-9.282427	-128.164835
00152	3.446042	9.667570	-1.064504	0.301595	0.539671	-1.364740	91.820147	-8.510169	-127.826845
00153	3.408275	9.741840	-0.947020	0.177762	0.374945	-1.256322	91.893176	-7.798195	-127.585526
00154	3.493085	9.643427	-0.644149	0.032922	0.233100	-1.162504	91.896533	-7.136743	-127.427798
00155	3.899267	9.582588	-0.329992	-0.076927	0.124020	-1.060065	91.846922	-6.532768	-127.335434
00156	4.273571	9.601906	-0.028592	-0.182564	0.104686	-0.965677	91.738744	-5.981456	-127.256821
00157	4.563266	9.550535	0.271762	-0.282550	0.174638	-0.861850	91.570721	-5.491842	-127.141107
00158	4.588209	9.111836	0.449248	-0.392531	0.305590	-0.765184	91.333541	-5.057830	-126.953286
00159	4.482595	8.542984	0.559448	-0.472892	0.460133	-0.666658	91.044732	-4.682928	-126.679931
00160	4.484813	8.154307	0.676974	-0.499530	0.635915	-0.574747	90.734233	-4.359136	-126.308475
00161	4.535472	7.825858	0.722220	-0.506653	0.846257	-0.467945	90.413057	-4.097832	-125.818749
00162	4.478826	7.280928	0.737734	-0.549410	1.028599	-0.368611	90.061993	-3.888885	-125.226219
00163	4.165228	6.491994	0.600979	-0.573223	1.231207	-0.282219	89.691644	-3.728052	-124.518713
00164	3.778378	5.693228	0.277077	-0.477940	1.382607	-0.185878	89.371962	-3.614879	-123.724930
00165	3.492518	5.353708	0.165811	-0.286382	1.447564	-0.045940	89.160650	-3.580717	-122.893438
00166	3.431255	5.095717	0.075416	-0.222164	1.383847	0.198751	88.987867	-3.681560	-122.096342
00167	3.496411	4.725810	0.046539	-0.315057	1.246737	0.559100	88.763840	-3.990948	-121.373378
00168	3.736326	4.599678	0.008996	-0.374425	1.141812	0.977835	88.504484	-4.535243	-120.703276
00169	3.843689	4.522747	-0.108198	-0.383591	1.085541	1.354823	88.234029	-5.296965	-120.056216
00170	3.353107	4.188184	-0.118594	-0.395982	0.967960	1.684595	87.952790	-6.242965	-119.465956
00171	3.239464	4.063265	-0.012029	-0.503721	0.760599	2.037562	87.611315	-7.396475	-118.980998
00172	3.284963	3.825724	0.221870	-0.721812	0.563217	2.348236	87.148228	-8.725524	-118.592430
00173	3.631961	3.578577	0.298487	-0.938299	0.409726	2.581294	86.562554	-10.193476	-118.271638
00174	3.868959	3.182538	0.382665	-1.119071	0.333734	2.767811	85.868838	-11.762980	-117.969797
00175	3.947353	2.498586	0.123158	-1.162878	0.299915	2.950900	85.139001	-13.439440	-117.657507
00176	4.032947	2.043216	-0.189518	-1.018597	0.296375	3.121117	84.475611	-15.204726	-117.315060
00177	4.101551	1.526983	-0.366273	-0.761550	0.326506	3.246786	83.935464	-17.041348	-116.924837
00178	4.139395	1.189550	-0.591896	-0.442853	0.381591	3.332114	83.548351	-18.915019	-116.476678
00179	4.357859	1.129169	-0.687359	-0.111565	0.444735	3.374872	83.317309	-20.811971	-115.971354
00180	4.714349	1.556996	-0.653538	0.158835	0.458944	3.460924	83.215703	-22.750143	-115.438867
00181	4.903619	2.033091	-0.634249	0.286270	0.381257	3.617357	83.180252	-24.787803	-114.932536
00182	4.967001	2.468864	-0.533722	0.287789	0.224385	3.806186	83.162139	-26.937542	-114.501595
00183	5.059241	3.079319	-0.364022	0.190411	0.042136	3.935542	83.118994	-29.179316	-114.168080
00184	5.072361	3.574164	-0.138694	0.033327	-0.077170	3.953370	83.008337	-31.432897	-113.901104
00185	5.382895	4.118450	0.142464	-0.166498	-0.173437	3.912637	82.803116	-33.675965	-113.688360
00186	5.770485	4.518405	0.373797	-0.422521	-0.239342	3.864747	82.462641	-35.889301	-113.507223
00187	6.295525	4.479714	0.429353	-0.761353	-0.310955	3.854271	81.937401	-38.107771	-113.351606
00188	6.834121	4.112756	0.340125	-1.024349	-0.372574	3.870709	81.262655	-40.332589	-113.204937
00189	7.293853	3.664113	0.113207	-1.124308	-0.382893	3.913585	80.499506	-42.587952	-113.018284
00190	7.539529	3.403772	-0.112135	-1.027636	-0.361942	3.954201	79.738385	-44.855174	-112.761886
00191	7.419296	3.586151	-0.197595	-0.720824	-0.266404	3.938178	79.054444	-47.108070	-112.378659
00192	7.226824	4.102168	-0.106859	-0.517692	-0.297487	3.927472	78.457759	-49.348037	-111.969750
00193	7.462578	4.593307	0.246390	-0.608622	-0.471576	3.914854	77.875369	-51.605946	-111.660720
00194	8.135760	4.592540	0.374546	-0.843568	-0.689659	3.927309	77.266460	-53.888055	-111.496790
00195	8.868104	4.697149	0.632094	-0.878330	-0.812984	3.935768	76.688675	-56.197249	-111.400035
00196	9.738893	5.093100	0.912348	-0.745108	-0.804687	3.916909	76.142213	-58.486583	-111.252206
00197	9.948196	5.778510	1.131974	-0.571922	-0.729508	3.879189	75.582750	-60.751238	-110.977988
00198	9.790410	6.524033	1.308095	-0.430741	-0.648654	3.767441	74.986541	-62.933026	-110.576116
00199	9.474162	6.886163	1.425031	-0.481491	-0.641881	3.589092	74.324901	-65.020575	-110.141505
00200	9.273351	6.932049	1.430244	-0.541837	-0.655924	3.376333	73.629584	-66.983235	-109.714852
00201	9.445178	6.682342	1.312358	-0.483134	-0.632458	3.160980	72.925743	-68.828797	-109.248797
00202	9.644760	6.268125	1.177692	-0.335351	-0.584648	3.006584	72.205088	-70.572241	-108.680044
00203	9.526559	6.249210	1.132053	-0.028670	-0.519071	2.879329	71.502534	-72.238961	-107.951040
00204	9.532215	6.470191	1.270186	0.207213	-0.512530	2.768511	70.857335	-73.834699	-107.147219
00205	9.685346	7.202633	1.519622	0.408570	-0.501407	2.659747	70.231846	-75.373264	-106.250619
00206	9.955719	8.087981	1.856614	0.629910	-0.424413	2.535214	69.496890	-76.820348	-105.116605
00207	10.100787	8.848639	2.172622	0.712358	-0.342949	2.401231	68.506979	-78.180545	-103.679657
00208	10.152596	9.648461	2.387116	0.731016	-0.248997	2.252918	67.132189	-79.429354	-101.846240
00209	9.880413	9.796364	2.287189	0.644874	-0.147376	2.072573	65.216863	-80.554262	-99.521254
00210	9.389497	9.306846	2.043996	0.506793	-0.079902	1.879202	62.771706	-81.541750	-96.747046
00211	8.877851	8.481513	1.576611	0.560616	0.051407	1.664453	59.653774	-82.366904	-93.268868
00212	8.204291	8.124242	1.200656	0.808029	0.173843	1.435520	56.047455	-83.010055	-89.161275
00213	7.602368	8.343367	1.029193	1.048696	0.239215	1.190896	52.327015	-83.485655	-84.804905
00214	7.443682	8.582533	1.293380	1.043977	0.191932	0.966551	48.996412	-83.843764	-80.847018
00215	7.312735	9.206375	1.515706	0.895448	0.124425	0.727735	46.341559	-84.105262	-77.656553
00216	7.176175	9.613840	1.606053	0.806282	0.138416	0.448730	44.483324	-84.231965	-75.319269
00217	6.752251	9.504897	1.545565	0.619786	0.122195	0.133152	43.810659	-84.235095	-74.281244
00218	6.265100	8.847854	1.343097	0.308539	0.039840	-0.191649	44.604736	-84.141404	-74.896711
00219	5.833505	7.882514	0.949733	0.163215	0.028979	-0.517148	46.571345	-83.917522	-76.774933
00220	20.521863	14.494452	-1.076182	0.666014	-0.562750	-0.766202	51.886248	-83.794784	-81.731674
00221	9.020630	8.295667	6.558956	-4.631380	1.497023	-3.742008	53.975984	-81.563838	-86.508173
00222	13.872476	-7.841204	-11.101433	0.671359	0.360108	-4.009059	60.756697	-79.514292	-92.986090
00223	20.847156	4.125567	7.724805	-0.874744	0.222251	-2.570895	63.200347	-78.152420	-95.982151
00224	20.209887	11.195787	5.683650	1.473684	1.921571	-1.027023	60.869363	-77.115418	-92.726415
00225	6.019534	3.922900	2.147334	2.174300	1.591546	-0.124086	58.896826	-76.594285	-89.416155
00226	4.536233	5.846533	4.488195	0.717778	-0.471965	0.219050	60.026723	-76.839177	-90.149417
00227	11.703691	3.175958	-1.905358	-1.970992	-1.704513	0.305904	62.283944	-77.461715	-93.617501
00228	11.444491	0.695444	-0.140325	-2.750255	-0.937025	0.423062	62.373522	-77.925169	-95.316913
00229	10.320295	-2.803118	-0.284595	-0.021041	0.267074	-0.096983	61.860388	-77.802197	-94.799021
00230	9.757325	2.751418	1.637130	1.716974	0.893074	-0.209253	61.058017	-77.451766	-92.965321
00231	7.854761	3.370781	1.959329	0.784247	0.463694	-0.113916	60.621771	-77.263285	-92.052354
00232	8.816445	3.123102	1.565200	-0.617576	-0.428436	0.053903	61.157548	-77.409099	-92.959039
00233	10.090271	1.498949	0.474547	-1.150693	-0.534321	0.083201	61.614577	-77.595324	-94.097101
00234	10.349933	0.463451	0.482292	-0.235596	-0.069514	0.000099	61.640818	-77.613713	-94.257065
00235	9.645860	1.792331	0.876481	0.553364	0.307041	-0.064614	61.344232	-77.495111	-93.623301
00236	9.131012	2.577529	1.304527	0.240305	0.168797	-0.029553	61.139198	-77.433145	-93.267098
00237	9.225367	2.220013	1.212354	-0.305916	-0.101684	0.020862	61.174151	-77.469589	-93.477107
00238	9.680769	1.453960	0.999429	-0.251044	-0.110181	0.026636	61.248513	-77.512773	-93.695499
00239	9.594702	1.599892	0.963783	0.102817	0.021749	-0.004091	61.269946	-77.502594	-93.651756
00240	9.460086	2.072508	1.044391	0.102667	0.020809	0.000558	61.282859	-77.496553	-93.599617
00241	9.445848	1.976948	1.075275	-0.091278	-0.041799	0.027066	61.298477	-77.519538	-93.663824
00242	9.602915	1.654877	0.949213	-0.074731	-0.045456	0.023615	61.331549	-77.543318	-93.736434
00243	9.481376	1.790563	0.998817	0.018878	0.003007	0.005194	61.335740	-77.542994	-93.724298
00244	9.330171	1.850205	1.162056	-0.029491	-0.032991	0.005589	61.388955	-77.554274	-93.790985
00245	9.482285	1.833405	1.012621	-0.078784	-0.086983	0.008460	61.538497	-77.580234	-93.984997
00246	9.550731	1.781655	0.999665	-0.050916	-0.075318	0.003616	61.679292	-77.601988	-94.153918
00247	9.435676	1.806954	1.054403	-0.028229	-0.080191	0.002449	61.850891	-77.622865	-94.340827
00248	9.382453	1.803983	1.051387	-0.053461	-0.114394	-0.000060	62.086179	-77.653054	-94.607946
00249	9.540533	1.810595	0.964537	-0.062236	-0.139526	-0.000886	62.381575	-77.687753	-94.941487
00250	9.610428	1.817867	0.875793	-0.055645	-0.125198	-0.000738	62.644375	-77.719910	-95.237977
00251	9.598066	1.825822	0.847689	-0.057137	-0.092448	-0.000225	62.834669	-77.741975	-95.460898
00252	9.537249	1.787058	0.867641	-0.068440	-0.067191	-0.006357	62.962725	-77.755699	-95.626956
00253	9.564258	1.770615	0.900207	-0.074028	-0.058384	-0.015005	63.081883	-77.761147	-95.786965
00254	9.489798	1.785856	0.924490	-0.080803	-0.046767	-0.018532	63.169700	-77.763219	-95.919089
00255	9.599222	1.850397	0.839986	-0.072671	-0.042631	-0.018763	63.257061	-77.762579	-96.045767
00256	9.721809	1.906308	0.776154	-0.069759	-0.002030	-0.010681	63.236362	-77.757070	-96.060377
00257	9.565029	1.854451	0.835789	-0.078118	0.037206	-0.007570	63.119169	-77.741545	-95.980931
00258	9.543360	1.856859	0.953602	-0.076717	0.043840	-0.004088	62.978906	-77.727502	-95.877264
00259	9.420284	1.823211	1.031515	-0.077338	0.031467	0.001301	62.865462	-77.717933	-95.801190
00260	9.461055	1.833229	1.010206	-0.068436	0.003425	0.004225	62.814968	-77.718618	-95.784532
00261	9.583807	1.843029	0.928545	-0.052508	0.001000	0.006739	62.780571	-77.719768	-95.774799
00262	9.529771	1.861336	0.945411	-0.056449	-0.000772	0.011301	62.738234	-77.725154	-95.759461
00263	9.557603	1.856885	0.893045	-0.062534	-0.008633	0.016164	62.709230	-77.733639	-95.761126
00264	9.550789	1.818445	0.914311	-0.059687	0.000771	0.017608	62.653738	-77.741825	-95.734226
00265	9.612472	1.832649	0.879366	-0.045152	0.009218	0.022780	62.584775	-77.748984	-95.684809
00266	9.592242	1.869231	0.915115	-0.042481	0.040644	0.015515	62.448237	-77.745546	-95.564887
00267	9.530808	1.850563	0.956049	-0.032343	0.040957	0.020054	62.315642	-77.742859	-95.442841
00268	9.530928	1.870138	0.970579	-0.028401	0.037446	0.028222	62.179129	-77.746599	-95.314688
00269	9.530915	1.800727	0.944087	-0.020283	0.041540	0.028061	62.042212	-77.747693	-95.181150
00270	9.531226	1.864290	0.978868	-0.008171	0.038298	0.030494	61.912355	-77.752224	-95.047948
00271	9.510811	1.789061	0.963925	-0.017040	0.034735	0.034454	61.785042	-77.758267	-94.922341
00272	9.531634	1.813517	0.965455	-0.020166	0.028641	0.029593	61.671688	-77.764840	-94.813065
00273	9.565625	1.785035	0.964795	-0.008911	0.029955	0.034621	61.559663	-77.772172	-94.698341
00274	9.517727	1.778882	1.032634	-0.008848	0.026148	0.029029	61.459058	-77.779055	-94.595480
00275	9.491473	1.771167	0.987260	-0.006685	0.014491	0.029386	61.390575	-77.787921	-94.524011
00276	9.484683	1.776424	1.029199	0.000735	0.006391	0.027808	61.342706	-77.799560	-94.469495
00277	9.513041	1.815487	0.997060	0.014572	0.002625	0.031587	61.310958	-77.812778	-94.423155
00278	9.534041	1.795863	0.974635	0.016915	0.000609	0.033761	61.278042	-77.828986	-94.374459
00279	9.609445	1.800481	0.956852	0.012174	-0.000406	0.035309	61.247018	-77.844907	-94.330273
00280	9.514602	1.762059	0.976171	0.018899	0.005942	0.031308	61.205726	-77.858399	-94.271851
00281	9.535608	1.764863	0.964206	0.011536	0.001359	0.027628	61.179870	-77.869978	-94.233330
00282	9.528902	1.770263	1.005204	0.005763	0.004149	0.029614	61.137226	-77.883101	-94.181230
00283	9.502795	1.762987	0.957751	0.002439	-0.002722	0.022624	61.121983	-77.893301	-94.158899
00284	9.550345	1.771007	0.992729	-0.002824	-0.006272	0.024559	61.105181	-77.906764	-94.138264
00285	9.537742	1.799599	0.983783	0.004597	-0.005506	0.022654	61.097563	-77.917759	-94.122471
00286	9.489900	1.772568	1.037239	0.007162	-0.019455	0.021729	61.121012	-77.933451	-94.137148
00287	9.572255	1.748267	0.966367	0.013693	-0.022761	0.015919	61.167815	-77.945846	-94.171678
00288	9.559619	1.755099	0.945298	0.018325	-0.022973	0.025842	61.200747	-77.964571	-94.189510
00289	9.539827	1.770110	0.965088	0.013509	-0.023523	0.013769	61.252174	-77.976100	-94.228875
00290	9.560847	1.774197	0.950491	0.014303	-0.024269	0.016760	61.297789	-77.990613	-94.262028
00291	9.581658	1.755984	0.926201	0.015968	-0.011841	0.016510	61.319612	-78.000305	-94.269684
00292	9.574762	1.740467	0.955545	0.025831	-0.008277	0.017677	61.332930	-78.010876	-94.263065
00293	9.589699	1.767177	0.893176	0.023072	-0.003969	0.016788	61.339840	-78.018558	-94.251314
00294	9.500977	1.774615	0.992276	0.025159	0.006170	0.015246	61.321687	-78.023936	-94.212917
00295	9.493846	1.737001	1.011861	0.020465	-0.016633	0.018708	61.354622	-78.036075	-94.229298
00296	9.576645	1.778910	0.971792	0.015909	-0.016870	0.022405	61.376543	-78.051383	-94.237285
00297	9.494920	1.733717	1.007405	0.015559	-0.031108	0.012884	61.448722	-78.064565	-94.296652
00298	9.515974	1.738144	0.991812	0.011466	-0.037458	0.009721	61.533766	-78.079113	-94.371755
00299	9.483453	1.807035	1.012008	0.016675	-0.038949	0.013671	61.624569	-78.094803	-94.449501
00300	9.524345	1.727695	0.941989	-0.006100	-0.065302	0.014896	61.760032	-78.119473	-94.586405
00301	9.586381	1.720347	0.889758	-0.002129	-0.054671	0.009994	61.883118	-78.137497	-94.708140
00302	9.519274	1.778062	0.992755	0.004980	-0.046804	0.010257	61.987279	-78.154716	-94.806554
00303	9.478554	1.722023	0.991230	-0.008723	-0.068836	0.009640	62.141978	-78.176267	-94.964435
00304	9.540539	1.715274	0.937793	-0.002915	-0.075439	0.002038	62.322279	-78.196857	-95.145243
00305	9.535079	1.737902	0.881664	0.015418	-0.066056	0.000469	62.496797	-78.212828	-95.309222
00306	9.528834	1.745975	0.916001	0.005943	-0.068053	0.003591	62.663342	-78.232035	-95.470771
00307	9.631411	1.750519	0.838516	0.002708	-0.061242	-0.002805	62.823822	-78.244891	-95.627833
00308	9.598239	1.776282	0.838080	0.010049	-0.026059	-0.001351	62.896807	-78.250440	-95.691401
00309	9.516969	1.776991	0.894860	0.001389	-0.019959	0.004466	62.946533	-78.256152	-95.736102
00310	9.523822	1.775898	0.952171	-0.014672	-0.027286	0.006960	62.998081	-78.266238	-95.792238
00311	9.441690	1.687050	0.967248	-0.013475	-0.048007	0.009274	63.102397	-78.281673	-95.901392
00312	9.503680	1.702199	0.925206	-0.017080	-0.069505	0.006344	63.257829	-78.302315	-96.065021
00313	9.572415	1.709349	0.841279	-0.012750	-0.066202	0.006045	63.412256	-78.320677	-96.224913
00314	9.621802	1.800040	0.811205	0.000235	-0.047490	0.004888	63.525791	-78.334771	-96.335610
00315	9.641971	1.760447	0.775004	-0.009308	-0.027767	0.006207	63.587176	-78.343296	-96.398470
00316	9.553941	1.746562	0.862969	-0.018034	-0.021452	0.005238	63.625361	-78.350884	-96.442911
00317	9.567669	1.737159	0.879243	-0.012498	-0.030032	0.006943	63.689819	-78.360354	-96.510770
00318	9.493134	1.706901	0.884436	-0.014248	-0.038369	0.005928	63.771695	-78.372567	-96.597601
00319	9.575117	1.727851	0.831829	-0.011452	-0.037632	0.000893	63.863396	-78.380820	-96.692660
00320	9.615413	1.694354	0.784231	0.005448	-0.017201	-0.004807	63.917030	-78.382123	-96.739132
00321	9.589436	1.764091	0.867021	0.012238	-0.002286	-0.002309	63.937863	-78.379808	-96.747983
00322	9.583752	1.831035	0.837671	0.004393	-0.005776	0.006819	63.948066	-78.384212	-96.750733
00323	9.446649	1.703791	0.941208	-0.013809	-0.022960	0.004030	63.998003	-78.390362	-96.804531
00324	9.507829	1.697224	0.891086	-0.011870	-0.044178	0.002478	64.100583	-78.402156	-96.911097
00325	9.447526	1.703087	0.933651	-0.000568	-0.055537	0.002123	64.242467	-78.415427	-97.051013
00326	9.597368	1.731958	0.800218	-0.001307	-0.072669	0.006507	64.418612	-78.436267	-97.226482
00327	9.678959	1.731055	0.734810	0.003778	-0.047217	-0.004059	64.550104	-78.444145	-97.353236
00328	9.638820	1.742889	0.766154	0.005642	-0.025249	-0.002404	64.621670	-78.448557	-97.417887
00329	9.626228	1.796016	0.766372	-0.003195	-0.011097	0.001032	64.651773	-78.450156	-97.445230
00330	9.599102	1.776189	0.809037	-0.010190	-0.001476	0.006990	64.642803	-78.453586	-97.436938
00331	9.558145	1.742488	0.823762	-0.009472	0.001813	0.008758	64.627331	-78.456025	-97.421434
00332	9.537514	1.714176	0.826342	-0.009157	0.003567	0.006240	64.607058	-78.457827	-97.401002
00333	9.578675	1.746462	0.812321	-0.004425	0.004567	0.004656	64.592396	-78.457476	-97.383375
00334	9.477356	1.741244	0.884601	-0.008445	-0.001974	0.008292	64.584095	-78.461700	-97.374746
00335	9.531760	1.742424	0.877510	-0.010819	-0.017624	0.006714	64.619523	-78.467875	-97.411982
00336	9.497450	1.700666	0.849411	-0.001983	-0.019133	0.008577	64.658150	-78.476460	-97.447468
00337	9.532022	1.718689	0.863292	-0.006512	-0.032003	0.006993	64.732310	-78.486298	-97.521716
00338	9.539253	1.732384	0.829247	-0.003421	-0.038343	-0.000279	64.829792	-78.494964	-97.618104
00339	9.559956	1.737378	0.813481	0.004387	-0.032252	0.007633	64.910295	-78.505159	-97.692449
00340	9.533565	1.739518	0.863559	-0.003939	-0.037043	0.005675	64.997356	-78.516543	-97.778498
00341	9.574281	1.727370	0.824871	-0.011444	-0.042575	0.006696	65.096579	-78.528709	-97.881198
00342	9.527385	1.738808	0.796704	-0.009384	-0.041315	0.005477	65.192073	-78.540962	-97.979027
00343	9.527808	1.738300	0.792739	-0.015037	-0.046356	0.003141	65.303557	-78.552124	-98.096332
00344	9.554377	1.676287	0.804932	-0.017601	-0.045106	-0.001149	65.412330	-78.561758	-98.212506
00345	9.562350	1.734819	0.790480	-0.012460	-0.046377	-0.004054	65.534186	-78.569096	-98.338879
00346	9.130845	1.675629	1.106971	-0.052354	-0.101053	-0.017337	65.786952	-78.583370	-98.622262
00347	10.307431	1.919520	0.351213	0.030853	0.041601	0.015402	65.683631	-78.580040	-98.493595
00348	9.152904	1.466106	0.858178	-0.011327	-0.044142	-0.015066	65.810291	-78.582021	-98.624340
00349	9.713221	1.817949	0.770811	-0.044719	-0.025197	-0.013669	65.870353	-78.579233	-98.706525
00350	9.575611	1.685042	0.774024	-0.011527	-0.027261	-0.017749	65.956289	-78.575788	-98.795841
00351	9.447648	1.722214	0.818393	-0.004549	-0.014217	-0.030125	66.029778	-78.561795	-98.868248
00352	9.542564	1.759749	0.794251	-0.026631	-0.050697	-0.027859	66.179130	-78.558434	-99.031101
00353	9.554722	1.687303	0.777350	-0.022316	-0.051213	-0.033757	66.341961	-78.551009	-99.205054
00354	9.540793	1.699859	0.754734	-0.008565	-0.044714	-0.048697	66.509382	-78.535154	-99.375792
00355	9.540670	1.727405	0.759680	-0.016264	-0.071175	-0.066417	66.763228	-78.514876	-99.639099
00356	9.567131	1.775531	0.722231	-0.029676	-0.029630	-0.071380	66.903415	-78.483431	-99.794415
00357	9.449598	1.616412	0.792799	-0.050440	-0.031645	-0.084608	67.053505	-78.444401	-99.971871
00358	9.625423	1.748126	0.749774	-0.034007	-0.030368	-0.094114	67.215975	-78.400956	-100.152508
00359	9.603467	1.810986	0.691008	-0.026949	-0.017504	-0.099715	67.357004	-78.350642	-100.307030
00360	9.574697	1.778497	0.722779	-0.039457	-0.020749	-0.100489	67.495931	-78.301524	-100.466877
00361	9.627387	1.812741	0.725352	-0.038045	-0.012910	-0.108441	67.625556	-78.245448	-100.616302
00362	9.504552	1.811744	0.810646	-0.035600	-0.005063	-0.111260	67.735527	-78.187065	-100.744377
00363	9.616562	1.878568	0.685567	-0.050760	-0.030452	-0.112173	67.903425	-78.132676	-100.940413
00364	9.668448	1.869245	0.667879	-0.047102	0.000538	-0.107188	67.986030	-78.075130	-101.047309
00365	9.592494	1.789798	0.747531	-0.040158	0.008666	-0.113758	68.060642	-78.011378	-101.141864
00366	9.623238	1.835324	0.675909	-0.035853	0.026872	-0.124853	68.099926	-77.938759	-101.197927
00367	9.607603	1.944167	0.703270	-0.034833	0.045552	-0.124897	68.095704	-77.861194	-101.208785
00368	9.563956	1.855922	0.692372	-0.058062	0.052057	-0.124430	68.059120	-77.783413	-101.200284
00369	9.588682	1.850293	0.735973	-0.060063	0.074283	-0.127467	67.973108	-77.698334	-101.142241
00370	9.572022	1.892844	0.736919	-0.048238	0.088025	-0.127857	67.859389	-77.610980	-101.049012
00371	9.488268	1.947712	0.827496	-0.053880	0.091876	-0.130569	67.739910	-77.520417	-100.953029
00372	9.485128	1.937130	0.826028	-0.053383	0.074779	-0.121205	67.651177	-77.439394	-100.888352
00373	9.536311	1.929433	0.816797	-0.061662	0.065250	-0.124283	67.586728	-77.357909	-100.853264
00374	9.547091	1.932415	0.842142	-0.048948	0.060910	-0.128042	67.541480	-77.276266	-100.830513
00375	9.502891	1.969882	0.794186	-0.040036	0.064304	-0.125264	67.493634	-77.194466	-100.799721
00376	9.580755	1.961842	0.731712	-0.060680	0.080715	-0.137081	67.405448	-77.103679	-100.739808
00377	9.503584	1.971389	0.860109	-0.065206	0.085590	-0.139351	67.309154	-77.009729	-100.674078
00378	9.526911	1.983095	0.815839	-0.057068	0.081300	-0.146249	67.232557	-76.913926	-100.623891
00379	9.726801	1.953873	0.749637	-0.072530	0.076777	-0.151197	67.165342	-76.815647	-100.592278
00380	9.858568	1.911653	0.663205	-0.056708	0.123102	-0.218340	67.065406	-76.672446	-100.517858
00381	9.607219	2.052098	0.820190	0.000492	0.187781	-0.248754	66.888562	-76.497856	-100.330485
00382	9.580665	2.048340	0.839827	-0.044398	0.176945	-0.265803	66.727725	-76.317419	-100.186049
00383	9.498835	2.069610	0.976183	-0.020386	0.179830	-0.277555	66.591560	-76.129262	-100.052585
00384	9.321238	2.112329	1.061831	0.005567	0.163463	-0.282744	66.510525	-75.942844	-99.960651
00385	9.343289	2.055818	1.079555	-0.012628	0.104007	-0.281945	66.546055	-75.769616	-99.999454
00386	9.487238	2.039007	1.020754	0.033038	0.081762	-0.292150	66.659118	-75.596861	-100.091452
00387	9.612588	2.180662	0.916265	0.068174	0.105755	-0.301788	66.751670	-75.412784	-100.141398
00388	9.381233	2.399391	0.852833	0.067072	0.130671	-0.325726	66.810513	-75.211231	-100.157340
00389	9.586572	2.312061	0.907977	-0.043100	0.078853	-0.371384	66.948034	-74.996504	-100.319877
00390	9.566230	2.274044	0.958490	0.041309	0.140868	-0.375000	67.010043	-74.766670	-100.354420
00391	9.382826	2.367072	1.059870	0.030230	0.139290	-0.383088	67.075857	-74.532161	-100.399373
00392	9.438947	2.298055	1.072727	-0.011955	0.104182	-0.385863	67.182275	-74.304739	-100.511779
00393	9.402751	2.539911	1.157473	0.093519	0.106137	-0.364801	67.327512	-74.087204	-100.601688
00394	9.775685	2.582800	0.917245	0.034008	0.100443	-0.348766	67.432116	-73.880096	-100.685049
00395	9.706207	2.575694	0.954335	0.026538	0.158419	-0.386564	67.455518	-73.639478	-100.688225
00396	9.468402	2.600564	1.132067	0.083175	0.199105	-0.380705	67.432407	-73.393760	-100.609220
00397	9.682194	2.517221	1.153602	0.010011	0.127284	-0.394034	67.506184	-73.156033	-100.674887
00398	9.626419	2.455888	1.029828	0.075963	0.171294	-0.424012	67.559320	-72.893511	-100.679717
00399	9.669240	2.776296	1.212009	0.122291	0.183324	-0.434122	67.626312	-72.622301	-100.671100
00400	9.931042	2.658245	1.337177	0.032388	0.093346	-0.467115	67.812273	-72.353855	-100.841404
00401	9.676755	2.479330	1.147246	0.080878	0.147817	-0.510628	67.961516	-72.049723	-100.944071
00402	9.661890	2.796276	1.230248	0.175924	0.159758	-0.541526	68.159879	-71.727213	-101.041470
00403	9.468218	2.775073	1.244722	0.113920	0.122833	-0.569516	68.395499	-71.396862	-101.215609
00404	9.701884	2.845462	1.228366	0.101387	0.047303	-0.612029	68.759001	-71.060020	-101.532903
00405	9.795259	2.824304	1.210042	0.105413	0.038934	-0.679810	69.166697	-70.687330	-101.895046
00406	9.608573	2.926630	1.153879	0.185456	0.044876	-0.745156	69.631734	-70.278149	-102.270396
00407	9.734209	3.053765	1.437989	0.117328	-0.018528	-0.806110	70.168138	-69.846963	-102.764013
00408	9.539493	2.906699	1.286389	0.147786	-0.047595	-0.867301	70.772030	-69.387260	-103.312580
00409	9.533234	3.084906	1.323643	0.220156	-0.054276	-0.937254	71.435710	-68.888210	-103.882336
00410	9.326394	3.174410	1.315030	0.219385	-0.092445	-0.992782	72.147153	-68.363956	-104.505973
00411	9.376870	3.124865	1.472594	0.192090	-0.144244	-1.044110	72.903789	-67.817137	-105.197357
00412	9.203272	3.154585	1.315340	0.262156	-0.149096	-1.092327	73.689824	-67.241791	-105.880014
00413	9.172408	3.467975	1.256876	0.351589	-0.149948	-1.135001	74.507691	-66.638954	-106.544413
00414	9.129162	3.636270	1.218859	0.320613	-0.178615	-1.171173	75.318393	-66.017261	-107.223556
00415	9.272993	3.732584	1.073745	0.286295	-0.198300	-1.207946	76.108154	-65.373692	-107.904540
00416	9.144429	3.833891	0.853765	0.330076	-0.155168	-1.255759	76.847543	-64.694525	-108.506006
00417	9.118463	4.174332	0.896940	0.364945	-0.120075	-1.294641	77.542267	-63.985597	-109.039113
00418	8.900713	4.257615	0.739438	0.295050	-0.109713	-1.319006	78.159317	-63.259637	-109.533588
00419	8.874889	4.444206	0.771822	0.266627	-0.103995	-1.329478	78.728061	-62.524461	-109.995172
00420	8.891459	4.621204	0.671984	0.233519	-0.080126	-1.339196	79.228264	-61.779726	-110.403911
00421	8.705488	4.654233	0.833985	0.172038	-0.046665	-1.343018	79.637835	-61.027387	-110.752302
00422	8.262495	4.538251	0.641011	0.201603	-0.032870	-1.353671	80.033210	-60.266938	-111.067651
00423	8.521592	4.842179	0.877709	0.183061	-0.041271	-1.345844	80.408122	-59.510266	-111.373885
00424	8.361600	4.752269	0.879392	0.096766	-0.043549	-1.347394	80.720084	-58.752464	-111.666914
00425	8.227940	4.818725	0.729743	0.153889	-0.022755	-1.352580	81.032702	-57.988604	-111.924512
00426	8.223988	5.054492	0.876941	0.187063	0.006872	-1.353755	81.324892	-57.221203	-112.137701
00427	8.284251	5.057806	0.845000	0.128950	-0.001782	-1.353625	81.580793	-56.453663	-112.349029
00428	8.265660	5.207845	0.801240	0.148140	0.022729	-1.356802	81.817088	-55.682217	-112.525501
00429	8.275595	5.423710	0.770158	0.200186	0.062643	-1.359176	82.042436	-54.905444	-112.653883
00430	8.159358	5.563106	0.928607	0.177659	0.099851	-1.367244	82.218991	-54.121302	-112.739566
00431	7.953583	5.515270	0.832377	0.142417	0.116171	-1.360597	82.357405	-53.339190	-112.803705
00432	7.896735	5.725425	0.822470	0.211933	0.147721	-1.357667	82.507274	-52.556624	-112.833081
00433	7.923236	5.799495	1.019683	0.168275	0.179441	-1.361475	82.606709	-51.769172	-112.830448
00434	7.824511	5.806700	1.035921	0.153109	0.198103	-1.356662	82.682032	-50.983422	-112.808182
00435	7.793469	5.771505	1.093063	0.191404	0.242790	-1.371943	82.749245	-50.185458	-112.746656
00436	7.607642	5.887203	1.025395	0.269509	0.261765	-1.377178	82.848656	-49.383514	-112.668082
00437	7.937083	6.162832	1.447725	0.276345	0.296369	-1.388288	82.930638	-48.572630	-112.560180
00438	7.976524	6.256756	1.257809	0.268504	0.303784	-1.391860	83.004620	-47.759542	-112.446297
00439	8.407354	6.603245	1.310556	0.368343	0.386885	-1.397745	83.086177	-46.937259	-112.263432
00440	8.222243	7.038632	1.240899	0.570790	0.418752	-1.379491	83.265086	-46.123662	-112.052442
00441	7.784654	6.875181	1.262571	0.624952	0.422584	-1.431349	83.477781	-45.280689	-111.842378
00442	7.997165	6.787495	1.431648	0.397502	0.344433	-1.450077	83.607539	-44.432640	-111.696366
00443	7.016868	6.341142	0.386498	0.688592	0.218324	-1.486369	83.974965	-43.572160	-111.650257
00444	7.065708	7.069979	0.310710	1.023716	0.122058	-1.576995	84.584885	-42.665860	-111.677130
00445	7.759683	7.808232	1.091019	0.725841	-0.057374	-1.628783	85.110600	-41.739113	-111.833254
00446	7.825487	7.519412	0.460905	0.404361	-0.246339	-1.702815	85.539689	-40.777953	-112.125013
00447	8.290043	7.338884	0.416649	0.436100	-0.233194	-1.827538	85.972209	-39.743458	-112.399977
00448	7.803197	7.403192	-0.013782	0.701063	-0.220238	-1.965682	86.540780	-38.627596	-112.656181
00449	7.992975	8.093788	0.032377	0.757590	-0.260491	-2.107946	87.147700	-37.429924	-112.928648
00450	8.389374	8.461516	0.188701	0.518596	-0.383195	-2.232704	87.656623	-36.161707	-113.273861
00451	8.639075	8.296712	0.124366	0.335798	-0.449869	-2.389698	88.073399	-34.803295	-113.651746
00452	8.532077	8.103052	-0.091353	0.415635	-0.423170	-2.550380	88.509380	-33.349690	-113.995879
00453	8.350781	8.280896	-0.147823	0.554567	-0.402914	-2.731594	89.000804	-31.790517	-114.309070
00454	8.336756	8.615625	-0.276141	0.540616	-0.464566	-2.880506	89.487831	-30.143553	-114.643819
00455	8.134841	8.579888	-0.365444	0.463417	-0.559939	-3.027679	89.942710	-28.411292	-115.020521
00456	6.896429	7.694879	-1.520917	0.511725	-0.753858	-3.159544	90.462056	-26.599291	-115.499271
00457	4.826013	7.980415	-2.782987	1.171830	-1.060217	-3.266377	91.415446	-24.719280	-116.138157
00458	2.885942	9.253197	-2.308881	1.784798	-1.545213	-3.557668	92.798052	-22.649539	-117.021424
00459	2.456482	9.725223	-2.540228	0.815297	-2.813478	-3.609202	93.859371	-20.492557	-118.621917
00460	4.621753	7.634412	-1.459667	-0.982710	-4.178952	-3.294095	94.099096	-18.443133	-121.015371
00461	12.900674	5.304137	1.013276	-3.324035	-5.104524	-2.752258	93.092506	-16.686706	-123.972349
00462	20.225118	4.448267	-0.166672	-5.040385	-3.797486	-0.602762	90.848613	-16.266560	-126.226444
00463	20.822262	-4.616852	-0.610474	-2.356673	-2.012389	0.531269	89.844249	-16.566749	-127.429628
00464	16.738226	1.747889	1.597089	0.202555	0.469812	1.302084	89.882504	-17.311948	-127.145464
00465	12.456258	3.822929	1.295653	-0.646486	0.896867	1.899427	89.349802	-18.401726	-126.597258
00466	8.936822	2.998812	-0.245362	-1.441959	1.133002	2.196290	88.295564	-19.646298	-125.882483
00467	6.656346	2.696641	-0.942274	-1.012045	1.343181	2.279887	87.418674	-20.928902	-125.009788
00468	4.904359	2.725126	-1.301133	-0.334922	1.402767	2.281209	86.888547	-22.194206	-124.075952
00469	4.331520	3.395097	-1.110990	0.094266	1.225981	2.276867	86.621506	-23.463417	-123.234190
00470	4.494811	4.210810	-0.404340	-0.274308	0.779392	2.389156	86.231028	-24.801569	-122.651386
00471	5.211601	4.366266	-0.214290	-1.034612	0.136723	2.645590	85.554124	-26.314622	-122.443688
00472	6.412090	3.959424	0.080277	-1.523190	-0.223466	2.863386	84.679702	-27.959882	-122.429150
00473	7.339584	3.738438	0.127149	-1.442842	-0.238875	2.999216	83.838499	-29.690449	-122.387671
00474	7.817112	3.556516	0.150083	-0.788632	0.051735	3.061290	83.257321	-31.429706	-122.123595
00475	7.803544	4.117745	0.387534	-0.009258	0.419160	3.085909	82.972409	-33.163876	-121.590067
00476	7.301112	4.861759	0.516575	0.298336	0.557092	3.145760	82.782852	-34.912499	-120.937174
00477	6.706855	5.428746	0.626579	0.228125	0.497331	3.186794	82.546367	-36.695108	-120.300439
00478	6.237308	5.729179	0.584068	0.003432	0.325633	3.182938	82.224295	-38.477700	-119.761071
00479	6.064414	5.699852	0.612047	-0.201612	0.104645	3.132920	81.860759	-40.255332	-119.361874
00480	6.259127	5.456817	0.674093	-0.281346	-0.091680	3.062486	81.527852	-41.998876	-119.093272
00481	6.835691	5.416296	0.798346	-0.264100	-0.234265	2.992006	81.266148	-43.722203	-118.923426
00482	7.572007	5.378230	1.033354	-0.286820	-0.339102	2.951096	81.038891	-45.422493	-118.826683
00483	8.323587	5.387132	1.189021	-0.327093	-0.397704	2.947723	80.812523	-47.134566	-118.765697
00484	9.058371	5.530451	1.344526	-0.283663	-0.386062	2.965763	80.591588	-48.846903	-118.680396
00485	9.605728	5.780330	1.437009	-0.132660	-0.278676	3.005143	80.369479	-50.579927	-118.482237
00486	9.738281	6.069266	1.511560	0.012970	-0.151526	3.032431	80.118814	-52.306635	-118.145839
00487	9.665377	6.291052	1.559640	-0.015021	-0.121486	3.073648	79.795166	-54.061482	-117.746134
00488	9.667320	6.136681	1.420858	-0.115834	-0.147376	3.115895	79.391307	-55.832305	-117.327823
00489	9.644260	5.777849	1.259748	-0.117138	-0.132595	3.135297	78.926188	-57.619539	-116.845984
00490	9.654364	5.575669	1.129867	-0.040613	-0.091584	3.108586	78.419675	-59.375900	-116.273423
00491	9.507723	5.322964	0.915938	0.015209	-0.075247	3.066784	77.873403	-61.113002	-115.628671
00492	9.365602	5.067503	0.646635	0.086210	-0.068501	2.996730	77.305464	-62.797967	-114.923624
00493	9.179329	4.826985	0.467815	0.186150	-0.085650	2.903831	76.757634	-64.438809	-114.187793
00494	9.141344	4.824109	0.323396	0.302172	-0.135642	2.812751	76.283615	-66.023755	-113.469636
00495	9.505835	5.050758	0.378320	0.353199	-0.251323	2.756190	75.928200	-67.599659	-112.857693
00496	10.346121	5.368885	0.573824	0.292780	-0.382523	2.741785	75.662173	-69.175946	-112.385778
00497	11.606178	5.460647	0.982960	0.154397	-0.451999	2.769761	75.349066	-70.785352	-111.953320
00498	12.016553	5.069643	0.850821	-0.053310	-0.376429	2.793065	74.705006	-72.386662	-111.301499
00499	11.194791	4.508155	0.013282	0.493035	-0.110315	2.796196	73.747731	-73.953608	-110.001359
00500	10.901166	5.242448	0.266796	0.752269	0.005496	2.742421	72.501852	-75.456051	-108.257839
00501	10.517089	5.488968	0.424191	0.560475	-0.114375	2.748186	71.066369	-76.979974	-106.444383
00502	10.540394	5.395017	0.382093	0.213974	-0.266021	2.724319	69.422443	-78.500250	-104.631681
00503	10.813130	5.100617	0.404680	0.146592	-0.295879	2.664991	67.368533	-79.989635	-102.450872
00504	10.864854	5.104059	0.456686	0.277881	-0.218318	2.590588	64.534011	-81.396025	-99.412377
00505	10.489306	5.508202	0.625123	0.365698	-0.181730	2.504012	60.654402	-82.724856	-95.279128
00506	10.615112	5.803610	0.858071	0.177856	-0.232912	2.387324	55.531552	-83.957222	-90.014210
00507	10.821764	5.671893	0.741762	0.055621	-0.264378	2.272900	48.404692	-85.083765	-82.818234
00508	11.370244	5.773294	0.827284	0.046560	-0.229690	2.203053	37.679653	-86.044958	-72.029776
00509	11.283496	5.707399	0.735322	0.042228	-0.166834	2.198400	20.847142	-86.754821	-55.135728
00510	10.861606	5.725812	0.633394	0.006033	-0.150061	2.214456	-2.178851	-87.050518	-32.068563
00511	10.309743	5.654259	0.485339	-0.054260	-0.176373	2.195881	-25.796274	-86.839019	-8.444828
00512	9.893961	5.694108	0.334547	-0.072906	-0.235139	2.118343	-43.684579	-86.250322	9.438451
00513	9.802727	5.757460	0.236429	-0.130641	-0.293072	2.028381	-55.942522	-85.463244	21.657761
00514	9.653892	5.651783	0.350773	-0.217938	-0.388834	1.971031	-64.709780	-84.589555	30.337445
00515	8.725855	5.332041	0.868536	-0.288250	-0.519105	1.956630	-71.621329	-83.654740	37.124040
00516	8.036084	5.379179	1.792598	-0.262979	-0.797888	1.959425	-77.910582	-82.690202	43.311180
00517	9.032033	6.546200	2.718086	-0.349715	-0.951408	1.927856	-83.343761	-81.685409	48.597641
00518	9.782370	6.859379	3.139022	-0.573597	-0.908798	1.838046	-87.547132	-80.676496	52.523576
00519	10.250422	7.016613	3.299211	-0.739298	-0.631663	1.646047	-90.170604	-79.738853	54.760882
00520	9.617788	7.062458	2.935395	-0.506659	-0.118405	1.358018	-90.777759	-78.960429	55.088365
00521	13.582059	9.510639	2.944000	-0.136364	0.171991	0.987271	-90.328807	-78.395063	54.555876
00522	8.467711	11.133091	5.634709	-1.140319	1.555129	-0.134038	-86.614230	-78.448276	50.102391
00523	6.689670	7.868600	0.315792	0.702246	1.860608	-0.470543	-80.834153	-78.600595	44.620292
00524	6.356118	14.233715	3.869784	0.569495	2.775237	-1.223014	-71.887169	-78.907480	35.836640
00525	3.434472	2.750045	2.945275	-1.162113	1.685499	-2.568829	-64.821796	-79.923301	27.977536
00526	8.903577	-5.127882	-5.527730	-3.195623	-0.684687	-1.897215	-66.075925	-81.074827	27.397715
00527	10.332080	-5.867026	-0.090358	-3.358263	-1.176623	-0.674662	-71.194689	-81.682251	30.633946
00528	9.502290	-8.830806	-4.728173	0.882813	1.063920	-1.543620	-64.295474	-82.270702	24.182617
00529	7.906548	-0.204204	-0.248549	2.723703	1.417286	-1.568057	-53.974752	-82.627183	15.351361
00530	9.378629	2.116428	0.507093	1.309554	0.505140	-1.569654	-46.833751	-83.136098	8.916255
00531	10.191286	1.519131	1.800941	-1.028150	-0.251564	-1.435278	-43.208788	-83.820815	4.680000
00532	10.186254	-1.437698	1.594174	-1.285959	-0.368802	-1.384097	-39.474297	-84.503280	0.190508
00533	10.121642	-2.010078	1.418126	0.866172	0.627741	-1.620791	-28.639404	-84.726531	-10.188512
00534	9.294093	1.261479	2.206623	1.286877	0.623273	-1.605571	-17.159870	-84.754918	-20.970835
00535	10.707353	2.592872	2.559977	0.118167	0.128222	-1.430468	-8.076805	-84.862034	-30.018019
00536	11.272885	0.768138	1.768178	-0.530357	-0.134691	-1.297747	-0.072981	-84.991328	-38.353261
00537	12.446705	0.340357	0.448082	-0.101480	0.128312	-1.289149	8.145597	-84.864395	-46.657245
00538	10.671131	0.521180	0.020328	0.365893	0.441059	-1.222694	15.170010	-84.473751	-53.496493
00539	10.648837	0.911397	-0.083672	0.134195	0.298912	-1.124194	20.867935	-84.109596	-59.140288
00540	10.980799	0.484415	0.318433	-0.108169	0.280626	-1.059332	25.452697	-83.721847	-63.808273
00541	10.931653	0.704944	0.982556	0.220313	0.397609	-0.969627	29.013320	-83.263100	-67.259683
00542	10.201011	1.434182	1.662863	0.227145	0.471554	-0.934658	31.798399	-82.758051	-69.929430
00543	10.007376	1.270043	1.642548	0.012432	0.327624	-0.915576	34.392071	-82.312308	-72.532822
00544	10.291979	1.237907	1.445375	-0.017246	0.276248	-0.876580	36.667953	-81.890721	-74.835416
00545	9.651532	0.968544	1.262226	0.049399	0.284181	-0.836112	38.622364	-81.467055	-76.776741
00546	9.881507	1.229298	1.236193	0.032489	0.190264	-0.790147	40.467075	-81.093906	-78.619124
00547	9.923053	1.230651	1.369964	0.017951	0.170021	-0.754174	42.116554	-80.733362	-80.273865
00548	9.838828	1.448880	1.531699	0.069479	0.141125	-0.724196	43.656578	-80.390930	-81.789596
00549	9.943797	1.625713	1.492242	0.055689	0.032013	-0.660913	45.197583	-80.110484	-83.315517
00550	9.894202	1.590048	1.423543	-0.009678	-0.002759	-0.597241	46.550192	-79.865188	-84.689598
00551	9.783383	1.509759	1.372160	0.030890	-0.049373	-0.552175	47.881120	-79.649867	-86.018803
00552	9.659496	1.335246	1.134375	0.053490	-0.095580	-0.506559	49.179607	-79.467920	-87.302908
00553	9.834704	1.499633	1.201682	0.075364	-0.113271	-0.457280	50.398396	-79.307363	-88.493686
00554	9.752387	1.723906	1.461140	0.081176	-0.128356	-0.421936	51.548254	-79.165157	-89.611709
00555	9.843229	1.816364	1.543720	0.019109	-0.167280	-0.393476	52.679110	-79.043677	-90.746892
00556	9.694841	1.499901	1.172863	-0.051268	-0.211912	-0.362919	53.792011	-78.949084	-91.905473
00557	10.197506	1.629439	0.970415	-0.044056	-0.218589	-0.313054	54.826814	-78.874030	-92.980413
00558	10.319344	1.759338	0.922080	-0.001557	-0.129077	-0.249622	55.549234	-78.798163	-93.712586
00559	9.723497	1.646501	0.969601	0.007810	-0.062457	-0.190673	56.018619	-78.725516	-94.181313
00560	9.535045	1.521298	1.015070	-0.032709	-0.099264	-0.166912	56.504322	-78.676929	-94.690635
00561	9.516046	1.688943	1.320169	-0.036153	-0.099672	-0.158400	56.976222	-78.629941	-95.187799
00562	9.458391	1.579440	1.138815	-0.004675	-0.128612	-0.145200	57.506683	-78.599214	-95.726547
00563	9.749968	1.661110	0.910015	0.004007	-0.128816	-0.126022	58.015282	-78.575085	-96.237803
00564	9.439739	1.764285	1.228308	-0.017099	-0.113007	-0.124751	58.465325	-78.547765	-96.701867
00565	9.456073	1.597947	0.988919	-0.028861	-0.172683	-0.108702	59.031700	-78.543420	-97.291370
00566	9.764277	1.829050	0.974588	-0.010823	-0.167603	-0.086386	59.559515	-78.549283	-97.831141
00567	9.669991	1.841418	1.000550	0.025771	-0.163676	-0.070583	60.080862	-78.559043	-98.342755
00568	9.697319	1.850098	0.930896	0.005626	-0.166142	-0.035957	60.545420	-78.587689	-98.808325
00569	9.385611	1.651041	1.069687	-0.060390	-0.179329	-0.037506	61.013265	-78.616663	-99.315639
00570	9.616894	1.700235	0.968470	-0.030734	-0.207440	-0.034931	61.563791	-78.655617	-99.890042
00571	9.623273	1.725400	0.820710	0.007343	-0.174616	-0.042095	62.070152	-78.679184	-100.396954
00572	9.617508	1.711215	0.833630	0.004051	-0.158119	-0.026197	62.510086	-78.707443	-100.838136
00573	9.551713	1.697068	0.895975	-0.011655	-0.158231	-0.034952	62.958473	-78.728763	-101.296946
00574	9.660276	1.772638	0.805179	0.004575	-0.150105	-0.032145	63.389817	-78.750571	-101.728993
00575	9.664070	1.668608	0.687615	-0.016337	-0.108474	-0.042522	63.719768	-78.754034	-102.069733
00576	9.547321	1.711153	0.901012	-0.019904	-0.103072	-0.046194	64.035124	-78.755713	-102.397798
00577	9.527341	1.708597	0.903338	-0.011373	-0.105598	-0.046376	64.365564	-78.755738	-102.736139
00578	9.725985	1.677249	0.709947	0.013515	-0.094136	-0.047029	64.677931	-78.754063	-103.041634
00579	9.625872	1.776830	0.738460	0.037363	-0.047897	-0.044894	64.883858	-78.740118	-103.224563
00580	9.658402	1.735587	0.713230	0.063101	-0.033941	-0.036748	65.054607	-78.728722	-103.356711
00581	9.515802	1.629402	0.756536	0.031032	-0.015881	-0.047372	65.175638	-78.705577	-103.456789
00582	9.563785	1.662007	0.802789	0.014136	0.001760	-0.060577	65.253326	-78.673100	-103.522664
00583	9.409591	1.693701	0.908945	0.034629	0.020767	-0.072416	65.310330	-78.628106	-103.555360
00584	9.580820	1.661987	0.779801	-0.002734	0.007187	-0.079937	65.386425	-78.584221	-103.629489
00585	9.675834	1.920489	0.788029	0.012602	0.012779	-0.085910	65.466379	-78.534099	-103.698490
00586	9.643741	1.931794	0.640848	-0.011797	-0.010596	-0.060560	65.559094	-78.504498	-103.794901
00587	9.686359	1.879933	0.782603	-0.041889	0.056881	-0.040966	65.441842	-78.467313	-103.694521
00588	9.417776	1.861855	0.923055	-0.001156	0.027897	-0.008922	65.381887	-78.455474	-103.628909
00589	9.616332	1.826660	0.741155	-0.036247	0.006397	0.010851	65.336677	-78.457283	-103.598749
00590	9.530280	1.672359	0.857499	-0.039856	0.018335	-0.002939	65.272053	-78.450822	-103.551001
00591	9.610641	1.721710	0.823942	-0.013460	0.012920	-0.016412	65.255260	-78.436886	-103.536519
00592	9.641258	1.703491	0.718763	-0.018639	0.044933	-0.033365	65.171114	-78.408194	-103.456429
00593	9.522101	1.789946	0.871773	-0.019258	0.046516	-0.034142	65.086990	-78.376961	-103.376599
00594	9.579793	1.731425	0.789178	-0.028995	0.033117	-0.053370	65.050954	-78.340689	-103.351669
00595	9.565617	1.809841	0.814252	-0.032525	0.039749	-0.061623	65.009118	-78.296805	-103.322761
00596	9.610609	1.846610	0.765555	-0.030435	0.039111	-0.051296	64.955272	-78.260149	-103.280477
00597	9.618730	1.926143	0.880218	-0.025566	0.054415	-0.027072	64.841172	-78.230625	-103.173674
00598	9.575636	1.768168	0.820600	-0.031043	0.047835	-0.018526	64.727756	-78.208797	-103.070887
00599	9.555082	1.783520	0.850631	-0.015090	0.055324	-0.017829	64.607568	-78.183756	-102.951712
00600	9.539891	1.754190	0.813295	-0.012105	0.048118	-0.020819	64.507830	-78.160589	-102.851795
00601	9.613133	1.767101	0.800068	-0.020754	0.061377	-0.031855	64.386980	-78.126725	-102.735235
00602	9.580331	1.811209	0.927864	-0.005903	0.078005	-0.036054	64.236509	-78.088182	-102.579817
00603	9.550667	1.773067	0.862778	-0.018175	0.069885	-0.031919	64.097931	-78.052059	-102.443594
00604	9.489689	1.817437	0.944135	-0.010672	0.081210	-0.035715	63.938453	-78.012722	-102.281719
00605	9.568561	1.806954	0.878005	0.001167	0.061367	-0.025448	63.825534	-77.981949	-102.160363
00606	9.587823	1.837474	0.884881	-0.011503	0.062062	-0.030065	63.706742	-77.950218	-102.040534
00607	9.566279	1.791267	0.877656	-0.015882	0.066470	-0.025289	63.572848	-77.918135	-101.907687
00608	9.585539	1.842937	0.898166	-0.007027	0.072500	-0.038000	63.442454	-77.879554	-101.773341
00609	9.544161	1.852731	0.941031	-0.016818	0.058044	-0.030787	63.336083	-77.846711	-101.669157
00610	9.602976	1.793740	0.860482	-0.029965	0.056222	-0.035228	63.229333	-77.813632	-101.572408
00611	9.541281	1.797054	0.915396	-0.024145	0.074873	-0.050569	63.103849	-77.766251	-101.452935
00612	9.553440	1.812365	0.952964	-0.037387	0.073734	-0.061863	62.984872	-77.714937	-101.347992
00613	9.551402	1.797961	0.947809	-0.038452	0.071363	-0.079777	62.896122	-77.653484	-101.274459
00614	9.563074	1.836579	0.997811	-0.033126	0.067350	-0.086240	62.825210	-77.591338	-101.216179
00615	9.613956	1.873745	0.910541	-0.046592	0.058931	-0.089575	62.773529	-77.528124	-101.185346
00616	9.618045	1.900075	0.888462	-0.045708	0.064704	-0.096857	62.715212	-77.461239	-101.147322
00617	9.554991	1.928577	0.956987	-0.059399	0.077347	-0.093836	62.620187	-77.391011	-101.079580
00618	9.532590	1.887403	0.951356	-0.080388	0.069107	-0.080499	62.514088	-77.331257	-101.012931
00619	9.483421	1.903388	1.037376	-0.084729	0.070128	-0.081652	62.408291	-77.269089	-100.948988
00620	9.475009	1.850920	1.048243	-0.075597	0.061368	-0.082218	62.325860	-77.210469	-100.903761
00621	9.513303	1.852226	1.019113	-0.066504	0.058023	-0.088375	62.266694	-77.148084	-100.876902
00622	9.511145	1.839833	1.012846	-0.059024	0.056642	-0.100523	62.226564	-77.081422	-100.865306
00623	9.494258	1.922087	1.040519	-0.046556	0.052732	-0.110799	62.217100	-77.009092	-100.877705
00624	9.491649	1.931989	1.045962	-0.053082	0.041716	-0.108768	62.222863	-76.942235	-100.909712
00625	9.495490	1.959963	1.022038	-0.057633	0.037412	-0.113395	62.243198	-76.872688	-100.959229
00626	9.486783	1.931203	1.042834	-0.044017	0.046572	-0.107853	62.242133	-76.804996	-100.978908
00627	9.510464	1.987258	1.020510	-0.042304	0.041263	-0.107788	62.255956	-76.737273	-101.012741
00628	9.521564	1.986536	1.043441	-0.045824	0.060885	-0.107822	62.222929	-76.665777	-101.000652
00629	9.484562	2.019482	1.057464	-0.039647	0.063323	-0.097290	62.179290	-76.597497	-100.973877
00630	9.442040	1.992222	1.074437	-0.047368	0.064882	-0.094338	62.122381	-76.531758	-100.938137
00631	9.473378	1.997820	1.087125	-0.039439	0.064030	-0.095175	62.075756	-76.464356	-100.908153
00632	9.436497	2.029376	1.101255	-0.037931	0.065459	-0.083311	62.011625	-76.404028	-100.859402
00633	9.489118	2.000566	1.076339	-0.044637	0.059259	-0.089139	61.966056	-76.340958	-100.833553
00634	9.513144	2.034655	1.043223	-0.038294	0.069851	-0.093491	61.904790	-76.274277	-100.787939
00635	9.449460	2.040426	1.098497	-0.036549	0.083417	-0.088421	61.814044	-76.205041	-100.710790
00636	9.481310	2.024767	1.099640	-0.038668	0.076100	-0.084035	61.730554	-76.141411	-100.642483
00637	9.483914	2.091783	1.105671	-0.036184	0.089433	-0.082828	61.623211	-76.073314	-100.547978
00638	9.455203	2.052599	1.141929	-0.044248	0.089792	-0.084367	61.510715	-76.005723	-100.453037
00639	9.474572	2.006180	1.100721	-0.037566	0.087437	-0.088008	61.414205	-75.935490	-100.370456
00640	9.470280	2.055735	1.136609	-0.033744	0.104475	-0.095534	61.292524	-75.858165	-100.259781
00641	9.433192	2.067256	1.140942	-0.025499	0.100903	-0.100029	61.191218	-75.778121	-100.165065
00642	9.437205	2.047726	1.196723	-0.025009	0.098796	-0.101549	61.094657	-75.699251	-100.075066
00643	9.479929	2.112069	1.168496	-0.010568	0.099739	-0.106912	61.013717	-75.616016	-99.992474
00644	9.375637	2.082417	1.233721	-0.015458	0.087375	-0.105770	60.951318	-75.538143	-99.932034
00645	9.434720	2.074892	1.181628	-0.016283	0.068159	-0.109181	60.932207	-75.462530	-99.916629
00646	9.437184	2.124013	1.173266	-0.003742	0.077847	-0.108754	60.899055	-75.385799	-99.879431
00647	9.395711	2.265857	1.152437	-0.004348	0.078706	-0.102707	60.860141	-75.310496	-99.836478
00648	9.425437	2.265895	1.266769	-0.066195	0.067164	-0.083126	60.785142	-75.249554	-99.792985
00649	9.438717	2.059071	1.202171	-0.060985	0.056609	-0.088384	60.741419	-75.187572	-99.778592
00650	9.460662	2.134941	1.196037	-0.035178	0.076577	-0.098213	60.683220	-75.116431	-99.734069
00651	9.451085	2.126068	1.231711	-0.043228	0.058225	-0.113959	60.674022	-75.041233	-99.744866
00652	9.431915	2.188263	1.247614	-0.043756	0.071598	-0.123954	60.647852	-74.958623	-99.738559
00653	9.403672	2.132510	1.268384	-0.037456	0.068432	-0.141247	60.651470	-74.866945	-99.759213
00654	9.622378	2.020573	1.263853	-0.043725	0.035536	-0.168572	60.737740	-74.772157	-99.869387
00655	9.501000	2.077267	1.245933	0.038103	0.074846	-0.239943	60.872499	-74.629334	-99.981142
00656	9.340813	2.322805	1.299129	0.052716	0.082256	-0.248886	61.006858	-74.481197	-100.084019
00657	9.346773	2.235457	1.297780	-0.001665	0.042523	-0.250038	61.182250	-74.342130	-100.261771
00658	9.411968	2.315141	1.311902	0.047111	0.044245	-0.250293	61.377602	-74.203592	-100.431491
00659	9.266054	2.406932	1.328203	0.058444	0.039799	-0.227492	61.564205	-74.076319	-100.585336
00660	9.395771	2.347378	1.243770	0.015718	0.003565	-0.220654	61.779044	-73.963478	-100.794249
00661	9.459595	2.345133	1.244170	0.044192	0.024368	-0.228646	61.980111	-73.839497	-100.971832
00662	9.443051	2.436960	1.226550	0.056881	0.046420	-0.226054	62.143136	-73.712030	-101.102476
00663	9.450517	2.449855	1.247423	0.021556	0.046258	-0.248396	62.305994	-73.571914	-101.253987
00664	9.422222	2.386072	1.252526	0.018973	0.065973	-0.277448	62.455199	-73.412960	-101.393060
00665	9.420723	2.431377	1.230256	0.025103	0.076576	-0.284415	62.595078	-73.246314	-101.518708
00666	9.370594	2.462947	1.272225	0.014007	0.082545	-0.315026	62.740768	-73.063678	-101.657327
00667	9.361496	2.467047	1.366206	0.016424	0.065221	-0.333038	62.930442	-72.875042	-101.840492
00668	9.342153	2.468276	1.327663	0.039974	0.057087	-0.355206	63.159642	-72.678236	-102.051246
00669	9.338107	2.575333	1.401046	0.066020	0.052658	-0.369400	63.419054	-72.473824	-102.278114
00670	9.284369	2.579922	1.353056	0.054060	0.026998	-0.371718	63.707678	-72.275665	-102.543214
00671	9.281136	2.528196	1.400890	0.077649	-0.005285	-0.389262	64.070154	-72.074956	-102.871854
00672	9.420222	2.607917	1.266870	0.117690	-0.005781	-0.407519	64.461049	-71.865506	-103.206769
00673	9.432400	2.672626	1.323387	0.115235	-0.024724	-0.462032	64.913276	-71.630510	-103.608043
00674	9.314582	2.706221	1.226012	0.168577	-0.013156	-0.489018	65.385185	-71.378889	-103.998539
00675	9.251087	2.759028	1.295413	0.163915	-0.038074	-0.519108	65.903020	-71.115215	-104.440822
00676	9.124405	2.832534	1.320018	0.194092	-0.069757	-0.553728	66.494570	-70.840531	-104.943627
00677	9.149303	2.939702	1.368977	0.206493	-0.103050	-0.569485	67.138722	-70.562140	-105.495361
00678	9.248441	2.890534	1.406563	0.173544	-0.180528	-0.605226	67.882738	-70.280788	-106.174195
00679	9.401717	2.856965	1.434018	0.191895	-0.222496	-0.645827	68.703040	-69.982475	-106.924089
00680	9.564329	2.967283	1.379784	0.242447	-0.247846	-0.721543	69.606035	-69.646153	-107.732848
00681	9.413213	3.125185	1.086287	0.396253	-0.281287	-0.817779	70.665899	-69.258614	-108.616833
00682	9.591297	3.382745	1.431670	0.347729	-0.338857	-0.896321	71.779850	-68.834406	-109.590964
00683	9.500827	3.244805	1.229883	0.282058	-0.396210	-1.010654	72.944370	-68.349759	-110.662754
00684	9.652077	3.219215	1.305999	0.356100	-0.428454	-1.110202	74.183810	-67.808653	-111.773455
00685	9.826667	3.407605	1.342535	0.411132	-0.398200	-1.201629	75.390719	-67.202643	-112.819322
00686	10.395161	3.629922	1.715526	0.404674	-0.407875	-1.266068	76.568343	-66.555042	-113.842234
00687	9.698474	3.333059	1.004792	0.365672	-0.413787	-1.379548	77.703911	-65.835808	-114.848916
00688	9.380323	3.648304	1.091745	0.624286	-0.421041	-1.482845	78.957995	-65.052159	-115.828922
00689	9.366922	4.135760	0.910498	0.595439	-0.455187	-1.581872	80.189101	-64.206658	-116.808333
00690	9.229237	4.119500	1.056599	0.499883	-0.539973	-1.661394	81.407284	-63.316109	-117.841530
00691	9.267751	4.004867	1.106112	0.446634	-0.607629	-1.722081	82.606191	-62.386174	-118.895711
00692	9.163641	3.982294	0.938547	0.592000	-0.590285	-1.783992	83.804226	-61.410888	-119.863619
00693	9.142507	4.407712	0.743909	0.793465	-0.560719	-1.856045	85.022291	-60.382665	-120.731741
00694	9.054613	4.994802	0.489597	0.851430	-0.578121	-1.893403	86.224929	-59.325982	-121.552511
00695	9.170788	5.237533	0.445602	0.716055	-0.633370	-1.897743	87.337199	-58.259728	-122.367555
00696	9.386421	5.377117	0.556077	0.474974	-0.658149	-1.882082	88.275069	-57.196352	-123.148961
00697	8.747099	5.043356	0.154351	0.570317	-0.553262	-1.895152	89.124103	-56.117058	-123.768334
00698	8.760889	5.566211	0.196288	0.696760	-0.483752	-1.907864	89.944375	-55.026013	-124.272717
00699	8.485165	5.681213	-0.281385	0.630146	-0.436864	-1.892383	90.651445	-53.939646	-124.691918
00700	8.132126	6.092896	-0.569388	0.674593	-0.427654	-1.876135	91.346433	-52.860409	-125.069907
00701	8.199820	6.344879	-0.690053	0.582404	-0.412551	-1.851382	91.950017	-51.792507	-125.404790
00702	7.695570	6.363344	-0.668565	0.321961	-0.464500	-1.829634	92.420090	-50.734655	-125.764508
00703	6.612178	5.978687	-2.020223	0.564897	-0.519949	-1.851135	93.043792	-49.660272	-126.148733
00704	6.806818	7.039334	-1.569117	0.805806	-0.597323	-1.896988	93.828739	-48.554674	-126.569707
00705	7.192415	7.723021	-0.607186	0.274438	-0.936665	-1.793500	94.501870	-47.489976	-127.256971
00706	8.120257	7.381191	-0.326223	-0.590771	-1.184606	-1.744768	94.805112	-46.438382	-128.128079
00707	9.424877	7.186216	-0.233549	-0.873543	-1.112588	-1.697409	94.879812	-45.414633	-128.921839
00708	7.837812	5.763160	-1.273828	-0.338033	-0.554646	-1.811184	94.917334	-44.353434	-129.242388
00709	6.625058	6.103132	-1.692078	0.700287	-0.304014	-1.852537	95.397509	-43.279984	-129.349265
00710	6.057168	7.269788	-1.465416	0.941853	-0.385372	-1.899293	96.044077	-42.175077	-129.499463
00711	6.018102	8.350916	-1.251764	0.423039	-0.874870	-1.841836	96.629887	-41.070246	-130.008918
00712	6.313571	8.374520	-1.454501	-0.359760	-1.391882	-1.753521	97.002956	-39.977887	-130.892586
00713	6.491150	7.579293	-1.897989	-0.626427	-1.644480	-1.755178	97.313827	-38.861893	-131.939403
00714	6.473442	7.289044	-2.201870	-0.308837	-1.661156	-1.835485	97.776786	-37.694252	-132.964269
00715	6.844818	8.198070	-1.856121	-0.150121	-1.711122	-1.881918	98.315153	-36.488648	-133.991010
00716	6.530330	8.448485	-1.852491	-0.385989	-1.832228	-1.910256	98.731761	-35.250542	-135.070868
00717	6.247141	8.219759	-2.097127	-0.577061	-2.030853	-1.915419	99.082045	-33.985464	-136.260278
00718	6.068639	8.081628	-2.309209	-0.592317	-2.165747	-1.982151	99.432243	-32.664842	-137.506274
00719	5.933484	8.229562	-2.201111	-0.589400	-2.288065	-2.074526	99.782260	-31.273445	-138.795177
00720	6.287076	8.494299	-2.002624	-0.671734	-2.477821	-2.173461	100.099993	-29.801635	-140.168064
00721	6.597218	8.735184	-1.884349	-0.849116	-2.533493	-2.221713	100.286717	-28.291308	-141.543694
00722	6.165459	8.385020	-1.998954	-0.818372	-2.484113	-2.344119	100.425598	-26.714141	-142.848933
00723	5.817369	8.534516	-2.108061	-0.773266	-2.433321	-2.423964	100.530678	-25.094517	-144.091335
00724	4.957012	8.408469	-2.161539	-0.725322	-2.416397	-2.461526	100.616755	-23.453968	-145.299392
00725	4.070002	8.547558	-2.512936	-0.749632	-2.474379	-2.448316	100.665272	-21.813243	-146.527479
00726	3.534032	8.694206	-2.544430	-0.852343	-2.533317	-2.413850	100.631029	-20.185730	-147.780713
00727	3.878510	9.148278	-2.267067	-1.119453	-2.675977	-2.370144	100.437685	-18.570034	-149.114579
00728	4.374699	8.892944	-2.139793	-1.355746	-2.715685	-2.386475	100.077946	-16.947355	-150.465617
00729	4.668610	8.846567	-2.180002	-1.257707	-2.608995	-2.430109	99.719345	-15.318568	-151.748561
00730	4.702105	9.013019	-2.133911	-1.294809	-2.444080	-2.488849	99.278513	-13.680920	-152.931105
00731	4.464712	8.992846	-1.935402	-1.371336	-2.298488	-2.516056	98.743701	-12.050891	-154.032831
00732	4.701904	8.643004	-1.518282	-1.593808	-2.204123	-2.502899	98.042126	-10.447771	-155.092274
00733	6.861148	7.165405	-0.255276	-2.301326	-2.242881	-2.168398	96.920123	-9.048951	-156.220083
00734	9.610582	7.063939	0.041297	-2.923174	-2.151844	-1.385221	95.422273	-8.127242	-157.372512
00735	11.248073	5.922013	0.565335	-3.388530	-1.986364	-0.414610	93.642342	-7.801597	-158.498291
00736	10.908664	4.659735	-0.650555	-3.166562	-1.694472	0.720617	91.971693	-8.166283	-159.496959
00737	9.535307	4.042485	-0.182524	-2.535717	-1.503012	1.766063	90.659031	-9.160356	-160.390545
00738	8.585300	4.110212	-0.014547	-2.373648	-1.564063	2.782146	89.461376	-10.753269	-161.301150
00739	8.756928	4.657309	0.391368	-2.714040	-1.730910	3.647490	88.109821	-12.866805	-162.268116
00740	8.651343	4.492470	0.714873	-2.945124	-1.763319	4.248777	86.652561	-15.344527	-163.193060
00741	8.576432	4.412264	1.124777	-2.811395	-1.581335	4.557622	85.262755	-18.017119	-163.943744
00742	8.306517	4.465064	1.484248	-2.438034	-1.164681	4.502454	84.018889	-20.647559	-164.391544
00743	8.022043	5.075242	1.856834	-1.967475	-0.570919	4.217330	82.917071	-23.090054	-164.445072
00744	7.178683	5.332965	2.076919	-1.725510	-0.019487	3.895199	81.804561	-25.303185	-164.131046
00745	6.357730	5.370953	2.075781	-1.615834	0.331611	3.620729	80.634372	-27.329570	-163.567821
00746	5.321753	5.105320	1.885660	-1.392905	0.481524	3.375437	79.515491	-29.186724	-162.879936
00747	4.082249	4.913773	1.501397	-0.997566	0.395835	3.153824	78.621611	-30.923394	-162.226196
00748	3.161795	5.085310	1.617826	-0.684485	0.133653	2.955058	77.975024	-32.565439	-161.733273
00749	2.595304	5.395157	1.881393	-0.657442	-0.363308	2.820727	77.510919	-34.194394	-161.565300
00750	3.298868	5.779966	2.564861	-1.155882	-1.101327	2.759389	77.040430	-35.875180	-161.890724
00751	4.912117	5.395422	3.107280	-1.841867	-1.739053	2.716610	76.447284	-37.623987	-162.654909
00752	6.698366	4.982090	3.855653	-2.273877	-2.091085	2.669054	75.782200	-39.395692	-163.671208
00753	8.155130	4.107774	4.126449	-2.222596	-2.050646	2.607096	75.159073	-41.141820	-164.669793
00754	9.135604	3.459662	4.398119	-1.384073	-1.567798	2.507043	74.815738	-42.761501	-165.335008
00755	8.494417	4.496057	5.017285	-0.679248	-1.025755	2.423959	74.621223	-44.261851	-165.610937
00756	7.919655	5.493808	5.472803	-0.918441	-1.076582	2.425336	74.321574	-45.765458	-165.924250
00757	7.902836	5.297252	5.442189	-1.437142	-1.289917	2.440683	73.846814	-47.318806	-166.398516
00758	8.480950	4.738204	5.343693	-1.563944	-1.356765	2.434739	73.346860	-48.876119	-166.924053
00759	9.092677	4.435053	5.369179	-1.492842	-1.290057	2.423867	72.851386	-50.425743	-167.390762
00760	9.559176	4.150684	5.300127	-1.540566	-1.240795	2.434750	72.296695	-51.969177	-167.805257
00761	9.782928	3.635894	5.015428	-1.571764	-1.161208	2.463364	71.655641	-53.523279	-168.126310
00762	9.731033	3.232169	4.768142	-1.402050	-1.020671	2.458451	70.999534	-55.044479	-168.301513
00763	9.509826	3.649730	4.713789	-1.214945	-0.933013	2.449777	70.363356	-56.552208	-168.369429
00764	9.621924	3.880935	4.629531	-1.238416	-0.955809	2.446787	69.713882	-58.056357	-168.434937
00765	9.986917	3.462303	4.310681	-1.201333	-0.911462	2.431795	69.021718	-59.550690	-168.426200
00766	10.051573	3.195262	4.019579	-1.021131	-0.793679	2.403321	68.304663	-60.998263	-168.268508
00767	9.887458	3.009493	3.740414	-0.896303	-0.734984	2.385625	67.560659	-62.429646	-168.002804
00768	9.855049	2.788862	3.478858	-0.765117	-0.735617	2.380701	66.849520	-63.849931	-167.691511
00769	9.931382	2.826823	3.407745	-0.623768	-0.769130	2.395115	66.189390	-65.290664	-167.352464
00770	10.181749	2.960502	3.445972	-0.547411	-0.819854	2.444439	65.555714	-66.760354	-166.996799
00771	10.363596	3.202028	3.562961	-0.458710	-0.833176	2.502506	64.883425	-68.268713	-166.549915
00772	10.587296	3.389490	3.845989	-0.436877	-0.848460	2.543376	64.145130	-69.792797	-166.022038
00773	10.728192	3.270319	3.927627	-0.444582	-0.783799	2.519156	63.211016	-71.291968	-165.297855
00774	10.861512	3.729269	4.178234	-0.402370	-0.642879	2.472678	61.982564	-72.718747	-164.243470
00775	10.967105	4.167989	4.400325	-0.516404	-0.581361	2.418251	60.415098	-74.099421	-162.913080
00776	11.285975	4.161879	4.561969	-0.682324	-0.533483	2.400366	58.423272	-75.438471	-161.248886
00777	11.765518	4.254719	4.728124	-0.811733	-0.500438	2.472352	55.804735	-76.789266	-159.027134
00778	12.007328	4.178340	4.646916	-0.970193	-0.471752	2.583734	52.326883	-78.146314	-156.029005
00779	11.899498	4.170628	4.476131	-1.068795	-0.442021	2.666148	47.706163	-79.484662	-151.939745
00780	11.667061	4.315213	4.302556	-1.164277	-0.412902	2.682798	41.729124	-80.734919	-146.545096
00781	11.607835	4.402440	4.069336	-1.246059	-0.365450	2.637469	34.032302	-81.832765	-139.477425
00782	11.619951	4.622959	3.838071	-1.273747	-0.323458	2.576398	24.469111	-82.717560	-130.558734
00783	11.758309	4.628139	3.622404	-1.366318	-0.287297	2.523520	12.849365	-83.339015	-119.637893
00784	11.360589	4.263060	3.355149	-1.402362	-0.255878	2.498160	-0.301521	-83.642042	-107.206068
00785	10.868758	4.481656	3.209679	-1.326242	-0.255163	2.454220	-13.786643	-83.611738	-94.398326
00786	10.387756	4.743079	3.149706	-1.346134	-0.323553	2.361926	-26.225790	-83.320666	-82.649759
00787	9.882674	4.960584	3.186041	-1.438351	-0.385803	2.223677	-36.976284	-82.834951	-72.646710
00788	9.734041	5.422802	3.509281	-1.492225	-0.397688	2.055141	-45.717616	-82.226142	-64.688191
00789	9.435106	5.643478	3.880735	-1.669230	-0.406922	1.913326	-52.929819	-81.540829	-58.364840
00790	9.337112	5.581641	4.071347	-1.955935	-0.400677	1.799859	-58.986640	-80.813817	-53.364736
00791	9.012542	5.521681	3.892178	-2.156797	-0.338435	1.668098	-63.936486	-80.062062	-49.593670
00792	8.572151	5.805941	3.464894	-2.252228	-0.259449	1.524147	-67.922375	-79.324981	-46.849033
00793	8.044083	6.130671	2.839877	-2.330763	-0.216427	1.393471	-71.268596	-78.616223	-44.795406
00794	7.355355	6.563998	2.280401	-2.409570	-0.231740	1.235876	-74.264967	-77.979119	-43.140270
00795	6.457587	6.891222	1.886522	-2.485120	-0.309284	1.047833	-77.141240	-77.438494	-41.648516
00796	5.864067	7.090504	1.812468	-2.652382	-0.437122	0.801579	-80.135561	-77.037557	-40.131452
00797	5.966628	6.618443	1.508172	-2.948319	-0.571362	0.503535	-83.379179	-76.797520	-38.530173
00798	6.796482	5.215231	1.198569	-3.083843	-0.561805	0.191122	-86.540677	-76.716830	-37.092370
00799	7.844965	3.388726	0.733983	-2.959743	-0.406808	-0.039031	-89.201915	-76.747492	-36.094817
00800	8.937395	1.134398	0.149704	-2.569919	-0.223017	-0.104956	-91.210377	-76.807362	-35.539086
00801	10.137569	-1.213607	-0.371138	-1.813124	0.026661	-0.086270	-92.171054	-76.857494	-35.613679
00802	18.923966	4.864326	3.047146	-1.671229	0.565736	-0.705841	-91.769823	-77.273067	-37.002701
00803	3.954616	-3.434892	-2.877315	0.053317	3.113677	-1.378341	-83.431047	-77.989957	-45.501748
00804	8.835516	-0.400281	-0.173178	0.631486	0.914861	-1.275918	-80.043538	-78.638381	-48.586299
00805	11.295273	0.521117	0.183326	-2.225469	0.914339	-0.865197	-78.216864	-79.026592	-51.742315
00806	7.223329	-5.211798	-3.202741	-2.110253	0.662176	-0.884672	-76.893340	-79.439896	-54.315207
00807	9.043498	-4.878718	-2.729082	0.094369	1.197248	-1.231453	-72.147504	-79.936904	-59.078374
00808	8.606032	-2.889469	-2.904797	0.723035	1.241087	-1.275179	-66.399820	-80.368930	-64.486303
00809	9.114008	-1.984928	-1.964235	0.300742	0.660016	-1.212199	-62.332673	-80.830869	-68.428751
00810	10.279164	-1.527623	0.045830	0.108725	0.570982	-1.229693	-58.234689	-81.280621	-72.508990
00811	10.734377	-1.147809	1.461069	0.582861	0.885597	-1.272455	-52.353949	-81.590251	-78.112966
00812	9.919891	0.253156	3.051614	0.676567	0.926999	-1.186428	-46.171927	-81.758504	-83.963895
00813	9.133143	0.503938	3.519373	0.241678	0.645910	-1.112603	-41.011504	-81.928562	-89.031866
00814	8.725724	-0.012576	3.416015	0.041233	0.468690	-1.137485	-36.143335	-82.124639	-93.918596
00815	8.854309	-0.134688	2.838115	0.061161	0.294476	-1.168695	-31.313850	-82.354217	-98.752059
00816	9.486297	0.003260	2.161284	-0.030007	0.117972	-1.190963	-26.542130	-82.624691	-103.577315
00817	11.343168	0.135426	1.405576	-0.125573	-0.107644	-1.194876	-21.856680	-82.959333	-108.367341
00818	11.577287	-0.052583	0.537551	-0.038185	0.104108	-1.143326	-16.641452	-83.118383	-113.638251
00819	11.477180	0.193018	0.141216	0.104603	0.135290	-1.022360	-11.677659	-83.183850	-118.572148
00820	11.714121	0.380398	0.385843	0.009112	0.147575	-0.888287	-7.347278	-83.183735	-122.923040
00821	11.119337	0.348595	0.996036	0.097052	0.303513	-0.777452	-3.469097	-83.049785	-126.768204
00822	10.421286	0.465061	1.383047	0.117948	0.331585	-0.714676	-0.032686	-82.871451	-130.157573
00823	10.079537	0.282380	1.378776	0.045886	0.292703	-0.665720	2.980313	-82.691128	-133.163002
00824	10.192582	0.459098	1.465811	0.079922	0.300360	-0.622973	5.669725	-82.491663	-135.823830
00825	9.733360	0.261606	1.355428	0.058432	0.273957	-0.590108	8.083798	-82.292438	-138.220440
00826	9.704463	0.233886	1.356163	0.071790	0.226698	-0.569428	10.330280	-82.111089	-140.441327
00827	9.745744	0.408067	1.536517	0.113435	0.198277	-0.552047	12.454187	-81.934330	-142.515248
00828	9.712857	0.479413	1.597449	0.105051	0.157040	-0.543498	14.488525	-81.773362	-144.504469
00829	9.854304	0.650184	1.753763	0.082904	0.105513	-0.514687	16.380088	-81.633668	-146.362938
00830	9.918290	0.676363	1.530555	0.062119	0.075977	-0.483422	18.118286	-81.509052	-148.079084
00831	10.021850	0.409056	1.110627	0.068518	0.067241	-0.452555	19.709525	-81.385595	-149.643431
00832	9.955344	0.280983	1.046311	0.102575	0.118830	-0.425139	21.110929	-81.235936	-150.996601
00833	9.574810	0.252323	1.099994	0.160932	0.161595	-0.433382	22.465636	-81.054903	-152.269256
00834	9.342572	0.360968	1.337894	0.169267	0.168204	-0.470131	23.884223	-80.859403	-153.602434
00835	9.124687	0.353898	1.437807	0.158959	0.170666	-0.543108	25.462824	-80.637802	-155.104505
00836	8.751993	0.095441	1.280318	0.158259	0.151486	-0.642204	27.299752	-80.395647	-156.869884
00837	8.617714	0.172191	1.351392	0.189017	0.143850	-0.766972	29.432293	-80.111535	-158.918731
00838	8.489199	0.233323	1.461597	0.236050	0.123747	-0.906565	31.887805	-79.784747	-161.270076
00839	8.701696	0.570892	1.473599	0.251495	0.080730	-1.034833	34.595838	-79.418284	-163.871809
00840	9.511945	1.317549	1.824344	0.292312	0.051738	-1.066778	37.276043	-79.034651	-166.424504
00841	10.310365	2.328829	2.290079	0.259914	-0.016520	-0.977126	39.679941	-78.691061	-168.717785
00842	9.659013	2.120359	2.237938	0.148180	-0.097846	-0.883967	41.841964	-78.402005	-170.832000
00843	10.379992	2.027135	1.998975	0.054223	-0.270473	-0.774055	43.950731	-78.210986	-172.948778
00844	11.170572	2.620794	2.243213	-0.026611	-0.228100	-0.619596	45.575607	-78.053019	-174.619618
00845	10.569137	1.868838	1.387356	0.017437	-0.232510	-0.439774	46.856800	-77.960616	-175.914252
00846	10.326856	1.921301	1.308415	0.051406	-0.155817	-0.288138	47.719308	-77.899129	-176.761034
00847	9.262868	1.954437	2.039529	0.088383	-0.184299	-0.233685	48.550045	-77.867272	-177.553975
00848	9.447234	1.656516	1.406180	0.064047	-0.350480	-0.182812	49.616474	-77.918925	-178.602025
00849	9.771405	1.779123	1.363979	0.015479	-0.376951	-0.136054	50.633594	-77.994948	-179.628047
00850	9.845075	1.763227	1.209708	0.072840	-0.308912	-0.106038	51.506943	-78.058202	179.526946
00851	9.631661	1.694196	1.209220	0.084192	-0.296716	-0.092308	52.340923	-78.118837	178.728825
00852	9.913990	1.973082	1.132589	0.038498	-0.270852	-0.051722	53.039298	-78.188644	178.042891
00853	9.568222	1.758761	1.202649	-0.068700	-0.260148	-0.051325	53.653954	-78.251491	177.379711
00854	9.648241	1.626051	1.136875	-0.090502	-0.270072	-0.034050	54.263189	-78.326089	176.709667
00855	9.696320	1.601561	1.057626	-0.042924	-0.230896	-0.027106	54.801349	-78.387697	176.139994
00856	9.681267	1.616866	1.049058	-0.021216	-0.202457	-0.027618	55.299205	-78.440516	175.624470
00857	9.614931	1.464310	0.954492	-0.050979	-0.179996	-0.035535	55.738697	-78.479660	175.150999
00858	9.648297	1.565909	1.078002	-0.038101	-0.142492	-0.047949	56.126544	-78.501983	174.738010
00859	9.491890	1.581567	1.081817	-0.020809	-0.131288	-0.063927	56.518064	-78.510808	174.331206
00860	9.554831	1.666071	1.072212	-0.048698	-0.137982	-0.062697	56.914450	-78.523520	173.903346
00861	9.481097	1.563724	1.071777	-0.093258	-0.148674	-0.069072	57.314941	-78.534162	173.445060
00862	9.458664	1.629720	1.159199	-0.084669	-0.162389	-0.073587	57.767205	-78.547887	172.939194
00863	9.567285	1.564626	0.928719	-0.062286	-0.146508	-0.063366	58.173361	-78.559285	172.493267
00864	9.527157	1.619182	1.102204	-0.032353	-0.138940	-0.069410	58.594764	-78.566525	172.049508
00865	9.511292	1.603352	0.992760	-0.031482	-0.135507	-0.065858	58.996944	-78.572172	171.625664
00866	9.567535	1.647469	1.017989	-0.045055	-0.132772	-0.077421	59.408512	-78.572402	171.184529
00867	9.454642	1.526128	0.986747	-0.060130	-0.134904	-0.099250	59.840880	-78.560162	170.713129
00868	9.532691	1.544391	0.929404	-0.081049	-0.129478	-0.143329	60.315516	-78.525386	170.186554
00869	9.570409	1.580179	0.951749	-0.086858	-0.091876	-0.181647	60.737141	-78.458471	169.710358
00870	9.803759	1.704780	0.770544	-0.092696	-0.059880	-0.204516	61.109812	-78.372136	169.280818
00871	9.811733	1.782891	0.771520	-0.083246	-0.020786	-0.206420	61.382734	-78.272021	168.958283
00872	9.667871	1.889900	0.925113	-0.101549	0.019305	-0.183214	61.520307	-78.173934	168.763417
00873	9.676069	1.788355	0.824472	-0.104308	0.030630	-0.172079	61.605490	-78.076742	168.620162
00874	9.571207	1.858609	1.068859	-0.079276	0.051699	-0.160100	61.644538	-77.981367	168.538919
00875	9.579288	1.868424	0.950498	-0.070144	0.034327	-0.157323	61.718632	-77.890557	168.426915
00876	9.598491	1.886442	0.980938	-0.070108	0.031391	-0.139755	61.782743	-77.810921	168.325353
00877	9.557055	1.847943	0.935486	-0.074889	0.033569	-0.130390	61.819889	-77.733866	168.248302
00878	9.608771	1.985510	1.031918	-0.060507	0.029201	-0.116982	61.864498	-77.666292	168.172273
00879	9.540535	1.898012	0.993756	-0.065383	0.012702	-0.097746	61.913659	-77.611340	168.088458
00880	9.527434	1.905904	1.028177	-0.053929	0.001271	-0.082974	61.983323	-77.568458	167.990600
00881	9.475397	1.920339	1.048079	-0.037763	-0.001490	-0.068978	62.044673	-77.531836	167.910479
00882	9.513086	1.972039	1.006510	-0.040250	-0.023084	-0.046461	62.132642	-77.513921	167.801875
00883	9.580710	1.925946	0.955217	-0.043845	-0.026140	-0.027605	62.196238	-77.504803	167.715871
00884	9.559330	1.839772	0.964217	-0.031380	-0.018150	-0.023635	62.250129	-77.497087	167.647369
00885	9.580765	1.875698	1.007659	-0.028358	-0.011239	-0.027508	62.288256	-77.484019	167.596537
00886	9.575029	1.861554	0.969078	-0.028755	-0.002323	-0.033191	62.318774	-77.467220	167.553512
00887	9.568609	1.877115	0.949686	-0.024811	0.007960	-0.035914	62.325027	-77.444774	167.537408
00888	9.550743	1.892527	0.964205	-0.025290	0.025075	-0.035071	62.297265	-77.419726	167.556120
00889	9.444206	1.839172	1.021302	-0.031640	0.022647	-0.033423	62.263336	-77.394641	167.577177
00890	9.458860	1.917035	1.066288	-0.026926	0.017818	-0.022613	62.236418	-77.377841	167.594068
00891	9.493579	1.835745	1.006436	-0.018464	0.010309	-0.017689	62.219357	-77.364023	167.605577
00892	9.453752	1.845243	0.994632	-0.014415	0.020369	-0.022972	62.194370	-77.346356	167.627837
00893	9.485494	1.910511	1.027105	-0.009044	0.024878	-0.021427	62.154394	-77.326756	167.668365
00894	9.502528	1.870889	0.998781	-0.010945	0.023596	-0.019379	62.120015	-77.310040	167.702293
00895	9.557546	1.907271	0.947964	-0.005575	0.028106	-0.017831	62.070745	-77.291386	167.754391
00896	9.545485	1.908838	0.983914	0.002052	0.041169	-0.022083	62.007865	-77.268567	167.825178
00897	9.543977	1.939742	1.007489	-0.003019	0.068039	-0.012939	61.865435	-77.241599	167.974302
00898	9.465234	1.901816	1.040585	-0.014833	0.050620	-0.016427	61.765736	-77.219019	168.072934
00899	9.485990	1.936667	1.089727	-0.017092	0.042058	-0.010636	61.671247	-77.200144	168.164659
00900	9.464612	1.874446	1.030560	-0.023733	0.026897	-0.009599	61.611481	-77.187396	168.217124
00901	9.531235	1.885199	1.020365	-0.018148	0.022989	-0.017147	61.566824	-77.170394	168.257134
00902	9.513554	1.898860	1.035210	-0.021724	0.019973	-0.018190	61.534022	-77.155189	168.283131
00903	9.559223	1.847791	0.962302	-0.031458	0.030243	-0.032176	61.483970	-77.128632	168.320858
00904	9.540191	1.867024	1.070491	-0.014380	0.055124	-0.042328	61.407190	-77.091643	168.396292
00905	9.517430	1.863196	0.958795	-0.029748	0.056077	-0.054545	61.328797	-77.046739	168.464112
00906	9.485403	1.913170	1.119794	-0.015730	0.068799	-0.062631	61.246640	-76.995737	168.544298
00907	9.462212	1.885308	1.081551	-0.023861	0.056870	-0.065512	61.184029	-76.945078	168.599408
00908	9.488181	1.909042	1.061041	-0.036795	0.057891	-0.072730	61.126517	-76.891981	168.641933
00909	9.518815	1.949947	1.079502	-0.017857	0.065375	-0.075094	61.061358	-76.834143	168.703214
00910	9.477467	1.964128	1.072206	-0.027937	0.062831	-0.069800	60.995751	-76.781123	168.759287
00911	9.464710	1.940789	1.093212	-0.037465	0.069792	-0.071244	60.906563	-76.723955	168.833740
00912	9.457453	1.905131	1.135329	-0.020964	0.085109	-0.074683	60.804741	-76.662237	168.931159
00913	9.454431	1.966709	1.089206	-0.028209	0.079240	-0.074265	60.706038	-76.600864	169.020878
00914	9.521151	1.925999	1.048442	-0.039691	0.087827	-0.088928	60.606378	-76.531190	169.105095
00915	9.522688	1.951625	1.097654	-0.037947	0.118682	-0.109658	60.463724	-76.440979	169.234332
00916	9.450814	1.980601	1.140990	-0.037433	0.130742	-0.114350	60.309208	-76.346400	169.376379
00917	9.478347	2.054213	1.184387	-0.043300	0.116587	-0.109304	60.171031	-76.256817	169.497951
00918	9.458729	2.046496	1.189251	-0.041388	0.099208	-0.101530	60.066832	-76.177453	169.585962
00919	9.476026	2.011347	1.078551	-0.039098	0.123187	-0.102126	59.912553	-76.089414	169.726686
00920	9.514598	2.059084	1.162870	-0.052110	0.129424	-0.105190	59.748930	-75.999432	169.869665
00921	9.509318	1.994530	1.101420	-0.056164	0.148567	-0.121301	59.560908	-75.894380	170.035207
00922	9.592341	2.050453	1.151124	-0.045558	0.173436	-0.127815	59.345551	-75.780193	170.235543
00923	9.443624	2.085275	1.281700	-0.068971	0.172665	-0.137239	59.127654	-75.659962	170.424506
00924	9.452335	2.069105	1.247894	-0.074508	0.157971	-0.137444	58.942916	-75.545249	170.576314
00925	9.473902	2.128480	1.256946	-0.063826	0.156468	-0.137938	58.765623	-75.429172	170.726577
00926	9.516515	2.118406	1.216486	-0.083123	0.149661	-0.143160	58.603171	-75.313907	170.850409
00927	9.515252	2.147338	1.271655	-0.083053	0.157059	-0.142002	58.423449	-75.195455	170.991950
00928	9.493633	2.197821	1.228851	-0.080759	0.178040	-0.144956	58.217035	-75.070578	171.162804
00929	9.404881	2.254918	1.328488	-0.112718	0.181014	-0.129517	57.968316	-74.950692	171.358339
00930	9.398885	2.164561	1.343680	-0.139034	0.162447	-0.123917	57.739266	-74.840422	171.518245
00931	9.411759	2.162940	1.350425	-0.116647	0.178118	-0.123309	57.493119	-74.724013	171.708993
00932	9.402463	2.230176	1.407028	-0.115686	0.172942	-0.111371	57.250601	-74.616208	171.896907
00933	9.303207	2.096367	1.567951	-0.118820	0.155410	-0.093677	57.015676	-74.520707	172.074916
00934	9.333625	2.092039	1.447852	-0.089663	0.124957	-0.109974	56.874738	-74.428202	172.173055
00935	9.276688	2.124658	1.607613	-0.060461	0.109168	-0.111096	56.776038	-74.338601	172.244491
00936	9.334308	2.214639	1.533762	-0.043200	0.079226	-0.108510	56.740228	-74.261076	172.261164
00937	9.333332	2.195019	1.522391	-0.037627	0.062546	-0.101581	56.724271	-74.190652	172.260263
00938	9.324939	2.216446	1.508455	-0.051245	0.049166	-0.098981	56.724352	-74.127139	172.234848
00939	9.386506	2.221602	1.463912	-0.037854	0.024956	-0.103300	56.773284	-74.067703	172.166336
00940	9.509834	2.252798	1.389116	-0.028385	0.049200	-0.108613	56.796536	-73.999555	172.130428
00941	9.398326	2.230276	1.461815	-0.064256	0.048550	-0.128650	56.817878	-73.920560	172.074834
00942	9.394701	2.241956	1.467240	-0.024854	0.045713	-0.133831	56.875683	-73.841396	172.005037
00943	9.331151	2.345094	1.546319	-0.025750	0.057445	-0.132364	56.907452	-73.757826	171.961514
00944	9.351134	2.287677	1.501521	-0.058647	0.029227	-0.121478	56.958690	-73.689719	171.878332
00945	9.421155	2.198620	1.511218	-0.056519	0.030751	-0.138661	57.022362	-73.611435	171.783152
00946	9.398437	2.278714	1.473809	-0.015646	0.035525	-0.151287	57.118105	-73.526974	171.679192
00947	9.486529	2.354573	1.462496	-0.009269	0.051003	-0.164811	57.201586	-73.429749	171.591499
00948	9.350189	2.359602	1.525908	-0.034511	0.043543	-0.171877	57.292892	-73.332792	171.480788
00949	9.353852	2.333933	1.531793	-0.036810	0.040694	-0.176809	57.387469	-73.232899	171.364940
00950	9.263873	2.347269	1.557412	-0.023761	0.032209	-0.173206	57.501990	-73.138685	171.236298
00951	9.343461	2.421641	1.486002	-0.005280	0.030579	-0.170884	57.622125	-73.044646	171.112496
00952	9.274243	2.439176	1.538049	-0.018348	0.035775	-0.161835	57.720057	-72.954698	171.004317
00953	9.275547	2.440247	1.561440	-0.032048	0.021975	-0.144181	57.809522	-72.876106	170.896438
00954	9.332359	2.407911	1.548292	-0.041674	0.011021	-0.145749	57.915101	-72.801403	170.766174
00955	9.382241	2.444936	1.461427	-0.013777	0.016234	-0.150966	58.028772	-72.721152	170.643817
00956	9.315578	2.476684	1.551837	-0.000406	0.037150	-0.152302	58.121505	-72.635204	170.551665
00957	9.345828	2.454025	1.492183	-0.013567	0.028660	-0.165816	58.228212	-72.543852	170.436616
00958	9.187675	2.495452	1.585082	-0.000988	0.053063	-0.157059	58.298705	-72.450700	170.367342
00959	9.350073	2.546375	1.565880	-0.008288	0.037935	-0.165140	58.391458	-72.356794	170.269983
00960	9.220793	2.491168	1.589214	0.003902	0.036284	-0.161694	58.493146	-72.266346	170.170837
00961	9.207250	2.464298	1.715665	0.027273	0.020764	-0.164127	58.629400	-72.177960	170.049090
00962	9.332531	2.275236	1.547346	0.077034	-0.039272	-0.194335	58.915320	-72.093791	169.800305
00963	9.433304	2.450808	1.520181	0.200289	0.001878	-0.232265	59.237412	-71.977168	169.587265
00964	9.314152	2.453797	1.559879	0.292384	-0.009592	-0.274230	59.666887	-71.844032	169.316945
00965	9.205196	2.508098	1.622130	0.307751	-0.042633	-0.319061	60.184799	-71.696217	168.962228
00966	9.225336	2.564229	1.582821	0.371553	-0.081269	-0.344681	60.815349	-71.546659	168.527375
00967	9.206895	2.556640	1.538618	0.435485	-0.098478	-0.374651	61.520271	-71.384009	168.051961
00968	9.240776	2.726251	1.521508	0.498397	-0.118965	-0.400990	62.305995	-71.212820	167.529190
00969	9.116649	2.704208	1.575554	0.524982	-0.164884	-0.432903	63.183796	-71.033830	166.924285
00970	9.255252	2.828720	1.456654	0.524427	-0.222646	-0.441073	64.142963	-70.863373	166.232706
00971	9.179540	2.886932	1.357421	0.547743	-0.238987	-0.470941	65.141923	-70.676486	165.511985
00972	9.313371	2.974047	1.264499	0.568189	-0.262155	-0.504611	66.196337	-70.474386	164.744425
00973	9.170978	3.013090	1.282454	0.548651	-0.289655	-0.538527	67.278739	-70.254835	163.933846
00974	9.255310	3.143902	1.073416	0.541071	-0.332240	-0.563445	68.416867	-70.027095	163.058681
00975	9.253189	3.245524	0.958275	0.467707	-0.346097	-0.602481	69.528344	-69.774485	162.165370
00976	9.260448	3.307941	0.847452	0.456974	-0.324371	-0.617602	70.589103	-69.504738	161.318527
00977	9.066862	3.404335	0.793272	0.470769	-0.323544	-0.616954	71.627973	-69.228835	160.501575
00978	9.427891	3.463267	1.107656	0.359952	-0.347737	-0.613975	72.616215	-68.954742	159.669798
00979	9.258700	3.276571	1.131436	0.191782	-0.399197	-0.635805	73.563545	-68.671315	158.776555
00980	9.423201	3.303978	1.206039	0.309513	-0.377768	-0.652085	74.533719	-68.371132	157.929922
00981	9.292803	3.269208	1.263258	0.334747	-0.403528	-0.683942	75.536898	-68.050933	157.061012
00982	9.398895	3.405629	0.855118	0.410961	-0.417443	-0.720731	76.591142	-67.707332	156.182570
00983	9.044653	3.625715	0.853112	0.470414	-0.438753	-0.789766	77.695515	-67.320904	155.283921
00984	8.929671	3.854895	1.273134	0.416599	-0.576849	-0.808075	78.926862	-66.934089	154.211988
00985	8.692577	3.808798	0.910518	0.384186	-0.704097	-0.817568	80.266356	-66.545062	152.998463
00986	8.853081	3.807669	1.323736	0.339086	-0.820454	-0.802211	81.688777	-66.164481	151.663237
00987	9.181145	3.847111	1.071854	0.354158	-0.875577	-0.791667	83.140858	-65.780023	150.300412
00988	8.880187	3.777824	0.658390	0.421961	-0.833386	-0.774092	84.536464	-65.390002	149.038759
00989	8.796108	3.945657	0.548174	0.595032	-0.838013	-0.770351	85.990649	-64.988869	147.817115
00990	9.097534	4.296010	0.364560	0.539146	-0.880212	-0.768617	87.425615	-64.577904	146.577983
00991	9.042954	4.320253	-0.067544	0.431471	-0.934994	-0.784167	88.818513	-64.145616	145.311988
00992	9.121593	4.369380	-0.264041	0.407187	-0.913977	-0.819301	90.133341	-63.680775	144.113367
00993	8.823386	4.373682	-0.644480	0.450358	-0.900408	-0.853690	91.409436	-63.184079	142.979950
00994	8.848457	4.715272	-0.727474	0.362963	-0.936567	-0.884721	92.634647	-62.658365	141.843094
00995	8.848220	4.783312	-0.974032	0.175197	-1.011596	-0.910689	93.785271	-62.104360	140.662683
00996	8.681091	4.753039	-1.289844	0.077924	-1.044676	-0.933623	94.871754	-61.525627	139.486384
00997	8.704436	4.918198	-1.277616	-0.042783	-1.092176	-0.946013	95.889659	-60.926792	138.302112
00998	8.752413	5.087485	-1.399020	-0.198095	-1.136014	-0.963976	96.819835	-60.305698	137.110102
00999	8.537412	4.950879	-1.516016	-0.337217	-1.194880	-0.958568	97.683348	-59.673983	135.894868
01000	8.497706	5.184316	-1.559717	-0.388218	-1.231533	-0.957993	98.512933	-59.031065	134.677876
01001	8.512342	5.236245	-1.682444	-0.544407	-1.316187	-0.957763	99.288158	-58.371806	133.410784
01002	8.725268	5.491987	-1.174919	-0.706924	-1.353338	-0.964056	99.963775	-57.697479	132.142890
01003	8.321193	5.098471	-1.627357	-0.724776	-1.351992	-0.962890	100.586403	-57.016066	130.915613
01004	8.101784	5.219828	-1.615871	-0.683367	-1.369234	-0.953901	101.212925	-56.330979	129.703184
01005	7.945589	5.537414	-1.760067	-0.714626	-1.460233	-0.953797	101.857955	-55.627888	128.436380
01006	7.991504	5.721818	-2.292310	-0.730086	-1.591769	-0.959898	102.561168	-54.897417	127.077730
01007	7.911740	6.066397	-2.016535	-0.712038	-1.684559	-0.963459	103.302029	-54.143052	125.672559
01008	7.744441	5.871896	-2.411670	-0.863754	-1.901577	-0.943134	104.080292	-53.360109	124.100101
01009	7.912444	6.046145	-2.271189	-0.915801	-2.078594	-0.949425	104.905187	-52.534998	122.414848
01010	7.915476	6.011813	-2.548183	-1.093389	-2.272942	-0.943641	105.712897	-51.669631	120.603781
01011	7.705546	5.919978	-2.998956	-1.079372	-2.439735	-0.962381	106.577328	-50.750858	118.707365
01012	7.642477	6.240750	-3.177080	-1.104112	-2.673939	-0.985167	107.511352	-49.762070	116.676504
01013	7.526913	6.280112	-3.240628	-1.283576	-2.980966	-0.976502	108.463090	-48.702031	114.455192
01014	7.418314	6.331766	-3.703483	-1.460237	-3.370790	-0.979800	109.464397	-47.543380	111.993611
01015	7.793969	6.651053	-3.616117	-1.558791	-3.664843	-1.004089	110.475118	-46.284972	109.393646
01016	7.700733	6.515319	-4.277824	-1.684112	-3.963443	-1.008941	111.469124	-44.932232	106.659507
01017	7.499511	6.847591	-4.381489	-1.610756	-4.163641	-1.071141	112.478637	-43.469831	103.895180
01018	7.553726	6.906592	-4.435636	-1.825430	-4.507610	-1.084200	113.407038	-41.890782	100.990542
01019	6.739654	6.806195	-5.558353	-1.929061	-4.833362	-1.061541	114.298036	-40.213926	97.959089
01020	8.462788	8.049345	-5.800963	-1.752216	-5.187365	-1.071055	115.297222	-38.409949	94.805671
01021	8.173547	8.534341	-4.812399	-2.393495	-5.352193	-1.027684	115.857099	-36.554097	91.641107
01022	8.201270	7.078611	-5.453116	-2.675763	-5.662122	-1.051626	116.223912	-34.588170	88.383961
01023	7.166679	6.358746	-5.803391	-2.561276	-5.665030	-1.031676	116.519451	-32.616114	85.208483
01024	6.308985	6.493458	-6.154022	-2.178175	-5.769654	-1.054237	116.925646	-30.589770	82.061710
01025	7.039881	7.753372	-6.320946	-2.373722	-6.173939	-1.051417	117.199622	-28.443236	78.757309
01026	7.991895	8.253389	-5.213394	-3.035443	-6.468252	-1.038983	117.029719	-26.223846	75.350619
01027	8.704033	7.226057	-4.934046	-3.492147	-6.292728	-1.207661	116.397761	-23.984582	72.138142
01028	8.194393	6.900646	-5.514639	-3.122112	-5.540870	-1.441419	115.666065	-21.849086	69.435770
01029	10.145856	7.164464	-2.359536	-2.830635	-4.681296	-1.639991	114.821776	-19.855788	67.268969
01030	11.576212	5.596393	-0.046519	-3.635913	-4.223649	-1.309948	113.398685	-18.182269	65.257967
01031	17.025589	5.990356	2.127497	-5.114241	-3.873338	0.137851	111.143151	-17.416162	63.070265
01032	16.520610	1.270026	-1.217251	-4.225008	-2.463423	1.565245	109.245150	-17.770743	61.356872
01033	14.027847	3.446940	1.372877	-2.695208	-0.967940	2.440895	108.029304	-18.922996	60.332903
01034	10.636703	4.852214	1.194950	-2.886486	-0.561334	3.135674	106.682362	-20.541920	59.438415
01035	9.078988	5.479673	1.248536	-3.638300	-0.446596	3.482399	104.913737	-22.398073	58.590793
01036	8.241579	5.317366	1.095382	-3.682466	-0.093894	3.457099	103.037324	-24.307152	58.013913
01037	7.406059	5.357178	1.044381	-3.369224	0.423573	3.259657	101.184921	-26.190979	57.843750
01038	6.763858	5.511721	0.994394	-3.260014	0.741110	3.052349	99.266509	-27.987335	57.965393
01039	6.900976	5.342762	0.970843	-3.266293	0.904344	2.844592	97.246282	-29.682132	58.284463
01040	6.975958	4.710235	0.669637	-3.090571	1.174004	2.711305	95.185133	-31.299146	58.866284
01041	6.503699	4.222169	0.420268	-2.666171	1.466602	2.585038	93.204413	-32.845786	59.728568
01042	5.600866	4.120987	0.251847	-2.297995	1.572134	2.499434	91.332142	-34.312237	60.741896
01043	4.846866	4.207685	0.245510	-2.003313	1.443447	2.418148	89.616651	-35.712964	61.739101
01044	4.847549	4.330485	0.463912	-1.835250	1.149785	2.328102	88.064401	-37.033062	62.591696
01045	5.280516	4.346894	0.759573	-1.740486	0.839529	2.267814	86.653099	-38.317429	63.276224
01046	6.131157	4.430240	1.110283	-1.562866	0.668059	2.246983	85.380990	-39.574905	63.883265
01047	6.801623	4.555993	1.547467	-1.395397	0.610175	2.256047	84.190621	-40.839151	64.495099
01048	7.248492	4.789210	1.915424	-1.334230	0.572001	2.277925	83.013987	-42.099374	65.124960
01049	7.340268	4.733224	1.992814	-1.275852	0.671912	2.311052	81.770492	-43.369905	65.885808
01050	6.893725	4.828971	1.910784	-1.119007	0.793448	2.279464	80.505843	-44.590014	66.790788
01051	6.475602	4.921264	1.904073	-1.127244	0.744757	2.233322	79.211573	-45.783680	67.709777
01052	6.701223	4.460681	1.868128	-1.223630	0.590288	2.181012	77.906974	-46.941047	68.550487
01053	7.208438	3.939304	1.741254	-1.125966	0.530892	2.131259	76.644692	-48.074399	69.391936
01054	7.707931	3.716296	1.798231	-0.973133	0.482278	2.128293	75.452767	-49.190850	70.243777
01055	8.257195	3.492425	1.930137	-0.909433	0.389237	2.172247	74.292800	-50.343523	71.084747
01056	8.447163	3.106724	1.912207	-0.739922	0.365440	2.228424	73.184901	-51.510203	71.972099
01057	8.516773	3.228259	2.103713	-0.520625	0.357539	2.281243	72.133161	-52.706457	72.930535
01058	8.547324	3.635360	2.232736	-0.396522	0.315473	2.310542	71.119731	-53.905413	73.917233
01059	8.704345	4.002834	2.355568	-0.356595	0.262156	2.314875	70.096191	-55.116452	74.926750
01060	8.844394	4.250310	2.389621	-0.312304	0.251914	2.283600	69.053295	-56.291780	75.978499
01061	9.118659	4.417372	2.384042	-0.314747	0.226253	2.249110	67.960316	-57.453132	77.071396
01062	9.425753	4.240898	2.247926	-0.338532	0.209156	2.222548	66.808750	-58.582089	78.206173
01063	9.544670	4.054908	2.040077	-0.319483	0.208707	2.208576	65.581937	-59.701309	79.424984
01064	9.351917	4.002653	1.893395	-0.313558	0.167449	2.214663	64.313543	-60.809728	80.684606
01065	9.335430	3.999639	1.775509	-0.344318	0.034841	2.216261	63.044157	-61.948631	81.908756
01066	9.764671	3.917878	1.810570	-0.381559	-0.115583	2.236289	61.801050	-63.114491	83.068965
01067	10.322132	3.726579	1.810736	-0.399378	-0.211556	2.267703	60.508606	-64.320459	84.257995
01068	10.723413	3.527344	1.838968	-0.380995	-0.232941	2.303960	59.121917	-65.528107	85.553392
01069	10.540485	3.475452	1.695836	-0.265688	-0.191431	2.316121	57.596109	-66.724676	87.058255
01070	10.281258	3.579544	1.667333	-0.229760	-0.235045	2.313030	56.001273	-67.906804	88.649430
01071	10.362759	3.308505	1.520009	-0.223002	-0.290390	2.287730	54.304582	-69.086550	90.338508
01072	10.381549	3.156106	1.505515	-0.110366	-0.278906	2.237955	52.530331	-70.210894	92.168655
01073	10.290687	3.169592	1.539138	-0.060377	-0.298428	2.198146	50.618714	-71.312395	94.159531
01074	10.261083	3.390422	1.634003	-0.007619	-0.329080	2.146479	48.626274	-72.370879	96.256945
01075	10.408939	3.601973	1.772041	-0.030848	-0.368957	2.096796	46.458641	-73.407913	98.509373
01076	10.723501	3.529061	1.908353	-0.051552	-0.348262	2.036413	44.079524	-74.376706	100.960042
01077	10.955060	3.541023	2.024438	-0.048989	-0.272873	1.980226	41.341914	-75.268367	103.770493
01078	10.997045	3.537016	2.027560	-0.077280	-0.244547	1.966209	38.260831	-76.096657	106.909665
01079	10.869754	3.460911	1.997976	-0.112483	-0.246903	1.963344	34.749701	-76.885739	110.457455
01080	10.643287	3.515908	2.038112	-0.141158	-0.297467	1.937934	30.955507	-77.630823	114.269492
01081	10.755721	3.577468	2.156467	-0.202169	-0.372112	1.902873	26.796216	-78.348866	118.406566
01082	11.148324	3.571333	2.232301	-0.242526	-0.420425	1.894845	22.223192	-79.018067	122.933468
01083	11.417444	3.579110	2.368912	-0.302931	-0.423027	1.902197	16.991898	-79.615396	128.083641
01084	11.510774	3.470058	2.295514	-0.322011	-0.362498	1.912051	11.156766	-80.082949	133.828997
01085	11.505871	3.525320	2.283909	-0.356874	-0.304026	1.922469	4.694185	-80.408500	140.182253
01086	11.194948	3.217663	2.152336	-0.416280	-0.269797	1.930175	-2.126913	-80.587236	146.861253
01087	10.772835	2.954801	2.066090	-0.432634	-0.263027	1.899992	-9.063993	-80.629717	153.644815
01088	10.461486	2.934898	2.013479	-0.422951	-0.287440	1.854661	-15.782055	-80.561020	160.213630
01089	10.432403	3.044253	1.911287	-0.421947	-0.279137	1.795529	-22.168289	-80.374354	166.447795
01090	10.351132	3.192693	1.988349	-0.408932	-0.261528	1.737986	-28.003654	-80.086807	172.136185
01091	10.283109	3.135788	1.891664	-0.395993	-0.248120	1.686228	-33.332014	-79.711764	177.321824
01092	9.942615	3.297967	1.821973	-0.335565	-0.197006	1.621862	-37.940766	-79.261137	-178.181316
01093	9.281683	3.562195	1.690287	-0.303419	-0.174800	1.527032	-41.921194	-78.771545	-174.299640
01094	8.661294	3.847691	1.594610	-0.275674	-0.204557	1.390094	-45.313744	-78.306270	-170.994201
01095	8.389694	4.047139	1.569795	-0.305664	-0.263981	1.228673	-48.308668	-77.892014	-168.108184
01096	8.411757	4.032075	1.547970	-0.341320	-0.321171	1.059775	-50.946824	-77.548110	-165.603317
01097	8.479875	4.091592	1.679646	-0.340300	-0.322721	0.908954	-53.229992	-77.246921	-163.459072
01098	8.496085	4.027277	1.734655	-0.369763	-0.320390	0.788915	-55.239646	-76.987051	-161.609745
01099	8.445672	3.787184	1.703518	-0.401654	-0.284436	0.671125	-56.968989	-76.755563	-160.065587
01100	8.175901	3.649888	1.568681	-0.373930	-0.218220	0.549056	-58.329660	-76.556394	-158.882226
01101	7.676408	3.514582	1.408430	-0.372656	-0.212608	0.427659	-59.499685	-76.407027	-157.893579
01102	7.510349	3.275015	1.278630	-0.406968	-0.269640	0.308317	-60.639914	-76.330746	-156.955100
01103	7.721373	3.138975	1.304070	-0.430143	-0.315367	0.210079	-61.768930	-76.310659	-156.041746
01104	7.836350	2.880763	1.328005	-0.430206	-0.321618	0.129195	-62.818563	-76.330565	-155.210019
01105	7.818379	2.746417	1.321327	-0.400374	-0.297213	0.048295	-63.717312	-76.381570	-154.516082
01106	7.731004	2.629398	1.239823	-0.371578	-0.281159	-0.041697	-64.478604	-76.473225	-153.946798
01107	7.631083	2.411455	1.191644	-0.327621	-0.262258	-0.140897	-65.080119	-76.610128	-153.516064
01108	7.606747	2.317321	1.113023	-0.236017	-0.227766	-0.244570	-65.460092	-76.791811	-153.259445
01109	7.644516	2.260216	1.091720	-0.158660	-0.222712	-0.332661	-65.699361	-77.018626	-153.101795
01110	7.581833	2.178976	1.009273	-0.061032	-0.212803	-0.416407	-65.783072	-77.286055	-153.046681
01111	7.484298	2.253915	0.959667	0.063854	-0.206625	-0.509089	-65.678426	-77.601765	-153.111028
01112	15.723707	-3.612128	4.050568	-0.998517	-1.830696	-1.469652	-69.336484	-78.781316	-149.953485
01113	10.113336	-3.045116	0.548494	0.250748	1.395807	-1.856098	-63.141255	-79.434635	-156.110348
01114	4.643746	-8.807243	-2.320008	1.823434	0.538282	-2.472155	-56.553679	-80.505492	-161.733691
01115	8.770785	-6.916176	2.626008	-0.003689	-0.672235	-1.551393	-55.417450	-81.458073	-162.881010
01116	12.924611	-11.593058	-1.364445	0.072293	-1.148084	-1.419587	-55.967808	-82.500373	-162.278366
01117	10.566345	-0.042461	2.680002	2.383206	1.299796	-1.344981	-46.433664	-82.633609	-170.510908
01118	5.222433	1.563745	1.533686	1.930609	0.721782	-1.446868	-38.297047	-82.886634	-177.592653
01119	7.943900	3.810881	3.695380	0.461390	-0.575286	-1.542913	-33.586129	-83.671699	177.935261
01120	11.727145	0.407925	1.980847	-0.530555	-1.117271	-1.702460	-28.940600	-84.725456	172.965514
01121	13.523648	0.252301	3.026579	0.303462	-0.100501	-1.577673	-19.705813	-85.149992	163.874462
01122	9.658752	1.566854	2.835263	0.869820	0.512741	-1.570688	-8.132716	-85.080192	152.764639
01123	9.140073	1.652175	1.908927	0.041924	-0.177932	-1.484938	1.874296	-85.226647	142.751151
01124	12.895959	1.092837	0.591984	-0.430739	-0.650195	-1.414473	12.124015	-85.497896	132.225383
01125	13.550641	0.370936	-0.985965	-0.032561	0.093593	-1.362116	21.146118	-85.219554	123.160136
01126	11.321946	0.906609	-0.828797	0.313149	0.391156	-1.168484	27.237261	-84.739245	117.230752
01127	10.592223	0.566996	-0.200043	0.032119	0.255884	-1.037857	31.904960	-84.315540	112.565307
01128	10.717821	0.006426	0.088163	0.170349	0.327623	-1.009437	35.633135	-83.836934	108.920310
01129	10.718960	1.796921	1.598420	0.345206	0.607287	-1.013966	38.089503	-83.207746	106.652335
01130	9.128221	1.344675	1.801843	0.094004	0.573560	-1.026696	40.143326	-82.580748	104.641959
01131	9.265554	1.059132	1.583027	0.016132	0.387505	-1.048476	42.410181	-82.015113	102.368915
01132	9.618267	1.227052	1.408366	0.061189	0.325046	-1.055368	44.585407	-81.462928	100.211384
01133	9.628053	1.396043	1.444561	0.028102	0.244393	-1.047448	46.666941	-80.933505	98.126449
01134	9.578849	1.521036	1.502550	0.008174	0.184641	-1.035314	48.631775	-80.423035	96.145151
01135	9.740942	1.876596	1.688609	0.013593	0.080133	-0.989656	50.563632	-79.958923	94.197635
01136	9.609733	1.727231	1.591681	-0.045625	-0.046650	-0.922276	52.475454	-79.561135	92.233395
01137	10.247903	2.087382	1.608089	-0.019545	-0.194901	-0.839414	54.473140	-79.238499	90.194709
01138	11.526557	3.095162	1.691911	-0.206873	-0.194454	-0.672280	55.974393	-78.984971	88.550324
01139	11.150484	2.604676	1.045107	-0.268149	-0.214800	-0.441859	57.056631	-78.839011	87.295994
01140	10.378677	2.026193	0.728853	-0.324149	-0.164577	-0.269546	57.694233	-78.759137	86.461772
01141	10.038652	1.711960	0.781002	-0.226408	-0.098197	-0.204573	58.115485	-78.687006	85.905012
01142	9.627346	1.786850	1.152228	-0.148852	-0.033140	-0.173065	58.372400	-78.612056	85.561076
01143	9.357654	1.972915	1.354666	-0.148329	-0.090740	-0.145385	58.722098	-78.565414	85.122686
01144	9.587960	1.883025	1.144592	-0.193701	-0.175777	-0.112479	59.203710	-78.561501	84.523181
01145	9.866937	1.853710	0.871403	-0.165303	-0.175515	-0.092114	59.668971	-78.564432	83.956915
01146	9.876319	1.731992	0.773736	-0.136117	-0.071794	-0.074757	59.874808	-78.547521	83.672426
01147	9.534445	1.670785	0.991181	-0.089771	-0.046719	-0.064803	60.028696	-78.526054	83.467977
01148	9.436301	1.817520	1.183058	-0.104747	-0.044068	-0.067625	60.173201	-78.504443	83.264373
01149	9.461825	1.778402	1.070583	-0.127815	-0.092264	-0.064642	60.415095	-78.495728	82.947838
01150	9.652404	1.760510	0.909439	-0.133554	-0.090368	-0.051107	60.632538	-78.495111	82.652943
01151	9.649265	1.767388	0.946035	-0.098448	-0.065383	-0.048944	60.803091	-78.486236	82.426372
01152	9.538903	1.795743	0.960206	-0.096004	-0.066950	-0.042263	60.972107	-78.483145	82.202842
01153	9.525024	1.748683	0.972161	-0.109901	-0.073412	-0.041670	61.145537	-78.479871	81.966629
01154	9.531056	1.664073	0.960003	-0.108346	-0.062847	-0.040968	61.295398	-78.476039	81.755428
01155	9.532778	1.701806	0.953732	-0.096714	-0.057157	-0.049564	61.446573	-78.464082	81.549625
01156	9.595803	1.771729	0.949304	-0.059352	-0.058368	-0.052108	61.627890	-78.453182	81.334954
01157	9.572667	1.816262	1.012200	-0.044192	-0.036837	-0.049127	61.757644	-78.435699	81.181710
01158	9.576060	1.779585	0.927463	-0.090684	-0.045943	-0.036178	61.868543	-78.429275	81.020572
01159	9.540367	1.735259	0.968683	-0.085141	-0.029815	-0.044195	61.950371	-78.412267	80.892286
01160	9.445070	1.693642	1.006656	-0.064290	-0.021845	-0.031641	62.010574	-78.401557	80.798322
01161	9.481317	1.444701	0.878881	0.107009	-0.080274	-0.029620	62.307451	-78.405327	80.562882
01162	9.434475	2.155057	1.319571	0.153126	0.028440	-0.030753	62.366397	-78.381575	80.597368
01163	9.348404	1.930787	0.954656	-0.065224	-0.147110	-0.001645	62.694003	-78.416899	80.229807
01164	9.630532	1.688893	0.905522	-0.083363	-0.145978	-0.017402	63.033683	-78.445599	79.839427
01165	9.636664	1.793271	0.888237	0.028928	-0.086739	-0.011431	63.280153	-78.459483	79.609805
01166	9.618862	1.910128	0.786078	-0.006220	-0.082695	0.000778	63.484832	-78.480541	79.402369
01167	9.564190	1.783516	0.925430	-0.031114	-0.075121	-0.000148	63.654820	-78.496916	79.215721
01168	9.557537	1.798985	0.888780	-0.019894	-0.077867	0.002555	63.838575	-78.517400	79.021669
01169	9.666873	1.856121	0.786374	-0.021536	-0.054473	0.003764	63.957887	-78.530366	78.892352
01170	9.526204	1.747610	0.880320	-0.026997	-0.036505	0.006141	64.029032	-78.542138	78.809070
01171	9.482954	1.789360	0.971291	-0.019823	-0.029541	0.010480	64.078111	-78.552248	78.752426
01172	9.455274	1.769614	0.924886	-0.027510	-0.054015	0.010278	64.188792	-78.570489	78.628515
01173	9.519799	1.797358	0.878898	-0.026255	-0.068334	0.007261	64.337538	-78.588538	78.466434
01174	9.537839	1.761879	0.890371	-0.027694	-0.065390	0.009180	64.479451	-78.608909	78.310570
01175	9.507855	1.745262	0.883600	-0.021738	-0.071200	0.003875	64.643278	-78.625742	78.135765
01176	9.548540	1.779011	0.905493	-0.021732	-0.071214	0.003888	64.811125	-78.644624	77.956954
01177	9.594926	1.733722	0.760652	0.073053	-0.103145	-0.001202	65.119194	-78.666322	77.690447
01178	9.494316	1.814633	0.840856	-0.008418	-0.056918	-0.013139	65.279300	-78.672621	77.527331
01179	9.582885	1.831084	0.880197	-0.016108	-0.089128	-0.005968	65.506922	-78.688104	77.290789
01180	9.553133	1.778667	0.832744	-0.005924	-0.058485	-0.006509	65.665244	-78.698017	77.130964
01181	9.433847	1.822205	0.860149	-0.014734	-0.073881	-0.010002	65.859476	-78.707500	76.929290
01182	9.554332	1.743289	0.779367	-0.041038	-0.087496	-0.016599	66.086157	-78.718689	76.679252
01183	9.625717	1.758117	0.761107	-0.019121	-0.066193	-0.026381	66.277284	-78.717515	76.478190
01184	9.579153	1.813853	0.736948	-0.022964	-0.032073	-0.032122	66.386826	-78.707504	76.358162
01185	9.567335	1.800495	0.749634	-0.018357	-0.015379	-0.023137	66.440853	-78.696233	76.297343
01186	9.524191	1.844894	0.842965	-0.011176	-0.008395	-0.018847	66.479427	-78.687723	76.256566
01187	9.599688	1.816776	0.705321	-0.009891	-0.032818	-0.008410	66.567150	-78.688144	76.166329
01188	9.556870	1.860209	0.797050	-0.018053	-0.024640	-0.013735	66.638548	-78.685999	76.088059
01189	9.512982	1.795175	0.811123	-0.020238	-0.027016	-0.012138	66.709356	-78.683092	76.009025
01190	9.582619	1.738297	0.759597	-0.023331	-0.022385	-0.022874	66.782046	-78.675588	75.926351
01191	9.573815	1.830969	0.808993	-0.009207	-0.007312	-0.034989	66.832953	-78.656171	75.874054
01192	9.565528	1.849737	0.779050	-0.025349	-0.005678	-0.027485	66.865526	-78.642445	75.831110
01193	9.605481	1.849786	0.766579	-0.021888	-0.012308	-0.033292	66.920086	-78.625025	75.767668
01194	9.604967	1.852707	0.765962	-0.014577	-0.007565	-0.030438	66.966834	-78.610151	75.716555
01195	9.543170	1.823453	0.765057	-0.028969	0.000228	-0.025161	66.975255	-78.594188	75.696036
01196	9.540938	1.791922	0.767669	-0.041282	-0.001435	-0.041199	67.002414	-78.572259	75.649292
01197	9.632309	1.807121	0.730295	-0.035210	0.014241	-0.058851	67.007882	-78.535392	75.628133
01198	9.551344	1.889245	0.794992	-0.030105	0.024320	-0.061707	66.996880	-78.496879	75.626853
01199	9.537438	1.807669	0.774212	-0.053291	0.019034	-0.066026	66.987405	-78.455157	75.610367
01200	9.553220	1.816260	0.834355	-0.056359	0.021264	-0.070610	66.979034	-78.412634	75.591047
01201	9.516442	1.891381	0.802816	-0.040753	0.012647	-0.068805	66.996042	-78.370884	75.554851
01202	9.545728	1.913209	0.805066	-0.052085	0.004513	-0.061470	67.022835	-78.336928	75.502122
01203	9.626146	1.876410	0.742009	-0.047812	0.001415	-0.049792	67.043540	-78.307704	75.458012
01204	9.553530	1.904096	0.795139	-0.031204	0.012624	-0.049159	67.047990	-78.278424	75.440308
01205	9.573841	1.905822	0.769692	-0.035400	0.008552	-0.042479	67.049609	-78.251462	75.422947
01206	9.532542	1.911752	0.783080	-0.038585	0.005318	-0.038343	67.056642	-78.229521	75.398280
01207	9.520452	1.898817	0.798958	-0.044835	0.007279	-0.033869	67.046824	-78.207383	75.387078
01208	9.578012	1.865016	0.805319	-0.050950	0.004039	-0.035762	67.047164	-78.187090	75.362008
01209	9.561544	1.900133	0.748141	-0.049072	0.016247	-0.035640	67.014220	-78.162015	75.371951
01210	9.526027	1.891487	0.834879	-0.053737	0.026623	-0.031931	66.952118	-78.138689	75.409047
01211	9.513879	1.878071	0.852505	-0.048043	0.020021	-0.033230	66.908005	-78.114036	75.431008
01212	9.536478	1.876368	0.786093	-0.052557	0.019864	-0.034719	66.866797	-78.090747	75.447450
01213	9.543450	1.863471	0.818690	-0.049664	0.024634	-0.040887	66.818682	-78.061019	75.472556
01214	9.493330	1.921997	0.844858	-0.035396	0.027461	-0.040979	66.775335	-78.032714	75.501238
01215	9.511600	1.925283	0.862748	-0.045686	0.014790	-0.035055	66.748018	-78.008276	75.507417
01216	9.522941	1.907857	0.809972	-0.036651	0.012141	-0.036988	66.737881	-77.985532	75.501417
01217	9.510029	1.931112	0.867033	-0.036216	0.019567	-0.027658	66.696440	-77.963902	75.527586
01218	9.519386	1.915112	0.856489	-0.042735	0.009435	-0.027852	66.679864	-77.946580	75.524605
01219	9.532250	1.931318	0.801950	-0.033871	0.017315	-0.024569	66.642194	-77.927079	75.548296
01220	9.505526	1.868883	0.876738	-0.041435	0.014060	-0.029484	66.616803	-77.907847	75.555089
01221	9.517374	1.922203	0.862941	-0.034462	0.017454	-0.033600	66.588205	-77.883566	75.569159
01222	9.507469	1.906858	0.837255	-0.034738	0.013659	-0.034490	66.573041	-77.861793	75.569419
01223	9.558412	1.924444	0.813215	-0.034619	0.019139	-0.043173	66.550504	-77.832095	75.577198
01224	9.547332	1.946471	0.828857	-0.024903	0.030118	-0.040972	66.507851	-77.803159	75.611344
01225	9.537124	1.932162	0.804765	-0.034247	0.036667	-0.047160	66.447479	-77.767361	75.658057
01226	9.574034	1.937018	0.839927	-0.035329	0.051259	-0.059091	66.367358	-77.724049	75.724441
01227	9.502715	1.962161	0.855094	-0.023410	0.056907	-0.051208	66.269561	-77.681450	75.815828
01228	9.468547	1.952388	0.902139	-0.036041	0.051764	-0.049545	66.178826	-77.642982	75.892681
01229	9.498717	1.936688	0.867574	-0.033225	0.042794	-0.050799	66.109857	-77.603807	75.948826
01230	9.516436	1.941431	0.887568	-0.031773	0.045179	-0.053859	66.042725	-77.564567	76.004037
01231	9.496998	1.980704	0.875609	-0.027099	0.043094	-0.053792	65.980479	-77.523733	76.056907
01232	9.522551	1.969238	0.924481	-0.020946	0.035688	-0.049575	65.938159	-77.488926	76.093076
01233	9.485445	1.971633	0.855672	-0.031403	0.032935	-0.049500	65.893463	-77.452694	76.125458
01234	9.521011	2.012620	0.930715	-0.020670	0.039456	-0.048648	65.841943	-77.417476	76.171223
01235	9.479110	2.018733	0.946378	-0.018168	0.034978	-0.047020	65.797922	-77.382049	76.210693
01236	9.512081	2.000808	0.868325	-0.027928	0.035155	-0.040507	65.744244	-77.352080	76.254420
01237	9.507498	1.971842	0.915856	-0.024142	0.035319	-0.040500	65.689668	-77.319959	76.301211
01238	9.528873	2.008278	0.891459	-0.027789	0.038225	-0.043074	65.632120	-77.287906	76.348999
01239	9.515286	1.961592	0.911979	-0.028442	0.051952	-0.049414	65.546600	-77.247179	76.425000
01240	9.462940	1.985753	0.941785	-0.028863	0.050391	-0.048863	65.467185	-77.209189	76.494592
01241	9.490827	1.972348	0.949416	-0.027929	0.045213	-0.053736	65.402873	-77.167778	76.549170
01242	9.471098	2.011948	0.938034	-0.020853	0.057051	-0.061505	65.326948	-77.121576	76.619914
01243	9.470303	2.051883	0.942145	-0.021831	0.050855	-0.057840	65.258419	-77.076653	76.682421
01244	9.456545	2.006310	0.962224	-0.017629	0.035904	-0.058472	65.229958	-77.037070	76.706382
01245	9.496644	2.044393	0.952614	-0.014534	0.028356	-0.052771	65.211740	-77.000169	76.721570
01246	9.485019	2.066928	0.968053	-0.017135	0.022002	-0.044613	65.200686	-76.971131	76.727964
01247	9.503898	2.000257	0.946101	-0.019261	0.014266	-0.041932	65.200288	-76.943250	76.722084
01248	9.514893	2.055195	0.932893	-0.013391	0.027498	-0.045716	65.180276	-76.912317	76.739877
01249	9.513716	2.059275	0.935899	-0.019085	0.028676	-0.043249	65.149215	-76.880294	76.765582
01250	9.482238	2.046851	0.938060	-0.023744	0.033099	-0.049361	65.114780	-76.846112	76.792099
01251	9.500713	2.085886	0.955669	-0.018097	0.034838	-0.046872	65.074669	-76.810719	76.827688
01252	9.450198	2.073247	0.942890	-0.024510	0.036002	-0.045908	65.030155	-76.777621	76.864115
01253	9.455937	2.026517	0.977458	-0.025355	0.032901	-0.044834	64.988507	-76.743744	76.897022
01254	9.485669	2.081676	0.980794	-0.021101	0.029311	-0.044234	64.959327	-76.713126	76.919710
01255	9.496835	2.031858	0.930985	-0.017820	0.040976	-0.051970	64.911950	-76.673582	76.962950
01256	9.430871	2.075639	1.014615	-0.014978	0.048702	-0.053114	64.853314	-76.633633	77.019525
01257	9.437769	2.098646	1.047141	-0.021831	0.036977	-0.052882	64.813849	-76.594581	77.052285
01258	9.519875	2.064797	0.986781	-0.016448	0.023617	-0.052572	64.808847	-76.561014	77.052871
01259	9.570349	2.085211	0.964566	-0.012634	0.037522	-0.057337	64.778293	-76.519518	77.081895
01260	9.527931	2.092066	0.980531	-0.010435	0.053637	-0.063648	64.723380	-76.472873	77.137355
01261	9.525935	2.098559	0.986034	0.000349	0.059678	-0.073706	64.669817	-76.417474	77.197712
01262	9.497055	2.121677	0.947511	-0.001968	0.073183	-0.075470	64.590798	-76.359884	77.282991
01263	9.514131	2.163833	0.969046	-0.000136	0.082417	-0.080120	64.496274	-76.295540	77.385250
01264	9.504142	2.071419	1.064425	-0.015990	0.064229	-0.085315	64.439550	-76.235015	77.439352
01265	9.512201	2.062138	1.058321	0.012089	0.073502	-0.096797	64.389149	-76.164214	77.503445
01266	9.737019	1.996226	0.941585	0.014832	0.046972	-0.129191	64.430944	-76.085274	77.474290
01267	9.641594	2.101038	0.980354	0.056443	0.099504	-0.194797	64.449978	-75.957438	77.493064
01268	9.462701	2.176695	1.045047	0.058958	0.110311	-0.207356	64.462875	-75.822435	77.519745
01269	9.559950	2.126053	1.007270	0.052866	0.090463	-0.225848	64.528348	-75.680797	77.488513
01270	9.583541	2.132098	1.018788	0.075634	0.117675	-0.249485	64.576021	-75.522197	77.489188
01271	9.624519	2.005129	1.052686	0.078747	0.119259	-0.311593	64.678031	-75.329118	77.435478
01272	9.570630	2.090409	0.999104	0.138903	0.105752	-0.415006	64.935596	-75.087613	77.256562
01273	9.356928	2.486643	1.273089	0.159985	0.134288	-0.392051	65.120853	-74.849085	77.164728
01274	9.295147	2.155260	1.091076	0.121962	0.022263	-0.432024	65.529247	-74.618284	76.819007
01275	9.470564	2.346260	1.240091	0.180502	0.030380	-0.463818	65.969027	-74.366433	76.475010
01276	9.257001	2.401382	1.137564	0.200110	0.050017	-0.467459	66.376572	-74.109315	76.175865
01277	9.277846	2.520259	1.204549	0.196312	-0.009017	-0.466618	66.875284	-73.863575	75.779106
01278	9.435779	2.463118	1.118404	0.178974	-0.019913	-0.479460	67.382397	-73.614373	75.362881
01279	9.488952	2.544457	1.030889	0.237621	-0.002683	-0.511157	67.899041	-73.341756	74.971059
01280	9.499448	2.752270	1.019535	0.225768	0.023585	-0.525725	68.361020	-73.056672	74.628821
01281	9.463796	2.770601	1.045056	0.193991	0.036970	-0.528416	68.768163	-72.764800	74.324223
01282	9.415672	2.740678	1.130276	0.185411	0.038381	-0.549677	69.172385	-72.462445	74.017200
01283	9.444316	2.794232	1.075245	0.202369	0.029771	-0.561795	69.593913	-72.152881	73.701522
01284	9.373965	2.955957	1.160531	0.225943	0.036226	-0.560398	70.007270	-71.843890	73.408259
01285	9.476954	3.010830	1.280089	0.184193	0.004127	-0.586035	70.449593	-71.524845	73.058573
01286	9.440384	2.832330	1.105066	0.211568	0.034385	-0.629958	70.872629	-71.177271	72.745303
01287	9.420131	3.017145	1.121430	0.253170	0.024281	-0.630459	71.319776	-70.828793	72.430882
01288	9.417762	3.108514	1.241238	0.224711	-0.027744	-0.654900	71.832034	-70.477354	72.029715
01289	9.417482	3.117852	1.178494	0.159265	-0.086515	-0.646966	72.373745	-70.137650	71.556342
01290	9.121277	3.128364	1.045473	0.238287	-0.065117	-0.667794	72.923601	-69.783119	71.121694
01291	9.157418	3.374825	1.080428	0.224108	-0.073379	-0.653211	73.451876	-69.434875	70.700153
01292	9.191612	3.335297	1.020961	0.172611	-0.105453	-0.666840	73.989687	-69.084622	70.236168
01293	9.146496	3.343838	1.007553	0.188004	-0.098436	-0.676180	74.511146	-68.724941	69.797772
01294	9.151901	3.428980	0.992839	0.212013	-0.092742	-0.685269	75.028445	-68.359638	69.377836
01295	9.078485	3.503622	0.958111	0.206525	-0.089253	-0.702613	75.526144	-67.981222	68.974227
01296	8.958789	3.607647	0.931324	0.217608	-0.091661	-0.705738	76.021941	-67.601762	68.578769
01297	9.113856	3.693105	1.041743	0.174169	-0.120291	-0.705443	76.513888	-67.223459	68.159105
01298	9.178676	3.623785	0.915253	0.176682	-0.117317	-0.733205	76.999562	-66.829540	67.746970
01299	9.096265	3.735417	0.875828	0.224213	-0.097165	-0.757846	77.476152	-66.416378	67.372784
01300	9.115348	3.885299	0.856098	0.207046	-0.100664	-0.780688	77.941655	-65.991227	66.999141
01301	9.077186	3.941601	0.854182	0.179651	-0.105119	-0.806040	78.386773	-65.549654	66.628981
01302	9.108860	3.943773	0.863183	0.199473	-0.098156	-0.834778	78.829836	-65.091525	66.272658
01303	9.054908	4.072781	0.854899	0.204356	-0.086171	-0.869258	79.252659	-64.610088	65.939998
01304	9.058649	4.136618	0.758537	0.199801	-0.084340	-0.905719	79.667149	-64.108389	65.612757
01305	8.980618	4.214316	0.754627	0.199723	-0.073743	-0.942894	80.060823	-63.582223	65.306773
01306	8.875375	4.295755	0.819802	0.201052	-0.075617	-0.971606	80.451720	-63.040554	65.003787
01307	8.907198	4.357051	0.883427	0.176871	-0.099706	-0.993821	80.843403	-62.486253	64.682369
01308	8.904642	4.406200	0.873901	0.191805	-0.097789	-1.036152	81.237012	-61.908219	64.367279
01309	8.931104	4.501808	0.848446	0.210210	-0.088791	-1.080073	81.622235	-61.302211	64.071427
01310	9.003728	4.625539	0.753269	0.225763	-0.085863	-1.122601	82.007982	-60.672242	63.783957
01311	9.067864	4.785708	0.767664	0.227514	-0.087044	-1.179302	82.387407	-60.008007	63.502496
01312	8.995804	4.839097	0.753529	0.209605	-0.092005	-1.247859	82.758242	-59.305539	63.217749
01313	9.048841	4.944798	0.802409	0.211950	-0.092446	-1.309821	83.121405	-58.565800	62.940746
01314	8.951711	4.953646	0.677862	0.237992	-0.096995	-1.390218	83.499818	-57.780861	62.661746
01315	8.851119	5.065100	0.739838	0.278579	-0.119502	-1.463186	83.910715	-56.953746	62.368591
01316	8.787223	5.310348	0.956373	0.310380	-0.194205	-1.534642	84.395087	-56.090084	62.007084
01317	8.973636	5.299691	0.973845	0.272525	-0.251844	-1.627561	84.890122	-55.173907	61.601779
01318	8.914940	5.820928	0.797020	0.410630	-0.240345	-1.748101	85.441972	-54.187212	61.219932
01319	8.965224	5.837031	0.578430	0.460864	-0.273823	-1.885226	86.029361	-53.120675	60.823788
01320	9.989986	6.490209	0.632170	0.327108	-0.442059	-1.946688	86.644050	-52.023505	60.292066
01321	11.080562	6.434312	1.100505	0.094990	-0.389886	-2.053566	87.061032	-50.860119	59.833782
01322	9.699242	5.353716	-0.147776	0.446333	-0.180033	-2.277177	87.518523	-49.561491	59.577739
01323	9.249487	6.632387	-0.091441	0.802792	-0.150175	-2.478829	88.140311	-48.145193	59.368332
01324	9.460314	7.330327	0.496512	0.529966	-0.385239	-2.629917	88.732647	-46.644720	58.982954
01325	9.936529	7.074629	0.557045	0.080658	-0.623364	-2.766227	89.178656	-45.066516	58.431522
01326	9.896973	6.671102	0.093884	0.345272	-0.614396	-2.958808	89.738807	-43.374428	57.919239
01327	10.108399	7.339677	0.616170	0.508770	-0.595382	-3.105623	90.343844	-41.595294	57.460984
01328	8.750667	7.117014	-0.113920	0.602129	-0.737214	-3.274434	91.036442	-39.714032	56.935227
01329	8.471344	7.572460	-0.375928	0.782042	-0.950900	-3.406820	91.883952	-37.749883	56.303192
01330	8.308605	8.014571	-0.414917	0.772563	-1.251597	-3.477528	92.805038	-35.729546	55.511931
01331	7.922171	8.213990	-0.332711	0.540376	-1.544653	-3.551323	93.649771	-33.649713	54.578748
01332	7.410786	7.614687	-0.457755	0.496533	-1.847679	-3.642115	94.518431	-31.492633	53.503196
01333	6.550392	6.982007	-0.720700	0.525313	-2.151060	-3.692397	95.434845	-29.280117	52.294532
01334	5.751911	6.275562	-1.110110	0.793778	-2.350494	-3.865807	96.486938	-26.937089	51.037852
01335	6.415589	6.945167	-0.422774	0.748524	-2.505633	-4.008488	97.471079	-24.485525	49.767677
01336	8.568264	4.706521	1.729501	-0.501249	-2.608848	-3.924354	97.698159	-22.059228	48.478896
01337	15.678058	3.970900	2.994632	-3.105068	-3.093659	-2.617061	96.532600	-20.355417	46.793098
01338	19.562977	-1.543985	0.952692	-2.709844	-1.095102	-0.126727	95.212593	-20.218888	46.136557
01339	16.470938	-0.363288	1.963786	-0.175757	0.762927	1.053103	94.971712	-20.866159	46.545968
01340	10.859186	2.634186	2.035702	-0.210336	1.308247	1.908318	94.598282	-22.018154	47.251427
01341	7.573420	3.008449	1.568523	-1.191817	1.219026	2.302493	93.665749	-23.394528	47.905558
01342	5.865733	2.611380	0.953607	-1.573759	1.124740	2.486653	92.514814	-24.851796	48.527416
01343	5.569889	2.583993	0.763900	-1.456106	1.111134	2.600613	91.401209	-26.373958	49.178997
01344	5.664437	2.860844	0.654058	-1.352978	1.067840	2.791580	90.328765	-27.982295	49.840502
01345	6.454230	3.276175	0.776037	-1.432491	0.977232	3.043556	89.196094	-29.735707	50.490965
01346	7.456752	3.257550	0.665781	-1.525258	0.987508	3.287192	87.963414	-31.604318	51.203830
01347	8.167023	3.249833	0.553955	-1.393958	1.165640	3.499684	86.678026	-33.588806	52.110448
01348	8.361478	3.538004	0.308591	-1.086927	1.391881	3.710539	85.408932	-35.654509	53.256476
01349	8.058102	4.001047	0.139928	-0.904098	1.530928	3.918551	84.084235	-37.823577	54.607306
01350	7.429163	4.180105	-0.150288	-0.825687	1.569215	4.037647	82.678747	-40.017780	56.098956
01351	6.861520	4.259579	-0.520151	-0.669752	1.553066	4.021206	81.242652	-42.188811	57.701298
01352	6.543856	4.507481	-0.711458	-0.439074	1.517753	3.882192	79.845813	-44.239898	59.380789
01353	6.472365	4.928415	-0.843888	-0.227759	1.413335	3.709119	78.508170	-46.189379	61.082990
01354	6.700607	5.229039	-0.725514	-0.233624	1.224218	3.552853	77.178607	-48.031439	62.721513
01355	7.190794	5.241218	-0.734368	-0.364293	0.930468	3.433092	75.843509	-49.833734	64.216907
01356	8.140002	5.011560	-0.652697	-0.369316	0.700166	3.347380	74.563110	-51.585283	65.604116
01357	9.042790	5.034828	-0.574447	-0.192710	0.581631	3.284454	73.353627	-53.315486	66.991937
01358	9.699260	5.134403	-0.450941	-0.022013	0.531498	3.239207	72.181033	-54.997555	68.428897
01359	10.015542	5.203630	-0.343362	0.070978	0.492031	3.215804	70.962267	-56.670164	69.952708
01360	10.124669	5.246126	-0.234529	0.143841	0.443781	3.183275	69.709840	-58.301781	71.541401
01361	10.095512	5.358108	-0.115777	0.210847	0.391709	3.131536	68.399473	-59.910782	73.210979
01362	9.965806	5.421870	0.017272	0.264102	0.351522	3.042145	67.046051	-61.446999	74.942373
01363	9.963215	5.711998	0.143778	0.307624	0.288443	2.921160	65.651643	-62.926990	76.720090
01364	9.910078	5.721177	0.153816	0.286069	0.221177	2.779018	64.227587	-64.315286	78.498041
01365	9.961155	5.449349	0.083088	0.258076	0.158680	2.631346	62.746410	-65.636337	80.297920
01366	10.143973	5.037066	-0.004427	0.275547	0.111807	2.489159	61.257410	-66.865090	82.102499
01367	10.406736	4.642012	-0.094099	0.302635	0.050047	2.385460	59.733572	-68.052401	83.942378
01368	10.755713	4.260358	-0.086618	0.300612	-0.024921	2.323097	58.186612	-69.199728	85.793810
01369	11.111645	3.980226	-0.015437	0.341320	-0.066507	2.285837	56.534707	-70.334556	87.765191
01370	11.190411	3.998447	0.116893	0.528636	-0.013504	2.226948	54.784774	-71.391999	89.943263
01371	11.096038	4.515854	0.381470	0.724067	0.052039	2.167241	52.863287	-72.387633	92.403915
01372	10.901842	4.877450	0.670150	0.675247	-0.013507	2.156204	50.794798	-73.363201	94.978306
01373	10.939803	4.857910	0.862363	0.484694	-0.129413	2.153501	48.480237	-74.361360	97.679546
01374	11.000659	4.594358	1.008871	0.428098	-0.143791	2.112415	45.917517	-75.304929	100.593927
01375	10.834866	4.460455	1.168117	0.484364	-0.102186	2.012098	43.091559	-76.163625	103.798921
01376	10.680492	4.495638	1.416410	0.486768	-0.074064	1.895268	40.097768	-76.915780	107.169062
01377	10.478668	4.427108	1.575078	0.424964	-0.063947	1.753917	36.931330	-77.577616	110.668152
01378	10.239384	4.256577	1.663338	0.388587	-0.040232	1.596979	33.751513	-78.125119	114.153582
01379	9.953258	4.088360	1.652063	0.407497	-0.025500	1.420118	30.641941	-78.576788	117.570010
01380	10.033687	4.109180	1.715949	0.406154	-0.039501	1.237268	27.820848	-78.941994	120.688587
01381	10.159735	4.038491	1.686934	0.376248	-0.044847	1.070597	25.204618	-79.243086	123.575726
01382	10.230040	4.094098	1.503828	0.447577	-0.026741	0.925551	22.921235	-79.472477	126.165065
01383	10.865203	4.481480	1.732216	0.444792	-0.094497	0.851011	20.779780	-79.707325	128.604864
01384	12.349921	4.738046	2.131819	0.242654	-0.158904	0.896573	18.393698	-79.964481	131.175290
01385	13.477888	4.404836	2.425878	0.059865	0.003705	1.087964	14.978155	-80.143468	134.681322
01386	13.267504	3.607092	2.200756	0.180669	0.336316	1.320566	10.598134	-80.122113	139.237176
01387	11.863617	3.563621	1.987327	0.512395	0.620111	1.530652	5.640109	-79.894561	144.573220
01388	10.261604	3.918710	1.770807	0.533163	0.610304	1.697359	0.478142	-79.596046	150.134346
01389	9.077629	3.893802	1.499240	0.398642	0.402594	1.783234	-4.767076	-79.326219	155.705495
01390	8.591131	3.834761	1.343571	0.252799	0.177303	1.756156	-9.787938	-79.096904	160.969092
01391	8.589349	3.598335	1.325548	0.176520	0.037702	1.641731	-14.412894	-78.876751	165.787675
01392	8.828406	3.551811	1.428336	0.235366	-0.011282	1.499688	-18.427621	-78.639109	170.023447
01393	8.917873	3.753893	1.572161	0.278760	-0.019779	1.388122	-21.973561	-78.372952	173.808991
01394	9.066709	3.842244	1.775501	0.219702	-0.048073	1.317464	-25.214680	-78.095210	177.253302
01395	9.053155	3.600089	1.973067	0.137458	-0.050070	1.285250	-28.283223	-77.787273	-179.524093
01396	8.730649	3.520415	2.086981	0.144880	-0.010620	1.255631	-31.052410	-77.435688	-176.598830
01397	8.149949	3.738402	2.167252	0.112354	0.010621	1.193125	-33.530031	-77.063470	-173.988032
01398	7.560308	3.872112	2.170388	-0.033631	-0.017558	1.080541	-35.753487	-76.719144	-171.719769
01399	7.049187	3.797790	2.048602	-0.213799	-0.078459	0.925952	-37.766926	-76.436249	-169.770906
01400	6.766462	3.930816	1.956800	-0.362465	-0.146763	0.748668	-39.560470	-76.233336	-168.133712
01401	6.811435	4.054378	1.923629	-0.550913	-0.245494	0.597423	-41.298343	-76.117620	-166.663959
01402	6.873535	4.008261	1.932594	-0.839647	-0.390243	0.485085	-43.211010	-76.095706	-165.184093
01403	7.235390	3.633146	1.938235	-1.137836	-0.532360	0.422714	-45.415116	-76.144705	-163.579870
01404	7.740713	3.279861	2.042874	-1.321648	-0.602474	0.393390	-47.813626	-76.217560	-161.884557
01405	7.982924	2.801045	2.076081	-1.432976	-0.612694	0.383770	-50.292032	-76.282275	-160.172712
01406	8.108234	2.471713	1.978517	-1.450835	-0.544649	0.355834	-52.637355	-76.316819	-158.609184
01407	8.023339	2.345520	1.762860	-1.369069	-0.419482	0.285023	-54.596970	-76.329401	-157.393940
01408	7.642018	2.351818	1.572950	-1.312393	-0.344455	0.203085	-56.280654	-76.345199	-156.429933
01409	7.466600	2.193161	1.352984	-1.336509	-0.349926	0.124322	-57.879862	-76.396609	-155.566447
01410	7.650883	2.083378	1.090962	-1.298023	-0.363509	0.058267	-59.424326	-76.476162	-154.737587
01411	7.618114	1.997050	0.910952	-1.192667	-0.321402	-0.026436	-60.720206	-76.584170	-154.101745
01412	7.908561	2.082820	0.861494	-1.094609	-0.296515	-0.104098	-61.845858	-76.717858	-153.584284
01413	8.116719	2.169701	0.669849	-0.957185	-0.196950	-0.198336	-62.569977	-76.874767	-153.397775
01414	8.068577	2.332361	0.565487	-0.744602	-0.098538	-0.284465	-62.882040	-77.045277	-153.510246
01415	7.808737	2.503798	0.467752	-0.547638	-0.068476	-0.340121	-62.934006	-77.241156	-153.772686
01416	16.510245	-6.110173	3.959231	-2.314052	-2.317705	-1.413208	-68.330547	-78.527259	-149.604579
01417	8.493416	-6.972527	-2.687016	-0.020307	1.256356	-2.189706	-62.275716	-79.372145	-155.779279
01418	5.376982	-17.550333	-1.145084	0.302684	-0.599619	-2.608623	-59.654458	-80.845766	-158.258750
01419	14.760511	-3.094635	-0.857804	0.185097	-0.539620	-1.218776	-58.932452	-81.606229	-158.876446
01420	10.332568	-0.696910	-0.661751	1.138193	1.099394	-1.948334	-50.128109	-82.150905	-167.105795
01421	8.645419	2.964802	3.296935	1.251323	0.431596	-1.619906	-43.252621	-82.658986	-173.313196
01422	10.780526	1.689085	1.299099	-0.077649	-0.375287	-1.590140	-38.811988	-83.419353	-177.826461
01423	13.265590	0.402746	1.232243	-0.898506	-0.417664	-1.474728	-34.372825	-84.116953	177.195751
01424	10.686721	-1.447304	0.274147	0.224758	0.453670	-1.547982	-25.338642	-84.333038	168.250136
01425	9.082593	0.219962	0.470852	0.699799	0.442833	-1.587910	-15.322488	-84.411389	158.594089
01426	12.257571	1.666873	1.098054	0.006871	-0.145666	-1.487475	-6.726656	-84.656154	149.968128
01427	12.442916	0.436320	0.495960	-0.232921	0.231132	-1.394018	1.714478	-84.557067	141.361049
01428	10.508969	0.653536	1.178904	0.409629	0.491173	-1.319431	9.331793	-84.202560	133.947929
01429	10.410981	1.173549	1.085533	0.200633	0.148158	-1.210424	15.848359	-83.965669	127.517645
01430	11.683802	1.253462	1.193665	-0.030841	0.101851	-1.084022	21.122223	-83.712230	122.200448
01431	10.703757	0.863487	1.013612	0.206222	0.333011	-1.010328	25.294237	-83.305222	118.126024
01432	10.369601	1.421867	1.239027	0.118755	0.289909	-0.953640	28.767336	-82.907894	114.701238
01433	10.370227	0.962476	1.043042	0.010859	0.245674	-0.891132	31.702424	-82.525317	111.754151
01434	10.395203	1.226809	1.204010	0.122598	0.276358	-0.818703	34.062577	-82.136749	109.448631
01435	10.092810	1.360548	1.388498	0.084225	0.244356	-0.752218	36.064534	-81.770489	107.481126
01436	10.024298	1.338591	1.425064	0.047549	0.199719	-0.699842	37.800065	-81.437225	105.759388
01437	10.171871	1.472036	1.452065	0.062577	0.164904	-0.637004	39.337099	-81.131515	104.246310
01438	9.961204	1.472855	1.466893	0.036770	0.127220	-0.561760	40.622050	-80.868042	102.971732
01439	9.606684	1.288464	1.403096	0.025478	0.066023	-0.513820	41.865045	-80.641034	101.732818
01440	9.592406	1.341563	1.489950	0.040130	-0.000313	-0.484974	43.121641	-80.452673	100.487298
01441	9.504991	1.397995	1.507724	0.032720	-0.051245	-0.463564	44.410113	-80.285523	99.205070
01442	9.399721	1.416625	1.463359	0.013450	-0.128143	-0.452074	45.782417	-80.153122	97.825415
01443	9.346820	1.212539	1.259815	0.000268	-0.182771	-0.455191	47.262765	-80.031126	96.328442
01444	9.459810	1.185434	1.098296	0.026571	-0.223939	-0.472144	48.842515	-79.914948	94.744723
01445	9.569190	1.272760	1.097452	0.026892	-0.229655	-0.477975	50.424567	-79.786638	93.158777
01446	9.884455	1.569193	1.129058	0.051755	-0.223523	-0.467963	51.933340	-79.657312	91.660613
01447	10.235082	1.828258	1.152025	0.013960	-0.189324	-0.441223	53.259905	-79.517451	90.325542
01448	10.110903	1.842893	1.084756	-0.040363	-0.154861	-0.378785	54.312051	-79.394088	89.236880
01449	10.135442	1.748230	0.952431	-0.071506	-0.143179	-0.319233	55.200690	-79.287050	88.296508
01450	10.109627	1.779713	0.968078	-0.089568	-0.100238	-0.259391	55.843104	-79.196388	87.595447
01451	9.836239	1.684525	0.975973	-0.066649	-0.066020	-0.202599	56.319178	-79.116167	87.077387
01452	9.612572	1.672076	1.083982	-0.063552	-0.059815	-0.182871	56.732305	-79.047022	86.624646
01453	9.555167	1.641452	1.104750	-0.061668	-0.085912	-0.169004	57.193319	-78.987682	86.124583
01454	9.503667	1.641920	1.079971	-0.060564	-0.099788	-0.161000	57.662034	-78.940087	85.616769
01455	9.525128	1.580515	0.963534	-0.074290	-0.102763	-0.151846	58.121158	-78.892687	85.111074
01456	9.671315	1.687487	0.932530	-0.065427	-0.095812	-0.151857	58.555026	-78.846816	84.635772
01457	9.606232	1.958493	1.203782	-0.028217	-0.113213	-0.115795	59.004595	-78.818725	84.166566
01458	9.361160	1.878552	1.179603	-0.071061	-0.160821	-0.081548	59.487190	-78.825072	83.638226
01459	9.601778	1.844706	0.982876	-0.137459	-0.221384	-0.072278	60.079392	-78.848091	82.959825
01460	9.606584	1.691173	0.915016	-0.134617	-0.216089	-0.048501	60.620463	-78.884585	82.334855
01461	9.876133	1.862378	0.764806	-0.068124	-0.187664	-0.023145	61.102529	-78.920327	81.809304
01462	9.771845	1.920465	0.728093	-0.034835	-0.115545	0.003592	61.375865	-78.953390	81.515543
01463	9.544939	1.819046	0.921382	-0.045142	-0.100878	0.033577	61.572773	-78.992880	81.294051
01464	9.423905	1.669405	0.981108	-0.070718	-0.132254	0.041405	61.819663	-79.049107	81.006370
01465	9.720537	1.708198	0.757840	-0.061291	-0.136342	0.033966	62.103334	-79.097998	80.687150
01466	9.674024	1.795952	0.811966	-0.039595	-0.092054	0.044072	62.263489	-79.144360	80.506047
01467	9.685144	1.736629	0.751112	-0.049681	-0.069768	0.048166	62.361883	-79.182396	80.382332
01468	9.596788	1.671909	0.856559	-0.049529	-0.056220	0.050911	62.413667	-79.222592	80.305808
01469	9.661984	1.623454	0.730508	-0.026355	-0.038197	0.054484	62.433500	-79.255454	80.275691
01470	9.475610	1.636105	0.887048	-0.002945	-0.022150	0.048996	62.423974	-79.285632	80.288750
01471	9.517363	1.663958	0.912654	0.004814	-0.049600	0.060196	62.484567	-79.324460	80.235329
01472	9.686913	1.641036	0.733541	0.010686	-0.044884	0.060080	62.528812	-79.366288	80.201619
01473	9.605220	1.643022	0.795968	0.025018	-0.026398	0.064160	62.533109	-79.401025	80.217262
01474	9.506814	1.525045	0.834507	0.010685	-0.037477	0.041744	62.583535	-79.431568	80.177270
01475	9.657085	1.613159	0.764264	0.012320	-0.029462	0.029935	62.637426	-79.449753	80.135057
01476	9.705088	1.710545	0.746359	0.017345	-0.009558	0.028950	62.633815	-79.466423	80.153917
01477	9.696156	1.726101	0.759041	0.013231	0.009938	0.032565	62.576815	-79.475602	80.225027
01478	9.630040	1.623385	0.760990	0.007708	0.019436	0.038946	62.473847	-79.489683	80.339325
01479	9.502996	1.634610	0.925261	0.021369	0.019915	0.035844	62.389239	-79.497879	80.443254
01480	9.612089	1.653414	0.789593	0.027971	0.011673	0.038034	62.319978	-79.513498	80.535069
01481	9.617628	1.598563	0.820894	0.033849	0.013909	0.044031	62.246751	-79.527426	80.634687
01482	9.556790	1.636786	0.901732	0.035884	0.015640	0.038932	62.169367	-79.542398	80.739365
01483	9.592194	1.609132	0.777571	0.027507	-0.000341	0.033280	62.146736	-79.554685	80.783829
01484	9.664408	1.654282	0.807569	0.053057	0.017768	0.033768	62.080462	-79.566440	80.887206
01485	9.508072	1.613568	0.886362	0.051741	0.005542	0.035087	62.052706	-79.578088	80.950995
01486	9.558081	1.552914	0.819833	0.022970	-0.010872	0.026489	62.058385	-79.593830	80.963679
01487	9.613573	1.634078	0.832152	0.045525	0.001988	0.022051	62.055689	-79.599867	80.998360
01488	9.559362	1.704817	0.825513	0.042757	-0.002192	0.031783	62.040959	-79.615956	81.043318
01489	9.613794	1.556624	0.749028	0.020620	-0.003458	0.029870	62.027473	-79.627434	81.074459
01490	9.508310	1.603897	0.924421	0.033940	-0.004322	0.019730	62.031151	-79.637994	81.095565
01491	9.497176	1.705957	0.902656	0.010928	-0.039217	0.025242	62.117907	-79.656764	81.019155
01492	9.492634	1.598502	0.859856	-0.020421	-0.064230	0.023463	62.251615	-79.685243	80.876426
01493	9.486035	1.493582	0.857212	-0.028121	-0.088229	0.007921	62.478965	-79.708189	80.634381
01494	9.562697	1.537666	0.794355	-0.032325	-0.090054	-0.010214	62.728990	-79.726157	80.366526
01495	9.672520	1.632406	0.731857	-0.050405	-0.069820	-0.016694	62.928970	-79.731431	80.139336
01496	9.637840	1.622067	0.809952	-0.059751	-0.063285	-0.015273	63.096255	-79.739514	79.939612
01497	9.575976	1.593147	0.803376	-0.064728	-0.062442	-0.022332	63.275619	-79.739776	79.725034
01498	9.545688	1.616113	0.837877	-0.080130	-0.079327	-0.029884	63.497772	-79.744260	79.457689
01499	9.565137	1.617782	0.845797	-0.094681	-0.098492	-0.037367	63.783402	-79.745696	79.117674
01500	9.567167	1.619226	0.794939	-0.104987	-0.116030	-0.045406	64.117765	-79.750955	78.721831
01501	9.644825	1.546299	0.720693	-0.118742	-0.127427	-0.058604	64.501463	-79.747928	78.268140
01502	9.658772	1.602289	0.695248	-0.120641	-0.118652	-0.074400	64.873747	-79.737906	77.824639
01503	9.680018	1.642344	0.700208	-0.109666	-0.101635	-0.075854	65.210461	-79.718695	77.423940
01504	9.647644	1.598192	0.651173	-0.122953	-0.088066	-0.085061	65.505495	-79.694891	77.057555
01505	9.571513	1.561084	0.701192	-0.140974	-0.062263	-0.100031	65.739630	-79.653067	76.742814
01506	9.624362	1.618040	0.669980	-0.126505	-0.053698	-0.116497	65.970784	-79.604205	76.439210
01507	9.582348	1.632182	0.680447	-0.139710	-0.034510	-0.134351	66.165025	-79.537563	76.165657
01508	9.428262	1.519049	0.790886	-0.167877	-0.031045	-0.152639	66.347790	-79.464139	75.887034
01509	9.536143	1.472290	0.683442	-0.172392	-0.028557	-0.186325	66.563629	-79.368543	75.572315
01510	9.615277	1.710417	0.709902	-0.132947	0.002233	-0.202997	66.726723	-79.260728	75.333907
01511	9.554587	1.802069	0.751027	-0.145321	0.002999	-0.198662	66.876193	-79.151216	75.102319
01512	9.562680	1.835162	0.738807	-0.155727	-0.021282	-0.175245	67.050647	-79.063063	74.838886
01513	9.556809	1.851690	0.823535	-0.123836	-0.027830	-0.154338	67.238152	-78.983566	74.580947
01514	9.452631	1.835682	0.833084	-0.115289	-0.051042	-0.138878	67.468487	-78.920871	74.284048
01515	9.516074	1.722482	0.777094	-0.123733	-0.084319	-0.137099	67.782696	-78.862422	73.896921
01516	9.521408	1.612910	0.675222	-0.113801	-0.075388	-0.162491	68.098450	-78.791848	73.513693
01517	9.711388	1.566481	0.496428	-0.107778	-0.023614	-0.215140	68.334360	-78.678254	73.215505
01518	9.775969	2.121895	0.675740	-0.044574	0.040591	-0.209574	68.422507	-78.557550	73.104631
01519	9.584591	1.871010	0.551353	-0.103956	0.027243	-0.193641	68.496738	-78.444513	72.973424
01520	9.883744	1.944079	0.526057	-0.073791	0.090945	-0.171363	68.395512	-78.333547	73.038700
01521	9.522330	1.925421	0.723550	-0.013985	0.140910	-0.170477	68.205263	-78.208878	73.230162
01522	9.437038	2.048595	0.886691	-0.043725	0.107747	-0.141319	68.052269	-78.110229	73.365987
01523	9.299143	1.791034	1.019514	-0.058668	0.030420	-0.132982	68.081978	-78.028982	73.306614
01524	9.552795	1.636767	0.681597	-0.068490	0.010325	-0.179688	68.198493	-77.930719	73.152470
01525	9.627325	1.842930	0.630813	-0.038899	0.070142	-0.232479	68.237384	-77.788114	73.095235
01526	9.727604	1.931933	0.545210	-0.057838	0.112457	-0.274143	68.198736	-77.617838	73.105984
01527	9.750412	1.942322	0.561998	-0.082032	0.176561	-0.319360	68.040791	-77.406401	73.224975
01528	9.597651	2.013100	0.732416	-0.061420	0.241878	-0.335048	67.758210	-77.175884	73.483696
01529	9.396338	2.342347	0.972047	-0.053746	0.256571	-0.298908	67.425168	-76.957631	73.799193
01530	9.546305	2.088479	0.904741	-0.108583	0.169047	-0.270636	67.237873	-76.776699	73.932760
01531	10.015633	1.866329	0.471100	-0.124447	0.220599	-0.367009	67.025462	-76.529938	74.083186
01532	9.564505	2.411115	0.870181	0.028119	0.355530	-0.379628	66.623650	-76.249284	74.518318
01533	8.933932	2.518646	1.287904	-0.062087	0.241725	-0.281319	66.339600	-76.042393	74.779675
01534	9.149928	2.158988	1.177963	-0.100650	0.090759	-0.234044	66.308929	-75.898168	74.756994
01535	9.346564	2.075250	1.128306	-0.015784	0.075134	-0.234982	66.363193	-75.753706	74.697137
01536	9.486982	2.269852	1.028987	0.024607	0.046987	-0.244983	66.502658	-75.613753	74.572906
01537	9.542960	2.123321	0.992378	0.024761	-0.002983	-0.300859	66.793006	-75.452332	74.293140
01538	9.867101	1.780616	0.812466	0.036028	-0.044933	-0.447743	67.288955	-75.225633	73.806999
01539	9.719554	2.158344	0.899346	0.197036	0.037337	-0.561132	67.793311	-74.916610	73.407297
01540	9.375306	2.453738	1.031937	0.212563	0.017345	-0.596599	68.351950	-74.595288	72.959694
01541	9.382886	2.342589	1.041420	0.163884	-0.072453	-0.661752	69.083010	-74.253377	72.303686
01542	9.343322	2.458431	0.901859	0.253134	-0.048739	-0.702576	69.817065	-73.885752	71.696338
01543	9.094250	3.050289	0.959001	0.285986	0.020131	-0.611385	70.356638	-73.548846	71.310369
01544	8.945498	3.080834	1.000277	0.120452	-0.055600	-0.501785	70.849659	-73.287763	70.873175
01545	9.202849	2.872983	0.827185	0.058832	-0.072194	-0.410507	71.269636	-73.075030	70.475102
01546	9.131932	3.094277	0.844969	0.093934	0.026600	-0.309996	71.464213	-72.901389	70.333126
01547	9.193549	3.037647	0.920296	0.001681	-0.004545	-0.225195	71.609785	-72.776116	70.187249
01548	9.430540	2.622638	0.924514	-0.037634	-0.046994	-0.239147	71.811077	-72.654004	69.959084
01549	9.534524	2.549180	0.830744	0.046780	-0.006428	-0.302004	72.024315	-72.486968	69.769151
01550	9.246099	2.962709	0.949859	0.100557	0.036809	-0.323795	72.200808	-72.303480	69.649670
01551	9.186114	2.904892	1.059083	0.033074	-0.041011	-0.307496	72.460494	-72.139103	69.402339
01552	9.445939	2.693016	1.014223	0.028560	-0.097712	-0.348786	72.828446	-71.964611	69.038014
01553	9.448502	2.967645	0.846228	0.111764	-0.063590	-0.369569	73.191736	-71.769156	68.728591
01554	9.432181	3.194128	0.862858	0.085789	-0.046016	-0.373819	73.505014	-71.571070	68.455610
01555	9.497057	3.150723	0.847078	0.030914	-0.067947	-0.408230	73.834139	-71.353982	68.132634
01556	9.333833	2.987624	0.780593	0.025231	-0.026107	-0.454571	74.105212	-71.107358	67.866879
01557	9.156396	3.292232	0.793846	0.079191	0.027984	-0.421053	74.300246	-70.867328	67.714071
01558	9.293078	3.226956	0.971818	-0.047080	-0.047441	-0.415441	74.534160	-70.644923	67.443031
01559	9.622725	2.969875	0.892654	-0.038659	-0.064492	-0.481866	74.822699	-70.384884	67.118967
01560	9.735045	3.137225	0.907433	0.043771	-0.022075	-0.556323	75.114569	-70.079902	66.840777
01561	9.944398	3.085641	0.986645	0.026072	-0.065828	-0.690564	75.506871	-69.703297	66.444423
01562	10.073480	3.010745	1.087347	0.079098	-0.076139	-0.886137	76.001415	-69.221515	65.970047
01563	10.076830	3.094712	1.078283	0.162214	-0.068037	-1.023463	76.557350	-68.657789	65.479423
01564	10.209277	3.352606	1.181458	0.145356	-0.144690	-1.139055	77.219947	-68.040578	64.861519
01565	9.557308	3.301313	0.586327	0.223027	-0.069728	-1.268949	77.828725	-67.336167	64.347114
01566	9.249605	3.878972	0.760402	0.247200	-0.077682	-1.325166	78.443091	-66.601893	63.838879
01567	9.042920	3.921326	0.682206	0.130576	-0.106547	-1.333960	78.996557	-65.861238	63.321426
01568	8.967339	3.881456	0.741081	0.121130	-0.098192	-1.318274	79.499538	-65.129316	62.850427
01569	8.775785	4.056470	0.649485	0.177146	-0.058986	-1.297150	79.956055	-64.401045	62.463557
01570	8.825134	4.314912	0.624179	0.219246	-0.037979	-1.261801	80.382619	-63.692070	62.134418
01571	9.016448	4.385151	0.836094	0.107389	-0.086733	-1.257538	80.779956	-62.986441	61.764324
01572	9.222328	4.175564	0.885776	0.121311	-0.103678	-1.292176	81.190199	-62.264197	61.386250
01573	9.311868	4.124729	0.952861	0.208224	-0.071183	-1.347005	81.604323	-61.504337	61.057690
01574	8.918222	4.394227	0.903071	0.359186	-0.014155	-1.388355	82.033299	-60.717798	60.808505
01575	8.782521	4.615556	1.018018	0.371647	-0.063998	-1.424655	82.505803	-59.911161	60.515468
01576	8.691685	4.674648	0.811856	0.328291	-0.110844	-1.458630	82.983605	-59.089831	60.185048
01577	8.406273	4.885772	0.532474	0.452433	-0.068487	-1.481981	83.474457	-58.248647	59.919666
01578	8.153503	5.262750	0.527424	0.502944	-0.043832	-1.468841	83.952477	-57.414582	59.701291
01579	8.146623	5.505565	0.594532	0.420864	-0.070665	-1.439261	84.387905	-56.595750	59.475518
01580	8.466113	5.540246	0.733064	0.212099	-0.112064	-1.401866	84.722468	-55.801976	59.225162
01581	8.027949	5.211906	0.254013	0.279271	-0.021269	-1.395627	85.007105	-55.004092	59.079713
01582	7.588400	5.590805	0.287985	0.525908	0.076309	-1.372969	85.344022	-54.216280	59.042184
01583	7.453169	6.050728	0.577177	0.502490	0.001265	-1.325155	85.715318	-53.456774	58.944976
01584	7.476732	6.275010	0.839947	0.315152	-0.170418	-1.281162	86.099187	-52.731303	58.696983
01585	7.685205	5.814323	0.560612	0.165006	-0.274497	-1.251243	86.461086	-52.023537	58.365580
01586	7.668801	5.699464	0.431638	0.291528	-0.221979	-1.247961	86.845419	-51.316904	58.094945
01587	7.597861	6.027222	0.406610	0.462783	-0.184282	-1.238596	87.288782	-50.611078	57.871743
01588	7.375420	6.286698	0.431665	0.432161	-0.191030	-1.218895	87.708556	-49.917910	57.654365
01589	7.475876	6.449124	0.417939	0.439785	-0.246116	-1.177099	88.157953	-49.246549	57.401367
01590	8.171215	6.765214	0.421084	0.236298	-0.172175	-1.095972	88.431950	-48.621593	57.224152
01591	6.798877	5.978310	-0.565817	0.475016	0.000221	-1.090934	88.724746	-47.994323	57.202898
01592	6.496792	6.603594	-0.488656	0.698305	0.050476	-1.080244	89.109967	-47.374741	57.229776
01593	6.691940	7.282209	-0.134053	0.495593	0.004735	-0.991901	89.402548	-46.804029	57.224604
01594	6.459449	7.144850	-0.359774	0.141226	-0.070055	-0.888667	89.534886	-46.295050	57.160651
01595	6.294559	6.718959	-0.670060	0.088194	-0.071448	-0.830307	89.635204	-45.817107	57.098278
01596	6.806840	7.111059	-0.348044	0.077846	-0.044049	-0.785283	89.712285	-45.367122	57.059804
01597	6.854865	7.110493	-0.299906	-0.006740	-0.002734	-0.751881	89.716078	-44.933771	57.055981
01598	6.656931	6.976308	-0.400495	0.017172	0.048139	-0.734234	89.704831	-44.512751	57.093041
01599	6.847401	7.190441	-0.132066	-0.048496	0.042733	-0.724202	89.659449	-44.095107	57.125383
01600	6.918833	7.086757	-0.003732	-0.097255	0.049947	-0.720207	89.582972	-43.682076	57.162521
01601	6.938839	7.099694	-0.000536	-0.072791	0.074544	-0.731354	89.508044	-43.260157	57.218094
01602	6.917627	7.157790	0.052133	-0.025765	0.087291	-0.770848	89.454489	-42.817855	57.282248
01603	7.427525	7.374036	0.301750	-0.098597	0.036345	-0.807461	89.387313	-42.352523	57.305451
01604	7.689561	7.245682	0.374581	-0.104718	0.025745	-0.875431	89.323288	-41.850597	57.318904
01605	7.904622	7.277200	0.358958	-0.028996	0.060297	-0.962871	89.286094	-41.296178	57.357423
01606	7.828029	7.393894	0.332857	0.048656	0.103646	-1.062780	89.273253	-40.686344	57.427110
01607	8.031881	7.561028	0.332723	0.046561	0.108788	-1.162089	89.258328	-40.017639	57.498996
01608	8.086616	7.626698	0.251020	0.037237	0.117719	-1.265291	89.235925	-39.291649	57.575358
01609	7.949325	7.615574	0.237104	0.084390	0.149253	-1.383482	89.227972	-38.496025	57.672857
01610	7.624210	7.662420	0.191521	0.113408	0.169490	-1.488880	89.230195	-37.641522	57.782728
01611	7.522545	7.694431	0.133227	0.122965	0.172010	-1.588992	89.239247	-36.728256	57.892418
01612	7.412154	7.812489	0.167050	0.113780	0.177946	-1.682104	89.243407	-35.763008	58.004087
01613	7.223316	7.772548	0.140851	0.094851	0.190205	-1.767493	89.234414	-34.747612	58.122277
01614	6.715456	7.652383	0.082715	0.152828	0.224203	-1.841060	89.248517	-33.690945	58.261784
01615	6.386498	7.739722	0.043978	0.223142	0.260897	-1.905898	89.292087	-32.596050	58.424861
01616	5.928359	7.762559	0.224900	0.208259	0.269501	-1.955426	89.327689	-31.473687	58.592110
01617	5.019458	7.472552	0.035187	0.219224	0.262731	-2.005444	89.375288	-30.322139	58.753507
01618	4.767687	7.693744	0.150939	0.266942	0.246183	-2.038961	89.458948	-29.152320	58.903262
01619	4.591363	7.832934	0.190879	0.281421	0.180562	-2.051721	89.573621	-27.975138	59.010850
01620	4.672735	8.071482	0.403131	0.196472	0.068707	-2.093552	89.674427	-26.775186	59.047302
01621	4.613342	7.803231	0.222793	0.173911	0.034733	-2.132603	89.771546	-25.552488	59.063985
01622	4.526138	7.760484	0.358737	0.238843	0.049706	-2.203469	89.901425	-24.289718	59.092382
01623	4.548620	7.800526	0.567703	0.268837	0.033524	-2.276474	90.051639	-22.984813	59.113846
01624	4.493428	7.863910	0.637385	0.289520	0.064618	-2.338598	90.205731	-21.644787	59.158068
01625	4.278425	7.516474	0.569808	0.342616	0.110983	-2.396414	90.379287	-20.271722	59.234755
01626	4.441386	7.703156	0.555803	0.362328	0.239146	-2.396050	90.538909	-18.899839	59.392791
01627	4.185503	7.622963	0.178456	0.362685	0.350101	-2.397300	90.680132	-17.528404	59.620416
01628	3.872976	6.943118	0.910191	0.327922	0.411860	-2.405513	90.795953	-16.153113	59.886410
01629	3.756271	5.526733	1.118192	-0.043381	0.286504	-2.263035	90.724940	-14.858985	60.075681
01630	3.670671	3.914013	1.793983	-0.404698	0.189271	-2.061882	90.467122	-13.678619	60.201157
01631	3.037534	2.959711	1.849267	-0.652695	0.099340	-1.848488	90.082586	-12.620419	60.265922
01632	3.323990	2.682036	2.144582	-0.674125	0.075322	-1.686614	89.692263	-11.653781	60.309019
01633	3.633772	2.980366	2.676771	-0.750254	0.169919	-1.582050	89.248370	-10.747521	60.400845
01634	3.846282	3.286186	2.779558	-1.068019	0.171706	-1.494055	88.626245	-9.889604	60.485575
01635	6.932896	4.954806	2.910974	-1.320051	0.210394	-1.107216	87.856015	-9.253388	60.589177
01636	8.073860	4.191332	2.813222	-2.100722	0.262148	-0.455766	86.635174	-8.985104	60.729291
01637	8.624658	3.402520	2.231288	-2.455000	0.291216	0.435437	85.201712	-9.224780	60.917012
01638	7.635981	2.335238	1.227167	-2.124034	0.639471	1.311754	83.915958	-9.937942	61.360043
01639	5.979568	2.704063	1.095436	-1.388392	0.847144	2.029323	83.008965	-11.041798	61.986331
01640	4.371500	3.487526	0.686354	-0.974153	0.721719	2.523847	82.332106	-12.422987	62.594481
01641	3.506506	4.394550	0.630147	-0.837447	0.395809	2.858046	81.748305	-14.017996	63.059506
01642	3.237884	5.396511	0.737138	-1.059359	-0.008482	3.052451	81.077934	-15.747712	63.325585
01643	3.553008	6.018289	0.917085	-1.488725	-0.415966	3.129809	80.210011	-17.560755	63.385975
01644	4.350131	5.939061	0.910176	-1.627465	-0.569707	3.086457	79.284334	-19.358657	63.380056
01645	4.961351	6.127512	0.953367	-1.277949	-0.404232	2.889639	78.520366	-21.033093	63.479164
01646	5.203000	6.531717	0.978467	-0.778941	-0.110437	2.633865	77.980676	-22.523080	63.744247
01647	5.238478	7.059829	0.982887	-0.513246	0.089486	2.451939	77.539252	-23.890665	64.124676
01648	5.200997	7.247717	0.812208	-0.529310	0.113401	2.338078	77.077286	-25.182897	64.518779
01649	5.375909	7.167899	0.745837	-0.572139	0.017949	2.311252	76.600475	-26.475779	64.866851
01650	5.908015	7.064035	0.685494	-0.518436	-0.065846	2.362473	76.163432	-27.799810	65.184676
01651	6.425934	7.220158	0.651417	-0.418750	-0.126779	2.475301	75.776921	-29.199349	65.497758
01652	6.152319	7.881563	0.838028	-0.811616	-0.371255	2.600238	75.220117	-30.694563	65.691551
01653	7.296570	6.606798	0.865771	-0.914224	-0.622033	2.814491	74.652220	-32.350573	65.781584
01654	7.581218	6.294120	0.501022	-0.097170	-0.256061	2.767519	74.417309	-33.917534	66.118593
01655	7.144832	7.448582	0.776846	0.623123	-0.022198	2.729696	74.494793	-35.434378	66.615519
01656	6.761735	8.586741	1.031143	0.607465	-0.058644	2.664675	74.573245	-36.914383	67.080732
01657	6.524744	8.888588	1.054581	0.119026	-0.390448	2.617134	74.501193	-38.425977	67.315690
01658	6.701910	8.416492	0.905482	-0.154612	-0.663943	2.508738	74.401621	-39.912321	67.340979
01659	6.939649	8.312774	0.869585	0.100338	-0.723791	2.351953	74.493993	-41.328350	67.292915
01660	6.955932	9.022790	1.055197	0.278699	-0.841661	2.200592	74.775842	-42.671486	67.117825
01661	7.374657	9.483486	1.133716	0.144914	-1.084976	2.087056	75.134790	-43.994134	66.721401
01662	8.070671	9.279200	1.029786	-0.014831	-1.300826	1.986314	75.558262	-45.283339	66.113762
01663	8.945821	9.172251	1.023619	0.032150	-1.365884	1.899179	76.087602	-46.536311	65.408265
01664	9.584551	9.292882	0.922167	0.163173	-1.330286	1.796932	76.722547	-47.715813	64.676296
01665	10.164342	9.412324	0.850486	0.242920	-1.269568	1.751201	77.408401	-48.862746	63.950012
01666	10.826032	9.401558	0.787315	0.251061	-1.207027	1.755203	78.096443	-49.991863	63.240190
01667	11.409065	9.195439	0.704200	0.295810	-1.111267	1.791066	78.777942	-51.131003	62.583366
01668	12.049549	9.010284	0.607064	0.445364	-0.972392	1.867766	79.474400	-52.286695	62.027534
01669	12.426792	8.965234	0.596057	0.705063	-0.758304	1.963132	80.185150	-53.476664	61.648992
01670	12.365611	9.090996	0.645283	1.071449	-0.511804	2.077727	80.932707	-54.698748	61.490162
01671	12.432812	9.588847	0.776977	1.300469	-0.323927	2.215086	81.669936	-55.987470	61.505865
01672	12.683559	9.866799	0.833803	1.349116	-0.144427	2.353900	82.285105	-57.334180	61.700777
01673	12.844143	9.863765	0.848680	1.417386	0.114573	2.473708	82.700546	-58.736665	62.174259
01674	12.734028	9.974108	0.816601	1.575578	0.444094	2.560428	82.867001	-60.159816	63.035028
01675	12.237953	10.025927	0.763304	1.657617	0.735513	2.653277	82.727605	-61.620769	64.287255
01676	11.673826	10.089314	0.672571	1.656489	0.953984	2.757036	82.250432	-63.115243	65.902693
01677	10.970973	10.095703	0.495551	1.625236	1.114346	2.838093	81.425391	-64.639318	67.864018
01678	10.015987	10.031490	0.402570	1.569930	1.215722	2.866666	80.255301	-66.149903	70.145627
01679	8.485826	9.984447	0.451907	1.519991	1.192486	2.834850	78.864627	-67.627783	72.609576
01680	7.418893	10.056141	0.449173	1.372471	0.992618	2.756629	77.435223	-69.056678	74.998853
01681	6.839419	10.158824	0.791001	0.991609	0.686203	2.647584	76.024370	-70.445961	77.113229
01682	6.708073	9.942194	0.829547	0.593599	0.393159	2.488892	74.676375	-71.768402	78.902616
01683	6.443236	9.506380	0.922985	0.371141	0.269650	2.257293	73.301697	-72.970634	80.573250
01684	5.938408	9.261665	0.884023	0.196934	0.124771	2.021446	72.020018	-74.054537	82.032701
01685	5.868455	9.220235	0.811208	-0.101909	-0.049627	1.789018	70.882941	-75.035713	83.157037
01686	5.465336	8.802349	0.707723	-0.379573	-0.195432	1.559096	69.918063	-75.914353	83.934242
01687	5.017269	8.543491	0.572820	-0.583247	-0.343119	1.337954	69.247108	-76.700439	84.286172
01688	4.451906	8.303178	0.486266	-0.840819	-0.555789	1.137767	69.052464	-77.422488	83.996704
01689	4.178769	8.010296	0.469181	-1.130428	-0.827165	0.944868	69.573364	-78.094297	82.806336
01690	4.265255	7.519846	0.484317	-1.437452	-1.130612	0.752356	71.015348	-78.718188	80.498697
01691	4.760123	6.914718	0.551472	-1.663087	-1.355710	0.526632	73.394385	-79.239836	77.109653
01692	5.460497	6.442316	0.609122	-1.808206	-1.490375	0.278840	76.556805	-79.615336	72.843851
01693	6.318329	5.899054	0.649871	-1.985516	-1.538818	0.029736	80.164006	-79.805807	68.026925
01694	7.253922	5.219521	0.614973	-2.180688	-1.496050	-0.194810	83.725180	-79.815097	63.144360
01695	8.082012	4.437617	0.466223	-2.290675	-1.319867	-0.386960	86.678185	-79.652349	58.814812
01696	8.510903	3.319998	-0.014303	-2.113076	-1.002671	-0.546897	88.636598	-79.362404	55.596904
01697	8.321292	2.204838	-0.356903	-1.629734	-0.601631	-0.680799	89.535411	-78.972588	53.736274
01698	7.837948	1.692166	-0.557488	-1.039426	-0.303059	-0.770145	89.825940	-78.532089	52.837940
01699	7.589061	1.610252	-0.565241	-0.762282	-0.215647	-0.819186	89.987939	-78.057691	52.231649
01700	7.776441	1.378488	-0.614106	-0.686721	-0.224851	-0.824977	90.188951	-77.584615	51.628599
01701	7.956371	1.098883	-0.695087	-0.489794	-0.183392	-0.848149	90.364810	-77.093006	51.165920
01702	7.808498	0.997588	-0.625740	-0.168013	-0.106668	-0.864735	90.514987	-76.596904	50.917966
01703	7.653906	1.393419	-0.461542	0.081926	-0.104828	-0.853885	90.786263	-76.102047	50.692320
01704	7.667346	1.770094	-0.209560	0.141882	-0.163748	-0.807243	91.209682	-75.637783	50.344671
01705	7.678197	1.935088	-0.046470	0.160557	-0.235424	-0.737248	91.778062	-75.207144	49.857660
01706	7.975299	2.330180	0.195011	0.186553	-0.256654	-0.681274	92.382529	-74.811554	49.347722
01707	8.126605	2.564371	0.442944	0.127032	-0.246043	-0.605896	92.909479	-74.453470	48.881923
01708	8.246082	2.705096	0.569455	0.075319	-0.198504	-0.529027	93.300072	-74.144495	48.526207
01709	8.407148	2.962245	0.627596	0.021969	-0.109408	-0.446882	93.477944	-73.880412	48.359445
01710	8.546414	3.142849	0.598369	-0.037920	-0.011649	-0.386166	93.435218	-73.659012	48.386516
01711	8.123773	3.252737	0.466391	-0.070190	0.066313	-0.339332	93.227569	-73.462298	48.566234
01712	7.638123	3.386734	0.297860	-0.080102	0.055043	-0.301143	93.046591	-73.291592	48.712419
01713	7.572174	3.802505	0.255970	-0.120737	-0.038675	-0.282106	93.021673	-73.124067	48.671325
01714	7.671005	4.090105	0.189367	-0.263108	-0.175627	-0.307903	93.171113	-72.942324	48.362696
01715	7.772699	4.156361	0.137269	-0.450832	-0.291203	-0.344140	93.414472	-72.730741	47.842762
01716	7.882029	4.088800	0.083707	-0.552453	-0.372248	-0.384156	93.736110	-72.497619	47.179273
01717	8.137338	4.175929	0.003242	-0.554589	-0.399089	-0.436688	94.080861	-72.227073	46.489163
01718	8.207394	4.377809	-0.124268	-0.566828	-0.413791	-0.492190	94.424707	-71.928128	45.791699
01719	8.132990	4.420811	-0.284709	-0.600986	-0.418664	-0.584465	94.722813	-71.569679	45.120259
01720	8.189209	4.486183	-0.482646	-0.613406	-0.447167	-0.686162	95.031531	-71.156050	44.428824
01721	8.230806	4.358353	-0.785058	-0.631103	-0.473070	-0.813044	95.326651	-70.661943	43.738900
01722	8.207675	4.184264	-1.033299	-0.640624	-0.538014	-0.917706	95.681581	-70.108871	42.977751
01723	8.297112	4.013965	-1.243288	-0.602622	-0.588756	-0.979286	96.090802	-69.510311	42.178861
01724	8.232572	3.959280	-1.216488	-0.495868	-0.581695	-1.015178	96.513443	-68.895475	41.428199
01725	7.935978	3.978163	-1.196250	-0.383585	-0.586396	-1.057188	96.961627	-68.248631	40.715654
01726	7.521377	4.232010	-1.070938	-0.249420	-0.604258	-1.112112	97.470622	-67.572899	40.017511
01727	6.861911	4.708633	-1.024417	-0.030190	-0.598297	-1.183715	98.043070	-66.848666	39.382855
01728	6.090422	5.337388	-1.047358	0.258087	-0.550261	-1.323268	98.656979	-66.052668	38.879941
01729	5.269838	6.003586	-1.355206	0.449428	-0.526423	-1.606999	99.254339	-65.089991	38.511709
01730	3.846090	6.149747	-2.234464	0.542787	-0.582924	-1.977368	99.864551	-63.917258	38.185768
01731	2.770610	6.726846	-2.853303	0.578832	-0.825425	-2.283900	100.656707	-62.538621	37.675121
01732	2.283989	7.623098	-3.538541	0.566144	-1.329676	-2.596102	101.834735	-60.931078	36.711701
01733	103.049775	23.822391	19.332920	-7.662241	-2.470916	1.463339	100.264530	-61.475166	33.498836
01734	-18.744347	-61.852019	-24.511147	-2.776868	8.310439	5.343022	89.795403	-64.954151	43.438564
01735	11.392008	28.074721	-4.075186	17.156423	11.683026	3.232854	84.572982	-66.486961	59.949284
01736	-0.512897	30.389164	9.946793	-5.064512	5.682735	1.754796	73.811009	-66.864597	68.510979
01737	-10.623006	-6.217971	-19.792164	-2.586551	-0.937982	3.318271	72.232941	-68.834151	68.620448
01738	19.579979	9.121543	9.871287	1.298479	-0.705973	5.388152	71.352927	-71.893007	70.349577
01739	28.957048	3.260149	4.766553	-7.716581	-1.542974	2.889543	67.747975	-73.747336	69.500768
01740	7.045369	-13.105603	-0.547338	2.095853	0.836987	1.074948	66.585944	-74.128439	71.964795
01741	12.092949	8.832507	3.424917	2.060404	0.982955	1.585701	64.586436	-74.719385	75.271653
01742	3.234614	6.899719	4.016336	-0.153383	0.218759	2.438779	61.663738	-75.908936	78.207167
01743	11.079859	-3.304989	-0.751320	-3.546270	-3.751584	1.026620	66.714033	-77.372405	70.934484
01744	17.943444	-2.871999	-3.341356	0.081886	-0.442494	0.146279	67.667279	-77.547432	70.011124
01745	8.385154	3.418095	2.330787	2.109112	1.470151	0.089095	65.335119	-77.254618	73.644517
01746	6.617990	3.950020	1.620317	-0.064927	-0.461577	0.157705	66.209022	-77.445012	72.715866
01747	10.538238	2.014855	1.047675	-1.074321	-1.200199	0.360636	68.133529	-77.898410	70.121363
01748	10.127855	-0.181939	0.087893	0.231849	-0.323839	0.166148	68.914914	-78.054424	69.463377
01749	9.682634	2.984287	0.704350	0.733528	-0.137812	0.147916	69.548838	-78.157951	69.250452
01750	9.467612	2.457998	0.341047	-0.199018	-0.428494	0.210905	70.346272	-78.355166	68.324605
01751	10.180096	1.422935	0.312321	-0.145824	-0.339897	0.201744	70.979606	-78.524952	67.598269
01752	9.588468	1.845283	0.612659	0.249439	-0.081209	0.162218	71.192460	-78.627490	67.532014
01753	9.476946	2.132888	0.539548	0.036614	-0.194233	0.159676	71.600135	-78.746041	67.143024
01754	9.720586	1.662737	0.431316	-0.117020	-0.204824	0.130737	71.978950	-78.853409	66.693595
01755	9.753693	1.667475	0.419967	0.039188	-0.067492	0.093510	72.109727	-78.912690	66.588555
01756	9.534841	1.886504	0.579362	0.027817	-0.012187	0.073144	72.094820	-78.954259	66.625072
01757	9.578310	1.694210	0.455731	-0.077235	-0.034010	0.054155	72.101882	-78.986232	66.578140
01758	9.516576	1.681626	0.666115	-0.066770	0.006484	0.034160	72.015459	-79.003251	66.632296
01759	9.521580	1.751605	0.586704	-0.043530	0.002951	0.028089	71.961637	-79.014559	66.667058
01760	9.573554	1.767341	0.519365	-0.097178	0.004098	0.020854	71.876348	-79.024729	66.702306
01761	9.579735	1.679191	0.503087	-0.090040	0.011658	0.017660	71.780718	-79.028842	66.752504
01762	9.529907	1.693669	0.577342	-0.074532	0.032183	0.002222	71.646674	-79.023803	66.850631
01763	9.573225	1.760556	0.571663	-0.073747	0.026654	0.004631	71.530343	-79.018145	66.931422
01764	9.551065	1.724971	0.601684	-0.070994	0.031880	-0.001431	71.402818	-79.011096	67.024978
01765	9.550793	1.724891	0.606213	-0.056370	0.039938	-0.004936	71.268497	-78.997796	67.134241
01766	9.612505	1.758984	0.571610	-0.044293	0.043848	-0.006387	71.127972	-78.985766	67.256632
01767	9.480328	1.743089	0.672400	-0.040761	0.043573	-0.010060	70.997867	-78.968968	67.370718
01768	9.410195	1.761221	0.732687	-0.057348	0.020460	-0.012272	70.921024	-78.958025	67.420619
01769	9.490651	1.762385	0.664799	-0.061157	-0.012361	-0.017735	70.942003	-78.947534	67.368863
01770	9.571191	1.763867	0.595025	-0.045404	-0.016907	-0.015974	70.979211	-78.941570	67.309532
01771	9.531004	1.766081	0.607816	-0.036531	-0.014390	-0.011775	71.013989	-78.934722	67.258086
01772	9.561607	1.782765	0.608014	-0.037976	-0.025142	-0.012918	71.075256	-78.931929	67.178575
01773	9.623544	1.817828	0.567230	-0.033089	-0.017927	-0.012990	71.122757	-78.925108	67.116166
01774	9.610708	1.766900	0.577395	-0.023737	-0.005088	-0.012649	71.136293	-78.918723	67.093602
01775	9.531501	1.801865	0.649032	-0.020227	-0.000498	-0.009692	71.139658	-78.910498	67.083671
01776	9.461738	1.819667	0.704881	-0.034546	-0.023839	-0.007498	71.193976	-78.910372	67.013238
01777	9.581448	1.787722	0.575308	-0.048803	-0.038472	-0.008657	71.284886	-78.909738	66.897404
01778	9.612230	1.803782	0.574269	-0.031840	-0.027906	-0.002653	71.347484	-78.912952	66.820114
01779	9.552049	1.804038	0.613607	-0.040160	-0.031614	-0.001343	71.417489	-78.915023	66.730625
01780	9.631146	1.770079	0.539696	-0.039739	-0.030018	-0.001828	71.480728	-78.919036	66.648072
01781	9.621937	1.786781	0.553217	-0.024311	-0.013856	0.000319	71.509005	-78.918790	66.610354
01782	9.581489	1.784769	0.608242	-0.031576	-0.013861	0.004174	71.526567	-78.923110	66.579111
01783	9.592592	1.801905	0.594706	-0.019514	-0.009906	0.002701	71.544373	-78.923480	66.554861
01784	9.552692	1.802696	0.607515	-0.011047	-0.013820	0.000727	71.576804	-78.925915	66.520453
01785	9.581801	1.784039	0.605452	-0.020337	-0.017954	-0.002960	71.621658	-78.924694	66.468157
01786	9.563793	1.820433	0.592184	-0.008057	-0.013500	-0.000913	71.656442	-78.926171	66.433096
01787	9.530992	1.767639	0.629089	-0.009499	-0.024256	-0.002072	71.724130	-78.926589	66.363856
01788	9.562338	1.786216	0.585979	-0.012790	-0.028356	-0.001499	71.798080	-78.930396	66.286125
01789	9.493447	1.805947	0.598341	-0.009613	-0.022088	-0.000509	71.858193	-78.931284	66.224533
01790	9.491509	1.768655	0.635241	-0.025503	-0.048604	0.001201	71.978905	-78.940121	66.091733
01791	9.552051	1.768287	0.588933	-0.026524	-0.057767	-0.000441	72.128794	-78.947333	65.928792
01792	9.544822	1.819178	0.601114	-0.019651	-0.059986	0.003731	72.282838	-78.959416	65.765455
01793	9.563742	1.785365	0.565296	-0.023915	-0.064522	-0.000681	72.453760	-78.967531	65.582611
01794	9.564502	1.787813	0.517945	-0.021075	-0.051742	0.004990	72.583385	-78.978712	65.443333
01795	9.571630	1.730690	0.580531	-0.029985	-0.048828	-0.000054	72.706660	-78.984357	65.305494
01796	9.604865	1.786710	0.496497	-0.032692	-0.030572	-0.009113	72.782803	-78.984118	65.213925
01797	9.504508	1.785669	0.592149	-0.040171	-0.031086	-0.008755	72.857971	-78.981958	65.119147
01798	9.584469	1.784056	0.561581	-0.047237	-0.044197	-0.004645	72.960243	-78.986409	64.992469
01799	9.604726	1.785163	0.530603	-0.032119	-0.031777	-0.003612	73.037458	-78.987160	64.900301
01800	9.493953	1.768971	0.596665	-0.033406	-0.035980	-0.009673	73.128922	-78.987412	64.792708
01801	9.543137	1.752093	0.564229	-0.039337	-0.046942	-0.012119	73.251917	-78.985985	64.649682
01802	9.564622	1.785865	0.576658	-0.025665	-0.050121	-0.018901	73.395462	-78.983410	64.493548
01803	9.635660	1.808049	0.475175	-0.022865	-0.050916	-0.016534	73.542615	-78.980109	64.335518
01804	9.653768	1.773083	0.483309	-0.022863	-0.031875	-0.014114	73.632151	-78.977074	64.236041
01805	9.623019	1.762106	0.438399	-0.020962	-0.006826	-0.026770	73.664275	-78.960976	64.196305
01806	9.568148	1.677033	0.503313	-0.023568	0.013202	-0.047354	73.653656	-78.932376	64.198454
01807	9.568851	1.719934	0.466392	-0.021951	0.038380	-0.071052	73.594735	-78.884682	64.250908
01808	9.568369	1.756014	0.557800	-0.019144	0.050866	-0.089528	73.516591	-78.826797	64.324464
01809	9.586555	1.765835	0.534631	-0.025738	0.043229	-0.095878	73.463507	-78.764696	64.368775
01810	9.778646	1.865873	0.363851	-0.005710	0.061382	-0.104005	73.377463	-78.697108	64.458266
01811	9.616454	1.875849	0.468436	0.002198	0.077065	-0.101508	73.253890	-78.626365	64.590816
01812	9.611974	1.845473	0.559041	0.001951	0.104299	-0.105881	73.059846	-78.550544	64.795009
01813	9.571178	1.893699	0.544153	-0.000476	0.125644	-0.106238	72.811827	-78.468902	65.053060
01814	9.666234	1.838313	0.454550	-0.016134	0.142011	-0.113590	72.519214	-78.382082	65.347409
01815	9.724372	1.881662	0.473879	0.003987	0.193802	-0.119805	72.113306	-78.280655	65.769461
01816	9.573218	1.975608	0.625099	-0.003642	0.222393	-0.111126	71.626404	-78.180034	66.269789
01817	9.548237	1.921502	0.585297	-0.033626	0.221559	-0.100606	71.125674	-78.082594	66.767028
01818	9.574660	1.943899	0.651799	-0.034096	0.238776	-0.097518	70.584191	-77.984467	67.305674
01819	9.360483	1.999172	0.843282	-0.022186	0.226809	-0.083142	70.077367	-77.893615	67.816208
01820	9.396112	1.939911	0.802137	-0.043768	0.171135	-0.069999	69.689944	-77.821745	68.191954
01821	9.421837	1.924703	0.859326	-0.031065	0.146293	-0.065089	69.373149	-77.755248	68.503143
01822	9.319655	1.963913	0.927726	-0.022867	0.095787	-0.059201	69.180762	-77.703608	68.691730
01823	9.439650	1.970880	0.853231	-0.042769	0.041223	-0.047302	69.102876	-77.667638	68.751637
01824	9.510193	1.962748	0.759316	-0.025650	0.030829	-0.045258	69.056675	-77.636611	68.789000
01825	9.578719	1.917388	0.704202	-0.029834	0.026266	-0.049718	69.025438	-77.602410	68.808748
01826	9.538185	1.957059	0.723899	-0.035347	0.045132	-0.060997	68.954060	-77.560015	68.866210
01827	9.535472	1.959744	0.771015	-0.032524	0.044971	-0.066112	68.891748	-77.513219	68.916209
01828	9.562366	1.882707	0.728041	-0.039013	0.043344	-0.080916	68.841962	-77.460521	68.949425
01829	9.562138	1.959647	0.739147	-0.022582	0.067786	-0.093382	68.756875	-77.394442	69.028614
01830	9.469953	2.050633	0.834354	-0.016649	0.065208	-0.094162	68.681062	-77.330107	69.101651
01831	9.476417	2.039243	0.866826	-0.026720	0.039762	-0.082953	68.651757	-77.275417	69.121266
01832	9.505659	2.000502	0.782745	-0.027531	0.019173	-0.075487	68.662033	-77.230632	69.099677
01833	9.484012	2.040248	0.815639	-0.011668	0.029497	-0.074290	68.657637	-77.182724	69.102599
01834	9.411525	2.061084	0.873022	-0.003832	0.005051	-0.057776	68.698162	-77.150331	69.063904
01835	9.492358	2.069025	0.804194	-0.003542	-0.023259	-0.038585	68.788979	-77.132464	68.973935
01836	9.521014	1.988970	0.754461	0.010043	-0.013332	-0.034318	68.858691	-77.116388	68.913450
01837	9.512322	2.046446	0.728914	0.015805	-0.005021	-0.036801	68.915929	-77.095684	68.869284
01838	9.571228	2.049046	0.730610	0.005137	0.010850	-0.044928	68.935670	-77.068929	68.857173
01839	9.537209	1.965401	0.766819	-0.001321	0.020539	-0.057900	68.942286	-77.031699	68.854871
01840	9.506047	1.989968	0.770148	0.004774	0.039806	-0.082584	68.928243	-76.978847	68.877215
01841	9.463085	2.029394	0.831690	-0.000696	0.041831	-0.094800	68.918901	-76.917536	68.891659
01842	9.482729	2.109319	0.813068	-0.006545	0.033569	-0.103294	68.931247	-76.854896	68.880259
01843	9.521903	2.122391	0.760873	-0.019260	0.020771	-0.100154	68.964059	-76.795078	68.840490
01844	9.759499	1.966654	0.631337	-0.055406	0.029615	-0.134470	68.984282	-76.716575	68.792231
01845	9.997042	1.887228	0.510794	-0.048088	0.088690	-0.237869	68.966173	-76.569176	68.787794
01846	9.615786	2.053293	0.791153	0.019035	0.162826	-0.304445	68.877902	-76.372362	68.894937
01847	9.467757	1.949995	0.776028	-0.024545	0.130151	-0.360940	68.887445	-76.150685	68.875916
01848	9.480003	1.881582	1.034919	0.025620	0.118690	-0.430108	69.004817	-75.895773	68.775236
01849	9.380726	2.078556	1.052831	0.121243	0.102955	-0.439082	69.213974	-75.637862	68.636406
01850	9.419769	2.386642	0.768253	0.123994	0.053751	-0.461104	69.535652	-75.379260	68.382693
01851	9.659311	2.387450	0.719368	0.002929	0.026101	-0.509928	69.871963	-75.098232	68.041931
01852	9.761055	2.256783	0.644278	0.070967	0.102013	-0.560154	70.118693	-74.776170	67.833701
01853	9.571611	2.388821	0.766614	0.076863	0.137368	-0.612201	70.328023	-74.417697	67.667564
01854	9.543422	2.499602	0.795792	0.078368	0.147462	-0.639383	70.527895	-74.043741	67.511723
01855	9.315752	2.751567	0.928442	0.099385	0.182471	-0.606052	70.646346	-73.679762	67.453025
01856	9.196411	2.836420	0.954376	0.045338	0.154132	-0.566341	70.755467	-73.343843	67.371524
01857	8.942475	2.877919	1.153913	0.018062	0.120138	-0.482915	70.855274	-73.058163	67.283433
01858	9.118134	2.794626	1.075304	-0.005726	0.050256	-0.402362	71.011256	-72.830394	67.122067
01859	9.398083	2.829115	0.823898	-0.018404	0.058712	-0.368421	71.122023	-72.618052	67.000384
01860	9.310320	2.940457	0.890949	0.021556	0.112018	-0.341227	71.144828	-72.411822	66.994659
01861	9.356169	2.816263	0.947871	-0.050251	0.081129	-0.343720	71.180936	-72.208674	66.931916
01862	9.348565	2.739212	1.033540	-0.013082	0.087374	-0.353711	71.231484	-72.000220	66.876168
01863	9.311914	2.838151	1.073613	0.040683	0.093340	-0.362670	71.307427	-71.784534	66.826180
01864	9.285871	2.959098	1.058013	0.030709	0.076706	-0.352790	71.397135	-71.578492	66.755478
01865	9.465788	2.952849	1.097234	0.030384	0.056308	-0.364903	71.525063	-71.368302	66.644312
01866	9.716574	2.777754	0.971476	0.007319	0.069087	-0.425933	71.648399	-71.123787	66.523762
01867	9.652598	3.037001	0.838065	0.122230	0.149478	-0.491980	71.742785	-70.827605	66.503407
01868	9.473058	3.151172	0.974448	0.085815	0.167499	-0.536519	71.808939	-70.505146	66.490698
01869	9.334828	3.108300	0.945896	0.054170	0.142220	-0.562755	71.907746	-70.171734	66.424164
01870	8.964385	3.264791	0.961124	0.109901	0.150660	-0.565201	72.023528	-69.836624	66.373276
01871	8.684917	3.413876	1.133193	0.070188	0.100304	-0.500653	72.157897	-69.544382	66.278339
01872	8.336853	3.345080	1.170436	-0.013490	0.042264	-0.414081	72.284668	-69.310611	66.140010
01873	8.673617	3.358773	1.244740	0.001803	-0.017896	-0.316858	72.459913	-69.139051	65.959151
01874	9.230259	3.253384	1.091362	-0.050900	-0.058562	-0.301982	72.652917	-68.983591	65.726622
01875	9.565594	3.382579	0.998714	0.012777	-0.035283	-0.330881	72.859332	-68.806891	65.518681
01876	9.856471	3.255109	1.139610	-0.045327	-0.050082	-0.421677	73.088113	-68.583833	65.250604
01877	9.862566	3.211965	0.961658	-0.003270	-0.019231	-0.539623	73.342308	-68.289425	64.980743
01878	9.499829	3.528592	1.090032	0.087542	0.017733	-0.626209	73.625188	-67.942110	64.735331
01879	9.873648	3.429457	1.234899	-0.050787	-0.074487	-0.708136	73.976439	-67.562872	64.329890
01880	9.828058	3.257331	0.970972	0.039746	-0.017346	-0.835321	74.338075	-67.104729	63.968079
01881	9.626873	3.716983	1.016138	0.107386	0.015520	-0.930683	74.715648	-66.587010	63.629869
01882	9.408142	3.857353	0.882597	0.042488	0.010552	-0.981437	75.064026	-66.042131	63.281486
01883	9.689135	3.878729	1.003851	-0.027135	-0.016694	-1.032432	75.407273	-65.471172	62.893562
01884	9.809764	3.766992	0.996508	-0.032661	0.023528	-1.107101	75.705443	-64.853123	62.549886
01885	9.621117	3.929663	0.858156	0.049976	0.096456	-1.179362	75.972068	-64.183103	62.291871
01886	9.792540	4.173066	0.998780	0.007110	0.104790	-1.231666	76.206182	-63.483269	62.041131
01887	9.991545	4.060550	0.906247	-0.026010	0.158597	-1.310113	76.371676	-62.731251	61.844553
01888	10.011677	4.121543	1.277154	0.113530	0.266240	-1.407420	76.517791	-61.911170	61.758652
01889	10.080632	4.140853	1.016313	-0.040687	0.275900	-1.493508	76.581534	-61.041043	61.665338
01890	9.240030	4.219331	1.144067	0.251794	0.393870	-1.556534	76.705344	-60.120811	61.694559
01891	8.644250	4.510104	1.364730	0.216925	0.357317	-1.630743	76.857912	-59.163428	61.667652
01892	8.538615	4.577513	1.629023	0.193105	0.243841	-1.647010	77.098003	-58.212157	61.521985
01893	8.741244	4.397725	1.645440	0.207604	0.215506	-1.698815	77.370561	-57.234665	61.346252
01894	8.593567	4.396769	1.708722	0.305537	0.208651	-1.733595	77.698280	-56.238616	61.169664
01895	8.198106	4.705071	1.476880	0.478226	0.243804	-1.743678	78.083091	-55.231700	61.041600
01896	7.822725	5.177625	1.249615	0.536202	0.234965	-1.738043	78.493581	-54.228908	60.921245
01897	7.543885	5.433047	1.094360	0.471765	0.192975	-1.696218	78.879661	-53.253528	60.783782
01898	7.419470	5.223922	1.234566	0.296063	0.132788	-1.615346	79.186730	-52.330070	60.617497
01899	7.848910	4.922165	1.507346	0.220351	0.139639	-1.529443	79.423783	-51.453464	60.482925
01900	7.199430	4.462605	1.159731	0.387589	0.242209	-1.472074	79.670287	-50.598494	60.457927
01901	6.649675	5.703562	1.064305	0.712629	0.292296	-1.432240	80.057733	-49.760698	60.491415
01902	6.572905	6.445914	0.995594	0.685824	0.173588	-1.407822	80.499182	-48.948522	60.434084
01903	7.150788	6.749024	1.246133	0.305844	0.007980	-1.337460	80.813993	-48.191085	60.254403
01904	7.399686	5.971461	1.136576	0.190577	0.029514	-1.328491	81.041265	-47.436438	60.101788
01905	6.858793	6.410050	0.565130	0.612455	0.206739	-1.334402	81.395552	-46.662229	60.103783
01906	6.624805	7.219284	0.716510	0.674093	0.203991	-1.363892	81.784510	-45.871763	60.106921
01907	7.123549	7.321805	0.831851	0.191508	0.024661	-1.295183	81.990448	-45.134547	59.978862
01908	7.801083	6.788517	0.581109	0.112074	0.115145	-1.295001	82.095885	-44.390260	59.927414
01909	7.396244	7.423330	0.360250	0.397784	0.384849	-1.322915	82.216730	-43.608760	60.088594
01910	6.544251	7.468558	0.235675	0.326730	0.413823	-1.353905	82.285696	-42.807830	60.268582
01911	6.147782	7.709079	0.123844	0.153390	0.367045	-1.324999	82.280488	-42.026765	60.413968
01912	6.137571	7.564369	0.282813	-0.002364	0.284744	-1.293691	82.228450	-41.269995	60.497746
01913	6.290731	7.232186	0.431768	-0.147619	0.274828	-1.258849	82.098299	-40.533393	60.575079
01914	6.080108	7.234626	0.702905	-0.081046	0.361588	-1.239267	81.966038	-39.801164	60.715874
01915	5.527119	7.526900	0.735722	-0.026659	0.389177	-1.213639	81.854144	-39.080745	60.876009
01916	5.407987	7.682129	1.283948	-0.087224	0.349139	-1.166170	81.726200	-38.390539	61.008590
01917	5.247048	7.409650	1.394088	-0.116971	0.340373	-1.119113	81.585487	-37.727152	61.136440
01918	5.183768	7.253271	1.670317	-0.083425	0.333370	-1.063584	81.466223	-37.095944	61.262287
01919	5.232809	7.074396	1.640161	-0.017937	0.312543	-0.999006	81.391764	-36.502540	61.377895
01920	5.366413	7.066297	1.930345	0.052818	0.310049	-0.967127	81.358640	-35.927716	61.493631
01921	5.227555	6.967780	1.813743	0.150705	0.281477	-0.960578	81.394189	-35.358676	61.589356
01922	5.372395	7.336965	1.719111	0.261443	0.263194	-0.957780	81.500983	-34.793259	61.672875
01923	5.519416	7.509352	1.583897	0.289019	0.220701	-0.975793	81.641192	-34.220996	61.726335
01924	5.452767	7.745929	1.307025	0.353723	0.178886	-1.037337	81.837506	-33.617765	61.746673
01925	5.859307	8.253221	0.971403	0.366962	0.129082	-1.103420	82.062052	-32.980787	61.729489
01926	6.477028	8.570049	0.770231	0.276583	0.105805	-1.195048	82.246378	-32.293894	61.690810
01927	6.626401	8.243371	0.638938	0.162559	0.141777	-1.328378	82.357199	-31.528214	61.666616
01928	6.439718	8.081900	0.721479	0.208531	0.229616	-1.461200	82.469174	-30.680655	61.690812
01929	5.883530	8.136616	0.937025	0.210487	0.262270	-1.588714	82.576419	-29.758202	61.727168
01930	5.720309	8.092716	1.043358	0.151754	0.209511	-1.700480	82.671273	-28.776241	61.721218
01931	5.605115	7.901494	1.096953	0.143460	0.191290	-1.829198	82.770886	-27.722515	61.694879
01932	5.451222	7.829055	1.147622	0.147718	0.158908	-1.943155	82.885057	-26.606208	61.641133
01933	5.705813	7.517554	1.401550	0.066407	0.102317	-2.015949	82.968660	-25.452669	61.548563
01934	5.872234	7.253263	1.734228	0.099825	0.213021	-2.094576	83.042038	-24.246331	61.521945
01935	5.438559	6.204633	1.885734	0.155906	0.318498	-2.102404	83.120038	-23.028764	61.562265
01936	4.718104	6.167929	2.176578	0.480213	0.537536	-2.046462	83.330688	-21.827783	61.744405
01937	3.047610	4.407276	1.612284	0.521835	0.501123	-1.972602	83.573162	-20.672761	61.913181
01938	4.807451	4.287190	1.125941	0.725441	0.211434	-1.304383	83.978922	-19.916385	61.956100
01939	8.350231	3.487767	5.013214	-1.002169	-0.106156	-0.479105	83.441444	-19.651111	61.860916
01940	7.527385	2.729968	2.960517	-1.635372	0.351006	0.373871	82.428037	-19.838655	62.101859
01941	6.498069	2.429890	2.538302	-0.331896	0.804135	0.814663	82.051953	-20.240742	62.656047
01942	3.325136	2.353964	2.347856	-0.581916	0.381666	1.264356	81.603247	-20.926404	62.998162
01943	4.368675	3.005963	2.934006	-1.705544	-0.306366	1.728464	80.637279	-21.934301	62.977370
01944	6.175704	2.165756	2.662208	-2.489177	-0.589439	1.873303	79.275879	-23.049699	62.820940
01945	7.477438	1.010977	2.484375	-2.223295	-0.147021	1.954711	77.944175	-24.167110	62.973665
01946	7.207834	1.208928	2.174004	-1.429083	0.622146	2.002608	76.854970	-25.208742	63.632909
01947	5.814256	2.274993	2.002927	-1.224759	0.903480	2.120299	75.774420	-26.270346	64.512018
01948	4.499148	2.588734	1.640079	-1.402313	0.738641	2.263305	74.600652	-27.415431	65.343016
01949	3.751466	3.058108	1.375726	-1.433247	0.403435	2.387742	73.462414	-28.671252	66.023153
01950	3.973308	4.078705	1.555646	-1.408961	0.006480	2.479652	72.423309	-30.027956	66.506212
01951	4.813137	4.873047	1.992515	-1.713790	-0.426052	2.558734	71.309389	-31.501446	66.769385
01952	6.113062	4.756250	2.131189	-2.109069	-0.770255	2.626066	70.054065	-33.066845	66.866423
01953	7.313725	4.456694	2.150127	-2.108939	-0.776104	2.627666	68.771126	-34.637090	67.005024
01954	7.800804	4.345043	2.016064	-1.808514	-0.585319	2.567084	67.572019	-36.126636	67.294865
01955	7.726629	4.839460	2.009602	-1.530270	-0.423545	2.511589	66.442512	-37.551052	67.720720
01956	7.494247	5.227072	1.854016	-1.491865	-0.450959	2.473184	65.321548	-38.949420	68.158642
01957	7.327566	5.205515	1.686761	-1.461982	-0.557725	2.439526	64.230609	-40.355268	68.559707
01958	7.291488	5.062299	1.501333	-1.362888	-0.703803	2.388291	63.241614	-41.760262	68.884080
01959	7.635351	4.923779	1.491040	-1.252400	-0.857799	2.336326	62.364855	-43.180924	69.123952
01960	8.156759	4.813860	1.532918	-1.129643	-0.972473	2.276896	61.605667	-44.593746	69.292582
01961	8.612945	4.888482	1.579076	-0.978690	-1.056081	2.219697	60.964354	-46.005516	69.410074
01962	8.883972	4.949353	1.601451	-0.836834	-1.097401	2.158990	60.428517	-47.391372	69.494349
01963	8.927293	5.036180	1.665445	-0.709508	-1.173849	2.095215	60.008662	-48.773285	69.516486
01964	8.908812	5.307861	1.740865	-0.566644	-1.290636	1.995552	59.765407	-50.132730	69.415911
01965	8.924151	5.664460	1.871345	-0.448077	-1.456369	1.879211	59.728088	-51.489354	69.137169
01966	9.138353	5.885413	1.881459	-0.368149	-1.642507	1.747720	59.920640	-52.827465	68.632585
01967	9.303269	6.040512	1.762944	-0.225504	-1.793769	1.598267	60.380738	-54.139531	67.903898
01968	9.725499	6.220838	1.744026	-0.092184	-1.949994	1.449003	61.138359	-55.409158	66.917970
01969	10.200875	6.402895	1.709311	0.027370	-2.067009	1.286598	62.182821	-56.626552	65.682162
01970	10.866078	6.492399	1.630296	0.167312	-2.101668	1.122238	63.489003	-57.747880	64.248107
01971	11.679520	6.415620	1.584247	0.290146	-2.042753	0.968120	64.971409	-58.762711	62.705579
01972	12.536375	6.194094	1.353322	0.454832	-1.924668	0.843633	66.590808	-59.655445	61.129713
01973	13.130125	6.052404	1.083249	0.733897	-1.696686	0.770563	68.278484	-60.442698	59.672632
01974	13.064924	6.226751	0.872885	1.114407	-1.425490	0.746206	70.013464	-61.132523	58.422157
01975	12.934901	6.730164	0.831669	1.382014	-1.314221	0.794476	71.845142	-61.815336	57.244249
01976	13.071592	7.168838	0.773242	1.574935	-1.302391	0.877434	73.820332	-62.515507	56.036764
01977	13.988342	7.769579	0.829964	1.751111	-1.320838	0.996078	75.965568	-63.270217	54.759747
01978	15.072701	8.490804	0.872357	1.958826	-1.224292	1.162633	78.171715	-64.076079	53.556139
01979	15.950898	9.108558	1.010912	2.061862	-0.986932	1.375835	80.214538	-64.962652	52.607790
01980	16.341521	9.541321	1.239394	2.159200	-0.626158	1.642843	81.910718	-65.947897	52.108682
01981	15.939528	9.849391	1.300411	2.267271	-0.175923	1.943443	83.112358	-67.070857	52.220769
01982	15.091109	10.227547	1.332316	2.343275	0.291593	2.273027	83.687979	-68.345079	53.055104
01983	13.234832	10.564092	1.515925	2.329040	0.692368	2.591412	83.567378	-69.782004	54.618580
01984	10.581597	10.732128	1.690266	2.287369	0.924075	2.859108	82.841156	-71.345928	56.783620
01985	8.607128	11.678595	2.316108	2.054612	0.925120	2.987567	81.674583	-72.975386	59.250956
01986	6.946004	12.532487	2.850550	1.538592	0.721603	2.977238	80.231596	-74.594990	61.676790
01987	5.348628	13.249212	2.853767	1.072820	0.571337	2.795912	78.486418	-76.112302	64.120870
01988	2.909004	13.661840	2.916755	0.758841	0.409657	2.546869	76.603591	-77.486494	66.506346
01989	1.610829	14.453772	2.964157	0.103119	-0.070200	2.349436	75.293421	-78.803545	67.910439
01990	2.235804	14.229134	2.884007	-0.950799	-0.598869	1.990415	74.957059	-79.993417	67.703485
01991	3.406998	12.099678	2.148958	-1.536495	-0.654675	1.528135	74.878056	-80.935920	66.896036
01992	3.818127	10.526730	1.547472	-1.795535	-0.396352	0.932903	74.348718	-81.511106	66.395741
01993	3.233351	8.457790	0.815582	-2.131690	-0.247320	0.248506	73.787029	-81.685005	65.734065
01994	2.655320	6.044533	-0.298527	-2.292261	-0.313754	-0.445847	74.118873	-81.488752	64.076004
01995	2.687546	4.228105	-1.244711	-2.229776	-0.513912	-1.077290	75.726753	-80.966482	61.161648
01996	3.569587	2.889351	-1.736018	-2.125031	-0.831131	-1.604192	78.538198	-80.175610	57.082642
01997	5.500657	1.679307	-1.905734	-2.176252	-1.207014	-1.964795	82.078020	-79.178566	52.222644
01998	6.951807	0.216290	-2.236705	-2.172344	-1.349194	-2.255166	85.339472	-77.977723	47.630856
01999	8.103720	-1.265435	-2.109154	-1.480105	-1.266193	-2.442431	88.064857	-76.618968	43.973353
02000	9.121628	-1.366002	-1.668217	-0.338603	-0.966890	-2.502240	90.167013	-75.193502	41.611268
02001	9.696027	-0.016493	-0.908978	0.321041	-0.852148	-2.374530	92.021343	-73.821584	39.883418
02002	10.507561	0.099125	-0.617116	0.463979	-0.864320	-2.082857	93.730398	-72.604599	38.381283
02003	11.350622	0.147077	-0.223113	0.876974	-0.574742	-1.709997	95.021328	-71.600793	37.558215
02004	11.324137	0.802536	0.183080	1.321004	-0.138582	-1.302434	95.806012	-70.850283	37.534134
02005	10.791182	1.428241	0.502219	1.469681	0.167897	-0.890694	96.227774	-70.351535	37.985206
02006	10.265215	1.871776	0.715280	1.567002	0.451904	-0.519890	96.322026	-70.083640	38.844483
02007	9.636055	2.767610	0.886040	1.684409	0.755024	-0.225706	96.067459	-70.000725	40.147515
02008	8.836746	3.782009	1.028480	1.692177	0.970859	-0.012566	95.514915	-70.049587	41.772338
02009	7.992451	4.778458	0.930578	1.617012	1.113693	0.112154	94.703235	-70.169426	43.626144
02010	6.747552	5.563771	0.832399	1.408460	1.151705	0.132861	93.697063	-70.293559	45.558144
02011	5.111702	6.074116	0.812900	0.981828	0.970373	0.090553	92.716758	-70.375157	47.201900
02012	3.972184	6.301696	0.475209	0.395388	0.523302	0.025494	92.106774	-70.402209	48.095237
02013	3.952586	6.313102	0.181129	-0.103779	0.003934	-0.072478	92.038899	-70.358946	48.109505
02014	4.396372	6.424481	0.052937	-0.363106	-0.356428	-0.227304	92.388953	-70.220754	47.521978
02015	4.712359	6.562872	0.016702	-0.590047	-0.653287	-0.370806	93.057978	-69.988370	46.456296
02016	5.317787	6.632382	0.111189	-0.852226	-0.914307	-0.485127	93.949765	-69.678750	44.991418
02017	6.076863	6.730243	0.213757	-0.996629	-1.085955	-0.602866	94.965941	-69.283111	43.302018
02018	6.826353	6.961997	0.339295	-1.137223	-1.186327	-0.737350	95.978281	-68.797582	41.525568
02019	7.379752	7.090843	0.552971	-1.244474	-1.187733	-0.881932	96.840230	-68.216108	39.838142
02020	7.790702	6.897428	0.652037	-1.344988	-1.104907	-1.085054	97.427133	-67.520478	38.378051
02021	7.915376	6.516957	0.678083	-1.357703	-0.958933	-1.286967	97.709643	-66.713447	37.232201
02022	8.166936	6.249153	0.806875	-1.309961	-0.823783	-1.441730	97.772936	-65.831252	36.348672
02023	8.794708	5.920377	1.183248	-1.365406	-0.688289	-1.554696	97.582924	-64.891820	35.702068
02024	9.529642	5.330725	1.216258	-1.411025	-0.480499	-1.638889	97.097207	-63.925249	35.349750
02025	9.740047	4.581854	0.888826	-1.169757	-0.129965	-1.705481	96.345549	-62.942027	35.445691
02026	9.027326	3.943636	0.487796	-0.548480	0.310920	-1.769229	95.494540	-61.951997	36.056707
02027	7.812764	4.117434	0.109527	0.023835	0.600732	-1.813393	94.708000	-60.943674	36.972550
02028	6.518940	4.063254	-0.447043	0.338976	0.621273	-1.894620	94.133083	-59.888644	37.862694
02029	13.750852	5.159432	-4.763181	0.722624	0.482395	-1.893145	93.952906	-58.822084	38.558331
02030	85.441740	-1.573309	13.870016	-7.567014	0.867919	4.707846	88.868630	-61.530158	39.425879
02031	-19.573208	-34.640483	-16.283712	8.025663	10.014584	4.931427	81.914338	-63.897185	52.420458
02032	18.261998	35.570462	3.438055	10.049693	7.484116	3.106597	78.207749	-64.913529	62.918031
02033	-15.255701	9.922593	-5.929381	-3.334719	1.051934	2.586740	74.233213	-66.207372	65.189859
02034	11.563361	9.476003	-12.348447	-0.109595	-2.218290	5.250563	75.238980	-69.443939	64.041795
02035	26.281697	6.590119	3.120518	-6.321817	-1.915585	3.457091	73.079496	-71.645785	62.496022
02036	17.041898	-7.549178	2.872001	-0.749075	-0.012099	2.420509	71.345372	-72.968089	63.870871
02037	15.376358	2.110893	-0.315658	0.527718	1.169785	1.385547	68.660919	-73.482655	66.995745
02038	9.001206	5.405323	-0.441543	0.081204	0.805043	1.166378	66.377910	-73.923365	69.427956
02039	8.960815	4.137548	2.448548	-1.433201	0.395491	1.511823	63.531435	-74.609890	71.537524
02040	10.096265	-2.819811	2.654831	-1.853370	-0.523718	1.009031	62.490596	-75.260654	71.520870
02041	9.468408	-0.106965	0.810519	0.468784	0.337210	0.443678	61.656991	-75.392475	72.665600
02042	6.843378	4.191669	3.489907	0.788267	0.118310	0.675375	61.161672	-75.699229	73.648669
02043	10.493096	1.877542	0.528356	-0.840531	-1.176170	0.575468	62.441588	-76.305955	71.838604
02044	10.727202	-0.147905	0.379339	-0.093658	-0.426565	0.172338	63.101924	-76.505007	71.109164
02045	8.559274	2.577581	1.928831	0.692988	-0.286079	0.107229	64.002449	-76.630878	70.596815
02046	9.352338	2.608916	0.967817	-0.117219	-0.798372	0.154791	65.536372	-76.905567	68.957206
02047	10.496790	1.577403	0.098757	0.007192	-0.604932	0.132237	66.784925	-77.112756	67.685339
02048	10.155190	2.113582	-0.045575	0.183536	-0.253835	0.055777	67.424940	-77.198255	67.141877
02049	9.969694	2.187167	0.368252	-0.017582	-0.127787	0.038401	67.679300	-77.244437	66.875986
02050	9.781760	1.952303	0.537796	0.020770	0.024943	0.027991	67.607575	-77.253317	66.966846
02051	9.420248	2.085963	0.852404	-0.005455	0.050765	0.022138	67.467550	-77.251844	67.112476
02052	9.415532	1.906588	0.872294	-0.024900	0.022138	0.026927	67.377048	-77.260701	67.195755
02053	9.455879	1.905771	0.861568	-0.006489	0.022077	0.009824	67.315444	-77.258950	67.260372
02054	9.396684	1.968557	0.913666	-0.001261	0.003050	0.005786	67.303682	-77.260814	67.276809
02055	9.438895	2.009316	0.863384	-0.005128	-0.015322	0.008329	67.331714	-77.266542	67.250322
02056	9.477832	1.941291	0.838210	-0.005295	-0.024506	0.007744	67.380226	-77.275523	67.202597
02057	9.478082	1.941009	0.836033	-0.009155	-0.024391	-0.003060	67.438337	-77.277225	67.142907
02058	9.539837	1.952991	0.751680	-0.013131	-0.021300	-0.019684	67.501601	-77.270966	67.075456
02059	9.549905	2.001846	0.787088	-0.010906	0.008180	-0.026427	67.505037	-77.253155	67.070788
02060	9.499259	2.018333	0.817328	-0.021969	0.001567	-0.025214	67.514942	-77.238946	67.052847
02061	9.526652	1.934602	0.805909	-0.027242	0.006828	-0.028578	67.514229	-77.220304	67.042835
02062	9.536355	1.984269	0.843185	-0.019858	0.013928	-0.037063	67.507904	-77.197113	67.042774
02063	9.527324	2.043291	0.824611	-0.019857	0.013923	-0.037059	67.503040	-77.172444	67.041355
02064	9.534801	1.963795	0.799772	-0.024049	0.015754	-0.049729	67.502269	-77.142148	67.033134
02065	9.523725	1.983679	0.818006	-0.016061	0.016052	-0.052168	67.509128	-77.109027	67.021920
02066	9.544516	2.060588	0.802937	-0.017684	0.018338	-0.053421	67.509510	-77.076209	67.016255
02067	9.511940	2.042733	0.844687	-0.021586	0.040124	-0.052260	67.457851	-77.037771	67.061835
02068	9.439557	1.995621	0.852990	-0.035367	0.025437	-0.050421	67.429074	-77.004982	67.075695
02069	9.508725	2.017878	0.846068	-0.024460	0.022881	-0.052209	67.415592	-76.970365	67.080412
02070	9.528756	2.060452	0.826437	-0.025811	0.020088	-0.049302	67.403595	-76.939344	67.082672
02071	9.567579	2.004561	0.763982	-0.019705	0.030242	-0.051976	67.375960	-76.903240	67.104717
02072	9.515562	2.050789	0.844000	-0.015511	0.038084	-0.049683	67.329523	-76.868046	67.148399
02073	9.472953	2.047608	0.902460	-0.011694	0.033022	-0.049227	67.297921	-76.832791	67.179239
02074	9.494047	2.157817	0.894222	-0.005987	0.034354	-0.035933	67.252788	-76.805676	67.227198
02075	9.432317	2.093452	0.885251	-0.018829	0.022414	-0.023978	67.217438	-76.786106	67.257694
02076	9.410668	2.056831	0.908966	-0.020488	0.002878	-0.009664	67.210228	-76.779840	67.258171
02077	9.602110	1.990616	0.760817	-0.023124	-0.015568	-0.018761	67.252907	-76.771454	67.205985
02078	9.571708	2.072439	0.817184	-0.009441	0.052299	-0.034511	67.164544	-76.741094	67.296334
02079	9.357758	2.043068	0.939503	-0.022971	0.038839	-0.036646	67.102321	-76.711194	67.352011
02080	9.517792	1.990497	0.838538	-0.018952	0.020417	-0.040111	67.085618	-76.684948	67.363148
02081	9.528161	2.081831	0.841255	-0.006206	0.040278	-0.047492	67.040385	-76.649003	67.411247
02082	9.628329	2.127712	0.797850	-0.028875	0.045875	-0.056342	66.977011	-76.608495	67.464514
02083	9.543993	2.055609	0.861709	-0.030121	0.085317	-0.066091	66.836855	-76.552609	67.596135
02084	9.490159	2.069195	0.941096	-0.027524	0.079208	-0.077635	66.722188	-76.493310	67.702967
02085	9.448257	2.142973	0.972552	-0.022902	0.077395	-0.077988	66.616784	-76.432851	67.803161
02086	9.515343	2.066091	0.953215	-0.042139	0.034922	-0.080822	66.594718	-76.381876	67.806160
02087	9.736642	1.998552	0.767451	-0.027670	0.055595	-0.120180	66.574506	-76.304170	67.815920
02088	9.674448	2.149087	0.794899	-0.000722	0.097345	-0.157722	66.514011	-76.198538	67.882914
02089	9.667993	2.056936	0.831105	-0.025791	0.115248	-0.190525	66.433905	-76.070259	67.955489
02090	9.531392	2.086065	0.897860	0.007033	0.139127	-0.221491	66.350922	-75.921519	68.050313
02091	9.464017	2.068034	0.945666	0.009798	0.145830	-0.245488	66.280686	-75.757342	68.133834
02092	9.608133	2.048333	0.914164	0.028982	0.140760	-0.285595	66.268166	-75.574555	68.169049
02093	9.516260	2.162175	1.052830	0.069609	0.175314	-0.308991	66.231917	-75.370280	68.252998
02094	9.557502	2.106967	1.068757	0.078382	0.141256	-0.348915	66.303278	-75.154165	68.230810
02095	9.288198	2.278717	1.077666	0.150773	0.157010	-0.357095	66.391961	-74.928912	68.233742
02096	9.447353	2.406031	1.077293	0.078503	0.062602	-0.389079	66.645376	-74.709623	68.022944
02097	9.272148	2.256371	1.032714	0.123310	0.093346	-0.401240	66.870365	-74.475539	67.868171
02098	9.293495	2.523467	1.143940	0.114123	0.046500	-0.393687	67.165205	-74.256950	67.635089
02099	9.260045	2.453194	1.041941	0.104066	0.029702	-0.380609	67.469181	-74.047450	67.386409
02100	9.153568	2.666592	1.107751	0.128791	0.028509	-0.334950	67.747097	-73.863268	67.179207
02101	9.136977	2.682405	1.075301	0.075739	-0.004436	-0.274436	68.005679	-73.716830	66.960443
02102	9.162319	2.655210	1.066245	0.062935	-0.015312	-0.213975	68.227847	-73.605824	66.771705
02103	9.206707	2.810243	0.971608	0.061032	-0.009635	-0.150550	68.391655	-73.525971	66.642715
02104	9.140892	2.846902	1.014517	0.016903	0.003456	-0.075814	68.451553	-73.484342	66.595554
02105	9.152264	2.761163	1.030733	-0.027499	0.002527	0.000961	68.433982	-73.482558	66.602790
02106	9.237825	2.662943	0.992430	-0.039003	0.004523	0.051630	68.369237	-73.508602	66.652218
02107	9.367260	2.714175	0.993814	-0.056692	0.018018	0.078599	68.251462	-73.544857	66.746507
02108	9.344029	2.544835	1.015298	-0.075096	0.022272	0.089173	68.106365	-73.587036	66.858131
02109	9.331734	2.538234	1.118251	-0.053940	0.014015	0.083201	67.993028	-73.626476	66.949399
02110	9.344556	2.475169	1.140592	-0.056733	-0.007807	0.074975	67.922182	-73.667460	66.994559
02111	9.380951	2.390565	1.087151	-0.044325	-0.022433	0.052626	67.902138	-73.698469	66.994318
02112	9.432686	2.449682	1.025641	-0.019349	-0.029101	0.028215	67.925584	-73.719205	66.963544
02113	9.451796	2.520993	1.006830	-0.020642	-0.024601	0.004796	67.958311	-73.725306	66.922459
02114	9.340321	2.449556	1.103511	-0.015660	-0.037203	-0.008667	68.025871	-73.728178	66.847934
02115	9.369910	2.509388	1.066821	-0.004346	-0.050405	-0.023464	68.135657	-73.724765	66.736297
02116	9.433760	2.492383	0.975898	-0.001598	-0.050734	-0.032035	68.252964	-73.718012	66.618338
02117	9.411319	2.565667	0.966885	0.010015	-0.043597	-0.042521	68.372208	-73.702901	66.505408
02118	9.422690	2.481131	0.978066	0.005949	-0.042086	-0.055095	68.494380	-73.681901	66.386868
02119	9.357935	2.587339	0.986920	0.032376	-0.036303	-0.063920	68.627936	-73.653729	66.272348
02120	9.511871	2.486027	0.929060	0.006662	-0.038225	-0.077631	68.758742	-73.619745	66.145203
02121	9.438798	2.427198	1.012910	0.051010	-0.015658	-0.115945	68.901078	-73.559370	66.032613
02122	9.380298	2.593671	1.016360	0.056240	-0.033425	-0.139607	69.093160	-73.491060	65.871117
02123	9.397727	2.572621	1.021157	0.057313	-0.037899	-0.155739	69.304174	-73.413712	65.690565
02124	9.387184	2.501375	1.016406	0.066991	-0.048689	-0.182579	69.555525	-73.325079	65.473512
02125	9.354992	2.508662	0.964042	0.092460	-0.056403	-0.212439	69.852984	-73.220505	65.223548
02126	9.311236	2.715977	0.982749	0.117476	-0.050880	-0.213219	70.151431	-73.115189	64.987280
02127	9.389306	2.716509	0.903350	0.077713	-0.055445	-0.213882	70.432961	-73.008933	64.744853
02128	9.369046	2.590108	0.945888	0.089858	-0.039319	-0.222271	70.694435	-72.895857	64.530436
02129	9.266303	2.721034	0.995799	0.114118	-0.030413	-0.226769	70.954384	-72.777281	64.332131
02130	9.298149	2.820679	0.944715	0.099702	-0.044843	-0.210029	71.217617	-72.671297	64.121514
02131	9.462311	2.727230	0.826904	0.075509	-0.037186	-0.213185	71.453286	-72.560822	63.925231
02132	9.352375	2.763454	0.921521	0.093910	-0.007998	-0.228535	71.654826	-72.437593	63.775563
02133	9.260603	2.884872	0.915740	0.099720	-0.008396	-0.216909	71.851938	-72.319521	63.634033
02134	9.270484	2.822347	0.886801	0.062414	-0.015600	-0.204034	72.030160	-72.210688	63.489706
02135	9.105765	2.783650	0.971259	0.074250	-0.011061	-0.194429	72.200817	-72.105078	63.360462
02136	8.941187	2.989475	0.905009	0.079328	-0.015782	-0.142210	72.352127	-72.029763	63.254447
02137	8.928607	3.136183	0.919837	0.036007	-0.032412	-0.074518	72.470088	-71.993136	63.157460
02138	9.126203	3.040847	0.850001	-0.019909	-0.047285	-0.011532	72.546888	-71.994525	63.069961
02139	9.293715	2.904480	0.903206	-0.025436	-0.033204	0.021539	72.579892	-72.010440	63.025285
02140	9.499579	2.857461	0.828388	-0.029267	-0.027031	0.006340	72.607894	-72.018087	62.983464
02141	9.510956	2.843492	0.811585	-0.015192	-0.003433	-0.020587	72.618923	-72.005873	62.968067
02142	9.561856	2.791487	0.862463	-0.015765	0.005260	-0.059429	72.634912	-71.972026	62.947006
02143	9.429555	2.811740	0.834732	0.007046	0.033479	-0.107675	72.642379	-71.905900	62.948752
02144	9.153631	2.965812	0.922958	0.014777	0.043341	-0.120268	72.643855	-71.832271	62.961361
02145	9.101490	2.906160	1.028222	-0.007260	0.009148	-0.109278	72.684364	-71.769435	62.919699
02146	9.007269	2.971546	0.949179	0.019854	0.007671	-0.083173	72.728596	-71.722178	62.890359
02147	8.961179	3.046626	0.928664	-0.006919	-0.018816	-0.043991	72.781499	-71.699794	62.835823
02148	9.099269	2.940224	0.900492	-0.035228	-0.038873	-0.001419	72.829021	-71.705153	62.769769
02149	9.317087	2.996646	0.854283	-0.021054	-0.026191	0.018257	72.854100	-71.718061	62.736007
02150	9.626746	2.886477	0.801981	-0.052201	-0.019901	-0.008312	72.864050	-71.716423	62.699288
02151	9.737820	2.677727	0.888751	-0.016096	0.007771	-0.090177	72.891062	-71.664237	62.666481
02152	9.575643	2.799783	0.902510	0.045501	0.041038	-0.185759	72.946204	-71.555147	62.641106
02153	9.328993	2.958646	0.904866	0.054679	0.041078	-0.235275	73.031214	-71.417906	62.589856
02154	9.059281	2.984865	0.972890	0.054804	0.037527	-0.222117	73.114140	-71.289450	62.540746
02155	9.032339	2.998821	1.000567	0.031698	0.000311	-0.197446	73.231306	-71.179672	62.441550
02156	9.004295	3.101358	0.868268	0.050386	-0.003869	-0.161259	73.346841	-71.091375	62.355240
02157	9.320987	3.111269	0.843929	0.002934	-0.026557	-0.140966	73.461313	-71.016875	62.241360
02158	9.408196	3.000526	0.798662	0.021554	0.006279	-0.178770	73.550678	-70.917202	62.165172
02159	9.607994	3.048987	0.850295	0.013636	0.017381	-0.226712	73.639782	-70.788356	62.084500
02160	9.612413	3.065867	0.794637	0.042049	0.045605	-0.295554	73.730859	-70.618058	62.018818
02161	9.599615	2.953044	0.963121	0.008084	0.043999	-0.373097	73.838964	-70.404356	61.914450
02162	9.267624	3.136104	0.824318	0.072237	0.074895	-0.418847	73.953843	-70.161455	61.841687
02163	8.905178	3.450192	0.846039	0.063832	0.089793	-0.384529	74.024814	-69.934128	61.810500
02164	8.931331	3.343175	1.004228	-0.043431	0.044397	-0.330680	74.077952	-69.744534	61.732705
02165	8.913587	3.135451	1.061652	-0.034036	0.029096	-0.305905	74.147879	-69.570010	61.642752
02166	8.881202	3.282985	1.051533	-0.000512	0.005143	-0.277461	74.258589	-69.415808	61.529570
02167	9.007757	3.359914	1.032178	-0.021026	-0.036507	-0.253244	74.407158	-69.280371	61.363347
02168	9.180303	3.181786	1.118062	-0.051260	-0.073458	-0.262445	74.593396	-69.146292	61.138070
02169	9.713710	3.172250	0.961053	-0.013220	-0.070026	-0.310319	74.812760	-68.984011	60.900513
02170	9.985834	3.408078	0.775655	0.020994	-0.025166	-0.405852	75.020357	-68.762819	60.696207
02171	10.035560	3.471429	0.847515	-0.005618	-0.022136	-0.540822	75.254590	-68.465257	60.446633
02172	10.074721	3.347464	0.976949	-0.017683	-0.031754	-0.689479	75.541593	-68.087147	60.132159
02173	10.148971	3.340977	1.048714	0.043020	-0.027406	-0.843962	75.899907	-67.621148	59.777382
02174	10.536551	3.311365	1.143966	0.060995	-0.065087	-1.031821	76.364024	-67.055723	59.317724
02175	10.913823	3.145858	1.295698	0.100876	-0.108422	-1.288828	76.961011	-66.350363	58.736168
02176	11.185940	3.107534	1.325607	0.205169	-0.105720	-1.580451	77.658969	-65.479859	58.105908
02177	11.256775	3.260709	1.146039	0.300119	-0.070227	-1.864551	78.392805	-64.442159	57.491286
02178	10.013600	3.666383	0.628917	0.482406	0.065442	-2.057986	79.067179	-63.278057	57.053564
02179	8.964387	4.352110	0.831576	0.579160	0.069051	-2.153937	79.765583	-62.056882	56.646562
02180	8.652437	4.646432	0.997178	0.302133	-0.023416	-2.115039	80.351184	-60.865211	56.182734
02181	8.178237	4.494873	0.747592	0.245818	-0.003956	-2.034622	80.833248	-59.714749	55.795602
02182	7.472604	4.700196	0.630832	0.461417	0.090750	-1.943318	81.304712	-58.606405	55.560245
02183	7.726692	5.438534	0.875284	0.347352	0.002074	-1.829900	81.753336	-57.568473	55.272052
02184	7.669104	5.530924	0.739692	0.186154	-0.057115	-1.726285	82.127939	-56.593419	54.958820
02185	8.139799	5.636879	0.985543	0.118243	-0.061244	-1.659797	82.441223	-55.654955	54.669058
02186	8.264710	5.182121	0.840395	0.075244	-0.047155	-1.637307	82.701115	-54.727903	54.411127
02187	8.182347	5.609276	0.740609	0.348074	-0.064482	-1.630077	83.115382	-53.804880	54.152554
02188	9.656758	6.350265	1.064459	0.262337	-0.190799	-1.613629	83.559682	-52.898964	53.792366
02189	9.739172	5.790472	1.053782	-0.005799	-0.107680	-1.614857	83.772500	-51.985465	53.525916
02190	8.724900	5.565167	-0.376576	0.545286	0.104272	-1.732101	84.145447	-50.991980	53.454965
02191	8.711506	6.742974	-0.038814	0.503530	0.159930	-1.799724	84.451389	-49.956264	53.438752
02192	8.428904	6.793307	0.003416	0.099796	0.087476	-1.803514	84.569768	-48.922591	53.364773
02193	8.371895	6.522598	-0.127991	0.063519	0.143603	-1.810803	84.627895	-47.881430	53.342379
02194	8.771190	6.999263	0.293269	0.042513	0.238269	-1.801184	84.613778	-46.840895	53.401468
02195	8.193790	6.577456	0.310532	-0.053043	0.312100	-1.797345	84.503402	-45.798352	53.519022
02196	7.312702	6.524606	0.185865	0.031543	0.396033	-1.820590	84.399439	-44.737895	53.697826
02197	6.845705	6.735417	0.325653	-0.005455	0.381973	-1.814808	84.288440	-43.681241	53.859798
02198	6.941031	6.708411	0.608456	-0.149942	0.348100	-1.791517	84.117862	-42.639596	53.990864
02199	6.717496	6.547558	0.707005	-0.131141	0.395582	-1.787580	83.939627	-41.597069	54.152169
02200	6.528002	6.666508	0.898855	-0.098101	0.436842	-1.784403	83.766187	-40.553467	54.338180
02201	6.761047	6.852528	0.896301	-0.149877	0.467283	-1.773195	83.555420	-39.513922	54.540231
02202	6.568783	6.934529	0.794435	-0.104475	0.530865	-1.791879	83.350029	-38.458967	54.779474
02203	6.019401	7.068437	0.625472	-0.041273	0.558475	-1.803456	83.177657	-37.395122	55.029676
02204	5.334471	7.240564	0.623367	-0.043084	0.528631	-1.823719	83.025988	-36.321090	55.249687
02205	5.158066	7.458855	0.678760	-0.105116	0.436942	-1.824665	82.883619	-35.252704	55.398858
02206	5.440709	7.556633	0.685346	-0.186175	0.371844	-1.816679	82.725219	-34.193029	55.498432
02207	5.470613	7.543963	0.527370	-0.179258	0.387389	-1.822094	82.569498	-33.129106	55.603308
02208	5.085464	7.693298	0.591029	-0.121874	0.426525	-1.832921	82.436814	-32.055701	55.729258
02209	4.565067	7.842757	0.722171	-0.137004	0.445313	-1.838551	82.293776	-30.977644	55.862601
02210	4.608427	7.941523	0.802009	-0.181437	0.441040	-1.803331	82.129447	-29.919383	55.991578
02211	4.595897	7.845588	1.021725	-0.248530	0.385684	-1.768144	81.947581	-28.885366	56.082565
02212	4.540313	7.858629	1.152075	-0.236642	0.350705	-1.776798	81.786886	-27.848828	56.145912
02213	4.233743	8.042695	1.148801	-0.175669	0.351334	-1.791424	81.664451	-26.804054	56.204703
02214	4.323854	8.099898	1.565986	-0.210879	0.346842	-1.777481	81.524630	-25.767199	56.258863
02215	4.643695	7.702742	1.647104	-0.274640	0.342302	-1.747775	81.350940	-24.747698	56.309286
02216	4.770678	6.882180	2.117295	-0.279980	0.359176	-1.745891	81.171982	-23.727394	56.366604
02217	4.971149	6.131132	2.124935	-0.266852	0.362151	-1.693418	81.000375	-22.736791	56.426935
02218	4.799907	4.453032	2.094785	-0.350743	0.357491	-1.569567	80.779540	-21.816074	56.492521
02219	5.092417	3.396186	1.991992	-0.399839	0.450812	-1.320958	80.503342	-21.027698	56.634973
02220	5.110776	1.782098	2.434093	-0.565270	0.509994	-1.071560	80.114354	-20.372970	56.833290
02221	6.457554	1.334797	2.694675	-0.669386	0.635960	-0.727322	79.630531	-19.899580	57.138219
02222	8.639962	1.891964	3.662317	-0.877606	1.136846	-0.270872	78.912834	-19.625481	57.788428
02223	9.129706	1.997828	2.868064	-0.671567	1.662456	0.488444	78.178421	-19.712342	58.839836
02224	7.855813	1.568260	2.220355	-0.869604	1.591268	1.364150	77.300212	-20.282138	59.965424
02225	5.385810	0.999677	1.487425	-0.957223	1.226439	2.096258	76.391697	-21.294424	60.990777
02226	3.615514	1.087539	0.986657	-0.876018	0.851905	2.489036	75.564677	-22.559397	61.874594
02227	2.926718	1.819914	0.863100	-0.913848	0.365744	2.623204	74.791876	-23.961857	62.514812
02228	3.189745	2.424960	1.173216	-1.078959	-0.025125	2.602959	74.000275	-25.401722	62.941908
02229	4.086550	2.645656	1.499790	-1.163103	-0.248028	2.527576	73.203191	-26.834432	63.246772
02230	5.202616	2.958238	1.967075	-1.119716	-0.303121	2.450747	72.436484	-28.226801	63.528254
02231	6.197337	3.200148	2.237813	-1.110582	-0.303218	2.444117	71.655653	-29.616171	63.834136
02232	6.751693	3.302218	2.178420	-1.032475	-0.245058	2.479232	70.879636	-31.006044	64.209415
02233	6.676411	3.522619	2.015752	-0.914134	-0.200649	2.523037	70.127101	-32.411191	64.650883
02234	6.198996	3.914490	1.831016	-0.814114	-0.223476	2.521048	69.417765	-33.810347	65.104575
02235	5.971186	4.133779	1.753373	-0.764516	-0.333897	2.460182	68.758796	-35.199789	65.500199
02236	6.408045	3.996597	1.771863	-0.768336	-0.503391	2.396049	68.152316	-36.582117	65.792254
02237	7.276498	3.836577	1.914008	-0.635498	-0.578119	2.350179	67.637999	-37.959030	66.045522
02238	8.188304	4.113072	2.159836	-0.454524	-0.578036	2.337146	67.215508	-39.322143	66.313023
02239	8.839319	4.337595	2.290259	-0.343801	-0.523530	2.339570	66.812590	-40.678382	66.638293
02240	8.652771	4.817807	2.323843	-0.123570	-0.381449	2.316907	66.459586	-41.983174	67.073139
02241	8.203752	5.604461	2.384471	0.000825	-0.346673	2.263034	66.149216	-43.255709	67.536799
02242	8.364255	6.090187	2.459175	-0.101515	-0.461514	2.218231	65.830213	-44.523753	67.920217
02243	9.406268	6.131243	2.564944	-0.259530	-0.588797	2.231897	65.461157	-45.833380	68.235307
02244	10.419153	5.986041	2.636525	-0.256592	-0.568945	2.288053	65.052151	-47.159881	68.603354
02245	10.776336	5.957941	2.489232	-0.153301	-0.449686	2.349651	64.590191	-48.493531	69.112440
02246	10.472058	6.110212	2.368877	-0.050785	-0.397684	2.401844	64.113725	-49.832177	69.710304
02247	9.970474	6.176256	2.159859	0.006091	-0.460680	2.426244	63.662636	-51.202449	70.303432
02248	9.565928	6.348561	2.047456	0.083702	-0.577189	2.413637	63.304747	-52.586977	70.825509
02249	9.471995	6.485756	2.000770	0.132786	-0.734286	2.340754	63.073335	-53.979570	71.213254
02250	9.710737	6.400616	1.955781	0.139200	-0.861986	2.283401	62.940177	-55.368931	71.480322
02251	10.449657	6.418652	1.534372	0.270107	-1.035456	2.096875	63.070122	-56.714538	71.514471
02252	11.085095	6.622996	1.992584	0.408107	-1.039474	1.971013	63.343097	-57.990497	71.473924
02253	11.813259	7.016844	1.912090	0.534267	-1.005242	1.850915	63.719502	-59.202314	71.395927
02254	12.049314	7.700821	1.929219	0.707353	-0.897943	1.738594	64.170900	-60.322633	71.348347
02255	12.118346	8.243109	1.898364	0.767627	-0.843334	1.666563	64.652778	-61.398205	71.304680
02256	12.048977	8.449518	1.743162	0.727036	-0.845406	1.640757	65.147750	-62.454438	71.221488
02257	11.961089	8.359515	1.537552	0.711635	-0.875696	1.627850	65.689763	-63.516712	71.075409
02258	11.915844	8.352380	1.345865	0.750018	-0.909780	1.618811	66.326618	-64.575502	70.850628
02259	11.856493	8.372055	1.235294	0.788560	-0.940409	1.604058	67.061992	-65.637832	70.542831
02260	12.071993	8.244585	1.153110	0.800947	-0.990756	1.586658	67.923623	-66.694463	70.108056
02261	12.515046	7.951036	1.108644	0.869966	-0.942728	1.571597	68.828779	-67.735330	69.671895
02262	12.932115	7.735937	1.044331	1.013450	-0.787969	1.567755	69.672953	-68.734777	69.393562
02263	12.856033	7.666049	1.225350	1.202547	-0.531881	1.563673	70.310480	-69.685265	69.453675
02264	12.102043	7.750444	1.474404	1.394055	-0.279949	1.567379	70.701145	-70.584875	69.892875
02265	11.307015	7.973323	1.711654	1.514945	-0.104000	1.567513	70.875179	-71.456538	70.631787
02266	10.884468	8.141670	1.818283	1.566060	0.049524	1.548813	70.803679	-72.285018	71.656423
02267	10.043775	8.470194	1.974507	1.633617	0.224962	1.489188	70.444383	-73.050554	73.018346
02268	9.453643	9.002866	2.089364	1.594906	0.320479	1.421847	69.853067	-73.754023	74.594104
02269	8.893014	9.391693	2.216705	1.391326	0.378178	1.335654	68.997603	-74.396949	76.317692
02270	8.248612	9.386857	2.200297	1.131972	0.442372	1.238601	67.835053	-74.963183	78.200695
02271	7.488229	9.294701	2.030693	0.880924	0.511189	1.124895	66.369645	-75.444630	80.243411
02272	6.571645	9.065957	1.789041	0.618727	0.522778	0.985446	64.748662	-75.834239	82.287748
02273	5.716775	8.591666	1.440522	0.297915	0.400993	0.822960	63.263958	-76.158054	83.998918
02274	5.052694	7.866619	1.053812	-0.028714	0.187644	0.643160	62.164961	-76.435705	85.118312
02275	4.750420	7.023191	0.718867	-0.275560	-0.052753	0.442108	61.621887	-76.673219	85.519520
02276	4.347313	6.147463	0.477379	-0.479346	-0.309287	0.244376	61.730492	-76.879962	85.130961
02277	4.603564	5.136485	0.340281	-0.676870	-0.579267	0.078194	62.524305	-77.073992	83.923386
02278	5.501471	4.677032	0.179825	-0.704174	-0.733812	-0.110264	63.891594	-77.206559	82.112205
02279	6.019415	4.115441	0.322314	-0.743378	-0.842568	-0.296272	65.716806	-77.257362	79.809311
02280	6.439063	3.254242	0.244288	-0.827014	-0.931008	-0.427420	67.838069	-77.242111	77.153732
02281	6.969838	2.557148	0.247044	-0.737076	-0.904368	-0.513119	70.013464	-77.152726	74.495152
02282	7.474800	2.459100	0.370562	-0.472243	-0.785181	-0.585540	72.072125	-76.981072	72.110430
02283	7.810699	2.701323	0.679763	-0.287349	-0.669886	-0.627106	73.934916	-76.748195	70.033891
02284	8.080162	2.657246	0.788650	-0.242056	-0.583454	-0.633493	75.554904	-76.485525	68.231268
02285	8.192083	2.548850	0.867534	-0.145182	-0.445598	-0.619296	76.844464	-76.200314	66.823938
02286	8.187810	2.579401	0.909627	-0.009858	-0.298081	-0.582870	77.806753	-75.911569	65.831761
02287	8.135091	2.693949	0.902789	0.070823	-0.186532	-0.529018	78.508859	-75.635286	65.154649
02288	8.031754	2.890353	0.887704	0.135837	-0.097791	-0.475995	79.006791	-75.378351	64.725895
02289	7.867820	3.081251	0.875649	0.173704	-0.034540	-0.422813	79.356415	-75.142486	64.472626
02290	7.626019	3.162063	0.849371	0.154384	-0.024472	-0.374312	79.644601	-74.933813	64.271055
02291	7.536925	3.119912	0.826498	0.126151	-0.035940	-0.340895	79.922732	-74.743500	64.063119
02292	7.622700	3.320978	0.807795	0.114986	-0.056093	-0.325272	80.223017	-74.565118	63.825228
02293	7.685424	3.624407	0.773636	0.067084	-0.079165	-0.314599	80.534024	-74.393120	63.547679
02294	7.633704	3.715877	0.736858	-0.038800	-0.114381	-0.296284	80.841935	-74.235866	63.209954
02295	7.575674	3.718745	0.672121	-0.104944	-0.149992	-0.282964	81.173267	-74.087140	62.808382
02296	7.551902	3.859366	0.678516	-0.177524	-0.201492	-0.277610	81.555496	-73.946891	62.310174
02297	7.564621	3.844825	0.641201	-0.282714	-0.277948	-0.266887	82.017313	-73.816100	61.666184
02298	7.705285	3.887026	0.589846	-0.340063	-0.329171	-0.272472	82.537798	-73.686428	60.926297
02299	8.006870	4.127642	0.511738	-0.381802	-0.374092	-0.270530	83.111061	-73.557051	60.106110
02300	8.336065	4.389625	0.390299	-0.438617	-0.405253	-0.272886	83.700784	-73.428097	59.234131
02301	8.600545	4.497979	0.194946	-0.497994	-0.421944	-0.287792	84.279905	-73.286871	58.337212
02302	8.657761	4.512955	0.040235	-0.559913	-0.437508	-0.308686	84.843905	-73.134276	57.418227
02303	8.602886	4.352693	-0.118564	-0.610228	-0.447745	-0.325346	85.387359	-72.967642	56.489920
02304	8.432151	4.118052	-0.237741	-0.634278	-0.465319	-0.346465	85.937885	-72.789596	55.538825
02305	8.282239	3.883900	-0.304139	-0.654373	-0.507051	-0.360767	86.539162	-72.599498	54.521685
02306	8.369086	3.701301	-0.378064	-0.645570	-0.532017	-0.384421	87.175024	-72.396032	53.472357
02307	8.597474	3.651491	-0.412320	-0.611914	-0.546671	-0.430706	87.839443	-72.160120	52.412134
02308	8.775253	3.741224	-0.426867	-0.564574	-0.532254	-0.473854	88.484845	-71.898307	51.398816
02309	8.699169	4.051229	-0.558048	-0.512115	-0.493007	-0.523204	89.069436	-71.601578	50.479682
02310	8.615378	4.307388	-0.590178	-0.496126	-0.483371	-0.600328	89.623619	-71.260580	49.600466
02311	8.388729	4.494194	-0.675692	-0.467392	-0.486958	-0.720078	90.172938	-70.845338	48.741954
02312	8.120572	4.527007	-0.744133	-0.485191	-0.556813	-0.833825	90.792182	-70.364717	47.796039
02313	8.015540	4.538296	-0.715532	-0.494669	-0.647096	-0.930833	91.505174	-69.820743	46.741756
02314	8.126349	4.635597	-0.729480	-0.463047	-0.708093	-1.004510	92.277681	-69.231931	45.639311
02315	8.405623	4.799604	-0.616135	-0.440726	-0.744542	-1.043122	93.060896	-68.611587	44.534806
02316	8.508666	5.194161	-0.527833	-0.367686	-0.716800	-1.042623	93.793509	-67.990558	43.524975
02317	8.099946	5.588654	-0.445862	-0.292062	-0.634868	-1.046393	94.407678	-67.362950	42.685668
02318	7.557944	5.908661	-0.517388	-0.281392	-0.539845	-1.149165	94.851117	-66.681574	42.034326
02319	6.498341	6.015125	-0.800042	-0.245661	-0.450636	-1.392912	95.139682	-65.860222	41.570907
02320	5.205208	6.004958	-1.376436	-0.093755	-0.473644	-1.729496	95.478139	-64.848314	41.144934
02321	17.999778	8.773564	-5.160371	0.118833	-0.730565	-1.857743	96.189060	-63.742711	40.437175
02322	81.999894	-2.992744	18.405211	-10.206530	1.590812	4.090959	88.606441	-66.121860	42.356302
02323	-17.410832	-37.250599	-23.659123	8.820306	10.783324	3.796604	78.676028	-67.610809	58.643470
02324	14.089585	35.346275	10.219857	8.317998	6.398057	2.631167	73.778554	-68.204057	69.075766
02325	-25.181154	11.904565	-3.795152	-3.222820	-0.137081	2.434032	71.039034	-69.554886	70.038526
02326	29.125760	9.420260	2.293984	-3.644827	-4.168564	4.829184	73.140698	-72.923991	65.620090
02327	26.083200	-12.181885	-0.424283	-6.562393	-1.284846	3.104297	69.847629	-74.840563	65.139352
02328	7.849763	-4.168673	2.553592	4.899089	2.077817	1.186192	67.615832	-75.041758	70.362364
02329	6.165428	13.133571	2.266978	1.335740	0.709607	1.773824	65.392431	-75.809999	73.455724
02330	9.101227	0.987069	4.870009	-4.259299	-3.589926	2.268644	68.888963	-77.808885	67.363888
02331	15.881323	-9.456837	-7.023366	-2.538122	-1.714518	0.121285	71.680538	-78.203283	63.028618
02332	14.365341	2.439029	-1.789246	3.373038	2.022393	-0.249572	68.736941	-77.675439	68.019869
02333	4.190212	6.500853	4.605331	1.280907	1.336971	-0.188108	66.470958	-77.282075	71.098149
02334	7.693172	2.780795	1.265873	-1.802096	-1.340097	0.269793	68.370797	-77.719239	68.099748
02335	11.273496	-0.442143	0.684829	-1.409317	-0.778442	0.153263	69.350571	-77.959854	66.276762
02336	9.560916	0.051405	0.511638	1.095977	0.032856	-0.051235	69.945148	-77.925294	66.315992
02337	9.228498	3.608440	0.926577	0.962726	-0.015523	-0.052579	70.586382	-77.898070	66.229571
02338	9.397613	2.795497	0.298988	-0.386178	-0.539778	0.079637	71.670479	-78.040817	64.900004
02339	10.274845	1.118738	0.244376	-0.359310	-0.359801	0.062365	72.344772	-78.136495	64.005723
02340	9.816549	1.640339	0.335390	0.376907	-0.027753	0.006506	72.628883	-78.144383	63.941179
02341	9.513151	2.574013	0.466629	0.147845	-0.041047	0.019705	72.807581	-78.160271	63.850389
02342	9.749506	1.943610	0.390600	-0.176349	-0.105415	0.044931	72.947427	-78.202208	63.609386
02343	9.690962	1.704014	0.468136	0.046339	0.011874	0.032455	72.919683	-78.216097	63.670101
02344	9.460065	2.164283	0.587617	0.066039	0.033201	0.042979	72.836780	-78.233583	63.798538
02345	9.541896	1.933693	0.558802	-0.072370	-0.006058	0.058540	72.766613	-78.264776	63.833105
02346	9.535534	1.751959	0.578908	-0.014313	0.026195	0.043120	72.655233	-78.283456	63.943583
02347	9.454070	1.939647	0.607520	-0.008015	0.034193	0.038650	72.531516	-78.296876	64.070487
02348	9.519643	1.815233	0.580118	-0.047707	0.012985	0.038943	72.438696	-78.315462	64.142460
02349	9.521128	1.840072	0.629033	-0.024712	0.021287	0.030932	72.345380	-78.326832	64.228535
02350	9.472209	1.852335	0.660861	-0.031803	0.005411	0.029476	72.289240	-78.341526	64.272351
02351	9.492957	1.852510	0.633573	-0.024476	-0.005238	0.026908	72.269289	-78.355311	64.283644
02352	9.503360	1.840217	0.574668	-0.016281	-0.018104	0.024156	72.288707	-78.371197	64.259392
02353	9.534028	1.847915	0.617589	-0.020627	-0.020459	0.021277	72.316083	-78.384580	64.224614
02354	9.565566	1.867633	0.576395	-0.005505	-0.023312	0.017145	72.361587	-78.397538	64.180037
02355	9.536868	1.884373	0.576577	-0.007533	-0.022618	0.016307	72.406548	-78.408591	64.134966
02356	9.577252	1.883067	0.560972	-0.008741	-0.018664	0.014596	72.440149	-78.419339	64.100651
02357	9.547042	1.865687	0.557038	-0.008981	-0.014440	0.017874	72.461284	-78.429841	64.079056
02358	9.578037	1.879755	0.558676	-0.008618	-0.007332	0.016747	72.462986	-78.439803	64.077376
02359	9.560142	1.914791	0.549279	-0.011536	0.000184	0.022900	72.439365	-78.450541	64.099968
02360	9.519151	1.878049	0.558379	-0.021488	-0.004803	0.025263	72.419691	-78.464718	64.112579
02361	9.558816	1.863906	0.627840	-0.018543	-0.013204	0.026613	72.424679	-78.479812	64.101874
02362	9.539691	1.863809	0.612652	-0.021247	-0.018764	0.032515	72.436400	-78.500364	64.082585
02363	9.549767	1.845057	0.594377	-0.014466	-0.028939	0.032008	72.481472	-78.521135	64.033357
02364	9.589315	1.813957	0.531386	-0.003644	-0.026181	0.029463	72.526043	-78.541293	63.990843
02365	9.571300	1.842505	0.561901	-0.002218	-0.020035	0.024185	72.561044	-78.556262	63.959056
02366	9.560956	1.821818	0.571471	0.002560	-0.020659	0.019815	72.602684	-78.570187	63.923163
02367	9.621883	1.829115	0.486070	0.006766	-0.015320	0.016829	72.636460	-78.580336	63.897878
02368	9.594346	1.874275	0.534088	0.007844	-0.002834	0.016466	72.635821	-78.589375	63.908209
02369	9.603933	1.857264	0.517486	0.001757	-0.000734	0.013955	72.629703	-78.595475	63.920696
02370	9.613458	1.840314	0.501717	0.006441	0.014202	0.015012	72.583271	-78.600799	63.976922
02371	9.585759	1.885616	0.552623	0.002524	0.026938	0.015489	72.501222	-78.602994	64.067317
02372	9.564156	1.846873	0.578272	0.000718	0.028008	0.018187	72.411262	-78.607640	64.164598
02373	9.553846	1.832496	0.550522	-0.000444	0.026485	0.017169	72.327195	-78.610790	64.255314
02374	9.543136	1.812232	0.564451	0.001172	0.024151	0.018446	72.247587	-78.616192	64.342299
02375	9.564255	1.836036	0.627116	0.005988	0.018043	0.014767	72.192053	-78.619479	64.407666
02376	9.514432	1.827736	0.570269	0.004297	0.017003	0.015824	72.135771	-78.624668	64.472680
02377	9.534394	1.823436	0.585421	0.003286	0.007891	0.013854	72.106899	-78.629234	64.509268
02378	9.514398	1.819207	0.613700	0.002574	0.002521	0.013087	72.091215	-78.635467	64.531864
02379	9.514636	1.818080	0.613355	0.002427	-0.008811	0.010934	72.109655	-78.641394	64.519688
02380	9.565811	1.835559	0.586858	0.000771	-0.015331	0.012681	72.141758	-78.650548	64.492487
02381	9.555647	1.821692	0.555095	0.001185	-0.013702	0.012245	72.171650	-78.658059	64.467904
02382	9.575718	1.817566	0.567829	-0.006255	-0.014374	0.012680	72.197213	-78.667039	64.443270
02383	9.576026	1.816236	0.566879	-0.004377	-0.007486	0.014469	72.205104	-78.674686	64.437874
02384	9.556556	1.817820	0.552136	-0.001821	-0.008670	0.013230	72.217240	-78.682966	64.429526
02385	9.558077	1.844707	0.598258	-0.006518	-0.004673	0.015272	72.215543	-78.690574	64.432658
02386	9.547904	1.830497	0.567429	-0.007347	-0.007934	0.016146	72.219968	-78.700315	64.428944
02387	9.548262	1.828858	0.566680	-0.005733	-0.010269	0.017423	72.232105	-78.710088	64.418425
02388	9.617571	1.808803	0.550015	-0.006852	-0.002934	0.013378	72.225584	-78.717444	64.426162
02389	9.598044	1.810413	0.536164	-0.005721	0.004066	0.013709	72.201775	-78.722696	64.452304
02390	9.578499	1.811949	0.522928	-0.006281	0.010027	0.015097	72.158567	-78.728715	64.497785
02391	9.578678	1.810536	0.524528	-0.006346	0.020990	0.013716	72.088028	-78.731002	64.571210
02392	9.618339	1.803184	0.555017	-0.010626	0.026616	0.015324	71.996645	-78.734193	64.663272
02393	9.556507	1.764894	0.595101	-0.011659	0.037320	0.008951	71.882612	-78.730953	64.777941
02394	9.536987	1.773698	0.543288	-0.005051	0.045366	-0.008648	71.764725	-78.717675	64.900289
02395	9.535636	1.762637	0.631021	0.004033	0.038214	-0.007113	71.671973	-78.705466	65.002434
02396	9.476748	1.794719	0.680076	0.001578	0.018371	-0.010630	71.633603	-78.695908	65.047576
02397	9.575022	1.764592	0.620845	0.007615	0.002824	-0.011912	71.643678	-78.687462	65.046955
02398	9.516702	1.803110	0.625368	0.024305	0.003087	-0.015467	71.664295	-78.678030	65.045224
02399	9.575480	1.779500	0.536725	0.016677	-0.003430	-0.017885	71.701842	-78.667476	65.021876
02400	9.623837	1.760274	0.548556	0.023169	0.011306	-0.027017	71.709825	-78.650282	65.032367
02401	9.566744	1.834561	0.559407	0.018799	0.028775	-0.034301	71.676041	-78.625022	65.083015
02402	9.545709	1.834872	0.589777	0.013686	0.031135	-0.031823	71.629469	-78.601636	65.143613
02403	9.566813	1.875161	0.569487	0.004335	0.029052	-0.033876	71.586674	-78.576555	65.195008
02404	9.552928	1.819873	0.620643	0.005200	0.026827	-0.034054	71.549248	-78.552719	65.241327
02405	9.522051	1.813348	0.578336	0.000354	0.019491	-0.034173	71.530429	-78.529209	65.265939
02406	9.571658	1.829591	0.596918	0.004275	0.021080	-0.038352	71.511978	-78.504074	65.292361
02407	9.541177	1.845987	0.642729	0.007700	0.017673	-0.039764	71.507370	-78.477867	65.306771
02408	9.580916	1.855751	0.588761	0.006422	0.018259	-0.039143	71.498522	-78.452813	65.324652
02409	9.431651	1.718510	0.896611	-0.013952	0.026473	-0.038415	71.457056	-78.425747	65.364022
02410	9.410028	1.558695	-0.343630	-0.273689	-0.194370	-0.270243	72.050891	-78.313098	64.602738
02411	11.103019	3.317789	1.159022	0.405144	0.390506	0.232864	71.052651	-78.367533	65.864243
02412	7.294335	0.158779	0.702786	-0.208487	-0.089096	-0.101281	71.259643	-78.328631	65.536026
02413	11.243987	2.793951	0.407604	0.031534	0.114182	-0.063226	71.037887	-78.271887	65.786139
02414	8.560494	1.597330	0.959470	0.080490	0.071693	-0.026853	70.922609	-78.243481	65.956084
02415	9.915921	1.908290	0.359374	-0.101718	0.007146	-0.056894	70.899615	-78.209988	65.925246
02416	9.400118	1.909250	0.909280	0.067250	0.063422	-0.031529	70.803584	-78.180529	66.067816
02417	9.465425	1.984886	0.623839	-0.025538	-0.008228	-0.027643	70.837788	-78.165778	66.023129
02418	9.568769	1.854650	0.663987	-0.031330	-0.004164	-0.013969	70.844468	-78.158526	66.003064
02419	9.549482	1.864862	0.608184	-0.006697	0.001828	-0.020629	70.857113	-78.145684	65.991431
02420	9.548996	1.867197	0.608648	-0.014470	0.003742	-0.029611	70.867014	-78.128478	65.977945
02421	9.647389	1.840214	0.550529	-0.011844	0.021096	-0.044344	70.848288	-78.099194	65.995355
02422	9.526588	1.894917	0.729031	0.008688	0.034821	-0.060861	70.819601	-78.059231	66.034865
02423	9.504932	1.875435	0.670559	-0.000287	0.017539	-0.064854	70.834971	-78.019530	66.024194
02424	9.564088	1.885244	0.630510	0.003337	0.006565	-0.067217	70.880977	-77.981439	65.984220
02425	9.542270	1.889054	0.658823	0.014170	0.010206	-0.077193	70.933739	-77.936442	65.943782
02426	9.571927	1.918463	0.620659	0.008502	0.013882	-0.080146	70.974897	-77.889967	65.911779
02427	9.590667	1.929509	0.594272	0.009865	0.016635	-0.083067	71.013455	-77.840589	65.883332
02428	9.579225	1.953344	0.612909	0.004556	0.036214	-0.090129	71.004479	-77.784535	65.900293
02429	9.567141	1.949292	0.586415	0.002410	0.047803	-0.092315	70.968718	-77.724343	65.943514
02430	9.564185	1.952579	0.633494	-0.001559	0.061311	-0.099300	70.902313	-77.658621	66.015678
02431	9.542068	1.965115	0.625715	-0.001673	0.073055	-0.108114	70.816550	-77.585127	66.107719
02432	9.578446	1.942215	0.615231	-0.009364	0.086171	-0.114886	70.699883	-77.506232	66.226816
02433	9.603936	1.930492	0.664085	-0.014165	0.095583	-0.141111	70.582874	-77.410563	66.343596
02434	9.693906	2.010883	0.560155	-0.007465	0.168412	-0.154149	70.306731	-77.294558	66.627339
02435	9.314713	1.982293	0.832177	-0.026149	0.158928	-0.168594	70.061206	-77.171591	66.868959
02436	9.378947	1.974855	0.871639	-0.032626	0.098915	-0.168230	69.955422	-77.061148	66.963422
02437	9.576884	1.973934	0.726234	-0.011194	0.079022	-0.186083	69.926164	-76.944253	66.992099
02438	9.537068	2.139382	0.684000	-0.003287	0.104715	-0.189882	69.844821	-76.820974	67.078815
02439	9.591786	2.094147	0.644621	-0.042047	0.112666	-0.199690	69.734329	-76.690100	67.172817
02440	9.655327	2.091209	0.685337	-0.040224	0.152422	-0.211249	69.545958	-76.545750	67.347888
02441	9.971002	2.089270	0.592615	-0.057481	0.149283	-0.241885	69.385382	-76.384774	67.484427
02442	9.732545	2.092970	0.674409	-0.048346	0.246848	-0.319593	69.083972	-76.162915	67.771324
02443	9.337325	2.354714	1.046550	0.011729	0.224858	-0.311279	68.867373	-75.949051	68.006692
02444	9.318576	2.130212	0.998164	-0.054946	0.125076	-0.286929	68.808225	-75.769367	68.040372
02445	9.472427	2.061975	0.944031	0.005145	0.104671	-0.297045	68.836253	-75.587829	68.019760
02446	9.254090	2.272642	1.014827	0.070093	0.100503	-0.295367	68.906699	-75.408715	67.993636
02447	9.190452	2.521465	0.922166	0.052942	0.047377	-0.248345	69.038570	-75.265001	67.893955
02448	9.437651	2.438560	0.817762	-0.006747	0.001822	-0.222244	69.204986	-75.145155	67.722999
02449	9.390931	2.416102	0.868913	-0.001469	0.031619	-0.201610	69.297471	-75.029548	67.631703
02450	9.344493	2.534044	0.898970	0.016399	0.032253	-0.174494	69.376097	-74.928986	67.565194
02451	9.453359	2.474598	0.823232	-0.020155	0.016671	-0.146254	69.443860	-74.846011	67.488332
02452	9.560946	2.333964	0.821590	-0.036712	0.023296	-0.154928	69.493637	-74.757707	67.420129
02453	9.456040	2.380676	0.841151	0.002411	0.058506	-0.177940	69.514067	-74.649312	67.405677
02454	9.429066	2.461547	0.883876	-0.009978	0.060940	-0.179100	69.522215	-74.540472	67.396474
02455	9.568599	2.280647	0.837464	-0.047973	0.047511	-0.204863	69.554012	-74.419834	67.340251
02456	9.417870	2.278029	0.992021	0.001831	0.077631	-0.263367	69.596525	-74.262408	67.302375
02457	9.315976	2.449207	1.057719	0.049777	0.044743	-0.270587	69.733730	-74.107007	67.194722
02458	9.465709	2.451759	0.890309	0.011230	0.002568	-0.281183	69.931787	-73.954782	67.000601
02459	9.809432	2.311624	0.693713	-0.000299	0.019911	-0.340846	70.128366	-73.766232	66.801092
02460	9.756473	2.487701	0.690602	0.073169	0.135215	-0.401229	70.190251	-73.523212	66.785491
02461	9.307291	2.830451	0.903822	0.072741	0.199480	-0.404220	70.138370	-73.265509	66.888455
02462	8.970648	2.791261	1.096552	-0.024197	0.163028	-0.349741	70.062182	-73.044808	66.958791
02463	8.573453	2.848562	1.255636	0.009942	0.119997	-0.248953	70.019351	-72.886188	67.014892
02464	8.547640	3.209213	1.154487	0.011996	0.039099	-0.088997	70.016998	-72.830125	67.029772
02465	8.824870	3.074223	1.104839	-0.126105	-0.037441	0.050712	69.981283	-72.863631	66.996879
02466	9.381861	2.723935	0.876773	-0.136490	-0.056071	0.110831	69.932971	-72.933811	66.970829
02467	9.618807	2.561231	0.920994	-0.102086	-0.001045	0.087641	69.823389	-72.980011	67.029609
02468	9.697660	2.446546	0.853860	-0.087126	0.012186	0.026037	69.737735	-72.991108	67.072202
02469	9.634077	2.432580	0.939141	-0.034965	0.047628	-0.055610	69.673659	-72.950640	67.123607
02470	9.526296	2.578051	0.932080	0.015810	0.057138	-0.132921	69.671458	-72.867361	67.140609
02471	9.437631	2.613641	1.007668	0.006691	0.045636	-0.186093	69.719079	-72.757205	67.100122
02472	9.280137	2.636978	1.048610	0.004844	0.034071	-0.221270	69.806385	-72.631011	67.016813
02473	8.956931	2.833516	1.036377	0.028815	0.031439	-0.193297	69.894004	-72.519766	66.947634
02474	8.777404	3.110446	1.084395	-0.011776	0.009358	-0.115852	69.946118	-72.455094	66.891148
02475	8.952993	2.928232	1.120315	-0.109717	-0.055235	-0.019897	69.993073	-72.454129	66.781324
02476	9.433538	2.664988	0.954452	-0.104082	-0.065901	-0.005030	70.051419	-72.463835	66.662828
02477	9.886464	2.501995	0.830202	-0.067088	-0.033835	-0.071217	70.117943	-72.430979	66.558089
02478	10.118788	2.493497	0.722627	-0.027872	0.029322	-0.218324	70.188487	-72.307130	66.472550
02479	9.952145	2.541392	0.896734	0.033868	0.096860	-0.380773	70.278470	-72.082018	66.403785
02480	9.826975	2.458575	1.124274	0.029368	0.095224	-0.514362	70.444075	-71.785635	66.252545
02481	9.652211	2.772633	1.195992	0.093388	0.141729	-0.586465	70.607735	-71.440792	66.141843
02482	8.977908	3.120754	0.912794	0.178263	0.209720	-0.584055	70.705146	-71.084765	66.152106
02483	9.004508	3.420579	1.035743	0.069367	0.153567	-0.496377	70.779466	-70.786289	66.120923
02484	9.232764	3.176887	1.000117	-0.046979	0.105794	-0.454809	70.836302	-70.519784	66.037449
02485	9.595946	3.011957	0.996497	-0.014015	0.125222	-0.477076	70.893059	-70.237034	65.974093
02486	9.673299	3.018182	1.006740	0.042212	0.148206	-0.545040	70.980098	-69.913667	65.912549
02487	9.743170	3.107060	0.985116	0.071879	0.147682	-0.622984	71.122074	-69.547635	65.810555
02488	10.230516	3.210182	1.136857	0.037669	0.094556	-0.732755	71.368548	-69.132199	65.575544
02489	10.348992	3.016525	1.238707	-0.035151	0.076261	-0.897830	71.667018	-68.629546	65.239481
02490	9.772950	3.019070	1.310754	0.173663	0.159564	-1.022489	72.010588	-68.043928	64.982241
02491	9.249407	3.469881	1.491278	0.220183	0.117050	-1.063045	72.438725	-67.442609	64.661471
02492	9.032267	3.407741	1.332090	0.116344	0.022608	-1.076125	72.914798	-66.849691	64.222606
02493	8.864356	3.612073	1.054110	0.229931	0.045758	-1.072270	73.402688	-66.253258	63.839950
02494	8.665271	4.072585	1.024496	0.255333	0.057159	-1.038726	73.857844	-65.672568	63.507236
02495	8.639044	4.151928	1.117823	0.092758	-0.019565	-0.996795	74.280614	-65.125641	63.106319
02496	8.789279	3.848741	0.993553	0.033599	-0.029580	-1.002764	74.665551	-64.576175	62.707858
02497	8.898497	3.997984	1.032471	0.149834	0.036552	-1.004249	75.025648	-64.014507	62.409152
02498	8.971008	4.260468	1.256265	0.120349	0.006585	-0.996099	75.385949	-63.461323	62.089844
02499	9.271339	3.941742	1.433180	-0.026622	-0.063363	-1.038045	75.737304	-62.893609	61.684749
02500	9.092471	3.779803	1.131218	0.160279	0.012935	-1.093543	76.112540	-62.283655	61.371133
02501	8.646120	4.470620	1.208764	0.339603	0.074032	-1.111106	76.516376	-61.654361	61.139821
02502	8.526309	4.641763	1.192951	0.191250	-0.014907	-1.101208	76.910075	-61.041871	60.821751
02503	8.944975	4.418783	1.294022	0.120976	-0.068535	-1.107733	77.304218	-60.431237	60.455219
02504	9.265817	4.230587	1.280294	0.182896	-0.057278	-1.174979	77.721528	-59.780658	60.100505
02505	8.909169	4.564464	0.961737	0.367919	0.027458	-1.237841	78.160905	-59.083156	59.840904
02506	8.686475	5.203920	0.853180	0.424534	0.049076	-1.272925	78.604231	-58.362731	59.612645
02507	8.939103	5.321614	1.071060	0.228461	-0.025028	-1.295619	78.992270	-57.636727	59.315397
02508	9.266236	4.886123	1.011416	0.136881	-0.052060	-1.371669	79.349554	-56.870056	58.989793
02509	9.414721	4.875029	1.013945	0.272487	0.013279	-1.482312	79.730820	-56.032947	58.725721
02510	9.346848	5.176433	0.978438	0.342286	0.075592	-1.592037	80.101571	-55.126934	58.520084
02511	9.605467	5.419966	1.068174	0.299272	0.074791	-1.696271	80.448855	-54.161345	58.310713
02512	10.141440	5.625944	1.228629	0.281232	0.108248	-1.782888	80.757359	-53.143067	58.133956
02513	10.396729	5.793305	1.315841	0.258937	0.204209	-1.901119	80.984652	-52.048742	58.040935
02514	10.394908	5.784115	1.360210	0.282855	0.283438	-2.042232	81.177002	-50.867268	58.008605
02515	9.805710	5.868137	1.306019	0.460609	0.304652	-2.189822	81.465094	-49.600496	57.983668
02516	8.854473	5.773192	1.148244	0.490469	0.233670	-2.375928	81.825107	-48.233861	57.885516
02517	9.348835	5.527585	1.602571	0.248263	0.133362	-2.455926	82.103655	-46.829893	57.707499
02518	8.875002	4.860635	1.345172	0.430240	0.267037	-2.592607	82.404775	-45.337057	57.638646
02519	8.093615	5.329757	1.413624	0.717501	0.398477	-2.692649	82.792671	-43.778036	57.678733
02520	7.327657	5.645594	1.545606	0.726250	0.401081	-2.750857	83.179810	-42.185344	57.728587
02521	7.121154	5.277621	1.576629	0.615449	0.359263	-2.754922	83.517389	-40.594184	57.758668
02522	6.870562	4.775222	1.465122	0.691847	0.469001	-2.754264	83.840343	-38.995823	57.881249
02523	6.656077	4.797535	1.747906	0.933093	0.646993	-2.754266	84.218016	-37.388503	58.142743
02524	6.520169	4.838991	2.134282	0.996315	0.746910	-2.772732	84.592138	-35.765408	58.481284
02525	6.663172	4.107629	2.261407	0.983251	0.770669	-2.806088	84.954392	-34.125131	58.840336
02526	5.932226	2.131058	2.616610	0.936997	0.865405	-2.811408	85.261408	-32.477620	59.268084
02527	3.256952	-1.266365	1.045919	0.993911	0.752075	-2.750782	85.646493	-30.873799	59.627383
02528	2.702244	-1.942225	0.292613	1.460594	0.617165	-2.542483	86.342191	-29.395671	59.918577
02529	0.558589	-1.701599	2.434724	1.502903	0.529403	-2.352997	87.083250	-28.034317	60.177048
02530	8.176856	8.941200	-5.320294	3.360489	0.401963	-2.233582	88.917173	-26.747142	60.386947
02531	19.600819	41.795473	2.650559	5.154313	3.427543	-2.128710	90.911640	-25.526836	62.573417
02532	-15.035123	5.137592	6.077314	-4.594571	0.406787	-5.645407	88.190938	-22.290605	62.801557
02533	3.465740	-16.902090	-4.625796	-6.507740	-4.449476	-3.144625	85.504425	-20.632838	59.961765
02534	23.303053	1.679719	3.559254	1.909621	1.328745	0.976665	86.298243	-21.136323	60.818247
02535	5.724006	7.371919	2.181826	1.945317	4.371383	0.608058	86.436324	-21.328359	63.524771
02536	-0.277683	4.120893	1.933817	-1.641796	0.012068	1.260431	85.477288	-22.047981	63.587918
02537	8.511933	1.582067	2.236679	-4.172011	-0.720113	2.613936	83.200178	-23.581956	63.304173
02538	5.647476	-3.144160	-1.167430	-1.796547	0.636534	2.294266	81.936336	-24.837943	63.888020
02539	5.258372	2.237341	1.187863	0.211989	1.435249	1.990245	81.597522	-25.852599	64.970760
02540	4.353866	3.842429	0.808063	-0.959108	0.960639	2.086627	80.691191	-26.948849	65.784329
02541	5.219187	1.949370	0.232048	-1.900344	0.371014	2.229367	79.379974	-28.174227	66.271506
02542	5.706831	1.184056	-0.137262	-1.049420	0.636685	2.235735	78.451451	-29.360828	66.961771
02543	5.281798	3.346153	0.069393	-0.278518	0.808608	2.255497	77.879972	-30.535222	67.792828
02544	5.286651	5.124966	0.380489	-0.641906	0.428089	2.396390	77.192415	-31.822587	68.420059
02545	6.025798	4.878077	0.265108	-1.020792	0.025262	2.523548	76.389726	-33.231689	68.830670
02546	6.973600	5.009670	0.562137	-0.777941	-0.017616	2.532218	75.719727	-34.641814	69.241260
02547	7.553627	5.793613	0.948690	-0.700506	-0.024508	2.504821	75.073170	-36.039184	69.670403
02548	8.258283	5.988992	1.122792	-0.797272	0.004043	2.500084	74.337111	-37.419864	70.145629
02549	8.669755	5.964763	1.074527	-0.761918	0.174691	2.435199	73.524173	-38.738193	70.760874
02550	8.652452	5.943910	0.882706	-0.748049	0.288572	2.389506	72.643228	-39.999503	71.481791
02551	8.831983	5.750243	0.746792	-0.786850	0.290117	2.397007	71.697160	-41.261544	72.247042
02552	8.779531	5.879058	0.653827	-0.697810	0.287456	2.411531	70.762986	-42.516327	73.054745
02553	8.700469	5.847679	0.499241	-0.692963	0.170058	2.457091	69.835949	-43.814602	73.834049
02554	8.499928	5.633484	0.411866	-0.630600	0.006569	2.489433	68.982765	-45.148024	74.543100
02555	8.615612	5.579642	0.419915	-0.535238	-0.203376	2.518264	68.247021	-46.539891	75.145683
02556	9.091996	5.175660	0.518216	-0.484972	-0.433888	2.557579	67.626904	-47.990845	75.618380
02557	9.628405	4.799816	0.610516	-0.328742	-0.562340	2.580793	67.130171	-49.485722	76.033143
02558	10.196126	4.847094	0.851377	-0.142181	-0.639593	2.579283	66.762550	-50.988506	76.411862
02559	10.655233	5.137219	1.088732	-0.002995	-0.679740	2.564434	66.475467	-52.497979	76.779794
02560	10.773260	6.066147	1.425513	0.175355	-0.715921	2.520101	66.309009	-53.984792	77.119181
02561	11.217190	7.306631	1.722704	0.187290	-0.873056	2.518798	66.243293	-55.513644	77.335595
02562	12.469296	7.847477	2.052488	-0.009498	-1.074498	2.546933	66.204351	-57.096746	77.381856
02563	13.212469	7.406619	1.935570	0.032587	-1.030690	2.556375	66.141426	-58.681487	77.482799
02564	13.245284	7.163605	1.906703	0.142476	-0.898782	2.561268	66.016149	-60.231208	77.728826
02565	13.122054	6.949297	1.721944	0.194416	-0.790255	2.551209	65.797056	-61.756691	78.111343
02566	12.585563	6.708638	1.436682	0.319731	-0.684953	2.480978	65.546129	-63.213103	78.606430
02567	12.018021	6.662001	1.293354	0.425845	-0.682456	2.376468	65.361166	-64.620232	79.088689
02568	11.637816	6.586003	1.172400	0.539340	-0.756642	2.230209	65.372560	-65.961915	79.421800
02569	11.604310	6.718304	1.040226	0.669015	-0.845628	2.057467	65.645284	-67.241462	79.547060
02570	11.911163	6.912940	1.020939	0.767621	-0.941401	1.873961	66.222541	-68.441248	79.404074
02571	12.488397	7.164223	0.969980	0.871525	-0.974638	1.700554	67.050819	-69.562830	79.056636
02572	13.194501	7.620195	1.137735	0.958086	-0.954510	1.571757	68.048595	-70.603465	78.584596
02573	14.141243	7.913672	1.340013	0.973164	-0.871727	1.532936	69.025806	-71.608976	78.146082
02574	15.202927	8.207301	1.648030	0.984351	-0.662281	1.608986	69.685615	-72.604947	78.050660
02575	15.271094	8.201299	1.904660	1.001128	-0.295853	1.774162	69.619086	-73.621895	78.724669
02576	14.080099	8.239036	2.004505	1.081868	0.067490	1.976463	68.695390	-74.666060	80.334420
02577	12.476991	8.474458	2.030151	1.042996	0.252997	2.162766	67.014015	-75.763695	82.696324
02578	10.923919	8.572859	2.076693	0.968066	0.325818	2.280564	64.673316	-76.879374	85.681184
02579	9.619754	8.632117	2.036699	0.874443	0.314656	2.282423	61.810722	-77.969849	89.132225
02580	8.642451	8.875983	2.072178	0.705815	0.298361	2.188819	58.426351	-78.972014	93.003923
02581	7.421795	8.659267	1.895834	0.526386	0.291263	1.972344	54.650051	-79.825803	97.157370
02582	6.853872	8.714466	1.818672	0.267004	0.234513	1.669747	50.846044	-80.505706	101.178322
02583	6.295746	8.469876	1.369811	0.020605	0.222933	1.326419	47.199931	-80.997468	104.889271
02584	5.724180	8.258980	0.952207	-0.195842	0.170607	0.983881	44.104475	-81.331624	107.913367
02585	5.137364	7.802510	0.619664	-0.479431	0.000562	0.679527	41.929079	-81.597748	109.840332
02586	4.880167	6.980928	0.297756	-0.762594	-0.260176	0.405879	40.973883	-81.862639	110.369082
02587	5.122479	6.088997	0.140410	-0.934613	-0.530831	0.160111	41.373623	-82.152163	109.429749
02588	5.808980	5.313537	0.262169	-1.082418	-0.803826	-0.027290	43.136780	-82.481823	107.029875
02589	6.710690	4.442943	0.417754	-1.201158	-0.984490	-0.149892	45.997392	-82.823431	103.456842
02590	7.642600	3.682793	0.625633	-1.226200	-1.047470	-0.227362	49.615892	-83.129485	99.108180
02591	8.477551	2.957754	0.731283	-1.205877	-1.003767	-0.278943	53.575337	-83.361274	94.430532
02592	9.294900	2.205087	0.752374	-1.130564	-0.877909	-0.303984	57.384969	-83.502266	89.948739
02593	9.976030	1.620625	0.803513	-0.954770	-0.645824	-0.321851	60.471861	-83.534693	86.296629
02594	10.115658	1.067062	0.683366	-0.706563	-0.327536	-0.328523	62.302201	-83.458714	84.052011
02595	9.651792	0.725379	0.560821	-0.400901	-0.003066	-0.322364	62.824350	-83.294915	83.300302
02596	8.972022	0.743295	0.321468	-0.156591	0.185256	-0.308133	62.621353	-83.088778	83.419411
02597	8.450660	0.823284	0.137589	0.019830	0.242800	-0.301798	62.285820	-82.870477	83.774121
02598	7.959087	1.000668	0.051371	0.197194	0.236302	-0.301483	62.090084	-82.653940	84.090353
02599	7.787156	1.307624	-0.072003	0.299882	0.159297	-0.308345	62.280477	-82.454488	84.076833
02600	7.809947	1.659566	0.027652	0.335569	0.037268	-0.317682	62.955871	-82.282463	83.594427
02601	8.012644	1.937619	0.110434	0.352070	-0.075468	-0.307120	64.020719	-82.143684	82.728499
02602	8.172077	2.222706	0.238570	0.346519	-0.137043	-0.303759	65.265187	-82.019479	81.677546
02603	8.178374	2.386629	0.300111	0.318406	-0.187302	-0.288880	66.625859	-81.911385	80.492882
02604	8.197242	2.428363	0.445931	0.254046	-0.233230	-0.275065	68.058584	-81.816900	79.197673
02605	8.264195	2.447480	0.606495	0.203686	-0.256084	-0.263315	69.505048	-81.728546	77.859354
02606	8.355775	2.584868	0.750746	0.166196	-0.242511	-0.246299	70.822128	-81.642463	76.629566
02607	8.454132	2.753343	0.811482	0.114590	-0.218328	-0.229865	71.980959	-81.556578	75.529808
02608	8.530586	2.801274	0.849770	0.055420	-0.193451	-0.228682	72.984864	-81.464536	74.551935
02609	8.650993	2.669754	0.814065	0.014750	-0.151364	-0.248074	73.817719	-81.351971	73.723447
02610	8.575325	2.557297	0.678312	-0.002021	-0.099159	-0.281853	74.460610	-81.211726	73.076922
02611	8.524859	2.391702	0.506688	-0.022261	-0.070581	-0.318553	75.010945	-81.045025	72.512289
02612	8.398392	2.270377	0.319632	-0.011318	-0.058120	-0.360465	75.536211	-80.853329	71.978890
02613	8.215464	2.350699	0.265805	-0.006140	-0.080637	-0.392229	76.150400	-80.645358	71.358330
02614	8.083986	2.481011	0.265888	-0.018589	-0.125341	-0.415942	76.892210	-80.429943	70.600553
02615	7.946917	2.459133	0.336985	-0.052753	-0.200652	-0.454099	77.857617	-80.199715	69.595825
02616	8.040380	2.318635	0.411354	-0.085658	-0.282421	-0.510100	79.048960	-79.945371	68.341622
02617	8.240025	2.282579	0.549326	-0.096354	-0.344926	-0.584887	80.410953	-79.649290	66.906965
02618	8.477380	2.179572	0.543405	-0.115869	-0.384545	-0.657576	81.830517	-79.310691	65.400696
02619	8.685673	2.105699	0.575097	-0.113080	-0.391017	-0.727718	83.207707	-78.924822	63.937626
02620	8.866233	2.056273	0.477273	-0.093333	-0.382920	-0.788824	84.490426	-78.498650	62.580174
02621	8.874742	1.970635	0.407463	-0.083571	-0.362767	-0.839661	85.642494	-78.035571	61.359933
02622	8.725647	1.928014	0.309708	-0.050928	-0.341544	-0.872520	86.671719	-77.549617	60.282163
02623	8.631925	2.109632	0.264046	-0.027471	-0.353701	-0.887603	87.668885	-77.050064	59.249175
02624	8.663924	2.235278	0.161077	-0.029713	-0.381155	-0.878331	88.652788	-76.553841	58.226233
02625	8.713337	2.223254	0.072827	-0.036120	-0.398720	-0.874672	89.603869	-76.054622	57.231349
02626	8.762830	2.315076	-0.019333	-0.030246	-0.409634	-0.860222	90.514151	-75.561297	56.279695
02627	8.676880	2.165178	0.006994	-0.055601	-0.434553	-0.833717	91.405066	-75.077934	55.331128
02628	8.469590	1.924692	0.134329	-0.046784	-0.478736	-0.805635	92.336402	-74.607446	54.343636
02629	8.498680	2.207110	0.453095	-0.030532	-0.540236	-0.775403	93.348603	-74.146859	53.279793
02630	8.890741	2.396434	0.756458	-0.065285	-0.600637	-0.740785	94.404955	-73.699966	52.146727
02631	9.369161	2.677852	1.006884	-0.087788	-0.581253	-0.718750	95.357838	-73.259866	51.105681
02632	9.652390	3.039386	1.238462	-0.137140	-0.468875	-0.696126	96.028526	-72.836215	50.327609
02633	9.397424	3.316221	1.285616	-0.218130	-0.290829	-0.691946	96.299081	-72.422774	49.918446
02634	8.940306	3.402353	1.180886	-0.335721	-0.191517	-0.743950	96.302990	-71.986955	49.717565
02635	8.421039	3.464068	0.908473	-0.429541	-0.138746	-0.822815	96.143098	-71.508275	49.631995
02636	8.153829	3.494326	0.698300	-0.548118	-0.204304	-0.893827	96.014522	-70.986531	49.441398
02637	8.391622	3.380509	0.528785	-0.693020	-0.320731	-0.911505	95.985094	-70.446482	49.057086
02638	8.680852	3.173221	0.334709	-0.740887	-0.364951	-0.874299	95.995217	-69.926352	48.600428
02639	8.871310	2.972659	0.252878	-0.774594	-0.387277	-0.794639	96.020033	-69.448893	48.105890
02640	8.731329	3.076832	0.195003	-0.729180	-0.350329	-0.702132	96.020143	-69.027662	47.664311
02641	8.148203	3.480999	0.253199	-0.690466	-0.260501	-0.654490	95.908416	-68.637806	47.365036
02642	7.523338	3.882683	0.101981	-0.670523	-0.181689	-0.739791	95.680637	-68.205486	47.202216
02643	6.345584	4.250253	-0.039392	-0.579025	-0.017955	-1.008802	95.239691	-67.627707	47.325184
02644	4.920083	4.512794	-0.158490	-0.632371	-0.015944	-1.447547	94.730332	-66.800548	47.490072
02645	3.163183	3.976359	-1.208845	-0.586122	-0.012211	-2.006183	94.208345	-65.652434	47.698652
02646	1.198306	2.938681	-2.577688	-0.306409	-0.250475	-2.663681	94.105227	-64.119737	47.624157
02647	52.681844	15.511303	-14.144166	1.363108	-1.607470	-1.478481	96.580873	-63.188681	45.738582
02648	39.202346	-8.970063	27.918916	-10.947723	6.822206	3.566157	82.173443	-65.193959	54.771946
02649	-7.366939	-42.929861	-41.847807	9.044439	9.388876	5.138018	74.084598	-66.980390	69.284751
02650	-16.450105	69.084120	12.090471	17.194419	7.453761	5.478968	71.627733	-68.729858	82.576540
02651	8.391348	39.707806	-7.872167	-6.782124	-1.174276	1.817382	68.481503	-69.935925	81.791555
02652	29.151754	-14.381286	4.406444	-19.902339	-8.597193	5.214345	67.893992	-74.553744	70.442719
02653	22.128112	-26.349526	-10.874333	6.582653	5.565999	0.737263	60.951989	-73.550545	81.588703
02654	3.279328	21.926122	4.491891	5.171575	5.054225	1.276548	54.569540	-72.620564	91.360410
02655	-0.650409	10.069055	7.139850	-6.002024	-1.627798	1.727718	51.644406	-73.969986	90.829690
02656	12.615979	-16.484105	2.459730	-5.536599	-3.430010	1.292800	52.525160	-75.762242	86.636529
02657	12.451493	-1.611630	1.866682	4.928020	1.739176	0.184053	52.057357	-75.234138	90.041588
02658	4.997559	9.923579	2.710481	1.279663	-0.010330	0.404367	52.268437	-75.420051	90.586464
02659	10.169339	1.686564	1.356262	-2.869812	-2.967070	0.590966	55.353207	-76.696074	85.719621
02660	14.466221	-3.432628	-1.615383	0.629135	-0.651290	0.084327	56.924285	-76.943476	84.481393
02661	10.053758	5.032467	0.186173	1.632838	0.237497	-0.085290	57.488100	-76.826980	84.868439
02662	10.041672	3.280951	0.430996	-0.896694	-0.510080	0.027005	58.004117	-76.995405	83.816315
02663	10.979869	0.170085	0.411068	-0.013309	0.059530	-0.018306	57.902060	-76.966554	83.918660
02664	9.220307	3.455774	1.242995	0.399881	0.340137	0.024472	57.392546	-76.873472	84.682089
02665	9.297156	2.104127	1.327547	-0.415287	-0.061501	0.133100	57.111388	-76.954866	84.731896
02666	9.140618	1.190670	1.585668	0.012267	0.064960	0.123627	56.818905	-76.993314	85.044443
02667	9.011863	2.145690	1.493633	-0.019138	-0.106191	0.149905	56.831616	-77.096703	85.025567
02668	9.596691	1.413658	1.037236	-0.094013	-0.151183	0.139669	56.906288	-77.210416	84.898851
02669	9.402519	1.709340	1.192058	0.072497	-0.032979	0.113536	56.867294	-77.273441	84.986825
02670	9.254475	1.729069	1.330329	-0.019578	-0.104446	0.109882	56.928247	-77.358218	84.917968
02671	9.458754	1.579887	1.212847	0.031725	-0.116030	0.090153	57.076397	-77.435973	84.790176
02672	9.523939	1.722658	1.034607	0.034917	-0.108281	0.063790	57.243895	-77.499684	84.644198
02673	9.711541	1.713770	0.955845	0.030119	-0.073901	0.046754	57.363099	-77.543354	84.545164
02674	9.685645	1.763489	0.952940	0.038563	-0.013360	0.034198	57.368652	-77.563343	84.567218
02675	9.685260	1.948564	0.982165	0.028179	0.030583	0.042319	57.264872	-77.572572	84.695404
02676	9.415747	1.824325	1.137991	-0.029939	0.051444	0.055087	57.059722	-77.582467	84.893020
02677	9.192830	1.585819	1.373652	-0.031889	0.016216	0.059120	56.928604	-77.604103	85.013949
02678	9.269127	1.597930	1.323283	0.006019	-0.052347	0.050067	56.977465	-77.643860	84.972568
02679	9.522313	1.715423	1.148904	0.019470	-0.090631	0.039646	57.137691	-77.689464	84.825344
02680	9.582270	1.766461	1.078552	0.028077	-0.081435	0.026839	57.297700	-77.727014	84.683156
02681	9.530253	1.682864	1.045645	0.022507	-0.072820	0.019234	57.451171	-77.757105	84.544662
02682	9.657079	1.680946	0.965062	0.027710	-0.041954	0.006883	57.552838	-77.772708	84.461988
02683	9.628977	1.765669	1.008664	0.033752	-0.013285	-0.005587	57.615909	-77.772425	84.422600
02684	9.628935	1.766409	1.007763	0.015775	0.003648	-0.004607	57.625386	-77.768440	84.427261
02685	9.635256	1.747393	1.036290	0.022559	0.027319	-0.011257	57.599485	-77.752966	84.472352
02686	9.605146	1.890416	1.019780	0.019377	0.049880	-0.003686	57.506850	-77.735213	84.583618
02687	9.479411	1.768280	1.117808	-0.025403	0.042590	0.004689	57.397308	-77.722716	84.686192
02688	9.400532	1.746901	1.212347	-0.005673	0.024267	0.012217	57.325000	-77.720473	84.761975
02689	9.441576	1.743992	1.202122	-0.012302	-0.014352	0.017205	57.331494	-77.731584	84.753478
02690	9.527401	1.742494	1.136463	-0.001854	-0.029189	0.021474	57.366770	-77.750327	84.721402
02691	9.484309	1.764869	1.074688	-0.004323	-0.040326	0.026079	57.423027	-77.773745	84.666659
02692	9.592127	1.737125	1.092099	-0.004321	-0.040332	0.026084	57.475455	-77.798137	84.615593
02693	9.640658	1.740084	0.994329	-0.006025	-0.020741	0.016858	57.500440	-77.811061	84.591852
02694	9.630936	1.755242	1.008154	-0.007063	0.001334	0.014287	57.475093	-77.816915	84.618752
02695	9.596830	1.735204	1.047749	-0.022828	0.020806	0.013832	57.401843	-77.815588	84.685663
02696	9.501510	1.750172	1.128993	-0.016363	0.030506	0.011133	57.310453	-77.810891	84.774677
02697	9.466793	1.664602	1.121859	-0.024849	0.011244	0.017992	57.251438	-77.814503	84.825842
02698	9.501194	1.681772	1.084532	-0.010567	0.001775	0.006785	57.233751	-77.816582	84.842850
02699	9.531970	1.696586	1.088726	-0.011619	0.003083	-0.000209	57.226589	-77.813962	84.848717
02700	9.676382	1.693966	1.030813	-0.005754	0.018020	-0.019829	57.213661	-77.798179	84.863678
02701	9.451264	1.736834	1.117513	-0.007277	0.043423	-0.026269	57.156645	-77.770501	84.923100
02702	9.517995	1.684468	1.108364	-0.021049	0.028566	-0.030257	57.126658	-77.746417	84.946554
02703	9.648612	1.724503	0.998567	-0.010773	0.046205	-0.043241	57.086172	-77.709703	84.987020
02704	9.568426	1.708457	1.095536	-0.023179	0.072010	-0.053531	56.992868	-77.660878	85.074039
02705	9.493481	1.730508	1.154235	-0.009414	0.066092	-0.053956	56.925585	-77.612802	85.142751
02706	9.497331	1.773237	1.121537	-0.014303	0.064346	-0.054963	56.857368	-77.565641	85.209322
02707	9.491893	1.709488	1.122004	-0.020244	0.061559	-0.053484	56.794050	-77.519187	85.267643
02708	9.500528	1.763148	1.161221	-0.015051	0.059044	-0.055662	56.738816	-77.473325	85.320501
02709	9.509128	1.751545	1.152233	-0.018850	0.053431	-0.054847	56.696496	-77.428763	85.358149
02710	9.562359	1.742170	1.090781	-0.018578	0.062010	-0.057976	56.636890	-77.380839	85.413434
02711	9.527912	1.763447	1.138676	-0.017890	0.077064	-0.065849	56.560896	-77.323558	85.486172
02712	9.684764	1.754799	1.032769	-0.018508	0.099969	-0.086942	56.462614	-77.249760	85.581172
02713	9.535752	1.961223	1.245756	-0.001021	0.133208	-0.083536	56.304791	-77.166189	85.747778
02714	9.430000	1.773298	1.160385	-0.049834	0.088480	-0.066428	56.186553	-77.105725	85.844894
02715	9.597399	1.820305	1.203197	-0.011528	0.098999	-0.071820	56.080656	-77.038493	85.952139
02716	9.484163	1.847843	1.231989	-0.023750	0.084364	-0.069341	55.991805	-76.977884	86.034483
02717	9.570933	1.767008	1.198956	-0.023662	0.081772	-0.074473	55.919820	-76.914851	86.099834
02718	9.467247	1.843683	1.260355	-0.007814	0.090804	-0.079689	55.842770	-76.847213	86.179479
02719	9.413290	1.868536	1.293121	-0.013278	0.071417	-0.078025	55.803809	-76.785807	86.217057
02720	9.483479	1.825023	1.245787	-0.004455	0.066399	-0.074286	55.771644	-76.728562	86.252608
02721	9.457686	1.896102	1.325732	-0.002860	0.056198	-0.077285	55.768675	-76.672409	86.259353
02722	9.450418	1.857532	1.255173	-0.009800	0.042569	-0.064792	55.768491	-76.627340	86.258903
02723	9.446051	1.894424	1.303903	-0.003938	0.034670	-0.064702	55.790681	-76.584090	86.239152
02724	9.500195	1.886388	1.240399	-0.006511	0.031002	-0.059317	55.807840	-76.545340	86.222809
02725	9.515634	1.855557	1.256625	-0.009146	0.037106	-0.062512	55.819034	-76.502348	86.211288
02726	9.434751	1.931421	1.286985	-0.003922	0.042992	-0.056716	55.810412	-76.460969	86.222981
02727	9.472905	1.901297	1.277316	-0.008558	0.029344	-0.050806	55.821472	-76.426031	86.211939
02728	9.494162	1.907268	1.254579	-0.011749	0.036435	-0.048419	55.810233	-76.390696	86.221714
02729	9.471509	1.944490	1.287466	-0.012538	0.039069	-0.044757	55.791928	-76.355502	86.238539
02730	9.480885	1.931765	1.276686	-0.025478	0.032409	-0.039468	55.768942	-76.325704	86.252310
02731	9.532689	1.952300	1.259212	-0.020475	0.045295	-0.036340	55.723048	-76.292489	86.292855
02732	9.450139	1.898765	1.350553	-0.032555	0.046658	-0.036192	55.664312	-76.259635	86.339256
02733	9.404423	1.891566	1.292804	-0.024003	0.038019	-0.033648	55.627305	-76.230035	86.368580
02734	9.441455	1.924247	1.331397	-0.021742	0.030789	-0.026478	55.592929	-76.206893	86.396291
02735	9.399597	1.926848	1.344168	-0.023314	0.017500	-0.022108	55.580778	-76.189392	86.400431
02736	9.441520	1.961531	1.338736	-0.023336	0.005418	-0.004122	55.564927	-76.185030	86.408128
02737	9.484187	1.896086	1.281593	-0.029126	0.005377	-0.008613	55.554961	-76.177836	86.406585
02738	9.536857	1.914203	1.261762	-0.026931	0.018129	-0.015012	55.527018	-76.164208	86.424615
02739	9.575980	1.880944	1.251382	-0.024173	0.029895	-0.026987	55.497110	-76.140396	86.446534
02740	9.523042	1.900796	1.280190	-0.019812	0.050062	-0.039038	55.443949	-76.105050	86.494744
02741	9.481703	1.939486	1.298635	-0.024082	0.052626	-0.046410	55.396556	-76.064691	86.534738
02742	9.473281	1.871507	1.339632	-0.026626	0.050819	-0.054014	55.358179	-76.022019	86.563709
02743	9.403734	1.964125	1.359414	-0.011063	0.046061	-0.055327	55.342718	-75.979594	86.578494
02744	9.430049	1.916329	1.361972	-0.013517	0.039829	-0.055126	55.334302	-75.939975	86.584333
02745	9.352824	1.901852	1.412304	-0.016851	0.020242	-0.049090	55.356015	-75.908907	86.557377
02746	9.484859	1.947074	1.303924	-0.010364	0.016744	-0.055320	55.392895	-75.876712	86.518377
02747	9.491044	1.966588	1.336202	-0.003563	0.017381	-0.056816	55.437237	-75.842931	86.475927
02748	9.460502	1.990267	1.336625	-0.011905	0.018983	-0.056688	55.470448	-75.809350	86.439788
02749	9.477467	1.993367	1.354623	-0.013653	0.018006	-0.055720	55.506050	-75.775878	86.400377
02750	9.467599	1.949710	1.323115	-0.012274	0.023176	-0.053439	55.526779	-75.742462	86.376888
02751	9.519133	1.972699	1.304771	-0.005491	0.034022	-0.059914	55.542351	-75.701816	86.362958
02752	9.431825	2.009283	1.372998	-0.004317	0.035965	-0.055290	55.546124	-75.663376	86.361664
02753	9.429345	1.979931	1.372759	-0.012261	0.023144	-0.053419	55.569527	-75.629331	86.335643
02754	9.469028	1.984786	1.365474	-0.002828	0.027912	-0.056706	55.590677	-75.592831	86.317291
02755	9.409128	2.026368	1.364891	-0.006289	0.021091	-0.050525	55.617371	-75.560821	86.291393
02756	9.458912	1.980349	1.339639	-0.010503	0.024086	-0.054357	55.637992	-75.526665	86.269041
02757	9.464833	1.999958	1.372398	-0.002006	0.019928	-0.059614	55.680375	-75.490733	86.229465
02758	9.474260	1.989649	1.359848	0.000773	0.021477	-0.066552	55.727126	-75.451640	86.186786
02759	9.449763	1.994183	1.387929	0.004520	0.027088	-0.067258	55.769234	-75.409774	86.151343
02760	9.395113	1.982703	1.411024	0.002483	0.016641	-0.070303	55.829900	-75.370442	86.095280
02761	9.450900	2.011675	1.349474	0.012937	0.016679	-0.078842	55.909371	-75.326419	86.026186
02762	9.479953	2.069643	1.359233	0.008175	0.026428	-0.074286	55.959775	-75.282023	85.984083
02763	9.394998	2.042398	1.378003	0.007304	0.028589	-0.074155	56.008045	-75.236384	85.943887
02764	9.352790	2.083507	1.393066	0.002305	0.018686	-0.068644	56.061637	-75.197129	85.894990
02765	9.451107	2.053529	1.387792	0.004583	0.011501	-0.061509	56.123216	-75.162950	85.839399
02766	9.426262	2.149706	1.352038	0.007085	0.018645	-0.054616	56.162223	-75.130359	85.808409
02767	9.400786	2.083611	1.373062	-0.019628	0.012625	-0.044848	56.187492	-75.103737	85.776018
02768	9.446744	2.033490	1.388596	-0.005576	0.004916	-0.046791	56.234173	-75.079237	85.729572
02769	9.473595	2.078572	1.325269	0.008159	0.019679	-0.057047	56.277034	-75.044556	85.695441
02770	9.422402	2.110672	1.423769	-0.000869	0.021291	-0.058433	56.310734	-75.009284	85.665210
02771	9.366897	2.029039	1.439727	0.005090	0.008179	-0.057637	56.372632	-74.977968	85.609539
02772	9.437312	2.085872	1.438313	0.018668	0.003764	-0.063401	56.454120	-74.945864	85.541407
02773	9.392824	2.115557	1.378691	0.023759	0.003934	-0.060392	56.536882	-74.914544	85.475185
02774	9.375922	2.133422	1.434389	0.020375	-0.007737	-0.049989	56.623432	-74.892431	85.402803
02775	9.409725	2.157993	1.395790	0.011733	-0.017014	-0.037449	56.709120	-74.878642	85.326397
02776	9.374149	2.107037	1.427618	0.017913	-0.021112	-0.036175	56.801520	-74.867292	85.246485
02777	9.479474	2.147486	1.382593	0.021299	-0.032550	-0.030780	56.912216	-74.861508	85.149840
02778	9.529235	2.159009	1.286761	0.019371	-0.007864	-0.040475	56.986662	-74.843883	85.089386
02779	9.452240	2.108349	1.329738	0.018859	0.000729	-0.045019	57.053082	-74.820813	85.037153
02780	9.447021	2.143889	1.374897	0.035901	0.014716	-0.051322	57.109110	-74.790904	85.005584
02781	9.352269	2.164305	1.409557	0.015508	0.012612	-0.046878	57.154355	-74.763229	84.973293
02782	9.275726	2.147559	1.456413	0.019250	-0.004830	-0.031793	57.212826	-74.748779	84.929297
02783	9.380474	2.153133	1.409660	0.008193	-0.020806	-0.022599	57.285020	-74.743146	84.864719
02784	9.437640	2.177683	1.344253	0.016372	-0.025552	-0.020363	57.365345	-74.740589	84.796358
02785	9.451294	2.174235	1.399957	0.004711	-0.016973	-0.017888	57.423332	-74.736010	84.744434
02786	9.460109	2.183679	1.314602	0.011691	-0.013062	-0.021700	57.480323	-74.728917	84.697478
02787	9.443996	2.198215	1.370144	-0.005949	-0.002510	-0.022108	57.511286	-74.717828	84.667231
02788	9.406971	2.203212	1.338033	-0.005447	0.000013	-0.015480	57.528244	-74.709703	84.651593
02789	9.429504	2.206352	1.312546	-0.022991	0.000394	-0.010916	57.531660	-74.703131	84.639781
02790	9.472159	2.149691	1.369747	-0.020637	0.006158	-0.014620	57.528070	-74.693531	84.636421
02791	9.487705	2.173118	1.318210	-0.024293	0.019212	-0.021926	57.509884	-74.675856	84.646231
02792	9.523020	2.137950	1.349938	-0.029340	0.026117	-0.038541	57.492999	-74.648553	84.651486
02793	9.462637	2.177100	1.349922	-0.024140	0.028576	-0.044915	57.484264	-74.616897	84.651589
02794	9.455959	2.109165	1.388557	-0.033954	0.022993	-0.061166	57.495547	-74.579625	84.624886
02795	9.536144	2.082437	1.368443	-0.016359	0.018144	-0.084933	57.553990	-74.531846	84.559919
02796	9.691423	2.114728	1.305032	0.008399	0.038646	-0.126345	57.633964	-74.458225	84.487100
02797	9.646800	2.197626	1.325653	0.020535	0.063087	-0.174966	57.733261	-74.353060	84.401618
02798	9.449367	2.138696	1.430979	0.017848	0.057298	-0.210626	57.876070	-74.232809	84.269079
02799	9.391158	2.106718	1.452828	0.030087	0.039444	-0.238924	58.086615	-74.103653	84.073551
02800	9.403681	2.164021	1.473516	0.056323	0.010768	-0.266771	58.384590	-73.969820	83.802383
02801	9.367650	2.208845	1.471065	0.073576	0.003215	-0.296926	58.733505	-73.822622	83.488498
02802	9.429727	2.211832	1.388561	0.088820	-0.011288	-0.317916	59.128590	-73.669314	83.135175
02803	9.426453	2.316719	1.349307	0.109677	-0.015486	-0.339322	59.558626	-73.505521	82.757788
02804	9.361193	2.361547	1.411524	0.097489	-0.011387	-0.353756	59.978945	-73.333071	82.382725
02805	9.406281	2.348218	1.380286	0.110463	-0.026450	-0.371638	60.441958	-73.154748	81.970695
02806	9.562311	2.487839	1.232380	0.135364	0.006681	-0.384100	60.865415	-72.960436	81.614322
02807	9.603283	2.582154	1.213458	0.126752	0.047040	-0.409056	61.233911	-72.741269	81.310115
02808	9.571655	2.598295	1.311252	0.090185	0.065070	-0.437528	61.567259	-72.502729	81.020201
02809	9.455340	2.521046	1.280789	0.105313	0.100632	-0.469067	61.873174	-72.237713	80.767979
02810	9.275002	2.672745	1.406789	0.132099	0.115032	-0.481234	62.172012	-71.962703	80.538725
02811	9.354821	2.709227	1.379581	0.119358	0.088355	-0.495838	62.510183	-71.686566	80.260250
02812	9.673344	2.708598	1.559519	0.073115	0.077950	-0.519093	62.845153	-71.401249	79.956547
02813	10.084276	2.692863	1.635484	0.077758	0.092845	-0.556793	63.181092	-71.091832	79.654318
02814	9.845197	2.731688	1.306601	0.162877	0.182080	-0.613820	63.464298	-70.730168	79.458671
02815	9.611387	3.000404	1.414179	0.187569	0.227256	-0.647203	63.713097	-70.339173	79.314295
02816	9.503427	2.936667	1.452872	0.116590	0.206079	-0.675107	63.961720	-69.939369	79.126285
02817	9.519283	2.898955	1.536666	0.151384	0.226449	-0.717647	64.223462	-69.511875	78.945278
02818	9.558140	2.979925	1.518878	0.187079	0.230259	-0.761183	64.518093	-69.061035	78.750223
02819	9.481441	3.084489	1.588364	0.195014	0.232931	-0.815050	64.838543	-68.580916	78.531983
02820	9.310929	3.139033	1.541042	0.215059	0.211089	-0.862790	65.214323	-68.081179	78.265594
02821	9.379043	3.186240	1.518906	0.238431	0.189505	-0.911702	65.646042	-67.560072	77.952541
02822	9.083119	3.330644	1.556367	0.283627	0.181986	-0.958016	66.120297	-67.015935	77.620006
02823	9.181618	3.415016	1.705810	0.239289	0.128062	-0.985808	66.632140	-66.468178	77.217803
02824	9.460266	3.351170	1.637526	0.230850	0.129404	-1.029713	67.137968	-65.895923	76.814930
02825	9.570721	3.571589	1.542030	0.336923	0.196166	-1.087962	67.634958	-65.276449	76.486867
02826	9.776618	3.987636	1.531078	0.322707	0.211270	-1.127992	68.104340	-64.631653	76.178375
02827	10.929365	4.179412	1.831790	0.085463	0.222975	-1.141192	68.414511	-63.976200	75.894305
02828	9.409900	3.480760	1.211331	0.215539	0.383797	-1.233243	68.650224	-63.237640	75.774607
02829	8.562542	4.490540	1.420976	0.386444	0.452311	-1.280237	68.922642	-62.459343	75.723177
02830	8.226066	4.827825	1.432504	0.167490	0.305106	-1.285260	69.210606	-61.708591	75.511551
02831	8.828041	4.375791	1.549485	-0.087831	0.213301	-1.294156	69.434763	-60.970953	75.204750
02832	8.728676	4.148413	1.472116	0.059022	0.297999	-1.347539	69.666881	-60.187378	74.982827
02833	8.282676	4.682110	1.612081	0.176564	0.341120	-1.366892	69.922262	-59.384187	74.810481
02834	8.562484	4.920317	1.848350	-0.020969	0.227911	-1.359091	70.152135	-58.607204	74.534106
02835	8.321111	4.355321	1.964858	-0.083249	0.189305	-1.389754	70.378282	-57.820356	74.218171
02836	8.528257	4.606543	2.060134	0.076952	0.202345	-1.421833	70.680032	-57.013168	73.918319
02837	8.665581	4.831120	2.153779	0.078980	0.170915	-1.461100	71.006277	-56.189567	73.588062
02838	8.994118	5.097518	2.147266	0.129119	0.147698	-1.496075	71.372633	-55.350401	73.240483
02839	8.139775	4.990891	1.860907	0.188174	0.146248	-1.562395	71.774655	-54.473997	72.887359
02840	8.119365	5.309762	1.914024	0.166157	0.083525	-1.602140	72.202187	-53.585762	72.482916
02841	8.183013	5.488957	1.749356	0.173983	0.022245	-1.651090	72.670903	-52.679419	72.028206
02842	8.228638	5.668632	1.664457	0.172558	0.006570	-1.706583	73.139827	-51.743257	71.566282
02843	7.856576	5.963853	1.467752	0.232321	-0.026908	-1.771281	73.657362	-50.774548	71.080166
02844	7.775472	6.309528	1.413452	0.184667	-0.103141	-1.829402	74.184982	-49.783305	70.538280
02845	7.751440	6.441834	1.347789	0.092932	-0.194273	-1.879831	74.703081	-48.775005	69.931932
02846	7.952292	6.572516	1.524667	0.050123	-0.263777	-1.933922	75.221713	-47.743672	69.282080
02847	9.953431	6.786049	2.222889	-0.188598	-0.216114	-1.917637	75.547637	-46.711220	68.698136
02848	9.085273	5.820137	1.693867	-0.002112	0.101203	-2.007863	75.788525	-45.581836	68.369350
02849	7.548117	6.641256	1.219724	0.414425	0.302955	-2.110517	76.155354	-44.366251	68.193825
02850	7.095333	7.668877	1.211878	0.259504	0.161991	-2.164134	76.502505	-43.139085	67.914083
02851	7.979676	7.729222	1.566954	-0.193985	-0.066246	-2.209768	76.699236	-41.915914	67.466569
02852	8.038967	6.843323	1.300399	-0.136060	-0.022570	-2.324413	76.903474	-40.621857	67.046332
02853	6.844832	7.419046	0.897813	0.233397	0.072723	-2.498827	77.275866	-39.216791	66.682883
02854	6.517919	8.350407	1.026088	0.189996	-0.165848	-2.617149	77.721025	-37.773002	66.150673
02855	6.794623	8.147872	0.792203	-0.158024	-0.505557	-2.721232	78.095876	-36.308884	65.387296
02856	6.377623	7.670185	0.325258	-0.032764	-0.686109	-2.870257	78.593962	-34.777266	64.506854
02857	5.921075	8.665550	0.150452	0.210006	-0.968629	-2.992907	79.308499	-33.200402	63.454150
02858	8.588937	10.724873	1.569962	-0.067178	-1.397878	-2.954649	79.968818	-31.678743	62.160854
02859	8.934902	9.321506	1.704612	-0.540292	-1.569042	-3.091684	80.375414	-30.086581	60.776965
02860	8.579888	8.078132	1.300920	-0.218207	-1.496897	-3.257027	80.898533	-28.384414	59.460281
02861	7.063725	8.654085	1.216720	0.089452	-1.548431	-3.394798	81.565966	-26.597399	58.138225
02862	6.095547	8.911111	1.071880	-0.099244	-1.915019	-3.504266	82.172630	-24.764530	56.618875
02863	6.127686	8.710012	1.057181	-0.250374	-2.322533	-3.592069	82.736989	-22.899182	54.881923
02864	6.239931	8.217144	1.216664	-0.280341	-2.641951	-3.731268	83.290717	-20.960816	52.982918
02865	6.431652	7.290057	1.254242	-0.361370	-2.882939	-3.893074	83.776277	-18.930825	50.970350
02866	6.365980	6.372152	1.722770	-0.392214	-3.042759	-4.082465	84.193957	-16.786770	48.892298
02867	7.169533	6.667337	1.770926	-0.328981	-3.050231	-4.187947	84.565449	-14.570678	46.842526
02868	6.908696	5.431481	2.413620	-0.593511	-2.668279	-4.107462	84.647775	-12.370933	45.050950
02869	9.882838	1.078875	2.316870	-1.943962	-3.034246	-2.941893	83.929777	-10.868160	43.114415
02870	16.690392	2.517813	2.252689	-1.940180	-2.540638	-0.216050	83.103836	-10.909233	41.628181
02871	15.192435	-0.149481	2.402729	-1.734495	-2.509494	1.312034	82.383462	-11.839651	40.270794
02872	12.422522	-1.555205	1.850913	-1.311609	-2.269180	2.455399	81.882068	-13.410935	39.149216
02873	10.316126	-1.297891	1.586219	-0.849666	-1.794084	3.077104	81.596310	-15.308133	38.361175
02874	8.576197	-0.137504	1.670506	-0.499183	-1.541894	3.231730	81.490809	-17.269257	37.735388
02875	7.405498	0.864238	2.020276	-0.301056	-1.397224	3.242841	81.494176	-19.231161	37.191595
02876	7.012780	1.131074	2.325183	-0.313027	-1.343422	3.289277	81.497246	-21.208574	36.678265
02877	7.282889	1.671997	2.676505	-0.185219	-1.247738	3.376457	81.568901	-23.234029	36.222529
02878	6.997283	2.810077	3.186711	-0.037605	-1.197154	3.530372	81.725607	-25.334656	35.801315
02879	6.198450	3.783183	3.676913	-0.159409	-1.367683	3.755746	81.872554	-27.583715	35.278258
02880	5.625450	4.498865	4.238408	-0.535724	-1.738377	3.974713	81.935653	-29.978347	34.520120
02881	5.855176	4.791255	4.867464	-1.048711	-2.151140	4.105707	81.878672	-32.488643	33.480887
02882	6.685309	4.942050	5.582974	-1.462781	-2.419124	4.152476	81.735481	-35.040848	32.239582
02883	7.767940	5.160990	6.363582	-1.873138	-2.511938	4.159541	81.457485	-37.616938	30.905310
02884	8.467943	4.940884	6.877243	-2.258888	-2.421293	4.138916	80.981490	-40.172087	29.610045
02885	8.794668	4.719462	7.058057	-2.451155	-2.219523	4.078175	80.353998	-42.692329	28.442659
02886	8.741194	4.564023	7.078135	-2.553942	-2.015200	3.989440	79.606665	-45.143804	27.417551
02887	8.771928	4.554142	6.961194	-2.667737	-1.923898	3.903905	78.776485	-47.556146	26.458036
02888	9.083158	4.465371	6.830285	-2.732681	-1.853955	3.836379	77.893905	-49.923221	25.555809
02889	9.427727	4.399569	6.697827	-2.739198	-1.806786	3.784022	76.994671	-52.273184	24.699421
02890	9.997242	4.486985	6.488722	-2.714276	-1.763536	3.758986	76.092507	-54.602515	23.892544
02891	10.306031	4.403968	6.374760	-2.643786	-1.711659	3.735037	75.195180	-56.927657	23.149969
02892	10.571461	4.355654	6.198521	-2.516109	-1.646532	3.706075	74.322111	-59.223953	22.485882
02893	10.564596	3.970465	6.024516	-2.363049	-1.548511	3.662200	73.442093	-61.494880	21.944520
02894	10.416955	3.396485	5.940051	-2.138761	-1.464098	3.583761	72.611475	-63.703197	21.505363
02895	10.808108	3.158203	5.819998	-1.835520	-1.392560	3.474605	71.882155	-65.851288	21.152688
02896	11.343060	3.180685	5.827968	-1.497890	-1.255678	3.352800	71.200825	-67.900781	20.965697
02897	11.660251	3.234685	5.823161	-1.196036	-1.083361	3.238120	70.450991	-69.865779	21.038359
02898	11.965111	3.566048	5.831233	-0.923122	-0.941796	3.119804	69.629100	-71.729640	21.353797
02899	12.630950	4.033328	5.872144	-0.744984	-0.805553	3.036156	68.588721	-73.527991	21.999946
02900	13.280880	4.480808	5.889602	-0.593343	-0.591032	2.965012	67.080334	-75.228610	23.218209
02901	13.398858	4.811831	5.780228	-0.434379	-0.276289	2.894322	64.673033	-76.815015	25.445571
02902	12.923401	5.334575	5.463339	-0.284513	-0.004971	2.815905	61.202332	-78.253104	28.837911
02903	12.429538	6.131361	5.235542	-0.205915	0.155690	2.698400	56.597520	-79.538548	33.413221
02904	12.131978	6.699108	4.943195	-0.256962	0.235802	2.567218	50.843002	-80.645032	39.110068
02905	11.945341	6.856294	4.261662	-0.320787	0.291254	2.460523	43.713868	-81.573751	46.142699
02906	11.355101	6.734121	3.549938	-0.303898	0.307854	2.356989	35.392255	-82.298766	54.376145
02907	10.580659	6.772884	2.902202	-0.189340	0.203577	2.300997	26.048191	-82.875429	63.692503
02908	11.020829	7.535296	3.071948	-0.154997	-0.131417	2.362969	15.635720	-83.428876	74.094840
02909	12.478026	8.507552	3.754953	-0.314229	-0.500743	2.617527	2.380336	-83.948658	87.252718
02910	14.162484	9.443925	4.648662	-0.455682	-0.556552	3.003540	-14.581257	-84.083437	104.048408
02911	14.556528	10.984277	4.881417	-0.383981	-0.043230	3.286425	-30.774446	-83.368173	120.120299
02912	12.359116	13.185515	4.108127	-0.144997	0.796977	3.337274	-40.777997	-81.873577	130.127380
02913	7.952954	15.797354	2.212697	0.227116	1.542517	3.104302	-45.043473	-80.008515	134.582353
02914	2.691734	19.445746	-0.486876	0.297879	1.787859	2.686941	-46.618694	-78.189803	136.365199
02915	-4.948467	25.791588	-1.934556	0.178685	0.407382	1.328695	-48.099603	-77.467860	137.989880
02916	-6.180668	22.517820	-1.060039	-3.132033	-0.938910	-0.117721	-51.566729	-77.866003	139.707076
02917	1.829949	18.504627	-0.770252	-3.166111	-1.266671	-1.200735	-54.152840	-78.851185	140.500809
02918	-1.947412	1.749281	4.526297	-3.506943	-1.111588	-2.961044	-53.461772	-80.596495	137.761627
02919	18.154001	-9.577272	-12.306863	-4.584873	-4.172537	-2.778617	-64.731204	-83.197265	146.493668
02920	26.201042	-6.834266	-4.436319	-3.216735	-0.261354	-1.339170	-64.862888	-83.955132	144.776522
02921	10.957911	-2.080339	-2.611202	2.345116	3.397715	-1.669589	-43.784863	-83.590770	124.932847
02922	2.476865	-0.752508	-6.708081	1.921111	2.172103	-1.304642	-31.120441	-83.054037	113.295913
02923	9.788440	2.042210	-4.337213	-0.383060	-1.076308	-1.290763	-28.367433	-83.955556	110.309496
02924	19.143424	1.082205	-1.487136	-2.508476	-0.534535	-1.285689	-24.594240	-84.558070	105.077869
02925	14.491353	-3.874495	-1.317087	0.329331	1.201910	-1.414536	-14.298553	-84.176154	94.927337
02926	9.485508	1.376574	3.359003	2.327845	2.099319	-1.279905	-4.678912	-83.107059	86.595800
02927	9.166447	3.916302	4.306681	0.946953	0.832858	-1.106795	1.072201	-82.648277	81.352054
02928	9.451069	1.827453	3.708378	-0.838916	0.028636	-1.001643	5.019355	-82.600476	76.892363
02929	10.217863	-0.604625	2.374569	-0.067966	-0.128834	-0.967545	9.302554	-82.602766	72.539228
02930	10.180632	1.068495	1.969451	0.705946	0.144434	-0.962160	13.694636	-82.410762	68.522350
02931	10.473326	1.904241	1.676301	0.224492	-0.188331	-0.826998	17.472575	-82.385293	64.845939
02932	11.219833	0.832455	1.075615	-0.007900	-0.297906	-0.714403	20.789606	-82.411523	61.499985
02933	11.022113	0.906859	1.117114	0.307362	-0.083825	-0.632781	23.615760	-82.316716	58.831482
02934	10.454736	1.357155	1.338744	0.234186	-0.103428	-0.533974	25.985484	-82.241284	56.580528
02935	10.295423	0.958205	1.329531	0.089725	-0.122124	-0.471128	28.036834	-82.178691	54.567209
02936	9.864996	0.782177	1.229254	0.165075	-0.058083	-0.463483	29.931491	-82.078246	52.755055
02937	9.662252	0.909662	1.303452	0.111682	-0.077995	-0.466414	31.805687	-81.977099	50.932430
02938	9.326859	0.517323	1.086311	0.042335	-0.058964	-0.524799	33.740048	-81.841876	49.008171
02939	9.058655	0.349482	0.968289	0.094344	-0.060520	-0.613547	35.929300	-81.667100	46.855912
02940	9.263727	0.661483	1.009591	0.116196	-0.045481	-0.690978	38.232392	-81.448323	44.599953
02941	9.435049	0.895345	1.230855	0.116435	-0.062608	-0.731537	40.577661	-81.207548	42.300276
02942	9.680762	1.304818	1.434433	0.099213	-0.091809	-0.740841	42.879678	-80.963443	40.032719
02943	9.745796	1.336102	1.359065	0.056076	-0.110004	-0.746084	45.094446	-80.709467	37.827086
02944	9.654527	1.272582	1.209295	0.045327	-0.142739	-0.731239	47.228634	-80.463120	35.695162
02945	9.929866	1.474072	1.157052	0.062720	-0.161897	-0.676894	49.194466	-80.233321	33.742764
02946	10.831705	1.942960	1.309733	0.046014	-0.182670	-0.568357	50.887892	-80.050195	32.055792
02947	10.608581	1.699847	1.080453	-0.059054	-0.063317	-0.496170	52.016513	-79.848023	30.880417
02948	10.453106	1.706006	0.991094	-0.018493	-0.093910	-0.381429	52.982179	-79.706702	29.893483
02949	10.108322	1.628900	0.958422	-0.068767	-0.034234	-0.322975	53.636031	-79.567593	29.193934
02950	9.708334	1.407314	0.983292	-0.073523	-0.047296	-0.291520	54.244853	-79.447839	28.536995
02951	9.728792	1.559606	1.070311	-0.075509	-0.038530	-0.276773	54.791270	-79.329098	27.942254
02952	9.817781	1.640562	1.031470	-0.062268	-0.028622	-0.245380	55.253889	-79.222635	27.440182
02953	9.779131	1.662754	1.071913	-0.066307	-0.020886	-0.215271	55.635570	-79.125422	27.018103
02954	9.697358	1.543569	0.935050	-0.083036	-0.009576	-0.204180	55.954126	-79.031097	26.650302
02955	9.684160	1.634542	1.055739	-0.072927	0.004515	-0.195130	56.223921	-78.934460	26.338072
02956	9.546012	1.617532	1.086853	-0.061372	0.011627	-0.183604	56.459216	-78.842556	26.067535
02957	9.571951	1.856966	1.283561	-0.046046	-0.011584	-0.149266	56.701051	-78.772424	25.799316
02958	9.475875	1.703489	1.159384	-0.080735	-0.050561	-0.123260	56.972780	-78.728506	25.480191
02959	9.434068	1.518365	1.119110	-0.102120	-0.087015	-0.118980	57.311425	-78.695866	25.080398
02960	9.511558	1.575155	1.120227	-0.067504	-0.105730	-0.124593	57.721429	-78.667544	24.627911
02961	9.568817	1.619195	1.031882	-0.042812	-0.104538	-0.121520	58.135841	-78.637939	24.185407
02962	9.549191	1.656707	1.050300	-0.052559	-0.099089	-0.124012	58.533012	-78.606639	23.754649
02963	9.555320	1.741524	1.062142	-0.063510	-0.113325	-0.116185	58.944593	-78.581038	23.302838
02964	9.667169	1.730736	0.975475	-0.065757	-0.109687	-0.109079	59.334077	-78.559006	22.872129
02965	9.622747	1.626559	0.872387	-0.070589	-0.091298	-0.108965	59.673881	-78.529372	22.489330
02966	9.541638	1.707426	1.071273	-0.081011	-0.051206	-0.135346	59.945616	-78.476484	22.169760
02967	9.424301	1.520632	0.980719	-0.077997	-0.086503	-0.133772	60.299576	-78.432349	21.768055
02968	9.888911	1.909968	0.996921	-0.034995	-0.092375	-0.107378	60.653925	-78.404291	21.390971
02969	9.476941	1.763625	0.988232	-0.050987	-0.060908	-0.101906	60.912825	-78.368014	21.102008
02970	9.503169	1.655763	0.959022	-0.086558	-0.097869	-0.100374	61.238108	-78.344202	20.724351
02971	9.495626	1.592300	0.930083	-0.093770	-0.092819	-0.137467	61.593732	-78.298149	20.311516
02972	9.599740	1.715908	0.956459	-0.078014	-0.078233	-0.159283	61.948786	-78.238353	19.908333
02973	9.601709	1.766063	0.856714	-0.101588	-0.068701	-0.171516	62.278217	-78.167599	19.517494
02974	9.611008	1.952238	0.980585	-0.095329	-0.051497	-0.152304	62.542168	-78.103342	19.197071
02975	9.432080	1.880370	0.957733	-0.093028	-0.045366	-0.129669	62.760748	-78.046995	18.924356
02976	9.485833	1.904668	1.000537	-0.078082	-0.049039	-0.098276	62.956795	-78.009129	18.683321
02977	9.396962	1.890251	1.148696	-0.039822	-0.075523	-0.069226	63.200862	-77.991058	18.415636
02978	9.500603	1.876945	0.928361	-0.046926	-0.119706	-0.052334	63.527149	-77.994433	18.059667
02979	9.584563	1.823890	0.900014	-0.048409	-0.102382	-0.055300	63.813380	-77.989757	17.743830
02980	9.556420	1.833368	0.911072	-0.023512	-0.091530	-0.055439	64.088559	-77.983687	17.453822
02981	9.596685	1.846573	0.837655	-0.045798	-0.092799	-0.060186	64.358195	-77.973476	17.156462
02982	9.661321	1.820616	0.839911	-0.048658	-0.067031	-0.075416	64.581832	-77.950481	16.904395
02983	9.585550	1.906272	0.862361	-0.041411	-0.051592	-0.080032	64.775432	-77.919414	16.687308
02984	9.540944	1.934705	0.852676	-0.057244	-0.045624	-0.077299	64.942538	-77.889875	16.487971
02985	9.540329	1.853204	0.929485	-0.072324	-0.055273	-0.082633	65.128273	-77.858067	16.260762
02986	9.560762	1.894211	0.888290	-0.065415	-0.055168	-0.084147	65.319473	-77.826992	16.031943
02987	9.538349	1.845069	0.836624	-0.076035	-0.054819	-0.089640	65.507492	-77.791115	15.800161
02988	9.519053	1.767827	0.856735	-0.089209	-0.046165	-0.118748	65.698751	-77.739536	15.557265
02989	9.546823	1.901654	0.870830	-0.076385	-0.027576	-0.139116	65.871537	-77.671105	15.340773
02990	9.565768	1.947745	0.832276	-0.084301	-0.034246	-0.130860	66.046113	-77.610087	15.117719
02991	9.558080	1.886444	0.808672	-0.093129	-0.029246	-0.144366	66.214627	-77.539023	14.895666
02992	9.600612	2.004656	0.850407	-0.074958	-0.009862	-0.138218	66.340498	-77.468261	14.727864
02993	9.485583	2.076823	0.890536	-0.084455	-0.015139	-0.122031	66.453820	-77.405474	14.567327
02994	9.540135	2.034428	0.890241	-0.093988	-0.030817	-0.105329	66.581466	-77.356627	14.386454
02995	9.585290	2.014076	0.841479	-0.083647	-0.016744	-0.088478	66.662652	-77.311709	14.259264
02996	9.437836	2.056795	1.048469	-0.081890	-0.029278	-0.088133	66.774326	-77.271427	14.101806
02997	9.606781	1.840616	0.582253	-0.119949	-0.021257	-0.094977	66.850120	-77.224007	13.958771
02998	9.484102	2.058428	1.032708	-0.033931	0.024095	-0.094707	66.870429	-77.168157	13.923128
02999	9.409329	1.965165	0.800842	-0.101004	-0.037062	-0.093520	66.990603	-77.125005	13.745646
03000	9.558134	1.909100	0.873844	-0.079812	-0.004450	-0.101673	67.056196	-77.071843	13.636563
03001	9.644324	1.707422	0.677060	0.108871	0.005254	-0.104227	67.207787	-77.013495	13.550158
03002	9.340000	2.440110	1.020612	0.077042	0.054792	-0.107922	67.232120	-76.943806	13.575615
03003	9.506750	2.004019	0.830622	-0.133631	-0.042624	-0.080721	67.329926	-76.908427	13.401745
03004	9.568151	1.966866	0.808638	-0.011469	0.032961	-0.099928	67.345073	-76.847796	13.384571
03005	9.452420	2.286189	0.926339	-0.032359	0.023958	-0.077642	67.346096	-76.799325	13.369620
03006	9.543737	2.072517	0.888306	-0.072419	0.004733	-0.053330	67.345928	-76.769562	13.332299
03007	9.454572	2.117504	0.879464	-0.023004	0.020046	-0.043714	67.329232	-76.739884	13.341055
03008	9.453645	2.120719	0.881679	-0.049794	0.010498	-0.031083	67.308170	-76.720612	13.338511
03009	9.485522	2.067235	0.849278	-0.038803	0.010966	-0.027695	67.287868	-76.701408	13.341673
03010	9.419720	2.077058	0.967642	-0.041354	0.010388	-0.025792	67.266986	-76.684957	13.343913
03011	9.475136	2.072376	0.928627	-0.045717	-0.011338	-0.027667	67.292492	-76.670709	13.295927
03012	9.465923	2.053750	0.919832	-0.033687	-0.009925	-0.032998	67.327980	-76.654938	13.244752
03013	9.518419	2.036112	0.848724	-0.035624	-0.003476	-0.045548	67.358159	-76.629496	13.197896
03014	9.475993	2.075384	0.875374	-0.035929	0.005162	-0.058687	67.382372	-76.596801	13.156979
03015	9.524594	2.067742	0.859863	-0.034952	0.015278	-0.070323	67.393927	-76.554128	13.129652
03016	9.494872	2.077958	0.882220	-0.031586	0.021002	-0.081356	67.406162	-76.505950	13.103596
03017	9.479544	2.116661	0.890822	-0.040754	0.019604	-0.082468	67.415726	-76.455909	13.074886
03018	9.483548	2.131099	0.870765	-0.036386	0.018097	-0.084542	67.434203	-76.406682	13.039568
03019	9.489118	2.100689	0.890264	-0.029291	0.025723	-0.083661	67.437758	-76.354668	13.023786
03020	9.487061	2.108422	0.893900	-0.027730	0.038283	-0.084704	67.417161	-76.300915	13.033770
03021	9.521380	2.134609	0.887249	-0.030042	0.045165	-0.092705	67.386338	-76.239851	13.052925
03022	9.474717	2.163447	0.886980	-0.023554	0.052714	-0.097495	67.348849	-76.176149	13.082773
03023	9.429654	2.147420	0.926154	-0.027759	0.048680	-0.097463	67.316543	-76.111797	13.104812
03024	9.463636	2.174568	0.920011	-0.020265	0.046626	-0.098205	67.295110	-76.049058	13.120075
03025	9.419471	2.217257	0.950173	-0.019023	0.036349	-0.086394	67.284541	-75.993286	13.124884
03026	9.487142	2.188100	0.908143	-0.031793	0.028588	-0.086724	67.284699	-75.940605	13.111091
03027	9.471121	2.227459	0.917935	-0.012919	0.041972	-0.091535	67.270408	-75.880877	13.123344
03028	9.424499	2.255306	0.916819	-0.025886	0.043247	-0.082465	67.239473	-75.827200	13.145101
03029	9.430126	2.224694	0.937736	-0.033668	0.032902	-0.081648	67.223869	-75.774707	13.146452
03030	9.436357	2.253008	0.950697	-0.030427	0.040886	-0.075447	67.189447	-75.725257	13.169131
03031	9.428317	2.252668	0.977910	-0.038659	0.040210	-0.072992	67.148533	-75.675714	13.193651
03032	9.440262	2.227796	0.976330	-0.034724	0.035504	-0.065574	67.114570	-75.632668	13.213324
03033	9.438882	2.292948	0.971914	-0.030904	0.021052	-0.065483	67.111326	-75.591355	13.203550
03034	9.436963	2.238972	0.982637	-0.033450	0.025260	-0.053775	67.089087	-75.556818	13.211880
03035	9.467380	2.233979	0.912089	-0.037516	0.026175	-0.056248	67.063628	-75.519241	13.221130
03036	9.507751	2.206041	0.890572	-0.036422	0.046091	-0.072819	67.013851	-75.469998	13.256148
03037	9.463266	2.247066	0.922588	-0.032453	0.069692	-0.088451	66.931094	-75.405698	13.327601
03038	9.440519	2.279256	0.958700	-0.041525	0.071894	-0.094542	66.845804	-75.339182	13.396319
03039	9.383178	2.248159	1.044706	-0.027995	0.069464	-0.100357	66.777663	-75.268624	13.455347
03040	9.408519	2.254656	1.031498	-0.022872	0.056515	-0.098765	66.738621	-75.203322	13.487333
03041	9.405803	2.323084	1.028655	-0.017822	0.036243	-0.099602	66.742552	-75.140668	13.477868
03042	9.459680	2.327159	0.992963	-0.014118	0.033374	-0.097492	66.753576	-75.081268	13.463258
03043	9.432781	2.331689	0.962539	-0.012451	0.042874	-0.095633	66.744037	-75.019208	13.470914
03044	9.395730	2.394792	1.001690	-0.020368	0.046463	-0.087920	66.717652	-74.961886	13.491318
03045	9.429737	2.362001	1.003662	-0.037765	0.046642	-0.081750	66.674849	-74.906278	13.518407
03046	9.494048	2.341041	1.017399	-0.026404	0.043172	-0.090201	66.653730	-74.848497	13.529785
03047	9.410619	2.349641	1.027136	-0.010260	0.051166	-0.090530	66.625684	-74.787244	13.557927
03048	9.450615	2.325127	1.006222	-0.019468	0.041062	-0.096596	66.618193	-74.726576	13.559305
03049	9.441718	2.327542	1.033157	-0.001348	0.047133	-0.109391	66.618989	-74.656329	13.562854
03050	9.438127	2.397464	1.030108	0.008792	0.050693	-0.114457	66.624054	-74.584079	13.568004
03051	9.406979	2.351619	1.061480	-0.000064	0.041248	-0.122612	66.647609	-74.508225	13.548705
03052	9.351106	2.361161	1.050166	0.011301	0.037771	-0.131048	66.691952	-74.430180	13.514584
03053	9.357199	2.408923	1.093411	0.020967	0.030818	-0.129068	66.751830	-74.353294	13.470065
03054	9.367601	2.449649	1.082245	0.021854	0.031569	-0.125468	66.808490	-74.279570	13.429406
03055	9.362594	2.447362	1.052693	0.013534	0.018538	-0.123011	66.881183	-74.208619	13.367112
03056	9.383452	2.463815	1.088172	0.027014	0.013742	-0.121387	66.969690	-74.141022	13.296395
03057	9.406099	2.518408	1.030717	0.031100	0.026269	-0.116489	67.031774	-74.071740	13.255551
03058	9.344588	2.518926	1.040118	0.030335	0.029717	-0.102503	67.076828	-74.010495	13.231962
03059	9.322122	2.492529	1.077971	0.013211	0.019482	-0.095953	67.124476	-73.953548	13.195449
03060	9.427307	2.486232	1.023765	0.019749	0.015526	-0.090400	67.179594	-73.901839	13.155061
03061	9.487502	2.499137	0.964051	0.030639	0.035165	-0.107066	67.216532	-73.835531	13.140069
03062	9.442338	2.557353	1.024158	0.022025	0.048849	-0.130095	67.242094	-73.755446	13.131792
03063	9.434924	2.445058	1.065874	0.013674	0.039947	-0.152639	67.294801	-73.664003	13.090234
03064	9.439279	2.423544	1.085499	0.053910	0.040240	-0.185447	67.394996	-73.556546	13.023196
03065	9.389041	2.534385	1.104813	0.070098	0.031047	-0.207793	67.535191	-73.437851	12.924059
03066	9.396881	2.511044	1.068194	0.072751	0.020332	-0.231750	67.712606	-73.310114	12.787616
03067	9.390447	2.535064	1.068050	0.093656	0.021288	-0.260730	67.917538	-73.165290	12.634826
03068	9.339673	2.593376	1.092277	0.105948	0.013467	-0.275341	68.151368	-73.015584	12.459095
03069	9.371337	2.596081	1.119085	0.103149	0.001872	-0.290998	68.409743	-72.858427	12.255840
03070	9.411030	2.660083	1.060516	0.116687	-0.002146	-0.311486	68.693380	-72.692262	12.034109
03071	9.398625	2.736607	1.018268	0.135379	0.015180	-0.335505	68.968091	-72.508021	11.832709
03072	9.385778	2.704056	1.046846	0.128364	0.015034	-0.356201	69.248460	-72.313780	11.620982
03073	9.496572	2.756724	0.976321	0.137268	0.025369	-0.384618	69.527998	-72.100581	11.415206
03074	9.565662	2.800534	0.971739	0.148157	0.051012	-0.430214	69.794675	-71.858805	11.229290
03075	9.460790	2.841269	1.053862	0.153974	0.069082	-0.472012	70.053062	-71.589423	11.055298
03076	9.597416	2.913246	1.155476	0.164897	0.074884	-0.507585	70.323672	-71.300785	10.874778
03077	9.682660	2.896879	1.188354	0.159558	0.074595	-0.558021	70.611803	-70.983414	10.672131
03078	9.519227	2.899801	1.162675	0.217980	0.095032	-0.601841	70.918202	-70.639420	10.485236
03079	9.421297	3.088022	1.105421	0.270437	0.095356	-0.640722	71.264374	-70.272702	10.287550
03080	9.591162	3.137628	1.357510	0.192788	0.014275	-0.679620	71.697704	-69.900406	9.949460
03081	9.958846	2.986452	1.379639	0.176176	-0.009476	-0.753747	72.176197	-69.489818	9.552126
03082	10.108276	3.030999	1.347871	0.250856	-0.069622	-0.816015	72.795223	-69.055498	9.049281
03083	9.493113	3.208538	1.136957	0.379082	-0.043265	-0.918314	73.468961	-68.557568	8.564850
03084	9.327516	3.491071	1.198524	0.310172	-0.088500	-0.952850	74.154597	-68.046968	8.023578
03085	9.294416	3.415416	1.203927	0.235595	-0.148496	-0.980247	74.859385	-67.526908	7.413334
03086	9.203368	3.390445	1.182650	0.291407	-0.148111	-1.006354	75.576186	-66.990624	6.822572
03087	9.031099	3.596583	1.082047	0.352999	-0.142363	-1.029982	76.297099	-66.436510	6.263157
03088	8.981170	3.816680	1.012156	0.334660	-0.164717	-1.036770	77.010094	-65.879912	5.698746
03089	9.004615	3.922582	0.922982	0.283898	-0.177838	-1.038342	77.680918	-65.320321	5.146000
03090	8.886948	3.972751	0.840659	0.276058	-0.154191	-1.032481	78.292508	-64.759716	4.651385
03091	8.718205	4.133250	0.758778	0.294486	-0.124670	-1.019086	78.851993	-64.200159	4.223661
03092	8.621373	4.312854	0.727003	0.274255	-0.104777	-0.989687	79.352019	-63.654324	3.847490
03093	8.506182	4.373142	0.659684	0.220133	-0.093187	-0.957893	79.783219	-63.122860	3.511587
03094	8.338592	4.446258	0.641932	0.213651	-0.076420	-0.924692	80.173049	-62.608405	3.216712
03095	8.271865	4.559131	0.684654	0.198628	-0.061663	-0.882686	80.517400	-62.114384	2.961832
03096	8.252371	4.620484	0.697356	0.157614	-0.069285	-0.837470	80.829960	-61.646986	2.715499
03097	8.175773	4.648415	0.743568	0.140946	-0.058640	-0.790860	81.104425	-61.203374	2.500326
03098	8.229350	4.668040	0.761221	0.137569	-0.051781	-0.748211	81.357486	-60.783884	2.306806
03099	8.091123	4.689060	0.745302	0.162402	-0.052107	-0.706687	81.611486	-60.386485	2.127473
03100	8.089490	4.812040	0.757971	0.171288	-0.061818	-0.663477	81.869716	-60.015049	1.948746
03101	8.146737	4.883774	0.661676	0.158376	-0.078242	-0.625165	82.124971	-59.665199	1.763941
03102	8.163476	4.944847	0.683317	0.164202	-0.098333	-0.589281	82.394599	-59.337915	1.566003
03103	8.219156	5.005290	0.607866	0.144561	-0.098148	-0.564352	82.643805	-59.023250	1.377762
03104	8.205232	5.055987	0.493635	0.156430	-0.072555	-0.549767	82.871058	-58.715703	1.222818
03105	8.228282	5.182600	0.537880	0.141744	-0.076159	-0.533791	83.086721	-58.416105	1.070775
03106	8.274547	5.179809	0.497326	0.098959	-0.079684	-0.522018	83.277779	-58.124245	0.918677
03107	8.280337	5.258229	0.449404	0.114360	-0.071237	-0.521817	83.465811	-57.830590	0.779753
03108	8.183036	5.354515	0.442809	0.101957	-0.064498	-0.516194	83.638441	-57.540558	0.650519
03109	8.127130	5.368576	0.445379	0.075800	-0.075671	-0.509764	83.801792	-57.253592	0.513783
03110	8.066570	5.327893	0.458174	0.043143	-0.079819	-0.500561	83.947839	-56.973018	0.375248
03111	8.018832	5.353286	0.416071	0.052426	-0.076871	-0.493998	84.092685	-56.694715	0.243753
03112	8.016801	5.391381	0.410962	0.028220	-0.072696	-0.492815	84.218823	-56.417775	0.117948
03113	8.051706	5.468877	0.526080	0.022523	-0.084678	-0.479606	84.347823	-56.147790	-0.015924
03114	8.234610	5.497686	0.622255	-0.009333	-0.091657	-0.465220	84.462293	-55.887346	-0.154398
03115	8.089772	5.408413	0.535926	0.012646	-0.061824	-0.461617	84.561266	-55.626075	-0.259632
03116	7.890128	5.509858	0.575682	0.063465	-0.053626	-0.453841	84.681346	-55.369789	-0.355158
03117	7.820898	5.600807	0.552671	0.030069	-0.077988	-0.434376	84.798388	-55.124682	-0.470889
03118	7.866891	5.530983	0.549154	0.011258	-0.091829	-0.417903	84.914135	-54.890647	-0.598207
03119	7.826312	5.578089	0.491551	0.042203	-0.080004	-0.406593	85.034707	-54.661225	-0.710425
03120	7.804200	5.632954	0.489674	0.042302	-0.084726	-0.393065	85.157709	-54.440716	-0.825534
03121	7.882104	5.714640	0.483310	0.026279	-0.082810	-0.382843	85.266996	-54.224720	-0.935716
03122	7.912850	5.703540	0.444024	0.036470	-0.073308	-0.372109	85.373619	-54.015386	-1.035356
03123	7.872679	5.793957	0.400824	0.045874	-0.061076	-0.366497	85.473617	-53.807500	-1.120742
03124	7.856995	5.859846	0.353954	0.034406	-0.064290	-0.358907	85.569022	-53.605100	-1.208457
03125	7.787980	5.888134	0.341887	0.011792	-0.065438	-0.347299	85.649822	-53.408209	-1.294692
03126	7.821936	5.928306	0.295442	0.001353	-0.066587	-0.338248	85.725060	-53.217561	-1.381321
03127	7.751048	5.947687	0.308214	-0.008982	-0.065394	-0.331030	85.791397	-53.029826	-1.464774
03128	7.827168	6.019828	0.328846	-0.027908	-0.071428	-0.325344	85.851290	-52.846634	-1.553609
03129	7.859913	6.028619	0.300938	-0.050122	-0.071704	-0.320092	85.896851	-52.665302	-1.640970
03130	7.702892	5.996777	0.214500	-0.023738	-0.057025	-0.327408	85.947134	-52.480249	-1.715127
03131	7.750252	6.162829	0.261589	-0.051116	-0.068120	-0.325087	85.988467	-52.295831	-1.798283
03132	7.660822	6.116686	0.231191	-0.102258	-0.093104	-0.323901	86.019052	-52.114160	-1.904814
03133	7.644751	6.124928	0.199948	-0.102242	-0.097720	-0.324587	86.051640	-51.931128	-2.014433
03134	7.502447	6.224487	0.182164	-0.090973	-0.116997	-0.326834	86.104819	-51.748631	-2.142007
03135	7.457523	6.163522	0.201691	-0.150768	-0.172077	-0.315194	86.161435	-51.573709	-2.318229
03136	7.258999	6.063380	0.065121	-0.168809	-0.200391	-0.317072	86.227731	-51.399805	-2.520184
03137	7.484999	6.413307	0.209877	-0.154897	-0.222757	-0.326293	86.316481	-51.220142	-2.741440
03138	7.454020	6.172985	0.146581	-0.230822	-0.254960	-0.326139	86.383787	-51.042702	-2.991333
03139	7.716219	6.231812	0.253037	-0.218855	-0.288401	-0.335048	86.479778	-50.859967	-3.270200
03140	7.666183	6.181203	0.321767	-0.234776	-0.265981	-0.361887	86.550879	-50.662015	-3.529232
03141	7.493869	6.191652	0.089737	-0.174431	-0.294395	-0.378944	86.674591	-50.453838	-3.812603
03142	7.749642	6.457548	0.125731	-0.263070	-0.342142	-0.402200	86.779794	-50.234713	-4.138540
03143	7.799880	6.496106	0.355459	-0.261883	-0.341190	-0.439236	86.883383	-49.992846	-4.462796
03144	7.477057	6.156456	-0.003426	-0.256344	-0.357985	-0.463620	87.000217	-49.738287	-4.801191
03145	7.572467	6.524225	0.023995	-0.245192	-0.409478	-0.491210	87.155411	-49.467802	-5.183091
03146	7.398677	6.515192	-0.040450	-0.293046	-0.454600	-0.528656	87.311214	-49.177588	-5.603338
03147	7.549292	6.699237	-0.050833	-0.317213	-0.533962	-0.550125	87.501346	-48.875193	-6.089462
03148	7.643617	6.558480	-0.023454	-0.376482	-0.569738	-0.592884	87.677320	-48.549289	-6.604080
03149	7.348722	6.532360	-0.207386	-0.346170	-0.605438	-0.633311	87.888455	-48.198772	-7.145365
03150	7.343529	6.795760	-0.388693	-0.326637	-0.668902	-0.679979	88.145860	-47.822434	-7.736750
03151	7.371957	6.912923	-0.131482	-0.437922	-0.754436	-0.715473	88.385830	-47.424428	-8.394606
03152	7.255922	6.669963	-0.290352	-0.508378	-0.822093	-0.771275	88.619736	-46.994751	-9.103460
03153	7.362077	6.823272	-0.313220	-0.464653	-0.920506	-0.804034	88.928702	-46.544132	-9.886152
03154	7.625453	7.052254	-0.268220	-0.525178	-1.001188	-0.845577	89.240320	-46.068657	-10.726382
03155	7.633380	6.912842	-0.152980	-0.564398	-1.039960	-0.905937	89.539448	-45.554674	-11.587639
03156	7.333326	6.895369	-0.455176	-0.513807	-1.095438	-0.951441	89.885811	-45.012477	-12.482310
03157	7.334641	7.145062	-0.385794	-0.532613	-1.186401	-0.997788	90.257151	-44.438705	-13.436619
03158	7.194133	7.147896	-0.406926	-0.594368	-1.281520	-1.041106	90.628736	-43.836327	-14.452049
03159	7.320509	7.177095	-0.392807	-0.626150	-1.381797	-1.076469	91.017356	-43.207054	-15.530166
03160	7.167159	7.212005	-0.490588	-0.591986	-1.462986	-1.130625	91.447474	-42.541170	-16.653479
03161	7.143226	7.345890	-0.517132	-0.603703	-1.553096	-1.178790	91.894022	-41.838989	-17.826046
03162	7.003211	7.319191	-0.466930	-0.640065	-1.684934	-1.208257	92.361579	-41.111142	-19.078165
03163	6.871445	7.310160	-0.577242	-0.622822	-1.789243	-1.255766	92.862310	-40.344611	-20.384940
03164	6.839406	7.453849	-0.568495	-0.614293	-1.903510	-1.291313	93.392838	-39.546146	-21.751591
03165	6.764732	7.544554	-0.581535	-0.627467	-2.006263	-1.313472	93.931714	-38.720713	-23.167216
03166	6.604849	7.772735	-0.573137	-0.581212	-2.094806	-1.347667	94.503232	-37.862193	-24.618807
03167	6.605360	7.864066	-0.564201	-0.593937	-2.176355	-1.377561	95.067304	-36.970735	-26.099133
03168	6.794329	7.770569	-0.398450	-0.648094	-2.234714	-1.378723	95.589990	-36.065116	-27.593038
03169	6.839248	7.680319	-0.245688	-0.641551	-2.178952	-1.400235	96.057474	-35.139527	-29.019135
03170	6.539862	7.670339	-0.267900	-0.517263	-2.080572	-1.441988	96.522268	-34.187550	-30.348593
03171	6.314087	7.818624	-0.292912	-0.460574	-2.011959	-1.469193	96.960014	-33.215685	-31.604534
03172	5.965832	7.834836	-0.232754	-0.391310	-2.004015	-1.490221	97.403600	-32.224872	-32.830655
03173	5.710557	7.917556	-0.409702	-0.349818	-2.035978	-1.494426	97.851570	-31.220942	-34.054953
03174	5.760710	7.924536	-0.299953	-0.347732	-2.085638	-1.497477	98.288116	-30.203577	-35.289971
03175	5.897489	7.959871	-0.255993	-0.346019	-2.004902	-1.492788	98.669743	-29.187978	-36.451351
03176	5.951566	7.991139	-0.230443	-0.289528	-1.827395	-1.513979	99.001423	-28.169912	-37.477711
03177	6.173185	7.405355	0.052117	-0.327247	-1.626165	-1.469203	99.230295	-27.191106	-38.364558
03178	7.976476	5.620945	0.747318	-0.832502	-1.566202	-1.155047	99.151797	-26.394405	-39.237511
03179	9.703303	4.219892	1.290361	-1.241992	-1.196665	-0.588128	98.750883	-25.955336	-39.932341
03180	10.316015	2.988220	2.055961	-1.194112	-0.645081	-0.012810	98.248426	-25.893381	-40.336579
03181	10.524128	3.219726	2.588910	-0.961837	0.012543	0.517616	97.717264	-26.189618	-40.373007
03182	9.663904	3.968126	2.522089	-1.167786	0.354266	1.053350	96.990853	-26.814073	-40.233383
03183	8.833831	4.093691	2.335749	-1.728259	0.455010	1.568993	95.921954	-27.739217	-40.053974
03184	8.092012	3.668597	1.871464	-2.099135	0.534716	1.974906	94.615312	-28.893970	-39.824453
03185	7.694653	3.708567	1.602962	-2.225532	0.704288	2.239118	93.163525	-30.204601	-39.459768
03186	7.501729	4.047131	1.124210	-2.386303	0.811943	2.413353	91.556501	-31.605148	-38.983392
03187	8.207333	4.736006	0.339130	-2.160223	0.955777	2.647153	89.986446	-33.132943	-38.357081
03188	7.376020	3.112753	-0.488381	-2.291600	0.882958	2.893603	88.320591	-34.782973	-37.716678
03189	7.651293	3.356706	-0.140430	-2.071778	0.945523	3.164009	86.689798	-36.574873	-36.950853
03190	6.244754	3.526600	-0.183651	-1.624998	1.043715	3.183347	85.207076	-38.351752	-36.035940
03191	7.453968	12.894155	-7.251966	-0.117453	1.265298	3.292305	84.411455	-40.169567	-34.880389
03192	-0.556153	3.178343	11.246955	-0.857344	2.158581	1.865335	82.767389	-41.093346	-33.102550
03193	6.499817	3.792630	-11.380128	-0.681437	-0.507560	1.955606	82.506599	-42.246054	-33.293199
03194	10.469374	6.581146	6.752532	-2.453134	-1.077100	3.582443	81.410432	-44.364431	-33.737140
03195	6.096019	3.936413	-1.608140	-1.026156	0.724586	3.438148	80.089243	-46.246603	-32.701259
03196	7.444505	6.277375	0.565828	0.399782	0.466689	2.477764	79.775424	-47.597329	-31.951228
03197	7.583236	7.791572	1.700471	-0.306303	0.336285	2.725625	79.065514	-49.101703	-31.231527
