6,1.361236470764915e-11,6.260246210310072e-10,1.840218429027818e-11,1.0468823319342846e-07,3.302497120216685e-08,4.940163123023922e-08,0.9999998807907104
6,1.7673029706344323e-10,6.465523672005702e-10,2.1949293077527798e-11,9.965574321313397e-08,5.638852229594704e-08,8.08184381639876e-08,0.9999997615814209
6,5.1283036844873564e-11,1.9675274742780857e-09,6.800896217712404e-12,3.520144389312918e-07,1.3127255726885778e-08,4.364309358351193e-09,0.9999996423721313
6,6.254868584881779e-12,2.1950648243507231e-10,1.72050730867096e-12,1.0051383014797466e-07,5.968538108191979e-09,8.73734917750113e-10,0.9999998807907104
6,1.8652301925214942e-11,1.7138153118878563e-09,2.819871072756719e-12,1.4866078856812237e-07,2.5752861176897568e-08,5.925804291706527e-10,0.9999998807907104
6,8.550583852073856e-12,8.624648550892289e-09,5.720118823049347e-12,4.6162853095665923e-08,9.132547162948867e-09,1.860427645272722e-10,1.0
6,4.5050439073657245e-11,6.933722485058524e-09,2.13957302395984e-12,2.9510996313319993e-08,1.743357103123344e-08,7.52702622452972e-10,1.0
6,3.423767866439498e-11,1.822701989340203e-09,2.0354284663987032e-12,1.0236789194095763e-08,1.0658635751781276e-08,2.389972442173871e-09,1.0
6,4.879126616619267e-12,2.8881073088626863e-09,4.0145759438135753e-13,6.625874293675338e-10,5.549533277360297e-09,1.2271558769150204e-10,1.0
6,1.275149430490785e-10,6.896319604265955e-08,6.004698691400301e-13,1.1043105319075153e-09,1.5516155826844624e-07,5.3463716093160585e-11,0.9999997615814209
6,8.668999545990985e-12,2.294897427645992e-08,1.8565884777905356e-14,3.959674255149537e-11,4.5012029659119435e-08,4.397913457021563e-12,1.0
6,1.1287807494264612e-10,6.578682132385438e-08,5.962403422550555e-13,8.285156588572207e-11,7.482357489152491e-08,5.578593836874646e-11,0.9999997615814209
6,6.311526301594483e-10,1.554574851070356e-06,6.093485091507311e-12,2.0384613441670751e-10,2.1597227828351606e-07,1.3515231989114085e-10,0.9999982118606567
6,2.6656379326084334e-09,2.0164445686532417e-06,5.5207570286153196e-12,8.858287436908086e-10,1.5195789728750242e-06,1.2348762290503856e-10,0.9999964237213135
6,1.8100947407617696e-09,1.0219110663456377e-05,1.519238380931487e-11,4.901620775932258e-10,3.086123570028576e-06,3.3590530357230364e-10,0.9999866485595703
6,2.435810719791931e-10,6.671179107797798e-06,7.865956150321374e-13,5.005855452377972e-11,1.8245259525428992e-06,6.625915788260883e-11,0.9999915361404419
6,1.7446298572476593e-10,2.967349428217858e-05,2.0001410467110348e-13,7.2588658174554954e-12,9.995611435442697e-06,2.4953362293134163e-11,0.9999603033065796
6,2.2800730192784613e-09,7.59801987442188e-05,9.467219759876078e-13,6.703772953420284e-12,0.00010997576464433223,5.7708324230354435e-11,0.9998140931129456
6,1.7174824895604957e-09,0.00013545737601816654,4.923357186346899e-13,1.9161672248912964e-11,4.08758241974283e-05,3.229225914447298e-11,0.9998237490653992
6,8.40478076025164e-10,1.0075970749312546e-05,7.780926510742026e-13,3.1533425176588636e-11,1.027505368256243e-05,3.2387727916249887e-11,0.9999796152114868
6,1.431855523037484e-09,2.9385682864813134e-07,3.495689198176888e-12,2.194963377721848e-10,4.079113296029391e-07,7.699521575865731e-11,0.9999994039535522
6,4.321738800161512e-10,3.7227771088055306e-08,3.082270766743833e-13,3.75446951306202e-10,1.7090269466280006e-07,9.48331690953097e-12,0.9999998807907104
6,4.2834472080421904e-10,1.902434831890787e-08,1.271342623190841e-12,1.1772196550907665e-09,2.137773122967701e-07,1.0918997477016301e-11,0.9999997615814209
6,4.428927016797424e-11,4.145071397232414e-09,4.1722539052130303e-13,2.9716964999870754e-10,2.424116907207008e-08,1.1322390941481686e-11,1.0
6,3.107254731293807e-11,4.033534395375682e-09,2.32769451500095e-13,1.061856921835691e-10,1.7209343283752787e-08,6.814558466128329e-12,1.0
6,1.8009402302787691e-10,1.3455566438835831e-08,3.0980665081947745e-13,5.399367064562455e-10,1.1234536856363775e-07,1.2931955853390242e-11,0.9999998807907104
6,5.740535824472204e-10,2.163454837500467e-08,1.5381704970059834e-13,6.712904121464192e-10,8.330567879966111e-07,2.6729536986569435e-11,0.9999991655349731
6,2.9120041881297576e-12,1.2993824072271565e-10,9.779055515390152e-15,1.1991221904317229e-10,1.4401094539095993e-08,1.8120609179828051e-12,1.0
6,1.1396565386279783e-13,8.41473279944438e-11,7.623547988194919e-16,7.071855687851292e-12,2.217960703987387e-09,8.703954440872352e-13,1.0
6,1.7404596644107762e-12,6.710873523552152e-10,7.0663304343381115e-15,1.1798426124975947e-10,2.5796223823704167e-08,2.9799290205551054e-12,1.0
6,1.8061535340258006e-12,5.528211222127766e-10,1.7536736358859592e-14,1.9383068483591614e-09,3.505981993612295e-08,4.458709443322384e-12,1.0
6,2.1967629538349742e-12,1.2872390930951383e-09,2.787173771401537e-15,1.4123969771517864e-09,6.945690245174774e-08,1.3218714317586588e-12,0.9999998807907104
6,9.309652007627456e-12,4.100734418699403e-09,5.033210380054297e-15,9.89008652751977e-10,1.8199990847733716e-07,1.7081635585169952e-12,0.9999997615814209
6,3.888160626797088e-11,6.3102243430535054e-09,5.480633511584752e-15,1.8705965665333224e-09,6.687891414003388e-07,1.0985562503076918e-12,0.9999992847442627
6,2.990029057681198e-11,3.255072655861113e-09,5.319131010081196e-15,2.229121776053944e-09,5.359128749660158e-07,1.0196251395283573e-12,0.9999995231628418
6,5.90474500891669e-12,8.006594276466217e-10,3.525670246135276e-15,1.9887118340999876e-10,1.86251227773937e-07,1.567819008299609e-12,0.9999997615814209
6,2.1898278329546272e-11,2.5952500148918034e-09,2.653779465329551e-14,3.062287090571658e-10,2.58796404750683e-07,5.978007585477618e-12,0.9999997615814209
6,9.344935936184129e-11,7.64893126614652e-09,1.7394529013784604e-13,1.2489442813290452e-09,2.885786045681016e-07,2.2950905065322047e-11,0.9999997615814209
6,3.1807839695474627e-10,1.7113825023784557e-08,5.628983065254778e-13,1.924242321038605e-09,4.0532762568545877e-07,5.0999090367431776e-11,0.9999996423721313
6,2.5995445795956584e-09,1.0182692022908668e-07,1.6505675298761346e-11,4.116658125496997e-09,4.039441705572244e-07,1.0777376768800195e-09,0.9999995231628418
6,5.480546683145349e-09,1.3014597755045543e-07,2.760292168446643e-11,3.597126152499186e-08,5.268433937999362e-07,1.254291337460245e-09,0.9999994039535522
6,5.845750550292905e-10,2.1394260585338998e-08,5.845577927959811e-12,4.78323194386121e-08,6.506652994175965e-08,3.6488326249362046e-10,0.9999997615814209
6,2.174098123752799e-10,4.15512424467579e-09,2.3064293530605795e-12,1.528759674407354e-09,5.374925837742239e-09,5.652016632495815e-10,1.0
6,6.623859793997156e-10,7.945982929413731e-07,7.044857752713796e-12,8.155633390849459e-10,2.2488821471711162e-08,3.213314059280492e-10,0.9999991655349731
6,3.6124567226458737e-10,1.748347813190776e-07,2.803407245927092e-12,2.2263566545888125e-09,4.1200628686510754e-08,1.1823189094428699e-09,0.9999998807907104
6,1.9273338133785067e-11,5.957358606423213e-09,6.75092780614249e-14,2.610884008991121e-10,1.0365203806372847e-08,1.1544895595072546e-10,1.0
6,4.6031668060608766e-12,1.1720379111679335e-09,8.053492361924722e-14,1.803851339132745e-11,8.62846594174016e-09,7.98295596293741e-11,1.0
6,1.7832993415289877e-10,1.435365337698613e-08,1.510947617022751e-11,8.243328242230064e-10,1.6778167744035954e-09,2.976531021658957e-09,1.0
6,9.695518693453309e-11,3.990378161233821e-08,1.2660128154151629e-11,4.854162072298607e-10,5.147292370111245e-09,1.0572577258116667e-09,1.0
6,1.0848239667682336e-10,2.910682894707861e-08,4.222759988903313e-11,1.0138964112726967e-09,1.2455854125903443e-09,4.924701757502703e-10,1.0
6,2.8144417352216067e-10,5.805057767815924e-08,1.4274889430232474e-11,1.6755299370174725e-09,1.236278746041819e-09,3.078932386824107e-10,0.9999998807907104
6,2.3635465806748357e-10,2.041883462311489e-08,6.281821590681247e-11,4.4114210062673465e-09,9.24066989593797e-10,6.957591169864941e-10,1.0
6,5.040506900755304e-10,1.6284687376355578e-08,2.8537833207664676e-10,2.2537060218041916e-08,1.619324674351219e-09,8.122686523392986e-09,1.0
6,3.9908212151607e-11,9.107893328419436e-10,1.045752243480913e-12,3.4605021625999655e-10,2.2306317903897366e-10,2.0486419505250097e-10,1.0
6,9.18703690899747e-09,8.12840710295859e-08,3.035895423941781e-10,1.4953094762404362e-07,1.809349825521167e-08,2.7314554174040495e-08,0.9999997615814209
6,1.0421899787615985e-08,1.934813553816639e-08,7.445603161793102e-11,4.235188200141238e-08,1.7935239071675824e-08,1.7344119029871763e-08,0.9999998807907104
6,4.1061362310301774e-08,8.313847956742393e-07,6.819428577387043e-09,7.649476287951984e-07,8.27387580670802e-08,6.099811002968636e-07,0.999997615814209
6,6.311475231335351e-10,1.1177760050884444e-08,7.187092032623354e-10,2.412132573681447e-07,1.0928370208773686e-08,2.356521910940046e-08,0.9999997615814209
6,2.675208499169912e-09,2.0008402046300944e-08,8.231691772664362e-09,1.3415428838925436e-06,3.782853141842679e-08,4.679879737068404e-07,0.9999982118606567
6,5.091144839042272e-09,2.2505727059751734e-08,2.721090375246149e-08,1.5561010968667688e-06,5.235993683072593e-08,1.1123222520836862e-06,0.9999972581863403
6,4.5665586867471575e-08,9.864155572358868e-07,1.748985454241847e-07,9.257344572688453e-06,6.474423344116076e-07,2.0002751625725068e-05,0.9999688863754272
6,2.5368262868141755e-07,2.887722075683996e-06,1.7123167594945699e-07,1.0428096175019164e-05,1.5369594166259049e-06,3.7674439226975664e-05,0.9999470710754395
6,8.929540058488783e-07,1.4269024859459023e-06,2.169824568909462e-07,3.7875270209042355e-05,3.061272764171008e-06,0.00011080916738137603,0.9998457431793213
6,9.228546332451515e-06,2.3562220121675637e-06,9.648655350247282e-07,0.0002519607078284025,0.0001837766612879932,0.007574805058538914,0.9919769167900085
5,1.0706898137868848e-05,6.216902903588561e-08,2.87806960841408e-06,0.0008539218688383698,8.193679241230711e-05,0.9902211427688599,0.008829250931739807
5,9.233390301233158e-06,4.194092895204449e-08,1.6406605936936103e-05,0.0015393742360174656,2.2816473574494012e-05,0.9696304202079773,0.028781691566109657
5,1.2267724969206029e-07,5.228916952204621e-11,5.2676149664421246e-08,3.4671764296945184e-05,1.289579722651979e-05,0.9995926022529602,0.00035965823917649686
5,3.152116789806314e-07,2.1803611000015266e-11,2.960086620262814e-09,4.1303726902697235e-05,0.00013082032091915607,0.9998044371604919,2.3032480385154486e-05
5,5.758026304647501e-07,1.0887675309934064e-11,1.078019340461367e-09,2.592884629848413e-05,0.0002006686554523185,0.9997476935386658,2.510728700144682e-05
5,5.224681558502198e-07,2.3121497771949606e-11,3.5530980935227774e-10,6.41825536149554e-05,0.0027010964695364237,0.9972104430198669,2.372052040300332e-05
5,1.783121632570328e-07,7.290049098239437e-13,1.726787636491256e-11,7.949693099362776e-06,0.0009200516506098211,0.999071478843689,2.580297859822167e-07
5,6.569287336333218e-08,3.4909301469508713e-13,9.44093588028938e-12,3.729626541826292e-06,0.0005287950043566525,0.9994673132896423,1.521055565945062e-07
5,3.303807147858606e-07,3.916584070950968e-12,2.6629292521063164e-11,8.340613021573517e-06,0.0020037582144141197,0.9979871511459351,3.7740525726803753e-07
5,1.0152700014032234e-07,7.533549657582142e-14,4.329616526410618e-12,3.187728907505516e-06,0.00024784140987321734,0.9997487664222717,9.828386282606516e-08
5,7.0089258841221636e-09,1.182938702505229e-13,7.508675972656143e-12,3.5220027712057345e-06,3.555729927029461e-05,0.9999595880508423,1.2390647725624149e-06
5,1.3895247175099712e-09,1.4563232618534233e-13,1.2667231846785754e-11,4.602053650160087e-06,6.616278824367328e-06,0.9999868869781494,1.8912186305897194e-06
5,3.2739713162754924e-08,8.001467544094254e-12,3.2897923274433083e-10,9.24958658288233e-06,7.346031634369865e-05,0.999915361404419,1.833180476751295e-06
5,2.716585623119272e-09,7.671047130841657e-11,7.810481150727355e-10,9.941417374648154e-05,0.00011226139758946374,0.9997847676277161,3.5234161259722896e-06
5,2.00079988132984e-08,6.733339580344833e-11,1.1159021484630216e-09,0.0003457395650912076,0.00020484939159359783,0.9994422793388367,7.096334229572676e-06
5,1.5190215307825383e-08,7.431600473895017e-12,3.4596543407872105e-09,4.730754517368041e-05,0.00013302874867804348,0.9998193383216858,2.929947129359789e-07
5,2.8459055556595558e-08,1.0032755876077104e-10,7.233987275867548e-08,0.00013149068399798125,2.2724330847267993e-05,0.9998382329940796,7.479908617824549e-06
5,9.639119724624834e-09,2.2054337522892098e-10,6.132257368562932e-09,6.314806523732841e-05,9.630023123463616e-05,0.9998277425765991,1.2742672879539896e-05
5,2.824125715505943e-07,1.7483813286034433e-09,1.0897069024906614e-08,0.00024732868769206107,0.0008231197716668248,0.9989268183708191,2.450332885928219e-06
5,1.664972870685233e-07,1.8588379724349124e-09,6.800677283536061e-07,0.0013479102635756135,0.00010329918586649,0.9985353946685791,1.2552352927741595e-05
5,5.366616164792504e-07,5.856358176181686e-10,2.0044739201807715e-08,0.0003288458101451397,0.00042094127275049686,0.9992456436157227,4.013233592559118e-06
5,8.653029226479703e-08,1.5826547017372405e-10,5.48089751362113e-09,3.643447416834533e-05,0.00011330385314067826,0.9998496770858765,4.2138591993534646e-07
5,1.673245186850636e-08,4.087942137576128e-11,3.336807219422866e-10,0.00010311418009223416,0.00017793610459193587,0.9997182488441467,6.566066304003471e-07
5,1.8796129097609082e-08,3.670213785667009e-11,1.0560030627715378e-09,0.00017924228450283408,4.939525024383329e-05,0.9997699856758118,1.4109962194197578e-06
5,4.678400777891056e-09,1.5322147717267143e-10,2.1576775921516855e-09,0.0003986275987699628,0.00010373905388405547,0.9994925260543823,4.99940688314382e-06
5,3.437656270754985e-10,8.696515729766929e-11,1.6490246668166009e-10,0.00013809942174702883,2.2667189114145003e-05,0.999834418296814,4.69091537524946e-06
5,1.6140923320140388e-10,2.6539688849358534e-11,2.136457816215298e-10,3.101180482190102e-05,3.448672032391187e-06,0.999964714050293,8.829858302306093e-07
5,5.116826407025599e-10,5.619045506666254e-11,1.8182986227799347e-09,1.1637845091172494e-05,6.21146909907111e-06,0.99997878074646,3.3093606361944694e-06
5,3.006564242014065e-08,1.026071561049946e-09,4.1856022647834834e-08,7.766027556499466e-05,2.3389515263261274e-05,0.9998937845230103,5.074799446447287e-06
5,2.767777971257601e-07,3.596723985310746e-08,1.8263431655896056e-08,0.00015319672820623964,0.00021342428226489574,0.99953293800354,0.00010018289322033525
5,1.1492537588253526e-08,2.1808087780073038e-08,1.322626452804343e-08,0.0015596767188981175,0.00013703794684261084,0.9981235861778259,0.00017969323380384594
5,3.704230948642362e-07,3.37550964957245e-08,3.3572167268403064e-08,0.13236060738563538,0.00036081112921237946,0.8671971559524536,8.107098256004974e-05
3,2.825759679581097e-07,1.3712232771467825e-07,1.2798088278032083e-07,0.5556232333183289,0.0007393723353743553,0.4435601830482483,7.672507490497082e-05
3,8.342816215645144e-09,5.019330284738999e-09,7.23075072039947e-11,0.9999969005584717,1.849953491728229e-06,1.0111621122632641e-06,1.2875644017640298e-07
3,6.311559608285222e-10,5.621332288541225e-10,2.2108020709260545e-12,0.9999997615814209,2.4069601067822077e-07,2.851781921719976e-09,3.885803323555592e-08
3,1.0438080261243599e-10,5.400711822201032e-11,6.890249140559593e-14,0.9999996423721313,3.1386954901790887e-07,4.0186163424715815e-11,1.4138143988873253e-09
3,3.3482347450153327e-10,8.931073242068877e-11,1.4379154334234756e-12,0.9999994039535522,5.422899107543344e-07,3.65251495715313e-10,6.224257731446414e-08
3,6.503765304088915e-10,1.1634240099089865e-10,4.82001894994144e-12,0.9999995231628418,4.0422088432023884e-07,1.7090871773373095e-10,4.111457130306917e-08
3,5.314285456137213e-09,1.6786788625822169e-09,4.05907807365935e-11,0.9999948740005493,4.852823167311726e-06,2.8722111355961033e-09,2.159169696369645e-07
3,2.3574264762515895e-09,2.4703072920573277e-09,1.9837536127664812e-11,0.999983549118042,1.6270007108687423e-05,3.1181546233938207e-09,1.4515723023578175e-07
3,4.1470862299775035e-09,3.473212162319328e-09,3.965988426557487e-09,0.9999958276748657,6.103233545218245e-07,1.491234336015168e-08,3.5288949220557697e-06
3,2.1284157769585477e-10,3.199582543356172e-10,2.531211872047745e-11,0.9999966621398926,3.22962955578987e-06,3.053750030623803e-10,8.285727659540498e-08
3,4.019794719312131e-09,2.8386648587286345e-10,4.321253632699751e-10,0.999984860420227,1.5025405446067452e-05,1.5175025680491672e-07,8.546455987357149e-09
3,4.440229162128162e-08,5.896885757472603e-11,3.841475401666905e-11,0.999993085861206,6.873253823869163e-06,4.075648263324183e-08,3.146346960747337e-09
3,1.6553840964661504e-08,1.9390553052112125e-10,1.1145544043245081e-08,0.9999992847442627,6.071684310882119e-07,4.054598790048658e-08,2.413007038626347e-08
3,1.1351301054673968e-07,4.690344779234579e-10,2.566663992453755e-09,0.9999865293502808,1.3318143828655593e-05,2.3738271792694832e-08,5.967832006348317e-09
3,7.635593490817882e-09,1.2512498814842843e-09,1.4528830583060426e-08,0.9999997615814209,5.331441599309983e-08,3.3925096065701155e-09,1.6970017213679967e-07
3,8.502372694785265e-10,1.0334339634043843e-10,3.5815994614551983e-09,1.0,2.2874598215594233e-08,2.931321851917801e-10,6.866221369250525e-09
3,7.110197941528895e-08,2.1677508676987145e-09,1.5961211019543953e-08,0.9999996423721313,2.3554174788387172e-07,2.5220414645588107e-09,1.7964882914611735e-08
3,5.714105300036465e-10,1.8822753078406862e-10,5.359178656405561e-10,1.0,1.8475649454785525e-08,4.420808163985157e-11,9.801662592678895e-09
3,1.578519981393356e-09,1.0248650816890859e-09,1.1490074169895337e-10,0.999998927116394,9.128419833359658e-07,1.1436265129338707e-10,1.4871552878048533e-07
3,1.8952006630712503e-09,6.820530251694379e-10,1.4506437717720644e-10,0.9999994039535522,2.64966843133152e-07,1.2518695802210544e-10,3.482717545466585e-07
3,5.1080140117676365e-09,3.703346795891349e-10,2.770950136010697e-10,0.9999997615814209,2.3164027140865073e-07,6.448306888451327e-10,4.851333912370137e-08
3,1.1373356478827645e-08,2.46075299026316e-10,4.090016103575067e-10,0.9999998807907104,1.2922157566208625e-07,3.366876569210753e-11,5.270110126076588e-09
3,1.9540374873727728e-10,3.246161325853869e-11,4.740557946192325e-10,1.0,2.570825152758971e-08,1.1579314763976445e-11,1.991431020087475e-09
3,4.362757710651977e-09,1.896576368176639e-10,7.169738136525439e-10,0.9999988079071045,1.1175607141922228e-06,1.0769370117902355e-10,3.019206928911444e-08
3,1.667351152978558e-11,8.105799560211013e-13,1.3366041129794781e-12,0.9999998807907104,7.492941023201638e-08,1.75981611553154e-13,6.954180564733292e-10
3,2.190697484527604e-10,3.504570939005802e-11,1.1910661346092866e-10,0.9999996423721313,2.979941200464964e-07,4.440411927042476e-11,9.660894306762202e-09
3,1.5780572404366922e-09,9.336523915104422e-11,4.209747828110011e-10,0.9999955892562866,4.3715385800169315e-06,1.951020678347959e-09,1.9844312859618185e-08
3,7.083523101414357e-09,2.4378504770439235e-10,2.1763514601591538e-11,0.9999912977218628,8.67997823661426e-06,2.1253780679852952e-10,7.175641769663343e-08
3,2.511461083543054e-08,1.1848681757964385e-10,8.749539287533636e-12,0.9999932050704956,6.745657628925983e-06,2.0744336803879548e-10,2.695482725911802e-09
3,2.7119586576418442e-08,2.9448110616669965e-10,2.34645046448545e-11,0.9999945163726807,5.389086254581343e-06,1.389522052974712e-09,1.2171780028324974e-08
3,1.1257259124874963e-08,1.1962060508796668e-10,2.9930333385330687e-12,0.9999837875366211,1.620370676391758e-05,1.2077953914779727e-10,3.001225579168931e-08
3,4.220120697340235e-09,6.65842589397947e-11,1.8901746834387723e-10,0.9999974966049194,2.4386588393099373e-06,1.221728851419357e-08,3.927462088881839e-08
3,5.716416850987116e-08,2.0235796371892434e-10,8.752532726363782e-11,0.9999723434448242,2.4360257157240994e-05,9.896651498308984e-09,3.2061025194707327e-06
3,3.825761929476812e-09,3.431252157404252e-11,2.999847982868009e-12,0.9999616146087646,3.8268353819148615e-05,6.113838879606703e-10,5.411816417222326e-08
3,1.321275755472584e-09,6.515606196938473e-12,3.0214275092282916e-12,0.9999864101409912,1.3636155927088112e-05,2.954959610335095e-10,2.4283259847379668e-09
3,1.1242982239645372e-10,2.5768029203454557e-12,9.945722630883003e-13,0.9999995231628418,4.6441442691502743e-07,2.519513027030018e-12,3.276792448492216e-10
3,2.2507642416513818e-09,5.228240063104295e-11,3.6228381405933874e-10,0.999998927116394,1.0143282906938111e-06,1.1766531082813003e-09,3.5310347978878553e-09
3,3.534854187137171e-08,7.047073480315191e-10,1.035873964383427e-08,0.999994158744812,5.310874712449731e-06,7.326323725465045e-08,3.3073337135647307e-07
3,2.6329325386598157e-09,2.93417130869944e-11,6.321410062071209e-11,0.9999994039535522,5.784941095043905e-07,1.1456472437387788e-09,6.227424798055381e-09
3,2.7870752816738786e-08,3.6102277417571216e-11,3.1728808469466685e-10,0.9999858140945435,1.399985012540128e-05,1.764771440093682e-07,1.9475747237152063e-08
3,3.564748773943194e-10,9.225610726748545e-13,8.966025838441638e-12,0.9999957084655762,4.244563115207711e-06,1.6671304337023685e-08,5.321663998358872e-09
3,4.145694065815775e-10,1.0117274856433212e-12,2.460197193535074e-12,0.9999942779541016,5.670784958056174e-06,1.240370384181233e-08,9.149628832361145e-10
3,5.91939830485444e-11,1.8424194461741372e-13,3.189412099767301e-14,0.9999830722808838,1.6894615328055806e-05,2.832446943656919e-09,2.4611623850034903e-10
3,1.36314787582692e-11,2.081899106234908e-13,2.7925053355847343e-14,0.9999992847442627,7.197278364401427e-07,1.2921864099568747e-11,1.4905974024537194e-11
3,3.863702413564596e-11,1.7961356685823604e-13,2.3894761494967776e-13,0.9999927282333374,7.284977073140908e-06,8.763038628067932e-10,2.8598709511662435e-10
3,1.707874813794419e-11,2.6148554214911954e-14,2.4145897277059666e-14,0.9999980926513672,1.8960543002322083e-06,1.4286884175707115e-10,1.2271270805053192e-11
3,1.6500511894335101e-12,8.12988863512984e-14,3.1152431844002834e-14,0.9999998807907104,9.076235585325776e-08,7.414591510213064e-12,1.362891310224823e-11
3,9.654486411714291e-13,6.071192675113565e-14,1.965955169654348e-14,1.0,1.9247799798449705e-08,3.074655601734838e-13,1.2880237675039208e-11
3,1.9819278596761025e-12,1.1474347947487695e-12,6.394545483401348e-12,0.9999998807907104,1.6226604770963604e-07,1.1691525525492352e-10,2.573938007177645e-10
3,4.674852518982142e-11,2.064453859598747e-12,1.7026932641606152e-10,0.9999973773956299,2.564156147855101e-06,1.177298347698752e-08,3.736124742914626e-09
3,1.8877861773791693e-10,8.96798694333123e-13,1.1688030101056346e-12,0.9999995231628418,4.819443120140932e-07,1.2909734392607675e-09,1.0104157510681944e-08
3,2.6812645437246374e-09,3.4870467624514845e-11,1.4420310778806567e-10,0.9999954700469971,4.137649739277549e-06,1.411059429301531e-07,2.1750039991275116e-07
3,9.315834326173444e-09,9.946560242113378e-10,2.565804635423774e-08,0.9996912479400635,4.713306771009229e-05,0.00019026263908017427,7.133535837056115e-05
6,1.1248939973951266e-10,1.1824639878366128e-10,1.7529314888520275e-08,0.048310354351997375,2.312185642949771e-05,0.0002558339911047369,0.951410710811615
3,2.775604468485682e-10,2.91757520920477e-11,1.6629946308910348e-09,0.9999842643737793,1.1879810699610971e-05,1.0906991292358725e-06,2.7274959393253084e-06
3,3.0482573930290524e-12,5.5653389882670545e-12,1.0663508964725565e-09,0.9999998807907104,9.514425869383558e-08,4.22579349290686e-09,4.97842300717366e-09
3,2.032712539956627e-12,2.1992071792126255e-12,3.0399058270624835e-10,0.9999998807907104,1.3387990804858418e-07,1.943526450887134e-09,8.508815874108677e-09
3,3.0954117741233134e-11,3.780680195991648e-12,1.0381480120003062e-09,0.9999997615814209,2.792173177113e-07,1.8792123412936235e-09,2.8271129881574097e-09
3,2.1865223173711534e-11,1.8929196751726884e-11,3.1762373287058665e-10,0.9999997615814209,2.484568710769963e-07,3.1668807576323843e-09,5.426470384151116e-09
3,3.177356988626201e-11,3.1327360844324303e-11,1.2010126226869033e-10,0.9999998807907104,8.011842567157146e-08,5.86620307885255e-10,1.0362213309633717e-09
3,6.689256353692441e-12,3.6546876636123216e-12,4.303361486601709e-11,1.0,3.0674511819483996e-09,6.890919085345004e-11,2.515301023020555e-10
3,6.69630739746907e-11,1.8697755149732487e-11,8.734355461115229e-09,1.0,3.9467035861662225e-08,4.2546687950562045e-08,8.35215629990671e-09
3,6.091709081612606e-11,2.701900855828221e-11,2.0924314725334625e-08,0.9999998807907104,1.172570023300068e-07,4.038593814925662e-08,8.16562018002287e-09
3,1.384969916529144e-10,1.3544484110672439e-11,1.1692150025943704e-10,0.9999998807907104,1.7519546702260413e-07,9.616746288187983e-11,3.2777250358329013e-10
3,8.260132855486546e-11,7.791855702321548e-12,1.3980884158715234e-11,0.9999998807907104,1.1330470073289689e-07,4.13678726690625e-12,2.963533862754275e-10
3,4.532088940245593e-11,2.5627176162418275e-12,9.726904611623288e-13,1.0,2.8850257294266157e-08,4.2682234157633003e-13,6.381661310506104e-10
3,6.713558875492964e-11,3.2798295329650173e-12,3.078854532434505e-11,1.0,8.693883835064753e-09,7.260423273876271e-13,2.6853236301249694e-10
3,1.2110375202656343e-10,1.5981747175652927e-12,3.4206377964515755e-13,1.0,2.372876828360404e-08,2.149461469545203e-14,3.813614354863937e-11
3,7.369366922249654e-11,3.387145381880674e-12,1.2047783289666908e-13,1.0,1.4624196076340468e-08,3.172167610104035e-15,4.5124657482853436e-11
3,1.3627102224411658e-10,6.296729197080575e-12,2.4332388534609173e-11,1.0,4.030765499152267e-09,1.0232273199312775e-13,1.2510444069580018e-10
3,4.053961333294609e-11,1.3963431105823432e-11,2.0130297428977428e-10,1.0,6.957780573912942e-09,8.20884159258295e-14,1.8386909772516447e-09
3,7.134434536204548e-12,3.712460026894515e-12,1.7288431970741147e-12,1.0,1.8258404788085159e-09,4.0085423417830345e-15,9.300733100348069e-11
3,1.0243525862610459e-12,6.01651974768691e-13,2.391759750322575e-13,1.0,4.364383854316145e-10,4.783797505328769e-16,1.6053396459381197e-11
3,2.1404294894659948e-13,2.2148235123090748e-13,7.389373401361921e-13,1.0,1.0988159687697063e-10,6.576523679951182e-16,2.484677914804667e-11
3,1.8043973433468086e-12,6.595146249867984e-14,3.011891273494924e-14,1.0,2.6115425377781776e-09,5.568749925571144e-15,9.103937222143532e-13
3,3.769462606634244e-12,2.7162308657174318e-14,3.8838957684738176e-14,1.0,7.598432105737629e-09,5.699257797468771e-14,1.0003945371747647e-12
3,1.849316706714621e-12,2.528707257964339e-14,2.474327708869295e-13,1.0,2.2284099898683962e-08,3.2676021177041603e-13,5.935083154107179e-13
3,1.1839211251987725e-13,5.344272218505124e-15,4.998843818164467e-16,1.0,9.490587871141543e-09,4.2503361551480103e-16,7.128935571205919e-13
3,4.1997811207460795e-14,8.975370749761012e-16,2.5372283247104225e-15,1.0,6.258241147527599e-10,2.600490039167294e-15,3.1124592920345195e-13
3,1.892282107374653e-14,9.774271843880975e-17,4.985701109371081e-17,1.0,4.04255129371478e-10,3.786444731124351e-17,1.7183838716110927e-14
3,1.9724842690183736e-13,1.385901967528567e-15,2.7541128049207806e-16,1.0,2.5291851946107613e-10,1.457556428533969e-17,3.270468409435033e-14
3,1.5492734472302401e-15,6.863958487250417e-16,1.1141139551716639e-14,1.0,1.2865082263391336e-12,1.3953218407873167e-17,3.4034827365268805e-13
3,6.366636818438964e-13,1.5136835198898552e-13,5.038298337561864e-13,1.0,3.755744881761558e-10,4.18225694080363e-15,4.5137137083539614e-11
3,1.0501616937164115e-12,1.9803855278756333e-13,6.870304563970364e-14,1.0,8.828206915501013e-11,1.0240853854826698e-15,2.361851339505172e-11
3,3.708666620333423e-12,1.073090048894429e-13,1.0922613860467681e-13,1.0,4.221584193331296e-11,1.569977473559977e-15,1.0748118541015206e-11
3,3.3794015762839136e-12,6.554365340402657e-14,1.760145306416161e-13,1.0,9.033274683822867e-10,2.0507946672776965e-15,6.736827762310327e-11
3,1.0878941844594259e-11,3.874100001845411e-14,6.710815497051881e-12,1.0,1.1899182750241266e-09,4.556984740185406e-14,5.7281002857623164e-12
3,3.5956079780241623e-10,3.386781686261914e-13,3.2335797234273045e-11,0.9999998807907104,1.1271915667521171e-07,9.354181925574911e-13,3.8224545056975145e-11
3,1.617477540793999e-10,3.1688684337151385e-13,1.2187809789176995e-11,0.9999998807907104,1.6897492116640933e-07,2.8245312447446047e-13,3.819597763077276e-11
3,3.526435810030648e-10,3.680587085108655e-12,1.4618559140977538e-10,0.9999988079071045,1.1590720987442182e-06,1.5547800677126467e-12,6.561612919675497e-10
3,6.584907966122877e-12,1.0630574111963886e-12,1.6208995257116499e-10,0.9999998807907104,1.0686833462614231e-07,4.94660952823911e-13,1.1132414989845074e-09
3,3.9767862614059624e-11,2.4816461385857025e-11,8.344581969854659e-11,0.9999997615814209,2.2770890950596367e-07,4.7320515561555254e-12,5.926530377564632e-09
3,1.6039049255400784e-10,1.2122500052391683e-11,5.846819556287741e-11,0.9999998807907104,7.136095092619144e-08,2.395513691924589e-12,3.0162388142684904e-09
3,2.777257868125105e-10,5.017652959793395e-12,8.902863168902542e-11,1.0,1.7954100428596576e-08,3.412415532436097e-12,2.076293359465353e-09
3,3.200673337477866e-10,2.256454354962467e-12,6.985821365823597e-10,1.0,1.3910658402949139e-08,1.3155337930115252e-11,1.9673704887424037e-09
3,2.4131916465108816e-09,2.609731224526013e-12,8.974627707658556e-10,1.0,3.8666925661345886e-08,1.4356452658625951e-11,4.4173462110386197e-10
3,7.016732334053088e-11,6.174029386699087e-13,1.9728746414315879e-10,1.0,1.178707975668658e-08,3.3985412140752347e-12,9.36882238455894e-10
3,4.407078868506886e-10,6.781752676793262e-12,1.3311690638673213e-09,0.9999998807907104,1.6704262861821917e-07,2.679041155584372e-10,7.3725083815645576e-09
3,4.804902031807501e-10,1.5604998196416808e-11,1.1068841399008988e-09,0.9999986886978149,1.2712820307569928e-06,1.5933318553429388e-10,1.029437424193702e-09
3,1.6383791545671045e-10,8.826005030992956e-12,2.1100846764321446e-11,0.9999990463256836,9.736261290527182e-07,2.223902485776197e-12,1.659650056273776e-10
3,1.9294592590313187e-08,1.0928113275410212e-10,4.854607271731481e-10,0.9999943971633911,5.566206709772814e-06,2.3168240936843887e-10,1.982895847518762e-09
3,1.0761268542935909e-09,3.022875560976246e-10,1.0137980410718228e-07,0.9999972581863403,2.613786818983499e-06,5.188232954367322e-09,1.661856430246189e-08
3,1.3616758831602738e-09,4.681785514826231e-11,3.157922146002079e-09,0.9999992847442627,7.465707767551066e-07,2.7747831810032153e-10,7.0356978021379746e-09
3,2.311910662911032e-09,5.5448371588662226e-11,1.5169284717231335e-09,0.9999974966049194,2.450502051942749e-06,1.348952616275767e-09,3.2107511316326054e-08
3,3.5200928283352084e-10,1.338570573827802e-11,4.156138627697814e-11,0.9999971389770508,2.858381549231126e-06,2.25168231282602e-10,2.553687261652726e-09
3,1.0530471633574123e-10,7.657475348255005e-12,1.2757872536184323e-10,0.9999963045120239,3.7269448966981145e-06,6.986665468389219e-09,1.7180246114634201e-09
3,6.862891505088342e-11,1.046886709266115e-11,1.1072823907776197e-10,0.9999889135360718,1.1138623449369334e-05,1.8905893739429303e-08,2.863868253655255e-09
3,3.445174701077747e-11,2.1761531378977628e-12,1.1380217081191635e-11,0.9999997615814209,1.8162400294841063e-07,3.8892550291436123e-10,5.605760994287223e-11
3,5.326641905334384e-11,3.952596171370726e-13,3.552203808876442e-10,0.9999971389770508,2.497605919415946e-06,4.152276460445137e-07,3.0466770772896723e-10
3,1.2154282788556792e-11,2.460321172053498e-13,2.638358975737276e-11,0.9999994039535522,5.732805448133149e-07,4.651607987682382e-09,2.0145640364233053e-11
3,1.6948353527904136e-12,1.9236776884964946e-13,2.154290417930027e-12,1.0,1.309167974028469e-08,1.6948903218405587e-12,8.530639844690768e-13
3,4.788544560874186e-12,3.4461179027577005e-13,5.846501126109682e-13,0.9999998807907104,8.16634155853535e-08,3.492112415209858e-12,1.3968588655557945e-12
3,3.791440252032263e-12,3.114447989869401e-13,1.986337991866094e-07,0.9999997615814209,8.936931195080433e-09,2.381043695542928e-10,9.209923101938244e-11
3,2.0033304876099223e-11,1.112601005250069e-12,2.0105339615383855e-08,1.0,8.46251246855445e-09,9.185662647182014e-11,2.744441063295966e-10
3,2.5870450226506136e-10,2.561230578752155e-13,1.0957137419609353e-07,0.9999998807907104,1.1722015358373028e-08,3.4788816272168788e-09,1.580556518998577e-11
3,8.358867417679328e-12,1.6487542396897287e-13,1.5455859170288022e-07,0.9999998807907104,1.1701593027879653e-09,1.2079461042535655e-10,2.22528870330585e-11
3,1.5652088514173101e-09,5.193558799167219e-13,2.407699184914236e-06,0.9999972581863403,1.926307078292666e-07,1.0405134531765725e-07,5.588135509881909e-10
3,3.9979619007729505e-13,2.6081860195897866e-13,4.913715088150639e-07,0.9999995231628418,3.937985049162762e-09,5.192412277921221e-09,4.948575230145913e-11
3,1.6243083267308833e-12,7.877338646829213e-14,6.924645390427031e-08,0.9999998807907104,1.2083315459321398e-09,1.2996152765065716e-10,1.048689000221481e-11
3,2.1467933333796374e-11,4.420786924464598e-13,9.096717157319745e-09,1.0,1.6717006445787774e-08,3.200960330129732e-10,4.182997264540189e-12
3,1.9398361389422192e-11,6.22345802821743e-14,3.1621434359863088e-09,1.0,5.9192002410668465e-09,1.0659920862687855e-11,7.259181103447254e-12
3,2.576176251489759e-11,1.4663715120627474e-12,1.293265938784316e-09,0.9999998807907104,1.0700356511961218e-07,1.7340727465064987e-10,1.1804952848581962e-10
3,4.90358621763054e-13,4.912086362662826e-13,3.830120109959978e-10,1.0,4.164145028795474e-09,7.648895405942824e-11,2.1970419927797025e-10
3,2.1748268116961178e-11,6.716100657382096e-13,2.5314050855484993e-10,1.0,1.134982507977611e-08,1.4668320724720019e-10,7.869317003583731e-11
3,1.1223442314411969e-11,1.911400725196355e-12,4.179189494468716e-10,1.0,1.6293883575713153e-08,3.2317161099970626e-12,1.0956015261687213e-10
3,3.812688446208634e-12,1.7239895492085489e-12,1.3604393167554463e-08,1.0,4.442292933504177e-08,4.052028851342371e-11,8.945335583376846e-10
3,3.738816548026769e-12,6.366928468823363e-13,5.64889424126136e-09,1.0,4.1715480847415165e-08,5.301894340226099e-11,2.6493769400559586e-09
3,7.098799629720598e-13,3.866048919800441e-13,2.612414506941718e-09,1.0,2.7350104403467412e-09,3.295781345318688e-13,8.559060127311113e-10
3,4.612559249481119e-13,3.4916782464498863e-13,1.8426607462096456e-10,1.0,3.7440939237853854e-10,1.753921138913147e-14,1.5808839792796903e-09
3,9.096581127243653e-12,1.2149283315499027e-11,2.1581152864769138e-08,1.0,6.455449508280253e-09,6.418187379134133e-13,1.5908272033016146e-08
3,2.727719092265879e-11,4.632602461362989e-12,1.6321674567443267e-10,1.0,6.0830074311013504e-09,2.0261536318091217e-14,7.590967854298469e-10
3,6.27736274419477e-12,9.499389122535895e-13,3.11622880277973e-11,1.0,4.417693766356479e-09,2.8968871962023078e-15,3.4759865125133516e-11
3,1.108390289272787e-12,5.005195476831537e-13,1.4381035425004018e-11,1.0,8.878177637505758e-10,4.085357165731126e-16,2.93162230602384e-11
3,5.876710251241646e-13,4.562561808398036e-13,3.403375845034695e-11,1.0,1.0908312031432388e-09,2.1632210327294046e-16,2.6166657382531433e-11
3,2.2448713623678812e-13,1.9920424630583827e-13,9.452744142990355e-12,1.0,1.259395088215598e-10,8.1159054764233865e-16,7.936904605765349e-12
3,5.1086549270398796e-14,9.678818483445026e-14,1.1895539241135733e-11,1.0,7.506266164192255e-10,1.9211126525036423e-15,1.602311339166107e-11
3,6.88565347860097e-14,6.908714458809737e-14,3.061544420757123e-11,1.0,1.0610354816975587e-09,2.3376004467344762e-15,7.2307424804629594e-12
3,1.4396754188100713e-12,8.076131350319166e-15,6.655879867438833e-14,1.0,1.1436944724607656e-08,1.7455067347909464e-15,4.450259605270901e-14
3,3.0105587212623033e-14,1.7233885869557685e-15,5.37692915027004e-15,1.0,5.81024728329993e-10,4.281595045798593e-17,1.1378798023178177e-13
3,4.414593690604818e-13,5.600407781974773e-15,2.4176727582273828e-14,1.0,1.4550576743488364e-08,1.790720691770891e-16,3.979362954605048e-13
3,3.2734047677313027e-12,1.265368713266159e-14,1.7523035431531164e-13,1.0,3.0450390653413706e-08,4.433718999986803e-15,1.613064391260688e-12
3,4.303546180441792e-13,9.1700422144461e-16,3.1907117024182734e-15,1.0,5.421743498601472e-09,1.126107327605898e-15,3.4222720872309964e-15
3,3.2948601207555836e-15,1.125720154139664e-16,4.8408652582716186e-18,1.0,2.444416891123069e-11,1.209406814940945e-19,7.950883870661344e-17
3,3.4482995885792844e-14,1.1829137827959208e-14,1.7999076079404375e-13,1.0,1.2237397510259096e-12,2.063127744922405e-17,1.138579465084777e-12
3,1.7139568844054542e-12,2.704719044219206e-13,1.354306510686909e-11,1.0,6.050702040100164e-12,2.411619691379714e-15,1.0255730292785259e-11
3,5.421835940280784e-13,2.4986856659268974e-13,1.931969260135849e-13,1.0,2.684758838855661e-11,2.1244254679072795e-16,1.904697103163877e-12
3,4.825411337866514e-12,1.0891663005524466e-12,6.182260953169205e-11,1.0,1.085455197946672e-10,1.4611382714640672e-14,3.392694805648411e-11
3,2.4765467996658297e-13,5.24201992577189e-13,2.4756566588401974e-11,1.0,3.591884775722143e-11,1.0522894650438698e-15,4.014924850914703e-11
3,2.032170959287427e-11,6.182879186932e-13,5.133259373124588e-10,1.0,3.841491125200491e-09,3.8599776586850654e-13,6.098266336351799e-11
3,6.712060768299111e-11,1.6186550797631094e-12,2.581392877232247e-09,1.0,4.4833551982037534e-08,1.4551824372224798e-12,2.943865290427894e-11
3,2.4434107515070025e-10,2.0400764411121486e-12,4.787765295333202e-09,0.9999997615814209,2.022623419861702e-07,1.2723913936363296e-11,1.702914892431906e-10
3,6.145191300266362e-11,8.065315451090405e-13,1.7164837606831185e-10,0.9999997615814209,2.6766875294015335e-07,2.9583629383017618e-12,1.6227172383587174e-11
3,3.3310523783747215e-10,2.2943994794355493e-12,3.2836713903527937e-10,0.9999985694885254,1.4590186765417457e-06,1.8413746222245564e-11,2.0050104632129973e-10
3,2.7780194811199976e-10,1.513973148237202e-11,1.0520394555513235e-09,0.9999996423721313,3.654186571111495e-07,5.959577276115624e-11,2.012688460339973e-09
3,1.9269932316490213e-09,2.910988464166486e-11,2.5967401562354553e-09,0.9999996423721313,3.1728055205348937e-07,8.860339545391227e-11,3.5496341421747957e-09
3,7.536447022005177e-10,2.914749691607099e-11,1.632896262648842e-09,0.9999996423721313,3.586051491311082e-07,2.1084697876538883e-10,6.8537495678810956e-09
3,2.0126837974032696e-09,6.889412651478466e-12,4.065467684721824e-10,0.9999992847442627,6.600853339477908e-07,1.3696067890922592e-10,6.203083047218172e-10
3,2.5931059965955683e-08,3.6893832433548823e-10,6.816200937009853e-08,0.9999986886978149,1.2415262062859256e-06,1.429930396312784e-09,1.4373634726894124e-08
3,5.842498040919963e-09,5.153916529665459e-11,7.750190889055375e-08,0.9999996423721313,2.685462732188171e-07,3.063409970138764e-09,1.858098741536196e-08
3,1.9277823781749248e-08,3.2166355690144144e-10,1.201679680207235e-07,0.9999984502792358,7.227660034914152e-07,3.0222771840726637e-08,7.222189424282988e-07
3,1.777400893132608e-09,1.2066774246477507e-09,2.3191949694023606e-08,0.9999995231628418,3.837407405171689e-07,2.2459283322007195e-09,5.7370858286276416e-08
3,5.164776606392252e-09,2.984823221918731e-10,1.8697850379112424e-08,0.9999997615814209,1.4616504984132916e-07,5.029922034438528e-10,4.478602022572886e-08
3,1.611822852964906e-08,1.6518865442183284e-10,1.9153615582467864e-08,0.9999985694885254,1.4247502804209944e-06,3.4619382915934693e-09,3.7732323932004874e-09
3,2.331538873079353e-08,2.3293974388272076e-11,3.89415610868582e-09,0.9999997615814209,2.405406576144742e-07,6.766667226543177e-10,1.4611324650193325e-10
3,1.950347972012878e-08,2.5600116471125034e-10,8.544969887225307e-08,0.9999992847442627,5.519007686416444e-07,8.381129568135748e-09,9.848786675092924e-09
3,2.5770694023208307e-08,1.9637103054748195e-10,6.778765282433596e-08,0.9999940395355225,5.903552391828271e-06,4.170805034675595e-09,4.997666169792581e-10
3,1.6031286520501453e-08,4.8681558784124945e-11,2.5453783081275105e-08,0.9999915361404419,8.418054676440079e-06,1.2822961359404417e-08,1.5242418438532468e-10
3,2.44435427454448e-09,1.480040048851272e-11,1.6512755607323015e-09,0.9999905824661255,9.395030247105751e-06,3.388566094386647e-09,5.730933436143282e-11
3,2.5101279388373143e-10,7.980813926389274e-12,6.133902830107729e-10,0.9999934434890747,6.546234999404987e-06,6.0533502654891436e-09,5.5658158637506006e-11
3,1.3894827510796404e-09,1.0916396909685377e-12,1.0221390400744212e-10,0.9999756813049316,2.4198579922085628e-05,6.03414349598097e-08,1.1454615901629328e-11
3,3.063912179523953e-10,3.269892169532884e-12,1.0250553877932944e-10,0.9999943971633911,5.620107458526036e-06,9.932762168318732e-09,1.3304674202629929e-11
3,2.7385186132655726e-12,8.211929400370188e-13,9.523180855008917e-11,0.9999998807907104,6.748874881168376e-08,3.0345743279314163e-11,9.758202058895993e-12
3,7.532419826761227e-11,3.3342686250881215e-12,5.9137386827778915e-12,0.9999958276748657,4.122620794078102e-06,4.364405364887247e-11,9.673067034865479e-12
3,5.769251049114743e-11,1.2259429582606174e-11,2.5060471059434875e-11,0.9999996423721313,3.478924384126003e-07,7.394732395860082e-12,3.504697920764244e-11
3,8.268580264925163e-11,8.924475741745042e-13,1.679909683582892e-10,0.9999996423721313,2.998036450208019e-07,9.542124035366584e-11,6.671084691600715e-12
3,7.18044070383006e-12,4.679875844487702e-12,1.8802658041661147e-10,1.0,4.765221106595163e-08,2.2156571282544446e-12,2.1908310235407846e-11
3,6.091033059874018e-12,6.98055372186368e-12,1.6304926159227406e-11,1.0,2.5388152025129784e-08,7.477286341093722e-14,5.300077599024178e-10
3,6.584494668254726e-12,3.1534774791452946e-12,4.462269997951296e-10,1.0,4.5489919386909605e-08,2.7856157051170394e-12,7.305507587762605e-11
3,9.615519491745772e-10,2.971825285857932e-10,1.2786233405392977e-08,0.9999957084655762,4.333285687607713e-06,1.0147278572958385e-09,1.7941895746886871e-09
3,2.8735777646282656e-10,1.0626775154287671e-10,2.0175577875036765e-10,0.9999980926513672,1.900011284305947e-06,2.9692189679186853e-11,7.703467308495249e-10
3,1.6295603755267507e-10,2.975728552456758e-10,1.484770639770261e-10,0.9999979734420776,2.016413418459706e-06,1.0074740521004433e-11,1.799595028550982e-09
3,1.2691031558986765e-10,1.1524500104220792e-10,1.2443942577766709e-11,0.9999769926071167,2.3034788682707585e-05,1.7736363593090498e-12,2.172598323468833e-09
3,3.3247702369010312e-09,4.5121200109576876e-09,2.8785659966779065e-10,0.9997946619987488,0.00020520243560895324,5.713081049907309e-11,2.0014469725992967e-07
3,6.079765135780235e-09,2.3321998554592938e-08,1.975016772348681e-08,0.9994136095046997,0.0005821305094286799,1.2754920453161844e-09,4.295618509786436e-06
3,4.4478127847469295e-08,9.353512808729647e-08,7.611156860320989e-08,0.9993441700935364,0.0006446391926147044,2.197895199174127e-08,1.098510892916238e-05
4,1.0343032954551745e-06,4.9254381906393974e-08,4.765905448067542e-10,0.0007587431464344263,0.999237060546875,1.4906031964301292e-08,3.0967776183388196e-06
4,1.1295054669346882e-08,1.4408550741418225e-10,1.4096894224852052e-13,6.236844285467669e-08,0.9999997615814209,7.94907195622585e-11,8.433349307779281e-08
4,5.246691525684355e-09,9.063821360122404e-10,1.6258915329532553e-13,3.502392331711235e-08,0.9999998807907104,1.3072170949868234e-11,1.7063788959603698e-07
4,3.2255838000594395e-09,2.4790867136914585e-09,2.2803300046836394e-12,1.2087360801160685e-07,0.9999969005584717,4.7116054113782724e-11,2.9660873224202078e-06
4,6.485077752582669e-11,2.7746303518649817e-12,6.604521824627081e-16,1.057441911811452e-09,0.9999986886978149,2.19745920136509e-13,1.3205257118897862e-06
4,1.2232944657242228e-09,1.642777233690218e-11,4.0035811851076714e-14,4.002247422363325e-09,0.9999873638153076,4.519339763531249e-12,1.2661744221986737e-05
4,4.691548927127087e-09,2.825690514907109e-10,4.3863082789400223e-14,3.067968989967085e-08,0.9999451637268066,5.56620017005266e-13,5.4792886658106e-05
4,6.119483392241776e-11,4.1104255416035684e-11,1.4914440329967963e-17,1.7887878955846759e-09,0.9999998807907104,1.8987886756622815e-15,6.177377542826434e-08
4,4.362567251892102e-11,3.230406775411865e-10,1.269995276045489e-16,1.7840784405365184e-10,1.0,6.247443544888124e-15,3.861313047082149e-08
4,7.257064393861867e-11,1.3431046275158565e-09,4.066449537463838e-16,5.357940757733104e-10,0.9999997615814209,1.9281134645159938e-14,1.8741742735528533e-07
4,3.4639757728882614e-10,1.459448339957703e-09,7.63816036532624e-16,5.320174523149035e-09,1.0,1.1241105024898876e-13,5.4612272037957155e-08
4,3.508986851086249e-11,2.8452343259210977e-10,5.787549894691101e-18,2.810852939294506e-10,1.0,4.155444536374769e-15,5.359481036748548e-08
4,7.830299603162061e-11,2.2741140567883456e-11,1.402151540232922e-17,2.469669579951983e-09,1.0,3.4666124408989224e-14,1.6206941566565547e-08
4,6.0357292080981395e-12,4.814946726917901e-13,5.685961336272232e-20,1.0328151528460339e-10,1.0,6.429550546350115e-15,7.3773298581159e-10
4,1.5382839316582797e-12,1.447485286200454e-14,9.285648646307383e-22,2.984856806165226e-11,1.0,8.95925912431305e-16,4.998840230641122e-10
4,7.900481935330106e-10,2.323330980727456e-12,7.394120346316599e-18,5.748312492670493e-09,1.0,6.732504094150715e-13,1.0939237959917136e-08
4,3.7691003096362863e-10,1.6274554945870656e-13,3.248353258144342e-19,2.0608077466732766e-09,1.0,1.0411185531310901e-13,9.419587776449134e-09
4,5.876228836854125e-09,3.411880424453867e-13,6.205228127554852e-18,1.6581178652330664e-09,1.0,7.135659684659457e-12,1.5648945250745783e-08
4,9.963808622615034e-08,4.670173969767433e-12,1.626152645682323e-16,9.396130540295644e-10,0.9999998807907104,4.2995215027152867e-11,6.034943655919278e-09
4,5.225104473538522e-07,2.94486284587326e-14,1.0602743387585177e-15,5.86335824337425e-09,0.9999988079071045,1.7745135361124653e-09,7.068170475577062e-07
4,8.480558477685918e-08,3.2960893773202864e-15,4.4893808304384436e-17,5.659177571004648e-09,0.9999991655349731,8.295968079163885e-11,6.957098435123044e-07
4,7.234433496705606e-09,1.842378483660808e-14,6.386958632797956e-17,9.081059459958851e-09,0.9999881982803345,3.3488597311892576e-11,1.17690196930198e-05
4,2.50941178947528e-09,2.4502655695981916e-14,5.385593966448207e-17,1.0586960197400686e-09,0.999967098236084,1.9208738766263167e-11,3.2906453270697966e-05
4,2.332012449812737e-08,8.12293917025475e-13,5.4595918896859755e-17,2.3948931726636147e-09,0.9999988079071045,6.370544283068602e-12,1.2249587371115922e-06
4,5.250190837635671e-10,7.139137913649007e-13,6.447246699127148e-18,1.0192471866510289e-10,0.9999958276748657,1.3250845733170369e-12,4.134314167458797e-06
4,2.8780608118950113e-08,1.1188670974958403e-13,1.6341312195894257e-15,7.615360786417114e-09,0.9999995231628418,4.959766486400952e-10,4.5636963363904215e-07
4,6.972923571879619e-09,7.880873145911516e-13,8.409959316809821e-16,2.1387152049356928e-09,0.9999997615814209,8.572124954309146e-11,1.8811847724009567e-07
4,9.131431255582356e-08,2.554011863109551e-11,1.9182089388571598e-14,2.157620215825773e-08,0.9999994039535522,1.9314222443611584e-10,5.179281856726448e-07
4,2.0768266273396563e-10,2.363399406735134e-12,1.341985929721612e-16,2.8974922461344477e-09,0.9999997615814209,1.964940796878034e-12,2.1772359559690813e-07
4,3.20835552569676e-10,5.4939052439306746e-12,1.288214425345337e-16,5.602407981974977e-10,0.9999997615814209,1.1578119539501497e-11,2.5911944590006897e-07
4,1.1608598110557367e-10,6.075290270857181e-11,4.3405005624519644e-17,1.5324021218621198e-10,0.9999998807907104,2.2008885328366617e-13,1.4487774535609788e-07
4,9.66359436915809e-10,8.779486165844119e-11,1.0258831070340986e-15,1.9491483427280798e-10,0.9999991655349731,2.176040944656954e-11,8.197332590498263e-07
4,1.3743667315324615e-10,1.426926021785846e-09,1.2946704839995296e-15,3.2216548873087447e-10,0.9999973773956299,1.9211883819925113e-11,2.6731415800895775e-06
4,7.111176231200389e-12,1.6279701198218532e-10,2.6760442597141894e-17,1.5057641244986542e-10,1.0,5.996253840678811e-13,1.6660694157621947e-08
4,3.0181798900408285e-12,1.2455586562154508e-10,1.8427559109541927e-17,1.4722331687089252e-10,1.0,1.0371347877735637e-13,4.11897111973758e-08
4,3.0788538385451147e-10,1.3193188763693797e-08,2.4793084658870576e-14,8.150696828579385e-08,0.9999972581863403,1.834875654194157e-11,2.6220632207696326e-06
4,6.795913609636273e-09,2.859077028460888e-07,1.8667795716360847e-13,3.023288002168556e-07,0.9999938011169434,2.3729851417186865e-11,5.579570370173315e-06
4,1.0881295509079791e-07,7.920883149381552e-07,1.0405544481617568e-11,1.9450849322311115e-06,0.9998708963394165,7.970898940889981e-10,0.00012620218330994248
4,4.3045611164416187e-07,2.3024969664220407e-07,3.4610008001895176e-12,4.917962996842107e-06,0.9996587038040161,4.663675223781638e-09,0.00033564859768375754
6,2.449413338823092e-09,7.41743244603299e-09,1.3061736414687886e-10,2.2201597005278018e-07,5.452723598864395e-06,1.4316816621118278e-09,0.9999942779541016
6,3.466401055085555e-10,4.124626751256244e-10,3.811723159330427e-11,4.6583670254563e-09,1.31338012465676e-07,1.6694078064372064e-10,0.9999998807907104
6,1.648851188917888e-08,8.627760728074918e-10,1.5348987358887456e-10,3.749282129206222e-08,2.952025397462421e-06,8.493161729461463e-09,0.9999970197677612
6,1.828315099317024e-08,1.2586730768759935e-08,1.060591947599221e-09,7.339174601384002e-08,2.1150030988792423e-06,5.467309271978138e-09,0.9999977350234985
6,1.2328996490396094e-08,2.535416676607838e-08,9.612821649795933e-10,3.999100428586644e-08,4.853412178817962e-07,4.771928630020739e-09,0.9999994039535522
6,2.9967587522605754e-08,1.5883392734394874e-07,6.707173927367194e-09,6.105207717155281e-08,4.264417157173739e-07,1.1269097655031146e-08,0.9999992847442627
6,6.666683134426421e-07,1.095464767786325e-06,1.1681078149194946e-07,1.1498883623062284e-07,4.619217634171946e-06,1.9001640794158448e-07,0.9999932050704956
6,1.1082448509114329e-05,6.055880021449411e-06,1.0738174296420766e-06,8.054625482145639e-07,0.00010844660573638976,5.169562200535438e-07,0.9998719692230225
6,6.355491564136173e-07,2.8533023055388185e-07,2.451714067319699e-07,5.747545728240766e-08,6.3999677877291106e-06,4.4803633159062883e-07,0.9999918937683105
6,9.559910552070505e-08,2.349656025302238e-09,9.769058895159333e-10,1.950472672263004e-09,1.1546039786480833e-06,3.89518675092404e-08,0.9999988079071045
6,5.568235650343922e-08,4.493562855145683e-09,9.218991681159139e-10,2.461550963062109e-09,6.871005666653218e-07,2.53816470063839e-08,0.9999992847442627
6,6.219795523065841e-08,1.1859322057716781e-07,6.942664665388065e-09,1.1184262405095069e-08,3.844192633550847e-06,2.2714341696428164e-07,0.9999957084655762
6,9.404543277469202e-08,1.1823566836710597e-07,8.473991286450655e-09,8.089274672329339e-08,2.4815086362650618e-05,3.355540627580922e-07,0.9999746084213257
6,1.4796445668707747e-07,9.971206971215452e-09,6.182026623946513e-08,4.4313853209132503e-07,1.2902416528959293e-05,9.194961876346497e-07,0.9999854564666748
6,2.7058794671575015e-07,3.7163400179451855e-07,1.2122620240972992e-08,4.5242410351420403e-07,4.184837598586455e-05,4.08335267820803e-07,0.9999567270278931
6,7.115991706996283e-08,1.6539182468022773e-07,7.992118966626549e-09,1.3272241972117627e-07,7.965175609569997e-05,3.047683492241049e-07,0.9999196529388428
6,2.3493855749734394e-08,7.99566990394851e-09,1.380334602174571e-08,1.1762118390379328e-07,2.095855506922817e-06,1.4376944079685927e-07,0.999997615814209
6,7.852652288420359e-07,8.680885343892442e-07,3.009601812209439e-07,1.0612480849658823e-07,4.546015406958759e-05,1.081528694157896e-06,0.9999513626098633
6,6.95476785494975e-07,2.9249838462419575e-07,1.4144971771656856e-07,7.718850270066469e-08,1.4110198208072688e-05,1.1581494163692696e-06,0.999983549118042
6,5.248568868410075e-07,5.147233537172724e-07,5.873458874816606e-08,7.174832283851629e-09,1.4911609014234273e-06,3.533875485572935e-07,0.9999971389770508
6,5.154965876386086e-08,4.9505654686754497e-08,1.4821113225593763e-09,4.3873507604708095e-10,2.964622751733259e-07,1.7016919429124755e-08,0.9999995231628418
6,1.3473414384179705e-08,1.0595008426150798e-08,1.104512814542602e-09,3.0253749505604333e-10,1.826594484555244e-07,3.2116101778001394e-08,0.9999997615814209
6,1.4672551174044202e-07,6.737712610060953e-09,4.845380541240729e-09,7.878833141461428e-10,7.770021852593345e-07,1.9052446020850766e-07,0.9999988079071045
6,1.0902127911549542e-07,3.2810492101020827e-09,2.262815490539083e-09,4.26442270384797e-10,1.2501729997893563e-06,3.3710449542923016e-07,0.9999983310699463
6,2.864248699552263e-06,1.0267632433169638e-07,5.416682569148179e-08,4.294723687792157e-09,2.655451908140094e-06,1.884723928924359e-06,0.9999924898147583
6,1.8108881931766518e-06,1.6033761767175747e-06,7.235758658907798e-08,6.1020131170153036e-09,3.865365670208121e-06,1.0906893521678285e-06,0.9999914169311523
6,1.5972590290402877e-06,5.810635684611043e-06,1.6756052900746e-07,5.596198349167025e-08,1.3947726984042674e-05,1.4877206240271335e-06,0.9999769926071167
6,1.4808269952482078e-06,1.6125544789247215e-05,4.929674446429999e-07,7.530431958002737e-07,1.796178003132809e-05,4.450772848940687e-06,0.9999587535858154
6,2.3813321092802653e-07,1.2140266335336491e-05,1.5417383281146613e-07,4.5972612383593514e-07,1.006275306281168e-05,1.5628324945282657e-06,0.9999754428863525
6,2.856245195914653e-08,1.5485466065001674e-06,2.2952937328568623e-08,1.689647888269974e-07,6.3045143861018e-07,3.898132945323596e-07,0.9999971389770508
6,1.3107626095631986e-08,1.6030345477702213e-06,1.727387655137136e-08,2.787005826121458e-07,5.733533043894568e-07,8.009391763152962e-07,0.9999966621398926
6,6.028621601927853e-09,5.379777121561347e-07,4.817688470382109e-09,1.6090581311800634e-07,1.7044628464191192e-07,2.3091840262168262e-07,0.999998927116394
6,6.095247417903238e-09,1.4312234952740255e-06,7.0349632785848826e-09,4.0099499187817855e-07,1.6274095742119243e-06,5.271170380183321e-07,0.9999959468841553
6,1.7985278821797124e-09,4.970561917616578e-07,1.8510873944777018e-09,4.0712879467719176e-07,6.78125900321902e-07,4.00749172513315e-07,0.9999979734420776
6,4.3035008889802384e-10,1.0582589027308131e-07,3.577212415173392e-10,2.3028073314890207e-07,1.1346987349725168e-07,1.0973383268719772e-07,0.9999994039535522
6,1.5276215015180838e-10,3.373147094976048e-08,1.5865493641076256e-10,2.7508610855875304e-07,6.95954511797936e-08,3.912919410709037e-08,0.9999995231628418
6,4.0547717961025853e-10,5.1890761909589855e-08,1.9465438982901873e-10,3.200086098331667e-07,4.3083966261292517e-07,1.4144936244520068e-07,0.9999990463256836
6,5.034083219723762e-11,8.803475282093132e-09,8.422365235793983e-12,2.767633020539506e-07,3.280498503954732e-07,1.2680946070986465e-08,0.9999992847442627
6,6.631176163729435e-11,1.03922976890658e-08,1.0183562326737672e-11,2.0942955814007291e-07,4.5744539534098294e-07,1.0528264482445593e-08,0.9999992847442627
6,4.358514590907525e-11,8.55116244480314e-09,4.135317522441229e-12,2.1139952366411308e-07,3.063204871978087e-07,2.550918143384706e-09,0.9999994039535522
6,1.8738727236566888e-10,1.975973340506698e-08,1.418725380231134e-11,3.6428698422241723e-06,1.4477571994575555e-06,2.3930541104277836e-08,0.9999948740005493
6,1.880238187368377e-10,1.707933883210444e-08,1.7003998903364348e-11,2.9100549454597058e-06,2.7664282242767513e-07,1.2454894005031747e-08,0.9999967813491821
6,4.3748291100875747e-10,6.02857639364629e-08,3.5114924856749496e-11,2.2042756882001413e-06,1.112214476961526e-06,2.3062371568016715e-08,0.9999966621398926
6,1.9465708211985344e-10,5.584254481050266e-08,1.615383000974635e-11,1.0043194151876378e-06,1.1332548410791787e-06,2.5690205518458242e-08,0.9999977350234985
6,2.011332073115213e-10,3.530795567030509e-08,1.634545623852013e-11,3.272749040661438e-07,3.409607813864568e-07,2.4773543216838334e-08,0.9999992847442627
6,5.414551029758741e-10,6.659308127154873e-08,2.2261267482170943e-11,4.992099889022938e-07,7.661428753635846e-07,2.130794385379886e-08,0.9999986886978149
6,5.320204277126095e-10,1.1767154717290396e-07,1.4240632111028884e-11,3.5023956002078194e-07,3.0107271413726266e-06,2.1051821619266775e-08,0.999996542930603
6,3.0109226223373753e-10,7.643516397592975e-08,3.1339078467723658e-12,5.730702241635299e-07,7.411151727865217e-07,9.79553216318152e-10,0.9999986886978149
6,5.71026159690291e-09,4.7301011818490224e-07,1.3395640152680244e-09,3.844491402560379e-06,1.3719778735321597e-06,1.4590685282200866e-07,0.999994158744812
6,7.516247069183635e-10,7.135805901725689e-08,8.163672862715465e-12,3.0262097538980015e-07,2.2120742926290404e-07,4.140556786325078e-09,0.9999994039535522
6,7.673165991484154e-10,1.6226211130287993e-07,2.4921944716260747e-11,2.734022928052582e-07,9.2842043386554e-08,1.7509906413692988e-08,0.9999994039535522
6,9.254029834093735e-12,1.2926601122842385e-08,3.242989644186567e-13,4.147491683426097e-09,1.06358644114124e-09,5.48093403995864e-10,1.0
6,1.0210492867868126e-10,2.37848656325923e-08,7.71410452876653e-12,2.1756184409582602e-08,9.004568646275857e-09,2.430949885834366e-09,1.0
6,1.369742101860194e-12,3.3365719076527967e-09,2.5455718533507615e-14,1.0650536702572211e-10,5.0176129917645085e-09,1.9991669431007608e-10,1.0
6,1.1659519703888233e-11,1.1382234710310968e-08,9.09570921185654e-13,8.839904919177854e-10,3.8952121528268435e-09,2.2983689951239228e-10,1.0
6,7.955180784946503e-12,1.567083884879139e-08,5.194788352193454e-14,2.1444040987361745e-10,9.435649417355307e-08,5.481714734911769e-11,0.9999998807907104
6,2.7892738032470055e-12,2.790033537536374e-09,1.6810220953406528e-14,4.698894051635705e-11,3.805204595863643e-09,2.5033392025974877e-11,1.0
6,4.427991447900764e-14,2.5114625934463675e-09,2.2272462415091074e-15,1.4446465725070912e-11,3.701972506320317e-09,1.5466961045262906e-11,1.0
6,9.124592574571988e-12,6.208360758819254e-08,5.194949830554518e-13,7.707996907413417e-09,1.929665138789005e-08,6.815955577721411e-10,0.9999998807907104
6,3.819776960012344e-12,6.618754611054101e-08,2.759489685366656e-13,2.5073596532365627e-09,2.960805716156756e-07,1.1588645598692437e-09,0.9999996423721313
6,7.30614267002716e-12,5.7002850439857866e-08,2.556096068313807e-13,1.1656442922003407e-08,6.530150642447552e-08,6.091444015865477e-10,0.9999997615814209
6,7.74416641924347e-10,6.21078299900546e-07,1.3974327250920737e-10,2.1588562049146276e-07,1.5515596487603034e-06,1.1483732009764935e-07,0.9999974966049194
6,2.1519582560358685e-07,1.4828833627689164e-05,1.341247646280408e-08,4.643139254767448e-05,4.078156780451536e-05,2.1908565486228326e-06,0.9998955726623535
6,3.186544574873551e-07,1.223329127242323e-05,1.833824114783056e-08,2.861318898794707e-05,1.1081747288699262e-05,7.615766435264959e-07,0.9999469518661499
6,7.75707604816489e-08,2.451358341204468e-06,4.195280123298062e-09,1.3782523637928534e-05,5.478499133459991e-06,2.5480409249212244e-07,0.9999779462814331
6,1.352016631983588e-08,1.2209561646159273e-06,1.3894209116571687e-09,5.197658992983634e-06,1.1712752439052565e-06,7.873471474795224e-08,0.9999922513961792
6,2.665991427619474e-09,6.914515324751846e-07,1.0641838799063663e-10,1.290998625336215e-06,2.5497788556094747e-06,3.086177002842305e-08,0.9999954700469971
6,2.7756135931311654e-11,3.4043210916934186e-08,1.3109389875726185e-12,5.33225481547106e-08,2.796047056108364e-07,1.1762992802033523e-09,0.9999996423721313
6,3.191311798156349e-11,4.5009418414565516e-08,4.64959494517192e-12,3.2693655782622955e-08,7.516120490436151e-07,4.631518724096395e-09,0.9999991655349731
6,4.413962251259562e-12,7.646813848793954e-09,3.31662757153961e-13,7.543194513459639e-09,4.498323562529549e-07,7.411231073284341e-10,0.9999995231628418
6,1.614873463900643e-13,1.9826607022821463e-09,3.509985271182847e-14,2.30002641932181e-10,8.513756455386101e-08,4.937624198397828e-10,0.9999998807907104
6,1.1358326930908935e-13,8.978461307762586e-10,9.524396753864042e-15,2.181936853418165e-10,1.602366381803222e-07,1.1171100156026625e-10,0.9999998807907104
6,5.180709919221094e-13,2.0361299313265135e-09,6.501856751562826e-14,2.930903519882122e-09,2.345239238366048e-07,5.987061957313244e-10,0.9999997615814209
6,3.2163113318495196e-12,1.317036146808448e-09,6.046230275344802e-14,6.646079953043227e-08,2.0521029000519775e-06,5.985189566182214e-10,0.9999978542327881
6,1.0189352616860048e-12,2.249739422532926e-10,2.384544384864684e-13,5.907446531949745e-09,6.443519851018209e-08,5.7321845048363684e-09,0.9999998807907104
6,3.315857245896059e-13,1.8587137037839874e-11,9.022340166642273e-14,6.671552199577491e-10,2.222069106494473e-08,7.254291833902471e-09,1.0
6,6.342009166090956e-13,1.7955673840136521e-12,1.2279359386940802e-13,5.458732910135211e-10,1.9734448741814958e-08,3.6283985593854595e-08,1.0
6,5.781603060889262e-12,5.332577435179786e-11,3.0813225235237773e-12,1.1548527467653003e-08,4.6994713898129703e-07,7.245075153150538e-07,0.9999988079071045
6,2.4837857465209723e-12,3.378473065543397e-12,4.198036774975822e-13,3.419887706357372e-09,2.1891256807293757e-08,1.0387969240355233e-07,0.9999998807907104
6,2.5285216628812e-12,3.579695134064975e-12,1.6181263414686425e-13,8.572445864274414e-09,2.5957653804198344e-09,4.2212180417777745e-09,1.0
6,1.3147172424083503e-13,7.565188926694777e-12,1.0542477264438577e-12,2.251012531928609e-08,1.962408680000749e-09,6.137011787643587e-09,1.0
6,2.2311761813109676e-12,5.110199485791611e-10,1.5339915448997488e-10,4.3468028820825566e-07,3.4230592405037896e-07,2.9863460326851055e-07,0.999998927116394
6,1.5330485362077817e-12,7.909834592867426e-11,3.9336405660561624e-11,1.044409891903797e-08,2.872840241252561e-07,5.866872925253119e-07,0.9999991655349731
6,6.769226672254103e-12,1.0730849542284204e-10,2.430602767666823e-11,6.902643345796378e-09,2.935688883098919e-07,3.877601102431072e-07,0.9999994039535522
6,3.2307063274616965e-11,8.968135956077816e-11,3.402686812870037e-11,3.2068645516858396e-09,8.757779568213664e-08,7.262185164336188e-08,0.9999997615814209
6,2.618228030215608e-11,9.686021984478543e-10,1.7037826705035286e-10,3.2107452252461144e-09,3.910473722612551e-08,1.2296916906961997e-07,0.9999998807907104
6,4.941909034772429e-11,6.656655782144583e-10,4.1414240092851884e-11,4.9663406720412695e-09,1.395280246896391e-08,3.889423183522922e-08,1.0
6,3.771829723553388e-11,2.966803913651006e-09,2.0699732206086452e-10,2.1417575268856126e-08,3.140488047392864e-08,1.7660386220086366e-07,0.9999997615814209
6,5.581534887055817e-11,5.7773579698050526e-08,8.730960843195135e-09,1.1704243974008932e-07,4.4984926006463866e-08,1.3419783044810174e-06,0.9999984502792358
6,2.002680021817582e-09,1.8231239096166973e-07,1.9582815369290074e-09,9.928660915647924e-08,3.8302155758174194e-07,8.320764663949376e-07,0.9999985694885254
6,2.739542592777866e-09,5.298530254549405e-07,1.1891153617327177e-09,6.096357907381389e-08,6.164165711197711e-07,4.391441734696855e-07,0.9999983310699463
6,5.389189094984204e-10,2.1573045216882747e-07,1.8351641040137423e-10,2.0033743552971828e-08,3.987152581430564e-07,5.1474000173357126e-08,0.9999994039535522
6,8.324550493377103e-10,2.107723844346765e-07,2.2248818343229004e-09,4.1237012737838086e-07,1.3386294028805423e-07,1.8706924720390816e-07,0.9999990463256836
6,9.626194286127543e-10,2.8348250680210185e-07,3.793743985625042e-09,1.873539531516144e-06,2.579085389697866e-07,3.3407752653147327e-07,0.9999972581863403
6,1.7235551874605903e-09,2.3097551604678301e-07,4.630376082559451e-09,5.3619978643837385e-06,6.203429734341626e-07,1.1474562597868498e-06,0.9999926090240479
6,6.376630334870015e-10,2.2504126206968067e-07,2.5469211184514506e-09,1.4818959243712015e-05,9.293534048993024e-07,2.6400621777611377e-07,0.9999837875366211
6,3.3257552267684787e-10,9.364399033984228e-08,3.908472656632966e-09,3.0890969355823472e-06,6.074317298043752e-07,2.819598421410774e-07,0.9999959468841553
6,1.262558252390633e-10,2.937852094930804e-08,1.5784973328436536e-10,5.318532885212335e-07,1.0035109880845994e-06,4.488199323304798e-08,0.9999984502792358
6,8.393338801759853e-11,2.4473237658639846e-08,1.798933085828125e-10,2.3482647293349146e-07,1.1106469628430204e-06,2.9769372744681277e-08,0.9999986886978149
6,5.597145468459741e-13,3.0174229781465556e-10,4.4030144114026726e-13,3.830319172948293e-09,4.422839339213169e-08,2.7381039102714055e-10,1.0
6,1.0277852787593522e-12,1.3943349808087646e-09,5.7918770474119086e-11,1.5837640532367914e-08,1.499160262596888e-08,1.7655958917117687e-09,1.0
6,5.81627107587579e-12,1.4723652297377043e-09,3.366470643917374e-11,1.7809352925723942e-07,2.915578249940154e-07,4.1826803132138934e-10,0.9999995231628418
6,6.25631230849466e-12,2.0869495021003104e-09,7.461695150645653e-11,1.6671761216002778e-07,1.563547868954629e-07,1.2326031306741925e-09,0.9999997615814209
6,2.4761796346001175e-12,6.993247092523802e-10,1.0630815117096404e-09,3.8642081534590034e-08,2.1397163152414578e-08,8.045207167128865e-09,1.0
6,1.6744583150596348e-11,2.1204324407442243e-10,2.1283974582786414e-11,2.006472099580492e-09,2.738639537369636e-08,8.847444998849596e-10,1.0
6,4.4358596656968174e-11,2.534347176563756e-10,8.526537254027744e-10,2.2057597970359666e-09,1.0386240312243444e-08,7.4348549539138276e-09,1.0
6,4.5292197076163276e-11,2.059093590078831e-10,4.7309899053882276e-11,4.5327480657775254e-10,8.005256013632334e-09,1.1803430455259445e-09,1.0
6,2.4262650604443305e-14,2.5886381579964812e-11,1.363820584243669e-10,3.346357912992204e-11,1.5171167100369587e-10,2.4086483918495105e-09,1.0
6,1.5966382675616092e-13,1.6483669984523885e-10,1.4314960328221105e-09,9.689306995630531e-11,6.173885847005067e-10,1.9126298766991567e-08,1.0
6,2.7473474680677658e-14,4.762124028445669e-11,3.6116237778216487e-10,1.3850988064834091e-11,2.6739416236765123e-10,1.4327286024240493e-08,1.0
6,2.3303185891902257e-14,1.192505538760713e-10,2.882751259924987e-10,3.416546212609006e-11,8.889225466823802e-10,5.8487885645774895e-09,1.0
6,1.1159307391995707e-13,5.4194222026682226e-11,1.7667134422083564e-10,4.665102332213067e-11,1.0262667382576751e-09,3.08280667660199e-09,1.0
6,4.99595373751327e-13,2.7907931521298224e-10,1.4317662611063042e-09,2.5186280838696007e-10,2.123772713247263e-09,4.375098683340184e-08,1.0
6,4.5522505036366123e-14,3.8837408289360553e-10,9.894448593783522e-10,5.423085314149034e-10,1.5097046945911075e-09,2.592268621981475e-08,1.0
6,1.6228917488298952e-14,5.328916197200328e-10,1.1195658844442846e-09,4.4370231933044124e-09,5.838554084647285e-10,2.7930646240292845e-08,1.0
6,9.844105782266799e-14,2.104709517780634e-09,7.27159088498297e-09,2.0815315693312186e-08,3.2485849565944136e-09,5.052751248513232e-07,0.9999995231628418
6,1.6927667600974416e-11,8.304491316835083e-09,9.390607402792739e-09,6.090995725571702e-07,3.3952320954711013e-09,3.994804558260512e-07,0.999998927116394
6,9.51943870952654e-11,7.050535089092591e-08,2.5176225904033345e-07,5.134390448802151e-06,4.66263294640612e-09,2.473939503033762e-06,0.9999921321868896
6,2.050544178899827e-10,1.7918893036039663e-07,1.2276203165129118e-07,3.4990084714081604e-06,5.852556661523067e-09,2.6051791337522445e-06,0.9999935626983643
6,4.576899623187636e-12,6.52692335734173e-08,3.400504411388283e-08,1.776688236532209e-06,5.682701531561918e-10,6.549173576786416e-07,0.9999974966049194
6,1.4531569003661815e-10,2.3486946076900495e-07,7.00209312753941e-08,1.3888999092159793e-05,2.4092561279331903e-09,5.83274413656909e-07,0.9999852180480957
6,7.671385228447125e-12,1.4969671724429645e-08,6.31295127284659e-10,8.8044049562086e-07,2.571737267587082e-10,6.319524459286185e-08,0.9999990463256836
6,9.850154546187095e-12,1.4986899543600884e-07,5.169155770090583e-09,8.376833307011111e-07,3.073344023718505e-09,4.7321569240921235e-07,0.9999985694885254
6,1.6739712914437543e-13,4.176187395898978e-09,2.2302647575966894e-11,3.070953269457277e-08,1.4301061723731578e-10,6.989464118589694e-09,1.0
6,3.765930438586612e-13,4.934781028254065e-09,2.1151476403691305e-10,5.51835569240211e-07,1.6775590638840043e-10,1.92456219849646e-08,0.9999994039535522
6,1.1795567994576928e-11,7.90558800645158e-08,1.3692882383509186e-08,8.999332749226596e-06,4.561111488499137e-09,5.971720895558974e-08,0.9999908208847046
6,6.622708024345281e-12,1.0389019422518686e-07,4.750498661110214e-09,7.597254352731397e-06,7.9082002057973e-10,2.4304592116664026e-08,0.9999922513961792
6,7.650957124794022e-12,1.2226823287164734e-07,1.0040682951739655e-07,1.17266981760622e-05,1.6801208202466e-09,4.288416732833866e-07,0.9999876022338867
6,4.521104601806769e-10,1.5868981790845282e-06,4.2782573927979684e-07,4.011710552731529e-05,4.415426246850984e-08,2.6698369310906855e-06,0.9999551773071289
6,8.311146909578682e-12,1.4324471919735515e-07,4.9431076121209117e-08,2.7126500299345935e-06,5.1084465546580304e-09,4.420549544192909e-07,0.9999966621398926
6,7.069976114965071e-12,5.623158472189971e-08,1.1800432631048352e-08,5.124264248479449e-07,4.494523420106589e-09,1.841718670902992e-07,0.9999992847442627
6,1.1059210459300056e-13,2.965424350520607e-09,2.6340414224779174e-11,2.3539785676263136e-09,5.144502601694967e-10,4.768919037445585e-09,1.0
6,5.034391306613095e-12,3.683617189054189e-09,2.9802904588649426e-10,7.676951518931219e-09,2.2947006073081866e-08,8.76586536691093e-09,1.0
6,2.1304747516940475e-13,1.1331750815468666e-10,9.434934777896586e-11,1.1735294680459418e-10,3.0709224052571926e-09,4.374369755311136e-09,1.0
6,6.6662187515930185e-15,1.3170829010755725e-11,5.549683976258102e-12,2.8452651693045006e-11,1.4632922651358626e-09,9.917461296637953e-10,1.0
6,4.3211372251650976e-14,1.556355218312877e-11,8.044009252097806e-13,5.678628400840324e-11,1.4270639780988859e-08,1.255447412695787e-10,1.0
6,7.357725946522883e-14,1.1325911562776181e-11,1.386773318791737e-13,1.6910688127591555e-10,4.9163915605277e-08,8.485778052458315e-11,1.0
6,4.9788281543351395e-14,2.8119449477226333e-11,5.631906074311799e-13,5.040122208477271e-10,8.128656503458842e-08,5.965913874028672e-11,0.9999998807907104
6,2.3154939879539704e-14,7.701519977310056e-12,8.235443034985968e-13,1.1435296459749722e-10,1.6842847117004567e-08,1.0083552048900657e-10,1.0
6,2.3011057780921405e-14,1.7084189965488328e-11,1.771076774820246e-13,1.21544121989281e-10,1.2080466404995605e-08,2.2235071422960218e-11,1.0
6,1.3007120608452688e-13,2.2148682193856573e-11,3.596421120979909e-12,1.4487863686518665e-10,1.175885433468693e-08,3.4195796194680383e-10,1.0
6,1.014950859359702e-13,2.084735856167086e-11,2.0354991997484362e-11,1.2979581298644405e-10,3.9857361855411e-09,5.275166414797638e-10,1.0
6,6.702110248073614e-14,7.260039791567863e-12,3.1431907857731867e-12,7.203874996530857e-11,1.1006434652571784e-09,2.1656508530920604e-10,1.0
6,2.4717062164364423e-12,1.0674692033085798e-11,4.3167839094970795e-12,8.75831976387964e-11,6.429889509718123e-09,4.094434236101563e-10,1.0
6,3.0386290705841645e-11,3.330699605008647e-11,3.9530937551157663e-11,8.386104588531396e-10,1.4776416534800774e-08,2.5194508701531504e-09,1.0
6,2.283141037340286e-11,2.8409486568792275e-11,1.3353282021788537e-11,3.4287819805634e-10,6.794335760673675e-09,7.670931667647096e-10,1.0
6,2.377488180285714e-12,1.4818242119463143e-12,5.641919223475789e-12,6.38562813737309e-11,1.4131051884191947e-10,1.1426248835988417e-10,1.0
6,8.636388479366097e-12,6.226896168831653e-12,1.0406966954867869e-11,1.1390280385548124e-10,5.034578864915318e-10,1.7292275944491564e-10,1.0
6,2.2966106447142032e-11,1.550080723500269e-11,9.810045137337298e-12,1.8261182843648527e-10,8.546515717355874e-10,1.543134370285415e-10,1.0
6,2.0469155537217176e-10,2.3956031602878625e-10,3.0907590375939265e-10,8.475559698517543e-10,1.30274386833662e-08,6.340873603960517e-09,1.0
6,1.181247738513136e-10,9.846923276768393e-11,1.763716950264893e-10,4.1334163869422014e-10,3.783788837807833e-09,1.7991937939498825e-09,1.0
6,3.4968802159474066e-11,5.065925456904097e-09,5.620456988708611e-09,2.5709563367115607e-09,6.578600997286799e-10,3.794463410144999e-09,1.0
6,3.2125168410862548e-12,4.918959017885527e-09,7.865933682182913e-09,5.059426655407151e-09,8.68314087298927e-10,1.5539541875497775e-09,1.0
6,2.458392343862581e-11,4.410352527628447e-09,3.983127716544743e-10,9.268771861137282e-10,1.2283742911733952e-09,5.914366774106838e-10,1.0
6,6.514094819110028e-11,1.5148975407441867e-08,3.830005201876929e-09,6.993464474192024e-09,6.813659414461881e-09,2.710943025618917e-09,1.0
6,1.290862694514061e-10,6.801947005641296e-09,3.469629583641165e-10,9.16372755455086e-09,8.893858982617076e-09,6.252394713079923e-10,1.0
6,2.731928461230382e-09,1.1525059129269266e-08,1.7512200023439561e-10,2.4461701286782045e-07,4.8339323655000044e-08,9.939917777757046e-10,0.9999997615814209
6,2.5272754999861036e-09,1.0772942538039842e-08,1.8086780684267723e-10,4.616976809757034e-07,8.265496731496569e-09,1.9409660545477436e-09,0.9999995231628418
6,1.2799320714407258e-08,1.1905711261306351e-07,9.511261778172297e-10,1.660245629864221e-06,1.8173919258401838e-08,8.837112375204015e-09,0.9999982118606567
6,8.963215947233039e-08,2.4866022840797086e-07,5.323812501956127e-09,4.429025921126595e-06,1.3275531784984196e-07,9.349433582883648e-08,0.9999949932098389
6,4.354812688234233e-08,2.412622563952027e-07,1.8204900920082423e-09,8.335106940648984e-06,1.7396040163930593e-07,4.1971944142460416e-08,0.9999911785125732
6,7.314620233955793e-07,4.553662620310206e-06,4.7571884209673954e-08,5.446152499644086e-05,3.6151011499896413e-06,6.171428026391368e-07,0.9999361038208008
6,3.7581504130912435e-08,2.082018681903719e-07,1.5455626778404508e-09,5.039364623371512e-06,2.603019879643398e-07,2.8810340779727994e-08,0.9999945163726807
6,9.301249548343549e-08,3.5729846104004537e-07,1.3405007104339006e-09,1.5487751170439878e-06,3.0342287118401146e-06,4.1193278121909316e-08,0.9999949932098389
6,6.197676327701629e-08,2.0502081099493807e-07,1.0204420641812817e-09,1.3941134966444224e-06,2.3810778202459915e-06,1.505866009665624e-08,0.9999959468841553
6,2.644950924945988e-08,1.3590737069080205e-07,1.8026945491911306e-09,8.619208529125899e-07,4.031897731238132e-07,1.6201941122062635e-08,0.9999984502792358
6,5.132009661679149e-08,3.6797391089749e-07,4.344840931480576e-09,7.5045668381790165e-06,2.1190476218180265e-07,4.3409499994595535e-08,0.9999918937683105
6,2.0853818227806187e-08,1.1303503555382122e-07,1.9251298333244904e-09,2.5068748072953895e-06,1.5874949355065837e-08,1.687067907596429e-08,0.9999973773956299
6,1.869599230985841e-08,2.8691638931377383e-07,2.0630613661865027e-08,3.912330157618271e-06,2.4956426258881947e-08,6.305596400579816e-08,0.9999957084655762
6,6.035520527802873e-08,1.5587062307531596e-07,5.926834578673379e-09,5.744625468651066e-06,1.9307027088188988e-08,1.9342632384677927e-08,0.9999939203262329
6,9.947602741533501e-09,2.572530988231847e-08,2.3272041238531216e-10,4.2448041881471e-07,1.5186075730255766e-09,3.4764326972691606e-09,0.9999995231628418
6,6.758170467691116e-09,4.445044332612724e-09,3.524924449549438e-11,2.0119651367167535e-07,1.9855064259388655e-09,1.0274848749602938e-09,0.9999997615814209
6,4.933842667753652e-09,7.30920746150332e-09,2.990863112728448e-11,1.1568938873551815e-07,4.894625593721003e-09,3.992932096075208e-10,0.9999998807907104
6,3.011560112398115e-09,4.75193129290119e-09,9.210096227341147e-12,1.6848598960450545e-08,1.0596910904325796e-08,1.9541679385781663e-10,1.0
6,4.650226426150539e-09,7.826304937452733e-09,4.543579922022811e-12,1.624661827293039e-08,1.730267769062266e-07,2.462635928512924e-10,0.9999998807907104
6,9.914415954881406e-10,9.719446358857908e-10,2.8908310207437227e-12,1.2887254596805064e-09,1.7735995783141334e-08,1.9733940870292344e-10,1.0
6,4.56234244827769e-10,2.8604590918135386e-10,7.260450921031669e-13,8.594411848861228e-10,1.5744152648267118e-08,2.1733588886907462e-11,1.0
6,2.5870512398995515e-09,2.1561352703258763e-09,1.8934761744637818e-11,9.653953192412246e-09,7.098775967051552e-08,1.740743521549959e-10,0.9999998807907104
6,6.971392907395568e-10,1.9806264961452769e-10,3.5379635419247046e-12,1.8325287953757652e-09,2.95482682766135e-09,6.374201166892135e-11,1.0
6,8.54646686754279e-10,1.4514028867651518e-10,3.0023099891612892e-12,1.3362085882206998e-09,2.251663966390538e-09,4.0791075378576735e-11,1.0
6,1.7620055414724334e-10,5.546606923756414e-11,1.326592156437878e-12,2.0922298615833057e-10,2.369885843123143e-09,2.2932926391217023e-11,1.0
6,9.051367433343671e-10,2.597438097939886e-10,2.3096925413912395e-11,7.526710366079215e-10,2.943728150128777e-09,1.1440728919787091e-10,1.0
6,9.305328035891236e-11,2.163891982265298e-10,1.3400278282837963e-11,4.42166220304685e-10,2.4404502863006883e-09,5.275304498786326e-11,1.0
6,1.6772840061296534e-11,4.337485579042344e-11,1.5659902844952778e-12,1.1798983665101126e-11,2.166498980216147e-09,5.7230352401571594e-11,1.0
6,3.5251402491498496e-11,7.353977843349568e-11,9.017475893595417e-13,4.6898661169858524e-12,1.1761366103257842e-08,1.2708441937681059e-11,1.0
6,5.211044373787388e-10,1.4879069087925245e-09,1.877344946166204e-10,6.82285894448853e-11,9.348249108143136e-08,1.4079670762612295e-09,0.9999998807907104
6,3.515739435688836e-11,7.821346903469362e-10,4.789122917681077e-11,1.0888850238144343e-10,1.2408600369440137e-08,1.7262881402135832e-10,1.0
6,7.295106185800648e-11,3.6390703783695244e-09,6.737816554691634e-11,1.3106363772052987e-09,5.7856781587872774e-09,5.68566201064602e-11,1.0
6,1.9413251561850586e-10,6.45474740323948e-09,1.1985173053660758e-12,1.8630350595572054e-09,1.6282388770605394e-08,4.264457710567715e-12,1.0
6,2.606930138426833e-08,1.8506224108705283e-08,5.100934119539602e-10,2.485743166857901e-08,5.2590468868629614e-08,2.267809273703847e-09,0.9999998807907104
6,1.6501734423357561e-09,2.401363774495735e-09,9.592400485036734e-11,6.798419160958247e-09,1.3717208480201748e-09,1.3665500953052856e-09,1.0
6,1.9428205572102897e-11,4.328181979484924e-10,4.1667368340381206e-12,3.573332602035961e-11,3.245921309513733e-10,5.941026559597162e-10,1.0
6,8.742054389415665e-13,2.6063176061796867e-09,4.089939921025215e-13,6.710188394515315e-12,1.5916427065221228e-09,1.9861600211723562e-11,1.0
6,4.785915153765474e-12,4.936732800331356e-09,1.4170552752046373e-12,2.1807074375435054e-12,6.739391711363396e-09,8.033897852532945e-11,1.0
6,1.1752132253461944e-11,1.0541915784756384e-08,1.9331120092256487e-13,9.323047975989818e-13,7.667687818013746e-09,7.185976206441902e-12,1.0
6,1.472758803799934e-09,1.65938942586763e-07,1.5459467039846686e-11,7.503898197258607e-11,6.362839855000857e-08,1.556370449184996e-10,0.9999997615814209
6,4.081005325340392e-11,2.5779286261240486e-07,3.0402749762181713e-11,2.3597085396787065e-10,1.0904154912338981e-08,7.232482668317886e-11,0.9999997615814209
6,7.841399404795446e-12,5.557978965953225e-08,1.2828419695878196e-13,1.7040093294728997e-11,3.766112754988171e-09,2.2716722166554737e-12,1.0
6,5.575712114236353e-11,4.044575518946658e-08,1.0292480978829968e-13,7.979453903184108e-11,6.122785123352514e-08,1.5548201831930286e-12,0.9999998807907104
6,3.0131729999993695e-08,2.72168722403876e-06,9.294889163902198e-11,1.449834208244738e-08,3.91801859223051e-06,1.194366411327863e-10,0.9999933242797852
6,6.697898347063358e-10,5.971389214209921e-07,1.395117354974218e-10,6.659266027497779e-09,6.945010113668104e-07,3.3155717754640435e-11,0.9999986886978149
6,5.24952081804031e-09,1.3929712849858333e-06,3.979690535449443e-11,1.2003965599305388e-09,1.1873923995153746e-06,2.3847318217362634e-11,0.9999973773956299
6,8.242403204405946e-09,4.883299880020786e-07,2.1262909835617627e-11,1.7482730541029667e-10,1.6417227470810758e-06,3.2446934028484975e-11,0.9999978542327881
6,3.0696667430163416e-10,6.132309948725378e-08,1.7217183624976262e-12,1.3014632427310602e-10,8.1288881403907e-08,1.550221431258214e-12,0.9999997615814209
6,8.902115850029091e-11,2.995555448137566e-08,1.2239474841621578e-12,1.2038240196354799e-11,3.465558862103535e-08,9.086069028239885e-13,1.0
6,2.2298437402090698e-11,3.791135405606383e-09,2.9471826997092e-13,6.893742521274504e-12,4.153903887527122e-09,3.287619471364217e-13,1.0
6,7.825651585080529e-12,1.2727545684043662e-09,1.0373920147389859e-13,7.441099819649466e-12,9.04079089369958e-10,1.0226419862834069e-13,1.0
6,1.931745562122611e-12,3.1259278499007337e-10,6.128526641247314e-14,9.405211852386852e-12,2.260743120485742e-10,9.749429860433576e-14,1.0
6,6.569747458724795e-14,4.7209576525819585e-11,7.95176796130004e-16,2.579754986020699e-12,4.642042306102212e-11,1.4573669419697122e-14,1.0
6,9.610571344818852e-14,4.175983864262989e-11,1.837409068414209e-15,4.535000413391499e-12,3.138370119337708e-11,5.5565944098549813e-14,1.0
6,6.285239256137443e-14,1.511068700721374e-11,1.6848935441293733e-14,1.0326157463824703e-11,8.32380258469767e-12,8.407115064876236e-14,1.0
6,1.4152725215724193e-12,1.3862537853737145e-11,1.0151444572101265e-13,2.748724858836482e-11,1.084560653091815e-11,2.2735523045377265e-13,1.0
6,1.1768898030596608e-13,4.728398662195987e-12,1.7085091297482666e-16,6.63073166252276e-13,2.1358111459979234e-11,7.729586454674909e-15,1.0
6,4.238490797486144e-13,6.332560344157745e-12,1.2122547076272782e-15,2.7528315998254227e-12,1.429047418594065e-11,2.1527684555778734e-14,1.0
6,6.133877693964562e-12,3.0332496930851605e-11,2.4296779255954075e-14,1.7858272152726506e-11,5.015722906454023e-11,1.1212431943194781e-13,1.0
6,1.3981739377388891e-11,7.73420286148685e-11,4.123611852370826e-14,4.094586215225293e-12,2.8932817947024958e-11,3.362502875962903e-13,1.0
6,2.004449124043406e-12,1.2616015870881014e-11,3.093459868689155e-14,1.0564618841205076e-12,2.696988032208081e-12,4.638603411967479e-13,1.0
6,2.548563443616203e-11,1.6550734741049844e-11,4.3827605661437424e-14,7.075971319298047e-12,2.6926513102543126e-11,1.4210040479370467e-12,1.0
6,3.856962058762514e-12,2.439715747135085e-12,7.581934212408381e-15,1.3615474850001141e-12,4.506021424044437e-12,6.359682745704642e-13,1.0
6,4.575409929402641e-12,1.7355402054733404e-12,2.1271158933636874e-14,1.2172472231564146e-12,2.949894885653781e-12,1.9203755339397555e-12,1.0
6,1.8537489251957417e-12,3.1706706487763525e-13,1.8511562013899096e-15,2.5518392195340855e-13,4.482035402542106e-13,1.1300372936657796e-13,1.0
6,6.025216350152851e-12,2.550138919477085e-11,1.318030869179327e-14,1.848378871835421e-12,1.0703520535171318e-11,9.21815792101488e-13,1.0
6,2.660012488053809e-11,2.6206925518579283e-10,1.1750118971342802e-14,1.9218704318951785e-12,5.818628912024337e-11,6.049372157715394e-13,1.0
6,4.2055450788502924e-10,2.5385187285564825e-09,2.2508823147374124e-13,1.4093952567517665e-11,1.4108780810317967e-10,1.874037600449463e-12,1.0
6,2.130140924760937e-10,1.1247990316931578e-09,3.3821195491575903e-14,3.0227020973022656e-12,8.425589392846433e-11,8.300778684203203e-13,1.0
6,4.949465143289089e-11,7.950453490002118e-11,2.104993340957184e-15,3.721532630673874e-13,2.806265983479328e-11,2.0005561606178252e-13,1.0
6,7.274233299048305e-12,8.624070966904707e-13,3.5093662912687293e-16,4.532012514834455e-14,7.673660318285869e-12,1.520103623054228e-13,1.0
6,9.727912052281962e-12,5.991326683905951e-13,9.650900701019998e-16,2.2637631447663085e-14,3.777142227462393e-12,2.3085846385592634e-13,1.0
6,1.5828623134428454e-10,2.843313640088496e-10,2.279169488230738e-14,6.147965166472535e-13,3.8676406521886975e-10,1.053319215703341e-12,1.0
6,9.33607591235841e-09,1.881364619649162e-09,4.782162621626285e-13,4.236957139303055e-12,7.31089544458996e-09,1.699789267672891e-11,1.0
6,2.585995639847738e-09,5.935071989426888e-09,9.387907389402789e-14,8.16300477733678e-13,2.7377620170909722e-08,4.271703216846001e-12,1.0
6,1.40290090655526e-09,1.034105334696278e-08,1.1957789088339749e-13,9.535204657101781e-13,1.7603042579139583e-08,5.305382435455419e-12,1.0
6,6.115003642337413e-11,1.3386982633534217e-09,1.9522230715134613e-14,1.2114654169160383e-13,3.647631530157014e-09,1.4786339470537757e-12,1.0
6,4.208297321728338e-10,1.3853247438078142e-09,7.663794186936468e-14,2.1127584816198197e-13,7.156401249375222e-09,5.646311543316962e-12,1.0
6,2.7734381631561167e-12,4.813739337694578e-11,9.982463277893221e-17,4.968428876731814e-15,3.5851038804324276e-10,2.255711927196067e-14,1.0
6,3.609786352210681e-13,8.843217824683336e-12,1.790740477931143e-17,5.242102151495245e-16,1.1387260578921143e-10,3.781499310732961e-14,1.0
6,2.1210691623224642e-12,3.259853541617841e-12,1.629319622462768e-16,4.314291589588683e-15,9.843036802292815e-11,1.204429080341879e-13,1.0
6,1.3044668427039663e-12,8.91473613678917e-12,4.060914508025776e-17,2.9901099483112216e-15,5.835469885084876e-10,1.45271554524316e-14,1.0
6,1.2405475952048661e-12,3.0843091969323666e-11,7.266064614948938e-16,2.986247520423389e-14,3.202853537942474e-10,1.836780239624497e-13,1.0
6,1.501007570190241e-13,3.393366100265527e-12,1.1175180958833842e-16,2.7829350067752395e-15,2.4065473572254525e-11,1.37588684477781e-13,1.0
6,2.638677644439813e-11,4.773354975173838e-11,2.5275307292006027e-14,1.5444983074604235e-13,6.816580078172763e-10,4.858622185133221e-12,1.0
6,1.3573166895985977e-11,7.419533043506732e-11,1.7321290140593672e-14,4.9174643442515334e-14,4.6558423782983027e-10,2.884535709249403e-12,1.0
6,1.1307844417773882e-11,1.1404055651198508e-11,1.852887960250571e-14,3.767187842056152e-14,1.1227258706059118e-10,1.5780887881178263e-12,1.0
6,2.7967279533913647e-11,5.917477619021838e-11,4.557332701320138e-14,9.572683222274989e-14,4.2197026428603124e-10,3.1978204806382138e-12,1.0
6,5.856820584071443e-11,1.0157904031804499e-11,1.9927721311204655e-13,1.3794139441802855e-12,2.010911437366758e-10,1.7974313443885892e-12,1.0
6,1.4283307175899651e-11,3.5725623848126276e-11,1.8760752500124322e-13,2.1706484266276194e-12,2.82190659728343e-11,4.648044644485483e-13,1.0
6,8.769653059292892e-11,1.4279984313081417e-11,7.149197683506414e-13,1.6944248738479106e-12,4.960636068584989e-11,8.327911927771825e-13,1.0
6,1.440772778860122e-10,7.407839619499867e-11,5.151655144142175e-12,2.8582420718431534e-12,4.2154793544746383e-10,2.205672493607591e-12,1.0
6,7.296890869312733e-10,2.2656760148564992e-11,1.1264001537059087e-10,3.489857361427262e-11,2.472293758604138e-10,2.4018880634413264e-11,1.0
6,1.1381300346613443e-08,1.149445427728324e-09,9.264723987989498e-10,6.398176433108915e-10,1.1471069427670955e-08,1.3147719024608762e-10,1.0
6,6.731395956194319e-07,5.747159903535248e-08,2.974492474550061e-08,2.9121782763041892e-09,9.344998375127034e-08,2.7872110175408693e-10,0.9999991655349731
6,6.112878025987811e-08,7.673495616700166e-09,2.0792786159518073e-08,2.1896298108003975e-09,4.9491677422963676e-09,1.059002885384075e-10,0.9999998807907104
6,3.129677139668274e-08,8.770125736745626e-10,9.767155084716705e-09,3.890717747978556e-10,9.446589066541833e-10,5.616272030772862e-11,1.0
6,5.027154248438137e-09,1.613087580176753e-10,2.281602462517185e-09,4.678387885426183e-11,2.6443872092052345e-10,3.113382815445043e-11,1.0
6,3.374564983005257e-08,2.2940067900822925e-10,8.731957379382038e-09,6.569068206063733e-11,1.1280798517532276e-09,1.547115907607477e-10,1.0
6,2.1191524979258247e-07,9.583109861210914e-10,3.1818558454688173e-07,8.758853087265095e-10,4.19975698662256e-09,1.897446866294672e-09,0.9999994039535522
6,5.661721047545143e-08,3.0626683411583144e-09,6.991439249759424e-08,6.194490476119086e-10,9.383936294682371e-09,1.0818529405653976e-09,0.9999997615814209
6,8.427875619609893e-10,1.1758304052644775e-10,2.325316383888776e-09,1.1935953614372607e-10,7.318955996815646e-10,7.795562806389711e-11,1.0
6,7.364143739252427e-10,8.281320074132736e-11,2.0495524721830805e-10,1.0265501643180741e-10,5.165149419283921e-10,1.7807049237927863e-11,1.0
6,4.990306834429248e-09,8.706005361069913e-11,3.576902773971824e-09,1.4308108031713118e-09,3.8762535403691345e-09,1.3547309107853067e-10,1.0
6,3.3589460102234625e-09,1.4365587608367036e-09,2.1375422321057158e-08,2.8146541097839872e-08,5.321707519101437e-09,5.807740746655021e-11,1.0
6,3.2951952277926466e-10,1.849580710810983e-09,7.578088850879183e-11,1.2685811290324978e-09,7.902476006904635e-09,5.67081863238339e-13,1.0
6,5.070025996256611e-12,1.1110005276870893e-11,3.8803733989033196e-13,2.809683041782307e-11,3.656746433433611e-11,8.666077092587578e-15,1.0
6,7.585937954190936e-12,1.349387546145664e-10,1.799377313815853e-11,3.004684834273519e-10,1.565417760696075e-11,6.959369061934617e-14,1.0
6,6.185144085270322e-13,2.2985563105648588e-11,5.910478270004793e-13,2.1481942960588363e-11,2.5591384913981052e-11,9.612766007185188e-15,1.0
6,5.025298580041415e-11,2.3948765193182453e-10,7.519449507498166e-10,3.515595814462813e-09,1.5457708724131436e-10,1.0109519558293423e-12,1.0
6,4.717495925149473e-13,4.240959580043002e-12,2.761346880320037e-11,2.198097086292261e-11,2.0750668978247733e-12,5.194533496920284e-13,1.0
6,8.023117586963835e-11,1.2080482170162554e-09,1.694463946932956e-08,4.652906060442774e-09,1.0618589341149232e-10,1.219060182661158e-11,1.0
6,8.462336387182745e-10,6.341213110161448e-10,1.1653711453618598e-06,4.275668885611594e-08,5.224962129624089e-10,6.268970759171211e-11,0.9999988079071045
2,2.3291683248771733e-07,1.0517303650203758e-07,0.9999260902404785,4.811312464880757e-06,2.0048891435919813e-09,7.277387936710511e-08,6.868413038318977e-05
2,6.06075161613262e-07,1.6402072589016825e-08,0.9999841451644897,3.877299604937434e-06,6.590277212836781e-10,1.4983445595362355e-08,1.1381985132175032e-05
2,2.3444398422611812e-08,7.672850799167463e-09,0.9999959468841553,3.3525113849464105e-06,8.79934111686076e-11,6.843170474724047e-09,7.255106879711093e-07
2,4.2241157416356145e-07,1.1799704324744198e-08,0.9999947547912598,4.491030267672613e-06,2.833732137830225e-10,2.316812741653962e-09,2.94403577072444e-07
2,9.712566750863516e-09,3.347571331246968e-09,0.9999915361404419,8.306962627102621e-06,6.959134657424926e-11,2.332660731241276e-10,8.672930107422872e-08
2,1.1822442580466941e-08,2.9500208942323525e-09,0.9999953508377075,4.48838682132191e-06,4.960461902348001e-11,1.2865919440940843e-10,9.772537623575772e-08
2,2.057740866590052e-09,2.035397184130261e-09,0.999996542930603,3.4204554140160326e-06,8.659962504042884e-12,1.28272684141173e-10,3.6716883755616436e-08
2,1.992352736124303e-06,8.173975629688357e-08,0.9993724226951599,0.00062369997613132,2.261977050110886e-09,2.6357757643147295e-10,1.7857870489024208e-06
2,9.777601007954217e-06,9.719333320390433e-07,0.9870067834854126,0.012944340705871582,6.53370548775456e-08,1.0207988898613962e-09,3.8042842788854614e-05
2,3.124829675016372e-07,2.286859057676338e-07,0.9854320883750916,0.014510809443891048,1.170921404280989e-08,5.569848471331795e-10,5.650873208651319e-05
3,8.185964361473452e-06,7.578057079626888e-07,0.28954824805259705,0.7100788950920105,9.102110425374121e-07,2.69285282961107e-09,0.0003629912971518934
3,5.993426270833879e-07,1.2487589851062353e-09,6.951489126549859e-07,0.9999983310699463,2.0773538267349068e-07,2.2312842762675644e-13,1.6544112213523476e-07
2,4.254557595118058e-08,4.416197185719284e-09,0.9985406398773193,0.0014556464739143848,1.2894129319818148e-08,2.0523527766158622e-08,3.7228758174023824e-06
2,7.803080848134414e-08,6.732715496227115e-10,0.9999649524688721,3.407050098758191e-05,3.565218786860669e-09,4.244347451276553e-08,7.897527893874212e-07
2,3.475803644903408e-09,9.933753819524327e-11,0.9999825954437256,1.6999383660731837e-05,4.558436128565546e-10,2.96451467818315e-08,3.8489827147714095e-07
2,1.2576264474262189e-08,5.746880749057937e-10,0.9999135732650757,8.49164352985099e-05,4.950220233723712e-10,1.1486321227494045e-08,1.5560480051135528e-06
2,5.625885091120608e-09,1.3281742372583949e-09,0.9999430179595947,5.1403727411525324e-05,1.8599526085960605e-10,1.1361479756999415e-08,5.634393346554134e-06
2,3.7871296854063985e-07,6.30091812059419e-10,0.9999792575836182,1.4686893337056972e-05,5.932263569263796e-10,7.811502200638643e-08,5.624027380690677e-06
2,4.83692247144063e-06,5.545024439612689e-10,0.9999582767486572,2.9683027605642565e-05,3.434708295557698e-09,4.5627118083757523e-07,6.648923772445414e-06
2,2.023616843871423e-06,6.501587046514601e-10,0.999981164932251,1.2150794646004215e-05,9.808898138174982e-10,7.506332622142509e-08,4.587317562254611e-06
2,1.577794250806619e-07,1.2791057102390369e-09,0.9999823570251465,1.678834087215364e-05,1.507071578643604e-09,8.622769165356203e-09,7.441873890456918e-07
2,8.545305263396585e-07,1.51738142051272e-08,0.9998434782028198,0.00014909077435731888,3.3812634914198725e-09,4.666459219038188e-09,6.570375262526795e-06
2,8.558162534200164e-08,1.1480643102856902e-08,0.9999321699142456,6.374427175614983e-05,4.795564501058891e-10,1.3195067261051463e-09,3.951667167712003e-06
2,7.715502903238303e-08,6.352929737829527e-09,0.999984622001648,1.4518826901621651e-05,7.557898196175472e-10,3.673870541121005e-09,6.889710562063556e-07
2,4.6931035058150883e-07,2.4098785189607952e-08,0.9999645948410034,3.2634910894557834e-05,2.781953556407757e-09,3.593885855579515e-09,2.3151519599196035e-06
2,3.037599753952236e-06,7.568307580640976e-08,0.9999200105667114,7.15683345333673e-05,5.181680862165194e-09,3.5427369926566143e-09,5.288899956212845e-06
2,1.065968353941571e-05,7.081511199658053e-08,0.9998879432678223,9.737511572893709e-05,9.028736869254317e-09,2.3292503481542326e-09,3.7954916933813365e-06
2,1.7641457816353068e-05,1.2299138063553983e-07,0.9999086856842041,6.476522685261443e-05,6.132297780681029e-09,4.141191833895164e-09,8.775156857154798e-06
2,0.00010994318290613592,1.966448195389603e-07,0.999718964099884,0.00016558484639972448,3.014312000004793e-08,1.4800664693837007e-08,5.207931735640159e-06
2,9.270049304177519e-06,7.557937919955293e-08,0.9999583959579468,2.794591273413971e-05,2.9490341280080656e-09,8.887758085052155e-09,4.2477822717046365e-06
2,1.269395170311327e-06,4.152837007609378e-08,0.9999772310256958,1.9976629118900746e-05,1.0230226665797204e-09,4.811560039286178e-09,1.4653923017249326e-06
2,1.729048726417659e-08,3.115911972884078e-09,0.9999984502792358,1.3727245686823153e-06,1.6157323742826968e-11,3.99464045175435e-10,1.7352407155613037e-07
2,8.753167080044477e-09,2.4907207407665055e-09,0.9999980926513672,1.926917775563197e-06,7.095094043535477e-12,2.582179470245194e-10,5.5001038390400936e-08
2,4.455823443549889e-08,8.16333933784108e-09,0.9999970197677612,2.880670535887475e-06,4.74285680174269e-11,9.713023718660452e-10,1.6126421087392373e-07
2,6.975182653690126e-09,1.2783931691018324e-09,0.9999992847442627,7.656839215997024e-07,4.068697635750684e-12,2.240646695961246e-10,2.243077723562692e-08
2,7.60271789967959e-10,1.491040513279529e-09,0.9999998807907104,1.611040545412834e-07,8.925193483583227e-13,9.240475051797148e-10,1.970950869178978e-08
2,3.464378228734688e-10,1.7891937931224788e-09,0.9999997615814209,2.7081492248726136e-07,1.0667315555185075e-12,1.095923685134892e-09,4.3499184698703175e-08
2,8.290207631489466e-09,4.316956747629774e-08,0.9999959468841553,3.3280084608122706e-06,1.6218509174548146e-11,9.205998630079648e-09,7.085468496370595e-07
2,0.00019590799638535827,1.0372128826929838e-06,0.9995997548103333,0.00016789353685453534,3.6838920802750863e-09,1.0909303682637983e-07,3.526419823174365e-05
0,0.7809820175170898,1.161278305517044e-06,0.21900351345539093,6.637515980401076e-06,9.142452128685363e-09,4.155838723818306e-06,2.614279310364509e-06
0,0.9648011326789856,8.713594468190422e-08,0.03519746661186218,5.654980554936628e-07,1.2151452066788693e-09,5.442419137580146e-07,2.463391695073369e-07
0,0.7339048385620117,3.1224698204823653e-07,0.26608020067214966,7.213915978354635e-06,3.5283655996920515e-09,6.7525120357458945e-06,6.682896582788089e-07
0,0.9790888428688049,2.140453148058441e-07,0.020903699100017548,5.634513399854768e-06,3.93707244583652e-09,1.3958373301647953e-06,2.020689180426416e-07
0,0.9998039603233337,1.7974281263377634e-07,0.00019017506565432996,5.510953997145407e-06,3.671133841365304e-09,3.2410266470606075e-08,2.2106149799583363e-07
0,0.9998542070388794,7.352944209060297e-08,0.00014454664778895676,1.03399315776187e-06,4.161703870408928e-09,8.126589534640516e-08,1.4373505052844848e-08
0,0.9998960494995117,3.686625689169887e-07,0.00010214352369075641,1.301086399507767e-06,1.782628489266358e-09,2.9280139202114697e-08,1.0392975013928663e-07
0,0.9999924898147583,1.7434712162867072e-07,7.03402338331216e-06,2.9898433240305167e-07,3.377100377122133e-09,2.1356925117288483e-08,1.4106347201447988e-08
0,0.999996542930603,6.253321771509945e-08,3.2566606478212634e-06,1.72942378640073e-07,1.4424899053011586e-09,1.1856216453054458e-08,3.0594997646460342e-09
0,0.999995231628418,1.6284337789329584e-07,4.385960437502945e-06,1.9555710650820401e-07,4.468417191816343e-09,1.859327980469061e-08,6.908185579135306e-09
0,0.999996542930603,9.69611093637468e-08,2.803981487886631e-06,4.7063636543498433e-07,5.328920860137032e-09,1.423500606279049e-08,7.221163222936866e-09
0,0.999998927116394,1.2975924335023592e-07,6.452359571085253e-07,2.900613935707952e-07,6.8564509625446135e-09,5.399910296688404e-09,1.8785191180370475e-09
0,0.9999958276748657,4.001777540452167e-07,3.3255428206757642e-06,4.4395912368599966e-07,2.0112926435444933e-08,2.2666554855277354e-08,1.3469070303528952e-08
0,0.9999953508377075,3.7604104363708757e-07,3.780199222092051e-06,4.646233264793409e-07,1.6219763310232338e-08,1.763044643610101e-08,9.058860328536866e-09
0,0.9999966621398926,3.7338816127885366e-07,2.6290726964361966e-06,2.735264672537596e-07,4.480963866626553e-08,2.6184283186125867e-08,1.0131512517830288e-08
0,0.9999908208847046,7.472710308320529e-07,7.985468982951716e-06,3.753313819743198e-07,1.8564884740612797e-08,2.238673424415083e-08,2.1770182101477076e-08
0,0.9999951124191284,4.2215597773065383e-07,3.5830121305480134e-06,9.193016126118891e-07,4.5576111773470984e-08,1.0297170227602237e-08,1.0539511485774256e-08
0,0.9999991655349731,1.0946852313509225e-07,3.371211789726658e-07,3.497818568121147e-07,1.1025152346633149e-08,3.707862683555163e-09,2.636464602190358e-09
0,0.9999892711639404,6.084688948249095e-07,9.260916158382315e-06,7.698167223679775e-07,2.297237600146218e-08,3.289856920218881e-08,3.395369319036945e-08
0,0.9999958276748657,2.732548125550238e-07,2.7870105441252235e-06,9.871104111880413e-07,1.3830755207777656e-08,5.74553693510893e-09,2.1480452971900377e-08
0,0.9999960660934448,3.943144122331432e-08,2.9857235404051607e-06,9.520094863546547e-07,1.3004763932400465e-09,2.312485092303973e-09,2.9572455595427982e-09
0,0.9999959468841553,4.973071909830651e-08,3.94250855606515e-06,5.1233946862794255e-08,1.245414216199947e-09,9.520665145146268e-09,4.747246595826482e-09
0,0.999994158744812,2.2033712809843564e-07,5.467318715091096e-06,1.841141994418649e-07,2.7903899191272785e-09,7.061810691766368e-09,9.86861170559905e-09
0,0.9999969005584717,2.2308856273411948e-07,1.2483138789320947e-06,2.97928522741131e-07,3.976667173333226e-08,1.053502796111161e-08,1.370216409668501e-06
0,0.9999909400939941,9.856229326032917e-07,3.7226601534712245e-07,3.9338561919066706e-07,3.9911435578687815e-07,1.001202676320645e-08,6.899482286826242e-06
0,0.9999949932098389,7.689993140047591e-07,5.451607307804807e-07,6.769013793928025e-07,1.5640663377780584e-06,5.925744783752407e-09,1.4668290759800584e-06
0,0.9999964237213135,4.001127820174588e-07,1.1103320503025316e-06,7.687331304850886e-08,2.9510610843885843e-08,1.6439983596683305e-08,1.9827778032777132e-06
0,0.9999866485595703,2.6973111744155176e-07,1.2933697689732071e-05,9.196159567181894e-08,1.4742437492998306e-08,3.173231988284897e-08,7.471891905197481e-08
0,0.9999959468841553,5.1265523381971434e-08,3.6740125324286055e-06,2.6322180701754405e-07,8.912945048678012e-09,7.148065250817126e-09,1.5385420937263916e-08
0,0.9999903440475464,4.8422101883716095e-08,9.439430868951604e-06,1.660215787069319e-07,1.4274421644699942e-08,5.127657587422618e-08,8.857985456245387e-09
0,0.999995231628418,1.9963312070103711e-07,3.149252506773337e-06,1.3763367405772442e-06,5.3988124193438125e-08,1.8745760499427888e-08,2.4156495470606387e-08
0,0.9999985694885254,2.878387483917777e-08,6.635068530158605e-07,6.923490900589968e-07,7.444039162862737e-09,8.251155314553671e-09,2.1777937231348687e-09
0,0.9999819993972778,9.914474219385738e-08,1.3340430086827837e-05,4.520726179180201e-06,3.230074696602969e-08,4.268475350954759e-08,2.0229142805305855e-08
0,0.9999990463256836,2.4582049729104938e-09,3.2929290227912134e-07,6.052904950593074e-07,1.93087723587837e-09,1.417378481249898e-08,2.7991722273412734e-09
0,0.9999871253967285,1.245672187621949e-08,7.003884093137458e-06,4.706577328761341e-06,1.6307385664049434e-08,1.3578069513187074e-07,9.738746484799776e-07
0,0.9999985694885254,1.7510750627280913e-09,1.0629456710375962e-06,3.600893592192733e-07,1.976420804794543e-09,3.4549806571249064e-08,2.478241256653746e-08
0,0.9999992847442627,6.288989329306105e-10,4.375226865249715e-07,2.7584422923609964e-07,6.856241130392959e-10,1.8355333253339268e-08,1.0112439774445647e-09
0,0.9999979734420776,5.133494185294296e-10,1.5448969179487904e-06,2.6377594508630864e-07,2.9455866634719996e-09,2.134450909352381e-07,1.0732456035000837e-09
0,0.9999970197677612,1.375675573456192e-09,2.0913380467391107e-06,3.495356395433191e-07,1.1020565793273818e-08,5.207912181504071e-07,1.847544228716913e-09
0,0.9999974966049194,5.34871125168479e-09,1.0543136568230693e-06,9.744608178152703e-07,4.8151211018421236e-08,4.625208589459362e-07,2.3022956874285683e-09
0,0.999997615814209,3.595183706295302e-09,6.30958254532743e-07,6.588766723325534e-07,1.0954271090213297e-07,1.0103358363267034e-06,2.77757955524649e-10
0,0.999995231628418,1.4169972750721627e-08,2.167099637517822e-06,4.5661363401450217e-07,1.0886966350653893e-07,2.0145182588748867e-06,2.7032107663416127e-09
0,0.9999958276748657,9.672270984140141e-09,2.961042127935798e-06,6.116040367487585e-07,3.0248351379214e-08,5.743647193412471e-07,1.0388153670604083e-09
0,0.9999947547912598,6.484613290780317e-09,2.793657586153131e-06,6.599319135602855e-07,8.316714428246996e-08,1.721406420074345e-06,1.1567080626662118e-09
0,0.999994158744812,1.4892328481508343e-09,1.3851497442374239e-06,3.529482910380466e-07,6.218873238594824e-08,3.991676294390345e-06,2.8021807096934026e-10
0,0.9999977350234985,4.0516201504914306e-10,3.2525505844205327e-07,6.150339117994008e-07,2.723094496559497e-07,1.0764832722998108e-06,3.3499043539109152e-09
0,0.9999959468841553,7.810611601932749e-10,2.2013980469637318e-06,1.495716048793838e-07,1.8750384356280847e-08,1.704055534901272e-06,1.474026234404846e-09
0,0.9999994039535522,2.6303574873765e-09,3.4875901633313333e-07,1.1302297764359537e-07,4.510729123552437e-09,8.086805536322572e-08,5.958465942867974e-10
0,0.9999986886978149,1.5067289638182046e-08,5.01969338984054e-07,7.0516074401894e-07,1.2642153102149223e-08,5.569549088590975e-08,2.973384916060695e-08
0,0.999996542930603,5.808770708881639e-08,2.0655929802160244e-06,1.1472878895801841e-06,2.0004438994192242e-08,9.970904102374334e-08,2.134980015000565e-08
0,0.9999909400939941,1.3388215336362919e-07,7.62988202041015e-06,1.2577946790770511e-06,2.331091408791508e-08,7.137909818766275e-08,6.672819186093193e-09
0,0.9999964237213135,7.888656483601153e-08,2.769757429632591e-06,5.854108167113736e-07,1.020420299369107e-07,2.171804602824068e-08,1.2678151861678089e-08
0,0.9999986886978149,3.036404905287782e-08,6.662201599283435e-07,6.012767812535458e-07,4.750676296794154e-08,8.992200761781532e-09,1.873423416398623e-09
0,0.9999933242797852,4.782954476922896e-08,3.856465809803922e-06,2.7768662675953237e-06,3.338085008408598e-08,1.6756668941297903e-08,1.6255646828611248e-09
0,0.9999953508377075,4.64940050903806e-08,1.532917167423875e-06,3.019136329385219e-06,5.6345268006907645e-08,1.688510131714338e-08,1.4008701976209181e-09
0,0.9999929666519165,4.607175441151412e-08,3.105259111180203e-06,3.879172254528385e-06,2.6365853500465164e-08,1.528615456436455e-08,1.3224064066008623e-09
0,0.999977707862854,6.138305508329722e-08,1.765647903084755e-05,4.563821221381659e-06,1.8446749905365323e-08,4.99875270065786e-08,2.835994328265201e-09
0,0.9999655485153198,5.4864614185134997e-08,3.303261109977029e-05,1.2589699736054172e-06,7.859978445878824e-09,1.1612390693471752e-07,1.7553811737514025e-09
0,0.9999959468841553,4.356519767156897e-08,2.795902446450782e-06,1.1867839475598885e-06,1.663633497628325e-08,4.846987167184125e-08,1.2307567187619384e-09
0,0.9999921321868896,6.221138448836427e-08,4.269821147317998e-06,3.4955344290210633e-06,4.508574136252719e-08,3.8065557816935325e-08,3.734274223177181e-09
0,0.9999949932098389,8.116296079663243e-09,6.757945243407448e-07,4.163554876868147e-06,1.737824817382716e-07,2.8903041737748936e-08,6.061458446282586e-09
0,0.9999974966049194,5.1717345961321826e-09,6.708627324769623e-07,1.7312662521362654e-06,1.6658683321679746e-08,2.4633417083919085e-08,2.6555610488365744e-10
0,0.9999833106994629,1.3923160224749154e-07,1.1352997717040125e-05,4.728942712972639e-06,6.47438369583142e-08,3.934794108317874e-07,4.986265622619612e-09
0,0.9999597072601318,2.352786623305292e-07,3.4316981327719986e-05,5.081406015960965e-06,1.44009064229067e-07,3.8669449509143305e-07,7.38644558850865e-08
0,0.9999890327453613,1.8382895206059402e-08,5.902903467358556e-06,4.360392722446704e-06,2.36973107803351e-07,4.098689032616676e-07,9.33186541374198e-08
0,0.9999818801879883,1.0383146786807629e-07,9.99159055936616e-07,1.4819863281445578e-05,2.154426283595967e-06,2.9772735388178262e-08,1.0038385767074942e-07
0,0.9998964071273804,1.1117821685502349e-07,5.716854900583712e-08,6.458383722929284e-05,3.8618316466454417e-05,5.767847088833378e-09,1.9872085488259472e-07
0,0.9999921321868896,1.4581514884426383e-09,8.257509342968206e-09,7.504354016418802e-06,4.1612821632952546e-07,1.329174770248187e-09,6.226161253231055e-11
0,0.9999841451644897,8.720505206838425e-08,4.240922919507284e-07,1.1079338037234265e-05,4.1331782085762825e-06,3.8086966469563777e-08,3.305892093408147e-08
0,0.9999833106994629,2.0697637381772438e-08,6.330559898515276e-08,8.891163815860637e-06,7.674975677218754e-06,4.308528289698188e-08,2.2502410601532574e-08
0,0.9999891519546509,7.672582569284714e-08,6.633651992160594e-07,8.285690455522854e-06,1.5696142554588732e-06,1.7610685176805418e-07,7.42882448889759e-08
0,0.9999969005584717,5.689102877681762e-08,5.269044436317927e-07,2.2620477011514595e-06,1.294954330433029e-07,5.3885024442479335e-08,1.4684524707320179e-08
0,0.9999995231628418,6.664507168352429e-09,1.4181046026351396e-07,3.8280683156699524e-07,8.797668371585132e-09,1.3921057195886988e-08,3.777713419861328e-10
0,0.9999990463256836,1.8563230952395315e-08,5.229836688158684e-07,4.4308836777418037e-07,1.2152071349191829e-08,2.3310656516173367e-08,7.289181702674341e-09
0,0.9999963045120239,3.370866252794258e-08,3.0179330678947736e-06,4.818035108655749e-07,2.9245788013554375e-08,1.1183293224803492e-07,1.1745837014132121e-07
0,0.9999974966049194,2.6266489427939632e-08,1.6527897059859242e-06,3.939697421628807e-07,5.3077890527220006e-08,2.0657752486386016e-07,2.1092627378038742e-07
0,0.999993085861206,1.5595108493471344e-07,5.114699888508767e-06,1.2543056300273747e-06,5.992294660472908e-08,1.9317094768211973e-07,1.6390953305744915e-07
0,0.9999958276748657,2.8578313049365534e-07,2.456176162013435e-06,1.1129499171147472e-06,8.913730908943762e-08,9.323832728114212e-08,4.659327501599364e-08
0,0.9999964237213135,2.439301454160159e-07,2.3539828362117987e-06,7.804461574778543e-07,4.2733347527246224e-08,1.1493909823911963e-07,1.5399196584553465e-08
0,0.9999974966049194,3.809381325936556e-07,5.414842121354013e-07,1.1761449059122242e-06,1.9897858294370963e-07,5.816115589141191e-08,1.8419058278595912e-08
0,0.9999977350234985,1.1933452981338633e-07,7.635439942532685e-07,1.3696701444132486e-06,2.6440108769065773e-08,4.752720528244936e-08,4.7752344300988625e-09
0,0.9999984502792358,2.4519534846945135e-08,2.857617857898731e-07,1.2128064099670155e-06,3.795451064547706e-08,6.818149955734043e-08,1.4528416247827636e-09
0,0.999996542930603,8.687228358894572e-08,6.755191179763642e-07,2.5006311261677183e-06,9.396107003567522e-08,9.238761577989862e-08,1.7383429140593876e-09
0,0.9999963045120239,8.704973453177445e-08,2.4821775923555833e-07,3.1942645364324562e-06,1.266726883386582e-07,2.470448734470665e-08,1.1942185018654072e-08
0,0.9999945163726807,6.901042848284078e-09,1.388042818462054e-07,5.374484317144379e-06,1.0421922880254897e-08,1.0263321748027465e-08,8.88112222652282e-11
0,0.9999946355819702,7.931852508136217e-08,1.7376346477249172e-06,3.431999402891961e-06,3.32570344596661e-08,1.8418127467612067e-08,1.2949868954947874e-09
0,0.9999399185180664,9.340315045847092e-07,8.199168632927467e-07,5.7808250858215615e-05,4.4292363554632175e-07,3.6536369485418163e-09,5.424213966875868e-08
0,0.9999755620956421,4.572476427711081e-06,5.316479132488894e-07,1.737204729579389e-05,4.770795385411475e-07,1.358956325248073e-08,1.5276084468496265e-06
0,0.9999698400497437,5.095452706882497e-06,1.47062223732064e-07,7.046177415759303e-06,4.199430804874282e-06,5.0655149408385114e-08,1.373296163365012e-05
0,0.9999934434890747,5.953673394287762e-07,5.434922556446509e-08,3.4232250527566066e-06,1.1793277963079163e-06,1.3558271838576275e-08,1.241994482370501e-06
0,0.9999686479568481,1.0854597576326341e-06,2.275764465764496e-08,9.04588489447633e-07,1.7834587197285146e-05,7.986175631913284e-08,1.1374375390005298e-05
0,0.9999756813049316,4.449390473837411e-07,1.770451376614801e-07,6.554263620728307e-08,3.6786991586268414e-06,1.967696192650692e-07,1.9753750166273676e-05
0,0.999997615814209,9.720600502305388e-08,2.0305621717398026e-07,1.1739201966065593e-07,5.049196829531866e-07,8.427124953414022e-08,1.3634247579830117e-06
0,0.999934196472168,2.3417946977133397e-06,2.351916737097781e-05,1.981282366614323e-06,1.7617738876651856e-06,1.7488940784460283e-06,3.439919964876026e-05
0,0.999904990196228,9.357789167552255e-06,2.5614914193283767e-05,6.729988399456488e-06,5.546004103962332e-06,1.4834752164460951e-06,4.6294895582832396e-05
0,0.9999971389770508,1.584985653835247e-07,1.4947361250960967e-06,1.057511440194503e-06,4.6963165800661955e-08,5.384538326325128e-08,1.4847822527030985e-08
0,0.9999994039535522,1.473309652055832e-08,2.1686828688416426e-07,3.7570524114016735e-07,2.4548242549826682e-08,2.612219951458883e-08,8.88007356536491e-09
0,0.9999874830245972,4.242169282520081e-08,1.6135589930854621e-07,1.209901074616937e-05,1.6117365930767846e-07,2.8269987240037153e-08,4.340334669450385e-08
0,0.9999828338623047,9.74234097839144e-08,5.664490458912042e-07,1.6368854630854912e-05,1.1573276026410895e-07,4.005782372473732e-08,1.5166985889436546e-08
0,0.9999830722808838,1.1897870422217238e-07,4.915758040624496e-07,1.6292497093672864e-05,4.018793475779603e-08,1.8339077811901916e-08,2.9729003703238277e-09
0,0.9999697208404541,1.2338681187884504e-07,2.8099402697989717e-06,2.6172183424932882e-05,7.339497756220226e-07,3.5882573001799756e-07,1.0015500429005897e-08
0,0.9999974966049194,9.051050464670141e-10,2.895714885653433e-07,2.134184114765958e-06,4.753967441928353e-09,8.346231084033207e-08,7.103984067668989e-09
0,0.9999983310699463,3.941955206698822e-09,3.2806019589770585e-07,1.1300802498226403e-06,2.0191146532511084e-09,2.809521859603592e-08,1.5560604538222833e-07
0,0.9999961853027344,5.882890175001876e-09,2.1616976937366417e-06,1.357701989945781e-06,1.171660213294956e-09,1.1230467578116077e-07,1.6348774067864724e-07
0,0.9999971389770508,4.029299394137098e-10,6.453757350755041e-07,1.9832068574032746e-06,6.137310215592606e-09,1.650943346476197e-07,3.7564831245617825e-08
0,0.9999836683273315,6.563444898688431e-09,7.726989679213148e-06,5.6489666349079926e-06,1.9204946966056013e-08,6.603470410482259e-07,2.3256368422153173e-06
0,0.9999872446060181,7.58249640853137e-09,6.109998139436357e-06,4.964656000083778e-06,1.3791728648016033e-08,1.4259616136769182e-06,2.3901586132524244e-07
0,0.9999961853027344,1.8273281776615136e-09,1.7074606830647099e-06,1.2964119378011674e-06,6.493744653113254e-09,6.832510166532302e-07,4.256551733305969e-08
0,0.9999970197677612,1.2516092606773555e-09,9.045400588547636e-07,1.4294503216660814e-06,8.058021805368298e-09,5.807253842249338e-07,1.3264593867745589e-08
0,0.9999980926513672,2.861244852159217e-10,2.580133013907471e-07,1.428293558092264e-06,4.048085866514839e-09,2.7733366891879996e-07,9.619063323640376e-10
0,0.9999972581863403,4.1399852990231523e-10,3.7539001596087473e-07,2.140786364179803e-06,3.1450100301810835e-09,2.555549087901454e-07,4.828487054631125e-10
0,0.999997615814209,7.71850500180804e-11,2.2291774826044275e-07,2.985405274102959e-07,4.390450225599807e-09,1.7905958884512074e-06,8.788252070512925e-11
0,0.9999982118606567,9.089875380174917e-11,2.879305043279601e-07,2.7726048301701667e-07,2.4336406223568474e-09,1.2770339026246802e-06,7.995360623569425e-11
0,0.9999979734420776,3.364541423245271e-10,3.4819751704162627e-07,9.785951533558546e-07,6.541454933284285e-09,6.354741799441399e-07,2.6618762749563984e-10
0,0.9999954700469971,4.17284623521752e-10,2.0894358954137715e-07,3.3183343930431874e-06,1.8246668176402636e-08,9.516539876130992e-07,2.2480138583969023e-10
0,0.9999948740005493,4.549755683314061e-09,8.225143233175913e-07,1.9423300727794413e-06,1.2646235347801849e-07,2.280556600453565e-06,2.6620621262907207e-09
0,0.999996542930603,2.7635638222278658e-09,1.1608736940615927e-06,2.2316106651487644e-07,2.0224190322437607e-08,1.9910530681954697e-06,4.624233884698015e-09
0,0.9999865293502808,1.292512621375863e-07,9.834353477344848e-06,1.095771835935011e-06,7.824920089660736e-08,2.1906482743361266e-06,1.083055778394737e-07
0,0.9999721050262451,7.5676707638194785e-06,1.488980069552781e-05,3.3232795431104023e-06,4.5200840759207495e-07,4.5945941451464023e-07,1.2401311551002436e-06
0,0.9998356103897095,2.5586283300071955e-05,0.0001094242834369652,1.0495392416487448e-05,5.36072889190109e-07,1.1195863862667466e-06,1.7220398149220273e-05
0,0.9999792575836182,3.7506351873162203e-06,1.3442458111967426e-05,2.51046594712534e-06,2.528236677790119e-07,3.6035447692484013e-07,3.260991263687174e-07
0,0.9999916553497314,6.422366141123348e-07,4.09564654546557e-06,3.2388572890340583e-06,1.2619160827398446e-07,1.5179284673649818e-07,1.7469107049805643e-08
0,0.9999854564666748,8.305655114781985e-07,6.310964636213612e-06,7.0095857154228725e-06,2.395674414401583e-07,2.009867046126601e-07,1.178702113691088e-08
0,0.9999815225601196,1.5290401051970548e-06,1.143286772276042e-05,4.82859650219325e-06,2.7033516403207614e-07,4.6483276605613355e-07,4.9882284969271495e-08
0,0.999981164932251,8.574132266403467e-07,1.4464076230069622e-05,2.9161210477468558e-06,1.27099625046867e-07,2.9111347998878045e-07,1.414225465623531e-07
0,0.9999773502349854,1.0567233630354167e-06,1.0763488717202563e-05,9.740168934513349e-06,4.4296763235252e-07,2.919815074164944e-07,2.985626679219422e-07
0,0.9999756813049316,9.777832019608468e-07,1.8510852896724828e-05,4.18589706896455e-06,1.7082180647776113e-07,4.793110406353662e-07,7.605268592669745e-08
0,0.9998983144760132,8.514502951584291e-07,9.438422421226278e-05,4.403027560329065e-06,2.4384974040003726e-07,1.0529270184633788e-06,7.56702149828925e-07
0,0.9999703168869019,3.874819185512024e-07,2.356986624363344e-05,4.853838163398905e-06,1.2905972823773482e-07,4.589015816236497e-07,3.180240355504793e-07
0,0.9999902248382568,9.477656703893445e-08,6.934379143785918e-06,1.97639201360289e-06,6.306632371888554e-08,3.870017906137946e-07,2.141178470083105e-07
0,0.9999159574508667,3.736829228273564e-07,7.271768117789179e-05,9.088968909054529e-06,7.135020041459939e-08,1.4940005712560378e-06,2.7727730866899947e-07
0,0.9998846054077148,1.1161273505422287e-06,7.801387255312875e-05,2.9659562642336823e-05,4.532573427695752e-07,4.245294348947937e-06,1.798923790374829e-06
0,0.9999920129776001,1.128013416007434e-08,2.8184069833514513e-07,7.594601356686326e-06,1.6666338353843457e-07,3.2110829550902054e-08,1.605972599350025e-08
0,0.9999954700469971,2.304352442195068e-08,5.896957304685202e-07,3.722856718013645e-06,1.6436591465662787e-07,1.276932266591757e-07,3.518533020496761e-08
0,0.9999668598175049,6.023032597113342e-07,2.838863338183728e-06,2.6872010494116694e-05,2.4207929527619854e-06,1.5655541574233212e-07,2.847218070201052e-07
0,0.9999927282333374,1.8467561346824368e-07,3.0667927148897434e-06,3.1939912332745735e-06,1.0924942728252063e-07,2.593468195755122e-07,3.482949750832631e-07
0,0.9999902248382568,1.1995651050256129e-07,2.265553803226794e-06,6.634289093199186e-06,2.397613059201831e-07,3.317261416668771e-07,1.8832291459602857e-07
0,0.9999864101409912,5.475069428939605e-07,1.0454410812599235e-06,1.1278420060989447e-05,4.22231664742867e-07,9.299626668735073e-08,1.8487531860955642e-07
0,0.9999938011169434,4.921537879454263e-07,8.399439366257866e-07,4.516784429142717e-06,2.0007369982977252e-07,4.064642666889995e-08,1.1677353484174091e-07
0,0.9999949932098389,3.132446408926626e-07,6.509715717584186e-07,3.827815362456022e-06,1.1917077813450305e-07,3.9267110452101406e-08,3.2599057675497534e-08
0,0.9999936819076538,4.2128786503781157e-07,3.776814594402822e-07,4.917664227832574e-06,2.509938212824636e-07,3.2684621231737765e-08,3.6382317603056435e-07
0,0.9999915361404419,2.1758357604539924e-07,3.4858899766732065e-07,7.5082798502990045e-06,1.999019616505393e-07,3.416092653196756e-08,1.3092000017422833e-07
0,0.9999951124191284,2.9913229582234635e-07,1.9541539586498402e-07,4.176694801572012e-06,9.018727809007032e-08,2.823264466655928e-08,2.548880573272072e-08
0,0.9999809265136719,5.939019160905445e-07,2.9036172577434627e-07,1.7966323866858147e-05,1.0964309637984115e-07,1.7541641028628874e-08,7.217432340667074e-08
0,0.9999703168869019,4.443294301381684e-07,1.0058239752197551e-07,2.8908079912071116e-05,1.4422870719954517e-07,1.169449159732494e-08,1.1907366825880672e-07
0,0.9999772310256958,1.201391768290705e-07,5.236137923247952e-08,2.2206279027159326e-05,3.4357370282123156e-07,2.062252058010472e-08,5.6411668225564426e-08
0,0.9999691247940063,4.186485966783948e-07,1.7849414746251568e-07,2.9517843358917162e-05,5.926738708694756e-07,7.329438034275881e-08,7.196206297521712e-08
0,0.9999810457229614,8.48835441047413e-07,8.515881404491665e-07,1.6219817553064786e-05,2.3415684324845643e-07,1.2088517564734502e-07,6.857506491542154e-07
0,0.9999661445617676,2.3405242188800912e-07,3.981666054642119e-07,3.208007910870947e-05,4.0539640622228035e-07,2.6520805818108784e-07,5.612319000647403e-07
0,0.9999679327011108,3.422499617045105e-07,1.6948961274465546e-06,2.3844413590268232e-05,2.0673851963692869e-07,5.456275857795845e-07,5.441261237137951e-06
0,0.9999527931213379,8.857475108925428e-07,5.356989731808426e-06,3.75453892047517e-05,9.68140199120171e-08,4.971550993104756e-07,2.7458015665615676e-06
0,0.9999557733535767,1.41188380098356e-07,4.695537541010708e-07,4.316332706366666e-05,8.661528028142129e-08,1.0585740994883963e-07,1.9269437245839072e-07
0,0.9999134540557861,1.4004732520334073e-06,4.888992179985507e-07,8.13562874100171e-05,2.27605454483637e-07,5.296370275686968e-08,2.951550868601771e-06
0,0.9999748468399048,2.086849008264835e-06,5.608218245356511e-08,2.2277625248534605e-05,2.0277991552575259e-07,9.567848735514417e-09,5.62287311822729e-07
0,0.9999860525131226,3.0072845902395784e-07,5.413301096268697e-08,1.334558692178689e-05,9.179033355621868e-08,1.8550883496004644e-08,9.813240353651054e-08
0,0.9999686479568481,7.180706234066747e-07,7.945013180687965e-07,2.679930184967816e-05,2.0131578537530004e-07,5.4932950632746724e-08,2.7259086436970392e-06
0,0.9999830722808838,9.83854533842532e-07,6.078126943975803e-07,1.3796467101201415e-05,2.677013242191606e-07,4.034476219771932e-08,1.3568389931606362e-06
0,0.9999814033508301,2.0773652522620978e-06,2.6103015215994674e-07,1.5590987459290773e-05,3.1258622357199783e-07,2.639231766465855e-08,3.3816269251474296e-07
0,0.9999922513961792,1.7725526504364097e-06,1.4964494710056897e-07,3.249517476433539e-06,8.51249410516175e-07,3.7082845238956e-08,1.6994305269690813e-06
0,0.9999613761901855,1.2171464732091408e-05,6.655868673988152e-07,4.70058012069785e-06,1.0375149486208102e-06,9.604201522961375e-08,1.9995999537059106e-05
0,0.9999897480010986,4.7306511987699196e-06,1.7323991414741613e-06,3.016391247001593e-06,1.3702097589884943e-07,1.4776047407849546e-07,5.485712790687103e-07
0,0.9997617602348328,7.56563531467691e-05,1.5377902400359744e-06,2.4158794985851273e-05,1.751274226080568e-06,1.3167391443857923e-07,0.00013493480219040066
0,0.9998905658721924,1.3324348401511088e-05,7.768898626636656e-07,2.550200770201627e-05,4.2632456143110176e-07,5.953881299092245e-08,6.92723406245932e-05
0,0.9999372959136963,7.92192713561235e-06,4.029965566587634e-06,4.0520000766264275e-05,5.359852934816445e-07,1.0892982515997574e-07,9.72938141785562e-06
0,0.9999262094497681,1.693049125606194e-05,8.021547159842157e-07,4.5584121835418046e-05,9.112465590987995e-07,1.9071595858122237e-08,9.422061339137144e-06
0,0.9999762773513794,1.3683389852303662e-06,1.737203433549439e-06,1.990352939174045e-05,1.8375061472397647e-07,6.022167298169734e-08,4.3411202454990416e-07
0,0.9999808073043823,2.0379632132971892e-06,4.452312509783951e-07,1.6186791981454007e-05,3.865337703246041e-07,4.415084120523716e-08,9.783380505723471e-08
0,0.9998552799224854,1.518926865173853e-06,2.1487770140993234e-07,0.00014220026787370443,7.574074629701499e-07,2.6630527116822122e-08,4.897141892001855e-08
0,0.999880313873291,2.1015527806866885e-07,8.69206857601057e-08,0.0001185974688269198,6.839104571554344e-07,2.3822559924724374e-08,1.3147964494919506e-08
0,0.9999635219573975,2.568615400377894e-07,1.4436079709412297e-07,3.586496677598916e-05,2.5015944515871524e-07,4.643252893288263e-08,7.286503844738945e-09
0,0.9998980760574341,1.4893861361997551e-06,2.8249311867512006e-07,9.680683433543891e-05,3.1311499242292484e-06,1.6285815718219965e-07,2.77523017899739e-08
0,0.999913215637207,1.4872611018290627e-06,3.539390149853716e-07,8.093644282780588e-05,2.8593769911822164e-06,8.291229960377677e-07,3.8868776641720615e-07
0,0.9999758005142212,1.3884836107536103e-06,3.1041217596339266e-08,2.262969792354852e-05,1.735242989298058e-07,4.7324896002010064e-08,2.041335633862218e-08
0,0.9999667406082153,9.294731739828421e-07,4.618457083438443e-08,3.150840711896308e-05,2.3515514158134465e-07,4.474782500096808e-08,5.207530762163515e-07
0,0.999984622001648,1.0120933211510419e-06,1.159847329290642e-06,8.138935299939476e-06,1.1827656010154897e-07,1.9829312236652186e-07,4.785016699315747e-06
0,0.998977541923523,0.000391097943065688,1.7331394701614045e-06,0.00024279097851831466,1.4963559806346893e-05,2.7205214792047627e-07,0.0003716431383509189
0,0.9999606609344482,1.93861274055962e-06,2.2086783246777486e-06,3.0873339710524306e-05,3.3628813866926066e-07,8.308959422720363e-07,3.141812157991808e-06
0,0.9999101161956787,8.343715762748616e-07,1.593688466527965e-05,3.9106806070776656e-05,2.738402713475807e-07,1.877335125755053e-05,1.4952782294130884e-05
0,0.9999254941940308,2.1479063434526324e-06,1.2282641364436131e-05,4.4994587369728833e-05,7.895612839092792e-07,1.2679448445851449e-05,1.5030568647489417e-06
0,0.9999862909317017,2.659418214534526e-07,2.635567398101557e-06,3.6822798392677214e-06,1.1884809225648496e-07,6.996715001150733e-06,4.315144863653586e-08
0,0.9999904632568359,1.9892198110937898e-07,2.3299490692352265e-07,7.031688710412709e-06,2.0383609466989583e-07,1.7988826357395737e-06,2.1430615504414163e-08
0,0.9999902248382568,9.315342595073162e-07,1.1728842252978211e-07,7.561350685136858e-06,3.5177583868062356e-07,7.846699077163066e-07,1.7244925487602814e-08
0,0.9999924898147583,1.1387643326088437e-06,4.339882195836253e-07,4.148427706240909e-06,3.1414671752827417e-07,1.3369487987802131e-06,3.8045175898560046e-08
0,0.9999829530715942,4.6187346924853045e-06,1.0681654885047465e-06,7.3958585744549055e-06,8.580291250837035e-07,2.844703203663812e-06,2.6220268978249806e-07
0,0.9999356269836426,1.1576174983929377e-05,2.359778136451496e-06,4.140016972087324e-05,2.3803097519703442e-06,6.030043095961446e-06,5.878793558622419e-07
0,0.9999604225158691,1.8135377104044892e-05,9.913150051943376e-07,8.034488928387873e-06,3.0333658287418075e-06,9.029353350342717e-06,4.916931288789783e-07
0,0.9998642206192017,5.416528074420057e-05,9.076307492250635e-07,6.335613579722121e-05,8.66175105329603e-06,5.910801974096103e-06,2.6836742108571343e-06
0,0.9997912049293518,0.00010596477659419179,2.892375960072968e-06,3.093426857958548e-05,1.847127168730367e-05,4.470685598789714e-05,5.7742931858228985e-06
0,0.9997723698616028,0.00020787639368791133,1.5633708017048775e-06,4.851998255617218e-06,6.562086582562188e-06,6.096166998759145e-06,6.905697773618158e-07
0,0.9995176792144775,0.00046234746696427464,1.900000597743201e-06,3.015910579051706e-06,8.731663001526613e-06,5.473163128044689e-06,8.186480613403546e-07
1,3.41015838785097e-05,0.9994550347328186,2.244472341317305e-07,9.159074920717103e-07,2.2741726297681453e-06,6.6418102129262024e-09,0.000507390359416604
1,0.0010959309292957187,0.998457670211792,1.2158697018094244e-06,5.579713615588844e-06,8.756620673011639e-07,1.1905653352073386e-08,0.0004387054650578648
1,5.173917816136964e-05,0.9998568296432495,4.22295534008299e-06,1.0712062703532865e-06,6.847809430610141e-08,1.2433452489801766e-08,8.608583448221907e-05
1,0.00018490877118892968,0.9997729659080505,1.8007103790296242e-06,3.4596033060552145e-07,1.0279348572339586e-07,1.552150941108721e-08,3.988667958765291e-05
1,6.931345706107095e-05,0.9997515082359314,7.534258656960446e-07,6.164419801280019e-07,3.3141692057370165e-08,7.528259793332381e-09,0.00017784717783797532
1,4.99320485687349e-05,0.9999138116836548,1.2537983593574609e-06,2.595579076114518e-07,3.4540292404017237e-08,7.06050284904336e-09,3.470957381068729e-05
1,9.839822450885549e-05,0.9998192191123962,5.197849986871006e-06,9.671641691966215e-07,1.1554081424947071e-07,2.595262849069968e-08,7.613567140651867e-05
1,2.625823617563583e-05,0.9999611377716064,2.283257174440223e-07,1.8746560215276986e-07,3.0594335953537666e-08,3.947549842564513e-09,1.2085788512194995e-05
1,0.0004809161473531276,0.9994961023330688,4.733524860967009e-07,7.284925231942907e-07,2.0812807122183585e-07,7.531765433554938e-09,2.1519892470678315e-05
1,0.0002800195070449263,0.9996274709701538,1.7453139662393369e-06,9.29737143451348e-06,4.799137514055474e-07,9.534889322537765e-09,8.092095231404528e-05
1,0.0001684703747741878,0.9997994303703308,8.802966817711422e-07,2.8427411962184124e-06,1.6738896135848336e-07,3.77289799402547e-09,2.816956111928448e-05
1,2.857236540876329e-05,0.9999525547027588,3.472747209798399e-07,9.482087648393644e-07,1.194219123590301e-07,1.1914151887282287e-09,1.744943619996775e-05
1,1.474018699809676e-05,0.9999802112579346,4.7884142873044766e-08,2.1678430073279742e-07,1.2876252242222108e-07,1.6595522178697308e-10,4.58093518318492e-06
1,7.597075182275148e-07,0.9999940395355225,3.4032048290555394e-08,9.526736732823338e-08,2.4825162370234466e-08,3.234917542171978e-11,5.001199497201014e-06
1,2.5512144929962233e-06,0.9999947547912598,1.4206548826223298e-07,1.314566446808385e-07,2.728406123253535e-08,1.233706470316065e-10,2.4094019863696303e-06
1,4.1795993865889614e-07,0.9999983310699463,1.080986109514015e-07,1.1648321418533669e-07,2.3570894569502343e-08,5.273777248238076e-11,1.0470520237504388e-06
1,3.3890864870045334e-06,0.9999899864196777,2.539537433676742e-07,1.5859086488489993e-07,9.037054837790492e-08,1.9797453953973587e-10,6.216315341589507e-06
1,7.179109502430947e-07,0.9999932050704956,2.0420293012080037e-08,2.9401633128145477e-08,3.178595520125782e-08,2.821036980404923e-11,5.995605079078814e-06
1,7.16075909679148e-09,0.9999983310699463,7.200645057992006e-08,4.950783338841802e-09,3.2503975067044166e-09,7.510632393792349e-11,1.64465404850489e-06
1,7.945745750248534e-08,0.9999803304672241,1.4621170407735917e-07,1.593700034163703e-07,7.127862033939891e-08,2.1503585023729954e-10,1.9302944565424696e-05
1,3.5587129332270706e-07,0.9999799728393555,1.0837884900638528e-07,4.1686806895313566e-08,6.36920916008421e-08,1.7090766302185756e-10,1.9545028408174403e-05
1,1.6784780427769874e-06,0.9999929666519165,2.139194155148516e-09,1.4174508677911035e-08,4.557071164867921e-08,9.275647958051358e-12,5.2739528655365575e-06
1,4.4186160153003584e-07,0.999993085861206,2.121923747822052e-09,8.501264581184387e-09,3.033262174767515e-08,1.3862124122188124e-11,6.427555490517989e-06
1,1.5296056687930104e-07,0.9999971389770508,3.090148692486139e-10,8.020118791307596e-09,2.8730518408792705e-08,6.404414758937049e-12,2.697765467019053e-06
1,9.707755452836864e-06,0.9999836683273315,3.2163427476916695e-10,4.684328303028451e-08,4.3329666254976473e-07,8.411670665564586e-12,6.152684818516718e-06
1,3.745451977010816e-05,0.9999576807022095,2.1351851398065946e-09,8.75886456697117e-08,5.614556926047953e-07,3.572309115185135e-11,4.174105924903415e-06
1,3.582811405067332e-05,0.9999567270278931,9.309403248281001e-10,8.172938237294147e-08,5.359497095014376e-07,3.194245909443616e-11,6.737054263794562e-06
1,1.1211334822291974e-05,0.9999847412109375,4.1570169528881706e-10,1.137015388508189e-07,3.6335634945316997e-07,1.2918052912092026e-11,3.508450390654616e-06
1,1.9878099919878878e-05,0.999976634979248,3.70932645710198e-10,7.309152749712666e-08,2.4043097823778226e-07,2.1542493483517333e-11,3.1176648462860612e-06
1,7.966130397107918e-06,0.99998939037323,1.4211883059278563e-10,5.313427919872993e-08,3.130421646346804e-07,1.9013022059533036e-11,2.274043708894169e-06
1,3.978225322498474e-06,0.9999936819076538,3.493313416313981e-10,7.457806106003773e-08,9.553240261084284e-07,2.2341389849245274e-10,1.2797078170478926e-06
1,1.5835656768103945e-06,0.9999966621398926,1.0616894169368507e-10,2.6126661722969402e-08,5.316824740475568e-07,7.430626253190908e-11,1.2806846143575967e-06
1,1.3740145732299425e-06,0.999996542930603,2.0814161505455786e-10,2.1886130241455248e-08,3.2115246995090274e-07,7.607649926688609e-11,1.7740131852406194e-06
1,2.7977719128102763e-06,0.9999920129776001,4.6487771965253444e-10,7.510310240377294e-08,6.734699695698509e-07,1.4995957253738368e-10,4.366697794466745e-06
1,7.890497727203183e-06,0.99998939037323,1.1124530185924186e-09,3.2286880724541334e-08,8.569518854528724e-07,3.573344120599842e-10,1.9080569018115057e-06
1,3.3705164241837338e-06,0.9999945163726807,5.904168265402632e-10,3.072964105399478e-08,6.09771007020754e-07,1.4872116038677774e-10,1.4578416767108138e-06
1,2.387853101026849e-06,0.9999963045120239,2.614721494875738e-10,1.2008469774116293e-08,4.969653559783183e-07,1.028382656809157e-10,8.283944339382288e-07
1,3.47298419001163e-06,0.9999926090240479,3.2910943414954374e-10,1.0722624566028571e-08,2.4046635189733934e-06,3.913425972168483e-10,1.5420654335684958e-06
1,3.2682737582945265e-06,0.9999951124191284,4.811772091883881e-10,1.0152350071734872e-08,6.265535716920567e-07,2.054517250771326e-10,9.56423946263385e-07
1,8.418576271651546e-07,0.9999959468841553,1.3642260932034134e-10,3.1742100059517497e-09,2.316146350267445e-07,4.622700486289766e-11,3.0332391816045856e-06
1,1.5249609930378938e-07,0.9999953508377075,1.9850873722582207e-10,4.228700944963748e-09,9.605479789343008e-08,2.9899142189870886e-11,4.354373686510371e-06
1,1.231886841424057e-07,0.9999972581863403,1.3734023640576964e-10,1.0423416574312228e-09,2.657595210564523e-08,5.6809717520478475e-12,2.6020231871370925e-06
1,5.610774422848408e-08,0.9999994039535522,2.4809683821236383e-11,2.898185857969082e-10,3.747286925204207e-09,1.4896900987076966e-12,4.810680707123538e-07
1,5.2091102986651094e-08,0.9999995231628418,3.082061342252196e-11,3.466095743753783e-10,5.288535387393267e-09,1.5227821174162992e-12,4.549508219042764e-07
1,6.329045021402635e-08,0.9999995231628418,9.651252019793333e-11,4.506513495705633e-10,8.386328964604672e-09,2.162423885787579e-12,4.578954815315228e-07
1,3.287282268615854e-08,0.9999997615814209,2.1451637341463048e-11,1.0386347337743018e-10,5.719166473738824e-09,7.798899330155318e-13,2.581441833626741e-07
1,7.332794638159612e-08,0.9999977350234985,5.157623633733621e-11,1.4768564149392205e-10,1.7023642939761885e-08,5.226496752747112e-12,2.1758480670541758e-06
1,8.959749919768001e-08,0.9999897480010986,5.359192603582308e-11,2.968504886347034e-10,7.946926672275367e-08,1.172377993297058e-11,1.0113936696143355e-05
1,1.2198222520964919e-07,0.9999897480010986,4.486170046558158e-10,3.3147282141321455e-10,1.3761420802893554e-07,2.5070740622412657e-11,1.0039048902399372e-05
1,2.3016160088928928e-09,0.9999997615814209,1.2971126993679971e-12,8.939867075785646e-12,5.652729839766835e-09,1.8440743452651648e-13,1.796677935317348e-07
1,4.568133871174496e-09,0.9999996423721313,8.772137530255186e-12,4.6133281222937583e-11,3.629765821244746e-09,1.1344255613013332e-12,3.123165868146316e-07
1,5.748977960351453e-10,1.0,1.8019418422665634e-12,6.554647449807938e-12,1.1219450923860563e-09,2.278370905568067e-13,4.465211844717487e-08
1,2.125519094064998e-09,1.0,2.750338802190444e-12,1.0530123648044842e-11,1.2564542739568196e-09,1.821704408416086e-13,2.2922728604157783e-08
1,9.156524982678604e-10,1.0,1.378761579733101e-12,1.792379265841415e-11,4.03108124658047e-09,1.283821004149574e-13,2.5098355393993188e-08
1,1.6466769059420017e-09,0.9999998807907104,4.323474304263053e-12,4.3096366753037074e-11,8.380847127398283e-09,4.600767466653166e-13,7.015886183125986e-08
1,1.6974871508423917e-09,0.9999997615814209,7.844913087196037e-12,5.6741555898298657e-11,1.0751248780138667e-08,7.330692585079401e-13,2.675937196272571e-07
1,6.174109756784674e-08,0.999995231628418,1.6107010170074432e-09,7.545892799498688e-10,6.187749335140325e-08,5.829398769252592e-11,4.622630058292998e-06
1,1.618552225579606e-08,0.9999840259552002,9.685129365166745e-10,2.0912640508186087e-09,1.1847032510559075e-07,9.26022591940523e-11,1.5779185559949838e-05
6,8.25933454962069e-08,0.0007324795587919652,1.6988237483417379e-09,5.199277453016293e-09,5.481758194036956e-07,2.338244087241037e-08,0.9992669224739075
6,1.617715810198206e-07,3.133689460810274e-05,1.503983493300609e-09,3.4995888409383724e-09,1.4658550639978785e-07,1.2884124878098646e-08,0.9999682903289795
6,6.671422880799582e-08,1.2792430652552866e-06,1.2527912041093714e-09,9.902305642128795e-10,5.388388046867476e-08,2.2570583624315077e-08,0.9999985694885254
6,8.061807887926875e-10,1.5047779911014914e-08,7.87087825471211e-11,1.3522991060277434e-10,1.1589806447886986e-08,9.479769857989595e-09,1.0
6,1.8094932496826033e-10,1.301642266193781e-10,1.734431608751974e-12,1.0124190548410628e-11,1.3680346633293539e-08,2.607202675974918e-09,1.0
6,8.747038093837034e-10,6.297323773551966e-10,1.4107374123051297e-11,4.0284407754054286e-11,2.8042315136644902e-08,1.0407141814994247e-08,1.0
6,7.483846875544486e-11,6.908102128527771e-12,6.348932339063362e-13,1.490879988907956e-11,1.4006977799851938e-09,7.450935424202498e-10,1.0
6,7.227629605921493e-11,4.061313785275189e-11,1.8550965884961412e-12,3.1739413181020026e-11,6.351464243437022e-09,2.0908823561427425e-09,1.0
6,3.481194846277624e-11,3.673194734488128e-11,4.876389006133741e-13,1.701904589479497e-11,7.368319732137252e-09,1.332073451543181e-09,1.0
6,5.928540991462228e-10,3.0570296294385457e-10,9.840741936606445e-12,1.7397942808639044e-10,1.2241647695532265e-08,7.938718127320499e-09,1.0
6,3.4925559666554307e-10,1.3850492974754047e-10,4.8630817255090886e-12,7.758700626414594e-11,4.782336304742785e-09,2.696344036934306e-09,1.0
6,1.8386803191106083e-09,7.72438946139431e-10,5.322270402174922e-11,2.1387756843349592e-10,3.4632858358918384e-08,1.5634745054171617e-08,1.0
6,1.1802282484651982e-09,3.6485342524983366e-10,2.8474042568227276e-11,1.5470656700156127e-10,3.001875370500784e-08,1.665656412797034e-08,1.0
6,1.105969649195515e-09,2.5840418693690026e-10,2.032500383275515e-11,1.1478345357529562e-10,1.905416802117088e-08,1.0889254831170092e-08,1.0
6,1.4003692649922073e-09,1.5405883235786177e-09,2.6416386439409578e-11,1.7153714559903221e-10,4.712121537409075e-08,1.8469940243903693e-08,1.0
6,1.2041190267098045e-09,9.739784534446017e-10,1.968926237327917e-11,1.685285661023883e-10,6.875542624129594e-08,2.5465455522066804e-08,0.9999998807907104
6,1.7330908930190958e-10,1.945993588492456e-09,6.027641927253136e-12,1.6643400546634268e-10,2.5036630546537708e-08,7.242043409405596e-09,1.0
6,9.627337121953516e-11,1.9144162644035845e-10,2.965255645193121e-12,1.454612125195709e-10,8.043994803585974e-09,5.006332681745107e-09,1.0
6,9.580547292997732e-12,3.786138416672635e-11,1.9629848961588703e-13,1.7536427171505053e-11,4.503072581485412e-09,3.9657224726319384e-10,1.0
6,1.358461346884221e-11,3.7759431692485634e-10,1.7878304088905783e-12,8.781151500381057e-11,3.4565525997010127e-09,1.3342450477793477e-09,1.0
6,4.129915159856168e-11,1.604394672671816e-10,9.28601054557554e-13,1.2280924888141698e-10,5.235106570466996e-09,8.358095882066152e-10,1.0
6,2.5295213840204056e-11,9.154533797683939e-10,8.370877775665253e-13,2.4767962680805056e-10,4.622785709784694e-09,3.4787742131392463e-10,1.0
6,1.2732709331331193e-10,1.729262244509755e-08,8.434153549174983e-12,2.2233479501920783e-09,1.210586617617082e-07,1.686263906286456e-09,0.9999998807907104
6,5.7844909417958945e-11,6.6001577536667355e-09,7.825964702667942e-12,2.6840243361192506e-09,6.55071019650677e-08,2.3626283152111682e-09,0.9999998807907104
6,2.562836609598662e-10,1.2129062199051077e-08,1.1774548003273821e-10,2.3295059214945013e-09,3.696873136505019e-07,1.792453119264792e-08,0.9999996423721313
6,1.0482369833253458e-10,7.164031590178865e-09,3.416876503958832e-11,3.281628302431727e-09,5.759168857366603e-07,1.4348361609961557e-08,0.9999994039535522
6,3.7833292054756384e-11,9.174090931374224e-10,4.842698290985492e-12,7.289085446338106e-10,2.749222858255962e-07,3.204143839141693e-09,0.9999997615814209
6,4.692317714938277e-12,7.671941415487993e-10,1.1370861934326126e-12,2.1047015519304324e-10,3.736770892714958e-08,6.903604354846493e-10,1.0
6,4.301974401710318e-11,4.265934272495997e-10,7.255318307947123e-12,6.585856859864236e-10,6.697273846612006e-08,8.954859631593592e-10,0.9999998807907104
6,1.8342571385387973e-12,3.0115815397024903e-10,3.9301745993931825e-13,3.83044707064073e-11,3.0601597700297134e-08,1.2677023319973557e-10,1.0
6,2.313715896391094e-13,2.2880901340283089e-10,1.6139712721678634e-13,3.8553604753133186e-11,2.9018025315963314e-08,1.8182705341374117e-10,1.0
6,4.679061500235948e-13,1.5795328933698727e-10,2.640880136101087e-13,1.2753734179860032e-10,1.8862413853071303e-08,1.764295654016479e-10,1.0
6,2.7076882402887748e-12,3.06033726138466e-10,5.648561479665304e-12,5.770774413882407e-10,1.1938499255848e-07,1.4287570015980577e-09,0.9999998807907104
6,3.5570426270246924e-13,3.838762988039868e-11,3.7589861236718425e-13,1.2241145597169378e-10,4.120621355241383e-08,3.3431443724474263e-10,1.0
6,1.2911246507693597e-12,1.0439456243904743e-10,8.550692705971974e-13,1.8359316844573925e-10,6.230187210576332e-08,5.69386870985511e-10,0.9999998807907104
6,1.2736534917012765e-12,5.233772790158575e-11,7.796803567355903e-13,3.2431801688659334e-10,3.468303333420408e-08,2.828083045525176e-10,1.0
6,2.5663751180605987e-13,2.790387365614322e-11,4.3308489661251365e-14,1.6232232225021903e-10,2.04835770567513e-09,4.3310043051913993e-11,1.0
6,2.7097226372452266e-13,2.001050540545446e-11,4.483162091887226e-14,1.0378289894141801e-10,5.150837978362688e-09,6.256567486317977e-11,1.0
6,2.2332550847666e-13,4.0447860338854724e-11,3.783880150941103e-14,3.5620045801820766e-10,4.015549226465964e-09,8.956274610838477e-11,1.0
6,6.035561725967545e-14,1.3095630482795606e-11,1.5011128055636078e-14,3.697672723568246e-10,2.442895219445518e-09,3.0531296241198547e-11,1.0
6,6.945051088044774e-13,1.471923624651872e-11,5.5174970630756173e-14,7.401431689757487e-10,4.991991708891419e-09,3.910505599891145e-11,1.0
6,6.816540333489524e-14,5.896069223132461e-12,5.860227938764978e-15,9.04770425247392e-11,3.6703060590781433e-09,2.579495471388693e-11,1.0
6,6.574461027669676e-14,8.332885163137016e-13,6.0223347982764006e-15,8.541167079156864e-11,1.756121581486525e-09,2.399905274508285e-11,1.0
6,1.1943314989337067e-13,1.4543222312188298e-12,1.74600731008695e-14,9.680126838995662e-11,9.759371089046454e-09,6.755382364609375e-11,1.0
6,1.0062133418142771e-13,1.1153227863838766e-12,6.256577948191315e-15,2.2312190983697633e-10,9.610614526422978e-09,4.4391521708542214e-11,1.0
6,1.222537696077275e-13,2.1019754947032565e-12,4.305479482321923e-15,5.399779512416103e-10,1.9528993533413086e-08,2.6886534665315764e-11,1.0
6,1.1398804263765966e-13,2.1457852855677473e-12,1.3469548420423985e-14,5.840180006266849e-10,4.4258241516104135e-09,3.656153504949522e-11,1.0
6,2.0322387165021966e-13,1.5662710928579515e-12,1.0307762469637972e-14,1.8092041198514153e-09,5.14319076216907e-09,2.808423979483443e-11,1.0
6,2.69039998612719e-13,2.623966148529444e-12,9.914276702122776e-15,2.371414176138842e-09,1.67714251375628e-08,2.957953326720997e-11,1.0
6,3.2471987880706987e-13,2.5414555442776487e-12,5.4479537099302606e-15,1.9847268273309737e-09,1.7333768198568578e-08,1.7138662017357476e-11,1.0
6,5.999514036611475e-13,3.320840130660585e-12,1.0983444039794517e-14,8.720920874338844e-09,2.6165098532260345e-08,9.852992033376751e-11,1.0
6,3.1919944118441457e-12,3.483337967027933e-12,2.981887333624103e-14,1.561397233729167e-08,1.3844331192558457e-07,9.2855984012985e-10,0.9999998807907104
6,4.103059038362833e-13,4.604410928053804e-13,1.8348078725848385e-14,1.2876001376227464e-09,2.45069364801509e-09,1.4551837512755128e-10,1.0
6,4.010542711731929e-13,5.298755141255884e-13,2.0836475177633124e-14,1.7468576585244477e-09,4.417980647986042e-09,1.1016678541642122e-10,1.0
6,3.71103328459816e-14,4.676714744633603e-13,7.248453344137643e-17,6.124096368909093e-11,4.868778269440099e-09,1.356860370588242e-12,1.0
6,4.461190802624443e-13,1.6870110993924547e-12,9.590460241552193e-15,1.4724108599040164e-09,7.082881836595334e-09,1.660838133688003e-11,1.0
6,4.911118712223883e-14,7.571579539560058e-13,2.3577954062629133e-15,1.2455443620940088e-10,2.807452048614323e-09,5.48392971658207e-12,1.0
6,6.394043280955053e-13,8.056250111465602e-12,7.125289263774578e-14,6.811914365911775e-10,1.1834748292471886e-08,9.713746300377135e-12,1.0
6,3.583544661641021e-14,2.1618518607213755e-12,3.442329192147268e-16,4.564662016426357e-12,1.334402810471147e-09,5.765650001703093e-13,1.0
6,6.898551974560772e-17,5.246691210832044e-13,1.2808044959231532e-18,1.5078763636474334e-14,4.2499982699784056e-11,1.0822280774986336e-14,1.0
6,3.762417860716984e-15,8.187770773881997e-12,1.489823586176805e-17,1.065810525772981e-12,1.6256676560466587e-10,1.1083875381097744e-13,1.0
6,1.0182933530135212e-14,2.3865855472426922e-11,3.2190506719763238e-15,2.7388705886588482e-11,1.5445625334287172e-10,2.9508290342455945e-12,1.0
6,3.3483811680772675e-15,6.148774523394296e-13,2.822491657170252e-16,9.811804146941938e-12,1.129435642233112e-10,5.226156421685169e-13,1.0
6,2.671007490789905e-16,9.003979880477589e-14,6.761742256944912e-17,1.2034536778574023e-12,2.555056166642089e-11,2.392494297294434e-13,1.0
6,8.968876802264297e-14,3.028276631192317e-12,4.0734699582889184e-15,1.0358276736344152e-10,9.87003812014109e-10,1.3673405940481387e-12,1.0
6,1.9263347861286917e-10,6.223338511190946e-10,6.674064079170705e-12,6.754034220790572e-09,2.2764746177017514e-07,1.8837006954264268e-10,0.9999997615814209
6,4.842721224029845e-10,1.0841705311293026e-09,5.546858805605126e-11,3.2934508453763556e-08,3.8520852285728324e-07,2.3774854307490045e-10,0.9999996423721313
6,8.075072277513584e-10,1.7357774106940838e-09,3.417490596069328e-11,3.7930025342802764e-08,2.5830624394984625e-07,3.826614303203968e-10,0.9999997615814209
6,1.5569641409474144e-10,9.008977452928946e-10,1.1590426535201814e-11,1.1183603376707651e-08,1.9929809980112623e-07,3.4017996752844226e-10,0.9999997615814209
6,6.680678787951422e-10,2.1023180973855915e-09,3.087562150394518e-11,2.5144771598206717e-08,6.548493161062652e-07,1.5726396851434288e-09,0.9999994039535522
6,2.9119889832784907e-10,1.921846903840674e-09,4.228222286184469e-11,2.713043301127982e-08,4.3116048686897557e-07,2.4550668165090883e-09,0.9999995231628418
6,8.090916825409522e-11,4.1704617537163813e-10,2.7077926706420286e-11,1.301084928684304e-08,1.37326523486081e-07,1.3006823396111145e-09,0.9999998807907104
6,1.4875891629628768e-09,3.136086945687566e-09,9.7644801966279e-11,3.442629861183377e-07,1.631834493309725e-06,4.9829922410538074e-09,0.9999979734420776
6,7.060050322138522e-10,7.524549872073294e-10,5.530997881919575e-11,7.828764836403934e-08,8.649730034449021e-07,1.3538062226814418e-08,0.9999990463256836
6,2.855895797626573e-10,5.00154750948667e-10,6.078987313529183e-11,6.759811554957196e-08,1.0419499574254587e-07,6.28687280013196e-09,0.9999997615814209
6,3.415666915973503e-10,9.732055161748576e-10,5.827756333065537e-11,1.3823178335314878e-07,3.064084523884958e-07,8.558114217294133e-09,0.9999995231628418
6,3.1827800811567997e-11,2.389478892528274e-10,1.1140562430900225e-11,1.7487755243905667e-08,4.7457469065648183e-08,2.5040867157599678e-09,1.0
6,2.166149204452239e-11,4.5184522790009396e-10,7.068918367325594e-11,5.774842648520462e-08,7.961146053503398e-08,1.5245031903532436e-08,0.9999997615814209
6,1.6820032866515788e-10,8.967112608004868e-10,1.373625518885646e-10,1.776845408585359e-07,9.551115454087267e-08,1.9612675927760392e-08,0.9999996423721313
6,2.4566398915126797e-10,1.3157204215019647e-09,8.603691648012557e-10,1.3129553622093226e-07,8.888282110319778e-08,1.4053630081889423e-07,0.9999996423721313
6,9.605050088623557e-10,1.7861745416070107e-10,2.4167963186272345e-09,1.3582143765233923e-07,9.289890101626952e-08,4.359911258688953e-07,0.9999992847442627
6,8.029579223745031e-10,1.286774159448001e-10,4.4773415530663385e-10,1.7204186519848008e-08,2.195866244392164e-08,2.9099672360644036e-07,0.9999996423721313
6,2.253994768608436e-09,6.502716420886401e-11,8.810875362641468e-10,2.3095836354514176e-08,1.0475359246697735e-08,1.0346705039410153e-06,0.999998927116394
6,1.612796651784265e-08,6.198201951690407e-10,6.057662371716788e-09,2.4290838496199285e-07,1.2170295349278604e-07,9.28450117498869e-06,0.9999903440475464
6,1.1308704728207886e-07,1.1304703839698504e-09,2.523986886160401e-08,1.1370573105295989e-07,3.035325235600794e-08,7.79057063482469e-06,0.9999920129776001
6,8.199180001611239e-07,3.70068908850385e-09,6.07123666895859e-08,2.0931520339217968e-07,7.467549778539251e-08,9.652657354308758e-06,0.9999890327453613
6,2.2136181598853e-07,8.201522128103989e-09,2.0463982508545087e-08,9.46434610682445e-08,3.7316926437824804e-08,1.5441592040588148e-06,0.9999980926513672
6,1.4834841799427068e-08,2.1280868178763512e-09,2.8514721694961054e-09,1.1519617260091763e-07,9.194167649440033e-10,2.693605161141477e-08,0.9999998807907104
6,4.6068338033222744e-10,5.265576863422439e-10,6.751607606325649e-11,1.457674247973273e-08,5.108439019019251e-11,7.010221292347296e-10,1.0
6,9.619095103774455e-11,1.79036424574619e-10,1.4287367296195175e-11,9.769312026008947e-10,4.929370106543374e-11,5.648859158213781e-10,1.0
6,5.642599928967762e-11,1.5222935412229077e-10,1.497463264499288e-11,1.8473383933681475e-09,2.4105864526724474e-10,9.45086120474059e-10,1.0
6,4.223841554296115e-10,4.238537576473078e-10,1.0326654115155876e-10,1.0198241362502358e-08,1.6055649032509223e-09,1.779020486480931e-08,1.0
6,4.480992910060877e-09,5.0846566956863626e-09,1.3293168787953391e-09,3.418565341917201e-08,1.0827185370487769e-08,1.3216616423505911e-07,0.9999998807907104
6,6.163354826504985e-10,3.0079774226976497e-09,6.259159857080476e-10,3.591294017724067e-08,7.535259527458038e-09,4.809285769624694e-08,0.9999998807907104
6,1.401467164541259e-09,3.902127065913419e-09,8.237417969958472e-10,7.17400681082836e-08,1.0395456051526253e-08,4.651851881476432e-08,0.9999998807907104
6,1.0189476866429015e-11,4.078858431566523e-11,4.293725531373527e-12,1.864677523499836e-09,1.7385171080519513e-10,1.2458183373809106e-09,1.0
6,7.033414128887472e-11,1.87898224757177e-10,3.7607039010678633e-11,2.8357329817652044e-09,4.87831330886479e-10,6.321154266686335e-09,1.0
6,4.468076256203268e-11,1.417445882889723e-10,1.377046133371751e-11,2.1690624851800067e-09,2.1878922285001323e-10,2.431956191983886e-09,1.0
6,7.111605970777646e-09,8.326751732568027e-09,1.2322199927083943e-09,1.7700837418033188e-07,4.824727284358232e-09,2.146116528933817e-08,0.9999997615814209
6,2.2167423452401636e-09,1.4276565485360493e-09,6.135311148014466e-10,2.3348544431200935e-08,2.896310080657827e-09,5.303541072976259e-08,0.9999998807907104
6,4.530069208641407e-09,7.750038832909922e-09,3.818529936694404e-09,2.647471717409644e-07,7.930860412841412e-09,6.989890977138202e-08,0.9999996423721313
6,4.2316952719723133e-10,8.446783827942284e-10,4.701118938577054e-10,3.6161488026209554e-08,1.428697049554728e-09,3.2282844841802216e-08,0.9999998807907104
6,8.66751892480977e-10,1.4493010125349315e-09,7.424051928772712e-10,5.9214155356812626e-08,1.5292348498618935e-09,6.814896380546998e-08,0.9999998807907104
6,5.908582512148541e-10,4.0898912034847967e-10,2.836272050554811e-10,5.153709636829262e-08,3.449306118508133e-10,1.2131077475885377e-08,0.9999998807907104
6,8.609521984226376e-10,4.901218320085832e-10,5.05076536150284e-10,9.634826625415371e-08,4.727951918859219e-10,1.8991432426673782e-08,0.9999998807907104
6,2.2586182923944875e-10,2.1596038846105614e-10,1.761115142606684e-10,3.6691950811018614e-08,6.980134803491467e-10,1.8426835168838807e-08,1.0
6,2.1632726165954352e-10,3.821793159719533e-10,9.033722103701791e-10,3.072283050187252e-08,3.561113903760571e-10,3.568481687921121e-08,0.9999998807907104
6,3.196896969370755e-09,4.440009693240654e-09,1.295552287672308e-08,4.051652808811923e-07,2.5355222366130192e-09,1.0892621560287807e-07,0.9999995231628418
