3,1.3928936368756695e-06,5.88462910400267e-07,1.388762549403566e-09,0.6495311856269836,7.960529183037579e-05,6.220744239726628e-07,0.3503865897655487
6,1.9963072972473128e-08,1.5422852328583758e-08,3.591829958460302e-11,0.0005513529758900404,1.679343199612049e-06,2.7610296271518564e-08,0.9994469285011292
6,1.5826045335343153e-11,2.626610560996223e-11,1.6873380134525134e-13,4.1285360907750146e-07,9.076933094043227e-10,6.041353528551952e-10,0.9999996423721313
6,8.936948403537315e-12,3.1694614380933794e-12,1.0633282313465484e-13,5.342620283954602e-07,4.810655762632621e-10,6.310366673645262e-10,0.9999995231628418
6,3.1298553158920495e-12,5.109945452885789e-12,1.2291261216289262e-13,2.273348371772954e-07,4.5192369291235934e-10,8.036444287817801e-10,0.9999997615814209
6,1.797390253126252e-12,2.2387365399001435e-12,5.230581254038989e-14,2.7441611649692277e-08,6.16017070687036e-10,4.151098353943894e-10,1.0
6,8.555754195394005e-12,1.8611683375024946e-11,4.83001280030676e-13,1.7279904795941547e-07,1.4056031893971976e-09,1.0079306278498734e-09,0.9999998807907104
6,6.051924586469859e-12,2.712662212911443e-11,3.1855277421964645e-13,1.0138296602235641e-07,2.668633536373477e-09,9.178170445878209e-10,0.9999998807907104
6,7.122357716625449e-13,6.373299023948453e-12,3.893010520612632e-14,4.206022552466493e-08,6.637599914149916e-10,2.4054699898634624e-10,1.0
6,1.307904956213135e-12,2.9560230131731036e-12,4.2332453596130235e-14,2.9324207062586538e-08,9.312150495155436e-10,5.774287159532321e-10,1.0
6,4.125267835664026e-12,1.7032682556039624e-11,1.7657773301264085e-13,5.937758373875113e-08,2.4822359723231102e-09,8.765024261947474e-10,0.9999998807907104
6,7.790727264700426e-12,8.416820018730675e-11,4.764318280170432e-13,3.041666474246085e-08,5.940610670052138e-09,2.164314061303685e-09,1.0
6,9.446377057312216e-13,7.850333230696727e-12,1.1113978254416804e-13,9.048592986005133e-09,7.185311790003368e-10,5.734019370429166e-10,1.0
6,1.178456095728142e-12,3.33354663317742e-11,3.37648772873525e-13,5.103623301749849e-09,2.596661552445312e-09,1.801295224090893e-09,1.0
6,3.644022204211256e-13,5.389610632788866e-11,9.077316670677224e-14,7.498056397992059e-09,6.996172974282899e-09,7.428217485561106e-10,1.0
6,5.975451795696418e-13,1.1527067494965237e-11,3.007878370204012e-14,3.0688964702818566e-09,2.4301245460378595e-09,1.9253873495550522e-10,1.0
6,3.6861681242117417e-13,6.147569432679578e-12,3.434528188109645e-14,3.1943629963393505e-09,7.370621335489602e-10,3.7697617250032067e-10,1.0
6,7.829753013478824e-13,5.907393931664506e-12,5.845116193359604e-14,1.7354709669348267e-08,4.5451972741084035e-10,2.6396454466670605e-10,1.0
6,6.070848034347986e-13,3.5972789417387796e-12,4.2706560943878147e-14,9.842465509279918e-09,3.27758792328936e-10,2.5066276831964274e-10,1.0
6,1.3495508963817793e-12,1.447023750822396e-11,7.343537805843195e-14,9.476533335828208e-09,1.3023655487387487e-09,4.1080139290272655e-10,1.0
6,2.1210893284828725e-12,2.224453087007472e-11,9.376418234506231e-14,1.0819465323663735e-08,7.664559653619563e-09,1.4966338168775906e-09,1.0
6,2.108372330889008e-11,1.393858223286415e-10,7.212059725467124e-13,1.4557021188466024e-07,1.0100812630753353e-07,1.2754425959826676e-08,0.9999997615814209
6,7.409377278388973e-11,1.0092149338447598e-10,4.339401667857734e-12,3.0940594797357335e-07,3.7067774627530525e-08,2.999081516463775e-08,0.9999996423721313
6,2.6668391453488205e-11,2.0197905847840758e-10,7.615655502057894e-12,1.868404524429934e-07,1.1979801151085212e-08,8.625304914744447e-09,0.9999997615814209
6,1.0249495002723208e-10,2.55864135434436e-10,1.7646377414859415e-11,2.3703080387349473e-07,2.3537188198474723e-08,1.879184452491245e-08,0.9999997615814209
6,2.2252802031608176e-11,7.518240197068593e-11,1.013787057774218e-11,1.3715690272420034e-07,3.715830088069083e-09,7.98882737740314e-09,0.9999998807907104
6,1.6872218899788294e-10,3.140061766160329e-09,9.354639979308743e-11,7.282807018782478e-06,3.6352653864923923e-07,9.302160819402161e-09,0.9999923706054688
6,5.156334387246275e-11,5.531066715747102e-10,3.285640162720149e-11,4.234786956658354e-06,5.856580642671361e-08,3.989194752307412e-09,0.9999957084655762
6,4.833665412373733e-11,1.7687533659938026e-09,1.7008207342517068e-10,2.391210728092119e-06,4.778352291623378e-08,2.511357166667949e-08,0.999997615814209
6,4.8140328529067133e-11,4.679856502320945e-09,9.801800343600675e-11,2.058355448752991e-06,2.799496456873385e-08,5.23417709175078e-09,0.9999979734420776
6,6.789039330712399e-10,9.068521933386364e-09,3.38182433445855e-11,8.091173526736384e-07,1.941272245176151e-07,8.589704059147607e-09,0.999998927116394
6,3.2397900334713015e-11,2.3025119588737653e-09,1.708512454776101e-12,9.71632161395064e-08,1.1849269121455563e-08,1.0955575335813705e-10,0.9999998807907104
6,9.155590348364218e-12,4.751729010266104e-10,7.081202215309529e-14,1.2709090668749923e-08,1.7119075046423404e-09,1.6673384894971832e-11,1.0
6,9.744030235459e-12,3.6496845545741508e-09,1.8030179129227553e-12,3.113423474587762e-08,1.1016543233210996e-08,2.8482693981146667e-10,1.0
6,4.541102736899116e-12,1.528584703258673e-09,1.3640506909759487e-12,7.801921775296705e-09,1.1883176220806035e-08,3.472112042324227e-10,1.0
6,4.629219316903965e-12,1.200221144692648e-09,3.723629043994592e-12,7.605710727887072e-09,4.191564872968456e-09,1.344793582047643e-10,1.0
6,8.968316540791665e-13,2.917165953242318e-10,6.473585773339452e-13,3.4089030265249676e-08,7.937214774322854e-10,9.605779713317553e-12,1.0
6,3.4878194082876846e-12,1.9760693081849467e-09,6.558216968620412e-14,8.041536325720244e-10,1.593545206901581e-08,4.383291472842554e-12,1.0
6,3.4895363508480326e-12,1.1462357729641326e-09,8.435256209889455e-14,4.105617235072856e-10,1.223179868503621e-08,4.3203752207732204e-12,1.0
6,2.2187538264994977e-11,1.6069932939899445e-08,1.3978986154392081e-12,6.186757772752571e-10,3.105730783659055e-08,1.799349731712585e-11,1.0
6,4.424861366203459e-09,2.4985747586470097e-06,1.0439275832663242e-10,3.163795669891556e-09,1.561289877827221e-06,4.68446170742709e-10,0.9999959468841553
6,2.0515560361644702e-09,1.1988170172116952e-06,2.0115893326067003e-11,4.575169965104209e-10,8.314719707414042e-06,7.656956735324627e-10,0.9999904632568359
6,4.1584451437870484e-09,1.2099731065973174e-06,9.388868155157937e-11,3.106013002351915e-09,4.753605026053265e-06,1.381055825255828e-09,0.9999940395355225
6,3.586803909438885e-10,9.513711063391384e-08,1.1851995079803501e-12,4.415059706719404e-10,7.24440042176866e-07,3.105125184754698e-11,0.9999991655349731
6,6.485968984115686e-10,9.702213787932124e-08,3.901028805541884e-12,3.177220431194172e-10,1.500098846918263e-06,1.3765612261185112e-10,0.9999983310699463
6,5.244403800119812e-10,4.5124195935386524e-07,8.328386591482939e-12,1.265624383073316e-09,2.087431312247645e-06,1.9394323647059508e-10,0.9999973773956299
6,1.0232353159222995e-10,7.574737281856869e-08,5.653595538772371e-13,1.3114989649842812e-10,1.3485057479556417e-06,2.0906500489137336e-11,0.9999985694885254
6,1.7359341741851608e-09,3.4157301342929713e-07,1.466623914328502e-12,1.6946954950469717e-10,3.1299680358642945e-06,1.0900075286812694e-10,0.999996542930603
6,2.9009544988412017e-08,1.8757410771286231e-06,9.855858316976107e-12,6.397651741707477e-09,1.7571730495546944e-05,1.419333539587342e-10,0.9999804496765137
6,3.0171478648810535e-09,8.536961360050555e-08,1.7529127021437274e-12,8.552956121121724e-10,1.9354724827280734e-06,5.949925274695289e-11,0.9999979734420776
6,1.1306066305394324e-08,1.3142336001692456e-06,8.863833278471844e-12,3.4622832378872204e-10,1.2451561815396417e-05,4.4353096195770547e-10,0.9999861717224121
6,2.3223233114322284e-08,1.8733589968178421e-06,8.066622023128467e-12,9.537756140431952e-10,4.2846600990742445e-05,3.874983667273568e-10,0.9999551773071289
6,1.5017717069909509e-09,2.5614001515350537e-06,2.5948335277345413e-13,1.2347924766009655e-11,6.652252341154963e-05,2.943555121870389e-11,0.9999309778213501
6,1.8952679425865426e-09,4.351721509010531e-05,2.2167519013981118e-13,1.0517402920795504e-11,0.00039256829768419266,3.4171804275118234e-11,0.9995638728141785
6,6.052447432125518e-10,2.3321973685597186e-07,7.172944963690364e-13,1.2390229120473606e-10,3.0928997148294e-05,7.380404620782599e-11,0.9999688863754272
6,1.8843999277651236e-11,4.639418804686102e-08,1.8371613366881256e-13,1.530628540580281e-10,4.174318348759698e-07,2.6057623073172387e-11,0.9999995231628418
6,1.8094909251531455e-12,6.820136633223228e-08,2.367413990539413e-13,2.877043325799633e-10,7.945082103333334e-08,1.3298884563028857e-11,0.9999997615814209
6,5.097657322303273e-13,7.427811254956396e-08,7.932508274376138e-13,1.035140528848899e-09,2.480434773133311e-07,1.1762285589966837e-11,0.9999996423721313
6,8.00476547026252e-13,1.6120985435463808e-08,6.45403478924389e-12,2.877593718864091e-09,1.3381136909629276e-07,2.7612096636930872e-11,0.9999998807907104
6,1.5381754897569877e-11,1.6138754777017539e-09,1.914650946469032e-12,1.0648570913929234e-08,4.641310340502969e-07,1.746928469936737e-11,0.9999995231628418
6,2.7211998279708105e-11,2.5034920803079785e-09,1.384634269220586e-12,1.92923614861229e-08,1.0342649829908623e-06,3.686456348517275e-11,0.999998927116394
6,3.528452877099575e-11,7.267925816734078e-09,4.3290794126543686e-13,5.933257796186808e-08,4.766906840814045e-06,1.9884701524253146e-11,0.9999951124191284
6,7.91315450665575e-12,1.1448567649452457e-09,1.8470521065318962e-13,5.242908329705642e-09,3.034768099041685e-07,4.3823035478229855e-12,0.9999996423721313
6,3.062716399937493e-11,1.0835586650159712e-08,3.1408201235129385e-13,1.0475338374504872e-09,2.5928159175236942e-06,1.6584598278024387e-11,0.9999973773956299
6,6.270834407295922e-10,7.967376092210543e-08,4.877777001754957e-12,5.023597982045658e-09,5.723627509723883e-06,1.9389527483593127e-10,0.999994158744812
6,9.348692826816052e-12,3.737847531493088e-11,6.3503051084203184e-15,1.9184723254461744e-11,2.6398981844977243e-07,1.945597676022981e-11,0.9999997615814209
6,3.687578020716842e-11,1.1312487058212639e-10,1.8603172862309385e-14,5.856127388570442e-11,8.976364540558279e-08,1.6476084385708134e-11,0.9999998807907104
6,2.5866146030617543e-11,3.872406909022352e-11,2.1172515170665533e-14,1.158484350116673e-10,3.008817017757792e-08,6.705803273776567e-11,1.0
6,1.1253859823201484e-11,5.4174380259564003e-11,1.227645084520652e-14,1.8162116255382443e-10,2.6682533516009244e-08,4.8741993080581025e-11,1.0
6,1.1499902592693179e-11,5.70265168420292e-10,1.2095484797124481e-14,9.522890809243734e-11,2.984536706662766e-08,3.641482948513186e-11,1.0
6,1.7868212335084288e-12,1.9008446205948104e-10,9.433745593782992e-15,4.4740541133014844e-11,3.4964573458751147e-09,2.2646433339712502e-11,1.0
6,1.2977415366280387e-12,6.477878650157365e-11,8.485275368897306e-15,2.1531618502046435e-11,1.0785777604382929e-08,7.781835592579611e-11,1.0
6,5.266864418554396e-13,4.0155066771685455e-11,1.3566358145306284e-15,1.6154667881185247e-11,1.0265721606117495e-09,2.0010541834647455e-11,1.0
6,7.039836378772146e-13,1.4886983312756286e-10,2.462545429751011e-15,4.726192007198371e-11,1.4145190574410549e-09,6.787321399359669e-11,1.0
6,1.1024396727541547e-13,1.3740349136259766e-10,2.592200127712516e-15,1.1947383186938776e-11,3.3270105420646345e-11,7.293294440602338e-12,1.0
6,7.038587377869443e-13,1.6412893266704032e-10,1.5121332124271546e-14,2.025569122154902e-11,2.8602081814099733e-10,3.9793595502102264e-11,1.0
6,9.524147556770959e-14,1.8625545550321476e-10,1.8928812984815406e-14,1.8482316371803975e-11,9.8644627188893e-11,5.3117839987626425e-11,1.0
6,2.0745784257147903e-10,1.4624196076340468e-08,4.6231778821903546e-11,7.890727182768842e-09,9.581822446591559e-09,1.0234094460770393e-08,1.0
6,5.711683209730367e-11,3.4729881193129586e-09,4.708814501513947e-12,4.819182830573254e-09,7.172663352150721e-09,3.687748995062634e-10,1.0
6,3.2927247733960385e-11,2.0701917957666183e-09,4.555668776246025e-12,4.003473552671721e-09,1.5192437530231473e-08,1.4237945544781638e-10,1.0
6,1.325181067310388e-12,9.207958701074048e-11,1.728894195233803e-14,6.06983560635932e-11,8.429921649621974e-09,2.1869731720025598e-11,1.0
6,5.978396163536237e-12,1.038261032704213e-09,1.3922043856293143e-12,2.3425350548222923e-09,8.000387019535538e-09,5.214753628912661e-10,1.0
6,8.634069411576732e-15,6.601622460494783e-12,1.3708632681269813e-16,7.937778039035503e-13,1.0046391496487672e-09,1.4791416789311507e-12,1.0
6,8.362440080678102e-12,1.111406300324802e-09,3.112174146863156e-13,3.58458551730223e-09,8.455852196220803e-08,1.203388944048811e-09,0.9999998807907104
6,5.470391847839373e-11,5.608943531854038e-09,8.202848665074536e-13,7.554927794473087e-10,2.6289444576832466e-07,9.477777673794208e-09,0.9999997615814209
6,2.0812224166277815e-10,7.193825979356916e-08,3.285748843145919e-12,2.0901065322931345e-09,3.0004123345861444e-06,7.218439623812856e-09,0.9999969005584717
6,3.271357837397737e-11,2.462328723140672e-07,7.737604827695588e-12,8.698752274050037e-10,2.2482491601749643e-07,4.9705196403238006e-08,0.9999995231628418
6,4.954772148124675e-10,3.293499517553755e-08,3.294212125304341e-10,2.311395341791922e-08,2.3416285444000096e-07,5.77772311771696e-07,0.9999991655349731
6,3.944649495934982e-09,1.285028616848649e-07,8.12290945617633e-09,1.4435798902923125e-06,3.049611336791713e-07,1.2157621540609398e-06,0.9999969005584717
6,1.955400952269315e-09,6.325202406287644e-08,1.799943527558412e-09,2.582335696388327e-07,3.238119461457245e-07,3.347902577388595e-07,0.999998927116394
6,4.136095910212134e-09,8.585548982864566e-08,1.1763547913545835e-09,2.606240627756051e-07,1.2099103230411856e-07,5.405311185313622e-07,0.9999990463256836
6,1.567572738281342e-09,4.5077303667540036e-08,2.5347605958625508e-11,3.389140701415272e-08,1.7003058871978283e-07,2.2033789548459026e-07,0.9999995231628418
6,5.305115902132229e-09,1.917345855417807e-07,4.3250783510195845e-10,2.0690201836259803e-06,2.4088660666166106e-07,1.515337999080657e-06,0.9999959468841553
5,0.0002961387799587101,9.865500032901764e-05,0.00011718688620021567,0.047022800892591476,0.0017823544330894947,0.5436776280403137,0.4070052206516266
5,1.1655891285045072e-05,6.413629307644442e-06,3.4191492886748165e-05,0.007465553004294634,6.986834341660142e-05,0.9545820355415344,0.037830326706171036
5,4.653993812553381e-07,3.8516255074227956e-08,1.5365907302111736e-06,0.0017643962055444717,4.7363042540382594e-05,0.9977670907974243,0.0004191072075627744
5,8.671802902426862e-07,2.5302882011857264e-10,2.917039054750603e-08,0.0001381239271722734,7.937487680464983e-05,0.9995664954185486,0.00021516327979043126
5,1.2564779581225594e-06,7.69391668431485e-12,1.3813232335735393e-08,6.111135007813573e-05,2.6221199732390232e-05,0.9995406866073608,0.00037075032014399767
5,5.623966217171983e-07,5.301861380480055e-11,7.743771845980518e-09,7.176286453614011e-05,0.00014129996998235583,0.9997820258140564,4.31682747148443e-06
5,6.229533369150886e-07,7.74125707980744e-10,6.346704850557217e-08,0.00024405129079241306,0.00010586087591946125,0.9996446371078491,4.756142516271211e-06
5,1.8155117231799522e-06,1.655691916901958e-09,4.181160022653785e-07,0.0010592828039079905,6.88741056364961e-05,0.9988264441490173,4.3244337575742975e-05
5,4.378493486001389e-06,5.912893091819527e-11,5.416995740858965e-09,0.0004941957886330783,0.00022206779976841062,0.9992766976356506,2.6364186851424165e-06
5,7.330950211326126e-06,1.8126830592102294e-10,2.1328480315219167e-08,0.00036675293813459575,0.00015691356384195387,0.9994687438011169,3.0998344868748973e-07
5,1.0500826874704217e-06,9.290675000162008e-12,2.1630388591376004e-09,7.524935790570453e-05,0.00013716744433622807,0.9997864365577698,1.7475760216711933e-07
5,1.6724512761356891e-06,1.4610857662633592e-11,3.0488636060255203e-09,5.870632594451308e-05,4.278285268810578e-05,0.9998939037322998,2.8571762413776014e-06
5,1.897119688010207e-07,1.0178968085083895e-10,4.2088373675142066e-08,7.906053360784426e-05,3.3700976928230375e-05,0.999885082244873,1.9351339233253384e-06
5,6.389037565668332e-08,4.2109777470544785e-11,3.2118609993858627e-09,4.559710941975936e-05,2.6214198442175984e-05,0.9999277591705322,3.076604571106145e-07
5,2.815691679813881e-08,7.565138099296931e-11,5.988482487673252e-10,0.0004513372841756791,0.0006269586738198996,0.9989215135574341,1.8974090210122085e-07
5,8.215428692892601e-08,3.03547742497301e-11,5.222934862381123e-10,7.269895286299288e-05,0.0007509854040108621,0.9991762042045593,1.0489949886505201e-07
5,2.0475351902859984e-07,8.98116747638511e-10,6.772675309463239e-09,0.00039961442234925926,0.0010393043048679829,0.9985608458518982,9.247396093314819e-08
5,2.2333301785693038e-07,1.3936783949120013e-09,3.026244854709148e-08,0.0008566690958105028,0.000591304327826947,0.9985515475273132,2.0727861738123465e-07
5,2.672651362445322e-07,1.8810422108828107e-09,3.1086241136790704e-08,0.00044568206067197025,0.00016532106383237988,0.9993883371353149,3.041405420844967e-07
5,9.36862853961884e-09,6.027045529322095e-11,1.0489923596423978e-08,0.00026241689920425415,3.6681536585092545e-05,0.9997004270553589,4.863547928835033e-07
5,1.0360502677997374e-08,4.459203839513037e-12,7.425966508378679e-10,3.609464692999609e-05,1.8890366845880635e-05,0.9999449253082275,2.2847613578846904e-08
5,1.2248645431256477e-09,2.0884766138706823e-11,3.1838391922889286e-09,8.14832019386813e-05,6.246064913284499e-06,0.9999120235443115,2.4103044893308834e-07
5,9.194622663244445e-08,2.6204197145496266e-10,3.3418238842841674e-08,0.00048178888391703367,8.666403118695598e-06,0.9995068311691284,2.5637295948399696e-06
5,2.0549968837713095e-08,6.829646570505332e-11,5.765002919488893e-10,0.00013651086192112416,9.356086593470536e-06,0.9998537302017212,4.0195672568188456e-07
5,2.6653208529126005e-09,1.5968917160824603e-11,3.8742312136186285e-10,0.00011905210703844205,5.309054358804133e-06,0.9998754262924194,1.1305100144909375e-07
5,1.2786608438730696e-09,6.12400451530104e-12,3.730920780653513e-11,1.3073243280814495e-05,5.193936885916628e-06,0.9999816417694092,2.250589048458096e-08
5,2.831282541748692e-09,1.456679360467561e-10,3.629859191001117e-10,0.00018062489107251167,2.774660060822498e-05,0.9997912049293518,3.5306081258568156e-07
5,2.231460294321863e-10,6.263389546595777e-12,7.613482067014843e-10,3.367308818269521e-05,4.770124633068917e-06,0.999961256980896,3.17520829185014e-07
5,1.9780750371012346e-09,6.669143709503444e-11,2.188683190240681e-08,7.647598249604926e-05,4.378767243906623e-06,0.9999178647994995,1.2254052990101627e-06
5,4.0947233514998516e-07,1.0723986143545972e-08,2.213225570812938e-06,0.00046530819963663816,9.821906860452145e-05,0.9994140863418579,1.9699382391991094e-05
5,1.9042738585994812e-07,4.2906169284151474e-08,1.5961991550739185e-07,0.003915822133421898,0.00039320552605204284,0.9956362843513489,5.439541564555839e-05
5,1.5666938679714804e-07,2.3870438781159464e-07,2.2611223471358244e-07,0.012092874385416508,0.0007912663859315217,0.9870415925979614,7.365801138803363e-05
5,2.7318153570377035e-06,4.316542856486194e-07,1.0522884252850417e-07,0.04254283383488655,0.006041249725967646,0.9513942003250122,1.8410926713841036e-05
5,9.621203389542643e-08,4.956407906320237e-08,5.8096127020235144e-08,0.0010268109617754817,0.00032470497535541654,0.9986392855644226,9.011852853291202e-06
3,5.612090490103583e-07,1.525102447885729e-06,1.803050508897286e-08,0.9993658661842346,0.0005102936993353069,0.00010889110126299784,1.2868892554251943e-05
3,5.5307207702526284e-08,2.7247149319009623e-06,6.220453485639155e-09,0.9996460676193237,0.00032577620004303753,5.981081812933553e-06,1.9338664060342126e-05
3,5.916844791897802e-09,3.3593644843676884e-07,5.580996220722056e-10,0.9999662637710571,2.2031630578567274e-05,1.7811366603837087e-08,1.1356355571479071e-05
3,9.791625288357864e-09,6.419499243293103e-08,3.688885655273033e-11,0.9999711513519287,2.840146771632135e-05,4.417255006217147e-09,3.217791970655526e-07
3,3.8063126339693554e-07,1.9491477587507688e-07,4.831339217581387e-10,0.9999430179595947,5.474262798088603e-05,4.757890970097378e-09,1.6659573702781927e-06
3,7.625405373801186e-07,8.176248798008601e-07,2.310450053499835e-09,0.9999644756317139,2.6593072107061744e-05,6.527451468230083e-09,7.272054972418118e-06
3,2.2069797012136405e-07,5.549981665353698e-07,2.7813562564205085e-09,0.9998756647109985,0.00011735773296095431,1.3267514198389563e-08,6.1425703279383015e-06
3,2.574068105332117e-07,1.0437361197546124e-06,3.1569105107820405e-09,0.9999325275421143,4.584258931572549e-05,1.5995452740114047e-09,2.0256647985661402e-05
3,1.203059412091534e-07,1.0304086117685074e-06,4.098746064773451e-10,0.9998490810394287,0.00014305056538432837,1.910499092261375e-09,6.637852493440732e-06
3,8.402246898242538e-09,5.607279263131204e-08,9.606536399697774e-11,0.9999942779541016,5.508356480277143e-06,2.791197550866542e-10,2.2987342163105495e-07
3,2.408351029714595e-08,1.2273498839476815e-07,3.296523942708518e-09,0.9999524354934692,4.688398985308595e-05,1.7251872819201708e-08,4.754379290261568e-07
3,3.965029904406947e-08,2.4000778253707722e-08,7.952938307909108e-11,0.9999425411224365,5.733879515901208e-05,1.1577248049121636e-09,9.119304422711139e-08
3,1.944130900710661e-08,3.578708884788284e-09,1.8615543134758994e-11,0.9997705817222595,0.0002294388978043571,3.5770644224442094e-09,6.43217967777332e-09
3,6.017919496059676e-09,1.8416703717605287e-09,1.1658160548044805e-11,0.9999845027923584,1.54259214468766e-05,4.41753682245416e-11,9.286416080556137e-09
3,8.285000774321816e-08,1.329081844581026e-09,1.7355353265635642e-11,0.9999833106994629,1.665434319875203e-05,5.954461368418151e-10,4.072660875209522e-09
3,1.1341035666134758e-08,2.97190139164627e-09,5.858472734709963e-11,0.9999997615814209,2.1127121385688952e-07,2.435579793402809e-10,2.0426579538934675e-08
3,7.114546729525273e-10,2.7003052571750175e-10,1.9027524000847507e-10,0.9999998807907104,7.543014390876124e-08,1.010060576844829e-10,7.371847576820301e-09
3,5.013948012333458e-08,7.049650307955346e-10,9.991801136477463e-11,0.9999935626983643,6.4288583416782785e-06,2.435087242957934e-09,3.361725120498704e-09
3,4.011759102695578e-08,5.410766279467794e-10,2.1506663117065727e-10,0.9999994039535522,5.121275421515747e-07,1.5695553190475664e-10,3.3593670067944004e-09
3,8.515920768559226e-08,4.050164648106147e-09,1.5536592457010556e-08,0.999996542930603,2.307080677610429e-07,7.667339652073224e-09,3.160150527037331e-06
3,2.62448202059673e-10,1.0169285413752505e-09,9.71460023535542e-10,0.9999991655349731,7.253514411331707e-08,3.07694564272154e-10,7.563059511994652e-07
3,3.2654114079377905e-08,1.5201591097024902e-09,9.763090336178948e-10,0.9999982118606567,7.538690738329024e-07,1.2181765818297663e-08,9.8461657671578e-07
3,1.2976434504707868e-07,1.140568528512631e-08,6.9313559336592334e-09,0.9999963045120239,1.4525186031733028e-07,4.8830450793957425e-09,3.456907734289416e-06
3,2.2995134685288576e-09,3.9864395118272e-10,3.4279498684064436e-10,0.9999995231628418,1.2902893331556697e-07,1.532331483922178e-10,3.245070843149733e-07
3,4.054980351497761e-09,5.250795354072579e-10,1.6313182749083666e-10,0.9999984502792358,7.975601192811155e-07,1.7956144904296423e-10,7.151144814088184e-07
3,5.276448789004462e-08,4.3236290103720876e-09,1.4732189079769142e-10,0.9999387264251709,6.088207373977639e-05,1.4719170771115841e-08,3.722150268004043e-07
3,2.4747007998371373e-08,1.6678967540428857e-08,2.7032157068340723e-10,0.9999326467514038,6.665790715487674e-05,1.507678604184548e-08,7.044735639283317e-07
3,3.88959575658987e-09,1.4345010734828634e-09,4.2101998970478505e-12,0.9999799728393555,1.994378908420913e-05,1.265452742593709e-09,3.862200159687745e-08
3,3.4347418242930416e-09,2.9536226797688414e-09,2.6247094775389e-11,0.9999871253967285,1.2651554243348073e-05,5.07805930638483e-09,2.1991951371092e-07
3,6.042838407438467e-08,2.522615449862542e-09,2.072738682079578e-11,0.9999239444732666,7.570999150630087e-05,1.3795083964041055e-09,2.5933908887054713e-07
3,4.231877070992596e-08,3.5383735941252326e-09,3.397097186885745e-11,0.9999788999557495,2.0537623640848324e-05,2.9547813085173402e-09,4.7599542085663415e-07
3,1.4592655084300077e-08,6.133884511427823e-10,2.8792422005624596e-12,0.9999923706054688,7.556703167210799e-06,3.036741968998058e-10,4.5388087954734146e-08
3,1.0939182715219431e-07,3.6740380182642696e-10,6.163949559101489e-12,0.9999943971633911,4.165828158875229e-06,3.1236111475152484e-09,1.3664755442732712e-06
3,1.1615450290491935e-07,1.9866830403003632e-09,1.9871027046036716e-10,0.9999818801879883,1.6223884813371114e-05,1.4701735828737128e-08,1.7850621816251078e-06
3,8.92967690901969e-08,4.917295459705429e-10,3.4080717414841644e-11,0.9999560117721558,4.3623724195640534e-05,6.137642838410784e-09,2.6877151526605303e-07
3,3.1996688676372287e-07,2.6022586863128083e-10,1.30742205256551e-11,0.9996398687362671,0.0003596351307351142,2.8984016964272996e-08,1.2957764283783035e-07
3,3.0184573063252174e-08,1.99460836736165e-10,1.1158854222592662e-11,0.9999430179595947,5.697079177480191e-05,8.067781998022383e-09,1.8974455784359634e-08
3,2.583362501695774e-08,1.2546062799767554e-10,5.187968544345667e-12,0.9999744892120361,2.547087387938518e-05,1.2572276553157735e-09,8.432938791713696e-09
3,9.541874845808707e-09,8.062412543141662e-11,3.7008339101585186e-12,0.9999915361404419,8.450251698377542e-06,4.156783528497243e-10,8.951182572936034e-10
3,1.1646375241980422e-07,1.5423606836151293e-10,4.2246858789063424e-11,0.9999467134475708,5.317071918398142e-05,1.262850624073053e-08,1.840403274222524e-09
3,3.3278253486201947e-09,1.2273708438481634e-10,2.814482501223292e-11,0.9999862909317017,1.3705409401154611e-05,1.309701236351657e-09,2.9219389130474838e-09
3,3.5067686532386233e-09,3.0204380663256813e-11,3.007077659794577e-12,0.9999693632125854,3.064012707909569e-05,7.315033023758133e-10,3.3702257651313516e-10
3,9.092203379079677e-11,2.3179104035458975e-12,2.5602068208507855e-13,0.9999967813491821,3.179176928824745e-06,3.255799449486396e-11,2.321778706793065e-11
3,5.7087005261857726e-11,4.568964022226563e-13,1.510545838802682e-13,0.99996018409729,3.9798804209567606e-05,2.1447903453264416e-09,9.704901465790172e-11
3,7.940375787440779e-12,9.341867557299821e-13,7.145324642295753e-14,0.9999909400939941,9.073230103240348e-06,1.0443969022944088e-09,8.804248996518993e-11
3,1.412194037923864e-12,9.086070247967329e-14,8.075551132750297e-15,0.9999891519546509,1.0885188203246798e-05,1.499317558995017e-09,8.474360102539436e-12
3,7.214287760931581e-13,8.620774721249808e-14,2.5057267458855614e-15,0.9999958276748657,4.124244696868118e-06,3.9117650091347045e-11,3.7371182537437875e-12
3,8.159266990347136e-13,8.077781878720186e-14,1.3973270782639824e-13,0.9999978542327881,2.159430550818797e-06,6.707493449553681e-10,1.932763150913619e-11
3,7.892797526665163e-12,6.980886680350851e-13,3.5892377394861064e-14,0.9999699592590332,3.0020302801858634e-05,1.4451476681998088e-09,1.978013759729169e-11
3,7.338637510179158e-12,2.7569960203699395e-12,3.543104665996305e-13,0.9999685287475586,3.1482930353377014e-05,4.992425139960233e-09,3.9437009213827423e-10
3,8.986367205920942e-12,5.84188045160694e-11,9.143171110633994e-14,0.9999902248382568,9.79124797595432e-06,2.5620731231024152e-11,5.302796535211485e-10
3,1.4627093980479344e-10,1.0776151498914643e-10,2.713523676589613e-11,0.9999473094940186,5.272668931866065e-05,1.6248824508124926e-09,7.654074707375003e-09
3,6.350102665919621e-10,2.805313759068895e-10,2.657872255618088e-10,0.9999767541885376,2.318911356269382e-05,1.9588712873996883e-08,1.4701155848229064e-08
3,1.9905523410135295e-11,5.647538101234695e-13,3.1665215154824677e-12,0.9999946355819702,5.38379026693292e-06,1.2826681383693028e-10,6.081483927555809e-11
3,8.641256113439688e-13,1.3223616808760025e-13,2.03081627035695e-12,0.9999994039535522,5.914141070206824e-07,1.2862823653425615e-11,4.8892431769864686e-11
3,3.2362172837363534e-12,7.622411382635086e-12,7.038178928553407e-10,0.9999995231628418,5.222806862548168e-07,1.8023967041091993e-10,3.0719857213590274e-10
3,7.038103823700514e-13,3.7668449631191037e-13,6.3447836394503465e-12,1.0,4.2994631854753607e-08,7.5033918965281e-13,4.395450323158023e-11
3,3.915421372541195e-12,7.297449862268823e-13,1.3786970176621338e-10,0.9999998807907104,6.334022373266635e-08,3.017482964884355e-12,6.399551027991279e-11
3,1.0912722808731345e-10,6.564830601872573e-13,9.539473377895291e-11,0.999996542930603,3.435998223721981e-06,5.264099919854992e-11,2.325084222376539e-11
3,5.215620687074041e-13,2.543684934994822e-13,2.5736619432836783e-11,1.0,2.2547336442357846e-08,1.5739284875415649e-12,2.956035763390652e-11
3,4.3565845375681533e-11,4.146159977846953e-12,3.397485071054973e-10,0.9999990463256836,9.109462553169578e-07,9.211063023428778e-10,2.1976360731201794e-09
3,4.4466223238226465e-12,2.7340085490684674e-12,6.892757198340149e-11,0.9999996423721313,3.596576618747349e-07,2.5815150017649557e-09,1.6171766148431743e-08
3,1.8229870195861364e-13,3.678743778785104e-13,2.303962793118175e-12,1.0,1.289062900866611e-08,2.1830391661037396e-11,3.5347988980305445e-09
3,5.930240023002686e-13,3.4988917145539755e-13,6.459032527578179e-13,1.0,4.4182923986113565e-09,9.042880918901097e-13,2.9299859760634206e-10
3,3.005722060134275e-10,7.026343916416433e-12,1.629830125027265e-11,0.9999998807907104,1.2025010676097736e-07,7.288902120761165e-11,1.0410172723851474e-09
3,3.840803976945528e-12,1.3022121358660654e-12,1.6624418855415435e-11,1.0,1.661924464713138e-08,9.917539879611414e-13,4.082028326468645e-10
3,3.247783986193298e-11,1.221788295535653e-11,2.781368668366979e-12,1.0,5.587666507267386e-08,4.7009308744945175e-14,1.975206220805603e-09
3,2.4266111689486003e-11,3.3060767665182844e-12,8.6916869534992e-11,1.0,2.2385188813700552e-08,2.93938094350632e-12,1.957672024488488e-09
3,1.7449620914877784e-10,1.1568630602087904e-11,1.0317317312991126e-11,1.0,2.0367101782881036e-08,3.135590745384498e-13,2.725038639184163e-09
3,1.4277709015075857e-09,3.756244273955822e-11,2.5553921825793857e-11,0.9999998807907104,7.666361057090398e-08,1.3780797791969335e-13,1.5658439878052377e-08
3,3.3071079208468745e-09,5.725633855924173e-10,1.8318557781782374e-10,0.9999994039535522,5.472065822687e-07,2.9553503741452936e-12,5.3366388641507e-08
3,9.497566111349443e-08,3.678611415480759e-09,1.0340265532704507e-08,0.9999982118606567,1.0899293556576595e-06,4.049273416573129e-10,6.521250384139421e-07
3,2.7717069528421234e-08,2.246407282413543e-09,3.739660581203452e-09,0.9999991655349731,3.983175815847062e-07,1.272213862035798e-10,4.433035769579874e-07
3,7.789518363665593e-09,4.755299487513298e-10,2.5644014689518713e-10,0.9999996423721313,2.2569821567230974e-07,9.590654659330511e-12,7.00489195537557e-08
3,4.327003644277738e-09,8.174058652166138e-11,2.7608057506789407e-10,0.9999998807907104,5.864933072530221e-08,5.797941987628619e-12,6.829701248989295e-09
3,9.763313491006897e-10,6.255410078814805e-11,3.1983196091545096e-09,1.0,3.5655818297897213e-09,2.6404448072447906e-11,6.9307604100288245e-09
3,4.381691398602783e-10,1.7352001779880055e-11,1.0842184927639664e-09,1.0,2.7564626137177584e-08,2.1203502495459325e-11,1.3372819518409074e-09
3,7.555473469089691e-10,2.4056776536107716e-12,6.172151548536342e-14,0.999997615814209,2.346235305594746e-06,1.1018043302810782e-13,8.974995052701829e-11
3,8.65766291990866e-10,3.033128652754624e-12,3.6498747275383325e-13,0.9999759197235107,2.4024793674470857e-05,4.810867416243925e-12,9.454649563256368e-11
3,3.537111226137313e-08,4.623021583605169e-12,5.958071275929955e-12,0.9999877214431763,1.2266266821825411e-05,1.9609132373421545e-10,2.911547739015141e-11
3,1.1996278415082884e-09,7.530586397519468e-13,2.581451762420639e-12,0.9999995231628418,4.2889217866104445e-07,4.8503347171990896e-11,5.080953019431789e-12
3,1.2334551158232898e-09,1.3133755367988886e-11,8.618416852575195e-13,0.9999926090240479,7.342245680774795e-06,6.846648682029555e-12,7.96759394572355e-11
3,4.322712188198352e-10,8.113337258974784e-12,3.2121021120712356e-11,1.0,4.7436110151011235e-08,1.8263855705580312e-11,2.5084630553284804e-11
3,4.280007945278719e-11,4.330006676562387e-14,1.603780313847586e-13,1.0,1.8967252657375866e-08,6.06971341677448e-13,2.0987734933222008e-13
3,1.5143701570519141e-10,6.14348741150017e-13,7.234760013297148e-11,1.0,2.3402003890282685e-08,9.510325686690191e-12,7.47071154938439e-11
3,1.0320275189990014e-10,1.4411066740979694e-12,1.9912996598869803e-11,1.0,4.507467663006359e-11,1.663766102969963e-13,3.0783334215023217e-10
3,2.1302168362602458e-11,9.739714460291204e-13,2.0562117980515993e-11,1.0,1.8339370300157753e-10,8.731655806379357e-13,3.122614666839496e-10
3,4.606253989347664e-10,4.245256923773866e-12,3.1538081608079027e-12,1.0,4.314148149830999e-09,2.6184317301197746e-12,4.75659844845211e-10
3,1.4568862782837755e-10,2.1211459238362762e-12,1.4823613257025636e-12,1.0,1.2212821864920897e-08,1.3485635351473402e-11,2.0008312784369764e-09
3,3.0904878656201618e-09,6.687429689872237e-12,5.314880046486392e-12,0.9999995231628418,4.232842343299126e-07,1.0022667418230213e-10,1.8755128561309675e-09
3,4.4096434836937703e-10,2.7952917758256035e-12,1.866582929888061e-11,1.0,3.03929432732275e-08,3.4059230435978805e-10,1.0206744782692567e-08
3,1.8450951877468924e-10,4.190049782831773e-12,5.379004880401439e-11,0.9999985694885254,1.4253578228817787e-06,4.82039339000373e-11,2.242449420597481e-10
3,6.226778537232747e-10,1.19849633689606e-11,7.110387278963515e-11,0.9999991655349731,7.959976073834696e-07,4.328787675533796e-11,2.1892272439316685e-09
3,2.582160318898019e-10,4.3902898677616875e-11,3.6460636593238505e-11,0.9999983310699463,1.7147096968983533e-06,1.5628821153912398e-11,7.092887610582466e-09
3,1.948594757772426e-10,3.8288955339638164e-11,2.2077889863525435e-11,0.9999992847442627,6.812231845287897e-07,4.605554479453211e-11,3.428554151696517e-08
3,4.1744478984639954e-09,4.413659715485352e-11,5.431548544265752e-10,0.9999991655349731,2.3976298280103947e-07,3.8378392130944405e-10,5.711848416467546e-07
3,1.2389583048388886e-07,1.3209120464097168e-09,4.683469168043075e-09,0.9999972581863403,1.0294248795617023e-06,8.415435570618968e-10,1.5778712167957565e-06
3,2.289131550980983e-08,8.665020784226485e-11,5.113959256064504e-10,0.9999828338623047,1.704357418930158e-05,2.32247487907955e-09,5.2122434368584436e-08
3,5.643050471348943e-09,7.299091192569662e-11,9.845541742992125e-11,0.9999682903289795,3.172403739881702e-05,8.223312031319097e-10,2.023792466943064e-09
3,1.0991170640295422e-08,4.459426924952048e-11,4.4204234717071245e-10,0.9999125003814697,8.745461673242971e-05,4.364104189136242e-09,2.0675721135177128e-09
3,5.4974648833194806e-08,6.855205292310984e-10,3.6955973836683143e-09,0.9997051358222961,0.00029472995083779097,3.515311775004193e-08,2.873506232958789e-08
3,4.631721139958245e-08,4.347991966469067e-10,2.454783043503994e-09,0.999859094619751,0.00014084829308558255,1.5211114146040927e-08,1.169653707222551e-08
3,2.1717283971156576e-08,1.6880710718147895e-10,4.0161812764338833e-10,0.9999594688415527,4.0470651583746076e-05,1.0706977526808714e-09,1.726894072184848e-09
3,2.7701247518052696e-08,1.5708620168530807e-11,2.706783130967949e-10,0.9999812841415405,1.872306711447891e-05,1.1297426327772087e-09,3.1947156031719715e-10
3,6.825447229630299e-08,1.4123857638992376e-10,4.806954390090823e-09,0.9996967315673828,0.0003032528329640627,1.7061680068763962e-08,2.0753270213447195e-09
3,1.5248813323154309e-09,5.223291417444376e-12,1.2096319779164588e-10,0.9999583959579468,4.161019023740664e-05,9.871510275871742e-10,1.852878267483149e-10
3,1.2357110001914862e-08,2.725393695446332e-11,5.360649146801677e-10,0.9995935559272766,0.0004063360975123942,7.233003884721256e-08,4.597758174185174e-09
3,2.14140394305673e-09,8.582896546260876e-12,7.986220192102156e-12,0.9997054934501648,0.00029450529837049544,3.734628606366641e-09,1.0697925184599555e-10
3,1.2216684330823568e-09,1.54780214253053e-12,1.0596844311327319e-13,0.9996053576469421,0.00039467233000323176,4.628447902721433e-10,8.303423053301895e-13
3,6.411930431049484e-10,1.3408065890202492e-12,5.314574193053534e-13,0.9999158382415771,8.41221262817271e-05,2.29961050202121e-09,1.0198884271839237e-11
3,3.861269637361886e-11,8.974407588596689e-13,4.6512252870837406e-14,0.9999903440475464,9.61431214818731e-06,8.001186518891146e-11,8.300291010066019e-12
3,9.909618264858366e-11,1.6154613454236189e-12,3.159180003101808e-13,0.9999818801879883,1.8085956980939955e-05,3.001395798563067e-09,2.2576544800312348e-11
3,8.129564799119748e-10,1.541683447570108e-11,6.820309594868235e-11,0.999984860420227,1.498190795246046e-05,1.296809699624646e-07,7.603300211656006e-10
3,9.123502842101061e-09,3.9596381729012364e-12,2.3833726658928356e-10,0.9999914169311523,8.620196240372024e-06,3.97565926846255e-08,4.460391431204691e-11
3,3.478367038844965e-10,4.433249340546341e-12,1.0442859910142488e-09,0.9999992847442627,7.622224984515924e-07,3.2362341695346686e-09,8.309144344798014e-11
3,1.4687657340362037e-11,3.1509023905654243e-13,2.484783212519659e-10,1.0,4.1551423635155516e-08,1.160184188303548e-11,6.13276616989733e-12
3,8.263645323580704e-11,7.061674378930349e-13,1.676379313142462e-10,0.9999978542327881,2.1942485091130948e-06,5.22315879436519e-08,8.473512690121421e-12
3,4.116354392763588e-12,2.720815380722469e-13,2.8238524851786906e-09,0.9999997615814209,2.2008698863373866e-07,7.254871370321325e-09,1.0846100059747066e-11
3,3.9196677154018644e-11,6.849447902303532e-14,1.3209636051669804e-07,0.9999998807907104,2.2090448581479905e-08,2.266473231316013e-09,3.232728321145295e-11
3,3.5119984698184226e-10,5.138517107476648e-13,1.4192470132456947e-07,0.9999990463256836,6.844392714810965e-07,9.223467145602626e-08,4.859435423498759e-11
3,2.791340249219676e-11,2.7765225014964035e-13,1.7473775759668797e-09,1.0,2.9291728154134944e-08,1.2174666830233605e-10,3.700337952716737e-11
3,6.223263571136783e-11,6.439839438619754e-13,4.3841136276867587e-10,0.9999995231628418,5.125477855472127e-07,4.0542985857427993e-08,3.001292825377533e-10
3,3.411164796809918e-12,4.931008943179216e-13,1.12946756114507e-10,0.9999996423721313,3.4709574947555666e-07,1.7120244111268335e-09,2.28076359881646e-11
3,6.72268005152965e-11,5.425581858786721e-12,2.9725656602863637e-08,0.9999996423721313,3.814362798948423e-07,7.307477289941744e-09,5.736860986260695e-10
3,6.459860424357089e-11,1.421619419406106e-11,3.665100933858412e-08,0.9999994039535522,5.325902634467639e-07,1.4111388724202811e-09,3.2851024678315355e-10
3,5.435931652725268e-12,4.2523801320470955e-12,2.5193500619025144e-09,1.0,5.134127079031714e-08,3.0439369774759584e-11,5.256415303023232e-10
3,1.2635284485362774e-10,3.452845301343821e-11,1.1552812928528056e-08,0.9999997615814209,2.513316701424628e-07,2.3261217951819901e-10,1.861993670360107e-09
3,4.5973078122152344e-10,1.3983446345289252e-10,1.7583093381290382e-07,0.9999995231628418,2.4457054337290174e-07,8.437486126444682e-11,1.1659597731750182e-08
3,1.7917441974546477e-09,1.9483385738094938e-10,3.131956560764593e-08,0.9999974966049194,2.4822313662298257e-06,1.441175217359314e-11,1.5568287992095975e-08
3,3.667805226204024e-10,8.233595749640443e-11,2.3405348770211276e-08,0.9999997615814209,2.471636548762035e-07,4.4384799655072804e-12,2.1858834742261024e-08
3,8.878577734128257e-11,6.263060903233253e-11,1.107916092202288e-09,0.9999997615814209,2.357595292323822e-07,3.608080197461949e-12,2.0215807694512478e-08
3,2.0401100253586435e-10,2.3937207771496105e-10,1.9018102648260538e-09,0.9999998807907104,1.535189682044802e-07,2.0691345772178016e-12,2.3064293586116946e-08
3,2.584015987294741e-11,4.4996596726409877e-11,2.230764906130389e-09,1.0,5.216042353595185e-08,8.596185829129466e-13,1.8849490857064666e-09
3,2.0015829271802232e-10,1.0512587328426193e-11,2.2606404248559642e-10,0.9999984502792358,1.6051744751166552e-06,1.2114987832378965e-12,3.122889724593847e-10
3,5.487030829698369e-10,5.379079993927949e-12,6.737982394255937e-11,0.9999864101409912,1.3550687981478404e-05,6.468808236466395e-13,2.639628446376996e-11
3,3.059729414278678e-10,3.12430788705631e-12,3.124321634739857e-11,0.9999977350234985,2.3134277853387175e-06,1.6886867609550854e-13,1.6915156775265672e-11
3,4.811718801178699e-10,1.163628872077882e-12,5.918509606017697e-12,0.9999954700469971,4.545272986433702e-06,3.653386729425556e-13,4.3472205002448305e-12
3,6.142274189269159e-11,6.986286413745643e-14,3.4254574003689253e-12,0.999994158744812,5.801543466077419e-06,1.195886597214757e-12,1.76975025346221e-12
3,2.7006697225773202e-11,6.161191619825229e-14,8.826677588705603e-14,0.9999979734420776,2.0254988157830667e-06,1.717364552162367e-14,3.0646139922638205e-13
3,4.5933177400536707e-11,8.107617089627914e-14,1.0895558950506021e-13,0.9999995231628418,4.933488071401371e-07,3.32510067928022e-14,3.9258423985624735e-13
3,1.5646742582142714e-11,1.5703674051772455e-14,8.00909462177462e-15,0.9999998807907104,1.5283895038464834e-07,1.0688849580629497e-15,1.4951434255711278e-14
3,7.2510031833006305e-12,7.906069157367131e-15,3.1989503683797424e-15,1.0,1.5672245723408196e-08,1.1667164164378741e-16,7.394357072173022e-15
3,7.830149723053736e-11,2.4739113413537427e-14,1.6417940683181864e-13,1.0,1.3803510334753355e-08,1.2848639388768693e-14,3.963672380764838e-14
3,2.723667645587735e-12,2.4994362557027774e-15,3.270028396994758e-16,1.0,1.9410113516471483e-09,9.6464413372505e-17,1.7536960610832378e-15
3,1.5714067200245374e-11,1.7925653908283656e-13,2.5025359388919366e-12,1.0,4.606137346541139e-11,1.0901748135548313e-15,2.4626383831466425e-12
3,2.508722674043895e-10,8.474257753854353e-12,3.121570710251653e-11,1.0,1.7924520201439975e-10,1.6618813530183685e-14,5.275747547162091e-11
3,1.577738217850566e-10,5.631952369744564e-12,2.0695620564503692e-11,1.0,3.3258658049817313e-09,1.296647251375349e-13,2.3873880650171486e-10
3,3.911714355209206e-11,2.285858785242012e-12,5.52444513746142e-11,1.0,3.65423313830604e-09,1.7295878813362864e-13,3.460097833252185e-11
3,5.217957177450216e-10,1.0350169072498305e-12,1.6824852622221442e-10,1.0,1.070527222424289e-08,1.0098651515716428e-12,2.609135303643928e-11
3,8.55618353945431e-11,1.2433191412183908e-12,1.47753018153729e-10,1.0,1.8375663657366204e-08,1.7560116772133427e-12,2.982995447875503e-11
3,2.690553335682466e-10,1.0943995275985996e-12,4.914206628431339e-12,0.9999980926513672,1.8635744254424935e-06,2.0281233290009304e-12,9.739180815981907e-12
3,2.1648123293971366e-09,2.243492717990403e-12,1.0264065986032023e-10,0.999991774559021,8.245227945735678e-06,2.291284349753564e-11,3.38762351503874e-11
3,6.827523546526493e-10,4.765965400110872e-12,5.451012419221968e-10,0.9999866485595703,1.3311694601725321e-05,2.5994489546987687e-11,4.955627019853637e-10
3,2.531351517287561e-10,1.9688990021693442e-12,1.6970397309634677e-10,0.9999865293502808,1.3466769814840518e-05,1.1946993741518419e-11,7.204726398812866e-11
3,8.786913974212496e-10,7.667423120027994e-12,5.1459191074965105e-11,0.9996980428695679,0.0003020372532773763,6.412624875551387e-10,4.100723094424552e-10
3,2.842818647152967e-09,1.6804200392295243e-11,1.4276080317898732e-10,0.9997890591621399,0.00021098038996569812,6.770095040131707e-10,6.436774446783033e-10
3,1.4628211530975932e-08,5.36169849837953e-12,3.8540315383528423e-10,0.9999769926071167,2.3013597456156276e-05,2.507613894309202e-09,1.9596742006910972e-09
3,5.925127499750715e-09,6.210702525183409e-12,3.773552581520789e-09,0.9999938011169434,6.1347359405772295e-06,7.391608436435604e-10,1.6405882208303524e-09
3,4.933563779729866e-09,2.6732125193995593e-11,2.8124755857561468e-09,0.9999910593032837,8.921188964450266e-06,1.7609315394739866e-10,7.206837349116313e-10
3,7.1160582981733e-10,1.2493847970085348e-11,2.5029804895382313e-09,0.9999967813491821,3.229238473068108e-06,1.889012696265624e-10,9.267981382343748e-10
3,4.224228522531348e-09,6.337248781296267e-11,1.3592014624919102e-08,0.9999957084655762,4.262928086973261e-06,2.375722951697412e-09,6.7382059931730964e-09
3,5.2327071564661765e-09,2.299756565737887e-11,8.38577207673552e-08,0.9999994039535522,4.825144515052671e-07,1.464609211687673e-09,2.744803317966671e-08
3,4.563371014398854e-09,1.926385093109495e-11,2.9734788853374994e-08,0.9999997615814209,1.7281466568874748e-07,6.362663174108718e-10,1.1257394127994758e-08
3,1.5870845970766823e-08,2.5443006035352767e-10,1.4633099176819542e-08,0.9999924898147583,7.519028258684557e-06,4.830426614255146e-10,2.2059201132407225e-09
3,1.200182140337347e-07,2.035381724274643e-10,1.0104272973876505e-07,0.9999836683273315,1.611048173799645e-05,6.9372201316753035e-09,6.754363290895071e-09
3,1.1504726060707071e-08,2.8174540825376404e-11,5.576421102659879e-09,0.9999963045120239,3.6706724131363444e-06,3.8038747152135954e-10,3.5210434568000437e-10
3,9.251797550291485e-09,3.879196443234978e-12,2.169073587410253e-09,0.9999994039535522,6.10410552326357e-07,1.7483433589760011e-09,1.7542280128513e-10
3,9.87614399150516e-08,2.1108380668377613e-11,1.1312989656175887e-08,0.9999898672103882,1.001605050987564e-05,1.1148011402895008e-08,2.900691076224149e-10
3,1.2864826715031086e-07,6.064699437091647e-11,2.711828317458753e-09,0.999811589717865,0.00018835153605323285,2.3173088337102854e-08,2.632412954284291e-09
3,5.87760595749387e-09,1.1510454048235808e-11,1.1364610363884253e-09,0.9999977350234985,2.2171468572196318e-06,1.6637816679931916e-09,3.3037278468484033e-10
3,1.2586636177758237e-09,1.3972911369619645e-12,1.8200785323330138e-10,0.9999964237213135,3.5899909107683925e-06,4.178992707437601e-09,1.5026659083705596e-10
3,1.4501764233898484e-09,2.5266390542288963e-12,1.2056823595063548e-10,0.9999704360961914,2.9613185688504018e-05,9.705603432053067e-09,1.9212073598673385e-10
3,1.3101925100400535e-09,7.20750585950225e-12,1.0471179479054626e-09,0.9999493360519409,5.057917223894037e-05,7.546130120772432e-08,3.726570718676214e-10
3,1.642822655689713e-09,9.75424515464729e-12,2.0014137902535367e-08,0.9999414682388306,5.2854109526379034e-05,5.5635455282754265e-06,1.0767443603398874e-09
3,4.663938124593869e-10,1.5334851444226416e-12,7.434299842401515e-09,0.9999902248382568,7.711264515819494e-06,2.0027007394674e-06,5.796376711941775e-10
3,9.19783471609037e-10,8.913626130604979e-13,1.6436733918379076e-10,0.9999828338623047,1.692250771156978e-05,2.817730830884102e-07,9.015318352956214e-11
3,1.1768640229004035e-10,8.705763540617362e-12,1.5880998738282415e-09,0.9999974966049194,2.559316953920643e-06,8.236915149950619e-09,1.5837099687221468e-10
3,1.3675933996371015e-10,8.864756151361064e-12,5.135055713978431e-10,0.9999988079071045,1.2278874237381388e-06,1.5515739804072837e-09,1.5831624899931285e-10
3,7.36995353634029e-10,2.319721151278209e-11,2.6434621158699656e-10,0.999995231628418,4.816442469746107e-06,4.267729503126816e-10,1.9173708454278682e-10
3,6.914652184164538e-11,5.1449566829120386e-11,1.9936374773266152e-09,0.9999991655349731,7.852038379496662e-07,1.604819499512189e-09,8.763513248410959e-10
3,1.8598013754034248e-11,1.9681372850910428e-11,1.0165605024425872e-09,0.9999995231628418,5.052423830420594e-07,5.488191012759103e-10,1.9575728538168136e-10
3,3.707317786094677e-11,3.0183928273475047e-12,1.234800733884711e-10,1.0,5.1770005171647426e-08,6.337614461005003e-11,3.645179644240493e-11
3,2.4735890419291806e-11,7.937978399596979e-12,3.514246116331776e-10,0.9999998807907104,8.18442913441686e-08,2.592477101048818e-11,1.9349812030444724e-10
3,4.3060885412948835e-10,3.805306330456615e-12,1.672234795080385e-09,0.9999939203262329,6.127164851932321e-06,4.5854250951826714e-10,1.2960850448440198e-10
3,1.4540377790694947e-09,9.323759646295837e-12,2.58420812526694e-10,0.9999898672103882,1.0072374607261736e-05,8.15140108190171e-11,5.5263602721788985e-11
3,3.3000322474663335e-09,1.0338362388395694e-09,1.4474386134111228e-09,0.999967098236084,3.2813160942168906e-05,6.872294955329039e-10,4.541499620813738e-08
3,2.1006649753019246e-09,6.259569529376563e-10,2.0494049512986834e-10,0.9999127388000488,8.722640632186085e-05,3.846968577025933e-10,1.9147039509448405e-08
3,8.888692559771982e-10,1.4746495136108706e-09,3.5151435096025807e-09,0.9998980760574341,0.00010147127613890916,1.0164418196012548e-09,3.8673701396874094e-07
4,1.0963950636266873e-08,3.210035570688774e-09,4.071296424990045e-11,0.0023815820459276438,0.9976092576980591,1.152640010104733e-07,8.997742042993195e-06
4,2.2699136792425634e-08,1.8569435988879945e-09,1.9581029506166026e-11,0.0012776117073372006,0.9987189769744873,4.236205697338846e-08,3.284077138232533e-06
4,5.507915190605672e-08,3.3826577094941968e-09,3.363571574044322e-11,0.00020788151596207172,0.999790370464325,2.6396069774392572e-09,1.809657646845153e-06
4,2.628900475087903e-08,2.6438171096820895e-10,9.16690768432149e-13,9.548458024255524e-08,0.9999998807907104,6.95482768597877e-11,3.712672480560286e-08
4,8.99001673104749e-09,1.9779148804910385e-11,4.015724927065867e-13,1.8285111309523927e-06,0.9999980926513672,3.710223100972243e-12,8.668902040653848e-08
4,1.2248939640358003e-09,1.31590596197384e-08,1.3524348741605907e-13,5.94443633872288e-07,0.9999990463256836,2.877106647543315e-14,3.3878359317895956e-07
4,2.542640542557706e-10,4.999213043532791e-09,2.1020970812006372e-14,1.744420963234461e-08,0.9999997615814209,5.846084521424905e-14,2.4015238864194544e-07
4,8.853397126529217e-09,4.502081552004711e-08,5.056332414397902e-13,1.5557954213818448e-07,0.9999967813491821,1.4596085841714346e-12,2.9250797979329946e-06
4,1.2087419065665017e-08,2.719129987838187e-08,6.809016241463017e-13,2.51418583729901e-07,0.9999955892562866,1.9986642549318923e-12,4.170134161540773e-06
4,3.97661370499236e-09,1.4574258244692828e-08,2.1833766348719474e-13,4.234934891655939e-08,0.9999992847442627,1.680743760314185e-12,6.75770365887729e-07
4,9.260550659639932e-11,2.359870909796058e-10,6.380291557060778e-16,1.3576597623909947e-09,1.0,7.015624246906743e-14,5.955623194608961e-08
4,4.0398179593226224e-12,1.4363688016771903e-10,6.486967084961332e-18,1.1360157606277177e-11,0.9999998807907104,1.6465127872233865e-14,1.2863397103046736e-07
4,2.536289407661929e-11,8.315352295618084e-10,3.0476387717275085e-17,1.3506456369993813e-11,0.9999997615814209,6.499265508370586e-14,2.1587376863863028e-07
4,5.95830513833856e-13,4.216318405525499e-10,8.266989737166716e-20,2.7960712087674033e-13,0.9999988079071045,2.4623546355796418e-15,1.2291856137380819e-06
4,1.2898866003085985e-12,4.823334440184901e-11,6.269990269060736e-20,6.342521126356804e-12,1.0,8.577146256422401e-15,9.217227869839917e-09
4,4.570577423479438e-12,1.7497194014851059e-12,1.0331823508498299e-20,7.632238591126494e-11,1.0,6.0235752780276545e-15,8.634053888512128e-11
4,3.996267899930572e-11,4.588394009359675e-13,1.1265169198380813e-20,6.386309536754453e-11,1.0,3.3048548977749476e-15,4.252522500802769e-10
4,3.5840236334294673e-10,1.261322383344643e-11,2.0327140508781165e-18,6.504947136498629e-10,1.0,5.735768983253578e-14,1.8852485794695895e-08
4,2.3049716302292467e-10,7.918660302128067e-14,5.0199684983025256e-20,1.8028374626499755e-10,1.0,1.474903065076718e-14,1.3237910767571748e-09
4,1.7642115546223636e-10,4.403547686405605e-15,6.821055731321576e-21,1.4940682371844538e-11,1.0,6.604382381828139e-15,1.4106802836977295e-08
4,3.819731198007048e-10,2.727056719700906e-16,2.998244771323985e-21,3.145141438953836e-11,1.0,1.4388091277217283e-14,2.7569726057663502e-08
4,3.1429606139887767e-10,5.156520589482631e-16,1.8833824951214134e-20,1.4736041553664592e-10,1.0,1.3891268506576598e-13,1.972440166753131e-08
4,8.021274311431625e-09,1.829443951743056e-14,8.043835975891275e-18,4.344326842709023e-10,1.0,7.249467519343522e-12,4.954440768756285e-08
4,1.631361534748521e-08,2.7281525562944386e-12,2.147941087756529e-16,4.037654655064671e-10,0.9999991655349731,1.6378400372052404e-12,8.515232252648275e-07
4,3.0939548878450296e-07,6.900722181180097e-12,1.0304215095654871e-14,3.874166321082839e-09,0.9999991655349731,3.8942241792350174e-11,5.364265120988421e-07
4,3.927711844653459e-08,9.87266431801137e-12,2.050622507831167e-15,2.7673079383561117e-09,0.9999923706054688,4.822338275228821e-12,7.632635970367119e-06
4,4.628120553462622e-09,8.123521820502244e-12,1.6578430599148626e-15,8.578615595666861e-11,0.9999974966049194,5.523651674943508e-11,2.474016582709737e-06
4,3.1695122221231387e-11,3.0609525331071197e-12,2.1214841790851635e-17,2.045796691774182e-12,0.9999997615814209,5.019659818014666e-13,1.8391710909781978e-07
4,1.2652205672036843e-11,5.715634562863947e-12,2.18749877543603e-18,2.6936608325811573e-12,0.9999996423721313,4.251490449296881e-14,3.9924384509504307e-07
4,3.4938172147058744e-12,4.535489551201616e-13,5.830846285710928e-19,7.261380299133924e-12,0.9999996423721313,1.1400952339320203e-13,3.7567093613688485e-07
4,2.0810231315948613e-10,7.885227193416e-12,2.1440798086571315e-16,2.8364571802441674e-10,0.9999927282333374,1.4340557387415576e-11,7.252963769133203e-06
4,4.692369322961687e-12,1.1270349237202382e-11,3.3895111126886335e-18,7.533855483909946e-11,0.9999994039535522,1.4063693243825115e-13,6.285893618951377e-07
4,5.57858342853379e-11,9.610404694271324e-10,4.977759050524939e-16,1.164865870428855e-09,0.9999997615814209,8.545152432870573e-12,2.5704875383780745e-07
4,2.1423728069347447e-10,3.3487960848788134e-08,1.6356299385104738e-14,2.7207336383838765e-09,0.9999982118606567,4.837052980377621e-11,1.7359348021273036e-06
4,1.0767440411507678e-10,1.4756994737297191e-08,8.562654369727828e-15,1.9841150944444053e-09,0.9999951124191284,8.48667594532948e-11,4.902083674096502e-06
4,8.182655109045811e-10,4.6170843148729546e-08,9.661256441129834e-14,4.652595819720773e-08,0.9999957084655762,7.565318510538432e-11,4.189075752947247e-06
4,1.4390404423636483e-09,2.002469017270414e-07,2.803448662450081e-13,1.0405492467668864e-08,0.9999922513961792,1.2041144747954036e-09,7.496164926124038e-06
4,1.862855203427216e-09,5.0560664988097415e-08,9.464412760451513e-14,6.406597918839907e-09,0.9999988079071045,2.0667874356394833e-10,1.169786060017941e-06
4,2.705555335325016e-09,1.0523899618419819e-07,1.6325386409474923e-13,1.1210579131670784e-08,0.9999923706054688,6.988096906690444e-11,7.519478913309285e-06
4,1.7991309775311493e-08,4.001502020400949e-06,5.702280227865009e-12,2.9334288331739344e-09,0.9998520612716675,2.5427804306588087e-09,0.0001438710605725646
6,1.4652337121390246e-08,7.595840401108944e-08,6.812377051357288e-11,9.690991342736766e-10,9.544211206957698e-05,9.830680269828918e-09,0.9999043941497803
6,2.0191121663515332e-08,9.263183642360673e-08,2.4623275640678344e-10,5.485729648313509e-09,7.0663531914760824e-06,1.995302589818948e-09,0.999992847442627
6,1.0865917055014052e-08,7.45725685646903e-08,1.1727263604655036e-10,9.082896101908489e-10,3.493536723908619e-06,1.3650551800026278e-09,0.9999964237213135
6,5.611159181739822e-08,2.760161237347347e-07,2.1394854776701777e-09,1.6161772364853277e-08,3.827370528597385e-05,8.713982424524147e-09,0.999961256980896
6,3.3601182281017827e-07,1.2256990089554165e-07,1.709554098283661e-08,8.380043681199822e-08,1.951340163941495e-05,5.398121771804654e-08,0.9999798536300659
6,6.235892215045169e-06,6.774206121917814e-05,5.106874141347362e-07,1.7668099872025778e-07,1.901815448945854e-05,1.2691204176462634e-07,0.9999061822891235
6,1.908069009459723e-07,3.493379097108118e-08,1.750797906652224e-08,6.6742540383302185e-09,1.5761474969622213e-06,2.4068951276490225e-08,0.9999980926513672
6,5.69128850713696e-08,1.8414336722116786e-10,3.380559387977655e-09,9.030794778652762e-09,4.051768769386399e-07,2.0801543598736316e-08,0.9999995231628418
6,1.519700454366557e-08,6.467482105421141e-10,2.3885851074822995e-09,6.128526575110982e-09,6.896069635331514e-07,1.4842758133681855e-08,0.9999992847442627
6,2.052975567323756e-08,7.316337535812067e-10,6.233065175109687e-09,6.479879743892525e-09,1.0478945569047937e-06,1.3100799378662487e-07,0.9999988079071045
6,8.289831043839513e-08,6.326266621670129e-09,1.3272050125578971e-07,4.419289609813859e-07,9.839660378929693e-06,1.3792072195428773e-06,0.9999881982803345
6,1.4633236844474595e-07,1.163214857768935e-09,1.1961333257204387e-07,3.350651809341798e-07,4.7470571189478505e-06,1.8099603948940057e-06,0.999992847442627
6,5.295555993711787e-08,2.8174134136804696e-09,2.1647485581866022e-08,2.1579435838248173e-07,1.96985656657489e-05,1.0074537613036227e-06,0.9999790191650391
6,2.2106739550054044e-08,4.928213837018802e-09,2.6187839452518347e-08,2.2570894486761972e-08,6.620379735977622e-06,1.8256100702274125e-06,0.9999914169311523
6,4.6550702847980574e-08,9.963851965721915e-09,7.942485780176867e-08,3.4331651477259584e-07,1.0286716133123264e-05,5.419828994490672e-06,0.9999837875366211
6,1.2832322759948056e-08,3.9552485731064735e-09,6.206442026979175e-09,1.120740407145604e-07,1.0203134479525033e-05,7.627272680110764e-07,0.9999889135360718
6,1.8787167377354308e-08,1.897894064128991e-09,1.701450358382317e-08,3.017306937636022e-08,2.478482656442793e-06,6.991508030296245e-07,0.9999967813491821
6,2.397709053525432e-08,2.1066444588768718e-08,2.0290327196192948e-09,1.796081061655741e-09,1.4129497003523284e-06,5.057723484469534e-08,0.9999984502792358
6,6.637433358491762e-08,5.256241024653718e-07,8.79499921779825e-08,1.5651313134412703e-08,5.071328246231133e-07,7.349350994445558e-08,0.9999986886978149
6,4.954515020472172e-08,4.5026094852573806e-08,3.5993164004821665e-08,8.864388334473006e-09,2.2932526633212547e-07,6.350521175590984e-08,0.9999996423721313
6,1.3953254551779537e-08,4.458937219453674e-09,9.231297393164084e-10,2.1080362455627721e-10,4.224538940889033e-08,1.2124902859511622e-08,1.0
6,1.241466218715459e-08,1.9010197860325206e-09,1.1993079862548939e-09,5.04139174850593e-10,3.376502633045675e-08,1.3168939716479144e-08,1.0
6,2.45869036241686e-09,3.844259910401604e-10,2.9801766610049185e-10,2.715811464604201e-10,4.532156339109861e-08,8.921127836458709e-09,1.0
6,4.1642557846444106e-08,2.3056893283524005e-08,1.3876988447236727e-09,4.798192398958179e-10,5.463367642732919e-07,3.49568978208481e-08,0.9999994039535522
6,2.9217746941867517e-06,5.36721563548781e-06,2.4057379732767004e-07,5.4892989709287576e-08,2.793122621369548e-05,3.3456137771281647e-06,0.9999600648880005
6,4.817024546355242e-06,6.991271675360622e-06,6.32623653018527e-07,1.2700841978130484e-07,1.4679169908049516e-05,6.526389825012302e-06,0.9999662637710571
6,4.249292260283255e-07,4.151465418544831e-06,4.544290277408436e-08,8.796249062470451e-08,4.43145518147503e-06,7.577884844067739e-07,0.9999901056289673
6,1.2815414720535045e-06,1.6784264516900294e-05,4.955798544870049e-07,1.118311274694861e-06,1.4169652786222287e-05,3.5744383239944e-06,0.999962568283081
6,3.969975281847837e-08,1.237969354406232e-05,8.368314929896314e-09,7.799521029028256e-08,1.8870012354454957e-05,2.782054195904493e-07,0.9999682903289795
6,2.9756135333514067e-08,3.98130623580073e-06,1.3641448859402772e-08,2.5364943212480284e-07,2.51424671660061e-06,6.527691311930539e-07,0.9999926090240479
6,2.2880458416807414e-08,1.6534442011106876e-06,1.0992579291269067e-08,2.4974085022222425e-07,1.0067032008009846e-06,2.7430053251009667e-07,0.9999967813491821
6,7.783328648258703e-09,1.955756488314364e-06,2.533707110785599e-08,5.278441221889807e-07,3.921537938822439e-07,9.285942041969975e-07,0.9999961853027344
6,3.6139176096128267e-09,3.3770498930607573e-07,1.0414117346257967e-09,1.0954665441431644e-07,7.761178721921169e-08,9.644013232446014e-08,0.9999992847442627
6,1.2477251454257043e-09,7.519956568557973e-08,4.803890063520555e-10,8.606114931808406e-08,3.6930313029870376e-08,6.985214184851429e-08,0.9999997615814209
6,3.610230517314683e-11,3.6355249921626864e-09,3.606271531397809e-12,7.595185813613625e-09,1.3499861672983116e-08,3.2203746336278982e-09,1.0
6,1.131270147003427e-10,1.092018120374405e-08,1.4690512695203495e-11,4.181042001505375e-08,8.55007726840995e-08,8.832289566385043e-09,0.9999997615814209
6,1.302036534145401e-10,2.424462763883639e-08,7.96231396787972e-12,2.4345615656784503e-07,1.703016465626206e-07,2.8538329477356683e-09,0.9999996423721313
6,2.4750581584243037e-09,1.0075027034872619e-07,2.3492893741483556e-10,1.8599693021315034e-06,3.2098412816594646e-07,2.1635713665091316e-08,0.999997615814209
6,1.983425645946113e-09,8.15070606563495e-08,1.7890745829252097e-10,1.2926531098855776e-06,1.0832297903107246e-07,2.2235198571252113e-08,0.9999984502792358
6,2.1249291215497124e-09,8.532654049986377e-08,1.8125519141154456e-10,9.882890026347013e-07,5.616917420070422e-08,1.91950952910247e-08,0.999998927116394
6,5.567918903714997e-10,3.181275687325069e-08,5.102385527977482e-11,1.1961273003180395e-06,3.051314223512236e-08,8.106162852072885e-09,0.9999988079071045
6,2.917262265089704e-10,1.204529365139706e-08,2.1450469872563716e-11,1.2957650596945314e-06,3.849072172101842e-08,5.611098252700231e-09,0.9999986886978149
6,2.2740405392074337e-10,2.4650628205336034e-08,2.5895164484923683e-11,3.095848342127283e-07,5.114928214311476e-08,1.3390126341050745e-08,0.9999996423721313
6,6.532206997533763e-10,3.2605033339905276e-08,6.19214401975654e-11,6.117950306361308e-07,1.9914234883344761e-07,2.4327437841975552e-08,0.9999990463256836
6,1.4309846640969681e-08,3.6825420579589263e-07,6.415277198357217e-10,5.573408543568803e-06,6.382866558851674e-06,1.477795876780874e-07,0.9999874830245972
6,1.989964992787918e-08,6.666368221885932e-07,3.5208542747966476e-09,1.3178863810026087e-05,1.473743964197638e-06,5.747425575464149e-07,0.9999840259552002
6,8.312938670762549e-10,8.803279172298062e-08,1.4877352128017662e-10,3.7111894357622077e-07,1.0343419631908546e-07,1.238865809938261e-08,0.9999994039535522
6,5.119638046835462e-10,9.918282017906677e-08,1.7777308488134413e-12,3.5071916926199265e-08,1.481481604059809e-07,1.9048738142402044e-09,0.9999997615814209
6,3.507957535564543e-10,2.495748141484455e-08,1.1974660629396339e-12,6.068871272191245e-08,4.5321122854602436e-08,9.128344191644544e-10,0.9999998807907104
6,1.0054301141648736e-10,2.0758736241077713e-07,4.374504664755863e-12,5.3398068189380865e-08,1.8621935993223815e-08,2.7144866354689157e-09,0.9999997615814209
6,6.791435035874427e-12,6.60934489360443e-08,8.837209935184942e-13,2.01435557123375e-09,3.3142513178319177e-09,3.1786089316199195e-09,0.9999998807907104
6,1.82537361961832e-13,6.660725659912714e-08,2.4442169073218487e-14,5.051331228300704e-11,4.3667980342831925e-10,9.80054787325102e-11,0.9999998807907104
6,1.1481049401115828e-12,5.131226554766499e-09,4.80239695124611e-14,1.0921401977226353e-10,1.315409670077372e-09,1.614103156688529e-10,1.0
6,1.8631095472822212e-13,1.1516926301524677e-09,1.0826445847746222e-15,2.2519238210283454e-11,6.215147063670656e-09,2.2804511751184364e-11,1.0
6,1.2803449273013356e-11,2.589822400977937e-08,4.179757126347716e-13,3.6354974586316757e-09,8.39036484734379e-09,4.4225900719396805e-10,1.0
6,8.279151669787765e-12,3.556522543135543e-08,4.2432794474314695e-13,6.045597911175093e-10,1.6543090453069453e-08,3.5499048145481993e-10,1.0
6,2.5447885465545994e-10,3.55642015392732e-07,2.134595798730654e-11,3.5357491157128607e-08,3.5390129937695747e-07,6.5366738688510395e-09,0.9999992847442627
6,2.9558325231882066e-10,3.3440812785556773e-07,4.1758860258589436e-11,6.152740184006689e-08,2.691299698653893e-07,8.33391400334449e-09,0.9999994039535522
6,4.157097721613212e-10,5.112622716296755e-07,1.2811808905444089e-11,7.473234830968067e-08,9.299974408349954e-07,1.06800071009161e-08,0.9999984502792358
6,1.7204815350169156e-08,1.7417881963410764e-06,1.5558401234017083e-09,9.540767678117845e-06,2.164288389394642e-06,1.0013972939759697e-07,0.9999865293502808
6,4.810503924090881e-07,9.6776102509466e-06,7.447978589425475e-08,3.079567977692932e-05,1.3576893252320588e-05,1.8999076019099448e-06,0.9999434947967529
6,9.193120042993996e-09,1.5473019630007911e-06,9.259423228158425e-10,2.9862876544939354e-06,3.103261406067759e-06,8.544682117417324e-08,0.9999922513961792
6,1.1100510732831026e-07,2.816685309880995e-06,7.3383854548580985e-09,1.3901705642638262e-05,4.561296464089537e-06,2.2554434053745354e-07,0.9999784231185913
6,1.7413314123970736e-09,4.402018021210097e-07,8.443088589382697e-11,1.4114280020294245e-06,5.27259203408903e-07,8.03669042426236e-09,0.999997615814209
6,5.578535411387975e-10,3.1084141483006533e-07,3.686847008244065e-11,7.557787853329501e-07,7.659240850443894e-07,6.910552130534597e-09,0.9999982118606567
6,5.0884064323186706e-11,6.608387792539361e-08,4.390043883972794e-12,3.6337922892926144e-07,1.3845781268173596e-06,4.099804939983187e-09,0.9999980926513672
6,4.991119063185723e-12,2.2969080859525093e-08,4.1322761185069723e-13,4.150082233422836e-08,1.5009302387625212e-06,1.7665192642013494e-09,0.9999983310699463
6,4.2582395400579676e-13,1.271709759720352e-08,1.615240872911844e-13,2.5351423182939925e-09,1.554751747789851e-06,1.4963432715120462e-09,0.9999984502792358
6,1.2285545844537005e-12,4.361579541978244e-09,3.267475808151066e-13,9.614350204856237e-09,4.873835450780462e-07,1.1768266361400492e-09,0.9999995231628418
6,2.244159719166916e-12,3.854816910120462e-09,5.009880856519933e-13,1.0907606906584988e-07,7.293917860806687e-07,2.571248325367037e-09,0.9999991655349731
6,8.867867784491043e-14,2.5430144101612484e-10,2.9993743711718155e-15,3.769720091639783e-09,8.033633491777437e-08,7.312114802537906e-11,0.9999998807907104
6,2.382735122489349e-13,8.271280188543173e-11,1.911595644418177e-14,5.600563124374958e-09,1.0695006658067996e-08,1.2285845951698349e-10,1.0
6,1.9676405958127946e-13,1.7786818892751022e-11,2.093372269149421e-13,6.745380920492039e-10,5.352450038742518e-09,5.344798381656801e-09,1.0
6,5.340599382001876e-13,1.1958326689986976e-11,1.744200758217046e-13,1.7673682517482803e-09,9.357968622225599e-09,1.8122685574439856e-08,1.0
6,1.5688419530493491e-12,2.4558799438523238e-11,5.30289950406021e-13,1.692073503534175e-08,3.591499364574702e-08,2.642928507157194e-07,0.9999997615814209
6,5.316034938640524e-12,6.892585113771332e-11,1.3725972398612174e-12,2.9453675054469386e-08,9.332460138011811e-08,4.050091604312911e-07,0.9999994039535522
6,4.654043643526062e-12,1.493731874302462e-11,4.883797901679421e-13,1.6039065187101187e-08,3.636518286498358e-08,6.140268737908627e-08,0.9999998807907104
6,1.9429900396938926e-12,1.3601421378073297e-10,2.1539452079583077e-12,3.077591159694748e-08,5.358826271617545e-08,2.858531189531277e-08,1.0
6,2.094978487562904e-12,1.9485549285214177e-10,1.0020370817820368e-11,1.9199614342824134e-08,7.039275118359001e-08,1.2854147257712611e-07,0.9999997615814209
6,1.0105355137748906e-12,4.4760164324975094e-11,8.392863660999783e-12,4.3005535133033845e-08,2.606656934744933e-08,1.7620306991261714e-08,0.9999998807907104
6,2.929540941429276e-12,2.7168267635602206e-10,1.5143259909922158e-11,2.5717959317717032e-08,6.392814810851633e-08,2.5345475052063193e-08,0.9999998807907104
6,3.1727652189533773e-12,1.3023897238451099e-10,1.7754507716447043e-12,1.441315777839236e-08,1.5749737514170192e-08,2.9612645668919413e-09,1.0
6,1.8036384885622425e-10,1.5092552763107392e-09,2.852774440287309e-11,6.908840077812783e-08,8.656705574594525e-08,1.6445403261400315e-08,0.9999997615814209
6,1.5508765105476385e-10,6.911775596307734e-09,2.6508746586717535e-11,3.1063876804182655e-08,1.6307458849951217e-07,2.242826369069917e-08,0.9999997615814209
6,8.612014573694537e-11,1.6410966807711702e-08,1.3781187302441822e-10,5.28454684456392e-08,3.2786473980195296e-08,3.143820492823579e-08,0.9999998807907104
6,2.3601989806998347e-10,1.5117681329002153e-08,1.4077568277759411e-10,1.1546253375627202e-07,5.812690773154827e-08,4.888227067567641e-08,0.9999997615814209
6,5.3003542527241265e-11,3.170471174485101e-08,5.60950175199082e-11,5.983985715829476e-07,1.7323007739378227e-07,2.1723741028267796e-08,0.9999992847442627
6,3.219302324719564e-10,5.063751018496987e-08,3.571866968865578e-10,4.2818788870135904e-07,2.336275315428793e-07,4.1182143917239955e-08,0.9999992847442627
6,2.7822030790325414e-10,1.0206020029102092e-08,9.871233691560732e-11,3.475577443623479e-07,8.425790554156265e-08,1.2108695379708934e-08,0.9999995231628418
6,1.066408558680898e-10,1.4889173449716964e-08,3.847724916461459e-11,2.972667516587535e-07,4.614676925029926e-07,8.128600015311349e-09,0.9999991655349731
6,1.0028942953876907e-10,6.765328297575479e-09,4.5488363076273686e-11,1.425392781584378e-07,1.5677959197546443e-07,7.464365125997574e-09,0.9999997615814209
6,5.416205331454371e-11,5.513342227203566e-09,9.039195086879559e-11,4.838756808567268e-07,1.4927231006822694e-07,5.709409389709208e-09,0.9999994039535522
6,1.7480147884718633e-10,1.4541958748282013e-08,3.219755573269367e-10,5.986506721455953e-07,5.101973101773183e-07,1.692914608497631e-08,0.999998927116394
6,8.908122156592313e-11,7.711447480573952e-09,1.0237669045842779e-10,2.698773471365712e-07,5.327817120814871e-07,8.79595596359195e-09,0.9999992847442627
6,7.534051854607426e-11,6.582287159773159e-09,6.601416635554358e-11,3.962586845318583e-07,7.547148470621323e-07,9.58217771795944e-09,0.999998927116394
6,3.23978725791374e-11,6.8927334950785735e-09,4.76780906422114e-11,2.8928957362950314e-07,5.532993441192957e-07,1.889674905442007e-08,0.9999990463256836
6,1.3142264186638553e-11,5.1506288123448485e-09,2.058360946965987e-11,6.683896458525851e-08,4.3256773096800316e-07,2.5484441223966314e-08,0.9999994039535522
6,2.4021845710514578e-12,1.6202047481428394e-09,5.431101748887279e-12,7.75996600310691e-09,1.5390919827495964e-07,1.2866382625986716e-08,0.9999998807907104
6,1.1252177575110656e-12,1.0283278673028917e-09,3.140553572408833e-12,3.774880141804715e-08,2.3106288438157208e-07,3.2532176952315695e-09,0.9999997615814209
6,3.926286108301563e-13,3.350958122094738e-10,2.2259343673836085e-11,1.7000740371031497e-08,4.316619950373024e-08,9.217227869839917e-09,1.0
6,8.225360090307124e-14,6.188585061073226e-11,2.862785149996411e-13,2.018990974406165e-09,5.2210584300382834e-08,1.4393472524965034e-10,1.0
6,6.218415810489014e-14,3.37490729807044e-11,5.131372215159968e-13,1.96875848956779e-10,2.4724942093712343e-08,7.357933706764186e-11,1.0
6,8.505602363921561e-13,1.47819045892561e-09,4.130958686232589e-09,6.16922646301532e-09,6.208360758819254e-08,1.3959748912384384e-08,0.9999998807907104
6,1.0556990177879033e-11,1.5786960627650615e-09,7.997620343758172e-10,3.535304049506749e-09,1.0414990470053453e-07,8.168954401810424e-09,0.9999998807907104
6,1.7935109994371423e-11,1.2724092612881321e-10,1.56263224582176e-10,1.6698027682782168e-10,6.197828028575714e-09,2.3773423230011304e-09,1.0
6,1.3757342487430435e-10,6.342490976862791e-10,9.384184540550677e-10,5.631646260439993e-10,5.1226724195885254e-08,4.608383008530836e-09,1.0
6,1.2512841240583383e-12,7.621371589383585e-11,2.2237500729715975e-10,8.809183243974061e-11,2.563225187657281e-09,2.908334018059122e-09,1.0
6,4.9516482223104646e-14,1.6810328684613296e-09,8.085913272282141e-09,2.003384957927068e-10,6.517730799515675e-09,4.232862593767095e-08,1.0
6,2.2454493776510875e-13,1.3202784421295632e-09,1.7991739653666627e-08,4.543931619860331e-10,1.7098038540552807e-08,3.5039160906080724e-08,1.0
6,9.386993271446112e-14,1.1400349553269962e-09,3.3204272664733026e-09,1.2361296708451874e-10,2.3533962334454372e-08,1.0187704013731036e-08,1.0
6,1.1940445919338127e-13,3.658640723713802e-09,1.1891150286658103e-09,1.8594911721514507e-10,5.9211227920741294e-08,3.379265089975547e-09,1.0
6,3.629918631301021e-13,4.266246023121312e-09,1.5078633452958456e-08,9.78135572538008e-10,1.7748473624124017e-07,1.627943824189515e-08,0.9999998807907104
6,1.1386872618857763e-13,6.042830680286215e-10,2.756279232629666e-11,1.6175423500630615e-10,1.2981580255200242e-07,8.256069439216418e-11,0.9999998807907104
6,1.3599637095716016e-13,8.855582933620099e-10,3.8979003358363684e-10,5.370813793703633e-10,5.786872847579616e-08,1.2198475562996691e-09,1.0
6,4.3837221179454655e-14,7.851120309432247e-10,2.874536997321542e-10,2.5194171193732018e-09,3.294293549060967e-08,4.9048591854727874e-09,1.0
6,4.808329841059222e-13,5.472148845164782e-10,4.685856147546019e-10,1.6342490694043477e-09,2.3351084621481277e-08,9.452434390766484e-09,1.0
6,8.271946224779753e-14,4.98138419402494e-10,2.733423487555342e-10,8.979511356699277e-09,4.583712298611431e-10,4.026186495309503e-09,1.0
6,7.539858494498564e-13,1.265328175570346e-09,1.8710194282789416e-08,1.5024424726561847e-07,1.9474521995022087e-09,4.38610960884489e-08,0.9999997615814209
6,4.367148732486309e-13,1.2354840484007923e-09,1.7592496348584064e-08,2.7012205805476697e-07,7.68048846744307e-10,7.064048901384012e-08,0.9999996423721313
6,2.8589371131983524e-14,7.605749918759841e-10,2.7524302281811686e-10,6.37166763794994e-09,1.1376340841584565e-10,3.948403382025845e-09,1.0
6,3.3459969820889834e-13,1.3218305339179892e-09,3.8840313187904485e-09,4.59902445015814e-08,4.392116392804013e-10,5.265038893753626e-08,0.9999998807907104
6,9.183917732205615e-13,1.6001777680685336e-09,1.68472489292526e-08,6.517857542576166e-08,1.3282600574981984e-09,6.931027485279628e-08,0.9999998807907104
6,1.4545984317222704e-13,2.305869051255627e-09,7.588221961896124e-08,1.2538993132693577e-07,1.2164479423759644e-09,1.2192738552130322e-07,0.9999996423721313
6,7.230316436443018e-15,1.5496207650400606e-09,6.06100192257486e-09,4.3252402548432656e-08,2.6587451684711993e-10,1.82779960056223e-08,0.9999998807907104
6,3.570988584044102e-14,3.319925445666172e-09,1.621119452011044e-07,2.094837583399567e-07,6.527029472458423e-10,1.773785811565176e-07,0.9999995231628418
6,1.6867457951208475e-12,4.892642735399022e-09,1.0185213739077881e-07,1.7034948029959196e-07,4.898590866275754e-09,4.860850140175899e-07,0.9999991655349731
6,5.723909166739302e-14,1.508460689692015e-09,3.109143875690279e-08,4.400371267365699e-08,2.166386625646055e-09,2.7095774157714914e-07,0.9999996423721313
6,6.325166356391937e-14,8.89524218172788e-11,1.1607071553898507e-10,5.703478245244753e-10,2.2016408696146073e-09,8.820103758466757e-09,1.0
6,1.3558242934396877e-14,5.3949591322099977e-11,2.35878760967978e-09,7.375430821632278e-10,1.168905749970861e-09,8.658552985707502e-09,1.0
6,5.77298058058247e-16,1.2270242114031937e-11,2.640721842583904e-11,5.813193676429407e-11,1.1515366438175079e-09,3.2371544333997804e-10,1.0
6,7.116836891400517e-15,2.220454722867693e-12,3.2049402194644916e-12,7.299031518082089e-11,5.497132971044039e-09,2.2402552035671874e-10,1.0
6,7.820096027904869e-17,1.0794219684751027e-11,4.424148547510498e-11,7.936878237968514e-11,2.1303367958580566e-09,1.6743545439013019e-09,1.0
6,3.485446345536064e-15,2.4778771048894477e-11,4.2707073229404646e-13,3.717982172135592e-11,1.2249822489707185e-08,1.379194397577166e-10,1.0
6,3.0817093617767225e-15,8.275746060659728e-11,1.0504812991696255e-10,5.489586007989544e-10,3.144720395198419e-08,1.2759027612219143e-08,1.0
6,8.445325059940056e-16,7.834706494680432e-11,3.1679294604236574e-11,1.871960364496772e-10,6.0299965021215485e-09,1.0105453362996286e-08,1.0
6,2.9591322593642373e-15,2.4224306588438438e-11,9.965893128099923e-13,2.7360143664556524e-11,1.2038258390134615e-08,3.1135508060664563e-10,1.0
6,6.185884324303587e-14,5.920808288095714e-11,2.6398832122034865e-13,5.3981909220457425e-11,5.666865021680678e-08,5.910597011826724e-11,1.0
6,5.0337685747665374e-15,5.7985647533564944e-11,2.8026697716093674e-12,2.267353318985421e-11,8.417357477696896e-09,5.285933357690453e-10,1.0
6,3.148190013191397e-15,2.758225592369712e-11,7.0956495887286586e-12,2.1107629533112515e-11,1.000358373914878e-08,1.1112665232460017e-09,1.0
6,1.048879373925695e-14,2.0001233308475364e-11,3.539504453420328e-11,9.201023970506483e-11,3.46889672542261e-09,1.2524871140229266e-09,1.0
6,2.289425701969272e-14,6.339388649440059e-12,1.0215669456192789e-11,2.4451862409846647e-11,7.321832029560937e-10,5.423013149652434e-10,1.0
6,1.7470374376760828e-13,1.0654452146929838e-11,2.0787205290417887e-11,1.3201015280905892e-10,3.4964704465068053e-09,1.7541531560638646e-09,1.0
6,1.4488595869929788e-12,5.786619013820049e-12,3.79177375262052e-12,8.602345918928833e-11,7.722919193042799e-09,8.432345377507033e-10,1.0
6,4.492273740497321e-12,7.857658967935777e-12,9.805592969536203e-12,6.834477428441232e-11,7.182931582860874e-09,1.2739397314831535e-09,1.0
6,4.361672698363628e-13,1.6838799235183166e-12,1.167181802597117e-12,4.2641022657274874e-11,5.455214613370174e-10,1.4565472439276306e-10,1.0
6,7.400096160847802e-12,1.1520517179119949e-11,1.053938620404482e-11,7.373655158682269e-11,3.773518386651631e-09,5.70097635765876e-10,1.0
6,1.787476763825957e-11,2.9135832635418524e-11,1.0102045935878046e-11,1.1561561708006707e-09,2.455870173889707e-08,3.1029862013198795e-10,1.0
6,1.1691498463806127e-11,6.111284395204919e-11,2.308155576391524e-11,8.565381182101817e-10,1.474764044218091e-08,5.821073623124562e-10,1.0
6,2.0532176653320633e-11,6.310042072188438e-11,5.87953019604015e-11,1.1172173186579926e-09,8.931991146710061e-09,7.221088171860401e-10,1.0
6,4.725423177753818e-12,1.622310064064436e-10,1.0600821609418887e-10,3.3007956368180658e-09,7.6027815154589e-09,3.718388374984727e-10,1.0
6,5.862025708597285e-12,2.38223085702316e-09,7.998963713617968e-10,5.601933850130081e-08,1.785196523940158e-08,1.1011958012119294e-09,1.0
6,2.887074433688408e-11,3.5131828557410927e-09,3.298352146963168e-10,4.553601939960572e-08,1.786061609720946e-08,3.5878741644346235e-10,1.0
6,2.4466337289474893e-10,2.349519911959419e-09,1.0176778864057212e-10,3.6106269085678377e-09,1.9098084891311373e-08,6.951250686171306e-10,1.0
6,2.1857150811488424e-10,6.260417073633562e-09,1.527898918496362e-10,5.349265919107893e-09,2.5340646914173703e-08,1.877302202579756e-10,1.0
6,6.3941270056488975e-09,3.518152169590394e-08,7.153884151733791e-10,8.96084184631718e-09,3.130316486021911e-07,1.3558453249018498e-09,0.9999996423721313
6,9.274710777162909e-09,1.0211473977506103e-07,1.002865457344626e-09,4.0113988575285475e-08,7.490181701541587e-07,1.2214786959674484e-09,0.9999991655349731
6,1.638825430916313e-08,3.804524908446183e-07,3.6967265359955093e-10,2.7100954369529973e-08,1.925565356941661e-06,6.620944903446002e-10,0.9999977350234985
6,1.8567764215049465e-08,8.632442245470884e-07,6.306574151793143e-10,1.5245893436599545e-08,3.851435394608416e-06,1.6330450325341417e-09,0.9999953508377075
6,1.4747110199664348e-08,2.4125984054990113e-07,2.0797888411472343e-10,5.022823490463679e-09,5.179673735256074e-06,6.746321834505409e-10,0.9999945163726807
6,1.0192890442795033e-07,2.2659157821180997e-06,3.0525775240874964e-09,1.3206383542296862e-08,6.88650761730969e-05,1.5696974386969487e-08,0.9999287128448486
6,1.926271586683015e-08,9.082763199330657e-07,7.969285786835201e-10,1.8255320810567355e-08,1.7886608475237153e-05,8.489236869024808e-09,0.999981164932251
6,4.1781060389212143e-08,6.197291213538847e-07,6.955714337841812e-10,2.938880072633765e-08,5.7348770496901125e-05,2.1662668103772376e-08,0.9999419450759888
6,1.7415213449112343e-07,1.6550409327464877e-06,1.0339305411832811e-08,1.8922199274129525e-07,8.482202247250825e-05,1.8271850876772078e-07,0.9999129772186279
6,3.2146427741963635e-08,3.331616369450785e-07,1.463852594696391e-09,2.079798520071563e-07,7.4943250183423515e-06,2.9490498931750153e-08,0.9999918937683105
6,5.88033586268466e-08,4.4456515979618416e-07,1.5949308540541551e-09,5.027077349950559e-07,2.7709143068932462e-06,2.8285658260074342e-08,0.9999961853027344
6,1.2459581810730924e-08,1.3651749952714454e-07,4.215709448196492e-10,5.435265393316513e-08,5.162490310794965e-07,1.5690780230670498e-08,0.9999992847442627
6,2.009907440481129e-08,1.417455308683202e-07,1.143001804315702e-09,2.2907993013632222e-07,3.7656468521163333e-07,1.8488503172875426e-08,0.9999992847442627
6,2.38263933027838e-08,9.178734927672849e-08,3.3138117250253174e-10,2.4035526280385966e-07,3.0732874733985227e-07,7.538388580030642e-09,0.9999992847442627
6,1.3029424650312649e-08,3.617831723090603e-08,2.7368697586016566e-11,9.048059723681945e-08,1.246760632511723e-07,1.2465880550038833e-09,0.9999997615814209
6,9.053598759578563e-09,2.121473841043553e-08,8.061065009945523e-11,3.5185824032168966e-08,5.532404045993644e-08,2.386018715938576e-09,0.9999998807907104
6,1.965701601491787e-09,4.330777514383044e-09,6.807776998379866e-12,5.419489745861483e-09,2.162544987527326e-08,4.3787840020570457e-10,1.0
6,1.0814693585103896e-09,1.519973258368168e-09,5.075540682186741e-12,3.8307064187392825e-09,8.941348106361602e-09,1.6864143415062927e-10,1.0
6,7.597772411216397e-11,3.4153688210913913e-10,6.825712683868751e-14,3.529326553231016e-10,1.832120766209755e-08,1.0766379107685076e-11,1.0
6,4.0036848836244587e-10,3.3502949303709784e-09,2.2126161580010573e-12,4.6091912508927635e-09,1.048785023272103e-07,3.6650411872063415e-11,0.9999998807907104
6,8.966598574744467e-10,2.65935429233366e-09,8.294982539389095e-13,6.3764300506363725e-09,4.2594959381858644e-07,1.198032818783279e-11,0.9999995231628418
6,5.404792169372286e-10,7.977350446886078e-10,1.9268484377499284e-13,2.2061867888112374e-09,1.0522368256715708e-06,1.2615568312224212e-11,0.999998927116394
6,1.676322275434572e-10,1.1642325992156088e-10,2.594958210984377e-13,5.76312997324635e-10,4.000971998152636e-08,1.3342868476762249e-11,1.0
6,8.581142463270908e-10,7.408421098809015e-10,2.5631276615034615e-12,2.403365506609134e-09,2.5632220967963804e-07,1.1941325706033012e-10,0.9999997615814209
6,1.7515443540006004e-09,4.711837586768297e-09,4.45228229284389e-12,2.800209397690878e-09,6.324617629616114e-07,9.262629552253543e-11,0.9999994039535522
6,9.743147399987606e-10,1.0463003796701287e-09,4.1496840685883996e-12,1.1082079698354619e-09,6.086224857426714e-08,1.9751258961697715e-10,0.9999998807907104
6,8.618168401142157e-09,4.5819836813620896e-09,1.3560648437493938e-10,2.624436667986174e-08,6.245308981078779e-08,1.222556389457452e-09,0.9999998807907104
6,5.629143817742488e-10,1.8392486422769139e-09,6.151159009232243e-12,1.0401838279605613e-09,5.400125147048129e-08,2.0499980879495894e-10,1.0
6,8.524549816035787e-11,5.496920141290218e-10,2.6565529290256684e-12,6.095757787427658e-10,8.167366338796e-09,8.614479268809205e-11,1.0
6,7.655380218629659e-10,2.3775192925512556e-09,2.9369039752230597e-12,4.6277237597536214e-10,2.1296148844385243e-08,4.1995654176396613e-10,1.0
6,1.421418538427588e-08,8.862110689733527e-08,8.255803263246264e-10,2.5330962216685293e-07,4.289027089043884e-08,6.962981746738706e-09,0.9999996423721313
6,5.6865427922048184e-08,7.327129765144491e-07,1.269659843927684e-08,9.709475307317916e-06,1.6524377599580475e-07,3.5934397679682206e-09,0.9999892711639404
6,9.091192509913526e-08,3.6224616906110896e-07,3.293352435207453e-08,8.561391950934194e-06,1.256580617337022e-07,4.602510728091147e-08,0.9999908208847046
6,2.662180254020541e-09,1.2745031696681508e-08,4.992851687646294e-10,2.702186748138047e-06,1.7109464955922249e-09,5.102380185029176e-10,0.9999972581863403
6,1.9142264662264097e-08,6.512408390335622e-08,1.2953747796640158e-10,9.577419177730917e-07,3.6979479034471296e-08,1.82735326870187e-10,0.999998927116394
6,1.8793228084845737e-10,9.072579132407554e-09,6.455775497515859e-11,6.040540956320228e-09,1.5708860601204577e-10,1.9816542851103236e-10,1.0
6,1.7884657296796114e-11,5.308588679753257e-09,1.8403993064762536e-13,1.7489772130563352e-10,6.9750543119084796e-09,2.0458136920642467e-11,1.0
6,3.6048167229019157e-10,1.092099992661133e-07,1.345423772391996e-11,7.757874898040029e-10,1.5515855267267398e-08,2.0851581572500777e-10,0.9999998807907104
6,7.639607835230322e-10,4.799962312063144e-07,1.0409284545431774e-11,9.27051657662048e-10,7.691988912483794e-08,8.01927205196229e-11,0.9999994039535522
6,5.751518705743308e-10,6.832628969277721e-07,3.0102552395216975e-12,5.880033682181818e-10,4.246096452220627e-08,3.2297189228591705e-11,0.9999992847442627
6,5.003678027470926e-10,1.3018501476835809e-06,3.798849429470508e-11,8.285924724127369e-10,1.8480898233974585e-07,1.9084889224529888e-10,0.9999984502792358
6,7.348279103258637e-12,2.0688396773493878e-07,2.0372030885146275e-12,9.337951939469846e-11,5.925617685420548e-08,8.472381650415084e-12,0.9999997615814209
6,1.6860569884702414e-10,7.471405183423485e-08,9.617266835335037e-13,9.529448063982926e-11,1.484308427279757e-07,1.5094724081787803e-11,0.9999997615814209
6,1.4776642409675134e-10,2.0904343500660616e-07,1.2099022304867812e-11,1.4434994866086015e-11,5.809221192976111e-07,4.190933711178957e-11,0.9999991655349731
6,3.2385063519768664e-08,3.9396932152158115e-06,7.125467577084876e-11,1.0712729592299297e-09,6.7756827775156125e-06,1.1858129755903946e-10,0.9999892711639404
6,1.3856948477553033e-08,1.7007674841806875e-06,2.1943342976005198e-11,1.389598103251899e-09,6.429092991311336e-06,1.200388746736003e-11,0.9999918937683105
6,2.032695789466743e-09,7.502792698232952e-08,1.8664460168377195e-12,1.1110732334174145e-09,2.687858113858965e-07,1.641888339697084e-12,0.9999996423721313
6,5.182983375817685e-09,1.116794123845466e-07,7.13269157279206e-12,3.780202817438294e-09,8.459190325993404e-08,6.452778849447283e-12,0.9999997615814209
6,2.1948222406198425e-10,2.1093011781658788e-08,9.757489954909104e-13,7.294747583763694e-10,1.6870168595417567e-09,7.144971463438066e-13,1.0
6,1.3158385785052434e-13,4.523400751188511e-11,8.649563338247908e-15,5.089898554716532e-12,4.352375664734565e-12,3.663065131168791e-14,1.0
6,1.0773439432232301e-12,2.375007135402285e-10,9.98262548470262e-15,3.2675286087968658e-12,6.050982631622404e-11,2.4568945510873574e-13,1.0
6,1.830815186953938e-11,6.193274781907121e-10,2.337345161168569e-12,4.4219294892400285e-11,1.4918308255396084e-10,2.6836274522046288e-11,1.0
6,6.083242416743406e-12,3.915356927564062e-11,3.222764394759936e-13,2.5776608278405e-11,4.4874461785360253e-11,3.3550540817772756e-12,1.0
6,1.1519669766701934e-13,1.0105212500111094e-10,5.024229730171692e-13,3.538044423406772e-12,9.606641003523375e-12,6.078185697810934e-12,1.0
6,6.102356033682588e-13,4.15668194309049e-11,9.601222642180007e-15,1.9875496647808744e-12,3.7973339750418944e-11,5.415500404885865e-13,1.0
6,6.823767245700552e-12,3.287605743196309e-10,9.065568662511986e-14,8.655749728081474e-12,4.014365923010743e-11,1.3251507096495585e-12,1.0
6,7.220998105017529e-12,2.5684848692364426e-10,7.928090150523259e-14,4.167889124107038e-12,3.363750944451738e-11,1.4766103921190488e-12,1.0
6,6.822257602595583e-12,2.1781655645813913e-10,5.488007509373005e-13,3.498868555995571e-11,1.3193935527455736e-11,1.7960090879787227e-12,1.0
6,2.3358802739292805e-11,5.426727400781317e-10,3.768104318152554e-12,4.098776526517689e-11,4.784037402338903e-11,1.5000273592691293e-11,1.0
6,2.6819541379397016e-11,6.349908099334556e-11,1.0148932475667616e-12,1.0420414531253641e-11,1.1886557710338863e-11,5.594085524668335e-12,1.0
6,2.928933831580771e-11,7.915346329767647e-12,1.4343519048280046e-13,2.044634643885712e-12,1.6041980244185794e-11,1.1224298400447363e-11,1.0
6,3.9962755327138666e-11,6.9569875034425355e-12,8.356341199512382e-14,1.3142114349898315e-12,4.609695004181846e-12,3.174653899137847e-12,1.0
6,1.1173152403287645e-09,4.0076431062630036e-10,5.056435413604288e-13,2.097215109908568e-11,3.3180513892006047e-10,6.835282773814955e-12,1.0
6,1.5612715564827795e-09,3.6760069987984423e-10,1.1044923656222672e-12,1.9360030939497008e-11,3.918743385344925e-10,1.818744634063396e-11,1.0
6,5.888298182377127e-10,2.968412404769083e-09,3.197489473714954e-13,6.166382942457416e-12,2.511730823329117e-09,9.270618994694502e-12,1.0
6,6.208082381498059e-10,4.979562984175345e-09,4.539695103666051e-14,1.3080396141229578e-12,3.756033706281414e-09,2.3166139145880393e-12,1.0
6,4.5150700955787215e-09,3.2082541068234605e-09,2.1128635137052793e-13,4.841553807172216e-12,2.122901854306747e-09,5.37473321057802e-12,1.0
6,5.00866370600761e-09,3.6360867650131468e-09,1.185014543089724e-13,4.6633829610398525e-12,6.789646178617659e-09,2.8560675959660164e-12,1.0
6,1.7725292067449772e-10,4.401624897898415e-11,1.1358452630598308e-14,2.4392865657051066e-13,2.7755525655592805e-10,1.749245713555947e-12,1.0
6,7.088885468214956e-12,7.629145253908176e-13,4.3102589716059237e-16,1.660426997447933e-14,1.766500314082098e-11,4.647149635592096e-13,1.0
6,4.1222991686851174e-10,5.060792063193986e-11,2.6811572642507046e-14,3.0403305741055764e-13,2.0687391799611987e-09,1.0694541606459662e-11,1.0
6,9.46935951873229e-09,4.0887176311343865e-08,8.718790663400644e-13,3.692410960320913e-12,6.466604673960319e-08,2.8233922144682566e-11,0.9999998807907104
6,6.606641278494862e-08,6.8628864937636536e-06,5.2832915993505924e-12,1.2364413312648814e-11,3.590301048461697e-06,1.238606439635248e-10,0.99998939037323
6,2.2117048956715735e-06,0.0001411816047038883,4.6168996403750384e-10,8.835860515477023e-11,3.8992475310806185e-05,2.5642485912413804e-09,0.9998175501823425
6,3.890017978847027e-07,1.0978271802741801e-06,3.1832772529050146e-11,7.745167354689109e-12,6.162094905448612e-07,2.403924004301672e-10,0.9999979734420776
6,7.98314800931621e-08,1.870010493121299e-07,5.458228313770519e-11,2.90311871764537e-12,2.786316422032087e-08,2.1823566564993513e-10,0.9999996423721313
6,1.843688202107785e-09,1.0530952498921664e-10,2.570274451173943e-13,1.3386649644689386e-13,1.4637332457212437e-09,1.4616365409669818e-11,1.0
6,8.488174746412724e-11,4.387886581858069e-11,1.3010364236420904e-14,6.359728011145344e-14,8.705200116310152e-09,2.6657298330540202e-12,1.0
6,4.107757689553182e-09,3.301727335980331e-09,2.4141914595904312e-12,5.418034510623615e-12,1.0875141676081057e-08,3.0181121490890916e-11,1.0
6,1.8780742294666197e-08,8.45517078573721e-09,2.7627587717571345e-11,1.283817496755546e-11,1.080964739941237e-08,2.3163998497111038e-10,1.0
6,1.0351862700375136e-09,6.431079224711311e-09,2.8241506355719537e-12,1.847642048039e-12,7.503521359808474e-09,4.683298540641978e-11,1.0
6,2.527806852725689e-09,2.792083231284437e-09,2.6287715060302475e-11,1.5162220437514584e-11,1.4071377396618345e-09,1.436695068468552e-10,1.0
6,6.274068375944353e-09,4.575239631599004e-10,3.7383474787988646e-11,1.5085517904300794e-11,1.1911626129901265e-09,1.660946796766538e-10,1.0
6,1.0764075852875976e-08,2.7958813042516795e-10,3.328002595726076e-10,5.615543446912952e-11,3.05724712212907e-09,8.805576268144932e-10,1.0
6,3.785205393569413e-08,1.983128800064904e-10,1.2252130421330776e-09,3.949754759369206e-11,3.4045219976519547e-09,1.250572645439263e-09,1.0
6,4.4091521544942225e-08,1.2020441586546582e-10,2.07733918955455e-09,1.2287437733959905e-10,4.325452884756942e-09,8.980055588025948e-10,1.0
6,1.8991036299098596e-08,6.424109161295988e-11,1.7764458792868254e-09,4.5869634479611676e-11,5.369290789758452e-09,5.884188691851477e-10,1.0
6,2.9354929154123965e-08,7.580980287968941e-11,1.0007338291373458e-09,5.230010868828572e-11,4.3521666270862625e-09,2.1259925764294252e-10,1.0
6,8.086915137539563e-09,2.4610946960934577e-11,5.092982147125724e-10,1.3485223354647857e-11,1.1015445222639642e-09,5.855424478617977e-11,1.0
6,7.932636947316496e-08,1.5057755042846566e-10,8.426801478833568e-09,3.603510545513444e-10,4.338978953910555e-09,6.508508731961626e-10,0.9999998807907104
6,0.00022530200658366084,5.458890086629253e-07,2.9010452635702677e-05,5.638859761347703e-07,1.0812783330038656e-05,1.4786796498356125e-07,0.9997336268424988
0,0.9833807945251465,0.00023750575201120228,0.0022451707627624273,0.0012182111386209726,0.0012101836036890745,1.3019541711400962e-06,0.01170683279633522
6,6.060159876142279e-07,9.780656284874567e-10,3.4954905459017027e-07,1.3151130850985737e-08,6.730008106359264e-09,9.386647015219296e-10,0.9999990463256836
6,4.110273454926983e-09,2.199295433269466e-12,8.098878900852924e-09,6.359471282912921e-11,1.4043619045445155e-10,1.5801294994677306e-10,1.0
6,2.3556589212603285e-07,8.660647199398852e-10,1.553067932036356e-06,5.311374895455856e-09,2.6699796151774535e-08,5.705560024438228e-09,0.9999982118606567
6,6.934489249488252e-08,2.931359321944882e-10,3.512990076615097e-07,1.0885630175039296e-09,4.632174199770134e-09,2.4410635734994912e-09,0.9999995231628418
6,6.902682869736054e-10,3.5069359525727317e-13,1.58166213459765e-09,2.1726750606965162e-11,6.920057304959926e-10,2.318915059973392e-10,1.0
6,1.0164717956229197e-09,3.2118657234715686e-13,1.779263847367929e-09,1.4823459126844796e-10,6.026670829051284e-10,3.5390404495849737e-10,1.0
6,2.4305695234261293e-09,4.3862586089279954e-13,2.3054399278521487e-08,6.946612174374422e-10,8.69656624491455e-10,1.5669396891127008e-09,1.0
6,1.321381337682226e-10,4.050995040176357e-14,6.033110677705622e-10,1.0489836083094062e-10,3.0011165774723736e-10,9.914770393582018e-11,1.0
6,1.57538676548441e-10,2.4961085173628994e-13,9.692477931366739e-09,2.291698830703126e-09,7.160015913498796e-10,3.181652719064232e-10,1.0
6,3.930571867982735e-09,2.3398696175069844e-12,1.0460141197654593e-07,5.844575667879326e-08,1.3695925504819684e-09,1.041672748058886e-09,0.9999998807907104
6,1.5001969111416713e-10,6.5580227880113195e-12,4.762903316191114e-08,1.5021289812011673e-07,1.0417501306037025e-09,5.562529950542405e-11,0.9999998807907104
6,1.932277671201632e-09,1.364209006177175e-11,5.193559218241717e-07,3.1930295563142863e-07,4.239949225048889e-10,2.5419988336494725e-10,0.9999991655349731
6,8.283017826314631e-13,1.2041695494468402e-13,2.0464666072861348e-10,5.15427533986923e-10,2.757335158809493e-12,2.4779514377903933e-12,1.0
6,1.223742136270689e-12,1.0830711463316947e-13,5.740749542404444e-10,3.39362205004079e-10,2.8471094839360722e-12,9.554816139678568e-12,1.0
6,8.053377409389384e-12,2.674008746633011e-13,5.14621956160255e-10,3.6307692963255533e-10,3.030190681707623e-11,1.343270026460397e-11,1.0
6,5.40428923834213e-10,7.773772077446228e-12,6.515626296277333e-07,2.34722197234305e-08,5.399488078872139e-10,3.984358620812145e-09,0.9999994039535522
6,2.4293796141439117e-11,2.9327829227654423e-12,3.6883437815049547e-07,4.8363637539239335e-09,1.0004409800590253e-10,1.1946684752572878e-09,0.9999996423721313
2,2.8856392830789446e-09,3.151628735764689e-09,0.9999823570251465,5.980398896099359e-07,1.3642831309113035e-10,1.4840723316922322e-08,1.706594593997579e-05
2,3.8090547382907403e-10,1.0338218059402493e-09,0.9999971389770508,1.1092596423623036e-06,1.4806822434820788e-11,2.080505545620781e-09,1.8471210978532326e-06
2,9.044138238323285e-08,7.680342584137634e-09,0.9999648332595825,3.152773206238635e-05,9.693389424469956e-10,8.43464231792268e-09,3.4895404041890288e-06
2,6.722704060102558e-10,3.696956907273119e-10,0.999998927116394,9.961971727534547e-07,1.6407859446121442e-11,2.49539083840844e-10,7.378680777492264e-08
2,3.9786421379695014e-10,1.018908291072762e-09,0.9999985694885254,1.3204700053393026e-06,1.2472441482391794e-11,3.748275856363392e-10,7.517538591628181e-08
2,5.508030653800233e-07,2.580915747785184e-08,0.9999213218688965,7.748331699986011e-05,1.922800363374222e-09,9.572552750469754e-10,5.868274115528038e-07
2,8.142104945818573e-08,2.0522366028785655e-08,0.9999668598175049,3.2202286092797294e-05,8.986954513900969e-10,1.0124793226040651e-09,8.133021083267522e-07
2,2.983487457086653e-09,3.108100443682815e-08,0.9999825954437256,1.6355852494598366e-05,1.7330442636520615e-10,7.037012084154526e-10,1.052824018188403e-06
2,3.194969266928638e-08,3.2616028988741164e-08,0.9998993873596191,9.337211668025702e-05,1.1848887426779697e-09,9.200153971988811e-10,7.176174221967813e-06
2,6.716765810210745e-09,1.1954557344040495e-08,0.9998262524604797,0.00017022527754306793,3.2340186084667266e-10,3.338421761256427e-10,3.574724587451783e-06
2,1.726215143049714e-10,3.4782310365244484e-09,0.9999349117279053,6.17460609646514e-05,5.5253818881384476e-11,2.4685328781082205e-10,3.281396857346408e-06
2,3.1173393727490506e-11,1.0757150725737574e-09,0.9999806880950928,1.8822471247403882e-05,8.614082364077902e-11,6.406139618775342e-09,4.6253603613877203e-07
2,1.0449902054787685e-09,5.510893963389663e-10,0.9999905824661255,9.287284228776116e-06,3.740937074003803e-11,1.7749118841337008e-09,1.3138665622136614e-07
2,7.072789021123072e-10,2.994887393636958e-10,0.9999935626983643,6.153097729111323e-06,5.389586346660202e-11,3.2409968042657056e-09,2.073802676250125e-07
2,2.7557530302146915e-07,9.765414032969488e-10,0.999906063079834,8.766063547227532e-05,5.877063835590945e-10,1.0477544165610198e-08,6.014685823174659e-06
2,7.990483936737292e-07,1.91529769821841e-09,0.9997236132621765,0.0002327721012989059,3.4488611966310145e-09,6.03165659640581e-08,4.261404319549911e-05
2,3.62455040203713e-07,1.0758530955001788e-08,0.9997251629829407,0.00026327744126319885,3.901933443017924e-09,4.707646539259258e-08,1.1102559255959932e-05
2,1.893462467705831e-06,4.347995297138141e-09,0.999947190284729,4.2515825043665245e-05,2.763364204128038e-09,3.767246710140171e-07,7.997963621164672e-06
2,8.79574315604259e-07,5.363071764463712e-09,0.999958872795105,3.046332858502865e-05,2.078200944666264e-09,1.3967864731512236e-07,9.663925084169023e-06
2,1.418148087850568e-07,3.211516164114414e-09,0.9999653100967407,2.3457696443074383e-05,1.835606555644631e-09,2.551571185449575e-07,1.0814258530444931e-05
2,1.1530287338246126e-06,4.536957476375392e-08,0.9999430179595947,4.4435168092604727e-05,5.673991054777616e-09,8.804310880350386e-08,1.1264161003055051e-05
2,1.8985138012794778e-06,1.4823696403709619e-07,0.9999039173126221,8.724527287995443e-05,1.2153673623060968e-08,1.4095604683461715e-08,6.8277799982752185e-06
2,2.2822420930879161e-07,9.827232361203642e-09,0.9999808073043823,1.816049734770786e-05,1.590574338905526e-09,2.2380566289115222e-09,8.783345606389048e-07
2,5.1007688739446166e-08,2.9824209768491983e-09,0.9999932050704956,6.223690434126183e-06,4.252785623659605e-10,3.496193334839859e-09,5.945648808847181e-07
2,1.0051349619288885e-07,1.4252528046654334e-08,0.9999583959579468,4.1028029954759404e-05,8.315960142724066e-10,6.695904386511131e-10,4.932781507704931e-07
2,0.00026557259843684733,1.8370586758464924e-06,0.9990479350090027,0.0006577258463948965,1.2331453262959258e-06,1.9398044059926178e-08,2.5703664505272172e-05
2,1.7797276086639613e-05,3.413326510326442e-07,0.9998618364334106,0.00011057364463340491,2.8877373381419602e-08,8.483028501871104e-09,9.345140824734699e-06
2,0.0004982587415724993,2.6172513116762275e-06,0.9986600875854492,0.000793045328464359,5.287545832288743e-07,4.879202464280752e-08,4.533365063252859e-05
2,7.448983524227515e-05,8.91182992290851e-07,0.999524712562561,0.00037317711394280195,2.4677156318375637e-08,1.9972965503711748e-08,2.667711851245258e-05
2,3.031902451766655e-06,5.003521863500282e-08,0.9999890327453613,6.367518381011905e-06,3.4742603238768766e-10,7.608544017045915e-09,1.5027295603431412e-06
2,2.6229000127386826e-07,1.066182075959432e-08,0.9999973773956299,2.2548074412043206e-06,7.343025493211641e-11,2.6325805979610095e-09,1.6036494798754575e-07
2,6.49168782729248e-07,1.4869528719430036e-08,0.9999949932098389,4.331613126851153e-06,1.5349103932305042e-10,2.2287378609320285e-09,1.428807507863894e-07
2,4.399269528221339e-06,4.6401112285821e-08,0.9999885559082031,6.424651928682579e-06,3.413141436148237e-10,7.131983004171616e-09,6.155299843157991e-07
2,7.382837065961212e-05,3.186615629147127e-07,0.9998900890350342,3.3846605219878256e-05,3.0301150477640704e-09,4.085852012281066e-08,1.8976330693476484e-06
2,4.170700049144216e-05,1.7930446460923122e-07,0.9999266862869263,3.056032073800452e-05,2.1063957245104348e-09,2.694955192339421e-08,8.753887641432812e-07
2,0.00021177384769544005,4.054591613567027e-07,0.9996823072433472,0.00010426055087009445,6.22511775461021e-09,2.7072362129842986e-08,1.2277481573619298e-06
2,8.318440336552158e-08,5.334749531016314e-08,0.9999829530715942,1.631641134736128e-05,1.0831081170836754e-10,5.072094744207334e-09,6.21685558144236e-07
2,1.634319914955995e-06,1.683723240830659e-07,0.9999816417694092,1.3950331776868552e-05,1.831512441707872e-10,2.165080559279886e-08,2.487194251443725e-06
2,2.9084423758263256e-10,1.6326760388096773e-08,0.9999996423721313,2.598776802642533e-07,2.7711899615312507e-12,1.3321423075751682e-08,1.608557624876994e-07
2,1.6547284758416936e-05,8.019994623964521e-08,0.9999449253082275,3.638668931671418e-05,7.942789759241009e-10,1.4433939554692188e-07,1.9040786582991132e-06
2,5.884746201445523e-08,3.956683514161341e-08,0.9999983310699463,1.0319648708900786e-06,9.81478266715019e-12,1.8859081762911956e-07,3.227397940008814e-07
2,1.3822020719089778e-06,3.1923988785820256e-07,0.9999943971633911,1.5724858712928835e-06,3.516772636991128e-11,1.824127480176685e-06,4.741981172173837e-07
2,1.180261506306124e-06,2.4941937226685695e-07,0.9999942779541016,2.5985759748436976e-06,5.953467580033234e-11,1.0948975841529318e-06,5.85841917200014e-07
2,1.0683319118243162e-08,1.7531155549477262e-07,0.999997615814209,1.1301851827738574e-06,1.0805647175649025e-11,5.648827254844946e-07,4.897219696431421e-07
2,4.216306479065679e-05,9.078751190827461e-07,0.9999427795410156,7.018570158834336e-06,4.0570113934990104e-10,5.906307251279941e-06,1.195540221488045e-06
0,0.9997442364692688,4.276113330092812e-08,0.0002493293141014874,6.185223810462048e-06,1.62985429597029e-08,1.062583621092017e-07,6.183684320149041e-08
0,0.9999971389770508,4.659296060083307e-09,1.8735911453404697e-06,9.121337143369601e-07,1.0731737276614695e-08,1.0263152994127722e-08,1.933442295154464e-09
0,0.9999948740005493,8.575166354773955e-09,2.000053200390539e-06,2.9484403967217077e-06,7.574246296826459e-08,1.6682996317740617e-08,1.740656685456088e-08
0,0.9999740123748779,1.0028431773889679e-07,1.3174145351513289e-05,1.2005209100607317e-05,2.1856843090972689e-07,3.7463507851498434e-08,3.7214402937024715e-07
0,0.999985933303833,1.116139856094378e-07,9.578724530001637e-06,4.186275418760488e-06,8.39599820778858e-08,1.5820933896293354e-08,3.5882585791569e-08
0,0.9999899864196777,6.994864776288523e-08,5.010216682421742e-06,4.7161520342342556e-06,9.613034279709609e-08,5.274737091554016e-08,1.7540594754450467e-08
0,0.9999949932098389,3.284539928927188e-08,1.8920169395642006e-06,2.743467575783143e-06,2.480688010564336e-07,6.007503827731853e-08,4.543582399207935e-09
0,0.9999887943267822,8.446199473155502e-08,8.048398740356788e-06,2.9450052352331113e-06,4.283992893761024e-08,1.1181587922237668e-07,1.101398172664858e-08
0,0.9999858140945435,5.005739467378589e-08,5.447589501272887e-06,8.408682333538309e-06,1.1844195313415185e-07,1.04312249504801e-07,4.672735531840999e-09
0,0.9999786615371704,1.215152991562718e-07,1.4983514120103791e-05,5.956842414889252e-06,9.72805764831719e-08,1.5436381772815366e-07,1.1419633239029281e-08
0,0.9999943971633911,4.302121325849839e-08,2.871808646887075e-06,2.464791350575979e-06,6.84431213926473e-08,5.687808268817207e-08,3.134754233968806e-09
0,0.9999881982803345,4.389356433875946e-08,5.5921591410879046e-06,5.0126259338867385e-06,7.251280749187572e-07,3.850369694191613e-07,2.258843778690789e-08
0,0.9999916553497314,4.4035012081167224e-08,4.050205461680889e-06,3.3633948532951763e-06,4.892219180874235e-07,4.3606181066024874e-07,3.4583307328972523e-09
0,0.9999908208847046,6.436349053728918e-08,5.469949883263325e-06,3.3801641166064655e-06,1.4255336111546058e-07,1.577900832216983e-07,2.9814755109214275e-09
0,0.9999934434890747,2.1964181584621656e-08,2.3428046915796585e-06,4.185668331047054e-06,4.25347295163192e-08,2.1590111032310233e-08,6.80244360840021e-10
0,0.9999938011169434,6.825883414052214e-09,1.5946543499012478e-06,4.636981884686975e-06,3.195386355514529e-08,1.3727598613400005e-08,2.604849114185015e-10
0,0.9999905824661255,4.9259472945095695e-08,5.926456651650369e-06,3.312674380140379e-06,3.904519729758249e-08,4.408101617059401e-08,2.339271443219104e-09
0,0.9999958276748657,6.269667096603371e-08,2.657446884768433e-06,1.5152365904214093e-06,2.5546400550524595e-08,1.614630740220946e-08,3.456610775387503e-09
0,0.9999986886978149,1.2449099529021623e-08,8.184493935914361e-07,4.048795005928696e-07,8.842237497752592e-10,4.7529939983803615e-09,2.923651598596422e-10
0,0.9999990463256836,5.799007940510137e-09,8.614603643763985e-07,4.878899773075318e-08,3.2043415143512277e-10,6.580393119293149e-09,2.900011564221927e-09
0,0.9999982118606567,5.008511152482242e-07,9.475531896896427e-07,2.690011946526738e-08,2.029431911410029e-08,1.0039961750862858e-08,3.0100301273705554e-07
0,0.9999971389770508,1.1278540767989398e-07,2.545169309087214e-06,1.1365438723487387e-07,3.797725245391348e-09,1.3292708267442777e-08,4.3644842406820317e-08
0,0.9999849796295166,1.188978785648942e-06,9.978865818993654e-06,4.834655555896461e-07,1.8433158288644336e-07,2.1727379362346255e-07,2.9289144549693447e-06
0,0.9999973773956299,4.5820510763405764e-07,1.4780255241930718e-06,3.989768799783633e-07,8.442390253549092e-08,2.0204504735943374e-08,2.2488235629225528e-07
0,0.999997615814209,5.4687504302819434e-08,2.2676736080029514e-06,6.862268264740123e-08,4.061376235320324e-10,8.679150731438767e-09,8.707334298030389e-10
0,0.9999818801879883,1.278590531228474e-07,1.751402123773005e-05,4.104155095774331e-07,3.1035767289466776e-09,2.0728380789591938e-08,7.344739927361843e-09
0,0.9999974966049194,3.5129342990103396e-08,1.8644391275302041e-06,5.227415158515214e-07,1.3628946859967073e-09,4.768898165252722e-09,7.090862896852457e-10
0,0.9999973773956299,8.219796399089319e-08,5.697013421013253e-07,1.929741074491176e-06,1.4879181442495337e-08,7.65399121860355e-09,7.637380505798319e-09
0,0.9999997615814209,1.5153934773692868e-09,7.646903554814344e-09,2.387789379554306e-07,1.2355202194669346e-08,1.1755839635085863e-09,3.313914420655095e-10
0,0.9999996423721313,5.972647709739931e-09,1.484931146933377e-07,2.610647982237424e-07,1.5263000863185994e-09,3.605333365186425e-09,6.745684566489274e-11
0,0.9999991655349731,2.817921451736538e-09,4.7178286166627004e-08,8.092254688563116e-07,1.7722951994869618e-09,1.0583948162334877e-09,4.955270221929098e-11
0,0.9999709129333496,1.3071904447770066e-07,5.473005444400769e-07,2.792875784507487e-05,3.7732365854026284e-07,3.065246190203652e-08,4.371482287268691e-09
0,0.9999251365661621,4.98502750190255e-08,2.702936399145983e-07,7.434717554133385e-05,2.1381092096817156e-07,1.6626433563260434e-08,3.6301048833564664e-09
0,0.9999829530715942,2.114655117679831e-08,1.839351511989662e-06,1.504444662714377e-05,4.103453221659947e-08,1.6006393366296834e-07,3.0754538915545027e-09
0,0.9999732971191406,5.273016689955057e-09,1.3325047802936751e-06,2.5196410206262954e-05,4.602149061838645e-08,2.452211163017637e-07,1.4936714975988252e-08
0,0.9999871253967285,3.3375855412742794e-09,1.2290117865632055e-06,1.1195079423487186e-05,2.6943057562789363e-08,3.4997782449863735e-07,3.4712762442268286e-08
0,0.9999574422836304,1.1573408009724062e-08,7.836353574930399e-07,3.310668398626149e-05,6.730752375005977e-06,1.8998978248419007e-06,7.282670821950887e-08
0,0.9999405145645142,2.4216067373572514e-08,3.5536193081497913e-06,5.0815291615435854e-05,1.2189035487608635e-06,3.823272891168017e-06,7.508675992085045e-08
0,0.9999200105667114,5.97862594986509e-08,1.1759983863157686e-05,5.363917807699181e-05,1.2614316347026033e-06,1.3151289749657735e-05,9.815193635631658e-08
0,0.9999969005584717,5.694799742883561e-09,3.518060509577481e-07,1.4492878790406394e-06,2.1995080601300288e-07,1.0383645303591038e-06,5.521136436925644e-09
0,0.9999947547912598,1.2038884555920504e-08,8.778929441177752e-07,3.7450745367095806e-06,1.6911543809783325e-07,5.265295612844056e-07,1.107328007066144e-08
0,0.9999945163726807,3.2768026070328915e-09,3.470813680905849e-07,4.698320026363945e-06,5.5368186480109216e-08,4.710480254743743e-07,9.634194553242992e-10
0,0.9999991655349731,9.590361838007766e-11,7.892816711319028e-08,4.3568724095166544e-07,6.439162536509002e-09,3.097341334523662e-07,3.0277977347559215e-10
0,0.9999990463256836,2.8292562737064486e-10,3.338683640663476e-08,7.348797339545854e-07,2.3368661672407143e-08,2.2719726189279754e-07,8.768645254342289e-10
0,0.9999996423721313,2.7640981170584666e-10,4.9405485924580717e-08,2.2983147118793568e-07,1.1760509899261251e-08,1.0234546010678969e-07,1.764655976899121e-09
0,0.9999988079071045,1.759858037075901e-09,5.015104989070096e-07,2.787056985198433e-07,2.238119378716874e-08,4.596798817146919e-07,1.1330814064791639e-09
0,0.9999902248382568,1.5376348017070995e-07,5.5056921155483e-06,3.5925236261391547e-06,4.555502997050098e-08,5.019014679419342e-07,2.456572367748322e-08
0,0.9999960660934448,1.778888787384858e-07,2.0140128071943764e-06,1.59314083703066e-06,5.7588170676581285e-08,1.770083883911866e-07,1.8057194850484848e-08
0,0.9999493360519409,1.124751406678115e-06,4.414076465764083e-05,4.916799298371188e-06,8.042150057008257e-08,2.706391342144343e-07,9.177804116689003e-08
0,0.9998950958251953,2.9930909022368724e-06,9.051968663698062e-05,1.0420724720461294e-05,1.0208542278178356e-07,2.8722752176690847e-07,5.996729441903881e-07
0,0.9999839067459106,2.266112772986162e-07,9.127311386691872e-06,6.659590326307807e-06,3.71745301208648e-08,6.597803547947478e-08,6.970223864755098e-08
0,0.9999954700469971,2.6811123987613428e-08,1.7315038576271036e-06,2.6567465738480678e-06,2.1225735835628257e-08,4.529525909902077e-08,1.3263301568144925e-09
0,0.9999967813491821,8.917803739905139e-08,9.828626161834109e-07,2.1311095679266145e-06,2.807540688820609e-08,2.0500836583892124e-08,7.59023344176768e-10
0,0.9999449253082275,8.269807949545793e-07,3.900239244103432e-05,1.504724696133053e-05,4.155262089966527e-08,9.946172241370732e-08,8.880119395371366e-08
0,0.9999957084655762,5.248023171589011e-08,2.3721358957118355e-06,1.8689129319682252e-06,6.805317198654848e-09,1.598920995604658e-08,2.0478760909270477e-09
0,0.9999986886978149,1.3764214656930562e-08,1.762436170338333e-07,1.1811393960670102e-06,8.730330236517148e-09,4.531534258944703e-09,1.996988269192812e-10
0,0.9999910593032837,1.4531747183355037e-07,1.7730072841004585e-06,6.557715551025467e-06,4.364330834505381e-07,3.066834253218076e-08,4.328311042911537e-09
0,0.9999843835830688,1.5023850608031353e-07,3.0065589271544013e-06,1.2284629519854207e-05,1.6001393987608026e-07,4.321602276036174e-08,6.8265482155993595e-09
0,0.9999717473983765,1.2365441115491649e-08,7.957935963531781e-07,2.7223852157476358e-05,1.5901035510523798e-07,3.7058889290619845e-08,1.2027676632442308e-09
0,0.9999983310699463,2.716938007907288e-09,3.0720187282895495e-07,1.3095965414322563e-06,2.0401282441184776e-08,2.1845089293037745e-08,8.064066775448353e-11
0,0.9999938011169434,1.0418198748141094e-08,3.988706794189056e-06,2.178748673031805e-06,7.44891748283294e-09,2.619594852149021e-08,1.5703791045318383e-10
0,0.9999992847442627,3.5838589873549154e-09,2.4596809566901356e-07,5.035792582930299e-07,2.970524093370841e-08,1.559185136557062e-08,5.7526788888040414e-11
0,0.999998927116394,2.7385100853649647e-09,3.1567950031785585e-07,6.960952418921806e-07,1.2916186342692981e-08,1.1609417427393964e-08,1.026366977519011e-10
0,0.9999958276748657,3.966487582829359e-09,8.469146450806875e-07,3.3164342312375084e-06,1.6521262580226903e-08,2.2304588398469605e-08,2.7610894126617325e-10
0,0.9999922513961792,1.2178835717691072e-08,2.926036017925071e-07,7.129823643481359e-06,2.0241596132564155e-07,1.6820246528936877e-08,4.1809553152916124e-08
0,0.9999918937683105,2.4304027235189096e-08,1.0942426342808176e-06,6.901272172399331e-06,1.011301336006909e-07,2.1301053365618827e-08,7.141058855353322e-09
0,0.9999982118606567,1.6269467995044806e-09,1.2326982989918633e-08,1.7870416968435165e-06,3.683394567133291e-08,1.6339469777193472e-09,3.117709215794129e-11
0,0.9999986886978149,3.2468232546989384e-09,1.1401705535263318e-07,1.1838865248137154e-06,6.269371244371769e-09,5.549462667175931e-09,2.4465920608895964e-11
0,0.9999995231628418,2.379413333031266e-10,3.6687366478105332e-09,5.153941060598299e-07,5.584882956100046e-08,1.4976810902567195e-09,4.072031253854469e-11
0,0.9999905824661255,6.5660819004165205e-09,8.786246326053515e-07,8.330874152306933e-06,1.608297708344253e-07,1.1530027421713385e-07,3.0048243893077142e-09
0,0.9999932050704956,3.1694280533400843e-09,1.8708750104678984e-08,6.497383310488658e-06,2.6354410920248483e-07,7.709680005518749e-09,1.0753495871540508e-08
0,0.9999788999557495,5.701739969055097e-09,4.317179502777435e-08,2.0422661691554822e-05,5.420280331236427e-07,4.944345821655816e-09,2.7465015151051375e-08
0,0.9999762773513794,4.253340346593859e-09,1.6886451348341325e-08,2.345627399336081e-05,1.937627303050249e-07,1.2730885234901734e-09,2.7666775537227295e-09
0,0.9999629259109497,5.926289681212893e-09,2.4660725017611185e-08,3.666976044769399e-05,4.1398337202736e-07,2.6543822695401786e-09,4.021370791917889e-09
0,0.9999754428863525,8.895931102870236e-09,9.108182297268286e-08,2.4338549337699078e-05,1.725466631796735e-07,7.016299985451724e-09,6.290029830324784e-09
0,0.9999915361404419,1.2527159753972228e-08,1.4595323705179908e-07,8.200566298910417e-06,7.084460662554193e-08,1.1451231962666952e-08,3.381415814018851e-09
0,0.9999972581863403,4.1092431679601304e-09,2.8910179139529646e-07,2.306236410731799e-06,2.996650039222004e-08,1.989645959099562e-08,9.271013290401697e-09
0,0.9999992847442627,2.013962774327638e-09,5.1789228905363416e-08,7.335110581152549e-07,1.119655301806688e-08,9.854836946487922e-09,3.361962264136764e-09
0,0.9999982118606567,2.121514874886543e-08,9.192197580887296e-08,1.6369892819056986e-06,2.5568496653249895e-08,1.1036503266836917e-08,2.470140980648239e-09
0,0.9999992847442627,1.532727189612615e-08,1.0456863464014532e-07,5.934163027632167e-07,2.6547329667891972e-08,2.1783987946832895e-08,1.2717684683138941e-09
0,0.9999991655349731,6.893207782354693e-09,7.092275922104818e-08,7.409466320495994e-07,1.6582248463237192e-08,1.2477821442757886e-08,2.1997112464866575e-10
0,0.9999982118606567,4.6058441505181236e-09,4.898924998997245e-08,1.7165485814985004e-06,2.656543607315598e-08,9.145325385873093e-09,2.466745141482818e-10
0,0.9999979734420776,1.2921859138259606e-09,1.64130739221946e-07,1.8673904378374573e-06,5.5782281016547586e-09,1.5022800781139267e-08,5.114190321231504e-11
0,0.9999986886978149,1.4363048528309719e-09,3.975399920363998e-08,1.340043581876671e-06,1.4218076493932585e-08,1.3491503914053737e-08,6.039352351550065e-11
0,0.9999964237213135,2.3050933606327817e-08,1.0204616955888923e-06,2.3754519133944996e-06,4.328748914872449e-08,9.189078298277309e-08,2.088005546241334e-09
0,0.999992847442627,7.011287550540146e-08,3.167061208841915e-07,6.416664291464258e-06,2.4267515641440696e-07,1.3019471722941489e-08,2.204040949749242e-09
0,0.9999942779541016,2.180171243537643e-08,2.1041216768935556e-08,5.461884029500652e-06,2.301893289313739e-07,4.184990576305836e-09,2.4398778553091915e-09
0,0.9999991655349731,4.798678787665267e-09,1.0281943296774898e-08,7.289425525414117e-07,8.686355812415059e-08,6.618269043912051e-09,3.634113010519968e-10
0,0.9999990463256836,5.44109024502859e-09,6.032648158793563e-09,9.377238257002318e-07,4.069395842520862e-08,1.623405077033624e-09,2.5565504574442954e-11
0,0.9999982118606567,4.5450466501506526e-08,2.4268430820484355e-07,1.240640244759561e-06,1.845072716832874e-07,3.329675735130877e-08,1.1820987744215472e-08
0,0.999998927116394,3.213855848116509e-08,6.714458322676364e-08,8.181359021364187e-07,1.165706251526899e-07,2.051183223272801e-08,6.439480060294045e-09
0,0.9999995231628418,6.767007931784974e-08,3.375193813326405e-08,1.7904856974837458e-07,1.0185625143321886e-07,1.4891252675397482e-08,7.632770859800075e-08
0,1.0,1.4113550328431756e-09,6.041382061283684e-09,2.361417905660801e-08,6.116966377867072e-10,5.799806745976355e-10,1.8291920061974665e-11
0,0.9999997615814209,1.0847917231160409e-08,1.3622980965521947e-08,2.287386138277725e-07,3.056583253169265e-08,1.8749053420918926e-09,1.1378253894633872e-09
0,0.9999997615814209,9.423121172247306e-10,1.8633551590596653e-08,2.5784942181417136e-07,1.3814673849310566e-08,1.045582553871327e-08,1.8097077170153852e-09
0,0.9999997615814209,2.5221043031820045e-09,3.321821751001153e-08,2.225503266117812e-07,2.6679625619863145e-08,1.2951424821494584e-08,9.100962206076701e-10
0,0.999997615814209,5.585945483943533e-09,5.496137234217713e-08,2.2397309749067063e-06,9.661525268711557e-08,2.1641366032554288e-08,1.5977100753516993e-09
0,0.9999957084655762,1.050469755625727e-08,1.8978707316819055e-07,4.047935817652615e-06,2.239623952959846e-08,1.0021761198686363e-08,1.0590742505200978e-08
0,0.9998713731765747,3.7680731423961333e-08,8.048090194279212e-08,0.0001279186544707045,5.279165975480282e-07,1.2489559608752643e-08,2.9282210434189437e-08
0,0.999994158744812,5.258179447409361e-10,4.233836836675664e-09,5.86208216191153e-06,3.826399463946473e-08,5.621978882430767e-09,9.858273225527014e-11
0,0.9999934434890747,9.960712255008275e-10,1.7665151119672373e-08,6.508516889880411e-06,9.991199867442901e-09,7.58216778251608e-09,1.245978181740881e-10
0,0.999997615814209,9.174259962829723e-11,9.620995200521065e-08,2.0115342067583697e-06,8.510663285221653e-09,2.4260691589006456e-07,5.905455985333319e-11
0,0.9999984502792358,1.964970131052013e-10,9.869505390724953e-08,1.343466237813118e-06,1.9685021612758646e-08,1.3399019849202887e-07,1.8482684827070273e-10
0,0.9999873638153076,5.052901208557614e-09,2.983040872095444e-07,1.2146803783252835e-05,4.8445237155192444e-08,8.557476860460156e-08,2.559220835252063e-09
0,0.9999983310699463,6.146323450195723e-10,3.981737108915695e-07,1.0758577673186664e-06,1.0780968118240253e-08,1.4564901107405603e-07,8.720829214325931e-08
0,0.9999992847442627,8.12186706777851e-11,2.397813148036221e-07,1.4376036006069626e-07,4.886115512192646e-09,2.9759303288301453e-07,6.877528324622517e-09
0,0.9999990463256836,7.2661837484389036e-12,9.837956582714469e-08,9.785574661691498e-08,7.755476261195327e-09,7.32019600491185e-07,1.063531307465837e-08
0,0.9999985694885254,3.7012341976006e-12,4.4947878308221334e-08,1.346189719697577e-07,1.4289494920660673e-08,1.3206084759076475e-06,1.3981493740544693e-09
0,0.9999984502792358,5.658247741874289e-12,6.434017052470153e-08,1.5388283713946294e-07,1.4121668279187816e-08,1.224896323037683e-06,3.8887529307807256e-10
0,0.9999985694885254,1.4433169936989287e-11,3.5645381757376526e-08,2.2183382952789543e-07,2.3209009825109206e-08,1.2045534276694525e-06,2.8259799014773712e-11
0,0.9999982118606567,2.4690081576461687e-11,3.7180445389140004e-08,1.637527162756669e-07,2.0570782410800348e-08,1.670274627940671e-06,2.1219567769570347e-11
0,0.9999973773956299,2.439069779480718e-10,1.2643060642858472e-07,4.5904093326498696e-07,6.984131317722131e-08,1.881554453575518e-06,9.488133612123306e-10
0,0.9999967813491821,1.350147910139654e-10,1.5913205686501897e-07,2.6334129188398947e-07,8.874805956793352e-08,2.738524017331656e-06,6.981363265268214e-10
0,0.9999984502792358,2.0585641524739628e-10,1.3153652389519266e-07,2.451043030760047e-07,3.8868808616143724e-08,1.1838162663480034e-06,2.571280965923961e-09
0,0.9999943971633911,8.614533530959534e-10,5.486879217642127e-07,1.3312818509803037e-06,1.9138371953886235e-07,3.4931231311929878e-06,4.558727173531452e-09
0,0.9999990463256836,1.7680794328622795e-11,4.369190165220971e-08,9.938821676769294e-08,1.7115674211254372e-08,9.052943710230466e-07,7.873122293000634e-11
0,0.9999972581863403,1.9542993959231758e-11,5.1441894299841806e-08,3.454734383012692e-07,7.174863725367686e-08,2.230261998192873e-06,7.633880749757793e-10
0,0.9999979734420776,1.634201246547562e-10,6.214177261654186e-08,8.442343073511438e-07,6.424008347494237e-08,9.946789987225202e-07,9.49740952549405e-10
0,0.9999843835830688,2.1731292321192086e-08,2.904390612457064e-06,6.729971119057154e-06,4.284989358893654e-07,5.4018587434256915e-06,6.667664109727411e-08
0,0.9999654293060303,6.504695306830399e-07,3.693943426696933e-06,2.7920721549890004e-05,9.776604201761074e-07,7.0322869305528e-07,5.786587848888303e-07
0,0.9999186992645264,1.3450051028485177e-06,3.9900827687233686e-05,3.801076309173368e-05,6.964936005715572e-07,9.479487630414951e-07,3.434749373809609e-07
0,0.9999828338623047,5.173220074539131e-08,1.6583055639785016e-06,1.5249317584675737e-05,1.1418161705023522e-07,1.2311608088566572e-07,3.063944120640372e-08
0,0.9999951124191284,5.828358684567547e-09,2.3432407658674492e-07,4.582283509080298e-06,5.6483198562773396e-08,2.3260733783558862e-08,1.4755552335543598e-09
0,0.9999933242797852,2.0503151176853862e-08,1.1838451428047847e-06,5.308100753609324e-06,9.761507868688568e-08,8.37830285149721e-08,9.005590939636932e-09
0,0.9999903440475464,1.2928960302360792e-07,6.81308347338927e-06,2.617787686176598e-06,3.2855901110906416e-08,1.6627684829018108e-07,3.070162435392376e-08
0,0.9999679327011108,1.3643351621794864e-06,1.5997486116248183e-05,1.3323053281055763e-05,1.1694068291490112e-07,1.525217356856956e-07,1.1755886362152523e-06
0,0.9999876022338867,2.409928470115119e-07,7.558115157735301e-06,3.973196271545021e-06,6.987567502392267e-08,2.1783101544770034e-07,2.6032225264316367e-07
0,0.9999383687973022,7.889391895332665e-07,5.2466741180978715e-05,7.184054538811324e-06,1.3227693784756411e-07,7.214520678644476e-07,3.8814334857306676e-07
0,0.9999892711639404,2.0289195390432724e-07,4.914759301755112e-06,4.9136906454805285e-06,1.472543971203777e-07,1.867072256800384e-07,4.731034550786717e-07
0,0.9999847412109375,1.876583866078363e-07,8.39236963656731e-06,5.7486390687699895e-06,8.668984463611196e-08,3.865072244479961e-07,3.8680667557855486e-07
0,0.9998319149017334,1.2443131254258333e-06,0.00012827409955207258,2.4148583179339767e-05,2.1658954096892558e-07,9.193199161927623e-07,1.315799727308331e-05
0,0.9999034404754639,8.565907023694308e-07,5.868029984412715e-05,2.697670970519539e-05,3.5067753856310446e-07,1.1231572898395825e-06,8.57071609061677e-06
0,0.9999583959579468,4.5850939045521955e-07,2.332297844986897e-05,1.4781039681110997e-05,4.5518254410126247e-07,4.931290504828212e-07,2.071151584459585e-06
0,0.999963641166687,2.951106523596536e-07,2.2756003090762533e-05,9.979547030525282e-06,1.7875670721423376e-07,8.64986134274659e-07,2.3977586351975333e-06
0,0.999981164932251,1.149621127183309e-07,8.701381375431083e-06,8.372930096811615e-06,1.1890134032910282e-07,4.2730761151688057e-07,1.0633793863235041e-06
0,0.999963641166687,1.629472876629734e-07,6.832135113654658e-06,2.835165105352644e-05,7.217322206543031e-08,1.2888199307781179e-07,7.751586394988408e-07
0,0.9999903440475464,4.954005561330632e-08,2.110907928454253e-07,8.947110472945496e-06,2.158583498612643e-07,9.70657332288738e-09,1.6990196627375553e-07
0,0.9999802112579346,9.024340386076801e-08,1.0356350088613908e-07,1.8895050743594766e-05,5.769095423602266e-07,8.74166605768778e-09,1.241269416141222e-07
0,0.9999986886978149,1.827337392512618e-08,2.4919494023833977e-08,1.350521415588446e-06,1.1475868255672594e-08,1.3342634774815565e-09,4.421489840922277e-09
0,0.9999949932098389,2.445877278489661e-08,8.841872123355188e-09,4.771445219375892e-06,2.2897630458373897e-07,5.9961218212833955e-09,1.9254827066106373e-08
0,0.9999723434448242,1.9153232244661922e-07,1.4111681423401023e-07,2.661426151462365e-05,5.902796260670584e-07,1.3077541716199903e-08,1.483101783605889e-07
0,0.9999809265136719,2.4521875729988096e-07,4.390934407183522e-07,1.7369688066537492e-05,3.466009843577922e-07,3.356846889346343e-08,6.267329126785626e-07
0,0.9999773502349854,3.3016780776051746e-07,2.628145807648252e-07,2.0450615920708515e-05,7.680578164581675e-07,3.413484250813781e-08,8.176198207365815e-07
0,0.9999964237213135,1.7655645478953375e-07,2.156386926799314e-07,3.182348791597178e-06,5.521516044382224e-08,2.2124778453758154e-08,5.2458251076359375e-08
0,0.9999904632568359,1.7039909607774462e-06,1.3767213431492564e-06,5.816752036480466e-06,7.302092086547418e-08,7.609371266426024e-08,3.7391967566691164e-07
0,0.9999936819076538,5.377968363973196e-07,2.059082817140734e-06,3.525725333020091e-06,2.167461765623102e-08,8.951671759405144e-08,9.832631775452683e-08
0,0.9999775886535645,1.0802274346133345e-06,1.2241835975146387e-05,8.483214514853898e-06,3.6367566735862056e-08,2.2774209185172367e-07,4.408760787555366e-07
0,0.9999921321868896,4.193051665879466e-07,2.1747987375420053e-06,5.086671080789529e-06,1.3864379866390664e-08,1.382182404086052e-07,8.884978086598494e-08
0,0.9999986886978149,1.2666271231864812e-07,4.236473500895954e-07,6.683730475742777e-07,2.563148360223977e-09,3.494833933359587e-08,1.4738623654864114e-08
0,0.9999980926513672,9.410542389787224e-08,1.7724811129937734e-07,1.5087383644640795e-06,9.604255168937925e-09,1.9183110211429266e-08,2.9329186190807377e-08
0,0.9999980926513672,5.071497000130876e-08,4.2539465283653044e-08,1.682377842371352e-06,1.080354650184745e-08,1.0320364118854286e-08,2.0015118451510716e-08
0,0.9999918937683105,1.1258267562652691e-07,1.1673400734935058e-07,7.492517397622578e-06,7.027226445188717e-08,3.507023649262919e-08,1.848150077421451e-07
0,0.9999933242797852,7.079663788545076e-08,1.1581204262256506e-07,6.353461685648654e-06,4.861018965129915e-08,2.7447919492828987e-08,1.1336123861838132e-07
0,0.9999927282333374,7.608430507843877e-08,1.2047703279449706e-08,7.013795766397379e-06,1.0571665143288556e-07,5.713347572822158e-09,5.612113884723158e-09
0,0.9999743700027466,5.935127234124593e-08,1.905407920332891e-08,2.5411667593289167e-05,1.1017190360007589e-07,4.636503625476962e-09,7.034019589013951e-09
0,0.9999865293502808,4.131810271701397e-07,8.640704862727944e-08,1.2611516467586625e-05,1.3667130360772717e-07,4.348290616462691e-09,3.0808723749942146e-07
0,0.9999476671218872,8.718927233530849e-07,9.98463320911469e-08,2.3386226530419663e-05,1.4442929341385025e-07,1.2794012071992711e-08,2.782649789878633e-05
0,0.9999399185180664,5.909989226893231e-07,1.0805622707721341e-07,1.6105523172882386e-05,6.712102162964584e-08,2.8217952419140602e-08,4.318108767620288e-05
0,0.9999788999557495,6.583192089237855e-07,3.7359935589620363e-08,8.508740393153857e-06,1.6728398577470216e-07,1.0481045364940655e-08,1.1762548638216686e-05
0,0.9999939203262329,1.4593458672607085e-06,4.3426791762612993e-07,3.6536032439471455e-06,1.532279867433317e-07,1.58149351392467e-08,3.517982918310736e-07
0,0.9999918937683105,9.359258683616645e-07,3.6893214883093606e-07,5.0057410589943174e-06,6.084215442569985e-08,2.9027701131667527e-08,1.6565611531405011e-06
0,0.999994158744812,2.287889401486609e-06,4.426668169799086e-07,2.598508444862091e-06,8.201118362194393e-08,1.1816206679782226e-08,4.242968145717896e-07
0,0.9999922513961792,4.4233875087229535e-06,1.1958417189816828e-07,3.0095429792709183e-06,1.5670997299821465e-07,4.8887103254458e-09,1.5083533355664258e-07
0,0.9999806880950928,8.160307515936438e-06,2.206285500960803e-07,7.548187568318099e-06,8.244903710874496e-07,1.0446656872886706e-08,2.532500957386219e-06
0,0.9999157190322876,4.324334076954983e-05,4.709668814939505e-07,2.5546807592036203e-05,1.2237944702064851e-06,1.052619946761979e-08,1.3813455552735832e-05
0,0.9997965693473816,9.279068763135001e-05,1.4155828012007987e-06,0.00010503708472242579,1.317815758739016e-06,2.110719243830772e-08,2.901741027017124e-06
0,0.9999555349349976,1.4692429431306664e-05,4.1445829879194207e-07,2.8019781893817708e-05,7.852167982491665e-07,1.6530936619574277e-08,4.902532282358152e-07
0,0.9999057054519653,3.57283279299736e-05,7.359311098298349e-07,5.6506036344217137e-05,8.454769044874411e-07,1.7280871844604917e-08,4.2305566694267327e-07
0,0.9999185800552368,3.27002999256365e-05,5.625002472697815e-07,4.0263388655148447e-05,1.365349362458801e-06,1.185215037224907e-08,6.559154826391023e-06
0,0.9999654293060303,8.71198881213786e-06,3.141951481211436e-07,2.5280576664954424e-05,1.1083547946100225e-07,1.0051703469571294e-08,1.244993796944982e-07
0,0.9998451471328735,0.000125114805996418,8.838482017381466e-07,2.7619207685347646e-05,3.3585828873583523e-07,1.854547626578551e-08,8.035458449739963e-07
0,0.9999771118164062,1.217261979036266e-05,2.358513313538424e-07,9.962869626178872e-06,3.871879243888543e-07,5.9318615797110397e-08,7.212547359358723e-08
0,0.9999961853027344,1.2675029665842885e-06,1.3046317803855345e-07,2.3032710032566683e-06,4.319016611020743e-08,5.555784809985198e-08,1.278867358678326e-07
0,0.9999936819076538,3.441336957621388e-06,5.896721972931118e-07,1.4306456250778865e-06,1.9488386016064396e-08,8.978980758911348e-08,7.426141337418812e-07
0,0.9999966621398926,1.013618202705402e-06,3.0417432128615474e-08,2.017797442022129e-06,5.398129587774747e-08,1.8723380179608284e-08,1.560121773991341e-07
0,0.9999774694442749,3.643080617621308e-06,3.647928963346203e-07,8.645886737213004e-06,2.6673919819586445e-06,9.34816910103109e-07,6.321118235064205e-06
0,0.9999817609786987,3.588955905797775e-06,1.4830826557954424e-06,3.6210976759321056e-06,2.5073651954699017e-07,1.7003076209221035e-06,7.548059329565149e-06
0,0.9999877214431763,6.522473086079117e-06,1.346389012724103e-06,2.5265558178944048e-06,1.1894918117150155e-07,6.745636369487329e-07,1.0916363635260495e-06
0,0.9999969005584717,4.972652618562279e-07,2.470677600285853e-07,9.369075542053906e-07,1.0058315069727541e-07,1.0439158586450503e-06,2.858739378552855e-07
0,0.9999914169311523,3.3131331633740047e-07,9.488444447924849e-07,1.299128598475363e-06,1.1389004583861606e-07,4.592438017425593e-06,1.373538566440402e-06
0,0.9999836683273315,1.3566017287303112e-06,5.094179300613177e-07,3.7643117138941307e-06,1.2854708302256768e-06,8.87617079570191e-06,5.606906370303477e-07
0,0.99998939037323,1.3383349823925528e-06,4.431006175309449e-07,3.880049462168245e-06,8.25867687126447e-07,3.7377078569988953e-06,3.665793144591589e-07
0,0.9999455213546753,4.4178523239679635e-06,1.701249971119978e-06,8.45794056658633e-06,2.9253094453451922e-06,3.170713171130046e-05,5.172272267373046e-06
0,0.9999048709869385,2.2005207938491367e-05,1.165962476079585e-05,1.3037304597673938e-05,3.632017296695267e-06,3.32583804265596e-05,1.1592722330533434e-05
0,0.9999781847000122,1.6050913700382807e-06,1.1358554274920607e-06,3.413282456676825e-06,1.1992631243629148e-06,1.4034792911843397e-05,4.4440625401875877e-07
0,0.999988317489624,7.07083415818488e-07,1.1357082030372112e-07,1.2516694596342859e-06,1.1735470479834476e-06,7.891994755482301e-06,4.7680495640634035e-07
0,0.9999690055847168,3.7245620205794694e-06,1.2867286613982287e-06,5.362597221392207e-06,2.006428076128941e-06,1.7995738744502887e-05,5.749083697992319e-07
0,0.9998475313186646,7.294051465578377e-05,1.244551549461903e-05,4.7975281631806865e-06,2.6475829599803546e-06,5.696959124179557e-05,2.738386911005364e-06
0,0.9989043474197388,0.0010437603341415524,8.434048140770756e-06,5.150091965333559e-06,1.0565971933829132e-05,2.235308784293011e-05,5.335611604095902e-06
0,0.9960182309150696,0.003719867905601859,2.9905058909207582e-05,1.6419346138718538e-05,1.3073763511783909e-05,3.635655593825504e-05,0.00016609494923613966
1,0.0003579577023629099,0.9991355538368225,1.279377528362602e-07,8.162462563632289e-07,1.6040370383052505e-06,8.18709366967596e-08,0.0005037891678512096
1,0.0007305563194677234,0.9987769722938538,5.818575573357521e-06,3.3957842333620647e-06,3.784907107728941e-07,1.238145301840632e-07,0.00048264957149513066
1,3.2896961783990264e-05,0.9999245405197144,1.8354699022893328e-06,2.207621264460613e-06,5.37096696007211e-08,1.8458264250398315e-08,3.836343967122957e-05
1,6.40230136923492e-05,0.9997933506965637,1.7805639345169766e-06,1.8062663684759173e-06,9.954532487199685e-08,8.534378537206067e-09,0.0001390149991493672
1,6.693604518659413e-06,0.9999667406082153,3.689596496769809e-06,4.561649689094338e-07,1.4590445296391863e-08,2.637869300770035e-08,2.242794471385423e-05
1,1.7772305000107735e-05,0.9999426603317261,1.0012230404754519e-06,8.498671490997367e-07,2.2050667070061536e-08,6.673133157164557e-09,3.7693713238695636e-05
1,7.405546966765542e-06,0.9999912977218628,3.633471123976051e-08,6.860235401973114e-08,8.64786464660483e-09,8.076204704998702e-10,1.169227402897377e-06
1,1.770353628671728e-05,0.9999767541885376,4.7389994506374933e-07,1.2266518467640708e-07,1.3382364549840986e-08,3.480898458363413e-09,4.938999154546764e-06
1,9.381484460391221e-07,0.9999796152114868,1.4984308336352115e-06,6.637221190430864e-07,1.734724008883859e-08,2.8443964961155643e-09,1.726156915538013e-05
1,3.0385156151169213e-06,0.9999964237213135,1.6904227351233203e-08,6.326477830498334e-08,2.8663338369483427e-08,2.7733199070567593e-10,3.5407751397542597e-07
1,3.1783106351213064e-06,0.9999827146530151,9.589744109916865e-08,5.82490315537143e-07,7.453159156511902e-08,1.359307444381841e-09,1.333525051450124e-05
1,3.793671794483089e-06,0.9999843835830688,3.787446757996804e-06,1.1567905175979831e-06,3.907475232267643e-08,4.644082451932263e-09,6.842004950158298e-06
1,2.422644129751461e-08,0.9999988079071045,2.0647891574299138e-07,8.740232715354068e-08,2.82253598271609e-09,1.0994415100551436e-10,8.959681849773915e-07
1,7.081840003309026e-09,0.9999997615814209,2.5880082521467784e-09,4.638045947302771e-09,1.7110551864263357e-09,5.632530900023802e-12,2.767779676560167e-07
1,1.4260765901497052e-08,0.9999983310699463,5.876644948443754e-09,5.605940600617032e-09,8.37671088049774e-09,1.610996232248585e-11,1.628360450922628e-06
1,1.3130004861139355e-09,0.9999997615814209,1.0219053159232772e-08,2.8343112745687904e-08,2.073056171170151e-09,1.9556542149579137e-11,1.9845201393309253e-07
1,1.1805685318222459e-08,0.9999998807907104,1.7916186312305626e-09,5.033053973590995e-09,6.0138010127275265e-09,3.077685675756392e-11,1.4396293579466146e-07
1,2.8079961111870944e-07,0.9999791383743286,8.146593399871449e-10,3.061695252881691e-08,1.759348720042908e-07,4.663276709226949e-12,2.0392284568515606e-05
1,1.1171955094368968e-07,0.9999985694885254,6.325395762729613e-11,3.746683407968021e-09,4.502836858932824e-08,1.3774374436198444e-12,1.2856481816925225e-06
1,1.5526915376540273e-05,0.9999605417251587,1.0959345236871698e-10,1.1954320200402435e-07,4.754152541863732e-06,9.289262935252562e-12,1.9068877008976415e-05
1,7.3213077484979294e-06,0.9999864101409912,3.000961423804682e-10,9.729023986437824e-08,3.267221586611413e-07,1.1200194417748666e-11,5.80793084736797e-06
1,6.803116434639378e-07,0.9999887943267822,1.1120592641189475e-10,1.4652225388545048e-07,2.87957703903885e-07,2.3834823004165173e-12,1.0090650903293863e-05
1,7.468466264981544e-06,0.9999486207962036,1.5365703154301968e-10,2.3389725356537383e-07,4.494825134315761e-06,3.2139346739512575e-11,3.920267408830114e-05
1,4.828350938623771e-06,0.9999631643295288,4.782884852061464e-11,7.145217040260832e-08,5.963537205389002e-06,1.7191754964063222e-11,2.5902645575115457e-05
1,5.371416136767948e-06,0.9999842643737793,8.485952912584693e-11,5.043029460694015e-08,5.580855031439569e-07,4.76769968990598e-12,9.833290278038476e-06
1,2.458975131958141e-06,0.9999960660934448,1.011323316757462e-10,3.1284354662375335e-08,1.7729610135575058e-07,5.297110406560224e-12,1.327507106907433e-06
1,7.891316613495292e-07,0.9999983310699463,6.680068997955146e-11,5.0194137735104505e-09,6.716759770597491e-08,4.3518621865856755e-12,8.103090749500552e-07
1,3.2776836178527446e-06,0.9999957084655762,1.7037754540538685e-10,5.301038275007386e-09,1.4738277798187482e-07,1.5026755881275555e-11,8.700515081727644e-07
1,1.1529969015100505e-06,0.9999983310699463,3.1592187199613875e-10,5.4000000027087935e-09,1.5492653915316623e-07,1.558943252266687e-11,3.1776403375261e-07
1,7.371396577582345e-07,0.9999986886978149,1.2961308415437856e-10,4.16163858929508e-09,2.671097831807856e-07,2.2375819946907072e-11,2.8571881216521433e-07
1,7.461137556674657e-07,0.9999983310699463,1.0221211377281492e-10,8.415112162651894e-09,5.443406507765758e-07,1.4020036867568031e-11,3.8232661836445914e-07
1,3.5460507774587313e-07,0.9999994039535522,4.462800962112823e-11,1.7728568613151197e-09,7.297033732811542e-08,1.0578472126043792e-11,2.1304821018475195e-07
1,2.1141144657121913e-07,0.9999995231628418,1.0697474156495801e-11,3.829294659141169e-09,6.332643209816524e-08,2.808329957471045e-12,1.477571345276374e-07
1,1.1260126342449439e-07,0.9999996423721313,6.886866077415732e-12,4.23577439789824e-09,8.893402991816401e-08,2.6598018492557385e-12,2.0846658799200668e-07
1,1.5346546433647745e-07,0.9999995231628418,7.112162855177351e-12,1.3399570342187417e-09,8.766685510863681e-08,2.5723540051508786e-12,2.6783007456288033e-07
1,6.264014729140399e-08,0.9999998807907104,8.908871036716892e-12,1.3822470945612508e-09,2.091896433853435e-08,4.3107585643437085e-13,4.935125019756015e-08
1,6.653002060375002e-08,0.9999994039535522,3.864936842790101e-11,1.9859980326941695e-09,5.8082115117485955e-08,1.1364221196019653e-12,4.1875395595525333e-07
1,3.763270584045131e-08,0.9999998807907104,4.170528939556606e-12,8.671041662466905e-10,4.619799298666294e-08,8.615516340713253e-14,3.523222957824146e-08
1,3.35115295513333e-08,0.9999998807907104,8.211463627116888e-12,2.6199825642336805e-10,1.9255031347142904e-08,1.8298634363398542e-13,2.9465997641864305e-08
1,2.2084591932980402e-08,0.9999998807907104,2.9703214714238424e-12,1.560952062051868e-10,2.0313136062100057e-08,1.4268097879403807e-13,3.81453659770159e-08
1,3.1050462201420714e-10,0.9999998807907104,8.250468179742815e-14,7.080114706320417e-12,4.042568502171662e-09,1.1835500739458982e-14,9.026617675544912e-08
1,2.675901278337278e-09,0.9999996423721313,9.453601096387487e-13,1.6583814183013246e-11,1.4299679662599374e-08,1.1526765869920852e-13,3.952640383886319e-07
1,5.76739047630781e-08,0.9999979734420776,6.075623077556047e-12,1.45665271511497e-10,2.0501300923569943e-07,9.071124385494345e-13,1.7403535821358673e-06
1,1.9012034613297146e-08,0.9999969005584717,2.5371081104064164e-12,1.4633762257521e-10,2.9879836915824853e-07,3.3970645307163094e-13,2.791671249724459e-06
1,8.05369282375068e-09,0.9999994039535522,9.861216010431662e-12,9.521741034523856e-11,2.6817675191637136e-08,4.590176979832328e-13,6.173368092277087e-07
1,4.864023073203327e-10,0.9999998807907104,1.1088821375883351e-13,6.942391973796536e-12,1.9957580033036493e-09,1.9204174925638307e-14,8.473466550640296e-08
1,4.927438013169194e-09,0.9999998807907104,4.421589396702563e-12,1.9982545132468665e-11,5.7303806144659575e-09,5.159577734677179e-13,6.711609046305966e-08
1,3.930317848954701e-09,1.0,3.672597382459175e-12,2.3819468966679302e-11,9.693105873509467e-09,2.5871251213387125e-13,3.772067103113841e-08
1,2.0984936011103628e-09,1.0,2.105458385762149e-12,2.0847676016066963e-11,7.46230277570703e-09,1.177749846432985e-13,3.6400439995532e-08
1,3.519707025834151e-10,1.0,6.853333547364449e-13,9.633925601715276e-12,2.2400341581629846e-09,5.714376996764081e-14,1.605969934814766e-08
1,2.0806856237953752e-09,0.9999998807907104,2.077745094031247e-11,4.040020748496964e-11,4.791292695927041e-09,2.169435638077477e-12,1.6132806024415913e-07
1,9.188123328840447e-08,0.9999935626983643,8.274402829577809e-10,5.608491449038411e-09,5.77776802401786e-07,3.0706437392780117e-10,5.754427547799423e-06
1,1.928856718791394e-08,0.9999986886978149,1.914786385004419e-10,1.1961881485333947e-09,1.3437913537472923e-07,7.186408412795942e-11,1.1047154657717329e-06
1,1.0632636993079814e-08,0.9999992847442627,3.256987388122745e-11,2.682030153522419e-10,1.1213079176286556e-07,5.617971365889929e-11,5.775525551143801e-07
1,6.43561559598993e-09,0.9999955892562866,3.9352923697499875e-11,6.048823664173142e-10,7.693235914985053e-08,4.130936911983518e-11,4.38206961916876e-06
6,8.591146682945805e-10,4.0334677464670676e-07,1.028350234827391e-11,2.121669645527291e-10,4.834226885463977e-08,1.4753563926106494e-09,0.9999996423721313
6,1.4288371374959752e-08,1.4844945326331072e-05,8.21805123951691e-11,1.110696756789764e-09,2.2051986547921842e-07,1.1563950685911095e-08,0.999984860420227
6,3.508603541035882e-08,3.5340995054866653e-06,5.15172848825074e-10,2.430013079646187e-09,3.178606107212545e-07,3.693510564062308e-08,0.9999960660934448
6,1.2726767195658795e-08,3.008794067227427e-07,6.791447959564323e-11,5.375842548893672e-10,1.8399720147499465e-07,1.5555494670138614e-08,0.9999994039535522
6,2.252845243688739e-09,5.7412915310806056e-08,7.87969082344242e-12,1.9308631082903815e-10,5.153866666773865e-08,2.962834644293366e-09,0.9999998807907104
6,5.631979327347381e-10,2.0949941781367443e-09,1.044123880238057e-12,9.656700786231376e-12,1.598473708952497e-08,1.0346651313497546e-09,1.0
6,4.091889327373366e-10,2.622542738528466e-10,7.601866727248441e-13,3.093541395271515e-11,2.6945512487941414e-08,2.0375989784326975e-09,1.0
6,6.0129612400317e-10,1.4976468676319854e-10,3.06559085842123e-13,3.594701619702434e-11,5.67587576938422e-08,9.969862713177235e-10,1.0
6,2.3288837525115014e-10,1.4093987088514837e-10,8.564012671762045e-13,3.6887035093080556e-11,2.7089285481451952e-08,2.0238295483920865e-09,1.0
6,4.974168299476389e-10,2.6995035096177844e-09,2.945318251443285e-12,2.2858608061948615e-10,7.822174552529759e-08,3.2414684270065663e-09,0.9999998807907104
6,7.104999366625009e-10,2.4103485873894215e-09,5.318005150828364e-12,3.560998718121766e-10,1.2466003340705356e-07,4.116957885713646e-09,0.9999998807907104
6,1.0537224426343528e-09,4.965544420088008e-09,1.463689759673148e-11,4.1953057694499307e-10,1.6549486758776766e-07,7.063440943255728e-09,0.9999998807907104
6,1.6575864014711783e-09,1.8912258425984874e-09,1.6617505982363667e-11,6.113688444386867e-10,1.2483502587201656e-07,8.168595577728865e-09,0.9999998807907104
6,2.338365279186405e-09,5.181462370273948e-09,4.124357105839138e-11,1.6555073978352652e-09,1.0038469611117762e-07,2.158345679958984e-08,0.9999998807907104
6,6.208342173685821e-10,3.897267786268088e-10,1.6527829452273046e-11,4.5136980264537385e-10,6.629356619214377e-08,1.797606330455892e-08,0.9999998807907104
6,9.232511422041512e-10,1.0740914824225456e-09,1.1065001345733627e-11,8.944719964709691e-10,9.130548050961806e-08,5.573357331201123e-09,0.9999998807907104
6,4.930623132004541e-10,2.603394722022756e-10,5.4865036125395505e-12,1.782289316132335e-10,1.618578160389461e-08,2.4766226847106054e-09,1.0
6,2.1955089135605732e-10,1.0510564640853204e-10,3.295066259775825e-12,1.4095249967205348e-10,6.654856221643968e-09,1.5858730995077508e-09,1.0
6,7.709666238753243e-11,5.774438219252609e-11,1.348840635538584e-12,6.996499213318685e-11,2.2067405680559204e-09,7.216695574463472e-10,1.0
6,2.986274769134489e-11,5.950095971485325e-11,4.893738409297854e-13,2.3026284004523667e-11,2.1239388026117467e-09,4.1961384367183996e-10,1.0
6,2.3677587668302635e-12,4.578901927759782e-12,3.645549506259109e-14,3.0135663929564682e-12,8.04167454848681e-10,1.916871661400421e-10,1.0
6,1.6886795781156927e-11,6.674259755978795e-11,2.2264841066741564e-13,2.2573552402316288e-11,4.694321376064181e-09,7.555390757474356e-10,1.0
6,9.316476409781949e-12,1.2768818988262431e-11,1.7783746751685175e-13,1.3771406758011917e-11,8.454312250272267e-10,1.4490442179493357e-09,1.0
6,6.107805775902586e-13,1.3001001100340637e-12,4.8744497242010024e-15,2.2836016931593317e-12,8.815301960618527e-11,5.667775276885223e-11,1.0
6,5.047726993334667e-12,6.598818019787345e-11,2.082710767086285e-13,3.905235856915823e-11,3.640070023180897e-09,8.716776189743314e-10,1.0
6,1.7673024502173895e-11,1.4896300859490452e-10,1.4570182083409322e-12,1.4129489245284788e-10,5.827275550984723e-09,1.5862935409671763e-09,1.0
6,5.27119112248009e-11,1.2918330294375835e-10,3.068868510008871e-12,1.1298644658763735e-10,8.542674123646066e-09,1.2805441151897412e-09,1.0
6,2.517642171129264e-11,3.981014129461613e-11,1.5216881574242613e-12,1.3865426862214036e-10,2.124187048480053e-08,2.9359787934168935e-09,1.0
6,2.2472043670340724e-10,3.7047893641783958e-09,7.185798484021788e-11,1.7679676611592754e-09,3.181950773978315e-07,9.404091727560626e-09,0.9999996423721313
6,5.506802791543919e-10,1.8798782530637936e-09,5.323992982586567e-11,2.4452151414777745e-09,6.213887218109448e-07,1.9913205306920645e-08,0.9999994039535522
6,3.4193628484224803e-10,1.4119333480167029e-09,5.865403301941186e-11,2.1516317616487868e-09,4.317233504025353e-07,6.555203935221243e-09,0.9999995231628418
6,1.6063420038570086e-10,1.4425001193529852e-09,1.1515161740804913e-10,4.327919800317659e-09,6.991439960302159e-08,1.8315081673492273e-09,0.9999998807907104
6,3.110961210861518e-10,7.836653104220659e-09,8.96283255946706e-11,3.6671903291818353e-09,4.376521758331364e-07,2.2902646445999153e-09,0.9999995231628418
6,3.661047853764643e-10,8.82841977301041e-09,1.787086034710228e-10,2.030539469899395e-08,1.6543963283766061e-06,2.5630790823072402e-09,0.9999983310699463
6,1.8938446297300793e-11,5.213280918070495e-10,2.6599243641012293e-12,2.4679647214753686e-09,1.7431749199658952e-07,2.6338065062248006e-10,0.9999998807907104
6,1.1858392046093513e-10,2.9499667153487508e-09,6.977148719888859e-11,1.8160712045300897e-08,9.514715770819748e-08,2.1364119362488054e-09,0.9999998807907104
6,2.393172882086958e-10,2.224450623700136e-09,4.179856114006064e-11,1.8916992416961875e-08,1.9906217119114444e-07,2.6540900588400973e-09,0.9999997615814209
6,1.0987655230110249e-10,1.9764987424508718e-09,9.405107942450641e-11,2.4846670498845924e-08,1.1236336661113455e-07,4.11294687197028e-09,0.9999998807907104
6,1.0239742213868919e-11,2.532825060796995e-10,2.1402508671580778e-12,2.7125670598593388e-09,5.090899435344909e-08,4.780263962445019e-10,1.0
6,9.552114958386038e-13,1.4628359287782722e-11,1.945570169813865e-13,3.3830424572833806e-10,5.407409187085932e-09,2.2596911841699097e-10,1.0
6,3.5431618576609036e-13,6.440287973058512e-12,6.020454046320317e-14,1.8513797439556612e-10,2.2967265866924436e-09,1.0778856973647777e-10,1.0
6,8.965267764282636e-14,4.42544568698966e-12,8.93066900948614e-15,9.398348765898845e-11,1.6969793348309281e-09,3.139537241292345e-11,1.0
6,3.540910105273923e-14,5.04948903870539e-12,8.671930937286052e-15,1.3129024256652855e-10,9.986636406722482e-09,8.478336782635765e-11,1.0
6,1.119452431143711e-13,1.2155493625543023e-11,6.796611342306524e-14,2.783217822877049e-10,6.89237538153975e-08,5.404250380536268e-10,0.9999998807907104
6,1.307220933062514e-13,1.2936373326721817e-11,3.4354717828128864e-14,2.0674681411314566e-10,3.7689314780209315e-08,2.8561358833556483e-10,1.0
6,4.246614995415121e-13,8.219236055651002e-12,3.311279812086461e-14,1.0981230369466743e-09,3.9752762859279756e-08,7.221043207827904e-11,1.0
6,6.967925043378786e-13,2.3998636411448615e-11,5.571706155260356e-14,8.138627549669764e-09,6.389839768417005e-08,8.026498909963209e-11,0.9999998807907104
6,4.755708495193453e-14,2.043453297198572e-12,1.0217519155921026e-15,4.712170098564172e-10,6.9459398233107095e-09,8.216431007790348e-12,1.0
6,2.3058738620775066e-13,6.618150472093021e-12,7.712886353086843e-15,4.147697296730257e-09,1.6324866791705972e-08,2.1289820600900455e-11,1.0
6,4.2356135959709107e-13,5.264637684132545e-12,2.5431647551212543e-14,2.465819326502583e-09,1.6430982796578064e-08,6.920476691707478e-11,1.0
6,5.289616401144004e-13,2.1606069797869276e-12,2.1746410485616423e-14,2.905506280015402e-09,1.4855570995564449e-08,8.966940384658173e-11,1.0
6,1.6782670359764135e-14,4.283449951073687e-13,4.7582287570247135e-15,2.1390123006170825e-10,8.638192383614296e-10,3.06680444928098e-11,1.0
6,3.2029709288484975e-13,2.364780029781577e-12,7.52342253166477e-14,4.664235220275259e-09,9.380610066500594e-09,4.1392861360733946e-10,1.0
6,2.5191993131314094e-14,2.688589368499139e-13,6.052112665053599e-15,2.8375601868191325e-10,3.7538044894702693e-10,2.263261453250287e-11,1.0
6,1.0114934741569173e-13,6.840639166227902e-13,3.039749170690581e-14,8.044344079749521e-10,2.768094420346756e-09,1.0656754645399502e-10,1.0
6,2.881710271611642e-15,5.951153198707759e-14,5.82983131441981e-17,6.455217436973637e-12,5.080922349520733e-10,8.735570860424202e-13,1.0
6,3.331647227522959e-14,4.349385977243936e-13,1.6387961476673103e-14,2.410668019370288e-11,8.304401610814693e-10,5.869771335653695e-11,1.0
6,7.803791792458659e-14,6.016657441362816e-13,1.2663828658139066e-14,7.481605612813524e-11,2.1222339441351323e-09,4.7551351745056536e-11,1.0
6,1.3564028804701335e-15,7.0394257033179995e-15,8.561316031201386e-17,2.5829158690343634e-12,2.9200759865677384e-11,3.1717895454183576e-13,1.0
6,4.8072358810671845e-14,1.1663711446327496e-13,2.838505662071042e-15,1.1435639761525618e-11,2.9174776483564813e-10,6.956032104488141e-12,1.0
6,1.168805676141836e-16,3.956721713102964e-15,1.7662000505793167e-19,1.2765780931802383e-14,2.6278189693695886e-11,7.958235375489682e-15,1.0
6,1.1729832532256061e-14,5.5921057579488495e-14,4.847042279126695e-16,1.1178038746353924e-12,3.204727802574858e-11,1.912264834327826e-12,1.0
6,2.2123681077905856e-15,1.8153388202921984e-14,1.6191273014782366e-16,2.595552353774899e-13,3.250585217662305e-11,1.594152978026675e-12,1.0
6,1.8531556226619034e-15,3.962984928824846e-14,1.1014606673091578e-16,2.7766073403164004e-13,1.8472518653611658e-11,7.350603957977098e-13,1.0
6,3.209841729773775e-15,4.978640655121935e-13,4.2672626527610094e-17,3.306276964449434e-13,1.1757295137471147e-10,2.1361226318610677e-13,1.0
6,3.2491235179774036e-14,1.4891796563248905e-12,5.260227465426405e-17,2.395029487234357e-12,5.046281170706379e-09,1.7318590138371004e-13,1.0
6,1.4705975966058243e-13,7.2241526996585925e-12,2.3485661352696304e-16,4.231255536918388e-12,2.6974152689263065e-08,1.1551338227958063e-12,1.0
6,5.496531642378358e-14,6.548474002637805e-12,1.0840041785340837e-15,6.181975070740364e-12,2.8203490654021834e-09,4.153866053208111e-12,1.0
6,6.563325729257163e-13,2.3508759175450145e-11,7.24765299858765e-13,4.5343218069149316e-10,8.396031425661477e-09,4.4602255916403877e-11,1.0
6,2.4738490769782295e-11,4.6390506019955424e-11,5.550665179224201e-13,5.631334842881586e-10,3.6312510331981684e-08,8.709509502491386e-11,1.0
6,2.8477277425054126e-08,1.4045502538806431e-08,1.116305048398658e-09,3.337057137287047e-07,1.963258455361938e-06,7.617394714998227e-09,0.999997615814209
6,2.2590138826217299e-07,2.1854422271871954e-08,1.3824003053386491e-09,6.197669222274271e-07,8.599735338066239e-06,1.2182183262154922e-08,0.9999905824661255
6,8.508648008387354e-09,4.306071943460665e-09,6.136614133511742e-11,2.232702058790892e-07,2.1579049644060433e-05,2.8783382344244046e-09,0.9999781847000122
6,2.278284760848237e-08,2.23099938523319e-08,1.2854153852437378e-10,5.006560854781128e-07,7.590659515699372e-05,2.2072587313459735e-08,0.9999234676361084
6,1.5324921776027622e-08,1.6550607995213795e-08,4.910765127874583e-10,2.2902884211362107e-07,3.145663640680141e-06,1.3702235790447048e-08,0.999996542930603
6,3.2213158362992544e-08,7.321043682395612e-08,7.898554033047844e-10,1.7157954061985947e-06,2.8725358788506128e-05,1.2254730563654448e-08,0.999969482421875
6,1.1365530738771668e-09,7.860717410324014e-09,2.000422882897368e-10,1.241988485389811e-07,1.0830945939233061e-05,1.4956336613636267e-08,0.9999890327453613
6,3.6181653229050426e-08,1.5173252165823214e-07,1.4647786317212308e-09,1.759585188665369e-06,0.00027765394770540297,2.543669666010828e-07,0.9997201561927795
6,3.3716492708890655e-08,2.5886234311656153e-07,6.448249045831744e-09,1.6226889556492097e-06,2.4676613975316286e-05,3.9818948494030337e-07,0.9999730587005615
6,2.7243733935478076e-09,8.467586809501881e-08,2.532810627897675e-10,1.772379647491107e-07,3.542910917531117e-06,2.951645683424431e-08,0.9999961853027344
6,2.3177353369874254e-08,1.760090952984683e-07,1.9126862316198867e-09,2.5285990545853565e-07,3.8079670048318803e-06,1.2257534365289757e-07,0.9999955892562866
6,6.520375794849542e-09,2.511155905438045e-08,1.900823054512557e-09,1.0519279669551906e-07,2.4381253638239286e-07,1.0184420773384772e-07,0.9999995231628418
6,1.7277505648394254e-08,2.2883037686938223e-08,9.280211266116112e-09,2.111195698262236e-07,3.0020910912753607e-07,4.4702795776174753e-07,0.999998927116394
6,3.407814830325151e-08,1.9720060251415816e-08,1.9390746786029922e-09,1.0104949410560948e-07,4.1439852793700993e-07,2.9237855869723717e-07,0.9999991655349731
6,1.2104102609100664e-08,1.051020603881625e-09,2.5997815011891134e-10,7.261643730771539e-08,1.2332615995092056e-07,1.4542338533374277e-07,0.9999996423721313
6,2.5197202102589245e-09,2.2598981019861242e-10,3.2389129572818476e-11,7.004571589419584e-09,1.9798353179112382e-08,2.731711568060291e-08,1.0
6,1.1802644195313405e-08,3.479436461173435e-10,1.4550555205161686e-10,1.6187998497230183e-08,7.402451984717118e-08,1.7284513376125688e-07,0.9999996423721313
6,5.134906544412843e-08,1.0734251265631656e-09,9.50066469940225e-10,3.1910069253626716e-08,3.443844676098706e-08,5.224244432611158e-07,0.9999992847442627
6,5.627363908189409e-09,9.533939610006925e-11,9.26821813740375e-11,5.863844965148246e-09,8.043166133120394e-09,8.774953386136986e-08,0.9999998807907104
6,1.552440664909227e-08,1.9415095919850245e-10,5.795922630724704e-10,2.146296473881648e-08,5.178480222411963e-08,2.413204640561162e-07,0.9999996423721313
6,1.2183492970052612e-07,4.118412277875905e-09,1.0044808540499162e-08,1.7926979012372612e-07,1.733894094968491e-07,1.1932908137168852e-06,0.9999983310699463
6,2.3537007010077104e-08,4.674205467125603e-10,4.094661498754704e-09,5.845934580861467e-08,2.0639236097963476e-08,3.4509722013353894e-07,0.9999996423721313
6,8.330311374038502e-08,3.412372051592172e-10,3.1418994073106887e-09,4.833442801555066e-08,2.3449624464433327e-08,3.553837473191379e-07,0.9999995231628418
6,3.875587850643569e-09,5.3070742245253655e-11,3.8939540480953383e-10,1.1946966083087318e-08,1.5334963299196147e-09,6.129749152705699e-08,0.9999998807907104
6,3.3694161349906437e-10,4.195072067503247e-11,2.368271412311884e-10,3.0022286878761406e-09,1.737678473334725e-10,6.097039761954193e-09,1.0
6,8.641307114309882e-10,1.794702858548547e-10,1.3427968459378548e-10,5.234926270247797e-09,3.9287567643597754e-10,2.4903357154215655e-09,1.0
6,1.0214645795869615e-09,1.0878387773916032e-10,1.9055419742119994e-10,9.806973011450282e-09,3.8399877722028464e-10,6.870243485224137e-09,1.0
6,1.999686638498588e-09,6.517652528792439e-10,2.9942912593838855e-09,2.1049004317319486e-08,3.886045096823665e-10,5.9382654349349195e-09,1.0
6,1.0107630288302971e-08,2.7614444064738564e-09,9.619856911058378e-09,1.0495974578361711e-07,1.3376925123154138e-09,1.0737581490616321e-08,0.9999998807907104
6,3.101880974298865e-09,4.289285593372938e-10,1.5289259858164428e-09,2.7622624187984002e-08,1.3494184936124753e-10,1.6413715941965279e-09,1.0
6,1.2814608041367137e-08,2.2721431403027736e-09,2.556803213593639e-09,2.0244102927335916e-07,9.157151148464493e-10,1.4552924421096236e-09,0.9999997615814209
6,8.197204692805826e-09,3.6612719522821635e-09,7.2231434167235875e-09,1.0432943753357904e-07,1.5026402344631151e-09,1.911119040798326e-09,0.9999998807907104
6,2.3088666534221147e-09,1.9339563284148653e-09,4.82194995043983e-09,7.76313768824366e-08,9.274411238990865e-10,1.2417495920402644e-09,0.9999998807907104
6,3.3434259805176225e-09,2.6864621638367225e-09,1.6503692634728395e-08,1.0566579078385985e-07,1.2702298102240661e-09,2.357757322712928e-09,0.9999998807907104
6,1.2435107388242272e-09,1.13156006786852e-09,1.3356103778505712e-08,3.307231466465055e-08,4.3650913439385874e-10,1.7610286562330657e-09,1.0
6,2.9558415715058572e-09,1.5742671610752268e-09,2.6524775265102107e-08,4.214261295487631e-08,4.169555256616775e-10,2.8441180521809883e-09,1.0
6,4.910005180214227e-10,5.195294749960055e-10,7.022844972226494e-09,3.930033187771187e-09,3.072959942063136e-10,3.758233724227011e-09,1.0
6,2.2976369418170606e-10,7.296553639069003e-11,9.054181293599584e-10,1.6661418911212422e-09,2.95445161391239e-11,2.6253654805685755e-10,1.0
6,1.0627632107684803e-09,3.872615839117799e-10,2.6913101081049717e-08,9.256144295477498e-09,1.593039172798072e-10,7.336766305598985e-09,1.0
6,6.989273604318669e-10,3.968931017173105e-10,1.762541756988867e-08,8.16855028062946e-09,1.4490351973872606e-10,2.7215687481429995e-09,1.0
6,3.497068745694776e-10,4.5211173693715523e-10,8.859366573688021e-10,3.7062326541104085e-09,2.0551699231319276e-10,2.3467108811736637e-10,1.0
6,1.2846467223326385e-09,3.356510624996645e-10,9.808001522060295e-09,4.173886125613535e-09,1.2651395209228866e-10,3.065456777306963e-09,1.0
6,1.1776753183756483e-10,2.947209698511699e-10,1.1613970229973347e-08,3.8743759311898884e-09,1.068914262658538e-10,3.706593032504202e-09,1.0
6,1.1506050279219693e-10,7.067048057862735e-10,6.921145967453413e-08,1.3269084497835593e-08,1.9678909890519236e-10,1.3765175665980678e-08,0.9999998807907104
6,6.065729585280621e-10,5.385092372023337e-10,4.819679322309867e-09,9.298701364457429e-09,2.347230187993432e-10,1.9488126667965844e-09,1.0
6,8.059774375679396e-11,2.745331184605959e-10,1.088897971790459e-09,2.880608862554368e-09,1.1181014447636528e-10,7.303797566748926e-10,1.0
6,5.824705717749623e-10,5.7086696481079e-10,5.48762146834747e-09,4.340221071430506e-09,8.328985418026846e-11,2.3431649953664646e-09,1.0
6,3.6629119182229886e-10,3.162105299825413e-10,2.2651380771065988e-09,1.2289513406926744e-08,5.618928933248668e-11,2.107627183889349e-09,1.0
6,1.6153443860300598e-10,9.573611348123734e-11,3.8287031878248e-10,4.06256583929121e-09,2.657218368951053e-11,1.3378586016798977e-09,1.0
6,5.0751951252703265e-11,6.548817599316692e-10,6.595838875078641e-10,8.85563800068212e-09,1.280365258260474e-10,1.5305570144619196e-09,1.0
