6,9.206337948930443e-12,7.112020694588495e-11,1.603713798044304e-12,4.067884695757584e-09,6.599466750856209e-09,3.3150167055850943e-09,1.0
6,5.777994402378361e-12,3.502734560734133e-11,2.298099210928939e-12,4.435407596758978e-09,2.189266767871345e-09,2.2975856772688985e-09,1.0
6,5.226418256509824e-12,8.001019291548062e-11,2.7502548849422936e-12,4.809990628018568e-09,3.681938309796351e-09,1.1787664178086743e-08,1.0
6,3.5418256869035325e-12,3.0374355808326925e-11,8.786688282351462e-13,2.1146859818799157e-09,3.910696211306686e-09,3.136925164071158e-09,1.0
6,1.6442738013169866e-12,2.0348705359607422e-11,4.1581205167430524e-13,2.008512911544358e-09,4.074546922083755e-09,1.598915000400325e-09,1.0
6,1.0831439911651586e-12,1.382491083418147e-11,3.0290665266850814e-13,2.3606689936173098e-09,2.1573940411911963e-09,8.96528629112936e-10,1.0
6,2.0595864423655907e-12,3.933470910100212e-11,1.6501543512702221e-13,4.954060273121286e-09,2.804545928825064e-09,6.291621112985979e-10,1.0
6,1.518079759121882e-11,3.1260288801959746e-10,2.097309955914617e-12,1.2648151859195877e-08,1.025774132301649e-08,7.058633677559101e-09,1.0
6,6.317095284369412e-12,5.539050884628693e-10,1.7050032176044172e-12,5.4800377569108605e-09,5.071146169655094e-09,2.5866813135877464e-09,1.0
6,1.83660595412527e-12,2.086749939511634e-10,6.88689177300722e-13,2.189174841404906e-09,1.857514031478047e-09,1.193193210902166e-09,1.0
6,1.2408434739777374e-12,8.791542494002158e-11,5.502240373392309e-13,4.431804700999464e-09,1.4795389358113198e-09,9.430530800713655e-10,1.0
6,2.175696905623581e-12,8.96246063475381e-11,3.421414085207075e-13,7.232159759951173e-09,2.658163911206657e-09,5.92026982992877e-10,1.0
6,2.502607713075755e-12,5.625599291958494e-11,2.1671889543356526e-13,4.571125256092046e-09,2.403632182179649e-09,3.2266625482613165e-10,1.0
6,2.5679042225945636e-12,1.1206634231708534e-10,3.0225103561480615e-13,7.260271939202312e-09,1.8938466350704175e-09,3.0592575694932123e-10,1.0
6,9.970841860496016e-12,3.6059175090308315e-10,1.5614418395412666e-12,4.2409439515722624e-08,3.3765010787334404e-09,5.779697276331319e-10,1.0
6,1.1847762354522118e-11,2.1550529416547448e-10,2.3732339878013153e-12,4.4775614327363655e-08,2.2941524235875477e-09,3.971217799048077e-10,1.0
6,1.0508113476581649e-11,1.7928006301737298e-10,1.5953513466879232e-12,5.0996945333281474e-08,4.78821426952436e-09,2.3357032974402614e-10,1.0
6,3.6373365257247325e-12,4.809563511343207e-11,3.9289532456458776e-13,5.935423263991879e-09,2.109806995775898e-09,2.296646761656973e-10,1.0
6,2.1889668896935e-12,7.851206490494533e-11,7.47009171100238e-13,4.798298647301635e-09,1.883946332270625e-09,6.6830402323248e-10,1.0
6,2.456591353949822e-12,1.0344179679488974e-10,1.0578996446214406e-12,9.363021469255273e-09,3.4552476435578683e-09,1.8002990209708969e-09,1.0
6,1.5506424269617902e-11,4.277790066620213e-10,2.088523798349229e-12,3.551404859081231e-08,2.034706625408944e-08,9.876615969517388e-09,1.0
6,1.8918941933898648e-12,8.811014418075303e-11,3.3035222777796913e-13,2.8819113762068582e-09,5.835016470001619e-09,1.7220925796479492e-09,1.0
6,1.2002559319698736e-12,6.167703153758808e-11,1.2983424014720302e-13,1.2333325472013712e-09,5.4326956266947946e-09,1.279774952678281e-09,1.0
6,2.1646771289525468e-13,1.0707421060907052e-11,2.895430341884678e-14,6.185200129849022e-10,1.0167646724568158e-09,6.421809195522599e-10,1.0
6,1.1951440705149086e-11,1.3120194930493767e-09,6.803307917024881e-13,1.0261694605162575e-08,4.446633283805568e-08,2.7653976886199416e-09,1.0
6,2.8301523451179644e-12,2.1323115495519573e-10,1.921730325869439e-13,3.831627015671302e-09,1.9219001501369348e-08,1.5302855649323988e-09,1.0
6,1.795526292751315e-12,4.228540850803597e-10,1.7870454465176988e-13,1.2037638441597664e-08,1.2943846883217702e-08,7.759103914928289e-10,1.0
6,1.655062263454521e-13,4.544221769708923e-12,8.668688495163963e-15,1.3973489032537145e-09,1.7458319234719966e-09,1.6841868177852604e-10,1.0
6,3.54844539168786e-12,8.051953548360302e-11,5.581769245486916e-14,1.0065441813367215e-08,2.4603805215406283e-08,6.684442444004901e-10,1.0
6,1.2541824133058266e-12,1.962230898600037e-11,1.146764364782886e-14,9.002538714497632e-10,4.576595102889769e-09,1.916615754993245e-10,1.0
6,7.300736621154713e-13,2.7239068205869854e-12,2.3268098399095195e-14,1.499971702401126e-09,2.7467242369461076e-10,3.3963026835337473e-10,1.0
6,6.271964718418399e-12,3.708915813360747e-11,4.1956439407811463e-13,1.5213837301075728e-08,4.279644638671698e-09,2.9949251967309465e-09,1.0
6,2.301187235556612e-12,2.508351599345149e-12,2.350667132732659e-13,6.9382597445155625e-09,6.603858015985509e-10,1.675265037803797e-09,1.0
6,1.3469510879923763e-12,3.007640360722097e-12,4.079819164795606e-13,2.1900362412452523e-08,8.048886557254775e-10,2.0230384034647386e-09,1.0
6,3.368845458671943e-13,3.6390907106297055e-13,3.345491134012883e-14,1.5628506266907038e-09,1.2773916646668937e-10,2.774060148258428e-10,1.0
6,7.016096688003404e-13,9.712740594441938e-13,3.9788772320317745e-13,2.534812582055679e-09,3.139437598775885e-10,1.7828613030346219e-09,1.0
6,2.1502335231359665e-13,2.6528428759275968e-11,1.56649812479287e-12,1.1136350508422765e-08,7.685840852644787e-10,9.193923400374615e-10,1.0
6,3.877885222680101e-14,1.4505987556978628e-12,3.652964432679373e-13,2.7175022232484025e-09,1.1964446100520831e-10,6.228755289328092e-10,1.0
6,8.050850974382004e-14,5.096744966175126e-13,6.366248674061215e-13,5.198806274364642e-09,3.657011152236045e-11,9.064117234558466e-10,1.0
6,9.883209702021833e-13,2.223769605957937e-11,8.280919353009786e-12,9.825380686834251e-08,1.836898411156085e-10,1.497221790991432e-09,0.9999998807907104
6,1.941911909053573e-12,4.0666157941071646e-11,4.763975238603058e-12,2.6173633926873663e-08,7.125276479946763e-10,4.287708854633365e-09,1.0
6,1.4602871863111933e-12,6.43404149403004e-11,6.031195508293674e-12,4.171150536080859e-08,2.9918594268707466e-09,2.1391521887181852e-09,1.0
6,5.111659793360923e-13,5.557259860622388e-11,1.0926244718018063e-12,2.4173296253593435e-08,3.949267579628213e-10,1.2535714133399267e-10,1.0
6,9.99837972831541e-12,2.907089846626576e-10,2.9249961827626514e-12,1.0071072154005378e-07,4.8096508997730325e-09,8.292019154643171e-11,0.9999998807907104
6,3.2280705886122973e-11,1.1007946776331323e-09,1.0010835476553792e-12,9.042071980047695e-09,1.4846223805875525e-08,9.88714179972483e-11,1.0
6,1.1556390393241411e-11,1.4679466531219987e-09,1.37207384126245e-13,4.862560132323779e-09,1.5206401693390603e-09,3.7290379117926875e-12,1.0
6,9.003718604017052e-11,1.8763520515108212e-08,2.871618741406845e-12,1.5865991853658556e-09,3.9160571674301536e-08,4.227224473241087e-11,1.0
6,1.9947446472379227e-10,1.90215949658068e-08,1.7831984803692857e-12,1.7316243994258684e-09,7.090170583978761e-08,3.1025581409549474e-11,0.9999998807907104
6,2.0508117426487615e-10,1.3699017031854055e-08,2.431052538096057e-12,5.782321843561533e-10,3.5484053029222196e-08,8.249301242102547e-11,1.0
6,2.4270241372192913e-09,1.3812142469760147e-06,2.8894690459746464e-11,1.5710177603267539e-09,1.0756742767625838e-06,1.1048911091604552e-10,0.9999974966049194
6,1.6313382866783854e-09,7.846417560131158e-08,1.4360615561287426e-12,2.475362137488446e-10,1.240017468262522e-06,3.997245590081633e-11,0.9999986886978149
6,4.034186762424952e-09,5.035630579186545e-07,3.5165609573589718e-12,2.706285473497161e-10,3.7747356600448256e-06,1.4642931311925622e-10,0.9999957084655762
6,1.2506320423710804e-09,1.3998703707329696e-06,2.4520278169015697e-11,4.1828807084698383e-10,7.642689752174192e-07,3.859466912725651e-10,0.9999978542327881
6,1.960853562854581e-10,1.264746174456377e-07,3.6064047256346987e-13,6.69879290926545e-11,6.052785010979278e-07,1.4475169327066162e-11,0.9999992847442627
6,2.3322215270127344e-09,1.0447672593727475e-07,2.7439704154696987e-12,2.22040871800111e-10,5.942720235907473e-07,8.3786116933382e-11,0.9999992847442627
6,1.608988497991959e-08,5.946738497186743e-07,1.9134497805661788e-11,3.627514288950806e-09,2.2605991034652106e-06,1.9301471532173764e-10,0.9999971389770508
6,2.039345403659354e-08,5.396461233431182e-07,7.282274089304153e-11,3.3169329505255973e-09,1.2876775144832209e-05,1.0550418316768173e-09,0.9999865293502808
6,2.004288823798106e-08,3.4469368870304606e-07,1.6804163616157552e-10,4.385413809870897e-09,3.5329032925801584e-06,8.912737770039314e-10,0.9999960660934448
6,1.799073889863223e-09,2.917113661737858e-08,8.95710849241338e-12,9.200221140481801e-10,1.7294473764195573e-06,7.814619090718011e-11,0.9999982118606567
6,2.5696247907269765e-10,1.9106815685177025e-08,5.08980444596796e-13,3.62245955454199e-10,4.535980224318337e-06,3.9287371966789664e-11,0.9999954700469971
6,4.065928982388556e-10,2.1264130012355054e-08,2.015559811066603e-12,1.031618901414788e-09,1.6301380583172431e-06,4.671069087081037e-11,0.9999983310699463
6,3.907748569176306e-10,2.0128361200022482e-08,5.625175347225009e-13,2.0401920430845877e-10,1.9039237031392986e-06,3.8555075798640814e-11,0.9999980926513672
6,2.80251016837596e-10,5.703348548991016e-08,6.878549921492116e-13,7.046137284749676e-11,2.7202524961467134e-06,4.5206630105987244e-11,0.9999972581863403
6,2.819251221364283e-10,2.1844414277438773e-07,5.354431633318446e-13,5.483450065540962e-12,3.304354095234885e-06,6.518346279404952e-11,0.9999964237213135
6,8.193874467821161e-10,2.8207404056956875e-07,2.695019554743716e-12,1.6674694611196195e-11,5.104815500089899e-06,2.0462175009949846e-10,0.9999946355819702
6,6.427671589426254e-11,1.727605649648467e-07,1.4437505010955753e-11,5.340581102353248e-11,4.304397975829488e-07,2.99732794140084e-10,0.9999994039535522
6,5.0808211804476144e-11,1.5495010075028404e-07,5.606595396279168e-11,3.320861641231687e-10,1.6590728080245754e-07,4.5481968191651845e-10,0.9999997615814209
6,1.093807336371988e-10,1.8625101461111626e-07,2.24855776359556e-11,9.835423142590116e-09,1.9449109345259785e-07,1.9129407780038576e-10,0.9999995231628418
6,1.6204287911492088e-10,9.716612225929566e-08,2.7589338799649532e-11,5.4701892793218576e-08,5.4991005526972e-07,8.899359027481069e-11,0.9999992847442627
6,2.838434765006781e-10,6.892567938621141e-08,1.8690812786381628e-12,9.12723265855675e-08,7.216294193312933e-07,8.715979327167389e-12,0.9999991655349731
6,6.287346754341172e-10,1.3247728247733903e-07,3.317123659085652e-11,1.3257922759635221e-08,5.142692316439934e-07,4.81092804482941e-11,0.9999994039535522
6,8.873494300454254e-11,2.7829429427583818e-08,1.8091734707570417e-11,1.2882305222561286e-09,7.512130650866311e-07,4.825962893195701e-11,0.9999992847442627
6,2.911227370283598e-10,3.883119603642626e-08,6.220828713265902e-11,2.5487927324263637e-09,6.923244768586301e-07,3.3870170557115387e-10,0.9999992847442627
6,1.7025336696008253e-09,5.3813113964906734e-08,3.98918710564633e-11,2.2286141820870853e-09,1.3773786804449628e-06,7.319099215585823e-10,0.9999985694885254
6,4.3342276989655204e-10,1.5950742948689367e-08,3.6749574737482416e-12,6.784733885822902e-10,3.6150390769762453e-07,1.3230856688029036e-10,0.9999996423721313
6,6.849070199876905e-10,1.387254866536125e-09,1.6006149313949058e-12,6.111134931430229e-10,1.2940692784013663e-07,2.458355741197238e-10,0.9999998807907104
6,4.581458767916047e-09,1.0311566711607156e-08,1.0972904876394018e-11,1.8600981865901645e-09,1.7995280643390288e-07,2.4367703410632657e-09,0.9999997615814209
6,1.0867069466513612e-09,1.566083085435821e-08,3.1240769519935707e-12,2.0489399066292435e-09,4.0561257463878064e-08,2.4490989791736695e-10,1.0
6,6.301333760339034e-11,3.79513476200799e-10,5.496631795554041e-12,2.8361331061432793e-09,4.637418449249253e-09,5.953096349209375e-10,1.0
6,1.3908151019759174e-10,1.0696368235585396e-09,2.601267942367591e-12,3.5392833108716104e-10,1.0196276711837982e-08,1.0235905456568162e-09,1.0
6,1.3341061762262019e-11,7.701851378882907e-10,5.705297345670601e-13,1.940466121119755e-10,7.692000369985408e-10,2.795033648972378e-10,1.0
6,5.432791369552881e-12,1.0758994389847842e-10,1.5240780371680168e-13,4.656638963318471e-11,6.556662851542328e-11,6.653351480867542e-11,1.0
6,1.2121819390267796e-13,1.247679598526119e-10,1.7904084383688415e-14,4.280487422847479e-12,3.253351407717098e-11,9.085887597848341e-11,1.0
6,4.629923831475646e-13,2.5445331952589356e-10,6.943789076716e-14,4.341406574515094e-12,5.170795042142018e-11,1.71612404842314e-10,1.0
6,3.1298843183001634e-13,2.9017718783386215e-10,4.464420979709456e-15,4.739613215787308e-12,5.1055652761089476e-11,9.540393648699297e-12,1.0
6,1.1291103346896224e-14,6.782293368416681e-13,1.1233864460210804e-16,2.518816318713979e-13,2.686360682513378e-12,9.209898468864886e-13,1.0
6,2.0343367832312276e-13,4.600386738218276e-11,3.922908073145277e-14,8.63379090443317e-11,4.917875134902161e-11,1.9780583421225018e-11,1.0
6,1.750163490694956e-12,8.348962493576195e-11,1.903249659382291e-14,5.7285724774924773e-11,5.965303251365128e-10,1.1349293727036525e-10,1.0
6,4.0844619353386236e-12,9.821975871515676e-11,1.160455845999886e-12,5.093390154087274e-10,5.176936102024854e-10,8.623772251858952e-10,1.0
6,2.6792391222274503e-11,6.629840426652933e-11,1.4220560493050094e-12,1.4509359269609945e-09,8.452059496733e-09,3.1800145849913974e-10,1.0
6,1.6056949173059998e-11,3.178230248424008e-11,1.1103305774806671e-12,2.832662548968301e-09,1.2539308480441491e-09,2.4405885645784053e-10,1.0
6,1.2038613161902134e-10,8.194481204704118e-10,5.353625962684072e-12,9.121400856848538e-10,4.3789030179652855e-09,1.0944867234741196e-09,1.0
6,5.852235585024346e-09,9.165718850567828e-09,6.9447194661620415e-09,9.606164041997545e-08,3.896096956168549e-08,1.2517166680936498e-07,0.9999997615814209
6,1.0932618144110506e-09,5.4748156230743916e-08,1.8841470605934774e-09,4.391969810058072e-08,1.3720109848236461e-07,7.972862192673347e-08,0.9999997615814209
6,1.3829747347315902e-09,5.6993936681237756e-08,1.6285670589866186e-09,8.409062957071001e-08,4.7319890228436634e-08,1.0006010597862769e-07,0.9999997615814209
6,1.3046855151799264e-08,9.050790481524018e-07,2.523139919219375e-08,1.9245452165250754e-07,4.6866216507623903e-07,7.257618790390552e-07,0.9999977350234985
6,5.57887403829227e-07,5.24515508004697e-06,5.71030739138223e-07,1.5634884675819194e-06,2.3003301521384856e-06,1.6222867998294532e-05,0.9999735355377197
6,5.315676503414579e-07,3.8143405163282296e-06,2.5717534413161047e-07,1.2262481732250308e-06,4.238044766680105e-06,1.0905547242145985e-05,0.9999790191650391
6,5.226914456812892e-09,6.786874564568279e-07,1.122446917634079e-07,9.601378678780748e-07,1.6823959470002592e-07,9.670757208368741e-06,0.9999884366989136
6,1.4069211351497302e-09,3.915170964319259e-06,3.0736142520026988e-09,1.6571371475038177e-07,6.548169722009334e-07,2.2760241336072795e-06,0.9999929666519165
6,1.3360111552174203e-05,4.314041507313959e-05,0.0007260345155373216,0.007189806550741196,1.9226343283662573e-05,0.4181641936302185,0.573844313621521
5,2.0841714558628155e-06,1.2359116396964964e-07,1.6956179024418816e-05,0.0007402822375297546,1.0791436579893343e-05,0.9978093504905701,0.0014203947503119707
5,3.530668379880808e-07,7.396897760969523e-09,4.459398951439653e-06,0.0004480101342778653,4.098931640328374e-06,0.9993069171905518,0.0002361645456403494
5,2.235385920812405e-07,3.502338419281159e-10,1.2888217497675214e-06,0.00020513494382612407,4.6338750507857185e-06,0.9997108578681946,7.782140164636075e-05
5,2.5590136942810204e-07,3.365216785788938e-11,8.19546457364595e-08,2.1819754692842253e-05,1.4775689123780467e-05,0.9999549388885498,8.165834515239112e-06
5,2.665537749635405e-06,4.605886227970757e-10,8.988412503185828e-08,0.0005691369296982884,0.00011197921412531286,0.9992985725402832,1.7446242054575123e-05
5,4.7462705765610735e-07,2.63022492674736e-10,1.340171422725689e-07,0.00015882520528975874,5.467276059789583e-05,0.999774158000946,1.1752920727303717e-05
5,2.9988755159138236e-06,4.828507593757081e-10,4.773826844939322e-07,0.00037895928835496306,4.49438339273911e-05,0.9995323419570923,4.039958002977073e-05
5,1.0138637662748806e-06,2.0336793360442584e-10,3.019560423922485e-08,0.001594152650795877,0.0002881631371565163,0.9980767965316772,3.993614518549293e-05
5,1.169651341115241e-06,2.537169363492353e-10,1.9403600504119822e-07,0.002343184547498822,0.00020720262546092272,0.9974370002746582,1.1195756997040007e-05
5,3.1454931104235584e-06,7.575068176890465e-12,5.776124467615773e-08,0.0007998915389180183,1.21883895189967e-05,0.9991825222969055,2.2274230104812887e-06
5,1.4537503147948883e-06,1.2783622771461722e-10,6.842528819106519e-07,0.007868162356317043,5.316578153724549e-06,0.9921104311943054,1.3908217624702957e-05
5,1.279144044019631e-07,2.7518861755310153e-12,6.839194810481786e-08,0.00013049958215560764,3.943115984839096e-07,0.9998682737350464,5.856206257703889e-07
5,2.0311397008754284e-08,4.579155631068144e-12,2.4535477649578752e-08,0.0007721253205090761,2.7595665414992254e-06,0.999224066734314,1.0427102097310126e-06
5,1.1185943726843561e-08,6.7493584506028714e-12,1.9740681977964414e-08,0.00026423210510984063,3.3798248750827042e-06,0.9997321963310242,2.1875267464110948e-07
5,2.5128541025765117e-08,1.7307121014109583e-11,1.7719230527291074e-08,0.0012984757777303457,4.1882463847287e-05,0.9986584186553955,1.1257841379119782e-06
5,2.6543855113914105e-08,5.83292745701125e-12,1.3333292248063344e-09,0.0001938485656864941,1.0182591722696088e-05,0.9997959733009338,1.4341093645953151e-08
5,2.1855481691090972e-07,1.850935654745811e-10,3.856019947789946e-09,0.0003442553279455751,3.834227754850872e-05,0.9996169805526733,1.9022644437427516e-07
5,1.3106816254548903e-07,3.3114799791178484e-10,2.7035786942519735e-08,0.00233175465837121,2.4005288651096635e-05,0.9976425766944885,1.494428488513222e-06
5,1.6062966068375317e-08,9.191882255343842e-10,3.3764793183621578e-09,0.003973348531872034,0.00026661736774258316,0.9957587122917175,1.2927553143526893e-06
5,4.993565028144076e-08,7.355351050453152e-11,3.019877237164792e-09,0.00011310882109683007,2.0377474356791936e-06,0.9998816251754761,3.1648633012082428e-06
5,3.675659598911807e-08,6.419211828756488e-10,4.126058383846498e-10,3.9082166040316224e-05,1.319080274697626e-05,0.9999425411224365,5.183055691304617e-06
5,6.010861852701055e-07,1.1755261208890033e-09,5.292635663067813e-09,1.2697565580310766e-05,4.827701104659354e-06,0.9999810457229614,7.067646947689354e-07
5,3.953267651013448e-07,2.748255845119729e-09,5.376689315994554e-09,4.1169743781210855e-05,2.0374031009851024e-05,0.9999351501464844,2.982684691232862e-06
5,3.0716276189224345e-09,7.916329813895118e-09,7.206686358784964e-10,8.992112270789221e-06,2.0341445633675903e-05,0.9996688365936279,0.0003019190044142306
5,1.8065076545781267e-08,1.2933393245262437e-09,2.4742524473708727e-08,5.122657603351399e-05,1.5553130651824176e-05,0.9999135732650757,1.955946754605975e-05
5,2.0500984021509794e-07,1.0155708274339759e-08,2.0164868885785836e-07,0.001161752501502633,8.31822762847878e-05,0.9987034797668457,5.1157949201297015e-05
5,1.2351803135857153e-08,1.1741962957501073e-09,1.3967436984785309e-08,0.00017063884297385812,2.5518282200209796e-05,0.9997990727424622,4.74317857879214e-06
5,1.0340884593063038e-08,4.141550213887513e-09,1.5638903505532653e-08,0.0002000670210691169,1.1775131497415714e-05,0.9997796416282654,8.49776915856637e-06
5,9.342317142113643e-09,5.527880819755637e-09,4.6313875401438054e-08,0.00027200908516533673,1.1299306606815662e-05,0.9996880292892456,2.865801434381865e-05
5,4.9089400988577836e-08,1.2582391661908332e-07,6.650287787124398e-08,0.0011089642066508532,0.00013071139983367175,0.9986938834190369,6.618057523155585e-05
5,5.955301318749662e-08,3.485139643544244e-07,7.380559168268519e-07,0.007604321464896202,0.0001774728880263865,0.9920394420623779,0.00017752689018379897
5,1.3727382111028419e-06,5.222847789809748e-07,5.537989181902958e-06,0.06675328314304352,0.0005996183608658612,0.932270348072052,0.00036919047124683857
5,2.8164085961179808e-06,1.5989277812877845e-07,1.119914941227762e-06,0.008288704790174961,0.0009047026978805661,0.9907611012458801,4.13668567489367e-05
5,1.59735900524538e-05,2.043751692326623e-06,5.0775120143953245e-06,0.4472128748893738,0.006019195541739464,0.5455093383789062,0.0012355211656540632
3,3.5117739827228434e-08,7.642920252237673e-08,4.335194425664213e-09,0.9999150037765503,7.297848060261458e-05,1.9303938643133733e-06,9.898779353534337e-06
3,1.5914253026494407e-08,1.5904248584774905e-07,2.499844997672085e-09,0.999920129776001,7.785015623085201e-05,7.914321997759544e-08,1.8044808030026616e-06
3,2.850273350674115e-09,1.2279379291157966e-08,9.864865868625117e-11,0.9999645948410034,3.5306482459418476e-05,1.5044081536075282e-09,9.269460576888378e-08
3,4.3668809013297505e-08,4.0910606458055554e-08,1.2044644170927654e-09,0.9998403787612915,0.00015844132576603442,2.1319449317047656e-08,1.0064806019727257e-06
3,4.0887208285766974e-08,5.288867299668709e-08,2.261198561726019e-09,0.9998595714569092,0.0001380747271468863,2.2145476563650845e-08,2.174093651774456e-06
3,3.202590193041033e-08,4.382641520805919e-07,3.0718327881373853e-09,0.9999606609344482,3.234745599911548e-05,2.4736881432119162e-09,6.509725153591717e-06
3,1.0924749105356568e-08,9.332433137387852e-08,1.518007053391557e-08,0.9999830722808838,9.383454198541585e-06,8.977985577196534e-10,7.388091489701765e-06
3,1.4510854384752747e-07,2.353137205091116e-07,2.71372488924726e-08,0.9998941421508789,7.320751592487795e-06,2.4491226824352452e-08,9.808396134758368e-05
3,5.882545117685822e-09,2.7958196824329207e-07,3.129668186829804e-07,0.9999850988388062,1.6708294197087525e-06,7.959020997816424e-09,1.2616562344192062e-05
3,2.4179951196856564e-07,3.1709589620732004e-07,5.997150509529092e-08,0.9998875856399536,0.00010434493742650375,8.899023384856264e-08,7.3951532613136806e-06
3,8.676789207129332e-07,5.454836227158921e-08,1.1341466654712917e-09,0.999180257320404,0.0008184631587937474,4.771542450043853e-08,2.1894153690027451e-07
3,2.6816951503860764e-07,1.1415592915398065e-08,2.5493475386273445e-11,0.9878658652305603,0.012133123353123665,7.053758963593282e-07,1.153683459875765e-08
3,2.1140408534847666e-08,2.059977299850857e-09,1.0772988404128547e-11,0.9999079704284668,9.196257451549172e-05,1.101431035266387e-08,1.2945124083785231e-08
3,2.8428473797248444e-08,5.042905537600006e-10,1.1657395534991899e-11,0.999998927116394,1.0231487976852804e-06,1.3006704047135997e-10,3.7787293294400115e-09
3,1.1179212222600654e-08,1.5922531071410617e-09,2.171429008823722e-10,0.9999980926513672,1.9259991859144066e-06,3.829164985091893e-09,1.5370494210742436e-08
3,2.97813258498536e-08,7.285455572159094e-10,3.377521873293432e-10,0.9999995231628418,4.5148914296078146e-07,2.5208246601238216e-09,1.3190225800485678e-08
3,6.416289721755675e-08,3.421263983227618e-08,3.956361460666358e-09,0.9999992847442627,5.908976277169131e-07,7.579547545155663e-10,4.887944982101544e-08
3,1.7802890273088678e-09,1.264334414941004e-09,4.2878212092034573e-10,1.0,3.770503909095169e-09,4.578729409510096e-11,3.3625180861918125e-08
3,2.0811410372800765e-09,8.069499735086083e-09,2.9803882029000306e-08,0.9999860525131226,1.5841671308081118e-09,2.0146362800232964e-08,1.3939210475655273e-05
3,9.091330466226566e-10,1.3711408541894343e-07,6.12115869103036e-08,0.9994483590126038,3.361592959549853e-08,2.106478689256619e-07,0.0005512131610885262
3,1.7247771266770684e-10,5.163469651847663e-08,4.972279810111502e-10,0.9995784163475037,2.6664723762337417e-08,5.3847348802094075e-09,0.00042154957191087306
3,1.0069689526659431e-09,1.6058917751138324e-08,8.373257642801946e-11,0.999907374382019,6.065357069928723e-07,9.749276941306562e-09,9.206210961565375e-05
3,7.88039338645019e-12,2.563857737225561e-10,1.665032112185827e-09,0.9999994039535522,1.374061664449755e-08,2.3234339452393726e-10,5.867378263246792e-07
3,7.644570393372518e-11,6.146936293305316e-10,1.0475794676167993e-09,0.999998927116394,6.15027317962813e-08,9.558224212113942e-10,1.0545041959630908e-06
3,1.0335117206494715e-09,1.1878505956630647e-09,2.629102269224859e-08,0.999996542930603,1.2051714293193072e-06,3.839451068188282e-08,2.1833432128914865e-06
3,2.6194413305091757e-10,4.6928717856165036e-11,4.362325223272734e-10,0.9999992847442627,6.36860193026223e-07,2.5317073437669535e-10,2.4230750739206997e-08
3,1.1087498030804e-08,4.784614926478525e-10,8.546365004580281e-11,0.9999618530273438,3.802922947215848e-05,7.819676572928813e-10,1.31388759427864e-07
3,1.979015840092302e-09,1.2830261297835932e-09,1.8396342782445174e-10,0.999992847442627,6.0582183323276695e-06,5.878829645311612e-10,1.1027818800357636e-06
3,2.215494732116241e-10,6.967406096514139e-10,1.7497749082995284e-10,0.9999829530715942,1.4269179700932e-05,2.936265008912642e-09,2.803839379339479e-06
3,9.565923747567595e-11,6.950762188040471e-09,4.548144916238783e-10,0.9999654293060303,1.2042384696542285e-05,1.5440150269441233e-09,2.257288360851817e-05
3,8.453677341480059e-11,1.2709712171599108e-09,3.535281789535105e-10,0.9999978542327881,8.509222197972122e-07,2.554720601732896e-10,1.2752675502269994e-06
3,1.2201939458833522e-10,1.7868952151278705e-10,1.755067879222194e-12,0.9999983310699463,3.997851081294357e-07,1.318289574725462e-11,1.2711907402263023e-06
3,1.16711673658898e-09,2.5620439797480188e-11,1.831464493950996e-11,0.9999998807907104,6.513160144550056e-08,6.116927797616967e-11,3.6896519617357626e-08
3,8.447020305446529e-10,1.1577842634266644e-12,9.810183264694072e-13,0.9999992847442627,6.728040489178966e-07,3.89234582065523e-11,2.39909037080821e-10
3,5.253220775047751e-11,1.0045288982140493e-13,1.5564887703364838e-13,0.9999991655349731,8.847678714118956e-07,3.96635025171066e-12,4.282927831833483e-11
3,9.450221855056284e-11,5.291663374845657e-13,4.554352771649062e-13,0.9999996423721313,3.218237054625206e-07,2.967913892079621e-12,7.112478661586152e-11
3,1.2020983167215782e-11,7.964042836663965e-13,3.2582725580099225e-13,0.9999998807907104,7.389448342109972e-08,5.346978827584781e-13,7.508295374325513e-11
3,1.88646973042772e-10,7.994742021177892e-13,2.785243823771877e-12,1.0,3.261346037675139e-08,1.360214111484348e-11,3.507059920249134e-11
3,9.571788917028812e-10,1.9853103536138228e-12,2.4641651566459366e-12,0.9999998807907104,9.090493335861538e-08,1.3154408118332128e-11,7.435130289223935e-11
3,5.054681118110693e-09,8.518060388984505e-12,1.0486091162054123e-11,0.9999942779541016,5.688258170266636e-06,9.335185069403451e-09,1.034387020482086e-09
3,6.976294542049288e-11,3.1771239285272035e-12,6.9201792733675216e-12,0.9999995231628418,4.6396817765526066e-07,3.9361125470094294e-10,2.519669750622455e-10
3,3.3393746101673116e-11,5.3913735455213274e-12,4.8039940081512356e-12,0.9999995231628418,4.4488643879958545e-07,1.5401079023202868e-10,4.07145928082997e-10
3,1.3192746591353388e-12,7.780952531594165e-13,8.050858590902266e-12,1.0,8.927306893724563e-09,5.090823596010097e-11,1.4383018387409408e-10
3,3.977789709490136e-14,8.73396678331001e-14,1.1653155653976177e-12,1.0,1.850626141219891e-08,4.530921818290956e-11,1.625890047596279e-11
3,2.7519842958276253e-13,2.5028728547170365e-13,3.3621047027150575e-13,0.9999997615814209,2.9531221912293404e-07,1.4380510671152535e-11,2.744088463402239e-11
3,1.918501815745266e-11,3.3870931233359602e-12,2.6438157219033087e-11,0.9999998807907104,8.732977363479222e-08,6.105507766029916e-10,2.809469601405823e-10
3,1.5499497518778327e-11,1.5404372926981075e-13,1.4238147119649547e-11,0.9999994039535522,6.510583148156002e-07,2.3103103874433373e-09,8.48376230377923e-12
3,3.668711601872987e-12,4.245658729098989e-13,5.772678446369639e-10,0.9999998807907104,9.660497113372912e-08,4.9824886438898375e-09,3.2557612161809857e-10
3,6.346779872490327e-12,8.680029893633201e-13,2.2723287140813397e-10,0.9999998807907104,7.23512982858665e-08,8.289524622284716e-10,4.415744991881354e-10
3,5.267028826971831e-11,1.7606761317998099e-12,1.7213588887621256e-10,0.9999996423721313,3.2243070791082573e-07,7.607086516259187e-09,7.094841936172713e-10
3,2.47536834779849e-11,3.4377101859606185e-12,5.472208103318721e-11,0.9999998807907104,8.459401357185925e-08,2.9964544734362164e-10,3.370946022318577e-10
3,3.802912412059767e-12,2.328737788541424e-13,2.8889950327848357e-12,0.9999998807907104,6.732212654014802e-08,1.1374896250609945e-12,9.158121309915668e-12
3,1.9749035740090903e-10,1.553595902099858e-12,3.391951441944485e-10,0.9999997615814209,2.5171354423036973e-07,4.0219927388562837e-10,8.150009001006708e-10
3,2.7998714458021823e-11,3.74342527462157e-12,6.945180541784168e-10,0.9999998807907104,1.467336261384844e-07,2.2354584849892944e-09,3.4228566647698244e-09
3,3.1237429309882714e-11,3.1707911036377157e-12,2.7144736458595276e-10,0.9999994039535522,5.71879354538396e-07,2.7572326644076384e-09,3.9208417068614665e-10
3,3.2659337474011396e-12,7.350856577083287e-13,9.080603630140516e-11,1.0,2.1963739271768645e-08,4.0140061413618255e-11,3.616248966942237e-10
3,7.752899711110928e-11,2.6988500410191074e-12,7.38828775936895e-09,0.9999997615814209,2.8049200295754417e-07,6.241232419768039e-09,1.8017654035418218e-09
3,2.465416759633854e-11,7.216741527288351e-12,2.152774314367889e-08,0.9999997615814209,2.0679263457168418e-07,9.331230010900526e-09,6.43732747107606e-08
3,3.186580721514787e-10,3.098096432174735e-11,3.9535308360427734e-09,0.999998927116394,1.0365183698013425e-06,1.1518956899436716e-09,3.2033725005931046e-08
3,2.4419983396528622e-11,2.814455049224285e-12,4.146216148193105e-10,1.0,5.3717823078613947e-08,1.8631858209050556e-11,1.6737256025578517e-09
3,3.483830238182328e-11,1.5112005397055484e-11,7.774459548359758e-11,0.9999995231628418,4.946207354805665e-07,2.0953107304766405e-11,5.302524641592754e-09
3,2.2341865857367083e-10,2.1928327209597143e-11,2.324093695271756e-11,0.9999977350234985,2.2012025056028506e-06,3.290841488201579e-10,1.6791041446140298e-08
3,2.1230515123704663e-09,7.296845072612967e-11,1.265585969356664e-10,0.9999979734420776,1.9525043626344996e-06,4.758821670058921e-10,3.1280716683568244e-08
3,2.7474549302297646e-09,1.4784358459696278e-10,1.8366436149719334e-10,0.999987006187439,1.2979792700207327e-05,8.666746764696143e-10,4.551250398776574e-08
3,1.1129326626946323e-11,5.7183435070440325e-11,5.247632550720027e-09,1.0,2.3367348944702826e-08,1.6209196528407799e-12,9.410250356722827e-09
3,1.8442672389262782e-10,8.368476051012763e-11,1.2185508678486112e-11,0.9999998807907104,1.4370370138294675e-07,7.867558804420215e-15,5.99815219715083e-09
3,1.3168396928442405e-10,5.860094354215306e-11,4.128754629850739e-12,0.9999998807907104,5.542025149907204e-08,2.2630882289139363e-15,4.40501368714763e-09
3,3.749015681231427e-11,2.11449417003573e-11,5.48555829666536e-13,1.0,1.731080701006249e-08,1.672092271670048e-16,4.277643239625206e-10
3,2.4606455761855273e-10,3.738040779688312e-11,2.2604529359426806e-11,1.0,4.4428691836628786e-08,2.095828190358008e-14,3.111438884317863e-09
3,9.31550503402434e-10,1.7194819179611187e-10,1.166205743086124e-10,0.9999977350234985,2.216789425801835e-06,9.670684392171225e-13,1.5710218903564055e-08
3,2.113545033433084e-10,1.2270131091729475e-11,1.709240496534925e-12,0.9999986886978149,1.3424817097984487e-06,5.1704849440576545e-14,9.221061691988552e-10
3,3.026851658205487e-09,1.8518932221045503e-10,6.805071783855254e-11,0.9999892711639404,1.0691236639104318e-05,2.35955664729115e-11,2.2829805601531916e-08
3,4.1301403269633497e-11,2.2141526459518168e-11,1.3298073753276185e-10,0.9999992847442627,6.576116220458061e-07,1.5792839258566005e-11,5.783853840313213e-09
3,1.4998548236722087e-10,2.0330487293662713e-11,2.1134504736564086e-12,0.9999969005584717,3.059484924960998e-06,4.750130410541287e-13,1.202013488743603e-09
3,3.494817990556953e-09,1.5450659848759152e-11,3.53463243916996e-12,0.9999887943267822,1.116137809731299e-05,1.5351636628579968e-11,2.885529870599868e-10
3,9.72603109161696e-11,1.0789049639586476e-13,2.5770232031218504e-15,0.9999339580535889,6.605239468626678e-05,6.256099696448636e-13,7.970842952689794e-13
3,5.933727120766008e-11,5.934804785199393e-14,3.4209259401195725e-15,0.999991774559021,8.213286491809413e-06,6.555890270758258e-13,1.9903398590717658e-13
3,3.3382536318571354e-11,3.3182029172962313e-13,2.864187836557064e-13,0.9999995231628418,5.237835694060777e-07,1.6723246051841834e-12,9.007363539932645e-13
3,1.5548985710100993e-10,6.428888590101836e-14,2.4297140091989605e-14,0.9999995231628418,4.922951006847143e-07,1.6274897011656075e-12,1.1951352993193332e-13
3,3.8658014567261034e-09,2.1859437003557414e-12,1.8733207259730156e-12,0.9999988079071045,1.195964159705909e-06,6.730025564616327e-11,2.0945489266621653e-12
3,1.5833819810850969e-09,2.884720186249051e-13,4.0382438061883907e-13,0.9999996423721313,3.454505304034683e-07,4.324207224931653e-12,8.097793269268294e-13
3,1.048545018172975e-11,3.400677702218753e-14,7.914126134761414e-15,1.0,5.895254284737916e-10,7.531886317807795e-16,6.696762935853862e-12
3,4.768302506313882e-12,6.954528641335556e-13,2.940475511668014e-15,1.0,9.205416429125535e-10,1.5676486094110605e-16,1.7452773601323024e-11
3,1.1470974181377463e-13,7.168774580033899e-14,2.899463023394908e-15,1.0,1.5444969955757948e-11,4.757116695409197e-17,2.397014184363222e-11
3,7.69825555298892e-13,1.6569636830145174e-13,6.227854743312566e-17,1.0,1.2233899226998801e-08,4.8861413199719535e-15,2.1921739423724773e-10
3,1.5771432282981473e-13,9.354945610480156e-14,3.150750805549184e-14,1.0,4.920267665520228e-11,5.021912760482937e-16,5.385151005676825e-11
3,1.3454040659333089e-10,5.133930173345513e-12,2.283530352656382e-13,0.9999998807907104,9.694903013723888e-08,7.744074478899243e-12,5.9589062573195406e-08
3,2.0942730188933112e-11,1.4627144981349538e-13,4.754462015060801e-12,1.0,7.713836680522945e-09,1.3141061589588832e-12,1.6180824735645416e-10
3,2.827076897235492e-12,2.235292029598157e-13,2.2002269797760654e-12,1.0,1.8745240026873944e-08,7.264741380078737e-14,2.8405547358723027e-10
3,4.615193782697702e-10,1.3206935545184706e-12,1.4769938050385178e-10,0.9999991655349731,8.447411232737068e-07,2.3995966672019087e-11,1.6014368997563366e-10
3,4.872556136348294e-09,2.323468153986319e-11,5.984730488961532e-10,0.9999898672103882,1.009264451568015e-05,5.86290807569334e-11,2.7979509820141857e-09
3,5.437665873131436e-10,2.1663511262648427e-11,2.0482346374528504e-10,0.9999995231628418,4.409984626363439e-07,2.174650433686698e-12,8.367757597937953e-10
3,1.4585793683963288e-09,5.324863813771508e-12,1.7949756958568486e-10,0.9999994039535522,6.22312029463501e-07,2.10054456467601e-11,2.056236070302475e-09
3,9.613114471118678e-11,1.4485775860079153e-12,1.35540800805245e-10,0.9999998807907104,9.168678616333636e-08,4.202934441449591e-12,1.2994871845251055e-09
3,2.626396600202696e-10,7.135531315122234e-13,9.864083855282146e-11,0.9999997615814209,2.2501974683564185e-07,4.803902935168747e-12,8.675821172587916e-10
3,1.2303107421729464e-09,2.052417480760682e-12,5.360333288351171e-10,0.9999997615814209,2.7517700118551147e-07,3.937583592517058e-11,7.520150613338217e-10
3,2.3347808131291004e-09,8.709860090105881e-13,2.062185283646656e-10,0.9999992847442627,7.311706440304988e-07,6.42084579949298e-11,1.7419114761718646e-10
3,1.3016315136837875e-08,1.6511662913679115e-12,2.3866189580168395e-10,0.9999964237213135,3.503636435198132e-06,1.217597134228754e-10,3.816970003955866e-11
3,2.715327163116399e-08,7.771595866845615e-12,3.5657581332060317e-09,0.9999960660934448,3.8463613236672245e-06,7.53366091732488e-10,3.994432562492989e-10
3,1.3227393402814869e-08,5.507441724894591e-12,1.1017651235789572e-09,0.9999982118606567,1.7341113789370866e-06,4.164872266509967e-11,8.98623814249433e-11
3,8.005420326639978e-09,4.178545096739095e-12,2.6074886694260613e-10,0.9999995231628418,4.840557608076779e-07,2.323450806751559e-11,1.4872126100073935e-11
3,2.5738799980246085e-09,8.00012400076211e-13,4.3923589765348936e-10,0.9999997615814209,2.405826364793029e-07,2.8071539884266805e-11,1.7877900548857184e-11
3,1.0656211024695494e-08,1.7175033097116543e-12,4.997273705953376e-10,0.9999994039535522,5.891921546208323e-07,1.4555050220632637e-10,7.281923675162005e-11
3,3.8172187633023213e-10,1.4854400532966078e-13,3.702823117568421e-11,1.0,2.004250809761743e-08,1.7864055503954979e-12,4.030998191489887e-12
3,7.872529295127606e-10,4.662363702577499e-13,2.8831123599637465e-10,0.9999994039535522,6.172043072183442e-07,2.164002171900492e-10,2.0479128809425262e-11
3,7.008147950848809e-10,3.496322426455728e-13,2.996001363664291e-11,0.9999902248382568,9.784266694623511e-06,7.44351857928649e-10,5.995660565250027e-12
3,1.76737680046557e-10,1.6291972653771636e-13,1.4549605444058589e-11,0.9999977350234985,2.2457393242802937e-06,8.064093143245188e-11,1.244018451619644e-12
3,4.924655128135669e-10,9.074096590224942e-14,1.1393593317074457e-12,0.9999980926513672,1.966086983884452e-06,5.273866066080046e-11,3.135435162372746e-13
3,4.000653974767232e-10,2.42898366351052e-13,2.7254236194262926e-12,0.9999864101409912,1.3577282516052946e-05,2.7738053520742767e-10,1.838747253415929e-12
3,1.2048469860692634e-11,5.8527618515547e-14,5.343862830541057e-13,0.9999986886978149,1.321992272096395e-06,2.3226422521394063e-11,8.79004605647965e-13
3,1.4816654847482624e-11,6.264325673856555e-14,2.46136254824017e-13,0.9999991655349731,8.315089985444502e-07,3.9057319878299523e-11,1.0921194504298626e-12
3,6.177217071190455e-11,6.333907058781243e-14,2.0780209150639273e-13,0.9999963045120239,3.6533260754367802e-06,1.345551225995223e-09,2.308862465365963e-13
3,4.054592165486648e-12,3.787055846866949e-14,1.965090416777837e-12,0.9999996423721313,3.2511147196601087e-07,3.1429533975391166e-10,1.7741357157246423e-13
3,5.144069713377761e-14,3.095999476752931e-13,4.230868259902376e-12,1.0,1.4884613541710223e-08,2.1249252357691262e-11,3.770570227573655e-12
3,2.620277618199749e-14,1.114755921442388e-14,2.5460356479350965e-12,1.0,2.764854567516295e-09,6.828216377735563e-13,1.0678509129464359e-13
3,3.3689577159484426e-15,1.3688214210922419e-14,5.636578981338403e-10,1.0,4.164389388883194e-10,7.68057145661416e-12,5.377286289853789e-12
3,3.848806327490977e-15,6.121234365197813e-15,9.105912690543505e-10,1.0,1.4387352420541788e-10,1.570878518410146e-12,1.2598616269156315e-13
3,6.617013443016714e-16,2.4024376424732407e-15,1.3383675244449389e-11,1.0,3.521457431210351e-11,5.685086936261206e-15,6.042312239743983e-14
3,3.7442095322630375e-13,3.839040461125608e-15,1.2212093558616743e-09,1.0,9.934992828419809e-10,7.561408964240623e-12,3.5395753168743216e-13
3,5.64472242819275e-14,8.536963013404657e-15,7.5204429350606e-09,1.0,9.680297674563576e-10,4.582373022699038e-11,1.6402548807040174e-12
3,4.613880620878835e-14,7.007375247143318e-15,1.0289563761034515e-06,0.999998927116394,7.9326621660325e-11,1.0074236583834661e-10,5.7796659819198126e-11
3,3.2465633608943275e-15,1.055458346589655e-13,2.624329364930844e-10,1.0,1.3259965347955927e-10,7.811234992161076e-11,5.553696825338905e-12
3,1.5880112285234947e-15,1.3814168179585723e-13,9.620274576960242e-10,1.0,2.513483587929244e-10,5.333797292728093e-10,1.3562848066861477e-10
3,1.6813451672592628e-11,1.8998320278074132e-11,3.330754694275129e-08,0.9999997615814209,8.395409167860635e-08,7.400124246714768e-08,4.348655657793188e-09
3,6.247285674887415e-12,1.981432596123711e-12,1.1337273342348908e-08,0.9999997615814209,1.0301939568080343e-07,6.63844090809107e-08,4.916216878037005e-10
3,5.141826092507074e-13,2.1330688409169907e-13,1.0354434643033983e-08,1.0,3.3531208920578592e-09,3.86803344909481e-09,1.2853158537495801e-09
3,1.7972609511751614e-11,1.3303480712878457e-11,9.72252389708217e-10,1.0,1.500576196633574e-08,6.140193353765255e-10,2.53888199353014e-09
3,3.8602315788338615e-11,5.764784483108798e-12,2.7946194247618905e-09,1.0,2.7965867399615263e-09,4.5199080589419793e-11,1.650383579798742e-10
3,1.8101549772997494e-11,3.455222436291039e-12,4.5089665334785423e-10,1.0,1.9797701256152322e-09,2.025045712714113e-13,6.13629147494521e-11
3,8.142773022697114e-13,2.5572489004838106e-12,3.0025423813917484e-10,1.0,3.564486927842836e-09,8.148078328858947e-15,3.957016311839645e-11
3,1.3573146479103817e-14,2.7668638864428163e-13,1.436634700091588e-10,1.0,1.3172041235520737e-10,7.113196343793218e-16,3.506711934719853e-11
3,5.644297529361353e-12,2.740651022098417e-12,7.70980224107376e-10,1.0,5.180699202966821e-10,2.9088021969130972e-15,4.362126285184509e-11
3,1.1234874142118656e-11,2.4888320571125888e-11,2.995601278144022e-07,0.9999996423721313,3.888974919874499e-09,5.40170291580145e-14,5.97912996891381e-10
3,3.1449562398755404e-10,2.000054115380845e-11,5.0459814104897305e-09,0.9999997615814209,2.2730448279162374e-07,3.5565466045307803e-13,1.4068174403192302e-10
3,3.9185849010081597e-10,2.216194242010694e-11,4.189565583345711e-09,0.9999996423721313,3.6167358530292404e-07,4.2298960558143084e-13,1.4943418724655544e-10
3,3.610235443929355e-10,6.179822712587546e-12,9.28821553003445e-09,0.999998927116394,1.0162589205719996e-06,2.6174715173077345e-11,1.1597742211044704e-10
3,1.613863487293088e-10,2.4985506719144013e-11,7.449008521120959e-09,0.9999983310699463,1.7027924741341849e-06,8.272429616318355e-12,9.785071641843501e-10
3,2.1968718077330918e-12,4.213052704014203e-13,1.5321917345989533e-10,0.9999998807907104,6.17599908991906e-08,2.1423487983618372e-13,5.056476071185756e-12
3,6.8624390024696336e-12,6.1822053552818e-13,3.81492704093489e-09,0.9999997615814209,2.0360232610983076e-07,1.2289656271813332e-11,3.421534583436525e-11
3,5.623212399191724e-12,5.848213623441123e-14,4.99122576602673e-10,0.9999995231628418,4.5872067744312517e-07,4.5083745764396e-12,3.1585142487577933e-12
3,4.9645509057894e-12,1.747692566838807e-14,7.223485047960776e-13,0.9999996423721313,3.093003613230394e-07,3.3954328742093545e-14,7.844994185518539e-14
3,9.280432325398102e-13,5.803211186469976e-15,7.8895033952045e-14,1.0,2.2743648742107325e-08,4.659914701628091e-16,8.020682879526005e-15
3,3.0356758773386616e-10,1.2098004889549152e-13,4.160819692261564e-12,0.9999998807907104,1.580775403908774e-07,1.1143459744365758e-13,1.0015049905923515e-13
3,1.6181149302407771e-12,3.3122005792517737e-15,1.3091264353213162e-14,1.0,2.76892730965983e-10,3.5748827015520733e-17,4.355333724014943e-15
3,1.1247072067080421e-12,1.070922220531862e-14,8.714585585274659e-13,1.0,1.1374887837201086e-10,1.663934947341295e-16,7.097888764370439e-14
3,8.435373168198812e-13,5.506287598458243e-15,1.552822974371093e-12,1.0,6.249828432558502e-11,2.5859076787660416e-16,4.7971422976545233e-14
3,6.438156485797514e-14,3.0456321109707937e-15,3.666869867642586e-13,1.0,4.511734388867872e-11,1.3764019371597383e-16,3.4191098167773645e-14
3,1.7219397782652912e-11,2.1825718315993115e-12,2.7771702038742463e-12,1.0,1.5961063581926282e-08,1.985533184265323e-13,4.2304184461050554e-11
3,3.133304032898465e-11,1.4315108994022996e-11,7.816402906868358e-12,1.0,3.212462118540316e-08,3.4154677783920784e-13,5.155710303128558e-10
3,4.60600585450166e-11,1.5266251804368913e-11,1.853258518869083e-11,1.0,2.1897690771766065e-08,1.545774413417439e-13,2.5597599040416696e-10
3,6.610823694019885e-11,6.835621478573639e-12,5.263726607362962e-11,1.0,2.151453237786427e-08,2.170350271030186e-12,2.3907370527709304e-10
3,1.4600206460491094e-11,5.95997470126397e-12,2.2411783540121633e-10,1.0,1.6188499429858894e-08,3.764476577683418e-12,4.4020304068581595e-10
3,5.534623315206488e-10,2.5439858553077954e-12,4.5877359688972774e-09,0.9999995231628418,4.909476274406188e-07,3.615769489373477e-11,9.637308312493431e-11
3,1.9296200193252844e-09,2.6746020762719036e-12,5.675798053772496e-09,0.9999982118606567,1.8274531612405553e-06,2.6198582192549225e-10,1.2799235282745514e-10
3,4.342710635540925e-09,3.1089426172359325e-11,9.33368866640194e-08,0.9999994039535522,4.7051963747435366e-07,1.8352272479482679e-10,5.704075434209699e-09
3,4.7067238995168736e-08,3.391118219564504e-10,5.7399351049980396e-08,0.9999924898147583,7.421003374474822e-06,2.5927473501496934e-09,1.7911313321405942e-08
3,1.4548378146628238e-07,3.034012208136261e-10,1.8071030893906936e-08,0.9999933242797852,6.4920022850856185e-06,3.614847310373648e-09,5.36905986336933e-09
3,3.02745952751593e-08,1.991197207118489e-09,3.6646660817041266e-08,0.9999760389328003,2.38720476772869e-05,1.3335438309169945e-09,2.7666834157002995e-08
3,1.520423253964509e-08,5.69314151377398e-10,6.096201765615206e-09,0.9999788999557495,2.1066305635031313e-05,1.0406515232874725e-10,1.625272538774425e-08
3,1.3263080633763025e-09,1.5533663244582385e-10,5.2630273472686895e-09,0.9999997615814209,2.153165610252472e-07,6.265770020885686e-12,2.1765808710938472e-08
3,9.404983458694005e-09,5.1869109701785376e-11,4.489467020363236e-09,0.9999990463256836,9.803748071135487e-07,1.8963416947848089e-10,6.002050412234894e-09
3,9.540085166293011e-09,8.598118050873182e-11,2.399332066360671e-09,0.9999947547912598,5.23127846463467e-06,6.643818828422354e-11,3.092018197037305e-09
3,1.1437264468838748e-08,7.02765762250479e-11,6.306157818158908e-09,0.9999994039535522,5.660652959704748e-07,1.0649941345475256e-10,4.365582118026623e-09
3,2.2147359857171978e-07,3.227131895044977e-10,7.956714398460463e-09,0.9999526739120483,4.7137127694441006e-05,2.343818472638759e-09,1.74559944277064e-09
3,5.303723238370139e-09,7.47426426306319e-11,3.3248905850769006e-09,0.9999966621398926,3.38219274453877e-06,1.4496329137081432e-10,6.240054584161214e-10
3,5.420881876716521e-08,6.963752491317976e-11,2.6891159521369445e-08,0.9999854564666748,1.4435984667215962e-05,1.2336657917444427e-08,6.77044365016144e-10
3,6.615072578597392e-08,1.2190910780862652e-10,3.3234453411523646e-08,0.9999905824661255,9.280529411626048e-06,2.296814738400599e-09,8.806349538481584e-10
3,4.685182020125467e-08,4.608932333005633e-11,2.3956099326483127e-08,0.9999942779541016,5.705970124836313e-06,1.0862971855374326e-08,1.7510308758517112e-09
3,6.635821847567058e-08,1.5322240698445455e-10,1.0596775013027582e-07,0.9999942779541016,5.504475666384678e-06,1.597522825136366e-08,2.2638122487705914e-09
3,2.6870876634887964e-09,1.0428412994256675e-10,2.67912447782237e-09,0.9999961853027344,3.860543529299321e-06,5.264642610747217e-10,2.7773480737458556e-10
3,6.190372658920751e-09,6.914999822749124e-11,9.768509334762143e-10,0.9999769926071167,2.3022883397061378e-05,1.3305655244266745e-08,2.6062266234028186e-10
3,7.038679084026e-10,9.067254759520527e-12,9.914959825385594e-11,0.9999980926513672,1.9638271169242216e-06,3.439648565972675e-10,4.985022117320881e-11
3,1.4865772501870822e-10,4.771251753063477e-13,8.625843095355634e-12,0.999998927116394,1.1087244047303102e-06,1.5816897791509632e-10,4.560941468251256e-12
3,1.2284279149454846e-09,2.15523128857531e-12,1.9514662455422105e-11,0.9999597072601318,4.033479854115285e-05,1.4312696805518499e-08,1.3295182663131122e-11
3,6.573367183904111e-09,4.2116210692555445e-12,2.2433645219255283e-11,0.9999302625656128,6.963031046325341e-05,1.417496520161876e-07,6.422314069443047e-11
3,3.1607996220373025e-09,1.3706553253500786e-11,1.0840982278548239e-10,0.9999716281890869,2.8314236260484904e-05,4.474907200346934e-08,1.352188500058915e-10
3,1.3800719678158657e-08,6.701660754115935e-11,1.1364109653300147e-10,0.9997768998146057,0.00022294242808129638,1.3568845247391437e-07,2.5571683659464384e-10
3,1.7588565048853866e-09,2.0375652554083246e-11,1.735856181017681e-10,0.9998586177825928,0.00014118214312475175,7.674318425188176e-08,7.815093711061039e-11
3,8.281454633163321e-09,1.8890368436164096e-10,2.6692484333956656e-10,0.9998989105224609,0.00010103614476975054,1.8290620573679917e-08,1.7177322064743095e-10
3,6.409834329978992e-10,3.0632874709057845e-11,1.299791871356426e-11,0.9999874830245972,1.2471603440644685e-05,1.6881601672125157e-10,2.4476566606868033e-11
3,1.2775636104578325e-10,4.74844295828003e-11,1.8262943934921338e-10,0.9999991655349731,8.558821491533308e-07,5.411939299482249e-11,2.6492974480873954e-10
3,3.75690407602991e-12,4.154971852687872e-11,1.5425371049926362e-11,0.9999967813491821,3.1616857540939236e-06,3.591976022176979e-11,6.585258449653963e-10
3,5.346244280612922e-11,3.7571789429646785e-11,8.625961750441391e-11,0.9999854564666748,1.4539123185386416e-05,1.408081207188161e-09,2.5284787597001923e-09
3,1.1309641591294994e-11,5.582750234323086e-11,1.1180812942157559e-09,0.9999986886978149,1.2568368674692465e-06,1.2891909761947318e-09,1.4835976891447444e-09
3,4.841036425895506e-12,2.7574112437811493e-10,6.844907307623771e-09,0.9999979734420776,1.967934394997428e-06,2.5830917405045284e-09,1.761987000747922e-08
3,3.7787797890764807e-10,5.753832132970871e-11,1.1361813712085223e-09,0.9999613761901855,3.866711267619394e-05,8.846854804289705e-09,4.744040715820574e-09
3,7.42257755259601e-10,4.4114673025674733e-10,6.804548036143387e-10,0.999845027923584,0.00015498680295422673,1.4410614923576759e-09,9.022203428799003e-09
4,1.303504948424461e-08,2.4565538492282712e-09,8.021004867242443e-12,0.0011048606829717755,0.9988909363746643,1.3741285442847584e-08,4.13296129408991e-06
4,7.63977858753151e-09,8.07079625353424e-10,2.1578689356205327e-12,2.0258850781829096e-05,0.9999774694442749,5.4126321202829786e-09,2.2502001684188144e-06
4,3.76839714988364e-08,1.9167982756584934e-09,1.8170029716935154e-11,1.784386404324323e-05,0.9999803304672241,1.0375720727040516e-08,1.731041834318603e-06
4,9.325052952036117e-10,4.5925128283608174e-11,1.751183189614442e-14,1.5741844094918633e-07,0.9999997615814209,2.619391335778598e-11,1.1750695705359249e-07
4,1.7322122625174075e-09,1.7226787704660573e-11,1.1455442985256609e-14,1.8971013204804876e-08,0.9999998807907104,5.8760401058788325e-12,1.569381993249408e-07
4,9.430278780087065e-10,2.998963230527174e-11,1.812016502963183e-15,5.022045890257232e-09,0.9999998807907104,8.365370570730113e-13,8.803267093071554e-08
4,3.1892349872109094e-10,4.026927055700291e-11,1.9203639812573879e-16,1.5558045962649203e-09,0.9999998807907104,1.46002374551207e-14,1.071130100172013e-07
4,2.162175771758257e-09,3.394403647050126e-10,3.856108598529256e-15,1.498070467675916e-08,0.9999995231628418,7.69457807474512e-14,4.793242851519608e-07
4,5.4684392125636805e-08,1.1590880477641008e-09,2.128699235111331e-13,4.238540896039922e-08,0.9999997615814209,1.7227366451780246e-12,2.3094831647085812e-07
4,4.6182659474425236e-08,4.4823686984329925e-09,1.4172514615877485e-13,3.3001985144665014e-08,0.9999997615814209,1.1161567546949525e-12,2.0083555796190922e-07
4,1.954828832140265e-08,5.913115330713481e-09,5.5301480083626287e-14,5.862959895353015e-09,0.9999995231628418,5.0959263935349e-13,4.622651204044814e-07
4,1.6713707085003193e-09,2.7747013575663004e-09,2.840758134436028e-15,3.002428528020573e-09,0.9999997615814209,2.0799066814550585e-14,1.91526794424135e-07
4,9.494194319614735e-10,6.223717097242343e-09,9.548797231975596e-15,3.32789906742903e-09,0.999998927116394,3.525603474528044e-13,1.0239697303404682e-06
4,6.185414680448531e-11,2.8094899739983248e-09,4.166438071118064e-16,1.3379457264317551e-10,0.999998927116394,5.409370258039996e-14,1.0425121672597015e-06
4,3.9979231036824103e-10,1.4842871376430367e-09,2.527276852250487e-16,2.8265617624256834e-10,0.9999997615814209,2.1790760114295121e-13,2.6001728770097543e-07
4,1.0076152134885774e-09,3.785158853020221e-09,1.4952448154149141e-15,1.6263069779753891e-09,0.9999996423721313,2.882723627948419e-13,4.163345863616996e-07
4,1.299162555312705e-09,8.879091906166536e-10,3.9101896934477527e-16,7.037983973390283e-09,1.0,1.2817273284393416e-12,1.4836400552553641e-08
4,1.8393774003921948e-10,1.9448597246563004e-11,3.615530770443235e-18,8.03307820262944e-09,1.0,1.2740003008712003e-13,7.076734198641077e-10
4,1.588087994441878e-10,1.1928096531332866e-11,2.3216804988867786e-18,2.003225363367278e-09,1.0,4.2633333929148476e-13,7.973537108352247e-11
4,1.4092031985768472e-09,1.5531702660109836e-11,3.4324799195063744e-17,5.860983698369182e-09,1.0,1.2442514466665111e-12,5.513429712777906e-09
4,2.1676684891502873e-09,1.6334984580257395e-12,9.246819629978169e-18,1.2664806092743675e-08,0.9999998807907104,3.3952026845356087e-13,9.887419594178937e-08
4,4.984323176415728e-09,3.854009396776076e-14,5.007367306399075e-19,2.206235416579716e-09,1.0,7.45554388625197e-13,4.253841012769044e-08
4,2.7500172450345417e-07,1.9401750171732512e-12,1.3323552974602287e-16,1.8044270522210581e-09,0.9999996423721313,1.540800820265531e-11,1.1558404366951436e-07
4,6.064665569738281e-08,4.884964367691744e-14,3.6730832015942046e-16,1.3835725898303508e-09,0.999998927116394,1.5817772092141524e-10,1.0050680430140346e-06
4,3.7642255534819924e-08,1.0509499459652582e-14,7.895693056702825e-17,9.699129277507268e-10,0.9999998807907104,1.1202743593896614e-10,1.7074238201075786e-07
4,3.9914365146387354e-08,1.4437443482482465e-13,3.536146495210705e-17,1.0813828721367713e-09,1.0,1.906860780387376e-11,2.3644600943839578e-08
4,1.8795359935097622e-08,2.2432894083990185e-11,1.2503934248685872e-13,8.799283079952147e-09,0.9999998807907104,5.527947544159417e-10,1.557584710099036e-07
4,1.3728074677032964e-08,8.95466339967399e-12,3.8766258540941234e-15,1.338889665802867e-09,0.9999998807907104,4.795319002992571e-11,1.7097637794449838e-07
4,9.039892168161145e-10,2.0411187388706675e-13,3.923769616825709e-17,1.4781099955119004e-11,0.9999998807907104,4.8626450088740114e-12,8.468813206263803e-08
4,5.25297210243747e-12,5.721425395087409e-13,6.325801695953338e-19,8.16669540153192e-13,1.0,6.648317557285746e-14,2.2549444977926214e-08
4,2.6070260533694878e-11,4.639400300564256e-13,1.2293249105009156e-18,8.868758158420142e-12,1.0,5.4703220712980574e-14,9.769503428458393e-09
4,9.166322700870921e-10,4.4762794165764674e-11,1.6231902008888603e-15,4.875535739023995e-11,0.9999994039535522,3.2311733150214295e-11,5.876516979697044e-07
4,7.61555402073455e-11,1.6040631323210874e-10,4.0382515459519463e-16,6.398680890695729e-11,0.9999992847442627,4.839768776715436e-12,6.686437927783118e-07
4,8.662243838886141e-11,1.5971806099912556e-09,5.327026932101492e-17,2.458634185131814e-09,1.0,7.8160411086034e-13,4.5727670539008614e-08
4,6.858312140423095e-09,8.605975487796513e-09,1.652302829165109e-15,2.8585773748091015e-09,0.9999994039535522,7.617487196576178e-11,5.453596827464935e-07
4,3.877649756844903e-09,4.043957702037915e-08,1.998227379054621e-15,1.1161971791295855e-08,0.9999996423721313,4.093173716634979e-11,3.0702801723236917e-07
4,1.0391890903349577e-08,2.7493973675518646e-07,1.5863665361794815e-13,2.711467672611434e-08,0.9999889135360718,1.766196078278881e-09,1.0743973689386621e-05
4,3.648700896974333e-08,5.655533641402144e-07,9.07682566261836e-13,1.136727831863027e-07,0.999993085861206,1.2547739514090495e-09,6.185648089740425e-06
4,4.41218581670455e-08,3.183754188285093e-06,4.7482781595498125e-12,9.480545060114309e-08,0.9998352527618408,2.5143891413392794e-09,0.00016137590864673257
6,1.3032999959250446e-06,1.3892097740608733e-05,2.1626036073030264e-08,5.849335593666183e-06,0.0823289304971695,1.580917114551994e-06,0.917648434638977
6,1.0876683376181973e-07,2.0560595658025704e-05,7.195955498140449e-10,4.896639325124852e-07,0.016463810577988625,6.025792487207582e-08,0.9835150241851807
6,1.379357517095059e-08,2.2623391160436768e-08,4.4182157932226573e-11,8.797194972487432e-09,0.0003917549620382488,3.524442604430078e-08,0.9996080994606018
6,1.1145020017977458e-08,8.648438409863957e-08,1.0392749161258763e-10,1.59106594566083e-09,3.0550232622772455e-05,1.7252197892503318e-08,0.9999693632125854
6,2.8653798267441744e-07,2.0809882244066102e-06,8.246188176741498e-10,3.291554051543244e-08,9.323056292487308e-05,3.9814366914470156e-08,0.9999042749404907
6,2.0000260292363237e-07,8.810081908450229e-07,5.054743290600072e-09,3.915453739011809e-09,2.268426032969728e-05,1.9637208481526613e-07,0.9999760389328003
6,3.9629770753890625e-07,1.311984078711248e-06,1.8113011535092483e-08,6.296406240835495e-08,0.00024275435134768486,1.3177109394746367e-06,0.9997541308403015
6,6.639783833861657e-08,3.764920109006198e-07,1.5135189768145096e-09,2.0147783441615275e-09,2.442319964757189e-05,7.26960038832658e-08,0.9999750852584839
6,1.9383838534281495e-08,1.3098093631924712e-07,7.889813802286483e-10,3.685088068028364e-10,4.489050297706854e-06,1.956614958942282e-08,0.9999953508377075
6,7.977830840388833e-09,3.5559205580071307e-10,4.35369851281564e-10,6.15498818579141e-10,4.995985705136263e-07,2.9020004177482406e-08,0.9999995231628418
6,7.589852302203326e-09,1.880448685653846e-09,7.544582319995996e-11,5.781568557239325e-10,6.065596949156316e-07,4.873560222051765e-09,0.9999994039535522
6,3.5502743855886365e-08,1.117128523020483e-08,4.116602891901522e-10,2.928004283475616e-09,1.788265876712103e-06,3.472361242984334e-08,0.9999982118606567
6,1.855260194361108e-07,1.866993812882356e-07,9.727399996606323e-10,1.7258777518236457e-08,1.8933174942503683e-05,8.53441974868474e-08,0.9999806880950928
6,4.750170390366293e-08,1.5397885633205988e-08,4.2393497046155915e-10,2.5344812915051307e-09,8.56788938108366e-06,5.530257141117545e-08,0.9999912977218628
6,1.7605369606599197e-08,5.516333501098813e-10,3.843018347993166e-09,2.4489441585728855e-08,8.702624541001569e-07,5.067161055194447e-07,0.9999986886978149
6,5.1313353566229125e-08,1.1378845421461392e-08,2.0446575987875804e-08,6.620042825034034e-08,4.505264769250061e-06,1.3929812894275528e-06,0.9999940395355225
6,7.754103847901206e-08,4.6983952728396616e-08,4.324065372429686e-08,6.92759840603685e-08,4.557172815111699e-06,1.8909800019173417e-06,0.9999933242797852
6,1.2433008400591916e-08,1.1262106802689686e-08,1.018458117840737e-08,3.4712495988742376e-08,1.7990412288781954e-06,1.4734195019627805e-06,0.9999966621398926
6,2.959896550080998e-09,9.363440023335556e-10,4.031955658234665e-09,8.775279169981332e-09,1.645015856865939e-07,4.064579002260871e-07,0.9999995231628418
6,1.2165828344734564e-08,8.979609944503864e-09,3.911343249285437e-09,1.9226142455863737e-08,3.6441809925236157e-07,8.659378636366455e-08,0.9999995231628418
6,7.5473991500985e-09,3.3121911879874233e-09,4.40249975364182e-10,1.0920780946221953e-09,1.2314495734244701e-07,7.792403167172779e-09,0.9999998807907104
6,4.750852156121255e-09,1.3763953865542078e-10,2.353788552955649e-10,6.332396829122899e-10,5.630083421692689e-08,2.185917047370367e-08,0.9999998807907104
6,1.1097796015491213e-09,1.207375033285274e-10,2.6425760885073757e-11,5.857814927567873e-11,4.7194070873501914e-08,3.9212872948724e-09,1.0
6,1.3054462399963995e-08,5.005764247556499e-09,6.214923575775799e-10,3.6106623246823233e-10,1.0403133501313278e-06,4.928620356281499e-08,0.999998927116394
6,3.3923555520232185e-07,1.3627305861518835e-07,2.7885798559168506e-08,1.1308735281545523e-08,2.0633219719456974e-06,2.7844674832522287e-07,0.9999971389770508
6,3.8040423078200547e-07,2.640309503476601e-06,6.627009696558162e-08,1.6038679717667037e-08,9.311118446930777e-06,2.798378773150034e-07,0.9999872446060181
6,4.369564976514084e-08,3.0220169264794094e-06,2.790415365439003e-08,1.7849496103394813e-08,1.481775143474806e-06,1.805057650017261e-07,0.999995231628418
6,3.990323804714535e-08,4.6853924118295254e-07,9.340471507357506e-09,1.0467737787678288e-08,3.431787490626448e-06,1.8542269231147657e-07,0.9999958276748657
6,5.8127429980459056e-08,1.5260121699611773e-06,1.2999703535854223e-08,5.650023737757692e-08,8.734232324059121e-07,1.9248379601322085e-07,0.9999972581863403
6,5.298063570080558e-06,1.3797758583677933e-05,1.4889105841575656e-06,1.6989371260933694e-06,1.115842565013736e-06,3.942175681004301e-06,0.9999727010726929
6,1.665983404564031e-06,2.1151210603420623e-05,2.2590204480366083e-06,7.816535799065605e-06,1.672610551395337e-06,4.839148459723219e-06,0.9999605417251587
6,5.597982521976519e-08,1.6115365042423946e-06,4.933018260544486e-08,8.00563157099532e-07,4.189919309283141e-07,8.002257345651742e-07,0.9999963045120239
6,1.4350380439509536e-08,1.0790047326736385e-06,2.203021409741268e-08,5.015966735300026e-07,2.8090909154343535e-07,1.1686721563819447e-06,0.9999970197677612
6,8.03604072174835e-10,4.301840021980752e-07,6.895282678165415e-10,6.185827317040093e-08,1.0118063897834872e-07,2.0553653712340747e-07,0.9999991655349731
6,1.2691799000652537e-11,3.207790300052693e-08,2.801324276713313e-11,1.6484470677369245e-08,4.232386174862768e-08,9.497291841853439e-08,0.9999998807907104
6,1.1884287824670547e-11,1.6587065942985646e-08,2.3516915845234188e-11,1.5630298833002598e-08,6.425624832218091e-08,6.320396295222963e-08,0.9999997615814209
6,1.822640345941484e-12,4.846541834524487e-09,9.051647235566729e-13,7.147861857959015e-09,1.8702030146755533e-08,8.431963571808865e-09,1.0
6,1.0622232954338173e-10,1.619902789684602e-08,3.6328866998003306e-11,1.247110219537717e-07,6.335822178016315e-08,1.6013510517609575e-08,0.9999997615814209
6,6.356001142071577e-11,1.4803294590137739e-08,7.656435381531157e-12,2.7389796741772443e-07,1.6170909589163784e-07,6.330901580753334e-09,0.9999996423721313
6,9.855656568635851e-11,6.217100168015577e-09,1.0740940255271614e-11,2.53379425885214e-07,2.2335271410156565e-07,1.699658191967046e-08,0.9999995231628418
6,1.3202547388679875e-10,6.9533205859784175e-09,2.017032721401968e-11,2.254695345982327e-07,7.243798449962924e-08,1.2957971584626193e-08,0.9999996423721313
6,2.8479832381300696e-10,3.1909806352814485e-08,1.5813567469380452e-11,2.478877604517038e-06,7.230364644783549e-07,7.144649316614959e-09,0.9999967813491821
6,1.6456632931372006e-11,7.482465314012643e-09,2.2596657617973692e-12,5.516108672054543e-07,8.060273160026554e-08,1.386970871486426e-09,0.9999992847442627
6,6.399947932722583e-11,7.877305030490334e-09,1.7605808304288484e-12,8.845229899634433e-07,9.877909690203523e-08,1.8940651269616637e-09,0.999998927116394
6,1.7173987232332877e-10,1.8250728928137505e-08,7.280774073914476e-12,1.3227248700786731e-06,1.1712775460637204e-07,2.7564888149811395e-09,0.9999985694885254
6,1.248157133204586e-10,1.583572561969504e-08,8.82011737951549e-12,6.153000526865071e-07,1.0329480204518404e-07,7.113217126430982e-09,0.9999992847442627
6,2.419055178393137e-09,1.1173448655199536e-07,1.8810204782671036e-10,4.348106358520454e-06,2.260458131786436e-06,1.7572739352544886e-07,0.999993085861206
6,1.1947759448460715e-09,7.645917321497109e-08,1.898984788861746e-11,8.296569262711273e-07,2.896952764785965e-06,1.9324682298815787e-08,0.9999961853027344
6,4.845208678716517e-09,1.0709194953051338e-07,2.384538122512936e-10,1.2873020978076966e-06,2.561341716500465e-06,1.2032383267523983e-07,0.9999958276748657
6,2.3353896594358048e-08,2.9482379204637255e-07,1.4502693490570095e-09,2.4092760213534348e-05,2.129205086021102e-06,9.678776535793077e-08,0.9999734163284302
6,1.2922403147541672e-09,2.0805215683594724e-07,8.174725653342652e-12,4.4490954564935237e-07,1.3326116459211335e-06,1.5337335845799771e-09,0.9999980926513672
6,1.377700870053289e-10,6.914308237071509e-09,2.4290118527670046e-13,5.5245482855070804e-08,5.9401372709544376e-08,2.518632524761699e-10,0.9999998807907104
6,7.636257598475638e-11,2.1596061827722224e-08,6.335806987563253e-13,5.408152148334011e-09,3.027207151617972e-09,2.37065755914756e-10,1.0
6,5.8717722524470606e-12,4.123152663737528e-08,4.000387193270165e-14,1.1245138153981316e-09,9.240268994403777e-09,9.264136680009472e-11,1.0
6,4.8890388265609985e-12,3.8517061540233044e-08,9.984915184165638e-14,7.696065451590073e-10,7.701927984271606e-09,2.9873242768374553e-10,1.0
6,5.861698387961412e-13,2.414816790974328e-09,3.466789386081604e-15,1.843265262646554e-10,4.310710455257549e-09,2.7489083925802404e-11,1.0
6,1.2662336186086004e-13,4.9108597188762815e-09,2.753504847022889e-15,5.289632273863809e-11,3.3154656797762527e-09,4.793152680315771e-11,1.0
6,7.401367019266303e-11,1.0003201822428309e-07,7.79938667903185e-13,1.4155931538084587e-08,4.3799573745673115e-07,1.2224437018204526e-09,0.9999994039535522
6,7.939171238827147e-13,3.4041079288726905e-08,1.9420618948716092e-14,2.952160738090015e-10,4.235939599084304e-08,6.728120838239704e-11,1.0
6,1.6738194164034326e-11,6.274070329936876e-08,1.2055578974337622e-12,3.985864527322747e-09,1.2853793407430203e-07,5.086634669027035e-09,0.9999997615814209
6,1.268681409927197e-10,1.0340245637507905e-07,5.3860600875144105e-12,7.806000468235652e-08,2.4899813411138894e-07,2.335084126059428e-09,0.9999995231628418
6,2.3641355539893993e-09,5.798900701847742e-07,5.221374999031525e-10,1.5325789490816533e-06,1.056462679116521e-06,6.371661953608054e-08,0.9999967813491821
6,1.7067757207556156e-09,3.319223651487846e-07,1.2887639566638853e-10,2.617733798615518e-07,1.4835665069767856e-06,1.1441874114836992e-08,0.9999979734420776
6,1.5897056115932173e-08,2.110978584823897e-06,8.013367747139455e-10,2.5977144559874432e-06,4.2160122575296555e-06,2.2339007088589824e-08,0.9999909400939941
6,1.2673163496401685e-07,1.3322781342139933e-05,4.312161738795339e-09,2.6243884349241853e-05,1.83446809387533e-05,7.350587338805781e-08,0.9999418258666992
6,7.01803557490166e-08,3.2864618333405815e-06,1.8464877404866797e-09,4.6153196308296174e-05,1.0521753210923634e-05,5.246989687179848e-08,0.9999399185180664
6,4.9514870426037305e-08,1.5723951491963817e-06,8.163489328971707e-10,6.93986930855317e-06,1.940461152116768e-05,2.554978806301733e-08,0.9999719858169556
6,2.0997267813349652e-10,9.267655798339547e-08,3.805157144237681e-12,1.193045022773731e-07,4.913427801511716e-06,1.227262624858838e-09,0.9999948740005493
6,2.559716761468822e-12,6.287170339902559e-09,6.780785378720025e-14,2.0188588578662348e-09,5.492534569384588e-07,1.223584011889045e-10,0.9999994039535522
6,9.71129079929689e-12,3.71429074164098e-08,4.061569060676701e-13,1.0049604703965542e-08,1.0536065246924409e-06,2.538277366070929e-10,0.999998927116394
6,1.967191166907245e-11,3.2882592648775244e-08,2.485310134775487e-12,2.8461201395657554e-08,2.435103169773356e-06,1.5473783365749227e-09,0.9999974966049194
6,1.014687812939119e-11,5.144179837657248e-08,5.105246520670237e-12,3.162637085551978e-08,4.526222255663015e-06,6.2483516138911455e-09,0.9999953508377075
6,2.830781182378006e-12,1.234864299703986e-08,2.098868604957782e-12,8.494572156791946e-09,9.643648581914022e-07,1.346587819028855e-08,0.9999990463256836
6,2.7382991707458615e-12,9.62908863755274e-09,5.508143420540623e-12,2.4415776067598927e-08,2.7930599344472284e-07,1.311164155026745e-08,0.9999997615814209
6,1.4582969163831616e-12,4.469887127100947e-09,1.9100081759260146e-12,9.700189096406575e-09,1.7093333326556603e-07,7.394096446233789e-09,0.9999998807907104
6,4.477978318012665e-12,6.4633329799335115e-09,1.7312548963865915e-12,1.1324607918083984e-08,2.489718156084564e-07,1.740804833616494e-08,0.9999997615814209
6,6.089545100812499e-12,1.9858286126606117e-09,8.536157349546547e-13,2.9385343935928177e-08,8.524204275772718e-08,1.9188268751690885e-08,0.9999998807907104
6,1.9066998414168923e-12,2.624132681983138e-11,1.3804608226929832e-13,3.4620026845288976e-09,2.1805496075444353e-08,2.5784713031384854e-08,1.0
6,2.066346009230169e-12,1.4712972160046967e-11,1.6235515536144884e-13,3.5176608292886158e-09,8.499752368607005e-08,8.77734578352829e-08,0.9999997615814209
6,2.5974892809560446e-12,1.347928019201916e-11,3.1483127736764427e-13,7.161328863247718e-09,3.7715263800919274e-08,1.784012511052424e-07,0.9999997615814209
6,1.1836461498437867e-11,1.3545439769835355e-10,3.6275518179584854e-12,3.1522311871867714e-08,1.7645885463934974e-07,3.9983930832931946e-07,0.9999994039535522
6,1.9937116194079785e-12,5.25861784672621e-11,1.58755918567427e-12,2.318275882373655e-08,2.7430251847704312e-08,4.9063579865560314e-08,0.9999998807907104
6,3.526125517874096e-13,5.660288210362907e-11,2.1193374204024618e-13,6.384270445636275e-09,1.4016579896747317e-08,2.2976029967480827e-09,1.0
6,2.0080912301913278e-13,5.422048227066156e-11,1.5325030740948042e-12,1.3187338332443233e-08,1.4353489952156906e-08,8.974067711164935e-09,1.0
6,1.4253496386645859e-12,1.0890139900965323e-09,2.6116388565644577e-11,7.589887474068746e-08,7.741828511598214e-08,8.2663502709579e-09,0.9999997615814209
6,7.247789608061384e-13,2.547675126418625e-10,1.6828073223090767e-12,1.3522692299261507e-08,6.741811375832185e-08,2.122812592375567e-09,0.9999998807907104
6,2.8752581912594444e-12,5.2315572013350575e-11,5.230584303357599e-13,7.8174577922141e-09,3.563557271490936e-08,9.37339761364342e-10,1.0
6,5.219425152497292e-12,1.7652003123092008e-11,2.2920616685011275e-13,6.379531902744873e-10,1.9611597679158876e-08,1.339541144673717e-09,1.0
6,2.075740967999451e-11,2.1271688577240155e-10,4.545946952205782e-12,2.0865877914388875e-09,1.4216116284160307e-08,3.694445860347173e-09,1.0
6,5.526268678779367e-11,7.774629273704647e-10,2.966620352151672e-11,6.495218585200746e-09,2.004984800407783e-08,2.1478083311876617e-08,1.0
6,1.6955097048576562e-10,1.0409047845882924e-08,1.7577517566480516e-11,1.8339843421699698e-08,3.798013281652857e-08,4.836014699804991e-09,1.0
6,1.8137119583983008e-09,1.7876924118809256e-07,6.559452425669576e-10,4.920507024053222e-08,1.8040552163256507e-07,1.5249338503053878e-07,0.9999994039535522
6,2.8212485680967347e-09,1.0663484317774419e-07,3.0764682468209514e-10,6.687193376819778e-08,1.2895258123535314e-06,9.615132512408309e-08,0.9999984502792358
6,9.32979471457429e-10,2.404966608082759e-07,5.676989989211734e-10,2.4154051203595372e-08,6.833200245637272e-07,9.177541215876772e-08,0.999998927116394
6,2.2608472871610275e-09,2.2185908221672435e-07,8.460295797263484e-10,3.0552325824828586e-07,1.3501818330041715e-06,1.4757833355361072e-07,0.9999979734420776
6,4.116834873002517e-09,1.225389212322625e-07,2.7542084168885594e-09,6.433887165258056e-07,3.0842349474369257e-07,1.7209690383879206e-07,0.9999986886978149
6,4.818753840396539e-09,1.7722962297739286e-07,1.3507957419278682e-08,2.023478828050429e-06,2.901700497659476e-07,7.340640877373517e-07,0.9999967813491821
6,1.5784901163939935e-09,6.176230016308182e-08,9.737026740452848e-10,2.2799351881985785e-06,5.0436165111023e-07,7.743005170368633e-08,0.9999971389770508
6,3.4720068486926436e-10,6.323872270286302e-08,4.517231311229608e-10,9.90436774372938e-07,5.509915013135469e-07,4.9977121108213396e-08,0.9999983310699463
6,1.1397869453810827e-10,2.921529862476291e-08,6.480751491011461e-10,3.736920177743741e-07,1.1241074844292598e-06,1.0019728335919353e-07,0.9999984502792358
6,1.3387491636096538e-11,2.668259835303388e-09,1.0870531037820985e-11,6.870092494892788e-09,9.017271622724365e-07,2.8259949935716122e-09,0.9999990463256836
6,5.575836233701059e-12,1.0817147177988318e-09,7.094780925948063e-12,6.043224587415352e-09,2.731370898345631e-07,2.56389420805192e-09,0.9999997615814209
6,1.1867160899792228e-12,7.040195648677638e-10,2.6617328133249352e-11,7.088450271197644e-09,2.6536364217122355e-08,2.3857686937134304e-09,1.0
6,4.79076251325844e-13,4.4514911201609664e-10,2.2221249146303634e-11,2.8150715092323253e-09,2.582246239057895e-08,1.143761529931453e-09,1.0
6,5.682230402349886e-13,3.305166140776805e-10,2.1795371063504376e-10,7.753220288009288e-09,3.015929905814119e-08,4.1988146293192585e-09,1.0
6,1.4571431084312025e-12,5.626610288800293e-10,8.336358686689138e-11,2.0380857890245352e-08,8.332158785151478e-08,3.3685243483461136e-09,0.9999998807907104
6,4.927513475375123e-13,8.683848778945347e-11,8.18353978332409e-12,4.4781800490056867e-10,1.497605595091045e-08,7.729901163600061e-10,1.0
6,1.30099316736354e-12,1.18883097810496e-10,3.645249380124227e-11,5.548451142978195e-10,1.1597236060367777e-08,1.7346857283939698e-09,1.0
6,1.92597673920325e-12,2.5919386428818747e-11,1.572840122032737e-11,4.175442630538484e-11,5.623105536756157e-09,1.0557927865306738e-09,1.0
6,1.0405081310449482e-11,8.286514703581549e-12,2.5428728567256087e-11,4.881419227165118e-11,2.2338559890755505e-09,7.132890944561154e-10,1.0
6,1.553615569527267e-10,2.7213167483330913e-11,2.8692988957024212e-11,3.1450276410938116e-11,1.5261617747341916e-08,9.161730818441072e-10,1.0
6,2.020244561917739e-11,2.4089995623310934e-11,4.052989610592306e-10,5.530633936934315e-11,3.7514658046688965e-09,2.2531847498896695e-09,1.0
6,1.8364247622582042e-11,5.078662143609414e-11,4.852449553283122e-10,7.81889691880977e-11,7.701575377438985e-09,1.8895278675046256e-09,1.0
6,5.437611732411751e-12,2.4411891952347275e-10,5.012447790164742e-09,1.1808766187115793e-09,2.765710327423676e-08,1.226141677079795e-08,1.0
6,6.760466210280203e-13,1.7419060638346195e-10,3.1686788609652794e-11,4.799263764176942e-11,4.002040654427219e-08,6.09366501702624e-10,1.0
6,7.608262435863933e-13,5.783161949324267e-09,2.5271329917586627e-08,1.5993853352824772e-08,1.9133230111378907e-08,8.541635310166384e-08,0.9999998807907104
6,3.158094011995738e-12,2.85099943653222e-09,3.8210137831562463e-10,1.0717490006584285e-08,4.929621866267553e-08,1.9447069732336786e-08,1.0
6,6.90643614346953e-13,1.265454230292562e-08,1.2143968497468904e-08,1.8928764689007949e-07,7.459624917771635e-09,2.0383059506912105e-07,0.9999996423721313
6,7.791191194810032e-13,3.118150715408774e-08,3.023724159945118e-09,9.347718901153712e-07,9.506920584101408e-09,6.920770090346196e-08,0.999998927116394
6,2.7864755641759942e-11,4.427451827382356e-08,9.136040368673548e-09,8.464292477583513e-06,1.8954214198174668e-08,1.3138539145529649e-07,0.9999914169311523
6,1.2350426237262013e-10,1.4013463101036905e-07,3.7339614067377624e-08,1.897244328574743e-05,1.2924152414939272e-08,5.202474540055846e-07,0.9999803304672241
6,5.434021288497348e-12,6.821004916446327e-08,2.2582906655799206e-09,2.364526380915777e-06,2.6656257201551625e-09,8.452381194956615e-08,0.9999974966049194
6,2.775926407141971e-12,5.818916903876925e-08,2.4688884270318567e-09,1.6140174921019934e-06,5.88107118559833e-10,4.219040050656986e-08,0.9999983310699463
6,4.6653254176520775e-12,1.3018424738220347e-07,1.1167502833586695e-07,4.04498359785066e-06,8.039087728839434e-10,8.416479886363959e-07,0.9999948740005493
6,8.949910040509379e-13,4.187027613511418e-08,8.610669954833838e-10,2.1566118846294557e-07,3.0716643117933984e-10,1.7586124556601135e-08,0.9999997615814209
6,4.998260052374581e-12,7.489880005095984e-08,1.3627499129142961e-08,1.3512830321360525e-07,8.794979189374885e-10,3.7470977076736744e-07,0.9999994039535522
6,8.527561117096724e-14,6.518448003589583e-10,7.794979071940045e-12,8.412137098012806e-10,9.740430684246348e-11,1.5425994925877262e-09,1.0
6,1.752333629763403e-13,1.9874495105209888e-10,3.88337365736513e-12,6.582027145540792e-10,1.3582909796916454e-10,3.746279675365116e-10,1.0
6,7.403396472260848e-13,1.0266348882126408e-09,5.483934972794202e-10,5.9480482761387066e-09,5.808806768925479e-10,4.420998234166973e-09,1.0
6,3.8611187814716064e-13,2.7357094367630452e-09,1.0037996822642725e-10,5.591072049782042e-10,1.8843271387680716e-09,5.4292152995572e-09,1.0
6,4.17987085915561e-12,8.020768937910816e-09,7.341802166216382e-10,4.5588310904065565e-09,5.379038547914661e-09,6.458972023892784e-09,1.0
6,2.9012264812777744e-11,8.587451816310931e-08,4.6428528577280304e-08,1.1341296612954466e-07,8.351852187615805e-08,2.3414683880673692e-07,0.9999994039535522
6,1.2227766542360907e-11,1.524733050928262e-08,4.042799872649994e-09,2.819236755158272e-08,2.7113680189927436e-08,5.363959232340676e-08,0.9999998807907104
6,8.023143781288322e-12,3.6981966378135667e-09,3.5034913858922323e-10,4.9206483332397966e-09,1.848668240711504e-08,7.76731123863783e-09,1.0
6,4.777002903487426e-13,1.3087678718548545e-09,6.827445830914769e-10,6.279982756041136e-09,6.205350899790574e-09,1.2352235678747547e-08,1.0
6,5.465644204791903e-16,2.9304260407148064e-11,1.1562277177357139e-11,1.0007161765912542e-10,1.3688902233965905e-09,1.2896499423931118e-09,1.0
6,1.0086897781608466e-14,1.5134050262988197e-11,1.4735062399840598e-13,6.48705256178772e-11,2.2582756997735487e-08,5.3684143935806006e-11,1.0
6,2.252391896856009e-15,1.0426061056167946e-11,4.816149649228274e-13,1.4337905862582545e-10,4.45465264675704e-09,3.320968500197807e-11,1.0
6,9.771448312490862e-15,1.7221081505258695e-10,1.7609429539544585e-11,1.548406736162633e-09,4.652322616038873e-08,9.444102166966672e-10,1.0
6,4.2731941333230556e-16,5.418719292715757e-11,4.386601758915587e-13,3.718052948853412e-11,7.465634332959326e-09,1.5364792771421776e-10,1.0
6,4.435884439716459e-15,4.2854154252980337e-11,5.60193005264692e-13,6.874614766338993e-11,2.6102890515744548e-08,3.196536924043869e-10,1.0
6,1.262432473554502e-14,3.137723761370559e-11,1.0183855711845546e-12,1.6806409042224857e-10,1.3806169540941937e-08,2.19640527987508e-10,1.0
6,6.676037875154946e-16,6.951698244828108e-11,2.060237559980277e-13,1.487647505182821e-11,1.3394396702892664e-08,2.175184893316029e-10,1.0
6,5.45155249881326e-14,5.1911318993402844e-11,1.2857331302060238e-12,6.80243639195055e-10,3.757862643283261e-08,2.6927399199294655e-10,1.0
6,2.53893477422662e-13,1.1845886251082849e-11,2.3642058363110285e-13,2.5725638286289154e-10,1.4576130524801556e-08,4.923797480849146e-11,1.0
6,8.666048293467371e-14,2.558556448303828e-12,1.1022553312797778e-12,8.888911308402303e-12,3.659911040898578e-09,4.177786450121346e-10,1.0
6,4.553846059599355e-15,2.6213150573772825e-12,1.481314799555572e-13,1.4729535950316897e-12,8.559827846532642e-10,1.0824036805745507e-10,1.0
6,5.003513404923561e-14,9.76626006628234e-13,1.0698717302706773e-12,5.871223212466914e-12,1.6020744730838032e-09,2.0858466343032234e-10,1.0
6,2.8569922577888207e-13,2.0406684154983257e-12,1.5209628261708685e-12,1.6522094456461467e-11,1.2635124058135716e-09,1.7964427168060126e-10,1.0
6,3.3379779517707375e-13,2.243331388707137e-12,3.738024646759985e-12,1.2018555421711152e-11,2.7003727032237634e-10,2.472265170361254e-10,1.0
6,1.056094773264904e-13,3.1730333638346764e-11,4.571870312886084e-11,5.984399781278071e-11,1.3295579082139852e-09,7.398114343359907e-10,1.0
6,4.179898208155411e-14,1.522292882027987e-11,3.919743002400722e-11,7.507093557901356e-11,8.840225218520459e-10,4.3835221563703897e-10,1.0
6,2.682534641466894e-13,5.3665918930967393e-11,9.47292799757804e-11,4.350421412002703e-10,2.432800405571811e-09,8.658300743036307e-10,1.0
6,1.693523359741489e-12,7.0443158250999e-11,7.469372342860936e-11,1.8699450876624724e-09,4.615851700862095e-09,2.0987686588647136e-10,1.0
6,4.975909441429227e-12,1.7940286756168433e-10,9.627446756477198e-11,3.525950864613492e-09,8.907746540387507e-09,4.932391162171257e-10,1.0
6,4.410631582185687e-12,4.746629200802488e-10,5.570844133218067e-11,8.509320359451067e-09,4.400529718395774e-09,1.3956646949253582e-10,1.0
6,2.390954795261635e-11,7.454105666049315e-10,1.8032364490494501e-10,8.163020481788408e-09,1.0054045596064043e-08,3.759557942739633e-10,1.0
6,2.3734230136795986e-09,1.0008984752118977e-08,1.3128754750013627e-09,1.862396281637757e-08,5.819924808747601e-08,5.559406712762893e-09,0.9999998807907104
6,4.878536685737345e-09,2.3956548744763495e-08,3.4956937344787775e-10,4.9406523316974926e-08,2.4274555698866607e-07,1.3019975098060854e-09,0.9999996423721313
6,1.3242800633861407e-08,1.3441722046536597e-07,1.685795836259274e-09,6.502775562466923e-08,8.838289886625716e-07,5.3597073446098875e-09,0.9999988079071045
6,8.880152790879947e-08,2.892924158004462e-07,3.6205167752711986e-09,7.166583060325138e-08,1.229609438269108e-06,1.0610545331246612e-08,0.9999983310699463
6,2.1970735986087675e-07,2.576199449322303e-06,2.029434398309604e-08,1.6655071988225245e-07,2.2193777112988755e-05,8.397104522828158e-08,0.9999747276306152
6,5.071415287716263e-08,5.439249548544467e-07,2.4162567502372667e-09,1.5221581861624145e-07,1.7239826775039546e-05,2.390514275418809e-08,0.9999819993972778
6,7.021030512532889e-08,1.19310345780832e-06,1.8493981901457346e-09,1.1321684922904751e-07,2.869974196073599e-05,2.7311500616633566e-08,0.9999699592590332
6,1.7750134873040224e-07,3.435482540226076e-06,1.0683456785898215e-08,3.1999368843571574e-07,6.176155875436962e-05,8.316480659686931e-08,0.999934196472168
6,3.3841294566627766e-07,5.019933723815484e-06,2.3092100676080918e-08,5.091893626740784e-07,8.993432857096195e-05,2.8541967367345933e-07,0.9999039173126221
6,5.0753001801240316e-08,1.2455225828489347e-07,4.9020627557183616e-09,5.2828749375066764e-08,1.462149157305248e-06,1.9599568190642458e-07,0.9999980926513672
6,4.707338163711938e-08,6.561036229868478e-07,6.269660346447381e-09,1.3077622895707464e-07,1.1430156519054435e-05,1.4896096445227158e-07,0.9999876022338867
6,2.7485064890697686e-08,5.212122005104902e-07,3.8551917214135756e-09,4.2129961741466104e-08,1.1647986866591964e-05,5.8559532334356845e-08,0.9999877214431763
6,1.0042459308579055e-08,1.9834232034554589e-07,1.9611718915513165e-09,2.69248854323223e-08,7.385859248643101e-07,2.1107922520968714e-08,0.9999990463256836
6,6.723392687035812e-08,5.6022048511295e-07,3.123733716137167e-09,1.79230127628216e-07,1.8638202163856477e-06,2.5958986071827894e-08,0.9999973773956299
6,4.2426997026723257e-08,2.574087147877435e-07,2.2637733909647295e-09,7.417506964202403e-08,1.4480656318482943e-06,5.779802236816067e-08,0.9999980926513672
6,1.603813970518786e-08,7.059978912593579e-08,9.633340791737055e-10,1.051070785962338e-08,5.578161221819755e-07,1.6068575803274143e-08,0.9999992847442627
6,5.885961940066409e-09,5.20536467263355e-08,1.4605608389395286e-10,2.6262219066097714e-09,5.603087060990219e-07,4.002318476636901e-09,0.9999994039535522
6,9.347079554800075e-09,1.082266294361034e-07,1.0365602126638507e-10,6.7078649301777205e-09,5.369752784645243e-07,9.046285942559962e-10,0.9999992847442627
6,8.394617223572709e-10,3.622366406830224e-09,1.4526365136810493e-12,1.19413048893513e-10,1.2871176124917838e-07,8.834775272470452e-11,0.9999998807907104
6,9.981903081879295e-10,2.109931784843866e-08,1.1238045216632742e-11,5.62442981077993e-10,4.6129144948281464e-07,4.711278589475398e-10,0.9999995231628418
6,4.98550811744991e-10,3.4832567941123216e-09,6.168401293221715e-13,1.824227574553916e-10,2.7860687623615377e-07,2.76823841627305e-11,0.9999997615814209
6,8.047134514299614e-09,5.809019398839155e-08,3.465015774306579e-11,3.11888181947495e-09,2.4689181827852735e-06,2.922627140300449e-10,0.9999973773956299
6,6.938039920356687e-09,1.8477670948868763e-08,9.460290190110854e-12,3.986073693340586e-09,6.937680154806003e-06,5.6293383149386145e-11,0.999993085861206
6,5.495053745363521e-09,2.060563453198938e-08,8.46604470555734e-12,4.5547081661823086e-09,4.555375198833644e-06,4.4188996212168874e-11,0.9999954700469971
6,1.7313547928665685e-08,6.015926601321553e-08,6.41381253663198e-11,2.740431526149223e-08,2.0806981410714798e-05,2.270587190489337e-10,0.9999790191650391
6,4.858871971435974e-09,4.943219877873162e-08,1.2996183296198893e-10,1.307965380448195e-08,5.2671916819235776e-06,8.065456080785793e-10,0.9999946355819702
6,5.269607417091038e-09,4.169224609995581e-08,1.1107249668629304e-11,1.00898907007263e-08,7.766226190142334e-06,8.232214909753566e-11,0.9999922513961792
6,1.1518566100932048e-09,1.8282657165968885e-08,6.200439467418661e-12,4.184995461287144e-09,7.40366090212774e-07,5.011033948898458e-11,0.9999992847442627
6,3.7544051201265916e-10,2.0547481938137935e-08,1.467463477122788e-11,5.07995423504326e-09,2.5858696517389035e-07,2.2292488688346879e-10,0.9999997615814209
6,4.736092629187283e-10,7.009395286416975e-09,2.08627507630732e-11,1.8054096884156934e-08,1.0292237817566274e-07,5.309243600315483e-10,0.9999998807907104
6,3.564831208002772e-10,5.721676021863686e-09,9.276104884214931e-11,2.8130648033197758e-08,2.128770830722715e-07,1.8266760326568487e-09,0.9999997615814209
6,4.3596981580407146e-10,9.16935416483966e-09,9.28852264200919e-13,4.0016956859290076e-08,3.3747775773917965e-07,1.5305375022922618e-11,0.9999996423721313
6,4.14022505168532e-09,3.149622784803796e-08,4.9554790826356054e-11,3.6180529150442453e-07,2.0645008191877423e-07,2.79219203314085e-10,0.9999994039535522
6,5.240247125115616e-10,1.086044232323502e-08,1.4330567982279163e-11,2.0244991105755616e-07,3.669774883974242e-08,7.185142064658478e-11,0.9999997615814209
6,3.8714396272121476e-11,1.861487319843036e-08,4.382675472536235e-11,3.094808675996319e-08,2.0584272064638753e-09,9.964345321078483e-11,1.0
6,1.5765380667609463e-10,2.537584364858958e-09,4.929003039055857e-11,8.129630302278201e-09,1.290875628612298e-09,1.0755362572778537e-10,1.0
6,1.1375212577435789e-10,1.4427763872504329e-08,6.38364014426962e-12,1.7793647111297162e-10,3.863019681915603e-09,3.7042712647261666e-11,1.0
6,5.9661724345627665e-12,2.046581812464865e-06,3.028485795475433e-11,3.337605886111206e-11,5.580675921379452e-09,1.4935246095415522e-10,0.9999979734420776
6,1.5918853041307912e-11,3.0028802484594053e-06,7.354846441078033e-13,1.2043257016647324e-11,2.241066887620491e-08,8.731034992215392e-12,0.9999970197677612
6,1.282829731330537e-09,7.745168659312185e-06,9.404767242759959e-11,1.2880003730231238e-09,4.212621718124865e-08,1.836015783851508e-10,0.9999922513961792
6,7.180637862091999e-09,4.501203420659294e-06,2.5822795290952882e-11,3.3463649629084102e-09,1.0577682729717708e-07,3.52111881318784e-11,0.9999953508377075
6,5.280103576588147e-10,2.9570185233751545e-06,5.532028828081348e-12,1.870513050006295e-10,1.801548421553889e-08,1.0733540792284835e-11,0.9999970197677612
6,9.11835229544522e-09,6.430425855796784e-06,1.3442047475109575e-10,8.996006162220738e-10,3.622864142016624e-07,6.919954192996514e-11,0.9999932050704956
6,3.052489372379341e-09,4.472265118238283e-06,1.4214732169115507e-10,3.052063046737885e-10,2.389216149367712e-07,5.3020112605883796e-11,0.999995231628418
6,3.2840381525289786e-09,4.476989488466643e-06,4.340163298199862e-11,1.5815582177225451e-09,8.909137250157073e-08,5.00125288405151e-12,0.9999953508377075
6,1.0620683221773675e-09,7.229979473777348e-06,8.884985108759125e-11,1.832332618967314e-10,1.6709685723981238e-07,2.0410124978997857e-11,0.9999926090240479
6,2.619092442923687e-10,5.311782160788425e-07,2.6440254066034674e-12,6.432238075504415e-10,1.7976226729388145e-08,5.4268200176677e-13,0.9999995231628418
6,3.871145182188229e-09,8.566203177906573e-07,8.476950912050807e-12,1.3522547526179096e-09,5.1047706506324175e-08,2.6180700402750334e-12,0.9999991655349731
6,1.775901509182276e-10,9.713317012938205e-07,1.3699499434166595e-12,2.6711913236887597e-10,3.795878722456791e-09,1.2286195281638324e-12,0.9999990463256836
6,5.290749175573817e-12,1.0344903955683549e-07,3.010196868787236e-14,7.77668207607718e-12,2.7731764107308265e-10,1.6036027757418414e-13,0.9999998807907104
6,1.0224206897779808e-11,2.8642400451417416e-08,7.894967774153827e-14,4.31614986806661e-12,1.8826090686374641e-10,6.174382294506231e-13,1.0
6,5.872873021228742e-11,5.0019067998618993e-08,2.3920164893970197e-12,7.164396853553967e-11,5.067411490422558e-10,9.301455439203465e-12,1.0
6,1.4609656540098825e-10,2.569506563077084e-08,1.7465952729250889e-12,2.448527838816439e-11,2.1433548269556013e-09,1.3460219917826866e-11,1.0
6,2.1343582456978538e-10,1.7904753235598037e-08,4.5529842916669505e-12,7.519474626294098e-11,2.3068245091906192e-09,4.714982224096609e-11,1.0
6,2.9804039791692105e-10,2.0214772078475107e-08,7.562043873032831e-12,7.483232783433991e-11,1.2329326448679012e-09,5.02794472723167e-11,1.0
6,1.0272356576468411e-10,4.396401909190217e-09,1.7169933010097171e-12,5.0621049019206055e-11,1.0070079492496831e-10,7.095594944939165e-12,1.0
6,7.048912148421849e-11,2.9373230514551096e-09,3.143021324973627e-13,2.499732192073889e-11,1.919418096685277e-10,3.597038682537357e-12,1.0
6,1.967679274725298e-12,2.5884369647677374e-10,1.2405866468118663e-14,3.099515002297215e-13,4.257795505058226e-11,1.847881656719119e-12,1.0
6,6.045868233134355e-12,1.17672996347018e-10,6.060756551577035e-14,1.8597445632095866e-12,6.346202729989869e-11,1.3995026491853135e-11,1.0
6,3.959196252095731e-12,3.141089124913954e-11,1.3350077811345555e-14,5.433907447269237e-13,3.146761670680398e-11,8.5358534476776e-12,1.0
6,3.3067597271507765e-11,2.6579611844823603e-09,1.491928867773662e-12,1.9906161788374455e-11,1.6163366478583185e-10,2.3277633293128375e-11,1.0
6,2.0915955079026105e-10,7.528566214887178e-09,1.478532465730431e-12,1.1868298011030731e-11,1.7150737774418445e-10,6.010409617923651e-12,1.0
6,1.1270884225922373e-09,5.8181690576475376e-09,3.9489318932883766e-12,2.923380634789474e-11,2.433176327087949e-09,9.814653256778882e-11,1.0
6,4.138403841835725e-09,5.27561239138663e-09,4.1697261962680976e-12,1.1708726002646053e-11,1.6143409942159792e-09,8.390820677162125e-11,1.0
6,2.835417733937362e-10,3.676182414036333e-10,1.758883566137931e-13,2.7778163883690477e-12,5.5854095654117586e-11,5.5496306335112155e-12,1.0
6,1.1337291105917302e-09,8.875130075303161e-10,2.593899216512402e-13,2.299112072598475e-12,2.9590041528138045e-10,1.9950862142903425e-11,1.0
6,3.812789195478672e-09,1.8548800273521238e-09,1.8347285225383397e-13,9.671996276799932e-13,1.4179387664015053e-09,1.2162360528422678e-11,1.0
6,2.2442165903413525e-09,2.848401292609992e-09,1.5540547364592538e-13,1.7919304278260495e-12,1.0791451066083368e-09,8.184835621760644e-12,1.0
6,1.0405231121168868e-09,4.078176130128952e-10,8.443658776726218e-14,1.7468375379005308e-13,1.2501021051658512e-10,4.454875704440475e-12,1.0
6,1.19088550132318e-09,6.698239185531918e-10,1.1655394260411817e-13,2.967890961203673e-13,9.320018368175198e-11,5.7550288319607734e-12,1.0
6,2.230756246390797e-09,3.778940493859295e-10,3.46397545792753e-14,2.012957671642529e-13,1.0944991579719954e-09,3.873749411520411e-12,1.0
6,1.8079348018673613e-09,3.8887368325468685e-10,4.3624443114972586e-14,2.217182194135317e-13,9.704460568471518e-10,3.818685818945955e-12,1.0
6,7.21728787844711e-10,9.567185238479325e-11,5.4497645816681956e-14,6.905042943677886e-13,6.024805654369914e-11,1.5228206065934224e-12,1.0
6,2.1116186577074814e-09,1.218898648680522e-09,8.548895505345808e-14,2.594522903812124e-13,1.2738329280281846e-09,2.7764656893025652e-12,1.0
6,4.073744674926161e-10,4.495158412165523e-10,3.068555067160805e-14,3.475596749963859e-14,3.2028368845971045e-09,6.797682208792288e-12,1.0
6,8.400776607686566e-08,8.570140153096872e-09,1.8634097737058042e-11,2.682075481846846e-12,3.901957867924466e-08,2.56720117386422e-10,0.9999998807907104
6,2.5252639090922457e-08,4.071523118653886e-10,1.1330939441930865e-12,4.133039667886945e-13,2.2847608249776385e-08,5.577457246053186e-11,1.0
6,8.973026410785678e-08,2.1320062382201854e-10,6.0907064981796655e-12,9.50777976314876e-13,9.984063353840611e-09,1.9676921203526376e-10,0.9999998807907104
6,3.2344777967097116e-09,7.861831324840196e-11,3.594759852201118e-13,2.0707249120694576e-13,8.573324272731497e-10,2.0609784712188883e-11,1.0
6,2.4540555698671085e-10,4.912937279222263e-10,1.2683970085185237e-13,3.9159802245510023e-13,2.0632107133877753e-09,5.768326354765874e-12,1.0
6,6.253125572897034e-09,1.6423495452499992e-08,3.0538152302056476e-12,1.3600273685021591e-11,2.3894859424444803e-08,4.652546403693947e-11,1.0
6,3.5613099275133564e-11,4.445074516801206e-11,5.673084479398613e-15,8.726058206088086e-14,3.239112311703707e-10,2.472157678221065e-13,1.0
6,1.2800281667946223e-10,3.452609032006393e-11,2.2109267541758904e-14,3.667975211757435e-13,1.6562710924983293e-10,1.9015464116506342e-12,1.0
6,2.250174269136096e-09,1.6953220771664945e-10,3.7229456171551656e-13,2.9959489750153168e-12,3.8502406818352597e-10,4.666390537866327e-12,1.0
6,1.1651556164338217e-08,1.102802116292878e-08,6.8639464771702574e-12,1.4279031082531368e-11,4.77870720771989e-09,1.8876527077549277e-11,1.0
6,1.5385600349304696e-08,3.5774962992007886e-09,2.532060498772193e-11,3.825540578761277e-11,9.104940690285446e-10,3.1136562078648566e-11,1.0
6,4.805323250423044e-09,8.919218141834051e-10,5.600330529181852e-12,9.253059256308926e-12,7.866094442476879e-10,2.1168752514788558e-11,1.0
6,1.4534709436020421e-08,2.366358220484699e-09,4.2281275702826804e-11,3.741821436031856e-11,8.109447002802028e-10,7.315100608584757e-11,1.0
6,4.176252943466352e-08,5.304894745705724e-09,2.721442793340856e-10,2.369007767732967e-10,2.5469333309047215e-09,2.3148273575746003e-10,1.0
6,6.472685498692954e-09,1.41652511942425e-09,1.2799061810397916e-10,3.32952450332602e-11,1.125140203228625e-09,1.149015188550706e-10,1.0
6,1.4652787427849034e-08,1.1445171033130919e-08,3.321901642650005e-10,6.676258851312511e-11,1.9809117901559148e-08,1.0386567994569162e-10,1.0
6,3.046444874144072e-08,1.488927114934313e-08,1.0223709656642654e-09,1.137178545773665e-10,8.778799021058603e-09,1.3229296824679437e-10,1.0
6,7.160937087746788e-08,2.824493749997714e-09,1.6338874697652273e-09,4.3816572592447756e-10,1.472183974726704e-08,4.975515000005259e-10,0.9999998807907104
6,5.433949734623411e-09,1.7356719395067444e-09,3.8543554459202767e-10,1.2248508873824449e-09,4.126281538674448e-09,2.0530385724804034e-10,1.0
6,6.54558673929273e-09,3.9311703892153105e-10,7.807094554168614e-11,2.9285779357124397e-10,5.427517546507943e-09,1.1597622168180166e-10,1.0
6,8.239686266620083e-09,9.082785912273295e-11,1.1828356072385304e-09,1.5063673919346598e-10,7.704113458295581e-10,2.642184249168622e-10,1.0
6,2.6611417514033064e-09,9.781011070519874e-12,3.2745262057432e-10,8.192024142372745e-11,2.1659896098924492e-10,5.351678475373767e-11,1.0
6,3.5342040405339503e-10,6.141987959895623e-13,6.691059512009545e-11,2.191951134489223e-11,2.2989860015698582e-11,2.7589885237544465e-11,1.0
6,6.436094435180451e-10,3.5622706499004175e-13,5.4717601977172237e-11,3.5533895704348284e-12,1.0252424777201785e-11,2.3955103525818977e-11,1.0
6,7.299456150633432e-09,4.98136254467596e-11,2.083938799302132e-09,7.36649977128856e-11,7.145796454555153e-11,1.3687850852761585e-10,1.0
6,1.1364055474416546e-08,4.448112989052788e-10,4.082279403405664e-09,2.841644142215216e-10,3.804005166418989e-10,5.709682171506358e-10,1.0
6,1.5238689199392752e-09,8.91232643240869e-11,7.051431105686845e-10,4.774347583946792e-11,3.2767377700082534e-10,1.9141316309756462e-10,1.0
6,2.000231091869864e-10,1.171123337195823e-10,4.698642863676383e-11,1.349863189975542e-11,7.030346860226189e-10,1.641714368616487e-11,1.0
6,9.194993100258841e-10,2.337695592657951e-10,9.834311143208652e-11,1.3788971353623225e-10,2.5606203823969054e-09,4.376994600097106e-11,1.0
6,1.759609992435518e-11,7.284619088498978e-12,1.06266015952039e-12,6.689537378895549e-12,1.9863731492986147e-10,1.9940466378792765e-12,1.0
6,2.4394203324007435e-10,8.407476971561412e-12,3.2047708237170625e-11,6.29308549715546e-10,2.976529578369025e-10,4.1339006870422246e-12,1.0
6,5.915221090724287e-11,3.166497619666586e-11,7.970218235398008e-12,1.807778787776826e-10,1.0181575027523593e-10,1.4573815786990407e-13,1.0
6,3.0078871251365547e-12,1.903894359875369e-12,4.2669271165408224e-14,7.823502262693793e-12,7.56351491854046e-12,4.9188503442631256e-15,1.0
6,1.1573860793367974e-11,2.333873094784167e-10,1.96963170599751e-12,1.2937242943600324e-10,7.242947908103758e-11,4.778895513904771e-14,1.0
6,4.750917541318511e-12,1.2214161626555864e-10,5.6594546757327e-12,2.949153768416757e-11,7.367816426406826e-12,3.075805127088216e-13,1.0
6,2.7259376938863766e-13,9.783832771725898e-11,3.7309643764228684e-13,7.715145796532985e-13,1.8093611678371424e-11,1.3262120893663132e-13,1.0
6,4.778779368747044e-13,1.8627747955246576e-10,1.697563443980865e-11,4.734200878542261e-12,1.2650159565696928e-11,1.87478483258674e-12,1.0
6,8.273437490657898e-12,5.2067600231353595e-11,9.958151664379855e-11,5.19053793002211e-11,2.604184645704777e-10,2.4556402918041176e-12,1.0
6,4.599667174920441e-11,6.670976965272857e-11,5.791117585474126e-10,3.765521505716407e-10,8.83341566559892e-10,3.3044584429875457e-11,1.0
6,5.937568492431211e-11,1.6368539856870257e-09,9.61972901336594e-09,8.641406479270586e-10,1.9439159171241727e-09,3.2171296876493116e-11,1.0
6,2.4332291737039213e-10,1.2904881607767038e-09,4.539519977697637e-06,3.9326113920878925e-08,9.527576505519164e-10,1.199979893229397e-09,0.9999954700469971
2,2.294292471560766e-07,1.1693906287746358e-07,0.9998654127120972,5.4709385040041525e-06,1.5926493457385504e-09,4.8667143204284e-08,0.000128757135826163
2,1.1553281353826605e-07,2.695408873876204e-08,0.9999654293060303,5.662688181473641e-06,1.2380222402796903e-09,1.080496492278371e-08,2.8735077648889273e-05
2,8.287807986562257e-07,7.800312573635892e-08,0.9999953508377075,2.5109638954745606e-06,3.981506235817278e-10,4.895405858462709e-09,1.1758497748814989e-06
2,2.0706320214003426e-08,7.261244050482674e-09,0.9999984502792358,1.4553330629496486e-06,3.124026037859551e-11,3.096973788530022e-10,1.1771250285619317e-07
2,5.150017727828526e-07,1.656765569180152e-08,0.9999961853027344,3.113248340014252e-06,2.395520726228284e-10,1.116139625167989e-09,2.416139182059851e-07
2,1.696576873655431e-06,2.4555600219855478e-08,0.9999653100967407,3.212288720533252e-05,1.2234074864281297e-09,2.024535428191143e-09,7.781166004861007e-07
2,1.9508328819028975e-07,1.0591408639015754e-08,0.9995703101158142,0.000426607730332762,2.6297202193603653e-09,3.561941019913917e-10,2.8527779249998275e-06
2,8.610205100012536e-07,1.6399141600231815e-07,0.9933138489723206,0.0066723874770104885,2.0927217292410205e-08,3.916230673084442e-10,1.2798709576600231e-05
2,7.946939149405807e-06,3.9953491182131984e-07,0.997794508934021,0.0021385177969932556,3.142366367114846e-08,3.5140297338642767e-09,5.862067700945772e-05
2,4.081265991828786e-09,2.983777891429895e-09,0.999957799911499,4.0883762267185375e-05,2.9609967255872505e-10,7.173369676038988e-10,1.3581122857431183e-06
2,1.697452178817116e-10,9.47042666510356e-10,0.9999929666519165,6.519279850181192e-06,1.1502196417545463e-10,6.848029365791319e-10,5.331052079782239e-07
2,7.938169566124031e-10,2.531091725099799e-10,0.9999982118606567,1.5054529285407625e-06,9.105180498458765e-11,6.94662605216223e-10,2.8100535587327613e-07
2,1.6805230984573427e-08,8.984145649648667e-10,0.9999899864196777,9.326411600341089e-06,1.1201292116069794e-09,5.594304575140541e-09,6.881302851979854e-07
2,4.964409754393273e-07,2.1805522720796944e-08,0.9993109703063965,0.0006756860530003905,2.1253972803947363e-08,6.320643120005798e-09,1.2827752470911946e-05
2,7.438307392249044e-08,2.5945483539402403e-09,0.9999277591705322,6.953776755835861e-05,2.00829886054521e-09,1.2374287372551862e-08,2.563146608736133e-06
2,1.9140916265314445e-06,1.7261966300807785e-09,0.9999847412109375,8.756153874855954e-06,1.4223106026278742e-09,7.38999830218745e-08,4.562043159239693e-06
2,1.2326994692557491e-05,2.024185929982991e-09,0.9999567270278931,1.9002507542609237e-05,5.22413712289449e-09,3.4528417813817214e-07,1.1723763236659579e-05
2,1.1034786666641594e-06,9.136025824751925e-10,0.9999922513961792,3.947595359932166e-06,5.989791995730798e-10,6.775172778361593e-08,2.6175505354331108e-06
2,3.65109116273743e-07,5.475359610151997e-10,0.9999876022338867,4.465969595912611e-06,3.351741106882855e-10,3.145893145983791e-08,7.53031554268091e-06
2,3.4692751796683297e-05,4.272729281495913e-09,0.999929666519165,1.8886801626649685e-05,5.358713028869033e-09,1.7331534252207348e-07,1.6599347873125225e-05
2,6.886359915370122e-05,5.2499064651101435e-08,0.9998929500579834,3.145801383652724e-05,2.767567153227901e-08,1.159716092047347e-07,6.599783318961272e-06
2,2.8976164685445838e-05,1.0220490764822898e-07,0.9999185800552368,2.8569294954650104e-05,1.9794853756138764e-08,1.413379724368724e-08,2.375526491960045e-05
2,1.6707996337572695e-06,1.9096310310828812e-08,0.9999872446060181,8.933185199566651e-06,1.8167957138714996e-09,5.5732551906828576e-09,2.2036515474610496e-06
2,8.53741966011512e-09,3.3800933163519176e-09,0.9999970197677612,2.4318642317666672e-06,6.70676778002921e-11,7.229004062025979e-10,5.828342182212509e-07
2,5.565541361107762e-10,2.1820063533795064e-09,0.999998927116394,8.499149544149986e-07,7.939227400499682e-12,1.9856248589800174e-10,1.9648896909529867e-07
2,1.7588673573154523e-10,1.0892103885495885e-09,0.999998927116394,9.900370514515089e-07,4.04947299650904e-12,8.314183369551031e-11,6.924850737277666e-08
2,3.58870051730964e-11,6.307673272587522e-10,0.9999998807907104,9.551518331818443e-08,5.611275875373745e-13,1.257203785520744e-10,4.577190537702336e-08
2,1.3119790809312804e-09,6.62044030708131e-10,0.9999997615814209,2.534860641389969e-07,9.2457129192286e-13,1.0419939910910614e-10,2.3598278886538537e-08
2,7.721679295968897e-09,1.0772549519089125e-09,0.9999996423721313,4.051935320603661e-07,2.111776031821222e-12,2.123062142755927e-10,5.864685448386808e-08
2,2.4865858705425126e-08,6.247768524758612e-09,0.9999992847442627,5.834123157910653e-07,1.182114042069804e-11,6.059827639681714e-10,1.7299150556482346e-07
2,9.814922208306598e-09,1.7252086426111646e-09,0.9999996423721313,2.0253428090200032e-07,1.44166698978071e-12,5.64759627952327e-10,6.305549504759256e-08
2,1.378335579005352e-08,5.987290663256317e-10,0.9999998807907104,6.322289891613764e-08,4.0355880529668875e-13,1.625273943206551e-10,7.168080795594278e-09
2,6.4015464040778625e-09,2.3100554802368833e-09,0.9999996423721313,3.6394368407854927e-07,9.75238878368756e-13,2.5763588484828404e-10,1.9897795411338848e-08
2,8.123471340049093e-10,9.423140046038725e-10,0.9999998807907104,1.534841231887185e-07,3.4153631528824335e-13,2.069116822323025e-10,9.535513711966814e-09
2,5.547119208415552e-09,4.8699746457714355e-09,0.9999996423721313,3.2547629302825953e-07,1.9912296637947247e-12,1.2761108836301105e-09,2.6163045063753998e-08
2,1.4415203963835665e-07,3.9777288129982935e-09,0.9999992847442627,5.833967406942975e-07,1.5886373813667198e-11,2.1281503226333598e-09,2.2861669890517078e-08
2,5.8550590154027304e-08,1.1506996244747825e-08,0.9999990463256836,9.471943940297933e-07,2.721584242693087e-11,8.263159934074338e-09,4.759611726967705e-08
2,1.4807671959715663e-06,7.601910567700543e-08,0.9999880790710449,9.962455806089565e-06,2.1910734337993176e-10,1.8039665761193646e-08,5.178832793717447e-07
2,7.402069002182543e-08,1.3082839700473414e-07,0.9999992847442627,3.3887667427734414e-07,4.416875285656596e-12,5.355553156505266e-08,7.140992863696738e-08
2,4.1277659068583716e-10,2.9728095540804134e-08,0.9999996423721313,1.807748049031943e-07,3.954425328855926e-12,3.9401133022920476e-08,1.1501150254389358e-07
2,4.410446763358777e-06,1.089862067260583e-07,0.9999817609786987,4.300648015487241e-06,1.104520253036867e-09,6.19060571693808e-08,9.330266948381905e-06
0,0.9692617654800415,5.527763278223574e-06,0.03069933131337166,3.066763747483492e-05,7.553142467031648e-08,8.065057386374974e-07,1.8014352463069372e-06
0,0.9996830224990845,4.55146391686867e-06,0.00023130900808610022,7.725473551545292e-05,2.7534204605217383e-07,5.673189207300311e-08,3.526758519001305e-06
0,0.9999510049819946,2.1042806963578187e-07,4.0424718463327736e-05,8.127321962092537e-06,1.550595385424458e-08,3.021153816007427e-08,2.3095975620890385e-07
0,0.9999316930770874,7.52505229684175e-07,6.215558823896572e-05,4.739421456179116e-06,4.325677593897126e-09,2.7671095637060716e-08,6.220628279152152e-07
0,0.9999734163284302,3.3441889968344185e-07,2.5629322408349253e-05,5.051024913882429e-07,2.8620492642517092e-09,4.7849489703821746e-08,8.425442388215743e-08
0,0.999963641166687,3.9062561540958995e-07,3.57639801222831e-05,1.476230977459636e-07,1.738866051148591e-09,7.812184321664972e-08,2.4655193442413292e-08
0,0.9999966621398926,1.4563863715011394e-07,3.0752808015677147e-06,7.919171451931106e-08,7.885672115293119e-10,2.0057507654769324e-08,5.4679709649008146e-09
0,0.9999972581863403,5.9583676659258344e-08,2.6500079002289567e-06,4.748042670144059e-08,6.175257527551992e-10,2.207876370619033e-08,2.995459658095001e-09
0,0.9999973773956299,9.20490990097278e-08,2.3263139610207872e-06,1.3098681961309921e-07,9.727525451808106e-10,1.4734077957712088e-08,5.1504511766609085e-09
0,0.9999984502792358,2.987003711041325e-08,1.3908422715758206e-06,5.92360969164929e-08,2.1651642978515184e-10,1.2505569912946157e-08,1.876978128478868e-09
0,0.9999945163726807,4.7500769539965404e-08,5.39648181074881e-06,7.318141825862767e-08,6.534495167187515e-10,2.840298130024621e-08,4.9681800895484685e-09
0,0.9999953508377075,3.0181432464360114e-08,4.511410679697292e-06,7.509245847359125e-08,2.561960643632233e-10,1.193295240398129e-08,3.5239577922396847e-09
0,0.9998955726623535,6.232368718883663e-07,0.0001029387058224529,6.155931373541534e-07,1.6296182181463337e-09,1.7155907983124052e-07,1.697019769153485e-08
0,0.9999902248382568,3.661727276949023e-08,9.58515374804847e-06,1.2906647839372454e-07,5.029547889279229e-10,2.4009660037904723e-08,3.158917571965958e-09
0,0.9999946355819702,4.496871142123382e-08,5.224377673584968e-06,4.667647957035115e-08,1.3295965439752422e-09,3.2206784794652776e-08,2.304639590278157e-09
0,0.9999971389770508,2.3821344896646224e-08,2.723611260080361e-06,8.205367407754238e-08,2.7278429515220637e-10,5.464344976502389e-09,5.663550517454041e-09
0,0.9999986886978149,1.1579206926626284e-08,1.2042985417792806e-06,1.5559943733478576e-07,4.086735949648812e-10,4.05418454363371e-09,3.1246674137008768e-09
0,0.9999994039535522,8.448798105575861e-09,6.498616471617424e-07,2.4279653842995685e-08,1.7522082396137506e-10,4.142302501008999e-09,6.565973875716224e-10
0,0.9999992847442627,5.841905625914023e-09,7.187469464042806e-07,3.180974061933739e-08,2.2091338480745293e-10,3.966629691376511e-09,5.332816965797349e-10
0,0.9999996423721313,1.0976981101862293e-08,2.0085907692646288e-07,5.7698649413850944e-08,5.454234841550942e-10,8.421702224481464e-10,6.572027366757993e-10
0,0.9999998807907104,6.165815413794462e-09,1.1476456762693488e-07,1.6575304684351977e-08,5.134463965106306e-10,3.4503261359120074e-10,4.3071982092079963e-10
0,0.9999988079071045,8.972704357290695e-09,1.2322677775955526e-06,4.35808615861788e-08,1.6408553682456528e-10,1.843070585039186e-09,7.005998559073134e-11
0,0.9999970197677612,4.120270702401285e-08,2.911401679739356e-06,2.0223041019562515e-08,4.408814979761644e-10,3.0238800352577755e-09,3.3729813386784713e-10
0,0.9999997615814209,2.2735054727718307e-08,8.775554505291439e-08,4.305625012079872e-08,8.368131965141856e-09,1.437298391415709e-09,2.6723054880051222e-09
0,0.9999997615814209,3.2960008056193146e-09,2.1458453147715773e-07,3.203259169026751e-08,2.0913566434188624e-09,6.5166103624392235e-09,2.1446698583726942e-10
0,0.9999972581863403,1.6992817819527772e-08,2.588487177490606e-06,2.2744062633250905e-08,1.9331030109981384e-09,2.9249108024487214e-08,6.859929291280764e-10
0,0.9999991655349731,9.13274789127172e-09,8.064274652497261e-07,2.1409965356156135e-08,4.903908390474498e-10,2.8366826665404687e-09,1.7278810326981642e-10
0,0.9999998807907104,1.8689285674611256e-09,8.224333214457147e-08,2.0431416558608362e-08,1.7327569934444398e-10,1.7906038873860552e-09,8.127078870989735e-11
0,0.9999998807907104,1.711972674733886e-09,1.099659829861821e-08,1.3223274208939984e-07,4.995448943390102e-09,1.84285120496952e-09,4.076680312770087e-11
0,0.9999992847442627,2.650793751168834e-10,6.848262756875556e-08,2.450904617035121e-07,2.958705991318311e-08,3.494381246582634e-07,1.4337429854460737e-10
0,0.9999992847442627,6.217673598207796e-11,3.114525881642294e-08,4.4450590053202177e-07,9.994308491911852e-09,2.137557970627313e-07,3.7951750075926327e-10
0,0.9999979734420776,6.137171881803738e-10,8.578044230489468e-08,1.1847813539134222e-06,6.241521788297177e-08,6.607621685361664e-07,1.4543934945265846e-09
0,0.9999985694885254,1.6373293831861702e-09,6.068398192837776e-07,1.636992408293736e-07,6.669994334629337e-09,6.175446856104827e-07,1.1035554692284677e-09
0,0.9999996423721313,2.5167398720604695e-10,3.7256388196738044e-08,1.3971258283618226e-07,6.53670140238205e-09,1.828131246384146e-07,5.219714591109259e-11
0,0.9999979734420776,5.222178245389841e-10,3.688601850626583e-07,2.2570539215394092e-07,3.9863540024498434e-08,1.4735718423253275e-06,4.600798214626778e-11
0,0.9999991655349731,5.078573117600627e-10,1.8501808085602534e-07,3.0705044196110975e-07,1.6194350749287878e-08,3.105175778728153e-07,3.705518877850089e-11
0,0.9999991655349731,5.010596382248877e-10,2.843023025889124e-07,1.483082172626382e-07,1.3524902087169721e-08,4.837427241000114e-07,2.7347495795693177e-11
0,0.9999945163726807,7.233113663573931e-09,2.3725540359009756e-06,7.383776505776041e-07,1.96578270106329e-07,2.1698838281736244e-06,2.658752773498918e-09
0,0.9999973773956299,5.391090351913874e-10,2.2835621393824113e-07,2.6426980070937134e-07,1.2768141743890737e-07,1.9675467228807975e-06,5.36565958331181e-10
0,0.9999960660934448,6.7824617033807044e-09,3.670547243928013e-07,6.422578167075699e-07,1.4146087323752e-06,1.540831590318703e-06,2.854695324572276e-08
0,0.9999924898147583,1.0427250174416258e-08,1.0960762892864295e-06,1.43992997436726e-06,1.3391716038313461e-06,3.5478410609357525e-06,8.046455945986963e-08
0,0.9999953508377075,1.0933548511005142e-09,6.942073582649755e-07,4.5795300707140996e-07,2.624879300583416e-07,3.2648727028572466e-06,4.2190436033706646e-08
0,0.9999905824661255,6.669244356771742e-08,8.0237814472639e-06,8.767881354287965e-07,5.8224909338377984e-08,4.4366052520672383e-07,2.2331162696787032e-08
0,0.9999735355377197,7.33752358428319e-07,2.231433791166637e-05,2.3714342205494177e-06,1.3507185769867647e-07,6.728572543579503e-07,1.9391728756090743e-07
0,0.9999252557754517,2.65551648226392e-06,7.004856888670474e-05,1.0181241805184982e-06,1.0636663461127682e-07,7.467497198376805e-07,1.747803821672278e-07
0,0.9999874830245972,4.559504134249437e-07,1.0635550097504165e-05,1.1754110573747312e-06,9.224521591022494e-08,1.5964891986186558e-07,2.6219774795777084e-08
0,0.999985933303833,3.3654464459687006e-07,1.1749379154935014e-05,1.8208845631306758e-06,3.689171279575021e-08,1.6225294530158862e-07,2.3504966861764842e-08
0,0.9999953508377075,3.273684967552981e-07,2.7954019969911315e-06,1.216497935274674e-06,8.979303345313383e-08,1.0386020221631043e-07,8.7786906632914e-09
0,0.999976396560669,7.141758260331699e-07,2.119415148627013e-05,1.4649215245299274e-06,4.424844490813484e-08,1.8097638587732945e-07,3.2499801960739205e-08
0,0.9999680519104004,9.2874427082279e-07,2.5186238417518325e-05,5.545883141166996e-06,7.554464787062898e-08,1.1431809099349266e-07,1.0472944467210255e-07
0,0.9999964237213135,6.334991553558211e-08,1.7282292219533701e-06,1.692783030193823e-06,1.7674775421028244e-08,2.3196877307896102e-08,1.140763927764965e-09
0,0.9999945163726807,2.2026011947673396e-07,2.501262997611775e-06,2.712999048526399e-06,4.2658264476358454e-08,2.478330429767084e-08,7.943354418671333e-09
0,0.9999836683273315,1.6134390534716658e-07,1.4854797882435378e-05,1.1811981721621123e-06,5.9760050241663976e-09,8.996084233103829e-08,8.42886738183779e-09
0,0.9999796152114868,9.05890829017153e-07,2.278297870361712e-06,1.6816275092423894e-05,2.15610171494518e-07,1.262015736358535e-08,1.276741556921479e-07
0,0.9999908208847046,1.7461972845467244e-07,5.9360518207540736e-06,2.8902481972181704e-06,1.2322723819124803e-07,3.779024737582404e-08,2.0271150091843992e-08
0,0.9999966621398926,2.493722739416171e-08,8.911753184293048e-07,2.319699433428468e-06,8.50095815962959e-08,2.710232216429631e-08,7.672837365468865e-10
0,0.9999948740005493,1.1336174310372371e-07,2.0571244476741413e-06,2.7700598366209306e-06,1.4001844306221756e-07,4.182242108186074e-08,5.2562301178227244e-09
0,0.9999948740005493,3.2969879271149694e-07,3.646630830189679e-06,1.11982024009194e-06,4.261769959157391e-08,3.987352670264954e-08,2.135326582219932e-08
0,0.9999922513961792,5.482431220116268e-07,4.074611297255615e-06,2.7773107831308153e-06,3.427374508646608e-07,4.384153129421975e-08,3.363498990438529e-08
0,0.9999746084213257,8.116455774143105e-07,1.2942958164785523e-05,9.4040324256639e-06,8.798012913757702e-07,5.1146930246659394e-08,1.3374602758631227e-06
0,0.9999880790710449,3.492999383070128e-07,5.261970272840699e-06,6.021147783030756e-06,1.2316124298195064e-07,4.234281902881776e-08,4.337051606739806e-08
0,0.9999734163284302,2.818077575739153e-07,4.681982090914971e-07,1.9409044398344122e-05,6.199576546350727e-06,1.4640357370865331e-08,3.061539359805465e-07
0,0.9999918937683105,1.547452512795644e-07,1.9551887362467824e-06,5.978137323836563e-06,4.6937127962110026e-08,1.6971608118865333e-08,2.952504241093834e-09
0,0.9999955892562866,4.526797425796758e-08,1.058212504290168e-07,3.857122464978602e-06,3.921341260593181e-07,1.584301045909342e-08,1.0728773425228155e-08
0,0.9999803304672241,4.0949026924863574e-07,5.007177605875768e-06,9.459603461436927e-06,4.1482903725409415e-06,4.380038731710556e-08,5.39726670467644e-07
0,0.9999972581863403,1.0964133423385647e-07,6.792269573452359e-07,1.9221261027269065e-06,2.3560845718861856e-08,1.4683214644151121e-08,1.1349614581490641e-09
0,0.999985933303833,8.041159276217513e-07,1.8126287386621698e-06,1.1171802725584712e-05,2.2710264602210373e-07,2.493153772320511e-08,5.739718922370685e-09
0,0.9999885559082031,1.1052354693674715e-06,2.7635037440632004e-06,7.499462299165316e-06,9.270549128359562e-08,2.0213347440289908e-08,1.6184516837824958e-08
0,0.9999853372573853,7.207336238934658e-07,9.135859727393836e-06,4.629117484000744e-06,4.5221252520377675e-08,8.604037304849044e-08,2.499380080678293e-08
0,0.9999767541885376,5.3197695706330705e-06,8.344744856003672e-06,9.314670933235902e-06,1.5448308943177835e-07,5.058733165697049e-08,1.0103470060585096e-07
0,0.999951958656311,7.064015790092526e-06,1.2014759704470634e-05,2.8367330742185004e-05,3.203022345132922e-07,3.4684475735957676e-08,1.9636998160876828e-07
0,0.9999624490737915,1.821717205530149e-06,4.871659257332794e-06,3.072213803534396e-05,1.0517966586576222e-07,1.3487670535994312e-08,2.5696943239950087e-08
0,0.9999749660491943,4.228097168379463e-06,4.560476099868538e-06,1.603322925802786e-05,9.799514799624376e-08,2.0868311523258853e-08,1.363973325396728e-07
0,0.9999802112579346,3.8551729630853515e-06,1.973844518943224e-06,1.3711902283830568e-05,9.730262462426253e-08,1.8118006650524876e-08,5.94546101240212e-08
0,0.9999058246612549,9.96607468550792e-06,1.0050812306872103e-05,7.349710358539596e-05,3.648885069651442e-07,9.768494635409297e-08,1.7695190024369367e-07
0,0.9999812841415405,1.5202776921796612e-06,1.340011294814758e-06,1.588760642334819e-05,5.870789721029723e-08,9.692628921698088e-09,2.675827737164127e-08
0,0.9999561309814453,1.89911645520624e-06,1.749347916302213e-06,3.986413503298536e-05,2.720440193115792e-07,4.302966161162658e-08,3.989061880815825e-08
0,0.9998968839645386,2.553016429374111e-06,4.395139967527939e-07,9.95602531475015e-05,4.925324219584581e-07,1.000159866038075e-08,1.133617200110848e-08
0,0.9999654293060303,1.1256998959652265e-06,1.02062223561461e-07,3.234634641557932e-05,9.059030503522081e-07,8.405419471557707e-09,8.655380412392333e-09
0,0.9999663829803467,9.700224836706184e-07,3.101357037849084e-07,3.2093583286041394e-05,2.6904794481197314e-07,7.263559975712042e-09,5.218919074678752e-09
0,0.9999812841415405,1.2819853623113886e-07,5.0123759365305887e-08,1.8454515156918205e-05,1.5432212308041926e-07,1.3480073723926012e-09,4.267710351779641e-10
0,0.9999973773956299,1.07764194012816e-07,2.0031095004924282e-07,2.218582267232705e-06,1.0404177075429288e-08,2.8882816138775524e-09,1.9660628680640002e-10
0,0.9999899864196777,8.435294063247056e-08,1.824704099817609e-06,8.156648618751206e-06,3.9414791430658624e-09,4.415602550267295e-09,2.6988061785360173e-10
0,0.9999982118606567,5.045295665695448e-07,3.857551789110403e-08,1.0180731351283612e-06,7.128669210487715e-08,3.3951454980751805e-09,9.451664340076604e-08
0,0.9999988079071045,5.307362584971997e-07,5.929524249381757e-08,5.30680608790135e-07,2.464957127301659e-08,2.941036303383271e-09,7.254356404473583e-08
0,0.9999979734420776,2.3485767997044604e-07,1.3793298059283643e-08,8.85846645815036e-07,1.5515180962211161e-07,5.183864004720817e-09,8.466539611617918e-07
0,0.9999991655349731,1.889588574499612e-08,1.1289787993362665e-09,3.6842044437435106e-07,2.758426091986621e-07,1.3966655609820577e-09,1.790898238596128e-07
0,0.9999998807907104,1.927446824367962e-08,1.9049442911978076e-08,1.2624921907899989e-07,1.0475569744983204e-08,3.4433129680877528e-09,7.385889122524247e-10
0,0.9999996423721313,5.7306120737621313e-08,2.803556675701202e-08,8.251199545838972e-08,2.2337806626637757e-07,6.015749676180349e-09,3.1303910574820293e-09
0,0.9999988079071045,5.5948795818494546e-08,2.2567112978322257e-07,4.81132929053274e-07,3.384243996151781e-07,1.9017436514445762e-08,3.654375024808587e-09
0,0.9999992847442627,4.7482785703323316e-08,9.990729665787512e-08,1.3341396254418214e-07,2.1732458321821468e-07,4.3376296332553466e-08,1.2290402651160548e-07
0,0.9999994039535522,2.5862815888899604e-08,2.4703373924239713e-07,3.5404582376941107e-07,3.726149699900816e-08,2.1252434478924442e-08,1.87122584094368e-08
0,0.9999994039535522,1.1071220384906155e-08,5.434042904539638e-08,5.413809844867501e-07,1.3096191686656766e-08,3.694683448074443e-09,7.706886795411094e-10
0,0.9999998807907104,2.2621589046423196e-09,3.472294096695805e-08,1.4632125555635866e-07,1.1281211520497436e-08,4.7321133678224214e-09,9.244564558308355e-10
0,0.9999991655349731,3.383959423786109e-08,1.160487670404109e-07,6.543041308759712e-07,2.0404723244382694e-08,4.406826015213028e-09,1.2792376935522043e-08
0,0.9999998807907104,8.559450925815781e-10,4.259605290712898e-08,1.7600632418179885e-07,1.1606168248690096e-09,1.454105058584787e-09,1.71454697661666e-10
0,0.9999988079071045,5.1162092340462095e-09,2.8035879040544387e-07,7.724428883193468e-07,4.0571652704102235e-08,1.258643749224575e-07,1.3305712087685606e-09
0,0.9999994039535522,3.625074240787285e-09,1.3903866147302324e-07,2.71556274356044e-07,6.760014770179623e-08,7.821320480161376e-08,2.8943538676884373e-09
0,0.9999996423721313,8.214505464732014e-11,1.1553119350082852e-08,2.495629871646088e-07,1.4278966453673547e-08,7.361619935863928e-08,4.7280970250085375e-09
0,0.9999997615814209,7.169873635776147e-12,6.792429285695789e-09,2.3817942462756037e-07,1.7719311573571872e-09,1.9797253614228794e-08,6.181188894061052e-10
0,0.9999995231628418,7.928400991286111e-11,3.3612529648507916e-08,2.166963071204009e-07,2.1304465747107315e-08,2.0285183666146622e-07,2.4779871488078697e-09
0,0.9999984502792358,6.436007976562408e-11,3.3971236490515366e-08,1.5283399079635274e-06,4.054500735151123e-09,3.853140384535436e-08,4.845036816192305e-09
0,0.9999953508377075,2.186014480543008e-09,3.2324859944310447e-07,3.4210222565889126e-06,8.358001224451073e-08,3.432943174175307e-07,3.530648768901301e-07
0,0.9999983310699463,6.158829696234491e-11,1.2285948969292804e-07,6.66936273319152e-07,2.1141632444710012e-08,9.162324090539187e-07,8.07036837358055e-09
0,0.9999960660934448,2.059297732337484e-10,9.064281414339348e-08,1.66706922755111e-06,1.3721590619297785e-07,1.982760295504704e-06,3.709379248206801e-09
0,0.999994158744812,3.890536851014481e-11,1.2287549111533735e-07,1.4635106708738022e-06,5.975807937375066e-08,4.1284761209681164e-06,3.713336083066565e-09
0,0.9999948740005493,4.5631198819506835e-10,1.782337193390049e-07,3.4589143069752026e-06,1.4541991788519226e-07,1.2937795190737233e-06,1.3662884157383814e-08
0,0.9999943971633911,1.771725655075329e-09,1.7618943104480422e-07,3.5900350212614285e-06,1.8135975210498145e-07,1.521691615380405e-06,1.4918581925371655e-08
0,0.9999983310699463,1.0482198442574031e-10,8.598719603014615e-08,6.982630225138564e-07,1.1627427021210224e-08,8.73797375788854e-07,1.3373052665244245e-09
0,0.9999904632568359,3.2461813792572514e-10,5.793944524157268e-07,6.494909143839322e-07,4.348716942104147e-08,8.333543519256637e-06,2.8096214244044404e-09
0,0.9999827146530151,2.813148047842162e-10,1.62245640922265e-07,1.9514229734340915e-06,2.905672147335281e-07,1.4832205124548636e-05,3.721073227325178e-08
0,0.999982476234436,6.311715594620182e-10,9.495564654571353e-07,1.2684228067882941e-06,1.640200792962787e-07,1.52024113049265e-05,1.1450953074643166e-08
0,0.9999960660934448,2.1930153248916895e-09,8.142983460857067e-07,6.654944399997476e-07,3.012520721767942e-08,2.451557293170481e-06,4.00430577585098e-09
0,0.9999951124191284,1.6645630296352465e-07,2.4541818675061222e-06,1.2038279919579509e-06,5.988456308614332e-08,9.342648468191328e-07,6.491276138831381e-08
0,0.999998927116394,1.5776508988096793e-08,7.398858770102379e-07,1.7317698564056627e-07,7.0327570433903475e-09,1.1224181406532807e-07,4.131396114104291e-09
0,0.9999967813491821,3.4599949572111655e-07,6.036013360244397e-07,1.3955326494397013e-06,3.471846099500908e-08,1.0550999007818973e-07,8.661878041493765e-07
0,0.9999833106994629,3.5949952348346415e-07,1.4314080544863828e-05,1.00149009085726e-06,5.724706397813861e-08,8.428680189354054e-07,2.2562782930890535e-07
0,0.9999947547912598,2.3223321932164254e-07,3.1551851407130016e-06,1.4246335240386543e-06,6.469790747587467e-08,2.2821801337613579e-07,7.815915381570449e-08
0,0.9999946355819702,1.307539463368812e-07,2.158620418413193e-06,2.7726889584300807e-06,1.1969125068844733e-07,2.405637644642411e-07,1.966149554277763e-08
0,0.9995086193084717,1.3817210856359452e-05,0.0003210088179912418,0.00014825293328613043,4.818946877094277e-07,3.3975395581364864e-06,4.3990912672597915e-06
0,0.9998788833618164,5.926428002567263e-06,8.266368240583688e-05,2.7100979423266836e-05,3.274053312907199e-07,2.742162678259774e-06,2.319032546438393e-06
0,0.9999397993087769,1.446545752514794e-06,2.548362135712523e-05,3.1335312087321654e-05,1.1750439199431639e-07,7.132268251552887e-07,1.0647682984199491e-06
0,0.9999498128890991,2.802714334393386e-06,3.8884013520146254e-06,3.908255894202739e-05,3.807282382695121e-07,3.2490186185896164e-07,3.769961040234193e-06
0,0.999969482421875,2.6665413770388113e-06,6.758104973414447e-06,1.7359039702569135e-05,2.824438070092583e-07,3.133367272312171e-07,3.080645228692447e-06
0,0.9999923706054688,2.484761125742807e-07,2.3415423129335977e-06,4.159915988566354e-06,7.736635154742544e-08,1.5603234260197496e-07,6.514996471196355e-07
0,0.9999006986618042,4.786662088918092e-07,1.28341537219967e-06,9.557838347973302e-05,2.3238906976530416e-07,3.6226794009053265e-08,1.6968717773124808e-06
0,0.9999901056289673,3.790328264585696e-07,1.2922184851049678e-06,7.329907475650543e-06,2.0148048918144923e-07,7.33167553335079e-08,5.812088943457638e-07
0,0.9999988079071045,1.0528926708275321e-07,7.382661237897992e-07,3.63281799309334e-07,1.7686687669993262e-08,4.1103564996092246e-08,2.98981497337536e-08
0,0.9999980926513672,8.836559572955593e-08,5.2628234925578e-07,8.025819511203736e-07,4.336177283903453e-08,4.440462930688227e-08,3.725453723291139e-07
0,0.9999946355819702,1.711978541152348e-07,1.4963720218474919e-07,4.327218448452186e-06,1.1865192561799631e-07,9.086003949221322e-09,6.230116014194209e-07
0,0.9999940395355225,6.057513957102856e-08,2.3804385307357734e-07,5.2042601055291016e-06,8.106267301855041e-08,6.036255051355965e-09,3.6294136407377664e-07
0,0.999991774559021,7.501459720060666e-08,8.750212998620555e-08,7.415211257466581e-06,1.874648916100341e-07,8.990783229023691e-09,4.242383226937818e-07
0,0.9999833106994629,3.82854295821744e-07,2.8961656539649994e-07,1.4766880667593796e-05,3.57277571083614e-07,1.4602853148915074e-08,9.44774456002051e-07
0,0.9999750852584839,1.0855318350877496e-06,9.442027817385679e-07,1.5293475371436216e-05,6.389447548826865e-07,4.04179161250795e-08,6.975330506975297e-06
0,0.9999336004257202,2.091730038955575e-06,1.0933985095107346e-06,4.412635098560713e-05,3.3065925890696235e-06,8.150644248416938e-08,1.5654470189474523e-05
0,0.9999951124191284,1.2742397359488677e-07,6.523870155206168e-08,4.4551816245075315e-06,6.958652676303245e-08,7.88404008744692e-09,8.444754229230966e-08
0,0.9999940395355225,1.243429892383574e-07,2.1672467198641243e-07,3.507683459247346e-06,4.74550830631415e-07,2.5618376753300254e-08,1.5568559774692403e-06
0,0.9999920129776001,9.107313303502451e-07,6.313838412097539e-07,4.113152499485295e-06,3.1710965231468435e-07,7.283964009729971e-08,1.8931538079414167e-06
0,0.9999741315841675,3.5417481285549e-06,6.918423878232716e-07,1.4015689885127358e-05,3.3104436170106055e-06,5.8799145108423545e-08,4.2507704165473115e-06
0,0.9999712705612183,6.9410225478350185e-06,1.1025381354556885e-06,1.3639578355650883e-05,4.633066964743193e-06,1.3692805111986672e-07,2.210847014794126e-06
0,0.9999786615371704,7.046588507364504e-06,7.363407235061459e-07,8.399020771321375e-06,4.223421456117649e-06,1.735666472768571e-07,8.045166168813012e-07
0,0.9998778104782104,3.245666448492557e-05,5.587352006841684e-06,2.279005821037572e-05,2.666746331669856e-05,8.364247037206951e-07,3.368971010786481e-05
0,0.999915361404419,2.657118056959007e-05,3.34450078298687e-06,2.114975177391898e-05,1.5047434317239095e-05,6.142417419141566e-07,1.801642974896822e-05
0,0.999948263168335,2.6349762265454046e-05,1.5054481536935782e-06,8.136357791954651e-06,6.200567895575659e-06,4.2916889242405887e-07,9.159467481367756e-06
0,0.9999804496765137,5.93902541368152e-06,3.9154076603153953e-07,1.0231119631498586e-05,1.7971686929740827e-06,1.2090355028249178e-07,1.0729623909355723e-06
0,0.9999697208404541,5.6278149713762105e-06,1.3526065458790981e-06,1.613889071450103e-05,2.7378962386137573e-06,3.8075287989158824e-07,4.009357326140162e-06
0,0.9999831914901733,1.2648771416934323e-06,3.6869066661893157e-06,8.435663403361104e-06,6.783079129490943e-07,1.019981141325843e-06,1.6494309420522768e-06
0,0.9999854564666748,1.3880996903026244e-06,2.9615139283123426e-06,6.454201866290532e-06,1.2179345958429622e-06,9.669173550719279e-07,1.6004502185751335e-06
0,0.9999943971633911,3.523830400808947e-07,9.128883107223373e-07,3.4198837965959683e-06,3.7069190739202895e-07,3.929025353954785e-07,1.9206919432690484e-07
0,0.9999752044677734,1.8329354816160048e-06,6.0429301811382174e-06,9.825345841818489e-06,1.4254372899813461e-06,1.6523839576620958e-06,4.000819444627268e-06
0,0.9999767541885376,3.479257657090784e-06,1.6074649238362326e-06,1.246887677552877e-05,2.6067730232171016e-06,3.750741939256841e-07,2.668122760951519e-06
0,0.9999417066574097,4.0280547182192095e-06,4.161979177297326e-06,4.035080928588286e-05,2.9946952508908e-06,5.878594038222218e-07,6.179116553539643e-06
0,0.9999681711196899,3.0384705951291835e-06,1.3432410241875914e-06,2.2512276700581424e-05,3.085216121689882e-06,1.6498928800956492e-07,1.6069852790678851e-06
0,0.9999825954437256,1.965799810932367e-06,1.515121198281122e-06,1.0666295565897599e-05,1.050056425810908e-06,2.454573575505492e-07,1.920357135531958e-06
0,0.9999877214431763,1.2427766478140256e-06,1.3148072639523889e-06,7.376607754849829e-06,8.350023108505411e-07,1.3004718368847534e-07,1.4862006310067954e-06
0,0.9999583959579468,5.168463303562021e-06,4.340930672697141e-07,2.9212083973106928e-05,3.843667855107924e-06,2.6899664717916494e-08,2.9599993922602152e-06
0,0.999993085861206,5.989389819660573e-07,9.472407214161649e-08,5.049209448770853e-06,5.73444253859634e-07,2.2778046115945472e-08,4.7179096895888506e-07
0,0.9999631643295288,3.6839578569924925e-06,3.7910652395112265e-07,2.72911274805665e-05,3.861866389343049e-06,7.190633510845146e-08,1.5975142559909727e-06
0,0.9999489784240723,1.726617665553931e-05,1.098661527976219e-06,2.1505427866941318e-05,4.94951336804661e-06,1.5621674265275942e-07,5.94896209804574e-06
0,0.9998446702957153,5.229443922871724e-05,1.0292550314261462e-06,2.8433567422325723e-05,1.7116173694375902e-05,1.9043190491174755e-07,5.615127520286478e-05
0,0.9999816417694092,1.126380175264785e-05,1.974850860619881e-08,3.7453326058312086e-06,2.2892793367645936e-06,2.403372389991887e-09,1.0809211516971118e-06
0,0.9999808073043823,3.260335461163777e-06,6.865622736995647e-08,1.3826876056555193e-05,1.0972829613820068e-06,1.2010024974529188e-08,9.871087058854755e-07
0,0.9999113082885742,2.394549301243387e-05,4.3963268581137527e-07,3.2953263144008815e-05,1.1196289960935246e-05,6.407372410421885e-08,2.0011539163533598e-05
0,0.9999825954437256,7.086282948876033e-06,2.0451017235245672e-07,6.694540843454888e-06,8.016278911782138e-07,3.5551316557302926e-08,2.5760007247299654e-06
0,0.9999072551727295,5.708247044822201e-05,7.736792326795694e-07,3.847967946057906e-06,9.746246405484271e-07,3.2857244036677e-08,3.0093662644503638e-05
0,0.999985933303833,9.17669603950344e-06,2.509772798475751e-07,1.8668213215278229e-06,4.002169191608118e-07,4.760974903206261e-08,2.3450268145097652e-06
0,0.9960902333259583,0.0009202506626024842,5.651456012856215e-05,0.00026244157925248146,7.352206739597023e-05,4.539472229225794e-06,0.0025924863293766975
0,0.9994827508926392,0.0004074915195815265,1.1111560525023378e-05,1.6627300283289514e-05,5.773723387392238e-06,9.219114076586266e-07,7.533346797572449e-05
0,0.996526300907135,0.002425344428047538,0.00012560264440253377,9.738000517245382e-05,1.2521327334980015e-05,2.756358071565046e-06,0.000810141849797219
0,0.9989840388298035,0.0007878266624175012,7.109638772817561e-06,2.620537270558998e-05,1.423575099579466e-06,1.4007848392338929e-07,0.00019325238827150315
0,0.9999443292617798,3.3440377592341974e-05,3.5000959996978054e-07,9.629046871850733e-06,8.28725944757025e-07,6.807957220189564e-08,1.1372439075785223e-05
0,0.9999855756759644,6.563235729117878e-06,9.451360938328435e-07,4.616170826921007e-06,8.8888349125682e-08,2.147077964309574e-07,1.922915771501721e-06
0,0.9999758005142212,7.09832147549605e-06,1.0813655535457656e-06,4.460954187379684e-06,1.5986522328148567e-07,3.449037535574462e-07,1.1049562999687623e-05
0,0.9989927411079407,2.123064587067347e-05,8.58890143717872e-06,2.541620415286161e-05,1.603109012648929e-06,5.471541044244077e-06,0.0009449761128053069
0,0.9999439716339111,5.059378054284025e-06,1.9440287815086776e-06,1.6414425772381946e-05,1.2485453453336959e-06,3.308223085696227e-06,2.8036401999997906e-05
0,0.9999829530715942,3.790487653532182e-06,4.4929973341822915e-07,7.302949597942643e-06,1.1340218861732865e-06,2.814160779962549e-06,1.5100860082384315e-06
0,0.9999797344207764,1.1864839279951411e-06,3.363182656812569e-07,7.837705197744071e-06,2.0218933514115633e-06,8.392424206249416e-06,4.878100412497588e-07
0,0.9999831914901733,6.43986777504324e-06,6.58028227462637e-07,3.481477278910461e-06,1.7701158867566846e-06,4.209370672469959e-06,1.216086928934601e-07
0,0.9999892711639404,1.345510554529028e-06,1.6651723910854344e-07,2.9182508569647325e-06,1.7508411929156864e-06,4.399893441586755e-06,7.296792858824119e-08
0,0.999955415725708,1.827736741688568e-05,1.0539661587927185e-07,1.0810852472786792e-05,1.2274378605070524e-05,2.9494744921976235e-06,1.2888204992123065e-07
0,0.9999536275863647,3.497734496704652e-06,3.013474270119332e-07,5.33695947524393e-06,7.651850864931475e-06,2.940163540188223e-05,1.8354486996940977e-07
0,0.999969482421875,3.639693659351906e-06,2.7573423722060397e-07,4.087646175321424e-06,6.191598913574126e-06,1.6259091353276744e-05,1.3764265816007537e-07
0,0.9999617338180542,1.179448463517474e-05,6.099889446886664e-07,6.844787094451021e-06,4.327765509515302e-06,1.382571554131573e-05,9.978886055250769e-07
0,0.9998997449874878,2.733870678639505e-05,8.460042408842128e-07,2.8603106329683214e-05,2.0474399207159877e-05,2.228321864095051e-05,7.430084565385187e-07
0,0.9998966455459595,9.77202125795884e-06,1.0471072755535715e-06,2.5604467737139203e-05,1.2585213880811352e-05,5.099345798953436e-05,3.20878416459891e-06
0,0.9997630715370178,0.00018266421102453023,1.285285293306515e-06,2.9120021281414665e-05,1.08045978777227e-05,1.1902401638508309e-05,1.0583806897557224e-06
0,0.999107301235199,0.0005526348832063377,9.930305395755568e-07,0.0002777821209747344,5.5260879889829084e-05,3.367050794622628e-06,2.560906750659342e-06
0,0.9991320967674255,0.0006058080471120775,1.4270252677306416e-06,0.00022959870693739504,2.7576725187827833e-05,1.4899136431267834e-06,1.9908482045138953e-06
0,0.9609723091125488,0.03735503926873207,2.796273838612251e-05,0.0014505385188385844,4.6708708396181464e-05,3.0655739919893676e-06,0.0001443816436221823
1,0.0006260763038881123,0.9993185997009277,7.656699949620815e-07,4.949932190356776e-06,4.314766783863888e-07,5.915034151371401e-08,4.912102667731233e-05
1,0.00011138171976199374,0.9998733997344971,3.0444982712651836e-07,1.7106686982515384e-06,8.401172379990385e-08,5.584335216468617e-09,1.3143479918653611e-05
1,3.7106840409251163e-06,0.9999915361404419,7.955479475185712e-08,2.372803749040031e-07,1.0853933751775457e-08,3.94124233249471e-10,4.387077751744073e-06
1,1.6509058013980393e-06,0.9999947547912598,5.843085659762437e-08,1.7960866216526483e-07,9.263301237183441e-09,2.2039305103138673e-10,3.281167437307886e-06
1,7.653000722029901e-08,0.9999990463256836,2.0981884674142748e-08,2.1773058023200065e-08,2.494978446065943e-09,6.525666118584184e-11,8.939584290601488e-07
1,3.7113716189196566e-06,0.9999908208847046,1.6820605353018436e-08,8.863401745884403e-08,3.590631436622971e-08,8.22948723055994e-11,5.266915195534239e-06
1,7.2258126238011755e-06,0.9999902248382568,1.039507768751946e-08,3.02508986749217e-08,8.123292616346589e-08,7.980031219156913e-11,2.4038827177719213e-06
1,8.457201374767465e-07,0.9999988079071045,8.033941512053389e-09,2.740763171971139e-08,2.8251495365338997e-08,9.825861652101864e-11,2.8435587751118874e-07
1,1.0703023889391261e-07,0.9999992847442627,1.2985505115636897e-08,1.1667248500657479e-08,1.1187245796406842e-08,7.974610555239181e-11,6.256867663978483e-07
1,3.142181594739668e-05,0.9999556541442871,3.82209464078187e-08,5.317093041412591e-07,8.502414061695163e-07,1.8322440786811e-10,1.1512979654071387e-05
1,3.0978080189925095e-07,0.9999934434890747,6.996540680148655e-09,2.1261106653014394e-08,4.131604214308027e-08,4.238200415618287e-11,6.213930191734107e-06
1,2.5329617869829235e-07,0.9999942779541016,2.4004766174812175e-08,2.1394797045104497e-08,6.313361922138938e-08,3.3529337639670587e-10,5.439220785774523e-06
1,7.925196769065224e-06,0.9999818801879883,1.1685641787551049e-08,3.26352278534614e-07,1.4708708704347373e-06,2.948674637792692e-10,8.344636626134161e-06
1,8.623667895335529e-07,0.9999597072601318,3.718773911032258e-08,5.2572513453696956e-08,1.7720911955620977e-06,1.6490750986974945e-09,3.757100785151124e-05
1,1.5574597966860892e-07,0.999988317489624,8.620271607640007e-09,1.590911580251486e-08,5.921671686337504e-07,1.6599392693716908e-10,1.0941891559923533e-05
1,1.8685648228711216e-06,0.999980092048645,8.427289976964403e-10,4.0094942477253426e-08,1.238493382516026e-06,2.6271554376400275e-11,1.6794372641015798e-05
1,5.770929419668391e-06,0.9999809265136719,4.350396431984649e-10,3.477702392729043e-08,5.064100037088792e-07,1.8954855046660057e-11,1.2844581760873552e-05
1,1.7779362678993493e-05,0.9999715089797974,6.208276115415856e-09,1.0584373910660361e-07,4.654082772503898e-07,5.992704943391658e-11,1.0142051905859262e-05
1,2.216384245912195e-06,0.999994158744812,1.6561011451088348e-09,1.7720541478638552e-08,7.813675040324597e-08,1.7106000643751784e-11,3.5452526390145067e-06
1,1.6870745866981451e-06,0.9999945163726807,2.0193573480042915e-09,2.3176665919777406e-08,8.245005744811351e-08,1.901979441998325e-11,3.676800815810566e-06
1,4.132891262997873e-06,0.9999815225601196,5.673578828968573e-10,1.0162228392118777e-08,3.50122746795023e-07,2.390231242099805e-11,1.3952220797364134e-05
1,3.8744568087167863e-07,0.9999721050262451,6.040838662624282e-11,5.230468502759322e-09,2.7027925852962653e-07,6.597787854251136e-12,2.7180927645531483e-05
1,1.5031256225483958e-05,0.9999326467514038,2.9275654123139816e-10,1.7491024095761531e-07,4.426360192155698e-06,5.384901205496284e-11,4.7721561713842675e-05
1,3.338261376484297e-05,0.9998624324798584,1.6167318594995095e-09,5.688351620847243e-07,1.7420903759557405e-06,1.414895700602159e-10,0.00010183215636061504
1,3.631189247244038e-05,0.9998251795768738,1.7081838166177477e-09,1.091701506084064e-06,7.119650035747327e-06,2.7351879094972276e-10,0.00013029635010752827
1,3.324854696984403e-05,0.9999428987503052,1.155228246396689e-09,7.041725211820449e-07,2.307484010088956e-06,1.247943970383858e-10,2.087629218294751e-05
1,1.2099530977138784e-05,0.9999752044677734,4.092818028933465e-10,1.808243439427315e-07,1.1130331358799594e-06,3.1731239164001224e-11,1.1397904927434865e-05
1,1.1982280739175621e-05,0.9999744892120361,3.917357827010193e-10,2.6468140390534245e-07,1.2276866527827224e-06,9.739922063323192e-11,1.21126722660847e-05
1,3.834730250673601e-06,0.9999935626983643,1.954263278980406e-10,5.850617412761494e-08,4.5366564904725237e-07,2.5634503200699932e-11,2.169320850953227e-06
1,4.368934696685756e-06,0.9999910593032837,4.065596748148437e-10,8.778726368063872e-08,6.291190857155016e-07,9.734196088073688e-11,3.874299181916285e-06
1,1.79517439846677e-06,0.9999964237213135,1.1602581395653289e-10,3.47532989053434e-08,2.0942117373579094e-07,2.4114503796579534e-11,1.6061435417213943e-06
1,2.6552818326308625e-06,0.9999923706054688,5.990010154555137e-10,7.53668700781418e-08,6.617951839871239e-07,2.091411904769913e-10,4.240802809363231e-06
1,4.798124336957699e-06,0.9999898672103882,4.076952664355815e-10,6.649057127106062e-08,6.599085509151337e-07,1.5824418164722687e-10,4.547402113530552e-06
1,1.3011786904826295e-05,0.999958872795105,3.395275727235969e-10,4.0873356965676066e-07,1.168937501461187e-06,2.2925172871168797e-10,2.6612329747877084e-05
1,2.2530684873345308e-05,0.9998605251312256,4.85898765667514e-10,2.8284105724196706e-07,3.6819396882492583e-06,1.2729994836035985e-09,0.00011304453073535115
1,1.1643474863376468e-05,0.9999741315841675,5.133842240212516e-10,1.979203716473421e-07,1.8477868479749304e-06,1.2246503811041975e-10,1.2148078894824721e-05
1,5.669573056366062e-06,0.999984622001648,3.6987163332113937e-10,6.9159597160251e-08,1.8162643300456693e-07,4.475735060349706e-11,9.408118785358965e-06
1,7.76960496295942e-06,0.9999761581420898,1.1753680251302967e-09,9.830809233335458e-08,1.9117737792839762e-07,4.752374535565984e-11,1.5704106772318482e-05
1,9.298402687818452e-07,0.9999439716339111,5.379134360161686e-10,4.271008435807744e-08,5.203508024465009e-08,9.118724005052758e-12,5.49835640413221e-05
1,1.004305332230615e-07,0.9999547004699707,1.107254565813065e-11,5.619480991647663e-10,7.350093511604427e-08,2.5701398474742287e-12,4.512877421802841e-05
1,2.2037125901874788e-08,0.9999959468841553,3.580185843968242e-12,8.567498793743411e-11,8.488439284803917e-09,2.2347800151222008e-13,3.9832752918300685e-06
1,2.3359937983968848e-08,0.9999938011169434,4.2853706694323535e-12,2.372764484892542e-10,1.2413850392078984e-08,9.947676363197822e-13,6.188296538311988e-06
1,2.549402022822278e-09,0.9999998807907104,7.959548276557926e-13,1.2380590476424036e-11,3.934937709004771e-09,1.0188104158058431e-13,1.585287776606492e-07
1,9.285562874161712e-10,0.9999998807907104,4.660472311887598e-13,8.01317172338667e-12,2.6709863210072626e-09,8.682061959554982e-14,1.0935466576711406e-07
1,2.890542916134109e-09,0.9999998807907104,3.718504670846556e-12,2.0031813013909883e-11,4.32773816783083e-09,1.4731494019440405e-13,1.1248322806522992e-07
1,7.331099727281298e-09,0.9999998807907104,6.119632144779841e-12,2.1815153850024416e-11,6.8109424766760185e-09,9.826775488165976e-14,8.540592943973024e-08
1,1.0590141208410842e-08,0.9999998807907104,9.946376187952577e-12,1.4974344680895868e-11,1.562481699579621e-08,2.808318898608886e-13,1.010397383538475e-07
1,5.442693851165359e-09,1.0,6.786761257149276e-12,2.4778712068296294e-12,3.8223570975048915e-09,2.6913188474683714e-13,2.8546846664312397e-08
1,4.76637063151486e-10,1.0,5.3803814702158e-13,2.4990968496008126e-12,7.663619738806915e-10,7.811431352016535e-14,1.1486372741842388e-08
1,1.2631430623688544e-10,1.0,8.981013767958915e-14,3.738274446940526e-12,1.6997618867975461e-09,3.409744681699342e-14,4.739511449969314e-09
1,2.829906586843123e-10,1.0,5.201691941764119e-13,1.201942712025783e-11,5.053620633077571e-09,1.8676921988147743e-13,3.089542133238865e-08
1,4.867883873771461e-10,0.9999998807907104,2.180686404021359e-12,3.9818266739377606e-11,3.6167675521170395e-09,3.3378123398888904e-13,6.356787451977652e-08
1,1.3404707344122357e-09,0.9999994039535522,1.1099455382579393e-10,1.1615215039784133e-10,1.0489480395392548e-08,1.380419216434614e-11,6.191704642333207e-07
1,2.1180285969535362e-08,0.999982476234436,1.612318833998927e-09,1.8245761568280727e-09,1.457819109873526e-07,1.7411447283954828e-10,1.7357080650981516e-05
1,1.332431338596507e-07,0.9999185800552368,9.477063578344769e-09,5.38825251084063e-09,6.924865374458022e-07,1.774723035197212e-09,8.060780237428844e-05
1,1.8631739706620465e-08,0.9998127818107605,1.382753134215875e-09,9.476078588477321e-09,3.3961123335757293e-07,1.8737171536553632e-10,0.00018693428137339652
1,1.7055894829809404e-07,0.9992828965187073,1.0701410424474034e-08,3.5583131108296584e-08,1.4760457816009875e-06,1.6486818577021722e-09,0.0007154347258619964
6,5.045038520279377e-08,0.0029741511680185795,4.41671277329192e-09,2.5046592355693065e-08,1.4336746971821412e-06,4.200527570219492e-08,0.9970243573188782
6,1.2167043372812714e-08,7.782097964081913e-05,6.799479312924461e-10,1.0416152385062105e-09,1.9066720824412187e-07,8.713258559112091e-09,0.9999219179153442
6,2.3096886181406262e-08,4.689536945079453e-05,1.0196589128597111e-09,6.362231852463651e-10,1.7688735454157722e-07,6.9785315304216056e-09,0.9999529123306274
6,1.1821308376624984e-08,3.1956185466697207e-06,1.4719735430546166e-09,1.5488770266358642e-09,5.459001428675947e-08,1.2202070465150427e-08,0.9999966621398926
6,1.3228223849637288e-08,1.6312034745169512e-07,2.588066427833269e-10,3.339224730058987e-10,1.9503678672094793e-08,7.005519275793404e-09,0.9999998807907104
6,1.3309951363282835e-08,3.340803232276812e-06,2.700631107632745e-10,1.3135523779794767e-09,9.455453664486413e-08,4.906049344555186e-09,0.999996542930603
6,1.2138432481378914e-09,1.2845100982872282e-08,2.1125511062702884e-11,9.990226701450666e-11,1.782223080226686e-08,1.0259150862168553e-08,1.0
6,1.043610264872541e-08,6.145588571371263e-08,1.9681274665561688e-10,1.2612417776836082e-09,2.8566777388050468e-08,2.3354289169219555e-08,0.9999998807907104
6,6.902146854059765e-09,5.9467777369093255e-09,1.1836948088372878e-10,5.738844399694187e-10,3.105357748722781e-08,3.8559623050105074e-08,1.0
6,1.1714746950275412e-09,1.3323231407014191e-08,3.9402668627896986e-11,7.113448718953919e-10,3.6583422513558617e-08,8.792221173337111e-09,1.0
6,4.845505774397907e-09,3.7982714751194635e-09,6.064928420590476e-11,9.421828872646643e-10,5.97896629983552e-08,2.7857753437388055e-08,0.9999998807907104
6,3.9599878931539934e-08,2.1978394215693697e-08,5.148573789526267e-10,6.572505650837002e-09,3.3246271868847543e-07,1.4345361876166862e-07,0.9999995231628418
6,1.9417930374743264e-08,1.6580928630105518e-08,2.82609768920139e-10,1.8065414719714568e-09,2.690977112251858e-07,7.747397035018366e-08,0.9999996423721313
6,4.227039340776173e-08,5.2678139184081374e-08,7.564723292219355e-10,5.6128315328862755e-09,1.114938413593336e-06,2.6799611418937275e-07,0.9999984502792358
6,1.2269806504150438e-08,4.3164440910459234e-08,2.820743638665135e-10,3.6034828454489798e-09,5.075076501270814e-07,1.9418375529767218e-07,0.9999992847442627
6,8.60728910367925e-09,4.4844495050710975e-07,2.6621893578493427e-10,3.3396641008209826e-09,1.36281158802376e-07,3.193595077277678e-08,0.9999994039535522
6,1.213562805801871e-09,4.699913347394613e-08,9.358420982596982e-11,1.9213084456737306e-09,1.4067404663364869e-07,4.320407853697361e-08,0.9999997615814209
6,3.770674883440961e-10,5.22766274713149e-09,1.6302313665672585e-11,4.494661032250491e-10,9.254767618926962e-09,1.730364296292919e-08,1.0
6,1.278629979672985e-10,9.495526587244285e-10,5.3509718357658276e-12,8.415679958462263e-11,5.165339267421132e-09,4.347512128077824e-09,1.0
6,6.960086396112786e-10,2.8797863649288047e-08,5.1174793569419563e-11,2.2706532210037267e-09,3.905075818266823e-09,2.2778627872810375e-09,1.0
6,7.111410071924951e-11,1.542943883769965e-09,1.1088411439041934e-11,1.6351532350356024e-09,1.0129338479103467e-09,1.4060083097788834e-09,1.0
6,2.024331147154612e-09,1.5277699105809006e-07,5.710149575399726e-10,2.802760512565783e-08,3.235669510104344e-08,3.465571296601411e-08,0.9999997615814209
6,2.1951991868718324e-07,1.7543967260280624e-05,8.424287756270132e-08,3.0096694558778836e-07,3.1911902169667883e-06,1.0141944812858128e-06,0.9999775886535645
6,1.8523115841162507e-07,4.026046553917695e-06,5.111045808803283e-09,8.444671379947977e-07,6.248372301342897e-06,1.4047847685105808e-07,0.9999885559082031
6,2.0204502959586534e-07,4.830467901228985e-07,4.066810532776799e-08,6.147307658466161e-07,2.777283498289762e-06,1.052960442393669e-06,0.9999948740005493
6,6.05317111990189e-08,2.0413524737250555e-07,6.404603425380628e-08,2.0434415546333184e-06,9.164592142951733e-07,7.761778988424339e-07,0.9999959468841553
6,7.52817630456093e-09,2.3329267406779763e-08,1.5391634633488138e-09,5.940385605640586e-08,7.747102159783026e-08,2.8661355955250656e-08,0.9999997615814209
6,6.634216787038127e-11,3.4374074697751666e-09,6.394000606757544e-11,7.0606396285199935e-09,6.533114049744881e-09,8.690281272372147e-10,1.0
6,1.0246345438780224e-11,1.6428843840898821e-09,3.6185772260555193e-12,1.613570665970343e-10,3.4403198068133634e-09,1.0248030896109483e-10,1.0
6,5.901965548227306e-12,3.7219716197967045e-10,7.313758106086699e-12,7.699731824351019e-11,8.479283053475228e-09,2.5906746192738694e-10,1.0
6,5.918050771658301e-12,1.0764577423882926e-10,1.0232200286716675e-12,7.141490870887779e-11,6.27253671225958e-09,1.9058244565828275e-11,1.0
6,9.210074109616828e-13,4.1107239140414364e-11,8.128466432930082e-13,1.1179648873316239e-10,9.059817784873303e-09,4.3378332176269296e-11,1.0
6,7.67005274397714e-14,1.1029344755206227e-12,5.106859894818058e-15,2.634272661117265e-11,1.2386910386297245e-09,2.0381478622877314e-12,1.0
6,3.990876029712036e-14,1.1087940461618206e-12,2.233056887527272e-15,1.3621898747873118e-11,7.631081544445806e-09,6.3216029633217374e-12,1.0
6,7.392721451551874e-15,9.857004535512859e-13,1.0548414694348286e-15,5.366517993876663e-12,2.4276876064988073e-09,4.818715738930113e-12,1.0
6,3.5123946987529594e-15,6.283061093972919e-13,4.222266277369391e-16,3.8790728441873146e-12,2.850934155418372e-09,1.814495819221773e-12,1.0
6,3.597321398418228e-15,6.194695364308833e-13,3.8036745062371364e-16,7.0330490563319525e-12,1.6281946901841593e-09,2.968928488472633e-12,1.0
6,6.333230110049798e-14,7.312888901205017e-13,3.3575646992913986e-15,2.7908397814968566e-11,2.2269812660624666e-09,7.951935984684688e-12,1.0
6,7.198702896803189e-13,7.928688088021385e-12,1.515702981961381e-13,2.1804019700866206e-10,1.978781138944896e-09,4.4687920031094563e-11,1.0
6,1.6722695344900847e-14,6.355983989993208e-13,6.186754481250301e-15,2.57457527519378e-11,1.5406756426195045e-10,9.486520076429361e-12,1.0
6,8.811720172703218e-15,7.456795597660104e-13,1.7526126000645811e-15,2.5171559715070346e-12,5.854656759396448e-10,1.0387790454202683e-11,1.0
6,1.2342558590366167e-15,1.2412901923778558e-13,3.193717875287638e-16,6.538685608584172e-13,5.911411360415286e-10,3.9910479435190105e-12,1.0
6,1.484628422091384e-15,1.4611667995337307e-13,3.2622041948422926e-16,3.2794337449619515e-13,5.929536306403804e-10,1.8563141475358425e-12,1.0
6,3.949694304256068e-15,1.0820145777620804e-12,1.3423965554125732e-15,2.4703760630011284e-13,1.6942335312464252e-09,4.299626193277062e-12,1.0
6,1.59365500905105e-15,3.7243661930516647e-13,2.2327918191543405e-16,1.5724484973660136e-13,1.1851503112225714e-09,1.2879568288617915e-12,1.0
6,2.080613276339658e-14,3.817403858297208e-12,4.6657513939093835e-15,2.1056711062283906e-12,1.422546525020607e-09,9.298492531506497e-12,1.0
6,8.091056070849787e-15,1.8683626694382394e-12,1.856169577646471e-15,3.716370527290236e-12,6.709056643572353e-10,5.125193672239625e-12,1.0
6,5.706937336981757e-14,4.325842201807761e-12,2.6400115376949956e-15,3.916955301774827e-11,4.098436701127639e-09,1.2588733007412589e-11,1.0
6,3.79685025824264e-14,1.2802272263134906e-12,1.3505119780802166e-15,3.0070567563766915e-11,1.4416807747608118e-09,5.153719465078588e-12,1.0
6,5.2201962912924726e-14,3.259934206259474e-12,1.9634695938222776e-15,1.154850798323892e-10,4.256947239156261e-09,3.877711519939542e-12,1.0
6,1.660785766723072e-13,3.0539902204362868e-12,2.7158876903188517e-15,5.120156520987962e-10,5.707736061566493e-09,1.0365089862796051e-11,1.0
6,8.7802500188007e-14,1.768201687499249e-12,1.4208637818220802e-15,3.788647173763593e-10,8.004034768305246e-09,2.0902425623692267e-11,1.0
6,9.525419461444556e-14,6.276329824785043e-13,6.584305265758489e-16,3.5323571845324864e-10,2.9022664271849408e-09,1.389493901882144e-11,1.0
6,3.1356923893381683e-13,1.2185945611961624e-12,2.1954446012626815e-15,3.4975691787231256e-10,5.80646197789747e-09,2.5340993192735084e-11,1.0
6,3.7260481294343686e-14,5.632819514642118e-13,1.2357298816532963e-16,7.742140262223529e-12,8.406207285815981e-09,6.579397617001437e-12,1.0
6,1.2542464083390575e-13,2.629221493299916e-12,2.764195938064455e-16,5.885274906303195e-11,1.3945937737958047e-08,6.367102591692264e-12,1.0
6,1.668000827249102e-14,2.343939278781626e-12,2.558287787240651e-16,2.5622349728027238e-11,1.5006241804726983e-09,2.8861481347203233e-12,1.0
6,5.521076624310714e-14,2.2442130619138023e-12,7.872539675787425e-16,6.024518384162292e-11,3.834418060844058e-10,1.460075550047124e-12,1.0
6,7.668323102698847e-15,9.397083805540163e-13,1.3893305716105952e-17,2.9452638244942264e-11,5.971071553867446e-11,1.9527677814611816e-13,1.0
6,5.1973260629034276e-14,4.256731772622757e-11,8.556651658988873e-16,4.6187005608988585e-11,7.036517479797055e-10,8.202167244009129e-12,1.0
6,3.590783405208256e-14,9.98717844535868e-11,3.1250971421921663e-15,1.5026856148292467e-10,1.2587809683495266e-09,4.8906639155132936e-11,1.0
6,1.107791023627e-14,4.457997165863148e-11,4.651871488519201e-15,9.823962476840364e-11,3.1818103707337286e-10,7.513754202159717e-11,1.0
6,3.566196325738421e-15,2.4051706806749173e-11,1.9919100749851004e-16,6.33167867095108e-12,9.443648640861113e-11,5.908035779350618e-12,1.0
6,3.3381544734369453e-14,1.0388667703864485e-10,1.1711003413355072e-15,1.9492641875618055e-11,5.208630193820341e-10,6.53559671659476e-12,1.0
6,8.713009705887281e-16,8.463661195501349e-12,5.134825395638263e-18,1.0312039850496335e-12,3.703206352678734e-10,4.9068212058626937e-14,1.0
6,7.475385937973263e-15,6.7223583470610304e-12,4.3263698029604965e-16,6.525183605249341e-12,4.525931573962083e-10,2.5143380216405276e-13,1.0
6,1.011005515416663e-13,2.20933236982912e-11,5.547042927528563e-14,1.8047675853782863e-10,3.363106459985943e-09,1.105764004666332e-11,1.0
6,2.319818328318929e-13,5.2549462177531314e-12,1.704598410394529e-14,3.20831798628074e-11,5.569383620951385e-09,6.027630217869673e-12,1.0
6,1.471712291964411e-12,1.4459477018502476e-11,3.197849428836219e-13,1.823817485924195e-10,4.452775481667004e-09,2.1946116798843285e-11,1.0
6,3.722166238423474e-12,2.1878462930224885e-10,2.4017266040538e-12,1.6065512253859993e-09,1.653443715277092e-09,4.311380072397064e-11,1.0
6,1.1859500881339358e-10,1.323932519170512e-09,7.963227299789821e-12,1.0032475294963206e-08,4.300004263768642e-08,6.709423988615626e-11,1.0
6,2.181772557757755e-12,2.8914076688479895e-10,2.462651122522169e-13,8.559546821329533e-11,2.1485488943540076e-09,1.817700850947901e-11,1.0
6,2.4520786876675027e-12,5.511019418591445e-10,4.1506801793343706e-13,6.318520012760231e-11,9.894278729660755e-10,9.258302458015066e-12,1.0
6,7.868082921302921e-12,5.617688536574406e-10,1.8034685073456402e-12,8.048053889986306e-11,3.986678986933612e-09,4.382123483526179e-11,1.0
6,3.969655854030307e-11,1.5582518608781015e-09,1.7761044371344958e-12,2.7745364339359924e-10,2.9202695372987364e-08,7.289584214031919e-11,1.0
6,5.980691636375823e-11,4.405804165941163e-09,3.113684006808559e-12,1.3771053186673043e-09,4.952343601871689e-08,5.193202118336515e-11,1.0
6,9.704860526316139e-11,8.92636897731336e-09,5.02701179294629e-12,3.731069064816239e-10,7.778789523626983e-08,4.34221200662499e-11,0.9999998807907104
6,9.75087510735051e-11,1.8739873652862116e-08,3.880981473691758e-12,1.3686229927145632e-10,2.8057948497917096e-07,5.116443033137408e-11,0.9999997615814209
6,2.5524532140663858e-11,1.7117406159172788e-08,6.532871574434218e-13,1.0256470672764806e-10,8.41283281260985e-07,4.197429903651795e-11,0.9999991655349731
6,7.694939303803938e-12,1.0412102291468273e-08,8.001432361733757e-14,3.5027265810061436e-11,3.681733176108537e-07,1.351014005529505e-11,0.9999996423721313
6,1.494769030774279e-10,2.197294080019674e-08,3.590373441261785e-12,9.013132462598605e-10,7.234755798890546e-07,1.6763113119822037e-10,0.9999992847442627
6,2.7330623875165827e-10,4.609095682894804e-08,1.169381258492308e-11,2.2106951824696353e-09,4.2519633325355244e-07,1.0859066978952114e-09,0.9999995231628418
6,4.961130395386704e-10,6.3740248634758245e-09,4.047455773315001e-11,1.456403220245761e-09,7.183577821479048e-08,2.1278554473980194e-09,0.9999998807907104
6,3.460282754774724e-11,4.73949102186566e-10,1.879112967659302e-12,1.2951717476283875e-09,3.3661819998087594e-08,3.1129807065433113e-10,1.0
6,2.060193127206844e-10,1.6627920151890407e-09,9.140599735446564e-12,7.853459216278225e-09,2.240798551156331e-07,2.814308341925198e-09,0.9999997615814209
6,8.962731667949697e-10,1.1501023466919946e-09,1.600816007529815e-11,8.493114656005218e-09,7.762825475765567e-07,2.138539478835355e-08,0.9999991655349731
6,6.35235641865961e-10,2.1588578147380133e-10,2.909029267472718e-11,4.741752768211427e-09,2.001798691253498e-07,3.4161274697908084e-08,0.9999997615814209
6,6.1389533456690515e-09,6.181719580666822e-10,8.470514845093646e-10,1.3786430663742522e-08,7.21480191145929e-08,9.393934163881568e-08,0.9999997615814209
6,1.5245346096648404e-09,2.3097851756248566e-11,4.082532228943947e-11,1.2674540306178983e-09,4.1789762761368365e-09,1.2390933612493882e-08,1.0
6,5.504852684801165e-10,3.879369048220838e-12,1.237284927291249e-11,2.7998839358112093e-10,3.994326536194137e-10,1.875206212531566e-09,1.0
6,2.8190099143898806e-09,2.6382398002344765e-11,4.3535234445224447e-11,1.0578024012275478e-09,5.689071436165705e-10,2.7242852418396524e-09,1.0
6,1.549027017766491e-09,4.7849224582563465e-11,6.321799334019218e-11,1.902046076196484e-09,5.02253183487511e-10,4.83095341508033e-09,1.0
6,2.8993599188176233e-10,2.97260167869684e-11,2.988347199903152e-12,3.8945710545412737e-10,5.518424051054183e-10,6.507032135338875e-10,1.0
6,8.812368612609589e-09,2.3280632976963034e-09,1.1057835203054367e-10,7.773684806977599e-09,3.732112219267947e-08,5.038145012292716e-09,1.0
6,1.958030404480837e-09,1.6580355977069416e-09,4.085679364274064e-11,8.758027192357076e-09,8.339898549536429e-09,1.8132046974983496e-09,1.0
6,1.080523404084488e-07,3.377086343903102e-08,1.0796611382701826e-09,2.6700330835183195e-08,4.3255283799226163e-07,6.210441227949559e-08,0.9999992847442627
6,6.627621118582283e-09,5.44461453699796e-09,7.415330849358526e-11,1.8999367412675383e-08,8.961225006487439e-08,5.1184603222509395e-09,0.9999998807907104
6,3.6047778095849026e-09,2.5441899698108728e-09,2.934241738472565e-10,1.0249135762308015e-08,2.4930699282776914e-08,1.2864936671519445e-08,1.0
6,1.2910800206711315e-09,2.3702431128924673e-09,1.7144491382126148e-10,6.5594090159493135e-09,3.0425757469032533e-09,2.1284565221435514e-09,1.0
6,6.611683978086091e-10,2.4765329786902157e-09,3.671935810967142e-10,5.091945531887632e-09,2.421610911795824e-09,1.7474217628432598e-08,1.0
6,1.9474628853988207e-10,2.4760640759957653e-10,2.4946168394879287e-11,2.556365119588122e-09,1.3986927172027208e-09,2.1044617160015378e-09,1.0
6,1.8420526215479072e-10,5.006807746177344e-10,2.918962294096161e-11,2.233072171620165e-09,7.663283341230454e-10,1.2135978888494492e-09,1.0
6,1.4950902738064542e-09,4.869871728097053e-10,2.0158872834907804e-11,3.4995595310505223e-09,2.071238514034235e-09,1.236002966642502e-09,1.0
6,1.240041491712418e-08,4.914382678578022e-09,1.912390801273034e-10,2.2520129761005592e-08,1.6018891102476118e-08,7.671915547291519e-09,1.0
6,2.5606610165596067e-08,7.2159700437168794e-09,2.5954818849704964e-10,3.0764233827085263e-08,2.181023894820555e-08,8.150932373496289e-09,1.0
6,2.7283046932780053e-09,2.9261395528834555e-09,1.3930850917276416e-10,2.610134863800795e-08,7.193227791191248e-09,3.155425698508907e-09,1.0
6,1.654175574294925e-09,4.9185366890469595e-09,4.0103708548455685e-11,2.2696585944004255e-08,7.233690979546736e-09,1.62747426646348e-09,1.0
6,2.4537429865745253e-09,4.732104930127434e-09,3.771234019511738e-11,1.4194845299186909e-08,5.453022478008052e-09,2.047674030336566e-09,1.0
6,3.3656215592259286e-09,2.7786962064624277e-08,1.272137256647099e-10,4.8568058019782256e-08,2.0088815944063754e-08,3.5671390286040605e-09,0.9999998807907104
6,4.3447765385451476e-09,1.2265346072126704e-08,2.2047409731218437e-10,2.4099730211446513e-08,1.10087707838602e-08,4.364743677598426e-09,1.0
6,4.217306948106625e-09,8.118194116946142e-09,7.791875478169175e-11,1.9883577451196288e-08,1.6488089116251103e-08,4.135090048151824e-09,1.0
6,1.223137258143936e-09,2.862731385278039e-09,2.1956542486933905e-11,1.200762067554706e-08,1.675489613717218e-08,1.8630350595572054e-09,1.0
6,2.6076900638827283e-09,3.702374629099836e-09,1.7078944161696974e-11,8.867233169951305e-09,2.4954152522127515e-08,1.7437851163037976e-09,1.0
