6,5.711683209730367e-11,6.248699335742458e-10,9.41100756352009e-12,3.869427889213739e-09,3.4582805508165393e-09,8.19301604337852e-09,1.0
6,1.2137656331401292e-11,1.0833434843648959e-10,2.6419849381148497e-12,2.2476263072945812e-09,1.5675823972216563e-09,4.371033757166742e-09,1.0
6,1.8457447376052372e-11,2.2793479603766542e-10,8.479141000439228e-12,4.3277963435173206e-09,2.6403668140773107e-09,1.2395378057306061e-08,1.0
6,2.1050376719511377e-11,1.5767936956123663e-10,6.418631251503548e-12,2.83869305839346e-09,2.133647036828279e-09,8.132934325999486e-09,1.0
6,1.774469807203083e-11,6.200967517244749e-11,3.036321628152594e-12,1.9443719967426887e-09,1.6218283382940513e-09,5.1729016625756685e-09,1.0
6,2.8502625606940946e-11,2.438815815963835e-10,1.0008530462735088e-11,4.575399170647643e-09,3.454107888600788e-09,1.2306167640474541e-08,1.0
6,1.6772999655856324e-11,4.94900509462326e-10,6.4966959763268495e-12,2.621688866000227e-09,3.5606615433891875e-09,6.2747029794252285e-09,1.0
6,2.854680207498017e-11,3.192765218873461e-10,1.2223407182265777e-11,4.469282277597131e-09,3.2033928842878368e-09,5.975293149163008e-09,1.0
6,6.299687160815637e-11,7.505593369039332e-10,4.61830400311225e-11,1.1510254971369704e-08,7.2012169560764505e-09,1.0905176317521637e-08,1.0
6,5.563135022090826e-11,4.130941699820312e-10,1.5325067603821907e-11,7.1683823321677664e-09,5.236584499357377e-09,6.635564986368081e-09,1.0
6,2.249013475452699e-11,2.0647450416078073e-10,4.155886572376755e-12,2.4504225315524764e-09,5.526326951610372e-09,3.2249971582132275e-09,1.0
6,3.1467300553450483e-12,3.2322602927514765e-11,2.8668891262698115e-13,4.68773353468066e-10,1.2625801515397939e-09,6.244708083968931e-10,1.0
6,5.7610804148067185e-12,5.6244189861054394e-11,2.4132798624038054e-12,2.1433832486650317e-09,1.0408943706963214e-09,2.4020190281248688e-09,1.0
6,1.6243837872020883e-11,2.206831939410847e-10,1.2540204118172138e-11,7.0870709301118495e-09,1.4686691862664247e-09,8.685034025290861e-09,1.0
6,1.208093087373685e-11,1.9244769666748596e-10,1.0573636584354507e-11,6.014524434050372e-09,9.248445342890932e-10,6.5349086142418855e-09,1.0
6,1.0785020446157922e-11,2.923259412312973e-10,8.293091040278977e-12,5.0349751035128065e-09,1.2899009638189796e-09,8.393086226021751e-09,1.0
6,5.117476754856742e-12,3.5594577285635864e-10,2.8770902760905104e-12,4.221210048171997e-09,6.179552425322754e-10,6.750004999389603e-09,1.0
6,3.074657065407771e-12,1.3795573017283402e-10,1.0573529898860734e-12,2.026158574253145e-09,3.7220992954445364e-10,3.0555329377790486e-09,1.0
6,4.513918318987953e-12,8.710988180782309e-11,1.0899456250740291e-12,2.8867526147280387e-09,7.562455661691558e-10,4.229866235050395e-09,1.0
6,1.3885136096458695e-11,2.3541299465357213e-10,4.385758683306262e-12,5.989932994054925e-09,3.725830310941092e-09,9.585442661830257e-09,1.0
6,4.851956683649128e-11,4.5385181723922585e-10,5.639960720671411e-12,2.0040978654378705e-08,1.2993713660591766e-08,2.128412823765302e-08,1.0
6,2.4972112919185996e-11,4.2403247579869685e-10,6.672942363603052e-13,8.365468318061176e-09,1.508418812079526e-08,3.088721722832588e-09,1.0
6,3.173771662146052e-11,9.823348801063503e-10,5.695924417889464e-13,4.582982882084252e-08,4.356861538212797e-08,1.445905062347208e-09,1.0
6,9.089470495715624e-12,4.1382913762433304e-10,1.5647265384430287e-13,1.501787494362361e-08,1.6285712334251912e-08,1.4017285943079827e-10,1.0
6,1.1046764891720073e-10,1.2591558906649425e-08,6.1579426453850505e-12,8.018552932753664e-08,1.0187959276208858e-07,1.1825577184154668e-09,0.9999997615814209
6,9.335420457501353e-12,2.1332604571711045e-09,3.122456503426574e-12,4.234509987099955e-08,7.006896396433149e-09,1.0070756450986096e-09,1.0
6,7.360879267226395e-11,8.433939768792698e-09,2.0058074992612696e-11,2.6413565024085983e-07,1.5820850407521903e-08,1.6445423911548573e-09,0.9999997615814209
6,2.3424313599917923e-09,2.3392392733967426e-07,1.2617659139735338e-09,1.7575846413819818e-06,2.8635523108277994e-07,3.016320349047419e-08,0.9999977350234985
6,1.7428065934854686e-10,1.2705380747490835e-08,1.3841558108018681e-11,1.6069313346633862e-07,5.9293949306038485e-08,1.726934151236037e-09,0.9999998807907104
6,1.4874038112289156e-10,1.5223122318275273e-08,4.1651807003439956e-11,1.941536851290948e-07,2.3120581005287022e-08,2.572025037395065e-09,0.9999997615814209
6,4.3676537386794223e-10,3.1594783678201566e-08,1.6083038234526725e-09,2.575581902419799e-06,1.642439251270389e-08,3.580868224162259e-08,0.9999973773956299
6,7.722140260568722e-09,3.581446890166262e-07,9.637617814917121e-09,4.394029019749723e-06,1.3261809783671197e-07,6.183270784276829e-07,0.9999945163726807
6,1.5903112160486899e-09,8.696562048271517e-08,2.0491361940599973e-09,1.2337006864981959e-06,4.7425359639419185e-08,1.7044912681285496e-07,0.9999984502792358
6,1.8313042748907549e-10,2.9256487010798082e-08,6.852949319124946e-10,2.964249858905532e-07,6.645721306597352e-09,2.1963481700026932e-08,0.9999996423721313
6,1.1512021197424005e-10,1.6735729246875053e-08,3.44065914648084e-10,1.1313917269717422e-07,3.003918225275015e-09,1.1162442525858296e-08,0.9999998807907104
6,2.471076954169149e-10,2.6774344519253646e-08,2.578915969664308e-10,6.92102730681654e-08,8.279164021018914e-09,1.4659130798122533e-08,0.9999998807907104
6,2.2385839709704314e-11,1.288254303233316e-08,5.039562517294982e-11,1.6480447229128004e-08,1.1100081964698916e-09,2.064517667932364e-09,1.0
6,2.866904214027244e-10,1.5783028217697392e-08,8.768934189884448e-11,9.39507760477909e-09,3.8121417134107105e-09,5.2188160459820665e-09,1.0
6,2.7571486760358255e-10,9.11361475175454e-09,3.9234081261607656e-11,5.591586749176258e-09,3.910718415767178e-09,3.159539074815143e-09,1.0
6,2.6662092672546933e-11,8.296046516420574e-09,2.8918032898839208e-11,8.93283780278864e-10,2.8074467195438046e-09,1.759648760035759e-09,1.0
6,1.246379627110883e-12,3.724061281573654e-09,1.293357781984028e-12,1.1912915098832855e-10,4.0607198159570146e-10,1.7175780242517646e-10,1.0
6,1.492358537094618e-12,9.83804815390954e-10,2.43136804092825e-12,2.8443336574923705e-10,2.1246306103339663e-10,5.913735057205827e-10,1.0
6,2.8941248269437336e-12,1.2658987635916219e-08,1.5162936010948425e-12,1.6081070502993455e-11,6.159961873919428e-09,8.291988623509994e-11,1.0
6,5.880208971652257e-13,9.792207045222767e-09,2.5367772119033738e-12,1.7806540963949402e-11,2.9626316955244647e-09,7.734454049446171e-11,1.0
6,6.918810142864107e-12,1.998608567532756e-08,4.0437136278326236e-11,5.098356736787935e-10,5.228111277233438e-09,2.59533461388628e-09,1.0
6,3.789382349572712e-11,6.5672960403162506e-09,1.9091497480139275e-11,9.184983884580333e-10,3.357594424713284e-09,1.6518739709425745e-09,1.0
6,1.5175328008099065e-11,5.536571645592403e-09,1.2230584383807197e-12,9.4934747563169e-11,1.2288271733496003e-08,1.5665206631876316e-10,1.0
6,7.674622656134167e-13,9.909802978214088e-10,3.272579418827498e-13,3.733003836603466e-11,1.1685244993842048e-09,3.4001832599495074e-11,1.0
6,1.3826836377239804e-11,1.0296926866715239e-08,4.790018034994681e-11,4.206060832956382e-09,4.529535413411168e-09,1.30322042046771e-09,1.0
6,2.1077938006097696e-11,2.0059132133098956e-09,4.653475955268549e-12,9.380175525208756e-10,8.136761819876881e-10,6.24502949353456e-10,1.0
6,3.424314434438691e-12,2.422040568106354e-09,2.3219078569558516e-13,3.9409128738121524e-11,2.6880768722037374e-09,7.622258380024505e-11,1.0
6,2.053685726251947e-13,9.597415223661088e-11,1.667778057583974e-14,6.460810185460186e-12,2.8285954134510405e-10,4.0661505412709076e-11,1.0
6,8.776562376161534e-15,4.8445220057757865e-11,1.3063378334523656e-14,3.774311592430468e-12,3.580311741524511e-11,7.167923893325323e-11,1.0
6,7.226708245494304e-14,4.460959379670726e-10,9.304608949642357e-13,1.0581086007377394e-10,1.7404847008073432e-10,3.9681666286206507e-10,1.0
6,5.128789103484022e-13,2.987753600081078e-09,1.9419008501914137e-12,2.6890600857143454e-10,5.035126204866458e-10,8.549760344145341e-10,1.0
6,8.21578428119446e-13,3.02516967032318e-09,1.866421730709056e-12,1.1333134430913105e-10,2.737327475799134e-09,5.066445041279621e-10,1.0
6,4.289504168530911e-11,4.1009645457279476e-08,2.544886350264175e-11,3.014271054979645e-10,4.654816976312759e-08,1.8293577763728308e-09,1.0
6,1.4398154543626696e-11,6.65813217892719e-08,1.177033622477841e-12,2.2516563266683498e-11,3.2848853948053147e-07,3.2959229789852884e-10,0.9999995231628418
6,4.633970073983362e-13,2.4844482027219783e-09,2.847595680847796e-14,2.1734406809026385e-12,3.2937535365817894e-08,2.789142007630918e-11,1.0
6,2.4438643383278835e-13,3.649698543384261e-09,3.844565657040548e-15,1.2510668499429722e-12,2.6885652815167305e-08,1.1292908448645722e-11,1.0
6,1.1151398814773783e-12,1.7480184411056143e-08,2.380236849633399e-13,3.156377936797128e-12,5.3700173197057666e-09,1.9540673246165596e-10,1.0
6,5.690432933885825e-12,3.656486669001424e-08,2.4498159577335255e-12,1.9932567749125774e-11,5.3910556019332034e-09,1.4603311893068849e-09,1.0
6,2.2575141409020283e-11,7.231128762441585e-08,5.832425688245824e-12,2.4035743881323235e-11,1.1213036721358094e-08,2.2344268657548128e-09,0.9999998807907104
6,5.888494553074608e-12,2.1503085534391175e-08,2.2159275282762625e-12,4.84285875290702e-11,6.539310426489919e-09,1.4977104001445696e-09,1.0
6,2.536168670908001e-11,2.9094614717450895e-08,1.8946168418854104e-12,2.6281107845527174e-10,8.461450562435857e-08,7.729505924203295e-09,0.9999998807907104
6,2.5307473131008784e-11,3.892606770250495e-08,1.517375634862983e-12,1.7338115665399556e-10,4.655234420170018e-08,2.9665840894921303e-09,1.0
6,1.647906984481029e-11,6.511868377856445e-08,4.440436733588182e-12,1.2723119779955994e-10,1.0036761644016678e-08,1.1190149917794656e-09,0.9999998807907104
6,3.386536656570932e-13,1.0605464062507508e-08,1.2516756294628228e-12,1.0599871674843442e-10,2.9470650364515905e-09,1.0663143701350464e-09,1.0
6,1.1680224353634219e-14,7.610035268612592e-09,4.7456508259777555e-14,1.5730890548515397e-11,1.8229870946129267e-09,1.0674778422314901e-10,1.0
6,4.557654573840095e-14,3.224703348791991e-08,8.877152485320394e-12,3.8043168615331524e-10,5.860312679573099e-09,8.60918270007005e-09,1.0
6,1.917944752669043e-12,5.0189072453576955e-08,4.981475995591289e-11,5.441361805580414e-10,1.440362051852162e-08,3.0077494272973126e-08,0.9999998807907104
6,6.538263420258206e-12,3.954418303919738e-08,2.107190463784825e-11,1.0594780608386145e-09,7.143857061464587e-08,3.429294892498547e-08,0.9999997615814209
6,1.5660552282054097e-12,3.9315941080531047e-07,6.270039348832412e-11,1.100617708083007e-09,4.190022551142647e-08,8.154665209758605e-08,0.9999995231628418
6,6.835441934693876e-11,6.190574026732065e-07,2.33039448849226e-10,3.5629030836759057e-09,3.3424734624531993e-07,9.710585118227755e-07,0.9999980926513672
6,1.565419495419551e-11,3.3601290283513663e-07,2.9604840714320124e-12,6.017569220695407e-10,2.0875229438388487e-06,9.561885150333183e-08,0.9999973773956299
6,3.2105090808087766e-10,1.924342853953931e-07,1.485570238872469e-12,4.17549994580213e-09,3.9903781612338207e-07,1.0630138991274407e-09,0.9999994039535522
6,2.3191837339453514e-11,1.3242942742408559e-08,4.0476451942765557e-13,1.4811814275095259e-10,1.1468508809286959e-08,2.291098977202921e-10,1.0
6,2.42756148516321e-10,3.3750023220591174e-08,3.1672752528327797e-12,9.800348310662343e-10,1.6224696253175352e-08,1.6564584148781591e-09,1.0
6,7.022829873193359e-09,2.3269063831321546e-07,2.933444806507701e-11,8.187449052066142e-10,4.4945533517193326e-08,4.312962875729909e-09,0.9999997615814209
6,3.7828287169361374e-09,6.691605136666112e-08,1.2793975948111047e-11,1.3084949790354017e-10,8.567443643414663e-09,2.6271549380396664e-09,0.9999998807907104
6,3.5901881467736985e-10,7.324476136716385e-09,8.199534801134334e-13,9.977995860110944e-12,2.424194178729522e-09,2.700954737644423e-10,1.0
6,1.8792904732389815e-10,2.005458243914404e-09,6.113379334010682e-12,6.94651558497128e-11,1.1237547559161953e-09,1.4294605499287627e-09,1.0
6,1.1769996088872858e-09,6.465827340207397e-08,1.7858142742355199e-10,7.071119800805548e-10,9.587090943341536e-08,1.8529169309999816e-09,0.9999997615814209
6,9.367860265285799e-09,2.7890502352079238e-08,5.8683513604052e-10,3.9152386888119395e-10,1.006135690317933e-07,1.6510115941059667e-08,0.9999998807907104
6,2.88212426147183e-10,1.851303998989806e-08,6.11501543845705e-11,8.711490973034586e-10,1.9561836595016757e-08,4.1315878496206437e-10,1.0
6,1.0761195268216284e-09,2.928658560108488e-08,1.6433315819242011e-10,7.658679801458845e-10,8.255562278236539e-08,1.3133213405680522e-09,0.9999998807907104
6,1.3525029984862158e-09,6.592950541062237e-08,4.735495884311547e-10,7.116503386583872e-09,2.3072527710610302e-07,2.142360733259352e-09,0.9999996423721313
6,6.851749168035326e-10,1.857337572630513e-08,8.154779629343523e-11,4.799176611669509e-09,1.5605449732447596e-07,2.4917454211070833e-10,0.9999998807907104
6,3.096436884675313e-08,1.399909166366342e-07,3.908680490383176e-09,3.175495066898293e-08,3.204152392299875e-07,5.806880309933149e-09,0.9999995231628418
6,1.7150254549846977e-09,1.1475182581932586e-08,3.2724845056009144e-10,5.851890527708292e-09,2.9592611028306237e-08,1.2387265657665125e-09,1.0
6,1.7392809414928934e-09,2.8197304491328623e-09,2.8345145675068295e-10,7.797622991745357e-09,3.799119685510277e-09,9.0934509922036e-10,1.0
6,1.4197294728734988e-10,7.801274209962017e-11,2.1308671840913895e-11,5.558132287752926e-10,1.3817931521220572e-10,9.42835476358539e-10,1.0
6,6.283472006596291e-12,3.9086915128161426e-12,1.2962918499032083e-12,1.4572169859672357e-10,2.6110119275002397e-11,4.976690240465764e-11,1.0
6,1.3348564874976487e-12,4.873090646284606e-12,1.281243340589544e-12,1.0591524879366432e-10,3.802465287083834e-11,1.6189345697359414e-10,1.0
6,1.212291118185549e-12,8.768577877682482e-12,3.104237786960562e-12,4.66586103087252e-10,1.9861865624415387e-11,5.044257789244e-10,1.0
6,8.44407754981534e-14,1.3546914458262282e-11,2.3227139612710945e-13,3.6765682165373903e-10,1.9619125768421952e-11,3.293296191309025e-11,1.0
6,1.162884242025819e-12,7.095720538918826e-11,6.225183129399126e-13,2.7123847612386953e-10,1.0126514210506699e-10,1.3121891073719638e-10,1.0
6,1.3212381763747644e-13,6.695830521985524e-12,9.38984133502796e-14,3.2970546431920766e-11,4.632525266168308e-11,6.59659063484419e-11,1.0
6,4.4176788963068425e-12,3.156230554690609e-10,1.7851189276774093e-11,7.224408293815543e-10,2.8317154177059933e-10,4.310858336964429e-09,1.0
6,4.5812602843253725e-12,6.122312101730643e-10,6.2302706396732965e-12,3.3434821578026686e-10,1.882649591777863e-09,1.778130642726694e-09,1.0
6,1.4147745475145967e-10,6.359234916430978e-09,7.521826911327523e-11,3.243099677696648e-10,1.559549112073455e-08,1.3293228739996721e-08,1.0
6,5.6566942102653783e-11,5.252218659990149e-09,3.9369688065171715e-11,4.520315510792017e-10,1.1185952608627758e-08,5.779105194392287e-09,1.0
6,9.577025977813847e-11,6.60994770029788e-09,1.6288242976614242e-10,2.322448455771564e-09,3.2886671164078507e-09,1.5876203462994454e-08,1.0
6,3.216835131603091e-11,1.7114375472360166e-09,1.9825228264602757e-11,9.834296710309332e-10,8.433616582870229e-10,5.856792828495827e-09,1.0
6,4.094709326381979e-13,3.348911772893537e-11,5.886380250418044e-13,1.7215925907088092e-10,2.6604283012710006e-11,5.616145881681689e-10,1.0
6,1.493035431615955e-13,3.73653338088184e-13,8.161801448450592e-14,2.3103546853420198e-10,1.213886022949362e-11,1.8939649848448425e-10,1.0
6,2.130337573014174e-12,5.66779392516259e-12,4.946728443533388e-11,3.341675025581026e-08,7.376834559869039e-11,6.189015522295449e-09,1.0
6,1.711369652761252e-12,1.9507258655626636e-11,2.467542446413229e-12,1.3400503817706522e-08,5.592575846868897e-10,4.512203499729139e-09,1.0
6,2.6568469646548465e-12,1.8299492129947303e-11,5.427819652070731e-12,1.535508076244696e-08,1.447276409827225e-09,8.114541039105916e-09,1.0
6,1.5689449739397787e-11,1.622649757615502e-11,7.804649287956877e-12,1.6755119958133946e-08,8.109281246504452e-09,3.525407876736608e-08,1.0
6,3.5247885339650953e-12,8.775022375395736e-11,1.0285701977641448e-11,6.04987135943702e-08,4.715535073529509e-09,6.97321711484733e-09,0.9999998807907104
6,5.477215903049171e-13,3.183520808081042e-11,2.4361910058723346e-12,2.2602106852787074e-08,9.039082815576194e-10,4.378602369570217e-09,1.0
6,5.260097912795914e-13,3.4225403761078965e-11,2.0822313057805575e-12,1.2377824099019108e-08,3.5545050236507336e-10,1.9716945853787138e-09,1.0
6,8.979831987590906e-14,6.05921701701817e-11,5.822500901558891e-12,1.4266449355204713e-08,5.226919591594381e-11,3.54695539606098e-09,1.0
6,1.1892436600107522e-14,1.6014352344217997e-10,3.744839941616229e-12,1.2587238806816003e-08,2.3400496818037908e-11,1.898548429579705e-09,1.0
6,8.881135369763656e-15,1.1570505838165435e-11,7.222681281456467e-15,3.8923952949687646e-10,5.080522114120356e-11,3.6458541047279525e-11,1.0
6,1.5464517687246992e-14,4.751977891043202e-12,6.516194393557705e-15,4.3467801580376886e-10,4.131735231727163e-11,7.118616113244158e-11,1.0
6,9.241545347721519e-15,1.7110366942740818e-12,4.885286579024879e-14,1.4287464544793238e-09,4.254523816582534e-11,4.408449438830786e-10,1.0
6,5.455874209140917e-16,3.4307243325501155e-14,3.244726400541617e-14,4.137486464550477e-10,1.466947982357858e-12,1.362060603193882e-10,1.0
6,1.079043956903685e-17,5.6448274602782095e-15,5.456270197043759e-16,3.2309103309424714e-11,3.21230699375577e-13,1.895003685220553e-12,1.0
6,1.4648935073324244e-15,9.696748612397776e-13,1.1525457237898662e-12,3.3599054094501923e-10,9.516018615457478e-13,3.073821752686001e-10,1.0
6,1.1781717535440123e-14,4.63628874874944e-12,1.1462106437598596e-11,3.652356750372121e-10,3.404925646988133e-12,3.736740694648688e-09,1.0
6,5.349243725923103e-13,2.3593927159226702e-11,6.530279789140891e-11,2.6092323857085375e-09,4.252796032000461e-11,1.1265344213029493e-08,1.0
6,5.802660869164145e-14,2.1170377950685548e-10,1.5431490807404913e-10,5.923197932133917e-09,3.956020233619739e-11,1.859553222516297e-08,1.0
6,1.4702581058005648e-13,2.2382047604185829e-10,7.710609928324175e-10,2.0509935083623532e-08,2.9415878066707535e-10,6.668619079164273e-08,0.9999998807907104
6,1.5454147293467169e-13,5.41197753278766e-10,2.37161651428508e-10,1.147866335315939e-08,2.3087733114213194e-10,2.9928312272886615e-08,1.0
6,1.3060674503712066e-12,6.937158070208227e-10,2.189116221629206e-09,8.030722398189027e-08,8.390951267145397e-10,6.201602786859439e-08,0.9999998807907104
6,1.1256287568706114e-11,4.4424610656790264e-09,6.066162683282528e-09,4.835781055589905e-07,5.2602904254683835e-09,1.2312651733736857e-06,0.9999983310699463
6,2.3779903393639223e-11,2.1324046528548024e-08,6.5174248220500886e-09,2.38373047523055e-07,9.586107907466612e-09,2.8151557671662886e-06,0.9999969005584717
6,8.576653970360226e-11,1.890054335262903e-08,2.2036786617718462e-08,5.34414425601426e-07,1.7239793592693786e-08,5.470249107020209e-06,0.9999939203262329
6,2.574759572215868e-10,1.204929045428571e-08,1.9589054822688468e-09,1.1208003769525021e-07,6.15035347095727e-08,1.1838232012451044e-06,0.9999985694885254
6,5.0108611704402506e-11,2.6732471791746093e-09,1.8384964661777303e-09,6.44277733385934e-08,4.041364931595126e-08,7.496670946238737e-07,0.9999991655349731
6,2.25497870376401e-10,3.830775252566809e-09,3.653824798277583e-09,1.2748256494887755e-07,4.1774359971213926e-08,2.887899427150842e-06,0.9999970197677612
6,1.1618720568984386e-10,5.193850238782716e-09,3.507009571634967e-09,8.242491276178043e-07,7.373678556632512e-08,3.008191697517759e-06,0.9999960660934448
6,2.3895864453837845e-11,3.417976346398177e-09,3.1218930218734897e-10,5.695568106034443e-08,2.4291612277238528e-08,1.3098900808472536e-07,0.9999997615814209
6,1.1614151307348664e-10,2.244493479963694e-09,8.695881237308356e-10,1.2481461908464553e-07,2.896199546853495e-08,5.115349495099508e-07,0.9999994039535522
6,2.3417093264477273e-10,2.5262005820536615e-08,1.59269486488256e-09,2.3197409859676554e-07,9.914944598676811e-08,7.362194196502969e-07,0.999998927116394
6,3.029338724314101e-10,6.918828177049363e-08,2.5997606289962505e-09,3.369969476807455e-07,3.394027316971915e-07,5.017611215407669e-07,0.9999986886978149
6,2.796462714171888e-11,3.574880480528009e-08,6.86912915437432e-10,1.1604593197489521e-07,3.659560547930596e-07,8.655023862047528e-07,0.9999985694885254
6,1.0263715571889875e-10,1.657862753745576e-07,2.9040703175553517e-09,9.017122124532762e-07,1.4886326198393363e-06,3.6370065572555177e-06,0.9999939203262329
6,1.7209395020145735e-09,2.654102218002663e-07,1.3335328397090507e-08,3.936196208087495e-06,4.158970568823861e-06,9.159283763437998e-06,0.999982476234436
6,1.1900833651878884e-09,3.024481998181727e-07,1.06321792259223e-07,1.0685821507649962e-05,2.4036530703597236e-06,7.662320422241464e-05,0.9999098777770996
5,1.6428268736490281e-06,6.5157378230651375e-06,0.00011628487845882773,0.00567786255851388,0.0012693216558545828,0.6618387699127197,0.3310896158218384
5,1.960864892680547e-06,2.616780193420709e-06,3.884510442730971e-05,0.017791373655200005,0.0023173086810857058,0.9453420639038086,0.03450584411621094
5,1.1291222108411603e-06,1.0729295496503255e-07,5.642763881041901e-06,0.001877264934591949,0.00033112079836428165,0.9974701404571533,0.0003145965456496924
5,9.417881301487796e-06,4.854687318811557e-08,2.5139904664683854e-06,0.0018961167661473155,0.0014074539067223668,0.9962670207023621,0.00041751720709726214
5,2.4139164452208206e-05,8.154207620236775e-08,1.2362038432911504e-06,0.0067664748057723045,0.0052625518292188644,0.987694501876831,0.0002509746700525284
5,9.474521903030109e-06,3.9635175141938817e-08,2.4395783384534298e-06,0.0022718943655490875,0.002328460570424795,0.9948309063911438,0.000556843529921025
5,6.11218001722591e-06,1.9480276947092534e-08,7.235844350361731e-07,0.0015528819058090448,0.0006236445042304695,0.9977642297744751,5.242126644589007e-05
5,2.3971053451532498e-05,3.318740482427529e-08,4.069057467859238e-06,0.0030988913495093584,0.0011103719007223845,0.9956860542297363,7.666488090762869e-05
5,3.051507064810721e-07,6.322051770979442e-10,2.4247455598924716e-07,0.0014547358732670546,0.00011703067866619676,0.9984214305877686,6.205279987625545e-06
5,1.4356540987137123e-06,4.404079045894349e-10,2.7433040372670803e-07,0.00046302578994072974,4.699244163930416e-05,0.9994774460792542,1.0897155334532727e-05
5,9.690712658994016e-07,1.8619258912444536e-10,6.519101702906482e-08,0.0006304644630290568,4.371468457975425e-05,0.9992412328720093,8.354323654202744e-05
5,8.060551408561878e-07,1.0968109753761723e-10,7.570435656134578e-08,0.0007762024761177599,4.4732398237101734e-05,0.9991238713264465,5.429588054539636e-05
5,1.9917139582048549e-07,7.110883930294687e-12,8.278413510254268e-09,7.245672168210149e-05,2.283862340846099e-05,0.9999017715454102,2.754179377006949e-06
5,3.397411205696699e-07,2.3133531548702457e-11,1.784778724811531e-08,0.00013113554450683296,5.0801041652448475e-05,0.9998117089271545,6.01653300691396e-06
5,1.138998982241901e-06,1.17132067933845e-11,9.419891711104356e-08,0.00027751881862059236,3.558421667548828e-05,0.9996750354766846,1.062495903170202e-05
5,3.10377828327546e-07,6.194459550336318e-13,3.6762354937991404e-08,0.00013008930545765907,1.4478993762168102e-05,0.999853253364563,1.811864535739005e-06
5,1.0596676247587311e-06,1.2595575082062493e-13,7.975954119388007e-09,9.838100231718272e-05,2.4810267859720625e-05,0.9998748302459717,9.163027243630495e-07
5,2.845964672815171e-07,1.8796348212699737e-13,7.101733645598074e-10,6.486191705334932e-05,0.0001487432309659198,0.9997860789299011,1.1359063023519411e-07
5,4.421819994604448e-07,1.3117576469490189e-11,2.4178812285668982e-09,0.00025388976791873574,0.0008819035138003528,0.998863697052002,1.429821736564918e-07
5,4.766002803080482e-06,1.0238687501995525e-11,4.536382824937846e-09,0.0005473100463859737,0.002121218480169773,0.9973256587982178,1.0302310329279862e-06
5,1.7000738807837479e-06,1.5994148713782685e-11,2.204428417584836e-09,0.00039568523061461747,0.006292620673775673,0.9933093786239624,6.027075301062723e-07
5,3.0587823403038783e-06,5.7725157986965314e-11,1.0521032933752394e-08,0.0012322968104854226,0.007016060408204794,0.9917476177215576,9.871935162664158e-07
5,1.6023964235500898e-06,1.1370208594096987e-11,1.3180884161911877e-09,0.0003097541048191488,0.005681165494024754,0.9940071105957031,3.1217203400046856e-07
5,3.875152287946548e-08,2.3385763811556437e-11,2.3158608364326483e-09,0.00020672172831837088,0.0017066820291802287,0.9980864524841309,1.4702031592150888e-07
5,1.3043730007211707e-07,2.7857126327912596e-11,3.5139797738281686e-09,0.0016873670974746346,0.005144032649695873,0.9931683540344238,1.4521249624976917e-07
5,5.488607790482547e-09,9.1172226018843e-12,7.794440648467571e-10,0.00023914709163364023,0.0006976570002734661,0.9990625977516174,5.840064432049985e-07
5,2.7506732180881954e-07,2.3372569504798157e-11,2.1141897121879083e-09,0.0006731193279847503,0.0037409518845379353,0.9955846667289734,1.0134571084563504e-06
5,4.32452722520793e-08,2.8329161932960645e-11,5.189585983167433e-10,0.0007214309880509973,0.007454693783074617,0.9918234944343567,3.6008407278131926e-07
5,9.53990522134518e-08,4.460436794223588e-12,7.308633698244194e-10,0.0005633436958305538,0.002359724370762706,0.9970766305923462,1.1206054750800831e-07
5,4.16065518038522e-07,1.087552617407006e-11,7.805615043210423e-10,0.0016688213218003511,0.010077917948365211,0.9882523417472839,5.51532139070332e-07
5,3.3508493402223394e-07,7.54570711469782e-12,9.780183329866077e-10,0.0013030682457610965,0.004985654726624489,0.9937106370925903,3.62452794888668e-07
5,5.599237056230777e-07,2.073940411767561e-12,2.789676822878562e-10,0.0008067158632911742,0.003468654351308942,0.9957238435745239,2.0589250482316857e-07
5,2.874575386613287e-07,3.1630412265087893e-12,2.829084744249144e-10,0.0018385916482657194,0.0076471492648124695,0.9905117154121399,2.3029576823319076e-06
5,1.0676345851834412e-07,2.3726151252012606e-12,1.378800407181302e-10,0.00033642485504969954,0.002678627846762538,0.9969837069511414,1.0844087228178978e-06
5,6.8428027688582915e-09,4.6921099818020284e-12,1.3070526605485355e-10,0.00017487381410319358,0.0009810753399506211,0.9988424181938171,1.578303454152774e-06
5,6.895015669527993e-09,2.121227022158778e-12,2.3222701539538093e-10,6.385154119925573e-05,0.0004375662247184664,0.9994984865188599,7.690174896879398e-08
5,1.786986669749524e-09,8.496519460221563e-13,2.715642988260214e-11,7.084594835760072e-05,0.0002956633979920298,0.9996333122253418,7.50366453416973e-08
5,4.470481318463726e-09,5.114301343533967e-12,8.550663649353751e-11,0.00018410416669212282,0.0004476230824366212,0.9993662238121033,2.157978087780066e-06
5,1.862344389813586e-09,9.281540380018383e-13,5.676252176622931e-11,6.0369318816810846e-05,0.00016539717034902424,0.999774158000946,3.480234767039292e-08
5,1.7900189774877617e-08,3.02939513752154e-11,2.813048405325702e-10,0.00042301820940338075,0.0011862771352753043,0.9983903169631958,4.574787340061448e-07
5,3.1518638365923834e-07,2.9862434747229827e-10,6.567108523647391e-10,0.002060528378933668,0.00986242014914751,0.988059937953949,1.6797312127891928e-05
5,2.1724561065639136e-06,1.6819695636272058e-10,1.1862524296191168e-09,0.000846672395709902,0.003331145504489541,0.9958189129829407,1.1337488103890792e-06
5,3.542072022355569e-07,3.909011656033634e-11,6.727581269849736e-10,0.0009495124104432762,0.0014615983236581087,0.9975875616073608,1.065277615452942e-06
5,1.4001675197050645e-07,2.008078842097305e-10,1.0827139185209944e-09,0.001152024487964809,0.0009308191947638988,0.9979154467582703,1.627788719815726e-06
5,1.1428463864149307e-07,6.368372940102063e-09,6.241092620484778e-08,0.019726017490029335,0.0012449149508029222,0.9789779186248779,5.1015686040045694e-05
5,5.448769684335275e-07,9.56475876279228e-09,1.872180916961952e-07,0.019314361736178398,0.0009097576839849353,0.9789902567863464,0.000784864358138293
3,6.369792572513688e-06,1.1868547034055155e-07,2.013592137473097e-08,0.9967759251594543,0.0019891969859600067,0.0008226263453252614,0.00040572299621999264
3,1.742194285725418e-06,2.2505014385387767e-07,4.696765998346564e-08,0.9968401193618774,0.0021680823992937803,0.0005269525572657585,0.0004629034665413201
3,7.500560514017707e-06,1.6202785957375454e-07,5.8800917912549266e-08,0.9969876408576965,0.0007493947632610798,0.00033897667890414596,0.0019163895631209016
3,2.044110260612797e-06,2.1592443033568998e-07,3.851254870568255e-09,0.9991876482963562,0.0007075651665218174,4.149229880567873e-06,9.835774108069018e-05
3,2.3450920707546175e-06,2.9401408596640977e-07,4.717680823773662e-08,0.9983709454536438,0.0005703432252630591,2.4914252207963727e-05,0.0010311014484614134
3,1.0831382724063587e-06,1.3566429402089852e-07,1.979130859197653e-09,0.9997361302375793,0.00023872501333244145,3.5960712807536765e-07,2.3536564185633324e-05
3,4.44006758471005e-07,3.16978287173697e-07,4.363916339400475e-09,0.999825656414032,4.1753639379749075e-05,7.844655414146473e-08,0.00013176757784094661
3,9.740693940329948e-07,1.2778058078311005e-07,1.4407876003375009e-09,0.999805748462677,0.00015834218356758356,4.832090994000282e-08,3.4873733966378495e-05
3,2.3059078557707835e-07,9.351970930993048e-08,2.8284641295783786e-10,0.9998466968536377,0.00013740826398134232,3.323434638602407e-09,1.552762114442885e-05
3,4.0338852613786e-07,3.493574354251905e-07,7.601531071266265e-10,0.9999428987503052,4.021248605567962e-05,4.7557398019648645e-09,1.6068306649685837e-05
3,5.5775751661713e-07,5.708446693120095e-08,3.1946534306825924e-10,0.9999885559082031,9.846761713561136e-06,7.174273952692545e-10,1.0335680826756288e-06
3,3.1674431966166594e-07,1.189932987699649e-07,5.863327601218771e-10,0.9999407529830933,5.6659162510186434e-05,2.871486159961023e-09,2.1994824237481225e-06
3,7.761503297842864e-07,4.1942360695657044e-08,1.2194160958767242e-10,0.9998488426208496,0.00011560846178326756,1.867833887558845e-09,3.469749208306894e-05
3,1.16564507379735e-07,2.198085463644972e-10,6.113355047882019e-12,0.9999979734420776,1.0585980589894461e-06,5.672770933551341e-11,9.063758170668734e-07
3,2.1373336878127702e-08,1.4275057524937296e-10,3.0081386600405713e-12,0.9999977350234985,1.5402214330606512e-06,2.2233494559320555e-11,7.269657658071083e-07
3,8.134005469173644e-08,2.6581094964006624e-11,1.3250238579953777e-12,0.9999996423721313,2.807030909934838e-07,1.1900868311653934e-11,1.2314469444163478e-09
3,2.4090336392390554e-09,6.161349642291869e-12,2.782288424174953e-14,0.9999997615814209,2.268391057214103e-07,2.438963778389567e-14,1.0960067575727095e-10
3,8.164016880064795e-13,2.4857596382199358e-14,7.57594526595482e-16,1.0,8.91506757305649e-10,2.5604538754799068e-17,1.1148384299053404e-11
3,1.755706040620919e-13,1.0725002429125968e-14,1.9551697066910734e-11,1.0,3.5517565451226307e-12,1.4016502158421557e-15,1.1430118185273841e-08
3,1.9720223717878405e-12,1.0551001532969201e-13,2.1248267902118645e-12,1.0,8.622896147114645e-11,6.248989803533337e-16,2.65523353304431e-10
3,7.1810027542362764e-12,1.2388232258596366e-13,3.830260219238324e-13,1.0,1.2004106042518004e-10,1.1288937483650095e-16,6.441887995256579e-11
3,1.9636028358860358e-09,3.2188238185959506e-11,1.2675833473141385e-11,1.0,4.011851295615543e-09,9.187308981075878e-15,9.377654208719832e-10
3,2.2788436415677182e-10,1.5066940750596558e-11,6.149150199447062e-13,1.0,3.050052155284533e-10,4.57644556037659e-17,1.5411548426325083e-10
3,1.0137412437272175e-10,2.8174804503344753e-11,8.359134781935063e-13,1.0,1.5801536468185162e-10,1.6594399486310084e-17,9.291428182400807e-10
3,8.513922900021953e-11,3.569522715601847e-12,2.939868617643504e-12,1.0,2.817401034693745e-10,6.839181185356452e-16,8.496747194719489e-10
3,8.237657517923269e-13,5.8300460813176525e-12,4.767895453450244e-11,1.0,5.602235342294648e-11,3.3635259054159376e-15,2.921328068339335e-08
3,6.085334319783087e-11,1.7526161077974223e-11,6.220145232216368e-11,1.0,2.1877639699852125e-09,7.319736857651707e-14,4.600964231826765e-08
3,1.4305617801468884e-10,1.5003965084248172e-11,4.099853703060097e-12,1.0,3.6692280325212323e-09,3.0868055778555253e-14,6.78750966542907e-09
3,3.274935167496551e-08,1.7848312827695167e-09,1.0695774266267222e-09,0.9999960660934448,3.1739671157993143e-06,2.217641903445866e-10,7.548602525275783e-07
3,3.6614642340282444e-07,1.3221513661676454e-08,2.7361929388902695e-10,0.9998530149459839,0.00014554087829310447,9.037600112726807e-10,1.0398600807093317e-06
3,8.020899144867144e-08,2.517678288072034e-10,7.701239819468686e-13,0.9996933937072754,0.00030656412127427757,3.156531286352404e-11,1.9435137943446534e-08
3,5.735788022320776e-08,4.702672140588504e-10,4.1024727560380614e-13,0.998721182346344,0.0012787312734872103,7.753155062406591e-11,2.5863132080417017e-08
3,6.869050395152954e-08,8.501908899116728e-11,1.0297915542219552e-13,0.9995817542076111,0.00041816351586021483,2.6588287127538024e-11,4.7127901581234255e-09
3,1.342843791718451e-08,9.094326680614273e-11,2.0016479793105724e-12,0.9997325539588928,0.0002673790149856359,3.49557154055713e-11,5.293521176952254e-09
3,4.079782911503571e-08,9.90925119737085e-11,8.757894583155679e-13,0.9999219179153442,7.805958011886105e-05,6.1006490657822265e-12,1.7988996958706593e-08
3,2.945479593563505e-07,3.608878473837507e-10,4.4736814946988446e-11,0.9997832179069519,0.00021626475790981203,1.8565482484689255e-09,2.8529404971777694e-07
3,9.847713755561927e-08,5.525715440768408e-10,3.337034815142914e-11,0.9999070167541504,9.200564090861008e-05,1.522224568617503e-10,9.224989412359719e-07
3,9.244288179388604e-08,8.61649501748829e-11,1.9165991710368147e-11,0.9999898672103882,8.048414201766718e-06,3.5004617260359083e-11,2.037635795204551e-06
3,9.279771262526992e-08,1.924251202822802e-09,5.376532552503477e-11,0.9998517036437988,0.00011833242751890793,6.14641462726162e-11,2.9823007935192436e-05
3,6.311589118013217e-08,3.863673825321712e-09,3.654618621617978e-11,0.9999309778213501,3.0011116905370727e-05,1.0838536318447112e-10,3.893665780196898e-05
3,2.5759170796391118e-08,5.116970847041102e-09,2.0819489188195206e-10,0.9999759197235107,2.128852065652609e-05,2.314982407158883e-11,2.813379069266375e-06
3,4.358083227629095e-09,1.6372163347266877e-10,2.820349231935637e-10,0.9999929666519165,4.265712050255388e-07,1.4836196160494808e-10,6.6384404817654286e-06
3,3.6976544048883397e-09,3.747159804667888e-10,3.146932159303617e-10,0.9999964237213135,7.790058020873403e-07,1.3837695433949193e-09,2.7772853172791656e-06
3,2.103528196073512e-08,1.7437445931633988e-10,4.344760551333593e-09,0.9999943971633911,5.0122171160182916e-06,8.77174173297135e-08,4.187654099041538e-07
3,3.0559654806694425e-10,1.8449798633302095e-10,1.06031535551665e-07,0.9999990463256836,5.20770413459104e-07,1.634960113960915e-07,1.484225293779673e-07
3,1.5804539621466773e-10,1.3112423646877147e-10,7.644440103149464e-08,0.9999994039535522,3.1129508215599344e-07,1.2191944165351742e-07,4.7464865815527446e-08
3,3.5877217863244937e-10,5.064770269846974e-10,7.288145553729919e-08,0.9999994039535522,2.434818497931701e-07,9.906953124527718e-08,2.08442870075487e-07
3,2.918209451863163e-09,1.6026344695774242e-09,3.568618067717466e-09,0.9999985694885254,1.2308029226915096e-06,8.238731474818906e-09,1.6766820465363708e-07
3,6.596604595898725e-09,1.9260333328219303e-09,1.7858011958082898e-08,0.9999953508377075,4.330755473347381e-06,6.851541201058353e-08,1.8832820103398262e-07
3,1.3216673311333693e-09,1.9219502378486908e-10,1.7464552026780211e-09,0.9999984502792358,1.4753500181541312e-06,2.7341977570927156e-09,3.2582139652959086e-08
3,4.0190784034166427e-10,3.2790801324233954e-11,1.5493960558998765e-09,0.9999997615814209,1.2055505749231088e-07,7.470575269508117e-09,1.1561945001403728e-07
3,1.2758501199972017e-10,6.0569015081224364e-12,1.0042997544701393e-09,0.9999997615814209,2.0091542296540865e-07,4.6091141570059335e-08,8.422466635238379e-08
3,6.312390055107642e-10,9.039359972345951e-13,2.344232585826944e-09,0.9999996423721313,1.5838548961255583e-07,1.5055447022405133e-07,2.5838316375370596e-08
3,6.713446243367116e-09,5.5907006454858355e-12,1.3220315953077488e-09,0.9999994039535522,3.08682643890279e-07,2.562563850005972e-07,6.293028320669691e-08
3,2.0613886153597605e-09,2.358382586442609e-12,1.5132298747388973e-09,0.9999995231628418,2.1453784881941829e-07,1.4798459346820891e-07,8.214108504489559e-08
3,7.517756017705324e-08,1.098885392403215e-11,3.3128511045532605e-09,0.9999949932098389,3.6616822853829945e-06,1.1035679108317709e-06,2.270709273943794e-07
3,4.609569170810346e-09,1.4337504707778725e-12,1.1729343052380159e-09,0.9999997615814209,1.9050575872370246e-07,3.407959781043246e-08,1.9079656965459435e-08
3,1.694539786267768e-10,2.0511568246846246e-13,5.972771721651782e-10,1.0,4.0330441208880075e-08,5.2427804320132054e-09,1.2631292678477735e-09
3,5.5198619980378894e-11,1.3829080025215545e-14,1.2652255979017646e-11,0.9999997615814209,2.706568977828283e-07,1.7494548032459534e-09,4.8761883419956575e-11
3,2.308358192093518e-11,5.4250606963549344e-14,1.721336406745877e-10,1.0,2.829434642137585e-08,6.043061606675337e-10,1.9964216946277702e-08
3,3.2288449258038865e-12,3.7783703710258035e-14,5.735192052172544e-13,1.0,4.4607322280398876e-09,6.192545391400794e-13,7.213530328620266e-10
3,6.892469928132527e-11,1.5752077376848805e-12,4.830468663952203e-11,0.9999998807907104,6.622911286058297e-08,9.020662689041004e-12,3.880943566514361e-09
3,4.344983539628089e-10,3.0542538984046352e-12,4.947799392418517e-10,0.9999985694885254,1.4364547951117856e-06,2.0616472085066562e-08,1.075929745297799e-08
3,1.2327290577207606e-10,4.2645834780197234e-13,2.675745736091528e-10,0.9999994039535522,5.912393135076854e-07,5.974081673798537e-09,1.9877450796457197e-09
3,2.279437229246728e-11,8.043285005046585e-13,1.4420445740292998e-11,0.9999977350234985,2.249578301416477e-06,1.3479080351874728e-10,1.1232379470982323e-09
3,1.4847109652826873e-10,1.942855815464939e-12,5.444453776703995e-10,0.9999996423721313,2.960204597002303e-07,1.1956645673549815e-09,1.0730372146383615e-08
3,1.012680009293554e-10,1.3891541562893739e-11,3.0221680713538035e-10,0.9999996423721313,2.921707675795915e-07,5.557766399877373e-11,5.950156367617865e-09
3,7.998149920140918e-10,3.86522975084902e-12,1.7766606241753635e-10,0.9999992847442627,7.611561159137636e-07,2.2659173148920075e-10,6.572340893740147e-09
3,1.0875415151767598e-11,1.0192852421472831e-12,2.7872662511363444e-10,1.0,6.131898544481373e-09,1.0190550486788297e-10,2.239121066338612e-08
3,1.8470898421885096e-11,3.3864733933741675e-12,4.175149947993617e-10,1.0,1.0273150330419867e-08,4.998076952311692e-10,1.2289841144763614e-08
3,6.754418135912488e-10,1.2889846308372643e-11,6.923512457790437e-11,0.9999998807907104,8.043630117526845e-08,7.586624661826136e-10,1.8274473490009768e-08
3,1.4654055746632366e-10,5.31853294044593e-12,1.0403310213291661e-08,0.9999998807907104,1.540821159551342e-08,1.577029706822941e-08,1.3432214984732127e-07
3,6.454493189922417e-11,1.221946502316662e-11,8.355527381098682e-10,0.9999997615814209,2.012091897540813e-07,1.617503819772992e-08,6.734176594136443e-08
3,2.1275688155686368e-10,2.408436991507834e-11,3.586354546669668e-09,0.9999991655349731,5.798826236969035e-07,1.3452555513993047e-08,2.5436690975766396e-07
3,8.870027490281984e-10,2.1326256732789872e-11,5.2979829412436175e-09,0.9999971389770508,2.420358669041889e-06,4.4376477603691455e-08,4.235824633269658e-07
3,1.1929478238581481e-11,2.8950246713788097e-11,8.18879020147989e-10,0.9999995231628418,1.6471068420287338e-07,1.0414181739193396e-09,3.1659530463912233e-07
3,7.648341682209292e-11,8.124321354552322e-11,8.362114889415295e-10,0.9999982118606567,4.914051032756106e-07,4.0968979320155086e-09,1.3133185348124243e-06
3,1.6340589992225318e-09,1.624241990905162e-10,1.0963844054856509e-08,0.9999961853027344,1.1251108844589908e-06,6.458556356392364e-08,2.510942067601718e-06
3,2.821709532696559e-10,2.1801653538044974e-10,9.865278594034521e-10,0.9999983310699463,1.5723554724900168e-06,9.344093498953043e-09,8.014902164177329e-08
3,1.1663556231944483e-10,2.2494993714983202e-11,3.267564829823044e-10,0.9999985694885254,1.3239350664662197e-06,3.4246807611992836e-09,5.157173887937461e-08
3,2.304839825939542e-11,1.9967432221545955e-11,5.905922972893052e-11,0.9999985694885254,1.3642417115988792e-06,1.0299912034383851e-09,4.356788352311014e-08
3,7.151551573159054e-11,2.5639529388499227e-10,2.8634201676425164e-09,0.9999964237213135,1.2225568468693382e-07,5.154069948609674e-10,3.4060542475344846e-06
3,8.523325795151138e-11,1.4123391345322034e-10,1.188425624576439e-08,0.9999994039535522,8.484443725365054e-08,1.7768920779204223e-09,5.487518706104311e-07
3,1.0263851990544026e-09,2.5888050037004007e-10,2.5506654566243014e-08,0.9999990463256836,3.4675639426495763e-07,4.68641747630727e-09,6.397020229087502e-07
3,2.0889033558457726e-11,2.7111521361256052e-11,4.4786306607758064e-11,1.0,3.05361780306157e-08,8.735087306255274e-13,1.0791930016296192e-08
3,4.3787501402547946e-10,1.9102788795244408e-11,1.1721311421464264e-10,0.9999998807907104,8.012576557803186e-08,3.701394225841259e-12,5.386306511923067e-09
3,1.3957844602341396e-10,5.31655726387914e-11,3.5551065563632633e-11,0.9999998807907104,6.74576057235754e-08,2.498990597787909e-13,4.119031338234436e-09
3,2.2716342695794367e-11,8.917036553590663e-11,5.028443633703361e-11,1.0,1.552488448908207e-08,2.8293518786540184e-13,2.1834837937717566e-08
3,3.642399160064258e-10,1.542665439835389e-10,2.500897709409311e-12,0.9999994039535522,5.812559038531617e-07,3.589495779603158e-13,5.74396885610895e-09
3,7.262129699675546e-12,3.028537837179712e-11,9.955836881899577e-14,0.9999998807907104,1.4298913697530224e-07,6.626535681530628e-16,8.912041105091362e-10
3,6.7791280401741094e-12,2.296952211766623e-11,1.1750311010652603e-12,1.0,4.672233089308975e-08,1.245418376852889e-14,1.0039016284935087e-09
3,2.2702652258121958e-11,7.07679748135348e-11,5.800892535420821e-13,0.9999998807907104,1.384194234788083e-07,4.573378215846566e-15,3.6171816653052247e-09
3,2.7474664904270085e-11,3.480105786879406e-11,5.816802660200959e-13,0.9999998807907104,8.154356834211285e-08,2.4775657803013766e-14,2.3827853024016576e-09
3,3.161826703235171e-11,6.20296262271447e-12,1.118977089806239e-12,1.0,1.2652711767202618e-08,2.6672987887940876e-14,3.0234448278321224e-09
3,7.559192161110673e-11,4.433032500111844e-12,1.783436788006798e-12,1.0,2.9625425668200478e-08,4.2834334169905564e-13,4.997612546020491e-09
3,6.838725332553031e-12,9.727678731974443e-14,3.944772365206163e-14,1.0,1.0939488426231492e-08,1.8064686912685514e-14,1.6418309767285422e-10
3,4.498893878962518e-12,1.0486824082722723e-12,6.76142030819199e-13,1.0,4.45355077260956e-08,3.4521970243388267e-13,9.280027413183234e-09
3,5.4952195571722484e-11,8.477644449075492e-14,2.6484441742013858e-15,1.0,4.3604778454664483e-08,1.72658755511184e-14,7.96739896280485e-10
3,4.511949494578893e-11,2.5807365955626133e-14,1.656921805705605e-14,1.0,1.1080923734141379e-08,4.391169909244083e-14,2.928341943930768e-11
3,8.671000549520524e-12,2.04057318189e-14,6.588395058465188e-14,1.0,2.725464964825619e-09,2.937126724559397e-13,2.196685888744554e-10
3,5.416257720103346e-12,3.560419561038147e-15,4.8693018814640644e-15,1.0,4.17007262054625e-10,2.4210770259940452e-15,1.6000116162540046e-11
3,1.3689265378809962e-13,4.041600343648475e-15,3.2780893342680695e-13,1.0,1.0464925367242861e-12,1.5183692383914302e-15,8.472784251978283e-09
3,2.7479747806685023e-15,7.778391646062754e-15,1.3862946435325846e-13,1.0,3.615739977390342e-13,4.6837576864765644e-17,5.609594455613376e-10
3,1.4442579847922968e-15,8.116772626403138e-16,5.177710177449381e-16,1.0,6.485493260867999e-15,8.673591336619437e-21,2.5161876054946575e-11
3,5.394515671837408e-15,2.7394654876803856e-15,4.8494277356644e-16,1.0,7.573500745809703e-13,6.865044614685778e-20,7.69143915224646e-11
3,9.63898421800155e-15,1.9674642774344941e-13,4.653595624083337e-14,1.0,6.591204578659804e-12,5.75323306620842e-18,5.953345594278403e-10
3,5.079598351168915e-16,1.9118143483251582e-14,9.185350640901827e-14,1.0,1.4849845528588923e-12,6.195081102980664e-18,1.2515987135586215e-09
3,2.734831201019368e-14,7.109789102940911e-13,5.992472577182051e-12,1.0,3.425969230530512e-11,3.2010740917367457e-15,7.309696403723365e-09
3,3.4720205768605517e-13,6.463382888795277e-13,1.3837909767708267e-12,1.0,3.3276247535241055e-08,2.183307652508723e-13,1.540127025911886e-09
3,1.2544613514197528e-13,3.1303667882669195e-13,7.042102221552205e-17,0.9999996423721313,4.095439010143309e-07,1.0688723584478593e-15,3.190864794611059e-10
3,1.4039948023625293e-11,6.291425713733645e-12,5.76041696439232e-14,0.9999984502792358,1.504358237980341e-06,1.2573373332075422e-12,1.1131210397863356e-09
3,1.9047520505299786e-11,1.8105473717500153e-12,7.586050369015563e-16,0.9999978542327881,2.1855896648048656e-06,2.9511518961000335e-14,2.436252068138689e-11
3,1.211472172579775e-10,2.0890572800282003e-13,8.002311378645099e-13,0.9999984502792358,1.4965253285481595e-06,2.093436779178684e-13,1.7641633596673922e-12
3,1.499716670294582e-11,5.389526715540716e-13,1.194700267432788e-15,0.9999969005584717,3.1257154660124797e-06,1.8458899857985928e-15,7.732505499617737e-13
3,6.415194330616769e-12,3.807116514403797e-12,7.99001096947298e-15,0.9999946355819702,5.372317446017405e-06,1.4645168953082515e-15,6.905381821908918e-11
3,7.34147811987107e-12,1.8440628798271907e-12,7.263482858525707e-15,0.9999988079071045,1.247459408659779e-06,6.278275967684654e-16,1.9681291318907057e-10
3,3.660859809739847e-11,1.1006999131590867e-11,6.194708374734903e-14,0.999998927116394,1.0979601938743144e-06,3.148842609725609e-14,1.3779399843372175e-08
3,1.1584384562723926e-09,4.700480629726833e-11,1.5705997700315999e-12,0.9999904632568359,9.453170605411287e-06,4.1871139801891166e-13,1.2847252151004795e-07
3,8.104327875457784e-09,2.77992712183206e-10,2.143444059396482e-12,0.9999382495880127,2.5953604563255794e-05,4.223381084959843e-13,3.5771769034909084e-05
3,1.161923623982375e-08,6.009354125424693e-11,1.5566889140575246e-12,0.9999974966049194,9.450121751797269e-07,3.109050357116318e-14,1.5213436199701391e-06
3,4.010650922481318e-09,1.0874633832314018e-10,7.470227908479288e-11,0.9999982118606567,9.339843813904736e-07,6.465208685253743e-13,8.083994202934264e-07
3,1.1038578051625336e-08,3.066376874638621e-10,4.3098229846050273e-11,0.999976396560669,1.8170717339671683e-06,1.4897922305523448e-12,2.1792833649669774e-05
3,2.912744712091353e-08,2.835689183466883e-10,1.6675351099948443e-09,0.9999985694885254,3.1612736961506016e-07,1.461846442507575e-11,1.1130379107271438e-06
3,2.1272175132480697e-08,8.440265847342587e-11,8.415710794906772e-09,0.9999855756759644,8.028628144529648e-07,7.196124807151705e-10,1.3547664821089711e-05
3,4.086169180794741e-10,4.4847046215545916e-11,5.949408787842003e-08,0.9999954700469971,1.7110070871240168e-07,5.5864979309205864e-09,4.331115178501932e-06
3,3.6685725568474936e-09,5.988834428372058e-11,2.12238893126937e-09,0.9999986886978149,1.1038150660169777e-06,5.043934159232322e-10,1.8593726736071403e-07
3,5.452550855267191e-09,7.113697131355678e-11,1.3833065803936506e-09,0.9999916553497314,8.375085599254817e-06,4.040237921998369e-09,1.9312247800939986e-08
3,2.3386867553654156e-08,5.235910038869918e-10,3.5215354188267156e-08,0.999997615814209,1.64709206273983e-06,8.98687524397701e-09,6.243642474146327e-07
3,6.867876822802543e-10,1.7080960257320754e-10,3.574719542598359e-08,0.9999992847442627,5.845338932886079e-07,7.959680914382261e-09,7.442812943736499e-08
3,4.7609592002118006e-07,3.4081251709672244e-11,3.2617329281947605e-08,0.9999792575836182,1.8933507817564532e-05,1.0796401284096646e-06,1.9692615182975715e-07
3,7.863589779333324e-09,7.333365685535664e-12,2.8878235913687433e-10,0.9999995231628418,4.493345500122814e-07,3.1702990233029027e-10,3.1634026509408386e-09
3,7.18732762194918e-09,1.815904306264049e-12,4.419561105972747e-10,0.9999977350234985,2.2079302652855404e-06,1.6768373356512711e-09,1.825345541384138e-09
3,1.6499770438827e-08,1.1181392183673422e-12,6.791398554639727e-09,0.9999948740005493,4.9603963816480245e-06,7.623975761816837e-08,8.778318516533545e-09
3,2.869744220035386e-09,2.2419522835437355e-13,4.102083603352291e-11,0.9999996423721313,3.2613749567644845e-07,6.762134602267267e-11,2.1564965368980893e-09
3,9.442686632610275e-09,2.0191373529751533e-13,1.0156400026550827e-10,0.9999943971633911,5.542809049075004e-06,3.981854401757801e-09,1.1975253011442533e-09
3,3.614005761320982e-09,1.2277070026290964e-14,1.1331733294761559e-11,0.9999932050704956,6.814806056354428e-06,5.172609451875587e-09,7.089463738285673e-11
3,2.8217758685222805e-10,2.8386991243961948e-14,2.530299103922773e-12,0.9999798536300659,2.0086414224351756e-05,1.6216996634454972e-09,3.1290067759037754e-11
3,4.267985687089748e-10,7.289211823111735e-14,5.7887600962702734e-12,0.9999828338623047,1.712057928671129e-05,2.150147615509468e-09,7.757029046873143e-11
3,6.543892094867942e-10,6.993079617982623e-14,6.19789159231332e-13,0.9996194839477539,0.0003804451844189316,3.4935472292829672e-09,2.1431460772713962e-11
3,3.477074184132789e-10,5.516308980782481e-13,8.03502403501355e-12,0.9998354911804199,0.00016445275105070323,3.0582254506583695e-09,1.8453082117897424e-10
3,3.1858859994571276e-09,2.3089156454825233e-12,1.546894140558308e-10,0.9998948574066162,0.00010508028935873881,2.5590148666765344e-08,9.939747913634278e-10
3,3.0233029413295753e-09,4.092886619899705e-12,1.1412643052821636e-10,0.9997603297233582,0.0002397106436546892,2.7452935924543453e-08,7.051704220550903e-10
3,6.835382260206302e-10,2.518490244910604e-13,4.1174988418823943e-10,0.9999258518218994,7.412012200802565e-05,2.2061948712348567e-08,4.497472880227171e-11
3,2.973314705556618e-09,1.8569592478284713e-12,4.08101907822811e-09,0.9995998740196228,0.0004000181797891855,1.2554426120914286e-07,5.124479507401247e-09
3,1.0218322188393358e-08,9.680338399365579e-14,2.881890004413634e-10,0.9996993541717529,0.0003004243189934641,1.9659934480387165e-07,2.846251012655898e-10
3,6.383878314863978e-09,1.987006913173328e-12,1.0176973708198034e-09,0.9999099969863892,8.986003376776353e-05,6.499458748976394e-08,6.930110263425604e-09
3,8.587818456362584e-09,2.721182003687095e-12,2.1098647273731785e-09,0.999771773815155,0.00022793214884586632,1.79325581939338e-07,7.0105370397754996e-09
3,2.3978438790095424e-08,5.762670288872451e-12,1.0085994261999076e-09,0.9994807839393616,0.0005185113986954093,7.701256095060671e-07,2.3941317817133267e-09
3,3.4566329798479956e-09,2.9878235302538414e-12,2.2415851119728103e-10,0.9998819828033447,0.00011794506281148642,2.4589875025071706e-08,5.374916955958042e-09
3,3.1638502928643675e-09,7.532345407124108e-12,4.5824882777267817e-10,0.9999064207077026,9.350099571747705e-05,9.148097390720977e-09,6.7898779931852005e-09
3,8.03133184956728e-11,2.8828209350934e-13,4.405627251902189e-11,0.9999895095825195,1.0467487300047651e-05,1.00792596491317e-09,3.7087727333684484e-10
3,1.7355464287938105e-10,6.335053141792724e-12,1.251799497392625e-10,0.9997336268424988,0.00026639786665327847,2.141749888551203e-09,1.0211789192027254e-09
3,2.640388949148864e-11,7.420741538616271e-13,1.0787350179786159e-10,0.9999464750289917,5.351735308067873e-05,2.527854814360353e-09,9.044308080241592e-10
3,1.484962569575643e-10,8.593605970060036e-13,7.538413782093301e-10,0.9999630451202393,3.696494968608022e-05,4.237954431829394e-09,6.406808417125376e-09
3,3.109781598897854e-10,3.817439420128466e-12,1.1311720449214135e-08,0.9998528957366943,0.00014699714665766805,4.844038770102088e-08,2.1574974695681703e-08
3,9.452979510271575e-10,2.869978994041178e-12,3.226183054039211e-08,0.999974250793457,2.5709150577313267e-05,5.4007792016363965e-08,4.981679069260281e-08
3,1.4627401512257165e-09,1.1857259098191353e-11,3.77398947648544e-08,0.999950647354126,4.9078600568464026e-05,8.306660959078727e-08,7.033171556258822e-08
3,3.9554901021254807e-10,4.1517861197604145e-12,8.520399941147616e-10,0.9999665021896362,3.3486885513411835e-05,7.873144802772458e-09,8.424704489584656e-09
3,9.463618777516558e-10,2.1296981539409288e-11,4.850874901762836e-08,0.9999586343765259,4.1125935240415856e-05,7.58083729124337e-08,8.737231382838218e-08
3,1.4359857303247736e-08,1.2646625066614625e-11,9.065725947721148e-08,0.9996157884597778,0.00038392507121898234,1.552846242702799e-07,1.0527278604399726e-08
3,1.756483070103343e-09,1.5624106175504693e-11,6.1696616704409735e-09,0.9999464750289917,5.350393257685937e-05,2.878010940676745e-09,1.7676791586040963e-08
3,7.527479084501465e-09,2.2849108022304776e-11,9.23750764769693e-09,0.9999432563781738,5.665914068231359e-05,2.1244257464303473e-09,2.0566789160625376e-08
3,1.8049867378522322e-08,1.26871586153543e-11,9.432037728629439e-08,0.9999545812606812,4.5278404286364093e-05,2.080846606133946e-08,4.108670026425898e-08
3,1.0057792376727548e-09,6.038834796801007e-12,8.364187564779968e-09,0.999991774559021,8.253086889453698e-06,2.110605717975389e-10,4.40658265432603e-09
3,1.0396079552776882e-09,9.284946943244332e-12,4.081155413615534e-09,0.999991774559021,8.176507435564417e-06,9.087337132784867e-11,6.697433718727552e-09
3,9.293955188782732e-11,4.415849196720556e-12,1.0266183736451495e-10,0.9999996423721313,3.738464329217095e-07,1.2343651220516477e-13,3.873131260156981e-10
3,7.263638301946429e-11,3.2701196351486717e-12,1.9326708289302275e-10,0.9999991655349731,8.025988904591941e-07,7.582567793052927e-14,5.229969235465148e-10
3,1.6250924217420248e-10,1.3191127877509867e-11,2.3621125055939274e-09,0.999998927116394,1.0196974926657276e-06,8.761291930663162e-13,3.925623826006586e-09
3,1.5954465526490935e-09,4.322812940937837e-11,2.2432569579677875e-08,0.9999990463256836,9.129404929808516e-07,3.5318382333310305e-12,1.3098835793812214e-08
3,1.2944299798700598e-10,2.246877857381424e-11,5.410379255721409e-09,0.9999997615814209,1.838557182054501e-07,1.3635971421021437e-13,1.4572840711934987e-09
3,2.855458577921688e-11,8.226387453180717e-12,1.6662170254644337e-10,0.9999998807907104,7.139348667806189e-08,6.799564607380421e-15,2.1196920607646774e-10
3,2.0348703624883946e-11,3.0758882853948455e-12,4.8942074351576714e-12,0.9999998807907104,9.028563141555423e-08,2.6172576916329033e-16,5.199465163974182e-11
3,1.92692199002531e-11,2.209368078027671e-13,1.9646116330984675e-12,1.0,1.0740757616645169e-08,3.904777219089247e-17,1.659293188960298e-11
3,2.3507413030032787e-11,5.008602378870665e-14,2.3957331344443e-12,1.0,4.269233411235973e-09,8.655330732646203e-17,8.067506732101215e-12
3,1.5244023057747746e-11,1.545416863869744e-14,2.484372028845744e-13,1.0,3.4915588198458636e-09,1.492969684918589e-17,3.370659654167163e-12
3,3.780797896979493e-11,1.7462268610268783e-14,3.2290014032824305e-14,0.9999998807907104,9.642842258017481e-08,8.751077219421461e-17,1.5303596931359742e-11
3,3.054237071586918e-11,7.683100439496646e-14,5.0200041199670656e-14,0.9999983310699463,1.6821392136989743e-06,1.937461473646614e-16,3.0034019715685645e-10
3,1.14112961701468e-12,1.4187297881905914e-15,1.1722674256818815e-14,1.0,3.68409693862759e-08,7.990106790075138e-17,1.4634323483933565e-12
3,1.0105991564424155e-12,1.4266153472921738e-15,1.2895441008423103e-13,1.0,1.4357788735708255e-08,8.757061242496017e-16,1.0542624065412731e-11
3,1.3215355188205685e-13,1.3348230750124949e-16,5.828318566515573e-17,1.0,9.68634150666503e-09,1.2304743813596346e-18,1.3168128696824932e-13
3,1.2113631630986457e-14,1.9315305886546087e-17,7.304293805069745e-19,1.0,6.8986332202314316e-09,5.828021205425118e-20,1.1143137702439212e-14
3,1.6419215298360892e-14,5.946627893423318e-17,2.66008256902406e-19,0.9999998807907104,9.83051720027106e-08,1.8628485829824426e-18,5.892529116692047e-15
3,1.8527219417929092e-14,9.472533230906126e-18,3.2640429098105183e-18,1.0,1.9718824351144804e-09,3.289494140564948e-17,4.3131256487367875e-14
3,3.4217579216884008e-18,8.254902689712756e-19,1.6399872042041448e-18,1.0,3.0326693847143593e-12,4.5226730070319006e-20,9.596247001241245e-14
3,3.1773566046628573e-19,7.973926108487714e-20,3.045508409418909e-20,1.0,1.0069602215858481e-13,3.179472008512717e-23,2.9496749776894654e-16
3,1.6289513740617686e-18,1.7829687852039624e-18,1.1321696007256302e-19,1.0,1.2273734410544676e-14,2.7525891198819124e-24,2.043742482717094e-15
3,8.544573895603313e-18,5.716850767736194e-18,6.959762740183752e-19,1.0,1.165623858285364e-13,4.941174799169644e-22,9.601354948726368e-14
3,1.2983373127892506e-17,1.4310232868973504e-17,4.314527546167136e-20,1.0,7.407571084305786e-11,1.0334853340219523e-21,8.626830668009497e-14
3,1.491689738725949e-16,1.9371174988606899e-16,2.9073237935478934e-17,1.0,1.263641274951155e-11,3.0009236975197274e-20,4.981689973732051e-13
3,7.255542771678145e-15,2.8618598427345007e-15,3.227176206099775e-16,1.0,4.787095372882355e-11,1.1829062745602187e-19,8.394397373392981e-13
3,2.8666728713044876e-11,1.2291965947701378e-13,1.3064587389352567e-12,0.9999998807907104,6.535571372978666e-08,2.03423750249948e-15,1.603092658619687e-12
3,5.231003347497265e-13,7.0957466180468325e-15,1.012561453954397e-12,1.0,1.9144110297020234e-08,9.142513643660335e-17,4.838964380018615e-14
3,3.2686188825015172e-12,5.509858265847394e-15,1.6470692539884146e-13,0.9999997615814209,2.609821763144282e-07,2.2294717146988997e-16,2.722397265573443e-14
3,2.960849339143923e-13,5.5758675434269215e-15,1.7177231012089397e-15,0.9999992847442627,6.608890998904826e-07,4.003294099172067e-17,2.3699109081426473e-13
3,3.072176844517993e-12,3.1580312909000596e-13,1.0472464638099782e-13,0.9999978542327881,2.166882040910423e-06,7.703577460996518e-15,7.554285322286525e-12
3,5.01872458522068e-12,1.5943740468496448e-13,4.3740415477978856e-14,0.9999884366989136,1.1573320080060512e-05,2.726498768510638e-13,2.1175613346136046e-11
3,1.7046086764338497e-10,2.1788868452554677e-12,3.984322908493626e-13,0.9998894929885864,0.00011052240733988583,1.2129950689721003e-11,7.770298293685585e-11
3,4.3565726026706386e-10,2.8999103465765508e-11,1.4762793580907346e-13,0.9996887445449829,0.0003112531849183142,1.3876605593765579e-11,7.780857069761282e-10
3,9.407105094894064e-10,1.9873614906518178e-11,3.785608165916138e-13,0.9999104738235474,8.950992196332663e-05,5.731616353407687e-13,1.9453247346312708e-10
3,4.7458530438859725e-09,2.6729150143234293e-11,2.2420437902070933e-12,0.9999523162841797,4.771353633259423e-05,9.835538416699818e-13,5.824217219618788e-10
3,1.1190536275407226e-09,1.9257097652602972e-11,1.007724285961853e-11,0.9999657869338989,3.4195822081528604e-05,3.871032400876162e-12,3.3757481254781396e-09
3,3.272660364928015e-08,6.17221829202208e-11,1.8114741651142907e-10,0.9999935626983643,6.4130776991078164e-06,4.635568838506909e-12,1.0373879533176478e-08
3,3.184219998786375e-09,1.828712702101054e-11,4.812526488429114e-10,0.9999992847442627,6.882659135953872e-07,3.785005349508236e-13,1.598600718466514e-08
3,1.6106804778814876e-09,8.908053114597969e-12,9.619036817065663e-11,0.9999996423721313,3.465189308826666e-07,1.3071581848617814e-13,3.1299791647398933e-09
3,1.1770915353537248e-09,2.8149919895081865e-11,5.551838988537838e-09,0.9999995231628418,4.2881282524831477e-07,1.4430871428383618e-11,2.0658253774286095e-08
3,1.363817290211955e-07,5.2785498194651836e-11,7.393431644686643e-08,0.9999779462814331,2.1572685000137426e-05,4.399870245919146e-09,2.8801281359847053e-07
3,4.0287790881166075e-08,3.423005281999458e-11,2.394172327058186e-08,0.9999375343322754,6.232946179807186e-05,3.08041130381298e-08,8.266643902743454e-08
3,1.5794803687185777e-07,6.771519976689344e-12,2.1149288986777037e-09,0.9999165534973145,8.320503548020497e-05,6.389978324250478e-08,7.672094959332298e-09
3,9.090450703297392e-08,1.6397159671721617e-11,1.5377888962220254e-09,0.9998348951339722,0.0001648066972848028,5.900032018502088e-09,1.1980665703958948e-07
3,6.58868160030579e-08,6.930813145622494e-10,2.2185879799963004e-09,0.9988071918487549,0.0011925569269806147,4.791615104693392e-09,1.5192783564543788e-07
3,2.0034856618167396e-07,2.1694074314737577e-10,1.1474658723198417e-10,0.9942821264266968,0.00571774085983634,1.561670259775383e-08,4.777683138001976e-09
3,7.223945431178436e-06,2.3848520380731486e-10,1.3115262209595357e-09,0.9583340287208557,0.04165662080049515,2.120324779752991e-06,7.3638224407091e-09
3,6.107314334258263e-07,8.550571709009525e-12,1.5438475498008586e-10,0.9946836829185486,0.005315626971423626,1.2938430415943003e-07,2.525577080803032e-09
3,1.0115028459267705e-07,1.805628216389188e-11,1.1428962221060601e-09,0.9958757758140564,0.004123271442949772,8.880430755198176e-07,5.128597102554977e-09
3,4.651442253589266e-08,5.1762175275194e-12,1.1827169799083492e-10,0.99790358543396,0.002096295589581132,1.1384177156514852e-07,7.409369118249742e-09
3,1.585044984153683e-08,1.131189217816464e-12,2.1950509118684458e-11,0.9976602792739868,0.002339430619031191,1.908876612333188e-07,1.497864388078085e-09
3,6.032894361851504e-08,2.8949898034369426e-12,4.173799847406734e-11,0.9916383624076843,0.00836121290922165,3.1526502652923227e-07,2.0493604591109715e-09
3,1.6399421554069704e-07,4.578632178259268e-12,4.815788393064402e-11,0.9574556350708008,0.04253603518009186,8.095262273855042e-06,5.78966152797733e-10
3,1.436980596736248e-07,3.514376073140979e-12,7.511430366591298e-11,0.9300475716590881,0.06992688030004501,2.5409697627765127e-05,4.806172126947672e-10
3,1.4954558480440028e-07,1.6964098528693405e-11,2.3572586591025235e-11,0.9174303412437439,0.08256896585226059,5.163223022464081e-07,1.7447919775648302e-09
3,1.197366685801171e-07,5.824326437808836e-11,2.2893683476743476e-11,0.8748013973236084,0.12519752979278564,9.834304819378303e-07,9.86973835992444e-10
3,6.81971243920998e-08,2.1884694056950593e-10,2.1656189341801024e-10,0.7903446555137634,0.20965367555618286,1.6479860960316728e-06,5.479591003165751e-09
4,6.787495010485145e-08,8.643027959998051e-11,2.238825617950635e-11,0.20047688484191895,0.7995226979255676,3.7176747014200373e-07,1.91803795068779e-09
4,4.880837991549924e-07,5.43591671675614e-10,1.2847120589576377e-10,0.48418399691581726,0.5157986879348755,1.6852307453518733e-05,3.299725603866932e-09
4,7.240601451741213e-10,1.776706928281746e-12,8.603752408328606e-15,0.00014533016656059772,0.9998546838760376,1.6305255812198993e-08,2.8080426872634234e-11
4,3.778150969163674e-12,6.209894659039636e-14,5.5018631350931503e-17,1.7789037656257278e-06,0.9999982118606567,3.3084353034951164e-09,2.3779204300078405e-11
4,7.933925218195359e-12,1.3295785371118807e-13,7.322787102704108e-17,1.5455358379767858e-06,0.9999984502792358,1.9449144517125205e-09,1.0768087810308913e-11
4,1.8933518641794933e-10,4.1932776695396967e-13,1.3758703445759975e-15,1.672440703259781e-05,0.9999833106994629,1.7762951998179233e-08,2.119150514789947e-11
4,6.674990421506877e-11,7.796244661135987e-13,6.501521030054182e-16,1.0784804544528015e-05,0.9999892711639404,1.2468747145888415e-09,1.0348548407090874e-10
4,2.171803709094533e-10,9.174774655285045e-12,1.4029305908452253e-14,3.34242831740994e-05,0.9999665021896362,2.8885684955071156e-08,7.431596449336553e-10
4,1.2983905062213807e-09,1.0646069963093918e-11,9.130004152875515e-14,0.0003310799947939813,0.9996688365936279,7.514501021432807e-08,1.0614572554246138e-09
4,3.984297336501186e-10,3.6234477224228456e-11,4.45236219515587e-15,1.5783349738285324e-07,0.9999998807907104,3.90873972078154e-10,8.67155403039277e-10
4,6.117879098287149e-13,1.374666456648065e-14,1.786739979164774e-19,4.934625624786193e-12,1.0,1.7867428456913581e-12,1.7466636470508945e-10
4,8.360889021050144e-13,5.319230299283273e-13,3.4699311628046874e-19,6.625993590608781e-12,1.0,6.286633540131259e-13,3.1988165588581197e-11
4,1.0518770912886638e-13,1.49895270214152e-14,8.55552455199199e-20,7.251497037390198e-13,1.0,5.958789234608575e-13,2.3985910146961942e-08
4,3.739575584415199e-14,3.765293469810277e-13,3.551997560833663e-21,2.487481317388525e-14,1.0,3.774235833803666e-14,1.5699515298894795e-10
4,3.1418989724371973e-14,2.878775559947422e-12,5.7904561388433435e-21,1.7868741086931282e-14,1.0,1.6586514469838984e-14,2.0121622423818764e-10
4,1.115802007132247e-15,1.8274500023039014e-13,1.656323279949521e-23,3.0895219039912735e-17,1.0,4.711194605650458e-16,1.3379981844696687e-10
4,1.6386506951696078e-12,1.313856939910707e-10,5.398045226695753e-19,1.509511509930131e-13,1.0,1.8541971343738473e-13,1.529736892713629e-09
4,5.952947553303223e-14,1.886985012689024e-09,2.300659894354897e-20,2.5254055235359417e-14,1.0,5.0126549233035084e-14,1.1584854853197157e-08
4,7.842864405875963e-16,1.67069298933481e-12,6.955209896490892e-23,2.312163835570193e-16,1.0,4.87928458826393e-16,9.21997056479995e-09
4,2.3369675986040228e-11,1.519264575255974e-11,6.791082022399923e-17,3.0190849820144194e-11,1.0,1.4467367408232956e-11,6.818781539408292e-09
4,8.081613503407858e-12,1.1382477425880833e-11,3.0584575083181202e-18,5.050336451123405e-12,1.0,1.4763955032484621e-13,1.4029384320934923e-09
4,7.081925323948468e-12,5.6844880365336525e-12,2.6870290114537405e-18,2.2961551063294117e-11,1.0,5.51928404848444e-15,6.652978168375512e-09
4,5.894764711078526e-12,2.2841938843859433e-12,1.0616216927264553e-18,3.769213066662225e-11,1.0,1.063548756374366e-15,4.259595343114597e-09
4,3.417439248254439e-11,1.987094950389734e-12,3.8933687440809153e-17,8.742030710440218e-11,1.0,4.3040691724647445e-14,1.892385270707564e-08
4,2.2767907351117778e-12,2.3636797814169386e-12,2.536042441774729e-19,9.75980320866432e-12,1.0,4.931698987040026e-16,5.635014943550232e-08
4,4.84792067600992e-12,1.4507848047906613e-11,1.187038403611439e-18,1.0292629595842762e-11,0.9999998807907104,1.4799518473104746e-15,1.4563104855369602e-07
4,1.358507924209551e-11,2.9014421074058383e-12,2.1608174185432784e-19,7.538673851836819e-11,0.9999998807907104,1.334685564507464e-16,1.518291270485861e-07
4,2.155694234229344e-10,3.5747660387386304e-10,5.567236542392196e-17,1.2565530838060113e-08,1.0,1.2367631824396078e-15,4.3538872063209055e-08
4,1.8984159730339734e-11,2.2032511232117358e-11,7.040807311662284e-19,4.625140270775319e-09,0.9999998807907104,5.975644065822698e-17,1.3741023963120824e-07
4,1.9235769921355228e-10,3.246407656587458e-11,1.1644387746212094e-17,1.6170870864584685e-08,0.9999995231628418,4.2590197251650246e-15,4.909574613520817e-07
4,1.1508587485775656e-11,6.819470335650557e-12,3.40837724130459e-18,9.741916162653297e-10,0.9999880790710449,6.389446924429413e-16,1.1909043678315356e-05
4,4.648306392573964e-11,3.648280462453801e-12,1.0113390583300972e-17,2.09170414322557e-09,0.9999961853027344,6.406903426439377e-15,3.838259999611182e-06
4,4.201365921829847e-10,6.614184460546069e-12,9.046459114824962e-18,2.1324876087192024e-08,0.9999899864196777,1.9195050686730483e-14,1.0053901860374026e-05
4,1.7767509685739924e-10,5.926849722809324e-13,1.096412805892859e-18,1.1149177936431443e-07,0.9999890327453613,2.5974574494578868e-15,1.0803661098179873e-05
4,8.634309413280139e-12,1.4955202874700202e-13,4.2018018926043385e-20,2.1798920002424893e-08,0.9999996423721313,2.317222475149873e-16,3.9430133824680524e-07
4,5.947085705837463e-12,6.729274001768997e-15,1.1935340792862011e-21,3.31824279165005e-09,0.9999998807907104,2.651008645858537e-17,7.629179066270808e-08
4,2.0049658114307256e-11,6.700967431221179e-15,1.4497731659410875e-21,2.199326554208625e-10,0.9999997615814209,1.4224786766058002e-16,2.468649711317994e-07
4,5.916069856226613e-10,1.411656436276637e-13,4.314902465779776e-18,4.016506238713191e-09,0.9998569488525391,2.696743517513131e-14,0.0001429946714779362
4,1.597059040570059e-09,1.0200492523131793e-13,1.2720481894333353e-17,8.908864757017909e-10,0.9983021020889282,1.3254839120822176e-13,0.0016979154897853732
4,4.4339787397262853e-10,8.921345717835712e-15,1.5460605354560188e-18,1.535911953176594e-10,0.9999854564666748,1.0178900806273334e-14,1.4489955901808571e-05
4,2.5293553918004363e-09,6.328534837016578e-14,1.5941865486952318e-16,2.2563063917235837e-10,0.9994528889656067,1.5267906296884126e-12,0.0005470684845931828
4,7.116870981427326e-10,1.2215813430249689e-11,5.8327837536365835e-16,2.67477018311979e-09,0.9999984502792358,2.8409185201245905e-14,1.5212058315228205e-06
4,4.359529182096367e-09,2.797470761983778e-11,1.2748609032862696e-14,1.149391781751774e-08,0.9999260902404785,4.196392365540813e-12,7.392466795863584e-05
4,2.081838168521699e-08,2.0740126283058657e-10,4.911493778412927e-14,2.9400246681632325e-09,0.9999427795410156,1.274609237600366e-11,5.725809751311317e-05
4,1.753212297561646e-10,3.1317223814220085e-10,9.684108627717103e-16,1.8598219631016377e-09,0.9999866485595703,1.1385983573076325e-13,1.3350469998840708e-05
4,1.1387387560679585e-11,3.0655580070954036e-12,8.868124765022817e-18,3.519334997037493e-12,0.9999887943267822,1.0369016843064793e-13,1.1258211088716052e-05
4,5.467629127231532e-10,1.3066317472443245e-10,1.4194322696714409e-16,6.623863124666229e-10,0.9999996423721313,1.5603308575751207e-12,3.2241996450466104e-07
4,2.991787026451753e-11,7.435702986495485e-13,8.179436417490129e-19,3.728770625599509e-10,0.9999825954437256,1.0586739547079754e-13,1.7458714864915237e-05
4,3.862054079317723e-11,2.949454569467491e-11,3.179126740154448e-17,6.585854084306675e-09,0.999998927116394,1.0466052937502246e-12,1.1200735343663837e-06
4,1.6697701554768685e-10,2.2062204840800348e-10,3.1812757553858605e-17,2.0673626366374265e-08,0.9999995231628418,1.0016312865929189e-12,4.3107701230837847e-07
4,3.169974560623956e-10,8.562000552991833e-10,3.8555941848324767e-16,6.860754098170219e-08,0.9999772310256958,3.3771852502029187e-12,2.2665280994260684e-05
4,4.530209263275964e-10,1.6505623534612823e-08,3.4035391065695203e-15,5.800998792437895e-08,0.9999699592590332,8.596948673778027e-12,2.9880231522838585e-05
4,2.78188516666944e-09,4.886825877292722e-08,1.296855807827622e-14,4.034766334370943e-07,0.9998408555984497,9.092255594256304e-12,0.00015869090566411614
4,2.95182056575527e-09,4.7225348964730074e-08,7.632620663972078e-15,2.7011586212211114e-07,0.9999834299087524,1.1863932145722567e-12,1.6240490367636085e-05
4,1.7370660465587662e-10,5.738819552902896e-08,4.711295190812945e-16,3.847764418196675e-08,0.9999984502792358,5.610272446263109e-13,1.3812747283736826e-06
4,1.6863000995570587e-09,1.5494235583446425e-07,3.288005930146402e-15,7.186925188307214e-08,0.9999889135360718,5.885218094109357e-12,1.0881925845751539e-05
4,8.001377893585015e-10,3.1795096333553374e-08,2.1703188511900404e-15,2.3749333166733777e-08,0.9999908208847046,2.3815420122086373e-12,9.130744729191065e-06
4,5.480559561732434e-09,2.2613346573052695e-07,9.823813583356017e-14,2.0185959215268667e-07,0.9998986721038818,1.5127704644513074e-10,0.00010086610564030707
4,1.4089051036947353e-09,8.966408415744809e-08,2.0162421604801202e-14,6.289132414849519e-08,0.999944806098938,8.310689636470414e-11,5.5079497542465106e-05
4,9.071502993229785e-10,1.53805554958808e-08,1.8466365182866554e-14,1.0674715156255843e-07,0.9999772310256958,9.510513210297944e-11,2.2627074940828606e-05
4,6.794102347384978e-08,2.3109444100555265e-06,1.653482212260471e-11,1.5834377336432226e-05,0.9974601864814758,1.75682153269463e-08,0.0025215698406100273
4,4.6794582431175513e-07,1.993103751374292e-06,6.054527539045562e-12,3.662906601675786e-05,0.987114429473877,6.221069437373217e-09,0.012846557423472404
6,1.2773412549904606e-07,1.1416943124231693e-07,2.2622441420150352e-10,2.7877345019078348e-06,0.0001800231693778187,3.6682081372418907e-08,0.9998169541358948
6,1.1785950881915142e-08,7.277016607076803e-07,5.47863199251708e-10,2.2991869741417759e-07,7.387349614873528e-05,1.194607346377552e-08,0.9999251365661621
6,1.3059252346181438e-08,3.825551431191343e-08,6.020064891032462e-09,4.275746903203981e-07,1.8772424255075748e-06,3.7626232796128534e-08,0.999997615814209
6,3.904741063820438e-08,1.4281933857773765e-08,2.238755847372431e-09,2.1587268861367193e-07,1.976287876459537e-06,7.114307010169796e-08,0.999997615814209
6,9.767939701532669e-08,5.362546673381985e-08,1.7006378527639754e-08,7.241558250825619e-07,2.8363042474666145e-06,4.4356809780765616e-07,0.9999958276748657
6,3.420067784531966e-08,4.609865200677632e-08,5.2858514010267754e-08,7.218734481284628e-07,1.4708729167978163e-06,8.739835379856231e-07,0.9999967813491821
6,5.961565463508123e-09,1.381463619054557e-07,2.0398053024450746e-08,3.8740483887522714e-07,4.664279003918637e-06,3.2066003541331156e-07,0.9999945163726807
6,4.605427594839284e-09,1.0046448117861928e-08,3.9231309867382436e-10,9.419241386865451e-09,6.233001386135584e-06,9.851930116155927e-08,0.9999936819076538
6,3.273303184059273e-09,5.9682867536992035e-09,1.944164162992479e-09,2.9469532591974712e-08,1.1380902833479922e-05,3.7782427853017e-07,0.999988317489624
6,1.3177662086527597e-11,8.896979290448637e-13,7.729126366706751e-12,2.858031866725952e-10,9.854490912175606e-08,1.8096260490096938e-08,0.9999998807907104
6,2.97862401410498e-10,7.620148262388327e-11,2.7830684978802367e-10,3.4310785324009885e-09,4.13888017192221e-07,5.51760699352144e-08,0.9999996423721313
6,1.4167341078064055e-08,8.314182120550129e-10,2.9644184884602964e-09,4.4258445797140666e-08,1.2309222938711173e-06,4.469680163765588e-07,0.9999983310699463
6,3.2840146158008565e-09,2.383160335739376e-10,8.444654420181053e-10,4.777985118664674e-09,3.451100099027826e-07,9.221378149959492e-08,0.9999995231628418
6,2.37692301396919e-08,1.0468580446953979e-09,2.1911559233700473e-09,2.3551036676394688e-08,7.133286317184684e-07,6.764688578186906e-07,0.9999985694885254
6,3.822631544636579e-09,1.7372872029852715e-09,9.481025964319656e-10,1.3340819116081093e-08,1.4814547739661066e-06,1.1171521236974513e-06,0.9999974966049194
6,8.113187455194293e-09,4.3483785461262414e-09,1.1711051017826435e-09,1.1626266172015676e-07,5.877992407476995e-06,6.842494144621014e-07,0.9999933242797852
6,6.575244793083357e-10,3.676369653149436e-09,1.9015279628664672e-10,2.7292607285289705e-08,2.5964798169297865e-06,2.954130593479931e-07,0.9999970197677612
6,9.49157197283057e-09,8.364329318055752e-08,3.8811964753193706e-10,1.0159017449495877e-07,3.6567391362041235e-05,6.612746119571966e-07,0.999962568283081
6,1.0981093367945505e-07,7.867110412007605e-07,1.953051764758129e-08,1.1444520708892014e-07,5.8742010878631845e-05,1.3721218010687153e-06,0.9999388456344604
6,7.357519926642908e-09,3.334740839022743e-08,3.3235574292689307e-09,2.0287659552309378e-08,1.6971907825791277e-06,2.359955715292017e-07,0.9999980926513672
6,9.400862310826597e-10,3.134982407004827e-08,7.272726865181767e-10,1.6822804260741009e-09,3.632262135511155e-08,6.221186765742459e-08,0.9999998807907104
6,1.2700282492339454e-10,1.589510745247935e-08,5.630472824091903e-11,1.3416430189039374e-09,4.281255527871508e-08,1.2322444398193966e-08,1.0
6,4.043113399632148e-09,6.493703352816738e-09,7.930974210701436e-10,3.9783509819812934e-09,4.746035529024084e-07,1.728444090076664e-07,0.9999992847442627
6,4.610489490186609e-10,7.439765425942824e-08,5.410665249172553e-10,2.871797910586338e-09,9.93668720639107e-08,9.26561583014518e-08,0.9999997615814209
6,5.754937859592246e-09,3.6020867355546216e-07,2.820687461380089e-09,1.0146068873950753e-08,1.1601869118749164e-06,4.0469043938173854e-07,0.9999979734420776
6,8.025787145982122e-09,1.7063980806142354e-07,2.294974654759585e-09,1.190433884801223e-08,1.469386916141957e-06,5.043475539423525e-07,0.9999978542327881
6,1.0062017885559271e-08,5.7956061283448435e-08,1.973521568388037e-09,2.95900530744575e-08,3.37264026484263e-07,2.23121020326289e-07,0.9999992847442627
6,8.395063533228608e-10,1.4955089966406376e-07,4.240492956775199e-10,3.1756266505311714e-09,1.6214688969284907e-07,7.83381821634066e-08,0.9999996423721313
6,6.53212168799655e-08,2.8326121537247673e-05,5.529726365693932e-08,4.7506316036560747e-07,2.0314046196290292e-05,3.993737664131913e-06,0.9999468326568604
6,8.11187490512566e-08,3.576489689294249e-05,2.2730352711164414e-08,3.017096616986237e-07,2.8767955882358365e-05,1.0419585123599973e-06,0.9999340772628784
6,1.1538762123564084e-07,0.0001962980895768851,8.40270999447057e-08,5.31902912825899e-07,5.305239756125957e-05,2.4107205263135256e-06,0.9997474551200867
6,2.8526917716931166e-08,7.198974344646558e-06,4.3656697812366474e-08,4.929900683237065e-07,6.610359832848189e-06,1.088451995201467e-06,0.9999845027923584
6,1.0805035088878867e-08,3.2256786653306335e-05,4.3344016376067884e-08,2.8494488901742443e-07,9.838075129664503e-06,9.641316864872351e-07,0.9999566078186035
6,1.2365108048584261e-08,4.465772508410737e-05,6.073817360174871e-08,2.8260978979233187e-07,8.433586117462255e-06,1.653526965128549e-06,0.999944806098938
6,1.6675930636367298e-09,1.7544813090353273e-05,2.0905744690935535e-08,3.2756895507191075e-07,1.2493728718254715e-06,9.898748203340801e-07,0.9999799728393555
6,5.959171822667031e-09,2.0062907424289733e-05,3.3600983329051815e-08,3.047705092740216e-07,7.085660058692156e-07,7.72924295233679e-07,0.9999781847000122
6,6.187469203666751e-09,4.091092705493793e-06,2.696370771104739e-08,2.174018192135918e-07,4.868430210080987e-07,1.0365372418164043e-06,0.999994158744812
6,1.2173961838612968e-09,9.936754395312164e-06,9.993807559283141e-09,2.005025550033679e-07,2.2381011888228386e-07,3.626929299116455e-07,0.9999892711639404
6,3.65136934021848e-08,0.00025689834728837013,2.46794485292412e-07,2.8230201110091e-07,1.786164716577332e-06,2.6544421416474506e-06,0.9997381567955017
6,3.899090827985674e-08,5.71855234738905e-05,8.635839066073459e-08,5.7100209005511715e-08,3.410900717426557e-06,1.0900801044044783e-06,0.9999381303787231
6,2.5366709621721384e-08,2.537173349992372e-05,1.1083740503181616e-07,7.624146292073419e-08,1.7921598782777437e-06,1.2587804576469352e-06,0.9999713897705078
6,4.382771479072289e-09,2.072325150948018e-05,1.3890400829552618e-08,8.29234707566684e-08,1.9419489944993984e-06,2.39454635675429e-07,0.9999769926071167
6,2.5287676397311998e-09,4.792549134435831e-06,1.260205939601633e-09,1.276981809184008e-08,5.200757868806249e-07,3.4338391685651004e-08,0.9999946355819702
6,1.0923937310280962e-09,2.27884584091953e-06,7.865125772887893e-10,9.596993422178457e-09,6.520073725369002e-07,4.2834315649997734e-08,0.9999970197677612
6,1.406600169673311e-09,1.4998544202171615e-06,1.6920204126691374e-09,4.429007560702303e-08,8.49734703933791e-07,1.2357936896023602e-07,0.9999974966049194
6,3.9631015136265546e-10,3.9580274346917577e-07,4.851065105171415e-10,4.861073321649201e-08,6.419222131626157e-07,1.7994645418184518e-07,0.9999988079071045
6,3.6832673022679785e-10,1.24467604223355e-07,7.0468259005807e-10,2.79692045523916e-07,2.5031320660673373e-07,2.559316953920643e-07,0.9999990463256836
6,6.223015991402292e-10,2.399927154783654e-07,4.554271404444421e-10,1.5326128277592943e-07,8.507470283802832e-08,6.112770734034711e-08,0.9999994039535522
6,5.488994814228931e-10,2.929350557678845e-07,2.852752201132347e-10,5.089629553367558e-07,1.564664131592508e-07,3.078228161257357e-08,0.9999990463256836
6,5.997424085135705e-11,6.620863501893837e-08,3.289446839915833e-11,2.1571713659795932e-07,7.51132631648943e-08,6.001813268596834e-09,0.9999996423721313
6,1.8523839406814346e-10,5.946625591946031e-08,2.447077263045827e-11,1.002700059871131e-06,2.0298926983741694e-07,6.5364460510863864e-09,0.9999986886978149
6,2.8375126692736785e-09,1.9678340379414294e-07,2.4419619104598667e-10,3.256491709180409e-06,5.124081781104906e-07,2.4386690000710587e-08,0.9999960660934448
6,1.6383410184062086e-09,5.166496563902001e-08,1.5094422933792373e-10,1.5005996374384267e-06,1.7273632124670257e-07,2.1286814089194195e-08,0.9999983310699463
6,4.405942277685426e-10,8.568158627042521e-09,3.465856074358342e-11,3.2819295370245527e-07,7.884951003234164e-08,2.0128888778003784e-08,0.9999995231628418
6,4.689063026752649e-10,1.1991867054916838e-08,3.906738474390714e-11,4.152440169491456e-07,7.913590849284446e-08,1.56344377444384e-08,0.9999994039535522
6,5.947393966199144e-11,2.209478466852488e-08,5.251480500456651e-11,1.6803593894110236e-07,8.94701024378719e-09,1.0310818865377769e-08,0.9999997615814209
6,1.816684996880369e-10,5.670818836733815e-08,1.411117223071301e-09,5.231489126344968e-07,3.485775579292749e-08,1.1863108539955647e-07,0.9999992847442627
6,8.757514158297397e-11,2.981440516691691e-08,7.121632172868431e-10,1.64494096566159e-07,1.2761895540336354e-08,1.0564441765836818e-07,0.9999996423721313
6,1.0631083791068363e-09,3.125958016880759e-07,3.1623743623754308e-09,6.948945951990027e-07,2.442604341013066e-08,3.6309953088675684e-07,0.9999986886978149
6,1.135566085608275e-09,1.0164142594248915e-07,4.1657863270039286e-10,2.219256884927745e-07,1.1178973302605755e-08,2.473596971697134e-08,0.9999996423721313
6,1.9285391061885093e-08,7.279157898665289e-07,4.53284565438139e-09,1.1179713510500733e-06,3.0087424107705374e-08,4.473122672266072e-08,0.9999980926513672
6,4.125699337720334e-09,4.290101855985995e-07,1.0570667896558916e-08,1.2959274044987978e-06,5.340317699165098e-08,1.6012407400012307e-07,0.9999980926513672
6,1.2396143833637296e-10,1.923623393906837e-08,4.814190712743027e-10,2.8670488205762013e-08,1.1610573613651809e-09,2.448366558382986e-07,0.9999997615814209
6,1.344913243273016e-11,4.928201846610136e-08,7.626126119486543e-11,2.5846109252825045e-08,1.3981298341292359e-09,7.915134858649253e-08,0.9999998807907104
6,8.78353759083822e-13,2.822997835494334e-08,3.03391478606585e-11,5.674919645315413e-09,1.0348722989661496e-09,2.598337189851918e-08,0.9999998807907104
6,1.214158548007438e-12,8.299418041701756e-09,6.363168672529618e-12,1.9557013786197786e-09,4.795505104127074e-10,1.3351927563576282e-08,1.0
6,1.3074209683633375e-12,2.746606320158662e-08,1.2221429424030816e-10,1.1111504605310074e-08,4.656803387348418e-09,6.592260604065814e-08,0.9999998807907104
6,2.95894454771517e-11,3.5335293091520725e-07,1.39667377663244e-09,5.741857123098271e-08,4.052928659348254e-08,2.5504218115202093e-07,0.9999992847442627
6,9.210925355773725e-10,8.611780799583357e-07,1.577489250337294e-08,3.958494403377699e-07,1.1100765107130428e-07,1.1653072533590603e-06,0.9999974966049194
6,5.882859477335245e-11,1.1474362793251203e-07,3.1969640268414423e-09,1.0263553917866375e-07,9.444932835833697e-09,2.203864539751521e-07,0.9999995231628418
6,1.949432585843236e-12,1.2459480558391078e-07,1.6080244913396768e-09,5.856645657331683e-08,5.760589338876798e-09,6.101718099671416e-07,0.9999991655349731
6,6.8966963216732236e-12,7.346160657561995e-08,7.121276346389038e-10,5.98118674588477e-08,1.2030399787477108e-08,6.26673909209785e-07,0.9999992847442627
6,6.02057154130975e-11,1.1650382703010109e-07,1.8633101728227075e-09,1.3372843454817485e-07,2.706622304060602e-08,8.5976375885366e-07,0.999998927116394
6,3.003410367630188e-11,6.30510470500667e-08,6.084232562209024e-10,4.624356364502091e-08,1.2045258124260272e-08,2.7590826334744634e-07,0.9999996423721313
6,6.929601892302628e-10,3.7053823120913876e-07,6.407199659719254e-09,1.4237075163237023e-07,1.0532527738860153e-07,2.010175876421272e-06,0.9999973773956299
6,3.877879684033303e-10,9.252075727772535e-08,2.104932006474769e-09,9.564448788523805e-08,7.09323089154168e-08,1.1863534155054367e-06,0.9999984502792358
6,2.0088085708747094e-11,2.0431135894227737e-08,5.018804816181444e-10,3.155793137921137e-08,1.02304609228554e-08,4.0276128743244044e-07,0.9999995231628418
6,4.855175289586455e-12,6.329828217133127e-09,9.877735435148693e-11,1.078773070872785e-08,3.2796214632924148e-09,1.1477934691583869e-07,0.9999998807907104
6,2.438479106137148e-11,2.025687706463941e-08,2.836742507561496e-10,3.220682742721692e-08,1.2045834552054657e-08,1.692368130079558e-07,0.9999997615814209
6,8.466229800552227e-11,5.9170673694097786e-08,2.6467998903711987e-09,1.505790265809992e-07,4.517870522136036e-08,1.9956653432018356e-06,0.9999977350234985
6,3.719069149865639e-11,5.0648100824446374e-08,1.0079178602850902e-09,8.554389552273278e-08,3.080528898635748e-08,1.293937316404481e-06,0.9999985694885254
6,3.920372360077806e-11,1.3657643016529164e-08,3.4907390866756316e-10,1.6204869268676703e-07,3.045464325168723e-08,1.3968212897452759e-06,0.9999984502792358
6,8.797348266531557e-12,7.980549554531535e-09,8.42943839729493e-11,5.071472131135124e-08,2.5450427543205478e-08,9.876370086203679e-07,0.999998927116394
6,2.6104641018265262e-11,9.061476902161303e-09,1.5984993884110565e-10,1.0098657554635793e-07,5.0348717195447534e-08,1.778411615305231e-06,0.9999980926513672
6,1.231314356031632e-10,1.8165449588991578e-08,3.303903262086294e-10,1.8728155737335328e-07,1.8049757954941015e-07,3.9110313991841394e-06,0.9999955892562866
6,1.0802797892339733e-11,1.5419331367283462e-09,4.839889947150233e-11,5.730761643008009e-08,3.7195373892018324e-08,2.79917935586127e-06,0.9999971389770508
6,1.0646975922429247e-12,5.237333344787487e-10,1.6385273346464224e-11,2.6088768478871316e-08,1.501971524930923e-08,1.4444774478761246e-06,0.9999985694885254
6,6.037591433749601e-12,2.2660473497637668e-10,2.95335110533923e-11,1.131173732460411e-08,8.594772005210416e-09,6.392326667992165e-07,0.9999994039535522
6,4.461174051700878e-12,2.1652481890788167e-11,5.872240194104705e-12,7.56564411119598e-09,8.100882631367767e-09,5.023447329222108e-07,0.9999995231628418
6,2.0715462331621914e-11,5.8157933330305056e-11,2.3359045600579442e-11,3.2423450591068104e-08,7.597438234085985e-09,1.084485802493873e-06,0.999998927116394
6,4.3947897404583713e-11,1.7546146480196256e-10,3.4923428732236417e-11,1.8116328703854379e-07,4.79425068533601e-08,8.825514669297263e-06,0.9999909400939941
6,8.05571147982631e-12,1.2560692069785162e-11,4.6466983906479076e-12,1.1190217641399158e-08,1.9021217934067636e-09,2.6109120199180325e-07,0.9999997615814209
6,1.7406675059672416e-11,1.653957353020541e-11,3.875962051314019e-12,2.9655408795292715e-08,1.1643321862209177e-08,1.1172591030117474e-06,0.9999988079071045
6,8.716011939968737e-11,9.073526652247921e-11,1.3805075138595413e-11,9.997394556648942e-08,2.3671731241847738e-08,1.275195472771884e-06,0.9999985694885254
6,1.394783455399562e-10,1.6679583061951497e-11,1.4997577832409625e-11,7.619811270842547e-08,1.6253681067723846e-08,2.1931373339612037e-06,0.9999977350234985
6,4.09338812845661e-10,1.680259542613527e-10,5.580596054710618e-11,1.7316263267730392e-07,4.6370146833396575e-08,1.7365654230161454e-06,0.9999980926513672
6,1.3534429132988635e-10,4.7183406487461e-11,1.106387030602729e-11,6.752072323479297e-08,2.852432956501616e-08,1.1930045502595021e-06,0.9999986886978149
6,1.0958558505080873e-09,1.824985496057252e-09,6.693848253469525e-11,7.91603667948948e-07,1.595986759639345e-05,1.1023452316294424e-05,0.9999722242355347
6,1.748708400306498e-10,1.3460380365870606e-08,3.334662407317168e-11,2.1777616154849966e-07,3.886641934514046e-06,7.450945531672915e-07,0.9999951124191284
6,3.893334959981232e-11,5.544643855159848e-09,2.8059441922745343e-11,6.533800700481152e-08,1.578053314688077e-07,7.80360593921614e-08,0.9999997615814209
6,2.5820198409909345e-11,9.684029578238551e-09,6.116132600375579e-11,4.465184844093528e-08,1.878045878811463e-07,4.087320704115882e-08,0.9999996423721313
6,6.779700412185008e-11,9.7665777687439e-09,4.108247075862437e-11,9.504192988174509e-09,2.2978758451586145e-08,1.7930384288433743e-08,1.0
6,4.032114225838157e-11,1.6791844359431707e-08,1.0083262003135474e-10,2.2154752699066194e-08,5.218259957473492e-08,2.048922027597655e-07,0.9999997615814209
6,3.122421418644272e-11,3.811263127317943e-08,1.0027952912494698e-09,8.160905906606786e-08,1.7584012468319088e-08,1.1431473012635252e-07,0.9999997615814209
6,7.662195877777833e-11,1.0242065684451518e-07,8.394103190312308e-10,8.716500587979681e-08,3.754286836965548e-08,1.0589113941250616e-07,0.9999997615814209
6,2.82422396580273e-09,2.552600619765144e-07,7.1271801793670875e-09,1.276937155125779e-06,2.2856350767597178e-07,4.7156643745438487e-07,0.9999977350234985
6,4.683355370183051e-10,7.181513979048759e-07,5.283870674333002e-09,7.043821028673847e-07,9.849513560311607e-08,2.4279498234136554e-07,0.9999982118606567
6,2.3662333203944286e-10,2.509062255739991e-07,4.4633563511808916e-10,3.269192916377506e-07,1.1677116873443083e-07,2.603380977461711e-08,0.9999992847442627
6,5.273698838736962e-11,6.360046995723678e-07,4.793380359302546e-09,3.953161069603084e-07,7.007827207416994e-08,8.823967334592453e-08,0.9999988079071045
6,2.9589684868991384e-11,2.4625077799100836e-07,5.267928759877805e-09,1.8183154679718427e-06,2.8091239556715664e-08,5.760343313454541e-08,0.9999978542327881
6,3.0534130779358293e-10,2.84000890360403e-07,5.516916257164439e-09,2.492363591954927e-06,9.319043670075189e-08,1.0654787985231451e-07,0.9999970197677612
6,1.3983385283022898e-10,1.6939297609042114e-07,6.065252300402335e-09,7.705894518039713e-07,4.502966888253468e-08,9.24266174706645e-08,0.999998927116394
6,1.9182311294940746e-10,9.526623756528352e-08,6.653655959532045e-10,4.804367677024857e-07,4.5201968390529146e-08,2.0633404318459725e-08,0.9999994039535522
6,2.9991206740298537e-10,3.463480311438616e-07,1.965572060669274e-08,2.7947339731326792e-06,9.395802891276617e-08,2.3836113882680365e-07,0.999996542930603
6,2.205954086065276e-09,7.288613801392785e-07,2.9176483451465174e-08,6.407447472156491e-06,1.3147668198598694e-07,1.590333766898766e-07,0.9999926090240479
6,2.438638624369105e-09,9.190785021928605e-07,1.5079921311667022e-08,2.991311248479178e-06,3.5830765909850015e-07,1.8252040945299086e-07,0.9999955892562866
6,1.9350787638927613e-09,5.531680358217272e-07,2.8805397178643943e-08,4.362878826214001e-06,3.096387501955178e-07,2.0176190673737437e-07,0.9999945163726807
6,4.4906467433492026e-10,1.6753737952512893e-07,4.0185637040224265e-09,5.139537506693159e-07,2.971128196804784e-07,6.91982080525122e-08,0.9999990463256836
6,1.311997732678094e-10,1.350342273553906e-07,2.1967732077854407e-09,3.2736068078520475e-07,2.1925454518623155e-07,1.1057569082595364e-07,0.9999991655349731
6,6.506330196831556e-11,8.850420130102066e-08,3.9099609661086276e-10,1.4997077357747912e-07,3.730076514329994e-07,2.6672902109226015e-08,0.9999994039535522
6,8.246400957923061e-12,1.942285798861576e-08,1.5715748147293596e-10,4.672160969221295e-08,1.5617611381912866e-07,3.0164986952740946e-08,0.9999997615814209
6,2.697795545986148e-12,1.0431167041247136e-08,6.145368242060911e-11,2.5619502963536434e-08,9.633172481926522e-08,1.1396005028529999e-08,0.9999998807907104
6,1.1646349303787856e-13,4.6437738099314174e-09,4.850328125249881e-11,5.9578582067842945e-09,2.8285983333375952e-08,5.078056641849571e-09,1.0
6,5.111123113285543e-13,2.640170304601952e-09,1.0080181481186834e-11,7.743893526424017e-09,8.113276095400579e-08,7.873012242143318e-10,0.9999998807907104
6,2.9222956519914245e-13,2.508374619125675e-09,7.053027606396256e-11,2.675738519641868e-09,1.3207608162701945e-07,1.4616685639623483e-09,0.9999998807907104
6,6.646973824218222e-14,2.3526141035290493e-09,6.166764876525122e-10,9.765175335019194e-10,1.905943847191338e-08,2.0412243006973085e-09,1.0
6,2.873337689741212e-13,1.9102079917843184e-09,3.6110997525540256e-10,3.173240559206647e-10,6.185949530390644e-08,7.693041204070994e-10,0.9999998807907104
6,7.102473123521413e-12,1.4309443630011742e-09,6.687579379160979e-10,1.4422774086142454e-09,9.802899825217537e-08,1.1572635072454318e-09,0.9999998807907104
6,3.53276977983763e-13,2.1581103570866844e-09,7.186545247783727e-10,9.68112923160902e-10,3.7744850800436325e-08,3.1224076657565547e-09,1.0
6,9.024478755427501e-13,8.207186930064836e-09,1.75137255808977e-08,6.8997647595381295e-09,2.0771183883994127e-08,1.5513103690523167e-08,1.0
6,3.8460069005409603e-13,2.4750266280904043e-09,4.037560064062973e-09,1.6483929776711648e-09,6.37791730540016e-09,1.767369184335621e-08,1.0
6,3.5019759986841537e-13,2.03048378111248e-09,2.091787854041627e-09,4.74218841972629e-09,2.753392625010065e-09,2.4113019136962066e-08,1.0
6,1.475761922603916e-13,6.335516999911306e-09,1.5903870220768113e-08,2.187634517980541e-09,1.6582473172377377e-09,8.358693293075703e-08,0.9999998807907104
6,9.189771339734865e-13,1.244733205396642e-08,7.90092258284858e-09,3.509748225383191e-08,2.5875199760605483e-09,2.5038536577426385e-08,0.9999998807907104
6,2.1439676477306296e-13,2.1576502362563588e-08,1.983232955637959e-08,5.5424905553991266e-08,8.581060861878598e-10,5.007280279301085e-08,0.9999998807907104
6,1.4279476581204043e-13,2.517637085475144e-07,5.046862838753441e-07,2.1573545438968722e-07,8.635016257585448e-09,1.2070053116985946e-06,0.9999978542327881
6,7.950359121045025e-13,2.2371385455244308e-07,4.002974307582008e-08,9.952273103408515e-07,6.298063848220181e-09,1.497842703201968e-07,0.9999986886978149
6,3.6599545551359303e-13,7.231923291328712e-07,1.4742904852482752e-07,7.964719088704442e-07,4.769967976159251e-09,1.531139901089773e-06,0.9999967813491821
6,8.24889689974434e-13,2.735737325565424e-07,2.5364636258018436e-07,7.342734988924349e-07,2.208124794123023e-09,1.0200116093983524e-06,0.9999977350234985
6,8.045492982770852e-14,2.646175119025429e-07,2.0293747127198003e-07,3.3909194030457e-07,3.3770081175887867e-10,1.0867428272831603e-06,0.9999980926513672
6,3.175473664400463e-14,7.48362793956403e-08,5.670363734111561e-09,6.695574938930804e-08,1.552015738148782e-10,8.456446920490635e-08,0.9999997615814209
6,1.5763636869361303e-13,2.6927470031523626e-08,6.573835698020503e-09,2.101248526287236e-07,2.497340390039682e-10,1.0090779056781685e-07,0.9999996423721313
6,1.3334151220244922e-13,4.137331544029621e-08,4.507480166893174e-09,1.3776752894045785e-07,4.5903780776512804e-10,9.82916645853038e-08,0.9999997615814209
6,6.994028972509905e-15,1.496497503694627e-08,7.248091016265334e-10,3.1314023374307e-08,7.422293335501706e-11,4.427920075045222e-08,0.9999998807907104
6,1.5746623704395932e-14,3.528852232648205e-08,5.769772992714195e-10,6.414322939463091e-08,3.321823371926769e-11,3.6076542642149434e-08,0.9999998807907104
6,4.4546999552683153e-13,3.230068656989715e-08,2.5142550263979047e-09,5.961611009297485e-07,1.4696480143960855e-10,3.424998595846773e-08,0.9999992847442627
6,1.7979313784305395e-12,3.9741831159290086e-08,1.004352781497353e-10,3.3463635418229387e-07,8.983598309697527e-10,9.975571479969858e-09,0.9999996423721313
6,4.8608606723066217e-11,1.0034359831934125e-07,2.5955191329529725e-09,5.103243893245235e-06,2.5827155525348644e-08,3.422227123905941e-08,0.9999947547912598
6,4.024486299769592e-10,5.702940484297869e-07,1.794854753711661e-08,3.3485105177533114e-06,3.4591121078619835e-08,2.414979860532185e-07,0.9999958276748657
6,2.335868315179318e-13,8.248824201473326e-08,2.5279363047303605e-09,5.6268945058945974e-08,4.762516492284874e-10,7.289565928658703e-08,0.9999997615814209
6,3.4785580665941396e-11,8.9816701631662e-08,2.8447568745093577e-09,2.3746380861666694e-07,2.47654714513601e-08,1.8594150219541916e-07,0.9999995231628418
6,7.601404748702745e-12,3.995045716465029e-08,5.121904012028722e-10,2.4557070332775766e-07,2.08175841009961e-08,8.13010903044642e-09,0.9999997615814209
6,4.70933925536543e-12,6.292736287605294e-08,1.3420576294720377e-07,6.670683205811656e-07,1.0784182435941148e-08,2.6488183380024566e-07,0.999998927116394
6,2.815701838354556e-10,1.8424883307943674e-07,2.1739081645932856e-08,3.0109296744740277e-07,1.782065695010715e-08,7.167589188838974e-08,0.9999994039535522
6,1.65530991691476e-11,3.330697850856268e-08,2.7594131424280022e-08,9.439159498469962e-08,4.637453976386041e-09,2.7421307891017932e-08,0.9999998807907104
6,1.9384160943047846e-10,3.347121690921995e-08,1.2050929143470057e-09,2.6523247598220223e-08,2.9246763233459205e-07,7.597820150806456e-09,0.9999996423721313
6,6.498356713846576e-11,1.0948423323497991e-07,2.3751705047203586e-09,4.318257396107583e-08,2.01399416255299e-07,1.8445922123078162e-08,0.9999996423721313
6,2.2112924338846263e-11,1.6218535847656312e-08,1.7073291669333912e-09,6.967141530367371e-09,8.765167081037362e-08,1.770618318630568e-08,0.9999998807907104
6,3.735081254702122e-12,5.885797182969554e-09,1.6058926410877916e-09,1.082167422339353e-08,5.4184489783892786e-08,4.225618610576021e-08,1.0
6,5.88988623498321e-12,5.233178779207037e-09,2.3045537700383534e-10,2.8761670822774477e-09,1.3234894424840604e-07,9.469107276061095e-09,0.9999998807907104
6,2.326259607306983e-14,2.4732851322539773e-09,6.755990766826869e-10,3.589599173459135e-10,5.813499015516754e-09,1.3316549640762787e-08,1.0
6,6.535344097488571e-13,1.396962545641145e-09,8.964414210943517e-10,6.095350890689133e-10,4.218998839178312e-08,4.5880998555958286e-08,1.0
6,2.279883638649227e-13,1.3382080998880497e-09,2.1076139444797803e-10,1.193258547527165e-10,3.220100097678369e-08,4.405007913987902e-08,1.0
6,1.046577392484942e-14,2.2711459102264797e-10,8.086813857444142e-11,4.2317583465179e-11,6.168650923399355e-09,2.5111187795801015e-08,1.0
6,5.8515378042426226e-15,8.190024353149639e-11,1.416007588961321e-11,1.6282116280241787e-11,6.734085289394898e-09,2.940995003086755e-09,1.0
6,4.404557773195206e-14,1.2329813559031066e-10,6.577317857026088e-11,3.1079836620984125e-11,1.2705236862586844e-08,9.549857793444971e-09,1.0
6,2.94938532418524e-14,1.0821807339134182e-10,3.083956007232658e-11,3.7531509150534603e-11,1.3216750360811602e-08,1.0636479252923436e-08,1.0
6,1.578480837317463e-15,1.3045030333724839e-10,2.7920854864249556e-11,1.1015523215807121e-10,1.2148119843402583e-08,2.2397916410454854e-08,1.0
6,7.616106274357698e-16,2.5150407798046892e-11,5.230105628098447e-13,6.967398012702741e-12,8.6645988162104e-09,2.2146042777393404e-09,1.0
6,2.484331540670865e-15,1.38606600155744e-11,2.4853970877897202e-12,6.321871498515819e-11,5.0274636009817186e-08,1.1039280600755319e-08,1.0
6,8.099672089989258e-15,5.298790919927576e-11,1.9715644047901826e-11,1.7705052701710855e-10,5.5603326387654306e-08,3.1700199798478934e-08,1.0
6,7.462224740038825e-14,4.722208388208138e-11,1.098446420627619e-11,5.69416909457221e-11,2.7371913802198833e-07,1.660203885478495e-08,0.9999997615814209
6,2.807176793264126e-14,6.538255353794042e-11,2.4019519012652424e-11,6.384798939551573e-11,6.1833894449137e-08,1.969301166582227e-08,0.9999998807907104
6,1.2366110468519514e-13,1.696871532175237e-10,6.489266762832457e-11,3.9510356791838674e-11,6.307920585868487e-08,1.3065809767454084e-08,0.9999998807907104
6,6.234352904798193e-14,2.1001412414678455e-11,9.899157014936488e-12,2.042336091911956e-11,3.780501600658681e-08,5.599086749796811e-10,1.0
6,1.6399686106728997e-14,1.391516784611524e-12,7.425585753922936e-13,1.5046027574891485e-12,1.1787866682766435e-08,1.8725389294704797e-10,1.0
6,2.0057962537130486e-15,9.824827990013649e-14,1.3395843679112063e-13,8.383276711709797e-13,6.061115498390279e-10,5.8313839867985e-11,1.0
6,2.916034799491465e-15,8.724210319010356e-14,5.0037709029395264e-14,5.150061150108187e-13,2.1038346065260782e-10,2.4117166597115158e-11,1.0
6,1.2332823428945136e-14,4.2475872537132975e-13,1.046710136100304e-12,7.137756097980175e-12,9.876837125943894e-10,6.253226408903245e-11,1.0
6,3.10940056288836e-15,3.010734023201067e-12,2.5514512377866616e-12,9.831736119680912e-12,2.5928112989959118e-09,9.043546467246699e-11,1.0
6,4.345558963803628e-15,4.476638244127473e-12,3.338809090314143e-11,3.637345286078286e-11,8.494952297155578e-09,3.5735867043307223e-10,1.0
6,1.3069154040432746e-15,2.525422362550933e-12,4.82482239924642e-12,1.3492118880464865e-11,6.237862448799092e-10,3.293153250094605e-10,1.0
6,2.8505965491733287e-13,9.894494078233063e-12,8.895581493639781e-11,2.8324986800498664e-10,3.455115749062543e-09,8.653942007441628e-10,1.0
6,4.5463871382878107e-13,7.85222060983859e-12,3.075157142817808e-11,1.1032239705111024e-10,3.017344152311807e-09,4.2325354332461984e-10,1.0
6,3.4778931579278194e-13,4.16002093883705e-11,5.060811492096917e-11,1.491011480947435e-10,5.9544844610570635e-09,5.67225544312322e-10,1.0
6,4.633282906646441e-12,3.845497531518305e-11,1.0008722149679183e-11,3.1881525197619e-10,1.6806041003292194e-08,2.9380445298876623e-10,1.0
6,1.985126125980674e-11,5.216325149604017e-10,6.438940353126199e-11,6.42942366013699e-09,4.560198618719369e-08,1.480980893475703e-10,1.0
6,1.9166295286976442e-11,1.5267199726665126e-09,4.427679334284562e-10,6.9967467375420256e-09,3.898142253433434e-08,1.0134595385125067e-09,1.0
6,9.186729849064434e-11,2.547701605237762e-08,5.387980728244202e-09,3.978026352768893e-09,1.8100547549693147e-07,4.420205090838181e-09,0.9999997615814209
6,3.487687083580937e-10,2.1921868764707142e-08,2.158026202181418e-09,8.274595231227977e-09,8.137496365634433e-07,3.5565383971203346e-09,0.9999991655349731
6,6.561021947959489e-09,1.5300911115900817e-07,2.2781705411034636e-09,1.4466971620663571e-08,3.05049579765182e-05,1.3484314997924685e-08,0.9999692440032959
6,3.5007758469873806e-08,5.200527084525675e-07,4.432074707239053e-09,5.0163041720452384e-08,0.0001291631197091192,2.0446542237095855e-08,0.9998701810836792
6,6.179451617072118e-08,7.724120791863243e-07,6.219744719260234e-10,1.860486342764034e-08,0.0003100055328104645,1.0463429234164323e-08,0.9996891021728516
6,1.133004090547729e-07,7.07658091414487e-06,5.586060503048884e-09,4.526114238956325e-08,0.0004777909198310226,9.857190974571495e-08,0.9995148181915283
6,4.771611372689222e-08,4.9138948270410765e-06,4.521409913138541e-09,4.7295959149096234e-08,0.0005123595474287868,6.616796355274346e-08,0.9994825124740601
6,1.705381258432226e-08,1.2209053465994657e-06,1.258692483574464e-09,2.346919814044668e-08,0.00028060199110768735,3.631882350418891e-08,0.9997180104255676
6,6.464260682292888e-09,1.2190379266030504e-06,1.1814222933281826e-09,6.373835503836744e-08,8.812287705950439e-05,2.8101542426384185e-08,0.9999105930328369
6,5.954719384249074e-09,4.92868593937601e-07,2.964753442746826e-10,8.36353706290538e-08,1.140966469392879e-05,4.049820923057723e-09,0.9999879598617554
6,1.3488675065786992e-08,4.652594327581028e-07,9.88585213690385e-10,1.4582741414415068e-07,4.416377123561688e-06,1.091446399925644e-08,0.9999949932098389
6,9.233708908595872e-09,2.0067099626430718e-07,1.3060188486235802e-09,1.0710830338211963e-06,3.2523894333280623e-06,2.2176132929985215e-08,0.9999954700469971
6,3.2489502199695153e-09,1.0760215474192592e-07,6.807001073916297e-10,1.2291552309307008e-07,4.062202947352489e-07,6.340857616748963e-09,0.9999994039535522
6,6.767601590240702e-09,1.8585737393550517e-07,2.1266981231615745e-10,2.3036072605009394e-08,5.467340542963939e-06,2.5198449993268923e-09,0.9999942779541016
6,7.151390590820483e-09,9.494752362115833e-08,2.073014954140362e-10,3.777722579201281e-09,2.2106605683802627e-06,1.0781735504394874e-09,0.999997615814209
6,6.309924138747647e-09,8.189080347165145e-08,2.7591359752499045e-10,1.2420168227222916e-09,3.791282665588369e-07,9.622527219477206e-10,0.9999995231628418
6,6.398530150164561e-09,1.2004255722786183e-07,3.0001309769822626e-10,2.6215476456314946e-09,3.4001789117610315e-07,8.229782966218124e-10,0.9999995231628418
6,2.0683126322751377e-09,6.173713984480855e-08,3.650696411838794e-11,3.056469244366866e-10,1.028554521553815e-07,2.072537141906139e-10,0.9999997615814209
6,1.310368813456364e-09,3.331975051423797e-08,5.4911117319811353e-11,4.1878306378251295e-10,9.420310220775718e-08,3.531992753824653e-10,0.9999998807907104
6,6.531752361205179e-10,2.0441632386791753e-08,3.7218277071371375e-11,1.2945784721996034e-10,4.341523052175944e-08,2.372652629922811e-10,1.0
6,6.485731951499929e-10,1.4453654273438588e-08,7.909886634571706e-11,1.84949514037136e-10,5.048681117614251e-08,6.626013626664928e-10,1.0
6,2.1533033134346624e-09,2.790933884000424e-08,6.303376570704344e-11,1.027876894710289e-09,1.2336053600847663e-07,3.914282786787737e-10,0.9999998807907104
6,1.2653809944307426e-10,3.3788074560447967e-09,2.7573982593759316e-12,2.1465405841691876e-10,1.142887562366468e-08,1.6502977803756202e-11,1.0
6,7.864425083381477e-11,5.918341816624206e-09,1.9578930490760094e-12,6.26349583310315e-10,1.1100194541313613e-08,1.550725346743942e-11,1.0
6,1.5478942780311478e-11,1.0956250351412677e-09,5.348029961591005e-13,1.7499314497460006e-10,1.4533981795850082e-09,6.64727257612685e-12,1.0
6,2.101797208498013e-10,2.167719515000499e-08,3.4243163860026016e-11,8.540784079968944e-09,7.47693462699317e-09,1.515199354873431e-10,1.0
6,7.484564967796814e-09,1.9910864068606315e-07,6.700804355830314e-10,2.483381251749961e-07,1.8682126068370053e-08,1.3986014568700966e-09,0.9999995231628418
6,1.275453165305862e-08,3.895737279435707e-07,4.976308254356354e-09,1.1401522215237492e-06,1.702404439640759e-08,4.246131002361153e-09,0.9999984502792358
6,1.7980164912501095e-08,3.394566761016904e-07,2.3958539596691253e-09,2.283040657857782e-06,1.206362565397967e-08,1.4151764204939354e-09,0.9999973773956299
6,7.841509663819579e-10,3.730580999672384e-08,4.1007633400091947e-10,3.560453194495494e-07,9.121153832225559e-10,2.4311147539535227e-10,0.9999996423721313
6,3.760456390722311e-09,1.1701338564762409e-07,3.561877015556547e-09,1.7348869505440234e-06,1.4567980155533178e-09,6.93574253585183e-10,0.9999980926513672
6,3.5349645433058186e-09,1.4493387823222292e-07,1.5294001620702602e-09,7.200538334473094e-07,1.5168036826551656e-09,6.801613716689303e-10,0.9999991655349731
6,1.015477368859763e-09,1.6291425097847423e-08,6.090209586639972e-11,2.550342799167993e-07,6.643766647940197e-10,1.1148812428807275e-10,0.9999997615814209
6,7.464716844651775e-09,4.592096658484479e-08,9.45122730078296e-11,8.320373012793425e-07,5.97836624649517e-09,9.775114051535638e-11,0.9999991655349731
6,8.01012323137229e-09,5.629135557683185e-08,3.7129210816999603e-10,6.306494242380722e-07,1.0567656083537713e-08,7.681980607188166e-10,0.9999992847442627
6,2.857482916951426e-09,1.5223763583094296e-08,5.275052269992919e-11,9.395242983600838e-08,1.181699538221892e-08,1.5908951933596427e-10,0.9999998807907104
6,2.943716381764716e-09,1.3104623519666347e-07,8.606286239221106e-10,1.4513564394746936e-07,1.1274284617002195e-08,3.6832510375006677e-09,0.9999997615814209
6,2.2108032737833128e-08,7.576755365334975e-07,4.633512240559412e-09,7.077947543621121e-07,1.634539472661345e-07,1.0263263128251765e-08,0.9999983310699463
6,6.972881716471591e-10,6.024385434955093e-09,2.703308236984281e-11,1.0480011525260124e-07,1.1803276578348232e-08,4.1682030049727814e-10,0.9999998807907104
6,2.7578522798776817e-10,8.936128281789024e-09,3.4602570808672795e-10,3.0692029895362793e-07,1.1489106555018225e-08,6.604195523784995e-10,0.9999996423721313
6,3.796928049748516e-11,6.449415446141415e-10,2.4895543959679856e-11,3.024610117918769e-09,5.355847432220173e-10,9.420750846089732e-10,1.0
6,3.3747418748397706e-10,1.3662270204051197e-09,7.882325347985386e-11,1.1718993553344603e-09,2.2919818820632543e-10,2.0803210265540883e-09,1.0
6,1.4502406220362474e-10,9.692199931521372e-09,6.457511608770616e-11,8.466382594995991e-10,1.2791063763728516e-09,3.4783247393477268e-09,1.0
6,3.467391651579277e-11,1.4934600223170946e-09,2.590386759260266e-11,1.1931181598257012e-09,2.358378381472903e-09,1.0107338299647495e-09,1.0
6,1.0905935043936665e-09,2.716399478686071e-07,7.369679533297813e-09,7.946672297975965e-08,2.4264007691954248e-08,9.350029017696215e-08,0.9999995231628418
6,7.773723331716553e-10,1.2767210932906892e-07,1.6631219734719593e-09,4.702863165562121e-08,3.0477227852543365e-08,6.011873665556777e-09,0.9999997615814209
6,1.0048076815039053e-09,2.5434289341319527e-08,6.669338414866388e-10,3.5918077401220216e-08,3.1016220702895225e-08,4.3462242138581075e-10,0.9999998807907104
6,4.2840714087333254e-08,1.2481348221626831e-06,1.869810262178362e-07,2.5278720841015456e-06,2.7021525283998926e-07,4.0761946706879826e-08,0.9999955892562866
6,2.265981402516104e-09,1.420981902811036e-06,6.72788713629302e-09,5.0642295690295214e-08,1.714903561378378e-07,5.321323381934917e-09,0.9999984502792358
6,3.502649503772659e-09,2.3820753369818704e-07,1.2328973397757181e-08,6.43747313233689e-08,1.8179079575020296e-07,1.4085849819878149e-08,0.9999994039535522
6,5.335594632782659e-09,8.127868795781978e-07,1.0048588627853405e-08,2.8335682245028693e-08,2.294847831763036e-07,8.712768817531469e-08,0.9999988079071045
6,1.552770412249771e-11,5.809474679097093e-09,1.779930716705458e-11,2.1716320408593504e-10,9.90415305324177e-10,6.392674722910385e-10,1.0
6,2.141984506431882e-10,4.471422787588608e-09,2.5074249968004558e-11,1.6530708746298473e-10,2.4793981978632473e-08,6.472509195276643e-10,1.0
6,2.0699773839449875e-10,1.5042203926896036e-07,5.339843012208689e-10,7.450692840471618e-10,5.11492928012558e-08,3.1618716533898805e-09,0.9999998807907104
6,1.3965615122679687e-11,1.0887095669431801e-08,1.617439147026667e-12,1.942835475832183e-11,1.1065546701161111e-08,5.860194968176913e-11,1.0
6,2.6609117687037553e-10,1.870695243155751e-08,1.2577171248917551e-10,7.064933638112336e-10,5.01132957353434e-09,1.655135029032806e-09,1.0
6,3.145447444174998e-11,1.8706311166738487e-08,1.0407409656298938e-10,9.230312070229729e-10,1.1447086611937607e-09,3.1312624715340576e-10,1.0
6,1.737651966760012e-10,2.10930934940734e-08,2.4574923693232442e-11,1.5385290264013918e-10,7.110400268572903e-09,2.85412110612171e-10,1.0
6,1.468880746202661e-11,2.6301483213586607e-09,4.083815317162953e-12,1.4358286261340059e-11,6.181308798147711e-10,9.256877209207204e-11,1.0
6,2.0988087656714782e-10,1.5624869176278366e-09,3.921777139148652e-11,3.031192241653713e-10,2.2387174059002035e-10,5.307209116622857e-10,1.0
6,9.886556850968731e-11,2.1308490527616186e-09,2.404341448158931e-10,4.4113007691137796e-10,1.2767456362972052e-11,3.87894355524665e-10,1.0
6,6.676819513939947e-11,7.871951979154801e-09,1.3803706788717562e-10,1.6241738509670256e-10,3.778729065762043e-11,9.161503777832536e-10,1.0
6,2.908247948019138e-11,4.4580699132268364e-09,5.27225693658373e-11,3.571969803273234e-11,3.421025962513369e-11,3.0422375729699525e-10,1.0
6,1.7527373996628626e-10,1.6978090044972305e-08,1.6056682372589393e-10,5.1787504840028475e-11,1.3091690231892272e-10,9.341343254476442e-10,1.0
6,1.0848012071962287e-10,6.192676149652243e-09,9.056751182345835e-11,5.369499983531867e-11,9.481622431639636e-11,5.041814743478312e-10,1.0
6,5.026341322322825e-12,3.764245359860752e-09,3.989708303314687e-12,9.967305626690237e-12,6.460776358352405e-11,3.845688351100662e-11,1.0
6,5.6860093022859104e-11,3.005289883617479e-08,4.763005267971465e-11,5.989150148044686e-11,2.594774117792298e-10,3.8870459628803644e-10,1.0
6,7.262300483201756e-11,3.2102327907068684e-08,4.1871842104690415e-10,4.760111194102024e-10,9.555186503140689e-11,1.2749169497894286e-09,1.0
6,7.565870152603793e-11,1.127729243322051e-09,1.931050111481092e-11,1.4549007831821115e-10,1.0869904976118505e-10,3.7505479277832876e-10,1.0
6,1.4695980543599774e-11,4.4269785060002675e-10,4.755858901139831e-12,4.3193063709034973e-11,6.685803299877335e-11,2.2775140107178515e-10,1.0
6,9.110559529013074e-12,2.9360555653390463e-10,2.2261964407327417e-12,1.5469616906904626e-11,4.5157631106684804e-11,8.328683576142026e-11,1.0
6,7.684195640900171e-11,1.3516756602882651e-09,1.0330372841871327e-11,1.6388149171042699e-10,1.3081108418688814e-10,1.255789916498884e-10,1.0
6,5.210366513241915e-11,6.268993657521094e-10,2.2807632518717647e-12,1.8254312991738963e-11,1.096306032066785e-10,1.2350549749573503e-10,1.0
6,2.1879757727827354e-10,2.1362733804153322e-09,4.704263454474722e-12,4.175920373383768e-11,3.162775041865018e-10,2.7326729767906954e-10,1.0
6,2.9237948173665984e-10,1.0741509903766655e-09,8.469894924312271e-12,3.9201916018916094e-11,1.0378408549227558e-10,8.392040951044066e-10,1.0
6,9.193515393413065e-11,3.4351119171383004e-10,8.157825977239685e-12,2.230903135835849e-11,1.1435166008544329e-10,4.3930389881374765e-10,1.0
6,1.0341023870541477e-10,2.1286623852478925e-10,6.231779415416527e-12,9.921253055211743e-12,2.8679419949995122e-11,2.9504776399846833e-10,1.0
6,9.280088503205164e-11,7.247618477590478e-11,3.258131394887065e-12,1.0458765797860536e-11,1.9701209413858223e-11,2.2432654345205805e-10,1.0
6,5.272249303800436e-10,4.531537645124928e-10,1.642596757396586e-12,2.2777429248277414e-11,3.8082012543405597e-10,4.822646726410085e-10,1.0
6,3.086952915509755e-10,3.6661831903650466e-10,2.227309265842581e-12,5.683536974387948e-11,4.729440727935241e-10,4.278916110322939e-10,1.0
6,4.1928263638801866e-10,6.270951813380776e-11,1.6896548179698434e-12,3.8043949934785104e-11,4.439213441287393e-10,9.650469312560972e-10,1.0
6,5.610150677348713e-10,1.0424276025711166e-10,2.2768516672738714e-12,9.369282433224768e-11,4.862214519896213e-10,4.436792599982198e-10,1.0
6,5.079223847070935e-11,1.700380530822443e-10,4.1311558666122516e-13,6.4412706939076525e-12,1.3523919484281777e-10,1.068404670290235e-10,1.0
6,7.920272770967074e-11,4.3958131579202586e-10,3.6472088370265165e-12,1.5216194623746127e-11,2.417838984580811e-10,1.5443944734183646e-10,1.0
6,1.5757474491895351e-10,1.3382592811694849e-09,7.642485819539524e-13,9.302236064767655e-12,2.2904697583037148e-10,2.8454173045533437e-11,1.0
6,1.6351026088656795e-10,2.107245267168878e-09,6.38770395085253e-13,1.8961363729141922e-11,3.190701591826439e-10,1.556019722792623e-11,1.0
6,7.34284508197014e-12,6.320725887132284e-11,3.4397533649546674e-14,5.714227376864278e-13,3.224839839610638e-11,3.881677965167363e-12,1.0
6,9.639850029330432e-11,7.153842102036734e-11,1.6992948660612267e-13,1.1562469731662972e-12,2.936188445157306e-11,5.7849411025379105e-12,1.0
6,4.318834352645684e-12,5.7520988840098486e-12,2.3948431450681587e-15,1.0068545796366665e-13,7.002637185393734e-12,4.119691241789847e-13,1.0
6,3.988323560299989e-12,5.274527776349958e-12,8.664522787129366e-15,4.705658334779733e-14,4.228536791550663e-12,1.1787977278326922e-12,1.0
6,2.668091442226128e-11,4.943945600133226e-11,3.7066331178437634e-14,3.017447132002554e-13,1.5168208702953656e-11,1.8482765231503384e-12,1.0
6,1.054401635447455e-10,6.214539438609279e-10,1.8005220795216936e-13,2.0403960639125973e-12,1.4158786643125865e-10,3.996768627861913e-12,1.0
6,1.9690776786873698e-10,4.2408182521214144e-10,3.279088155519472e-14,7.182820961279535e-13,9.41292044309705e-10,1.3793349058419113e-12,1.0
6,2.1376214687229833e-10,2.465810000629176e-09,3.796191266609676e-14,5.439797375571265e-13,3.574038398568291e-09,3.545631019688522e-12,1.0
6,1.4518716229261486e-09,6.758546167162649e-09,2.4667366673586377e-13,2.0862901250334742e-12,3.0488862989841437e-08,1.7547067965306695e-11,1.0
6,6.853009913015962e-12,9.141547935298533e-11,2.5149685106148163e-15,1.171360643030528e-13,3.601271225672775e-10,7.844163144553329e-13,1.0
6,3.696660599156187e-12,6.010180200743953e-12,6.017508933938538e-16,2.416137595713779e-14,3.7827985188698676e-10,5.619127125405798e-13,1.0
6,4.381544606302246e-12,3.5946109370327273e-12,3.2537031604254116e-16,2.0244846380898518e-14,7.638679688781735e-10,2.272602950010444e-13,1.0
6,7.389165668225672e-12,3.495393210983799e-11,5.888953684742568e-16,1.426697742422118e-14,1.1534650568023608e-08,3.743602650096989e-13,1.0
6,2.6417142778845104e-11,1.762294477014592e-10,3.4155815857388715e-15,8.625399521141816e-14,9.529332878344121e-09,7.180875360481009e-13,1.0
6,2.8140955277838886e-12,2.2309062149700187e-12,3.3346636283151617e-16,1.4933536449535795e-14,4.913189854960365e-10,6.184861108503303e-13,1.0
6,1.0187405525283535e-13,3.430634411532435e-13,2.9603809778343922e-18,2.4805328096606663e-16,2.582238589621255e-10,2.448981806463333e-14,1.0
6,8.141934934417783e-13,1.3555101052026286e-12,1.4458000413599977e-17,1.1506900236802307e-15,9.281544421924082e-10,4.3727073014993706e-14,1.0
6,2.6308255162039995e-13,1.0627994794995543e-13,1.6864470647586198e-17,1.7286822252387526e-15,8.334451878644344e-11,8.732401466423484e-14,1.0
6,8.738721009836359e-13,2.6550926713296563e-13,9.84049062976605e-17,1.010076032282323e-14,1.0330909738787142e-10,4.870161348854984e-13,1.0
6,1.884892198919519e-12,1.2289324289108117e-12,5.896732094176323e-16,5.3302875351393664e-14,1.8804091617141694e-10,1.0991586330347247e-12,1.0
6,1.8295601307821013e-13,1.470702032380089e-12,1.0045301211178669e-16,1.8932351888469034e-14,1.8882767571781756e-10,2.228047390681609e-13,1.0
6,1.600895251866602e-13,3.2263454061154384e-12,8.51035773500118e-17,1.5644600279965046e-14,2.43256276233339e-10,1.3252207220048468e-13,1.0
6,8.373524448693562e-14,2.6432855470409633e-12,1.555786442380356e-17,3.675121374623535e-15,2.3983737218458145e-10,5.914907642455211e-14,1.0
6,4.822858217933164e-14,2.590039510988462e-12,6.202577427281926e-18,2.0861834920557444e-15,4.6440551404458574e-10,2.534124711288388e-14,1.0
6,9.690757311192622e-13,4.588976074137996e-11,6.645623568997004e-16,9.131671113715711e-14,1.6610617326051624e-09,5.920768432823853e-13,1.0
6,1.0715934433205843e-12,6.023274327221495e-12,8.61100788079655e-16,1.9925592209188436e-13,4.337926129416303e-10,3.3859034825022005e-13,1.0
6,6.77843604813752e-14,1.9205182149456546e-12,2.285645086876233e-16,4.652086550184509e-14,2.547689836873701e-10,1.3491898570583416e-13,1.0
6,5.740664020537078e-13,1.3866055005584688e-11,4.352443647598911e-15,3.2858766163719466e-13,4.50401521634447e-10,1.1311182025741662e-12,1.0
6,3.747469348724941e-12,1.4567298756151814e-11,8.644949719190803e-14,5.547344701650747e-12,8.819476815524752e-10,6.930339982447187e-12,1.0
6,8.352166343521955e-14,3.563725107114807e-13,1.6814767614509152e-15,9.078961269847613e-14,7.058962442352268e-11,4.784753322717439e-13,1.0
6,1.9969117505402867e-13,1.1836897781392075e-11,5.6134758062850124e-15,1.6415560859413258e-13,1.3817300081875317e-10,6.865775851495892e-13,1.0
6,1.3502133439091679e-11,4.597053640531534e-11,3.088715264457087e-13,1.7530777177143797e-11,1.3525086606236414e-09,3.793090407738786e-12,1.0
6,1.96715109479495e-11,8.429174025437192e-11,1.2087425244750039e-12,1.0996881877334275e-10,4.324493541041363e-10,2.142824112594255e-12,1.0
6,2.4439414034183038e-11,1.2684250351446824e-11,3.164338908089037e-13,3.171230292253746e-11,4.690801636009212e-10,1.0726444689065917e-12,1.0
6,1.6096605992554913e-10,2.1326124199916308e-10,2.2291790809092493e-12,8.744114460279562e-11,9.78494352210646e-09,6.047229557382128e-12,1.0
6,2.291333962844977e-11,7.308169347464144e-11,4.4771993187517345e-13,1.935187253498949e-11,1.2163416940325078e-09,2.011745587823799e-12,1.0
6,8.09441125237953e-10,2.1690005347352326e-09,4.8817889834740225e-12,7.900342186006881e-11,1.646458080983848e-08,8.08431186577474e-12,1.0
6,9.753708951620865e-10,5.694035465353409e-09,1.661079086778816e-11,1.464422333397053e-10,1.1267386135216384e-08,1.2854198608303058e-11,1.0
6,8.497164777354627e-11,1.2625921419484598e-09,5.579210270861834e-12,3.557426575540035e-11,2.5224753397168342e-09,1.1464993017462621e-11,1.0
6,3.0778941617626288e-09,1.0034946740233863e-07,1.592069670541818e-10,3.1204702710674326e-10,9.289876601314973e-08,1.0185399051954036e-10,0.9999997615814209
6,7.503862420321639e-09,1.9766811476529256e-07,3.602602660635057e-10,3.2843830433115784e-10,1.4702060013860319e-07,7.733935020182159e-11,0.9999996423721313
6,6.26103557888058e-10,6.790345175033963e-09,8.485433709848333e-12,8.410881713327711e-11,1.1093315599453035e-08,1.3040619799287168e-11,1.0
6,3.3406022631292387e-13,5.616925327633915e-11,7.937073951368428e-15,3.2868545667315285e-13,8.940419238268049e-11,2.6481033620247285e-13,1.0
6,1.0931065948238672e-11,1.9025194614163965e-11,1.0256384500376137e-13,2.615900985408759e-12,7.921784062059345e-11,1.0836751418094592e-12,1.0
6,3.7677705400085415e-10,1.393531540161419e-10,5.1713151989762896e-12,3.931925618427812e-11,3.753711230736201e-10,2.976754953643024e-11,1.0
6,2.294877760045111e-10,8.495240066963561e-10,7.140043764564119e-12,2.392309614296373e-11,1.1649394782153877e-09,3.3297278129174046e-11,1.0
6,1.0578710130104696e-09,4.7341450759574855e-09,5.67014546426492e-10,4.691553256996883e-10,1.2955102546285957e-09,1.4281598126331119e-10,1.0
6,7.201512303156576e-11,3.057431807729216e-10,1.7541958163835858e-10,1.1922393627905592e-10,6.904891935999302e-11,1.1568939382866628e-11,1.0
6,6.801968988057183e-10,2.6796151963992543e-09,4.7443959871884545e-09,1.1945162636806117e-09,4.459853319982443e-10,3.487204136565225e-10,1.0
6,6.921984652130675e-10,1.6935205238155504e-08,5.804491109984156e-09,1.0588016019497104e-09,1.5854949575455635e-09,3.3607064353624594e-10,1.0
6,1.036565389078703e-09,1.4070123732778939e-08,5.4150699924093715e-08,3.4073543986323784e-09,2.3054080866558024e-09,1.5502794881161464e-10,1.0
6,5.155799787104343e-09,3.5369287498809854e-09,3.097165404142288e-07,2.074928140416432e-08,1.1497255369974368e-09,5.142823389370221e-10,0.9999996423721313
2,0.00013595886412076652,4.3630927393678576e-05,0.9709780812263489,8.52599841891788e-05,4.1697683172969846e-07,3.822873168246588e-06,0.028752760961651802
2,4.989544322597794e-05,6.909472176630516e-06,0.9992284774780273,2.0284376660129055e-05,3.3277604671866357e-08,3.119302505183441e-07,0.0006940380553714931
2,2.6883359169005416e-05,3.646673576440662e-06,0.999873161315918,3.0134665394143667e-06,1.0675105244217775e-08,2.475947553648439e-07,9.295671043219045e-05
2,1.0118452564711333e-06,2.811420927173458e-06,0.9989103078842163,3.2719879072828917e-06,1.4686766469651502e-08,1.6245982124019065e-06,0.0010808362858369946
2,1.6227882042585406e-06,1.5191291140581598e-06,0.9997480511665344,8.909049029171001e-06,4.427781696847433e-09,1.87359162850953e-07,0.00023968025925569236
2,2.782001502055209e-05,8.845671800372656e-06,0.99956876039505,4.9653077439870685e-05,5.6804445591751573e-08,2.878927602978365e-07,0.00034457273432053626
2,1.4883243238728028e-05,3.1025153930386296e-06,0.9990647435188293,1.9087021428276785e-05,2.8674181251631126e-08,6.559296821251337e-07,0.000897485064342618
2,9.122575761466578e-07,3.5593589586824237e-07,0.9999688863754272,3.6697076666314388e-06,3.2353333345724877e-09,1.4859905661523953e-07,2.596418016764801e-05
2,8.275973186755436e-07,1.450611193831719e-06,0.9997755885124207,4.0112805436365306e-05,2.762917539200771e-08,1.0096641744894441e-07,0.000181927636731416
2,7.343624730538068e-08,4.109412543584767e-07,0.9999363422393799,3.15828037855681e-05,9.889573604482393e-10,2.4774820417405863e-08,3.148473842884414e-05
2,1.6625747889520426e-08,1.8086545594542258e-07,0.9999849796295166,6.62887896396569e-06,4.060464742217107e-10,1.0547630324708734e-08,8.188516403606627e-06
2,1.9321743138789316e-07,7.213525066163129e-08,0.9999867677688599,5.5800310292397626e-06,6.033698540797161e-10,2.9970014026048375e-08,7.25714835425606e-06
2,7.041150240638672e-08,4.437250211708488e-08,0.9999933242797852,3.179499572070199e-06,2.4093016470772e-10,1.747480027347592e-08,3.2875586839509197e-06
2,7.644264776729415e-09,2.849560054585254e-08,0.9999961853027344,1.7850417179943179e-06,5.417726683942803e-11,7.846064242755801e-09,1.9785898075497244e-06
2,4.031781770663656e-07,2.227139077604079e-07,0.9999821186065674,6.5324838942615315e-06,1.3896930273205044e-09,2.3793742087718783e-08,1.0708088666433468e-05
2,3.618354753598396e-07,9.566450387410441e-08,0.9999960660934448,2.1080584247101797e-06,3.2415839457122786e-10,1.3673224330545963e-08,1.2948697758474736e-06
2,7.267190405002566e-09,3.168534590258787e-08,0.9999988079071045,4.504850039666053e-07,5.959777810149447e-11,4.057356672859669e-09,7.117760105757043e-07
2,2.67975593715164e-07,4.171542968833819e-07,0.9999905824661255,2.6167326723225415e-06,1.5946939324607001e-09,2.3156735196039335e-08,6.04008437221637e-06
2,1.114649649025523e-06,5.904377644583292e-07,0.9999874830245972,4.316615559218917e-06,1.8195600581805138e-09,1.5937532182874747e-08,6.5593435465416405e-06
2,3.1777025810697523e-07,2.1081393697386375e-07,0.9999806880950928,1.3623093764181249e-05,7.691118297792343e-10,6.533224627958134e-09,5.165183665667428e-06
2,1.426747218147284e-07,2.705155743853993e-08,0.9999948740005493,2.482104264345253e-06,4.850934653966021e-10,6.258152662752536e-09,2.4814273729134584e-06
2,4.763103689242598e-08,1.778654024064963e-08,0.9999942779541016,1.4630908253820962e-06,5.05619268675872e-10,8.867520051580868e-09,4.2453671085240785e-06
2,1.1135914945725744e-07,8.074588109252545e-09,0.9999908208847046,7.083915534167318e-06,2.540397614492207e-10,7.676368873887895e-09,1.9094886738457717e-06
2,4.4710468500852585e-06,3.504264611819963e-08,0.999691367149353,0.0002970595669467002,2.681002619908668e-08,1.5760464577851963e-07,6.94017171554151e-06
2,3.590661208363599e-06,3.0466349443258878e-09,0.9999294281005859,6.479783041868359e-05,2.5707517892215037e-08,1.1031356734747533e-06,1.0525310472075944e-06
2,1.782457002263982e-05,8.003053775240687e-10,0.9999599456787109,1.516238262411207e-05,1.5852419821271724e-08,6.4628757172613405e-06,5.742909934269846e-07
2,1.0566242053755559e-05,4.8145349929029635e-09,0.9999544620513916,3.122721318504773e-05,7.904497500987873e-09,4.305341860799672e-07,3.2684929465176538e-06
2,1.301859470004274e-06,1.9245876003992635e-09,0.9999464750289917,4.928223279421218e-05,3.949396809588279e-09,4.296369979783776e-07,2.477561793057248e-06
2,3.350854740347131e-06,1.4291995364956733e-09,0.9998879432678223,5.4215714044403285e-05,3.659996528071474e-09,1.200869178319408e-06,5.330416388460435e-05
2,1.6116018741740845e-06,3.258475433920438e-10,0.9999347925186157,5.446950672194362e-05,3.4108513791153428e-09,1.5054595223773504e-06,7.546516826550942e-06
2,3.8958918935350084e-07,2.1627263868673197e-10,0.9998941421508789,9.25411659409292e-05,4.952289245352404e-09,1.0102293117597583e-06,1.196516132040415e-05
2,5.465218237077352e-06,1.742499811108189e-09,0.9997262358665466,0.00024099202710203826,1.579505770621381e-08,1.0218851684840047e-06,2.6171999707003124e-05
2,1.6258140931313392e-06,1.0161947949782757e-09,0.9997009038925171,0.0002803246316034347,6.807153507537578e-09,4.1136942741104576e-07,1.666685966483783e-05
2,2.2183820647114771e-07,1.3431691314735872e-09,0.999923825263977,7.520652434322983e-05,3.1281484069722865e-09,2.0151266255652445e-07,4.719220783044875e-07
2,6.241134720141872e-09,3.7428635191183446e-10,0.999991774559021,8.175392395060044e-06,6.418361675475381e-11,2.739818505403946e-08,4.769765027390349e-08
2,8.752461866379235e-08,1.3323261383035856e-09,0.9999550580978394,4.466274185688235e-05,7.816998714993417e-10,4.868162761795247e-08,1.1054592619075265e-07
2,1.7960685383400232e-08,1.1672627309167183e-08,0.9998421669006348,0.00015703584358561784,1.893095541438683e-10,1.6798317181709876e-09,7.258407208610151e-07
2,2.688670619477307e-09,4.594075786457097e-09,0.9999918937683105,8.018178050406277e-06,2.1573619626846785e-11,5.37533073607932e-10,1.7435201016269275e-07
2,1.6636905186828699e-09,2.1417163598158595e-09,0.9999905824661255,9.269339898310136e-06,5.154309704741289e-12,3.7160274857228615e-10,7.87351908115852e-08
2,1.8549124736200184e-10,1.1278162848071815e-09,0.9999990463256836,9.951717174772057e-07,4.0876980619830583e-13,1.9124218875177235e-10,2.5125107327994556e-08
2,2.3782788503012853e-06,7.081466080194332e-09,0.9999927282333374,4.86510634800652e-06,4.1223458674410907e-11,1.6333397967471797e-09,5.2985690501827776e-08
2,3.8389018186535395e-08,7.04854230537677e-10,0.9999984502792358,1.5128827044463833e-06,3.8463182291947895e-12,8.595660849763931e-10,1.3129869635974956e-08
2,1.3424388267679888e-09,2.556538869491476e-10,0.9999997615814209,1.9846281418267608e-07,2.5424817416339063e-13,2.332590787190725e-10,3.950602067703812e-09
2,1.784198566667783e-08,6.165128407786824e-10,0.9999996423721313,3.23204062624427e-07,1.6540275009011007e-12,1.0002507710993314e-09,6.797405749381369e-09
2,4.5017123362356415e-09,5.482560516689716e-10,0.9999991655349731,8.123330417220131e-07,9.64799963011631e-13,8.484432600930347e-10,5.786490397952093e-09
2,6.616810566129061e-08,3.3709595115283264e-09,0.9999958276748657,4.034377980133286e-06,5.749694557272145e-12,1.9774333281930012e-09,6.396468688052437e-09
2,1.1376371844562527e-07,1.4221021027438496e-09,0.9999983310699463,1.5831666360099916e-06,1.126378330884581e-11,3.737717690910358e-09,1.1110045328166507e-08
2,1.0422407115129317e-07,5.8693645499374725e-09,0.9999984502792358,1.4552580296367523e-06,1.3418084351957127e-11,1.9062062150965176e-08,5.912149880771267e-09
2,9.649605559047814e-09,1.2530768644936074e-09,0.9999996423721313,3.726727868524904e-07,2.290899241141897e-12,1.3733099102353208e-08,2.1360853086349607e-09
2,1.4708662376961001e-07,4.9588178008264094e-09,0.9999984502792358,1.3562221283791587e-06,7.800558810000524e-12,9.709194870310967e-08,8.625457681432636e-09
2,1.8700193393783593e-08,5.667660119001994e-08,0.9999953508377075,4.464543962967582e-06,1.3694752797055454e-11,8.10323257383061e-08,2.1534507510523326e-08
2,0.010327212512493134,2.6672369131119922e-05,0.9886616468429565,0.0009616176248528063,9.253722055291291e-08,2.437367584207095e-06,2.0335361114121042e-05
0,0.9999347925186157,1.0217576829063546e-07,4.865801747655496e-05,1.6379997759941034e-05,1.3291042932905839e-08,2.1188125032267635e-08,6.43233164510093e-08
0,0.9999836683273315,9.027638192549148e-09,3.2070533961814363e-06,1.3043319995631464e-05,1.1422260470794754e-08,1.758305678833949e-08,4.2603971905919025e-08
0,0.999993085861206,2.670866194875998e-09,1.44787873068708e-06,5.440277163870633e-06,6.568240173976392e-09,6.684284681313102e-09,1.2641496738297064e-09
0,0.9999959468841553,3.051968988643239e-08,5.273191732158011e-07,3.5752188978221966e-06,1.5009653964170866e-08,4.447274104535381e-09,5.532569513633234e-09
0,0.9999940395355225,1.456010352285375e-07,3.49640481545066e-06,1.92202264770458e-06,4.33319975456925e-08,2.401437626531333e-08,2.8567743015628366e-07
0,0.9999876022338867,1.8184535122145462e-07,4.1879470700223465e-06,7.30395868231426e-06,3.727100761352631e-08,1.3925776976009274e-08,6.420765998882416e-07
0,0.9999979734420776,1.586324493985103e-08,5.2839652653347e-07,1.4438139714911813e-06,1.1974662150748827e-08,7.691709491552956e-09,2.6909914296879833e-08
0,0.9999914169311523,1.947830696735764e-08,7.94776678958442e-06,4.959723582942388e-07,2.052795045059952e-09,3.4370913226666744e-08,1.8899200426858442e-08
0,0.9999926090240479,3.2352389212064736e-08,6.334671070362674e-06,9.711568509374047e-07,2.995068859590333e-09,2.7667924840102387e-08,1.1327507820624305e-08
0,0.999997615814209,1.6570240291002847e-08,1.3135945664544124e-06,1.0462307500347379e-06,4.890619909048155e-09,1.0138133887949152e-08,3.983561036591254e-09
0,0.9999992847442627,4.718024193550718e-09,2.912834702328837e-07,4.4852487235402805e-07,1.4438564788221697e-09,4.319522073359394e-09,3.950560434340389e-10
0,0.9999960660934448,3.785385516152928e-08,3.145095433865208e-06,7.850442784729239e-07,7.783818034567958e-09,1.560923656995783e-08,9.036168480136553e-10
0,0.9999885559082031,1.3045895741470304e-07,1.0342578207200859e-05,9.292736535826407e-07,1.9761531078188455e-08,2.3015605421505825e-08,1.8484027641818557e-09
0,0.9999908208847046,2.521794506549213e-08,8.851526217767969e-06,2.732253392423445e-07,3.6775531508936865e-09,1.6346778153319974e-08,2.776782137559053e-10
0,0.9999979734420776,1.6133968827602985e-08,1.79160269908607e-06,2.3699760731688002e-07,3.6105505252237435e-09,1.0332811051227964e-08,3.713398200044793e-10
0,0.9999947547912598,5.320535123587433e-08,4.3676054701791145e-06,7.730624247415108e-07,1.001025040636705e-08,6.509856653735824e-09,1.064171417652915e-09
0,0.9999967813491821,5.891700638471775e-08,2.4144131316461426e-07,2.884658897528425e-06,3.984676766322082e-08,1.1377460085171265e-09,6.233715210690605e-10
0,0.9999969005584717,7.45197112905771e-08,1.965815528137682e-07,2.816192136378959e-06,2.173015545281487e-08,1.4201456677298552e-09,4.921343887964724e-10
0,0.9999991655349731,1.6705516969750533e-08,2.9823536351614166e-07,4.1483031054667663e-07,3.352478517015811e-09,2.325442727268978e-09,6.860950141351907e-10
0,0.9999985694885254,2.7944299318960475e-08,8.396444854952279e-07,5.670768814525218e-07,4.349156146332689e-09,5.266525882063888e-09,1.1918449560610611e-09
0,0.999995231628418,3.675306103900766e-08,1.8729891735347337e-06,2.8566130367835285e-06,5.345323739192054e-09,4.550755772214643e-09,3.59538110394908e-09
0,0.9999958276748657,1.963625884116027e-08,1.6234952227023314e-06,2.4709377157705603e-06,1.7977077604314218e-09,2.67407451737256e-09,7.537280799496671e-10
0,0.9999974966049194,1.1094430263369759e-08,1.2435135943178466e-07,2.3244647309184074e-06,4.119618868259067e-09,1.6568420246887428e-10,3.6497273953051135e-11
0,0.9999994039535522,3.272471404969224e-09,1.1501580132744493e-08,5.867462391506706e-07,2.9096860476585107e-09,8.07675870628799e-11,4.402896450206306e-12
0,0.9999992847442627,4.808104470122032e-10,5.473223207985711e-09,6.807925956309191e-07,1.3491555650446685e-09,5.825509519219452e-11,2.90467953509288e-12
0,0.9999997615814209,2.1563240082400625e-09,1.6305040873021426e-08,2.0895085128813662e-07,4.571421019505806e-09,2.4180227264913867e-10,2.233725530931263e-11
0,0.9999998807907104,1.849580488766378e-09,2.8943619057031356e-08,9.924773536340581e-08,8.930417516594957e-10,3.303249895836302e-10,2.0749728324442884e-11
0,1.0,6.352200432324651e-10,2.2581337688620806e-08,1.0960540919313644e-08,3.179687069199133e-10,6.876584857096191e-10,1.3544228238959732e-11
0,0.9999998807907104,3.716411400844777e-09,9.228348574197298e-08,2.1089791246708955e-08,1.6009044090381508e-09,4.703067713052178e-09,3.266790449263368e-10
0,0.9999986886978149,2.338564364379181e-08,1.2812625982405734e-06,1.8649391364533585e-08,2.535166965245139e-09,1.429729401536406e-08,2.1562640561967328e-09
0,0.9999991655349731,3.432302975170387e-08,7.287493986041227e-07,3.818413674139265e-08,7.914023214539156e-09,1.1134451582961447e-08,1.7659751438969806e-09
0,0.9999998807907104,2.2488952922117278e-09,7.653941480612048e-08,5.285272663968499e-08,3.14750892016491e-09,3.8625698195460245e-09,4.684256316167534e-10
0,0.999998927116394,6.084741599465815e-09,1.1167393267896841e-06,2.474959082121586e-08,1.7803483132183828e-09,1.125270543411716e-08,4.138839548861739e-10
0,0.9999997615814209,9.4195096167482e-10,1.85715421707755e-07,4.629782335285881e-09,2.3296384266124903e-10,1.5344676640438593e-09,3.493692835032647e-11
0,0.9999998807907104,8.677957796798808e-10,1.2243042135651194e-07,7.48232675817917e-09,2.5387156266099e-10,2.248243591296273e-09,5.1131071598931044e-11
0,0.9999997615814209,1.4945766846352626e-09,1.8005545143751078e-07,4.268640552140823e-08,1.4806452730553588e-09,2.910952812129608e-09,8.38361949306865e-11
0,0.9999974966049194,2.849758207190689e-09,2.5617025585233932e-06,3.112851487685475e-08,2.303626622790489e-09,1.730307275238374e-08,4.916177465119631e-10
0,0.9999998807907104,3.592491193415981e-09,5.944104231048186e-08,1.6479912545719344e-08,3.620204580556674e-09,1.5041428103046428e-09,1.796846699209098e-10
0,0.9999998807907104,7.789460632068312e-09,1.5631367489277181e-07,1.3842476498382439e-08,4.97990448877772e-09,3.858932284828143e-09,2.225315348658441e-10
0,1.0,3.588759067696401e-09,4.010002285781411e-08,9.998776917541363e-09,1.7004891716965176e-08,3.972522755191221e-09,1.005306171641962e-09
0,0.9999996423721313,6.09218986369342e-09,3.848420533358876e-07,3.085812849690228e-08,5.1052598593059884e-08,1.636008484240392e-08,1.2066017074374713e-09
0,0.9999991655349731,5.738218789019811e-09,5.53659845081711e-07,7.311130190146287e-08,8.826125963423692e-08,4.1261309036144667e-08,4.404632658605578e-09
0,0.9999995231628418,4.226307304122656e-09,3.101841343777778e-07,8.705914211759591e-08,5.8965511584574415e-08,1.5290048338556517e-08,1.4006356074958148e-09
0,0.9999998807907104,3.6091782340541556e-10,1.2558933804029948e-07,1.7797873397285002e-08,1.0013470941316882e-08,6.425254550634918e-09,2.2748958272700293e-10
0,0.9999997615814209,1.3214389305016283e-10,6.19208719854214e-08,4.861022517843594e-08,9.243246168466612e-09,2.8260092932441694e-08,3.900202730222624e-11
0,1.0,4.011824553118437e-11,1.034878760464153e-08,3.1319149496056298e-09,1.7060598489493373e-09,1.4424764493981002e-08,4.515737436761036e-11
0,0.9999998807907104,2.507359042613899e-10,1.1229715823901643e-07,1.0820889073670514e-08,6.740162206142486e-09,2.435596435645948e-08,1.6349472886645344e-09
0,1.0,1.6581898354406377e-10,5.949356207679557e-08,4.602146663756912e-09,1.3473308024813946e-09,7.922608347143978e-09,7.860016804084324e-11
0,1.0,1.9737064760327883e-10,1.3479046323539023e-08,2.1794477333969553e-08,2.2350162609541258e-08,6.186950507469646e-09,2.6714436218711057e-10
0,0.9999995231628418,1.8404898716184448e-09,1.7070144053832337e-07,6.99944209259229e-08,2.649944406130089e-07,3.405392234867577e-08,6.830519261313839e-09
0,0.9999998807907104,1.200897541131507e-11,1.6015994219742424e-07,2.0716463211556402e-08,4.403138131880979e-10,2.399482923465257e-08,1.0360132890463447e-10
0,0.9999997615814209,4.7500309241499394e-11,1.325660576867449e-07,1.1071229266690352e-07,4.862391822513246e-09,2.1425583085488142e-08,1.7586283540538261e-09
0,0.9999998807907104,4.196968467207185e-11,1.3965468781407253e-07,1.8242888089048392e-08,2.8717157540825156e-09,2.3469544530030362e-08,1.3198125925484305e-09
0,0.9999997615814209,1.448142439297584e-10,7.091873754916378e-08,7.04033595866349e-08,1.4000491432852868e-08,3.5493862071689364e-08,4.53030918334818e-10
0,0.9999990463256836,4.6192157737712236e-11,5.84500810418831e-07,2.0405305889426018e-08,1.5180480206211655e-09,2.9838099635526305e-07,5.362763011440563e-10
0,0.9999990463256836,3.467990131178489e-11,1.223602765776377e-07,1.0918366655232603e-07,1.879867816967362e-08,7.590095947307418e-07,1.1174224046062164e-10
0,0.9999984502792358,6.235993665892892e-11,1.4382193569417723e-07,3.589383368307608e-07,4.463732139470267e-08,1.1156180335092358e-06,5.157017521351115e-11
0,0.9999932050704956,2.0477617379555113e-09,4.868689984505181e-07,3.230810307286447e-06,8.780029361332709e-07,2.2365320546668954e-06,2.477299199110661e-10
0,0.9999860525131226,4.860283286944878e-10,2.056076553458297e-08,1.1998914715150022e-06,1.104763214243576e-05,1.632559019526525e-06,6.282911413357795e-10
0,0.9999910593032837,1.7544210528797066e-10,3.7049804291200417e-07,6.817459734520526e-07,3.0041840659578156e-07,7.501226718886755e-06,5.582558373906643e-11
0,0.9999897480010986,3.844976004252487e-10,3.4182864965259796e-06,2.8395496087796346e-07,4.224060390356499e-08,6.469049822044326e-06,5.937269426103953e-11
0,0.9999977350234985,5.1110296550582746e-11,3.9480596569774207e-07,1.707047374566173e-07,2.502898333034409e-08,1.772256496224145e-06,2.8246573482992865e-11
0,0.9999982118606567,6.559165710573467e-11,2.1725203680489358e-07,3.0079465318522125e-07,4.122933106032178e-08,1.2465404779504752e-06,5.4012811584458476e-11
0,0.9999940395355225,3.302675910532571e-10,4.989187800674699e-07,7.553037448815303e-07,3.3091188811340544e-07,4.413227543409448e-06,7.705533433544076e-11
0,0.999996542930603,3.9735986723243855e-10,2.560834388987132e-07,5.359705141927407e-07,4.6970504286036885e-07,2.154086132577504e-06,1.366549928771832e-10
0,0.9999973773956299,1.1078015171861466e-09,2.1332856192657346e-07,3.7064421576360473e-07,6.304335329332389e-07,1.4311790437204763e-06,6.786168293970718e-10
0,0.9999990463256836,1.7251434655807252e-11,1.8188497818982796e-08,4.6719435431441525e-08,3.585261154626096e-08,9.396144946549612e-07,6.57196692899209e-12
0,0.9999992847442627,5.915499340369834e-11,1.363586363822833e-07,4.460459024357988e-08,4.644311157875336e-09,5.804952252219664e-07,2.2031827751067823e-11
0,0.9999992847442627,1.3589229741484132e-09,5.009648589293647e-07,1.949433965364733e-07,3.637638190667758e-09,6.980735633987933e-08,1.1582255154962695e-09
0,0.9999971389770508,2.989160208244357e-08,2.0473901258810656e-06,7.407890052490984e-07,3.5074816384650376e-09,2.7728171758667486e-08,2.665487608410899e-09
0,0.9999873638153076,7.488657729481929e-07,8.588512173446361e-06,3.032767835975392e-06,1.0927781346481424e-07,9.679114754135298e-08,3.5002582166043794e-08
0,0.999993085861206,1.796001356524357e-07,5.730645625590114e-06,8.873643082552007e-07,3.918929181168096e-08,7.119542289046876e-08,5.524518176258653e-09
0,0.9999914169311523,5.178726496524177e-07,5.117467935633613e-06,2.9256698326207697e-06,3.259403058564203e-08,2.760574524529602e-08,2.88222885558298e-08
0,0.999981164932251,4.973812224307039e-07,8.88424528966425e-06,9.186397619487252e-06,8.348769142685342e-08,8.35343669791655e-08,1.0006034045773049e-07
0,0.9999599456787109,9.823860409596818e-07,2.5113480660365894e-05,1.3489302546076942e-05,9.834869985070327e-08,6.042410660711539e-08,2.444076869778655e-07
0,0.9999945163726807,9.404622858255607e-08,1.6317665085807675e-06,3.729878926606034e-06,1.8313734528874193e-08,2.454774872262533e-08,3.391806169261713e-09
0,0.9999923706054688,1.1662902466014202e-07,1.5463519957847893e-06,5.96019117438118e-06,9.919282284442943e-09,1.60313291530656e-08,3.3153204626046318e-09
0,0.9999730587005615,1.8475829222097673e-07,8.565591997466981e-06,1.8146058209822513e-05,7.523440537227088e-09,2.166664891944947e-08,1.272672367491623e-08
0,0.9999828338623047,8.075016921793576e-07,5.989285455143545e-06,1.0089292118209414e-05,7.075716013105193e-08,2.4554298150292198e-08,3.53676306019679e-08
0,0.9999814033508301,1.0803809118442587e-06,3.821333393716486e-06,1.352659091935493e-05,3.264889159027007e-08,1.6016391768403082e-08,1.693523614676451e-07
0,0.9999966621398926,1.0001399886050422e-07,9.424184668205271e-07,2.2855483621242456e-06,8.421038977246553e-09,6.11991346488594e-09,3.495585154666969e-09
0,0.9999985694885254,1.3201231752191234e-07,6.370810012867878e-08,1.1303985729682609e-06,2.3040431784693283e-08,3.155866457049683e-09,3.99731803213399e-09
0,0.9999984502792358,2.4636028328473003e-08,1.341168882618149e-07,1.4172330793371657e-06,1.8489579645120102e-08,1.0923958626563035e-08,1.9320669508715582e-08
0,0.9999997615814209,2.571397095252337e-09,3.3336255977900464e-09,2.779709689093579e-07,1.2141306626745063e-08,4.682496057561991e-10,2.4728305514365445e-10
0,1.0,1.668157001422088e-10,1.1414665879172503e-09,2.1601868738230223e-08,1.0892157176201067e-09,3.846342966351557e-10,2.1431032296015395e-11
0,0.9999990463256836,9.068245709897838e-09,1.701497467365698e-07,8.45887370815035e-07,1.0587364762670859e-08,2.8286535336263796e-09,2.836400891936819e-09
0,0.9999973773956299,7.964555237549575e-09,2.37794279200898e-06,2.289434348767827e-07,1.7232906213138222e-09,3.6335762843009434e-08,1.7972683341582751e-09
0,0.9999969005584717,1.8612836072406935e-07,9.440406643079768e-07,1.9388714918022742e-06,9.0058644985902e-09,1.888009926176437e-08,1.196973897776843e-08
0,0.9999978542327881,1.8345506447303705e-08,6.112811092862103e-07,1.5162530644374783e-06,3.357433664419318e-09,1.690118800468099e-08,1.2451653041978261e-08
0,0.9999927282333374,8.832586217977223e-08,1.5303103282349184e-06,5.546040938497754e-06,2.5317367757793363e-08,4.42358327745751e-08,3.819743810140608e-08
0,0.9999948740005493,7.158511294846903e-08,6.93778758886765e-07,4.303177775000222e-06,1.8559683567787033e-08,4.2126966803834875e-08,4.2620708740059854e-08
0,0.9999932050704956,6.325432622134031e-08,1.1425796486719264e-07,6.656706773355836e-06,3.988601093851685e-08,4.428910127529662e-09,4.5998707065564304e-08
0,0.99998939037323,2.9743882912214303e-09,1.4511896573310423e-08,1.054793392540887e-05,1.2010151095864785e-08,7.067648133407545e-10,1.4045942187124183e-09
0,0.9999692440032959,7.880498031909156e-09,1.157948403829323e-08,3.072999243158847e-05,2.4611354731973734e-08,8.478112656362669e-10,1.9682595553405235e-09
0,0.9999703168869019,2.5172447237764572e-08,1.4818991367349099e-08,2.9631344659719616e-05,3.762893996395178e-08,1.3070650117796845e-09,9.058870320544088e-10
0,0.9999881982803345,1.8140868363047957e-08,2.8083627867658834e-08,1.175638954009628e-05,3.136536719239302e-08,1.877273891892628e-09,2.4242905460880593e-09
0,0.9999904632568359,8.522189176574102e-08,4.183087582987355e-07,8.815316505206283e-06,6.175528710627987e-08,1.0951951345816724e-08,4.130346908937099e-08
0,0.9999915361404419,4.343209170087903e-08,5.040104511522259e-08,8.224265002354514e-06,9.625470198670882e-08,3.8675724844949855e-09,1.0507640091361736e-08
0,0.9999986886978149,2.3527231274300675e-09,3.262057290953635e-08,1.3525050235330127e-06,2.3565059237284913e-08,9.31267596371299e-09,2.7458684215275753e-09
0,0.9999936819076538,7.688366565616889e-08,9.756411145644961e-08,5.839787718286971e-06,9.625123453815831e-08,3.3714924185801465e-09,8.481627844503237e-08
0,0.999997615814209,6.402095298341237e-09,3.917450364099295e-09,2.403008920737193e-06,3.323962971535366e-08,7.696516202138071e-10,5.4624829104454875e-09
0,0.9999949932098389,1.6294042781694884e-09,9.866338857023038e-10,4.872792942478554e-06,1.7764998005986854e-07,6.524137341479275e-10,4.586280244467389e-09
0,0.9999966621398926,2.24737872756009e-09,4.569593592407273e-09,2.7222649805480614e-06,5.520604418052244e-07,2.725263348324347e-09,4.140144937991863e-08
0,0.9999841451644897,1.493400070273765e-08,1.3413581356758186e-09,1.4980381820350885e-05,8.85870747424633e-07,8.951354657504851e-10,6.088971105100427e-09
0,0.9999806880950928,7.951418723450843e-08,1.887380847165332e-07,1.8912907762569375e-05,8.742558321728211e-08,1.398943982877654e-08,1.7752812553339936e-08
0,0.9997169375419617,6.392509135366709e-07,6.982782565501111e-07,0.0002787418488878757,1.8357135331825702e-06,4.419125332333351e-08,1.0967946764139924e-06
0,0.9999276399612427,1.5295999844511243e-07,9.999317285291909e-08,7.085139804985374e-05,1.1762141411963967e-06,2.0284257828961927e-08,2.997778736357759e-08
0,0.9999184608459473,1.0918590476194368e-07,2.2716920966558973e-07,8.090036135399714e-05,2.875211748687434e-07,1.2566063745111933e-08,1.0506130188048246e-08
0,0.9999022483825684,1.368107973576116e-07,2.7951912784374144e-07,9.706053242553025e-05,3.696248711548833e-07,7.342531027632049e-09,6.132866214869637e-09
0,0.9999192953109741,7.215225394929803e-08,5.881689446596283e-08,7.940705108921975e-05,1.0936989838228328e-06,2.145316591040114e-09,2.1144950235196802e-09
0,0.9997974038124084,2.280405055898882e-07,3.6163680050549374e-08,0.00019912033167202026,3.2287919111695373e-06,4.915559070894915e-10,1.0197691580060564e-08
0,0.9999916553497314,2.1126657756553868e-08,3.1980565751155154e-08,8.069726391113363e-06,2.3798564541266387e-07,2.536387322393807e-09,3.802268777608475e-10
0,0.9999967813491821,3.444802132435143e-08,3.109670103640383e-07,2.7330736429576064e-06,8.99903369599997e-08,1.5664127772652137e-08,1.0336144162792493e-09
0,0.9999949932098389,7.81204221311782e-08,8.80390700785938e-07,3.6812971302424558e-06,7.84062876846292e-08,3.3837469004538434e-07,2.478940164252208e-09
0,0.9999974966049194,7.899566156766014e-08,3.154602552513097e-07,1.8039906990452437e-06,1.1336247496274154e-07,1.9552435048808547e-07,3.170415263653581e-09
0,0.9999970197677612,1.3561844980358728e-07,6.11110024806294e-08,5.581629238804453e-07,2.080812237181817e-06,1.3096504858367553e-07,1.1375233199828472e-08
0,0.9999954700469971,1.6022171678287123e-07,2.05566948352498e-07,6.522781745843531e-07,3.2010377708502347e-06,2.7637111088552047e-07,1.4337089737637143e-08
0,0.9999990463256836,3.1896124852437424e-08,3.3941449828489567e-07,1.7808750385484018e-07,8.823717223549465e-08,2.836436294728628e-07,1.1403622490746557e-09
0,0.9999979734420776,3.21595052810153e-08,7.185030881373677e-08,2.591347936231614e-07,1.3808684116156655e-06,1.7923467510172486e-07,1.4060383968228507e-08
0,0.9999992847442627,1.9389702343719506e-10,1.3337121407275276e-09,1.9866874367835408e-07,4.233184540680668e-07,8.885922397894319e-08,7.550606362372037e-09
0,0.9999971389770508,6.278100528334107e-08,1.4886013843806722e-07,1.2096837735953159e-06,5.243945793154126e-07,2.356292299054985e-07,6.464535999839427e-07
0,0.9999994039535522,3.338442766676053e-08,9.491184727039581e-08,4.744936177303316e-07,5.464131191956767e-08,1.686582251636537e-08,7.635882148804285e-09
0,0.9999992847442627,1.1233945329536255e-08,2.705167645444817e-08,6.615146048716269e-07,2.8595161793987245e-08,5.124259239153162e-09,5.123142465812691e-10
0,0.9999982118606567,2.4237021989392815e-07,2.5537156389532356e-08,8.222410201597086e-07,6.128450991127465e-07,1.26414487766624e-08,1.4016613647527265e-07
0,0.9999977350234985,3.0195380418263085e-08,4.9240664878880125e-08,3.588839945223299e-07,1.429208737135923e-06,2.9453951810864965e-07,5.4217341727280655e-08
0,0.9999972581863403,1.3702697287953924e-07,1.186127462915465e-07,9.198981842928333e-07,1.2005046983176726e-06,1.8759256192879548e-07,2.3162422735367727e-07
0,0.9999991655349731,1.6995441498579567e-08,2.881772864782306e-08,4.6365659045477514e-07,3.233189147522353e-07,5.191769503198884e-08,2.726493342208869e-08
0,0.9999994039535522,2.9693107972406096e-09,1.4931474368040654e-07,2.634575082538504e-07,1.601530641437421e-08,1.6172525363344903e-07,1.9417694119283624e-09
0,0.9999994039535522,2.275204025181665e-09,2.6036906319859554e-07,1.233182445048442e-07,6.216613446241581e-09,1.934178897045058e-07,2.8032176579984025e-09
0,0.9999991655349731,5.637759592502789e-09,1.2018455208817613e-07,1.7268227736622066e-07,7.965941506427043e-08,4.4674976606984274e-07,5.168291572488215e-09
0,0.9999985694885254,1.4360744815533621e-09,1.252369372650719e-07,9.968814396188463e-08,8.320633071434713e-08,1.1477388852654258e-06,6.852801437418066e-09
0,0.9999997615814209,4.728564761968812e-10,3.494777800483462e-08,6.65765114149508e-08,2.840535096026997e-08,1.3741887983087508e-07,3.8243177513663795e-09
0,0.9999994039535522,5.519821266730673e-10,6.011025988073015e-08,1.8757040720629448e-07,2.4478717719489396e-08,2.3662464343487954e-07,1.1078339134940052e-08
0,0.9999984502792358,2.5120430180436415e-09,2.4699841105757514e-07,2.0033293424148724e-07,4.670355124858361e-08,9.89632667369733e-07,5.639532929535562e-08
0,0.9999988079071045,2.3001159310531705e-10,1.682084587173449e-07,1.2662117399031558e-07,1.3158452993877745e-08,8.558304216421675e-07,7.263452772576784e-08
0,0.9999992847442627,4.3667539029179636e-10,7.58166507353053e-08,1.57293811753334e-07,3.462603004322773e-08,4.818587058252888e-07,5.840716355010045e-08
0,0.9999978542327881,9.243205645326213e-10,4.0861579009288107e-07,2.0009930778996932e-07,8.312394328413575e-08,1.1719936310328194e-06,1.778903850890856e-07
0,0.9999986886978149,4.34100755342115e-10,1.510381082425738e-07,2.2045081493615726e-07,7.415983560576933e-08,8.183386057680764e-07,1.9597701239604248e-08
0,0.9999957084655762,2.9494311437616716e-09,1.3084858210277162e-06,4.0618857610752457e-07,1.4850400020804955e-07,1.963046997843776e-06,4.6607428316747246e-07
0,0.9999972581863403,5.325700436209502e-10,5.420504294306738e-07,2.683579509721312e-07,3.8035054217289144e-08,1.6655409353916184e-06,2.838230841462064e-07
0,0.999995231628418,1.3324753800336708e-10,1.2016839434636495e-07,1.924604617897785e-07,1.3021669076351827e-07,4.30292539022048e-06,2.9031673065560426e-08
0,0.9999909400939941,3.5014137422795244e-11,3.3996649051459826e-08,1.0399056549204033e-07,1.488156158302445e-07,8.810545296000782e-06,8.893660030651063e-09
0,0.9999710321426392,2.3913016011789523e-10,1.602644061904357e-07,5.637461413243727e-07,1.042444182530744e-06,2.723209217947442e-05,1.0816346041053748e-08
0,0.9999884366989136,5.4336844051983135e-11,3.69191148763548e-08,2.056884653711677e-07,3.7636280580954917e-07,1.0945191206701566e-05,4.197819036821926e-10
0,0.9999936819076538,6.087724768732983e-10,1.856390241528061e-07,2.32528392984932e-07,3.8292984072541003e-07,5.439051165012643e-06,1.5433048172752706e-09
0,0.9999850988388062,6.467920643515868e-10,2.6661010110728967e-07,3.89257309052482e-07,5.088234047434526e-07,1.3787380339636002e-05,4.938693010103634e-09
0,0.9999879598617554,2.786458175307871e-09,5.607935804619046e-07,6.0685067637678e-07,1.037623633237672e-06,9.736892025102861e-06,2.04951322579916e-09
0,0.9999916553497314,4.806099074272652e-09,1.0238412642138428e-06,5.189050398257677e-07,6.044484166523034e-07,6.202717031555949e-06,1.4626976074794129e-08
0,0.9999778270721436,2.582911662329934e-09,9.118125490203965e-07,5.948330681349034e-07,1.1782863111875486e-06,1.9420795069891028e-05,1.4709866213991063e-08
0,0.9999743700027466,3.089165034886321e-10,1.5760055305236165e-07,3.6470859754444973e-07,1.2542868716991507e-06,2.3789125407347456e-05,1.916604208673789e-09
0,0.9999840259552002,2.1240871284078366e-09,5.090063268653466e-07,2.8564758736138174e-07,9.358166721540329e-07,1.4270120118453633e-05,1.3729245296190129e-08
0,0.999994158744812,2.14062420567096e-10,2.2215296269223472e-07,4.83191570310737e-07,3.105275538928254e-07,4.709740551334107e-06,6.562127197184964e-08
0,0.9999809265136719,9.022947722314711e-09,2.2299216198007343e-06,2.892047632485628e-06,1.2520040399977006e-06,1.2337713997112587e-05,2.3419588046635909e-07
0,0.9999951124191284,4.671166120573389e-09,1.4763402305106865e-06,6.549101954078651e-07,2.4317517954841605e-07,2.2766910205973545e-06,1.836577183667032e-07
0,0.9999817609786987,2.1395925386968884e-07,9.074980880541261e-06,5.568626875174232e-06,8.467129077871505e-07,1.6510226714672172e-06,8.998122211778536e-07
0,0.9999667406082153,2.5750364329724107e-06,7.097763045749161e-06,1.8295133486390114e-05,2.2280237317318097e-06,1.5097172081368626e-06,1.4280253708420787e-06
0,0.9999905824661255,2.6299809974261734e-07,2.1859739263163647e-06,6.163979833218036e-06,3.4896018519248173e-07,1.5655882634746376e-07,2.8018379794048087e-07
0,0.9999798536300659,2.099124913002015e-06,5.659978342009708e-06,1.0080423635372426e-05,3.624612929797877e-07,2.3817922567559435e-07,1.6744990034567309e-06
0,0.9999886751174927,1.0881337857426843e-06,4.190260824543657e-06,4.864159109274624e-06,1.6563716087603098e-07,3.926317333480256e-07,6.654209414591605e-07
0,0.9999938011169434,3.6385102930580615e-07,1.7702445802569855e-06,3.4087652238667943e-06,2.2834667845472723e-07,1.959836311016261e-07,2.0803101108413102e-07
0,0.9999547004699707,2.4176283659471665e-06,1.3717922229261603e-05,2.3682878236286342e-05,2.8316026146057993e-07,6.778457191103371e-07,4.542015631159302e-06
0,0.9999452829360962,3.2247608032776043e-06,9.319353921455331e-06,3.3265339880017564e-05,6.603053179787821e-07,5.849663011758821e-07,7.60850571168703e-06
0,0.9999885559082031,7.581646741527948e-07,6.065311026759446e-07,9.000806130643468e-06,2.5634943767727236e-07,1.3821181710227393e-07,6.688980533908762e-07
0,0.9999980926513672,1.8437320647990418e-07,2.5772912692900718e-08,1.3654970416610013e-06,1.4997415576090134e-07,8.237784676623505e-09,1.5842421419165476e-07
0,0.9999878406524658,3.794735903284163e-07,2.9284756237757392e-06,5.592241905105766e-06,2.709723787575058e-07,2.4276928911604045e-07,2.8179747459944338e-06
0,0.999996542930603,2.252311475103852e-07,1.5087856297668623e-07,2.240360799987684e-06,9.863221350769891e-08,6.764975069017964e-08,6.512867685160018e-07
0,0.9999901056289673,1.588586087564181e-06,1.1352224191796267e-06,2.935780457846704e-06,6.920511452790379e-08,7.693252968010711e-08,4.000314220320433e-06
0,0.9999935626983643,2.5825585225902614e-07,1.2140063745391672e-06,4.14145142713096e-06,1.589812228530718e-07,1.3828726252995693e-07,5.199750034989847e-07
0,0.9999635219573975,3.1434965421794914e-06,1.2959407058588113e-06,2.3345328372670338e-05,1.1711221077348455e-06,2.763058830623777e-07,7.188614745246014e-06
0,0.9997946619987488,2.436150134599302e-05,5.448998126666993e-05,8.549078484065831e-05,5.288717943585652e-07,1.2319780580583028e-05,2.8205744456499815e-05
0,0.999970555305481,2.9595948944916017e-06,4.859271939494647e-06,1.451086973247584e-05,1.1170001101845628e-07,1.0133056775885052e-06,6.0397619563445915e-06
0,0.999994158744812,3.6586439478014654e-07,7.32551711735141e-07,3.45452440342342e-06,4.816621057557313e-08,1.2385551428906183e-07,1.182530468213372e-06
0,0.9999960660934448,5.207514846006234e-07,7.508649702003822e-08,2.5932724838639842e-06,3.1478481332669617e-07,2.3181522479376326e-08,3.8826684090054187e-07
0,0.999946117401123,4.944842203258304e-06,4.974186140316306e-06,3.845470564556308e-05,3.3368598906236e-07,2.0723737748085114e-07,4.97858991366229e-06
0,0.9999380111694336,2.0367891920614056e-05,2.9891741633036872e-06,9.86586201179307e-06,4.5401401393974083e-07,8.189060451968544e-08,2.819693327182904e-05
0,0.9999817609786987,1.0650795957189985e-05,1.4627543123424402e-06,3.629637603808078e-06,5.406182026490569e-07,6.108990646680468e-08,1.9118128875561524e-06
0,0.9999676942825317,1.914514541567769e-05,8.092865186881681e-07,9.351212611363735e-06,1.0995647699019173e-06,3.419798844106481e-08,1.986927145480877e-06
0,0.9999639987945557,2.1960511730867438e-05,3.780273516440502e-07,1.2424762644513976e-05,5.850441766597214e-07,1.7330599177967088e-08,5.20701007644675e-07
0,0.9999836683273315,6.532437510031741e-06,2.4612850779703876e-07,9.188374860968906e-06,1.5192688351817196e-07,7.520434941454823e-09,2.1844469699772162e-07
0,0.999983549118042,7.506472229579231e-06,8.224093335229554e-07,7.2913599069579504e-06,1.0394835214810882e-07,2.191216097457982e-08,7.575508220725169e-07
0,0.9999693632125854,1.777676516212523e-05,1.7981002429223736e-06,1.0164553714275826e-05,1.9985139942946262e-07,1.9123998384884544e-08,6.19141758306796e-07
0,0.9999593496322632,2.4735341867199168e-05,2.6764503218146274e-06,1.2188166692794766e-05,2.838499142399087e-07,3.124331726667151e-08,8.343298532054177e-07
0,0.9999258518218994,5.125999450683594e-05,1.0564700460236054e-05,1.0816162102855742e-05,2.1881548661895067e-07,7.652133859892274e-08,1.2127403579142992e-06
0,0.9999479055404663,3.4922031773021445e-05,6.810866125306347e-06,8.921357220970094e-06,2.0208332784932281e-07,6.150287390482845e-08,1.2217021776450565e-06
0,0.9999361038208008,4.7689649363746867e-05,2.948292376458994e-06,1.1664193152682856e-05,4.94608286771836e-07,3.260031178342615e-08,1.0941054142676876e-06
0,0.999984860420227,9.331212822871748e-06,6.110388426350255e-07,4.5019037315796595e-06,3.811055648839101e-07,2.1132237293386424e-08,3.2847870556906855e-07
0,0.9999817609786987,1.1345879102009349e-05,5.77668572532275e-07,5.289670298225246e-06,3.3473375538051187e-07,1.6321362039661835e-08,5.729189638259413e-07
0,0.9999842643737793,6.012093763274606e-06,1.4924258096016274e-07,8.84966993908165e-06,3.218285655748332e-07,5.753607812408745e-09,2.9536167289734294e-07
0,0.9999829530715942,4.174963578407187e-06,4.5928348413326603e-07,1.1877325960085727e-05,1.7782041084046796e-07,1.0722766674575723e-08,4.2041165215778165e-07
0,0.9999810457229614,8.85993449628586e-06,7.74324632857315e-07,7.369456852757139e-06,2.0011178492040926e-07,1.3190409653418556e-08,1.6889159724087222e-06
0,0.9999701976776123,1.8280548829352483e-05,9.817237014431157e-07,5.8910723055305425e-06,3.3006188004947035e-07,1.427623175231929e-08,4.247605374985142e-06
0,0.9999665021896362,1.576782415213529e-05,3.805581343385711e-07,1.5940839148242958e-05,6.340509912661219e-07,6.54768994579058e-09,8.588573905399244e-07
0,0.9999709129333496,1.614188113308046e-05,8.441696195404802e-07,1.094011531677097e-05,4.4010400301885966e-07,1.570878005452414e-08,7.560307153653412e-07
0,0.9999666213989258,2.1382000340963714e-05,7.11888844762143e-07,9.289842637372203e-06,1.36660833049973e-06,2.561054124328166e-08,5.725007099499635e-07
0,0.9999958276748657,2.8062856927135726e-06,2.750211081092857e-07,7.210093144749408e-07,2.1127078753124806e-07,2.5998883046440824e-08,6.237961969191019e-08
0,0.9999706745147705,2.448640952934511e-05,1.1918510836039786e-06,1.4234923355616047e-06,8.893624681149959e-07,1.1208588546196552e-07,1.3623223367176251e-06
0,0.9999850988388062,1.1127624020446092e-05,1.2795674138033064e-06,1.1168348237333703e-06,4.705344451849669e-07,1.8954195013520803e-07,7.852160592847213e-07
0,0.9999449253082275,4.5649318053619936e-05,2.473138692948851e-06,1.8588162902233307e-06,9.600595376468846e-07,5.404745024861768e-07,3.56908526555344e-06
0,0.9999608993530273,3.249553992645815e-05,1.8672855048862402e-06,2.274278131153551e-06,5.203648356655322e-07,2.0765531871802523e-07,1.8673584918360575e-06
0,0.9999165534973145,7.640261901542544e-05,1.528157895336335e-06,7.354689728344965e-07,8.063977361416619e-07,8.78145485216919e-08,3.8953944567765575e-06
0,0.9999033212661743,8.43793895910494e-05,7.407276370940963e-06,2.162360715374234e-06,5.52649908058811e-07,2.463947623709828e-07,1.8601149349706247e-06
0,0.9999493360519409,4.328972863731906e-05,2.2385061129170936e-06,2.027462187470519e-06,3.6234618505659455e-07,7.070042329360149e-08,2.606932866910938e-06
0,0.9999561309814453,3.452326564001851e-05,1.6794890598248458e-06,3.4607303405209677e-06,7.593129112137831e-07,5.0522931616114874e-08,3.467235274001723e-06
0,0.9999614953994751,2.8762355213984847e-05,1.414407392985595e-06,2.447426595608704e-06,4.2573077507768176e-07,4.99979684320806e-08,5.386066732171457e-06
0,0.9999936819076538,3.909286533598788e-06,4.3329359300514625e-07,1.6865905081431265e-06,3.5300217859912664e-08,1.67607669965264e-08,2.58118490137349e-07
0,0.9999837875366211,1.191309274872765e-05,1.7292953771175235e-06,1.5534304793618503e-06,1.2544786898160964e-07,6.821731091122274e-08,7.583722094750556e-07
0,0.9999961853027344,1.9326691926835338e-06,2.4799979314593656e-07,1.4804558077230467e-06,4.014364307636242e-08,3.935293335644019e-08,7.155573200634535e-08
0,0.9999986886978149,6.739222158103075e-07,3.3568218782420445e-07,2.692001146442635e-07,9.679495427405982e-09,4.0138690593494175e-08,3.004259951921995e-08
0,0.9999892711639404,3.995789484179113e-06,5.770031293650391e-06,5.965447371636401e-07,2.9695371495108702e-08,1.5825671084712667e-07,2.070772069373561e-07
0,0.9999986886978149,3.354786599629733e-07,6.177397153805941e-07,2.1773145419956563e-07,2.023754497315622e-08,1.3563871448241116e-07,3.346990595787247e-08
0,0.9999980926513672,4.97152484513208e-07,1.0314314522474888e-06,2.2627351370374527e-07,2.2144320155348396e-08,1.4537241099787934e-07,4.088398242174662e-08
0,0.9999961853027344,1.4029352541911067e-06,1.764794092196098e-06,3.5328750414009846e-07,1.7349316649983848e-08,1.2881491784355603e-07,9.695127545228388e-08
0,0.9999979734420776,7.42191161862138e-07,9.53947960624646e-07,2.27326424351304e-07,1.3915193441960128e-08,1.4554051119830547e-07,2.9106603349760007e-08
0,0.9999980926513672,6.205428348948772e-07,9.789368959900457e-07,1.408934622304514e-07,9.695028779788117e-09,2.181969449566168e-07,2.0009546020105518e-08
0,0.9999955892562866,3.381482656550361e-06,5.742364237448783e-07,3.614318018207996e-07,3.0115945293118784e-08,9.425697555798251e-08,3.0801732719965e-08
0,0.999995231628418,2.380302021265379e-06,1.8067086102746543e-06,1.6282304216019838e-07,2.4244705798537325e-08,2.968429271277273e-07,5.044162065814817e-08
0,0.9999954700469971,2.2336403162626084e-06,1.6917823586481973e-06,8.676736484858338e-08,2.192078341067827e-08,3.9966232634469634e-07,6.506873262424051e-08
0,0.9999958276748657,2.4423297872999683e-06,1.2055935485477676e-06,1.3794038977721357e-07,2.2790276332784742e-08,3.1197009775496554e-07,1.468726225084538e-07
0,0.9999990463256836,6.086269195293426e-07,1.256819928130426e-07,2.1555639762027567e-07,8.18176459915776e-09,4.03008755256451e-08,4.261129404881103e-08
0,0.9999990463256836,2.455808214563149e-07,2.2037730218471552e-07,2.036198480936946e-07,6.750372261166149e-09,1.1878842087753583e-07,9.453079030663503e-08
0,0.9999896287918091,3.131806806777604e-06,1.2853828366132802e-06,3.411861655422399e-07,3.4582861019316624e-08,3.6954790516574576e-07,5.212875294091646e-06
0,0.9999970197677612,1.887995836113987e-06,4.866201379627455e-07,1.185051914376345e-07,9.038267911876119e-09,1.2745617539167142e-07,3.1293620850192383e-07
0,0.9999973773956299,1.4210684184945421e-06,4.445410866082966e-07,1.0801318239828106e-07,8.185512712088894e-09,1.657678581068467e-07,5.435905450212886e-07
0,0.9999961853027344,7.725785735601676e-07,5.489123395818751e-07,2.1225173441052902e-07,1.2859491249628263e-08,2.4955642174973036e-07,2.074131543849944e-06
0,0.999996542930603,6.421558396141336e-07,6.043597409188806e-07,2.3744406973946752e-07,8.428139075533636e-09,2.411970854154788e-07,1.8379614630248398e-06
0,0.9999929666519165,3.610407247833791e-06,1.7004546180032776e-06,6.74964212521445e-07,3.0706562625937295e-08,4.6216248961172823e-07,6.031058887856489e-07
0,0.999992847442627,3.644745675046579e-06,1.7027344938469469e-06,5.659082944475813e-07,4.906566886120345e-08,9.137108349932532e-07,3.343801324717788e-07
0,0.9999949932098389,2.630997187225148e-06,5.437909180727729e-07,3.9944191598806356e-07,3.357656197522374e-08,5.686524104930868e-07,8.514473961440672e-07
0,0.9999960660934448,2.508713123461348e-06,2.827375169545121e-07,2.9957791980450565e-07,4.670949493856824e-08,4.855191946262494e-07,2.847811799711053e-07
0,0.9999964237213135,2.6134407562494744e-06,1.2881397992714483e-07,3.2206119726652105e-07,6.743009350884677e-08,3.5950870369561017e-07,4.957249544190745e-08
0,0.9999620914459229,3.5416298487689346e-05,4.1136192407975614e-07,5.928619657424861e-07,4.072671799804084e-07,1.0371169310019468e-06,9.505414766408649e-08
0,0.999991774559021,7.600960998388473e-06,5.258663549057019e-08,1.1784472064846341e-07,1.0912104642102349e-07,3.1718789728074626e-07,8.348137292557567e-09
0,0.9999902248382568,7.420441761496477e-06,2.394190232735127e-07,5.662815283358213e-07,3.3784718311835604e-07,1.2101507991246763e-06,2.8680606334319236e-08
0,0.9999731779098511,1.6481697457493283e-05,8.544360525775119e-07,4.431396973814117e-06,1.4864824606775073e-06,3.547907454048982e-06,1.130538578308915e-07
0,0.9999656677246094,2.409002263448201e-05,1.2901759873784613e-06,3.132499386993004e-06,1.5111013453861233e-06,4.154290763835888e-06,1.9079598700955103e-07
0,0.9999667406082153,2.4250990463769995e-05,8.917778018258105e-07,1.3754354313277872e-06,1.4785271105210995e-06,5.3022422434878536e-06,7.307659188882099e-08
0,0.999984860420227,1.1292372619209345e-05,6.359770168273826e-07,4.987552983948262e-07,3.8781325883974205e-07,2.1746604943473358e-06,1.4030230488515372e-07
0,0.9999790191650391,1.859485200839117e-05,4.0640111365064513e-07,2.468122772825154e-07,3.4070686183440557e-07,1.3075783726890222e-06,6.853860412547874e-08
0,0.999974250793457,2.273598511237651e-05,7.565358828287572e-07,3.41130174774662e-07,2.3853343122937076e-07,1.3794142432743683e-06,3.2954045536826015e-07
0,0.9998179078102112,0.00017311947885900736,1.9105498267890653e-06,1.5914008599793306e-06,8.584079864704108e-07,3.11463509206078e-06,1.5249952411977574e-06
0,0.9999406337738037,5.4924112191656604e-05,5.247846388556354e-07,1.7252575617021648e-06,9.430516456632176e-07,9.672465921539697e-07,2.928103981503227e-07
1,0.00015326956054195762,0.9998134970664978,4.7018863824632717e-07,2.315877509317943e-06,3.2654637038831424e-07,5.34737267798846e-08,3.015308902831748e-05
1,3.368279294591048e-06,0.9999847412109375,7.898139386952607e-08,4.786041927218321e-07,2.3655156056179294e-08,4.5561536765603705e-09,1.1355319657013752e-05
1,2.2019429835040683e-08,0.9999974966049194,8.153197228466524e-09,1.9361600323009043e-08,4.83690687502758e-09,3.2370783831225936e-10,2.4975449832709273e-06
1,3.9939396856425446e-07,0.9999970197677612,1.0872501121639289e-07,9.87798571827625e-08,4.53693216329043e-09,7.920147870876804e-10,2.293215175086516e-06
1,5.258855040324306e-08,0.9999995231628418,4.2806082234392306e-08,8.749591273726764e-09,1.059833443228797e-09,3.550959526421593e-10,3.797817953454796e-07
1,1.93033802275977e-08,0.9999995231628418,2.5577016060651658e-08,9.121297495084946e-09,7.72090891221211e-10,3.366626699641273e-10,4.708851122359192e-07
1,1.8655481426321785e-07,0.9999995231628418,3.702148987372311e-08,1.3027332990134255e-08,1.1795503462863621e-09,2.2872817528885037e-10,2.257192903698524e-07
1,1.6292638349568733e-07,0.9999992847442627,2.6544544340367793e-08,7.213377894998985e-09,1.3706841217597798e-09,2.1032954544697446e-10,4.951161827193573e-07
1,4.915555962270446e-08,0.9999997615814209,8.55930792909021e-09,3.2548874706606057e-09,1.2585910091900132e-09,1.0049508447629307e-10,1.9313779375806917e-07
1,4.067385646067123e-07,0.9999984502792358,7.542841018448598e-09,1.6953276116282723e-08,5.698470140202971e-09,6.458844570289557e-11,1.1882908665938885e-06
1,2.9787236144329654e-07,0.9999991655349731,1.831095630677737e-08,1.3036028256863119e-08,4.545126053301374e-09,8.96778831749323e-11,5.597376571131463e-07
1,1.3935430587252995e-08,0.9999996423721313,7.374222121825369e-09,1.6653380896514136e-08,1.683332806479143e-09,2.9506043441873686e-11,3.2487344014953123e-07
1,1.6600449015413687e-08,0.9999994039535522,3.7897236460082695e-09,3.3926701448194763e-09,1.0155951635226756e-09,1.351029097623746e-11,5.194408458919497e-07
1,1.927488030295521e-11,0.9999998807907104,8.561431563691713e-09,1.4475688425719113e-09,3.576093587920326e-11,1.7260566240184794e-11,8.204936108313632e-08
1,7.55994045142927e-10,0.9999992847442627,2.6267577002414555e-09,5.087524623803574e-09,1.161236218294448e-09,1.626614815064542e-11,7.373186576842272e-07
1,1.018256812201912e-09,0.9999998807907104,7.586233308209955e-10,1.88998883210445e-09,2.0632067165848866e-09,6.494253919353543e-12,1.6383172862788342e-07
1,6.531374746598928e-11,0.9999998807907104,3.802067549685262e-10,2.7147753489664694e-10,4.1143413676003604e-10,5.283347110501824e-12,1.255574915148827e-07
1,6.82462131251782e-09,0.9999996423721313,6.768315768956867e-11,1.3852873292918844e-09,1.2202799881677606e-09,9.496867268282694e-13,3.183441208420845e-07
1,1.611775424237294e-08,0.9999996423721313,1.0144909218245957e-11,1.3085775796284338e-09,4.265927611157849e-09,2.1829195081309732e-13,3.4073468668793794e-07
1,4.446070622776688e-09,0.9999998807907104,6.783120614674287e-13,8.825230546349871e-10,6.870740421049959e-09,2.7174587246777716e-14,5.110687339993092e-08
1,1.9741751344781733e-08,0.9999998807907104,6.257112016017086e-12,1.0967476926637687e-09,5.3993187698608835e-09,1.7754528858389407e-13,5.3940407696018156e-08
1,8.240473903242673e-08,0.9999997615814209,5.807260488460697e-12,2.3522053194113823e-09,5.8513536238535835e-09,1.860729587988344e-13,1.4026225869656628e-07
1,9.668531930628887e-08,0.9999996423721313,9.01061777275336e-12,4.2119681076258075e-09,9.43512024065285e-09,1.6103577618522408e-13,2.239294474293274e-07
1,1.2304337815294275e-07,0.9999995231628418,2.9430159698140557e-11,3.089421163338102e-09,7.076194297184202e-09,8.255680210636496e-13,3.1158711522039084e-07
1,1.2857542230904073e-07,0.9999996423721313,1.6583371828526872e-11,3.4991178843313264e-09,1.0980038211982901e-08,7.224311752117296e-13,2.3157045347943495e-07
1,5.2028756414301824e-08,0.9999998807907104,7.389178678651742e-12,4.988384372239807e-09,3.5438174617041795e-09,1.0852319612614583e-13,1.1965170187977492e-07
1,1.8512511701374024e-07,0.9999996423721313,1.1227248297718262e-11,7.820871061881007e-09,4.560299249334321e-09,1.6340551687362564e-13,1.8498623433060857e-07
1,8.311648969083762e-08,0.9999997615814209,4.3639042032750375e-12,3.202127674128974e-09,2.774388940807171e-09,1.0191717939424597e-13,1.0811382367137412e-07
1,2.3336329491030483e-07,0.9999996423721313,1.3409349151893846e-11,3.747888221994344e-09,3.5877245618820552e-09,4.0372116457201845e-13,1.1357199269923512e-07
1,1.635700499491577e-07,0.9999997615814209,5.52575867007743e-12,2.391056908024325e-09,3.484146970933466e-09,2.6592175184948774e-13,8.858698663516407e-08
1,1.503515960621371e-07,0.9999997615814209,1.87912684544711e-12,4.591886870741746e-09,5.938841862729305e-09,8.785039481897655e-14,1.2770949808782461e-07
1,1.4430681005705992e-07,0.9999995231628418,7.059437127747425e-13,2.2350963746475827e-08,9.670388045890377e-09,3.677323406176512e-14,3.0961757602199214e-07
1,1.0320620447146212e-07,0.9999995231628418,9.776973067948669e-13,1.4509082824076813e-08,5.2695048324835625e-09,6.306744406228693e-14,3.8762516396673163e-07
1,1.6819015513647173e-07,0.9999996423721313,1.0830443529855072e-12,1.9516138038966346e-08,9.70109237385941e-09,8.893765308633575e-14,1.4711233120578981e-07
1,8.985339405853665e-08,0.9999997615814209,3.7434947719808265e-13,5.19013632072074e-09,1.6238281830283086e-08,6.340988931846647e-14,9.164394754179739e-08
1,2.2748142214368272e-07,0.9999996423721313,1.0593390314256323e-12,4.2334886707351416e-09,1.4877257648038267e-08,1.2273408472266573e-13,6.192050960862616e-08
1,1.456707536817703e-07,0.9999997615814209,2.61122438775796e-12,3.2409550598799797e-09,1.0231516078818004e-08,1.2820515862040777e-13,4.5271871584873224e-08
1,2.2053323789350543e-07,0.9999997615814209,4.0437033062279415e-12,3.3761073936489083e-09,1.2821453232447766e-08,1.9044560037057706e-13,2.6845421885468568e-08
1,2.2032659785509168e-07,0.9999997615814209,1.830216750722813e-12,3.1008571266255558e-09,1.8110139166083172e-08,1.3531894788726406e-13,1.4300063355676684e-08
1,1.2963567996848724e-07,0.9999998807907104,5.229346686577707e-13,2.2224830864558953e-09,1.3369635176729844e-08,2.0467707525584702e-14,5.800306901448948e-09
1,1.6402570679474593e-07,0.9999997615814209,1.7674864393260603e-12,2.6737891900552313e-09,1.3541971100039518e-08,2.8320062088601702e-14,1.5335379188741172e-08
1,2.940309684618114e-07,0.9999996423721313,4.036212770258674e-12,1.008977257299648e-08,2.8416510033935083e-08,6.024897919974792e-14,6.624716775149864e-08
1,1.1583344416976615e-07,0.9999997615814209,1.3244680959617616e-12,1.5635718275675003e-09,2.957426659122575e-08,4.234673795975273e-14,5.479767395399904e-08
1,4.771705164330342e-08,0.9999998807907104,9.711257405869977e-13,4.0777400900360306e-10,1.0886513024388478e-08,2.480752995875305e-14,2.0116690535587622e-08
1,2.3397449311346463e-08,0.9999998807907104,1.0625141174877561e-12,9.641117071357286e-11,4.14526057923581e-09,3.9577194332115345e-14,4.2058697857783045e-08
1,1.8166671722497085e-08,0.9999998807907104,8.124667388517692e-13,3.41151863703093e-11,3.1189311133772435e-09,3.860210694389514e-14,4.1141262840938e-08
1,2.613955452090977e-08,0.9999998807907104,1.308680919707983e-12,3.494053310570955e-11,4.113904328306717e-09,5.858241138283898e-14,3.759762279287315e-08
1,8.669000095551382e-08,0.9999998807907104,7.636558052581677e-12,5.7265286262930815e-11,6.14337025695022e-09,2.6280968503863966e-13,6.155654119766041e-08
1,6.37833252881137e-08,0.9999997615814209,1.9569004403030554e-11,1.0300233582727358e-10,6.799636409482446e-09,4.705435260182744e-13,1.3714118551888532e-07
1,1.06429148161169e-07,0.9999997615814209,1.6678122424784725e-11,1.228431939503949e-10,4.1874410605657886e-09,4.3969287846085114e-13,1.17585770453843e-07
1,9.925151545076005e-08,0.9999998807907104,4.7940023478743043e-11,1.1753684137083553e-10,4.1309826670499206e-09,9.996543523516088e-13,7.341192542753561e-08
1,4.559084842981065e-08,0.9999998807907104,5.63244546489261e-12,3.9941033119772484e-11,1.2189944165186262e-08,2.838280825645523e-13,4.444716594775855e-08
1,7.423489378766135e-09,0.9999998807907104,3.0281953160293806e-12,1.7031220184149376e-11,2.6486388637891878e-09,1.1575945280464794e-13,1.1283348300139551e-07
1,4.487211491266407e-09,1.0,3.3866609603500075e-12,1.2253076157875409e-11,3.6804286285274657e-09,1.7664614616972468e-13,4.764893901665346e-08
1,1.751916833825362e-08,0.9999998807907104,9.059284572510151e-12,1.6864681526285175e-11,4.30158486608434e-09,5.544464626999757e-13,6.786774520151084e-08
1,1.4440097118040285e-08,1.0,7.239795134922344e-12,7.549995351130434e-12,3.0355966629258546e-09,3.750177252070941e-13,2.7965615601033278e-08
1,1.0637553060632854e-08,0.9999998807907104,4.565576215698197e-12,1.0775253085626435e-11,4.186355262447705e-09,2.979876003068871e-13,4.512316920113335e-08
1,3.147064608910455e-09,0.9999998807907104,1.457952031672094e-12,1.3551228715547037e-11,5.466539221288258e-09,1.6255474342887627e-13,7.866881901463785e-08
1,1.9547687912790934e-09,0.9999998807907104,6.72625312652525e-13,2.7975050661405154e-12,9.902569431119446e-09,1.2780354303066482e-13,1.6478098530114949e-07
1,4.820386756421158e-09,0.9999998807907104,3.758922426794209e-12,3.1729100683636213e-12,3.173320717309025e-09,3.362425626558113e-13,5.824166393608721e-08
1,2.5437871808975387e-09,0.9999998807907104,2.0981660419500114e-12,4.0549256660749045e-12,8.0277473557544e-09,4.868647260521108e-13,8.43587670829038e-08
1,1.6380751199918109e-09,1.0,2.4803960968489136e-12,2.799261473659942e-12,5.4382107705919225e-09,6.217054865712002e-13,5.149868087528375e-08
1,2.2785795472657355e-09,0.9999998807907104,3.0073187863577377e-12,5.168741303018809e-12,1.703956442611343e-08,1.3077576131378943e-12,9.244997301038893e-08
1,4.004907960819537e-09,0.9999995231628418,1.9534169420909464e-11,1.6649702450077797e-11,7.794648837489149e-08,3.265859457868281e-11,3.7104572925272805e-07
1,1.2959627149200514e-08,0.9999977350234985,1.765051473034962e-11,1.221220069513862e-10,1.644108806431177e-06,1.3118657549160417e-10,5.904437898607284e-07
1,1.9703775251400657e-05,0.7493935227394104,1.1729568427654158e-08,4.2819078771572094e-07,0.002460115123540163,1.193036041513551e-06,0.24812504649162292
6,4.542691385722719e-06,0.17026981711387634,5.723224116849224e-09,2.270472805321333e-07,0.0005284500657580793,6.574618964805268e-07,0.8291963338851929
6,1.5519390217377804e-06,0.005707278847694397,2.440433410910714e-09,1.5260058106036922e-08,2.6356621674494818e-05,1.605849462293918e-07,0.9942646622657776
6,2.135005132686274e-07,0.0008732630521990359,4.956738353101287e-10,2.4765309802887714e-09,8.086944944807328e-06,2.0325677141386223e-08,0.9991183876991272
6,3.481200749888558e-08,0.00023850447905715555,1.2377530944629456e-10,7.305609450725115e-10,3.5201981063437415e-06,8.093691050703455e-09,0.9997579455375671
6,8.057214273549107e-08,9.694274922367185e-05,2.0143571533015603e-10,4.570927802927116e-10,2.9006803288211813e-06,2.1179067388743533e-08,0.9999001026153564
6,2.4320884861595005e-08,3.454093530308455e-05,7.028563842048641e-11,2.2429416657310242e-10,1.0363440878791152e-06,5.274558567691656e-09,0.9999643564224243
6,8.829204922733425e-09,1.079082994692726e-05,2.6376952705353673e-11,1.0165561448172156e-10,1.0605803026919602e-06,4.469510539450994e-09,0.9999880790710449
6,2.1841306541148242e-09,4.187691956758499e-06,2.24992975639271e-11,7.34561578230597e-11,4.5245451474329457e-07,7.5981061442576e-09,0.9999953508377075
6,3.1147573409384677e-09,1.2727616194752045e-05,3.439232579283136e-11,1.5353129878548089e-10,7.99839483534015e-07,5.901961142029677e-09,0.9999864101409912
6,1.9016399566140763e-09,7.392318821075605e-06,1.1318354239953088e-11,1.1603421001815661e-10,2.005381020353525e-06,3.8549017311595435e-09,0.9999905824661255
6,9.438562154073793e-10,2.562179588494473e-06,7.872260135433073e-12,4.499807818025836e-11,6.490949999715667e-07,2.608188998109995e-09,0.9999967813491821
6,3.3890645845247036e-09,3.115372692263918e-06,2.288971442943044e-11,5.2642303710603855e-11,2.2244787487579742e-06,1.4446328577832901e-08,0.9999946355819702
6,5.943225467319735e-09,1.5847937220314634e-06,2.8091778903061027e-11,5.422562746049131e-11,2.7362941636965843e-06,1.7915814609636982e-08,0.9999957084655762
6,4.033089595623096e-08,0.00011435241322033107,2.393611142625929e-10,3.891696409574763e-10,1.355085532850353e-05,2.4158634204241025e-08,0.9998719692230225
6,1.5370234507372516e-07,0.0006202048971317708,1.1524811105445565e-09,2.3603534682337113e-09,2.9935656129964627e-05,6.285221587631895e-08,0.9993495345115662
6,1.2959549167135265e-07,8.985293243313208e-05,7.951220792890012e-10,1.1372667252373958e-09,4.692617494583828e-06,8.049453725789135e-08,0.9999053478240967
6,4.56732749398725e-08,1.3721813047595788e-05,2.027537443494154e-10,5.625139798404177e-10,3.395072326384252e-06,5.6778350909780784e-08,0.9999827146530151
6,2.346709493394883e-08,4.340771283750655e-06,1.5916971907170563e-10,2.4734878034671226e-10,9.492266599409049e-07,3.9086412328970255e-08,0.9999946355819702
6,1.3410571320093823e-08,1.8502935290598543e-06,9.438494430469291e-11,1.739743626938406e-10,5.007586878491566e-07,2.2818852585260174e-08,0.999997615814209
6,2.1186728815791867e-08,2.5627414288464934e-06,5.031652872133918e-10,3.968531614439996e-10,6.710759521411092e-07,5.2163134256488775e-08,0.9999966621398926
6,1.3386612707222412e-08,8.913742703953176e-07,5.421216253687078e-10,3.749069388270243e-10,4.793333800989785e-07,8.130320594545992e-08,0.9999985694885254
6,3.8460270523899e-09,2.460905648149492e-07,2.0925915167335774e-10,1.9324646050034033e-10,3.50060872733593e-07,9.794147359798444e-08,0.9999992847442627
6,6.641864391809804e-09,6.486625920842926e-07,4.806507414301109e-10,3.650020008461041e-10,3.272897686201759e-07,1.0017038931664501e-07,0.999998927116394
6,4.5289226591194165e-08,2.145590542568243e-06,2.429456191777035e-09,2.0127881583675844e-09,1.5006487501523225e-06,4.2429633140272927e-07,0.9999958276748657
6,1.0061448563192243e-08,4.6318359636643436e-07,7.475903229803293e-10,4.177220513934543e-10,1.2152812587373774e-06,3.5076118365395814e-07,0.9999979734420776
6,8.236963999763702e-09,6.183446998875297e-08,1.4738929521307398e-10,1.739036969983232e-10,1.7283275610679993e-07,1.4296439587724308e-07,0.9999995231628418
6,1.3048566671614026e-09,2.4711169999136473e-08,7.533627194300507e-11,1.6457088469756798e-10,1.0541777584194278e-07,9.591096272743016e-08,0.9999997615814209
6,5.81300785285066e-10,1.6123816948265812e-08,5.377914780169135e-11,1.3054114733623834e-10,1.2484045797123144e-08,4.16169356753926e-08,1.0
6,1.8689526315451843e-10,4.3317296416489626e-08,4.403480011183625e-11,1.0153898555298468e-10,4.335909853381281e-09,2.693071188275553e-08,0.9999998807907104
6,7.578389304985222e-12,1.6864353469259186e-08,6.2740351108869774e-12,4.204572454091782e-11,1.891466983039436e-10,2.034011181706319e-09,1.0
6,1.18456189301952e-10,5.823444837460556e-08,7.790121325790267e-11,2.115088104659435e-10,6.887440062719463e-10,6.129757590400686e-09,0.9999998807907104
6,1.109916825114965e-09,3.284776255441102e-07,2.9383290245377225e-10,8.712135457500381e-10,1.3019461064800453e-08,2.4665583353566944e-08,0.9999996423721313
6,4.717941148868476e-09,1.187942302749434e-06,1.1511553932308516e-09,2.1793733484543054e-09,2.5836275341362125e-08,3.89070216044729e-08,0.9999988079071045
6,8.117995720091642e-10,1.1300022606519633e-06,7.05073610607343e-10,4.256964503124294e-10,1.59586388548405e-08,2.022361655917848e-08,0.9999988079071045
6,1.3059906489587547e-09,1.243726842403703e-06,5.698762572947658e-10,6.057513379786883e-10,1.2690446027363578e-08,9.02558738857806e-09,0.9999986886978149
6,1.2699508111779778e-10,2.156802736408281e-08,1.2302159291266435e-11,5.114610124312691e-11,5.06861219662369e-09,1.9030188536106607e-09,1.0
6,1.0343889300656883e-08,5.452220284496434e-05,1.3299757961604541e-09,2.6310102985149797e-09,1.1790863254645956e-06,6.376797756502128e-08,0.9999442100524902
6,1.751849332265465e-08,0.00010880199988605455,2.613235627890731e-09,8.272341034398778e-09,4.010539669252466e-06,1.5106172668311046e-07,0.9998869895935059
6,5.136892022861161e-10,1.328415692114504e-05,1.2624561118723676e-10,1.0937600825045024e-09,3.885731132413639e-07,2.261399956182686e-08,0.9999862909317017
6,1.533409510479089e-09,9.913538087857887e-05,6.488123371894972e-10,6.181538836358413e-09,3.3207413707714295e-06,4.7630969390866085e-08,0.9998974800109863
6,3.3379290442780984e-09,0.00010233984357910231,9.496871067327106e-10,4.470614545226681e-09,9.613868314772844e-06,7.481706632006535e-08,0.9998879432678223
6,2.2506849717274235e-09,2.764145756373182e-05,1.5554248999904985e-09,3.971614148667868e-09,4.695528332376853e-06,1.1829224888515455e-07,0.9999675750732422
6,3.064705156319292e-10,1.1219703992537688e-05,1.9870580181269304e-10,8.196181511266332e-10,7.654854812244594e-07,1.2745716482243097e-08,0.9999880790710449
6,1.6719878259685572e-10,7.866082341934089e-06,5.787371137877528e-10,1.4699377270943614e-09,4.967910172126722e-07,2.7017593495770598e-08,0.9999916553497314
6,5.273258565918759e-11,5.198500616643287e-07,2.2035779451146098e-11,3.23072485430842e-10,2.940404044693423e-07,2.174238566965414e-09,0.9999992847442627
6,8.841956333771606e-11,1.466475168854231e-06,5.5832140993805623e-11,4.851846702180751e-10,6.632001827711065e-07,3.0956861518660617e-09,0.9999978542327881
6,3.670893450324897e-11,7.428886874549789e-07,9.544411094797312e-11,5.599902763719911e-10,3.355516469127906e-07,4.16350554033329e-09,0.999998927116394
6,8.28613479914031e-12,3.8605616481390825e-08,3.4292297734078714e-12,8.15807907339483e-11,5.4071026767132935e-08,3.349041599598479e-10,1.0
6,1.0038258418942902e-11,1.6027721372324777e-08,2.8081005402913473e-12,4.3350038836376115e-11,1.380697938202502e-07,3.8143649350175224e-10,0.9999998807907104
6,5.9139763398941e-12,5.188246721132828e-09,2.8721114028740224e-12,2.803269769091621e-11,8.387807781673473e-08,3.1753957796532006e-10,0.9999998807907104
6,4.644245057972007e-12,3.5071032744582453e-09,2.52905205458398e-12,1.5873542064115398e-11,8.321660516230622e-08,2.1873203248645723e-10,0.9999998807907104
6,2.4889218290524706e-12,3.960743288899948e-09,2.8192474396671052e-12,2.752812040818231e-11,3.4963719031111395e-08,1.911151098488162e-10,1.0
6,7.765740090912021e-13,1.0260573501952308e-09,1.2709301113692645e-13,5.7968369687744215e-12,2.4582554658536537e-08,3.0237128773036304e-11,1.0
6,9.511185919798895e-14,5.4492871326417e-10,1.6803810608061708e-14,1.2799780766542534e-12,9.148847901485624e-09,1.1021844027736538e-11,1.0
6,1.0944259956841354e-13,3.7312120060306597e-10,3.8890850311218764e-14,2.5173142650242175e-12,7.936644230710499e-09,1.740082210266447e-11,1.0
6,4.826660989290521e-13,8.575793963849776e-10,1.710138649614612e-13,6.136007067031324e-12,2.5640233047852234e-08,4.232484501764944e-11,1.0
6,9.511227526057264e-13,6.35443031526961e-10,1.1671856515148293e-13,5.016285130332587e-12,3.4028225570637005e-08,2.8608778540606394e-11,1.0
6,6.394092070052815e-13,6.528576568243238e-10,1.0180685504693199e-13,3.1554747963874474e-12,3.014699245795782e-08,1.9453159569304823e-11,1.0
6,5.768400080513603e-13,2.175343460919521e-09,1.8908075246574368e-13,1.8533423493810597e-12,5.4432575780083425e-08,5.0079322633234113e-11,1.0
6,1.0695839830140996e-12,7.983537719802314e-10,1.8476129101056143e-13,1.9921495009178614e-12,1.7000618868223683e-07,4.304707632019067e-11,0.9999998807907104
6,2.0680800008696792e-13,2.8461133450008447e-10,7.249349097361232e-14,1.3733624697545577e-12,8.742510004822179e-08,2.278455375759325e-11,0.9999998807907104
6,1.612171361036266e-13,2.683618327559145e-10,4.956806991772422e-14,1.2646869228943869e-12,9.26176468851736e-08,1.8415177369113245e-11,0.9999998807907104
6,2.086499647103307e-13,2.9810859336620865e-10,9.185156839763495e-14,3.4013813900862777e-12,8.87789823877938e-08,4.575577070009551e-11,0.9999998807907104
6,1.1333310998657906e-13,1.5744944237283676e-10,6.042173326340633e-14,2.1795553643150223e-12,6.444453504172998e-08,6.61877150309742e-11,0.9999998807907104
6,1.5600507810489134e-13,1.5201810643628022e-10,7.76514337314134e-14,4.970000105908312e-12,8.587326050246702e-08,5.502088368247726e-11,0.9999998807907104
6,3.8012341619644494e-14,1.4958054239677665e-10,4.673234929998375e-14,1.8705093897397607e-12,2.6150530629820423e-08,4.224145339071228e-11,1.0
6,3.6872069254182543e-14,6.485073589246326e-11,1.2666268113027158e-14,2.1526064351157226e-12,3.035493989500537e-08,1.294219766079241e-11,1.0
6,3.316861420395688e-14,2.1387747475842822e-11,5.381196925774781e-15,1.2380963225130937e-12,3.5086845429077584e-08,1.2660393566843453e-11,1.0
6,1.5770672663834376e-14,2.835389215083417e-11,1.6030516961063578e-14,1.5249074789350225e-12,3.646052570971392e-09,1.2635810800465386e-11,1.0
6,3.6218621960078246e-13,6.2281582668966e-11,1.4425186238109337e-14,2.921608094341721e-11,5.017797732875806e-08,2.145483617155275e-11,1.0
6,7.339452396531998e-13,1.2273718708044612e-09,7.227948979355442e-14,7.054588163635245e-11,4.9005883795416594e-08,3.4442951962754265e-11,1.0
6,6.259562746607772e-12,5.4427689022418235e-09,4.0578662392071196e-13,4.145087328932817e-10,1.3864563470633584e-06,3.9724848410749303e-10,0.9999985694885254
6,2.0414263812371103e-13,1.5284147558691785e-10,4.513064599562613e-16,1.83999278487168e-12,1.3279547772526712e-07,7.960429190823071e-13,0.9999998807907104
6,1.8828000139872736e-13,4.9917382727304727e-11,6.284632949953798e-16,2.1824726054164856e-11,7.123515644025247e-08,1.875135029888453e-12,0.9999998807907104
6,8.64187820831747e-15,2.435109926202106e-11,5.304235459247696e-17,3.6129014276825577e-12,3.1782032561267215e-09,1.115332801701445e-13,1.0
6,5.229985823758387e-13,1.1770763252982874e-09,1.8705145464763435e-14,8.380552501963123e-11,6.891991422008914e-09,7.315334102364623e-12,1.0
6,6.705728772824285e-14,7.274462698880768e-10,3.0965574258256167e-15,2.193260156824195e-11,9.384242716237168e-09,2.859103362048976e-12,1.0
6,1.3106868021472984e-12,5.3153774715042346e-09,5.148918807594202e-14,4.916233739549192e-11,2.6340554626358426e-08,5.1926078020736455e-11,1.0
6,1.3420259348251307e-10,8.438594534254662e-08,3.2482152818175125e-12,9.683878143817992e-10,1.6531139124253968e-07,5.651152878982657e-10,0.9999997615814209
6,2.0364272768080838e-11,5.4166601870520026e-08,5.74198837349077e-13,2.9424687686407935e-10,1.577808319552787e-07,1.0169947523008815e-10,0.9999998807907104
6,6.033659682991299e-11,3.898015421555101e-08,1.6243921355588165e-12,7.270480328891438e-10,1.105108253796061e-07,2.6128862962160326e-10,0.9999998807907104
6,2.1352647427974603e-10,2.931710127995757e-07,2.526819378734224e-11,9.758414520888437e-09,3.6749901255461737e-07,1.2534373539097032e-09,0.9999992847442627
6,8.477295254660788e-12,1.0398294847391298e-07,8.898029340252689e-13,1.3489374062203296e-09,2.476572262821719e-07,1.245589187348628e-10,0.9999996423721313
6,4.639189640082142e-12,1.8489147990408128e-08,2.2644206117399673e-13,1.1996625914889592e-09,9.615109775040764e-08,2.0133242295550247e-11,0.9999998807907104
6,5.709651501595303e-13,3.7983012290965235e-09,1.5490504658068754e-13,1.3873574511436004e-10,1.552047379504984e-08,9.416196988798475e-12,1.0
6,2.011797439792698e-14,8.937878215320438e-11,1.7590704216060953e-14,8.669760222235201e-12,4.649020279856586e-09,5.741138033726889e-12,1.0
6,8.788254818965432e-15,8.79028013572869e-12,1.2155987513513909e-14,7.648742208175852e-13,1.548991490629703e-09,1.3383337407052442e-12,1.0
6,1.5010741130985772e-12,9.148943408421317e-11,2.1894961429839987e-13,8.674408413789081e-12,2.917113128830806e-08,8.901279886786018e-12,1.0
6,8.804617462627312e-14,6.93062135459499e-11,4.22951672057921e-14,2.5721148301516283e-12,4.164176559129373e-09,2.643456850984216e-12,1.0
6,1.3506369959080666e-13,9.847694187881118e-11,1.275824199975864e-13,3.0122217654221517e-12,4.29998570083967e-09,4.867322257046114e-12,1.0
6,1.1354565291471497e-12,2.979051449969461e-10,1.6854502819449446e-13,1.0306637487911274e-11,1.616048628250155e-08,8.74376005627342e-12,1.0
6,1.1113385331353726e-13,7.021913606131136e-11,6.753039967499763e-14,2.8545644580740825e-12,1.5131900177323132e-09,5.283902222014136e-12,1.0
6,1.6778047050650113e-12,7.380046573857157e-10,1.1205852868886867e-12,5.052748150435882e-11,7.844403349110962e-09,5.1044942578348795e-11,1.0
6,5.756134501336274e-13,1.0450459386746047e-09,2.5877878399166443e-12,3.546830190659378e-11,4.1117163007697854e-09,8.597096645690527e-11,1.0
6,8.904653815526575e-13,8.56559323469952e-10,1.2562564703777479e-11,1.052689532765605e-10,5.128437674528641e-09,1.3153712841162957e-10,1.0
6,4.3674336066071295e-13,2.51260651173979e-10,1.835940687672233e-12,6.176921474310149e-11,2.2727633108843293e-09,4.749225665512391e-11,1.0
6,3.86492080743997e-13,1.7575078892217988e-10,1.1137326954777094e-12,5.953024878602164e-11,2.3644632918262687e-09,3.8340282337845366e-11,1.0
6,1.581740245509486e-13,5.088360843785722e-10,1.44659533917596e-12,4.2175679615397144e-11,3.3143023880910505e-09,5.803765454337473e-11,1.0
6,4.2229830743423236e-12,4.054862667857151e-09,4.5781354401919216e-11,2.5927507363299185e-10,8.155971009671248e-09,4.846567036587146e-10,1.0
6,1.2612863878325165e-11,1.6488299614536572e-09,3.317081678777534e-11,1.2595632870038287e-10,1.5189597135645272e-08,6.352006698406854e-10,1.0
6,3.6087091648262515e-11,1.2462513687694354e-08,9.256823779724144e-11,2.330065584921215e-10,1.786627201738611e-08,1.1771639218949304e-09,1.0
6,3.123869565802018e-11,1.6054647389296406e-08,2.0678192491629943e-10,6.118074935557161e-10,1.4729172548300085e-08,7.230501197774686e-10,1.0
6,2.029196255470822e-11,2.1235306846278945e-08,1.03403723084039e-10,4.678559761828183e-10,4.827014166153276e-08,8.195903955510175e-10,1.0
6,2.8623240930225613e-11,2.2913548392011762e-08,1.0149431295403133e-09,1.3633375539612302e-09,1.0993788990276698e-08,6.563313892371525e-09,1.0
6,8.157860498236857e-11,4.899616001807772e-08,1.7630518156508401e-09,1.0146277151790173e-09,1.761788936960329e-08,5.793452384494913e-09,1.0
6,1.0363968711013527e-10,2.3168881924107154e-08,3.052142982795658e-09,2.372047447352088e-09,2.4279112054159668e-08,3.0048525889725397e-09,1.0
6,5.5739052262637756e-11,8.627741188149685e-09,5.18999565546352e-10,1.4525557423539226e-09,1.417331052522286e-08,7.76142761171883e-10,1.0
6,2.519899003003423e-12,4.501063077810841e-09,1.0387206650364078e-09,1.5772456674056912e-09,1.0010030582208174e-09,1.372736257998497e-09,1.0
6,6.411048775190054e-11,5.700011573850361e-09,6.732052693081414e-10,5.978687545038497e-10,5.438481220920721e-09,1.814543515443745e-09,1.0
6,1.296349971813271e-10,3.2022564599998304e-09,1.3564425971335226e-10,9.704381048747379e-11,2.820187638974403e-09,6.305700961384275e-10,1.0
6,2.2546198241713e-10,3.0651350346744266e-09,1.0829798863243312e-10,1.3439474533250007e-10,7.258305956270306e-09,6.832435173187434e-10,1.0
6,2.684289179821775e-10,5.917571432867419e-10,3.905824275118874e-11,4.535738104549658e-11,8.286527020118228e-09,1.241550751096554e-09,1.0
6,2.417245292818393e-09,2.2955004563840475e-09,7.81229692048413e-10,3.091024380896812e-10,2.897737338969364e-08,1.3795746767186756e-08,1.0
6,1.5134620667822674e-08,5.716375373054916e-09,1.5023968735761173e-09,3.6432629135774164e-10,2.999871995257308e-08,8.018337105397677e-09,1.0
