// General information: 
//  MT Manager version: 2022.2.0 
//  XDA version: 2022.2.0 build 7381 rev 124627 built on 2023-07-19
// Device information: 
//  DeviceId: 00B4BAF3
//  ProductCode: MTW2-3A7G6
//  Firmware Version: 4.6.0
//  Hardware Version: 2.0.0
// Device settings: 
//  Filter Profile: human(46.1)
//  Option Flags: Orientation Smoother Disabled, Position/Velocity Smoother Disabled, Continuous Zero Rotation Update Disabled, AHS Disabled, ICC Disabled
// Coordinate system: ENU
PacketCounter	SampleTimeFine	Acc_X	Acc_Y	Acc_Z	Gyr_X	Gyr_Y	Gyr_Z	Roll	Pitch	Yaw
07932		9.615998	-1.696882	0.018413	-0.027636	0.000929	0.054438	-87.240536	-81.694660	30.011221
07933		9.593214	-1.649297	0.000171	-0.019607	0.003807	0.050543	-87.265811	-81.665394	30.024985
07934		9.539303	-1.612405	-0.078600	-0.013122	-0.001114	0.046302	-87.304022	-81.638736	30.055603
07935		9.533262	-1.602850	-0.098317	-0.007321	-0.000976	0.042015	-87.338980	-81.614477	30.086271
07936		9.526969	-1.546027	-0.145760	0.008762	0.002386	0.036801	-87.349151	-81.593136	30.101221
07937		9.522861	-1.624374	-0.227954	0.000678	0.009073	0.030376	-87.338342	-81.575270	30.090260
07938		9.599009	-1.809967	-0.193670	0.021185	0.006699	0.019418	-87.321803	-81.563744	30.085402
07939		9.654453	-2.082045	-0.092531	0.069084	0.007303	0.002733	-87.273720	-81.561745	30.076381
07940		9.730707	-2.218356	-0.084236	0.128317	0.008342	-0.006030	-87.185047	-81.564678	30.060647
07941		9.714499	-2.178409	-0.078482	0.189046	0.011546	-0.017687	-87.047914	-81.574237	30.031087
07942		9.604132	-1.968069	0.102858	0.231893	0.011193	-0.033664	-86.883235	-81.592798	29.998502
07943		9.563858	-1.738695	0.184864	0.224581	0.006686	-0.041777	-86.738910	-81.616270	29.982257
07944		9.653949	-1.587014	0.114361	0.180505	0.003255	-0.046246	-86.630875	-81.642219	29.977166
07945		9.798169	-1.472520	0.002266	0.155983	0.005090	-0.047834	-86.529920	-81.669199	29.965032
07946		9.814142	-1.414996	0.007146	0.150087	0.016832	-0.056503	-86.382991	-81.700520	29.903020
07947		9.739604	-1.412404	0.090237	0.147635	0.024892	-0.060298	-86.204860	-81.733884	29.808065
07948		9.638877	-1.388223	0.103844	0.144990	0.019771	-0.069419	-86.044077	-81.772425	29.729114
07949		9.627883	-1.357495	0.187546	0.149089	0.011024	-0.064416	-85.916792	-81.808626	29.686390
07950		9.514184	-1.216638	0.222133	0.157093	0.009108	-0.063090	-85.791313	-81.843941	29.650126
07951		9.484747	-1.008597	0.218059	0.144787	0.000312	-0.058426	-85.709679	-81.877149	29.651036
07952		9.610482	-0.857231	0.223072	0.110627	-0.004798	-0.052102	-85.668797	-81.906800	29.673341
07953		9.741432	-0.672536	0.158116	0.064859	-0.003007	-0.045060	-85.650033	-81.932515	29.691496
07954		9.785381	-0.679452	0.078950	0.010908	0.004393	-0.035008	-85.634315	-81.952072	29.681514
07955		9.756359	-0.732824	-0.071181	-0.017464	0.009743	-0.034989	-85.614242	-81.971478	29.650711
07956		9.756577	-0.776957	0.018593	-0.028877	0.011468	-0.027575	-85.594870	-81.986555	29.614023
07957		9.815944	-0.873861	0.147968	-0.031371	0.011451	-0.014074	-85.582185	-81.993935	29.582636
07958		9.876413	-1.017358	0.247321	-0.008262	0.023963	0.001605	-85.509306	-81.991845	29.503850
07959		9.759623	-1.100446	0.346066	-0.001856	0.013286	0.012186	-85.480584	-81.984136	29.473346
07960		9.599761	-1.078081	0.285689	-0.021612	0.005053	0.019949	-85.497858	-81.972443	29.477881
07961		9.569594	-0.877703	0.219215	-0.060849	0.002779	0.031210	-85.551533	-81.954339	29.496452
07962		9.627994	-0.839359	0.140474	-0.124747	0.005113	0.036729	-85.632573	-81.933096	29.505713
07963		9.666075	-0.840305	0.040559	-0.189736	0.007747	0.036015	-85.741099	-81.912026	29.505100
07964		9.653192	-0.986005	-0.023353	-0.220779	0.013572	0.030162	-85.840668	-81.894233	29.477506
07965		9.546329	-1.216742	-0.120641	-0.234908	0.020485	0.026512	-85.920773	-81.878069	29.422041
07966		9.486433	-1.475199	-0.099820	-0.222825	0.008947	0.024407	-86.038230	-81.863793	29.411332
07967		9.535445	-1.595560	-0.045619	-0.182825	-0.003315	0.023616	-86.182536	-81.850241	29.450864
07968		9.609651	-1.644183	0.020271	-0.143832	-0.011972	0.022366	-86.337350	-81.837900	29.523610
07969		9.769603	-1.669290	0.018946	-0.101463	0.003588	0.014322	-86.404641	-81.829387	29.532434
07970		9.778341	-1.607080	0.059735	-0.076090	-0.000513	0.023328	-86.474892	-81.816024	29.558962
07971		9.818283	-1.485399	0.073737	-0.061707	0.009964	0.028666	-86.497430	-81.799081	29.545586
07972		9.687788	-1.360099	0.076537	-0.077800	0.008974	0.031276	-86.532776	-81.780820	29.535858
07973		9.607675	-1.398023	0.103016	-0.109487	-0.008825	0.028579	-86.656827	-81.764571	29.597389
07974		9.687893	-1.458742	0.129004	-0.117949	-0.014861	0.015274	-86.805283	-81.756247	29.678707
07975		9.683239	-1.539764	0.162983	-0.134297	-0.005858	0.006094	-86.926307	-81.752727	29.722818
07976		9.599632	-1.653003	0.165239	-0.149597	0.002773	0.003180	-87.020396	-81.750727	29.730880
07977		9.516957	-1.714723	0.019753	-0.134852	-0.003689	0.010132	-87.133867	-81.744810	29.767039
07978		9.507239	-1.732532	-0.053659	-0.097148	-0.012592	0.010582	-87.259859	-81.738966	29.837700
07979		9.570193	-1.659322	-0.082787	-0.062193	-0.022840	0.006203	-87.406230	-81.735784	29.949172
07980		9.666142	-1.712991	-0.027210	-0.031859	-0.024510	0.003514	-87.540416	-81.734202	30.065912
07981		9.666811	-1.710259	-0.088865	-0.020258	-0.005824	-0.006233	-87.593502	-81.737661	30.107400
07982		9.633529	-1.681073	0.000755	-0.011032	-0.010186	-0.014095	-87.656553	-81.745741	30.164311
07983		9.687493	-1.718618	0.018866	0.000943	-0.002811	-0.019023	-87.683658	-81.756441	30.191819
07984		9.617935	-1.685718	0.029118	-0.000943	-0.004085	-0.019054	-87.716284	-81.767175	30.223822
07985		9.591442	-1.664122	0.019103	0.026138	-0.012885	-0.023253	-87.768359	-81.780519	30.291143
07986		9.564553	-1.595213	-0.018664	0.047373	-0.009060	-0.027619	-87.791968	-81.796230	30.342001
07987		9.585017	-1.506652	-0.024709	0.054523	-0.006243	-0.036283	-87.799729	-81.816878	30.380977
07988		9.641993	-1.420101	0.049496	0.053798	-0.004395	-0.042164	-87.799189	-81.840793	30.411150
07989		9.626541	-1.374560	-0.008950	0.038704	-0.012209	-0.044977	-87.838838	-81.866547	30.473179
07990		9.574586	-1.375130	-0.060746	0.022029	-0.020652	-0.055875	-87.920188	-81.898651	30.567678
07991		9.617837	-1.383481	-0.023163	0.019449	-0.030470	-0.059896	-88.043363	-81.933291	30.702918
07992		9.608524	-1.446422	0.051571	0.042230	-0.023610	-0.058760	-88.126410	-81.967054	30.810804
07993		9.597432	-1.418397	0.130485	0.057520	-0.026633	-0.052583	-88.215052	-81.997373	30.933177
07994		9.612302	-1.264655	0.014926	0.037270	-0.026911	-0.055525	-88.316401	-82.029285	31.056657
07995		9.665488	-1.204595	-0.024435	0.012245	-0.022945	-0.053091	-88.417511	-82.059776	31.165408
07996		9.682170	-1.191735	-0.055729	0.004722	-0.016849	-0.046677	-88.498840	-82.086421	31.249829
07997		9.657771	-1.259017	-0.070172	0.017725	-0.015433	-0.048637	-88.567683	-82.114207	31.329158
07998		9.611903	-1.320681	-0.074171	0.038118	-0.013214	-0.046802	-88.615921	-82.140858	31.399479
07999		9.616703	-1.285332	-0.023795	0.063468	-0.015699	-0.048870	-88.660559	-82.168761	31.480821
08000		9.578829	-1.236742	-0.012960	0.067457	-0.012767	-0.038924	-88.691708	-82.190883	31.550850
08001		9.525268	-1.194375	-0.032484	0.066431	-0.017182	-0.040003	-88.742460	-82.213711	31.640068
08002		9.523930	-1.097377	-0.089632	0.053423	-0.013002	-0.034781	-88.783697	-82.233459	31.712156
08003		9.642047	-1.103098	-0.129873	0.029486	-0.015037	-0.029350	-88.848269	-82.250138	31.793949
08004		9.760631	-1.157891	-0.081881	0.026524	-0.004737	-0.029122	-88.871244	-82.266556	31.832048
08005		9.834387	-1.323173	-0.067079	0.022300	0.006376	-0.036614	-88.849342	-82.287143	31.822414
08006		9.753432	-1.479329	-0.032303	0.025313	0.010763	-0.042450	-88.806414	-82.311028	31.793307
08007		9.660214	-1.563347	-0.004807	0.027866	0.009369	-0.044950	-88.767598	-82.336352	31.769825
08008		9.635300	-1.584229	-0.044329	0.045137	0.008767	-0.048277	-88.720867	-82.363571	31.748341
08009		9.710125	-1.528680	-0.150219	0.049844	0.006672	-0.038283	-88.681202	-82.385107	31.736710
08010		9.808992	-1.403618	-0.183400	0.068979	0.012974	-0.038339	-88.603390	-82.406544	31.697650
08011		9.779455	-1.291683	-0.127613	0.088140	0.016896	-0.035807	-88.497577	-82.426509	31.641424
08012		9.744760	-1.164222	-0.150446	0.094539	0.027984	-0.038712	-88.339636	-82.447898	31.536306
08013		9.668495	-1.120582	-0.036222	0.087162	0.030384	-0.036675	-88.174845	-82.468087	31.420028
08014		9.719967	-1.066018	0.049343	0.079488	0.028939	-0.032411	-88.020935	-82.485788	31.310288
08015		9.757860	-1.061109	0.013560	0.067221	0.031309	-0.021330	-87.864590	-82.497088	31.191013
08016		9.811206	-1.050888	0.008186	0.063634	0.033909	-0.016669	-87.699700	-82.505610	31.061044
08017		9.821868	-1.028411	-0.037098	0.063197	0.031391	-0.007494	-87.547073	-82.508901	30.943198
08018		9.770538	-0.912004	-0.030211	0.057683	0.040709	-0.002225	-87.358331	-82.508913	30.785737
08019		9.694723	-0.868603	-0.035225	0.053294	0.041705	0.008654	-87.169732	-82.502583	30.625885
08020		9.681979	-0.798096	-0.038884	0.046479	0.042768	0.015089	-86.982603	-82.492534	30.463575
08021		9.760406	-0.766209	-0.002657	0.042971	0.043897	0.030741	-86.796421	-82.473364	30.300188
08022		9.820445	-0.819631	-0.018186	0.033203	0.052891	0.039935	-86.580711	-82.448678	30.101365
08023		9.758643	-0.896116	-0.045347	0.017616	0.051967	0.035949	-86.377703	-82.426093	29.906332
08024		9.782988	-0.875318	0.060296	-0.001016	0.049057	0.035211	-86.199315	-82.404116	29.725363
08025		9.781481	-1.049780	0.100976	-0.020900	0.059069	0.041594	-85.991961	-82.377855	29.503660
08026		9.723128	-1.095822	0.124193	-0.026254	0.050925	0.056591	-85.828944	-82.343461	29.323591
08027		9.740229	-1.186742	0.156816	-0.006041	0.048886	0.062212	-85.665865	-82.305675	29.155119
08028		9.733108	-1.181393	0.201580	-0.010974	0.048870	0.071256	-85.510699	-82.262874	28.991777
08029		9.708215	-1.091529	0.218105	-0.041752	0.047062	0.074594	-85.383145	-82.217982	28.838476
08030		9.700352	-1.040769	0.233440	-0.064325	0.045325	0.078120	-85.278835	-82.171345	28.695580
08031		9.669674	-1.059370	0.116634	-0.087420	0.045822	0.085635	-85.189452	-82.120131	28.554362
08032		9.628004	-1.099394	0.048803	-0.107822	0.049209	0.086958	-85.100019	-82.068225	28.401294
08033		9.676015	-1.084910	-0.035905	-0.127526	0.050790	0.094182	-85.019350	-82.011828	28.245636
08034		9.648561	-1.121364	-0.013574	-0.144019	0.056278	0.097052	-84.928899	-81.953768	28.070556
08035		9.665699	-1.214239	-0.042501	-0.137519	0.046577	0.098065	-84.875620	-81.895310	27.936735
08036		9.697943	-1.301581	-0.041354	-0.108284	0.049337	0.103544	-84.798359	-81.833865	27.795611
08037		9.649865	-1.377600	-0.040842	-0.081613	0.052638	0.103095	-84.693972	-81.772169	27.642477
08038		9.642098	-1.376123	0.003367	-0.063311	0.051586	0.106139	-84.586757	-81.709058	27.497077
08039		9.671114	-1.375252	0.068492	-0.055463	0.053359	0.111837	-84.471787	-81.642254	27.348340
08040		9.704976	-1.295410	0.097149	-0.040425	0.056358	0.119909	-84.342364	-81.570943	27.193695
08041		9.666454	-1.353815	0.109751	-0.050059	0.061656	0.124780	-84.202013	-81.496190	27.022374
08042		9.602425	-1.390610	0.052930	-0.055921	0.063892	0.126470	-84.060432	-81.420598	26.846397
08043		9.568851	-1.415911	0.057035	-0.055258	0.063589	0.121378	-83.919857	-81.347544	26.671768
08044		9.573466	-1.439175	0.022019	-0.058383	0.061581	0.124630	-83.793003	-81.273019	26.509195
08045		9.581540	-1.478791	0.066345	-0.057222	0.065493	0.127229	-83.654092	-81.196392	26.335042
08046		9.580696	-1.535500	0.040329	-0.053140	0.069464	0.127708	-83.501863	-81.119491	26.149758
08047		9.599822	-1.600551	0.064696	-0.030548	0.068630	0.126878	-83.341729	-81.042719	25.969521
08048		9.619326	-1.618844	0.061279	-0.025096	0.070469	0.128141	-83.175979	-80.965337	25.786732
08049		9.601057	-1.592205	0.068747	-0.020173	0.068914	0.130140	-83.016128	-80.886533	25.612724
08050		9.677836	-1.573514	0.108698	-0.019882	0.073556	0.136391	-82.846117	-80.804070	25.428567
08051		9.618249	-1.624060	0.072058	-0.020266	0.066485	0.132762	-82.701765	-80.723798	25.270127
08052		9.601891	-1.594905	0.019131	-0.004012	0.055694	0.125216	-82.585299	-80.648843	25.149357
08053		9.685409	-1.587144	0.017787	0.021140	0.050978	0.124512	-82.471450	-80.574304	25.045812
08054		9.644870	-1.600926	0.062350	0.035527	0.061263	0.130051	-82.319558	-80.496096	24.912038
08055		9.637284	-1.555385	0.081333	0.052109	0.066270	0.135318	-82.145309	-80.414152	24.765191
08056		9.647474	-1.546874	0.040090	0.071801	0.067648	0.134092	-81.958268	-80.333015	24.616781
08057		9.642700	-1.517644	0.139178	0.089903	0.066829	0.135777	-81.766308	-80.250610	24.473863
08058		9.698026	-1.493773	0.190457	0.093263	0.071037	0.141404	-81.565124	-80.164891	24.323505
08059		9.665119	-1.473458	0.169183	0.089790	0.075565	0.144980	-81.355116	-80.076361	24.162128
08060		9.689818	-1.416637	0.191450	0.067797	0.082674	0.152364	-81.142737	-79.983253	23.985508
08061		9.687484	-1.431276	0.200461	0.053559	0.085518	0.152291	-80.932078	-79.889495	23.802295
08062		9.643683	-1.386388	0.200135	0.036740	0.089805	0.154691	-80.723288	-79.794222	23.611143
08063		9.653694	-1.335863	0.191960	0.032650	0.088580	0.161586	-80.527017	-79.694696	23.430267
08064		9.582241	-1.318416	0.209309	0.024567	0.088549	0.172754	-80.345773	-79.589144	23.259909
08065		9.568730	-1.309813	0.238655	0.023712	0.092010	0.183781	-80.162960	-79.476546	23.087389
08066		9.572095	-1.250708	0.270109	0.029421	0.082365	0.201384	-80.019776	-79.355301	22.958459
08067		9.622734	-1.220871	0.302379	0.032426	0.085790	0.226549	-79.880266	-79.219032	22.834953
08068		9.635345	-1.221005	0.201884	0.052351	0.067460	0.252485	-79.800680	-79.070423	22.784047
08069		9.728768	-1.210253	0.214503	0.092461	0.065275	0.281644	-79.720740	-78.905103	22.756147
08070		9.819120	-1.171699	0.069516	0.133485	0.081870	0.312960	-79.589017	-78.720956	22.699430
08071		9.899076	-1.099078	0.196439	0.202016	0.089421	0.343956	-79.415652	-78.517989	22.640226
08072		9.933341	-1.030698	0.152486	0.280249	0.088240	0.397263	-79.233206	-78.285718	22.617494
08073		9.867124	-0.839487	0.096863	0.353282	0.086146	0.451299	-79.045680	-78.022633	22.632276
08074		9.729148	-0.515437	0.147849	0.408669	0.065418	0.514303	-78.916571	-77.727122	22.739321
08075		9.649247	-0.147061	0.218242	0.398489	0.063382	0.584616	-78.832764	-77.391621	22.886873
08076		9.661571	0.127474	0.238856	0.347230	0.062437	0.631916	-78.801903	-77.030566	23.058858
08077		9.879423	0.214163	0.367810	0.300638	0.096002	0.658840	-78.725836	-76.649774	23.157205
08078		9.925928	0.332369	0.788980	0.220195	0.096856	0.684561	-78.704822	-76.255577	23.265012
08079		10.004185	0.049404	0.640847	0.093403	0.070672	0.717354	-78.825437	-75.844728	23.443998
08080		10.172563	-0.226337	0.365793	-0.055038	0.042753	0.741111	-79.092112	-75.424801	23.686414
08081		10.485915	-0.353961	0.495475	-0.134997	0.025869	0.779557	-79.440251	-74.983354	23.966053
08082		10.629107	-0.482266	0.685972	-0.226216	0.047465	0.837320	-79.799466	-74.508272	24.203752
08083		10.544294	-0.994565	0.713518	-0.324028	0.055008	0.898720	-80.202430	-73.995809	24.429094
08084		10.538482	-1.796090	0.562677	-0.375685	0.094744	0.951785	-80.556407	-73.450945	24.573352
08085		10.545651	-2.287291	0.353416	-0.363501	0.097115	0.975329	-80.890593	-72.890544	24.704457
08086		11.014674	-2.108136	-0.129820	-0.203503	0.105916	1.002201	-81.111784	-72.315829	24.813814
08087		11.446981	-0.878669	-0.363173	-0.007751	0.136785	1.064463	-81.175922	-71.701204	24.876135
08088		11.271846	-0.551374	0.050292	0.117629	0.172128	1.149866	-81.128819	-71.037164	24.897303
08089		10.585055	-0.988530	0.663312	0.135063	0.153378	1.187092	-81.111675	-70.351660	24.960687
08090		10.293014	-0.756691	0.292403	-0.057488	0.080692	1.214995	-81.319333	-69.659000	25.146391
08091		10.661373	-0.868076	-0.404195	-0.236880	0.100757	1.219257	-81.586616	-68.959642	25.286567
08092		10.801553	-1.629559	-0.161375	-0.232203	0.139871	1.236449	-81.786348	-68.249693	25.357984
08093		10.963327	-2.320414	0.075283	-0.161232	0.140698	1.274077	-81.943832	-67.515666	25.427802
08094		10.840389	-3.174584	-0.026754	-0.161362	0.184645	1.307356	-82.042507	-66.761989	25.434346
08095		10.371705	-3.917820	0.289635	-0.047794	0.157122	1.298161	-82.107328	-66.012905	25.474742
08096		9.874540	-4.463993	0.675906	0.046381	0.115301	1.261540	-82.161589	-65.290736	25.563244
08097		9.233450	-4.737835	0.822281	0.069514	0.056457	1.197046	-82.258482	-64.606833	25.713695
08098		8.973390	-5.190781	0.308844	0.004579	0.010449	1.137623	-82.430325	-63.962856	25.907100
08099		8.710419	-4.840607	-0.303037	-0.019206	-0.032638	1.089479	-82.648504	-63.346336	26.137812
08100		8.601820	-4.455049	-0.780902	-0.113647	-0.087626	1.039686	-82.964720	-62.764329	26.419189
08101		8.792549	-4.015072	-0.501013	-0.077717	-0.093114	0.947359	-83.241967	-62.231831	26.681078
08102		8.579922	-3.779749	-0.261232	-0.125281	-0.051991	0.820603	-83.478051	-61.770952	26.866779
08103		8.150198	-3.769451	0.194226	-0.128520	0.019979	0.661092	-83.614927	-61.393233	26.938203
08104		7.600898	-4.482132	0.747555	-0.126000	0.087067	0.485138	-83.659218	-61.114175	26.905969
08105		7.165519	-4.674850	0.856500	-0.168399	0.131288	0.316146	-83.662290	-60.925778	26.798703
08106		7.227395	-4.542951	0.239662	-0.364037	0.079420	0.171897	-83.815113	-60.825558	26.734478
08107		7.780523	-4.230475	0.243568	-0.359167	-0.007440	0.005379	-84.034498	-60.822871	26.749568
08108		8.408230	-3.768760	0.655242	-0.257599	-0.038790	-0.157949	-84.211326	-60.917755	26.782621
08109		8.313463	-3.340720	1.095800	-0.272985	-0.002142	-0.335980	-84.340743	-61.109330	26.751281
08110		7.809253	-3.412442	1.354407	-0.368239	0.020652	-0.501329	-84.485442	-61.396692	26.675305
08111		7.491864	-3.943547	1.387096	-0.465731	-0.003999	-0.661342	-84.696059	-61.774036	26.610896
08112		7.556183	-4.377120	1.060515	-0.513663	-0.035076	-0.811105	-84.955277	-62.241312	26.570854
08113		7.670638	-4.654602	0.806674	-0.462831	-0.049077	-0.955150	-85.189738	-62.788836	26.535747
08114		7.728703	-4.611462	0.914322	-0.286955	-0.060700	-1.100363	-85.325969	-63.422549	26.503875
08115		7.655258	-4.445141	1.113620	-0.165359	-0.079349	-1.241601	-85.402061	-64.135138	26.482613
08116		7.646540	-4.503973	1.287601	-0.106807	-0.102937	-1.373221	-85.461587	-64.926570	26.480526
08117		7.722656	-4.635532	1.273057	-0.040173	-0.123835	-1.480470	-85.499586	-65.777622	26.496545
08118		7.797995	-4.579275	1.088655	0.029914	-0.154274	-1.582427	-85.528250	-66.690737	26.546392
08119		7.887933	-4.371006	0.954435	0.147944	-0.192594	-1.680820	-85.533624	-67.659296	26.643732
08120		8.068979	-3.961245	1.059141	0.314132	-0.221391	-1.775138	-85.477577	-68.685377	26.777059
08121		8.198204	-3.434806	1.277952	0.444873	-0.239807	-1.871038	-85.365918	-69.764804	26.929804
08122		8.289841	-3.013065	1.437689	0.493770	-0.241646	-1.953241	-85.219901	-70.893640	27.075025
08123		8.339196	-2.696894	1.387935	0.488184	-0.239712	-2.031177	-85.063221	-72.064738	27.204333
08124		8.414339	-2.439207	1.344673	0.459943	-0.232262	-2.098642	-84.895838	-73.276317	27.304926
08125		8.540975	-2.205355	1.390495	0.468561	-0.240132	-2.155954	-84.725055	-74.518852	27.406164
08126		8.774179	-1.973372	1.437966	0.483185	-0.251168	-2.198334	-84.554419	-75.788464	27.515939
08127		8.936684	-1.749708	1.479583	0.459176	-0.249534	-2.230870	-84.382429	-77.074388	27.609225
08128		9.091451	-1.623842	1.596165	0.419310	-0.241699	-2.257385	-84.194983	-78.377281	27.663178
08129		9.300946	-1.527960	1.613418	0.356590	-0.220969	-2.279747	-83.959814	-79.689491	27.631327
08130		9.527011	-1.308116	1.464368	0.279479	-0.192521	-2.299182	-83.619691	-81.013196	27.448686
08131		9.691502	-1.072191	1.185803	0.162749	-0.136496	-2.294433	-83.032952	-82.327959	26.949545
08132		9.854491	-0.768908	1.011351	0.085636	-0.089589	-2.276347	-82.038198	-83.630085	25.996685
08133		10.012899	-0.367101	1.052015	0.022275	-0.034594	-2.252214	-80.271495	-84.908423	24.233623
08134		10.023945	0.002243	0.994796	-0.074544	0.030134	-2.223059	-76.893057	-86.156440	20.802154
08135		9.966385	0.401264	0.923648	-0.203705	0.088514	-2.186777	-69.889137	-87.345339	13.670041
08136		10.044030	0.422729	0.904228	-0.310976	0.145463	-2.143674	-52.026693	-88.394474	-4.382220
08137		10.200096	0.422519	0.822271	-0.419756	0.204438	-2.099892	-3.507199	-88.898592	-53.154254
08138		10.575136	0.463261	0.424983	-0.570971	0.273821	-2.045469	41.178539	-88.329661	-98.178624
08139		10.747761	0.527535	0.301530	-0.649001	0.354701	-1.966254	56.477251	-87.340712	-113.860096
08140		10.635867	0.490338	0.531366	-0.644814	0.402688	-1.885913	62.455897	-86.290418	-120.217868
08141		10.267414	0.551180	0.630609	-0.728508	0.443399	-1.805590	65.161834	-85.251146	-123.350039
08142		10.005525	0.237914	0.491174	-0.827245	0.453958	-1.732425	66.549639	-84.237809	-125.219763
08143		9.795350	0.279736	0.233095	-0.888805	0.480156	-1.663806	67.171852	-83.254479	-126.358393
08144		9.459804	0.085877	-0.029309	-0.919496	0.514541	-1.603754	67.323083	-82.292037	-127.042036
08145		9.269765	-0.147074	0.247388	-0.804680	0.526166	-1.553941	67.330995	-81.355692	-127.516232
08146		9.231065	-0.053723	0.189205	-0.731531	0.537264	-1.470603	67.188124	-80.458710	-127.796195
08147		9.220356	-0.159393	-0.038042	-0.691427	0.539127	-1.349792	66.903086	-79.627524	-127.909446
08148		9.322021	-0.072289	0.131903	-0.511560	0.489428	-1.223847	66.719036	-78.871840	-128.020653
08149		9.448365	0.347971	0.392715	-0.402441	0.454515	-1.118961	66.574014	-78.181449	-128.108389
08150		9.382258	0.659509	0.478676	-0.324022	0.434669	-1.034561	66.435929	-77.538025	-128.157271
08151		9.152824	0.772896	0.567482	-0.267693	0.400021	-0.958430	66.336681	-76.944502	-128.213203
08152		8.939186	0.638353	0.610945	-0.241470	0.358912	-0.881777	66.270176	-76.398848	-128.287287
08153		8.701110	0.374393	0.519322	-0.178411	0.325272	-0.800137	66.234140	-75.905619	-128.355889
08154		8.432270	0.163180	0.416884	-0.105122	0.273936	-0.711062	66.262759	-75.469268	-128.447859
08155		8.278894	0.053955	0.301328	-0.008374	0.202776	-0.622483	66.406538	-75.097416	-128.601909
08156		8.321030	0.149845	0.234077	0.103880	0.122233	-0.515263	66.672398	-74.798662	-128.815887
08157		8.404742	0.146075	0.392635	0.266365	0.033846	-0.401897	67.098417	-74.580688	-129.099786
08158		8.583007	0.322393	0.376096	0.394978	-0.019472	-0.283231	67.595242	-74.435336	-129.380841
08159		8.625616	0.515623	0.275589	0.468439	-0.068273	-0.173916	68.136099	-74.359154	-129.664165
08160		8.795263	0.810354	0.213380	0.487023	-0.104576	-0.079731	68.681796	-74.338977	-129.941450
08161		8.909582	0.956827	0.145266	0.458788	-0.113522	0.010123	69.162241	-74.369118	-130.167838
08162		8.989718	0.890817	0.180299	0.397289	-0.113156	0.104060	69.539874	-74.448141	-130.323948
08163		8.915925	0.695074	0.240693	0.356697	-0.127105	0.194850	69.859457	-74.579417	-130.443937
08164		8.781457	0.624171	-0.111087	0.293062	-0.153027	0.297971	70.122998	-74.770339	-130.543481
08165		9.002241	2.299173	-1.364876	0.122559	-0.334297	0.341450	70.626974	-75.020218	-130.993193
08166		10.378708	4.156946	-3.640821	-0.191744	-0.691910	0.177173	71.816813	-75.244530	-132.338277
08167		12.758072	4.304981	-0.617306	0.772523	-0.738124	-0.225368	73.947737	-75.246768	-134.084570
08168		13.109689	6.103564	3.338998	1.382988	-0.341442	-0.362554	75.669265	-75.097939	-135.045989
08169		11.899173	5.744084	2.326558	0.849970	-0.228614	-0.149840	76.719573	-75.046840	-135.629411
08170		10.655310	4.663365	1.805362	0.946284	-0.281434	0.143081	77.794953	-75.162353	-136.181441
08171		9.343794	5.524330	1.812757	0.755015	-0.456041	0.390830	79.041450	-75.435103	-137.023325
08172		9.257892	6.307092	1.770223	0.179359	-0.609159	0.596962	80.254868	-75.833936	-138.170110
08173		9.956667	6.282833	3.340429	-0.222700	-0.542383	0.657176	81.126635	-76.256607	-139.200293
08174		10.449489	5.742713	4.587964	-0.698085	-0.342442	0.619838	81.316173	-76.636719	-139.806988
08175		10.190661	4.231649	3.199029	-1.334557	-0.167537	0.585415	80.743954	-76.983794	-140.005062
08176		9.830793	3.190499	1.433085	-1.596865	-0.099035	0.567205	79.843125	-77.312649	-140.019875
08177		9.991922	2.611545	0.304189	-1.629031	-0.090005	0.610376	78.858432	-77.666744	-139.967735
08178		10.366808	2.392062	0.122445	-1.483365	-0.165225	0.728061	78.061293	-78.093381	-140.022041
08179		10.943189	2.307205	-0.903064	-1.614784	-0.210149	0.841661	77.218122	-78.591159	-140.106237
08180		10.932376	1.727700	-1.562287	-1.426697	-0.217842	0.875957	76.447883	-79.107358	-140.154654
08181		10.216291	1.186331	-2.245054	-1.121545	-0.246291	0.833284	75.941669	-79.605690	-140.293856
08182		9.729437	0.136425	-3.141921	-0.866692	-0.319115	0.817903	75.809715	-80.104003	-140.664541
08183		9.765100	-0.495351	-3.015955	-0.523488	-0.429543	0.877371	76.216665	-80.652315	-141.381936
08184		9.790895	-1.425230	-2.327590	-0.381196	-0.478366	0.919387	76.918746	-81.227825	-142.314292
08185		10.176668	-3.292929	-0.960301	0.102255	-0.539271	0.937785	78.244015	-81.820001	-143.595369
08186		10.719779	-3.429216	-0.279356	0.536643	-0.616657	1.029847	80.289994	-82.465349	-145.350601
08187		10.926441	-4.252168	-0.478129	0.860345	-0.696436	1.080908	83.227594	-83.136377	-147.815056
08188		10.572166	-3.854376	0.487140	1.423307	-0.732827	1.064173	87.275185	-83.778979	-151.068616
08189		9.933802	-2.144475	1.042852	1.533681	-0.713553	1.045328	92.091710	-84.380891	-155.027861
08190		9.877496	-0.292616	0.863909	1.222665	-0.637891	1.006613	97.213591	-84.926401	-159.468855
08191		9.867037	1.369201	1.189534	0.814115	-0.480664	0.957488	102.015008	-85.421554	-163.819605
08192		9.505670	2.493215	1.280110	0.279119	-0.379235	0.912517	106.676577	-85.874114	-168.334638
08193		9.154874	2.697840	0.333266	-0.272393	-0.366484	0.878463	111.875091	-86.279780	-173.702169
08194		9.179583	2.598876	-0.523290	-0.675907	-0.350234	0.812558	117.602120	-86.618074	-179.828584
08195		9.372841	1.771926	-0.850600	-0.936914	-0.340936	0.724118	123.794254	-86.874444	173.431222
08196		9.490321	0.452332	-1.166036	-1.103118	-0.276503	0.630307	129.682545	-87.067779	166.901409
08197		9.209936	-0.995265	-1.547221	-1.139764	-0.289715	0.574163	135.971053	-87.194831	159.950756
08198		9.156633	-2.182655	-2.139560	-0.960969	-0.338929	0.542000	142.919968	-87.247288	152.442053
08199		9.160282	-2.662081	-2.004669	-0.534121	-0.398541	0.529037	150.496042	-87.220624	144.550362
08200		9.400537	-2.389491	-1.348310	-0.014511	-0.470288	0.522392	158.314376	-87.104251	136.713733
08201		9.710362	-1.450606	-1.160133	0.260238	-0.481904	0.520295	165.573872	-86.931283	129.593312
08202		9.865130	-0.332781	-0.735170	0.404133	-0.486849	0.531300	172.173652	-86.713312	123.214888
08203		10.072260	0.884573	-0.626967	0.363629	-0.448938	0.557615	178.114143	-86.481042	117.472225
08204		10.752951	0.826517	-0.128020	0.618161	-0.295354	0.594150	-176.173078	-86.303069	112.102587
08205		8.926450	3.654560	1.187997	0.391289	-0.234354	0.564892	-171.302642	-86.131360	107.445793
08206		9.854981	0.601724	-4.407017	-1.074648	-0.448791	0.562583	-168.071097	-85.817819	103.588616
08207		9.531991	1.645947	0.935556	-0.155360	-0.282712	0.530593	-164.738883	-85.586037	100.157329
08208		9.827995	0.558063	-1.794970	-0.876241	-0.269657	0.540860	-162.062403	-85.346681	96.968426
08209		9.574287	-0.713960	-2.023037	-0.760212	-0.173485	0.520052	-159.512709	-85.151965	93.972457
08210		9.659752	-1.784322	-1.466932	-0.542045	-0.213485	0.501286	-157.277497	-84.929751	91.416704
08211		9.732534	-2.224223	-1.628784	-0.336469	-0.188649	0.488341	-155.134974	-84.715242	89.071414
08212		9.579387	-2.241240	-1.457573	-0.184819	-0.234984	0.464561	-153.338297	-84.475539	87.159929
08213		9.737669	-1.958745	-1.285910	0.011348	-0.228044	0.447216	-151.652306	-84.238663	85.471842
08214		9.678009	-1.334209	-1.066957	0.154737	-0.211476	0.441356	-150.004503	-84.006815	83.904028
08215		9.766911	-0.820907	-1.022357	0.163718	-0.210243	0.438082	-148.481930	-83.772353	82.466675
08216		9.785524	-0.418605	-1.086242	0.112895	-0.174166	0.423626	-147.059646	-83.555740	81.100294
08217		9.756041	-0.181012	-1.105172	0.022091	-0.131561	0.413041	-145.703600	-83.359422	79.747679
08218		9.669099	-0.122434	-1.234152	-0.107832	-0.109511	0.392915	-144.517930	-83.176504	78.491124
08219		9.600687	-0.449500	-1.246608	-0.167380	-0.098445	0.378218	-143.452737	-83.000998	77.321108
08220		9.540940	-0.794957	-1.285094	-0.146288	-0.105575	0.360371	-142.516736	-82.825773	76.292995
08221		9.733383	-0.876153	-1.290730	-0.084512	-0.120374	0.354844	-141.650938	-82.644012	75.370952
08222		9.765608	-1.071796	-1.154568	-0.062128	-0.105602	0.354823	-140.777302	-82.466906	74.453539
08223		9.742772	-1.107408	-1.194965	-0.035223	-0.105231	0.355120	-139.925788	-82.288284	73.573649
08224		9.700077	-1.109486	-1.083515	0.005367	-0.102599	0.361294	-139.066048	-82.106567	72.708524
08225		9.547718	-1.126550	-0.864096	0.034094	-0.103000	0.362554	-138.224415	-81.922695	71.877952
08226		9.498743	-0.985598	-0.895414	0.042425	-0.105423	0.364776	-137.417067	-81.735073	71.086423
08227		9.476490	-0.771991	-1.045951	0.028903	-0.091674	0.369992	-136.600254	-81.549822	70.277156
08228		9.499533	-0.780802	-1.112080	-0.033139	-0.082437	0.373772	-135.820688	-81.365061	69.469185
08229		9.506894	-1.126549	-1.256734	-0.077793	-0.081630	0.364996	-135.119003	-81.182828	68.713764
08230		9.584587	-1.293521	-1.473218	-0.076283	-0.085863	0.347915	-134.501925	-81.004315	68.044449
08231		9.636057	-1.458472	-1.350503	-0.029806	-0.079747	0.340449	-133.884592	-80.830411	67.401557
08232		9.628808	-1.579181	-1.192061	0.019219	-0.065524	0.337088	-133.236499	-80.662167	66.755605
08233		9.658733	-1.610692	-1.138617	0.083047	-0.063538	0.340748	-132.559961	-80.492211	66.117621
08234		9.609849	-1.419952	-1.042164	0.114358	-0.062186	0.343789	-131.880037	-80.319992	65.494029
08235		9.520881	-1.175835	-0.983211	0.122662	-0.076658	0.355106	-131.227991	-80.136490	64.903272
08236		9.663359	-0.850793	-1.048749	0.098590	-0.071640	0.357990	-130.595323	-79.952247	64.317807
08237		9.626000	-0.889740	-1.297296	0.055271	-0.056507	0.357521	-129.971936	-79.772977	63.716277
08238		9.631091	-0.856417	-1.309444	0.059540	-0.057815	0.349309	-129.388182	-79.595515	63.157127
08239		9.747481	-1.091578	-1.242260	-0.004836	-0.048207	0.343411	-128.847037	-79.423400	62.603538
08240		9.724267	-1.217792	-1.151975	0.025076	-0.045013	0.345871	-128.295923	-79.250169	62.056875
08241		9.727338	-1.134133	-1.182841	0.051662	-0.037680	0.366038	-127.691595	-79.069606	61.471278
08242		9.663167	-1.022597	-1.190925	0.045864	-0.017222	0.382116	-127.035702	-78.887458	60.829346
08243		9.577413	-1.040407	-1.283088	0.041072	0.000914	0.390282	-126.345974	-78.706510	60.149780
08244		9.410013	-1.373009	-1.157796	0.015141	-0.004887	0.387766	-125.711875	-78.523123	59.511313
08245		9.466656	-1.568156	-1.236502	0.008518	-0.017631	0.379606	-125.141736	-78.338133	58.933902
08246		9.534655	-1.798811	-1.140806	-0.012343	-0.019735	0.373802	-124.616930	-78.153957	58.390137
08247		9.459368	-2.042239	-1.222391	0.004089	-0.041596	0.363381	-124.161713	-77.966817	57.926819
08248		9.459897	-1.902516	-1.231842	0.045117	-0.047876	0.356328	-123.723111	-77.780136	57.504148
08249		9.494227	-1.801640	-1.220958	0.063339	-0.050824	0.357774	-123.289733	-77.591301	57.097278
08250		9.470488	-1.739985	-1.336256	0.076430	-0.052109	0.357690	-122.866018	-77.401311	56.707622
08251		9.519990	-1.879839	-1.395709	0.087242	-0.052810	0.361801	-122.442483	-77.208650	56.324281
08252		9.464143	-1.833350	-1.367963	0.106495	-0.042436	0.376653	-121.980176	-77.011155	55.912107
08253		9.420594	-1.821830	-1.306320	0.137612	-0.043589	0.387726	-121.499811	-76.807321	55.499443
08254		9.470951	-1.713094	-1.465623	0.157626	-0.044223	0.394859	-121.015746	-76.598869	55.094328
08255		9.573934	-1.702381	-1.453753	0.186787	-0.033660	0.393843	-120.506684	-76.393366	54.680424
08256		9.683350	-1.816707	-1.283692	0.187564	-0.048605	0.391626	-120.045368	-76.183687	54.315669
08257		9.731236	-2.076002	-1.239722	0.196753	-0.044059	0.391397	-119.580555	-75.974867	53.952499
08258		9.679397	-2.149773	-1.151775	0.203972	-0.044696	0.387970	-119.130512	-75.766756	53.608400
08259		9.610565	-2.227951	-1.134160	0.209912	-0.036574	0.384743	-118.674327	-75.561984	53.261255
08260		9.617785	-2.205534	-1.183240	0.203322	-0.031447	0.374773	-118.235202	-75.362840	52.927421
08261		9.552293	-2.236957	-1.228018	0.148337	-0.029644	0.373137	-117.834226	-75.164526	52.600253
08262		9.502087	-2.319220	-1.365490	0.171322	-0.041489	0.375493	-117.451457	-74.961178	52.305154
08263		9.537751	-2.151256	-1.208375	0.233272	-0.061900	0.392988	-117.062229	-74.743178	52.039946
08264		9.617659	-1.946991	-0.956902	0.298742	-0.076839	0.420401	-116.648616	-74.506696	51.787958
08265		9.642465	-1.566891	-0.934621	0.368142	-0.083023	0.448626	-116.189690	-74.253773	51.530015
08266		9.621436	-1.576180	-1.071771	0.246838	-0.073362	0.463448	-115.782217	-73.995063	51.252878
08267		9.546741	-1.828336	-1.116130	0.202082	-0.058368	0.462534	-115.383582	-73.740065	50.957995
08268		9.583278	-2.217794	-1.048559	0.176771	-0.051646	0.466018	-114.996923	-73.484353	50.659990
08269		9.583424	-2.504422	-1.182794	0.203990	-0.062615	0.480059	-114.611386	-73.218130	50.379136
08270		9.633887	-2.385766	-1.038008	0.227170	-0.075286	0.501312	-114.229767	-72.937318	50.115748
08271		9.803225	-2.116479	-0.987682	0.270658	-0.082171	0.515057	-113.833582	-72.647156	49.862901
08272		10.028625	-1.789646	-1.033483	0.252313	-0.073919	0.533003	-113.433304	-72.349038	49.594228
08273		10.048134	-1.617918	-1.031077	0.218778	-0.061753	0.547226	-113.031936	-72.045539	49.303888
08274		9.866654	-1.793508	-1.274257	0.112713	-0.043050	0.566326	-112.660909	-71.735713	48.980924
08275		9.637283	-2.193404	-1.306732	0.098854	-0.027110	0.579206	-112.274268	-71.421708	48.632656
08276		9.418533	-2.509644	-1.365892	0.072132	-0.018859	0.590401	-111.896627	-71.103079	48.276968
08277		9.384623	-2.726994	-1.481485	0.090452	-0.026790	0.601128	-111.524788	-70.776046	47.937947
08278		9.391534	-2.817896	-1.517987	0.144429	-0.032673	0.615151	-111.136287	-70.439870	47.613244
08279		9.319371	-2.810261	-1.643452	0.188095	-0.027593	0.630455	-110.717247	-70.095494	47.282111
08280		9.395015	-2.729258	-1.593140	0.216846	-0.024997	0.636146	-110.289206	-69.748078	46.958073
08281		9.297943	-3.002256	-1.565631	0.218630	-0.004787	0.643928	-109.838058	-69.399289	46.609877
08282		9.288852	-3.026120	-1.523013	0.240540	0.002528	0.651260	-109.375240	-69.047322	46.261672
08283		9.278519	-3.019447	-1.312957	0.231307	0.016971	0.655869	-108.906971	-68.694246	45.901283
08284		9.367327	-2.991954	-1.206285	0.195780	0.023791	0.661504	-108.461935	-68.338695	45.542952
08285		9.344855	-2.949970	-1.232924	0.165545	0.030595	0.667688	-108.033363	-67.979649	45.182971
08286		9.379873	-2.798465	-1.065696	0.120247	0.038827	0.674053	-107.631028	-67.618017	44.822207
08287		9.353337	-2.959797	-1.284424	0.084746	0.042270	0.685204	-107.250233	-67.249551	44.461967
08288		9.363796	-2.905641	-1.371837	0.096611	0.063342	0.705229	-106.841054	-66.873180	44.077127
08289		9.622347	-2.941144	-1.210507	0.071743	0.076406	0.728178	-106.431902	-66.484817	43.675880
08290		9.855268	-3.266339	-0.905435	0.127630	0.084784	0.746910	-105.988474	-66.086864	43.270781
08291		9.830951	-3.308872	-0.726456	0.190401	0.073561	0.755415	-105.532307	-65.680656	42.890057
08292		9.800713	-3.343828	-0.705987	0.177717	0.094176	0.775404	-105.067071	-65.265912	42.489962
08293		9.701460	-3.422367	-0.846857	0.216625	0.122409	0.796832	-104.552283	-64.841390	42.058631
08294		9.567399	-3.678466	-1.077586	0.231167	0.148950	0.803422	-104.013245	-64.416023	41.608008
08295		9.523156	-3.771661	-1.066231	0.255362	0.138434	0.792626	-103.489970	-63.992738	41.188859
08296		9.634341	-3.714580	-1.201429	0.246661	0.137530	0.783003	-102.991279	-63.573868	40.789878
08297		9.523429	-3.828964	-1.172590	0.181049	0.131725	0.776917	-102.550228	-63.155452	40.412045
08298		9.391642	-3.930823	-1.234027	0.206422	0.117420	0.769808	-102.125618	-62.738839	40.067420
08299		9.253122	-3.707651	-1.265026	0.205702	0.105388	0.768388	-101.724637	-62.319632	39.747845
08300		9.086481	-3.774097	-1.262731	0.209227	0.115790	0.772876	-101.321557	-61.898978	39.426754
08301		9.023938	-3.840153	-1.202651	0.213736	0.108618	0.781157	-100.930785	-61.470936	39.121502
08302		8.921623	-3.842279	-1.214508	0.238191	0.099839	0.787132	-100.545277	-61.038595	38.836774
08303		8.891953	-3.924908	-1.237594	0.248872	0.096008	0.793967	-100.164538	-60.600123	38.563531
08304		8.761122	-4.067742	-1.144909	0.281084	0.088168	0.802719	-99.782384	-60.156099	38.308470
08305		8.661795	-4.156953	-1.005309	0.336172	0.077444	0.808449	-99.386017	-59.705923	38.072547
08306		8.525289	-4.187716	-0.876574	0.425990	0.068528	0.818154	-98.955815	-59.249699	37.855743
08307		8.509863	-4.287184	-0.742444	0.537172	0.082105	0.827960	-98.455885	-58.787118	37.631127
08308		8.389641	-4.376903	-0.561667	0.590994	0.076237	0.838586	-97.940696	-58.318178	37.423404
08309		8.406609	-4.486457	-0.300078	0.685611	0.089830	0.845091	-97.367188	-57.844415	37.210044
08310		8.368375	-4.627969	-0.127370	0.698121	0.082103	0.858758	-96.803909	-57.362442	37.015916
08311		8.330240	-4.672764	0.096640	0.773104	0.098462	0.868494	-96.191750	-56.873736	36.813938
08312		8.088131	-4.553328	0.134466	0.728503	0.096560	0.875527	-95.618110	-56.381052	36.626128
08313		7.911762	-4.578757	0.236671	0.609506	0.112705	0.874701	-95.107763	-55.887492	36.431579
08314		7.815698	-4.714674	0.278944	0.541269	0.133723	0.878402	-94.628875	-55.393227	36.226451
08315		7.785948	-4.862045	0.220347	0.477042	0.157612	0.875100	-94.175337	-54.899665	36.006335
08316		7.790348	-4.996757	0.140768	0.390726	0.155391	0.859750	-93.783119	-54.415216	35.799289
08317		7.689939	-5.129381	0.177510	0.303028	0.170974	0.852208	-93.435700	-53.933532	35.584421
08318		7.316171	-5.204052	0.112496	0.253493	0.177581	0.841507	-93.119533	-53.458838	35.371686
08319		6.997638	-5.244538	-0.084241	0.198084	0.171585	0.844640	-92.845119	-52.980156	35.170247
08320		6.977244	-5.245310	-0.169993	0.165562	0.168127	0.851040	-92.597995	-52.498543	34.978305
08321		7.204550	-5.039760	-0.077312	0.156704	0.144519	0.852691	-92.377920	-52.013556	34.813008
08322		7.559436	-4.966158	-0.009890	0.103356	0.135195	0.859311	-92.199986	-51.525601	34.661251
08323		7.905040	-5.242879	0.163514	0.053120	0.145863	0.856476	-92.046548	-51.037842	34.503063
08324		8.032753	-5.830742	0.141068	-0.019714	0.137192	0.849133	-91.945074	-50.555341	34.356925
08325		7.911802	-6.638975	0.043122	-0.050706	0.132929	0.827680	-91.867103	-50.083453	34.217318
08326		7.485590	-7.323339	-0.158341	-0.007342	0.108275	0.804875	-91.784512	-49.625511	34.103171
08327		7.216704	-7.626283	-0.359023	0.119017	0.101329	0.781278	-91.636653	-49.179356	33.997693
08328		6.982660	-7.793250	-0.416063	0.225205	0.104741	0.771083	-91.429153	-48.740252	33.893040
08329		6.842037	-7.695128	-0.223465	0.372130	0.107661	0.753224	-91.138772	-48.309750	33.789488
08330		6.774648	-7.229626	-0.171366	0.492192	0.083301	0.752346	-90.799399	-47.880396	33.711752
08331		6.807309	-6.762227	-0.284604	0.565432	0.090568	0.735474	-90.417008	-47.459181	33.632159
08332		6.803050	-6.591655	-0.256747	0.537904	0.092413	0.719173	-90.053546	-47.048159	33.556218
08333		6.784467	-6.623266	0.164302	0.517765	0.091154	0.700855	-89.705453	-46.646130	33.485138
08334		6.708036	-6.793331	0.322353	0.486491	0.092930	0.680764	-89.377750	-46.256488	33.416881
08335		6.525554	-7.165975	0.137154	0.442769	0.086080	0.652922	-89.081391	-45.881434	33.357045
08336		6.281771	-8.158137	0.143770	0.411561	0.082922	0.595801	-88.806999	-45.540049	33.302436
08337		5.928491	-8.873735	0.321797	0.463291	0.072618	0.549277	-88.510098	-45.224149	33.257656
08338		5.619614	-9.017129	0.006550	0.584500	0.069822	0.496521	-88.147013	-44.939287	33.217112
08339		5.449953	-8.670043	-0.272498	0.742303	0.056868	0.471045	-87.702252	-44.668131	33.188911
08340		5.428347	-7.940673	0.025112	0.849548	0.040938	0.454692	-87.207408	-44.407333	33.176575
08341		5.599814	-6.960478	0.359758	0.868855	-0.016810	0.430790	-86.734826	-44.161145	33.212115
08342		5.981246	-5.749445	0.705199	0.678942	-0.056952	0.404557	-86.394320	-43.932156	33.281031
08343		6.522684	-5.062009	0.644089	0.438819	-0.068037	0.415672	-86.198073	-43.696824	33.360122
08344		6.816995	-5.113833	0.648007	0.137670	-0.012109	0.418926	-86.144503	-43.458306	33.396021
08345		6.505127	-6.010408	0.698638	-0.193495	0.065445	0.388519	-86.237062	-43.233521	33.368738
08346		5.880947	-7.225174	0.820694	-0.372682	0.067741	0.347681	-86.429628	-43.032823	33.337287
08347		5.615961	-7.971221	0.474396	-0.392831	0.004876	0.345092	-86.666198	-42.835093	33.353543
08348		5.988346	-8.544784	-0.299615	-0.247761	0.012013	0.342918	-86.815452	-42.639014	33.363507
08349		6.225338	-8.584054	-0.346815	0.034163	0.055153	0.336967	-86.779797	-42.444272	33.339100
08350		6.272612	-8.022952	0.103593	0.291699	0.036788	0.330265	-86.606815	-42.254503	33.329531
08351		6.495776	-7.133812	0.454955	0.479871	-0.028492	0.362280	-86.361083	-42.048129	33.372436
08352		6.948773	-6.134995	0.543398	0.505409	-0.081933	0.432450	-86.131501	-41.804303	33.461315
08353		7.424874	-5.288613	0.476950	0.337888	-0.042008	0.458090	-85.978255	-41.543941	33.521367
08354		7.566820	-4.761173	0.596750	0.130761	-0.001516	0.459597	-85.923794	-41.281817	33.551402
08355		7.442415	-4.629681	1.133819	-0.082350	0.008887	0.441729	-85.985001	-41.028827	33.572071
08356		7.136659	-5.080830	1.302572	-0.302377	0.001181	0.397725	-86.174356	-40.802125	33.595833
08357		6.742750	-6.322614	1.027849	-0.370498	0.033369	0.329498	-86.383580	-40.612309	33.590501
08358		6.122914	-7.752615	0.660560	-0.329038	0.081390	0.223532	-86.542107	-40.482395	33.543613
08359		5.860465	-8.756594	-0.130072	-0.234815	0.079633	0.132773	-86.644473	-40.403545	33.493366
08360		6.076763	-9.119041	-0.821992	-0.051536	0.043410	0.110663	-86.659108	-40.339505	33.469596
08361		6.698242	-8.800823	-0.779963	0.244981	-0.044756	0.148418	-86.547506	-40.255935	33.513415
08362		7.517580	-7.769744	-0.387713	0.493975	-0.151041	0.240970	-86.347874	-40.124134	33.641723
08363		8.206528	-6.383051	-0.108055	0.575422	-0.234354	0.362353	-86.144884	-39.925574	33.838080
08364		8.871735	-5.048493	0.060659	0.433014	-0.237287	0.468655	-86.028297	-39.667733	34.042558
08365		9.147283	-4.011390	0.376749	0.088355	-0.171634	0.531123	-86.078598	-39.370738	34.200497
08366		8.944375	-3.583825	0.761689	-0.319632	-0.108709	0.560252	-86.332990	-39.055667	34.312228
08367		8.618329	-3.760090	0.875101	-0.685594	-0.107097	0.569767	-86.793676	-38.733282	34.419647
08368		8.456660	-4.615492	0.330475	-0.948086	-0.050021	0.564655	-87.375932	-38.413070	34.481368
08369		8.244766	-5.436442	-0.869571	-1.025603	0.075058	0.495616	-87.941429	-38.127333	34.444954
08370		7.908851	-5.777409	-1.689394	-1.034534	0.158774	0.439088	-88.472370	-37.874695	34.343648
08371		7.108850	-6.834312	-1.320799	-0.770480	0.109035	0.412918	-88.872271	-37.636426	34.275097
08372		6.670417	-7.648975	-0.315420	-0.390764	-0.113703	0.375448	-89.152265	-37.424256	34.366102
08373		7.377977	-7.853124	-0.694821	-0.443892	-0.367710	0.300069	-89.571308	-37.254352	34.636970
08374		8.563245	-7.716322	-1.601939	-0.268317	-0.406002	0.254974	-89.905275	-37.111139	34.934007
08375		8.763487	-7.341228	-1.378449	0.191023	-0.295359	0.287177	-89.926174	-36.946487	35.149753
08376		8.001495	-7.466553	-0.781608	0.352177	-0.302574	0.347256	-89.858008	-36.749838	35.371202
08377		7.160019	-8.086128	-0.920272	0.429502	-0.341574	0.382687	-89.760503	-36.530871	35.619464
08378		6.494792	-8.581475	-1.215278	0.547529	-0.388202	0.332896	-89.615260	-36.343449	35.901621
08379		5.848300	-8.800752	-1.414711	0.606950	-0.450618	0.193799	-89.460187	-36.234154	36.226470
08380		6.015864	-8.491100	-2.447122	0.824760	-0.391770	-0.036297	-89.155658	-36.259738	36.508961
08381		6.089346	-7.157663	-0.823653	1.115216	-0.277223	-0.235001	-88.634014	-36.397111	36.706300
08382		6.442118	-6.886488	2.063467	1.274023	-0.202056	-0.396918	-87.988639	-36.629965	36.846586
08383		6.282030	-5.897368	2.893636	1.164573	-0.055108	-0.652639	-87.336086	-37.004622	36.870415
08384		5.485336	-5.381789	2.787957	0.670684	-0.094018	-0.932546	-86.976293	-37.543215	36.909274
08385		5.116448	-5.434695	2.475690	0.368856	-0.143269	-1.171305	-86.802974	-38.217575	36.970512
08386		5.402315	-6.126103	0.815238	0.023104	-0.047506	-1.383709	-86.779577	-39.013003	36.952995
08387		5.875130	-7.407370	0.160149	0.154341	0.100683	-1.621689	-86.602251	-39.937080	36.812512
08388		5.864362	-7.807288	0.672282	0.279627	0.163909	-1.861895	-86.309530	-40.998376	36.607236
08389		6.144088	-7.310854	1.659585	0.081672	0.128281	-2.051777	-86.131794	-42.166377	36.409323
08390		6.935819	-6.347171	2.609441	-0.072890	0.149377	-2.121597	-86.021474	-43.375581	36.184418
08391		7.431667	-5.691951	3.183712	-0.299722	0.201292	-2.096087	-86.004766	-44.565457	35.912409
08392		7.359511	-6.173591	3.136828	-0.386105	0.261707	-2.134953	-85.993419	-45.777650	35.583851
08393		6.910355	-6.191953	2.188046	-0.213534	0.311687	-2.266219	-85.834712	-47.059913	35.195307
08394		6.579124	-5.952994	1.353152	-0.172049	0.296288	-2.425592	-85.636891	-48.435643	34.794508
08395		7.094226	-5.875665	1.274211	-0.203964	0.234692	-2.493522	-85.474388	-49.849468	34.424608
08396		8.135711	-5.795393	1.554070	-0.353286	0.223259	-2.444919	-85.390225	-51.238108	34.053189
08397		8.965551	-5.566659	1.644867	-0.578123	0.263228	-2.370040	-85.394493	-52.579402	33.637212
08398		9.312637	-4.735520	1.839236	-0.860130	0.338438	-2.345905	-85.489536	-53.906343	33.140591
08399		9.283740	-4.277913	1.659168	-1.128908	0.402317	-2.364452	-85.670874	-55.239139	32.568833
08400		9.283804	-4.565143	1.295485	-1.265353	0.448549	-2.398144	-85.871435	-56.593094	31.935629
08401		9.169796	-5.341576	0.666224	-1.376756	0.470777	-2.412567	-86.095681	-57.952946	31.264018
08402		9.116929	-6.402983	0.104173	-1.360493	0.465601	-2.413393	-86.292210	-59.317606	30.581351
08403		9.197923	-6.904013	0.088886	-1.196297	0.427933	-2.393090	-86.408029	-60.670182	29.923106
08404		9.206150	-7.140618	-0.195730	-1.055465	0.394252	-2.355989	-86.451205	-62.005898	29.283205
08405		9.123520	-6.846442	0.012283	-0.757608	0.391391	-2.296048	-86.297431	-63.304452	28.620950
08406		8.915305	-6.237091	0.152279	-0.540845	0.381578	-2.240502	-85.989903	-64.572914	27.933728
08407		8.890547	-5.857748	0.171994	-0.375425	0.340317	-2.228766	-85.587568	-65.831998	27.253146
08408		8.944926	-5.603149	0.351126	-0.193984	0.297189	-2.235930	-85.075333	-67.097217	26.573264
08409		8.783972	-5.307747	0.420982	-0.099000	0.259457	-2.231736	-84.494022	-68.357013	25.883373
08410		8.602208	-5.278352	0.356351	-0.058867	0.217193	-2.226309	-83.875293	-69.615554	25.184477
08411		8.531237	-5.305369	0.186476	0.000770	0.196887	-2.226547	-83.170267	-70.870380	24.435421
08412		8.484382	-5.229272	-0.054223	0.071034	0.197592	-2.241675	-82.316064	-72.132197	23.577622
08413		8.368000	-4.996928	0.052817	0.177560	0.203572	-2.280023	-81.249369	-73.408555	22.566953
08414		8.169072	-4.472615	0.303420	0.261949	0.202506	-2.327859	-79.943888	-74.707381	21.365361
08415		8.085329	-3.897573	0.486542	0.269991	0.194117	-2.371229	-78.404719	-76.021189	19.934126
08416		8.108680	-3.457481	0.548800	0.248134	0.176097	-2.410263	-76.592750	-77.349556	18.218231
08417		8.275906	-2.987468	0.570855	0.208581	0.144653	-2.437865	-74.464035	-78.681870	16.163981
08418		8.547890	-2.702409	0.487854	0.166411	0.114297	-2.453294	-71.883715	-80.010548	13.635483
08419		8.749697	-2.493081	0.441872	0.107750	0.100116	-2.459893	-68.612560	-81.318770	10.382798
08420		8.876294	-2.418394	0.580036	0.078773	0.076709	-2.455805	-64.319241	-82.594141	6.092561
08421		8.956516	-2.311891	0.502465	0.029018	0.048424	-2.447107	-58.485937	-83.814494	0.234708
08422		9.105184	-2.357514	0.328724	0.000551	0.034626	-2.434294	-50.056761	-84.940474	-8.234525
08423		9.221087	-2.404590	0.190207	0.033787	0.016332	-2.419689	-37.457328	-85.900087	-20.854552
08424		9.228485	-2.124702	-0.027478	0.074601	0.019918	-2.387467	-18.999407	-86.548051	-39.309030
08425		9.245944	-1.987233	-0.221225	0.106379	0.023669	-2.333377	3.751766	-86.718001	-62.037861
08426		9.462886	-1.798209	-0.163936	0.219912	0.030627	-2.277874	24.898141	-86.374702	-83.095782
08427		9.733323	-1.363398	-0.203691	0.300246	0.075124	-2.202230	40.079369	-85.657010	-98.141050
08428		9.867584	-0.958405	-0.281150	0.351898	0.111061	-2.112116	49.979527	-84.754224	-107.873449
08429		10.146457	-0.495032	-0.071176	0.416768	0.139331	-2.046375	56.579698	-83.767085	-114.266990
08430		10.227996	0.260675	0.201517	0.383789	0.165421	-1.971363	61.081960	-82.752006	-118.579255
08431		10.084156	0.818022	0.276909	0.245831	0.185308	-1.883334	64.190814	-81.746127	-121.574918
08432		9.895368	1.120730	0.547852	0.111423	0.198808	-1.786590	66.381918	-80.769364	-123.727400
08433		9.798993	1.413424	0.518461	-0.051009	0.213061	-1.680012	67.896553	-79.836295	-125.294013
08434		9.640260	1.699413	0.699358	-0.274287	0.227826	-1.549706	68.853597	-78.963519	-126.427824
08435		9.632693	1.572207	0.802244	-0.453730	0.205307	-1.388878	69.462122	-78.179270	-127.314298
08436		9.745547	1.376818	0.621484	-0.609840	0.235578	-1.245561	69.692647	-77.464109	-127.907882
08437		9.725055	1.057497	0.372872	-0.720228	0.279087	-1.132487	69.621500	-76.801424	-128.258623
08438		9.742427	0.679601	0.412108	-0.724127	0.306915	-1.050694	69.408661	-76.176766	-128.466739
08439		9.735842	0.418527	0.626655	-0.711601	0.322630	-0.958996	69.096928	-75.598769	-128.566147
08440		9.462614	0.292100	0.705393	-0.676537	0.294600	-0.846259	68.782977	-75.086616	-128.642633
08441		9.247753	0.165294	0.792396	-0.611690	0.225125	-0.719732	68.551599	-74.656916	-128.766440
08442		9.172859	0.310930	0.714903	-0.534879	0.181619	-0.597830	68.358481	-74.301276	-128.884439
08443		9.134857	0.522299	0.788492	-0.472562	0.149167	-0.458931	68.159390	-74.026736	-128.959372
08444		9.154934	0.657921	1.009083	-0.378735	0.109052	-0.345510	68.006045	-73.821106	-129.026013
08445		9.045452	0.943150	0.831931	-0.373511	0.092228	-0.246567	67.814222	-73.671708	-129.049559
08446		8.738576	1.075189	0.525417	-0.350646	0.068079	-0.159301	67.616294	-73.573952	-129.053090
08447		8.649736	1.157021	0.463465	-0.280195	0.022639	-0.064107	67.470448	-73.536444	-129.068849
08448		8.648366	1.066848	0.655361	-0.188436	-0.033784	0.038600	67.402230	-73.565906	-129.110733
08449		8.708849	0.876891	0.572952	-0.142060	-0.061205	0.128800	67.342136	-73.648914	-129.133374
08450		8.725001	0.444522	0.541480	-0.089176	-0.077074	0.213111	67.277241	-73.780336	-129.119454
08451		8.640730	0.043382	0.543467	-0.008666	-0.099548	0.279222	67.248287	-73.951335	-129.094919
08452		8.501450	-0.089392	0.525323	0.086655	-0.136420	0.335217	67.298587	-74.160591	-129.096081
08453		8.392804	0.021311	0.247924	0.122634	-0.188601	0.390956	67.425041	-74.410328	-129.154890
08454		8.394208	0.529933	-0.132166	0.223821	-0.276158	0.453636	67.732174	-74.713024	-129.340990
08455		9.341732	2.880643	-1.106575	0.239197	-0.483740	0.424316	68.494166	-75.043308	-129.988781
08456		11.117589	3.507103	-1.092986	0.628825	-0.701978	0.195939	70.134900	-75.292515	-131.313828
08457		12.943779	5.093628	2.837058	1.509546	-0.627897	-0.221524	72.462040	-75.288876	-132.826034
08458		12.711346	5.895326	3.494588	1.293301	-0.167140	-0.492008	73.867415	-75.048604	-133.513735
08459		11.182506	6.392865	3.636409	0.929767	0.122270	-0.348901	74.362159	-74.838265	-133.474847
08460		9.539898	5.939482	1.985574	0.248995	0.090908	-0.020129	74.340521	-74.814558	-133.305070
08461		9.098324	4.664128	0.307952	0.310565	-0.278189	0.318308	74.918685	-75.033744	-133.719994
08462		9.834682	4.708992	0.384813	0.291970	-0.484912	0.599604	75.785922	-75.437549	-134.444264
08463		10.374786	4.342167	0.324728	-0.054379	-0.391491	0.641211	76.268347	-75.849252	-134.974832
08464		10.139117	3.954987	1.684238	-0.258181	-0.138598	0.519451	76.155795	-76.158187	-135.011676
08465		9.323269	3.299127	2.132641	-0.576525	-0.006474	0.407547	75.617313	-76.386577	-134.797832
08466		8.811563	2.182185	1.282063	-0.704609	-0.024193	0.363268	75.060687	-76.592315	-134.640966
08467		8.643723	1.808342	0.764552	-0.512457	-0.123270	0.397094	74.816009	-76.831440	-134.691684
08468		8.909525	1.524612	0.306488	-0.347271	-0.234026	0.464871	74.886425	-77.124461	-134.968595
08469		9.237531	1.188045	-0.285825	-0.201824	-0.286386	0.517044	75.144959	-77.454125	-135.352595
08470		9.215911	1.585433	-0.388622	-0.050401	-0.326211	0.534328	75.599511	-77.798478	-135.847929
08471		9.376675	2.062075	-0.278225	-0.051325	-0.388990	0.515218	76.259527	-78.140035	-136.553262
08472		9.921820	2.842040	0.009723	-0.081079	-0.383689	0.506456	76.933996	-78.474171	-137.289852
08473		10.615577	3.726364	-0.064138	-0.257603	-0.374444	0.531283	77.505692	-78.819463	-138.023926
08474		11.006249	3.620375	0.239960	-0.342957	-0.355899	0.568226	77.992906	-79.181640	-138.720799
08475		10.964001	3.019622	0.266616	-0.535720	-0.312840	0.585506	78.266204	-79.547735	-139.311610
08476		10.549057	2.194897	0.187281	-0.679825	-0.264182	0.588418	78.332494	-79.909182	-139.775180
08477		9.972304	1.488748	0.475310	-0.754123	-0.265638	0.604768	78.368035	-80.280201	-140.250304
08478		9.831273	0.913923	1.027455	-0.756450	-0.337057	0.639062	78.644409	-80.678101	-140.970352
08479		9.964137	0.195916	1.376680	-0.760394	-0.357313	0.685835	79.002413	-81.104187	-141.774589
08480		9.931218	-0.435799	1.340839	-0.744891	-0.347081	0.705502	79.376144	-81.539185	-142.584760
08481		9.825323	-0.876975	0.851526	-0.746407	-0.325785	0.696376	79.733812	-81.966275	-143.378715
08482		9.582794	-1.007765	0.355329	-0.653141	-0.287031	0.660123	80.073323	-82.368251	-144.099589
08483		9.354760	-0.938376	-0.066027	-0.521549	-0.300571	0.625100	80.635040	-82.751031	-144.967860
08484		9.329261	-0.694891	-0.483205	-0.410795	-0.316838	0.575346	81.452289	-83.105850	-146.028989
08485		9.365039	-0.394218	-0.686604	-0.324955	-0.336750	0.539285	82.543641	-83.439454	-147.315802
08486		9.461794	0.036546	-1.048458	-0.346985	-0.359989	0.521524	83.879830	-83.761542	-148.860870
08487		9.548416	0.179859	-1.038262	-0.300772	-0.393415	0.510414	85.587311	-84.074100	-150.751737
08488		9.685683	-0.345235	-0.495802	-0.140216	-0.435808	0.489718	87.839593	-84.369483	-153.096705
08489		9.839730	-0.769271	-0.455609	0.012741	-0.442681	0.470926	90.471032	-84.643489	-155.733363
08490		9.794506	-1.136200	-0.851658	0.074706	-0.427627	0.444558	93.311829	-84.890798	-158.543508
08491		9.755517	-1.142688	-0.540352	0.295087	-0.434708	0.417089	96.584092	-85.107602	-161.658968
08492		9.690530	-0.612901	0.029769	0.437388	-0.453312	0.405945	100.341867	-85.300090	-165.178910
08493		9.862594	-0.134772	0.269420	0.433967	-0.463340	0.405145	104.454672	-85.469666	-169.056048
08494		10.059347	0.398327	0.371766	0.370506	-0.433709	0.411311	108.628869	-85.625145	-173.030411
08495		10.024429	0.597865	0.308733	0.258641	-0.398537	0.397248	112.715291	-85.756928	-176.980216
08496		9.970535	0.842467	-0.075940	0.077113	-0.353212	0.384237	116.570639	-85.872527	179.197964
08497		9.881856	0.795452	-0.411733	-0.079789	-0.308918	0.370406	120.161707	-85.974236	175.551541
08498		9.837871	0.623356	-0.532792	-0.172195	-0.288703	0.365336	123.715505	-86.063817	171.889787
08499		9.834860	0.437940	-0.786859	-0.223886	-0.271967	0.366390	127.275733	-86.142981	168.192320
08500		9.766993	0.209598	-0.945155	-0.212294	-0.269387	0.374617	131.018248	-86.211047	164.319096
08501		9.730916	0.078201	-1.037911	-0.123217	-0.277704	0.371152	134.953323	-86.256529	160.304338
08502		9.683049	0.078340	-1.047356	-0.004156	-0.280899	0.359065	138.983891	-86.277878	156.262367
08503		9.624884	0.104003	-1.133003	0.084482	-0.281021	0.350046	143.016837	-86.277040	152.268985
08504		9.587687	0.245684	-1.128758	0.181377	-0.289881	0.344338	147.096668	-86.252053	148.284169
08505		9.619159	0.433424	-1.049676	0.217516	-0.298158	0.348068	151.174537	-86.205505	144.321934
08506		9.644827	0.493872	-0.871385	0.248073	-0.286562	0.348245	155.126368	-86.146872	140.503303
08507		9.698829	0.582997	-0.749855	0.246007	-0.277921	0.351789	158.932978	-86.076479	136.828773
08508		9.794582	0.493705	-0.800124	0.192446	-0.254816	0.362466	162.601462	-86.004448	133.261609
08509		9.772000	0.364259	-0.859260	0.172733	-0.237787	0.371351	166.142132	-85.927960	129.810944
08510		9.785655	0.271772	-0.902108	0.157719	-0.225767	0.374114	169.548758	-85.843790	126.485690
08511		9.778792	0.273619	-0.886971	0.117377	-0.213514	0.374703	172.770329	-85.753190	123.322454
08512		9.815334	0.273567	-0.893589	0.039151	-0.205532	0.371308	175.785449	-85.654189	120.320908
08513		9.669581	0.173201	-0.865098	-0.011116	-0.192753	0.364508	178.568813	-85.551393	117.522521
08514		9.636012	-0.007407	-0.925519	-0.023046	-0.196094	0.372991	-178.717261	-85.436144	114.786511
08515		9.627365	-0.195690	-1.039373	0.029966	-0.200138	0.375597	-176.105260	-85.309057	112.182776
08516		9.679175	-0.192047	-1.014769	0.093448	-0.200691	0.378508	-173.572485	-85.171753	109.694542
08517		9.706527	-0.010336	-0.959544	0.100284	-0.180732	0.370410	-171.219081	-85.038210	107.389772
08518		9.725129	0.299234	-0.993568	0.032450	-0.167743	0.366347	-169.032071	-84.904195	105.212554
08519		9.753986	0.311515	-0.913351	-0.040566	-0.172845	0.364092	-167.028496	-84.761247	103.177046
08520		9.835704	0.097873	-0.953253	-0.107113	-0.165139	0.361296	-165.170544	-84.616315	101.249025
08521		9.729465	-0.129930	-1.123991	-0.116441	-0.136511	0.363400	-163.363837	-84.481793	99.366672
08522		9.546386	-0.415313	-0.964340	-0.050678	-0.140320	0.362890	-161.614224	-84.339197	97.579103
08523		9.528892	-0.501013	-0.844079	-0.008266	-0.150606	0.365838	-159.937860	-84.185952	95.889119
08524		9.668053	-0.471802	-0.867307	-0.012558	-0.145608	0.367032	-158.331000	-84.029734	94.266067
08525		9.661548	-0.359354	-0.817702	-0.053019	-0.169769	0.380416	-156.819731	-83.853961	92.715342
08526		9.773491	-0.273136	-1.055244	-0.064185	-0.179972	0.389788	-155.374877	-83.665860	91.224459
08527		9.770299	-0.302244	-1.271586	-0.037288	-0.127676	0.381292	-153.926890	-83.503550	89.745426
08528		9.500141	-0.175889	-0.945366	-0.047729	-0.137034	0.358999	-152.671946	-83.337669	88.454209
08529		9.554197	-0.279088	-0.945107	-0.121901	-0.161625	0.345359	-151.637716	-83.160738	87.342005
08530		9.546281	-0.561479	-1.013699	-0.152233	-0.174496	0.346788	-150.695948	-82.974059	86.305008
08531		9.709788	-0.835784	-1.226950	-0.196092	-0.168723	0.329569	-149.887178	-82.793924	85.376313
08532		9.523490	-1.379163	-1.390081	-0.113165	-0.148650	0.321293	-149.057275	-82.623794	84.473849
08533		9.516981	-1.530493	-1.134433	0.023789	-0.201702	0.305862	-148.368431	-82.431467	83.792428
08534		9.798748	-1.407792	-1.036076	0.103293	-0.190015	0.322282	-147.581441	-82.237959	83.057630
08535		9.767155	-1.346379	-1.407949	0.195410	-0.156652	0.328068	-146.686910	-82.058039	82.267230
08536		9.678171	-1.248116	-1.786821	0.234573	-0.155700	0.297000	-145.906249	-81.886105	81.614145
08537		9.553872	-1.081186	-1.420313	0.289242	-0.137592	0.276475	-145.152555	-81.728967	81.019687
08538		9.438125	-1.079692	-1.142756	0.275530	-0.137939	0.249677	-144.514629	-81.578649	80.534060
08539		9.387271	-1.247960	-1.193038	0.250395	-0.151222	0.246395	-143.952764	-81.423373	80.110589
08540		9.638923	-1.451703	-1.447296	0.207741	-0.166654	0.248404	-143.458443	-81.258853	79.730538
08541		9.829056	-1.485701	-1.274360	0.255359	-0.153605	0.249593	-142.923323	-81.100273	79.336649
08542		9.884520	-1.315517	-1.095923	0.296893	-0.116992	0.243605	-142.315175	-80.958942	78.892754
08543		9.707264	-1.305276	-1.305037	0.314414	-0.105977	0.226385	-141.739439	-80.828862	78.491689
08544		9.755149	-1.083164	-1.491419	0.325894	-0.116175	0.220204	-141.207564	-80.694882	78.141573
08545		9.727259	-0.779358	-1.640793	0.292972	-0.114144	0.235914	-140.662912	-80.556542	77.759254
08546		9.824555	-0.784022	-1.776362	0.253165	-0.108320	0.234462	-140.143255	-80.419786	77.378997
08547		9.758879	-0.993959	-1.540324	0.304477	-0.066826	0.222444	-139.549816	-80.305986	76.953586
08548		9.594025	-1.201197	-1.464426	0.263897	-0.076858	0.209116	-139.044666	-80.191170	76.594017
08549		9.559917	-1.619359	-1.529380	0.280767	-0.072041	0.199964	-138.553705	-80.082323	76.258544
08550		9.648455	-1.848683	-1.547288	0.333913	-0.081251	0.192284	-138.078129	-79.970985	75.969491
08551		9.726316	-1.799932	-1.485682	0.426287	-0.084797	0.190293	-137.572327	-79.859482	75.703401
08552		9.760287	-1.403364	-1.476958	0.428221	-0.079288	0.181794	-137.079875	-79.752149	75.451904
08553		9.705455	-1.063944	-1.550921	0.394694	-0.075315	0.173114	-136.627248	-79.650566	75.221284
08554		9.658128	-0.912940	-1.689837	0.376695	-0.054237	0.159459	-136.175242	-79.561738	74.980733
08555		9.618703	-0.758371	-1.626477	0.333002	-0.022879	0.155362	-135.697215	-79.488170	74.688206
08556		9.522317	-1.085601	-1.711981	0.243762	-0.013838	0.160122	-135.244313	-79.414893	74.369146
08557		9.565676	-1.520237	-1.810510	0.258701	-0.017990	0.163594	-134.790932	-79.339129	74.058241
08558		9.498513	-1.764253	-1.634108	0.294705	-0.007773	0.166557	-134.292995	-79.264697	73.722894
08559		9.418441	-1.833543	-1.305424	0.367300	-0.018704	0.165639	-133.785888	-79.186839	73.420482
08560		9.384835	-1.682552	-1.179710	0.421698	-0.022475	0.153120	-133.286203	-79.111065	73.157271
08561		9.443270	-1.340738	-1.366926	0.400178	-0.014169	0.134405	-132.824799	-79.047098	72.920443
08562		9.649679	-1.129371	-1.260793	0.335973	-0.011066	0.122623	-132.419757	-78.987821	72.703490
08563		9.664466	-1.206107	-1.445813	0.257248	-0.000637	0.113192	-132.059911	-78.937432	72.486603
08564		9.696362	-1.411723	-1.642642	0.191152	0.020125	0.105514	-131.709299	-78.896874	72.240485
08565		9.564191	-1.632557	-1.522120	0.218019	0.035703	0.107282	-131.308938	-78.862294	71.959341
08566		9.485065	-1.644029	-1.548086	0.249719	0.029459	0.106199	-130.907539	-78.824300	71.695595
08567		9.527524	-1.573833	-1.457581	0.319892	0.026586	0.117043	-130.454899	-78.781294	71.420584
08568		9.527491	-1.249161	-1.212660	0.390716	0.028213	0.134198	-129.928553	-78.729751	71.111730
08569		9.404189	-0.907110	-1.037216	0.420394	0.033508	0.150624	-129.348047	-78.673494	70.764950
08570		9.347193	-0.392657	-1.079147	0.341818	0.036337	0.161839	-128.790248	-78.611456	70.395315
08571		9.393366	-0.180215	-1.203303	0.220445	0.048802	0.165884	-128.272497	-78.552516	69.995538
08572		9.505708	-0.353343	-1.328317	0.104203	0.053793	0.169673	-127.808168	-78.491901	69.582197
08573		9.633398	-0.912325	-1.338574	-0.007887	0.059301	0.169222	-127.401053	-78.433843	69.161645
08574		9.634881	-1.516502	-1.240606	-0.007068	0.059764	0.172532	-126.991328	-78.372849	68.738784
08575		9.474862	-1.929568	-1.258304	0.003031	0.030915	0.178237	-126.634562	-78.299754	68.375839
08576		9.589690	-2.118025	-1.366502	0.083329	0.016105	0.186847	-126.255550	-78.216184	68.037024
08577		9.618950	-2.071789	-1.290704	0.199869	0.009630	0.207934	-125.795323	-78.121154	67.683380
08578		9.679090	-1.811650	-1.122699	0.289215	0.007978	0.215223	-125.283108	-78.020531	67.328756
08579		9.657125	-1.407688	-1.069810	0.339347	0.008923	0.230748	-124.723329	-77.913283	66.954770
08580		9.648744	-1.022001	-0.940424	0.303175	0.025805	0.239212	-124.143092	-77.805717	66.538468
08581		9.491799	-0.800342	-0.978812	0.224246	0.038032	0.239362	-123.589216	-77.702138	66.102739
08582		9.541011	-0.837549	-1.129577	0.094094	0.026772	0.234184	-123.150333	-77.595751	65.708173
08583		9.701934	-1.283277	-1.120767	0.001869	0.040783	0.239343	-122.732941	-77.491561	65.281385
08584		9.639002	-1.771876	-1.065327	0.004168	0.040282	0.250386	-122.307909	-77.380329	64.847893
08585		9.556665	-1.978055	-1.044004	0.030525	0.038404	0.258924	-121.867195	-77.264549	64.413662
08586		9.357055	-1.915541	-0.968597	0.060593	0.048003	0.265034	-121.389356	-77.147039	63.958778
08587		9.236885	-1.785147	-0.996305	0.064083	0.037468	0.269558	-120.933910	-77.024243	63.528750
08588		9.217829	-1.558029	-1.209720	0.042455	0.009091	0.269470	-120.560089	-76.891623	63.169518
08589		9.468274	-1.372358	-1.199170	0.064268	-0.015690	0.274029	-120.226982	-76.749930	62.864786
08590		9.660835	-1.179456	-1.193682	0.004465	0.013574	0.289439	-119.855974	-76.607736	62.485662
08591		9.536701	-1.118414	-1.147455	-0.079266	0.039336	0.290820	-119.484661	-76.472424	62.056731
08592		9.292288	-0.920140	-1.083898	-0.129064	0.045099	0.293722	-119.135505	-76.335897	61.620935
08593		9.096941	-0.695477	-1.302633	-0.255213	0.058690	0.297586	-118.832838	-76.201381	61.158402
08594		8.946294	-1.204085	-1.116191	-0.432351	0.045127	0.304720	-118.659540	-76.058425	60.724241
08595		9.016311	-1.754041	-0.784997	-0.436708	0.046500	0.308112	-118.487164	-75.914489	60.288252
08596		8.981712	-1.889186	-0.676823	-0.471496	-0.023030	0.326782	-118.460472	-75.741360	59.981591
08597		9.539605	-1.722998	-1.197770	-0.351105	-0.028756	0.342109	-118.362975	-75.559479	59.672873
08598		9.588352	-1.028404	-1.092618	-0.372171	0.058141	0.342218	-118.115187	-75.400290	59.196130
08599		9.482807	0.019795	-1.450458	-0.481066	0.037815	0.352077	-117.965069	-75.230805	58.755569
08600		9.641612	0.547311	-1.951962	-0.656293	0.063258	0.369461	-117.857398	-75.058649	58.254628
08601		9.612442	0.040413	-1.712207	-0.799326	0.090228	0.404085	-117.751876	-74.876356	57.670723
08602		9.670495	-1.264424	-1.456658	-0.866842	0.070110	0.447376	-117.690938	-74.666268	57.092295
08603		9.801777	-2.563737	-1.238197	-0.821980	0.076961	0.481278	-117.566408	-74.440800	56.474053
08604		9.798053	-3.498454	-1.207953	-0.716967	0.047757	0.506502	-117.424365	-74.194194	55.899299
08605		9.827743	-4.309538	-0.855777	-0.578572	-0.015229	0.520954	-117.311051	-73.923508	55.436260
08606		9.964077	-4.494484	-0.543141	-0.262516	-0.044419	0.530527	-117.071968	-73.639610	55.030081
08607		10.118505	-3.960132	-0.853541	0.004176	-0.090634	0.526441	-116.773159	-73.345581	54.720483
08608		9.986048	-2.878341	-0.842358	0.124783	-0.059163	0.529472	-116.362173	-73.057128	54.365325
08609		9.770942	-1.996234	-1.051086	0.139320	-0.065731	0.536251	-115.959664	-72.763201	54.027294
08610		9.515716	-1.547117	-1.506944	0.056390	-0.061412	0.543008	-115.605544	-72.465862	53.689542
08611		9.451496	-1.561567	-1.765780	-0.022355	-0.062212	0.552110	-115.300687	-72.163392	53.355678
08612		9.330413	-2.063164	-1.711804	-0.087379	-0.036394	0.567456	-114.992583	-71.858443	52.978547
08613		9.298579	-2.734191	-1.737057	-0.067159	-0.037688	0.578350	-114.676982	-71.547153	52.605170
08614		9.288544	-3.218446	-1.597789	0.006345	-0.040771	0.585439	-114.332410	-71.230517	52.244850
08615		9.278437	-3.452567	-1.564338	0.097381	-0.050894	0.587982	-113.959728	-70.909710	51.909402
08616		9.467238	-3.411560	-1.495477	0.181951	-0.060473	0.583698	-113.569235	-70.587936	51.605622
08617		9.652759	-3.275230	-1.402358	0.223889	-0.062485	0.577814	-113.171183	-70.268398	51.318860
08618		9.855420	-3.442482	-1.318243	0.234876	-0.048431	0.580961	-112.756910	-69.949368	51.020824
08619		9.828642	-3.199577	-1.103677	0.248158	-0.028416	0.594307	-112.308130	-69.627212	50.693662
08620		9.615057	-3.037478	-1.219294	0.237085	-0.033866	0.593681	-111.887034	-69.303076	50.388454
08621		9.255782	-2.827057	-1.259676	0.246015	-0.024164	0.600957	-111.453005	-68.976614	50.074374
08622		9.234254	-2.600543	-1.231076	0.220271	-0.032324	0.616236	-111.049405	-68.639239	49.776257
08623		9.225783	-2.800738	-1.255581	0.221619	-0.036700	0.640857	-110.647738	-68.287287	49.480498
08624		9.326725	-2.749075	-1.639401	0.240811	-0.046134	0.668626	-110.246410	-67.917598	49.196053
08625		9.643171	-2.659190	-1.730735	0.224657	-0.033461	0.699625	-109.832782	-67.533150	48.887716
08626		9.858923	-2.660530	-1.282239	0.210459	-0.020580	0.723464	-109.413338	-67.137357	48.563205
08627		9.864062	-2.980482	-1.237520	0.230860	-0.034491	0.732545	-109.006841	-66.733252	48.264702
08628		9.637571	-2.821099	-1.053794	0.243409	-0.016228	0.735620	-108.582598	-66.329992	47.953588
08629		9.357746	-2.752144	-0.876697	0.222064	-0.016353	0.754751	-108.173542	-65.915434	47.644930
08630		9.206996	-2.931353	-0.976881	0.181685	-0.029209	0.769855	-107.810392	-65.489624	47.360042
08631		9.332715	-2.964265	-1.030056	0.141324	-0.032536	0.777896	-107.480521	-65.058054	47.085559
08632		9.532436	-3.023138	-1.050790	0.085026	-0.014170	0.789767	-107.168671	-64.622673	46.794178
08633		9.621371	-3.206470	-1.128217	0.026600	-0.007457	0.803139	-106.886415	-64.180269	46.497635
08634		9.640707	-3.626595	-1.337297	-0.014081	0.002797	0.803809	-106.626617	-63.738883	46.198829
08635		9.633295	-3.938764	-1.382972	0.022461	-0.000504	0.798363	-106.359165	-63.299057	45.913936
08636		9.700940	-4.298638	-1.316811	0.035811	-0.000228	0.791799	-106.096041	-62.862661	45.641155
08637		9.621656	-4.604234	-1.213816	0.154978	-0.007369	0.788203	-105.780763	-62.426145	45.385686
08638		9.493556	-4.617625	-1.203943	0.244604	-0.014927	0.776442	-105.435739	-61.994671	45.153396
08639		9.324062	-4.638031	-0.998290	0.323302	-0.009028	0.771776	-105.048390	-61.565592	44.923547
08640		9.208956	-4.523213	-0.939782	0.402483	-0.017622	0.762104	-104.637278	-61.140270	44.717155
08641		9.257161	-4.484937	-0.866192	0.444622	-0.022183	0.761065	-104.214354	-60.713752	44.524257
08642		9.254868	-4.410101	-0.754777	0.495411	-0.010668	0.753776	-103.762601	-60.292629	44.330643
08643		9.170055	-4.180513	-0.824854	0.532498	-0.009629	0.761270	-103.294474	-59.866264	44.142062
08644		9.081340	-4.127259	-0.818970	0.543535	0.014575	0.757217	-102.807735	-59.445046	43.938213
08645		8.858705	-4.037972	-0.742657	0.514584	0.039779	0.751859	-102.322909	-59.028581	43.716624
08646		8.581579	-4.214469	-0.853547	0.484994	0.046536	0.745306	-101.859868	-58.616288	43.499505
08647		8.305263	-4.307096	-0.898495	0.478987	0.050042	0.740424	-101.405367	-58.205637	43.287630
08648		8.084391	-4.401423	-0.856097	0.466902	0.058710	0.738321	-100.959347	-57.796946	43.076436
08649		7.906279	-4.459993	-0.632973	0.465980	0.075914	0.728401	-100.507177	-57.394132	42.856604
08650		7.680943	-4.528065	-0.667462	0.442042	0.091867	0.730631	-100.063057	-56.991500	42.628831
08651		7.469524	-4.691850	-0.718373	0.370565	0.106800	0.734894	-99.653022	-56.586297	42.392011
08652		7.394702	-4.958891	-0.701239	0.336702	0.111816	0.725918	-99.267477	-56.186486	42.159996
08653		7.374612	-4.969347	-0.763362	0.382168	0.119838	0.719337	-98.856222	-55.789499	41.927515
08654		7.477598	-5.030910	-0.741547	0.356966	0.127355	0.713189	-98.461676	-55.396468	41.696485
08655		7.557091	-4.969584	-0.594702	0.299002	0.160515	0.717073	-98.078672	-55.002358	41.438177
08656		7.527902	-4.852535	-0.683972	0.212846	0.162899	0.719951	-97.750107	-54.606636	41.184624
08657		7.475075	-4.709910	-1.068544	0.062963	0.126067	0.701095	-97.543487	-54.217392	40.974392
08658		7.616371	-4.504601	-1.106739	-0.061324	0.119037	0.691636	-97.419273	-53.833422	40.776749
08659		7.579928	-4.443624	-1.049384	-0.191832	0.123765	0.688653	-97.368764	-53.450542	40.577026
08660		7.476050	-4.845193	-1.323179	-0.348329	0.096645	0.685632	-97.431840	-53.068237	40.405914
08661		7.511034	-5.383400	-1.587990	-0.470097	0.084299	0.680903	-97.574600	-52.687034	40.246627
08662		7.448043	-5.941595	-1.421020	-0.479089	0.071711	0.656201	-97.735574	-52.320024	40.102712
08663		7.496656	-6.198320	-1.295127	-0.359288	0.043990	0.630558	-97.850169	-51.964760	39.986589
08664		7.355290	-6.541286	-1.307512	-0.365718	0.055161	0.616986	-97.962954	-51.619058	39.862579
08665		7.110672	-7.018631	-1.214726	-0.257206	0.029357	0.614853	-98.031724	-51.271794	39.761532
08666		6.938419	-7.130261	-1.195982	-0.081113	0.015307	0.601685	-98.012534	-50.931658	39.676245
08667		6.969884	-6.993648	-1.239059	0.021175	-0.007813	0.594004	-97.951676	-50.593250	39.612792
08668		7.048851	-7.072508	-1.128469	0.158151	-0.004978	0.585509	-97.813472	-50.260459	39.550103
08669		7.163935	-6.939012	-0.838457	0.274149	-0.028349	0.572499	-97.626594	-49.932501	39.510705
08670		7.203241	-6.941793	-0.720624	0.322765	-0.056187	0.560285	-97.434231	-49.609865	39.500000
08671		7.147210	-7.133445	-0.508916	0.356768	-0.068078	0.554203	-97.231243	-49.289236	39.501321
08672		6.995999	-7.346525	-0.383741	0.370728	-0.081787	0.541220	-97.032522	-48.975504	39.518456
08673		6.834099	-7.475530	-0.440553	0.425122	-0.076674	0.513245	-96.801829	-48.677593	39.535012
08674		6.846597	-7.302983	-0.494310	0.480777	-0.061168	0.494396	-96.532842	-48.391878	39.542703
08675		6.935868	-7.032174	-0.433850	0.507990	-0.021225	0.479006	-96.224619	-48.117107	39.519131
08676		6.984482	-6.540302	-0.274839	0.519388	0.018965	0.465733	-95.887979	-47.852560	39.465621
08677		6.956792	-6.017240	-0.106987	0.473764	0.043964	0.452434	-95.563927	-47.596503	39.393957
08678		6.875018	-5.709805	0.038134	0.325632	0.043232	0.440765	-95.328411	-47.347147	39.326621
08679		6.799602	-5.730668	0.085096	0.136472	0.026775	0.444511	-95.211794	-47.094330	39.273696
08680		6.811188	-5.996394	-0.045478	-0.039252	0.013646	0.440107	-95.205354	-46.843662	39.233234
08681		6.922143	-6.627690	-0.192806	-0.120216	0.035775	0.429022	-95.232124	-46.600120	39.174817
08682		6.861613	-7.122720	-0.386880	-0.152849	0.054099	0.427169	-95.267428	-46.358982	39.101871
08683		6.799373	-7.460917	-0.437318	-0.099170	0.073163	0.424293	-95.260634	-46.120136	39.013209
08684		6.667028	-7.467261	-0.432628	0.025526	0.065249	0.418021	-95.188589	-45.884724	38.932539
08685		6.687928	-7.348501	-0.374045	0.052844	0.047131	0.410665	-95.112208	-45.652194	38.867609
08686		6.795268	-7.232748	-0.424463	0.099480	0.063223	0.405846	-95.001196	-45.423402	38.791087
08687		6.706331	-7.074569	-0.286521	0.144085	0.071049	0.391038	-94.861345	-45.203082	38.709905
08688		6.487822	-6.869017	-0.165972	0.123477	0.026880	0.381887	-94.760344	-44.985961	38.666362
08689		6.502016	-6.497235	-0.204285	0.075796	-0.073923	0.383296	-94.743965	-44.763003	38.704101
08690		6.912308	-5.872215	-0.461251	0.138164	-0.125619	0.413629	-94.719793	-44.520493	38.781553
08691		7.380574	-4.923634	-0.356579	0.204097	-0.134166	0.472061	-94.659286	-44.244054	38.861631
08692		7.714602	-4.267136	-0.177444	0.125883	-0.124154	0.501886	-94.636684	-43.951408	38.931993
08693		7.955636	-4.039903	-0.255989	0.022921	-0.108611	0.530910	-94.662421	-43.642589	38.987544
08694		8.059318	-3.827063	-0.095844	-0.072695	-0.106744	0.582155	-94.739269	-43.305128	39.037910
08695		8.073393	-3.683302	0.000157	-0.199655	-0.149050	0.653136	-94.906855	-42.924458	39.115118
08696		8.139101	-3.777790	-0.184557	-0.232233	-0.195875	0.732888	-95.112486	-42.496611	39.221343
08697		8.441913	-3.887569	-0.579187	-0.137827	-0.237003	0.804557	-95.279303	-42.024618	39.351343
08698		8.673769	-4.471504	-0.980182	-0.094871	-0.194101	0.836034	-95.395922	-41.537900	39.444016
08699		8.658117	-4.981710	-0.672293	-0.082042	-0.196175	0.839840	-95.503875	-41.047582	39.535733
08700		8.860284	-5.471641	-0.761639	-0.060668	-0.210054	0.866715	-95.603636	-40.542522	39.634406
08701		8.986478	-5.929725	-0.986432	0.039103	-0.222912	0.881478	-95.649720	-40.026751	39.739676
08702		9.111416	-6.335070	-1.074835	0.137195	-0.207260	0.855879	-95.632418	-39.528183	39.834635
08703		9.067925	-6.849085	-1.139376	0.368137	-0.262162	0.802866	-95.509922	-39.055135	39.973613
08704		9.134505	-7.115751	-0.999739	0.619198	-0.303450	0.715188	-95.266587	-38.632213	40.150368
08705		9.337551	-6.647856	-1.222778	0.778444	-0.277422	0.626594	-94.923535	-38.259896	40.315288
08706		9.283132	-5.827142	-1.290643	0.825682	-0.227840	0.608395	-94.532928	-37.903385	40.448007
08707		8.686911	-6.097278	-0.938479	0.987177	-0.227045	0.565131	-94.051491	-37.570193	40.584852
08708		8.086967	-6.444636	-0.340930	1.068877	-0.246288	0.486034	-93.535813	-37.284977	40.742950
08709		7.559077	-7.305189	-0.576874	0.881969	-0.244827	0.438653	-93.128034	-37.025397	40.903769
08710		7.421960	-8.154136	-1.126249	0.843635	-0.230179	0.412417	-92.737564	-36.784861	41.057354
08711		7.826836	-8.247974	-1.537873	0.907964	-0.262015	0.406736	-92.323792	-36.544933	41.234925
08712		8.484433	-8.565972	-1.797024	0.953574	-0.368342	0.409822	-91.929792	-36.304778	41.490260
08713		8.826951	-9.207176	-1.969493	1.092666	-0.346222	0.416502	-91.446064	-36.059957	41.730627
08714		7.878168	-9.189852	-1.027932	1.252661	-0.312408	0.424416	-90.857851	-35.815742	41.949806
08715		6.797202	-8.831437	-0.276644	1.175233	-0.412090	0.383567	-90.354907	-35.593097	42.241090
08716		6.395835	-8.663084	-0.254133	1.073071	-0.415017	0.304914	-89.912830	-35.420432	42.536915
08717		5.940021	-8.331071	-0.193998	1.115770	-0.339999	0.200673	-89.414657	-35.306254	42.780013
08718		5.351291	-7.562234	-0.358440	1.192282	-0.250214	0.054101	-88.836756	-35.280075	42.960462
08719		4.606604	-7.024348	-0.347655	1.082498	-0.223971	-0.182224	-88.308020	-35.387353	43.117929
08720		4.749243	-7.098919	-0.657360	0.974802	-0.166535	-0.488368	-87.814353	-35.672879	43.227788
08721		5.120163	-6.873765	0.032516	0.948480	-0.058537	-0.752048	-87.284260	-36.104565	43.249839
08722		5.595544	-6.358680	1.510835	0.645427	-0.036996	-0.937938	-86.913674	-36.645016	43.246767
08723		5.864170	-6.206674	2.360176	0.261461	0.085276	-1.139530	-86.702297	-37.293978	43.143690
08724		5.554018	-5.891415	2.612083	-0.072306	0.232933	-1.377409	-86.608813	-38.076795	42.921527
08725		5.151496	-6.158671	2.231046	-0.502725	0.313227	-1.592177	-86.714551	-38.976848	42.628173
08726		5.049561	-6.932458	1.534326	-0.687966	0.351202	-1.750161	-86.900733	-39.969625	42.299850
08727		5.205540	-7.604411	1.053750	-0.671912	0.308257	-1.857226	-87.090266	-41.022802	41.998235
08728		5.646398	-7.757325	0.806120	-0.616011	0.265746	-1.944098	-87.263136	-42.130505	41.725925
08729		5.856315	-7.627231	0.735056	-0.649162	0.244198	-2.016171	-87.460005	-43.277788	41.467159
08730		5.994330	-7.373382	0.790124	-0.737671	0.259693	-2.114491	-87.694083	-44.484481	41.194275
08731		6.051419	-7.160737	0.978785	-0.758736	0.352234	-2.264187	-87.879129	-45.772750	40.841370
08732		5.956290	-6.757911	1.227153	-0.819533	0.508127	-2.436930	-87.993313	-47.160073	40.350494
08733		5.526867	-6.319466	1.551549	-1.028202	0.542328	-2.591118	-88.187533	-48.633234	39.817675
08734		5.679857	-6.116655	1.489790	-1.233928	0.402560	-2.735569	-88.577656	-50.195795	39.399895
08735		6.675820	-6.517955	1.073716	-1.240123	0.328738	-2.830680	-89.017456	-51.813038	39.050974
08736		7.662770	-6.739709	-0.246398	-1.282917	0.437852	-2.875354	-89.398251	-53.459060	38.604832
08737		7.804387	-7.245001	-1.278160	-1.280190	0.607299	-2.880243	-89.632728	-55.105988	37.989689
08738		7.485871	-7.636082	-0.945922	-0.976053	0.620331	-2.879942	-89.655835	-56.755917	37.342100
08739		7.162981	-7.670619	-0.444739	-0.614761	0.586418	-2.904427	-89.463548	-58.417081	36.696630
08740		6.977823	-7.419161	0.163722	-0.220237	0.547861	-2.956849	-89.029572	-60.108835	36.044589
08741		6.899403	-6.634425	0.651595	0.087943	0.506125	-3.018491	-88.392071	-61.831069	35.372716
08742		6.897027	-5.792823	1.102002	0.287405	0.472479	-3.062171	-87.589640	-63.576686	34.654792
08743		7.143118	-5.007281	1.246576	0.343368	0.416231	-3.114456	-86.715011	-65.346897	33.903138
08744		7.683329	-4.311701	1.244970	0.312314	0.363031	-3.189072	-85.799478	-67.158237	33.098231
08745		8.130053	-3.548510	1.262814	0.210285	0.340422	-3.246417	-84.825543	-68.996059	32.177932
08746		8.492432	-3.057720	1.265625	0.011319	0.302999	-3.264674	-83.848681	-70.841979	31.144623
08747		8.769694	-2.778350	1.096458	-0.313149	0.266090	-3.244529	-82.928103	-72.671090	29.986097
08748		8.847213	-2.620222	0.801860	-0.556559	0.233615	-3.206964	-81.986998	-74.476842	28.672392
08749		8.982347	-2.566665	0.686434	-0.723714	0.199862	-3.171524	-80.946196	-76.257082	27.167855
08750		9.247800	-2.311669	0.698604	-0.851711	0.190610	-3.138276	-79.645708	-78.012964	25.333261
08751		9.566402	-2.397501	0.388136	-1.008782	0.185943	-3.101857	-77.950944	-79.736168	23.016775
08752		10.009129	-2.775652	-0.181369	-1.113971	0.187824	-3.066286	-75.542508	-81.423932	19.928484
08753		10.439280	-3.172404	-0.843465	-1.129910	0.243529	-3.021091	-71.641578	-83.046703	15.338104
08754		10.560292	-3.541274	-1.072746	-0.966896	0.323850	-2.985102	-64.765133	-84.571033	7.864538
08755		10.361214	-3.739625	-0.975835	-0.664447	0.412343	-2.961400	-52.067163	-85.902562	-5.258635
08756		9.998130	-3.818997	-0.784335	-0.352566	0.495340	-2.968308	-28.909949	-86.812391	-28.663439
08757		9.574328	-3.609468	-0.530707	-0.065199	0.545362	-2.962846	2.821133	-86.896992	-60.477798
08758		9.214470	-3.220249	-0.424676	0.158219	0.514750	-2.947212	28.557575	-86.139947	-86.169212
08759		9.089354	-2.485366	-0.489577	0.296584	0.435078	-2.907123	44.107983	-84.943913	-101.595384
08760		8.928615	-1.885743	-0.399886	0.416431	0.344112	-2.847109	53.587432	-83.583108	-110.882220
08761		8.956790	-1.233815	0.095223	0.593793	0.256458	-2.760900	59.908645	-82.179554	-116.909543
08762		9.021811	-0.639622	0.552397	0.632285	0.172809	-2.637355	64.418431	-80.797515	-121.103233
08763		9.347255	-0.046954	0.543428	0.481555	0.081662	-2.475331	67.768885	-79.482938	-124.224055
08764		9.684891	0.125493	0.629139	0.341891	0.016287	-2.278166	70.307750	-78.261613	-126.612138
08765		9.878208	-0.053964	0.660409	0.204732	-0.040817	-2.082390	72.292442	-77.140049	-128.523721
08766		9.923066	0.180519	-0.279246	-0.015623	-0.029664	-1.926801	73.718663	-76.090327	-129.999291
08767		9.847891	0.735146	-1.049977	-0.194157	0.040977	-1.769940	74.606924	-75.109377	-131.031614
08768		9.625466	0.839408	-0.379723	-0.021675	-0.029682	-1.579046	75.515313	-74.240847	-131.986708
08769		9.452440	0.890279	0.337977	0.141265	-0.052516	-1.406922	76.381693	-73.467169	-132.804819
08770		9.060249	0.802099	0.649358	0.182260	0.005163	-1.236475	77.022703	-72.778376	-133.365896
08771		8.669367	1.030031	0.670880	0.121018	0.038789	-1.040400	77.448592	-72.193053	-133.740216
08772		8.682577	1.055350	0.398507	0.077722	-0.045245	-0.773428	77.870381	-71.767140	-134.137304
08773		9.155598	1.113383	0.181972	0.182379	-0.147545	-0.434271	78.386252	-71.541955	-134.571150
08774		9.468932	1.368135	-0.006847	0.294633	-0.164307	-0.093856	78.871141	-71.509360	-134.904778
08775		9.223483	1.807612	-0.109218	0.367609	-0.146730	0.215579	79.266804	-71.647458	-135.100255
08776		9.114502	2.149380	0.044193	0.333046	-0.173198	0.491777	79.605580	-71.944304	-135.256369
08777		9.067562	1.911518	0.280583	0.282178	-0.177714	0.739356	79.851719	-72.380140	-135.345538
08778		8.762773	1.652386	0.078632	0.148726	-0.162163	0.952842	79.931966	-72.935628	-135.340695
08779		8.986012	2.852270	-1.358628	-0.121312	-0.344924	0.974159	80.197245	-73.520343	-135.690791
08780		10.355863	3.771931	-3.480852	-0.276688	-0.594459	0.709522	80.973398	-73.978856	-136.664684
08781		12.012902	5.678177	0.151542	0.569211	-0.674926	0.070749	82.625512	-74.074895	-138.044347
08782		12.498854	6.393846	2.109191	0.649429	-0.241966	-0.599035	83.628500	-73.752205	-138.701163
08783		11.691661	6.441015	4.474659	0.966865	0.091572	-0.601550	84.138855	-73.404569	-138.656129
08784		10.456024	6.831854	3.563799	-0.143611	0.261557	-0.060086	83.579697	-73.355459	-138.158766
08785		8.548237	3.691607	-0.095093	-0.555129	-0.028874	0.333056	83.251998	-73.547600	-138.149156
08786		8.873891	3.371213	0.816139	0.097421	-0.469283	0.580662	84.107735	-73.908804	-138.982790
08787		9.753668	4.098945	0.827789	-0.155291	-0.532367	0.667117	84.966974	-74.318973	-139.969087
08788		10.397813	4.454699	1.463079	-0.439195	-0.264522	0.547039	85.172380	-74.645019	-140.443778
08789		10.385576	4.521765	3.352036	-0.650652	0.002839	0.435565	84.722496	-74.894069	-140.364322
08790		9.648358	4.122489	2.476433	-1.196848	0.095150	0.412777	83.755391	-75.124526	-140.073472
08791		9.311642	3.070891	0.619277	-1.388258	0.008124	0.416785	82.846527	-75.361832	-139.956588
08792		9.441254	2.455547	-0.430268	-1.258050	-0.055012	0.448696	82.126269	-75.621420	-139.957618
08793		9.929773	1.763601	-1.058296	-1.201319	-0.093601	0.515614	81.491493	-75.922222	-140.013277
08794		10.249320	1.112860	-1.005823	-0.945507	-0.170997	0.560086	81.155837	-76.254926	-140.226007
08795		10.236582	1.188056	-1.087979	-0.730011	-0.250559	0.584314	81.122320	-76.608616	-140.622235
08796		10.160665	1.161722	-1.240733	-0.490193	-0.295891	0.577261	81.352030	-76.962168	-141.147078
08797		9.870454	1.016554	-0.478628	-0.181606	-0.306833	0.575381	81.809592	-77.314791	-141.723574
08798		9.710222	0.655019	-0.006223	-0.012066	-0.337817	0.585929	82.473032	-77.674737	-142.410573
08799		9.919923	-0.009149	0.038640	0.082794	-0.351983	0.578963	83.271044	-78.029628	-143.178766
08800		9.983715	-0.135941	0.550506	0.236934	-0.358456	0.578186	84.225575	-78.382310	-144.015563
08801		10.088116	0.588945	0.313551	0.082054	-0.361201	0.621893	85.141523	-78.756898	-144.902504
08802		10.370711	1.370788	0.316125	-0.067376	-0.392662	0.677624	86.115722	-79.162254	-145.934783
08803		10.463210	1.730769	0.642850	-0.190698	-0.376246	0.678561	87.042901	-79.563753	-146.989767
08804		10.404102	1.229510	0.925207	-0.268285	-0.343015	0.665235	87.898808	-79.954233	-148.016124
08805		10.329626	0.765313	0.613906	-0.404023	-0.281677	0.665654	88.543431	-80.340909	-148.905773
08806		10.007903	0.065314	0.005760	-0.591977	-0.206099	0.655397	88.878439	-80.720013	-149.589687
08807		9.635804	-0.398124	0.233364	-0.565390	-0.195124	0.623945	89.232399	-81.079714	-150.276657
08808		9.371096	-0.495974	0.212265	-0.553608	-0.192274	0.599689	89.627502	-81.425544	-150.997761
08809		9.243978	-0.326764	-0.136190	-0.517778	-0.224056	0.586024	90.214716	-81.761862	-151.891662
08810		9.393574	-0.099317	-0.704640	-0.405042	-0.264288	0.560012	91.095758	-82.082240	-153.016362
08811		9.638980	0.522712	-0.808998	-0.228124	-0.273494	0.531355	92.197437	-82.382354	-154.260580
08812		9.764847	1.023600	-0.909914	-0.157935	-0.266024	0.502562	93.397069	-82.663775	-155.562179
08813		9.700548	1.294238	-0.993032	-0.115104	-0.261329	0.475410	94.685998	-82.925118	-156.928263
08814		9.543299	1.277111	-0.955031	-0.075535	-0.265924	0.457457	96.115269	-83.172830	-158.412108
08815		9.453890	1.144257	-0.711186	-0.027340	-0.268057	0.456343	97.686801	-83.413996	-160.010660
08816		9.401690	1.064188	-0.381038	0.046337	-0.295058	0.473016	99.576655	-83.657490	-161.886258
08817		9.489758	1.141136	-0.031584	0.123740	-0.312837	0.490088	101.765672	-83.900127	-164.017340
08818		9.655603	1.315443	0.127495	0.171140	-0.319323	0.517134	104.235743	-84.148342	-166.402679
08819		9.751850	1.561102	0.244054	0.177536	-0.315398	0.533429	106.918026	-84.393890	-168.996608
08820		9.837914	1.652648	0.090491	0.113932	-0.281978	0.557801	109.663014	-84.646977	-171.688984
08821		9.804699	1.585880	-0.088396	0.022859	-0.242325	0.573799	112.413417	-84.903398	-174.438123
08822		9.664276	1.458204	-0.259338	-0.062361	-0.213395	0.581959	115.251969	-85.158967	-177.323616
08823		9.518108	1.285431	-0.493245	-0.117489	-0.204884	0.591927	118.339713	-85.407946	179.510193
08824		9.492819	1.145595	-0.693166	-0.150139	-0.212271	0.590368	121.805088	-85.639305	175.947564
08825		9.520826	0.820898	-0.767751	-0.178106	-0.205953	0.575718	125.512951	-85.847345	172.126706
08826		9.565114	0.401128	-0.795748	-0.195844	-0.201038	0.563298	129.501619	-86.032353	168.015151
08827		9.577202	-0.219047	-0.871956	-0.186475	-0.186869	0.551140	133.694603	-86.195965	163.705008
08828		9.532045	-0.839512	-0.828074	-0.097942	-0.188299	0.546080	138.281512	-86.334413	159.051747
08829		9.513872	-1.379237	-0.835099	0.063998	-0.220112	0.542949	143.427415	-86.431170	153.931907
08830		9.551604	-1.536162	-0.860259	0.287236	-0.253479	0.535610	149.061352	-86.479062	148.451713
08831		9.587626	-1.349572	-0.808726	0.472893	-0.290524	0.517357	154.876395	-86.469150	142.896699
08832		9.706547	-0.713747	-0.704979	0.584761	-0.330608	0.503073	160.687022	-86.400283	137.410158
08833		9.811101	-0.014802	-0.552708	0.603111	-0.333607	0.488546	166.109208	-86.294432	132.322790
08834		9.828147	0.720006	-0.113202	0.499704	-0.359747	0.484019	171.157915	-86.144034	127.549670
08835		9.999922	1.005222	-0.356851	0.343395	-0.301192	0.465222	175.512924	-86.000763	123.381213
08836		9.818504	0.945853	-0.640348	0.128873	-0.193502	0.438500	179.225834	-85.898398	119.732682
08837		9.543750	0.589151	-0.553349	-0.109325	-0.164234	0.410795	-177.608459	-85.798173	116.495426
08838		9.414302	0.020263	-0.403100	-0.220209	-0.170396	0.397764	-174.753355	-85.682304	113.505540
08839		9.496293	-0.690703	-0.561320	-0.225422	-0.193489	0.388562	-172.163599	-85.543971	110.778220
08840		9.602131	-1.104967	-0.830207	-0.137298	-0.190080	0.384670	-169.700158	-85.398337	108.227797
08841		9.675252	-1.163247	-1.066339	-0.005086	-0.200570	0.386121	-167.337489	-85.238864	105.853877
08842		9.553631	-0.759990	-1.079051	0.160786	-0.212919	0.384237	-165.059959	-85.064428	103.660276
08843		9.611901	-0.138073	-1.225544	0.178900	-0.225098	0.378059	-162.999117	-84.878047	101.693950
08844		9.635483	0.298809	-1.142918	0.116671	-0.213950	0.367860	-161.143674	-84.693021	99.897579
08845		9.678065	0.560266	-0.780070	0.038316	-0.207824	0.354815	-159.526641	-84.509733	98.294973
08846		9.713384	0.712738	-0.830149	-0.101342	-0.200525	0.354558	-158.070478	-84.325642	96.773187
08847		9.861101	0.598872	-1.074108	-0.249940	-0.162138	0.354723	-156.714677	-84.159044	95.266159
08848		9.880103	0.142231	-1.208429	-0.381741	-0.117296	0.338352	-155.486023	-84.015590	93.810695
08849		9.810762	-0.299342	-1.296549	-0.467460	-0.092965	0.319823	-154.408450	-83.887070	92.457331
08850		9.667964	-0.933581	-1.418328	-0.484408	-0.077884	0.325556	-153.322916	-83.761368	91.085946
08851		9.596988	-1.454767	-1.483777	-0.375703	-0.095801	0.321246	-152.292664	-83.625798	89.832427
08852		9.692537	-1.553507	-1.704642	-0.279627	-0.098502	0.316459	-151.278072	-83.486802	88.649806
08853		9.725695	-1.501675	-1.869642	-0.143323	-0.095267	0.315838	-150.232351	-83.348168	87.514060
08854		9.760327	-1.203380	-1.785759	-0.009892	-0.096476	0.319364	-149.139043	-83.204450	86.407138
08855		9.740883	-0.761998	-1.688056	0.033449	-0.110940	0.322833	-148.094112	-83.051302	85.373526
08856		9.806166	-0.368985	-1.532367	0.034549	-0.124641	0.323092	-147.122237	-82.888133	84.413900
08857		9.863819	-0.146627	-1.350361	0.032861	-0.117192	0.326063	-146.169477	-82.726814	83.472138
08858		9.765954	-0.187415	-1.124221	0.038960	-0.083313	0.316060	-145.202102	-82.581623	82.518929
08859		9.587624	-0.368957	-1.052449	-0.019189	-0.075254	0.319071	-144.277352	-82.438405	81.574708
08860		9.582367	-0.625876	-1.050827	-0.039551	-0.068406	0.327861	-143.348992	-82.292237	80.614840
08861		9.514791	-0.838755	-1.018865	-0.027187	-0.061988	0.327222	-142.437515	-82.148371	79.678750
08862		9.537025	-0.922376	-1.014245	0.022162	-0.076418	0.320979	-141.585450	-81.997085	78.830940
08863		9.605712	-0.744220	-1.107562	0.028379	-0.092015	0.309378	-140.839224	-81.842560	78.093230
08864		9.553261	-0.593142	-1.109691	-0.022307	-0.125584	0.309979	-140.229649	-81.670575	77.464028
08865		9.638149	-0.687752	-1.044811	-0.121613	-0.103107	0.312414	-139.640595	-81.507794	76.797709
08866		9.496460	-1.024207	-1.302816	-0.136171	-0.085565	0.316832	-139.025766	-81.348810	76.096682
08867		9.488650	-1.362027	-1.720104	-0.049605	-0.089991	0.305254	-138.430141	-81.192367	75.464896
08868		9.595814	-1.551347	-1.677372	0.092970	-0.082301	0.288043	-137.801060	-81.043563	74.881742
08869		9.773991	-1.328871	-1.193347	0.246890	-0.083481	0.290292	-137.102705	-80.893568	74.317427
08870		9.810930	-0.918190	-0.824564	0.224654	-0.062747	0.309315	-136.337408	-80.742374	73.672232
08871		9.678552	-0.750662	-0.973896	0.162115	-0.049798	0.333380	-135.540798	-80.586792	72.958636
08872		9.684139	-0.383702	-1.204279	0.165956	-0.040865	0.343991	-134.718563	-80.427708	72.221033
08873		9.682492	-0.461297	-1.040866	0.074449	-0.011277	0.345184	-133.900884	-80.279474	71.434468
08874		9.710977	-0.903309	-0.937599	-0.023822	0.007682	0.332584	-133.145478	-80.140997	70.653681
08875		9.676843	-1.120619	-1.121524	-0.080666	0.025205	0.326619	-132.415259	-80.011303	69.865023
08876		9.485990	-1.454806	-1.282187	-0.110392	0.031557	0.324003	-131.711502	-79.882333	69.085681
08877		9.484091	-1.838139	-1.292292	-0.056990	-0.018048	0.306719	-131.150853	-79.741625	68.482446
08878		9.570709	-1.512867	-1.320498	0.036039	-0.020766	0.306328	-130.559986	-79.597833	67.902455
08879		9.652897	-1.174874	-1.265508	0.022023	-0.025556	0.323082	-129.971462	-79.445050	67.316354
08880		9.734038	-1.140891	-1.445125	-0.045658	-0.021504	0.324952	-129.425035	-79.290703	66.733383
08881		9.805268	-1.442630	-1.206424	-0.032407	0.009067	0.320740	-128.823893	-79.149385	66.102112
08882		9.881364	-1.448353	-0.216754	0.493531	0.177288	0.327544	-127.534257	-79.061482	65.076380
08883		9.338904	-1.523732	-2.735269	-0.600301	-0.209672	0.342649	-127.761783	-78.830682	64.957329
08884		9.838800	-1.848419	-0.240761	0.260065	0.132420	0.340810	-126.723818	-78.717999	64.050635
08885		9.194312	-1.167626	-1.199769	-0.076163	-0.081697	0.346721	-126.376777	-78.528594	63.651697
08886		9.547510	-0.882308	-1.620089	-0.036384	0.043809	0.372656	-125.694437	-78.367627	62.933573
08887		9.523450	-1.054622	-1.394251	-0.046964	0.010564	0.387248	-125.088535	-78.188354	62.286854
08888		9.634847	-1.387332	-1.360574	-0.056236	0.034200	0.377481	-124.469739	-78.018897	61.621136
08889		9.629445	-1.706908	-1.480482	-0.083161	0.025170	0.341839	-123.956253	-77.863181	61.046910
08890		9.713242	-1.926834	-1.238915	-0.029285	0.019041	0.326133	-123.463094	-77.710851	60.524742
08891		9.666669	-2.344480	-0.928243	-0.003167	0.020603	0.329396	-122.958439	-77.557592	60.005812
08892		9.523660	-2.311312	-0.989897	0.082021	0.014777	0.355731	-122.395078	-77.387680	59.476429
08893		9.482030	-2.006253	-1.006079	0.122705	0.013712	0.366723	-121.809733	-77.212085	58.948040
08894		9.453240	-1.830293	-1.142093	0.102728	0.022663	0.367671	-121.231407	-77.036404	58.414749
08895		9.595675	-1.718006	-1.155164	0.084115	0.011123	0.349358	-120.724954	-76.866331	57.943912
08896		9.732699	-2.000859	-0.882162	0.033661	0.022442	0.339208	-120.249328	-76.702538	57.474726
08897		9.677621	-2.259033	-0.999211	0.066691	0.022327	0.337151	-119.768079	-76.539958	57.018897
08898		9.611358	-2.283009	-0.900930	0.104587	0.010231	0.346746	-119.291118	-76.367193	56.589491
08899		9.521371	-2.080821	-0.860599	0.171375	-0.002526	0.358338	-118.799555	-76.185336	56.184125
08900		9.557481	-1.548693	-1.133888	0.203387	-0.020691	0.379020	-118.316328	-75.986182	55.805907
08901		9.718589	-1.165127	-1.072066	0.181504	-0.006925	0.397172	-117.810012	-75.781884	55.390626
08902		9.596543	-0.962628	-1.053231	0.115369	-0.007226	0.413150	-117.339505	-75.567509	54.972794
08903		9.551297	-0.933474	-1.415459	0.028258	-0.027879	0.424796	-116.959325	-75.342059	54.596318
08904		9.474405	-1.200597	-1.263730	-0.023672	-0.020509	0.443717	-116.588848	-75.107305	54.198679
08905		9.357222	-1.577499	-1.266001	-0.029097	-0.021300	0.468497	-116.210419	-74.859885	53.789175
08906		9.281935	-1.928307	-1.357553	-0.043955	-0.023257	0.498297	-115.831128	-74.595099	53.369412
08907		9.247604	-2.367771	-1.472711	0.017477	-0.025498	0.513597	-115.419689	-74.321929	52.952316
08908		9.452631	-2.599614	-1.396556	0.078463	-0.014944	0.511552	-114.971797	-74.050738	52.533037
08909		9.548082	-2.774275	-1.234708	0.116570	0.001135	0.514629	-114.483793	-73.781697	52.094226
08910		9.732659	-2.767419	-1.231111	0.165638	-0.002857	0.513499	-113.992428	-73.510438	51.680545
08911		9.884434	-2.267865	-1.240014	0.206412	0.007938	0.519373	-113.467589	-73.238401	51.255794
08912		9.944319	-1.871882	-1.147669	0.190544	0.029644	0.540867	-112.915296	-72.957992	50.792158
08913		9.801905	-1.573990	-1.089916	0.185476	0.046432	0.563516	-112.336269	-72.668802	50.296865
08914		9.656865	-1.458458	-1.226754	0.172279	0.039076	0.603154	-111.769677	-72.354822	49.805778
08915		9.598093	-1.604865	-1.349433	0.196716	0.041462	0.648841	-111.172736	-72.016204	49.296720
08916		9.731968	-1.680148	-1.448200	0.228242	0.043984	0.688214	-110.551935	-71.654800	48.780435
08917		9.975137	-1.704933	-1.552576	0.257913	0.047182	0.726673	-109.906944	-71.272176	48.255571
08918		10.057446	-1.805273	-1.417897	0.252074	0.058757	0.754850	-109.256992	-70.874244	47.720567
08919		10.171427	-2.050258	-1.017804	0.266055	0.071017	0.779455	-108.589525	-70.463736	47.174325
08920		10.101030	-2.284589	-0.930015	0.233227	0.086179	0.795529	-107.936869	-70.044829	46.622261
08921		9.911317	-2.553758	-0.751228	0.189325	0.105319	0.809973	-107.296704	-69.619587	46.055399
08922		9.710712	-2.788728	-0.608744	0.175404	0.093378	0.824844	-106.701702	-69.181914	45.526490
08923		9.599280	-3.048789	-0.703697	0.157864	0.071597	0.836967	-106.163425	-68.732424	45.046217
08924		9.513025	-3.180755	-0.857388	0.116373	0.068059	0.837731	-105.676016	-68.280308	44.593400
08925		9.437350	-3.280047	-1.018689	0.089204	0.076766	0.840080	-105.208422	-67.826976	44.143928
08926		9.384485	-3.413725	-1.214855	0.056307	0.075247	0.838123	-104.782182	-67.373130	43.717140
08927		9.343053	-3.514795	-1.418122	0.055903	0.083291	0.828461	-104.363699	-66.924684	43.297321
08928		9.357071	-3.638331	-1.453746	0.044658	0.090411	0.816961	-103.963773	-66.482430	42.889070
08929		9.399006	-3.841318	-1.367584	0.054280	0.086578	0.797817	-103.581923	-66.049254	42.505456
08930		9.381515	-4.136912	-1.289413	0.090466	0.087682	0.792943	-103.194862	-65.617893	42.137312
08931		9.443748	-4.276346	-0.952671	0.150306	0.093751	0.775476	-102.782331	-65.196041	41.777875
08932		9.384741	-4.278256	-0.839087	0.217042	0.075610	0.765520	-102.370581	-64.776408	41.460000
08933		9.427202	-4.088904	-0.796792	0.247697	0.068636	0.753758	-101.962350	-64.361585	41.164652
08934		9.459172	-3.775806	-0.582567	0.275413	0.066109	0.756239	-101.553373	-63.944185	40.884807
08935		9.383715	-3.549797	-0.467407	0.284128	0.068549	0.758559	-101.145008	-63.524888	40.610494
08936		9.179526	-3.386983	-0.398594	0.305614	0.074760	0.756727	-100.729902	-63.106529	40.341129
08937		8.966659	-3.272800	-0.566232	0.259498	0.068893	0.770218	-100.353296	-62.679033	40.084608
08938		8.943405	-3.375152	-0.513924	0.226926	0.085703	0.784350	-99.985498	-62.244727	39.815685
08939		8.891683	-3.591054	-0.490392	0.264724	0.073790	0.796251	-99.614646	-61.801533	39.567031
08940		8.850850	-3.716496	-0.707618	0.302940	0.077589	0.806921	-99.227058	-61.352223	39.322909
08941		8.686966	-3.861574	-0.774595	0.352258	0.078397	0.818503	-98.816717	-60.895308	39.084311
08942		8.464144	-3.919239	-0.704018	0.392568	0.065605	0.828604	-98.405829	-60.431167	38.870199
08943		8.325210	-3.927785	-0.658525	0.477314	0.045984	0.852618	-97.970502	-59.950632	38.683190
08944		8.220883	-3.947063	-0.652810	0.524727	0.024954	0.876845	-97.536059	-59.454504	38.527415
08945		8.151382	-4.023403	-0.629690	0.546307	0.027584	0.887266	-97.093111	-58.951576	38.375660
08946		8.011197	-4.088054	-0.566120	0.556648	0.016015	0.896216	-96.664308	-58.442735	38.246239
08947		7.938298	-4.126341	-0.421257	0.558199	0.004640	0.904830	-96.251031	-57.927223	38.135770
08948		7.863940	-4.274838	-0.302031	0.539057	-0.003047	0.917594	-95.863321	-57.404193	38.041588
08949		7.835999	-4.510823	-0.096526	0.515118	-0.026259	0.930919	-95.514142	-56.871317	37.976757
08950		7.733987	-4.811170	0.025305	0.473943	-0.044888	0.932289	-95.211498	-56.337136	37.938647
08951		7.663995	-5.092362	0.007784	0.431279	-0.055873	0.924052	-94.946592	-55.806332	37.916686
08952		7.680749	-5.265047	0.042610	0.383995	-0.062885	0.921086	-94.719614	-55.277515	37.907376
08953		7.711010	-5.454039	0.126561	0.370644	-0.057162	0.919846	-94.497712	-54.748971	37.895221
08954		7.707367	-5.585494	0.251852	0.345951	-0.038222	0.920875	-94.278763	-54.221322	37.868897
08955		7.586432	-5.663482	0.227171	0.345932	-0.052048	0.913130	-94.073255	-53.696792	37.859344
08956		7.605694	-5.709346	0.263530	0.335975	-0.049425	0.906773	-93.875252	-53.176648	37.851660
08957		7.409163	-6.031797	0.265741	0.281283	-0.036922	0.885824	-93.701691	-52.668275	37.835594
08958		7.217253	-6.421743	0.455676	0.221849	-0.048757	0.860522	-93.574846	-52.174559	37.835119
08959		7.160375	-6.680288	0.177985	0.244593	-0.060807	0.841601	-93.445334	-51.690598	37.848085
08960		7.028928	-6.801366	0.052913	0.324568	-0.060158	0.818783	-93.272497	-51.220297	37.864092
08961		7.003403	-6.888682	0.234301	0.422373	-0.055921	0.795384	-93.042810	-50.762988	37.879399
08962		7.048087	-6.857093	0.210314	0.464666	-0.069490	0.783007	-92.801330	-50.312876	37.910706
08963		7.190637	-6.769410	0.118122	0.510819	-0.066191	0.761674	-92.533375	-49.874686	37.942387
08964		7.340915	-6.523091	0.253509	0.520173	-0.031506	0.749177	-92.239576	-49.444978	37.947216
08965		7.364304	-6.347834	0.179781	0.520068	-0.023923	0.741236	-91.943126	-49.019601	37.948676
08966		7.364586	-6.009207	0.209363	0.544879	-0.016185	0.748790	-91.630117	-48.590429	37.946882
08967		7.326476	-5.825509	0.132036	0.521052	0.000313	0.762190	-91.322242	-48.153443	37.933831
08968		7.221242	-5.826854	0.159005	0.467674	0.015930	0.770798	-91.037824	-47.712094	37.910964
08969		7.220205	-5.830972	0.225068	0.457719	0.022189	0.777634	-90.757524	-47.266391	37.885913
08970		7.292697	-5.823060	0.249690	0.417809	0.031084	0.775342	-90.497373	-46.822458	37.856859
08971		7.323661	-6.472244	-0.023098	0.299485	0.023187	0.759878	-90.311826	-46.386803	37.837076
08972		7.337404	-7.047474	0.206110	0.201499	0.042142	0.728980	-90.172848	-45.969386	37.803788
08973		7.043553	-7.491262	0.036228	0.173303	0.053350	0.718325	-90.044623	-45.557508	37.762821
08974		6.827908	-7.656483	-0.297936	0.228087	0.046975	0.711553	-89.890292	-45.149942	37.728907
08975		6.720338	-7.719909	-0.461216	0.336858	0.071640	0.712281	-89.661099	-44.741327	37.677086
08976		6.681707	-7.400239	-0.290641	0.462036	0.090574	0.706776	-89.352083	-44.336033	37.613219
08977		6.696917	-6.739010	-0.080169	0.542869	0.091530	0.703164	-88.998903	-43.932115	37.552101
08978		6.809806	-6.092296	0.018970	0.564759	0.109615	0.680363	-88.626273	-43.541184	37.480397
08979		6.912180	-5.996090	0.105883	0.423130	0.127753	0.657648	-88.327259	-43.162279	37.397366
08980		6.899307	-6.242076	0.422398	0.246742	0.107666	0.630011	-88.142033	-42.799795	37.332264
08981		6.889734	-6.360104	0.515765	0.071862	0.077246	0.634891	-88.074188	-42.434496	37.292252
08982		6.922298	-6.508840	0.082577	-0.004690	0.070683	0.651656	-88.054705	-42.060269	37.258511
08983		7.067488	-6.729070	-0.083100	0.050250	0.100695	0.675381	-87.989125	-41.671277	37.202756
08984		7.214896	-6.729201	-0.030219	0.176817	0.134423	0.692632	-87.835661	-41.272266	37.123203
08985		7.430892	-6.539321	0.264234	0.267378	0.137094	0.688061	-87.630496	-40.874986	37.043466
08986		7.668268	-6.381800	0.295624	0.339559	0.115539	0.677306	-87.396607	-40.484923	36.982295
08987		8.057719	-6.002648	0.226795	0.398815	0.081121	0.672761	-87.147079	-40.097454	36.949133
08988		8.103322	-5.608469	0.396280	0.253358	0.059976	0.697403	-86.993273	-39.697365	36.934817
08989		7.836273	-5.630826	0.434277	0.115683	0.017205	0.742448	-86.940143	-39.271834	36.954837
08990		7.594534	-5.392152	1.051699	-0.105377	-0.043864	0.804302	-87.043375	-38.813940	37.022024
08991		7.659702	-5.650001	1.156603	-0.296666	-0.093916	0.863053	-87.278381	-38.322495	37.125650
08992		8.412055	-6.520654	0.475552	-0.297243	-0.097928	0.894392	-87.513527	-37.814331	37.230025
08993		9.168316	-7.148590	-1.116386	-0.433085	0.051770	0.870135	-87.757256	-37.314735	37.222097
08994		8.395618	-7.490250	-2.536537	-0.586095	0.273801	0.727338	-87.988884	-36.893923	37.048533
08995		7.246949	-7.077692	-1.508937	-0.509432	0.304626	0.553730	-88.161041	-36.570706	36.847643
08996		6.803508	-7.078658	0.182864	-0.413872	0.246365	0.432080	-88.302541	-36.320533	36.685508
08997		6.752751	-7.587376	0.956594	-0.379644	0.171026	0.363307	-88.455102	-36.109401	36.574845
08998		6.959434	-8.051287	0.437221	-0.504120	0.091179	0.329954	-88.712201	-35.920833	36.519753
08999		7.148043	-8.299998	-0.269428	-0.507899	0.067395	0.311904	-88.980355	-35.741078	36.479997
09000		6.973236	-8.162086	-0.513897	-0.374609	0.045361	0.268818	-89.180920	-35.588432	36.454734
09001		6.757145	-8.313107	-0.315900	-0.182588	0.099238	0.235149	-89.248672	-35.452612	36.390558
09002		6.514781	-8.533464	-0.169151	0.080577	0.245185	0.245203	-89.107018	-35.311957	36.224448
09003		6.532717	-8.482323	-0.811737	0.208340	0.307082	0.267269	-88.867690	-35.155425	36.015788
09004		6.674096	-8.243495	-1.478749	0.261866	0.192701	0.273843	-88.645409	-34.998056	35.888798
09005		6.614861	-8.049644	-1.453256	0.336166	0.001597	0.268520	-88.457238	-34.843940	35.895815
09006		6.480200	-7.688907	-1.510309	0.364120	-0.166388	0.252376	-88.320661	-34.704054	36.020630
09007		6.441032	-7.258787	-1.337775	0.518898	-0.341346	0.186034	-88.163084	-34.603238	36.265625
09008		6.853211	-6.602830	0.218466	0.608012	-0.423583	0.082095	-87.986309	-34.566466	36.566152
09009		6.821681	-5.839780	1.192380	0.550160	-0.375953	-0.110198	-87.820345	-34.637184	36.828243
09010		6.565543	-5.472284	1.815181	0.410051	-0.275033	-0.356605	-87.692304	-34.849808	37.014101
09011		6.409664	-5.790180	1.752850	0.262113	-0.163432	-0.646529	-87.599429	-35.223529	37.113183
09012		6.396113	-6.325551	0.954660	0.082162	0.018942	-0.952627	-87.531196	-35.770886	37.075266
09013		6.202079	-7.025410	0.267132	0.038962	0.136524	-1.230954	-87.431676	-36.471814	36.943601
09014		6.144279	-7.883823	0.002516	0.112498	0.123361	-1.417036	-87.289371	-37.282214	36.812520
09015		6.211013	-8.445541	-0.191660	0.275501	0.050705	-1.529736	-87.078345	-38.155978	36.724919
09016		6.292417	-8.351374	0.081229	0.483651	-0.026259	-1.590017	-86.777605	-39.069105	36.685734
09017		6.520639	-7.694899	0.853491	0.599560	-0.130317	-1.612818	-86.453287	-39.995779	36.715253
09018		6.783602	-6.893933	1.443113	0.605827	-0.185577	-1.652024	-86.148135	-40.949829	36.778649
09019		6.771591	-6.027234	2.022468	0.538073	-0.111806	-1.742029	-85.837557	-41.949807	36.774571
09020		6.297085	-5.329059	2.526496	0.314183	-0.001535	-1.905917	-85.587094	-43.041546	36.669240
09021		5.826589	-5.040215	2.707092	-0.024239	0.083396	-2.099903	-85.469177	-44.237171	36.477649
09022		5.662393	-4.385378	2.457329	-0.500637	0.122736	-2.297507	-85.587388	-45.546848	36.237940
09023		5.829682	-3.951218	2.415989	-1.063012	0.130113	-2.460814	-86.014312	-46.947386	35.985180
09024		6.233266	-3.854256	2.464404	-1.517142	0.107862	-2.595310	-86.715678	-48.430297	35.757564
09025		6.815474	-4.283904	2.152170	-1.716957	0.083214	-2.711971	-87.558013	-49.979581	35.570155
09026		7.268209	-5.065673	1.528798	-1.813330	0.113885	-2.803321	-88.451971	-51.585352	35.382573
09027		7.441728	-5.991400	0.481284	-1.875517	0.165785	-2.912863	-89.365962	-53.251859	35.179312
09028		7.816485	-7.082459	-0.435647	-1.766463	0.232158	-3.031357	-90.188461	-54.990915	34.944946
09029		7.948114	-7.745691	-0.688172	-1.393344	0.327575	-3.123520	-90.735586	-56.781624	34.640983
09030		7.711946	-8.000204	-0.274565	-0.940200	0.396678	-3.192792	-90.961775	-58.616660	34.270945
09031		7.369689	-7.664385	0.157341	-0.493621	0.371072	-3.242827	-90.940613	-60.477536	33.917841
09032		7.323828	-7.000415	0.338278	-0.166993	0.303389	-3.294609	-90.773644	-62.369832	33.618481
09033		7.519898	-6.233522	0.433256	0.045703	0.254533	-3.359359	-90.505792	-64.295725	33.347617
09034		7.695294	-5.493602	0.298029	0.171117	0.262138	-3.411355	-90.109617	-66.253061	33.019152
09035		7.857010	-4.840579	0.005507	0.185881	0.268048	-3.440969	-89.633519	-68.223899	32.617957
09036		8.063930	-4.171671	0.075167	0.136499	0.250386	-3.440595	-89.127521	-70.195412	32.160136
09037		8.257038	-3.680184	0.396612	0.044560	0.229348	-3.420065	-88.611777	-72.151705	31.641847
09038		8.474751	-3.256800	0.775054	-0.012473	0.204541	-3.401235	-88.053337	-74.098041	31.050567
09039		8.656609	-3.135290	0.660149	-0.164290	0.198248	-3.379767	-87.447881	-76.028341	30.326172
09040		8.848899	-3.506740	0.246964	-0.268792	0.227258	-3.367883	-86.615989	-77.950476	29.314081
09041		9.011768	-4.010769	-0.285854	-0.239386	0.276688	-3.356546	-85.267306	-79.857594	27.799705
09042		9.016992	-4.303744	-0.510177	-0.108822	0.308569	-3.351797	-83.048092	-81.752085	25.488383
09043		9.096439	-4.288415	-0.669666	0.103106	0.309393	-3.339009	-79.367936	-83.616630	21.837667
09044		9.270550	-4.282305	-0.451337	0.337082	0.345675	-3.353361	-72.275484	-85.435873	14.907306
09045		9.449479	-3.789191	-0.379706	0.485746	0.379562	-3.372961	-56.085489	-87.097712	-1.036519
09046		9.559878	-3.055697	-0.589827	0.487521	0.387376	-3.365359	-14.339744	-88.095227	-42.535303
09047		9.539288	-2.443956	-0.377361	0.528944	0.365413	-3.323506	35.122002	-87.494108	-91.725908
09048		9.583868	-1.509412	0.328733	0.551090	0.333861	-3.253469	56.134125	-86.004937	-112.453614
09049		9.687452	-0.644841	0.620065	0.419691	0.297370	-3.141712	65.115464	-84.349571	-121.224915
09050		10.048779	0.199107	0.439032	0.203577	0.290898	-2.988224	69.695505	-82.704203	-125.716925
09051		10.395769	0.960542	-0.121049	-0.138826	0.335214	-2.814032	72.071906	-81.118771	-128.197732
09052		10.747041	1.263585	-0.324744	-0.455697	0.377180	-2.617894	73.244144	-79.622978	-129.651923
09053		11.177885	1.317492	-0.009679	-0.679989	0.411245	-2.379027	73.695411	-78.250289	-130.509104
09054		11.258146	1.112272	0.104907	-0.866494	0.464141	-2.092415	73.586269	-77.025600	-130.906094
09055		10.722095	0.456522	0.345621	-0.933012	0.472776	-1.810583	73.214915	-75.955199	-131.074404
09056		9.986396	-0.198012	0.686855	-0.941524	0.436258	-1.537610	72.757099	-75.040385	-131.159215
09057		9.259837	-0.693510	1.070130	-0.953695	0.343049	-1.275712	72.335175	-74.285332	-131.288760
09058		8.708735	-1.197623	0.726188	-0.895662	0.258485	-1.013949	71.959120	-73.688017	-131.431933
09059		8.141715	-1.157728	0.021571	-0.760514	0.183286	-0.721066	71.630262	-73.263956	-131.543863
09060		8.207796	-1.468534	-0.427349	-0.446646	0.008126	-0.388344	71.598620	-73.052774	-131.778716
09061		8.734478	-1.313467	-0.844453	0.021752	-0.122002	-0.031287	71.855242	-73.058879	-132.034396
09062		9.228755	-0.192185	-1.414510	0.189447	-0.247285	0.334002	72.221441	-73.286437	-132.304086
09063		10.050567	1.334469	-2.783839	0.146265	-0.403582	0.598645	72.708487	-73.684346	-132.725115
09064		10.588095	2.839627	-1.631500	0.442466	-0.575234	0.672485	73.678406	-74.150565	-133.471093
09065		10.883279	4.022861	-0.476728	0.486685	-0.654789	0.457678	75.001287	-74.505439	-134.555865
09066		11.794182	2.965254	1.087581	1.273633	-0.652238	0.146018	76.983222	-74.679012	-135.855047
09067		12.133508	4.558688	3.320374	1.400456	-0.408811	0.067179	78.603213	-74.767097	-136.703020
09068		11.098336	4.303245	2.482497	0.712614	-0.237927	0.139425	79.458645	-74.873159	-137.166679
09069		10.168286	4.350890	3.103992	0.550253	-0.317217	0.333371	80.325476	-75.093942	-137.738175
09070		10.178220	4.585437	2.286635	-0.047373	-0.494913	0.555317	81.178261	-75.454984	-138.648418
09071		10.684476	4.228965	1.759533	-0.370484	-0.483915	0.647976	81.834232	-75.863904	-139.545015
09072		10.636372	3.967348	2.240418	-0.642755	-0.304835	0.624218	81.969092	-76.243766	-140.063913
09073		10.222808	2.666221	2.033237	-1.084025	-0.124259	0.549028	81.462595	-76.566066	-140.182255
09074		9.839627	1.489693	1.564103	-1.303271	-0.096093	0.484400	80.774196	-76.849880	-140.242727
09075		9.806656	0.428707	0.661322	-1.329268	-0.127415	0.461279	80.145695	-77.123430	-140.379784
09076		9.808629	-0.040844	-0.082143	-1.199062	-0.194428	0.492949	79.735293	-77.422262	-140.663932
09077		10.045250	-0.562033	-0.776109	-0.918235	-0.286283	0.538117	79.704216	-77.755754	-141.171240
09078		10.127296	-0.369049	-1.349058	-0.525659	-0.361732	0.562753	80.103351	-78.111082	-141.887919
09079		10.040107	-0.042908	-1.692666	-0.210978	-0.371377	0.552037	80.753168	-78.459179	-142.675438
09080		9.758101	0.190977	-1.534174	0.135763	-0.373833	0.504448	81.675143	-78.779296	-143.537033
09081		9.376744	0.239828	-1.426537	0.428872	-0.388853	0.472986	82.876402	-79.078523	-144.511110
09082		9.160292	0.462002	-1.119947	0.655738	-0.458242	0.478583	84.479121	-79.381826	-145.760528
09083		9.391999	1.063263	-0.735207	0.736626	-0.508204	0.494639	86.364528	-79.688175	-147.249051
09084		9.823740	1.902428	-0.228826	0.689750	-0.498820	0.493921	88.294683	-79.985964	-148.808836
09085		10.243211	2.639403	0.114214	0.545522	-0.439057	0.487169	90.044839	-80.269130	-150.268459
09086		10.253682	2.902764	0.114089	0.336002	-0.362105	0.489066	91.504875	-80.548053	-151.554303
09087		10.014820	2.808239	0.220906	0.148009	-0.316321	0.493916	92.774990	-80.824353	-152.755871
09088		9.839933	2.506056	0.139489	-0.089727	-0.286336	0.509510	93.879015	-81.107545	-153.926174
09089		9.859089	2.192176	0.220603	-0.291397	-0.263486	0.520655	94.855444	-81.393659	-155.083447
09090		9.855401	1.941428	0.202212	-0.474467	-0.250718	0.538177	95.757272	-81.688489	-156.270393
09091		9.857068	1.336182	-0.093344	-0.575572	-0.222085	0.543422	96.561334	-81.984472	-157.416262
09092		9.752489	0.904869	-0.355357	-0.520508	-0.227711	0.548207	97.500289	-82.281207	-158.665564
09093		9.660597	0.511260	-0.638490	-0.366528	-0.245216	0.553007	98.693036	-82.575098	-160.081076
09094		9.520714	0.435218	-0.806876	-0.214458	-0.251841	0.553242	100.114299	-82.865143	-161.638110
09095		9.326674	0.770368	-0.814876	-0.138046	-0.266182	0.550737	101.766201	-83.145874	-163.382503
09096		9.294215	0.891860	-0.536150	-0.119647	-0.269367	0.541065	103.580477	-83.415231	-165.278681
09097		9.420652	0.940364	-0.576320	-0.093682	-0.260542	0.533456	105.506276	-83.673291	-167.271205
09098		9.408788	0.442034	-0.539241	0.012228	-0.295027	0.536236	107.844719	-83.919651	-169.616688
09099		9.677860	0.301001	-0.629325	0.157113	-0.325192	0.522151	110.584668	-84.140323	-172.281482
09100		9.870850	0.259325	-0.285866	0.273297	-0.282623	0.530052	113.396101	-84.361576	-174.950049
09101		9.765593	0.137533	-0.252308	0.252885	-0.278694	0.535789	116.397590	-84.572035	-177.820431
09102		9.614408	-0.049755	-0.376681	0.275792	-0.293831	0.536139	119.732808	-84.763899	178.988266
09103		9.806492	-0.334967	-0.211895	0.322001	-0.291782	0.533460	123.299718	-84.936007	175.591728
09104		10.089090	-0.569950	-0.079931	0.450491	-0.274195	0.566672	127.223165	-85.110104	171.912235
09105		10.225770	-0.525286	-0.445137	0.474010	-0.263362	0.592839	131.471740	-85.275729	167.920803
09106		9.994204	-0.116898	-0.698679	0.522480	-0.263089	0.587548	136.009467	-85.414030	163.668131
09107		9.709272	0.427067	-0.800391	0.471651	-0.243807	0.545889	140.421005	-85.516521	159.513415
09108		9.575762	0.924923	-0.590051	0.379361	-0.213145	0.495367	144.532628	-85.591301	155.607123
09109		9.595976	1.005457	-0.590009	0.154884	-0.185406	0.474323	148.370000	-85.650881	151.847104
09110		9.537664	0.565105	-0.802391	-0.037916	-0.161645	0.464760	152.053468	-85.701085	148.131058
09111		9.530469	0.009885	-0.994384	-0.122679	-0.157669	0.450274	155.627112	-85.731429	144.476500
09112		9.472468	-0.672525	-1.038505	-0.119122	-0.162298	0.425366	159.092149	-85.737299	140.933125
09113		9.511968	-1.005111	-1.033563	-0.007786	-0.177363	0.404770	162.482552	-85.715149	137.528377
09114		9.684476	-1.102472	-1.010801	0.150397	-0.214029	0.406639	166.018023	-85.657884	134.069024
09115		9.885024	-0.964148	-0.857399	0.275660	-0.212846	0.412312	169.541187	-85.586039	130.693537
09116		9.953782	-0.442815	-0.877015	0.352163	-0.206540	0.417150	173.036135	-85.502477	127.390144
09117		9.908752	0.071829	-0.917508	0.381385	-0.211292	0.420950	176.421365	-85.401322	124.213012
09118		9.740311	0.657360	-0.791763	0.336912	-0.198369	0.415136	179.609571	-85.292914	121.207709
09119		9.625859	0.996914	-0.518462	0.219761	-0.182899	0.396633	-177.556448	-85.181259	118.489840
09120		9.504266	1.031502	-0.526320	0.021043	-0.156216	0.379770	-175.044727	-85.074691	115.980872
09121		9.559975	0.708203	-0.644319	-0.162612	-0.145289	0.372984	-172.799557	-84.966472	113.633253
09122		9.724914	0.301578	-0.901952	-0.247681	-0.132944	0.382497	-170.614534	-84.856190	111.296862
09123		9.780754	-0.030573	-1.060677	-0.265455	-0.126954	0.396552	-168.459308	-84.740586	108.979580
09124		9.698778	-0.130827	-1.215669	-0.222140	-0.121055	0.390463	-166.392421	-84.620788	106.775675
09125		9.565418	-0.110739	-1.227944	-0.196403	-0.120364	0.381791	-164.468491	-84.496223	104.729575
09126		9.444604	-0.113985	-1.102340	-0.155949	-0.123860	0.375124	-162.642148	-84.363823	102.804542
09127		9.415664	-0.198574	-1.368508	-0.164356	-0.127455	0.362890	-160.992561	-84.226802	101.051687
09128		9.481532	-0.207804	-1.521817	-0.172419	-0.128355	0.357962	-159.443825	-84.084628	99.395306
09129		9.632133	-0.160128	-1.472455	-0.193188	-0.115740	0.346845	-158.023877	-83.948026	97.855862
09130		9.727314	-0.261436	-1.384384	-0.241687	-0.106876	0.339169	-156.706404	-83.813090	96.391323
09131		9.711417	-0.519144	-1.306855	-0.247360	-0.091100	0.327317	-155.483395	-83.686688	95.018004
09132		9.612526	-0.588751	-1.276791	-0.224010	-0.087394	0.320037	-154.314988	-83.559885	93.712931
09133		9.507930	-0.460235	-1.415691	-0.221527	-0.077240	0.296361	-153.284267	-83.442557	92.547374
09134		9.437387	-0.029295	-1.360980	-0.271568	-0.056735	0.274564	-152.360682	-83.338077	91.460726
09135		9.373993	0.213125	-1.292911	-0.432960	-0.030065	0.253472	-151.595826	-83.252023	90.440403
09136		9.411135	-0.240109	-1.367710	-0.562813	-0.033212	0.239058	-150.988250	-83.165830	89.503536
09137		9.648748	-0.892200	-1.431393	-0.542448	-0.044905	0.244200	-150.401382	-83.072315	88.598931
09138		9.865852	-1.332101	-1.383413	-0.404600	-0.050846	0.244352	-149.763269	-82.973494	87.722257
09139		9.759081	-1.267349	-1.346923	-0.321296	-0.038713	0.239488	-149.095273	-82.882036	86.863215
09140		9.680203	-1.262686	-1.137286	-0.356090	-0.040640	0.220342	-148.538991	-82.792946	86.096683
09141		9.811788	-1.442946	-0.902544	-0.307749	-0.052082	0.237222	-147.940565	-82.693484	85.315249
09142		10.141652	-1.855029	-0.911196	-0.151293	-0.068499	0.279278	-147.149313	-82.570666	84.429765
09143		10.125277	-1.742786	-1.029251	0.035363	-0.058274	0.296742	-146.197902	-82.446840	83.490175
09144		9.802899	-1.113057	-0.874784	0.162467	-0.041535	0.281774	-145.210384	-82.332350	82.587566
09145		9.506928	-0.514914	-0.927727	0.090084	-0.041836	0.271604	-144.333458	-82.220530	81.754274
09146		9.484151	-0.134469	-1.246118	-0.021901	-0.033087	0.278415	-143.494543	-82.107425	80.894553
09147		9.618819	-0.270626	-1.431422	-0.081805	-0.019676	0.291581	-142.643738	-81.995598	79.987745
09148		9.726743	-0.630315	-1.595545	-0.096572	-0.004192	0.296875	-141.765563	-81.885668	79.044684
09149		9.687260	-1.088905	-1.686046	-0.080664	0.005471	0.279945	-140.935502	-81.785547	78.159008
09150		9.577512	-1.412555	-1.633963	-0.033000	-0.007373	0.264897	-140.172432	-81.682049	77.368575
09151		9.531668	-1.556338	-1.519138	0.060595	-0.020055	0.261198	-139.422111	-81.574320	76.644840
09152		9.558646	-1.494856	-1.386771	0.163169	-0.010697	0.266307	-138.589896	-81.465748	75.897706
09153		9.478641	-1.113396	-1.504989	0.191529	0.005775	0.262241	-137.734839	-81.365683	75.143517
09154		9.418327	-0.654286	-1.462970	0.161223	0.002777	0.256446	-136.935446	-81.263405	74.428054
09155		9.424823	-0.381120	-1.239822	0.154214	0.001298	0.249261	-136.183936	-81.163483	73.756601
09156		9.517026	-0.256676	-0.810078	0.095739	0.001397	0.249077	-135.479090	-81.060803	73.098457
09157		9.613891	-0.586558	-0.574249	-0.015840	-0.015635	0.263260	-134.863511	-80.945890	72.465596
09158		9.839211	-0.692794	-0.595779	-0.063614	-0.002403	0.278394	-134.217269	-80.827530	71.773912
09159		9.867376	-0.489952	-0.677387	-0.148393	-0.005658	0.282859	-133.636157	-80.706372	71.098607
09160		10.100084	-0.469972	-1.094098	-0.160461	0.007860	0.278519	-133.052081	-80.589819	70.413210
09161		9.878201	-0.439510	-0.792930	-0.149318	0.052742	0.262993	-132.401684	-80.497484	69.666695
09162		9.633538	-0.855514	-0.673531	-0.249374	0.059926	0.235888	-131.863300	-80.416810	68.975577
09163		9.522853	-1.174514	-0.861766	-0.365606	0.043011	0.239185	-131.438497	-80.328675	68.331810
09164		9.574767	-1.183090	-0.974939	-0.395540	0.012057	0.252029	-131.088787	-80.221276	67.746769
09165		9.701981	-1.091744	-1.299933	-0.406659	-0.002747	0.261265	-130.774153	-80.105062	67.190538
09166		9.736761	-1.234809	-1.394034	-0.454799	0.050268	0.258851	-130.369540	-80.007759	66.514893
09167		9.646728	-1.453251	-1.272841	-0.448084	0.047438	0.248237	-130.001603	-79.914575	65.880083
09168		9.689254	-1.790863	-1.380642	-0.396582	0.037421	0.248640	-129.636423	-79.815514	65.277977
09169		9.716128	-2.046823	-1.546992	-0.282074	0.019988	0.250902	-129.254341	-79.709736	64.725054
09170		9.759138	-2.118734	-1.750715	-0.095405	0.038195	0.251713	-128.728606	-79.608001	64.134763
09171		9.666278	-1.873539	-1.392863	0.044675	0.065740	0.246048	-128.078302	-79.518917	63.499118
09172		9.557398	-1.631071	-1.063103	0.190498	0.030650	0.251940	-127.429552	-79.412093	62.949956
09173		9.654028	-1.184795	-0.960231	0.201595	0.006344	0.271123	-126.811096	-79.288460	62.437761
09174		9.633447	-1.048781	-0.797720	0.156717	0.004057	0.291947	-126.199275	-79.151999	61.906042
09175		9.466446	-0.816391	-0.737395	0.083164	-0.003741	0.301840	-125.645650	-79.008772	61.390307
09176		9.477756	-0.810693	-0.985477	-0.019645	-0.017026	0.305951	-125.188699	-78.856983	60.912903
09177		9.646089	-0.898140	-0.962346	-0.108870	-0.021194	0.310366	-124.797958	-78.702454	60.450525
09178		9.744519	-1.272061	-1.046732	-0.147224	-0.009624	0.317885	-124.401483	-78.546228	59.959723
09179		9.603438	-1.665987	-1.036951	-0.123802	-0.008671	0.325095	-123.990178	-78.387514	59.467118
09180		9.371188	-1.909636	-1.201480	-0.070075	-0.014489	0.338503	-123.553537	-78.218561	58.979871
09181		9.345283	-1.896225	-1.155729	-0.025942	-0.030697	0.348530	-123.126646	-78.040239	58.528033
09182		9.386505	-1.805638	-1.229971	0.023258	-0.037554	0.357533	-122.687226	-77.853458	58.091986
09183		9.514294	-1.611167	-1.197207	0.027920	-0.036225	0.355469	-122.258149	-77.668696	57.668867
09184		9.566096	-1.669371	-1.033232	0.008813	-0.019120	0.360879	-121.807875	-77.484525	57.212614
09185		9.475441	-1.768623	-1.104773	-0.005746	-0.022175	0.368072	-121.375804	-77.296472	56.766060
09186		9.419149	-1.816096	-1.137978	-0.031152	-0.012789	0.375379	-120.941769	-77.105610	56.302302
09187		9.297372	-1.887690	-1.173326	-0.005967	-0.017917	0.397046	-120.489885	-76.903062	55.834599
09188		9.343490	-1.905397	-1.344492	0.034379	-0.014820	0.410116	-120.007140	-76.692815	55.358614
09189		9.391493	-1.959615	-1.237518	0.052430	-0.011287	0.421335	-119.508007	-76.478340	54.875933
09190		9.502994	-1.982354	-1.186893	0.069402	-0.016836	0.420999	-119.026871	-76.260256	54.421394
09191		9.599401	-2.040491	-0.888799	0.058512	-0.008428	0.418123	-118.552010	-76.046322	53.966415
09192		9.447368	-2.388767	-0.623164	0.107082	0.003007	0.420874	-118.038298	-75.831918	53.499703
09193		9.338741	-2.391700	-0.763771	0.128088	-0.009891	0.423820	-117.549055	-75.612846	53.070160
09194		9.356301	-2.232812	-0.818765	0.172486	-0.006292	0.431436	-117.034068	-75.388668	52.639931
09195		9.457951	-1.927866	-0.962358	0.157580	-0.011717	0.441241	-116.542288	-75.158388	52.224367
09196		9.562840	-1.738306	-1.146051	0.128876	-0.000063	0.455087	-116.045838	-74.921828	51.786547
09197		9.476370	-1.764102	-1.138612	0.111059	0.013228	0.462202	-115.541876	-74.685156	51.329826
09198		9.313410	-1.823960	-1.246529	0.089880	0.005672	0.477579	-115.065788	-74.436491	50.888941
09199		9.298987	-1.967140	-1.300979	0.074530	-0.003989	0.499489	-114.611454	-74.174324	50.460932
09200		9.378945	-2.075535	-1.311758	0.077728	-0.016694	0.508060	-114.186440	-73.902680	50.064780
09201		9.480479	-2.078782	-1.295698	0.108318	-0.014692	0.499587	-113.759889	-73.636252	49.684723
09202		9.505264	-2.257183	-1.256400	0.067114	-0.021825	0.500420	-113.382460	-73.365938	49.330757
09203		9.552172	-2.405166	-1.091564	0.075572	-0.014537	0.501758	-112.997266	-73.096974	48.973240
09204		9.488160	-2.841190	-0.620548	0.292866	0.055487	0.513893	-112.372394	-72.835129	48.494752
09205		9.323107	-2.486841	-2.283283	-0.193919	-0.146566	0.533816	-112.367469	-72.518942	48.372765
09206		9.437362	-2.622020	-0.356175	0.156424	0.043039	0.538985	-111.849160	-72.239691	47.922516
09207		9.505481	-2.326515	-1.371606	0.012188	-0.074204	0.530937	-111.623757	-71.940008	47.692531
09208		9.484451	-2.069867	-1.287092	-0.046066	-0.007771	0.545212	-111.323993	-71.645338	47.348714
09209		9.533644	-2.300691	-1.267697	-0.036410	-0.017713	0.550284	-111.040473	-71.346343	47.027294
09210		9.620167	-2.236918	-1.385869	-0.081601	-0.042818	0.558630	-110.827562	-71.036395	46.752489
09211		9.771890	-2.409198	-1.230480	-0.070253	-0.038741	0.570391	-110.601795	-70.721540	46.470492
09212		9.780156	-2.543209	-1.449232	0.029953	-0.040426	0.598878	-110.315084	-70.389819	46.184123
09213		9.682147	-2.095885	-1.904375	0.073898	-0.022744	0.626778	-109.970227	-70.046882	45.862189
09214		9.989872	-1.416690	-2.002237	0.003589	-0.015381	0.655563	-109.652231	-69.688491	45.525139
09215		10.441317	-0.804740	-1.364826	0.000264	-0.022752	0.690106	-109.339099	-69.310141	45.190547
09216		10.412646	-1.289719	-0.735340	-0.020658	-0.007744	0.724537	-109.013399	-68.914825	44.828658
09217		9.766763	-1.984334	-0.821164	-0.107174	0.014503	0.746616	-108.706555	-68.511458	44.432992
09218		9.490199	-2.390306	-0.592968	-0.175707	0.005163	0.779136	-108.451340	-68.087741	44.049318
09219		9.762487	-2.533407	-0.569873	-0.098264	-0.047535	0.807602	-108.219974	-67.638726	43.738305
09220		10.120003	-2.536159	-0.827134	-0.090597	-0.035152	0.825846	-107.972812	-67.181357	43.413726
09221		10.036695	-2.996397	-0.884009	-0.225234	0.023031	0.837964	-107.732703	-66.727207	43.012095
09222		9.629285	-3.252400	-1.322481	-0.241984	0.023894	0.847792	-107.511047	-66.267218	42.618524
09223		9.196427	-3.566731	-1.895909	-0.294303	0.028613	0.846551	-107.323925	-65.808149	42.228767
09224		8.880353	-3.974969	-1.934716	-0.328098	0.008933	0.839238	-107.194643	-65.349358	41.879612
09225		8.971383	-4.779650	-1.933905	-0.271490	-0.001423	0.833223	-107.054656	-64.891718	41.553376
09226		9.121754	-5.310506	-1.902207	-0.073467	-0.018171	0.818474	-106.836633	-64.438938	41.264835
09227		9.256997	-5.490794	-1.677555	0.099998	-0.017154	0.796181	-106.533375	-63.998000	40.991215
09228		9.284543	-5.011249	-1.185493	0.303814	-0.028089	0.779764	-106.142804	-63.563494	40.749124
09229		9.281181	-4.447462	-0.776006	0.392745	-0.011597	0.772199	-105.694251	-63.135091	40.498556
09230		9.145884	-4.047717	-0.386315	0.439409	0.002002	0.769260	-105.217603	-62.709362	40.245226
09231		8.989911	-3.870188	-0.288274	0.452013	0.007400	0.768964	-104.737432	-62.283775	39.995384
09232		8.792933	-3.736185	-0.372028	0.393939	0.014422	0.772408	-104.294063	-61.856318	39.748284
09233		8.657033	-3.710050	-0.464079	0.322736	0.040678	0.780234	-103.870978	-61.427356	39.477157
09234		8.568424	-3.907014	-0.569976	0.292134	0.048535	0.787945	-103.466640	-60.994293	39.206040
09235		8.451535	-4.170775	-0.907348	0.255298	0.067049	0.797319	-103.071195	-60.557486	38.920048
09236		8.306691	-4.398632	-1.006526	0.240780	0.090478	0.790927	-102.673317	-60.126394	38.620199
09237		8.240749	-4.450637	-1.108156	0.230304	0.084294	0.793211	-102.295394	-59.692150	38.335433
09238		8.161843	-4.318747	-0.902372	0.278634	0.067079	0.805006	-101.913990	-59.248429	38.077222
09239		8.163013	-3.911477	-1.139572	0.424551	0.015328	0.818584	-101.502712	-58.790038	37.880745
09240		8.484317	-4.100431	-1.392244	0.258207	0.012280	0.824394	-101.197266	-58.327612	37.695348
09241		8.522941	-4.039375	-0.887582	0.255825	0.028207	0.834369	-100.882847	-57.860608	37.497142
09242		8.619123	-4.048085	-1.174788	0.305076	-0.012949	0.849737	-100.582277	-57.380302	37.347388
09243		8.655149	-3.975249	-1.122208	0.303160	-0.004537	0.860384	-100.278920	-56.894156	37.192526
09244		8.458184	-4.074158	-0.907022	0.276643	0.013534	0.881932	-99.979417	-56.397663	37.022855
09245		8.242518	-4.217256	-0.769108	0.252035	-0.007902	0.898281	-99.714856	-55.888963	36.877659
09246		8.202848	-4.284529	-0.719469	0.234748	-0.039024	0.922326	-99.489167	-55.363907	36.766278
09247		8.301446	-4.354152	-0.727650	0.226213	-0.056750	0.943474	-99.283436	-54.824461	36.672947
09248		8.313587	-4.373338	-0.664120	0.213013	-0.061852	0.956052	-99.092932	-54.277913	36.587988
09249		8.216392	-4.609456	-0.378243	0.177569	-0.060517	0.968776	-98.922819	-53.723470	36.502954
09250		8.027133	-5.128107	-0.286362	0.173265	-0.069000	0.966396	-98.766449	-53.170272	36.430939
09251		7.891926	-5.584484	-0.396940	0.156602	-0.099768	0.962157	-98.645084	-52.615918	36.390739
09252		7.876133	-5.940972	-0.341755	0.203370	-0.110478	0.959678	-98.508201	-52.062834	36.364091
09253		7.852404	-5.991714	-0.211921	0.276774	-0.109083	0.980549	-98.327528	-51.497160	36.335434
09254		7.792674	-6.059738	-0.159789	0.348182	-0.089335	1.002113	-98.093566	-50.921658	36.290308
09255		7.602011	-6.026445	0.061308	0.376375	-0.083418	1.005656	-97.841965	-50.343654	36.243259
09256		7.381907	-6.102768	0.181458	0.361553	-0.086545	0.989028	-97.606764	-49.775590	36.205816
09257		7.177572	-6.330290	0.107831	0.315875	-0.081569	0.968097	-97.398815	-49.218837	36.169800
09258		6.982526	-6.688400	0.082308	0.260602	-0.083788	0.941470	-97.229260	-48.677838	36.142157
09259		6.734092	-7.129480	0.007348	0.234971	-0.087522	0.908762	-97.081084	-48.154260	36.123483
09260		6.504289	-7.634578	-0.152124	0.205702	-0.100876	0.887047	-96.961622	-47.642852	36.120588
09261		6.283414	-8.158248	-0.418891	0.279750	-0.103438	0.854521	-96.804878	-47.148982	36.124826
09262		6.091101	-8.563998	-0.356750	0.369410	-0.091506	0.791184	-96.595802	-46.692578	36.127679
09263		5.896300	-9.215997	-0.171184	0.435629	-0.106227	0.723516	-96.363902	-46.273141	36.151502
09264		5.727441	-9.912623	-0.135224	0.539859	-0.138783	0.633964	-96.098999	-45.903117	36.212542
09265		5.566206	-10.347546	-0.256485	0.686227	-0.147353	0.540564	-95.762372	-45.585685	36.290913
09266		5.365442	-10.599660	-0.541191	0.801799	-0.135337	0.449465	-95.359101	-45.321222	36.369148
09267		5.184576	-10.681739	-0.432848	0.913005	-0.104059	0.355575	-94.880673	-45.112378	36.431511
09268		4.955140	-10.334466	-0.412868	0.982089	-0.101938	0.257027	-94.367342	-44.959870	36.500826
09269		5.098707	-9.514251	-0.533740	1.064486	-0.112979	0.182368	-93.817508	-44.850469	36.585324
09270		5.649784	-8.442156	-0.740574	1.176063	-0.083885	0.148131	-93.189079	-44.761485	36.649345
09271		5.990401	-7.352457	-0.635570	1.110924	-0.036937	0.095353	-92.573932	-44.705356	36.679103
09272		6.389099	-6.440730	-0.199719	0.858582	0.006685	0.044491	-92.080136	-44.678612	36.676024
09273		6.651735	-5.693684	-0.054273	0.562209	0.018038	0.014983	-91.750666	-44.669923	36.664972
09274		7.148394	-5.283312	-0.285105	0.286491	0.053698	0.019980	-91.558732	-44.658018	36.625022
09275		7.495970	-5.167690	-0.304910	0.016594	0.109110	0.048733	-91.489916	-44.631333	36.540022
09276		7.449460	-5.438377	-0.362586	-0.187383	0.162339	0.073372	-91.507426	-44.590570	36.411631
09277		7.322792	-5.781615	-0.665807	-0.264893	0.190758	0.072798	-91.553609	-44.551358	36.260574
09278		7.137972	-5.943517	-0.630453	-0.327896	0.215496	0.075494	-91.621894	-44.510512	36.089559
09279		7.016521	-6.125403	-0.985703	-0.352226	0.194585	0.079634	-91.716060	-44.467709	35.935349
09280		7.074230	-6.144819	-1.255399	-0.235096	0.235601	0.074659	-91.720254	-44.428056	35.748415
09281		7.006161	-5.998591	-0.926537	-0.184530	0.258519	0.070143	-91.682901	-44.391838	35.543348
09282		7.209274	-5.645993	-0.789825	-0.251176	0.201736	0.091820	-91.715518	-44.341824	35.383519
09283		7.574282	-5.206143	-0.266028	-0.440131	0.149405	0.136869	-91.884898	-44.265682	35.264374
09284		7.693720	-5.452883	-0.475263	-0.626971	0.147416	0.236949	-92.160662	-44.132279	35.143940
09285		7.393852	-5.860592	-0.686578	-0.813353	0.165798	0.299535	-92.531157	-43.964216	35.005942
09286		6.821845	-6.409549	-0.526214	-0.846295	0.164432	0.307440	-92.920798	-43.792167	34.867760
09287		6.371468	-7.129162	-0.561040	-0.710145	0.121967	0.270264	-93.256031	-43.640797	34.763472
09288		6.443149	-7.664463	-0.870745	-0.568986	-0.000527	0.227205	-93.578229	-43.510227	34.757164
09289		6.722756	-8.006706	-1.106324	-0.186696	-0.076069	0.198542	-93.722564	-43.393389	34.810880
09290		6.878961	-7.618336	-0.997322	0.149095	-0.199176	0.197232	-93.740973	-43.272505	34.961351
09291		7.236585	-7.237743	-1.020604	0.207191	-0.240455	0.223517	-93.746521	-43.135174	35.142243
09292		7.526503	-6.917383	-0.605371	0.397556	-0.246665	0.241855	-93.645574	-42.987091	35.327110
09293		7.704219	-6.182629	-0.309062	0.620718	-0.294961	0.257129	-93.441225	-42.829071	35.548716
09294		8.061800	-5.477936	-0.148300	0.687823	-0.288334	0.274573	-93.194510	-42.661903	35.764938
09295		8.290496	-5.079786	0.335735	0.652555	-0.267804	0.303344	-92.955753	-42.479608	35.964062
09296		8.496358	-4.597736	0.682261	0.602058	-0.241687	0.331352	-92.731684	-42.282856	36.142511
09297		8.583146	-4.272647	0.649656	0.553636	-0.226691	0.397525	-92.525435	-42.048885	36.307180
09298		8.604725	-3.704207	0.409511	0.587195	-0.201085	0.513439	-92.284308	-41.750250	36.449078
09299		8.714499	-3.405433	0.667538	0.542646	-0.244253	0.649821	-92.087658	-41.372395	36.620677
09300		9.204917	-3.443299	0.618079	0.571458	-0.230891	0.757145	-91.865661	-40.934860	36.780094
09301		9.598567	-3.455821	0.488747	0.647886	-0.168422	0.840129	-91.567784	-40.450382	36.891926
09302		9.922085	-3.701455	0.273197	0.686044	-0.101496	0.896193	-91.216070	-39.936772	36.955265
09303		9.933200	-3.842077	0.066300	0.653573	-0.014133	0.904291	-90.843304	-39.418179	36.957278
09304		9.587258	-3.988680	0.068194	0.609084	0.018891	0.886492	-90.483385	-38.912137	36.939197
09305		9.322936	-4.366092	0.037633	0.519840	0.064441	0.826179	-90.156506	-38.438608	36.892065
09306		8.721213	-4.778439	-0.275065	0.421828	0.062755	0.756713	-89.888943	-38.007310	36.849464
09307		7.977302	-4.919060	-0.687384	0.254781	-0.085140	0.649631	-89.784230	-37.634886	36.916071
09308		8.153594	-5.024471	-0.841153	0.138500	-0.190281	0.532916	-89.791947	-37.332590	37.058267
09309		8.496762	-4.898846	0.239409	0.201446	-0.079607	0.504074	-89.714602	-37.043625	37.120562
09310		8.437815	-6.035829	0.251018	-0.005514	0.080353	0.546028	-89.687040	-36.733553	37.068413
09311		8.364255	-8.103480	0.005952	-0.048314	0.264771	0.573478	-89.606171	-36.403699	36.885508
09312		8.331719	-8.003738	-1.110221	-0.381138	0.226413	0.686806	-89.733754	-36.012714	36.730850
09313		8.054050	-8.406588	-2.350185	-0.524481	-0.058468	0.827783	-90.061431	-35.538134	36.776602
09314		7.672659	-8.578268	-2.020728	-0.118716	-0.312161	0.863926	-90.257762	-35.046060	36.997444
09315		6.563096	-7.575478	-2.008755	-0.128746	-0.526145	0.745241	-90.541565	-34.616593	37.364437
09316		6.322745	-7.296727	-3.892708	-0.144291	-0.607779	0.469200	-90.864066	-34.346998	37.786413
09317		6.838715	-6.128964	-2.372702	0.338600	-0.465600	0.077660	-90.854028	-34.298105	38.111931
09318		6.886009	-5.264217	0.374608	0.618750	-0.195897	-0.301168	-90.581171	-34.472873	38.254365
09319		6.308475	-4.823913	2.122470	0.704903	-0.084235	-0.713169	-90.214981	-34.880762	38.319870
09320		5.926046	-3.577839	2.359242	-0.103131	0.020999	-1.195189	-90.270910	-35.569506	38.312450
09321		5.390201	-4.167395	1.706428	-1.602604	0.411125	-1.808942	-91.028473	-36.608157	38.038948
09322		5.186491	-7.693629	-0.632574	-1.537648	0.420412	-2.294778	-91.753682	-37.932500	37.780108
09323		6.664968	-8.072118	-1.799072	-0.201111	0.163882	-2.564812	-91.833245	-39.403800	37.722345
09324		8.250218	-7.612546	-2.448137	0.273070	-0.036010	-2.605653	-91.736911	-40.899376	37.814077
09325		9.423742	-7.655338	-1.386866	0.425306	-0.061544	-2.516032	-91.564300	-42.338901	37.920460
09326		9.557552	-8.748523	0.984937	0.462117	0.053521	-2.501955	-91.308496	-43.776911	37.932003
09327		9.062670	-9.004092	1.936153	0.505131	0.249242	-2.640684	-90.910544	-45.291978	37.776687
09328		8.124261	-8.357174	2.114240	0.383784	0.492665	-2.862618	-90.421061	-46.939569	37.401389
09329		7.573171	-7.416091	2.985396	0.369433	0.562786	-3.059184	-89.861782	-48.692787	36.931786
09330		7.589422	-4.889520	2.020178	-0.131088	0.462952	-3.108780	-89.619892	-50.477012	36.514536
09331		9.029973	-4.240138	0.533184	-0.906223	0.261891	-3.036103	-89.947212	-52.215639	36.268232
09332		10.053721	-4.825701	1.116231	-0.932344	0.294140	-2.906166	-90.265609	-53.885435	35.997411
09333		9.513105	-4.810579	-0.700034	-1.450579	0.307504	-2.833568	-90.875122	-55.510225	35.725312
09334		8.925969	-6.300785	-0.933235	-1.291369	0.336857	-2.807352	-91.377412	-57.126698	35.439022
09335		8.368158	-7.288235	-0.644128	-1.021537	0.302901	-2.779508	-91.760310	-58.722953	35.199641
09336		8.227942	-8.161760	-1.537226	-0.928657	0.300459	-2.767482	-92.095769	-60.317816	34.970765
09337		7.998805	-8.784091	-1.060247	-0.461345	0.340133	-2.750226	-92.117572	-61.899219	34.693286
09338		7.516520	-8.580482	-0.563762	-0.096472	0.344656	-2.751659	-91.903558	-63.485687	34.389547
09339		6.774437	-8.016228	-0.782395	0.162510	0.299723	-2.753887	-91.559237	-65.067577	34.110268
09340		6.228780	-7.202462	-0.962267	0.392328	0.154123	-2.769580	-91.230300	-66.659571	33.995504
09341		6.186104	-6.303591	-0.413651	0.644695	-0.018296	-2.796820	-90.967276	-68.261120	34.110217
09342		6.427644	-4.969554	0.294515	0.699600	-0.125245	-2.851164	-90.829067	-69.896446	34.390734
09343		6.582662	-3.895110	0.365405	0.428555	-0.096974	-2.962331	-90.820855	-71.592364	34.641675
09344		6.582353	-3.357563	0.557128	0.097134	-0.028233	-3.098291	-90.910932	-73.369933	34.793855
09345		6.615230	-2.846305	0.562141	-0.216061	-0.049976	-3.200427	-91.270842	-75.202356	35.038658
09346		6.952252	-2.658183	-0.048055	-0.526147	-0.122875	-3.240441	-92.089724	-77.058795	35.570920
09347		7.469019	-2.826138	-0.578786	-0.783626	-0.161188	-3.249996	-93.405088	-78.913896	36.456112
09348		7.757145	-3.619936	-0.510238	-0.922077	-0.118275	-3.278530	-95.106276	-80.784626	37.646829
09349		7.736049	-4.455429	-0.200983	-0.926717	-0.066025	-3.311806	-97.328253	-82.666437	39.354915
09350		7.698677	-5.252236	-0.586217	-0.909165	-0.004222	-3.320441	-100.534630	-84.547809	42.056177
09351		7.916132	-6.141695	-1.314576	-0.742622	0.061512	-3.303502	-106.061647	-86.398780	47.172516
09352		8.150872	-6.786540	-1.387483	-0.301982	0.110723	-3.258051	-120.677731	-88.151942	61.629509
09353		8.431113	-6.971919	-1.102058	0.225582	0.141710	-3.220534	163.641778	-89.100737	137.452900
09354		8.420877	-6.429793	-1.098479	0.633792	0.203880	-3.225144	109.839786	-87.770813	-168.368243
09355		8.111906	-5.302724	-0.977793	0.874015	0.206842	-3.240978	99.601714	-85.996788	-157.615248
09356		8.003286	-3.773077	-0.417844	1.093447	0.131931	-3.239041	96.390516	-84.167773	-153.764239
09357		8.185246	-1.718970	-0.505512	1.133836	-0.000109	-3.185869	95.468232	-82.352073	-152.181945
09358		9.937056	0.754982	-1.372874	0.823073	-0.120382	-3.068551	95.315752	-80.595005	-151.551320
09359		11.646728	1.405025	-1.065940	0.653218	-0.104813	-2.839287	95.209067	-78.969654	-151.063070
09360		12.607192	2.881627	0.363230	0.526901	-0.009354	-2.517736	94.938079	-77.532154	-150.478289
09361		12.068749	2.687853	-0.605766	-0.115541	0.153312	-2.203713	94.080141	-76.280443	-149.665903
09362		10.860551	2.031610	-0.576780	-0.259652	0.204758	-1.957207	93.203273	-75.168706	-148.914965
09363		10.362157	1.596521	-0.214557	-0.365595	0.156634	-1.734309	92.496171	-74.180923	-148.399448
09364		9.710479	0.993000	1.055037	-0.332977	0.129938	-1.496483	91.946585	-73.327174	-148.026028
09365		8.908545	0.356065	2.228793	-0.229130	0.101243	-1.193784	91.565972	-72.645558	-147.765733
09366		8.609416	0.480470	1.715941	-0.518080	0.021568	-0.733979	91.207028	-72.225857	-147.700941
09367		8.714896	1.317753	0.093774	-0.556160	-0.149411	-0.168973	91.156583	-72.127599	-147.983118
09368		9.944389	3.363861	-0.492277	-0.362321	-0.411185	0.350486	91.707954	-72.323074	-148.780506
09369		11.551119	4.483710	0.607909	0.288445	-0.531978	0.747038	92.904133	-72.738749	-149.861696
09370		12.319837	6.535805	1.924861	0.484565	-0.609596	0.916788	94.440193	-73.241054	-151.178057
09371		12.509479	4.182693	0.445392	0.325468	-0.555409	0.704143	95.821989	-73.614552	-152.425607
09372		11.689409	5.132769	2.857301	0.662340	-0.284357	0.500151	96.874594	-73.881501	-153.127191
09373		10.488644	6.303192	4.145728	-0.723785	-0.133063	0.503142	96.853869	-74.158628	-153.537438
09374		10.492523	4.260544	4.134961	-1.454250	0.008742	0.505943	96.127157	-74.447150	-153.648712
09375		10.705121	2.351046	1.582539	-1.734580	0.123057	0.551161	94.999339	-74.768375	-153.510192
09376		11.184767	0.637009	-1.782775	-1.481647	-0.013157	0.690196	94.304446	-75.161930	-153.670433
09377		11.471859	0.560318	-3.500468	-1.105736	-0.100943	0.831286	94.035534	-75.632913	-154.047670
09378		11.374113	0.846521	-3.610722	-0.892618	-0.121817	0.956931	93.961985	-76.175286	-154.499772
09379		10.771634	0.767809	-2.105164	-0.770532	-0.142330	0.968174	94.029570	-76.723148	-155.023848
09380		9.919783	0.063500	-0.918996	-0.668212	-0.217761	0.898011	94.357806	-77.227648	-155.754218
09381		9.622111	-1.132699	-1.461879	-0.663156	-0.296493	0.813490	94.920174	-77.678627	-156.720027
09382		9.815325	-1.911155	-1.935093	-0.355104	-0.325522	0.799651	95.794427	-78.118099	-157.822668
09383		9.948195	-1.805378	-2.246418	0.013827	-0.364712	0.816506	97.075684	-78.559629	-159.123257
09384		9.732329	-1.886461	-1.597178	0.575832	-0.419535	0.786199	98.934597	-78.973222	-160.682437
09385		9.326422	-1.340021	-1.054516	0.972635	-0.485005	0.751131	101.330209	-79.347903	-162.554575
09386		9.325779	-0.589201	-0.747280	1.095590	-0.521641	0.703502	104.028163	-79.676658	-164.660228
09387		9.790562	0.355528	0.113906	1.241100	-0.492718	0.704265	106.871180	-79.990048	-166.826563
09388		10.136530	1.685460	0.099542	0.919602	-0.413178	0.751785	109.488155	-80.326420	-168.948089
09389		10.234185	2.404549	-0.131096	0.477962	-0.366261	0.781157	111.895782	-80.670386	-171.111954
09390		10.197868	2.978112	0.255920	0.104265	-0.284330	0.756631	113.953156	-81.006898	-173.135641
09391		10.060521	2.874510	0.294070	-0.258822	-0.177134	0.722345	115.530734	-81.339507	-174.882615
09392		9.766301	1.772359	-0.191193	-0.449777	-0.121771	0.690115	116.881467	-81.663832	-176.509190
09393		9.476049	0.812456	-0.567458	-0.462029	-0.126384	0.677072	118.331297	-81.973114	-178.241792
09394		9.256703	-0.039298	-0.763414	-0.329480	-0.149161	0.675034	120.067696	-82.269254	179.814402
09395		9.202109	-0.294037	-1.018995	-0.157229	-0.194365	0.680272	122.223712	-82.544167	177.548015
09396		9.258048	-0.166597	-1.190823	0.051297	-0.237180	0.679626	124.830689	-82.793804	174.948934
09397		9.295078	0.236556	-1.287529	0.223214	-0.271818	0.666768	127.802461	-83.008106	172.082675
09398		9.398918	0.611922	-1.372442	0.336189	-0.280595	0.653592	131.014605	-83.195168	169.040918
09399		9.433423	0.669202	-1.329799	0.404471	-0.279235	0.642058	134.378611	-83.355491	165.886549
09400		9.479007	0.531950	-1.206470	0.447578	-0.283012	0.636345	137.919020	-83.490499	162.580634
09401		9.611650	0.509761	-1.075454	0.459437	-0.288222	0.637300	141.606870	-83.598467	159.133761
09402		9.669420	0.414495	-0.928502	0.433222	-0.271661	0.635247	145.341837	-83.688925	155.625268
09403		9.528037	0.362415	-0.690469	0.410108	-0.262961	0.620438	149.050669	-83.752770	152.130034
09404		9.491499	0.445850	-0.694226	0.347006	-0.252447	0.600539	152.677720	-83.792457	148.681283
09405		9.622424	0.535010	-0.803201	0.276371	-0.247492	0.592163	156.231146	-83.808487	145.265822
09406		9.801472	0.708620	-0.937100	0.189033	-0.216582	0.585161	159.662297	-83.817494	141.923343
09407		9.796732	0.788461	-1.207341	0.058381	-0.175600	0.576185	162.893663	-83.825665	138.706328
09408		9.726924	0.687045	-1.413517	-0.054955	-0.148992	0.555919	165.934473	-83.826819	135.615936
09409		9.595170	0.301683	-1.474856	-0.126884	-0.137542	0.523528	168.732839	-83.813075	132.727671
09410		9.651330	-0.410688	-1.697906	-0.127784	-0.138081	0.507411	171.441657	-83.782679	129.929087
09411		9.836666	-0.921634	-1.744196	-0.013390	-0.154150	0.524216	174.264625	-83.729691	127.081139
09412		9.964125	-1.256757	-1.765435	0.132800	-0.158777	0.538694	177.206940	-83.659111	124.197322
09413		9.919243	-1.125167	-1.723078	0.296131	-0.149319	0.535368	-179.860100	-83.577896	121.416387
09414		9.693440	-0.724713	-1.501990	0.391552	-0.130767	0.509333	-177.061613	-83.492083	118.825651
09415		9.543064	-0.335616	-1.356069	0.412251	-0.119418	0.481948	-174.471233	-83.400654	116.455571
09416		9.580241	-0.082360	-1.359090	0.347385	-0.102714	0.455914	-172.089760	-83.308374	114.258265
09417		9.757426	-0.054286	-1.202475	0.261895	-0.087154	0.432524	-169.934605	-83.217529	112.238803
09418		9.854256	-0.089518	-1.024046	0.133382	-0.061087	0.421772	-167.920528	-83.133378	110.287212
09419		9.657224	-0.275795	-1.046959	0.032492	-0.038569	0.411854	-166.047202	-83.055908	108.418527
09420		9.542906	-0.400035	-1.189176	-0.038022	-0.028415	0.391528	-164.322273	-82.979348	106.658648
09421		9.435075	-0.567966	-1.304297	-0.088555	-0.031737	0.380844	-162.729394	-82.897262	105.002044
09422		9.525742	-0.735393	-1.409639	-0.100856	-0.022454	0.365078	-161.223567	-82.816768	103.426085
09423		9.556984	-0.868705	-1.529491	-0.060395	-0.014674	0.351714	-159.786256	-82.738852	101.941976
09424		9.608037	-1.038364	-1.651409	0.007093	-0.006288	0.334080	-158.389507	-82.663530	100.537806
09425		9.610469	-0.859854	-1.439703	0.099128	-0.008253	0.322743	-157.030604	-82.586310	99.224413
09426		9.629197	-0.523825	-1.089930	0.156137	-0.013797	0.318291	-155.683398	-82.502206	97.955843
09427		9.561364	-0.222998	-1.269516	0.083450	-0.031256	0.313281	-154.470337	-82.407655	96.779994
09428		9.543894	-0.370511	-1.318363	-0.002014	-0.037176	0.309465	-153.350683	-82.306807	95.649034
09429		9.548311	-0.376591	-1.371087	0.014135	-0.041630	0.304660	-152.288319	-82.203218	94.584638
09430		9.644487	-0.264377	-1.501557	0.060578	-0.033877	0.309706	-151.184097	-82.098333	93.504898
09431		9.631140	-0.042878	-1.348201	0.077770	0.008528	0.306594	-150.033422	-82.013783	92.387639
09432		9.579432	0.114840	-1.033492	-0.032187	0.033851	0.289146	-148.968246	-81.942653	91.293189
09433		9.694989	-0.247300	-1.064666	-0.090605	0.030814	0.279975	-148.001972	-81.871298	90.264334
09434		9.772669	-0.589111	-1.382997	-0.034148	0.036115	0.287119	-146.977780	-81.796624	89.209742
09435		9.774753	-0.591363	-1.490089	0.078812	-0.007508	0.295641	-145.984287	-81.696985	88.251056
09436		9.887202	-0.296336	-1.077035	0.119363	0.011845	0.302203	-144.919831	-81.600672	87.244165
09437		9.590797	-0.388494	-0.974846	-0.005007	0.011568	0.304925	-143.949239	-81.501979	86.259598
09438		9.722521	-1.269770	-1.139755	-0.037953	-0.039198	0.305820	-143.126252	-81.376133	85.405184
09439		10.063116	-1.690605	-1.240407	0.153321	-0.029578	0.332456	-142.124821	-81.244613	84.480566
09440		10.097402	-1.608553	-1.104008	0.285378	-0.002656	0.360747	-140.927946	-81.111161	83.434674
09441		9.757981	-1.435506	-1.071821	0.327698	0.011916	0.364108	-139.703445	-80.980832	82.384715
09442		9.480770	-1.078200	-1.215033	0.349632	-0.010593	0.371191	-138.526978	-80.833378	81.396002
09443		9.478909	-0.896594	-1.462956	0.391088	-0.026119	0.364611	-137.421054	-80.680100	80.502127
09444		9.609854	-0.763085	-1.231128	0.386064	-0.012248	0.369871	-136.298959	-80.526437	79.588825
09445		9.597621	-0.771151	-1.047623	0.309436	0.001013	0.370593	-135.225262	-80.376479	78.679401
09446		9.482824	-0.990933	-1.225436	0.224754	0.010609	0.366967	-134.210842	-80.227788	77.780753
09447		9.388515	-1.118179	-1.190560	0.220140	0.014810	0.366010	-133.224839	-80.079905	76.907600
09448		9.337800	-1.043371	-1.061854	0.180776	0.008549	0.372791	-132.284344	-79.922877	76.057603
09449		9.266173	-0.872834	-0.862329	0.140265	-0.028125	0.377886	-131.475281	-79.748793	75.316861
09450		9.559781	-0.478512	-0.948399	0.049138	-0.073781	0.361600	-130.880478	-79.561577	74.740670
09451		9.927852	-0.734248	-1.266865	-0.074159	-0.028449	0.336301	-130.324680	-79.402593	74.131730
09452		9.670367	-1.277282	-0.951586	-0.148271	0.015016	0.319809	-129.755582	-79.264496	73.465983
09453		9.454019	-1.688512	-0.993992	-0.182770	0.012439	0.323195	-129.224906	-79.124078	72.818688
09454		9.325588	-1.909950	-0.966196	-0.163831	0.014242	0.326430	-128.684956	-78.980452	72.172924
09455		9.225646	-1.448078	-0.867956	-0.033204	-0.033700	0.328323	-128.195313	-78.819098	71.654130
09456		9.524878	-0.834645	-1.602226	-0.083237	-0.017807	0.318748	-127.725879	-78.665539	71.126667
09457		9.627368	-0.783932	-1.395749	-0.199030	0.021341	0.303232	-127.277509	-78.533174	70.552511
09458		9.416572	-1.468185	-1.272109	-0.319761	0.015115	0.300552	-126.925211	-78.397827	70.005752
09459		9.557350	-2.267527	-0.856504	-0.267762	-0.013795	0.294702	-126.630071	-78.255901	69.547293
09460		9.552121	-2.562299	-0.715489	-0.199035	-0.016316	0.311077	-126.281232	-78.103763	69.074178
09461		9.682507	-2.230330	-1.191179	-0.049880	-0.047367	0.305571	-125.936730	-77.944398	68.692365
09462		9.725382	-2.150299	-1.162852	0.006947	-0.031736	0.301630	-125.538805	-77.790246	68.289226
09463		9.773589	-2.137764	-1.246027	0.106776	-0.046344	0.296399	-125.135952	-77.634453	67.939109
09464		9.967536	-1.894941	-1.455084	0.166319	-0.051669	0.310622	-124.696019	-77.468313	67.585986
09465		9.938906	-1.643839	-1.552971	0.211976	-0.047928	0.320520	-124.221199	-77.299487	67.223444
09466		9.761612	-1.642590	-1.254179	0.213837	-0.038213	0.336355	-123.711327	-77.124187	66.826046
09467		9.396444	-1.634209	-0.985441	0.227555	-0.043263	0.337179	-123.217625	-76.947523	66.452788
09468		9.215549	-1.393044	-0.886899	0.236197	-0.041297	0.346070	-122.712345	-76.765114	66.072689
09469		9.192173	-1.198699	-1.058471	0.159587	-0.035026	0.353975	-122.242115	-76.581450	65.682979
09470		9.298973	-1.246500	-1.166341	0.093827	-0.041593	0.364159	-121.819151	-76.388848	65.303052
09471		9.417837	-1.654114	-1.507191	0.031820	-0.031765	0.366675	-121.422154	-76.198645	64.912750
09472		9.543807	-2.001482	-1.496113	0.006201	-0.011955	0.357936	-121.019806	-76.016703	64.501716
09473		9.472355	-2.492097	-1.219282	0.023210	-0.008437	0.348980	-120.623515	-75.840783	64.106441
09474		9.409798	-2.774607	-1.104490	0.094583	-0.012101	0.338417	-120.213521	-75.667058	63.739126
09475		9.314419	-2.698167	-0.905208	0.119808	-0.014830	0.344227	-119.798984	-75.490316	63.381546
09476		9.263813	-2.627517	-0.568559	0.129315	-0.017874	0.346542	-119.389719	-75.309584	63.034979
09477		9.222555	-2.529871	-0.710881	0.141863	-0.017906	0.335852	-118.995520	-75.134924	62.710920
09478		9.265520	-2.404201	-0.827359	0.066543	-0.009787	0.323755	-118.647634	-74.966696	62.390116
09479		9.385499	-2.562674	-0.986758	0.033780	-0.005660	0.313450	-118.330451	-74.805662	62.081180
09480		9.447129	-2.769273	-1.164271	0.020234	0.007483	0.313460	-118.001172	-74.646365	61.751675
09481		9.547423	-2.696245	-1.673872	0.045973	0.017372	0.314573	-117.646871	-74.489997	61.411012
09482		9.475192	-2.574306	-1.573560	0.084713	0.008306	0.312598	-117.293682	-74.330271	61.094540
09483		9.537135	-2.363766	-1.507284	0.164917	-0.005278	0.307689	-116.932432	-74.170388	60.816937
09484		9.628815	-2.177713	-1.372899	0.204774	-0.001797	0.312522	-116.542423	-74.007006	60.533200
09485		9.541438	-2.061358	-1.301074	0.172668	0.007944	0.323554	-116.152319	-73.841346	60.229739
09486		9.462805	-1.853780	-1.227670	0.150379	0.019489	0.331464	-115.753211	-73.672532	59.903578
09487		9.433130	-1.688313	-1.198201	0.081627	0.023164	0.332975	-115.394560	-73.504648	59.578011
09488		9.299333	-1.703247	-1.117906	0.003378	0.042109	0.342349	-115.045511	-73.334638	59.215616
09489		9.149433	-1.734486	-1.108406	-0.079548	0.025816	0.357444	-114.768320	-73.153619	58.878095
09490		9.112862	-2.251764	-0.957530	-0.100044	0.020247	0.371688	-114.506570	-72.962152	58.544306
09491		9.177481	-2.695606	-1.211719	-0.053436	-0.017006	0.388615	-114.275963	-72.753867	58.270499
09492		9.515999	-2.750404	-1.161636	-0.010411	-0.019339	0.391400	-114.027518	-72.542015	58.003714
09493		9.757419	-2.910097	-1.098354	0.048736	-0.023400	0.402237	-113.751467	-72.324411	57.743007
09494		9.760564	-2.837796	-1.266057	0.118130	-0.024550	0.410318	-113.437414	-72.100673	57.484025
09495		9.688678	-2.590447	-1.225212	0.130180	-0.015115	0.417655	-113.104337	-71.875993	57.211773
09496		9.522240	-2.431684	-1.071335	0.140733	-0.008298	0.429553	-112.752743	-71.644853	56.926229
09497		9.388099	-2.586936	-1.304317	0.121738	-0.000343	0.442491	-112.399846	-71.409278	56.627257
09498		9.184022	-2.577560	-1.310481	0.101981	0.012938	0.443752	-112.043877	-71.174170	56.312860
09499		9.088282	-2.772873	-1.276085	0.133866	-0.011142	0.437633	-111.719692	-70.937741	56.050757
09500		9.381079	-2.645987	-1.465830	0.145748	-0.034705	0.448894	-111.424224	-70.688752	55.826059
09501		9.562843	-2.649106	-1.263470	0.166083	-0.020661	0.466175	-111.093278	-70.434194	55.575571
09502		9.436237	-2.631755	-1.463538	0.228336	-0.025224	0.476886	-110.734365	-70.171377	55.333021
09503		9.293950	-2.482578	-1.321257	0.235118	-0.021823	0.492082	-110.366638	-69.901675	55.084662
09504		9.270817	-2.405125	-1.287129	0.205948	-0.044095	0.516688	-110.042348	-69.612790	54.864482
09505		9.370950	-2.514948	-1.412908	0.162687	-0.050939	0.531633	-109.752701	-69.315153	54.654268
09506		9.289437	-2.919615	-1.102847	0.188972	-0.052046	0.541997	-109.451178	-69.010374	54.447158
09507		9.309782	-3.164632	-1.185196	0.184655	-0.059662	0.542786	-109.169743	-68.704314	54.258396
09508		9.251198	-3.329072	-1.042255	0.203949	-0.040916	0.555208	-108.852113	-68.393751	54.042332
09509		9.225617	-3.441875	-1.048405	0.234265	-0.040601	0.567084	-108.519066	-68.077278	53.827796
09510		9.232724	-3.276306	-1.044738	0.249293	-0.027843	0.575316	-108.164250	-67.757252	53.598687
09511		9.225200	-3.084964	-1.259462	0.225872	-0.008862	0.592365	-107.798955	-67.431662	53.343091
09512		9.235053	-2.979173	-1.474873	0.203678	0.002788	0.610458	-107.432293	-67.096737	53.071711
09513		9.404104	-2.862250	-1.648796	0.186596	0.013004	0.622173	-107.066905	-66.757333	52.790303
09514		9.711451	-2.912424	-1.420024	0.172561	0.008920	0.639388	-106.717276	-66.406347	52.516640
09515		9.934862	-3.209291	-1.193371	0.208904	0.029499	0.647973	-106.327281	-66.054086	52.220826
09516		9.764301	-3.184953	-0.767162	0.255238	0.026582	0.661715	-105.919556	-65.692300	51.933888
09517		10.100152	-3.328113	-1.164010	0.134231	0.044513	0.663478	-105.568348	-65.332235	51.632014
09518		9.628174	-2.744015	-0.312023	0.191048	0.043139	0.676001	-105.191768	-64.963696	51.337194
09519		9.773475	-2.890762	-0.708214	0.108430	0.080083	0.686387	-104.825231	-64.594654	51.000242
09520		9.587613	-3.066425	-0.808648	-0.019732	0.086341	0.700798	-104.530137	-64.217325	50.660056
09521		9.554177	-3.490848	-0.864792	-0.084855	0.113153	0.715358	-104.246528	-63.835380	50.290035
09522		9.421721	-3.956017	-1.146390	-0.122276	0.118187	0.718984	-103.987010	-63.451103	49.921757
09523		9.287949	-4.360576	-1.209461	-0.081010	0.134088	0.722762	-103.694346	-63.066376	49.541599
09524		9.142138	-4.523630	-1.283157	-0.047134	0.138144	0.717598	-103.388848	-62.683963	49.167525
09525		9.087329	-4.520105	-1.280551	0.025024	0.140919	0.709205	-103.050525	-62.305863	48.801780
09526		9.093352	-4.325835	-1.121070	0.051779	0.131198	0.701239	-102.718569	-61.929772	48.459292
09527		9.056087	-4.291172	-1.127644	0.041143	0.134155	0.685975	-102.401657	-61.561901	48.125799
09528		9.036344	-4.139450	-0.966624	0.052781	0.131222	0.673898	-102.092114	-61.199403	47.807109
09529		8.881663	-4.038460	-0.860091	0.053794	0.120240	0.667953	-101.801752	-60.838315	47.509937
09530		8.822431	-3.889534	-0.938689	0.069305	0.101155	0.676178	-101.527102	-60.469595	47.239880
09531		8.737489	-3.740896	-0.836724	0.089108	0.112612	0.691190	-101.233395	-60.093187	46.959995
09532		8.683703	-3.607008	-0.894764	0.090480	0.112976	0.704113	-100.943339	-59.708854	46.684108
09533		8.647854	-3.374007	-0.884842	0.098523	0.118726	0.724589	-100.646269	-59.312906	46.404388
09534		8.791839	-3.193105	-0.800444	0.089239	0.125002	0.754847	-100.350867	-58.899984	46.119155
09535		8.820866	-3.117615	-0.660761	0.088189	0.125510	0.787449	-100.057431	-58.467836	45.834332
09536		8.831681	-3.202257	-0.628070	0.070398	0.127757	0.819738	-99.774959	-58.017292	45.548957
09537		8.769990	-3.333526	-0.652492	0.047810	0.135268	0.852721	-99.501167	-57.547768	45.257219
09538		8.688938	-3.593032	-0.643987	0.033594	0.155138	0.884939	-99.221663	-57.061685	44.947335
09539		8.406072	-4.051088	-0.796793	-0.033771	0.166271	0.911768	-98.975426	-56.560120	44.629476
09540		8.149650	-4.701099	-0.791838	-0.129607	0.175202	0.929772	-98.782358	-56.049190	44.307518
09541		7.825274	-5.527821	-0.738142	-0.161222	0.177308	0.931545	-98.612648	-55.536175	43.990104
09542		7.551685	-6.325670	-0.907451	-0.057330	0.152888	0.911769	-98.413389	-55.032439	43.707076
09543		7.471813	-6.803139	-1.092041	0.024465	0.134721	0.874183	-98.192871	-54.547207	43.453822
09544		7.451038	-7.097003	-1.204930	0.117991	0.131992	0.831095	-97.932410	-54.086175	43.215734
09545		7.323368	-7.196425	-1.182299	0.204324	0.118308	0.782001	-97.644295	-53.650706	43.003435
09546		7.137246	-7.213824	-0.955569	0.306305	0.076890	0.746826	-97.338987	-53.231894	42.841169
09547		6.969207	-7.016472	-0.787896	0.424995	0.045042	0.711064	-96.997936	-52.830184	42.718551
09548		6.840088	-6.793258	-0.778770	0.480876	0.017968	0.690230	-96.651702	-52.438290	42.628926
09549		6.803790	-6.744086	-0.707645	0.500648	0.003664	0.670916	-96.310051	-52.055904	42.559085
09550		6.766887	-6.732638	-0.576243	0.498566	-0.005543	0.639929	-95.982518	-51.690465	42.505202
09551		6.716986	-6.701673	-0.434588	0.552810	-0.019125	0.609780	-95.638843	-51.341132	42.470252
09552		6.740902	-6.493450	-0.350758	0.569860	-0.030180	0.583082	-95.298167	-51.006278	42.451433
09553		6.965786	-6.226858	-0.365639	0.580152	-0.035666	0.565951	-94.958934	-50.680876	42.442082
09554		7.149830	-5.928609	-0.135978	0.560883	-0.039868	0.563106	-94.636335	-50.356776	42.439868
09555		7.316302	-5.770071	-0.143073	0.497517	-0.030328	0.563746	-94.345420	-50.032827	42.431693
09556		7.456151	-5.575914	-0.077671	0.426680	-0.035184	0.560615	-94.100500	-49.710363	42.430512
09557		7.620522	-5.597166	0.025537	0.330945	-0.024088	0.564547	-93.904185	-49.386172	42.421158
09558		7.564114	-6.045286	0.109383	0.218077	0.000838	0.558041	-93.757535	-49.066630	42.391932
09559		7.412648	-6.397099	0.126553	0.165642	0.005882	0.546262	-93.639188	-48.753974	42.360271
09560		7.274797	-6.638852	0.095872	0.162663	0.032627	0.544573	-93.506244	-48.443210	42.306756
09561		7.062408	-6.784380	0.033181	0.208236	0.045346	0.548134	-93.340302	-48.130737	42.243722
09562		6.936278	-6.737380	0.207669	0.258157	0.047078	0.544606	-93.146245	-47.820196	42.181118
09563		6.979514	-6.619462	0.184875	0.282963	0.046978	0.530618	-92.940332	-47.517523	42.121317
09564		6.953177	-6.513191	0.204882	0.281746	0.048634	0.514294	-92.735997	-47.224056	42.062565
09565		7.066698	-6.237111	0.305867	0.270170	0.039503	0.504687	-92.545940	-46.935752	42.013839
09566		7.164456	-5.871531	0.255629	0.231443	0.035145	0.522199	-92.381268	-46.637185	41.969457
09567		7.294032	-5.715226	0.059465	0.191373	0.043624	0.529176	-92.235774	-46.334769	41.919448
09568		7.384835	-5.763487	0.082229	0.164080	0.079075	0.537365	-92.085405	-46.028394	41.840985
09569		7.362283	-5.762856	0.233533	0.124463	0.104634	0.547341	-91.944224	-45.716633	41.743058
09570		7.272345	-5.741642	0.164171	0.137934	0.106970	0.569335	-91.794698	-45.392308	41.643986
09571		7.206336	-5.847655	0.056943	0.167562	0.096357	0.611565	-91.635721	-45.043272	41.554675
09572		7.171919	-6.035482	0.106730	0.181201	0.060310	0.653440	-91.490075	-44.669786	41.495070
09573		7.026913	-6.071152	0.421413	0.171155	0.007629	0.698109	-91.381016	-44.269603	41.478775
09574		6.942163	-6.070195	0.534704	0.130006	-0.063343	0.734796	-91.334560	-43.847777	41.518817
09575		7.040374	-5.978147	0.297461	0.123961	-0.123154	0.752185	-91.324310	-43.414859	41.606282
09576		7.133109	-5.982860	0.118820	0.175249	-0.125501	0.740078	-91.284770	-42.989319	41.694985
09577		7.171270	-6.332671	0.005003	0.282386	-0.056573	0.684192	-91.148251	-42.596285	41.731571
09578		6.996352	-6.605468	0.412260	0.350813	-0.011425	0.604229	-90.949778	-42.250171	41.735119
09579		6.927857	-6.944458	0.440773	0.377971	0.009427	0.545714	-90.727125	-41.937210	41.725402
09580		7.145730	-7.286162	0.125519	0.355896	0.069213	0.496253	-90.487286	-41.653543	41.671357
09581		7.360621	-7.577600	-0.243924	0.236529	0.144927	0.483462	-90.279494	-41.376721	41.561686
09582		7.660671	-7.704071	-0.819834	0.128635	0.174714	0.525930	-90.119335	-41.076031	41.430359
09583		7.918354	-7.367092	-1.273571	0.135663	0.150314	0.609339	-89.969588	-40.726608	41.319723
09584		8.148063	-6.759539	-1.116644	0.265105	0.100420	0.672452	-89.771516	-40.341599	41.248400
09585		8.351788	-6.174429	-0.359760	0.457767	0.064589	0.705244	-89.483006	-39.936948	41.207060
09586		8.285102	-5.601856	0.401115	0.629965	0.065623	0.701242	-89.097278	-39.535393	41.167908
09587		7.888400	-5.068903	0.852842	0.582363	0.064208	0.645313	-88.741864	-39.164719	41.132951
09588		7.693198	-4.911186	0.645807	0.336140	0.066087	0.554079	-88.526941	-38.847441	41.097139
09589		7.765730	-4.837654	0.431999	0.078277	0.099190	0.465138	-88.444850	-38.579239	41.036917
09590		7.780214	-4.584973	0.032700	-0.193158	0.118333	0.425856	-88.508949	-38.334847	40.961731
09591		7.655976	-4.890469	-0.427617	-0.458471	0.061993	0.426300	-88.750887	-38.089520	40.927508
09592		7.724002	-5.499061	-0.576895	-0.554341	-0.036325	0.389854	-89.090146	-37.868214	40.962313
09593		7.831959	-6.297128	0.062369	-0.506132	0.015007	0.382943	-89.378323	-37.648384	40.958658
09594		7.396735	-7.355206	0.748241	-0.485366	0.128243	0.447674	-89.603875	-37.393112	40.871950
09595		6.886810	-7.856715	-0.112455	-0.706373	0.135608	0.572117	-89.953053	-37.064665	40.779443
09596		6.541473	-8.650026	-2.069919	-0.973086	-0.008930	0.676429	-90.515281	-36.679017	40.786854
09597		6.334994	-9.032607	-3.407076	-0.809650	-0.212757	0.688103	-91.067749	-36.282718	40.935113
09598		6.077099	-8.182685	-3.762983	-0.358264	-0.332693	0.553157	-91.409468	-35.963592	41.165765
09599		5.746575	-7.415696	-3.085803	-0.108663	-0.435567	0.318016	-91.651010	-35.774347	41.471022
09600		5.663378	-7.029152	-1.755186	0.326112	-0.446471	0.016966	-91.650952	-35.759095	41.789288
09601		5.640498	-6.470190	-0.026025	0.803277	-0.291378	-0.292151	-91.316799	-35.921673	42.003914
09602		5.309459	-6.197547	1.320090	0.855193	-0.149627	-0.651690	-90.897537	-36.295249	42.122503
09603		5.072680	-6.556906	0.708359	0.532306	0.055301	-1.095163	-90.577486	-36.922689	42.096542
09604		4.542849	-7.053759	-0.202421	0.426390	0.274973	-1.538783	-90.220454	-37.807398	41.909582
09605		4.735522	-5.889173	-0.186835	0.485721	0.240398	-1.896075	-89.836208	-38.893474	41.738169
09606		5.661430	-6.102010	-0.147478	0.156892	0.088552	-2.177607	-89.703405	-40.142896	41.669574
09607		8.281472	-7.227302	-1.654874	0.913949	-0.136478	-2.284918	-89.239613	-41.452383	41.760575
09608		9.663516	-5.623508	0.300775	1.186844	0.099122	-2.310236	-88.487964	-42.776756	41.652584
09609		8.896121	-5.252761	1.646883	0.585378	0.261326	-2.300628	-87.975402	-44.089396	41.394317
09610		8.134245	-5.627117	1.514087	0.065130	0.288183	-2.306979	-87.728978	-45.406560	41.096243
09611		8.044969	-5.453074	1.505186	0.069352	0.261706	-2.379163	-87.477745	-46.762016	40.802082
09612		8.288542	-5.042377	1.889995	0.123162	0.245876	-2.505337	-87.184433	-48.192025	40.499007
09613		8.473579	-4.389455	2.023413	-0.119622	0.304353	-2.567153	-86.970756	-49.651879	40.124091
09614		8.555153	-4.402013	1.789671	-0.545352	0.347087	-2.533969	-86.954073	-51.094053	39.696082
09615		8.849868	-4.698947	1.745719	-0.829943	0.289005	-2.476026	-87.130421	-52.502063	39.314835
09616		9.672870	-5.387120	1.596292	-1.065089	0.225428	-2.467471	-87.482943	-53.911238	38.992451
09617		10.512000	-5.362401	0.225872	-1.353547	0.272696	-2.467670	-87.963966	-55.317531	38.630681
09618		10.638206	-6.003353	-0.472495	-1.406484	0.386619	-2.434669	-88.379156	-56.707867	38.159037
09619		10.271826	-6.133004	0.034485	-1.196218	0.446293	-2.386107	-88.613742	-58.067543	37.623360
09620		10.059950	-6.250651	-0.046772	-1.201971	0.464010	-2.360881	-88.818713	-59.417109	37.057037
09621		9.892386	-6.326203	-0.152974	-1.081755	0.487739	-2.339552	-88.912055	-60.751482	36.449174
09622		9.598720	-6.114172	-0.334816	-1.004198	0.496207	-2.328303	-88.923886	-62.082999	35.806977
09623		9.601530	-5.818070	-0.708529	-0.944496	0.492148	-2.330008	-88.873704	-63.412038	35.141347
09624		9.729011	-5.502617	-0.715581	-0.843230	0.499350	-2.324970	-88.715660	-64.740834	34.427985
09625		9.670381	-5.088444	-0.177168	-0.741122	0.551059	-2.291103	-88.385078	-66.044870	33.596906
09626		9.293104	-4.954162	0.228224	-0.808497	0.570618	-2.283566	-87.999377	-67.345230	32.672124
09627		8.937554	-5.140478	0.130621	-0.900857	0.567831	-2.301814	-87.592727	-68.650374	31.676421
09628		8.688381	-5.380141	0.080546	-0.823483	0.540479	-2.330548	-87.087230	-69.972694	30.631344
09629		8.519098	-5.384234	0.104000	-0.694202	0.514053	-2.373526	-86.437625	-71.313675	29.520852
09630		8.540171	-5.235755	-0.100190	-0.589656	0.483534	-2.419010	-85.636855	-72.679837	28.323263
09631		8.618310	-5.024271	-0.292102	-0.459124	0.470420	-2.462491	-84.608754	-74.062685	26.975398
09632		8.553846	-4.731868	-0.259909	-0.321268	0.463886	-2.495394	-83.276416	-75.458894	25.403414
09633		8.430195	-4.386346	-0.114978	-0.181490	0.459831	-2.526647	-81.556586	-76.859318	23.524767
09634		8.322782	-3.963719	-0.120792	-0.089366	0.428071	-2.546767	-79.427505	-78.260422	21.291818
09635		8.221098	-3.645699	-0.139300	-0.016682	0.388002	-2.566030	-76.783989	-79.653865	18.588481
09636		8.191516	-3.208540	-0.172622	0.045990	0.353702	-2.584401	-73.376217	-81.035296	15.158322
09637		8.200567	-2.903888	-0.187828	0.063869	0.322988	-2.603181	-68.840447	-82.388160	10.611600
09638		8.214697	-2.779793	-0.122940	0.100977	0.291319	-2.612000	-62.497920	-83.687277	4.280311
09639		8.337708	-2.584037	-0.000501	0.129928	0.260232	-2.611991	-53.224172	-84.880224	-4.964689
09640		8.569854	-2.468251	-0.052090	0.101201	0.214976	-2.598031	-39.306765	-85.880531	-18.868755
09641		8.747282	-2.422518	0.001847	0.108232	0.175622	-2.569625	-19.065154	-86.522843	-39.091971
09642		8.866762	-2.243333	0.063565	0.113586	0.134985	-2.535440	5.437548	-86.623291	-63.572485
09643		8.871681	-1.985380	-0.008411	0.116374	0.099457	-2.495087	27.151946	-86.162019	-85.262412
09644		8.852733	-1.878349	-0.025594	0.141485	0.064779	-2.462841	42.568445	-85.319148	-100.639847
09645		8.921132	-1.767167	-0.092182	0.195589	0.054023	-2.412324	52.691482	-84.275268	-110.692028
09646		8.921533	-1.537473	-0.299205	0.217670	0.058693	-2.327836	59.353832	-83.149703	-117.269266
09647		8.836298	-1.432183	-0.435021	0.238706	0.042445	-2.228764	63.998220	-82.014803	-121.815084
09648		8.886271	-1.147507	-0.348020	0.324876	0.028328	-2.129698	67.442703	-80.896329	-125.110250
09649		8.889759	-0.816244	0.049598	0.430419	0.025327	-2.026313	70.097319	-79.809969	-127.553092
09650		8.954444	-0.330964	0.043026	0.393009	0.022943	-1.902792	72.136426	-78.775012	-129.399498
09651		9.117377	-0.072386	-0.250726	0.269184	0.000358	-1.737654	73.713235	-77.824318	-130.852635
09652		9.175920	0.017204	-0.249470	0.196051	-0.038721	-1.575159	75.020270	-76.962177	-132.077218
09653		9.202911	0.051063	-0.116654	0.159744	-0.051474	-1.437156	76.101553	-76.173119	-133.095217
09654		9.075383	-0.001931	0.062226	0.124977	-0.044650	-1.311853	76.974229	-75.449239	-133.921851
09655		9.132316	-0.199362	0.012641	0.101593	-0.049684	-1.162686	77.696485	-74.806465	-134.609339
09656		9.147365	-0.445711	-0.126090	0.136120	-0.068611	-0.980378	78.344651	-74.266489	-135.201276
09657		9.172867	-0.561537	-0.335356	0.234105	-0.099943	-0.779985	78.991448	-73.840447	-135.734892
09658		9.158997	-0.549610	-0.511062	0.330740	-0.138756	-0.584491	79.668979	-73.527681	-136.243721
09659		9.093756	-0.439369	-0.285559	0.470433	-0.178829	-0.411156	80.422815	-73.314196	-136.749464
09660		9.098597	-0.098142	-0.110959	0.555404	-0.207489	-0.220884	81.207747	-73.210116	-137.237098
09661		9.064580	0.112475	-0.043289	0.591900	-0.241040	0.008448	82.006220	-73.235824	-137.717298
09662		9.014827	0.279660	-0.044881	0.612863	-0.295536	0.251349	82.863782	-73.402957	-138.246209
09663		9.181101	0.471912	-0.088970	0.610532	-0.341798	0.490741	83.770436	-73.705694	-138.827244
09664		9.213845	1.259860	-0.566220	0.574899	-0.441219	0.674224	84.849358	-74.117389	-139.607536
09665		10.572535	4.283617	-2.531223	0.289943	-0.560013	0.689828	86.053113	-74.537430	-140.685661
09666		11.838353	5.321794	-2.425300	0.243028	-0.810443	0.399958	87.850676	-74.793072	-142.405327
09667		13.852049	7.953810	1.591705	0.760002	-0.652328	-0.178811	89.674222	-74.699129	-143.844543
09668		13.583942	8.395591	3.232007	0.427702	-0.061638	-0.641002	90.061980	-74.333526	-143.992744
09669		11.576430	7.707939	4.343767	-0.092556	0.343295	-0.709104	89.333928	-73.926575	-143.291419
09670		9.276838	5.494795	3.533494	-0.925416	0.519073	-0.462846	87.813641	-73.655217	-142.260678
09671		7.225779	3.018209	2.787043	-0.830005	0.151105	-0.044189	87.056254	-73.626534	-141.967398
09672		7.853022	2.576789	2.126913	-0.700982	-0.415106	0.431073	87.438017	-73.885683	-142.783796
09673		9.758408	3.141505	1.191300	-0.864094	-0.630639	0.696103	88.165382	-74.298577	-144.055361
09674		11.014930	4.560874	1.827060	-1.001465	-0.470550	0.687238	88.531087	-74.700884	-145.030798
09675		11.116749	6.442805	3.490748	-1.313027	-0.106845	0.590653	87.976741	-75.041454	-145.236307
09676		10.633053	7.109367	2.714700	-2.087179	0.133002	0.527760	86.445367	-75.340481	-144.889855
09677		10.171090	6.198829	0.895589	-2.438380	0.222490	0.474892	84.485036	-75.602218	-144.308447
09678		9.702989	4.445894	-0.495296	-2.454218	0.201766	0.434013	82.524737	-75.836663	-143.737295
09679		9.621351	1.561270	-1.713942	-2.283510	0.149994	0.406761	80.751659	-76.055501	-143.258670
09680		9.473186	-1.177133	-1.902340	-1.791173	0.040438	0.453967	79.459317	-76.308313	-142.985263
09681		8.980272	-2.948097	-1.857989	-1.169632	-0.213055	0.555074	79.051914	-76.644398	-143.255937
09682		8.696476	-3.279506	-1.980670	-0.477669	-0.464093	0.626344	79.621847	-77.047376	-144.122785
09683		8.868226	-1.499860	-1.168209	0.338638	-0.626264	0.648053	81.117344	-77.474326	-145.457522
09684		9.732841	0.752353	-0.281701	0.706103	-0.699441	0.634113	83.123051	-77.890667	-147.096794
09685		10.648471	1.854020	0.415580	0.852126	-0.613100	0.607725	85.110304	-78.273716	-148.629253
09686		10.952159	2.164486	0.707483	0.714052	-0.492971	0.594703	86.793395	-78.634953	-149.929926
09687		10.936936	1.840265	0.467087	0.487060	-0.436347	0.617989	88.272376	-78.999968	-151.153486
09688		11.016624	1.631756	0.474459	0.237636	-0.442194	0.688084	89.713646	-79.399887	-152.482529
09689		11.012814	2.012639	0.448050	-0.117117	-0.426300	0.760151	91.009326	-79.834246	-153.868417
09690		10.629806	1.986494	0.410818	-0.463653	-0.369116	0.767481	92.030278	-80.269406	-155.175060
09691		9.981036	1.703685	0.312417	-0.681778	-0.300328	0.733672	92.785839	-80.682431	-156.337693
09692		9.569365	0.983221	0.124939	-0.846141	-0.243660	0.677320	93.313386	-81.063626	-157.363429
09693		9.647533	0.228629	0.129560	-0.811833	-0.199037	0.650841	93.754409	-81.428991	-158.280702
09694		9.713573	-0.203668	-0.279497	-0.864478	-0.161671	0.656034	94.077799	-81.798813	-159.108647
09695		9.618631	-0.678593	-0.628367	-0.794533	-0.163314	0.662817	94.506464	-82.170673	-160.001689
09696		9.279090	-0.733732	-0.563616	-0.632197	-0.230916	0.644642	95.382734	-82.528549	-161.251671
09697		9.187154	-0.551808	-0.963208	-0.485922	-0.289949	0.592891	96.691837	-82.848992	-162.852619
09698		9.291777	-0.450430	-1.016157	-0.324496	-0.279657	0.539120	98.146526	-83.135983	-164.505908
09699		9.398334	-0.448530	-1.017790	-0.060981	-0.274063	0.507298	99.833429	-83.398488	-166.240125
09700		9.546177	-0.204486	-1.271740	0.177880	-0.310734	0.506580	101.986969	-83.651140	-168.305209
09701		9.640875	0.127579	-1.389241	0.340754	-0.338821	0.529327	104.578950	-83.901474	-170.716576
09702		9.637816	0.516104	-1.106326	0.461522	-0.392017	0.546833	107.768651	-84.140987	-173.658088
09703		9.704928	0.971171	-0.734913	0.598417	-0.418278	0.558994	111.448938	-84.361769	-177.012782
09704		9.806460	1.554594	-0.173099	0.656232	-0.412885	0.565614	115.430865	-84.565744	179.364169
09705		9.960416	1.796883	0.205961	0.552193	-0.361534	0.573984	119.364602	-84.761548	175.730662
09706		9.958100	1.602883	0.189151	0.407367	-0.301126	0.579074	123.190330	-84.955739	172.123600
09707		9.851413	1.391561	-0.056483	0.293533	-0.250362	0.599023	127.024463	-85.152819	168.443540
09708		9.771864	1.163243	-0.287763	0.193773	-0.235121	0.625254	131.152424	-85.345661	164.412518
09709		9.750887	1.092146	-0.374300	0.095525	-0.217969	0.641943	135.536271	-85.525914	160.069227
09710		9.671588	1.027248	-0.528026	0.008027	-0.191029	0.643257	140.096685	-85.691504	155.499759
09711		9.561129	0.833953	-0.743124	-0.059179	-0.181552	0.629406	144.801074	-85.826962	150.748048
09712		9.579212	0.429516	-0.892057	-0.068214	-0.168470	0.616169	149.651936	-85.935528	145.845198
09713		9.533788	-0.021619	-0.988802	-0.028949	-0.154978	0.604532	154.602225	-86.016762	140.865642
09714		9.466698	-0.552015	-0.877739	0.032064	-0.174482	0.591824	159.729644	-86.054251	135.744103
09715		9.383692	-1.028518	-0.616241	0.147876	-0.191667	0.571786	164.836918	-86.046800	130.709193
09716		9.441069	-1.161456	-0.423959	0.267888	-0.220211	0.553580	169.869358	-85.990653	125.818220
09717		9.565292	-0.765772	-0.616587	0.349839	-0.254290	0.546416	174.724808	-85.885449	121.151083
09718		9.706335	0.002965	-0.599713	0.329220	-0.278325	0.534443	179.233411	-85.739473	116.819346
09719		9.655813	0.697288	-0.371736	0.172474	-0.300383	0.510338	-176.867947	-85.558490	113.008131
09720		9.752398	1.254248	-0.290172	-0.017624	-0.300007	0.481130	-173.578350	-85.361176	109.697846
09721		9.803006	1.318609	-0.406294	-0.251496	-0.212437	0.449788	-170.829142	-85.202780	106.794288
09722		9.581888	0.685883	-0.742517	-0.507947	-0.132759	0.402541	-168.595726	-85.083667	104.260512
09723		9.299267	-0.165171	-0.815994	-0.686645	-0.140694	0.373298	-166.791135	-84.956512	102.053753
09724		9.443722	-0.917478	-1.372236	-0.741421	-0.186228	0.372611	-165.183622	-84.798144	100.013051
09725		9.664220	-1.397851	-1.697709	-0.618462	-0.193639	0.374009	-163.633796	-84.630895	98.100321
09726		9.771993	-1.517970	-1.580253	-0.425328	-0.193608	0.354498	-162.177419	-84.461858	96.392303
09727		9.683310	-1.567033	-1.486117	-0.257329	-0.194090	0.339978	-160.813032	-84.291821	94.872746
09728		9.566110	-1.424054	-1.371068	-0.106190	-0.213725	0.341974	-159.462463	-84.106628	93.453880
09729		9.555549	-1.090120	-1.187598	-0.006693	-0.260134	0.351930	-158.196275	-83.892092	92.176439
09730		9.668190	-0.668382	-1.110393	0.080761	-0.258874	0.340173	-157.008564	-83.677145	91.028084
09731		9.711087	-0.117107	-0.985166	0.091173	-0.232444	0.327663	-155.907250	-83.477370	89.971959
09732		9.717809	0.366747	-0.870570	0.020670	-0.181978	0.319909	-154.828545	-83.302632	88.897792
09733		9.637930	0.424357	-0.736072	-0.138378	-0.166933	0.318582	-153.879893	-83.134745	87.862191
09734		9.659675	-0.035164	-0.889683	-0.307968	-0.142426	0.309764	-153.049661	-82.978937	86.847888
09735		9.729329	-0.573561	-1.143386	-0.363775	-0.130271	0.301589	-152.307978	-82.830680	85.890021
09736		9.782265	-1.029540	-1.280306	-0.329098	-0.114070	0.298452	-151.549902	-82.689042	84.935593
09737		9.623201	-1.418239	-1.411266	-0.270121	-0.116930	0.287822	-150.846600	-82.548278	84.069928
09738		9.658092	-1.541500	-1.540165	-0.150696	-0.128636	0.282233	-150.141795	-82.400927	83.271734
09739		9.629344	-1.493318	-1.506431	-0.005303	-0.129368	0.295131	-149.346554	-82.249120	82.465814
09740		9.581370	-1.338344	-1.427291	0.081525	-0.150646	0.299809	-148.553561	-82.082925	81.712345
09741		9.481220	-0.966539	-1.075186	0.174426	-0.146624	0.292538	-147.764312	-81.920584	81.015838
09742		9.550494	-0.623451	-1.140104	0.192340	-0.120344	0.273355	-146.993009	-81.774401	80.347843
09743		9.631101	-0.306858	-0.915066	0.116054	-0.102444	0.251745	-146.329756	-81.643577	79.744355
09744		9.591118	-0.447346	-0.703144	-0.020074	-0.080194	0.229905	-145.776966	-81.528268	79.173772
09745		9.615535	-0.613292	-1.364651	-0.170871	-0.076236	0.222932	-145.345908	-81.417518	78.638473
09746		9.747276	-0.789010	-1.869916	-0.280874	-0.082683	0.218133	-145.011119	-81.303661	78.136907
09747		9.798453	-1.158250	-1.897050	-0.307843	-0.059312	0.202818	-144.705776	-81.206509	77.649091
09748		9.654051	-1.632368	-1.739869	-0.273259	-0.053078	0.180716	-144.435134	-81.118044	77.216592
09749		9.623815	-1.919759	-1.729085	-0.169034	-0.075021	0.172670	-144.189010	-81.022956	76.868983
09750		9.562016	-1.882524	-1.806425	0.007187	-0.076011	0.176757	-143.832143	-80.924447	76.511668
09751		9.460022	-1.623034	-1.492825	0.176957	-0.100711	0.161329	-143.488969	-80.820746	76.266355
09752		9.748649	-1.102989	-1.355089	0.308374	-0.102666	0.154849	-143.092947	-80.716718	76.044012
09753		9.862373	-0.750768	-1.140286	0.277398	-0.103683	0.161495	-142.711883	-80.611095	75.818476
09754		9.985809	-1.052809	-0.835131	0.249570	-0.092295	0.165408	-142.312414	-80.507646	75.558349
09755		9.729820	-1.094018	-1.411200	0.235809	-0.098467	0.169593	-141.936016	-80.401046	75.313245
09756		9.810285	-1.386875	-1.652115	0.187138	-0.098350	0.163727	-141.602921	-80.294947	75.084001
09757		9.753494	-1.723554	-1.559334	0.282549	-0.075020	0.166468	-141.172330	-80.199448	74.810931
09758		9.666587	-1.873769	-1.727784	0.365941	-0.073856	0.170309	-140.682462	-80.101268	74.526421
09759		9.639162	-1.882098	-1.774217	0.466706	-0.074755	0.171264	-140.148382	-80.003363	74.255246
09760		9.684545	-1.521226	-1.696808	0.574771	-0.073358	0.166520	-139.562933	-79.905831	73.995023
09761		9.803473	-1.391216	-1.414181	0.639999	-0.066254	0.170161	-138.930893	-79.811095	73.725035
09762		9.810902	-1.236586	-1.347551	0.700737	-0.060063	0.177905	-138.235119	-79.713955	73.425892
09763		9.664085	-1.052296	-1.475644	0.686827	-0.066410	0.177446	-137.576910	-79.615267	73.156412
09764		9.543704	-0.957714	-1.318487	0.662590	-0.054078	0.190983	-136.878716	-79.514345	72.832393
09765		9.387315	-1.019531	-1.328840	0.655046	-0.061762	0.181948	-136.236506	-79.414707	72.560491
09766		9.371770	-1.105715	-1.276902	0.604517	-0.064206	0.170720	-135.655760	-79.316434	72.321902
09767		9.490442	-1.128608	-1.521962	0.579423	-0.063132	0.165182	-135.111673	-79.221986	72.105595
09768		9.722569	-1.160351	-1.710192	0.565761	-0.043815	0.173474	-134.518411	-79.130000	71.831501
09769		9.580463	-1.416696	-1.925736	0.596378	-0.029476	0.182148	-133.871637	-79.041210	71.520376
09770		9.522106	-1.413707	-1.773210	0.657390	-0.038775	0.174629	-133.227973	-78.949603	71.248244
09771		9.525228	-1.416017	-1.714290	0.721363	-0.051117	0.168949	-132.597497	-78.856613	71.026511
09772		9.600251	-1.150069	-1.586008	0.762032	-0.057179	0.182149	-131.933850	-78.753567	70.794944
09773		9.609130	-0.998283	-1.271667	0.765861	-0.053282	0.201518	-131.235411	-78.644832	70.529747
09774		9.645911	-0.901632	-1.146930	0.744072	-0.047640	0.200224	-130.544792	-78.536524	70.259982
09775		9.646198	-0.892344	-1.050262	0.669090	-0.023309	0.204364	-129.850166	-78.436402	69.941894
09776		9.523530	-0.810055	-0.953038	0.597601	-0.024124	0.207864	-129.196883	-78.332131	69.624357
09777		9.687298	-0.783641	-1.091873	0.518609	-0.023788	0.213146	-128.590996	-78.226501	69.308606
09778		9.632653	-0.818449	-1.238115	0.463670	-0.000771	0.231985	-127.940247	-78.118383	68.914998
09779		9.560551	-1.041039	-1.266752	0.425821	-0.001129	0.251533	-127.292458	-78.001851	68.501826
09780		9.577260	-1.211267	-1.313482	0.410568	-0.011346	0.261706	-126.666186	-77.874772	68.101777
09781		9.721599	-1.376122	-1.173753	0.388750	-0.017291	0.267898	-126.068839	-77.743363	67.718094
09782		9.774257	-1.546171	-1.040205	0.390849	-0.006775	0.269238	-125.453651	-77.612610	67.317422
09783		9.801111	-1.654567	-1.040192	0.383371	-0.001321	0.261050	-124.856449	-77.487993	66.930352
09784		9.747257	-1.649481	-0.930844	0.342773	0.000029	0.256636	-124.293039	-77.363693	66.554115
09785		9.708572	-1.587549	-0.879509	0.312208	0.003123	0.250665	-123.760564	-77.243814	66.191228
09786		9.626890	-1.649886	-0.784636	0.248565	-0.006219	0.249229	-123.291734	-77.119644	65.856267
09787		9.452213	-1.665322	-0.784810	0.223305	0.007079	0.250076	-122.818527	-76.999948	65.501575
09788		9.536455	-1.334462	-0.607298	0.147918	0.018188	0.250299	-122.370000	-76.881653	65.127936
09789		9.407525	-1.472778	-0.774379	0.103017	0.025520	0.258159	-121.931547	-76.762420	64.737813
09790		9.258867	-1.423337	-1.202702	0.060542	0.015742	0.272038	-121.524860	-76.631609	64.355347
09791		9.398657	-1.488228	-1.175971	0.032345	0.029759	0.290092	-121.093343	-76.496713	63.930308
09792		9.333430	-1.707488	-1.388486	0.037404	0.033635	0.295296	-120.651075	-76.358472	63.497158
09793		9.380517	-1.934086	-1.544212	0.071102	0.030466	0.302736	-120.198131	-76.216025	63.072426
09794		9.437934	-2.033857	-1.484995	0.093658	0.022504	0.301048	-119.757298	-76.070176	62.673415
09795		9.504175	-2.057443	-1.401575	0.192132	0.028970	0.298767	-119.260509	-75.927695	62.274435
09796		9.528700	-1.859769	-1.266882	0.208195	0.030147	0.304417	-118.753345	-75.780677	61.874185
09797		9.456399	-1.689127	-0.971554	0.165981	0.036054	0.311157	-118.262319	-75.632230	61.465176
09798		9.289636	-1.674216	-0.919862	0.138509	0.030907	0.321703	-117.793800	-75.475067	61.063058
09799		9.214004	-1.713850	-0.933883	0.079658	0.022918	0.327483	-117.379260	-75.313240	60.681403
09800		9.170660	-1.855599	-1.092450	0.058364	0.033188	0.342977	-116.949136	-75.144391	60.270901
09801		9.204838	-1.796002	-1.186715	0.028853	0.024578	0.356161	-116.550451	-74.966931	59.874933
09802		9.315720	-2.129952	-1.247452	-0.001637	0.017247	0.371556	-116.176719	-74.777948	59.486540
09803		9.589137	-2.299033	-1.167143	0.054422	0.015478	0.382138	-115.775287	-74.583461	59.102214
09804		9.745216	-2.342286	-1.178416	0.089975	0.012339	0.391272	-115.360066	-74.381698	58.724507
09805		9.726195	-2.345221	-1.053797	0.102161	0.013261	0.394426	-114.944619	-74.178858	58.353289
09806		9.810430	-2.272470	-0.899604	0.127534	0.001324	0.396326	-114.543723	-73.970412	58.012096
09807		9.733851	-2.214701	-0.931476	0.130423	0.009225	0.411607	-114.125109	-73.756236	57.653665
09808		9.597459	-2.252170	-0.894838	0.085267	0.013638	0.423191	-113.724406	-73.535311	57.286693
09809		9.511952	-2.335255	-0.781380	0.078934	0.011693	0.429012	-113.337334	-73.311180	56.929584
09810		9.556340	-2.206833	-0.975014	0.064613	0.005566	0.433420	-112.974661	-73.081730	56.589117
09811		9.671787	-2.184111	-0.953741	0.027306	0.025629	0.448093	-112.598592	-72.849307	56.211715
09812		9.611881	-2.372035	-1.042900	0.040698	0.026161	0.467692	-112.209588	-72.604990	55.828462
09813		9.576743	-2.413837	-1.368132	0.058765	0.016207	0.473403	-111.834594	-72.355645	55.470092
09814		9.634951	-2.193514	-1.339497	0.043222	0.028028	0.491681	-111.446472	-72.097492	55.088213
09815		9.603760	-2.312158	-1.596680	0.004686	0.032871	0.503742	-111.076366	-71.833999	54.701366
09816		9.659969	-2.211681	-1.590881	0.025975	0.031105	0.506402	-110.705658	-71.567149	54.326249
09817		9.835952	-2.074642	-1.337089	0.005500	0.037075	0.515535	-110.342758	-71.296654	53.946302
09818		9.787120	-2.037317	-1.201405	-0.070347	0.037199	0.522791	-110.028988	-71.020847	53.571811
09819		9.695440	-2.039543	-1.058018	-0.163730	0.029297	0.529064	-109.787096	-70.740261	53.216064
09820		9.593894	-2.072856	-0.906758	-0.235769	0.043645	0.536550	-109.568798	-70.457329	52.841012
09821		9.551274	-2.369722	-1.084912	-0.300847	0.048048	0.543190	-109.385951	-70.171826	52.463296
09822		9.549709	-2.693503	-1.045970	-0.263525	0.070227	0.560692	-109.148083	-69.880081	52.049138
09823		9.596048	-3.673890	0.077233	0.184051	0.164052	0.570269	-108.523038	-69.599943	51.494833
09824		9.428154	-2.625583	-3.322718	-0.584898	-0.059309	0.600672	-108.658572	-69.261215	51.281256
09825		9.032264	-3.417969	0.283654	0.054811	0.193255	0.607350	-108.071482	-68.964618	50.686036
09826		9.581999	-3.141447	-2.209301	-0.201200	-0.014817	0.568646	-107.954681	-68.650502	50.436699
09827		9.157529	-3.340952	-1.422004	-0.049380	0.096059	0.594708	-107.592782	-68.341631	50.016864
09828		9.470252	-3.376444	-1.048187	0.058664	0.073212	0.610104	-107.205124	-68.018986	49.635038
09829		9.315937	-3.375960	-1.005577	0.035695	0.076112	0.622254	-106.832488	-67.689678	49.254349
09830		9.397710	-3.036746	-1.141119	0.096179	0.059690	0.624400	-106.457358	-67.355157	48.907551
09831		9.496834	-2.668488	-0.946286	0.091173	0.068629	0.632083	-106.080690	-67.017392	48.555132
09832		9.562046	-2.283047	-1.010486	0.001992	0.079175	0.638998	-105.749497	-66.676323	48.195683
09833		9.597647	-2.327134	-1.212309	-0.090275	0.095848	0.646585	-105.456664	-66.333183	47.819520
09834		9.550510	-2.625288	-1.135384	-0.142664	0.104728	0.665477	-105.186176	-65.980070	47.433903
09835		9.496859	-3.140451	-1.009254	-0.175827	0.111381	0.672078	-104.933304	-65.623732	47.045766
09836		9.385597	-3.542342	-1.038312	-0.133882	0.117743	0.681804	-104.655528	-65.262181	46.655480
09837		9.252524	-3.702991	-0.785845	-0.084430	0.122538	0.688215	-104.351062	-64.896964	46.265952
09838		9.190650	-3.885425	-0.772060	-0.022078	0.123350	0.698204	-104.017583	-64.525440	45.882581
09839		9.198457	-3.801814	-0.802914	0.054604	0.125311	0.709888	-103.644679	-64.146645	45.503108
09840		9.238162	-3.532663	-0.812813	0.075128	0.133118	0.720437	-103.259534	-63.762017	45.121784
09841		9.252058	-3.311251	-0.824189	0.066253	0.142585	0.736132	-102.875375	-63.368655	44.734692
09842		9.126336	-3.216500	-0.892299	0.011324	0.154337	0.747615	-102.518201	-62.969436	44.341130
09843		8.867686	-3.343520	-1.002226	-0.024009	0.167523	0.749742	-102.176777	-62.569378	43.941208
09844		8.683301	-3.547701	-1.057121	-0.069978	0.160162	0.753427	-101.879462	-62.165668	43.559769
09845		8.592748	-3.885203	-1.069135	-0.078552	0.162395	0.754800	-101.593590	-61.760246	43.184421
09846		8.528978	-4.177438	-1.078799	-0.039252	0.157531	0.760658	-101.298874	-61.350468	42.823048
09847		8.472641	-4.418453	-0.955498	-0.020207	0.158430	0.766277	-100.999989	-60.936369	42.468091
09848		8.393116	-4.602087	-0.877854	0.046396	0.162175	0.771438	-100.667998	-60.519230	42.117346
09849		8.372019	-4.628805	-0.768776	0.101869	0.166900	0.780397	-100.307079	-60.096107	41.768581
09850		8.049410	-4.200510	-0.366145	0.066623	0.165983	0.786129	-99.976249	-59.669027	41.429616
09851		7.926471	-4.155343	-0.351590	0.458096	0.106877	0.815379	-99.482757	-59.218091	41.160852
09852		8.170615	-3.410826	-1.090117	0.162741	0.107889	0.842224	-99.163231	-58.751560	40.896205
09853		8.377766	-3.869558	-0.015303	0.138261	0.134923	0.861321	-98.838091	-58.275437	40.607330
09854		8.661890	-4.010413	-0.838267	0.260497	0.117083	0.879581	-98.466127	-57.787097	40.344176
09855		8.894384	-3.931408	-0.502562	0.276092	0.171049	0.910060	-98.042466	-57.284384	40.029039
09856		8.619715	-4.289487	-0.139992	0.312548	0.216908	0.938976	-97.565865	-56.768221	39.673744
09857		8.500204	-3.989085	-0.072275	0.273100	0.209836	0.939866	-97.129598	-56.248799	39.337748
09858		8.571782	-3.764558	0.066200	0.171942	0.234772	0.939430	-96.741483	-55.730873	38.987761
09859		8.498232	-3.776807	0.231292	0.089500	0.244617	0.961150	-96.400666	-55.199151	38.635779
09860		8.395697	-3.977042	0.007089	-0.035397	0.212448	0.971183	-96.166187	-54.659730	38.323910
09861		8.390706	-4.211193	-0.181059	-0.172507	0.199475	0.973052	-96.027897	-54.116849	38.031715
09862		8.484547	-4.584553	-0.163070	-0.241454	0.206782	0.972809	-95.929611	-53.575379	37.738073
09863		8.506968	-4.871481	-0.089703	-0.317714	0.222968	0.967581	-95.868739	-53.036414	37.434608
09864		8.369892	-5.487503	0.052713	-0.350341	0.211502	0.960457	-95.840829	-52.502015	37.146888
09865		8.148787	-6.006354	0.100833	-0.271979	0.213169	0.957477	-95.772106	-51.967949	36.862299
09866		7.918422	-6.105255	0.035623	-0.096475	0.187158	0.949256	-95.627458	-51.438126	36.607059
09867		7.921718	-6.191832	0.169812	-0.004222	0.172341	0.942611	-95.446802	-50.909468	36.371522
09868		7.782787	-6.584916	0.269407	0.018919	0.182205	0.908678	-95.253309	-50.401580	36.134902
09869		7.532189	-7.269406	0.312244	0.007663	0.140325	0.865885	-95.102984	-49.914133	35.944290
09870		7.513743	-7.716103	0.108007	0.107312	0.116643	0.841215	-94.916552	-49.440534	35.780064
09871		7.415438	-7.903616	-0.212921	0.278617	0.132687	0.836032	-94.626548	-48.968915	35.607303
09872		7.267202	-7.610072	-0.169142	0.483057	0.170675	0.836953	-94.199498	-48.498927	35.407103
09873		7.164226	-6.925178	0.026750	0.652058	0.201492	0.844652	-93.663103	-48.023479	35.188376
09874		7.202865	-5.961832	0.324799	0.718786	0.217172	0.841212	-93.085793	-47.550231	34.964747
09875		7.452684	-5.075424	0.624466	0.645149	0.223415	0.831999	-92.555490	-47.079910	34.745621
09876		7.777802	-4.446596	0.835545	0.524508	0.233045	0.846425	-92.094232	-46.601467	34.525140
09877		8.177756	-4.139841	0.954950	0.378217	0.246887	0.877745	-91.715103	-46.103081	34.300090
09878		8.427859	-4.099373	0.980744	0.260649	0.258982	0.924256	-91.400451	-45.578741	34.069641
09879		8.483119	-4.226496	0.791212	0.181895	0.274810	0.955161	-91.128129	-45.034657	33.832580
09880		8.512418	-4.352286	0.689001	0.162164	0.277753	0.965464	-90.869880	-44.485670	33.597863
09881		8.614362	-4.527443	0.814797	0.134796	0.290317	0.975997	-90.626870	-43.928286	33.359503
09882		8.739135	-4.858660	0.818343	0.162916	0.289939	0.999447	-90.372133	-43.358771	33.125850
09883		8.759806	-5.052963	0.560845	0.186431	0.274629	1.025316	-90.118906	-42.771613	32.910820
09884		8.648202	-5.302882	0.202929	0.201014	0.264447	1.035327	-89.866679	-42.180378	32.708155
09885		8.718960	-5.165279	-0.001969	0.143974	0.232400	1.034401	-89.669840	-41.586824	32.536250
09886		8.722865	-4.538770	-0.369919	-0.044112	0.213374	1.036557	-89.592608	-40.994441	32.381234
09887		8.295594	-4.142385	-0.643665	-0.177365	0.191138	1.039146	-89.606435	-40.397960	32.245942
09888		7.724595	-4.737183	0.160215	-0.053586	0.136889	1.030141	-89.576124	-39.809852	32.151504
09889		7.495765	-5.066169	1.002565	0.073212	0.107337	0.993090	-89.489973	-39.240032	32.081385
09890		7.794066	-5.571896	0.368030	-0.251081	0.154073	0.936438	-89.567334	-38.705721	31.976020
09891		7.477899	-6.876046	-0.796007	-0.731528	0.253398	0.910187	-89.875850	-38.183175	31.797426
09892		6.700471	-8.057481	-2.464502	-1.100642	0.324007	0.876271	-90.362263	-37.684602	31.563211
09893		6.308643	-7.837124	-3.662446	-1.229708	0.274223	0.795933	-90.945026	-37.229997	31.362227
09894		6.302503	-8.166354	-3.567134	-0.955218	0.195231	0.637067	-91.403877	-36.870409	31.215424
09895		6.054662	-8.761178	-2.322650	-0.377595	0.150617	0.413066	-91.553719	-36.635612	31.103576
09896		5.688284	-8.491599	-1.928680	0.032637	0.078199	0.117499	-91.502374	-36.572502	31.048456
09897		5.431995	-8.820900	-2.090026	0.078551	0.156272	-0.147404	-91.394914	-36.658763	30.943041
09898		4.611056	-8.080863	-1.914804	0.545580	0.139839	-0.423858	-91.028473	-36.906159	30.852508
09899		4.983798	-5.992642	-1.635734	0.426813	0.103939	-0.737434	-90.746330	-37.329145	30.789507
09900		3.726708	-5.565390	0.586046	-0.474190	0.669427	-1.344742	-90.731565	-38.107371	30.320480
09901		3.265359	-10.075996	-2.584199	0.084713	0.456734	-1.948364	-90.485754	-39.226031	30.004077
09902		5.335299	-10.567711	-1.012362	2.208527	0.106921	-2.399086	-89.168317	-40.603039	29.922233
09903		7.428164	-9.093277	-2.034943	2.514016	0.110221	-2.647350	-87.637884	-42.117186	29.785521
09904		7.746952	-9.721443	-4.020403	2.298622	0.352754	-2.712203	-86.057168	-43.660281	29.397254
09905		8.073443	-8.282317	-2.269825	2.758030	0.261050	-2.624336	-84.209095	-45.145639	29.014024
09906		9.717061	-6.344881	-0.075843	2.744776	0.182032	-2.431849	-82.366123	-46.519943	28.636048
09907		10.284276	-4.039308	2.648343	2.803714	0.386257	-2.353373	-80.307958	-47.819643	28.019620
09908		8.904488	-0.828126	4.450699	2.628667	0.517622	-2.465620	-78.178848	-49.155407	27.186733
09909		7.514762	1.629871	4.710091	1.861098	0.481970	-2.588347	-76.410180	-50.541646	26.267459
09910		7.579901	2.750920	4.712306	0.507549	0.373702	-2.563396	-75.419248	-51.918062	25.368981
09911		9.105694	2.275073	4.232758	-1.188471	0.328256	-2.451588	-75.404082	-53.230436	24.491912
09912		10.763461	0.695348	2.623119	-2.600327	0.507225	-2.366580	-76.053546	-54.477473	23.451003
09913		11.413169	-1.449830	1.259840	-3.391022	0.799639	-2.313026	-76.919723	-55.659300	22.137105
09914		11.066148	-3.851620	0.034126	-3.713866	0.997992	-2.284593	-77.786655	-56.816377	20.620359
09915		10.681232	-6.241174	-1.064294	-3.796596	1.064211	-2.265445	-78.619111	-57.962548	19.025688
09916		10.426875	-7.968704	-1.925228	-3.647156	1.129600	-2.237119	-79.271775	-59.101541	17.340932
09917		10.077017	-8.775729	-2.379772	-3.402911	1.228045	-2.194784	-79.652183	-60.209394	15.522012
09918		9.464337	-9.084670	-2.391236	-2.950697	1.321098	-2.131891	-79.624143	-61.279671	13.552054
09919		8.861389	-8.797173	-2.199548	-2.486872	1.355021	-2.100948	-79.219122	-62.320727	11.475283
09920		8.513173	-8.001465	-1.987877	-2.092096	1.365304	-2.118893	-78.467013	-63.364977	9.282732
09921		8.319843	-7.123115	-1.960405	-1.822127	1.372443	-2.133700	-77.427905	-64.396761	6.962326
09922		8.219324	-6.524573	-1.426120	-1.672552	1.354858	-2.150621	-76.174798	-65.423472	4.520456
09923		8.137820	-6.197511	-0.995854	-1.693134	1.342930	-2.172306	-74.785240	-66.436023	1.935736
09924		7.909743	-6.085182	-0.750038	-1.818228	1.351495	-2.217252	-73.260455	-67.448360	-0.853704
09925		7.636780	-6.325866	-0.515094	-1.931552	1.349068	-2.316354	-71.562724	-68.480741	-3.879440
09926		7.432213	-6.056637	-0.378244	-1.863846	1.298984	-2.442904	-69.590325	-69.557326	-7.135607
09927		7.910547	-5.724894	-0.190756	-1.801953	1.237816	-2.520646	-67.343426	-70.641591	-10.623451
09931		8.905594	-5.298235	-0.379701	-1.652710	1.297339	-2.577041	-53.641738	-74.369375	-28.943285
09932		8.773126	-4.128203	0.509429	-1.389361	1.202479	-2.454576	-49.258558	-75.045813	-34.312179
09933		9.024828	-3.149620	0.090786	-1.590303	1.098056	-2.346363	-44.922053	-75.604347	-39.736984
09934		9.387659	-2.548318	0.192715	-1.819091	1.061587	-2.238810	-40.604154	-76.032555	-45.265539
09935		9.527287	-1.937751	0.795845	-2.014860	1.047797	-2.155290	-36.315111	-76.332808	-50.871445
09939		9.176211	-1.804108	0.610273	-2.715983	1.052142	-2.048490	-20.619909	-76.463387	-73.413653
09940		9.247237	-2.357342	0.042982	-3.263501	0.949838	-1.912217	-17.469514	-76.310495	-78.578569
09941		9.361242	-2.489070	0.052320	-3.378262	0.919405	-1.846889	-14.673523	-76.099636	-83.451026
09942		9.338368	-2.719675	0.286194	-3.348774	0.865662	-1.798284	-12.115141	-75.858970	-88.065562
09943		9.119704	-2.558393	-0.326320	-3.512117	0.812273	-1.737999	-9.938503	-75.595110	-92.388279
09947		9.161485	-2.910525	-1.205288	-3.220301	0.576863	-1.450146	-4.252290	-74.699608	-105.905864
09948		9.629343	-1.617633	-1.564185	-2.868272	0.331115	-1.141086	-3.471477	-74.559332	-108.419792
09949		9.988520	-1.396619	-0.994695	-2.842893	0.235287	-1.065216	-2.876688	-74.461254	-110.727681
09950		9.966540	-2.473429	-0.066482	-2.535239	0.140863	-0.974261	-2.312987	-74.410105	-112.820823
09951		9.356060	-3.478489	0.639180	-2.283709	0.021480	-0.812238	-1.954655	-74.417890	-114.551691
09955		9.105518	-3.224681	0.144915	-1.402292	-0.552522	-0.023554	-5.273106	-75.697524	-114.445017
09956		13.016342	-1.697726	5.492667	0.922746	-0.911607	0.400299	-5.862917	-76.202029	-113.292240
09957		13.549623	-0.403463	8.236078	1.033747	-0.664222	0.307892	-6.162558	-76.564756	-112.374948
09958		12.065209	0.748513	8.767324	0.022778	-0.287760	0.249749	-6.830888	-76.716765	-111.674988
09959		9.791411	1.511270	9.828878	-1.030399	-0.053276	0.258466	-8.063817	-76.730539	-111.015224
09963		8.026594	-1.673598	3.374595	-1.427067	-0.332712	0.281357	-14.755819	-77.362184	-107.506344
09964		9.202114	-2.482533	-1.013794	-0.611446	-0.548680	0.289251	-16.212143	-77.624628	-106.373935
09965		9.284513	-1.934099	0.376864	-0.575402	-0.404070	0.293102	-17.594295	-77.799867	-105.297224
09966		9.562603	-2.127497	0.295233	-0.404326	-0.489889	0.267869	-18.925581	-78.021594	-104.173151
09967		10.186095	-2.280522	-0.398600	-0.233533	-0.545202	0.216606	-20.120802	-78.277040	-103.089053
09971		9.751501	-1.524596	1.325756	-0.133906	-0.423902	0.097672	-23.298224	-79.107718	-100.163617
09972		9.526100	-0.513188	2.029004	-0.557165	-0.396534	0.074535	-24.322248	-79.302411	-99.446798
09973		9.663578	-0.594301	1.870697	-0.796517	-0.411132	0.081268	-25.543313	-79.498755	-98.669262
09974		9.826873	-0.837218	1.636317	-0.996806	-0.398902	0.066847	-26.865496	-79.690023	-97.906190
09975		9.901320	-1.252525	1.453418	-1.127896	-0.380009	0.036468	-28.182090	-79.875748	-97.225462
09976		9.765989	-1.874620	1.248872	-1.124104	-0.363053	0.001072	-29.411295	-80.060749	-96.631778
09977		9.596167	-2.224362	0.930966	-1.014251	-0.366918	-0.026992	-30.530695	-80.252814	-96.085889
09979		9.432640	-2.537873	0.576941	-0.648315	-0.390281	-0.025871	-32.543209	-80.654555	-94.799457
09980		9.262046	-2.248842	0.785941	-0.216317	-0.403623	-0.016937	-33.410736	-80.856606	-94.046666
09981		9.274025	-1.724024	0.915732	-0.005945	-0.422029	-0.026231	-34.193371	-81.068006	-93.258071
09982		9.471912	-0.989476	1.063705	0.104279	-0.436140	-0.031862	-34.973109	-81.286744	-92.409124
09983		9.711972	-0.343435	1.187195	0.117382	-0.441224	-0.023293	-35.814503	-81.502614	-91.490559
09984		9.882811	0.107129	1.205969	0.064256	-0.429291	-0.007472	-36.764703	-81.705957	-90.493430
09985		9.971608	0.412251	1.108969	-0.041478	-0.411338	0.007557	-37.817264	-81.892827	-89.454434
09987		9.971551	0.414671	1.004941	-0.251531	-0.371315	0.030780	-40.260997	-82.205536	-87.279005
09988		9.854663	-0.083594	1.003807	-0.398964	-0.317589	0.041522	-41.525263	-82.329964	-86.234358
09989		9.763222	-0.562350	0.844781	-0.443430	-0.303147	0.040130	-42.795505	-82.445099	-85.209574
09990		9.715793	-1.082523	0.793687	-0.421083	-0.300938	0.048650	-44.118271	-82.553436	-84.119260
09991		9.712619	-1.390744	0.624991	-0.348731	-0.290901	0.058070	-45.421445	-82.650051	-83.007058
09995		9.709224	-1.401181	0.407242	-0.164634	-0.277257	0.061295	-50.372433	-82.978953	-78.399041
09996		9.621226	-1.334286	0.462516	0.001018	-0.267384	0.036679	-51.497193	-83.061394	-77.265936
09997		9.590422	-1.313120	0.421998	-0.018868	-0.261417	0.015791	-52.550695	-83.147851	-76.216074
09998		9.663115	-1.189386	0.562657	-0.073540	-0.259803	-0.004110	-53.612618	-83.240820	-75.189583
09999		9.752399	-1.049587	0.653254	-0.122690	-0.242773	-0.020433	-54.603293	-83.333188	-74.263276
10000		9.742972	-1.049268	0.732176	-0.135045	-0.222375	-0.036899	-55.512105	-83.425012	-73.426788
