// General information: 
//  MT Manager version: 2022.2.0 
//  XDA version: 2022.2.0 build 7381 rev 124627 built on 2023-07-19
// Device information: 
//  DeviceId: 00B4BB4F
//  ProductCode: MTW2-3A7G6
//  Firmware Version: 4.6.0
//  Hardware Version: 2.0.0
// Device settings: 
//  Filter Profile: human(46.1)
//  Option Flags: Orientation Smoother Disabled, Position/Velocity Smoother Disabled, Continuous Zero Rotation Update Disabled, AHS Disabled, ICC Disabled
// Coordinate system: ENU
PacketCounter	SampleTimeFine	Acc_X	Acc_Y	Acc_Z	Gyr_X	Gyr_Y	Gyr_Z	Roll	Pitch	Yaw
60827		-2.573477	9.175264	2.144974	0.047440	0.007756	-0.012434	75.850752	15.204932	115.636967
60828		-2.598749	9.226322	2.072814	0.038528	0.003355	-0.021337	75.874259	15.219003	115.635296
60829		-2.596298	9.212201	2.127896	0.022848	-0.002855	-0.026758	75.886472	15.234387	115.629258
60830		-2.603482	9.225982	2.068382	0.012544	-0.000131	-0.028312	75.894336	15.251853	115.624579
60831		-2.594399	9.173616	2.095540	0.000195	-0.010159	-0.026644	75.892463	15.266154	115.614354
60832		-2.599669	9.244829	2.123445	0.007285	-0.006635	-0.030878	75.896265	15.284144	115.605561
60833		-2.615116	9.189733	2.070129	-0.002895	-0.012324	-0.032123	75.892078	15.301188	115.593294
60834		-2.582563	9.187957	2.119161	-0.007158	-0.002477	-0.027661	75.888391	15.317976	115.587364
60835		-2.600435	9.204720	2.094451	-0.003406	-0.007732	-0.024672	75.884888	15.331519	115.578818
60836		-2.628665	9.225119	2.102066	-0.000523	-0.004854	-0.017139	75.885075	15.342129	115.573046
60837		-2.618456	9.172867	2.130053	-0.004562	-0.006574	-0.015717	75.881426	15.350858	115.566463
60838		-2.566968	9.183318	2.128803	0.000623	-0.011618	-0.030731	75.880747	15.368081	115.554825
60839		-2.646176	9.173462	2.123022	-0.004442	-0.007999	-0.034356	75.876229	15.386967	115.544717
60840		-2.611175	9.201261	2.096289	0.004347	-0.011624	-0.031393	75.877680	15.404560	115.532981
60841		-2.613699	9.200574	2.096156	0.004248	-0.008467	-0.028045	75.878306	15.419874	115.523517
60842		-2.596969	9.163592	2.106181	0.003931	-0.010189	-0.027290	75.879928	15.435392	115.513207
60843		-2.629495	9.202656	2.128433	0.003329	-0.000692	-0.031793	75.881071	15.453875	115.507680
60844		-2.640878	9.181862	2.072348	0.010062	-0.011818	-0.029262	75.885906	15.470265	115.496150
60845		-2.643041	9.234214	2.085007	0.000070	-0.007396	-0.031563	75.884156	15.487684	115.486791
60846		-2.649582	9.199172	2.087529	-0.001343	-0.005865	-0.028858	75.883424	15.504686	115.478756
60847		-2.602110	9.228387	2.101621	-0.007116	-0.013383	-0.028616	75.876742	15.519631	115.466369
60848		-2.628093	9.176316	2.082509	-0.022709	-0.006350	-0.031738	75.863614	15.538166	115.457637
60849		-2.664453	9.180688	2.108889	-0.008209	-0.010134	-0.026663	75.856874	15.552475	115.447400
60850		-2.627889	9.160159	2.143557	-0.020147	-0.005183	-0.023457	75.845749	15.566575	115.440543
60851		-2.668562	9.125901	2.098820	-0.004864	-0.008327	-0.014945	75.841658	15.574625	115.433048
60852		-2.642153	9.210801	2.117684	0.000316	-0.003888	-0.005390	75.843194	15.578875	115.429568
60853		-2.658411	9.175113	2.079811	-0.005135	-0.004081	-0.001265	75.840138	15.579920	115.426511
60854		-2.642343	9.210500	2.118756	-0.007966	-0.006620	-0.000498	75.836735	15.581073	115.422173
60855		-2.658443	9.174632	2.081891	-0.017180	-0.007181	-0.003991	75.826190	15.583196	115.416931
60856		-2.662043	9.193070	2.098526	-0.009381	-0.010695	-0.002432	75.821308	15.584855	115.409966
60857		-2.688454	9.213560	2.107617	-0.023834	-0.006567	0.000793	75.807233	15.584406	115.405775
60858		-2.642301	9.155945	2.112901	-0.027084	-0.007666	0.005658	75.793033	15.582001	115.401742
60859		-2.637811	9.189840	2.112971	-0.019541	-0.005208	0.005613	75.781818	15.579065	115.399039
60860		-2.652850	9.206995	2.090143	-0.029596	-0.008491	0.005677	75.766090	15.576533	115.394540
60861		-2.636208	9.189030	2.118487	-0.033627	-0.004621	0.011745	75.747136	15.570273	115.393075
60862		-2.642287	9.173068	2.139611	-0.042793	-0.010441	0.011909	75.723833	15.564006	115.388373
60863		-2.625427	9.154888	2.168943	-0.041842	-0.005285	0.009659	75.699990	15.558808	115.386224
60864		-2.666804	9.139857	2.141422	-0.029119	-0.003998	0.014524	75.685653	15.552000	115.385631
60865		-2.611498	9.203898	2.155689	-0.033044	-0.003294	0.017250	75.667459	15.542870	115.385749
60866		-2.644625	9.102898	2.157755	-0.039740	-0.003040	0.013753	75.647190	15.536627	115.385604
60867		-2.632292	9.152322	2.140902	-0.017438	-0.002970	0.009708	75.637692	15.531729	115.384802
60868		-2.631300	9.152105	2.143050	-0.028271	-0.001288	0.010984	75.624189	15.527279	115.385267
60869		-2.615713	9.182876	2.110352	-0.015917	-0.002061	0.008301	75.615647	15.523290	115.384783
60870		-2.645186	9.169276	2.121984	-0.029155	0.001239	0.010896	75.602064	15.519249	115.386698
60871		-2.628372	9.151409	2.149603	-0.023766	-0.000657	0.013755	75.589457	15.512433	115.387831
60872		-2.646023	9.187719	2.141777	-0.021986	-0.000128	0.018590	75.580115	15.503932	115.390106
60873		-2.624538	9.204337	2.167119	-0.028206	0.004628	0.023939	75.566181	15.492221	115.395794
60874		-2.630281	9.135710	2.174395	-0.040562	-0.000205	0.021978	75.546356	15.481831	115.398537
60875		-2.556518	9.110136	2.185702	-0.026434	-0.004261	0.004186	75.531289	15.479810	115.396181
60876		-2.617952	9.131603	2.147421	-0.028880	0.002616	0.001869	75.517825	15.480980	115.397572
60877		-2.628624	9.134406	2.181863	-0.012030	0.002487	0.001944	75.511958	15.481169	115.398768
60878		-2.598894	9.094537	2.160042	-0.009001	-0.001273	-0.005530	75.509027	15.485890	115.396825
60879		-2.621848	9.149551	2.165423	0.010152	0.000139	-0.003424	75.515296	15.488720	115.395872
60880		-2.625576	9.168282	2.180309	-0.002764	0.005156	-0.001569	75.517119	15.492167	115.398226
60881		-2.645366	9.151838	2.156450	0.016280	0.004129	-0.000764	75.527618	15.494093	115.399965
60882		-2.602664	9.166551	2.186207	0.008007	0.001366	0.004139	75.535291	15.493833	115.400993
60883		-2.614579	9.165774	2.145009	0.007899	-0.001073	0.002837	75.540331	15.493016	115.400273
60884		-2.617973	9.184669	2.159614	0.006546	0.002560	-0.001443	75.547165	15.496022	115.401165
60885		-2.638256	9.167890	2.136552	-0.006964	-0.004941	-0.014395	75.542410	15.504213	115.395660
60886		-2.600798	9.045696	2.216940	-0.005395	-0.007510	-0.027449	75.539858	15.520209	115.386902
60887		-2.569621	9.145520	2.217591	0.033741	-0.016957	-0.056025	75.554915	15.549779	115.368298
60888		-2.625676	9.215841	2.156565	-0.009148	-0.009926	-0.070266	75.548146	15.589185	115.351801
60889		-2.612123	9.075907	2.213503	0.007812	-0.013217	-0.073532	75.548202	15.629004	115.332746
60890		-2.619611	9.175959	2.165530	0.026141	-0.007173	-0.078489	75.561758	15.673365	115.316620
60891		-2.660791	9.073802	2.161950	0.020915	-0.002531	-0.071739	75.571033	15.713720	115.303995
60892		-2.663128	9.005140	2.203291	0.056000	-0.010232	-0.087213	75.600881	15.762496	115.284841
60893		-2.652908	9.122367	2.174006	0.074350	-0.015416	-0.101441	75.637544	15.817515	115.260425
60894		-2.679394	9.187173	2.082755	0.065422	-0.009089	-0.109264	75.672083	15.878720	115.238736
60895		-2.744646	9.091201	2.141216	0.061999	-0.015143	-0.106955	75.701456	15.936866	115.213718
60896		-2.682840	9.219647	2.109650	0.077188	-0.026710	-0.112649	75.739813	15.997494	115.181426
60897		-2.751993	9.428100	2.027503	0.042596	-0.012471	-0.095331	75.758931	16.049588	115.159710
60898		-2.698226	9.061261	2.138944	-0.038978	-0.013737	-0.082525	75.734032	16.095328	115.139362
60899		-2.725763	9.148168	2.141504	0.057093	-0.016573	-0.098529	75.760628	16.148618	115.114792
60900		-2.745569	9.333359	2.062534	-0.001759	-0.011905	-0.104462	75.756445	16.206805	115.092295
60901		-2.784350	9.079365	2.170457	-0.033546	-0.000746	-0.092569	75.733863	16.259017	115.077739
60902		-2.748140	9.121384	2.127325	0.007000	-0.011930	-0.089891	75.735285	16.309103	115.057346
60903		-2.798564	9.156877	2.109646	-0.003279	-0.008946	-0.083130	75.729070	16.354914	115.039414
60904		-2.749218	9.200788	2.106520	-0.010408	-0.015004	-0.080168	75.720419	16.399168	115.018666
60905		-2.793175	9.115790	2.122483	-0.025784	-0.000775	-0.079355	75.702771	16.444032	115.005996
60906		-2.808858	9.146131	2.081937	-0.018219	-0.005566	-0.068797	75.691668	16.483300	114.992372
60907		-2.826585	9.064334	2.178672	-0.019523	-0.001193	-0.056545	75.678471	16.515435	114.982803
60908		-2.830334	9.145277	2.117568	-0.002438	-0.009621	-0.056163	75.676286	16.547118	114.968691
60909		-2.781959	9.155634	2.117353	-0.029069	-0.005659	-0.052273	75.657049	16.576246	114.957153
60910		-2.856696	9.075988	2.158636	-0.020301	-0.003538	-0.044729	75.646138	16.602442	114.948251
60911		-2.819949	9.138349	2.131031	-0.013350	-0.004049	-0.035036	75.636890	16.622225	114.940185
60912		-2.832828	9.087414	2.151395	-0.001390	-0.002862	-0.025386	75.637771	16.637786	114.934545
60913		-2.808094	9.119467	2.157480	-0.007328	-0.003675	-0.010228	75.633084	16.643852	114.930372
60914		-2.834854	9.086618	2.152088	0.005763	-0.005739	-0.002528	75.638584	16.646319	114.926464
60915		-2.794749	9.150459	2.122876	-0.003578	-0.003229	-0.002653	75.636442	16.648245	114.923674
60916		-2.815283	9.050344	2.162906	-0.014131	0.000085	-0.002123	75.631560	16.651316	114.923208
60917		-2.818184	9.151725	2.116329	0.009100	-0.009871	-0.003746	75.635533	16.652903	114.916408
60918		-2.828528	9.101691	2.136125	-0.012458	0.005909	-0.000946	75.632659	16.656150	114.919499
60919		-2.827613	9.048842	2.122832	0.017421	-0.006266	0.007865	75.642490	16.651806	114.916510
60920		-2.814931	9.104028	2.174342	0.027384	0.002757	0.012403	75.662520	16.647200	114.919761
60921		-2.832803	9.088034	2.148810	0.025293	0.006488	0.021217	75.679544	16.637253	114.926135
60922		-2.807556	9.087765	2.153533	0.038388	0.004415	0.028923	75.706876	16.623709	114.932790
60923		-2.788140	9.154782	2.112904	0.035103	0.010588	0.023182	75.730278	16.613247	114.941821
60924		-2.819638	9.107748	2.122016	0.017635	0.014816	0.022270	75.747186	16.604857	114.953517
60925		-2.810664	9.124486	2.102233	0.027067	0.007058	0.026039	75.765514	16.592304	114.960914
60926		-2.780172	9.109999	2.165113	0.026843	0.015472	0.025736	75.787980	16.582075	114.973499
60927		-2.863220	9.133791	2.113074	0.041289	0.009392	0.029473	75.814980	16.567937	114.982741
60928		-2.793661	9.178563	2.073153	0.022361	0.007078	0.025340	75.833492	16.556742	114.990399
60929		-2.832174	9.168945	2.113944	0.005144	0.011001	0.030628	75.840089	16.542183	115.000732
60930		-2.772887	9.163266	2.096130	0.007538	0.001291	0.023419	75.849106	16.531241	115.004758
60931		-2.795307	9.082999	2.150409	-0.005354	0.016378	0.024181	75.850301	16.521015	115.017260
60932		-2.786317	9.099441	2.131706	0.028946	-0.003674	0.021644	75.870718	16.510360	115.018152
60933		-2.781407	9.134760	2.127143	0.020349	0.006795	0.014325	75.884647	16.504264	115.023657
60934		-2.815501	9.135784	2.077019	0.018447	0.001707	0.015194	75.899689	16.497942	115.026728
60935		-2.794986	9.153508	2.098612	0.009629	0.005229	0.012262	75.907132	16.492771	115.031022
60936		-2.827367	9.106040	2.109194	0.017759	0.003497	0.013059	75.922018	16.487886	115.034825
60937		-2.788930	9.136191	2.080224	0.018923	0.008326	0.017022	75.935490	16.480500	115.041603
60938		-2.794728	9.174672	2.108617	0.019998	0.003019	0.022053	75.951979	16.470550	115.046437
60939		-2.803264	9.125756	2.127011	0.006335	0.009775	0.021729	75.958667	16.460746	115.054733
60940		-2.786703	9.104681	2.077806	0.018742	0.009458	0.027326	75.975732	16.448759	115.064065
60941		-2.770625	9.189888	2.053805	0.017446	0.007809	0.026694	75.988661	16.435918	115.071935
60942		-2.789679	9.144316	2.104978	0.004605	0.009592	0.025178	75.997590	16.425136	115.081034
60943		-2.780544	9.160514	2.087194	-0.002704	0.006350	0.023192	75.998588	16.414038	115.087547
60944		-2.778690	9.161029	2.087404	-0.006806	0.009834	0.020970	76.000870	16.405627	115.096183
60945		-2.783711	9.146108	2.105093	-0.004262	0.011071	0.029216	76.001991	16.391834	115.106301
60946		-2.773775	9.109298	2.074867	-0.004478	0.011800	0.031259	76.006370	16.377973	115.117568
60947		-2.788868	9.098025	2.124613	0.004515	0.013159	0.036781	76.013163	16.360262	115.129984
60948		-2.771529	9.130262	2.088379	0.016365	0.011433	0.036918	76.029670	16.343202	115.141853
60949		-2.771763	9.150611	2.101285	0.025143	0.013516	0.044486	76.048641	16.321250	115.155573
60950		-2.758843	9.197261	2.005774	0.024155	0.013583	0.043104	76.070223	16.301038	115.169568
60951		-2.753656	9.203543	2.077453	-0.002573	0.015218	0.045644	76.073623	16.278669	115.184425
60952		-2.772675	9.153422	2.056875	-0.006473	0.010289	0.043740	76.077174	16.257640	115.196601
60953		-2.700205	9.201854	2.094201	-0.020270	0.006543	0.036207	76.068637	16.239322	115.205074
60954		-2.777117	9.104701	2.080513	-0.049421	0.017095	0.029425	76.048131	16.227189	115.219145
60955		-2.709263	9.118166	2.121495	-0.007246	0.003585	0.027433	76.046223	16.213345	115.224650
60956		-2.749856	9.156417	2.104776	-0.025543	0.012491	0.019398	76.038266	16.206154	115.234620
60957		-2.744537	9.137811	2.091006	-0.011712	0.010590	0.022318	76.034725	16.196124	115.243446
60958		-2.716001	9.170604	2.097434	-0.014345	0.012935	0.025669	76.033527	16.185507	115.254582
60959		-2.770558	9.124968	2.102769	-0.023114	0.016875	0.030996	76.024812	16.171522	115.268298
60960		-2.753148	9.156577	2.069026	-0.009750	0.008740	0.040357	76.026178	16.152157	115.279127
60961		-2.730013	9.174431	2.092763	-0.013398	0.016780	0.046951	76.023643	16.129290	115.295085
60962		-2.725797	9.122419	2.080796	-0.016648	0.015678	0.051811	76.022648	16.104515	115.311583
60963		-2.653197	9.117498	2.105397	-0.012073	0.006783	0.030068	76.018583	16.089651	115.319322
60964		-2.686866	9.171168	2.071515	-0.025533	0.006482	0.006511	76.009228	16.088782	115.323979
60965		-2.735032	9.091973	2.120210	-0.021478	0.002601	0.000462	75.997920	16.089800	115.325031
60966		-2.678678	9.137321	2.117949	-0.015257	-0.002547	-0.013127	75.992243	16.098595	115.321638
60967		-2.767121	9.077278	2.132227	-0.002386	0.003310	-0.013947	75.991411	16.107722	115.321021
60968		-2.723372	9.174667	2.100368	0.010598	-0.001311	-0.007484	76.000985	16.113551	115.319165
60969		-2.734981	9.124799	2.119535	0.000279	0.001342	-0.009025	76.001561	16.119669	115.318121
60970		-2.717431	9.190111	2.081469	0.020798	-0.000794	-0.002603	76.017278	16.122855	115.317276
60971		-2.767256	9.159863	2.066916	0.001616	0.003355	-0.000111	76.019301	16.124296	115.318683
60972		-2.731977	9.159519	2.114539	0.012928	0.000619	0.002822	76.030982	16.124661	115.319447
60973		-2.732899	9.208116	2.053907	-0.003159	0.001352	0.006147	76.030197	16.122346	115.320596
60974		-2.727621	9.140933	2.099480	-0.009951	-0.000866	0.001349	76.028498	16.123321	115.320297
60975		-2.727682	9.140739	2.100244	-0.005800	-0.002299	-0.003407	76.025231	16.125812	115.317957
60976		-2.724559	9.174690	2.098730	-0.009672	0.000475	-0.007675	76.023566	16.131989	115.317140
60977		-2.728767	9.140001	2.102048	-0.012807	-0.003792	-0.006160	76.015934	16.135804	115.313539
60978		-2.706350	9.137759	2.110559	-0.000033	-0.000377	-0.008274	76.019650	16.142192	115.312150
60979		-2.745696	9.156919	2.077401	0.001328	-0.003980	-0.003992	76.020172	16.144776	115.308753
60980		-2.733897	9.105132	2.104926	0.000648	-0.002179	-0.006133	76.024095	16.149722	115.306638
60981		-2.757377	9.160049	2.109569	0.010968	-0.004831	-0.004592	76.029979	16.152522	115.302662
60982		-2.727210	9.173672	2.099736	-0.002823	-0.002547	0.000765	76.032147	16.153584	115.301334
60983		-2.730814	9.139269	2.102572	-0.009423	0.000124	-0.001444	76.027272	16.155319	115.300679
60984		-2.688588	9.153978	2.134292	-0.007103	-0.003938	-0.004046	76.026589	16.158859	115.297861
60985		-2.733833	9.056078	2.166224	-0.002233	0.000512	-0.009010	76.025592	16.164854	115.296341
60986		-2.709702	9.136696	2.110858	0.024319	-0.011655	-0.018766	76.041082	16.175507	115.286941
60987		-2.711598	9.189552	2.122215	0.014252	-0.002051	-0.024697	76.048488	16.189871	115.281682
60988		-2.736645	9.138079	2.100161	0.015832	-0.006382	-0.022457	76.059830	16.203300	115.274815
60989		-2.781094	9.175788	2.081046	0.012424	-0.004686	-0.022538	76.065848	16.216101	115.268344
60990		-2.733301	9.152792	2.081083	0.002380	-0.008006	-0.022478	76.069235	16.229320	115.260545
60991		-2.742458	9.136743	2.098389	0.006007	-0.010434	-0.024437	76.070567	16.242386	115.250472
60992		-2.751801	9.120627	2.115717	0.005634	-0.020226	-0.029603	76.073566	16.257880	115.234579
60993		-2.750733	9.101141	2.100248	0.013726	-0.022374	-0.037065	76.076869	16.276323	115.215776
60994		-2.750114	9.134900	2.096394	0.035214	-0.024960	-0.037526	76.095729	16.295576	115.196012
60995		-2.712064	9.144738	2.052574	0.013949	-0.023125	-0.039094	76.098945	16.315051	115.176486
60996		-2.763488	9.118098	2.111385	0.018289	-0.019673	-0.041261	76.108826	16.337110	115.159262
60997		-2.756119	9.167232	2.090092	0.029432	-0.027299	-0.040906	76.120145	16.357025	115.137058
60998		-2.808987	9.135885	2.075351	0.014883	-0.017999	-0.041330	76.128346	16.379357	115.120808
60999		-2.769455	9.097255	2.092466	0.017974	-0.029106	-0.038132	76.132903	16.397486	115.097955
61000		-2.765124	9.112158	2.073858	0.024895	-0.030055	-0.036671	76.145058	16.415581	115.075390
61001		-2.782035	9.080753	2.107099	0.030009	-0.025948	-0.035411	76.157125	16.432638	115.054761
61002		-2.793266	9.113308	2.061951	0.040423	-0.033825	-0.030219	76.177817	16.446640	115.030944
61003		-2.766369	9.044851	2.111424	0.058156	-0.038471	-0.023038	76.204447	16.455114	115.004823
61004		-2.789574	9.182851	2.048598	0.078583	-0.043439	-0.026168	76.245589	16.465577	114.976021
61005		-2.768010	9.181758	2.051466	0.051645	-0.033404	-0.023930	76.269279	16.475266	114.952722
61006		-2.808553	9.200973	2.014978	0.040059	-0.024323	-0.020204	76.291748	16.485031	114.935877
61007		-2.774213	9.201029	2.061176	0.017516	-0.023720	-0.014136	76.297868	16.490596	114.919590
61008		-2.778532	9.166546	2.063250	0.002850	-0.016860	-0.015863	76.300440	16.498959	114.907702
61009		-2.782512	9.132058	2.065798	0.006917	-0.022386	-0.006656	76.301004	16.500544	114.893249
61010		-2.786193	9.097795	2.067752	0.015358	-0.014732	-0.008987	76.311381	16.505365	114.883576
61011		-2.785423	9.180274	2.003322	0.029553	-0.020545	-0.011439	76.325024	16.509866	114.869515
61012		-2.800194	9.202762	2.049357	0.018348	-0.014957	-0.004822	76.337260	16.512339	114.860309
61013		-2.787855	9.151402	2.076404	0.005104	-0.009645	-0.009238	76.338780	16.517095	114.852889
61014		-2.797440	9.183816	2.033488	0.004109	-0.017261	-0.008244	76.342350	16.521159	114.841868
61015		-2.801212	9.149257	2.036642	-0.009870	-0.012190	-0.007827	76.334927	16.524785	114.833170
61016		-2.775127	9.128380	2.029930	0.003934	-0.014492	-0.013183	76.338671	16.531971	114.823067
61017		-2.813554	9.152029	2.069826	0.006747	-0.011941	-0.013962	76.340562	16.539046	114.813646
61018		-2.777633	9.180888	2.042334	0.004280	-0.018435	-0.018534	76.343646	16.548677	114.800504
61019		-2.812784	9.132259	2.054902	-0.000921	-0.009647	-0.025808	76.341043	16.562658	114.790744
61020		-2.797728	9.196654	2.017657	0.001031	-0.017914	-0.028907	76.341940	16.578130	114.776446
61021		-2.819991	9.231501	2.009045	-0.025892	-0.013518	-0.031269	76.324162	16.594627	114.763661
61022		-2.809637	9.178533	2.040512	-0.046704	-0.012761	-0.028627	76.298589	16.610630	114.752397
61023		-2.809426	9.075642	2.092727	-0.043890	-0.010216	-0.029400	76.271111	16.626523	114.741778
61024		-2.805307	9.142686	2.091244	-0.021849	-0.019479	-0.030313	76.258591	16.642540	114.726364
61025		-2.824079	9.158187	2.069579	-0.046044	-0.015018	-0.034713	76.228853	16.660729	114.712187
61026		-2.810399	9.086034	2.086621	-0.043314	-0.014932	-0.036765	76.204521	16.680942	114.698487
61027		-2.773380	9.147735	2.061083	-0.038625	-0.023107	-0.041927	76.177373	16.702026	114.678561
61028		-2.846169	9.150546	2.042556	-0.047671	-0.018863	-0.042804	76.149632	16.725039	114.661699
61029		-2.841077	9.168447	2.104136	-0.071621	-0.022880	-0.046838	76.103390	16.748865	114.641171
61030		-2.844133	9.112611	2.098515	-0.071127	-0.023961	-0.042644	76.061353	16.771064	114.621344
61031		-2.814439	9.158192	2.093209	-0.063759	-0.026375	-0.045270	76.019067	16.793505	114.598970
61032		-2.835051	9.090015	2.137437	-0.077518	-0.006309	-0.043303	75.976287	16.818485	114.589270
61033		-2.851436	9.221514	2.053788	-0.051534	-0.016210	-0.046987	75.942613	16.843262	114.572511
61034		-2.790090	9.232397	2.099668	-0.111653	0.004773	-0.048561	75.881913	16.872690	114.568449
61035		-2.854463	8.929207	2.227042	-0.094182	0.008212	-0.050006	75.827764	16.902536	114.565376
61036		-2.842285	9.127724	2.146834	-0.041729	-0.004419	-0.047380	75.805602	16.930002	114.556106
61037		-2.853511	9.109373	2.169923	-0.085501	0.015546	-0.046092	75.757820	16.958701	114.557826
61038		-2.904252	9.109613	2.160906	-0.058817	0.003920	-0.047684	75.727252	16.987492	114.553323
61039		-2.855228	9.202236	2.102913	-0.079080	0.005491	-0.047747	75.681361	17.015690	114.548920
61040		-2.761504	9.125268	2.185861	-0.097325	0.018699	-0.061277	75.630648	17.054112	114.550945
61041		-2.811662	9.022676	2.224465	-0.094425	0.079306	-0.077795	75.587218	17.109491	114.584871
61042		-2.925571	9.076730	2.171608	-0.047585	0.025541	-0.075180	75.565547	17.156577	114.588749
61043		-2.830483	9.064262	2.173496	-0.070416	0.077688	-0.078321	75.535617	17.212050	114.621616
61044		-2.916227	9.102306	2.185093	-0.056381	0.046768	-0.081359	75.512287	17.265598	114.636867
61045		-2.924830	9.098460	2.189608	-0.076601	0.058386	-0.082427	75.475346	17.320609	114.657865
61046		-2.978508	8.961220	2.227872	-0.079836	0.047054	-0.076531	75.438861	17.371530	114.673967
61047		-2.893567	8.951866	2.262640	-0.033783	0.037015	-0.069927	75.423325	17.416551	114.684383
61048		-3.012881	8.990923	2.223974	-0.032129	0.033091	-0.059482	75.412517	17.456016	114.694927
61049		-2.949060	9.067855	2.186469	-0.001363	0.016187	-0.052015	75.412745	17.488103	114.695934
61050		-2.923469	9.167385	2.189487	-0.033932	0.029985	-0.065548	75.400097	17.530491	114.703758
61051		-3.027990	9.018292	2.226106	-0.038854	0.030676	-0.064191	75.380825	17.571422	114.711333
61052		-2.958573	9.110704	2.172233	-0.012623	0.020338	-0.069981	75.378498	17.614873	114.712866
61053		-2.956570	9.158224	2.154375	-0.031431	0.029960	-0.081970	75.362543	17.665560	114.717314
61054		-2.969829	9.172967	2.173075	-0.063296	0.041465	-0.101579	75.333473	17.729575	114.726324
61055		-2.941633	9.149491	2.210915	-0.074075	0.044081	-0.123592	75.293649	17.805386	114.732591
61056		-2.967082	9.059178	2.236871	-0.075402	0.069444	-0.144861	75.260623	17.897448	114.751213
61057		-3.014759	9.004115	2.252038	-0.058753	0.069485	-0.159141	75.232448	17.996670	114.766736
61058		-3.053675	8.999460	2.246658	-0.048192	0.086878	-0.153365	75.217791	18.095994	114.794160
61059		-3.043763	9.026755	2.254989	-0.054415	0.070743	-0.154226	75.192599	18.192687	114.811116
61060		-3.034859	8.966636	2.251774	-0.057522	0.083661	-0.164104	75.171563	18.297500	114.834975
61061		-3.031235	9.012124	2.274268	-0.019447	0.089318	-0.181142	75.168556	18.411835	114.858570
61062		-3.010781	9.105394	2.243040	-0.015514	0.112240	-0.222001	75.174133	18.552894	114.890199
61063		-3.077390	9.081492	2.209300	-0.009509	0.121954	-0.268572	75.178721	18.720437	114.919397
61064		-3.153615	9.043278	2.266062	-0.034461	0.144376	-0.300513	75.175796	18.909657	114.957780
61065		-3.231804	8.913366	2.237094	-0.008422	0.132559	-0.311410	75.181068	19.102481	114.986620
61066		-3.260970	9.142885	2.181572	-0.007182	0.122020	-0.308835	75.189313	19.293025	115.010744
61067		-3.404905	9.052203	2.202438	-0.085198	0.124009	-0.298295	75.149799	19.477335	115.036639
61068		-3.486913	8.870086	2.198071	-0.078991	0.086998	-0.260321	75.112660	19.635888	115.047646
61069		-3.299199	8.956573	2.270563	-0.081171	0.071029	-0.247526	75.067690	19.784313	115.050113
61070		-3.275657	9.135383	2.299159	-0.078126	0.084470	-0.272148	75.029888	19.949071	115.057576
61071		-3.268223	9.033603	2.268911	-0.138343	0.111647	-0.319307	74.956401	20.143250	115.072372
61072		-3.360131	8.797871	2.286334	-0.120950	0.110548	-0.329036	74.896180	20.343343	115.085852
61073		-3.513018	8.545459	2.262812	-0.132789	0.102972	-0.289306	74.825699	20.519663	115.099878
61074		-3.588722	8.515774	2.195655	-0.062187	0.057477	-0.218973	74.794246	20.650971	115.099280
61075		-3.468014	8.730268	2.254837	-0.038640	0.044179	-0.180381	74.771596	20.758246	115.095837
61076		-3.568020	9.037926	2.284140	-0.024608	0.051926	-0.174210	74.763021	20.864003	115.099075
61077		-3.572201	9.428255	2.327458	-0.059841	0.070337	-0.238555	74.730359	21.007375	115.101646
61078		-3.523448	9.678049	2.477239	-0.110518	0.121576	-0.377372	74.675557	21.235921	115.113137
61079		-3.454405	9.761156	2.523858	-0.182772	0.176687	-0.532306	74.577904	21.557737	115.130576
61080		-3.795798	9.493631	2.445631	-0.237918	0.217972	-0.657816	74.454075	21.955809	115.152489
61081		-3.769077	8.535851	2.139691	-0.219772	0.194467	-0.702714	74.328230	22.374466	115.150818
61082		-3.934274	7.724442	1.967899	-0.158359	0.135977	-0.596970	74.234800	22.726328	115.132416
61083		-3.848183	7.495920	1.988129	-0.061685	0.068632	-0.428589	74.187730	22.974224	115.100399
61084		-3.712012	7.975336	2.294865	-0.002356	0.015552	-0.281534	74.175966	23.133488	115.062692
61085		-3.712254	8.312158	2.293047	-0.001122	0.019162	-0.188588	74.167702	23.241337	115.041546
61086		-3.955627	8.892506	2.376848	0.038297	0.009535	-0.172428	74.184929	23.339532	115.018708
61087		-4.166682	9.659986	2.413988	0.004724	0.046245	-0.255211	74.181893	23.488340	115.002483
61088		-4.204901	10.271879	2.581815	-0.022423	0.072626	-0.439730	74.161144	23.743718	114.971977
61089		-4.228543	10.493309	2.740818	-0.110810	0.139632	-0.694753	74.083935	24.149380	114.936437
61090		-4.096327	10.168159	2.742713	-0.151870	0.201224	-0.943244	73.984435	24.702206	114.895791
61091		-4.349444	9.675879	2.498948	-0.204796	0.232014	-1.118731	73.844265	25.355825	114.840164
61092		-4.521974	8.848578	2.233942	-0.267423	0.218186	-1.200957	73.660871	26.052831	114.760688
61093		-4.474822	8.712913	2.326079	-0.239685	0.176713	-1.231266	73.473104	26.759012	114.645695
61094		-4.604993	8.369623	2.182171	-0.279481	0.153770	-1.228195	73.257852	27.459921	114.515328
61095		-4.648890	8.454301	2.409393	-0.245738	0.116922	-1.225972	73.043908	28.152503	114.357019
61096		-4.742080	8.755705	2.422513	-0.273861	0.121638	-1.251355	72.813711	28.859812	114.194542
61097		-4.780047	8.819442	2.605029	-0.281438	0.135878	-1.332229	72.567338	29.612601	114.018824
61098		-4.894232	8.902587	2.541338	-0.286268	0.155169	-1.433538	72.314006	30.423931	113.831879
61099		-5.213134	8.305016	2.351927	-0.366639	0.166913	-1.500715	72.001322	31.272602	113.630396
61100		-5.281694	7.946949	2.268167	-0.326209	0.116966	-1.512147	71.692020	32.118154	113.389486
61101		-5.267465	7.707733	2.220820	-0.378100	0.095203	-1.476125	71.337694	32.938444	113.132123
61102		-5.347657	7.487236	2.358363	-0.360574	0.067535	-1.428257	70.986462	33.726892	112.861350
61103		-5.388373	7.663351	2.356590	-0.359186	0.040401	-1.378525	70.619910	34.481288	112.573402
61104		-5.581887	7.365889	2.384093	-0.421644	0.046961	-1.348540	70.220806	35.219780	112.290563
61105		-5.621643	7.240625	2.484752	-0.341908	0.020462	-1.336477	69.845989	35.944360	111.981873
61106		-5.685904	7.306224	2.537795	-0.350121	0.051024	-1.331399	69.475884	36.671352	111.688780
61107		-6.014636	7.478581	2.687449	-0.283732	0.068531	-1.379053	69.130488	37.425227	111.384163
61108		-5.645926	7.958365	3.017665	-0.212997	0.097127	-1.474505	68.818644	38.235361	111.068210
61109		-5.675890	8.458948	3.372920	-0.242043	0.178533	-1.591510	68.490734	39.122757	110.764308
61110		-5.940121	8.095689	2.943291	-0.291251	0.242942	-1.711049	68.136384	40.086541	110.464181
61111		-6.134217	7.107048	2.496570	-0.391494	0.263121	-1.741610	67.710685	41.068747	110.153515
61112		-6.700426	6.257831	2.287911	-0.395248	0.243541	-1.708468	67.271750	42.027749	109.827455
61113		-6.245089	6.311831	2.712296	-0.264845	0.218667	-1.654536	66.887647	42.950505	109.482424
61114		-6.117641	6.789193	3.328867	-0.229879	0.293843	-1.599321	66.565241	43.860177	109.199533
61115		-6.513061	7.281590	3.731165	-0.236417	0.355531	-1.538545	66.267839	44.750390	108.966681
61116		-6.988119	7.837677	3.956277	-0.369453	0.438114	-1.490449	65.944378	45.634021	108.804198
61117		-6.511299	7.147210	3.313575	-0.447137	0.455957	-1.484487	65.572947	46.517644	108.643232
61118		-7.011492	6.343423	2.569165	-0.535686	0.534503	-1.430084	65.204132	47.391024	108.553985
61119		-8.172767	5.817683	2.231586	-0.460960	0.500329	-1.344701	64.867986	48.211289	108.455805
61120		-7.453049	5.783912	2.369125	-0.319637	0.411474	-1.281509	64.576608	48.976887	108.307101
61121		-7.544070	5.924487	2.438111	-0.385625	0.396237	-1.239603	64.236729	49.716307	108.149413
61122		-8.120493	6.319111	2.501486	-0.359472	0.320017	-1.210532	63.870941	50.421236	107.936746
61123		-8.071840	6.239921	2.235370	-0.412114	0.272821	-1.186944	63.436652	51.100824	107.679987
61124		-7.554338	4.605582	1.615708	-0.439726	0.225364	-1.185540	62.951082	51.766381	107.377033
61125		-7.427226	3.703865	1.238897	-0.341546	0.174151	-1.153585	62.480072	52.400317	107.027159
61126		-7.986885	4.126394	1.651746	-0.265616	0.124469	-1.087233	62.036481	52.986222	106.656701
61127		-7.696213	4.132254	2.338139	-0.155794	0.094055	-1.010692	61.644572	53.522962	106.278134
61128		-7.163783	3.921880	2.618831	-0.076886	0.104052	-0.923946	61.333545	54.018253	105.943196
61129		-6.983733	3.780032	2.750740	-0.006941	0.143560	-0.845144	61.105569	54.483027	105.666326
61130		-6.925596	4.138782	3.240179	0.051412	0.187057	-0.760255	60.975818	54.917809	105.467507
61131		-7.072943	4.859270	3.588190	0.020555	0.253320	-0.695096	60.891671	55.337178	105.349728
61132		-7.416472	4.808688	3.427667	-0.020627	0.317791	-0.642415	60.856497	55.748972	105.317924
61133		-7.633777	4.872168	3.097065	-0.008483	0.370846	-0.613776	60.872551	56.160346	105.342314
61134		-7.909793	4.904065	2.940494	0.004854	0.427682	-0.608663	60.948137	56.585722	105.426470
61135		-8.191511	5.215476	2.911143	0.016048	0.461421	-0.622674	61.045962	57.026684	105.531539
61136		-8.427529	5.353680	2.761932	-0.000973	0.492393	-0.654282	61.153538	57.492592	105.656948
61137		-8.665416	5.302785	2.487148	0.005322	0.509424	-0.698985	61.255771	57.984907	105.773403
61138		-8.934038	5.139802	2.158711	0.030107	0.522335	-0.765017	61.363185	58.514352	105.876365
61139		-8.942394	5.273602	2.082402	0.081700	0.514771	-0.851725	61.451502	59.084752	105.924065
61140		-9.072493	5.350249	2.174552	0.096651	0.529984	-0.949217	61.525449	59.708830	105.942609
61141		-9.202993	5.087104	1.949971	0.149136	0.520968	-1.056288	61.565380	60.383907	105.889260
61142		-9.396742	5.218741	1.824189	0.213520	0.517108	-1.179080	61.585588	61.120243	105.769236
61143		-9.619920	5.162486	1.760166	0.244374	0.523859	-1.313501	61.551030	61.925717	105.569834
61144		-9.736307	5.560526	1.855990	0.329339	0.500758	-1.433386	61.480871	62.785578	105.274709
61145		-9.753933	5.439408	1.667100	0.369266	0.508784	-1.557546	61.352555	63.709455	104.893294
61146		-10.019561	6.284255	2.300812	0.400103	0.455502	-1.651661	61.121691	64.665699	104.379363
61147		-9.860182	6.908999	2.674583	0.271281	0.408780	-1.738843	60.671576	65.650882	103.711316
61148		-9.851339	6.894897	2.845265	0.056397	0.371587	-1.824589	59.960274	66.665258	102.895638
61149		-9.833880	7.516797	3.301960	-0.135875	0.274119	-1.917302	58.874438	67.691667	101.801329
61150		-9.783650	8.109251	3.193693	-0.513842	0.213467	-1.996569	57.338400	68.727698	100.461670
61151		-10.232787	7.459116	2.592703	-0.872817	0.168843	-2.088479	55.297500	69.777874	98.813360
61152		-10.312462	6.532082	1.690078	-0.999650	0.114130	-2.215080	52.802972	70.843266	96.769923
61153		-10.321879	5.704803	1.085945	-1.041242	0.087632	-2.362588	49.807820	71.932049	94.238432
61154		-10.323598	4.715439	0.689878	-1.014804	0.048421	-2.519144	46.249934	73.023472	91.114966
61155		-10.797503	3.449499	0.604515	-1.001684	0.036556	-2.762571	41.861614	74.140324	87.138045
61156		-11.322353	2.589337	0.887768	-0.912044	0.017578	-3.058212	36.413208	75.255218	82.029311
61157		-11.446873	1.443255	0.932689	-0.956865	0.016787	-3.322198	29.579459	76.301857	75.545098
61158		-13.333730	2.110875	1.088663	-0.663220	-0.011152	-3.161192	22.318024	77.091505	68.472432
61159		-10.641284	4.728016	0.847457	-0.205212	-0.213740	-2.487462	16.057745	77.444871	62.174511
61160		-9.618916	6.276562	1.484995	-0.014791	-0.193847	-1.600401	11.937666	77.561573	57.961138
61161		-8.468112	7.225909	2.291664	0.035155	-0.234828	-0.641574	10.205489	77.500049	56.165771
61162		-8.200491	6.899017	2.979427	-0.117726	-0.266445	0.155235	10.437665	77.336590	56.470489
61163		-7.383472	5.231491	2.705553	-0.348904	-0.289372	0.723421	11.884575	77.093606	58.158442
61164		-6.927981	2.583250	1.917497	-0.512942	-0.252334	1.063028	14.047392	76.817748	60.677644
61165		-6.791085	0.001119	1.160695	-0.471683	-0.228394	1.177447	16.375451	76.514392	63.347185
61166		-6.614573	-1.872852	0.739474	-0.221107	-0.247411	1.104854	18.594364	76.189903	65.758217
61167		-6.241719	-2.166750	1.050810	0.111587	-0.308968	0.911627	20.395298	75.848762	67.547498
61168		-5.635954	-1.077100	2.040856	0.342155	-0.375361	0.698283	21.780818	75.504933	68.772433
61169		-4.769357	0.851985	3.316695	0.319992	-0.462854	0.524499	22.640540	75.145946	69.470886
61170		-3.505669	2.203601	3.895534	0.089182	-0.556884	0.440012	23.121973	74.754327	69.913793
61171		-2.572253	2.916058	3.852035	-0.204247	-0.620427	0.477283	23.402611	74.319898	70.325658
61172		-1.687668	2.929473	3.322009	-0.384462	-0.708205	0.620947	23.782156	73.805090	70.946645
61173		-1.152340	2.422014	2.708609	-0.421824	-0.797554	0.851432	24.411098	73.188926	71.853934
61174		-0.946221	2.141494	2.334598	-0.281202	-0.906862	1.096236	25.410186	72.451555	73.065305
61175		-0.989010	2.157918	2.244883	-0.106620	-1.034869	1.343919	26.676013	71.580896	74.459591
61176		-0.813135	2.335273	2.118096	0.050981	-1.146203	1.581209	28.191773	70.578099	76.027744
61177		-0.608645	2.423483	1.979714	0.181548	-1.213285	1.777542	29.817237	69.476449	77.645709
61178		-0.595915	2.343387	1.829709	0.267529	-1.208419	1.920085	31.528304	68.316233	79.311831
61179		-0.792973	2.314793	1.812418	0.385876	-1.173536	2.028129	33.263402	67.126117	80.947100
61180		-1.298669	2.685747	2.048704	0.454517	-1.135232	2.087157	34.981893	65.912449	82.532818
61181		-1.777821	2.799555	2.182223	0.515600	-1.125515	2.117478	36.595544	64.680134	83.982960
61182		-2.208792	2.980616	2.217840	0.556497	-1.131379	2.127111	38.114154	63.420200	85.312925
61183		-2.509919	3.188720	2.235956	0.638713	-1.143320	2.121121	39.521808	62.148354	86.483413
61184		-2.809530	3.435207	2.345520	0.694894	-1.116057	2.102082	40.870472	60.876708	87.560189
61185		-3.333479	4.068362	2.807624	0.733629	-1.099665	2.061375	42.107591	59.622735	88.500073
61186		-4.029574	4.560479	3.318668	0.687188	-1.092168	2.012913	43.221526	58.374449	89.335228
61187		-4.535863	4.657294	3.402686	0.624670	-1.118638	1.958657	44.163197	57.136284	90.024541
61188		-4.831562	4.454971	3.165539	0.597504	-1.131210	1.919306	45.015296	55.895544	90.630240
61189		-4.764927	4.105943	2.774636	0.665640	-1.112508	1.859280	45.820254	54.689897	91.144587
61190		-4.493641	3.954285	2.348993	0.800893	-1.037464	1.785023	46.676111	53.532516	91.628641
61191		-4.266617	4.244104	2.217021	0.943366	-0.912766	1.702107	47.587940	52.462512	92.092675
61192		-4.781586	4.792406	2.408910	1.043010	-0.750442	1.602818	48.573419	51.484131	92.578648
61193		-5.423206	5.425646	2.746810	1.135047	-0.592818	1.508635	49.606093	50.609036	93.069364
61194		-6.137735	5.947295	3.169733	1.163294	-0.432129	1.418277	50.681926	49.818486	93.595131
61195		-7.031139	6.565739	3.576401	1.153979	-0.260328	1.328661	51.764561	49.132211	94.148630
61196		-7.891975	7.062519	4.094227	1.044615	-0.078306	1.223558	52.824869	48.541780	94.754779
61197		-8.791625	7.202785	4.296956	0.918371	0.055676	1.099575	53.802006	48.056269	95.357802
61198		-9.241136	7.279791	4.066696	0.836975	0.170179	1.011946	54.754623	47.633942	95.988504
61199		-9.634434	7.595317	3.796146	0.836484	0.302973	0.988483	55.740844	47.268233	96.675671
61200		-9.754001	8.124459	3.660378	0.901321	0.435962	1.057245	56.853698	46.894321	97.482546
61201		-9.297939	9.350282	3.717017	0.948768	0.576426	1.213441	58.089194	46.486429	98.432399
61202		-8.975129	10.487785	4.026030	0.833462	0.741147	1.450619	59.407347	45.987405	99.588562
61203		-9.083508	11.257545	4.254978	0.603599	0.882558	1.757798	60.716535	45.367717	100.934065
61204		-9.807925	11.605812	4.309035	0.347384	0.994728	2.100788	62.002649	44.575011	102.464148
61205		-10.879997	11.263647	4.218962	0.148089	1.048565	2.440430	63.227544	43.610474	104.101429
61206		-11.601890	10.889866	4.020200	0.055230	1.051761	2.740054	64.421005	42.457294	105.795586
61207		-12.274436	10.291758	3.827220	0.019989	1.030590	2.970167	65.554901	41.165459	107.477984
61208		-12.764087	10.050040	3.706089	0.088342	0.989147	3.114391	66.673089	39.753250	109.114547
61209		-12.773345	10.272398	3.878690	0.142038	0.956949	3.184312	67.737158	38.284414	110.674101
61210		-12.552231	10.765678	4.194040	0.117538	0.963438	3.219855	68.732062	36.766085	112.187956
61211		-12.426353	11.214152	4.413123	-0.044224	0.983386	3.229640	69.568208	35.238101	113.652149
61212		-12.455602	11.261990	4.398022	-0.236716	0.992090	3.228866	70.242632	33.686776	115.074481
61213		-12.414092	11.248597	4.180770	-0.414312	0.990913	3.211789	70.749731	32.142484	116.443129
61214		-12.182456	11.130111	3.869318	-0.578234	0.958537	3.209634	71.107511	30.575317	117.757811
61215		-11.938638	10.530581	3.390876	-0.733480	0.863030	3.229617	71.296719	28.983723	118.983428
61216		-12.044052	9.849502	3.020335	-0.794839	0.721267	3.239905	71.374973	27.349596	120.103914
61217		-12.148520	9.364889	2.945437	-0.819002	0.525667	3.229342	71.343700	25.693481	121.083153
61218		-12.151020	8.452099	2.805284	-0.853946	0.280553	3.182308	71.201606	24.011900	121.898036
61219		-11.917905	6.640347	2.185206	-0.865265	0.024074	3.053263	70.954862	22.362371	122.528718
61220		-11.974896	4.279109	1.398772	-0.660672	-0.184918	2.780763	70.748780	20.817774	122.984594
61221		-11.758458	2.107641	1.051746	-0.198723	-0.384350	2.384283	70.724442	19.456376	123.242579
61222		-11.540723	1.238569	1.235143	0.406581	-0.597298	1.945514	70.976988	18.288514	123.288407
61223		-11.329484	1.693682	1.864898	0.938087	-0.837637	1.519215	71.459103	17.310768	123.104933
61224		-11.049758	2.749411	2.555612	1.296790	-1.079956	1.103151	72.088337	16.516584	122.697938
61225		-10.135710	3.437441	2.870464	1.477523	-1.311276	0.727365	72.763868	15.893319	122.082530
61226		-8.887444	3.656345	2.768205	1.562480	-1.500470	0.410242	73.452096	15.420351	121.299491
61227		-7.729455	3.729258	2.474745	1.628573	-1.632402	0.141016	74.147032	15.082707	120.391366
61228		-6.577612	3.942134	2.181265	1.695458	-1.696109	-0.105008	74.867496	14.884431	119.405377
61229		-5.603844	4.366294	1.987848	1.733128	-1.700558	-0.324263	75.598719	14.816641	118.381144
61230		-4.853079	5.078073	2.032034	1.728718	-1.655948	-0.518716	76.329701	14.879298	117.354256
61231		-4.346303	5.879680	2.176204	1.642166	-1.572246	-0.672440	77.013173	15.047450	116.354490
61232		-4.010368	6.609005	2.182198	1.509882	-1.464955	-0.783463	77.632705	15.306334	115.403766
61233		-3.670185	6.895723	2.134339	1.338596	-1.338391	-0.847375	78.164666	15.621228	114.519716
61234		-3.375805	6.974894	2.056485	1.198817	-1.200182	-0.863594	78.635785	15.973225	113.716032
61235		-3.293650	7.263794	2.100066	1.061952	-1.055599	-0.863997	79.045139	16.342783	112.998032
61236		-3.444540	7.688850	2.236035	0.909175	-0.917285	-0.870379	79.387693	16.740162	112.361827
61237		-3.505722	8.091851	2.297812	0.713832	-0.807257	-0.897012	79.630117	17.162249	111.788086
61238		-3.828561	8.094222	2.052302	0.515734	-0.713851	-0.928181	79.772183	17.618391	111.266395
61239		-4.202632	7.805576	1.691283	0.394667	-0.652010	-0.943140	79.849672	18.085112	110.779229
61240		-4.638292	7.324820	1.282348	0.362666	-0.627127	-0.946038	79.910956	18.561875	110.305857
61241		-5.115019	6.897335	0.948775	0.430621	-0.637836	-0.975181	80.002517	19.049267	109.822319
61242		-5.192747	6.569146	0.828602	0.565631	-0.656831	-1.030479	80.163161	19.572806	109.321293
61243		-4.852928	6.513255	0.816306	0.715905	-0.675704	-1.101018	80.397676	20.130179	108.801908
61244		-4.230714	6.832414	0.995146	0.830612	-0.644140	-1.173008	80.698853	20.739789	108.295130
61245		-3.808212	7.582255	1.319757	0.859020	-0.538809	-1.236176	81.030871	21.391024	107.847554
61246		-3.719273	8.785554	1.754867	0.786000	-0.403569	-1.274895	81.347423	22.084910	107.480592
61247		-3.660886	9.838559	2.008900	0.578885	-0.242564	-1.276872	81.578041	22.788723	107.213953
61248		-3.680589	10.634593	2.052491	0.300048	-0.074580	-1.221702	81.690120	23.482416	107.056682
61249		-3.710462	10.956601	1.882371	-0.014965	0.098361	-1.118423	81.665756	24.125594	107.015813
61250		-3.862434	10.756835	1.570631	-0.312783	0.274198	-0.975805	81.521625	24.708753	107.096183
61251		-4.154395	10.210377	1.283845	-0.534373	0.412023	-0.839779	81.291162	25.220741	107.273899
61252		-4.656993	9.421655	0.948461	-0.670840	0.518123	-0.748807	81.016728	25.697189	107.525210
61253		-5.201843	8.459235	0.650387	-0.700530	0.575435	-0.712116	80.742661	26.153257	107.814789
61254		-5.781223	7.587259	0.483100	-0.640166	0.586869	-0.739233	80.508150	26.632827	108.107725
61255		-6.503346	6.849243	0.499602	-0.493789	0.550933	-0.855125	80.342290	27.169408	108.364893
61256		-7.186311	6.355791	0.576940	-0.311919	0.451906	-1.042421	80.246066	27.809077	108.538750
61257		-7.475478	6.092782	0.614325	-0.095726	0.313510	-1.286393	80.219554	28.566865	108.597243
61258		-7.584894	6.153991	0.657725	0.126552	0.158305	-1.523761	80.261777	29.450636	108.529929
61259		-7.540096	6.680838	0.560347	0.349538	0.006787	-1.703452	80.370184	30.414338	108.344410
61260		-7.188503	7.208314	0.556684	0.538767	-0.142670	-1.774611	80.531874	31.412098	108.053566
61261		-6.589112	7.621850	0.531766	0.686486	-0.256010	-1.732671	80.735066	32.368690	107.692323
61262		-6.299830	8.080665	0.820029	0.746505	-0.311267	-1.612502	80.956797	33.261443	107.307696
61263		-6.005437	8.058053	0.915565	0.723447	-0.335280	-1.484796	81.157243	34.072921	106.920291
61264		-2.053039	45.915848	14.590921	2.563322	-1.310113	1.238229	82.201793	33.271407	106.150959
61265		27.297619	39.617254	5.305000	-2.809527	-2.505321	3.716566	79.910078	30.945616	104.867388
61266		-27.669002	-7.932875	-2.250972	-10.267328	5.293748	3.103458	75.984218	29.841828	108.734910
61267		6.960309	11.315153	3.974136	2.919622	-4.141825	3.437423	76.654285	27.367640	106.638803
61268		-11.410458	14.307793	-12.681645	-5.860015	2.467195	2.799853	74.191462	26.174338	108.622603
61269		-12.581046	-19.540963	-2.713513	-0.411484	-0.956972	2.678464	73.906152	24.548994	108.505330
61270		-0.324712	30.137820	7.157619	5.581168	-3.258489	2.852231	76.503001	22.498342	106.991910
61271		-3.050017	18.736911	2.341802	-3.856964	1.075286	1.690556	74.633950	21.714774	107.895854
61272		-6.853868	2.909826	5.538264	0.753023	-1.363362	1.303332	74.851705	20.793037	107.298138
61273		-0.564558	17.668006	1.227573	1.770765	-0.946019	0.838611	75.716494	20.191532	106.868237
61274		-4.372041	6.362688	3.036579	-2.537389	0.231287	0.780709	74.354055	19.797795	107.127310
61275		-4.649770	4.576233	3.722187	1.713272	-0.809690	1.079453	75.235478	19.080201	106.824045
61276		-1.987336	12.429288	1.646143	1.085207	-0.555933	1.209713	75.813829	18.334073	106.681044
61277		-4.012698	8.802750	2.355672	-0.333981	-0.021743	1.296717	75.678437	17.611826	106.860135
61278		-3.380664	8.542138	2.632108	0.997327	-0.505768	1.417350	76.226364	16.758145	106.771924
61279		0.422268	9.793973	1.989015	0.953014	-0.640736	0.452254	76.684714	16.421169	106.462327
61280		-2.941744	11.643682	1.073140	1.046824	0.431032	0.042803	77.359559	16.456888	106.718707
61281		-3.980715	12.347581	0.672137	-0.276962	-0.088902	0.235986	77.195581	16.314705	106.697454
61282		-1.705500	6.588702	3.358031	-1.251744	-0.064865	0.170128	76.477103	16.215435	106.682715
61283		-2.995795	7.308818	2.757166	1.065080	0.127785	0.106128	77.112648	16.173882	106.770897
61284		-2.553848	11.697438	0.912629	0.495544	-0.124198	0.062312	77.381241	16.127464	106.706586
61285		-2.656406	8.310476	2.351939	-0.734917	0.099946	0.003983	76.977028	16.138870	106.764739
61286		-3.004294	8.135825	2.453892	0.661325	-0.033163	0.058243	77.355324	16.106125	106.752951
61287		-2.612591	10.882879	1.223945	0.352204	-0.011291	0.089541	77.559081	16.055568	106.757478
61288		-2.857113	8.981475	2.019472	-0.409487	0.067245	0.083511	77.340902	16.021219	106.807226
61289		-2.750946	8.850678	2.134676	0.242281	-0.018263	0.108771	77.481253	15.959042	106.810236
61290		-2.661972	10.035025	1.579959	-0.034074	0.031285	0.096518	77.472752	15.912929	106.840688
61291		-2.739045	8.948965	2.052029	-0.253344	0.025264	0.080532	77.335053	15.871981	106.865342
61292		-2.672491	9.279437	1.956965	-0.007849	-0.008528	0.070095	77.334346	15.835665	106.869335
61293		-2.597740	9.241361	1.986162	-0.222530	0.000694	0.042196	77.209035	15.813096	106.874776
61294		-2.644688	8.808573	2.158316	-0.108344	-0.005885	0.017782	77.149312	15.806309	106.873505
61295		-2.647926	9.244405	2.033000	-0.041411	-0.017167	0.003706	77.123573	15.802974	106.863530
61296		-2.683150	9.126647	2.067086	-0.108142	0.006043	-0.002575	77.065089	15.809054	106.866482
61297		-2.719820	9.191008	2.022729	-0.043694	-0.016263	0.003056	77.038162	15.806183	106.856950
61298		-2.617024	9.234328	2.024833	-0.093222	-0.003123	-0.000396	76.986846	15.809848	106.854870
61299		-2.728780	9.104544	2.064886	-0.089831	0.007473	-0.002895	76.937019	15.813352	106.858312
61300		-2.615869	9.211355	2.025430	-0.061097	-0.005989	-0.010737	76.903268	15.822385	106.853176
61301		-2.751301	9.189884	2.080358	-0.089521	0.011822	-0.002579	76.854318	15.826284	106.859179
61302		-2.700956	9.166780	2.082512	-0.077668	-0.005615	0.014225	76.812049	15.821402	106.857638
61303		-2.628473	9.108646	2.092867	-0.077470	0.007769	0.008900	76.769787	15.818376	106.862847
61304		-2.708367	9.080943	2.122713	-0.060785	0.003159	0.007752	76.738330	15.818226	106.865520
61305		-2.655961	9.092613	2.117765	-0.043805	0.011146	-0.000736	76.715531	15.821023	106.871372
61306		-2.643593	9.026756	2.166596	-0.014933	0.003008	-0.006363	76.709779	15.828702	106.872025
61307		-2.651855	8.977215	2.189312	0.015780	0.004097	-0.025993	76.719064	15.844656	106.870334
61308		-2.730015	9.129266	2.097590	0.079003	0.008709	-0.027668	76.767209	15.864940	106.871379
61309		-2.697682	9.192744	2.054551	0.048419	0.001986	-0.028205	76.794782	15.881853	106.868182
61310		-2.703194	9.158543	2.054409	0.044236	-0.005563	-0.041768	76.820217	15.908115	106.859055
61311		-2.698668	9.241262	2.024088	0.034210	-0.016457	-0.060231	76.835521	15.940489	106.840823
61312		-2.711004	9.190756	2.045890	0.001174	-0.019338	-0.071313	76.832976	15.981415	106.819706
61313		-2.736725	9.204805	2.022646	0.003561	-0.017665	-0.069511	76.830154	16.018810	106.799509
61314		-2.748497	9.207450	2.057115	-0.009852	-0.021409	-0.056759	76.821477	16.051320	106.779159
61315		-2.748720	9.220594	2.040033	-0.017387	-0.017101	-0.049859	76.807456	16.077820	106.761943
61316		-2.730821	9.183681	2.051299	-0.030872	-0.005771	-0.038458	76.789917	16.102136	106.753148
61317		-2.742882	9.098696	2.081149	-0.027367	-0.007584	-0.038475	76.772123	16.123524	106.742990
61318		-2.724115	9.115797	2.101888	0.003528	-0.008024	-0.033183	76.774115	16.144577	106.733597
61319		-2.774679	9.170394	2.103523	-0.003783	-0.005381	-0.030278	76.770492	16.161680	106.725832
61320		-2.753225	9.115124	2.097639	0.004002	-0.009985	-0.026149	76.772688	16.178531	106.716258
61321		-2.772958	9.164577	2.069954	0.003068	-0.004696	-0.025195	76.773290	16.192889	106.709583
61322		-2.753102	9.182323	2.089424	0.000077	-0.008309	-0.021273	76.773680	16.207220	106.701647
61323		-2.750548	9.196536	2.071418	-0.012368	-0.012651	-0.020224	76.764334	16.217762	106.691029
61324		-2.752070	9.142147	2.062529	-0.024046	-0.000291	-0.015206	76.752426	16.229736	106.688578
61325		-2.739786	9.129935	2.121442	-0.011743	-0.009356	-0.010922	76.744324	16.235518	106.681142
61326		-2.790546	9.097110	2.117340	-0.008088	-0.005906	-0.008672	76.740886	16.243085	106.676321
61327		-2.738938	9.110045	2.107555	0.016851	-0.008832	-0.006297	76.749427	16.246357	106.669821
61328		-2.778529	9.195559	2.069921	0.019929	-0.010751	-0.001474	76.761515	16.249255	106.663168
61329		-2.800301	9.177427	2.049541	0.005724	-0.005345	-0.000514	76.764469	16.249761	106.659485
61330		-2.775696	9.176696	2.054139	0.001657	-0.017071	0.009693	76.765487	16.245584	106.650689
61331		-2.750502	9.175930	2.059672	-0.014693	-0.005492	0.012279	76.757209	16.238936	106.648669
61332		-2.751320	9.141753	2.065273	-0.017029	-0.001111	0.014764	76.750308	16.234002	106.649840
61333		-2.734007	9.111221	2.108876	-0.008459	-0.006708	0.023062	76.745817	16.221180	106.648591
61334		-2.732320	9.111629	2.109297	0.001332	-0.000327	0.012339	76.749462	16.217678	106.649887
61335		-2.759741	9.098009	2.123019	0.011482	-0.004609	0.003238	76.755980	16.216188	106.647145
61336		-2.737639	9.063348	2.129880	0.032062	-0.007375	0.000323	76.775615	16.218441	106.642702
61337		-2.770872	9.198458	2.067303	0.047270	-0.007306	-0.008058	76.801769	16.222900	106.636851
61338		-2.737252	9.208403	2.016449	0.025374	-0.021929	-0.017266	76.814527	16.233045	106.621556
61339		-2.771243	9.179132	2.049264	-0.007244	-0.015227	-0.025756	76.807484	16.246343	106.608694
61340		-2.751298	9.196609	2.070100	-0.012679	-0.023175	-0.024747	76.797947	16.260473	106.591657
61341		-2.731539	9.160292	2.081189	-0.027551	-0.017610	-0.029950	76.778713	16.275794	106.576832
61342		-2.740142	9.109932	2.106481	-0.013190	-0.017772	-0.028640	76.769596	16.292769	106.562397
61343		-2.733763	9.138842	2.070155	-0.007544	-0.016195	-0.022894	76.762318	16.304335	106.549349
61344		-2.758882	9.029269	2.169058	0.005437	-0.012569	-0.030794	76.764622	16.323167	106.537639
61345		-2.753187	9.058639	2.129871	0.038806	-0.027741	-0.037412	76.781447	16.341317	106.515897
61346		-2.772042	9.142936	2.093892	0.071203	-0.019914	-0.043292	76.819719	16.366150	106.498217
61347		-2.799628	9.143733	2.084859	0.041897	-0.031113	-0.047559	76.837361	16.389541	106.473146
61348		-2.785435	9.093650	2.108088	0.069946	-0.021711	-0.043725	76.874581	16.414380	106.454381
61349		-2.772680	9.206907	2.037431	0.069677	-0.032269	-0.048228	76.907908	16.438021	106.428568
61350		-2.744736	9.235485	1.999850	0.041754	-0.028321	-0.057382	76.927343	16.469622	106.404131
61351		-2.758407	9.204434	2.036237	0.005878	-0.025058	-0.072920	76.924335	16.507994	106.379184
61352		-2.787092	9.183684	2.017605	-0.003887	-0.028237	-0.087890	76.916427	16.556603	106.350669
61353		-2.795089	9.234386	2.030471	-0.030956	-0.022678	-0.091730	76.891937	16.605771	106.324532
61354		-2.836893	9.167849	2.072060	-0.045475	-0.018270	-0.087892	76.861802	16.655632	106.301777
61355		-2.848689	9.293208	1.988356	-0.045886	-0.024527	-0.087272	76.828561	16.702046	106.275105
61356		-2.830102	9.269048	1.986484	-0.124809	-0.007403	-0.083135	76.754922	16.750623	106.259251
61357		-2.882641	9.102518	2.081472	-0.124035	-0.004990	-0.075796	76.680567	16.793152	106.245414
61358		-2.828330	9.228991	2.052155	-0.125144	-0.007684	-0.078188	76.606828	16.838875	106.229955
61359		-2.885091	9.190835	2.061008	-0.174086	0.002043	-0.076294	76.504906	16.882582	106.220012
61360		-2.889097	9.074983	2.179836	-0.179032	-0.007187	-0.066198	76.400803	16.921619	106.206375
61361		-2.880014	9.183305	2.130153	-0.135096	-0.007206	-0.072018	76.319767	16.961662	106.191492
61362		-2.845660	9.039169	2.169603	-0.191604	-0.003553	-0.083481	76.208292	17.010751	106.177379
61363		-2.883761	9.037926	2.212915	-0.120608	0.004573	-0.090876	76.136708	17.062852	106.166505
61364		-2.864204	9.047032	2.209990	-0.128205	-0.008755	-0.094727	76.060108	17.117420	106.147597
61365		-2.868297	9.003694	2.189542	-0.082435	0.003869	-0.100427	76.009807	17.174709	106.134793
61366		-2.868420	9.150955	2.164146	-0.094073	-0.003703	-0.123046	75.952328	17.245662	106.114589
61367		-3.006408	9.064022	2.177407	-0.124495	0.014573	-0.120044	75.878860	17.315319	106.105016
61368		-2.898880	9.108588	2.221119	-0.083587	-0.034520	-0.137386	75.821310	17.389861	106.064596
61369		-2.909419	9.082769	2.216861	-0.145812	0.006953	-0.154279	75.732706	17.477438	106.045352
61370		-3.018040	8.897727	2.317273	-0.077518	-0.011342	-0.149121	75.681986	17.561650	106.016467
61371		-2.973717	9.170127	2.181378	-0.076623	-0.023228	-0.138562	75.628300	17.636178	105.981775
61372		-3.022003	8.996490	2.236889	-0.109071	-0.007972	-0.128291	75.560901	17.709244	105.957779
61373		-3.078228	9.060185	2.229813	-0.076015	-0.018650	-0.114271	75.509348	17.770882	105.929212
61374		-2.906689	9.039765	2.326555	-0.099002	-0.024038	-0.128143	75.444754	17.841503	105.895712
61375		-2.882180	9.060720	2.267216	-0.056480	0.018957	-0.162749	75.408754	17.935393	105.881568
61376		-2.996492	9.142710	2.262166	-0.065630	0.062316	-0.209301	75.374864	18.063400	105.885943
61377		-3.151311	9.142715	2.310139	-0.020413	0.007197	-0.260633	75.352653	18.209836	105.849898
61378		-2.881092	9.372875	2.184855	-0.056996	0.090339	-0.339258	75.322598	18.413925	105.850677
61379		-3.138574	9.046152	2.303973	-0.128078	0.095630	-0.393819	75.248301	18.646991	105.845583
61380		-3.340383	9.046527	2.261536	-0.108431	0.081058	-0.388663	75.184451	18.877046	105.832878
61381		-3.261451	8.912805	2.320772	-0.133894	0.074999	-0.371415	75.103782	19.094661	105.818560
61382		-3.153206	9.158176	2.350219	-0.107329	0.046886	-0.381968	75.034005	19.315934	105.786225
61383		-3.240202	9.072515	2.358694	-0.198605	0.112263	-0.421445	74.920571	19.566729	105.785184
61384		-3.451696	8.795697	2.379316	-0.168085	0.089989	-0.406788	74.822625	19.808029	105.773350
61385		-3.324048	8.868797	2.432413	-0.149153	0.070056	-0.383610	74.730804	20.031552	105.752606
61386		-3.308867	8.800366	2.439327	-0.144613	0.106726	-0.388224	74.650330	20.265082	105.752781
61387		-3.498078	8.955423	2.437388	-0.092996	0.104646	-0.398680	74.596533	20.502132	105.749282
61388		-3.429373	9.441844	2.441420	-0.102111	0.104985	-0.455910	74.535956	20.772759	105.736875
61389		-3.638899	9.412502	2.386185	-0.234001	0.132105	-0.516934	74.399946	21.079293	105.729479
61390		-3.829700	9.209575	2.391575	-0.285520	0.083123	-0.520130	74.225151	21.381854	105.692167
61391		-3.716883	8.899953	2.295250	-0.369935	0.046143	-0.512282	73.992018	21.672289	105.632536
61392		-3.874966	8.236790	2.433247	-0.374119	0.018966	-0.428780	73.756859	21.914084	105.570256
61393		-3.450863	8.337527	2.510907	-0.283563	-0.022216	-0.377415	73.565340	22.118905	105.490883
61394		-3.642775	8.035889	2.552460	-0.269533	0.004791	-0.323763	73.392712	22.300312	105.436699
61395		-3.643453	8.276309	2.507695	-0.164102	-0.011405	-0.266593	73.278564	22.445659	105.381976
61396		-3.791545	8.639432	2.546064	-0.156269	-0.006092	-0.249066	73.172794	22.584070	105.333713
61397		-3.910887	8.815410	2.617903	-0.145956	-0.006639	-0.244084	73.071182	22.717679	105.285181
61398		-3.780632	9.566388	2.854278	-0.134576	0.005914	-0.330371	72.974405	22.902485	105.228676
61399		-4.048544	9.949355	2.874060	-0.202734	0.074511	-0.481541	72.841585	23.179636	105.184304
61400		-4.089802	10.648191	2.900546	-0.226809	0.080265	-0.706490	72.680968	23.582562	105.101429
61401		-4.277350	10.012807	2.668012	-0.426156	0.135008	-0.910726	72.400678	24.104421	105.010335
61402		-4.638039	8.810529	2.299030	-0.440917	0.095826	-0.966405	72.097513	24.651100	104.882434
61403		-4.346002	8.430692	2.474922	-0.431521	0.033749	-0.964249	71.779680	25.183222	104.713218
61404		-4.102485	7.737547	2.606469	-0.403452	0.036682	-0.924181	71.480939	25.695022	104.550582
61405		-4.003580	7.578633	2.844446	-0.261577	0.030608	-0.870526	71.262092	26.174138	104.391260
61406		-3.952746	7.939699	3.020272	-0.164936	0.090652	-0.843654	71.116847	26.651097	104.272190
61407		-4.016570	8.483719	3.216288	-0.062696	0.161185	-0.881689	71.042547	27.159787	104.185825
61408		-3.881398	9.442825	3.519614	-0.016790	0.246718	-0.994784	71.008261	27.747315	104.127680
61409		-4.428917	9.750933	3.418366	-0.129523	0.366879	-1.125299	70.928291	28.426234	104.113954
61410		-4.887059	9.665133	3.095054	-0.179664	0.402437	-1.256465	70.817551	29.184299	104.093466
61411		-5.086555	10.041840	3.228516	-0.281979	0.430672	-1.392464	70.639095	30.019721	104.057845
61412		-5.098003	10.369684	3.244503	-0.380826	0.433903	-1.534615	70.388359	30.933769	103.989634
61413		-5.604900	10.524096	3.339637	-0.533797	0.452451	-1.693543	70.031137	31.935418	103.889784
61414		-5.569759	10.755589	3.355023	-0.626753	0.410347	-1.845950	69.582323	33.011225	103.718882
61415		-5.551780	11.173889	3.169168	-0.778156	0.410133	-1.988541	69.015280	34.160930	103.498565
61416		-5.970329	10.623653	2.925342	-0.946739	0.409513	-2.166064	68.313349	35.404022	103.215382
61417		-6.125782	10.107297	2.735583	-1.013322	0.348893	-2.360849	67.497291	36.733380	102.814318
61418		-6.031260	9.873046	2.672520	-1.115546	0.302965	-2.535380	66.548907	38.140053	102.302185
61419		-6.061845	9.216374	2.598332	-1.227145	0.257980	-2.680981	65.451135	39.604283	101.672312
61420		-6.056192	8.204999	2.263685	-1.258565	0.208744	-2.793208	64.246905	41.105065	100.922916
61421		-6.008057	7.670517	2.303421	-1.248214	0.148295	-2.869450	62.944834	42.616226	100.042536
61422		-5.692605	6.977682	2.477810	-1.292580	0.115798	-2.894472	61.533218	44.115855	99.062191
61423		-5.321677	5.724268	2.354839	-1.280827	0.101348	-2.870957	60.051205	45.580777	98.000505
61424		-4.560696	5.317097	2.610912	-1.171878	0.088200	-2.774178	58.580447	46.974646	96.891564
61425		-4.642801	4.746028	3.005780	-1.198336	0.155537	-2.671084	57.082591	48.318328	95.792978
61426		-4.947302	4.378918	3.285401	-1.085682	0.227428	-2.554189	55.657463	49.609993	94.725639
61427		-4.915215	4.044872	3.653110	-1.012743	0.303521	-2.482180	54.266558	50.874993	93.670350
61428		-5.157406	3.775110	3.869454	-0.990976	0.473663	-2.411290	52.945903	52.148981	92.706143
61429		-5.055053	3.815576	4.388445	-0.886098	0.622033	-2.347463	51.726984	53.432133	91.812339
61430		-5.509782	3.886939	4.807665	-0.977319	0.815549	-2.297918	50.531469	54.751107	91.025629
61431		-5.655411	3.821158	4.731747	-0.951349	1.029923	-2.255903	49.435411	56.121067	90.355786
61432		-6.433005	3.904497	5.036072	-1.036521	1.199136	-2.218071	48.358226	57.530746	89.776668
61433		-5.660241	4.373030	4.554472	-1.059647	1.301983	-2.160665	47.300922	58.949652	89.246468
61434		-5.127516	4.207685	4.071108	-1.174841	1.464036	-2.098282	46.268115	60.400204	88.828341
61435		-4.814126	3.966525	3.263156	-1.193859	1.642837	-2.062815	45.311829	61.904259	88.516781
61436		-5.765749	2.692170	2.503313	-1.262529	1.822147	-2.049045	44.405679	63.471999	88.309812
61437		-7.538645	2.284341	2.245797	-1.148169	1.892459	-2.003643	43.596086	65.049953	88.140636
61438		-7.851766	4.401121	2.782011	-1.024449	1.646711	-1.764308	42.810231	66.429296	87.921332
61439		-6.429923	6.003807	3.059086	-1.218467	1.484922	-1.321523	42.148617	67.568596	87.960258
61440		-6.274963	7.911211	5.847407	-1.479466	0.758048	-0.705776	41.273160	68.161041	87.929134
61441		-7.550537	5.947641	4.141744	-1.710565	0.136192	-0.122161	40.286355	68.266303	87.921134
61442		-6.819489	5.046375	2.552821	-1.360974	-0.396146	0.308361	39.486431	67.977097	87.898333
61443		-5.834306	1.789495	1.195050	-0.892373	-0.842009	0.657096	38.941142	67.365722	87.860824
61444		-5.100185	2.014372	0.542923	-0.278951	-1.142015	0.897373	38.762783	66.531707	87.839488
61445		-4.747231	2.301667	0.883466	0.078349	-1.274252	1.003649	38.786165	65.602812	87.815185
61446		-4.022784	3.426103	1.315949	0.253935	-1.286301	1.081287	38.979266	64.638362	87.866284
61447		-3.874520	3.978211	1.744104	0.167466	-1.193204	1.143949	39.233789	63.694868	88.041671
61448		-3.739417	4.257583	1.726526	0.025738	-1.045043	1.203838	39.557655	62.792291	88.386285
61449		-3.952312	3.862885	1.447033	-0.097070	-0.868637	1.257349	39.951000	61.949405	88.892223
61450		-4.260998	3.355759	1.059979	-0.105696	-0.688276	1.303999	40.479666	61.163464	89.560569
61451		-4.855226	2.973874	0.935415	0.029760	-0.546016	1.324274	41.157224	60.431183	90.316424
61452		-5.393277	3.130274	1.220252	0.221040	-0.448622	1.333697	41.987087	59.729328	91.125810
61453		-5.715874	3.636139	1.650826	0.393443	-0.404649	1.332409	42.899329	59.043511	91.923015
61454		-5.709853	4.212762	1.992803	0.474729	-0.377922	1.332240	43.845699	58.359363	92.710097
61455		-5.547887	4.611265	1.976979	0.497035	-0.335612	1.335244	44.791322	57.687795	93.488295
61456		-5.353408	4.867861	1.953035	0.480719	-0.260236	1.325690	45.742616	57.040524	94.288541
61457		-5.497315	4.972206	1.890474	0.476799	-0.171183	1.291056	46.687613	56.439153	95.091099
61458		-6.001912	5.060134	1.963505	0.489949	-0.095288	1.264550	47.649877	55.867709	95.909183
61459		-6.247880	5.145659	1.985036	0.564258	-0.069125	1.242197	48.622985	55.311793	96.695949
61460		-6.185548	5.145677	2.054528	0.628122	-0.040664	1.233470	49.626021	54.758999	97.478021
61461		-6.160662	5.353417	2.138035	0.733790	-0.020126	1.228525	50.665630	54.211841	98.237827
61462		-6.055232	5.725092	2.303998	0.818793	0.008138	1.237329	51.756691	53.658819	99.004279
61463		-6.011355	6.233005	2.509874	0.868217	0.038824	1.262549	52.872456	53.100571	99.773762
61464		-6.103785	6.530752	2.687264	0.885048	0.049692	1.312016	54.006974	52.510074	100.558285
61465		-5.995393	6.823550	2.683985	0.899360	0.061239	1.359204	55.140855	51.896481	101.340198
61466		-5.896730	7.035849	2.735275	0.897411	0.077784	1.408332	56.281770	51.250894	102.136901
61467		-5.896924	7.388523	2.795491	0.893746	0.084171	1.438455	57.398436	50.588006	102.914810
61468		-6.206180	7.547022	2.847776	0.856028	0.099533	1.464412	58.489709	49.902720	103.692797
61469		-6.619248	7.532479	2.819290	0.890161	0.081860	1.500591	59.565658	49.190390	104.435562
61470		-6.908182	7.600982	2.776655	0.941600	0.057681	1.526003	60.643309	48.444065	105.146895
61471		-7.113438	7.640351	2.784829	1.028204	0.017770	1.548463	61.718235	47.672402	105.799035
61472		-7.130321	7.538801	2.720939	1.126970	-0.038823	1.553558	62.798412	46.869185	106.386539
61473		-7.235898	7.702327	2.728321	1.267891	-0.106054	1.557264	63.888915	46.045292	106.887772
61474		-7.399015	8.140389	2.878986	1.402750	-0.173935	1.559436	65.001713	45.191011	107.315999
61475		-7.393817	8.990619	3.152751	1.532471	-0.259233	1.608422	66.123641	44.291379	107.661435
61476		-7.272394	9.943313	3.538822	1.584003	-0.356656	1.734249	67.235425	43.292630	107.951948
61477		-7.256260	10.862917	3.798549	1.583503	-0.471157	1.932529	68.299042	42.166393	108.181255
61478		-7.373860	11.411175	3.917816	1.520290	-0.564865	2.168950	69.307645	40.885025	108.383712
61479		-7.939382	11.388237	3.865839	1.489643	-0.670267	2.410989	70.260154	39.456888	108.536020
61480		-8.589512	10.951188	3.715473	1.571383	-0.797341	2.634933	71.220512	37.874998	108.626469
61481		-8.818801	10.727996	3.562161	1.745526	-0.914789	2.826937	72.228685	36.173515	108.638560
61482		-8.926535	10.670724	3.590718	1.910381	-0.989931	2.975586	73.303773	34.371215	108.598312
61483		-9.077616	10.698001	3.735915	2.019700	-1.043052	3.052940	74.403549	32.525738	108.492677
61484		-9.184964	10.965849	3.950397	2.059078	-1.042390	3.044265	75.513080	30.680638	108.351063
61485		-9.169329	11.179782	4.078966	1.984773	-1.005733	2.969956	76.565674	28.891163	108.179177
61486		-9.120979	11.264958	4.238620	1.829114	-0.927654	2.838137	77.537618	27.182072	108.008714
61487		-9.103933	11.218161	4.121183	1.607463	-0.809565	2.665655	78.392085	25.592564	107.857285
61488		-9.046739	10.935046	3.801837	1.416261	-0.652464	2.473784	79.166733	24.124860	107.760163
61489		-9.069169	10.443944	3.572192	1.267652	-0.451700	2.278488	79.886135	22.795038	107.740953
61490		-8.884219	9.969476	3.609197	1.227412	-0.253993	2.097403	80.618768	21.582020	107.808350
61491		-8.693158	10.073398	3.935314	1.120422	-0.059648	1.944471	81.315560	20.477329	107.959135
61492		-8.712667	10.090336	4.232277	0.893818	0.095950	1.840073	81.907694	19.439085	108.182710
61493		-8.949593	9.796891	4.233343	0.640014	0.204723	1.755988	82.362138	18.459455	108.450702
61494		-9.037900	9.381635	4.159231	0.355307	0.269756	1.692132	82.660317	17.515904	108.746258
61495		-8.871795	8.426267	3.857625	0.065387	0.295671	1.653276	82.786742	16.598695	109.047120
61496		-8.665250	7.293226	3.343024	-0.176691	0.298496	1.619601	82.771658	15.698094	109.346288
61497		-8.897424	6.166337	2.835379	-0.357980	0.264657	1.563795	82.639238	14.829575	109.619716
61498		-9.240846	5.214722	2.365505	-0.455624	0.203851	1.444166	82.438437	14.023885	109.850907
61499		-9.441617	4.297020	1.910856	-0.496430	0.103662	1.267737	82.192545	13.312953	110.011033
61500		-9.291091	3.498099	1.387573	-0.463308	0.003233	1.003402	81.948405	12.744668	110.094593
61501		-8.696564	2.797979	0.850534	-0.355142	-0.069888	0.652118	81.748511	12.370089	110.107847
61502		-7.808159	2.463440	0.436410	-0.191652	-0.108787	0.225516	81.631732	12.235409	110.063785
61503		-6.931985	2.649032	0.149058	0.016403	-0.100572	-0.237156	81.625005	12.362410	109.984771
61504		-6.293406	3.416950	0.196166	0.214783	-0.077321	-0.690037	81.727955	12.750457	109.880978
61505		-5.549830	4.393569	0.302121	0.368353	-0.058679	-1.067601	81.911729	13.352099	109.757060
61506		-4.871608	5.397238	0.525004	0.459216	-0.020957	-1.357159	82.147999	14.124568	109.633480
61507		-4.516363	6.542916	0.892693	0.498195	0.013944	-1.548736	82.405122	15.005914	109.518038
61508		-4.253233	7.333037	1.262957	0.458515	0.064870	-1.665690	82.646067	15.961541	109.427079
61509		-4.176988	8.034607	1.523034	0.389474	0.092422	-1.706792	82.848872	16.939287	109.352723
61510		-4.198366	8.435670	1.651893	0.296177	0.113706	-1.682269	83.003934	17.908655	109.295681
61511		-4.151240	8.689637	1.674304	0.210421	0.116040	-1.595238	83.110307	18.824961	109.248404
61512		-4.078167	8.651885	1.629678	0.125411	0.092087	-1.459783	83.167767	19.666659	109.197623
61513		-4.035632	8.443635	1.492867	0.062445	0.060308	-1.300455	83.184334	20.411561	109.139500
61514		-4.008594	8.146787	1.318550	0.043769	0.013318	-1.128586	83.185317	21.059630	109.065082
61515		-3.834629	7.892342	1.135828	0.064850	-0.032389	-0.967019	83.190164	21.608547	108.974336
61516		-3.651332	7.827100	1.132266	0.088775	-0.068205	-0.847583	83.204417	22.091315	108.870059
61517		-3.640894	7.918902	1.103034	0.105940	-0.070623	-0.755881	83.228197	22.517560	108.770924
61518		-3.824605	8.108134	1.127809	0.115293	-0.063906	-0.697471	83.261308	22.915312	108.680036
61519		-4.015282	8.384572	1.150289	0.101319	-0.056120	-0.667776	83.287163	23.292490	108.596189
61520		-4.296803	8.479429	1.096502	0.063063	-0.046887	-0.642461	83.294930	23.660169	108.519693
61521		-4.444150	8.442662	1.070920	0.038825	-0.042039	-0.621418	83.288771	24.011934	108.447658
61522		-4.484748	8.375196	1.044838	0.015400	-0.027082	-0.605779	83.274297	24.360109	108.385711
61523		-4.447847	8.132175	1.002742	-0.003678	-0.003905	-0.586546	83.253722	24.694562	108.339523
61524		-4.250044	7.847180	0.957701	-0.028423	0.036942	-0.595108	83.230415	25.041006	108.317912
61525		-4.113925	7.795404	0.940089	-0.044390	0.105521	-0.635908	83.213533	25.410913	108.336323
61526		-4.126815	7.829672	1.046485	-0.065985	0.193794	-0.703077	83.207586	25.829427	108.405231
61527		-4.233562	8.054562	1.181262	-0.100977	0.277612	-0.777402	83.201716	26.291506	108.521957
61528		-4.473176	8.278429	1.391113	-0.167437	0.344465	-0.852725	83.176548	26.805414	108.675703
61529		-4.729481	8.237179	1.485192	-0.233037	0.391650	-0.921241	83.125272	27.357209	108.854809
61530		-5.046617	7.992191	1.526212	-0.266202	0.398073	-0.984884	83.057565	27.950219	109.033225
61531		-5.389869	7.730323	1.375988	-0.256413	0.388897	-1.062500	82.990316	28.582511	109.199957
61532		-5.606007	7.427628	1.247318	-0.213202	0.363274	-1.161217	82.938961	29.273788	109.342250
61533		-5.686004	7.190960	1.033897	-0.123087	0.322319	-1.271457	82.922206	30.020437	109.449522
61534		-5.660650	7.180785	0.903532	-0.018706	0.288503	-1.366369	82.952937	30.823317	109.527484
61535		-5.800874	7.209799	0.838301	0.084493	0.254294	-1.436213	83.028631	31.658804	109.578725
61536		-5.793628	7.306253	0.806845	0.169285	0.230243	-1.491230	83.144910	32.528652	109.611266
61537		-6.029938	7.012147	0.768456	0.221570	0.219887	-1.514025	83.287000	33.405902	109.637787
61538		-6.439304	7.011067	0.954508	0.277261	0.196431	-1.552696	83.453624	34.308476	109.648093
61539		-6.879531	6.805647	0.881195	0.277848	0.169295	-1.641106	83.606621	35.254673	109.635984
61540		-6.277446	6.287684	0.048944	0.301429	0.200843	-1.755611	83.783794	36.273219	109.640151
61541		1.841955	72.825614	23.411154	2.727910	-2.520436	3.213901	84.464228	34.294523	108.110965
61542		23.894175	2.826373	-9.107222	-10.607252	2.077758	3.111146	79.332059	32.700781	109.823654
61543		-37.460054	-6.706385	4.886892	-3.061856	-0.029783	3.011773	77.780376	31.007076	110.206475
61544		6.192328	21.934295	1.679591	-0.597567	-1.189745	3.175205	77.280557	29.087217	109.890227
61545		-19.213366	-6.907240	-11.733762	-5.793934	0.713342	2.635469	74.375337	27.724303	110.760342
61546		-7.555693	4.557617	2.161699	3.686875	-2.575095	3.057848	75.997637	25.657381	109.664737
61547		1.886264	23.163496	5.036345	-0.512478	-1.085362	2.698334	75.600987	24.006948	109.417821
61548		-8.212465	6.480445	3.802851	-1.335737	-0.492972	2.116330	74.852718	22.765913	109.456573
61549		-1.907353	16.467905	4.147826	1.628886	-1.432222	1.552885	75.555113	21.697021	108.844397
61550		-3.733112	11.540905	2.353823	-1.474322	-0.179561	0.959227	74.727951	21.142871	108.888293
61551		-3.833895	6.546765	3.599338	0.253422	-0.701264	0.792626	74.771400	20.599937	108.600715
61552		-2.412233	10.340692	2.459185	0.379348	-0.487009	0.717243	74.929814	20.133784	108.427231
61553		-3.379864	7.791305	2.868941	-0.137864	-0.157784	0.703951	74.857808	19.721731	108.445651
61554		-3.523800	9.064622	2.481222	0.727199	-0.428898	0.689828	75.227654	19.279788	108.301261
61555		-2.739104	9.605343	2.307916	0.189105	-0.224726	0.661843	75.326793	18.881215	108.270925
61556		-3.277787	8.622734	2.450205	0.317575	-0.126842	0.634582	75.517070	18.514317	108.292549
61557		-3.385601	9.756865	2.047793	0.529935	-0.161159	0.646286	75.821965	18.133601	108.294324
61558		-3.164502	9.706549	1.989980	0.151940	-0.085898	0.663185	75.924770	17.756386	108.340908
61559		-2.766886	9.070011	2.384779	0.191592	-0.164253	0.541134	76.029961	17.433689	108.323410
61560		-2.191142	9.095749	2.214692	0.349498	-0.097172	0.295448	76.227199	17.259242	108.308587
61561		-3.124848	9.343396	2.038725	0.276582	0.042227	0.252110	76.404068	17.125534	108.368447
61562		-2.731380	9.508618	2.042682	0.296583	-0.086167	0.132480	76.565914	17.043375	108.336095
61563		-2.714303	9.642066	1.905497	0.088500	0.040540	0.070221	76.626952	17.010541	108.368968
61564		-2.950385	8.608262	2.339041	-0.025501	0.051250	0.063184	76.624897	16.985233	108.406940
61565		-2.895003	9.177839	2.094635	0.309749	-0.017034	0.055214	76.802247	16.953122	108.404101
61566		-2.812493	9.490056	1.898731	0.064349	0.010021	0.037848	76.843568	16.936436	108.414447
61567		-2.939707	8.988538	2.154783	0.040414	0.046706	0.039493	76.876780	16.921405	108.446557
61568		-2.927013	9.388789	1.960167	0.104180	-0.002818	0.051690	76.939290	16.895291	108.451271
61569		-2.796403	9.251518	2.037554	-0.056557	0.032791	0.047172	76.914854	16.874135	108.476280
61570		-2.906964	9.088720	2.069963	-0.015945	0.015452	0.037943	76.911105	16.858036	108.489795
61571		-2.757323	9.151269	2.097418	-0.040905	0.010031	0.018739	76.890661	16.849803	108.497680
61572		-2.883073	9.106262	2.096371	-0.051325	0.015195	-0.005278	76.864894	16.857774	108.505184
61573		-2.810065	9.082734	2.101952	-0.049496	-0.001210	-0.011671	76.836428	16.865050	108.502382
61574		-2.854460	9.151897	2.088613	-0.049543	0.005109	-0.018320	76.809456	16.878969	108.502223
61575		-2.856261	9.150156	2.093772	-0.065329	0.001683	-0.019483	76.772094	16.890978	108.500030
61576		-2.914813	9.066443	2.115093	-0.082747	0.001519	-0.013947	76.725661	16.901968	108.498367
61577		-2.832715	8.995774	2.183202	-0.051261	-0.009121	-0.011676	76.694835	16.908198	108.490935
61578		-2.876218	9.012081	2.157061	-0.014849	0.000282	-0.007661	76.687334	16.915506	108.489406
61579		-2.864706	9.129966	2.128943	0.005029	-0.010555	0.001946	76.689061	16.913948	108.483013
61580		-2.859187	9.091889	2.099205	-0.010946	0.005096	0.004879	76.685109	16.914885	108.486018
61581		-2.851665	9.141373	2.077993	-0.004275	-0.002764	0.004499	76.682929	16.912932	108.484518
61582		-2.855978	9.125895	2.098265	-0.036467	0.005907	0.007921	76.664618	16.912263	108.488420
61583		-2.867168	9.060684	2.141604	-0.032354	0.000554	0.010896	76.647170	16.907182	108.489738
61584		-2.825847	9.008898	2.176060	-0.007124	-0.004612	0.007498	76.643871	16.905342	108.487457
61585		-2.868062	9.079879	2.158264	0.014630	-0.002059	0.008483	76.652803	16.901260	108.486920
61586		-2.867032	9.080584	2.156669	0.023503	-0.007434	0.011950	76.666743	16.896549	108.483607
61587		-2.868101	9.047366	2.157221	0.042989	-0.003992	0.012279	76.691747	16.890096	108.482465
61588		-2.861727	9.064216	2.133922	0.068428	-0.010362	0.017901	76.731160	16.881670	108.478258
61589		-2.819385	9.144984	2.074450	0.070005	-0.010269	0.014407	76.770665	16.873208	108.473741
61590		-2.877859	9.137441	2.110266	0.053666	-0.007521	0.011440	76.801840	16.868745	108.470295
61591		-2.817096	9.201346	2.076151	0.049746	-0.015295	0.008749	76.828661	16.862787	108.462066
61592		-2.842151	9.168870	2.072419	-0.004701	-0.000330	0.010523	76.827574	16.859757	108.462686
61593		-2.869352	9.101947	2.073246	0.023453	-0.004072	0.015161	76.841482	16.851688	108.461872
61594		-2.835061	9.238502	2.063932	-0.005070	-0.007267	0.008996	76.838955	16.848589	108.458243
61595		-2.869134	9.068362	2.077258	-0.021823	0.009875	0.020762	76.829498	16.839216	108.466323
61596		-2.860338	9.171618	2.067299	0.011551	-0.014609	0.017807	76.835608	16.830225	108.459622
61597		-2.882115	9.173185	2.062529	-0.022396	0.007133	0.024430	76.825503	16.818448	108.466604
61598		-2.891650	9.109023	2.104535	-0.010910	-0.007118	0.031218	76.820544	16.802938	108.466106
61599		-2.788880	9.120370	2.108974	-0.017369	-0.003442	0.026397	76.811614	16.788684	108.467196
61600		-2.867735	9.093654	2.131327	-0.014298	0.000167	0.022568	76.805598	16.778936	108.469768
61601		-2.827430	9.138492	2.082042	0.000951	-0.014508	0.015480	76.804873	16.769325	108.462923
61602		-2.809627	9.141594	2.121494	-0.007484	-0.005564	0.010346	76.801313	16.765631	108.460488
61603		-2.848985	9.193363	2.089632	-0.005228	-0.012438	0.006642	76.797049	16.761220	108.453642
61604		-2.850429	9.158860	2.095406	-0.037791	-0.010628	0.008531	76.775204	16.757856	108.448015
61605		-2.844693	9.173417	2.080858	-0.039091	-0.018328	0.003662	76.750433	16.754330	108.437333
61606		-2.827536	9.121957	2.112813	-0.053080	-0.013876	0.002540	76.719049	16.753860	108.429001
61607		-2.867342	9.119406	2.073193	-0.038507	-0.015598	0.000005	76.694927	16.752723	108.419410
61608		-2.824218	9.154532	2.117970	-0.037874	-0.019208	0.003000	76.671383	16.751273	108.408043
61609		-2.858863	9.167390	2.059678	-0.048364	-0.010555	0.006243	76.642709	16.747317	108.402250
61610		-2.862593	9.204553	2.095641	-0.071106	-0.013432	0.014981	76.601578	16.739927	108.395913
61611		-2.820163	9.098267	2.124212	-0.091130	-0.013680	0.022737	76.548540	16.726355	108.390599
61612		-2.843871	9.117498	2.141399	-0.062769	-0.015669	0.026504	76.512285	16.712221	108.384587
61613		-2.812482	9.130814	2.135295	-0.080733	-0.015626	0.025908	76.465015	16.696615	108.378606
61614		-2.817358	9.026953	2.152520	-0.071637	-0.016280	0.018703	76.423272	16.686721	108.371174
61615		-2.789262	9.112309	2.173284	-0.067878	-0.019655	0.014670	76.382251	16.676821	108.361296
61616		-2.797444	9.027254	2.204975	-0.072959	-0.011678	0.011583	76.340234	16.671487	108.355555
61617		-2.815215	9.096082	2.198594	-0.036827	-0.015974	0.007564	76.317336	16.666030	108.346825
61618		-2.802499	9.160077	2.163307	-0.055091	-0.017285	-0.003222	76.284017	16.668156	108.335737
61619		-2.781291	9.123060	2.178020	-0.071272	-0.015338	-0.008136	76.240851	16.671514	108.325154
61620		-2.829431	9.123591	2.174540	-0.074679	-0.016982	-0.011293	76.196029	16.678138	108.313095
61621		-2.813702	9.070576	2.209236	-0.088799	-0.017740	-0.014718	76.142147	16.684812	108.300169
61622		-2.795536	9.051798	2.240831	-0.075939	-0.018766	-0.011770	76.096280	16.691423	108.286999
61623		-2.796280	8.996813	2.234835	-0.051288	-0.011747	-0.012674	76.064967	16.697767	108.277836
61624		-2.839703	9.119819	2.234530	-0.032835	-0.014600	-0.007122	76.044672	16.702339	108.267748
61625		-2.806912	9.095098	2.194707	-0.041419	-0.010808	-0.014551	76.019090	16.709849	108.258852
61626		-2.822360	9.047610	2.253476	-0.038906	-0.003985	-0.010319	75.996952	16.717646	108.254464
61627		-2.816030	9.096441	2.234674	-0.012675	-0.009125	-0.012539	75.988200	16.724266	108.246831
61628		-2.826614	9.143047	2.176520	-0.027353	-0.003678	-0.017737	75.972417	16.736213	108.241544
61629		-2.842547	9.095592	2.234296	-0.033522	-0.004608	-0.016700	75.952297	16.745769	108.235924
61630		-2.822720	9.111946	2.258295	-0.038216	-0.007971	-0.020374	75.929462	16.758567	108.227758
61631		-2.843400	9.073851	2.226492	-0.047423	-0.003597	-0.020929	75.901365	16.770610	108.222101
61632		-2.876064	9.076992	2.258641	-0.032605	-0.009835	-0.017750	75.881534	16.781668	108.213228
61633		-2.848795	9.089974	2.249153	-0.036660	-0.016825	-0.018459	75.857486	16.790484	108.200244
61634		-2.840258	9.119668	2.216358	-0.032764	-0.023983	-0.014716	75.835312	16.797858	108.183598
61635		-2.827338	9.139097	2.275500	-0.064868	-0.012442	-0.020859	75.795728	16.808611	108.172795
61636		-2.850323	9.119414	2.261048	-0.059277	-0.020249	-0.022646	75.758647	16.820880	108.157144
61637		-2.811777	9.196743	2.215765	-0.083734	-0.019207	-0.029106	75.706756	16.835242	108.141182
61638		-2.821990	9.143463	2.247003	-0.125078	-0.021201	-0.048963	75.630672	16.861939	108.121063
61639		-2.872104	9.175629	2.246031	-0.131591	-0.017132	-0.064671	75.550146	16.896295	108.100964
61640		-2.782369	8.980372	2.351680	-0.160697	-0.025531	-0.079138	75.451567	16.939037	108.073735
61641		-2.835760	8.792060	2.424028	-0.100226	-0.012293	-0.074639	75.389331	16.979561	108.054822
61642		-2.788719	9.021174	2.350076	-0.046830	-0.015902	-0.084537	75.357296	17.026616	108.032245
61643		-2.894156	9.040651	2.349765	-0.057519	-0.006144	-0.090103	75.319837	17.076578	108.014482
61644		-2.899152	9.018351	2.338839	-0.038364	-0.009948	-0.080488	75.293787	17.122214	107.995908
61645		-2.888625	9.183755	2.296027	-0.044804	-0.006330	-0.085183	75.263756	17.169404	107.978724
61646		-2.952955	9.097536	2.314766	-0.076785	-0.007396	-0.088999	75.215700	17.220092	107.960272
61647		-2.928022	9.123404	2.290986	-0.075408	-0.015017	-0.096096	75.166090	17.272030	107.936290
61648		-2.901174	9.103625	2.361250	-0.095365	-0.009545	-0.107746	75.106103	17.332742	107.913610
61649		-2.892488	9.081308	2.393005	-0.086952	-0.003400	-0.127686	75.050348	17.403838	107.891361
61650		-2.885274	9.172212	2.327356	-0.116489	0.011372	-0.156510	74.979525	17.494573	107.873099
61651		-2.862816	9.130992	2.384329	-0.124426	0.026378	-0.185693	74.904651	17.602145	107.858876
61652		-2.857257	8.900473	2.472684	-0.162904	0.058548	-0.219788	74.812386	17.734861	107.857794
61653		-2.662119	8.697210	2.596512	-0.070272	0.089312	-0.252101	74.776356	17.888573	107.869324
61654		-2.868492	8.848799	2.526913	0.000370	0.159324	-0.288955	74.792260	18.074644	107.915702
61655		-3.287085	8.882091	2.361037	0.039744	0.166863	-0.293126	74.831407	18.262678	107.965955
61656		-3.199338	9.212709	2.315407	0.093021	0.055370	-0.309374	74.880695	18.444422	107.948882
61657		-3.139411	9.219535	2.345233	-0.006573	0.139590	-0.342802	74.886183	18.655798	107.975752
61658		-3.101391	8.952007	2.430011	0.028546	0.110307	-0.394876	74.904448	18.893038	107.977399
61659		-3.207266	9.113278	2.394752	0.041467	0.144206	-0.425659	74.934364	19.150926	107.994121
61660		-3.277120	8.996771	2.389393	0.011257	0.149346	-0.447966	74.947597	19.423329	108.010492
61661		-3.240367	8.674537	2.459615	0.029747	0.155927	-0.445279	74.972296	19.693804	108.031250
61662		-3.433406	8.813497	2.349744	0.091826	0.141437	-0.416070	75.032075	19.947355	108.048359
61663		-3.393849	9.092830	2.316202	0.083408	0.134215	-0.414872	75.085138	20.197756	108.061665
61664		-3.486958	9.063119	2.314552	-0.003646	0.152287	-0.424847	75.092269	20.457736	108.084272
61665		-3.611881	8.965266	2.349046	0.004155	0.140163	-0.411167	75.101554	20.706953	108.101902
61666		-3.505893	9.208795	2.344126	-0.033923	0.124416	-0.434753	75.085138	20.968304	108.106543
61667		-3.504054	9.165359	2.464327	-0.079062	0.154687	-0.480265	75.046030	21.257928	108.121771
61668		-3.522901	8.844783	2.370554	-0.110888	0.173571	-0.510636	74.991699	21.568533	108.143232
61669		-3.743777	8.427467	2.410464	-0.084284	0.168739	-0.471632	74.953190	21.855491	108.167767
61670		-3.703599	8.717241	2.337387	-0.002539	0.142860	-0.442309	74.958261	22.123743	108.181577
61671		-3.701122	8.840169	2.334548	-0.006362	0.147045	-0.444659	74.961353	22.392554	108.197501
61672		-3.890779	8.897153	2.200023	-0.019379	0.132452	-0.445669	74.954323	22.661105	108.204607
61673		-4.094701	8.556794	2.106266	-0.065410	0.111224	-0.406292	74.917770	22.903361	108.205171
61674		-3.952455	9.162515	2.275815	-0.034374	0.049021	-0.400252	74.885398	23.134362	108.169252
61675		-3.878919	9.310678	2.389939	-0.142847	0.085362	-0.469411	74.794089	23.407650	108.143511
61676		-4.055516	8.912055	2.299206	-0.153762	0.072632	-0.518800	74.690581	23.707613	108.101514
61677		-3.979561	8.586489	2.393301	-0.164154	0.076866	-0.532822	74.580008	24.014558	108.058931
61678		-3.754936	8.396310	2.569192	-0.116341	0.085148	-0.527470	74.499484	24.321076	108.021712
61679		-3.890620	8.678508	2.535625	-0.061657	0.121036	-0.525065	74.458396	24.630404	108.006103
61680		-4.241736	8.777337	2.292702	-0.086194	0.139599	-0.554678	74.406351	24.960210	107.996560
61681		-4.479982	8.701250	2.247416	-0.067304	0.119867	-0.566973	74.358253	25.292457	107.972441
61682		-4.316267	9.269010	2.370768	-0.060618	0.093681	-0.625810	74.303165	25.654390	107.921965
61683		-4.495296	9.016405	2.319285	-0.180354	0.120062	-0.693299	74.180084	26.056273	107.875069
61684		-4.560283	9.120494	2.362132	-0.167974	0.077868	-0.753744	74.047851	26.486025	107.790670
61685		-4.537762	9.077485	2.492177	-0.245850	0.095609	-0.834076	73.867443	26.961340	107.701161
61686		-4.584817	8.960388	2.414141	-0.254512	0.091599	-0.905037	73.674179	27.476030	107.594453
61687		-4.732272	8.624693	2.422901	-0.288768	0.096616	-0.954225	73.455708	28.016977	107.479057
61688		-4.639592	8.508210	2.473243	-0.258346	0.090163	-0.996552	73.247443	28.580940	107.349093
61689		-4.713499	8.670489	2.599258	-0.235933	0.101429	-1.047762	73.047358	29.173219	107.213236
61690		-4.741298	8.730011	2.667799	-0.231586	0.145016	-1.120498	72.854304	29.813442	107.087871
61691		-4.957344	8.576427	2.577831	-0.221062	0.172428	-1.211345	72.663321	30.506472	106.958444
61692		-4.749317	8.376049	2.726709	-0.173788	0.183463	-1.288914	72.492664	31.244586	106.817319
61693		-4.822535	7.479159	2.427268	-0.175259	0.236718	-1.303684	72.333250	31.998492	106.703453
61694		-5.011720	6.450462	2.078674	-0.069537	0.212567	-1.232248	72.231909	32.710078	106.586085
61695		-5.069202	6.128830	2.017304	0.014101	0.174232	-1.091987	72.177827	33.337194	106.470731
61696		-5.289494	6.062156	2.015227	0.090221	0.151730	-0.933272	72.176851	33.874932	106.373211
61697		-5.171763	7.088117	2.487540	0.201758	0.139148	-0.837102	72.244937	34.356862	106.287240
61698		-5.094386	7.512267	2.928122	0.218829	0.225976	-0.820523	72.357870	34.846220	106.263048
61699		-5.089501	8.146204	3.113205	0.303932	0.303249	-0.870122	72.543110	35.374832	106.281118
61700		-5.088524	8.508009	3.123613	0.284512	0.426653	-0.953743	72.757611	35.971351	106.367308
61701		-5.597139	8.391939	2.755174	0.232422	0.518174	-1.028453	72.971953	36.622814	106.503236
61702		-6.177712	8.317540	2.471533	0.201345	0.526937	-1.074993	73.170615	37.301856	106.639818
61703		-6.313114	8.599765	2.350972	0.175001	0.521153	-1.142190	73.346365	38.015447	106.762204
61704		-6.616017	8.417894	2.333103	0.082161	0.571186	-1.231074	73.483391	38.786705	106.905128
61705		-6.907716	8.539529	2.343419	0.184237	0.608623	-1.340420	73.685035	39.622845	107.056013
61706		-6.521519	10.269300	3.659397	0.272158	0.603468	-1.427479	73.929359	40.506502	107.191510
61707		-6.250916	10.598601	3.299493	-0.099285	0.661558	-1.499932	73.982807	41.438081	107.358701
61708		-7.155132	8.211569	1.902608	-0.233778	0.710914	-1.633488	73.969376	42.451549	107.537391
61709		-6.988416	8.805600	1.945720	-0.143359	0.616781	-1.759188	73.944368	43.518794	107.620148
61710		-7.106090	8.822660	2.135120	-0.351947	0.611225	-1.856266	73.783176	44.639161	107.676760
61711		-7.420294	7.871618	1.450823	-0.457885	0.544931	-1.922278	73.510394	45.784789	107.661077
61712		-7.524184	7.408868	1.037718	-0.468516	0.452006	-1.968572	73.163988	46.940851	107.551868
61713		-7.567149	7.252776	1.137422	-0.511786	0.351914	-1.998758	72.714444	48.095703	107.338984
61714		-7.439329	7.172762	1.170102	-0.570873	0.261394	-2.009197	72.155896	49.239636	107.029269
61715		-7.311146	6.611367	1.210320	-0.673068	0.205597	-2.030143	71.473006	50.382367	106.639270
61716		-7.286081	6.138014	1.423811	-0.690451	0.139822	-2.025631	70.708617	51.507461	106.162934
61717		-7.199014	5.729216	1.589135	-0.716710	0.105195	-2.013401	69.871615	52.614665	105.621477
61718		-7.283472	5.397473	1.790285	-0.733696	0.097092	-1.984534	68.988986	53.699903	105.042512
61719		-7.142372	5.080822	2.105783	-0.704526	0.095872	-1.964747	68.084275	54.768507	104.424187
61720		-6.984243	4.876598	2.383685	-0.683087	0.132431	-1.942928	67.183905	55.827951	103.803806
61721		-7.038579	4.631554	2.512181	-0.672661	0.202796	-1.919511	66.306140	56.885108	103.211579
61722		-7.286344	4.390919	2.505761	-0.608580	0.262246	-1.909600	65.474008	57.946190	102.636669
61723		-7.468613	4.661465	2.522043	-0.563801	0.309265	-1.908524	64.660940	59.013296	102.061029
61724		-7.720367	4.950099	2.542132	-0.579927	0.364685	-1.912365	63.840119	60.091939	101.493272
61725		-7.889058	5.155266	2.672930	-0.628460	0.414532	-1.936745	62.973977	61.191336	100.911872
61726		-7.896325	5.179572	2.631399	-0.698446	0.456302	-1.971460	62.035791	62.314837	100.300183
61727		-7.814520	5.011391	2.646415	-0.788850	0.515665	-2.010321	61.017719	63.468973	99.663487
61728		-7.963434	4.517151	2.342617	-0.828477	0.564331	-2.061369	59.925604	64.656627	98.976051
61729		-8.020928	4.280480	2.217886	-0.814136	0.606545	-2.121739	58.761510	65.880348	98.207262
61730		-7.913725	4.222832	2.150130	-0.806659	0.637531	-2.174170	57.500849	67.131628	97.335859
61731		-7.294935	4.103508	2.011502	-0.785006	0.630305	-2.194712	56.105268	68.382351	96.313336
61732		-6.907419	3.992907	1.847524	-0.805006	0.627782	-2.196148	54.550766	69.622167	95.141658
61733		-5.681013	4.035787	1.865764	-0.735688	0.565116	-2.160906	52.814256	70.812275	93.743542
61734		-3.751127	3.925914	1.613290	-0.688185	0.461030	-2.036376	50.901441	71.893187	92.140338
61735		-3.322269	3.268039	1.280356	-0.657512	0.392672	-1.862121	48.901356	72.854928	90.436357
61736		-2.386204	1.989321	0.722243	-0.460085	0.222541	-1.735680	46.732720	73.677305	88.446599
61737		-3.760235	3.117224	1.372724	-0.272568	0.061415	-1.599369	44.422313	74.357068	86.205071
61738		-4.162257	6.118159	2.696777	-0.147063	-0.202732	-1.239466	42.181122	74.759220	83.966886
61739		-2.667156	7.887187	3.090902	-0.287238	-0.378937	-0.679593	40.408938	74.853539	82.300326
61740		-2.338417	8.242378	3.285066	-0.521131	-0.535022	0.024340	39.433292	74.608333	81.598095
61741		-2.629434	7.749912	2.909183	-0.718472	-0.687518	0.765602	39.336279	74.025968	81.924169
61742		-3.246488	6.432726	2.193434	-0.749866	-0.813215	1.391198	39.986518	73.156458	83.049569
61743		-3.868556	4.690724	1.462494	-0.612485	-0.922977	1.830550	41.081640	72.073272	84.564037
61744		-4.370160	2.972664	1.040700	-0.276381	-1.019464	2.116625	42.465266	70.827022	86.190122
61745		-5.204850	2.490547	1.141785	0.127093	-1.119763	2.256166	43.930291	69.474837	87.669395
61746		-5.786320	2.661417	1.644462	0.486163	-1.215519	2.302168	45.369715	68.049528	88.914360
61747		-6.242312	3.477756	2.304922	0.714788	-1.287316	2.304465	46.700881	66.587630	89.912356
61748		-6.522029	4.437134	2.913379	0.789034	-1.321139	2.313755	47.921515	65.096983	90.754092
61749		-6.579418	5.040815	3.179099	0.716315	-1.331407	2.323676	48.980817	63.595195	91.473059
61750		-6.463295	5.274217	3.163571	0.628976	-1.295228	2.332052	49.939554	62.094146	92.144878
61751		-6.386907	5.451746	3.057208	0.519843	-1.213442	2.334214	50.817644	60.621194	92.805144
61752		-6.320604	5.540806	2.841012	0.409838	-1.118599	2.327949	51.635877	59.176364	93.478728
61753		-6.228063	5.447617	2.494537	0.335793	-1.004958	2.310244	52.415561	57.779247	94.166786
61754		-6.176519	5.236509	2.212284	0.336656	-0.885631	2.288905	53.213159	56.423914	94.886089
61755		-6.182466	5.352784	2.003870	0.416091	-0.769755	2.273356	54.064122	55.114141	95.626070
61756		-6.589903	5.611350	2.170439	0.483852	-0.658638	2.258718	54.967430	53.837290	96.394271
61757		-7.232177	6.001189	2.521101	0.592717	-0.608463	2.256171	55.903452	52.575649	97.138102
61758		-7.258366	6.365727	2.756393	0.627656	-0.595028	2.253728	56.818370	51.307624	97.842107
61759		-6.965802	6.393951	2.640325	0.633591	-0.572864	2.234925	57.689821	50.053756	98.498334
61760		-6.838033	6.293511	2.408621	0.625450	-0.518428	2.193483	58.533284	48.825523	99.135444
61761		-6.834503	6.178979	2.234812	0.668200	-0.459675	2.111123	59.362133	47.654138	99.732345
61762		-6.986357	6.271149	2.160959	0.740203	-0.391314	2.016635	60.207478	46.538573	100.305783
61763		-7.124429	6.389317	2.145187	0.840706	-0.340040	1.910795	61.069381	45.489619	100.833190
61764		-7.001317	6.656163	2.060712	0.942905	-0.296501	1.800406	61.956284	44.497696	101.321621
61765		-6.672518	6.912811	1.927856	1.043510	-0.240616	1.702660	62.872851	43.569973	101.779045
61766		-6.504981	7.303627	1.907255	1.137176	-0.153035	1.606008	63.841689	42.703970	102.240949
61767		-6.608270	7.979315	2.019893	1.228774	-0.048055	1.514865	64.865162	41.910403	102.714440
61768		-6.920389	8.463086	2.159663	1.283875	0.053634	1.438085	65.933595	41.169772	103.213941
61769		-7.037009	9.194499	2.269800	1.360400	0.139933	1.403581	67.053753	40.465111	103.734065
61770		-7.178175	9.901874	2.427308	1.347725	0.235739	1.414982	68.195437	39.762517	104.304906
61771		-7.208133	10.598583	2.459803	1.338373	0.318326	1.443309	69.348238	39.058555	104.911705
61772		-7.599806	11.475729	2.734984	1.268054	0.421290	1.479803	70.493914	38.340616	105.579210
61773		-7.995499	11.897459	2.876949	1.191547	0.489646	1.569888	71.611786	37.581824	106.285454
61774		-8.376684	12.501158	2.889038	1.106419	0.542497	1.711961	72.702066	36.738704	107.037878
61775		-8.741164	13.004185	2.900806	1.003288	0.577829	1.895816	73.739874	35.795177	107.819252
61776		-8.965007	13.441471	2.922517	0.892409	0.614268	2.107801	74.726836	34.723755	108.639879
61777		-9.245766	13.609680	2.987839	0.763828	0.651537	2.341349	75.641897	33.523202	109.489572
61778		-9.431198	13.630670	2.992960	0.653125	0.686624	2.584977	76.496904	32.175495	110.372272
61779		-9.895991	13.595665	3.106448	0.539274	0.728870	2.801517	77.277668	30.707828	111.275227
61780		-10.106872	13.115290	3.146398	0.451952	0.763605	3.001310	77.998060	29.116905	112.196453
61781		-10.435990	12.780379	3.297207	0.379900	0.787570	3.160822	78.651090	27.435570	113.113831
61782		-10.792877	12.326107	3.535993	0.280132	0.777598	3.288555	79.214247	25.667388	114.009981
61783		-10.959391	11.844262	3.690971	0.143283	0.730488	3.358123	79.649416	23.853632	114.851163
61784		-11.038103	11.165624	3.752658	-0.028746	0.669546	3.364066	79.940222	22.020633	115.634429
61785		-11.127407	10.050600	3.574780	-0.224189	0.592191	3.315961	80.068708	20.209380	116.345639
61786		-11.429336	8.541282	3.154731	-0.296549	0.512321	3.200507	80.113486	18.450291	116.988393
61787		-11.593355	7.126411	2.909600	-0.262350	0.419560	3.013062	80.133018	16.791688	117.547107
61788		-11.614397	6.030885	2.708800	-0.149728	0.294403	2.772362	80.175210	15.253358	118.003959
61789		-11.552764	5.056521	2.608577	-0.048131	0.149340	2.473335	80.232773	13.872405	118.339737
61790		-11.596491	4.009453	2.400460	0.062567	-0.018582	2.126437	80.316677	12.668883	118.541180
61791		-11.722915	2.931600	2.202961	0.216691	-0.247413	1.744423	80.447319	11.660717	118.568596
61792		-11.706411	2.169649	1.911725	0.425787	-0.528212	1.318361	80.658275	10.866415	118.390818
61793		-11.222451	1.760580	1.662529	0.662905	-0.803911	0.840536	80.968070	10.318414	118.006034
61794		-10.377099	1.837730	1.550319	0.921534	-1.046075	0.311936	81.396146	10.051824	117.431790
61795		-9.262342	2.657259	1.511746	1.101242	-1.241339	-0.232045	81.899403	10.081011	116.697074
61796		-7.991460	3.627693	1.342063	1.187564	-1.373438	-0.781167	82.429174	10.420232	115.842102
61797		-6.690926	4.592330	1.008053	1.212768	-1.440429	-1.261374	82.952200	11.033048	114.914977
61798		-5.733355	5.690260	0.681869	1.230225	-1.463074	-1.658899	83.466769	11.881693	113.949977
61799		-4.455770	7.345413	0.663057	1.198686	-1.423887	-1.966419	83.948819	12.913157	112.992912
61800		-3.390718	8.922686	0.787412	0.994993	-1.275284	-2.168624	84.315043	14.078887	112.113649
61801		-2.323695	9.479844	0.602483	0.718571	-1.088234	-2.241680	84.531997	15.297600	111.342742
61802		-1.590743	9.922629	0.178657	0.517373	-0.855512	-2.215481	84.656236	16.519612	110.709832
61803		-1.143274	10.531319	0.088579	0.340661	-0.566119	-2.092377	84.718498	17.684257	110.255423
61804		-0.286999	10.773258	-0.048940	0.179069	-0.252802	-1.875071	84.742182	18.744976	109.998689
61805		-0.137046	11.208296	0.071595	0.000099	0.084044	-1.578517	84.730629	19.650982	109.961234
61806		-0.223724	11.335374	0.272164	-0.188414	0.397489	-1.242630	84.682498	20.384709	110.131872
61807		-0.528789	11.311411	0.512970	-0.372953	0.658956	-0.891887	84.593100	20.929749	110.482185
61808		-0.672010	10.747392	0.595352	-0.550493	0.850344	-0.540734	84.454749	21.287940	110.969758
61809		-0.898341	9.891699	0.637932	-0.678992	1.002991	-0.208782	84.285537	21.464340	111.570917
61810		-1.811200	9.542325	0.860458	-0.751849	1.074794	0.068715	84.098710	21.490360	112.233115
61811		-2.683469	9.161697	1.080215	-0.856706	1.095921	0.263879	83.859975	21.406836	112.920675
61812		-3.336072	8.407950	1.075911	-0.927292	1.032401	0.376914	83.568907	21.259605	113.576880
61813		-3.871265	7.652802	1.017623	-0.944017	0.929029	0.421843	83.244117	21.081595	114.173280
61814		-4.339264	6.927924	0.884259	-0.885460	0.795145	0.396412	82.922248	20.913672	114.686592
61815		-4.619887	6.282387	0.693940	-0.768447	0.644511	0.315486	82.630685	20.781745	115.102510
61816		-4.829194	5.732976	0.555108	-0.570962	0.505748	0.199330	82.419402	20.709092	115.425134
61817		-5.117457	5.668508	0.723699	-0.336186	0.376489	0.056648	82.309791	20.706548	115.657890
61818		-5.262954	5.828374	0.958774	-0.132653	0.243648	-0.109427	82.284438	20.790587	115.796257
61819		-5.148318	5.936802	1.093320	0.008628	0.123653	-0.305470	82.307772	20.974489	115.845867
61820		-5.017243	6.129554	1.147717	0.120039	0.013358	-0.498198	82.366170	21.261931	115.812496
61821		-4.683741	6.459256	1.034535	0.211655	-0.073618	-0.674217	82.451512	21.640235	115.712323
61822		-4.353125	6.792636	0.958184	0.278121	-0.129641	-0.801566	82.558614	22.089672	115.567627
61823		-3.946863	7.173898	0.847131	0.316726	-0.169122	-0.867405	82.674928	22.571051	115.394277
61824		-3.712984	7.426894	0.765935	0.335593	-0.178504	-0.893180	82.798611	23.069689	115.213184
61825		-3.749844	7.526156	0.792441	0.360607	-0.179239	-0.876655	82.934974	23.556303	115.033887
61826		-3.940988	7.483158	0.911171	0.399781	-0.177873	-0.837535	83.095023	24.024184	114.858738
61827		-4.163582	7.434428	1.201441	0.465218	-0.216527	-0.780156	83.282779	24.454282	114.665090
61828		-4.697002	7.561183	1.530152	0.536949	-0.277716	-0.752939	83.496319	24.868527	114.435668
61829		-5.142862	7.851146	1.789392	0.575676	-0.360264	-0.766618	83.707804	25.283002	114.154743
61830		-5.473439	7.939048	1.997082	0.601717	-0.468078	-0.810240	83.902603	25.719744	113.802875
61831		-5.571230	8.138173	2.016980	0.581716	-0.575651	-0.877690	84.051105	26.186215	113.378993
61832		-5.676465	8.125769	1.893952	0.531532	-0.689810	-0.956109	84.133006	26.694755	112.875825
61833		-5.632548	7.959971	1.528175	0.478796	-0.783866	-1.044216	84.149433	27.245057	112.305602
61834		-5.587590	7.560352	1.008424	0.472131	-0.844356	-1.112509	84.135760	27.834254	111.688184
61835		-5.483709	7.248401	0.570567	0.527548	-0.878380	-1.163015	84.134344	28.446680	111.042804
61836		-5.517658	7.160295	0.264737	0.640570	-0.869686	-1.194327	84.191629	29.081383	110.396538
61837		-5.665069	7.438915	0.161491	0.752908	-0.832391	-1.209099	84.317024	29.723901	109.771828
61838		-5.961533	7.629556	0.238512	0.809453	-0.783342	-1.206391	84.483954	30.372790	109.176458
61839		-6.120644	7.546810	0.295092	0.814212	-0.734746	-1.221046	84.662821	31.030433	108.611693
61840		-6.193651	7.244206	0.217070	0.793361	-0.662097	-1.272657	84.846861	31.726793	108.089682
61841		-6.128963	6.814801	0.131453	0.776001	-0.565626	-1.352073	85.046671	32.470900	107.627652
61842		-5.903090	6.654232	0.055630	0.780103	-0.433163	-1.440303	85.289397	33.277372	107.248950
61843		-5.761151	6.352460	0.049191	0.730930	-0.241581	-1.499596	85.570998	34.123801	107.000413
61844		-5.556614	5.428570	-0.608221	0.690740	-0.013158	-1.544585	85.916868	35.010994	106.910046
61845		-5.878431	4.715533	-1.243268	0.670376	0.344075	-1.686745	86.395541	35.989456	107.071670
61846		0.934970	36.623278	5.849496	2.039969	0.066500	-0.212754	87.588145	36.118596	107.109486
61847		12.946056	66.589755	21.253142	-1.023256	-3.215712	4.604060	85.830884	33.379920	105.054854
61848		-15.433027	-15.251679	-4.642827	-13.847232	7.618902	3.545702	80.817781	31.870441	110.477790
61849		-7.692391	12.975040	5.541098	1.807400	-4.638665	3.685174	80.504651	29.356178	107.828356
61850		3.316993	25.478822	-9.747030	-8.650822	3.452477	3.685544	76.825390	27.676893	110.505290
61851		-21.834373	-24.709040	-14.740724	-5.962461	0.576043	3.259613	73.809935	25.955037	111.392706
61852		-11.297756	12.798426	-2.114094	6.190889	-2.959383	3.410915	76.829434	23.638394	110.130680
61853		6.637275	31.154661	6.127542	-1.162002	-1.115706	2.185399	76.025380	22.272124	109.774437
61854		-12.189810	2.128865	3.596327	-3.623888	0.210688	1.329684	74.076216	21.569704	110.111441
61855		0.596077	11.290429	4.691039	3.572722	-1.761347	1.059309	75.807872	20.722357	109.235123
61856		-3.431332	14.121546	1.277207	-1.669694	0.038340	0.772973	74.901912	20.302220	109.376525
61857		-4.271837	1.804186	4.367253	-0.261616	-0.166501	0.925925	74.769563	19.766126	109.425683
61858		-3.103018	10.263249	2.281981	2.171691	-0.904292	1.044642	75.891426	19.058767	109.054033
61859		-2.719176	10.376524	1.938114	0.033630	0.002488	1.115549	75.964454	18.440045	109.219081
61860		-4.379065	7.923255	2.652757	0.704066	-0.201089	1.258056	76.388415	17.715354	109.281715
61861		-2.405223	10.067727	1.837469	1.408205	-0.489580	1.322116	77.164716	16.914684	109.176682
61862		-0.249595	10.825200	1.955359	1.014495	-0.226314	0.282003	77.719189	16.731600	109.080311
61863		-3.528212	11.819348	0.514600	0.486781	0.374376	0.011837	78.062214	16.770898	109.300332
61864		-3.617105	10.222481	1.422550	-0.751209	-0.055086	0.214174	77.631315	16.646916	109.294397
61865		-2.009641	6.725330	3.245680	-0.280564	0.144469	0.225377	77.503501	16.539562	109.407258
61866		-3.399661	9.418727	1.764035	0.880994	0.051321	0.199829	78.024919	16.436535	109.461797
61867		-2.477705	10.350773	1.439169	-0.041703	-0.018635	0.184897	78.004992	16.331620	109.473356
61868		-2.789899	8.429575	2.211236	-0.075822	0.156666	0.197462	77.995101	16.242238	109.588644
61869		-2.860724	9.480419	1.788121	0.323283	-0.027049	0.181558	78.182732	16.138186	109.594727
61870		-2.541652	9.379611	1.845462	-0.091722	0.036625	0.144329	78.142018	16.064181	109.633061
61871		-2.859036	8.894078	2.031018	0.072819	0.032889	0.130753	78.194026	15.995653	109.667752
61872		-2.648461	9.480006	1.776062	0.104024	-0.048200	0.097450	78.250164	15.937972	109.650787
61873		-2.593704	9.197149	1.914927	-0.065601	-0.010817	0.050523	78.213106	15.909302	109.650137
61874		-2.676843	9.199295	1.861996	0.004774	-0.046727	0.017329	78.209971	15.896703	109.624308
61875		-2.653477	9.384259	1.828590	-0.082227	-0.044047	-0.005131	78.156228	15.895346	109.597517
61876		-2.730084	9.204489	1.899187	-0.122607	-0.045942	-0.002331	78.079593	15.893806	109.569770
61877		-2.631980	9.344143	1.861879	-0.121379	-0.063273	-0.005830	78.000327	15.890493	109.531692
61878		-2.663583	9.178973	1.964107	-0.205802	-0.037281	-0.007830	77.877227	15.892975	109.508323
61879		-2.725690	9.061424	1.999100	-0.132908	-0.050478	0.001250	77.793645	15.887110	109.478598
61880		-2.627111	9.201444	1.961641	-0.104855	-0.044265	0.004735	77.727699	15.881631	109.452748
61881		-2.681716	9.153674	1.983655	-0.122649	-0.015750	0.015678	77.656036	15.871860	109.445083
61882		-2.664484	9.101504	2.020921	-0.073460	-0.019781	0.027473	77.612778	15.856591	109.436401
61883		-2.652895	9.150044	2.005234	-0.060078	-0.004449	0.028662	77.579223	15.840933	109.436989
61884		-2.656252	9.134650	2.028481	-0.042813	0.000043	0.017374	77.556323	15.833739	109.438564
61885		-2.683658	9.121221	2.044257	-0.021736	-0.003102	0.021031	77.544686	15.822517	109.438969
61886		-2.687597	9.221521	1.995995	-0.009829	-0.001705	0.023977	77.540632	15.811404	109.440379
61887		-2.703338	9.238567	1.973428	-0.024519	0.000975	0.028440	77.528307	15.796541	109.444109
61888		-2.656687	9.201199	1.990802	-0.028334	-0.001554	0.028069	77.513822	15.783148	109.446143
61889		-2.666255	9.118069	2.018828	-0.025708	0.001824	0.029119	77.500973	15.768013	109.450462
61890		-2.662626	9.171846	2.031668	-0.006254	-0.000972	0.025189	77.499130	15.756292	109.452471
61891		-2.656965	9.206477	2.029132	-0.015665	0.001799	0.025317	77.491898	15.743281	109.456288
61892		-2.652334	9.187831	2.014937	-0.001500	0.002248	0.028943	77.493415	15.729850	109.460656
61893		-2.646432	9.222626	2.011934	-0.011973	0.005099	0.027720	77.488899	15.715905	109.466700
61894		-2.665493	9.205627	1.992539	-0.017930	0.006069	0.027860	77.481565	15.703541	109.473154
61895		-2.661922	9.259320	2.005595	-0.021249	0.007084	0.025829	77.471979	15.690902	109.480110
61896		-2.645250	9.208302	2.036148	-0.043981	0.000890	0.018081	77.448565	15.683355	109.482302
61897		-2.625270	9.118399	2.037744	-0.044097	0.011870	0.005535	77.425931	15.682667	109.489421
61898		-2.665346	9.189808	2.022313	-0.023523	0.001832	0.007614	77.414019	15.681081	109.490811
61899		-2.644486	9.153545	2.033601	-0.025409	0.007092	0.007304	77.401403	15.678809	109.495385
61900		-2.647481	9.119177	2.038433	-0.008353	0.006026	0.004706	77.398739	15.679364	109.498837
61901		-2.637022	9.221817	2.027937	0.007509	0.005821	0.002779	77.404626	15.679465	109.502085
61902		-2.664306	9.189249	2.026219	-0.022944	0.008419	-0.003948	77.393673	15.685147	109.505808
61903		-2.606292	9.100119	2.069572	-0.000302	0.002061	-0.007056	77.394149	15.690277	109.505595
61904		-2.686181	9.224581	2.017832	0.000828	0.008364	-0.012390	77.396508	15.700662	109.508189
61905		-2.675743	9.139084	2.049194	-0.010458	-0.000480	-0.004442	77.390858	15.704013	109.506840
61906		-2.614433	9.199535	2.020523	0.004711	0.003721	-0.007350	77.394888	15.710992	109.507395
61907		-2.646900	9.205013	2.048834	-0.020978	0.006200	-0.013544	77.383941	15.720267	109.508742
61908		-2.594730	9.143275	2.016325	-0.004604	0.006211	-0.020345	77.382568	15.734810	109.509057
61909		-2.666809	9.201193	2.011175	-0.010622	0.014339	-0.024863	77.378437	15.751433	109.513659
61910		-2.651320	9.183522	2.035806	-0.008233	0.012615	-0.026205	77.375791	15.770041	109.516936
61911		-2.648760	9.197556	2.018011	-0.012349	0.012147	-0.033634	77.370016	15.791294	109.519121
61912		-2.705017	9.184907	2.025647	-0.010668	0.018154	-0.032733	77.366622	15.814234	109.524768
61913		-2.705010	9.218042	2.022559	-0.004248	0.007683	-0.034285	77.364760	15.835291	109.524272
61914		-2.687645	9.181098	2.032336	-0.014549	0.009239	-0.026427	77.357957	15.853582	109.525562
61915		-2.713782	9.181976	2.027212	-0.003017	0.006323	-0.023853	77.356955	15.868638	109.525633
61916		-2.730355	9.232349	2.000035	-0.007995	0.004160	-0.012463	77.353598	15.878477	109.525793
61917		-2.716608	9.180756	2.028949	-0.023158	-0.000065	-0.009563	77.340549	15.884742	109.524012
61918		-2.667702	9.157618	2.026990	-0.010566	-0.003052	-0.005640	77.334818	15.889856	109.520873
61919		-2.650674	9.140142	2.052766	-0.024631	-0.000487	-0.019159	77.320514	15.901431	109.517591
61920		-2.699823	9.142703	2.042908	-0.009965	0.000200	-0.020408	77.315113	15.915195	109.514411
61921		-2.689418	9.225553	2.018236	0.000256	-0.004399	-0.018365	77.314470	15.925833	109.508956
61922		-2.723354	9.177335	2.035375	-0.021692	-0.002499	-0.014276	77.302139	15.935821	109.505011
61923		-2.693543	9.170765	2.009168	-0.006854	-0.009251	-0.023996	77.296442	15.948994	109.495994
61924		-2.696854	9.242175	2.037748	-0.032570	-0.000181	-0.023731	77.277907	15.964549	109.492158
61925		-2.705359	9.172492	2.047633	-0.033557	-0.007270	-0.020431	77.257350	15.975975	109.484752
61926		-2.725009	9.188160	2.026616	-0.027281	-0.013616	-0.016748	77.239944	15.985917	109.474018
61927		-2.687639	9.134500	2.062457	-0.023714	-0.012858	-0.015542	77.224304	15.993899	109.464000
61928		-2.729611	9.205537	2.046319	-0.011690	-0.012209	-0.014629	77.216129	16.002821	109.454361
61929		-2.666474	9.131194	2.072036	-0.022114	-0.016063	-0.022281	77.200643	16.014158	109.441585
61930		-2.734977	9.222845	2.065263	-0.012234	-0.011928	-0.020845	77.191969	16.026575	109.431287
61931		-2.690342	9.165034	2.067677	-0.038889	-0.016642	-0.023709	77.166719	16.038630	109.417979
61932		-2.715357	9.049999	2.132050	-0.009303	-0.016766	-0.030283	77.158593	16.055688	109.403613
61933		-2.719039	9.164552	2.064994	0.012094	-0.018342	-0.040611	77.161651	16.076965	109.387071
61934		-2.725764	9.129429	2.067670	0.013563	-0.020769	-0.045325	77.165412	16.101909	109.368381
61935		-2.712118	9.227208	2.023552	0.015580	-0.023482	-0.043821	77.169507	16.124327	109.348423
61936		-2.747880	9.178346	2.040159	-0.014682	-0.022327	-0.041422	77.156962	16.146883	109.329345
61937		-2.677996	9.152834	2.044358	-0.018566	-0.030772	-0.046210	77.140206	16.169699	109.304818
61938		-2.722242	9.107197	2.096357	-0.021321	-0.023201	-0.059749	77.123017	16.202360	109.282784
61939		-2.675969	9.063593	2.079856	-0.012942	-0.032062	-0.078756	77.108032	16.243176	109.253155
61940		-2.685424	9.080275	2.096147	0.004327	-0.030800	-0.093264	77.103007	16.293563	109.222213
61941		-2.706934	9.109680	2.053491	0.019341	-0.028622	-0.108436	77.105913	16.351390	109.190608
61942		-2.746704	9.262208	2.009446	0.020597	-0.023159	-0.115733	77.110552	16.415291	109.161108
61943		-2.803016	9.315609	2.010372	-0.021023	-0.007942	-0.095923	77.094143	16.468773	109.143192
61944		-2.763126	9.140386	2.080761	-0.046638	-0.018798	-0.101776	77.061450	16.525411	109.118056
61945		-2.837502	9.305864	1.979468	-0.045918	-0.003821	-0.107646	77.030961	16.585951	109.100905
61946		-2.867916	9.240458	2.060903	-0.118252	-0.022789	-0.098767	76.956617	16.640349	109.073758
61947		-2.787450	9.161045	2.100885	-0.104180	-0.034085	-0.103972	76.887757	16.694880	109.039327
61948		-2.823038	9.219527	2.027774	-0.124955	-0.029517	-0.108262	76.807980	16.753624	109.006816
61949		-2.814092	9.099979	2.147396	-0.158453	-0.021370	-0.114346	76.709632	16.815515	108.978186
61950		-2.832157	9.141066	2.100456	-0.120813	-0.034652	-0.116204	76.630919	16.877901	108.941388
61951		-2.839620	9.168788	2.112260	-0.185731	-0.024889	-0.119048	76.516030	16.941855	108.909826
61952		-2.880621	8.812418	2.283289	-0.166445	-0.029333	-0.122163	76.411683	17.008136	108.875043
61953		-2.795116	9.189818	2.185751	-0.016757	-0.040230	-0.137691	76.390083	17.080315	108.831694
61954		-2.913153	9.440042	2.055282	-0.150689	-0.018014	-0.171489	76.294497	17.175509	108.796346
61955		-2.870960	8.973831	2.254211	-0.158476	-0.020938	-0.190098	76.192606	17.279368	108.756512
61956		-2.893474	9.232306	2.132630	-0.109432	-0.023175	-0.200765	76.118287	17.390019	108.713602
61957		-2.901660	9.209596	2.203440	-0.181398	0.009347	-0.220989	76.006951	17.515114	108.686561
61958		-2.962680	9.197936	2.175635	-0.189328	0.010394	-0.234253	75.890982	17.648883	108.657878
61959		-2.953995	8.970724	2.345200	-0.230513	0.046712	-0.224252	75.757692	17.780925	108.651562
61960		-2.955892	8.670397	2.443638	-0.135060	0.037723	-0.202856	75.678820	17.901000	108.642885
61961		-2.939173	8.859644	2.334290	-0.047811	0.057497	-0.197991	75.653213	18.019978	108.646386
61962		-3.079678	8.876122	2.324167	-0.044806	0.070255	-0.193977	75.632249	18.139728	108.657845
61963		-3.139717	8.887672	2.294785	0.012406	0.035934	-0.169607	75.638530	18.239888	108.652932
61964		-3.187376	9.018924	2.238906	-0.016147	0.044328	-0.153808	75.631149	18.333660	108.655241
61965		-3.191934	8.966087	2.297700	0.020301	-0.002560	-0.144977	75.636003	18.414677	108.631496
61966		-3.029449	9.154502	2.214469	-0.001646	0.020182	-0.159038	75.632215	18.507924	108.618894
61967		-3.074321	8.967493	2.310529	0.019555	0.032581	-0.180384	75.641421	18.613589	108.610395
61968		-3.015951	9.264702	2.226619	0.067003	0.055916	-0.226613	75.680399	18.749406	108.608650
61969		-3.027939	9.601034	2.196042	-0.008986	0.101179	-0.321661	75.679399	18.943230	108.619304
61970		-3.202476	9.353017	2.221349	-0.123767	0.156325	-0.414880	75.619099	19.197769	108.648238
61971		-3.392637	9.121480	2.300498	-0.147223	0.143693	-0.442746	75.541087	19.464866	108.665257
61972		-3.305274	8.877921	2.377420	-0.174290	0.124103	-0.452329	75.443611	19.735616	108.668885
61973		-3.434399	8.511331	2.321978	-0.156227	0.102337	-0.409130	75.353774	19.978151	108.665844
61974		-3.475365	8.307989	2.358897	-0.086633	0.065877	-0.305418	75.302255	20.159038	108.656990
61975		-3.486108	8.467530	2.316600	-0.015045	0.022574	-0.213879	75.287304	20.281760	108.636630
61976		-3.466783	8.821647	2.280783	0.020266	0.004279	-0.147593	75.292788	20.366239	108.615699
61977		-3.461847	9.215944	2.310016	-0.019638	0.009243	-0.160592	75.275262	20.457488	108.595681
61978		-3.455157	9.208865	2.318446	-0.054245	0.034993	-0.197948	75.241589	20.574328	108.585016
61979		-3.403029	9.619359	2.418973	-0.071729	0.060361	-0.297524	75.197216	20.748888	108.573730
61980		-3.274603	9.673152	2.464966	-0.192566	0.118301	-0.453054	75.087442	21.019192	108.572073
61981		-3.707326	9.061507	2.426742	-0.297671	0.153448	-0.518797	74.920499	21.329974	108.580113
61982		-3.797757	8.224177	2.165215	-0.289367	0.086347	-0.443353	74.748305	21.590077	108.559487
61983		-3.698606	7.813298	2.292130	-0.221104	0.020885	-0.296940	74.608843	21.758230	108.522973
61984		-3.528448	7.976757	2.342650	-0.108458	-0.014175	-0.172914	74.533963	21.853597	108.485603
61985		-3.590908	8.388518	2.421155	-0.040352	-0.014939	-0.109161	74.501322	21.912489	108.458160
61986		-3.639120	8.782683	2.446125	-0.001825	-0.001685	-0.107783	74.494170	21.973771	108.438797
61987		-3.680556	9.265849	2.519431	0.017543	0.017939	-0.159278	74.498857	22.065360	108.422605
61988		-3.776918	9.829135	2.560731	-0.046569	0.047746	-0.289045	74.465785	22.234262	108.402669
61989		-3.994080	9.896765	2.571971	-0.147776	0.080591	-0.441604	74.371946	22.491289	108.376710
61990		-3.844668	9.823111	2.587575	-0.230959	0.076317	-0.602721	74.219088	22.837535	108.320496
61991		-3.873114	8.814159	2.410585	-0.302737	0.122077	-0.695309	74.028378	23.240755	108.274603
61992		-3.888085	8.066567	2.273344	-0.245546	0.070178	-0.656439	73.860289	23.615251	108.202828
61993		-3.939274	7.626505	2.373119	-0.194459	0.071996	-0.552899	73.727848	23.931860	108.148920
61994		-3.782312	7.874000	2.441091	-0.074713	0.047924	-0.457149	73.664886	24.192925	108.096717
61995		-3.889153	8.275648	2.626729	-0.044026	0.075459	-0.396061	73.630006	24.423738	108.071546
61996		-4.165897	9.095861	2.663616	0.024582	0.093901	-0.439591	73.636131	24.682517	108.049716
61997		-4.235403	9.718270	2.760250	-0.008802	0.152492	-0.576507	73.627260	25.024960	108.038926
61998		-4.350034	9.924914	2.666138	-0.035503	0.184078	-0.760096	73.597568	25.474443	108.014411
61999		-4.606234	9.655060	2.412571	-0.135856	0.200318	-0.929957	73.500491	26.018854	107.968498
62000		-4.835680	8.930680	2.290380	-0.217632	0.176099	-1.021703	73.341920	26.610570	107.889544
62001		-4.380421	8.711094	2.575267	-0.169256	0.151434	-1.083183	73.196848	27.230786	107.781757
62002		-4.401384	8.214276	2.571536	-0.171034	0.191302	-1.114734	73.057769	27.875664	107.690494
62003		-4.427669	8.176238	2.770340	-0.058883	0.213323	-1.146765	72.984231	28.540653	107.604798
62004		-4.442982	8.484570	2.820645	0.023123	0.273161	-1.205279	72.969366	29.248631	107.544320
62005		-4.565968	8.832804	2.891004	0.077414	0.337840	-1.302134	72.995199	30.019571	107.505432
62006		-4.782088	8.893705	2.735919	0.079589	0.398087	-1.422404	73.029891	30.867401	107.481774
62007		-4.913214	8.506490	2.601264	0.070446	0.444785	-1.524797	73.063951	31.778278	107.468289
62008		-5.092437	8.265077	2.541517	0.084317	0.460056	-1.580255	73.105974	32.722926	107.454517
62009		-5.382074	8.113684	2.357858	0.079278	0.472198	-1.601121	73.146923	33.680225	107.445053
62010		-5.712915	7.912960	2.267360	0.053723	0.456440	-1.607160	73.167296	34.639009	107.424645
62011		-5.781189	8.054854	2.335510	0.085628	0.425439	-1.621899	73.191659	35.599959	107.380484
62012		-5.595650	8.173951	2.429555	0.067240	0.441388	-1.641553	73.209300	36.575122	107.343246
62013		-6.550030	8.687075	2.724799	0.058896	0.496149	-1.630246	73.245332	37.552371	107.345865
62014		-5.886619	9.463404	3.379315	0.103113	0.454487	-1.582803	73.296054	38.497445	107.330624
62015		-5.968862	8.424989	2.483929	-0.157093	0.558207	-1.592770	73.241574	39.464365	107.385979
62016		-6.537535	7.977068	2.213924	-0.065519	0.511591	-1.629274	73.214185	40.444216	107.400256
62017		-6.552803	9.013241	2.370160	-0.157040	0.493134	-1.675660	73.117847	41.445872	107.389474
62018		-6.771313	8.436959	2.074311	-0.331624	0.472358	-1.732302	72.900494	42.475552	107.347131
62019		-6.984280	7.898132	1.694581	-0.398515	0.423228	-1.771416	72.607720	43.517646	107.251612
62020		-7.049844	8.187450	2.056975	-0.427069	0.343137	-1.797497	72.244346	44.560138	107.079495
62021		-6.890734	8.089877	2.167598	-0.550812	0.315030	-1.821671	71.777773	45.609480	106.865314
62022		-6.969830	7.409536	2.050574	-0.630545	0.298315	-1.851897	71.235755	46.671153	106.613339
62023		-6.954583	7.065534	1.924334	-0.643578	0.263692	-1.877173	70.641942	47.737933	106.305678
62024		-6.933908	6.633130	1.987316	-0.689194	0.261904	-1.892093	69.996940	48.810337	105.969312
62025		-6.850406	6.246478	2.016293	-0.670778	0.238310	-1.890811	69.323225	49.874460	105.586945
62026		-6.857946	6.007718	2.103979	-0.721676	0.248192	-1.869053	68.606372	50.926064	105.192070
62027		-6.958934	5.395946	2.015291	-0.746338	0.245538	-1.840152	67.851978	51.958216	104.773319
62028		-6.980006	4.679567	1.862866	-0.743225	0.255205	-1.804033	67.087261	52.969977	104.344870
62029		-7.201908	4.358750	1.811074	-0.640804	0.236877	-1.761508	66.349846	53.951538	103.883180
62030		-7.241895	4.449942	1.958931	-0.587644	0.223387	-1.717153	65.617516	54.903340	103.395718
62031		-7.316769	4.214596	1.965177	-0.583565	0.223350	-1.669528	64.871241	55.826403	102.894249
62032		-7.428313	4.181108	1.983160	-0.573455	0.216440	-1.607772	64.116932	56.712262	102.381314
62033		-7.811783	3.854668	1.924601	-0.569953	0.225804	-1.549809	63.361390	57.566628	101.869797
62034		-7.888116	3.775768	2.068398	-0.462252	0.193747	-1.523884	62.621261	58.396031	101.308264
62035		-8.226795	3.998544	2.108042	-0.452343	0.198909	-1.486263	61.873400	59.203487	100.736136
62036		-8.287962	4.319864	2.333752	-0.438024	0.195301	-1.478306	61.101366	60.002318	100.131079
62037		-8.182260	4.476906	2.349047	-0.452792	0.203565	-1.493873	60.282752	60.806543	99.487204
62038		-8.167953	4.258836	2.260416	-0.469408	0.227577	-1.518952	59.423944	61.625718	98.813286
62039		-8.326837	3.909095	2.352404	-0.434878	0.248521	-1.558429	58.536938	62.465061	98.090419
62040		-8.445208	3.995393	2.403288	-0.380151	0.272501	-1.597850	57.632831	63.325787	97.318595
62041		-8.454515	3.988955	2.614449	-0.376416	0.302838	-1.646516	56.673650	64.213187	96.488975
62042		-8.412844	4.596387	2.827634	-0.362357	0.328714	-1.712580	55.642164	65.134090	95.576699
62043		-8.411822	4.428427	2.803967	-0.446534	0.390598	-1.786793	54.496726	66.102266	94.599269
62044		-8.541398	4.389752	2.881173	-0.441586	0.439220	-1.892654	53.235140	67.127354	93.499714
62045		-8.576788	5.116154	2.958047	-0.518918	0.497319	-2.012711	51.777862	68.216467	92.245046
62046		-8.800175	4.777525	3.063041	-0.571220	0.573651	-2.177346	50.081040	69.392871	90.775544
62047		-8.856596	5.317458	2.981484	-0.638775	0.641171	-2.346545	48.053691	70.650012	89.007194
62048		-8.809158	4.801004	2.957839	-0.696974	0.723538	-2.528767	45.617056	71.990958	86.856198
62049		-8.597830	4.119533	2.611385	-0.732898	0.792378	-2.701015	42.644273	73.395267	84.181806
62050		-8.561373	3.373159	2.375091	-0.705490	0.883765	-2.838265	39.081545	74.842798	80.897794
62051		-8.405078	2.370828	1.807918	-0.611936	0.959934	-2.959584	34.740515	76.302285	76.777181
62052		-7.240698	1.422542	0.802225	-0.269104	0.987171	-3.035875	29.505043	77.707581	71.562479
62053		-6.670870	0.857212	0.244600	0.070388	0.996581	-3.085781	23.071850	79.004906	64.952937
62054		-5.832218	0.558640	0.070347	0.488298	0.947642	-3.139200	15.085514	80.108907	56.548079
62055		-5.656221	0.430056	-0.263740	0.942166	0.900767	-3.169868	5.447184	80.943709	46.229452
62056		-6.484667	0.939184	-0.152098	1.393692	0.721510	-3.102890	-5.189357	81.363423	34.657362
62057		-3.366767	0.581000	-0.734240	1.969527	0.515022	-2.974687	-15.462975	81.347702	23.124350
62058		-5.782967	3.561211	0.386035	2.192371	0.468701	-2.666297	-24.108677	81.082687	13.105338
62059		-4.936729	5.562115	1.597753	2.372001	0.053133	-2.088135	-29.455984	80.569188	6.311582
62060		-3.680588	7.304163	2.130512	2.173719	-0.098664	-1.380317	-32.032906	80.116778	2.434296
62061		-2.870714	7.809036	3.110089	1.949762	-0.292006	-0.532397	-31.881232	79.812613	1.453121
62062		-2.052759	9.483203	4.294148	1.525692	-0.400183	0.367086	-29.349810	79.723411	3.137227
62063		-2.227171	10.562885	5.409903	0.785965	-0.446048	1.272088	-24.658741	79.826029	7.445621
62064		-2.998098	9.936721	5.090422	-0.036960	-0.521279	2.160149	-17.566365	79.994323	14.670664
62065		-4.139092	8.317048	3.959281	-0.626313	-0.602689	2.939200	-8.157085	80.032197	24.587645
62066		-5.591609	6.816126	3.000587	-0.952541	-0.697927	3.577552	2.913054	79.724330	36.385960
62067		-6.806417	5.311440	2.207068	-1.029633	-0.845616	4.085681	14.219312	78.891857	48.489837
62068		-7.869346	4.398376	1.719721	-0.948380	-0.972337	4.473786	24.410462	77.509623	59.454056
62069		-8.877533	3.507260	1.554540	-0.810435	-1.102169	4.725804	32.659784	75.656084	68.409441
62070		-9.283470	2.657790	1.291383	-0.615914	-1.239144	4.780255	38.870032	73.471796	75.216517
62071		-9.480083	1.675898	0.995762	-0.422452	-1.331724	4.608024	43.296898	71.160057	80.115033
62072		-9.045352	1.020817	0.561713	-0.166348	-1.355746	4.257057	46.457504	68.883504	83.578603
62073		-8.339815	0.651517	0.175649	0.073870	-1.276199	3.790674	48.767241	66.786514	86.025713
62074		-7.844912	0.743083	0.032141	0.326628	-1.129668	3.308865	50.596183	64.917987	87.824484
62075		-7.866379	0.918359	-0.016365	0.543889	-0.961292	2.824190	52.103171	63.310791	89.152202
62076		-8.089463	1.602140	-0.027121	0.809039	-0.797324	2.397867	53.474041	61.936537	90.173506
62077		-8.026701	2.307481	0.095178	1.056060	-0.653857	2.058823	54.787808	60.761756	90.980198
62078		-7.601712	3.543246	0.421164	1.290848	-0.523316	1.832947	56.141842	59.723120	91.687410
62079		-7.102653	4.789174	0.639872	1.424839	-0.379838	1.711466	57.552859	58.783825	92.378437
62080		-6.587487	6.242979	0.905633	1.487229	-0.222987	1.669447	59.048924	57.899387	93.134300
62081		-6.181732	8.067479	1.498326	1.430085	-0.012711	1.713518	60.631492	57.047583	94.038580
62082		-6.385966	9.637927	1.979158	1.156502	0.211098	1.836134	62.223995	56.177725	95.151507
62083		-6.972806	9.811181	2.078656	0.822674	0.393430	2.026627	63.762974	55.246264	96.442752
62084		-7.297716	9.863348	1.847275	0.644221	0.509526	2.259318	65.296838	54.198730	97.868724
62085		-7.569129	10.051150	1.679532	0.499384	0.627818	2.506550	66.820022	53.032847	99.404323
62086		-8.030022	10.099783	1.494222	0.404953	0.728648	2.743682	68.336169	51.733959	101.024608
62087		-8.610566	10.126190	1.465305	0.405445	0.788254	2.958394	69.837778	50.312523	102.656260
62088		-9.009497	10.209193	1.529282	0.425656	0.808828	3.147920	71.302293	48.760389	104.259665
62089		-9.203268	10.400828	1.612607	0.491435	0.790439	3.323713	72.712825	47.089817	105.779431
62090		-9.545080	10.855311	1.847756	0.511102	0.768491	3.466773	74.042588	45.306799	107.215023
62091		-9.884592	11.310398	2.060006	0.523031	0.725577	3.585605	75.266688	43.436459	108.535668
62092		-10.347578	11.711174	2.335798	0.486349	0.691276	3.660184	76.371077	41.494433	109.757427
62093		-10.724612	11.844294	2.444500	0.415401	0.652853	3.673687	77.329883	39.530700	110.865691
62094		-11.127538	11.768787	2.457017	0.357109	0.618595	3.622680	78.165150	37.571696	111.876154
62095		-11.439994	11.786694	2.405668	0.333332	0.594793	3.534987	78.903897	35.655345	112.793219
62096		-11.563731	11.638742	2.480354	0.323312	0.580308	3.424910	79.572623	33.783938	113.640320
62097		-11.882198	11.848031	2.567227	0.360751	0.558931	3.326783	80.199886	31.964602	114.413691
62098		-12.182927	12.026714	2.737861	0.376636	0.526302	3.245612	80.782862	30.175051	115.123036
62099		-12.305469	12.107927	2.880939	0.408659	0.463471	3.202761	81.324745	28.404559	115.750500
62100		-12.472960	11.865428	3.085399	0.422214	0.379613	3.207150	81.821516	26.613913	116.299709
62101		-12.533331	11.393182	3.162529	0.437411	0.232939	3.237557	82.259961	24.796233	116.731014
62102		-12.606823	10.396628	3.212046	0.494474	0.063681	3.258912	82.669901	22.945824	117.040823
62103		-12.517480	9.635298	3.482386	0.583173	-0.138993	3.272945	83.066793	21.076153	117.206284
62104		-12.548447	8.919951	3.621245	0.631077	-0.370603	3.276703	83.433923	19.183601	117.218632
62105		-12.452914	7.966196	3.523589	0.652459	-0.629026	3.240629	83.758580	17.299218	117.059189
62106		-12.284299	6.817191	3.266382	0.683580	-0.884321	3.165865	84.060437	15.439657	116.735985
62107		-12.455410	5.601664	2.941017	0.755984	-1.123254	3.023708	84.373381	13.652137	116.254476
62108		-12.517707	4.405604	2.621001	0.858645	-1.391556	2.826529	84.721303	11.963286	115.599065
62109		-12.323704	3.356204	2.404084	0.981998	-1.670407	2.552977	85.121600	10.422517	114.758933
62110		-12.036273	2.817308	2.317944	1.017433	-1.952793	2.211007	85.531927	9.069144	113.732322
62111		-11.431773	2.344704	2.102299	0.984349	-2.200097	1.761182	85.919561	7.969866	112.536971
62112		-10.294960	1.980512	1.731531	0.893191	-2.348177	1.184234	86.259644	7.202876	111.229132
62113		-8.912322	1.672255	1.026830	0.808469	-2.397551	0.501472	86.557012	6.831034	109.865604
62114		-7.396858	2.021256	0.406460	0.753665	-2.335308	-0.224885	86.827981	6.885282	108.511900
62115		-5.738552	3.244738	-0.037985	0.650485	-2.175997	-0.921966	87.042407	7.347126	107.228491
62116		-4.371142	4.666696	-0.531839	0.484183	-1.921654	-1.503471	87.164806	8.155358	106.073830
62117		-3.334711	6.023198	-0.917903	0.295678	-1.586924	-1.945616	87.187680	9.224986	105.099292
62118		-2.486104	6.868280	-1.307805	0.119667	-1.201979	-2.261859	87.126143	10.489053	104.334911
62119		-1.667752	6.989020	-1.796201	0.003817	-0.789126	-2.427987	87.025770	11.856314	103.802001
62120		-0.813453	6.868012	-1.965115	0.011770	-0.376347	-2.460914	86.968839	13.257015	103.504828
62121		-0.368543	7.048075	-1.698611	0.078371	0.067180	-2.407221	87.005918	14.637359	103.469423
62122		-0.079290	7.033726	-1.077382	0.129073	0.489878	-2.287186	87.139245	15.964243	103.689967
62123		-0.350795	7.181485	-0.277655	0.176935	0.824511	-2.105996	87.364502	17.193151	104.121608
62124		-1.135251	7.673716	0.868756	0.182552	1.084535	-1.936924	87.653677	18.332469	104.722328
62125		-2.427194	8.443834	2.109683	0.084397	1.220078	-1.790242	87.927746	19.385398	105.418379
62126		-3.501826	8.674247	2.971376	-0.120800	1.235132	-1.677491	88.103301	20.373923	106.134505
62127		-4.385875	8.492768	3.271532	-0.340957	1.152198	-1.604573	88.148322	21.315384	106.808029
62128		-5.006771	7.770701	3.142087	-0.497960	1.005971	-1.574575	88.082060	22.239537	107.395606
62129		-5.525244	6.978147	2.711499	-0.529133	0.827903	-1.575489	87.964748	23.159052	107.875406
62130		-6.024788	6.604537	2.258182	-0.428367	0.634290	-1.564664	87.864284	24.071908	108.235055
62131		-6.339440	6.473811	1.942610	-0.293929	0.439882	-1.528098	87.796182	24.957356	108.475098
62132		-6.446624	6.642535	1.804292	-0.137937	0.245807	-1.446425	87.768916	25.794991	108.593971
62133		-6.544532	6.971448	1.759666	-0.034263	0.078881	-1.340740	87.757307	26.565354	108.610550
62134		-6.667205	7.390272	1.765253	0.007132	-0.058914	-1.235727	87.730126	27.275878	108.539804
62135		-6.761295	7.656112	1.662177	-0.031661	-0.160472	-1.152847	87.650579	27.933166	108.405757
62136		-7.065900	7.632832	1.398248	-0.112536	-0.234718	-1.099675	87.499381	28.561630	108.221054
62137		-7.400973	7.191002	0.981411	-0.193430	-0.267974	-1.108489	87.288580	29.190105	108.012572
62138		-7.801089	6.618676	0.432889	-0.239561	-0.283534	-1.178444	87.040131	29.861391	107.785580
62139		-8.058051	6.251908	-0.052783	-0.230554	-0.263902	-1.347244	86.796331	30.625052	107.562408
62140		-7.989634	6.118177	-0.559797	-0.203663	-0.209985	-1.545042	86.576032	31.507210	107.360173
62141		-7.528771	6.146003	-0.996331	-0.130571	-0.116368	-1.709076	86.422795	32.481530	107.210827
62142		-7.039369	6.283432	-1.180564	-0.064887	0.006326	-1.784963	86.345769	33.508152	107.135963
62143		-6.807146	6.171188	-1.211410	-0.007689	0.131726	-1.774221	86.348979	34.528438	107.148310
62144		-6.736267	5.627976	-1.303929	0.044651	0.248336	-1.760324	86.429480	35.549961	107.242003
62145		-7.354249	4.621162	-1.553695	0.128247	0.376724	-1.790480	86.615041	36.588026	107.431159
62146		0.560804	11.302692	-3.635383	0.638353	0.290160	-1.599533	87.068155	37.518535	107.573892
62147		28.606671	92.994471	29.578412	4.967236	-3.167809	5.583604	88.688690	34.255274	105.481421
62148		-13.638518	-15.300859	-29.737851	-13.880804	7.612742	3.490407	83.686896	32.551045	110.847817
62149		-19.078734	-15.783231	-0.983428	5.296577	-5.489119	3.546263	84.936417	30.217923	107.417906
62150		2.781192	39.006017	-8.478199	1.583601	1.506835	3.799333	86.416580	28.116217	108.590582
62151		-20.184527	13.349240	2.197216	-7.695414	-1.890531	2.607753	81.532262	26.517955	107.554569
62152		-2.635313	8.362476	1.925837	1.475965	-1.828312	2.847617	81.993792	24.756467	106.663478
62153		-3.524961	18.185746	2.368234	-2.617657	-2.792468	2.227875	79.880343	23.244801	105.153677
62154		-3.477426	9.179021	6.466053	-1.122670	-1.066071	1.653630	79.059159	22.204676	104.689851
62155		-4.164216	12.248260	0.692337	-0.572423	-1.443645	1.281662	78.464923	21.324147	103.969909
62156		-1.115281	8.116250	3.656470	-1.835033	-1.037310	1.000510	77.237779	20.641571	103.476160
62157		-4.235014	6.644359	2.995435	-0.216926	-0.692185	0.910717	77.013775	20.045444	103.187306
62158		-2.291033	8.520954	2.597866	0.130197	-0.926599	0.943470	76.947193	19.402022	102.766334
62159		-3.028643	8.719006	2.410823	0.042099	-0.423620	0.973943	76.933638	18.804504	102.649050
62160		-2.794562	9.338329	2.259501	0.406068	-0.664555	0.804931	77.077198	18.272295	102.366226
62161		-1.899852	9.577057	2.015961	0.345470	-0.342824	0.587237	77.237569	17.901515	102.242933
62162		-2.676167	9.103271	2.059725	0.299518	-0.058030	0.382105	77.414728	17.683310	102.258454
62163		-2.587084	9.328324	1.906210	0.728614	-0.258025	0.056150	77.789001	17.621076	102.113684
62164		-3.234845	10.304747	1.495615	0.523379	0.056803	0.100590	78.103340	17.574147	102.158872
62165		-2.977740	9.510940	1.767022	-0.003354	-0.033642	0.095738	78.099592	17.517430	102.150467
62166		-2.901385	8.713743	2.124261	0.155946	0.072407	0.138596	78.207481	17.450850	102.209349
62167		-2.982026	9.747022	1.588994	0.341937	0.008365	0.134965	78.410347	17.377030	102.230208
62168		-2.781559	9.613025	1.623620	-0.134406	0.099578	0.123264	78.355867	17.321951	102.302892
62169		-3.076421	8.913042	1.989012	-0.079131	0.094869	0.110746	78.331663	17.271724	102.371595
62170		-2.839459	9.279609	1.799998	0.034785	0.037405	0.115297	78.362892	17.213954	102.406792
62171		-2.901490	9.317788	1.786086	-0.089076	0.079492	0.105875	78.330010	17.164677	102.465830
62172		-2.956808	9.106917	1.871745	-0.090537	0.043081	0.104946	78.290008	17.113377	102.503138
62173		-2.786124	9.095918	1.952547	-0.052545	0.040535	0.097583	78.270951	17.064284	102.538330
62174		-2.886654	9.191659	1.856585	-0.047899	0.043180	0.083166	78.254565	17.025235	102.573068
62175		-2.863290	9.129438	1.908653	-0.073384	0.029118	0.073041	78.220691	16.988600	102.598588
62176		-2.815190	9.100031	1.960057	-0.071821	0.017321	0.058511	78.185262	16.960376	102.615178
62177		-2.830839	9.095395	1.928523	-0.056569	0.008047	0.039869	78.156220	16.939896	102.624308
62178		-2.800686	9.109080	1.916886	-0.046783	-0.007494	0.026510	78.129745	16.926700	102.622443
62179		-2.864793	9.193329	1.882001	-0.051126	0.000755	0.024493	78.102027	16.913990	102.625424
62180		-2.866777	9.198316	1.921035	-0.063264	0.003662	0.027155	78.068041	16.901740	102.630195
62181		-2.835652	9.191940	1.896286	-0.067156	0.002772	0.031015	78.031720	16.885616	102.635180
62182		-2.826772	9.273939	1.873674	-0.087780	-0.001408	0.028286	77.982873	16.872126	102.637148
62183		-2.837949	9.127118	1.956987	-0.124674	0.013700	0.029389	77.915400	16.858229	102.648357
62184		-2.838753	9.057517	1.976953	-0.097177	0.003199	0.027827	77.861948	16.845542	102.653002
62185		-2.744260	9.005188	2.021946	-0.077519	0.005578	0.025356	77.819971	16.832944	102.658976
62186		-2.825548	8.929152	2.080674	-0.036096	0.001318	0.017814	77.800827	16.825633	102.661272
62187		-2.761047	9.054058	2.000053	0.020417	-0.000368	0.002588	77.813124	16.825070	102.660896
62188		-2.878613	9.126332	1.971862	0.027999	0.004061	0.000799	77.830534	16.827611	102.662641
62189		-2.808743	9.110581	1.997484	0.048870	-0.012661	0.003183	77.857072	16.825231	102.655145
62190		-2.825089	9.175379	1.945873	0.053395	0.001808	-0.000219	77.888611	16.828063	102.655444
62191		-2.831416	9.093800	1.970135	0.066122	-0.015637	-0.003993	77.924269	16.829354	102.645305
62192		-2.806169	9.128414	1.961887	0.082661	-0.013121	-0.015202	77.969502	16.838785	102.634996
62193		-2.851890	9.125612	1.914184	0.087209	-0.005886	-0.024653	78.018148	16.852832	102.627994
62194		-2.784148	9.110213	1.935503	0.088947	-0.016877	-0.021409	78.066121	16.865304	102.614730
62195		-2.813228	9.097559	1.944024	0.091873	-0.014197	-0.027444	78.115930	16.879944	102.602539
62196		-2.838636	9.079425	1.918421	0.099163	-0.027015	-0.037488	78.167450	16.900247	102.581374
62197		-2.820398	9.065353	1.932280	0.115975	-0.038256	-0.042920	78.226415	16.920769	102.553210
62198		-2.858115	9.213328	1.840295	0.154372	-0.039135	-0.035373	78.307566	16.938509	102.525233
62199		-2.854306	9.297212	1.799425	0.099560	-0.034546	-0.027555	78.358299	16.950904	102.501152
62200		-2.788346	9.247729	1.826711	0.073284	-0.032222	-0.032699	78.394272	16.967981	102.477593
62201		-2.882172	9.278678	1.770612	0.038737	-0.026072	-0.039065	78.411193	16.987839	102.457111
62202		-2.853036	9.117506	1.869947	0.009608	-0.027311	-0.040126	78.411261	17.009650	102.435558
62203		-2.898246	9.200735	1.830793	0.064656	-0.033916	-0.031119	78.441953	17.024154	102.411430
62204		-2.870240	9.228701	1.791519	0.023199	-0.026762	-0.022612	78.450511	17.036202	102.392315
62205		-2.931087	9.172918	1.861669	0.038342	-0.024385	-0.009589	78.468516	17.039726	102.376370
62206		-2.850175	9.214418	1.809482	0.036673	-0.031641	-0.007187	78.484499	17.042559	102.356247
62207		-2.875969	9.181309	1.809653	0.025089	-0.015052	-0.004203	78.496704	17.044135	102.346429
62208		-2.874231	9.215874	1.802045	0.032944	-0.020689	0.002783	78.512790	17.042619	102.333937
62209		-2.855060	9.187258	1.843380	0.000353	-0.014566	0.003840	78.511188	17.039738	102.325364
62210		-2.878604	9.188046	1.840185	0.012317	-0.018454	0.004091	78.515892	17.037735	102.314347
62211		-2.854087	9.187612	1.843123	0.000839	-0.013653	-0.003889	78.514456	17.039297	102.305389
62212		-2.851482	9.201699	1.823835	0.003084	-0.023698	-0.008331	78.512534	17.043661	102.289813
62213		-2.854858	9.187092	1.844519	-0.012298	-0.019736	-0.012458	78.502222	17.049339	102.276259
62214		-2.905454	9.153798	1.844445	0.011885	-0.020240	-0.010815	78.505850	17.055478	102.262422
62215		-2.874546	9.215761	1.802123	0.015174	-0.022139	-0.006009	78.511088	17.057261	102.248225
62216		-2.877441	9.201605	1.821282	0.005739	-0.011034	-0.002521	78.513075	17.059789	102.240790
62217		-2.850406	9.215357	1.804331	0.010385	-0.015681	-0.002303	78.516811	17.060230	102.230829
62218		-2.831880	9.186091	1.847926	-0.032644	-0.000233	-0.002956	78.498657	17.064223	102.229693
62219		-2.909050	9.138904	1.866132	-0.013475	-0.008816	-0.004754	78.489819	17.066821	102.223470
62220		-2.830973	9.165415	1.837284	-0.007688	-0.013489	-0.003245	78.483668	17.069452	102.214516
62221		-2.834230	9.150647	1.858867	-0.028787	-0.005767	-0.010831	78.466367	17.075809	102.209355
62222		-2.910517	9.137427	1.871071	-0.003452	-0.009921	-0.010906	78.462989	17.083132	102.201581
62223		-2.830412	9.177981	1.822560	-0.019041	-0.006876	-0.012137	78.451032	17.090094	102.195609
62224		-2.911057	9.116349	1.860085	-0.016804	-0.013293	-0.013583	78.439326	17.098522	102.185535
62225		-2.860825	9.182847	1.856377	0.001472	-0.014564	-0.015537	78.437673	17.106507	102.174637
62226		-2.884734	9.216836	1.849188	-0.020425	-0.014136	-0.014571	78.423708	17.115383	102.163948
62227		-2.817652	9.112140	1.877063	-0.024983	-0.014041	-0.019735	78.406834	17.125781	102.152847
62228		-2.893300	9.132725	1.883578	0.003093	-0.013675	-0.021973	78.406157	17.138849	102.141536
62229		-2.861112	9.208327	1.823180	-0.013966	-0.013351	-0.020677	78.395675	17.149852	102.130723
62230		-2.899340	9.117002	1.905240	-0.005264	-0.005330	-0.018216	78.391786	17.161761	102.124767
62231		-2.859989	9.255439	1.799551	0.008500	-0.023807	-0.017698	78.392464	17.169885	102.108168
62232		-2.913986	9.207271	1.820615	-0.046257	0.002723	-0.017370	78.366515	17.182237	102.107046
62233		-2.896536	9.123274	1.857451	-0.023020	-0.016850	-0.013331	78.350490	17.188705	102.095056
62234		-2.878556	9.147206	1.911635	-0.039669	-0.001076	-0.007766	78.328002	17.195220	102.092865
62235		-2.906264	9.078678	1.922446	-0.025146	-0.004986	-0.009802	78.312942	17.201077	102.088266
62236		-2.873137	9.154632	1.862563	0.001193	-0.010935	-0.007701	78.312149	17.206404	102.080287
62237		-2.899271	9.120718	1.865719	-0.012040	-0.008873	-0.008288	78.303977	17.210959	102.073587
62238		-2.896903	9.188594	1.855793	0.003107	-0.020084	-0.005349	78.302775	17.213893	102.060524
62239		-2.849962	9.153268	1.868223	-0.017147	-0.008793	-0.003761	78.291853	17.215916	102.054421
62240		-2.926721	9.106067	1.885696	-0.006704	-0.018095	-0.002064	78.285496	17.217224	102.042930
62241		-2.851042	9.172637	1.884919	-0.004368	-0.015413	0.001553	78.280936	17.215494	102.033585
62242		-2.893879	9.201989	1.841133	-0.016242	-0.016102	-0.003618	78.269404	17.217894	102.023078
62243		-2.875221	9.118489	1.876898	-0.028133	-0.013156	-0.005789	78.251354	17.220542	102.014163
62244		-2.919677	9.167334	1.848468	-0.017525	-0.014269	-0.000985	78.239505	17.221664	102.005059
62245		-2.825477	9.150534	1.882541	-0.030555	-0.011302	-0.004442	78.220438	17.223769	101.997397
62246		-2.953341	9.089801	1.914547	-0.012689	-0.014359	-0.000670	78.211359	17.224688	101.988283
62247		-2.845504	9.198660	1.858628	-0.010553	-0.026237	-0.004202	78.201163	17.224907	101.971880
62248		-2.923579	9.117098	1.882625	-0.036541	-0.007567	-0.003034	78.179513	17.227936	101.966467
62249		-2.849413	9.149270	1.888532	-0.002405	-0.031857	-0.002101	78.173084	17.226309	101.947022
62250		-2.897593	9.149988	1.884332	-0.021082	-0.012402	-0.000919	78.159530	17.227573	101.939034
62251		-2.877289	9.154489	1.923388	-0.018710	-0.016996	-0.003300	78.146299	17.228359	101.928166
62252		-2.875966	9.188094	1.920383	-0.021061	-0.016046	-0.003914	78.132014	17.230860	101.917673
62253		-2.901493	9.153950	1.925385	-0.027175	-0.014130	-0.001588	78.114493	17.231018	101.908698
62254		-2.877051	9.153021	1.930717	-0.014125	-0.020736	-0.001144	78.103467	17.231397	101.895795
62255		-2.917259	9.196519	1.869074	-0.037137	-0.020359	-0.001392	78.079162	17.230704	101.883189
62256		-2.853636	9.116933	1.946748	-0.057666	-0.019120	-0.001939	78.043442	17.231701	101.871141
62257		-2.922285	9.112194	1.908199	-0.021052	-0.016065	-0.003905	78.029008	17.232915	101.860742
62258		-2.840567	9.187257	1.855870	-0.028323	-0.024140	-0.009900	78.008932	17.237760	101.844758
62259		-2.894727	9.158556	1.893117	-0.047369	-0.010178	-0.005911	77.980367	17.240792	101.837562
62260		-2.897851	9.196969	1.925998	-0.037565	-0.012151	-0.009221	77.957111	17.246663	101.828702
62261		-2.846335	9.189449	1.902405	-0.055114	-0.002749	-0.013738	77.925108	17.254964	101.824881
62262		-2.852818	9.105381	1.937385	-0.051650	-0.010104	-0.015879	77.893890	17.264788	101.816385
62263		-2.905346	9.144409	1.964512	-0.037824	0.000635	-0.016929	77.872259	17.275280	101.814138
62264		-2.875945	9.151801	1.917883	-0.044335	-0.009321	-0.015877	77.845363	17.285181	101.806095
62265		-2.929709	9.102997	1.940438	-0.034202	0.001476	-0.015942	77.825988	17.295220	101.804457
62266		-2.931053	9.155790	1.952469	-0.024968	-0.006882	-0.013631	77.810696	17.304143	101.798126
62267		-2.902041	9.217042	1.914686	-0.046019	-0.006531	-0.027073	77.782730	17.319445	101.790372
62268		-2.913616	9.137802	1.982923	-0.054051	0.004513	-0.027038	77.752258	17.337245	101.789019
62269		-2.913521	9.150475	1.967999	-0.045881	-0.004728	-0.027977	77.724642	17.353264	101.782189
62270		-2.893361	9.113955	1.980752	-0.058523	0.003663	-0.034116	77.691183	17.374913	101.779416
62271		-2.915731	9.141233	1.943928	-0.053545	0.001777	-0.037733	77.659931	17.397182	101.775131
62272		-2.895370	9.192409	1.960779	-0.048274	0.006283	-0.042135	77.632489	17.423627	101.772845
62273		-2.829355	9.154124	1.979762	-0.073988	0.017668	-0.072283	77.590973	17.467179	101.773403
62274		-2.970044	8.972677	2.048889	-0.056737	0.024737	-0.072464	77.560748	17.512850	101.777998
62275		-2.897859	9.031889	2.016196	-0.008935	0.009618	-0.071880	77.555084	17.555183	101.773842
62276		-2.951618	9.064596	2.006033	-0.013881	0.017812	-0.064176	77.548506	17.595358	101.775424
62277		-2.984309	9.048614	2.022031	0.017001	0.008359	-0.060111	77.557933	17.630951	101.772049
62278		-2.980944	9.178781	1.966906	0.009981	-0.001677	-0.049410	77.562138	17.660454	101.764107
62279		-2.967421	9.113684	2.013886	-0.016343	0.007664	-0.048332	77.552798	17.689371	101.761851
62280		-2.962248	9.170006	1.937221	-0.012223	0.005835	-0.058067	77.545273	17.724635	101.757194
62281		-2.969424	9.187355	1.953653	-0.035961	0.011503	-0.062262	77.524821	17.761819	101.755371
62282		-2.979195	9.135914	1.981351	-0.047426	0.022526	-0.066032	77.499801	17.803593	101.759468
62283		-2.888233	9.111885	1.982564	-0.055701	0.026284	-0.087743	77.469668	17.856863	101.762972
62284		-2.993489	9.143363	1.969480	-0.045792	0.045361	-0.100369	77.448327	17.920670	101.775970
62285		-3.006592	9.124615	1.992008	-0.053464	0.049024	-0.111112	77.422646	17.989847	101.789734
62286		-2.997390	9.071151	2.022121	-0.045268	0.058959	-0.120442	77.403287	18.066576	101.808056
62287		-3.005938	9.149539	1.994618	-0.030981	0.064312	-0.133155	77.392406	18.149998	101.827879
62288		-3.024261	9.149469	2.029979	-0.045550	0.072486	-0.146572	77.374344	18.243026	101.850702
62289		-3.063160	9.090320	2.018905	-0.044145	0.088765	-0.159457	77.359403	18.344228	101.881427
62290		-3.052597	9.133169	1.998775	-0.038451	0.089527	-0.171568	77.347606	18.453367	101.910966
62291		-3.076625	9.063097	2.043910	-0.063233	0.107565	-0.189359	77.324096	18.573662	101.948794
62292		-3.097247	9.021857	2.049686	-0.035401	0.117364	-0.202148	77.318111	18.703399	101.990677
62293		-3.069624	9.049019	2.050312	-0.025861	0.114399	-0.218170	77.316247	18.840670	102.028729
62294		-3.143880	9.026716	2.060654	-0.005095	0.151390	-0.238864	77.332780	18.995192	102.085919
62295		-3.138735	9.063016	2.000561	0.011142	0.166438	-0.273051	77.360040	19.169657	102.147610
62296		-3.168195	8.985976	2.003710	0.004572	0.193100	-0.285558	77.388631	19.355450	102.223572
62297		-3.203615	8.947413	2.034652	0.030691	0.191723	-0.309610	77.430967	19.553450	102.295761
62298		-3.233754	8.952812	2.004754	0.057081	0.221113	-0.324760	77.494158	19.764530	102.383674
62299		-3.272168	8.880054	2.034495	0.086748	0.227929	-0.325955	77.575915	19.976003	102.475898
62300		-3.208063	8.956465	2.001918	0.126828	0.247260	-0.348265	77.684291	20.203192	102.577213
62301		-3.345588	9.067129	1.965964	0.164141	0.291621	-0.372337	77.822593	20.448044	102.702584
62302		-3.475918	9.214828	1.834581	0.150863	0.330030	-0.428884	77.959851	20.729887	102.844513
62303		-3.597011	9.164106	1.804471	0.102968	0.380663	-0.499347	78.078149	21.055969	103.008813
62304		-3.759090	9.194900	1.651015	0.093764	0.412906	-0.582865	78.195940	21.433332	103.183075
62305		-3.710591	9.051759	1.733928	0.078210	0.439905	-0.658329	78.308725	21.854879	103.365444
62306		-3.621111	9.171536	2.050909	0.135043	0.429058	-0.705677	78.451514	22.302339	103.536952
62307		-3.610284	9.330720	2.169027	0.179951	0.443821	-0.771714	78.622117	22.787154	103.711153
62308		-3.775532	9.290322	2.176243	0.184397	0.451334	-0.840509	78.796300	23.311912	103.883811
62309		-3.895196	9.194225	2.055871	0.212338	0.461948	-0.896274	78.988686	23.867751	104.058769
62310		-4.024005	9.196629	1.917187	0.216502	0.467522	-0.952065	79.185110	24.455932	104.233379
62311		-4.030332	9.104823	1.816534	0.210795	0.464304	-1.002165	79.377704	25.070533	104.403138
62312		-4.219267	8.840312	1.722840	0.194180	0.454794	-1.018845	79.560583	25.693892	104.568128
62313		-4.279652	8.841707	1.598952	0.205303	0.434806	-1.021965	79.746965	26.315603	104.723316
62314		-4.413293	8.821598	1.605442	0.187341	0.424851	-1.026640	79.923068	26.939350	104.874741
62315		-4.532279	8.579929	1.451529	0.182564	0.410209	-1.019933	80.095149	27.556592	105.020575
62316		-4.601428	8.539656	1.422508	0.181443	0.394174	-1.013262	80.265091	28.168953	105.159830
62317		-4.760441	8.417015	1.295384	0.162962	0.381508	-0.997399	80.423819	28.769940	105.295447
62318		-4.811014	8.466098	1.366276	0.184483	0.348451	-0.976227	80.588376	29.356343	105.414731
62319		-4.818252	8.463039	1.403049	0.148670	0.339997	-0.954326	80.732918	29.928451	105.533318
62320		-4.910785	8.423989	1.408113	0.130353	0.330827	-0.928209	80.867730	30.485530	105.651008
62321		-4.985136	8.485964	1.368240	0.116515	0.323992	-0.894042	80.995986	31.021590	105.769888
62322		-5.145984	8.259947	1.204162	0.077142	0.317091	-0.877611	81.102385	31.548344	105.887915
62323		-5.211482	8.273565	1.194237	0.084755	0.292670	-0.859080	81.207217	32.061449	105.993340
62324		-5.277120	8.335517	1.250702	0.061887	0.288449	-0.841443	81.300319	32.564861	106.099462
62325		-5.357715	8.248184	1.198832	0.050146	0.276100	-0.836178	81.383834	33.063269	106.199246
62326		-5.393738	7.941379	0.990693	0.044843	0.269185	-0.827669	81.463972	33.556952	106.296712
62327		-5.640759	7.647864	0.806517	0.130847	0.276781	-0.812238	81.598502	34.041571	106.402505
62328		-5.394808	8.129591	1.358797	0.226320	0.243413	-0.793399	81.778177	34.513335	106.489620
62329		-5.427944	8.119854	1.263032	0.137052	0.290431	-0.785623	81.927149	34.983466	106.611973
62330		-5.663406	7.839839	1.143165	0.190974	0.281619	-0.770825	82.106773	35.445010	106.732111
62331		-5.595687	8.113888	1.254545	0.194198	0.299875	-0.760107	82.298250	35.900768	106.868438
62332		-5.693533	7.949929	1.192810	0.167971	0.303211	-0.751335	82.479262	36.352219	107.010663
62333		-5.778870	7.658103	0.951588	0.156063	0.313398	-0.743246	82.660356	36.798681	107.163324
62334		-5.904176	7.623094	0.862366	0.193712	0.300566	-0.737678	82.860706	37.241411	107.310219
62335		-5.930668	7.570078	0.823235	0.189761	0.304715	-0.736013	83.063028	37.682300	107.462935
62336		-6.051486	7.565768	0.873711	0.232744	0.297531	-0.728245	83.290274	38.118598	107.614279
62337		-6.051398	7.579738	0.848732	0.248705	0.303272	-0.721828	83.532153	38.550355	107.773363
62338		-6.059105	7.404626	0.807574	0.270419	0.314944	-0.715932	83.795482	38.979711	107.944993
62339		-6.152904	7.526036	0.879977	0.292989	0.313281	-0.707785	84.074359	39.402914	108.119538
62340		-6.151041	7.604494	0.953380	0.266846	0.317009	-0.686151	84.344691	39.814117	108.302296
62341		-6.175591	7.330734	0.753198	0.245508	0.323838	-0.671329	84.609740	40.215812	108.494637
62342		-6.290557	7.306832	0.634891	0.255034	0.326185	-0.653098	84.885866	40.607281	108.693757
62343		-6.328842	7.339858	0.645530	0.252453	0.317974	-0.632139	85.160448	40.984893	108.891542
62344		-6.398186	7.220331	0.610932	0.228484	0.314288	-0.608735	85.423982	41.349007	109.091620
62345		-6.407610	7.097798	0.488360	0.215804	0.304263	-0.582941	85.678993	41.696510	109.288712
62346		-6.471112	6.749070	0.155083	0.201483	0.290016	-0.574191	85.922104	42.038517	109.478620
62347		-6.613262	6.901199	0.187468	0.249371	0.275441	-0.562031	86.188088	42.371621	109.660814
62348		-6.625444	6.978855	0.258376	0.255783	0.261362	-0.555637	86.453806	42.700696	109.835683
62349		-6.622771	7.117836	0.457044	0.268955	0.250566	-0.542879	86.724133	43.020726	110.005508
62350		-6.625311	7.167216	0.536290	0.244941	0.258681	-0.528541	86.988569	43.333001	110.185481
62351		-6.639886	7.084972	0.498962	0.240352	0.263113	-0.509599	87.255587	43.633176	110.372358
62352		-6.652187	7.017171	0.441794	0.225570	0.271602	-0.493048	87.522268	43.924224	110.569646
62353		-6.752576	7.120094	0.494709	0.215793	0.273742	-0.478051	87.787155	44.205315	110.771721
62354		-6.799751	7.014259	0.354337	0.188066	0.286224	-0.454529	88.046598	44.473272	110.987427
62355		-6.897731	6.932452	0.171142	0.182973	0.284887	-0.432489	88.304961	44.727142	111.205068
62356		-6.972878	6.967776	0.093314	0.173234	0.270731	-0.414924	88.552774	44.970777	111.414397
62357		-7.012513	6.850350	-0.022880	0.161686	0.254284	-0.399151	88.786611	45.203799	111.612778
62358		-7.051623	6.853654	-0.059960	0.144591	0.232004	-0.379186	89.000418	45.425323	111.795658
62359		-7.072147	6.755272	-0.072875	0.129600	0.209491	-0.362314	89.194028	45.635785	111.961916
62360		-7.064307	6.649268	-0.145978	0.119047	0.178832	-0.343494	89.365692	45.835613	112.105057
62361		-7.164224	6.769362	-0.161837	0.109316	0.156331	-0.327630	89.519393	46.025201	112.230819
62362		-7.172672	6.702920	-0.149427	0.105419	0.143118	-0.306172	89.664665	46.202963	112.347246
62363		-7.124570	6.669092	-0.172930	0.102066	0.116674	-0.279775	89.792696	46.364586	112.442495
62364		-7.147833	6.756921	-0.090502	0.091339	0.093936	-0.265314	89.902162	46.518512	112.519997
62365		-7.132994	6.570356	-0.179013	0.074049	0.086039	-0.245591	89.997002	46.660278	112.591171
62366		-7.128325	6.551440	-0.161759	0.083598	0.068188	-0.232875	90.087489	46.795449	112.648327
62367		-7.108448	6.727023	0.006919	0.061279	0.060632	-0.222586	90.160399	46.923916	112.699158
62368		-7.157304	6.629824	-0.022983	0.036578	0.054841	-0.214007	90.216466	47.048199	112.745841
62369		-7.204703	6.659380	-0.087456	0.028167	0.047160	-0.207179	90.262658	47.167801	112.785895
62370		-7.232018	6.661663	-0.081791	0.020494	0.047394	-0.207105	90.305392	47.288096	112.826787
62371		-7.205059	6.644222	-0.030278	0.018430	0.040187	-0.196028	90.342064	47.401291	112.861330
62372		-7.190086	6.534034	-0.122903	0.012378	0.041355	-0.193403	90.376739	47.513716	112.897447
62373		-7.203346	6.556189	-0.018277	0.022737	0.040813	-0.188661	90.416597	47.622658	112.932839
62374		-7.195236	6.554509	-0.015775	0.025477	0.048408	-0.180446	90.463530	47.727592	112.975260
62375		-7.227007	6.530061	-0.028728	0.032830	0.055445	-0.174364	90.518723	47.828232	113.023433
62376		-7.210548	6.496337	-0.077514	0.040989	0.065981	-0.168676	90.586046	47.926265	113.081231
62377		-7.193769	6.437081	-0.085770	0.049704	0.067562	-0.168171	90.659070	48.023206	113.140244
62378		-7.192081	6.482628	-0.058847	0.063221	0.079392	-0.167985	90.748261	48.120643	113.210139
62379		-7.266223	6.584727	0.001769	0.063480	0.088595	-0.165297	90.843240	48.215651	113.287846
62380		-7.289314	6.527717	-0.065883	0.067570	0.098260	-0.166844	90.947732	48.312099	113.374702
62381		-7.354088	6.521601	-0.103117	0.078734	0.107294	-0.165816	91.064287	48.407025	113.469354
62382		-7.330675	6.529962	-0.161175	0.086737	0.110043	-0.163569	91.188200	48.501224	113.567234
62383		-7.332958	6.459090	-0.182498	0.086122	0.112591	-0.162635	91.313307	48.593992	113.667373
62384		-7.351376	6.493127	-0.168253	0.097226	0.107981	-0.157869	91.442750	48.684662	113.764335
62385		-7.327950	6.271828	-0.253442	0.084074	0.112696	-0.159550	91.567651	48.775366	113.865480
62386		-7.357250	6.452605	-0.206648	0.099085	0.107232	-0.154324	91.698531	48.863733	113.962669
62387		-7.400876	6.446053	-0.217339	0.079690	0.105687	-0.149328	91.817043	48.948412	114.058397
62388		-7.381797	6.375527	-0.209333	0.091495	0.098309	-0.149220	91.938464	49.033743	114.148561
62389		-7.413880	6.452920	-0.225660	0.079179	0.103828	-0.142029	92.056123	49.114015	114.243304
62390		-7.453207	6.384655	-0.301751	0.071478	0.098182	-0.134875	92.166427	49.190889	114.333715
62391		-7.423648	6.282152	-0.340794	0.069234	0.091001	-0.127684	92.270249	49.262993	114.417493
62392		-7.434747	6.360637	-0.327026	0.068567	0.086314	-0.118774	92.371239	49.330709	114.497617
62393		-7.422251	6.351389	-0.308960	0.063920	0.077675	-0.115443	92.463380	49.395938	114.569844
62394		-7.457828	6.364229	-0.277335	0.060121	0.074554	-0.101910	92.551715	49.454122	114.639524
62395		-7.463884	6.369304	-0.306886	0.043720	0.068697	-0.096178	92.626143	49.508415	114.703547
62396		-7.494306	6.333311	-0.360155	0.033572	0.058832	-0.087433	92.688646	49.558607	114.759157
62397		-7.499315	6.339579	-0.387045	0.022642	0.053129	-0.078687	92.740290	49.603220	114.809020
62398		-7.508362	6.409016	-0.346451	0.016367	0.040565	-0.076271	92.780531	49.647463	114.848271
62399		-7.547033	6.420456	-0.368121	0.001487	0.032560	-0.070142	92.806098	49.687716	114.879763
62400		-7.537306	6.293997	-0.442871	-0.012621	0.021894	-0.064867	92.816888	49.725927	114.902129
62401		-7.526522	6.260081	-0.432589	-0.007916	0.009642	-0.056384	92.821206	49.758944	114.912803
62402		-7.583110	6.377685	-0.415704	-0.022815	-0.003013	-0.051560	92.808924	49.790242	114.912573
62403		-7.528341	6.293913	-0.432921	-0.029100	-0.012976	-0.058462	92.785856	49.825083	114.903275
62404		-7.502744	6.243697	-0.429302	-0.025953	-0.018603	-0.052937	92.761237	49.857600	114.889253
62405		-7.559496	6.336184	-0.367912	-0.023596	-0.027893	-0.050830	92.730892	49.888477	114.866322
62406		-7.572582	6.261506	-0.378406	-0.029849	-0.031160	-0.045844	92.695225	49.917264	114.840788
62407		-7.526678	6.237336	-0.386735	-0.024350	-0.040118	-0.041580	92.655756	49.943156	114.806518
62408		-7.533959	6.309725	-0.336610	-0.024331	-0.042912	-0.036087	92.614870	49.966649	114.770054
62409		-7.516918	6.319514	-0.323897	-0.037642	-0.042894	-0.039210	92.565728	49.991223	114.733122
62410		-7.534151	6.229251	-0.371218	-0.030560	-0.052335	-0.031550	92.514617	50.012315	114.687996
62411		-7.526272	6.285603	-0.330334	-0.021926	-0.050355	-0.027198	92.468937	50.030159	114.643854
62412		-7.523100	6.300212	-0.286477	-0.027400	-0.048857	-0.027248	92.421808	50.048654	114.601585
62413		-7.475817	6.252250	-0.252051	-0.029724	-0.051488	-0.022629	92.370678	50.063862	114.556184
62414		-7.428819	6.125462	-0.322704	-0.028932	-0.049506	-0.022181	92.322004	50.079420	114.513071
62415		-7.513029	6.266009	-0.259318	-0.024220	-0.046682	-0.018301	92.277130	50.091989	114.471735
62416		-7.498855	6.314459	-0.138563	-0.027340	-0.043674	-0.014503	92.233096	50.102976	114.433499
62417		-7.490708	6.318392	-0.245017	-0.032033	-0.038508	-0.011132	92.189108	50.111220	114.399163
62418		-7.530602	6.292587	-0.255267	-0.033607	-0.031701	-0.010257	92.149523	50.119468	114.371422
62419		-7.614579	6.342213	-0.276804	-0.025766	-0.033375	-0.009342	92.112569	50.126547	114.341582
62420		-7.581116	6.324515	-0.254613	-0.025000	-0.033248	-0.015677	92.076966	50.137904	114.312612
62421		-7.519441	6.311149	-0.315144	-0.032042	-0.039090	-0.022546	92.032791	50.152636	114.278061
62422		-7.477535	6.129461	-0.363095	-0.028956	-0.038010	-0.036468	91.992115	50.175960	114.245451
62423		-7.547703	6.330319	-0.205170	-0.014105	-0.039239	-0.045223	91.958586	50.203649	114.211401
62424		-7.476585	6.296921	-0.105893	-0.024316	-0.031462	-0.050332	91.925318	50.234756	114.184999
62425		-7.431253	6.285235	-0.136563	-0.019656	-0.021177	-0.050642	91.901077	50.265179	114.167197
62426		-7.443233	6.276241	-0.022815	-0.024431	-0.004094	-0.053947	91.886593	50.297812	114.165333
62427		-7.476460	6.239871	-0.126598	-0.029114	0.002925	-0.043783	91.873358	50.323847	114.168891
62428		-7.513481	6.149520	-0.206965	-0.029123	0.010928	-0.036534	91.866119	50.346216	114.179943
62429		-7.595023	6.264398	-0.276635	-0.018953	0.013769	-0.033467	91.865965	50.366142	114.192926
62430		-7.626100	6.282315	-0.234969	-0.017372	0.011610	-0.033044	91.865866	50.386500	114.204499
62431		-7.584660	6.242653	-0.286368	-0.018138	0.006258	-0.039430	91.861128	50.409981	114.210919
62432		-7.631418	6.302074	-0.275471	-0.014205	0.002265	-0.041116	91.856568	50.435133	114.214343
62433		-7.683253	6.332085	-0.281929	-0.016501	-0.006896	-0.044583	91.843765	50.461810	114.209081
