// Start Time: Unknown
// Update Rate: 100.0Hz
// Filter Profile: human (46.1)
// Firmware Version: 4.6.0
PacketCounter	Acc_X	Acc_Y	Acc_Z	Gyr_X	Gyr_Y	Gyr_Z	Roll	Pitch	Yaw
21849	9.836959	0.167425	0.544246	0.012416	0.012805	0.018924	17.203944	-86.689016	129.318367
21850	9.830922	0.199748	0.549328	-0.007993	0.018523	0.011755	20.068492	-86.601205	126.933069
21851	9.765813	0.074364	0.453836	-0.026965	0.014218	0.000861	18.690656	-86.640340	128.075169
21852	9.743856	-0.012875	0.410177	-0.023908	0.017050	-0.003197	18.653277	-86.630499	128.098891
21853	9.685402	-0.033999	0.349578	-0.000960	0.018132	-0.003250	18.601299	-86.619694	128.150993
21854	9.636877	0.099767	0.341198	0.018252	0.015075	-0.002054	18.584053	-86.611132	128.178745
21855	9.677236	0.223093	0.415555	0.020583	0.014117	-0.006126	18.604244	-86.603023	128.170316
21856	9.703160	0.373160	0.379550	0.015289	0.017210	-0.003587	18.592866	-86.593022	128.190489
21857	9.688906	0.536758	0.481940	0.017862	0.021827	-0.002801	18.570351	-86.581799	128.223329
21858	9.752706	0.641344	0.436029	0.008830	0.020782	0.000985	18.503195	-86.570689	128.295673
21859	9.810974	0.662086	0.500409	0.006306	0.021694	0.014095	18.368561	-86.562289	128.434385
21860	9.829050	0.685773	0.458017	0.000865	0.027226	0.022877	18.081042	-86.551572	128.722921
21861	9.769830	0.651207	0.498374	0.003345	0.026872	0.029250	17.863368	-86.542309	128.943401
21862	9.747060	0.550075	0.555712	0.002424	0.023033	0.038274	17.453016	-86.536385	129.355893
21863	9.757610	0.457626	0.578347	0.009372	0.020712	0.045550	17.178743	-86.532166	129.636811
21864	9.710251	0.353313	0.610803	0.005707	0.016875	0.052014	16.665125	-86.531590	130.154647
21865	9.739263	0.295690	0.660532	0.014575	0.012633	0.048598	16.425998	-86.530963	130.403491
21866	9.749235	0.192219	0.609679	0.020627	0.011133	0.054090	15.917319	-86.533467	130.924943
21867	9.736146	0.107546	0.506916	0.034479	0.010838	0.052615	15.663288	-86.533158	131.200171
21868	9.705157	0.007861	0.521450	0.046828	0.010366	0.051769	15.191922	-86.535323	131.699280
21869	9.738524	0.012553	0.488010	0.053079	0.008903	0.048221	14.964982	-86.536453	131.957928
21870	9.813110	0.024048	0.461469	0.053229	0.006455	0.041975	14.595548	-86.539013	132.358591
21871	9.837575	0.022320	0.486331	0.043150	0.005652	0.033527	14.470806	-86.541721	132.508831
21872	9.822794	0.045840	0.549004	0.034093	0.006811	0.029288	14.205300	-86.542099	132.794391
21873	9.704271	0.097072	0.518078	0.021316	0.008506	0.015493	14.192300	-86.541656	132.820625
21874	9.905136	0.055155	0.564565	0.016323	0.004560	0.013559	14.066417	-86.541012	132.956107
21875	9.798211	0.039654	0.526917	0.005384	0.012310	0.009194	14.072824	-86.538630	132.953266
21876	9.733524	-0.064801	0.575736	0.024553	0.001471	0.004557	14.041675	-86.538438	132.998566
21877	9.886382	0.017776	0.538247	0.040896	-0.004437	0.000802	14.139701	-86.545822	132.923382
21878	9.777262	0.089210	0.520258	0.029958	0.003312	-0.003567	14.182050	-86.543490	132.898151
21879	9.829747	0.144994	0.586291	0.042651	0.003474	-0.003009	14.249935	-86.547135	132.854178
21880	9.736935	0.211005	0.479054	0.031795	0.006296	-0.010816	14.352917	-86.542155	132.769259
21881	9.715962	0.262060	0.472145	0.014052	-0.000293	-0.010505	14.512167	-86.545574	132.618340
21882	9.783172	0.291989	0.476201	0.001944	0.007943	-0.012845	14.612551	-86.539356	132.518882
21883	9.782398	0.399423	0.469766	-0.010747	0.007777	-0.013406	14.814280	-86.539590	132.311031
21884	9.725956	0.410357	0.453280	-0.035944	0.012710	-0.014910	14.899878	-86.530409	132.204628
21885	9.692392	0.402463	0.488865	-0.050879	0.008585	-0.014848	15.183493	-86.529616	131.892463
21886	9.707433	0.387481	0.500489	-0.059521	0.010704	-0.012472	15.237723	-86.521862	131.803936
21887	9.666148	0.381813	0.494644	-0.065202	0.010677	-0.008557	15.556132	-86.521430	131.449192
21888	9.704081	0.347125	0.558413	-0.071095	0.012781	-0.003626	15.518652	-86.513849	131.445864
21889	9.726876	0.328225	0.611546	-0.062837	0.007520	-0.004618	15.862738	-86.515200	131.066213
21890	9.772255	0.279911	0.643730	-0.059190	0.006673	-0.000280	15.817505	-86.511485	131.077468
21891	9.752304	0.233514	0.716679	-0.047241	0.003060	0.000278	16.147696	-86.513355	130.721008
21892	9.777218	0.118406	0.675428	-0.034955	0.000101	0.002241	16.111103	-86.513639	130.737499
21893	9.757009	0.061842	0.675161	-0.017541	-0.001342	-0.000093	16.277437	-86.513323	130.565297
21894	9.704639	0.006857	0.608913	0.003782	-0.003275	-0.001897	16.310242	-86.514839	130.534474
21895	9.749353	0.065102	0.632722	0.005872	-0.011990	-0.002797	16.557134	-86.523603	130.287981
21896	9.709835	0.080140	0.596586	-0.001034	-0.017059	-0.010734	16.704549	-86.531296	130.139579
21897	9.715775	0.047567	0.591261	0.005421	-0.020646	-0.015293	16.936196	-86.532770	129.917030
21898	9.761030	-0.008872	0.547778	0.012147	-0.023882	-0.023668	17.226747	-86.541885	129.632845
21899	9.753764	0.006643	0.576382	0.027447	-0.026496	-0.022968	17.547614	-86.549436	129.333129
21900	9.792346	0.090750	0.528950	0.046875	-0.031735	-0.022768	17.876062	-86.562770	129.030910
21901	9.771452	0.143198	0.518820	0.071908	-0.032027	-0.023050	18.277762	-86.573826	128.672266
21902	9.785862	0.235865	0.518964	0.077287	-0.034842	-0.020370	18.615979	-86.588993	128.377730
21903	9.759055	0.321750	0.511840	0.089506	-0.032882	-0.014988	18.757327	-86.610920	128.290008
21904	9.721421	0.369139	0.518241	0.096543	-0.037979	-0.019183	19.108844	-86.628030	127.993279
21905	9.747561	0.393828	0.510451	0.095781	-0.044267	-0.016404	19.503176	-86.654854	127.654147
21906	9.772729	0.280851	0.465022	0.106901	-0.039345	-0.011807	19.804526	-86.674020	127.413638
21907	9.802769	0.239767	0.409336	0.122376	-0.039194	-0.008735	20.125840	-86.696394	127.164234
21908	9.783684	0.194461	0.305180	0.156208	-0.041340	-0.006274	20.415639	-86.717650	126.963651
21909	9.753350	0.227136	0.279897	0.179686	-0.039403	0.000212	20.728565	-86.750064	126.754916
21910	9.773547	0.283938	0.275203	0.186477	-0.037489	0.000421	20.965263	-86.770686	126.624922
21911	9.793745	0.340551	0.270407	0.176933	-0.037057	0.003801	21.426860	-86.798843	126.263755
21912	9.799726	0.307177	0.263297	0.151519	-0.035314	-0.005293	21.698006	-86.817034	126.079168
21913	9.809853	0.337560	0.345520	0.131726	-0.030737	-0.006872	22.043579	-86.858839	125.808839
21914	9.812353	0.252979	0.322765	0.106913	-0.030103	-0.010324	22.324170	-86.873453	125.589246
21915	9.842911	0.222875	0.341047	0.094639	-0.024696	-0.015074	23.049720	-86.907019	124.910475
21916	9.804168	0.132453	0.312735	0.083868	-0.019125	-0.020459	23.379770	-86.913537	124.628115
21917	9.751161	0.196043	0.309892	0.077925	-0.014864	-0.023547	24.294276	-86.936512	123.754734
21918	9.712037	0.223953	0.346148	0.065975	-0.008785	-0.026893	24.641075	-86.935906	123.445237
21919	9.711226	0.215107	0.272901	0.065079	-0.007980	-0.028688	25.350614	-86.956805	122.767020
21920	9.737118	0.240558	0.268188	0.051225	-0.005182	-0.029967	25.706314	-86.953490	122.440116
21921	9.699238	0.289231	0.276897	0.049855	-0.007861	-0.035550	26.294054	-86.973014	121.870298
21922	9.695284	0.358380	0.323111	0.040354	-0.004523	-0.029708	26.637961	-86.969369	121.549009
21923	9.718510	0.469798	0.337277	0.030257	-0.007489	-0.030048	26.850191	-86.985094	121.344772
21924	9.795615	0.531999	0.424925	0.010343	-0.005327	-0.028756	27.168646	-86.982183	121.031866
21925	9.843472	0.519388	0.500554	-0.000237	-0.006444	-0.024268	27.564612	-86.998338	120.628734
21926	9.882524	0.496565	0.462487	-0.008099	-0.005461	-0.025281	27.838882	-86.996428	120.349553
21927	9.903742	0.449056	0.470166	-0.015755	-0.001290	-0.018679	28.589628	-87.015043	119.581257
21928	9.843845	0.407688	0.436586	-0.006036	-0.001444	-0.016915	28.766735	-87.013369	119.400531
21929	9.825170	0.372958	0.409623	-0.003616	-0.002095	-0.015769	29.043284	-87.026744	119.112238
21930	9.801745	0.391967	0.357533	-0.003715	0.002874	-0.012372	29.153864	-87.024356	118.999526
21931	9.792391	0.374836	0.344398	-0.011273	0.002073	-0.009166	29.448180	-87.024156	118.699915
21932	9.777020	0.391443	0.334146	-0.017845	0.005362	-0.009818	29.511255	-87.021215	118.626690
21933	9.789014	0.324590	0.329283	-0.021776	0.005851	-0.010325	29.693134	-87.017631	118.438546
21934	9.788971	0.325255	0.329914	-0.017762	0.005728	-0.004600	29.703067	-87.016018	118.418610
21935	9.773108	0.333300	0.420272	-0.019576	0.007349	-0.008177	30.003972	-87.018627	118.113937
21936	9.767021	0.367681	0.423883	-0.014617	0.008867	-0.003486	29.988909	-87.015903	118.120829
21937	9.759683	0.381905	0.455410	-0.011149	0.004890	-0.006772	30.215832	-87.021342	117.893895
21938	9.751605	0.384271	0.414556	-0.010121	0.006898	-0.002586	30.205859	-87.020006	117.898284
21939	9.748324	0.332333	0.399016	-0.010724	0.005925	-0.000157	30.384919	-87.026079	117.714472
21940	9.746306	0.300476	0.355423	-0.011631	0.006736	-0.001946	30.368296	-87.025114	117.724681
21941	9.773681	0.217160	0.361127	-0.004113	0.005090	-0.002327	30.543257	-87.021830	117.571549
21942	9.782940	0.235451	0.375149	-0.000406	0.006751	-0.000817	30.524169	-87.021260	117.590636
21943	9.764334	0.199328	0.349246	0.006141	0.013336	-0.002407	30.590784	-87.020410	117.534934
21944	9.741658	0.229317	0.370399	0.018640	0.007877	-0.006713	30.631232	-87.017636	117.505363
21945	9.749624	0.228067	0.412620	0.013199	0.008203	-0.006581	31.086224	-87.041815	117.061670
21946	9.742259	0.242794	0.444079	0.019127	0.006029	-0.011541	31.186137	-87.038846	116.972819
21947	9.774114	0.232708	0.438008	0.020075	0.007669	-0.012575	31.642204	-87.044316	116.541295
21948	9.756776	0.217898	0.383824	0.024612	0.008152	-0.014497	31.763146	-87.039520	116.434497
21949	9.782571	0.242080	0.380506	0.033305	0.005996	-0.016913	32.407315	-87.037445	115.812611
21950	9.767181	0.259415	0.370353	0.037922	0.006846	-0.013617	32.536466	-87.033459	115.705171
21951	9.780812	0.351396	0.372513	0.040990	0.009614	-0.017725	33.018551	-87.041144	115.247660
21952	9.767317	0.400763	0.406390	0.037772	0.001571	-0.013191	33.176830	-87.039917	115.110952
21953	9.770421	0.454395	0.422435	0.031648	0.000552	-0.015850	33.473674	-87.037529	114.842332
21954	9.750811	0.537581	0.458833	0.015813	0.007470	-0.014492	33.595051	-87.033034	114.729978
21955	9.751964	0.559058	0.431224	0.000835	0.003338	-0.014303	33.802998	-87.031801	114.521005
21956	9.757972	0.526523	0.428860	-0.009489	0.002510	-0.013644	33.930610	-87.029927	114.387923
21957	9.736293	0.439013	0.386301	-0.012438	0.002562	-0.007142	34.031928	-87.031171	114.283975
21958	9.776179	0.426451	0.421361	-0.013385	0.000922	-0.006106	34.096844	-87.032500	114.211474
21959	9.790861	0.399299	0.360050	-0.008165	0.002747	-0.005239	34.224564	-87.021521	114.078450
21960	9.743561	0.426565	0.356242	-0.004498	0.001964	-0.000904	34.238723	-87.023901	114.061893
21961	9.742311	0.406716	0.384104	-0.006622	-0.006959	-0.003622	34.644585	-87.036773	113.652032
21962	9.768148	0.429430	0.379740	0.000566	-0.001479	0.000395	34.672940	-87.041288	113.624162
21963	9.783501	0.413663	0.390328	-0.006391	-0.001316	0.001168	34.916293	-87.039666	113.389607
21964	9.727000	0.422347	0.372589	-0.005600	-0.004945	0.000563	34.962947	-87.045822	113.339853
21965	9.777431	0.447168	0.392471	-0.017885	-0.001638	0.003862	34.976080	-87.057921	113.325233
21966	9.747405	0.490247	0.442993	-0.023559	-0.006957	-0.000797	35.037159	-87.064693	113.250778
21967	9.797839	0.515252	0.462751	-0.040455	-0.004510	-0.000798	35.451647	-87.074706	112.813647
21968	9.854814	0.376426	0.344737	-0.040336	-0.001693	0.001596	35.449966	-87.079853	112.792389
21969	9.797489	0.234976	0.220473	-0.036922	0.009538	0.004679	35.505219	-87.087218	112.716723
21970	9.770407	0.191663	0.253279	-0.020632	0.006119	0.007108	35.412856	-87.090661	112.797600
21971	9.753814	0.186453	0.271284	-0.002111	0.006653	0.008866	35.585403	-87.089963	112.628623
21972	9.735512	0.287346	0.280159	0.006015	0.005985	0.006060	35.519622	-87.093097	112.698150
21973	9.774359	0.391455	0.378690	-0.007063	0.005129	0.004169	35.596348	-87.099913	112.637676
21974	9.751661	0.420676	0.399180	-0.020257	0.001453	-0.000119	35.602803	-87.103183	112.619803
21975	9.770760	0.468812	0.498519	-0.043991	-0.000910	-0.002754	35.681315	-87.111345	112.525549
21976	9.817373	0.430271	0.430696	-0.058377	0.005787	-0.007257	35.702395	-87.110292	112.471196
21977	9.845501	0.355468	0.336450	-0.064866	0.009424	-0.002698	35.961120	-87.108448	112.171882
21978	9.830550	0.245200	0.364236	-0.061297	0.018135	-0.005829	35.885885	-87.102137	112.212280
21979	9.752376	0.166152	0.305454	-0.050635	0.019636	-0.005085	35.969970	-87.096328	112.105483
21980	9.711140	0.159700	0.300605	-0.025513	0.019353	-0.005477	35.904298	-87.089605	112.156838
21981	9.682810	0.235067	0.397774	-0.019847	0.016886	-0.006609	36.196669	-87.085752	111.860502
21982	9.711669	0.310167	0.411966	-0.011992	0.015920	-0.005585	36.164008	-87.080622	111.886529
21983	9.714692	0.362657	0.429826	-0.013277	0.013608	-0.005952	36.208200	-87.072073	111.833957
21984	9.771102	0.354362	0.448708	-0.022980	0.013739	-0.007739	36.202204	-87.067189	111.826995
21985	9.785837	0.327666	0.388242	-0.013996	0.009816	-0.005928	36.648994	-87.062725	111.371018
21986	9.802399	0.332605	0.371966	-0.013656	0.010483	-0.004532	36.643155	-87.060408	111.369190
21987	9.817672	0.317209	0.383830	-0.010519	0.013626	-0.003404	36.810365	-87.050599	111.206801
21988	9.805346	0.385352	0.391106	-0.010476	0.016081	-0.006224	36.785095	-87.045082	111.226224
21989	9.765396	0.399189	0.358109	-0.010926	0.020372	-0.004213	36.948789	-87.028445	111.064566
21990	9.771433	0.365843	0.357223	-0.008241	0.020035	-0.006886	36.905636	-87.020802	111.103135
21991	9.744213	0.323356	0.390963	-0.006321	0.021223	-0.000904	37.188861	-87.021124	110.808255
21992	9.746741	0.364030	0.337284	-0.006276	0.023678	-0.003723	37.096617	-87.012979	110.897075
21993	9.754523	0.362208	0.380962	-0.005146	0.020720	-0.002940	37.117426	-86.999409	110.882226
21994	9.754439	0.362423	0.382881	-0.009454	0.018077	-0.002036	37.046412	-86.994344	110.947953
21995	9.740759	0.409946	0.418490	-0.007265	0.019575	0.000123	37.087750	-86.987190	110.902028
21996	9.781452	0.405247	0.354992	-0.004851	0.018929	0.001276	36.985536	-86.982860	111.001635
21997	9.781757	0.416454	0.429154	-0.005460	0.017950	0.003702	36.970266	-86.973936	111.032888
21998	9.797010	0.400238	0.441595	-0.001197	0.018136	0.005618	36.838924	-86.971412	111.163742
21999	9.787770	0.381646	0.429961	-0.000811	0.021257	0.004197	36.726358	-86.962671	111.273651
22000	9.761552	0.347040	0.363258	0.004579	0.018486	0.006899	36.584711	-86.960362	111.418155
22001	9.761509	0.346450	0.364972	0.000881	0.016821	0.005373	36.612586	-86.956798	111.407205
22002	9.775398	0.309767	0.405321	0.003406	0.018985	0.008932	36.450860	-86.954937	111.571124
22003	9.749499	0.286495	0.410910	0.007043	0.020293	0.005234	36.529672	-86.946126	111.502249
22004	9.748050	0.265822	0.440701	0.007269	0.018147	0.004229	36.418003	-86.943000	111.618224
22005	9.773570	0.276620	0.366351	0.016294	0.016683	0.003238	36.465303	-86.933529	111.584209
22006	9.790441	0.292368	0.423137	0.019095	0.019157	0.002972	36.365886	-86.929448	111.694680
22007	9.769194	0.353225	0.489326	0.027509	0.016714	0.004408	36.480000	-86.921786	111.590738
22008	9.715726	0.413900	0.489812	0.023411	0.021792	0.002068	36.375473	-86.916134	111.708775
22009	9.720079	0.486165	0.479927	0.013439	0.013847	-0.001723	36.418688	-86.913311	111.680475
22010	9.745867	0.508663	0.477599	0.001111	0.014674	0.004357	36.327130	-86.911726	111.772729
22011	9.776192	0.465223	0.428084	-0.009539	0.013164	0.003576	36.220064	-86.901354	111.876881
22012	9.767004	0.446631	0.415865	-0.018003	0.013151	0.004955	36.121387	-86.900587	111.965309
22013	9.747242	0.389607	0.418000	-0.014077	0.012668	0.005478	36.379969	-86.892791	111.685674
22014	9.761046	0.353042	0.457993	-0.010713	0.013664	0.005607	36.279163	-86.891956	111.780354
22015	9.761009	0.352326	0.459318	-0.011327	0.012687	0.008033	36.174727	-86.891193	111.877344
22016	9.757944	0.299559	0.444196	-0.006451	0.013847	0.007529	36.058193	-86.890902	111.990239
22017	9.757899	0.298916	0.445613	-0.005836	0.014822	0.005103	36.045666	-86.883307	112.004444
22018	9.751627	0.320580	0.377389	-0.001403	0.010408	0.008842	35.942630	-86.884995	112.106706
22019	9.792843	0.338156	0.458062	-0.000061	0.015170	0.006392	35.892308	-86.878586	112.151775
22020	9.762290	0.369110	0.437887	-0.001124	0.010718	0.005018	35.819878	-86.878796	112.223546
22021	9.739423	0.398102	0.459049	-0.009308	0.011017	0.002568	35.888350	-86.875636	112.147071
22022	9.777466	0.352666	0.450899	-0.015305	0.012812	0.002280	35.818787	-86.873941	112.207822
22023	9.745435	0.363691	0.458697	-0.013791	0.012976	0.001646	35.860449	-86.863650	112.157136
22024	9.752970	0.349820	0.429240	-0.011941	0.013806	0.002411	35.786204	-86.861470	112.224489
22025	9.742233	0.299900	0.372411	-0.008465	0.009849	-0.000862	35.790195	-86.864962	112.228984
22026	9.737636	0.365327	0.420682	-0.008745	0.009537	0.002961	35.739181	-86.865001	112.274916
22027	9.771084	0.374037	0.387070	-0.006446	0.006081	0.001718	35.790280	-86.861087	112.225536
22028	9.790925	0.303845	0.423582	-0.006334	0.008889	0.004120	35.735025	-86.861780	112.277089
22029	9.768046	0.332977	0.444616	-0.002691	0.010196	0.000431	35.753839	-86.856626	112.256693
22030	9.749729	0.296811	0.418360	-0.003027	0.009530	-0.000968	35.739594	-86.855289	112.269071
22031	9.758830	0.314794	0.432845	0.006051	0.008418	0.003279	35.774537	-86.849121	112.231135
22032	9.758797	0.314570	0.433756	0.003082	0.010543	0.001724	35.734913	-86.848163	112.272428
22033	9.751146	0.328171	0.465407	0.001121	0.006905	-0.001444	35.830577	-86.847320	112.172733
22034	9.767859	0.332717	0.448889	0.005380	0.007087	0.000483	35.823973	-86.847554	112.182271
22035	9.758695	0.314654	0.435983	0.002971	0.007735	-0.000678	36.046293	-86.851733	111.931557
22036	9.776927	0.350932	0.463751	0.007678	0.003632	-0.000758	36.073642	-86.853193	111.908392
22037	9.784516	0.337450	0.433535	0.007847	0.008894	-0.001176	36.187316	-86.845632	111.794768
22038	9.763138	0.387223	0.426328	0.007119	0.005109	-0.001153	36.209136	-86.846226	111.776800
22039	9.772242	0.405410	0.440375	0.009528	0.004461	0.000008	36.246500	-86.846076	111.756301
22040	9.741743	0.436882	0.419594	0.003082	0.010542	0.001722	36.208506	-86.845126	111.795922
22041	9.759964	0.472934	0.447642	-0.004932	0.006245	0.001081	36.271538	-86.840531	111.727075
22042	9.767584	0.459035	0.417386	-0.010427	0.004109	0.004003	36.246419	-86.843289	111.746040
22043	9.749293	0.433808	0.463216	-0.018721	0.009359	0.004950	36.234398	-86.843861	111.749872
22044	9.770644	0.372233	0.399697	-0.019055	0.008693	0.003551	36.180071	-86.844353	111.793137
22045	9.737106	0.362602	0.435058	-0.019562	0.010522	0.008376	36.160898	-86.844180	111.790282
22046	9.714230	0.391157	0.456078	-0.021185	0.007549	0.006605	36.086820	-86.846225	111.852103
22047	9.746193	0.379233	0.450715	-0.025271	0.012628	0.004258	36.009807	-86.843289	111.925566
22048	9.761391	0.362882	0.462446	-0.024880	0.005888	0.005068	35.956454	-86.845571	111.964513
22049	9.767546	0.317203	0.387752	-0.020115	0.004241	0.002170	36.057067	-86.849287	111.845512
22050	9.775107	0.314491	0.430009	-0.021740	0.009021	0.006208	35.977222	-86.850524	111.912787
22051	9.775092	0.313789	0.430862	-0.015745	0.007226	0.006502	35.869507	-86.845712	112.049487
22052	9.784121	0.342606	0.517574	-0.016415	0.005898	0.003704	35.832751	-86.847503	112.076661
22053	9.793304	0.348860	0.459708	-0.022631	0.009832	0.004413	35.795301	-86.842929	112.098547
22054	9.768938	0.345985	0.436460	-0.024367	0.011806	0.006047	35.698215	-86.842724	112.181577
22055	9.759681	0.338696	0.496311	-0.018089	0.010327	0.002520	35.650370	-86.836129	112.215476
22056	9.777998	0.362994	0.452317	-0.014452	0.009527	0.006875	35.565539	-86.837210	112.291924
22057	9.735305	0.335206	0.473696	-0.017031	0.004914	0.006123	35.633909	-86.832367	112.206175
22058	9.768753	0.354791	0.512283	-0.013110	0.004430	0.006656	35.583160	-86.835697	112.249237
22059	9.703193	0.356350	0.553597	-0.010307	0.006902	0.006402	35.537585	-86.831824	112.299864
22060	9.739805	0.278920	0.500001	-0.000569	-0.000637	0.007644	35.516103	-86.837805	112.320805
22061	9.779482	0.253198	0.462620	0.010012	-0.001589	0.011273	35.529675	-86.843537	112.319893
22062	9.755194	0.249984	0.437950	0.031744	-0.002861	0.010887	35.512881	-86.851628	112.354674
22063	9.808648	0.314429	0.402840	0.028162	-0.001716	0.011752	35.524664	-86.856957	112.363104
22064	9.778307	0.344908	0.381045	0.045694	-0.002828	0.014651	35.483628	-86.866272	112.430163
22065	9.766247	0.411515	0.386400	0.045028	-0.004158	0.011851	35.528560	-86.870094	112.413286
22066	9.810621	0.457602	0.337277	0.046597	-0.003650	0.016438	35.477773	-86.880354	112.490617
22067	9.797102	0.492248	0.298372	0.037421	0.002414	0.015584	35.380601	-86.880912	112.619593
22068	9.814052	0.483837	0.209232	0.025215	0.008153	0.015991	35.248567	-86.885450	112.766021
22069	9.795723	0.457459	0.255062	0.011654	0.009134	0.018845	35.044219	-86.881508	113.001588
22070	9.807845	0.387961	0.250207	-0.003474	0.009603	0.017109	34.876609	-86.885623	113.167178
22071	9.803022	0.325689	0.334999	-0.017982	0.011051	0.012948	34.950389	-86.889833	113.048985
22072	9.764674	0.243375	0.381986	-0.028788	0.014154	0.010322	34.800182	-86.889589	113.182599
22073	9.770523	0.219874	0.453051	-0.026872	0.017434	0.008271	34.714075	-86.878935	113.251618
22074	9.748897	0.142504	0.483127	-0.025807	0.014129	0.003840	34.622497	-86.876509	113.328213
22075	9.738050	0.103795	0.498681	-0.009839	0.012493	0.002155	34.672874	-86.868854	113.260638
22076	9.767225	0.166852	0.440703	0.000758	0.013639	-0.002251	34.652671	-86.864637	113.280976
22077	9.777952	0.205423	0.427786	0.006193	0.013315	-0.002346	34.732449	-86.860952	113.175329
22078	9.791796	0.296069	0.431397	0.008886	0.012979	-0.005003	34.744541	-86.856152	113.167984
22079	9.813309	0.373122	0.404203	0.006194	0.013314	-0.002346	34.813116	-86.851387	113.100645
22080	9.778544	0.459347	0.359141	-0.001581	0.016744	-0.006236	34.807716	-86.844408	113.104801
22081	9.769330	0.441834	0.347027	-0.011336	0.014436	-0.005260	34.928294	-86.841771	112.955763
22082	9.775283	0.408442	0.345684	-0.017326	0.016235	-0.005563	34.911526	-86.835274	112.962258
22083	9.767501	0.422427	0.378338	-0.025051	0.020010	-0.004236	34.956636	-86.825806	112.885622
22084	9.758291	0.404684	0.366600	-0.027856	0.017540	-0.003984	34.913160	-86.819205	112.912813
22085	9.762301	0.361958	0.465856	-0.036536	0.019671	-0.001635	34.904435	-86.807663	112.892760
22086	9.719409	0.335298	0.488417	-0.032037	0.019817	-0.008741	34.885715	-86.798401	112.892747
22087	9.740481	0.285904	0.498384	-0.027957	0.022473	-0.000581	34.863653	-86.787462	112.896822
22088	9.753824	0.249771	0.539217	-0.021342	0.021654	-0.002698	34.790373	-86.779294	112.957581
22089	9.772242	0.274793	0.496396	-0.010476	0.021012	-0.002874	34.793909	-86.769367	112.945388
22090	9.746184	0.252563	0.501760	-0.001459	0.019544	-0.003821	34.754336	-86.761809	112.983790
22091	9.755178	0.270788	0.517397	0.007046	0.019895	0.000058	34.712228	-86.753238	113.032564
22092	9.752454	0.345489	0.466454	0.015729	0.017766	-0.002287	34.680366	-86.747000	113.073105
22093	9.752758	0.334465	0.395674	0.013257	0.015958	-0.000638	34.688419	-86.742566	113.087668
22094	9.735827	0.330306	0.414241	0.011702	0.015449	-0.005233	34.692359	-86.736463	113.090032
22095	9.793702	0.341834	0.406039	0.009896	0.014965	-0.000786	34.667388	-86.734510	113.134099
22096	9.825630	0.330806	0.401255	0.000838	0.016088	-0.005064	34.660099	-86.728175	113.141482
22097	9.769335	0.340330	0.384532	0.005645	0.014788	-0.002727	34.670529	-86.722584	113.129444
22098	9.782661	0.304473	0.424793	0.006383	0.018567	-0.002747	34.633286	-86.715831	113.170014
22099	9.751844	0.347958	0.477240	0.005051	0.015919	-0.008344	34.654909	-86.706016	113.155777
22100	9.735330	0.333070	0.423614	0.003942	0.018871	-0.009137	34.666828	-86.697020	113.145706
22101	9.740801	0.311298	0.494844	0.004831	0.018056	-0.007342	34.754351	-86.692813	113.059139
22102	9.755820	0.296216	0.507394	0.004831	0.018055	-0.007343	34.756976	-86.684811	113.058880
22103	9.740582	0.312927	0.498104	0.012226	0.013623	-0.010056	34.876861	-86.677151	112.931683
22104	9.741711	0.345582	0.543879	0.004946	0.013115	-0.010749	34.934828	-86.670349	112.876048
22105	9.745122	0.387275	0.489209	0.016924	0.009524	-0.010118	35.011213	-86.670279	112.832671
22106	9.764896	0.444716	0.489555	0.008683	0.007374	-0.009789	35.095650	-86.666507	112.752674
22107	9.796846	0.434279	0.483923	0.004692	0.005403	-0.007515	35.217913	-86.661930	112.627365
22108	9.824465	0.478028	0.453312	0.001403	0.006865	-0.010482	35.306354	-86.658135	112.539172
22109	9.800211	0.476544	0.429622	-0.006622	0.010316	-0.005351	35.412456	-86.654250	112.405598
22110	9.782046	0.441107	0.403400	-0.014384	0.013736	-0.009262	35.442968	-86.647639	112.366363
22111	9.765071	0.437079	0.421919	-0.020966	0.014897	-0.001938	35.400564	-86.645337	112.403372
22112	9.754214	0.398826	0.437299	-0.022993	0.008813	-0.002296	35.398340	-86.643353	112.391996
22113	9.705225	0.405791	0.461818	-0.030645	0.015032	-0.003807	35.415463	-86.636688	112.353631
22114	9.713022	0.392509	0.432331	-0.032671	0.008947	-0.004168	35.421909	-86.634014	112.328012
22115	9.747558	0.306906	0.479935	-0.027460	0.010766	-0.003243	35.455287	-86.625211	112.277282
22116	9.764404	0.311551	0.463979	-0.021141	0.009635	-0.001525	35.443568	-86.623061	112.276471
22117	9.780631	0.327481	0.520190	-0.014300	0.006686	-0.004630	35.513089	-86.619403	112.204686
22118	9.797488	0.332244	0.503903	-0.009721	0.007527	-0.001282	35.517978	-86.618308	112.193791
22119	9.799214	0.352903	0.476865	-0.007907	0.008013	-0.005727	35.553870	-86.612465	112.174967
22120	9.776147	0.382603	0.497622	-0.001259	0.007544	-0.002606	35.573877	-86.610902	112.153784
22121	9.777869	0.403216	0.470737	-0.013231	0.011125	-0.003248	35.550670	-86.604315	112.183899
22122	9.750766	0.349282	0.430439	-0.011790	0.008834	-0.001055	35.544973	-86.602649	112.182425
22123	9.744604	0.383357	0.434351	-0.016921	0.009468	-0.004802	35.654172	-86.599516	112.044160
22124	9.724739	0.327207	0.435587	-0.014190	0.009481	-0.002229	35.652990	-86.597160	112.036778
22125	9.757839	0.347715	0.474771	-0.008865	0.006369	-0.004708	35.737200	-86.596291	111.946788
22126	9.748783	0.330060	0.461698	-0.012449	0.007511	-0.003858	35.760929	-86.594312	111.915449
22127	9.742624	0.364241	0.465291	-0.004394	0.004413	-0.003763	35.835996	-86.594324	111.835858
22128	9.751596	0.382642	0.479491	-0.006239	0.003585	-0.004540	35.890723	-86.593938	111.777029
22129	9.759464	0.369547	0.449315	-0.009088	0.008505	-0.003704	35.954168	-86.587565	111.702801
22130	9.792551	0.390077	0.488389	-0.009824	0.004726	-0.003690	35.993820	-86.586909	111.657012
22131	9.789630	0.338493	0.472278	-0.010603	0.008337	-0.003081	36.009818	-86.583551	111.636486
22132	9.771578	0.302762	0.445565	-0.013002	0.008984	-0.004255	36.027826	-86.580723	111.610558
22133	9.739475	0.314481	0.452692	-0.008456	0.009486	-0.006125	36.080706	-86.575579	111.566207
22134	9.780457	0.321678	0.461297	-0.002366	0.010494	-0.003395	36.089620	-86.572332	111.555492
22135	9.722420	0.310938	0.471759	-0.002948	0.011631	-0.009013	36.156601	-86.564269	111.491008
22136	9.729521	0.309584	0.514488	0.001269	0.011473	-0.012283	36.230390	-86.557548	111.417386
22137	9.733022	0.351408	0.460231	-0.007641	0.015719	-0.008957	36.210247	-86.543704	111.449345
22138	9.755999	0.323199	0.441500	-0.003934	0.009648	-0.013218	36.297614	-86.537469	111.359135
22139	9.776701	0.412265	0.486880	-0.008480	0.009143	-0.011351	36.360441	-86.530222	111.313527
22140	9.767630	0.395401	0.474035	-0.009363	0.009957	-0.013149	36.441770	-86.523843	111.226251
22141	9.796247	0.471140	0.488635	-0.014566	0.008131	-0.014085	36.650271	-86.516621	110.991902
22142	9.767437	0.397931	0.475881	-0.018150	0.009268	-0.013237	36.730805	-86.510496	110.900364
22143	9.794251	0.452975	0.518107	-0.015274	0.004689	-0.008850	36.887034	-86.507336	110.723989
22144	9.752163	0.415630	0.466427	-0.012797	0.006501	-0.010491	36.965391	-86.503399	110.637696
22145	9.757430	0.393629	0.536814	-0.011960	0.013073	-0.008096	37.038070	-86.499253	110.556344
22146	9.764356	0.349386	0.462447	-0.002140	0.008356	-0.004399	37.066418	-86.496570	110.526269
22147	9.756318	0.363155	0.494080	0.003617	0.008709	-0.003065	37.075680	-86.491622	110.532159
22148	9.741136	0.379207	0.484109	0.007859	0.008892	-0.001110	37.082038	-86.489816	110.529857
22149	9.749072	0.366135	0.454162	0.008164	0.009215	-0.004931	37.109245	-86.483682	110.521807
22150	9.791836	0.394044	0.434990	0.010314	0.010367	-0.007973	37.159610	-86.478813	110.476826
22151	9.768645	0.423922	0.455775	0.005360	0.006742	-0.004694	37.192279	-86.473961	110.453033
22152	9.759645	0.406252	0.442825	0.006751	0.011840	-0.001903	37.187071	-86.470505	110.461685
22153	9.757760	0.386452	0.471544	0.004785	0.007878	-0.010314	37.300475	-86.466522	110.362960
22154	9.809479	0.432353	0.465897	0.001368	0.004760	-0.002433	37.335977	-86.466113	110.327736
22155	9.745276	0.455070	0.478836	-0.007568	0.008660	-0.004337	37.396616	-86.466358	110.257611
22156	9.769271	0.457703	0.504520	-0.008677	0.011608	-0.005131	37.407720	-86.461907	110.241067
22157	9.734377	0.417435	0.494918	-0.015067	0.010271	-0.004048	37.440626	-86.456330	110.205189
22158	9.749440	0.401891	0.506808	-0.009310	0.010625	-0.002711	37.439143	-86.453159	110.200890
22159	9.765435	0.375126	0.446281	-0.009617	0.010301	0.001110	37.460846	-86.451122	110.168893
22160	9.763544	0.354728	0.475333	-0.005215	0.015400	-0.002564	37.433997	-86.445830	110.192358
22161	9.778598	0.338985	0.487573	0.001977	0.013466	0.000969	37.384664	-86.443415	110.255633
22162	9.748285	0.370561	0.467275	0.006852	0.014634	0.000508	37.346562	-86.439542	110.297307
22163	9.767031	0.395628	0.423790	0.007634	0.011026	-0.000100	37.393364	-86.435579	110.245344
22164	9.792872	0.418309	0.421706	0.004275	0.010027	-0.000261	37.385431	-86.433530	110.255305
22165	9.787282	0.357097	0.506035	0.009150	0.011194	-0.000721	37.451447	-86.428500	110.199799
22166	9.772110	0.372972	0.496179	0.008189	0.009551	0.000296	37.444730	-86.426851	110.210782
22167	9.784688	0.431890	0.455300	0.002987	0.007723	-0.000646	37.503769	-86.427960	110.146514
22168	9.773872	0.393522	0.470154	0.003722	0.011500	-0.000660	37.490725	-86.425105	110.161272
22169	9.773828	0.393584	0.471007	0.003541	0.006249	-0.000249	37.547446	-86.423002	110.096642
22170	9.757819	0.378075	0.416380	-0.002034	0.011145	-0.002000	37.542951	-86.419833	110.099527
22171	9.739776	0.384684	0.506628	-0.001252	0.007537	-0.002607	37.610097	-86.420570	110.034581
22172	9.739725	0.385000	0.507378	0.001781	0.007875	-0.003848	37.639581	-86.418252	110.005612
22173	9.736963	0.333614	0.491371	0.004260	0.009687	-0.005486	37.695741	-86.413169	109.951132
22174	9.739596	0.386092	0.509019	0.009918	0.007247	-0.006551	37.752870	-86.410179	109.899134
22175	9.762729	0.357531	0.489765	0.008401	0.007078	-0.005931	37.840138	-86.407219	109.807208
22176	9.754579	0.371501	0.521453	0.012823	0.012513	-0.004381	37.853737	-86.402602	109.800491
22177	9.741266	0.408255	0.483734	0.015675	0.007600	-0.005210	37.933702	-86.399693	109.737009
22178	9.790286	0.402233	0.461573	0.011535	0.010209	-0.004766	37.962217	-86.395981	109.714607
22179	9.743018	0.429745	0.457454	0.012870	0.005128	-0.004974	38.031640	-86.396555	109.670055
22180	9.775864	0.450491	0.496655	0.005142	0.008871	-0.003690	38.056195	-86.393834	109.647957
22181	9.749930	0.428245	0.500464	0.003853	0.006568	-0.004073	38.148620	-86.392081	109.562562
22182	9.751755	0.449046	0.473323	-0.001577	0.006874	-0.004014	38.182982	-86.390143	109.526779
22183	9.725837	0.426642	0.476994	0.001699	0.005418	-0.001033	38.217593	-86.388088	109.504505
22184	9.733896	0.413428	0.447011	-0.002359	0.010480	-0.003409	38.226918	-86.384731	109.493360
22185	9.732742	0.424794	0.520178	-0.002540	0.005231	-0.002996	38.306532	-86.382812	109.403548
22186	9.759683	0.436596	0.445413	-0.004839	0.008669	-0.001772	38.313022	-86.380845	109.393818
22187	9.766629	0.434434	0.487953	-0.007235	0.009312	-0.002953	38.332984	-86.377704	109.382493
22188	9.750711	0.418895	0.433261	-0.001889	0.006553	-0.000192	38.341835	-86.377248	109.372092
22189	9.772012	0.369388	0.441974	0.000038	0.009837	-0.002229	38.320287	-86.372729	109.406914
22190	9.763841	0.383010	0.473618	0.000592	0.008364	-0.001830	38.331842	-86.370870	109.395231
22191	9.744895	0.358087	0.519306	0.005566	0.012326	0.000119	38.344126	-86.368292	109.389597
22192	9.772606	0.401062	0.489677	0.004374	0.012818	0.002140	38.304924	-86.365844	109.430945
22193	9.731574	0.394244	0.482798	0.004181	0.007228	-0.002670	38.369210	-86.366879	109.374122
22194	9.770598	0.380924	0.519375	0.008602	0.012663	-0.001120	38.356476	-86.363356	109.391381
22195	9.783212	0.439833	0.478808	0.009480	0.011851	0.000681	38.345162	-86.359793	109.415868
22196	9.768048	0.455702	0.469101	0.004689	0.013136	-0.001684	38.331599	-86.355852	109.431712
22197	9.778759	0.494262	0.456412	0.001655	0.012798	-0.000446	38.311277	-86.351990	109.452523
22198	9.752815	0.471628	0.460830	-0.002486	0.015405	-0.000008	38.269196	-86.347621	109.492825
22199	9.752759	0.471495	0.462157	-0.000502	0.011648	0.002592	38.252272	-86.343465	109.516112
22200	9.776660	0.473618	0.488204	-0.005845	0.014406	-0.000173	38.215213	-86.339475	109.549452
22201	9.748794	0.430164	0.520533	-0.005187	0.016068	0.007854	38.126006	-86.339670	109.643077
22202	9.758837	0.436630	0.463540	-0.007037	0.014897	0.001846	38.071509	-86.336177	109.693212
22203	9.741758	0.431634	0.481860	-0.001923	0.014272	0.005614	37.965177	-86.331655	109.821972
22204	9.771894	0.399408	0.504998	-0.004405	0.012461	0.007250	37.887592	-86.331146	109.896757
22205	9.774477	0.450565	0.523169	-0.001597	0.014931	0.007016	37.820273	-86.326749	109.962764
22206	9.780659	0.416056	0.521672	-0.008869	0.014407	0.006283	37.736503	-86.324996	110.041182
22207	9.718344	0.458106	0.507130	-0.005922	0.012291	0.007867	37.624271	-86.325470	110.159011
22208	9.750432	0.445989	0.502566	-0.011255	0.015389	0.010321	37.505158	-86.324667	110.271479
22209	9.750408	0.445109	0.503808	-0.009053	0.009159	0.006696	37.457940	-86.325283	110.319827
22210	9.773655	0.414972	0.485138	-0.019491	0.013223	0.010603	37.343883	-86.325543	110.422503
22211	9.773632	0.413992	0.486422	-0.014709	0.011596	0.007748	37.274702	-86.324495	110.485622
22212	9.747712	0.390374	0.490571	-0.013508	0.011443	0.010951	37.171216	-86.325665	110.581141
22213	9.747698	0.389173	0.491813	-0.009823	0.013099	0.012521	37.108324	-86.325972	110.639305
22214	9.797495	0.412752	0.515099	-0.007014	0.015568	0.012290	36.977004	-86.325696	110.766444
22215	9.782418	0.427430	0.505527	-0.006559	0.011303	0.010284	36.942212	-86.325912	110.795250
22216	9.756487	0.403650	0.509741	-0.006461	0.014094	0.012689	36.816483	-86.326424	110.917104
22217	9.773544	0.406884	0.494145	-0.008395	0.010811	0.014720	36.708215	-86.327182	111.020191
22218	9.758500	0.421450	0.484239	-0.000577	0.009522	0.010635	36.624872	-86.329056	111.102949
22219	9.739408	0.395166	0.529816	-0.002965	0.010502	0.014672	36.446854	-86.332921	111.312240
22220	9.738768	0.362414	0.486135	-0.005130	0.009015	0.012483	36.349740	-86.335637	111.406191
22221	9.747629	0.379261	0.500841	-0.003386	0.007052	0.010864	36.255946	-86.340054	111.523371
22222	9.762669	0.362282	0.512494	-0.003061	0.007710	0.012266	36.168061	-86.343288	111.609268
22223	9.762674	0.361069	0.513258	-0.003061	0.007710	0.012266	36.144181	-86.345070	111.621854
22224	9.779744	0.364509	0.497412	-0.004710	0.012127	0.011067	36.040740	-86.345837	111.722391
22225	9.773563	0.397342	0.501479	0.002463	0.009854	0.009403	36.012656	-86.344835	111.743068
22226	9.740800	0.376386	0.463709	-0.005682	0.010152	0.006859	35.949763	-86.345081	111.802413
22227	9.773522	0.395773	0.503509	-0.005357	0.010810	0.008261	35.877716	-86.345706	111.876254
22228	9.767357	0.428759	0.507322	-0.005551	0.005565	0.008673	35.825742	-86.348684	111.924736
22229	9.743474	0.425594	0.483455	-0.012203	0.013740	0.011324	35.685195	-86.346379	112.054936
22230	9.754401	0.462986	0.470850	-0.015662	0.009956	0.008747	35.603613	-86.347316	112.127280
22231	9.774920	0.380888	0.435273	-0.022831	0.012228	0.010407	35.543169	-86.348644	112.173778
22232	9.717481	0.399761	0.489862	-0.014463	0.009797	0.011950	35.439746	-86.350714	112.268698
22233	9.760544	0.425624	0.471207	-0.022925	0.009770	0.013221	35.392711	-86.351320	112.293729
22234	9.758448	0.403960	0.499931	-0.020536	0.008791	0.009186	35.311421	-86.352923	112.362983
22235	9.771334	0.366465	0.539642	-0.021952	0.011408	0.012205	35.276064	-86.353236	112.374479
22236	9.764558	0.367783	0.499161	-0.011971	0.011601	0.010321	35.176994	-86.353885	112.466465
22237	9.796634	0.355358	0.494599	-0.010352	0.014556	0.012112	35.072527	-86.354489	112.571436
22238	9.753512	0.326867	0.515835	-0.008733	0.017509	0.013903	34.918457	-86.353523	112.720397
22239	9.766600	0.384429	0.475974	-0.004600	0.014899	0.013473	34.796555	-86.354600	112.853493
22240	9.734484	0.394479	0.483205	-0.010125	0.012424	0.011106	34.688489	-86.355077	112.955560
22241	9.734467	0.393333	0.484480	-0.015550	0.012736	0.011144	34.617032	-86.355653	113.017840
22242	9.775427	0.398830	0.493605	-0.010324	0.007179	0.011513	34.532667	-86.358719	113.096047
22243	9.805985	0.397301	0.560946	-0.016944	0.007652	0.008346	34.512608	-86.361472	113.101419
22244	9.808130	0.416974	0.534026	-0.024535	0.006483	0.006191	34.463146	-86.363137	113.136496
22245	9.802025	0.450029	0.537793	-0.022144	0.005833	0.007379	34.438137	-86.364797	113.149304
22246	9.768703	0.397967	0.455052	-0.025301	0.010083	0.006794	34.365418	-86.364951	113.207245
22247	9.766525	0.376526	0.483783	-0.018681	0.009607	0.009962	34.292827	-86.365096	113.269352
22248	9.717287	0.382317	0.507324	-0.021170	0.007472	0.006364	34.238962	-86.366334	113.310774
22249	9.748235	0.476291	0.494792	-0.032663	0.007108	0.008849	34.216626	-86.368750	113.307780
22250	9.763790	0.490856	0.551288	-0.047191	0.005761	0.002116	34.188376	-86.369430	113.308598
22251	9.776532	0.454088	0.590722	-0.068877	0.006681	-0.002968	34.189261	-86.368838	113.280933
22252	9.814070	0.377614	0.537887	-0.081227	0.007124	-0.002295	34.167537	-86.367456	113.255676
22253	9.779146	0.336959	0.527675	-0.071141	0.010093	-0.001761	34.123624	-86.363979	113.259419
22254	9.753085	0.314015	0.531657	-0.064740	0.011734	0.002412	34.052833	-86.361921	113.292794
22255	9.755201	0.334230	0.505648	-0.061819	0.016659	-0.000616	34.022947	-86.351797	113.275987
22256	9.742368	0.370407	0.468985	-0.052814	0.015525	0.003743	33.930366	-86.348342	113.338041
22257	9.740657	0.380618	0.543202	-0.063641	0.015513	-0.006643	33.921380	-86.341522	113.314314
22258	9.757702	0.385344	0.528381	-0.067758	0.018417	-0.000997	33.841336	-86.335171	113.355229
22259	9.755368	0.364532	0.558324	-0.083468	0.024913	-0.005123	33.753518	-86.322421	113.392571
22260	9.728659	0.311056	0.518860	-0.093535	0.029279	-0.005071	33.635788	-86.309584	113.456450
22261	9.726271	0.290405	0.549428	-0.095677	0.027788	-0.007288	33.541174	-86.293548	113.500254
22262	9.684657	0.253164	0.498929	-0.094568	0.024824	-0.006515	33.456335	-86.282357	113.530582
22263	9.753702	0.303434	0.479642	-0.085116	0.019137	-0.009402	33.443394	-86.270887	113.486235
22264	9.777356	0.305771	0.506556	-0.077407	0.015403	-0.010665	33.444755	-86.262881	113.440034
22265	9.809362	0.295086	0.502428	-0.071341	0.016388	-0.007880	33.472401	-86.252019	113.350233
22266	9.762214	0.322691	0.499182	-0.057042	0.012184	-0.005953	33.466469	-86.247027	113.323030
22267	9.786333	0.355490	0.570838	-0.056929	0.014655	-0.008755	33.511376	-86.240125	113.240393
22268	9.809539	0.326993	0.552111	-0.053455	0.011051	-0.006785	33.518980	-86.235411	113.201685
22269	9.754009	0.367453	0.579745	-0.047516	0.016639	-0.005769	33.463980	-86.225882	113.232861
22270	9.712097	0.300110	0.482812	-0.039617	0.018167	-0.007394	33.449640	-86.217569	113.224088
22271	9.731239	0.260452	0.564158	-0.032895	0.012802	-0.007652	33.470088	-86.206792	113.180484
22272	9.739123	0.217384	0.489479	-0.021340	0.016265	-0.002442	33.439554	-86.200934	113.198433
22273	9.747839	0.235473	0.505234	-0.014834	0.012738	-0.006902	33.479839	-86.193352	113.140518
22274	9.791335	0.294105	0.532818	-0.007591	0.013266	-0.006115	33.497834	-86.187759	113.117724
22275	9.776699	0.341360	0.568608	-0.002503	0.012326	-0.007541	33.534747	-86.178509	113.077720
22276	9.787643	0.380680	0.557025	-0.006843	0.017035	-0.006092	33.534995	-86.171110	113.073140
22277	9.774858	0.418228	0.520690	-0.005008	0.017857	-0.005288	33.528455	-86.160042	113.077657
22278	9.753673	0.468431	0.515160	-0.008464	0.014376	-0.002694	33.516129	-86.154975	113.084745
22279	9.770791	0.473668	0.499895	-0.005210	0.012614	-0.004923	33.550698	-86.148103	113.037623
22280	9.761930	0.456135	0.487055	-0.009882	0.016959	0.000339	33.503996	-86.142756	113.078351
22281	9.776794	0.439834	0.499288	-0.009447	0.013005	0.003524	33.416325	-86.138174	113.177022
22282	9.776735	0.439463	0.500774	-0.015940	0.016244	0.002755	33.352516	-86.133915	113.231418
22283	9.780541	0.384282	0.525948	-0.007069	0.012354	0.004719	33.272794	-86.127100	113.324117
22284	9.772054	0.396518	0.558048	-0.000800	0.011232	0.006507	33.214551	-86.126395	113.381626
22285	9.733409	0.410394	0.523258	0.000939	0.009293	0.004883	33.188734	-86.122567	113.407368
22286	9.774295	0.416566	0.532462	0.004735	0.006059	0.003047	33.182180	-86.123240	113.416247
22287	9.786881	0.379010	0.571366	0.004926	0.011583	0.007905	33.119560	-86.120479	113.479535
22288	9.771942	0.394353	0.561537	0.009585	0.007520	0.007869	33.074887	-86.121951	113.529403
22289	9.782722	0.401597	0.503722	0.017801	0.002622	0.012239	33.040068	-86.125983	113.568057
22290	9.789207	0.397194	0.545731	0.008279	0.005506	0.012676	32.969706	-86.129914	113.642922
22291	9.771994	0.391247	0.562811	0.010991	0.005216	0.010058	32.958754	-86.131302	113.649789
22292	9.739880	0.401481	0.568936	0.008726	0.001270	0.010638	32.922611	-86.136623	113.690613
22293	9.752490	0.363549	0.607113	0.004516	0.001098	0.008635	32.920284	-86.140622	113.696370
22294	9.767094	0.316090	0.572682	0.008408	0.000625	0.009228	32.896912	-86.145810	113.724212
22295	9.749564	0.279857	0.543968	0.008631	-0.001493	0.008209	32.878206	-86.151724	113.752748
22296	9.743463	0.313099	0.547500	0.011773	0.001340	0.004206	32.889205	-86.155004	113.748075
22297	9.758371	0.296763	0.558251	0.013511	-0.000601	0.002584	32.961937	-86.156631	113.670467
22298	9.757267	0.402900	0.552107	0.019142	-0.003016	0.001555	33.016596	-86.161171	113.626265
22299	9.766081	0.420475	0.565989	0.011246	-0.004546	0.003165	33.041063	-86.166813	113.621230
22300	9.762338	0.474959	0.541650	0.007896	-0.005545	0.002964	33.091108	-86.173003	113.575196
22301	9.771169	0.492387	0.555402	0.000973	-0.005425	0.003579	33.196842	-86.177556	113.456387
22302	9.779656	0.479011	0.524156	-0.002502	-0.001542	0.006822	33.194962	-86.183024	113.456425
22303	9.768576	0.439798	0.536990	-0.011900	-0.003533	0.003815	33.224791	-86.186248	113.425820
22304	9.736144	0.419998	0.497138	-0.012651	-0.007302	0.003792	33.266142	-86.193516	113.376704
22305	9.751091	0.403321	0.507427	-0.016125	-0.003420	0.007036	33.287426	-86.199328	113.341958
22306	9.763710	0.365475	0.545176	-0.017097	-0.005071	0.008030	33.285381	-86.206857	113.333781
22307	9.772543	0.382499	0.559275	-0.028661	-0.001167	0.003458	33.312769	-86.209236	113.296916
22308	9.761077	0.312813	0.526924	-0.029953	-0.003464	0.003042	33.331945	-86.214418	113.260092
22309	9.752302	0.294606	0.512497	-0.026823	-0.000349	0.004261	33.326297	-86.217109	113.253890
22310	9.741190	0.255378	0.525484	-0.017524	-0.001122	0.004842	33.328452	-86.221732	113.241261
22311	9.769930	0.329059	0.541113	-0.004544	-0.000533	0.001811	33.397964	-86.221163	113.154576
22312	9.731726	0.373683	0.550593	-0.014174	-0.000124	0.005043	33.396035	-86.225358	113.147961
22313	9.772669	0.379892	0.558844	-0.011341	-0.005291	-0.001023	33.462044	-86.224837	113.086430
22314	9.763893	0.362207	0.544078	-0.022152	-0.004697	-0.001000	33.521362	-86.229288	113.013849
22315	9.772340	0.349422	0.512721	-0.023986	-0.005519	-0.001807	33.574903	-86.230112	112.945441
22316	9.776118	0.294877	0.536048	-0.029599	-0.003385	-0.005999	33.660004	-86.232328	112.842741
22317	9.700754	0.279115	0.560432	-0.027861	-0.005325	-0.007625	33.770223	-86.234747	112.722151
22318	9.784930	0.313662	0.549583	-0.031207	-0.006326	-0.007829	33.882153	-86.237755	112.591643
22319	9.752420	0.295196	0.509907	-0.032179	-0.000897	-0.011400	33.997868	-86.237849	112.459969
22320	9.763506	0.334760	0.497004	-0.027967	-0.000730	-0.009399	34.095910	-86.237665	112.345242
22321	9.733302	0.337490	0.430064	-0.016714	-0.005552	-0.011465	34.257838	-86.238186	112.170448
22322	9.765790	0.357479	0.469093	-0.018781	-0.003984	-0.006028	34.352940	-86.240595	112.063942
22323	9.756984	0.340605	0.454385	-0.017254	-0.004079	-0.011855	34.481664	-86.238450	111.930922
22324	9.754651	0.320595	0.481488	-0.018018	-0.000490	-0.011221	34.597287	-86.237485	111.804286
22325	9.735110	0.295610	0.525190	-0.010016	-0.003551	-0.011060	34.735761	-86.232593	111.643605
22326	9.737751	0.348222	0.542986	-0.011197	-0.003362	-0.014270	34.891072	-86.231924	111.481102
22327	9.810774	0.344904	0.545128	-0.012487	-0.005659	-0.014690	35.057114	-86.231478	111.324489
22328	9.806540	0.370650	0.475912	-0.000294	-0.001187	-0.011859	35.190511	-86.230523	111.190210
22329	9.800357	0.405592	0.479578	0.011802	0.000527	-0.011462	35.319139	-86.227553	111.068985
22330	9.824390	0.474637	0.381087	0.021625	-0.001436	-0.005269	35.419464	-86.228858	110.980434
22331	9.807155	0.470299	0.397552	0.024430	0.001040	-0.005454	35.473501	-86.226200	110.954502
22332	9.792552	0.517194	0.432397	0.017929	0.004551	-0.000996	35.511157	-86.226112	110.926629
22333	9.789893	0.465859	0.414814	0.012302	0.006958	0.000038	35.512707	-86.225981	110.943246
22334	9.750529	0.383423	0.457822	0.007761	0.006418	0.001848	35.514945	-86.225970	110.945032
22335	9.771557	0.333692	0.465635	0.013383	0.011094	-0.003746	35.558533	-86.219444	110.898804
22336	9.754298	0.329034	0.482953	0.025169	0.005081	-0.000200	35.591992	-86.219366	110.879292
22337	9.786758	0.348226	0.522671	0.029270	0.002768	0.004594	35.612234	-86.221609	110.872601
22338	9.780593	0.381963	0.526668	0.030034	0.006259	-0.000602	35.645373	-86.220845	110.856205
22339	9.791630	0.420900	0.514153	0.032093	0.004963	-0.000818	35.697050	-86.218271	110.820207
22340	9.800042	0.408270	0.483726	0.028299	0.008193	0.001019	35.707988	-86.217140	110.825060
22341	9.776637	0.437191	0.504666	0.024410	0.008663	0.000425	35.739623	-86.217573	110.806725
22342	9.782420	0.372898	0.456673	0.020615	0.011895	0.002262	35.718724	-86.215141	110.839078
22343	9.750240	0.384004	0.463453	0.022898	0.008482	0.001028	35.736168	-86.213653	110.830012
22344	9.756355	0.350138	0.460590	0.027109	0.008654	0.003030	35.730017	-86.212984	110.851313
22345	9.771238	0.333757	0.472226	0.034447	0.011943	0.006253	35.652568	-86.213781	110.970870
22346	9.745196	0.310903	0.475633	0.034242	0.013775	0.002046	35.631478	-86.210402	111.011244
22347	9.751584	0.307650	0.518462	0.048952	0.012710	0.002616	35.618234	-86.207045	111.054824
22348	9.777521	0.330289	0.517279	0.050473	0.012883	0.002009	35.611262	-86.204065	111.090368
22349	9.762554	0.346374	0.507632	0.052313	0.013701	0.002810	35.589887	-86.201203	111.149008
22350	9.758677	0.401219	0.484932	0.051139	0.013877	-0.000404	35.595268	-86.196954	111.172554
22351	9.741654	0.427263	0.547682	0.043468	0.010225	0.000187	35.654171	-86.194799	111.133375
22352	9.782201	0.403555	0.512208	0.023892	0.017183	-0.004567	35.656570	-86.187623	111.144268
22353	9.756109	0.381653	0.515758	0.028459	0.010352	-0.007020	35.695732	-86.182027	111.137205
22354	9.762420	0.379354	0.558629	0.009085	0.015483	-0.007569	35.718943	-86.174636	111.118738
22355	9.794206	0.338360	0.509211	0.013635	0.016011	-0.009381	35.761407	-86.167111	111.095846
22356	9.770682	0.368271	0.530809	0.015471	0.016833	-0.008577	35.788327	-86.158754	111.077331
22357	9.744345	0.315838	0.489605	0.017308	0.017655	-0.007773	35.804311	-86.149893	111.073070
22358	9.740865	0.432764	0.557317	0.025864	0.013117	-0.007203	35.846002	-86.143721	111.045718
22359	9.760355	0.459554	0.514626	0.010627	0.015360	-0.013402	35.923433	-86.134281	110.974518
22360	9.777491	0.465575	0.499315	0.018303	0.011942	-0.009409	35.981478	-86.127906	110.926433
22361	9.775017	0.445819	0.527949	0.002726	0.013830	-0.011795	35.999932	-86.119408	110.928155
22362	9.766192	0.428854	0.514933	0.012870	0.012532	-0.004179	36.015824	-86.114517	110.919197
22363	9.751388	0.476198	0.550121	0.018733	0.007997	-0.006213	36.026983	-86.109562	110.924311
22364	9.783641	0.496492	0.590260	0.009427	0.008765	-0.006803	36.077210	-86.105525	110.878954
22365	9.763617	0.410046	0.544665	0.014090	0.004701	-0.006824	36.110308	-86.104203	110.874629
22366	9.789538	0.433233	0.542939	0.001840	0.007885	-0.003788	36.139791	-86.101590	110.845707
22367	9.746080	0.375643	0.517370	0.007819	0.005820	-0.008622	36.263627	-86.097946	110.714645
22368	9.778189	0.365256	0.512231	0.006618	0.006292	-0.006610	36.322837	-86.095104	110.658675
22369	9.745815	0.346448	0.473477	0.007277	0.007291	-0.009018	36.375366	-86.090724	110.618249
22370	9.795336	0.371647	0.496880	0.014409	0.005349	-0.005416	36.435422	-86.088714	110.565902
22371	9.739654	0.412494	0.522719	0.016921	-0.000186	-0.007648	36.535720	-86.088926	110.489390
22372	9.774165	0.423031	0.489389	0.017148	-0.002306	-0.008661	36.657298	-86.089318	110.376954
22373	9.780476	0.420965	0.530792	0.017149	-0.002307	-0.008661	36.757603	-86.089475	110.292782
22374	9.763187	0.416807	0.547232	0.021769	0.001288	-0.002829	36.824596	-86.090192	110.237709
22375	9.776583	0.476699	0.506535	0.026867	0.000342	-0.004244	36.905611	-86.090166	110.170044
22376	9.791482	0.461055	0.517310	0.025009	-0.000183	0.000175	36.961759	-86.092579	110.127701
22377	9.726995	0.452816	0.483577	0.023290	0.001460	-0.003435	37.016765	-86.092931	110.091402
22378	9.770329	0.511532	0.509685	0.018420	0.000284	-0.003032	37.088282	-86.094017	110.029869
22379	9.723108	0.508005	0.459486	0.015474	0.002703	0.000593	37.142615	-86.096315	109.992164
22380	9.772667	0.532530	0.482369	0.008768	0.000703	0.000193	37.185021	-86.098320	109.954272
22381	9.750565	0.455063	0.509014	0.001267	0.002599	0.005630	37.189007	-86.101308	109.953114
22382	9.744343	0.488598	0.512741	-0.005209	0.005534	-0.000381	37.202774	-86.100908	109.935903
22383	9.771665	0.404867	0.517341	-0.000885	0.001124	0.003419	37.241626	-86.103618	109.893576
22384	9.760607	0.365860	0.530878	-0.003172	0.004541	0.004636	37.228076	-86.105408	109.904918
22385	9.784085	0.336354	0.511376	0.004620	0.003598	0.005830	37.194343	-86.109345	109.960447
22386	9.763078	0.416647	0.549285	0.007773	0.006414	0.001817	37.196322	-86.109306	109.962513
22387	9.795247	0.405204	0.543954	0.010261	0.001180	0.004814	37.231630	-86.112712	109.933352
22388	9.780341	0.420657	0.533508	0.010559	0.009187	0.006842	37.187372	-86.113149	109.983365
22389	9.735630	0.467961	0.501509	0.009267	0.006891	0.006436	37.195504	-86.113703	109.968078
22390	9.724546	0.428888	0.515377	0.010469	0.006416	0.004425	37.181647	-86.114564	109.987571
22391	9.715726	0.379717	0.456754	0.010786	0.007065	0.005832	37.159020	-86.115790	110.022092
22392	9.722012	0.376560	0.499169	0.010270	0.008232	0.000211	37.164113	-86.114363	110.022478
22393	9.745580	0.378329	0.524773	0.009403	0.002000	0.003009	37.201981	-86.116060	109.984467
22394	9.762859	0.382919	0.508399	0.007025	0.002646	0.001807	37.223019	-86.117732	109.967010
22395	9.754168	0.364845	0.494275	0.013843	0.000056	0.004005	37.239041	-86.122136	109.973403
22396	9.777864	0.397372	0.564588	0.012216	0.004468	0.002810	37.246986	-86.123327	109.972053
22397	9.776442	0.472542	0.513122	0.019377	0.002222	0.001192	37.312924	-86.124473	109.908312
22398	9.759157	0.467757	0.529736	0.012668	0.000226	0.000792	37.356573	-86.126893	109.871437
22399	9.776452	0.472259	0.513184	0.015997	0.001529	0.006214	37.383304	-86.131031	109.856864
22400	9.770276	0.505547	0.516620	0.010039	0.003299	0.005821	37.375911	-86.133800	109.869643
22401	9.729318	0.467450	0.463153	0.002035	-0.000990	0.005018	37.437170	-86.138344	109.807318
22402	9.776406	0.439677	0.468465	0.006024	0.001307	0.008031	37.422983	-86.142789	109.824609
22403	9.756744	0.413428	0.512763	0.007318	0.003602	0.008435	37.429243	-86.147260	109.828031
22404	9.761570	0.454158	0.457909	0.005707	0.000657	0.006624	37.427792	-86.151514	109.832383
22405	9.727025	0.444031	0.491049	0.002352	-0.000340	0.006424	37.500079	-86.157790	109.764573
22406	9.724645	0.422723	0.518597	0.001810	0.001131	0.006025	37.498228	-86.161624	109.767102
22407	9.780304	0.381603	0.493336	-0.000277	0.002735	0.011452	37.461071	-86.167848	109.816999
22408	9.777800	0.328987	0.476055	-0.002747	0.000611	0.007836	37.446972	-86.172552	109.829192
22409	9.719776	0.347977	0.529122	0.006368	0.001649	0.004214	37.434732	-86.175168	109.848296
22410	9.730765	0.355342	0.471134	0.009842	0.005109	0.001606	37.446694	-86.175654	109.841596
22411	9.728339	0.334420	0.499047	0.014599	0.003814	0.004009	37.452583	-86.179126	109.861748
22412	9.750582	0.411300	0.472607	0.016343	0.001865	0.002398	37.479812	-86.181367	109.843486
22413	9.782876	0.430845	0.511983	0.015366	0.000221	0.003400	37.499812	-86.185320	109.841929
22414	9.776716	0.464432	0.515298	0.005510	0.002469	0.002408	37.517614	-86.187291	109.826896
22415	9.774297	0.443601	0.542933	-0.001519	-0.000172	0.000604	37.571367	-86.190210	109.777270
22416	9.733427	0.436798	0.534453	0.003990	0.002297	0.003012	37.585166	-86.192470	109.765380
22417	9.733303	0.405609	0.489723	0.007029	0.002642	0.001804	37.623748	-86.193849	109.729488
22418	9.748178	0.389370	0.500837	0.010267	0.001173	0.004812	37.634846	-86.197247	109.723913
22419	9.739482	0.371057	0.486764	0.012104	0.001996	0.005614	37.637279	-86.201460	109.740583
22420	9.748198	0.388600	0.501039	0.012989	0.000866	0.002198	37.669438	-86.204083	109.715467
22421	9.756905	0.406352	0.515357	0.008550	0.002813	0.001200	37.704779	-86.207087	109.703556
22422	9.771640	0.359267	0.481700	0.004969	0.003940	0.002007	37.717479	-86.208253	109.693344
22423	9.750592	0.409011	0.474378	0.001732	0.005407	-0.001001	37.749975	-86.207542	109.661027
22424	9.776578	0.431797	0.472200	0.008140	-0.000611	-0.002619	37.820237	-86.209144	109.594948
22425	9.791557	0.446987	0.528122	-0.002061	0.001299	0.000204	37.851733	-86.211536	109.571863
22426	9.785272	0.449648	0.486671	-0.001969	0.004071	0.002616	37.855638	-86.212856	109.566485
22427	9.744386	0.442839	0.478535	-0.002827	0.004891	0.000810	37.861032	-86.212788	109.557179
22428	9.776535	0.431458	0.473394	-0.000449	0.004243	0.002012	37.868995	-86.213816	109.548606
22429	9.744360	0.442393	0.479470	0.001705	0.005717	0.004221	37.846717	-86.215409	109.579855
22430	9.759107	0.394956	0.446057	-0.001334	0.005373	0.005428	37.824760	-86.217128	109.600759
22431	9.733073	0.372043	0.449283	0.002579	0.011944	0.001414	37.801890	-86.215208	109.635394
22432	9.733150	0.402824	0.495026	-0.000131	0.004894	0.003418	37.796905	-86.216439	109.639985
22433	9.747996	0.386598	0.506494	0.002908	0.005238	0.002211	37.825682	-86.217363	109.615697
22434	9.756577	0.373350	0.476223	0.004111	0.004759	0.000202	37.845924	-86.217526	109.597446
22435	9.747957	0.386434	0.507363	-0.002285	0.003420	0.001209	37.857766	-86.217819	109.575562
22436	9.788812	0.392960	0.516316	-0.000765	0.003592	0.000606	37.878633	-86.218648	109.553881
22437	9.759078	0.424834	0.494735	-0.004663	0.004069	0.000006	37.975542	-86.220094	109.461703
22438	9.791209	0.413691	0.489764	-0.006604	0.007830	-0.002600	37.992582	-86.217878	109.440521
22439	9.750300	0.407193	0.481887	-0.014520	0.006319	-0.000991	38.006294	-86.217716	109.429213
22440	9.724345	0.415684	0.529802	-0.010939	0.005192	-0.001797	38.029414	-86.216975	109.399453
22441	9.762623	0.370695	0.521810	-0.013765	0.010082	-0.000988	38.053671	-86.214431	109.368390
22442	9.739098	0.399965	0.542442	-0.015693	0.006488	-0.004205	38.083595	-86.212254	109.329088
22443	9.735271	0.423872	0.473819	-0.012112	0.005361	-0.005011	38.121226	-86.211186	109.296085
22444	9.767406	0.412968	0.468665	-0.014069	0.002075	-0.003006	38.167413	-86.211420	109.241419
22445	9.761215	0.447100	0.472198	-0.014926	0.002895	-0.004812	38.237667	-86.210381	109.158571
22446	9.778507	0.452089	0.455908	-0.020463	0.000734	-0.002003	38.280594	-86.211566	109.103502
22447	9.787167	0.470263	0.470448	-0.021199	0.004017	-0.006618	38.322948	-86.209048	109.043252
22448	9.766030	0.489621	0.418284	-0.019362	0.004839	-0.005814	38.370261	-86.207026	108.984416
22449	9.787069	0.471092	0.471658	-0.029560	0.006741	-0.002999	38.382173	-86.204283	108.946411
22450	9.752328	0.431026	0.460463	-0.021736	0.005486	-0.007019	38.432686	-86.201536	108.883001
22451	9.760963	0.449244	0.475374	-0.024142	0.006437	-0.003002	38.460999	-86.199906	108.843468
22452	9.764621	0.394969	0.500433	-0.025538	0.008728	-0.005208	38.479606	-86.196346	108.809855
22453	9.738559	0.372749	0.503633	-0.028891	0.007730	-0.005412	38.491979	-86.193104	108.783043
22454	9.695183	0.345728	0.523273	-0.024994	0.007254	-0.004811	38.515990	-86.190344	108.744324
22455	9.744622	0.339846	0.501948	-0.019232	0.007301	-0.008626	38.587808	-86.185523	108.652615
22456	9.808895	0.287181	0.446606	-0.011350	0.009121	-0.005004	38.610813	-86.181853	108.622739
22457	9.781592	0.340597	0.397995	-0.004823	0.005580	-0.009428	38.711677	-86.178196	108.518630
22458	9.807531	0.364027	0.396357	0.011510	0.007451	-0.007006	38.769988	-86.174549	108.466500
22459	9.809959	0.416285	0.414493	0.012908	0.005159	-0.004802	38.845272	-86.173341	108.405228
22460	9.818578	0.465386	0.474506	0.010397	0.010693	-0.002581	38.855897	-86.169832	108.400258
22461	9.788801	0.497680	0.453561	0.008563	0.009869	-0.003388	38.899037	-86.166408	108.361628
22462	9.771410	0.493030	0.471232	0.005388	0.014408	0.001239	38.861455	-86.162616	108.402101
22463	9.754033	0.457325	0.444002	0.005614	0.012288	0.000230	38.849175	-86.159297	108.417072
22464	9.786138	0.477014	0.484828	0.006368	0.016052	0.000238	38.810152	-86.154409	108.459553
22465	9.751426	0.436334	0.474359	0.011750	0.016055	0.005464	38.760930	-86.151034	108.511473
22466	9.727861	0.434138	0.450728	0.008520	0.017522	0.002451	38.700874	-86.146276	108.576273
22467	9.766141	0.419654	0.488656	0.007631	0.018646	0.005866	38.603548	-86.142283	108.681877
22468	9.740071	0.396525	0.492809	0.010446	0.021112	0.005672	38.504548	-86.137053	108.786816
22469	9.787031	0.368793	0.500118	0.015423	0.017697	0.007077	38.404314	-86.134658	108.908666
22470	9.763464	0.366417	0.476890	0.018139	0.024746	0.005082	38.295004	-86.127562	109.028359
22471	9.769564	0.332037	0.475880	0.025266	0.022803	0.008701	38.203474	-86.122048	109.127200
22472	9.739831	0.363459	0.455757	0.032340	0.017785	0.004685	38.141999	-86.117921	109.207107
22473	9.789230	0.387585	0.480623	0.029518	0.022668	0.005489	38.049865	-86.111964	109.318883
22474	9.782791	0.482949	0.575517	0.029529	0.015315	0.004877	37.998672	-86.109004	109.386871
22475	9.793997	0.490304	0.518849	0.020661	0.019202	0.002858	37.939648	-86.104536	109.469814
22476	9.787731	0.523917	0.523785	0.015785	0.018033	0.003250	37.877565	-86.099768	109.540831
22477	9.746826	0.517034	0.516706	0.010369	0.018335	0.003241	37.827650	-86.094839	109.597021
22478	9.750483	0.431173	0.497891	0.012520	0.019806	0.005453	37.740335	-86.090031	109.691457
22479	9.726837	0.459847	0.519465	0.010146	0.020453	0.004244	37.665670	-86.084125	109.767558
22480	9.726778	0.459343	0.521008	0.015216	0.012458	0.007463	37.604541	-86.083336	109.837297
22481	9.770009	0.517101	0.548473	0.005051	0.014055	0.005034	37.543313	-86.080876	109.902122
22482	9.750117	0.460334	0.548777	-0.000455	0.011588	0.002612	37.509872	-86.078780	109.935109
22483	9.788438	0.415054	0.541291	-0.002290	0.010766	0.001805	37.512835	-86.078110	109.944178
22484	9.773588	0.430721	0.531361	-0.000141	0.012238	0.004018	37.467047	-86.076211	109.989731
22485	9.749967	0.459462	0.552158	-0.001976	0.011416	0.003211	37.455728	-86.075117	110.007018
22486	9.764863	0.412329	0.519461	0.000216	0.012578	0.000203	37.433818	-86.071732	110.028849
22487	9.767263	0.463688	0.537995	-0.004167	0.010252	0.006217	37.399122	-86.072741	110.075678
22488	9.758768	0.414460	0.479923	-0.010080	0.011717	0.000581	37.373272	-86.069881	110.095553
22489	9.773515	0.398150	0.492164	-0.004705	0.011721	0.005815	37.320419	-86.069269	110.152718
22490	9.715241	0.386365	0.501095	-0.013885	0.014960	0.002378	37.264177	-86.065553	110.200875
22491	9.741213	0.408633	0.500206	-0.001974	0.011414	0.003211	37.266421	-86.063682	110.195555
22492	9.755947	0.392382	0.512498	-0.006407	0.013358	0.002195	37.223938	-86.060631	110.234222
22493	9.726134	0.455000	0.536599	-0.004033	0.012710	0.003406	37.178332	-86.057163	110.264996
22494	9.752317	0.446242	0.490536	-0.004793	0.008950	0.003403	37.151013	-86.056536	110.289386
22495	9.773040	0.426924	0.544355	-0.009582	0.010553	0.006201	37.131819	-86.056743	110.308230
22496	9.752070	0.476042	0.537472	-0.009044	0.009084	0.006603	37.080268	-86.057160	110.354475
22497	9.728461	0.504580	0.557964	-0.009670	0.007785	0.003789	37.026158	-86.056598	110.400135
22498	9.760833	0.461913	0.508624	-0.010432	0.011372	0.004391	36.976977	-86.055198	110.443202
22499	9.751985	0.474414	0.540460	-0.016518	0.010683	0.006781	36.934026	-86.055518	110.483437
22500	9.758120	0.439774	0.538409	-0.016204	0.011332	0.008187	36.856594	-86.055439	110.551514
22501	9.758315	0.407928	0.494497	-0.019023	0.008869	0.008377	36.767951	-86.056328	110.630295
22502	9.723430	0.397635	0.528369	-0.016516	0.010681	0.006779	36.702882	-86.056051	110.685798
22503	9.764427	0.372503	0.493410	-0.018036	0.010508	0.007376	36.662603	-86.055427	110.707164
22504	9.732202	0.382764	0.500064	-0.014276	0.014914	0.011407	36.547058	-86.054774	110.814551
22505	9.723568	0.364074	0.486914	-0.012709	0.007437	0.004981	36.524809	-86.055797	110.834510
22506	9.772956	0.387846	0.511132	-0.011634	0.011844	0.006394	36.459475	-86.054837	110.893088
22507	9.784224	0.425771	0.499054	-0.011410	0.009726	0.005388	36.418411	-86.054538	110.929417
22508	9.783965	0.456036	0.545122	-0.014989	0.010850	0.006179	36.357536	-86.053955	110.981601
22509	9.755409	0.381210	0.530846	-0.017359	0.011499	0.004965	36.337408	-86.052965	110.993339
22510	9.758075	0.401216	0.504629	-0.018254	0.012620	0.008376	36.251371	-86.052304	111.068877
22511	9.746952	0.331191	0.474194	-0.017756	0.015430	0.001754	36.208056	-86.047858	111.099967
22512	9.741714	0.258353	0.485571	-0.008810	0.014300	0.006206	36.133882	-86.045675	111.169040
22513	9.732550	0.302035	0.562539	-0.010685	0.010417	-0.002240	36.116915	-86.043243	111.192537
22514	9.749936	0.306822	0.547416	-0.003883	0.015164	0.000605	36.078904	-86.038764	111.228191
22515	9.740986	0.319936	0.579607	-0.013812	0.014651	-0.002852	36.096975	-86.034451	111.211364
22516	9.732295	0.302515	0.566673	-0.007501	0.013225	-0.006240	36.112157	-86.028561	111.191630
22517	9.769588	0.364273	0.552686	-0.001865	0.010805	-0.007222	36.159501	-86.022712	111.136813
22518	9.823775	0.492553	0.612221	0.007440	0.010024	-0.006579	36.200911	-86.018184	111.099368
22519	9.799684	0.566509	0.536326	-0.002137	0.013219	-0.000997	36.166903	-86.014524	111.139949
22520	9.744374	0.545366	0.472516	-0.003296	0.013394	-0.004215	36.170017	-86.009238	111.134725
22521	9.782363	0.531167	0.510200	-0.010733	0.010712	0.002975	36.152054	-86.009282	111.165198
22522	9.774041	0.482208	0.452153	-0.005092	0.015635	0.002607	36.098150	-86.005267	111.216109
22523	9.730458	0.454545	0.471912	-0.008899	0.011531	0.003787	36.053600	-86.003052	111.249642
22524	9.716325	0.394824	0.513766	-0.022628	0.014256	0.002116	35.999714	-85.999504	111.290462
22525	9.754296	0.380146	0.551652	-0.017889	0.012956	0.004547	35.924543	-85.997745	111.363916
22526	9.754573	0.348936	0.507837	-0.013099	0.011359	0.001757	35.892514	-85.995415	111.388298
22527	9.775051	0.329578	0.561923	-0.002186	0.013514	0.004226	35.851996	-85.993268	111.432648
22528	9.789108	0.388510	0.522685	-0.001651	0.012044	0.004628	35.804298	-85.991581	111.479316
22529	9.767859	0.468788	0.561047	0.000095	0.010102	0.003028	35.797948	-85.989794	111.480156
22530	9.805254	0.529336	0.546840	0.001111	0.007461	0.009053	35.744472	-85.991715	111.534206
22531	9.776171	0.529839	0.480436	-0.002103	0.008933	0.006026	35.702070	-85.991629	111.571795
22532	9.755882	0.503525	0.525168	-0.015659	0.009840	0.008563	35.630819	-85.992271	111.634030
22533	9.747300	0.484904	0.511785	-0.010558	0.008890	0.007184	35.599402	-85.993237	111.661220
22534	9.777065	0.421128	0.489724	-0.012756	0.007720	0.010181	35.529125	-85.995399	111.724151
22535	9.788962	0.383281	0.529235	-0.014358	0.012126	0.008974	35.464537	-85.995842	111.787624
22536	9.754281	0.342204	0.517923	-0.005990	0.009408	0.005403	35.421934	-85.995621	111.826705
22537	9.736746	0.336758	0.535235	0.000044	0.010394	0.008250	35.375249	-85.995863	111.873038
22538	9.739530	0.356843	0.508783	0.005145	0.009444	0.006873	35.329073	-85.996108	111.922098
22539	9.771345	0.375773	0.549519	0.008189	0.009789	0.005686	35.340139	-85.995706	111.909993
22540	9.783068	0.382997	0.492433	0.007968	0.011903	0.006692	35.285261	-85.994738	111.969406
22541	9.744711	0.427605	0.502009	0.011235	0.010134	0.004500	35.279111	-85.992718	111.968981
22542	9.765112	0.408162	0.555820	0.011235	0.010133	0.004500	35.249201	-85.991847	112.005243
22543	9.767907	0.428546	0.529342	0.009713	0.009960	0.005092	35.215921	-85.991865	112.050358
22544	9.756092	0.420376	0.588350	0.007880	0.009142	0.004277	35.190263	-85.991383	112.080433
22545	9.732811	0.418147	0.563699	0.007202	0.008146	0.006680	35.199561	-85.992545	112.073916
22546	9.753138	0.443244	0.520941	0.002925	0.012558	0.002845	35.164642	-85.989990	112.110437
22547	9.741673	0.404243	0.535303	0.005382	0.014666	0.006476	35.142569	-85.986688	112.123056
22548	9.773826	0.392272	0.531525	0.005693	0.015311	0.007884	35.062848	-85.984497	112.206084
22549	9.750521	0.389881	0.507748	0.005619	0.019889	0.006081	35.016344	-85.979523	112.251044
22550	9.747587	0.368499	0.536943	0.006685	0.016951	0.006887	34.936501	-85.976222	112.334772
22551	9.765057	0.372837	0.522131	0.003919	0.014196	0.001847	34.906624	-85.972145	112.365634
22552	9.747458	0.367872	0.539702	0.006818	0.012076	0.003470	34.872559	-85.970006	112.403547
22553	9.735533	0.360004	0.599065	-0.000280	0.014029	-0.000189	34.843844	-85.966607	112.442109
22554	9.761986	0.351801	0.553287	0.003520	0.010790	-0.001974	34.850202	-85.963290	112.437608
22555	9.761482	0.382766	0.599472	0.001776	0.012732	-0.000378	34.802027	-85.959822	112.496540
22556	9.779390	0.356879	0.539306	0.002678	0.011613	-0.003786	34.816099	-85.955526	112.483817
22557	9.781760	0.408994	0.557916	0.002590	0.008853	-0.006198	34.858625	-85.951618	112.443786
22558	9.778787	0.388960	0.586245	0.003271	0.009847	-0.008602	34.913051	-85.946572	112.390950
22559	9.799141	0.415214	0.543525	-0.003354	0.010628	-0.006640	34.972465	-85.942155	112.330679
22560	9.775869	0.413918	0.518890	0.004275	0.007207	-0.002574	34.999636	-85.940322	112.305746
22561	9.777758	0.496817	0.582400	0.009305	0.010831	-0.005748	35.056956	-85.936775	112.259852
22562	9.748369	0.529314	0.560942	0.008164	0.006728	-0.001945	35.084398	-85.935374	112.236889
22563	9.783443	0.538851	0.528990	0.003904	0.006858	0.001237	35.111434	-85.935108	112.212698
22564	9.739754	0.511394	0.548014	0.000103	0.010096	0.003019	35.085932	-85.933762	112.238186
22565	9.754376	0.494967	0.560125	-0.004467	0.009581	0.004792	35.067144	-85.933212	112.254092
22566	9.784622	0.400757	0.493409	-0.000118	0.012210	0.004022	35.025183	-85.931203	112.295957
22567	9.725296	0.450673	0.591519	-0.008506	0.007597	0.006969	35.024439	-85.932807	112.290957
22568	9.734804	0.405954	0.516675	0.002407	0.009741	0.009459	34.959539	-85.933740	112.357277
22569	9.745749	0.474489	0.549671	-0.005370	0.010699	0.008198	34.901429	-85.933949	112.415283
22570	9.754776	0.460560	0.519880	-0.016433	0.006092	0.008514	34.848763	-85.936278	112.458519
22571	9.783328	0.533631	0.536351	-0.015813	0.007382	0.011329	34.797315	-85.938685	112.498106
22572	9.777974	0.459966	0.547075	-0.014200	0.010312	0.013150	34.695696	-85.940535	112.591704
22573	9.777481	0.489407	0.593234	-0.019610	0.010619	0.013108	34.577881	-85.941938	112.700885
22574	9.789471	0.495675	0.536252	-0.018768	0.009795	0.014919	34.464015	-85.944580	112.804135
22575	9.754348	0.484340	0.569812	-0.016465	0.009435	0.021359	34.327184	-85.949458	112.931362
22576	9.734342	0.425979	0.569439	-0.023025	0.009922	0.018096	34.188703	-85.953030	113.056846
22577	9.743410	0.410955	0.539758	-0.018296	0.008616	0.020539	34.063381	-85.956791	113.163399
22578	9.723380	0.352507	0.539228	-0.019817	0.008442	0.021128	33.912605	-85.961993	113.303051
22579	9.743594	0.331347	0.592969	-0.015026	0.006843	0.018353	33.824808	-85.967080	113.379382
22580	9.755635	0.337249	0.535638	-0.007781	0.007347	0.019215	33.698229	-85.972155	113.501694
22581	9.769790	0.350120	0.592433	-0.011228	0.003604	0.016571	33.633990	-85.976848	113.549991
22582	9.711955	0.306697	0.554581	-0.007961	0.001834	0.014387	33.564498	-85.982997	113.614972
22583	9.761317	0.329291	0.578361	-0.008425	-0.001275	0.015783	33.506261	-85.992452	113.676735
22584	9.772924	0.366464	0.565447	-0.005224	0.001533	0.011800	33.456939	-85.997920	113.723072
22585	9.764392	0.347535	0.551212	-0.010633	0.001845	0.011756	33.413805	-86.002898	113.760000
22586	9.749838	0.362429	0.540166	-0.008051	-0.000922	0.011973	33.372536	-86.009589	113.796642
22587	9.773499	0.332108	0.520684	-0.010632	0.001844	0.011755	33.348480	-86.012165	113.798671
22588	9.755925	0.326316	0.537129	-0.007896	0.001544	0.009168	33.315306	-86.016785	113.827288
22589	9.729785	0.302841	0.538981	-0.001118	-0.001065	0.011427	33.297413	-86.025549	113.851705
22590	9.723810	0.335761	0.542146	0.001307	-0.002009	0.007432	33.297463	-86.031326	113.852308
22591	9.717826	0.293177	0.596638	0.004820	-0.002849	0.011874	33.306845	-86.039026	113.841998
22592	9.744488	0.284177	0.549387	0.009140	-0.003266	0.003481	33.344542	-86.044162	113.809369
22593	9.758226	0.329266	0.650282	0.007835	-0.005549	0.003065	33.437785	-86.049339	113.710887
22594	9.779314	0.323828	0.561092	0.010664	-0.003095	0.002892	33.480000	-86.054200	113.674610
22595	9.799508	0.380067	0.562290	0.014394	-0.001757	-0.000688	33.544807	-86.055964	113.618435
22596	9.767329	0.391421	0.567383	0.009389	0.001955	0.003089	33.561880	-86.058469	113.606626
22597	9.772919	0.463726	0.557858	0.013648	0.001824	-0.000087	33.595334	-86.059976	113.587474
22598	9.775940	0.484335	0.530558	0.008707	0.000958	0.005490	33.599985	-86.063717	113.587724
22599	9.761365	0.500149	0.519556	-0.000218	0.002112	0.001004	33.640573	-86.065849	113.547080
22600	9.773373	0.432010	0.513225	-0.001491	0.002874	0.008219	33.611650	-86.069543	113.575129
22601	9.735594	0.370470	0.528319	-0.006839	0.002900	0.002958	33.605348	-86.070378	113.579938
22602	9.720971	0.310653	0.568892	-0.003636	0.001417	0.005992	33.597318	-86.074057	113.585812
22603	9.729570	0.327943	0.583312	0.003203	-0.001483	0.003034	33.677631	-86.077625	113.497181
22604	9.761777	0.316350	0.577828	0.003638	-0.005707	0.001025	33.741572	-86.083120	113.435098
22605	9.732169	0.303800	0.651712	0.001057	-0.002939	0.000807	33.805637	-86.086106	113.369656
22606	9.755829	0.350030	0.580466	-0.000995	-0.001640	0.000993	33.848480	-86.089643	113.326060
22607	9.773435	0.354778	0.564065	-0.002146	-0.001456	-0.002227	33.934710	-86.091194	113.233202
22608	9.779461	0.396720	0.509336	-0.012811	0.001641	-0.005118	33.998115	-86.091207	113.162213
22609	9.744659	0.357052	0.496988	-0.015173	0.002297	-0.006341	34.059863	-86.091064	113.095896
22610	9.720558	0.341925	0.613368	-0.018219	0.001955	-0.005163	34.118981	-86.090904	113.026100
22611	9.726525	0.308697	0.610247	-0.023038	0.000512	-0.010021	34.243407	-86.089579	112.883536
22612	9.729469	0.255082	0.634490	-0.030436	0.001836	-0.015097	34.364834	-86.086249	112.744272
22613	9.703700	0.203218	0.591217	-0.025801	-0.002231	-0.015068	34.530371	-86.084836	112.560757
22614	9.732863	0.172472	0.613193	-0.019490	-0.003659	-0.018431	34.706789	-86.082959	112.372662
22615	9.718706	0.159849	0.556659	-0.001897	-0.002599	-0.023099	34.900471	-86.078900	112.187918
22616	9.776991	0.248800	0.498253	0.012742	0.000873	-0.024175	35.112326	-86.072921	111.982810
22617	9.788416	0.365359	0.434243	0.018397	0.005782	-0.024520	35.324006	-86.064405	111.778939
22618	9.793785	0.440616	0.425127	0.007024	0.004829	-0.032646	35.569377	-86.053657	111.536950
22619	9.807646	0.533859	0.430502	-0.005005	0.005917	-0.030738	35.760839	-86.042024	111.355641
22620	9.859743	0.581573	0.427518	-0.005066	0.006203	-0.025521	35.942379	-86.032909	111.170684
22621	9.854026	0.586882	0.386254	-0.009478	0.003861	-0.019542	36.128117	-86.027193	110.971715
22622	9.823755	0.606699	0.506253	-0.009388	0.006615	-0.017127	36.248001	-86.020653	110.846081
22623	9.747719	0.591928	0.530057	-0.000532	0.005759	-0.007420	36.332210	-86.017105	110.760135
22624	9.782283	0.633107	0.543298	0.001365	0.006288	-0.011819	36.424134	-86.012490	110.668707
22625	9.744593	0.572542	0.558582	0.000551	0.005864	0.001020	36.440408	-86.012816	110.653564
22626	9.682724	0.571065	0.638437	-0.011038	0.002724	0.000915	36.458321	-86.014171	110.629204
22627	9.674440	0.402088	0.727423	-0.034791	0.009822	-0.000881	36.452442	-86.011613	110.615347
22628	9.727730	0.385572	0.634261	-0.032448	0.001835	-0.000278	36.470333	-86.012970	110.578714
22629	9.728915	0.248510	0.596037	-0.046131	0.011897	-0.001379	36.492598	-86.011072	110.519115
22630	9.753643	0.158214	0.487296	-0.025338	0.011500	-0.003005	36.485448	-86.007051	110.511678
22631	9.723785	0.221424	0.511432	-0.014147	0.011247	-0.006720	36.460158	-86.002472	110.547224
22632	9.715063	0.280494	0.446546	-0.018447	0.005295	-0.018821	36.591166	-85.995914	110.405243
22633	9.833476	0.387137	0.496437	-0.032854	0.003985	-0.025782	36.776853	-85.987680	110.200969
22634	9.781118	0.344662	0.500708	-0.050282	0.009654	-0.030947	36.946253	-85.974898	110.002215
22635	9.737055	0.396306	0.468541	-0.064609	0.008053	-0.043137	37.181023	-85.958638	109.736719
22636	9.732200	0.395339	0.684116	-0.107830	0.014735	-0.050559	37.415666	-85.936626	109.439494
22637	9.633979	0.200220	0.740288	-0.147155	0.017882	-0.065006	37.664282	-85.908506	109.120042
22638	9.626898	0.051485	0.687977	-0.173965	0.018753	-0.075751	37.993165	-85.875630	108.690320
22639	9.668042	-0.228692	0.646805	-0.183781	0.028086	-0.107987	38.445723	-85.826887	108.137024
22640	9.723567	-0.248197	0.367730	-0.110567	0.015897	-0.126221	39.115211	-85.776667	107.402151
22641	9.961260	-0.294698	0.018019	-0.046356	-0.003458	-0.129714	39.928868	-85.734055	106.563082
22642	10.116101	0.005448	-0.092899	0.042163	-0.012104	-0.104925	40.667811	-85.702556	105.846236
22643	10.000505	0.372864	0.151814	0.089834	0.007166	-0.084399	41.180287	-85.669658	105.389108
22644	9.805297	0.914373	0.108378	0.139356	0.021243	-0.078377	41.639424	-85.632859	105.008655
22645	9.839146	1.390219	0.256372	0.113478	0.012310	-0.078535	42.117529	-85.600321	104.598907
22646	9.860231	1.429606	0.327594	0.061744	0.017672	-0.064996	42.463479	-85.569756	104.287344
22647	9.885999	1.336741	0.474906	0.027079	0.031486	-0.046400	42.620414	-85.541829	104.153511
22648	9.873397	1.220286	0.427608	-0.001492	0.043006	-0.037805	42.651531	-85.510996	104.121379
22649	9.891322	0.949531	0.550277	-0.043341	0.038566	-0.029036	42.598340	-85.487357	104.167780
22650	9.821958	0.788900	0.464907	-0.036197	0.039400	-0.022926	42.547887	-85.463819	104.197521
22651	9.827514	0.674998	0.402058	-0.029979	0.041337	-0.013399	42.424201	-85.444803	104.319451
22652	9.792585	0.553460	0.329760	-0.019198	0.043829	-0.005624	42.271687	-85.426061	104.461349
22653	9.808913	0.589169	0.362971	-0.004582	0.035796	-0.000268	42.114435	-85.414665	104.631925
22654	9.843698	0.553616	0.430737	-0.017080	0.040994	0.003629	41.929775	-85.400618	104.807295
22655	9.825912	0.548044	0.451174	-0.000356	0.046055	0.004863	41.718228	-85.385050	105.017771
22656	9.745714	0.503294	0.391240	0.034002	0.050781	0.010942	41.480458	-85.369489	105.275794
22657	9.710767	0.537355	0.332154	0.049648	0.054465	0.018391	41.225495	-85.355541	105.563469
22658	9.702956	0.599634	0.385799	0.052391	0.049886	0.022821	40.942620	-85.344654	105.877334
22659	9.750305	0.689386	0.619695	0.040862	0.050954	0.015631	40.683510	-85.331887	106.172434
22660	9.745882	0.697668	0.696834	0.025826	0.048546	0.010993	40.457383	-85.316950	106.414104
22661	9.814939	0.626167	0.829786	-0.009934	0.049147	0.010309	40.237995	-85.301392	106.627290
22662	9.775842	0.512089	0.830821	-0.013881	0.054168	0.007857	39.983770	-85.282676	106.874342
22663	9.686578	0.404237	0.853301	-0.019483	0.060828	0.001767	39.744000	-85.258610	107.099840
22664	9.677569	0.304034	0.781373	-0.018821	0.064853	0.007014	39.448903	-85.234687	107.385084
22665	9.624861	0.333711	0.739504	-0.013304	0.064296	0.001859	39.216750	-85.209264	107.611883
22666	9.660085	0.425408	0.777055	-0.012233	0.061364	0.002662	38.968961	-85.185114	107.853468
22667	9.633333	0.478134	0.733655	-0.018689	0.064551	0.001765	38.709496	-85.160582	108.114685
22668	9.674506	0.530373	0.653699	-0.029373	0.064803	-0.003636	38.475638	-85.132467	108.332453
22669	9.719192	0.528131	0.597490	-0.038403	0.063412	-0.005402	38.260787	-85.104325	108.525580
22670	9.714138	0.537756	0.676366	-0.042561	0.063214	-0.007490	38.051155	-85.075423	108.711469
22671	9.749212	0.548252	0.651023	-0.040673	0.066773	-0.004234	37.848515	-85.045386	108.881871
22672	9.690464	0.536490	0.663470	-0.036022	0.062747	-0.004179	37.631921	-85.017740	109.078532
22673	9.690034	0.536550	0.669669	-0.031317	0.061466	-0.001696	37.478062	-84.991277	109.213519
22674	9.676726	0.527835	0.733381	-0.020686	0.058458	0.001290	37.263089	-84.967376	109.417405
22675	9.694132	0.532561	0.723110	-0.015458	0.055717	0.004184	37.052471	-84.945246	109.614806
22676	9.682312	0.574941	0.804469	-0.013160	0.052335	0.003001	36.860517	-84.924609	109.799926
22677	9.669030	0.560207	0.752902	-0.008464	0.051057	0.005492	36.693545	-84.904196	109.952188
22678	9.705917	0.545220	0.795164	-0.006641	0.051877	0.006331	36.492914	-84.884802	110.149787
22679	9.713612	0.562155	0.814731	0.002689	0.046587	0.008898	36.330322	-84.868766	110.314765
22680	9.763597	0.555412	0.798574	0.001220	0.041830	0.011259	36.149335	-84.855577	110.497178
22681	9.810364	0.603487	0.758649	0.009676	0.041931	0.010218	35.982406	-84.842554	110.676164
22682	9.777692	0.613383	0.767047	0.009731	0.037360	0.012008	35.820829	-84.831595	110.843993
22683	9.772771	0.615465	0.728843	0.007550	0.038905	0.017396	35.666244	-84.820105	110.991417
22684	9.693167	0.651698	0.730365	0.004209	0.037894	0.017121	35.474761	-84.810512	111.186111
22685	9.725463	0.638904	0.729351	-0.000557	0.034870	0.021634	35.333213	-84.804188	111.328348
22686	9.705955	0.580185	0.730197	-0.008482	0.033307	0.023070	35.121790	-84.798603	111.535784
22687	9.697824	0.560339	0.718541	-0.015749	0.030014	0.019687	34.991031	-84.793142	111.655392
22688	9.708876	0.520970	0.759901	-0.014642	0.029827	0.022924	34.790218	-84.789034	111.848647
22689	9.708769	0.518648	0.762846	-0.009241	0.029554	0.023035	34.649381	-84.784404	111.979995
22690	9.744182	0.450515	0.784813	-0.003841	0.029281	0.023148	34.456236	-84.780522	112.171781
22691	9.711644	0.459094	0.791988	0.006765	0.026268	0.026177	34.299526	-84.778282	112.330182
22692	9.727607	0.491893	0.824101	0.009109	0.025626	0.027430	34.104976	-84.777403	112.530839
22693	9.713042	0.505348	0.815206	0.012981	0.025167	0.028113	33.981006	-84.776898	112.658498
22694	9.700370	0.488729	0.760923	0.009542	0.025990	0.023617	33.805528	-84.774529	112.840269
22695	9.696849	0.465306	0.790150	0.008288	0.019142	0.024971	33.707010	-84.775446	112.939101
22696	9.703264	0.429327	0.788345	0.008233	0.016404	0.022547	33.569847	-84.777236	113.081658
22697	9.676187	0.428925	0.722027	0.010110	0.019958	0.025815	33.432567	-84.778228	113.228210
22698	9.692205	0.462004	0.753547	0.001795	0.019600	0.021608	33.285524	-84.778129	113.376991
22699	9.724580	0.448867	0.750954	0.002318	0.018138	0.022016	33.159447	-84.778676	113.507891
22700	9.714615	0.459417	0.783168	0.002551	0.016039	0.021008	33.028186	-84.780036	113.641264
22701	9.724239	0.526568	0.817803	0.003792	0.015582	0.019024	32.949200	-84.779921	113.720120
22702	9.726128	0.494341	0.773833	-0.000273	0.013575	0.021136	32.824009	-84.782460	113.845781
22703	9.706512	0.435997	0.772511	0.004546	0.012021	0.018426	32.794067	-84.783149	113.869043
22704	9.688526	0.429135	0.789393	0.008706	0.012195	0.020530	32.681885	-84.786133	113.986822
22705	9.674101	0.443342	0.779052	0.012806	0.009634	0.020213	32.608501	-84.789106	114.067626
22706	9.674126	0.441503	0.779779	0.008160	0.006356	0.019494	32.521037	-84.794555	114.160275
22707	9.718182	0.467368	0.763642	0.010210	0.005074	0.019335	32.520080	-84.801511	114.156455
22708	9.745950	0.539643	0.781440	0.010211	0.005073	0.019335	32.438805	-84.807520	114.244086
22709	9.762303	0.491203	0.748141	0.003116	0.010009	0.023204	32.344073	-84.812118	114.344553
22710	9.691211	0.544812	0.761205	0.006267	0.008539	0.026285	32.211385	-84.818546	114.481545
22711	9.687674	0.521556	0.789122	0.005597	0.009093	0.019238	32.140886	-84.821662	114.558725
22712	9.657230	0.500263	0.748641	0.011114	0.002414	0.025374	32.035975	-84.830744	114.670620
22713	9.694174	0.483427	0.786446	0.006437	0.003703	0.022858	32.015840	-84.836622	114.688260
22714	9.750869	0.522919	0.826618	0.003407	-0.001220	0.025789	31.916072	-84.847571	114.790571
22715	9.720481	0.501303	0.785527	0.001069	-0.000575	0.024531	31.839851	-84.858098	114.871715
22716	9.779070	0.510171	0.780281	0.001944	0.001333	0.028773	31.713717	-84.868675	114.999658
22717	9.771124	0.489691	0.765627	0.003766	0.002146	0.029619	31.635803	-84.878040	115.080199
22718	9.783004	0.443767	0.689944	0.010987	0.002670	0.030588	31.499650	-84.888464	115.223413
22719	9.750772	0.451717	0.694412	0.013710	0.000827	0.037473	31.396229	-84.901020	115.328150
22720	9.687003	0.446207	0.771993	0.019046	-0.002202	0.035176	31.254698	-84.915140	115.481407
22721	9.715072	0.435315	0.725598	0.024132	0.001430	0.032085	31.165115	-84.925102	115.589499
22722	9.703451	0.393555	0.737686	0.019276	-0.004305	0.034169	31.035020	-84.939899	115.731411
22723	9.709841	0.356639	0.733771	0.026208	-0.004426	0.033722	30.981644	-84.952125	115.804385
22724	9.738023	0.427624	0.750661	0.022838	-0.000854	0.031642	30.855028	-84.964438	115.944864
22725	9.804627	0.371793	0.696345	0.018182	-0.004120	0.030926	30.758469	-84.977938	116.054359
22726	9.797821	0.427095	0.630162	0.014832	-0.005110	0.030646	30.645799	-84.992010	116.176232
22727	9.800445	0.369799	0.653528	0.007431	-0.001967	0.021247	30.637878	-84.999628	116.190835
22728	9.784494	0.414194	0.687189	0.008535	-0.002159	0.024483	30.545854	-85.010423	116.288372
22729	9.788310	0.432862	0.659827	0.003137	-0.001859	0.024361	30.535301	-85.018607	116.294670
22730	9.746230	0.454698	0.694422	0.001021	-0.003307	0.022102	30.455881	-85.029257	116.375248
22731	9.738193	0.434965	0.679317	-0.004672	-0.003642	0.020567	30.425623	-85.038943	116.401452
22732	9.742758	0.429587	0.720863	-0.006495	-0.004453	0.019721	30.358823	-85.049456	116.465047
22733	9.769461	0.343846	0.725028	-0.004449	-0.005743	0.019564	30.336291	-85.059609	116.479973
22734	9.756930	0.327787	0.667954	-0.000890	-0.002293	0.017039	30.280464	-85.068268	116.535784
22735	9.738990	0.321185	0.683383	0.009190	-0.003904	0.019671	30.313641	-85.078443	116.479503
22736	9.745598	0.367326	0.743012	0.018755	-0.004053	0.021892	30.246950	-85.089373	116.557533
22737	9.795734	0.465291	0.716652	0.019917	-0.007250	0.017497	30.278441	-85.100481	116.523618
22738	9.804034	0.481329	0.730890	0.013267	-0.001919	0.017555	30.226191	-85.109099	116.584008
22739	9.769734	0.439435	0.716947	0.006929	-0.000516	0.020827	30.232984	-85.115936	116.565374
22740	9.733054	0.452300	0.679343	0.007649	0.000485	0.018435	30.164167	-85.123609	116.639177
22741	9.733150	0.450353	0.679267	0.007741	-0.001345	0.022649	30.126206	-85.133449	116.653391
22742	9.761814	0.415947	0.701921	0.005106	-0.001327	0.019981	30.052678	-85.142453	116.730466
22743	9.777805	0.367389	0.667800	0.003796	-0.003600	0.019547	30.020762	-85.153654	116.736590
22744	9.768783	0.354024	0.767094	0.003283	-0.002137	0.019136	29.953422	-85.162807	116.806409
22745	9.756185	0.338073	0.710284	0.001662	-0.000481	0.015489	29.926113	-85.170999	116.820385
22746	9.721790	0.296442	0.696431	0.002473	-0.001309	0.017311	29.865872	-85.179212	116.882617
22747	9.748083	0.317438	0.695369	0.009313	0.000381	0.012649	29.863714	-85.186372	116.840245
22748	9.729409	0.335776	0.641947	0.013698	-0.001567	0.013747	29.831608	-85.193695	116.880699
22749	9.695603	0.376473	0.691175	0.014430	-0.005132	0.013157	29.807724	-85.202788	116.920426
22750	9.760881	0.434450	0.745224	0.005378	-0.006435	0.011350	29.801370	-85.211846	116.930250
22751	9.797022	0.443089	0.713099	0.000400	-0.005757	0.007428	29.803107	-85.220297	116.927391
22752	9.758147	0.405573	0.656908	-0.000833	-0.005294	0.009408	29.800808	-85.228235	116.929573
22753	9.758920	0.380087	0.725579	0.005755	-0.003065	0.015173	29.752658	-85.237700	116.974552
22754	9.746281	0.364556	0.668727	0.009021	-0.000258	0.011234	29.727780	-85.243653	117.005055
22755	9.762808	0.398812	0.698020	0.013109	-0.002844	0.010920	29.762567	-85.250571	116.955484
22756	9.754629	0.380261	0.682945	0.007411	-0.003165	0.009390	29.757792	-85.257447	116.964897
22757	9.742659	0.340825	0.695164	0.010255	-0.000723	0.009253	29.780584	-85.262477	116.924031
22758	9.778748	0.349473	0.663596	0.008212	0.000570	0.009409	29.763370	-85.267500	116.946390
22759	9.750978	0.356955	0.709616	0.006520	-0.005073	0.005155	29.833435	-85.273228	116.895455
22760	9.747248	0.335434	0.736416	0.006601	-0.002337	0.007566	29.836504	-85.279171	116.896546
22761	9.747299	0.334911	0.735972	0.010094	-0.006196	0.004430	29.980175	-85.283428	116.749783
22762	9.733117	0.350808	0.723811	0.010311	-0.008296	0.003430	30.031369	-85.291139	116.704739
22763	9.765456	0.339130	0.718696	0.011328	-0.006661	0.002450	30.179648	-85.293355	116.616082
22764	9.789583	0.416015	0.692952	0.012653	-0.008955	0.004684	30.227536	-85.301733	116.575727
22765	9.771630	0.410952	0.707943	0.011626	-0.006026	0.003860	30.268272	-85.309126	116.532435
22766	9.761226	0.447672	0.668555	0.004192	-0.008979	0.005705	30.305523	-85.317807	116.497888
22767	9.769569	0.464782	0.682418	0.007550	-0.008002	0.005978	30.352419	-85.327199	116.425524
22768	9.718558	0.389205	0.638710	0.003071	-0.004223	0.000667	30.402954	-85.332067	116.377006
22769	9.747117	0.356370	0.660904	0.014062	-0.008513	0.009327	30.475638	-85.340773	116.305819
22770	9.755455	0.373387	0.674892	0.011925	-0.005392	0.005269	30.507876	-85.347547	116.280759
22771	9.761498	0.338999	0.671007	0.019968	-0.005733	0.008049	30.570546	-85.353896	116.230106
22772	9.765332	0.359290	0.643170	0.021500	-0.005563	0.007479	30.595742	-85.361392	116.217623
22773	9.723392	0.383255	0.677222	0.018059	-0.009278	0.004797	30.677892	-85.369328	116.130895
22774	9.800047	0.398302	0.655061	0.017127	-0.008175	0.008187	30.705976	-85.378316	116.113006
22775	9.747635	0.459418	0.650462	0.011331	-0.006667	0.002447	30.794744	-85.383549	116.063266
22776	9.758177	0.421987	0.688467	0.001636	-0.006219	0.005452	30.823862	-85.390766	116.035445
22777	9.759692	0.390919	0.642686	0.004697	-0.005881	0.004313	30.882719	-85.397374	115.958261
22778	9.751453	0.373081	0.627453	0.001243	-0.005031	-0.000173	30.941908	-85.402347	115.900048
22779	9.715467	0.363631	0.658512	0.002056	-0.005859	0.001649	31.047867	-85.407289	115.800486
22780	9.721475	0.329733	0.654655	0.003287	-0.006326	-0.000331	31.114370	-85.412835	115.736123
22781	9.768029	0.302036	0.661056	0.005630	-0.006985	0.000922	31.220509	-85.417356	115.660329
22782	9.735812	0.313583	0.664787	0.013580	-0.005502	-0.000518	31.291421	-85.422425	115.597472
22783	9.753864	0.318544	0.648205	0.015541	-0.009537	-0.003084	31.389050	-85.428913	115.484838
22784	9.758453	0.315778	0.689084	0.019117	-0.010664	-0.003812	31.502972	-85.435503	115.382014
22785	9.756291	0.371060	0.664009	0.016774	-0.010006	-0.005065	31.584215	-85.443440	115.295790
22786	9.796886	0.377900	0.673234	0.016476	-0.010644	-0.006476	31.713412	-85.449194	115.176117
22787	9.778938	0.373842	0.687938	0.019120	-0.010666	-0.003814	31.878597	-85.453378	115.053403
22788	9.750469	0.406656	0.664045	0.018905	-0.008564	-0.002818	31.979574	-85.459179	114.963449
22789	9.756483	0.373335	0.659899	0.021668	-0.008865	-0.005370	32.141269	-85.463135	114.825970
22790	9.724269	0.385530	0.663197	0.025759	-0.011458	-0.005687	32.275486	-85.469425	114.706621
22791	9.729451	0.376355	0.589749	0.016265	-0.008547	-0.005481	32.466494	-85.473148	114.516860
22792	9.738626	0.370545	0.672661	0.022785	-0.009056	-0.002140	32.568814	-85.479317	114.427814
22793	9.756675	0.375725	0.655693	0.020872	-0.012606	-0.005385	32.728319	-85.486323	114.279120
22794	9.782999	0.398925	0.653367	0.013323	-0.009169	-0.009553	32.871573	-85.490211	114.143581
22795	9.774728	0.382205	0.637806	0.006387	-0.009017	-0.009090	33.025724	-85.494179	113.966920
22796	9.758150	0.347836	0.607838	0.011778	-0.004776	-0.010794	33.158691	-85.495515	113.840815
22797	9.749369	0.444148	0.700511	0.020861	-0.008044	-0.007200	33.275805	-85.500840	113.705558
22798	9.762775	0.452874	0.641905	0.012811	-0.007707	-0.009968	33.416333	-85.503798	113.572457
22799	9.733319	0.403846	0.555234	0.033208	-0.008518	-0.007560	33.525828	-85.510086	113.456276
22800	9.748519	0.364837	0.635106	0.005059	-0.006733	-0.011326	33.666607	-85.512106	113.318462
22801	9.751323	0.304494	0.544142	0.037504	-0.008654	-0.010689	33.834571	-85.516087	113.147807
22802	9.754541	0.333296	0.630340	0.025243	-0.005440	-0.007925	33.961351	-85.518523	113.035634
22803	9.744872	0.347569	0.659916	0.026611	-0.010762	-0.013307	34.170438	-85.521788	112.815155
22804	9.743948	0.372970	0.589551	0.018558	-0.010428	-0.016072	34.363590	-85.523902	112.632568
22805	9.790518	0.347113	0.595590	0.016213	-0.009774	-0.017324	34.515183	-85.527164	112.468612
22806	9.762851	0.357530	0.641043	0.014066	-0.006664	-0.021386	34.722359	-85.525688	112.269368
22807	9.766483	0.380062	0.613046	0.018427	-0.005579	-0.012678	34.881319	-85.525915	112.150382
22808	9.754388	0.449612	0.618528	0.019178	-0.007627	-0.022692	35.103132	-85.524360	111.939397
22809	9.757966	0.472591	0.590583	0.013334	-0.003100	-0.020809	35.339733	-85.519199	111.735054
22810	9.751866	0.508241	0.593103	0.014771	-0.007200	-0.014351	35.507174	-85.520088	111.576085
22811	9.725598	0.487353	0.593734	0.010375	-0.005251	-0.015443	35.653743	-85.520395	111.455241
22812	9.757828	0.477639	0.588796	0.009261	-0.005072	-0.018676	35.834641	-85.518778	111.279604
22813	9.745885	0.440840	0.601067	0.004967	-0.004935	-0.015547	35.961412	-85.519083	111.158006
22814	9.778137	0.430945	0.596101	0.005485	-0.006400	-0.015132	36.124731	-85.519205	110.997826
22815	9.780556	0.377863	0.619958	0.009641	-0.001683	-0.014866	36.234654	-85.519305	110.869621
22816	9.761524	0.398483	0.566257	0.018632	-0.003126	-0.015497	36.393413	-85.517736	110.721562
22817	9.731361	0.462981	0.588058	0.020542	0.000433	-0.012261	36.454949	-85.518999	110.650347
22818	9.765778	0.504484	0.601006	0.014858	-0.004454	-0.011952	36.596342	-85.519212	110.517523
22819	9.769338	0.526406	0.573292	0.012588	-0.001054	-0.010801	36.721157	-85.517134	110.435500
22820	9.801577	0.516039	0.568906	0.008787	0.002178	-0.009076	36.813167	-85.515244	110.348726
22821	9.760971	0.510511	0.558970	0.003675	0.003135	-0.007769	36.913071	-85.513451	110.242542
22822	9.749069	0.472676	0.572155	0.005803	0.004590	-0.005526	36.971971	-85.511658	110.187266
22823	9.769101	0.529552	0.574429	0.003234	0.007347	-0.005784	37.023024	-85.507942	110.153896
22824	9.748947	0.473752	0.573335	0.000690	0.005547	-0.004220	37.067088	-85.506153	110.110565
22825	9.733073	0.521233	0.607447	-0.009418	0.007163	-0.006823	37.121336	-85.503995	110.033158
22826	9.733364	0.415747	0.614915	-0.020836	0.006504	-0.009846	37.181437	-85.499818	109.961368
22827	9.729679	0.395691	0.643176	-0.018928	0.010064	-0.006610	37.164946	-85.498236	109.955978
22828	9.739300	0.383242	0.613780	-0.016162	0.009759	-0.009167	37.209283	-85.492810	109.902676
22829	9.766871	0.375638	0.568607	-0.013320	0.012202	-0.009321	37.225398	-85.487269	109.872347
22830	9.783703	0.404851	0.484663	-0.009440	0.011720	-0.008644	37.261725	-85.481126	109.830938
22831	9.746197	0.427179	0.562497	-0.014628	0.009926	-0.009743	37.294788	-85.476377	109.801103
22832	9.719889	0.405711	0.565237	-0.024978	0.018201	-0.013177	37.319651	-85.465704	109.762259
22833	9.742315	0.408619	0.592913	-0.016776	0.013028	-0.013809	37.359785	-85.458314	109.713220
22834	9.774477	0.398599	0.590114	-0.016799	0.017585	-0.015629	37.405709	-85.447066	109.657946
22835	9.769714	0.402991	0.550007	-0.014969	0.018396	-0.014793	37.383518	-85.439532	109.650314
22836	9.769559	0.404381	0.551730	-0.010868	0.015810	-0.015109	37.437227	-85.429277	109.590624
22837	9.763249	0.439725	0.556434	-0.006272	0.016321	-0.016827	37.469364	-85.421000	109.528744
22838	9.793836	0.460616	0.598655	-0.006173	0.014509	-0.012605	37.516760	-85.412206	109.478074
22839	9.789522	0.547471	0.621068	-0.006788	0.017781	-0.017244	37.601596	-85.399581	109.415893
22840	9.779140	0.479450	0.590590	-0.005086	0.018887	-0.011190	37.622212	-85.389285	109.392721
22841	9.772799	0.514435	0.595436	0.002079	0.016646	-0.012648	37.637628	-85.380498	109.407203
22842	9.758278	0.531581	0.585717	0.003979	0.020205	-0.009406	37.647527	-85.370228	109.399989
22843	9.762315	0.447102	0.566841	0.009390	0.019898	-0.009297	37.641709	-85.361612	109.407783
22844	9.726195	0.438626	0.600343	0.007564	0.019084	-0.010136	37.662488	-85.351598	109.391708
22845	9.787078	0.396329	0.620869	0.007270	0.018440	-0.011546	37.643481	-85.345013	109.390526
22846	9.777077	0.410739	0.653037	0.004336	0.017802	-0.015621	37.698251	-85.333664	109.338479
22847	9.756082	0.379624	0.583774	0.000531	0.021025	-0.013902	37.714097	-85.321807	109.341025
22848	9.778394	0.383023	0.611906	-0.001164	0.019915	-0.019959	37.780181	-85.307973	109.274462
22849	9.784579	0.433711	0.673816	-0.005581	0.026406	-0.022882	37.790907	-85.291527	109.279213
22850	9.793341	0.446576	0.576663	-0.008125	0.024600	-0.021325	37.839842	-85.275089	109.225845
22851	9.728373	0.471386	0.587744	-0.012091	0.026881	-0.026237	37.897221	-85.257525	109.164264
22852	9.752333	0.444894	0.571613	-0.018308	0.027999	-0.028182	37.962384	-85.237129	109.088752
22853	9.758307	0.413841	0.571199	-0.018371	0.025250	-0.030588	38.009381	-85.219045	109.048277
22854	9.758047	0.416589	0.573635	-0.009804	0.023483	-0.027388	38.093009	-85.200956	108.959113
22855	9.777610	0.475541	0.578075	-0.006671	0.026572	-0.026125	38.183696	-85.180751	108.888740
22856	9.767395	0.491181	0.610947	-0.001324	0.023526	-0.028413	38.276124	-85.162254	108.795622
22857	9.794974	0.568251	0.629630	0.004542	0.019019	-0.030282	38.416247	-85.144750	108.665311
22858	9.796576	0.540582	0.586395	-0.001447	0.018028	-0.033226	38.555376	-85.126967	108.525251
22859	9.795140	0.550902	0.702188	0.001064	0.012534	-0.035367	38.751445	-85.111656	108.298893
22860	9.837248	0.530097	0.668607	-0.013082	0.007577	-0.034062	38.929976	-85.098164	108.112591
22861	9.794890	0.475091	0.641266	-0.011256	0.008392	-0.033222	39.045234	-85.087280	108.016703
22862	9.719916	0.513616	0.680408	-0.010539	-0.002472	-0.034385	39.267352	-85.078052	107.788099
22863	9.685689	0.476386	0.666772	-0.010767	-0.000372	-0.033392	39.498471	-85.068358	107.553091
22864	9.760362	0.444273	0.627816	0.002915	-0.003056	-0.031474	39.714231	-85.060298	107.338604
22865	9.697019	0.521301	0.653850	-0.000466	0.000502	-0.033569	39.941592	-85.049328	107.113857
22866	9.688832	0.506695	0.639312	-0.004050	0.001608	-0.032850	40.138930	-85.038574	106.913852
22867	9.709446	0.559428	0.527313	-0.001213	0.004061	-0.032995	40.285951	-85.029428	106.779714
22868	9.721628	0.577384	0.584482	-0.010727	0.006913	-0.032815	40.455057	-85.016276	106.604193
22869	9.727350	0.629072	0.644925	-0.019487	0.006201	-0.033212	40.643101	-85.005601	106.370805
22870	9.742028	0.533830	0.594617	-0.027700	0.011327	-0.032607	40.780863	-84.990523	106.216982
22871	9.761299	0.593567	0.597839	-0.027027	0.009570	-0.037415	40.931253	-84.976868	106.065432
22872	9.739428	0.571249	0.642133	-0.049173	0.012156	-0.038328	41.079445	-84.959215	105.888775
22873	9.734739	0.577881	0.601592	-0.049740	0.010862	-0.041159	41.270504	-84.942176	105.655256
22874	9.743869	0.493097	0.623956	-0.064130	0.012516	-0.040694	41.417694	-84.923383	105.470996
22875	9.760277	0.508073	0.724288	-0.066120	0.016530	-0.038140	41.524775	-84.905672	105.323681
22876	9.718156	0.453138	0.697909	-0.064374	0.019153	-0.041528	41.645299	-84.883651	105.166039
22877	9.677454	0.450000	0.689416	-0.057189	0.016948	-0.042975	41.781666	-84.863028	105.008093
22878	9.688043	0.416938	0.730170	-0.046406	0.020948	-0.044539	41.916661	-84.839027	104.846247
22879	9.645211	0.386594	0.634603	-0.018003	0.020050	-0.039244	42.051883	-84.817735	104.717520
22880	9.693658	0.490888	0.610961	-0.011668	0.023228	-0.044325	42.193460	-84.792779	104.569039
22881	9.738505	0.574409	0.614194	0.002279	0.013940	-0.041578	42.357729	-84.774684	104.422145
22882	9.752630	0.562565	0.627487	-0.009322	0.022585	-0.043069	42.494899	-84.750417	104.279428
22883	9.720968	0.629216	0.651788	-0.012709	0.018831	-0.045769	42.650919	-84.727793	104.142781
22884	9.727197	0.599821	0.650592	-0.022217	0.021641	-0.045602	42.793555	-84.702872	103.987143
22885	9.723270	0.583092	0.679857	-0.019633	0.018906	-0.045341	42.931029	-84.680482	103.855271
22886	9.711522	0.548899	0.694180	-0.023618	0.018418	-0.052686	43.115319	-84.654068	103.656977
22887	9.723230	0.568161	0.752733	-0.025064	0.016416	-0.047899	43.289501	-84.632687	103.471025
22888	9.700506	0.570838	0.728349	-0.015825	0.020261	-0.048880	43.450281	-84.606896	103.300815
22889	9.695792	0.578717	0.688462	-0.015819	0.020256	-0.048884	43.600499	-84.583477	103.150827
22890	9.721184	0.606315	0.689314	-0.015810	0.012956	-0.049494	43.791330	-84.560381	102.950424
22891	9.716506	0.614292	0.648876	-0.009639	0.016437	-0.049341	43.962142	-84.538416	102.794131
22892	9.759894	0.647260	0.633768	-0.015833	0.010205	-0.051920	44.171602	-84.515368	102.574983
22893	9.778291	0.633060	0.688512	-0.020466	0.014192	-0.052040	44.417077	-84.488229	102.344172
22894	9.746936	0.566851	0.630874	-0.024854	0.016080	-0.053162	44.598411	-84.462117	102.148085
22895	9.718992	0.555256	0.747792	-0.029349	0.017037	-0.060931	44.774951	-84.435742	101.967667
22896	9.752874	0.468493	0.681981	-0.031149	0.016198	-0.061791	44.984359	-84.405976	101.739722
22897	9.756702	0.471183	0.725792	-0.020662	0.019610	-0.064745	45.192242	-84.376762	101.523673
22898	9.762344	0.468208	0.655419	-0.016055	0.020170	-0.066444	45.408224	-84.343342	101.297788
22899	9.700099	0.517030	0.638729	-0.001701	0.023157	-0.068691	45.606943	-84.309962	101.120122
22900	9.743951	0.603663	0.642718	0.003157	0.021623	-0.071393	45.842561	-84.273770	100.885536
22901	9.706531	0.624549	0.606993	0.014975	0.022783	-0.072096	46.064867	-84.238534	100.689319
22902	9.721151	0.667476	0.638763	0.003360	0.021313	-0.076643	46.316550	-84.200108	100.438668
22903	9.745532	0.646618	0.622079	-0.001277	0.025279	-0.076771	46.538319	-84.162483	100.229418
22904	9.701256	0.625792	0.640968	-0.010075	0.026280	-0.081447	46.774138	-84.119901	99.986940
22905	9.744495	0.586452	0.678189	-0.011664	0.027883	-0.085126	47.001531	-84.076764	99.771767
22906	9.769333	0.618015	0.680407	-0.008107	0.031355	-0.087659	47.234358	-84.029399	99.533390
22907	9.753906	0.642292	0.672017	0.000648	0.032150	-0.087232	47.422781	-83.986663	99.361030
22908	9.775597	0.704535	0.719823	0.006269	0.034366	-0.089911	47.653089	-83.937009	99.133418
22909	9.737872	0.726958	0.685118	0.012218	0.032681	-0.089359	47.875943	-83.891839	98.933325
22910	9.729761	0.769323	0.691429	0.009431	0.030178	-0.089250	48.115089	-83.843886	98.698606
22911	9.735292	0.768938	0.622170	0.011192	0.035553	-0.090218	48.365001	-83.794018	98.474963
22912	9.716351	0.772509	0.640998	0.008873	0.033401	-0.093929	48.599989	-83.742623	98.244068
22913	9.704734	0.742562	0.656457	-0.004977	0.033410	-0.093122	48.821709	-83.693438	98.034344
22914	9.711179	0.718004	0.656562	-0.007557	0.036095	-0.093409	49.027765	-83.641064	97.823045
22915	9.721725	0.690484	0.698857	-0.013266	0.037436	-0.099236	49.241878	-83.588033	97.618690
22916	9.698661	0.697970	0.676333	-0.019239	0.040868	-0.104064	49.451098	-83.529079	97.397426
22917	9.704936	0.725926	0.695427	-0.022079	0.042895	-0.105779	49.668320	-83.470105	97.188849
22918	9.682010	0.682671	0.655242	-0.022172	0.046472	-0.114279	49.879504	-83.404427	96.963871
22919	9.680910	0.693706	0.659887	-0.033465	0.045535	-0.117462	50.083696	-83.340790	96.756379
22920	9.629278	0.658078	0.665960	-0.047949	0.050523	-0.125588	50.291739	-83.268468	96.519630
22921	9.658202	0.587755	0.675751	-0.053056	0.044892	-0.135879	50.533818	-83.196909	96.262893
22922	9.686705	0.569964	0.704047	-0.070183	0.054332	-0.148546	50.774415	-83.112813	95.980450
22923	9.698394	0.444801	0.711602	-0.084587	0.053781	-0.161566	51.046416	-83.024339	95.671652
22924	9.694108	0.439137	0.744283	-0.092318	0.055338	-0.173988	51.331268	-82.928213	95.331736
22925	9.777568	0.390847	0.708505	-0.082796	0.056239	-0.182645	51.621008	-82.829959	94.995763
22926	9.762282	0.399304	0.772069	-0.079030	0.063941	-0.192278	51.916925	-82.722139	94.652215
22927	9.712250	0.467880	0.702091	-0.056173	0.066416	-0.202121	52.240968	-82.609396	94.301820
22928	9.713478	0.535713	0.769244	-0.065589	0.064322	-0.217893	52.591904	-82.489330	93.910380
22929	9.640200	0.506483	0.749811	-0.067302	0.064229	-0.229779	52.955101	-82.364692	93.504699
22930	9.624906	0.492776	0.726097	-0.063060	0.062551	-0.241079	53.348228	-82.233965	93.071915
22931	9.628552	0.461454	0.756015	-0.065618	0.067763	-0.256646	53.734833	-82.095598	92.640566
22932	9.632286	0.431396	0.786309	-0.068110	0.071160	-0.267982	54.133489	-81.948729	92.198985
22933	9.643710	0.394642	0.744443	-0.087203	0.072635	-0.289459	54.545052	-81.792029	91.730865
22934	9.638343	0.328489	0.786833	-0.108323	0.075265	-0.310842	54.973328	-81.622879	91.235717
22935	9.658517	0.189698	0.749406	-0.120267	0.072228	-0.330959	55.424070	-81.445672	90.707422
22936	9.719340	0.062645	0.723277	-0.129784	0.077378	-0.358701	55.896987	-81.252095	90.154218
22937	9.736380	0.176542	0.709177	-0.092524	0.103835	-0.368349	56.300741	-81.046157	89.688152
22938	9.739500	0.522134	0.860659	-0.073756	0.115243	-0.384073	56.699534	-80.827287	89.241891
22939	9.664532	0.678420	0.761756	-0.058589	0.127614	-0.399130	57.071847	-80.598320	88.826269
22940	9.687717	1.051364	0.758580	-0.046324	0.112160	-0.410857	57.505273	-80.366547	88.360244
22941	9.698261	1.290772	0.800382	-0.073020	0.103469	-0.415752	57.927815	-80.136042	87.884509
22942	9.686649	1.501703	0.883716	-0.102960	0.093554	-0.421026	58.356336	-79.903826	87.389864
22943	9.659145	1.513079	0.936174	-0.137427	0.091557	-0.433610	58.763472	-79.667002	86.891624
22944	9.588833	1.518103	0.934902	-0.160645	0.088991	-0.438643	59.158723	-79.426286	86.396460
22945	9.587911	1.435505	0.933939	-0.192121	0.086654	-0.453884	59.539056	-79.179704	85.892879
22946	9.688494	1.331957	0.922344	-0.181076	0.087500	-0.459537	59.918458	-78.927899	85.401125
22947	9.871147	1.199155	1.071260	-0.175189	0.085402	-0.455422	60.275077	-78.679754	84.930676
22948	10.173707	1.053672	1.194846	-0.170458	0.089546	-0.448195	60.602687	-78.431887	84.497120
22949	10.565782	0.969156	1.374318	-0.175147	0.093381	-0.455944	60.906580	-78.180334	84.079369
22950	10.857871	0.889594	1.434918	-0.184573	0.099481	-0.484638	61.218864	-77.910520	83.652407
22951	11.042764	0.636981	1.471938	-0.180934	0.096448	-0.541694	61.588367	-77.614245	83.162673
22952	11.177233	0.368611	1.552352	-0.174015	0.093934	-0.599982	62.023377	-77.286561	82.615209
22953	11.254184	0.282884	1.412622	-0.179469	0.085640	-0.679339	62.532111	-76.922132	81.981273
22954	10.888294	0.101520	1.409767	-0.225804	0.081866	-0.747980	63.073155	-76.520166	81.292770
22955	10.799583	-0.087857	1.524583	-0.271674	0.076866	-0.784562	63.593030	-76.101997	80.589704
22956	10.519545	0.308564	1.589566	-0.238168	0.080280	-0.806777	64.118549	-75.667354	79.907443
22957	10.247322	0.864952	1.728440	-0.202977	0.053159	-0.809727	64.676318	-75.239506	79.201926
22958	9.782652	1.218660	1.688415	-0.183923	0.036922	-0.798564	65.238765	-74.816526	78.510950
22959	9.625598	1.612196	1.554971	-0.148529	-0.005544	-0.809339	65.867730	-74.399617	77.760380
22960	9.675022	1.969429	1.482766	-0.164470	-0.043960	-0.799546	66.522608	-73.991071	76.982146
22961	9.556600	2.404705	1.431133	-0.153699	-0.070331	-0.780104	67.172877	-73.599944	76.202951
22962	9.353482	2.686273	1.269372	-0.203843	-0.076402	-0.773159	67.774950	-73.207861	75.453138
22963	9.957702	2.226883	0.691466	-0.186452	-0.147634	-0.781613	68.477649	-72.827728	74.596423
22964	10.877528	2.215436	0.884106	-0.172798	-0.182320	-0.750398	69.200211	-72.464726	73.735967
22965	10.483243	2.373415	1.189063	-0.221744	-0.093159	-0.704242	69.679355	-72.109709	73.089003
22966	9.853752	2.420007	1.325881	-0.191716	-0.067004	-0.676878	70.101417	-71.758907	72.529795
22967	9.332059	2.508327	1.461079	-0.152722	-0.050256	-0.663915	70.486423	-71.414629	72.020855
22968	9.515075	3.072431	1.228940	-0.040859	-0.092959	-0.635240	70.977109	-71.088750	71.478222
22969	9.434749	3.533129	1.078079	-0.037205	-0.078347	-0.585213	71.397424	-70.789952	70.999977
22970	8.984598	3.907349	1.113508	-0.119756	-0.083070	-0.505569	71.730175	-70.530272	70.574866
22971	8.736449	3.807885	1.117523	-0.195959	-0.104039	-0.397044	71.982519	-70.336578	70.177387
22972	8.667094	3.664955	1.131016	-0.245896	-0.079126	-0.265093	72.103918	-70.206109	69.898992
22973	8.681116	3.685033	1.161236	-0.251565	-0.061392	-0.133660	72.124079	-70.147758	69.714364
22974	8.603163	3.667844	1.273261	-0.294173	-0.018401	0.009089	71.990233	-70.156006	69.677707
22975	8.452025	3.283839	1.277776	-0.317933	-0.004117	0.142709	71.750040	-70.238015	69.729877
22976	8.447637	3.138398	1.385987	-0.325877	-0.017706	0.285505	71.457366	-70.396520	69.842640
22977	8.452108	2.878222	1.421999	-0.346225	0.006204	0.440898	71.026393	-70.638084	70.080092
22978	8.583532	2.581170	1.499274	-0.320651	0.030570	0.591663	70.486172	-70.952512	70.457819
22979	8.749134	2.464413	1.472396	-0.224889	0.061127	0.736718	69.847964	-71.341263	70.986743
22980	8.837297	2.362848	1.501168	-0.169321	0.088628	0.872389	69.094592	-71.791800	71.678799
22981	8.905073	2.321365	1.601234	-0.126165	0.103903	1.000884	68.213228	-72.307942	72.519770
22982	9.001583	2.278297	1.615180	-0.088099	0.123769	1.120879	67.189212	-72.875610	73.540221
22983	9.120827	2.151076	1.559646	-0.068084	0.142013	1.220214	65.990400	-73.488691	74.742149
22984	9.148804	2.099344	1.540941	-0.040548	0.141849	1.325936	64.633118	-74.145588	76.131397
22985	9.203864	2.082778	1.541956	-0.057625	0.149082	1.417787	63.038638	-74.841011	77.741966
22986	9.192202	1.910615	1.568145	-0.064406	0.144454	1.502174	61.216555	-75.564001	79.588513
22987	9.196150	1.879425	1.546103	-0.070500	0.156730	1.575841	59.076548	-76.306546	81.743022
22988	9.265913	1.813525	1.500864	-0.066138	0.153063	1.645376	56.621836	-77.059266	84.226714
22989	9.241871	1.834202	1.565264	-0.087117	0.175083	1.709454	53.696124	-77.810199	87.163063
22990	9.323083	1.795095	1.515526	-0.111226	0.186742	1.758636	50.283469	-78.539983	90.584641
22991	9.200932	1.637622	1.431224	-0.131220	0.194216	1.802861	46.286570	-79.241590	94.571368
22992	9.286955	1.580830	1.425748	-0.172081	0.202055	1.852094	41.619326	-79.897259	99.216764
22993	9.311877	1.443269	1.340075	-0.203499	0.211734	1.884255	36.200379	-80.485730	104.588121
22994	9.341163	1.237967	1.314973	-0.247155	0.212386	1.910692	30.046405	-80.985311	110.679873
22995	9.249522	0.961554	1.223707	-0.268238	0.206678	1.930084	23.167607	-81.379396	117.476062
22996	9.317614	0.668365	1.221459	-0.279120	0.179123	1.952667	15.714064	-81.658794	124.850196
22997	9.282858	0.494689	1.315566	-0.289321	0.188867	1.969143	7.786133	-81.786570	132.684940
22998	9.207412	0.316483	1.223278	-0.229773	0.206896	1.979913	-0.219087	-81.746794	140.640358
22999	9.149584	0.131386	1.200388	-0.185436	0.207084	1.975301	-7.980649	-81.550180	148.368821
23000	8.997108	-0.044676	1.178479	-0.156677	0.204053	1.967596	-15.203939	-81.212434	155.583678
23001	8.935669	-0.337223	1.115857	-0.134562	0.197520	1.964665	-21.803818	-80.749510	162.179472
23002	9.101917	-0.274843	1.253742	-0.074572	0.183007	1.966034	-27.683507	-80.186007	168.098042
23003	9.295836	-0.513061	1.289277	-0.036719	0.190235	1.939767	-32.787935	-79.533304	173.253739
23004	9.457119	-0.931186	1.146484	0.052458	0.201103	1.890380	-37.065749	-78.822002	177.639553
23005	9.528162	-1.146023	1.116783	0.114902	0.192007	1.836358	-40.688782	-78.076868	-178.603405
23006	9.368547	-1.188283	1.273502	0.173038	0.183689	1.793544	-43.762138	-77.311615	-175.356321
23007	9.341140	-1.097437	1.428872	0.255180	0.163397	1.766255	-46.422245	-76.529487	-172.483124
23008	9.292470	-1.188774	1.372922	0.347991	0.149172	1.734203	-48.692636	-75.741790	-169.939232
23009	9.294868	-1.489726	1.321999	0.403217	0.149000	1.718382	-50.662583	-74.936501	-167.671651
23010	9.362688	-1.873977	1.334696	0.398963	0.191204	1.681666	-52.300362	-74.117565	-165.735079
23011	9.445889	-2.134981	1.448619	0.413065	0.224368	1.629455	-53.648755	-73.295321	-164.090891
23012	9.478181	-2.148290	1.506862	0.405467	0.252575	1.540362	-54.721383	-72.498060	-162.725532
23013	9.438084	-2.431935	1.485460	0.387450	0.250448	1.440476	-55.607127	-71.739151	-161.568586
23014	9.207490	-2.421934	1.670269	0.356088	0.237486	1.356256	-56.366043	-71.021960	-160.552420
23015	9.030463	-2.439324	1.748640	0.383466	0.215533	1.279631	-57.011113	-70.341877	-159.642916
23016	8.952961	-2.264947	1.830783	0.399429	0.186364	1.203632	-57.567505	-69.706910	-158.807357
23017	8.777736	-2.071794	1.830054	0.402936	0.152710	1.142647	-58.077153	-69.106656	-158.022907
23018	8.543110	-1.849955	1.991548	0.354834	0.102018	1.062148	-58.577483	-68.560990	-157.268325
23019	8.365188	-1.734234	1.819985	0.289859	0.081289	0.994259	-59.061518	-68.050104	-156.574726
23020	8.428618	-1.603872	1.793547	0.288098	0.035277	0.890777	-59.500174	-67.603927	-155.922750
23021	8.319414	-1.747865	1.608650	0.113044	0.010810	0.767210	-59.963413	-67.221982	-155.356182
23022	8.476010	-2.032290	1.592165	0.019165	-0.070642	0.660292	-60.486076	-66.916575	-154.776713
23023	8.709259	-2.358804	1.653047	-0.124898	-0.137702	0.572308	-61.099276	-66.669902	-154.191964
23024	8.667777	-3.082543	1.427074	-0.291868	-0.164851	0.474389	-61.764453	-66.479165	-153.649252
23025	8.596165	-3.521031	1.286976	-0.284633	-0.164619	0.380983	-62.360098	-66.331634	-153.181411
23026	8.482479	-3.513310	1.274282	-0.254736	-0.160022	0.259623	-62.853755	-66.244493	-152.801616
23027	8.275141	-3.374002	1.313639	-0.284932	-0.169129	0.130622	-63.297873	-66.222706	-152.498943
23028	8.075213	-3.170089	1.346373	-0.309038	-0.185078	0.005121	-63.700181	-66.270100	-152.252827
23029	8.049611	-2.975214	1.375235	-0.335563	-0.210166	-0.123607	-64.075810	-66.387725	-152.056799
23030	8.152732	-2.661341	1.444579	-0.302411	-0.224615	-0.245440	-64.381669	-66.572982	-151.912173
23031	8.165020	-2.225695	1.396657	-0.346670	-0.219018	-0.369304	-64.639819	-66.819083	-151.851290
23032	8.238929	-1.935249	1.244461	-0.330497	-0.239527	-0.499204	-64.841050	-67.138955	-151.838374
23033	8.376001	-1.564609	1.136190	-0.368615	-0.259040	-0.617790	-65.023115	-67.523803	-151.873206
23034	9.719031	-1.728141	0.796881	-0.389397	-0.365435	-0.601227	-65.364718	-67.926951	-151.745142
23035	11.855727	-2.332110	1.284440	-0.489118	-0.651484	-0.263103	-66.346115	-68.218909	-150.991502
23036	12.659024	-6.155262	4.055761	-1.355529	-0.524303	0.097197	-67.878607	-68.286947	-150.177746
23037	11.689741	-11.783428	2.284825	-1.069940	-0.239944	0.025786	-68.834924	-68.325526	-149.810350
23038	9.999119	-10.265315	0.426939	0.010287	-0.054970	-0.219847	-68.796235	-68.456772	-149.845612
23039	8.716209	-7.766843	0.941257	0.146699	-0.146349	-0.434761	-68.690896	-68.719349	-149.874492
23040	9.385527	-6.526130	1.866282	0.375411	-0.281558	-0.518061	-68.593117	-69.056964	-149.748730
23041	10.341495	-5.470569	1.747243	0.481928	-0.345916	-0.525933	-68.523648	-69.409075	-149.535875
23042	10.682161	-4.271121	1.679702	0.609079	-0.288656	-0.524124	-68.299427	-69.751592	-149.402756
23043	10.282721	-2.829456	2.170165	0.656428	-0.249916	-0.558559	-67.971976	-70.100873	-149.359727
23044	9.679655	-1.490158	2.337761	0.678865	-0.240244	-0.583708	-67.594462	-70.464992	-149.347577
23045	9.406360	-0.706336	2.378406	0.631786	-0.250533	-0.585952	-67.254073	-70.829347	-149.332760
23046	9.295166	-0.633073	2.228899	0.556355	-0.245614	-0.563464	-66.956056	-71.183998	-149.310833
23047	9.262350	-0.569482	2.023547	0.539736	-0.239035	-0.533599	-66.674187	-71.518747	-149.288693
23048	9.171034	-0.693059	1.789909	0.454992	-0.240718	-0.514306	-66.451000	-71.846490	-149.249212
23049	9.105452	-1.358057	1.578354	0.351964	-0.254235	-0.507138	-66.312678	-72.171384	-149.188114
23050	9.165993	-1.966237	1.450684	0.301997	-0.265083	-0.521269	-66.208315	-72.508458	-149.116079
23051	9.211217	-2.207030	1.361180	0.224198	-0.281448	-0.539678	-66.163575	-72.857006	-149.033277
23052	9.366079	-2.464499	1.167019	0.117355	-0.299552	-0.554703	-66.200380	-73.219609	-148.924536
23053	9.416081	-2.880135	1.076551	0.051977	-0.292356	-0.564293	-66.259083	-73.583640	-148.836894
23054	9.423043	-3.098474	1.000477	0.073799	-0.267427	-0.564378	-66.261960	-73.943862	-148.789897
23055	9.299343	-3.212990	0.787417	0.137558	-0.245567	-0.555458	-66.196875	-74.292373	-148.780514
23056	9.281776	-2.878863	0.922184	0.193743	-0.240192	-0.548954	-66.092074	-74.638225	-148.774116
23057	9.192659	-2.436286	1.087050	0.204580	-0.235800	-0.552470	-65.968660	-74.982786	-148.785738
23058	9.166654	-2.085476	1.094525	0.195238	-0.258324	-0.549067	-65.894155	-75.332936	-148.747138
23059	9.428564	-2.100005	0.874124	0.162203	-0.283817	-0.557071	-65.884392	-75.691148	-148.666401
23060	9.764952	-2.022869	0.589668	0.179031	-0.273747	-0.571295	-65.830705	-76.056545	-148.616038
23061	9.930409	-1.785999	0.285562	0.198137	-0.279966	-0.589457	-65.763262	-76.430883	-148.573583
23062	9.865725	-1.370858	0.248816	0.145689	-0.303974	-0.599818	-65.767267	-76.818308	-148.483722
23063	9.800348	-1.167201	0.367951	0.094963	-0.316426	-0.595874	-65.837886	-77.204756	-148.359924
23064	9.794689	-1.012295	0.563422	0.086425	-0.311694	-0.591465	-65.911522	-77.589579	-148.233790
23065	9.819589	-0.836584	0.561642	0.081514	-0.300265	-0.583722	-65.976173	-77.966082	-148.123729
23066	10.014351	-0.766905	0.496652	0.100615	-0.298653	-0.584223	-66.029411	-78.344012	-148.010495
23067	10.114114	-0.665382	0.510813	0.113187	-0.285816	-0.574392	-66.059765	-78.712519	-147.916499
23068	10.098500	-0.569281	0.616333	0.125917	-0.280544	-0.562042	-66.086393	-79.074595	-147.815908
23069	9.896012	-0.381833	0.729513	0.115281	-0.280340	-0.545083	-66.144835	-79.426764	-147.691576
23070	9.721988	-0.289844	0.717723	0.109239	-0.279881	-0.519485	-66.243742	-79.766334	-147.527449
23071	9.722513	-0.234852	0.648924	0.086349	-0.277916	-0.502274	-66.382049	-80.095723	-147.338320
23072	9.737629	-0.209756	0.519433	0.055395	-0.270724	-0.496065	-66.535339	-80.420756	-147.150655
23073	9.818302	0.021195	0.720071	-0.021126	-0.279086	-0.494403	-66.774362	-80.746388	-146.921434
23074	9.852461	-0.095372	0.600536	-0.116254	-0.292848	-0.484369	-67.146533	-81.069925	-146.612055
23075	9.841262	-0.339505	0.526992	-0.180714	-0.280920	-0.468147	-67.562929	-81.381933	-146.295466
23076	9.709542	-0.547163	0.425347	-0.189143	-0.271322	-0.449918	-68.004358	-81.681797	-145.958809
23077	9.590787	-0.814585	0.216871	-0.210203	-0.269054	-0.436748	-68.497094	-81.974006	-145.582119
23078	9.606529	-0.890951	0.303336	-0.196659	-0.263654	-0.426401	-69.010168	-82.258839	-145.177973
23079	9.645712	-0.975143	0.301176	-0.216655	-0.264101	-0.421230	-69.578365	-82.540813	-144.729149
23080	9.630567	-1.138235	0.223315	-0.206651	-0.257323	-0.415288	-70.161973	-82.817284	-144.260189
23081	9.676225	-1.064919	0.211076	-0.160599	-0.251124	-0.414878	-70.732383	-83.092128	-143.777245
23082	9.715007	-1.083789	0.103615	-0.141281	-0.243274	-0.416008	-71.297876	-83.365122	-143.289366
23083	9.751954	-1.033761	0.004924	-0.109156	-0.246353	-0.410934	-71.911536	-83.635726	-142.733735
23084	9.713951	-0.959944	-0.025057	-0.092882	-0.234247	-0.398656	-72.526539	-83.896406	-142.168676
23085	9.691431	-0.816299	-0.061248	-0.065795	-0.233817	-0.391297	-73.186641	-84.152728	-141.541873
23086	9.574837	-0.760966	-0.254229	-0.079642	-0.227365	-0.388854	-73.882534	-84.405429	-140.888424
23087	9.736262	-0.853097	0.103586	-0.111071	-0.221213	-0.392185	-74.617715	-84.658677	-140.212683
23088	9.833287	-0.471992	0.284378	-0.163449	-0.220618	-0.384409	-75.463536	-84.906122	-139.457449
23089	9.722561	-0.774195	0.147835	-0.202206	-0.201932	-0.366992	-76.317901	-85.140785	-138.714896
23090	9.717925	-0.752683	0.226380	-0.178748	-0.197899	-0.363092	-77.218475	-85.371179	-137.914059
23091	9.724720	-1.130664	0.167373	-0.142374	-0.178390	-0.367438	-78.036727	-85.601149	-137.173830
23092	9.856581	-1.052965	-0.105780	-0.023341	-0.183646	-0.368305	-78.910678	-85.830766	-136.310905
23093	9.820028	-0.928017	-0.149918	0.035610	-0.179672	-0.371811	-79.812442	-86.061387	-135.385369
23094	9.858195	-0.671333	-0.229526	0.079210	-0.179439	-0.372024	-80.799958	-86.290522	-134.350227
23095	9.751003	-0.415442	-0.247107	0.054607	-0.180738	-0.364686	-81.956235	-86.514738	-133.159316
23096	9.778921	-0.263255	-0.209976	0.012888	-0.168606	-0.362879	-83.179036	-86.734976	-131.927055
23097	9.774761	-0.248821	-0.199621	-0.018360	-0.164594	-0.370666	-84.546574	-86.958235	-130.566808
23098	9.790472	-0.346278	-0.119177	-0.063674	-0.146906	-0.379983	-85.942417	-87.183585	-129.205731
23099	9.876274	-0.267391	0.002715	-0.085597	-0.143987	-0.401226	-87.542757	-87.419680	-127.651405
23100	9.909630	-0.185898	-0.040395	-0.123249	-0.152751	-0.405730	-89.601530	-87.655463	-125.661474
23101	9.945930	-0.346604	-0.100445	-0.135438	-0.143752	-0.396038	-91.974634	-87.882915	-123.362808
23102	9.823179	-0.503686	-0.293082	-0.106810	-0.125997	-0.388407	-94.564846	-88.101888	-120.832300
23103	9.726326	-0.489341	-0.451247	-0.040784	-0.111577	-0.380794	-97.482060	-88.313490	-117.935643
23104	9.684139	-0.372888	-0.560948	0.009555	-0.124655	-0.371729	-101.425271	-88.512406	-113.985505
23105	9.733568	-0.291050	-0.617528	0.030189	-0.119384	-0.360227	-106.342575	-88.697201	-109.048095
23106	9.656908	-0.205709	-0.552859	0.047928	-0.116447	-0.348585	-112.584361	-88.863274	-102.777491
23107	9.656461	-0.221566	-0.468899	0.038590	-0.107001	-0.334747	-120.353043	-89.007706	-94.983987
23108	9.552378	-0.263922	-0.284378	0.033322	-0.100027	-0.335501	-130.295153	-89.130542	-85.021534
23109	9.638385	-0.244125	-0.136860	0.026247	-0.105361	-0.339952	-143.304115	-89.218681	-71.994858
23110	9.795697	-0.276093	-0.180007	0.032838	-0.097326	-0.331345	-158.067987	-89.260551	-57.210935
23111	9.853262	-0.279705	-0.389337	0.078006	-0.083348	-0.308960	-172.421047	-89.256000	-42.810757
23112	9.827654	-0.146444	-0.538285	0.132397	-0.074907	-0.284373	175.271234	-89.213104	-30.426134
23113	9.755580	0.253273	-0.518173	0.172449	-0.074003	-0.265916	165.336949	-89.141197	-20.390871
23114	9.809337	0.537110	-0.576981	0.183142	-0.075247	-0.237785	158.096063	-89.053371	-13.044195
23115	9.737767	0.587601	-0.612467	0.176960	-0.057516	-0.208695	152.699717	-88.969201	-7.544258
23116	9.577727	0.280823	-0.583663	0.175142	-0.025107	-0.181289	148.363581	-88.901669	-3.107055
23117	9.289678	-0.085181	-0.522274	0.249355	-0.032592	-0.172078	144.907281	-88.827477	0.494445
23118	9.369809	-0.376311	-0.385025	0.270806	-0.049053	-0.173894	142.139240	-88.741902	3.418258
23119	9.759394	0.047646	0.432870	0.313511	-0.087230	-0.210690	139.669860	-88.622762	6.069416
23120	10.265091	0.478747	0.549472	0.217672	-0.101275	-0.246625	137.202243	-88.481983	8.662531
23121	10.429255	0.611394	0.592664	0.119388	-0.083279	-0.270697	134.517204	-88.335642	11.418449
23122	10.132875	0.488310	0.175589	0.107545	-0.065593	-0.271409	132.030912	-88.193216	13.967484
23123	9.945746	0.395344	-0.226755	0.088533	-0.057837	-0.274596	129.763013	-88.048649	16.288874
23124	9.778503	0.518033	-0.655374	0.106072	-0.071553	-0.275917	127.987203	-87.896582	18.126565
23125	9.895101	0.586110	-0.708413	0.018091	-0.066880	-0.275727	126.348189	-87.743690	19.778783
23126	9.931071	0.527094	-0.384275	-0.077963	-0.061680	-0.272789	124.835978	-87.592906	21.247499
23127	9.943562	0.458961	-0.156236	-0.137835	-0.049993	-0.287421	123.233616	-87.436612	22.774126
23128	9.921329	0.441601	-0.088683	-0.171032	-0.038440	-0.311829	121.525049	-87.270951	24.386377
23129	9.824516	0.384023	-0.211660	-0.207544	-0.025139	-0.319753	119.808072	-87.102367	25.988185
23130	9.731523	0.387291	-0.242933	-0.192288	-0.028937	-0.340069	118.219164	-86.921114	27.468895
23131	9.677033	0.499035	-0.098181	-0.196821	-0.028126	-0.347835	116.754016	-86.733392	28.825123
23132	9.719917	0.718007	-0.104961	-0.181735	-0.043995	-0.343928	115.605181	-86.542760	29.871594
23133	9.712952	0.782744	-0.348334	-0.215357	-0.037965	-0.339590	114.517394	-86.353922	30.839652
23134	9.646511	0.717713	-0.233223	-0.244908	-0.037120	-0.333010	113.532195	-86.168437	31.686295
23135	9.619661	0.741490	-0.332904	-0.221542	-0.048138	-0.332169	112.728549	-85.979275	32.366499
23136	9.792906	0.697015	-0.434598	-0.215358	-0.054969	-0.321361	112.077553	-85.794578	32.895433
23137	9.841567	0.774958	-0.443120	-0.189840	-0.054026	-0.309768	111.514343	-85.615033	33.353100
23138	9.802353	0.893656	-0.487970	-0.182790	-0.046668	-0.304607	110.960457	-85.440272	33.803596
23139	9.757874	1.103146	-0.434917	-0.176935	-0.051528	-0.297938	110.493423	-85.266935	34.172485
23140	9.827538	1.129876	-0.437488	-0.190046	-0.048399	-0.292826	110.041652	-85.097593	34.516554
23141	9.843036	1.008055	-0.474408	-0.188334	-0.035523	-0.287802	109.548852	-84.932284	34.905134
23142	9.806102	0.995730	-0.488020	-0.173186	-0.022764	-0.275050	109.044024	-84.776942	35.312348
23143	9.722197	1.036768	-0.456490	-0.167102	-0.011719	-0.269073	108.515909	-84.625572	35.748904
23144	9.650554	0.924085	-0.574048	-0.170973	-0.006451	-0.260925	107.998062	-84.480206	36.170671
23145	9.576494	0.693189	-0.632583	-0.142091	-0.003570	-0.252818	107.518238	-84.338412	36.573385
23146	9.620073	0.575405	-0.570736	-0.113286	-0.001036	-0.255206	107.059198	-84.196440	36.969474
23147	9.690233	0.532257	-0.491134	-0.101561	-0.005023	-0.256197	106.646360	-84.052012	37.328251
23148	9.720233	0.515992	-0.299350	-0.093891	0.003835	-0.262359	106.201424	-83.906316	37.721540
23149	9.686405	0.551588	-0.290947	-0.070781	0.008323	-0.274111	105.749796	-83.753692	38.137006
23150	9.691478	0.438062	-0.408949	-0.038747	0.009404	-0.278801	105.325191	-83.599153	38.541853
23151	9.647701	0.253808	-0.496654	0.001372	0.016168	-0.270617	104.921074	-83.449119	38.951046
23152	9.656944	0.481811	-0.618142	0.047958	0.009199	-0.266634	104.598975	-83.300700	39.302955
23153	9.672631	0.751250	-0.432589	0.017156	0.022317	-0.271609	104.208144	-83.150587	39.707741
23154	9.686546	1.157876	-0.086638	0.010146	0.009962	-0.293175	103.861612	-82.987019	40.062663
23155	9.690773	1.378970	-0.036265	-0.027505	0.003771	-0.309946	103.519962	-82.812515	40.392269
23156	9.808585	1.318975	0.046435	-0.110700	0.005982	-0.326553	103.120081	-82.629290	40.731440
23157	9.887270	1.144634	0.009082	-0.198023	0.013377	-0.334869	102.650193	-82.441521	41.092158
23158	9.845444	0.944198	-0.050333	-0.235243	0.021022	-0.342971	102.140022	-82.250287	41.470904
23159	9.780007	0.810149	-0.213398	-0.220255	0.017178	-0.355946	101.664915	-82.050448	41.824189
23160	9.689586	0.736459	-0.235652	-0.194786	0.004869	-0.367534	101.263109	-81.842787	42.117267
23161	9.573090	0.761874	-0.241864	-0.143238	0.004576	-0.380120	100.900130	-81.627436	42.401873
23162	9.517450	0.928586	-0.127876	-0.088584	-0.003293	-0.401596	100.597976	-81.399234	42.656042
23163	9.610096	0.999387	-0.056416	-0.083871	-0.019246	-0.404613	100.369365	-81.167318	42.839142
23164	9.889126	1.099411	-0.150300	-0.074029	-0.030970	-0.419962	100.187876	-80.925631	42.979918
23165	9.991566	1.109594	-0.206261	-0.096592	-0.021792	-0.435787	99.961399	-80.675793	43.153450
23166	9.961801	1.156637	-0.158153	-0.136250	-0.015441	-0.457329	99.688672	-80.414363	43.350778
23167	10.009473	1.121947	-0.323260	-0.152638	-0.008283	-0.483623	99.382167	-80.138644	43.572910
23168	10.028490	1.010851	-0.303500	-0.163388	-0.002804	-0.500495	99.057458	-79.853633	43.807558
23169	10.005190	0.945213	-0.197007	-0.158033	0.000350	-0.514802	98.735087	-79.560778	44.042704
23170	9.999076	1.006977	-0.049139	-0.170851	0.000705	-0.538132	98.408646	-79.254301	44.275203
23171	9.996331	1.016442	0.004820	-0.205403	0.007634	-0.565762	98.047094	-78.932874	44.522603
23172	9.918022	0.951052	-0.050530	-0.204500	0.019883	-0.589445	97.659090	-78.598262	44.798712
23173	9.859263	1.068938	-0.245927	-0.147795	0.022193	-0.608180	97.309495	-78.253465	45.067636
23174	9.872015	1.288706	-0.356369	-0.104085	0.025886	-0.615846	96.989451	-77.903637	45.333767
23175	9.766394	1.521080	-0.354316	-0.089777	0.022854	-0.621966	96.700275	-77.550649	45.575116
23176	9.560271	1.907474	-0.181862	-0.076517	0.023374	-0.627301	96.430002	-77.193595	45.807143
23177	9.352458	2.193654	-0.166288	-0.116392	0.030796	-0.632297	96.131709	-76.834814	46.042675
23178	9.222447	2.330134	-0.010318	-0.172921	0.031924	-0.645814	95.809291	-76.467213	46.272197
23179	9.220879	2.351251	-0.156038	-0.183585	0.031426	-0.648460	95.496189	-76.098660	46.484128
23180	9.227542	2.435512	-0.222318	-0.205252	0.038101	-0.653996	95.167958	-75.726154	46.701266
23181	9.265124	2.536034	-0.394044	-0.193437	0.039501	-0.646580	94.858748	-75.358499	46.904125
23182	9.193423	2.765260	-0.482856	-0.168471	0.041878	-0.636453	94.572608	-74.995642	47.100241
23183	8.948043	3.069986	-0.104664	-0.166971	0.034072	-0.632950	94.315657	-74.634971	47.265527
23184	8.799732	3.328042	-0.130199	-0.191405	0.026510	-0.624909	94.070797	-74.277626	47.405826
23185	8.832584	3.149993	-0.177217	-0.210215	0.029689	-0.613778	93.819160	-73.927193	47.540835
23186	8.962816	3.096480	-0.169713	-0.225520	0.034673	-0.606307	93.558041	-73.580468	47.678200
23187	9.104772	2.843643	-0.278391	-0.229580	0.023549	-0.596076	93.325273	-73.239501	47.782745
23188	9.275472	2.973769	-0.488971	-0.209260	0.018761	-0.586794	93.120325	-72.903124	47.871620
23189	9.193843	2.969047	-0.431648	-0.202483	0.021283	-0.581577	92.920949	-72.570130	47.957942
23190	9.103962	3.137046	-0.305685	-0.200919	0.016786	-0.579286	92.735742	-72.237824	48.031443
23191	9.019282	3.151418	-0.346899	-0.213686	0.014449	-0.578917	92.552349	-71.905957	48.094668
23192	9.073702	3.092756	-0.384085	-0.222361	0.014388	-0.567900	92.369037	-71.579975	48.153510
23193	9.176079	3.086718	-0.381002	-0.222879	0.010006	-0.572349	92.196949	-71.251603	48.199613
23194	9.266893	3.212274	-0.852295	-0.198282	0.022151	-0.572586	92.022081	-70.922995	48.264339
23195	9.467492	3.166748	-1.197260	-0.126091	0.032708	-0.575515	91.875215	-70.593152	48.342705
23196	9.873032	3.157667	-0.708560	-0.119162	0.046339	-0.570885	91.714098	-70.265842	48.441207
23197	10.084098	3.071163	-0.449717	-0.125210	0.049629	-0.582205	91.548478	-69.932337	48.540317
23198	9.994660	2.972062	-0.432584	-0.083709	0.065258	-0.594238	91.385747	-69.591745	48.662605
23199	9.721254	2.923926	-0.135407	-0.014309	0.078784	-0.602641	91.246744	-69.246868	48.801282
23200	9.574553	2.937527	0.171168	0.039693	0.091049	-0.596673	91.124479	-68.904984	48.956495
23201	9.686282	3.037638	0.286931	0.072827	0.096836	-0.596681	91.017346	-68.563661	49.114805
23202	9.822084	3.285670	0.198448	0.091886	0.105735	-0.595629	90.912120	-68.222306	49.284575
23203	9.858899	3.570527	0.237778	0.085395	0.109974	-0.594478	90.801734	-67.882290	49.454545
23204	9.759040	3.793245	0.226435	0.051785	0.118484	-0.596454	90.664390	-67.540306	49.635010
23205	9.570477	3.983694	0.304062	0.001182	0.115510	-0.592597	90.507288	-67.201164	49.803991
23206	9.418413	4.052627	0.214488	-0.040713	0.118331	-0.593711	90.327122	-66.860380	49.974298
23207	9.283342	4.090714	0.119239	-0.086012	0.119653	-0.589599	90.124602	-66.522550	50.139204
23208	9.225791	4.065841	0.044919	-0.127891	0.122206	-0.590810	89.899944	-66.182968	50.304422
23209	9.130292	3.984117	-0.142616	-0.154397	0.131019	-0.586013	89.654379	-65.846642	50.474463
23210	9.038026	4.074534	-0.192285	-0.135975	0.136758	-0.579571	89.417487	-65.512893	50.648887
23211	8.922479	4.097219	-0.201009	-0.141691	0.155623	-0.575511	89.159398	-65.181823	50.841633
23212	8.852343	4.115629	-0.247339	-0.141015	0.173686	-0.576675	88.885372	-64.848742	51.054768
23213	8.801670	3.968429	-0.257177	-0.177269	0.215246	-0.566246	88.546735	-64.521407	51.315156
23214	8.804685	3.811869	-0.189860	-0.125623	0.236151	-0.546907	88.219347	-64.203381	51.598411
23215	8.953590	3.660313	-0.109181	-0.059592	0.249284	-0.537408	87.921222	-63.890709	51.890017
23216	8.949405	3.680122	-0.020965	0.002690	0.228670	-0.536971	87.689120	-63.577318	52.150513
23217	8.992227	3.829543	0.098072	0.063585	0.199347	-0.537943	87.530900	-63.264646	52.365848
23218	8.906133	4.043882	0.043033	0.123713	0.170820	-0.540769	87.443351	-62.949900	52.543440
23219	8.875835	4.436779	0.108611	0.151158	0.145549	-0.540004	87.402472	-62.637223	52.684205
23220	8.863391	4.683485	0.295238	0.121604	0.141742	-0.533375	87.350646	-62.327318	52.821151
23221	8.811319	4.776509	0.472727	0.082828	0.143522	-0.528631	87.276671	-62.021076	52.955887
23222	8.788452	4.800737	0.580751	0.037641	0.149755	-0.531775	87.172735	-61.711698	53.098150
23223	8.746419	4.666374	0.575951	0.002306	0.152119	-0.533986	87.048907	-61.401889	53.237962
23224	8.680932	4.527391	0.431916	-0.003753	0.148097	-0.539114	86.928911	-61.088089	53.372326
23225	8.725369	4.374969	0.481419	0.011861	0.148138	-0.540168	86.820458	-60.774615	53.501590
23226	8.747529	4.255062	0.423080	0.017696	0.145912	-0.547254	86.720570	-60.455987	53.627803
23227	8.868693	4.259976	0.517396	0.031049	0.145368	-0.551274	86.631327	-60.136137	53.748153
23228	8.588571	4.372235	0.643007	0.040213	0.155168	-0.556926	86.540350	-59.811464	53.879781
23229	8.439828	4.603001	0.522610	0.072305	0.139298	-0.558789	86.485342	-59.487485	53.988308
23230	8.258622	4.822348	0.520307	0.052816	0.125250	-0.556267	86.434510	-59.164104	54.082528
23231	8.083496	5.017352	0.542921	0.013517	0.116774	-0.559043	86.370717	-58.840712	54.162667
23232	7.983559	5.109446	0.498412	-0.039618	0.100193	-0.566376	86.294308	-58.512364	54.225470
23233	7.911370	5.188898	0.506340	-0.092224	0.088405	-0.576143	86.200512	-58.180094	54.270380
23234	7.692714	5.047250	0.464494	-0.147519	0.084356	-0.594744	86.081661	-57.836035	54.310783
23235	7.774010	5.017319	0.421350	-0.195558	0.063401	-0.599907	85.955899	-57.491014	54.323964
23236	7.761562	4.842676	0.280825	-0.201395	0.061694	-0.616330	85.830965	-57.135460	54.335227
23237	8.144482	4.959361	0.496665	-0.178887	0.041511	-0.607853	85.737040	-56.786780	54.321973
23238	8.256465	4.742105	0.485012	-0.227710	0.046591	-0.617407	85.612498	-56.431243	54.314795
23239	8.373591	4.758587	0.582931	-0.208423	0.040910	-0.628346	85.505306	-56.070993	54.296832
23240	8.267370	4.744354	0.588776	-0.200536	0.028423	-0.639379	85.414927	-55.703750	54.267134
23241	8.238409	4.978956	0.546744	-0.178498	0.026648	-0.637157	85.338602	-55.339301	54.232011
23242	8.101431	5.132428	0.617188	-0.174762	0.019981	-0.634324	85.270342	-54.975387	54.193092
23243	8.029371	5.355772	0.653832	-0.184923	0.018906	-0.634828	85.196993	-54.612778	54.149286
23244	7.922967	5.540700	0.548231	-0.190403	-0.009617	-0.637489	85.143953	-54.248539	54.080283
23245	7.905176	5.618579	0.601818	-0.233258	-0.020409	-0.636181	85.074174	-53.887153	53.997429
23246	7.832722	5.693235	0.652289	-0.252653	-0.034591	-0.626834	85.003827	-53.530328	53.905013
23247	7.701343	5.798896	0.733075	-0.275292	-0.037200	-0.626085	84.921745	-53.175669	53.806742
23248	7.709926	6.011448	0.755689	-0.291638	-0.057101	-0.628669	84.845604	-52.819097	53.692749
23249	7.683537	5.932234	0.724623	-0.331906	-0.061036	-0.631630	84.748688	-52.462640	53.571534
23250	7.672252	5.889633	0.623204	-0.349778	-0.072526	-0.626193	84.649612	-52.108521	53.443334
23251	7.634347	6.075863	0.668358	-0.323241	-0.088907	-0.612091	84.575748	-51.764922	53.298066
23252	7.610762	6.195867	0.571516	-0.288657	-0.070836	-0.603418	84.507645	-51.423919	53.173810
23253	7.613303	6.275872	0.451540	-0.313343	-0.049155	-0.601801	84.408964	-51.084186	53.066392
23254	7.483177	6.100686	0.357518	-0.281682	-0.040293	-0.588055	84.321312	-50.750466	52.971281
23255	7.451468	6.468704	0.498053	-0.231796	-0.021352	-0.548630	84.245775	-50.439622	52.893512
23256	7.482661	6.338739	0.446965	-0.208350	-0.016089	-0.527097	84.178723	-50.139414	52.825376
23257	7.308659	6.566052	0.457847	-0.222644	0.061467	-0.500995	84.048767	-49.850934	52.825012
23258	7.259529	6.610841	0.392345	-0.174273	0.036831	-0.464439	83.961461	-49.583424	52.808443
23259	7.370793	6.801445	0.484739	-0.143583	0.065623	-0.424583	83.869860	-49.338124	52.817499
23260	7.164983	6.917887	0.517371	-0.084080	0.091729	-0.398871	83.794010	-49.104619	52.853920
23261	7.095411	6.989928	0.717037	-0.023923	0.112807	-0.376774	83.737573	-48.883469	52.907646
23262	7.083417	7.038580	0.640770	-0.012739	0.161369	-0.365743	83.656017	-48.664395	53.006246
23263	6.874743	6.912923	0.556076	-0.005866	0.192485	-0.355901	83.558423	-48.449789	53.129461
23264	6.928921	6.772225	0.675906	0.035284	0.188437	-0.356366	83.488242	-48.234108	53.250321
23265	6.848202	6.677351	0.756442	0.046636	0.233931	-0.344042	83.395685	-48.023163	53.408370
23266	6.965975	6.570977	0.754395	0.035175	0.236077	-0.313359	83.294298	-47.828546	53.571973
23267	7.087911	6.485824	0.697854	0.068197	0.261844	-0.289806	83.195037	-47.646130	53.756970
23268	7.132852	6.610672	0.798472	0.089788	0.275781	-0.274682	83.099640	-47.470424	53.955814
23269	7.047401	6.784636	0.784666	0.112097	0.277326	-0.269947	83.016815	-47.297797	54.153777
23270	7.090549	6.937873	0.958266	0.124584	0.264275	-0.264559	82.949964	-47.128270	54.341992
23271	6.999671	6.926588	1.052473	0.073429	0.283479	-0.263080	82.842982	-46.958662	54.543966
23272	7.049779	7.027105	1.006082	0.052039	0.270771	-0.253752	82.732028	-46.794375	54.736688
23273	7.191456	6.730442	1.130592	0.011961	0.281600	-0.256461	82.592915	-46.628021	54.935723
23274	7.100509	6.485626	1.074633	0.026204	0.280930	-0.249001	82.463094	-46.465082	55.135093
23275	7.119026	6.248159	1.142229	0.045238	0.253349	-0.241458	82.361079	-46.308798	55.310249
23276	7.166311	6.142545	1.258718	0.126134	0.238023	-0.236088	82.315063	-46.156016	55.473896
23277	7.141490	6.064259	1.185580	0.180077	0.254144	-0.235283	82.290957	-46.003036	55.648791
23278	7.110158	6.193310	1.149658	0.157766	0.236853	-0.225624	82.264327	-45.856166	55.811515
23279	7.237677	6.286672	1.053781	0.142881	0.211126	-0.219072	82.244087	-45.715713	55.951846
23280	7.226070	6.388734	1.082858	0.109334	0.190737	-0.216025	82.216995	-45.577773	56.077188
23281	7.318279	6.322949	1.063126	0.089913	0.165238	-0.210691	82.193298	-45.445655	56.180211
23282	7.442185	6.321692	1.058416	0.081747	0.131582	-0.209199	82.184817	-45.316132	56.257771
23283	7.669543	6.366175	0.968071	0.086165	0.105111	-0.199003	82.193125	-45.195439	56.312803
23284	7.800518	6.348074	0.942713	0.100799	0.084661	-0.187291	82.221037	-45.082017	56.354743
23285	7.802322	6.414602	0.930389	0.096250	0.056944	-0.174888	82.260756	-44.978961	56.373263
23286	8.107658	6.574209	0.778948	0.043610	0.056270	-0.137530	82.268248	-44.896009	56.397867
23287	7.550107	6.235325	0.775660	0.059434	0.021761	-0.155548	82.305194	-44.806852	56.389931
23288	8.057139	6.708212	0.759553	0.131465	-0.010100	-0.130788	82.399872	-44.732818	56.362281
23289	7.892108	6.708913	0.675301	0.080015	-0.014372	-0.126552	82.466436	-44.663030	56.328495
23290	7.728557	6.538748	0.764031	0.030998	-0.035377	-0.118309	82.516528	-44.597931	56.282300
23291	7.744079	6.986550	0.679676	0.063862	-0.047151	-0.107489	82.590487	-44.541528	56.224283
23292	7.570572	6.971355	0.786152	-0.027463	-0.033465	-0.103753	82.604704	-44.484498	56.181382
23293	7.315187	6.642621	0.796133	-0.081757	-0.043670	-0.155528	82.596523	-44.400603	56.121161
23294	7.520236	6.610171	0.842661	-0.077690	-0.096864	-0.217708	82.625178	-44.283491	56.016293
23295	7.608152	6.628627	0.912186	-0.158091	-0.098728	-0.280106	82.612225	-44.132967	55.899648
23296	7.706588	6.561437	0.757494	-0.175053	-0.135781	-0.300226	82.611626	-43.971834	55.756072
23297	7.931259	6.430037	0.602594	-0.238643	-0.187317	-0.293410	82.601024	-43.820468	55.568398
23298	8.232260	6.152835	0.647577	-0.232233	-0.220399	-0.253714	82.609402	-43.692017	55.363692
23299	8.512569	6.073229	0.624671	-0.156063	-0.203601	-0.217129	82.648314	-43.585427	55.171228
23300	8.517009	5.936092	0.770065	-0.027773	-0.140926	-0.182713	82.724749	-43.491322	55.036962
23301	8.512184	6.228126	0.770433	0.109769	-0.083014	-0.163725	82.846126	-43.406445	54.944337
23302	8.277726	6.513319	0.909505	0.182565	-0.017271	-0.165201	82.974584	-43.313175	54.909380
23303	7.941914	6.618882	0.802761	0.262760	0.011131	-0.165804	83.132457	-43.220635	54.890202
23304	7.528950	6.675933	0.959471	0.322183	0.001129	-0.179056	83.331311	-43.118100	54.869144
23305	7.367517	7.002036	0.929593	0.434485	-0.022923	-0.175393	83.605488	-43.022455	54.823153
23306	7.293955	7.324325	0.817359	0.461215	-0.042075	-0.154247	83.904515	-42.936610	54.771921
23307	7.230227	7.397290	0.737124	0.452827	-0.057353	-0.114674	84.202964	-42.877392	54.705421
23308	7.038792	7.837992	0.736412	0.411954	-0.073366	-0.085716	84.485749	-42.832010	54.636442
23309	6.900494	8.182757	0.776412	0.343185	-0.114042	-0.059764	84.747924	-42.806710	54.530875
23310	6.838122	8.166827	0.925136	0.263369	-0.119084	-0.037580	84.966968	-42.790695	54.430329
23311	6.828778	7.981412	0.873609	0.189924	-0.118699	-0.002309	85.140950	-42.797731	54.325667
23312	6.869537	7.806199	0.791697	0.137150	-0.121944	0.087931	85.283591	-42.853062	54.231172
23313	6.927670	7.828013	0.794778	0.109116	-0.143729	0.166856	85.417561	-42.957393	54.117756
23314	6.906173	7.625601	0.816926	0.067458	-0.133165	0.235399	85.520704	-43.097151	54.022977
23315	6.903590	7.595243	0.734771	0.045620	-0.151109	0.304768	85.617619	-43.280221	53.911301
23316	6.701422	7.666117	0.656792	-0.010773	-0.160104	0.369249	85.686229	-43.497400	53.802169
23317	6.464674	7.702568	0.601228	-0.069123	-0.232482	0.423039	85.758484	-43.751231	53.632033
23318	6.192820	7.843344	0.603907	-0.108797	-0.296945	0.473077	85.843835	-44.033275	53.418737
23319	6.092643	7.857876	0.681816	-0.123296	-0.331167	0.521152	85.939016	-44.346680	53.173409
23320	6.062791	7.723337	0.754385	-0.161590	-0.284310	0.596163	85.986200	-44.698130	52.973799
23321	5.877933	7.480220	0.857796	-0.195906	-0.218315	0.687343	85.973606	-45.101465	52.825909
23322	5.684424	7.115163	0.582109	-0.141676	-0.187579	0.789247	85.972477	-45.559353	52.713072
23323	5.483809	6.983422	0.847424	-0.196243	-0.166704	0.916116	85.922943	-46.091151	52.619342
23324	5.589649	6.628429	0.779242	-0.265180	-0.149036	1.066623	85.818091	-46.706104	52.554038
23325	5.929614	6.639388	0.524798	-0.243597	-0.114028	1.234098	85.695567	-47.417318	52.525382
23326	6.105440	6.651975	0.497780	-0.285028	-0.085160	1.382457	85.523096	-48.210098	52.537463
23327	6.200897	6.423243	0.759919	-0.320423	-0.056894	1.509796	85.301355	-49.076039	52.583462
23328	6.335070	6.236192	0.907673	-0.336246	-0.004024	1.649752	85.022231	-50.017416	52.696809
23329	6.419946	6.350577	1.049263	-0.352749	0.117416	1.777645	84.631126	-51.026652	52.937247
23330	6.254670	6.372598	0.995616	-0.366250	0.196938	1.908453	84.149763	-52.103218	53.283577
23331	6.116986	6.423411	0.990647	-0.401377	0.230789	2.028841	83.588775	-53.245669	53.695973
23332	5.950257	6.264760	1.056196	-0.483960	0.222970	2.142257	82.945983	-54.449100	54.148331
23333	5.965570	5.962822	1.113165	-0.540721	0.207797	2.264913	82.231985	-55.721141	54.638206
23334	6.266669	5.690516	1.124968	-0.593020	0.223119	2.386353	81.414910	-57.055895	55.211002
23335	6.552554	5.486942	1.053729	-0.584266	0.272668	2.484236	80.486316	-58.437322	55.910911
23336	6.500852	4.986640	1.004614	-0.595774	0.293139	2.579763	79.443146	-59.863237	56.728042
23337	6.898507	4.959460	0.877994	-0.523056	0.307017	2.686949	78.316354	-61.340191	57.675706
23338	7.356421	5.244405	0.940264	-0.476678	0.322265	2.749214	77.076093	-62.839736	58.769782
23339	7.021447	4.669541	0.676222	-0.546207	0.304757	2.783369	75.672020	-64.348703	59.986931
23340	7.564188	4.572072	1.064829	-0.519007	0.213318	2.832668	74.219517	-65.884359	61.259885
23341	7.755014	4.601970	1.169137	-0.545279	0.254219	2.853677	72.508374	-67.409513	62.782943
23342	7.484027	3.987161	1.037253	-0.523353	0.237659	2.889464	70.587081	-68.937255	64.529153
23343	7.594951	3.852789	1.386796	-0.488784	0.210727	2.922551	68.426834	-70.463898	66.533980
23344	7.643278	3.343370	1.311134	-0.389876	0.183119	2.959598	65.997707	-71.987476	68.863190
23345	8.117300	3.284237	1.348040	-0.322879	0.168147	3.014575	63.157548	-73.506839	71.644040
23346	8.352103	3.307132	1.110882	-0.246016	0.189905	3.052795	59.725556	-74.992710	75.062858
23347	8.588504	3.146752	1.182710	-0.224537	0.235372	3.098742	55.428654	-76.420701	79.365268
23348	9.006546	2.876051	0.966486	-0.058324	0.173715	3.082040	50.415135	-77.772348	84.473637
23349	8.996780	2.421326	0.767069	-0.100237	0.201786	3.075355	44.147302	-78.991525	90.815451
23350	9.229354	1.810317	0.879086	0.006641	0.178787	3.087483	36.507694	-80.062935	98.587397
23351	9.239073	1.989089	1.244192	0.040343	0.214440	3.118792	27.096673	-80.905355	108.154895
23352	9.334569	1.633573	1.142296	0.090912	0.227986	3.121221	16.124602	-81.448266	119.309907
23353	9.612562	1.242923	0.899709	0.229861	0.233663	3.119102	4.265148	-81.637408	131.435084
23354	9.953908	1.042928	0.890433	0.300703	0.262477	3.089931	-7.447740	-81.440679	143.449870
23355	10.178952	0.698447	0.836671	0.294088	0.321702	3.046464	-17.972400	-80.878940	154.274418
23356	10.158390	0.601430	0.952803	0.253865	0.368440	2.989589	-26.782585	-80.032899	163.354788
23357	9.960709	0.120376	1.150341	0.160597	0.332621	2.914751	-33.969183	-79.027000	170.760325
23358	9.979906	-0.495447	1.155432	0.114998	0.272558	2.833157	-39.822298	-77.929711	176.800347
23359	9.947904	-1.017979	1.234386	0.117889	0.215091	2.756342	-44.604103	-76.781487	-178.225436
23360	10.249403	-1.493770	1.722735	0.169073	0.183739	2.703671	-48.536518	-75.586727	-174.076634
23361	10.293510	-1.822986	1.841180	0.273786	0.224878	2.608127	-51.590893	-74.362866	-170.747079
23362	10.090247	-2.637656	1.433722	0.418202	0.239115	2.453038	-53.906990	-73.163985	-168.085581
23363	10.116831	-3.077439	1.270615	0.494801	0.231793	2.272971	-55.678514	-72.028165	-165.927259
23364	9.994522	-3.444252	1.602729	0.500788	0.202381	2.090288	-57.092525	-70.969428	-164.133904
23365	9.848987	-3.542424	1.811885	0.466655	0.194603	1.917942	-58.223604	-69.986097	-162.645729
23366	9.544446	-3.583674	2.121803	0.464364	0.147040	1.748505	-59.167196	-69.089150	-161.354854
23367	9.117596	-3.634966	2.201139	0.430731	0.132814	1.591917	-59.942508	-68.268842	-160.253549
23368	8.844974	-3.632993	2.038350	0.400802	0.090264	1.447247	-60.621578	-67.525805	-159.272984
23369	8.194646	-3.218763	2.532704	0.298832	0.058375	1.260587	-61.222008	-66.882740	-158.432167
23370	8.187636	-3.290179	2.345565	0.080196	-0.015251	1.040435	-61.857887	-66.365527	-157.689585
23371	7.983590	-3.037086	2.237909	0.005839	-0.074529	0.816565	-62.440782	-65.976101	-157.045089
23372	8.039694	-2.691449	1.950809	-0.137715	-0.156555	0.609792	-63.060839	-65.709212	-156.452202
23373	8.048598	-2.904244	1.597894	-0.312443	-0.194310	0.427777	-63.707765	-65.544227	-155.934804
23374	8.285373	-3.368244	1.229012	-0.413766	-0.227528	0.258702	-64.351295	-65.470648	-155.488354
23375	8.482377	-3.529692	1.222077	-0.471468	-0.212436	0.099206	-64.921820	-65.475660	-155.154407
23376	8.440801	-3.634151	1.177852	-0.452265	-0.201449	-0.047965	-65.392404	-65.551625	-154.922251
23377	8.354021	-3.472707	1.109083	-0.349871	-0.204751	-0.178878	-65.741240	-65.697634	-154.755670
23378	8.161763	-3.199776	1.183848	-0.248854	-0.202887	-0.284650	-65.978417	-65.896502	-154.652153
23379	8.174253	-2.859275	1.358300	-0.127663	-0.210209	-0.366081	-66.113978	-66.141244	-154.580153
23380	8.100960	-2.568676	1.398666	-0.045755	-0.200225	-0.445782	-66.150914	-66.423719	-154.568633
23381	8.055559	-2.099647	1.612492	0.036470	-0.192927	-0.536406	-66.082611	-66.753752	-154.616371
23382	8.062452	-1.568836	1.628252	0.086703	-0.184678	-0.624809	-65.925396	-67.126325	-154.733432
23383	8.686038	-1.092340	1.445024	0.119964	-0.287161	-0.663599	-65.850898	-67.545089	-154.735173
23384	10.351657	-2.187247	0.749757	0.074183	-0.546714	-0.409864	-66.282260	-67.889300	-154.223247
23385	11.928747	-3.611763	2.181648	-0.291307	-0.695171	0.017319	-67.370365	-68.041780	-153.224081
23386	12.355177	-8.653641	3.390213	-0.968268	-0.362841	0.234977	-68.535703	-67.997417	-152.565837
23387	11.286465	-11.726796	1.980773	-0.310786	-0.076139	0.105452	-68.875718	-67.961348	-152.386622
23388	10.269598	-9.702391	0.746604	0.252053	-0.074113	-0.169980	-68.750229	-68.069846	-152.366382
23389	9.369249	-7.852351	1.544249	0.330788	-0.150118	-0.362351	-68.580114	-68.297558	-152.344123
23390	9.633096	-6.490723	2.283755	0.404697	-0.224865	-0.443813	-68.423963	-68.583729	-152.262874
23391	9.945960	-5.241115	2.194690	0.540868	-0.238168	-0.470884	-68.192096	-68.887149	-152.179550
23392	9.823167	-3.672105	2.003061	0.539403	-0.183853	-0.473336	-67.881666	-69.180453	-152.181192
23393	9.343606	-2.360986	2.098523	0.548349	-0.154093	-0.484064	-67.513688	-69.472674	-152.239549
23394	8.904610	-1.112632	2.088578	0.577986	-0.146380	-0.501734	-67.100823	-69.772674	-152.326876
23395	8.859829	-0.415565	1.871032	0.497617	-0.158523	-0.494396	-66.749162	-70.071291	-152.397946
23396	8.944568	-0.140466	1.474301	0.417434	-0.174336	-0.464546	-66.479924	-70.357703	-152.430068
23397	9.119502	-0.149780	1.142103	0.322993	-0.197508	-0.428236	-66.318711	-70.630816	-152.403739
23398	9.274251	-0.584804	0.886255	0.194382	-0.227489	-0.407698	-66.289325	-70.899578	-152.317072
23399	9.454304	-1.323646	1.076604	0.067020	-0.248619	-0.408099	-66.365774	-71.174425	-152.193378
23400	9.543290	-2.258496	1.166306	0.012385	-0.260569	-0.423050	-66.485924	-71.458770	-152.059220
23401	9.618867	-3.075144	1.217476	-0.003035	-0.261232	-0.431539	-66.613260	-71.748896	-151.924067
23402	9.739311	-3.855337	1.148361	0.048710	-0.253687	-0.429629	-66.704828	-72.034962	-151.798528
23403	9.727413	-4.252056	1.133319	0.147273	-0.234252	-0.428860	-66.710664	-72.317333	-151.701249
23404	9.540276	-4.108803	1.115765	0.255202	-0.216232	-0.430641	-66.625103	-72.595427	-151.637792
23405	9.295615	-3.701314	1.148936	0.353721	-0.203802	-0.438002	-66.455111	-72.875458	-151.601725
23406	9.127762	-3.115789	1.517151	0.391369	-0.211049	-0.449272	-66.265851	-73.162240	-151.565310
23407	9.057871	-2.621310	1.639492	0.369274	-0.220257	-0.471552	-66.085169	-73.463542	-151.531619
23408	9.410861	-2.192245	1.341699	0.322606	-0.235210	-0.499516	-65.933897	-73.782313	-151.496788
23409	9.754733	-1.888630	1.073910	0.248697	-0.233512	-0.524031	-65.799245	-74.114202	-151.487192
23410	9.999854	-1.724384	0.662142	0.155315	-0.244487	-0.550325	-65.715061	-74.461740	-151.482354
23411	10.199735	-1.679259	0.269096	0.101040	-0.254439	-0.574040	-65.658356	-74.824845	-151.479326
23412	10.239533	-1.518108	0.246838	0.108200	-0.260091	-0.576422	-65.605940	-75.189695	-151.469562
23413	10.058740	-1.137469	0.513244	0.101601	-0.265964	-0.569409	-65.573868	-75.553343	-151.440263
23414	9.844706	-0.869901	0.605017	0.076932	-0.268021	-0.554541	-65.575074	-75.908660	-151.393687
23415	9.736837	-0.771076	0.800434	0.112331	-0.264728	-0.533361	-65.569527	-76.253501	-151.330170
23416	9.669961	-0.802072	1.006469	0.142776	-0.244717	-0.505778	-65.532321	-76.577864	-151.284435
23417	9.684406	-0.928174	0.986385	0.190787	-0.230770	-0.488573	-65.452640	-76.891579	-151.250447
23418	9.788407	-0.921701	0.972807	0.227101	-0.233497	-0.477550	-65.369761	-77.198587	-151.202118
23419	9.787622	-1.022178	1.015405	0.216459	-0.234859	-0.465514	-65.306959	-77.501507	-151.135338
23420	9.747498	-1.113448	1.003601	0.231597	-0.235763	-0.451705	-65.254349	-77.795631	-151.053496
23421	9.626638	-1.186497	0.883098	0.241528	-0.233665	-0.437193	-65.206357	-78.083718	-150.956659
23422	9.611807	-1.310603	0.697888	0.226453	-0.230997	-0.426663	-65.175495	-78.363701	-150.855785
23423	9.619399	-1.406687	0.546000	0.212908	-0.218555	-0.428257	-65.118295	-78.643640	-150.785031
23424	9.603300	-1.388893	0.453989	0.186337	-0.217165	-0.416942	-65.088872	-78.915267	-150.706318
23425	9.523411	-1.299885	0.486989	0.148627	-0.220642	-0.410549	-65.098208	-79.186593	-150.605289
23426	9.492268	-1.308545	0.576458	0.106903	-0.215617	-0.402251	-65.133100	-79.450209	-150.507581
23427	9.439362	-1.308337	0.596929	0.067046	-0.212104	-0.399116	-65.186648	-79.713578	-150.409162
23428	9.417699	-1.332218	0.655730	0.036179	-0.214471	-0.396918	-65.273900	-79.974110	-150.299589
23429	9.464328	-1.479419	0.709637	-0.004096	-0.211612	-0.395090	-65.381627	-80.235247	-150.187637
23430	9.491399	-1.622534	0.736539	-0.003633	-0.203781	-0.396324	-65.470900	-80.492855	-150.099322
23431	9.507135	-1.775252	0.706321	0.013037	-0.201930	-0.392343	-65.553206	-80.750163	-150.003440
23432	9.503894	-1.821578	0.663151	0.033544	-0.196833	-0.390721	-65.616283	-81.003163	-149.920209
23433	9.426840	-1.803598	0.532886	0.090807	-0.208035	-0.393962	-65.681306	-81.262619	-149.797089
23434	9.489698	-1.525163	0.813223	0.110613	-0.212219	-0.409462	-65.732737	-81.529004	-149.681091
23435	9.708773	-1.231681	0.857507	0.094323	-0.219588	-0.422242	-65.802952	-81.805820	-149.551070
23436	9.943355	-0.857446	0.695253	0.088281	-0.218784	-0.425838	-65.876566	-82.082267	-149.425750
23437	10.016307	-0.722404	0.497340	0.052118	-0.202523	-0.419637	-65.923587	-82.353706	-149.343671
23438	9.869490	-0.527218	0.349882	0.034544	-0.192990	-0.412139	-65.962771	-82.616929	-149.284292
23439	9.787035	-0.577758	0.211317	0.009018	-0.194629	-0.403261	-66.041360	-82.878048	-149.195140
23440	9.722379	-0.429516	0.281228	0.014335	-0.202226	-0.392287	-66.179795	-83.132993	-149.047498
23441	9.770685	-0.400493	0.200268	-0.000566	-0.203297	-0.381968	-66.360550	-83.385010	-148.860832
23442	9.748111	-0.455522	0.213540	-0.005208	-0.204275	-0.371660	-66.586711	-83.629470	-148.636316
23443	9.644445	-0.543822	0.043914	-0.009872	-0.205171	-0.356207	-66.867569	-83.868295	-148.354237
23444	9.700404	-0.853551	0.148403	-0.028191	-0.205245	-0.365661	-67.164486	-84.109558	-148.072017
23445	9.743529	-0.654221	0.629289	-0.052505	-0.211544	-0.350292	-67.565369	-84.346359	-147.694003
23446	9.648549	-0.854434	0.217993	-0.046862	-0.197300	-0.331525	-67.962103	-84.567392	-147.322475
23447	9.566497	-0.944669	0.305410	0.035428	-0.193740	-0.321058	-68.344109	-84.784313	-146.913104
23448	9.586075	-1.003581	0.175740	0.046340	-0.180308	-0.317539	-68.682722	-84.993836	-146.546573
23449	9.724614	-1.055713	0.037187	0.138760	-0.185089	-0.312790	-69.037776	-85.204022	-146.105220
23450	9.766777	-0.836251	-0.088468	0.200386	-0.188238	-0.296503	-69.456862	-85.403451	-145.569610
23451	9.786636	-0.520426	-0.029899	0.255237	-0.179955	-0.278549	-69.873337	-85.593634	-145.000058
23452	9.731355	-0.224913	-0.138666	0.259167	-0.185369	-0.266027	-70.405238	-85.775378	-144.317813
23453	9.643630	-0.031702	-0.000523	0.209890	-0.184128	-0.258423	-71.030197	-85.954690	-143.565421
23454	9.553746	0.072352	0.156109	0.125922	-0.185471	-0.267365	-71.755330	-86.136015	-142.766316
23455	9.714019	0.114089	0.251236	0.018152	-0.194925	-0.294601	-72.626811	-86.335635	-141.877038
23456	9.901146	-0.128942	0.283360	-0.092898	-0.187261	-0.300866	-73.577266	-86.533903	-140.978145
23457	9.928851	-0.539547	0.171754	-0.155909	-0.170054	-0.302856	-74.506633	-86.732269	-140.130964
23458	9.860501	-0.752509	-0.049420	-0.137866	-0.149456	-0.294125	-75.347948	-86.919293	-139.367541
23459	9.832209	-0.772708	-0.109649	-0.112822	-0.142344	-0.293329	-76.205033	-87.106840	-138.568425
23460	9.733925	-0.662038	-0.146231	-0.067262	-0.134279	-0.287801	-77.064765	-87.286988	-137.746315
23461	9.613547	-0.547564	-0.093302	-0.038277	-0.138464	-0.282521	-78.099564	-87.466555	-136.726926
23462	9.555900	-0.369621	0.044911	-0.032089	-0.151427	-0.278337	-79.467007	-87.641671	-135.376703
23463	9.628979	-0.380234	0.103213	-0.057471	-0.151610	-0.286982	-81.059076	-87.822647	-133.810947
23464	9.663522	-0.519553	0.051680	-0.072656	-0.142465	-0.290375	-82.775060	-88.000466	-132.135541
23465	9.737310	-0.502522	0.041934	-0.036802	-0.140445	-0.296717	-84.768485	-88.182144	-130.156811
23466	9.893518	-0.360076	0.078713	-0.029161	-0.144746	-0.303161	-87.251531	-88.362576	-127.689410
23467	9.964770	-0.237355	-0.204989	-0.018585	-0.132819	-0.295618	-90.094395	-88.537222	-124.850978
23468	9.896656	-0.150678	-0.317010	0.042608	-0.125943	-0.281179	-93.422706	-88.697066	-121.497333
23469	9.802187	0.117268	-0.376424	0.094987	-0.130842	-0.269840	-97.781300	-88.846660	-117.078120
23470	9.792094	0.448797	-0.326339	0.118258	-0.139217	-0.259295	-103.499599	-88.978467	-111.291075
23471	9.839496	0.786566	-0.284057	0.079728	-0.135264	-0.247381	-110.657787	-89.093393	-104.080807
23472	9.923053	0.876197	-0.187356	0.029451	-0.127387	-0.236262	-119.107938	-89.185109	-95.612877
23473	9.886462	0.809841	-0.075987	-0.036188	-0.123664	-0.221696	-129.093047	-89.251230	-85.641794
23474	9.791804	0.530426	-0.006270	-0.073395	-0.101384	-0.208181	-139.256271	-89.294584	-75.519852
23475	9.735389	0.199786	-0.347299	-0.049846	-0.113728	-0.199705	-150.506607	-89.305503	-64.291179
23476	9.767260	-0.091237	-0.511252	-0.011765	-0.120635	-0.186077	-160.933927	-89.283208	-53.869850
23477	9.723061	-0.357826	-0.533739	0.042557	-0.131093	-0.178603	-170.381486	-89.231988	-44.391030
23478	9.740395	-0.319803	-0.704265	0.139960	-0.140221	-0.167540	-177.796610	-89.158113	-36.895011
23479	9.725902	-0.249861	-0.609525	0.162821	-0.142182	-0.159181	176.229870	-89.070505	-30.821539
23480	9.731449	-0.278175	-0.700032	0.178272	-0.147169	-0.154106	171.668320	-88.973349	-26.157196
23481	9.870415	-0.162131	-0.394251	0.156894	-0.136327	-0.157687	167.625740	-88.874875	-22.018185
23482	9.875409	-0.337150	-0.269361	0.117205	-0.128075	-0.174872	163.834216	-88.775031	-18.158721
23483	9.976164	-0.369861	-0.043991	0.135105	-0.131615	-0.181764	160.422376	-88.665628	-14.662961
23484	9.896251	-0.516637	0.070174	0.094756	-0.096102	-0.191376	157.082109	-88.570570	-11.267437
23485	9.781160	-0.562697	-0.112917	0.162488	-0.087029	-0.197971	153.930545	-88.472417	-8.016370
23486	9.692101	-0.447503	-0.297260	0.201104	-0.067815	-0.205086	150.937869	-88.379665	-4.907314
23487	9.703638	-0.374612	-0.456971	0.271033	-0.064468	-0.205107	148.239673	-88.282592	-2.047614
23488	9.826347	-0.030262	-0.394872	0.287144	-0.050176	-0.214759	145.604919	-88.187515	0.752976
23489	9.773565	0.278873	-0.380811	0.255175	-0.033751	-0.223876	142.897909	-88.091183	3.612512
23490	9.865626	0.819826	-0.374943	0.336214	-0.097363	-0.221570	141.221639	-87.965427	5.482516
23491	9.763380	1.038015	-0.223647	0.143825	-0.037120	-0.221749	139.016072	-87.861922	7.776947
23492	9.824649	1.075868	-0.124953	0.159487	-0.073130	-0.224077	137.386579	-87.741516	9.499080
23493	9.791168	1.024433	-0.147071	0.066453	-0.049602	-0.224570	135.620133	-87.626553	11.310305
23494	9.900793	0.897962	-0.253038	0.013723	-0.055853	-0.227957	134.040359	-87.507875	12.899371
23495	9.872571	0.504886	-0.355314	-0.020261	-0.032386	-0.226740	132.358817	-87.394655	14.576424
23496	9.875362	0.503367	-0.289819	0.008910	-0.042742	-0.222622	130.979545	-87.279718	15.962300
23497	9.782813	0.578800	-0.089110	-0.062697	-0.040673	-0.227827	129.599542	-87.159319	17.313460
23498	9.913945	0.678139	0.062132	-0.136575	-0.067450	-0.245758	128.413067	-87.022304	18.423118
23499	10.030269	1.083314	0.137720	-0.247407	-0.068561	-0.258776	127.178519	-86.875381	19.522963
23500	9.855862	0.876652	0.074087	-0.360781	-0.036127	-0.278880	125.615834	-86.731313	20.881058
23501	9.658093	1.029061	0.086873	-0.422956	-0.049390	-0.304962	124.095407	-86.566113	22.166966
23502	9.709535	1.097084	0.296509	-0.585784	-0.053489	-0.318310	122.588453	-86.393873	23.340516
23503	9.734194	0.858496	0.068535	-0.674696	-0.048175	-0.312384	121.132221	-86.221707	24.418166
23504	9.800366	0.500607	-0.122720	-0.670723	-0.036074	-0.299696	119.762664	-86.060300	25.405683
23505	9.686136	0.116695	-0.620717	-0.608225	-0.025657	-0.292810	118.466827	-85.901132	26.361094
23506	9.785528	0.349732	-0.921320	-0.459927	-0.068053	-0.279974	117.680204	-85.738460	26.885614
23507	9.722962	0.381343	-1.131528	-0.430837	-0.063916	-0.270905	116.955421	-85.578453	27.370477
23508	9.791135	0.584856	-0.897772	-0.387488	-0.068378	-0.258228	116.371599	-85.425941	27.733427
23509	9.755786	0.629965	-0.822337	-0.355048	-0.065083	-0.249866	115.836731	-85.275752	28.071463
23510	9.751007	0.889883	-0.495060	-0.332157	-0.069579	-0.260000	115.343825	-85.121519	28.375151
23511	9.747833	0.951605	-0.378485	-0.388790	-0.061920	-0.269940	114.767078	-84.961213	28.735956
23512	9.858192	0.747694	-0.459066	-0.418539	-0.055063	-0.269553	114.167384	-84.804972	29.097317
23513	9.724257	0.564243	-0.421912	-0.450768	-0.030402	-0.271346	113.431692	-84.650590	29.582240
23514	9.627347	0.236768	-0.440861	-0.436274	-0.043214	-0.288007	112.772720	-84.486563	29.993126
23515	9.687656	0.349122	-0.530035	-0.392738	-0.044739	-0.302842	112.142606	-84.311485	30.405403
23516	9.719038	0.200397	-0.391146	-0.378223	-0.039226	-0.308421	111.513634	-84.136623	30.819813
23517	9.718042	0.205126	-0.441457	-0.340963	-0.036649	-0.317158	110.904296	-83.954894	31.240974
23518	9.719376	0.364886	-0.353516	-0.306602	-0.044489	-0.328175	110.364017	-83.767545	31.607729
23519	9.806922	0.380624	-0.347009	-0.301871	-0.052281	-0.343224	109.862986	-83.568075	31.942416
23520	9.855946	0.513180	-0.330290	-0.317430	-0.049762	-0.346240	109.362335	-83.369292	32.263321
23521	9.895389	0.554274	-0.398495	-0.319923	-0.051174	-0.371761	108.850305	-83.154112	32.598633
23522	9.809704	0.533062	-0.293808	-0.338282	-0.041535	-0.381736	108.297138	-82.936921	32.960691
23523	9.799042	0.581618	-0.263852	-0.342781	-0.041587	-0.396536	107.748333	-82.709382	33.319889
23524	9.764995	0.602280	-0.379239	-0.331856	-0.035060	-0.411792	107.186380	-82.476071	33.694882
23525	9.795044	0.586657	-0.411000	-0.315622	-0.031209	-0.429651	106.624652	-82.231425	34.082899
23526	9.817991	0.651004	-0.559253	-0.276444	-0.034297	-0.438579	106.115660	-81.982628	34.436907
23527	9.912388	0.768781	-0.610087	-0.249990	-0.025507	-0.447370	105.605118	-81.728361	34.811360
23528	9.956350	0.841597	-0.512851	-0.253695	-0.020923	-0.444641	105.104129	-81.477420	35.170902
23529	9.797967	1.231941	-0.276780	-0.260105	-0.030439	-0.464435	104.640189	-81.212233	35.492577
23530	9.829243	1.340542	-0.023692	-0.367048	-0.021538	-0.475254	104.097497	-80.943347	35.829095
23531	9.825264	1.004597	-0.106213	-0.365893	-0.029656	-0.492926	103.594252	-80.661661	36.129536
23532	9.934874	1.064467	-0.243335	-0.307466	-0.033439	-0.504308	103.150376	-80.374134	36.401016
23533	10.101615	1.120791	-0.437267	-0.295363	-0.032126	-0.511098	102.725473	-80.081395	36.663191
23534	10.268290	1.319410	-0.370681	-0.264706	-0.021846	-0.511044	102.304885	-79.790902	36.936378
23535	10.381632	1.426732	-0.441714	-0.223838	-0.017006	-0.501707	101.918532	-79.504751	37.201250
23536	10.308395	1.956572	-0.349575	-0.187991	-0.000414	-0.494698	101.524215	-79.225289	37.492928
23537	9.899423	2.295335	-0.355355	-0.196582	0.007714	-0.491686	101.121339	-78.946973	37.790917
23538	9.594476	2.602856	-0.269739	-0.202447	-0.003096	-0.479473	100.768447	-78.675080	38.032472
23539	9.567205	2.641081	-0.394788	-0.238360	-0.006164	-0.474530	100.420706	-78.404172	38.250560
23540	9.692502	2.363285	-0.480386	-0.259981	0.002036	-0.467421	100.054198	-78.139037	38.472816
23541	9.731150	2.184549	-0.484908	-0.238980	0.004515	-0.455901	99.711798	-77.879082	38.685716
23542	9.732084	2.111240	-0.651595	-0.243405	0.010334	-0.458780	99.361477	-77.619084	38.901560
23543	9.725610	2.018597	-0.615500	-0.258182	0.004513	-0.463322	99.027984	-77.354413	39.094512
23544	9.515244	1.912113	-0.377873	-0.278439	0.012168	-0.469032	98.671773	-77.088242	39.296256
23545	9.507642	1.931860	-0.273872	-0.309960	0.014146	-0.483602	98.299714	-76.812443	39.498666
23546	9.413063	1.756335	-0.191066	-0.329514	0.025422	-0.499849	97.895187	-76.529297	39.720441
23547	9.323858	1.776017	-0.053612	-0.322703	0.035444	-0.513227	97.480739	-76.237789	39.959248
23548	9.236637	1.805327	-0.208220	-0.345062	0.039936	-0.530017	97.051172	-75.937836	40.198190
23549	9.267814	1.937502	-0.292851	-0.344055	0.033443	-0.543210	96.647762	-75.628457	40.413377
23550	9.160316	2.106417	-0.221661	-0.343815	0.040111	-0.553530	96.239573	-75.314334	40.631629
23551	9.105573	2.365821	-0.185471	-0.368821	0.034456	-0.575290	95.838173	-74.986102	40.830513
23552	9.146821	2.380257	-0.223331	-0.417059	0.033443	-0.597136	95.419017	-74.645993	41.017308
23553	9.107012	2.329309	-0.272311	-0.440521	0.046094	-0.613368	94.971612	-74.295951	41.221891
23554	9.086495	2.139903	-0.710909	-0.439885	0.074054	-0.629524	94.479688	-73.938535	41.471381
23555	9.283727	1.969617	-0.854587	-0.360540	0.073297	-0.637847	94.049774	-73.574894	41.706067
23556	9.626287	1.811047	-0.778998	-0.264592	0.074617	-0.635347	93.685446	-73.213188	41.928135
23557	9.883540	2.034180	-0.657455	-0.121568	0.066208	-0.626901	93.431885	-72.854946	42.122128
23558	9.950234	2.203647	-0.567334	-0.001009	0.083896	-0.620327	93.223421	-72.501558	42.339974
23559	9.777138	2.328691	-0.196964	0.061713	0.108131	-0.611583	93.017579	-72.153145	42.594470
23560	9.589531	2.337585	-0.160353	0.103941	0.121990	-0.602339	92.820161	-71.810707	42.864779
23561	9.395664	2.403750	-0.316269	0.175057	0.130413	-0.588711	92.659279	-71.475645	43.140988
23562	9.278715	2.659403	-0.403527	0.239702	0.134821	-0.579002	92.535291	-71.146434	43.416948
23563	9.229319	3.128144	-0.372343	0.215703	0.134501	-0.583773	92.405632	-70.814008	43.685611
23564	9.287697	3.384852	-0.442817	0.158093	0.124529	-0.588263	92.264992	-70.478854	43.930767
23565	9.353590	3.638236	-0.545700	0.113358	0.115897	-0.589672	92.119969	-70.142216	44.154603
23566	9.442920	3.636587	-0.751182	0.059200	0.119358	-0.585446	91.944207	-69.808144	44.377865
23567	9.358107	3.612711	-0.787078	0.014980	0.131738	-0.589084	91.731647	-69.471622	44.614704
23568	9.383836	3.731492	-0.330105	-0.034789	0.123409	-0.607547	91.508769	-69.124417	44.831746
23569	9.542415	3.660020	-0.058842	-0.095595	0.129139	-0.622659	91.250571	-68.767947	45.050782
23570	9.679269	3.398872	0.268829	-0.146089	0.138556	-0.640363	90.956271	-68.401432	45.277087
23571	9.645940	3.112446	0.454684	-0.180131	0.153566	-0.648414	90.630692	-68.029661	45.517521
23572	9.596897	2.935227	0.402838	-0.162832	0.167797	-0.650292	90.303317	-67.656698	45.770353
23573	9.583341	2.925312	0.524734	-0.116874	0.169310	-0.649838	90.010201	-67.283337	46.015776
23574	9.481630	2.971716	0.574198	-0.075747	0.187580	-0.657715	89.723670	-66.905117	46.279811
23575	9.351630	3.225087	0.701485	-0.051845	0.186518	-0.655715	89.461499	-66.527610	46.533017
23576	9.233180	3.541285	0.661594	-0.038454	0.192360	-0.646032	89.206592	-66.155111	46.787352
23577	9.094274	3.703709	0.667354	-0.007600	0.192743	-0.649941	88.977034	-65.780122	47.033759
23578	8.985596	3.885457	0.920192	-0.015233	0.208318	-0.645635	88.730199	-65.406825	47.295324
23579	8.777462	4.044807	0.868056	-0.043164	0.220530	-0.647746	88.460313	-65.031902	47.565015
23580	8.643858	4.047617	0.783922	-0.065295	0.211653	-0.639901	88.195848	-64.660859	47.815947
23581	8.588923	3.947111	0.516375	-0.084077	0.223577	-0.635179	87.913779	-64.292031	48.074758
23582	8.396100	3.592785	0.405732	-0.095642	0.222694	-0.634943	87.633496	-63.922566	48.325495
23583	8.506257	3.474814	0.304196	-0.083406	0.171980	-0.642313	87.426378	-63.549978	48.502644
23584	8.961590	3.587879	0.082659	-0.031766	0.153712	-0.632754	87.273989	-63.182794	48.652854
23585	9.239829	3.723711	-0.040088	0.023539	0.153314	-0.615845	87.156633	-62.825583	48.798866
23586	9.338938	3.725183	-0.253796	0.042286	0.171437	-0.617298	87.033470	-62.466433	48.964905
23587	9.087348	3.830454	0.171383	0.050730	0.194181	-0.597509	86.893017	-62.118352	49.155191
23588	8.594169	4.116869	0.200372	-0.010538	0.206369	-0.595823	86.708590	-61.769983	49.357425
23589	8.499852	3.972979	-0.201612	0.043769	0.180473	-0.601839	86.587321	-61.419511	49.522364
23590	8.531554	4.035062	-0.169520	0.081512	0.165969	-0.589470	86.505279	-61.075752	49.669306
23591	8.689464	3.709758	-0.823139	0.127292	0.161933	-0.590491	86.456187	-60.732285	49.807330
23592	8.657675	3.788078	-0.264857	0.167030	0.182749	-0.567906	86.409537	-60.400120	49.970869
23593	8.268592	4.473771	0.226775	0.169522	0.182037	-0.586209	86.368592	-60.058433	50.127988
23594	8.079630	4.956472	-0.081590	0.157325	0.135824	-0.622523	86.370590	-59.696652	50.229983
23595	8.083519	5.484180	0.065382	0.199218	0.054555	-0.632937	86.476916	-59.332834	50.237153
23596	7.925079	5.980951	0.000015	0.137545	0.023327	-0.627910	86.576473	-58.972019	50.213075
23597	7.811121	6.535142	-0.125547	0.098115	-0.022772	-0.620058	86.695273	-58.618011	50.138426
23598	7.672544	6.790538	-0.162749	-0.040753	-0.045561	-0.615639	86.753579	-58.266431	50.042688
23599	7.569580	6.694011	-0.154850	-0.196087	-0.053198	-0.619514	86.729176	-57.913325	49.938390
23600	7.544694	6.602911	0.096345	-0.363984	-0.051886	-0.605565	86.605840	-57.567768	49.837714
23601	7.523541	6.282956	0.200399	-0.449348	-0.032469	-0.584095	86.415940	-57.234099	49.757578
23602	7.530829	6.041585	0.330376	-0.460867	-0.000481	-0.548412	86.189690	-56.919670	49.712627
23603	7.567011	5.811900	0.413085	-0.427844	0.030618	-0.527911	85.956075	-56.615764	49.699405
23604	7.634725	5.815114	0.439809	-0.336486	0.036447	-0.500199	85.769019	-56.327557	49.692614
23605	7.658502	5.720470	0.484676	-0.261143	0.066302	-0.470572	85.599653	-56.054799	49.717220
23606	7.750059	5.656856	0.531800	-0.168731	0.070109	-0.450958	85.479331	-55.793246	49.745859
23607	7.807228	5.635187	0.634209	-0.081080	0.093836	-0.441896	85.390345	-55.535475	49.798389
23608	7.830355	5.700093	0.551194	-0.004176	0.094902	-0.430719	85.344009	-55.284285	49.851860
23609	7.838972	5.871150	0.530054	0.082243	0.088658	-0.405009	85.351735	-55.047731	49.900977
23610	7.698275	6.074265	0.630661	0.135666	0.088774	-0.390084	85.388587	-54.820031	49.951016
23611	7.580317	6.178631	0.721552	0.124154	0.089825	-0.388611	85.418683	-54.592735	50.002601
23612	7.542531	6.322655	0.714908	0.087627	0.081692	-0.395389	85.434389	-54.362357	50.045086
23613	7.558893	6.297934	0.772571	-0.007490	0.069871	-0.397932	85.406101	-54.130529	50.076244
23614	7.584619	6.116824	0.748126	-0.114527	0.059560	-0.406447	85.325016	-53.894835	50.095455
23615	7.577529	5.887349	0.770858	-0.201037	0.043371	-0.426742	85.209611	-53.647657	50.097540
23616	7.675429	5.539750	0.781113	-0.256316	0.018007	-0.436457	85.082839	-53.396802	50.072660
23617	7.629725	5.406199	0.714205	-0.284923	0.014679	-0.437769	84.943496	-53.144750	50.044646
23618	7.601214	5.274901	0.745402	-0.266643	-0.000588	-0.445724	84.826680	-52.889627	49.999731
23619	7.597448	5.316389	0.784674	-0.234409	-0.015457	-0.450820	84.740635	-52.631829	49.940770
23620	7.580036	5.520307	0.707151	-0.235521	-0.048349	-0.466980	84.678975	-52.367186	49.848499
23621	7.719430	5.547782	0.707089	-0.250118	-0.077801	-0.481984	84.631760	-52.095079	49.728444
23622	7.787771	5.572760	0.603360	-0.255487	-0.090386	-0.484496	84.589686	-51.822803	49.596105
23623	7.816093	5.580475	0.445508	-0.253293	-0.097678	-0.490729	84.554193	-51.546965	49.457707
23624	7.882077	5.526895	0.279014	-0.193165	-0.117442	-0.481738	84.565259	-51.277804	49.302065
23625	7.917892	5.698584	0.364392	-0.161864	-0.117712	-0.465203	84.592484	-51.017696	49.149142
23626	7.932189	5.656777	0.340964	-0.152469	-0.087681	-0.468464	84.602624	-50.754438	49.023591
23627	7.932312	5.599142	0.201601	-0.134412	-0.050883	-0.474187	84.597367	-50.485670	48.931663
23628	7.909733	5.554043	0.276422	-0.072954	-0.022162	-0.465307	84.605906	-50.220675	48.866396
23629	7.773375	6.035996	0.327968	0.037203	-0.015009	-0.431238	84.670219	-49.974581	48.810976
23630	7.633782	6.333171	0.534225	0.052664	0.002292	-0.404579	84.728966	-49.742866	48.773709
23631	7.545726	6.487082	0.644941	0.025747	0.040305	-0.392056	84.745972	-49.516196	48.771310
23632	7.540493	6.592645	0.717565	-0.032941	0.081447	-0.410304	84.702762	-49.277035	48.803476
23633	7.445988	6.590056	0.812027	-0.101137	0.092734	-0.408588	84.613815	-49.038122	48.845047
23634	7.373994	6.384086	0.925376	-0.132225	0.076012	-0.416186	84.518808	-48.795844	48.870695
23635	7.381482	6.031739	0.948946	-0.141179	0.072802	-0.403943	84.420946	-48.560585	48.893890
23636	7.439228	5.953913	1.097781	-0.079600	0.060589	-0.397015	84.365944	-48.330052	48.906557
23637	7.516631	5.912596	1.215876	-0.030830	0.072469	-0.401630	84.332135	-48.096175	48.928596
23638	7.631496	5.824567	0.990643	-0.041212	0.044824	-0.402626	84.309933	-47.863326	48.926810
23639	7.632850	5.909529	0.821116	0.020427	0.015884	-0.384366	84.340209	-47.642620	48.901772
23640	7.641667	6.376798	0.935534	0.070846	-0.007309	-0.362365	84.411962	-47.435654	48.859648
23641	7.407348	6.306902	1.010997	0.001380	0.018219	-0.351030	84.427140	-47.233909	48.839863
23642	7.515813	6.688584	1.089780	-0.009930	0.026181	-0.350794	84.430698	-47.031653	48.827361
23643	7.526006	6.877661	1.028242	-0.069697	0.058990	-0.366399	84.380989	-46.818922	48.840368
23644	7.525522	6.605010	1.008239	-0.120377	0.059095	-0.393945	84.304121	-46.590216	48.851333
23645	7.496789	6.130087	1.090138	-0.063689	0.055033	-0.408915	84.263365	-46.353493	48.856718
23646	7.526350	5.826096	0.904488	0.029992	0.061917	-0.408943	84.272311	-46.116065	48.868242
23647	7.590507	5.724182	0.746229	0.025084	0.087239	-0.369260	84.261101	-45.900258	48.902913
23648	7.725987	5.634440	1.044686	0.045944	0.072402	-0.359013	84.270237	-45.690695	48.927006
23649	8.105454	5.747350	1.157810	0.083825	0.109002	-0.337523	84.278403	-45.491964	48.981374
23650	8.294807	5.429775	0.917782	0.091065	0.097518	-0.380733	84.300295	-45.268594	49.024036
23651	8.606113	5.425040	0.863292	0.115899	0.098247	-0.387967	84.336179	-45.042057	49.064874
23652	8.551796	5.470874	0.814886	0.126726	0.073411	-0.397869	84.393358	-44.810313	49.086837
23653	9.054667	5.798740	0.618056	0.148414	0.047877	-0.395139	84.476560	-44.582939	49.086298
23654	8.837433	5.212210	0.485837	0.089382	0.060234	-0.452075	84.522355	-44.321041	49.094147
23655	9.282844	5.679459	0.687133	0.124131	-0.029757	-0.488308	84.638910	-44.045169	49.024790
23656	9.078920	5.729421	0.799660	-0.044459	-0.009981	-0.485558	84.647766	-43.767943	48.975399
23657	8.614185	5.462501	1.122513	-0.186613	-0.078948	-0.501239	84.612426	-43.487752	48.866400
23658	8.381845	5.657388	1.040442	-0.172639	-0.061550	-0.453037	84.573538	-43.231893	48.779078
23659	8.545119	6.070409	0.840726	-0.138970	-0.011271	-0.442942	84.525296	-42.981784	48.726905
23660	8.558949	6.114780	0.528698	-0.031527	0.035333	-0.498746	84.517550	-42.694636	48.711835
23661	8.802925	6.838237	0.258036	0.094115	-0.036569	-0.585127	84.622330	-42.365141	48.629512
23662	8.521483	7.362781	0.143713	0.091419	-0.116131	-0.628828	84.768567	-42.011773	48.489853
23663	8.218365	7.753265	0.226118	0.059729	-0.228028	-0.601860	84.949536	-41.682537	48.262261
23664	8.147156	7.842773	0.290665	-0.027675	-0.290518	-0.542263	85.107948	-41.386645	47.999537
23665	8.058323	7.667390	0.342250	-0.094687	-0.242215	-0.446313	85.196507	-41.146195	47.775148
23666	8.035005	7.269929	0.393372	0.000244	-0.209839	-0.323642	85.317835	-40.970532	47.590730
23667	8.059945	7.674500	0.230839	0.075143	-0.164965	-0.198553	85.452955	-40.867527	47.441959
23668	7.821214	7.736175	0.207907	0.052473	-0.139673	-0.102196	85.559379	-40.814603	47.325277
23669	7.423683	7.823569	0.149757	0.020673	-0.125168	-0.036783	85.636830	-40.802001	47.216429
23670	6.978859	8.237166	0.257861	0.051394	-0.167639	-0.018771	85.753063	-40.797656	47.083684
23671	6.522175	8.611640	0.387920	0.089684	-0.239208	0.004652	85.924819	-40.813147	46.891104
23672	6.067430	8.581756	0.397819	0.032741	-0.287309	0.031546	86.087786	-40.841792	46.670596
23673	5.596301	8.409457	0.424593	0.043424	-0.304087	0.086944	86.262864	-40.905794	46.433196
23674	5.355152	8.497825	0.193204	0.065982	-0.282929	0.192059	86.438465	-41.025059	46.223073
23675	4.938370	8.357941	0.428592	0.003208	-0.273617	0.325668	86.569765	-41.223230	46.019079
23676	5.041531	8.013792	0.187358	-0.081249	-0.270290	0.494592	86.648052	-41.514387	45.830241
23677	5.221068	7.749689	0.019340	-0.116483	-0.270835	0.717782	86.701147	-41.935977	45.643846
23678	5.505613	7.421709	0.176848	-0.225641	-0.265862	0.927382	86.685541	-42.474338	45.474678
23679	5.815063	6.902252	0.452134	-0.181245	-0.201406	1.136700	86.656557	-43.133017	45.358745
23680	6.058766	6.838698	0.765830	-0.081207	-0.080990	1.360505	86.614292	-43.913022	45.352594
23681	6.038228	6.827832	0.939446	-0.063785	0.127721	1.589612	86.455835	-44.819428	45.521378
23682	5.940787	6.997667	0.722363	-0.063643	0.282824	1.785891	86.193428	-45.829316	45.839136
23683	5.888660	7.121935	0.645952	-0.063528	0.360114	1.950380	85.863392	-46.931438	46.239436
23684	5.708134	7.003882	0.686037	-0.098573	0.392428	2.094768	85.467256	-48.110415	46.699976
23685	5.637146	6.787234	0.666797	-0.119599	0.427554	2.228390	85.003523	-49.363852	47.220925
23686	5.667547	6.510416	0.776104	-0.142368	0.478333	2.366860	84.452437	-50.688308	47.833576
23687	5.823605	6.120403	0.670886	-0.107851	0.522568	2.503666	83.838822	-52.086016	48.535536
23688	6.230203	6.192866	0.668104	0.001069	0.575165	2.662150	83.185555	-53.563675	49.356125
23689	6.084888	5.837241	0.612339	0.021611	0.615831	2.802073	82.434876	-55.113471	50.291521
23690	6.143510	5.549455	0.865106	0.001211	0.579131	2.948056	81.608898	-56.739669	51.289440
23691	6.386503	5.461571	1.012831	-0.038645	0.580751	3.082106	80.645482	-58.434142	52.401105
23692	6.445075	5.382196	1.234287	-0.078916	0.585174	3.210649	79.516434	-60.188122	53.661295
23693	6.882211	5.353731	1.277013	-0.074476	0.555278	3.302209	78.254555	-61.984292	55.051266
23694	7.011120	5.458962	1.160690	-0.049063	0.566551	3.373285	76.799376	-63.801228	56.654219
23695	7.381808	5.346994	1.016337	-0.004410	0.503334	3.415916	75.209796	-65.631497	58.407129
23696	7.496912	5.216879	0.889659	-0.071703	0.487094	3.412388	73.338018	-67.438057	60.402596
23697	7.607414	4.795864	0.685217	-0.203228	0.322890	3.396415	71.298839	-69.236875	62.469878
23698	7.507637	4.006410	1.219732	-0.373098	0.276544	3.500563	68.786484	-71.068688	64.913250
23699	8.100534	3.995325	1.511820	-0.391462	0.283297	3.593427	65.661901	-72.905561	67.961908
23700	8.436349	3.451341	1.363079	-0.311271	0.317495	3.613042	61.781296	-74.682885	71.816775
23701	8.477630	3.034979	1.152647	-0.160026	0.375950	3.595395	56.920068	-76.347872	76.742065
23702	8.361494	2.933218	1.131489	0.050966	0.231859	3.564668	51.244455	-77.927377	82.592917
23703	8.844837	3.205571	1.176173	-0.070798	0.222829	3.559311	43.899971	-79.351180	90.042202
23704	8.727678	2.276474	0.783805	-0.153359	0.179372	3.522088	34.634360	-80.555088	99.361737
23705	9.279555	1.745418	1.010618	-0.131085	0.107726	3.515505	23.216825	-81.482617	110.844638
23706	9.476688	1.532522	0.986434	-0.075672	0.151085	3.517490	9.689243	-81.977233	124.469113
23707	9.931553	0.962799	0.745576	0.052973	0.122527	3.512620	-4.613461	-82.000331	138.943355
23708	9.983612	0.751448	0.433914	0.161331	0.194730	3.483187	-17.901381	-81.501833	152.462195
23709	9.778245	0.511495	0.808697	0.213359	0.125458	3.465697	-29.202855	-80.642698	164.026554
23710	9.934879	0.391967	0.860383	0.223890	0.109324	3.408330	-38.179322	-79.507460	173.268607
23711	10.043451	-0.097315	0.745360	0.224911	0.132230	3.304929	-44.993116	-78.196044	-179.653741
23712	10.391013	-0.824792	0.865968	0.203735	0.175364	3.188709	-50.110870	-76.781985	-174.292504
23713	10.671450	-1.675106	1.210419	0.186283	0.227732	3.075903	-53.963027	-75.315843	-170.211086
23714	10.420807	-2.486537	1.057524	0.255276	0.254966	2.913762	-56.829560	-73.861304	-167.086198
23715	9.828961	-2.619280	1.194850	0.352784	0.241064	2.717195	-58.983029	-72.473000	-164.622704
23716	10.000895	-3.063428	1.850187	0.391038	0.212456	2.470546	-60.616677	-71.191075	-162.667648
23717	9.484112	-3.248864	1.757588	0.623934	0.273527	2.196330	-61.604038	-70.017613	-161.239409
23718	8.849636	-2.492226	2.044060	0.759732	0.222179	1.941754	-62.275567	-68.978691	-160.057759
23719	8.565051	-1.816443	2.115764	0.694554	0.058594	1.722647	-62.963389	-68.090821	-158.888583
23720	8.469476	-1.061588	2.037228	0.394452	-0.041371	1.549473	-63.766639	-67.310549	-157.776140
23721	8.268864	-1.600236	2.043490	-0.021048	-0.163772	1.369484	-64.785879	-66.648538	-156.678821
23722	8.693762	-2.387193	1.748674	-0.326391	-0.262972	1.155264	-65.924141	-66.112329	-155.640586
23723	8.511796	-3.033898	1.659533	-0.551062	-0.214287	0.881443	-66.949559	-65.702740	-154.859783
23724	8.616700	-4.185365	0.952188	-0.769297	-0.284310	0.544872	-67.992310	-65.479279	-154.198700
23725	8.563896	-4.719048	0.306942	-0.786185	-0.262513	0.237155	-68.864950	-65.412353	-153.731192
23726	8.573162	-4.830518	0.137359	-0.748188	-0.268245	-0.047944	-69.593902	-65.494937	-153.401060
23727	8.597634	-4.159685	0.219464	-0.629460	-0.242222	-0.294430	-70.120927	-65.705020	-153.215425
23728	8.557105	-2.994024	0.575411	-0.525098	-0.238351	-0.505854	-70.497984	-66.026256	-153.131900
23729	8.710816	-1.652930	0.736889	-0.372736	-0.236968	-0.666769	-70.722022	-66.435599	-153.117501
23730	8.738851	-0.500872	0.928496	-0.302437	-0.278864	-0.772535	-70.915514	-66.908460	-153.095464
23731	9.942211	-0.308366	0.942918	-0.353180	-0.411976	-0.709042	-71.343995	-67.373510	-152.846298
23732	10.566981	-1.857190	1.260771	-0.398612	-0.495813	-0.434279	-72.043592	-67.701231	-152.336374
23733	11.274078	-4.423564	2.992279	-0.683033	-0.424964	-0.125404	-72.958684	-67.847664	-151.765871
23734	11.129974	-8.543574	2.600223	-0.478677	-0.240658	0.048712	-73.585346	-67.862793	-151.385369
23735	10.516066	-9.843075	1.469276	0.269240	-0.121123	-0.045072	-73.585302	-67.911379	-151.214963
23736	9.628247	-8.923225	0.694225	0.692194	-0.153093	-0.220063	-73.316087	-68.059387	-151.077523
23737	8.965748	-7.295032	1.792803	0.866379	-0.240032	-0.317133	-73.025713	-68.276429	-150.853499
23738	9.011792	-6.877340	2.449999	0.964541	-0.254723	-0.361715	-72.679320	-68.519689	-150.631630
23739	9.434559	-5.829749	1.736032	1.188506	-0.260691	-0.394290	-72.197171	-68.782825	-150.417345
23740	9.415348	-4.291280	1.439254	1.251875	-0.226782	-0.413137	-71.618092	-69.050432	-150.269196
23741	9.489375	-2.844156	1.881509	1.171518	-0.203119	-0.422218	-71.042187	-69.319333	-150.166935
23742	9.289905	-1.762065	2.173147	1.028844	-0.165329	-0.421607	-70.487615	-69.580933	-150.129609
23743	9.105012	-1.115936	2.283330	0.822307	-0.123225	-0.411599	-69.989402	-69.829401	-150.157870
23744	8.867504	-0.647692	2.229837	0.640089	-0.118413	-0.418581	-69.578758	-70.080271	-150.204560
23745	8.975570	-0.640589	2.250623	0.405431	-0.121165	-0.424415	-69.298363	-70.335342	-150.254403
23746	9.140564	-1.364840	1.858612	0.217402	-0.131805	-0.456623	-69.119956	-70.609141	-150.311492
23747	9.377371	-2.155003	1.300232	0.157524	-0.153983	-0.492232	-68.985336	-70.907380	-150.356592
23748	9.580851	-2.754659	1.076437	0.149074	-0.174948	-0.498864	-68.882306	-71.212554	-150.375174
23749	9.693600	-3.029971	1.094039	0.151261	-0.189456	-0.490620	-68.803635	-71.517301	-150.364666
23750	9.639625	-3.136518	0.932390	0.181617	-0.184030	-0.483098	-68.702947	-71.815922	-150.361071
23751	9.586059	-3.244410	0.774074	0.236284	-0.162864	-0.479004	-68.536137	-72.108914	-150.392090
23752	9.440482	-3.248061	0.878724	0.294240	-0.141419	-0.469410	-68.303698	-72.391263	-150.459088
23753	9.298320	-3.022251	0.985163	0.315441	-0.139244	-0.471523	-68.048502	-72.675102	-150.535247
23754	9.402044	-2.731054	0.842138	0.317764	-0.162749	-0.477164	-67.823853	-72.965978	-150.579772
23755	9.610885	-2.629483	0.594844	0.287779	-0.186407	-0.491288	-67.642883	-73.270322	-150.594745
23756	9.965702	-2.391930	0.387849	0.306274	-0.208983	-0.531865	-67.458638	-73.600185	-150.603841
23757	10.343220	-1.639237	0.077198	0.318570	-0.231984	-0.577127	-67.270557	-73.959997	-150.607700
23758	10.550726	-0.976684	0.221008	0.253186	-0.266023	-0.602346	-67.160561	-74.339728	-150.571198
23759	10.357882	-0.365900	0.734249	0.155990	-0.283650	-0.601170	-67.139882	-74.724014	-150.497467
23760	10.042932	-0.124557	1.196969	0.063017	-0.266875	-0.574937	-67.163401	-75.089474	-150.435662
23761	9.703034	-0.275726	1.356320	0.010193	-0.243723	-0.551107	-67.192443	-75.438817	-150.396392
23762	9.582148	-0.591181	1.399031	0.000119	-0.221952	-0.534836	-67.198369	-75.773109	-150.390155
23763	9.552464	-0.948159	1.310820	-0.000712	-0.212859	-0.514157	-67.203261	-76.096351	-150.381773
23764	9.585391	-1.204049	1.098776	0.025329	-0.207722	-0.488758	-67.206342	-76.403146	-150.363608
23765	9.581510	-1.571407	0.825297	0.027532	-0.217158	-0.469958	-67.246130	-76.704140	-150.302416
23766	9.526802	-1.847789	0.651500	0.034889	-0.223890	-0.455225	-67.314637	-76.996786	-150.211481
23767	9.490979	-1.881148	0.474911	0.048834	-0.229881	-0.446081	-67.400432	-77.287981	-150.090627
23768	9.494153	-1.927334	0.353952	0.061524	-0.231748	-0.439505	-67.495896	-77.573975	-149.956646
23769	9.512441	-1.892069	0.260631	0.045220	-0.230499	-0.433336	-67.608264	-77.858485	-149.810966
23770	9.472280	-1.846495	0.340048	0.034720	-0.229518	-0.435578	-67.729123	-78.141798	-149.667011
23771	9.477761	-1.717111	0.533371	0.041672	-0.223303	-0.428083	-67.843282	-78.421851	-149.521876
23772	9.428832	-1.666891	0.686385	0.019858	-0.213745	-0.414380	-67.966666	-78.690387	-149.384321
23773	9.380758	-1.631452	0.923737	0.026746	-0.207447	-0.406885	-68.082547	-78.955661	-149.246417
23774	9.463156	-1.519226	0.972845	0.047894	-0.209696	-0.411229	-68.194615	-79.221545	-149.104276
23775	9.605126	-1.360333	0.942291	0.068640	-0.214436	-0.418043	-68.305872	-79.494124	-148.946915
23776	9.820165	-1.376756	0.910257	0.042486	-0.208842	-0.430318	-68.409547	-79.769890	-148.816706
23777	9.903914	-1.348247	0.744156	0.073151	-0.208221	-0.430191	-68.498951	-80.047550	-148.679150
23778	9.797692	-1.296443	0.571999	0.100311	-0.200249	-0.411086	-68.578640	-80.311184	-148.539879
23779	9.696064	-1.396704	0.349249	0.119506	-0.194963	-0.397045	-68.652656	-80.568352	-148.391160
23780	9.661680	-1.240272	0.251798	0.149686	-0.190691	-0.386148	-68.716415	-80.816625	-148.239572
23781	9.666007	-1.087994	0.167202	0.162341	-0.192140	-0.374619	-68.797758	-81.061199	-148.058748
23782	9.705140	-0.877009	0.261406	0.161481	-0.187985	-0.365699	-68.885482	-81.297918	-147.876272
23783	9.663607	-0.702519	0.366743	0.142326	-0.184618	-0.350691	-68.999460	-81.528133	-147.674142
23784	9.658171	-0.587567	0.391131	0.102779	-0.172970	-0.336964	-69.122364	-81.746293	-147.490322
23785	9.644481	-0.603257	0.468130	0.069661	-0.174759	-0.336095	-69.279875	-81.966653	-147.286305
23786	9.712058	-0.657288	0.565143	0.033494	-0.164515	-0.328031	-69.441184	-82.178175	-147.103986
23787	9.685450	-0.711177	0.538223	0.012463	-0.161707	-0.324031	-69.617869	-82.389364	-146.913740
23788	9.650178	-0.718783	0.546991	-0.003318	-0.165797	-0.317713	-69.841601	-82.595429	-146.689911
23789	9.621918	-0.734087	0.483002	-0.032340	-0.163972	-0.312502	-70.094123	-82.800716	-146.449161
23790	9.642057	-0.860926	0.343612	-0.053089	-0.160714	-0.301912	-70.376372	-82.997012	-146.195301
23791	9.704700	-0.961606	0.262894	-0.046536	-0.162075	-0.293457	-70.688763	-83.191379	-145.902579
23792	9.749117	-1.099329	0.192311	-0.047622	-0.149555	-0.285464	-70.974792	-83.376338	-145.641962
23793	9.750165	-1.065675	0.135910	0.004748	-0.145612	-0.279938	-71.235306	-83.559964	-145.372117
23794	9.723034	-1.022515	0.125917	0.020761	-0.145826	-0.273201	-71.514863	-83.737285	-145.078776
23795	9.667863	-0.969983	0.162002	0.032261	-0.146296	-0.270032	-71.811665	-83.915335	-144.756791
23796	9.719472	-0.764467	0.242222	0.046914	-0.156783	-0.267935	-72.177570	-84.091368	-144.361754
23797	9.722871	-0.772360	0.222666	0.018942	-0.147507	-0.270593	-72.527949	-84.269515	-143.993793
23798	9.749127	-0.817473	0.225230	0.002768	-0.144134	-0.271678	-72.889643	-84.444915	-143.628651
23799	9.757979	-0.899269	0.237749	0.000733	-0.147522	-0.275085	-73.290262	-84.625043	-143.220922
23800	9.767409	-0.981032	0.250165	0.003490	-0.145949	-0.271477	-73.713437	-84.800115	-142.793834
23801	9.697634	-0.966873	0.182521	0.027803	-0.140324	-0.272860	-74.115038	-84.977273	-142.369844
23802	9.557877	-0.971772	0.103173	0.031519	-0.147906	-0.271593	-74.595093	-85.152108	-141.869777
23803	9.655485	-0.997038	0.117229	0.028259	-0.157680	-0.292983	-75.142902	-85.342303	-141.299128
23804	9.748156	-0.583127	0.721595	-0.010630	-0.154141	-0.300383	-75.720438	-85.533164	-140.725765
23805	9.886868	-0.437057	0.312769	-0.056722	-0.152693	-0.299561	-76.368901	-85.725288	-140.103379
23806	9.814430	-0.511692	0.145743	-0.024366	-0.151902	-0.295148	-77.057153	-85.911870	-139.427183
23807	9.770384	-0.505921	0.032200	-0.059001	-0.129099	-0.288213	-77.658977	-86.093579	-138.853128
23808	9.685787	-0.563718	-0.143241	-0.015818	-0.135555	-0.286603	-78.347638	-86.272268	-138.171912
23809	9.624920	-0.444333	-0.095446	-0.011678	-0.142523	-0.278814	-79.183717	-86.449172	-137.336190
23810	9.654602	-0.398578	-0.108953	-0.008891	-0.142911	-0.271109	-80.116677	-86.618512	-136.406514
23811	9.772093	-0.329454	-0.126905	0.002599	-0.143058	-0.262918	-81.161622	-86.784678	-135.353659
23812	9.818293	-0.371025	-0.139562	-0.018696	-0.128008	-0.255972	-82.174859	-86.942117	-134.349519
23813	9.847626	-0.388670	-0.089235	0.002912	-0.125659	-0.246816	-83.279606	-87.095582	-133.236885
23814	9.792637	-0.466059	-0.153121	0.020367	-0.114391	-0.239352	-84.361184	-87.240541	-132.142187
23815	9.775624	-0.508512	-0.086083	0.061151	-0.117479	-0.232959	-85.596540	-87.383303	-130.865684
23816	9.654332	-0.461855	0.147018	0.065955	-0.112457	-0.226029	-86.896549	-87.518156	-129.526444
23817	9.640567	-0.297867	0.114216	0.098622	-0.128132	-0.226376	-88.564110	-87.654341	-127.796195
23818	9.735885	-0.290177	0.133404	0.091757	-0.132560	-0.229532	-90.488675	-87.787680	-125.817373
23819	9.788990	-0.312041	0.095207	0.085660	-0.129164	-0.230490	-92.635095	-87.921045	-123.615709
23820	9.830552	-0.289535	-0.135568	0.096142	-0.124058	-0.222044	-94.942997	-88.044215	-121.251135
23821	9.807279	-0.385688	-0.318036	0.108235	-0.120864	-0.215197	-97.512653	-88.162248	-118.613427
23822	9.799957	-0.442713	-0.281866	0.128909	-0.122031	-0.211432	-100.390538	-88.271614	-115.660129
23823	9.724371	-0.404720	-0.225363	0.150971	-0.120797	-0.196873	-103.591106	-88.370011	-112.367104
23824	9.549105	-0.467453	-0.271583	0.182692	-0.135965	-0.200559	-107.455900	-88.460023	-108.395990
23825	9.590887	-0.353103	-0.062178	0.183535	-0.148475	-0.201709	-112.115220	-88.541666	-103.625418
23826	9.562185	-0.316237	0.158576	0.191157	-0.145865	-0.203595	-117.183314	-88.612356	-98.446074
23827	9.625166	-0.205277	0.163515	0.181680	-0.150116	-0.204176	-122.931131	-88.671192	-92.588147
23828	9.709338	-0.310194	-0.161483	0.186172	-0.152529	-0.208426	-129.171075	-88.715057	-86.239754
23829	9.877341	-0.312139	-0.140219	0.183166	-0.137735	-0.218064	-135.776301	-88.753330	-79.523651
23830	9.953076	-0.255697	-0.358033	0.204419	-0.133985	-0.230291	-142.789330	-88.779117	-72.391714
23831	9.940074	-0.108122	-0.540464	0.195282	-0.130994	-0.230116	-150.056442	-88.787502	-65.006830
23832	9.907974	0.034770	-0.707828	0.214923	-0.143207	-0.232537	-157.374755	-88.769973	-57.563552
23833	10.018941	0.372009	-0.629865	0.206327	-0.148291	-0.226106	-164.353942	-88.728777	-50.460214
23834	9.975038	0.686560	-0.506650	0.139258	-0.117507	-0.217897	-170.417114	-88.686792	-44.315553
23835	9.884716	0.853932	-0.505393	0.058517	-0.095392	-0.224444	-176.303981	-88.643038	-38.389133
23836	9.846818	0.923029	-0.505721	0.011194	-0.099014	-0.222532	178.339760	-88.584704	-33.024751
23837	9.755926	0.677344	-0.274053	-0.129510	-0.082228	-0.218578	173.327228	-88.523575	-28.080174
23838	9.794482	0.218770	-0.323710	-0.156191	-0.075533	-0.220657	168.733402	-88.457096	-23.574133
23839	9.875568	-0.069969	-0.432600	-0.121776	-0.074468	-0.206802	164.751344	-88.382918	-19.655596
23840	9.873846	-0.274301	-0.463863	-0.085789	-0.059490	-0.203860	161.177268	-88.312068	-16.129060
23841	9.783656	-0.260991	-0.644268	-0.017492	-0.053693	-0.199928	157.907493	-88.237516	-12.863164
23842	9.746145	-0.027855	-0.706929	0.000211	-0.055200	-0.210802	154.810687	-88.156100	-9.764554
23843	9.795997	0.154287	-0.687229	-0.003578	-0.059510	-0.214961	151.907137	-88.064567	-6.856885
23844	9.862584	0.256391	-0.707106	-0.011857	-0.050091	-0.212145	149.269928	-87.975939	-4.224747
23845	9.826549	0.437995	-0.631760	-0.029886	-0.038231	-0.210370	146.733667	-87.887582	-1.699360
23846	9.834651	0.560749	-0.596364	-0.055313	-0.029473	-0.211905	144.328740	-87.801105	0.675710
23847	9.847791	0.576062	-0.400859	-0.115817	-0.025482	-0.211842	142.009780	-87.710696	2.934730
23848	9.815605	0.535513	-0.232884	-0.143756	-0.013827	-0.208359	139.811811	-87.625546	5.052244
23849	9.730398	0.469343	-0.202365	-0.147710	-0.001708	-0.201050	137.702584	-87.542920	7.083382
23850	9.668461	0.392324	-0.333735	-0.145714	-0.010456	-0.202082	135.822413	-87.455635	8.881938
23851	9.644945	0.441309	-0.313898	-0.142360	-0.021561	-0.200957	134.156582	-87.359581	10.472567
23852	9.769142	0.582594	-0.290256	-0.172200	-0.027756	-0.206053	132.620406	-87.259368	11.911829
23853	9.818660	0.673862	-0.362671	-0.226115	-0.037010	-0.207072	131.215645	-87.151089	13.193311
23854	9.971857	0.678630	-0.201710	-0.305502	-0.033181	-0.211289	129.817242	-87.043318	14.418411
23855	9.955435	0.498342	-0.281863	-0.363670	-0.010251	-0.221095	128.207797	-86.935416	15.826224
23856	9.868295	0.432014	-0.366194	-0.377573	-0.008817	-0.220637	126.696802	-86.828717	17.122973
23857	9.784972	0.416492	-0.430867	-0.389511	-0.016042	-0.221225	125.315784	-86.715111	18.287430
23858	9.754735	0.372692	-0.263716	-0.364350	-0.025727	-0.212479	124.168693	-86.603518	19.227532
23859	9.794157	0.292762	-0.254848	-0.360168	-0.006978	-0.201626	122.990602	-86.499512	20.205739
23860	9.722789	0.207481	-0.331537	-0.302544	-0.015199	-0.199031	121.990998	-86.395593	21.033763
23861	9.783749	0.131682	-0.225768	-0.261727	-0.019007	-0.201047	121.078593	-86.286308	21.802364
23862	9.861855	0.164173	-0.323010	-0.240252	-0.015608	-0.202604	120.200564	-86.178905	22.544519
23863	9.761532	0.164987	-0.514133	-0.217727	-0.015223	-0.208660	119.346821	-86.065552	23.279622
23864	9.760657	0.293046	-0.513701	-0.199718	-0.015421	-0.212977	118.537040	-85.951602	23.976842
23865	9.779358	0.477812	-0.507274	-0.213158	-0.015689	-0.222518	117.724188	-85.829815	24.673654
23866	9.946824	0.515736	-0.616767	-0.220403	-0.017107	-0.230237	116.936111	-85.705314	25.337440
23867	9.984699	0.498024	-0.441361	-0.271103	-0.001198	-0.238409	116.025424	-85.577730	26.099242
23868	9.885115	0.533580	-0.207180	-0.296778	0.007941	-0.250801	115.051529	-85.447313	26.905750
23869	9.835813	0.457469	-0.185599	-0.324290	-0.001024	-0.263278	114.131791	-85.305033	27.646248
23870	9.784916	0.228897	0.070869	-0.341762	0.013028	-0.267935	113.152093	-85.164774	28.433034
23871	9.718823	0.147060	-0.080010	-0.306869	0.008735	-0.278154	112.241876	-85.015002	29.174127
23872	9.622294	0.153053	-0.154458	-0.255347	0.015034	-0.292190	111.339209	-84.860226	29.933640
23873	9.596952	0.313197	-0.387482	-0.189521	-0.003653	-0.289926	110.635294	-84.699931	30.535205
23874	9.639882	0.524882	-0.449326	-0.140420	-0.008251	-0.288759	110.025552	-84.540707	31.067023
23875	9.674096	0.795563	-0.456363	-0.124476	-0.011429	-0.280754	109.490657	-84.382802	31.536388
23876	9.795213	1.046452	-0.450766	-0.139889	-0.010608	-0.284923	108.961736	-84.224276	31.987578
23877	9.855729	1.182938	-0.296254	-0.160302	-0.009097	-0.287733	108.435468	-84.062214	32.427882
23878	9.841414	1.197331	-0.237745	-0.182115	-0.002589	-0.284843	107.893077	-83.904361	32.868550
23879	9.838120	1.150466	-0.307058	-0.174253	-0.000870	-0.281143	107.378097	-83.746510	33.289746
23880	9.772046	1.092526	-0.223853	-0.144031	0.002789	-0.271291	106.898923	-83.596183	33.689025
23881	9.572538	1.075861	-0.228625	-0.104486	0.001352	-0.264385	106.479985	-83.447179	34.054031
23882	9.465530	1.135834	-0.249013	-0.056606	-0.006847	-0.254281	106.156539	-83.304038	34.347199
23883	9.565329	1.253441	-0.321296	-0.023746	-0.018264	-0.250473	105.923134	-83.159148	34.572148
23884	9.717447	1.215750	-0.372780	-0.011347	-0.020276	-0.246840	105.718751	-83.017723	34.771680
23885	9.766861	1.285710	-0.446996	-0.005738	-0.019814	-0.240127	105.532885	-82.878114	34.959265
23886	9.821228	1.225935	-0.501790	-0.018210	-0.018622	-0.245409	105.334447	-82.737571	35.148964
23887	9.817022	1.176846	-0.501452	-0.031894	-0.011831	-0.243482	105.110173	-82.597150	35.360284
23888	9.834478	1.031369	-0.448407	-0.042647	0.000055	-0.254788	104.824268	-82.453990	35.624200
23889	9.732062	0.936490	-0.424695	-0.061232	-0.000556	-0.264556	104.531597	-82.303310	35.887652
23890	9.675970	0.847333	-0.537597	-0.075282	0.004874	-0.276131	104.206337	-82.148638	36.172601
23891	9.644992	0.755060	-0.437484	-0.090483	0.005286	-0.290895	103.869824	-81.983824	36.463468
23892	9.647437	0.728894	-0.345383	-0.104742	0.007394	-0.306580	103.513266	-81.812098	36.763211
23893	9.750143	0.800936	-0.324637	-0.116910	0.000380	-0.325069	103.175229	-81.627220	37.040378
23894	9.740792	0.841187	-0.364332	-0.120216	0.008242	-0.339254	102.805496	-81.436856	37.344758
23895	9.751921	0.884414	-0.304568	-0.120852	0.018713	-0.353454	102.402485	-81.238010	37.685448
23896	9.563235	0.903786	-0.129112	-0.113749	0.023319	-0.371590	101.987907	-81.030757	38.039289
23897	9.432958	1.012051	-0.033936	-0.098648	0.020775	-0.377449	101.605729	-80.818105	38.371954
23898	9.421316	1.153069	-0.097614	-0.089935	0.018474	-0.386670	101.244276	-80.601118	38.686210
23899	9.551039	1.305441	-0.270061	-0.067652	0.016883	-0.396855	100.911158	-80.376577	38.987388
23900	9.692656	1.396292	-0.311133	-0.072531	0.016521	-0.402535	100.585638	-80.149867	39.275716
23901	9.740075	1.509348	-0.477982	-0.075914	0.016445	-0.408797	100.270334	-79.918058	39.554315
23902	9.754528	1.600144	-0.425616	-0.112365	0.015486	-0.420411	99.942562	-79.680628	39.822154
23903	9.758453	1.676013	-0.315925	-0.149014	0.013813	-0.433554	99.607459	-79.434084	40.078664
23904	9.808028	1.640589	-0.219917	-0.169044	0.011557	-0.439330	99.276501	-79.185057	40.317119
23905	9.787791	1.602274	-0.199758	-0.164512	0.019426	-0.445631	98.936935	-78.931704	40.569488
23906	9.780412	1.581275	-0.309176	-0.145730	0.024128	-0.455187	98.602016	-78.674294	40.826008
23907	9.680578	1.465787	-0.610024	-0.095821	0.029252	-0.454912	98.296071	-78.416038	41.084568
23908	9.796679	1.517995	-0.625827	-0.039792	0.025336	-0.456797	98.042323	-78.157305	41.320650
23909	9.950488	1.532864	-0.510533	-0.023582	0.025534	-0.456849	97.809441	-77.897278	41.547193
23910	9.942808	1.774377	-0.238657	-0.015355	0.016351	-0.465345	97.609910	-77.632624	41.742583
23911	9.922557	1.877757	-0.252616	-0.032673	0.026851	-0.481967	97.378474	-77.358163	41.962626
23912	9.929356	1.771928	-0.135163	-0.017030	0.033750	-0.487777	97.144758	-77.081704	42.192498
23913	9.991014	1.646897	-0.088530	0.010862	0.042081	-0.492449	96.916610	-76.802049	42.435121
23914	9.968120	1.645748	-0.207323	0.041723	0.051847	-0.491402	96.691096	-76.524358	42.691679
23915	9.882022	1.785045	-0.303602	0.082062	0.057199	-0.488032	96.488159	-76.247919	42.950678
23916	9.758004	1.993272	-0.279606	0.094754	0.055047	-0.491513	96.303971	-75.969954	43.196568
23917	9.684862	2.206166	-0.351320	0.081259	0.060610	-0.495345	96.108627	-75.689247	43.447733
23918	9.649239	2.324565	-0.518817	0.056369	0.063782	-0.498531	95.898535	-75.407408	43.698270
23919	9.640429	2.478913	-0.480810	0.050438	0.067281	-0.491398	95.689313	-75.128935	43.946115
23920	9.667396	2.628841	-0.522212	0.031857	0.067915	-0.488423	95.475634	-74.852638	44.186469
23921	9.527314	2.726103	-0.382766	-0.021006	0.074788	-0.490212	95.227058	-74.574766	44.433334
23922	9.542502	2.752467	-0.397125	-0.087499	0.078734	-0.499568	94.938173	-74.292126	44.681409
23923	9.513301	2.527810	-0.314897	-0.137097	0.083381	-0.505290	94.621950	-74.005406	44.930168
23924	9.497440	2.182040	-0.110451	-0.141311	0.082397	-0.516832	94.311798	-73.712369	45.168993
23925	9.526393	2.032175	-0.156297	-0.127728	0.080876	-0.529760	94.021686	-73.410916	45.396752
23926	9.602673	1.956566	-0.184159	-0.081168	0.076385	-0.538485	93.773007	-73.104621	45.608109
23927	9.685910	1.998962	-0.048538	-0.041251	0.079537	-0.553486	93.549024	-72.789134	45.819015
23928	9.707638	2.280545	0.036674	0.027090	0.079519	-0.555582	93.369988	-72.472712	46.023103
23929	9.725176	2.628675	0.088685	0.055638	0.078362	-0.560302	93.216815	-72.153038	46.218424
23930	9.695020	2.903655	0.120728	0.051782	0.079249	-0.562027	93.064552	-71.832586	46.409963
23931	9.593722	3.033777	0.213370	0.018435	0.082830	-0.561895	92.894300	-71.511878	46.601400
23932	9.486619	3.294813	0.243340	-0.034981	0.085418	-0.570282	92.693658	-71.186522	46.792247
23933	9.382223	3.183301	0.124815	-0.098525	0.085570	-0.573235	92.464028	-70.858996	46.976291
23934	9.388650	3.133829	0.201408	-0.101358	0.086282	-0.571654	92.237626	-70.532413	47.154886
23935	9.336361	3.031475	0.062005	-0.108589	0.086843	-0.579691	92.013224	-70.200779	47.327935
23936	9.345390	3.090797	0.025733	-0.084933	0.085822	-0.570233	91.809938	-69.874558	47.492683
23937	9.282043	3.191771	0.066760	-0.053571	0.088991	-0.558955	91.626669	-69.554482	47.656100
23938	9.205607	3.447515	0.019360	-0.042533	0.086519	-0.558085	91.457961	-69.234873	47.810545
23939	9.099054	3.579593	-0.072147	-0.063914	0.094130	-0.559596	91.271261	-68.914180	47.971927
23940	9.034602	3.620004	-0.113023	-0.062683	0.096939	-0.552632	91.085796	-68.597479	48.132625
23941	9.170850	3.615034	-0.109882	-0.052650	0.096728	-0.545010	90.912184	-68.284793	48.287595
23942	9.249536	3.596124	0.061184	-0.064277	0.104277	-0.543728	90.725193	-67.972894	48.449650
23943	9.193282	3.654231	-0.035053	-0.067037	0.103095	-0.537766	90.543818	-67.664055	48.604757
23944	9.061479	3.691877	-0.063396	-0.074738	0.097279	-0.537830	90.369921	-67.355128	48.746868
23945	8.892819	3.684208	-0.005756	-0.067874	0.101343	-0.534600	90.199264	-67.047759	48.890501
23946	8.768312	3.685912	0.104124	-0.079613	0.105595	-0.532084	90.019699	-66.741809	49.036379
23947	8.716937	3.866958	0.158471	-0.079022	0.105205	-0.532794	89.845738	-66.435148	49.177286
23948	8.710059	4.043775	0.175221	-0.093262	0.098772	-0.530981	89.675364	-66.129503	49.305260
23949	8.736965	4.103486	0.166923	-0.097463	0.097753	-0.522864	89.508063	-65.828216	49.427988
23950	8.745491	4.250563	0.176542	-0.097135	0.099491	-0.513294	89.341564	-65.532404	49.549876
23951	8.686753	4.199449	0.152057	-0.113822	0.112477	-0.505702	89.153163	-65.240512	49.686124
23952	8.606394	4.276294	0.139179	-0.095722	0.125902	-0.497829	88.961606	-64.952995	49.837101
23953	8.499044	4.164141	0.216183	-0.081762	0.135796	-0.498541	88.770343	-64.664538	49.997503
23954	8.460936	4.108292	0.087490	-0.061445	0.142792	-0.486724	88.585325	-64.382743	50.163706
23955	8.561996	4.051568	0.049719	-0.016917	0.143818	-0.478412	88.428435	-64.105260	50.327969
23956	8.583631	4.088092	0.097703	0.028197	0.149318	-0.473788	88.293558	-63.830377	50.496309
23957	8.571117	4.175357	-0.044650	0.062876	0.141750	-0.470544	88.190650	-63.557125	50.652103
23958	8.670925	4.205058	-0.173619	0.068036	0.131628	-0.464604	88.104141	-63.287554	50.792678
23959	8.698587	4.328067	-0.044983	0.086863	0.118105	-0.447540	88.045701	-63.027743	50.914769
23960	8.737158	4.326962	-0.140618	0.056421	0.120384	-0.439856	87.968259	-62.772415	51.038333
23961	8.727997	4.411334	-0.039750	0.035330	0.121725	-0.441482	87.879788	-62.515867	51.161555
23962	8.640526	4.416627	0.077763	-0.001341	0.124145	-0.443606	87.769233	-62.258131	51.285713
23963	8.605376	4.379831	0.165955	0.005080	0.119659	-0.443822	87.669885	-62.000105	51.402203
23964	8.514980	4.340958	0.118141	-0.018204	0.107496	-0.452525	87.571986	-61.737457	51.501649
23965	8.582385	4.360112	0.110087	-0.035439	0.091066	-0.460926	87.484310	-61.470192	51.579006
23966	8.621954	4.352952	0.131208	-0.066042	0.077942	-0.471376	87.394285	-61.197363	51.638744
23967	8.547164	4.372585	0.233950	-0.116491	0.066080	-0.475975	87.289834	-60.922074	51.682535
23968	8.571498	4.239137	0.282621	-0.140442	0.055435	-0.492920	87.184180	-60.637438	51.711658
23969	8.509212	4.239385	0.336905	-0.148929	0.048815	-0.515196	87.083195	-60.340185	51.730234
23970	8.473567	4.207187	0.424497	-0.163036	0.038819	-0.529257	86.985431	-60.035202	51.735514
23971	8.403545	4.197772	0.420600	-0.187907	0.045852	-0.542471	86.868654	-59.722485	51.746472
23972	8.366752	4.245737	0.464854	-0.234526	0.041799	-0.553843	86.730606	-59.403333	51.751001
23973	8.281106	4.360324	0.615801	-0.250742	0.039513	-0.559705	86.587508	-59.081037	51.750576
23974	8.263575	4.682737	0.629234	-0.238805	0.035261	-0.571018	86.456863	-58.752282	51.743628
23975	8.273573	4.858674	0.687297	-0.258512	0.030526	-0.573356	86.320928	-58.422566	51.729445
23976	8.336251	5.014983	0.734302	-0.287141	0.027091	-0.587628	86.173541	-58.084642	51.709568
23977	8.354633	5.032203	0.679949	-0.290887	0.030384	-0.600757	86.023164	-57.739332	51.690348
23978	8.370356	4.949357	0.724998	-0.281295	0.033262	-0.614724	85.877609	-57.385731	51.672117
23979	8.431613	4.918372	0.656039	-0.330615	0.049855	-0.620181	85.690901	-57.028597	51.668780
23980	8.371363	4.893451	0.610242	-0.308077	0.046524	-0.607806	85.520778	-56.678431	51.661419
23981	8.345250	4.985514	0.723103	-0.273559	0.063950	-0.598806	85.356246	-56.332946	51.670510
23982	8.312576	5.064008	0.644996	-0.212947	0.075147	-0.609474	85.219110	-55.980508	51.688998
23983	8.263715	5.161598	0.615019	-0.183192	0.084416	-0.618672	85.093222	-55.622731	51.713896
23984	8.238093	5.128132	0.544126	-0.209775	0.099379	-0.626577	84.941878	-55.259281	51.752001
23985	8.176415	5.047296	0.515163	-0.197219	0.090032	-0.624559	84.806837	-54.897848	51.778358
23986	8.227018	5.008938	0.590895	-0.224357	0.111225	-0.625601	84.640981	-54.534225	51.824343
23987	8.161216	5.064808	0.500788	-0.165790	0.115992	-0.619210	84.506091	-54.174443	51.872748
23988	8.105633	5.500975	0.824306	-0.123886	0.123557	-0.600995	84.389635	-53.824045	51.929241
23989	8.157991	5.573615	0.728634	-0.087015	0.152499	-0.611742	84.274073	-53.466402	52.009993
23990	8.162148	5.739474	0.746117	-0.121242	0.158927	-0.655446	84.139498	-53.082782	52.091509
23991	8.148576	5.483549	0.722279	-0.206257	0.146909	-0.682322	83.969410	-52.685057	52.155679
23992	8.253739	5.170082	0.769020	-0.193202	0.134973	-0.710235	83.820304	-52.271425	52.204393
23993	8.398176	4.838565	0.903901	-0.140917	0.127775	-0.729938	83.709482	-51.847677	52.241394
23994	8.444311	4.333862	0.949928	-0.116895	0.149150	-0.754791	83.600813	-51.407655	52.294862
23995	8.495748	3.822809	0.804791	-0.098179	0.157768	-0.779209	83.499972	-50.954068	52.350458
23996	8.397191	3.770571	1.014097	-0.054675	0.133894	-0.780496	83.442674	-50.500303	52.384297
23997	8.595599	3.919372	1.189081	0.015333	0.112602	-0.765843	83.439044	-50.057554	52.398092
23998	8.604105	4.087430	1.046740	0.114796	0.105020	-0.791172	83.499979	-49.599592	52.404719
23999	8.965308	4.266857	0.665706	0.118219	0.093091	-0.849453	83.573851	-49.110868	52.393522
24000	9.276472	4.316238	0.735879	0.001195	0.098854	-0.891923	83.580291	-48.595947	52.386176
24001	9.252186	4.804656	0.884549	-0.062371	0.084064	-0.930868	83.561651	-48.061829	52.359414
24002	9.476980	4.366539	0.724417	-0.085203	-0.017686	-0.981993	83.597848	-47.503093	52.244921
24003	9.688550	4.583892	0.774663	-0.076899	-0.004344	-0.998519	83.628718	-46.936477	52.138151
24004	9.434587	4.927588	0.635291	0.027350	-0.044597	-0.966696	83.740278	-46.388010	52.006615
24005	9.525362	5.291082	0.520615	0.008516	-0.029913	-0.907623	83.824696	-45.874978	51.890769
24006	8.940519	5.067251	0.291130	-0.043478	-0.034809	-0.916225	83.881721	-45.354399	51.776420
24007	8.384537	6.023418	0.440117	0.042996	-0.031954	-0.795142	83.976093	-44.905750	51.671819
24008	8.116708	5.971531	0.205283	0.111208	-0.131896	-0.718168	84.160409	-44.503496	51.500686
24009	8.390235	6.562424	0.196656	0.188484	-0.115245	-0.590057	84.368589	-44.176336	51.350809
24010	8.304122	6.969097	0.011514	0.165325	-0.051192	-0.483566	84.521496	-43.902601	51.267414
24011	7.953897	7.550854	-0.413714	0.247192	-0.055765	-0.371284	84.715721	-43.696559	51.184707
24012	7.549621	8.171019	-0.506551	0.265508	-0.047190	-0.267044	84.910641	-43.545789	51.122973
24013	7.178990	8.378591	-0.329818	0.175170	-0.043313	-0.216626	85.047858	-43.427031	51.062940
24014	7.034450	8.643474	-0.271450	0.145365	-0.055219	-0.216911	85.174836	-43.305043	50.999610
24015	7.076914	8.957257	-0.066903	0.065114	-0.101778	-0.207379	85.279369	-43.194040	50.895467
24016	7.229950	8.824780	-0.338668	0.003885	-0.216762	-0.138220	85.407578	-43.124320	50.711581
24017	6.840994	8.930812	-0.114267	-0.141948	-0.290763	-0.025953	85.486330	-43.125092	50.471870
24018	6.408757	8.602599	0.217068	-0.299003	-0.335903	0.096856	85.494714	-43.194668	50.209454
24019	6.412778	8.109521	0.443313	-0.300665	-0.332631	0.239583	85.494787	-43.348649	49.953028
24020	6.422853	7.670707	0.705245	-0.222165	-0.297921	0.415870	85.515039	-43.598692	49.738865
24021	6.693053	7.124844	0.646794	-0.140267	-0.232765	0.623809	85.539140	-43.967443	49.583181
24022	6.767521	7.171134	0.825875	-0.042187	-0.153942	0.837878	85.568313	-44.452024	49.506956
24023	6.601660	6.983598	0.941282	-0.050178	-0.009919	1.020128	85.503957	-45.037163	49.552893
24024	6.411056	6.990338	1.041541	0.030653	0.035478	1.165495	85.451821	-45.700386	49.651101
24025	6.222849	7.025374	1.045756	0.045540	0.078194	1.295167	85.373930	-46.438415	49.790910
24026	5.884504	6.945073	0.917682	0.057186	0.054998	1.408845	85.307654	-47.239533	49.926943
24027	6.192777	7.517166	1.130019	0.108199	0.045711	1.547638	85.265112	-48.122880	50.063965
24028	5.864130	7.580329	0.998822	0.049870	0.111367	1.662872	85.135805	-49.066103	50.274700
24029	5.823113	7.282334	0.885986	0.002909	0.117816	1.774551	84.959926	-50.074752	50.503992
24030	6.147017	7.131520	0.996467	-0.056690	0.125082	1.907850	84.725776	-51.156177	50.765141
24031	6.514707	6.841424	1.127684	-0.110505	0.166687	2.054401	84.405315	-52.320220	51.089122
24032	6.675231	6.610506	1.100410	-0.167973	0.215417	2.201903	83.982851	-53.562084	51.498113
24033	6.641361	6.225078	1.085452	-0.192396	0.248859	2.348937	83.477086	-54.885450	51.982415
24034	6.635472	5.988937	1.200129	-0.223669	0.286547	2.500304	82.868297	-56.287647	52.565183
24035	6.650105	5.844070	1.362330	-0.216445	0.312941	2.618082	82.175080	-57.752651	53.240762
24036	6.619402	5.738040	1.484065	-0.226377	0.341329	2.730529	81.370456	-59.272460	54.032347
24037	6.740470	5.773574	1.383848	-0.187827	0.377468	2.817764	80.455788	-60.833461	54.961065
24038	6.785998	5.788182	1.263862	-0.208972	0.360158	2.884234	79.433007	-62.424161	55.987475
24039	6.988438	5.456490	1.250204	-0.244297	0.304751	2.927067	78.319067	-64.036887	57.076091
24040	7.380698	5.209965	1.207804	-0.292751	0.295814	2.989074	77.028250	-65.673599	58.316788
24041	7.873097	5.033852	1.206205	-0.244198	0.263817	3.047049	75.608813	-67.334932	59.710127
24042	7.912478	4.286094	1.197705	-0.305767	0.234567	3.087934	73.960664	-69.006923	61.296848
24043	8.241218	3.999187	1.363119	-0.274205	0.211604	3.153661	72.057918	-70.700441	63.154687
24044	8.306390	3.301428	1.476095	-0.253849	0.281713	3.236076	69.644265	-72.399545	65.545672
24045	8.452803	3.400210	1.442226	-0.030577	0.357090	3.288385	66.680833	-74.073793	68.620816
24046	8.059837	3.477852	1.457215	-0.001107	0.303346	3.321565	63.119042	-75.724867	72.309050
24047	8.768553	3.715547	1.155128	0.128657	0.281453	3.331900	58.748339	-77.317503	76.877980
24048	8.669647	3.105595	1.038572	-0.002091	0.253109	3.313241	53.166573	-78.812332	82.581343
24049	8.896083	2.861980	1.245344	-0.049471	0.213702	3.310583	46.016099	-80.181595	89.823669
24050	9.207000	2.341934	1.219393	-0.065795	0.182960	3.309550	36.808465	-81.363232	99.112984
24051	9.147946	2.296946	1.105719	-0.033976	0.264789	3.324410	24.914488	-82.217225	111.109296
24052	9.602275	1.443969	0.946268	-0.006730	0.213790	3.312976	10.973901	-82.692346	125.166593
24053	9.309802	1.586140	0.864439	0.066077	0.324262	3.315272	-3.826729	-82.628357	140.126741
24054	9.721205	0.753071	0.953403	0.154534	0.173617	3.284036	-17.500073	-82.183171	154.009299
24055	9.839597	0.682271	1.100061	0.211047	0.233931	3.262250	-28.889401	-81.323456	165.639491
24056	10.123818	0.162471	0.867592	0.299093	0.209158	3.215577	-37.798241	-80.210951	174.838132
24057	10.179406	-0.002089	1.139134	0.341616	0.275977	3.144775	-44.417232	-78.908801	-178.231995
24058	9.977716	-0.251448	1.341346	0.432378	0.278349	3.089884	-49.416068	-77.508824	-172.872694
24059	9.738171	-0.762358	1.182406	0.586951	0.277956	2.963500	-53.089282	-76.087884	-168.753256
24060	9.739578	-1.170381	1.098764	0.727265	0.230808	2.816863	-55.867735	-74.700089	-165.451494
24061	9.832958	-1.338886	1.326833	0.718744	0.285774	2.630887	-57.862975	-73.351861	-162.946223
24062	9.476737	-1.644384	1.097803	0.829619	0.315680	2.407884	-59.214601	-72.083493	-161.032802
24063	8.924230	-1.395253	1.729097	0.791839	0.334948	2.175941	-60.153363	-70.914177	-159.562564
24064	8.945823	-1.945132	2.453317	0.523964	0.215848	1.902595	-61.061380	-69.906543	-158.279965
24065	8.296387	-1.771678	2.346774	0.289280	0.133679	1.645650	-61.924103	-69.045281	-157.179650
24066	8.058107	-2.477469	2.255830	0.106860	0.052825	1.367219	-62.734024	-68.340261	-156.244416
24067	7.888933	-3.331803	2.423814	-0.003935	-0.092705	1.037824	-63.527969	-67.837675	-155.388820
24068	8.077975	-4.577682	1.623878	-0.109853	-0.131542	0.661190	-64.169523	-67.533581	-154.763180
24069	8.108689	-5.276982	0.995545	-0.130781	-0.170499	0.258844	-64.617421	-67.445686	-154.357474
24070	8.442094	-5.522644	0.303760	-0.123043	-0.164295	-0.139130	-64.818225	-67.560671	-154.216241
24071	8.394346	-4.586408	0.115859	-0.026177	-0.154313	-0.496716	-64.738804	-67.859161	-154.316837
24072	8.537813	-3.076014	-0.119810	0.041771	-0.161579	-0.776455	-64.455596	-68.303448	-154.596120
24073	9.218448	-1.710204	0.206680	-0.028385	-0.239991	-0.911068	-64.218629	-68.836867	-154.866834
24074	9.941620	-1.652465	0.094240	-0.117914	-0.355046	-0.814119	-64.242418	-69.348102	-154.913497
24075	10.180435	-1.556679	1.952049	-0.332672	-0.321781	-0.600216	-64.487298	-69.741559	-154.853812
24076	10.687793	-3.450227	2.465531	-0.584229	-0.378907	-0.313274	-65.157660	-69.999056	-154.496163
24077	11.272934	-5.453240	1.804591	-0.501797	-0.353383	-0.031593	-65.939996	-70.103017	-153.967799
24078	10.597319	-7.664392	2.068375	-0.423959	-0.091937	-0.040894	-66.298119	-70.148397	-153.845097
24079	9.748518	-6.522726	1.063617	0.190352	0.009589	-0.254343	-66.019400	-70.282700	-154.024172
24080	8.930809	-4.205594	1.267059	0.373075	-0.031615	-0.451890	-65.562084	-70.528920	-154.282509
24081	8.896882	-4.159896	2.102133	0.378952	-0.213728	-0.541115	-65.303416	-70.864774	-154.325853
24082	9.963924	-4.056080	2.133455	0.568943	-0.315501	-0.530499	-65.092478	-71.219199	-154.204019
24083	10.482215	-4.083387	1.861489	0.783161	-0.318976	-0.485177	-64.794465	-71.551227	-154.044626
24084	10.411400	-3.464063	2.294675	0.789296	-0.239295	-0.473830	-64.373135	-71.857991	-154.011884
24085	9.836540	-2.925048	2.318194	0.764497	-0.182796	-0.513387	-63.838461	-72.171075	-154.113307
24086	9.196954	-2.122416	2.173918	0.746990	-0.181628	-0.557012	-63.265632	-72.505930	-154.265113
24087	8.939420	-1.795180	2.414864	0.618673	-0.173733	-0.575078	-62.724543	-72.847459	-154.460401
24088	9.059222	-1.700802	2.252405	0.524540	-0.154186	-0.573161	-62.192491	-73.182309	-154.702279
24089	9.107896	-1.381370	1.914876	0.413481	-0.137838	-0.572163	-61.681459	-73.511586	-154.988105
24090	9.171818	-1.217994	1.753716	0.257935	-0.153675	-0.583472	-61.261977	-73.850220	-155.271014
24091	9.239286	-1.450261	1.277510	0.135583	-0.184897	-0.592576	-60.943504	-74.201643	-155.520962
24092	9.707338	-1.930220	0.894729	0.053281	-0.231331	-0.611400	-60.725983	-74.575027	-155.714927
24093	10.421099	-2.545192	-0.363829	0.125697	-0.250948	-0.663978	-60.436180	-74.980130	-155.939958
24094	11.119291	-2.322290	-1.142702	0.300672	-0.267573	-0.724886	-59.996890	-75.419679	-156.215946
24095	11.076209	-1.514195	-0.977002	0.300521	-0.324083	-0.741925	-59.626362	-75.883781	-156.419847
24096	10.495464	-0.984731	-0.006835	0.128993	-0.328835	-0.728799	-59.362446	-76.342155	-156.615385
24097	9.761356	-0.503659	0.951528	0.054294	-0.294106	-0.689178	-59.102889	-76.771234	-156.849065
24098	9.206768	-0.085487	1.422522	0.054107	-0.255342	-0.655343	-58.787846	-77.171362	-157.140422
24099	9.012210	0.175541	1.414840	0.109058	-0.241951	-0.630534	-58.424789	-77.555771	-157.446885
24100	9.240943	0.390282	1.437103	0.143838	-0.270321	-0.604531	-58.122302	-77.934851	-157.671900
24101	9.522360	0.303461	1.477818	0.067332	-0.269710	-0.569655	-57.895742	-78.297600	-157.862007
24102	9.601551	0.101188	1.238031	-0.001788	-0.275548	-0.511169	-57.800682	-78.632620	-157.959883
24103	9.665649	-0.263571	1.005750	-0.014072	-0.270123	-0.454250	-57.780376	-78.939603	-157.986420
24104	9.731905	-0.448464	0.967653	0.069322	-0.266839	-0.404006	-57.784824	-79.219995	-157.941250
24105	9.904570	-0.464252	0.926246	0.139798	-0.275313	-0.374643	-57.817475	-79.490119	-157.823876
24106	9.985875	-0.288695	0.762303	0.182793	-0.284032	-0.370886	-57.861533	-79.759681	-157.672421
24107	10.042444	-0.188471	0.643785	0.176256	-0.289085	-0.362370	-57.940307	-80.028155	-157.486921
24108	9.919371	-0.180273	0.864604	0.127369	-0.282744	-0.343620	-58.072956	-80.283996	-157.278031
24109	9.790715	-0.077334	0.999485	0.097851	-0.264091	-0.316160	-58.223662	-80.522451	-157.065139
24110	9.696252	0.098070	0.932926	0.068343	-0.254976	-0.287059	-58.430532	-80.742156	-156.815592
24111	9.779738	0.106839	0.765547	0.021515	-0.247546	-0.265707	-58.688696	-80.950903	-156.538149
24112	9.851338	0.053603	0.662496	-0.043303	-0.236207	-0.240297	-59.013407	-81.141735	-156.234356
24113	9.801513	-0.055581	0.722510	-0.093269	-0.235043	-0.220808	-59.409928	-81.324380	-155.883460
24114	9.783050	-0.237875	0.647178	-0.104185	-0.221259	-0.200387	-59.826861	-81.490505	-155.521971
24115	9.645395	-0.353638	0.580186	-0.121452	-0.217828	-0.177851	-60.296491	-81.646228	-155.113573
24116	9.637214	-0.398203	0.621572	-0.136637	-0.233592	-0.157769	-60.889753	-81.793608	-154.592977
24117	9.699642	-0.663550	0.606544	-0.198200	-0.225181	-0.150651	-61.517898	-81.936589	-154.069020
24118	9.743473	-1.073648	0.629680	-0.242331	-0.207530	-0.148542	-62.136780	-82.070611	-153.584071
24119	9.757780	-1.416507	0.533052	-0.219963	-0.195555	-0.147645	-62.714045	-82.202631	-153.124374
24120	9.722689	-1.709757	0.457074	-0.191278	-0.190836	-0.146179	-63.282019	-82.329698	-152.661586
24121	9.668491	-1.913106	0.492973	-0.177922	-0.177201	-0.151558	-63.791915	-82.457741	-152.245951
24122	9.603921	-1.959581	0.536304	-0.141874	-0.179269	-0.173751	-64.266943	-82.594967	-151.848634
24123	9.538521	-1.896061	0.552324	-0.120008	-0.178409	-0.190939	-64.705145	-82.742628	-151.472301
24124	9.502669	-1.779287	0.575259	-0.121644	-0.185835	-0.211715	-65.155917	-82.900321	-151.088012
24125	9.572803	-1.554239	0.469190	-0.132672	-0.175991	-0.232083	-65.546293	-83.067974	-150.767643
24126	9.556840	-1.528317	0.422675	-0.169206	-0.171074	-0.249757	-65.922609	-83.241374	-150.486064
24127	9.640864	-1.500686	0.388225	-0.196988	-0.168295	-0.267705	-66.280133	-83.425298	-150.236245
24128	9.687160	-1.544396	0.372915	-0.202878	-0.155174	-0.280603	-66.574284	-83.610834	-150.056982
24129	9.731788	-1.574291	0.274023	-0.201520	-0.158421	-0.295316	-66.863421	-83.806653	-149.878900
24130	9.756430	-1.542917	0.240903	-0.179423	-0.164991	-0.305125	-67.170592	-84.007104	-149.673162
24131	9.761239	-1.541277	0.175024	-0.141211	-0.173050	-0.307527	-67.506765	-84.212303	-149.413337
24132	9.733904	-1.399230	0.217260	-0.079587	-0.170379	-0.310552	-67.810850	-84.416547	-149.153364
24133	9.705315	-1.167312	0.359807	-0.041435	-0.170143	-0.314024	-68.101873	-84.624194	-148.881790
24134	9.737816	-0.885874	0.308340	-0.026000	-0.173402	-0.316117	-68.423626	-84.831760	-148.573420
24135	9.743475	-0.724966	0.239689	-0.023623	-0.170391	-0.312880	-68.756632	-85.038514	-148.249700
24136	9.697847	-0.688642	0.283441	-0.033929	-0.158566	-0.306967	-69.065502	-85.237796	-147.959013
24137	9.701100	-0.803590	0.073881	-0.015122	-0.173762	-0.316316	-69.465243	-85.446727	-147.563650
24138	9.813393	-0.773882	0.324160	-0.011705	-0.150233	-0.308388	-69.758166	-85.644793	-147.276353
24139	9.732880	-0.462800	0.382922	-0.019082	-0.182081	-0.297182	-70.346462	-85.844570	-146.694440
24140	9.601537	-0.602637	0.275693	0.008197	-0.165347	-0.287583	-70.875249	-86.033849	-146.159399
24141	9.629274	-0.590896	0.370338	0.010543	-0.166344	-0.281264	-71.478889	-86.221202	-145.545375
24142	9.617593	-0.538872	0.300899	0.036213	-0.185955	-0.282765	-72.299429	-86.410640	-144.702129
24143	9.750672	-0.210068	0.763400	-0.003130	-0.193940	-0.283204	-73.305875	-86.602472	-143.692690
24144	9.791322	-0.051636	0.705278	-0.049803	-0.185185	-0.280171	-74.383834	-86.788403	-142.641304
24145	9.898451	-0.067249	0.331649	-0.058792	-0.182044	-0.280232	-75.561786	-86.974385	-141.492407
24146	9.938671	-0.301630	0.100351	-0.080524	-0.174339	-0.274406	-76.834827	-87.152983	-140.263673
24147	9.879821	-0.486951	-0.045284	-0.074364	-0.167260	-0.261763	-78.215984	-87.323872	-138.920600
24148	9.725565	-0.416667	-0.087436	-0.060972	-0.162073	-0.249039	-79.737261	-87.483603	-137.432511
24149	9.670194	-0.424397	-0.261523	-0.025746	-0.160578	-0.245384	-81.428278	-87.640916	-135.751776
24150	9.541611	-0.461766	-0.177181	-0.022658	-0.158396	-0.245481	-83.321186	-87.794079	-133.870138
24151	9.594022	-0.282964	0.071049	-0.030316	-0.151071	-0.249058	-85.381529	-87.947914	-131.822819
24152	9.787897	-0.315043	-0.152385	-0.039033	-0.149436	-0.243505	-87.743846	-88.093768	-129.481248
24153	9.841012	-0.398142	-0.129953	-0.019652	-0.141530	-0.237022	-90.342004	-88.233895	-126.890098
24154	9.847685	-0.379971	-0.216489	0.007573	-0.137009	-0.240462	-93.261517	-88.370252	-123.964740
24155	9.725890	-0.299277	-0.325913	0.021811	-0.139352	-0.240858	-96.767687	-88.503293	-120.441871
24156	9.778639	-0.257046	-0.426750	0.037569	-0.141536	-0.241801	-100.958796	-88.628359	-116.227695
24157	9.772940	-0.228411	-0.367668	0.047497	-0.141681	-0.238145	-105.968288	-88.744057	-111.186777
24158	9.736327	-0.158832	-0.256493	0.045036	-0.136873	-0.232215	-111.703667	-88.844681	-105.424095
24159	9.718606	-0.057703	-0.113289	0.033454	-0.137671	-0.231742	-118.534832	-88.932346	-98.569587
24160	9.733364	-0.024636	-0.183446	-0.004867	-0.134040	-0.231068	-126.291559	-89.002057	-90.814166
24161	9.785218	-0.246819	-0.280740	-0.009584	-0.128489	-0.231542	-134.991446	-89.054316	-82.115629
24162	9.768269	-0.346392	-0.309903	0.007318	-0.124231	-0.229928	-144.217642	-89.083427	-72.883798
24163	9.790446	-0.380991	-0.390007	0.028079	-0.127308	-0.232202	-153.996433	-89.086942	-63.084830
24164	9.798237	-0.426042	-0.412983	0.043526	-0.123223	-0.235244	-163.521801	-89.066752	-53.533059
24165	9.797229	-0.459169	-0.404190	0.070348	-0.118938	-0.240324	-172.639596	-89.024761	-44.370919
24166	9.739192	-0.387701	-0.316349	0.089405	-0.111371	-0.245771	179.105168	-88.965069	-36.062954
24167	9.663501	-0.319707	-0.327108	0.093818	-0.111657	-0.254109	171.573460	-88.884803	-28.473480
24168	9.801603	-0.191056	-0.336307	0.108621	-0.108685	-0.260063	165.046001	-88.789470	-21.882201
24169	9.902422	-0.098312	-0.361228	0.090666	-0.097551	-0.265143	159.259193	-88.684668	-16.039417
24170	9.899136	0.018084	-0.500196	0.093556	-0.086616	-0.270032	154.207942	-88.573850	-10.932871
24171	9.881410	0.152017	-0.534215	0.083210	-0.076681	-0.273728	149.701348	-88.456199	-6.374489
24172	9.863159	0.342178	-0.473852	0.062090	-0.070580	-0.276026	145.771206	-88.333618	-2.406984
24173	9.816944	0.567503	-0.433817	0.034104	-0.064277	-0.277892	142.256951	-88.205141	1.131037
24174	9.873882	0.799669	-0.346331	0.000217	-0.060761	-0.278582	139.178729	-88.073354	4.211241
24175	9.979884	0.940589	-0.304892	-0.046195	-0.052563	-0.276857	136.386007	-87.939383	6.981882
24176	9.918254	0.959078	-0.303410	-0.093280	-0.036155	-0.270907	133.813178	-87.811545	9.503234
24177	9.862621	0.802595	-0.425829	-0.113354	-0.032289	-0.255425	131.603095	-87.686432	11.652869
24178	9.807578	0.700205	-0.339930	-0.106189	-0.031814	-0.244130	129.728895	-87.565025	13.468022
24179	9.734201	0.647730	-0.373641	-0.099533	-0.029836	-0.233191	128.089175	-87.445357	15.055143
24180	9.738571	0.580298	-0.360795	-0.100266	-0.030829	-0.220520	126.708199	-87.330959	16.380287
24181	9.751907	0.529084	-0.446587	-0.099765	-0.022957	-0.213130	125.404047	-87.219597	17.631660
24182	9.712289	0.433227	-0.417271	-0.118728	-0.013081	-0.210565	124.120805	-87.113027	18.848606
24183	9.766443	0.222911	-0.357898	-0.131440	-0.018527	-0.211544	122.956101	-87.001319	19.942423
24184	9.713411	0.171566	-0.292009	-0.112489	-0.012493	-0.212938	121.828710	-86.891386	21.007117
24185	9.779975	0.220643	-0.397292	-0.104351	-0.017727	-0.213784	120.816438	-86.776778	21.963975
24186	9.805341	0.291784	-0.351407	-0.106485	-0.017213	-0.220307	119.839741	-86.659864	22.881408
24187	9.754608	0.319673	-0.331550	-0.076399	-0.013174	-0.221074	118.902837	-86.541205	23.778974
24188	9.702639	0.376282	-0.378853	-0.064436	-0.014231	-0.222881	118.038201	-86.422168	24.608498
24189	9.716768	0.353458	-0.417470	-0.052043	-0.021295	-0.217475	117.309717	-86.301686	25.311387
24190	9.763664	0.317611	-0.347062	-0.055001	-0.012517	-0.219704	116.551527	-86.183392	26.039876
24191	9.790761	0.200430	-0.443473	-0.079080	-0.001982	-0.215784	115.757639	-86.067558	26.792924
24192	9.826870	0.100517	-0.523594	-0.081629	-0.000089	-0.227894	114.953040	-85.946804	27.552844
24193	9.853325	0.144220	-0.408910	-0.033361	-0.002678	-0.237274	114.208499	-85.818320	28.282807
24194	9.834512	0.187088	-0.231760	-0.043406	-0.003741	-0.237246	113.510372	-85.690479	28.958165
24195	9.738152	0.321299	-0.146221	-0.044549	0.000318	-0.254078	112.775380	-85.552621	29.672251
24196	9.716219	0.317871	-0.104773	-0.033684	0.001531	-0.268518	112.043203	-85.408142	30.387602
24197	9.750877	0.356216	-0.136155	0.001421	-0.006823	-0.269850	111.425743	-85.259152	31.010363
24198	9.852213	0.400590	-0.433981	0.019506	-0.011520	-0.272286	110.879423	-85.108760	31.570086
24199	9.896105	0.429037	-0.498042	0.036969	-0.014632	-0.269852	110.401084	-84.957318	32.073825
24200	9.910411	0.723236	-0.375088	0.031693	-0.008045	-0.281108	109.884427	-84.802061	32.611036
24201	9.842076	1.005913	-0.272458	-0.003630	-0.008706	-0.288978	109.367347	-84.640728	33.130514
24202	9.880138	1.039464	-0.148492	-0.050911	-0.013999	-0.300156	108.860912	-84.473206	33.610193
24203	9.957431	1.030683	-0.035129	-0.107119	-0.003607	-0.308952	108.280285	-84.301102	34.134237
24204	9.884242	0.906668	0.051927	-0.152296	-0.000379	-0.316973	107.674569	-84.125953	34.655604
24205	9.785764	0.761775	0.024070	-0.160846	-0.002180	-0.324299	107.095221	-83.944703	35.147695
24206	9.733006	0.796996	0.045849	-0.158358	-0.011007	-0.330843	106.581904	-83.759174	35.572981
24207	9.726829	0.862091	-0.135979	-0.150404	-0.022744	-0.345060	106.138106	-83.562363	35.934964
24208	9.836483	1.056180	-0.285093	-0.146915	-0.034401	-0.345677	105.773755	-83.364298	36.217229
24209	9.864919	1.283919	-0.318629	-0.158001	-0.040807	-0.348877	105.448014	-83.162122	36.456195
24210	9.867562	1.485430	-0.237445	-0.201398	-0.039872	-0.353408	105.103470	-82.958590	36.687295
24211	9.752996	1.561977	-0.303436	-0.260702	-0.038752	-0.358376	104.731641	-82.751114	36.913643
24212	9.713675	1.530296	-0.179492	-0.330136	-0.037121	-0.367494	104.319566	-82.539817	37.138672
24213	9.694484	1.307025	-0.161533	-0.366032	-0.043132	-0.372145	103.925325	-82.323676	37.327013
24214	9.740435	1.215206	-0.088058	-0.370218	-0.035157	-0.379361	103.504873	-82.105654	37.537543
24215	9.761410	1.105053	-0.130465	-0.343143	-0.036587	-0.391108	103.111920	-81.879494	37.737987
24216	9.720728	1.104782	-0.074397	-0.327157	-0.035728	-0.396728	102.735321	-81.651327	37.929370
24217	9.803385	0.986872	-0.171871	-0.321905	-0.037352	-0.399930	102.380527	-81.419846	38.103680
24218	9.843887	1.064019	-0.374296	-0.285434	-0.037584	-0.402600	102.058515	-81.187845	38.264256
24219	9.899277	1.169391	-0.429526	-0.250506	-0.037982	-0.404684	101.768854	-80.953420	38.414154
24220	10.013778	1.309765	-0.399928	-0.238852	-0.037158	-0.407112	101.491846	-80.718699	38.556386
24221	10.088267	1.369148	-0.379215	-0.258111	-0.032065	-0.408703	101.196582	-80.482514	38.707674
24222	10.036572	1.410445	-0.429930	-0.265771	-0.022613	-0.413579	100.873173	-80.245528	38.881522
24223	9.929279	1.361478	-0.473940	-0.271033	-0.005900	-0.419959	100.501832	-80.005562	39.102668
24224	9.783448	1.327459	-0.552052	-0.234705	0.004905	-0.422686	100.128987	-79.765918	39.345065
24225	9.717253	1.286259	-0.584729	-0.194752	0.010994	-0.412507	99.780291	-79.531418	39.587881
24226	9.542121	1.386139	-0.501318	-0.141237	0.015382	-0.405676	99.464379	-79.301889	39.827204
24227	9.425765	1.543087	-0.357234	-0.105265	0.015468	-0.409639	99.179210	-79.069017	40.057835
24228	9.267267	1.583992	-0.403597	-0.077423	0.025957	-0.411252	98.888833	-78.836845	40.308764
24229	9.217022	1.636460	-0.362073	-0.041539	0.023603	-0.412511	98.636797	-78.602682	40.543161
24230	9.256037	1.596386	-0.511618	-0.031886	0.034334	-0.415855	98.368137	-78.368175	40.798963
24231	9.322909	1.558548	-0.708004	-0.009967	0.038453	-0.415214	98.112359	-78.133325	41.056008
24232	9.271708	1.415927	-0.862834	0.016273	0.057311	-0.412154	97.831545	-77.902280	41.352878
24233	9.105058	1.354720	-1.055610	0.071318	0.073917	-0.409643	97.551709	-77.672877	41.682578
24234	8.956584	1.560343	-1.025100	0.139161	0.076811	-0.404252	97.314610	-77.447198	42.007299
24235	8.831663	1.847071	-0.839343	0.182832	0.069323	-0.404035	97.132683	-77.220146	42.302678
24236	8.613557	2.306086	-0.334907	0.194385	0.053676	-0.409263	97.001008	-76.989543	42.552288
24237	8.646063	3.055740	0.037279	0.151236	0.041584	-0.428208	96.876953	-76.746489	42.770250
24238	8.818896	3.329876	0.269884	0.049760	0.027754	-0.436791	96.730115	-76.498212	42.950763
24239	9.183725	3.286934	0.084103	-0.032661	0.028061	-0.434762	96.543680	-76.250142	43.125122
24240	9.325632	2.996883	0.048772	-0.077207	0.036877	-0.413077	96.322163	-76.015687	43.308000
24241	9.447092	2.957906	-0.124440	-0.112828	0.032095	-0.408575	96.100185	-75.782385	43.472139
24242	9.624274	2.924797	-0.391777	-0.111861	0.029826	-0.390614	95.892758	-75.559982	43.620352
24243	9.895989	2.885583	-0.326851	-0.119686	0.029899	-0.381621	95.689320	-75.341570	43.761698
24244	9.980848	2.949897	-0.199452	-0.124338	0.033881	-0.374939	95.479789	-75.128072	43.904990
24245	9.906580	2.881688	-0.172696	-0.138317	0.040277	-0.366493	95.256627	-74.918559	44.056033
24246	9.791889	2.749425	-0.034276	-0.171708	0.046402	-0.357830	95.007067	-74.715184	44.212959
24247	9.881018	2.586468	-0.527029	-0.164491	0.047483	-0.356994	94.766006	-74.511116	44.367312
24248	10.105575	2.306326	-0.483863	-0.102123	0.046214	-0.352901	94.567586	-74.310219	44.512844
24249	10.305409	2.145416	-0.270201	-0.080079	0.054997	-0.351804	94.369835	-74.109205	44.672705
24250	10.291560	2.174909	-0.393883	-0.053073	0.060970	-0.368850	94.176298	-73.899561	44.842686
24251	10.220861	2.040697	-0.336173	-0.040546	0.077960	-0.384113	93.960539	-73.680823	45.045071
24252	10.073614	1.895703	-0.209609	-0.001401	0.095444	-0.392658	93.736504	-73.458553	45.278090
24253	9.931917	1.842386	-0.211357	0.063474	0.105286	-0.396555	93.537546	-73.233412	45.525410
24254	9.820145	1.925202	-0.323361	0.117830	0.107998	-0.403857	93.368268	-73.004721	45.773147
24255	9.647895	2.145763	-0.241754	0.120696	0.116936	-0.420820	93.189176	-72.765789	46.034375
24256	9.436503	2.410066	-0.089020	0.076776	0.108555	-0.438381	93.003419	-72.516919	46.275370
24257	9.426195	2.650742	-0.174445	0.006299	0.105739	-0.459833	92.787916	-72.254925	46.506604
24258	9.425708	2.622777	-0.163629	-0.066791	0.114765	-0.479762	92.518617	-71.981987	46.749649
24259	9.336945	2.639668	-0.172498	-0.110955	0.129241	-0.497135	92.206692	-71.698607	47.012288
24260	9.255832	2.634429	-0.228365	-0.145153	0.136842	-0.514760	91.868858	-71.405293	47.281039
24261	9.220234	2.679308	-0.237835	-0.168407	0.137494	-0.529236	91.526530	-71.102798	47.541841
24262	9.278697	2.793350	-0.335979	-0.160689	0.133350	-0.542981	91.203149	-70.792293	47.786849
24263	9.447364	2.862512	-0.270855	-0.136814	0.142260	-0.549679	90.888867	-70.477260	48.038019
24264	9.555858	2.914359	-0.243617	-0.103665	0.143463	-0.554059	90.599136	-70.159635	48.282936
24265	9.619273	3.089502	-0.085647	-0.084309	0.153198	-0.549028	90.314764	-69.844247	48.535210
24266	9.592923	3.155145	0.094247	-0.071658	0.147216	-0.554330	90.053755	-69.525683	48.770043
24267	9.547355	3.358430	0.243768	-0.071589	0.146244	-0.551095	89.802878	-69.208388	48.995267
24268	9.612108	3.421249	0.235119	-0.064149	0.147476	-0.550552	89.560339	-68.891285	49.215912
24269	9.638912	3.499517	0.321348	-0.033322	0.146974	-0.538936	89.343668	-68.580340	49.428834
24270	9.619070	3.540526	0.451460	-0.043329	0.158259	-0.525158	89.109816	-68.277085	49.653898
24271	9.547452	3.561637	0.470468	-0.053276	0.153460	-0.525152	88.884229	-67.973406	49.864916
24272	9.424777	3.562577	0.377306	-0.055448	0.150905	-0.518876	88.665751	-67.673196	50.066836
24273	9.287695	3.497667	0.419542	-0.077484	0.157119	-0.518365	88.432410	-67.372785	50.272045
24274	9.160706	3.451469	0.405880	-0.070624	0.149613	-0.521442	88.218195	-67.070539	50.460791
24275	9.109298	3.456770	0.433789	-0.079624	0.152899	-0.524864	88.000415	-66.765942	50.648556
24276	9.020891	3.437633	0.317524	-0.071313	0.145258	-0.530045	87.802222	-66.458329	50.820272
24277	8.979066	3.521633	0.299470	-0.061785	0.145830	-0.529599	87.613905	-66.150730	50.987781
24278	8.845824	3.522132	0.235698	-0.065002	0.147127	-0.535523	87.426375	-65.839488	51.152597
24279	8.716418	3.678140	-0.017425	-0.055490	0.150284	-0.537892	87.245299	-65.526645	51.316839
24280	8.785289	3.651415	-0.144182	-0.034933	0.152975	-0.540813	87.076605	-65.211795	51.480703
24281	8.906629	3.605066	-0.151557	-0.031183	0.161213	-0.542014	86.904660	-64.895898	51.651036
24282	9.041748	3.562156	-0.058635	-0.015583	0.163266	-0.536184	86.742416	-64.582973	51.820867
24283	9.023899	3.627532	-0.026091	0.003682	0.168196	-0.532281	86.589530	-64.272078	51.993023
24284	8.867707	3.736286	-0.097600	0.051662	0.170573	-0.528312	86.464203	-63.963031	52.165530
24285	8.718161	3.782901	-0.008882	0.063586	0.171223	-0.517315	86.348135	-63.660321	52.335731
24286	8.594002	3.936590	0.209816	0.088666	0.169492	-0.510083	86.250456	-63.361440	52.501935
24287	8.521771	4.167525	0.347095	0.097503	0.173611	-0.505229	86.156295	-63.065331	52.670200
24288	8.479092	4.349536	0.428237	0.073612	0.173898	-0.515551	86.051280	-62.762902	52.835833
24289	8.359412	4.498162	0.442461	0.057298	0.182532	-0.514396	85.930884	-62.460922	53.008589
24290	8.241632	4.783362	0.594904	0.065321	0.179775	-0.512070	85.820496	-62.159942	53.175832
24291	8.152169	4.898338	0.569855	0.045293	0.174673	-0.508257	85.707266	-61.861452	53.333674
24292	8.251650	4.933343	0.448548	0.038585	0.158466	-0.502730	85.609227	-61.566439	53.470425
24293	8.416330	4.931504	0.397318	0.059987	0.133998	-0.497871	85.551368	-61.275380	53.575760
24294	8.488413	5.025860	0.386924	0.051829	0.118706	-0.479350	85.504303	-60.995352	53.663725
24295	8.575219	5.082168	0.310920	0.029476	0.114916	-0.473707	85.449629	-60.718825	53.746035
24296	8.551525	5.087717	0.285043	0.007866	0.108604	-0.461590	85.388832	-60.449323	53.821321
24297	8.554440	5.041197	0.277495	-0.023495	0.111613	-0.455066	85.308285	-60.183471	53.898987
24298	8.535391	4.958946	0.340333	-0.048783	0.102813	-0.448594	85.222358	-59.921565	53.966214
24299	8.550196	4.915467	0.434826	-0.080018	0.098587	-0.450315	85.124639	-59.658923	54.026723
24300	8.543031	4.688258	0.402332	-0.101591	0.093129	-0.453546	85.020977	-59.394555	54.079782
24301	8.581555	4.584190	0.455915	-0.107587	0.086207	-0.457485	84.922588	-59.128356	54.122992
24302	8.409416	4.508184	0.540520	-0.107713	0.082150	-0.461963	84.829030	-58.859656	54.160465
24303	8.357530	4.568779	0.630975	-0.095038	0.068687	-0.465014	84.757044	-58.590059	54.181339
24304	8.264663	4.647844	0.700041	-0.108285	0.062562	-0.475420	84.684378	-58.314663	54.194127
24305	8.210918	4.788067	0.745707	-0.133323	0.055667	-0.481382	84.605276	-58.036445	54.197576
24306	8.188909	5.012310	0.918189	-0.193047	0.050620	-0.487118	84.497448	-57.755008	54.194620
24307	8.139469	5.110812	0.975317	-0.239541	0.053053	-0.500651	84.363155	-57.465961	54.191298
24308	8.111527	5.042623	0.960667	-0.274231	0.059966	-0.518537	84.205291	-57.166089	54.192505
24309	8.050181	4.905611	1.012088	-0.310186	0.061190	-0.530199	84.028335	-56.859745	54.191693
24310	7.976471	4.815811	1.016363	-0.317987	0.066886	-0.519026	83.842245	-56.559177	54.196683
24311	8.085966	4.774071	0.991383	-0.325664	0.074948	-0.520189	83.646565	-56.257719	54.207572
24312	8.192871	4.704604	1.063052	-0.329035	0.083279	-0.548709	83.446233	-55.939184	54.222130
24313	8.335732	4.385753	1.139701	-0.267864	0.071478	-0.586096	83.295980	-55.600479	54.218035
24314	8.356650	4.049023	1.150197	-0.150214	0.066833	-0.602415	83.219554	-55.252455	54.206660
24315	8.339045	4.168881	1.027754	-0.067260	0.066896	-0.597313	83.190242	-54.907837	54.194887
24316	8.376247	4.434983	0.909153	-0.064307	0.077328	-0.593817	83.154262	-54.564000	54.194163
24317	8.331206	4.695770	0.890136	-0.166471	0.088101	-0.615990	83.053563	-54.207465	54.199874
24318	8.442898	4.780250	0.994721	-0.234712	0.068092	-0.644617	82.933534	-53.835387	54.182354
24319	8.528581	4.812270	1.281005	-0.245903	0.053006	-0.668196	82.821442	-53.451777	54.145514
24320	8.615915	4.682421	1.318934	-0.223048	0.073976	-0.703412	82.710880	-53.045900	54.124344
24321	8.687807	4.613444	1.138419	-0.228931	0.087081	-0.757451	82.592607	-52.609312	54.106739
24322	8.633835	4.561160	0.993375	-0.267884	0.091752	-0.753151	82.449795	-52.173912	54.093608
24323	8.458783	5.104683	1.180308	-0.215288	0.036767	-0.699735	82.372138	-51.774147	54.033806
24324	8.502380	5.733164	1.552748	-0.122319	0.031436	-0.659909	82.348210	-51.396316	53.975247
24325	8.778113	6.270123	1.421649	-0.001493	0.067341	-0.685818	82.369214	-51.002268	53.945131
24326	9.004845	6.690917	1.228567	-0.008153	0.095624	-0.735038	82.371655	-50.576882	53.936301
24327	8.754118	6.786903	1.144951	-0.130964	0.109388	-0.797430	82.299415	-50.116306	53.930440
24328	8.765139	5.668267	1.076070	-0.350598	0.083354	-0.809689	82.121985	-49.649514	53.900131
24329	8.687716	4.910210	0.929151	-0.313746	0.052565	-0.821725	81.987397	-49.179759	53.838230
24330	8.576529	4.007948	0.956083	-0.293360	0.068624	-0.822413	81.855479	-48.707040	53.790626
24331	8.335569	3.765490	1.154828	-0.063174	0.061523	-0.776365	81.854856	-48.262693	53.740224
24332	8.197771	3.919305	1.382258	0.095981	0.076420	-0.705544	81.929751	-47.855652	53.713830
24333	8.046952	3.896846	1.063772	0.260153	0.080591	-0.735788	82.096416	-47.433036	53.686491
24334	8.366321	5.132233	0.984833	0.393372	0.114598	-0.710416	82.315711	-47.020173	53.695153
24335	8.291507	5.682204	0.739933	0.296267	0.126575	-0.682874	82.467354	-46.624274	53.715984
24336	8.072794	5.693907	0.331955	0.145750	0.048949	-0.718250	82.582334	-46.211894	53.672904
24337	8.162621	6.484630	0.254822	0.022668	0.018834	-0.691792	82.640248	-45.819095	53.606240
24338	7.940754	6.537306	0.109694	-0.089210	-0.006817	-0.645010	82.645799	-45.452364	53.527347
24339	7.904647	6.430115	0.320180	-0.189714	-0.029425	-0.599089	82.601699	-45.115875	53.432178
24340	7.837035	6.215239	0.214557	-0.190782	-0.047719	-0.558197	82.564909	-44.801553	53.329914
24341	7.876155	6.285065	0.086109	-0.171599	-0.052645	-0.487884	82.535184	-44.530161	53.228001
24342	7.882336	6.451798	-0.210003	-0.085155	-0.059202	-0.397122	82.552434	-44.308251	53.134016
24343	7.448686	6.746394	-0.099812	0.009817	-0.035839	-0.324469	82.604516	-44.128545	53.063041
24344	7.324477	7.223864	-0.327766	0.149044	-0.020831	-0.295379	82.726352	-43.961505	53.010998
24345	6.868353	7.685577	0.006272	0.184539	-0.058391	-0.305289	82.888461	-43.794157	52.925462
24346	7.263539	7.791691	0.007008	0.153421	-0.177875	-0.303537	83.097403	-43.633244	52.750683
24347	7.103042	8.018849	-0.106488	0.094797	-0.295164	-0.271162	83.332442	-43.500867	52.484545
24348	6.946289	8.355164	0.177480	-0.068146	-0.424103	-0.179790	83.537348	-43.425551	52.130278
24349	6.676015	8.328178	0.472150	-0.221672	-0.465891	-0.065052	83.669025	-43.420052	51.750376
24350	6.612640	7.872901	0.596919	-0.294608	-0.449017	0.092848	83.741025	-43.500360	51.400670
24351	6.828904	7.609630	0.888848	-0.286179	-0.414641	0.304231	83.787761	-43.701118	51.091857
24352	7.155286	7.282944	0.953969	-0.335547	-0.331440	0.535252	83.748995	-44.025815	50.870718
24353	7.269530	7.076561	1.106326	-0.367180	-0.247320	0.746491	83.633957	-44.468148	50.730854
24354	7.314319	6.962391	1.316813	-0.403957	-0.144783	0.919199	83.429554	-45.000037	50.692776
24355	7.271195	6.884621	1.340859	-0.315201	-0.027850	1.029496	83.199596	-45.589426	50.758910
24356	7.033174	6.654248	1.179366	-0.194807	0.025972	1.147630	82.995473	-46.239681	50.888036
24357	6.708373	6.693703	1.184853	-0.061899	0.000992	1.262537	82.869399	-46.959203	51.009347
24358	6.406308	6.802640	1.194593	-0.005147	-0.019508	1.372926	82.776345	-47.740350	51.132186
24359	6.631750	6.821626	1.222497	0.050984	-0.031362	1.487894	82.709451	-48.589931	51.257848
24360	6.815534	6.787901	1.335782	0.066045	-0.009473	1.600916	82.623401	-49.499675	51.422213
24361	6.933270	6.765067	1.321423	0.066959	0.021221	1.726168	82.499353	-50.480344	51.631029
24362	6.876348	6.729723	1.281935	0.016606	0.061603	1.847673	82.297851	-51.524329	51.902849
24363	6.739080	6.542879	1.390257	-0.046167	0.093214	1.976715	82.009755	-52.640459	52.231398
24364	6.760253	6.379803	1.309816	-0.057677	0.125591	2.106822	81.657449	-53.824479	52.630217
24365	6.753813	6.370131	1.318326	-0.079379	0.166295	2.227483	81.219352	-55.073673	53.109829
24366	6.846530	6.182077	1.099717	-0.070921	0.165654	2.329485	80.740184	-56.376411	53.640773
24367	6.971417	6.182260	1.071637	-0.116662	0.171091	2.421487	80.174846	-57.729609	54.232074
24368	7.181529	5.862554	1.122964	-0.194739	0.163767	2.502146	79.508252	-59.123726	54.883748
24369	7.483100	5.607452	1.244583	-0.254496	0.171688	2.567465	78.724437	-60.550888	55.619184
24370	7.738439	5.398123	1.155160	-0.235688	0.197700	2.637338	77.834291	-62.007097	56.480413
24371	7.746596	5.227525	1.118817	-0.225703	0.223541	2.671900	76.817458	-63.473710	57.476526
24372	7.836883	4.851146	1.091536	-0.187073	0.190845	2.727671	75.731061	-64.965783	58.564130
24373	7.914312	4.836077	1.233854	-0.182846	0.206063	2.784254	74.471856	-66.478215	59.828496
24374	7.924085	4.962452	1.289731	-0.115892	0.214254	2.880885	73.032525	-68.028615	61.317315
24375	8.237206	4.530069	1.144657	-0.102059	0.219538	2.927233	71.351178	-69.588199	63.056045
24376	8.205931	4.274411	1.128992	-0.106359	0.233639	2.977158	69.339570	-71.149983	65.127118
24377	8.276218	4.015355	1.166036	-0.076591	0.232576	3.042894	66.936692	-72.719922	67.606794
24378	8.518719	3.544284	1.372881	-0.045574	0.228059	3.105556	64.029201	-74.285648	70.611790
24379	8.847480	3.369650	1.120885	0.076528	0.207201	3.128269	60.570675	-75.819493	74.235333
24380	8.955188	3.369541	1.042845	0.073660	0.272699	3.152692	56.107867	-77.277167	78.867154
24381	9.113539	3.043055	1.020958	0.172880	0.244002	3.150025	50.645257	-78.645653	84.552496
24382	9.324920	2.921493	0.912406	0.182945	0.275450	3.143484	43.702998	-79.863415	91.724869
24383	9.181291	2.395846	0.891867	0.159760	0.297789	3.117265	35.030549	-80.869748	100.612930
24384	9.402394	2.088614	0.856473	0.178907	0.274590	3.107511	24.595187	-81.624412	111.274275
24385	9.516327	1.518787	1.011120	0.123206	0.256516	3.116009	12.524917	-82.059102	123.538108
24386	9.998965	1.129328	0.996922	0.114036	0.325681	3.094313	-0.212647	-82.067443	136.464032
24387	9.738859	1.025146	1.137635	0.034038	0.406885	3.052353	-12.187247	-81.648413	148.579391
24388	9.730717	0.540096	1.136089	-0.007126	0.345046	2.987766	-22.498538	-80.950575	159.005975
24389	9.815390	0.287689	1.272032	0.024012	0.308266	2.891521	-30.868571	-80.050367	167.505989
24390	9.775640	-0.113823	1.499708	-0.003808	0.293384	2.783577	-37.511151	-79.017181	174.258444
24391	9.781807	-0.613635	1.968044	0.047385	0.275864	2.660133	-42.706803	-77.917072	179.589008
24392	9.511023	-0.861279	1.627409	0.131175	0.270378	2.486288	-46.671697	-76.807977	-176.270672
24393	9.161223	-1.406647	1.603545	0.249187	0.217762	2.344847	-49.817346	-75.725851	-172.885020
24394	9.378833	-1.820515	1.715069	0.315872	0.175880	2.199720	-52.345944	-74.684985	-170.082434
24395	9.222014	-1.932553	1.578708	0.367695	0.172092	2.056274	-54.346805	-73.684231	-167.783309
24396	9.105508	-1.678466	1.539096	0.396552	0.133081	1.903891	-55.986052	-72.748340	-165.833637
24397	8.976822	-1.533431	1.430463	0.258626	0.079488	1.749546	-57.451378	-71.888646	-164.139431
24398	9.049344	-1.551497	1.366277	0.088353	0.042056	1.607256	-58.800041	-71.096877	-162.663628
24399	8.857030	-1.760783	1.311717	-0.103297	0.038763	1.443578	-60.016050	-70.376937	-161.437292
24400	8.737134	-2.189952	1.301914	-0.227117	-0.014517	1.277642	-61.164487	-69.746228	-160.353825
24401	8.812182	-2.391559	1.393747	-0.336291	-0.033753	1.102694	-62.209871	-69.202545	-159.442257
24402	8.717591	-2.621491	1.471274	-0.378169	-0.055475	0.920480	-63.137195	-68.751414	-158.680689
24403	8.477592	-2.635680	1.503161	-0.368005	-0.081430	0.741418	-63.943572	-68.395233	-158.039798
24404	8.500864	-2.705538	1.563005	-0.378338	-0.119407	0.565671	-64.674598	-68.135569	-157.485937
24405	8.408505	-2.531423	1.518857	-0.348805	-0.115110	0.408267	-65.274903	-67.954807	-157.052963
24406	8.373311	-2.514013	1.330175	-0.300109	-0.132987	0.242035	-65.766438	-67.862853	-156.707803
24407	8.357148	-2.183338	1.242025	-0.227045	-0.132577	0.092681	-66.126894	-67.848629	-156.457787
24408	8.331602	-1.905085	1.138845	-0.171505	-0.151986	-0.044183	-66.403431	-67.909498	-156.265096
24409	8.357771	-1.591172	1.182400	-0.125709	-0.169882	-0.161239	-66.611873	-68.036423	-156.116449
24410	8.404039	-1.478310	1.181167	-0.103817	-0.171490	-0.248865	-66.762911	-68.208879	-156.017533
24411	8.403307	-1.464350	1.206779	-0.056639	-0.157814	-0.330453	-66.823578	-68.422085	-155.985403
24412	8.392860	-1.561254	1.278386	0.006902	-0.139963	-0.417228	-66.775075	-68.676016	-156.033012
24413	8.429740	-1.597260	1.328107	0.091715	-0.129476	-0.510838	-66.606295	-68.977902	-156.155622
24414	8.809700	-1.617865	1.186204	0.186890	-0.161973	-0.583501	-66.380292	-69.324127	-156.282623
24415	10.256322	-2.200371	0.532884	0.360689	-0.343117	-0.454098	-66.383394	-69.645176	-156.056378
24416	11.660369	-2.591955	1.272352	0.243833	-0.491061	-0.124383	-66.874663	-69.824834	-155.383516
24417	12.670765	-4.864863	2.878512	-0.278761	-0.500900	0.291223	-67.936386	-69.785074	-154.419914
24418	12.516642	-8.868641	1.720196	-0.297301	-0.350207	0.488530	-68.897417	-69.601128	-153.576571
24419	11.223613	-10.340932	1.589832	0.183173	-0.044623	0.276707	-69.016553	-69.465965	-153.335379
24420	9.515171	-8.844106	1.096110	0.577082	0.043361	-0.072797	-68.591888	-69.498380	-153.435511
24421	8.467388	-5.719210	1.619483	0.723777	-0.103254	-0.339087	-68.140611	-69.703767	-153.473618
24422	8.762781	-5.226035	2.646583	0.565240	-0.280646	-0.435684	-67.977286	-69.997947	-153.302364
24423	10.131846	-4.790801	2.462984	0.628531	-0.313829	-0.414508	-67.839503	-70.288306	-153.065535
24424	10.065776	-4.412382	1.824893	0.675828	-0.193585	-0.390651	-67.510151	-70.540058	-153.003857
24425	9.534062	-3.533889	1.680903	0.632527	-0.116133	-0.419781	-67.066421	-70.790146	-153.089857
24426	8.716709	-3.052705	1.666732	0.565594	-0.080200	-0.470783	-66.566026	-71.058810	-153.276179
24427	8.487717	-2.295607	1.730958	0.545009	-0.106653	-0.500646	-66.088261	-71.348577	-153.450905
24428	8.455954	-1.940510	1.580210	0.455103	-0.109322	-0.490756	-65.663744	-71.633469	-153.623345
24429	8.496740	-1.795489	1.324506	0.365024	-0.139539	-0.468025	-65.346342	-71.913235	-153.737162
24430	8.533991	-1.879568	1.126345	0.298685	-0.153510	-0.444704	-65.101085	-72.184139	-153.814824
24431	8.481025	-2.115097	1.220932	0.247074	-0.181036	-0.442699	-64.926900	-72.460555	-153.848785
24432	8.449024	-2.466536	1.253585	0.257809	-0.213417	-0.436238	-64.802885	-72.741491	-153.823697
24433	8.771023	-2.734909	1.354233	0.312997	-0.229068	-0.438391	-64.669642	-73.027378	-153.775177
24434	9.124036	-2.878189	1.450140	0.364672	-0.227419	-0.431555	-64.508546	-73.309366	-153.724938
24435	9.968601	-3.056984	1.418451	0.391006	-0.254748	-0.422428	-64.385363	-73.593367	-153.619515
24436	11.104773	-3.145674	0.810886	0.513717	-0.244826	-0.487049	-64.118432	-73.908407	-153.590717
24437	12.047095	-2.352565	-0.014239	0.826710	-0.266424	-0.579520	-63.621988	-74.276430	-153.614222
24438	12.110525	-0.679128	0.141261	0.761042	-0.342127	-0.616225	-63.259049	-74.682681	-153.538098
24439	11.134891	-0.286025	0.788083	0.456534	-0.329845	-0.609346	-63.048133	-75.082505	-153.485099
24440	10.333683	-0.103713	1.642325	0.376321	-0.286461	-0.596197	-62.807762	-75.464190	-153.510445
24441	9.573868	0.368283	2.232368	0.301166	-0.237771	-0.567879	-62.534690	-75.819054	-153.613267
24442	9.120595	0.379557	2.209719	0.183408	-0.227239	-0.553606	-62.314829	-76.163329	-153.731313
24443	9.207496	0.526989	1.950324	0.097678	-0.226026	-0.540197	-62.146883	-76.501020	-153.845275
24444	9.410483	0.416986	1.695920	-0.035734	-0.230464	-0.519877	-62.083740	-76.828919	-153.930961
24445	9.535411	0.101009	1.309280	-0.149006	-0.238231	-0.494053	-62.127585	-77.146673	-153.971945
24446	9.573041	-0.377524	0.864758	-0.171592	-0.255967	-0.463689	-62.263992	-77.452939	-153.932650
24447	9.681814	-0.753917	0.392338	-0.132122	-0.267846	-0.424307	-62.454739	-77.743389	-153.812929
24448	9.864416	-1.187668	0.171321	-0.109829	-0.267658	-0.394049	-62.680195	-78.017265	-153.646448
24449	9.761152	-1.589152	-0.048083	-0.079859	-0.244698	-0.363388	-62.876585	-78.270551	-153.490420
24450	9.649365	-1.859844	-0.090985	-0.030805	-0.228345	-0.344318	-63.038592	-78.508564	-153.342799
24451	9.534463	-1.996430	0.143023	0.027953	-0.223803	-0.319125	-63.191493	-78.733682	-153.168325
24452	9.485662	-2.036408	0.395962	0.102466	-0.218363	-0.297063	-63.325321	-78.944782	-152.971828
24453	9.508437	-1.973998	0.767480	0.127671	-0.211601	-0.294864	-63.433514	-79.154171	-152.784988
24454	9.535782	-1.870417	1.102860	0.137313	-0.196532	-0.302704	-63.492455	-79.362437	-152.644668
24455	9.522987	-1.887336	1.321536	0.149559	-0.197005	-0.307833	-63.540147	-79.574615	-152.506943
24456	9.521393	-1.749789	1.432406	0.154231	-0.201672	-0.317785	-63.590607	-79.791884	-152.365585
24457	9.542269	-1.754265	1.297931	0.149043	-0.198030	-0.329360	-63.618258	-80.015263	-152.248808
24458	9.534629	-1.705866	1.168778	0.134547	-0.204199	-0.336633	-63.668007	-80.242816	-152.119813
24459	9.588892	-1.648625	0.957150	0.126946	-0.199649	-0.344476	-63.697689	-80.474282	-152.014068
24460	9.699765	-1.632285	0.785050	0.101475	-0.187009	-0.346498	-63.705734	-80.702517	-151.946729
24461	9.700409	-1.597138	0.626951	0.083243	-0.171213	-0.356757	-63.655987	-80.933030	-151.947008
24462	9.671556	-1.446263	0.525088	0.086865	-0.178941	-0.360344	-63.625684	-81.166332	-151.927050
24463	9.619165	-1.243936	0.570654	0.070754	-0.175151	-0.357034	-63.593984	-81.397974	-151.916339
24464	9.588886	-0.990860	0.480890	0.037577	-0.171058	-0.365687	-63.554965	-81.632011	-151.933770
24465	9.633853	-0.918691	0.441470	0.006325	-0.173378	-0.359197	-63.549061	-81.864332	-151.934281
24466	9.677807	-0.783158	0.452067	-0.021433	-0.167607	-0.359886	-63.539913	-82.094512	-151.955670
24467	9.711175	-0.731652	0.438323	-0.040339	-0.163485	-0.354161	-63.532480	-82.321770	-151.984644
24468	9.724979	-0.780066	0.384016	-0.058922	-0.158855	-0.347011	-63.534144	-82.543111	-152.016770
24469	9.698394	-0.764457	0.365527	-0.054268	-0.162270	-0.333784	-63.568801	-82.759655	-152.011253
24470	9.702116	-0.801028	0.340910	-0.035223	-0.164601	-0.328557	-63.617913	-82.972995	-151.981845
24471	9.675920	-0.821887	0.318137	-0.007171	-0.165799	-0.309460	-63.694981	-83.177985	-151.906373
24472	9.667636	-0.754800	0.420113	0.003819	-0.168925	-0.303259	-63.801682	-83.379410	-151.796478
24473	9.727747	-0.592662	0.462998	0.004695	-0.168022	-0.300537	-63.912577	-83.580368	-151.680140
24474	9.789992	-0.562780	0.447070	-0.002369	-0.163346	-0.288290	-64.045094	-83.772631	-151.547925
24475	9.813024	-0.572329	0.455204	-0.022664	-0.154836	-0.278514	-64.175055	-83.958919	-151.428210
24476	9.805549	-0.555935	0.381898	-0.032629	-0.152401	-0.271385	-64.328164	-84.139662	-151.292814
24477	9.748785	-0.565733	0.362543	-0.040665	-0.153426	-0.265315	-64.510825	-84.318744	-151.130527
24478	9.791013	-0.545826	0.403590	-0.051603	-0.144546	-0.263525	-64.672628	-84.493402	-150.997404
24479	9.764818	-0.572774	0.383044	-0.061448	-0.140157	-0.260491	-64.828363	-84.666673	-150.874183
24480	9.710640	-0.671183	0.226395	-0.063418	-0.136781	-0.254359	-64.996707	-84.834614	-150.741364
24481	9.698900	-0.815366	0.163250	-0.073413	-0.134388	-0.247176	-65.181286	-84.999521	-150.596109
24482	9.718047	-0.952502	0.186262	-0.053779	-0.127097	-0.240379	-65.345303	-85.157787	-150.462157
24483	9.704408	-1.005701	0.220912	-0.024420	-0.126837	-0.239145	-65.498981	-85.316621	-150.319834
24484	9.714934	-0.932541	0.228797	0.005369	-0.130074	-0.238523	-65.674171	-85.474557	-150.140734
24485	9.696942	-0.883127	0.276551	0.017784	-0.135490	-0.240428	-65.880957	-85.635988	-149.921001
24486	9.697702	-0.802080	0.356097	0.020552	-0.137941	-0.238768	-66.130470	-85.795776	-149.658724
24487	9.695626	-0.704910	0.309730	0.017395	-0.136831	-0.243383	-66.373447	-85.958893	-149.403066
24488	9.741564	-0.749083	0.301155	0.013420	-0.136767	-0.245683	-66.636936	-86.121870	-149.130982
24489	9.786718	-0.787601	0.250744	0.043931	-0.134710	-0.245479	-66.884434	-86.285419	-148.855691
24490	9.680182	-0.859836	-0.012911	0.078050	-0.138001	-0.247906	-67.161014	-86.449669	-148.533487
24491	9.893884	-0.979163	0.106901	0.079666	-0.135979	-0.247483	-67.443612	-86.614351	-148.202665
24492	9.680878	-0.596096	0.457322	0.080030	-0.145544	-0.235749	-67.898049	-86.773560	-147.701281
24493	9.606498	-0.667193	0.321160	0.049574	-0.137817	-0.236129	-68.335993	-86.932258	-147.232315
24494	9.684351	-0.420432	0.375576	0.106018	-0.142430	-0.244939	-68.808479	-87.095242	-146.698102
24495	9.702288	-0.482440	0.365645	0.055986	-0.134436	-0.253115	-69.240024	-87.261885	-146.232041
24496	9.778262	-0.434972	0.210496	0.067232	-0.141242	-0.249071	-69.828522	-87.426359	-145.604089
24497	9.772021	-0.431657	0.223572	0.042771	-0.131148	-0.250409	-70.372194	-87.590429	-145.033527
24498	9.732129	-0.379258	0.244739	0.008501	-0.120948	-0.255625	-70.858605	-87.754008	-144.541579
24499	9.759048	-0.300924	0.238746	-0.051957	-0.110703	-0.251101	-71.320298	-87.914189	-144.107527
24500	9.696933	-0.366303	0.205669	-0.077868	-0.106872	-0.249738	-71.824787	-88.071661	-143.647110
24501	9.761442	-0.400426	0.142617	-0.072961	-0.105954	-0.244794	-72.415159	-88.227235	-143.096459
24502	9.730414	-0.386095	0.046984	-0.064738	-0.106948	-0.247041	-73.124889	-88.382876	-142.423265
24503	9.766700	-0.320794	0.011093	-0.005399	-0.112550	-0.247910	-74.052624	-88.540707	-141.496525
24504	9.720900	-0.230661	-0.004147	0.011246	-0.119759	-0.243648	-75.406322	-88.695642	-140.135727
24505	9.693813	-0.137157	-0.034825	0.027850	-0.129694	-0.246980	-77.362607	-88.853877	-138.161285
24506	9.632423	-0.061259	0.047562	0.045322	-0.127133	-0.244784	-79.868418	-89.007730	-135.628805
24507	9.652768	-0.063205	-0.025824	0.045862	-0.130680	-0.240311	-83.443922	-89.157775	-132.024809
24508	9.647501	-0.180437	-0.040372	0.041362	-0.124430	-0.234380	-88.255914	-89.298484	-127.188420
24509	9.708674	-0.323526	-0.217283	0.065450	-0.118040	-0.230466	-95.021389	-89.430987	-120.383283
24510	9.760242	-0.400885	-0.228752	0.102662	-0.113512	-0.229956	-105.232563	-89.550250	-110.112626
24511	9.767548	-0.297369	-0.330005	0.141301	-0.119333	-0.220967	-121.894547	-89.640437	-93.367563
24512	9.746568	-0.161546	-0.299175	0.187644	-0.137874	-0.218361	-146.629131	-89.673871	-68.524772
24513	9.718684	0.012420	-0.308147	0.218035	-0.152160	-0.208907	-170.908851	-89.632103	-44.117998
24514	9.830237	0.084471	-0.366950	0.227151	-0.151218	-0.201868	172.739150	-89.542572	-27.635169
24515	9.896512	0.156541	-0.323262	0.240638	-0.139059	-0.195170	162.388275	-89.435817	-17.144291
24516	9.886702	0.272753	-0.282827	0.221650	-0.117983	-0.191965	155.284303	-89.328833	-9.912641
24517	9.946402	0.298146	-0.454398	0.198722	-0.111480	-0.183806	150.296957	-89.219117	-4.809275
24518	9.956471	0.242973	-0.430721	0.184059	-0.094526	-0.180422	146.373824	-89.114782	-0.779994
24519	10.038252	0.322503	-0.439733	0.192669	-0.083427	-0.178738	143.087924	-89.011907	2.618553
24520	10.019769	0.305702	-0.478473	0.194666	-0.069511	-0.179507	140.190266	-88.913047	5.628506
24521	9.924943	0.331973	-0.520209	0.189286	-0.055680	-0.176180	137.567378	-88.817963	8.362236
24522	9.830176	0.442450	-0.538998	0.196352	-0.053213	-0.169018	135.463677	-88.725559	10.579215
24523	9.744428	0.540722	-0.431461	0.163730	-0.044377	-0.167302	133.488398	-88.634732	12.650770
24524	9.715233	0.622446	-0.258367	0.131713	-0.045743	-0.165339	131.821671	-88.543796	14.393760
24525	9.728540	0.590990	-0.296972	0.087189	-0.042419	-0.166400	130.245650	-88.451354	16.022281
24526	9.794267	0.577325	-0.266242	0.041559	-0.035943	-0.163091	128.781865	-88.362771	17.510722
24527	9.716896	0.550256	-0.295836	0.011903	-0.028706	-0.158202	127.386494	-88.276764	18.915561
24528	9.743145	0.586669	-0.299383	0.001412	-0.038480	-0.154598	126.313501	-88.189380	19.990143
24529	9.869006	0.495504	-0.293557	-0.008087	-0.035210	-0.149377	125.328368	-88.103703	20.973251
24530	9.837760	0.492145	-0.338488	-0.009754	-0.030373	-0.140284	124.457704	-88.024624	21.839091
24531	9.853775	0.483286	-0.443928	0.001950	-0.027536	-0.139905	123.616124	-87.944937	22.684440
24532	9.819102	0.485255	-0.374144	-0.013524	-0.029887	-0.141065	122.858853	-87.864825	23.434735
24533	9.796291	0.501033	-0.247081	-0.036767	-0.024489	-0.144499	122.040156	-87.783037	24.235108
24534	9.771583	0.434955	-0.183227	-0.058116	-0.022056	-0.138673	121.288149	-87.705723	24.954646
24535	9.731973	0.358854	-0.218066	-0.066281	-0.017666	-0.144783	120.477428	-87.624998	25.730209
24536	9.727943	0.323961	-0.082172	-0.082548	-0.028576	-0.149377	119.812012	-87.539781	26.349152
24537	9.752686	0.333804	-0.172271	-0.078669	-0.027312	-0.152879	119.149697	-87.451565	26.969140
24538	9.763831	0.361077	-0.274144	-0.095298	-0.032228	-0.159696	118.539487	-87.359590	27.525592
24539	9.806755	0.433264	-0.247194	-0.112061	-0.036939	-0.161328	117.994926	-87.263959	28.008615
24540	9.874681	0.501364	-0.307663	-0.137582	-0.031020	-0.166049	117.389102	-87.168594	28.536507
24541	9.899127	0.515101	-0.240924	-0.180464	-0.023572	-0.169374	116.700751	-87.071881	29.124339
24542	9.762192	0.509208	-0.062180	-0.218603	-0.013007	-0.171940	115.920109	-86.977473	29.780891
24543	9.689058	0.341898	-0.088147	-0.237126	-0.007421	-0.177065	115.093137	-86.880020	30.475122
24544	9.678781	0.044660	-0.119018	-0.227255	-0.017372	-0.181697	114.393618	-86.778592	31.045582
24545	9.785874	-0.121707	-0.048706	-0.204107	-0.016838	-0.185788	113.722152	-86.673518	31.603070
24546	9.879343	-0.052603	-0.195936	-0.182430	-0.026798	-0.202829	113.126359	-86.558133	32.095474
24547	9.894251	-0.103693	-0.164576	-0.174715	-0.022287	-0.214031	112.490273	-86.436350	32.634401
24548	9.819642	0.115597	-0.153908	-0.151234	-0.023921	-0.224332	111.887211	-86.309579	33.152126
24549	9.784402	0.260741	-0.197037	-0.142089	-0.028347	-0.232573	111.334794	-86.176058	33.625983
24550	9.688135	0.343154	-0.099584	-0.131578	-0.032388	-0.236154	110.844766	-86.040617	34.041860
24551	9.654070	0.459998	-0.188527	-0.129248	-0.027513	-0.247543	110.316714	-85.898747	34.498754
24552	9.586394	0.562575	-0.204604	-0.142207	-0.029071	-0.251748	109.815412	-85.755082	34.919972
24553	9.573911	0.572650	-0.107352	-0.164326	-0.025317	-0.258629	109.287649	-85.607121	35.356554
24554	9.607675	0.451206	-0.157075	-0.175152	-0.025520	-0.260556	108.782681	-85.458821	35.762680
24555	9.622292	0.274169	-0.211779	-0.156607	-0.020667	-0.264762	108.274977	-85.307847	36.183700
24556	9.713724	0.221153	-0.288075	-0.092954	-0.025794	-0.266890	107.861153	-85.155536	36.545799
24557	9.779500	0.303015	-0.347040	-0.035376	-0.028915	-0.264367	107.527678	-85.002931	36.861762
24558	9.825143	0.485583	-0.393118	0.019887	-0.035883	-0.261393	107.292738	-84.851560	37.109346
24559	9.795468	0.905860	-0.205715	0.047360	-0.031385	-0.259421	107.064161	-84.701060	37.367660
24560	9.847226	1.183157	-0.285188	0.048489	-0.037102	-0.261190	106.879326	-84.549433	37.581499
24561	9.859212	1.243288	-0.257659	0.019265	-0.026092	-0.261724	106.626296	-84.398361	37.848350
24562	9.893031	1.304505	-0.202800	0.002574	-0.026583	-0.259998	106.382789	-84.248943	38.094822
24563	9.822713	1.198659	-0.256565	-0.036606	-0.023327	-0.259796	106.112502	-84.099123	38.347021
24564	9.784501	0.930057	-0.374050	-0.059231	-0.020320	-0.262849	105.822111	-83.948899	38.605161
24565	9.799495	0.731927	-0.403036	-0.056522	-0.023130	-0.262708	105.561100	-83.797259	38.836701
24566	9.745577	0.585898	-0.533454	-0.042658	-0.015920	-0.262799	105.283611	-83.647484	39.091559
24567	9.663661	0.597732	-0.557470	-0.005901	-0.018117	-0.276799	105.031992	-83.488622	39.342923
24568	9.727626	0.780137	-0.419863	0.031162	-0.026968	-0.267313	104.866736	-83.334490	39.527535
24569	9.822929	0.929373	-0.375659	0.064109	-0.028699	-0.282072	104.718766	-83.171027	39.715032
24570	9.863450	1.061499	-0.285860	0.067519	-0.025888	-0.286067	104.562492	-83.006543	39.911705
24571	9.872122	1.051534	-0.251702	0.073506	-0.023054	-0.287354	104.404428	-82.840865	40.114901
24572	9.861170	1.113124	-0.250397	0.075482	-0.025042	-0.289073	104.261629	-82.674707	40.302731
24573	9.925336	1.171712	-0.356773	0.045490	-0.026404	-0.297112	104.107069	-82.503033	40.486325
24574	9.945183	1.001922	-0.298116	0.028867	-0.018271	-0.304133	103.909167	-82.329310	40.702946
24575	9.871927	0.979987	-0.170255	0.015352	-0.011567	-0.308045	103.682554	-82.153451	40.941945
24576	9.720157	0.866306	-0.171673	-0.024751	-0.003675	-0.311401	103.408281	-81.977413	41.204839
24577	9.701898	0.493087	-0.128352	-0.044461	0.002169	-0.330746	103.094942	-81.790455	41.496950
24578	9.707844	0.592658	-0.208102	-0.020798	-0.019869	-0.350610	102.873997	-81.590095	41.708484
24579	9.705615	0.627496	-0.209952	-0.043789	-0.022312	-0.365811	102.647148	-81.380205	41.913681
24580	9.793097	0.916587	-0.308062	-0.039773	-0.030646	-0.385132	102.446800	-81.158969	42.093611
24581	9.809689	1.106230	-0.453454	-0.052837	-0.037767	-0.401578	102.261423	-80.927040	42.251705
24582	9.872722	1.394394	-0.422561	-0.058502	-0.042598	-0.408827	102.091915	-80.690917	42.389752
24583	9.944654	1.672849	-0.422924	-0.076390	-0.054661	-0.411350	101.959031	-80.451393	42.481127
24584	9.972081	1.968172	-0.231110	-0.125264	-0.049283	-0.416781	101.782036	-80.209907	42.588157
24585	9.972262	2.024507	-0.060707	-0.191014	-0.042311	-0.417864	101.552460	-79.968053	42.711170
24586	10.057468	1.905878	-0.144730	-0.243480	-0.022305	-0.413977	101.241127	-79.731057	42.886023
24587	10.146850	1.569570	-0.095431	-0.251152	-0.006059	-0.406060	100.892217	-79.499604	43.095511
24588	10.074712	1.507364	-0.139784	-0.219076	-0.001493	-0.401774	100.561779	-79.271352	43.304287
24589	10.142900	1.364094	-0.338349	-0.215206	-0.010381	-0.399770	100.272051	-79.042630	43.474727
24590	10.108782	1.272342	-0.592090	-0.164672	-0.003396	-0.414145	99.992749	-78.806821	43.663482
24591	10.073658	1.339858	-0.455819	-0.139136	-0.007042	-0.416980	99.746830	-78.568488	43.833881
24592	9.998035	1.210469	-0.310519	-0.136172	-0.001842	-0.432609	99.489163	-78.322082	44.017535
24593	9.826333	1.260963	-0.104100	-0.113206	-0.002681	-0.453497	99.247216	-78.063315	44.199246
24594	9.613422	1.119442	-0.044814	-0.132700	0.008322	-0.466714	98.968337	-77.798218	44.406973
24595	9.606080	1.006793	-0.091291	-0.074260	-0.000986	-0.485692	98.749643	-77.521160	44.587928
24596	9.696524	1.084960	-0.083593	-0.022080	-0.000090	-0.496179	98.562562	-77.238313	44.766971
24597	9.780110	1.289506	-0.289468	0.039847	-0.008233	-0.502330	98.436510	-76.951105	44.920168
24598	9.725516	1.722867	-0.367046	0.073737	-0.003733	-0.510725	98.321655	-76.659524	45.081826
24599	9.681595	2.163843	-0.345729	0.070139	0.000587	-0.513654	98.199893	-76.366566	45.248714
24600	9.630548	2.451499	-0.412950	0.009498	0.011643	-0.520799	98.021869	-76.070344	45.437914
24601	9.491563	2.673209	-0.375655	-0.059621	0.019228	-0.524236	97.794540	-75.772615	45.637416
24602	9.361168	2.732005	-0.456048	-0.148096	0.028360	-0.537209	97.501604	-75.467995	45.852525
24603	9.189365	2.776980	-0.430005	-0.235062	0.036568	-0.539728	97.151730	-75.162212	46.075397
24604	9.085055	2.788079	-0.385001	-0.292959	0.037806	-0.549639	96.775027	-74.850562	46.291905
24605	9.163450	2.636985	-0.509070	-0.351176	0.040864	-0.558596	96.369108	-74.533559	46.504627
24606	9.323400	2.507135	-0.454430	-0.344027	0.040434	-0.555846	95.980629	-74.217794	46.703633
24607	9.433833	2.397173	-0.406325	-0.336556	0.049999	-0.564306	95.587622	-73.897314	46.912324
24608	9.494459	2.391332	-0.310428	-0.310097	0.051016	-0.567390	95.218289	-73.574841	47.112274
24609	9.546744	2.496081	-0.113097	-0.278699	0.055159	-0.567611	94.870138	-73.252057	47.309397
24610	9.468513	2.636502	0.004849	-0.265108	0.060752	-0.565308	94.529383	-72.930567	47.507089
24611	9.407486	2.850230	0.074289	-0.245059	0.065816	-0.566278	94.200817	-72.608401	47.704498
24612	9.308710	3.015869	-0.087070	-0.245151	0.070035	-0.563294	93.874100	-72.287793	47.900149
24613	9.407000	3.029927	-0.494266	-0.211379	0.075562	-0.559010	93.566760	-71.969509	48.096209
24614	9.744231	2.994213	-0.393220	-0.175325	0.074650	-0.541895	93.291545	-71.660690	48.280459
24615	9.979430	3.004854	-0.173357	-0.152809	0.077286	-0.529708	93.033614	-71.358661	48.460516
24616	10.058242	3.050755	-0.102370	-0.138229	0.067129	-0.519294	92.808338	-71.062057	48.615119
24617	9.930376	3.134505	-0.029992	-0.127189	0.074130	-0.516521	92.584142	-70.767074	48.775591
24618	9.584118	3.171112	0.135168	-0.155571	0.093740	-0.514024	92.317710	-70.473740	48.963841
24619	9.340122	3.197490	0.288417	-0.156209	0.103899	-0.509506	92.041892	-70.182990	49.161997
24620	9.180068	3.388374	0.213683	-0.170799	0.117446	-0.504607	91.743323	-69.894903	49.375839
24621	9.025168	3.494023	0.084067	-0.175714	0.125818	-0.491090	91.436832	-69.614386	49.595450
24622	8.946546	3.754378	-0.044220	-0.190084	0.129104	-0.480392	91.124417	-69.339556	49.813054
24623	8.881488	3.941571	-0.169508	-0.209640	0.128110	-0.461301	90.809718	-69.075286	50.021470
24624	8.812908	4.068247	-0.302748	-0.221435	0.123355	-0.446245	90.501877	-68.819165	50.215689
24625	8.743260	4.245848	-0.312557	-0.226796	0.117614	-0.435981	90.205473	-68.568518	50.394754
24626	8.652996	4.236524	-0.161992	-0.253385	0.114180	-0.419689	89.904096	-68.326891	50.563005
24627	8.560637	4.331678	-0.051383	-0.254806	0.107992	-0.401155	89.615874	-68.095469	50.716723
24628	8.586982	4.324483	-0.100638	-0.255677	0.099800	-0.383735	89.342732	-67.873907	50.853644
24629	8.690808	4.242882	-0.085419	-0.238377	0.099478	-0.366472	89.083785	-67.661793	50.986530
24630	8.648361	4.101005	0.008936	-0.250187	0.113677	-0.353488	88.801460	-67.456941	51.137206
24631	8.671210	3.964232	0.053925	-0.241105	0.116941	-0.341051	88.523552	-67.258617	51.289439
24632	8.653291	3.656467	0.030769	-0.221907	0.128586	-0.323363	88.243426	-67.070225	51.455744
24633	8.621273	3.477601	0.014542	-0.138886	0.118486	-0.313460	88.027673	-66.887126	51.604532
24634	8.634145	3.384184	0.077733	-0.109964	0.124553	-0.302834	87.822297	-66.710062	51.759745
24635	8.677085	3.457765	0.107465	-0.063181	0.109997	-0.309767	87.666218	-66.528904	51.891145
24636	8.764814	3.552281	0.075680	-0.024284	0.099009	-0.312636	87.548699	-66.346504	52.004489
24637	8.745488	3.754677	0.361431	-0.032579	0.097852	-0.328686	87.430960	-66.154624	52.113490
24638	8.676162	3.878689	0.350677	-0.056194	0.084366	-0.349156	87.319726	-65.951524	52.200287
24639	8.754141	3.967847	0.259872	-0.097165	0.074082	-0.359849	87.200757	-65.742292	52.270393
24640	8.837599	3.874496	0.179989	-0.119335	0.068696	-0.365845	87.077581	-65.529946	52.330869
24641	8.908806	3.803998	0.149398	-0.140222	0.077124	-0.370409	86.934093	-65.314461	52.401033
24642	8.913237	3.825390	0.172900	-0.169919	0.087680	-0.377591	86.762646	-65.094674	52.482966
24643	8.830473	3.703410	0.311437	-0.193150	0.091776	-0.385509	86.575932	-64.869928	52.567577
24644	8.852657	3.865958	0.402896	-0.176172	0.082873	-0.395171	86.412430	-64.640046	52.637066
24645	8.866646	3.909632	0.371653	-0.168737	0.073062	-0.400591	86.267558	-64.407199	52.691072
24646	8.933712	3.944200	0.346468	-0.173703	0.065117	-0.400473	86.130729	-64.174811	52.732796
24647	9.030256	3.879267	0.212862	-0.165854	0.068655	-0.400351	85.995945	-63.942200	52.777572
24648	8.957426	3.948653	0.194717	-0.149124	0.072045	-0.392897	85.867488	-63.713779	52.825823
24649	8.919679	3.909345	0.109123	-0.124921	0.081157	-0.380103	85.742967	-63.492178	52.885438
24650	8.817479	3.966626	0.134438	-0.075213	0.084264	-0.381077	85.644646	-63.269897	52.947537
24651	8.733020	3.992354	0.323587	-0.069915	0.075424	-0.386331	85.561251	-63.044947	52.996567
24652	8.665579	4.119455	0.413264	-0.049098	0.070363	-0.396271	85.497082	-62.814529	53.037364
24653	8.705195	4.267461	0.377741	-0.035790	0.051376	-0.404597	85.463218	-62.580221	53.052801
24654	8.744897	4.236171	0.380186	-0.071476	0.054700	-0.411922	85.406203	-62.341549	53.071243
24655	8.677282	4.221915	0.370409	-0.101955	0.061324	-0.430864	85.327095	-62.091792	53.094995
24656	8.579291	4.146962	0.354295	-0.138221	0.072733	-0.448854	85.217392	-61.831157	53.129888
24657	8.353548	4.127972	0.523209	-0.148695	0.083425	-0.468149	85.093579	-61.559043	53.174061
24658	8.249240	4.263999	0.679046	-0.134170	0.075219	-0.492216	84.990151	-61.273468	53.204631
24659	8.306360	4.405335	0.527808	-0.122569	0.067243	-0.502977	84.903889	-60.982247	53.223186
24660	8.473402	4.505486	0.585747	-0.112475	0.046734	-0.497362	84.844626	-60.695152	53.217587
24661	8.660093	4.563251	0.618245	-0.112724	0.058553	-0.499057	84.774012	-60.406614	53.224710
24662	8.731127	4.743736	0.701868	-0.098936	0.053709	-0.500417	84.716836	-60.117417	53.225608
24663	8.650620	4.733709	0.592831	-0.111023	0.073162	-0.504809	84.634568	-59.824839	53.247297
24664	8.457156	4.720345	0.583099	-0.091387	0.069328	-0.502119	84.567902	-59.533829	53.264204
24665	8.333921	4.773059	0.679852	-0.107234	0.081311	-0.497295	84.480964	-59.245084	53.293923
24666	8.343196	4.949749	0.698582	-0.058166	0.073601	-0.496567	84.430315	-58.956983	53.314447
24667	8.439687	4.996481	0.709711	-0.078052	0.073699	-0.506585	84.369701	-58.663340	53.333083
24668	8.527445	4.832357	0.652520	-0.101658	0.075162	-0.512847	84.295596	-58.365846	53.352020
24669	8.533758	4.758038	0.607628	-0.091361	0.066920	-0.513951	84.235716	-58.068390	53.360887
24670	8.471167	4.608336	0.628430	-0.115991	0.078397	-0.516804	84.152342	-57.768431	53.381194
24671	8.472319	4.657275	0.537153	-0.112223	0.076140	-0.526634	84.074788	-57.463248	53.396799
24672	8.493027	4.535713	0.540180	-0.142064	0.075657	-0.542464	83.983039	-57.148800	53.409443
24673	8.520985	4.473875	0.755754	-0.120726	0.062136	-0.562061	83.917823	-56.824329	53.404527
24674	8.553487	4.510594	0.816225	-0.146914	0.070205	-0.584171	83.833429	-56.486437	53.405134
24675	8.636893	4.286546	0.891044	-0.189849	0.045142	-0.614284	83.749169	-56.133378	53.375292
24676	8.721876	3.870220	0.912331	-0.252704	0.048758	-0.647474	83.629770	-55.760788	53.344996
24677	8.720837	3.598370	1.060593	-0.293109	0.058009	-0.674010	83.482603	-55.373126	53.319151
24678	8.609871	3.428402	1.168920	-0.240828	0.048007	-0.681954	83.375593	-54.981041	53.281770
24679	8.454977	3.901152	1.382507	-0.120123	0.039316	-0.680798	83.344385	-54.591027	53.234655
24680	8.378106	4.325175	1.383544	-0.055876	0.018344	-0.700912	83.368485	-54.190146	53.165989
24681	8.492768	4.741855	1.384864	-0.071838	-0.005803	-0.740785	83.404184	-53.769121	53.069535
24682	8.739557	5.040830	1.416187	-0.163212	-0.051530	-0.777027	83.425150	-53.329468	52.927570
24683	8.781579	4.943920	1.480223	-0.306274	-0.065104	-0.807615	83.374642	-52.874417	52.769582
24684	8.912355	4.659460	1.333886	-0.351298	-0.112530	-0.861110	83.337448	-52.391041	52.563485
24685	9.212620	4.343188	1.342224	-0.399119	-0.139477	-0.906199	83.293078	-51.885152	52.327972
24686	9.365574	4.177988	1.297604	-0.408916	-0.123844	-0.935184	83.232429	-51.360594	52.106838
24687	9.330712	3.884844	1.071970	-0.396302	-0.166505	-0.962883	83.207591	-50.824784	51.844419
24688	9.886029	4.102260	0.808679	-0.355471	-0.203950	-0.987601	83.231228	-50.275925	51.550420
24689	9.251869	4.302731	0.834989	-0.489655	-0.128636	-0.971867	83.120670	-49.732881	51.325453
24690	9.423900	4.249339	0.637887	-0.406308	-0.312881	-0.975748	83.178915	-49.198436	50.942887
24691	9.401912	4.905679	0.745720	-0.461681	-0.228146	-0.948415	83.141364	-48.675867	50.638338
24692	9.728913	4.674528	0.119822	-0.356161	-0.328398	-0.990031	83.228342	-48.134200	50.249548
24693	9.746564	5.491379	0.462122	-0.368664	-0.235176	-0.909696	83.236657	-47.634183	49.949680
24694	8.973228	5.200938	-0.154451	-0.271882	-0.257176	-0.860999	83.307439	-47.160765	49.642268
24695	8.174101	5.667430	-0.319509	-0.179572	-0.288392	-0.746947	83.436761	-46.756663	49.320376
24696	8.151283	5.828937	-0.511020	-0.016363	-0.373183	-0.676741	83.702222	-46.394524	48.942348
24697	8.125059	6.464195	-0.522637	0.122888	-0.312382	-0.579430	83.999242	-46.085664	48.624410
24698	7.833207	7.112057	-0.675980	0.271078	-0.259539	-0.499252	84.341880	-45.815375	48.364174
24699	7.568019	8.238053	-0.611781	0.340191	-0.249074	-0.492932	84.713647	-45.549896	48.112968
24700	6.930733	8.572940	-0.480621	0.197343	-0.249150	-0.535129	85.003047	-45.256448	47.865725
24701	6.938145	8.874713	-0.357546	0.001145	-0.325919	-0.562023	85.221919	-44.953399	47.554077
24702	7.290248	9.386817	-0.218978	-0.124727	-0.353069	-0.474949	85.377192	-44.697868	47.232834
24703	7.059264	9.085310	-0.007529	-0.332161	-0.368032	-0.371008	85.415059	-44.504590	46.904723
24704	6.827999	8.614902	0.301384	-0.380033	-0.336653	-0.209583	85.399503	-44.399433	46.616404
24705	6.641848	7.866059	0.667691	-0.437938	-0.235390	-0.032895	85.285876	-44.393120	46.417372
24706	6.700356	7.404018	1.041928	-0.347926	-0.091758	0.171471	85.133994	-44.494523	46.349974
24707	6.610175	6.799836	0.854524	-0.196738	0.027029	0.404867	84.990545	-44.725756	46.391026
24708	6.313739	6.913055	0.837614	0.048239	0.033470	0.613342	84.972706	-45.073277	46.455838
24709	5.973653	7.356230	1.040581	0.112041	0.074985	0.800874	84.957201	-45.528019	46.565280
24710	5.742053	7.489740	1.086311	0.182444	0.137885	0.967550	84.934906	-46.072399	46.742564
24711	5.619903	7.311406	0.886020	0.188666	0.146992	1.131546	84.898972	-46.711981	46.938941
24712	5.765444	7.038734	0.861510	0.183974	0.112186	1.302756	84.868452	-47.448834	47.124924
24713	6.058806	6.912930	1.144019	0.208904	0.151482	1.463758	84.813770	-48.277408	47.357722
24714	5.990450	6.852507	1.182370	0.243532	0.252424	1.614322	84.697603	-49.184401	47.698271
24715	5.715007	6.781231	1.069330	0.286373	0.301836	1.750345	84.552860	-50.167643	48.101090
24716	5.498925	7.081487	1.139127	0.310541	0.309233	1.880230	84.393702	-51.222032	48.537055
24717	5.430363	7.201948	1.211661	0.279271	0.301904	2.003403	84.195146	-52.347801	48.991392
24718	5.369101	7.237328	1.163340	0.217993	0.311113	2.123208	83.924001	-53.538530	49.487978
24719	5.276846	6.922160	1.083789	0.101486	0.296608	2.246152	83.559231	-54.799823	50.007909
24720	5.452569	6.610921	1.252192	-0.038032	0.279789	2.390649	83.080445	-56.140874	50.562909
24721	5.692478	6.417758	1.483818	-0.148471	0.309934	2.540106	82.450852	-57.562622	51.211892
24722	6.143123	6.431915	1.325226	-0.100512	0.320294	2.662579	81.766335	-59.047879	51.948951
24723	6.745512	6.555825	0.966801	-0.055432	0.353506	2.745880	80.991435	-60.573178	52.807595
24724	6.889520	6.474195	0.750029	-0.125109	0.342714	2.776599	80.094596	-62.109651	53.748159
24725	6.790470	5.888232	0.850663	-0.287941	0.261486	2.846568	79.072904	-63.686670	54.709816
24726	6.663239	5.360234	1.161425	-0.470771	0.249196	2.950218	77.808316	-65.313777	55.812196
24727	7.362984	5.114633	1.547884	-0.431904	0.251572	3.095287	76.354135	-67.010130	57.131009
24728	7.723211	4.119725	1.174336	-0.344490	0.318897	3.141207	74.623725	-68.706670	58.786164
24729	7.339931	4.375505	1.634653	-0.028498	0.316338	3.242333	72.749342	-70.438892	60.768573
24730	8.697208	4.354274	0.966335	0.127999	0.254649	3.271971	70.687082	-72.173578	63.023105
24731	8.560335	4.214845	0.814386	0.185436	0.305323	3.291951	68.094019	-73.878006	65.845187
24732	9.425425	3.971696	0.742070	0.200489	0.202758	3.259683	65.120206	-75.547078	69.047059
24733	9.516835	3.106117	0.665730	0.026395	0.233600	3.234700	61.215615	-77.141762	73.080804
24734	9.270229	2.647812	1.183721	0.022383	0.233129	3.259475	56.184142	-78.670591	78.239256
24735	10.042748	1.976547	1.195410	0.088272	0.156544	3.265756	49.859315	-80.114643	84.725432
24736	10.643805	1.349446	0.834533	0.249395	0.254614	3.230811	41.451001	-81.341789	93.389194
24737	10.301692	1.351450	0.957853	0.380822	0.320852	3.227087	30.523987	-82.286064	104.648784
24738	10.808340	0.821695	0.804472	0.432785	0.222487	3.181059	17.541013	-82.919185	117.989859
24739	10.649505	0.634941	0.958816	0.363745	0.233890	3.140675	3.077483	-83.114344	132.771081
24740	10.744684	0.264971	0.639009	0.456782	0.218759	3.052053	-10.817906	-82.873320	147.033856
24741	10.724933	-0.280864	0.837618	0.486198	0.264597	2.975340	-22.715150	-82.236862	159.313172
24742	10.553180	-0.884572	1.143488	0.572957	0.269490	2.887645	-32.089243	-81.339034	169.115566
24743	10.306582	-1.054918	0.923966	0.601860	0.319980	2.777542	-39.088303	-80.265645	176.555507
24744	10.386470	-1.264310	1.095584	0.770800	0.324434	2.612756	-44.137421	-79.134873	-177.863929
24745	10.092403	-0.794884	0.921642	0.876694	0.374469	2.420298	-47.653053	-77.992964	-173.763877
24746	9.720551	-1.247105	1.159696	0.847577	0.328070	2.179708	-50.228341	-76.930854	-170.628062
24747	9.380049	-1.405524	1.192889	0.902466	0.303277	1.961996	-52.081595	-75.949932	-168.188784
24748	9.291210	-1.402124	2.367775	0.694263	0.209983	1.741443	-53.653277	-75.084994	-166.154470
24749	9.032266	-1.448146	2.373243	0.526587	0.132830	1.537225	-55.011106	-74.328711	-164.432917
24750	8.863641	-1.874662	1.935646	0.403081	0.039072	1.329978	-56.225779	-73.690294	-162.928860
24751	8.846101	-2.090580	1.794585	0.376642	-0.046247	1.128733	-57.283072	-73.167541	-161.599464
24752	8.597726	-1.886024	1.601002	0.204822	-0.120312	0.911872	-58.273602	-72.765351	-160.440484
24753	8.625935	-2.198712	1.253727	-0.027070	-0.184300	0.692294	-59.242159	-72.484521	-159.440707
24754	8.639590	-2.494915	0.708777	-0.213695	-0.184546	0.475851	-60.094384	-72.305580	-158.674784
24755	8.665467	-2.293115	0.630719	-0.177713	-0.170922	0.284404	-60.721248	-72.215740	-158.122352
24756	8.648427	-1.884529	0.606460	-0.124343	-0.190544	0.131257	-61.212115	-72.205895	-157.681378
24757	8.637514	-1.485678	0.694728	-0.117303	-0.212075	0.029411	-61.645057	-72.252728	-157.296064
24758	8.440034	-1.370065	0.864459	-0.093678	-0.237936	-0.045858	-62.045022	-72.343104	-156.932281
24759	8.277526	-1.394028	1.319163	-0.136055	-0.218329	-0.132723	-62.368032	-72.472309	-156.673778
24760	7.971121	-1.354253	1.389411	-0.114204	-0.166985	-0.263032	-62.490193	-72.653038	-156.614038
24761	8.051047	-0.702214	1.476404	0.044077	-0.179463	-0.386131	-62.437059	-72.900416	-156.641682
24762	8.891433	-0.755087	1.158605	0.031734	-0.288782	-0.403426	-62.559214	-73.184699	-156.494686
24763	9.743946	-1.521486	1.140715	0.022088	-0.401143	-0.269609	-63.000547	-73.430997	-156.018956
24764	10.475898	-2.846050	2.704250	-0.309928	-0.323705	-0.112607	-63.649407	-73.574723	-155.527158
24765	11.232445	-5.106942	2.791268	-0.228789	-0.309570	0.052683	-64.375445	-73.629068	-154.905176
24766	10.854649	-6.660352	2.728156	-0.121769	-0.142646	0.089490	-64.781099	-73.620590	-154.554810
24767	10.216471	-7.513537	1.739551	0.250458	-0.113308	-0.005621	-64.841425	-73.654486	-154.341111
24768	9.550919	-6.676305	1.765274	0.421209	-0.097555	-0.135060	-64.669982	-73.751055	-154.268014
24769	9.408431	-6.144839	1.938823	0.577848	-0.103195	-0.243277	-64.324901	-73.905205	-154.282047
24770	9.780059	-4.875205	2.047814	0.697704	-0.130304	-0.297876	-63.909511	-74.094115	-154.298031
24771	10.042559	-3.650557	1.905057	0.765907	-0.142055	-0.327211	-63.443899	-74.300829	-154.325830
24772	9.968739	-2.345775	1.601968	0.754542	-0.125108	-0.357715	-62.919506	-74.518897	-154.421139
24773	9.637668	-1.198996	1.444539	0.647123	-0.116278	-0.403428	-62.386856	-74.757379	-154.589083
24774	9.404099	-0.548792	1.333255	0.463323	-0.133968	-0.437165	-61.949933	-75.017585	-154.766404
24775	9.300309	-0.425564	0.974937	0.282049	-0.177199	-0.441801	-61.684044	-75.291394	-154.874157
24776	9.487859	-0.973513	0.159426	0.163730	-0.219662	-0.426744	-61.579865	-75.569232	-154.884592
24777	9.845874	-1.392173	-0.065634	0.121425	-0.223492	-0.432613	-61.497918	-75.851097	-154.896971
24778	10.114736	-1.729778	-0.407279	0.070479	-0.238056	-0.474169	-61.428519	-76.157831	-154.926599
24779	10.574917	-1.902858	-0.227706	0.096174	-0.274333	-0.509186	-61.376936	-76.492296	-154.922402
24780	10.860287	-1.917963	0.761817	0.085105	-0.291175	-0.520809	-61.354139	-76.837057	-154.895442
24781	10.721618	-1.763745	1.542977	0.150068	-0.296766	-0.518279	-61.308437	-77.182348	-154.853423
24782	10.166339	-1.217010	1.951545	0.234731	-0.270257	-0.500062	-61.176751	-77.510934	-154.850272
24783	9.680405	-0.970994	2.050339	0.312940	-0.241555	-0.474252	-60.961576	-77.818908	-154.886266
24784	9.338976	-0.947980	1.870935	0.385829	-0.195168	-0.449660	-60.621353	-78.101289	-155.007830
24785	9.206313	-0.864138	1.622239	0.446448	-0.172169	-0.417315	-60.221991	-78.361189	-155.153695
24786	9.264004	-0.778256	1.220717	0.450460	-0.168514	-0.391433	-59.837623	-78.606678	-155.282287
24787	9.470006	-0.628410	0.594984	0.439078	-0.190032	-0.376110	-59.522878	-78.851013	-155.345834
24788	9.663379	-0.620533	0.277366	0.364734	-0.212145	-0.358310	-59.328598	-79.092594	-155.330585
24789	9.686858	-0.653262	0.053920	0.251079	-0.231634	-0.335499	-59.280173	-79.329130	-155.232390
24790	9.675755	-0.804746	-0.042042	0.128623	-0.218703	-0.313069	-59.307197	-79.550350	-155.129661
24791	9.609308	-0.949198	-0.040748	0.052499	-0.209509	-0.281879	-59.404151	-79.754112	-154.999300
24792	9.395538	-1.169591	0.044456	-0.016564	-0.185670	-0.249334	-59.534812	-79.934204	-154.875927
24793	9.309234	-1.386151	0.196926	-0.060151	-0.175365	-0.239225	-59.680890	-80.106973	-154.761254
24794	9.442881	-1.513128	0.429027	-0.063125	-0.169295	-0.254051	-59.792761	-80.284567	-154.684154
24795	9.703997	-1.401911	0.690918	-0.071902	-0.179875	-0.266434	-59.921527	-80.472049	-154.593969
24796	9.816110	-1.301704	0.941062	-0.077121	-0.187254	-0.270851	-60.074001	-80.663063	-154.483924
24797	9.903387	-1.307538	1.051734	-0.087100	-0.166732	-0.280423	-60.155652	-80.853675	-154.450394
24798	9.866715	-1.316609	1.057507	-0.082125	-0.147769	-0.285211	-60.170221	-81.040518	-154.483013
24799	9.813316	-1.219142	1.046672	-0.065980	-0.133482	-0.288113	-60.121679	-81.225451	-154.569056
24800	9.718867	-1.152604	0.833577	-0.049490	-0.125493	-0.280463	-60.050992	-81.403563	-154.668972
24801	9.695098	-1.033372	0.602599	-0.014689	-0.115523	-0.278653	-59.924396	-81.578614	-154.804144
24802	9.714361	-0.943983	0.484910	0.005823	-0.119346	-0.267951	-59.817012	-81.748701	-154.909028
24803	9.751860	-0.789832	0.402807	0.009498	-0.125708	-0.258355	-59.742366	-81.916596	-154.977556
24804	9.835157	-0.592537	0.397832	-0.001173	-0.125498	-0.248730	-59.692514	-82.078909	-155.028301
24805	9.842803	-0.492874	0.492879	-0.029321	-0.122902	-0.240081	-59.663373	-82.237001	-155.073202
24806	9.822147	-0.406870	0.543116	-0.070287	-0.117827	-0.233753	-59.653808	-82.389680	-155.123215
24807	9.809348	-0.447487	0.637682	-0.127874	-0.112133	-0.238145	-59.642441	-82.543768	-155.207005
24808	9.849718	-0.602391	0.665862	-0.160540	-0.103044	-0.242339	-59.606175	-82.696405	-155.336049
24809	9.862770	-0.770309	0.648926	-0.161552	-0.100028	-0.233055	-59.573540	-82.844506	-155.460593
24810	9.857290	-0.901729	0.606988	-0.149870	-0.091951	-0.224073	-59.522739	-82.984877	-155.598039
24811	9.783472	-0.942380	0.516610	-0.119868	-0.083062	-0.215470	-59.431896	-83.119347	-155.757062
24812	9.706193	-0.958788	0.515210	-0.104908	-0.072856	-0.211520	-59.298049	-83.247900	-155.952121
24813	9.709985	-0.934217	0.465051	-0.105040	-0.074895	-0.207429	-59.173471	-83.375938	-156.136463
24814	9.733380	-0.873626	0.405203	-0.105468	-0.079509	-0.205727	-59.070840	-83.503500	-156.300321
24815	9.784006	-0.839324	0.428664	-0.136052	-0.067476	-0.206448	-58.922271	-83.628784	-156.526583
24816	9.814699	-0.767924	0.428177	-0.156230	-0.060955	-0.203102	-58.761373	-83.749466	-156.778243
24817	9.757600	-0.671468	0.343092	-0.180618	-0.062260	-0.200893	-58.614882	-83.870351	-157.027971
24818	9.652309	-0.776901	0.332078	-0.210408	-0.054762	-0.195193	-58.462900	-83.985168	-157.301769
24819	9.653518	-0.837744	0.400440	-0.224461	-0.058135	-0.193505	-58.327794	-84.101091	-157.565167
24820	9.704707	-0.879087	0.458341	-0.229080	-0.050382	-0.188225	-58.169793	-84.211045	-157.855654
24821	9.709976	-0.845899	0.325621	-0.212057	-0.053035	-0.183710	-58.016087	-84.320509	-158.130503
24822	9.749978	-0.926174	0.136369	-0.193769	-0.055529	-0.174532	-57.888492	-84.425223	-158.369996
24823	9.760725	-0.934174	0.183423	-0.163842	-0.051731	-0.162345	-57.752435	-84.523800	-158.599257
24824	9.721918	-0.964265	0.241743	-0.130727	-0.039073	-0.145655	-57.583987	-84.609374	-158.843426
24825	9.774664	-1.044313	0.297011	-0.102506	-0.031226	-0.130977	-57.396922	-84.686344	-159.088567
24826	9.727667	-1.172467	0.415106	-0.105327	-0.026856	-0.126653	-57.200631	-84.758824	-159.346019
24827	9.673457	-1.176342	0.635853	-0.070833	-0.024670	-0.116822	-56.996830	-84.826754	-159.589736
24828	9.696714	-1.111088	0.498523	-0.008438	-0.026873	-0.118331	-56.761248	-84.895069	-159.830843
24829	9.714456	-0.948302	0.417610	-0.020479	-0.020171	-0.127408	-56.453646	-84.966399	-160.149829
24830	9.803857	-0.923616	0.105261	-0.029275	-0.032060	-0.147881	-56.135646	-85.050226	-160.485597
24831	9.880486	-0.658718	0.977835	-0.091356	-0.025753	-0.173250	-55.707466	-85.144746	-160.966305
24832	9.999612	0.076254	0.992647	-0.130762	-0.014846	-0.181233	-55.194774	-85.238281	-161.555712
24833	9.741678	-0.189519	0.675043	-0.144990	-0.022955	-0.182967	-54.703057	-85.335724	-162.130860
24834	9.764206	-0.110221	0.853143	-0.155562	-0.017125	-0.175320	-54.197768	-85.426384	-162.726935
24835	9.665762	-0.470001	0.752885	-0.165690	-0.006750	-0.169353	-53.635317	-85.511206	-163.384745
24836	9.733094	-0.449737	0.497276	-0.123733	-0.005821	-0.157732	-53.077500	-85.588983	-164.015076
24837	9.663243	-0.565729	0.403638	-0.084273	-0.022698	-0.147754	-52.616431	-85.668468	-164.524280
24838	9.726678	-0.430630	0.434390	-0.088641	-0.021056	-0.150505	-52.123353	-85.747441	-165.069392
24839	9.735340	-0.406820	0.490234	-0.097719	-0.026349	-0.156341	-51.613177	-85.831415	-165.635448
24840	9.741956	-0.348713	0.550619	-0.100228	-0.032148	-0.157079	-51.121938	-85.916572	-166.185257
24841	9.781487	-0.340254	0.603776	-0.119238	-0.034615	-0.154395	-50.641593	-86.001943	-166.733634
24842	9.765696	-0.502149	0.487460	-0.146650	-0.029198	-0.158828	-50.103939	-86.086096	-167.356514
24843	9.746535	-0.490509	0.496943	-0.136065	-0.037067	-0.162495	-49.557205	-86.175189	-167.980983
24844	9.720403	-0.535096	0.525922	-0.148448	-0.034028	-0.156779	-49.011274	-86.259425	-168.613063
24845	9.701945	-0.517773	0.493204	-0.130418	-0.040740	-0.151079	-48.497683	-86.344163	-169.200973
24846	9.648814	-0.465121	0.551261	-0.129248	-0.036639	-0.144388	-47.979901	-86.423325	-169.793707
24847	9.615658	-0.409308	0.596193	-0.133814	-0.037590	-0.149596	-47.403390	-86.505483	-170.446522
24848	9.666291	-0.255436	0.614724	-0.148115	-0.048440	-0.153862	-46.863755	-86.592487	-171.071871
24849	9.691969	-0.202687	0.701899	-0.187968	-0.051776	-0.141845	-46.411639	-86.676227	-171.631053
24850	9.606030	-0.261183	0.769505	-0.230609	-0.050392	-0.149220	-45.907382	-86.761436	-172.268199
24851	9.650243	-0.336737	0.892798	-0.237107	-0.048031	-0.153360	-45.316012	-86.847767	-172.994964
24852	9.693900	-0.350270	0.854434	-0.228918	-0.055038	-0.153345	-44.748501	-86.935796	-173.694379
24853	9.695316	-0.330200	0.806297	-0.223798	-0.062301	-0.152408	-44.189750	-87.026709	-174.380764
24854	9.666535	-0.273721	0.635166	-0.211864	-0.063399	-0.146951	-43.653003	-87.114896	-175.039475
24855	9.630907	-0.054252	0.635269	-0.190819	-0.080362	-0.143798	-43.213780	-87.209230	-175.587185
24856	9.666552	0.297334	0.516544	-0.176609	-0.077693	-0.133451	-42.818410	-87.297584	-176.084030
24857	9.728599	0.513195	0.575217	-0.218591	-0.084705	-0.119736	-42.585803	-87.384052	-176.440708
24858	9.812201	0.551235	0.258813	-0.227067	-0.077579	-0.102972	-42.454737	-87.460346	-176.701852
24859	9.846920	0.558334	-0.005817	-0.229992	-0.077495	-0.095528	-42.365199	-87.534376	-176.921710
24860	10.054432	0.368917	-0.077648	-0.236839	-0.079286	-0.091459	-42.349074	-87.606914	-177.073384
24861	10.222709	0.202243	-0.290037	-0.249473	-0.080710	-0.077516	-42.471530	-87.675425	-177.092087
24862	10.192243	-0.023957	-0.285009	-0.267738	-0.069981	-0.069331	-42.613220	-87.735483	-177.103523
24863	10.122432	-0.268020	-0.211495	-0.262685	-0.058051	-0.061155	-42.701265	-87.788165	-177.164149
24864	9.936285	-0.457254	-0.026382	-0.273633	-0.047547	-0.063287	-42.688412	-87.836429	-177.333618
24865	9.723092	-0.774404	0.075528	-0.270147	-0.043152	-0.072445	-42.494816	-87.887215	-177.680354
24866	9.614708	-0.994973	0.009264	-0.201569	-0.037470	-0.076174	-42.167893	-87.936142	-178.122773
24867	9.556086	-1.010225	0.085724	-0.156238	-0.038698	-0.071352	-41.844628	-87.984433	-178.534024
24868	9.606736	-0.880076	0.020009	-0.104914	-0.033136	-0.070284	-41.449493	-88.029066	-178.989258
24869	9.692552	-0.590687	-0.026060	-0.075497	-0.027089	-0.075161	-40.864890	-88.073514	-179.615794
24870	9.760010	-0.214691	-0.067398	-0.083844	-0.020824	-0.076554	-40.190867	-88.114803	179.662033
24871	9.811540	0.007178	-0.139899	-0.080025	-0.016985	-0.072088	-39.478488	-88.153176	178.905071
24872	9.842383	0.304789	0.006607	-0.108995	-0.003364	-0.063460	-38.743072	-88.181363	178.107086
24873	9.806380	0.465179	0.096735	-0.154953	-0.013321	-0.054607	-38.226100	-88.211315	177.502770
24874	9.832205	0.470264	0.356187	-0.217800	-0.002680	-0.049323	-37.708261	-88.233695	176.860121
24875	9.824029	0.441463	0.422523	-0.258658	0.005118	-0.045782	-37.136598	-88.251866	176.141748
24876	9.940493	0.401264	0.270207	-0.282905	0.012579	-0.043294	-36.547024	-88.264782	175.390025
24877	10.099685	0.347184	0.042662	-0.287561	0.015946	-0.039804	-35.936465	-88.275490	174.616255
24878	10.114121	0.317166	-0.034243	-0.318809	0.023146	-0.038727	-35.303108	-88.281470	173.800157
24879	10.136755	0.311373	-0.133851	-0.359629	0.032738	-0.034161	-34.624315	-88.281961	172.916902
24880	10.069058	0.285389	-0.106402	-0.379820	0.046024	-0.031250	-33.893952	-88.274112	171.968782
24881	9.949220	0.147050	0.069624	-0.422993	0.056122	-0.022930	-33.190798	-88.259272	171.024914
24882	9.756439	-0.051254	0.159082	-0.432120	0.064907	-0.019975	-32.498489	-88.238128	170.084871
24883	9.605255	-0.364219	0.218793	-0.439422	0.063459	-0.024501	-31.739795	-88.219513	169.076032
24884	9.586118	-0.583484	0.240237	-0.416956	0.054657	-0.029712	-31.020802	-88.205561	168.117967
24885	9.662749	-0.742385	0.202254	-0.371740	0.057808	-0.027673	-30.260123	-88.189826	167.145865
24886	9.654575	-0.743826	0.146385	-0.321231	0.062780	-0.029150	-29.451104	-88.170887	166.152587
24887	9.651228	-0.686500	0.076920	-0.287071	0.059608	-0.035604	-28.537083	-88.155540	165.075486
24888	9.653926	-0.500871	0.070514	-0.255850	0.054375	-0.035655	-27.694377	-88.141656	164.085966
24889	9.774318	-0.372603	-0.008182	-0.260284	0.068240	-0.041879	-26.632914	-88.122437	162.876616
24890	9.865529	-0.364676	-0.045699	-0.276830	0.061198	-0.053997	-25.496215	-88.108523	161.580898
24891	10.111822	0.007321	-0.099700	-0.272108	0.085012	-0.055395	-24.157779	-88.082246	160.087594
24892	9.980907	-0.024068	0.059484	-0.354928	0.092338	-0.061214	-22.795240	-88.051703	158.521100
24893	9.935381	0.161934	0.309905	-0.428141	0.103611	-0.065735	-21.355007	-88.015448	156.836465
24894	9.643540	-0.042984	0.376951	-0.488042	0.103281	-0.073868	-19.911240	-87.979007	155.112312
24895	9.619502	-0.054787	0.249365	-0.466535	0.099775	-0.071978	-18.530630	-87.943161	153.465270
24896	9.493324	-0.393415	0.273733	-0.453228	0.100542	-0.072473	-17.212286	-87.905109	151.886506
24897	9.653053	-0.260446	0.217964	-0.366688	0.098834	-0.060784	-16.050168	-87.865321	150.515249
24898	9.853845	0.000163	0.055491	-0.299142	0.097741	-0.044366	-15.166923	-87.822255	149.460158
24899	10.086615	0.193088	-0.228231	-0.243318	0.108189	-0.031342	-14.411839	-87.771381	148.566894
24900	10.222528	0.338359	-0.215470	-0.206720	0.114451	-0.012346	-13.942326	-87.713563	147.978781
24901	10.263369	0.442620	-0.228509	-0.166685	0.132548	0.010976	-13.708134	-87.642836	147.650793
24902	10.239526	0.454556	-0.150116	-0.137032	0.151455	0.033377	-13.731870	-87.558025	147.596265
24903	10.094888	0.335481	0.005608	-0.121880	0.160391	0.048763	-13.889667	-87.466704	147.686405
24904	10.073167	0.171410	-0.234852	-0.042385	0.167725	0.062078	-14.156752	-87.368877	147.929750
24905	10.019386	-0.054210	0.111498	-0.035842	0.173811	0.073727	-14.496006	-87.266596	148.250991
24906	10.061121	0.018923	0.524840	-0.023027	0.172548	0.077521	-14.872618	-87.163733	148.615139
24907	9.962425	0.096696	0.523419	-0.031472	0.182540	0.078546	-15.188559	-87.055742	148.915616
24908	9.814836	0.057874	0.528619	-0.058306	0.187114	0.073855	-15.456666	-86.945195	149.150938
24909	9.726394	0.019790	0.727658	-0.117853	0.191685	0.070386	-15.673319	-86.833274	149.302498
24910	9.723898	-0.000750	0.786363	-0.179225	0.187055	0.064743	-15.889651	-86.724084	149.416623
24911	9.595993	0.045865	0.818414	-0.247682	0.192161	0.051553	-15.978549	-86.614787	149.365735
24912	9.513547	0.007567	0.735037	-0.311094	0.188330	0.044342	-16.065256	-86.508095	149.274335
24913	9.500882	-0.135147	0.662741	-0.362607	0.179546	0.033854	-16.093247	-86.408532	149.096448
24914	9.486044	-0.153148	0.599936	-0.386369	0.169742	0.035158	-16.191668	-86.313546	148.973551
24915	9.511496	-0.308967	0.580227	-0.410739	0.160975	0.034631	-16.304079	-86.224089	148.852580
24916	9.511108	-0.374546	0.663235	-0.417146	0.160952	0.034264	-16.434257	-86.134111	148.743813
24917	9.530442	-0.451533	0.623226	-0.391671	0.157787	0.033934	-16.538190	-86.046531	148.625232
24918	9.621334	-0.663321	0.732442	-0.344163	0.153204	0.035547	-16.654450	-85.960627	148.544408
24919	9.811054	-0.658882	0.727767	-0.250347	0.159607	0.042070	-16.736996	-85.870711	148.485468
24920	9.779368	-0.544031	0.858611	-0.190091	0.158497	0.053242	-16.884967	-85.778993	148.524933
24921	9.773277	-0.425057	1.037550	-0.156421	0.151708	0.050544	-16.991735	-85.691976	148.544155
24922	9.780264	-0.190024	1.048779	-0.134814	0.143177	0.051011	-17.119083	-85.609014	148.594710
24923	9.721216	-0.049157	0.992866	-0.144764	0.146355	0.045863	-17.192948	-85.525672	148.587593
24924	9.732592	0.015959	1.018156	-0.169025	0.138162	0.046642	-17.314921	-85.446184	148.613105
24925	9.705606	0.005278	0.983451	-0.212795	0.135267	0.045513	-17.444960	-85.368943	148.623250
24926	9.667701	0.014795	0.939976	-0.258395	0.129420	0.040531	-17.590386	-85.295277	148.620924
24927	9.662555	-0.142038	0.805197	-0.304616	0.112260	0.036689	-17.757836	-85.232109	148.615841
24928	9.671091	-0.121173	0.796393	-0.296088	0.118759	0.036442	-17.915761	-85.164977	148.604386
24929	9.714199	-0.207710	0.839482	-0.315203	0.109782	0.029539	-18.044758	-85.104420	148.554632
24930	9.752511	-0.291104	0.821882	-0.325342	0.104312	0.029632	-18.202672	-85.046374	148.526340
24931	9.714204	-0.342103	0.841553	-0.307822	0.105956	0.028619	-18.327368	-84.988073	148.476495
24932	9.673313	-0.408370	0.900289	-0.319430	0.106462	0.027618	-18.462613	-84.929236	148.428843
24933	9.667738	-0.520298	0.942815	-0.318143	0.103900	0.022923	-18.561249	-84.873087	148.346858
24934	9.679472	-0.668782	0.940888	-0.311469	0.107516	0.018935	-18.636274	-84.815279	148.243314
24935	9.638990	-0.809466	0.952582	-0.301449	0.105750	0.002445	-18.600774	-84.761853	148.036158
24936	9.630938	-0.823951	0.939859	-0.291230	0.102537	0.000909	-18.570095	-84.710039	147.838090
24937	9.659677	-0.716799	0.963307	-0.287894	0.098960	-0.010481	-18.470251	-84.662581	147.573975
24938	9.704416	-0.494962	1.034764	-0.291338	0.091260	-0.019533	-18.348099	-84.620540	147.283941
24939	9.737608	-0.306209	0.955098	-0.310055	0.095159	-0.027978	-18.174391	-84.578147	146.932775
24940	9.787831	-0.291311	0.850701	-0.309002	0.092286	-0.034177	-17.983721	-84.537996	146.563705
24941	9.828680	-0.249967	0.909346	-0.304072	0.085176	-0.033757	-17.800079	-84.501840	146.205945
24942	9.869382	-0.235840	0.895612	-0.295661	0.089729	-0.020334	-17.692139	-84.460464	145.927624
24943	9.774801	-0.245092	0.939354	-0.276223	0.088591	-0.006309	-17.647013	-84.417532	145.725018
24944	9.720530	-0.192222	0.936142	-0.267955	0.090694	-0.011775	-17.574369	-84.374082	145.498072
24945	9.719728	-0.193673	0.944136	-0.274509	0.084569	-0.010853	-17.514164	-84.334082	145.281274
24946	9.695215	-0.219498	1.000699	-0.282198	0.076704	-0.009352	-17.491220	-84.297818	145.096043
24947	9.711502	-0.370466	1.051038	-0.278976	0.075244	-0.011405	-17.449850	-84.262972	144.895579
24948	9.728447	-0.382011	1.085283	-0.269536	0.075117	-0.013360	-17.403355	-84.228239	144.693946
24949	9.732814	-0.463502	1.102399	-0.264689	0.072063	-0.017020	-17.331985	-84.196033	144.471504
24950	9.801183	-0.431756	1.097808	-0.266729	0.076902	-0.022543	-17.234782	-84.161837	144.220495
24951	9.780754	-0.488900	0.967935	-0.265207	0.070845	-0.021692	-17.144441	-84.130993	143.978619
24952	9.815982	-0.533689	0.956461	-0.264384	0.078034	-0.026627	-17.026279	-84.096776	143.707860
24953	9.755869	-0.513668	0.857928	-0.263141	0.075668	-0.023241	-16.922905	-84.063442	143.453998
24954	9.712522	-0.454434	0.763061	-0.268583	0.075302	-0.027032	-16.813664	-84.030685	143.189758
24955	9.704604	-0.440372	0.821758	-0.275100	0.079422	-0.031510	-16.672365	-83.996552	142.890809
24956	9.690914	-0.485708	0.883296	-0.288452	0.077118	-0.036626	-16.526123	-83.964240	142.577884
24957	9.679566	-0.489776	0.979947	-0.303568	0.078231	-0.038858	-16.370041	-83.931792	142.247597
24958	9.658167	-0.522717	1.093301	-0.299978	0.075309	-0.040703	-16.217013	-83.900955	141.921170
24959	9.645609	-0.478094	1.166276	-0.296773	0.077954	-0.046777	-16.022155	-83.869701	141.555716
24960	9.602278	-0.443099	1.169434	-0.276788	0.077775	-0.044213	-15.839430	-83.837840	141.212746
24961	9.644421	-0.448561	1.081793	-0.241028	0.079427	-0.049820	-15.600989	-83.805947	140.835494
24962	9.631854	-0.376346	1.059062	-0.228630	0.081989	-0.041438	-15.404622	-83.771061	140.506515
24963	9.667461	-0.278750	1.037847	-0.214385	0.077178	-0.040067	-15.209620	-83.738628	140.188239
24964	9.620069	-0.184988	0.959826	-0.218802	0.072264	-0.035147	-15.057956	-83.707952	139.909857
24965	9.687909	-0.212851	0.847298	-0.220591	0.069357	-0.031104	-14.926630	-83.678327	139.652032
24966	9.677435	-0.240757	0.869883	-0.216701	0.071130	-0.025772	-14.825923	-83.646764	139.426100
24967	9.686811	-0.351473	0.868643	-0.202146	0.075053	-0.021209	-14.729283	-83.612445	139.213786
24968	9.693615	-0.391203	0.919078	-0.184317	0.075870	-0.019890	-14.636274	-83.577316	139.014241
24969	9.744027	-0.374416	0.986203	-0.159569	0.068986	-0.024873	-14.508480	-83.546813	138.795078
24970	9.773484	-0.365649	1.063087	-0.147673	0.070906	-0.019400	-14.406339	-83.514281	138.607447
24971	9.791945	-0.336311	1.133515	-0.122512	0.060581	-0.017365	-14.307601	-83.487282	138.438849
24972	9.741264	-0.279870	1.322619	-0.099042	0.062006	-0.010686	-14.233464	-83.458392	138.307430
24973	9.723788	-0.056660	1.537816	-0.091408	0.057389	-0.009660	-14.160204	-83.432013	138.182382
24974	9.672898	0.017135	1.497353	-0.090264	0.059138	-0.010195	-14.088603	-83.404610	138.058564
24975	9.678638	-0.034148	1.413015	-0.096755	0.053180	-0.017612	-13.986655	-83.381602	137.901565
24976	9.733589	-0.109510	1.352262	-0.091848	0.050476	-0.011600	-13.921138	-83.359167	137.782946
24977	9.754277	-0.162435	1.235599	-0.080819	0.042905	-0.004222	-13.887364	-83.339965	137.703784
24978	9.712376	-0.240174	1.147286	-0.094763	0.039681	0.003695	-13.909866	-83.321416	137.672093
24979	9.714029	-0.261846	1.076492	-0.103764	0.040075	-0.001191	-13.907341	-83.303363	137.611153
24980	9.695185	-0.280768	1.148658	-0.120071	0.041453	-0.009759	-13.878803	-83.285680	137.513470
24981	9.689440	-0.340472	1.151926	-0.148987	0.033509	-0.019244	-13.825094	-83.273746	137.374891
24982	9.742803	-0.394846	1.163043	-0.163425	0.033654	-0.027953	-13.745306	-83.262865	137.200584
24983	9.695348	-0.469709	1.184622	-0.154291	0.033435	-0.031193	-13.639321	-83.252537	137.006276
24984	9.667201	-0.426352	1.287005	-0.163063	0.034130	-0.034593	-13.528419	-83.242213	136.800838
24985	9.701783	-0.358184	1.360829	-0.139063	0.030372	-0.039868	-13.377492	-83.234634	136.570010
24986	9.703517	-0.226876	1.416924	-0.142596	0.026857	-0.037048	-13.252307	-83.228575	136.361992
24987	9.720295	-0.245698	1.313522	-0.139025	0.030336	-0.039913	-13.101993	-83.220864	136.131779
24988	9.747117	-0.234817	1.194890	-0.126874	0.028649	-0.036986	-12.966834	-83.213677	135.922783
24989	9.711238	-0.248663	1.104437	-0.127427	0.025673	-0.034793	-12.839693	-83.207771	135.722586
24990	9.726202	-0.157909	1.091929	-0.117544	0.020457	-0.030856	-12.737263	-83.204279	135.551929
24991	9.703088	-0.063896	1.061327	-0.143238	0.021439	-0.029711	-12.647920	-83.200015	135.380675
24992	9.762178	0.032219	1.088877	-0.159704	0.018364	-0.035948	-12.548236	-83.198262	135.188455
24993	9.698147	0.058915	1.098267	-0.186626	0.021436	-0.030149	-12.481800	-83.194000	135.015268
24994	9.698941	0.009106	1.121055	-0.208589	0.019934	-0.029291	-12.439923	-83.190491	134.853055
24995	9.697208	-0.119467	1.067568	-0.217972	0.023610	-0.023491	-12.420450	-83.184168	134.709119
24996	9.707790	-0.230141	1.057346	-0.217772	0.021777	-0.024882	-12.402848	-83.179069	134.566052
24997	9.682699	-0.348866	1.087066	-0.217330	0.022322	-0.021893	-12.392061	-83.173265	134.431238
24998	9.694621	-0.420881	1.113986	-0.196647	0.017536	-0.019952	-12.389976	-83.169927	134.315985
24999	9.656154	-0.411313	1.230234	-0.191425	0.015350	-0.020548	-12.378109	-83.167852	134.195000
25000	9.673237	-0.334683	1.276817	-0.186327	0.017028	-0.016932	-12.384829	-83.164424	134.094570
25001	9.691760	-0.314197	1.210065	-0.184522	0.015831	-0.026714	-12.339974	-83.162815	133.944312
25002	9.679517	-0.241882	1.186029	-0.182040	0.019642	-0.026185	-12.298494	-83.159043	133.797810
25003	9.724975	-0.292692	1.113858	-0.185513	0.022323	-0.024445	-12.258443	-83.153486	133.651802
25004	9.747319	-0.250162	1.011430	-0.176922	0.021286	-0.022593	-12.229364	-83.148334	133.520742
25005	9.735014	-0.177673	0.988249	-0.178385	0.020975	-0.022329	-12.196802	-83.143261	133.386378
25006	9.740914	-0.168909	1.011882	-0.198261	0.018462	-0.020171	-12.194286	-83.139384	133.269754
25007	9.736854	-0.101156	1.069270	-0.204543	0.018783	-0.019192	-12.193693	-83.135166	133.152502
25008	9.690960	-0.140368	1.125489	-0.226612	0.023166	-0.020955	-12.199208	-83.128749	133.027603
25009	9.711767	-0.221377	1.098287	-0.227499	0.021617	-0.019024	-12.209825	-83.122931	132.908408
25010	9.677920	-0.244630	1.198433	-0.222207	0.023536	-0.013865	-12.245544	-83.115455	132.816472
25011	9.703724	-0.355733	1.153842	-0.208558	0.028404	-0.012161	-12.270534	-83.105012	132.722677
25012	9.690396	-0.411403	1.072177	-0.177091	0.028280	-0.006301	-12.310805	-83.093971	132.661361
25013	9.629078	-0.403770	1.006788	-0.155705	0.026842	-0.004928	-12.340851	-83.083528	132.603130
25014	9.693740	-0.392187	1.040049	-0.146383	0.024861	0.000170	-12.396880	-83.073615	132.575409
25015	9.671416	-0.351048	1.032167	-0.135437	0.023613	-0.003110	-12.427181	-83.064772	132.529099
25016	9.671104	-0.223818	1.228308	-0.153475	0.022055	-0.007879	-12.453080	-83.057427	132.466932
25017	9.703974	-0.288512	1.244432	-0.163881	0.022215	-0.012588	-12.457693	-83.050540	132.378313
25018	9.724672	-0.280176	1.237296	-0.151810	0.022763	-0.016315	-12.443334	-83.043843	132.276549
25019	9.724413	-0.280621	1.239233	-0.142096	0.025552	-0.011964	-12.435207	-83.034999	132.187655
25020	9.745299	-0.361159	1.211027	-0.135914	0.028989	-0.008711	-12.440520	-83.023877	132.114881
25021	9.722023	-0.356479	1.164055	-0.121447	0.027121	-0.010870	-12.424340	-83.014010	132.029772
25022	9.679866	-0.374641	1.183854	-0.125159	0.027495	-0.013524	-12.403281	-83.004313	131.936634
25023	9.703643	-0.380792	1.101424	-0.114204	0.024040	-0.010070	-12.390100	-82.996061	131.858698
25024	9.661222	-0.310454	1.142799	-0.111791	0.021590	-0.008540	-12.390230	-82.989051	131.794623
25025	9.689564	-0.219826	1.238060	-0.109407	0.017127	-0.009920	-12.382172	-82.984647	131.724595
25026	9.726113	-0.172766	1.240086	-0.113469	0.023270	-0.016519	-12.345449	-82.977672	131.622419
25027	9.770554	-0.132341	1.322434	-0.109415	0.015092	-0.012864	-12.326156	-82.974754	131.541068
25028	9.709480	-0.174305	1.407889	-0.109769	0.016578	-0.013026	-12.309972	-82.971089	131.461721
25029	9.705767	-0.233568	1.270914	-0.096772	0.016454	-0.011960	-12.286209	-82.967276	131.383174
25030	9.711479	-0.225943	1.294794	-0.087278	0.018987	-0.009082	-12.272767	-82.961774	131.319573
25031	9.706568	-0.285516	1.291309	-0.082687	0.011839	-0.010458	-12.252400	-82.960346	131.252576
25032	9.707732	-0.284922	1.158630	-0.074680	0.014078	-0.007289	-12.244776	-82.957372	131.202108
25033	9.715560	-0.239811	1.088784	-0.072637	0.013127	-0.005901	-12.238142	-82.954660	131.154739
25034	9.709977	-0.336121	1.044607	-0.069665	0.013717	-0.006473	-12.231738	-82.951787	131.108396
25035	9.719007	-0.342495	0.992345	-0.057040	0.015100	-0.005530	-12.216041	-82.947932	131.060888
25036	9.701921	-0.328923	0.966790	-0.047023	0.014394	-0.003876	-12.207811	-82.944362	131.025777
25037	9.672371	-0.295255	1.070575	-0.045344	0.014941	-0.002628	-12.198896	-82.940259	130.991835
25038	9.684702	-0.243358	1.157117	-0.055379	0.013644	-0.007213	-12.181144	-82.937511	130.942304
25039	9.670181	-0.208130	1.229840	-0.065391	0.014344	-0.008879	-12.156152	-82.934499	130.880581
25040	9.681077	-0.229574	1.235522	-0.073339	0.016091	-0.006232	-12.150801	-82.930259	130.833177
25041	9.703688	-0.236005	1.286245	-0.077027	0.018481	-0.005961	-12.141710	-82.924569	130.780757
25042	9.749910	-0.283579	1.212030	-0.059038	0.018021	-0.004029	-12.136306	-82.918981	130.741556
25043	9.711810	-0.279343	1.195447	-0.050871	0.018514	-0.002227	-12.129157	-82.912816	130.706187
