-4.750526085,8.355677728,16.95819266,-0.120813965,-9.833171158,14.08080065,1
-4.645595896,8.367451705,17.5682739,-0.241621224,-9.805024131,14.51561718,1
-4.565656246,8.396462421,17.63249354,-0.36220118,-9.785022429,14.4284002,1
-4.474944068,8.430754555,17.05575592,-0.477580712,-9.768349263,13.63508261,1
-4.382733687,8.464450788,15.92101658,-0.593398052,-9.756424594,12.32716917,1
-4.284212659,8.496654683,14.36990529,-0.688893656,-9.730468383,10.526738,1
-4.062887454,8.638522555,12.68185594,-0.926640658,-9.782345747,8.99700436,1
-3.974824227,8.67194139,11.2288754,-0.926946895,-9.761014797,7.67464782,1
-3.872074984,8.731865059,9.839197496,-1.037902671,-9.771623592,6.455766889,1
-3.783652898,8.767624022,8.516648265,-1.095808248,-9.726752525,5.349519445,1
-3.709716319,8.814148218,7.262321106,-1.133187637,-9.739669872,4.405196992,1
-3.689303476,8.844628141,6.090152577,-1.161664763,-9.724546495,3.577984867,1
-3.614495174,8.9133388,4.848762429,-1.226632545,-9.738075081,3.006786785,1
-3.575030279,8.927151354,3.717000863,-1.230710999,-9.745267363,2.337175511,1
-3.528548554,8.941857187,2.843199385,-1.228990454,-9.728064968,1.753875383,1
-3.508785604,8.967763664,2.313878435,-1.211404993,-9.733960543,1.219478042,1
-3.484074404,8.972499459,1.851304333,-1.226138919,-9.732380094,0.748681106,1
-3.461283751,8.987448328,1.524147272,-1.256903708,-9.737994736,0.31846912,1
-3.419869311,9.000878409,1.12689571,-1.272494354,-9.729916744,-0.001777887,1
-3.402427721,9.008913833,0.751533237,-1.267585922,-9.729067179,-0.273359978,1
-3.400539857,9.009411855,0.356401647,-1.271803845,-9.730533077,-0.508386139,2
-3.429559721,8.997797335,-0.222118192,-1.283151108,-9.734163689,-0.735064993,2
-3.439933977,8.982496602,-0.87671951,-1.264455586,-9.726490986,-1.127786866,2
-3.455945662,8.975595954,-1.529433395,-1.249704989,-9.726721752,-1.512822301,2
-3.451820538,8.966728544,-2.177402495,-1.242695172,-9.710415008,-1.835040717,2
-3.497453496,8.957425267,-3.048923481,-1.201148345,-9.732579303,-2.180984855,2
-3.580486537,8.927295204,-3.917845706,-1.17937443,-9.750884585,-2.934056736,2
-3.634109416,8.901854502,-4.774404251,-1.142339729,-9.753268166,-3.675850108,2
-3.70341354,8.860534439,-5.591091838,-1.090726038,-9.76227702,-4.39617173,2
-3.794470193,8.817306245,-6.403783492,-0.99867244,-9.773583001,-5.015953234,2
-3.883339619,8.770501614,-6.943525053,-0.884087247,-9.787114493,-5.892414192,2
-3.988479235,8.721834176,-7.014006693,-0.785379143,-9.808805634,-7.274581078,2
-4.058249155,8.697377979,-6.885191179,-0.710944749,-9.820979221,-8.623884259,2
-4.144753359,8.663447034,-7.212293632,-0.599036959,-9.845219738,-9.795935213,2
-4.227885931,8.651754752,-7.759499164,-0.517406027,-9.883235539,-10.45308992,2
-4.301631477,8.619001536,-8.504034156,-0.431113769,-9.909501938,-10.81463809,2
-4.414453991,8.564454261,-9.377917341,-0.30211902,-9.926810214,-11.13575998,3
-4.513696388,8.487583406,-10.36825727,-0.191342334,-9.927716144,-10.85731373,3
-4.597592959,8.447125473,-11.54346803,-0.084738159,-9.93300546,-9.788855858,3
-4.729491783,8.379373999,-12.38388089,0.08647112,-9.931793456,-8.572898795,3
-4.844698074,8.190322254,-12.99622919,0.241312233,-9.867376121,-6.796845789,3
-4.936972577,8.016228398,-12.94584252,0.450915505,-9.831234926,-5.909791499,4
-4.924182649,7.986350087,-8.822771949,0.579691682,-9.848416981,-5.385465238,4
-4.752534019,8.042821939,-3.246549627,0.422630937,-9.849594589,-2.266213262,4
-4.66274861,8.11221766,1.990975952,0.299566057,-9.833004001,1.405451286,4
-4.648873296,8.134542237,6.075403507,0.201659189,-9.828326668,4.51968703,4
-4.646656525,8.161180674,9.175681841,0.223679585,-9.846165681,7.15103122,4
-4.63242602,8.236041975,11.85109842,0.14365066,-9.828005795,9.267840526,4
-4.523650072,8.314602481,14.11540578,-0.038330394,-9.821627524,11.07199644,4
-4.410811007,8.379163638,15.98990507,-0.124760189,-9.809585477,12.7144875,4
-4.287626706,8.444743324,17.34599575,-0.262768254,-9.804640254,13.83231633,4
-4.127181254,8.512132526,18.18216232,-0.388907777,-9.800484603,14.73084177,1
-4.01420119,8.551675599,18.65941056,-0.513147927,-9.770880539,15.23609003,1
-3.927515107,8.586851719,18.50457445,-0.625558587,-9.750062213,15.14965098,1
-3.798697727,8.639377663,18.12438047,-0.73072878,-9.734729868,14.86866721,1
-3.638909088,8.687392841,17.36660735,-0.920003561,-9.692962162,14.23692456,1
-3.519606748,8.741322636,16.38349035,-1.043959114,-9.661005907,13.36616915,1
-3.406123082,8.809199098,15.07446464,-1.175665704,-9.64063836,12.001754,1
-3.321148399,8.844209787,13.27498043,-1.289445295,-9.625337765,10.05164207,1
-3.252071444,8.851066298,10.93451552,-1.367916183,-9.633790688,7.541547014,1
-3.130520286,8.927385241,9.23518272,-1.493963195,-9.594775667,6.754524478,1
-3.073230526,8.969977025,7.578434927,-1.581019202,-9.604205139,5.092881572,1
-3.013279794,9.004028624,5.890470814,-1.55033517,-9.635544289,3.96708187,1
-2.976248551,9.037188238,4.403793987,-1.578074643,-9.630629116,2.915073125,1
-2.903517368,9.073878369,3.153480225,-1.615932407,-9.607796858,2.22163047,1
-2.877373056,9.106231414,2.139539176,-1.595990734,-9.60258388,1.620520831,1
-2.843656434,9.124242149,1.395259116,-1.65255583,-9.622571952,1.253254441,1
-2.901527785,9.110685172,0.374589476,-1.641296767,-9.664639593,0.665022875,1
-2.953605128,9.130899909,-0.732615573,-1.58120326,-9.677002512,-0.153629973,1
-3.002058209,9.121663596,-1.683793752,-1.574823355,-9.687859128,-0.857393643,1
-3.028574157,9.120588421,-2.556654991,-1.414622967,-9.805794769,-1.506895374,2
-3.079004833,9.107035508,-3.317058325,-1.432726978,-9.787535429,-2.245242055,2
-3.097237912,9.09179305,-4.059745377,-1.377483373,-9.788156377,-2.78303074,2
-3.137353072,9.072944701,-4.561855428,-1.348905487,-9.78351517,-3.383658101,2
-3.182416385,9.054622031,-4.956273511,-1.299196947,-9.784319918,-3.848324569,2
-3.233586494,9.025022443,-5.2664021,-1.265038567,-9.795983348,-4.245983117,2
-3.265292411,9.012859226,-5.733663844,-1.231311507,-9.783038947,-4.541259809,2
-3.305299662,8.997123455,-6.161067499,-1.206093055,-9.789486109,-4.949436387,2
-3.37730597,8.952796373,-6.732008749,-1.161941259,-9.785148012,-5.469619769,2
-3.437765978,8.940581262,-7.629864383,-1.134692454,-9.789821204,-5.332075096,2
-3.548689291,8.889413918,-8.433999792,-1.01273258,-9.799567753,-5.48412369,2
-3.657145145,8.843526187,-9.164424305,-0.949605174,-9.797534876,-5.779755248,2
-3.759631179,8.793923421,-9.848785255,-0.870635945,-9.803272102,-5.820204907,2
-3.909766513,8.714505032,-10.57899183,-0.800704755,-9.804816933,-5.861001357,2
-4.001651062,8.64524503,-11.2040411,-0.721843404,-9.80813166,-5.784899552,2
-4.146551287,8.550800431,-11.67465152,-0.607355597,-9.831961627,-5.787264687,2
-4.270561275,8.457594585,-11.89259594,-0.49829508,-9.836003081,-5.770104333,2
-4.397564643,8.377704899,-11.93144509,-0.416208602,-9.841496017,-5.830553816,2
-4.542953761,8.295144804,-11.90070977,-0.332763777,-9.847488639,-6.19800535,2
-4.681761083,8.204554679,-11.82677526,-0.244775719,-9.852779371,-6.621007117,2
-4.818000179,8.126876611,-11.82520612,-0.155969404,-9.899343613,-7.002065252,3
-4.928067695,8.060178865,-11.93549785,-0.092896431,-9.91372817,-7.132313969,3
-5.054817849,7.979352528,-12.07586204,-0.030968193,-9.941204759,-7.127919787,3
-5.20410086,7.884771877,-12.08539511,0.043138998,-9.954188898,-6.681743903,3
-5.365642948,7.781385059,-12.18520462,0.099328212,-9.92525531,-6.10219327,3
-5.432263012,7.665089219,-12.40964634,0.160354326,-9.897659866,-5.078569587,3
-5.571157168,7.550831249,-12.76848758,0.271105463,-9.876147494,-4.547761281,3
-5.703892377,7.348617977,-13.47301885,0.462090714,-9.838110329,-3.893061793,3
-5.71529015,7.289255554,-10.48636146,0.635108556,-9.81673394,-3.740935145,4
-5.668350991,7.26041207,-5.381984409,0.607555059,-9.767601085,-2.637587679,4
-5.623454595,7.259009509,-0.122158891,0.518744982,-9.727901884,-0.190462417,4
-5.602445993,7.303057158,4.539923508,0.412102127,-9.691488692,2.733127672,4
-5.60275682,7.346575209,8.738049082,0.432190185,-9.73023861,5.673506005,4
-5.607022159,7.411030611,12.85707099,0.441618077,-9.741526146,7.736503336,4
-5.550765084,7.531222675,16.67812509,0.284817638,-9.732516818,9.840527943,4
-5.411271658,7.663697289,19.62406717,0.096919347,-9.751371722,12.1145357,4
-5.273377956,7.77741554,21.49308716,-0.056456213,-9.747410752,13.94893003,4
-5.140564895,7.845775304,22.5028187,-0.174127423,-9.729912941,15.03854557,4
-4.964804719,7.910853607,22.92427844,-0.341966445,-9.699058167,15.49147518,4
-4.794953789,7.99437449,22.72970354,-0.512906974,-9.665769801,15.49122751,1
-4.619014887,8.087421576,22.21152673,-0.657209247,-9.648209555,15.18552215,1
-4.445567671,8.176515188,21.36449048,-0.804976323,-9.632182235,14.53265422,1
-4.298454289,8.254119089,20.20801806,-0.936108883,-9.594518911,13.57161672,1
-4.148604672,8.317396238,18.76523531,-1.061977491,-9.55299479,12.26932529,1
-4.007887401,8.353562586,16.73639407,-1.215112522,-9.499054429,10.12446953,1
-3.792783747,8.53428419,14.76463634,-1.370046198,-9.537239329,8.325882254,1
-3.802190055,8.583685853,12.2874522,-1.379595713,-9.580264241,6.159109353,1
-3.66048907,8.669774624,9.893560319,-1.470824197,-9.567257591,4.591861455,1
-3.580074826,8.704510077,8.073249996,-1.490724812,-9.564761824,3.252314384,1
-3.438494198,8.752649294,6.509036847,-1.569730408,-9.558064112,2.354625046,1
-3.421554647,8.791887165,4.884237835,-1.627225798,-9.472151599,1.016190125,1
-3.374231686,8.836442048,3.249984362,-1.638970359,-9.475925564,0.353985466,1
-3.353292587,8.849026,1.907895409,-1.629297193,-9.48981935,-0.493094677,1
-3.325143722,8.869831291,0.689441532,-1.610122078,-9.492521008,-0.885178548,1
-3.359929487,8.865043895,-0.091561348,-1.551356747,-9.520999548,-1.217463454,1
-3.3794352,8.870388147,-0.622538831,-1.501015523,-9.531257404,-1.53010205,2
-3.411076045,8.865096881,-1.042951545,-1.44545667,-9.546302968,-1.882984626,2
-3.46746701,8.878075436,-1.733023453,-1.40995948,-9.562161537,-2.381276197,2
-3.456201025,8.876881934,-2.272370561,-1.420963159,-9.57963748,-2.58635659,2
-3.54908991,8.829004382,-2.727926797,-1.313099095,-9.607432295,-3.202271784,2
-3.557293662,8.829446885,-3.072364744,-1.334071793,-9.623519647,-3.598777693,2
-3.593721793,8.811623496,-3.471864383,-1.289303737,-9.63661124,-4.064836846,2
-3.630895751,8.792544461,-4.054964598,-1.250567717,-9.643394978,-4.41859722,2
-3.6986945,8.76075696,-4.498277958,-1.152394254,-9.672494452,-4.884926887,2
-3.766443699,8.725583421,-4.864052645,-1.085863638,-9.683722497,-5.28314694,2
-3.833523082,8.700805196,-5.197073179,-1.029587597,-9.705208561,-5.347483878,2
-3.906990521,8.662052887,-5.714545419,-0.949385928,-9.734414335,-5.299350442,2
-3.990249002,8.618809251,-6.517212909,-0.875730638,-9.73864956,-5.054675133,2
-4.07369842,8.569730033,-7.441470281,-0.823860717,-9.71587692,-4.874606333,2
-4.172445976,8.507791208,-8.192802528,-0.718786026,-9.729580251,-4.943189224,2
-4.277857944,8.441623616,-8.799355778,-0.646349034,-9.744807462,-5.148868115,2
-4.383966971,8.35583738,-9.289430552,-0.548544598,-9.759355063,-5.498115352,2
-4.539359896,8.289119158,-9.554381025,-0.48765865,-9.76368114,-6.066023949,2
-4.647460502,8.228926785,-10.14083518,-0.401354664,-9.794925324,-6.693816878,2
-4.773930525,8.152000079,-10.69705602,-0.291443332,-9.811431772,-7.061690802,2
-4.892322696,8.06496199,-11.12120042,-0.178711845,-9.816108379,-7.168189433,2
-5.035584397,7.949844046,-11.47153766,-0.052198924,-9.823987651,-7.060628418,2
-5.164998861,7.856405157,-11.74989265,0.049944674,-9.835172825,-6.554261783,3
-5.28505267,7.731094575,-12.11344029,0.105534938,-9.802920732,-5.638297239,3
-5.450676808,7.607395588,-12.22483499,0.232636591,-9.824907737,-4.819218707,3
-5.612766196,7.38115838,-12.85151148,0.364868432,-9.742587444,-3.715705946,4
-5.774356666,7.254600671,-13.48705926,0.517016098,-9.752759275,-2.650260498,4
-5.732145018,7.216244991,-8.932879042,0.57204765,-9.740290854,-2.335163054,4
-5.766331282,7.17134582,-2.334222506,0.601596333,-9.722009598,-1.289561244,4
-5.71653675,7.267940428,5.014509256,0.533983173,-9.700242352,1.033045683,4
-5.702717275,7.356765536,11.555989,0.356361493,-9.694310452,4.812276514,4
-5.683017052,7.492960283,17.45701444,0.32474376,-9.729291594,8.14380129,4
-5.72687046,7.598933651,21.78921622,0.141805929,-9.73284716,11.17150648,4
-5.616049011,7.70720419,24.46747338,0.03655631,-9.740457737,13.78155826,4
-5.433337203,7.83827545,25.93921106,-0.193085769,-9.714371991,15.37281532,4
-5.283251739,7.900958383,26.5670942,-0.294224072,-9.692868177,16.33247709,1
-5.161486291,7.986370467,26.58835212,-0.36820268,-9.686481131,16.71805436,1
-4.961061106,8.062558864,26.04545886,-0.543202403,-9.643723998,16.66129642,1
-4.741185018,8.134254697,25.20809785,-0.703457656,-9.61232352,16.19447808,1
-4.573656671,8.22232562,24.0154706,-0.851876771,-9.596450315,15.29810239,1
-4.409319428,8.311988767,22.61786299,-0.983930666,-9.578259263,14.20577134,2
-4.223649425,8.379136111,20.93076915,-1.129910879,-9.538183394,12.74447463,2
-4.113663294,8.394214898,18.52451088,-1.259294973,-9.461592633,10.14201476,2
-3.559664756,8.702911025,16.11199068,-1.596139041,-9.646242645,7.545073088,2
-3.341710465,8.913417623,13.43582615,-1.59470991,-9.651386167,6.502514428,2
-3.441351736,8.907974791,10.80623781,-1.576929273,-9.669521924,4.30841899,2
-3.302801467,8.959623902,8.637922553,-1.57191873,-9.673071932,2.741952751,2
-3.263989196,8.984373692,6.737433528,-1.549698738,-9.670467664,1.612249413,2
-3.207128594,9.01327945,5.030709715,-1.546071336,-9.684243685,0.638050855,2
-3.203926992,9.026274797,3.401821474,-1.54127724,-9.67467719,-0.46246477,2
-3.18924339,9.026889528,1.936101762,-1.516453898,-9.675787289,-1.265331297,2
-3.216120539,9.024268851,0.67210146,-1.478906388,-9.690308088,-1.821219362,2
-3.219191914,9.026884648,-0.321852524,-1.461494907,-9.69125785,-2.200845882,2
-3.348943549,8.980619988,-1.528257561,-1.411548525,-9.696821954,-2.617845306,2
-3.344069019,8.981401332,-2.319851065,-1.417227022,-9.698282871,-3.044949233,2
-3.438179136,8.946592877,-2.829933946,-1.254115585,-9.744539957,-3.446233736,2
-3.497949369,8.928157058,-2.755465343,-1.230140261,-9.748271835,-3.690262727,2
-3.521173022,8.912168469,-3.121952273,-1.194632541,-9.751682815,-3.876681163,2
-3.592608047,8.875788333,-3.627498739,-1.12901504,-9.762821224,-4.162721691,2
-3.64700049,8.854246497,-4.118510123,-1.056914309,-9.766843704,-4.428152967,2
-3.694188754,8.82358573,-4.507519162,-1.007822656,-9.769513196,-4.815877771,2
-3.759191781,8.780347027,-4.98842456,-0.937844771,-9.767878272,-5.206175576,2
-3.828847574,8.753250443,-5.537858793,-0.889334906,-9.767051214,-6.054854401,2
-3.901216555,8.722462422,-6.191096777,-0.836345482,-9.785995873,-7.316673865,2
-3.96209356,8.6955493,-7.060589747,-0.781350352,-9.79591353,-8.620519967,2
-4.03997207,8.688625417,-8.355776019,-0.689954338,-9.839789203,-9.413803751,2
-4.149955957,8.660096348,-9.548758874,-0.556499853,-9.877924745,-9.597144616,3
-4.294085648,8.601938395,-10.67450439,-0.393155367,-9.908979265,-9.336415552,3
-4.440054716,8.519509716,-11.36684778,-0.234600069,-9.89553675,-9.023122284,3
-4.576910271,8.401686828,-11.62122279,-0.088783405,-9.867927702,-8.655719907,3
-4.731354284,8.31670811,-11.84065882,0.055645357,-9.89674943,-8.136403254,3
-4.863897039,8.218713032,-12.0870352,0.13525853,-9.885116299,-7.435822852,3
-4.996539568,8.106444736,-12.25577998,0.224886122,-9.865979291,-6.624887666,3
-5.108544333,8.012006968,-12.41701572,0.306730178,-9.853699591,-5.514086925,3
-5.196812572,7.910000712,-12.46245279,0.35737101,-9.821332436,-4.159202618,3
-5.250575704,7.844718881,-12.0956465,0.342755592,-9.781018741,-2.627286255,4
-5.411196364,7.678161484,-10.94954823,0.510293485,-9.799131992,-1.980395225,4
-5.368311855,7.687360777,-7.094032123,0.553994333,-9.792685119,-1.22611118,4
-5.336402612,7.708353021,-2.292466228,0.40967354,-9.743325409,0.943849977,4
-5.325509303,7.738188232,2.252625428,0.301870447,-9.732874024,3.787631138,4
-5.294438278,7.79180001,6.255943519,0.242314062,-9.707671691,5.518921365,4
-5.323452614,7.79944618,9.218304781,0.148758028,-9.70125611,7.128059983,4
-5.231023785,7.888115872,11.14986202,0.076178705,-9.708507372,8.491869351,4
-5.137987877,7.944124791,12.95119648,0.003336678,-9.703751982,9.53890128,4
-5.060127536,8.01511406,14.47680755,-0.130930907,-9.689252411,10.72141627,4
-4.904334119,8.093016198,15.58967389,-0.266510889,-9.680061253,11.8165138,4
-4.728210428,8.181355895,16.57545041,-0.401603228,-9.673650693,12.79014867,4
-4.566280892,8.257553538,17.093724,-0.545669959,-9.65760371,13.33730422,4
-4.442794821,8.284678478,16.95985764,-0.640531921,-9.616960426,13.08291799,4
-4.260478904,8.272316325,16.46068738,-0.82702797,-9.567194814,12.54359319,1
-4.130871109,8.331213372,15.56833869,-0.970675465,-9.548726203,11.21037942,1
-4.028717767,8.383080589,13.47344737,-1.167086103,-9.620930792,8.889589703,1
-3.782798067,8.643791448,11.44291993,-1.276124597,-9.630138245,7.695919122,1
-3.837278148,8.626910118,8.997715675,-1.197252126,-9.618171084,6.096170435,1
-3.708022734,8.707612913,6.835880745,-1.348204796,-9.622414412,4.486826523,1
-3.663793721,8.765136281,4.814293572,-1.357617553,-9.593102703,3.087559145,1
-3.648163165,8.770282417,3.145354037,-1.33189174,-9.696008722,1.69494999,1
-3.580553571,8.792473303,1.336716734,-1.35888903,-9.693547835,0.152103387,1
-3.544545396,8.812673915,-0.200192079,-1.342510725,-9.692650014,-0.910814568,1
-3.570658608,8.813556109,-1.627107617,-1.272331595,-9.707709641,-1.805191061,1
-3.606684243,8.802456623,-2.537932031,-1.219191218,-9.725373891,-2.740184287,1
-3.614022006,8.803146707,-3.363132595,-1.181746494,-9.717727886,-3.107169372,2
-3.623765691,8.792179362,-4.008445999,-1.158975568,-9.728271198,-3.523277889,2
-3.664049522,8.775535264,-4.554625694,-1.10721405,-9.741323482,-3.809974701,2
-3.70584133,8.76363777,-5.08511503,-1.080800446,-9.747758726,-4.234468548,2
-3.751147217,8.745578526,-5.516495601,-1.041454462,-9.760633398,-4.538442173,2
-3.806752664,8.710847613,-5.943136653,-0.971469222,-9.764096888,-4.924450449,2
-3.843774205,8.702460128,-6.302265164,-0.960283944,-9.770140596,-4.964953013,2
-3.898259234,8.670926083,-6.633542564,-0.889971833,-9.784130012,-5.254151609,2
-3.969694295,8.631079515,-7.0425935,-0.834836663,-9.788401862,-5.46889117,2
-4.057911104,8.564756901,-7.466240062,-0.745336068,-9.776184856,-5.903598522,2
-4.127447214,8.541408548,-7.944758559,-0.713412007,-9.802016757,-6.302554033,2
-4.169932657,8.517787736,-8.701570956,-0.687151402,-9.814554392,-6.401354513,2
-4.287042819,8.471778307,-9.393713846,-0.591366737,-9.831419567,-6.579155993,2
-4.381175179,8.409669903,-9.844100022,-0.506650101,-9.837678527,-6.949527765,2
-4.479622588,8.33297825,-10.27559499,-0.417550967,-9.839009699,-7.231711798,2
-4.57127098,8.255200515,-11.06245439,-0.373532429,-9.830590112,-7.338068871,2
-4.696466359,8.194722427,-12.02110668,-0.308609124,-9.857244434,-7.318789072,3
-4.823954455,8.127426512,-12.88357074,-0.188758982,-9.890112946,-7.266491797,3
-4.973148002,8.043858734,-13.45991021,-0.103755463,-9.905799885,-6.996565402,3
-5.08199948,7.935804046,-14.00170782,-0.033716313,-9.889914528,-6.667719712,3
-5.197636926,7.840317642,-14.18587035,0.031373315,-9.875219246,-6.423861534,3
-5.387578958,7.670617589,-14.12012126,0.180215365,-9.870365421,-6.237106086,3
-5.582534756,7.505886689,-13.9925909,0.295362812,-9.873855035,-6.125590778,3
-5.77204619,7.350009987,-13.71938463,0.419302357,-9.858568632,-5.64681973,3
-5.875180201,7.160091653,-13.74112682,0.56369759,-9.832586999,-4.881327234,4
-5.923279282,7.079490491,-13.04073401,0.624964397,-9.789514243,-4.258058687,4
-5.875814518,7.064693268,-9.197091197,0.645612441,-9.733502579,-3.486122773,4
-5.869628671,7.050547662,-3.601466185,0.660941462,-9.706155045,-1.830637002,4
-5.840542609,7.111596241,2.218952896,0.583775341,-9.720803056,0.740779522,4
-5.748039592,7.256894141,7.801502769,0.443594707,-9.721482066,3.49744693,4
-5.698578626,7.360155188,12.54774187,0.3370124,-9.745341872,6.694035405,4
-5.668548516,7.452095272,16.17733809,0.262776264,-9.745904092,9.145574142,4
-5.608207882,7.545453618,18.84444922,0.12058075,-9.745416537,11.00040676,4
-5.456791385,7.634370608,20.36388107,0.011491249,-9.763587489,12.40119275,4
-5.33004062,7.746257208,21.24397612,-0.090028453,-9.771301021,13.50017865,4
-5.198136822,7.835038465,21.6212286,-0.195927811,-9.749987703,14.31701291,4
-4.987687782,7.93596503,21.9759072,-0.373492421,-9.735751317,14.80499638,4
-4.831544638,8.027047533,21.94291299,-0.528897505,-9.719869882,14.88520412,4
-4.685255319,8.109628289,21.59119517,-0.63864614,-9.705567949,14.63435128,1
-4.499468141,8.198912813,20.92511271,-0.781230979,-9.699055521,14.14998721,1
-4.331465829,8.278955347,19.94874076,-0.923729428,-9.665377646,13.00574337,1
-4.217655788,8.3071809,18.15229583,-1.03832387,-9.608485124,11.0970592,1
-4.171655849,8.257425134,15.16945205,-1.102125181,-9.500273547,8.153327976,1
-3.945812252,8.480022553,13.16559833,-1.336272028,-9.648503002,7.36621238,1
-4.136199583,8.457046966,10.5878756,-1.186380596,-9.691844001,5.031943398,1
-3.845483287,8.584035745,8.382119283,-1.295799599,-9.623096695,3.554966683,1
-3.723643181,8.633004081,6.94134531,-1.346657044,-9.608938136,2.380776741,1
-3.669434544,8.678862309,5.513408749,-1.373238604,-9.639891213,1.719138775,1
-3.649461997,8.718227845,4.146647665,-1.368941436,-9.656125506,0.81149367,1
-3.627282616,8.751445453,2.973176551,-1.359936112,-9.664990043,0.091586735,1
-3.620108112,8.766289715,1.963523441,-1.356894673,-9.672731907,-0.788080695,1
-3.594306317,8.783440877,0.979866526,-1.370417857,-9.689244158,-1.524051374,1
-3.602294061,8.784277858,-0.163267644,-1.344326309,-9.69205572,-2.345224336,1
-3.606488448,8.795425869,-1.16492379,-1.305671095,-9.68985219,-3.049357229,2
-3.624282416,8.78792276,-2.030835785,-1.297901292,-9.694728445,-3.665428179,2
-3.685731267,8.767269291,-2.682420992,-1.211609976,-9.723681283,-4.158937252,2
-3.720032475,8.755052648,-3.257809322,-1.208483155,-9.701337586,-4.528426334,2
-3.77041555,8.732642347,-3.773385733,-1.123415094,-9.705232286,-4.861939208,2
-3.830923513,8.712158668,-4.133703155,-1.048795302,-9.726019399,-5.28698783,2
-3.848368157,8.695814267,-4.559472672,-1.032419901,-9.7414005,-5.286006306,2
-3.924921805,8.65754276,-5.01663076,-0.922418062,-9.757572761,-5.625828569,2
-3.997582598,8.617320522,-5.353128868,-0.841088206,-9.75336395,-6.031443838,2
-4.054913541,8.59195291,-5.753152871,-0.793967612,-9.763847356,-6.523403983,2
-4.107810575,8.573692373,-6.3725061,-0.768775338,-9.762503366,-7.166619755,2
-4.194283511,8.545008172,-7.142271715,-0.663390121,-9.787901072,-7.959191069,2
-4.263903878,8.500811647,-8.096367318,-0.597443274,-9.799019609,-8.697182456,2
-4.374584376,8.473365153,-9.331570735,-0.524099404,-9.832873096,-9.327026178,3
-4.483904332,8.41466057,-10.59761927,-0.391233118,-9.832179034,-9.623304985,3
-4.639025818,8.347619844,-11.38040153,-0.224229979,-9.864263385,-9.91072562,3
-4.755289773,8.267719837,-12.1589117,-0.151335356,-9.880464194,-9.743326656,3
-4.89079453,8.174472825,-12.96521708,-0.013199723,-9.890232661,-9.288306133,3
-5.002513602,8.059551277,-13.52730033,0.111734147,-9.847303745,-8.862909343,3
-5.147719957,7.927483745,-13.95593208,0.23812046,-9.843565909,-8.580940007,3
-5.349640651,7.760837676,-14.28960289,0.464220207,-9.885586193,-8.366998588,4
-5.492666887,7.674326288,-13.91957386,0.541549565,-9.867275891,-8.059697286,4
-5.609469352,7.547620636,-13.62926627,0.60760956,-9.803863533,-6.967243169,4
-5.578538109,7.48364149,-12.87804152,0.704829768,-9.760166834,-5.911142991,4
-5.537852245,7.455547707,-8.971974974,0.71973269,-9.734902222,-4.421133497,4
-5.468251018,7.53465276,-3.836550686,0.663055125,-9.721881772,-1.914516383,4
-5.465841868,7.559741714,1.746847046,0.603364988,-9.702694745,1.055254988,4
-5.394693916,7.649598959,7.256321554,0.521140539,-9.698317781,4.376070957,4
-5.384915584,7.702509558,11.55823683,0.433903722,-9.709813027,7.651554619,4
-5.310541219,7.792112627,14.9239317,0.370115851,-9.751578512,10.62140345,4
-5.264467747,7.841901957,17.61701381,0.277903482,-9.73864141,12.66724914,4
-5.140807766,7.898113889,19.68226645,0.163793345,-9.716414854,14.77610037,4
-5.075233638,7.963058054,21.84403055,0.101769726,-9.729147928,16.75908083,4
-4.937551133,8.06211872,23.46520696,-0.07654947,-9.723126688,18.28513545,4
-4.775709425,8.15543155,24.45482705,-0.247623774,-9.689284533,19.39791976,1
-4.606323076,8.241032664,24.83165601,-0.425096084,-9.652969468,19.8581053,1
-4.452874468,8.278897277,24.33508236,-0.622110772,-9.611848529,18.9909364,1
-4.348695875,8.282109074,22.58933785,-0.768889582,-9.552985437,17.19674718,1
-4.262678435,8.31067486,19.89231227,-0.853661383,-9.495070937,14.4787694,1
-3.943464413,8.549445436,16.69038793,-1.15261648,-9.628129789,11.3844135,1
-3.870580067,8.668314411,13.92292315,-0.967920038,-9.6451298,9.076632003,1
-3.938205747,8.659188884,11.59193183,-0.94566507,-9.661100975,7.103871092,1
-3.784142442,8.715422492,9.580584173,-1.102709521,-9.633089486,5.841187128,1
-3.703081792,8.763240946,7.890421788,-1.139094054,-9.644934552,4.645311285,1
-3.657303986,8.780356787,6.472221969,-1.162822217,-9.655930519,3.490535745,1
-3.610375883,8.812569055,5.26407204,-1.209945179,-9.647583839,2.408457377,1
-3.563463482,8.847516219,4.151465688,-1.249869618,-9.655991302,1.573157227,1
-3.557560229,8.866003778,3.107321003,-1.263735998,-9.661123636,0.727666898,1
-3.523049016,8.88204074,2.154002934,-1.278803898,-9.669351029,0.051960454,1
-3.494837312,8.895630777,1.242384924,-1.31003679,-9.684212919,-0.483393843,1
-3.468072626,8.904517169,0.390117044,-1.332299964,-9.688988697,-1.260062531,2
-3.466898926,8.900900774,-0.370405153,-1.332070925,-9.692907998,-1.773576953,2
-3.478349375,8.887933662,-1.008895202,-1.310424328,-9.700001331,-2.304323394,2
-3.525216773,8.901919407,-1.78711435,-1.263065199,-9.695643847,-2.836278817,2
-3.562720072,8.890756448,-2.41036006,-1.213255872,-9.701779703,-3.396683308,2
-3.590221934,8.869565041,-2.815209354,-1.184147061,-9.70042389,-3.806360895,2
-3.674697243,8.850766455,-2.804284259,-1.095987206,-9.725187054,-4.574313429,2
-3.715406159,8.829450794,-2.842747561,-1.059081695,-9.721450026,-4.890931112,2
-3.747385726,8.81123747,-2.846917597,-1.023799525,-9.731984819,-5.308628481,2
-3.784141681,8.782519471,-2.931282417,-0.957691464,-9.737391387,-5.562538033,2
-3.819439905,8.770167276,-3.073733023,-0.916306611,-9.747355949,-5.791473023,2
-3.828903319,8.75176087,-3.442844554,-0.901386641,-9.773428071,-5.930500881,2
-3.87632907,8.728863452,-4.004488928,-0.858056057,-9.794841211,-6.332175285,2
-3.914666116,8.714626886,-4.846465942,-0.85464413,-9.804260936,-6.663492234,2
-3.959547866,8.688379762,-6.080164874,-0.790430248,-9.825225454,-7.123740796,2
-4.028239761,8.648254185,-7.468486507,-0.694624218,-9.85176142,-7.478526043,2
-4.12028277,8.584944051,-8.755991804,-0.572556143,-9.861606024,-7.830081507,2
-4.230727442,8.499491153,-9.932356347,-0.457422037,-9.870108277,-8.193518622,2
-4.357752263,8.440410574,-11.12700538,-0.386023998,-9.867301795,-8.191561169,2
-4.459906817,8.371381671,-12.25728883,-0.280929632,-9.886344305,-8.180790458,2
-4.594534682,8.284401196,-13.24444737,-0.178234982,-9.881077937,-8.215424448,3
-4.720943266,8.162556662,-14.10822983,-0.066716867,-9.877635221,-8.199623201,3
-4.882532617,8.044825838,-14.50947146,0.098175358,-9.888601038,-8.240481682,3
-5.019962983,7.936786124,-14.79120998,0.184761682,-9.87586174,-7.848533253,3
-5.152187001,7.818634269,-15.23987725,0.252383776,-9.865978166,-7.212887987,3
-5.288662165,7.705446825,-15.71148848,0.328306999,-9.865700722,-6.819294848,3
-5.431995351,7.586379191,-16.06100206,0.378712134,-9.858972633,-6.370363286,3
-5.581662135,7.430172076,-16.38130368,0.476728056,-9.858449853,-5.657602869,3
-5.708179953,7.312815235,-17.1675236,0.537811723,-9.88391388,-4.240724306,3
-5.885068995,7.064294349,-18.39131541,0.643628747,-9.815755315,-2.251498652,3
-5.81678894,6.96249643,-15.1932349,0.825714621,-9.86363887,-1.774607635,4
-5.814134159,6.976124987,-6.311443625,0.790350115,-9.880192083,-0.936366966,4
-5.603874168,7.153623506,2.587159069,0.566811785,-9.842203343,0.967371359,4
-5.674702259,7.278026108,10.14298949,0.359775138,-9.806376084,4.636138921,4
-5.76141638,7.345697362,15.80172437,0.345938436,-9.869678154,8.728659396,4
-5.797126152,7.421043055,21.49736361,0.350226473,-9.911479211,10.9245527,4
-5.758575908,7.523515228,26.33790527,0.191738256,-9.807234077,13.15729155,4
-5.587861602,7.598740865,30.17040351,-0.031016711,-9.787711989,15.3748066,4
-5.409323,7.739055755,32.54937631,-0.190247499,-9.797206175,17.78620854,4
-5.260333343,7.837424398,33.54312886,-0.341371851,-9.766412698,19.07601634,4
-5.073892101,7.898058459,33.31287364,-0.501050333,-9.723751351,19.56858335,1
-4.888054395,7.973917308,32.36049822,-0.669427463,-9.688621548,19.15140381,1
-4.756868692,8.039537765,30.47423214,-0.794498995,-9.658974227,17.78833857,1
-4.663995372,8.063554593,27.58026841,-0.890852679,-9.627672003,15.6030569,1
-4.509597763,8.12497595,24.19224059,-1.030656665,-9.545644841,13.41053785,1
-4.347950233,8.198531326,20.830079,-1.167437857,-9.562013875,10.53324978,1
-4.165963875,8.39807497,18.37524178,-1.371925359,-9.632418146,9.504764622,1
-4.094648755,8.447303817,15.2035397,-1.30676754,-9.618665892,7.364059578,1
-4.026417821,8.493873214,12.40720848,-1.391436685,-9.621630027,5.220665616,1
-3.906436968,8.557518302,9.704516511,-1.474022711,-9.593070811,3.800444345,1
-3.8859204,8.592314038,7.416696337,-1.408920446,-9.5792304,2.206948022,1
-3.833382831,8.629988219,5.690584954,-1.44952961,-9.589516061,1.066378826,1
-3.795566433,8.632554364,4.234802922,-1.477207364,-9.614797269,0.258848937,1
-3.794036373,8.646176263,2.80574973,-1.476195173,-9.613726774,-0.786680035,1
-3.78192866,8.659145128,1.500032884,-1.453426729,-9.640315405,-1.45220974,1
-3.773960469,8.65622797,0.679668175,-1.417878272,-9.649196074,-2.176731996,1
-3.820598798,8.673140666,-0.134474384,-1.363367571,-9.646041945,-2.793486778,1
-3.851575106,8.647568125,-0.85041268,-1.326668078,-9.645431251,-3.346246396,1
-3.907188925,8.630830599,-1.597723154,-1.292981365,-9.673930538,-3.914676418,1
-3.945231463,8.617520842,-2.259624405,-1.231170595,-9.674076076,-4.557857987,2
-4.019921272,8.580839432,-2.808397669,-1.179385055,-9.654416331,-5.469606614,2
-4.060366496,8.5776427,-3.766988227,-1.145233303,-9.687864126,-5.922645486,2
-4.102854743,8.542934033,-4.867813158,-1.073011931,-9.700975182,-6.295525692,2
-4.183337488,8.505964742,-5.915844605,-0.99699742,-9.730924184,-6.577571323,2
-4.266452032,8.471480243,-7.140520586,-0.956248972,-9.757130847,-6.514422472,2
-4.37914885,8.417496614,-8.554182665,-0.877938311,-9.780774048,-6.243788386,2
-4.53329673,8.333592892,-9.894684256,-0.77168103,-9.789862624,-6.224721938,2
-4.671407848,8.240967254,-10.89956092,-0.664002362,-9.800853456,-6.445315373,2
-4.774106969,8.203627642,-11.7436485,-0.645245025,-9.84916163,-5.976524655,3
-4.954446973,8.097329388,-12.24668016,-0.494048196,-9.885050327,-5.766738638,3
-5.042849688,7.965374239,-12.22770757,-0.414965976,-9.853993367,-5.58501502,3
-5.169375128,7.86344239,-12.43895136,-0.371271604,-9.87226565,-5.49956228,3
-5.316265839,7.748272985,-12.61707078,-0.269709578,-9.869318714,-5.597493393,3
-5.482273893,7.624702593,-12.62862182,-0.179669646,-9.874669006,-5.692525721,3
-5.64456633,7.505358271,-12.60067781,-0.07218875,-9.876865267,-5.68550691,3
-5.778601325,7.400875961,-12.53382323,-0.027351792,-9.867773658,-5.383902062,3
-5.817400843,7.300857798,-12.68490448,0.026022723,-9.859196014,-4.673772915,3
-5.967149533,7.191374301,-12.75661095,0.053866374,-9.833329409,-3.972623231,3
-6.009494836,7.035710241,-13.25677612,0.163600823,-9.775322494,-3.159169004,3
-6.045887897,6.93881278,-10.86633573,0.324175673,-9.813212721,-2.996210601,4
-6.013743741,6.984923934,-4.602745698,0.302446996,-9.802264067,-1.610542027,4
-5.945113858,7.089213017,2.229581292,0.176996943,-9.783533164,0.988765353,4
-5.94096298,7.214146007,8.695078071,0.065013876,-9.78745419,4.050656227,4
-5.917910024,7.314812535,13.88382071,-0.037184667,-9.802031016,7.312059662,4
-5.862221833,7.423499332,17.98472947,-0.115817493,-9.836078129,9.762105464,4
-5.773451201,7.565091462,20.60122712,-0.176939129,-9.826758291,11.74319563,4
-5.622655367,7.650002178,22.48908303,-0.265100121,-9.802847644,12.94810147,4
-5.460945928,7.728917234,23.21790424,-0.415326004,-9.777220358,13.8793577,1
-5.264405548,7.788276385,22.89344777,-0.558109644,-9.744220909,14.01933168,1
-5.090402797,7.868788545,21.98165069,-0.698144119,-9.707992261,13.56457712,1
-4.917362829,7.932134781,20.54359977,-0.798666627,-9.674122249,12.62881586,1
-4.785905686,8.007411781,18.5291164,-0.924754438,-9.641600016,10.95775785,1
-4.677347221,8.053471824,15.48846078,-1.044893558,-9.62382079,8.451752464,1
-4.326850039,8.40025074,14.43738078,-1.321656612,-9.647803852,7.724681051,1
-4.282625833,8.442089863,12.26313429,-1.222985587,-9.650273837,6.224387739,1
-4.08213498,8.528356517,10.3784585,-1.403982956,-9.650634609,5.362185219,1
-4.015576044,8.583209954,8.425251384,-1.35240324,-9.703968544,4.318193802,1
-3.988187876,8.612046562,6.613113945,-1.399263807,-9.680959823,2.975105305,1
-3.868591673,8.658567786,4.925411373,-1.510644285,-9.656409551,1.966816741,1
-3.793411719,8.699332516,3.408680032,-1.49210177,-9.624884617,1.080299672,1
-3.912745195,8.713283054,1.514850473,-1.482793883,-9.693377956,0.186430153,1
-3.889323975,8.724376948,-0.011800553,-1.451724275,-9.686100423,-0.928393155,2
-3.90265476,8.723525763,-1.103784108,-1.434367865,-9.682492073,-1.951762016,2
-3.870927801,8.745019761,-2.149510253,-1.452355445,-9.686210842,-2.598064443,2
-3.891535282,8.730432778,-3.237423862,-1.421552908,-9.694129869,-3.169507334,2
-3.900279736,8.730434313,-4.01211754,-1.373115809,-9.688985598,-3.723615126,2
-3.929185932,8.727240362,-4.472128172,-1.351992405,-9.70373824,-3.919286406,2
-3.989099313,8.684350989,-5.175874857,-1.25765923,-9.715192336,-4.519947888,2
-4.02936896,8.662646848,-5.539755119,-1.224490531,-9.721692164,-5.177864648,2
-4.056027874,8.643914463,-6.087071401,-1.200651388,-9.731198022,-5.526714205,2
-4.132700853,8.594291898,-6.703559945,-1.114924164,-9.751151957,-6.38134672,2
-4.20710987,8.557330255,-7.358391966,-1.069225962,-9.751569725,-7.11229046,2
-4.280103746,8.508356763,-8.064469009,-0.972804826,-9.751648549,-8.056913744,2
-4.340084173,8.482289521,-8.984851111,-0.932852054,-9.770115196,-8.46518778,2
-4.426788571,8.421912816,-10.01419233,-0.80867939,-9.797199556,-9.106658385,3
-4.52889094,8.407240718,-11.19506951,-0.765928896,-9.81464905,-9.209164502,3
-4.641414058,8.362427269,-12.77093677,-0.702736634,-9.846315951,-8.866902904,3
-4.765861707,8.277120871,-13.89949498,-0.572424718,-9.862204424,-8.393442003,3
-4.929826345,8.143981942,-14.27061604,-0.423007217,-9.862952029,-7.891200734,3
-5.06051469,8.018341868,-14.18246167,-0.30490576,-9.880796938,-7.426127813,3
-5.211375219,7.885761854,-14.15220059,-0.21070394,-9.875657918,-6.862686385,3
-5.339087,7.748875933,-14.07076215,-0.110243187,-9.897585605,-6.242050026,3
-5.51319546,7.579205961,-13.71200033,-0.0114908,-9.887222952,-5.664303207,4
-5.632480306,7.415983973,-13.44911439,0.073116706,-9.839424123,-4.772502709,4
-5.761067251,7.248658464,-13.52421509,0.160788898,-9.82318393,-3.60596954,4
-5.700704354,7.185126556,-11.20527358,0.330665358,-9.821250203,-3.255473546,4
-5.650038615,7.270536395,-4.971771337,0.330024581,-9.828794721,-2.662555632,4
-5.540478299,7.387795099,2.462745814,0.183762666,-9.804907366,-0.239136826,4
-5.555266938,7.488379168,9.254299203,0.057466469,-9.80728097,3.199228704,4
-5.516251997,7.619824196,14.86906692,-0.053670992,-9.832880919,6.301486897,4
-5.474321553,7.674517384,19.12885276,-0.141050457,-9.860243398,8.699606023,4
-5.331699549,7.760487322,21.79503956,-0.209491991,-9.854416157,11.1536908,4
-5.144664755,7.830494738,23.31956771,-0.327799264,-9.83283549,13.06603799,4
-4.981730951,7.909271478,24.60179158,-0.462408607,-9.791694962,14.57970206,4
-4.81997453,8.019237818,25.16574787,-0.625585785,-9.760247116,15.55424261,4
-4.671476896,8.1089516,25.2171445,-0.776191042,-9.746200098,15.79925461,4
-4.497030209,8.173184706,24.44513443,-0.950192113,-9.693865665,15.30858923,4
-4.369323786,8.226377579,22.83775976,-1.062829915,-9.639716692,14.09785627,1
-4.24315113,8.265741853,20.63716082,-1.149897445,-9.647856977,12.18115258,1
-4.133220273,8.313220615,17.80298283,-1.318585117,-9.586571649,9.722158969,1
-3.658690451,8.73941801,16.15765991,-1.709475785,-9.652571402,8.420640479,1
-3.664434927,8.74296519,13.31162912,-1.582984219,-9.639065812,6.195047652,1
-3.539651873,8.812215503,10.68515946,-1.73571213,-9.630959796,4.362206174,1
-3.504436098,8.854044074,8.187463967,-1.686072211,-9.654400143,2.898533115,1
-3.508298929,8.867118723,6.014801512,-1.663668423,-9.652465933,1.500348948,1
-3.479488792,8.88012152,4.033258972,-1.652699056,-9.649254795,0.540389452,1
-3.472428059,8.887367797,2.30191922,-1.657251727,-9.646486525,-0.411710271,1
-3.438705194,8.897961188,0.926682532,-1.659091977,-9.632130106,-1.144865438,2
-3.45557624,8.892511463,-0.2557058,-1.61194639,-9.644972867,-1.474151396,2
-3.488728695,8.880480211,-1.13511478,-1.582444255,-9.664305519,-1.953859525,2
-3.557521869,8.85496991,-1.941872705,-1.539275582,-9.677313678,-2.628337601,2
-3.605080027,8.824106173,-2.778063714,-1.473354279,-9.692592401,-3.201286521,2
-3.646034819,8.798914798,-3.398882663,-1.413439325,-9.700329771,-3.73147032,2
-3.736462637,8.749878332,-3.786065322,-1.341993706,-9.720968441,-4.462575291,2
-3.786165721,8.732013458,-4.301026031,-1.325702186,-9.721636684,-4.900709828,2
-3.826242156,8.713363257,-4.929485443,-1.286311073,-9.730444728,-5.121075234,2
-3.909146282,8.667636401,-5.863729879,-1.225246312,-9.731509196,-5.392659042,2
-3.990627753,8.625198299,-6.868778033,-1.17088489,-9.748403358,-5.746896099,2
-4.069843955,8.581626282,-8.096482482,-1.093408425,-9.766223983,-5.806373009,2
-4.205862172,8.494908596,-9.169255744,-0.959172553,-9.792704378,-6.386995303,2
-4.334272017,8.416096744,-10.1726837,-0.871942695,-9.813096359,-6.72865099,2
-4.457439295,8.349430135,-11.16840214,-0.803095474,-9.819846809,-6.983988475,3
-4.583187201,8.284298095,-12.37297982,-0.768502141,-9.82569016,-6.808450145,3
-4.709711063,8.230108939,-13.61138989,-0.700310303,-9.869653592,-6.296646331,3
-4.862133773,8.12567171,-14.78208865,-0.632115671,-9.860485939,-5.558882872,3
-5.001671552,7.976751725,-15.38284489,-0.494087546,-9.862124788,-5.029586725,3
-5.176236759,7.81282126,-15.6385189,-0.35623883,-9.866852327,-4.195996897,3
-5.352062716,7.665096826,-15.43200273,-0.248719174,-9.880546498,-3.022293174,3
-5.50358219,7.521768138,-14.92501384,-0.150771391,-9.866850795,-1.539062379,4
-5.55631185,7.367897002,-13.75018075,-0.029039087,-9.865191624,-0.650591579,4
-5.564847931,7.275091762,-8.060289728,0.086794279,-9.889203562,-0.794996576,4
-5.502140096,7.351215297,-0.124687115,-0.010665295,-9.865124281,0.159771382,4
-5.485600379,7.542716445,7.500904138,-0.203408717,-9.857732294,2.151588958,4
-5.526173631,7.617783111,13.65500498,-0.365444593,-9.835857796,5.135291644,4
-5.471127447,7.640967064,18.60626904,-0.40626178,-9.837073697,6.925371641,4
-5.311645354,7.841193598,21.64274775,-0.501548871,-9.822311442,9.922133087,4
-5.185225659,7.926365997,23.19407871,-0.644720134,-9.795105236,11.81233852,4
-5.052774078,7.968739789,23.78262775,-0.762047866,-9.755407934,12.66008205,4
-4.934167377,8.035710496,23.4646188,-0.829339753,-9.720789051,13.02099698,4
-4.767480109,8.101360644,22.99992384,-0.976655618,-9.672213261,13.08274336,4
-4.588419874,8.199288796,22.51183829,-1.118511228,-9.629293918,13.05602988,1
-4.433798752,8.277046701,21.83399854,-1.256664921,-9.609588101,12.75141043,1
-4.276852245,8.340311955,20.91915374,-1.342491676,-9.583839207,12.16909647,1
-4.107600032,8.398211398,19.52395041,-1.508382693,-9.532021368,11.2029907,1
-3.959498557,8.454289753,17.62651441,-1.663005896,-9.470561731,9.297431003,1
-3.580060214,8.678722481,14.95208256,-1.996791705,-9.561961615,7.302844577,1
-3.599730642,8.768443939,12.0941395,-1.934440911,-9.712331883,5.332812498,1
-3.760432039,8.772829179,9.073573269,-1.791978262,-9.718238576,2.847307553,1
-3.672575857,8.77778622,6.28989162,-1.807103213,-9.702094442,1.057577613,1
-3.631200137,8.822245962,3.752507649,-1.797083228,-9.686923421,0.063859499,1
-3.592985767,8.850562027,1.713110547,-1.79636651,-9.693081459,-0.961027562,1
-3.600669804,8.846405651,-0.001785032,-1.764444016,-9.692058129,-1.786569871,1
-3.585875555,8.846806367,-1.404364793,-1.748550399,-9.674656873,-2.372598126,1
-3.560587844,8.852792404,-2.200547295,-1.731119626,-9.674599251,-2.74762003,2
-3.633509485,8.82604518,-3.018407394,-1.660502101,-9.686313755,-3.068424123,2
-3.658662812,8.815457519,-3.586326065,-1.638360182,-9.683626752,-3.326619281,2
-3.71717193,8.794881893,-4.255851664,-1.615477578,-9.683608644,-3.624629272,2
-3.756206673,8.774632654,-4.725822869,-1.586213166,-9.683357907,-3.910191445,2
-3.787010746,8.757806004,-5.279935931,-1.559009862,-9.689124584,-3.765393577,2
-3.966460121,8.67465998,-5.806417916,-1.426649068,-9.709245779,-4.101396053,2
-4.027765673,8.64329918,-6.189348548,-1.4138088,-9.710521343,-4.404595849,2
-4.06590766,8.609381859,-6.764409048,-1.364161277,-9.718416381,-4.096976681,2
-4.150588348,8.56138402,-7.32289234,-1.294910694,-9.731486765,-4.150124689,2
-4.229288352,8.498585703,-7.972172617,-1.260096132,-9.743082722,-4.067192205,2
-4.306449726,8.422106352,-8.811640158,-1.185930185,-9.754235479,-3.674747765,2
-4.425583133,8.367752102,-9.650099044,-1.138336964,-9.772923388,-3.134999623,2
-4.551846283,8.300258181,-10.48910506,-1.063836803,-9.792420979,-2.427735542,2
-4.701843039,8.198657888,-11.09219083,-0.978209982,-9.785631659,-2.479786216,2
-4.828123792,8.126039901,-11.50501476,-0.976717565,-9.820824374,-2.928295999,2
-4.923893373,8.019960884,-12.09908169,-0.919753764,-9.79792354,-3.100743356,2
-5.064632074,7.881508183,-12.84570396,-0.839064982,-9.779085542,-3.924071934,2
-5.184205916,7.765786109,-13.14635371,-0.757082731,-9.808859218,-4.412663149,2
-5.348290227,7.629151293,-13.159209,-0.632039454,-9.855009522,-4.578375693,2
-5.490702955,7.498528331,-12.7674059,-0.528152369,-9.86799392,-4.321034199,3
-5.639197463,7.361056026,-12.08967654,-0.447551252,-9.877561083,-4.033259699,3
-5.743030982,7.293557827,-11.58372346,-0.44171674,-9.89468869,-2.970485331,3
-5.876188991,7.195616537,-11.11170345,-0.410543116,-9.899166654,-1.409167761,3
-6.015485746,7.087996766,-11.02357143,-0.327311266,-9.908574812,0.322199368,3
-6.129502963,6.961196909,-11.14184614,-0.276464099,-9.88970309,2.221485819,3
-6.119660422,6.760819186,-10.18152389,-0.138755051,-9.902688944,2.702209901,3
-6.035639871,6.766067367,-2.204677643,-0.091221011,-9.876172983,2.273461742,3
-5.965662395,6.927080182,7.868493172,-0.117391879,-9.861125353,2.51089328,3
-6.04691677,7.140582884,16.52540267,-0.243877468,-9.818610654,5.0961912,3
-6.075729715,7.241518375,22.99796166,-0.76529255,-9.680196545,8.995840993,3
-5.954977619,7.318736569,26.38976951,-0.819201967,-9.750934066,10.93244415,3
-5.754408705,7.417971417,27.51830405,-1.046750758,-9.742481286,11.84591646,4
-5.582640785,7.530307662,27.0206653,-1.114445809,-9.729279153,12.58418557,4
-5.466167592,7.609923131,26.14514626,-1.145000405,-9.721456836,12.61327543,4
-5.255648416,7.713971078,25.38772192,-1.276441622,-9.690996717,11.99227091,4
-5.026179626,7.818571077,24.71388173,-1.383738217,-9.664468086,11.48024172,1
-4.858957515,7.897968224,23.26484419,-1.477814457,-9.625170436,10.127843,1
-4.723275367,7.94530828,20.86855386,-1.528044796,-9.589756143,7.931671797,1
-4.336743101,8.272552832,18.69781076,-1.833753287,-9.730211501,5.690725859,1
-4.143172446,8.348190775,15.3193403,-1.793629475,-9.710326302,5.011781858,1
-4.15782404,8.373467538,12.73898739,-1.708031224,-9.74831743,3.594728977,1
-4.129358242,8.416115125,10.17711789,-1.699395382,-9.760688111,2.33897419,1
-4.105863136,8.445932399,8.129730529,-1.67799467,-9.758224884,0.761152804,1
-4.063945979,8.489629503,6.301566647,-1.672873058,-9.754363298,-0.420889666,1
-4.056321985,8.511543235,4.645571326,-1.647509714,-9.757923253,-1.363553589,1
-4.083486296,8.521430961,3.264777911,-1.57095685,-9.762654292,-2.265707788,1
-4.102647197,8.528258931,2.095572717,-1.502115666,-9.779547121,-3.014257264,1
-4.111987656,8.534018882,1.066562646,-1.446718998,-9.783961464,-3.504960087,1
-4.141373119,8.530597039,0.110505883,-1.411529306,-9.794245379,-3.98656456,2
-4.162065011,8.528644953,-0.784301013,-1.362887487,-9.790065051,-4.464630076,2
-4.19317815,8.530249151,-1.66704585,-1.321153392,-9.797847318,-4.909088007,2
-4.234579621,8.498703938,-2.436192614,-1.242778554,-9.80964323,-5.497463346,2
-4.27585758,8.475992903,-3.270500365,-1.20060281,-9.809760103,-5.774841748,2
-4.323488778,8.450629831,-4.333613267,-1.142935798,-9.815870459,-5.87422253,2
-4.401141893,8.39925063,-5.522221597,-1.068681788,-9.824466646,-6.012830104,2
-4.486365139,8.352307537,-6.540562667,-0.960761515,-9.848090437,-6.257152688,2
-4.594642602,8.292989258,-7.511480294,-0.892600527,-9.847185025,-6.713556621,3
-4.650667724,8.244780916,-8.529455731,-0.855998919,-9.83885668,-6.770201253,3
-4.743260484,8.168458702,-9.677852053,-0.751403793,-9.848684137,-6.867861566,3
-4.869884302,8.093987932,-10.73111807,-0.653696181,-9.868626989,-6.875220579,3
-4.915238115,8.068477438,-11.78932448,-0.600850251,-9.899429534,-6.674477643,3
-5.053422859,7.96567836,-12.831288,-0.504371315,-9.903598848,-6.412794808,3
-5.191028315,7.864817819,-13.74928766,-0.457895796,-9.904613082,-6.312689879,3
-5.318350167,7.728204334,-14.47887502,-0.356773202,-9.892545931,-6.34129172,3
-5.462010691,7.569388392,-15.10731902,-0.273924547,-9.868872537,-6.420682232,3
-5.58501756,7.444059097,-15.82796574,-0.224059118,-9.863106993,-5.727494289,3
-5.745219195,7.273191183,-16.27867464,-0.110882577,-9.885306244,-4.363683327,3
-5.94502611,7.10830369,-16.52867717,-0.028688985,-9.86529957,-2.461323255,4
-6.052953276,6.974024804,-16.65710194,0.065143565,-9.92071279,0.307615764,4
-6.061265666,6.841239961,-11.14701033,0.147411687,-9.958022236,2.32259061,4
-5.943559519,6.888481783,-1.461721989,0.143425982,-9.925409887,4.213336073,4
-5.982374774,6.985722553,8.948025982,0.000427681,-9.8324938,5.854822963,4
-5.978525824,7.189094556,17.99956962,-0.247281572,-9.818497333,8.41861575,4
-5.942661849,7.399333746,23.87497848,-0.49320419,-9.852173846,11.76072527,4
-5.864397359,7.386081099,27.63685551,-0.60254884,-9.802760048,14.36569571,4
-5.762157992,7.445860224,29.87281551,-0.659259926,-9.785477643,15.48778272,4
-5.563387236,7.528245805,30.82127955,-0.874853905,-9.697774916,16.21991916,4
-5.32627523,7.611892322,30.78511605,-1.061370122,-9.661062964,16.47921067,4
-5.118784602,7.706693524,30.05393259,-1.208231859,-9.617544635,16.10421644,1
-4.904539053,7.807558765,28.51552228,-1.353559719,-9.581535706,15.02794935,1
-4.750847661,7.876138295,25.87126824,-1.48856883,-9.542103826,12.62948657,1
-4.478645339,8.02886653,22.33770678,-1.617983673,-9.704366249,9.439459855,1
-4.313713275,8.227999431,18.99296834,-1.799295729,-9.689748751,9.001242095,1
-4.334096181,8.19999913,15.78601675,-1.743100229,-9.654338698,6.69215279,1
-4.189018328,8.314574636,13.13157119,-1.717295425,-9.727149354,5.243683504,1
-4.164756552,8.323724931,10.58338257,-1.820986074,-9.725155042,3.568643932,1
-4.078868018,8.379508872,8.275597458,-1.808737341,-9.721498034,2.195874806,1
-4.029356006,8.425270273,6.354490529,-1.793077493,-9.717143878,0.860821311,1
-4.000369279,8.456907533,4.622530658,-1.783347151,-9.723672526,-0.282509805,1
-4.023304783,8.456245809,3.096212496,-1.711667485,-9.741544505,-1.435348509,1
-3.989724096,8.490620544,1.879867084,-1.709653297,-9.744769973,-2.238454539,1
-3.990907005,8.508339133,0.871357519,-1.65477359,-9.741238804,-2.861125034,1
-4.022096295,8.504562807,0.184309395,-1.593257132,-9.748147178,-3.504848551,1
-4.050787415,8.520594334,-0.404861558,-1.541980552,-9.748916442,-3.97950641,1
-4.037005836,8.532075011,-0.860307596,-1.504485748,-9.763352403,-4.388989394,2
-4.085924943,8.510152958,-1.363588237,-1.454702061,-9.764846341,-4.69979105,2
-4.103602162,8.505401245,-1.994539046,-1.394910337,-9.756033368,-4.705249339,2
-4.145535738,8.478123567,-2.593849732,-1.35132523,-9.768447263,-4.841482489,2
-4.186297988,8.445997198,-3.26838503,-1.259373578,-9.777481066,-5.021497063,2
-4.23453816,8.422119353,-4.050500409,-1.236302918,-9.786238475,-5.137637875,2
-4.307149191,8.387715937,-5.020612102,-1.147163522,-9.775409295,-5.67189394,2
-4.365446784,8.344095697,-6.120783872,-1.099989894,-9.772299403,-6.09934543,2
-4.477465914,8.330437132,-7.334104274,-1.032584526,-9.800332669,-6.438866697,2
-4.595675103,8.298339606,-8.477869865,-0.973542278,-9.804484894,-6.593861058,2
-4.711955664,8.205904825,-9.843207953,-0.889195767,-9.803456807,-6.292226509,2
-4.838825023,8.098834827,-11.1161799,-0.743003644,-9.815199263,-6.430442372,3
-4.944107559,7.998579659,-11.79317943,-0.639608017,-9.830697538,-6.335645684,3
-5.08025691,7.872741784,-12.40772536,-0.52540822,-9.837626995,-6.113406909,3
-5.225078027,7.762890105,-12.83026995,-0.463690459,-9.857744159,-5.608606992,3
-5.360081004,7.644836786,-13.53524928,-0.453765703,-9.838440784,-4.327041894,3
-5.492529625,7.590661267,-14.38456967,-0.407934989,-9.896148177,-2.646114401,3
-5.613471648,7.472753816,-15.49748062,-0.338745591,-9.912455368,-0.608215947,3
-5.835806467,7.285053996,-16.52253856,-0.235871949,-9.940716248,1.507609905,3
-5.701837961,7.091882687,-15.79653304,-0.106728774,-9.937053833,2.466447253,4
-5.647669225,7.04448069,-8.51508898,-0.051849491,-9.925992104,2.942150843,4
-5.511531031,7.201084418,1.652514583,-0.133346452,-9.877072094,4.0296209,4
-5.549714664,7.431741679,11.66579768,-0.320129162,-9.861810056,6.49716852,4
-5.61666482,7.584565573,18.417981,-0.604251974,-9.908565725,10.35031233,4
-5.517772328,7.679509199,23.00551129,-0.564367099,-9.895383942,11.84706636,4
-5.471222601,7.8439477,27.34454149,-0.752938153,-9.835285425,13.51211283,4
-5.318358895,7.926057154,29.73860986,-0.848802235,-9.79453095,14.32419648,4
-5.147078456,8.00032698,30.38040334,-1.022050763,-9.720111467,15.30196047,4
-4.969179623,8.082932758,29.7063641,-1.175291231,-9.679217544,15.15808551,4
-4.783144873,8.146209966,28.12004978,-1.294394867,-9.626256034,14.09722188,4
-4.639694835,8.191261103,25.73052383,-1.384389827,-9.575807303,11.97094983,1
-4.491867212,8.242965382,22.3988471,-1.508740846,-9.525993163,9.209239971,1
-3.98588261,8.669528128,20.50895185,-1.8823416,-9.661325343,7.478185237,1
-4.048183828,8.644268715,17.00064763,-1.692846079,-9.633533055,5.730685982,1
-3.89615697,8.759302387,14.14344489,-1.872167921,-9.633035316,4.241000768,1
-3.801880553,8.811823894,11.52987579,-1.850585945,-9.608487679,2.801609963,1
-3.676566331,8.848923849,9.100368673,-1.857219116,-9.566287942,1.635736842,1
-3.616927541,8.871684196,7.196594569,-1.838091159,-9.579832235,0.625736484,1
-3.590085834,8.874335986,5.365106733,-1.821299618,-9.572776866,-0.322482285,1
-3.625626038,8.870580232,3.855512178,-1.778011844,-9.602654996,-1.223372517,1
-3.635549487,8.859820923,2.702485313,-1.723591694,-9.604401356,-2.154024597,1
-3.659167149,8.870960749,1.709958626,-1.641462087,-9.636740903,-2.555694183,1
-3.690599553,8.871477423,0.789500141,-1.698340131,-9.628552439,-3.415997849,1
-3.732767121,8.834161377,-0.106795447,-1.665863236,-9.650980472,-4.037504585,2
-3.749821701,8.82070723,-1.032655309,-1.622329496,-9.66228425,-4.700505029,2
-3.794368562,8.803063148,-1.986154688,-1.543363285,-9.663110074,-5.270670844,2
-3.851056932,8.772227499,-3.075266022,-1.491749934,-9.684535241,-5.837492455,2
-3.896261029,8.757427904,-4.452589656,-1.458694397,-9.692953038,-6.049520178,2
-3.942341026,8.716392073,-5.992073406,-1.358895266,-9.71539688,-6.399735857,2
-4.059148718,8.659245208,-7.643920249,-1.279699936,-9.707075505,-6.242863297,2
-4.198123391,8.587659696,-9.185244748,-1.167315916,-9.738108139,-6.728013029,2
-4.307786809,8.519331847,-10.66993267,-1.106594292,-9.740388284,-6.957066664,2
-4.465489547,8.424823478,-12.37336914,-1.000881932,-9.777123679,-7.166737604,2
-4.634045904,8.328050882,-13.5874153,-0.876566732,-9.803050331,-7.402494522,2
-4.804410085,8.214509455,-14.5937753,-0.756993712,-9.816923529,-7.56627827,2
-4.948719088,8.058558784,-15.12682197,-0.654557743,-9.805109795,-7.710955022,2
-5.078255372,7.913228768,-15.73146002,-0.56362283,-9.806379113,-7.496035427,2
-5.22897408,7.758188023,-16.29772703,-0.440497332,-9.81800925,-6.954368107,3
-5.439399509,7.553152227,-16.48191747,-0.350795035,-9.81571099,-6.385380709,3
-5.585466802,7.438544069,-16.6228239,-0.287585838,-9.846607328,-5.38454689,3
-5.805260422,7.303885883,-16.87028908,-0.220776135,-9.878142018,-3.783783028,3
-5.900464766,7.17456531,-17.5034779,-0.18473641,-9.839273575,-1.379754846,3
-5.809827849,7.096528984,-17.09706569,-0.137793859,-9.842527246,1.014289169,4
-5.755642784,7.070023154,-9.973343756,-0.139266363,-9.83411246,3.554467811,4
-5.717689002,7.125049686,-0.491622577,-0.169791158,-9.868175215,5.713700107,4
-5.746581513,7.315532036,10.16540874,-0.258105768,-9.851543994,7.749742072,4
-5.829005676,7.500627453,18.72344341,-0.511039375,-9.842464244,11.3797771,4
-5.874343629,7.582876654,24.61381323,-0.659593858,-9.823376294,15.40529095,4
-5.771067037,7.695076211,29.09152191,-0.688820519,-9.803738514,17.18438912,4
-5.663135488,7.790774632,32.48546802,-0.863365982,-9.769558177,18.04299788,4
-5.444936674,7.885308543,33.49679231,-1.071672899,-9.78693677,18.76822159,4
-5.209301393,7.946566087,32.27514964,-1.245609187,-9.7192466,18.17764469,1
-4.97739445,7.995496331,30.28168798,-1.393335675,-9.64832559,16.86257736,1
-4.763703065,8.051840342,27.64761895,-1.529885828,-9.59519306,14.89204197,1
-4.580368429,8.13015715,24.25321951,-1.616941209,-9.595944433,12.25556476,1
-4.42541419,8.210389471,20.22547638,-1.746493526,-9.554873059,8.866364493,1
-3.915105033,8.716151997,18.68867311,-2.174758217,-9.705860694,7.056304485,1
-3.863395191,8.750206178,15.39523746,-1.948533626,-9.735491628,5.267229378,1
-3.778110092,8.795915942,12.56506758,-2.073176253,-9.691881795,3.428730921,1
-3.672424636,8.823530177,9.967333976,-2.089400169,-9.664360306,1.581279681,1
-3.561072008,8.873195103,7.584917251,-2.121480008,-9.636136621,0.447171431,1
-3.528670251,8.894297354,5.355122255,-2.122401094,-9.637261912,-0.716416365,1
-3.514121107,8.89719153,3.527789587,-2.065355577,-9.626935249,-1.64927767,1
-3.514625634,8.894831427,2.02555662,-2.053408112,-9.622268815,-2.361963393,1
-3.557728444,8.883506435,0.767653364,-1.980824709,-9.63777993,-3.085371424,1
-3.622886746,8.865592739,-0.259343538,-1.909693466,-9.652047398,-3.727409906,1
-3.678970923,8.84385738,-1.059539532,-1.849428064,-9.66608742,-4.389240475,2
-3.691422489,8.834214349,-1.76492277,-1.821610858,-9.661911531,-4.992088544,2
-3.696828507,8.826524036,-2.460145408,-1.823038229,-9.660657342,-5.308329416,2
-3.759009843,8.808813001,-3.16424704,-1.737395815,-9.67312365,-5.975517309,2
-3.826729074,8.771290176,-4.0052963,-1.700895444,-9.692104357,-6.337504758,2
-3.904301834,8.72545504,-5.19292769,-1.647599081,-9.703224759,-6.505058668,2
-3.93886933,8.720013364,-6.440330011,-1.564649627,-9.732949368,-6.859392859,2
-4.028391548,8.676425455,-7.680530345,-1.52864055,-9.74016361,-7.12062296,2
-4.152066793,8.624530416,-9.478751578,-1.4536696,-9.7609367,-6.851252537,2
-4.266209475,8.555750536,-11.06900403,-1.366121851,-9.767419958,-6.986352736,2
-4.409473095,8.430424426,-12.58254652,-1.241408887,-9.796784067,-6.897087218,2
-4.555723585,8.347159839,-13.72784006,-1.143909638,-9.831016905,-7.25669445,2
-4.707026637,8.243597159,-14.64906191,-1.047770076,-9.854993609,-7.63709653,3
-4.866950122,8.123084221,-15.31162623,-0.963734819,-9.856288605,-7.781136362,3
-5.026671571,8.009248134,-16.04927072,-0.883845691,-9.8764378,-7.899904028,3
-5.129700355,7.937894564,-16.70014847,-0.880391413,-9.838303799,-7.101471886,3
-5.30013891,7.776649735,-17.56644145,-0.762517796,-9.883394437,-5.754504207,3
-5.483017954,7.645620487,-18.12500224,-0.68357068,-9.890322301,-4.168397601,4
-5.703792075,7.482672875,-18.69339198,-0.510238756,-9.907788144,-2.238021603,4
-5.457227385,7.425493995,-12.29375041,-0.41560632,-9.896371582,-1.461004542,4
-5.556463365,7.471874037,-2.327175081,-0.385898784,-9.849691737,-0.634240044,4
-5.569354011,7.60205553,7.816058999,-0.501761845,-9.87892134,2.370892587,4
-5.609306601,7.753143633,15.0264992,-0.728934523,-9.870553171,6.740033434,4
-5.627485792,7.81723838,20.24709454,-0.75692014,-9.840128291,10.16361016,4
-5.515185201,7.942860553,24.11452842,-0.716915899,-9.89336139,12.2213787,4
-5.45625617,8.041521563,26.68858507,-0.773818966,-9.850462589,14.4089285,4
-5.320421709,8.080450933,28.11207998,-0.829667238,-9.802874798,15.74873806,4
-5.191716039,8.142876547,28.7375778,-1.004317407,-9.749578375,16.17927304,4
-5.020029654,8.208408129,28.1844011,-1.166116334,-9.720794558,15.82032906,4
-4.835750212,8.244110241,26.34004175,-1.323382568,-9.67408888,14.17345165,1
-4.752081647,8.2882432,23.38740549,-1.400111615,-9.64718023,11.68856249,1
-4.689603378,8.295678586,19.61620272,-1.500214077,-9.690451475,8.707812059,1
-4.431597963,8.50323781,17.01439296,-1.715847623,-9.693028563,7.378951169,1
-4.482416912,8.450226144,14.12549962,-1.567742564,-9.652884678,5.736260129,1
-4.354336959,8.548043212,12.05202416,-1.684053368,-9.684639656,3.966566889,1
-4.286890771,8.581117728,9.964528974,-1.701762313,-9.676606106,2.87932559,1
-4.199519499,8.613753553,8.212117279,-1.742946187,-9.657405136,1.63190023,1
-4.099521442,8.666476481,6.420312928,-1.790567361,-9.643351042,0.675793832,1
-4.026375038,8.701504593,4.761057078,-1.812252876,-9.645253624,-0.295055388,1
-3.969135652,8.732771441,3.025548003,-1.816939323,-9.628717321,-1.216109324,1
-3.95763043,8.7454802,1.374715595,-1.816956233,-9.632741663,-2.098060437,1
-3.966358308,8.748165089,-0.217317872,-1.782368346,-9.637984793,-2.93848743,1
-3.978258905,8.737426018,-1.472251802,-1.724547121,-9.649511155,-3.742577222,1
-4.032951088,8.711798854,-2.676776742,-1.659501286,-9.671899603,-4.453090873,2
-4.082212112,8.677708413,-3.537144715,-1.581700104,-9.679815117,-5.214204672,2
-4.092337426,8.673426835,-4.357890425,-1.564766459,-9.682071505,-5.599431361,2
-4.164308415,8.630300007,-5.040265552,-1.486352454,-9.703275374,-6.358929308,2
-4.247648659,8.581875545,-5.712487885,-1.405561648,-9.725514807,-6.867815098,2
-4.291738774,8.544475278,-6.338958921,-1.339538882,-9.727835469,-7.275521666,2
-4.35891121,8.500859001,-7.081602981,-1.276801303,-9.730706472,-7.418762964,2
-4.429426129,8.45602964,-7.933850127,-1.213549962,-9.736196266,-7.697219921,2
-4.518964918,8.396972882,-8.890054857,-1.141790875,-9.759098117,-8.092652031,2
-4.617716055,8.329836718,-9.991629521,-1.052881452,-9.772715336,-8.170773809,2
-4.722819627,8.254211917,-11.21420877,-0.969292786,-9.784900465,-8.03916692,2
-4.866205609,8.168546845,-12.45802421,-0.855139542,-9.82208919,-7.934506286,3
-5.004620995,8.071780568,-13.33575319,-0.779280905,-9.836827157,-8.227069919,3
-5.127868,7.971182466,-13.97653102,-0.699943867,-9.842500251,-8.44594885,3
-5.243480792,7.840659554,-14.64711711,-0.613068391,-9.841647039,-8.164799995,3
-5.35717812,7.709281877,-15.37934679,-0.499739135,-9.842330164,-7.81205143,3
-5.517249292,7.551386121,-15.81604929,-0.370329274,-9.855360678,-7.54733667,3
-5.678745474,7.391611982,-16.08176619,-0.260567354,-9.86278874,-7.192070878,3
-5.807048132,7.277077309,-16.11213016,-0.265659293,-9.856328169,-5.833741068,3
-6.00189449,7.152307791,-16.78573759,-0.220540524,-9.846625204,-3.48052977,3
-6.120537494,7.017580078,-17.97825755,-0.131753297,-9.840437584,-0.803685174,3
-5.929375431,6.951089061,-12.35185417,-0.075556558,-9.862709855,1.393908586,4
-5.914636689,7.00302556,-1.807304634,-0.024810995,-9.851967926,3.369950387,4
-6.020411711,7.182981296,8.604080581,-0.104872888,-9.86086385,5.756765668,4
-6.18289632,7.437652468,16.82666349,-0.54025552,-10.01912996,10.17269956,4
-6.024694158,7.497659149,21.00271171,-0.511473407,-9.975914664,12.25073798,4
-5.97670589,7.549005034,24.97294361,-0.629682431,-9.907377875,14.44233682,4
-5.887340259,7.636443832,28.81086003,-0.753990271,-9.83200236,15.25346367,4
-5.692733543,7.778045041,31.29473606,-0.903951551,-9.773458352,15.49570589,4
-5.512822878,7.838648133,31.1850319,-1.098315421,-9.73688495,15.67399671,4
-5.301058783,7.906216787,30.23509057,-1.252124215,-9.686403951,14.93419275,1
-5.107835523,7.977335938,28.17228617,-1.366459513,-9.651757213,13.23722144,1
-4.891964717,8.035096075,25.2324868,-1.491899934,-9.616248671,10.72040087,1
-4.782580395,8.056518433,20.88617943,-1.595846562,-9.604172608,7.439093456,1
-4.598874064,8.251902674,17.66425368,-1.786081716,-9.602780651,6.823150551,1
-4.488307739,8.311037627,14.35058856,-1.600125345,-9.568590217,5.039320629,1
-4.516496136,8.36086711,11.88098914,-1.596410347,-9.599754088,3.348280315,1
-4.396407133,8.425533697,9.473326564,-1.592469593,-9.648840741,2.075787809,1
-4.327157236,8.48411975,7.443943451,-1.576861152,-9.650230048,1.148400303,1
-4.275587022,8.514653432,5.575987252,-1.587909912,-9.648099711,0.345961287,1
-4.194563082,8.568138845,3.985608271,-1.633388602,-9.647744729,-0.334696854,1
-4.176019347,8.587513188,2.402905452,-1.603191916,-9.666117558,-1.02617561,1
-4.131872816,8.59440336,1.110004402,-1.616189438,-9.680722343,-1.664192227,1
-4.140323736,8.598428929,-0.109154217,-1.585397892,-9.691570591,-2.169277514,1
-4.142457184,8.598607349,-1.207713983,-1.55668894,-9.697971633,-2.45521513,1
-4.176405599,8.582641349,-2.219355064,-1.526186057,-9.703800067,-2.761280035,1
-4.170266812,8.581509519,-3.246097072,-1.503981875,-9.696467501,-2.882512656,2
-4.230383818,8.541171505,-4.012775507,-1.425550451,-9.71572096,-3.613257306,2
-4.252139134,8.521462938,-4.656524292,-1.43062911,-9.70145533,-4.098738697,2
-4.317603177,8.48059184,-5.253395294,-1.334371744,-9.719292953,-4.578441905,2
-4.387767908,8.45009731,-5.79501623,-1.304469983,-9.72310979,-5.336361884,2
-4.453520495,8.425017295,-6.51247517,-1.250640117,-9.735406996,-5.851223018,2
-4.53026782,8.381540478,-7.429093703,-1.18948166,-9.749163754,-6.400613183,3
-4.604356662,8.355234453,-8.477764825,-1.150619892,-9.788055598,-6.671346832,3
-4.651410179,8.336408342,-9.702045425,-1.103766794,-9.798540585,-5.932037257,3
-4.681761473,8.276098824,-10.54412668,-1.007668802,-9.804991697,-5.568188657,3
-4.728295918,8.217221746,-11.42277873,-0.965991794,-9.834871308,-5.526548045,3
-4.868987282,8.09671136,-12.44489585,-0.858755976,-9.839424756,-5.705175365,3
-4.985087675,7.991918263,-13.28076288,-0.802535638,-9.819833262,-5.725645216,3
-5.122232053,7.865189157,-14.38059963,-0.68341792,-9.828717008,-5.296257443,3
-5.255279808,7.736578931,-15.32786945,-0.588421875,-9.856506448,-5.026451527,3
-5.409281375,7.586881863,-15.92835917,-0.572870545,-9.858560251,-4.297373943,3
-5.551464265,7.501564011,-16.82006359,-0.520454652,-9.884250899,-2.188231104,3
-5.675116042,7.331784335,-18.1131668,-0.399905774,-9.910295322,-0.143883268,3
-5.568131638,7.240550818,-11.72249139,-0.352203964,-9.91414691,1.349143082,4
-5.46593015,7.26803074,-0.389914724,-0.341587946,-9.913149505,2.217466089,4
-5.46133401,7.478118776,10.41397695,-0.512553116,-9.889615521,4.026145334,4
-5.568953556,7.665020983,17.92715196,-0.815322827,-9.87423828,7.865819469,4
-5.521253933,7.792603645,22.36981016,-0.869949814,-9.868513085,11.5831681,4
-5.486401786,7.823500435,25.42998427,-0.86958243,-9.825049797,13.66176634,4
-5.461612285,7.841007022,27.40828284,-0.947954579,-9.784494086,14.76461368,4
-5.367826438,7.841864543,27.95592116,-1.061985034,-9.717508499,14.53154588,4
-5.258168419,7.835574037,26.08223003,-1.187997759,-9.648804926,12.38146787,1
-5.165235752,7.834213372,22.34469591,-1.361686822,-9.76881554,9.402296718,1
-4.913829961,8.109069432,19.22450999,-1.470681671,-9.748911017,8.201572158,1
-4.934968195,8.04929829,16.1902387,-1.41748736,-9.748929125,6.279324119,1
-4.731988433,8.197065924,13.08280669,-1.602188466,-9.730786908,4.695805748,1
-4.623355138,8.269357137,10.74193876,-1.587817756,-9.742896047,3.450819367,1
-4.560840386,8.326498433,8.820201861,-1.59184036,-9.6991159,2.183075364,1
-4.48813327,8.398390484,6.9823515,-1.631451751,-9.704558093,1.273041555,1
-4.429667913,8.42242538,5.466311942,-1.578234095,-9.740119051,0.161981123,1
-4.371345891,8.45869022,4.0882126,-1.58443936,-9.723407705,-0.976582425,1
-4.346748396,8.477006818,2.90265128,-1.59265666,-9.744804057,-1.950123659,1
-4.297877465,8.515173717,1.643773214,-1.600416915,-9.728021506,-3.024196076,2
-4.259903924,8.54236074,0.32032527,-1.64211977,-9.720514876,-3.420374526,2
-4.27241135,8.540110405,-0.916960699,-1.565761941,-9.734539746,-4.136963753,2
-4.315356927,8.531849613,-2.139259305,-1.53420075,-9.744845834,-4.863027743,2
-4.380134425,8.490458172,-3.362944154,-1.419276192,-9.76515822,-5.774776762,2
-4.460724253,8.456281788,-4.634615302,-1.345268354,-9.770275531,-6.403649703,2
-4.513076154,8.426746454,-5.521498493,-1.258231333,-9.779969669,-7.072543372,2
-4.574177784,8.39773114,-6.243850238,-1.195487548,-9.785447609,-7.616429594,2
-4.624520988,8.357199809,-6.936558562,-1.130126128,-9.79251732,-8.097587761,2
-4.670885214,8.337778128,-7.783844248,-1.090140733,-9.79398297,-8.150552934,2
-4.753978425,8.284705438,-8.73441712,-0.990253679,-9.801354291,-8.328716544,2
-4.836805713,8.229554528,-9.806884724,-0.917990414,-9.810194116,-8.443126898,3
-4.912292194,8.193971103,-10.97493311,-0.863992695,-9.817055578,-8.019110616,3
-5.023157233,8.145506739,-12.33962793,-0.822473122,-9.851215636,-7.218381388,3
-5.154549801,8.070503894,-13.56232795,-0.695354873,-9.874344936,-6.540811837,3
-5.300457296,7.986511395,-14.3900172,-0.552352314,-9.913737887,-6.07772483,3
-5.426811829,7.874942186,-14.96215804,-0.517405048,-9.901466354,-5.564320446,3
-5.512051057,7.788873681,-15.45433347,-0.453402622,-9.897241821,-4.251862622,3
-5.637255627,7.695938794,-15.54243391,-0.453499997,-9.872795088,-2.168531207,4
-5.718224374,7.589726164,-15.34763704,-0.489987263,-9.85095311,0.666282449,4
-5.727987648,7.491519527,-14.01018556,-0.508901487,-9.872540776,3.351804005,4
-5.635798165,7.493230053,-9.10504961,-0.663596247,-9.831153356,5.706521431,4
-5.653187881,7.552190299,-2.235407142,-0.746026605,-9.858316563,7.886578611,4
-5.55784074,7.673090183,6.003444527,-0.750453816,-9.855420472,9.004806633,4
-5.595425442,7.826412024,14.11718467,-0.801744229,-9.859805127,9.993608939,4
-5.693301905,7.913871681,20.9422306,-0.953506511,-9.842705663,11.63478195,4
-5.604773461,8.019953461,24.34518889,-1.093284156,-9.829057532,13.95390225,4
-5.419990034,8.058260662,25.1588059,-1.254045088,-9.76478209,14.79633151,4
-5.223466221,8.119091441,24.49788228,-1.419849128,-9.65013587,14.67395087,1
-5.038723756,8.14338453,23.4980211,-1.54228128,-9.589481539,13.60288318,1
-4.829534629,8.20140116,21.33192244,-1.732496626,-9.522644344,11.84605758,1
-4.57605795,8.258913988,18.65169144,-1.906976902,-9.469822625,9.390005248,1
-4.4505325,8.279637521,15.01247298,-1.987173612,-9.411165406,6.002590451,1
-4.094694349,8.508426574,12.88770902,-2.364152159,-9.459436678,4.540900017,1
-3.996532926,8.562395317,10.12442885,-2.230811174,-9.53262234,2.808796566,1
-4.007404265,8.565153485,7.484922024,-2.139430021,-9.559191542,1.575897048,1
-3.944463629,8.598828648,4.879173996,-2.193426117,-9.567664366,0.310512305,1
-3.934720531,8.644262008,2.56575725,-2.061613949,-9.587353948,-0.92812162,1
-3.925689684,8.655952646,0.954793243,-2.082487433,-9.577548733,-2.50533465,1
-3.86284728,8.68613243,-0.561224403,-2.110263208,-9.572824245,-3.578029894,1
-3.875018167,8.688472548,-1.952217598,-2.047695082,-9.575499539,-4.467142677,1
-3.886006998,8.684815096,-3.030127333,-1.98779755,-9.590158716,-5.182638162,2
-3.915374791,8.681863377,-3.956400972,-1.922914863,-9.593108317,-5.748733897,2
-3.929815265,8.674817333,-4.628655243,-1.853605386,-9.613089798,-6.022171174,2
-3.950018122,8.666359546,-5.178166804,-1.810864204,-9.621560752,-6.19237322,2
-4.037801335,8.634603904,-5.927837926,-1.737315127,-9.636104793,-6.154302371,2
-4.075212022,8.607253773,-6.672909112,-1.689908933,-9.654456068,-6.072019788,2
-4.1355164,8.566564617,-7.500603279,-1.616362986,-9.663429292,-5.432823662,2
-4.210755285,8.525718789,-8.311167303,-1.524536057,-9.690055405,-4.808916482,2
-4.290448155,8.477946036,-9.068463527,-1.487865217,-9.679720861,-4.31354511,2
-4.44265513,8.429620485,-9.799305059,-1.417809063,-9.72056183,-4.626278271,2
-4.515199852,8.373841797,-10.39812585,-1.392840707,-9.708085318,-4.699604131,3
-4.649423296,8.343750495,-11.66228913,-1.36793917,-9.730245413,-3.928724091,3
-4.741083902,8.259426223,-12.81583791,-1.307717044,-9.755327223,-3.892988263,3
-4.865511338,8.197192235,-13.70057075,-1.294202631,-9.766851856,-3.176112393,3
-5.009505398,8.075024276,-14.27388736,-1.230831563,-9.797421995,-2.358386634,3
-5.140228033,7.933844017,-14.31466342,-1.12864334,-9.806985446,-1.744399956,4
-5.310137066,7.763354672,-13.87296739,-1.046201287,-9.814913105,-1.418739056,4
-5.401413582,7.646128407,-13.03087417,-1.008094681,-9.808607859,-0.566414012,4
-5.521974802,7.587114687,-12.03101482,-1.017282319,-9.812377207,0.757922228,4
-5.640766013,7.545348042,-11.15635184,-1.063281204,-9.81247196,2.330818081,4
-5.73311872,7.425013069,-10.79063495,-1.053132846,-9.798999635,3.398483804,4
-5.605134188,7.372367445,-5.410645157,-1.079028247,-9.823502072,3.955565667,4
-5.555468737,7.450341234,1.906909835,-1.185304623,-9.793178837,4.004509076,4
-5.603651323,7.572572252,8.566764045,-1.266269009,-9.784157962,4.74863382,4
-5.578788205,7.720280173,13.63422036,-1.353107159,-9.788350056,6.204272163,4
-5.57089722,7.822365145,17.24275284,-1.440448748,-9.758912512,7.981381487,4
-5.492052429,7.883044391,19.6711245,-1.504958061,-9.731781155,9.385003501,4
-5.378749146,7.93782476,21.92451106,-1.544458569,-9.701817924,10.37537879,4
-5.274926657,8.011796083,24.29096968,-1.559409406,-9.706148969,10.92725738,4
-5.161496833,8.085549805,25.87403627,-1.621083868,-9.675204668,11.5564552,4
-4.957719702,8.164243883,26.07402889,-1.756679317,-9.642300221,11.6256325,4
-4.737281791,8.221837717,25.14987123,-1.911971606,-9.595561058,10.95071177,4
-4.544912087,8.283787323,23.32922554,-1.998078041,-9.553891153,9.803654308,1
-4.334203697,8.369916674,21.24713186,-2.086450149,-9.527325996,8.564382063,1
-4.105259437,8.455894184,19.40092564,-2.213648401,-9.496800995,7.473343535,1
-3.93806009,8.509230319,17.37987214,-2.294220881,-9.459534439,5.911927304,1
-3.651358767,8.637030303,15.152638,-2.436572934,-9.469585371,4.160103017,1
-3.424005619,8.71793153,12.91891094,-2.480887883,-9.494179516,2.85512239,1
-3.30186016,8.800735885,10.54897687,-2.613113479,-9.504235061,1.586921018,1
-3.248457156,8.864432551,7.983158093,-2.53121274,-9.521273701,0.213530208,1
-3.246539642,8.88072768,5.727932664,-2.495716486,-9.532916561,-0.927892695,1
-3.200712983,8.921135336,3.543535886,-2.478274309,-9.521433717,-1.794335241,1
-3.225518497,8.945351379,1.884808987,-2.391435382,-9.541015657,-2.658509652,1
-3.176150419,8.966510067,0.590372093,-2.333007417,-9.53563011,-3.147041153,1
-3.183538613,8.975380161,-0.395280736,-2.260146273,-9.551404164,-3.449291848,2
-3.205565438,8.968864887,-1.166261732,-2.192418374,-9.552200673,-3.711003137,2
-3.241044049,8.966748533,-1.787210872,-2.122864943,-9.569000193,-3.771894942,2
-3.300789116,8.949182713,-2.308128992,-2.049188807,-9.57667856,-3.879486385,2
-3.332796038,8.937436676,-2.709699847,-2.001352082,-9.575907536,-3.762019519,2
-3.337467829,8.920454263,-3.022045183,-1.984297097,-9.570042917,-3.734156621,2
-3.428266772,8.911046185,-3.613568877,-1.924006734,-9.609763134,-3.611746872,2
-3.515336539,8.865152956,-4.188933656,-1.835687663,-9.613228939,-3.776951632,2
-3.579669663,8.842978611,-4.688593476,-1.750936316,-9.632757783,-3.810701469,2
-3.636774919,8.819442203,-5.011678802,-1.694382083,-9.66114693,-3.703176546,2
-3.689538895,8.786604974,-5.550161685,-1.61922,-9.659319029,-3.298668255,2
-3.849303384,8.75060592,-5.244454035,-1.559706483,-9.663689161,-3.673500485,2
-3.906701763,8.719912132,-5.55419897,-1.506015951,-9.692168825,-3.170093039,2
-4.006033912,8.670563531,-6.17855764,-1.414748492,-9.715365149,-2.62048336,2
-4.15906591,8.592551803,-6.793560398,-1.323032151,-9.738298276,-2.493092342,2
-4.258724396,8.535673831,-7.055599528,-1.253965285,-9.740098426,-2.530953908,2
-4.345581862,8.484057577,-7.250411577,-1.206073317,-9.732896645,-2.326441833,2
-4.417432195,8.424189254,-7.477244033,-1.157792184,-9.731931013,-2.241042591,2
-4.534795718,8.366426075,-7.662486661,-1.091533631,-9.754954677,-2.443828553,2
-4.599627106,8.287405983,-7.592780295,-1.038239709,-9.775154489,-2.86239348,3
-4.686580154,8.238470029,-7.732751423,-0.999560327,-9.788739543,-3.501067363,3
-4.78462849,8.193577308,-8.038450138,-0.934640657,-9.799881429,-3.871166559,3
-4.911208911,8.124953092,-8.650085318,-0.885326222,-9.809128887,-4.411382556,3
-4.995256469,8.078098446,-9.358494477,-0.855433101,-9.828685373,-4.794238719,3
-5.110306347,8.031020911,-10.07641425,-0.790856109,-9.857723853,-4.671855255,3
-5.206097624,7.942974337,-10.7426274,-0.762047531,-9.842708295,-4.440713702,3
-5.315136553,7.892068271,-11.51845255,-0.741817028,-9.865144478,-3.52327244,3
-5.474437674,7.796701479,-11.97703747,-0.664919044,-9.879807135,-1.95775527,3
-5.636071238,7.661171394,-12.89998845,-0.515324996,-9.882993798,-0.10027243,3
-5.631854834,7.427848089,-12.5826795,-0.377730296,-9.907717211,0.102454345,3
-5.640148926,7.30230337,-6.439806449,-0.228908094,-9.957641097,-1.013855663,4
-5.479404862,7.512186458,2.612687873,-0.370189472,-9.88725448,-0.518199287,4
-5.469567032,7.624312066,10.04665356,-0.582157502,-9.938276766,1.929029054,4
-5.518198385,7.634133539,14.75152883,-0.515731955,-9.969688613,4.02719118,4
-5.430002962,7.712990603,18.1879788,-0.543335614,-9.965776637,5.385753887,4
-5.310997326,7.805808125,20.47335263,-0.726261643,-9.963678073,7.37410447,4
-5.1671621,7.858290888,21.66570218,-0.827681353,-9.925319904,9.186811546,4
-5.027235608,7.95778156,22.67661339,-0.845964817,-9.912216397,10.72355153,4
-4.84848812,8.037467875,23.64555192,-0.952450833,-9.873077977,11.92728852,4
-4.64513748,8.144933314,24.08102853,-1.089257694,-9.845917917,12.92401052,4
-4.515348474,8.213526378,24.00535618,-1.185281931,-9.810004696,13.18826975,4
-4.372031249,8.270795358,23.01471206,-1.215745103,-9.71291153,12.64307952,1
-4.2512158,8.31412624,21.28737723,-1.322395056,-9.690723436,11.56713933,1
-4.11683347,8.359468148,19.15244858,-1.412203748,-9.640442039,9.778439663,1
-3.989797137,8.439579255,16.54506835,-1.511674835,-9.640585603,7.598062198,1
-3.671592531,8.634730431,14.35132179,-1.760152762,-9.728865722,6.23167876,1
-3.539718905,8.671747407,12.09575465,-1.747032483,-9.73127997,5.028261678,1
-3.458282569,8.735190837,9.854910701,-1.858139476,-9.723639136,3.412447154,1
-3.379030628,8.779929756,7.515079282,-1.840198579,-9.73714886,1.726988597,1
-3.418491438,8.780293899,4.991311099,-1.780716643,-9.726164359,0.083211778,1
-3.409244923,8.802378549,2.974577449,-1.703986505,-9.738808254,-1.138637114,1
-3.401613566,8.815621452,1.414980287,-1.690937816,-9.756863878,-2.154775388,1
-3.434226531,8.800958308,0.078115509,-1.652707943,-9.750363131,-3.134561148,1
-3.420916082,8.826685539,-1.067405673,-1.629280922,-9.74529878,-3.610477813,2
-3.457961719,8.829461224,-2.157720162,-1.597169448,-9.758645351,-4.011700246,2
-3.522678924,8.787398727,-3.032012666,-1.518282535,-9.79676403,-4.489122735,2
-3.592223375,8.752283232,-3.800211254,-1.388261515,-9.784626103,-4.985630273,2
-3.650225929,8.733482427,-4.52932443,-1.352201474,-9.797750388,-5.131424957,2
-3.685903447,8.701019808,-5.355510565,-1.33368666,-9.801992794,-5.1753406,2
-3.753472225,8.666695893,-7.236554933,-1.284579248,-9.81616865,-4.698333448,2
-3.890057944,8.62166919,-9.215175954,-1.225030088,-9.844697105,-4.689978883,2
-3.975743723,8.580119466,-10.71082957,-1.13000002,-9.842687697,-4.611139366,2
-4.090844378,8.4290466,-11.74303805,-0.986757301,-9.851408441,-4.905988017,2
-4.238198989,8.355925491,-12.6106912,-0.916202453,-9.866108073,-4.790733664,2
-4.392170941,8.274237772,-13.43278403,-0.860060987,-9.906037278,-4.396383849,3
-4.589427074,8.129596107,-13.91078255,-0.740783196,-9.911958616,-4.52043958,3
-4.776101163,7.96311878,-14.38945052,-0.69263306,-9.922482371,-4.443697082,3
-4.966520985,7.876687212,-14.71724922,-0.63218632,-9.967470234,-4.124094859,3
-5.123267087,7.748107777,-14.83893245,-0.582377433,-9.927852009,-3.466678793,3
-5.161399039,7.640213327,-14.83696125,-0.49403748,-9.865483813,-2.130350344,4
-5.320343592,7.503258771,-11.74710108,-0.2968046,-9.891658944,-2.323951555,4
-5.198423461,7.554941523,-4.890721153,-0.337180553,-9.872407727,-1.264178498,4
-5.227142117,7.564291388,2.063668957,-0.407894898,-9.827599774,0.672325947,4
-5.247444423,7.635069793,8.101873181,-0.454833126,-9.821949362,3.423019156,4
-5.182409685,7.746131511,12.65818697,-0.580236799,-9.826330912,6.458056889,4
-5.193154459,7.776001145,16.0809172,-0.605979011,-9.815073762,8.487858082,4
-5.154333673,7.859027071,18.86010397,-0.620303267,-9.829878782,9.916124183,4
-5.104323502,7.880923244,20.49722921,-0.74335126,-9.802569592,11.21564142,4
-4.988128,7.947376273,21.46649371,-0.825343345,-9.78709212,12.07988068,4
-4.863130697,8.026103355,21.52378556,-0.96091721,-9.773869277,12.26101218,1
-4.748609327,8.10648543,20.92616673,-1.045812885,-9.759325081,11.90285016,1
-4.629775401,8.17469797,19.9810186,-1.108814884,-9.740973661,11.41998778,1
-4.473397097,8.257953653,19.27423066,-1.202552696,-9.77299477,11.07982376,1
-4.345202946,8.326124948,18.75849553,-1.319491816,-9.748843412,10.48365082,1
-4.230420625,8.338186273,17.25014361,-1.429441202,-9.694466418,9.124112045,1
-4.257940827,8.285087012,14.09059535,-1.424524524,-9.697249734,6.121569979,1
-4.05219868,8.408697021,12.24191631,-1.605182414,-9.69704614,5.068869291,1
-4.058822456,8.457701945,10.28560621,-1.626857143,-9.732238858,3.87360402,1
-3.98801398,8.511388006,8.271388942,-1.643068071,-9.704038363,2.883312073,1
-3.916671638,8.554486681,6.55718544,-1.644195075,-9.73168366,1.878516105,1
-3.885201165,8.601481971,4.613347137,-1.636052228,-9.719885923,0.87158461,1
-3.842530389,8.632714063,2.856658862,-1.612306711,-9.743459964,-0.169132524,1
-3.822511402,8.639389238,1.454247008,-1.576234473,-9.736974568,-1.122226421,1
-3.813070149,8.671114986,0.27625505,-1.568619332,-9.728261566,-1.734121515,1
-3.833235846,8.679966277,-0.63977362,-1.525025803,-9.73710592,-2.372738208,2
-3.881080958,8.671562953,-1.36900843,-1.416465855,-9.748959537,-2.881364738,2
-3.909756286,8.654354371,-1.791983517,-1.380985617,-9.744610056,-3.290319041,2
-3.950203575,8.630004896,-2.154141903,-1.325213778,-9.759949872,-3.687549876,2
-3.965571936,8.615969534,-2.560770905,-1.300584415,-9.760730093,-4.045011578,2
-4.006905696,8.599808419,-3.069076652,-1.242487212,-9.761849201,-4.489469627,2
-4.057083021,8.573944257,-3.693797893,-1.204694865,-9.756738485,-4.870222228,2
-4.094797116,8.557713457,-4.559479126,-1.174584686,-9.767547749,-5.163104667,2
-4.155151339,8.533187,-5.585861151,-1.122664248,-9.771652194,-5.797030634,2
-4.227709055,8.487655804,-7.029709168,-1.045833188,-9.79341476,-6.228256133,2
-4.31822241,8.44984299,-9.037194578,-1.000502475,-9.808694636,-6.33239042,3
-4.449994402,8.426338258,-11.09230155,-0.940275579,-9.873638292,-6.325933709,3
-4.533517935,8.360251864,-13.04490494,-0.909688668,-9.853066334,-5.682624363,3
-4.695696954,8.251784154,-14.72832797,-0.760603647,-9.871165162,-4.992286873,3
-4.832665428,8.148273865,-15.34003484,-0.573917377,-9.909907831,-4.114931822,3
-5.002100834,7.975826427,-16.14685869,-0.387071233,-9.908874662,-2.889881361,3
-5.068696384,7.877812336,-13.27967606,-0.240524539,-9.893646423,-2.940156622,4
-4.997295613,7.943065046,-6.444715235,-0.263210025,-9.885488633,-1.952521462,4
-4.96132815,7.992612903,0.226893112,-0.432419534,-9.847934429,0.594047693,4
-4.98903815,8.030284064,5.245236971,-0.479475704,-9.840882211,3.138240653,4
-5.083138333,8.026768359,8.659339515,-0.57755608,-9.830548181,5.845118303,4
-5.123259343,8.02807978,11.51589363,-0.483840671,-9.866791392,7.670942014,4
-5.114396238,7.97880313,14.54708227,-0.505259342,-9.861317212,9.004871259,4
-4.98008724,8.018230664,17.55874843,-0.659022177,-9.859628618,10.21420654,4
-4.851560739,8.049869573,19.14648689,-0.792175081,-9.823758009,11.47643599,4
-4.678872815,8.136887674,20.02040605,-0.93840339,-9.810486151,12.54522703,4
-4.533716271,8.194236169,20.44850913,-1.06318738,-9.763708459,13.21114602,1
-4.409856333,8.254319746,20.34508166,-1.13331947,-9.747487687,13.39313324,1
-4.268886783,8.300671665,19.71840313,-1.252272002,-9.694290063,13.2086247,1
-4.135380342,8.388117799,19.01033445,-1.366285933,-9.687732511,12.74207885,1
-4.011656833,8.451867552,17.85811579,-1.483164667,-9.657207835,11.52508623,1
-3.900508543,8.47195325,15.65040994,-1.588615232,-9.61791524,9.322885291,1
-3.641503328,8.616910077,13.29784912,-1.848528568,-9.621317927,6.86867933,1
-3.474101298,8.70816182,10.8853632,-1.866206758,-9.680535249,5.112184323,1
-3.394442982,8.770247691,8.200786725,-1.914220271,-9.704488968,3.736278539,1
-3.412247276,8.779581356,5.656714694,-1.837137669,-9.711062141,2.006392056,1
-3.404966007,8.809428084,3.394998115,-1.845893359,-9.695151413,0.604201818,1
-3.410706516,8.809976042,1.395267651,-1.812149313,-9.692044914,-0.712660457,1
-3.431192927,8.811735305,-0.19711043,-1.727371686,-9.681502908,-1.941305985,1
-3.462503642,8.816185738,-1.570582416,-1.690744565,-9.673050084,-3.035820684,1
-3.466290745,8.820736111,-2.59833568,-1.627042119,-9.677929119,-3.809235112,2
-3.519632556,8.804181256,-3.336653918,-1.54246943,-9.690128261,-4.595378622,2
-3.557889092,8.782858972,-4.119788466,-1.498707899,-9.69233671,-5.018409938,2
-3.602461765,8.766821671,-4.949291946,-1.423737283,-9.703364049,-5.1223341,2
-3.658784586,8.736786768,-5.790356402,-1.381237,-9.715154251,-5.246314456,2
-3.758202308,8.688054155,-6.693389821,-1.299106341,-9.719708153,-5.495836919,2
-3.862058597,8.6503658,-7.610150985,-1.245080116,-9.744384875,-5.749976056,2
-3.942864733,8.612559218,-8.701175409,-1.180153017,-9.769715191,-5.799815045,2
-4.069458297,8.546195373,-10.05247208,-1.105502353,-9.771496311,-5.775877145,2
-4.185861687,8.47378657,-11.32473441,-1.013811672,-9.768407361,-5.734622899,2
-4.322509973,8.366422329,-12.40290515,-0.9280125,-9.793810374,-5.837118801,2
-4.452522037,8.272672529,-13.55393363,-0.850604917,-9.803063403,-5.819196263,2
-4.593397965,8.21604486,-14.84410538,-0.782055766,-9.832055382,-5.769161296,3
-4.749963947,8.12647385,-15.73040331,-0.690457953,-9.866563807,-5.893747169,3
-4.951671571,7.9754753,-16.19590792,-0.576688553,-9.922752019,-5.83538169,3
-5.06262268,7.874444555,-16.57348843,-0.531038355,-9.924857389,-5.473852127,3
-5.344902364,7.683272444,-16.9016516,-0.393901438,-9.912329548,-5.380735393,3
-5.444748653,7.496752808,-17.302824,-0.264289853,-9.869598693,-4.315171362,3
-5.429841079,7.31816782,-15.63542591,-0.084508461,-9.881399466,-4.125629515,4
-5.429309086,7.28697441,-8.506528328,0.014361022,-9.847774487,-3.010151183,4
-5.447750236,7.338709651,-0.690885335,0.021687302,-9.844941239,-0.951532649,4
-5.388457392,7.462285195,6.980508478,-0.11720418,-9.823899492,1.945610361,4
-5.390074095,7.556538859,13.03735903,-0.243857862,-9.827764398,6.349392728,4
-5.380518597,7.589321478,17.01754227,-0.293759895,-9.811114258,9.649390175,4
-5.319523784,7.683409921,19.98509695,-0.26949111,-9.810823616,10.762127,4
-5.267332036,7.774646137,21.66918316,-0.357471801,-9.80236859,12.45310406,4
-5.077863254,7.87171087,22.86563555,-0.579776027,-9.761808731,13.69176147,4
-4.998227929,7.94796014,23.18946531,-0.75043173,-9.749218771,14.0898179,4
-4.868754203,8.051432938,22.84748883,-0.847316288,-9.738071959,14.08744334,1
-4.679203789,8.149104461,22.17362551,-1.017154427,-9.704114103,13.67196451,1
-4.575331911,8.222024205,21.3126655,-1.131901413,-9.675718304,12.85289152,1
-4.450944837,8.283338179,19.78207102,-1.265676217,-9.639740903,11.40417371,1
-4.333253027,8.305822854,17.49281774,-1.409602297,-9.602442777,8.925232501,1
-3.995259907,8.506876425,14.84397809,-1.642747549,-9.646756146,6.460159196,1
-3.913314112,8.678473957,12.26228739,-1.664782336,-9.72520425,4.695491175,1
-3.820414653,8.720748418,9.251635657,-1.671354041,-9.699176335,2.563906184,1
-3.800588513,8.723095042,6.469275744,-1.642972141,-9.698769374,0.817462122,1
-3.793743574,8.773921113,3.814414875,-1.665226114,-9.701818103,-0.123867276,1
-3.813374978,8.737344979,1.750622435,-1.636541742,-9.691263313,-1.603932298,1
-3.785122418,8.759809759,-0.025823264,-1.634976187,-9.69370961,-2.42834867,1
-3.813264592,8.755872387,-1.3587894,-1.56625357,-9.716883559,-3.363998285,1
-3.761170725,8.747904861,-2.113235566,-1.577914992,-9.697632256,-4.128961324,1
-3.799990796,8.741780971,-2.906480995,-1.522961074,-9.730994282,-4.644446522,2
-3.838465735,8.725768185,-3.502051461,-1.485847219,-9.725943944,-5.226209266,2
-3.887139403,8.706745214,-4.078219318,-1.42433956,-9.737978699,-5.741784625,2
-3.921811074,8.686232949,-4.687905116,-1.383358791,-9.744631701,-6.232734576,2
-4.005507528,8.644064923,-5.467010789,-1.314962648,-9.736823041,-6.745862526,2
-4.040734183,8.627711342,-6.420400971,-1.286870054,-9.735523848,-6.917626377,2
-4.131418199,8.575714473,-7.362385428,-1.187658074,-9.754416791,-7.613656077,2
-4.186660468,8.563654919,-8.599180524,-1.173464949,-9.736151112,-7.358380744,2
-4.255608083,8.509437617,-9.719195614,-1.038381494,-9.772460938,-7.439106453,2
-4.390677166,8.422431794,-10.98385001,-0.982001352,-9.784896438,-7.149498133,2
-4.518979031,8.318177154,-12.01020464,-0.860084401,-9.797457569,-7.309884785,2
-4.67384335,8.219540882,-12.95483816,-0.784215579,-9.824008807,-7.38979414,3
-4.793451948,8.124520537,-13.91595484,-0.72809402,-9.846259552,-7.303568522,3
-4.960686203,8.041921313,-14.8135054,-0.639541725,-9.876024349,-6.949271891,3
-5.071050423,7.907260625,-15.35857211,-0.543193645,-9.90104563,-6.624498616,3
-5.313111873,7.714731413,-15.73056531,-0.386326859,-9.906200837,-6.457463413,3
-5.491950936,7.544634559,-15.61143715,-0.278952625,-9.8927054,-5.953609136,4
-5.653301613,7.351008023,-15.12356206,-0.125026696,-9.920927169,-5.507889846,4
-5.812486867,7.184093844,-14.7345049,-0.076593894,-9.872181035,-4.806079855,4
-5.733500833,7.070677602,-12.88910485,0.081147741,-9.886619392,-3.904588164,4
-5.669243278,7.126674698,-5.799430006,0.072825171,-9.856317578,-2.3187161,4
-5.546898093,7.228048053,1.807683757,-0.105324212,-9.791436437,0.526868629,4
-5.587455358,7.303103707,8.716390221,-0.25808061,-9.75797908,4.227294987,4
-5.57868836,7.425724024,14.4997918,-0.409464919,-9.769019321,7.482662261,4
-5.569401024,7.513784985,18.66142947,-0.527924348,-9.761337522,10.557384,4
-5.544039973,7.579122708,22.11850339,-0.62440924,-9.775042756,12.23983565,4
-5.480348736,7.699438224,25.15232196,-0.694816756,-9.811314534,13.45015776,4
-5.355493484,7.8172983,26.09866235,-0.83444608,-9.802126121,14.26329472,4
-5.188965565,7.912911115,25.82755863,-0.981429502,-9.796341616,14.45178519,4
-5.046762278,7.993258532,25.06746542,-1.056027072,-9.780801995,14.17451213,1
-4.883343944,8.063698823,24.03648247,-1.133951336,-9.771651669,13.46775917,1
-4.784340837,8.12822824,22.33650345,-1.203684955,-9.752575673,11.97007022,1
-4.710721755,8.168448971,19.83276555,-1.299039955,-9.742769038,9.491539688,1
-4.390862914,8.418505388,17.3698419,-1.536655506,-9.871314213,7.205664263,1
-4.282460289,8.464221913,14.4900932,-1.459604025,-9.843567555,5.686013632,1
-4.183375278,8.488802956,11.52662701,-1.584435888,-9.824096029,4.165957514,1
-4.132047327,8.532670586,8.900636073,-1.532486627,-9.857563916,2.461244615,1
-4.10837715,8.54811916,6.455542197,-1.510261933,-9.817307424,0.887880548,1
-4.0550735,8.587423632,4.383217431,-1.512631226,-9.823549908,-0.398773268,1
-4.053326807,8.583564431,2.627603809,-1.44431396,-9.810837152,-1.459602823,1
-4.04171799,8.600687524,1.221229589,-1.410294017,-9.811733595,-2.184637169,1
-4.031956064,8.617553131,0.18357779,-1.370617353,-9.812649612,-2.752200164,1
-4.054160053,8.616330613,-0.616645316,-1.330951909,-9.827612453,-3.177510905,1
-4.06907325,8.597885839,-1.28678782,-1.29885677,-9.826325647,-3.622815861,1
-4.097433743,8.578615554,-2.042444652,-1.251549311,-9.830188473,-3.943762176,2
-4.129091643,8.566990617,-2.679366324,-1.212075876,-9.83364394,-4.249774014,2
-4.185966169,8.548173014,-3.37465952,-1.123500591,-9.838355231,-4.291980868,2
-4.255192795,8.509303919,-3.860276754,-1.092051916,-9.835511726,-4.713406312,2
-4.28452942,8.490968638,-4.528855004,-1.060936083,-9.824825911,-4.953913243,2
-4.339623479,8.469150885,-5.275102135,-1.01251783,-9.832605252,-5.472315046,2
-4.385441338,8.445791982,-6.060185614,-0.969667831,-9.829902286,-5.985775644,2
-4.451657139,8.411561976,-6.987871983,-0.912305698,-9.838987796,-6.520445408,2
-4.523381984,8.386418876,-8.176033775,-0.890709878,-9.846624502,-6.730230005,3
-4.604154023,8.359717311,-9.262006015,-0.834279679,-9.885484081,-6.582139927,3
-4.695332652,8.306775014,-10.71338426,-0.763052429,-9.892509709,-6.045333421,3
-4.81346427,8.208959005,-11.75635393,-0.646271423,-9.908586163,-5.645299856,3
-4.950870971,8.12491517,-12.57446303,-0.628980189,-9.914341558,-5.030408038,3
-5.081825884,7.983214575,-13.10188466,-0.488740173,-9.919332571,-4.669628254,3
-5.19731876,7.883160759,-13.29793912,-0.427695057,-9.905138076,-4.264288102,3
-5.344026885,7.744339902,-13.48868021,-0.327681357,-9.927094888,-3.636984596,3
-5.534881778,7.585408702,-13.64812845,-0.273848518,-9.924397216,-2.747034179,3
-5.68860543,7.458023246,-13.98842751,-0.213232836,-9.942995899,-1.086021975,3
-5.789689902,7.308535976,-15.1395466,-0.127337394,-9.892812999,0.98044477,3
-5.764483271,7.226687586,-8.91763099,-0.015314047,-9.906375747,1.318448377,4
-5.633989159,7.332226951,0.863417571,-0.112984334,-9.838469419,1.384603739,4
-5.659290273,7.530108113,9.853203745,-0.371547075,-9.826032321,3.877328206,4
-5.687386546,7.619634477,16.77405843,-0.516323606,-9.832797885,7.264258253,4
-5.657461597,7.645425667,22.06068774,-0.480058956,-9.836784895,9.709468841,4
-5.585295031,7.6870734,25.88554836,-0.620732489,-9.812143538,12.46884625,4
-5.385491054,7.79217757,27.86597696,-0.764795326,-9.790197544,14.37752773,4
-5.241949769,7.873838599,28.44342212,-0.887866571,-9.755262119,15.43278261,4
-5.063719636,7.959925186,28.30328354,-1.002847428,-9.724471606,15.89084149,4
-4.920395968,8.040640986,27.70685563,-1.122188863,-9.711117061,15.73147636,1
-4.760606367,8.096539853,26.65155889,-1.236956059,-9.679849317,15.08329767,1
-4.605764198,8.16688068,25.0967354,-1.35305823,-9.635263791,14.0417075,1
-4.501062133,8.229914258,23.07391305,-1.420607196,-9.615325182,12.25382908,1
-4.384939526,8.287285362,20.25146229,-1.507996618,-9.582656135,9.798051216,1
-4.184100462,8.482375666,16.98194901,-1.725539512,-9.629972295,7.364567333,1
-4.018081072,8.620886668,14.30577098,-1.736650723,-9.663998327,6.028286545,1
-3.913139119,8.646646875,11.98710757,-1.783356841,-9.654814653,4.274350546,1
-3.859686796,8.680160272,9.708633519,-1.763815896,-9.713098179,2.894379998,1
-3.831302784,8.716167982,7.385775934,-1.7602771,-9.70905708,1.71402317,1
-3.797051001,8.729412143,5.257359424,-1.731717348,-9.693588635,0.55786172,1
-3.74531128,8.769149677,3.478114776,-1.773289112,-9.685595959,-0.611442358,1
-3.742454801,8.763824876,2.000474177,-1.665400419,-9.709999567,-1.886414036,1
-3.694347456,8.781448254,0.633438594,-1.690714521,-9.685507094,-2.850391979,1
-3.658958259,8.807276627,-0.807019934,-1.664345496,-9.683963715,-3.182883288,1
-3.71581148,8.784583778,-1.903855807,-1.572668027,-9.694523,-3.793738074,1
-3.762338739,8.770070845,-2.853783878,-1.528966783,-9.707434345,-4.105543463,1
-3.800225469,8.736161404,-3.473646772,-1.462079965,-9.717322892,-4.410460067,2
-3.842036388,8.719735113,-3.983615257,-1.418720074,-9.721657671,-4.545023601,2
-3.888139504,8.701026984,-4.406738488,-1.380443245,-9.737166866,-4.977293704,2
-3.941918382,8.670443542,-5.095370804,-1.322836246,-9.743249232,-5.044158274,2
-4.017291504,8.623692062,-5.903579765,-1.247858979,-9.744649118,-5.300881483,2
-4.073884869,8.591752672,-6.875734498,-1.203559943,-9.752660382,-5.368037471,2
-4.149629092,8.542486544,-7.939073278,-1.116474316,-9.761474996,-5.515261238,2
-4.258474941,8.475930611,-8.822418975,-1.016353625,-9.783666332,-5.778069878,2
-4.393669124,8.403809842,-9.535503067,-0.923920253,-9.796697229,-6.147448219,2
-4.516008917,8.325473361,-10.27865504,-0.848571625,-9.809191507,-6.609007548,2
-4.626798813,8.252236911,-11.08369332,-0.76893203,-9.809493661,-7.114526542,2
-4.744949904,8.186340356,-12.02407488,-0.695880157,-9.835495108,-7.574716509,2
-4.876061973,8.1280852,-13.07509374,-0.619946512,-9.880300986,-7.629933635,3
-4.975646906,8.047046435,-14.1962677,-0.561738009,-9.886806757,-7.310020276,3
-5.129850466,7.936757872,-15.33335882,-0.477469538,-9.847140394,-6.732779602,3
-5.265441744,7.820322455,-16.01892448,-0.42916037,-9.858299018,-5.744594748,3
-5.414884915,7.668836338,-16.65638003,-0.276132557,-9.884474291,-4.568915222,3
-5.62887196,7.421297233,-17.52552252,-0.090124618,-9.864054164,-3.645114329,3
-5.566516197,7.276928748,-13.34172087,0.116506655,-9.906688983,-3.280148917,4
-5.53596536,7.324563892,-5.421393066,0.129340884,-9.85544062,-2.004641467,4
-5.530940257,7.432070281,2.640429603,0.02700707,-9.844860203,0.400282948,4
-5.535984341,7.531720257,9.809335343,-0.091499708,-9.850633803,3.48210838,4
-5.477727543,7.665643264,16.17772944,-0.253027701,-9.829611127,7.019441933,4
-5.412508302,7.784768298,20.74719667,-0.358602714,-9.821959298,9.959911768,4
-5.349508763,7.824826125,24.47627357,-0.395812651,-9.817689277,12.76109883,4
-5.292870908,7.86375681,26.32791464,-0.464736144,-9.811592972,14.56979048,4
-5.162373842,7.928132059,26.94688284,-0.618175631,-9.770744313,15.13072404,1
-4.951213607,8.027050529,26.64986205,-0.770666173,-9.762560529,15.28211275,1
-4.779987364,8.10401968,25.60973581,-0.896394714,-9.73293152,14.77892186,1
-4.656538701,8.167716575,24.27771143,-0.981672196,-9.716843985,13.90069567,1
-4.470906497,8.261246744,22.63355297,-1.154063961,-9.687463545,12.94454181,1
-4.244986562,8.371990647,20.81778436,-1.367215785,-9.648617201,11.53654749,1
-4.122700219,8.382858458,18.22119313,-1.459873744,-9.584086993,9.206940503,1
-3.805507163,8.607109613,16.1721403,-1.682420107,-9.674798426,7.712467231,1
-3.743085198,8.728147565,13.65249562,-1.683323217,-9.719856679,5.847890641,1
-3.656202494,8.771318688,11.32669262,-1.732410071,-9.707971629,4.289480154,1
-3.616594175,8.795624323,9.154792622,-1.739644785,-9.718214879,2.646760874,1
-3.511058557,8.835727344,7.00408966,-1.792936431,-9.69575945,1.581866157,1
-3.483705418,8.85038417,4.914926972,-1.771446899,-9.705784592,0.433811974,1
-3.438259339,8.87437436,3.221057686,-1.772399213,-9.680085742,-0.409027805,1
-3.438948671,8.885423996,1.71445568,-1.731983313,-9.680921659,-1.142357611,1
-3.446061835,8.881024303,0.465382167,-1.715475254,-9.68053411,-1.829434708,1
-3.462921551,8.876209623,-0.673065838,-1.64969512,-9.685315585,-2.208526375,2
-3.501207205,8.867266031,-1.466195002,-1.605421458,-9.692279726,-2.651351151,2
-3.533415237,8.845265861,-2.021920342,-1.537298061,-9.701362368,-2.873617916,2
-3.590570271,8.806772655,-2.558850335,-1.488573542,-9.700968961,-3.183735495,2
-3.626858299,8.793231158,-3.080195458,-1.442943256,-9.712915093,-3.29186896,2
-3.69601101,8.766075126,-3.554187797,-1.395217835,-9.723849674,-3.468958409,2
-3.72099204,8.757988913,-4.04550168,-1.382631338,-9.721057013,-3.544614924,2
-3.746139235,8.727827633,-5.055675241,-1.37967107,-9.714471418,-3.609882126,2
-3.808383559,8.69168048,-6.411851048,-1.372850843,-9.711120278,-3.442912394,2
-3.915363613,8.634817527,-7.693641911,-1.249882008,-9.755684297,-3.78153164,2
-4.033382093,8.571992494,-8.788668129,-1.128917866,-9.77139424,-4.190989266,2
-4.165461293,8.492136908,-9.405105173,-1.022765319,-9.791225194,-4.71386041,2
-4.28200526,8.437198125,-10.1110497,-0.991795903,-9.799165739,-5.109806559,3
-4.378491929,8.370326772,-10.9746835,-0.93673408,-9.80768043,-4.782103915,3
-4.522239119,8.282791486,-11.73440742,-0.841378901,-9.803872405,-4.546764947,3
-4.651406039,8.174378849,-12.47447247,-0.729630229,-9.826966496,-4.004882444,3
-4.825394115,8.048786153,-12.78985354,-0.60146424,-9.860793057,-4.27661607,3
-4.969739822,7.896142878,-12.8651582,-0.513284509,-9.861476676,-4.738778256,3
-5.145059002,7.773856615,-12.64995463,-0.422974085,-9.890952202,-5.012899449,3
-5.277633798,7.670676581,-12.3459437,-0.385071188,-9.87166906,-4.837537242,3
-5.377650994,7.597127255,-12.16056951,-0.368028883,-9.889803753,-3.855021389,3
-5.458998598,7.486358657,-11.86557114,-0.351940231,-9.855943365,-1.860607575,4
-5.580331097,7.408130838,-12.60653429,-0.259508319,-9.885077706,0.190722811,4
-5.540307864,7.318551427,-9.064347641,-0.212062235,-9.891194556,1.393247304,4
-5.46797487,7.33853716,-2.181957175,-0.196541503,-9.877818792,2.736529512,4
-5.584982036,7.417232652,5.380378898,-0.15467561,-9.899995478,3.716686968,4
-5.649947884,7.498052812,12.23281843,-0.309440756,-9.875525343,5.826615102,4
-5.611783081,7.602993209,16.7998356,-0.517959837,-9.860519877,7.901996136,4
-5.546720999,7.642805233,19.81186292,-0.571449159,-9.843919433,10.14177456,4
-5.488310753,7.716109813,21.67064345,-0.61342867,-9.819515015,11.268152,4
-5.375718686,7.747076686,23.30906855,-0.681121871,-9.790074844,12.54074136,4
-5.200236269,7.829335883,24.35355738,-0.828501179,-9.767928953,13.32467156,1
-4.991053399,7.92315183,24.7628081,-0.959660899,-9.721817633,14.07594273,1
-4.776161014,8.041722723,24.70533394,-1.136759014,-9.709337299,14.46736545,1
-4.562867155,8.131765179,24.32576285,-1.292273528,-9.659013106,14.5159102,1
-4.405545191,8.201137607,23.67884067,-1.417945527,-9.617420766,14.21956118,1
-4.243423846,8.251731267,22.34089868,-1.561076782,-9.551258572,13.23271374,1
-4.107522462,8.291003635,20.2590742,-1.707437333,-9.493300625,11.18358639,1
-4.046480831,8.301922309,17.09983065,-1.818004685,-9.551577993,8.538205575,1
-3.849050074,8.547809357,14.8466216,-1.966654604,-9.604892218,7.243235221,1
-3.934132313,8.53865765,12.58066341,-1.823887244,-9.606103244,5.14297351,1
-3.760382526,8.631029203,10.42547235,-1.927029094,-9.59780514,3.936426576,1
-3.712744673,8.658233368,8.63361392,-1.91886553,-9.62722287,2.586900277,1
-3.642099598,8.709229519,6.84566082,-1.955111558,-9.603287457,1.433515536,1
-3.575508258,8.747397385,5.114506271,-1.978086743,-9.605226449,0.535028291,1
-3.544582665,8.7769234,3.605332279,-1.996760442,-9.607818567,-0.430630149,1
-3.512163325,8.800942081,2.142754443,-1.975172344,-9.612502079,-1.19285258,1
-3.532435248,8.793547462,0.912487201,-1.898330066,-9.632935543,-1.99088448,1
-3.531591575,8.804793409,-0.211855838,-1.870524523,-9.619227541,-2.579505575,1
-3.51747573,8.813748474,-1.159684742,-1.833384352,-9.642028855,-2.719526345,1
-3.568186613,8.801311547,-1.859044815,-1.812145133,-9.65352574,-3.087359643,1
-3.590344659,8.800907137,-2.413532559,-1.762361155,-9.657571612,-3.396476084,2
-3.610514571,8.788604808,-2.948808824,-1.721585603,-9.668368344,-3.456486581,2
-3.656960771,8.764633612,-3.443772613,-1.673800615,-9.673396307,-3.64819071,2
-3.71035897,8.759213144,-3.849887786,-1.620008087,-9.679499781,-3.944139865,2
-3.745706644,8.740896408,-4.208204837,-1.564963566,-9.69151873,-4.267511802,2
-3.807355642,8.717459331,-4.561572054,-1.506800154,-9.702755196,-4.696987453,2
-3.808175506,8.71604534,-5.225222899,-1.500120409,-9.692217332,-4.903297239,2
-3.876980341,8.6807432,-6.15461805,-1.45007537,-9.704187678,-5.381780988,2
-4.004356122,8.627242142,-7.258944051,-1.362371939,-9.704935247,-6.183264382,2
-4.07831412,8.590005771,-8.535752872,-1.340778962,-9.70493272,-6.604245615,2
-4.188763357,8.531890704,-10.02696264,-1.241720291,-9.730883129,-6.783739201,2
-4.310960398,8.477247425,-11.45387099,-1.160255637,-9.748207732,-6.662961184,2
-4.445231519,8.425382288,-12.86636111,-1.067494249,-9.764170623,-6.49640214,3
-4.616899292,8.319922388,-14.05576202,-0.951467983,-9.797253409,-6.384396856,3
-4.757361161,8.229199928,-15.07832101,-0.885860449,-9.814777333,-6.087458603,3
-4.908707994,8.105337816,-15.9657618,-0.798727339,-9.827419437,-5.15370447,3
-5.098366121,7.973640648,-16.62803679,-0.688274672,-9.848668773,-4.270807514,3
-5.315813883,7.790896282,-16.57266902,-0.572387262,-9.877964975,-3.495061366,3
-5.499464955,7.616464268,-16.96694736,-0.483372795,-9.869113515,-2.865683661,3
-5.591352854,7.510671649,-17.08074667,-0.419481731,-9.89520821,-2.145654144,3
-5.663619625,7.415819257,-14.13339254,-0.373934639,-9.917577688,-1.479952129,4
-5.568606505,7.469219937,-7.299972325,-0.420979543,-9.887130831,0.096084228,4
-5.555065556,7.568789404,0.495730079,-0.490992336,-9.893036077,2.57335561,4
-5.533443509,7.653537304,7.988045683,-0.562681904,-9.888035474,5.598641576,4
-5.459998688,7.761760048,14.95036037,-0.610765673,-9.931914715,9.638433225,4
-5.439733843,7.812824031,21.10226819,-0.664447849,-9.915186473,11.67178175,4
-5.359296621,7.932966314,25.92929248,-0.82156363,-9.900950161,14.27260868,4
-5.251129163,7.974520717,28.67925001,-0.905867708,-9.852179698,16.43837356,4
-5.11625746,8.003315979,29.09447253,-1.037134336,-9.788503184,16.94023946,1
-4.973566045,8.027197035,28.07102566,-1.136629958,-9.734194006,16.16866177,1
-4.805171059,8.101584752,25.9732772,-1.232453704,-9.687239458,14.51798125,1
-4.655454977,8.179936314,22.87067197,-1.367008143,-9.656668946,11.89741295,1
-4.480882339,8.24827688,18.62398769,-1.537849681,-9.615463029,8.370100619,1
-4.316038447,8.33149638,14.35625375,-1.815486273,-9.708885863,5.386845517,1
-4.126855265,8.498924634,11.62452177,-1.948557028,-9.630611946,4.90500921,1
-4.154727231,8.532391269,9.44167584,-1.822399273,-9.626563443,2.139895416,1
-4.058502636,8.616675738,6.790988078,-1.945667613,-9.62410343,0.912794541,1
-3.930120091,8.675521257,4.562713937,-1.92951015,-9.628194347,-0.325810743,1
-3.879225241,8.699439122,2.35781691,-1.942383719,-9.608871862,-1.441557705,1
-3.881133377,8.730762504,-0.088975503,-1.802755219,-9.682460383,-2.299393787,1
-3.898504536,8.748356165,-1.385544315,-1.721394891,-9.688441366,-3.398410979,1
-3.870476968,8.751711115,-2.521208468,-1.680246901,-9.684680611,-4.060799123,1
-3.864303729,8.752899238,-3.253123785,-1.60468016,-9.689659749,-4.68204986,2
-3.867806808,8.750892559,-3.8112252,-1.551490849,-9.695172023,-4.859033118,2
-3.878797511,8.759148236,-4.093579898,-1.505661197,-9.697052102,-5.091052548,2
-3.886578713,8.759930107,-4.503086803,-1.50201718,-9.705512299,-4.983121232,2
-3.926430679,8.739618288,-4.94305422,-1.440781706,-9.711785039,-5.124608917,2
-3.957687025,8.721174406,-5.384676953,-1.410420922,-9.716636227,-5.322946978,2
-3.972801991,8.70969858,-6.069246044,-1.369566952,-9.721405391,-5.375752071,2
-4.022471841,8.685175162,-6.656596066,-1.321942459,-9.72259074,-5.759402048,2
-4.038045221,8.679472233,-7.703405939,-1.311944279,-9.718710998,-5.709286292,2
-4.101704548,8.630184541,-8.9661796,-1.233623439,-9.731840138,-6.117912106,2
-4.199486087,8.559088147,-10.3474104,-1.144580553,-9.743413089,-6.540664519,2
-4.309138723,8.499712623,-11.82349173,-1.085572904,-9.756960362,-6.544490154,2
-4.430045471,8.423159906,-13.27400617,-0.961589188,-9.78794067,-6.353854923,2
-4.605351752,8.300932525,-14.51783066,-0.841312899,-9.810435322,-6.226294788,3
-4.732458952,8.225396973,-15.49937954,-0.762067941,-9.823593917,-5.616791146,3
-4.883478616,8.078167765,-16.1959916,-0.674109507,-9.818671921,-4.364495548,3
-5.016482964,7.980816834,-16.64956258,-0.610426361,-9.842049482,-2.950343979,3
-5.188603097,7.843587657,-17.30953925,-0.586350248,-9.839355147,-0.960190842,3
-5.389187045,7.72238487,-18.2980843,-0.528770277,-9.825223723,1.78105366,3
-5.334018653,7.65645813,-15.1125307,-0.545938928,-9.893533633,4.528606122,4
-5.228977685,7.644624761,-7.322784959,-0.587397046,-9.907828827,7.098274881,4
-5.311275681,7.721473886,3.542055027,-0.618050697,-9.879575386,8.516177447,4
-5.368186118,7.821922417,13.69656843,-0.785746942,-9.807101036,9.993263788,4
-5.369018286,7.949655664,21.53992545,-0.955852561,-9.795615043,12.15401309,4
-5.282663548,8.008126795,25.51591233,-1.163905499,-9.766016263,15.52214699,4
-5.154623558,7.998649676,27.5502081,-1.24369116,-9.714028376,17.3358573,4
-5.016604485,8.046527149,28.75220486,-1.293420778,-9.673764296,17.92582134,4
-4.841276896,8.105316124,28.78617504,-1.521582194,-9.595984405,17.39654538,1
-4.600752527,8.177813348,27.32682409,-1.70745579,-9.542674437,15.93563554,1
-4.440262641,8.233510583,25.20103363,-1.854106425,-9.49260136,13.62361328,1
-4.372833743,8.244898971,21.46076772,-1.926054787,-9.454439174,9.895007852,1
-4.128748833,8.528790427,18.47958889,-2.07086558,-9.498802035,7.835688004,1
-4.106930064,8.52609866,15.27923835,-1.924119356,-9.496710325,5.057098627,1
-3.976018182,8.645318564,12.03640775,-2.039674187,-9.473634069,3.162245099,1
-3.890337183,8.679074312,9.21579872,-2.000951955,-9.476142476,1.286943008,1
-3.797608702,8.708060524,6.747702916,-2.043855997,-9.484644539,-0.226857113,1
-3.802258518,8.746382433,4.175546468,-1.981714445,-9.490644676,-1.630678316,1
-3.805592441,8.74698224,2.356960463,-1.925566973,-9.511529684,-3.183510309,1
-3.799902515,8.745906336,0.800319837,-1.868632569,-9.509856331,-4.285565887,1
-3.831602747,8.731183698,-0.36490106,-1.79194602,-9.539544357,-5.226962793,2
-3.867396125,8.724823508,-1.41154456,-1.725006197,-9.564883545,-5.876599545,2
-3.909120448,8.716539306,-2.190371646,-1.602413521,-9.615227244,-6.451159682,2
-3.913836393,8.717757109,-2.724778749,-1.587482605,-9.623091424,-7.062322662,2
-3.919180545,8.702762823,-3.455858427,-1.521384401,-9.634730107,-7.444948343,2
-3.993773844,8.672456052,-4.278915981,-1.422258001,-9.65379437,-7.778324935,2
-4.019320953,8.658774393,-5.144253196,-1.373073572,-9.67161747,-7.998603533,2
-4.07188538,8.635462072,-6.133557404,-1.29139645,-9.687344977,-8.246264328,2
-4.140823451,8.610316223,-7.330648329,-1.24995229,-9.696748892,-8.61439535,2
-4.182282173,8.588911751,-8.893858252,-1.178784837,-9.710138812,-8.485199289,2
-4.284715676,8.514033679,-10.82667009,-1.101183733,-9.741985184,-8.25265572,3
-4.432619685,8.459539795,-12.7136174,-1.037753327,-9.751884479,-8.078465075,3
-4.538395109,8.405865921,-14.42407239,-0.966138576,-9.785143655,-7.791438623,3
-4.680538732,8.325291302,-16.16920101,-0.905109399,-9.778828118,-7.376073998,3
-4.831899105,8.21161779,-17.92042048,-0.812982163,-9.818828202,-6.478628334,3
-5.064668638,8.04416494,-19.0420481,-0.671050437,-9.812579813,-5.162276258,3
-5.335981982,7.90733184,-20.28784511,-0.506327258,-9.808063136,-2.827944848,3
-5.250686937,7.848068983,-15.14537072,-0.459568527,-9.833300417,-1.666317681,4
-5.247790099,7.913231766,-7.24272166,-0.558633198,-9.824473165,0.559124843,4
-5.311795289,7.989739431,-0.487370627,-0.705569914,-9.863761717,3.884922157,4
-5.36571032,8.042951109,5.130307858,-0.775915261,-9.88700945,7.328478924,4
-5.361637817,8.06245922,10.33456835,-0.864204409,-9.881543906,9.659736591,4
-5.411450593,8.029571089,14.53194107,-0.922351519,-9.843467157,11.42993444,4
-5.056804524,8.206056608,17.69012766,-0.858483716,-9.861255696,12.19230548,4
-5.031225117,8.198267512,19.50922148,-1.009123916,-9.844529411,12.80719203,4
-4.967173866,8.231979988,19.79626121,-1.10218189,-9.80823897,12.25750594,4
-4.814704351,8.323352683,19.98663073,-1.227759847,-9.773921507,11.8265565,4
-4.609890172,8.425844674,20.09904128,-1.379999659,-9.744643959,11.46240669,4
-4.41692946,8.50459597,20.40827935,-1.455146977,-9.739172588,11.30624223,4
-4.302777109,8.529977689,20.63827679,-1.572397451,-9.6568226,10.45690993,4
-4.303842388,8.507490754,17.92224203,-1.667752097,-9.598928321,7.656182991,1
-3.92271687,8.815826414,15.53353418,-1.967560446,-9.735824955,5.909512975,1
-4.052492614,8.739424414,12.20460911,-1.732301717,-9.710976057,4.299406901,1
-3.919591363,8.80259241,9.37950664,-1.879439057,-9.668260863,2.761342888,1
-3.912636596,8.898667626,6.308679963,-1.809686714,-9.694416548,1.52954598,1
-3.836225795,8.91561755,4.502216513,-1.75110012,-9.680135072,-0.128695297,1
-3.813421878,8.929281747,2.608718746,-1.768964344,-9.696555027,-1.444533222,2
-3.818600915,8.925533864,1.003401758,-1.718718292,-9.699903792,-2.643908882,2
-3.82461182,8.90316941,-0.319085177,-1.670262679,-9.707944523,-3.564034513,2
-3.856885588,8.882728592,-1.446197519,-1.613894781,-9.716319067,-4.373592183,2
-3.853389738,8.880063106,-2.493969688,-1.591591806,-9.723524903,-4.983419486,2
-3.861967793,8.876480047,-3.51674089,-1.563648648,-9.731040972,-5.725901255,2
-3.877157517,8.865336635,-4.669124048,-1.537135025,-9.733859156,-6.141889358,2
-3.883330891,8.842916523,-5.546309995,-1.478912898,-9.746469705,-6.336583101,2
-3.975767466,8.80434246,-6.734942869,-1.395878669,-9.772599525,-6.986994637,2
-4.052521939,8.759083252,-8.174513041,-1.308274474,-9.789390432,-7.23892392,2
-4.107211337,8.692220688,-9.51042709,-1.234089366,-9.797684237,-7.62544999,2
-4.244303913,8.643272062,-11.02858188,-1.161538631,-9.820713586,-7.791109685,2
-4.342621607,8.549579402,-12.50005253,-1.085839691,-9.822837501,-7.898797234,2
-4.485119037,8.484432164,-14.01033147,-1.044918651,-9.832305022,-7.451607847,3
-4.607506151,8.417213447,-15.31648671,-0.952885727,-9.872564476,-6.966973834,3
-4.786378635,8.248845263,-16.31607521,-0.822187058,-9.857673839,-6.753800208,3
-4.921651911,8.106480246,-16.8780573,-0.738653798,-9.86588654,-6.357313042,3
-5.086229161,7.96559016,-17.19384235,-0.660325092,-9.864679827,-5.116907733,3
-5.277267338,7.802931913,-17.27051811,-0.593019066,-9.878203691,-2.843147826,3
-5.417367625,7.624988561,-17.817549,-0.493309033,-9.852190715,-0.280318435,3
-5.32295516,7.460188787,-14.55946882,-0.397440705,-9.919290515,0.61312633,4
-5.210607037,7.490281528,-6.624432253,-0.478182452,-9.885147078,1.540294613,4
-5.224036348,7.602040705,2.238916302,-0.524207671,-9.859149675,2.630617795,4
-5.314761416,7.765521636,9.865102496,-0.66699486,-9.893452874,4.992551019,4
-5.4146216,7.949845524,14.50083451,-0.904686776,-9.90370064,8.482709116,4
-5.301215594,8.034646747,18.2377212,-0.914449735,-9.901123179,10.35784857,4
-5.177267454,8.09226078,21.77552778,-1.015463926,-9.807372234,11.89136485,4
-5.091238438,8.085177749,24.46262339,-1.062360559,-9.720114548,12.94754675,4
-4.942927794,8.127032203,26.13782933,-1.205650683,-9.687793412,14.31246289,4
-4.772318928,8.19811562,26.7532783,-1.349431991,-9.670981552,14.60702749,1
-4.629573704,8.255062988,25.91155855,-1.439039191,-9.621517816,14.0966268,1
-4.550755102,8.26099554,24.64879451,-1.54525823,-9.601305085,12.87241045,1
-4.41113385,8.305432048,22.4723474,-1.653212891,-9.552714574,10.97340022,1
-4.318167796,8.334349881,19.51024713,-1.758503684,-9.517263348,8.365545257,1
-3.806657519,8.657308992,17.95096622,-2.095580411,-9.672102385,6.626336982,1
-3.756786334,8.698311547,15.10043913,-2.011756364,-9.667690768,4.821047772,1
-3.629108268,8.766961867,12.28548821,-2.110071096,-9.633249165,3.30316365,1
-3.620957608,8.808852997,9.521678693,-1.983296006,-9.692001459,1.570182313,1
-3.540389258,8.81162061,7.307850194,-2.072318741,-9.654963957,0.061783991,1
-3.479640323,8.836341936,5.253052316,-2.03505628,-9.661643964,-1.0881377,1
-3.450279957,8.849010343,3.450742926,-1.998193418,-9.650821036,-2.068323972,1
-3.478789302,8.86093192,1.719577786,-1.903875441,-9.670318501,-2.728892765,1
-3.500922267,8.85921787,0.288376637,-1.881086472,-9.668906664,-3.517322427,1
-3.492699934,8.834780091,-0.744670256,-1.874043494,-9.675692114,-3.900767806,2
-3.455397134,8.860721407,-1.834141129,-1.775026648,-9.622960124,-4.445017104,2
-3.55675547,8.86034598,-2.632145724,-1.681365104,-9.693059544,-5.221060995,2
-3.575682983,8.852902795,-3.945931135,-1.683739752,-9.685179251,-5.130494267,2
-3.672171787,8.820381102,-5.41707257,-1.550896275,-9.720131382,-5.504779575,2
-3.782018703,8.766751704,-6.94889876,-1.454680577,-9.735506136,-5.853703939,2
-3.929527472,8.743268001,-8.206156392,-1.35373991,-9.752295954,-6.482405446,2
-4.026672145,8.683436167,-9.445636306,-1.267398335,-9.767291258,-6.568006733,2
-4.16690388,8.582608353,-10.4554093,-1.148255384,-9.780842687,-6.778171827,2
-4.2781322,8.529027574,-11.36814943,-1.077629796,-9.78587411,-6.797330479,2
-4.347359524,8.460698043,-12.41766499,-1.0242279,-9.789720667,-6.521192243,2
-4.455957971,8.415054133,-13.87966352,-1.01381637,-9.771338774,-5.899940129,3
-4.61211952,8.32811404,-15.37164961,-0.923730398,-9.811904382,-5.059357205,3
-4.796926554,8.218777059,-16.85590815,-0.852290944,-9.839307605,-4.430458631,3
-5.002435106,8.050312557,-17.63954155,-0.765628752,-9.850118877,-3.788859793,3
-5.165416037,7.899206568,-17.49249193,-0.675256279,-9.889686193,-2.919320696,3
-5.298068358,7.781474957,-17.22438234,-0.653272304,-9.864406446,-1.563493244,4
-5.43790552,7.653716635,-16.90518246,-0.637161945,-9.86150356,0.186861814,4
-5.580796755,7.451897294,-16.73640392,-0.586717378,-9.853256189,1.800909723,4
-5.501307463,7.250201879,-13.52784917,-0.415170705,-9.882409604,1.960824595,4
-5.449283023,7.329426638,-3.702459461,-0.451347663,-9.83274193,1.556005145,4
-5.391527049,7.513851267,6.153311984,-0.59038329,-9.796205732,2.023927084,4
-5.329737604,7.752436963,13.76754364,-0.78146914,-9.809978988,4.560958968,4
-5.409294586,7.853519501,18.90569276,-0.861057528,-9.77850982,8.191470921,4
-5.335203517,7.898453689,23.18232256,-0.904289881,-9.776678859,11.5563158,4
-5.090501581,8.007955268,25.50017167,-1.062469303,-9.725945199,13.88253139,4
-4.980427674,8.094818524,26.52171655,-1.177929105,-9.699401427,15.25313466,1
-4.836369695,8.170181401,26.34923341,-1.312214447,-9.674585765,15.21972682,1
-4.650330501,8.247418295,25.06641891,-1.456228144,-9.628160703,14.22687237,1
-4.470480078,8.316275486,23.03215924,-1.577928533,-9.592317922,12.69416644,1
-4.235469363,8.375739803,20.50101265,-1.689835248,-9.546962346,10.89418078,1
-4.053557907,8.437022092,17.78745719,-1.828592449,-9.487959185,8.383870533,1
-3.541895053,8.782990526,15.91168035,-2.171783372,-9.550481116,6.645456028,1
-3.561478296,8.922505419,13.13928167,-2.015193656,-9.662786559,4.883128867,1
-3.464051254,8.98910752,10.19471689,-2.096840056,-9.637626909,3.074604007,1
-3.38270915,8.974450466,7.794516358,-2.056656239,-9.657749558,1.334647819,1
-3.336200595,9.013666363,5.334512044,-2.035455169,-9.641880506,0.144077345,1
-3.349535469,9.017751788,3.240300285,-1.964508196,-9.659154332,-1.252104092,1
-3.345245892,9.008477945,1.6579397,-1.909480922,-9.65885901,-2.482882494,1
-3.352458406,8.999106441,0.410062086,-1.831537828,-9.664895752,-3.293288914,2
-3.384998254,8.980836839,-0.624449866,-1.760072006,-9.66734409,-3.780726776,2
-3.397104603,8.972017906,-1.429684828,-1.741813193,-9.677114912,-4.202654436,2
-3.365635776,8.984114484,-2.488962855,-1.767296297,-9.673857748,-4.154548361,2
-3.393498846,8.972198522,-3.66802551,-1.729005153,-9.677593093,-3.944171302,2
-3.452437012,8.950225199,-5.035566942,-1.683153145,-9.682721913,-3.880607706,2
-3.540037475,8.898507931,-6.215728066,-1.587679323,-9.703649629,-4.121689116,2
-3.670644941,8.84937831,-7.329983301,-1.493433326,-9.725942633,-4.474231698,2
-3.775525404,8.798147566,-8.291726312,-1.419663405,-9.73096321,-4.941409676,2
-3.868355984,8.737548549,-9.161550229,-1.360204437,-9.73869644,-5.351847037,2
-3.944933257,8.684401911,-10.15504904,-1.309604415,-9.73750909,-5.63423532,3
-4.041542567,8.629415675,-11.51103355,-1.266663096,-9.744582348,-5.757174622,3
-4.10980625,8.582061958,-12.87658878,-1.197992767,-9.749168764,-5.393286084,3
-4.273773766,8.517371867,-14.47510576,-1.117192741,-9.800530082,-4.784867305,3
-4.462916989,8.405689253,-15.87269508,-0.966054969,-9.795239168,-4.719221666,3
-4.633043683,8.249995589,-16.71437927,-0.83964272,-9.833313525,-4.802391095,3
-4.779312875,8.101164909,-16.45073446,-0.74445163,-9.82448542,-4.577652276,3
-4.909278879,7.985248728,-15.78453798,-0.652885979,-9.84327594,-3.797327122,4
-5.03857718,7.902598138,-14.72858658,-0.5850511,-9.835280029,-2.542786808,4
-5.177227088,7.687693024,-14.17649593,-0.42148447,-9.803176829,-1.979379788,4
-5.125180907,7.63563737,-9.365337313,-0.278230804,-9.870038442,-3.14045777,4
-5.079874407,7.736530423,-2.441992834,-0.384113397,-9.836763432,-3.264323136,4
-5.112336351,7.878473968,4.217374293,-0.53033196,-9.852650324,-0.742618818,4
-5.154765006,7.934097444,9.576934701,-0.529707409,-9.898989159,1.928333131,4
-5.129354609,7.997088611,14.04118949,-0.6309862,-9.90451206,4.564969189,4
-5.085568918,8.111703211,17.59292755,-0.746947917,-9.941551325,7.503309475,4
-4.977686617,8.167417997,20.26473546,-0.812728913,-9.911258281,9.960772332,4
-4.930214236,8.227221207,21.82283097,-0.857782744,-9.872727791,11.74266394,4
-4.844058674,8.294587607,22.87119616,-0.922115213,-9.865698083,13.0131695,4
