-4.877544608,7.957476627,33.5055776,-1.389368392,-9.466442613,16.24750995,1
-4.710880715,7.975145539,29.95828512,-1.50334151,-9.384702508,12.44741899,1
-4.348925949,8.213158958,27.15999986,-1.802630854,-9.420901908,10.77475962,1
-4.242474232,8.289000687,23.36272925,-1.732579379,-9.402449351,8.611473959,1
-3.966427355,8.414538115,20.18520581,-1.897468108,-9.396576825,6.637207632,1
-3.79735548,8.488258232,17.43061923,-1.882500227,-9.400127231,4.998103703,1
-3.633211861,8.56910311,14.80073012,-1.945663707,-9.409369645,3.658433955,1
-3.525269446,8.635877852,12.5049771,-1.9535888,-9.417620659,2.342900706,1
-3.377748653,8.685445799,10.44958426,-1.96216698,-9.411695653,1.243150962,1
-3.305376467,8.740359654,8.86725583,-1.969797003,-9.42548458,0.292982251,1
-3.230000323,8.785307615,7.301020131,-1.966642695,-9.436427384,-0.466679825,1
-3.185562187,8.820003269,6.058283498,-1.934779397,-9.43847446,-1.211157406,1
-3.129988635,8.851738665,5.06583073,-1.928293471,-9.457534237,-1.837130937,1
-3.110220824,8.8754848,3.87424022,-1.900251782,-9.473482674,-2.608615498,1
-3.095325047,8.912181105,2.530252629,-1.843484714,-9.478339025,-3.350734825,1
-3.111950059,8.908065755,1.321944651,-1.78893263,-9.48739951,-4.206961748,1
-3.131857143,8.926586036,0.17591128,-1.73029436,-9.502806445,-4.940389506,1
-3.158651499,8.928079511,-1.170685321,-1.666588954,-9.532252022,-5.502885128,1
-3.206536753,8.921760065,-2.370008227,-1.599081538,-9.55331186,-5.934882627,1
-3.232833586,8.949130821,-3.748543597,-1.560752863,-9.577131236,-5.729297795,2
-3.281266878,8.930295963,-5.320452634,-1.493199491,-9.588332924,-5.333448189,2
-3.375101247,8.858209893,-6.533723871,-1.361382287,-9.596311375,-5.556932963,2
-3.47147753,8.799156105,-7.490682277,-1.276413631,-9.601120563,-5.807591198,2
-3.551993158,8.754935977,-8.486169893,-1.207576119,-9.622372947,-5.762782118,2
-3.660467725,8.709308269,-9.534566292,-1.065985391,-9.664609417,-6.050205959,2
-3.805914129,8.635164869,-10.49781973,-0.971411891,-9.676194938,-6.775389547,2
-3.923810156,8.546442387,-11.43263403,-0.901154667,-9.678687015,-7.28299072,2
-4.023665138,8.520545445,-12.46801727,-0.849188261,-9.695824735,-7.27127038,2
-4.162845661,8.435154543,-13.56662626,-0.751427309,-9.697896129,-7.593105684,3
-4.339337022,8.372936538,-14.63891142,-0.607501969,-9.711523104,-7.399766322,3
-4.498414905,8.290375138,-15.01951122,-0.477856753,-9.724574652,-6.829597146,3
-4.447151732,8.021699457,-16.2366195,-0.384241413,-9.697496618,-6.410293889,3
-4.60209407,7.88515991,-16.2504447,-0.321114869,-9.6941595,-5.911497366,3
-4.752404553,7.751664437,-16.42380566,-0.24744611,-9.702574208,-5.030425588,3
-4.922778782,7.656397915,-16.48057856,-0.208890697,-9.716208366,-3.053862084,3
-5.045664709,7.588298492,-16.09655458,-0.307675117,-9.698014191,4.814584729,4
-5.436990136,7.918132762,-14.83054815,-0.228178825,-9.74179481,8.790682804,4
-5.56614625,7.646647732,-13.3499342,-0.264761359,-9.776334355,12.56901509,4
-5.647146274,7.42627216,-11.17545614,-0.320940241,-9.80137716,15.66922852,4
-5.712273529,7.241442618,-6.283509531,-0.437057625,-9.783483361,18.02073253,4
-5.649164151,7.144244412,-0.061483898,-0.582401194,-9.757791854,19.90522603,4
-5.639886786,7.152275319,7.979708603,-0.74992441,-9.741254851,20.61004212,4
-5.60783254,7.240369465,16.24592096,-0.716454648,-9.734367464,19.73266203,4
-5.52689485,7.380946695,25.12731833,-0.926688352,-9.679452125,18.15542405,4
-5.503677639,7.673777739,30.41847835,-1.183557624,-9.616655375,18.94634404,4
-5.35189636,7.811623439,33.23777268,-1.586512467,-9.466449795,17.24893528,4
-5.190902294,7.895525592,32.39757501,-1.840795419,-9.352989168,15.87363139,1
-5.032440114,7.905147655,29.32673628,-1.991156953,-9.345426722,12.63233646,1
-4.707301254,8.131507488,26.55069268,-2.175841243,-9.355970216,10.57411576,1
-4.455391705,8.209937298,23.39609083,-2.247730242,-9.304569391,8.426873082,1
-4.199151474,8.332672585,20.38875218,-2.328889557,-9.315200971,6.6364851,1
-3.994820736,8.4173339,17.53200362,-2.363926467,-9.299421428,4.937823566,1
-3.77885318,8.491105809,15.16423157,-2.407749275,-9.283656028,3.490816302,1
-3.649192917,8.563815799,12.92974972,-2.420038496,-9.306482295,2.202586939,1
-3.537949917,8.618776712,10.79603846,-2.407835016,-9.313793951,1.001703613,1
-3.451095276,8.675692915,8.869786038,-2.379903548,-9.32203244,-0.10013558,1
-3.371064278,8.722201118,7.230369922,-2.412476533,-9.27876426,-1.085040261,1
-3.326716705,8.763966845,5.712587787,-2.329297826,-9.306974858,-1.88065379,1
-3.299362806,8.794752207,4.392463962,-2.288242374,-9.333348828,-2.484398648,1
-3.26319043,8.820259991,3.20000895,-2.265447053,-9.337352635,-3.079136227,1
-3.225476213,8.846367264,2.036013896,-2.252474981,-9.355513985,-3.537799659,1
-3.205648727,8.86150043,0.685042628,-2.247361708,-9.353398574,-4.012795791,1
-3.163029791,8.908537462,-0.747848019,-2.22325314,-9.377763337,-4.149903774,1
-3.207356677,8.917051193,-1.90764417,-2.129402469,-9.396645041,-4.922312325,1
-3.273815235,8.906617689,-3.08630678,-2.053118498,-9.439237067,-5.581352279,1
-3.298537664,8.900682326,-4.298502135,-1.99450454,-9.454194511,-5.367491307,2
-3.304114902,8.903004941,-5.603638582,-1.923495854,-9.499976154,-5.075166377,2
-3.447198269,8.827941519,-6.804930403,-1.767249631,-9.520019835,-5.760017682,2
-3.519318737,8.799382997,-7.709959462,-1.718518067,-9.500881571,-6.070966651,2
-3.602876666,8.74945875,-8.529245269,-1.636407028,-9.52016488,-6.503729283,2
-3.720508306,8.701303991,-9.436753187,-1.530493602,-9.537803084,-6.850202736,2
-3.766262164,8.665714594,-10.3626646,-1.50699581,-9.543537764,-6.885533502,3
-3.875516878,8.642495992,-11.58492977,-1.436161792,-9.561213021,-6.834124175,3
-4.007819985,8.586029449,-12.76338318,-1.37064079,-9.582179911,-6.744835262,3
-4.132366907,8.534408157,-13.71957969,-1.292239502,-9.579569937,-6.352408688,3
-4.315362864,8.42909829,-15.25824739,-1.158931551,-9.659118821,-6.217492129,3
-4.484886297,8.418790434,-16.08182017,-1.074907291,-9.678933364,-4.892312429,3
-4.656076658,8.274168075,-16.96303692,-0.96120411,-9.693561086,-3.310184036,3
-4.809575167,8.079807619,-17.04927532,-0.671519479,-9.626416589,-1.45356271,4
-4.947780619,8.334154168,-15.0924138,-0.577531881,-9.676884852,-0.155412602,4
-5.138869704,8.078916967,-14.0199311,-0.541101193,-9.724457102,1.365683151,4
-5.377918689,7.837880747,-12.53099694,-0.571573511,-9.75396844,2.905468406,4
-5.492371772,7.678393123,-11.85375762,-0.600997189,-9.762619958,4.518357401,4
-5.594151754,7.533964983,-8.666550382,-0.679397636,-9.758082554,6.478242491,4
-5.566633774,7.484435784,-4.080498436,-0.828214115,-9.755711023,8.439674292,4
-5.604035694,7.479593229,1.672263272,-0.968355193,-9.744765028,10.47109745,4
-5.565196962,7.521983568,8.369745693,-1.07404322,-9.710293489,11.65848769,4
-5.534030586,7.59091815,15.33701244,-1.185320317,-9.66832416,12.5112805,4
-5.467639743,7.698151806,22.40103064,-1.324579997,-9.435103877,11.32918204,4
-5.451397736,7.912736586,26.87825942,-1.55920787,-9.407075789,12.72992171,4
-5.378384452,8.001824226,29.78101197,-1.734526508,-9.355387292,13.11907234,4
-5.292900726,7.990185535,30.37037435,-1.838809939,-9.282280203,12.00071881,1
-5.144164636,8.000503231,28.84960867,-1.986261222,-9.204892085,9.434759609,1
-4.749948597,8.185973387,26.87601151,-2.229560561,-9.257707877,7.374608106,1
-4.534776208,8.299357748,23.71264769,-2.308317731,-9.268117015,5.780876944,1
-4.33252133,8.392033217,20.31664118,-2.379531456,-9.276133876,4.199510533,1
-4.206250707,8.45778821,17.49836331,-2.389371281,-9.291500368,2.713647083,1
-4.054064749,8.538122853,14.86456048,-2.437616553,-9.291448231,1.461610218,1
-3.923788914,8.599354723,12.50951755,-2.462847114,-9.294750747,0.29108617,1
-3.830519247,8.647949219,10.34356052,-2.442167268,-9.304852519,-0.773926268,1
-3.743165952,8.686677493,8.705053087,-2.422599958,-9.298709372,-1.679698287,1
-3.658771951,8.727794379,7.547735172,-2.414750019,-9.317048472,-2.107281438,1
-3.635129153,8.747140002,6.464273358,-2.36485795,-9.365679865,-2.46878083,1
-3.595957562,8.771694854,5.491085853,-2.346271114,-9.374748923,-2.914033467,1
-3.551854323,8.801275664,4.467511379,-2.314476151,-9.372862026,-3.328808186,1
-3.550837496,8.829632067,3.448487697,-2.270722648,-9.399388833,-3.785124683,1
-3.584256755,8.828319107,2.559881695,-2.209164573,-9.432060196,-4.453628592,1
-3.541382906,8.842600941,1.618859054,-2.187153116,-9.436729681,-4.79648146,1
-3.533098313,8.836702714,0.561280384,-2.180525286,-9.428001873,-5.076780041,1
-3.581389248,8.837345449,-0.800471243,-2.11392836,-9.449380121,-5.246939523,2
-3.607052178,8.838180149,-2.289137297,-2.067644103,-9.469366556,-5.275884107,2
-3.715215497,8.829997837,-3.746946803,-1.957971458,-9.526006746,-5.512553944,2
-3.787344647,8.790004684,-5.110840247,-1.913267657,-9.522455641,-5.491920073,2
-3.865455155,8.719102663,-6.397362768,-1.793382136,-9.523110476,-5.661377594,2
-3.954457276,8.670196443,-7.550456775,-1.729310393,-9.536738033,-5.819802724,2
-4.036262135,8.633592763,-8.811267135,-1.699960998,-9.566468482,-5.974370888,2
-4.141811379,8.594929769,-10.25722098,-1.614537799,-9.609772669,-5.874000272,3
-4.252646983,8.532129699,-11.67758254,-1.502955952,-9.64698425,-5.721056262,3
-4.388922017,8.44169812,-12.87434243,-1.404873449,-9.656677729,-5.791652854,3
-4.555293104,8.338916931,-13.88788673,-1.282547578,-9.673689621,-5.958981211,3
-4.813396848,8.215861283,-14.48973813,-1.221338155,-9.667615944,-6.167569858,3
-4.973331515,8.071824784,-15.00919313,-1.138784438,-9.664275776,-6.137570981,3
-5.065804433,7.944569606,-15.29167694,-1.047498851,-9.682273791,-5.646099043,3
-5.192939702,7.831132743,-15.90296694,-1.023336293,-9.677589655,-4.476335292,3
-5.297613538,7.848532117,-16.37362822,-1.129341635,-9.680848229,-0.638927554,3
-5.403422168,7.676738542,-16.63731708,-0.986375588,-9.712731069,3.035572391,4
-5.600463957,7.519714513,-15.01821332,-0.98365013,-9.75882688,6.144014943,4
-5.638858777,7.328645611,-11.56041513,-1.046568563,-9.770201607,9.27062212,4
-5.716138084,7.200674654,-6.98464268,-1.083646529,-9.79751415,12.25675572,4
-5.736714451,7.162010906,-0.344441327,-1.189856044,-9.775507419,14.97993425,4
-5.735064295,7.143477922,7.388340745,-1.295775459,-9.76568862,16.91686171,4
-5.732196655,7.219986759,15.84901911,-1.356064761,-9.727049163,16.89583772,4
-5.649553116,7.371944765,24.65790878,-1.42715893,-9.640968158,15.72829635,4
-5.591462334,7.581502465,30.79124589,-1.717925105,-9.494401444,14.8041565,4
-5.536062396,7.722705838,34.44805533,-1.929984086,-9.414582042,14.76719646,4
-5.298625073,7.779351926,36.01358349,-2.069707019,-9.348298395,14.00198906,4
-5.101819318,7.84267564,35.11982554,-2.153493718,-9.330052327,12.10344765,4
-4.899823163,7.886523274,33.21733182,-2.248114232,-9.29686135,9.369867834,1
-4.523229369,8.098430446,30.39065003,-2.44833514,-9.374006761,7.273211215,1
-4.29405887,8.204342991,26.86932519,-2.467256466,-9.38113085,5.517698292,1
-4.037878621,8.322688379,22.79792255,-2.559764736,-9.326455302,3.778625616,1
-3.865635759,8.41688444,19.22702353,-2.518512815,-9.362550025,2.098136227,1
-3.760954536,8.478917237,16.07735295,-2.44058876,-9.351013869,0.549902146,1
-3.651475995,8.542366977,13.25443187,-2.454636805,-9.352932374,-0.663090509,1
-3.556606843,8.601140322,10.97043906,-2.39653653,-9.36212992,-1.527401271,1
-3.480383868,8.644708584,8.980678366,-2.296314373,-9.430427837,-2.112421088,1
-3.427048665,8.69377955,7.2048993,-2.201837733,-9.464897307,-2.528223459,1
-3.410386649,8.724692031,5.725034901,-2.148739102,-9.475846075,-3.111167164,1
-3.390211161,8.736056324,4.730932853,-2.051868045,-9.497616598,-3.654171984,1
-3.393716885,8.761956259,3.869102921,-1.997933735,-9.51586549,-4.026721066,1
-3.378991098,8.768244663,2.915860213,-1.932157332,-9.540953737,-4.463429206,1
-3.394138371,8.763368463,1.860268098,-1.82444705,-9.588646809,-4.648685115,1
-3.396998736,8.776423317,0.843100401,-1.781188173,-9.602060363,-4.764758974,1
-3.408791421,8.79081046,-0.151555514,-1.762022226,-9.601741156,-4.943311399,1
-3.419582545,8.805274112,-1.391399338,-1.73147839,-9.612119998,-4.556909531,2
-3.440893941,8.796428415,-2.783478982,-1.659590528,-9.625408202,-4.448983775,2
-3.545378711,8.774208021,-4.051152476,-1.555596955,-9.653106794,-4.645114249,2
-3.631058904,8.727403559,-5.09175388,-1.489626233,-9.651568531,-4.778805274,2
-3.676245518,8.67787898,-6.189280845,-1.458267683,-9.624099707,-4.316686706,2
-3.75457478,8.670936465,-7.933590201,-1.456618074,-9.628424675,-3.314436213,2
-3.858043746,8.641376805,-9.779907883,-1.394519394,-9.666837957,-2.258227114,3
-3.937864285,8.604389253,-11.56115689,-1.334826936,-9.69160549,-1.153062455,3
-4.108427701,8.482599078,-12.71731615,-1.213476317,-9.695977917,-0.89818594,3
-4.260482783,8.357671003,-13.23047039,-1.153100717,-9.70778137,-1.100480614,3
-4.418615378,8.212507471,-13.44845241,-1.047400109,-9.707593548,-1.29407541,3
-4.598952299,8.065493933,-13.37955165,-0.964168301,-9.700325756,-1.022071077,3
-4.69841908,7.933585063,-12.95154828,-0.906228975,-9.698129366,-0.358986838,3
-4.867631813,7.768490179,-12.69495757,-0.827044203,-9.715871778,0.127810814,3
-5.057080529,7.619677134,-12.28370863,-0.794165031,-9.724041969,0.30277408,3
-5.224453313,7.505336166,-12.00701877,-0.79545823,-9.73557706,0.891526308,3
-5.381630857,7.423145063,-11.89586408,-0.827607928,-9.74238642,2.234193383,4
-5.51275443,7.309674905,-11.55750108,-0.837556994,-9.757247513,4.041286906,4
-5.640017486,7.244430723,-10.62525226,-0.892606914,-9.771998386,6.540857575,4
-5.767801984,7.153194944,-9.149702983,-0.99387412,-9.78945192,9.78467979,4
-5.902464748,7.028385314,-8.590775393,-1.050983136,-9.815433251,13.08553656,4
-6.048234149,6.866030668,-6.950152522,-1.087072268,-9.848763694,16.09748471,4
-6.002142524,6.727884829,-1.737741044,-1.170691049,-9.82225136,18.38137102,4
-5.906210878,6.690074148,5.700307276,-1.29188671,-9.787177505,19.53060666,4
-5.990868178,6.69275799,13.37383374,-1.368328182,-9.710508993,19.18245808,4
-5.928325828,6.849035329,22.28476036,-1.471590985,-9.631194169,17.08373724,4
-5.855748785,7.094662955,28.80803766,-1.639754366,-9.544417397,14.56385173,4
-5.808004362,7.33715868,33.7562528,-1.968273492,-9.479656768,13.76022556,4
-5.709748159,7.448910952,36.22413366,-2.119765958,-9.427061823,12.7680167,4
-5.523430106,7.481452525,35.62462535,-2.163429765,-9.388334485,11.90994353,1
-5.321029212,7.538217959,32.63823849,-2.290292499,-9.391798012,9.395591066,1
-4.942030686,7.769917617,29.70173659,-2.469842089,-9.412415832,7.755222112,1
-4.71170312,7.924417468,26.53570375,-2.501080003,-9.402465252,6.209727082,1
-4.499098607,8.02591586,23.46850448,-2.541195273,-9.390512663,4.362022161,1
-4.272901974,8.156734897,20.45148434,-2.564358602,-9.393288827,2.879486278,1
-4.127131943,8.23679562,17.60008905,-2.52701616,-9.409912777,1.392638467,1
-3.982980588,8.316943722,15.01479775,-2.479167448,-9.434105362,0.060208468,1
-3.857488501,8.399433665,12.68871677,-2.492808139,-9.442850256,-0.977355236,1
-3.740166471,8.460030683,10.46539622,-2.453187603,-9.443232196,-1.683618666,1
-3.66508629,8.51551354,8.535338015,-2.394168506,-9.454422409,-2.262938428,1
-3.604246492,8.56824153,6.850640633,-2.345226698,-9.475249614,-2.699737227,1
-3.574099753,8.602417075,5.323307786,-2.259489909,-9.483030443,-3.226811187,1
-3.529159398,8.632886861,4.075218017,-2.221420518,-9.485160915,-3.566585182,1
-3.458464307,8.677817486,3.347471642,-2.154810974,-9.531576349,-3.824137124,1
-3.421208173,8.725356415,2.33729222,-2.110930945,-9.539820694,-4.238271536,2
-3.45893622,8.725688442,0.989058219,-2.031952734,-9.537474522,-4.122778235,2
-3.460383681,8.732467562,-0.346899347,-1.972066923,-9.552894688,-4.242791796,2
-3.516448155,8.726647277,-1.668896199,-1.898700143,-9.56871379,-4.414596618,2
-3.569953705,8.715516571,-3.023041427,-1.838371089,-9.570175904,-4.524055577,2
-3.660580608,8.686717565,-4.253263371,-1.703332029,-9.598041153,-4.665131321,2
-3.741800191,8.643426881,-5.204213886,-1.59134691,-9.606868347,-5.270879372,2
-3.847269881,8.609657119,-5.835463472,-1.512137642,-9.598286623,-5.930571311,2
-3.927012481,8.568188005,-6.589032147,-1.422575914,-9.615514951,-6.543837619,2
-3.988937832,8.554903858,-7.463910304,-1.376877918,-9.640038758,-6.932900041,3
-4.066939139,8.525260652,-8.631014125,-1.279054122,-9.65345774,-7.030398799,3
-4.190364926,8.47221806,-9.733062143,-1.17247943,-9.685253345,-7.148372071,3
-4.302559794,8.421771464,-10.78968763,-1.078298732,-9.70695149,-6.868254369,3
-4.418906938,8.338134985,-11.91759331,-0.977234236,-9.717105282,-6.557696369,3
-4.561971349,8.235939224,-12.79971086,-0.876982177,-9.722623271,-6.116358556,3
-4.68512234,8.126446243,-13.59608668,-0.793154849,-9.700348456,-5.450930638,3
-4.81872658,7.996570215,-14.60933272,-0.698184607,-9.69269505,-4.619711889,3
-4.992108977,7.863381284,-15.65794012,-0.617814439,-9.715701243,-3.576871569,3
-5.393389814,7.79513348,-16.63927222,-0.597465889,-9.737677254,-1.391453504,3
-5.545180298,7.778480326,-17.25670547,-0.636270814,-9.764613307,2.431876796,3
-5.618270879,7.680688615,-17.33723586,-0.637478062,-9.797433464,6.807478129,3
-5.795713712,7.3279433,-15.83796736,-0.562696805,-9.901688714,9.646015339,4
-5.702076558,7.128862269,-11.35226383,-0.660736742,-9.921376134,12.84612786,4
-5.767446499,7.059334875,-4.141609843,-0.74304152,-9.911413024,15.4385486,4
-5.798087509,7.047486528,4.56854062,-0.85272114,-9.835229251,17.0252434,4
-5.886744577,7.096342536,13.81828357,-0.918708057,-9.799778098,16.74235344,4
-5.852725322,7.202808091,23.22777575,-0.993492242,-9.741695362,14.8690521,4
-5.842119523,7.416129222,29.77757568,-1.234399801,-9.67313172,13.43212498,4
-5.836802444,7.486110144,32.13394279,-1.475834015,-9.59796491,13.60121567,4
-5.751245445,7.498148684,30.28179792,-1.459479857,-9.585130789,11.29464578,1
-5.409704501,7.764177073,27.2006869,-1.669971745,-9.636728205,9.015060277,1
-5.106921781,7.996986909,23.80359545,-1.785238415,-9.633996105,6.93057559,1
-4.994843615,8.060949567,20.26904753,-1.677974624,-9.636118052,4.766726115,1
-4.816568319,8.145297908,16.98944868,-1.755622617,-9.63685487,3.161978182,1
-4.645924738,8.223219586,14.12155083,-1.787220933,-9.612837928,1.705912803,1
-4.494574072,8.294743321,11.7572631,-1.782236308,-9.607452627,0.347623579,1
-4.440053823,8.33464462,9.494249581,-1.754039454,-9.607249979,-0.768753396,1
-4.356505715,8.381222593,7.364163218,-1.771946124,-9.611502891,-1.738440477,1
-4.367711882,8.40886915,5.1830129,-1.704827588,-9.629117765,-2.970338909,1
-4.337583694,8.437911187,3.323175196,-1.666005178,-9.641689024,-3.958619553,1
-4.308247932,8.469582769,1.781116003,-1.605238286,-9.649700902,-4.787191576,2
-4.279263326,8.50269953,0.389121826,-1.565651483,-9.66475099,-5.258829832,2
-4.33883085,8.475130128,-0.969368848,-1.415478508,-9.69472025,-5.730061499,2
-4.39140283,8.436885807,-2.148519035,-1.35948738,-9.687043583,-6.398601788,2
-4.440084538,8.420459542,-3.37557468,-1.275421453,-9.706053279,-7.022623907,2
-4.47569896,8.392165278,-4.720929334,-1.228236878,-9.71042033,-7.473895957,2
-4.544143984,8.350983136,-6.165953721,-1.146636878,-9.71839988,-8.230567738,2
-4.610782785,8.325809222,-7.894397082,-1.113058445,-9.735056406,-8.731844303,2
-4.683292771,8.312094203,-9.937478199,-1.031786906,-9.789908393,-8.542351056,3
-4.815457399,8.250250186,-11.90317723,-0.897666039,-9.804325441,-8.342842867,3
-4.944551033,8.109742109,-13.40512822,-0.740401072,-9.793799513,-8.280996541,3
-5.043184174,7.986019446,-14.44670103,-0.664452571,-9.776087305,-8.048336378,3
-5.173039096,7.85920676,-15.69663129,-0.544816414,-9.77441406,-7.239247261,3
-5.271370791,7.723036515,-16.59398475,-0.490252213,-9.750014428,-5.794896274,3
-5.417154633,7.641246292,-17.58143167,-0.470570743,-9.763755416,-2.295831111,4
-5.520324433,7.575380283,-18.45541785,-0.463938992,-9.750493165,1.904766083,4
-5.648497503,7.404146119,-17.57923527,-0.4302275,-9.804573964,6.309717467,4
-5.685401801,7.22644642,-15.47313221,-0.465658006,-9.883035055,9.874558376,4
-5.729645506,7.068732827,-8.709944964,-0.504860866,-9.885076333,12.66689784,4
-5.804287541,7.058844531,0.11831251,-0.567464229,-9.856979257,14.17575186,4
-5.830815449,7.125899595,9.439233486,-0.745312254,-9.704454691,14.51845664,4
-5.845250758,7.262394725,17.9988483,-0.83029412,-9.638471444,13.68202309,4
-5.81401086,7.431075858,23.95924073,-1.063979155,-9.598606133,13.08084561,4
-5.737185759,7.510683022,27.31578411,-1.202020109,-9.558140833,12.63354623,4
-5.633564302,7.55034786,28.14710278,-1.21113013,-9.586945488,12.25411093,4
-5.497097417,7.576831021,26.39358526,-1.316288003,-9.530327178,10.45893286,1
-5.108896269,7.740316547,23.8621462,-1.532673082,-9.634358567,8.28789663,1
-4.918441558,7.941401024,20.67545379,-1.658359255,-9.642847688,6.4146661,1
-4.71653775,8.0146719,17.59688725,-1.708915495,-9.624909297,4.139366514,1
-4.545236441,8.117308616,14.89756217,-1.737943229,-9.611801773,2.509400489,1
-4.420548556,8.19066174,12.5597422,-1.73944011,-9.60336648,1.067508431,1
-4.303199009,8.272878115,10.19878706,-1.74847729,-9.602027005,0.11387362,1
-4.259501412,8.331270969,8.237409088,-1.717802114,-9.593994282,-1.348390065,1
-4.169470935,8.384537289,6.70323834,-1.720688202,-9.593576721,-2.616609922,1
-4.099642088,8.438310499,5.05735201,-1.704837565,-9.60035648,-3.078066948,1
-4.075821477,8.459278818,3.423749012,-1.672483215,-9.615813391,-3.969430375,1
-4.029469384,8.490728322,1.859247473,-1.621270415,-9.618339745,-4.774946827,2
-4.092206244,8.487786787,0.795952623,-1.475737659,-9.657721343,-5.79028124,2
-4.083599688,8.519172838,0.189809594,-1.421902437,-9.677081314,-6.852761976,2
-4.093790538,8.530979869,-0.783672698,-1.382872869,-9.689257716,-7.537616753,2
-4.122957857,8.522923831,-2.234689389,-1.353710296,-9.695029973,-8.085497431,2
-4.152642285,8.512352761,-4.0213857,-1.271735079,-9.698633898,-8.550025078,2
-4.209931973,8.505665298,-5.903853831,-1.158856433,-9.72366947,-8.832318195,2
-4.263881544,8.476344086,-7.722376677,-1.059405685,-9.713484598,-8.932816787,2
-4.386409807,8.407469722,-9.465719476,-0.905483446,-9.720563225,-9.225951356,2
-4.491920364,8.32593339,-11.06526437,-0.813409794,-9.703098702,-9.642556085,3
-4.586353187,8.2395737,-12.67143752,-0.729278926,-9.724414402,-10.13187589,3
-4.704487624,8.192816591,-14.3389417,-0.672603352,-9.749486154,-10.25555293,3
-4.830128586,8.131801718,-16.24557817,-0.598574805,-9.801138554,-9.489029332,3
-4.990766481,7.991912931,-17.96251956,-0.439739136,-9.778506177,-8.341766057,3
-5.117175624,7.839153463,-20.18806592,-0.426463728,-9.750410937,-6.194323974,3
-5.285078333,7.793447844,-21.54899385,-0.471647494,-9.755786932,-2.347886027,3
-5.428956586,7.788049316,-22.63704201,-0.434316695,-9.801183905,3.205648658,4
-5.549127495,7.462060768,-21.03611968,-0.416874008,-9.864278454,7.784690665,4
-5.618921583,7.174285537,-17.89979962,-0.416465907,-9.926616543,12.0323387,4
-5.648632854,6.979830665,-10.82713108,-0.465651832,-9.915221154,14.89281393,4
-5.734082625,6.914238567,-1.751264083,-0.57772549,-9.899657668,16.85180457,4
-5.787159188,6.971301954,8.321196531,-0.682580622,-9.835773782,17.5135156,4
-5.813944925,7.07928359,18.06920048,-0.805470912,-9.789064358,16.08919729,4
-5.808981341,7.249364628,25.83202684,-1.009051988,-9.724508996,14.26785654,4
-5.775348621,7.342828293,29.58123081,-1.255259379,-9.656129023,13.35187397,4
-5.718887995,7.339567223,30.40165343,-1.306340137,-9.585732163,12.63957024,1
-5.644592786,7.369953114,27.48360597,-1.436629815,-9.605648308,9.7320091,1
-5.242970198,7.589850128,24.45651891,-1.70986723,-9.607433599,7.452829856,1
-5.10192716,7.732146694,20.77118119,-1.646322671,-9.633964325,5.740757307,1
-4.953232381,7.831432763,17.38935259,-1.711457259,-9.623852349,3.74775057,1
-4.767222691,7.930801541,14.40005189,-1.766506094,-9.605513972,2.146757313,1
-4.64421538,8.019570376,11.77226013,-1.763883262,-9.602865642,0.625160119,1
-4.536230621,8.091181297,9.386577426,-1.752936136,-9.59789577,-0.636442217,1
-4.451019242,8.151115786,7.489005208,-1.721425117,-9.599406421,-1.468711928,1
-4.430119412,8.219851899,5.673249597,-1.696797644,-9.621705638,-2.344151666,1
-4.376833852,8.264628942,4.141110132,-1.67486463,-9.61683412,-3.418399897,1
-4.321795675,8.31132286,2.764350331,-1.643760215,-9.614929591,-4.1738607,1
-4.346796175,8.325672779,1.47821674,-1.564489882,-9.636140248,-5.170213795,1
-4.284750907,8.374705326,0.480458419,-1.574161849,-9.634927216,-5.854837581,1
-4.325412339,8.380252607,-0.798545323,-1.508852946,-9.645405658,-6.706982701,1
-4.319158751,8.383412395,-2.350915051,-1.468760776,-9.652240333,-7.617395154,1
-4.343941245,8.387535511,-4.132528114,-1.395817779,-9.671723332,-8.304623189,2
-4.409117935,8.35156477,-6.002793357,-1.263404203,-9.690093779,-9.066319105,2
-4.506915199,8.30180307,-7.718513985,-1.12324469,-9.69861731,-9.753590174,2
-4.597176409,8.24538316,-9.314586766,-1.029619546,-9.685699008,-10.51482962,2
-4.678599661,8.201521155,-10.91701715,-0.941933917,-9.703938943,-11.15349351,2
-4.772959002,8.158254597,-12.76728675,-0.865646334,-9.717873932,-11.40785102,2
-4.912145466,8.053195719,-14.74197184,-0.678122439,-9.709235417,-11.3322277,2
-5.04959632,7.929257649,-16.6715432,-0.533903695,-9.72228003,-10.90489332,2
-5.138896615,7.826481754,-18.52267844,-0.447550541,-9.718732262,-9.569090555,3
-5.329077817,7.694858068,-19.97414864,-0.343360525,-9.757189299,-7.138095331,3
-5.508124411,7.537199935,-21.15876532,-0.264970159,-9.74786166,-4.232068674,3
-5.661174056,7.397132012,-22.319406,-0.219974192,-9.758625352,-0.701633059,3
-5.761082847,7.278185277,-22.30080479,-0.221006397,-9.815138289,3.530775766,3
-5.915043628,7.071510561,-20.48782467,-0.225634406,-9.884338612,7.288954993,4
-5.986422269,6.901282425,-17.21335402,-0.281321101,-9.892841667,10.70013979,4
-6.06632509,6.747280643,-11.87814786,-0.361283539,-9.906714294,14.05613524,4
-6.177266262,6.65232692,-4.790712241,-0.458797475,-9.891003213,16.89363136,4
-6.208114306,6.663235547,3.573273891,-0.541467795,-9.9077233,18.88776334,4
-6.22245787,6.733912509,12.95486807,-0.627173049,-9.873085956,19.42685908,4
-6.187547133,6.864285513,22.11758193,-0.752657432,-9.785992399,18.8356221,4
-6.111888419,7.033166252,30.03606112,-0.873947007,-9.698957585,17.55073338,4
-6.042012701,7.187077402,34.26705381,-1.08873519,-9.618602272,16.73245612,4
-5.992273434,7.168159464,34.7784362,-1.297411328,-9.533268775,16.05288544,4
-5.862068866,7.208613607,31.32361231,-1.431711504,-9.508357966,12.83866335,1
-5.58704055,7.411736807,27.69585085,-1.564516251,-9.553808728,9.930558052,1
-5.364677292,7.586204463,23.63272611,-1.618610164,-9.578998609,7.655340427,1
-5.194122273,7.680184092,19.93942926,-1.653906833,-9.595300451,5.304234826,1
-5.041529487,7.787451382,16.50744306,-1.710754035,-9.557154644,3.532865912,1
-4.892324482,7.883136886,13.61479807,-1.728673061,-9.550718382,1.877813905,1
-4.812922194,7.962617024,11.32323848,-1.716433198,-9.561535378,0.249052999,1
-4.737909964,8.030220157,9.300574972,-1.678569812,-9.577025743,-0.835574646,1
-4.685940489,8.085238737,7.506949536,-1.667331728,-9.588156363,-1.92608114,1
-4.620909895,8.138545849,5.884734181,-1.662670509,-9.592950923,-3.063806997,1
-4.565802409,8.183862143,4.75407188,-1.630177768,-9.600316978,-4.184086572,1
-4.509606476,8.220382939,3.492377791,-1.586005723,-9.615075033,-5.203119072,1
-4.460264518,8.250161648,2.430544419,-1.582430609,-9.624351976,-6.135443391,1
-4.482173275,8.260621856,0.957526727,-1.492033455,-9.648923946,-6.99117494,2
-4.485509705,8.279051984,-0.730528939,-1.447658703,-9.652178306,-7.423632823,2
-4.508190919,8.260977112,-2.600251201,-1.336809668,-9.672132961,-7.962046347,2
-4.558387777,8.228024121,-4.325895012,-1.211511089,-9.677461386,-8.779821408,2
-4.632204618,8.171731353,-5.802101538,-1.078081293,-9.676130071,-9.577635166,2
-4.710334216,8.119649033,-6.724735219,-0.981940937,-9.686575869,-10.4412271,3
-4.788209299,8.097767559,-8.307027689,-0.91302457,-9.719644541,-10.80603111,3
-4.871769593,8.082064772,-10.02820184,-0.783362303,-9.743000488,-10.64441902,3
-4.975219045,7.995994695,-11.68252058,-0.655984626,-9.738259604,-10.26285726,3
-5.096561363,7.898615972,-13.29569479,-0.532613273,-9.74840145,-9.548012184,3
-5.229877534,7.762607792,-14.78695665,-0.385553855,-9.739645937,-8.873249332,3
-5.37275135,7.598356655,-16.02864261,-0.276593285,-9.724602054,-8.086947572,3
-5.511389342,7.433654068,-17.296778,-0.196860398,-9.733684657,-6.742876545,3
-5.636559056,7.355194533,-17.80832329,-0.172977018,-9.743344989,-4.074673472,3
-5.779532472,7.339671741,-18.56223634,-0.217673723,-9.756195269,0.428991697,3
-5.892466681,7.0969622,-18.83791307,-0.152220202,-9.854406437,4.511299513,4
-5.93819336,6.980177987,-15.10113748,-0.239106858,-9.892681444,8.312434214,4
-5.971590691,6.912069317,-7.483496842,-0.340912001,-9.90492784,11.68579516,4
-5.977016818,6.934280554,1.739267381,-0.455573267,-9.867432979,13.98122936,4
-6.033527608,6.984973269,11.40069887,-0.526685123,-9.825209054,14.55663885,4
-6.008033376,7.141398493,20.42270009,-0.6447611,-9.73920614,14.07485065,4
-6.037663194,7.272442214,26.8928617,-0.857558073,-9.686391807,13.65870153,4
-5.95220055,7.380614172,30.05245366,-1.155869798,-9.570536285,13.44299564,4
-5.823669658,7.325013883,29.46433701,-1.22573516,-9.510232171,11.85999545,4
-5.609515544,7.398354897,26.0385851,-1.37327474,-9.576525766,8.978352613,1
-5.320222618,7.627703593,22.89248832,-1.527731365,-9.607640617,6.753703306,1
-5.173292827,7.756936411,19.13860556,-1.57876459,-9.564482856,4.535803844,1
-4.961187912,7.87323533,15.91919215,-1.665053785,-9.566454229,2.571077356,1
-4.829137724,7.945332667,13.02014126,-1.608713262,-9.577805481,0.992549542,1
-4.755485819,8.01413902,10.42854325,-1.598438063,-9.59379532,-0.527416312,1
-4.651167966,8.084856565,8.398563014,-1.58867595,-9.613576202,-1.725902049,1
-4.599390219,8.152295019,6.678563477,-1.548452826,-9.639005592,-2.548834852,1
-4.538201874,8.206224408,5.205150232,-1.539528936,-9.633631265,-3.504455815,1
-4.520510825,8.24245837,3.681630949,-1.506324365,-9.6420898,-4.589590146,1
-4.476460039,8.280697781,2.187760367,-1.491648162,-9.64189228,-5.327909523,1
-4.461385788,8.304523401,0.937178364,-1.384637747,-9.672414502,-6.392180379,1
-4.442305014,8.318614567,-0.227018486,-1.353255995,-9.678971577,-7.1775531,2
-4.445509265,8.326956291,-1.74705824,-1.315188464,-9.694687918,-7.780664566,2
-4.492460952,8.319089748,-3.75126918,-1.261362206,-9.693248256,-8.423487116,2
-4.543448088,8.314618991,-5.845534823,-1.173319116,-9.701410545,-8.979259052,2
-4.617380266,8.264768656,-7.78905059,-1.017358239,-9.705768112,-9.350829717,2
-4.736300416,8.215513952,-9.528549345,-0.915195367,-9.716388628,-9.709633808,2
-4.850907564,8.167361656,-11.36440915,-0.804642026,-9.73286435,-9.795732159,2
-4.978940224,8.056644014,-12.99332669,-0.643691279,-9.71880753,-9.741121288,2
-5.115627528,7.95422566,-14.62497338,-0.568037897,-9.656254284,-9.425321849,2
-5.200628916,7.827690348,-16.03515743,-0.474786289,-9.668305823,-8.634867011,2
-5.410717518,7.688194352,-17.38631518,-0.367030579,-9.6558022,-7.205453609,3
-5.568861777,7.564404707,-18.15031803,-0.35498167,-9.685496765,-4.883140809,3
-5.700655318,7.441815894,-19.25896517,-0.317140932,-9.703360185,-1.943617037,3
-5.831818048,7.379737158,-19.8548571,-0.311301624,-9.733855339,1.885859088,3
-5.957792796,7.167074481,-18.81454951,-0.3295351,-9.766885435,5.740201726,4
-5.960532156,7.017668615,-16.5778551,-0.378067746,-9.837278813,9.379870091,4
-5.961846192,6.896304713,-9.857484732,-0.457342984,-9.848144231,12.73738069,4
-6.030645409,6.89982442,-0.580001786,-0.550161775,-9.84427374,14.87891897,4
-6.047736142,7.00271751,9.697836719,-0.620337253,-9.770902288,14.91606773,4
-6.063324515,7.127436499,19.42674781,-0.703401737,-9.684616095,13.6886696,4
-6.050308588,7.314100453,26.1043045,-0.964286504,-9.642915618,13.06520437,4
-5.888502447,7.443174971,28.09482973,-1.25697468,-9.597850988,13.82740747,4
-5.788122933,7.377500621,26.03725478,-1.301630928,-9.507477714,11.72068828,1
-5.302882687,7.694794194,23.06161455,-1.495043814,-9.616347957,9.021465093,1
-5.122556038,7.898140939,19.89922459,-1.583822002,-9.703478279,6.959411873,1
-5.008213036,7.970876969,16.14501056,-1.581713973,-9.664914225,4.388373452,1
-4.861878497,8.072390168,13.12098936,-1.659394035,-9.639616055,2.309068953,1
-4.776275064,8.120922365,10.33159415,-1.634596486,-9.659531266,0.448085638,1
-4.70372665,8.172997431,7.882249198,-1.602138947,-9.664043452,-0.888911852,1
-4.644552365,8.2236306,5.952974914,-1.557921877,-9.675276139,-2.049954972,1
-4.598193242,8.262472288,3.887540693,-1.545186126,-9.695441626,-3.209915153,1
-4.571218903,8.293017936,1.898460316,-1.544814091,-9.687484186,-4.512907458,2
-4.542493575,8.306143558,-0.126028823,-1.505186406,-9.700931723,-5.973461757,2
-4.552580169,8.325740655,-2.026165866,-1.442030004,-9.715763921,-7.054812411,2
-4.57206386,8.326760052,-4.194993314,-1.346277372,-9.73111127,-7.674358799,2
-4.642418434,8.306592357,-6.076589678,-1.22527239,-9.747875466,-8.349930977,2
-4.71240119,8.238481952,-7.841646744,-1.106689798,-9.729568038,-9.173248866,2
-4.799649928,8.180261356,-9.212642821,-0.993177595,-9.736223056,-10.28271181,2
-4.886518074,8.122246095,-10.63097532,-0.920490162,-9.749459068,-11.06712105,2
-4.974199451,8.057174731,-12.3210535,-0.841234226,-9.769003495,-11.56303681,2
-5.089373248,8.001951193,-14.33869798,-0.781634325,-9.783456622,-11.66158795,2
-5.221286925,7.910185769,-16.15693677,-0.597086002,-9.804606543,-11.41993698,2
-5.375163484,7.76461755,-17.42814389,-0.431255061,-9.778085382,-11.05444429,2
-5.52081457,7.569061069,-18.3910859,-0.302562858,-9.753992286,-10.5652252,3
-5.617547421,7.414293181,-19.19348541,-0.192692512,-9.734351392,-9.690623797,3
-5.758874933,7.261885638,-19.93520138,-0.131437269,-9.716768565,-7.135487195,3
-5.902536,7.189932769,-21.13030097,-0.097550873,-9.702278859,-2.371952243,3
-5.967636741,7.083150651,-20.4351167,-0.065403006,-9.760044164,3.254674827,4
-6.1223344,6.952925357,-20.26103556,-0.131599369,-9.848184785,8.65455924,4
-6.185906895,6.745370458,-15.78539508,-0.198473994,-9.871121724,13.5111604,4
-6.246041982,6.588270031,-8.482324403,-0.296845478,-9.870743223,17.41331019,4
-6.217623255,6.530790378,0.391215374,-0.409309802,-9.856906392,19.20671591,4
-6.272731897,6.578058272,10.20200213,-0.487486288,-9.815445728,18.99786984,4
-6.263696269,6.711953455,20.05107521,-0.382021205,-9.838643646,17.69248402,4
-6.224542015,6.962842679,28.28240983,-0.569993937,-9.756052578,15.76229227,4
-6.219890729,7.047682428,32.4308772,-0.788282054,-9.637454383,14.90498119,4
-6.06294308,7.126141458,33.96878634,-1.035535389,-9.502573059,13.49750408,4
-5.785592219,7.355209109,31.20295362,-1.367073394,-9.548712188,10.54402198,1
-5.296230239,7.608019883,28.17164341,-1.625588968,-9.59200334,8.28697983,1
-5.150862451,7.72567471,23.90915947,-1.591145959,-9.592572697,6.107838478,1
-4.995630522,7.83083767,19.81043547,-1.678265736,-9.568944748,3.941921615,1
-4.834060289,7.949573381,15.98550935,-1.722615997,-9.575769426,1.961221743,1
-4.748631275,8.026676633,12.76027586,-1.719655207,-9.597581167,-0.373323937,1
-4.661593912,8.078730526,10.01025917,-1.715328451,-9.598255002,-2.268288555,1
-4.585288899,8.133786265,7.539614512,-1.66171593,-9.600833373,-3.437379463,1
-4.541541094,8.185569392,5.420553979,-1.601695903,-9.620623665,-4.380849364,1
-4.480222155,8.230552026,3.543761244,-1.588526304,-9.620732572,-4.708572248,1
-4.468410106,8.26333169,1.704715623,-1.551664182,-9.634395296,-4.912140993,1
-4.43616841,8.278779691,-0.051356662,-1.544557562,-9.637972043,-4.777114546,1
-4.497678815,8.275452498,-2.026887336,-1.475720484,-9.654097473,-4.708993412,1
-4.560328429,8.260495609,-4.05758372,-1.466777661,-9.660755956,-4.635869846,1
-4.625679746,8.224690325,-6.029585703,-1.406121828,-9.666591262,-4.349453269,2
-4.713508555,8.196983397,-7.725183939,-1.351363349,-9.688101533,-4.219767699,2
-4.821883858,8.112783989,-9.162373464,-1.286453095,-9.69815762,-4.119386825,2
-4.94167437,8.03141648,-10.29340606,-1.205817089,-9.71387185,-4.565459905,2
-5.054211574,7.956359507,-11.37315547,-1.175322103,-9.719132732,-5.104184586,2
-5.170489085,7.858209941,-12.51920267,-1.108623705,-9.727246494,-5.5020378,2
-5.329309456,7.74649864,-13.44957309,-1.042214965,-9.767876988,-6.137739666,2
-5.409439866,7.682431189,-14.16191692,-1.015746578,-9.75652862,-5.613970897,3
-5.484509324,7.566342758,-14.55717977,-0.968010199,-9.764857587,-4.524281566,3
-5.646812098,7.391878098,-15.2540382,-0.864228042,-9.785503785,-3.310330339,3
-5.818655838,7.213106628,-15.3651128,-0.744678959,-9.802233933,-2.453070699,3
-5.980402942,7.054546914,-15.12324904,-0.74623233,-9.819667413,-1.417177297,4
-6.113850171,6.92267671,-14.50771461,-0.740670307,-9.832302897,0.747838372,4
-6.193562275,6.823474108,-13.51849845,-0.742718466,-9.851052084,3.379869877,4
-6.365427167,6.72301432,-12.27529625,-0.794980101,-9.898819888,6.435598201,4
-6.424552003,6.582021387,-8.655830209,-0.858101619,-9.90100255,9.950023793,4
-6.42815583,6.494241663,-2.477542058,-0.955536236,-9.895171551,13.12339022,4
-6.392478971,6.486527949,5.480043789,-1.065254217,-9.884498445,15.30238255,4
-6.391546306,6.563565519,14.26115885,-1.129562401,-9.834071289,15.72224071,4
-6.330663446,6.694507428,23.73569533,-1.214389646,-9.736502395,14.46272227,4
-6.321207492,6.99103406,30.83456627,-1.450268215,-9.647311985,13.74813315,4
-6.33231884,7.105524679,36.07105869,-1.766573759,-9.569072035,13.69002095,4
-6.298205193,7.054428827,36.70440483,-1.908362397,-9.518994963,13.27856093,4
-6.039362122,7.09184385,32.31307249,-2.034061613,-9.492441542,9.768121768,1
-5.762533308,7.385961038,28.65615913,-2.175971334,-9.579143636,8.385131459,1
-5.618916983,7.545038764,24.7505548,-2.026902589,-9.607983773,6.05108512,1
-5.498679206,7.613953146,20.87669758,-2.086899774,-9.563478755,3.845153064,1
-5.302332065,7.730208522,17.76714785,-2.051649605,-9.582661475,2.185664435,1
-5.197327683,7.805304663,15.0949844,-2.002717436,-9.579006978,0.666997984,1
-5.070478983,7.888605024,12.78553797,-1.986197051,-9.567718843,-0.489046399,1
-4.974957792,7.950115571,10.74267518,-1.929056316,-9.573688098,-1.36121122,1
-4.912387564,7.981590817,8.990763577,-1.859191132,-9.581450945,-1.976422212,1
-4.83721256,8.03104651,7.47758177,-1.804707602,-9.593696318,-2.222264742,1
-4.809484956,8.058655667,6.273517481,-1.73872948,-9.60506653,-2.375609272,1
-4.792447267,8.068022804,5.141385625,-1.665200499,-9.608760167,-2.721129521,1
-4.762724086,8.085508961,4.050177715,-1.63908969,-9.608394457,-2.946304003,1
-4.749899768,8.101856697,2.945075368,-1.571424184,-9.623250125,-3.212946395,1
-4.747652399,8.110359673,1.768371935,-1.533025648,-9.625214381,-3.664885049,1
-4.739472314,8.114724002,0.331510556,-1.504608898,-9.631337249,-3.847491919,1
-4.765415312,8.096202682,-1.283999705,-1.408133378,-9.646413844,-4.3768316,2
-4.829494738,8.070236253,-2.776948828,-1.324485462,-9.665730618,-5.177679571,2
-4.878335378,8.027411519,-4.312771658,-1.226487566,-9.666799686,-5.603033805,2
-4.930075316,7.992518647,-6.060040292,-1.182021173,-9.678632293,-5.561608156,2
-5.011179995,7.949921605,-7.824684676,-1.077321364,-9.699592452,-5.520892669,2
-5.118568603,7.872532535,-9.219633501,-0.942963783,-9.711394392,-5.645747291,2
-5.233773654,7.756303706,-10.34544812,-0.831849583,-9.714010862,-5.769427232,2
-5.351843897,7.653798822,-11.32147488,-0.737555539,-9.717392223,-5.14049374,2
-5.447419387,7.520168351,-11.9433856,-0.607236918,-9.737777355,-4.3548177,2
-5.587509015,7.381521,-12.37976936,-0.496391594,-9.734155881,-3.390317856,2
-5.724868997,7.241222902,-12.44153908,-0.440615621,-9.730302563,-1.971540677,3
-5.861781323,7.109824987,-12.89516152,-0.408266705,-9.737377378,-0.018289624,3
-6.019395862,7.038809231,-13.30136985,-0.397118219,-9.758487736,2.532489787,3
-6.106504315,6.97919735,-13.29767578,-0.45169438,-9.765753921,6.056148251,4
-6.244445428,6.800716855,-12.71953409,-0.479648275,-9.771378004,9.677730708,4
-6.253384171,6.623412725,-11.65550437,-0.470399197,-9.850441566,12.5866959,4
-6.279198685,6.427256695,-7.371564435,-0.531972836,-9.858189883,15.14136915,4
-6.349938446,6.335056655,-0.595904271,-0.605514705,-9.865979306,17.14676269,4
-6.324965275,6.386728451,8.321003419,-0.708326835,-9.848945494,18.2864728,4
-6.370825353,6.494345686,17.65278083,-0.806393873,-9.795533318,17.9721355,4
-6.350571385,6.646004835,26.44308247,-0.878124657,-9.71161829,16.65306298,4
-6.325011453,6.888406043,31.62970595,-1.141273079,-9.672524288,15.64686194,4
-6.258718258,6.976922884,33.84463004,-1.339592455,-9.602540816,14.90485093,4
-6.103061651,7.057962312,32.83081297,-1.383624053,-9.550128914,13.58281562,4
-5.928312844,7.113618183,29.61007583,-1.529145652,-9.526692336,10.86766172,1
-5.593091477,7.387691006,26.82154611,-1.795268793,-9.535410524,8.824987622,1
-5.38568772,7.488359788,23.77448033,-1.737542929,-9.525012293,6.866126282,1
-5.166301657,7.636952053,20.79863465,-1.860412616,-9.508042959,5.345732541,1
-4.987385122,7.75802294,17.89582952,-1.903503685,-9.520936877,4.353476209,1
-4.867268231,7.835438869,15.23565328,-1.894377763,-9.528860725,3.180944151,1
-4.763310629,7.928701614,12.8231714,-1.878987587,-9.549128179,2.141869933,1
-4.687475634,8.004903553,10.73067151,-1.841140563,-9.556307764,0.950403295,1
-4.615097023,8.071156509,9.043119686,-1.846128516,-9.56068184,0.025254142,1
-4.512203376,8.146579093,7.414273863,-1.872847693,-9.58339791,-0.400576396,1
-4.482410221,8.192463497,5.85720002,-1.844986561,-9.591697651,-1.129986076,1
-4.443178031,8.24003681,4.522694283,-1.810444253,-9.593222144,-1.926647088,1
-4.37096109,8.282096879,3.586504698,-1.773474618,-9.599323562,-2.520940421,1
-4.403437984,8.294063037,2.572684157,-1.707035933,-9.610171544,-3.279198573,1
-4.387194618,8.310393941,1.645232478,-1.644922684,-9.617819317,-3.749175676,1
-4.384088881,8.332831771,0.810447617,-1.587632628,-9.64679134,-4.278458984,1
-4.38890103,8.335961402,-0.093172204,-1.53290335,-9.653146119,-4.757885877,2
-4.410857609,8.332652382,-1.007004656,-1.467007225,-9.658853368,-5.357098515,2
-4.420395711,8.332598306,-1.867799978,-1.424651466,-9.67564568,-5.816965427,2
-4.445055966,8.336834244,-3.156344971,-1.40445937,-9.680433667,-5.847541968,2
-4.502324751,8.314997506,-4.544284599,-1.329779507,-9.693716732,-6.051464846,2
-4.573478691,8.290685618,-5.99584224,-1.261910021,-9.6977179,-6.179029911,2
-4.603603984,8.225013661,-7.46564955,-1.17227254,-9.697405889,-6.456242269,2
-4.679776726,8.181542559,-9.008646106,-1.153469667,-9.710285419,-6.206780644,2
-4.767278982,8.128821488,-10.72884546,-1.060292775,-9.75303332,-5.630833304,2
-4.94362115,8.012819347,-11.99581608,-0.942397268,-9.761823655,-5.494217182,3
-5.070449818,7.923385874,-13.05463517,-0.892344036,-9.7584292,-5.210033146,3
-5.196425354,7.802053747,-14.00627442,-0.816557192,-9.749956074,-4.649307683,3
-5.315446338,7.681450712,-14.8144983,-0.760434339,-9.744138862,-3.66712543,3
-5.462023683,7.598626958,-16.26350414,-0.710771022,-9.769407258,-1.956642265,3
-5.638727783,7.465860636,-17.15325744,-0.640960119,-9.768090975,0.169485721,3
-5.714924511,7.326072768,-17.58473955,-0.70350965,-9.749870286,3.320974605,3
-5.887477642,7.156729292,-17.72785677,-0.679062773,-9.770089367,6.572762236,4
-5.840083562,6.96996405,-14.79450078,-0.660805729,-9.825466268,9.258694012,4
-5.859526889,6.854667491,-8.357623926,-0.73741667,-9.807095275,11.51544729,4
-5.941690036,6.885915492,0.403489202,-0.864998148,-9.803325346,13.59050714,4
-5.967923393,6.96664498,9.558819196,-0.997210957,-9.757403533,14.85644277,4
-6.022454306,7.058173511,18.55519979,-1.073820603,-9.712600952,15.02618504,4
-5.978041058,7.206871516,25.83786062,-1.263204317,-9.644762434,14.6126718,4
-5.939636746,7.325001747,29.55737917,-1.501360385,-9.591472199,14.47343926,4
-5.828134551,7.350490692,30.17371861,-1.573828342,-9.509074027,13.47304353,1
-5.710798323,7.390297133,27.68476293,-1.665193018,-9.446458525,10.95179747,1
-5.381320942,7.586579899,24.38778304,-1.792928858,-9.535530815,8.279783834,1
-5.069241227,7.788788539,21.62234831,-1.954745883,-9.534087422,6.368835166,1
-4.938729306,7.89288204,18.16076663,-1.922176328,-9.511773148,4.733792358,1
-4.805647307,7.999161289,15.27621573,-1.998266042,-9.537595441,2.917605239,1
-4.757684964,8.027677263,12.52780377,-1.976813732,-9.582077957,1.247474969,1
-4.673565299,8.047244529,9.419896246,-1.938676846,-9.556249618,-0.384951729,1
-4.574892557,8.107701397,6.848112464,-1.973633075,-9.536856923,-1.529134216,1
-4.524807335,8.150895172,4.876889608,-1.915907455,-9.531118637,-2.672834756,1
-4.529264923,8.191588598,3.238644187,-1.832402174,-9.543757212,-3.666576409,1
-4.661871246,8.179052084,1.62211875,-1.802030421,-9.578797966,-4.459524067,2
-4.684449282,8.195544673,0.273258512,-1.765920306,-9.586929565,-4.880472564,2
-4.698153449,8.202780219,-0.97437426,-1.755619923,-9.607625053,-5.411602947,2
-4.75336274,8.182189076,-2.650897358,-1.652466635,-9.64817184,-5.575858635,2
-4.813238918,8.137687157,-4.331023936,-1.525867726,-9.658645301,-6.003105254,2
-4.881063217,8.048697257,-5.5714582,-1.404081739,-9.628767344,-7.153554862,2
-4.960916421,8.006417503,-6.550830975,-1.338077385,-9.641984907,-8.104432358,2
-5.031128483,7.97889252,-7.668104883,-1.275590828,-9.665019219,-8.93727606,2
-5.097938491,7.928999289,-8.995761667,-1.185764096,-9.686242155,-9.464565248,2
-5.204354935,7.865208341,-10.49526926,-1.087756934,-9.700861662,-9.760830385,2
-5.290594062,7.801206018,-12.13060418,-0.999949322,-9.714139696,-9.872901243,2
-5.425929911,7.724380411,-13.6609621,-0.85550935,-9.761079034,-9.962277955,2
-5.591111214,7.610237086,-14.77429261,-0.71907017,-9.784153447,-10.15660117,2
-5.710233404,7.468063973,-15.61645852,-0.548181192,-9.771121924,-9.883787716,2
-5.82144437,7.32914583,-16.03772406,-0.466821669,-9.745222026,-9.316307875,2
-5.943652122,7.160147839,-16.69978435,-0.342360577,-9.749143307,-8.368540823,3
-6.056111106,7.018752742,-17.18512802,-0.247590763,-9.741040922,-6.705630152,3
-6.169431848,6.930986719,-17.56486469,-0.236459493,-9.734323335,-3.632553568,3
-6.25620262,6.841608623,-17.53195203,-0.265566594,-9.781429423,0.853255272,3
-6.404739111,6.711989088,-17.33577923,-0.230819382,-9.880725512,4.617865823,3
-6.347439711,6.582313273,-11.92256722,-0.25694242,-9.903180575,8.136887836,4
-6.392226291,6.503321343,-3.683856889,-0.287599639,-9.900403164,10.89632552,4
-6.418120146,6.585032875,5.480282983,-0.364503485,-9.908172095,13.06086661,4
-6.482699182,6.717304939,14.46503168,-0.475992187,-9.883403437,14.37022474,4
-6.493974015,6.865749268,22.54744106,-0.605863536,-9.873730293,14.78470844,4
-6.430397434,7.057136223,28.43422516,-0.81230817,-9.842319207,15.19207573,4
-6.399250812,7.121808545,31.33700576,-0.987387061,-9.783337338,15.43086398,4
-6.208803924,7.216172698,31.78682015,-1.136181762,-9.749939649,14.91600194,1
-5.920865806,7.247032271,29.65329072,-1.231177389,-9.657770139,12.84371225,1
-5.686511165,7.391462218,26.10248501,-1.461598575,-9.772520906,10.33562278,1
-5.511292096,7.549714177,22.66364226,-1.426843013,-9.810671464,8.494479638,1
-5.342258791,7.660877364,19.31705557,-1.501200785,-9.78796401,6.367394292,1
-5.170123796,7.771817626,16.52560858,-1.544764783,-9.783725008,4.800493927,1
-5.048942995,7.860571455,13.84933789,-1.538263216,-9.766123139,3.410607816,1
-4.975710803,7.928583279,11.60459696,-1.569516392,-9.768917479,1.919977514,1
-4.865940118,8.001285792,9.542257506,-1.595539469,-9.759917394,0.811502339,1
-4.840550787,8.045796256,7.526268095,-1.56718343,-9.773091594,-0.277953958,1
-4.788133868,8.08436939,5.876966342,-1.542543957,-9.766001972,-1.552285378,1
-4.757834208,8.116378566,4.493490019,-1.485372538,-9.786028112,-2.595137607,1
-4.748679501,8.153162203,3.137995597,-1.43995065,-9.784876723,-3.899908178,1
-4.719545632,8.196669613,1.920916753,-1.422269645,-9.793698198,-4.804324836,1
-4.720833168,8.20694937,0.737377919,-1.349469773,-9.806465661,-5.806819099,2
-4.744326648,8.204090073,-0.831540309,-1.2713557,-9.800944188,-6.412744325,2
-4.780163258,8.180530012,-2.24814818,-1.171906788,-9.803030258,-7.315490831,2
-4.81647246,8.135902296,-3.721043882,-1.114861028,-9.778949808,-8.114761295,2
-4.876058809,8.113819966,-5.382163411,-1.001440334,-9.802653292,-8.817292438,2
-4.919373974,8.076574866,-7.117428009,-0.933202881,-9.791145121,-9.450740723,2
-5.002967888,8.019231,-8.991549276,-0.831063336,-9.792933915,-9.891453748,2
-5.101772597,7.990793869,-11.03919714,-0.776022415,-9.803101304,-10.23244565,2
-5.209186405,7.946438647,-13.14029581,-0.663384929,-9.831623198,-10.15138973,2
-5.330416105,7.822436645,-15.03605886,-0.549429689,-9.819631817,-9.522281107,2
-5.475395365,7.659745938,-16.54911964,-0.396365468,-9.79938052,-9.016086461,2
-5.53611707,7.512401186,-17.91052638,-0.350219063,-9.770705635,-7.752092242,2
-5.634893178,7.401848943,-19.00448593,-0.304115403,-9.78185256,-5.279452048,3
-5.811020021,7.378690515,-20.83139016,-0.327492907,-9.77840112,-0.657117638,3
-5.9052259,7.262736932,-21.70091664,-0.265333158,-9.842511305,4.489311167,3
-6.110202963,7.050755131,-20.77139087,-0.307524224,-9.928166613,9.484467002,4
-6.240421398,6.852652166,-19.19507266,-0.439244999,-9.941454036,14.50161443,4
-6.45927064,6.616554156,-16.53127325,-0.559740369,-9.959176057,19.21447641,4
-6.443701973,6.376187175,-12.0361954,-0.635994759,-9.946518206,22.81932566,4
-6.40296031,6.186852144,-4.533655343,-0.735887275,-9.888935855,24.4977057,4
-6.392538469,6.151453783,5.36629631,-0.872219247,-9.795666611,24.01442961,4
-6.405162837,6.235108508,15.7070211,-1.024225359,-9.696077719,21.89915052,4
-6.369112448,6.417128049,25.45796812,-1.243102447,-9.588866017,18.96145342,4
-6.32519944,6.669909787,32.20380983,-1.443599104,-9.498765957,15.64330475,4
-6.240423115,6.845366168,33.91942136,-1.673907532,-9.435574574,12.97381177,4
-6.11315735,6.901457898,33.35820072,-1.855631397,-9.369249141,10.71454567,1
-5.926216706,7.146478301,29.5910252,-1.99497327,-9.427887089,7.206625098,1
-5.5883261,7.365648952,25.93052771,-2.122983256,-9.459326587,5.50462104,1
-5.364476295,7.503447566,21.80500904,-2.075408061,-9.437670997,3.685933478,1
-5.19128453,7.64926502,18.15868191,-2.12554482,-9.466291307,2.206187239,1
-5.143233134,7.742646275,14.7889856,-2.018727177,-9.494918785,0.48948934,1
-5.037130126,7.819114883,12.14183309,-1.998826403,-9.500717643,-1.526219715,1
-4.901694509,7.906815805,9.915373934,-2.014513203,-9.514867831,-3.040155505,1
-4.800327661,7.986391009,7.758367326,-1.980936188,-9.512197788,-4.074554745,1
-4.761908127,8.031091823,5.849575902,-1.885793321,-9.532147217,-5.080353303,1
-4.729730805,8.068517998,4.453478355,-1.810639368,-9.544407081,-6.141369591,1
-4.682112704,8.124238616,3.251090588,-1.775293692,-9.557817184,-7.019067061,1
-4.67375716,8.160588466,1.859259078,-1.710684984,-9.566301548,-7.654351665,2
-4.672803988,8.174074556,0.443799362,-1.584348504,-9.599329018,-8.379903518,2
-4.693033595,8.170861586,-0.884971787,-1.486188735,-9.618905506,-9.399455513,2
-4.721142648,8.159206869,-2.194289623,-1.371116636,-9.635492885,-10.28805873,2
-4.765892577,8.145349346,-3.597676052,-1.250209112,-9.6521694,-10.97575902,2
-4.80562482,8.121716738,-5.233051375,-1.147071075,-9.653108189,-11.37828176,2
-4.85562981,8.089646872,-7.285981119,-1.070131818,-9.666143915,-11.53058447,2
-4.944075161,8.039557334,-9.479934655,-0.931877876,-9.686903948,-11.51899297,2
-5.073134422,7.968178915,-11.87775302,-0.814782897,-9.682931541,-10.7293221,2
-5.194882494,7.877754908,-14.16168338,-0.709519846,-9.684985036,-9.09351549,3
-5.331227837,7.711852433,-16.26463451,-0.570115391,-9.683241837,-7.662554367,3
-5.48176566,7.559244861,-18.20335596,-0.503148919,-9.66992169,-5.483335873,3
-5.700984649,7.471595671,-20.03423667,-0.424721184,-9.708672857,-1.735836984,3
-5.829787851,7.363622101,-20.78429781,-0.417099682,-9.740380859,2.225149762,3
-5.943191164,7.213266476,-19.96809193,-0.507472623,-9.778675462,6.687225577,3
-6.227763403,6.995776548,-20.71500878,-0.574504188,-9.820010401,11.6386291,3
-6.376670617,6.754724975,-19.38574691,-0.701391191,-9.854601578,16.42761475,4
-6.319561932,6.504427263,-15.11908321,-0.834747273,-9.852804647,20.31870515,4
-6.324233768,6.28819444,-7.89614841,-0.952017374,-9.782462865,22.75195881,4
-6.269447832,6.202943653,1.686770455,-1.077551698,-9.721376802,23.39462367,4
-6.305049674,6.230171585,11.66057045,-1.206058099,-9.623117355,21.85663503,4
-6.269204233,6.36013938,21.705754,-1.349968755,-9.547465747,18.50099641,4
-6.234367562,6.613124186,29.87307221,-1.498460816,-9.466607662,14.49359604,4
-6.23328515,6.758141468,32.00367833,-1.715221678,-9.410186093,11.94216725,4
-6.096820002,6.849293856,30.27723668,-1.788730134,-9.350111796,9.888149597,1
-5.61330444,7.222642168,27.92757293,-2.008727149,-9.457380906,7.873483027,1
-5.332571638,7.408173692,24.7722407,-2.101549749,-9.445126402,5.97458178,1
-5.087027878,7.538293786,21.42149251,-2.228232572,-9.438034148,3.836215288,1
-4.92379379,7.66220267,18.13690015,-2.242077365,-9.462110512,1.934916323,1
-4.794645734,7.759417805,15.2385052,-2.191424822,-9.451964115,0.045641133,1
-4.685362382,7.859266499,12.6182148,-2.206574846,-9.457519987,-1.783715952,1
-4.594572526,7.955732077,9.809894951,-2.194162278,-9.475183949,-3.336021959,1
-4.483740695,8.012950309,7.489882227,-2.153487597,-9.485073332,-4.607955738,1
-4.414961983,8.080705731,5.232995147,-2.120604801,-9.503905035,-5.003346142,1
-4.397344866,8.12246165,2.859290267,-2.035073626,-9.521198969,-5.403790717,1
-4.370742985,8.157368463,0.943610447,-1.984336982,-9.534639228,-6.235133624,1
-4.390140788,8.171609742,-0.757446961,-1.902066,-9.558037609,-7.18023906,2
-4.376789467,8.187573687,-2.453556689,-1.8393356,-9.577262826,-7.841290188,2
-4.425643203,8.200939588,-4.328821839,-1.776636525,-9.610433969,-7.960611938,2
-4.519013344,8.1837416,-6.191771302,-1.668062283,-9.648303924,-8.356777523,2
-4.6054474,8.11264028,-7.760581523,-1.557671945,-9.640765511,-8.887586914,2
-4.695216909,8.069315018,-9.172121365,-1.457430054,-9.662242549,-9.186646369,2
-4.80135388,8.005195728,-10.40931099,-1.330357613,-9.661200618,-9.477163325,2
-4.901749936,7.914933668,-11.4725738,-1.230262818,-9.672228704,-9.777078623,2
-5.031460466,7.820883949,-12.53019207,-1.129904157,-9.671160123,-10.05051431,2
-5.155687878,7.741374374,-13.68435787,-1.045977167,-9.691437707,-10.54208325,2
-5.275958189,7.671093889,-14.97646927,-0.969852261,-9.707277687,-10.4006355,2
-5.395880282,7.578189204,-16.34042432,-0.892916121,-9.705563932,-9.972360182,2
-5.553197973,7.407317721,-17.21275215,-0.687406109,-9.722354705,-10.17397429,2
-5.68959636,7.239621187,-18.03226145,-0.592150416,-9.711164322,-10.19755629,2
-5.789681084,7.114094832,-18.89477813,-0.471064465,-9.717926391,-9.573389315,2
-5.911540734,6.983101923,-19.44732493,-0.401506016,-9.700399729,-8.093801718,3
-6.009178137,6.887135523,-19.92565232,-0.349803211,-9.69118426,-4.953694534,3
-6.117604913,6.782375239,-20.21885993,-0.318846258,-9.704702652,-1.105573641,3
-6.280308485,6.638374961,-19.0127965,-0.253040884,-9.778520898,3.57930661,3
-6.435225081,6.533521349,-18.50017407,-0.35276982,-9.834517915,8.628740479,4
-6.584186583,6.344854283,-16.92767697,-0.483415388,-9.87486711,13.73338842,4
-6.597271278,6.125605291,-13.65004514,-0.559728868,-9.87837539,17.92902757,4
-6.570068362,5.963962878,-7.41334357,-0.675809432,-9.839257945,20.99320624,4
-6.628262067,5.876284169,0.522360109,-0.845980242,-9.784372189,22.49096093,4
-6.634970134,5.884719761,9.355536611,-0.974131532,-9.705470292,22.37327393,4
-6.614275534,5.963606086,18.51018972,-1.099239304,-9.607155317,20.87545403,4
-6.589238892,6.131347703,27.69716906,-1.244882579,-9.510954563,17.94926954,4
-6.479634746,6.427051043,34.13083315,-1.485478448,-9.416886258,14.56141769,4
-6.42533089,6.562126502,35.74830623,-1.812351141,-9.361285736,12.33190887,4
-6.281116875,6.651154458,33.76068902,-2.003454705,-9.304005374,9.920718219,1
-5.826986969,7.017606662,31.18672153,-2.188975022,-9.391362946,7.832902428,1
-5.599289784,7.178765706,27.84602724,-2.219326234,-9.393538199,5.803526107,1
-5.333030303,7.353904608,24.30012979,-2.331794672,-9.401728798,3.855606691,1
-5.145675062,7.481322945,20.70494322,-2.317932289,-9.388810985,2.28534116,1
-4.990235299,7.595457897,17.58273355,-2.329210579,-9.399101879,0.581371405,1
-4.826444422,7.692576028,14.77157781,-2.315906113,-9.395317758,-0.808013616,1
-4.71703925,7.790385628,12.15436753,-2.291309767,-9.402457265,-1.967866379,1
-4.641956562,7.864135886,10.0164993,-2.268626491,-9.417159395,-3.191285399,1
-4.547601833,7.955062717,8.047617514,-2.228325609,-9.434723231,-3.970969704,1
-4.521972799,8.010064376,5.981910604,-2.180906451,-9.468679245,-4.559822397,1
-4.510170378,8.055484107,4.204171781,-2.12051961,-9.485382884,-5.802745616,2
-4.485731308,8.073007223,2.854102137,-2.025563695,-9.517911213,-6.789412359,2
-4.455401444,8.117212754,1.524872427,-1.998749126,-9.532500754,-7.522101532,2
-4.415823359,8.15791683,0.14906407,-1.955365278,-9.567728796,-8.181757614,2
-4.479437674,8.16105546,-1.401917395,-1.844429464,-9.600117793,-8.941518483,2
-4.548028974,8.135776829,-2.984047133,-1.718504202,-9.60234108,-9.694035711,2
-4.604984559,8.11448203,-4.328069772,-1.608103207,-9.602938832,-10.680683,2
-4.66548017,8.091300288,-5.565716133,-1.487042375,-9.621656816,-11.52511269,2
-4.723751861,8.076018547,-6.967662307,-1.397243983,-9.638220946,-12.31059284,3
-4.774956501,8.079734986,-9.076044774,-1.362859297,-9.636638642,-12.4285236,3
-4.879720969,8.044163406,-11.57466386,-1.223161169,-9.692364562,-12.03511733,3
-4.992238912,7.957833097,-13.94935546,-1.04267877,-9.686166176,-11.01216905,3
-5.137412766,7.835739101,-15.73085389,-0.895067252,-9.69120447,-9.979326345,3
-5.226529319,7.709903495,-17.27914688,-0.775692623,-9.683055269,-8.447481877,3
-5.429008541,7.502789494,-18.6198479,-0.626602443,-9.682918494,-6.889700406,3
-5.566867597,7.427544644,-20.12509331,-0.601083518,-9.71739432,-3.596023826,3
-5.733004982,7.423911979,-21.41213828,-0.614323638,-9.739961531,1.66524739,3
-5.904692744,7.179536925,-20.45223936,-0.660993722,-9.820291074,6.74690729,4
-6.061306104,6.880929078,-20.80404787,-0.704079835,-9.849486376,11.24441022,4
-6.144205237,6.608230555,-18.60819877,-0.740541986,-9.852464832,15.05869654,4
-6.21134177,6.311512012,-14.52726055,-0.844850862,-9.823996942,17.60690762,4
-6.273795689,6.123503962,-7.409911098,-0.984376435,-9.779768836,18.90689854,4
-6.292903727,6.130886212,1.067474675,-1.130327627,-9.731327966,19.72737385,4
-6.265798535,6.205202705,10.63108163,-1.293041305,-9.659542472,19.05200041,4
-6.289246097,6.295957482,20.39807896,-1.377435041,-9.569595191,17.14456048,4
-6.199718285,6.531766264,29.95984763,-1.467323405,-9.429389752,14.1374208,4
-6.12240988,6.809506057,35.42018089,-1.87869192,-9.3480356,12.81418774,4
-6.054810749,6.900587719,37.4752527,-2.086363339,-9.258884651,11.70723948,4
-5.901284487,6.956981109,36.3105003,-2.126356577,-9.218013058,9.74153229,1
-5.425978799,7.32815058,33.10610994,-2.437068524,-9.372538728,7.479614441,1
-5.173964163,7.542897552,29.32405415,-2.494288627,-9.382875842,5.604368858,1
-4.922145988,7.661986409,25.18969597,-2.535001917,-9.358637698,3.551696236,1
-4.729976846,7.784778714,21.18641764,-2.60345974,-9.363956673,2.000719836,1
-4.590611758,7.882820435,17.49542676,-2.558661667,-9.369241105,0.289948141,1
-4.493598698,7.969179566,14.15550008,-2.50314129,-9.376675458,-1.106789397,1
-4.449663343,8.040174326,11.26547465,-2.444766813,-9.404045102,-2.547200656,1
-4.397677288,8.092518506,9.07818868,-2.370241076,-9.423943522,-4.101457987,1
-4.344009885,8.147845635,7.222052186,-2.332209394,-9.434519038,-5.120406194,1
-4.280197609,8.187880299,5.387416837,-2.323152058,-9.432092116,-5.536574824,1
-4.247817467,8.228036308,3.791433183,-2.257479184,-9.457022949,-5.906774338,1
-4.249733079,8.25069217,2.627676966,-2.144176344,-9.489215413,-6.836997839,1
-4.224402161,8.277406515,1.679757044,-2.08672634,-9.488916876,-7.28644717,2
-4.228621569,8.294665956,0.552648551,-2.019455662,-9.501653128,-7.668389162,2
-4.250959232,8.291629417,-0.598434735,-1.960305526,-9.512780835,-8.136727143,2
-4.262568206,8.284659948,-1.983528445,-1.898459665,-9.518741716,-8.500565269,2
-4.284020717,8.288042125,-3.676307787,-1.853421772,-9.54029145,-8.568521473,2
-4.346707711,8.255898985,-5.648297153,-1.746395136,-9.565504063,-8.423933893,2
-4.459245406,8.202233814,-7.546042681,-1.621864397,-9.586191588,-8.475024082,3
-4.574276397,8.151984533,-9.262122539,-1.533030561,-9.590568509,-8.502919872,3
-4.676518725,8.099707024,-10.73882517,-1.440394019,-9.617106115,-8.658142927,3
-4.769298947,8.042883501,-12.24704158,-1.40561611,-9.621652586,-8.165490615,3
-4.86913208,7.951804471,-14.07678286,-1.342239631,-9.59457269,-7.061678564,3
-5.016397546,7.852003051,-15.57630058,-1.255789474,-9.602378715,-5.775416125,3
-5.149788923,7.697363288,-16.60665783,-1.173252984,-9.603597508,-3.781146365,3
-5.346586999,7.651770258,-18.20323387,-1.118457668,-9.668722615,-0.591501941,3
-5.505711036,7.614211381,-18.64533431,-1.078374639,-9.718852604,3.281076075,3
-5.621664273,7.361967345,-17.50495775,-1.127800104,-9.738597105,7.121076902,4
-5.885940974,7.140407782,-16.21083669,-1.206663054,-9.778878308,11.0279757,4
-5.961942089,6.912541626,-14.66618888,-1.26807777,-9.7977544,14.57124393,4
-6.151380381,6.709486346,-12.63400492,-1.350823414,-9.829196297,17.8440942,4
-6.134580056,6.504063561,-8.051915593,-1.425843884,-9.791877763,19.56028025,4
-6.150593556,6.40507054,-0.065200812,-1.499565277,-9.743583786,20.20212043,4
-6.156757715,6.39895368,9.239852144,-1.568019482,-9.690796195,19.16851016,4
-6.108900419,6.523622403,19.34826053,-1.646201431,-9.57816106,17.07715455,4
-6.067665965,6.758793648,28.40915239,-1.773459105,-9.489381427,14.20155986,4
-6.052418984,6.968210808,32.63231809,-1.974108965,-9.413707726,12.26469359,4
-5.945810187,7.130559385,34.7680602,-2.226071028,-9.331036451,10.66055482,4
-5.768673433,7.18842521,32.80055102,-2.261021399,-9.267464201,8.028363913,1
-5.281114362,7.65963855,31.24276683,-2.489394283,-9.388219384,6.404984864,1
-4.989976719,7.830982123,27.75884954,-2.590515065,-9.390287551,4.723381781,1
-4.791521043,7.937706247,24.10686902,-2.607817638,-9.390350602,3.232717748,1
-4.593827604,8.047925644,20.56449766,-2.679796098,-9.401554432,1.912614549,1
-4.473302239,8.140369968,16.95820315,-2.634236766,-9.408287906,0.445004044,1
-4.378938597,8.212533447,13.92743332,-2.565067276,-9.410608254,-1.343298005,1
-4.306383608,8.248434602,11.38306177,-2.485982801,-9.422129888,-2.895468145,1
-4.248917773,8.290571429,9.298885687,-2.435895547,-9.427679686,-4.128531882,1
-4.194491776,8.320924368,7.474077792,-2.351192164,-9.441519094,-4.980811281,1
-4.170964763,8.356159594,5.743237226,-2.270756345,-9.458743992,-5.529251054,1
-4.13953917,8.385204048,4.275583321,-2.190023758,-9.47687382,-5.96499578,1
-4.149361449,8.401524448,3.085770672,-2.100986292,-9.48571795,-6.405650968,1
-4.140774792,8.42200405,1.972923079,-2.042685136,-9.498818339,-6.749072326,1
-4.09783172,8.464531221,0.732850941,-2.020679045,-9.506389662,-6.757211138,2
-4.117071845,8.463295227,-0.775174506,-1.917259406,-9.529990547,-6.588986377,2
-4.181743173,8.424028875,-2.382213246,-1.824703439,-9.541533521,-6.53353835,2
-4.250465371,8.390826056,-3.875189666,-1.717831889,-9.566899078,-6.716641862,2
-4.32733914,8.338742092,-5.300272717,-1.610747986,-9.570895361,-6.918620306,2
-4.40871633,8.280462852,-6.801953456,-1.521780576,-9.589439356,-6.769689458,2
-4.513164321,8.227536558,-8.319614052,-1.447645921,-9.620492841,-6.849501699,2
-4.632400654,8.151245916,-9.636644019,-1.311624308,-9.662384096,-6.77907986,2
-4.782530586,8.04337001,-10.5217262,-1.203318843,-9.678634798,-6.633273212,2
-4.90675363,7.935814757,-11.39190251,-1.086477264,-9.661639839,-6.118966396,3
-5.032241586,7.810478072,-12.04499088,-1.007715633,-9.653778757,-5.292436156,3
-5.113319396,7.680208037,-12.44396398,-0.902595467,-9.643701695,-4.263416506,3
-5.295501687,7.530751754,-13.18949131,-0.831051196,-9.689147813,-3.306854082,3
-5.455613503,7.427733672,-13.92621812,-0.788948483,-9.739350889,-2.14186343,3
-5.629383674,7.341943891,-14.2126496,-0.781696568,-9.749421688,-0.162622494,3
-5.7994005,7.301876552,-14.7854103,-0.803441451,-9.767487759,3.627396092,3
-5.947281574,7.103401468,-13.82728883,-0.908877039,-9.819448968,7.908772861,4
-6.118424072,6.852771167,-14.10128622,-0.946034564,-9.859688107,12.39073485,4
-6.211009623,6.654542429,-11.313138,-1.021689512,-9.846493074,16.28784627,4
-6.213240444,6.434303766,-6.49915117,-1.086184107,-9.817868415,19.19164519,4
-6.222807909,6.302442997,1.141596428,-1.193397459,-9.777780243,20.71281169,4
-6.323795206,6.263026321,10.19473168,-1.285525405,-9.72214283,20.08305402,4
-6.285716181,6.35726461,19.41048204,-1.412416098,-9.632718244,18.25998335,4
-6.256429095,6.545749487,27.24145417,-1.517952387,-9.517785198,15.43304803,4
-6.171609703,6.811667839,31.6255785,-1.790103921,-9.42389568,13.40458253,4
-6.059423309,6.938537372,33.72255543,-2.021312254,-9.356226314,11.33284158,4
-5.981584595,7.003293221,32.36799875,-2.257263768,-9.394357569,9.108387191,1
-5.512585602,7.37768248,29.91003318,-2.459772645,-9.474040303,6.971632934,1
-5.300836954,7.53137602,26.12296869,-2.475922999,-9.46615674,5.691232841,1
-5.106692901,7.640771519,22.72799255,-2.487670638,-9.45465581,3.713867987,1
-4.918719727,7.748734262,19.46413984,-2.512448174,-9.450138537,2.313266071,1
-4.783822985,7.837042507,16.56923973,-2.47341946,-9.448721063,0.938780772,1
-4.677036774,7.924667375,14.06695558,-2.43521708,-9.443732869,-0.171876221,1
-4.577592471,7.991467865,12.06037316,-2.409087994,-9.454500805,-0.855080475,1
-4.539177783,8.060543946,10.11538557,-2.383646848,-9.483895894,-1.704905068,1
-4.475518746,8.113354513,8.454977086,-2.330791806,-9.491737304,-2.54013238,1
-4.436657284,8.152673115,7.209632031,-2.272337241,-9.502029784,-3.22164184,1
-4.403287442,8.192003809,6.067715871,-2.218311802,-9.516484228,-3.718214573,1
-4.388690538,8.220590605,5.042859872,-2.155100035,-9.532569523,-4.245539935,1
-4.365457795,8.253239435,4.083732859,-2.105200096,-9.545581257,-4.917844858,2
-4.34934901,8.293270914,3.198969939,-2.029556564,-9.557200318,-5.693901425,2
-4.318779659,8.317914632,2.341013039,-1.976685144,-9.57328466,-6.271415275,2
-4.328778946,8.326146052,1.332779978,-1.889924408,-9.586295501,-6.689637751,2
-4.318097621,8.345532011,0.402604725,-1.827205114,-9.607577823,-7.175999632,2
-4.280054643,8.368487911,-0.917524017,-1.792339663,-9.606665598,-7.189622957,2
-4.313539942,8.36594492,-2.377211117,-1.684847361,-9.645794061,-7.660818407,2
-4.360276585,8.362788127,-4.232114708,-1.656522224,-9.64675823,-7.507774148,2
-4.399138431,8.358122256,-6.092916217,-1.572134537,-9.694733124,-7.575296786,3
-4.484803856,8.321884225,-8.285070389,-1.488954346,-9.708799833,-7.144201574,3
-4.603158805,8.252778256,-10.3722558,-1.333798834,-9.756788245,-6.918496273,3
-4.715367079,8.192301994,-11.92370892,-1.284606182,-9.763775393,-6.147201668,3
-4.825413919,8.074349223,-13.38011644,-1.183826992,-9.750979458,-4.874778591,3
-4.947078888,7.962672816,-14.9210164,-1.096389401,-9.770424901,-2.904871417,3
-5.135018272,7.890298808,-16.2553024,-1.060548813,-9.777771226,-0.383720457,3
-5.273936109,7.723657609,-17.22704934,-1.044187573,-9.770688686,2.13223879,3
-5.448311415,7.583374761,-17.8106862,-1.043621469,-9.763989312,5.004449132,4
-5.586940115,7.41481551,-17.15678239,-1.060082324,-9.798876436,7.548105582,4
-5.719816832,7.237356424,-15.46511625,-1.139145426,-9.808812814,10.1755055,4
-5.924706742,7.036457287,-15.04041144,-1.201059009,-9.837118738,12.86083191,4
-6.044711986,6.845208326,-12.71117278,-1.305157956,-9.820015463,15.08523008,4
-6.030413852,6.66243572,-8.309827312,-1.402167883,-9.787970815,16.70287467,4
-6.006992809,6.569498624,-1.449240467,-1.526296712,-9.755908128,17.69912698,4
-6.035521328,6.532803067,7.074698013,-1.610390374,-9.686652985,17.50299791,4
-6.016989496,6.597631456,16.52089436,-1.667031164,-9.600630043,15.43364735,4
-6.025616935,6.767583808,26.29385736,-1.708917456,-9.455130783,11.62991783,4
-5.978114145,7.00931779,31.99385526,-1.991627563,-9.418239044,9.460628343,4
-5.892475707,7.121916635,33.80360199,-2.197713683,-9.387412114,8.069344931,4
-5.755519224,7.266075017,29.9994817,-2.289143548,-9.399976295,5.839304113,1
-5.438405831,7.450181734,26.55925456,-2.416238905,-9.399876186,4.12101681,1
-5.244657822,7.610689836,22.89149535,-2.370770206,-9.419656339,2.87520527,1
-5.12205374,7.709699946,19.52510743,-2.316883017,-9.444305685,1.463638682,1
-4.999092516,7.804835982,16.62375455,-2.290586409,-9.459322822,0.098770772,1
-4.897853361,7.89058288,14.25600536,-2.23669779,-9.479363372,-1.407709844,1
-4.807959408,7.966226994,12.31509775,-2.190993719,-9.49163049,-2.615443323,1
-4.731633614,8.024944179,10.51396236,-2.143822807,-9.508398632,-3.516560555,1
-4.663238526,8.07983863,8.898137031,-2.047193885,-9.52820572,-4.07141889,1
-4.651201786,8.113000077,7.503241012,-1.973456329,-9.549295181,-4.571775536,1
-4.620542562,8.145171619,6.343203094,-1.897193388,-9.577662553,-5.008761146,1
-4.573564361,8.178444047,5.25521154,-1.872968979,-9.58384173,-5.264808623,1
-4.558169306,8.206354914,4.133744642,-1.784621419,-9.601153182,-5.577698737,1
-4.555934588,8.224265361,3.155325369,-1.71706735,-9.620532972,-5.901014135,1
-4.535374467,8.241165636,2.130336675,-1.6762011,-9.630233943,-5.98025964,2
-4.553640234,8.243794406,0.789119172,-1.593182069,-9.645148558,-6.138785846,2
-4.575003316,8.243134582,-0.686310078,-1.532558025,-9.645765071,-6.389312643,2
-4.626851501,8.229814106,-2.167507339,-1.435198136,-9.649225087,-6.837112412,2
-4.675090343,8.201461853,-3.57114729,-1.35688039,-9.665475197,-7.288541104,2
-4.726033855,8.180410988,-5.043343563,-1.290208101,-9.667418193,-7.255101081,2
-4.807485065,8.133764679,-6.560758049,-1.187193732,-9.676404828,-7.245693179,2
-4.898597223,8.080802888,-7.831861034,-1.092366817,-9.717072003,-7.344682836,3
-5.01744606,8.026846764,-8.974513025,-0.978618056,-9.745583353,-7.232088535,3
-5.110242323,7.944605418,-10.09393426,-0.933766516,-9.750961899,-6.638563211,3
-5.218039952,7.864289132,-11.29693871,-0.825277439,-9.777578621,-5.870095547,3
-5.348591153,7.752961413,-12.10472452,-0.719253214,-9.790849981,-5.328485444,3
-5.448742841,7.618642326,-12.83657496,-0.656917519,-9.780344063,-4.941842409,3
-5.559208467,7.489015287,-13.61664302,-0.613993578,-9.770911805,-4.23665133,3
-5.720778637,7.384194121,-14.63550464,-0.614079272,-9.783292287,-2.379317767,3
-5.869803573,7.323139033,-15.79118661,-0.616731282,-9.776863474,0.514419161,3
-5.945452447,7.240028177,-16.33866401,-0.609234796,-9.80023517,4.332381793,3
-6.029113681,7.089379853,-15.77910486,-0.674785012,-9.842816315,8.266857599,3
-6.324536555,6.864602019,-15.03891509,-0.706373924,-9.883482548,12.05694135,4
-6.313609017,6.690230898,-12.6029822,-0.792176241,-9.8919634,15.59083745,4
-6.353350045,6.534226327,-7.449714576,-0.939261773,-9.900047987,18.77147925,4
-6.338052668,6.504815063,-0.506543855,-1.110595758,-9.848686426,21.06108473,4
-6.379553571,6.45269074,7.903867084,-1.210608399,-9.747048576,20.94608825,4
-6.305267091,6.492183764,17.18928942,-1.269194361,-9.609552516,18.32624274,4
-6.259041973,6.679522594,25.79816979,-1.417177889,-9.512260459,14.5656579,4
-6.188782423,6.920209274,31.10227899,-1.760577352,-9.433148831,11.7512508,4
-6.115848992,7.030893766,33.3455803,-2.057459841,-9.415379738,9.310311476,4
-5.997940502,7.066801507,31.18805513,-2.148746401,-9.409133007,6.947821207,1
-5.597863425,7.399023221,27.89893138,-2.256145784,-9.537966809,4.72920479,1
-5.299197388,7.65591784,24.22591001,-2.470573757,-9.550393348,3.21183627,1
-5.134619981,7.750970248,20.60724325,-2.382677443,-9.558347863,1.341749578,1
-5.078645182,7.839912284,17.12283887,-2.335808668,-9.577630817,-0.335061104,1
-4.932167583,7.918699392,14.34559783,-2.28482111,-9.557313734,-1.926049577,1
-4.834116476,7.981679866,12.141564,-2.200912697,-9.577677185,-3.103513918,1
-4.730290849,8.06214839,10.08747912,-2.163149795,-9.574658932,-3.840732091,1
-4.678115984,8.113919265,8.587833182,-2.088331736,-9.600205975,-4.71671551,1
-4.642665019,8.169645649,7.442617118,-2.007005951,-9.637338962,-5.307680992,1
-4.583491352,8.223146866,6.32824932,-1.971579601,-9.639866764,-5.933684554,1
-4.520922066,8.263890516,5.185600318,-1.919131464,-9.650958856,-6.715131298,1
-4.490561287,8.299565561,4.188371395,-1.847340533,-9.677149867,-7.717897147,1
-4.504964124,8.311251734,3.504418917,-1.752010567,-9.694309725,-8.931050244,2
-4.455300913,8.348597478,2.418456464,-1.736458802,-9.693674047,-9.752297634,2
-4.413547158,8.368703971,0.741583135,-1.643203907,-9.701886551,-10.22056506,2
-4.413947491,8.362328037,-1.379945245,-1.535367187,-9.703875041,-10.78103255,2
-4.4500945,8.346547236,-3.65392593,-1.438603772,-9.7109558,-11.31544208,2
-4.497682904,8.333196683,-6.29494447,-1.35850558,-9.720770959,-11.48326014,2
-4.605457342,8.310271849,-9.058567985,-1.214648531,-9.73306456,-11.64710642,2
-4.723672935,8.244727599,-11.57521287,-1.069713718,-9.751883804,-12.12562764,2
-4.859209737,8.189373708,-13.79539335,-0.937566024,-9.765892769,-12.37977674,3
-4.997223286,8.118918885,-16.03544031,-0.828751647,-9.785848083,-11.50923,3
-5.104663235,8.018759014,-18.24488652,-0.72179981,-9.766861012,-9.824634952,3
-5.190300508,7.910312079,-20.72970792,-0.73022031,-9.755033235,-6.944869048,3
-5.547971368,8.099783585,-23.70691807,-0.800363666,-9.713346548,-0.067845134,3
-5.701154578,7.979670841,-25.22767437,-0.595891284,-9.837650285,5.833954762,3
-5.992132057,7.645961045,-23.94883598,-0.694264082,-9.859480531,10.84389,4
-6.033162639,7.2908784,-22.07972282,-0.722870228,-9.918779726,15.1407241,4
-6.125220036,7.039733008,-17.96350879,-0.8280958,-9.908829781,18.62882517,4
-6.190786879,6.832839406,-12.85116227,-0.992560691,-9.936547339,20.98632925,4
-6.231977494,6.685086083,-5.312452459,-1.144681571,-9.845789799,22.09511465,4
-6.216554543,6.614366975,2.901720147,-1.24153985,-9.75205622,21.49705611,4
-6.179300368,6.637021366,12.47256995,-1.373632273,-9.643538172,19.27347398,4
-6.127637364,6.827868083,22.56075309,-1.526506896,-9.553931412,15.42191482,4
-6.072245639,7.085317243,28.01453685,-1.887104695,-9.503047523,12.24827484,4
-6.016485396,7.155792615,30.27110841,-2.163747544,-9.433576301,9.396487691,4
-5.944247825,7.178970681,27.81852891,-2.286069286,-9.484441215,6.795432171,1
-5.597155885,7.377165369,24.80738659,-2.517487624,-9.458734535,4.959265945,1
-5.384343726,7.529100041,20.97304275,-2.495120923,-9.492997783,3.64646326,1
-5.273142744,7.630772155,17.69132095,-2.449114915,-9.487932694,1.449560611,1
-5.080022337,7.750063164,14.67540698,-2.423639747,-9.489432265,-0.185591892,1
-4.964239899,7.838284893,11.91296269,-2.361556418,-9.506967011,-1.758992638,1
-4.908212669,7.920451274,9.556862682,-2.270002385,-9.533725694,-3.337246799,1
-4.804862737,7.992747979,7.736617742,-2.211530716,-9.540661064,-4.838578719,1
-4.686341228,8.067430066,6.21418897,-2.185780146,-9.534285432,-5.764337105,1
-4.628766424,8.116674868,4.775975494,-2.091095801,-9.566513643,-6.313920146,1
-4.583746776,8.165597269,3.394142805,-1.99532773,-9.584485608,-6.644438759,1
-4.556232174,8.192240236,2.455927408,-1.867060242,-9.608145913,-7.342856245,1
-4.521780027,8.225721623,1.720354773,-1.810349802,-9.634552328,-8.11103949,1
-4.446550047,8.271597311,0.858327396,-1.781179942,-9.638430596,-8.562480019,1
-4.427889587,8.294768429,-0.191460746,-1.707225346,-9.643459225,-8.958701209,1
-4.409586702,8.313001816,-1.314961042,-1.635279797,-9.651589664,-9.31074865,2
-4.368938663,8.330671623,-2.619629938,-1.593113677,-9.665035997,-9.556429833,2
-4.383466015,8.332305228,-4.03406796,-1.500774031,-9.672930742,-9.779658977,2
-4.363534987,8.302580041,-5.642025762,-1.37080178,-9.704237936,-10.16369197,2
-4.421201143,8.282817522,-7.298780772,-1.279998148,-9.707943811,-10.33447148,2
-4.553283052,8.267537011,-9.108444449,-1.181467366,-9.735023102,-10.43254107,2
-4.631952534,8.225350147,-10.8852281,-1.072127437,-9.75238992,-10.20484436,2
-4.741039236,8.167438933,-12.77829714,-0.924157413,-9.775328604,-9.882199767,2
-4.855026122,8.092333127,-14.12591993,-0.835777991,-9.779238228,-9.317306835,2
-4.966657843,8.007153263,-15.43746422,-0.728836328,-9.786634258,-8.575110771,2
-5.055590496,7.896500334,-16.56924749,-0.66112262,-9.768998857,-7.552912512,2
-5.188300718,7.797493738,-17.50317061,-0.640214679,-9.773944064,-6.119433049,3
-5.360613493,7.65178036,-18.61868367,-0.605392426,-9.777164464,-4.925310452,3
-5.500587263,7.568238436,-19.99784172,-0.599023827,-9.788592318,-2.666011148,3
-5.711410753,7.42755263,-21.26336897,-0.569143422,-9.799899661,0.890617582,3
-5.858707489,7.302416828,-21.74813737,-0.57916331,-9.797845176,4.936911165,4
-5.972410229,7.069069065,-19.96418433,-0.651581289,-9.849856333,8.678050924,4
-6.038183596,6.856680495,-19.44177666,-0.726142946,-9.884452822,12.25460305,4
-6.171298258,6.705972166,-15.28719754,-0.829752599,-9.874555486,15.49151508,4
-6.164190208,6.570141432,-9.671583901,-0.926616831,-9.845117019,17.70408724,4
-6.147413208,6.525142783,-1.694160906,-1.072587473,-9.771223049,19.21481161,4
-6.14817301,6.549007802,7.701546273,-1.180919832,-9.702061948,18.79135846,4
-6.122540893,6.657204859,17.72831061,-1.288356266,-9.615191691,16.47223068,4
-6.094758657,6.84291867,26.97910788,-1.411321718,-9.515662031,13.5769111,4
-6.119989278,7.059796358,32.20186274,-1.656902764,-9.472803112,10.93764083,4
-6.121521321,7.095614953,31.66106853,-1.832095958,-9.50381235,8.727988141,1
-5.682302053,7.412945437,29.28041949,-2.035708769,-9.527658964,6.737195558,1
-5.383983929,7.650540707,25.54427959,-2.120773661,-9.524078229,5.032474059,1
-5.192142351,7.724978336,22.03945703,-2.122831841,-9.549644964,2.990708787,1
-5.051758585,7.84896927,18.45684251,-2.103635299,-9.540502227,1.2999246,1
-4.899315727,7.935194165,15.33247866,-2.120837783,-9.575287276,-0.524168125,1
-4.771449549,8.00770009,12.55308495,-2.052047734,-9.558551963,-2.237948804,1
-4.67232729,8.078369219,10.23229965,-2.024054498,-9.554986307,-3.515806611,1
-4.554640766,8.165558217,8.129662367,-1.99367518,-9.55788769,-4.26939618,1
-4.473296666,8.221196012,6.31888761,-1.914693055,-9.575096324,-4.989321794,1
-4.440191281,8.255364154,4.832631271,-1.859323888,-9.594691736,-5.882914437,1
-4.38936745,8.273045473,3.641321855,-1.875519895,-9.57630343,-6.818168255,1
-4.368350788,8.307734811,2.256867219,-1.826909621,-9.597612788,-7.517196156,1
-4.375668341,8.310238208,0.74647951,-1.739300566,-9.616287838,-8.002331307,1
-4.414229546,8.30431738,-0.693391167,-1.636742118,-9.630006124,-8.767813112,1
-4.442252822,8.301821537,-2.043493906,-1.55465537,-9.655456966,-9.608628616,2
-4.447876495,8.326064446,-3.513818882,-1.489057695,-9.67761419,-10.22681711,2
-4.476436983,8.317788348,-5.447709827,-1.409805363,-9.684144489,-10.53057759,2
-4.549743942,8.304751394,-7.610840755,-1.303369145,-9.703654673,-10.47928588,2
-4.631527476,8.244476532,-9.69821125,-1.173389293,-9.718699277,-10.52074043,2
-4.760593532,8.182514405,-11.60547845,-1.070576371,-9.729257283,-10.49840136,2
-4.882659702,8.139939712,-13.36622287,-0.998617237,-9.752455018,-10.31956435,2
-4.997869963,8.03732019,-15.09578199,-0.862057615,-9.750216055,-9.752522544,2
-5.120621252,7.918156623,-16.69585162,-0.765329285,-9.764567406,-9.326208948,2
-5.235147113,7.764275843,-18.13462894,-0.630007091,-9.763254473,-8.772678067,3
-5.394122407,7.623998412,-19.48072927,-0.565610129,-9.780575846,-7.425189673,3
-5.515236249,7.505946915,-20.48040936,-0.621842438,-9.769881518,-4.555606275,3
-5.689411225,7.484506327,-21.7194865,-0.55774322,-9.802124884,0.111493253,3
-5.812031578,7.459941307,-22.62556823,-0.509975183,-9.847466641,5.284374914,4
-5.885986112,7.25717664,-21.58418643,-0.53257603,-9.896636915,9.514003165,4
-6.132586744,7.056000295,-19.96935629,-0.643643903,-9.933331586,13.76579151,4
-6.188243697,6.831914821,-17.22087513,-0.737660826,-9.945971002,17.6925903,4
-6.362247385,6.577760772,-13.71057156,-0.839585382,-9.926067486,20.57149306,4
-6.362191814,6.433131159,-8.711196196,-0.971582199,-9.886806664,22.41807141,4
-6.362217797,6.346861503,-1.084884264,-1.099739584,-9.820408173,22.76160205,4
-6.340186129,6.36791517,8.372981069,-1.167491973,-9.703543316,21.26383235,4
-6.312730424,6.454701268,18.51448122,-1.261852028,-9.590779716,18.08288493,4
-6.204138028,6.707296984,26.22944314,-1.475780025,-9.476940382,14.4210935,4
-6.17330363,6.799343537,29.20026501,-1.746468598,-9.422651815,11.87041129,4
-5.977381355,6.856950743,28.75455284,-1.935860299,-9.39746075,9.544897056,1
-5.536323379,7.253804925,25.94771212,-2.094217111,-9.489956808,6.807519597,1
-5.221010749,7.483757631,22.74444997,-2.324954598,-9.506600106,5.065437156,1
-5.018268999,7.62922032,19.48896321,-2.330943659,-9.498856916,3.163583585,1
-4.832857202,7.748222679,16.23531583,-2.373718399,-9.493566246,1.446643367,1
-4.729113559,7.844669601,13.25856286,-2.309273748,-9.507246786,-0.053215349,1
-4.636566426,7.926186503,10.72147806,-2.253934696,-9.529233142,-2.001306219,1
-4.491826117,8.004266784,8.510997308,-2.21170667,-9.51269044,-3.430171012,1
-4.423456245,8.098696183,6.416612558,-2.194050015,-9.540713165,-4.603588096,1
-4.327427801,8.171312649,4.253938369,-2.169827192,-9.559819295,-5.421959124,1
-4.257447017,8.234291496,2.072124151,-2.105095801,-9.573005361,-5.760380873,1
-4.275491999,8.24570698,0.495781242,-1.957757708,-9.600686401,-6.417509842,1
-4.284178871,8.262068615,-0.451924186,-1.850718821,-9.61386168,-7.080037398,1
-4.262372671,8.290302457,-1.187428313,-1.788915313,-9.616593035,-7.583202593,1
-4.237076162,8.328388596,-1.981343006,-1.773376918,-9.617509907,-7.81817129,1
-4.239301396,8.325962278,-3.040965279,-1.689408938,-9.629979587,-7.789489859,1
-4.279882267,8.330864058,-4.039549012,-1.566328086,-9.632363026,-8.220141357,1
-4.307845314,8.330770537,-5.16683588,-1.476121975,-9.640904129,-8.61083472,2
-4.339911005,8.325695185,-6.417923708,-1.395997216,-9.65722835,-9.122620402,2
-4.390464256,8.328899756,-7.767864556,-1.303709128,-9.683868488,-9.322434989,2
-4.449260846,8.289498376,-9.306583523,-1.202465619,-9.681028937,-9.221151697,2
-4.539846399,8.249077122,-10.83304233,-1.111242679,-9.707600347,-8.954602311,2
-4.633964743,8.194920848,-12.4543341,-1.022919219,-9.718413323,-8.556891494,2
-4.757728329,8.097918302,-13.95169493,-0.930136335,-9.713948249,-7.978940578,2
-4.880136908,7.976368271,-15.41763314,-0.81268712,-9.706734356,-7.488783918,3
-5.013904369,7.848703128,-16.7171038,-0.742709763,-9.713551026,-7.384192725,3
-5.147146317,7.739637102,-17.72037701,-0.63473503,-9.71228615,-7.130942072,3
-5.263140672,7.589818871,-18.47206844,-0.555845861,-9.720300099,-6.203261917,3
-5.419124425,7.505946469,-20.01524712,-0.593541547,-9.744314793,-3.425152036,3
-5.625119771,7.553869174,-21.0476798,-0.624418656,-9.774637592,1.605947645,4
-5.736026771,7.400635894,-21.42132071,-0.64198478,-9.773058729,6.28516321,4
-5.878603452,7.092621504,-19.73911107,-0.659186638,-9.853571594,10.30261118,4
-6.039253422,6.839341765,-19.01727659,-0.655316904,-9.911618824,13.37503996,4
-6.209785771,6.604733808,-16.1479922,-0.763615563,-9.909772837,16.07111041,4
-6.227371775,6.406832276,-11.31676273,-0.79433122,-9.865104156,18.09693689,4
-6.254645996,6.310038795,-4.56439555,-0.939328048,-9.82045995,19.74599788,4
-6.255360823,6.286416277,3.936351561,-1.066545799,-9.757445672,19.97887947,4
-6.264757973,6.337046207,13.07575751,-1.188598595,-9.659799569,18.45316364,4
-6.241199784,6.441740999,21.86353569,-1.292885277,-9.553702746,15.83071172,4
-6.207952511,6.640079552,29.61030301,-1.427402181,-9.454513268,12.34236824,4
-6.142421951,6.825739248,32.84977491,-1.665311741,-9.409634298,10.00649257,4
-5.997921786,6.955277742,32.7828758,-1.937143982,-9.360195255,7.476985193,4
-5.831420875,7.042012853,29.38545222,-2.021455717,-9.417863923,5.102721885,1
-5.521991641,7.252631198,26.32395402,-2.206817264,-9.433589358,3.562525961,1
-5.316021393,7.379083039,22.98294813,-2.208651247,-9.446576404,1.97011466,1
-5.153855805,7.539232041,19.59967873,-2.256893773,-9.466667436,0.792313534,1
-5.080573806,7.619513476,16.11331907,-2.198184422,-9.48771061,-0.734981042,1
-4.949246151,7.703686797,13.46339344,-2.193955858,-9.47714452,-2.228904192,1
-4.837067803,7.802253828,11.35057076,-2.192496551,-9.484957856,-3.49890685,1
-4.749416646,7.867359855,9.855119025,-2.212876466,-9.493821236,-4.52877144,1
-4.681110788,7.948958251,8.124731536,-2.169658498,-9.501873764,-5.182140107,1
-4.646010402,8.001317823,6.33215919,-2.096988591,-9.505816971,-5.935029488,1
-4.644681444,8.025718649,4.838581646,-2.008864309,-9.530312439,-6.857452997,1
-4.631203016,8.068872241,3.518238145,-1.953910845,-9.556720281,-7.581242093,2
-4.615484639,8.113035231,2.044939222,-1.907834746,-9.572680002,-8.009556817,2
-4.633678692,8.121745673,0.525003757,-1.823841861,-9.60170714,-8.391608369,2
-4.679680522,8.124121746,-1.366854271,-1.719910044,-9.59392905,-8.515335247,2
-4.71543937,8.11628935,-3.143988449,-1.620172726,-9.6379394,-8.905188356,2
-4.754169833,8.083559658,-4.984734428,-1.530591726,-9.635206382,-9.078428835,2
-4.827788182,8.010407612,-6.748356836,-1.401250115,-9.706924544,-9.434105732,2
-4.943998912,7.964074028,-8.438386622,-1.324596973,-9.742019691,-9.71099558,2
-5.069166324,7.931278347,-10.40333509,-1.224721347,-9.770309695,-9.373315591,2
-5.188055286,7.844659573,-12.21999231,-1.133997873,-9.767375935,-9.246864724,2
-5.314245778,7.742169637,-13.75545821,-1.028216023,-9.784273111,-8.993542474,3
-5.444144989,7.596161276,-14.98085251,-0.918332001,-9.766401749,-8.915161572,3
-5.544310624,7.453345831,-15.84980364,-0.837112292,-9.761929879,-8.557271414,3
-5.663284341,7.39628373,-16.8991109,-0.819476641,-9.774505441,-6.331724041,3
-5.818390483,7.447371187,-18.02216161,-0.839385374,-9.79273099,-1.533593979,3
-5.922170291,7.332557617,-19.00653194,-0.807962892,-9.878042136,3.676850963,3
-6.16353154,7.114081792,-17.76416046,-0.903751765,-9.916882639,8.521748844,4
-6.261519586,6.837271004,-17.93384295,-0.925266035,-9.962780623,12.85005801,4
-6.266307216,6.561179904,-14.83707138,-0.963928464,-9.933911168,16.00648019,4
-6.326273764,6.335718774,-9.750945139,-1.000697299,-9.901777443,17.87905876,4
-6.358643618,6.233813047,-2.060914862,-1.101941633,-9.855992634,18.80718057,4
-6.375111344,6.236975294,6.839115708,-1.161601162,-9.806953707,17.97316518,4
-6.376478427,6.336416745,17.09885498,-1.21379154,-9.745130486,15.58064531,4
-6.370742244,6.589231396,26.20784485,-1.354470947,-9.671121475,12.88791293,4
-6.394605605,6.77485026,30.06520184,-1.571331735,-9.56966515,10.92679866,1
-6.254106532,6.850106949,30.23770457,-1.826447143,-9.552594434,9.016371767,1
-6.019489,7.079687876,26.55398036,-1.898793386,-9.60927168,7.154822409,1
-5.722053922,7.243195947,23.38177978,-2.076943193,-9.573099928,5.223236102,1
-5.414679076,7.428168698,20.23728874,-2.179976659,-9.559234789,3.846557555,1
-5.248272677,7.549505152,17.23294548,-2.175998262,-9.591553291,2.677722396,1
-5.18372957,7.637301072,14.23942308,-2.082418376,-9.590125605,1.116093404,1
-5.052778244,7.723433796,11.87838889,-2.086817771,-9.592843552,-0.449168574,1
-4.951317246,7.801854642,9.817595954,-2.038089969,-9.590708375,-1.892160554,1
-4.874854738,7.888497063,8.149752723,-2.026748564,-9.594401553,-3.456777876,1
-4.803915811,7.939960862,6.874608509,-1.96712363,-9.61531201,-4.850986749,1
-4.756144132,7.989087325,5.54042376,-1.919018279,-9.636419835,-5.639343344,1
-4.698934852,8.04062686,4.161473073,-1.869368613,-9.641267627,-6.416607775,1
-4.605936455,8.102605674,2.785871087,-1.835654956,-9.644552829,-6.957997948,1
-4.55912981,8.143948987,1.456116449,-1.786756414,-9.670303599,-7.283837315,1
-4.558079539,8.163428359,0.065909588,-1.695916281,-9.687129816,-7.663465693,2
-4.562864928,8.177508923,-1.454822905,-1.643177891,-9.690780456,-7.920031018,2
-4.587602194,8.183892329,-2.966453049,-1.53565461,-9.700895943,-8.367515717,2
-4.627329382,8.166635145,-4.293243037,-1.417050332,-9.732954382,-9.275618795,2
-4.633061855,8.151202903,-5.356329651,-1.320507957,-9.733933397,-10.02873644,2
-4.653229008,8.152362614,-7.015790096,-1.271089489,-9.760567638,-10.21078565,2
-4.726794445,8.147913349,-9.102661144,-1.189427375,-9.768399839,-10.03726257,2
-4.821679109,8.081638557,-11.06111877,-1.078322236,-9.768707869,-9.745396466,2
-4.950055938,7.993414013,-12.75746549,-0.930494458,-9.793935446,-9.554985154,2
-5.071243945,7.90875104,-14.27284081,-0.842248023,-9.804193502,-8.625455182,3
-5.200051422,7.803647207,-15.72780519,-0.760370288,-9.800222809,-7.582097898,3
-5.336138182,7.685200582,-17.41090383,-0.705801157,-9.826905763,-6.330499334,3
-5.601546102,7.762681374,-18.65759359,-0.818996388,-9.828626542,-2.933158158,3
-5.738303956,7.884061811,-20.73556643,-1.021073408,-9.873411975,3.716959332,4
-5.843322982,7.746896888,-21.30784445,-0.934333849,-9.949106023,9.045520552,4
-6.036898804,7.423353727,-19.76564291,-1.096480439,-9.969992872,13.33128601,4
-6.06262302,7.142852596,-16.84962358,-1.139349539,-9.969879965,16.27607418,4
-6.107169717,6.894252102,-11.56144294,-1.184571475,-9.928156449,17.89069567,4
-6.098079738,6.778896786,-3.962654674,-1.294887622,-9.866781604,18.53046745,4
-6.153723089,6.714540011,4.7671375,-1.366691355,-9.786411323,17.5912843,4
-6.116428882,6.777122726,14.2940269,-1.451667768,-9.725224071,15.50029137,4
-6.098163105,6.931570572,23.78033128,-1.573820928,-9.668332109,12.35582142,4
-6.051003113,7.184606356,30.02047288,-1.843504231,-9.580774164,10.03049411,4
-6.050791543,7.283299225,31.82458456,-2.071781535,-9.55082215,7.696119459,1
-5.92535019,7.372683137,29.09255007,-2.155277302,-9.549552271,5.614056813,1
-5.610818938,7.560526488,26.18671499,-2.397470894,-9.543610955,3.955137531,1
-5.393688061,7.673479708,22.98478074,-2.351041856,-9.543979599,2.072918322,1
-5.19443425,7.79076964,19.85073813,-2.387052582,-9.534893956,0.320690007,1
-5.04228877,7.887018474,16.71857566,-2.323298546,-9.544013419,-1.127222785,1
-4.931223096,7.982222837,13.97808466,-2.292375703,-9.557293278,-2.593125837,1
-4.804319129,8.067332186,11.6901924,-2.2269919,-9.560590022,-3.856304131,1
-4.714903234,8.117986212,9.764834769,-2.162123915,-9.57746685,-4.936909769,1
-4.628425045,8.183735406,8.003072258,-2.115429696,-9.578281167,-5.612880762,1
-4.557552786,8.237488365,6.289946013,-2.04878427,-9.589407989,-5.881751599,1
-4.495892846,8.299354283,4.759380292,-1.95881037,-9.607993716,-6.34719784,1
-4.477137415,8.327732569,3.363230153,-1.983025536,-9.575879914,-6.943770837,1
-4.435520738,8.35551029,2.147878878,-1.914400842,-9.58482498,-7.180136071,1
-4.430905431,8.351084428,1.130364619,-1.799585338,-9.605735422,-7.416510809,1
-4.431812329,8.368379177,-0.060317211,-1.725679454,-9.620764205,-7.485008017,1
-4.460639299,8.355633617,-1.22215782,-1.65557198,-9.635983595,-7.628518632,2
-4.481354612,8.349173383,-2.345610668,-1.560413019,-9.656291167,-7.919645005,2
-4.535792586,8.336353283,-3.42423426,-1.467396617,-9.680732168,-8.32046453,2
-4.60063701,8.296700456,-4.630820406,-1.363212059,-9.69586627,-8.85562487,2
-4.654713146,8.277554531,-6.004721926,-1.287476628,-9.712197294,-9.351970398,2
-4.698410311,8.288569435,-7.594153831,-1.25470478,-9.741337753,-9.715667279,2
-4.783530399,8.25569054,-9.440715198,-1.173485889,-9.74605747,-9.944423974,2
-4.875656551,8.184425346,-11.44372262,-1.060067348,-9.745014376,-10.11507429,2
-5.003870483,8.103147798,-13.45888035,-0.95792964,-9.782461764,-10.23090448,2
-5.128491265,8.02856461,-15.40145416,-0.86018137,-9.782945412,-9.445123977,3
-5.232450979,7.905450765,-17.16888118,-0.726711345,-9.775915691,-7.988291444,3
-5.409838885,7.73868041,-18.69607159,-0.628896717,-9.800751945,-5.925453497,3
-5.554011821,7.673952914,-20.38708939,-0.637130695,-9.795056905,-2.61706737,3
-5.701969725,7.5961376,-22.27100516,-0.627604696,-9.823790778,1.932765895,3
-5.81145854,7.362527963,-22.67179415,-0.60451448,-9.853147917,5.961378523,3
-6.083720206,7.071958318,-22.42312486,-0.694921928,-9.885503767,9.40385978,4
-6.197815377,6.831090787,-21.12819219,-0.79534247,-9.88138323,12.80500874,4
-6.283751434,6.595071596,-18.30128574,-0.872624795,-9.878544127,15.64796249,4
-6.255917178,6.420322691,-13.09393284,-1.066612143,-9.815956885,18.00184441,4
-6.276890608,6.301218459,-6.230831538,-1.179386206,-9.783552977,19.26122214,4
-6.281768628,6.273182262,1.958691459,-1.268139849,-9.728397034,19.2534701,4
-6.274326887,6.310333511,11.44589839,-1.385173402,-9.638487337,17.58176305,4
-6.234324663,6.465243759,21.48618319,-1.49404203,-9.556067798,14.56900811,4
-6.205110056,6.766097081,27.23791369,-1.760268347,-9.476987771,12.32062702,4
-6.251836882,6.86974688,30.17586248,-2.026152326,-9.383961801,10.35919252,4
-6.068415359,7.035310484,27.59388332,-2.141844839,-9.45668359,7.514163445,1
-5.609974061,7.331159822,24.49703187,-2.488256411,-9.401765419,5.923764283,1
-5.35774894,7.496611041,20.95260444,-2.404976165,-9.409888009,3.993348836,1
-5.187021496,7.661890027,17.22517842,-2.496629158,-9.400102001,1.994399676,1
-5.032552912,7.768477867,14.05136093,-2.388409765,-9.431090272,0.436031294,1
-4.950489879,7.850278993,11.19791772,-2.311707889,-9.44525319,-1.246881758,1
-4.842672926,7.918571218,8.850123806,-2.250365145,-9.44711535,-2.607640258,1
-4.752240827,7.987794936,6.940786649,-2.142747187,-9.484239334,-3.690066258,1
-4.653901519,8.047290173,5.353940741,-2.112589979,-9.49049966,-4.391084251,1
-4.590099496,8.103223767,3.901697551,-2.042856108,-9.516615838,-4.67095379,1
-4.572225082,8.125042776,2.533073926,-1.921937783,-9.529107498,-4.845679216,1
-4.541018223,8.151052687,1.425413461,-1.886282442,-9.525354521,-4.834188997,1
-4.524702543,8.164614042,0.243834928,-1.803614765,-9.54842214,-4.697283675,1
-4.539454539,8.17222664,-0.952211709,-1.743085393,-9.553777221,-4.695951329,1
-4.55402548,8.160560989,-2.023203715,-1.649710824,-9.569382993,-4.860108614,2
-4.583468852,8.151369418,-3.081094092,-1.569585464,-9.581244997,-4.963908038,2
-4.6055398,8.14207483,-4.185347044,-1.504496566,-9.597244718,-4.805146421,2
-4.652438354,8.120993495,-5.331950763,-1.428915275,-9.620386097,-4.730729946,2
-4.687554757,8.08180058,-6.45258293,-1.378128386,-9.612638909,-4.669105581,2
-4.761769085,8.038690577,-7.665660162,-1.300486604,-9.629712206,-4.61447345,2
-4.850713751,8.00703814,-8.929401114,-1.252761291,-9.636945099,-4.575815733,2
-4.951637214,7.967782313,-10.43620928,-1.220379086,-9.66225593,-4.058863993,2
-5.068357843,7.894997719,-12.10370146,-1.135082104,-9.687087963,-3.309830591,2
-5.189715464,7.800453379,-13.34623163,-1.059546868,-9.685909281,-2.416343995,3
-5.31852564,7.653378273,-14.14527299,-0.979031387,-9.682391312,-1.310819375,3
-5.478385481,7.51564456,-14.46860374,-0.901731457,-9.705522767,0.155858071,3
-5.583258244,7.367471759,-14.46739732,-0.852455268,-9.709378802,1.704372522,4
-5.727753359,7.228010389,-14.30185998,-0.82976804,-9.707060639,3.28518927,4
-5.87406406,7.170420995,-14.00057171,-0.887117588,-9.746978973,5.605003868,4
-5.914208372,7.162329491,-13.34686625,-1.038387564,-9.768399462,9.233109257,4
-6.116028742,6.983305022,-11.92459986,-1.077634808,-9.794660289,12.42185737,4
-6.224435425,6.813753578,-10.91679402,-1.145813139,-9.82599188,15.50234577,4
-6.266708703,6.652902552,-7.639588577,-1.23963617,-9.826992794,17.87862229,4
-6.311373606,6.500575191,-3.296229825,-1.329922827,-9.825434584,19.8960474,4
-6.336919898,6.41443495,3.458984825,-1.407239248,-9.782048117,20.78623546,4
-6.316769037,6.396329735,11.69963688,-1.486068692,-9.73400441,20.3930964,4
-6.296838974,6.496307624,19.6859168,-1.620322479,-9.667344334,18.87716952,4
-6.252643351,6.592660176,27.23073607,-1.711543834,-9.565978044,15.79597279,4
-6.650651699,6.702379712,29.98388105,-2.026816179,-9.535430594,12.60841089,4
-6.853002888,6.630145035,27.92501381,-1.970538101,-9.544982737,8.390086055,1
-6.327504741,6.890023331,25.45083126,-2.36543392,-9.740648256,5.167111238,1
-6.161524629,6.933231854,21.82344588,-2.285629627,-9.610271401,3.591430861,1
-5.923270469,7.097779771,19.74898435,-2.412797883,-9.603884148,2.197806701,1
-5.809170783,7.197215429,17.43108942,-2.241608226,-9.629710723,0.41410248,1
-5.632123027,7.314103841,14.87070845,-2.288718287,-9.588934982,-0.718026772,1
-5.54368077,7.395013534,12.82669953,-2.169017221,-9.615501001,-1.588695062,1
-5.421716602,7.493958609,10.84970229,-2.131226568,-9.627555916,-2.074356966,1
-5.385551125,7.543597009,8.772434636,-2.036820566,-9.637812834,-2.404720619,1
-5.350960808,7.594757853,7.286877997,-1.937104159,-9.661118765,-3.341908519,1
-5.321428171,7.631443029,5.908964804,-1.85603776,-9.650096221,-3.748198298,1
-5.289843482,7.678755201,4.55320757,-1.786717831,-9.648987767,-3.943759227,1
-5.259301917,7.708335139,3.384063445,-1.698062425,-9.66852665,-4.530409792,1
-5.237996807,7.735833426,2.309413573,-1.633493875,-9.689365366,-4.688456538,2
-5.230158867,7.773387771,1.019122295,-1.581078504,-9.711341354,-4.045458829,2
-5.251901431,7.753318305,-0.399258838,-1.474246893,-9.711701125,-3.40557993,2
-5.311352463,7.715772809,-1.549960453,-1.382086154,-9.708920024,-3.428738236,2
-5.335290866,7.671085521,-2.612832259,-1.306680665,-9.707800772,-3.680363427,2
-5.388299727,7.638426104,-3.726212676,-1.270632212,-9.724134173,-3.761628104,2
-5.448300947,7.57921241,-4.939960859,-1.178322602,-9.730285659,-4.104332897,2
-5.514917232,7.542480539,-6.272874422,-1.143304786,-9.728710651,-4.413301957,2
-5.562934186,7.488344257,-7.830940732,-1.105111237,-9.744150349,-4.842226759,2
-5.656846938,7.442876266,-9.449993091,-1.04399703,-9.761936117,-5.34405796,2
-5.789926541,7.341058942,-10.91645138,-0.897312859,-9.781291726,-5.792852938,2
-5.919174155,7.240181004,-11.7668899,-0.781532972,-9.804375125,-5.833939999,2
-6.023017108,7.0789234,-12.09853522,-0.711869282,-9.793612153,-5.11785666,2
-6.150416654,6.997605538,-13.32501045,-0.636297531,-9.788304008,-3.729163949,2
-6.266872126,6.908488518,-14.18652815,-0.607263775,-9.772664178,-1.115108386,3
-6.382526315,6.774514823,-14.66015827,-0.536086254,-9.794750541,2.445851651,3
-6.475453366,6.64061245,-13.94612629,-0.540308804,-9.843611912,6.243868226,3
-6.721398369,6.460015004,-14.04599056,-0.606371641,-9.902853113,10.01813551,4
-6.84752024,6.27192495,-12.7292067,-0.687072021,-9.920906,14.04537447,4
-6.897158894,6.069582016,-9.197411662,-0.787769816,-9.92695043,17.58591256,4
-6.882853526,5.890466228,-3.68719911,-0.882145573,-9.897997647,20.05850161,4
-6.856230333,5.820821619,3.872303293,-0.996251912,-9.847315126,21.444256,4
-6.853006699,5.843389449,11.98223517,-1.159667043,-9.764627126,20.91092281,4
-6.878283797,5.971494492,19.63023851,-1.35608747,-9.668851568,19.65682297,4
-6.766228236,6.121342757,26.19371591,-1.52553571,-9.565204936,17.33449731,4
-6.660766532,6.31871842,31.11593566,-1.666806189,-9.479918633,14.60854483,4
-6.536373926,6.503945532,32.73647274,-1.893416044,-9.423565699,12.57266316,1
-6.372226937,6.649290345,32.2170009,-2.083294631,-9.379922182,10.34150032,1
-6.131322127,6.787900373,30.40713232,-2.174769708,-9.348706198,7.449939362,1
-5.912180251,7.045691446,28.34902186,-2.354826051,-9.367998853,5.749479221,1
-5.60801464,7.21195838,25.67090421,-2.440937229,-9.347145287,4.135387556,1
-5.319988473,7.372934118,23.05190753,-2.548875772,-9.334585701,2.769927837,1
-5.127559155,7.517428574,20.24678399,-2.563745443,-9.353940361,1.468529966,1
-4.960205523,7.624224978,17.49861922,-2.548498879,-9.365722116,0.140596516,1
-4.836792281,7.745267153,14.82903694,-2.526763049,-9.384686327,-0.940943804,1
-4.711437915,7.847673774,12.40080753,-2.529745252,-9.405065721,-2.286354058,1
-4.572344554,7.918551634,10.29656556,-2.490213916,-9.403075544,-3.516853704,1
-4.542376897,7.980060938,8.407301253,-2.426602037,-9.430051349,-4.390577803,1
-4.517399774,8.034370344,6.660407435,-2.312342371,-9.451296168,-5.088706238,1
-4.470823763,8.088417304,5.3431483,-2.253374344,-9.477236888,-5.713071397,1
-4.42548751,8.133879725,3.955186032,-2.205415516,-9.496968456,-5.930715922,1
-4.418953511,8.160873039,2.650632014,-2.122935798,-9.52055921,-6.323435629,1
-4.43871974,8.169742363,1.539291671,-2.031017966,-9.53030018,-6.822711277,1
-4.428596499,8.170942058,0.436229221,-1.988027242,-9.541822996,-6.896588049,1
-4.433316722,8.189521368,-0.845855481,-1.922428176,-9.558129102,-6.524084058,2
-4.480049024,8.173378499,-2.179078282,-1.80124484,-9.584284689,-6.127651209,2
-4.534104379,8.160780559,-3.365401375,-1.763783018,-9.574133741,-5.746596977,2
-4.58308178,8.150405649,-4.64088619,-1.685973114,-9.601741319,-5.445981965,2
-4.652017616,8.130730349,-6.008668627,-1.644169651,-9.616016963,-5.104836892,2
-4.740547743,8.070873907,-7.765233296,-1.554195395,-9.620400534,-4.852460305,2
-4.836485417,7.999560928,-8.938051709,-1.482470702,-9.63626709,-4.637376112,2
-4.951662302,7.92353837,-10.06680061,-1.444251999,-9.665830619,-4.342914185,2
-5.085527273,7.872183069,-11.07239271,-1.430811261,-9.682948045,-3.543598788,2
-5.243566175,7.764627915,-12.03685514,-1.401099595,-9.722487804,-2.714862473,3
-5.378534541,7.685039902,-12.94399081,-1.367555,-9.734591695,-2.003161927,3
-5.495051809,7.572912255,-13.76673619,-1.31639849,-9.749414704,-1.85436964,3
-5.635157817,7.393031974,-14.47084901,-1.316892958,-9.761480139,-1.705826949,3
-5.786483703,7.293758295,-15.28359653,-1.324213624,-9.736363834,-0.5864586,3
-5.923982894,7.192842376,-16.15618292,-1.319756928,-9.743667525,1.736567015,3
-6.013094571,7.015572332,-15.57323796,-1.342244579,-9.760549492,4.227238833,3
-6.209568145,6.793573333,-14.79131669,-1.460065016,-9.796128181,6.795169527,4
-6.240339544,6.642141494,-14.10848218,-1.524778016,-9.805074438,9.688648963,4
-6.215877136,6.501425799,-9.631563909,-1.585277931,-9.76636476,12.2243743,4
-6.244211451,6.43642884,-3.369386509,-1.703019006,-9.726044622,14.42663023,4
-6.326035823,6.460458096,4.327873984,-1.794467883,-9.697935652,16.18599678,4
-6.286018391,6.541141328,12.68729473,-1.927504171,-9.639858703,16.72316826,4
-6.236058523,6.616260001,20.97186893,-2.004883682,-9.519394926,15.36272249,4
-6.196989004,6.764034705,28.67883652,-2.112530587,-9.416671748,12.64046771,4
-6.186805526,6.950197392,31.48919927,-2.290248182,-9.319701042,9.928550064,4
-6.175258693,6.939687067,29.16543653,-2.323124631,-9.32911368,6.671476645,1
-5.923172971,7.21409452,26.64874361,-2.550337978,-9.450921081,5.083785841,1
-5.654999662,7.388414158,22.81670928,-2.578439553,-9.382817165,4.137392243,1
-5.450267942,7.515690058,19.81778516,-2.63440531,-9.411189811,2.416160963,1
-5.271880464,7.623534882,16.78561903,-2.606375187,-9.41378885,0.686289606,1
-5.105652308,7.741270726,14.10781844,-2.581416923,-9.42455786,-0.806783575,1
-4.987188081,7.834351372,11.66445519,-2.520596208,-9.429949587,-2.358616958,1
-4.878462711,7.91724146,9.75120397,-2.455162187,-9.448161517,-3.7334236,1
-4.757877306,8.002294874,7.944135281,-2.430228551,-9.437130724,-4.71921126,1
-4.724091937,8.060378486,6.093781752,-2.366469284,-9.453550216,-5.148088307,1
-4.71386067,8.089351332,4.423001887,-2.255267212,-9.490644945,-5.870908753,1
-4.711387699,8.130232642,3.077560296,-2.175854777,-9.530312572,-7.031951725,1
-4.654208608,8.164399722,1.681628464,-2.14533466,-9.535132064,-7.784116657,1
-4.627640121,8.199459834,0.121767755,-2.067234074,-9.558732168,-8.19723658,2
-4.620570818,8.222651227,-1.564527289,-2.006765898,-9.575652014,-8.413090731,2
-4.710213028,8.203338295,-2.951296047,-1.896614311,-9.617890698,-8.808606974,2
-4.710471494,8.195492365,-4.489675897,-1.861828271,-9.643662686,-8.733325446,2
-4.752876645,8.176388863,-6.495138346,-1.73882296,-9.63284137,-8.936133015,2
-4.838347561,8.12774426,-8.894557706,-1.656559032,-9.655847474,-8.984672641,2
-4.952935596,8.053352273,-11.17154083,-1.543098726,-9.695047314,-9.401587753,2
-5.060219344,8.025187664,-13.46568576,-1.499530034,-9.747438204,-8.85904397,2
-5.181171581,7.942976396,-15.10283941,-1.386083321,-9.765789281,-8.284766821,2
-5.330022062,7.77929644,-16.2797533,-1.235053245,-9.768683293,-8.096067975,2
-5.475416658,7.607645966,-16.99112489,-1.108897553,-9.766946526,-8.342350482,3
-5.579313659,7.430180551,-17.6536997,-1.03070261,-9.731030879,-7.99840756,3
-5.752278506,7.24914924,-18.31287455,-0.906472303,-9.749203162,-7.658975363,3
-5.869169276,7.087541575,-18.90678264,-0.812619675,-9.747097972,-6.685990523,3
-6.018976821,6.970591321,-19.35622659,-0.763066007,-9.742402069,-4.642869389,3
-6.13658563,6.851123303,-19.5762376,-0.726246712,-9.744012981,-2.104431656,3
-6.30779551,6.747538521,-20.00097204,-0.756277787,-9.754871366,1.639650033,3
-6.367399084,6.557875463,-19.35397981,-0.7492824,-9.812641874,5.205044807,4
-6.378386808,6.409162866,-16.57155312,-0.844449251,-9.84506294,8.868129894,4
-6.408766739,6.250881823,-11.7157283,-0.886580657,-9.842328289,11.99222613,4
-6.484242306,6.154655208,-4.648800979,-0.92370898,-9.847721173,14.4157286,4
-6.52464277,6.160710808,3.998505603,-1.02404242,-9.818237198,15.74615475,4
-6.491880687,6.264415969,13.5808999,-1.111530898,-9.752016371,15.49388803,4
-6.470681838,6.422159768,22.66659698,-1.221146753,-9.680988255,13.83150709,4
-6.442290136,6.70290478,29.10839072,-1.50015177,-9.662125479,12.5853114,4
-6.390105824,6.796718072,32.00701676,-1.684770744,-9.583622535,11.42223507,4
-6.324095017,6.771649971,29.8581582,-1.80297075,-9.49339623,9.168118939,1
-5.899354727,7.041098343,27.00132322,-2.076050464,-9.635292972,6.718028448,1
-5.689391741,7.229330586,23.3147176,-2.039714096,-9.639434766,5.203799556,1
-5.517102585,7.341712143,19.57556592,-2.03208583,-9.623121422,3.07786459,1
-5.372552657,7.485979128,16.15336098,-2.074054035,-9.62774389,1.506575951,1
-5.239284001,7.586873525,13.35330696,-2.017506281,-9.630272882,-0.337427808,1
-5.132539092,7.673561523,11.14234982,-1.973524754,-9.618452828,-1.922798439,1
-4.99720479,7.771829684,9.210439071,-1.971920288,-9.61714434,-3.074645763,1
-4.895153298,7.860582728,7.357116749,-1.919917588,-9.627455605,-3.638406377,1
-4.833492181,7.919942894,5.712866989,-1.856648465,-9.638342545,-4.319442491,1
-4.761738998,7.982374793,4.297357555,-1.803187772,-9.641662309,-4.898025788,1
-4.727390472,8.027415015,3.03559515,-1.755623616,-9.663860324,-5.528844575,1
-4.701123397,8.066405482,1.647362478,-1.70336246,-9.675728423,-6.014783006,1
-4.690984624,8.083841061,0.148343861,-1.668142567,-9.684329899,-6.285800539,1
-4.692962557,8.090477416,-1.428419394,-1.574347423,-9.70055469,-6.823289174,2
-4.713594355,8.081328275,-2.826036165,-1.510429291,-9.687744065,-7.499135235,2
-4.776683111,8.077217148,-4.336311463,-1.417237843,-9.697277871,-8.112106097,2
-4.783681045,8.08257015,-5.923101838,-1.365730414,-9.726454411,-8.280851828,2
-4.855378092,8.035669105,-7.819347713,-1.243069277,-9.730272626,-8.271221798,2
-4.953737735,7.979273778,-9.576245508,-1.168219315,-9.758158369,-8.533916563,2
-5.051461039,7.930758578,-11.42588808,-1.100190804,-9.774330731,-8.252504402,2
-5.154512586,7.832950823,-13.18093989,-0.958109427,-9.783527049,-8.004811213,2
-5.276028457,7.702386762,-14.82471075,-0.875391149,-9.811141093,-7.243259249,3
-5.418859233,7.568710463,-15.90499303,-0.762519245,-9.788948618,-6.247668723,3
-5.630483255,7.466260626,-17.19160933,-0.694171365,-9.759316232,-4.824163558,3
-5.771514144,7.304312821,-18.14163852,-0.582264485,-9.77751749,-3.29266554,3
-5.911702513,7.145192805,-18.75166184,-0.565633238,-9.757046434,-1.513677369,3
-6.057493987,7.026983175,-19.28024684,-0.603860768,-9.784903688,1.235785911,3
-6.180700538,6.893322419,-18.69209776,-0.598682994,-9.851785915,4.992380107,4
-6.448173266,6.703442636,-17.27946239,-0.736933274,-9.865213992,8.94001498,4
-6.501521304,6.488515417,-16.35914001,-0.802586902,-9.879482443,12.79604526,4
-6.505803456,6.29436131,-12.68688532,-0.915404132,-9.855646366,16.01757536,4
-6.49195942,6.137163555,-6.456761769,-1.035762315,-9.813332499,18.04639049,4
-6.485329525,6.082554487,1.758894452,-1.154207834,-9.761225706,18.96808866,4
-6.486924889,6.160329322,11.35546984,-1.265487609,-9.708146852,18.14743933,4
-6.462775361,6.289700346,21.63956379,-1.332970505,-9.665070297,15.58959483,4
-6.374497808,6.573457607,30.40425747,-1.455837089,-9.548966232,12.62557537,4
-6.372943257,6.785354756,34.48710271,-1.648251117,-9.456475894,10.58766305,4
-6.272432937,6.778016558,33.53626283,-1.823072334,-9.383334161,8.759416649,4
-5.688636915,7.148211693,29.71428136,-2.01542631,-9.510574252,6.809791306,1
-5.447735063,7.338900697,25.77008789,-2.118178288,-9.534292384,5.826030072,1
-5.289152422,7.452565899,22.19294645,-2.067798467,-9.530435657,3.518024276,1
-5.185629579,7.606372136,18.6162337,-2.070733656,-9.524881614,1.496873251,1
-5.019950859,7.712989355,15.68017497,-2.077530436,-9.525534381,-0.509914889,1
-4.912677563,7.798247141,13.04950813,-2.036187732,-9.526924012,-2.142170421,1
-4.818623106,7.882318721,10.58116797,-2.014604649,-9.52557334,-3.490835499,1
-4.749942241,7.937068397,8.552675453,-1.950158924,-9.539118491,-4.922563509,1
-4.642400229,8.012491816,6.545977661,-1.899183298,-9.549209899,-5.60195203,1
-4.657594985,8.037100403,4.872580048,-1.777019341,-9.58389566,-6.733318196,1
-4.642184724,8.067432877,3.375182818,-1.733730756,-9.589357291,-7.492011075,1
-4.649521948,8.092205512,1.809869498,-1.625923516,-9.624702612,-7.909743832,2
-4.653341976,8.105077761,0.265998326,-1.532694793,-9.645199069,-8.109048878,2
-4.698920943,8.096069184,-1.272231126,-1.431662996,-9.656723369,-7.947187868,2
-4.720489741,8.081412203,-2.80816639,-1.383658796,-9.664925492,-7.780466818,2
-4.801444598,8.041367,-4.410005463,-1.289991775,-9.675399328,-8.009049962,2
-4.850318885,8.016632515,-6.195647254,-1.258147288,-9.68713968,-8.066289198,2
-4.901310918,7.972075879,-8.486911452,-1.142879942,-9.707545972,-7.706046346,2
-5.010163114,7.896361923,-10.80781874,-1.053276127,-9.709633627,-7.601218213,2
-5.152689239,7.836955954,-13.02332218,-0.973324769,-9.717742331,-7.386985772,2
-5.329970302,7.689608657,-14.7136141,-0.832332764,-9.760316502,-7.699797405,2
-5.448792005,7.61116377,-15.66006492,-0.794978664,-9.748603054,-7.719552448,2
-5.633060061,7.458876549,-16.50764494,-0.676430872,-9.727130807,-7.494635722,3
-5.784990136,7.307463255,-17.38200036,-0.58672176,-9.748362705,-6.596921776,3
-5.915806111,7.182196275,-18.25655271,-0.527325069,-9.747870957,-4.655463526,3
-6.0081779,7.074047366,-18.75925685,-0.50982824,-9.775390338,-1.408897411,3
-6.139505117,6.871544337,-18.63268971,-0.516773467,-9.778204835,2.009263564,3
-6.276388848,6.703735505,-19.51572065,-0.514225926,-9.825571505,5.241644216,3
-6.318085446,6.494010948,-18.20691961,-0.589702555,-9.836653564,8.386269646,4
-6.409128838,6.298096207,-16.55963728,-0.693622058,-9.845845091,11.68230461,4
-6.448262538,6.164971405,-12.64981856,-0.755237037,-9.877974959,15.07369812,4
-6.440814488,6.071999828,-4.883314962,-0.868331236,-9.86288795,17.13366456,4
-6.49534304,6.082579339,5.011088783,-0.965957161,-9.810984085,17.77950886,4
-6.479530188,6.173134101,15.19960207,-1.034859527,-9.731986303,16.82116761,4
-6.453679871,6.340094053,25.01934697,-1.131229925,-9.644882444,14.1996639,4
-6.412288605,6.621973327,31.56575697,-1.440249141,-9.592753439,12.00314415,4
-6.366655757,6.717158781,34.05902577,-1.65986459,-9.570828321,10.51636783,4
-6.224703013,6.761723602,31.36828106,-1.782335922,-9.538951926,8.288444867,1
-5.895826437,7.080995997,27.95963878,-1.987551658,-9.607506367,6.148447859,1
-5.708460862,7.189240038,24.24888915,-1.866570878,-9.58921901,4.083698579,1
-5.548569071,7.33182109,20.49759612,-1.937785688,-9.582098077,2.336160658,1
-5.371107787,7.444388479,17.184243,-1.94793827,-9.57411583,0.888162547,1
-5.249389828,7.554069628,14.18693746,-1.914564939,-9.579668614,-0.482949542,1
-5.139103346,7.647101855,11.6897461,-1.893262254,-9.586418614,-1.787644968,1
-5.088603944,7.716151958,9.502653795,-1.820193939,-9.611355925,-2.873288835,1
-5.037261641,7.785148978,7.677990792,-1.746816819,-9.632019881,-4.048191893,1
-5.005394741,7.845133702,6.365014904,-1.68749127,-9.657495491,-5.233527307,1
-4.923073475,7.930673074,5.006885704,-1.691571357,-9.655203888,-6.394839921,2
-4.860685745,7.978689612,3.435676212,-1.634205856,-9.694445628,-7.113480975,2
-4.853096217,8.000433008,1.762613097,-1.539658556,-9.710635333,-7.649734934,2
-4.846078735,8.029567614,0.305761722,-1.468100909,-9.734577817,-8.164487572,2
-4.892826516,8.006926234,-1.183399134,-1.358882579,-9.737867164,-8.805666798,2
-4.93076354,8.000566791,-2.668990023,-1.272673813,-9.737669038,-9.415533398,2
-4.977609398,7.974903502,-4.072763917,-1.156071047,-9.745277436,-9.954402703,2
-5.021171586,7.943039439,-5.382166049,-1.063893839,-9.753091922,-10.59577676,2
-5.075458603,7.892830561,-6.699701257,-0.962442245,-9.755643541,-11.18844082,2
-5.117404512,7.867790577,-8.149513091,-0.884663612,-9.771122329,-11.27810045,2
-5.213045414,7.817103112,-9.802959358,-0.750456989,-9.796894141,-11.28791377,2
-5.302070014,7.793408233,-11.62244404,-0.69622151,-9.80454355,-10.87886227,2
-5.42107148,7.682174853,-13.03041653,-0.514038531,-9.801173558,-10.72691303,2
-5.546977471,7.564388513,-14.17337396,-0.407156531,-9.802075651,-10.47657454,2
-5.632576722,7.467207973,-15.52802239,-0.340355902,-9.771822449,-9.613705131,3
-5.718604196,7.325383981,-16.83570412,-0.222491597,-9.768790203,-8.22984047,3
-5.953968192,7.067238021,-17.76320732,-0.191717791,-9.7623703,-5.846796282,3
-6.091630392,6.981147452,-18.85483703,-0.168169216,-9.762291516,-2.232593503,3
-6.170451009,6.89208875,-19.57042,-0.192681694,-9.83937475,1.98425158,4
-6.416145383,6.730969825,-18.71502674,-0.244045039,-9.862417642,6.109350055,4
-6.34454248,6.52968185,-19.54054313,-0.275619868,-9.932982248,10.52865462,4
-6.465037909,6.27081038,-15.99246833,-0.351433177,-9.956321674,14.45063438,4
-6.414490073,6.163388428,-8.623762263,-0.460265679,-9.945330444,17.45566535,4
-6.470810391,6.127257501,0.848078281,-0.598720706,-9.887513676,19.16932424,4
-6.454490438,6.175701594,11.91111792,-0.660435131,-9.822394072,18.61720558,4
-6.406421819,6.353483403,23.13605633,-0.796145878,-9.749901524,15.6920111,4
-6.396553982,6.652338376,30.8029575,-1.12097937,-9.700599435,13.41720813,4
-6.424426238,6.746170429,31.91289272,-1.533931473,-9.611875988,13.29073686,4
-6.30521072,6.733355859,27.68499287,-1.560011126,-9.547399698,9.811294134,1
-6.053159631,6.94099993,24.28865694,-1.830983186,-9.508631489,7.569173061,1
-5.841132802,7.113381292,20.6028235,-1.943171283,-9.502626518,5.797868726,1
-5.678136989,7.218347871,16.7427009,-1.888208216,-9.484386822,3.670510285,1
-5.498631067,7.366437826,13.31220559,-1.888962825,-9.489624375,2.042259843,1
-5.395888499,7.463034741,10.71699084,-1.835502611,-9.523279418,0.127121339,1
-5.296483641,7.559188013,8.580811324,-1.825582114,-9.519905873,-1.607702667,1
-5.146033499,7.661551107,6.788348606,-1.846001194,-9.51488149,-2.72840668,1
-5.047463865,7.762081984,4.89899937,-1.803365395,-9.530759386,-3.581439686,1
-5.012906415,7.823802274,3.397398605,-1.739812744,-9.557839556,-4.706762235,1
-4.918873288,7.890700794,2.078494926,-1.750384389,-9.58448161,-5.630671611,1
-4.889803979,7.917393265,0.393952187,-1.650923215,-9.601907276,-6.330517865,2
-4.896841217,7.943828735,-1.088035896,-1.560041657,-9.618042585,-7.29077172,2
-4.887521307,7.959658412,-2.457645808,-1.483961599,-9.636088996,-7.740977508,2
-4.894317476,7.973600212,-3.979983924,-1.42218702,-9.639633412,-7.808715503,2
-4.912361624,7.969722177,-5.41463571,-1.339182879,-9.659859238,-7.88297099,2
-4.963756782,7.925180085,-6.824927734,-1.237812095,-9.668714502,-8.243461484,2
-5.030042984,7.872860603,-8.221883319,-1.152471259,-9.661483937,-8.590416652,2
-5.089753527,7.842963783,-9.977409638,-1.08281818,-9.689249872,-8.493080732,2
-5.17916719,7.815091306,-11.87544056,-1.021518682,-9.693619787,-8.273931799,2
-5.279827689,7.765418759,-13.93352052,-0.956494348,-9.711577855,-7.764073276,2
-5.376818412,7.687961474,-16.44471666,-0.881518972,-9.732419463,-7.313237346,2
-5.511450681,7.537065175,-17.87898228,-0.796850726,-9.73164077,-7.261301512,2
-5.658204744,7.374404513,-18.75644512,-0.654644307,-9.752734924,-7.073669412,2
-5.798288147,7.189366702,-19.38008615,-0.524345952,-9.752036462,-6.778050244,2
-5.954502882,6.981771928,-19.66559903,-0.388346164,-9.770399919,-6.765924373,3
-6.106158798,6.815905362,-19.78053198,-0.368129067,-9.746651306,-6.219636261,3
-6.215987418,6.720926251,-20.34594468,-0.386793461,-9.714239178,-3.728052753,3
-6.334175052,6.6719561,-20.5556618,-0.21407827,-9.825235639,0.413796194,4
-6.588538499,6.573878886,-20.82672798,-0.296080409,-9.900403163,5.639018953,4
-6.60999079,6.388273723,-18.8966298,-0.397371722,-9.92718854,10.56727131,4
-6.577985032,6.175862039,-14.55104436,-0.525814946,-9.941319002,15.25712699,4
-6.654523902,6.026768762,-7.782323773,-0.629061751,-9.917042174,19.15587567,4
-6.64837733,5.963837541,1.394826924,-0.737744813,-9.905023136,21.31068345,4
-6.627900973,6.023154763,12.04229134,-0.841534371,-9.825982048,21.08009598,4
-6.634009058,6.099497102,22.89261795,-0.876451603,-9.743202132,18.17436441,4
-6.607999427,6.331495851,32.38784588,-0.991552132,-9.614763288,14.20213689,4
-6.588671051,6.522359808,35.1827376,-1.276464111,-9.558360266,11.20874072,4
-6.368122651,6.577424639,32.70394345,-1.40355505,-9.644901397,7.947794416,1
